/usr/local/python3.12.13/lib/python3.12/site-packages/transformers/loss/loss_for_object_detection.py:27: UserWarning: A NumPy version >=1.22.4 and <2.3.0 is required for this version of SciPy (detected version 2.4.6)
  from scipy.optimize import linear_sum_assignment
/usr/local/python3.12.13/lib/python3.12/site-packages/transformers/loss/loss_for_object_detection.py:27: UserWarning: A NumPy version >=1.22.4 and <2.3.0 is required for this version of SciPy (detected version 2.4.6)
  from scipy.optimize import linear_sum_assignment
/usr/local/python3.12.13/lib/python3.12/site-packages/transformers/loss/loss_for_object_detection.py:27: UserWarning: A NumPy version >=1.22.4 and <2.3.0 is required for this version of SciPy (detected version 2.4.6)
  from scipy.optimize import linear_sum_assignment
/usr/local/python3.12.13/lib/python3.12/site-packages/transformers/loss/loss_for_object_detection.py:27: UserWarning: A NumPy version >=1.22.4 and <2.3.0 is required for this version of SciPy (detected version 2.4.6)
  from scipy.optimize import linear_sum_assignment
[timeout] aclrtSetOpExecuteTimeOut(0) rc=0
[timeout] aclrtSetOpExecuteTimeOut(0) rc=0
[timeout] aclrtSetOpExecuteTimeOut(0) rc=0
[timeout] aclrtSetOpExecuteTimeOut(0) rc=0
           INFO     get env TERM = xterm                      patch_getenv.py:15
[10:33:16] INFO     get env LOCAL_RANK = 0                    patch_getenv.py:15
[10:33:22] INFO     Started distributed with local_rank=2,    distributed.py:163
                    dp_size=4, sp_size=1                                        
[10:33:22] INFO     Started distributed with local_rank=3,    distributed.py:163
                    dp_size=4, sp_size=1                                        
[10:33:22] INFO     get env WORLD_SIZE = 4                    patch_getenv.py:15
           INFO     get env MASTER_ADDR =                     patch_getenv.py:15
                    localhost.localdomain                                       
           INFO     get env MASTER_PORT = 33673               patch_getenv.py:15
           INFO     get env TORCHELASTIC_USE_AGENT_STORE =    patch_getenv.py:15
                    True                                                        
[10:33:22] INFO     Started distributed with local_rank=1,    distributed.py:163
                    dp_size=4, sp_size=1                                        
           INFO     Started distributed with local_rank=0,    distributed.py:163
                    dp_size=4, sp_size=1                                        
           INFO     get env PATH =                            patch_getenv.py:15
                    /usr/local/Ascend/nnal/atb/latest/atb/cxx                   
                    _abi_1/bin:/usr/local/Ascend/cann-9.0.0/t                   
                    ools/bishengir/bin:/usr/local/Ascend/cann                   
                    -9.0.0/bin:/usr/local/Ascend/cann-9.0.0/t                   
                    ools/ccec_compiler/bin:/usr/local/Ascend/                   
                    cann-9.0.0/tools/profiler/bin:/usr/local/                   
                    Ascend/cann-9.0.0/tools/ascend_system_adv                   
                    isor/asys:/usr/local/Ascend/cann-9.0.0/to                   
                    ols/show_kernel_debug_data:/usr/local/Asc                   
                    end/cann-9.0.0/tools/msobjdump:/home/y500                   
                    63564/node_modules/.bin:/usr/local/Ascend                   
                    /nnal/atb/latest/atb/cxx_abi_1/bin:/usr/l                   
                    ocal/Ascend/nnal/atb/latest/atb/cxx_abi_1                   
                    /bin:/usr/local/Ascend/ascend-toolkit/lat                   
                    est/bin:/usr/local/Ascend/ascend-toolkit/                   
                    latest/compiler/ccec_compiler/bin:/usr/lo                   
                    cal/Ascend/ascend-toolkit/latest/tools/cc                   
                    ec_compiler/bin:/usr/local/python3.12.13/                   
                    bin:/usr/local/sbin:/usr/local/bin:/usr/s                   
                    bin:/usr/bin:/sbin:/bin:/usr/local/go/bin                   
           INFO     Loading vocab mappings from                     train.py:236
                    '/home/y50063564/data/open_perfectblend_qwen3_4             
                    b_50k/d2t.npy' and                                          
                    '/home/y50063564/data/open_perfectblend_qwen3_4             
                    b_50k/t2d.npy'                                              
           INFO     All 5 draft layers using sliding window         train.py:396
                    attention (window=2048). To use full attention              
                    on specific layers, pass                                    
                    '--full-attention-indices <layer_ids>'.                     
[10:33:23] WARNING  Added <|MASK|> to tokenizer,                     utils.py:49
                    mask_token_id=151669 (tokenizer len=151670,                 
                    vocab_size=151936)                                          
2026-09-10 10:33:36.914 | INFO     | speculators.utils.loading:_resolve_file:136 - Loading from local directory: /home/y50063564/Qwen3-4B
2026-09-10 10:33:36.915 | WARNING  | speculators.utils.loading:load_model_layers:104 - Tensor 'lm_head.weight' not found in weight_map.
2026-09-10 10:33:36.915 | INFO     | speculators.utils.loading:_resolve_file:136 - Loading from local directory: /home/y50063564/Qwen3-4B
2026-09-10 10:33:36.917 | INFO     | speculators.utils.loading:_resolve_file:136 - Loading from local directory: /home/y50063564/Qwen3-4B
2026-09-10 10:33:37.341 | INFO     | speculators.utils.loading:_resolve_file:136 - Loading from local directory: /home/y50063564/Qwen3-4B
2026-09-10 10:33:37.341 | WARNING  | speculators.utils.loading:load_model_layers:104 - Tensor 'lm_head.weight' not found in weight_map.
2026-09-10 10:33:37.341 | INFO     | speculators.utils.loading:_resolve_file:136 - Loading from local directory: /home/y50063564/Qwen3-4B
2026-09-10 10:33:37.343 | INFO     | speculators.utils.loading:_resolve_file:136 - Loading from local directory: /home/y50063564/Qwen3-4B
2026-09-10 10:33:37.347 | INFO     | speculators.utils.loading:_resolve_file:136 - Loading from local directory: /home/y50063564/Qwen3-4B
2026-09-10 10:33:37.348 | WARNING  | speculators.utils.loading:load_model_layers:104 - Tensor 'lm_head.weight' not found in weight_map.
2026-09-10 10:33:37.348 | INFO     | speculators.utils.loading:_resolve_file:136 - Loading from local directory: /home/y50063564/Qwen3-4B
2026-09-10 10:33:37.350 | INFO     | speculators.utils.loading:_resolve_file:136 - Loading from local directory: /home/y50063564/Qwen3-4B
2026-09-10 10:33:38.112 | INFO     | speculators.utils.loading:_resolve_file:136 - Loading from local directory: /home/y50063564/Qwen3-4B
2026-09-10 10:33:38.113 | WARNING  | speculators.utils.loading:load_model_layers:104 - Tensor 'lm_head.weight' not found in weight_map.
2026-09-10 10:33:38.113 | INFO     | speculators.utils.loading:_resolve_file:136 - Loading from local directory: /home/y50063564/Qwen3-4B
2026-09-10 10:33:38.114 | INFO     | speculators.utils.loading:_resolve_file:136 - Loading from local directory: /home/y50063564/Qwen3-4B
[10:33:39] INFO     No previous training checkpoint found in      trainer.py:281
                    '/home/y50063564/dataloader_diag/checkpoints'               
                    . Starting fresh training run.                              
[10:33:44] INFO     Muon optimizer: 39 2D params via Muon, 23   optimizers.py:76
                    params via AdamW.                                           
[timeout] aclrtSetOpExecuteTimeOut(0) rc=0
[10:33:45] INFO     Training epoch 1/1 started                    trainer.py:681
[timeout] aclrtSetOpExecuteTimeOut(0) rc=0
[timeout] aclrtSetOpExecuteTimeOut(0) rc=0
[timeout] aclrtSetOpExecuteTimeOut(0) rc=0
/usr/local/python3.12.13/lib/python3.12/site-packages/torch/_dynamo/_trace_wrapped_higher_order_op.py:147: UserWarning: Cannot create tensor with interal format while allow_internel_format=False, tensor will be created with base format. (Triggered internally at ../torch_npu/csrc/aten/common/TensorFactories.cpp:340.)
  return func(*args, **(kwargs or {}))
/usr/local/python3.12.13/lib/python3.12/site-packages/torch/_dynamo/_trace_wrapped_higher_order_op.py:147: UserWarning: Cannot create tensor with interal format while allow_internel_format=False, tensor will be created with base format. (Triggered internally at ../torch_npu/csrc/aten/common/TensorFactories.cpp:340.)
  return func(*args, **(kwargs or {}))
/usr/local/python3.12.13/lib/python3.12/site-packages/torch/_dynamo/_trace_wrapped_higher_order_op.py:147: UserWarning: Cannot create tensor with interal format while allow_internel_format=False, tensor will be created with base format. (Triggered internally at ../torch_npu/csrc/aten/common/TensorFactories.cpp:340.)
  return func(*args, **(kwargs or {}))
/usr/local/python3.12.13/lib/python3.12/site-packages/torch/_dynamo/_trace_wrapped_higher_order_op.py:147: UserWarning: Cannot create tensor with interal format while allow_internel_format=False, tensor will be created with base format. (Triggered internally at ../torch_npu/csrc/aten/common/TensorFactories.cpp:340.)
  return func(*args, **(kwargs or {}))
[10:33:50] INFO     train/confidence_loss=0.398,                  trainer.py:539
                    train/confidence_abs_error=0.297,                           
                    train/confidence_pred_mean=0.297,                           
                    train/confidence_cumprod_bias=0.160,                        
                    train/loss=0.588, train/ce_loss=2.362,                      
                    train/tv_loss=0.214,                                        
                    train/accept_rate=2.68e-04,                                 
                    train/accept_len=1.000,                                     
                    train/full_acc=0.00e+00,                                    
                    train/position_1_acc=0.00e+00,                              
                    train/position_2_acc=0.00e+00,                              
                    train/position_3_acc=0.00e+00,                              
                    train/position_4_acc=0.00e+00,                              
                    train/position_5_acc=0.00e+00,                              
                    train/position_6_acc=0.00e+00,                              
                    train/position_7_acc=0.00e+00,                              
                    profile/fetch_ms=2.64e+03,                                  
                    profile/fwd_ms=2.23e+03,                                    
                    profile/bwd_ms=242.385, profile/opt_ms=0.079,               
                    profile/step_ms=5.12e+03,                                   
                    profile/tokens_per_s=772.076,                               
                    profile/fetch_frac=0.516, epoch=0,                          
                    lr/Muon=0.00e+00, lr/AdamW=0.00e+00,                        
                    global_step=0                                               
[10:34:13] INFO     train/confidence_loss=0.271,                  trainer.py:539
                    train/confidence_abs_error=0.172,                           
                    train/confidence_pred_mean=0.184,                           
                    train/confidence_cumprod_bias=0.121,                        
                    train/loss=0.469, train/ce_loss=1.762,                      
                    train/tv_loss=0.208, train/accept_rate=0.025,               
                    train/accept_len=1.029, train/full_acc=0.075,               
                    train/position_1_acc=0.070,                                 
                    train/position_2_acc=0.076,                                 
                    train/position_3_acc=0.087,                                 
                    train/position_4_acc=0.071,                                 
                    train/position_5_acc=0.080,                                 
                    train/position_6_acc=0.067,                                 
                    train/position_7_acc=0.070,                                 
                    profile/fetch_ms=64.589,                                    
                    profile/fwd_ms=1.83e+03,                                    
                    profile/bwd_ms=91.499,                                      
                    profile/opt_ms=249.292,                                     
                    profile/step_ms=2.24e+03,                                   
                    profile/tokens_per_s=1.59e+03,                              
                    profile/fetch_frac=0.029, epoch=0,                          
                    lr/Muon=0.006, lr/AdamW=5.99e-04,                           
                    global_step=20                                              
[10:34:36] INFO     train/confidence_loss=0.820,                  trainer.py:539
                    train/confidence_abs_error=0.392,                           
                    train/confidence_pred_mean=0.473,                           
                    train/confidence_cumprod_bias=0.485,                        
                    train/loss=0.625, train/ce_loss=1.337,                      
                    train/tv_loss=0.179, train/accept_rate=0.162,               
                    train/accept_len=1.253, train/full_acc=0.190,               
                    train/position_1_acc=0.216,                                 
                    train/position_2_acc=0.186,                                 
                    train/position_3_acc=0.171,                                 
                    train/position_4_acc=0.201,                                 
                    train/position_5_acc=0.198,                                 
                    train/position_6_acc=0.189,                                 
                    train/position_7_acc=0.166,                                 
                    profile/fetch_ms=64.087,                                    
                    profile/fwd_ms=1.22e+03,                                    
                    profile/bwd_ms=90.018, profile/opt_ms=0.031,                
                    profile/step_ms=1.38e+03,                                   
                    profile/tokens_per_s=2.64e+03,                              
                    profile/fetch_frac=0.047, epoch=0,                          
                    lr/Muon=0.006, lr/AdamW=5.94e-04,                           
                    global_step=40                                              
[10:35:01] INFO     train/confidence_loss=0.236,                  trainer.py:539
                    train/confidence_abs_error=0.077,                           
                    train/confidence_pred_mean=0.021,                           
                    train/confidence_cumprod_bias=-0.022,                       
                    train/loss=0.406, train/ce_loss=1.462,                      
                    train/tv_loss=0.185, train/accept_rate=0.134,               
                    train/accept_len=1.191, train/full_acc=0.161,               
                    train/position_1_acc=0.164,                                 
                    train/position_2_acc=0.164,                                 
                    train/position_3_acc=0.177,                                 
                    train/position_4_acc=0.149,                                 
                    train/position_5_acc=0.146,                                 
                    train/position_6_acc=0.169,                                 
                    train/position_7_acc=0.159,                                 
                    profile/fetch_ms=39.068,                                    
                    profile/fwd_ms=96.458, profile/bwd_ms=87.699,               
                    profile/opt_ms=0.044,                                       
                    profile/step_ms=223.269,                                    
                    profile/tokens_per_s=1.81e+04,                              
                    profile/fetch_frac=0.175, epoch=0,                          
                    lr/Muon=0.006, lr/AdamW=5.88e-04,                           
                    global_step=60                                              
[10:35:25] INFO     train/confidence_loss=0.200,                  trainer.py:539
                    train/confidence_abs_error=0.074,                           
                    train/confidence_pred_mean=0.031,                           
                    train/confidence_cumprod_bias=-0.018,                       
                    train/loss=0.389, train/ce_loss=1.431,                      
                    train/tv_loss=0.186, train/accept_rate=0.129,               
                    train/accept_len=1.189, train/full_acc=0.156,               
                    train/position_1_acc=0.162,                                 
                    train/position_2_acc=0.153,                                 
                    train/position_3_acc=0.169,                                 
                    train/position_4_acc=0.156,                                 
                    train/position_5_acc=0.164,                                 
                    train/position_6_acc=0.144,                                 
                    train/position_7_acc=0.145,                                 
                    profile/fetch_ms=47.834,                                    
                    profile/fwd_ms=233.290,                                     
                    profile/bwd_ms=85.212,                                      
                    profile/opt_ms=247.689,                                     
                    profile/step_ms=614.025,                                    
                    profile/tokens_per_s=6.43e+03,                              
                    profile/fetch_frac=0.078, epoch=0,                          
                    lr/Muon=0.006, lr/AdamW=5.82e-04,                           
                    global_step=80                                              
[10:35:49] INFO     train/confidence_loss=0.254,                  trainer.py:539
                    train/confidence_abs_error=0.148,                           
                    train/confidence_pred_mean=0.188,                           
                    train/confidence_cumprod_bias=0.047,                        
                    train/loss=0.381, train/ce_loss=1.225,                      
                    train/tv_loss=0.173, train/accept_rate=0.189,               
                    train/accept_len=1.325, train/full_acc=0.222,               
                    train/position_1_acc=0.255,                                 
                    train/position_2_acc=0.217,                                 
                    train/position_3_acc=0.235,                                 
                    train/position_4_acc=0.212,                                 
                    train/position_5_acc=0.208,                                 
                    train/position_6_acc=0.220,                                 
                    train/position_7_acc=0.209,                                 
                    profile/fetch_ms=64.670,                                    
                    profile/fwd_ms=2.18e+03,                                    
                    profile/bwd_ms=83.202, profile/opt_ms=0.031,                
                    profile/step_ms=2.33e+03,                                   
                    profile/tokens_per_s=1.69e+03,                              
                    profile/fetch_frac=0.028, epoch=0,                          
                    lr/Muon=0.006, lr/AdamW=5.76e-04,                           
                    global_step=100                                             
[10:36:15] INFO     train/confidence_loss=0.227,                  trainer.py:539
                    train/confidence_abs_error=0.092,                           
                    train/confidence_pred_mean=0.070,                           
                    train/confidence_cumprod_bias=-0.018,                       
                    train/loss=0.370, train/ce_loss=1.219,                      
                    train/tv_loss=0.175, train/accept_rate=0.175,               
                    train/accept_len=1.307, train/full_acc=0.214,               
                    train/position_1_acc=0.223,                                 
                    train/position_2_acc=0.225,                                 
                    train/position_3_acc=0.224,                                 
                    train/position_4_acc=0.211,                                 
                    train/position_5_acc=0.219,                                 
                    train/position_6_acc=0.216,                                 
                    train/position_7_acc=0.182,                                 
                    profile/fetch_ms=2.821,                                     
                    profile/fwd_ms=2.06e+03,                                    
                    profile/bwd_ms=115.075, profile/opt_ms=0.069,               
                    profile/step_ms=2.18e+03,                                   
                    profile/tokens_per_s=1.84e+03,                              
                    profile/fetch_frac=0.001, epoch=0,                          
                    lr/Muon=0.006, lr/AdamW=5.70e-04,                           
                    global_step=120                                             
[10:36:39] INFO     train/confidence_loss=0.248,                  trainer.py:539
                    train/confidence_abs_error=0.108,                           
                    train/confidence_pred_mean=0.101,                           
                    train/confidence_cumprod_bias=-0.033,                       
                    train/loss=0.359, train/ce_loss=1.125,                      
                    train/tv_loss=0.163, train/accept_rate=0.216,               
                    train/accept_len=1.545, train/full_acc=0.258,               
                    train/position_1_acc=0.359,                                 
                    train/position_2_acc=0.310,                                 
                    train/position_3_acc=0.260,                                 
                    train/position_4_acc=0.237,                                 
                    train/position_5_acc=0.217,                                 
                    train/position_6_acc=0.208,                                 
                    train/position_7_acc=0.214,                                 
                    profile/fetch_ms=62.515,                                    
                    profile/fwd_ms=1.85e+03,                                    
                    profile/bwd_ms=86.505,                                      
                    profile/opt_ms=237.588,                                     
                    profile/step_ms=2.23e+03,                                   
                    profile/tokens_per_s=1.72e+03,                              
                    profile/fetch_frac=0.028, epoch=0,                          
                    lr/Muon=0.006, lr/AdamW=5.64e-04,                           
                    global_step=140                                             
[10:37:03] INFO     train/confidence_loss=0.273,                  trainer.py:539
                    train/confidence_abs_error=0.154,                           
                    train/confidence_pred_mean=0.197,                           
                    train/confidence_cumprod_bias=0.023,                        
                    train/loss=0.356, train/ce_loss=1.050,                      
                    train/tv_loss=0.157, train/accept_rate=0.241,               
                    train/accept_len=1.571, train/full_acc=0.266,               
                    train/position_1_acc=0.375,                                 
                    train/position_2_acc=0.311,                                 
                    train/position_3_acc=0.252,                                 
                    train/position_4_acc=0.264,                                 
                    train/position_5_acc=0.223,                                 
                    train/position_6_acc=0.237,                                 
                    train/position_7_acc=0.200,                                 
                    profile/fetch_ms=67.384,                                    
                    profile/fwd_ms=1.93e+03,                                    
                    profile/bwd_ms=83.784, profile/opt_ms=0.056,                
                    profile/step_ms=2.08e+03,                                   
                    profile/tokens_per_s=1.85e+03,                              
                    profile/fetch_frac=0.032, epoch=0,                          
                    lr/Muon=0.006, lr/AdamW=5.59e-04,                           
                    global_step=160                                             
[10:37:26] INFO     train/confidence_loss=0.283,                  trainer.py:539
                    train/confidence_abs_error=0.128,                           
                    train/confidence_pred_mean=0.122,                           
                    train/confidence_cumprod_bias=-0.036,                       
                    train/loss=0.341, train/ce_loss=0.938,                      
                    train/tv_loss=0.147, train/accept_rate=0.275,               
                    train/accept_len=1.815, train/full_acc=0.303,               
                    train/position_1_acc=0.515,                                 
                    train/position_2_acc=0.357,                                 
                    train/position_3_acc=0.281,                                 
                    train/position_4_acc=0.235,                                 
                    train/position_5_acc=0.236,                                 
                    train/position_6_acc=0.239,                                 
                    train/position_7_acc=0.253,                                 
                    profile/fetch_ms=29.478,                                    
                    profile/fwd_ms=1.94e+03,                                    
                    profile/bwd_ms=84.326, profile/opt_ms=0.034,                
                    profile/step_ms=2.05e+03,                                   
                    profile/tokens_per_s=1.89e+03,                              
                    profile/fetch_frac=0.014, epoch=0,                          
                    lr/Muon=0.006, lr/AdamW=5.53e-04,                           
                    global_step=180                                             
[10:37:51] INFO     train/confidence_loss=0.256,                  trainer.py:539
                    train/confidence_abs_error=0.110,                           
                    train/confidence_pred_mean=0.104,                           
                    train/confidence_cumprod_bias=-0.047,                       
                    train/loss=0.331, train/ce_loss=0.956,                      
                    train/tv_loss=0.148, train/accept_rate=0.261,               
                    train/accept_len=1.858, train/full_acc=0.305,               
                    train/position_1_acc=0.510,                                 
                    train/position_2_acc=0.370,                                 
                    train/position_3_acc=0.287,                                 
                    train/position_4_acc=0.264,                                 
                    train/position_5_acc=0.232,                                 
                    train/position_6_acc=0.236,                                 
                    train/position_7_acc=0.235,                                 
                    profile/fetch_ms=88.868,                                    
                    profile/fwd_ms=2.35e+03,                                    
                    profile/bwd_ms=86.388,                                      
                    profile/opt_ms=248.222,                                     
                    profile/step_ms=2.77e+03,                                   
                    profile/tokens_per_s=1.42e+03,                              
                    profile/fetch_frac=0.032, epoch=0,                          
                    lr/Muon=0.005, lr/AdamW=5.46e-04,                           
                    global_step=200                                             
[10:38:15] INFO     train/confidence_loss=0.247,                  trainer.py:539
                    train/confidence_abs_error=0.132,                           
                    train/confidence_pred_mean=0.185,                           
                    train/confidence_cumprod_bias=0.031,                        
                    train/loss=0.344, train/ce_loss=1.050,                      
                    train/tv_loss=0.153, train/accept_rate=0.238,               
                    train/accept_len=1.791, train/full_acc=0.271,               
                    train/position_1_acc=0.511,                                 
                    train/position_2_acc=0.291,                                 
                    train/position_3_acc=0.242,                                 
                    train/position_4_acc=0.240,                                 
                    train/position_5_acc=0.231,                                 
                    train/position_6_acc=0.187,                                 
                    train/position_7_acc=0.193,                                 
                    profile/fetch_ms=86.685,                                    
                    profile/fwd_ms=1.69e+03,                                    
                    profile/bwd_ms=84.821, profile/opt_ms=0.050,                
                    profile/step_ms=1.86e+03,                                   
                    profile/tokens_per_s=2.11e+03,                              
                    profile/fetch_frac=0.047, epoch=0,                          
                    lr/Muon=0.005, lr/AdamW=5.41e-04,                           
                    global_step=220                                             
[10:38:39] INFO     train/confidence_loss=0.256,                  trainer.py:539
                    train/confidence_abs_error=0.115,                           
                    train/confidence_pred_mean=0.131,                           
                    train/confidence_cumprod_bias=-0.030,                       
                    train/loss=0.322, train/ce_loss=0.919,                      
                    train/tv_loss=0.140, train/accept_rate=0.293,               
                    train/accept_len=2.012, train/full_acc=0.332,               
                    train/position_1_acc=0.573,                                 
                    train/position_2_acc=0.376,                                 
                    train/position_3_acc=0.322,                                 
                    train/position_4_acc=0.287,                                 
                    train/position_5_acc=0.258,                                 
                    train/position_6_acc=0.259,                                 
                    train/position_7_acc=0.246,                                 
                    profile/fetch_ms=2.724,                                     
                    profile/fwd_ms=2.23e+03,                                    
                    profile/bwd_ms=82.911, profile/opt_ms=0.030,                
                    profile/step_ms=2.32e+03,                                   
                    profile/tokens_per_s=1.67e+03,                              
                    profile/fetch_frac=0.001, epoch=0,                          
                    lr/Muon=0.005, lr/AdamW=5.35e-04,                           
                    global_step=240                                             
[10:39:04] INFO     train/confidence_loss=0.242,                  trainer.py:539
                    train/confidence_abs_error=0.111,                           
                    train/confidence_pred_mean=0.127,                           
                    train/confidence_cumprod_bias=-0.030,                       
                    train/loss=0.316, train/ce_loss=0.906,                      
                    train/tv_loss=0.143, train/accept_rate=0.288,               
                    train/accept_len=1.981, train/full_acc=0.331,               
                    train/position_1_acc=0.548,                                 
                    train/position_2_acc=0.353,                                 
                    train/position_3_acc=0.310,                                 
                    train/position_4_acc=0.314,                                 
                    train/position_5_acc=0.271,                                 
                    train/position_6_acc=0.275,                                 
                    train/position_7_acc=0.242,                                 
                    profile/fetch_ms=64.949,                                    
                    profile/fwd_ms=2.26e+03,                                    
                    profile/bwd_ms=104.704,                                     
                    profile/opt_ms=256.594,                                     
                    profile/step_ms=2.68e+03,                                   
                    profile/tokens_per_s=1.31e+03,                              
                    profile/fetch_frac=0.024, epoch=0,                          
                    lr/Muon=0.005, lr/AdamW=5.29e-04,                           
                    global_step=260                                             
[10:39:27] INFO     train/confidence_loss=0.266,                  trainer.py:539
                    train/confidence_abs_error=0.145,                           
                    train/confidence_pred_mean=0.225,                           
                    train/confidence_cumprod_bias=0.052,                        
                    train/loss=0.330, train/ce_loss=0.944,                      
                    train/tv_loss=0.144, train/accept_rate=0.277,               
                    train/accept_len=1.945, train/full_acc=0.312,               
                    train/position_1_acc=0.555,                                 
                    train/position_2_acc=0.368,                                 
                    train/position_3_acc=0.305,                                 
                    train/position_4_acc=0.254,                                 
                    train/position_5_acc=0.248,                                 
                    train/position_6_acc=0.232,                                 
                    train/position_7_acc=0.219,                                 
                    profile/fetch_ms=65.960,                                    
                    profile/fwd_ms=1.85e+03,                                    
                    profile/bwd_ms=83.045, profile/opt_ms=0.038,                
                    profile/step_ms=2.00e+03,                                   
                    profile/tokens_per_s=1.93e+03,                              
                    profile/fetch_frac=0.033, epoch=0,                          
                    lr/Muon=0.005, lr/AdamW=5.24e-04,                           
                    global_step=280                                             
[10:39:52] INFO     train/confidence_loss=0.233,                  trainer.py:539
                    train/confidence_abs_error=0.113,                           
                    train/confidence_pred_mean=0.154,                           
                    train/confidence_cumprod_bias=-0.030,                       
                    train/loss=0.302, train/ce_loss=0.875,                      
                    train/tv_loss=0.133, train/accept_rate=0.316,               
                    train/accept_len=2.204, train/full_acc=0.349,               
                    train/position_1_acc=0.630,                                 
                    train/position_2_acc=0.426,                                 
                    train/position_3_acc=0.309,                                 
                    train/position_4_acc=0.297,                                 
                    train/position_5_acc=0.277,                                 
                    train/position_6_acc=0.270,                                 
                    train/position_7_acc=0.228,                                 
                    profile/fetch_ms=2.798,                                     
                    profile/fwd_ms=1.93e+03,                                    
                    profile/bwd_ms=83.887, profile/opt_ms=0.028,                
                    profile/step_ms=2.01e+03,                                   
                    profile/tokens_per_s=1.99e+03,                              
                    profile/fetch_frac=0.001, epoch=0,                          
                    lr/Muon=0.005, lr/AdamW=5.17e-04,                           
                    global_step=300                                             
[10:40:17] INFO     train/confidence_loss=0.245,                  trainer.py:539
                    train/confidence_abs_error=0.112,                           
                    train/confidence_pred_mean=0.144,                           
                    train/confidence_cumprod_bias=-0.017,                       
                    train/loss=0.311, train/ce_loss=0.894,                      
                    train/tv_loss=0.141, train/accept_rate=0.289,               
                    train/accept_len=2.035, train/full_acc=0.324,               
                    train/position_1_acc=0.604,                                 
                    train/position_2_acc=0.377,                                 
                    train/position_3_acc=0.307,                                 
                    train/position_4_acc=0.247,                                 
                    train/position_5_acc=0.247,                                 
                    train/position_6_acc=0.253,                                 
                    train/position_7_acc=0.228,                                 
                    profile/fetch_ms=67.544,                                    
                    profile/fwd_ms=2.30e+03,                                    
                    profile/bwd_ms=84.867,                                      
                    profile/opt_ms=301.180,                                     
                    profile/step_ms=2.75e+03,                                   
                    profile/tokens_per_s=1.46e+03,                              
                    profile/fetch_frac=0.025, epoch=0,                          
                    lr/Muon=0.005, lr/AdamW=5.11e-04,                           
                    global_step=320                                             
[10:40:40] INFO     train/confidence_loss=0.226,                  trainer.py:539
                    train/confidence_abs_error=0.126,                           
                    train/confidence_pred_mean=0.200,                           
                    train/confidence_cumprod_bias=0.022,                        
                    train/loss=0.312, train/ce_loss=0.956,                      
                    train/tv_loss=0.142, train/accept_rate=0.284,               
                    train/accept_len=2.050, train/full_acc=0.307,               
                    train/position_1_acc=0.577,                                 
                    train/position_2_acc=0.344,                                 
                    train/position_3_acc=0.295,                                 
                    train/position_4_acc=0.267,                                 
                    train/position_5_acc=0.241,                                 
                    train/position_6_acc=0.219,                                 
                    train/position_7_acc=0.205,                                 
                    profile/fetch_ms=65.710,                                    
                    profile/fwd_ms=1.65e+03,                                    
                    profile/bwd_ms=83.616, profile/opt_ms=0.040,                
                    profile/step_ms=1.80e+03,                                   
                    profile/tokens_per_s=2.08e+03,                              
                    profile/fetch_frac=0.037, epoch=0,                          
                    lr/Muon=0.005, lr/AdamW=5.06e-04,                           
                    global_step=340                                             
[10:41:05] INFO     train/confidence_loss=0.233,                  trainer.py:539
                    train/confidence_abs_error=0.107,                           
                    train/confidence_pred_mean=0.140,                           
                    train/confidence_cumprod_bias=-0.026,                       
                    train/loss=0.306, train/ce_loss=0.881,                      
                    train/tv_loss=0.138, train/accept_rate=0.302,               
                    train/accept_len=2.060, train/full_acc=0.334,               
                    train/position_1_acc=0.594,                                 
                    train/position_2_acc=0.388,                                 
                    train/position_3_acc=0.321,                                 
                    train/position_4_acc=0.286,                                 
                    train/position_5_acc=0.244,                                 
                    train/position_6_acc=0.259,                                 
                    train/position_7_acc=0.240,                                 
                    profile/fetch_ms=24.585,                                    
                    profile/fwd_ms=1.78e+03,                                    
                    profile/bwd_ms=84.375, profile/opt_ms=0.032,                
                    profile/step_ms=1.89e+03,                                   
                    profile/tokens_per_s=2.05e+03,                              
                    profile/fetch_frac=0.013, epoch=0,                          
                    lr/Muon=0.005, lr/AdamW=5.00e-04,                           
                    global_step=360                                             
[10:41:28] INFO     train/confidence_loss=0.258,                  trainer.py:539
                    train/confidence_abs_error=0.126,                           
                    train/confidence_pred_mean=0.170,                           
                    train/confidence_cumprod_bias=-0.035,                       
                    train/loss=0.283, train/ce_loss=0.719,                      
                    train/tv_loss=0.120, train/accept_rate=0.377,               
                    train/accept_len=2.409, train/full_acc=0.417,               
                    train/position_1_acc=0.716,                                 
                    train/position_2_acc=0.472,                                 
                    train/position_3_acc=0.425,                                 
                    train/position_4_acc=0.343,                                 
                    train/position_5_acc=0.326,                                 
                    train/position_6_acc=0.318,                                 
                    train/position_7_acc=0.317,                                 
                    profile/fetch_ms=64.703,                                    
                    profile/fwd_ms=1.83e+03,                                    
                    profile/bwd_ms=101.958,                                     
                    profile/opt_ms=243.719,                                     
                    profile/step_ms=2.24e+03,                                   
                    profile/tokens_per_s=1.82e+03,                              
                    profile/fetch_frac=0.029, epoch=0,                          
                    lr/Muon=0.005, lr/AdamW=4.94e-04,                           
                    global_step=380                                             
[10:41:52] INFO     train/confidence_loss=0.238,                  trainer.py:539
                    train/confidence_abs_error=0.130,                           
                    train/confidence_pred_mean=0.201,                           
                    train/confidence_cumprod_bias=0.018,                        
                    train/loss=0.317, train/ce_loss=0.950,                      
                    train/tv_loss=0.142, train/accept_rate=0.277,               
                    train/accept_len=1.995, train/full_acc=0.308,               
                    train/position_1_acc=0.602,                                 
                    train/position_2_acc=0.354,                                 
                    train/position_3_acc=0.268,                                 
                    train/position_4_acc=0.262,                                 
                    train/position_5_acc=0.223,                                 
                    train/position_6_acc=0.235,                                 
                    train/position_7_acc=0.204,                                 
                    profile/fetch_ms=63.748,                                    
                    profile/fwd_ms=1.57e+03,                                    
                    profile/bwd_ms=85.560, profile/opt_ms=0.034,                
                    profile/step_ms=1.72e+03,                                   
                    profile/tokens_per_s=2.30e+03,                              
                    profile/fetch_frac=0.037, epoch=0,                          
                    lr/Muon=0.005, lr/AdamW=4.88e-04,                           
                    global_step=400                                             
[10:42:17] INFO     train/confidence_loss=0.242,                  trainer.py:539
                    train/confidence_abs_error=0.119,                           
                    train/confidence_pred_mean=0.182,                           
                    train/confidence_cumprod_bias=-0.017,                       
                    train/loss=0.280, train/ce_loss=0.734,                      
                    train/tv_loss=0.121, train/accept_rate=0.368,               
                    train/accept_len=2.401, train/full_acc=0.404,               
                    train/position_1_acc=0.683,                                 
                    train/position_2_acc=0.489,                                 
                    train/position_3_acc=0.413,                                 
                    train/position_4_acc=0.344,                                 
                    train/position_5_acc=0.308,                                 
                    train/position_6_acc=0.309,                                 
                    train/position_7_acc=0.278,                                 
                    profile/fetch_ms=2.810,                                     
                    profile/fwd_ms=1.61e+03,                                    
                    profile/bwd_ms=89.926, profile/opt_ms=0.047,                
                    profile/step_ms=1.70e+03,                                   
                    profile/tokens_per_s=2.08e+03,                              
                    profile/fetch_frac=0.002, epoch=0,                          
                    lr/Muon=0.005, lr/AdamW=4.82e-04,                           
                    global_step=420                                             
[10:42:43] INFO     train/confidence_loss=0.246,                  trainer.py:539
                    train/confidence_abs_error=0.132,                           
                    train/confidence_pred_mean=0.213,                           
                    train/confidence_cumprod_bias=-0.018,                       
                    train/loss=0.266, train/ce_loss=0.656,                      
                    train/tv_loss=0.111, train/accept_rate=0.415,               
                    train/accept_len=2.647, train/full_acc=0.450,               
                    train/position_1_acc=0.743,                                 
                    train/position_2_acc=0.528,                                 
                    train/position_3_acc=0.432,                                 
                    train/position_4_acc=0.405,                                 
                    train/position_5_acc=0.363,                                 
                    train/position_6_acc=0.354,                                 
                    train/position_7_acc=0.323,                                 
                    profile/fetch_ms=65.722,                                    
                    profile/fwd_ms=2.47e+03,                                    
                    profile/bwd_ms=90.105,                                      
                    profile/opt_ms=229.331,                                     
                    profile/step_ms=2.85e+03,                                   
                    profile/tokens_per_s=1.39e+03,                              
                    profile/fetch_frac=0.023, epoch=0,                          
                    lr/Muon=0.005, lr/AdamW=4.76e-04,                           
                    global_step=440                                             
[10:43:06] INFO     train/confidence_loss=0.240,                  trainer.py:539
                    train/confidence_abs_error=0.130,                           
                    train/confidence_pred_mean=0.247,                           
                    train/confidence_cumprod_bias=0.020,                        
                    train/loss=0.269, train/ce_loss=0.694,                      
                    train/tv_loss=0.116, train/accept_rate=0.398,               
                    train/accept_len=2.516, train/full_acc=0.440,               
                    train/position_1_acc=0.726,                                 
                    train/position_2_acc=0.497,                                 
                    train/position_3_acc=0.433,                                 
                    train/position_4_acc=0.371,                                 
                    train/position_5_acc=0.380,                                 
                    train/position_6_acc=0.350,                                 
                    train/position_7_acc=0.318,                                 
                    profile/fetch_ms=66.124,                                    
                    profile/fwd_ms=1.92e+03,                                    
                    profile/bwd_ms=84.380, profile/opt_ms=0.034,                
                    profile/step_ms=2.07e+03,                                   
                    profile/tokens_per_s=1.88e+03,                              
                    profile/fetch_frac=0.032, epoch=0,                          
                    lr/Muon=0.005, lr/AdamW=4.71e-04,                           
                    global_step=460                                             
[10:43:30] INFO     train/confidence_loss=0.238,                  trainer.py:539
                    train/confidence_abs_error=0.124,                           
                    train/confidence_pred_mean=0.214,                           
                    train/confidence_cumprod_bias=-0.011,                       
                    train/loss=0.266, train/ce_loss=0.666,                      
                    train/tv_loss=0.115, train/accept_rate=0.395,               
                    train/accept_len=2.548, train/full_acc=0.436,               
                    train/position_1_acc=0.722,                                 
                    train/position_2_acc=0.523,                                 
                    train/position_3_acc=0.427,                                 
                    train/position_4_acc=0.366,                                 
                    train/position_5_acc=0.358,                                 
                    train/position_6_acc=0.324,                                 
                    train/position_7_acc=0.328,                                 
                    profile/fetch_ms=2.772,                                     
                    profile/fwd_ms=2.05e+03,                                    
                    profile/bwd_ms=94.988, profile/opt_ms=0.034,                
                    profile/step_ms=2.15e+03,                                   
                    profile/tokens_per_s=1.82e+03,                              
                    profile/fetch_frac=0.001, epoch=0,                          
                    lr/Muon=0.005, lr/AdamW=4.65e-04,                           
                    global_step=480                                             
[10:43:55] INFO     train/confidence_loss=0.247,                  trainer.py:539
                    train/confidence_abs_error=0.117,                           
                    train/confidence_pred_mean=0.167,                           
                    train/confidence_cumprod_bias=-0.028,                       
                    train/loss=0.281, train/ce_loss=0.728,                      
                    train/tv_loss=0.123, train/accept_rate=0.355,               
                    train/accept_len=2.325, train/full_acc=0.391,               
                    train/position_1_acc=0.704,                                 
                    train/position_2_acc=0.447,                                 
                    train/position_3_acc=0.370,                                 
                    train/position_4_acc=0.355,                                 
                    train/position_5_acc=0.307,                                 
                    train/position_6_acc=0.289,                                 
                    train/position_7_acc=0.263,                                 
                    profile/fetch_ms=68.055,                                    
                    profile/fwd_ms=2.27e+03,                                    
                    profile/bwd_ms=84.601,                                      
                    profile/opt_ms=230.671,                                     
                    profile/step_ms=2.66e+03,                                   
                    profile/tokens_per_s=1.50e+03,                              
                    profile/fetch_frac=0.026, epoch=0,                          
                    lr/Muon=0.005, lr/AdamW=4.59e-04,                           
                    global_step=500                                             
[10:44:20] INFO     train/confidence_loss=0.250,                  trainer.py:539
                    train/confidence_abs_error=0.137,                           
                    train/confidence_pred_mean=0.254,                           
                    train/confidence_cumprod_bias=0.027,                        
                    train/loss=0.278, train/ce_loss=0.694,                      
                    train/tv_loss=0.120, train/accept_rate=0.368,               
                    train/accept_len=2.429, train/full_acc=0.402,               
                    train/position_1_acc=0.737,                                 
                    train/position_2_acc=0.470,                                 
                    train/position_3_acc=0.376,                                 
                    train/position_4_acc=0.350,                                 
                    train/position_5_acc=0.318,                                 
                    train/position_6_acc=0.290,                                 
                    train/position_7_acc=0.267,                                 
                    profile/fetch_ms=63.684,                                    
                    profile/fwd_ms=1.88e+03,                                    
                    profile/bwd_ms=83.413, profile/opt_ms=0.032,                
                    profile/step_ms=2.02e+03,                                   
                    profile/tokens_per_s=1.95e+03,                              
                    profile/fetch_frac=0.031, epoch=0,                          
                    lr/Muon=0.005, lr/AdamW=4.53e-04,                           
                    global_step=520                                             
[10:44:45] INFO     train/confidence_loss=0.248,                  trainer.py:539
                    train/confidence_abs_error=0.128,                           
                    train/confidence_pred_mean=0.225,                           
                    train/confidence_cumprod_bias=-0.020,                       
                    train/loss=0.253, train/ce_loss=0.578,                      
                    train/tv_loss=0.105, train/accept_rate=0.432,               
                    train/accept_len=2.720, train/full_acc=0.470,               
                    train/position_1_acc=0.802,                                 
                    train/position_2_acc=0.576,                                 
                    train/position_3_acc=0.459,                                 
                    train/position_4_acc=0.393,                                 
                    train/position_5_acc=0.372,                                 
                    train/position_6_acc=0.348,                                 
                    train/position_7_acc=0.332,                                 
                    profile/fetch_ms=8.053,                                     
                    profile/fwd_ms=2.01e+03,                                    
                    profile/bwd_ms=83.940, profile/opt_ms=0.038,                
                    profile/step_ms=2.10e+03,                                   
                    profile/tokens_per_s=1.84e+03,                              
                    profile/fetch_frac=0.004, epoch=0,                          
                    lr/Muon=0.004, lr/AdamW=4.47e-04,                           
                    global_step=540                                             
[10:45:10] INFO     train/confidence_loss=0.254,                  trainer.py:539
                    train/confidence_abs_error=0.134,                           
                    train/confidence_pred_mean=0.250,                           
                    train/confidence_cumprod_bias=-0.002,                       
                    train/loss=0.241, train/ce_loss=0.506,                      
                    train/tv_loss=0.099, train/accept_rate=0.446,               
                    train/accept_len=2.861, train/full_acc=0.487,               
                    train/position_1_acc=0.847,                                 
                    train/position_2_acc=0.642,                                 
                    train/position_3_acc=0.464,                                 
                    train/position_4_acc=0.401,                                 
                    train/position_5_acc=0.364,                                 
                    train/position_6_acc=0.368,                                 
                    train/position_7_acc=0.322,                                 
                    profile/fetch_ms=62.604,                                    
                    profile/fwd_ms=2.45e+03,                                    
                    profile/bwd_ms=86.310,                                      
                    profile/opt_ms=230.272,                                     
                    profile/step_ms=2.83e+03,                                   
                    profile/tokens_per_s=1.19e+03,                              
                    profile/fetch_frac=0.022, epoch=0,                          
                    lr/Muon=0.004, lr/AdamW=4.41e-04,                           
                    global_step=560                                             
[10:45:34] INFO     train/confidence_loss=0.229,                  trainer.py:539
                    train/confidence_abs_error=0.126,                           
                    train/confidence_pred_mean=0.261,                           
                    train/confidence_cumprod_bias=0.008,                        
                    train/loss=0.253, train/ce_loss=0.653,                      
                    train/tv_loss=0.108, train/accept_rate=0.419,               
                    train/accept_len=2.779, train/full_acc=0.450,               
                    train/position_1_acc=0.789,                                 
                    train/position_2_acc=0.567,                                 
                    train/position_3_acc=0.445,                                 
                    train/position_4_acc=0.378,                                 
                    train/position_5_acc=0.357,                                 
                    train/position_6_acc=0.308,                                 
                    train/position_7_acc=0.304,                                 
                    profile/fetch_ms=66.459,                                    
                    profile/fwd_ms=1.91e+03,                                    
                    profile/bwd_ms=84.722, profile/opt_ms=0.027,                
                    profile/step_ms=2.07e+03,                                   
                    profile/tokens_per_s=1.92e+03,                              
                    profile/fetch_frac=0.032, epoch=0,                          
                    lr/Muon=0.004, lr/AdamW=4.36e-04,                           
                    global_step=580                                             
[10:45:58] INFO     train/confidence_loss=0.209,                  trainer.py:539
                    train/confidence_abs_error=0.103,                           
                    train/confidence_pred_mean=0.139,                           
                    train/confidence_cumprod_bias=-0.019,                       
                    train/loss=0.309, train/ce_loss=0.963,                      
                    train/tv_loss=0.143, train/accept_rate=0.273,               
                    train/accept_len=2.046, train/full_acc=0.299,               
                    train/position_1_acc=0.593,                                 
                    train/position_2_acc=0.337,                                 
                    train/position_3_acc=0.262,                                 
                    train/position_4_acc=0.255,                                 
                    train/position_5_acc=0.234,                                 
                    train/position_6_acc=0.199,                                 
                    train/position_7_acc=0.210,                                 
                    profile/fetch_ms=59.895,                                    
                    profile/fwd_ms=1.82e+03,                                    
                    profile/bwd_ms=83.168, profile/opt_ms=4.068,                
                    profile/step_ms=1.97e+03,                                   
                    profile/tokens_per_s=1.91e+03,                              
                    profile/fetch_frac=0.030, epoch=0,                          
                    lr/Muon=0.004, lr/AdamW=4.30e-04,                           
                    global_step=600                                             
[10:46:23] INFO     train/confidence_loss=0.237,                  trainer.py:539
                    train/confidence_abs_error=0.111,                           
                    train/confidence_pred_mean=0.168,                           
                    train/confidence_cumprod_bias=-0.019,                       
                    train/loss=0.286, train/ce_loss=0.766,                      
                    train/tv_loss=0.127, train/accept_rate=0.339,               
                    train/accept_len=2.332, train/full_acc=0.378,               
                    train/position_1_acc=0.678,                                 
                    train/position_2_acc=0.449,                                 
                    train/position_3_acc=0.362,                                 
                    train/position_4_acc=0.334,                                 
                    train/position_5_acc=0.279,                                 
                    train/position_6_acc=0.281,                                 
                    train/position_7_acc=0.260,                                 
                    profile/fetch_ms=67.021,                                    
                    profile/fwd_ms=2.61e+03,                                    
                    profile/bwd_ms=86.617,                                      
                    profile/opt_ms=232.604,                                     
                    profile/step_ms=3.00e+03,                                   
                    profile/tokens_per_s=1.34e+03,                              
                    profile/fetch_frac=0.022, epoch=0,                          
                    lr/Muon=0.004, lr/AdamW=4.23e-04,                           
                    global_step=620                                             
[10:46:44] INFO     train/confidence_loss=0.240,                  trainer.py:539
                    train/confidence_abs_error=0.127,                           
                    train/confidence_pred_mean=0.242,                           
                    train/confidence_cumprod_bias=0.015,                        
                    train/loss=0.269, train/ce_loss=0.688,                      
                    train/tv_loss=0.116, train/accept_rate=0.377,               
                    train/accept_len=2.563, train/full_acc=0.415,               
                    train/position_1_acc=0.733,                                 
                    train/position_2_acc=0.528,                                 
                    train/position_3_acc=0.424,                                 
                    train/position_4_acc=0.365,                                 
                    train/position_5_acc=0.314,                                 
                    train/position_6_acc=0.280,                                 
                    train/position_7_acc=0.255,                                 
                    profile/fetch_ms=66.146,                                    
                    profile/fwd_ms=1.32e+03,                                    
                    profile/bwd_ms=84.037, profile/opt_ms=0.033,                
                    profile/step_ms=1.47e+03,                                   
                    profile/tokens_per_s=2.66e+03,                              
                    profile/fetch_frac=0.045, epoch=0,                          
                    lr/Muon=0.004, lr/AdamW=4.18e-04,                           
                    global_step=640                                             
[10:47:07] INFO     train/confidence_loss=0.234,                  trainer.py:539
                    train/confidence_abs_error=0.120,                           
                    train/confidence_pred_mean=0.212,                           
                    train/confidence_cumprod_bias=-0.029,                       
                    train/loss=0.252, train/ce_loss=0.609,                      
                    train/tv_loss=0.108, train/accept_rate=0.418,               
                    train/accept_len=2.794, train/full_acc=0.456,               
                    train/position_1_acc=0.809,                                 
                    train/position_2_acc=0.562,                                 
                    train/position_3_acc=0.435,                                 
                    train/position_4_acc=0.381,                                 
                    train/position_5_acc=0.339,                                 
                    train/position_6_acc=0.346,                                 
                    train/position_7_acc=0.314,                                 
                    profile/fetch_ms=2.823,                                     
                    profile/fwd_ms=322.248,                                     
                    profile/bwd_ms=85.321, profile/opt_ms=0.039,                
                    profile/step_ms=410.431,                                    
                    profile/tokens_per_s=9.30e+03,                              
                    profile/fetch_frac=0.007, epoch=0,                          
                    lr/Muon=0.004, lr/AdamW=4.12e-04,                           
                    global_step=660                                             
[10:47:33] INFO     train/confidence_loss=0.229,                  trainer.py:539
                    train/confidence_abs_error=0.112,                           
                    train/confidence_pred_mean=0.191,                           
                    train/confidence_cumprod_bias=-0.032,                       
                    train/loss=0.256, train/ce_loss=0.619,                      
                    train/tv_loss=0.115, train/accept_rate=0.385,               
                    train/accept_len=2.644, train/full_acc=0.423,               
                    train/position_1_acc=0.798,                                 
                    train/position_2_acc=0.492,                                 
                    train/position_3_acc=0.408,                                 
                    train/position_4_acc=0.354,                                 
                    train/position_5_acc=0.319,                                 
                    train/position_6_acc=0.307,                                 
                    train/position_7_acc=0.276,                                 
                    profile/fetch_ms=67.989,                                    
                    profile/fwd_ms=2.46e+03,                                    
                    profile/bwd_ms=88.217,                                      
                    profile/opt_ms=255.306,                                     
                    profile/step_ms=2.87e+03,                                   
                    profile/tokens_per_s=1.39e+03,                              
                    profile/fetch_frac=0.024, epoch=0,                          
                    lr/Muon=0.004, lr/AdamW=4.06e-04,                           
                    global_step=680                                             
[10:47:56] INFO     train/confidence_loss=0.243,                  trainer.py:539
                    train/confidence_abs_error=0.127,                           
                    train/confidence_pred_mean=0.224,                           
                    train/confidence_cumprod_bias=2.12e-04,                     
                    train/loss=0.275, train/ce_loss=0.725,                      
                    train/tv_loss=0.119, train/accept_rate=0.379,               
                    train/accept_len=2.472, train/full_acc=0.413,               
                    train/position_1_acc=0.708,                                 
                    train/position_2_acc=0.474,                                 
                    train/position_3_acc=0.423,                                 
                    train/position_4_acc=0.342,                                 
                    train/position_5_acc=0.334,                                 
                    train/position_6_acc=0.314,                                 
                    train/position_7_acc=0.295,                                 
                    profile/fetch_ms=70.129,                                    
                    profile/fwd_ms=1.47e+03,                                    
                    profile/bwd_ms=84.851, profile/opt_ms=0.027,                
                    profile/step_ms=1.62e+03,                                   
                    profile/tokens_per_s=2.38e+03,                              
                    profile/fetch_frac=0.043, epoch=0,                          
                    lr/Muon=0.004, lr/AdamW=4.01e-04,                           
                    global_step=700                                             
[10:48:21] INFO     train/confidence_loss=0.250,                  trainer.py:539
                    train/confidence_abs_error=0.129,                           
                    train/confidence_pred_mean=0.217,                           
                    train/confidence_cumprod_bias=-0.031,                       
                    train/loss=0.255, train/ce_loss=0.591,                      
                    train/tv_loss=0.105, train/accept_rate=0.433,               
                    train/accept_len=2.821, train/full_acc=0.470,               
                    train/position_1_acc=0.791,                                 
                    train/position_2_acc=0.559,                                 
                    train/position_3_acc=0.478,                                 
                    train/position_4_acc=0.437,                                 
                    train/position_5_acc=0.368,                                 
                    train/position_6_acc=0.347,                                 
                    train/position_7_acc=0.308,                                 
                    profile/fetch_ms=19.403,                                    
                    profile/fwd_ms=1.73e+03,                                    
                    profile/bwd_ms=114.004, profile/opt_ms=4.990,               
                    profile/step_ms=1.87e+03,                                   
                    profile/tokens_per_s=2.13e+03,                              
                    profile/fetch_frac=0.010, epoch=0,                          
                    lr/Muon=0.004, lr/AdamW=3.94e-04,                           
                    global_step=720                                             
[10:48:45] INFO     train/confidence_loss=0.237,                  trainer.py:539
                    train/confidence_abs_error=0.120,                           
                    train/confidence_pred_mean=0.222,                           
                    train/confidence_cumprod_bias=-0.008,                       
                    train/loss=0.259, train/ce_loss=0.656,                      
                    train/tv_loss=0.111, train/accept_rate=0.413,               
                    train/accept_len=2.671, train/full_acc=0.446,               
                    train/position_1_acc=0.748,                                 
                    train/position_2_acc=0.543,                                 
                    train/position_3_acc=0.435,                                 
                    train/position_4_acc=0.387,                                 
                    train/position_5_acc=0.361,                                 
                    train/position_6_acc=0.338,                                 
                    train/position_7_acc=0.305,                                 
                    profile/fetch_ms=63.704,                                    
                    profile/fwd_ms=1.61e+03,                                    
                    profile/bwd_ms=85.928,                                      
                    profile/opt_ms=229.841,                                     
                    profile/step_ms=1.99e+03,                                   
                    profile/tokens_per_s=1.93e+03,                              
                    profile/fetch_frac=0.032, epoch=0,                          
                    lr/Muon=0.004, lr/AdamW=3.88e-04,                           
                    global_step=740                                             
[10:49:09] INFO     train/confidence_loss=0.235,                  trainer.py:539
                    train/confidence_abs_error=0.125,                           
                    train/confidence_pred_mean=0.259,                           
                    train/confidence_cumprod_bias=0.007,                        
                    train/loss=0.253, train/ce_loss=0.622,                      
                    train/tv_loss=0.107, train/accept_rate=0.429,               
                    train/accept_len=2.768, train/full_acc=0.465,               
                    train/position_1_acc=0.755,                                 
                    train/position_2_acc=0.552,                                 
                    train/position_3_acc=0.464,                                 
                    train/position_4_acc=0.405,                                 
                    train/position_5_acc=0.381,                                 
                    train/position_6_acc=0.364,                                 
                    train/position_7_acc=0.332,                                 
                    profile/fetch_ms=70.402,                                    
                    profile/fwd_ms=1.42e+03,                                    
                    profile/bwd_ms=105.280, profile/opt_ms=0.027,               
                    profile/step_ms=1.60e+03,                                   
                    profile/tokens_per_s=2.44e+03,                              
                    profile/fetch_frac=0.044, epoch=0,                          
                    lr/Muon=0.004, lr/AdamW=3.83e-04,                           
                    global_step=760                                             
[10:49:33] INFO     train/confidence_loss=0.262,                  trainer.py:539
                    train/confidence_abs_error=0.122,                           
                    train/confidence_pred_mean=0.171,                           
                    train/confidence_cumprod_bias=-0.035,                       
                    train/loss=0.284, train/ce_loss=0.725,                      
                    train/tv_loss=0.116, train/accept_rate=0.378,               
                    train/accept_len=2.521, train/full_acc=0.428,               
                    train/position_1_acc=0.775,                                 
                    train/position_2_acc=0.485,                                 
                    train/position_3_acc=0.424,                                 
                    train/position_4_acc=0.375,                                 
                    train/position_5_acc=0.322,                                 
                    train/position_6_acc=0.313,                                 
                    train/position_7_acc=0.302,                                 
                    profile/fetch_ms=8.720,                                     
                    profile/fwd_ms=1.49e+03,                                    
                    profile/bwd_ms=92.587, profile/opt_ms=0.028,                
                    profile/step_ms=1.60e+03,                                   
                    profile/tokens_per_s=2.34e+03,                              
                    profile/fetch_frac=0.005, epoch=0,                          
                    lr/Muon=0.004, lr/AdamW=3.77e-04,                           
                    global_step=780                                             
[10:49:57] INFO     train/confidence_loss=0.232,                  trainer.py:539
                    train/confidence_abs_error=0.120,                           
                    train/confidence_pred_mean=0.202,                           
                    train/confidence_cumprod_bias=-0.009,                       
                    train/loss=0.275, train/ce_loss=0.738,                      
                    train/tv_loss=0.120, train/accept_rate=0.371,               
                    train/accept_len=2.493, train/full_acc=0.403,               
                    train/position_1_acc=0.717,                                 
                    train/position_2_acc=0.495,                                 
                    train/position_3_acc=0.396,                                 
                    train/position_4_acc=0.330,                                 
                    train/position_5_acc=0.316,                                 
                    train/position_6_acc=0.288,                                 
                    train/position_7_acc=0.274,                                 
                    profile/fetch_ms=65.804,                                    
                    profile/fwd_ms=85.655, profile/bwd_ms=89.066,               
                    profile/opt_ms=229.338,                                     
                    profile/step_ms=469.862,                                    
                    profile/tokens_per_s=7.03e+03,                              
                    profile/fetch_frac=0.140, epoch=0,                          
                    lr/Muon=0.004, lr/AdamW=3.71e-04,                           
                    global_step=800                                             
[10:50:22] INFO     train/confidence_loss=0.241,                  trainer.py:539
                    train/confidence_abs_error=0.132,                           
                    train/confidence_pred_mean=0.271,                           
                    train/confidence_cumprod_bias=-0.011,                       
                    train/loss=0.233, train/ce_loss=0.503,                      
                    train/tv_loss=0.095, train/accept_rate=0.478,               
                    train/accept_len=3.042, train/full_acc=0.519,               
                    train/position_1_acc=0.823,                                 
                    train/position_2_acc=0.632,                                 
                    train/position_3_acc=0.549,                                 
                    train/position_4_acc=0.460,                                 
                    train/position_5_acc=0.402,                                 
                    train/position_6_acc=0.380,                                 
                    train/position_7_acc=0.379,                                 
                    profile/fetch_ms=86.192,                                    
                    profile/fwd_ms=89.978,                                      
                    profile/bwd_ms=101.034, profile/opt_ms=0.042,               
                    profile/step_ms=277.246,                                    
                    profile/tokens_per_s=1.46e+04,                              
                    profile/fetch_frac=0.311, epoch=0,                          
                    lr/Muon=0.004, lr/AdamW=3.65e-04,                           
                    global_step=820                                             
[10:50:46] INFO     train/confidence_loss=0.240,                  trainer.py:539
                    train/confidence_abs_error=0.128,                           
                    train/confidence_pred_mean=0.244,                           
                    train/confidence_cumprod_bias=0.008,                        
                    train/loss=0.261, train/ce_loss=0.631,                      
                    train/tv_loss=0.113, train/accept_rate=0.401,               
                    train/accept_len=2.627, train/full_acc=0.434,               
                    train/position_1_acc=0.747,                                 
                    train/position_2_acc=0.546,                                 
                    train/position_3_acc=0.432,                                 
                    train/position_4_acc=0.367,                                 
                    train/position_5_acc=0.335,                                 
                    train/position_6_acc=0.323,                                 
                    train/position_7_acc=0.287,                                 
                    profile/fetch_ms=3.211,                                     
                    profile/fwd_ms=87.609,                                      
                    profile/bwd_ms=127.715, profile/opt_ms=0.047,               
                    profile/step_ms=218.582,                                    
                    profile/tokens_per_s=1.82e+04,                              
                    profile/fetch_frac=0.015, epoch=0,                          
                    lr/Muon=0.004, lr/AdamW=3.59e-04,                           
                    global_step=840                                             
[10:51:13] INFO     train/confidence_loss=0.248,                  trainer.py:539
                    train/confidence_abs_error=0.128,                           
                    train/confidence_pred_mean=0.245,                           
                    train/confidence_cumprod_bias=-0.021,                       
                    train/loss=0.239, train/ce_loss=0.519,                      
                    train/tv_loss=0.098, train/accept_rate=0.460,               
                    train/accept_len=2.955, train/full_acc=0.494,               
                    train/position_1_acc=0.838,                                 
                    train/position_2_acc=0.608,                                 
                    train/position_3_acc=0.481,                                 
                    train/position_4_acc=0.421,                                 
                    train/position_5_acc=0.390,                                 
                    train/position_6_acc=0.348,                                 
                    train/position_7_acc=0.366,                                 
                    profile/fetch_ms=66.961,                                    
                    profile/fwd_ms=84.431, profile/bwd_ms=87.554,               
                    profile/opt_ms=263.106,                                     
                    profile/step_ms=502.053,                                    
                    profile/tokens_per_s=7.61e+03,                              
                    profile/fetch_frac=0.133, epoch=0,                          
                    lr/Muon=0.004, lr/AdamW=3.53e-04,                           
                    global_step=860                                             
[10:51:37] INFO     train/confidence_loss=0.252,                  trainer.py:539
                    train/confidence_abs_error=0.128,                           
                    train/confidence_pred_mean=0.244,                           
                    train/confidence_cumprod_bias=0.013,                        
                    train/loss=0.266, train/ce_loss=0.637,                      
                    train/tv_loss=0.112, train/accept_rate=0.406,               
                    train/accept_len=2.599, train/full_acc=0.437,               
                    train/position_1_acc=0.761,                                 
                    train/position_2_acc=0.523,                                 
                    train/position_3_acc=0.418,                                 
                    train/position_4_acc=0.376,                                 
                    train/position_5_acc=0.352,                                 
                    train/position_6_acc=0.324,                                 
                    train/position_7_acc=0.302,                                 
                    profile/fetch_ms=66.497,                                    
                    profile/fwd_ms=86.304, profile/bwd_ms=85.512,               
                    profile/opt_ms=0.027,                                       
                    profile/step_ms=238.341,                                    
                    profile/tokens_per_s=1.68e+04,                              
                    profile/fetch_frac=0.279, epoch=0,                          
                    lr/Muon=0.003, lr/AdamW=3.48e-04,                           
                    global_step=880                                             
[10:52:02] INFO     train/confidence_loss=0.232,                  trainer.py:539
                    train/confidence_abs_error=0.131,                           
                    train/confidence_pred_mean=0.297,                           
                    train/confidence_cumprod_bias=-0.004,                       
                    train/loss=0.219, train/ce_loss=0.463,                      
                    train/tv_loss=0.088, train/accept_rate=0.514,               
                    train/accept_len=3.235, train/full_acc=0.550,               
                    train/position_1_acc=0.852,                                 
                    train/position_2_acc=0.658,                                 
                    train/position_3_acc=0.569,                                 
                    train/position_4_acc=0.485,                                 
                    train/position_5_acc=0.453,                                 
                    train/position_6_acc=0.420,                                 
                    train/position_7_acc=0.406,                                 
                    profile/fetch_ms=2.771,                                     
                    profile/fwd_ms=83.731, profile/bwd_ms=85.871,               
                    profile/opt_ms=0.045,                                       
                    profile/step_ms=172.418,                                    
                    profile/tokens_per_s=2.31e+04,                              
                    profile/fetch_frac=0.016, epoch=0,                          
                    lr/Muon=0.003, lr/AdamW=3.42e-04,                           
                    global_step=900                                             
[10:52:25] INFO     train/confidence_loss=0.247,                  trainer.py:539
                    train/confidence_abs_error=0.129,                           
                    train/confidence_pred_mean=0.220,                           
                    train/confidence_cumprod_bias=-4.43e-04,                    
                    train/loss=0.280, train/ce_loss=0.713,                      
                    train/tv_loss=0.121, train/accept_rate=0.365,               
                    train/accept_len=2.383, train/full_acc=0.406,               
                    train/position_1_acc=0.714,                                 
                    train/position_2_acc=0.467,                                 
                    train/position_3_acc=0.395,                                 
                    train/position_4_acc=0.351,                                 
                    train/position_5_acc=0.321,                                 
                    train/position_6_acc=0.284,                                 
                    train/position_7_acc=0.305,                                 
                    profile/fetch_ms=72.017,                                    
                    profile/fwd_ms=84.856, profile/bwd_ms=88.111,               
                    profile/opt_ms=228.170,                                     
                    profile/step_ms=473.155,                                    
                    profile/tokens_per_s=8.38e+03,                              
                    profile/fetch_frac=0.152, epoch=0,                          
                    lr/Muon=0.003, lr/AdamW=3.36e-04,                           
                    global_step=920                                             
[10:52:47] INFO     train/confidence_loss=0.236,                  trainer.py:539
                    train/confidence_abs_error=0.119,                           
                    train/confidence_pred_mean=0.220,                           
                    train/confidence_cumprod_bias=-0.023,                       
                    train/loss=0.256, train/ce_loss=0.637,                      
                    train/tv_loss=0.109, train/accept_rate=0.423,               
                    train/accept_len=2.766, train/full_acc=0.464,               
                    train/position_1_acc=0.768,                                 
                    train/position_2_acc=0.545,                                 
                    train/position_3_acc=0.444,                                 
                    train/position_4_acc=0.379,                                 
                    train/position_5_acc=0.386,                                 
                    train/position_6_acc=0.375,                                 
                    train/position_7_acc=0.350,                                 
                    profile/fetch_ms=64.915,                                    
                    profile/fwd_ms=92.338, profile/bwd_ms=89.365,               
                    profile/opt_ms=0.032,                                       
                    profile/step_ms=246.650,                                    
                    profile/tokens_per_s=1.57e+04,                              
                    profile/fetch_frac=0.263, epoch=0,                          
                    lr/Muon=0.003, lr/AdamW=3.30e-04,                           
                    global_step=940                                             
[10:53:13] INFO     train/confidence_loss=0.248,                  trainer.py:539
                    train/confidence_abs_error=0.131,                           
                    train/confidence_pred_mean=0.273,                           
                    train/confidence_cumprod_bias=0.004,                        
                    train/loss=0.244, train/ce_loss=0.531,                      
                    train/tv_loss=0.101, train/accept_rate=0.455,               
                    train/accept_len=2.901, train/full_acc=0.488,               
                    train/position_1_acc=0.796,                                 
                    train/position_2_acc=0.587,                                 
                    train/position_3_acc=0.503,                                 
                    train/position_4_acc=0.437,                                 
                    train/position_5_acc=0.382,                                 
                    train/position_6_acc=0.365,                                 
                    train/position_7_acc=0.346,                                 
                    profile/fetch_ms=2.862,                                     
                    profile/fwd_ms=86.332, profile/bwd_ms=86.312,               
                    profile/opt_ms=0.031,                                       
                    profile/step_ms=175.537,                                    
                    profile/tokens_per_s=2.20e+04,                              
                    profile/fetch_frac=0.016, epoch=0,                          
                    lr/Muon=0.003, lr/AdamW=3.24e-04,                           
                    global_step=960                                             
[10:53:38] INFO     train/confidence_loss=0.235,                  trainer.py:539
                    train/confidence_abs_error=0.129,                           
                    train/confidence_pred_mean=0.277,                           
                    train/confidence_cumprod_bias=0.022,                        
                    train/loss=0.244, train/ce_loss=0.569,                      
                    train/tv_loss=0.102, train/accept_rate=0.445,               
                    train/accept_len=2.869, train/full_acc=0.479,               
                    train/position_1_acc=0.804,                                 
                    train/position_2_acc=0.578,                                 
                    train/position_3_acc=0.463,                                 
                    train/position_4_acc=0.436,                                 
                    train/position_5_acc=0.376,                                 
                    train/position_6_acc=0.359,                                 
                    train/position_7_acc=0.332,                                 
                    profile/fetch_ms=67.689,                                    
                    profile/fwd_ms=111.671,                                     
                    profile/bwd_ms=89.880,                                      
                    profile/opt_ms=267.322,                                     
                    profile/step_ms=536.562,                                    
                    profile/tokens_per_s=7.27e+03,                              
                    profile/fetch_frac=0.126, epoch=0,                          
                    lr/Muon=0.003, lr/AdamW=3.18e-04,                           
                    global_step=980                                             
[10:54:01] INFO     train/confidence_loss=0.230,                  trainer.py:539
                    train/confidence_abs_error=0.125,                           
                    train/confidence_pred_mean=0.256,                           
                    train/confidence_cumprod_bias=-0.019,                       
                    train/loss=0.231, train/ce_loss=0.534,                      
                    train/tv_loss=0.095, train/accept_rate=0.480,               
                    train/accept_len=3.107, train/full_acc=0.516,               
                    train/position_1_acc=0.834,                                 
                    train/position_2_acc=0.630,                                 
                    train/position_3_acc=0.537,                                 
                    train/position_4_acc=0.476,                                 
                    train/position_5_acc=0.424,                                 
                    train/position_6_acc=0.366,                                 
                    train/position_7_acc=0.343,                                 
                    profile/fetch_ms=67.853,                                    
                    profile/fwd_ms=85.575, profile/bwd_ms=84.720,               
                    profile/opt_ms=0.033,                                       
                    profile/step_ms=238.181,                                    
                    profile/tokens_per_s=1.64e+04,                              
                    profile/fetch_frac=0.285, epoch=0,                          
                    lr/Muon=0.003, lr/AdamW=3.13e-04,                           
                    global_step=1000                                            
[10:54:26] INFO     train/confidence_loss=0.226,                  trainer.py:539
                    train/confidence_abs_error=0.123,                           
                    train/confidence_pred_mean=0.316,                           
                    train/confidence_cumprod_bias=0.015,                        
                    train/loss=0.212, train/ce_loss=0.453,                      
                    train/tv_loss=0.086, train/accept_rate=0.528,               
                    train/accept_len=3.403, train/full_acc=0.565,               
                    train/position_1_acc=0.855,                                 
                    train/position_2_acc=0.665,                                 
                    train/position_3_acc=0.578,                                 
                    train/position_4_acc=0.510,                                 
                    train/position_5_acc=0.486,                                 
                    train/position_6_acc=0.446,                                 
                    train/position_7_acc=0.408,                                 
                    profile/fetch_ms=8.388,                                     
                    profile/fwd_ms=116.759,                                     
                    profile/bwd_ms=82.390, profile/opt_ms=0.043,                
                    profile/step_ms=207.580,                                    
                    profile/tokens_per_s=1.92e+04,                              
                    profile/fetch_frac=0.040, epoch=0,                          
                    lr/Muon=0.003, lr/AdamW=3.07e-04,                           
                    global_step=1020                                            
[10:54:51] INFO     train/confidence_loss=0.246,                  trainer.py:539
                    train/confidence_abs_error=0.124,                           
                    train/confidence_pred_mean=0.226,                           
                    train/confidence_cumprod_bias=-0.017,                       
                    train/loss=0.255, train/ce_loss=0.591,                      
                    train/tv_loss=0.108, train/accept_rate=0.429,               
                    train/accept_len=2.730, train/full_acc=0.468,               
                    train/position_1_acc=0.768,                                 
                    train/position_2_acc=0.549,                                 
                    train/position_3_acc=0.461,                                 
                    train/position_4_acc=0.420,                                 
                    train/position_5_acc=0.366,                                 
                    train/position_6_acc=0.373,                                 
                    train/position_7_acc=0.338,                                 
                    profile/fetch_ms=64.957,                                    
                    profile/fwd_ms=86.292, profile/bwd_ms=85.910,               
                    profile/opt_ms=261.923,                                     
                    profile/step_ms=499.082,                                    
                    profile/tokens_per_s=8.06e+03,                              
                    profile/fetch_frac=0.130, epoch=0,                          
                    lr/Muon=0.003, lr/AdamW=3.00e-04,                           
                    global_step=1040                                            
[10:55:14] INFO     train/confidence_loss=0.236,                  trainer.py:539
                    train/confidence_abs_error=0.126,                           
                    train/confidence_pred_mean=0.258,                           
                    train/confidence_cumprod_bias=0.008,                        
                    train/loss=0.253, train/ce_loss=0.619,                      
                    train/tv_loss=0.107, train/accept_rate=0.433,               
                    train/accept_len=2.813, train/full_acc=0.467,               
                    train/position_1_acc=0.766,                                 
                    train/position_2_acc=0.538,                                 
                    train/position_3_acc=0.459,                                 
                    train/position_4_acc=0.420,                                 
                    train/position_5_acc=0.384,                                 
                    train/position_6_acc=0.364,                                 
                    train/position_7_acc=0.333,                                 
                    profile/fetch_ms=64.780,                                    
                    profile/fwd_ms=233.465,                                     
                    profile/bwd_ms=83.110, profile/opt_ms=0.039,                
                    profile/step_ms=381.394,                                    
                    profile/tokens_per_s=9.15e+03,                              
                    profile/fetch_frac=0.170, epoch=0,                          
                    lr/Muon=0.003, lr/AdamW=2.95e-04,                           
                    global_step=1060                                            
[10:55:39] INFO     train/confidence_loss=0.242,                  trainer.py:539
                    train/confidence_abs_error=0.122,                           
                    train/confidence_pred_mean=0.244,                           
                    train/confidence_cumprod_bias=-0.008,                       
                    train/loss=0.244, train/ce_loss=0.556,                      
                    train/tv_loss=0.102, train/accept_rate=0.443,               
                    train/accept_len=2.928, train/full_acc=0.477,               
                    train/position_1_acc=0.805,                                 
                    train/position_2_acc=0.596,                                 
                    train/position_3_acc=0.471,                                 
                    train/position_4_acc=0.435,                                 
                    train/position_5_acc=0.374,                                 
                    train/position_6_acc=0.345,                                 
                    train/position_7_acc=0.309,                                 
                    profile/fetch_ms=2.847,                                     
                    profile/fwd_ms=993.177,                                     
                    profile/bwd_ms=83.040, profile/opt_ms=0.031,                
                    profile/step_ms=1.08e+03,                                   
                    profile/tokens_per_s=3.78e+03,                              
                    profile/fetch_frac=0.003, epoch=0,                          
                    lr/Muon=0.003, lr/AdamW=2.89e-04,                           
                    global_step=1080                                            
[10:56:04] INFO     train/confidence_loss=0.236,                  trainer.py:539
                    train/confidence_abs_error=0.121,                           
                    train/confidence_pred_mean=0.258,                           
                    train/confidence_cumprod_bias=-0.013,                       
                    train/loss=0.234, train/ce_loss=0.525,                      
                    train/tv_loss=0.096, train/accept_rate=0.480,               
                    train/accept_len=3.059, train/full_acc=0.513,               
                    train/position_1_acc=0.805,                                 
                    train/position_2_acc=0.616,                                 
                    train/position_3_acc=0.521,                                 
                    train/position_4_acc=0.463,                                 
                    train/position_5_acc=0.430,                                 
                    train/position_6_acc=0.403,                                 
                    train/position_7_acc=0.348,                                 
                    profile/fetch_ms=66.315,                                    
                    profile/fwd_ms=1.52e+03,                                    
                    profile/bwd_ms=86.466,                                      
                    profile/opt_ms=231.667,                                     
                    profile/step_ms=1.90e+03,                                   
                    profile/tokens_per_s=2.07e+03,                              
                    profile/fetch_frac=0.035, epoch=0,                          
                    lr/Muon=0.003, lr/AdamW=2.83e-04,                           
                    global_step=1100                                            
[10:56:27] INFO     train/confidence_loss=0.254,                  trainer.py:539
                    train/confidence_abs_error=0.136,                           
                    train/confidence_pred_mean=0.266,                           
                    train/confidence_cumprod_bias=0.045,                        
                    train/loss=0.266, train/ce_loss=0.637,                      
                    train/tv_loss=0.113, train/accept_rate=0.399,               
                    train/accept_len=2.563, train/full_acc=0.435,               
                    train/position_1_acc=0.752,                                 
                    train/position_2_acc=0.523,                                 
                    train/position_3_acc=0.449,                                 
                    train/position_4_acc=0.387,                                 
                    train/position_5_acc=0.352,                                 
                    train/position_6_acc=0.309,                                 
                    train/position_7_acc=0.273,                                 
                    profile/fetch_ms=71.340,                                    
                    profile/fwd_ms=84.990, profile/bwd_ms=88.476,               
                    profile/opt_ms=0.030,                                       
                    profile/step_ms=244.836,                                    
                    profile/tokens_per_s=1.64e+04,                              
                    profile/fetch_frac=0.291, epoch=0,                          
                    lr/Muon=0.003, lr/AdamW=2.78e-04,                           
                    global_step=1120                                            
[10:56:51] INFO     train/confidence_loss=0.235,                  trainer.py:539
                    train/confidence_abs_error=0.125,                           
                    train/confidence_pred_mean=0.273,                           
                    train/confidence_cumprod_bias=-0.008,                       
                    train/loss=0.234, train/ce_loss=0.525,                      
                    train/tv_loss=0.098, train/accept_rate=0.472,               
                    train/accept_len=3.065, train/full_acc=0.503,               
                    train/position_1_acc=0.799,                                 
                    train/position_2_acc=0.601,                                 
                    train/position_3_acc=0.496,                                 
                    train/position_4_acc=0.462,                                 
                    train/position_5_acc=0.427,                                 
                    train/position_6_acc=0.372,                                 
                    train/position_7_acc=0.357,                                 
                    profile/fetch_ms=2.824,                                     
                    profile/fwd_ms=85.638, profile/bwd_ms=87.342,               
                    profile/opt_ms=0.027,                                       
                    profile/step_ms=175.832,                                    
                    profile/tokens_per_s=2.25e+04,                              
                    profile/fetch_frac=0.016, epoch=0,                          
                    lr/Muon=0.003, lr/AdamW=2.71e-04,                           
                    global_step=1140                                            
[10:57:17] INFO     train/confidence_loss=0.234,                  trainer.py:539
                    train/confidence_abs_error=0.128,                           
                    train/confidence_pred_mean=0.307,                           
                    train/confidence_cumprod_bias=0.001,                        
                    train/loss=0.212, train/ce_loss=0.428,                      
                    train/tv_loss=0.085, train/accept_rate=0.527,               
                    train/accept_len=3.360, train/full_acc=0.566,               
                    train/position_1_acc=0.877,                                 
                    train/position_2_acc=0.690,                                 
                    train/position_3_acc=0.597,                                 
                    train/position_4_acc=0.509,                                 
                    train/position_5_acc=0.448,                                 
                    train/position_6_acc=0.429,                                 
                    train/position_7_acc=0.402,                                 
                    profile/fetch_ms=68.443,                                    
                    profile/fwd_ms=2.23e+03,                                    
                    profile/bwd_ms=87.160,                                      
                    profile/opt_ms=259.730,                                     
                    profile/step_ms=2.65e+03,                                   
                    profile/tokens_per_s=1.52e+03,                              
                    profile/fetch_frac=0.026, epoch=0,                          
                    lr/Muon=0.003, lr/AdamW=2.65e-04,                           
                    global_step=1160                                            
[10:57:42] INFO     train/confidence_loss=0.254,                  trainer.py:539
                    train/confidence_abs_error=0.136,                           
                    train/confidence_pred_mean=0.283,                           
                    train/confidence_cumprod_bias=0.003,                        
                    train/loss=0.244, train/ce_loss=0.572,                      
                    train/tv_loss=0.095, train/accept_rate=0.489,               
                    train/accept_len=3.115, train/full_acc=0.523,               
                    train/position_1_acc=0.817,                                 
                    train/position_2_acc=0.590,                                 
                    train/position_3_acc=0.516,                                 
                    train/position_4_acc=0.486,                                 
                    train/position_5_acc=0.462,                                 
                    train/position_6_acc=0.420,                                 
                    train/position_7_acc=0.367,                                 
                    profile/fetch_ms=66.288,                                    
                    profile/fwd_ms=2.55e+03,                                    
                    profile/bwd_ms=89.114, profile/opt_ms=0.028,                
                    profile/step_ms=2.71e+03,                                   
                    profile/tokens_per_s=1.47e+03,                              
                    profile/fetch_frac=0.025, epoch=0,                          
                    lr/Muon=0.003, lr/AdamW=2.60e-04,                           
                    global_step=1180                                            
[10:58:05] INFO     train/confidence_loss=0.230,                  trainer.py:539
                    train/confidence_abs_error=0.115,                           
                    train/confidence_pred_mean=0.244,                           
                    train/confidence_cumprod_bias=-0.011,                       
                    train/loss=0.242, train/ce_loss=0.556,                      
                    train/tv_loss=0.105, train/accept_rate=0.441,               
                    train/accept_len=2.898, train/full_acc=0.470,               
                    train/position_1_acc=0.772,                                 
                    train/position_2_acc=0.549,                                 
                    train/position_3_acc=0.460,                                 
                    train/position_4_acc=0.417,                                 
                    train/position_5_acc=0.390,                                 
                    train/position_6_acc=0.351,                                 
                    train/position_7_acc=0.349,                                 
                    profile/fetch_ms=2.838,                                     
                    profile/fwd_ms=1.73e+03,                                    
                    profile/bwd_ms=84.391, profile/opt_ms=0.031,                
                    profile/step_ms=1.82e+03,                                   
                    profile/tokens_per_s=2.11e+03,                              
                    profile/fetch_frac=0.002, epoch=0,                          
                    lr/Muon=0.003, lr/AdamW=2.54e-04,                           
                    global_step=1200                                            
[10:58:32] INFO     train/confidence_loss=0.238,                  trainer.py:539
                    train/confidence_abs_error=0.120,                           
                    train/confidence_pred_mean=0.220,                           
                    train/confidence_cumprod_bias=-0.014,                       
                    train/loss=0.258, train/ce_loss=0.631,                      
                    train/tv_loss=0.110, train/accept_rate=0.411,               
                    train/accept_len=2.660, train/full_acc=0.454,               
                    train/position_1_acc=0.790,                                 
                    train/position_2_acc=0.550,                                 
                    train/position_3_acc=0.438,                                 
                    train/position_4_acc=0.377,                                 
                    train/position_5_acc=0.354,                                 
                    train/position_6_acc=0.327,                                 
                    train/position_7_acc=0.339,                                 
                    profile/fetch_ms=65.798,                                    
                    profile/fwd_ms=2.40e+03,                                    
                    profile/bwd_ms=86.093,                                      
                    profile/opt_ms=294.487,                                     
                    profile/step_ms=2.85e+03,                                   
                    profile/tokens_per_s=1.41e+03,                              
                    profile/fetch_frac=0.023, epoch=0,                          
                    lr/Muon=0.002, lr/AdamW=2.48e-04,                           
                    global_step=1220                                            
[10:58:55] INFO     train/confidence_loss=0.244,                  trainer.py:539
                    train/confidence_abs_error=0.130,                           
                    train/confidence_pred_mean=0.261,                           
                    train/confidence_cumprod_bias=0.012,                        
                    train/loss=0.253, train/ce_loss=0.591,                      
                    train/tv_loss=0.107, train/accept_rate=0.418,               
                    train/accept_len=2.731, train/full_acc=0.454,               
                    train/position_1_acc=0.806,                                 
                    train/position_2_acc=0.563,                                 
                    train/position_3_acc=0.452,                                 
                    train/position_4_acc=0.393,                                 
                    train/position_5_acc=0.337,                                 
                    train/position_6_acc=0.317,                                 
                    train/position_7_acc=0.308,                                 
                    profile/fetch_ms=72.066,                                    
                    profile/fwd_ms=1.30e+03,                                    
                    profile/bwd_ms=84.325, profile/opt_ms=0.056,                
                    profile/step_ms=1.46e+03,                                   
                    profile/tokens_per_s=2.76e+03,                              
                    profile/fetch_frac=0.049, epoch=0,                          
                    lr/Muon=0.002, lr/AdamW=2.42e-04,                           
                    global_step=1240                                            
[10:59:20] INFO     train/confidence_loss=0.240,                  trainer.py:539
                    train/confidence_abs_error=0.125,                           
                    train/confidence_pred_mean=0.267,                           
                    train/confidence_cumprod_bias=0.003,                        
                    train/loss=0.244, train/ce_loss=0.559,                      
                    train/tv_loss=0.102, train/accept_rate=0.454,               
                    train/accept_len=2.942, train/full_acc=0.497,               
                    train/position_1_acc=0.787,                                 
                    train/position_2_acc=0.585,                                 
                    train/position_3_acc=0.515,                                 
                    train/position_4_acc=0.455,                                 
                    train/position_5_acc=0.401,                                 
                    train/position_6_acc=0.373,                                 
                    train/position_7_acc=0.360,                                 
                    profile/fetch_ms=23.390,                                    
                    profile/fwd_ms=1.78e+03,                                    
                    profile/bwd_ms=85.540, profile/opt_ms=0.052,                
                    profile/step_ms=1.89e+03,                                   
                    profile/tokens_per_s=2.14e+03,                              
                    profile/fetch_frac=0.012, epoch=0,                          
                    lr/Muon=0.002, lr/AdamW=2.36e-04,                           
                    global_step=1260                                            
[10:59:45] INFO     train/confidence_loss=0.215,                  trainer.py:539
                    train/confidence_abs_error=0.120,                           
                    train/confidence_pred_mean=0.300,                           
                    train/confidence_cumprod_bias=9.06e-04,                     
                    train/loss=0.209, train/ce_loss=0.456,                      
                    train/tv_loss=0.086, train/accept_rate=0.525,               
                    train/accept_len=3.442, train/full_acc=0.561,               
                    train/position_1_acc=0.854,                                 
                    train/position_2_acc=0.670,                                 
                    train/position_3_acc=0.577,                                 
                    train/position_4_acc=0.524,                                 
                    train/position_5_acc=0.454,                                 
                    train/position_6_acc=0.443,                                 
                    train/position_7_acc=0.398,                                 
                    profile/fetch_ms=67.288,                                    
                    profile/fwd_ms=2.97e+03,                                    
                    profile/bwd_ms=86.283,                                      
                    profile/opt_ms=227.663,                                     
                    profile/step_ms=3.35e+03,                                   
                    profile/tokens_per_s=1.20e+03,                              
                    profile/fetch_frac=0.020, epoch=0,                          
                    lr/Muon=0.002, lr/AdamW=2.30e-04,                           
                    global_step=1280                                            
[11:00:07] INFO     train/confidence_loss=0.236,                  trainer.py:539
                    train/confidence_abs_error=0.122,                           
                    train/confidence_pred_mean=0.250,                           
                    train/confidence_cumprod_bias=-0.022,                       
                    train/loss=0.231, train/ce_loss=0.506,                      
                    train/tv_loss=0.096, train/accept_rate=0.473,               
                    train/accept_len=3.027, train/full_acc=0.512,               
                    train/position_1_acc=0.820,                                 
                    train/position_2_acc=0.614,                                 
                    train/position_3_acc=0.523,                                 
                    train/position_4_acc=0.452,                                 
                    train/position_5_acc=0.425,                                 
                    train/position_6_acc=0.380,                                 
                    train/position_7_acc=0.367,                                 
                    profile/fetch_ms=65.935,                                    
                    profile/fwd_ms=1.54e+03,                                    
                    profile/bwd_ms=84.360, profile/opt_ms=0.040,                
                    profile/step_ms=1.69e+03,                                   
                    profile/tokens_per_s=2.25e+03,                              
                    profile/fetch_frac=0.039, epoch=0,                          
                    lr/Muon=0.002, lr/AdamW=2.25e-04,                           
                    global_step=1300                                            
[11:00:31] INFO     train/confidence_loss=0.232,                  trainer.py:539
                    train/confidence_abs_error=0.123,                           
                    train/confidence_pred_mean=0.290,                           
                    train/confidence_cumprod_bias=-0.004,                       
                    train/loss=0.220, train/ce_loss=0.475,                      
                    train/tv_loss=0.091, train/accept_rate=0.506,               
                    train/accept_len=3.231, train/full_acc=0.542,               
                    train/position_1_acc=0.803,                                 
                    train/position_2_acc=0.643,                                 
                    train/position_3_acc=0.546,                                 
                    train/position_4_acc=0.529,                                 
                    train/position_5_acc=0.456,                                 
                    train/position_6_acc=0.416,                                 
                    train/position_7_acc=0.397,                                 
                    profile/fetch_ms=58.436,                                    
                    profile/fwd_ms=1.19e+03,                                    
                    profile/bwd_ms=82.487, profile/opt_ms=0.031,                
                    profile/step_ms=1.34e+03,                                   
                    profile/tokens_per_s=2.74e+03,                              
                    profile/fetch_frac=0.044, epoch=0,                          
                    lr/Muon=0.002, lr/AdamW=2.19e-04,                           
                    global_step=1320                                            
[11:00:55] INFO     train/confidence_loss=0.237,                  trainer.py:539
                    train/confidence_abs_error=0.125,                           
                    train/confidence_pred_mean=0.292,                           
                    train/confidence_cumprod_bias=0.008,                        
                    train/loss=0.228, train/ce_loss=0.478,                      
                    train/tv_loss=0.093, train/accept_rate=0.482,               
                    train/accept_len=3.170, train/full_acc=0.515,               
                    train/position_1_acc=0.839,                                 
                    train/position_2_acc=0.637,                                 
                    train/position_3_acc=0.518,                                 
                    train/position_4_acc=0.437,                                 
                    train/position_5_acc=0.450,                                 
                    train/position_6_acc=0.371,                                 
                    train/position_7_acc=0.351,                                 
                    profile/fetch_ms=40.087,                                    
                    profile/fwd_ms=276.630,                                     
                    profile/bwd_ms=84.489,                                      
                    profile/opt_ms=266.245,                                     
                    profile/step_ms=667.451,                                    
                    profile/tokens_per_s=5.88e+03,                              
                    profile/fetch_frac=0.060, epoch=0,                          
                    lr/Muon=0.002, lr/AdamW=2.13e-04,                           
                    global_step=1340                                            
W0910 11:01:10.367000 21625 site-packages/torch/distributed/elastic/agent/server/api.py:739] Received 15 death signal, shutting down workers
W0910 11:01:10.372000 21625 site-packages/torch/distributed/elastic/multiprocessing/api.py:1010] Sending process 21669 closing signal SIGTERM
W0910 11:01:10.373000 21625 site-packages/torch/distributed/elastic/multiprocessing/api.py:1010] Sending process 21670 closing signal SIGTERM
W0910 11:01:10.376000 21625 site-packages/torch/distributed/elastic/multiprocessing/api.py:1010] Sending process 21671 closing signal SIGTERM
W0910 11:01:10.379000 21625 site-packages/torch/distributed/elastic/multiprocessing/api.py:1010] Sending process 21672 closing signal SIGTERM
[11:01:10] WARNING  Received SIGTERM — interrupting      graceful_shutdown.py:90
                    training to save checkpoint. Send                           
                    again to force immediate exit.                              
Epoch 0  65% ━━━━━━━━━━━━━━━         1,352/2,068  [ 0:27:25 < 0:14:52 , 1 it/s ]
           WARNING  Training interrupted — attempting   graceful_shutdown.py:122
                    to save checkpoint (timeout=120s,                           
                    send Ctrl+C again to force exit)...                         
           INFO     Saving checkpoint to                          trainer.py:633
                    /home/y50063564/dataloader_diag/checkpoints/i               
                    nterrupted                                                  
