/usr/local/python3.12.13/lib/python3.12/site-packages/transformers/loss/loss_for_object_detection.py:27: UserWarning: A NumPy version >=1.22.4 and <2.3.0 is required for this version of SciPy (detected version 2.4.6)
  from scipy.optimize import linear_sum_assignment
/usr/local/python3.12.13/lib/python3.12/site-packages/transformers/loss/loss_for_object_detection.py:27: UserWarning: A NumPy version >=1.22.4 and <2.3.0 is required for this version of SciPy (detected version 2.4.6)
  from scipy.optimize import linear_sum_assignment
/usr/local/python3.12.13/lib/python3.12/site-packages/transformers/loss/loss_for_object_detection.py:27: UserWarning: A NumPy version >=1.22.4 and <2.3.0 is required for this version of SciPy (detected version 2.4.6)
  from scipy.optimize import linear_sum_assignment
/usr/local/python3.12.13/lib/python3.12/site-packages/transformers/loss/loss_for_object_detection.py:27: UserWarning: A NumPy version >=1.22.4 and <2.3.0 is required for this version of SciPy (detected version 2.4.6)
  from scipy.optimize import linear_sum_assignment
[timeout] aclrtSetOpExecuteTimeOut(0) rc=0
           INFO     get env TERM = xterm                      patch_getenv.py:15
[11:30:39] INFO     get env LOCAL_RANK = 0                    patch_getenv.py:15
[timeout] aclrtSetOpExecuteTimeOut(0) rc=0
[timeout] aclrtSetOpExecuteTimeOut(0) rc=0
[timeout] aclrtSetOpExecuteTimeOut(0) rc=0
[11:30:40] INFO     get env WORLD_SIZE = 4                    patch_getenv.py:15
           INFO     get env MASTER_ADDR =                     patch_getenv.py:15
                    localhost.localdomain                                       
           INFO     get env MASTER_PORT = 36435               patch_getenv.py:15
           INFO     get env TORCHELASTIC_USE_AGENT_STORE =    patch_getenv.py:15
                    True                                                        
           INFO     Started distributed with local_rank=0,    distributed.py:163
                    dp_size=4, sp_size=1                                        
           INFO     get env PATH =                            patch_getenv.py:15
                    /usr/local/Ascend/nnal/atb/latest/atb/cxx                   
                    _abi_1/bin:/usr/local/Ascend/cann-9.0.0/t                   
                    ools/bishengir/bin:/usr/local/Ascend/cann                   
                    -9.0.0/bin:/usr/local/Ascend/cann-9.0.0/t                   
                    ools/ccec_compiler/bin:/usr/local/Ascend/                   
                    cann-9.0.0/tools/profiler/bin:/usr/local/                   
                    Ascend/cann-9.0.0/tools/ascend_system_adv                   
                    isor/asys:/usr/local/Ascend/cann-9.0.0/to                   
                    ols/show_kernel_debug_data:/usr/local/Asc                   
                    end/cann-9.0.0/tools/msobjdump:/home/y500                   
                    63564/node_modules/.bin:/usr/local/Ascend                   
                    /nnal/atb/latest/atb/cxx_abi_1/bin:/usr/l                   
                    ocal/Ascend/nnal/atb/latest/atb/cxx_abi_1                   
                    /bin:/usr/local/Ascend/ascend-toolkit/lat                   
                    est/bin:/usr/local/Ascend/ascend-toolkit/                   
                    latest/compiler/ccec_compiler/bin:/usr/lo                   
                    cal/Ascend/ascend-toolkit/latest/tools/cc                   
                    ec_compiler/bin:/usr/local/python3.12.13/                   
                    bin:/usr/local/sbin:/usr/local/bin:/usr/s                   
                    bin:/usr/bin:/sbin:/bin:/usr/local/go/bin                   
           INFO     Loading vocab mappings from                     train.py:236
                    '/home/y50063564/data/open_perfectblend_qwen3_4             
                    b_50k/d2t.npy' and                                          
                    '/home/y50063564/data/open_perfectblend_qwen3_4             
                    b_50k/t2d.npy'                                              
           INFO     All 5 draft layers using sliding window         train.py:396
                    attention (window=2048). To use full attention              
                    on specific layers, pass                                    
                    '--full-attention-indices <layer_ids>'.                     
[11:30:41] INFO     Started distributed with local_rank=2,    distributed.py:163
                    dp_size=4, sp_size=1                                        
[11:30:41] WARNING  Added <|MASK|> to tokenizer,                     utils.py:49
                    mask_token_id=151669 (tokenizer len=151670,                 
                    vocab_size=151936)                                          
[11:30:41] INFO     Started distributed with local_rank=1,    distributed.py:163
                    dp_size=4, sp_size=1                                        
[11:30:41] INFO     Started distributed with local_rank=3,    distributed.py:163
                    dp_size=4, sp_size=1                                        
2026-09-10 11:30:55.312 | INFO     | speculators.utils.loading:_resolve_file:136 - Loading from local directory: /home/y50063564/Qwen3-4B
2026-09-10 11:30:55.313 | WARNING  | speculators.utils.loading:load_model_layers:104 - Tensor 'lm_head.weight' not found in weight_map.
2026-09-10 11:30:55.313 | INFO     | speculators.utils.loading:_resolve_file:136 - Loading from local directory: /home/y50063564/Qwen3-4B
2026-09-10 11:30:55.315 | INFO     | speculators.utils.loading:_resolve_file:136 - Loading from local directory: /home/y50063564/Qwen3-4B
2026-09-10 11:30:55.632 | INFO     | speculators.utils.loading:_resolve_file:136 - Loading from local directory: /home/y50063564/Qwen3-4B
2026-09-10 11:30:55.633 | WARNING  | speculators.utils.loading:load_model_layers:104 - Tensor 'lm_head.weight' not found in weight_map.
2026-09-10 11:30:55.633 | INFO     | speculators.utils.loading:_resolve_file:136 - Loading from local directory: /home/y50063564/Qwen3-4B
2026-09-10 11:30:55.635 | INFO     | speculators.utils.loading:_resolve_file:136 - Loading from local directory: /home/y50063564/Qwen3-4B
2026-09-10 11:30:55.726 | INFO     | speculators.utils.loading:_resolve_file:136 - Loading from local directory: /home/y50063564/Qwen3-4B
2026-09-10 11:30:55.727 | WARNING  | speculators.utils.loading:load_model_layers:104 - Tensor 'lm_head.weight' not found in weight_map.
2026-09-10 11:30:55.727 | INFO     | speculators.utils.loading:_resolve_file:136 - Loading from local directory: /home/y50063564/Qwen3-4B
2026-09-10 11:30:55.729 | INFO     | speculators.utils.loading:_resolve_file:136 - Loading from local directory: /home/y50063564/Qwen3-4B
2026-09-10 11:30:55.989 | INFO     | speculators.utils.loading:_resolve_file:136 - Loading from local directory: /home/y50063564/Qwen3-4B
2026-09-10 11:30:55.990 | WARNING  | speculators.utils.loading:load_model_layers:104 - Tensor 'lm_head.weight' not found in weight_map.
2026-09-10 11:30:55.990 | INFO     | speculators.utils.loading:_resolve_file:136 - Loading from local directory: /home/y50063564/Qwen3-4B
2026-09-10 11:30:55.993 | INFO     | speculators.utils.loading:_resolve_file:136 - Loading from local directory: /home/y50063564/Qwen3-4B
[11:30:57] INFO     get env DL_IN_ORDER = 0                   patch_getenv.py:15
           INFO     No previous training checkpoint found in      trainer.py:286
                    '/home/y50063564/dataloader_diag/checkpoints_               
                    inorder0'. Starting fresh training run.                     
[11:31:02] INFO     Muon optimizer: 39 2D params via Muon, 23   optimizers.py:76
                    params via AdamW.                                           
[timeout] aclrtSetOpExecuteTimeOut(0) rc=0
[timeout] aclrtSetOpExecuteTimeOut(0) rc=0
[timeout] aclrtSetOpExecuteTimeOut(0) rc=0
[timeout] aclrtSetOpExecuteTimeOut(0) rc=0
[11:31:03] INFO     Training epoch 1/1 started                    trainer.py:692
/usr/local/python3.12.13/lib/python3.12/site-packages/torch/_dynamo/_trace_wrapped_higher_order_op.py:147: UserWarning: Cannot create tensor with interal format while allow_internel_format=False, tensor will be created with base format. (Triggered internally at ../torch_npu/csrc/aten/common/TensorFactories.cpp:340.)
  return func(*args, **(kwargs or {}))
/usr/local/python3.12.13/lib/python3.12/site-packages/torch/_dynamo/_trace_wrapped_higher_order_op.py:147: UserWarning: Cannot create tensor with interal format while allow_internel_format=False, tensor will be created with base format. (Triggered internally at ../torch_npu/csrc/aten/common/TensorFactories.cpp:340.)
  return func(*args, **(kwargs or {}))
/usr/local/python3.12.13/lib/python3.12/site-packages/torch/_dynamo/_trace_wrapped_higher_order_op.py:147: UserWarning: Cannot create tensor with interal format while allow_internel_format=False, tensor will be created with base format. (Triggered internally at ../torch_npu/csrc/aten/common/TensorFactories.cpp:340.)
  return func(*args, **(kwargs or {}))
/usr/local/python3.12.13/lib/python3.12/site-packages/torch/_dynamo/_trace_wrapped_higher_order_op.py:147: UserWarning: Cannot create tensor with interal format while allow_internel_format=False, tensor will be created with base format. (Triggered internally at ../torch_npu/csrc/aten/common/TensorFactories.cpp:340.)
  return func(*args, **(kwargs or {}))
[11:31:08] INFO     train/confidence_loss=0.398,                  trainer.py:550
                    train/confidence_abs_error=0.297,                           
                    train/confidence_pred_mean=0.297,                           
                    train/confidence_cumprod_bias=0.160,                        
                    train/loss=0.588, train/ce_loss=2.362,                      
                    train/tv_loss=0.214,                                        
                    train/accept_rate=2.68e-04,                                 
                    train/accept_len=1.000,                                     
                    train/full_acc=0.00e+00,                                    
                    train/position_1_acc=0.00e+00,                              
                    train/position_2_acc=0.00e+00,                              
                    train/position_3_acc=0.00e+00,                              
                    train/position_4_acc=0.00e+00,                              
                    train/position_5_acc=0.00e+00,                              
                    train/position_6_acc=0.00e+00,                              
                    train/position_7_acc=0.00e+00,                              
                    profile/fetch_ms=2.53e+03,                                  
                    profile/fwd_ms=2.07e+03,                                    
                    profile/bwd_ms=309.365, profile/opt_ms=0.069,               
                    profile/step_ms=4.91e+03,                                   
                    profile/tokens_per_s=804.592,                               
                    profile/fetch_frac=0.515, epoch=0,                          
                    lr/Muon=0.00e+00, lr/AdamW=0.00e+00,                        
                    global_step=0                                               
[11:31:30] INFO     train/confidence_loss=0.395,                  trainer.py:550
                    train/confidence_abs_error=0.243,                           
                    train/confidence_pred_mean=0.257,                           
                    train/confidence_cumprod_bias=0.184,                        
                    train/loss=0.519, train/ce_loss=1.750,                      
                    train/tv_loss=0.206, train/accept_rate=0.030,               
                    train/accept_len=1.031, train/full_acc=0.063,               
                    train/position_1_acc=0.059,                                 
                    train/position_2_acc=0.066,                                 
                    train/position_3_acc=0.068,                                 
                    train/position_4_acc=0.059,                                 
                    train/position_5_acc=0.066,                                 
                    train/position_6_acc=0.069,                                 
                    train/position_7_acc=0.054,                                 
                    profile/fetch_ms=74.396,                                    
                    profile/fwd_ms=362.119,                                     
                    profile/bwd_ms=93.268,                                      
                    profile/opt_ms=274.211,                                     
                    profile/step_ms=803.993,                                    
                    profile/tokens_per_s=4.98e+03,                              
                    profile/fetch_frac=0.093, epoch=0,                          
                    lr/Muon=0.006, lr/AdamW=5.99e-04,                           
                    global_step=20                                              
[11:31:55] INFO     train/confidence_loss=0.344,                  trainer.py:550
                    train/confidence_abs_error=0.072,                           
                    train/confidence_pred_mean=0.004,                           
                    train/confidence_cumprod_bias=-0.028,                       
                    train/loss=0.438, train/ce_loss=1.325,                      
                    train/tv_loss=0.186, train/accept_rate=0.129,               
                    train/accept_len=1.201, train/full_acc=0.171,               
                    train/position_1_acc=0.192,                                 
                    train/position_2_acc=0.175,                                 
                    train/position_3_acc=0.159,                                 
                    train/position_4_acc=0.180,                                 
                    train/position_5_acc=0.167,                                 
                    train/position_6_acc=0.168,                                 
                    train/position_7_acc=0.151,                                 
                    profile/fetch_ms=73.234,                                    
                    profile/fwd_ms=924.353,                                     
                    profile/bwd_ms=92.607, profile/opt_ms=0.051,                
                    profile/step_ms=1.09e+03,                                   
                    profile/tokens_per_s=3.52e+03,                              
                    profile/fetch_frac=0.067, epoch=0,                          
                    lr/Muon=0.006, lr/AdamW=5.94e-04,                           
                    global_step=40                                              
[11:32:19] INFO     train/confidence_loss=0.229,                  trainer.py:550
                    train/confidence_abs_error=0.151,                           
                    train/confidence_pred_mean=0.162,                           
                    train/confidence_cumprod_bias=0.034,                        
                    train/loss=0.403, train/ce_loss=1.450,                      
                    train/tv_loss=0.184, train/accept_rate=0.136,               
                    train/accept_len=1.206, train/full_acc=0.162,               
                    train/position_1_acc=0.172,                                 
                    train/position_2_acc=0.178,                                 
                    train/position_3_acc=0.170,                                 
                    train/position_4_acc=0.132,                                 
                    train/position_5_acc=0.154,                                 
                    train/position_6_acc=0.165,                                 
                    train/position_7_acc=0.164,                                 
                    profile/fetch_ms=2.855,                                     
                    profile/fwd_ms=88.542, profile/bwd_ms=89.842,               
                    profile/opt_ms=0.044,                                       
                    profile/step_ms=181.284,                                    
                    profile/tokens_per_s=2.23e+04,                              
                    profile/fetch_frac=0.016, epoch=0,                          
                    lr/Muon=0.006, lr/AdamW=5.88e-04,                           
                    global_step=60                                              
[11:32:44] INFO     train/confidence_loss=0.219,                  trainer.py:550
                    train/confidence_abs_error=0.139,                           
                    train/confidence_pred_mean=0.155,                           
                    train/confidence_cumprod_bias=0.033,                        
                    train/loss=0.397, train/ce_loss=1.450,                      
                    train/tv_loss=0.184, train/accept_rate=0.140,               
                    train/accept_len=1.209, train/full_acc=0.165,               
                    train/position_1_acc=0.157,                                 
                    train/position_2_acc=0.173,                                 
                    train/position_3_acc=0.179,                                 
                    train/position_4_acc=0.170,                                 
                    train/position_5_acc=0.158,                                 
                    train/position_6_acc=0.160,                                 
                    train/position_7_acc=0.157,                                 
                    profile/fetch_ms=72.966,                                    
                    profile/fwd_ms=89.804, profile/bwd_ms=96.610,               
                    profile/opt_ms=309.000,                                     
                    profile/step_ms=568.380,                                    
                    profile/tokens_per_s=6.95e+03,                              
                    profile/fetch_frac=0.128, epoch=0,                          
                    lr/Muon=0.006, lr/AdamW=5.82e-04,                           
                    global_step=80                                              
[11:33:09] INFO     train/confidence_loss=0.230,                  trainer.py:550
                    train/confidence_abs_error=0.094,                           
                    train/confidence_pred_mean=0.057,                           
                    train/confidence_cumprod_bias=-0.024,                       
                    train/loss=0.378, train/ce_loss=1.281,                      
                    train/tv_loss=0.177, train/accept_rate=0.171,               
                    train/accept_len=1.293, train/full_acc=0.203,               
                    train/position_1_acc=0.235,                                 
                    train/position_2_acc=0.192,                                 
                    train/position_3_acc=0.210,                                 
                    train/position_4_acc=0.184,                                 
                    train/position_5_acc=0.204,                                 
                    train/position_6_acc=0.192,                                 
                    train/position_7_acc=0.202,                                 
                    profile/fetch_ms=73.918,                                    
                    profile/fwd_ms=2.28e+03,                                    
                    profile/bwd_ms=91.863, profile/opt_ms=0.036,                
                    profile/step_ms=2.45e+03,                                   
                    profile/tokens_per_s=1.61e+03,                              
                    profile/fetch_frac=0.030, epoch=0,                          
                    lr/Muon=0.006, lr/AdamW=5.76e-04,                           
                    global_step=100                                             
[11:33:34] INFO     train/confidence_loss=0.240,                  trainer.py:550
                    train/confidence_abs_error=0.137,                           
                    train/confidence_pred_mean=0.159,                           
                    train/confidence_cumprod_bias=0.016,                        
                    train/loss=0.375, train/ce_loss=1.250,                      
                    train/tv_loss=0.170, train/accept_rate=0.194,               
                    train/accept_len=1.351, train/full_acc=0.220,               
                    train/position_1_acc=0.257,                                 
                    train/position_2_acc=0.248,                                 
                    train/position_3_acc=0.226,                                 
                    train/position_4_acc=0.222,                                 
                    train/position_5_acc=0.206,                                 
                    train/position_6_acc=0.192,                                 
                    train/position_7_acc=0.190,                                 
                    profile/fetch_ms=2.826,                                     
                    profile/fwd_ms=1.77e+03,                                    
                    profile/bwd_ms=92.391, profile/opt_ms=0.029,                
                    profile/step_ms=1.86e+03,                                   
                    profile/tokens_per_s=2.08e+03,                              
                    profile/fetch_frac=0.002, epoch=0,                          
                    lr/Muon=0.006, lr/AdamW=5.70e-04,                           
                    global_step=120                                             
[11:33:58] INFO     train/confidence_loss=0.250,                  trainer.py:550
                    train/confidence_abs_error=0.141,                           
                    train/confidence_pred_mean=0.167,                           
                    train/confidence_cumprod_bias=0.009,                        
                    train/loss=0.367, train/ce_loss=1.212,                      
                    train/tv_loss=0.164, train/accept_rate=0.215,               
                    train/accept_len=1.516, train/full_acc=0.245,               
                    train/position_1_acc=0.332,                                 
                    train/position_2_acc=0.279,                                 
                    train/position_3_acc=0.255,                                 
                    train/position_4_acc=0.225,                                 
                    train/position_5_acc=0.214,                                 
                    train/position_6_acc=0.210,                                 
                    train/position_7_acc=0.198,                                 
                    profile/fetch_ms=78.380,                                    
                    profile/fwd_ms=1.19e+03,                                    
                    profile/bwd_ms=92.899,                                      
                    profile/opt_ms=221.672,                                     
                    profile/step_ms=1.59e+03,                                   
                    profile/tokens_per_s=2.42e+03,                              
                    profile/fetch_frac=0.049, epoch=0,                          
                    lr/Muon=0.006, lr/AdamW=5.64e-04,                           
                    global_step=140                                             
[11:34:22] INFO     train/confidence_loss=0.277,                  trainer.py:550
                    train/confidence_abs_error=0.127,                           
                    train/confidence_pred_mean=0.115,                           
                    train/confidence_cumprod_bias=-0.043,                       
                    train/loss=0.347, train/ce_loss=0.988,                      
                    train/tv_loss=0.152, train/accept_rate=0.256,               
                    train/accept_len=1.701, train/full_acc=0.291,               
                    train/position_1_acc=0.440,                                 
                    train/position_2_acc=0.321,                                 
                    train/position_3_acc=0.263,                                 
                    train/position_4_acc=0.265,                                 
                    train/position_5_acc=0.249,                                 
                    train/position_6_acc=0.254,                                 
                    train/position_7_acc=0.247,                                 
                    profile/fetch_ms=105.701,                                   
                    profile/fwd_ms=779.796,                                     
                    profile/bwd_ms=93.368, profile/opt_ms=0.032,                
                    profile/step_ms=978.897,                                    
                    profile/tokens_per_s=3.93e+03,                              
                    profile/fetch_frac=0.108, epoch=0,                          
                    lr/Muon=0.006, lr/AdamW=5.59e-04,                           
                    global_step=160                                             
[11:34:45] INFO     train/confidence_loss=0.270,                  trainer.py:550
                    train/confidence_abs_error=0.154,                           
                    train/confidence_pred_mean=0.213,                           
                    train/confidence_cumprod_bias=0.027,                        
                    train/loss=0.344, train/ce_loss=1.000,                      
                    train/tv_loss=0.150, train/accept_rate=0.258,               
                    train/accept_len=1.760, train/full_acc=0.289,               
                    train/position_1_acc=0.456,                                 
                    train/position_2_acc=0.325,                                 
                    train/position_3_acc=0.271,                                 
                    train/position_4_acc=0.246,                                 
                    train/position_5_acc=0.233,                                 
                    train/position_6_acc=0.238,                                 
                    train/position_7_acc=0.250,                                 
                    profile/fetch_ms=4.759,                                     
                    profile/fwd_ms=1.61e+03,                                    
                    profile/bwd_ms=92.558, profile/opt_ms=0.035,                
                    profile/step_ms=1.70e+03,                                   
                    profile/tokens_per_s=2.27e+03,                              
                    profile/fetch_frac=0.003, epoch=0,                          
                    lr/Muon=0.006, lr/AdamW=5.53e-04,                           
                    global_step=180                                             
[11:35:10] INFO     train/confidence_loss=0.268,                  trainer.py:550
                    train/confidence_abs_error=0.149,                           
                    train/confidence_pred_mean=0.233,                           
                    train/confidence_cumprod_bias=0.035,                        
                    train/loss=0.320, train/ce_loss=0.875,                      
                    train/tv_loss=0.141, train/accept_rate=0.293,               
                    train/accept_len=1.972, train/full_acc=0.320,               
                    train/position_1_acc=0.561,                                 
                    train/position_2_acc=0.368,                                 
                    train/position_3_acc=0.297,                                 
                    train/position_4_acc=0.273,                                 
                    train/position_5_acc=0.267,                                 
                    train/position_6_acc=0.223,                                 
                    train/position_7_acc=0.248,                                 
                    profile/fetch_ms=73.022,                                    
                    profile/fwd_ms=1.94e+03,                                    
                    profile/bwd_ms=92.835,                                      
                    profile/opt_ms=286.112,                                     
                    profile/step_ms=2.40e+03,                                   
                    profile/tokens_per_s=1.65e+03,                              
                    profile/fetch_frac=0.030, epoch=0,                          
                    lr/Muon=0.005, lr/AdamW=5.46e-04,                           
                    global_step=200                                             
[11:35:34] INFO     train/confidence_loss=0.244,                  trainer.py:550
                    train/confidence_abs_error=0.098,                           
                    train/confidence_pred_mean=0.098,                           
                    train/confidence_cumprod_bias=-0.018,                       
                    train/loss=0.344, train/ce_loss=1.062,                      
                    train/tv_loss=0.155, train/accept_rate=0.234,               
                    train/accept_len=1.733, train/full_acc=0.269,               
                    train/position_1_acc=0.475,                                 
                    train/position_2_acc=0.275,                                 
                    train/position_3_acc=0.249,                                 
                    train/position_4_acc=0.245,                                 
                    train/position_5_acc=0.229,                                 
                    train/position_6_acc=0.205,                                 
                    train/position_7_acc=0.204,                                 
                    profile/fetch_ms=73.999,                                    
                    profile/fwd_ms=1.78e+03,                                    
                    profile/bwd_ms=91.386, profile/opt_ms=0.038,                
                    profile/step_ms=1.94e+03,                                   
                    profile/tokens_per_s=2.02e+03,                              
                    profile/fetch_frac=0.038, epoch=0,                          
                    lr/Muon=0.005, lr/AdamW=5.41e-04,                           
                    global_step=220                                             
[11:35:58] INFO     train/confidence_loss=0.225,                  trainer.py:550
                    train/confidence_abs_error=0.125,                           
                    train/confidence_pred_mean=0.174,                           
                    train/confidence_cumprod_bias=0.019,                        
                    train/loss=0.336, train/ce_loss=1.094,                      
                    train/tv_loss=0.152, train/accept_rate=0.242,               
                    train/accept_len=1.816, train/full_acc=0.272,               
                    train/position_1_acc=0.485,                                 
                    train/position_2_acc=0.313,                                 
                    train/position_3_acc=0.260,                                 
                    train/position_4_acc=0.242,                                 
                    train/position_5_acc=0.201,                                 
                    train/position_6_acc=0.198,                                 
                    train/position_7_acc=0.205,                                 
                    profile/fetch_ms=13.684,                                    
                    profile/fwd_ms=1.88e+03,                                    
                    profile/bwd_ms=91.240, profile/opt_ms=0.027,                
                    profile/step_ms=1.98e+03,                                   
                    profile/tokens_per_s=1.95e+03,                              
                    profile/fetch_frac=0.007, epoch=0,                          
                    lr/Muon=0.005, lr/AdamW=5.35e-04,                           
                    global_step=240                                             
[11:36:22] INFO     train/confidence_loss=0.250,                  trainer.py:550
                    train/confidence_abs_error=0.120,                           
                    train/confidence_pred_mean=0.164,                           
                    train/confidence_cumprod_bias=-0.011,                       
                    train/loss=0.308, train/ce_loss=0.875,                      
                    train/tv_loss=0.135, train/accept_rate=0.316,               
                    train/accept_len=2.092, train/full_acc=0.347,               
                    train/position_1_acc=0.582,                                 
                    train/position_2_acc=0.390,                                 
                    train/position_3_acc=0.325,                                 
                    train/position_4_acc=0.324,                                 
                    train/position_5_acc=0.280,                                 
                    train/position_6_acc=0.271,                                 
                    train/position_7_acc=0.251,                                 
                    profile/fetch_ms=75.281,                                    
                    profile/fwd_ms=1.40e+03,                                    
                    profile/bwd_ms=91.391,                                      
                    profile/opt_ms=324.579,                                     
                    profile/step_ms=1.90e+03,                                   
                    profile/tokens_per_s=1.85e+03,                              
                    profile/fetch_frac=0.040, epoch=0,                          
                    lr/Muon=0.005, lr/AdamW=5.29e-04,                           
                    global_step=260                                             
[11:36:44] INFO     train/confidence_loss=0.270,                  trainer.py:550
                    train/confidence_abs_error=0.144,                           
                    train/confidence_pred_mean=0.240,                           
                    train/confidence_cumprod_bias=0.052,                        
                    train/loss=0.309, train/ce_loss=0.831,                      
                    train/tv_loss=0.133, train/accept_rate=0.319,               
                    train/accept_len=2.144, train/full_acc=0.354,               
                    train/position_1_acc=0.643,                                 
                    train/position_2_acc=0.411,                                 
                    train/position_3_acc=0.340,                                 
                    train/position_4_acc=0.282,                                 
                    train/position_5_acc=0.285,                                 
                    train/position_6_acc=0.260,                                 
                    train/position_7_acc=0.250,                                 
                    profile/fetch_ms=72.599,                                    
                    profile/fwd_ms=98.699, profile/bwd_ms=92.501,               
                    profile/opt_ms=0.048,                                       
                    profile/step_ms=263.848,                                    
                    profile/tokens_per_s=1.46e+04,                              
                    profile/fetch_frac=0.275, epoch=0,                          
                    lr/Muon=0.005, lr/AdamW=5.24e-04,                           
                    global_step=280                                             
[11:37:09] INFO     train/confidence_loss=0.231,                  trainer.py:550
                    train/confidence_abs_error=0.114,                           
                    train/confidence_pred_mean=0.157,                           
                    train/confidence_cumprod_bias=-0.023,                       
                    train/loss=0.300, train/ce_loss=0.869,                      
                    train/tv_loss=0.134, train/accept_rate=0.311,               
                    train/accept_len=2.170, train/full_acc=0.346,               
                    train/position_1_acc=0.631,                                 
                    train/position_2_acc=0.386,                                 
                    train/position_3_acc=0.319,                                 
                    train/position_4_acc=0.308,                                 
                    train/position_5_acc=0.275,                                 
                    train/position_6_acc=0.267,                                 
                    train/position_7_acc=0.231,                                 
                    profile/fetch_ms=19.330,                                    
                    profile/fwd_ms=231.259,                                     
                    profile/bwd_ms=91.769, profile/opt_ms=0.028,                
                    profile/step_ms=342.385,                                    
                    profile/tokens_per_s=1.17e+04,                              
                    profile/fetch_frac=0.056, epoch=0,                          
                    lr/Muon=0.005, lr/AdamW=5.17e-04,                           
                    global_step=300                                             
[11:37:35] INFO     train/confidence_loss=0.248,                  trainer.py:550
                    train/confidence_abs_error=0.122,                           
                    train/confidence_pred_mean=0.169,                           
                    train/confidence_cumprod_bias=-0.025,                       
                    train/loss=0.287, train/ce_loss=0.756,                      
                    train/tv_loss=0.127, train/accept_rate=0.345,               
                    train/accept_len=2.279, train/full_acc=0.384,               
                    train/position_1_acc=0.702,                                 
                    train/position_2_acc=0.429,                                 
                    train/position_3_acc=0.367,                                 
                    train/position_4_acc=0.301,                                 
                    train/position_5_acc=0.311,                                 
                    train/position_6_acc=0.289,                                 
                    train/position_7_acc=0.284,                                 
                    profile/fetch_ms=73.706,                                    
                    profile/fwd_ms=1.24e+03,                                    
                    profile/bwd_ms=93.795,                                      
                    profile/opt_ms=288.596,                                     
                    profile/step_ms=1.69e+03,                                   
                    profile/tokens_per_s=2.35e+03,                              
                    profile/fetch_frac=0.044, epoch=0,                          
                    lr/Muon=0.005, lr/AdamW=5.11e-04,                           
                    global_step=320                                             
[11:37:59] INFO     train/confidence_loss=0.232,                  trainer.py:550
                    train/confidence_abs_error=0.130,                           
                    train/confidence_pred_mean=0.198,                           
                    train/confidence_cumprod_bias=0.009,                        
                    train/loss=0.314, train/ce_loss=0.944,                      
                    train/tv_loss=0.140, train/accept_rate=0.291,               
                    train/accept_len=2.052, train/full_acc=0.325,               
                    train/position_1_acc=0.587,                                 
                    train/position_2_acc=0.352,                                 
                    train/position_3_acc=0.307,                                 
                    train/position_4_acc=0.298,                                 
                    train/position_5_acc=0.262,                                 
                    train/position_6_acc=0.238,                                 
                    train/position_7_acc=0.232,                                 
                    profile/fetch_ms=74.298,                                    
                    profile/fwd_ms=317.136,                                     
                    profile/bwd_ms=92.243, profile/opt_ms=0.071,                
                    profile/step_ms=483.748,                                    
                    profile/tokens_per_s=7.73e+03,                              
                    profile/fetch_frac=0.154, epoch=0,                          
                    lr/Muon=0.005, lr/AdamW=5.06e-04,                           
                    global_step=340                                             
[11:38:24] INFO     train/confidence_loss=0.248,                  trainer.py:550
                    train/confidence_abs_error=0.124,                           
                    train/confidence_pred_mean=0.149,                           
                    train/confidence_cumprod_bias=-0.033,                       
                    train/loss=0.308, train/ce_loss=0.869,                      
                    train/tv_loss=0.136, train/accept_rate=0.312,               
                    train/accept_len=2.090, train/full_acc=0.341,               
                    train/position_1_acc=0.623,                                 
                    train/position_2_acc=0.379,                                 
                    train/position_3_acc=0.312,                                 
                    train/position_4_acc=0.286,                                 
                    train/position_5_acc=0.264,                                 
                    train/position_6_acc=0.262,                                 
                    train/position_7_acc=0.260,                                 
                    profile/fetch_ms=14.092,                                    
                    profile/fwd_ms=532.924,                                     
                    profile/bwd_ms=90.166, profile/opt_ms=0.044,                
                    profile/step_ms=637.224,                                    
                    profile/tokens_per_s=6.09e+03,                              
                    profile/fetch_frac=0.022, epoch=0,                          
                    lr/Muon=0.005, lr/AdamW=5.00e-04,                           
                    global_step=360                                             
[11:38:48] INFO     train/confidence_loss=0.252,                  trainer.py:550
                    train/confidence_abs_error=0.128,                           
                    train/confidence_pred_mean=0.186,                           
                    train/confidence_cumprod_bias=-0.025,                       
                    train/loss=0.283, train/ce_loss=0.734,                      
                    train/tv_loss=0.120, train/accept_rate=0.373,               
                    train/accept_len=2.412, train/full_acc=0.408,               
                    train/position_1_acc=0.703,                                 
                    train/position_2_acc=0.481,                                 
                    train/position_3_acc=0.402,                                 
                    train/position_4_acc=0.343,                                 
                    train/position_5_acc=0.315,                                 
                    train/position_6_acc=0.301,                                 
                    train/position_7_acc=0.306,                                 
                    profile/fetch_ms=76.110,                                    
                    profile/fwd_ms=395.459,                                     
                    profile/bwd_ms=99.823,                                      
                    profile/opt_ms=232.558,                                     
                    profile/step_ms=803.951,                                    
                    profile/tokens_per_s=5.07e+03,                              
                    profile/fetch_frac=0.095, epoch=0,                          
                    lr/Muon=0.005, lr/AdamW=4.94e-04,                           
                    global_step=380                                             
[11:39:12] INFO     train/confidence_loss=0.242,                  trainer.py:550
                    train/confidence_abs_error=0.132,                           
                    train/confidence_pred_mean=0.205,                           
                    train/confidence_cumprod_bias=0.022,                        
                    train/loss=0.316, train/ce_loss=0.931,                      
                    train/tv_loss=0.139, train/accept_rate=0.289,               
                    train/accept_len=2.052, train/full_acc=0.324,               
                    train/position_1_acc=0.603,                                 
                    train/position_2_acc=0.386,                                 
                    train/position_3_acc=0.295,                                 
                    train/position_4_acc=0.258,                                 
                    train/position_5_acc=0.245,                                 
                    train/position_6_acc=0.245,                                 
                    train/position_7_acc=0.232,                                 
                    profile/fetch_ms=72.188,                                    
                    profile/fwd_ms=90.592, profile/bwd_ms=93.817,               
                    profile/opt_ms=0.036,                                       
                    profile/step_ms=256.633,                                    
                    profile/tokens_per_s=1.54e+04,                              
                    profile/fetch_frac=0.281, epoch=0,                          
                    lr/Muon=0.005, lr/AdamW=4.88e-04,                           
                    global_step=400                                             
[11:39:38] INFO     train/confidence_loss=0.236,                  trainer.py:550
                    train/confidence_abs_error=0.108,                           
                    train/confidence_pred_mean=0.144,                           
                    train/confidence_cumprod_bias=-0.026,                       
                    train/loss=0.298, train/ce_loss=0.838,                      
                    train/tv_loss=0.132, train/accept_rate=0.325,               
                    train/accept_len=2.189, train/full_acc=0.359,               
                    train/position_1_acc=0.625,                                 
                    train/position_2_acc=0.425,                                 
                    train/position_3_acc=0.350,                                 
                    train/position_4_acc=0.298,                                 
                    train/position_5_acc=0.300,                                 
                    train/position_6_acc=0.263,                                 
                    train/position_7_acc=0.252,                                 
                    profile/fetch_ms=20.478,                                    
                    profile/fwd_ms=1.36e+03,                                    
                    profile/bwd_ms=145.969, profile/opt_ms=5.491,               
                    profile/step_ms=1.53e+03,                                   
                    profile/tokens_per_s=2.31e+03,                              
                    profile/fetch_frac=0.013, epoch=0,                          
                    lr/Muon=0.005, lr/AdamW=4.82e-04,                           
                    global_step=420                                             
[11:40:02] INFO     train/confidence_loss=0.250,                  trainer.py:550
                    train/confidence_abs_error=0.135,                           
                    train/confidence_pred_mean=0.218,                           
                    train/confidence_cumprod_bias=-0.009,                       
                    train/loss=0.269, train/ce_loss=0.684,                      
                    train/tv_loss=0.113, train/accept_rate=0.405,               
                    train/accept_len=2.565, train/full_acc=0.441,               
                    train/position_1_acc=0.738,                                 
                    train/position_2_acc=0.514,                                 
                    train/position_3_acc=0.441,                                 
                    train/position_4_acc=0.379,                                 
                    train/position_5_acc=0.364,                                 
                    train/position_6_acc=0.333,                                 
                    train/position_7_acc=0.317,                                 
                    profile/fetch_ms=73.873,                                    
                    profile/fwd_ms=1.84e+03,                                    
                    profile/bwd_ms=92.781,                                      
                    profile/opt_ms=308.677,                                     
                    profile/step_ms=2.32e+03,                                   
                    profile/tokens_per_s=1.71e+03,                              
                    profile/fetch_frac=0.032, epoch=0,                          
                    lr/Muon=0.005, lr/AdamW=4.76e-04,                           
                    global_step=440                                             
[11:40:25] INFO     train/confidence_loss=0.248,                  trainer.py:550
                    train/confidence_abs_error=0.127,                           
                    train/confidence_pred_mean=0.207,                           
                    train/confidence_cumprod_bias=-0.030,                       
                    train/loss=0.264, train/ce_loss=0.644,                      
                    train/tv_loss=0.111, train/accept_rate=0.412,               
                    train/accept_len=2.611, train/full_acc=0.450,               
                    train/position_1_acc=0.748,                                 
                    train/position_2_acc=0.523,                                 
                    train/position_3_acc=0.464,                                 
                    train/position_4_acc=0.383,                                 
                    train/position_5_acc=0.354,                                 
                    train/position_6_acc=0.357,                                 
                    train/position_7_acc=0.320,                                 
                    profile/fetch_ms=70.159,                                    
                    profile/fwd_ms=729.199,                                     
                    profile/bwd_ms=90.044, profile/opt_ms=0.094,                
                    profile/step_ms=889.496,                                    
                    profile/tokens_per_s=4.39e+03,                              
                    profile/fetch_frac=0.079, epoch=0,                          
                    lr/Muon=0.005, lr/AdamW=4.71e-04,                           
                    global_step=460                                             
[11:40:50] INFO     train/confidence_loss=0.241,                  trainer.py:550
                    train/confidence_abs_error=0.132,                           
                    train/confidence_pred_mean=0.261,                           
                    train/confidence_cumprod_bias=0.030,                        
                    train/loss=0.266, train/ce_loss=0.669,                      
                    train/tv_loss=0.114, train/accept_rate=0.401,               
                    train/accept_len=2.580, train/full_acc=0.436,               
                    train/position_1_acc=0.722,                                 
                    train/position_2_acc=0.526,                                 
                    train/position_3_acc=0.420,                                 
                    train/position_4_acc=0.370,                                 
                    train/position_5_acc=0.354,                                 
                    train/position_6_acc=0.318,                                 
                    train/position_7_acc=0.340,                                 
                    profile/fetch_ms=3.851,                                     
                    profile/fwd_ms=766.628,                                     
                    profile/bwd_ms=92.236, profile/opt_ms=0.029,                
                    profile/step_ms=862.744,                                    
                    profile/tokens_per_s=4.53e+03,                              
                    profile/fetch_frac=0.004, epoch=0,                          
                    lr/Muon=0.005, lr/AdamW=4.65e-04,                           
                    global_step=480                                             
[11:41:16] INFO     train/confidence_loss=0.237,                  trainer.py:550
                    train/confidence_abs_error=0.124,                           
                    train/confidence_pred_mean=0.233,                           
                    train/confidence_cumprod_bias=0.023,                        
                    train/loss=0.273, train/ce_loss=0.716,                      
                    train/tv_loss=0.118, train/accept_rate=0.380,               
                    train/accept_len=2.434, train/full_acc=0.414,               
                    train/position_1_acc=0.700,                                 
                    train/position_2_acc=0.503,                                 
                    train/position_3_acc=0.405,                                 
                    train/position_4_acc=0.364,                                 
                    train/position_5_acc=0.336,                                 
                    train/position_6_acc=0.296,                                 
                    train/position_7_acc=0.293,                                 
                    profile/fetch_ms=72.574,                                    
                    profile/fwd_ms=87.976, profile/bwd_ms=93.172,               
                    profile/opt_ms=265.383,                                     
                    profile/step_ms=519.105,                                    
                    profile/tokens_per_s=7.83e+03,                              
                    profile/fetch_frac=0.140, epoch=0,                          
                    lr/Muon=0.005, lr/AdamW=4.59e-04,                           
                    global_step=500                                             
[11:41:42] INFO     train/confidence_loss=0.246,                  trainer.py:550
                    train/confidence_abs_error=0.119,                           
                    train/confidence_pred_mean=0.185,                           
                    train/confidence_cumprod_bias=-0.022,                       
                    train/loss=0.275, train/ce_loss=0.700,                      
                    train/tv_loss=0.120, train/accept_rate=0.369,               
                    train/accept_len=2.421, train/full_acc=0.402,               
                    train/position_1_acc=0.735,                                 
                    train/position_2_acc=0.478,                                 
                    train/position_3_acc=0.370,                                 
                    train/position_4_acc=0.340,                                 
                    train/position_5_acc=0.328,                                 
                    train/position_6_acc=0.292,                                 
                    train/position_7_acc=0.268,                                 
                    profile/fetch_ms=70.338,                                    
                    profile/fwd_ms=1.97e+03,                                    
                    profile/bwd_ms=91.563, profile/opt_ms=0.027,                
                    profile/step_ms=2.13e+03,                                   
                    profile/tokens_per_s=1.86e+03,                              
                    profile/fetch_frac=0.033, epoch=0,                          
                    lr/Muon=0.005, lr/AdamW=4.53e-04,                           
                    global_step=520                                             
[11:42:05] INFO     train/confidence_loss=0.241,                  trainer.py:550
                    train/confidence_abs_error=0.134,                           
                    train/confidence_pred_mean=0.269,                           
                    train/confidence_cumprod_bias=0.007,                        
                    train/loss=0.248, train/ce_loss=0.581,                      
                    train/tv_loss=0.105, train/accept_rate=0.434,               
                    train/accept_len=2.788, train/full_acc=0.465,               
                    train/position_1_acc=0.816,                                 
                    train/position_2_acc=0.585,                                 
                    train/position_3_acc=0.479,                                 
                    train/position_4_acc=0.395,                                 
                    train/position_5_acc=0.358,                                 
                    train/position_6_acc=0.326,                                 
                    train/position_7_acc=0.294,                                 
                    profile/fetch_ms=2.823,                                     
                    profile/fwd_ms=1.77e+03,                                    
                    profile/bwd_ms=90.302, profile/opt_ms=0.056,                
                    profile/step_ms=1.86e+03,                                   
                    profile/tokens_per_s=2.07e+03,                              
                    profile/fetch_frac=0.002, epoch=0,                          
                    lr/Muon=0.004, lr/AdamW=4.47e-04,                           
                    global_step=540                                             
[11:42:30] INFO     train/confidence_loss=0.243,                  trainer.py:550
                    train/confidence_abs_error=0.120,                           
                    train/confidence_pred_mean=0.225,                           
                    train/confidence_cumprod_bias=-0.005,                       
                    train/loss=0.263, train/ce_loss=0.625,                      
                    train/tv_loss=0.114, train/accept_rate=0.400,               
                    train/accept_len=2.593, train/full_acc=0.435,               
                    train/position_1_acc=0.726,                                 
                    train/position_2_acc=0.552,                                 
                    train/position_3_acc=0.405,                                 
                    train/position_4_acc=0.388,                                 
                    train/position_5_acc=0.337,                                 
                    train/position_6_acc=0.344,                                 
                    train/position_7_acc=0.293,                                 
                    profile/fetch_ms=80.716,                                    
                    profile/fwd_ms=1.49e+03,                                    
                    profile/bwd_ms=92.771,                                      
                    profile/opt_ms=245.851,                                     
                    profile/step_ms=1.91e+03,                                   
                    profile/tokens_per_s=2.04e+03,                              
                    profile/fetch_frac=0.042, epoch=0,                          
                    lr/Muon=0.004, lr/AdamW=4.41e-04,                           
                    global_step=560                                             
[11:42:54] INFO     train/confidence_loss=0.234,                  trainer.py:550
                    train/confidence_abs_error=0.132,                           
                    train/confidence_pred_mean=0.267,                           
                    train/confidence_cumprod_bias=0.030,                        
                    train/loss=0.269, train/ce_loss=0.713,                      
                    train/tv_loss=0.115, train/accept_rate=0.390,               
                    train/accept_len=2.636, train/full_acc=0.425,               
                    train/position_1_acc=0.753,                                 
                    train/position_2_acc=0.528,                                 
                    train/position_3_acc=0.391,                                 
                    train/position_4_acc=0.360,                                 
                    train/position_5_acc=0.328,                                 
                    train/position_6_acc=0.305,                                 
                    train/position_7_acc=0.303,                                 
                    profile/fetch_ms=75.248,                                    
                    profile/fwd_ms=1.67e+03,                                    
                    profile/bwd_ms=107.528, profile/opt_ms=3.935,               
                    profile/step_ms=1.86e+03,                                   
                    profile/tokens_per_s=2.08e+03,                              
                    profile/fetch_frac=0.040, epoch=0,                          
                    lr/Muon=0.004, lr/AdamW=4.36e-04,                           
                    global_step=580                                             
[11:43:17] INFO     train/confidence_loss=0.200,                  trainer.py:550
                    train/confidence_abs_error=0.095,                           
                    train/confidence_pred_mean=0.138,                           
                    train/confidence_cumprod_bias=-0.011,                       
                    train/loss=0.305, train/ce_loss=0.963,                      
                    train/tv_loss=0.144, train/accept_rate=0.271,               
                    train/accept_len=2.035, train/full_acc=0.298,               
                    train/position_1_acc=0.577,                                 
                    train/position_2_acc=0.330,                                 
                    train/position_3_acc=0.276,                                 
                    train/position_4_acc=0.237,                                 
                    train/position_5_acc=0.228,                                 
                    train/position_6_acc=0.224,                                 
                    train/position_7_acc=0.208,                                 
                    profile/fetch_ms=70.307,                                    
                    profile/fwd_ms=115.696,                                     
                    profile/bwd_ms=86.041, profile/opt_ms=0.032,                
                    profile/step_ms=272.076,                                    
                    profile/tokens_per_s=1.38e+04,                              
                    profile/fetch_frac=0.258, epoch=0,                          
                    lr/Muon=0.004, lr/AdamW=4.30e-04,                           
                    global_step=600                                             
[11:43:43] INFO     train/confidence_loss=0.239,                  trainer.py:550
                    train/confidence_abs_error=0.110,                           
                    train/confidence_pred_mean=0.155,                           
                    train/confidence_cumprod_bias=-0.020,                       
                    train/loss=0.292, train/ce_loss=0.806,                      
                    train/tv_loss=0.130, train/accept_rate=0.325,               
                    train/accept_len=2.260, train/full_acc=0.362,               
                    train/position_1_acc=0.659,                                 
                    train/position_2_acc=0.451,                                 
                    train/position_3_acc=0.350,                                 
                    train/position_4_acc=0.316,                                 
                    train/position_5_acc=0.258,                                 
                    train/position_6_acc=0.257,                                 
                    train/position_7_acc=0.243,                                 
                    profile/fetch_ms=72.440,                                    
                    profile/fwd_ms=1.83e+03,                                    
                    profile/bwd_ms=88.945,                                      
                    profile/opt_ms=313.986,                                     
                    profile/step_ms=2.31e+03,                                   
                    profile/tokens_per_s=1.74e+03,                              
                    profile/fetch_frac=0.031, epoch=0,                          
                    lr/Muon=0.004, lr/AdamW=4.23e-04,                           
                    global_step=620                                             
[11:44:06] INFO     train/confidence_loss=0.240,                  trainer.py:550
                    train/confidence_abs_error=0.130,                           
                    train/confidence_pred_mean=0.261,                           
                    train/confidence_cumprod_bias=0.009,                        
                    train/loss=0.248, train/ce_loss=0.584,                      
                    train/tv_loss=0.105, train/accept_rate=0.433,               
                    train/accept_len=2.819, train/full_acc=0.470,               
                    train/position_1_acc=0.799,                                 
                    train/position_2_acc=0.579,                                 
                    train/position_3_acc=0.467,                                 
                    train/position_4_acc=0.432,                                 
                    train/position_5_acc=0.360,                                 
                    train/position_6_acc=0.326,                                 
                    train/position_7_acc=0.321,                                 
                    profile/fetch_ms=70.185,                                    
                    profile/fwd_ms=1.45e+03,                                    
                    profile/bwd_ms=93.838, profile/opt_ms=0.168,                
                    profile/step_ms=1.61e+03,                                   
                    profile/tokens_per_s=2.42e+03,                              
                    profile/fetch_frac=0.044, epoch=0,                          
                    lr/Muon=0.004, lr/AdamW=4.18e-04,                           
                    global_step=640                                             
[11:44:29] INFO     train/confidence_loss=0.238,                  trainer.py:550
                    train/confidence_abs_error=0.120,                           
                    train/confidence_pred_mean=0.206,                           
                    train/confidence_cumprod_bias=-0.019,                       
                    train/loss=0.258, train/ce_loss=0.625,                      
                    train/tv_loss=0.111, train/accept_rate=0.403,               
                    train/accept_len=2.635, train/full_acc=0.445,               
                    train/position_1_acc=0.785,                                 
                    train/position_2_acc=0.541,                                 
                    train/position_3_acc=0.447,                                 
                    train/position_4_acc=0.381,                                 
                    train/position_5_acc=0.318,                                 
                    train/position_6_acc=0.318,                                 
                    train/position_7_acc=0.322,                                 
                    profile/fetch_ms=2.932,                                     
                    profile/fwd_ms=1.31e+03,                                    
                    profile/bwd_ms=90.698, profile/opt_ms=0.027,                
                    profile/step_ms=1.40e+03,                                   
                    profile/tokens_per_s=2.72e+03,                              
                    profile/fetch_frac=0.002, epoch=0,                          
                    lr/Muon=0.004, lr/AdamW=4.12e-04,                           
                    global_step=660                                             
[11:44:54] INFO     train/confidence_loss=0.222,                  trainer.py:550
                    train/confidence_abs_error=0.111,                           
                    train/confidence_pred_mean=0.201,                           
                    train/confidence_cumprod_bias=-0.021,                       
                    train/loss=0.253, train/ce_loss=0.637,                      
                    train/tv_loss=0.113, train/accept_rate=0.390,               
                    train/accept_len=2.667, train/full_acc=0.427,               
                    train/position_1_acc=0.813,                                 
                    train/position_2_acc=0.501,                                 
                    train/position_3_acc=0.397,                                 
                    train/position_4_acc=0.333,                                 
                    train/position_5_acc=0.329,                                 
                    train/position_6_acc=0.323,                                 
                    train/position_7_acc=0.288,                                 
                    profile/fetch_ms=67.697,                                    
                    profile/fwd_ms=2.50e+03,                                    
                    profile/bwd_ms=93.568,                                      
                    profile/opt_ms=242.145,                                     
                    profile/step_ms=2.90e+03,                                   
                    profile/tokens_per_s=1.38e+03,                              
                    profile/fetch_frac=0.023, epoch=0,                          
                    lr/Muon=0.004, lr/AdamW=4.06e-04,                           
                    global_step=680                                             
[11:45:17] INFO     train/confidence_loss=0.242,                  trainer.py:550
                    train/confidence_abs_error=0.126,                           
                    train/confidence_pred_mean=0.236,                           
                    train/confidence_cumprod_bias=0.015,                        
                    train/loss=0.273, train/ce_loss=0.709,                      
                    train/tv_loss=0.120, train/accept_rate=0.376,               
                    train/accept_len=2.463, train/full_acc=0.419,               
                    train/position_1_acc=0.711,                                 
                    train/position_2_acc=0.486,                                 
                    train/position_3_acc=0.425,                                 
                    train/position_4_acc=0.357,                                 
                    train/position_5_acc=0.354,                                 
                    train/position_6_acc=0.307,                                 
                    train/position_7_acc=0.290,                                 
                    profile/fetch_ms=69.896,                                    
                    profile/fwd_ms=625.820,                                     
                    profile/bwd_ms=113.434, profile/opt_ms=0.035,               
                    profile/step_ms=809.184,                                    
                    profile/tokens_per_s=4.76e+03,                              
                    profile/fetch_frac=0.086, epoch=0,                          
                    lr/Muon=0.004, lr/AdamW=4.01e-04,                           
                    global_step=700                                             
[11:45:42] INFO     train/confidence_loss=0.242,                  trainer.py:550
                    train/confidence_abs_error=0.123,                           
                    train/confidence_pred_mean=0.219,                           
                    train/confidence_cumprod_bias=-0.029,                       
                    train/loss=0.250, train/ce_loss=0.578,                      
                    train/tv_loss=0.105, train/accept_rate=0.433,               
                    train/accept_len=2.834, train/full_acc=0.468,               
                    train/position_1_acc=0.786,                                 
                    train/position_2_acc=0.570,                                 
                    train/position_3_acc=0.463,                                 
                    train/position_4_acc=0.432,                                 
                    train/position_5_acc=0.359,                                 
                    train/position_6_acc=0.347,                                 
                    train/position_7_acc=0.317,                                 
                    profile/fetch_ms=85.526,                                    
                    profile/fwd_ms=1.29e+03,                                    
                    profile/bwd_ms=92.765, profile/opt_ms=0.032,                
                    profile/step_ms=1.47e+03,                                   
                    profile/tokens_per_s=2.70e+03,                              
                    profile/fetch_frac=0.058, epoch=0,                          
                    lr/Muon=0.004, lr/AdamW=3.94e-04,                           
                    global_step=720                                             
[11:46:07] INFO     train/confidence_loss=0.230,                  trainer.py:550
                    train/confidence_abs_error=0.118,                           
                    train/confidence_pred_mean=0.230,                           
                    train/confidence_cumprod_bias=0.001,                        
                    train/loss=0.258, train/ce_loss=0.662,                      
                    train/tv_loss=0.110, train/accept_rate=0.411,               
                    train/accept_len=2.686, train/full_acc=0.447,               
                    train/position_1_acc=0.749,                                 
                    train/position_2_acc=0.548,                                 
                    train/position_3_acc=0.445,                                 
                    train/position_4_acc=0.387,                                 
                    train/position_5_acc=0.366,                                 
                    train/position_6_acc=0.333,                                 
                    train/position_7_acc=0.299,                                 
                    profile/fetch_ms=72.317,                                    
                    profile/fwd_ms=883.829,                                     
                    profile/bwd_ms=91.291,                                      
                    profile/opt_ms=276.476,                                     
                    profile/step_ms=1.32e+03,                                   
                    profile/tokens_per_s=2.91e+03,                              
                    profile/fetch_frac=0.055, epoch=0,                          
                    lr/Muon=0.004, lr/AdamW=3.88e-04,                           
                    global_step=740                                             
[11:46:32] INFO     train/confidence_loss=0.246,                  trainer.py:550
                    train/confidence_abs_error=0.128,                           
                    train/confidence_pred_mean=0.227,                           
                    train/confidence_cumprod_bias=-0.008,                       
                    train/loss=0.270, train/ce_loss=0.694,                      
                    train/tv_loss=0.113, train/accept_rate=0.400,               
                    train/accept_len=2.566, train/full_acc=0.437,               
                    train/position_1_acc=0.722,                                 
                    train/position_2_acc=0.524,                                 
                    train/position_3_acc=0.447,                                 
                    train/position_4_acc=0.390,                                 
                    train/position_5_acc=0.354,                                 
                    train/position_6_acc=0.326,                                 
                    train/position_7_acc=0.291,                                 
                    profile/fetch_ms=72.377,                                    
                    profile/fwd_ms=1.66e+03,                                    
                    profile/bwd_ms=91.908, profile/opt_ms=0.028,                
                    profile/step_ms=1.82e+03,                                   
                    profile/tokens_per_s=2.15e+03,                              
                    profile/fetch_frac=0.040, epoch=0,                          
                    lr/Muon=0.004, lr/AdamW=3.83e-04,                           
                    global_step=760                                             
[11:46:55] INFO     train/confidence_loss=0.245,                  trainer.py:550
                    train/confidence_abs_error=0.114,                           
                    train/confidence_pred_mean=0.182,                           
                    train/confidence_cumprod_bias=-0.026,                       
                    train/loss=0.275, train/ce_loss=0.719,                      
                    train/tv_loss=0.117, train/accept_rate=0.378,               
                    train/accept_len=2.509, train/full_acc=0.414,               
                    train/position_1_acc=0.732,                                 
                    train/position_2_acc=0.475,                                 
                    train/position_3_acc=0.427,                                 
                    train/position_4_acc=0.356,                                 
                    train/position_5_acc=0.320,                                 
                    train/position_6_acc=0.289,                                 
                    train/position_7_acc=0.294,                                 
                    profile/fetch_ms=2.682,                                     
                    profile/fwd_ms=1.44e+03,                                    
                    profile/bwd_ms=91.721, profile/opt_ms=0.094,                
                    profile/step_ms=1.53e+03,                                   
                    profile/tokens_per_s=2.56e+03,                              
                    profile/fetch_frac=0.002, epoch=0,                          
                    lr/Muon=0.004, lr/AdamW=3.77e-04,                           
                    global_step=780                                             
[11:47:20] INFO     train/confidence_loss=0.240,                  trainer.py:550
                    train/confidence_abs_error=0.118,                           
                    train/confidence_pred_mean=0.199,                           
                    train/confidence_cumprod_bias=-0.023,                       
                    train/loss=0.267, train/ce_loss=0.700,                      
                    train/tv_loss=0.114, train/accept_rate=0.393,               
                    train/accept_len=2.616, train/full_acc=0.429,               
                    train/position_1_acc=0.735,                                 
                    train/position_2_acc=0.535,                                 
                    train/position_3_acc=0.411,                                 
                    train/position_4_acc=0.363,                                 
                    train/position_5_acc=0.340,                                 
                    train/position_6_acc=0.324,                                 
                    train/position_7_acc=0.292,                                 
                    profile/fetch_ms=71.258,                                    
                    profile/fwd_ms=1.53e+03,                                    
                    profile/bwd_ms=87.124,                                      
                    profile/opt_ms=229.134,                                     
                    profile/step_ms=1.92e+03,                                   
                    profile/tokens_per_s=1.72e+03,                              
                    profile/fetch_frac=0.037, epoch=0,                          
                    lr/Muon=0.004, lr/AdamW=3.71e-04,                           
                    global_step=800                                             
[11:47:44] INFO     train/confidence_loss=0.239,                  trainer.py:550
                    train/confidence_abs_error=0.127,                           
                    train/confidence_pred_mean=0.258,                           
                    train/confidence_cumprod_bias=-0.018,                       
                    train/loss=0.233, train/ce_loss=0.509,                      
                    train/tv_loss=0.095, train/accept_rate=0.476,               
                    train/accept_len=3.041, train/full_acc=0.516,               
                    train/position_1_acc=0.822,                                 
                    train/position_2_acc=0.627,                                 
                    train/position_3_acc=0.537,                                 
                    train/position_4_acc=0.471,                                 
                    train/position_5_acc=0.410,                                 
                    train/position_6_acc=0.370,                                 
                    train/position_7_acc=0.366,                                 
                    profile/fetch_ms=72.033,                                    
                    profile/fwd_ms=1.03e+03,                                    
                    profile/bwd_ms=92.710, profile/opt_ms=0.025,                
                    profile/step_ms=1.20e+03,                                   
                    profile/tokens_per_s=3.39e+03,                              
                    profile/fetch_frac=0.060, epoch=0,                          
                    lr/Muon=0.004, lr/AdamW=3.65e-04,                           
                    global_step=820                                             
[11:48:08] INFO     train/confidence_loss=0.241,                  trainer.py:550
                    train/confidence_abs_error=0.127,                           
                    train/confidence_pred_mean=0.247,                           
                    train/confidence_cumprod_bias=0.011,                        
                    train/loss=0.261, train/ce_loss=0.641,                      
                    train/tv_loss=0.113, train/accept_rate=0.399,               
                    train/accept_len=2.640, train/full_acc=0.435,               
                    train/position_1_acc=0.756,                                 
                    train/position_2_acc=0.550,                                 
                    train/position_3_acc=0.435,                                 
                    train/position_4_acc=0.381,                                 
                    train/position_5_acc=0.329,                                 
                    train/position_6_acc=0.303,                                 
                    train/position_7_acc=0.288,                                 
                    profile/fetch_ms=2.648,                                     
                    profile/fwd_ms=1.23e+03,                                    
                    profile/bwd_ms=89.886, profile/opt_ms=0.031,                
                    profile/step_ms=1.32e+03,                                   
                    profile/tokens_per_s=3.02e+03,                              
                    profile/fetch_frac=0.002, epoch=0,                          
                    lr/Muon=0.004, lr/AdamW=3.59e-04,                           
                    global_step=840                                             
[11:48:33] INFO     train/confidence_loss=0.249,                  trainer.py:550
                    train/confidence_abs_error=0.136,                           
                    train/confidence_pred_mean=0.297,                           
                    train/confidence_cumprod_bias=0.031,                        
                    train/loss=0.242, train/ce_loss=0.528,                      
                    train/tv_loss=0.099, train/accept_rate=0.458,               
                    train/accept_len=2.946, train/full_acc=0.496,               
                    train/position_1_acc=0.845,                                 
                    train/position_2_acc=0.601,                                 
                    train/position_3_acc=0.482,                                 
                    train/position_4_acc=0.430,                                 
                    train/position_5_acc=0.391,                                 
                    train/position_6_acc=0.356,                                 
                    train/position_7_acc=0.365,                                 
                    profile/fetch_ms=72.789,                                    
                    profile/fwd_ms=172.022,                                     
                    profile/bwd_ms=93.169,                                      
                    profile/opt_ms=233.261,                                     
                    profile/step_ms=571.240,                                    
                    profile/tokens_per_s=6.69e+03,                              
                    profile/fetch_frac=0.127, epoch=0,                          
                    lr/Muon=0.004, lr/AdamW=3.53e-04,                           
                    global_step=860                                             
[11:48:57] INFO     train/confidence_loss=0.256,                  trainer.py:550
                    train/confidence_abs_error=0.132,                           
                    train/confidence_pred_mean=0.266,                           
                    train/confidence_cumprod_bias=0.033,                        
                    train/loss=0.266, train/ce_loss=0.631,                      
                    train/tv_loss=0.111, train/accept_rate=0.409,               
                    train/accept_len=2.616, train/full_acc=0.441,               
                    train/position_1_acc=0.774,                                 
                    train/position_2_acc=0.514,                                 
                    train/position_3_acc=0.430,                                 
                    train/position_4_acc=0.384,                                 
                    train/position_5_acc=0.348,                                 
                    train/position_6_acc=0.320,                                 
                    train/position_7_acc=0.310,                                 
                    profile/fetch_ms=72.417,                                    
                    profile/fwd_ms=505.248,                                     
                    profile/bwd_ms=97.102, profile/opt_ms=0.032,                
                    profile/step_ms=674.800,                                    
                    profile/tokens_per_s=5.93e+03,                              
                    profile/fetch_frac=0.107, epoch=0,                          
                    lr/Muon=0.003, lr/AdamW=3.48e-04,                           
                    global_step=880                                             
[11:49:22] INFO     train/confidence_loss=0.232,                  trainer.py:550
                    train/confidence_abs_error=0.127,                           
                    train/confidence_pred_mean=0.280,                           
                    train/confidence_cumprod_bias=0.001,                        
                    train/loss=0.230, train/ce_loss=0.509,                      
                    train/tv_loss=0.094, train/accept_rate=0.480,               
                    train/accept_len=3.041, train/full_acc=0.518,               
                    train/position_1_acc=0.841,                                 
                    train/position_2_acc=0.642,                                 
                    train/position_3_acc=0.535,                                 
                    train/position_4_acc=0.456,                                 
                    train/position_5_acc=0.425,                                 
                    train/position_6_acc=0.367,                                 
                    train/position_7_acc=0.357,                                 
                    profile/fetch_ms=41.844,                                    
                    profile/fwd_ms=1.60e+03,                                    
                    profile/bwd_ms=93.771, profile/opt_ms=0.075,                
                    profile/step_ms=1.73e+03,                                   
                    profile/tokens_per_s=2.30e+03,                              
                    profile/fetch_frac=0.024, epoch=0,                          
                    lr/Muon=0.003, lr/AdamW=3.42e-04,                           
                    global_step=900                                             
[11:49:47] INFO     train/confidence_loss=0.246,                  trainer.py:550
                    train/confidence_abs_error=0.125,                           
                    train/confidence_pred_mean=0.212,                           
                    train/confidence_cumprod_bias=-0.005,                       
                    train/loss=0.278, train/ce_loss=0.706,                      
                    train/tv_loss=0.120, train/accept_rate=0.369,               
                    train/accept_len=2.436, train/full_acc=0.406,               
                    train/position_1_acc=0.721,                                 
                    train/position_2_acc=0.480,                                 
                    train/position_3_acc=0.412,                                 
                    train/position_4_acc=0.343,                                 
                    train/position_5_acc=0.314,                                 
                    train/position_6_acc=0.288,                                 
                    train/position_7_acc=0.283,                                 
                    profile/fetch_ms=72.773,                                    
                    profile/fwd_ms=1.94e+03,                                    
                    profile/bwd_ms=93.482,                                      
                    profile/opt_ms=294.550,                                     
                    profile/step_ms=2.41e+03,                                   
                    profile/tokens_per_s=1.65e+03,                              
                    profile/fetch_frac=0.030, epoch=0,                          
                    lr/Muon=0.003, lr/AdamW=3.36e-04,                           
                    global_step=920                                             
[11:50:09] INFO     train/confidence_loss=0.235,                  trainer.py:550
                    train/confidence_abs_error=0.119,                           
                    train/confidence_pred_mean=0.222,                           
                    train/confidence_cumprod_bias=-0.023,                       
                    train/loss=0.256, train/ce_loss=0.641,                      
                    train/tv_loss=0.108, train/accept_rate=0.425,               
                    train/accept_len=2.783, train/full_acc=0.462,               
                    train/position_1_acc=0.777,                                 
                    train/position_2_acc=0.528,                                 
                    train/position_3_acc=0.439,                                 
                    train/position_4_acc=0.395,                                 
                    train/position_5_acc=0.378,                                 
                    train/position_6_acc=0.366,                                 
                    train/position_7_acc=0.346,                                 
                    profile/fetch_ms=73.472,                                    
                    profile/fwd_ms=1.81e+03,                                    
                    profile/bwd_ms=94.699, profile/opt_ms=0.028,                
                    profile/step_ms=1.98e+03,                                   
                    profile/tokens_per_s=1.95e+03,                              
                    profile/fetch_frac=0.037, epoch=0,                          
                    lr/Muon=0.003, lr/AdamW=3.30e-04,                           
                    global_step=940                                             
[11:50:34] INFO     train/confidence_loss=0.244,                  trainer.py:550
                    train/confidence_abs_error=0.124,                           
                    train/confidence_pred_mean=0.218,                           
                    train/confidence_cumprod_bias=-0.022,                       
                    train/loss=0.263, train/ce_loss=0.644,                      
                    train/tv_loss=0.111, train/accept_rate=0.413,               
                    train/accept_len=2.679, train/full_acc=0.450,               
                    train/position_1_acc=0.728,                                 
                    train/position_2_acc=0.553,                                 
                    train/position_3_acc=0.443,                                 
                    train/position_4_acc=0.393,                                 
                    train/position_5_acc=0.363,                                 
                    train/position_6_acc=0.338,                                 
                    train/position_7_acc=0.328,                                 
                    profile/fetch_ms=42.315,                                    
                    profile/fwd_ms=597.113,                                     
                    profile/bwd_ms=90.285, profile/opt_ms=0.026,                
                    profile/step_ms=729.740,                                    
                    profile/tokens_per_s=5.14e+03,                              
                    profile/fetch_frac=0.058, epoch=0,                          
                    lr/Muon=0.003, lr/AdamW=3.24e-04,                           
                    global_step=960                                             
[11:50:59] INFO     train/confidence_loss=0.250,                  trainer.py:550
                    train/confidence_abs_error=0.131,                           
                    train/confidence_pred_mean=0.251,                           
                    train/confidence_cumprod_bias=-0.013,                       
                    train/loss=0.234, train/ce_loss=0.484,                      
                    train/tv_loss=0.095, train/accept_rate=0.476,               
                    train/accept_len=2.970, train/full_acc=0.515,               
                    train/position_1_acc=0.821,                                 
                    train/position_2_acc=0.617,                                 
                    train/position_3_acc=0.503,                                 
                    train/position_4_acc=0.466,                                 
                    train/position_5_acc=0.401,                                 
                    train/position_6_acc=0.403,                                 
                    train/position_7_acc=0.392,                                 
                    profile/fetch_ms=85.113,                                    
                    profile/fwd_ms=88.145, profile/bwd_ms=95.054,               
                    profile/opt_ms=303.049,                                     
                    profile/step_ms=571.360,                                    
                    profile/tokens_per_s=5.95e+03,                              
                    profile/fetch_frac=0.149, epoch=0,                          
                    lr/Muon=0.003, lr/AdamW=3.18e-04,                           
                    global_step=980                                             
[11:51:22] INFO     DL_MAX_STEPS=1000 reached (local_step=1001);  trainer.py:470
                    stopping epoch early.                                       
Epoch 0  48% ━━━━━━━━━━━             1,000/2,068  [ 0:20:19 < 0:21:24 , 1 it/s ]
           INFO     Dropped a partial accumulation window of 1    trainer.py:584
                    micro-batches at epoch end (not stepped;                    
                    accum=3).                                                   
           INFO     Training epoch 1/1 completed                  trainer.py:694
[11:51:24] INFO     Saving checkpoint to                          trainer.py:644
                    /home/y50063564/dataloader_diag/checkpoints_i               
                    norder0/0                                                   
Writing model shards:   0%|          | 0/1 [00:00<?, ?it/s]Writing model shards: 100%|██████████| 1/1 [00:01<00:00,  1.27s/it]Writing model shards: 100%|██████████| 1/1 [00:01<00:00,  1.27s/it]
[11:51:27] INFO     Checkpoint saved to                           trainer.py:662
                    /home/y50063564/dataloader_diag/checkpoints_i               
                    norder0/0                                                   
           INFO     Validation epoch 1/1 started                  trainer.py:709
Epoch 0 100% ━━━━━━━━━━━━━━━━━━━━━━━━━━━ 230/230  [ 0:04:11 < 0:00:00 , 1 it/s ]
[11:55:39] INFO     val/confidence_loss_epoch=0.239,              trainer.py:626
                    val/confidence_abs_error_epoch=0.056,                       
                    val/confidence_pred_mean_epoch=0.117,                       
                    val/confidence_cumprod_bias_epoch=0.014,                    
                    val/loss_epoch=0.039,                                       
                    val/ce_loss_epoch=0.092,                                    
                    val/tv_loss_epoch=0.016,                                    
                    val/accept_rate_epoch=0.436,                                
                    val/accept_len_epoch=2.828,                                 
                    val/full_acc_epoch=0.472,                                   
                    val/position_1_acc_epoch=0.785,                             
                    val/position_2_acc_epoch=0.568,                             
                    val/position_3_acc_epoch=0.472,                             
                    val/position_4_acc_epoch=0.412,                             
                    val/position_5_acc_epoch=0.378,                             
                    val/position_6_acc_epoch=0.353,                             
                    val/position_7_acc_epoch=0.331, epoch=0                     
           INFO     Validation epoch 1/1 completed                trainer.py:711
           INFO     Updated checkpoint_best -> 0                  trainer.py:682
                    (loss_epoch=0.038943)                                       
[11:55:41] INFO     Destroyed distributed process group       distributed.py:180
[11:55:42] INFO     Destroyed distributed process group       distributed.py:180
[11:55:42] INFO     Destroyed distributed process group       distributed.py:180
[11:55:42] INFO     Destroyed distributed process group       distributed.py:180
