/usr/local/python3.12.13/lib/python3.12/site-packages/transformers/loss/loss_for_object_detection.py:27: UserWarning: A NumPy version >=1.22.4 and <2.3.0 is required for this version of SciPy (detected version 2.4.6)
  from scipy.optimize import linear_sum_assignment
/usr/local/python3.12.13/lib/python3.12/site-packages/transformers/loss/loss_for_object_detection.py:27: UserWarning: A NumPy version >=1.22.4 and <2.3.0 is required for this version of SciPy (detected version 2.4.6)
  from scipy.optimize import linear_sum_assignment
/usr/local/python3.12.13/lib/python3.12/site-packages/transformers/loss/loss_for_object_detection.py:27: UserWarning: A NumPy version >=1.22.4 and <2.3.0 is required for this version of SciPy (detected version 2.4.6)
  from scipy.optimize import linear_sum_assignment
/usr/local/python3.12.13/lib/python3.12/site-packages/transformers/loss/loss_for_object_detection.py:27: UserWarning: A NumPy version >=1.22.4 and <2.3.0 is required for this version of SciPy (detected version 2.4.6)
  from scipy.optimize import linear_sum_assignment
[timeout] aclrtSetOpExecuteTimeOut(0) rc=0
[timeout] aclrtSetOpExecuteTimeOut(0) rc=0
[timeout] aclrtSetOpExecuteTimeOut(0) rc=0
           INFO     get env TERM = xterm                      patch_getenv.py:15
[11:04:52] INFO     get env LOCAL_RANK = 0                    patch_getenv.py:15
[timeout] aclrtSetOpExecuteTimeOut(0) rc=0
[11:04:52] INFO     Started distributed with local_rank=2,    distributed.py:163
                    dp_size=4, sp_size=1                                        
[11:04:53] INFO     Started distributed with local_rank=3,    distributed.py:163
                    dp_size=4, sp_size=1                                        
[11:04:53] INFO     get env WORLD_SIZE = 4                    patch_getenv.py:15
           INFO     get env MASTER_ADDR =                     patch_getenv.py:15
                    localhost.localdomain                                       
           INFO     get env MASTER_PORT = 43375               patch_getenv.py:15
           INFO     get env TORCHELASTIC_USE_AGENT_STORE =    patch_getenv.py:15
                    True                                                        
           INFO     Started distributed with local_rank=0,    distributed.py:163
                    dp_size=4, sp_size=1                                        
           INFO     get env PATH =                            patch_getenv.py:15
                    /usr/local/Ascend/nnal/atb/latest/atb/cxx                   
                    _abi_1/bin:/usr/local/Ascend/cann-9.0.0/t                   
                    ools/bishengir/bin:/usr/local/Ascend/cann                   
                    -9.0.0/bin:/usr/local/Ascend/cann-9.0.0/t                   
                    ools/ccec_compiler/bin:/usr/local/Ascend/                   
                    cann-9.0.0/tools/profiler/bin:/usr/local/                   
                    Ascend/cann-9.0.0/tools/ascend_system_adv                   
                    isor/asys:/usr/local/Ascend/cann-9.0.0/to                   
                    ols/show_kernel_debug_data:/usr/local/Asc                   
                    end/cann-9.0.0/tools/msobjdump:/home/y500                   
                    63564/node_modules/.bin:/usr/local/Ascend                   
                    /nnal/atb/latest/atb/cxx_abi_1/bin:/usr/l                   
                    ocal/Ascend/nnal/atb/latest/atb/cxx_abi_1                   
                    /bin:/usr/local/Ascend/ascend-toolkit/lat                   
                    est/bin:/usr/local/Ascend/ascend-toolkit/                   
                    latest/compiler/ccec_compiler/bin:/usr/lo                   
                    cal/Ascend/ascend-toolkit/latest/tools/cc                   
                    ec_compiler/bin:/usr/local/python3.12.13/                   
                    bin:/usr/local/sbin:/usr/local/bin:/usr/s                   
                    bin:/usr/bin:/sbin:/bin:/usr/local/go/bin                   
           INFO     Loading vocab mappings from                     train.py:236
                    '/home/y50063564/data/open_perfectblend_qwen3_4             
                    b_50k/d2t.npy' and                                          
                    '/home/y50063564/data/open_perfectblend_qwen3_4             
                    b_50k/t2d.npy'                                              
           INFO     All 5 draft layers using sliding window         train.py:396
                    attention (window=2048). To use full attention              
                    on specific layers, pass                                    
                    '--full-attention-indices <layer_ids>'.                     
[11:04:53] INFO     Started distributed with local_rank=1,    distributed.py:163
                    dp_size=4, sp_size=1                                        
           WARNING  Added <|MASK|> to tokenizer,                     utils.py:49
                    mask_token_id=151669 (tokenizer len=151670,                 
                    vocab_size=151936)                                          
2026-09-10 11:05:07.046 | INFO     | speculators.utils.loading:_resolve_file:136 - Loading from local directory: /home/y50063564/Qwen3-4B
2026-09-10 11:05:07.047 | WARNING  | speculators.utils.loading:load_model_layers:104 - Tensor 'lm_head.weight' not found in weight_map.
2026-09-10 11:05:07.047 | INFO     | speculators.utils.loading:_resolve_file:136 - Loading from local directory: /home/y50063564/Qwen3-4B
2026-09-10 11:05:07.049 | INFO     | speculators.utils.loading:_resolve_file:136 - Loading from local directory: /home/y50063564/Qwen3-4B
2026-09-10 11:05:07.459 | INFO     | speculators.utils.loading:_resolve_file:136 - Loading from local directory: /home/y50063564/Qwen3-4B
2026-09-10 11:05:07.460 | WARNING  | speculators.utils.loading:load_model_layers:104 - Tensor 'lm_head.weight' not found in weight_map.
2026-09-10 11:05:07.460 | INFO     | speculators.utils.loading:_resolve_file:136 - Loading from local directory: /home/y50063564/Qwen3-4B
2026-09-10 11:05:07.463 | INFO     | speculators.utils.loading:_resolve_file:136 - Loading from local directory: /home/y50063564/Qwen3-4B
2026-09-10 11:05:07.800 | INFO     | speculators.utils.loading:_resolve_file:136 - Loading from local directory: /home/y50063564/Qwen3-4B
2026-09-10 11:05:07.801 | WARNING  | speculators.utils.loading:load_model_layers:104 - Tensor 'lm_head.weight' not found in weight_map.
2026-09-10 11:05:07.801 | INFO     | speculators.utils.loading:_resolve_file:136 - Loading from local directory: /home/y50063564/Qwen3-4B
2026-09-10 11:05:07.803 | INFO     | speculators.utils.loading:_resolve_file:136 - Loading from local directory: /home/y50063564/Qwen3-4B
2026-09-10 11:05:07.935 | INFO     | speculators.utils.loading:_resolve_file:136 - Loading from local directory: /home/y50063564/Qwen3-4B
2026-09-10 11:05:07.936 | WARNING  | speculators.utils.loading:load_model_layers:104 - Tensor 'lm_head.weight' not found in weight_map.
2026-09-10 11:05:07.936 | INFO     | speculators.utils.loading:_resolve_file:136 - Loading from local directory: /home/y50063564/Qwen3-4B
2026-09-10 11:05:07.938 | INFO     | speculators.utils.loading:_resolve_file:136 - Loading from local directory: /home/y50063564/Qwen3-4B
[11:05:10] INFO     No previous training checkpoint found in      trainer.py:286
                    '/home/y50063564/dataloader_diag/checkpoints_               
                    w2_inorder1'. Starting fresh training run.                  
[11:05:14] INFO     Muon optimizer: 39 2D params via Muon, 23   optimizers.py:76
                    params via AdamW.                                           
[timeout] aclrtSetOpExecuteTimeOut(0) rc=0
[timeout] aclrtSetOpExecuteTimeOut(0) rc=0
[timeout] aclrtSetOpExecuteTimeOut(0) rc=0
[timeout] aclrtSetOpExecuteTimeOut(0) rc=0
[11:05:15] INFO     Training epoch 1/1 started                    trainer.py:692
/usr/local/python3.12.13/lib/python3.12/site-packages/torch/_dynamo/_trace_wrapped_higher_order_op.py:147: UserWarning: Cannot create tensor with interal format while allow_internel_format=False, tensor will be created with base format. (Triggered internally at ../torch_npu/csrc/aten/common/TensorFactories.cpp:340.)
  return func(*args, **(kwargs or {}))
/usr/local/python3.12.13/lib/python3.12/site-packages/torch/_dynamo/_trace_wrapped_higher_order_op.py:147: UserWarning: Cannot create tensor with interal format while allow_internel_format=False, tensor will be created with base format. (Triggered internally at ../torch_npu/csrc/aten/common/TensorFactories.cpp:340.)
  return func(*args, **(kwargs or {}))
/usr/local/python3.12.13/lib/python3.12/site-packages/torch/_dynamo/_trace_wrapped_higher_order_op.py:147: UserWarning: Cannot create tensor with interal format while allow_internel_format=False, tensor will be created with base format. (Triggered internally at ../torch_npu/csrc/aten/common/TensorFactories.cpp:340.)
  return func(*args, **(kwargs or {}))
/usr/local/python3.12.13/lib/python3.12/site-packages/torch/_dynamo/_trace_wrapped_higher_order_op.py:147: UserWarning: Cannot create tensor with interal format while allow_internel_format=False, tensor will be created with base format. (Triggered internally at ../torch_npu/csrc/aten/common/TensorFactories.cpp:340.)
  return func(*args, **(kwargs or {}))
[11:05:20] INFO     train/confidence_loss=0.400,                  trainer.py:550
                    train/confidence_abs_error=0.297,                           
                    train/confidence_pred_mean=0.297,                           
                    train/confidence_cumprod_bias=0.160,                        
                    train/loss=0.588, train/ce_loss=2.362,                      
                    train/tv_loss=0.214,                                        
                    train/accept_rate=2.68e-04,                                 
                    train/accept_len=1.000,                                     
                    train/full_acc=0.00e+00,                                    
                    train/position_1_acc=0.00e+00,                              
                    train/position_2_acc=0.00e+00,                              
                    train/position_3_acc=0.00e+00,                              
                    train/position_4_acc=0.00e+00,                              
                    train/position_5_acc=0.00e+00,                              
                    train/position_6_acc=0.00e+00,                              
                    train/position_7_acc=0.00e+00,                              
                    profile/fetch_ms=2.74e+03,                                  
                    profile/fwd_ms=1.92e+03,                                    
                    profile/bwd_ms=344.808, profile/opt_ms=0.074,               
                    profile/step_ms=5.01e+03,                                   
                    profile/tokens_per_s=789.048,                               
                    profile/fetch_frac=0.548, epoch=0,                          
                    lr/Muon=0.00e+00, lr/AdamW=0.00e+00,                        
                    global_step=0                                               
[11:05:43] INFO     train/confidence_loss=0.273,                  trainer.py:550
                    train/confidence_abs_error=0.173,                           
                    train/confidence_pred_mean=0.185,                           
                    train/confidence_cumprod_bias=0.123,                        
                    train/loss=0.475, train/ce_loss=1.762,                      
                    train/tv_loss=0.208, train/accept_rate=0.024,               
                    train/accept_len=1.029, train/full_acc=0.074,               
                    train/position_1_acc=0.068,                                 
                    train/position_2_acc=0.074,                                 
                    train/position_3_acc=0.088,                                 
                    train/position_4_acc=0.070,                                 
                    train/position_5_acc=0.080,                                 
                    train/position_6_acc=0.064,                                 
                    train/position_7_acc=0.070,                                 
                    profile/fetch_ms=70.962,                                    
                    profile/fwd_ms=1.66e+03,                                    
                    profile/bwd_ms=93.265,                                      
                    profile/opt_ms=226.207,                                     
                    profile/step_ms=2.05e+03,                                   
                    profile/tokens_per_s=1.74e+03,                              
                    profile/fetch_frac=0.035, epoch=0,                          
                    lr/Muon=0.006, lr/AdamW=5.99e-04,                           
                    global_step=20                                              
[11:06:07] INFO     train/confidence_loss=0.840,                  trainer.py:550
                    train/confidence_abs_error=0.395,                           
                    train/confidence_pred_mean=0.477,                           
                    train/confidence_cumprod_bias=0.501,                        
                    train/loss=0.631, train/ce_loss=1.350,                      
                    train/tv_loss=0.179, train/accept_rate=0.162,               
                    train/accept_len=1.258, train/full_acc=0.190,               
                    train/position_1_acc=0.217,                                 
                    train/position_2_acc=0.186,                                 
                    train/position_3_acc=0.178,                                 
                    train/position_4_acc=0.200,                                 
                    train/position_5_acc=0.195,                                 
                    train/position_6_acc=0.186,                                 
                    train/position_7_acc=0.169,                                 
                    profile/fetch_ms=71.138,                                    
                    profile/fwd_ms=88.967, profile/bwd_ms=92.854,               
                    profile/opt_ms=0.027,                                       
                    profile/step_ms=252.986,                                    
                    profile/tokens_per_s=1.43e+04,                              
                    profile/fetch_frac=0.281, epoch=0,                          
                    lr/Muon=0.006, lr/AdamW=5.94e-04,                           
                    global_step=40                                              
[11:06:31] INFO     train/confidence_loss=0.303,                  trainer.py:550
                    train/confidence_abs_error=0.199,                           
                    train/confidence_pred_mean=0.233,                           
                    train/confidence_cumprod_bias=0.097,                        
                    train/loss=0.431, train/ce_loss=1.438,                      
                    train/tv_loss=0.186, train/accept_rate=0.132,               
                    train/accept_len=1.200, train/full_acc=0.161,               
                    train/position_1_acc=0.180,                                 
                    train/position_2_acc=0.152,                                 
                    train/position_3_acc=0.180,                                 
                    train/position_4_acc=0.146,                                 
                    train/position_5_acc=0.142,                                 
                    train/position_6_acc=0.159,                                 
                    train/position_7_acc=0.166,                                 
                    profile/fetch_ms=2.819,                                     
                    profile/fwd_ms=88.071, profile/bwd_ms=89.961,               
                    profile/opt_ms=0.028,                                       
                    profile/step_ms=180.879,                                    
                    profile/tokens_per_s=2.23e+04,                              
                    profile/fetch_frac=0.016, epoch=0,                          
                    lr/Muon=0.006, lr/AdamW=5.88e-04,                           
                    global_step=60                                              
[11:06:56] INFO     train/confidence_loss=0.213,                  trainer.py:550
                    train/confidence_abs_error=0.140,                           
                    train/confidence_pred_mean=0.155,                           
                    train/confidence_cumprod_bias=0.030,                        
                    train/loss=0.397, train/ce_loss=1.450,                      
                    train/tv_loss=0.184, train/accept_rate=0.137,               
                    train/accept_len=1.204, train/full_acc=0.156,               
                    train/position_1_acc=0.162,                                 
                    train/position_2_acc=0.156,                                 
                    train/position_3_acc=0.170,                                 
                    train/position_4_acc=0.157,                                 
                    train/position_5_acc=0.146,                                 
                    train/position_6_acc=0.151,                                 
                    train/position_7_acc=0.150,                                 
                    profile/fetch_ms=72.444,                                    
                    profile/fwd_ms=1.55e+03,                                    
                    profile/bwd_ms=92.450,                                      
                    profile/opt_ms=285.725,                                     
                    profile/step_ms=2.00e+03,                                   
                    profile/tokens_per_s=1.97e+03,                              
                    profile/fetch_frac=0.036, epoch=0,                          
                    lr/Muon=0.006, lr/AdamW=5.82e-04,                           
                    global_step=80                                              
[11:07:21] INFO     train/confidence_loss=0.242,                  trainer.py:550
                    train/confidence_abs_error=0.096,                           
                    train/confidence_pred_mean=0.051,                           
                    train/confidence_cumprod_bias=-0.029,                       
                    train/loss=0.378, train/ce_loss=1.244,                      
                    train/tv_loss=0.174, train/accept_rate=0.179,               
                    train/accept_len=1.311, train/full_acc=0.214,               
                    train/position_1_acc=0.237,                                 
                    train/position_2_acc=0.210,                                 
                    train/position_3_acc=0.220,                                 
                    train/position_4_acc=0.214,                                 
                    train/position_5_acc=0.213,                                 
                    train/position_6_acc=0.205,                                 
                    train/position_7_acc=0.201,                                 
                    profile/fetch_ms=73.404,                                    
                    profile/fwd_ms=2.27e+03,                                    
                    profile/bwd_ms=93.591, profile/opt_ms=0.024,                
                    profile/step_ms=2.44e+03,                                   
                    profile/tokens_per_s=1.61e+03,                              
                    profile/fetch_frac=0.030, epoch=0,                          
                    lr/Muon=0.006, lr/AdamW=5.76e-04,                           
                    global_step=100                                             
[11:07:45] INFO     train/confidence_loss=0.241,                  trainer.py:550
                    train/confidence_abs_error=0.140,                           
                    train/confidence_pred_mean=0.165,                           
                    train/confidence_cumprod_bias=0.018,                        
                    train/loss=0.378, train/ce_loss=1.244,                      
                    train/tv_loss=0.173, train/accept_rate=0.190,               
                    train/accept_len=1.335, train/full_acc=0.225,               
                    train/position_1_acc=0.227,                                 
                    train/position_2_acc=0.232,                                 
                    train/position_3_acc=0.236,                                 
                    train/position_4_acc=0.216,                                 
                    train/position_5_acc=0.231,                                 
                    train/position_6_acc=0.230,                                 
                    train/position_7_acc=0.205,                                 
                    profile/fetch_ms=2.885,                                     
                    profile/fwd_ms=1.96e+03,                                    
                    profile/bwd_ms=91.768, profile/opt_ms=0.039,                
                    profile/step_ms=2.06e+03,                                   
                    profile/tokens_per_s=1.95e+03,                              
                    profile/fetch_frac=0.001, epoch=0,                          
                    lr/Muon=0.006, lr/AdamW=5.70e-04,                           
                    global_step=120                                             
[11:08:10] INFO     train/confidence_loss=0.258,                  trainer.py:550
                    train/confidence_abs_error=0.146,                           
                    train/confidence_pred_mean=0.188,                           
                    train/confidence_cumprod_bias=0.005,                        
                    train/loss=0.362, train/ce_loss=1.144,                      
                    train/tv_loss=0.161, train/accept_rate=0.224,               
                    train/accept_len=1.584, train/full_acc=0.264,               
                    train/position_1_acc=0.365,                                 
                    train/position_2_acc=0.313,                                 
                    train/position_3_acc=0.267,                                 
                    train/position_4_acc=0.250,                                 
                    train/position_5_acc=0.221,                                 
                    train/position_6_acc=0.217,                                 
                    train/position_7_acc=0.215,                                 
                    profile/fetch_ms=73.875,                                    
                    profile/fwd_ms=1.73e+03,                                    
                    profile/bwd_ms=112.959,                                     
                    profile/opt_ms=229.753,                                     
                    profile/step_ms=2.15e+03,                                   
                    profile/tokens_per_s=1.79e+03,                              
                    profile/fetch_frac=0.034, epoch=0,                          
                    lr/Muon=0.006, lr/AdamW=5.64e-04,                           
                    global_step=140                                             
[11:08:35] INFO     train/confidence_loss=0.270,                  trainer.py:550
                    train/confidence_abs_error=0.113,                           
                    train/confidence_pred_mean=0.096,                           
                    train/confidence_cumprod_bias=-0.036,                       
                    train/loss=0.350, train/ce_loss=1.031,                      
                    train/tv_loss=0.156, train/accept_rate=0.238,               
                    train/accept_len=1.607, train/full_acc=0.274,               
                    train/position_1_acc=0.410,                                 
                    train/position_2_acc=0.319,                                 
                    train/position_3_acc=0.255,                                 
                    train/position_4_acc=0.265,                                 
                    train/position_5_acc=0.221,                                 
                    train/position_6_acc=0.237,                                 
                    train/position_7_acc=0.209,                                 
                    profile/fetch_ms=96.568,                                    
                    profile/fwd_ms=1.91e+03,                                    
                    profile/bwd_ms=97.501, profile/opt_ms=0.052,                
                    profile/step_ms=2.10e+03,                                   
                    profile/tokens_per_s=1.83e+03,                              
                    profile/fetch_frac=0.046, epoch=0,                          
                    lr/Muon=0.006, lr/AdamW=5.59e-04,                           
                    global_step=160                                             
[11:08:58] INFO     train/confidence_loss=0.279,                  trainer.py:550
                    train/confidence_abs_error=0.155,                           
                    train/confidence_pred_mean=0.193,                           
                    train/confidence_cumprod_bias=-0.007,                       
                    train/loss=0.336, train/ce_loss=0.938,                      
                    train/tv_loss=0.145, train/accept_rate=0.281,               
                    train/accept_len=1.842, train/full_acc=0.308,               
                    train/position_1_acc=0.515,                                 
                    train/position_2_acc=0.359,                                 
                    train/position_3_acc=0.282,                                 
                    train/position_4_acc=0.244,                                 
                    train/position_5_acc=0.258,                                 
                    train/position_6_acc=0.251,                                 
                    train/position_7_acc=0.249,                                 
                    profile/fetch_ms=14.436,                                    
                    profile/fwd_ms=1.84e+03,                                    
                    profile/bwd_ms=92.373, profile/opt_ms=0.034,                
                    profile/step_ms=1.94e+03,                                   
                    profile/tokens_per_s=1.99e+03,                              
                    profile/fetch_frac=0.007, epoch=0,                          
                    lr/Muon=0.006, lr/AdamW=5.53e-04,                           
                    global_step=180                                             
[11:09:23] INFO     train/confidence_loss=0.266,                  trainer.py:550
                    train/confidence_abs_error=0.146,                           
                    train/confidence_pred_mean=0.216,                           
                    train/confidence_cumprod_bias=0.046,                        
                    train/loss=0.338, train/ce_loss=0.975,                      
                    train/tv_loss=0.147, train/accept_rate=0.267,               
                    train/accept_len=1.845, train/full_acc=0.295,               
                    train/position_1_acc=0.511,                                 
                    train/position_2_acc=0.352,                                 
                    train/position_3_acc=0.274,                                 
                    train/position_4_acc=0.246,                                 
                    train/position_5_acc=0.235,                                 
                    train/position_6_acc=0.220,                                 
                    train/position_7_acc=0.226,                                 
                    profile/fetch_ms=74.520,                                    
                    profile/fwd_ms=2.61e+03,                                    
                    profile/bwd_ms=95.480,                                      
                    profile/opt_ms=277.874,                                     
                    profile/step_ms=3.06e+03,                                   
                    profile/tokens_per_s=1.29e+03,                              
                    profile/fetch_frac=0.024, epoch=0,                          
                    lr/Muon=0.005, lr/AdamW=5.46e-04,                           
                    global_step=200                                             
[11:09:47] INFO     train/confidence_loss=0.248,                  trainer.py:550
                    train/confidence_abs_error=0.103,                           
                    train/confidence_pred_mean=0.097,                           
                    train/confidence_cumprod_bias=-0.034,                       
                    train/loss=0.342, train/ce_loss=1.050,                      
                    train/tv_loss=0.153, train/accept_rate=0.239,               
                    train/accept_len=1.791, train/full_acc=0.275,               
                    train/position_1_acc=0.504,                                 
                    train/position_2_acc=0.293,                                 
                    train/position_3_acc=0.250,                                 
                    train/position_4_acc=0.248,                                 
                    train/position_5_acc=0.225,                                 
                    train/position_6_acc=0.204,                                 
                    train/position_7_acc=0.197,                                 
                    profile/fetch_ms=74.304,                                    
                    profile/fwd_ms=1.82e+03,                                    
                    profile/bwd_ms=95.884, profile/opt_ms=4.489,                
                    profile/step_ms=1.99e+03,                                   
                    profile/tokens_per_s=1.97e+03,                              
                    profile/fetch_frac=0.037, epoch=0,                          
                    lr/Muon=0.005, lr/AdamW=5.41e-04,                           
                    global_step=220                                             
[11:10:11] INFO     train/confidence_loss=0.250,                  trainer.py:550
                    train/confidence_abs_error=0.137,                           
                    train/confidence_pred_mean=0.209,                           
                    train/confidence_cumprod_bias=0.032,                        
                    train/loss=0.319, train/ce_loss=0.944,                      
                    train/tv_loss=0.140, train/accept_rate=0.294,               
                    train/accept_len=2.001, train/full_acc=0.328,               
                    train/position_1_acc=0.579,                                 
                    train/position_2_acc=0.370,                                 
                    train/position_3_acc=0.308,                                 
                    train/position_4_acc=0.273,                                 
                    train/position_5_acc=0.265,                                 
                    train/position_6_acc=0.254,                                 
                    train/position_7_acc=0.248,                                 
                    profile/fetch_ms=2.812,                                     
                    profile/fwd_ms=1.98e+03,                                    
                    profile/bwd_ms=91.074, profile/opt_ms=0.036,                
                    profile/step_ms=2.07e+03,                                   
                    profile/tokens_per_s=1.86e+03,                              
                    profile/fetch_frac=0.001, epoch=0,                          
                    lr/Muon=0.005, lr/AdamW=5.35e-04,                           
                    global_step=240                                             
[11:10:35] INFO     train/confidence_loss=0.244,                  trainer.py:550
                    train/confidence_abs_error=0.115,                           
                    train/confidence_pred_mean=0.134,                           
                    train/confidence_cumprod_bias=-0.025,                       
                    train/loss=0.317, train/ce_loss=0.931,                      
                    train/tv_loss=0.141, train/accept_rate=0.292,               
                    train/accept_len=2.003, train/full_acc=0.327,               
                    train/position_1_acc=0.555,                                 
                    train/position_2_acc=0.343,                                 
                    train/position_3_acc=0.303,                                 
                    train/position_4_acc=0.297,                                 
                    train/position_5_acc=0.271,                                 
                    train/position_6_acc=0.267,                                 
                    train/position_7_acc=0.249,                                 
                    profile/fetch_ms=69.085,                                    
                    profile/fwd_ms=1.75e+03,                                    
                    profile/bwd_ms=93.249,                                      
                    profile/opt_ms=231.241,                                     
                    profile/step_ms=2.15e+03,                                   
                    profile/tokens_per_s=1.63e+03,                              
                    profile/fetch_frac=0.032, epoch=0,                          
                    lr/Muon=0.005, lr/AdamW=5.29e-04,                           
                    global_step=260                                             
[11:10:59] INFO     train/confidence_loss=0.249,                  trainer.py:550
                    train/confidence_abs_error=0.136,                           
                    train/confidence_pred_mean=0.207,                           
                    train/confidence_cumprod_bias=0.032,                        
                    train/loss=0.323, train/ce_loss=0.944,                      
                    train/tv_loss=0.143, train/accept_rate=0.280,               
                    train/accept_len=1.956, train/full_acc=0.312,               
                    train/position_1_acc=0.563,                                 
                    train/position_2_acc=0.366,                                 
                    train/position_3_acc=0.294,                                 
                    train/position_4_acc=0.265,                                 
                    train/position_5_acc=0.250,                                 
                    train/position_6_acc=0.244,                                 
                    train/position_7_acc=0.204,                                 
                    profile/fetch_ms=72.869,                                    
                    profile/fwd_ms=2.15e+03,                                    
                    profile/bwd_ms=93.479, profile/opt_ms=0.045,                
                    profile/step_ms=2.32e+03,                                   
                    profile/tokens_per_s=1.66e+03,                              
                    profile/fetch_frac=0.031, epoch=0,                          
                    lr/Muon=0.005, lr/AdamW=5.24e-04,                           
                    global_step=280                                             
[11:11:24] INFO     train/confidence_loss=0.233,                  trainer.py:550
                    train/confidence_abs_error=0.111,                           
                    train/confidence_pred_mean=0.154,                           
                    train/confidence_cumprod_bias=-0.026,                       
                    train/loss=0.302, train/ce_loss=0.863,                      
                    train/tv_loss=0.134, train/accept_rate=0.313,               
                    train/accept_len=2.176, train/full_acc=0.354,               
                    train/position_1_acc=0.623,                                 
                    train/position_2_acc=0.425,                                 
                    train/position_3_acc=0.316,                                 
                    train/position_4_acc=0.309,                                 
                    train/position_5_acc=0.279,                                 
                    train/position_6_acc=0.278,                                 
                    train/position_7_acc=0.243,                                 
                    profile/fetch_ms=5.525,                                     
                    profile/fwd_ms=1.78e+03,                                    
                    profile/bwd_ms=90.946, profile/opt_ms=0.027,                
                    profile/step_ms=1.87e+03,                                   
                    profile/tokens_per_s=2.14e+03,                              
                    profile/fetch_frac=0.003, epoch=0,                          
                    lr/Muon=0.005, lr/AdamW=5.17e-04,                           
                    global_step=300                                             
[11:11:50] INFO     train/confidence_loss=0.242,                  trainer.py:550
                    train/confidence_abs_error=0.111,                           
                    train/confidence_pred_mean=0.149,                           
                    train/confidence_cumprod_bias=-0.008,                       
                    train/loss=0.309, train/ce_loss=0.881,                      
                    train/tv_loss=0.141, train/accept_rate=0.287,               
                    train/accept_len=2.009, train/full_acc=0.327,               
                    train/position_1_acc=0.605,                                 
                    train/position_2_acc=0.364,                                 
                    train/position_3_acc=0.296,                                 
                    train/position_4_acc=0.255,                                 
                    train/position_5_acc=0.272,                                 
                    train/position_6_acc=0.265,                                 
                    train/position_7_acc=0.228,                                 
                    profile/fetch_ms=69.128,                                    
                    profile/fwd_ms=2.33e+03,                                    
                    profile/bwd_ms=93.552,                                      
                    profile/opt_ms=245.967,                                     
                    profile/step_ms=2.74e+03,                                   
                    profile/tokens_per_s=1.47e+03,                              
                    profile/fetch_frac=0.025, epoch=0,                          
                    lr/Muon=0.005, lr/AdamW=5.11e-04,                           
                    global_step=320                                             
[11:12:14] INFO     train/confidence_loss=0.227,                  trainer.py:550
                    train/confidence_abs_error=0.127,                           
                    train/confidence_pred_mean=0.205,                           
                    train/confidence_cumprod_bias=0.024,                        
                    train/loss=0.314, train/ce_loss=0.956,                      
                    train/tv_loss=0.141, train/accept_rate=0.285,               
                    train/accept_len=2.046, train/full_acc=0.315,               
                    train/position_1_acc=0.583,                                 
                    train/position_2_acc=0.350,                                 
                    train/position_3_acc=0.303,                                 
                    train/position_4_acc=0.273,                                 
                    train/position_5_acc=0.253,                                 
                    train/position_6_acc=0.222,                                 
                    train/position_7_acc=0.220,                                 
                    profile/fetch_ms=74.000,                                    
                    profile/fwd_ms=1.89e+03,                                    
                    profile/bwd_ms=86.931, profile/opt_ms=0.038,                
                    profile/step_ms=2.05e+03,                                   
                    profile/tokens_per_s=1.83e+03,                              
                    profile/fetch_frac=0.036, epoch=0,                          
                    lr/Muon=0.005, lr/AdamW=5.06e-04,                           
                    global_step=340                                             
[11:12:39] INFO     train/confidence_loss=0.238,                  trainer.py:550
                    train/confidence_abs_error=0.113,                           
                    train/confidence_pred_mean=0.142,                           
                    train/confidence_cumprod_bias=-0.030,                       
                    train/loss=0.306, train/ce_loss=0.887,                      
                    train/tv_loss=0.138, train/accept_rate=0.303,               
                    train/accept_len=2.039, train/full_acc=0.328,               
                    train/position_1_acc=0.587,                                 
                    train/position_2_acc=0.374,                                 
                    train/position_3_acc=0.316,                                 
                    train/position_4_acc=0.280,                                 
                    train/position_5_acc=0.248,                                 
                    train/position_6_acc=0.253,                                 
                    train/position_7_acc=0.238,                                 
                    profile/fetch_ms=2.772,                                     
                    profile/fwd_ms=2.25e+03,                                    
                    profile/bwd_ms=105.612, profile/opt_ms=0.034,               
                    profile/step_ms=2.35e+03,                                   
                    profile/tokens_per_s=1.65e+03,                              
                    profile/fetch_frac=0.001, epoch=0,                          
                    lr/Muon=0.005, lr/AdamW=5.00e-04,                           
                    global_step=360                                             
[11:13:03] INFO     train/confidence_loss=0.252,                  trainer.py:550
                    train/confidence_abs_error=0.128,                           
                    train/confidence_pred_mean=0.188,                           
                    train/confidence_cumprod_bias=-0.022,                       
                    train/loss=0.284, train/ce_loss=0.731,                      
                    train/tv_loss=0.121, train/accept_rate=0.370,               
                    train/accept_len=2.409, train/full_acc=0.403,               
                    train/position_1_acc=0.706,                                 
                    train/position_2_acc=0.475,                                 
                    train/position_3_acc=0.392,                                 
                    train/position_4_acc=0.317,                                 
                    train/position_5_acc=0.309,                                 
                    train/position_6_acc=0.298,                                 
                    train/position_7_acc=0.319,                                 
                    profile/fetch_ms=67.627,                                    
                    profile/fwd_ms=2.42e+03,                                    
                    profile/bwd_ms=94.280,                                      
                    profile/opt_ms=309.401,                                     
                    profile/step_ms=2.89e+03,                                   
                    profile/tokens_per_s=1.41e+03,                              
                    profile/fetch_frac=0.023, epoch=0,                          
                    lr/Muon=0.005, lr/AdamW=4.94e-04,                           
                    global_step=380                                             
[11:13:26] INFO     train/confidence_loss=0.239,                  trainer.py:550
                    train/confidence_abs_error=0.127,                           
                    train/confidence_pred_mean=0.188,                           
                    train/confidence_cumprod_bias=0.009,                        
                    train/loss=0.316, train/ce_loss=0.944,                      
                    train/tv_loss=0.142, train/accept_rate=0.281,               
                    train/accept_len=1.978, train/full_acc=0.311,               
                    train/position_1_acc=0.603,                                 
                    train/position_2_acc=0.347,                                 
                    train/position_3_acc=0.266,                                 
                    train/position_4_acc=0.272,                                 
                    train/position_5_acc=0.228,                                 
                    train/position_6_acc=0.240,                                 
                    train/position_7_acc=0.220,                                 
                    profile/fetch_ms=74.603,                                    
                    profile/fwd_ms=1.61e+03,                                    
                    profile/bwd_ms=86.643, profile/opt_ms=0.039,                
                    profile/step_ms=1.77e+03,                                   
                    profile/tokens_per_s=2.24e+03,                              
                    profile/fetch_frac=0.042, epoch=0,                          
                    lr/Muon=0.005, lr/AdamW=4.88e-04,                           
                    global_step=400                                             
[11:13:51] INFO     train/confidence_loss=0.245,                  trainer.py:550
                    train/confidence_abs_error=0.118,                           
                    train/confidence_pred_mean=0.178,                           
                    train/confidence_cumprod_bias=-0.020,                       
                    train/loss=0.281, train/ce_loss=0.734,                      
                    train/tv_loss=0.120, train/accept_rate=0.369,               
                    train/accept_len=2.394, train/full_acc=0.406,               
                    train/position_1_acc=0.686,                                 
                    train/position_2_acc=0.482,                                 
                    train/position_3_acc=0.420,                                 
                    train/position_4_acc=0.355,                                 
                    train/position_5_acc=0.311,                                 
                    train/position_6_acc=0.300,                                 
                    train/position_7_acc=0.285,                                 
                    profile/fetch_ms=2.709,                                     
                    profile/fwd_ms=1.73e+03,                                    
                    profile/bwd_ms=84.782, profile/opt_ms=0.028,                
                    profile/step_ms=1.82e+03,                                   
                    profile/tokens_per_s=1.94e+03,                              
                    profile/fetch_frac=0.001, epoch=0,                          
                    lr/Muon=0.005, lr/AdamW=4.82e-04,                           
                    global_step=420                                             
[11:14:17] INFO     train/confidence_loss=0.250,                  trainer.py:550
                    train/confidence_abs_error=0.141,                           
                    train/confidence_pred_mean=0.272,                           
                    train/confidence_cumprod_bias=0.037,                        
                    train/loss=0.266, train/ce_loss=0.656,                      
                    train/tv_loss=0.110, train/accept_rate=0.417,               
                    train/accept_len=2.642, train/full_acc=0.452,               
                    train/position_1_acc=0.743,                                 
                    train/position_2_acc=0.530,                                 
                    train/position_3_acc=0.436,                                 
                    train/position_4_acc=0.410,                                 
                    train/position_5_acc=0.361,                                 
                    train/position_6_acc=0.357,                                 
                    train/position_7_acc=0.326,                                 
                    profile/fetch_ms=75.155,                                    
                    profile/fwd_ms=2.54e+03,                                    
                    profile/bwd_ms=92.452,                                      
                    profile/opt_ms=256.343,                                     
                    profile/step_ms=2.96e+03,                                   
                    profile/tokens_per_s=1.34e+03,                              
                    profile/fetch_frac=0.025, epoch=0,                          
                    lr/Muon=0.005, lr/AdamW=4.76e-04,                           
                    global_step=440                                             
[11:14:39] INFO     train/confidence_loss=0.243,                  trainer.py:550
                    train/confidence_abs_error=0.120,                           
                    train/confidence_pred_mean=0.198,                           
                    train/confidence_cumprod_bias=-0.020,                       
                    train/loss=0.270, train/ce_loss=0.691,                      
                    train/tv_loss=0.116, train/accept_rate=0.394,               
                    train/accept_len=2.524, train/full_acc=0.433,               
                    train/position_1_acc=0.725,                                 
                    train/position_2_acc=0.500,                                 
                    train/position_3_acc=0.433,                                 
                    train/position_4_acc=0.356,                                 
                    train/position_5_acc=0.369,                                 
                    train/position_6_acc=0.339,                                 
                    train/position_7_acc=0.301,                                 
                    profile/fetch_ms=74.590,                                    
                    profile/fwd_ms=2.06e+03,                                    
                    profile/bwd_ms=92.629, profile/opt_ms=0.026,                
                    profile/step_ms=2.23e+03,                                   
                    profile/tokens_per_s=1.75e+03,                              
                    profile/fetch_frac=0.034, epoch=0,                          
                    lr/Muon=0.005, lr/AdamW=4.71e-04,                           
                    global_step=460                                             
[11:15:03] INFO     train/confidence_loss=0.249,                  trainer.py:550
                    train/confidence_abs_error=0.136,                           
                    train/confidence_pred_mean=0.268,                           
                    train/confidence_cumprod_bias=0.037,                        
                    train/loss=0.269, train/ce_loss=0.672,                      
                    train/tv_loss=0.114, train/accept_rate=0.398,               
                    train/accept_len=2.583, train/full_acc=0.435,               
                    train/position_1_acc=0.731,                                 
                    train/position_2_acc=0.525,                                 
                    train/position_3_acc=0.429,                                 
                    train/position_4_acc=0.368,                                 
                    train/position_5_acc=0.345,                                 
                    train/position_6_acc=0.321,                                 
                    train/position_7_acc=0.326,                                 
                    profile/fetch_ms=9.247,                                     
                    profile/fwd_ms=1.77e+03,                                    
                    profile/bwd_ms=92.457, profile/opt_ms=0.028,                
                    profile/step_ms=1.87e+03,                                   
                    profile/tokens_per_s=2.09e+03,                              
                    profile/fetch_frac=0.005, epoch=0,                          
                    lr/Muon=0.005, lr/AdamW=4.65e-04,                           
                    global_step=480                                             
[11:15:28] INFO     train/confidence_loss=0.248,                  trainer.py:550
                    train/confidence_abs_error=0.126,                           
                    train/confidence_pred_mean=0.199,                           
                    train/confidence_cumprod_bias=-0.006,                       
                    train/loss=0.284, train/ce_loss=0.744,                      
                    train/tv_loss=0.123, train/accept_rate=0.360,               
                    train/accept_len=2.340, train/full_acc=0.395,               
                    train/position_1_acc=0.709,                                 
                    train/position_2_acc=0.463,                                 
                    train/position_3_acc=0.365,                                 
                    train/position_4_acc=0.345,                                 
                    train/position_5_acc=0.305,                                 
                    train/position_6_acc=0.304,                                 
                    train/position_7_acc=0.273,                                 
                    profile/fetch_ms=74.189,                                    
                    profile/fwd_ms=2.53e+03,                                    
                    profile/bwd_ms=94.457,                                      
                    profile/opt_ms=272.675,                                     
                    profile/step_ms=2.97e+03,                                   
                    profile/tokens_per_s=1.34e+03,                              
                    profile/fetch_frac=0.025, epoch=0,                          
                    lr/Muon=0.005, lr/AdamW=4.59e-04,                           
                    global_step=500                                             
[11:15:53] INFO     train/confidence_loss=0.252,                  trainer.py:550
                    train/confidence_abs_error=0.137,                           
                    train/confidence_pred_mean=0.251,                           
                    train/confidence_cumprod_bias=0.037,                        
                    train/loss=0.281, train/ce_loss=0.709,                      
                    train/tv_loss=0.121, train/accept_rate=0.364,               
                    train/accept_len=2.403, train/full_acc=0.394,               
                    train/position_1_acc=0.728,                                 
                    train/position_2_acc=0.471,                                 
                    train/position_3_acc=0.356,                                 
                    train/position_4_acc=0.328,                                 
                    train/position_5_acc=0.322,                                 
                    train/position_6_acc=0.276,                                 
                    train/position_7_acc=0.273,                                 
                    profile/fetch_ms=61.587,                                    
                    profile/fwd_ms=2.34e+03,                                    
                    profile/bwd_ms=92.276, profile/opt_ms=0.041,                
                    profile/step_ms=2.50e+03,                                   
                    profile/tokens_per_s=1.59e+03,                              
                    profile/fetch_frac=0.025, epoch=0,                          
                    lr/Muon=0.005, lr/AdamW=4.53e-04,                           
                    global_step=520                                             
[11:16:17] INFO     train/confidence_loss=0.248,                  trainer.py:550
                    train/confidence_abs_error=0.128,                           
                    train/confidence_pred_mean=0.222,                           
                    train/confidence_cumprod_bias=-0.024,                       
                    train/loss=0.250, train/ce_loss=0.572,                      
                    train/tv_loss=0.104, train/accept_rate=0.438,               
                    train/accept_len=2.733, train/full_acc=0.472,               
                    train/position_1_acc=0.792,                                 
                    train/position_2_acc=0.578,                                 
                    train/position_3_acc=0.460,                                 
                    train/position_4_acc=0.416,                                 
                    train/position_5_acc=0.367,                                 
                    train/position_6_acc=0.357,                                 
                    train/position_7_acc=0.332,                                 
                    profile/fetch_ms=2.759,                                     
                    profile/fwd_ms=2.10e+03,                                    
                    profile/bwd_ms=100.873, profile/opt_ms=0.048,               
                    profile/step_ms=2.21e+03,                                   
                    profile/tokens_per_s=1.75e+03,                              
                    profile/fetch_frac=0.001, epoch=0,                          
                    lr/Muon=0.004, lr/AdamW=4.47e-04,                           
                    global_step=540                                             
[11:16:42] INFO     train/confidence_loss=0.256,                  trainer.py:550
                    train/confidence_abs_error=0.145,                           
                    train/confidence_pred_mean=0.297,                           
                    train/confidence_cumprod_bias=0.034,                        
                    train/loss=0.244, train/ce_loss=0.503,                      
                    train/tv_loss=0.100, train/accept_rate=0.445,               
                    train/accept_len=2.880, train/full_acc=0.486,               
                    train/position_1_acc=0.857,                                 
                    train/position_2_acc=0.630,                                 
                    train/position_3_acc=0.461,                                 
                    train/position_4_acc=0.411,                                 
                    train/position_5_acc=0.385,                                 
                    train/position_6_acc=0.350,                                 
                    train/position_7_acc=0.306,                                 
                    profile/fetch_ms=70.838,                                    
                    profile/fwd_ms=2.48e+03,                                    
                    profile/bwd_ms=90.321,                                      
                    profile/opt_ms=261.316,                                     
                    profile/step_ms=2.90e+03,                                   
                    profile/tokens_per_s=1.17e+03,                              
                    profile/fetch_frac=0.024, epoch=0,                          
                    lr/Muon=0.004, lr/AdamW=4.41e-04,                           
                    global_step=560                                             
[11:17:07] INFO     train/confidence_loss=0.233,                  trainer.py:550
                    train/confidence_abs_error=0.122,                           
                    train/confidence_pred_mean=0.218,                           
                    train/confidence_cumprod_bias=-0.033,                       
                    train/loss=0.256, train/ce_loss=0.653,                      
                    train/tv_loss=0.107, train/accept_rate=0.420,               
                    train/accept_len=2.785, train/full_acc=0.454,               
                    train/position_1_acc=0.795,                                 
                    train/position_2_acc=0.564,                                 
                    train/position_3_acc=0.452,                                 
                    train/position_4_acc=0.375,                                 
                    train/position_5_acc=0.354,                                 
                    train/position_6_acc=0.314,                                 
                    train/position_7_acc=0.317,                                 
                    profile/fetch_ms=72.666,                                    
                    profile/fwd_ms=1.76e+03,                                    
                    profile/bwd_ms=93.072, profile/opt_ms=0.048,                
                    profile/step_ms=1.93e+03,                                   
                    profile/tokens_per_s=2.05e+03,                              
                    profile/fetch_frac=0.038, epoch=0,                          
                    lr/Muon=0.004, lr/AdamW=4.36e-04,                           
                    global_step=580                                             
[11:17:31] INFO     train/confidence_loss=0.203,                  trainer.py:550
                    train/confidence_abs_error=0.108,                           
                    train/confidence_pred_mean=0.173,                           
                    train/confidence_cumprod_bias=0.006,                        
                    train/loss=0.306, train/ce_loss=0.963,                      
                    train/tv_loss=0.144, train/accept_rate=0.274,               
                    train/accept_len=2.039, train/full_acc=0.302,               
                    train/position_1_acc=0.591,                                 
                    train/position_2_acc=0.354,                                 
                    train/position_3_acc=0.258,                                 
                    train/position_4_acc=0.247,                                 
                    train/position_5_acc=0.244,                                 
                    train/position_6_acc=0.204,                                 
                    train/position_7_acc=0.213,                                 
                    profile/fetch_ms=12.695,                                    
                    profile/fwd_ms=2.12e+03,                                    
                    profile/bwd_ms=92.557, profile/opt_ms=0.029,                
                    profile/step_ms=2.22e+03,                                   
                    profile/tokens_per_s=1.69e+03,                              
                    profile/fetch_frac=0.006, epoch=0,                          
                    lr/Muon=0.004, lr/AdamW=4.30e-04,                           
                    global_step=600                                             
[11:17:56] INFO     train/confidence_loss=0.236,                  trainer.py:550
                    train/confidence_abs_error=0.124,                           
                    train/confidence_pred_mean=0.217,                           
                    train/confidence_cumprod_bias=0.011,                        
                    train/loss=0.284, train/ce_loss=0.759,                      
                    train/tv_loss=0.125, train/accept_rate=0.346,               
                    train/accept_len=2.380, train/full_acc=0.380,               
                    train/position_1_acc=0.684,                                 
                    train/position_2_acc=0.453,                                 
                    train/position_3_acc=0.368,                                 
                    train/position_4_acc=0.332,                                 
                    train/position_5_acc=0.286,                                 
                    train/position_6_acc=0.275,                                 
                    train/position_7_acc=0.258,                                 
                    profile/fetch_ms=74.402,                                    
                    profile/fwd_ms=2.61e+03,                                    
                    profile/bwd_ms=92.376,                                      
                    profile/opt_ms=256.999,                                     
                    profile/step_ms=3.03e+03,                                   
                    profile/tokens_per_s=1.32e+03,                              
                    profile/fetch_frac=0.025, epoch=0,                          
                    lr/Muon=0.004, lr/AdamW=4.23e-04,                           
                    global_step=620                                             
[11:18:18] INFO     train/confidence_loss=0.236,                  trainer.py:550
                    train/confidence_abs_error=0.116,                           
                    train/confidence_pred_mean=0.192,                           
                    train/confidence_cumprod_bias=-0.022,                       
                    train/loss=0.267, train/ce_loss=0.684,                      
                    train/tv_loss=0.117, train/accept_rate=0.375,               
                    train/accept_len=2.545, train/full_acc=0.411,               
                    train/position_1_acc=0.730,                                 
                    train/position_2_acc=0.516,                                 
                    train/position_3_acc=0.421,                                 
                    train/position_4_acc=0.343,                                 
                    train/position_5_acc=0.310,                                 
                    train/position_6_acc=0.298,                                 
                    train/position_7_acc=0.258,                                 
                    profile/fetch_ms=58.350,                                    
                    profile/fwd_ms=1.73e+03,                                    
                    profile/bwd_ms=92.904, profile/opt_ms=0.025,                
                    profile/step_ms=1.88e+03,                                   
                    profile/tokens_per_s=2.08e+03,                              
                    profile/fetch_frac=0.031, epoch=0,                          
                    lr/Muon=0.004, lr/AdamW=4.18e-04,                           
                    global_step=640                                             
[11:18:42] INFO     train/confidence_loss=0.241,                  trainer.py:550
                    train/confidence_abs_error=0.137,                           
                    train/confidence_pred_mean=0.270,                           
                    train/confidence_cumprod_bias=0.016,                        
                    train/loss=0.253, train/ce_loss=0.613,                      
                    train/tv_loss=0.106, train/accept_rate=0.422,               
                    train/accept_len=2.830, train/full_acc=0.458,               
                    train/position_1_acc=0.809,                                 
                    train/position_2_acc=0.569,                                 
                    train/position_3_acc=0.464,                                 
                    train/position_4_acc=0.373,                                 
                    train/position_5_acc=0.338,                                 
                    train/position_6_acc=0.335,                                 
                    train/position_7_acc=0.314,                                 
                    profile/fetch_ms=20.133,                                    
                    profile/fwd_ms=1.88e+03,                                    
                    profile/bwd_ms=110.725, profile/opt_ms=0.028,               
                    profile/step_ms=2.01e+03,                                   
                    profile/tokens_per_s=1.90e+03,                              
                    profile/fetch_frac=0.010, epoch=0,                          
                    lr/Muon=0.004, lr/AdamW=4.12e-04,                           
                    global_step=660                                             
[11:19:07] INFO     train/confidence_loss=0.223,                  trainer.py:550
                    train/confidence_abs_error=0.120,                           
                    train/confidence_pred_mean=0.235,                           
                    train/confidence_cumprod_bias=0.010,                        
                    train/loss=0.256, train/ce_loss=0.631,                      
                    train/tv_loss=0.116, train/accept_rate=0.382,               
                    train/accept_len=2.624, train/full_acc=0.414,               
                    train/position_1_acc=0.793,                                 
                    train/position_2_acc=0.478,                                 
                    train/position_3_acc=0.389,                                 
                    train/position_4_acc=0.349,                                 
                    train/position_5_acc=0.313,                                 
                    train/position_6_acc=0.309,                                 
                    train/position_7_acc=0.267,                                 
                    profile/fetch_ms=61.685,                                    
                    profile/fwd_ms=2.53e+03,                                    
                    profile/bwd_ms=101.594,                                     
                    profile/opt_ms=227.770,                                     
                    profile/step_ms=2.92e+03,                                   
                    profile/tokens_per_s=1.37e+03,                              
                    profile/fetch_frac=0.021, epoch=0,                          
                    lr/Muon=0.004, lr/AdamW=4.06e-04,                           
                    global_step=680                                             
[11:19:31] INFO     train/confidence_loss=0.243,                  trainer.py:550
                    train/confidence_abs_error=0.120,                           
                    train/confidence_pred_mean=0.195,                           
                    train/confidence_cumprod_bias=-0.025,                       
                    train/loss=0.277, train/ce_loss=0.719,                      
                    train/tv_loss=0.119, train/accept_rate=0.376,               
                    train/accept_len=2.487, train/full_acc=0.411,               
                    train/position_1_acc=0.708,                                 
                    train/position_2_acc=0.491,                                 
                    train/position_3_acc=0.412,                                 
                    train/position_4_acc=0.349,                                 
                    train/position_5_acc=0.329,                                 
                    train/position_6_acc=0.303,                                 
                    train/position_7_acc=0.284,                                 
                    profile/fetch_ms=90.774,                                    
                    profile/fwd_ms=1.92e+03,                                    
                    profile/bwd_ms=87.056, profile/opt_ms=0.048,                
                    profile/step_ms=2.09e+03,                                   
                    profile/tokens_per_s=1.84e+03,                              
                    profile/fetch_frac=0.043, epoch=0,                          
                    lr/Muon=0.004, lr/AdamW=4.01e-04,                           
                    global_step=700                                             
[11:19:56] INFO     train/confidence_loss=0.248,                  trainer.py:550
                    train/confidence_abs_error=0.128,                           
                    train/confidence_pred_mean=0.231,                           
                    train/confidence_cumprod_bias=-0.015,                       
                    train/loss=0.253, train/ce_loss=0.588,                      
                    train/tv_loss=0.105, train/accept_rate=0.431,               
                    train/accept_len=2.780, train/full_acc=0.463,               
                    train/position_1_acc=0.783,                                 
                    train/position_2_acc=0.557,                                 
                    train/position_3_acc=0.458,                                 
                    train/position_4_acc=0.427,                                 
                    train/position_5_acc=0.364,                                 
                    train/position_6_acc=0.343,                                 
                    train/position_7_acc=0.308,                                 
                    profile/fetch_ms=2.758,                                     
                    profile/fwd_ms=2.31e+03,                                    
                    profile/bwd_ms=107.690, profile/opt_ms=0.028,               
                    profile/step_ms=2.42e+03,                                   
                    profile/tokens_per_s=1.64e+03,                              
                    profile/fetch_frac=0.001, epoch=0,                          
                    lr/Muon=0.004, lr/AdamW=3.94e-04,                           
                    global_step=720                                             
[11:20:20] INFO     train/confidence_loss=0.236,                  trainer.py:550
                    train/confidence_abs_error=0.116,                           
                    train/confidence_pred_mean=0.205,                           
                    train/confidence_cumprod_bias=-0.022,                       
                    train/loss=0.259, train/ce_loss=0.650,                      
                    train/tv_loss=0.110, train/accept_rate=0.411,               
                    train/accept_len=2.681, train/full_acc=0.448,               
                    train/position_1_acc=0.751,                                 
                    train/position_2_acc=0.550,                                 
                    train/position_3_acc=0.445,                                 
                    train/position_4_acc=0.393,                                 
                    train/position_5_acc=0.360,                                 
                    train/position_6_acc=0.334,                                 
                    train/position_7_acc=0.298,                                 
                    profile/fetch_ms=82.623,                                    
                    profile/fwd_ms=2.04e+03,                                    
                    profile/bwd_ms=93.793,                                      
                    profile/opt_ms=246.340,                                     
                    profile/step_ms=2.46e+03,                                   
                    profile/tokens_per_s=1.56e+03,                              
                    profile/fetch_frac=0.034, epoch=0,                          
                    lr/Muon=0.004, lr/AdamW=3.88e-04,                           
                    global_step=740                                             
[11:20:45] INFO     train/confidence_loss=0.236,                  trainer.py:550
                    train/confidence_abs_error=0.125,                           
                    train/confidence_pred_mean=0.252,                           
                    train/confidence_cumprod_bias=-0.003,                       
                    train/loss=0.253, train/ce_loss=0.625,                      
                    train/tv_loss=0.107, train/accept_rate=0.431,               
                    train/accept_len=2.770, train/full_acc=0.462,               
                    train/position_1_acc=0.748,                                 
                    train/position_2_acc=0.565,                                 
                    train/position_3_acc=0.460,                                 
                    train/position_4_acc=0.411,                                 
                    train/position_5_acc=0.367,                                 
                    train/position_6_acc=0.354,                                 
                    train/position_7_acc=0.328,                                 
                    profile/fetch_ms=73.520,                                    
                    profile/fwd_ms=2.48e+03,                                    
                    profile/bwd_ms=93.875, profile/opt_ms=0.032,                
                    profile/step_ms=2.65e+03,                                   
                    profile/tokens_per_s=1.48e+03,                              
                    profile/fetch_frac=0.028, epoch=0,                          
                    lr/Muon=0.004, lr/AdamW=3.83e-04,                           
                    global_step=760                                             
[11:21:07] INFO     train/confidence_loss=0.254,                  trainer.py:550
                    train/confidence_abs_error=0.133,                           
                    train/confidence_pred_mean=0.233,                           
                    train/confidence_cumprod_bias=0.020,                        
                    train/loss=0.284, train/ce_loss=0.744,                      
                    train/tv_loss=0.120, train/accept_rate=0.367,               
                    train/accept_len=2.485, train/full_acc=0.414,               
                    train/position_1_acc=0.746,                                 
                    train/position_2_acc=0.475,                                 
                    train/position_3_acc=0.435,                                 
                    train/position_4_acc=0.353,                                 
                    train/position_5_acc=0.311,                                 
                    train/position_6_acc=0.301,                                 
                    train/position_7_acc=0.276,                                 
                    profile/fetch_ms=2.790,                                     
                    profile/fwd_ms=1.88e+03,                                    
                    profile/bwd_ms=91.979, profile/opt_ms=0.026,                
                    profile/step_ms=1.97e+03,                                   
                    profile/tokens_per_s=1.89e+03,                              
                    profile/fetch_frac=0.001, epoch=0,                          
                    lr/Muon=0.004, lr/AdamW=3.77e-04,                           
                    global_step=780                                             
[11:21:32] INFO     train/confidence_loss=0.240,                  trainer.py:550
                    train/confidence_abs_error=0.123,                           
                    train/confidence_pred_mean=0.219,                           
                    train/confidence_cumprod_bias=0.009,                        
                    train/loss=0.278, train/ce_loss=0.747,                      
                    train/tv_loss=0.120, train/accept_rate=0.369,               
                    train/accept_len=2.473, train/full_acc=0.404,               
                    train/position_1_acc=0.713,                                 
                    train/position_2_acc=0.498,                                 
                    train/position_3_acc=0.389,                                 
                    train/position_4_acc=0.336,                                 
                    train/position_5_acc=0.315,                                 
                    train/position_6_acc=0.298,                                 
                    train/position_7_acc=0.276,                                 
                    profile/fetch_ms=76.840,                                    
                    profile/fwd_ms=1.91e+03,                                    
                    profile/bwd_ms=94.442,                                      
                    profile/opt_ms=244.325,                                     
                    profile/step_ms=2.32e+03,                                   
                    profile/tokens_per_s=1.42e+03,                              
                    profile/fetch_frac=0.033, epoch=0,                          
                    lr/Muon=0.004, lr/AdamW=3.71e-04,                           
                    global_step=800                                             
[11:21:56] INFO     train/confidence_loss=0.247,                  trainer.py:550
                    train/confidence_abs_error=0.130,                           
                    train/confidence_pred_mean=0.246,                           
                    train/confidence_cumprod_bias=-0.022,                       
                    train/loss=0.237, train/ce_loss=0.512,                      
                    train/tv_loss=0.096, train/accept_rate=0.470,               
                    train/accept_len=2.976, train/full_acc=0.510,               
                    train/position_1_acc=0.816,                                 
                    train/position_2_acc=0.613,                                 
                    train/position_3_acc=0.533,                                 
                    train/position_4_acc=0.462,                                 
                    train/position_5_acc=0.403,                                 
                    train/position_6_acc=0.368,                                 
                    train/position_7_acc=0.368,                                 
                    profile/fetch_ms=66.802,                                    
                    profile/fwd_ms=2.27e+03,                                    
                    profile/bwd_ms=91.899, profile/opt_ms=0.027,                
                    profile/step_ms=2.43e+03,                                   
                    profile/tokens_per_s=1.67e+03,                              
                    profile/fetch_frac=0.027, epoch=0,                          
                    lr/Muon=0.004, lr/AdamW=3.65e-04,                           
                    global_step=820                                             
[11:22:20] INFO     train/confidence_loss=0.241,                  trainer.py:550
                    train/confidence_abs_error=0.127,                           
                    train/confidence_pred_mean=0.241,                           
                    train/confidence_cumprod_bias=0.008,                        
                    train/loss=0.261, train/ce_loss=0.637,                      
                    train/tv_loss=0.113, train/accept_rate=0.400,               
                    train/accept_len=2.634, train/full_acc=0.435,               
                    train/position_1_acc=0.755,                                 
                    train/position_2_acc=0.536,                                 
                    train/position_3_acc=0.440,                                 
                    train/position_4_acc=0.382,                                 
                    train/position_5_acc=0.338,                                 
                    train/position_6_acc=0.319,                                 
                    train/position_7_acc=0.274,                                 
                    profile/fetch_ms=6.129,                                     
                    profile/fwd_ms=1.69e+03,                                    
                    profile/bwd_ms=92.469, profile/opt_ms=0.027,                
                    profile/step_ms=1.79e+03,                                   
                    profile/tokens_per_s=2.23e+03,                              
                    profile/fetch_frac=0.003, epoch=0,                          
                    lr/Muon=0.004, lr/AdamW=3.59e-04,                           
                    global_step=840                                             
[11:22:43] INFO     train/confidence_loss=0.252,                  trainer.py:550
                    train/confidence_abs_error=0.134,                           
                    train/confidence_pred_mean=0.282,                           
                    train/confidence_cumprod_bias=0.009,                        
                    train/loss=0.242, train/ce_loss=0.528,                      
                    train/tv_loss=0.099, train/accept_rate=0.458,               
                    train/accept_len=2.938, train/full_acc=0.491,               
                    train/position_1_acc=0.838,                                 
                    train/position_2_acc=0.609,                                 
                    train/position_3_acc=0.479,                                 
                    train/position_4_acc=0.438,                                 
                    train/position_5_acc=0.380,                                 
                    train/position_6_acc=0.349,                                 
                    train/position_7_acc=0.343,                                 
                    profile/fetch_ms=76.409,                                    
                    profile/fwd_ms=1.43e+03,                                    
                    profile/bwd_ms=94.970,                                      
                    profile/opt_ms=264.184,                                     
                    profile/step_ms=1.87e+03,                                   
                    profile/tokens_per_s=2.04e+03,                              
                    profile/fetch_frac=0.041, epoch=0,                          
                    lr/Muon=0.004, lr/AdamW=3.53e-04,                           
                    global_step=860                                             
[11:23:07] INFO     train/confidence_loss=0.250,                  trainer.py:550
                    train/confidence_abs_error=0.128,                           
                    train/confidence_pred_mean=0.231,                           
                    train/confidence_cumprod_bias=-0.002,                       
                    train/loss=0.264, train/ce_loss=0.631,                      
                    train/tv_loss=0.111, train/accept_rate=0.408,               
                    train/accept_len=2.617, train/full_acc=0.440,               
                    train/position_1_acc=0.768,                                 
                    train/position_2_acc=0.523,                                 
                    train/position_3_acc=0.425,                                 
                    train/position_4_acc=0.379,                                 
                    train/position_5_acc=0.355,                                 
                    train/position_6_acc=0.320,                                 
                    train/position_7_acc=0.310,                                 
                    profile/fetch_ms=73.262,                                    
                    profile/fwd_ms=864.967,                                     
                    profile/bwd_ms=92.878, profile/opt_ms=0.027,                
                    profile/step_ms=1.03e+03,                                   
                    profile/tokens_per_s=3.88e+03,                              
                    profile/fetch_frac=0.071, epoch=0,                          
                    lr/Muon=0.003, lr/AdamW=3.48e-04,                           
                    global_step=880                                             
[11:23:32] INFO     train/confidence_loss=0.231,                  trainer.py:550
                    train/confidence_abs_error=0.127,                           
                    train/confidence_pred_mean=0.297,                           
                    train/confidence_cumprod_bias=0.011,                        
                    train/loss=0.219, train/ce_loss=0.466,                      
                    train/tv_loss=0.088, train/accept_rate=0.511,               
                    train/accept_len=3.197, train/full_acc=0.548,               
                    train/position_1_acc=0.850,                                 
                    train/position_2_acc=0.658,                                 
                    train/position_3_acc=0.559,                                 
                    train/position_4_acc=0.471,                                 
                    train/position_5_acc=0.463,                                 
                    train/position_6_acc=0.426,                                 
                    train/position_7_acc=0.405,                                 
                    profile/fetch_ms=2.771,                                     
                    profile/fwd_ms=1.92e+03,                                    
                    profile/bwd_ms=90.529, profile/opt_ms=0.060,                
                    profile/step_ms=2.02e+03,                                   
                    profile/tokens_per_s=1.98e+03,                              
                    profile/fetch_frac=0.001, epoch=0,                          
                    lr/Muon=0.003, lr/AdamW=3.42e-04,                           
                    global_step=900                                             
[11:23:56] INFO     train/confidence_loss=0.250,                  trainer.py:550
                    train/confidence_abs_error=0.133,                           
                    train/confidence_pred_mean=0.232,                           
                    train/confidence_cumprod_bias=0.009,                        
                    train/loss=0.281, train/ce_loss=0.719,                      
                    train/tv_loss=0.121, train/accept_rate=0.363,               
                    train/accept_len=2.400, train/full_acc=0.397,               
                    train/position_1_acc=0.718,                                 
                    train/position_2_acc=0.459,                                 
                    train/position_3_acc=0.394,                                 
                    train/position_4_acc=0.330,                                 
                    train/position_5_acc=0.315,                                 
                    train/position_6_acc=0.275,                                 
                    train/position_7_acc=0.285,                                 
                    profile/fetch_ms=74.982,                                    
                    profile/fwd_ms=2.12e+03,                                    
                    profile/bwd_ms=92.383,                                      
                    profile/opt_ms=257.860,                                     
                    profile/step_ms=2.55e+03,                                   
                    profile/tokens_per_s=1.56e+03,                              
                    profile/fetch_frac=0.029, epoch=0,                          
                    lr/Muon=0.003, lr/AdamW=3.36e-04,                           
                    global_step=920                                             
[11:24:19] INFO     train/confidence_loss=0.236,                  trainer.py:550
                    train/confidence_abs_error=0.119,                           
                    train/confidence_pred_mean=0.219,                           
                    train/confidence_cumprod_bias=-0.022,                       
                    train/loss=0.258, train/ce_loss=0.644,                      
                    train/tv_loss=0.109, train/accept_rate=0.422,               
                    train/accept_len=2.774, train/full_acc=0.456,               
                    train/position_1_acc=0.754,                                 
                    train/position_2_acc=0.527,                                 
                    train/position_3_acc=0.440,                                 
                    train/position_4_acc=0.377,                                 
                    train/position_5_acc=0.382,                                 
                    train/position_6_acc=0.368,                                 
                    train/position_7_acc=0.341,                                 
                    profile/fetch_ms=72.914,                                    
                    profile/fwd_ms=2.08e+03,                                    
                    profile/bwd_ms=91.239, profile/opt_ms=0.024,                
                    profile/step_ms=2.24e+03,                                   
                    profile/tokens_per_s=1.72e+03,                              
                    profile/fetch_frac=0.033, epoch=0,                          
                    lr/Muon=0.003, lr/AdamW=3.30e-04,                           
                    global_step=940                                             
[11:24:43] INFO     train/confidence_loss=0.249,                  trainer.py:550
                    train/confidence_abs_error=0.132,                           
                    train/confidence_pred_mean=0.274,                           
                    train/confidence_cumprod_bias=0.014,                        
                    train/loss=0.244, train/ce_loss=0.531,                      
                    train/tv_loss=0.101, train/accept_rate=0.454,               
                    train/accept_len=2.863, train/full_acc=0.490,               
                    train/position_1_acc=0.792,                                 
                    train/position_2_acc=0.606,                                 
                    train/position_3_acc=0.493,                                 
                    train/position_4_acc=0.443,                                 
                    train/position_5_acc=0.384,                                 
                    train/position_6_acc=0.371,                                 
                    train/position_7_acc=0.343,                                 
                    profile/fetch_ms=2.926,                                     
                    profile/fwd_ms=1.33e+03,                                    
                    profile/bwd_ms=92.387, profile/opt_ms=0.035,                
                    profile/step_ms=1.42e+03,                                   
                    profile/tokens_per_s=2.71e+03,                              
                    profile/fetch_frac=0.002, epoch=0,                          
                    lr/Muon=0.003, lr/AdamW=3.24e-04,                           
                    global_step=960                                             
[11:25:08] INFO     train/confidence_loss=0.240,                  trainer.py:550
                    train/confidence_abs_error=0.130,                           
                    train/confidence_pred_mean=0.279,                           
                    train/confidence_cumprod_bias=0.024,                        
                    train/loss=0.245, train/ce_loss=0.569,                      
                    train/tv_loss=0.102, train/accept_rate=0.446,               
                    train/accept_len=2.865, train/full_acc=0.484,               
                    train/position_1_acc=0.805,                                 
                    train/position_2_acc=0.582,                                 
                    train/position_3_acc=0.472,                                 
                    train/position_4_acc=0.441,                                 
                    train/position_5_acc=0.384,                                 
                    train/position_6_acc=0.358,                                 
                    train/position_7_acc=0.343,                                 
                    profile/fetch_ms=73.819,                                    
                    profile/fwd_ms=2.34e+03,                                    
                    profile/bwd_ms=93.117,                                      
                    profile/opt_ms=228.554,                                     
                    profile/step_ms=2.73e+03,                                   
                    profile/tokens_per_s=1.43e+03,                              
                    profile/fetch_frac=0.027, epoch=0,                          
                    lr/Muon=0.003, lr/AdamW=3.18e-04,                           
                    global_step=980                                             
[11:25:30] INFO     DL_MAX_STEPS=1000 reached (local_step=1001);  trainer.py:470
                    stopping epoch early.                                       
Epoch 0  48% ━━━━━━━━━━━             1,000/2,068  [ 0:20:15 < 0:21:00 , 1 it/s ]
           INFO     Dropped a partial accumulation window of 1    trainer.py:584
                    micro-batches at epoch end (not stepped;                    
                    accum=3).                                                   
           INFO     Training epoch 1/1 completed                  trainer.py:694
[11:25:32] INFO     Saving checkpoint to                          trainer.py:644
                    /home/y50063564/dataloader_diag/checkpoints_w               
                    2_inorder1/0                                                
Writing model shards:   0%|          | 0/1 [00:00<?, ?it/s]Writing model shards: 100%|██████████| 1/1 [00:01<00:00,  1.25s/it]Writing model shards: 100%|██████████| 1/1 [00:01<00:00,  1.25s/it]
[11:25:36] INFO     Checkpoint saved to                           trainer.py:662
                    /home/y50063564/dataloader_diag/checkpoints_w               
                    2_inorder1/0                                                
           INFO     Validation epoch 1/1 started                  trainer.py:709
Epoch 0 100% ━━━━━━━━━━━━━━━━━━━━━━━━━━━ 230/230  [ 0:04:12 < 0:00:00 , 1 it/s ]
[11:29:48] INFO     val/confidence_loss_epoch=0.240,              trainer.py:626
                    val/confidence_abs_error_epoch=0.053,                       
                    val/confidence_pred_mean_epoch=0.101,                       
                    val/confidence_cumprod_bias_epoch=-0.018,                   
                    val/loss_epoch=0.039,                                       
                    val/ce_loss_epoch=0.093,                                    
                    val/tv_loss_epoch=0.016,                                    
                    val/accept_rate_epoch=0.434,                                
                    val/accept_len_epoch=2.813,                                 
                    val/full_acc_epoch=0.471,                                   
                    val/position_1_acc_epoch=0.782,                             
                    val/position_2_acc_epoch=0.567,                             
                    val/position_3_acc_epoch=0.470,                             
                    val/position_4_acc_epoch=0.413,                             
                    val/position_5_acc_epoch=0.377,                             
                    val/position_6_acc_epoch=0.352,                             
                    val/position_7_acc_epoch=0.331, epoch=0                     
           INFO     Validation epoch 1/1 completed                trainer.py:711
           INFO     Updated checkpoint_best -> 0                  trainer.py:682
                    (loss_epoch=0.039060)                                       
[11:29:51] INFO     Destroyed distributed process group       distributed.py:180
[11:29:51] INFO     Destroyed distributed process group       distributed.py:180
[11:29:51] INFO     Destroyed distributed process group       distributed.py:180
[11:29:51] INFO     Destroyed distributed process group       distributed.py:180
