/usr/local/python3.12.13/lib/python3.12/site-packages/transformers/loss/loss_for_object_detection.py:27: UserWarning: A NumPy version >=1.22.4 and <2.3.0 is required for this version of SciPy (detected version 2.4.6)
  from scipy.optimize import linear_sum_assignment
/usr/local/python3.12.13/lib/python3.12/site-packages/transformers/loss/loss_for_object_detection.py:27: UserWarning: A NumPy version >=1.22.4 and <2.3.0 is required for this version of SciPy (detected version 2.4.6)
  from scipy.optimize import linear_sum_assignment
/usr/local/python3.12.13/lib/python3.12/site-packages/transformers/loss/loss_for_object_detection.py:27: UserWarning: A NumPy version >=1.22.4 and <2.3.0 is required for this version of SciPy (detected version 2.4.6)
  from scipy.optimize import linear_sum_assignment
/usr/local/python3.12.13/lib/python3.12/site-packages/transformers/loss/loss_for_object_detection.py:27: UserWarning: A NumPy version >=1.22.4 and <2.3.0 is required for this version of SciPy (detected version 2.4.6)
  from scipy.optimize import linear_sum_assignment
[timeout] aclrtSetOpExecuteTimeOut(0) rc=0
[timeout] aclrtSetOpExecuteTimeOut(0) rc=0
           INFO     get env TERM = xterm                      patch_getenv.py:15
[12:43:18] INFO     get env LOCAL_RANK = 0                    patch_getenv.py:15
[timeout] aclrtSetOpExecuteTimeOut(0) rc=0
[timeout] aclrtSetOpExecuteTimeOut(0) rc=0
[12:43:19] INFO     Started distributed with local_rank=3,    distributed.py:163
                    dp_size=4, sp_size=1                                        
[12:43:19] INFO     get env WORLD_SIZE = 4                    patch_getenv.py:15
           INFO     get env MASTER_ADDR =                     patch_getenv.py:15
                    localhost.localdomain                                       
           INFO     get env MASTER_PORT = 34163               patch_getenv.py:15
           INFO     get env TORCHELASTIC_USE_AGENT_STORE =    patch_getenv.py:15
                    True                                                        
           INFO     Started distributed with local_rank=0,    distributed.py:163
                    dp_size=4, sp_size=1                                        
           INFO     get env PATH =                            patch_getenv.py:15
                    /usr/local/Ascend/nnal/atb/latest/atb/cxx                   
                    _abi_1/bin:/usr/local/Ascend/cann-9.0.0/t                   
                    ools/bishengir/bin:/usr/local/Ascend/cann                   
                    -9.0.0/bin:/usr/local/Ascend/cann-9.0.0/t                   
                    ools/ccec_compiler/bin:/usr/local/Ascend/                   
                    cann-9.0.0/tools/profiler/bin:/usr/local/                   
                    Ascend/cann-9.0.0/tools/ascend_system_adv                   
                    isor/asys:/usr/local/Ascend/cann-9.0.0/to                   
                    ols/show_kernel_debug_data:/usr/local/Asc                   
                    end/cann-9.0.0/tools/msobjdump:/home/y500                   
                    63564/node_modules/.bin:/usr/local/Ascend                   
                    /nnal/atb/latest/atb/cxx_abi_1/bin:/usr/l                   
                    ocal/Ascend/nnal/atb/latest/atb/cxx_abi_1                   
                    /bin:/usr/local/Ascend/ascend-toolkit/lat                   
                    est/bin:/usr/local/Ascend/ascend-toolkit/                   
                    latest/compiler/ccec_compiler/bin:/usr/lo                   
                    cal/Ascend/ascend-toolkit/latest/tools/cc                   
                    ec_compiler/bin:/usr/local/python3.12.13/                   
                    bin:/usr/local/sbin:/usr/local/bin:/usr/s                   
                    bin:/usr/bin:/sbin:/bin:/usr/local/go/bin                   
           INFO     Loading vocab mappings from                     train.py:236
                    '/home/y50063564/data/open_perfectblend_qwen3_4             
                    b_50k/d2t.npy' and                                          
                    '/home/y50063564/data/open_perfectblend_qwen3_4             
                    b_50k/t2d.npy'                                              
           INFO     All 5 draft layers using sliding window         train.py:396
                    attention (window=2048). To use full attention              
                    on specific layers, pass                                    
                    '--full-attention-indices <layer_ids>'.                     
[12:43:19] INFO     Started distributed with local_rank=2,    distributed.py:163
                    dp_size=4, sp_size=1                                        
[12:43:20] WARNING  Added <|MASK|> to tokenizer,                     utils.py:49
                    mask_token_id=151669 (tokenizer len=151670,                 
                    vocab_size=151936)                                          
[12:43:20] INFO     Started distributed with local_rank=1,    distributed.py:163
                    dp_size=4, sp_size=1                                        
2026-09-10 12:43:33.782 | INFO     | speculators.utils.loading:_resolve_file:136 - Loading from local directory: /home/y50063564/Qwen3-4B
2026-09-10 12:43:33.783 | WARNING  | speculators.utils.loading:load_model_layers:104 - Tensor 'lm_head.weight' not found in weight_map.
2026-09-10 12:43:33.783 | INFO     | speculators.utils.loading:_resolve_file:136 - Loading from local directory: /home/y50063564/Qwen3-4B
2026-09-10 12:43:33.784 | INFO     | speculators.utils.loading:_resolve_file:136 - Loading from local directory: /home/y50063564/Qwen3-4B
2026-09-10 12:43:34.149 | INFO     | speculators.utils.loading:_resolve_file:136 - Loading from local directory: /home/y50063564/Qwen3-4B
2026-09-10 12:43:34.150 | WARNING  | speculators.utils.loading:load_model_layers:104 - Tensor 'lm_head.weight' not found in weight_map.
2026-09-10 12:43:34.150 | INFO     | speculators.utils.loading:_resolve_file:136 - Loading from local directory: /home/y50063564/Qwen3-4B
2026-09-10 12:43:34.153 | INFO     | speculators.utils.loading:_resolve_file:136 - Loading from local directory: /home/y50063564/Qwen3-4B
2026-09-10 12:43:34.263 | INFO     | speculators.utils.loading:_resolve_file:136 - Loading from local directory: /home/y50063564/Qwen3-4B
2026-09-10 12:43:34.264 | WARNING  | speculators.utils.loading:load_model_layers:104 - Tensor 'lm_head.weight' not found in weight_map.
2026-09-10 12:43:34.264 | INFO     | speculators.utils.loading:_resolve_file:136 - Loading from local directory: /home/y50063564/Qwen3-4B
2026-09-10 12:43:34.266 | INFO     | speculators.utils.loading:_resolve_file:136 - Loading from local directory: /home/y50063564/Qwen3-4B
2026-09-10 12:43:35.492 | INFO     | speculators.utils.loading:_resolve_file:136 - Loading from local directory: /home/y50063564/Qwen3-4B
2026-09-10 12:43:35.493 | WARNING  | speculators.utils.loading:load_model_layers:104 - Tensor 'lm_head.weight' not found in weight_map.
2026-09-10 12:43:35.493 | INFO     | speculators.utils.loading:_resolve_file:136 - Loading from local directory: /home/y50063564/Qwen3-4B
2026-09-10 12:43:35.495 | INFO     | speculators.utils.loading:_resolve_file:136 - Loading from local directory: /home/y50063564/Qwen3-4B
[12:43:36] INFO     No previous training checkpoint found in      trainer.py:286
                    '/home/y50063564/dataloader_diag/checkpoints_               
                    tl_w2'. Starting fresh training run.                        
[12:43:42] INFO     Muon optimizer: 39 2D params via Muon, 23   optimizers.py:76
                    params via AdamW.                                           
[timeout] aclrtSetOpExecuteTimeOut(0) rc=0
[timeout] aclrtSetOpExecuteTimeOut(0) rc=0
[timeout] aclrtSetOpExecuteTimeOut(0) rc=0
           INFO     Training epoch 1/1 started                    trainer.py:694
[timeout] aclrtSetOpExecuteTimeOut(0) rc=0
/usr/local/python3.12.13/lib/python3.12/site-packages/torch/_dynamo/_trace_wrapped_higher_order_op.py:147: UserWarning: Cannot create tensor with interal format while allow_internel_format=False, tensor will be created with base format. (Triggered internally at ../torch_npu/csrc/aten/common/TensorFactories.cpp:340.)
  return func(*args, **(kwargs or {}))
/usr/local/python3.12.13/lib/python3.12/site-packages/torch/_dynamo/_trace_wrapped_higher_order_op.py:147: UserWarning: Cannot create tensor with interal format while allow_internel_format=False, tensor will be created with base format. (Triggered internally at ../torch_npu/csrc/aten/common/TensorFactories.cpp:340.)
  return func(*args, **(kwargs or {}))
/usr/local/python3.12.13/lib/python3.12/site-packages/torch/_dynamo/_trace_wrapped_higher_order_op.py:147: UserWarning: Cannot create tensor with interal format while allow_internel_format=False, tensor will be created with base format. (Triggered internally at ../torch_npu/csrc/aten/common/TensorFactories.cpp:340.)
  return func(*args, **(kwargs or {}))
/usr/local/python3.12.13/lib/python3.12/site-packages/torch/_dynamo/_trace_wrapped_higher_order_op.py:147: UserWarning: Cannot create tensor with interal format while allow_internel_format=False, tensor will be created with base format. (Triggered internally at ../torch_npu/csrc/aten/common/TensorFactories.cpp:340.)
  return func(*args, **(kwargs or {}))
[12:43:47] INFO     train/confidence_loss=0.400,                  trainer.py:550
                    train/confidence_abs_error=0.297,                           
                    train/confidence_pred_mean=0.297,                           
                    train/confidence_cumprod_bias=0.160,                        
                    train/loss=0.588, train/ce_loss=2.362,                      
                    train/tv_loss=0.214,                                        
                    train/accept_rate=2.68e-04,                                 
                    train/accept_len=1.000,                                     
                    train/full_acc=0.00e+00,                                    
                    train/position_1_acc=0.00e+00,                              
                    train/position_2_acc=0.00e+00,                              
                    train/position_3_acc=0.00e+00,                              
                    train/position_4_acc=0.00e+00,                              
                    train/position_5_acc=0.00e+00,                              
                    train/position_6_acc=0.00e+00,                              
                    train/position_7_acc=0.00e+00,                              
                    profile/fetch_ms=2.70e+03,                                  
                    profile/fwd_ms=1.88e+03,                                    
                    profile/bwd_ms=316.095, profile/opt_ms=0.091,               
                    profile/step_ms=4.89e+03,                                   
                    profile/tokens_per_s=807.627,                               
                    profile/fetch_frac=0.552, epoch=0,                          
                    lr/Muon=0.00e+00, lr/AdamW=0.00e+00,                        
                    global_step=0                                               
[12:44:11] INFO     train/confidence_loss=0.268,                  trainer.py:550
                    train/confidence_abs_error=0.170,                           
                    train/confidence_pred_mean=0.182,                           
                    train/confidence_cumprod_bias=0.119,                        
                    train/loss=0.469, train/ce_loss=1.762,                      
                    train/tv_loss=0.208, train/accept_rate=0.025,               
                    train/accept_len=1.029, train/full_acc=0.076,               
                    train/position_1_acc=0.072,                                 
                    train/position_2_acc=0.078,                                 
                    train/position_3_acc=0.090,                                 
                    train/position_4_acc=0.072,                                 
                    train/position_5_acc=0.080,                                 
                    train/position_6_acc=0.068,                                 
                    train/position_7_acc=0.073,                                 
                    profile/fetch_ms=79.989,                                    
                    profile/fwd_ms=1.95e+03,                                    
                    profile/bwd_ms=104.905,                                     
                    profile/opt_ms=265.114,                                     
                    profile/step_ms=2.40e+03,                                   
                    profile/tokens_per_s=1.48e+03,                              
                    profile/fetch_frac=0.033, epoch=0,                          
                    lr/Muon=0.006, lr/AdamW=5.99e-04,                           
                    global_step=20                                              
[12:44:35] INFO     train/confidence_loss=0.801,                  trainer.py:550
                    train/confidence_abs_error=0.388,                           
                    train/confidence_pred_mean=0.469,                           
                    train/confidence_cumprod_bias=0.473,                        
                    train/loss=0.616, train/ce_loss=1.350,                      
                    train/tv_loss=0.179, train/accept_rate=0.162,               
                    train/accept_len=1.256, train/full_acc=0.191,               
                    train/position_1_acc=0.217,                                 
                    train/position_2_acc=0.191,                                 
                    train/position_3_acc=0.171,                                 
                    train/position_4_acc=0.200,                                 
                    train/position_5_acc=0.194,                                 
                    train/position_6_acc=0.192,                                 
                    train/position_7_acc=0.168,                                 
                    profile/fetch_ms=77.719,                                    
                    profile/fwd_ms=831.242,                                     
                    profile/bwd_ms=93.505, profile/opt_ms=0.061,                
                    profile/step_ms=1.00e+03,                                   
                    profile/tokens_per_s=3.62e+03,                              
                    profile/fetch_frac=0.078, epoch=0,                          
                    lr/Muon=0.006, lr/AdamW=5.94e-04,                           
                    global_step=40                                              
[12:45:00] INFO     train/confidence_loss=0.234,                  trainer.py:550
                    train/confidence_abs_error=0.150,                           
                    train/confidence_pred_mean=0.164,                           
                    train/confidence_cumprod_bias=0.040,                        
                    train/loss=0.406, train/ce_loss=1.475,                      
                    train/tv_loss=0.184, train/accept_rate=0.137,               
                    train/accept_len=1.201, train/full_acc=0.161,               
                    train/position_1_acc=0.174,                                 
                    train/position_2_acc=0.165,                                 
                    train/position_3_acc=0.183,                                 
                    train/position_4_acc=0.142,                                 
                    train/position_5_acc=0.139,                                 
                    train/position_6_acc=0.159,                                 
                    train/position_7_acc=0.164,                                 
                    profile/fetch_ms=53.105,                                    
                    profile/fwd_ms=891.116,                                     
                    profile/bwd_ms=91.046, profile/opt_ms=0.042,                
                    profile/step_ms=1.04e+03,                                   
                    profile/tokens_per_s=3.90e+03,                              
                    profile/fetch_frac=0.051, epoch=0,                          
                    lr/Muon=0.006, lr/AdamW=5.88e-04,                           
                    global_step=60                                              
[12:45:25] INFO     train/confidence_loss=0.209,                  trainer.py:550
                    train/confidence_abs_error=0.130,                           
                    train/confidence_pred_mean=0.143,                           
                    train/confidence_cumprod_bias=0.031,                        
                    train/loss=0.395, train/ce_loss=1.450,                      
                    train/tv_loss=0.184, train/accept_rate=0.134,               
                    train/accept_len=1.193, train/full_acc=0.154,               
                    train/position_1_acc=0.158,                                 
                    train/position_2_acc=0.156,                                 
                    train/position_3_acc=0.166,                                 
                    train/position_4_acc=0.153,                                 
                    train/position_5_acc=0.151,                                 
                    train/position_6_acc=0.149,                                 
                    train/position_7_acc=0.147,                                 
                    profile/fetch_ms=71.034,                                    
                    profile/fwd_ms=2.07e+03,                                    
                    profile/bwd_ms=93.635,                                      
                    profile/opt_ms=242.669,                                     
                    profile/step_ms=2.47e+03,                                   
                    profile/tokens_per_s=1.60e+03,                              
                    profile/fetch_frac=0.029, epoch=0,                          
                    lr/Muon=0.006, lr/AdamW=5.82e-04,                           
                    global_step=80                                              
[12:45:50] INFO     train/confidence_loss=0.248,                  trainer.py:550
                    train/confidence_abs_error=0.101,                           
                    train/confidence_pred_mean=0.053,                           
                    train/confidence_cumprod_bias=-0.030,                       
                    train/loss=0.380, train/ce_loss=1.244,                      
                    train/tv_loss=0.172, train/accept_rate=0.187,               
                    train/accept_len=1.323, train/full_acc=0.221,               
                    train/position_1_acc=0.241,                                 
                    train/position_2_acc=0.213,                                 
                    train/position_3_acc=0.231,                                 
                    train/position_4_acc=0.218,                                 
                    train/position_5_acc=0.218,                                 
                    train/position_6_acc=0.218,                                 
                    train/position_7_acc=0.210,                                 
                    profile/fetch_ms=85.984,                                    
                    profile/fwd_ms=2.19e+03,                                    
                    profile/bwd_ms=88.802, profile/opt_ms=0.073,                
                    profile/step_ms=2.36e+03,                                   
                    profile/tokens_per_s=1.67e+03,                              
                    profile/fetch_frac=0.036, epoch=0,                          
                    lr/Muon=0.006, lr/AdamW=5.76e-04,                           
                    global_step=100                                             
[12:46:16] INFO     train/confidence_loss=0.241,                  trainer.py:550
                    train/confidence_abs_error=0.141,                           
                    train/confidence_pred_mean=0.162,                           
                    train/confidence_cumprod_bias=0.018,                        
                    train/loss=0.377, train/ce_loss=1.262,                      
                    train/tv_loss=0.172, train/accept_rate=0.189,               
                    train/accept_len=1.329, train/full_acc=0.220,               
                    train/position_1_acc=0.230,                                 
                    train/position_2_acc=0.220,                                 
                    train/position_3_acc=0.229,                                 
                    train/position_4_acc=0.218,                                 
                    train/position_5_acc=0.221,                                 
                    train/position_6_acc=0.221,                                 
                    train/position_7_acc=0.203,                                 
                    profile/fetch_ms=31.151,                                    
                    profile/fwd_ms=2.11e+03,                                    
                    profile/bwd_ms=84.664, profile/opt_ms=0.039,                
                    profile/step_ms=2.22e+03,                                   
                    profile/tokens_per_s=1.80e+03,                              
                    profile/fetch_frac=0.014, epoch=0,                          
                    lr/Muon=0.006, lr/AdamW=5.70e-04,                           
                    global_step=120                                             
[12:46:40] INFO     train/confidence_loss=0.258,                  trainer.py:550
                    train/confidence_abs_error=0.146,                           
                    train/confidence_pred_mean=0.187,                           
                    train/confidence_cumprod_bias=0.006,                        
                    train/loss=0.364, train/ce_loss=1.163,                      
                    train/tv_loss=0.161, train/accept_rate=0.222,               
                    train/accept_len=1.572, train/full_acc=0.259,               
                    train/position_1_acc=0.352,                                 
                    train/position_2_acc=0.307,                                 
                    train/position_3_acc=0.260,                                 
                    train/position_4_acc=0.251,                                 
                    train/position_5_acc=0.221,                                 
                    train/position_6_acc=0.214,                                 
                    train/position_7_acc=0.209,                                 
                    profile/fetch_ms=72.267,                                    
                    profile/fwd_ms=1.95e+03,                                    
                    profile/bwd_ms=93.306,                                      
                    profile/opt_ms=263.168,                                     
                    profile/step_ms=2.38e+03,                                   
                    profile/tokens_per_s=1.61e+03,                              
                    profile/fetch_frac=0.030, epoch=0,                          
                    lr/Muon=0.006, lr/AdamW=5.64e-04,                           
                    global_step=140                                             
[12:47:05] INFO     train/confidence_loss=0.273,                  trainer.py:550
                    train/confidence_abs_error=0.112,                           
                    train/confidence_pred_mean=0.090,                           
                    train/confidence_cumprod_bias=-0.038,                       
                    train/loss=0.355, train/ce_loss=1.031,                      
                    train/tv_loss=0.158, train/accept_rate=0.232,               
                    train/accept_len=1.588, train/full_acc=0.266,               
                    train/position_1_acc=0.391,                                 
                    train/position_2_acc=0.302,                                 
                    train/position_3_acc=0.246,                                 
                    train/position_4_acc=0.252,                                 
                    train/position_5_acc=0.233,                                 
                    train/position_6_acc=0.229,                                 
                    train/position_7_acc=0.210,                                 
                    profile/fetch_ms=67.019,                                    
                    profile/fwd_ms=2.15e+03,                                    
                    profile/bwd_ms=91.067, profile/opt_ms=0.061,                
                    profile/step_ms=2.31e+03,                                   
                    profile/tokens_per_s=1.66e+03,                              
                    profile/fetch_frac=0.029, epoch=0,                          
                    lr/Muon=0.006, lr/AdamW=5.59e-04,                           
                    global_step=160                                             
[12:47:28] INFO     train/confidence_loss=0.277,                  trainer.py:550
                    train/confidence_abs_error=0.153,                           
                    train/confidence_pred_mean=0.194,                           
                    train/confidence_cumprod_bias=-2.12e-04,                    
                    train/loss=0.334, train/ce_loss=0.944,                      
                    train/tv_loss=0.144, train/accept_rate=0.285,               
                    train/accept_len=1.843, train/full_acc=0.322,               
                    train/position_1_acc=0.526,                                 
                    train/position_2_acc=0.374,                                 
                    train/position_3_acc=0.303,                                 
                    train/position_4_acc=0.257,                                 
                    train/position_5_acc=0.248,                                 
                    train/position_6_acc=0.266,                                 
                    train/position_7_acc=0.276,                                 
                    profile/fetch_ms=27.624,                                    
                    profile/fwd_ms=2.00e+03,                                    
                    profile/bwd_ms=86.177, profile/opt_ms=0.031,                
                    profile/step_ms=2.11e+03,                                   
                    profile/tokens_per_s=1.83e+03,                              
                    profile/fetch_frac=0.013, epoch=0,                          
                    lr/Muon=0.006, lr/AdamW=5.53e-04,                           
                    global_step=180                                             
[12:47:54] INFO     train/confidence_loss=0.256,                  trainer.py:550
                    train/confidence_abs_error=0.143,                           
                    train/confidence_pred_mean=0.212,                           
                    train/confidence_cumprod_bias=0.033,                        
                    train/loss=0.331, train/ce_loss=0.975,                      
                    train/tv_loss=0.147, train/accept_rate=0.270,               
                    train/accept_len=1.864, train/full_acc=0.301,               
                    train/position_1_acc=0.515,                                 
                    train/position_2_acc=0.357,                                 
                    train/position_3_acc=0.280,                                 
                    train/position_4_acc=0.250,                                 
                    train/position_5_acc=0.241,                                 
                    train/position_6_acc=0.229,                                 
                    train/position_7_acc=0.229,                                 
                    profile/fetch_ms=66.643,                                    
                    profile/fwd_ms=2.50e+03,                                    
                    profile/bwd_ms=86.946,                                      
                    profile/opt_ms=245.114,                                     
                    profile/step_ms=2.90e+03,                                   
                    profile/tokens_per_s=1.36e+03,                              
                    profile/fetch_frac=0.023, epoch=0,                          
                    lr/Muon=0.005, lr/AdamW=5.46e-04,                           
                    global_step=200                                             
[12:48:18] INFO     train/confidence_loss=0.250,                  trainer.py:550
                    train/confidence_abs_error=0.100,                           
                    train/confidence_pred_mean=0.094,                           
                    train/confidence_cumprod_bias=-0.032,                       
                    train/loss=0.341, train/ce_loss=1.038,                      
                    train/tv_loss=0.153, train/accept_rate=0.240,               
                    train/accept_len=1.791, train/full_acc=0.279,               
                    train/position_1_acc=0.515,                                 
                    train/position_2_acc=0.298,                                 
                    train/position_3_acc=0.248,                                 
                    train/position_4_acc=0.251,                                 
                    train/position_5_acc=0.229,                                 
                    train/position_6_acc=0.200,                                 
                    train/position_7_acc=0.209,                                 
                    profile/fetch_ms=72.137,                                    
                    profile/fwd_ms=1.82e+03,                                    
                    profile/bwd_ms=111.243, profile/opt_ms=0.045,               
                    profile/step_ms=2.00e+03,                                   
                    profile/tokens_per_s=1.96e+03,                              
                    profile/fetch_frac=0.036, epoch=0,                          
                    lr/Muon=0.005, lr/AdamW=5.41e-04,                           
                    global_step=220                                             
[12:48:41] INFO     train/confidence_loss=0.248,                  trainer.py:550
                    train/confidence_abs_error=0.111,                           
                    train/confidence_pred_mean=0.134,                           
                    train/confidence_cumprod_bias=-0.023,                       
                    train/loss=0.319, train/ce_loss=0.919,                      
                    train/tv_loss=0.141, train/accept_rate=0.290,               
                    train/accept_len=1.993, train/full_acc=0.328,               
                    train/position_1_acc=0.577,                                 
                    train/position_2_acc=0.372,                                 
                    train/position_3_acc=0.315,                                 
                    train/position_4_acc=0.275,                                 
                    train/position_5_acc=0.262,                                 
                    train/position_6_acc=0.255,                                 
                    train/position_7_acc=0.237,                                 
                    profile/fetch_ms=26.449,                                    
                    profile/fwd_ms=1.88e+03,                                    
                    profile/bwd_ms=86.368, profile/opt_ms=0.037,                
                    profile/step_ms=2.00e+03,                                   
                    profile/tokens_per_s=1.93e+03,                              
                    profile/fetch_frac=0.013, epoch=0,                          
                    lr/Muon=0.005, lr/AdamW=5.35e-04,                           
                    global_step=240                                             
[12:49:06] INFO     train/confidence_loss=0.247,                  trainer.py:550
                    train/confidence_abs_error=0.117,                           
                    train/confidence_pred_mean=0.135,                           
                    train/confidence_cumprod_bias=-0.030,                       
                    train/loss=0.317, train/ce_loss=0.912,                      
                    train/tv_loss=0.141, train/accept_rate=0.295,               
                    train/accept_len=1.998, train/full_acc=0.331,               
                    train/position_1_acc=0.553,                                 
                    train/position_2_acc=0.353,                                 
                    train/position_3_acc=0.309,                                 
                    train/position_4_acc=0.307,                                 
                    train/position_5_acc=0.276,                                 
                    train/position_6_acc=0.283,                                 
                    train/position_7_acc=0.230,                                 
                    profile/fetch_ms=71.518,                                    
                    profile/fwd_ms=2.01e+03,                                    
                    profile/bwd_ms=92.304,                                      
                    profile/opt_ms=301.260,                                     
                    profile/step_ms=2.48e+03,                                   
                    profile/tokens_per_s=1.42e+03,                              
                    profile/fetch_frac=0.029, epoch=0,                          
                    lr/Muon=0.005, lr/AdamW=5.29e-04,                           
                    global_step=260                                             
[12:49:28] INFO     train/confidence_loss=0.260,                  trainer.py:550
                    train/confidence_abs_error=0.142,                           
                    train/confidence_pred_mean=0.217,                           
                    train/confidence_cumprod_bias=0.042,                        
                    train/loss=0.327, train/ce_loss=0.938,                      
                    train/tv_loss=0.144, train/accept_rate=0.278,               
                    train/accept_len=1.954, train/full_acc=0.307,               
                    train/position_1_acc=0.552,                                 
                    train/position_2_acc=0.371,                                 
                    train/position_3_acc=0.300,                                 
                    train/position_4_acc=0.247,                                 
                    train/position_5_acc=0.250,                                 
                    train/position_6_acc=0.225,                                 
                    train/position_7_acc=0.202,                                 
                    profile/fetch_ms=74.239,                                    
                    profile/fwd_ms=2.18e+03,                                    
                    profile/bwd_ms=91.362, profile/opt_ms=0.025,                
                    profile/step_ms=2.35e+03,                                   
                    profile/tokens_per_s=1.64e+03,                              
                    profile/fetch_frac=0.032, epoch=0,                          
                    lr/Muon=0.005, lr/AdamW=5.24e-04,                           
                    global_step=280                                             
[12:49:54] INFO     train/confidence_loss=0.229,                  trainer.py:550
                    train/confidence_abs_error=0.113,                           
                    train/confidence_pred_mean=0.156,                           
                    train/confidence_cumprod_bias=-0.023,                       
                    train/loss=0.300, train/ce_loss=0.875,                      
                    train/tv_loss=0.134, train/accept_rate=0.312,               
                    train/accept_len=2.179, train/full_acc=0.348,               
                    train/position_1_acc=0.625,                                 
                    train/position_2_acc=0.413,                                 
                    train/position_3_acc=0.308,                                 
                    train/position_4_acc=0.304,                                 
                    train/position_5_acc=0.273,                                 
                    train/position_6_acc=0.269,                                 
                    train/position_7_acc=0.244,                                 
                    profile/fetch_ms=3.452,                                     
                    profile/fwd_ms=1.91e+03,                                    
                    profile/bwd_ms=92.632, profile/opt_ms=0.034,                
                    profile/step_ms=2.01e+03,                                   
                    profile/tokens_per_s=2.00e+03,                              
                    profile/fetch_frac=0.002, epoch=0,                          
                    lr/Muon=0.005, lr/AdamW=5.17e-04,                           
                    global_step=300                                             
[12:50:20] INFO     train/confidence_loss=0.242,                  trainer.py:550
                    train/confidence_abs_error=0.113,                           
                    train/confidence_pred_mean=0.149,                           
                    train/confidence_cumprod_bias=-0.009,                       
                    train/loss=0.312, train/ce_loss=0.881,                      
                    train/tv_loss=0.141, train/accept_rate=0.286,               
                    train/accept_len=1.998, train/full_acc=0.323,               
                    train/position_1_acc=0.596,                                 
                    train/position_2_acc=0.374,                                 
                    train/position_3_acc=0.296,                                 
                    train/position_4_acc=0.253,                                 
                    train/position_5_acc=0.256,                                 
                    train/position_6_acc=0.256,                                 
                    train/position_7_acc=0.229,                                 
                    profile/fetch_ms=66.775,                                    
                    profile/fwd_ms=2.38e+03,                                    
                    profile/bwd_ms=95.106,                                      
                    profile/opt_ms=252.206,                                     
                    profile/step_ms=2.79e+03,                                   
                    profile/tokens_per_s=1.44e+03,                              
                    profile/fetch_frac=0.024, epoch=0,                          
                    lr/Muon=0.005, lr/AdamW=5.11e-04,                           
                    global_step=320                                             
[12:50:44] INFO     train/confidence_loss=0.225,                  trainer.py:550
                    train/confidence_abs_error=0.123,                           
                    train/confidence_pred_mean=0.188,                           
                    train/confidence_cumprod_bias=0.015,                        
                    train/loss=0.312, train/ce_loss=0.969,                      
                    train/tv_loss=0.141, train/accept_rate=0.285,               
                    train/accept_len=2.050, train/full_acc=0.308,               
                    train/position_1_acc=0.560,                                 
                    train/position_2_acc=0.340,                                 
                    train/position_3_acc=0.299,                                 
                    train/position_4_acc=0.279,                                 
                    train/position_5_acc=0.240,                                 
                    train/position_6_acc=0.221,                                 
                    train/position_7_acc=0.216,                                 
                    profile/fetch_ms=73.490,                                    
                    profile/fwd_ms=1.81e+03,                                    
                    profile/bwd_ms=91.042, profile/opt_ms=0.041,                
                    profile/step_ms=1.97e+03,                                   
                    profile/tokens_per_s=1.90e+03,                              
                    profile/fetch_frac=0.037, epoch=0,                          
                    lr/Muon=0.005, lr/AdamW=5.06e-04,                           
                    global_step=340                                             
[12:51:09] INFO     train/confidence_loss=0.234,                  trainer.py:550
                    train/confidence_abs_error=0.110,                           
                    train/confidence_pred_mean=0.144,                           
                    train/confidence_cumprod_bias=-0.024,                       
                    train/loss=0.306, train/ce_loss=0.881,                      
                    train/tv_loss=0.138, train/accept_rate=0.297,               
                    train/accept_len=2.033, train/full_acc=0.333,               
                    train/position_1_acc=0.595,                                 
                    train/position_2_acc=0.371,                                 
                    train/position_3_acc=0.333,                                 
                    train/position_4_acc=0.283,                                 
                    train/position_5_acc=0.249,                                 
                    train/position_6_acc=0.268,                                 
                    train/position_7_acc=0.232,                                 
                    profile/fetch_ms=2.950,                                     
                    profile/fwd_ms=1.90e+03,                                    
                    profile/bwd_ms=90.865, profile/opt_ms=0.066,                
                    profile/step_ms=1.99e+03,                                   
                    profile/tokens_per_s=1.95e+03,                              
                    profile/fetch_frac=0.001, epoch=0,                          
                    lr/Muon=0.005, lr/AdamW=5.00e-04,                           
                    global_step=360                                             
[12:51:32] INFO     train/confidence_loss=0.262,                  trainer.py:550
                    train/confidence_abs_error=0.127,                           
                    train/confidence_pred_mean=0.185,                           
                    train/confidence_cumprod_bias=-0.017,                       
                    train/loss=0.287, train/ce_loss=0.744,                      
                    train/tv_loss=0.122, train/accept_rate=0.369,               
                    train/accept_len=2.352, train/full_acc=0.409,               
                    train/position_1_acc=0.675,                                 
                    train/position_2_acc=0.473,                                 
                    train/position_3_acc=0.421,                                 
                    train/position_4_acc=0.335,                                 
                    train/position_5_acc=0.338,                                 
                    train/position_6_acc=0.301,                                 
                    train/position_7_acc=0.315,                                 
                    profile/fetch_ms=79.200,                                    
                    profile/fwd_ms=1.91e+03,                                    
                    profile/bwd_ms=114.512,                                     
                    profile/opt_ms=252.055,                                     
                    profile/step_ms=2.36e+03,                                   
                    profile/tokens_per_s=1.73e+03,                              
                    profile/fetch_frac=0.034, epoch=0,                          
                    lr/Muon=0.005, lr/AdamW=4.94e-04,                           
                    global_step=380                                             
[12:51:55] INFO     train/confidence_loss=0.240,                  trainer.py:550
                    train/confidence_abs_error=0.129,                           
                    train/confidence_pred_mean=0.197,                           
                    train/confidence_cumprod_bias=0.014,                        
                    train/loss=0.319, train/ce_loss=0.944,                      
                    train/tv_loss=0.141, train/accept_rate=0.285,               
                    train/accept_len=2.002, train/full_acc=0.319,               
                    train/position_1_acc=0.616,                                 
                    train/position_2_acc=0.366,                                 
                    train/position_3_acc=0.273,                                 
                    train/position_4_acc=0.278,                                 
                    train/position_5_acc=0.245,                                 
                    train/position_6_acc=0.238,                                 
                    train/position_7_acc=0.210,                                 
                    profile/fetch_ms=76.793,                                    
                    profile/fwd_ms=1.59e+03,                                    
                    profile/bwd_ms=91.384, profile/opt_ms=0.038,                
                    profile/step_ms=1.76e+03,                                   
                    profile/tokens_per_s=2.25e+03,                              
                    profile/fetch_frac=0.044, epoch=0,                          
                    lr/Muon=0.005, lr/AdamW=4.88e-04,                           
                    global_step=400                                             
[12:52:19] INFO     train/confidence_loss=0.244,                  trainer.py:550
                    train/confidence_abs_error=0.121,                           
                    train/confidence_pred_mean=0.182,                           
                    train/confidence_cumprod_bias=-0.023,                       
                    train/loss=0.280, train/ce_loss=0.731,                      
                    train/tv_loss=0.120, train/accept_rate=0.371,               
                    train/accept_len=2.424, train/full_acc=0.405,               
                    train/position_1_acc=0.681,                                 
                    train/position_2_acc=0.485,                                 
                    train/position_3_acc=0.408,                                 
                    train/position_4_acc=0.344,                                 
                    train/position_5_acc=0.319,                                 
                    train/position_6_acc=0.308,                                 
                    train/position_7_acc=0.286,                                 
                    profile/fetch_ms=2.841,                                     
                    profile/fwd_ms=1.66e+03,                                    
                    profile/bwd_ms=115.178, profile/opt_ms=0.048,               
                    profile/step_ms=1.78e+03,                                   
                    profile/tokens_per_s=1.99e+03,                              
                    profile/fetch_frac=0.002, epoch=0,                          
                    lr/Muon=0.005, lr/AdamW=4.82e-04,                           
                    global_step=420                                             
[12:52:44] INFO     train/confidence_loss=0.248,                  trainer.py:550
                    train/confidence_abs_error=0.142,                           
                    train/confidence_pred_mean=0.250,                           
                    train/confidence_cumprod_bias=0.003,                        
                    train/loss=0.266, train/ce_loss=0.659,                      
                    train/tv_loss=0.110, train/accept_rate=0.418,               
                    train/accept_len=2.632, train/full_acc=0.453,               
                    train/position_1_acc=0.745,                                 
                    train/position_2_acc=0.531,                                 
                    train/position_3_acc=0.433,                                 
                    train/position_4_acc=0.403,                                 
                    train/position_5_acc=0.363,                                 
                    train/position_6_acc=0.357,                                 
                    train/position_7_acc=0.332,                                 
                    profile/fetch_ms=71.564,                                    
                    profile/fwd_ms=2.49e+03,                                    
                    profile/bwd_ms=92.580,                                      
                    profile/opt_ms=273.142,                                     
                    profile/step_ms=2.93e+03,                                   
                    profile/tokens_per_s=1.36e+03,                              
                    profile/fetch_frac=0.024, epoch=0,                          
                    lr/Muon=0.005, lr/AdamW=4.76e-04,                           
                    global_step=440                                             
[12:53:06] INFO     train/confidence_loss=0.244,                  trainer.py:550
                    train/confidence_abs_error=0.121,                           
                    train/confidence_pred_mean=0.196,                           
                    train/confidence_cumprod_bias=-0.024,                       
                    train/loss=0.269, train/ce_loss=0.694,                      
                    train/tv_loss=0.116, train/accept_rate=0.397,               
                    train/accept_len=2.537, train/full_acc=0.438,               
                    train/position_1_acc=0.727,                                 
                    train/position_2_acc=0.500,                                 
                    train/position_3_acc=0.433,                                 
                    train/position_4_acc=0.370,                                 
                    train/position_5_acc=0.374,                                 
                    train/position_6_acc=0.352,                                 
                    train/position_7_acc=0.310,                                 
                    profile/fetch_ms=71.914,                                    
                    profile/fwd_ms=2.01e+03,                                    
                    profile/bwd_ms=91.166, profile/opt_ms=0.028,                
                    profile/step_ms=2.18e+03,                                   
                    profile/tokens_per_s=1.79e+03,                              
                    profile/fetch_frac=0.033, epoch=0,                          
                    lr/Muon=0.005, lr/AdamW=4.71e-04,                           
                    global_step=460                                             
[12:53:31] INFO     train/confidence_loss=0.240,                  trainer.py:550
                    train/confidence_abs_error=0.128,                           
                    train/confidence_pred_mean=0.250,                           
                    train/confidence_cumprod_bias=0.023,                        
                    train/loss=0.266, train/ce_loss=0.662,                      
                    train/tv_loss=0.114, train/accept_rate=0.399,               
                    train/accept_len=2.578, train/full_acc=0.435,               
                    train/position_1_acc=0.728,                                 
                    train/position_2_acc=0.514,                                 
                    train/position_3_acc=0.432,                                 
                    train/position_4_acc=0.358,                                 
                    train/position_5_acc=0.354,                                 
                    train/position_6_acc=0.329,                                 
                    train/position_7_acc=0.323,                                 
                    profile/fetch_ms=2.847,                                     
                    profile/fwd_ms=1.83e+03,                                    
                    profile/bwd_ms=90.101, profile/opt_ms=0.035,                
                    profile/step_ms=1.93e+03,                                   
                    profile/tokens_per_s=2.03e+03,                              
                    profile/fetch_frac=0.001, epoch=0,                          
                    lr/Muon=0.005, lr/AdamW=4.65e-04,                           
                    global_step=480                                             
[12:53:56] INFO     train/confidence_loss=0.248,                  trainer.py:550
                    train/confidence_abs_error=0.130,                           
                    train/confidence_pred_mean=0.223,                           
                    train/confidence_cumprod_bias=0.012,                        
                    train/loss=0.281, train/ce_loss=0.734,                      
                    train/tv_loss=0.122, train/accept_rate=0.361,               
                    train/accept_len=2.346, train/full_acc=0.394,               
                    train/position_1_acc=0.709,                                 
                    train/position_2_acc=0.457,                                 
                    train/position_3_acc=0.357,                                 
                    train/position_4_acc=0.361,                                 
                    train/position_5_acc=0.310,                                 
                    train/position_6_acc=0.289,                                 
                    train/position_7_acc=0.267,                                 
                    profile/fetch_ms=75.173,                                    
                    profile/fwd_ms=2.05e+03,                                    
                    profile/bwd_ms=88.155,                                      
                    profile/opt_ms=277.674,                                     
                    profile/step_ms=2.49e+03,                                   
                    profile/tokens_per_s=1.60e+03,                              
                    profile/fetch_frac=0.030, epoch=0,                          
                    lr/Muon=0.005, lr/AdamW=4.59e-04,                           
                    global_step=500                                             
[12:54:21] INFO     train/confidence_loss=0.248,                  trainer.py:550
                    train/confidence_abs_error=0.119,                           
                    train/confidence_pred_mean=0.189,                           
                    train/confidence_cumprod_bias=-0.014,                       
                    train/loss=0.278, train/ce_loss=0.700,                      
                    train/tv_loss=0.120, train/accept_rate=0.366,               
                    train/accept_len=2.407, train/full_acc=0.402,               
                    train/position_1_acc=0.725,                                 
                    train/position_2_acc=0.473,                                 
                    train/position_3_acc=0.370,                                 
                    train/position_4_acc=0.358,                                 
                    train/position_5_acc=0.316,                                 
                    train/position_6_acc=0.280,                                 
                    train/position_7_acc=0.287,                                 
                    profile/fetch_ms=71.920,                                    
                    profile/fwd_ms=2.17e+03,                                    
                    profile/bwd_ms=108.751, profile/opt_ms=0.028,               
                    profile/step_ms=2.35e+03,                                   
                    profile/tokens_per_s=1.68e+03,                              
                    profile/fetch_frac=0.031, epoch=0,                          
                    lr/Muon=0.005, lr/AdamW=4.53e-04,                           
                    global_step=520                                             
[12:54:46] INFO     train/confidence_loss=0.242,                  trainer.py:550
                    train/confidence_abs_error=0.128,                           
                    train/confidence_pred_mean=0.228,                           
                    train/confidence_cumprod_bias=-0.022,                       
                    train/loss=0.248, train/ce_loss=0.569,                      
                    train/tv_loss=0.105, train/accept_rate=0.438,               
                    train/accept_len=2.768, train/full_acc=0.477,               
                    train/position_1_acc=0.811,                                 
                    train/position_2_acc=0.579,                                 
                    train/position_3_acc=0.457,                                 
                    train/position_4_acc=0.416,                                 
                    train/position_5_acc=0.376,                                 
                    train/position_6_acc=0.354,                                 
                    train/position_7_acc=0.340,                                 
                    profile/fetch_ms=2.931,                                     
                    profile/fwd_ms=2.52e+03,                                    
                    profile/bwd_ms=112.957, profile/opt_ms=0.039,               
                    profile/step_ms=2.64e+03,                                   
                    profile/tokens_per_s=1.46e+03,                              
                    profile/fetch_frac=0.001, epoch=0,                          
                    lr/Muon=0.004, lr/AdamW=4.47e-04,                           
                    global_step=540                                             
[12:55:11] INFO     train/confidence_loss=0.254,                  trainer.py:550
                    train/confidence_abs_error=0.131,                           
                    train/confidence_pred_mean=0.241,                           
                    train/confidence_cumprod_bias=-0.016,                       
                    train/loss=0.241, train/ce_loss=0.500,                      
                    train/tv_loss=0.100, train/accept_rate=0.445,               
                    train/accept_len=2.883, train/full_acc=0.487,               
                    train/position_1_acc=0.859,                                 
                    train/position_2_acc=0.640,                                 
                    train/position_3_acc=0.465,                                 
                    train/position_4_acc=0.409,                                 
                    train/position_5_acc=0.370,                                 
                    train/position_6_acc=0.345,                                 
                    train/position_7_acc=0.314,                                 
                    profile/fetch_ms=67.541,                                    
                    profile/fwd_ms=2.43e+03,                                    
                    profile/bwd_ms=93.049,                                      
                    profile/opt_ms=282.710,                                     
                    profile/step_ms=2.88e+03,                                   
                    profile/tokens_per_s=1.17e+03,                              
                    profile/fetch_frac=0.023, epoch=0,                          
                    lr/Muon=0.004, lr/AdamW=4.41e-04,                           
                    global_step=560                                             
[12:55:34] INFO     train/confidence_loss=0.232,                  trainer.py:550
                    train/confidence_abs_error=0.127,                           
                    train/confidence_pred_mean=0.270,                           
                    train/confidence_cumprod_bias=0.022,                        
                    train/loss=0.253, train/ce_loss=0.644,                      
                    train/tv_loss=0.107, train/accept_rate=0.420,               
                    train/accept_len=2.783, train/full_acc=0.456,               
                    train/position_1_acc=0.807,                                 
                    train/position_2_acc=0.579,                                 
                    train/position_3_acc=0.438,                                 
                    train/position_4_acc=0.382,                                 
                    train/position_5_acc=0.350,                                 
                    train/position_6_acc=0.313,                                 
                    train/position_7_acc=0.319,                                 
                    profile/fetch_ms=72.509,                                    
                    profile/fwd_ms=1.87e+03,                                    
                    profile/bwd_ms=91.188, profile/opt_ms=0.034,                
                    profile/step_ms=2.03e+03,                                   
                    profile/tokens_per_s=1.95e+03,                              
                    profile/fetch_frac=0.036, epoch=0,                          
                    lr/Muon=0.004, lr/AdamW=4.36e-04,                           
                    global_step=580                                             
[12:55:58] INFO     train/confidence_loss=0.201,                  trainer.py:550
                    train/confidence_abs_error=0.100,                           
                    train/confidence_pred_mean=0.152,                           
                    train/confidence_cumprod_bias=-0.003,                       
                    train/loss=0.305, train/ce_loss=0.950,                      
                    train/tv_loss=0.144, train/accept_rate=0.271,               
                    train/accept_len=2.040, train/full_acc=0.297,               
                    train/position_1_acc=0.590,                                 
                    train/position_2_acc=0.333,                                 
                    train/position_3_acc=0.260,                                 
                    train/position_4_acc=0.263,                                 
                    train/position_5_acc=0.231,                                 
                    train/position_6_acc=0.201,                                 
                    train/position_7_acc=0.202,                                 
                    profile/fetch_ms=41.019,                                    
                    profile/fwd_ms=2.13e+03,                                    
                    profile/bwd_ms=91.570, profile/opt_ms=0.032,                
                    profile/step_ms=2.27e+03,                                   
                    profile/tokens_per_s=1.66e+03,                              
                    profile/fetch_frac=0.018, epoch=0,                          
                    lr/Muon=0.004, lr/AdamW=4.30e-04,                           
                    global_step=600                                             
[12:56:23] INFO     train/confidence_loss=0.240,                  trainer.py:550
                    train/confidence_abs_error=0.110,                           
                    train/confidence_pred_mean=0.162,                           
                    train/confidence_cumprod_bias=-0.024,                       
                    train/loss=0.286, train/ce_loss=0.756,                      
                    train/tv_loss=0.126, train/accept_rate=0.342,               
                    train/accept_len=2.362, train/full_acc=0.379,               
                    train/position_1_acc=0.695,                                 
                    train/position_2_acc=0.455,                                 
                    train/position_3_acc=0.364,                                 
                    train/position_4_acc=0.332,                                 
                    train/position_5_acc=0.276,                                 
                    train/position_6_acc=0.274,                                 
                    train/position_7_acc=0.257,                                 
                    profile/fetch_ms=66.822,                                    
                    profile/fwd_ms=2.63e+03,                                    
                    profile/bwd_ms=92.493,                                      
                    profile/opt_ms=260.480,                                     
                    profile/step_ms=3.05e+03,                                   
                    profile/tokens_per_s=1.31e+03,                              
                    profile/fetch_frac=0.022, epoch=0,                          
                    lr/Muon=0.004, lr/AdamW=4.23e-04,                           
                    global_step=620                                             
[12:56:45] INFO     train/confidence_loss=0.242,                  trainer.py:550
                    train/confidence_abs_error=0.132,                           
                    train/confidence_pred_mean=0.250,                           
                    train/confidence_cumprod_bias=0.022,                        
                    train/loss=0.270, train/ce_loss=0.684,                      
                    train/tv_loss=0.117, train/accept_rate=0.378,               
                    train/accept_len=2.556, train/full_acc=0.415,               
                    train/position_1_acc=0.741,                                 
                    train/position_2_acc=0.532,                                 
                    train/position_3_acc=0.416,                                 
                    train/position_4_acc=0.354,                                 
                    train/position_5_acc=0.321,                                 
                    train/position_6_acc=0.270,                                 
                    train/position_7_acc=0.264,                                 
                    profile/fetch_ms=65.272,                                    
                    profile/fwd_ms=2.05e+03,                                    
                    profile/bwd_ms=94.512, profile/opt_ms=0.031,                
                    profile/step_ms=2.21e+03,                                   
                    profile/tokens_per_s=1.76e+03,                              
                    profile/fetch_frac=0.030, epoch=0,                          
                    lr/Muon=0.004, lr/AdamW=4.18e-04,                           
                    global_step=640                                             
[12:57:08] INFO     train/confidence_loss=0.232,                  trainer.py:550
                    train/confidence_abs_error=0.122,                           
                    train/confidence_pred_mean=0.212,                           
                    train/confidence_cumprod_bias=-0.032,                       
                    train/loss=0.250, train/ce_loss=0.613,                      
                    train/tv_loss=0.106, train/accept_rate=0.421,               
                    train/accept_len=2.809, train/full_acc=0.459,               
                    train/position_1_acc=0.811,                                 
                    train/position_2_acc=0.556,                                 
                    train/position_3_acc=0.442,                                 
                    train/position_4_acc=0.395,                                 
                    train/position_5_acc=0.347,                                 
                    train/position_6_acc=0.335,                                 
                    train/position_7_acc=0.328,                                 
                    profile/fetch_ms=2.925,                                     
                    profile/fwd_ms=1.88e+03,                                    
                    profile/bwd_ms=91.421, profile/opt_ms=0.029,                
                    profile/step_ms=1.97e+03,                                   
                    profile/tokens_per_s=1.93e+03,                              
                    profile/fetch_frac=0.001, epoch=0,                          
                    lr/Muon=0.004, lr/AdamW=4.12e-04,                           
                    global_step=660                                             
[12:57:34] INFO     train/confidence_loss=0.229,                  trainer.py:550
                    train/confidence_abs_error=0.108,                           
                    train/confidence_pred_mean=0.194,                           
                    train/confidence_cumprod_bias=-0.025,                       
                    train/loss=0.258, train/ce_loss=0.622,                      
                    train/tv_loss=0.117, train/accept_rate=0.378,               
                    train/accept_len=2.593, train/full_acc=0.419,               
                    train/position_1_acc=0.796,                                 
                    train/position_2_acc=0.471,                                 
                    train/position_3_acc=0.404,                                 
                    train/position_4_acc=0.357,                                 
                    train/position_5_acc=0.310,                                 
                    train/position_6_acc=0.322,                                 
                    train/position_7_acc=0.266,                                 
                    profile/fetch_ms=83.837,                                    
                    profile/fwd_ms=2.34e+03,                                    
                    profile/bwd_ms=91.501,                                      
                    profile/opt_ms=275.149,                                     
                    profile/step_ms=2.79e+03,                                   
                    profile/tokens_per_s=1.43e+03,                              
                    profile/fetch_frac=0.030, epoch=0,                          
                    lr/Muon=0.004, lr/AdamW=4.06e-04,                           
                    global_step=680                                             
[12:57:58] INFO     train/confidence_loss=0.247,                  trainer.py:550
                    train/confidence_abs_error=0.130,                           
                    train/confidence_pred_mean=0.244,                           
                    train/confidence_cumprod_bias=0.025,                        
                    train/loss=0.278, train/ce_loss=0.725,                      
                    train/tv_loss=0.119, train/accept_rate=0.377,               
                    train/accept_len=2.464, train/full_acc=0.417,               
                    train/position_1_acc=0.701,                                 
                    train/position_2_acc=0.485,                                 
                    train/position_3_acc=0.431,                                 
                    train/position_4_acc=0.348,                                 
                    train/position_5_acc=0.342,                                 
                    train/position_6_acc=0.321,                                 
                    train/position_7_acc=0.291,                                 
                    profile/fetch_ms=65.674,                                    
                    profile/fwd_ms=1.85e+03,                                    
                    profile/bwd_ms=85.924, profile/opt_ms=0.056,                
                    profile/step_ms=2.00e+03,                                   
                    profile/tokens_per_s=1.93e+03,                              
                    profile/fetch_frac=0.033, epoch=0,                          
                    lr/Muon=0.004, lr/AdamW=4.01e-04,                           
                    global_step=700                                             
[12:58:22] INFO     train/confidence_loss=0.254,                  trainer.py:550
                    train/confidence_abs_error=0.127,                           
                    train/confidence_pred_mean=0.210,                           
                    train/confidence_cumprod_bias=-0.036,                       
                    train/loss=0.253, train/ce_loss=0.581,                      
                    train/tv_loss=0.105, train/accept_rate=0.435,               
                    train/accept_len=2.828, train/full_acc=0.473,               
                    train/position_1_acc=0.793,                                 
                    train/position_2_acc=0.573,                                 
                    train/position_3_acc=0.465,                                 
                    train/position_4_acc=0.433,                                 
                    train/position_5_acc=0.364,                                 
                    train/position_6_acc=0.347,                                 
                    train/position_7_acc=0.335,                                 
                    profile/fetch_ms=23.194,                                    
                    profile/fwd_ms=2.00e+03,                                    
                    profile/bwd_ms=113.141, profile/opt_ms=0.053,               
                    profile/step_ms=2.14e+03,                                   
                    profile/tokens_per_s=1.86e+03,                              
                    profile/fetch_frac=0.011, epoch=0,                          
                    lr/Muon=0.004, lr/AdamW=3.94e-04,                           
                    global_step=720                                             
[12:58:47] INFO     train/confidence_loss=0.234,                  trainer.py:550
                    train/confidence_abs_error=0.117,                           
                    train/confidence_pred_mean=0.210,                           
                    train/confidence_cumprod_bias=-0.024,                       
                    train/loss=0.258, train/ce_loss=0.650,                      
                    train/tv_loss=0.110, train/accept_rate=0.413,               
                    train/accept_len=2.696, train/full_acc=0.448,               
                    train/position_1_acc=0.751,                                 
                    train/position_2_acc=0.540,                                 
                    train/position_3_acc=0.446,                                 
                    train/position_4_acc=0.400,                                 
                    train/position_5_acc=0.367,                                 
                    train/position_6_acc=0.322,                                 
                    train/position_7_acc=0.308,                                 
                    profile/fetch_ms=72.758,                                    
                    profile/fwd_ms=2.21e+03,                                    
                    profile/bwd_ms=96.960,                                      
                    profile/opt_ms=238.682,                                     
                    profile/step_ms=2.62e+03,                                   
                    profile/tokens_per_s=1.47e+03,                              
                    profile/fetch_frac=0.028, epoch=0,                          
                    lr/Muon=0.004, lr/AdamW=3.88e-04,                           
                    global_step=740                                             
[12:59:11] INFO     train/confidence_loss=0.236,                  trainer.py:550
                    train/confidence_abs_error=0.123,                           
                    train/confidence_pred_mean=0.255,                           
                    train/confidence_cumprod_bias=0.006,                        
                    train/loss=0.253, train/ce_loss=0.625,                      
                    train/tv_loss=0.108, train/accept_rate=0.428,               
                    train/accept_len=2.766, train/full_acc=0.466,               
                    train/position_1_acc=0.759,                                 
                    train/position_2_acc=0.570,                                 
                    train/position_3_acc=0.470,                                 
                    train/position_4_acc=0.409,                                 
                    train/position_5_acc=0.369,                                 
                    train/position_6_acc=0.354,                                 
                    train/position_7_acc=0.325,                                 
                    profile/fetch_ms=90.025,                                    
                    profile/fwd_ms=2.25e+03,                                    
                    profile/bwd_ms=92.733, profile/opt_ms=0.040,                
                    profile/step_ms=2.44e+03,                                   
                    profile/tokens_per_s=1.61e+03,                              
                    profile/fetch_frac=0.037, epoch=0,                          
                    lr/Muon=0.004, lr/AdamW=3.83e-04,                           
                    global_step=760                                             
[12:59:34] INFO     train/confidence_loss=0.254,                  trainer.py:550
                    train/confidence_abs_error=0.133,                           
                    train/confidence_pred_mean=0.231,                           
                    train/confidence_cumprod_bias=0.017,                        
                    train/loss=0.281, train/ce_loss=0.750,                      
                    train/tv_loss=0.118, train/accept_rate=0.378,               
                    train/accept_len=2.499, train/full_acc=0.419,               
                    train/position_1_acc=0.741,                                 
                    train/position_2_acc=0.461,                                 
                    train/position_3_acc=0.426,                                 
                    train/position_4_acc=0.363,                                 
                    train/position_5_acc=0.331,                                 
                    train/position_6_acc=0.322,                                 
                    train/position_7_acc=0.284,                                 
                    profile/fetch_ms=9.119,                                     
                    profile/fwd_ms=1.95e+03,                                    
                    profile/bwd_ms=92.925, profile/opt_ms=0.049,                
                    profile/step_ms=2.06e+03,                                   
                    profile/tokens_per_s=1.82e+03,                              
                    profile/fetch_frac=0.004, epoch=0,                          
                    lr/Muon=0.004, lr/AdamW=3.77e-04,                           
                    global_step=780                                             
[12:59:59] INFO     train/confidence_loss=0.238,                  trainer.py:550
                    train/confidence_abs_error=0.123,                           
                    train/confidence_pred_mean=0.228,                           
                    train/confidence_cumprod_bias=0.018,                        
                    train/loss=0.275, train/ce_loss=0.734,                      
                    train/tv_loss=0.119, train/accept_rate=0.371,               
                    train/accept_len=2.491, train/full_acc=0.405,               
                    train/position_1_acc=0.720,                                 
                    train/position_2_acc=0.506,                                 
                    train/position_3_acc=0.393,                                 
                    train/position_4_acc=0.329,                                 
                    train/position_5_acc=0.315,                                 
                    train/position_6_acc=0.294,                                 
                    train/position_7_acc=0.275,                                 
                    profile/fetch_ms=72.725,                                    
                    profile/fwd_ms=1.96e+03,                                    
                    profile/bwd_ms=93.869,                                      
                    profile/opt_ms=265.239,                                     
                    profile/step_ms=2.39e+03,                                   
                    profile/tokens_per_s=1.38e+03,                              
                    profile/fetch_frac=0.030, epoch=0,                          
                    lr/Muon=0.004, lr/AdamW=3.71e-04,                           
                    global_step=800                                             
[13:00:22] INFO     train/confidence_loss=0.243,                  trainer.py:550
                    train/confidence_abs_error=0.127,                           
                    train/confidence_pred_mean=0.250,                           
                    train/confidence_cumprod_bias=-0.029,                       
                    train/loss=0.233, train/ce_loss=0.506,                      
                    train/tv_loss=0.095, train/accept_rate=0.478,               
                    train/accept_len=3.071, train/full_acc=0.523,               
                    train/position_1_acc=0.826,                                 
                    train/position_2_acc=0.640,                                 
                    train/position_3_acc=0.541,                                 
                    train/position_4_acc=0.480,                                 
                    train/position_5_acc=0.420,                                 
                    train/position_6_acc=0.376,                                 
                    train/position_7_acc=0.370,                                 
                    profile/fetch_ms=71.467,                                    
                    profile/fwd_ms=2.05e+03,                                    
                    profile/bwd_ms=85.409, profile/opt_ms=0.067,                
                    profile/step_ms=2.21e+03,                                   
                    profile/tokens_per_s=1.83e+03,                              
                    profile/fetch_frac=0.032, epoch=0,                          
                    lr/Muon=0.004, lr/AdamW=3.65e-04,                           
                    global_step=820                                             
[13:00:46] INFO     train/confidence_loss=0.240,                  trainer.py:550
                    train/confidence_abs_error=0.126,                           
                    train/confidence_pred_mean=0.245,                           
                    train/confidence_cumprod_bias=0.013,                        
                    train/loss=0.261, train/ce_loss=0.644,                      
                    train/tv_loss=0.113, train/accept_rate=0.399,               
                    train/accept_len=2.635, train/full_acc=0.439,               
                    train/position_1_acc=0.760,                                 
                    train/position_2_acc=0.551,                                 
                    train/position_3_acc=0.434,                                 
                    train/position_4_acc=0.376,                                 
                    train/position_5_acc=0.337,                                 
                    train/position_6_acc=0.323,                                 
                    train/position_7_acc=0.288,                                 
                    profile/fetch_ms=4.064,                                     
                    profile/fwd_ms=1.59e+03,                                    
                    profile/bwd_ms=92.670, profile/opt_ms=0.063,                
                    profile/step_ms=1.69e+03,                                   
                    profile/tokens_per_s=2.35e+03,                              
                    profile/fetch_frac=0.002, epoch=0,                          
                    lr/Muon=0.004, lr/AdamW=3.59e-04,                           
                    global_step=840                                             
[13:01:11] INFO     train/confidence_loss=0.258,                  trainer.py:550
                    train/confidence_abs_error=0.142,                           
                    train/confidence_pred_mean=0.311,                           
                    train/confidence_cumprod_bias=0.048,                        
                    train/loss=0.247, train/ce_loss=0.537,                      
                    train/tv_loss=0.100, train/accept_rate=0.453,               
                    train/accept_len=2.924, train/full_acc=0.487,               
                    train/position_1_acc=0.829,                                 
                    train/position_2_acc=0.614,                                 
                    train/position_3_acc=0.484,                                 
                    train/position_4_acc=0.426,                                 
                    train/position_5_acc=0.383,                                 
                    train/position_6_acc=0.329,                                 
                    train/position_7_acc=0.339,                                 
                    profile/fetch_ms=71.510,                                    
                    profile/fwd_ms=791.438,                                     
                    profile/bwd_ms=93.754,                                      
                    profile/opt_ms=283.577,                                     
                    profile/step_ms=1.24e+03,                                   
                    profile/tokens_per_s=3.08e+03,                              
                    profile/fetch_frac=0.058, epoch=0,                          
                    lr/Muon=0.004, lr/AdamW=3.53e-04,                           
                    global_step=860                                             
[13:01:34] INFO     train/confidence_loss=0.254,                  trainer.py:550
                    train/confidence_abs_error=0.123,                           
                    train/confidence_pred_mean=0.204,                           
                    train/confidence_cumprod_bias=-0.022,                       
                    train/loss=0.266, train/ce_loss=0.634,                      
                    train/tv_loss=0.112, train/accept_rate=0.406,               
                    train/accept_len=2.604, train/full_acc=0.444,               
                    train/position_1_acc=0.771,                                 
                    train/position_2_acc=0.522,                                 
                    train/position_3_acc=0.431,                                 
                    train/position_4_acc=0.378,                                 
                    train/position_5_acc=0.356,                                 
                    train/position_6_acc=0.323,                                 
                    train/position_7_acc=0.324,                                 
                    profile/fetch_ms=73.639,                                    
                    profile/fwd_ms=87.503,                                      
                    profile/bwd_ms=126.078, profile/opt_ms=5.140,               
                    profile/step_ms=292.360,                                    
                    profile/tokens_per_s=1.37e+04,                              
                    profile/fetch_frac=0.252, epoch=0,                          
                    lr/Muon=0.003, lr/AdamW=3.48e-04,                           
                    global_step=880                                             
[13:01:59] INFO     train/confidence_loss=0.229,                  trainer.py:550
                    train/confidence_abs_error=0.126,                           
                    train/confidence_pred_mean=0.273,                           
                    train/confidence_cumprod_bias=-0.017,                       
                    train/loss=0.219, train/ce_loss=0.466,                      
                    train/tv_loss=0.089, train/accept_rate=0.506,               
                    train/accept_len=3.195, train/full_acc=0.543,               
                    train/position_1_acc=0.848,                                 
                    train/position_2_acc=0.654,                                 
                    train/position_3_acc=0.561,                                 
                    train/position_4_acc=0.471,                                 
                    train/position_5_acc=0.452,                                 
                    train/position_6_acc=0.409,                                 
                    train/position_7_acc=0.404,                                 
                    profile/fetch_ms=2.940,                                     
                    profile/fwd_ms=815.806,                                     
                    profile/bwd_ms=92.377, profile/opt_ms=0.027,                
                    profile/step_ms=911.151,                                    
                    profile/tokens_per_s=4.37e+03,                              
                    profile/fetch_frac=0.003, epoch=0,                          
                    lr/Muon=0.003, lr/AdamW=3.42e-04,                           
                    global_step=900                                             
[13:02:23] INFO     train/confidence_loss=0.249,                  trainer.py:550
                    train/confidence_abs_error=0.129,                           
                    train/confidence_pred_mean=0.218,                           
                    train/confidence_cumprod_bias=-1.21e-04,                    
                    train/loss=0.281, train/ce_loss=0.716,                      
                    train/tv_loss=0.120, train/accept_rate=0.367,               
                    train/accept_len=2.389, train/full_acc=0.404,               
                    train/position_1_acc=0.714,                                 
                    train/position_2_acc=0.464,                                 
                    train/position_3_acc=0.397,                                 
                    train/position_4_acc=0.346,                                 
                    train/position_5_acc=0.324,                                 
                    train/position_6_acc=0.279,                                 
                    train/position_7_acc=0.298,                                 
                    profile/fetch_ms=71.527,                                    
                    profile/fwd_ms=2.10e+03,                                    
                    profile/bwd_ms=88.848,                                      
                    profile/opt_ms=262.422,                                     
                    profile/step_ms=2.53e+03,                                   
                    profile/tokens_per_s=1.57e+03,                              
                    profile/fetch_frac=0.028, epoch=0,                          
                    lr/Muon=0.003, lr/AdamW=3.36e-04,                           
                    global_step=920                                             
[13:02:47] INFO     train/confidence_loss=0.234,                  trainer.py:550
                    train/confidence_abs_error=0.119,                           
                    train/confidence_pred_mean=0.219,                           
                    train/confidence_cumprod_bias=-0.020,                       
                    train/loss=0.255, train/ce_loss=0.644,                      
                    train/tv_loss=0.109, train/accept_rate=0.426,               
                    train/accept_len=2.760, train/full_acc=0.462,               
                    train/position_1_acc=0.759,                                 
                    train/position_2_acc=0.529,                                 
                    train/position_3_acc=0.438,                                 
                    train/position_4_acc=0.403,                                 
                    train/position_5_acc=0.370,                                 
                    train/position_6_acc=0.376,                                 
                    train/position_7_acc=0.353,                                 
                    profile/fetch_ms=71.616,                                    
                    profile/fwd_ms=2.25e+03,                                    
                    profile/bwd_ms=97.910, profile/opt_ms=0.107,                
                    profile/step_ms=2.42e+03,                                   
                    profile/tokens_per_s=1.59e+03,                              
                    profile/fetch_frac=0.030, epoch=0,                          
                    lr/Muon=0.003, lr/AdamW=3.30e-04,                           
                    global_step=940                                             
[13:03:11] INFO     train/confidence_loss=0.250,                  trainer.py:550
                    train/confidence_abs_error=0.132,                           
                    train/confidence_pred_mean=0.275,                           
                    train/confidence_cumprod_bias=0.005,                        
                    train/loss=0.244, train/ce_loss=0.531,                      
                    train/tv_loss=0.101, train/accept_rate=0.453,               
                    train/accept_len=2.883, train/full_acc=0.490,               
                    train/position_1_acc=0.797,                                 
                    train/position_2_acc=0.600,                                 
                    train/position_3_acc=0.500,                                 
                    train/position_4_acc=0.431,                                 
                    train/position_5_acc=0.385,                                 
                    train/position_6_acc=0.379,                                 
                    train/position_7_acc=0.341,                                 
                    profile/fetch_ms=14.876,                                    
                    profile/fwd_ms=1.34e+03,                                    
                    profile/bwd_ms=91.121, profile/opt_ms=0.030,                
                    profile/step_ms=1.45e+03,                                   
                    profile/tokens_per_s=2.66e+03,                              
                    profile/fetch_frac=0.010, epoch=0,                          
                    lr/Muon=0.003, lr/AdamW=3.24e-04,                           
                    global_step=960                                             
[13:03:37] INFO     train/confidence_loss=0.237,                  trainer.py:550
                    train/confidence_abs_error=0.130,                           
                    train/confidence_pred_mean=0.281,                           
                    train/confidence_cumprod_bias=0.025,                        
                    train/loss=0.244, train/ce_loss=0.569,                      
                    train/tv_loss=0.103, train/accept_rate=0.445,               
                    train/accept_len=2.872, train/full_acc=0.483,               
                    train/position_1_acc=0.806,                                 
                    train/position_2_acc=0.580,                                 
                    train/position_3_acc=0.480,                                 
                    train/position_4_acc=0.436,                                 
                    train/position_5_acc=0.389,                                 
                    train/position_6_acc=0.350,                                 
                    train/position_7_acc=0.337,                                 
                    profile/fetch_ms=100.076,                                   
                    profile/fwd_ms=2.36e+03,                                    
                    profile/bwd_ms=92.662,                                      
                    profile/opt_ms=263.426,                                     
                    profile/step_ms=2.82e+03,                                   
                    profile/tokens_per_s=1.38e+03,                              
                    profile/fetch_frac=0.035, epoch=0,                          
                    lr/Muon=0.003, lr/AdamW=3.18e-04,                           
                    global_step=980                                             
[13:03:59] INFO     DL_MAX_STEPS=1000 reached (local_step=1001);  trainer.py:470
                    stopping epoch early.                                       
Epoch 0  48% ━━━━━━━━━━━             1,000/2,068  [ 0:20:16 < 0:21:05 , 1 it/s ]
           INFO     Dropped a partial accumulation window of 1    trainer.py:586
                    micro-batches at epoch end (not stepped;                    
                    accum=3).                                                   
           INFO     Training epoch 1/1 completed                  trainer.py:696
[13:04:01] INFO     Saving checkpoint to                          trainer.py:646
                    /home/y50063564/dataloader_diag/checkpoints_t               
                    l_w2/0                                                      
Writing model shards:   0%|          | 0/1 [00:00<?, ?it/s]Writing model shards: 100%|██████████| 1/1 [00:01<00:00,  1.32s/it]Writing model shards: 100%|██████████| 1/1 [00:01<00:00,  1.32s/it]
[13:04:05] INFO     Checkpoint saved to                           trainer.py:664
                    /home/y50063564/dataloader_diag/checkpoints_t               
                    l_w2/0                                                      
           INFO     Validation epoch 1/1 started                  trainer.py:711
Epoch 0 100% ━━━━━━━━━━━━━━━━━━━━━━━━━━━ 230/230  [ 0:04:17 < 0:00:00 , 1 it/s ]
[13:08:23] INFO     val/confidence_loss_epoch=0.242,              trainer.py:628
                    val/confidence_abs_error_epoch=0.054,                       
                    val/confidence_pred_mean_epoch=0.101,                       
                    val/confidence_cumprod_bias_epoch=-0.017,                   
                    val/loss_epoch=0.039,                                       
                    val/ce_loss_epoch=0.093,                                    
                    val/tv_loss_epoch=0.016,                                    
                    val/accept_rate_epoch=0.435,                                
                    val/accept_len_epoch=2.813,                                 
                    val/full_acc_epoch=0.470,                                   
                    val/position_1_acc_epoch=0.782,                             
                    val/position_2_acc_epoch=0.566,                             
                    val/position_3_acc_epoch=0.469,                             
                    val/position_4_acc_epoch=0.413,                             
                    val/position_5_acc_epoch=0.378,                             
                    val/position_6_acc_epoch=0.351,                             
                    val/position_7_acc_epoch=0.330, epoch=0                     
           INFO     Validation epoch 1/1 completed                trainer.py:713
           INFO     Updated checkpoint_best -> 0                  trainer.py:684
                    (loss_epoch=0.039197)                                       
[13:08:25] INFO     Destroyed distributed process group       distributed.py:180
[13:08:25] INFO     Destroyed distributed process group       distributed.py:180
[13:08:25] INFO     Destroyed distributed process group       distributed.py:180
[13:08:25] INFO     Destroyed distributed process group       distributed.py:180
