/usr/local/python3.12.13/lib/python3.12/site-packages/transformers/loss/loss_for_object_detection.py:27: UserWarning: A NumPy version >=1.22.4 and <2.3.0 is required for this version of SciPy (detected version 2.4.6)
  from scipy.optimize import linear_sum_assignment
/usr/local/python3.12.13/lib/python3.12/site-packages/transformers/loss/loss_for_object_detection.py:27: UserWarning: A NumPy version >=1.22.4 and <2.3.0 is required for this version of SciPy (detected version 2.4.6)
  from scipy.optimize import linear_sum_assignment
[timeout] aclrtSetOpExecuteTimeOut(0) rc=0
/usr/local/python3.12.13/lib/python3.12/site-packages/transformers/loss/loss_for_object_detection.py:27: UserWarning: A NumPy version >=1.22.4 and <2.3.0 is required for this version of SciPy (detected version 2.4.6)
  from scipy.optimize import linear_sum_assignment
/usr/local/python3.12.13/lib/python3.12/site-packages/transformers/loss/loss_for_object_detection.py:27: UserWarning: A NumPy version >=1.22.4 and <2.3.0 is required for this version of SciPy (detected version 2.4.6)
  from scipy.optimize import linear_sum_assignment
[04:04:06] INFO     Started distributed with local_rank=3,    distributed.py:165
                    dp_size=4, sp_size=1                                        
[timeout] aclrtSetOpExecuteTimeOut(0) rc=0
[timeout] aclrtSetOpExecuteTimeOut(0) rc=0
           INFO     get env TERM = xterm                      patch_getenv.py:15
[04:04:07] INFO     get env LOCAL_RANK = 0                    patch_getenv.py:15
[timeout] aclrtSetOpExecuteTimeOut(0) rc=0
[04:04:08] INFO     Started distributed with local_rank=1,    distributed.py:165
                    dp_size=4, sp_size=1                                        
[04:04:08] INFO     get env WORLD_SIZE = 4                    patch_getenv.py:15
           INFO     get env MASTER_ADDR =                     patch_getenv.py:15
                    localhost.localdomain                                       
           INFO     get env MASTER_PORT = 42147               patch_getenv.py:15
           INFO     get env TORCHELASTIC_USE_AGENT_STORE =    patch_getenv.py:15
                    True                                                        
           INFO     Started distributed with local_rank=0,    distributed.py:165
                    dp_size=4, sp_size=1                                        
           INFO     get env PATH =                            patch_getenv.py:15
                    /usr/local/Ascend/nnal/atb/latest/atb/cxx                   
                    _abi_1/bin:/usr/local/Ascend/cann-9.0.0/t                   
                    ools/bishengir/bin:/usr/local/Ascend/cann                   
                    -9.0.0/bin:/usr/local/Ascend/cann-9.0.0/t                   
                    ools/ccec_compiler/bin:/usr/local/Ascend/                   
                    cann-9.0.0/tools/profiler/bin:/usr/local/                   
                    Ascend/cann-9.0.0/tools/ascend_system_adv                   
                    isor/asys:/usr/local/Ascend/cann-9.0.0/to                   
                    ols/show_kernel_debug_data:/usr/local/Asc                   
                    end/cann-9.0.0/tools/msobjdump:/home/y500                   
                    63564/node_modules/.bin:/usr/local/Ascend                   
                    /nnal/atb/latest/atb/cxx_abi_1/bin:/usr/l                   
                    ocal/Ascend/nnal/atb/latest/atb/cxx_abi_1                   
                    /bin:/usr/local/Ascend/ascend-toolkit/lat                   
                    est/bin:/usr/local/Ascend/ascend-toolkit/                   
                    latest/compiler/ccec_compiler/bin:/usr/lo                   
                    cal/Ascend/ascend-toolkit/latest/tools/cc                   
                    ec_compiler/bin:/usr/local/python3.12.13/                   
                    bin:/usr/local/sbin:/usr/local/bin:/usr/s                   
                    bin:/usr/bin:/sbin:/bin:/usr/local/go/bin                   
           INFO     Loading vocab mappings from                     train.py:236
                    '/home/y50063564/data/open_perfectblend_qwen3_4             
                    b_700k/d2t.npy' and                                         
                    '/home/y50063564/data/open_perfectblend_qwen3_4             
                    b_700k/t2d.npy'                                             
           INFO     All 5 draft layers using sliding window         train.py:396
                    attention (window=2048). To use full attention              
                    on specific layers, pass                                    
                    '--full-attention-indices <layer_ids>'.                     
[04:04:08] INFO     Started distributed with local_rank=2,    distributed.py:165
                    dp_size=4, sp_size=1                                        
[04:04:09] WARNING  Added <|MASK|> to tokenizer,                     utils.py:49
                    mask_token_id=151669 (tokenizer len=151670,                 
                    vocab_size=151936)                                          
2026-09-11 04:04:20.582 | INFO     | speculators.utils.loading:_resolve_file:136 - Loading from local directory: /home/y50063564/Qwen3-4B
2026-09-11 04:04:20.583 | WARNING  | speculators.utils.loading:load_model_layers:104 - Tensor 'lm_head.weight' not found in weight_map.
2026-09-11 04:04:20.583 | INFO     | speculators.utils.loading:_resolve_file:136 - Loading from local directory: /home/y50063564/Qwen3-4B
2026-09-11 04:04:20.585 | INFO     | speculators.utils.loading:_resolve_file:136 - Loading from local directory: /home/y50063564/Qwen3-4B
2026-09-11 04:04:23.176 | INFO     | speculators.utils.loading:_resolve_file:136 - Loading from local directory: /home/y50063564/Qwen3-4B
2026-09-11 04:04:23.177 | WARNING  | speculators.utils.loading:load_model_layers:104 - Tensor 'lm_head.weight' not found in weight_map.
2026-09-11 04:04:23.177 | INFO     | speculators.utils.loading:_resolve_file:136 - Loading from local directory: /home/y50063564/Qwen3-4B
2026-09-11 04:04:23.179 | INFO     | speculators.utils.loading:_resolve_file:136 - Loading from local directory: /home/y50063564/Qwen3-4B
2026-09-11 04:04:23.778 | INFO     | speculators.utils.loading:_resolve_file:136 - Loading from local directory: /home/y50063564/Qwen3-4B
2026-09-11 04:04:23.779 | WARNING  | speculators.utils.loading:load_model_layers:104 - Tensor 'lm_head.weight' not found in weight_map.
2026-09-11 04:04:23.779 | INFO     | speculators.utils.loading:_resolve_file:136 - Loading from local directory: /home/y50063564/Qwen3-4B
2026-09-11 04:04:23.781 | INFO     | speculators.utils.loading:_resolve_file:136 - Loading from local directory: /home/y50063564/Qwen3-4B
2026-09-11 04:04:25.795 | INFO     | speculators.utils.loading:_resolve_file:136 - Loading from local directory: /home/y50063564/Qwen3-4B
2026-09-11 04:04:25.796 | WARNING  | speculators.utils.loading:load_model_layers:104 - Tensor 'lm_head.weight' not found in weight_map.
2026-09-11 04:04:25.796 | INFO     | speculators.utils.loading:_resolve_file:136 - Loading from local directory: /home/y50063564/Qwen3-4B
2026-09-11 04:04:25.800 | INFO     | speculators.utils.loading:_resolve_file:136 - Loading from local directory: /home/y50063564/Qwen3-4B
[04:04:37] INFO     get env SAMP_SEED = 42                    patch_getenv.py:15
           INFO     get env DL_IN_ORDER = 1                   patch_getenv.py:15
           INFO     No previous training checkpoint found in      trainer.py:299
                    '/home/y50063564/dataloader_diag/exp/E5b_skew               
                    _docs/checkpoints'. Starting fresh training                 
                    run.                                                        
[04:04:46] INFO     Muon optimizer: 39 2D params via Muon, 23   optimizers.py:76
                    params via AdamW.                                           
           INFO     get env SAMP_BALANCE = skew_docs          patch_getenv.py:15
[timeout] aclrtSetOpExecuteTimeOut(0) rc=0
[timeout] aclrtSetOpExecuteTimeOut(0) rc=0
[timeout] aclrtSetOpExecuteTimeOut(0) rc=0
[timeout] aclrtSetOpExecuteTimeOut(0) rc=0
[04:04:52] INFO     Training epoch 1/1 started                    trainer.py:734
/usr/local/python3.12.13/lib/python3.12/site-packages/torch/_dynamo/_trace_wrapped_higher_order_op.py:147: UserWarning: Cannot create tensor with interal format while allow_internel_format=False, tensor will be created with base format. (Triggered internally at ../torch_npu/csrc/aten/common/TensorFactories.cpp:340.)
  return func(*args, **(kwargs or {}))
/usr/local/python3.12.13/lib/python3.12/site-packages/torch/_dynamo/_trace_wrapped_higher_order_op.py:147: UserWarning: Cannot create tensor with interal format while allow_internel_format=False, tensor will be created with base format. (Triggered internally at ../torch_npu/csrc/aten/common/TensorFactories.cpp:340.)
  return func(*args, **(kwargs or {}))
/usr/local/python3.12.13/lib/python3.12/site-packages/torch/_dynamo/_trace_wrapped_higher_order_op.py:147: UserWarning: Cannot create tensor with interal format while allow_internel_format=False, tensor will be created with base format. (Triggered internally at ../torch_npu/csrc/aten/common/TensorFactories.cpp:340.)
  return func(*args, **(kwargs or {}))
/usr/local/python3.12.13/lib/python3.12/site-packages/torch/_dynamo/_trace_wrapped_higher_order_op.py:147: UserWarning: Cannot create tensor with interal format while allow_internel_format=False, tensor will be created with base format. (Triggered internally at ../torch_npu/csrc/aten/common/TensorFactories.cpp:340.)
  return func(*args, **(kwargs or {}))
[04:04:57] INFO     train/confidence_loss=0.459,                  trainer.py:584
                    train/confidence_abs_error=0.325,                           
                    train/confidence_pred_mean=0.326,                           
                    train/confidence_cumprod_bias=0.192,                        
                    train/loss=0.609, train/ce_loss=2.350,                      
                    train/tv_loss=0.214,                                        
                    train/accept_rate=3.34e-04,                                 
                    train/accept_len=1.000,                                     
                    train/full_acc=0.00e+00,                                    
                    train/position_1_acc=0.00e+00,                              
                    train/position_2_acc=0.00e+00,                              
                    train/position_3_acc=0.00e+00,                              
                    train/position_4_acc=0.00e+00,                              
                    train/position_5_acc=0.00e+00,                              
                    train/position_6_acc=0.00e+00,                              
                    train/position_7_acc=0.00e+00,                              
                    profile/fetch_ms=3.30e+03,                                  
                    profile/fwd_ms=1.32e+03,                                    
                    profile/bwd_ms=341.212, profile/opt_ms=5.611,               
                    profile/step_ms=4.97e+03,                                   
                    profile/tokens_per_s=807.573,                               
                    profile/fetch_frac=0.664, epoch=0,                          
                    lr/Muon=0.00e+00, lr/AdamW=0.00e+00,                        
                    global_step=0                                               
[04:05:19] INFO     train/confidence_loss=0.059,                  trainer.py:584
                    train/confidence_abs_error=0.059,                           
                    train/confidence_pred_mean=0.059,                           
                    train/confidence_cumprod_bias=0.017,                        
                    train/loss=0.444, train/ce_loss=2.275,                      
                    train/tv_loss=0.214,                                        
                    train/accept_rate=3.92e-04,                                 
                    train/accept_len=1.000,                                     
                    train/full_acc=0.00e+00,                                    
                    train/position_1_acc=0.00e+00,                              
                    train/position_2_acc=0.00e+00,                              
                    train/position_3_acc=0.00e+00,                              
                    train/position_4_acc=0.00e+00,                              
                    train/position_5_acc=0.00e+00,                              
                    train/position_6_acc=0.00e+00,                              
                    train/position_7_acc=0.00e+00,                              
                    profile/fetch_ms=66.256,                                    
                    profile/fwd_ms=1.09e+03,                                    
                    profile/bwd_ms=94.829,                                      
                    profile/opt_ms=337.268,                                     
                    profile/step_ms=1.58e+03,                                   
                    profile/tokens_per_s=2.36e+03,                              
                    profile/fetch_frac=0.042, epoch=0,                          
                    lr/Muon=4.37e-04, lr/AdamW=4.37e-05,                        
                    global_step=20                                              
[04:05:44] INFO     train/confidence_loss=0.173,                  trainer.py:584
                    train/confidence_abs_error=0.025,                           
                    train/confidence_pred_mean=4.66e-04,                        
                    train/confidence_cumprod_bias=-0.007,                       
                    train/loss=0.412, train/ce_loss=1.594,                      
                    train/tv_loss=0.205, train/accept_rate=0.044,               
                    train/accept_len=1.049, train/full_acc=0.084,               
                    train/position_1_acc=0.080,                                 
                    train/position_2_acc=0.090,                                 
                    train/position_3_acc=0.083,                                 
                    train/position_4_acc=0.077,                                 
                    train/position_5_acc=0.083,                                 
                    train/position_6_acc=0.088,                                 
                    train/position_7_acc=0.084,                                 
                    profile/fetch_ms=68.046,                                    
                    profile/fwd_ms=1.48e+03,                                    
                    profile/bwd_ms=117.670, profile/opt_ms=5.118,               
                    profile/step_ms=1.67e+03,                                   
                    profile/tokens_per_s=2.10e+03,                              
                    profile/fetch_frac=0.041, epoch=0,                          
                    lr/Muon=8.12e-04, lr/AdamW=8.12e-05,                        
                    global_step=40                                              
[04:06:08] INFO     train/confidence_loss=0.125,                  trainer.py:584
                    train/confidence_abs_error=0.041,                           
                    train/confidence_pred_mean=0.025,                           
                    train/confidence_cumprod_bias=-0.004,                       
                    train/loss=0.366, train/ce_loss=1.356,                      
                    train/tv_loss=0.200, train/accept_rate=0.064,               
                    train/accept_len=1.071, train/full_acc=0.114,               
                    train/position_1_acc=0.099,                                 
                    train/position_2_acc=0.137,                                 
                    train/position_3_acc=0.109,                                 
                    train/position_4_acc=0.116,                                 
                    train/position_5_acc=0.103,                                 
                    train/position_6_acc=0.115,                                 
                    train/position_7_acc=0.118,                                 
                    profile/fetch_ms=51.219,                                    
                    profile/fwd_ms=222.521,                                     
                    profile/bwd_ms=92.459, profile/opt_ms=0.061,                
                    profile/step_ms=366.261,                                    
                    profile/tokens_per_s=1.06e+04,                              
                    profile/fetch_frac=0.140, epoch=0,                          
                    lr/Muon=0.001, lr/AdamW=1.25e-04,                           
                    global_step=60                                              
[04:06:35] INFO     train/confidence_loss=0.145,                  trainer.py:584
                    train/confidence_abs_error=0.042,                           
                    train/confidence_pred_mean=0.013,                           
                    train/confidence_cumprod_bias=-0.010,                       
                    train/loss=0.380, train/ce_loss=1.450,                      
                    train/tv_loss=0.198, train/accept_rate=0.070,               
                    train/accept_len=1.092, train/full_acc=0.097,               
                    train/position_1_acc=0.107,                                 
                    train/position_2_acc=0.086,                                 
                    train/position_3_acc=0.095,                                 
                    train/position_4_acc=0.082,                                 
                    train/position_5_acc=0.108,                                 
                    train/position_6_acc=0.099,                                 
                    train/position_7_acc=0.100,                                 
                    profile/fetch_ms=72.832,                                    
                    profile/fwd_ms=93.507, profile/bwd_ms=97.477,               
                    profile/opt_ms=316.640,                                     
                    profile/step_ms=580.455,                                    
                    profile/tokens_per_s=6.77e+03,                              
                    profile/fetch_frac=0.125, epoch=0,                          
                    lr/Muon=0.002, lr/AdamW=1.69e-04,                           
                    global_step=80                                              
[04:07:01] INFO     train/confidence_loss=0.194,                  trainer.py:584
                    train/confidence_abs_error=0.118,                           
                    train/confidence_pred_mean=0.120,                           
                    train/confidence_cumprod_bias=0.017,                        
                    train/loss=0.380, train/ce_loss=1.350,                      
                    train/tv_loss=0.188, train/accept_rate=0.123,               
                    train/accept_len=1.219, train/full_acc=0.148,               
                    train/position_1_acc=0.156,                                 
                    train/position_2_acc=0.156,                                 
                    train/position_3_acc=0.145,                                 
                    train/position_4_acc=0.149,                                 
                    train/position_5_acc=0.140,                                 
                    train/position_6_acc=0.134,                                 
                    train/position_7_acc=0.155,                                 
                    profile/fetch_ms=66.852,                                    
                    profile/fwd_ms=92.762, profile/bwd_ms=95.526,               
                    profile/opt_ms=0.103,                                       
                    profile/step_ms=255.244,                                    
                    profile/tokens_per_s=1.59e+04,                              
                    profile/fetch_frac=0.262, epoch=0,                          
                    lr/Muon=0.002, lr/AdamW=2.06e-04,                           
                    global_step=100                                             
[04:07:26] INFO     train/confidence_loss=0.240,                  trainer.py:584
                    train/confidence_abs_error=0.090,                           
                    train/confidence_pred_mean=0.040,                           
                    train/confidence_cumprod_bias=-0.028,                       
                    train/loss=0.386, train/ce_loss=1.288,                      
                    train/tv_loss=0.179, train/accept_rate=0.160,               
                    train/accept_len=1.278, train/full_acc=0.192,               
                    train/position_1_acc=0.203,                                 
                    train/position_2_acc=0.198,                                 
                    train/position_3_acc=0.190,                                 
                    train/position_4_acc=0.200,                                 
                    train/position_5_acc=0.198,                                 
                    train/position_6_acc=0.180,                                 
                    train/position_7_acc=0.175,                                 
                    profile/fetch_ms=80.562,                                    
                    profile/fwd_ms=98.168, profile/bwd_ms=90.762,               
                    profile/opt_ms=0.123,                                       
                    profile/step_ms=269.614,                                    
                    profile/tokens_per_s=1.51e+04,                              
                    profile/fetch_frac=0.299, epoch=0,                          
                    lr/Muon=0.002, lr/AdamW=2.50e-04,                           
                    global_step=120                                             
[04:07:54] INFO     train/confidence_loss=0.237,                  trainer.py:584
                    train/confidence_abs_error=0.097,                           
                    train/confidence_pred_mean=0.053,                           
                    train/confidence_cumprod_bias=-0.031,                       
                    train/loss=0.380, train/ce_loss=1.275,                      
                    train/tv_loss=0.173, train/accept_rate=0.183,               
                    train/accept_len=1.356, train/full_acc=0.224,               
                    train/position_1_acc=0.248,                                 
                    train/position_2_acc=0.219,                                 
                    train/position_3_acc=0.234,                                 
                    train/position_4_acc=0.204,                                 
                    train/position_5_acc=0.209,                                 
                    train/position_6_acc=0.235,                                 
                    train/position_7_acc=0.216,                                 
                    profile/fetch_ms=100.249,                                   
                    profile/fwd_ms=98.027, profile/bwd_ms=94.006,               
                    profile/opt_ms=254.123,                                     
                    profile/step_ms=546.405,                                    
                    profile/tokens_per_s=7.27e+03,                              
                    profile/fetch_frac=0.183, epoch=0,                          
                    lr/Muon=0.003, lr/AdamW=2.94e-04,                           
                    global_step=140                                             
[04:08:19] INFO     train/confidence_loss=0.248,                  trainer.py:584
                    train/confidence_abs_error=0.146,                           
                    train/confidence_pred_mean=0.180,                           
                    train/confidence_cumprod_bias=0.026,                        
                    train/loss=0.366, train/ce_loss=1.156,                      
                    train/tv_loss=0.167, train/accept_rate=0.211,               
                    train/accept_len=1.391, train/full_acc=0.247,               
                    train/position_1_acc=0.259,                                 
                    train/position_2_acc=0.262,                                 
                    train/position_3_acc=0.245,                                 
                    train/position_4_acc=0.253,                                 
                    train/position_5_acc=0.255,                                 
                    train/position_6_acc=0.228,                                 
                    train/position_7_acc=0.229,                                 
                    profile/fetch_ms=70.186,                                    
                    profile/fwd_ms=92.310, profile/bwd_ms=92.081,               
                    profile/opt_ms=0.061,                                       
                    profile/step_ms=254.638,                                    
                    profile/tokens_per_s=1.55e+04,                              
                    profile/fetch_frac=0.276, epoch=0,                          
                    lr/Muon=0.003, lr/AdamW=3.31e-04,                           
                    global_step=160                                             
[04:08:47] INFO     train/confidence_loss=0.238,                  trainer.py:584
                    train/confidence_abs_error=0.108,                           
                    train/confidence_pred_mean=0.088,                           
                    train/confidence_cumprod_bias=-0.034,                       
                    train/loss=0.361, train/ce_loss=1.163,                      
                    train/tv_loss=0.166, train/accept_rate=0.209,               
                    train/accept_len=1.532, train/full_acc=0.246,               
                    train/position_1_acc=0.318,                                 
                    train/position_2_acc=0.264,                                 
                    train/position_3_acc=0.249,                                 
                    train/position_4_acc=0.232,                                 
                    train/position_5_acc=0.218,                                 
                    train/position_6_acc=0.218,                                 
                    train/position_7_acc=0.222,                                 
                    profile/fetch_ms=137.010,                                   
                    profile/fwd_ms=96.987, profile/bwd_ms=92.087,               
                    profile/opt_ms=0.073,                                       
                    profile/step_ms=326.157,                                    
                    profile/tokens_per_s=1.02e+04,                              
                    profile/fetch_frac=0.420, epoch=0,                          
                    lr/Muon=0.004, lr/AdamW=3.75e-04,                           
                    global_step=180                                             
[04:09:14] INFO     train/confidence_loss=0.250,                  trainer.py:584
                    train/confidence_abs_error=0.110,                           
                    train/confidence_pred_mean=0.110,                           
                    train/confidence_cumprod_bias=-0.025,                       
                    train/loss=0.355, train/ce_loss=1.100,                      
                    train/tv_loss=0.160, train/accept_rate=0.222,               
                    train/accept_len=1.609, train/full_acc=0.270,               
                    train/position_1_acc=0.380,                                 
                    train/position_2_acc=0.333,                                 
                    train/position_3_acc=0.247,                                 
                    train/position_4_acc=0.239,                                 
                    train/position_5_acc=0.234,                                 
                    train/position_6_acc=0.221,                                 
                    train/position_7_acc=0.236,                                 
                    profile/fetch_ms=83.908,                                    
                    profile/fwd_ms=107.011,                                     
                    profile/bwd_ms=88.337,                                      
                    profile/opt_ms=350.494,                                     
                    profile/step_ms=629.750,                                    
                    profile/tokens_per_s=5.80e+03,                              
                    profile/fetch_frac=0.133, epoch=0,                          
                    lr/Muon=0.004, lr/AdamW=4.19e-04,                           
                    global_step=200                                             
[04:09:39] INFO     train/confidence_loss=0.260,                  trainer.py:584
                    train/confidence_abs_error=0.147,                           
                    train/confidence_pred_mean=0.180,                           
                    train/confidence_cumprod_bias=0.024,                        
                    train/loss=0.362, train/ce_loss=1.131,                      
                    train/tv_loss=0.163, train/accept_rate=0.205,               
                    train/accept_len=1.588, train/full_acc=0.229,               
                    train/position_1_acc=0.410,                                 
                    train/position_2_acc=0.253,                                 
                    train/position_3_acc=0.210,                                 
                    train/position_4_acc=0.199,                                 
                    train/position_5_acc=0.186,                                 
                    train/position_6_acc=0.168,                                 
                    train/position_7_acc=0.178,                                 
                    profile/fetch_ms=70.698,                                    
                    profile/fwd_ms=135.152,                                     
                    profile/bwd_ms=97.693, profile/opt_ms=0.064,                
                    profile/step_ms=303.607,                                    
                    profile/tokens_per_s=1.24e+04,                              
                    profile/fetch_frac=0.233, epoch=0,                          
                    lr/Muon=0.005, lr/AdamW=4.56e-04,                           
                    global_step=220                                             
[04:10:05] INFO     train/confidence_loss=0.236,                  trainer.py:584
                    train/confidence_abs_error=0.114,                           
                    train/confidence_pred_mean=0.121,                           
                    train/confidence_cumprod_bias=-0.027,                       
                    train/loss=0.341, train/ce_loss=1.062,                      
                    train/tv_loss=0.158, train/accept_rate=0.222,               
                    train/accept_len=1.729, train/full_acc=0.254,               
                    train/position_1_acc=0.456,                                 
                    train/position_2_acc=0.272,                                 
                    train/position_3_acc=0.234,                                 
                    train/position_4_acc=0.211,                                 
                    train/position_5_acc=0.222,                                 
                    train/position_6_acc=0.194,                                 
                    train/position_7_acc=0.189,                                 
                    profile/fetch_ms=3.428,                                     
                    profile/fwd_ms=90.292, profile/bwd_ms=90.813,               
                    profile/opt_ms=0.119,                                       
                    profile/step_ms=184.651,                                    
                    profile/tokens_per_s=2.02e+04,                              
                    profile/fetch_frac=0.019, epoch=0,                          
                    lr/Muon=0.005, lr/AdamW=5.00e-04,                           
                    global_step=240                                             
[04:10:29] INFO     train/confidence_loss=0.250,                  trainer.py:584
                    train/confidence_abs_error=0.111,                           
                    train/confidence_pred_mean=0.136,                           
                    train/confidence_cumprod_bias=-0.043,                       
                    train/loss=0.305, train/ce_loss=0.844,                      
                    train/tv_loss=0.134, train/accept_rate=0.313,               
                    train/accept_len=2.179, train/full_acc=0.354,               
                    train/position_1_acc=0.622,                                 
                    train/position_2_acc=0.423,                                 
                    train/position_3_acc=0.312,                                 
                    train/position_4_acc=0.307,                                 
                    train/position_5_acc=0.284,                                 
                    train/position_6_acc=0.285,                                 
                    train/position_7_acc=0.239,                                 
                    profile/fetch_ms=66.778,                                    
                    profile/fwd_ms=109.183,                                     
                    profile/bwd_ms=93.054,                                      
                    profile/opt_ms=281.260,                                     
                    profile/step_ms=550.274,                                    
                    profile/tokens_per_s=6.75e+03,                              
                    profile/fetch_frac=0.121, epoch=0,                          
                    lr/Muon=0.005, lr/AdamW=5.44e-04,                           
                    global_step=260                                             
[04:10:54] INFO     train/confidence_loss=0.216,                  trainer.py:584
                    train/confidence_abs_error=0.114,                           
                    train/confidence_pred_mean=0.158,                           
                    train/confidence_cumprod_bias=0.020,                        
                    train/loss=0.344, train/ce_loss=1.163,                      
                    train/tv_loss=0.156, train/accept_rate=0.222,               
                    train/accept_len=1.762, train/full_acc=0.253,               
                    train/position_1_acc=0.496,                                 
                    train/position_2_acc=0.279,                                 
                    train/position_3_acc=0.233,                                 
                    train/position_4_acc=0.183,                                 
                    train/position_5_acc=0.201,                                 
                    train/position_6_acc=0.181,                                 
                    train/position_7_acc=0.195,                                 
                    profile/fetch_ms=74.049,                                    
                    profile/fwd_ms=88.918, profile/bwd_ms=91.703,               
                    profile/opt_ms=0.030,                                       
                    profile/step_ms=254.700,                                    
                    profile/tokens_per_s=1.51e+04,                              
                    profile/fetch_frac=0.291, epoch=0,                          
                    lr/Muon=0.006, lr/AdamW=5.81e-04,                           
                    global_step=280                                             
[04:11:20] INFO     train/confidence_loss=0.249,                  trainer.py:584
                    train/confidence_abs_error=0.123,                           
                    train/confidence_pred_mean=0.179,                           
                    train/confidence_cumprod_bias=-0.029,                       
                    train/loss=0.278, train/ce_loss=0.709,                      
                    train/tv_loss=0.120, train/accept_rate=0.375,               
                    train/accept_len=2.408, train/full_acc=0.409,               
                    train/position_1_acc=0.687,                                 
                    train/position_2_acc=0.494,                                 
                    train/position_3_acc=0.401,                                 
                    train/position_4_acc=0.343,                                 
                    train/position_5_acc=0.334,                                 
                    train/position_6_acc=0.296,                                 
                    train/position_7_acc=0.302,                                 
                    profile/fetch_ms=3.343,                                     
                    profile/fwd_ms=94.435,                                      
                    profile/bwd_ms=166.648, profile/opt_ms=5.022,               
                    profile/step_ms=269.448,                                    
                    profile/tokens_per_s=1.41e+04,                              
                    profile/fetch_frac=0.012, epoch=0,                          
                    lr/Muon=0.006, lr/AdamW=6.00e-04,                           
                    global_step=300                                             
[04:11:44] INFO     train/confidence_loss=0.262,                  trainer.py:584
                    train/confidence_abs_error=0.153,                           
                    train/confidence_pred_mean=0.234,                           
                    train/confidence_cumprod_bias=0.051,                        
                    train/loss=0.328, train/ce_loss=0.956,                      
                    train/tv_loss=0.144, train/accept_rate=0.272,               
                    train/accept_len=1.919, train/full_acc=0.302,               
                    train/position_1_acc=0.573,                                 
                    train/position_2_acc=0.335,                                 
                    train/position_3_acc=0.301,                                 
                    train/position_4_acc=0.247,                                 
                    train/position_5_acc=0.235,                                 
                    train/position_6_acc=0.211,                                 
                    train/position_7_acc=0.213,                                 
                    profile/fetch_ms=68.775,                                    
                    profile/fwd_ms=92.021, profile/bwd_ms=97.549,               
                    profile/opt_ms=257.949,                                     
                    profile/step_ms=516.295,                                    
                    profile/tokens_per_s=7.33e+03,                              
                    profile/fetch_frac=0.133, epoch=0,                          
                    lr/Muon=0.006, lr/AdamW=5.99e-04,                           
                    global_step=320                                             
[04:12:10] INFO     train/confidence_loss=0.238,                  trainer.py:584
                    train/confidence_abs_error=0.116,                           
                    train/confidence_pred_mean=0.157,                           
                    train/confidence_cumprod_bias=-0.042,                       
                    train/loss=0.289, train/ce_loss=0.791,                      
                    train/tv_loss=0.127, train/accept_rate=0.339,               
                    train/accept_len=2.320, train/full_acc=0.372,               
                    train/position_1_acc=0.675,                                 
                    train/position_2_acc=0.443,                                 
                    train/position_3_acc=0.362,                                 
                    train/position_4_acc=0.298,                                 
                    train/position_5_acc=0.309,                                 
                    train/position_6_acc=0.262,                                 
                    train/position_7_acc=0.255,                                 
                    profile/fetch_ms=60.451,                                    
                    profile/fwd_ms=92.421, profile/bwd_ms=91.484,               
                    profile/opt_ms=0.108,                                       
                    profile/step_ms=244.464,                                    
                    profile/tokens_per_s=1.54e+04,                              
                    profile/fetch_frac=0.247, epoch=0,                          
                    lr/Muon=0.006, lr/AdamW=5.99e-04,                           
                    global_step=340                                             
[04:12:35] INFO     train/confidence_loss=0.237,                  trainer.py:584
                    train/confidence_abs_error=0.123,                           
                    train/confidence_pred_mean=0.192,                           
                    train/confidence_cumprod_bias=6.41e-04,                     
                    train/loss=0.295, train/ce_loss=0.825,                      
                    train/tv_loss=0.131, train/accept_rate=0.322,               
                    train/accept_len=2.227, train/full_acc=0.357,               
                    train/position_1_acc=0.660,                                 
                    train/position_2_acc=0.421,                                 
                    train/position_3_acc=0.339,                                 
                    train/position_4_acc=0.300,                                 
                    train/position_5_acc=0.261,                                 
                    train/position_6_acc=0.253,                                 
                    train/position_7_acc=0.261,                                 
                    profile/fetch_ms=3.483,                                     
                    profile/fwd_ms=90.399, profile/bwd_ms=90.697,               
                    profile/opt_ms=0.047,                                       
                    profile/step_ms=184.626,                                    
                    profile/tokens_per_s=2.02e+04,                              
                    profile/fetch_frac=0.019, epoch=0,                          
                    lr/Muon=0.006, lr/AdamW=5.98e-04,                           
                    global_step=360                                             
[04:13:02] INFO     train/confidence_loss=0.231,                  trainer.py:584
                    train/confidence_abs_error=0.126,                           
                    train/confidence_pred_mean=0.218,                           
                    train/confidence_cumprod_bias=0.024,                        
                    train/loss=0.300, train/ce_loss=0.887,                      
                    train/tv_loss=0.133, train/accept_rate=0.320,               
                    train/accept_len=2.228, train/full_acc=0.354,               
                    train/position_1_acc=0.656,                                 
                    train/position_2_acc=0.409,                                 
                    train/position_3_acc=0.317,                                 
                    train/position_4_acc=0.283,                                 
                    train/position_5_acc=0.295,                                 
                    train/position_6_acc=0.272,                                 
                    train/position_7_acc=0.246,                                 
                    profile/fetch_ms=80.064,                                    
                    profile/fwd_ms=99.484, profile/bwd_ms=89.010,               
                    profile/opt_ms=360.269,                                     
                    profile/step_ms=628.826,                                    
                    profile/tokens_per_s=6.16e+03,                              
                    profile/fetch_frac=0.127, epoch=0,                          
                    lr/Muon=0.006, lr/AdamW=5.98e-04,                           
                    global_step=380                                             
[04:13:25] INFO     train/confidence_loss=0.238,                  trainer.py:584
                    train/confidence_abs_error=0.106,                           
                    train/confidence_pred_mean=0.146,                           
                    train/confidence_cumprod_bias=-0.025,                       
                    train/loss=0.302, train/ce_loss=0.850,                      
                    train/tv_loss=0.134, train/accept_rate=0.312,               
                    train/accept_len=2.177, train/full_acc=0.343,               
                    train/position_1_acc=0.630,                                 
                    train/position_2_acc=0.407,                                 
                    train/position_3_acc=0.335,                                 
                    train/position_4_acc=0.288,                                 
                    train/position_5_acc=0.265,                                 
                    train/position_6_acc=0.241,                                 
                    train/position_7_acc=0.232,                                 
                    profile/fetch_ms=72.432,                                    
                    profile/fwd_ms=93.282, profile/bwd_ms=91.471,               
                    profile/opt_ms=0.067,                                       
                    profile/step_ms=257.252,                                    
                    profile/tokens_per_s=1.48e+04,                              
                    profile/fetch_frac=0.282, epoch=0,                          
                    lr/Muon=0.006, lr/AdamW=5.98e-04,                           
                    global_step=400                                             
[04:13:50] INFO     train/confidence_loss=0.254,                  trainer.py:584
                    train/confidence_abs_error=0.137,                           
                    train/confidence_pred_mean=0.224,                           
                    train/confidence_cumprod_bias=0.027,                        
                    train/loss=0.298, train/ce_loss=0.806,                      
                    train/tv_loss=0.129, train/accept_rate=0.329,               
                    train/accept_len=2.201, train/full_acc=0.363,               
                    train/position_1_acc=0.656,                                 
                    train/position_2_acc=0.444,                                 
                    train/position_3_acc=0.350,                                 
                    train/position_4_acc=0.310,                                 
                    train/position_5_acc=0.284,                                 
                    train/position_6_acc=0.262,                                 
                    train/position_7_acc=0.235,                                 
                    profile/fetch_ms=3.103,                                     
                    profile/fwd_ms=112.420,                                     
                    profile/bwd_ms=92.382, profile/opt_ms=0.061,                
                    profile/step_ms=207.965,                                    
                    profile/tokens_per_s=1.73e+04,                              
                    profile/fetch_frac=0.015, epoch=0,                          
                    lr/Muon=0.006, lr/AdamW=5.97e-04,                           
                    global_step=420                                             
[04:14:16] INFO     train/confidence_loss=0.230,                  trainer.py:584
                    train/confidence_abs_error=0.118,                           
                    train/confidence_pred_mean=0.183,                           
                    train/confidence_cumprod_bias=0.006,                        
                    train/loss=0.309, train/ce_loss=0.956,                      
                    train/tv_loss=0.137, train/accept_rate=0.300,               
                    train/accept_len=2.120, train/full_acc=0.338,               
                    train/position_1_acc=0.622,                                 
                    train/position_2_acc=0.395,                                 
                    train/position_3_acc=0.309,                                 
                    train/position_4_acc=0.299,                                 
                    train/position_5_acc=0.261,                                 
                    train/position_6_acc=0.248,                                 
                    train/position_7_acc=0.228,                                 
                    profile/fetch_ms=73.149,                                    
                    profile/fwd_ms=91.008, profile/bwd_ms=93.067,               
                    profile/opt_ms=251.451,                                     
                    profile/step_ms=508.674,                                    
                    profile/tokens_per_s=8.01e+03,                              
                    profile/fetch_frac=0.144, epoch=0,                          
                    lr/Muon=0.006, lr/AdamW=5.97e-04,                           
                    global_step=440                                             
[04:14:41] INFO     train/confidence_loss=0.249,                  trainer.py:584
                    train/confidence_abs_error=0.119,                           
                    train/confidence_pred_mean=0.191,                           
                    train/confidence_cumprod_bias=-0.009,                       
                    train/loss=0.284, train/ce_loss=0.747,                      
                    train/tv_loss=0.122, train/accept_rate=0.357,               
                    train/accept_len=2.402, train/full_acc=0.391,               
                    train/position_1_acc=0.707,                                 
                    train/position_2_acc=0.481,                                 
                    train/position_3_acc=0.387,                                 
                    train/position_4_acc=0.333,                                 
                    train/position_5_acc=0.302,                                 
                    train/position_6_acc=0.282,                                 
                    train/position_7_acc=0.245,                                 
                    profile/fetch_ms=71.990,                                    
                    profile/fwd_ms=108.124,                                     
                    profile/bwd_ms=98.904, profile/opt_ms=0.058,                
                    profile/step_ms=279.077,                                    
                    profile/tokens_per_s=1.43e+04,                              
                    profile/fetch_frac=0.258, epoch=0,                          
                    lr/Muon=0.006, lr/AdamW=5.96e-04,                           
                    global_step=460                                             
[04:15:05] INFO     train/confidence_loss=0.250,                  trainer.py:584
                    train/confidence_abs_error=0.137,                           
                    train/confidence_pred_mean=0.232,                           
                    train/confidence_cumprod_bias=0.022,                        
                    train/loss=0.298, train/ce_loss=0.825,                      
                    train/tv_loss=0.129, train/accept_rate=0.334,               
                    train/accept_len=2.265, train/full_acc=0.370,               
                    train/position_1_acc=0.680,                                 
                    train/position_2_acc=0.417,                                 
                    train/position_3_acc=0.362,                                 
                    train/position_4_acc=0.305,                                 
                    train/position_5_acc=0.322,                                 
                    train/position_6_acc=0.248,                                 
                    train/position_7_acc=0.249,                                 
                    profile/fetch_ms=3.344,                                     
                    profile/fwd_ms=104.993,                                     
                    profile/bwd_ms=123.454, profile/opt_ms=0.036,               
                    profile/step_ms=231.827,                                    
                    profile/tokens_per_s=1.55e+04,                              
                    profile/fetch_frac=0.014, epoch=0,                          
                    lr/Muon=0.006, lr/AdamW=5.96e-04,                           
                    global_step=480                                             
[04:15:31] INFO     train/confidence_loss=0.242,                  trainer.py:584
                    train/confidence_abs_error=0.137,                           
                    train/confidence_pred_mean=0.253,                           
                    train/confidence_cumprod_bias=0.012,                        
                    train/loss=0.264, train/ce_loss=0.662,                      
                    train/tv_loss=0.113, train/accept_rate=0.397,               
                    train/accept_len=2.614, train/full_acc=0.430,               
                    train/position_1_acc=0.763,                                 
                    train/position_2_acc=0.548,                                 
                    train/position_3_acc=0.422,                                 
                    train/position_4_acc=0.369,                                 
                    train/position_5_acc=0.335,                                 
                    train/position_6_acc=0.287,                                 
                    train/position_7_acc=0.279,                                 
                    profile/fetch_ms=75.833,                                    
                    profile/fwd_ms=143.989,                                     
                    profile/bwd_ms=150.688,                                     
                    profile/opt_ms=232.792,                                     
                    profile/step_ms=603.303,                                    
                    profile/tokens_per_s=6.13e+03,                              
                    profile/fetch_frac=0.126, epoch=0,                          
                    lr/Muon=0.006, lr/AdamW=5.96e-04,                           
                    global_step=500                                             
[04:15:56] INFO     train/confidence_loss=0.270,                  trainer.py:584
                    train/confidence_abs_error=0.130,                           
                    train/confidence_pred_mean=0.158,                           
                    train/confidence_cumprod_bias=-0.051,                       
                    train/loss=0.289, train/ce_loss=0.725,                      
                    train/tv_loss=0.120, train/accept_rate=0.366,               
                    train/accept_len=2.369, train/full_acc=0.399,               
                    train/position_1_acc=0.723,                                 
                    train/position_2_acc=0.473,                                 
                    train/position_3_acc=0.392,                                 
                    train/position_4_acc=0.328,                                 
                    train/position_5_acc=0.324,                                 
                    train/position_6_acc=0.252,                                 
                    train/position_7_acc=0.299,                                 
                    profile/fetch_ms=77.873,                                    
                    profile/fwd_ms=119.885,                                     
                    profile/bwd_ms=86.408, profile/opt_ms=0.029,                
                    profile/step_ms=284.196,                                    
                    profile/tokens_per_s=1.35e+04,                              
                    profile/fetch_frac=0.274, epoch=0,                          
                    lr/Muon=0.006, lr/AdamW=5.95e-04,                           
                    global_step=520                                             
[04:16:20] INFO     train/confidence_loss=0.244,                  trainer.py:584
                    train/confidence_abs_error=0.140,                           
                    train/confidence_pred_mean=0.250,                           
                    train/confidence_cumprod_bias=-0.007,                       
                    train/loss=0.266, train/ce_loss=0.678,                      
                    train/tv_loss=0.112, train/accept_rate=0.404,               
                    train/accept_len=2.704, train/full_acc=0.436,               
                    train/position_1_acc=0.742,                                 
                    train/position_2_acc=0.540,                                 
                    train/position_3_acc=0.442,                                 
                    train/position_4_acc=0.373,                                 
                    train/position_5_acc=0.347,                                 
                    train/position_6_acc=0.327,                                 
                    train/position_7_acc=0.277,                                 
                    profile/fetch_ms=3.209,                                     
                    profile/fwd_ms=87.070, profile/bwd_ms=93.710,               
                    profile/opt_ms=0.028,                                       
                    profile/step_ms=184.016,                                    
                    profile/tokens_per_s=2.16e+04,                              
                    profile/fetch_frac=0.017, epoch=0,                          
                    lr/Muon=0.006, lr/AdamW=5.95e-04,                           
                    global_step=540                                             
[04:16:47] INFO     train/confidence_loss=0.248,                  trainer.py:584
                    train/confidence_abs_error=0.132,                           
                    train/confidence_pred_mean=0.212,                           
                    train/confidence_cumprod_bias=0.020,                        
                    train/loss=0.298, train/ce_loss=0.831,                      
                    train/tv_loss=0.130, train/accept_rate=0.323,               
                    train/accept_len=2.190, train/full_acc=0.362,               
                    train/position_1_acc=0.687,                                 
                    train/position_2_acc=0.445,                                 
                    train/position_3_acc=0.352,                                 
                    train/position_4_acc=0.305,                                 
                    train/position_5_acc=0.247,                                 
                    train/position_6_acc=0.257,                                 
                    train/position_7_acc=0.238,                                 
                    profile/fetch_ms=72.956,                                    
                    profile/fwd_ms=89.008, profile/bwd_ms=94.509,               
                    profile/opt_ms=264.733,                                     
                    profile/step_ms=521.207,                                    
                    profile/tokens_per_s=7.54e+03,                              
                    profile/fetch_frac=0.140, epoch=0,                          
                    lr/Muon=0.006, lr/AdamW=5.94e-04,                           
                    global_step=560                                             
[04:17:12] INFO     train/confidence_loss=0.241,                  trainer.py:584
                    train/confidence_abs_error=0.130,                           
                    train/confidence_pred_mean=0.278,                           
                    train/confidence_cumprod_bias=0.037,                        
                    train/loss=0.258, train/ce_loss=0.625,                      
                    train/tv_loss=0.109, train/accept_rate=0.416,               
                    train/accept_len=2.746, train/full_acc=0.450,               
                    train/position_1_acc=0.757,                                 
                    train/position_2_acc=0.538,                                 
                    train/position_3_acc=0.450,                                 
                    train/position_4_acc=0.406,                                 
                    train/position_5_acc=0.333,                                 
                    train/position_6_acc=0.336,                                 
                    train/position_7_acc=0.328,                                 
                    profile/fetch_ms=67.775,                                    
                    profile/fwd_ms=90.510, profile/bwd_ms=90.578,               
                    profile/opt_ms=0.029,                                       
                    profile/step_ms=248.892,                                    
                    profile/tokens_per_s=1.57e+04,                              
                    profile/fetch_frac=0.272, epoch=0,                          
                    lr/Muon=0.006, lr/AdamW=5.94e-04,                           
                    global_step=580                                             
[04:17:37] INFO     train/confidence_loss=0.247,                  trainer.py:584
                    train/confidence_abs_error=0.122,                           
                    train/confidence_pred_mean=0.173,                           
                    train/confidence_cumprod_bias=-0.020,                       
                    train/loss=0.291, train/ce_loss=0.794,                      
                    train/tv_loss=0.123, train/accept_rate=0.355,               
                    train/accept_len=2.318, train/full_acc=0.385,               
                    train/position_1_acc=0.681,                                 
                    train/position_2_acc=0.476,                                 
                    train/position_3_acc=0.381,                                 
                    train/position_4_acc=0.324,                                 
                    train/position_5_acc=0.292,                                 
                    train/position_6_acc=0.279,                                 
                    train/position_7_acc=0.255,                                 
                    profile/fetch_ms=3.341,                                     
                    profile/fwd_ms=88.975, profile/bwd_ms=93.956,               
                    profile/opt_ms=0.045,                                       
                    profile/step_ms=186.317,                                    
                    profile/tokens_per_s=2.05e+04,                              
                    profile/fetch_frac=0.018, epoch=0,                          
                    lr/Muon=0.006, lr/AdamW=5.93e-04,                           
                    global_step=600                                             
[04:18:01] INFO     train/confidence_loss=0.246,                  trainer.py:584
                    train/confidence_abs_error=0.121,                           
                    train/confidence_pred_mean=0.215,                           
                    train/confidence_cumprod_bias=-0.009,                       
                    train/loss=0.259, train/ce_loss=0.616,                      
                    train/tv_loss=0.109, train/accept_rate=0.411,               
                    train/accept_len=2.732, train/full_acc=0.448,               
                    train/position_1_acc=0.782,                                 
                    train/position_2_acc=0.533,                                 
                    train/position_3_acc=0.485,                                 
                    train/position_4_acc=0.369,                                 
                    train/position_5_acc=0.352,                                 
                    train/position_6_acc=0.321,                                 
                    train/position_7_acc=0.288,                                 
                    profile/fetch_ms=79.732,                                    
                    profile/fwd_ms=90.661, profile/bwd_ms=99.502,               
                    profile/opt_ms=336.558,                                     
                    profile/step_ms=606.452,                                    
                    profile/tokens_per_s=6.59e+03,                              
                    profile/fetch_frac=0.131, epoch=0,                          
                    lr/Muon=0.006, lr/AdamW=5.93e-04,                           
                    global_step=620                                             
[04:18:26] INFO     train/confidence_loss=0.248,                  trainer.py:584
                    train/confidence_abs_error=0.136,                           
                    train/confidence_pred_mean=0.268,                           
                    train/confidence_cumprod_bias=0.031,                        
                    train/loss=0.269, train/ce_loss=0.684,                      
                    train/tv_loss=0.114, train/accept_rate=0.400,               
                    train/accept_len=2.605, train/full_acc=0.435,               
                    train/position_1_acc=0.728,                                 
                    train/position_2_acc=0.536,                                 
                    train/position_3_acc=0.428,                                 
                    train/position_4_acc=0.373,                                 
                    train/position_5_acc=0.330,                                 
                    train/position_6_acc=0.343,                                 
                    train/position_7_acc=0.304,                                 
                    profile/fetch_ms=72.534,                                    
                    profile/fwd_ms=121.678,                                     
                    profile/bwd_ms=87.466, profile/opt_ms=0.060,                
                    profile/step_ms=281.739,                                    
                    profile/tokens_per_s=1.36e+04,                              
                    profile/fetch_frac=0.257, epoch=0,                          
                    lr/Muon=0.006, lr/AdamW=5.93e-04,                           
                    global_step=640                                             
[04:18:51] INFO     train/confidence_loss=0.238,                  trainer.py:584
                    train/confidence_abs_error=0.118,                           
                    train/confidence_pred_mean=0.182,                           
                    train/confidence_cumprod_bias=-0.025,                       
                    train/loss=0.286, train/ce_loss=0.787,                      
                    train/tv_loss=0.123, train/accept_rate=0.364,               
                    train/accept_len=2.374, train/full_acc=0.391,               
                    train/position_1_acc=0.656,                                 
                    train/position_2_acc=0.463,                                 
                    train/position_3_acc=0.378,                                 
                    train/position_4_acc=0.343,                                 
                    train/position_5_acc=0.318,                                 
                    train/position_6_acc=0.293,                                 
                    train/position_7_acc=0.282,                                 
                    profile/fetch_ms=26.746,                                    
                    profile/fwd_ms=94.074, profile/bwd_ms=93.159,               
                    profile/opt_ms=0.049,                                       
                    profile/step_ms=214.029,                                    
                    profile/tokens_per_s=1.86e+04,                              
                    profile/fetch_frac=0.125, epoch=0,                          
                    lr/Muon=0.006, lr/AdamW=5.92e-04,                           
                    global_step=660                                             
[04:19:16] INFO     train/confidence_loss=0.248,                  trainer.py:584
                    train/confidence_abs_error=0.117,                           
                    train/confidence_pred_mean=0.189,                           
                    train/confidence_cumprod_bias=-0.031,                       
                    train/loss=0.267, train/ce_loss=0.653,                      
                    train/tv_loss=0.113, train/accept_rate=0.396,               
                    train/accept_len=2.569, train/full_acc=0.431,               
                    train/position_1_acc=0.733,                                 
                    train/position_2_acc=0.530,                                 
                    train/position_3_acc=0.411,                                 
                    train/position_4_acc=0.378,                                 
                    train/position_5_acc=0.334,                                 
                    train/position_6_acc=0.343,                                 
                    train/position_7_acc=0.287,                                 
                    profile/fetch_ms=74.148,                                    
                    profile/fwd_ms=103.581,                                     
                    profile/bwd_ms=93.460,                                      
                    profile/opt_ms=249.878,                                     
                    profile/step_ms=521.067,                                    
                    profile/tokens_per_s=7.46e+03,                              
                    profile/fetch_frac=0.142, epoch=0,                          
                    lr/Muon=0.006, lr/AdamW=5.92e-04,                           
                    global_step=680                                             
[04:19:41] INFO     train/confidence_loss=0.235,                  trainer.py:584
                    train/confidence_abs_error=0.126,                           
                    train/confidence_pred_mean=0.221,                           
                    train/confidence_cumprod_bias=0.004,                        
                    train/loss=0.283, train/ce_loss=0.794,                      
                    train/tv_loss=0.122, train/accept_rate=0.362,               
                    train/accept_len=2.435, train/full_acc=0.395,               
                    train/position_1_acc=0.696,                                 
                    train/position_2_acc=0.470,                                 
                    train/position_3_acc=0.373,                                 
                    train/position_4_acc=0.344,                                 
                    train/position_5_acc=0.320,                                 
                    train/position_6_acc=0.291,                                 
                    train/position_7_acc=0.267,                                 
                    profile/fetch_ms=64.947,                                    
                    profile/fwd_ms=127.143,                                     
                    profile/bwd_ms=85.426, profile/opt_ms=0.032,                
                    profile/step_ms=277.548,                                    
                    profile/tokens_per_s=1.45e+04,                              
                    profile/fetch_frac=0.234, epoch=0,                          
                    lr/Muon=0.006, lr/AdamW=5.91e-04,                           
                    global_step=700                                             
[04:20:07] INFO     train/confidence_loss=0.237,                  trainer.py:584
                    train/confidence_abs_error=0.124,                           
                    train/confidence_pred_mean=0.222,                           
                    train/confidence_cumprod_bias=-0.040,                       
                    train/loss=0.250, train/ce_loss=0.619,                      
                    train/tv_loss=0.104, train/accept_rate=0.436,               
                    train/accept_len=2.907, train/full_acc=0.469,               
                    train/position_1_acc=0.810,                                 
                    train/position_2_acc=0.578,                                 
                    train/position_3_acc=0.455,                                 
                    train/position_4_acc=0.397,                                 
                    train/position_5_acc=0.351,                                 
                    train/position_6_acc=0.363,                                 
                    train/position_7_acc=0.326,                                 
                    profile/fetch_ms=3.455,                                     
                    profile/fwd_ms=89.362, profile/bwd_ms=92.067,               
                    profile/opt_ms=0.040,                                       
                    profile/step_ms=184.924,                                    
                    profile/tokens_per_s=2.17e+04,                              
                    profile/fetch_frac=0.019, epoch=0,                          
                    lr/Muon=0.006, lr/AdamW=5.91e-04,                           
                    global_step=720                                             
[04:20:33] INFO     train/confidence_loss=0.262,                  trainer.py:584
                    train/confidence_abs_error=0.133,                           
                    train/confidence_pred_mean=0.203,                           
                    train/confidence_cumprod_bias=-0.056,                       
                    train/loss=0.253, train/ce_loss=0.572,                      
                    train/tv_loss=0.100, train/accept_rate=0.456,               
                    train/accept_len=2.887, train/full_acc=0.495,               
                    train/position_1_acc=0.795,                                 
                    train/position_2_acc=0.601,                                 
                    train/position_3_acc=0.488,                                 
                    train/position_4_acc=0.439,                                 
                    train/position_5_acc=0.399,                                 
                    train/position_6_acc=0.372,                                 
                    train/position_7_acc=0.366,                                 
                    profile/fetch_ms=72.824,                                    
                    profile/fwd_ms=87.223, profile/bwd_ms=95.967,               
                    profile/opt_ms=225.163,                                     
                    profile/step_ms=481.177,                                    
                    profile/tokens_per_s=7.02e+03,                              
                    profile/fetch_frac=0.151, epoch=0,                          
                    lr/Muon=0.006, lr/AdamW=5.91e-04,                           
                    global_step=740                                             
[04:20:58] INFO     train/confidence_loss=0.256,                  trainer.py:584
                    train/confidence_abs_error=0.125,                           
                    train/confidence_pred_mean=0.192,                           
                    train/confidence_cumprod_bias=-0.028,                       
                    train/loss=0.273, train/ce_loss=0.684,                      
                    train/tv_loss=0.114, train/accept_rate=0.394,               
                    train/accept_len=2.539, train/full_acc=0.425,               
                    train/position_1_acc=0.746,                                 
                    train/position_2_acc=0.518,                                 
                    train/position_3_acc=0.394,                                 
                    train/position_4_acc=0.376,                                 
                    train/position_5_acc=0.363,                                 
                    train/position_6_acc=0.305,                                 
                    train/position_7_acc=0.274,                                 
                    profile/fetch_ms=75.586,                                    
                    profile/fwd_ms=153.651,                                     
                    profile/bwd_ms=98.484, profile/opt_ms=0.026,                
                    profile/step_ms=327.747,                                    
                    profile/tokens_per_s=1.17e+04,                              
                    profile/fetch_frac=0.231, epoch=0,                          
                    lr/Muon=0.006, lr/AdamW=5.90e-04,                           
                    global_step=760                                             
[04:21:23] INFO     train/confidence_loss=0.242,                  trainer.py:584
                    train/confidence_abs_error=0.127,                           
                    train/confidence_pred_mean=0.234,                           
                    train/confidence_cumprod_bias=0.027,                        
                    train/loss=0.287, train/ce_loss=0.791,                      
                    train/tv_loss=0.124, train/accept_rate=0.351,               
                    train/accept_len=2.444, train/full_acc=0.382,               
                    train/position_1_acc=0.716,                                 
                    train/position_2_acc=0.446,                                 
                    train/position_3_acc=0.367,                                 
                    train/position_4_acc=0.320,                                 
                    train/position_5_acc=0.280,                                 
                    train/position_6_acc=0.268,                                 
                    train/position_7_acc=0.270,                                 
                    profile/fetch_ms=42.357,                                    
                    profile/fwd_ms=122.303,                                     
                    profile/bwd_ms=97.047, profile/opt_ms=0.036,                
                    profile/step_ms=261.744,                                    
                    profile/tokens_per_s=1.50e+04,                              
                    profile/fetch_frac=0.162, epoch=0,                          
                    lr/Muon=0.006, lr/AdamW=5.90e-04,                           
                    global_step=780                                             
[04:21:49] INFO     train/confidence_loss=0.244,                  trainer.py:584
                    train/confidence_abs_error=0.129,                           
                    train/confidence_pred_mean=0.277,                           
                    train/confidence_cumprod_bias=0.042,                        
                    train/loss=0.258, train/ce_loss=0.631,                      
                    train/tv_loss=0.107, train/accept_rate=0.426,               
                    train/accept_len=2.790, train/full_acc=0.456,               
                    train/position_1_acc=0.779,                                 
                    train/position_2_acc=0.570,                                 
                    train/position_3_acc=0.433,                                 
                    train/position_4_acc=0.400,                                 
                    train/position_5_acc=0.357,                                 
                    train/position_6_acc=0.345,                                 
                    train/position_7_acc=0.305,                                 
                    profile/fetch_ms=71.281,                                    
                    profile/fwd_ms=89.896, profile/bwd_ms=92.098,               
                    profile/opt_ms=281.758,                                     
                    profile/step_ms=535.033,                                    
                    profile/tokens_per_s=7.50e+03,                              
                    profile/fetch_frac=0.133, epoch=0,                          
                    lr/Muon=0.006, lr/AdamW=5.89e-04,                           
                    global_step=800                                             
[04:22:14] INFO     train/confidence_loss=0.262,                  trainer.py:584
                    train/confidence_abs_error=0.122,                           
                    train/confidence_pred_mean=0.188,                           
                    train/confidence_cumprod_bias=-0.025,                       
                    train/loss=0.278, train/ce_loss=0.691,                      
                    train/tv_loss=0.114, train/accept_rate=0.398,               
                    train/accept_len=2.553, train/full_acc=0.431,               
                    train/position_1_acc=0.743,                                 
                    train/position_2_acc=0.513,                                 
                    train/position_3_acc=0.435,                                 
                    train/position_4_acc=0.363,                                 
                    train/position_5_acc=0.337,                                 
                    train/position_6_acc=0.329,                                 
                    train/position_7_acc=0.296,                                 
                    profile/fetch_ms=66.586,                                    
                    profile/fwd_ms=104.091,                                     
                    profile/bwd_ms=93.164, profile/opt_ms=0.031,                
                    profile/step_ms=263.872,                                    
                    profile/tokens_per_s=1.38e+04,                              
                    profile/fetch_frac=0.252, epoch=0,                          
                    lr/Muon=0.006, lr/AdamW=5.89e-04,                           
                    global_step=820                                             
[04:22:40] INFO     train/confidence_loss=0.242,                  trainer.py:584
                    train/confidence_abs_error=0.130,                           
                    train/confidence_pred_mean=0.260,                           
                    train/confidence_cumprod_bias=0.023,                        
                    train/loss=0.263, train/ce_loss=0.641,                      
                    train/tv_loss=0.111, train/accept_rate=0.401,               
                    train/accept_len=2.679, train/full_acc=0.434,               
                    train/position_1_acc=0.800,                                 
                    train/position_2_acc=0.498,                                 
                    train/position_3_acc=0.418,                                 
                    train/position_4_acc=0.356,                                 
                    train/position_5_acc=0.332,                                 
                    train/position_6_acc=0.324,                                 
                    train/position_7_acc=0.309,                                 
                    profile/fetch_ms=3.469,                                     
                    profile/fwd_ms=114.993,                                     
                    profile/bwd_ms=85.684, profile/opt_ms=0.045,                
                    profile/step_ms=204.190,                                    
                    profile/tokens_per_s=1.65e+04,                              
                    profile/fetch_frac=0.017, epoch=0,                          
                    lr/Muon=0.006, lr/AdamW=5.88e-04,                           
                    global_step=840                                             
[04:23:05] INFO     train/confidence_loss=0.232,                  trainer.py:584
                    train/confidence_abs_error=0.123,                           
                    train/confidence_pred_mean=0.243,                           
                    train/confidence_cumprod_bias=-0.023,                       
                    train/loss=0.241, train/ce_loss=0.581,                      
                    train/tv_loss=0.101, train/accept_rate=0.450,               
                    train/accept_len=2.959, train/full_acc=0.482,               
                    train/position_1_acc=0.793,                                 
                    train/position_2_acc=0.616,                                 
                    train/position_3_acc=0.498,                                 
                    train/position_4_acc=0.418,                                 
                    train/position_5_acc=0.369,                                 
                    train/position_6_acc=0.341,                                 
                    train/position_7_acc=0.336,                                 
                    profile/fetch_ms=74.046,                                    
                    profile/fwd_ms=90.618, profile/bwd_ms=94.852,               
                    profile/opt_ms=246.802,                                     
                    profile/step_ms=506.318,                                    
                    profile/tokens_per_s=7.88e+03,                              
                    profile/fetch_frac=0.146, epoch=0,                          
                    lr/Muon=0.006, lr/AdamW=5.88e-04,                           
                    global_step=860                                             
[04:23:30] INFO     train/confidence_loss=0.245,                  trainer.py:584
                    train/confidence_abs_error=0.130,                           
                    train/confidence_pred_mean=0.271,                           
                    train/confidence_cumprod_bias=0.034,                        
                    train/loss=0.263, train/ce_loss=0.662,                      
                    train/tv_loss=0.109, train/accept_rate=0.415,               
                    train/accept_len=2.711, train/full_acc=0.446,               
                    train/position_1_acc=0.776,                                 
                    train/position_2_acc=0.539,                                 
                    train/position_3_acc=0.439,                                 
                    train/position_4_acc=0.388,                                 
                    train/position_5_acc=0.341,                                 
                    train/position_6_acc=0.335,                                 
                    train/position_7_acc=0.300,                                 
                    profile/fetch_ms=75.629,                                    
                    profile/fwd_ms=90.894, profile/bwd_ms=93.180,               
                    profile/opt_ms=0.068,                                       
                    profile/step_ms=259.771,                                    
                    profile/tokens_per_s=1.54e+04,                              
                    profile/fetch_frac=0.291, epoch=0,                          
                    lr/Muon=0.006, lr/AdamW=5.88e-04,                           
                    global_step=880                                             
[04:23:54] INFO     train/confidence_loss=0.244,                  trainer.py:584
                    train/confidence_abs_error=0.121,                           
                    train/confidence_pred_mean=0.196,                           
                    train/confidence_cumprod_bias=-0.022,                       
                    train/loss=0.275, train/ce_loss=0.738,                      
                    train/tv_loss=0.115, train/accept_rate=0.397,               
                    train/accept_len=2.543, train/full_acc=0.430,               
                    train/position_1_acc=0.721,                                 
                    train/position_2_acc=0.501,                                 
                    train/position_3_acc=0.439,                                 
                    train/position_4_acc=0.370,                                 
                    train/position_5_acc=0.338,                                 
                    train/position_6_acc=0.328,                                 
                    train/position_7_acc=0.306,                                 
                    profile/fetch_ms=29.209,                                    
                    profile/fwd_ms=134.362,                                     
                    profile/bwd_ms=86.150, profile/opt_ms=0.035,                
                    profile/step_ms=249.756,                                    
                    profile/tokens_per_s=1.52e+04,                              
                    profile/fetch_frac=0.117, epoch=0,                          
                    lr/Muon=0.006, lr/AdamW=5.87e-04,                           
                    global_step=900                                             
[04:24:18] INFO     train/confidence_loss=0.262,                  trainer.py:584
                    train/confidence_abs_error=0.123,                           
                    train/confidence_pred_mean=0.191,                           
                    train/confidence_cumprod_bias=-0.043,                       
                    train/loss=0.269, train/ce_loss=0.644,                      
                    train/tv_loss=0.111, train/accept_rate=0.412,               
                    train/accept_len=2.647, train/full_acc=0.441,               
                    train/position_1_acc=0.775,                                 
                    train/position_2_acc=0.524,                                 
                    train/position_3_acc=0.400,                                 
                    train/position_4_acc=0.382,                                 
                    train/position_5_acc=0.354,                                 
                    train/position_6_acc=0.346,                                 
                    train/position_7_acc=0.304,                                 
                    profile/fetch_ms=74.095,                                    
                    profile/fwd_ms=90.097, profile/bwd_ms=93.009,               
                    profile/opt_ms=276.246,                                     
                    profile/step_ms=533.447,                                    
                    profile/tokens_per_s=6.91e+03,                              
                    profile/fetch_frac=0.139, epoch=0,                          
                    lr/Muon=0.006, lr/AdamW=5.87e-04,                           
                    global_step=920                                             
[04:24:43] INFO     train/confidence_loss=0.252,                  trainer.py:584
                    train/confidence_abs_error=0.132,                           
                    train/confidence_pred_mean=0.277,                           
                    train/confidence_cumprod_bias=0.032,                        
                    train/loss=0.259, train/ce_loss=0.622,                      
                    train/tv_loss=0.107, train/accept_rate=0.428,               
                    train/accept_len=2.767, train/full_acc=0.457,               
                    train/position_1_acc=0.761,                                 
                    train/position_2_acc=0.546,                                 
                    train/position_3_acc=0.447,                                 
                    train/position_4_acc=0.417,                                 
                    train/position_5_acc=0.387,                                 
                    train/position_6_acc=0.302,                                 
                    train/position_7_acc=0.337,                                 
                    profile/fetch_ms=68.306,                                    
                    profile/fwd_ms=341.549,                                     
                    profile/bwd_ms=89.936, profile/opt_ms=0.033,                
                    profile/step_ms=499.824,                                    
                    profile/tokens_per_s=7.65e+03,                              
                    profile/fetch_frac=0.137, epoch=0,                          
                    lr/Muon=0.006, lr/AdamW=5.86e-04,                           
                    global_step=940                                             
[04:25:08] INFO     train/confidence_loss=0.250,                  trainer.py:584
                    train/confidence_abs_error=0.120,                           
                    train/confidence_pred_mean=0.200,                           
                    train/confidence_cumprod_bias=-0.035,                       
                    train/loss=0.266, train/ce_loss=0.650,                      
                    train/tv_loss=0.111, train/accept_rate=0.408,               
                    train/accept_len=2.698, train/full_acc=0.439,               
                    train/position_1_acc=0.754,                                 
                    train/position_2_acc=0.531,                                 
                    train/position_3_acc=0.433,                                 
                    train/position_4_acc=0.394,                                 
                    train/position_5_acc=0.345,                                 
                    train/position_6_acc=0.323,                                 
                    train/position_7_acc=0.291,                                 
                    profile/fetch_ms=3.284,                                     
                    profile/fwd_ms=929.063,                                     
                    profile/bwd_ms=90.680, profile/opt_ms=0.042,                
                    profile/step_ms=1.02e+03,                                   
                    profile/tokens_per_s=3.88e+03,                              
                    profile/fetch_frac=0.003, epoch=0,                          
                    lr/Muon=0.006, lr/AdamW=5.86e-04,                           
                    global_step=960                                             
[04:25:34] INFO     train/confidence_loss=0.241,                  trainer.py:584
                    train/confidence_abs_error=0.131,                           
                    train/confidence_pred_mean=0.242,                           
                    train/confidence_cumprod_bias=-0.040,                       
                    train/loss=0.237, train/ce_loss=0.547,                      
                    train/tv_loss=0.096, train/accept_rate=0.474,               
                    train/accept_len=3.103, train/full_acc=0.510,               
                    train/position_1_acc=0.826,                                 
                    train/position_2_acc=0.627,                                 
                    train/position_3_acc=0.516,                                 
                    train/position_4_acc=0.417,                                 
                    train/position_5_acc=0.415,                                 
                    train/position_6_acc=0.402,                                 
                    train/position_7_acc=0.366,                                 
                    profile/fetch_ms=71.569,                                    
                    profile/fwd_ms=2.17e+03,                                    
                    profile/bwd_ms=130.161,                                     
                    profile/opt_ms=275.826,                                     
                    profile/step_ms=2.65e+03,                                   
                    profile/tokens_per_s=1.50e+03,                              
                    profile/fetch_frac=0.027, epoch=0,                          
                    lr/Muon=0.006, lr/AdamW=5.85e-04,                           
                    global_step=980                                             
[04:25:57] INFO     DL_MAX_STEPS=1000 reached (local_step=1001);  trainer.py:484
                    stopping epoch early.                                       
Epoch 0   3% ╸                      1,000/28,909  [ 0:21:04 < 9:24:52 , 1 it/s ]
           INFO     Dropped a partial accumulation window of 1    trainer.py:626
                    micro-batches at epoch end (not stepped;                    
                    accum=3).                                                   
           INFO     Training epoch 1/1 completed                  trainer.py:736
           INFO     DL_MAX_STEPS reached — exiting after this     trainer.py:739
                    epoch (skipping checkpoint/validation).                     
[04:25:59] INFO     Destroyed distributed process group       distributed.py:182
[04:25:59] INFO     Destroyed distributed process group       distributed.py:182
[04:25:59] INFO     Destroyed distributed process group       distributed.py:182
[04:26:01] INFO     Destroyed distributed process group       distributed.py:182
