t,kind,rank,worker,pid,index,wall_ms,cpu_ms,ok,n_in,seq_len,global_step,epoch,local_step,load_ms,t_batch,t_fwd,t_bwd,t_opt,t_end
1789038318.4714,load,3,-1,28343,,,,,,,0.0,0.0,1.0,3091.992,,,,,
1789038320.21,load,3,-1,28343,,,,,,,1.0,0.0,2.0,0.232,,,,,
1789038321.6568,load,3,-1,28343,,,,,,,2.0,0.0,3.0,1322.056,,,,,
1789038322.4287,load,3,-1,28343,,,,,,,3.0,0.0,4.0,0.12,,,,,
1789038324.1659,load,3,-1,28343,,,,,,,4.0,0.0,5.0,1616.24,,,,,
1789038324.2804,load,3,-1,28343,,,,,,,5.0,0.0,6.0,0.133,,,,,
1789038326.5414,load,3,-1,28343,,,,,,,6.0,0.0,7.0,1732.797,,,,,
1789038326.6546,load,3,-1,28343,,,,,,,7.0,0.0,8.0,0.098,,,,,
1789038328.9236,load,3,-1,28343,,,,,,,8.0,0.0,9.0,2089.989,,,,,
1789038329.275,load,3,-1,28343,,,,,,,9.0,0.0,10.0,0.097,,,,,
1789038330.9402,load,3,-1,28343,,,,,,,10.0,0.0,11.0,1554.182,,,,,
1789038331.0499,load,3,-1,28343,,,,,,,11.0,0.0,12.0,0.113,,,,,
1789038333.2882,load,3,-1,28343,,,,,,,12.0,0.0,13.0,1811.81,,,,,
1789038333.4011,load,3,-1,28343,,,,,,,13.0,0.0,14.0,0.107,,,,,
1789038335.8508,load,3,-1,28343,,,,,,,14.0,0.0,15.0,2269.291,,,,,
1789038336.1931,load,3,-1,28343,,,,,,,15.0,0.0,16.0,0.08,,,,,
1789038338.443,load,3,-1,28343,,,,,,,16.0,0.0,17.0,2106.977,,,,,
1789038338.5541,load,3,-1,28343,,,,,,,17.0,0.0,18.0,0.09,,,,,
1789038340.7362,load,3,-1,28343,,,,,,,18.0,0.0,19.0,1767.746,,,,,
1789038341.1153,load,3,-1,28343,,,,,,,19.0,0.0,20.0,267.204,,,,,
1789038342.8639,load,3,-1,28343,,,,,,,20.0,0.0,21.0,1637.295,,,,,
1789038343.9106,load,3,-1,28343,,,,,,,21.0,0.0,22.0,629.209,,,,,
1789038345.3041,load,3,-1,28343,,,,,,,22.0,0.0,23.0,1283.33,,,,,
1789038346.2791,load,3,-1,28343,,,,,,,23.0,0.0,24.0,861.541,,,,,
1789038347.5874,load,3,-1,28343,,,,,,,24.0,0.0,25.0,976.322,,,,,
1789038348.108,load,3,-1,28343,,,,,,,25.0,0.0,26.0,409.99,,,,,
1789038350.3316,load,3,-1,28343,,,,,,,26.0,0.0,27.0,2113.51,,,,,
1789038350.8322,load,3,-1,28343,,,,,,,27.0,0.0,28.0,156.834,,,,,
1789038352.9265,load,3,-1,28343,,,,,,,28.0,0.0,29.0,1984.008,,,,,
1789038353.8639,load,3,-1,28343,,,,,,,29.0,0.0,30.0,826.389,,,,,
1789038355.0181,load,3,-1,28343,,,,,,,30.0,0.0,31.0,813.922,,,,,
1789038356.2712,load,3,-1,28343,,,,,,,31.0,0.0,32.0,1142.539,,,,,
1789038357.8145,load,3,-1,28343,,,,,,,32.0,0.0,33.0,1422.608,,,,,
1789038359.5513,load,3,-1,28343,,,,,,,33.0,0.0,34.0,1393.502,,,,,
1789038359.8627,load,3,-1,28343,,,,,,,34.0,0.0,35.0,201.191,,,,,
1789038362.157,load,3,-1,28343,,,,,,,35.0,0.0,36.0,2183.257,,,,,
1789038362.4999,load,3,-1,28343,,,,,,,36.0,0.0,37.0,0.078,,,,,
1789038363.9509,load,3,-1,28343,,,,,,,37.0,0.0,38.0,1283.195,,,,,
1789038364.0644,load,3,-1,28343,,,,,,,38.0,0.0,39.0,0.1,,,,,
1789038366.7049,load,3,-1,28343,,,,,,,39.0,0.0,40.0,2214.488,,,,,
1789038366.8228,load,3,-1,28343,,,,,,,40.0,0.0,41.0,0.109,,,,,
1789038369.0018,load,3,-1,28343,,,,,,,41.0,0.0,42.0,1925.411,,,,,
1789038369.5908,load,3,-1,28343,,,,,,,42.0,0.0,43.0,219.322,,,,,
1789038371.096,load,3,-1,28343,,,,,,,43.0,0.0,44.0,1395.586,,,,,
1789038372.1206,load,3,-1,28343,,,,,,,44.0,0.0,45.0,912.679,,,,,
1789038373.6337,load,3,-1,28343,,,,,,,45.0,0.0,46.0,1173.681,,,,,
1789038374.2264,load,3,-1,28343,,,,,,,46.0,0.0,47.0,479.849,,,,,
1789038376.1345,load,3,-1,28343,,,,,,,47.0,0.0,48.0,1797.834,,,,,
1789038376.4776,load,3,-1,28343,,,,,,,48.0,0.0,49.0,0.079,,,,,
1789038378.6713,load,3,-1,28343,,,,,,,49.0,0.0,50.0,2034.251,,,,,
1789038378.784,load,3,-1,28343,,,,,,,50.0,0.0,51.0,0.092,,,,,
1789038381.3963,load,3,-1,28343,,,,,,,51.0,0.0,52.0,2194.275,,,,,
1789038381.5072,load,3,-1,28343,,,,,,,52.0,0.0,53.0,0.094,,,,,
1789038384.3419,load,3,-1,28343,,,,,,,53.0,0.0,54.0,2651.364,,,,,
1789038384.6822,load,3,-1,28343,,,,,,,54.0,0.0,55.0,0.074,,,,,
1789038386.3765,load,3,-1,28343,,,,,,,55.0,0.0,56.0,1553.694,,,,,
1789038386.4904,load,3,-1,28343,,,,,,,56.0,0.0,57.0,0.105,,,,,
1789038389.1049,load,3,-1,28343,,,,,,,57.0,0.0,58.0,2159.641,,,,,
1789038389.2491,load,3,-1,28343,,,,,,,58.0,0.0,59.0,0.095,,,,,
1789038391.2842,load,3,-1,28343,,,,,,,59.0,0.0,60.0,1853.413,,,,,
1789038391.628,load,3,-1,28343,,,,,,,60.0,0.0,61.0,0.105,,,,,
1789038393.6119,load,3,-1,28343,,,,,,,61.0,0.0,62.0,1739.891,,,,,
1789038393.723,load,3,-1,28343,,,,,,,62.0,0.0,63.0,0.093,,,,,
1789038396.2722,load,3,-1,28343,,,,,,,63.0,0.0,64.0,2135.84,,,,,
1789038396.3846,load,3,-1,28343,,,,,,,64.0,0.0,65.0,0.109,,,,,
1789038398.1168,load,3,-1,28343,,,,,,,65.0,0.0,66.0,1549.087,,,,,
1789038399.5338,load,3,-1,28343,,,,,,,66.0,0.0,67.0,1075.379,,,,,
1789038400.2049,load,3,-1,28343,,,,,,,67.0,0.0,68.0,559.332,,,,,
1789038402.0508,load,3,-1,28343,,,,,,,68.0,0.0,69.0,1734.431,,,,,
1789038402.4429,load,3,-1,28343,,,,,,,69.0,0.0,70.0,0.094,,,,,
1789038404.021,load,3,-1,28343,,,,,,,70.0,0.0,71.0,1467.152,,,,,
1789038404.8127,load,3,-1,28343,,,,,,,71.0,0.0,72.0,679.651,,,,,
1789038406.5616,load,3,-1,28343,,,,,,,72.0,0.0,73.0,1408.807,,,,,
1789038407.5793,load,3,-1,28343,,,,,,,73.0,0.0,74.0,907.353,,,,,
1789038408.7754,load,3,-1,28343,,,,,,,74.0,0.0,75.0,1085.817,,,,,
1789038409.4226,load,3,-1,28343,,,,,,,75.0,0.0,76.0,310.387,,,,,
1789038411.2696,load,3,-1,28343,,,,,,,76.0,0.0,77.0,1737.378,,,,,
1789038411.8832,load,3,-1,28343,,,,,,,77.0,0.0,78.0,498.92,,,,,
1789038413.2379,load,3,-1,28343,,,,,,,78.0,0.0,79.0,1006.743,,,,,
1789038414.1859,load,3,-1,28343,,,,,,,79.0,0.0,80.0,837.334,,,,,
1789038415.8281,load,3,-1,28343,,,,,,,80.0,0.0,81.0,1529.84,,,,,
1789038416.309,load,3,-1,28343,,,,,,,81.0,0.0,82.0,0.189,,,,,
1789038418.7286,load,3,-1,28343,,,,,,,82.0,0.0,83.0,2255.715,,,,,
1789038418.841,load,3,-1,28343,,,,,,,83.0,0.0,84.0,0.085,,,,,
1789038421.1284,load,3,-1,28343,,,,,,,84.0,0.0,85.0,1874.832,,,,,
1789038421.2424,load,3,-1,28343,,,,,,,85.0,0.0,86.0,0.087,,,,,
1789038423.6356,load,3,-1,28343,,,,,,,86.0,0.0,87.0,2208.516,,,,,
1789038423.9852,load,3,-1,28343,,,,,,,87.0,0.0,88.0,0.08,,,,,
1789038425.4793,load,3,-1,28343,,,,,,,88.0,0.0,89.0,1346.304,,,,,
1789038425.5906,load,3,-1,28343,,,,,,,89.0,0.0,90.0,0.087,,,,,
1789038427.8354,load,3,-1,28343,,,,,,,90.0,0.0,91.0,1830.65,,,,,
1789038427.9503,load,3,-1,28343,,,,,,,91.0,0.0,92.0,0.093,,,,,
1789038430.0993,load,3,-1,28343,,,,,,,92.0,0.0,93.0,1936.214,,,,,
1789038430.4652,load,3,-1,28343,,,,,,,93.0,0.0,94.0,0.087,,,,,
1789038432.3247,load,3,-1,28343,,,,,,,94.0,0.0,95.0,1633.793,,,,,
1789038432.4362,load,3,-1,28343,,,,,,,95.0,0.0,96.0,0.125,,,,,
1789038435.3681,load,3,-1,28343,,,,,,,96.0,0.0,97.0,2512.237,,,,,
1789038435.4793,load,3,-1,28343,,,,,,,97.0,0.0,98.0,0.102,,,,,
1789038438.2022,load,3,-1,28343,,,,,,,98.0,0.0,99.0,2540.58,,,,,
1789038438.5469,load,3,-1,28343,,,,,,,99.0,0.0,100.0,0.072,,,,,
1789038440.9372,load,3,-1,28343,,,,,,,100.0,0.0,101.0,2255.647,,,,,
1789038441.1273,load,3,-1,28343,,,,,,,101.0,0.0,102.0,0.111,,,,,
1789038443.6156,load,3,-1,28343,,,,,,,102.0,0.0,103.0,2110.135,,,,,
1789038443.7262,load,3,-1,28343,,,,,,,103.0,0.0,104.0,0.091,,,,,
1789038445.8936,load,3,-1,28343,,,,,,,104.0,0.0,105.0,1984.599,,,,,
1789038446.282,load,3,-1,28343,,,,,,,105.0,0.0,106.0,0.334,,,,,
1789038448.1715,load,3,-1,28343,,,,,,,106.0,0.0,107.0,1759.0,,,,,
1789038448.2846,load,3,-1,28343,,,,,,,107.0,0.0,108.0,0.138,,,,,
1789038450.4758,load,3,-1,28343,,,,,,,108.0,0.0,109.0,1747.064,,,,,
1789038450.6133,load,3,-1,28343,,,,,,,109.0,0.0,110.0,0.122,,,,,
1789038453.8158,load,3,-1,28343,,,,,,,110.0,0.0,111.0,3022.835,,,,,
1789038454.1545,load,3,-1,28343,,,,,,,111.0,0.0,112.0,0.111,,,,,
1789038455.8323,load,3,-1,28343,,,,,,,112.0,0.0,113.0,1533.235,,,,,
1789038455.9443,load,3,-1,28343,,,,,,,113.0,0.0,114.0,0.13,,,,,
1789038458.484,load,3,-1,28343,,,,,,,114.0,0.0,115.0,2041.137,,,,,
1789038458.596,load,3,-1,28343,,,,,,,115.0,0.0,116.0,0.093,,,,,
1789038460.6303,load,3,-1,28343,,,,,,,116.0,0.0,117.0,1844.704,,,,,
1789038460.9662,load,3,-1,28343,,,,,,,117.0,0.0,118.0,0.076,,,,,
1789038463.3241,load,3,-1,28343,,,,,,,118.0,0.0,119.0,2235.6,,,,,
1789038463.4336,load,3,-1,28343,,,,,,,119.0,0.0,120.0,0.082,,,,,
1789038465.7634,load,3,-1,28343,,,,,,,120.0,0.0,121.0,1881.258,,,,,
1789038465.9579,load,3,-1,28343,,,,,,,121.0,0.0,122.0,0.102,,,,,
1789038468.3532,load,3,-1,28343,,,,,,,122.0,0.0,123.0,2281.381,,,,,
1789038468.6963,load,3,-1,28343,,,,,,,123.0,0.0,124.0,0.095,,,,,
1789038470.7752,load,3,-1,28343,,,,,,,124.0,0.0,125.0,1939.937,,,,,
1789038470.8926,load,3,-1,28343,,,,,,,125.0,0.0,126.0,0.098,,,,,
1789038473.3471,load,3,-1,28343,,,,,,,126.0,0.0,127.0,2019.026,,,,,
1789038473.4813,load,3,-1,28343,,,,,,,127.0,0.0,128.0,0.086,,,,,
1789038475.5831,load,3,-1,28343,,,,,,,128.0,0.0,129.0,1919.793,,,,,
1789038475.9205,load,3,-1,28343,,,,,,,129.0,0.0,130.0,0.073,,,,,
1789038478.1335,load,3,-1,28343,,,,,,,130.0,0.0,131.0,2005.159,,,,,
1789038478.2465,load,3,-1,28343,,,,,,,131.0,0.0,132.0,0.095,,,,,
1789038480.6058,load,3,-1,28343,,,,,,,132.0,0.0,133.0,1927.486,,,,,
1789038480.7193,load,3,-1,28343,,,,,,,133.0,0.0,134.0,0.106,,,,,
1789038483.0241,load,3,-1,28343,,,,,,,134.0,0.0,135.0,2106.825,,,,,
1789038483.3675,load,3,-1,28343,,,,,,,135.0,0.0,136.0,0.079,,,,,
1789038485.7638,load,3,-1,28343,,,,,,,136.0,0.0,137.0,2262.154,,,,,
1789038485.8794,load,3,-1,28343,,,,,,,137.0,0.0,138.0,0.093,,,,,
1789038488.1801,load,3,-1,28343,,,,,,,138.0,0.0,139.0,1852.291,,,,,
1789038488.2947,load,3,-1,28343,,,,,,,139.0,0.0,140.0,0.102,,,,,
1789038490.1869,load,3,-1,28343,,,,,,,140.0,0.0,141.0,1711.16,,,,,
1789038490.6267,load,3,-1,28343,,,,,,,141.0,0.0,142.0,0.103,,,,,
1789038492.7691,load,3,-1,28343,,,,,,,142.0,0.0,143.0,2028.68,,,,,
1789038492.8802,load,3,-1,28343,,,,,,,143.0,0.0,144.0,0.093,,,,,
1789038495.1189,load,3,-1,28343,,,,,,,144.0,0.0,145.0,1819.742,,,,,
1789038495.2301,load,3,-1,28343,,,,,,,145.0,0.0,146.0,0.092,,,,,
1789038497.3565,load,3,-1,28343,,,,,,,146.0,0.0,147.0,1941.983,,,,,
1789038497.7429,load,3,-1,28343,,,,,,,147.0,0.0,148.0,0.079,,,,,
1789038500.2123,load,3,-1,28343,,,,,,,148.0,0.0,149.0,2337.23,,,,,
1789038500.3242,load,3,-1,28343,,,,,,,149.0,0.0,150.0,0.1,,,,,
1789038503.0288,load,3,-1,28343,,,,,,,150.0,0.0,151.0,2241.986,,,,,
1789038503.1638,load,3,-1,28343,,,,,,,151.0,0.0,152.0,0.09,,,,,
1789038505.9079,load,3,-1,28343,,,,,,,152.0,0.0,153.0,2559.311,,,,,
1789038506.2532,load,3,-1,28343,,,,,,,153.0,0.0,154.0,0.091,,,,,
1789038508.5552,load,3,-1,28343,,,,,,,154.0,0.0,155.0,2171.862,,,,,
1789038508.6663,load,3,-1,28343,,,,,,,155.0,0.0,156.0,0.09,,,,,
1789038510.7683,load,3,-1,28343,,,,,,,156.0,0.0,157.0,1656.245,,,,,
1789038510.8805,load,3,-1,28343,,,,,,,157.0,0.0,158.0,0.092,,,,,
1789038512.7843,load,3,-1,28343,,,,,,,158.0,0.0,159.0,1720.911,,,,,
1789038513.1277,load,3,-1,28343,,,,,,,159.0,0.0,160.0,0.074,,,,,
1789038515.1569,load,3,-1,28343,,,,,,,160.0,0.0,161.0,1883.825,,,,,
1789038515.3787,load,3,-1,28343,,,,,,,161.0,0.0,162.0,0.099,,,,,
1789038517.8187,load,3,-1,28343,,,,,,,162.0,0.0,163.0,2071.749,,,,,
1789038517.9298,load,3,-1,28343,,,,,,,163.0,0.0,164.0,0.091,,,,,
1789038520.2809,load,3,-1,28343,,,,,,,164.0,0.0,165.0,2166.831,,,,,
1789038520.6529,load,3,-1,28343,,,,,,,165.0,0.0,166.0,0.194,,,,,
1789038522.368,load,3,-1,28343,,,,,,,166.0,0.0,167.0,1579.678,,,,,
1789038522.4806,load,3,-1,28343,,,,,,,167.0,0.0,168.0,0.088,,,,,
1789038524.545,load,3,-1,28343,,,,,,,168.0,0.0,169.0,1625.291,,,,,
1789038524.6568,load,3,-1,28343,,,,,,,169.0,0.0,170.0,0.098,,,,,
1789038527.1586,load,3,-1,28343,,,,,,,170.0,0.0,171.0,2311.284,,,,,
1789038527.5041,load,3,-1,28343,,,,,,,171.0,0.0,172.0,0.092,,,,,
1789038529.0207,load,3,-1,28343,,,,,,,172.0,0.0,173.0,1374.564,,,,,
1789038529.1305,load,3,-1,28343,,,,,,,173.0,0.0,174.0,0.086,,,,,
1789038531.214,load,3,-1,28343,,,,,,,174.0,0.0,175.0,1671.678,,,,,
1789038531.3234,load,3,-1,28343,,,,,,,175.0,0.0,176.0,0.083,,,,,
1789038532.9839,load,3,-1,28343,,,,,,,176.0,0.0,177.0,1476.537,,,,,
1789038533.3337,load,3,-1,28343,,,,,,,177.0,0.0,178.0,0.081,,,,,
1789038535.6733,load,3,-1,28343,,,,,,,178.0,0.0,179.0,2223.896,,,,,
1789038535.8188,load,3,-1,28343,,,,,,,179.0,0.0,180.0,0.091,,,,,
1789038537.9914,load,3,-1,28343,,,,,,,180.0,0.0,181.0,1757.8,,,,,
1789038538.1809,load,3,-1,28343,,,,,,,181.0,0.0,182.0,0.093,,,,,
1789038540.9008,load,3,-1,28343,,,,,,,182.0,0.0,183.0,2602.701,,,,,
1789038541.2417,load,3,-1,28343,,,,,,,183.0,0.0,184.0,0.081,,,,,
1789038543.4993,load,3,-1,28343,,,,,,,184.0,0.0,185.0,2141.552,,,,,
1789038543.6097,load,3,-1,28343,,,,,,,185.0,0.0,186.0,0.092,,,,,
1789038545.7682,load,3,-1,28343,,,,,,,186.0,0.0,187.0,1731.922,,,,,
1789038545.9038,load,3,-1,28343,,,,,,,187.0,0.0,188.0,0.107,,,,,
1789038547.8962,load,3,-1,28343,,,,,,,188.0,0.0,189.0,1807.759,,,,,
1789038548.2364,load,3,-1,28343,,,,,,,189.0,0.0,190.0,0.073,,,,,
1789038550.2839,load,3,-1,28343,,,,,,,190.0,0.0,191.0,1938.048,,,,,
1789038550.3944,load,3,-1,28343,,,,,,,191.0,0.0,192.0,0.099,,,,,
1789038552.4937,load,3,-1,28343,,,,,,,192.0,0.0,193.0,1684.029,,,,,
1789038552.6043,load,3,-1,28343,,,,,,,193.0,0.0,194.0,0.092,,,,,
1789038555.0021,load,3,-1,28343,,,,,,,194.0,0.0,195.0,2191.675,,,,,
1789038555.3655,load,3,-1,28343,,,,,,,195.0,0.0,196.0,0.141,,,,,
1789038557.7397,load,3,-1,28343,,,,,,,196.0,0.0,197.0,2256.175,,,,,
1789038557.8518,load,3,-1,28343,,,,,,,197.0,0.0,198.0,0.115,,,,,
1789038559.755,load,3,-1,28343,,,,,,,198.0,0.0,199.0,1477.293,,,,,
1789038559.8663,load,3,-1,28343,,,,,,,199.0,0.0,200.0,0.09,,,,,
1789038562.6442,load,3,-1,28343,,,,,,,200.0,0.0,201.0,2596.853,,,,,
1789038563.1183,load,3,-1,28343,,,,,,,201.0,0.0,202.0,0.098,,,,,
1789038565.0576,load,3,-1,28343,,,,,,,202.0,0.0,203.0,1827.325,,,,,
1789038565.1749,load,3,-1,28343,,,,,,,203.0,0.0,204.0,0.095,,,,,
1789038567.4095,load,3,-1,28343,,,,,,,204.0,0.0,205.0,1794.12,,,,,
1789038567.522,load,3,-1,28343,,,,,,,205.0,0.0,206.0,0.094,,,,,
1789038569.7181,load,3,-1,28343,,,,,,,206.0,0.0,207.0,2013.866,,,,,
1789038570.057,load,3,-1,28343,,,,,,,207.0,0.0,208.0,0.208,,,,,
1789038572.4373,load,3,-1,28343,,,,,,,208.0,0.0,209.0,2248.013,,,,,
1789038572.548,load,3,-1,28343,,,,,,,209.0,0.0,210.0,0.09,,,,,
1789038575.3512,load,3,-1,28343,,,,,,,210.0,0.0,211.0,2391.425,,,,,
1789038575.4617,load,3,-1,28343,,,,,,,211.0,0.0,212.0,0.091,,,,,
1789038577.7315,load,3,-1,28343,,,,,,,212.0,0.0,213.0,2048.32,,,,,
1789038578.1018,load,3,-1,28343,,,,,,,213.0,0.0,214.0,0.074,,,,,
1789038580.3094,load,3,-1,28343,,,,,,,214.0,0.0,215.0,2067.52,,,,,
1789038580.4207,load,3,-1,28343,,,,,,,215.0,0.0,216.0,0.101,,,,,
1789038583.2996,load,3,-1,28343,,,,,,,216.0,0.0,217.0,2458.15,,,,,
1789038583.4108,load,3,-1,28343,,,,,,,217.0,0.0,218.0,0.097,,,,,
1789038585.422,load,3,-1,28343,,,,,,,218.0,0.0,219.0,1820.305,,,,,
1789038585.8268,load,3,-1,28343,,,,,,,219.0,0.0,220.0,0.093,,,,,
1789038587.7489,load,3,-1,28343,,,,,,,220.0,0.0,221.0,1795.227,,,,,
1789038587.9465,load,3,-1,28343,,,,,,,221.0,0.0,222.0,0.095,,,,,
1789038590.0908,load,3,-1,28343,,,,,,,222.0,0.0,223.0,1794.233,,,,,
1789038590.2011,load,3,-1,28343,,,,,,,223.0,0.0,224.0,0.086,,,,,
1789038592.0117,load,3,-1,28343,,,,,,,224.0,0.0,225.0,1627.195,,,,,
1789038592.3628,load,3,-1,28343,,,,,,,225.0,0.0,226.0,0.084,,,,,
1789038594.4076,load,3,-1,28343,,,,,,,226.0,0.0,227.0,1934.567,,,,,
1789038594.5207,load,3,-1,28343,,,,,,,227.0,0.0,228.0,0.106,,,,,
1789038596.3795,load,3,-1,28343,,,,,,,228.0,0.0,229.0,1430.249,,,,,
1789038596.4936,load,3,-1,28343,,,,,,,229.0,0.0,230.0,0.134,,,,,
1789038598.4243,load,3,-1,28343,,,,,,,230.0,0.0,231.0,1726.746,,,,,
1789038598.774,load,3,-1,28343,,,,,,,231.0,0.0,232.0,0.087,,,,,
1789038601.1387,load,3,-1,28343,,,,,,,232.0,0.0,233.0,2193.176,,,,,
1789038601.2513,load,3,-1,28343,,,,,,,233.0,0.0,234.0,0.128,,,,,
1789038604.0349,load,3,-1,28343,,,,,,,234.0,0.0,235.0,2314.588,,,,,
1789038604.1478,load,3,-1,28343,,,,,,,235.0,0.0,236.0,0.103,,,,,
1789038606.6492,load,3,-1,28343,,,,,,,236.0,0.0,237.0,2313.752,,,,,
1789038607.0005,load,3,-1,28343,,,,,,,237.0,0.0,238.0,0.073,,,,,
1789038608.8477,load,3,-1,28343,,,,,,,238.0,0.0,239.0,1673.261,,,,,
1789038608.9616,load,3,-1,28343,,,,,,,239.0,0.0,240.0,0.113,,,,,
1789038611.3646,load,3,-1,28343,,,,,,,240.0,0.0,241.0,1981.964,,,,,
1789038611.5548,load,3,-1,28343,,,,,,,241.0,0.0,242.0,0.106,,,,,
1789038613.5296,load,3,-1,28343,,,,,,,242.0,0.0,243.0,1862.241,,,,,
1789038613.8699,load,3,-1,28343,,,,,,,243.0,0.0,244.0,0.073,,,,,
1789038615.9239,load,3,-1,28343,,,,,,,244.0,0.0,245.0,1912.06,,,,,
1789038616.0443,load,3,-1,28343,,,,,,,245.0,0.0,246.0,0.159,,,,,
1789038618.3096,load,3,-1,28343,,,,,,,246.0,0.0,247.0,1859.361,,,,,
1789038618.4201,load,3,-1,28343,,,,,,,247.0,0.0,248.0,0.091,,,,,
1789038620.6039,load,3,-1,28343,,,,,,,248.0,0.0,249.0,2000.85,,,,,
1789038620.9949,load,3,-1,28343,,,,,,,249.0,0.0,250.0,0.078,,,,,
1789038623.6463,load,3,-1,28343,,,,,,,250.0,0.0,251.0,2532.823,,,,,
1789038623.7673,load,3,-1,28343,,,,,,,251.0,0.0,252.0,0.119,,,,,
1789038626.2574,load,3,-1,28343,,,,,,,252.0,0.0,253.0,2038.054,,,,,
1789038626.3766,load,3,-1,28343,,,,,,,253.0,0.0,254.0,0.104,,,,,
1789038628.5621,load,3,-1,28343,,,,,,,254.0,0.0,255.0,2004.897,,,,,
1789038628.93,load,3,-1,28343,,,,,,,255.0,0.0,256.0,0.137,,,,,
1789038631.2243,load,3,-1,28343,,,,,,,256.0,0.0,257.0,2174.246,,,,,
1789038631.3371,load,3,-1,28343,,,,,,,257.0,0.0,258.0,0.116,,,,,
1789038633.1828,load,3,-1,28343,,,,,,,258.0,0.0,259.0,1391.416,,,,,
1789038633.2959,load,3,-1,28343,,,,,,,259.0,0.0,260.0,0.097,,,,,
1789038635.2373,load,3,-1,28343,,,,,,,260.0,0.0,261.0,1736.001,,,,,
1789038635.6625,load,3,-1,28343,,,,,,,261.0,0.0,262.0,0.117,,,,,
1789038637.8811,load,3,-1,28343,,,,,,,262.0,0.0,263.0,2053.018,,,,,
1789038637.9916,load,3,-1,28343,,,,,,,263.0,0.0,264.0,0.092,,,,,
1789038639.9294,load,3,-1,28343,,,,,,,264.0,0.0,265.0,1521.437,,,,,
1789038640.0418,load,3,-1,28343,,,,,,,265.0,0.0,266.0,0.098,,,,,
1789038642.0577,load,3,-1,28343,,,,,,,266.0,0.0,267.0,1823.461,,,,,
1789038642.3986,load,3,-1,28343,,,,,,,267.0,0.0,268.0,0.098,,,,,
1789038645.2719,load,3,-1,28343,,,,,,,268.0,0.0,269.0,2762.526,,,,,
1789038645.3822,load,3,-1,28343,,,,,,,269.0,0.0,270.0,0.098,,,,,
1789038647.2398,load,3,-1,28343,,,,,,,270.0,0.0,271.0,1428.459,,,,,
1789038647.3511,load,3,-1,28343,,,,,,,271.0,0.0,272.0,0.088,,,,,
1789038649.5448,load,3,-1,28343,,,,,,,272.0,0.0,273.0,2010.593,,,,,
1789038649.9071,load,3,-1,28343,,,,,,,273.0,0.0,274.0,0.08,,,,,
1789038651.3001,load,3,-1,28343,,,,,,,274.0,0.0,275.0,1244.07,,,,,
1789038651.4111,load,3,-1,28343,,,,,,,275.0,0.0,276.0,0.092,,,,,
1789038654.4557,load,3,-1,28343,,,,,,,276.0,0.0,277.0,2627.674,,,,,
1789038654.5672,load,3,-1,28343,,,,,,,277.0,0.0,278.0,0.09,,,,,
1789038656.8148,load,3,-1,28343,,,,,,,278.0,0.0,279.0,2065.459,,,,,
1789038657.1589,load,3,-1,28343,,,,,,,279.0,0.0,280.0,0.096,,,,,
1789038659.4033,load,3,-1,28343,,,,,,,280.0,0.0,281.0,2134.383,,,,,
1789038659.5951,load,3,-1,28343,,,,,,,281.0,0.0,282.0,0.098,,,,,
1789038662.311,load,3,-1,28343,,,,,,,282.0,0.0,283.0,2355.52,,,,,
1789038662.4206,load,3,-1,28343,,,,,,,283.0,0.0,284.0,0.083,,,,,
1789038665.0351,load,3,-1,28343,,,,,,,284.0,0.0,285.0,2431.144,,,,,
1789038665.379,load,3,-1,28343,,,,,,,285.0,0.0,286.0,0.072,,,,,
1789038667.5357,load,3,-1,28343,,,,,,,286.0,0.0,287.0,2044.465,,,,,
1789038667.681,load,3,-1,28343,,,,,,,287.0,0.0,288.0,0.094,,,,,
1789038669.953,load,3,-1,28343,,,,,,,288.0,0.0,289.0,1829.721,,,,,
1789038670.063,load,3,-1,28343,,,,,,,289.0,0.0,290.0,0.085,,,,,
1789038671.8439,load,3,-1,28343,,,,,,,290.0,0.0,291.0,1598.752,,,,,
1789038672.1757,load,3,-1,28343,,,,,,,291.0,0.0,292.0,0.074,,,,,
1789038674.0946,load,3,-1,28343,,,,,,,292.0,0.0,293.0,1774.035,,,,,
1789038674.2043,load,3,-1,28343,,,,,,,293.0,0.0,294.0,0.095,,,,,
1789038677.0064,load,3,-1,28343,,,,,,,294.0,0.0,295.0,2373.057,,,,,
1789038677.1156,load,3,-1,28343,,,,,,,295.0,0.0,296.0,0.088,,,,,
1789038679.5156,load,3,-1,28343,,,,,,,296.0,0.0,297.0,2215.215,,,,,
1789038679.8526,load,3,-1,28343,,,,,,,297.0,0.0,298.0,0.078,,,,,
1789038682.0064,load,3,-1,28343,,,,,,,298.0,0.0,299.0,2028.742,,,,,
1789038682.1165,load,3,-1,28343,,,,,,,299.0,0.0,300.0,0.1,,,,,
1789038684.2182,load,3,-1,28343,,,,,,,300.0,0.0,301.0,1680.719,,,,,
1789038684.407,load,3,-1,28343,,,,,,,301.0,0.0,302.0,0.102,,,,,
1789038686.7248,load,3,-1,28343,,,,,,,302.0,0.0,303.0,2198.498,,,,,
1789038687.0742,load,3,-1,28343,,,,,,,303.0,0.0,304.0,0.077,,,,,
1789038689.761,load,3,-1,28343,,,,,,,304.0,0.0,305.0,2518.509,,,,,
1789038689.8727,load,3,-1,28343,,,,,,,305.0,0.0,306.0,0.101,,,,,
1789038692.1834,load,3,-1,28343,,,,,,,306.0,0.0,307.0,1841.935,,,,,
1789038692.2943,load,3,-1,28343,,,,,,,307.0,0.0,308.0,0.093,,,,,
1789038694.9925,load,3,-1,28343,,,,,,,308.0,0.0,309.0,2515.099,,,,,
1789038695.3775,load,3,-1,28343,,,,,,,309.0,0.0,310.0,0.1,,,,,
1789038697.2982,load,3,-1,28343,,,,,,,310.0,0.0,311.0,1810.469,,,,,
1789038697.408,load,3,-1,28343,,,,,,,311.0,0.0,312.0,0.108,,,,,
1789038699.6008,load,3,-1,28343,,,,,,,312.0,0.0,313.0,1781.686,,,,,
1789038699.7101,load,3,-1,28343,,,,,,,313.0,0.0,314.0,0.081,,,,,
1789038701.747,load,3,-1,28343,,,,,,,314.0,0.0,315.0,1829.074,,,,,
1789038702.084,load,3,-1,28343,,,,,,,315.0,0.0,316.0,0.086,,,,,
1789038704.4039,load,3,-1,28343,,,,,,,316.0,0.0,317.0,2143.732,,,,,
1789038704.5137,load,3,-1,28343,,,,,,,317.0,0.0,318.0,0.08,,,,,
1789038707.1058,load,3,-1,28343,,,,,,,318.0,0.0,319.0,2177.259,,,,,
1789038707.2229,load,3,-1,28343,,,,,,,319.0,0.0,320.0,0.088,,,,,
1789038709.7274,load,3,-1,28343,,,,,,,320.0,0.0,321.0,2316.107,,,,,
1789038710.1678,load,3,-1,28343,,,,,,,321.0,0.0,322.0,0.098,,,,,
1789038712.3791,load,3,-1,28343,,,,,,,322.0,0.0,323.0,2098.545,,,,,
1789038712.4882,load,3,-1,28343,,,,,,,323.0,0.0,324.0,0.098,,,,,
1789038714.6173,load,3,-1,28343,,,,,,,324.0,0.0,325.0,1688.117,,,,,
1789038714.7278,load,3,-1,28343,,,,,,,325.0,0.0,326.0,0.091,,,,,
1789038716.9791,load,3,-1,28343,,,,,,,326.0,0.0,327.0,2065.185,,,,,
1789038717.3405,load,3,-1,28343,,,,,,,327.0,0.0,328.0,0.09,,,,,
1789038719.3898,load,3,-1,28343,,,,,,,328.0,0.0,329.0,1908.526,,,,,
1789038719.5264,load,3,-1,28343,,,,,,,329.0,0.0,330.0,0.083,,,,,
1789038722.0393,load,3,-1,28343,,,,,,,330.0,0.0,331.0,2094.453,,,,,
1789038722.149,load,3,-1,28343,,,,,,,331.0,0.0,332.0,0.085,,,,,
1789038724.6222,load,3,-1,28343,,,,,,,332.0,0.0,333.0,2268.299,,,,,
1789038724.9742,load,3,-1,28343,,,,,,,333.0,0.0,334.0,0.078,,,,,
1789038726.8839,load,3,-1,28343,,,,,,,334.0,0.0,335.0,1785.698,,,,,
1789038727.0305,load,3,-1,28343,,,,,,,335.0,0.0,336.0,0.089,,,,,
1789038729.4541,load,3,-1,28343,,,,,,,336.0,0.0,337.0,2015.853,,,,,
1789038729.563,load,3,-1,28343,,,,,,,337.0,0.0,338.0,0.08,,,,,
1789038731.5034,load,3,-1,28343,,,,,,,338.0,0.0,339.0,1751.356,,,,,
1789038731.8909,load,3,-1,28343,,,,,,,339.0,0.0,340.0,0.073,,,,,
1789038733.871,load,3,-1,28343,,,,,,,340.0,0.0,341.0,1867.78,,,,,
1789038734.0616,load,3,-1,28343,,,,,,,341.0,0.0,342.0,0.099,,,,,
1789038735.9226,load,3,-1,28343,,,,,,,342.0,0.0,343.0,1519.47,,,,,
1789038736.0326,load,3,-1,28343,,,,,,,343.0,0.0,344.0,0.119,,,,,
1789038737.9379,load,3,-1,28343,,,,,,,344.0,0.0,345.0,1720.536,,,,,
1789038738.3109,load,3,-1,28343,,,,,,,345.0,0.0,346.0,0.08,,,,,
1789038740.5497,load,3,-1,28343,,,,,,,346.0,0.0,347.0,2129.773,,,,,
1789038740.6607,load,3,-1,28343,,,,,,,347.0,0.0,348.0,0.114,,,,,
1789038742.9125,load,3,-1,28343,,,,,,,348.0,0.0,349.0,1839.598,,,,,
1789038743.0341,load,3,-1,28343,,,,,,,349.0,0.0,350.0,0.099,,,,,
1789038745.8944,load,3,-1,28343,,,,,,,350.0,0.0,351.0,2681.015,,,,,
1789038746.256,load,3,-1,28343,,,,,,,351.0,0.0,352.0,0.075,,,,,
1789038748.332,load,3,-1,28343,,,,,,,352.0,0.0,353.0,1943.559,,,,,
1789038748.4417,load,3,-1,28343,,,,,,,353.0,0.0,354.0,0.084,,,,,
1789038751.1525,load,3,-1,28343,,,,,,,354.0,0.0,355.0,2302.602,,,,,
1789038751.2624,load,3,-1,28343,,,,,,,355.0,0.0,356.0,0.09,,,,,
1789038753.8015,load,3,-1,28343,,,,,,,356.0,0.0,357.0,2355.939,,,,,
1789038754.4311,load,3,-1,28343,,,,,,,357.0,0.0,358.0,0.095,,,,,
1789038756.318,load,3,-1,28343,,,,,,,358.0,0.0,359.0,1739.411,,,,,
1789038756.4274,load,3,-1,28343,,,,,,,359.0,0.0,360.0,0.088,,,,,
1789038759.0372,load,3,-1,28343,,,,,,,360.0,0.0,361.0,2187.512,,,,,
1789038759.2392,load,3,-1,28343,,,,,,,361.0,0.0,362.0,0.086,,,,,
1789038761.3772,load,3,-1,28343,,,,,,,362.0,0.0,363.0,2027.25,,,,,
1789038761.7415,load,3,-1,28343,,,,,,,363.0,0.0,364.0,0.08,,,,,
1789038764.0705,load,3,-1,28343,,,,,,,364.0,0.0,365.0,2132.758,,,,,
1789038764.2019,load,3,-1,28343,,,,,,,365.0,0.0,366.0,0.092,,,,,
1789038766.4995,load,3,-1,28343,,,,,,,366.0,0.0,367.0,1893.798,,,,,
1789038766.609,load,3,-1,28343,,,,,,,367.0,0.0,368.0,0.087,,,,,
1789038768.7617,load,3,-1,28343,,,,,,,368.0,0.0,369.0,1950.035,,,,,
1789038769.1071,load,3,-1,28343,,,,,,,369.0,0.0,370.0,0.081,,,,,
1789038770.6161,load,3,-1,28343,,,,,,,370.0,0.0,371.0,1356.621,,,,,
1789038770.7256,load,3,-1,28343,,,,,,,371.0,0.0,372.0,0.08,,,,,
1789038773.5242,load,3,-1,28343,,,,,,,372.0,0.0,373.0,2383.23,,,,,
1789038773.6338,load,3,-1,28343,,,,,,,373.0,0.0,374.0,0.08,,,,,
1789038776.0536,load,3,-1,28343,,,,,,,374.0,0.0,375.0,2234.392,,,,,
1789038776.3954,load,3,-1,28343,,,,,,,375.0,0.0,376.0,0.075,,,,,
1789038778.5899,load,3,-1,28343,,,,,,,376.0,0.0,377.0,2017.078,,,,,
1789038778.7017,load,3,-1,28343,,,,,,,377.0,0.0,378.0,0.079,,,,,
1789038780.5328,load,3,-1,28343,,,,,,,378.0,0.0,379.0,1409.268,,,,,
1789038780.6452,load,3,-1,28343,,,,,,,379.0,0.0,380.0,0.116,,,,,
1789038782.9193,load,3,-1,28343,,,,,,,380.0,0.0,381.0,2087.818,,,,,
1789038783.7531,load,3,-1,28343,,,,,,,381.0,0.0,382.0,0.098,,,,,
1789038785.0273,load,3,-1,28343,,,,,,,382.0,0.0,383.0,1131.087,,,,,
1789038785.5381,load,3,-1,28343,,,,,,,383.0,0.0,384.0,0.103,,,,,
1789038787.2802,load,3,-1,28343,,,,,,,384.0,0.0,385.0,1310.721,,,,,
1789038787.3903,load,3,-1,28343,,,,,,,385.0,0.0,386.0,0.087,,,,,
1789038789.5369,load,3,-1,28343,,,,,,,386.0,0.0,387.0,1963.116,,,,,
1789038789.8857,load,3,-1,28343,,,,,,,387.0,0.0,388.0,0.086,,,,,
1789038791.8708,load,3,-1,28343,,,,,,,388.0,0.0,389.0,1840.56,,,,,
1789038791.9804,load,3,-1,28343,,,,,,,389.0,0.0,390.0,0.092,,,,,
1789038794.1812,load,3,-1,28343,,,,,,,390.0,0.0,391.0,1784.583,,,,,
1789038794.2931,load,3,-1,28343,,,,,,,391.0,0.0,392.0,0.091,,,,,
1789038797.16,load,3,-1,28343,,,,,,,392.0,0.0,393.0,2682.076,,,,,
1789038797.5159,load,3,-1,28343,,,,,,,393.0,0.0,394.0,0.09,,,,,
1789038799.1908,load,3,-1,28343,,,,,,,394.0,0.0,395.0,1554.568,,,,,
1789038799.3015,load,3,-1,28343,,,,,,,395.0,0.0,396.0,0.086,,,,,
1789038801.7966,load,3,-1,28343,,,,,,,396.0,0.0,397.0,2052.166,,,,,
1789038801.9288,load,3,-1,28343,,,,,,,397.0,0.0,398.0,0.087,,,,,
1789038804.1023,load,3,-1,28343,,,,,,,398.0,0.0,399.0,1979.386,,,,,
1789038804.4431,load,3,-1,28343,,,,,,,399.0,0.0,400.0,0.084,,,,,
1789038806.1437,load,3,-1,28343,,,,,,,400.0,0.0,401.0,1558.068,,,,,
1789038806.359,load,3,-1,28343,,,,,,,401.0,0.0,402.0,0.103,,,,,
1789038807.9953,load,3,-1,28343,,,,,,,402.0,0.0,403.0,1283.85,,,,,
1789038808.1058,load,3,-1,28343,,,,,,,403.0,0.0,404.0,0.089,,,,,
1789038810.5626,load,3,-1,28343,,,,,,,404.0,0.0,405.0,2273.901,,,,,
1789038810.9059,load,3,-1,28343,,,,,,,405.0,0.0,406.0,0.08,,,,,
1789038812.9933,load,3,-1,28343,,,,,,,406.0,0.0,407.0,1952.95,,,,,
1789038813.1042,load,3,-1,28343,,,,,,,407.0,0.0,408.0,0.098,,,,,
1789038815.6603,load,3,-1,28343,,,,,,,408.0,0.0,409.0,2144.16,,,,,
1789038815.7718,load,3,-1,28343,,,,,,,409.0,0.0,410.0,0.094,,,,,
1789038818.479,load,3,-1,28343,,,,,,,410.0,0.0,411.0,2521.551,,,,,
1789038818.8201,load,3,-1,28343,,,,,,,411.0,0.0,412.0,0.088,,,,,
1789038821.5734,load,3,-1,28343,,,,,,,412.0,0.0,413.0,2640.721,,,,,
1789038821.6852,load,3,-1,28343,,,,,,,413.0,0.0,414.0,0.1,,,,,
1789038823.87,load,3,-1,28343,,,,,,,414.0,0.0,415.0,1772.355,,,,,
1789038823.9846,load,3,-1,28343,,,,,,,415.0,0.0,416.0,0.105,,,,,
1789038826.4165,load,3,-1,28343,,,,,,,416.0,0.0,417.0,2253.027,,,,,
1789038826.7643,load,3,-1,28343,,,,,,,417.0,0.0,418.0,0.079,,,,,
1789038829.0567,load,3,-1,28343,,,,,,,418.0,0.0,419.0,2161.259,,,,,
1789038829.1665,load,3,-1,28343,,,,,,,419.0,0.0,420.0,0.083,,,,,
1789038831.233,load,3,-1,28343,,,,,,,420.0,0.0,421.0,1644.184,,,,,
1789038831.4404,load,3,-1,28343,,,,,,,421.0,0.0,422.0,0.119,,,,,
1789038833.1285,load,3,-1,28343,,,,,,,422.0,0.0,423.0,1574.803,,,,,
1789038833.4749,load,3,-1,28343,,,,,,,423.0,0.0,424.0,0.067,,,,,
1789038835.8477,load,3,-1,28343,,,,,,,424.0,0.0,425.0,2247.15,,,,,
1789038835.997,load,3,-1,28343,,,,,,,425.0,0.0,426.0,0.091,,,,,
1789038838.5063,load,3,-1,28343,,,,,,,426.0,0.0,427.0,2093.324,,,,,
1789038838.6202,load,3,-1,28343,,,,,,,427.0,0.0,428.0,0.12,,,,,
1789038840.7793,load,3,-1,28343,,,,,,,428.0,0.0,429.0,1953.304,,,,,
1789038841.1573,load,3,-1,28343,,,,,,,429.0,0.0,430.0,0.088,,,,,
1789038843.6499,load,3,-1,28343,,,,,,,430.0,0.0,431.0,2343.744,,,,,
1789038843.7604,load,3,-1,28343,,,,,,,431.0,0.0,432.0,0.086,,,,,
1789038846.4474,load,3,-1,28343,,,,,,,432.0,0.0,433.0,2284.935,,,,,
1789038846.5583,load,3,-1,28343,,,,,,,433.0,0.0,434.0,0.095,,,,,
1789038849.1092,load,3,-1,28343,,,,,,,434.0,0.0,435.0,2352.132,,,,,
1789038849.45,load,3,-1,28343,,,,,,,435.0,0.0,436.0,0.078,,,,,
1789038851.3068,load,3,-1,28343,,,,,,,436.0,0.0,437.0,1683.374,,,,,
1789038851.4169,load,3,-1,28343,,,,,,,437.0,0.0,438.0,0.092,,,,,
1789038853.9049,load,3,-1,28343,,,,,,,438.0,0.0,439.0,2081.833,,,,,
1789038854.0166,load,3,-1,28343,,,,,,,439.0,0.0,440.0,0.091,,,,,
1789038856.6762,load,3,-1,28343,,,,,,,440.0,0.0,441.0,2479.523,,,,,
1789038857.1674,load,3,-1,28343,,,,,,,441.0,0.0,442.0,0.099,,,,,
1789038859.041,load,3,-1,28343,,,,,,,442.0,0.0,443.0,1732.391,,,,,
1789038859.1568,load,3,-1,28343,,,,,,,443.0,0.0,444.0,0.092,,,,,
1789038861.6081,load,3,-1,28343,,,,,,,444.0,0.0,445.0,1993.392,,,,,
1789038861.7391,load,3,-1,28343,,,,,,,445.0,0.0,446.0,0.095,,,,,
1789038863.714,load,3,-1,28343,,,,,,,446.0,0.0,447.0,1782.958,,,,,
1789038864.0592,load,3,-1,28343,,,,,,,447.0,0.0,448.0,0.09,,,,,
1789038865.5514,load,3,-1,28343,,,,,,,448.0,0.0,449.0,1279.606,,,,,
1789038865.6634,load,3,-1,28343,,,,,,,449.0,0.0,450.0,0.13,,,,,
1789038868.2126,load,3,-1,28343,,,,,,,450.0,0.0,451.0,2136.836,,,,,
1789038868.3353,load,3,-1,28343,,,,,,,451.0,0.0,452.0,0.085,,,,,
1789038870.1814,load,3,-1,28343,,,,,,,452.0,0.0,453.0,1666.317,,,,,
1789038870.522,load,3,-1,28343,,,,,,,453.0,0.0,454.0,0.078,,,,,
1789038871.9112,load,3,-1,28343,,,,,,,454.0,0.0,455.0,1277.482,,,,,
1789038872.0227,load,3,-1,28343,,,,,,,455.0,0.0,456.0,0.094,,,,,
1789038874.2657,load,3,-1,28343,,,,,,,456.0,0.0,457.0,1810.989,,,,,
1789038874.3775,load,3,-1,28343,,,,,,,457.0,0.0,458.0,0.095,,,,,
1789038876.8292,load,3,-1,28343,,,,,,,458.0,0.0,459.0,2268.963,,,,,
1789038877.1678,load,3,-1,28343,,,,,,,459.0,0.0,460.0,0.076,,,,,
1789038879.3632,load,3,-1,28343,,,,,,,460.0,0.0,461.0,2038.311,,,,,
1789038879.5537,load,3,-1,28343,,,,,,,461.0,0.0,462.0,0.094,,,,,
1789038882.2782,load,3,-1,28343,,,,,,,462.0,0.0,463.0,2380.339,,,,,
1789038882.3981,load,3,-1,28343,,,,,,,463.0,0.0,464.0,0.101,,,,,
1789038884.4588,load,3,-1,28343,,,,,,,464.0,0.0,465.0,1887.821,,,,,
1789038884.8198,load,3,-1,28343,,,,,,,465.0,0.0,466.0,0.08,,,,,
1789038886.8065,load,3,-1,28343,,,,,,,466.0,0.0,467.0,1875.479,,,,,
1789038886.9165,load,3,-1,28343,,,,,,,467.0,0.0,468.0,0.098,,,,,
1789038888.4496,load,3,-1,28343,,,,,,,468.0,0.0,469.0,1115.714,,,,,
1789038888.6042,load,3,-1,28343,,,,,,,469.0,0.0,470.0,0.11,,,,,
1789038890.9908,load,3,-1,28343,,,,,,,470.0,0.0,471.0,2209.67,,,,,
1789038891.3432,load,3,-1,28343,,,,,,,471.0,0.0,472.0,0.078,,,,,
1789038893.2253,load,3,-1,28343,,,,,,,472.0,0.0,473.0,1771.513,,,,,
1789038893.3687,load,3,-1,28343,,,,,,,473.0,0.0,474.0,0.084,,,,,
1789038896.0634,load,3,-1,28343,,,,,,,474.0,0.0,475.0,2288.666,,,,,
1789038896.1727,load,3,-1,28343,,,,,,,475.0,0.0,476.0,0.083,,,,,
1789038898.3023,load,3,-1,28343,,,,,,,476.0,0.0,477.0,1945.618,,,,,
1789038898.6401,load,3,-1,28343,,,,,,,477.0,0.0,478.0,0.079,,,,,
1789038900.9332,load,3,-1,28343,,,,,,,478.0,0.0,479.0,2133.904,,,,,
1789038901.0439,load,3,-1,28343,,,,,,,479.0,0.0,480.0,0.083,,,,,
1789038903.1894,load,3,-1,28343,,,,,,,480.0,0.0,481.0,1674.925,,,,,
1789038903.3785,load,3,-1,28343,,,,,,,481.0,0.0,482.0,0.092,,,,,
1789038905.1794,load,3,-1,28343,,,,,,,482.0,0.0,483.0,1687.096,,,,,
1789038905.5183,load,3,-1,28343,,,,,,,483.0,0.0,484.0,0.079,,,,,
1789038907.7415,load,3,-1,28343,,,,,,,484.0,0.0,485.0,2069.641,,,,,
1789038907.8517,load,3,-1,28343,,,,,,,485.0,0.0,486.0,0.098,,,,,
1789038910.1031,load,3,-1,28343,,,,,,,486.0,0.0,487.0,1794.428,,,,,
1789038910.2191,load,3,-1,28343,,,,,,,487.0,0.0,488.0,0.097,,,,,
1789038913.0941,load,3,-1,28343,,,,,,,488.0,0.0,489.0,2697.003,,,,,
1789038913.4264,load,3,-1,28343,,,,,,,489.0,0.0,490.0,0.081,,,,,
1789038915.8397,load,3,-1,28343,,,,,,,490.0,0.0,491.0,2296.592,,,,,
1789038915.9483,load,3,-1,28343,,,,,,,491.0,0.0,492.0,0.082,,,,,
1789038917.8026,load,3,-1,28343,,,,,,,492.0,0.0,493.0,1447.535,,,,,
1789038917.9123,load,3,-1,28343,,,,,,,493.0,0.0,494.0,0.078,,,,,
1789038920.142,load,3,-1,28343,,,,,,,494.0,0.0,495.0,2050.528,,,,,
1789038920.4762,load,3,-1,28343,,,,,,,495.0,0.0,496.0,0.077,,,,,
1789038922.8264,load,3,-1,28343,,,,,,,496.0,0.0,497.0,2202.744,,,,,
1789038922.9738,load,3,-1,28343,,,,,,,497.0,0.0,498.0,0.115,,,,,
1789038925.4423,load,3,-1,28343,,,,,,,498.0,0.0,499.0,2039.053,,,,,
1789038925.5567,load,3,-1,28343,,,,,,,499.0,0.0,500.0,0.277,,,,,
1789038928.2509,load,3,-1,28343,,,,,,,500.0,0.0,501.0,2510.039,,,,,
1789038928.718,load,3,-1,28343,,,,,,,501.0,0.0,502.0,0.126,,,,,
1789038930.6645,load,3,-1,28343,,,,,,,502.0,0.0,503.0,1833.539,,,,,
1789038930.774,load,3,-1,28343,,,,,,,503.0,0.0,504.0,0.09,,,,,
1789038933.6739,load,3,-1,28343,,,,,,,504.0,0.0,505.0,2434.745,,,,,
1789038933.8142,load,3,-1,28343,,,,,,,505.0,0.0,506.0,0.094,,,,,
1789038935.8934,load,3,-1,28343,,,,,,,506.0,0.0,507.0,1925.56,,,,,
1789038936.2457,load,3,-1,28343,,,,,,,507.0,0.0,508.0,0.076,,,,,
1789038937.8316,load,3,-1,28343,,,,,,,508.0,0.0,509.0,1380.613,,,,,
1789038937.9411,load,3,-1,28343,,,,,,,509.0,0.0,510.0,0.088,,,,,
1789038940.1111,load,3,-1,28343,,,,,,,510.0,0.0,511.0,1725.204,,,,,
1789038940.222,load,3,-1,28343,,,,,,,511.0,0.0,512.0,0.114,,,,,
1789038942.807,load,3,-1,28343,,,,,,,512.0,0.0,513.0,2362.29,,,,,
1789038943.1516,load,3,-1,28343,,,,,,,513.0,0.0,514.0,0.085,,,,,
1789038944.9916,load,3,-1,28343,,,,,,,514.0,0.0,515.0,1631.591,,,,,
1789038945.1013,load,3,-1,28343,,,,,,,515.0,0.0,516.0,0.102,,,,,
1789038947.3304,load,3,-1,28343,,,,,,,516.0,0.0,517.0,1772.197,,,,,
1789038947.4411,load,3,-1,28343,,,,,,,517.0,0.0,518.0,0.09,,,,,
1789038950.273,load,3,-1,28343,,,,,,,518.0,0.0,519.0,2644.768,,,,,
1789038950.6206,load,3,-1,28343,,,,,,,519.0,0.0,520.0,0.071,,,,,
1789038953.0677,load,3,-1,28343,,,,,,,520.0,0.0,521.0,2322.71,,,,,
1789038953.2598,load,3,-1,28343,,,,,,,521.0,0.0,522.0,0.143,,,,,
1789038955.4232,load,3,-1,28343,,,,,,,522.0,0.0,523.0,1820.671,,,,,
1789038955.5335,load,3,-1,28343,,,,,,,523.0,0.0,524.0,0.09,,,,,
1789038957.5288,load,3,-1,28343,,,,,,,524.0,0.0,525.0,1810.439,,,,,
1789038957.9401,load,3,-1,28343,,,,,,,525.0,0.0,526.0,0.137,,,,,
1789038959.646,load,3,-1,28343,,,,,,,526.0,0.0,527.0,1591.852,,,,,
1789038959.7569,load,3,-1,28343,,,,,,,527.0,0.0,528.0,0.122,,,,,
1789038962.7515,load,3,-1,28343,,,,,,,528.0,0.0,529.0,2550.433,,,,,
1789038962.869,load,3,-1,28343,,,,,,,529.0,0.0,530.0,0.17,,,,,
1789038964.7269,load,3,-1,28343,,,,,,,530.0,0.0,531.0,1681.305,,,,,
1789038965.0812,load,3,-1,28343,,,,,,,531.0,0.0,532.0,0.08,,,,,
1789038966.5941,load,3,-1,28343,,,,,,,532.0,0.0,533.0,1385.586,,,,,
1789038966.7051,load,3,-1,28343,,,,,,,533.0,0.0,534.0,0.093,,,,,
1789038969.3625,load,3,-1,28343,,,,,,,534.0,0.0,535.0,2228.646,,,,,
1789038969.4732,load,3,-1,28343,,,,,,,535.0,0.0,536.0,0.092,,,,,
1789038972.2079,load,3,-1,28343,,,,,,,536.0,0.0,537.0,2505.207,,,,,
1789038972.5665,load,3,-1,28343,,,,,,,537.0,0.0,538.0,0.193,,,,,
1789038974.9723,load,3,-1,28343,,,,,,,538.0,0.0,539.0,2292.805,,,,,
1789038975.0846,load,3,-1,28343,,,,,,,539.0,0.0,540.0,0.094,,,,,
1789038977.5105,load,3,-1,28343,,,,,,,540.0,0.0,541.0,1983.412,,,,,
1789038977.7437,load,3,-1,28343,,,,,,,541.0,0.0,542.0,0.174,,,,,
1789038980.1246,load,3,-1,28343,,,,,,,542.0,0.0,543.0,2229.098,,,,,
1789038980.5035,load,3,-1,28343,,,,,,,543.0,0.0,544.0,0.117,,,,,
1789038982.8581,load,3,-1,28343,,,,,,,544.0,0.0,545.0,2235.041,,,,,
1789038982.9703,load,3,-1,28343,,,,,,,545.0,0.0,546.0,0.092,,,,,
1789038985.1671,load,3,-1,28343,,,,,,,546.0,0.0,547.0,1775.281,,,,,
1789038985.327,load,3,-1,28343,,,,,,,547.0,0.0,548.0,0.092,,,,,
1789038987.6659,load,3,-1,28343,,,,,,,548.0,0.0,549.0,2203.095,,,,,
1789038988.0271,load,3,-1,28343,,,,,,,549.0,0.0,550.0,0.077,,,,,
1789038990.1522,load,3,-1,28343,,,,,,,550.0,0.0,551.0,1947.013,,,,,
1789038990.2626,load,3,-1,28343,,,,,,,551.0,0.0,552.0,0.091,,,,,
1789038992.0279,load,3,-1,28343,,,,,,,552.0,0.0,553.0,1337.36,,,,,
1789038992.1388,load,3,-1,28343,,,,,,,553.0,0.0,554.0,0.102,,,,,
1789038994.8463,load,3,-1,28343,,,,,,,554.0,0.0,555.0,2522.271,,,,,
1789038995.1971,load,3,-1,28343,,,,,,,555.0,0.0,556.0,0.099,,,,,
1789038997.1173,load,3,-1,28343,,,,,,,556.0,0.0,557.0,1801.243,,,,,
1789038997.2285,load,3,-1,28343,,,,,,,557.0,0.0,558.0,0.096,,,,,
1789038999.5075,load,3,-1,28343,,,,,,,558.0,0.0,559.0,1863.762,,,,,
1789038999.6193,load,3,-1,28343,,,,,,,559.0,0.0,560.0,0.096,,,,,
1789039002.2701,load,3,-1,28343,,,,,,,560.0,0.0,561.0,2446.019,,,,,
1789039002.7286,load,3,-1,28343,,,,,,,561.0,0.0,562.0,0.098,,,,,
1789039004.3372,load,3,-1,28343,,,,,,,562.0,0.0,563.0,1492.942,,,,,
1789039004.4503,load,3,-1,28343,,,,,,,563.0,0.0,564.0,0.092,,,,,
1789039006.8751,load,3,-1,28343,,,,,,,564.0,0.0,565.0,2012.524,,,,,
1789039006.99,load,3,-1,28343,,,,,,,565.0,0.0,566.0,0.14,,,,,
1789039009.4242,load,3,-1,28343,,,,,,,566.0,0.0,567.0,2230.159,,,,,
1789039009.7695,load,3,-1,28343,,,,,,,567.0,0.0,568.0,0.113,,,,,
1789039012.2633,load,3,-1,28343,,,,,,,568.0,0.0,569.0,2344.874,,,,,
1789039012.375,load,3,-1,28343,,,,,,,569.0,0.0,570.0,0.098,,,,,
1789039014.8251,load,3,-1,28343,,,,,,,570.0,0.0,571.0,2000.263,,,,,
1789039014.9352,load,3,-1,28343,,,,,,,571.0,0.0,572.0,0.095,,,,,
1789039017.0807,load,3,-1,28343,,,,,,,572.0,0.0,573.0,1957.805,,,,,
1789039017.4289,load,3,-1,28343,,,,,,,573.0,0.0,574.0,0.081,,,,,
1789039019.7685,load,3,-1,28343,,,,,,,574.0,0.0,575.0,2223.141,,,,,
1789039019.8966,load,3,-1,28343,,,,,,,575.0,0.0,576.0,0.089,,,,,
1789039022.5085,load,3,-1,28343,,,,,,,576.0,0.0,577.0,2157.825,,,,,
1789039022.6273,load,3,-1,28343,,,,,,,577.0,0.0,578.0,0.11,,,,,
1789039025.0558,load,3,-1,28343,,,,,,,578.0,0.0,579.0,2250.215,,,,,
1789039025.4045,load,3,-1,28343,,,,,,,579.0,0.0,580.0,0.09,,,,,
1789039027.2579,load,3,-1,28343,,,,,,,580.0,0.0,581.0,1743.452,,,,,
1789039027.4486,load,3,-1,28343,,,,,,,581.0,0.0,582.0,0.123,,,,,
1789039029.467,load,3,-1,28343,,,,,,,582.0,0.0,583.0,1668.671,,,,,
1789039029.5823,load,3,-1,28343,,,,,,,583.0,0.0,584.0,0.112,,,,,
1789039032.0715,load,3,-1,28343,,,,,,,584.0,0.0,585.0,2273.487,,,,,
1789039032.4205,load,3,-1,28343,,,,,,,585.0,0.0,586.0,0.092,,,,,
1789039034.605,load,3,-1,28343,,,,,,,586.0,0.0,587.0,1997.003,,,,,
1789039034.7157,load,3,-1,28343,,,,,,,587.0,0.0,588.0,0.111,,,,,
1789039036.9662,load,3,-1,28343,,,,,,,588.0,0.0,589.0,1802.823,,,,,
1789039037.0917,load,3,-1,28343,,,,,,,589.0,0.0,590.0,0.086,,,,,
1789039039.7222,load,3,-1,28343,,,,,,,590.0,0.0,591.0,2447.212,,,,,
1789039040.0938,load,3,-1,28343,,,,,,,591.0,0.0,592.0,0.078,,,,,
1789039042.3089,load,3,-1,28343,,,,,,,592.0,0.0,593.0,2104.148,,,,,
1789039042.4221,load,3,-1,28343,,,,,,,593.0,0.0,594.0,0.086,,,,,
1789039044.2566,load,3,-1,28343,,,,,,,594.0,0.0,595.0,1380.969,,,,,
1789039044.3671,load,3,-1,28343,,,,,,,595.0,0.0,596.0,0.097,,,,,
1789039046.7261,load,3,-1,28343,,,,,,,596.0,0.0,597.0,2175.078,,,,,
1789039047.1103,load,3,-1,28343,,,,,,,597.0,0.0,598.0,0.247,,,,,
1789039048.9341,load,3,-1,28343,,,,,,,598.0,0.0,599.0,1711.855,,,,,
1789039049.0518,load,3,-1,28343,,,,,,,599.0,0.0,600.0,0.111,,,,,
1789039051.5187,load,3,-1,28343,,,,,,,600.0,0.0,601.0,2053.455,,,,,
1789039051.7096,load,3,-1,28343,,,,,,,601.0,0.0,602.0,0.098,,,,,
1789039054.0203,load,3,-1,28343,,,,,,,602.0,0.0,603.0,2192.261,,,,,
1789039054.3688,load,3,-1,28343,,,,,,,603.0,0.0,604.0,0.097,,,,,
1789039056.2745,load,3,-1,28343,,,,,,,604.0,0.0,605.0,1765.283,,,,,
1789039056.3839,load,3,-1,28343,,,,,,,605.0,0.0,606.0,0.098,,,,,
1789039058.954,load,3,-1,28343,,,,,,,606.0,0.0,607.0,2153.155,,,,,
1789039059.067,load,3,-1,28343,,,,,,,607.0,0.0,608.0,0.093,,,,,
1789039061.1455,load,3,-1,28343,,,,,,,608.0,0.0,609.0,1874.013,,,,,
1789039061.489,load,3,-1,28343,,,,,,,609.0,0.0,610.0,0.077,,,,,
1789039063.963,load,3,-1,28343,,,,,,,610.0,0.0,611.0,2301.961,,,,,
1789039064.0902,load,3,-1,28343,,,,,,,611.0,0.0,612.0,0.086,,,,,
1789039066.2145,load,3,-1,28343,,,,,,,612.0,0.0,613.0,1720.25,,,,,
1789039066.3259,load,3,-1,28343,,,,,,,613.0,0.0,614.0,0.105,,,,,
1789039068.6307,load,3,-1,28343,,,,,,,614.0,0.0,615.0,2118.23,,,,,
1789039068.9783,load,3,-1,28343,,,,,,,615.0,0.0,616.0,0.105,,,,,
1789039070.9544,load,3,-1,28343,,,,,,,616.0,0.0,617.0,1831.748,,,,,
1789039071.0668,load,3,-1,28343,,,,,,,617.0,0.0,618.0,0.091,,,,,
1789039073.453,load,3,-1,28343,,,,,,,618.0,0.0,619.0,1912.333,,,,,
1789039073.571,load,3,-1,28343,,,,,,,619.0,0.0,620.0,0.17,,,,,
1789039076.3401,load,3,-1,28343,,,,,,,620.0,0.0,621.0,2576.748,,,,,
1789039076.7926,load,3,-1,28343,,,,,,,621.0,0.0,622.0,0.176,,,,,
1789039078.5368,load,3,-1,28343,,,,,,,622.0,0.0,623.0,1628.101,,,,,
1789039078.6542,load,3,-1,28343,,,,,,,623.0,0.0,624.0,0.152,,,,,
1789039080.6126,load,3,-1,28343,,,,,,,624.0,0.0,625.0,1521.53,,,,,
1789039080.7307,load,3,-1,28343,,,,,,,625.0,0.0,626.0,0.13,,,,,
1789039082.7285,load,3,-1,28343,,,,,,,626.0,0.0,627.0,1817.171,,,,,
1789039083.089,load,3,-1,28343,,,,,,,627.0,0.0,628.0,0.27,,,,,
1789039085.0876,load,3,-1,28343,,,,,,,628.0,0.0,629.0,1870.526,,,,,
1789039085.2071,load,3,-1,28343,,,,,,,629.0,0.0,630.0,0.174,,,,,
1789039087.2255,load,3,-1,28343,,,,,,,630.0,0.0,631.0,1601.005,,,,,
1789039087.3571,load,3,-1,28343,,,,,,,631.0,0.0,632.0,0.158,,,,,
1789039089.8218,load,3,-1,28343,,,,,,,632.0,0.0,633.0,2267.947,,,,,
1789039090.2483,load,3,-1,28343,,,,,,,633.0,0.0,634.0,0.279,,,,,
1789039091.801,load,3,-1,28343,,,,,,,634.0,0.0,635.0,1433.559,,,,,
1789039091.9191,load,3,-1,28343,,,,,,,635.0,0.0,636.0,0.113,,,,,
1789039094.2165,load,3,-1,28343,,,,,,,636.0,0.0,637.0,1890.553,,,,,
1789039094.3302,load,3,-1,28343,,,,,,,637.0,0.0,638.0,0.099,,,,,
1789039096.5497,load,3,-1,28343,,,,,,,638.0,0.0,639.0,2039.172,,,,,
1789039096.9016,load,3,-1,28343,,,,,,,639.0,0.0,640.0,0.082,,,,,
1789039098.7444,load,3,-1,28343,,,,,,,640.0,0.0,641.0,1729.199,,,,,
1789039098.9341,load,3,-1,28343,,,,,,,641.0,0.0,642.0,0.156,,,,,
1789039101.0925,load,3,-1,28343,,,,,,,642.0,0.0,643.0,1805.845,,,,,
1789039101.2108,load,3,-1,28343,,,,,,,643.0,0.0,644.0,0.161,,,,,
1789039103.5235,load,3,-1,28343,,,,,,,644.0,0.0,645.0,2131.059,,,,,
1789039103.8996,load,3,-1,28343,,,,,,,645.0,0.0,646.0,0.155,,,,,
1789039105.8104,load,3,-1,28343,,,,,,,646.0,0.0,647.0,1797.944,,,,,
1789039105.9242,load,3,-1,28343,,,,,,,647.0,0.0,648.0,0.119,,,,,
1789039108.1482,load,3,-1,28343,,,,,,,648.0,0.0,649.0,1818.214,,,,,
1789039108.2647,load,3,-1,28343,,,,,,,649.0,0.0,650.0,0.109,,,,,
1789039110.8138,load,3,-1,28343,,,,,,,650.0,0.0,651.0,2363.518,,,,,
1789039111.1939,load,3,-1,28343,,,,,,,651.0,0.0,652.0,0.141,,,,,
1789039113.1876,load,3,-1,28343,,,,,,,652.0,0.0,653.0,1877.086,,,,,
1789039113.3031,load,3,-1,28343,,,,,,,653.0,0.0,654.0,0.152,,,,,
1789039115.3609,load,3,-1,28343,,,,,,,654.0,0.0,655.0,1636.5,,,,,
1789039115.4797,load,3,-1,28343,,,,,,,655.0,0.0,656.0,0.166,,,,,
1789039117.3701,load,3,-1,28343,,,,,,,656.0,0.0,657.0,1697.005,,,,,
1789039117.7272,load,3,-1,28343,,,,,,,657.0,0.0,658.0,0.092,,,,,
1789039119.8108,load,3,-1,28343,,,,,,,658.0,0.0,659.0,1902.335,,,,,
1789039119.9227,load,3,-1,28343,,,,,,,659.0,0.0,660.0,0.153,,,,,
1789039122.1205,load,3,-1,28343,,,,,,,660.0,0.0,661.0,1780.136,,,,,
1789039122.3484,load,3,-1,28343,,,,,,,661.0,0.0,662.0,0.111,,,,,
1789039124.4176,load,3,-1,28343,,,,,,,662.0,0.0,663.0,1955.993,,,,,
1789039124.7781,load,3,-1,28343,,,,,,,663.0,0.0,664.0,0.149,,,,,
1789039127.1252,load,3,-1,28343,,,,,,,664.0,0.0,665.0,2200.921,,,,,
1789039127.2546,load,3,-1,28343,,,,,,,665.0,0.0,666.0,0.118,,,,,
1789039129.5053,load,3,-1,28343,,,,,,,666.0,0.0,667.0,1814.615,,,,,
1789039129.6218,load,3,-1,28343,,,,,,,667.0,0.0,668.0,0.107,,,,,
1789039131.8594,load,3,-1,28343,,,,,,,668.0,0.0,669.0,2011.516,,,,,
1789039132.2023,load,3,-1,28343,,,,,,,669.0,0.0,670.0,0.077,,,,,
1789039134.8405,load,3,-1,28343,,,,,,,670.0,0.0,671.0,2480.024,,,,,
1789039134.953,load,3,-1,28343,,,,,,,671.0,0.0,672.0,0.093,,,,,
1789039137.4457,load,3,-1,28343,,,,,,,672.0,0.0,673.0,2019.202,,,,,
1789039137.5613,load,3,-1,28343,,,,,,,673.0,0.0,674.0,0.142,,,,,
1789039139.7621,load,3,-1,28343,,,,,,,674.0,0.0,675.0,2016.865,,,,,
1789039140.1451,load,3,-1,28343,,,,,,,675.0,0.0,676.0,0.108,,,,,
1789039142.0035,load,3,-1,28343,,,,,,,676.0,0.0,677.0,1744.602,,,,,
1789039142.1149,load,3,-1,28343,,,,,,,677.0,0.0,678.0,0.093,,,,,
1789039144.3954,load,3,-1,28343,,,,,,,678.0,0.0,679.0,1844.357,,,,,
1789039144.5178,load,3,-1,28343,,,,,,,679.0,0.0,680.0,0.092,,,,,
1789039147.2377,load,3,-1,28343,,,,,,,680.0,0.0,681.0,2527.792,,,,,
1789039147.6667,load,3,-1,28343,,,,,,,681.0,0.0,682.0,0.114,,,,,
1789039149.5268,load,3,-1,28343,,,,,,,682.0,0.0,683.0,1746.905,,,,,
1789039149.6748,load,3,-1,28343,,,,,,,683.0,0.0,684.0,0.099,,,,,
1789039152.1817,load,3,-1,28343,,,,,,,684.0,0.0,685.0,2097.099,,,,,
1789039152.2982,load,3,-1,28343,,,,,,,685.0,0.0,686.0,0.294,,,,,
1789039154.4759,load,3,-1,28343,,,,,,,686.0,0.0,687.0,1998.725,,,,,
1789039154.8261,load,3,-1,28343,,,,,,,687.0,0.0,688.0,0.127,,,,,
1789039156.7719,load,3,-1,28343,,,,,,,688.0,0.0,689.0,1807.631,,,,,
1789039156.8837,load,3,-1,28343,,,,,,,689.0,0.0,690.0,0.095,,,,,
1789039159.3491,load,3,-1,28343,,,,,,,690.0,0.0,691.0,1954.25,,,,,
1789039159.4829,load,3,-1,28343,,,,,,,691.0,0.0,692.0,0.353,,,,,
1789039161.8828,load,3,-1,28343,,,,,,,692.0,0.0,693.0,1980.727,,,,,
1789039162.2573,load,3,-1,28343,,,,,,,693.0,0.0,694.0,0.084,,,,,
1789039163.9837,load,3,-1,28343,,,,,,,694.0,0.0,695.0,1614.15,,,,,
1789039164.0969,load,3,-1,28343,,,,,,,695.0,0.0,696.0,0.123,,,,,
1789039166.5148,load,3,-1,28343,,,,,,,696.0,0.0,697.0,1996.266,,,,,
1789039166.6264,load,3,-1,28343,,,,,,,697.0,0.0,698.0,0.119,,,,,
1789039168.9172,load,3,-1,28343,,,,,,,698.0,0.0,699.0,2105.476,,,,,
1789039169.2744,load,3,-1,28343,,,,,,,699.0,0.0,700.0,0.093,,,,,
1789039171.2711,load,3,-1,28343,,,,,,,700.0,0.0,701.0,1876.427,,,,,
1789039171.4918,load,3,-1,28343,,,,,,,701.0,0.0,702.0,0.111,,,,,
1789039174.105,load,3,-1,28343,,,,,,,702.0,0.0,703.0,2259.78,,,,,
1789039174.217,load,3,-1,28343,,,,,,,703.0,0.0,704.0,0.113,,,,,
1789039176.749,load,3,-1,28343,,,,,,,704.0,0.0,705.0,2335.62,,,,,
1789039177.0897,load,3,-1,28343,,,,,,,705.0,0.0,706.0,0.079,,,,,
1789039178.7332,load,3,-1,28343,,,,,,,706.0,0.0,707.0,1522.194,,,,,
1789039178.8476,load,3,-1,28343,,,,,,,707.0,0.0,708.0,0.118,,,,,
1789039181.0249,load,3,-1,28343,,,,,,,708.0,0.0,709.0,1707.855,,,,,
1789039181.1452,load,3,-1,28343,,,,,,,709.0,0.0,710.0,0.113,,,,,
1789039183.5024,load,3,-1,28343,,,,,,,710.0,0.0,711.0,2177.502,,,,,
1789039183.8786,load,3,-1,28343,,,,,,,711.0,0.0,712.0,0.252,,,,,
1789039186.0071,load,3,-1,28343,,,,,,,712.0,0.0,713.0,1977.158,,,,,
1789039186.1213,load,3,-1,28343,,,,,,,713.0,0.0,714.0,0.1,,,,,
1789039188.1775,load,3,-1,28343,,,,,,,714.0,0.0,715.0,1628.807,,,,,
1789039188.3098,load,3,-1,28343,,,,,,,715.0,0.0,716.0,0.108,,,,,
1789039190.5039,load,3,-1,28343,,,,,,,716.0,0.0,717.0,2014.462,,,,,
1789039190.8734,load,3,-1,28343,,,,,,,717.0,0.0,718.0,0.079,,,,,
1789039193.3328,load,3,-1,28343,,,,,,,718.0,0.0,719.0,2304.935,,,,,
1789039193.4444,load,3,-1,28343,,,,,,,719.0,0.0,720.0,0.1,,,,,
1789039196.0906,load,3,-1,28343,,,,,,,720.0,0.0,721.0,2229.074,,,,,
1789039196.298,load,3,-1,28343,,,,,,,721.0,0.0,722.0,0.15,,,,,
1789039198.411,load,3,-1,28343,,,,,,,722.0,0.0,723.0,1998.893,,,,,
1789039198.7752,load,3,-1,28343,,,,,,,723.0,0.0,724.0,0.098,,,,,
1789039200.7042,load,3,-1,28343,,,,,,,724.0,0.0,725.0,1794.484,,,,,
1789039200.816,load,3,-1,28343,,,,,,,725.0,0.0,726.0,0.122,,,,,
1789039203.3413,load,3,-1,28343,,,,,,,726.0,0.0,727.0,2086.816,,,,,
1789039203.455,load,3,-1,28343,,,,,,,727.0,0.0,728.0,0.162,,,,,
1789039205.4776,load,3,-1,28343,,,,,,,728.0,0.0,729.0,1819.742,,,,,
1789039205.823,load,3,-1,28343,,,,,,,729.0,0.0,730.0,0.09,,,,,
1789039207.8303,load,3,-1,28343,,,,,,,730.0,0.0,731.0,1847.584,,,,,
1789039207.9417,load,3,-1,28343,,,,,,,731.0,0.0,732.0,0.113,,,,,
1789039210.4939,load,3,-1,28343,,,,,,,732.0,0.0,733.0,2136.192,,,,,
1789039210.607,load,3,-1,28343,,,,,,,733.0,0.0,734.0,0.113,,,,,
1789039212.9497,load,3,-1,28343,,,,,,,734.0,0.0,735.0,2160.284,,,,,
1789039213.3489,load,3,-1,28343,,,,,,,735.0,0.0,736.0,0.575,,,,,
1789039215.4901,load,3,-1,28343,,,,,,,736.0,0.0,737.0,2029.069,,,,,
1789039215.602,load,3,-1,28343,,,,,,,737.0,0.0,738.0,0.129,,,,,
1789039217.8464,load,3,-1,28343,,,,,,,738.0,0.0,739.0,1780.09,,,,,
1789039217.9583,load,3,-1,28343,,,,,,,739.0,0.0,740.0,0.092,,,,,
1789039220.4034,load,3,-1,28343,,,,,,,740.0,0.0,741.0,2011.611,,,,,
1789039220.8656,load,3,-1,28343,,,,,,,741.0,0.0,742.0,0.11,,,,,
1789039222.4463,load,3,-1,28343,,,,,,,742.0,0.0,743.0,1451.879,,,,,
1789039222.5603,load,3,-1,28343,,,,,,,743.0,0.0,744.0,0.117,,,,,
1789039224.7323,load,3,-1,28343,,,,,,,744.0,0.0,745.0,1760.991,,,,,
1789039225.1297,load,3,-1,28343,,,,,,,745.0,0.0,746.0,0.095,,,,,
1789039227.0723,load,3,-1,28343,,,,,,,746.0,0.0,747.0,1762.276,,,,,
1789039227.4182,load,3,-1,28343,,,,,,,747.0,0.0,748.0,0.08,,,,,
1789039229.616,load,3,-1,28343,,,,,,,748.0,0.0,749.0,2088.073,,,,,
1789039229.9965,load,3,-1,28343,,,,,,,749.0,0.0,750.0,0.266,,,,,
1789039231.8804,load,3,-1,28343,,,,,,,750.0,0.0,751.0,1458.285,,,,,
1789039231.9929,load,3,-1,28343,,,,,,,751.0,0.0,752.0,0.1,,,,,
1789039234.2833,load,3,-1,28343,,,,,,,752.0,0.0,753.0,2106.789,,,,,
1789039234.6281,load,3,-1,28343,,,,,,,753.0,0.0,754.0,0.075,,,,,
1789039237.3618,load,3,-1,28343,,,,,,,754.0,0.0,755.0,2581.403,,,,,
1789039237.4738,load,3,-1,28343,,,,,,,755.0,0.0,756.0,0.104,,,,,
1789039239.7676,load,3,-1,28343,,,,,,,756.0,0.0,757.0,1842.271,,,,,
1789039239.88,load,3,-1,28343,,,,,,,757.0,0.0,758.0,0.136,,,,,
1789039241.9653,load,3,-1,28343,,,,,,,758.0,0.0,759.0,1902.031,,,,,
1789039242.3386,load,3,-1,28343,,,,,,,759.0,0.0,760.0,0.092,,,,,
1789039244.9112,load,3,-1,28343,,,,,,,760.0,0.0,761.0,2460.819,,,,,
1789039245.1033,load,3,-1,28343,,,,,,,761.0,0.0,762.0,0.099,,,,,
1789039247.2379,load,3,-1,28343,,,,,,,762.0,0.0,763.0,1781.73,,,,,
1789039247.381,load,3,-1,28343,,,,,,,763.0,0.0,764.0,0.082,,,,,
1789039248.7167,load,3,-1,28343,,,,,,,764.0,0.0,765.0,1159.742,,,,,
1789039249.0581,load,3,-1,28343,,,,,,,765.0,0.0,766.0,0.076,,,,,
1789039251.3004,load,3,-1,28343,,,,,,,766.0,0.0,767.0,2061.978,,,,,
1789039251.4106,load,3,-1,28343,,,,,,,767.0,0.0,768.0,0.089,,,,,
1789039253.0549,load,3,-1,28343,,,,,,,768.0,0.0,769.0,1221.038,,,,,
1789039253.1681,load,3,-1,28343,,,,,,,769.0,0.0,770.0,0.105,,,,,
1789039255.3249,load,3,-1,28343,,,,,,,770.0,0.0,771.0,1970.613,,,,,
1789039255.6955,load,3,-1,28343,,,,,,,771.0,0.0,772.0,0.121,,,,,
1789039257.9299,load,3,-1,28343,,,,,,,772.0,0.0,773.0,2083.391,,,,,
1789039258.0406,load,3,-1,28343,,,,,,,773.0,0.0,774.0,0.086,,,,,
1789039260.4054,load,3,-1,28343,,,,,,,774.0,0.0,775.0,1951.881,,,,,
1789039260.5213,load,3,-1,28343,,,,,,,775.0,0.0,776.0,0.092,,,,,
1789039262.7319,load,3,-1,28343,,,,,,,776.0,0.0,777.0,2030.832,,,,,
1789039263.0792,load,3,-1,28343,,,,,,,777.0,0.0,778.0,0.13,,,,,
1789039264.7863,load,3,-1,28343,,,,,,,778.0,0.0,779.0,1573.589,,,,,
1789039264.9002,load,3,-1,28343,,,,,,,779.0,0.0,780.0,0.149,,,,,
1789039267.1115,load,3,-1,28343,,,,,,,780.0,0.0,781.0,1766.83,,,,,
1789039267.3286,load,3,-1,28343,,,,,,,781.0,0.0,782.0,0.125,,,,,
1789039270.0426,load,3,-1,28343,,,,,,,782.0,0.0,783.0,2598.369,,,,,
1789039270.3862,load,3,-1,28343,,,,,,,783.0,0.0,784.0,0.092,,,,,
1789039272.8639,load,3,-1,28343,,,,,,,784.0,0.0,785.0,2338.351,,,,,
1789039272.9737,load,3,-1,28343,,,,,,,785.0,0.0,786.0,0.086,,,,,
1789039275.4775,load,3,-1,28343,,,,,,,786.0,0.0,787.0,2078.194,,,,,
1789039275.591,load,3,-1,28343,,,,,,,787.0,0.0,788.0,0.086,,,,,
1789039278.2616,load,3,-1,28343,,,,,,,788.0,0.0,789.0,2489.043,,,,,
1789039278.6036,load,3,-1,28343,,,,,,,789.0,0.0,790.0,0.183,,,,,
1789039280.5153,load,3,-1,28343,,,,,,,790.0,0.0,791.0,1774.968,,,,,
1789039280.6529,load,3,-1,28343,,,,,,,791.0,0.0,792.0,0.106,,,,,
1789039283.1405,load,3,-1,28343,,,,,,,792.0,0.0,793.0,2067.451,,,,,
1789039283.2531,load,3,-1,28343,,,,,,,793.0,0.0,794.0,0.093,,,,,
1789039284.8851,load,3,-1,28343,,,,,,,794.0,0.0,795.0,1447.089,,,,,
1789039285.2312,load,3,-1,28343,,,,,,,795.0,0.0,796.0,0.094,,,,,
1789039287.1089,load,3,-1,28343,,,,,,,796.0,0.0,797.0,1767.673,,,,,
1789039287.2219,load,3,-1,28343,,,,,,,797.0,0.0,798.0,0.093,,,,,
1789039289.5776,load,3,-1,28343,,,,,,,798.0,0.0,799.0,1922.298,,,,,
1789039289.689,load,3,-1,28343,,,,,,,799.0,0.0,800.0,0.093,,,,,
1789039291.763,load,3,-1,28343,,,,,,,800.0,0.0,801.0,1888.415,,,,,
1789039292.2015,load,3,-1,28343,,,,,,,801.0,0.0,802.0,0.104,,,,,
1789039294.3037,load,3,-1,28343,,,,,,,802.0,0.0,803.0,1986.433,,,,,
1789039294.4166,load,3,-1,28343,,,,,,,803.0,0.0,804.0,0.121,,,,,
1789039297.046,load,3,-1,28343,,,,,,,804.0,0.0,805.0,2209.961,,,,,
1789039297.1572,load,3,-1,28343,,,,,,,805.0,0.0,806.0,0.092,,,,,
1789039299.706,load,3,-1,28343,,,,,,,806.0,0.0,807.0,2363.611,,,,,
1789039300.0495,load,3,-1,28343,,,,,,,807.0,0.0,808.0,0.103,,,,,
1789039302.6183,load,3,-1,28343,,,,,,,808.0,0.0,809.0,2409.853,,,,,
1789039302.7281,load,3,-1,28343,,,,,,,809.0,0.0,810.0,0.086,,,,,
1789039305.0346,load,3,-1,28343,,,,,,,810.0,0.0,811.0,1896.335,,,,,
1789039305.1474,load,3,-1,28343,,,,,,,811.0,0.0,812.0,0.152,,,,,
1789039307.218,load,3,-1,28343,,,,,,,812.0,0.0,813.0,1863.722,,,,,
1789039307.5786,load,3,-1,28343,,,,,,,813.0,0.0,814.0,0.081,,,,,
1789039309.3983,load,3,-1,28343,,,,,,,814.0,0.0,815.0,1696.568,,,,,
1789039309.5109,load,3,-1,28343,,,,,,,815.0,0.0,816.0,0.11,,,,,
1789039311.5092,load,3,-1,28343,,,,,,,816.0,0.0,817.0,1575.816,,,,,
1789039311.6204,load,3,-1,28343,,,,,,,817.0,0.0,818.0,0.09,,,,,
1789039313.9093,load,3,-1,28343,,,,,,,818.0,0.0,819.0,2107.643,,,,,
1789039314.2673,load,3,-1,28343,,,,,,,819.0,0.0,820.0,0.077,,,,,
1789039316.6508,load,3,-1,28343,,,,,,,820.0,0.0,821.0,2273.118,,,,,
1789039316.8407,load,3,-1,28343,,,,,,,821.0,0.0,822.0,0.095,,,,,
1789039318.9675,load,3,-1,28343,,,,,,,822.0,0.0,823.0,1778.722,,,,,
1789039319.1023,load,3,-1,28343,,,,,,,823.0,0.0,824.0,0.089,,,,,
1789039320.9175,load,3,-1,28343,,,,,,,824.0,0.0,825.0,1634.189,,,,,
1789039321.2551,load,3,-1,28343,,,,,,,825.0,0.0,826.0,0.088,,,,,
1789039323.4248,load,3,-1,28343,,,,,,,826.0,0.0,827.0,2057.339,,,,,
1789039323.536,load,3,-1,28343,,,,,,,827.0,0.0,828.0,0.091,,,,,
1789039325.6949,load,3,-1,28343,,,,,,,828.0,0.0,829.0,1740.867,,,,,
1789039325.8068,load,3,-1,28343,,,,,,,829.0,0.0,830.0,0.092,,,,,
1789039328.3193,load,3,-1,28343,,,,,,,830.0,0.0,831.0,2330.343,,,,,
1789039328.6553,load,3,-1,28343,,,,,,,831.0,0.0,832.0,0.073,,,,,
1789039330.7337,load,3,-1,28343,,,,,,,832.0,0.0,833.0,1905.483,,,,,
1789039330.8563,load,3,-1,28343,,,,,,,833.0,0.0,834.0,0.098,,,,,
1789039333.5403,load,3,-1,28343,,,,,,,834.0,0.0,835.0,2210.848,,,,,
1789039333.6525,load,3,-1,28343,,,,,,,835.0,0.0,836.0,0.092,,,,,
1789039335.7953,load,3,-1,28343,,,,,,,836.0,0.0,837.0,1962.517,,,,,
1789039336.15,load,3,-1,28343,,,,,,,837.0,0.0,838.0,0.103,,,,,
1789039338.0256,load,3,-1,28343,,,,,,,838.0,0.0,839.0,1703.984,,,,,
1789039338.1556,load,3,-1,28343,,,,,,,839.0,0.0,840.0,0.092,,,,,
1789039340.1679,load,3,-1,28343,,,,,,,840.0,0.0,841.0,1593.747,,,,,
1789039340.3578,load,3,-1,28343,,,,,,,841.0,0.0,842.0,0.096,,,,,
1789039342.3632,load,3,-1,28343,,,,,,,842.0,0.0,843.0,1891.659,,,,,
1789039342.6995,load,3,-1,28343,,,,,,,843.0,0.0,844.0,0.077,,,,,
1789039345.087,load,3,-1,28343,,,,,,,844.0,0.0,845.0,2264.66,,,,,
1789039345.2188,load,3,-1,28343,,,,,,,845.0,0.0,846.0,0.085,,,,,
1789039346.8219,load,3,-1,28343,,,,,,,846.0,0.0,847.0,1187.266,,,,,
1789039346.9328,load,3,-1,28343,,,,,,,847.0,0.0,848.0,0.089,,,,,
1789039349.1859,load,3,-1,28343,,,,,,,848.0,0.0,849.0,2068.975,,,,,
1789039349.5316,load,3,-1,28343,,,,,,,849.0,0.0,850.0,0.082,,,,,
1789039351.3154,load,3,-1,28343,,,,,,,850.0,0.0,851.0,1644.894,,,,,
1789039351.5621,load,3,-1,28343,,,,,,,851.0,0.0,852.0,135.278,,,,,
1789039353.8897,load,3,-1,28343,,,,,,,852.0,0.0,853.0,1954.404,,,,,
1789039354.0378,load,3,-1,28343,,,,,,,853.0,0.0,854.0,0.098,,,,,
1789039356.527,load,3,-1,28343,,,,,,,854.0,0.0,855.0,2307.489,,,,,
1789039356.8751,load,3,-1,28343,,,,,,,855.0,0.0,856.0,0.078,,,,,
1789039358.8618,load,3,-1,28343,,,,,,,856.0,0.0,857.0,1822.644,,,,,
1789039359.2094,load,3,-1,28343,,,,,,,857.0,0.0,858.0,237.018,,,,,
1789039361.0651,load,3,-1,28343,,,,,,,858.0,0.0,859.0,1506.855,,,,,
1789039361.9239,load,3,-1,28343,,,,,,,859.0,0.0,860.0,748.135,,,,,
1789039363.4518,load,3,-1,28343,,,,,,,860.0,0.0,861.0,1415.041,,,,,
1789039364.1789,load,3,-1,28343,,,,,,,861.0,0.0,862.0,269.46,,,,,
1789039366.0806,load,3,-1,28343,,,,,,,862.0,0.0,863.0,1791.682,,,,,
1789039366.4275,load,3,-1,28343,,,,,,,863.0,0.0,864.0,236.577,,,,,
1789039368.3197,load,3,-1,28343,,,,,,,864.0,0.0,865.0,1550.644,,,,,
1789039368.5281,load,3,-1,28343,,,,,,,865.0,0.0,866.0,97.605,,,,,
1789039370.5567,load,3,-1,28343,,,,,,,866.0,0.0,867.0,1919.936,,,,,
1789039370.9009,load,3,-1,28343,,,,,,,867.0,0.0,868.0,0.097,,,,,
1789039372.7756,load,3,-1,28343,,,,,,,868.0,0.0,869.0,1763.383,,,,,
1789039373.0314,load,3,-1,28343,,,,,,,869.0,0.0,870.0,145.957,,,,,
1789039375.3279,load,3,-1,28343,,,,,,,870.0,0.0,871.0,1954.208,,,,,
1789039376.0772,load,3,-1,28343,,,,,,,871.0,0.0,872.0,635.405,,,,,
1789039377.2345,load,3,-1,28343,,,,,,,872.0,0.0,873.0,1048.235,,,,,
1789039378.8691,load,3,-1,28343,,,,,,,873.0,0.0,874.0,1293.814,,,,,
1789039379.7516,load,3,-1,28343,,,,,,,874.0,0.0,875.0,770.978,,,,,
1789039381.1007,load,3,-1,28343,,,,,,,875.0,0.0,876.0,1228.702,,,,,
1789039382.2259,load,3,-1,28343,,,,,,,876.0,0.0,877.0,760.876,,,,,
1789039383.5427,load,3,-1,28343,,,,,,,877.0,0.0,878.0,1205.081,,,,,
1789039384.5334,load,3,-1,28343,,,,,,,878.0,0.0,879.0,880.792,,,,,
1789039385.898,load,3,-1,28343,,,,,,,879.0,0.0,880.0,1022.974,,,,,
1789039386.8579,load,3,-1,28343,,,,,,,880.0,0.0,881.0,849.213,,,,,
1789039388.5926,load,3,-1,28343,,,,,,,881.0,0.0,882.0,1545.416,,,,,
1789039389.1556,load,3,-1,28343,,,,,,,882.0,0.0,883.0,215.645,,,,,
1789039390.7453,load,3,-1,28343,,,,,,,883.0,0.0,884.0,1466.146,,,,,
1789039392.0627,load,3,-1,28343,,,,,,,884.0,0.0,885.0,1199.207,,,,,
1789039393.8729,load,3,-1,28343,,,,,,,885.0,0.0,886.0,1473.816,,,,,
1789039394.1915,load,3,-1,28343,,,,,,,886.0,0.0,887.0,208.59,,,,,
1789039396.3765,load,3,-1,28343,,,,,,,887.0,0.0,888.0,2054.638,,,,,
1789039396.8772,load,3,-1,28343,,,,,,,888.0,0.0,889.0,154.729,,,,,
1789039398.7177,load,3,-1,28343,,,,,,,889.0,0.0,890.0,1727.356,,,,,
1789039399.8305,load,3,-1,28343,,,,,,,890.0,0.0,891.0,963.664,,,,,
1789039400.7297,load,3,-1,28343,,,,,,,891.0,0.0,892.0,555.149,,,,,
1789039401.6438,load,3,-1,28343,,,,,,,892.0,0.0,893.0,804.876,,,,,
1789039403.3354,load,3,-1,28343,,,,,,,893.0,0.0,894.0,1577.663,,,,,
1789039403.684,load,3,-1,28343,,,,,,,894.0,0.0,895.0,0.083,,,,,
1789039405.2092,load,3,-1,28343,,,,,,,895.0,0.0,896.0,1368.908,,,,,
1789039405.9298,load,3,-1,28343,,,,,,,896.0,0.0,897.0,611.248,,,,,
1789039407.7879,load,3,-1,28343,,,,,,,897.0,0.0,898.0,1520.747,,,,,
1789039409.0457,load,3,-1,28343,,,,,,,898.0,0.0,899.0,1147.28,,,,,
1789039409.8413,load,3,-1,28343,,,,,,,899.0,0.0,900.0,661.847,,,,,
1789039412.0241,load,3,-1,28343,,,,,,,900.0,0.0,901.0,1830.98,,,,,
1789039412.212,load,3,-1,28343,,,,,,,901.0,0.0,902.0,0.09,,,,,
1789039414.6092,load,3,-1,28343,,,,,,,902.0,0.0,903.0,2283.016,,,,,
1789039414.9705,load,3,-1,28343,,,,,,,903.0,0.0,904.0,0.079,,,,,
1789039416.6836,load,3,-1,28343,,,,,,,904.0,0.0,905.0,1597.717,,,,,
1789039416.7951,load,3,-1,28343,,,,,,,905.0,0.0,906.0,0.097,,,,,
1789039418.674,load,3,-1,28343,,,,,,,906.0,0.0,907.0,1451.172,,,,,
1789039419.1906,load,3,-1,28343,,,,,,,907.0,0.0,908.0,406.103,,,,,
1789039421.1373,load,3,-1,28343,,,,,,,908.0,0.0,909.0,1835.937,,,,,
1789039421.5125,load,3,-1,28343,,,,,,,909.0,0.0,910.0,0.092,,,,,
1789039423.22,load,3,-1,28343,,,,,,,910.0,0.0,911.0,1597.022,,,,,
1789039424.1508,load,3,-1,28343,,,,,,,911.0,0.0,912.0,818.774,,,,,
1789039425.4664,load,3,-1,28343,,,,,,,912.0,0.0,913.0,953.032,,,,,
1789039427.0358,load,3,-1,28343,,,,,,,913.0,0.0,914.0,1455.336,,,,,
1789039428.6408,load,3,-1,28343,,,,,,,914.0,0.0,915.0,1469.963,,,,,
1789039429.0205,load,3,-1,28343,,,,,,,915.0,0.0,916.0,0.086,,,,,
1789039431.061,load,3,-1,28343,,,,,,,916.0,0.0,917.0,1894.439,,,,,
1789039431.2137,load,3,-1,28343,,,,,,,917.0,0.0,918.0,0.099,,,,,
1789039433.7429,load,3,-1,28343,,,,,,,918.0,0.0,919.0,2110.532,,,,,
1789039433.8702,load,3,-1,28343,,,,,,,919.0,0.0,920.0,0.09,,,,,
1789039436.1579,load,3,-1,28343,,,,,,,920.0,0.0,921.0,2104.232,,,,,
1789039436.6094,load,3,-1,28343,,,,,,,921.0,0.0,922.0,0.108,,,,,
1789039438.2076,load,3,-1,28343,,,,,,,922.0,0.0,923.0,1485.391,,,,,
1789039438.6045,load,3,-1,28343,,,,,,,923.0,0.0,924.0,278.174,,,,,
1789039441.0043,load,3,-1,28343,,,,,,,924.0,0.0,925.0,2061.761,,,,,
1789039441.1146,load,3,-1,28343,,,,,,,925.0,0.0,926.0,0.09,,,,,
1789039443.2503,load,3,-1,28343,,,,,,,926.0,0.0,927.0,1947.422,,,,,
1789039443.6025,load,3,-1,28343,,,,,,,927.0,0.0,928.0,0.085,,,,,
1789039445.4429,load,3,-1,28343,,,,,,,928.0,0.0,929.0,1728.762,,,,,
1789039445.5545,load,3,-1,28343,,,,,,,929.0,0.0,930.0,0.098,,,,,
1789039447.5143,load,3,-1,28343,,,,,,,930.0,0.0,931.0,1541.794,,,,,
1789039447.6276,load,3,-1,28343,,,,,,,931.0,0.0,932.0,0.107,,,,,
1789039449.7885,load,3,-1,28343,,,,,,,932.0,0.0,933.0,1974.198,,,,,
1789039450.178,load,3,-1,28343,,,,,,,933.0,0.0,934.0,0.131,,,,,
1789039451.9162,load,3,-1,28343,,,,,,,934.0,0.0,935.0,1510.255,,,,,
1789039452.0265,load,3,-1,28343,,,,,,,935.0,0.0,936.0,0.088,,,,,
1789039454.6379,load,3,-1,28343,,,,,,,936.0,0.0,937.0,2191.969,,,,,
1789039454.7506,load,3,-1,28343,,,,,,,937.0,0.0,938.0,0.089,,,,,
1789039456.658,load,3,-1,28343,,,,,,,938.0,0.0,939.0,1724.285,,,,,
1789039456.9991,load,3,-1,28343,,,,,,,939.0,0.0,940.0,0.228,,,,,
1789039459.2192,load,3,-1,28343,,,,,,,940.0,0.0,941.0,2051.918,,,,,
1789039459.4135,load,3,-1,28343,,,,,,,941.0,0.0,942.0,0.172,,,,,
1789039461.3143,load,3,-1,28343,,,,,,,942.0,0.0,943.0,1554.099,,,,,
1789039461.425,load,3,-1,28343,,,,,,,943.0,0.0,944.0,0.096,,,,,
1789039463.5239,load,3,-1,28343,,,,,,,944.0,0.0,945.0,1914.364,,,,,
1789039463.8719,load,3,-1,28343,,,,,,,945.0,0.0,946.0,0.086,,,,,
1789039466.2084,load,3,-1,28343,,,,,,,946.0,0.0,947.0,2198.6,,,,,
1789039466.3183,load,3,-1,28343,,,,,,,947.0,0.0,948.0,0.092,,,,,
1789039468.9555,load,3,-1,28343,,,,,,,948.0,0.0,949.0,2225.826,,,,,
1789039469.0657,load,3,-1,28343,,,,,,,949.0,0.0,950.0,0.095,,,,,
1789039471.3157,load,3,-1,28343,,,,,,,950.0,0.0,951.0,2054.387,,,,,
1789039471.6698,load,3,-1,28343,,,,,,,951.0,0.0,952.0,0.082,,,,,
1789039473.7529,load,3,-1,28343,,,,,,,952.0,0.0,953.0,1946.545,,,,,
1789039473.8645,load,3,-1,28343,,,,,,,953.0,0.0,954.0,0.089,,,,,
1789039476.3864,load,3,-1,28343,,,,,,,954.0,0.0,955.0,2106.996,,,,,
1789039476.4969,load,3,-1,28343,,,,,,,955.0,0.0,956.0,0.097,,,,,
1789039478.9418,load,3,-1,28343,,,,,,,956.0,0.0,957.0,2260.942,,,,,
1789039479.293,load,3,-1,28343,,,,,,,957.0,0.0,958.0,0.116,,,,,
1789039481.2033,load,3,-1,28343,,,,,,,958.0,0.0,959.0,1775.003,,,,,
1789039481.3143,load,3,-1,28343,,,,,,,959.0,0.0,960.0,0.094,,,,,
1789039483.0159,load,3,-1,28343,,,,,,,960.0,0.0,961.0,1267.058,,,,,
1789039483.6438,load,3,-1,28343,,,,,,,961.0,0.0,962.0,438.589,,,,,
1789039485.1933,load,3,-1,28343,,,,,,,962.0,0.0,963.0,1440.136,,,,,
1789039485.5763,load,3,-1,28343,,,,,,,963.0,0.0,964.0,0.092,,,,,
1789039488.0511,load,3,-1,28343,,,,,,,964.0,0.0,965.0,2365.076,,,,,
1789039488.189,load,3,-1,28343,,,,,,,965.0,0.0,966.0,0.095,,,,,
1789039490.7651,load,3,-1,28343,,,,,,,966.0,0.0,967.0,2159.389,,,,,
1789039490.9169,load,3,-1,28343,,,,,,,967.0,0.0,968.0,0.11,,,,,
1789039493.2184,load,3,-1,28343,,,,,,,968.0,0.0,969.0,2109.911,,,,,
1789039493.6102,load,3,-1,28343,,,,,,,969.0,0.0,970.0,0.118,,,,,
1789039495.926,load,3,-1,28343,,,,,,,970.0,0.0,971.0,2205.182,,,,,
1789039496.0665,load,3,-1,28343,,,,,,,971.0,0.0,972.0,0.106,,,,,
1789039498.1804,load,3,-1,28343,,,,,,,972.0,0.0,973.0,1707.67,,,,,
1789039498.9377,load,3,-1,28343,,,,,,,973.0,0.0,974.0,643.676,,,,,
1789039500.3929,load,3,-1,28343,,,,,,,974.0,0.0,975.0,1342.005,,,,,
1789039501.061,load,3,-1,28343,,,,,,,975.0,0.0,976.0,294.731,,,,,
1789039502.4053,load,3,-1,28343,,,,,,,976.0,0.0,977.0,1233.407,,,,,
1789039503.5998,load,3,-1,28343,,,,,,,977.0,0.0,978.0,1082.349,,,,,
1789039505.3729,load,3,-1,28343,,,,,,,978.0,0.0,979.0,1419.652,,,,,
1789039505.6459,load,3,-1,28343,,,,,,,979.0,0.0,980.0,162.935,,,,,
1789039508.0762,load,3,-1,28343,,,,,,,980.0,0.0,981.0,2320.568,,,,,
1789039508.4942,load,3,-1,28343,,,,,,,981.0,0.0,982.0,0.096,,,,,
1789039510.5153,load,3,-1,28343,,,,,,,982.0,0.0,983.0,1907.596,,,,,
1789039510.6266,load,3,-1,28343,,,,,,,983.0,0.0,984.0,0.089,,,,,
1789039513.0141,load,3,-1,28343,,,,,,,984.0,0.0,985.0,1977.896,,,,,
1789039513.1279,load,3,-1,28343,,,,,,,985.0,0.0,986.0,0.106,,,,,
1789039515.404,load,3,-1,28343,,,,,,,986.0,0.0,987.0,2071.69,,,,,
1789039515.7579,load,3,-1,28343,,,,,,,987.0,0.0,988.0,0.079,,,,,
1789039517.7053,load,3,-1,28343,,,,,,,988.0,0.0,989.0,1834.557,,,,,
1789039517.8272,load,3,-1,28343,,,,,,,989.0,0.0,990.0,0.097,,,,,
1789039519.8176,load,3,-1,28343,,,,,,,990.0,0.0,991.0,1523.486,,,,,
1789039519.9282,load,3,-1,28343,,,,,,,991.0,0.0,992.0,0.093,,,,,
1789039522.6065,load,3,-1,28343,,,,,,,992.0,0.0,993.0,2491.599,,,,,
1789039522.9552,load,3,-1,28343,,,,,,,993.0,0.0,994.0,0.085,,,,,
1789039525.1264,load,3,-1,28343,,,,,,,994.0,0.0,995.0,2030.601,,,,,
1789039525.2366,load,3,-1,28343,,,,,,,995.0,0.0,996.0,0.1,,,,,
1789039527.0479,load,3,-1,28343,,,,,,,996.0,0.0,997.0,1397.346,,,,,
1789039527.1587,load,3,-1,28343,,,,,,,997.0,0.0,998.0,0.092,,,,,
1789039529.7812,load,3,-1,28343,,,,,,,998.0,0.0,999.0,2439.434,,,,,
1789039530.1245,load,3,-1,28343,,,,,,,999.0,0.0,1000.0,0.077,,,,,
1789038318.0879,load,1,-1,28341,,,,,,,0.0,0.0,1.0,2721.205,,,,,
1789038320.2097,load,1,-1,28341,,,,,,,1.0,0.0,2.0,0.365,,,,,
1789038320.9668,load,1,-1,28341,,,,,,,2.0,0.0,3.0,636.434,,,,,
1789038322.4009,load,1,-1,28341,,,,,,,3.0,0.0,4.0,0.151,,,,,
1789038323.5409,load,1,-1,28341,,,,,,,4.0,0.0,5.0,991.694,,,,,
1789038324.2818,load,1,-1,28341,,,,,,,5.0,0.0,6.0,0.107,,,,,
1789038326.0783,load,1,-1,28341,,,,,,,6.0,0.0,7.0,1244.936,,,,,
1789038326.6545,load,1,-1,28341,,,,,,,7.0,0.0,8.0,0.097,,,,,
1789038327.9404,load,1,-1,28341,,,,,,,8.0,0.0,9.0,1105.158,,,,,
1789038329.2664,load,1,-1,28341,,,,,,,9.0,0.0,10.0,0.216,,,,,
1789038329.7315,load,1,-1,28341,,,,,,,10.0,0.0,11.0,343.894,,,,,
1789038331.0524,load,1,-1,28341,,,,,,,11.0,0.0,12.0,0.109,,,,,
1789038332.3255,load,1,-1,28341,,,,,,,12.0,0.0,13.0,859.162,,,,,
1789038333.4018,load,1,-1,28341,,,,,,,13.0,0.0,14.0,0.123,,,,,
1789038334.1966,load,1,-1,28341,,,,,,,14.0,0.0,15.0,613.087,,,,,
1789038336.2255,load,1,-1,28341,,,,,,,15.0,0.0,16.0,0.088,,,,,
1789038336.3395,load,1,-1,28341,,,,,,,16.0,0.0,17.0,0.101,,,,,
1789038338.556,load,1,-1,28341,,,,,,,17.0,0.0,18.0,0.105,,,,,
1789038338.9749,load,1,-1,28341,,,,,,,18.0,0.0,19.0,0.099,,,,,
1789038340.8518,load,1,-1,28341,,,,,,,19.0,0.0,20.0,0.118,,,,,
1789038341.2303,load,1,-1,28341,,,,,,,20.0,0.0,21.0,0.172,,,,,
1789038343.2816,load,1,-1,28341,,,,,,,21.0,0.0,22.0,0.112,,,,,
1789038344.0248,load,1,-1,28341,,,,,,,22.0,0.0,23.0,0.104,,,,,
1789038345.4298,load,1,-1,28341,,,,,,,23.0,0.0,24.0,0.095,,,,,
1789038346.6181,load,1,-1,28341,,,,,,,24.0,0.0,25.0,0.095,,,,,
1789038347.6998,load,1,-1,28341,,,,,,,25.0,0.0,26.0,0.09,,,,,
1789038348.2197,load,1,-1,28341,,,,,,,26.0,0.0,27.0,0.103,,,,,
1789038350.6704,load,1,-1,28341,,,,,,,27.0,0.0,28.0,0.126,,,,,
1789038350.9435,load,1,-1,28341,,,,,,,28.0,0.0,29.0,0.104,,,,,
1789038353.0391,load,1,-1,28341,,,,,,,29.0,0.0,30.0,0.128,,,,,
1789038354.1987,load,1,-1,28341,,,,,,,30.0,0.0,31.0,0.094,,,,,
1789038355.1351,load,1,-1,28341,,,,,,,31.0,0.0,32.0,0.109,,,,,
1789038356.3946,load,1,-1,28341,,,,,,,32.0,0.0,33.0,0.106,,,,,
1789038358.1538,load,1,-1,28341,,,,,,,33.0,0.0,34.0,0.089,,,,,
1789038359.6675,load,1,-1,28341,,,,,,,34.0,0.0,35.0,0.114,,,,,
1789038359.9752,load,1,-1,28341,,,,,,,35.0,0.0,36.0,0.111,,,,,
1789038362.5128,load,1,-1,28341,,,,,,,36.0,0.0,37.0,0.141,,,,,
1789038362.6737,load,1,-1,28341,,,,,,,37.0,0.0,38.0,0.131,,,,,
1789038364.0646,load,1,-1,28341,,,,,,,38.0,0.0,39.0,0.106,,,,,
1789038364.4813,load,1,-1,28341,,,,,,,39.0,0.0,40.0,0.091,,,,,
1789038366.8187,load,1,-1,28341,,,,,,,40.0,0.0,41.0,0.108,,,,,
1789038367.0767,load,1,-1,28341,,,,,,,41.0,0.0,42.0,0.147,,,,,
1789038369.3712,load,1,-1,28341,,,,,,,42.0,0.0,43.0,0.102,,,,,
1789038369.7034,load,1,-1,28341,,,,,,,43.0,0.0,44.0,0.088,,,,,
1789038371.2124,load,1,-1,28341,,,,,,,44.0,0.0,45.0,0.143,,,,,
1789038372.4631,load,1,-1,28341,,,,,,,45.0,0.0,46.0,0.255,,,,,
1789038373.7464,load,1,-1,28341,,,,,,,46.0,0.0,47.0,0.106,,,,,
1789038374.341,load,1,-1,28341,,,,,,,47.0,0.0,48.0,0.101,,,,,
1789038376.5035,load,1,-1,28341,,,,,,,48.0,0.0,49.0,0.102,,,,,
1789038376.6388,load,1,-1,28341,,,,,,,49.0,0.0,50.0,0.11,,,,,
1789038378.7851,load,1,-1,28341,,,,,,,50.0,0.0,51.0,0.131,,,,,
1789038379.2699,load,1,-1,28341,,,,,,,51.0,0.0,52.0,0.089,,,,,
1789038381.5098,load,1,-1,28341,,,,,,,52.0,0.0,53.0,0.098,,,,,
1789038381.69,load,1,-1,28341,,,,,,,53.0,0.0,54.0,0.091,,,,,
1789038384.6783,load,1,-1,28341,,,,,,,54.0,0.0,55.0,0.258,,,,,
1789038384.8247,load,1,-1,28341,,,,,,,55.0,0.0,56.0,0.106,,,,,
1789038386.4929,load,1,-1,28341,,,,,,,56.0,0.0,57.0,0.1,,,,,
1789038386.9316,load,1,-1,28341,,,,,,,57.0,0.0,58.0,0.304,,,,,
1789038389.2512,load,1,-1,28341,,,,,,,58.0,0.0,59.0,0.111,,,,,
1789038389.4335,load,1,-1,28341,,,,,,,59.0,0.0,60.0,0.103,,,,,
1789038391.6282,load,1,-1,28341,,,,,,,60.0,0.0,61.0,0.13,,,,,
1789038391.8722,load,1,-1,28341,,,,,,,61.0,0.0,62.0,0.114,,,,,
1789038393.7248,load,1,-1,28341,,,,,,,62.0,0.0,63.0,0.098,,,,,
1789038394.1387,load,1,-1,28341,,,,,,,63.0,0.0,64.0,0.132,,,,,
1789038396.3869,load,1,-1,28341,,,,,,,64.0,0.0,65.0,0.106,,,,,
1789038396.6086,load,1,-1,28341,,,,,,,65.0,0.0,66.0,0.098,,,,,
1789038398.4609,load,1,-1,28341,,,,,,,66.0,0.0,67.0,0.105,,,,,
1789038399.6468,load,1,-1,28341,,,,,,,67.0,0.0,68.0,0.099,,,,,
1789038400.3178,load,1,-1,28341,,,,,,,68.0,0.0,69.0,0.108,,,,,
1789038402.4239,load,1,-1,28341,,,,,,,69.0,0.0,70.0,0.11,,,,,
1789038402.5555,load,1,-1,28341,,,,,,,70.0,0.0,71.0,0.098,,,,,
1789038404.1318,load,1,-1,28341,,,,,,,71.0,0.0,72.0,0.1,,,,,
1789038405.1614,load,1,-1,28341,,,,,,,72.0,0.0,73.0,0.091,,,,,
1789038406.6752,load,1,-1,28341,,,,,,,73.0,0.0,74.0,0.111,,,,,
1789038407.691,load,1,-1,28341,,,,,,,74.0,0.0,75.0,0.104,,,,,
1789038409.1094,load,1,-1,28341,,,,,,,75.0,0.0,76.0,0.092,,,,,
1789038409.5339,load,1,-1,28341,,,,,,,76.0,0.0,77.0,0.099,,,,,
1789038411.3824,load,1,-1,28341,,,,,,,77.0,0.0,78.0,0.118,,,,,
1789038412.2486,load,1,-1,28341,,,,,,,78.0,0.0,79.0,0.085,,,,,
1789038413.3512,load,1,-1,28341,,,,,,,79.0,0.0,80.0,0.099,,,,,
1789038414.2994,load,1,-1,28341,,,,,,,80.0,0.0,81.0,0.125,,,,,
1789038416.3088,load,1,-1,28341,,,,,,,81.0,0.0,82.0,0.161,,,,,
1789038416.4768,load,1,-1,28341,,,,,,,82.0,0.0,83.0,0.095,,,,,
1789038418.8413,load,1,-1,28341,,,,,,,83.0,0.0,84.0,0.099,,,,,
1789038419.255,load,1,-1,28341,,,,,,,84.0,0.0,85.0,0.088,,,,,
1789038421.2439,load,1,-1,28341,,,,,,,85.0,0.0,86.0,0.099,,,,,
1789038421.4255,load,1,-1,28341,,,,,,,86.0,0.0,87.0,0.097,,,,,
1789038423.9733,load,1,-1,28341,,,,,,,87.0,0.0,88.0,0.103,,,,,
1789038424.144,load,1,-1,28341,,,,,,,88.0,0.0,89.0,0.115,,,,,
1789038425.5946,load,1,-1,28341,,,,,,,89.0,0.0,90.0,0.104,,,,,
1789038426.0056,load,1,-1,28341,,,,,,,90.0,0.0,91.0,0.09,,,,,
1789038427.9523,load,1,-1,28341,,,,,,,91.0,0.0,92.0,0.121,,,,,
1789038428.1624,load,1,-1,28341,,,,,,,92.0,0.0,93.0,0.091,,,,,
1789038430.468,load,1,-1,28341,,,,,,,93.0,0.0,94.0,0.104,,,,,
1789038430.6918,load,1,-1,28341,,,,,,,94.0,0.0,95.0,0.082,,,,,
1789038432.4378,load,1,-1,28341,,,,,,,95.0,0.0,96.0,0.123,,,,,
1789038432.8794,load,1,-1,28341,,,,,,,96.0,0.0,97.0,0.081,,,,,
1789038435.481,load,1,-1,28341,,,,,,,97.0,0.0,98.0,0.1,,,,,
1789038435.663,load,1,-1,28341,,,,,,,98.0,0.0,99.0,0.095,,,,,
1789038438.5723,load,1,-1,28341,,,,,,,99.0,0.0,100.0,0.088,,,,,
1789038438.6834,load,1,-1,28341,,,,,,,100.0,0.0,101.0,0.091,,,,,
1789038441.1277,load,1,-1,28341,,,,,,,101.0,0.0,102.0,0.17,,,,,
1789038441.5255,load,1,-1,28341,,,,,,,102.0,0.0,103.0,0.079,,,,,
1789038443.7271,load,1,-1,28341,,,,,,,103.0,0.0,104.0,0.096,,,,,
1789038443.9108,load,1,-1,28341,,,,,,,104.0,0.0,105.0,0.1,,,,,
1789038446.2655,load,1,-1,28341,,,,,,,105.0,0.0,106.0,0.091,,,,,
1789038446.4136,load,1,-1,28341,,,,,,,106.0,0.0,107.0,0.093,,,,,
1789038448.2843,load,1,-1,28341,,,,,,,107.0,0.0,108.0,0.111,,,,,
1789038448.6927,load,1,-1,28341,,,,,,,108.0,0.0,109.0,0.08,,,,,
1789038450.6129,load,1,-1,28341,,,,,,,109.0,0.0,110.0,0.101,,,,,
1789038450.7924,load,1,-1,28341,,,,,,,110.0,0.0,111.0,0.095,,,,,
1789038454.1661,load,1,-1,28341,,,,,,,111.0,0.0,112.0,0.1,,,,,
1789038454.3009,load,1,-1,28341,,,,,,,112.0,0.0,113.0,0.106,,,,,
1789038455.9454,load,1,-1,28341,,,,,,,113.0,0.0,114.0,0.103,,,,,
1789038456.4022,load,1,-1,28341,,,,,,,114.0,0.0,115.0,0.121,,,,,
1789038458.5989,load,1,-1,28341,,,,,,,115.0,0.0,116.0,0.11,,,,,
1789038458.7862,load,1,-1,28341,,,,,,,116.0,0.0,117.0,0.084,,,,,
1789038460.9782,load,1,-1,28341,,,,,,,117.0,0.0,118.0,0.116,,,,,
1789038461.0989,load,1,-1,28341,,,,,,,118.0,0.0,119.0,0.09,,,,,
1789038463.4407,load,1,-1,28341,,,,,,,119.0,0.0,120.0,0.111,,,,,
1789038463.8583,load,1,-1,28341,,,,,,,120.0,0.0,121.0,0.084,,,,,
1789038465.958,load,1,-1,28341,,,,,,,121.0,0.0,122.0,0.127,,,,,
1789038466.0733,load,1,-1,28341,,,,,,,122.0,0.0,123.0,0.087,,,,,
1789038468.7259,load,1,-1,28341,,,,,,,123.0,0.0,124.0,0.088,,,,,
1789038468.8373,load,1,-1,28341,,,,,,,124.0,0.0,125.0,0.097,,,,,
1789038470.8943,load,1,-1,28341,,,,,,,125.0,0.0,126.0,0.131,,,,,
1789038471.3709,load,1,-1,28341,,,,,,,126.0,0.0,127.0,0.089,,,,,
1789038473.4835,load,1,-1,28341,,,,,,,127.0,0.0,128.0,0.112,,,,,
1789038473.6646,load,1,-1,28341,,,,,,,128.0,0.0,129.0,0.09,,,,,
1789038475.925,load,1,-1,28341,,,,,,,129.0,0.0,130.0,0.097,,,,,
1789038476.147,load,1,-1,28341,,,,,,,130.0,0.0,131.0,0.099,,,,,
1789038478.2494,load,1,-1,28341,,,,,,,131.0,0.0,132.0,0.111,,,,,
1789038478.7341,load,1,-1,28341,,,,,,,132.0,0.0,133.0,0.092,,,,,
1789038480.7217,load,1,-1,28341,,,,,,,133.0,0.0,134.0,0.11,,,,,
1789038480.9227,load,1,-1,28341,,,,,,,134.0,0.0,135.0,0.115,,,,,
1789038483.3926,load,1,-1,28341,,,,,,,135.0,0.0,136.0,0.098,,,,,
1789038483.5041,load,1,-1,28341,,,,,,,136.0,0.0,137.0,0.099,,,,,
1789038485.8784,load,1,-1,28341,,,,,,,137.0,0.0,138.0,0.109,,,,,
1789038486.3558,load,1,-1,28341,,,,,,,138.0,0.0,139.0,0.082,,,,,
1789038488.2936,load,1,-1,28341,,,,,,,139.0,0.0,140.0,0.13,,,,,
1789038488.4749,load,1,-1,28341,,,,,,,140.0,0.0,141.0,0.084,,,,,
1789038490.6269,load,1,-1,28341,,,,,,,141.0,0.0,142.0,0.159,,,,,
1789038490.7783,load,1,-1,28341,,,,,,,142.0,0.0,143.0,0.131,,,,,
1789038492.8881,load,1,-1,28341,,,,,,,143.0,0.0,144.0,0.102,,,,,
1789038493.2959,load,1,-1,28341,,,,,,,144.0,0.0,145.0,0.088,,,,,
1789038495.2329,load,1,-1,28341,,,,,,,145.0,0.0,146.0,0.102,,,,,
1789038495.412,load,1,-1,28341,,,,,,,146.0,0.0,147.0,0.096,,,,,
1789038497.7663,load,1,-1,28341,,,,,,,147.0,0.0,148.0,0.089,,,,,
1789038497.8772,load,1,-1,28341,,,,,,,148.0,0.0,149.0,0.094,,,,,
1789038500.3301,load,1,-1,28341,,,,,,,149.0,0.0,150.0,0.111,,,,,
1789038500.779,load,1,-1,28341,,,,,,,150.0,0.0,151.0,0.085,,,,,
1789038503.167,load,1,-1,28341,,,,,,,151.0,0.0,152.0,0.104,,,,,
1789038503.3476,load,1,-1,28341,,,,,,,152.0,0.0,153.0,0.093,,,,,
1789038506.253,load,1,-1,28341,,,,,,,153.0,0.0,154.0,0.096,,,,,
1789038506.3852,load,1,-1,28341,,,,,,,154.0,0.0,155.0,0.103,,,,,
1789038508.6921,load,1,-1,28341,,,,,,,155.0,0.0,156.0,0.124,,,,,
1789038509.1197,load,1,-1,28341,,,,,,,156.0,0.0,157.0,0.095,,,,,
1789038510.8825,load,1,-1,28341,,,,,,,157.0,0.0,158.0,0.119,,,,,
1789038511.079,load,1,-1,28341,,,,,,,158.0,0.0,159.0,0.136,,,,,
1789038513.1229,load,1,-1,28341,,,,,,,159.0,0.0,160.0,0.089,,,,,
1789038513.2983,load,1,-1,28341,,,,,,,160.0,0.0,161.0,0.103,,,,,
1789038515.3787,load,1,-1,28341,,,,,,,161.0,0.0,162.0,0.106,,,,,
1789038515.7494,load,1,-1,28341,,,,,,,162.0,0.0,163.0,0.117,,,,,
1789038517.9328,load,1,-1,28341,,,,,,,163.0,0.0,164.0,0.109,,,,,
1789038518.1174,load,1,-1,28341,,,,,,,164.0,0.0,165.0,0.095,,,,,
1789038520.6747,load,1,-1,28341,,,,,,,165.0,0.0,166.0,0.091,,,,,
1789038520.7898,load,1,-1,28341,,,,,,,166.0,0.0,167.0,0.087,,,,,
1789038522.4814,load,1,-1,28341,,,,,,,167.0,0.0,168.0,0.104,,,,,
1789038522.8898,load,1,-1,28341,,,,,,,168.0,0.0,169.0,0.086,,,,,
1789038524.6594,load,1,-1,28341,,,,,,,169.0,0.0,170.0,0.104,,,,,
1789038524.8523,load,1,-1,28341,,,,,,,170.0,0.0,171.0,0.105,,,,,
1789038527.5055,load,1,-1,28341,,,,,,,171.0,0.0,172.0,0.093,,,,,
1789038527.6487,load,1,-1,28341,,,,,,,172.0,0.0,173.0,0.1,,,,,
1789038529.1327,load,1,-1,28341,,,,,,,173.0,0.0,174.0,0.102,,,,,
1789038529.54,load,1,-1,28341,,,,,,,174.0,0.0,175.0,0.082,,,,,
1789038531.3283,load,1,-1,28341,,,,,,,175.0,0.0,176.0,0.122,,,,,
1789038531.51,load,1,-1,28341,,,,,,,176.0,0.0,177.0,0.113,,,,,
1789038533.3362,load,1,-1,28341,,,,,,,177.0,0.0,178.0,0.105,,,,,
1789038533.4525,load,1,-1,28341,,,,,,,178.0,0.0,179.0,0.107,,,,,
1789038535.816,load,1,-1,28341,,,,,,,179.0,0.0,180.0,0.115,,,,,
1789038536.2326,load,1,-1,28341,,,,,,,180.0,0.0,181.0,0.093,,,,,
1789038538.1811,load,1,-1,28341,,,,,,,181.0,0.0,182.0,0.142,,,,,
1789038538.3008,load,1,-1,28341,,,,,,,182.0,0.0,183.0,0.104,,,,,
1789038541.2434,load,1,-1,28341,,,,,,,183.0,0.0,184.0,0.116,,,,,
1789038541.3592,load,1,-1,28341,,,,,,,184.0,0.0,185.0,0.116,,,,,
1789038543.6144,load,1,-1,28341,,,,,,,185.0,0.0,186.0,0.11,,,,,
1789038544.0657,load,1,-1,28341,,,,,,,186.0,0.0,187.0,0.08,,,,,
1789038545.9079,load,1,-1,28341,,,,,,,187.0,0.0,188.0,0.111,,,,,
1789038546.0908,load,1,-1,28341,,,,,,,188.0,0.0,189.0,0.089,,,,,
1789038548.2366,load,1,-1,28341,,,,,,,189.0,0.0,190.0,0.098,,,,,
1789038548.3492,load,1,-1,28341,,,,,,,190.0,0.0,191.0,0.092,,,,,
1789038550.399,load,1,-1,28341,,,,,,,191.0,0.0,192.0,0.132,,,,,
1789038550.8117,load,1,-1,28341,,,,,,,192.0,0.0,193.0,0.08,,,,,
1789038552.6084,load,1,-1,28341,,,,,,,193.0,0.0,194.0,0.11,,,,,
1789038552.8089,load,1,-1,28341,,,,,,,194.0,0.0,195.0,0.085,,,,,
1789038555.3375,load,1,-1,28341,,,,,,,195.0,0.0,196.0,0.088,,,,,
1789038555.4855,load,1,-1,28341,,,,,,,196.0,0.0,197.0,0.103,,,,,
1789038557.8537,load,1,-1,28341,,,,,,,197.0,0.0,198.0,0.104,,,,,
1789038558.2897,load,1,-1,28341,,,,,,,198.0,0.0,199.0,0.089,,,,,
1789038559.8691,load,1,-1,28341,,,,,,,199.0,0.0,200.0,0.105,,,,,
1789038560.0538,load,1,-1,28341,,,,,,,200.0,0.0,201.0,0.123,,,,,
1789038563.1184,load,1,-1,28341,,,,,,,201.0,0.0,202.0,0.114,,,,,
1789038563.233,load,1,-1,28341,,,,,,,202.0,0.0,203.0,0.102,,,,,
1789038565.1774,load,1,-1,28341,,,,,,,203.0,0.0,204.0,0.108,,,,,
1789038565.6191,load,1,-1,28341,,,,,,,204.0,0.0,205.0,0.081,,,,,
1789038567.5232,load,1,-1,28341,,,,,,,205.0,0.0,206.0,0.108,,,,,
1789038567.7064,load,1,-1,28341,,,,,,,206.0,0.0,207.0,0.104,,,,,
1789038570.0804,load,1,-1,28341,,,,,,,207.0,0.0,208.0,0.111,,,,,
1789038570.1933,load,1,-1,28341,,,,,,,208.0,0.0,209.0,0.118,,,,,
1789038572.5523,load,1,-1,28341,,,,,,,209.0,0.0,210.0,0.126,,,,,
1789038572.9693,load,1,-1,28341,,,,,,,210.0,0.0,211.0,0.086,,,,,
1789038575.4823,load,1,-1,28341,,,,,,,211.0,0.0,212.0,0.107,,,,,
1789038575.683,load,1,-1,28341,,,,,,,212.0,0.0,213.0,0.106,,,,,
1789038578.1329,load,1,-1,28341,,,,,,,213.0,0.0,214.0,0.111,,,,,
1789038578.2436,load,1,-1,28341,,,,,,,214.0,0.0,215.0,0.096,,,,,
1789038580.4244,load,1,-1,28341,,,,,,,215.0,0.0,216.0,0.106,,,,,
1789038580.9025,load,1,-1,28341,,,,,,,216.0,0.0,217.0,0.094,,,,,
1789038583.4197,load,1,-1,28341,,,,,,,217.0,0.0,218.0,0.109,,,,,
1789038583.6016,load,1,-1,28341,,,,,,,218.0,0.0,219.0,0.096,,,,,
1789038585.8401,load,1,-1,28341,,,,,,,219.0,0.0,220.0,0.083,,,,,
1789038585.9517,load,1,-1,28341,,,,,,,220.0,0.0,221.0,0.098,,,,,
1789038587.9467,load,1,-1,28341,,,,,,,221.0,0.0,222.0,0.164,,,,,
1789038588.3276,load,1,-1,28341,,,,,,,222.0,0.0,223.0,0.095,,,,,
1789038590.2145,load,1,-1,28341,,,,,,,223.0,0.0,224.0,0.107,,,,,
1789038590.3957,load,1,-1,28341,,,,,,,224.0,0.0,225.0,0.107,,,,,
1789038592.3496,load,1,-1,28341,,,,,,,225.0,0.0,226.0,0.107,,,,,
1789038592.4739,load,1,-1,28341,,,,,,,226.0,0.0,227.0,0.088,,,,,
1789038594.5233,load,1,-1,28341,,,,,,,227.0,0.0,228.0,0.139,,,,,
1789038594.9302,load,1,-1,28341,,,,,,,228.0,0.0,229.0,0.075,,,,,
1789038596.4936,load,1,-1,28341,,,,,,,229.0,0.0,230.0,0.107,,,,,
1789038596.7016,load,1,-1,28341,,,,,,,230.0,0.0,231.0,0.092,,,,,
1789038598.7621,load,1,-1,28341,,,,,,,231.0,0.0,232.0,0.093,,,,,
1789038598.8862,load,1,-1,28341,,,,,,,232.0,0.0,233.0,0.098,,,,,
1789038601.2754,load,1,-1,28341,,,,,,,233.0,0.0,234.0,0.098,,,,,
1789038601.6909,load,1,-1,28341,,,,,,,234.0,0.0,235.0,0.087,,,,,
1789038604.1519,load,1,-1,28341,,,,,,,235.0,0.0,236.0,0.111,,,,,
1789038604.3361,load,1,-1,28341,,,,,,,236.0,0.0,237.0,0.112,,,,,
1789038607.0036,load,1,-1,28341,,,,,,,237.0,0.0,238.0,0.095,,,,,
1789038607.1808,load,1,-1,28341,,,,,,,238.0,0.0,239.0,0.141,,,,,
1789038608.9619,load,1,-1,28341,,,,,,,239.0,0.0,240.0,0.107,,,,,
1789038609.3767,load,1,-1,28341,,,,,,,240.0,0.0,241.0,0.1,,,,,
1789038611.5548,load,1,-1,28341,,,,,,,241.0,0.0,242.0,0.113,,,,,
1789038611.6698,load,1,-1,28341,,,,,,,242.0,0.0,243.0,0.1,,,,,
1789038613.8665,load,1,-1,28341,,,,,,,243.0,0.0,244.0,0.125,,,,,
1789038614.0114,load,1,-1,28341,,,,,,,244.0,0.0,245.0,0.1,,,,,
1789038616.0385,load,1,-1,28341,,,,,,,245.0,0.0,246.0,0.109,,,,,
1789038616.4513,load,1,-1,28341,,,,,,,246.0,0.0,247.0,0.074,,,,,
1789038618.4234,load,1,-1,28341,,,,,,,247.0,0.0,248.0,0.107,,,,,
1789038618.6042,load,1,-1,28341,,,,,,,248.0,0.0,249.0,0.098,,,,,
1789038620.983,load,1,-1,28341,,,,,,,249.0,0.0,250.0,0.09,,,,,
1789038621.1148,load,1,-1,28341,,,,,,,250.0,0.0,251.0,0.108,,,,,
1789038623.7756,load,1,-1,28341,,,,,,,251.0,0.0,252.0,0.113,,,,,
1789038624.1855,load,1,-1,28341,,,,,,,252.0,0.0,253.0,0.089,,,,,
1789038626.3766,load,1,-1,28341,,,,,,,253.0,0.0,254.0,0.111,,,,,
1789038626.5564,load,1,-1,28341,,,,,,,254.0,0.0,255.0,0.109,,,,,
1789038628.9353,load,1,-1,28341,,,,,,,255.0,0.0,256.0,0.111,,,,,
1789038629.0811,load,1,-1,28341,,,,,,,256.0,0.0,257.0,3.738,,,,,
1789038631.3425,load,1,-1,28341,,,,,,,257.0,0.0,258.0,0.14,,,,,
1789038631.786,load,1,-1,28341,,,,,,,258.0,0.0,259.0,0.081,,,,,
1789038633.298,load,1,-1,28341,,,,,,,259.0,0.0,260.0,0.112,,,,,
1789038633.5091,load,1,-1,28341,,,,,,,260.0,0.0,261.0,0.118,,,,,
1789038635.6625,load,1,-1,28341,,,,,,,261.0,0.0,262.0,0.117,,,,,
1789038635.8273,load,1,-1,28341,,,,,,,262.0,0.0,263.0,0.104,,,,,
1789038637.993,load,1,-1,28341,,,,,,,263.0,0.0,264.0,0.103,,,,,
1789038638.4079,load,1,-1,28341,,,,,,,264.0,0.0,265.0,0.08,,,,,
1789038640.0426,load,1,-1,28341,,,,,,,265.0,0.0,266.0,0.106,,,,,
1789038640.2286,load,1,-1,28341,,,,,,,266.0,0.0,267.0,0.088,,,,,
1789038642.3987,load,1,-1,28341,,,,,,,267.0,0.0,268.0,0.219,,,,,
1789038642.5117,load,1,-1,28341,,,,,,,268.0,0.0,269.0,0.098,,,,,
1789038645.3838,load,1,-1,28341,,,,,,,269.0,0.0,270.0,0.102,,,,,
1789038645.807,load,1,-1,28341,,,,,,,270.0,0.0,271.0,0.072,,,,,
1789038647.3537,load,1,-1,28341,,,,,,,271.0,0.0,272.0,0.105,,,,,
1789038647.5354,load,1,-1,28341,,,,,,,272.0,0.0,273.0,0.088,,,,,
1789038649.8792,load,1,-1,28341,,,,,,,273.0,0.0,274.0,0.099,,,,,
1789038650.0566,load,1,-1,28341,,,,,,,274.0,0.0,275.0,0.091,,,,,
1789038651.4152,load,1,-1,28341,,,,,,,275.0,0.0,276.0,0.105,,,,,
1789038651.8222,load,1,-1,28341,,,,,,,276.0,0.0,277.0,0.091,,,,,
1789038654.5692,load,1,-1,28341,,,,,,,277.0,0.0,278.0,0.113,,,,,
1789038654.7515,load,1,-1,28341,,,,,,,278.0,0.0,279.0,0.098,,,,,
1789038657.1577,load,1,-1,28341,,,,,,,279.0,0.0,280.0,0.145,,,,,
1789038657.2722,load,1,-1,28341,,,,,,,280.0,0.0,281.0,0.135,,,,,
1789038659.5956,load,1,-1,28341,,,,,,,281.0,0.0,282.0,0.205,,,,,
1789038659.9424,load,1,-1,28341,,,,,,,282.0,0.0,283.0,0.086,,,,,
1789038662.4253,load,1,-1,28341,,,,,,,283.0,0.0,284.0,0.101,,,,,
1789038662.6091,load,1,-1,28341,,,,,,,284.0,0.0,285.0,0.102,,,,,
1789038665.3795,load,1,-1,28341,,,,,,,285.0,0.0,286.0,0.1,,,,,
1789038665.491,load,1,-1,28341,,,,,,,286.0,0.0,287.0,0.098,,,,,
1789038667.6886,load,1,-1,28341,,,,,,,287.0,0.0,288.0,0.102,,,,,
1789038668.1183,load,1,-1,28341,,,,,,,288.0,0.0,289.0,0.089,,,,,
1789038670.0674,load,1,-1,28341,,,,,,,289.0,0.0,290.0,0.107,,,,,
1789038670.2493,load,1,-1,28341,,,,,,,290.0,0.0,291.0,0.105,,,,,
1789038672.2117,load,1,-1,28341,,,,,,,291.0,0.0,292.0,0.097,,,,,
1789038672.3253,load,1,-1,28341,,,,,,,292.0,0.0,293.0,0.107,,,,,
1789038674.2095,load,1,-1,28341,,,,,,,293.0,0.0,294.0,0.276,,,,,
1789038674.6194,load,1,-1,28341,,,,,,,294.0,0.0,295.0,0.094,,,,,
1789038677.1195,load,1,-1,28341,,,,,,,295.0,0.0,296.0,0.117,,,,,
1789038677.3033,load,1,-1,28341,,,,,,,296.0,0.0,297.0,0.111,,,,,
1789038679.8635,load,1,-1,28341,,,,,,,297.0,0.0,298.0,0.104,,,,,
1789038679.9796,load,1,-1,28341,,,,,,,298.0,0.0,299.0,0.101,,,,,
1789038682.1186,load,1,-1,28341,,,,,,,299.0,0.0,300.0,0.108,,,,,
1789038682.5244,load,1,-1,28341,,,,,,,300.0,0.0,301.0,0.098,,,,,
1789038684.4073,load,1,-1,28341,,,,,,,301.0,0.0,302.0,0.138,,,,,
1789038684.5253,load,1,-1,28341,,,,,,,302.0,0.0,303.0,0.089,,,,,
1789038687.094,load,1,-1,28341,,,,,,,303.0,0.0,304.0,0.09,,,,,
1789038687.2451,load,1,-1,28341,,,,,,,304.0,0.0,305.0,0.1,,,,,
1789038689.8979,load,1,-1,28341,,,,,,,305.0,0.0,306.0,0.102,,,,,
1789038690.2974,load,1,-1,28341,,,,,,,306.0,0.0,307.0,0.09,,,,,
1789038692.2964,load,1,-1,28341,,,,,,,307.0,0.0,308.0,0.101,,,,,
1789038692.4824,load,1,-1,28341,,,,,,,308.0,0.0,309.0,0.106,,,,,
1789038695.3604,load,1,-1,28341,,,,,,,309.0,0.0,310.0,0.091,,,,,
1789038695.4887,load,1,-1,28341,,,,,,,310.0,0.0,311.0,0.094,,,,,
1789038697.4099,load,1,-1,28341,,,,,,,311.0,0.0,312.0,0.101,,,,,
1789038697.842,load,1,-1,28341,,,,,,,312.0,0.0,313.0,0.08,,,,,
1789038699.7145,load,1,-1,28341,,,,,,,313.0,0.0,314.0,0.103,,,,,
1789038699.9258,load,1,-1,28341,,,,,,,314.0,0.0,315.0,0.1,,,,,
1789038702.1509,load,1,-1,28341,,,,,,,315.0,0.0,316.0,0.118,,,,,
1789038702.2645,load,1,-1,28341,,,,,,,316.0,0.0,317.0,0.098,,,,,
1789038704.5191,load,1,-1,28341,,,,,,,317.0,0.0,318.0,0.108,,,,,
1789038704.9873,load,1,-1,28341,,,,,,,318.0,0.0,319.0,0.093,,,,,
1789038707.2328,load,1,-1,28341,,,,,,,319.0,0.0,320.0,0.104,,,,,
1789038707.4126,load,1,-1,28341,,,,,,,320.0,0.0,321.0,0.098,,,,,
1789038710.1678,load,1,-1,28341,,,,,,,321.0,0.0,322.0,0.11,,,,,
1789038710.2905,load,1,-1,28341,,,,,,,322.0,0.0,323.0,0.115,,,,,
1789038712.524,load,1,-1,28341,,,,,,,323.0,0.0,324.0,0.112,,,,,
1789038712.8958,load,1,-1,28341,,,,,,,324.0,0.0,325.0,0.089,,,,,
1789038714.7332,load,1,-1,28341,,,,,,,325.0,0.0,326.0,0.1,,,,,
1789038714.9137,load,1,-1,28341,,,,,,,326.0,0.0,327.0,0.088,,,,,
1789038717.3394,load,1,-1,28341,,,,,,,327.0,0.0,328.0,0.133,,,,,
1789038717.4845,load,1,-1,28341,,,,,,,328.0,0.0,329.0,0.097,,,,,
1789038719.5284,load,1,-1,28341,,,,,,,329.0,0.0,330.0,0.102,,,,,
1789038719.9329,load,1,-1,28341,,,,,,,330.0,0.0,331.0,0.085,,,,,
1789038722.1533,load,1,-1,28341,,,,,,,331.0,0.0,332.0,0.1,,,,,
1789038722.3619,load,1,-1,28341,,,,,,,332.0,0.0,333.0,0.103,,,,,
1789038724.9889,load,1,-1,28341,,,,,,,333.0,0.0,334.0,0.082,,,,,
1789038725.0989,load,1,-1,28341,,,,,,,334.0,0.0,335.0,0.089,,,,,
1789038727.0315,load,1,-1,28341,,,,,,,335.0,0.0,336.0,0.105,,,,,
1789038727.437,load,1,-1,28341,,,,,,,336.0,0.0,337.0,0.101,,,,,
1789038729.5673,load,1,-1,28341,,,,,,,337.0,0.0,338.0,0.102,,,,,
1789038729.7521,load,1,-1,28341,,,,,,,338.0,0.0,339.0,0.091,,,,,
1789038731.8555,load,1,-1,28341,,,,,,,339.0,0.0,340.0,0.1,,,,,
1789038732.0103,load,1,-1,28341,,,,,,,340.0,0.0,341.0,0.085,,,,,
1789038734.0618,load,1,-1,28341,,,,,,,341.0,0.0,342.0,0.145,,,,,
1789038734.3975,load,1,-1,28341,,,,,,,342.0,0.0,343.0,0.085,,,,,
1789038736.0365,load,1,-1,28341,,,,,,,343.0,0.0,344.0,0.099,,,,,
1789038736.2238,load,1,-1,28341,,,,,,,344.0,0.0,345.0,0.118,,,,,
1789038738.3108,load,1,-1,28341,,,,,,,345.0,0.0,346.0,0.084,,,,,
1789038738.4214,load,1,-1,28341,,,,,,,346.0,0.0,347.0,0.084,,,,,
1789038740.6631,load,1,-1,28341,,,,,,,347.0,0.0,348.0,0.103,,,,,
1789038741.0739,load,1,-1,28341,,,,,,,348.0,0.0,349.0,0.076,,,,,
1789038743.0343,load,1,-1,28341,,,,,,,349.0,0.0,350.0,0.099,,,,,
1789038743.2141,load,1,-1,28341,,,,,,,350.0,0.0,351.0,0.086,,,,,
1789038746.2535,load,1,-1,28341,,,,,,,351.0,0.0,352.0,0.085,,,,,
1789038746.3896,load,1,-1,28341,,,,,,,352.0,0.0,353.0,0.087,,,,,
1789038748.4462,load,1,-1,28341,,,,,,,353.0,0.0,354.0,0.109,,,,,
1789038748.86,load,1,-1,28341,,,,,,,354.0,0.0,355.0,0.108,,,,,
1789038751.2679,load,1,-1,28341,,,,,,,355.0,0.0,356.0,0.108,,,,,
1789038751.4484,load,1,-1,28341,,,,,,,356.0,0.0,357.0,0.099,,,,,
1789038754.4396,load,1,-1,28341,,,,,,,357.0,0.0,358.0,0.109,,,,,
1789038754.582,load,1,-1,28341,,,,,,,358.0,0.0,359.0,0.108,,,,,
1789038756.4329,load,1,-1,28341,,,,,,,359.0,0.0,360.0,0.106,,,,,
1789038756.8632,load,1,-1,28341,,,,,,,360.0,0.0,361.0,0.102,,,,,
1789038759.2393,load,1,-1,28341,,,,,,,361.0,0.0,362.0,0.11,,,,,
1789038759.3539,load,1,-1,28341,,,,,,,362.0,0.0,363.0,0.094,,,,,
1789038761.7944,load,1,-1,28341,,,,,,,363.0,0.0,364.0,0.114,,,,,
1789038761.9341,load,1,-1,28341,,,,,,,364.0,0.0,365.0,0.093,,,,,
1789038764.2037,load,1,-1,28341,,,,,,,365.0,0.0,366.0,0.096,,,,,
1789038764.6121,load,1,-1,28341,,,,,,,366.0,0.0,367.0,0.09,,,,,
1789038766.6134,load,1,-1,28341,,,,,,,367.0,0.0,368.0,0.1,,,,,
1789038766.8184,load,1,-1,28341,,,,,,,368.0,0.0,369.0,0.121,,,,,
1789038769.1349,load,1,-1,28341,,,,,,,369.0,0.0,370.0,0.083,,,,,
1789038769.2607,load,1,-1,28341,,,,,,,370.0,0.0,371.0,0.116,,,,,
1789038770.7306,load,1,-1,28341,,,,,,,371.0,0.0,372.0,0.107,,,,,
1789038771.1407,load,1,-1,28341,,,,,,,372.0,0.0,373.0,0.116,,,,,
1789038773.6381,load,1,-1,28341,,,,,,,373.0,0.0,374.0,0.114,,,,,
1789038773.8294,load,1,-1,28341,,,,,,,374.0,0.0,375.0,0.125,,,,,
1789038776.3984,load,1,-1,28341,,,,,,,375.0,0.0,376.0,0.091,,,,,
1789038776.5786,load,1,-1,28341,,,,,,,376.0,0.0,377.0,0.102,,,,,
1789038778.7039,load,1,-1,28341,,,,,,,377.0,0.0,378.0,0.103,,,,,
1789038779.1666,load,1,-1,28341,,,,,,,378.0,0.0,379.0,0.083,,,,,
1789038780.6512,load,1,-1,28341,,,,,,,379.0,0.0,380.0,0.107,,,,,
1789038780.8342,load,1,-1,28341,,,,,,,380.0,0.0,381.0,0.109,,,,,
1789038783.7532,load,1,-1,28341,,,,,,,381.0,0.0,382.0,0.116,,,,,
1789038783.8984,load,1,-1,28341,,,,,,,382.0,0.0,383.0,0.083,,,,,
1789038785.5402,load,1,-1,28341,,,,,,,383.0,0.0,384.0,0.136,,,,,
1789038785.9745,load,1,-1,28341,,,,,,,384.0,0.0,385.0,0.094,,,,,
1789038787.3935,load,1,-1,28341,,,,,,,385.0,0.0,386.0,0.1,,,,,
1789038787.5759,load,1,-1,28341,,,,,,,386.0,0.0,387.0,0.099,,,,,
1789038789.9197,load,1,-1,28341,,,,,,,387.0,0.0,388.0,0.094,,,,,
1789038790.0323,load,1,-1,28341,,,,,,,388.0,0.0,389.0,0.097,,,,,
1789038791.9833,load,1,-1,28341,,,,,,,389.0,0.0,390.0,0.098,,,,,
1789038792.431,load,1,-1,28341,,,,,,,390.0,0.0,391.0,0.084,,,,,
1789038794.2966,load,1,-1,28341,,,,,,,391.0,0.0,392.0,0.127,,,,,
1789038794.4821,load,1,-1,28341,,,,,,,392.0,0.0,393.0,0.109,,,,,
1789038797.5249,load,1,-1,28341,,,,,,,393.0,0.0,394.0,0.092,,,,,
1789038797.6394,load,1,-1,28341,,,,,,,394.0,0.0,395.0,0.113,,,,,
1789038799.3044,load,1,-1,28341,,,,,,,395.0,0.0,396.0,0.1,,,,,
1789038799.7447,load,1,-1,28341,,,,,,,396.0,0.0,397.0,0.091,,,,,
1789038801.9298,load,1,-1,28341,,,,,,,397.0,0.0,398.0,0.1,,,,,
1789038802.1133,load,1,-1,28341,,,,,,,398.0,0.0,399.0,0.105,,,,,
1789038804.4745,load,1,-1,28341,,,,,,,399.0,0.0,400.0,0.098,,,,,
1789038804.5881,load,1,-1,28341,,,,,,,400.0,0.0,401.0,0.123,,,,,
1789038806.359,load,1,-1,28341,,,,,,,401.0,0.0,402.0,0.123,,,,,
1789038806.7068,load,1,-1,28341,,,,,,,402.0,0.0,403.0,0.08,,,,,
1789038808.1077,load,1,-1,28341,,,,,,,403.0,0.0,404.0,0.107,,,,,
1789038808.2917,load,1,-1,28341,,,,,,,404.0,0.0,405.0,0.094,,,,,
1789038810.9008,load,1,-1,28341,,,,,,,405.0,0.0,406.0,0.105,,,,,
1789038811.0472,load,1,-1,28341,,,,,,,406.0,0.0,407.0,0.083,,,,,
1789038813.1103,load,1,-1,28341,,,,,,,407.0,0.0,408.0,0.121,,,,,
1789038813.5236,load,1,-1,28341,,,,,,,408.0,0.0,409.0,0.076,,,,,
1789038815.7775,load,1,-1,28341,,,,,,,409.0,0.0,410.0,0.113,,,,,
1789038815.9584,load,1,-1,28341,,,,,,,410.0,0.0,411.0,0.083,,,,,
1789038818.8176,load,1,-1,28341,,,,,,,411.0,0.0,412.0,0.092,,,,,
1789038818.9346,load,1,-1,28341,,,,,,,412.0,0.0,413.0,0.087,,,,,
1789038821.6862,load,1,-1,28341,,,,,,,413.0,0.0,414.0,0.104,,,,,
1789038822.1233,load,1,-1,28341,,,,,,,414.0,0.0,415.0,0.087,,,,,
1789038823.9846,load,1,-1,28341,,,,,,,415.0,0.0,416.0,0.119,,,,,
1789038824.1652,load,1,-1,28341,,,,,,,416.0,0.0,417.0,0.089,,,,,
1789038826.7686,load,1,-1,28341,,,,,,,417.0,0.0,418.0,0.251,,,,,
1789038826.8955,load,1,-1,28341,,,,,,,418.0,0.0,419.0,0.086,,,,,
1789038829.1696,load,1,-1,28341,,,,,,,419.0,0.0,420.0,0.118,,,,,
1789038829.5692,load,1,-1,28341,,,,,,,420.0,0.0,421.0,0.073,,,,,
1789038831.4405,load,1,-1,28341,,,,,,,421.0,0.0,422.0,0.169,,,,,
1789038831.5557,load,1,-1,28341,,,,,,,422.0,0.0,423.0,0.086,,,,,
1789038833.4647,load,1,-1,28341,,,,,,,423.0,0.0,424.0,0.097,,,,,
1789038833.6259,load,1,-1,28341,,,,,,,424.0,0.0,425.0,0.085,,,,,
1789038835.9923,load,1,-1,28341,,,,,,,425.0,0.0,426.0,0.102,,,,,
1789038836.4122,load,1,-1,28341,,,,,,,426.0,0.0,427.0,0.108,,,,,
1789038838.6205,load,1,-1,28341,,,,,,,427.0,0.0,428.0,0.127,,,,,
1789038838.827,load,1,-1,28341,,,,,,,428.0,0.0,429.0,0.111,,,,,
1789038841.1334,load,1,-1,28341,,,,,,,429.0,0.0,430.0,0.113,,,,,
1789038841.3069,load,1,-1,28341,,,,,,,430.0,0.0,431.0,0.087,,,,,
1789038843.7632,load,1,-1,28341,,,,,,,431.0,0.0,432.0,0.111,,,,,
1789038844.2125,load,1,-1,28341,,,,,,,432.0,0.0,433.0,0.082,,,,,
1789038846.5648,load,1,-1,28341,,,,,,,433.0,0.0,434.0,0.111,,,,,
1789038846.7595,load,1,-1,28341,,,,,,,434.0,0.0,435.0,0.089,,,,,
1789038849.4534,load,1,-1,28341,,,,,,,435.0,0.0,436.0,0.091,,,,,
1789038849.6255,load,1,-1,28341,,,,,,,436.0,0.0,437.0,0.086,,,,,
1789038851.4196,load,1,-1,28341,,,,,,,437.0,0.0,438.0,0.11,,,,,
1789038851.8327,load,1,-1,28341,,,,,,,438.0,0.0,439.0,0.073,,,,,
1789038854.0182,load,1,-1,28341,,,,,,,439.0,0.0,440.0,0.111,,,,,
1789038854.2016,load,1,-1,28341,,,,,,,440.0,0.0,441.0,0.092,,,,,
1789038857.1674,load,1,-1,28341,,,,,,,441.0,0.0,442.0,0.12,,,,,
1789038857.2824,load,1,-1,28341,,,,,,,442.0,0.0,443.0,0.115,,,,,
1789038859.1578,load,1,-1,28341,,,,,,,443.0,0.0,444.0,0.112,,,,,
1789038859.576,load,1,-1,28341,,,,,,,444.0,0.0,445.0,0.075,,,,,
1789038861.7508,load,1,-1,28341,,,,,,,445.0,0.0,446.0,0.13,,,,,
1789038861.9333,load,1,-1,28341,,,,,,,446.0,0.0,447.0,0.093,,,,,
1789038864.0855,load,1,-1,28341,,,,,,,447.0,0.0,448.0,0.093,,,,,
1789038864.2316,load,1,-1,28341,,,,,,,448.0,0.0,449.0,0.087,,,,,
1789038865.6669,load,1,-1,28341,,,,,,,449.0,0.0,450.0,0.11,,,,,
1789038866.0842,load,1,-1,28341,,,,,,,450.0,0.0,451.0,0.096,,,,,
1789038868.3335,load,1,-1,28341,,,,,,,451.0,0.0,452.0,0.133,,,,,
1789038868.5158,load,1,-1,28341,,,,,,,452.0,0.0,453.0,0.094,,,,,
1789038870.5225,load,1,-1,28341,,,,,,,453.0,0.0,454.0,0.131,,,,,
1789038870.6367,load,1,-1,28341,,,,,,,454.0,0.0,455.0,0.092,,,,,
1789038872.027,load,1,-1,28341,,,,,,,455.0,0.0,456.0,0.119,,,,,
1789038872.4662,load,1,-1,28341,,,,,,,456.0,0.0,457.0,0.082,,,,,
1789038874.3804,load,1,-1,28341,,,,,,,457.0,0.0,458.0,0.117,,,,,
1789038874.5622,load,1,-1,28341,,,,,,,458.0,0.0,459.0,0.107,,,,,
1789038877.213,load,1,-1,28341,,,,,,,459.0,0.0,460.0,0.097,,,,,
1789038877.326,load,1,-1,28341,,,,,,,460.0,0.0,461.0,0.136,,,,,
1789038879.554,load,1,-1,28341,,,,,,,461.0,0.0,462.0,0.147,,,,,
1789038879.9182,load,1,-1,28341,,,,,,,462.0,0.0,463.0,0.133,,,,,
1789038882.392,load,1,-1,28341,,,,,,,463.0,0.0,464.0,0.107,,,,,
1789038882.5756,load,1,-1,28341,,,,,,,464.0,0.0,465.0,0.113,,,,,
1789038884.8195,load,1,-1,28341,,,,,,,465.0,0.0,466.0,0.102,,,,,
1789038884.9329,load,1,-1,28341,,,,,,,466.0,0.0,467.0,0.127,,,,,
1789038886.9202,load,1,-1,28341,,,,,,,467.0,0.0,468.0,0.112,,,,,
1789038887.3347,load,1,-1,28341,,,,,,,468.0,0.0,469.0,0.088,,,,,
1789038888.6293,load,1,-1,28341,,,,,,,469.0,0.0,470.0,0.107,,,,,
1789038888.7829,load,1,-1,28341,,,,,,,470.0,0.0,471.0,0.104,,,,,
1789038891.3362,load,1,-1,28341,,,,,,,471.0,0.0,472.0,0.126,,,,,
1789038891.4576,load,1,-1,28341,,,,,,,472.0,0.0,473.0,0.115,,,,,
1789038893.3668,load,1,-1,28341,,,,,,,473.0,0.0,474.0,0.118,,,,,
1789038893.7781,load,1,-1,28341,,,,,,,474.0,0.0,475.0,0.122,,,,,
1789038896.1778,load,1,-1,28341,,,,,,,475.0,0.0,476.0,0.111,,,,,
1789038896.3596,load,1,-1,28341,,,,,,,476.0,0.0,477.0,0.114,,,,,
1789038898.645,load,1,-1,28341,,,,,,,477.0,0.0,478.0,0.102,,,,,
1789038898.8042,load,1,-1,28341,,,,,,,478.0,0.0,479.0,0.115,,,,,
1789038901.0475,load,1,-1,28341,,,,,,,479.0,0.0,480.0,0.106,,,,,
1789038901.4993,load,1,-1,28341,,,,,,,480.0,0.0,481.0,0.093,,,,,
1789038903.3786,load,1,-1,28341,,,,,,,481.0,0.0,482.0,0.12,,,,,
1789038903.4939,load,1,-1,28341,,,,,,,482.0,0.0,483.0,0.089,,,,,
1789038905.5577,load,1,-1,28341,,,,,,,483.0,0.0,484.0,0.1,,,,,
1789038905.6765,load,1,-1,28341,,,,,,,484.0,0.0,485.0,0.108,,,,,
1789038907.8817,load,1,-1,28341,,,,,,,485.0,0.0,486.0,0.143,,,,,
1789038908.3582,load,1,-1,28341,,,,,,,486.0,0.0,487.0,0.085,,,,,
1789038910.2182,load,1,-1,28341,,,,,,,487.0,0.0,488.0,0.109,,,,,
1789038910.3993,load,1,-1,28341,,,,,,,488.0,0.0,489.0,0.093,,,,,
1789038913.4315,load,1,-1,28341,,,,,,,489.0,0.0,490.0,0.108,,,,,
1789038913.545,load,1,-1,28341,,,,,,,490.0,0.0,491.0,0.098,,,,,
1789038915.954,load,1,-1,28341,,,,,,,491.0,0.0,492.0,0.104,,,,,
1789038916.3628,load,1,-1,28341,,,,,,,492.0,0.0,493.0,0.088,,,,,
1789038917.9153,load,1,-1,28341,,,,,,,493.0,0.0,494.0,0.102,,,,,
1789038918.0944,load,1,-1,28341,,,,,,,494.0,0.0,495.0,0.103,,,,,
1789038920.5098,load,1,-1,28341,,,,,,,495.0,0.0,496.0,0.119,,,,,
1789038920.6232,load,1,-1,28341,,,,,,,496.0,0.0,497.0,0.1,,,,,
1789038922.9732,load,1,-1,28341,,,,,,,497.0,0.0,498.0,0.103,,,,,
1789038923.3982,load,1,-1,28341,,,,,,,498.0,0.0,499.0,0.091,,,,,
1789038925.5574,load,1,-1,28341,,,,,,,499.0,0.0,500.0,0.111,,,,,
1789038925.7377,load,1,-1,28341,,,,,,,500.0,0.0,501.0,0.106,,,,,
1789038928.718,load,1,-1,28341,,,,,,,501.0,0.0,502.0,0.117,,,,,
1789038928.8388,load,1,-1,28341,,,,,,,502.0,0.0,503.0,0.118,,,,,
1789038930.7779,load,1,-1,28341,,,,,,,503.0,0.0,504.0,0.11,,,,,
1789038931.1903,load,1,-1,28341,,,,,,,504.0,0.0,505.0,0.121,,,,,
1789038933.7947,load,1,-1,28341,,,,,,,505.0,0.0,506.0,0.132,,,,,
1789038933.9718,load,1,-1,28341,,,,,,,506.0,0.0,507.0,0.104,,,,,
1789038936.2683,load,1,-1,28341,,,,,,,507.0,0.0,508.0,0.101,,,,,
1789038936.4563,load,1,-1,28341,,,,,,,508.0,0.0,509.0,0.12,,,,,
1789038937.9451,load,1,-1,28341,,,,,,,509.0,0.0,510.0,0.11,,,,,
1789038938.3541,load,1,-1,28341,,,,,,,510.0,0.0,511.0,0.073,,,,,
1789038940.2299,load,1,-1,28341,,,,,,,511.0,0.0,512.0,0.118,,,,,
1789038940.4421,load,1,-1,28341,,,,,,,512.0,0.0,513.0,0.11,,,,,
1789038943.154,load,1,-1,28341,,,,,,,513.0,0.0,514.0,0.092,,,,,
1789038943.3624,load,1,-1,28341,,,,,,,514.0,0.0,515.0,0.084,,,,,
1789038945.1053,load,1,-1,28341,,,,,,,515.0,0.0,516.0,0.113,,,,,
1789038945.5148,load,1,-1,28341,,,,,,,516.0,0.0,517.0,0.082,,,,,
1789038947.4471,load,1,-1,28341,,,,,,,517.0,0.0,518.0,0.119,,,,,
1789038947.631,load,1,-1,28341,,,,,,,518.0,0.0,519.0,0.115,,,,,
1789038950.6349,load,1,-1,28341,,,,,,,519.0,0.0,520.0,0.11,,,,,
1789038950.7486,load,1,-1,28341,,,,,,,520.0,0.0,521.0,0.108,,,,,
1789038953.2599,load,1,-1,28341,,,,,,,521.0,0.0,522.0,0.146,,,,,
1789038953.604,load,1,-1,28341,,,,,,,522.0,0.0,523.0,0.084,,,,,
1789038955.5364,load,1,-1,28341,,,,,,,523.0,0.0,524.0,0.113,,,,,
1789038955.7202,load,1,-1,28341,,,,,,,524.0,0.0,525.0,0.091,,,,,
1789038957.8614,load,1,-1,28341,,,,,,,525.0,0.0,526.0,0.112,,,,,
1789038958.052,load,1,-1,28341,,,,,,,526.0,0.0,527.0,0.081,,,,,
1789038959.7569,load,1,-1,28341,,,,,,,527.0,0.0,528.0,0.111,,,,,
1789038960.1804,load,1,-1,28341,,,,,,,528.0,0.0,529.0,0.072,,,,,
1789038962.8675,load,1,-1,28341,,,,,,,529.0,0.0,530.0,0.116,,,,,
1789038963.0464,load,1,-1,28341,,,,,,,530.0,0.0,531.0,0.085,,,,,
1789038965.0611,load,1,-1,28341,,,,,,,531.0,0.0,532.0,0.095,,,,,
1789038965.2125,load,1,-1,28341,,,,,,,532.0,0.0,533.0,0.096,,,,,
1789038966.707,load,1,-1,28341,,,,,,,533.0,0.0,534.0,0.105,,,,,
1789038967.1177,load,1,-1,28341,,,,,,,534.0,0.0,535.0,0.072,,,,,
1789038969.4748,load,1,-1,28341,,,,,,,535.0,0.0,536.0,0.101,,,,,
1789038969.6567,load,1,-1,28341,,,,,,,536.0,0.0,537.0,0.092,,,,,
1789038972.5699,load,1,-1,28341,,,,,,,537.0,0.0,538.0,0.25,,,,,
1789038972.6832,load,1,-1,28341,,,,,,,538.0,0.0,539.0,0.106,,,,,
1789038975.1194,load,1,-1,28341,,,,,,,539.0,0.0,540.0,0.129,,,,,
1789038975.526,load,1,-1,28341,,,,,,,540.0,0.0,541.0,0.09,,,,,
1789038977.7437,load,1,-1,28341,,,,,,,541.0,0.0,542.0,0.209,,,,,
1789038977.8786,load,1,-1,28341,,,,,,,542.0,0.0,543.0,0.11,,,,,
1789038980.4843,load,1,-1,28341,,,,,,,543.0,0.0,544.0,0.093,,,,,
1789038980.6589,load,1,-1,28341,,,,,,,544.0,0.0,545.0,0.103,,,,,
1789038982.9723,load,1,-1,28341,,,,,,,545.0,0.0,546.0,0.121,,,,,
1789038983.3815,load,1,-1,28341,,,,,,,546.0,0.0,547.0,0.071,,,,,
1789038985.2821,load,1,-1,28341,,,,,,,547.0,0.0,548.0,0.105,,,,,
1789038985.4637,load,1,-1,28341,,,,,,,548.0,0.0,549.0,0.112,,,,,
1789038988.0197,load,1,-1,28341,,,,,,,549.0,0.0,550.0,0.098,,,,,
1789038988.2068,load,1,-1,28341,,,,,,,550.0,0.0,551.0,0.087,,,,,
1789038990.2684,load,1,-1,28341,,,,,,,551.0,0.0,552.0,0.12,,,,,
1789038990.7147,load,1,-1,28341,,,,,,,552.0,0.0,553.0,0.265,,,,,
1789038992.1419,load,1,-1,28341,,,,,,,553.0,0.0,554.0,0.105,,,,,
1789038992.3236,load,1,-1,28341,,,,,,,554.0,0.0,555.0,0.125,,,,,
1789038995.2029,load,1,-1,28341,,,,,,,555.0,0.0,556.0,0.098,,,,,
1789038995.3197,load,1,-1,28341,,,,,,,556.0,0.0,557.0,0.14,,,,,
1789038997.2337,load,1,-1,28341,,,,,,,557.0,0.0,558.0,0.117,,,,,
1789038997.6423,load,1,-1,28341,,,,,,,558.0,0.0,559.0,0.089,,,,,
1789038999.6217,load,1,-1,28341,,,,,,,559.0,0.0,560.0,0.107,,,,,
1789038999.8248,load,1,-1,28341,,,,,,,560.0,0.0,561.0,0.117,,,,,
1789039002.7286,load,1,-1,28341,,,,,,,561.0,0.0,562.0,0.116,,,,,
1789039002.8465,load,1,-1,28341,,,,,,,562.0,0.0,563.0,0.112,,,,,
1789039004.4538,load,1,-1,28341,,,,,,,563.0,0.0,564.0,0.106,,,,,
1789039004.8699,load,1,-1,28341,,,,,,,564.0,0.0,565.0,0.088,,,,,
1789039006.9908,load,1,-1,28341,,,,,,,565.0,0.0,566.0,0.108,,,,,
1789039007.1991,load,1,-1,28341,,,,,,,566.0,0.0,567.0,0.109,,,,,
1789039009.7724,load,1,-1,28341,,,,,,,567.0,0.0,568.0,0.246,,,,,
1789039009.9246,load,1,-1,28341,,,,,,,568.0,0.0,569.0,0.11,,,,,
1789039012.3825,load,1,-1,28341,,,,,,,569.0,0.0,570.0,0.13,,,,,
1789039012.8028,load,1,-1,28341,,,,,,,570.0,0.0,571.0,0.103,,,,,
1789039014.9395,load,1,-1,28341,,,,,,,571.0,0.0,572.0,0.107,,,,,
1789039015.1305,load,1,-1,28341,,,,,,,572.0,0.0,573.0,0.167,,,,,
1789039017.4353,load,1,-1,28341,,,,,,,573.0,0.0,574.0,0.103,,,,,
1789039017.5478,load,1,-1,28341,,,,,,,574.0,0.0,575.0,0.092,,,,,
1789039019.8988,load,1,-1,28341,,,,,,,575.0,0.0,576.0,0.103,,,,,
1789039020.3287,load,1,-1,28341,,,,,,,576.0,0.0,577.0,0.091,,,,,
1789039022.6234,load,1,-1,28341,,,,,,,577.0,0.0,578.0,0.107,,,,,
1789039022.8056,load,1,-1,28341,,,,,,,578.0,0.0,579.0,0.104,,,,,
1789039025.3975,load,1,-1,28341,,,,,,,579.0,0.0,580.0,0.088,,,,,
1789039025.5152,load,1,-1,28341,,,,,,,580.0,0.0,581.0,0.102,,,,,
1789039027.4486,load,1,-1,28341,,,,,,,581.0,0.0,582.0,0.118,,,,,
1789039027.809,load,1,-1,28341,,,,,,,582.0,0.0,583.0,0.093,,,,,
1789039029.5842,load,1,-1,28341,,,,,,,583.0,0.0,584.0,0.129,,,,,
1789039029.8,load,1,-1,28341,,,,,,,584.0,0.0,585.0,0.106,,,,,
1789039032.4344,load,1,-1,28341,,,,,,,585.0,0.0,586.0,0.113,,,,,
1789039032.6093,load,1,-1,28341,,,,,,,586.0,0.0,587.0,0.116,,,,,
1789039034.7208,load,1,-1,28341,,,,,,,587.0,0.0,588.0,0.111,,,,,
1789039035.1275,load,1,-1,28341,,,,,,,588.0,0.0,589.0,0.091,,,,,
1789039037.0933,load,1,-1,28341,,,,,,,589.0,0.0,590.0,0.132,,,,,
1789039037.2771,load,1,-1,28341,,,,,,,590.0,0.0,591.0,0.114,,,,,
1789039040.0933,load,1,-1,28341,,,,,,,591.0,0.0,592.0,0.098,,,,,
1789039040.21,load,1,-1,28341,,,,,,,592.0,0.0,593.0,0.109,,,,,
1789039042.4217,load,1,-1,28341,,,,,,,593.0,0.0,594.0,0.107,,,,,
1789039042.9104,load,1,-1,28341,,,,,,,594.0,0.0,595.0,0.09,,,,,
1789039044.3699,load,1,-1,28341,,,,,,,595.0,0.0,596.0,0.107,,,,,
1789039044.5505,load,1,-1,28341,,,,,,,596.0,0.0,597.0,0.089,,,,,
1789039047.0827,load,1,-1,28341,,,,,,,597.0,0.0,598.0,0.09,,,,,
1789039047.2235,load,1,-1,28341,,,,,,,598.0,0.0,599.0,0.1,,,,,
1789039049.047,load,1,-1,28341,,,,,,,599.0,0.0,600.0,0.109,,,,,
1789039049.4955,load,1,-1,28341,,,,,,,600.0,0.0,601.0,0.078,,,,,
1789039051.71,load,1,-1,28341,,,,,,,601.0,0.0,602.0,0.167,,,,,
1789039051.8296,load,1,-1,28341,,,,,,,602.0,0.0,603.0,0.101,,,,,
1789039054.3687,load,1,-1,28341,,,,,,,603.0,0.0,604.0,0.117,,,,,
1789039054.5089,load,1,-1,28341,,,,,,,604.0,0.0,605.0,0.09,,,,,
1789039056.3911,load,1,-1,28341,,,,,,,605.0,0.0,606.0,0.12,,,,,
1789039056.7977,load,1,-1,28341,,,,,,,606.0,0.0,607.0,0.081,,,,,
1789039059.0703,load,1,-1,28341,,,,,,,607.0,0.0,608.0,0.115,,,,,
1789039059.2687,load,1,-1,28341,,,,,,,608.0,0.0,609.0,0.086,,,,,
1789039061.4932,load,1,-1,28341,,,,,,,609.0,0.0,610.0,0.115,,,,,
1789039061.6341,load,1,-1,28341,,,,,,,610.0,0.0,611.0,0.093,,,,,
1789039064.0972,load,1,-1,28341,,,,,,,611.0,0.0,612.0,0.136,,,,,
1789039064.5071,load,1,-1,28341,,,,,,,612.0,0.0,613.0,0.09,,,,,
1789039066.3287,load,1,-1,28341,,,,,,,613.0,0.0,614.0,0.126,,,,,
1789039066.5125,load,1,-1,28341,,,,,,,614.0,0.0,615.0,0.101,,,,,
1789039068.9907,load,1,-1,28341,,,,,,,615.0,0.0,616.0,0.137,,,,,
1789039069.1314,load,1,-1,28341,,,,,,,616.0,0.0,617.0,0.098,,,,,
1789039071.069,load,1,-1,28341,,,,,,,617.0,0.0,618.0,0.113,,,,,
1789039071.536,load,1,-1,28341,,,,,,,618.0,0.0,619.0,0.09,,,,,
1789039073.5707,load,1,-1,28341,,,,,,,619.0,0.0,620.0,0.114,,,,,
1789039073.7524,load,1,-1,28341,,,,,,,620.0,0.0,621.0,0.093,,,,,
1789039076.7924,load,1,-1,28341,,,,,,,621.0,0.0,622.0,0.113,,,,,
1789039076.9076,load,1,-1,28341,,,,,,,622.0,0.0,623.0,0.094,,,,,
1789039078.6514,load,1,-1,28341,,,,,,,623.0,0.0,624.0,0.11,,,,,
1789039079.0833,load,1,-1,28341,,,,,,,624.0,0.0,625.0,0.07,,,,,
1789039080.7254,load,1,-1,28341,,,,,,,625.0,0.0,626.0,0.108,,,,,
1789039080.9084,load,1,-1,28341,,,,,,,626.0,0.0,627.0,0.092,,,,,
1789039083.0713,load,1,-1,28341,,,,,,,627.0,0.0,628.0,0.103,,,,,
1789039083.201,load,1,-1,28341,,,,,,,628.0,0.0,629.0,0.086,,,,,
1789039085.2003,load,1,-1,28341,,,,,,,629.0,0.0,630.0,0.107,,,,,
1789039085.6148,load,1,-1,28341,,,,,,,630.0,0.0,631.0,0.073,,,,,
1789039087.3644,load,1,-1,28341,,,,,,,631.0,0.0,632.0,0.128,,,,,
1789039087.5468,load,1,-1,28341,,,,,,,632.0,0.0,633.0,0.097,,,,,
1789039090.211,load,1,-1,28341,,,,,,,633.0,0.0,634.0,0.104,,,,,
1789039090.3619,load,1,-1,28341,,,,,,,634.0,0.0,635.0,0.106,,,,,
1789039091.9144,load,1,-1,28341,,,,,,,635.0,0.0,636.0,0.121,,,,,
1789039092.3256,load,1,-1,28341,,,,,,,636.0,0.0,637.0,0.076,,,,,
1789039094.33,load,1,-1,28341,,,,,,,637.0,0.0,638.0,0.122,,,,,
1789039094.511,load,1,-1,28341,,,,,,,638.0,0.0,639.0,0.093,,,,,
1789039096.8855,load,1,-1,28341,,,,,,,639.0,0.0,640.0,0.095,,,,,
1789039097.016,load,1,-1,28341,,,,,,,640.0,0.0,641.0,0.096,,,,,
1789039098.9341,load,1,-1,28341,,,,,,,641.0,0.0,642.0,0.377,,,,,
1789039099.285,load,1,-1,28341,,,,,,,642.0,0.0,643.0,0.109,,,,,
1789039101.2071,load,1,-1,28341,,,,,,,643.0,0.0,644.0,0.109,,,,,
1789039101.3888,load,1,-1,28341,,,,,,,644.0,0.0,645.0,0.098,,,,,
1789039103.8689,load,1,-1,28341,,,,,,,645.0,0.0,646.0,0.095,,,,,
1789039104.0394,load,1,-1,28341,,,,,,,646.0,0.0,647.0,0.1,,,,,
1789039105.9243,load,1,-1,28341,,,,,,,647.0,0.0,648.0,0.104,,,,,
1789039106.3291,load,1,-1,28341,,,,,,,648.0,0.0,649.0,0.071,,,,,
1789039108.2653,load,1,-1,28341,,,,,,,649.0,0.0,650.0,0.115,,,,,
1789039108.4501,load,1,-1,28341,,,,,,,650.0,0.0,651.0,0.099,,,,,
1789039111.1583,load,1,-1,28341,,,,,,,651.0,0.0,652.0,0.254,,,,,
1789039111.3058,load,1,-1,28341,,,,,,,652.0,0.0,653.0,0.09,,,,,
1789039113.3013,load,1,-1,28341,,,,,,,653.0,0.0,654.0,0.114,,,,,
1789039113.7219,load,1,-1,28341,,,,,,,654.0,0.0,655.0,0.074,,,,,
1789039115.4762,load,1,-1,28341,,,,,,,655.0,0.0,656.0,0.142,,,,,
1789039115.6707,load,1,-1,28341,,,,,,,656.0,0.0,657.0,0.107,,,,,
1789039117.7079,load,1,-1,28341,,,,,,,657.0,0.0,658.0,0.225,,,,,
1789039117.908,load,1,-1,28341,,,,,,,658.0,0.0,659.0,0.089,,,,,
1789039119.9252,load,1,-1,28341,,,,,,,659.0,0.0,660.0,0.106,,,,,
1789039120.3333,load,1,-1,28341,,,,,,,660.0,0.0,661.0,0.094,,,,,
1789039122.3482,load,1,-1,28341,,,,,,,661.0,0.0,662.0,0.106,,,,,
1789039122.4614,load,1,-1,28341,,,,,,,662.0,0.0,663.0,0.104,,,,,
1789039124.7559,load,1,-1,28341,,,,,,,663.0,0.0,664.0,0.097,,,,,
1789039124.92,load,1,-1,28341,,,,,,,664.0,0.0,665.0,0.103,,,,,
1789039127.2614,load,1,-1,28341,,,,,,,665.0,0.0,666.0,0.106,,,,,
1789039127.6704,load,1,-1,28341,,,,,,,666.0,0.0,667.0,0.1,,,,,
1789039129.6203,load,1,-1,28341,,,,,,,667.0,0.0,668.0,0.121,,,,,
1789039129.862,load,1,-1,28341,,,,,,,668.0,0.0,669.0,0.102,,,,,
1789039132.24,load,1,-1,28341,,,,,,,669.0,0.0,670.0,0.088,,,,,
1789039132.3596,load,1,-1,28341,,,,,,,670.0,0.0,671.0,0.103,,,,,
1789039134.9543,load,1,-1,28341,,,,,,,671.0,0.0,672.0,0.098,,,,,
1789039135.4178,load,1,-1,28341,,,,,,,672.0,0.0,673.0,0.107,,,,,
1789039137.5602,load,1,-1,28341,,,,,,,673.0,0.0,674.0,0.114,,,,,
1789039137.7408,load,1,-1,28341,,,,,,,674.0,0.0,675.0,0.108,,,,,
1789039140.1253,load,1,-1,28341,,,,,,,675.0,0.0,676.0,0.093,,,,,
1789039140.2827,load,1,-1,28341,,,,,,,676.0,0.0,677.0,0.106,,,,,
1789039142.1162,load,1,-1,28341,,,,,,,677.0,0.0,678.0,0.103,,,,,
1789039142.5381,load,1,-1,28341,,,,,,,678.0,0.0,679.0,0.089,,,,,
1789039144.5232,load,1,-1,28341,,,,,,,679.0,0.0,680.0,0.1,,,,,
1789039144.7106,load,1,-1,28341,,,,,,,680.0,0.0,681.0,0.095,,,,,
1789039147.666,load,1,-1,28341,,,,,,,681.0,0.0,682.0,0.11,,,,,
1789039147.7814,load,1,-1,28341,,,,,,,682.0,0.0,683.0,0.104,,,,,
1789039149.6722,load,1,-1,28341,,,,,,,683.0,0.0,684.0,0.122,,,,,
1789039150.0947,load,1,-1,28341,,,,,,,684.0,0.0,685.0,0.084,,,,,
1789039152.2952,load,1,-1,28341,,,,,,,685.0,0.0,686.0,0.109,,,,,
1789039152.4764,load,1,-1,28341,,,,,,,686.0,0.0,687.0,0.117,,,,,
1789039154.8124,load,1,-1,28341,,,,,,,687.0,0.0,688.0,0.091,,,,,
1789039154.9684,load,1,-1,28341,,,,,,,688.0,0.0,689.0,0.094,,,,,
1789039156.887,load,1,-1,28341,,,,,,,689.0,0.0,690.0,0.103,,,,,
1789039157.3943,load,1,-1,28341,,,,,,,690.0,0.0,691.0,0.087,,,,,
1789039159.4835,load,1,-1,28341,,,,,,,691.0,0.0,692.0,0.1,,,,,
1789039159.904,load,1,-1,28341,,,,,,,692.0,0.0,693.0,0.104,,,,,
1789039162.2559,load,1,-1,28341,,,,,,,693.0,0.0,694.0,0.088,,,,,
1789039162.3696,load,1,-1,28341,,,,,,,694.0,0.0,695.0,0.1,,,,,
1789039164.0968,load,1,-1,28341,,,,,,,695.0,0.0,696.0,0.106,,,,,
1789039164.534,load,1,-1,28341,,,,,,,696.0,0.0,697.0,0.085,,,,,
1789039166.6283,load,1,-1,28341,,,,,,,697.0,0.0,698.0,0.117,,,,,
1789039166.8124,load,1,-1,28341,,,,,,,698.0,0.0,699.0,0.099,,,,,
1789039169.2579,load,1,-1,28341,,,,,,,699.0,0.0,700.0,0.092,,,,,
1789039169.3956,load,1,-1,28341,,,,,,,700.0,0.0,701.0,0.091,,,,,
1789039171.4916,load,1,-1,28341,,,,,,,701.0,0.0,702.0,0.108,,,,,
1789039171.8582,load,1,-1,28341,,,,,,,702.0,0.0,703.0,0.086,,,,,
1789039174.2327,load,1,-1,28341,,,,,,,703.0,0.0,704.0,0.113,,,,,
1789039174.4142,load,1,-1,28341,,,,,,,704.0,0.0,705.0,0.095,,,,,
1789039177.0963,load,1,-1,28341,,,,,,,705.0,0.0,706.0,0.084,,,,,
1789039177.2108,load,1,-1,28341,,,,,,,706.0,0.0,707.0,0.096,,,,,
1789039178.8455,load,1,-1,28341,,,,,,,707.0,0.0,708.0,0.102,,,,,
1789039179.2565,load,1,-1,28341,,,,,,,708.0,0.0,709.0,0.094,,,,,
1789039181.1446,load,1,-1,28341,,,,,,,709.0,0.0,710.0,0.134,,,,,
1789039181.3238,load,1,-1,28341,,,,,,,710.0,0.0,711.0,0.099,,,,,
1789039183.8431,load,1,-1,28341,,,,,,,711.0,0.0,712.0,0.098,,,,,
1789039184.0307,load,1,-1,28341,,,,,,,712.0,0.0,713.0,0.087,,,,,
1789039186.1234,load,1,-1,28341,,,,,,,713.0,0.0,714.0,0.12,,,,,
1789039186.546,load,1,-1,28341,,,,,,,714.0,0.0,715.0,0.088,,,,,
1789039188.3131,load,1,-1,28341,,,,,,,715.0,0.0,716.0,0.122,,,,,
1789039188.4906,load,1,-1,28341,,,,,,,716.0,0.0,717.0,0.096,,,,,
1789039190.8684,load,1,-1,28341,,,,,,,717.0,0.0,718.0,0.086,,,,,
1789039191.0293,load,1,-1,28341,,,,,,,718.0,0.0,719.0,0.094,,,,,
1789039193.4482,load,1,-1,28341,,,,,,,719.0,0.0,720.0,0.116,,,,,
1789039193.849,load,1,-1,28341,,,,,,,720.0,0.0,721.0,0.075,,,,,
1789039196.298,load,1,-1,28341,,,,,,,721.0,0.0,722.0,0.273,,,,,
1789039196.4149,load,1,-1,28341,,,,,,,722.0,0.0,723.0,0.108,,,,,
1789039198.7542,load,1,-1,28341,,,,,,,723.0,0.0,724.0,0.101,,,,,
1789039198.927,load,1,-1,28341,,,,,,,724.0,0.0,725.0,0.1,,,,,
1789039200.8165,load,1,-1,28341,,,,,,,725.0,0.0,726.0,0.105,,,,,
1789039201.2297,load,1,-1,28341,,,,,,,726.0,0.0,727.0,0.086,,,,,
1789039203.4578,load,1,-1,28341,,,,,,,727.0,0.0,728.0,0.108,,,,,
1789039203.6607,load,1,-1,28341,,,,,,,728.0,0.0,729.0,0.108,,,,,
1789039205.8173,load,1,-1,28341,,,,,,,729.0,0.0,730.0,0.1,,,,,
1789039205.9837,load,1,-1,28341,,,,,,,730.0,0.0,731.0,0.096,,,,,
1789039207.9434,load,1,-1,28341,,,,,,,731.0,0.0,732.0,0.106,,,,,
1789039208.3541,load,1,-1,28341,,,,,,,732.0,0.0,733.0,0.1,,,,,
1789039210.6087,load,1,-1,28341,,,,,,,733.0,0.0,734.0,0.112,,,,,
1789039210.7902,load,1,-1,28341,,,,,,,734.0,0.0,735.0,0.107,,,,,
1789039213.3502,load,1,-1,28341,,,,,,,735.0,0.0,736.0,0.09,,,,,
1789039213.464,load,1,-1,28341,,,,,,,736.0,0.0,737.0,0.112,,,,,
1789039215.6032,load,1,-1,28341,,,,,,,737.0,0.0,738.0,0.112,,,,,
1789039216.0121,load,1,-1,28341,,,,,,,738.0,0.0,739.0,0.089,,,,,
1789039217.9601,load,1,-1,28341,,,,,,,739.0,0.0,740.0,0.11,,,,,
1789039218.4016,load,1,-1,28341,,,,,,,740.0,0.0,741.0,0.115,,,,,
1789039220.8657,load,1,-1,28341,,,,,,,741.0,0.0,742.0,0.134,,,,,
1789039220.9961,load,1,-1,28341,,,,,,,742.0,0.0,743.0,0.105,,,,,
1789039222.5626,load,1,-1,28341,,,,,,,743.0,0.0,744.0,0.133,,,,,
1789039223.0008,load,1,-1,28341,,,,,,,744.0,0.0,745.0,0.122,,,,,
1789039225.1274,load,1,-1,28341,,,,,,,745.0,0.0,746.0,0.11,,,,,
1789039225.3121,load,1,-1,28341,,,,,,,746.0,0.0,747.0,0.11,,,,,
1789039227.4049,load,1,-1,28341,,,,,,,747.0,0.0,748.0,0.09,,,,,
1789039227.5338,load,1,-1,28341,,,,,,,748.0,0.0,749.0,0.113,,,,,
1789039230.0008,load,1,-1,28341,,,,,,,749.0,0.0,750.0,0.104,,,,,
1789039230.3998,load,1,-1,28341,,,,,,,750.0,0.0,751.0,0.21,,,,,
1789039231.9969,load,1,-1,28341,,,,,,,751.0,0.0,752.0,0.102,,,,,
1789039232.178,load,1,-1,28341,,,,,,,752.0,0.0,753.0,0.099,,,,,
1789039234.6244,load,1,-1,28341,,,,,,,753.0,0.0,754.0,0.098,,,,,
1789039234.7819,load,1,-1,28341,,,,,,,754.0,0.0,755.0,0.099,,,,,
1789039237.4843,load,1,-1,28341,,,,,,,755.0,0.0,756.0,0.109,,,,,
1789039237.8867,load,1,-1,28341,,,,,,,756.0,0.0,757.0,0.08,,,,,
1789039239.9105,load,1,-1,28341,,,,,,,757.0,0.0,758.0,0.103,,,,,
1789039240.0638,load,1,-1,28341,,,,,,,758.0,0.0,759.0,0.098,,,,,
1789039242.306,load,1,-1,28341,,,,,,,759.0,0.0,760.0,0.102,,,,,
1789039242.4509,load,1,-1,28341,,,,,,,760.0,0.0,761.0,0.101,,,,,
1789039245.1026,load,1,-1,28341,,,,,,,761.0,0.0,762.0,0.249,,,,,
1789039245.4589,load,1,-1,28341,,,,,,,762.0,0.0,763.0,0.086,,,,,
1789039247.3793,load,1,-1,28341,,,,,,,763.0,0.0,764.0,0.107,,,,,
1789039247.5617,load,1,-1,28341,,,,,,,764.0,0.0,765.0,0.102,,,,,
1789039249.0653,load,1,-1,28341,,,,,,,765.0,0.0,766.0,0.092,,,,,
1789039249.2363,load,1,-1,28341,,,,,,,766.0,0.0,767.0,0.105,,,,,
1789039251.4134,load,1,-1,28341,,,,,,,767.0,0.0,768.0,0.103,,,,,
1789039251.8315,load,1,-1,28341,,,,,,,768.0,0.0,769.0,0.084,,,,,
1789039253.1697,load,1,-1,28341,,,,,,,769.0,0.0,770.0,0.119,,,,,
1789039253.3547,load,1,-1,28341,,,,,,,770.0,0.0,771.0,0.108,,,,,
1789039255.6678,load,1,-1,28341,,,,,,,771.0,0.0,772.0,0.099,,,,,
1789039255.8514,load,1,-1,28341,,,,,,,772.0,0.0,773.0,0.116,,,,,
1789039258.0466,load,1,-1,28341,,,,,,,773.0,0.0,774.0,0.112,,,,,
1789039258.4556,load,1,-1,28341,,,,,,,774.0,0.0,775.0,0.118,,,,,
1789039260.5245,load,1,-1,28341,,,,,,,775.0,0.0,776.0,0.114,,,,,
1789039260.7052,load,1,-1,28341,,,,,,,776.0,0.0,777.0,0.11,,,,,
1789039263.0698,load,1,-1,28341,,,,,,,777.0,0.0,778.0,0.099,,,,,
1789039263.219,load,1,-1,28341,,,,,,,778.0,0.0,779.0,0.107,,,,,
1789039264.9,load,1,-1,28341,,,,,,,779.0,0.0,780.0,0.114,,,,,
1789039265.3322,load,1,-1,28341,,,,,,,780.0,0.0,781.0,0.1,,,,,
1789039267.3284,load,1,-1,28341,,,,,,,781.0,0.0,782.0,0.109,,,,,
1789039267.4451,load,1,-1,28341,,,,,,,782.0,0.0,783.0,0.123,,,,,
1789039270.4134,load,1,-1,28341,,,,,,,783.0,0.0,784.0,0.089,,,,,
1789039270.5303,load,1,-1,28341,,,,,,,784.0,0.0,785.0,0.106,,,,,
1789039272.9939,load,1,-1,28341,,,,,,,785.0,0.0,786.0,0.105,,,,,
1789039273.4036,load,1,-1,28341,,,,,,,786.0,0.0,787.0,0.085,,,,,
1789039275.596,load,1,-1,28341,,,,,,,787.0,0.0,788.0,0.109,,,,,
1789039275.7753,load,1,-1,28341,,,,,,,788.0,0.0,789.0,0.097,,,,,
1789039278.6002,load,1,-1,28341,,,,,,,789.0,0.0,790.0,0.088,,,,,
1789039278.74,load,1,-1,28341,,,,,,,790.0,0.0,791.0,0.121,,,,,
1789039280.6496,load,1,-1,28341,,,,,,,791.0,0.0,792.0,0.167,,,,,
1789039281.0742,load,1,-1,28341,,,,,,,792.0,0.0,793.0,0.093,,,,,
1789039283.2546,load,1,-1,28341,,,,,,,793.0,0.0,794.0,0.11,,,,,
1789039283.4383,load,1,-1,28341,,,,,,,794.0,0.0,795.0,0.105,,,,,
1789039285.2269,load,1,-1,28341,,,,,,,795.0,0.0,796.0,0.093,,,,,
1789039285.3454,load,1,-1,28341,,,,,,,796.0,0.0,797.0,0.112,,,,,
1789039287.2249,load,1,-1,28341,,,,,,,797.0,0.0,798.0,0.111,,,,,
1789039287.6543,load,1,-1,28341,,,,,,,798.0,0.0,799.0,0.085,,,,,
1789039289.6945,load,1,-1,28341,,,,,,,799.0,0.0,800.0,0.128,,,,,
1789039289.8763,load,1,-1,28341,,,,,,,800.0,0.0,801.0,0.118,,,,,
1789039292.2015,load,1,-1,28341,,,,,,,801.0,0.0,802.0,0.13,,,,,
1789039292.316,load,1,-1,28341,,,,,,,802.0,0.0,803.0,0.091,,,,,
1789039294.4161,load,1,-1,28341,,,,,,,803.0,0.0,804.0,0.114,,,,,
1789039294.8327,load,1,-1,28341,,,,,,,804.0,0.0,805.0,0.079,,,,,
1789039297.161,load,1,-1,28341,,,,,,,805.0,0.0,806.0,0.111,,,,,
1789039297.3441,load,1,-1,28341,,,,,,,806.0,0.0,807.0,0.09,,,,,
1789039300.0969,load,1,-1,28341,,,,,,,807.0,0.0,808.0,0.139,,,,,
1789039300.2106,load,1,-1,28341,,,,,,,808.0,0.0,809.0,0.093,,,,,
1789039302.7321,load,1,-1,28341,,,,,,,809.0,0.0,810.0,0.107,,,,,
1789039303.1867,load,1,-1,28341,,,,,,,810.0,0.0,811.0,0.068,,,,,
1789039305.1533,load,1,-1,28341,,,,,,,811.0,0.0,812.0,0.116,,,,,
1789039305.3563,load,1,-1,28341,,,,,,,812.0,0.0,813.0,0.091,,,,,
1789039307.5554,load,1,-1,28341,,,,,,,813.0,0.0,814.0,0.096,,,,,
1789039307.7039,load,1,-1,28341,,,,,,,814.0,0.0,815.0,0.1,,,,,
1789039309.5136,load,1,-1,28341,,,,,,,815.0,0.0,816.0,0.111,,,,,
1789039309.9257,load,1,-1,28341,,,,,,,816.0,0.0,817.0,0.076,,,,,
1789039311.6236,load,1,-1,28341,,,,,,,817.0,0.0,818.0,0.11,,,,,
1789039311.8043,load,1,-1,28341,,,,,,,818.0,0.0,819.0,0.081,,,,,
1789039314.2538,load,1,-1,28341,,,,,,,819.0,0.0,820.0,0.089,,,,,
1789039314.3835,load,1,-1,28341,,,,,,,820.0,0.0,821.0,0.099,,,,,
1789039316.8409,load,1,-1,28341,,,,,,,821.0,0.0,822.0,0.169,,,,,
1789039317.1918,load,1,-1,28341,,,,,,,822.0,0.0,823.0,0.082,,,,,
1789039319.1044,load,1,-1,28341,,,,,,,823.0,0.0,824.0,0.105,,,,,
1789039319.2857,load,1,-1,28341,,,,,,,824.0,0.0,825.0,0.099,,,,,
1789039321.2563,load,1,-1,28341,,,,,,,825.0,0.0,826.0,0.113,,,,,
1789039321.3723,load,1,-1,28341,,,,,,,826.0,0.0,827.0,0.11,,,,,
1789039323.5399,load,1,-1,28341,,,,,,,827.0,0.0,828.0,0.114,,,,,
1789039323.9518,load,1,-1,28341,,,,,,,828.0,0.0,829.0,0.09,,,,,
1789039325.8086,load,1,-1,28341,,,,,,,829.0,0.0,830.0,0.105,,,,,
1789039325.9971,load,1,-1,28341,,,,,,,830.0,0.0,831.0,0.114,,,,,
1789039328.6585,load,1,-1,28341,,,,,,,831.0,0.0,832.0,0.096,,,,,
1789039328.8301,load,1,-1,28341,,,,,,,832.0,0.0,833.0,0.12,,,,,
1789039330.8636,load,1,-1,28341,,,,,,,833.0,0.0,834.0,0.104,,,,,
1789039331.3003,load,1,-1,28341,,,,,,,834.0,0.0,835.0,0.089,,,,,
1789039333.6535,load,1,-1,28341,,,,,,,835.0,0.0,836.0,0.106,,,,,
1789039333.834,load,1,-1,28341,,,,,,,836.0,0.0,837.0,0.088,,,,,
1789039336.1444,load,1,-1,28341,,,,,,,837.0,0.0,838.0,0.098,,,,,
1789039336.3241,load,1,-1,28341,,,,,,,838.0,0.0,839.0,0.105,,,,,
1789039338.1576,load,1,-1,28341,,,,,,,839.0,0.0,840.0,0.115,,,,,
1789039338.5746,load,1,-1,28341,,,,,,,840.0,0.0,841.0,0.088,,,,,
1789039340.3578,load,1,-1,28341,,,,,,,841.0,0.0,842.0,0.107,,,,,
1789039340.4747,load,1,-1,28341,,,,,,,842.0,0.0,843.0,0.104,,,,,
1789039342.7077,load,1,-1,28341,,,,,,,843.0,0.0,844.0,0.101,,,,,
1789039342.8546,load,1,-1,28341,,,,,,,844.0,0.0,845.0,0.103,,,,,
1789039345.2215,load,1,-1,28341,,,,,,,845.0,0.0,846.0,0.108,,,,,
1789039345.6603,load,1,-1,28341,,,,,,,846.0,0.0,847.0,0.109,,,,,
1789039346.9363,load,1,-1,28341,,,,,,,847.0,0.0,848.0,0.108,,,,,
1789039347.1239,load,1,-1,28341,,,,,,,848.0,0.0,849.0,0.14,,,,,
1789039349.5265,load,1,-1,28341,,,,,,,849.0,0.0,850.0,0.098,,,,,
1789039349.6725,load,1,-1,28341,,,,,,,850.0,0.0,851.0,0.111,,,,,
1789039351.4301,load,1,-1,28341,,,,,,,851.0,0.0,852.0,0.105,,,,,
1789039351.9251,load,1,-1,28341,,,,,,,852.0,0.0,853.0,0.084,,,,,
1789039354.0395,load,1,-1,28341,,,,,,,853.0,0.0,854.0,0.105,,,,,
1789039354.2212,load,1,-1,28341,,,,,,,854.0,0.0,855.0,0.104,,,,,
1789039356.9299,load,1,-1,28341,,,,,,,855.0,0.0,856.0,0.088,,,,,
1789039357.0415,load,1,-1,28341,,,,,,,856.0,0.0,857.0,0.099,,,,,
1789039358.9758,load,1,-1,28341,,,,,,,857.0,0.0,858.0,0.104,,,,,
1789039359.5721,load,1,-1,28341,,,,,,,858.0,0.0,859.0,0.087,,,,,
1789039361.1795,load,1,-1,28341,,,,,,,859.0,0.0,860.0,0.102,,,,,
1789039362.0377,load,1,-1,28341,,,,,,,860.0,0.0,861.0,0.103,,,,,
1789039363.9096,load,1,-1,28341,,,,,,,861.0,0.0,862.0,0.117,,,,,
1789039364.2933,load,1,-1,28341,,,,,,,862.0,0.0,863.0,0.116,,,,,
1789039366.1943,load,1,-1,28341,,,,,,,863.0,0.0,864.0,0.104,,,,,
1789039366.7703,load,1,-1,28341,,,,,,,864.0,0.0,865.0,0.108,,,,,
1789039368.4332,load,1,-1,28341,,,,,,,865.0,0.0,866.0,0.113,,,,,
1789039368.6419,load,1,-1,28341,,,,,,,866.0,0.0,867.0,0.096,,,,,
1789039370.9003,load,1,-1,28341,,,,,,,867.0,0.0,868.0,0.128,,,,,
1789039371.013,load,1,-1,28341,,,,,,,868.0,0.0,869.0,0.101,,,,,
1789039372.8891,load,1,-1,28341,,,,,,,869.0,0.0,870.0,0.113,,,,,
1789039373.3875,load,1,-1,28341,,,,,,,870.0,0.0,871.0,0.091,,,,,
1789039375.4437,load,1,-1,28341,,,,,,,871.0,0.0,872.0,0.117,,,,,
1789039376.1899,load,1,-1,28341,,,,,,,872.0,0.0,873.0,0.094,,,,,
1789039377.5683,load,1,-1,28341,,,,,,,873.0,0.0,874.0,0.103,,,,,
1789039378.9854,load,1,-1,28341,,,,,,,874.0,0.0,875.0,0.092,,,,,
1789039379.8739,load,1,-1,28341,,,,,,,875.0,0.0,876.0,0.107,,,,,
1789039381.4673,load,1,-1,28341,,,,,,,876.0,0.0,877.0,0.079,,,,,
1789039382.3399,load,1,-1,28341,,,,,,,877.0,0.0,878.0,0.115,,,,,
1789039383.6551,load,1,-1,28341,,,,,,,878.0,0.0,879.0,0.095,,,,,
1789039384.9047,load,1,-1,28341,,,,,,,879.0,0.0,880.0,0.1,,,,,
1789039386.0144,load,1,-1,28341,,,,,,,880.0,0.0,881.0,0.093,,,,,
1789039387.0475,load,1,-1,28341,,,,,,,881.0,0.0,882.0,0.17,,,,,
1789039388.9813,load,1,-1,28341,,,,,,,882.0,0.0,883.0,0.092,,,,,
1789039389.2822,load,1,-1,28341,,,,,,,883.0,0.0,884.0,0.106,,,,,
1789039390.8669,load,1,-1,28341,,,,,,,884.0,0.0,885.0,0.114,,,,,
1789039392.4412,load,1,-1,28341,,,,,,,885.0,0.0,886.0,0.093,,,,,
1789039393.9872,load,1,-1,28341,,,,,,,886.0,0.0,887.0,0.108,,,,,
1789039394.3251,load,1,-1,28341,,,,,,,887.0,0.0,888.0,0.11,,,,,
1789039396.7165,load,1,-1,28341,,,,,,,888.0,0.0,889.0,0.073,,,,,
1789039396.9905,load,1,-1,28341,,,,,,,889.0,0.0,890.0,0.111,,,,,
1789039398.8743,load,1,-1,28341,,,,,,,890.0,0.0,891.0,0.092,,,,,
1789039400.1738,load,1,-1,28341,,,,,,,891.0,0.0,892.0,0.095,,,,,
1789039400.8432,load,1,-1,28341,,,,,,,892.0,0.0,893.0,0.094,,,,,
1789039401.7644,load,1,-1,28341,,,,,,,893.0,0.0,894.0,0.224,,,,,
1789039403.6829,load,1,-1,28341,,,,,,,894.0,0.0,895.0,0.077,,,,,
1789039403.8438,load,1,-1,28341,,,,,,,895.0,0.0,896.0,0.105,,,,,
1789039405.3226,load,1,-1,28341,,,,,,,896.0,0.0,897.0,0.093,,,,,
1789039406.2873,load,1,-1,28341,,,,,,,897.0,0.0,898.0,0.147,,,,,
1789039407.9025,load,1,-1,28341,,,,,,,898.0,0.0,899.0,0.093,,,,,
1789039409.1783,load,1,-1,28341,,,,,,,899.0,0.0,900.0,0.113,,,,,
1789039410.1764,load,1,-1,28341,,,,,,,900.0,0.0,901.0,0.071,,,,,
1789039412.212,load,1,-1,28341,,,,,,,901.0,0.0,902.0,0.11,,,,,
1789039412.3276,load,1,-1,28341,,,,,,,902.0,0.0,903.0,0.096,,,,,
1789039414.969,load,1,-1,28341,,,,,,,903.0,0.0,904.0,0.242,,,,,
1789039415.089,load,1,-1,28341,,,,,,,904.0,0.0,905.0,0.083,,,,,
1789039416.7975,load,1,-1,28341,,,,,,,905.0,0.0,906.0,0.107,,,,,
1789039417.2167,load,1,-1,28341,,,,,,,906.0,0.0,907.0,0.075,,,,,
1789039418.7894,load,1,-1,28341,,,,,,,907.0,0.0,908.0,0.108,,,,,
1789039419.3051,load,1,-1,28341,,,,,,,908.0,0.0,909.0,0.092,,,,,
1789039421.4819,load,1,-1,28341,,,,,,,909.0,0.0,910.0,0.102,,,,,
1789039421.6272,load,1,-1,28341,,,,,,,910.0,0.0,911.0,0.103,,,,,
1789039423.3333,load,1,-1,28341,,,,,,,911.0,0.0,912.0,0.113,,,,,
1789039424.5085,load,1,-1,28341,,,,,,,912.0,0.0,913.0,0.075,,,,,
1789039425.5822,load,1,-1,28341,,,,,,,913.0,0.0,914.0,0.113,,,,,
1789039427.1782,load,1,-1,28341,,,,,,,914.0,0.0,915.0,0.088,,,,,
1789039429.0171,load,1,-1,28341,,,,,,,915.0,0.0,916.0,0.107,,,,,
1789039429.1905,load,1,-1,28341,,,,,,,916.0,0.0,917.0,0.091,,,,,
1789039431.2158,load,1,-1,28341,,,,,,,917.0,0.0,918.0,0.109,,,,,
1789039431.6282,load,1,-1,28341,,,,,,,918.0,0.0,919.0,0.086,,,,,
1789039433.8727,load,1,-1,28341,,,,,,,919.0,0.0,920.0,0.104,,,,,
1789039434.0574,load,1,-1,28341,,,,,,,920.0,0.0,921.0,0.097,,,,,
1789039436.6096,load,1,-1,28341,,,,,,,921.0,0.0,922.0,0.139,,,,,
1789039436.7303,load,1,-1,28341,,,,,,,922.0,0.0,923.0,0.09,,,,,
1789039438.3283,load,1,-1,28341,,,,,,,923.0,0.0,924.0,0.111,,,,,
1789039438.967,load,1,-1,28341,,,,,,,924.0,0.0,925.0,0.074,,,,,
1789039441.1188,load,1,-1,28341,,,,,,,925.0,0.0,926.0,0.113,,,,,
1789039441.2988,load,1,-1,28341,,,,,,,926.0,0.0,927.0,0.083,,,,,
1789039443.5963,load,1,-1,28341,,,,,,,927.0,0.0,928.0,0.099,,,,,
1789039443.744,load,1,-1,28341,,,,,,,928.0,0.0,929.0,0.092,,,,,
1789039445.5575,load,1,-1,28341,,,,,,,929.0,0.0,930.0,0.111,,,,,
1789039445.9747,load,1,-1,28341,,,,,,,930.0,0.0,931.0,0.105,,,,,
1789039447.6279,load,1,-1,28341,,,,,,,931.0,0.0,932.0,0.107,,,,,
1789039447.8223,load,1,-1,28341,,,,,,,932.0,0.0,933.0,0.11,,,,,
1789039450.1596,load,1,-1,28341,,,,,,,933.0,0.0,934.0,0.094,,,,,
1789039450.4077,load,1,-1,28341,,,,,,,934.0,0.0,935.0,0.101,,,,,
1789039452.0293,load,1,-1,28341,,,,,,,935.0,0.0,936.0,0.113,,,,,
1789039452.4368,load,1,-1,28341,,,,,,,936.0,0.0,937.0,0.07,,,,,
1789039454.7531,load,1,-1,28341,,,,,,,937.0,0.0,938.0,0.108,,,,,
1789039454.9335,load,1,-1,28341,,,,,,,938.0,0.0,939.0,0.093,,,,,
1789039456.9957,load,1,-1,28341,,,,,,,939.0,0.0,940.0,0.09,,,,,
1789039457.1675,load,1,-1,28341,,,,,,,940.0,0.0,941.0,0.096,,,,,
1789039459.4137,load,1,-1,28341,,,,,,,941.0,0.0,942.0,0.353,,,,,
1789039459.8097,load,1,-1,28341,,,,,,,942.0,0.0,943.0,0.081,,,,,
1789039461.4294,load,1,-1,28341,,,,,,,943.0,0.0,944.0,0.108,,,,,
1789039461.6159,load,1,-1,28341,,,,,,,944.0,0.0,945.0,0.113,,,,,
1789039463.8625,load,1,-1,28341,,,,,,,945.0,0.0,946.0,0.086,,,,,
1789039464.0119,load,1,-1,28341,,,,,,,946.0,0.0,947.0,0.106,,,,,
1789039466.3225,load,1,-1,28341,,,,,,,947.0,0.0,948.0,0.107,,,,,
1789039466.7267,load,1,-1,28341,,,,,,,948.0,0.0,949.0,0.084,,,,,
1789039469.0695,load,1,-1,28341,,,,,,,949.0,0.0,950.0,0.104,,,,,
1789039469.2617,load,1,-1,28341,,,,,,,950.0,0.0,951.0,0.104,,,,,
1789039471.6598,load,1,-1,28341,,,,,,,951.0,0.0,952.0,0.092,,,,,
1789039471.8079,load,1,-1,28341,,,,,,,952.0,0.0,953.0,0.114,,,,,
1789039473.8711,load,1,-1,28341,,,,,,,953.0,0.0,954.0,0.156,,,,,
1789039474.2731,load,1,-1,28341,,,,,,,954.0,0.0,955.0,0.086,,,,,
1789039476.5005,load,1,-1,28341,,,,,,,955.0,0.0,956.0,0.108,,,,,
1789039476.6825,load,1,-1,28341,,,,,,,956.0,0.0,957.0,0.097,,,,,
1789039479.2828,load,1,-1,28341,,,,,,,957.0,0.0,958.0,0.093,,,,,
1789039479.4328,load,1,-1,28341,,,,,,,958.0,0.0,959.0,0.094,,,,,
1789039481.3158,load,1,-1,28341,,,,,,,959.0,0.0,960.0,0.111,,,,,
1789039481.7232,load,1,-1,28341,,,,,,,960.0,0.0,961.0,0.075,,,,,
1789039483.2054,load,1,-1,28341,,,,,,,961.0,0.0,962.0,0.112,,,,,
1789039483.756,load,1,-1,28341,,,,,,,962.0,0.0,963.0,0.094,,,,,
1789039485.5352,load,1,-1,28341,,,,,,,963.0,0.0,964.0,0.094,,,,,
1789039485.6869,load,1,-1,28341,,,,,,,964.0,0.0,965.0,0.085,,,,,
1789039488.1858,load,1,-1,28341,,,,,,,965.0,0.0,966.0,0.106,,,,,
1789039488.5957,load,1,-1,28341,,,,,,,966.0,0.0,967.0,0.088,,,,,
1789039490.9134,load,1,-1,28341,,,,,,,967.0,0.0,968.0,0.105,,,,,
1789039491.1087,load,1,-1,28341,,,,,,,968.0,0.0,969.0,0.106,,,,,
1789039493.5932,load,1,-1,28341,,,,,,,969.0,0.0,970.0,0.089,,,,,
1789039493.7218,load,1,-1,28341,,,,,,,970.0,0.0,971.0,0.095,,,,,
1789039496.0638,load,1,-1,28341,,,,,,,971.0,0.0,972.0,0.102,,,,,
1789039496.4708,load,1,-1,28341,,,,,,,972.0,0.0,973.0,0.083,,,,,
1789039498.2937,load,1,-1,28341,,,,,,,973.0,0.0,974.0,0.104,,,,,
1789039499.0526,load,1,-1,28341,,,,,,,974.0,0.0,975.0,0.122,,,,,
1789039500.7432,load,1,-1,28341,,,,,,,975.0,0.0,976.0,0.089,,,,,
1789039501.1752,load,1,-1,28341,,,,,,,976.0,0.0,977.0,0.113,,,,,
1789039502.5197,load,1,-1,28341,,,,,,,977.0,0.0,978.0,0.107,,,,,
1789039503.9604,load,1,-1,28341,,,,,,,978.0,0.0,979.0,0.097,,,,,
1789039505.4908,load,1,-1,28341,,,,,,,979.0,0.0,980.0,0.114,,,,,
1789039505.7563,load,1,-1,28341,,,,,,,980.0,0.0,981.0,0.11,,,,,
1789039508.4943,load,1,-1,28341,,,,,,,981.0,0.0,982.0,0.123,,,,,
1789039508.6384,load,1,-1,28341,,,,,,,982.0,0.0,983.0,0.101,,,,,
1789039510.6292,load,1,-1,28341,,,,,,,983.0,0.0,984.0,0.109,,,,,
1789039511.0384,load,1,-1,28341,,,,,,,984.0,0.0,985.0,0.087,,,,,
1789039513.1285,load,1,-1,28341,,,,,,,985.0,0.0,986.0,0.133,,,,,
1789039513.3425,load,1,-1,28341,,,,,,,986.0,0.0,987.0,0.14,,,,,
1789039515.759,load,1,-1,28341,,,,,,,987.0,0.0,988.0,0.095,,,,,
1789039515.8706,load,1,-1,28341,,,,,,,988.0,0.0,989.0,0.109,,,,,
1789039517.8298,load,1,-1,28341,,,,,,,989.0,0.0,990.0,0.127,,,,,
1789039518.3206,load,1,-1,28341,,,,,,,990.0,0.0,991.0,0.083,,,,,
1789039519.9328,load,1,-1,28341,,,,,,,991.0,0.0,992.0,0.127,,,,,
1789039520.1154,load,1,-1,28341,,,,,,,992.0,0.0,993.0,0.115,,,,,
1789039522.9483,load,1,-1,28341,,,,,,,993.0,0.0,994.0,0.097,,,,,
1789039523.0971,load,1,-1,28341,,,,,,,994.0,0.0,995.0,0.111,,,,,
1789039525.2422,load,1,-1,28341,,,,,,,995.0,0.0,996.0,0.116,,,,,
1789039525.6935,load,1,-1,28341,,,,,,,996.0,0.0,997.0,0.102,,,,,
1789039527.162,load,1,-1,28341,,,,,,,997.0,0.0,998.0,0.105,,,,,
1789039527.3447,load,1,-1,28341,,,,,,,998.0,0.0,999.0,0.101,,,,,
1789039530.1486,load,1,-1,28341,,,,,,,999.0,0.0,1000.0,0.095,,,,,
1789038318.5749,load,2,-1,28342,,,,,,,0.0,0.0,1.0,3223.511,,,,,
1789038320.2101,load,2,-1,28342,,,,,,,1.0,0.0,2.0,0.262,,,,,
1789038321.6457,load,2,-1,28342,,,,,,,2.0,0.0,3.0,1309.534,,,,,
1789038322.4039,load,2,-1,28342,,,,,,,3.0,0.0,4.0,0.09,,,,,
1789038323.753,load,2,-1,28342,,,,,,,4.0,0.0,5.0,1202.907,,,,,
1789038324.2824,load,2,-1,28342,,,,,,,5.0,0.0,6.0,0.096,,,,,
1789038326.2178,load,2,-1,28342,,,,,,,6.0,0.0,7.0,1380.61,,,,,
1789038326.6584,load,2,-1,28342,,,,,,,7.0,0.0,8.0,0.098,,,,,
1789038328.2449,load,2,-1,28342,,,,,,,8.0,0.0,9.0,1409.124,,,,,
1789038329.2744,load,2,-1,28342,,,,,,,9.0,0.0,10.0,0.265,,,,,
1789038329.9922,load,2,-1,28342,,,,,,,10.0,0.0,11.0,603.377,,,,,
1789038331.0517,load,2,-1,28342,,,,,,,11.0,0.0,12.0,0.13,,,,,
1789038332.974,load,2,-1,28342,,,,,,,12.0,0.0,13.0,1508.049,,,,,
1789038333.4007,load,2,-1,28342,,,,,,,13.0,0.0,14.0,0.101,,,,,
1789038335.056,load,2,-1,28342,,,,,,,14.0,0.0,15.0,1473.988,,,,,
1789038336.1932,load,2,-1,28342,,,,,,,15.0,0.0,16.0,0.092,,,,,
1789038337.7501,load,2,-1,28342,,,,,,,16.0,0.0,17.0,1415.005,,,,,
1789038338.5546,load,2,-1,28342,,,,,,,17.0,0.0,18.0,0.095,,,,,
1789038339.9871,load,2,-1,28342,,,,,,,18.0,0.0,19.0,1022.268,,,,,
1789038340.8485,load,2,-1,28342,,,,,,,19.0,0.0,20.0,0.118,,,,,
1789038342.1658,load,2,-1,28342,,,,,,,20.0,0.0,21.0,938.084,,,,,
1789038343.2813,load,2,-1,28342,,,,,,,21.0,0.0,22.0,0.115,,,,,
1789038344.4281,load,2,-1,28342,,,,,,,22.0,0.0,23.0,406.587,,,,,
1789038345.4139,load,2,-1,28342,,,,,,,23.0,0.0,24.0,0.104,,,,,
1789038346.6805,load,2,-1,28342,,,,,,,24.0,0.0,25.0,63.311,,,,,
1789038347.7003,load,2,-1,28342,,,,,,,25.0,0.0,26.0,0.123,,,,,
1789038348.7806,load,2,-1,28342,,,,,,,26.0,0.0,27.0,562.417,,,,,
1789038350.6664,load,2,-1,28342,,,,,,,27.0,0.0,28.0,0.125,,,,,
1789038351.271,load,2,-1,28342,,,,,,,28.0,0.0,29.0,328.062,,,,,
1789038353.0386,load,2,-1,28342,,,,,,,29.0,0.0,30.0,0.112,,,,,
1789038354.2016,load,2,-1,28342,,,,,,,30.0,0.0,31.0,0.106,,,,,
1789038355.1306,load,2,-1,28342,,,,,,,31.0,0.0,32.0,0.1,,,,,
1789038356.3913,load,2,-1,28342,,,,,,,32.0,0.0,33.0,0.113,,,,,
1789038358.1563,load,2,-1,28342,,,,,,,33.0,0.0,34.0,0.138,,,,,
1789038359.6621,load,2,-1,28342,,,,,,,34.0,0.0,35.0,0.11,,,,,
1789038359.9732,load,2,-1,28342,,,,,,,35.0,0.0,36.0,0.102,,,,,
1789038362.4905,load,2,-1,28342,,,,,,,36.0,0.0,37.0,0.104,,,,,
1789038362.6666,load,2,-1,28342,,,,,,,37.0,0.0,38.0,0.085,,,,,
1789038364.0642,load,2,-1,28342,,,,,,,38.0,0.0,39.0,0.102,,,,,
1789038364.4662,load,2,-1,28342,,,,,,,39.0,0.0,40.0,0.092,,,,,
1789038366.8184,load,2,-1,28342,,,,,,,40.0,0.0,41.0,0.12,,,,,
1789038367.0766,load,2,-1,28342,,,,,,,41.0,0.0,42.0,0.107,,,,,
1789038369.409,load,2,-1,28342,,,,,,,42.0,0.0,43.0,0.122,,,,,
1789038369.7,load,2,-1,28342,,,,,,,43.0,0.0,44.0,0.091,,,,,
1789038371.2081,load,2,-1,28342,,,,,,,44.0,0.0,45.0,0.111,,,,,
1789038372.4798,load,2,-1,28342,,,,,,,45.0,0.0,46.0,0.091,,,,,
1789038373.7528,load,2,-1,28342,,,,,,,46.0,0.0,47.0,0.106,,,,,
1789038374.3358,load,2,-1,28342,,,,,,,47.0,0.0,48.0,0.089,,,,,
1789038376.526,load,2,-1,28342,,,,,,,48.0,0.0,49.0,0.117,,,,,
1789038376.6372,load,2,-1,28342,,,,,,,49.0,0.0,50.0,0.1,,,,,
1789038378.7858,load,2,-1,28342,,,,,,,50.0,0.0,51.0,0.157,,,,,
1789038379.2501,load,2,-1,28342,,,,,,,51.0,0.0,52.0,0.089,,,,,
1789038381.51,load,2,-1,28342,,,,,,,52.0,0.0,53.0,0.11,,,,,
1789038381.6903,load,2,-1,28342,,,,,,,53.0,0.0,54.0,0.096,,,,,
1789038384.6774,load,2,-1,28342,,,,,,,54.0,0.0,55.0,0.274,,,,,
1789038384.824,load,2,-1,28342,,,,,,,55.0,0.0,56.0,0.107,,,,,
1789038386.4933,load,2,-1,28342,,,,,,,56.0,0.0,57.0,0.129,,,,,
1789038386.9385,load,2,-1,28342,,,,,,,57.0,0.0,58.0,0.105,,,,,
1789038389.2488,load,2,-1,28342,,,,,,,58.0,0.0,59.0,0.119,,,,,
1789038389.431,load,2,-1,28342,,,,,,,59.0,0.0,60.0,0.09,,,,,
1789038391.6744,load,2,-1,28342,,,,,,,60.0,0.0,61.0,0.13,,,,,
1789038391.8721,load,2,-1,28342,,,,,,,61.0,0.0,62.0,0.106,,,,,
1789038393.7255,load,2,-1,28342,,,,,,,62.0,0.0,63.0,0.116,,,,,
1789038394.1613,load,2,-1,28342,,,,,,,63.0,0.0,64.0,0.084,,,,,
1789038396.3854,load,2,-1,28342,,,,,,,64.0,0.0,65.0,0.144,,,,,
1789038396.5705,load,2,-1,28342,,,,,,,65.0,0.0,66.0,0.102,,,,,
1789038398.4557,load,2,-1,28342,,,,,,,66.0,0.0,67.0,0.099,,,,,
1789038399.6469,load,2,-1,28342,,,,,,,67.0,0.0,68.0,0.096,,,,,
1789038400.3167,load,2,-1,28342,,,,,,,68.0,0.0,69.0,0.116,,,,,
1789038402.4342,load,2,-1,28342,,,,,,,69.0,0.0,70.0,0.09,,,,,
1789038402.5529,load,2,-1,28342,,,,,,,70.0,0.0,71.0,0.122,,,,,
1789038404.1332,load,2,-1,28342,,,,,,,71.0,0.0,72.0,0.1,,,,,
1789038405.1504,load,2,-1,28342,,,,,,,72.0,0.0,73.0,0.123,,,,,
1789038406.6746,load,2,-1,28342,,,,,,,73.0,0.0,74.0,0.094,,,,,
1789038407.6896,load,2,-1,28342,,,,,,,74.0,0.0,75.0,0.112,,,,,
1789038409.1097,load,2,-1,28342,,,,,,,75.0,0.0,76.0,0.074,,,,,
1789038409.5323,load,2,-1,28342,,,,,,,76.0,0.0,77.0,0.111,,,,,
1789038411.3839,load,2,-1,28342,,,,,,,77.0,0.0,78.0,0.11,,,,,
1789038412.224,load,2,-1,28342,,,,,,,78.0,0.0,79.0,0.278,,,,,
1789038413.3505,load,2,-1,28342,,,,,,,79.0,0.0,80.0,0.095,,,,,
1789038414.2986,load,2,-1,28342,,,,,,,80.0,0.0,81.0,0.144,,,,,
1789038416.309,load,2,-1,28342,,,,,,,81.0,0.0,82.0,0.114,,,,,
1789038416.4703,load,2,-1,28342,,,,,,,82.0,0.0,83.0,0.119,,,,,
1789038418.8412,load,2,-1,28342,,,,,,,83.0,0.0,84.0,0.094,,,,,
1789038419.2496,load,2,-1,28342,,,,,,,84.0,0.0,85.0,0.101,,,,,
1789038421.241,load,2,-1,28342,,,,,,,85.0,0.0,86.0,0.1,,,,,
1789038421.425,load,2,-1,28342,,,,,,,86.0,0.0,87.0,0.127,,,,,
1789038423.9965,load,2,-1,28342,,,,,,,87.0,0.0,88.0,0.091,,,,,
1789038424.1331,load,2,-1,28342,,,,,,,88.0,0.0,89.0,0.118,,,,,
1789038425.5915,load,2,-1,28342,,,,,,,89.0,0.0,90.0,0.101,,,,,
1789038426.0227,load,2,-1,28342,,,,,,,90.0,0.0,91.0,0.09,,,,,
1789038427.9551,load,2,-1,28342,,,,,,,91.0,0.0,92.0,0.145,,,,,
1789038428.1632,load,2,-1,28342,,,,,,,92.0,0.0,93.0,0.118,,,,,
1789038430.5808,load,2,-1,28342,,,,,,,93.0,0.0,94.0,0.089,,,,,
1789038430.6898,load,2,-1,28342,,,,,,,94.0,0.0,95.0,0.101,,,,,
1789038432.4364,load,2,-1,28342,,,,,,,95.0,0.0,96.0,0.111,,,,,
1789038432.8567,load,2,-1,28342,,,,,,,96.0,0.0,97.0,0.092,,,,,
1789038435.4791,load,2,-1,28342,,,,,,,97.0,0.0,98.0,0.092,,,,,
1789038435.6624,load,2,-1,28342,,,,,,,98.0,0.0,99.0,0.11,,,,,
1789038438.5406,load,2,-1,28342,,,,,,,99.0,0.0,100.0,0.365,,,,,
1789038438.6819,load,2,-1,28342,,,,,,,100.0,0.0,101.0,0.102,,,,,
1789038441.1273,load,2,-1,28342,,,,,,,101.0,0.0,102.0,0.125,,,,,
1789038441.4688,load,2,-1,28342,,,,,,,102.0,0.0,103.0,0.13,,,,,
1789038443.735,load,2,-1,28342,,,,,,,103.0,0.0,104.0,0.096,,,,,
1789038443.91,load,2,-1,28342,,,,,,,104.0,0.0,105.0,0.114,,,,,
1789038446.2357,load,2,-1,28342,,,,,,,105.0,0.0,106.0,0.079,,,,,
1789038446.411,load,2,-1,28342,,,,,,,106.0,0.0,107.0,0.105,,,,,
1789038448.2835,load,2,-1,28342,,,,,,,107.0,0.0,108.0,0.093,,,,,
1789038448.7068,load,2,-1,28342,,,,,,,108.0,0.0,109.0,0.094,,,,,
1789038450.6168,load,2,-1,28342,,,,,,,109.0,0.0,110.0,0.098,,,,,
1789038450.793,load,2,-1,28342,,,,,,,110.0,0.0,111.0,0.123,,,,,
1789038454.1865,load,2,-1,28342,,,,,,,111.0,0.0,112.0,0.095,,,,,
1789038454.2968,load,2,-1,28342,,,,,,,112.0,0.0,113.0,0.102,,,,,
1789038455.9461,load,2,-1,28342,,,,,,,113.0,0.0,114.0,0.111,,,,,
1789038456.4209,load,2,-1,28342,,,,,,,114.0,0.0,115.0,0.101,,,,,
1789038458.5982,load,2,-1,28342,,,,,,,115.0,0.0,116.0,0.103,,,,,
1789038458.7857,load,2,-1,28342,,,,,,,116.0,0.0,117.0,0.12,,,,,
1789038460.9683,load,2,-1,28342,,,,,,,117.0,0.0,118.0,0.079,,,,,
1789038461.0948,load,2,-1,28342,,,,,,,118.0,0.0,119.0,0.116,,,,,
1789038463.4347,load,2,-1,28342,,,,,,,119.0,0.0,120.0,0.091,,,,,
1789038463.8474,load,2,-1,28342,,,,,,,120.0,0.0,121.0,0.095,,,,,
1789038465.9579,load,2,-1,28342,,,,,,,121.0,0.0,122.0,0.104,,,,,
1789038466.0713,load,2,-1,28342,,,,,,,122.0,0.0,123.0,0.103,,,,,
1789038468.6929,load,2,-1,28342,,,,,,,123.0,0.0,124.0,0.081,,,,,
1789038468.8366,load,2,-1,28342,,,,,,,124.0,0.0,125.0,0.111,,,,,
1789038470.891,load,2,-1,28342,,,,,,,125.0,0.0,126.0,0.114,,,,,
1789038471.3101,load,2,-1,28342,,,,,,,126.0,0.0,127.0,0.108,,,,,
1789038473.4805,load,2,-1,28342,,,,,,,127.0,0.0,128.0,0.089,,,,,
1789038473.6611,load,2,-1,28342,,,,,,,128.0,0.0,129.0,0.1,,,,,
1789038475.9115,load,2,-1,28342,,,,,,,129.0,0.0,130.0,0.094,,,,,
1789038476.127,load,2,-1,28342,,,,,,,130.0,0.0,131.0,0.122,,,,,
1789038478.2451,load,2,-1,28342,,,,,,,131.0,0.0,132.0,0.097,,,,,
1789038478.6903,load,2,-1,28342,,,,,,,132.0,0.0,133.0,0.097,,,,,
1789038480.7193,load,2,-1,28342,,,,,,,133.0,0.0,134.0,0.103,,,,,
1789038480.9177,load,2,-1,28342,,,,,,,134.0,0.0,135.0,0.11,,,,,
1789038483.3836,load,2,-1,28342,,,,,,,135.0,0.0,136.0,0.07,,,,,
1789038483.5018,load,2,-1,28342,,,,,,,136.0,0.0,137.0,0.099,,,,,
1789038485.8764,load,2,-1,28342,,,,,,,137.0,0.0,138.0,0.094,,,,,
1789038486.3462,load,2,-1,28342,,,,,,,138.0,0.0,139.0,0.095,,,,,
1789038488.2962,load,2,-1,28342,,,,,,,139.0,0.0,140.0,0.119,,,,,
1789038488.4762,load,2,-1,28342,,,,,,,140.0,0.0,141.0,0.107,,,,,
1789038490.6267,load,2,-1,28342,,,,,,,141.0,0.0,142.0,0.104,,,,,
1789038490.7404,load,2,-1,28342,,,,,,,142.0,0.0,143.0,0.11,,,,,
1789038492.8829,load,2,-1,28342,,,,,,,143.0,0.0,144.0,0.097,,,,,
1789038493.2892,load,2,-1,28342,,,,,,,144.0,0.0,145.0,0.093,,,,,
1789038495.2301,load,2,-1,28342,,,,,,,145.0,0.0,146.0,0.093,,,,,
1789038495.4167,load,2,-1,28342,,,,,,,146.0,0.0,147.0,0.128,,,,,
1789038497.7617,load,2,-1,28342,,,,,,,147.0,0.0,148.0,0.083,,,,,
1789038497.8759,load,2,-1,28342,,,,,,,148.0,0.0,149.0,0.105,,,,,
1789038500.3352,load,2,-1,28342,,,,,,,149.0,0.0,150.0,0.094,,,,,
1789038500.7941,load,2,-1,28342,,,,,,,150.0,0.0,151.0,0.089,,,,,
1789038503.1739,load,2,-1,28342,,,,,,,151.0,0.0,152.0,0.108,,,,,
1789038503.3578,load,2,-1,28342,,,,,,,152.0,0.0,153.0,0.131,,,,,
1789038506.2723,load,2,-1,28342,,,,,,,153.0,0.0,154.0,0.076,,,,,
1789038506.4072,load,2,-1,28342,,,,,,,154.0,0.0,155.0,0.111,,,,,
1789038508.6682,load,2,-1,28342,,,,,,,155.0,0.0,156.0,0.111,,,,,
1789038509.1342,load,2,-1,28342,,,,,,,156.0,0.0,157.0,0.09,,,,,
1789038510.8807,load,2,-1,28342,,,,,,,157.0,0.0,158.0,0.092,,,,,
1789038511.0636,load,2,-1,28342,,,,,,,158.0,0.0,159.0,0.113,,,,,
1789038513.117,load,2,-1,28342,,,,,,,159.0,0.0,160.0,0.077,,,,,
1789038513.2729,load,2,-1,28342,,,,,,,160.0,0.0,161.0,0.11,,,,,
1789038515.3787,load,2,-1,28342,,,,,,,161.0,0.0,162.0,0.101,,,,,
1789038515.7636,load,2,-1,28342,,,,,,,162.0,0.0,163.0,0.093,,,,,
1789038517.9299,load,2,-1,28342,,,,,,,163.0,0.0,164.0,0.091,,,,,
1789038518.1134,load,2,-1,28342,,,,,,,164.0,0.0,165.0,0.097,,,,,
1789038520.6676,load,2,-1,28342,,,,,,,165.0,0.0,166.0,0.075,,,,,
1789038520.7876,load,2,-1,28342,,,,,,,166.0,0.0,167.0,0.102,,,,,
1789038522.4803,load,2,-1,28342,,,,,,,167.0,0.0,168.0,0.109,,,,,
1789038522.8866,load,2,-1,28342,,,,,,,168.0,0.0,169.0,0.1,,,,,
1789038524.6568,load,2,-1,28342,,,,,,,169.0,0.0,170.0,0.094,,,,,
1789038524.848,load,2,-1,28342,,,,,,,170.0,0.0,171.0,0.112,,,,,
1789038527.4959,load,2,-1,28342,,,,,,,171.0,0.0,172.0,0.077,,,,,
1789038527.6678,load,2,-1,28342,,,,,,,172.0,0.0,173.0,0.108,,,,,
1789038529.1319,load,2,-1,28342,,,,,,,173.0,0.0,174.0,0.094,,,,,
1789038529.5416,load,2,-1,28342,,,,,,,174.0,0.0,175.0,0.126,,,,,
1789038531.3254,load,2,-1,28342,,,,,,,175.0,0.0,176.0,0.093,,,,,
1789038531.5077,load,2,-1,28342,,,,,,,176.0,0.0,177.0,0.1,,,,,
1789038533.3304,load,2,-1,28342,,,,,,,177.0,0.0,178.0,0.075,,,,,
1789038533.4496,load,2,-1,28342,,,,,,,178.0,0.0,179.0,0.102,,,,,
1789038535.8142,load,2,-1,28342,,,,,,,179.0,0.0,180.0,0.092,,,,,
1789038536.25,load,2,-1,28342,,,,,,,180.0,0.0,181.0,0.09,,,,,
1789038538.1809,load,2,-1,28342,,,,,,,181.0,0.0,182.0,0.093,,,,,
1789038538.2955,load,2,-1,28342,,,,,,,182.0,0.0,183.0,0.12,,,,,
1789038541.2355,load,2,-1,28342,,,,,,,183.0,0.0,184.0,0.081,,,,,
1789038541.3579,load,2,-1,28342,,,,,,,184.0,0.0,185.0,0.12,,,,,
1789038543.6097,load,2,-1,28342,,,,,,,185.0,0.0,186.0,0.091,,,,,
1789038544.0288,load,2,-1,28342,,,,,,,186.0,0.0,187.0,0.096,,,,,
1789038545.9094,load,2,-1,28342,,,,,,,187.0,0.0,188.0,0.09,,,,,
1789038546.0885,load,2,-1,28342,,,,,,,188.0,0.0,189.0,0.102,,,,,
1789038548.2337,load,2,-1,28342,,,,,,,189.0,0.0,190.0,0.09,,,,,
1789038548.346,load,2,-1,28342,,,,,,,190.0,0.0,191.0,0.104,,,,,
1789038550.395,load,2,-1,28342,,,,,,,191.0,0.0,192.0,0.106,,,,,
1789038550.8007,load,2,-1,28342,,,,,,,192.0,0.0,193.0,0.1,,,,,
1789038552.6188,load,2,-1,28342,,,,,,,193.0,0.0,194.0,0.099,,,,,
1789038552.8098,load,2,-1,28342,,,,,,,194.0,0.0,195.0,0.152,,,,,
1789038555.3727,load,2,-1,28342,,,,,,,195.0,0.0,196.0,0.08,,,,,
1789038555.4812,load,2,-1,28342,,,,,,,196.0,0.0,197.0,0.104,,,,,
1789038557.8513,load,2,-1,28342,,,,,,,197.0,0.0,198.0,0.094,,,,,
1789038558.3076,load,2,-1,28342,,,,,,,198.0,0.0,199.0,0.094,,,,,
1789038559.8671,load,2,-1,28342,,,,,,,199.0,0.0,200.0,0.094,,,,,
1789038560.2467,load,2,-1,28342,,,,,,,200.0,0.0,201.0,199.933,,,,,
1789038563.1183,load,2,-1,28342,,,,,,,201.0,0.0,202.0,0.102,,,,,
1789038563.2305,load,2,-1,28342,,,,,,,202.0,0.0,203.0,0.109,,,,,
1789038565.1801,load,2,-1,28342,,,,,,,203.0,0.0,204.0,0.113,,,,,
1789038565.583,load,2,-1,28342,,,,,,,204.0,0.0,205.0,0.1,,,,,
1789038567.5303,load,2,-1,28342,,,,,,,205.0,0.0,206.0,0.089,,,,,
1789038567.7045,load,2,-1,28342,,,,,,,206.0,0.0,207.0,0.114,,,,,
1789038570.057,load,2,-1,28342,,,,,,,207.0,0.0,208.0,0.084,,,,,
1789038570.5484,load,2,-1,28342,,,,,,,208.0,0.0,209.0,358.497,,,,,
1789038572.5481,load,2,-1,28342,,,,,,,209.0,0.0,210.0,0.099,,,,,
1789038573.4829,load,2,-1,28342,,,,,,,210.0,0.0,211.0,501.325,,,,,
1789038575.4617,load,2,-1,28342,,,,,,,211.0,0.0,212.0,0.098,,,,,
1789038576.3198,load,2,-1,28342,,,,,,,212.0,0.0,213.0,637.399,,,,,
1789038578.0666,load,2,-1,28342,,,,,,,213.0,0.0,214.0,0.079,,,,,
1789038579.2936,load,2,-1,28342,,,,,,,214.0,0.0,215.0,1051.684,,,,,
1789038580.4207,load,2,-1,28342,,,,,,,215.0,0.0,216.0,0.102,,,,,
1789038582.4062,load,2,-1,28342,,,,,,,216.0,0.0,217.0,1569.587,,,,,
1789038583.4108,load,2,-1,28342,,,,,,,217.0,0.0,218.0,0.104,,,,,
1789038583.7893,load,2,-1,28342,,,,,,,218.0,0.0,219.0,187.71,,,,,
1789038585.7648,load,2,-1,28342,,,,,,,219.0,0.0,220.0,0.081,,,,,
1789038586.0143,load,2,-1,28342,,,,,,,220.0,0.0,221.0,60.675,,,,,
1789038587.9465,load,2,-1,28342,,,,,,,221.0,0.0,222.0,0.105,,,,,
1789038588.3196,load,2,-1,28342,,,,,,,222.0,0.0,223.0,0.105,,,,,
1789038590.2015,load,2,-1,28342,,,,,,,223.0,0.0,224.0,0.093,,,,,
1789038590.3853,load,2,-1,28342,,,,,,,224.0,0.0,225.0,0.123,,,,,
1789038592.3491,load,2,-1,28342,,,,,,,225.0,0.0,226.0,0.073,,,,,
1789038592.4716,load,2,-1,28342,,,,,,,226.0,0.0,227.0,0.107,,,,,
1789038594.5206,load,2,-1,28342,,,,,,,227.0,0.0,228.0,0.108,,,,,
1789038594.9433,load,2,-1,28342,,,,,,,228.0,0.0,229.0,0.103,,,,,
1789038596.4931,load,2,-1,28342,,,,,,,229.0,0.0,230.0,0.105,,,,,
1789038597.0489,load,2,-1,28342,,,,,,,230.0,0.0,231.0,351.522,,,,,
1789038598.759,load,2,-1,28342,,,,,,,231.0,0.0,232.0,0.08,,,,,
1789038598.9573,load,2,-1,28342,,,,,,,232.0,0.0,233.0,69.203,,,,,
1789038601.2514,load,2,-1,28342,,,,,,,233.0,0.0,234.0,0.1,,,,,
1789038601.7154,load,2,-1,28342,,,,,,,234.0,0.0,235.0,0.106,,,,,
1789038604.1754,load,2,-1,28342,,,,,,,235.0,0.0,236.0,0.1,,,,,
1789038604.3613,load,2,-1,28342,,,,,,,236.0,0.0,237.0,0.103,,,,,
1789038606.9984,load,2,-1,28342,,,,,,,237.0,0.0,238.0,0.087,,,,,
1789038607.1831,load,2,-1,28342,,,,,,,238.0,0.0,239.0,0.116,,,,,
1789038608.9617,load,2,-1,28342,,,,,,,239.0,0.0,240.0,0.102,,,,,
1789038609.3707,load,2,-1,28342,,,,,,,240.0,0.0,241.0,0.094,,,,,
1789038611.5548,load,2,-1,28342,,,,,,,241.0,0.0,242.0,0.1,,,,,
1789038611.6678,load,2,-1,28342,,,,,,,242.0,0.0,243.0,0.102,,,,,
1789038613.8667,load,2,-1,28342,,,,,,,243.0,0.0,244.0,0.075,,,,,
1789038614.0162,load,2,-1,28342,,,,,,,244.0,0.0,245.0,0.104,,,,,
1789038616.0413,load,2,-1,28342,,,,,,,245.0,0.0,246.0,0.107,,,,,
1789038616.4405,load,2,-1,28342,,,,,,,246.0,0.0,247.0,0.098,,,,,
1789038618.422,load,2,-1,28342,,,,,,,247.0,0.0,248.0,0.095,,,,,
1789038618.6032,load,2,-1,28342,,,,,,,248.0,0.0,249.0,0.114,,,,,
1789038621.0037,load,2,-1,28342,,,,,,,249.0,0.0,250.0,0.073,,,,,
1789038621.1133,load,2,-1,28342,,,,,,,250.0,0.0,251.0,0.1,,,,,
1789038623.7673,load,2,-1,28342,,,,,,,251.0,0.0,252.0,0.098,,,,,
1789038624.185,load,2,-1,28342,,,,,,,252.0,0.0,253.0,0.107,,,,,
1789038626.3695,load,2,-1,28342,,,,,,,253.0,0.0,254.0,0.101,,,,,
1789038626.5547,load,2,-1,28342,,,,,,,254.0,0.0,255.0,0.12,,,,,
1789038628.9203,load,2,-1,28342,,,,,,,255.0,0.0,256.0,0.096,,,,,
1789038629.0509,load,2,-1,28342,,,,,,,256.0,0.0,257.0,0.117,,,,,
1789038631.3365,load,2,-1,28342,,,,,,,257.0,0.0,258.0,0.093,,,,,
1789038631.7813,load,2,-1,28342,,,,,,,258.0,0.0,259.0,0.098,,,,,
1789038633.2963,load,2,-1,28342,,,,,,,259.0,0.0,260.0,0.106,,,,,
1789038633.502,load,2,-1,28342,,,,,,,260.0,0.0,261.0,0.098,,,,,
1789038635.6624,load,2,-1,28342,,,,,,,261.0,0.0,262.0,0.117,,,,,
1789038635.8281,load,2,-1,28342,,,,,,,262.0,0.0,263.0,0.145,,,,,
1789038637.9934,load,2,-1,28342,,,,,,,263.0,0.0,264.0,0.094,,,,,
1789038638.4524,load,2,-1,28342,,,,,,,264.0,0.0,265.0,0.092,,,,,
1789038640.0424,load,2,-1,28342,,,,,,,265.0,0.0,266.0,0.096,,,,,
1789038640.2279,load,2,-1,28342,,,,,,,266.0,0.0,267.0,0.109,,,,,
1789038642.3927,load,2,-1,28342,,,,,,,267.0,0.0,268.0,0.079,,,,,
1789038642.51,load,2,-1,28342,,,,,,,268.0,0.0,269.0,0.11,,,,,
1789038645.3842,load,2,-1,28342,,,,,,,269.0,0.0,270.0,0.123,,,,,
1789038645.801,load,2,-1,28342,,,,,,,270.0,0.0,271.0,0.098,,,,,
1789038647.3527,load,2,-1,28342,,,,,,,271.0,0.0,272.0,0.093,,,,,
1789038647.5343,load,2,-1,28342,,,,,,,272.0,0.0,273.0,0.117,,,,,
1789038649.887,load,2,-1,28342,,,,,,,273.0,0.0,274.0,0.11,,,,,
1789038650.0558,load,2,-1,28342,,,,,,,274.0,0.0,275.0,0.116,,,,,
1789038651.4115,load,2,-1,28342,,,,,,,275.0,0.0,276.0,0.114,,,,,
1789038651.8291,load,2,-1,28342,,,,,,,276.0,0.0,277.0,0.095,,,,,
1789038654.568,load,2,-1,28342,,,,,,,277.0,0.0,278.0,0.112,,,,,
1789038654.7489,load,2,-1,28342,,,,,,,278.0,0.0,279.0,0.133,,,,,
1789038657.1559,load,2,-1,28342,,,,,,,279.0,0.0,280.0,0.077,,,,,
1789038657.2686,load,2,-1,28342,,,,,,,280.0,0.0,281.0,0.099,,,,,
1789038659.5951,load,2,-1,28342,,,,,,,281.0,0.0,282.0,0.097,,,,,
1789038659.9453,load,2,-1,28342,,,,,,,282.0,0.0,283.0,0.094,,,,,
1789038662.4234,load,2,-1,28342,,,,,,,283.0,0.0,284.0,0.097,,,,,
1789038662.6029,load,2,-1,28342,,,,,,,284.0,0.0,285.0,0.11,,,,,
1789038665.3751,load,2,-1,28342,,,,,,,285.0,0.0,286.0,0.082,,,,,
1789038665.4919,load,2,-1,28342,,,,,,,286.0,0.0,287.0,0.111,,,,,
1789038667.6817,load,2,-1,28342,,,,,,,287.0,0.0,288.0,0.095,,,,,
1789038668.1254,load,2,-1,28342,,,,,,,288.0,0.0,289.0,0.092,,,,,
1789038670.0654,load,2,-1,28342,,,,,,,289.0,0.0,290.0,0.098,,,,,
1789038670.2477,load,2,-1,28342,,,,,,,290.0,0.0,291.0,0.113,,,,,
1789038672.1828,load,2,-1,28342,,,,,,,291.0,0.0,292.0,0.078,,,,,
1789038672.3216,load,2,-1,28342,,,,,,,292.0,0.0,293.0,0.118,,,,,
1789038674.2052,load,2,-1,28342,,,,,,,293.0,0.0,294.0,0.105,,,,,
1789038674.6196,load,2,-1,28342,,,,,,,294.0,0.0,295.0,0.099,,,,,
1789038677.1198,load,2,-1,28342,,,,,,,295.0,0.0,296.0,0.117,,,,,
1789038677.3016,load,2,-1,28342,,,,,,,296.0,0.0,297.0,0.113,,,,,
1789038679.8609,load,2,-1,28342,,,,,,,297.0,0.0,298.0,0.086,,,,,
1789038679.987,load,2,-1,28342,,,,,,,298.0,0.0,299.0,0.117,,,,,
1789038682.1208,load,2,-1,28342,,,,,,,299.0,0.0,300.0,0.093,,,,,
1789038682.5225,load,2,-1,28342,,,,,,,300.0,0.0,301.0,0.096,,,,,
1789038684.407,load,2,-1,28342,,,,,,,301.0,0.0,302.0,0.116,,,,,
1789038684.5253,load,2,-1,28342,,,,,,,302.0,0.0,303.0,0.137,,,,,
1789038687.1105,load,2,-1,28342,,,,,,,303.0,0.0,304.0,0.09,,,,,
1789038687.244,load,2,-1,28342,,,,,,,304.0,0.0,305.0,0.142,,,,,
1789038689.8725,load,2,-1,28342,,,,,,,305.0,0.0,306.0,0.102,,,,,
1789038690.304,load,2,-1,28342,,,,,,,306.0,0.0,307.0,0.097,,,,,
1789038692.2943,load,2,-1,28342,,,,,,,307.0,0.0,308.0,0.097,,,,,
1789038692.4771,load,2,-1,28342,,,,,,,308.0,0.0,309.0,0.127,,,,,
1789038695.366,load,2,-1,28342,,,,,,,309.0,0.0,310.0,0.086,,,,,
1789038695.4908,load,2,-1,28342,,,,,,,310.0,0.0,311.0,0.101,,,,,
1789038697.409,load,2,-1,28342,,,,,,,311.0,0.0,312.0,0.089,,,,,
1789038697.8388,load,2,-1,28342,,,,,,,312.0,0.0,313.0,0.095,,,,,
1789038699.7126,load,2,-1,28342,,,,,,,313.0,0.0,314.0,0.086,,,,,
1789038699.9188,load,2,-1,28342,,,,,,,314.0,0.0,315.0,0.104,,,,,
1789038702.0813,load,2,-1,28342,,,,,,,315.0,0.0,316.0,0.082,,,,,
1789038702.2602,load,2,-1,28342,,,,,,,316.0,0.0,317.0,0.111,,,,,
1789038704.5143,load,2,-1,28342,,,,,,,317.0,0.0,318.0,0.085,,,,,
1789038704.9156,load,2,-1,28342,,,,,,,318.0,0.0,319.0,0.098,,,,,
1789038707.2228,load,2,-1,28342,,,,,,,319.0,0.0,320.0,0.095,,,,,
1789038707.4114,load,2,-1,28342,,,,,,,320.0,0.0,321.0,0.107,,,,,
1789038710.1678,load,2,-1,28342,,,,,,,321.0,0.0,322.0,0.103,,,,,
1789038710.2818,load,2,-1,28342,,,,,,,322.0,0.0,323.0,0.11,,,,,
1789038712.4892,load,2,-1,28342,,,,,,,323.0,0.0,324.0,0.1,,,,,
1789038712.8926,load,2,-1,28342,,,,,,,324.0,0.0,325.0,0.112,,,,,
1789038714.7281,load,2,-1,28342,,,,,,,325.0,0.0,326.0,0.092,,,,,
1789038714.9133,load,2,-1,28342,,,,,,,326.0,0.0,327.0,0.12,,,,,
1789038717.3341,load,2,-1,28342,,,,,,,327.0,0.0,328.0,0.09,,,,,
1789038717.4834,load,2,-1,28342,,,,,,,328.0,0.0,329.0,0.242,,,,,
1789038719.5275,load,2,-1,28342,,,,,,,329.0,0.0,330.0,0.106,,,,,
1789038719.9355,load,2,-1,28342,,,,,,,330.0,0.0,331.0,0.107,,,,,
1789038722.153,load,2,-1,28342,,,,,,,331.0,0.0,332.0,0.107,,,,,
1789038722.3566,load,2,-1,28342,,,,,,,332.0,0.0,333.0,0.129,,,,,
1789038724.9765,load,2,-1,28342,,,,,,,333.0,0.0,334.0,0.112,,,,,
1789038725.0993,load,2,-1,28342,,,,,,,334.0,0.0,335.0,0.125,,,,,
1789038727.0313,load,2,-1,28342,,,,,,,335.0,0.0,336.0,0.101,,,,,
1789038727.4363,load,2,-1,28342,,,,,,,336.0,0.0,337.0,0.098,,,,,
1789038729.5681,load,2,-1,28342,,,,,,,337.0,0.0,338.0,0.11,,,,,
1789038729.7493,load,2,-1,28342,,,,,,,338.0,0.0,339.0,0.116,,,,,
1789038731.8446,load,2,-1,28342,,,,,,,339.0,0.0,340.0,0.095,,,,,
1789038732.011,load,2,-1,28342,,,,,,,340.0,0.0,341.0,0.123,,,,,
1789038734.0616,load,2,-1,28342,,,,,,,341.0,0.0,342.0,0.107,,,,,
1789038734.4021,load,2,-1,28342,,,,,,,342.0,0.0,343.0,0.093,,,,,
1789038736.0347,load,2,-1,28342,,,,,,,343.0,0.0,344.0,0.093,,,,,
1789038736.2173,load,2,-1,28342,,,,,,,344.0,0.0,345.0,0.117,,,,,
1789038738.2772,load,2,-1,28342,,,,,,,345.0,0.0,346.0,0.114,,,,,
1789038738.4219,load,2,-1,28342,,,,,,,346.0,0.0,347.0,0.118,,,,,
1789038740.6603,load,2,-1,28342,,,,,,,347.0,0.0,348.0,0.097,,,,,
1789038741.0661,load,2,-1,28342,,,,,,,348.0,0.0,349.0,0.1,,,,,
1789038743.0392,load,2,-1,28342,,,,,,,349.0,0.0,350.0,0.094,,,,,
1789038743.214,load,2,-1,28342,,,,,,,350.0,0.0,351.0,0.123,,,,,
1789038746.2789,load,2,-1,28342,,,,,,,351.0,0.0,352.0,0.095,,,,,
1789038746.3878,load,2,-1,28342,,,,,,,352.0,0.0,353.0,0.111,,,,,
1789038748.4492,load,2,-1,28342,,,,,,,353.0,0.0,354.0,0.111,,,,,
1789038748.8575,load,2,-1,28342,,,,,,,354.0,0.0,355.0,0.105,,,,,
1789038751.2652,load,2,-1,28342,,,,,,,355.0,0.0,356.0,0.104,,,,,
1789038751.4471,load,2,-1,28342,,,,,,,356.0,0.0,357.0,0.117,,,,,
1789038754.4691,load,2,-1,28342,,,,,,,357.0,0.0,358.0,0.201,,,,,
1789038754.5791,load,2,-1,28342,,,,,,,358.0,0.0,359.0,0.127,,,,,
1789038756.455,load,2,-1,28342,,,,,,,359.0,0.0,360.0,0.109,,,,,
1789038756.8477,load,2,-1,28342,,,,,,,360.0,0.0,361.0,0.111,,,,,
1789038759.2392,load,2,-1,28342,,,,,,,361.0,0.0,362.0,0.091,,,,,
1789038759.3507,load,2,-1,28342,,,,,,,362.0,0.0,363.0,0.093,,,,,
1789038761.7705,load,2,-1,28342,,,,,,,363.0,0.0,364.0,0.082,,,,,
1789038761.9322,load,2,-1,28342,,,,,,,364.0,0.0,365.0,0.106,,,,,
1789038764.2079,load,2,-1,28342,,,,,,,365.0,0.0,366.0,0.108,,,,,
1789038764.685,load,2,-1,28342,,,,,,,366.0,0.0,367.0,0.112,,,,,
1789038766.6115,load,2,-1,28342,,,,,,,367.0,0.0,368.0,0.101,,,,,
1789038766.8118,load,2,-1,28342,,,,,,,368.0,0.0,369.0,0.13,,,,,
1789038769.1459,load,2,-1,28342,,,,,,,369.0,0.0,370.0,0.091,,,,,
1789038769.2598,load,2,-1,28342,,,,,,,370.0,0.0,371.0,0.161,,,,,
1789038770.727,load,2,-1,28342,,,,,,,371.0,0.0,372.0,0.086,,,,,
1789038771.1675,load,2,-1,28342,,,,,,,372.0,0.0,373.0,0.112,,,,,
1789038773.6354,load,2,-1,28342,,,,,,,373.0,0.0,374.0,0.092,,,,,
1789038773.8193,load,2,-1,28342,,,,,,,374.0,0.0,375.0,0.129,,,,,
1789038776.4448,load,2,-1,28342,,,,,,,375.0,0.0,376.0,0.093,,,,,
1789038776.571,load,2,-1,28342,,,,,,,376.0,0.0,377.0,0.133,,,,,
1789038778.7103,load,2,-1,28342,,,,,,,377.0,0.0,378.0,0.11,,,,,
1789038779.1735,load,2,-1,28342,,,,,,,378.0,0.0,379.0,0.109,,,,,
1789038780.648,load,2,-1,28342,,,,,,,379.0,0.0,380.0,0.097,,,,,
1789038780.8447,load,2,-1,28342,,,,,,,380.0,0.0,381.0,0.206,,,,,
1789038783.7532,load,2,-1,28342,,,,,,,381.0,0.0,382.0,0.113,,,,,
1789038783.8963,load,2,-1,28342,,,,,,,382.0,0.0,383.0,0.12,,,,,
1789038785.565,load,2,-1,28342,,,,,,,383.0,0.0,384.0,0.092,,,,,
1789038785.9623,load,2,-1,28342,,,,,,,384.0,0.0,385.0,0.107,,,,,
1789038787.3919,load,2,-1,28342,,,,,,,385.0,0.0,386.0,0.101,,,,,
1789038787.5731,load,2,-1,28342,,,,,,,386.0,0.0,387.0,0.118,,,,,
1789038789.9205,load,2,-1,28342,,,,,,,387.0,0.0,388.0,0.076,,,,,
1789038790.0301,load,2,-1,28342,,,,,,,388.0,0.0,389.0,0.095,,,,,
1789038791.9842,load,2,-1,28342,,,,,,,389.0,0.0,390.0,0.104,,,,,
1789038792.3916,load,2,-1,28342,,,,,,,390.0,0.0,391.0,0.097,,,,,
1789038794.2922,load,2,-1,28342,,,,,,,391.0,0.0,392.0,0.094,,,,,
1789038794.4751,load,2,-1,28342,,,,,,,392.0,0.0,393.0,0.113,,,,,
1789038797.5033,load,2,-1,28342,,,,,,,393.0,0.0,394.0,0.137,,,,,
1789038797.6354,load,2,-1,28342,,,,,,,394.0,0.0,395.0,0.107,,,,,
1789038799.3046,load,2,-1,28342,,,,,,,395.0,0.0,396.0,0.088,,,,,
1789038799.707,load,2,-1,28342,,,,,,,396.0,0.0,397.0,0.147,,,,,
1789038801.9274,load,2,-1,28342,,,,,,,397.0,0.0,398.0,0.089,,,,,
1789038802.1111,load,2,-1,28342,,,,,,,398.0,0.0,399.0,0.121,,,,,
1789038804.4728,load,2,-1,28342,,,,,,,399.0,0.0,400.0,0.075,,,,,
1789038804.584,load,2,-1,28342,,,,,,,400.0,0.0,401.0,0.099,,,,,
1789038806.359,load,2,-1,28342,,,,,,,401.0,0.0,402.0,0.102,,,,,
1789038806.7305,load,2,-1,28342,,,,,,,402.0,0.0,403.0,0.09,,,,,
1789038808.1069,load,2,-1,28342,,,,,,,403.0,0.0,404.0,0.087,,,,,
1789038808.2892,load,2,-1,28342,,,,,,,404.0,0.0,405.0,0.107,,,,,
1789038810.9012,load,2,-1,28342,,,,,,,405.0,0.0,406.0,0.098,,,,,
1789038811.0392,load,2,-1,28342,,,,,,,406.0,0.0,407.0,0.101,,,,,
1789038813.1055,load,2,-1,28342,,,,,,,407.0,0.0,408.0,0.092,,,,,
1789038813.5152,load,2,-1,28342,,,,,,,408.0,0.0,409.0,0.127,,,,,
1789038815.7723,load,2,-1,28342,,,,,,,409.0,0.0,410.0,0.088,,,,,
1789038815.9568,load,2,-1,28342,,,,,,,410.0,0.0,411.0,0.109,,,,,
1789038818.8103,load,2,-1,28342,,,,,,,411.0,0.0,412.0,0.075,,,,,
1789038818.9305,load,2,-1,28342,,,,,,,412.0,0.0,413.0,0.106,,,,,
1789038821.6847,load,2,-1,28342,,,,,,,413.0,0.0,414.0,0.09,,,,,
1789038822.0872,load,2,-1,28342,,,,,,,414.0,0.0,415.0,0.089,,,,,
1789038823.9836,load,2,-1,28342,,,,,,,415.0,0.0,416.0,0.096,,,,,
1789038824.1633,load,2,-1,28342,,,,,,,416.0,0.0,417.0,0.111,,,,,
1789038826.785,load,2,-1,28342,,,,,,,417.0,0.0,418.0,0.087,,,,,
1789038826.894,load,2,-1,28342,,,,,,,418.0,0.0,419.0,0.101,,,,,
1789038829.1679,load,2,-1,28342,,,,,,,419.0,0.0,420.0,0.102,,,,,
1789038829.5732,load,2,-1,28342,,,,,,,420.0,0.0,421.0,0.104,,,,,
1789038831.4405,load,2,-1,28342,,,,,,,421.0,0.0,422.0,0.108,,,,,
1789038831.5529,load,2,-1,28342,,,,,,,422.0,0.0,423.0,0.098,,,,,
1789038833.4579,load,2,-1,28342,,,,,,,423.0,0.0,424.0,0.073,,,,,
1789038833.5998,load,2,-1,28342,,,,,,,424.0,0.0,425.0,0.102,,,,,
1789038835.9914,load,2,-1,28342,,,,,,,425.0,0.0,426.0,0.092,,,,,
1789038836.4054,load,2,-1,28342,,,,,,,426.0,0.0,427.0,0.109,,,,,
1789038838.6199,load,2,-1,28342,,,,,,,427.0,0.0,428.0,0.112,,,,,
1789038838.8283,load,2,-1,28342,,,,,,,428.0,0.0,429.0,0.126,,,,,
1789038841.1231,load,2,-1,28342,,,,,,,429.0,0.0,430.0,0.087,,,,,
1789038841.3066,load,2,-1,28342,,,,,,,430.0,0.0,431.0,0.114,,,,,
1789038843.7621,load,2,-1,28342,,,,,,,431.0,0.0,432.0,0.102,,,,,
1789038844.1668,load,2,-1,28342,,,,,,,432.0,0.0,433.0,0.103,,,,,
1789038846.5603,load,2,-1,28342,,,,,,,433.0,0.0,434.0,0.118,,,,,
1789038846.7579,load,2,-1,28342,,,,,,,434.0,0.0,435.0,0.126,,,,,
1789038849.5135,load,2,-1,28342,,,,,,,435.0,0.0,436.0,0.088,,,,,
1789038849.6237,load,2,-1,28342,,,,,,,436.0,0.0,437.0,0.106,,,,,
1789038851.4182,load,2,-1,28342,,,,,,,437.0,0.0,438.0,0.096,,,,,
1789038851.8233,load,2,-1,28342,,,,,,,438.0,0.0,439.0,0.092,,,,,
1789038854.0168,load,2,-1,28342,,,,,,,439.0,0.0,440.0,0.089,,,,,
1789038854.1969,load,2,-1,28342,,,,,,,440.0,0.0,441.0,0.099,,,,,
1789038857.1674,load,2,-1,28342,,,,,,,441.0,0.0,442.0,0.098,,,,,
1789038857.28,load,2,-1,28342,,,,,,,442.0,0.0,443.0,0.1,,,,,
1789038859.155,load,2,-1,28342,,,,,,,443.0,0.0,444.0,0.091,,,,,
1789038859.6198,load,2,-1,28342,,,,,,,444.0,0.0,445.0,0.1,,,,,
1789038861.7425,load,2,-1,28342,,,,,,,445.0,0.0,446.0,0.086,,,,,
1789038861.9295,load,2,-1,28342,,,,,,,446.0,0.0,447.0,0.103,,,,,
1789038864.0658,load,2,-1,28342,,,,,,,447.0,0.0,448.0,0.097,,,,,
1789038864.2318,load,2,-1,28342,,,,,,,448.0,0.0,449.0,0.124,,,,,
1789038865.6632,load,2,-1,28342,,,,,,,449.0,0.0,450.0,0.098,,,,,
1789038866.1023,load,2,-1,28342,,,,,,,450.0,0.0,451.0,0.115,,,,,
1789038868.333,load,2,-1,28342,,,,,,,451.0,0.0,452.0,0.103,,,,,
1789038868.5172,load,2,-1,28342,,,,,,,452.0,0.0,453.0,0.114,,,,,
1789038870.5221,load,2,-1,28342,,,,,,,453.0,0.0,454.0,0.079,,,,,
1789038870.6324,load,2,-1,28342,,,,,,,454.0,0.0,455.0,0.11,,,,,
1789038872.0233,load,2,-1,28342,,,,,,,455.0,0.0,456.0,0.102,,,,,
1789038872.4572,load,2,-1,28342,,,,,,,456.0,0.0,457.0,0.104,,,,,
1789038874.3782,load,2,-1,28342,,,,,,,457.0,0.0,458.0,0.095,,,,,
1789038874.5597,load,2,-1,28342,,,,,,,458.0,0.0,459.0,0.103,,,,,
1789038877.1726,load,2,-1,28342,,,,,,,459.0,0.0,460.0,0.087,,,,,
1789038877.3243,load,2,-1,28342,,,,,,,460.0,0.0,461.0,0.124,,,,,
1789038879.5537,load,2,-1,28342,,,,,,,461.0,0.0,462.0,0.11,,,,,
1789038879.9348,load,2,-1,28342,,,,,,,462.0,0.0,463.0,0.134,,,,,
1789038882.3911,load,2,-1,28342,,,,,,,463.0,0.0,464.0,0.095,,,,,
1789038882.5722,load,2,-1,28342,,,,,,,464.0,0.0,465.0,0.13,,,,,
1789038884.8133,load,2,-1,28342,,,,,,,465.0,0.0,466.0,0.074,,,,,
1789038884.931,load,2,-1,28342,,,,,,,466.0,0.0,467.0,0.11,,,,,
1789038886.9193,load,2,-1,28342,,,,,,,467.0,0.0,468.0,0.096,,,,,
1789038887.3669,load,2,-1,28342,,,,,,,468.0,0.0,469.0,0.104,,,,,
1789038888.6004,load,2,-1,28342,,,,,,,469.0,0.0,470.0,0.097,,,,,
1789038888.7812,load,2,-1,28342,,,,,,,470.0,0.0,471.0,0.1,,,,,
1789038891.3299,load,2,-1,28342,,,,,,,471.0,0.0,472.0,0.079,,,,,
1789038891.4547,load,2,-1,28342,,,,,,,472.0,0.0,473.0,0.115,,,,,
1789038893.3656,load,2,-1,28342,,,,,,,473.0,0.0,474.0,0.112,,,,,
1789038893.811,load,2,-1,28342,,,,,,,474.0,0.0,475.0,0.111,,,,,
1789038896.1767,load,2,-1,28342,,,,,,,475.0,0.0,476.0,0.137,,,,,
1789038896.3586,load,2,-1,28342,,,,,,,476.0,0.0,477.0,0.121,,,,,
1789038898.6404,load,2,-1,28342,,,,,,,477.0,0.0,478.0,0.085,,,,,
1789038898.8008,load,2,-1,28342,,,,,,,478.0,0.0,479.0,0.136,,,,,
1789038901.0461,load,2,-1,28342,,,,,,,479.0,0.0,480.0,0.113,,,,,
1789038901.4854,load,2,-1,28342,,,,,,,480.0,0.0,481.0,0.092,,,,,
1789038903.3785,load,2,-1,28342,,,,,,,481.0,0.0,482.0,0.109,,,,,
1789038903.4915,load,2,-1,28342,,,,,,,482.0,0.0,483.0,0.117,,,,,
1789038905.5454,load,2,-1,28342,,,,,,,483.0,0.0,484.0,0.083,,,,,
1789038905.6726,load,2,-1,28342,,,,,,,484.0,0.0,485.0,0.093,,,,,
1789038907.8712,load,2,-1,28342,,,,,,,485.0,0.0,486.0,0.111,,,,,
1789038908.2938,load,2,-1,28342,,,,,,,486.0,0.0,487.0,0.098,,,,,
1789038910.217,load,2,-1,28342,,,,,,,487.0,0.0,488.0,0.119,,,,,
1789038910.3998,load,2,-1,28342,,,,,,,488.0,0.0,489.0,0.101,,,,,
1789038913.4332,load,2,-1,28342,,,,,,,489.0,0.0,490.0,0.116,,,,,
1789038913.5448,load,2,-1,28342,,,,,,,490.0,0.0,491.0,0.131,,,,,
1789038915.95,load,2,-1,28342,,,,,,,491.0,0.0,492.0,0.099,,,,,
1789038916.363,load,2,-1,28342,,,,,,,492.0,0.0,493.0,0.095,,,,,
1789038917.9142,load,2,-1,28342,,,,,,,493.0,0.0,494.0,0.098,,,,,
1789038918.0923,load,2,-1,28342,,,,,,,494.0,0.0,495.0,0.117,,,,,
1789038920.4847,load,2,-1,28342,,,,,,,495.0,0.0,496.0,0.086,,,,,
1789038920.6202,load,2,-1,28342,,,,,,,496.0,0.0,497.0,0.132,,,,,
1789038922.9958,load,2,-1,28342,,,,,,,497.0,0.0,498.0,0.105,,,,,
1789038923.3945,load,2,-1,28342,,,,,,,498.0,0.0,499.0,0.093,,,,,
1789038925.5554,load,2,-1,28342,,,,,,,499.0,0.0,500.0,0.117,,,,,
1789038925.7351,load,2,-1,28342,,,,,,,500.0,0.0,501.0,0.114,,,,,
1789038928.7179,load,2,-1,28342,,,,,,,501.0,0.0,502.0,0.103,,,,,
1789038928.8315,load,2,-1,28342,,,,,,,502.0,0.0,503.0,0.11,,,,,
1789038930.7768,load,2,-1,28342,,,,,,,503.0,0.0,504.0,0.103,,,,,
1789038931.25,load,2,-1,28342,,,,,,,504.0,0.0,505.0,54.132,,,,,
1789038933.7867,load,2,-1,28342,,,,,,,505.0,0.0,506.0,0.1,,,,,
1789038933.9681,load,2,-1,28342,,,,,,,506.0,0.0,507.0,0.105,,,,,
1789038936.234,load,2,-1,28342,,,,,,,507.0,0.0,508.0,0.095,,,,,
1789038936.4586,load,2,-1,28342,,,,,,,508.0,0.0,509.0,0.119,,,,,
1789038937.9521,load,2,-1,28342,,,,,,,509.0,0.0,510.0,0.101,,,,,
1789038938.3595,load,2,-1,28342,,,,,,,510.0,0.0,511.0,0.1,,,,,
1789038940.2219,load,2,-1,28342,,,,,,,511.0,0.0,512.0,0.097,,,,,
1789038940.4399,load,2,-1,28342,,,,,,,512.0,0.0,513.0,0.104,,,,,
1789038943.1397,load,2,-1,28342,,,,,,,513.0,0.0,514.0,0.088,,,,,
1789038943.3603,load,2,-1,28342,,,,,,,514.0,0.0,515.0,0.105,,,,,
1789038945.1027,load,2,-1,28342,,,,,,,515.0,0.0,516.0,0.107,,,,,
1789038945.5123,load,2,-1,28342,,,,,,,516.0,0.0,517.0,0.099,,,,,
1789038947.4412,load,2,-1,28342,,,,,,,517.0,0.0,518.0,0.105,,,,,
1789038947.6283,load,2,-1,28342,,,,,,,518.0,0.0,519.0,0.119,,,,,
1789038950.6109,load,2,-1,28342,,,,,,,519.0,0.0,520.0,0.092,,,,,
1789038950.7448,load,2,-1,28342,,,,,,,520.0,0.0,521.0,0.114,,,,,
1789038953.2598,load,2,-1,28342,,,,,,,521.0,0.0,522.0,0.157,,,,,
1789038953.6002,load,2,-1,28342,,,,,,,522.0,0.0,523.0,0.117,,,,,
1789038955.5354,load,2,-1,28342,,,,,,,523.0,0.0,524.0,0.11,,,,,
1789038955.7279,load,2,-1,28342,,,,,,,524.0,0.0,525.0,0.11,,,,,
1789038957.8687,load,2,-1,28342,,,,,,,525.0,0.0,526.0,0.134,,,,,
1789038958.0506,load,2,-1,28342,,,,,,,526.0,0.0,527.0,0.11,,,,,
1789038959.7574,load,2,-1,28342,,,,,,,527.0,0.0,528.0,0.111,,,,,
1789038960.1901,load,2,-1,28342,,,,,,,528.0,0.0,529.0,0.217,,,,,
1789038962.8643,load,2,-1,28342,,,,,,,529.0,0.0,530.0,0.11,,,,,
1789038963.0487,load,2,-1,28342,,,,,,,530.0,0.0,531.0,0.109,,,,,
1789038965.0801,load,2,-1,28342,,,,,,,531.0,0.0,532.0,0.356,,,,,
1789038965.2076,load,2,-1,28342,,,,,,,532.0,0.0,533.0,0.11,,,,,
1789038966.7066,load,2,-1,28342,,,,,,,533.0,0.0,534.0,0.131,,,,,
1789038967.1146,load,2,-1,28342,,,,,,,534.0,0.0,535.0,0.089,,,,,
1789038969.4752,load,2,-1,28342,,,,,,,535.0,0.0,536.0,0.112,,,,,
1789038969.6566,load,2,-1,28342,,,,,,,536.0,0.0,537.0,0.126,,,,,
1789038972.5566,load,2,-1,28342,,,,,,,537.0,0.0,538.0,0.113,,,,,
1789038972.6788,load,2,-1,28342,,,,,,,538.0,0.0,539.0,0.106,,,,,
1789038975.0867,load,2,-1,28342,,,,,,,539.0,0.0,540.0,0.13,,,,,
1789038975.5213,load,2,-1,28342,,,,,,,540.0,0.0,541.0,0.093,,,,,
1789038977.7436,load,2,-1,28342,,,,,,,541.0,0.0,542.0,0.152,,,,,
1789038977.8773,load,2,-1,28342,,,,,,,542.0,0.0,543.0,0.132,,,,,
1789038980.4699,load,2,-1,28342,,,,,,,543.0,0.0,544.0,0.091,,,,,
1789038980.6228,load,2,-1,28342,,,,,,,544.0,0.0,545.0,0.149,,,,,
1789038982.9725,load,2,-1,28342,,,,,,,545.0,0.0,546.0,0.219,,,,,
1789038983.426,load,2,-1,28342,,,,,,,546.0,0.0,547.0,0.135,,,,,
1789038985.2795,load,2,-1,28342,,,,,,,547.0,0.0,548.0,0.096,,,,,
1789038985.4625,load,2,-1,28342,,,,,,,548.0,0.0,549.0,0.119,,,,,
1789038988.0231,load,2,-1,28342,,,,,,,549.0,0.0,550.0,0.087,,,,,
1789038988.2054,load,2,-1,28342,,,,,,,550.0,0.0,551.0,0.115,,,,,
1789038990.2655,load,2,-1,28342,,,,,,,551.0,0.0,552.0,0.11,,,,,
1789038990.6764,load,2,-1,28342,,,,,,,552.0,0.0,553.0,0.107,,,,,
1789038992.1411,load,2,-1,28342,,,,,,,553.0,0.0,554.0,0.104,,,,,
1789038992.3241,load,2,-1,28342,,,,,,,554.0,0.0,555.0,0.17,,,,,
1789038995.1938,load,2,-1,28342,,,,,,,555.0,0.0,556.0,0.079,,,,,
1789038995.3126,load,2,-1,28342,,,,,,,556.0,0.0,557.0,0.115,,,,,
1789038997.2314,load,2,-1,28342,,,,,,,557.0,0.0,558.0,0.103,,,,,
1789038997.644,load,2,-1,28342,,,,,,,558.0,0.0,559.0,0.115,,,,,
1789038999.6217,load,2,-1,28342,,,,,,,559.0,0.0,560.0,0.104,,,,,
1789038999.8253,load,2,-1,28342,,,,,,,560.0,0.0,561.0,0.148,,,,,
1789039002.7286,load,2,-1,28342,,,,,,,561.0,0.0,562.0,0.119,,,,,
1789039002.8462,load,2,-1,28342,,,,,,,562.0,0.0,563.0,0.12,,,,,
1789039004.4498,load,2,-1,28342,,,,,,,563.0,0.0,564.0,0.123,,,,,
1789039004.8977,load,2,-1,28342,,,,,,,564.0,0.0,565.0,0.126,,,,,
1789039006.987,load,2,-1,28342,,,,,,,565.0,0.0,566.0,0.099,,,,,
1789039007.1939,load,2,-1,28342,,,,,,,566.0,0.0,567.0,0.125,,,,,
1789039009.7726,load,2,-1,28342,,,,,,,567.0,0.0,568.0,0.098,,,,,
1789039009.9384,load,2,-1,28342,,,,,,,568.0,0.0,569.0,0.139,,,,,
1789039012.3752,load,2,-1,28342,,,,,,,569.0,0.0,570.0,0.121,,,,,
1789039012.7988,load,2,-1,28342,,,,,,,570.0,0.0,571.0,0.118,,,,,
1789039014.9375,load,2,-1,28342,,,,,,,571.0,0.0,572.0,0.102,,,,,
1789039015.1229,load,2,-1,28342,,,,,,,572.0,0.0,573.0,0.137,,,,,
1789039017.4322,load,2,-1,28342,,,,,,,573.0,0.0,574.0,0.206,,,,,
1789039017.5472,load,2,-1,28342,,,,,,,574.0,0.0,575.0,0.114,,,,,
1789039019.902,load,2,-1,28342,,,,,,,575.0,0.0,576.0,0.1,,,,,
1789039020.3197,load,2,-1,28342,,,,,,,576.0,0.0,577.0,0.117,,,,,
1789039022.6219,load,2,-1,28342,,,,,,,577.0,0.0,578.0,0.321,,,,,
1789039022.8058,load,2,-1,28342,,,,,,,578.0,0.0,579.0,0.173,,,,,
1789039025.3965,load,2,-1,28342,,,,,,,579.0,0.0,580.0,0.085,,,,,
1789039025.514,load,2,-1,28342,,,,,,,580.0,0.0,581.0,0.164,,,,,
1789039027.4486,load,2,-1,28342,,,,,,,581.0,0.0,582.0,0.124,,,,,
1789039027.8165,load,2,-1,28342,,,,,,,582.0,0.0,583.0,0.085,,,,,
1789039029.6007,load,2,-1,28342,,,,,,,583.0,0.0,584.0,0.095,,,,,
1789039029.7977,load,2,-1,28342,,,,,,,584.0,0.0,585.0,0.11,,,,,
1789039032.4927,load,2,-1,28342,,,,,,,585.0,0.0,586.0,0.253,,,,,
1789039032.6053,load,2,-1,28342,,,,,,,586.0,0.0,587.0,0.147,,,,,
1789039034.7157,load,2,-1,28342,,,,,,,587.0,0.0,588.0,0.111,,,,,
1789039035.171,load,2,-1,28342,,,,,,,588.0,0.0,589.0,37.72,,,,,
1789039037.1024,load,2,-1,28342,,,,,,,589.0,0.0,590.0,0.1,,,,,
1789039037.3082,load,2,-1,28342,,,,,,,590.0,0.0,591.0,0.169,,,,,
1789039040.0736,load,2,-1,28342,,,,,,,591.0,0.0,592.0,0.087,,,,,
1789039040.2049,load,2,-1,28342,,,,,,,592.0,0.0,593.0,0.105,,,,,
1789039042.4222,load,2,-1,28342,,,,,,,593.0,0.0,594.0,0.093,,,,,
1789039042.9137,load,2,-1,28342,,,,,,,594.0,0.0,595.0,0.102,,,,,
1789039044.3695,load,2,-1,28342,,,,,,,595.0,0.0,596.0,0.101,,,,,
1789039044.5496,load,2,-1,28342,,,,,,,596.0,0.0,597.0,0.113,,,,,
1789039047.0716,load,2,-1,28342,,,,,,,597.0,0.0,598.0,0.095,,,,,
1789039047.2238,load,2,-1,28342,,,,,,,598.0,0.0,599.0,0.114,,,,,
1789039049.0518,load,2,-1,28342,,,,,,,599.0,0.0,600.0,0.127,,,,,
1789039049.4949,load,2,-1,28342,,,,,,,600.0,0.0,601.0,0.125,,,,,
1789039051.7096,load,2,-1,28342,,,,,,,601.0,0.0,602.0,0.1,,,,,
1789039051.8281,load,2,-1,28342,,,,,,,602.0,0.0,603.0,0.143,,,,,
1789039054.3742,load,2,-1,28342,,,,,,,603.0,0.0,604.0,0.078,,,,,
1789039054.5093,load,2,-1,28342,,,,,,,604.0,0.0,605.0,0.103,,,,,
1789039056.3871,load,2,-1,28342,,,,,,,605.0,0.0,606.0,0.106,,,,,
1789039056.7927,load,2,-1,28342,,,,,,,606.0,0.0,607.0,0.094,,,,,
1789039059.0713,load,2,-1,28342,,,,,,,607.0,0.0,608.0,0.105,,,,,
1789039059.2693,load,2,-1,28342,,,,,,,608.0,0.0,609.0,0.116,,,,,
1789039061.4877,load,2,-1,28342,,,,,,,609.0,0.0,610.0,0.098,,,,,
1789039061.6351,load,2,-1,28342,,,,,,,610.0,0.0,611.0,0.121,,,,,
1789039064.0932,load,2,-1,28342,,,,,,,611.0,0.0,612.0,0.104,,,,,
1789039064.4958,load,2,-1,28342,,,,,,,612.0,0.0,613.0,0.099,,,,,
1789039066.3258,load,2,-1,28342,,,,,,,613.0,0.0,614.0,0.093,,,,,
1789039066.5117,load,2,-1,28342,,,,,,,614.0,0.0,615.0,0.117,,,,,
1789039068.9653,load,2,-1,28342,,,,,,,615.0,0.0,616.0,0.082,,,,,
1789039069.1015,load,2,-1,28342,,,,,,,616.0,0.0,617.0,0.109,,,,,
1789039071.0666,load,2,-1,28342,,,,,,,617.0,0.0,618.0,0.119,,,,,
1789039071.4945,load,2,-1,28342,,,,,,,618.0,0.0,619.0,0.097,,,,,
1789039073.5657,load,2,-1,28342,,,,,,,619.0,0.0,620.0,0.119,,,,,
1789039073.7519,load,2,-1,28342,,,,,,,620.0,0.0,621.0,0.108,,,,,
1789039076.7925,load,2,-1,28342,,,,,,,621.0,0.0,622.0,0.11,,,,,
1789039076.9058,load,2,-1,28342,,,,,,,622.0,0.0,623.0,0.109,,,,,
1789039078.6852,load,2,-1,28342,,,,,,,623.0,0.0,624.0,0.115,,,,,
1789039079.0764,load,2,-1,28342,,,,,,,624.0,0.0,625.0,0.1,,,,,
1789039080.7518,load,2,-1,28342,,,,,,,625.0,0.0,626.0,0.095,,,,,
1789039080.9054,load,2,-1,28342,,,,,,,626.0,0.0,627.0,0.1,,,,,
1789039083.0591,load,2,-1,28342,,,,,,,627.0,0.0,628.0,0.086,,,,,
1789039083.2084,load,2,-1,28342,,,,,,,628.0,0.0,629.0,0.116,,,,,
1789039085.199,load,2,-1,28342,,,,,,,629.0,0.0,630.0,0.105,,,,,
1789039085.6106,load,2,-1,28342,,,,,,,630.0,0.0,631.0,0.087,,,,,
1789039087.3552,load,2,-1,28342,,,,,,,631.0,0.0,632.0,0.103,,,,,
1789039087.5429,load,2,-1,28342,,,,,,,632.0,0.0,633.0,0.108,,,,,
1789039090.1722,load,2,-1,28342,,,,,,,633.0,0.0,634.0,0.096,,,,,
1789039090.364,load,2,-1,28342,,,,,,,634.0,0.0,635.0,0.124,,,,,
1789039091.9136,load,2,-1,28342,,,,,,,635.0,0.0,636.0,0.107,,,,,
1789039092.318,load,2,-1,28342,,,,,,,636.0,0.0,637.0,0.089,,,,,
1789039094.3293,load,2,-1,28342,,,,,,,637.0,0.0,638.0,0.11,,,,,
1789039094.5103,load,2,-1,28342,,,,,,,638.0,0.0,639.0,0.108,,,,,
1789039096.8945,load,2,-1,28342,,,,,,,639.0,0.0,640.0,0.103,,,,,
1789039097.0155,load,2,-1,28342,,,,,,,640.0,0.0,641.0,0.133,,,,,
1789039098.9342,load,2,-1,28342,,,,,,,641.0,0.0,642.0,0.149,,,,,
1789039099.2742,load,2,-1,28342,,,,,,,642.0,0.0,643.0,0.097,,,,,
1789039101.208,load,2,-1,28342,,,,,,,643.0,0.0,644.0,0.114,,,,,
1789039101.3889,load,2,-1,28342,,,,,,,644.0,0.0,645.0,0.12,,,,,
1789039103.8583,load,2,-1,28342,,,,,,,645.0,0.0,646.0,0.122,,,,,
1789039104.0094,load,2,-1,28342,,,,,,,646.0,0.0,647.0,0.105,,,,,
1789039105.9244,load,2,-1,28342,,,,,,,647.0,0.0,648.0,0.107,,,,,
1789039106.3317,load,2,-1,28342,,,,,,,648.0,0.0,649.0,0.091,,,,,
1789039108.2613,load,2,-1,28342,,,,,,,649.0,0.0,650.0,0.114,,,,,
1789039108.4449,load,2,-1,28342,,,,,,,650.0,0.0,651.0,0.102,,,,,
1789039111.1493,load,2,-1,28342,,,,,,,651.0,0.0,652.0,0.118,,,,,
1789039111.3425,load,2,-1,28342,,,,,,,652.0,0.0,653.0,0.118,,,,,
1789039113.301,load,2,-1,28342,,,,,,,653.0,0.0,654.0,0.118,,,,,
1789039113.7244,load,2,-1,28342,,,,,,,654.0,0.0,655.0,0.09,,,,,
1789039115.4761,load,2,-1,28342,,,,,,,655.0,0.0,656.0,0.126,,,,,
1789039115.6684,load,2,-1,28342,,,,,,,656.0,0.0,657.0,0.11,,,,,
1789039117.7533,load,2,-1,28342,,,,,,,657.0,0.0,658.0,0.112,,,,,
1789039117.9063,load,2,-1,28342,,,,,,,658.0,0.0,659.0,0.093,,,,,
1789039119.9212,load,2,-1,28342,,,,,,,659.0,0.0,660.0,0.109,,,,,
1789039120.3531,load,2,-1,28342,,,,,,,660.0,0.0,661.0,0.092,,,,,
1789039122.3484,load,2,-1,28342,,,,,,,661.0,0.0,662.0,0.131,,,,,
1789039122.461,load,2,-1,28342,,,,,,,662.0,0.0,663.0,0.101,,,,,
1789039124.7694,load,2,-1,28342,,,,,,,663.0,0.0,664.0,0.087,,,,,
1789039124.918,load,2,-1,28342,,,,,,,664.0,0.0,665.0,0.096,,,,,
1789039127.2542,load,2,-1,28342,,,,,,,665.0,0.0,666.0,0.109,,,,,
1789039127.694,load,2,-1,28342,,,,,,,666.0,0.0,667.0,0.085,,,,,
1789039129.6585,load,2,-1,28342,,,,,,,667.0,0.0,668.0,0.138,,,,,
1789039129.8529,load,2,-1,28342,,,,,,,668.0,0.0,669.0,0.107,,,,,
1789039132.2471,load,2,-1,28342,,,,,,,669.0,0.0,670.0,0.303,,,,,
1789039132.3596,load,2,-1,28342,,,,,,,670.0,0.0,671.0,0.12,,,,,
1789039134.973,load,2,-1,28342,,,,,,,671.0,0.0,672.0,0.129,,,,,
1789039135.3871,load,2,-1,28342,,,,,,,672.0,0.0,673.0,0.129,,,,,
1789039137.5612,load,2,-1,28342,,,,,,,673.0,0.0,674.0,0.113,,,,,
1789039137.7412,load,2,-1,28342,,,,,,,674.0,0.0,675.0,0.297,,,,,
1789039140.1371,load,2,-1,28342,,,,,,,675.0,0.0,676.0,0.111,,,,,
1789039140.2574,load,2,-1,28342,,,,,,,676.0,0.0,677.0,0.117,,,,,
1789039142.1151,load,2,-1,28342,,,,,,,677.0,0.0,678.0,0.092,,,,,
1789039142.5226,load,2,-1,28342,,,,,,,678.0,0.0,679.0,0.102,,,,,
1789039144.5443,load,2,-1,28342,,,,,,,679.0,0.0,680.0,0.162,,,,,
1789039144.7146,load,2,-1,28342,,,,,,,680.0,0.0,681.0,0.12,,,,,
1789039147.6661,load,2,-1,28342,,,,,,,681.0,0.0,682.0,0.136,,,,,
1789039147.7803,load,2,-1,28342,,,,,,,682.0,0.0,683.0,0.102,,,,,
1789039149.6688,load,2,-1,28342,,,,,,,683.0,0.0,684.0,0.131,,,,,
1789039150.1071,load,2,-1,28342,,,,,,,684.0,0.0,685.0,0.088,,,,,
1789039152.2955,load,2,-1,28342,,,,,,,685.0,0.0,686.0,0.108,,,,,
1789039152.4762,load,2,-1,28342,,,,,,,686.0,0.0,687.0,0.122,,,,,
1789039154.8472,load,2,-1,28342,,,,,,,687.0,0.0,688.0,0.089,,,,,
1789039154.9651,load,2,-1,28342,,,,,,,688.0,0.0,689.0,0.099,,,,,
1789039156.9072,load,2,-1,28342,,,,,,,689.0,0.0,690.0,0.1,,,,,
1789039157.3895,load,2,-1,28342,,,,,,,690.0,0.0,691.0,0.109,,,,,
1789039159.4825,load,2,-1,28342,,,,,,,691.0,0.0,692.0,0.105,,,,,
1789039159.902,load,2,-1,28342,,,,,,,692.0,0.0,693.0,0.111,,,,,
1789039162.2313,load,2,-1,28342,,,,,,,693.0,0.0,694.0,0.087,,,,,
1789039162.368,load,2,-1,28342,,,,,,,694.0,0.0,695.0,0.101,,,,,
1789039164.0964,load,2,-1,28342,,,,,,,695.0,0.0,696.0,0.104,,,,,
1789039164.5668,load,2,-1,28342,,,,,,,696.0,0.0,697.0,0.09,,,,,
1789039166.6259,load,2,-1,28342,,,,,,,697.0,0.0,698.0,0.11,,,,,
1789039166.8108,load,2,-1,28342,,,,,,,698.0,0.0,699.0,0.125,,,,,
1789039169.2824,load,2,-1,28342,,,,,,,699.0,0.0,700.0,0.103,,,,,
1789039169.4163,load,2,-1,28342,,,,,,,700.0,0.0,701.0,0.091,,,,,
1789039171.4917,load,2,-1,28342,,,,,,,701.0,0.0,702.0,0.117,,,,,
1789039171.8704,load,2,-1,28342,,,,,,,702.0,0.0,703.0,0.093,,,,,
1789039174.2189,load,2,-1,28342,,,,,,,703.0,0.0,704.0,0.119,,,,,
1789039174.4133,load,2,-1,28342,,,,,,,704.0,0.0,705.0,0.107,,,,,
1789039177.0865,load,2,-1,28342,,,,,,,705.0,0.0,706.0,0.116,,,,,
1789039177.2097,load,2,-1,28342,,,,,,,706.0,0.0,707.0,0.09,,,,,
1789039178.848,load,2,-1,28342,,,,,,,707.0,0.0,708.0,0.148,,,,,
1789039179.2647,load,2,-1,28342,,,,,,,708.0,0.0,709.0,0.099,,,,,
1789039181.1443,load,2,-1,28342,,,,,,,709.0,0.0,710.0,0.101,,,,,
1789039181.3236,load,2,-1,28342,,,,,,,710.0,0.0,711.0,0.11,,,,,
1789039183.9022,load,2,-1,28342,,,,,,,711.0,0.0,712.0,0.099,,,,,
1789039184.0284,load,2,-1,28342,,,,,,,712.0,0.0,713.0,0.104,,,,,
1789039186.1438,load,2,-1,28342,,,,,,,713.0,0.0,714.0,0.099,,,,,
1789039186.5491,load,2,-1,28342,,,,,,,714.0,0.0,715.0,0.092,,,,,
1789039188.3099,load,2,-1,28342,,,,,,,715.0,0.0,716.0,0.105,,,,,
1789039188.4884,load,2,-1,28342,,,,,,,716.0,0.0,717.0,0.101,,,,,
1789039190.8965,load,2,-1,28342,,,,,,,717.0,0.0,718.0,0.096,,,,,
1789039191.0274,load,2,-1,28342,,,,,,,718.0,0.0,719.0,0.096,,,,,
1789039193.4457,load,2,-1,28342,,,,,,,719.0,0.0,720.0,0.116,,,,,
1789039193.8518,load,2,-1,28342,,,,,,,720.0,0.0,721.0,0.122,,,,,
1789039196.2979,load,2,-1,28342,,,,,,,721.0,0.0,722.0,0.113,,,,,
1789039196.411,load,2,-1,28342,,,,,,,722.0,0.0,723.0,0.101,,,,,
1789039198.7415,load,2,-1,28342,,,,,,,723.0,0.0,724.0,0.091,,,,,
1789039198.9096,load,2,-1,28342,,,,,,,724.0,0.0,725.0,0.112,,,,,
1789039200.8154,load,2,-1,28342,,,,,,,725.0,0.0,726.0,0.122,,,,,
1789039201.2211,load,2,-1,28342,,,,,,,726.0,0.0,727.0,0.086,,,,,
1789039203.4535,load,2,-1,28342,,,,,,,727.0,0.0,728.0,0.105,,,,,
1789039203.6567,load,2,-1,28342,,,,,,,728.0,0.0,729.0,0.099,,,,,
1789039205.8176,load,2,-1,28342,,,,,,,729.0,0.0,730.0,0.351,,,,,
1789039205.9815,load,2,-1,28342,,,,,,,730.0,0.0,731.0,0.105,,,,,
1789039207.941,load,2,-1,28342,,,,,,,731.0,0.0,732.0,0.11,,,,,
1789039208.362,load,2,-1,28342,,,,,,,732.0,0.0,733.0,0.13,,,,,
1789039210.6087,load,2,-1,28342,,,,,,,733.0,0.0,734.0,0.129,,,,,
1789039210.7896,load,2,-1,28342,,,,,,,734.0,0.0,735.0,0.112,,,,,
1789039213.2889,load,2,-1,28342,,,,,,,735.0,0.0,736.0,0.108,,,,,
1789039213.4597,load,2,-1,28342,,,,,,,736.0,0.0,737.0,0.104,,,,,
1789039215.6038,load,2,-1,28342,,,,,,,737.0,0.0,738.0,0.104,,,,,
1789039216.0048,load,2,-1,28342,,,,,,,738.0,0.0,739.0,0.214,,,,,
1789039217.9596,load,2,-1,28342,,,,,,,739.0,0.0,740.0,0.118,,,,,
1789039218.3918,load,2,-1,28342,,,,,,,740.0,0.0,741.0,0.111,,,,,
1789039220.8656,load,2,-1,28342,,,,,,,741.0,0.0,742.0,0.146,,,,,
1789039220.9939,load,2,-1,28342,,,,,,,742.0,0.0,743.0,0.102,,,,,
1789039222.5624,load,2,-1,28342,,,,,,,743.0,0.0,744.0,0.113,,,,,
1789039222.9735,load,2,-1,28342,,,,,,,744.0,0.0,745.0,0.104,,,,,
1789039225.125,load,2,-1,28342,,,,,,,745.0,0.0,746.0,0.121,,,,,
1789039225.3068,load,2,-1,28342,,,,,,,746.0,0.0,747.0,0.101,,,,,
1789039227.4096,load,2,-1,28342,,,,,,,747.0,0.0,748.0,0.097,,,,,
1789039227.5274,load,2,-1,28342,,,,,,,748.0,0.0,749.0,0.103,,,,,
1789039229.9987,load,2,-1,28342,,,,,,,749.0,0.0,750.0,0.109,,,,,
1789039230.4321,load,2,-1,28342,,,,,,,750.0,0.0,751.0,0.102,,,,,
1789039231.995,load,2,-1,28342,,,,,,,751.0,0.0,752.0,0.117,,,,,
1789039232.1752,load,2,-1,28342,,,,,,,752.0,0.0,753.0,0.109,,,,,
1789039234.6236,load,2,-1,28342,,,,,,,753.0,0.0,754.0,0.1,,,,,
1789039234.7802,load,2,-1,28342,,,,,,,754.0,0.0,755.0,0.132,,,,,
1789039237.4738,load,2,-1,28342,,,,,,,755.0,0.0,756.0,0.104,,,,,
1789039237.8854,load,2,-1,28342,,,,,,,756.0,0.0,757.0,0.109,,,,,
1789039239.8809,load,2,-1,28342,,,,,,,757.0,0.0,758.0,0.094,,,,,
1789039240.063,load,2,-1,28342,,,,,,,758.0,0.0,759.0,0.133,,,,,
1789039242.3089,load,2,-1,28342,,,,,,,759.0,0.0,760.0,0.096,,,,,
1789039242.4918,load,2,-1,28342,,,,,,,760.0,0.0,761.0,0.135,,,,,
1789039245.1025,load,2,-1,28342,,,,,,,761.0,0.0,762.0,0.11,,,,,
1789039245.4967,load,2,-1,28342,,,,,,,762.0,0.0,763.0,0.097,,,,,
1789039247.3786,load,2,-1,28342,,,,,,,763.0,0.0,764.0,0.12,,,,,
1789039247.5611,load,2,-1,28342,,,,,,,764.0,0.0,765.0,0.149,,,,,
1789039249.0758,load,2,-1,28342,,,,,,,765.0,0.0,766.0,0.088,,,,,
1789039249.2346,load,2,-1,28342,,,,,,,766.0,0.0,767.0,0.12,,,,,
1789039251.4139,load,2,-1,28342,,,,,,,767.0,0.0,768.0,0.114,,,,,
1789039251.8898,load,2,-1,28342,,,,,,,768.0,0.0,769.0,0.244,,,,,
1789039253.1684,load,2,-1,28342,,,,,,,769.0,0.0,770.0,0.18,,,,,
1789039253.3589,load,2,-1,28342,,,,,,,770.0,0.0,771.0,0.116,,,,,
1789039255.7056,load,2,-1,28342,,,,,,,771.0,0.0,772.0,0.122,,,,,
1789039255.8461,load,2,-1,28342,,,,,,,772.0,0.0,773.0,0.107,,,,,
1789039258.0405,load,2,-1,28342,,,,,,,773.0,0.0,774.0,0.105,,,,,
1789039258.4519,load,2,-1,28342,,,,,,,774.0,0.0,775.0,0.089,,,,,
1789039260.5188,load,2,-1,28342,,,,,,,775.0,0.0,776.0,0.129,,,,,
1789039260.7025,load,2,-1,28342,,,,,,,776.0,0.0,777.0,0.108,,,,,
1789039263.0716,load,2,-1,28342,,,,,,,777.0,0.0,778.0,0.095,,,,,
1789039263.2108,load,2,-1,28342,,,,,,,778.0,0.0,779.0,0.098,,,,,
1789039264.9219,load,2,-1,28342,,,,,,,779.0,0.0,780.0,0.126,,,,,
1789039265.3376,load,2,-1,28342,,,,,,,780.0,0.0,781.0,0.098,,,,,
1789039267.3283,load,2,-1,28342,,,,,,,781.0,0.0,782.0,0.108,,,,,
1789039267.4445,load,2,-1,28342,,,,,,,782.0,0.0,783.0,0.116,,,,,
1789039270.3796,load,2,-1,28342,,,,,,,783.0,0.0,784.0,0.088,,,,,
1789039270.5263,load,2,-1,28342,,,,,,,784.0,0.0,785.0,0.1,,,,,
1789039272.9768,load,2,-1,28342,,,,,,,785.0,0.0,786.0,0.117,,,,,
1789039273.406,load,2,-1,28342,,,,,,,786.0,0.0,787.0,0.111,,,,,
1789039275.5925,load,2,-1,28342,,,,,,,787.0,0.0,788.0,0.148,,,,,
1789039275.7745,load,2,-1,28342,,,,,,,788.0,0.0,789.0,0.095,,,,,
1789039278.6003,load,2,-1,28342,,,,,,,789.0,0.0,790.0,0.094,,,,,
1789039278.7358,load,2,-1,28342,,,,,,,790.0,0.0,791.0,0.101,,,,,
1789039280.6518,load,2,-1,28342,,,,,,,791.0,0.0,792.0,0.121,,,,,
1789039281.0606,load,2,-1,28342,,,,,,,792.0,0.0,793.0,0.099,,,,,
1789039283.2549,load,2,-1,28342,,,,,,,793.0,0.0,794.0,0.112,,,,,
1789039283.4378,load,2,-1,28342,,,,,,,794.0,0.0,795.0,0.126,,,,,
1789039285.2201,load,2,-1,28342,,,,,,,795.0,0.0,796.0,0.131,,,,,
1789039285.3404,load,2,-1,28342,,,,,,,796.0,0.0,797.0,0.094,,,,,
1789039287.2395,load,2,-1,28342,,,,,,,797.0,0.0,798.0,0.107,,,,,
1789039287.6564,load,2,-1,28342,,,,,,,798.0,0.0,799.0,0.096,,,,,
1789039289.6908,load,2,-1,28342,,,,,,,799.0,0.0,800.0,0.116,,,,,
1789039289.8751,load,2,-1,28342,,,,,,,800.0,0.0,801.0,0.104,,,,,
1789039292.2017,load,2,-1,28342,,,,,,,801.0,0.0,802.0,0.125,,,,,
1789039292.3173,load,2,-1,28342,,,,,,,802.0,0.0,803.0,0.11,,,,,
1789039294.417,load,2,-1,28342,,,,,,,803.0,0.0,804.0,0.123,,,,,
1789039294.833,load,2,-1,28342,,,,,,,804.0,0.0,805.0,0.099,,,,,
1789039297.1598,load,2,-1,28342,,,,,,,805.0,0.0,806.0,0.124,,,,,
1789039297.343,load,2,-1,28342,,,,,,,806.0,0.0,807.0,0.093,,,,,
1789039300.0497,load,2,-1,28342,,,,,,,807.0,0.0,808.0,0.124,,,,,
1789039300.2108,load,2,-1,28342,,,,,,,808.0,0.0,809.0,0.111,,,,,
1789039302.7307,load,2,-1,28342,,,,,,,809.0,0.0,810.0,0.125,,,,,
1789039303.203,load,2,-1,28342,,,,,,,810.0,0.0,811.0,0.081,,,,,
1789039305.1478,load,2,-1,28342,,,,,,,811.0,0.0,812.0,0.116,,,,,
1789039305.3598,load,2,-1,28342,,,,,,,812.0,0.0,813.0,0.089,,,,,
1789039307.5924,load,2,-1,28342,,,,,,,813.0,0.0,814.0,0.115,,,,,
1789039307.7033,load,2,-1,28342,,,,,,,814.0,0.0,815.0,0.097,,,,,
1789039309.5399,load,2,-1,28342,,,,,,,815.0,0.0,816.0,0.124,,,,,
1789039309.9291,load,2,-1,28342,,,,,,,816.0,0.0,817.0,0.091,,,,,
1789039311.6224,load,2,-1,28342,,,,,,,817.0,0.0,818.0,0.141,,,,,
1789039311.8018,load,2,-1,28342,,,,,,,818.0,0.0,819.0,0.116,,,,,
1789039314.2637,load,2,-1,28342,,,,,,,819.0,0.0,820.0,0.1,,,,,
1789039314.3778,load,2,-1,28342,,,,,,,820.0,0.0,821.0,0.099,,,,,
1789039316.8407,load,2,-1,28342,,,,,,,821.0,0.0,822.0,0.112,,,,,
1789039317.1774,load,2,-1,28342,,,,,,,822.0,0.0,823.0,0.085,,,,,
1789039319.1078,load,2,-1,28342,,,,,,,823.0,0.0,824.0,0.13,,,,,
1789039319.2851,load,2,-1,28342,,,,,,,824.0,0.0,825.0,0.094,,,,,
1789039321.2547,load,2,-1,28342,,,,,,,825.0,0.0,826.0,0.132,,,,,
1789039321.3676,load,2,-1,28342,,,,,,,826.0,0.0,827.0,0.09,,,,,
1789039323.5372,load,2,-1,28342,,,,,,,827.0,0.0,828.0,0.116,,,,,
1789039323.9464,load,2,-1,28342,,,,,,,828.0,0.0,829.0,0.085,,,,,
1789039325.8076,load,2,-1,28342,,,,,,,829.0,0.0,830.0,0.118,,,,,
1789039325.9894,load,2,-1,28342,,,,,,,830.0,0.0,831.0,0.093,,,,,
1789039328.658,load,2,-1,28342,,,,,,,831.0,0.0,832.0,0.1,,,,,
1789039328.8266,load,2,-1,28342,,,,,,,832.0,0.0,833.0,0.102,,,,,
1789039330.8563,load,2,-1,28342,,,,,,,833.0,0.0,834.0,0.117,,,,,
1789039331.312,load,2,-1,28342,,,,,,,834.0,0.0,835.0,0.09,,,,,
1789039333.653,load,2,-1,28342,,,,,,,835.0,0.0,836.0,0.157,,,,,
1789039333.833,load,2,-1,28342,,,,,,,836.0,0.0,837.0,0.088,,,,,
1789039336.1923,load,2,-1,28342,,,,,,,837.0,0.0,838.0,0.106,,,,,
1789039336.3217,load,2,-1,28342,,,,,,,838.0,0.0,839.0,0.095,,,,,
1789039338.1555,load,2,-1,28342,,,,,,,839.0,0.0,840.0,0.115,,,,,
1789039338.5599,load,2,-1,28342,,,,,,,840.0,0.0,841.0,0.075,,,,,
1789039340.3578,load,2,-1,28342,,,,,,,841.0,0.0,842.0,0.131,,,,,
1789039340.472,load,2,-1,28342,,,,,,,842.0,0.0,843.0,0.097,,,,,
1789039342.7107,load,2,-1,28342,,,,,,,843.0,0.0,844.0,0.105,,,,,
1789039342.8299,load,2,-1,28342,,,,,,,844.0,0.0,845.0,0.092,,,,,
1789039345.2282,load,2,-1,28342,,,,,,,845.0,0.0,846.0,0.142,,,,,
1789039345.6608,load,2,-1,28342,,,,,,,846.0,0.0,847.0,0.083,,,,,
1789039346.9346,load,2,-1,28342,,,,,,,847.0,0.0,848.0,0.113,,,,,
1789039347.117,load,2,-1,28342,,,,,,,848.0,0.0,849.0,0.106,,,,,
1789039349.5185,load,2,-1,28342,,,,,,,849.0,0.0,850.0,0.114,,,,,
1789039349.6687,load,2,-1,28342,,,,,,,850.0,0.0,851.0,0.095,,,,,
1789039351.4291,load,2,-1,28342,,,,,,,851.0,0.0,852.0,0.136,,,,,
1789039351.9227,load,2,-1,28342,,,,,,,852.0,0.0,853.0,0.069,,,,,
1789039354.0378,load,2,-1,28342,,,,,,,853.0,0.0,854.0,0.112,,,,,
1789039354.2196,load,2,-1,28342,,,,,,,854.0,0.0,855.0,0.096,,,,,
1789039356.8596,load,2,-1,28342,,,,,,,855.0,0.0,856.0,0.093,,,,,
1789039357.0393,load,2,-1,28342,,,,,,,856.0,0.0,857.0,0.087,,,,,
1789039358.9726,load,2,-1,28342,,,,,,,857.0,0.0,858.0,0.116,,,,,
1789039359.5538,load,2,-1,28342,,,,,,,858.0,0.0,859.0,0.073,,,,,
1789039361.1766,load,2,-1,28342,,,,,,,859.0,0.0,860.0,0.115,,,,,
1789039362.0363,load,2,-1,28342,,,,,,,860.0,0.0,861.0,0.134,,,,,
1789039363.9096,load,2,-1,28342,,,,,,,861.0,0.0,862.0,0.125,,,,,
1789039364.289,load,2,-1,28342,,,,,,,862.0,0.0,863.0,0.091,,,,,
1789039366.1918,load,2,-1,28342,,,,,,,863.0,0.0,864.0,0.13,,,,,
1789039366.7588,load,2,-1,28342,,,,,,,864.0,0.0,865.0,0.242,,,,,
1789039368.4324,load,2,-1,28342,,,,,,,865.0,0.0,866.0,0.124,,,,,
1789039368.6377,load,2,-1,28342,,,,,,,866.0,0.0,867.0,0.091,,,,,
1789039370.8981,load,2,-1,28342,,,,,,,867.0,0.0,868.0,0.135,,,,,
1789039371.0111,load,2,-1,28342,,,,,,,868.0,0.0,869.0,0.09,,,,,
1789039372.8873,load,2,-1,28342,,,,,,,869.0,0.0,870.0,0.121,,,,,
1789039373.3671,load,2,-1,28342,,,,,,,870.0,0.0,871.0,0.078,,,,,
1789039375.4442,load,2,-1,28342,,,,,,,871.0,0.0,872.0,0.143,,,,,
1789039376.1888,load,2,-1,28342,,,,,,,872.0,0.0,873.0,0.09,,,,,
1789039377.5746,load,2,-1,28342,,,,,,,873.0,0.0,874.0,0.102,,,,,
1789039378.9838,load,2,-1,28342,,,,,,,874.0,0.0,875.0,0.093,,,,,
1789039379.8722,load,2,-1,28342,,,,,,,875.0,0.0,876.0,0.115,,,,,
1789039381.4617,load,2,-1,28342,,,,,,,876.0,0.0,877.0,0.083,,,,,
1789039382.3378,load,2,-1,28342,,,,,,,877.0,0.0,878.0,0.112,,,,,
1789039383.6529,load,2,-1,28342,,,,,,,878.0,0.0,879.0,0.104,,,,,
1789039384.9043,load,2,-1,28342,,,,,,,879.0,0.0,880.0,0.104,,,,,
1789039386.0098,load,2,-1,28342,,,,,,,880.0,0.0,881.0,0.101,,,,,
1789039387.0474,load,2,-1,28342,,,,,,,881.0,0.0,882.0,0.148,,,,,
1789039388.9485,load,2,-1,28342,,,,,,,882.0,0.0,883.0,0.082,,,,,
1789039389.2804,load,2,-1,28342,,,,,,,883.0,0.0,884.0,0.117,,,,,
1789039390.864,load,2,-1,28342,,,,,,,884.0,0.0,885.0,0.102,,,,,
1789039392.4398,load,2,-1,28342,,,,,,,885.0,0.0,886.0,0.111,,,,,
1789039393.9861,load,2,-1,28342,,,,,,,886.0,0.0,887.0,0.113,,,,,
1789039394.7328,load,2,-1,28342,,,,,,,887.0,0.0,888.0,404.485,,,,,
1789039396.7275,load,2,-1,28342,,,,,,,888.0,0.0,889.0,0.208,,,,,
1789039397.055,load,2,-1,28342,,,,,,,889.0,0.0,890.0,54.526,,,,,
1789039398.8766,load,2,-1,28342,,,,,,,890.0,0.0,891.0,0.118,,,,,
1789039400.1759,load,2,-1,28342,,,,,,,891.0,0.0,892.0,0.111,,,,,
1789039400.8404,load,2,-1,28342,,,,,,,892.0,0.0,893.0,0.097,,,,,
1789039401.8307,load,2,-1,28342,,,,,,,893.0,0.0,894.0,0.133,,,,,
1789039403.6758,load,2,-1,28342,,,,,,,894.0,0.0,895.0,0.085,,,,,
1789039404.3027,load,2,-1,28342,,,,,,,895.0,0.0,896.0,458.96,,,,,
1789039405.3194,load,2,-1,28342,,,,,,,896.0,0.0,897.0,0.104,,,,,
1789039406.7184,load,2,-1,28342,,,,,,,897.0,0.0,898.0,445.466,,,,,
1789039407.8985,load,2,-1,28342,,,,,,,898.0,0.0,899.0,0.109,,,,,
1789039409.1796,load,2,-1,28342,,,,,,,899.0,0.0,900.0,0.131,,,,,
1789039410.1752,load,2,-1,28342,,,,,,,900.0,0.0,901.0,0.082,,,,,
1789039412.2122,load,2,-1,28342,,,,,,,901.0,0.0,902.0,0.127,,,,,
1789039412.3265,load,2,-1,28342,,,,,,,902.0,0.0,903.0,0.1,,,,,
1789039414.967,load,2,-1,28342,,,,,,,903.0,0.0,904.0,0.111,,,,,
1789039415.0858,load,2,-1,28342,,,,,,,904.0,0.0,905.0,0.092,,,,,
1789039416.7951,load,2,-1,28342,,,,,,,905.0,0.0,906.0,0.115,,,,,
1789039417.2123,load,2,-1,28342,,,,,,,906.0,0.0,907.0,0.091,,,,,
1789039418.7861,load,2,-1,28342,,,,,,,907.0,0.0,908.0,0.11,,,,,
1789039419.3016,load,2,-1,28342,,,,,,,908.0,0.0,909.0,0.099,,,,,
1789039421.5125,load,2,-1,28342,,,,,,,909.0,0.0,910.0,0.102,,,,,
1789039421.6258,load,2,-1,28342,,,,,,,910.0,0.0,911.0,0.102,,,,,
1789039423.3706,load,2,-1,28342,,,,,,,911.0,0.0,912.0,0.128,,,,,
1789039424.5174,load,2,-1,28342,,,,,,,912.0,0.0,913.0,0.095,,,,,
1789039425.6537,load,2,-1,28342,,,,,,,913.0,0.0,914.0,72.472,,,,,
1789039427.1709,load,2,-1,28342,,,,,,,914.0,0.0,915.0,0.107,,,,,
1789039429.0125,load,2,-1,28342,,,,,,,915.0,0.0,916.0,0.139,,,,,
1789039429.1667,load,2,-1,28342,,,,,,,916.0,0.0,917.0,0.097,,,,,
1789039431.2216,load,2,-1,28342,,,,,,,917.0,0.0,918.0,0.111,,,,,
1789039431.6299,load,2,-1,28342,,,,,,,918.0,0.0,919.0,0.084,,,,,
1789039433.8703,load,2,-1,28342,,,,,,,919.0,0.0,920.0,0.117,,,,,
1789039434.0527,load,2,-1,28342,,,,,,,920.0,0.0,921.0,0.113,,,,,
1789039436.6095,load,2,-1,28342,,,,,,,921.0,0.0,922.0,0.123,,,,,
1789039436.7236,load,2,-1,28342,,,,,,,922.0,0.0,923.0,0.093,,,,,
1789039438.332,load,2,-1,28342,,,,,,,923.0,0.0,924.0,0.115,,,,,
1789039438.9643,load,2,-1,28342,,,,,,,924.0,0.0,925.0,0.072,,,,,
1789039441.1172,load,2,-1,28342,,,,,,,925.0,0.0,926.0,0.109,,,,,
1789039441.3258,load,2,-1,28342,,,,,,,926.0,0.0,927.0,0.106,,,,,
1789039443.586,load,2,-1,28342,,,,,,,927.0,0.0,928.0,0.246,,,,,
1789039443.7388,load,2,-1,28342,,,,,,,928.0,0.0,929.0,0.095,,,,,
1789039445.5545,load,2,-1,28342,,,,,,,929.0,0.0,930.0,0.115,,,,,
1789039445.9606,load,2,-1,28342,,,,,,,930.0,0.0,931.0,0.234,,,,,
1789039447.6277,load,2,-1,28342,,,,,,,931.0,0.0,932.0,0.118,,,,,
1789039447.8132,load,2,-1,28342,,,,,,,932.0,0.0,933.0,0.118,,,,,
1789039450.1657,load,2,-1,28342,,,,,,,933.0,0.0,934.0,0.118,,,,,
1789039450.4103,load,2,-1,28342,,,,,,,934.0,0.0,935.0,0.104,,,,,
1789039452.0266,load,2,-1,28342,,,,,,,935.0,0.0,936.0,0.117,,,,,
1789039452.4587,load,2,-1,28342,,,,,,,936.0,0.0,937.0,0.087,,,,,
1789039454.7544,load,2,-1,28342,,,,,,,937.0,0.0,938.0,0.111,,,,,
1789039454.9326,load,2,-1,28342,,,,,,,938.0,0.0,939.0,0.126,,,,,
1789039457.0252,load,2,-1,28342,,,,,,,939.0,0.0,940.0,0.131,,,,,
1789039457.1669,load,2,-1,28342,,,,,,,940.0,0.0,941.0,0.102,,,,,
1789039459.4135,load,2,-1,28342,,,,,,,941.0,0.0,942.0,0.191,,,,,
1789039459.7824,load,2,-1,28342,,,,,,,942.0,0.0,943.0,0.075,,,,,
1789039461.4269,load,2,-1,28342,,,,,,,943.0,0.0,944.0,0.112,,,,,
1789039461.6092,load,2,-1,28342,,,,,,,944.0,0.0,945.0,0.106,,,,,
1789039463.8876,load,2,-1,28342,,,,,,,945.0,0.0,946.0,0.116,,,,,
1789039464.01,load,2,-1,28342,,,,,,,946.0,0.0,947.0,0.1,,,,,
1789039466.3187,load,2,-1,28342,,,,,,,947.0,0.0,948.0,0.107,,,,,
1789039466.7232,load,2,-1,28342,,,,,,,948.0,0.0,949.0,0.074,,,,,
1789039469.0679,load,2,-1,28342,,,,,,,949.0,0.0,950.0,0.108,,,,,
1789039469.2615,load,2,-1,28342,,,,,,,950.0,0.0,951.0,0.099,,,,,
1789039471.6583,load,2,-1,28342,,,,,,,951.0,0.0,952.0,0.117,,,,,
1789039471.8064,load,2,-1,28342,,,,,,,952.0,0.0,953.0,0.094,,,,,
1789039473.865,load,2,-1,28342,,,,,,,953.0,0.0,954.0,0.114,,,,,
1789039474.2754,load,2,-1,28342,,,,,,,954.0,0.0,955.0,0.089,,,,,
1789039476.4978,load,2,-1,28342,,,,,,,955.0,0.0,956.0,0.126,,,,,
1789039476.6843,load,2,-1,28342,,,,,,,956.0,0.0,957.0,0.121,,,,,
1789039479.3101,load,2,-1,28342,,,,,,,957.0,0.0,958.0,0.101,,,,,
1789039479.4284,load,2,-1,28342,,,,,,,958.0,0.0,959.0,0.09,,,,,
1789039481.3143,load,2,-1,28342,,,,,,,959.0,0.0,960.0,0.114,,,,,
1789039481.7271,load,2,-1,28342,,,,,,,960.0,0.0,961.0,0.103,,,,,
1789039483.2055,load,2,-1,28342,,,,,,,961.0,0.0,962.0,0.124,,,,,
1789039483.7534,load,2,-1,28342,,,,,,,962.0,0.0,963.0,0.095,,,,,
1789039485.5629,load,2,-1,28342,,,,,,,963.0,0.0,964.0,0.099,,,,,
1789039485.6861,load,2,-1,28342,,,,,,,964.0,0.0,965.0,0.087,,,,,
1789039488.1845,load,2,-1,28342,,,,,,,965.0,0.0,966.0,0.11,,,,,
1789039488.5905,load,2,-1,28342,,,,,,,966.0,0.0,967.0,0.078,,,,,
1789039490.9118,load,2,-1,28342,,,,,,,967.0,0.0,968.0,0.111,,,,,
1789039491.1086,load,2,-1,28342,,,,,,,968.0,0.0,969.0,0.097,,,,,
1789039493.6066,load,2,-1,28342,,,,,,,969.0,0.0,970.0,0.1,,,,,
1789039493.7206,load,2,-1,28342,,,,,,,970.0,0.0,971.0,0.097,,,,,
1789039496.0663,load,2,-1,28342,,,,,,,971.0,0.0,972.0,0.121,,,,,
1789039496.4777,load,2,-1,28342,,,,,,,972.0,0.0,973.0,0.334,,,,,
1789039498.2933,load,2,-1,28342,,,,,,,973.0,0.0,974.0,0.118,,,,,
1789039499.0488,load,2,-1,28342,,,,,,,974.0,0.0,975.0,0.102,,,,,
1789039500.7373,load,2,-1,28342,,,,,,,975.0,0.0,976.0,0.105,,,,,
1789039501.1721,load,2,-1,28342,,,,,,,976.0,0.0,977.0,0.103,,,,,
1789039502.5418,load,2,-1,28342,,,,,,,977.0,0.0,978.0,0.112,,,,,
1789039503.9547,load,2,-1,28342,,,,,,,978.0,0.0,979.0,0.096,,,,,
1789039505.4833,load,2,-1,28342,,,,,,,979.0,0.0,980.0,0.155,,,,,
1789039505.7568,load,2,-1,28342,,,,,,,980.0,0.0,981.0,0.102,,,,,
1789039508.4943,load,2,-1,28342,,,,,,,981.0,0.0,982.0,0.113,,,,,
1789039508.6077,load,2,-1,28342,,,,,,,982.0,0.0,983.0,0.089,,,,,
1789039510.6274,load,2,-1,28342,,,,,,,983.0,0.0,984.0,0.116,,,,,
1789039511.0295,load,2,-1,28342,,,,,,,984.0,0.0,985.0,0.074,,,,,
1789039513.1261,load,2,-1,28342,,,,,,,985.0,0.0,986.0,0.12,,,,,
1789039513.3325,load,2,-1,28342,,,,,,,986.0,0.0,987.0,0.109,,,,,
1789039515.7556,load,2,-1,28342,,,,,,,987.0,0.0,988.0,0.1,,,,,
1789039515.8702,load,2,-1,28342,,,,,,,988.0,0.0,989.0,0.105,,,,,
1789039517.8269,load,2,-1,28342,,,,,,,989.0,0.0,990.0,0.119,,,,,
1789039518.2792,load,2,-1,28342,,,,,,,990.0,0.0,991.0,0.088,,,,,
1789039519.9336,load,2,-1,28342,,,,,,,991.0,0.0,992.0,0.133,,,,,
1789039520.115,load,2,-1,28342,,,,,,,992.0,0.0,993.0,0.111,,,,,
1789039522.9848,load,2,-1,28342,,,,,,,993.0,0.0,994.0,0.121,,,,,
1789039523.0959,load,2,-1,28342,,,,,,,994.0,0.0,995.0,0.111,,,,,
1789039525.2371,load,2,-1,28342,,,,,,,995.0,0.0,996.0,0.119,,,,,
1789039525.6731,load,2,-1,28342,,,,,,,996.0,0.0,997.0,0.093,,,,,
1789039527.1601,load,2,-1,28342,,,,,,,997.0,0.0,998.0,0.122,,,,,
1789039527.3419,load,2,-1,28342,,,,,,,998.0,0.0,999.0,0.089,,,,,
1789039530.117,load,2,-1,28342,,,,,,,999.0,0.0,1000.0,0.098,,,,,
1789038317.9246,load,0,-1,28340,,,,,,,0.0,0.0,1.0,2740.879,,,,,
1789038320.2156,load,0,-1,28340,,,,,,,1.0,0.0,2.0,0.785,,,,,
1789038320.4073,load,0,-1,28340,,,,,,,2.0,0.0,3.0,75.321,,,,,
1789038322.4346,load,0,-1,28340,,,,,,,3.0,0.0,4.0,0.343,,,,,
1789038322.5532,load,0,-1,28340,,,,,,,4.0,0.0,5.0,0.214,,,,,
1789038324.3395,load,0,-1,28340,,,,,,,5.0,0.0,6.0,0.332,,,,,
1789038324.7901,load,0,-1,28340,,,,,,,6.0,0.0,7.0,0.179,,,,,
1789038326.6539,load,0,-1,28340,,,,,,,7.0,0.0,8.0,0.142,,,,,
1789038326.8361,load,0,-1,28340,,,,,,,8.0,0.0,9.0,0.13,,,,,
1789038329.2723,load,0,-1,28340,,,,,,,9.0,0.0,10.0,0.124,,,,,
1789038329.385,load,0,-1,28340,,,,,,,10.0,0.0,11.0,0.129,,,,,
1789038331.052,load,0,-1,28340,,,,,,,11.0,0.0,12.0,0.146,,,,,
1789038331.4704,load,0,-1,28340,,,,,,,12.0,0.0,13.0,0.129,,,,,
1789038333.3998,load,0,-1,28340,,,,,,,13.0,0.0,14.0,0.46,,,,,
1789038333.5825,load,0,-1,28340,,,,,,,14.0,0.0,15.0,0.147,,,,,
1789038336.2005,load,0,-1,28340,,,,,,,15.0,0.0,16.0,0.265,,,,,
1789038336.3367,load,0,-1,28340,,,,,,,16.0,0.0,17.0,0.135,,,,,
1789038338.5566,load,0,-1,28340,,,,,,,17.0,0.0,18.0,0.15,,,,,
1789038338.9844,load,0,-1,28340,,,,,,,18.0,0.0,19.0,0.142,,,,,
1789038340.8581,load,0,-1,28340,,,,,,,19.0,0.0,20.0,0.187,,,,,
1789038341.2307,load,0,-1,28340,,,,,,,20.0,0.0,21.0,0.138,,,,,
1789038343.2853,load,0,-1,28340,,,,,,,21.0,0.0,22.0,0.191,,,,,
1789038344.0226,load,0,-1,28340,,,,,,,22.0,0.0,23.0,0.129,,,,,
1789038345.4169,load,0,-1,28340,,,,,,,23.0,0.0,24.0,0.154,,,,,
1789038346.6174,load,0,-1,28340,,,,,,,24.0,0.0,25.0,0.118,,,,,
1789038347.7,load,0,-1,28340,,,,,,,25.0,0.0,26.0,0.169,,,,,
1789038348.2205,load,0,-1,28340,,,,,,,26.0,0.0,27.0,0.132,,,,,
1789038350.6765,load,0,-1,28340,,,,,,,27.0,0.0,28.0,0.213,,,,,
1789038350.9478,load,0,-1,28340,,,,,,,28.0,0.0,29.0,0.186,,,,,
1789038353.0403,load,0,-1,28340,,,,,,,29.0,0.0,30.0,0.183,,,,,
1789038354.2038,load,0,-1,28340,,,,,,,30.0,0.0,31.0,0.101,,,,,
1789038355.1312,load,0,-1,28340,,,,,,,31.0,0.0,32.0,0.14,,,,,
1789038356.445,load,0,-1,28340,,,,,,,32.0,0.0,33.0,0.145,,,,,
1789038358.1542,load,0,-1,28340,,,,,,,33.0,0.0,34.0,0.129,,,,,
1789038359.665,load,0,-1,28340,,,,,,,34.0,0.0,35.0,0.141,,,,,
1789038359.9742,load,0,-1,28340,,,,,,,35.0,0.0,36.0,0.162,,,,,
1789038362.5586,load,0,-1,28340,,,,,,,36.0,0.0,37.0,0.132,,,,,
1789038362.6668,load,0,-1,28340,,,,,,,37.0,0.0,38.0,0.164,,,,,
1789038364.0639,load,0,-1,28340,,,,,,,38.0,0.0,39.0,0.153,,,,,
1789038364.5061,load,0,-1,28340,,,,,,,39.0,0.0,40.0,0.397,,,,,
1789038366.8187,load,0,-1,28340,,,,,,,40.0,0.0,41.0,0.167,,,,,
1789038367.0805,load,0,-1,28340,,,,,,,41.0,0.0,42.0,0.135,,,,,
1789038369.3806,load,0,-1,28340,,,,,,,42.0,0.0,43.0,0.142,,,,,
1789038369.7012,load,0,-1,28340,,,,,,,43.0,0.0,44.0,0.379,,,,,
1789038371.2099,load,0,-1,28340,,,,,,,44.0,0.0,45.0,0.171,,,,,
1789038372.4645,load,0,-1,28340,,,,,,,45.0,0.0,46.0,0.14,,,,,
1789038373.7451,load,0,-1,28340,,,,,,,46.0,0.0,47.0,0.132,,,,,
1789038374.3395,load,0,-1,28340,,,,,,,47.0,0.0,48.0,0.15,,,,,
1789038376.4801,load,0,-1,28340,,,,,,,48.0,0.0,49.0,0.129,,,,,
1789038376.638,load,0,-1,28340,,,,,,,49.0,0.0,50.0,0.167,,,,,
1789038378.7846,load,0,-1,28340,,,,,,,50.0,0.0,51.0,0.179,,,,,
1789038379.2651,load,0,-1,28340,,,,,,,51.0,0.0,52.0,0.134,,,,,
1789038381.5093,load,0,-1,28340,,,,,,,52.0,0.0,53.0,0.14,,,,,
1789038381.6906,load,0,-1,28340,,,,,,,53.0,0.0,54.0,0.115,,,,,
1789038384.7111,load,0,-1,28340,,,,,,,54.0,0.0,55.0,0.122,,,,,
1789038384.8209,load,0,-1,28340,,,,,,,55.0,0.0,56.0,0.119,,,,,
1789038386.4938,load,0,-1,28340,,,,,,,56.0,0.0,57.0,0.17,,,,,
1789038386.9514,load,0,-1,28340,,,,,,,57.0,0.0,58.0,0.163,,,,,
1789038389.2507,load,0,-1,28340,,,,,,,58.0,0.0,59.0,0.173,,,,,
1789038389.4357,load,0,-1,28340,,,,,,,59.0,0.0,60.0,0.167,,,,,
1789038391.6868,load,0,-1,28340,,,,,,,60.0,0.0,61.0,0.117,,,,,
1789038391.8758,load,0,-1,28340,,,,,,,61.0,0.0,62.0,0.131,,,,,
1789038393.7273,load,0,-1,28340,,,,,,,62.0,0.0,63.0,0.193,,,,,
1789038394.1716,load,0,-1,28340,,,,,,,63.0,0.0,64.0,0.13,,,,,
1789038396.3877,load,0,-1,28340,,,,,,,64.0,0.0,65.0,0.169,,,,,
1789038396.5677,load,0,-1,28340,,,,,,,65.0,0.0,66.0,0.127,,,,,
1789038398.4609,load,0,-1,28340,,,,,,,66.0,0.0,67.0,0.125,,,,,
1789038399.6466,load,0,-1,28340,,,,,,,67.0,0.0,68.0,0.15,,,,,
1789038400.3166,load,0,-1,28340,,,,,,,68.0,0.0,69.0,0.18,,,,,
1789038402.4403,load,0,-1,28340,,,,,,,69.0,0.0,70.0,0.15,,,,,
1789038402.5544,load,0,-1,28340,,,,,,,70.0,0.0,71.0,0.139,,,,,
1789038404.1324,load,0,-1,28340,,,,,,,71.0,0.0,72.0,0.196,,,,,
1789038405.2064,load,0,-1,28340,,,,,,,72.0,0.0,73.0,0.115,,,,,
1789038406.6752,load,0,-1,28340,,,,,,,73.0,0.0,74.0,0.139,,,,,
1789038407.6914,load,0,-1,28340,,,,,,,74.0,0.0,75.0,0.139,,,,,
1789038409.1529,load,0,-1,28340,,,,,,,75.0,0.0,76.0,0.157,,,,,
1789038409.536,load,0,-1,28340,,,,,,,76.0,0.0,77.0,0.152,,,,,
1789038411.3828,load,0,-1,28340,,,,,,,77.0,0.0,78.0,0.178,,,,,
1789038412.3296,load,0,-1,28340,,,,,,,78.0,0.0,79.0,0.121,,,,,
1789038413.3518,load,0,-1,28340,,,,,,,79.0,0.0,80.0,0.148,,,,,
1789038414.2989,load,0,-1,28340,,,,,,,80.0,0.0,81.0,0.146,,,,,
1789038416.3393,load,0,-1,28340,,,,,,,81.0,0.0,82.0,0.159,,,,,
1789038416.4706,load,0,-1,28340,,,,,,,82.0,0.0,83.0,0.135,,,,,
1789038418.8418,load,0,-1,28340,,,,,,,83.0,0.0,84.0,0.169,,,,,
1789038419.2624,load,0,-1,28340,,,,,,,84.0,0.0,85.0,0.138,,,,,
1789038421.2426,load,0,-1,28340,,,,,,,85.0,0.0,86.0,0.139,,,,,
1789038421.425,load,0,-1,28340,,,,,,,86.0,0.0,87.0,0.169,,,,,
1789038424.0209,load,0,-1,28340,,,,,,,87.0,0.0,88.0,0.121,,,,,
1789038424.1299,load,0,-1,28340,,,,,,,88.0,0.0,89.0,0.111,,,,,
1789038425.5941,load,0,-1,28340,,,,,,,89.0,0.0,90.0,0.132,,,,,
1789038426.0551,load,0,-1,28340,,,,,,,90.0,0.0,91.0,0.114,,,,,
1789038427.9519,load,0,-1,28340,,,,,,,91.0,0.0,92.0,0.164,,,,,
1789038428.1623,load,0,-1,28340,,,,,,,92.0,0.0,93.0,0.12,,,,,
1789038430.5414,load,0,-1,28340,,,,,,,93.0,0.0,94.0,0.22,,,,,
1789038430.7172,load,0,-1,28340,,,,,,,94.0,0.0,95.0,0.128,,,,,
1789038432.4369,load,0,-1,28340,,,,,,,95.0,0.0,96.0,0.144,,,,,
1789038432.8885,load,0,-1,28340,,,,,,,96.0,0.0,97.0,0.112,,,,,
1789038435.4807,load,0,-1,28340,,,,,,,97.0,0.0,98.0,0.145,,,,,
1789038435.6627,load,0,-1,28340,,,,,,,98.0,0.0,99.0,0.117,,,,,
1789038438.5479,load,0,-1,28340,,,,,,,99.0,0.0,100.0,0.128,,,,,
1789038438.6842,load,0,-1,28340,,,,,,,100.0,0.0,101.0,0.143,,,,,
1789038441.132,load,0,-1,28340,,,,,,,101.0,0.0,102.0,0.157,,,,,
1789038441.5214,load,0,-1,28340,,,,,,,102.0,0.0,103.0,0.133,,,,,
1789038443.7586,load,0,-1,28340,,,,,,,103.0,0.0,104.0,3.839,,,,,
1789038443.9059,load,0,-1,28340,,,,,,,104.0,0.0,105.0,0.114,,,,,
1789038446.2915,load,0,-1,28340,,,,,,,105.0,0.0,106.0,0.116,,,,,
1789038446.4098,load,0,-1,28340,,,,,,,106.0,0.0,107.0,0.111,,,,,
1789038448.2828,load,0,-1,28340,,,,,,,107.0,0.0,108.0,0.127,,,,,
1789038448.7262,load,0,-1,28340,,,,,,,108.0,0.0,109.0,0.11,,,,,
1789038450.6113,load,0,-1,28340,,,,,,,109.0,0.0,110.0,0.14,,,,,
1789038450.7906,load,0,-1,28340,,,,,,,110.0,0.0,111.0,0.109,,,,,
1789038454.1554,load,0,-1,28340,,,,,,,111.0,0.0,112.0,0.183,,,,,
1789038454.297,load,0,-1,28340,,,,,,,112.0,0.0,113.0,0.108,,,,,
1789038455.9803,load,0,-1,28340,,,,,,,113.0,0.0,114.0,0.135,,,,,
1789038456.4206,load,0,-1,28340,,,,,,,114.0,0.0,115.0,0.101,,,,,
1789038458.6267,load,0,-1,28340,,,,,,,115.0,0.0,116.0,0.148,,,,,
1789038458.7848,load,0,-1,28340,,,,,,,116.0,0.0,117.0,0.116,,,,,
1789038460.9791,load,0,-1,28340,,,,,,,117.0,0.0,118.0,0.138,,,,,
1789038461.1217,load,0,-1,28340,,,,,,,118.0,0.0,119.0,0.135,,,,,
1789038463.4372,load,0,-1,28340,,,,,,,119.0,0.0,120.0,0.168,,,,,
1789038463.8905,load,0,-1,28340,,,,,,,120.0,0.0,121.0,0.152,,,,,
1789038465.9618,load,0,-1,28340,,,,,,,121.0,0.0,122.0,0.158,,,,,
1789038466.073,load,0,-1,28340,,,,,,,122.0,0.0,123.0,0.127,,,,,
1789038468.7253,load,0,-1,28340,,,,,,,123.0,0.0,124.0,0.126,,,,,
1789038468.8347,load,0,-1,28340,,,,,,,124.0,0.0,125.0,0.12,,,,,
1789038470.8888,load,0,-1,28340,,,,,,,125.0,0.0,126.0,0.137,,,,,
1789038471.3875,load,0,-1,28340,,,,,,,126.0,0.0,127.0,0.13,,,,,
1789038473.485,load,0,-1,28340,,,,,,,127.0,0.0,128.0,0.158,,,,,
1789038473.6642,load,0,-1,28340,,,,,,,128.0,0.0,129.0,0.139,,,,,
1789038476.0178,load,0,-1,28340,,,,,,,129.0,0.0,130.0,0.195,,,,,
1789038476.1504,load,0,-1,28340,,,,,,,130.0,0.0,131.0,0.123,,,,,
1789038478.2461,load,0,-1,28340,,,,,,,131.0,0.0,132.0,0.139,,,,,
1789038478.7358,load,0,-1,28340,,,,,,,132.0,0.0,133.0,0.127,,,,,
1789038480.7431,load,0,-1,28340,,,,,,,133.0,0.0,134.0,0.157,,,,,
1789038480.9178,load,0,-1,28340,,,,,,,134.0,0.0,135.0,0.108,,,,,
1789038483.3664,load,0,-1,28340,,,,,,,135.0,0.0,136.0,0.137,,,,,
1789038483.5025,load,0,-1,28340,,,,,,,136.0,0.0,137.0,0.133,,,,,
1789038485.8764,load,0,-1,28340,,,,,,,137.0,0.0,138.0,0.165,,,,,
1789038486.3525,load,0,-1,28340,,,,,,,138.0,0.0,139.0,0.124,,,,,
1789038488.2932,load,0,-1,28340,,,,,,,139.0,0.0,140.0,0.15,,,,,
1789038488.4734,load,0,-1,28340,,,,,,,140.0,0.0,141.0,0.108,,,,,
1789038490.6304,load,0,-1,28340,,,,,,,141.0,0.0,142.0,0.151,,,,,
1789038490.7398,load,0,-1,28340,,,,,,,142.0,0.0,143.0,0.12,,,,,
1789038492.8821,load,0,-1,28340,,,,,,,143.0,0.0,144.0,0.144,,,,,
1789038493.3084,load,0,-1,28340,,,,,,,144.0,0.0,145.0,0.112,,,,,
1789038495.2313,load,0,-1,28340,,,,,,,145.0,0.0,146.0,0.144,,,,,
1789038495.413,load,0,-1,28340,,,,,,,146.0,0.0,147.0,0.133,,,,,
1789038497.7652,load,0,-1,28340,,,,,,,147.0,0.0,148.0,0.179,,,,,
1789038497.8758,load,0,-1,28340,,,,,,,148.0,0.0,149.0,0.111,,,,,
1789038500.3265,load,0,-1,28340,,,,,,,149.0,0.0,150.0,0.146,,,,,
1789038500.7798,load,0,-1,28340,,,,,,,150.0,0.0,151.0,0.109,,,,,
1789038503.1701,load,0,-1,28340,,,,,,,151.0,0.0,152.0,0.15,,,,,
1789038503.345,load,0,-1,28340,,,,,,,152.0,0.0,153.0,0.113,,,,,
1789038506.2483,load,0,-1,28340,,,,,,,153.0,0.0,154.0,0.141,,,,,
1789038506.3818,load,0,-1,28340,,,,,,,154.0,0.0,155.0,0.133,,,,,
1789038508.6684,load,0,-1,28340,,,,,,,155.0,0.0,156.0,0.201,,,,,
1789038509.1194,load,0,-1,28340,,,,,,,156.0,0.0,157.0,0.104,,,,,
1789038510.8821,load,0,-1,28340,,,,,,,157.0,0.0,158.0,0.153,,,,,
1789038511.0627,load,0,-1,28340,,,,,,,158.0,0.0,159.0,0.118,,,,,
1789038513.1621,load,0,-1,28340,,,,,,,159.0,0.0,160.0,0.124,,,,,
1789038513.2731,load,0,-1,28340,,,,,,,160.0,0.0,161.0,0.112,,,,,
1789038515.3834,load,0,-1,28340,,,,,,,161.0,0.0,162.0,0.179,,,,,
1789038515.7656,load,0,-1,28340,,,,,,,162.0,0.0,163.0,0.123,,,,,
1789038517.9327,load,0,-1,28340,,,,,,,163.0,0.0,164.0,0.139,,,,,
1789038518.1146,load,0,-1,28340,,,,,,,164.0,0.0,165.0,0.112,,,,,
1789038520.678,load,0,-1,28340,,,,,,,165.0,0.0,166.0,0.143,,,,,
1789038520.7892,load,0,-1,28340,,,,,,,166.0,0.0,167.0,0.14,,,,,
1789038522.4809,load,0,-1,28340,,,,,,,167.0,0.0,168.0,0.15,,,,,
1789038522.952,load,0,-1,28340,,,,,,,168.0,0.0,169.0,0.129,,,,,
1789038524.6596,load,0,-1,28340,,,,,,,169.0,0.0,170.0,0.138,,,,,
1789038524.8528,load,0,-1,28340,,,,,,,170.0,0.0,171.0,0.122,,,,,
1789038527.5331,load,0,-1,28340,,,,,,,171.0,0.0,172.0,0.121,,,,,
1789038527.6435,load,0,-1,28340,,,,,,,172.0,0.0,173.0,0.118,,,,,
1789038529.1331,load,0,-1,28340,,,,,,,173.0,0.0,174.0,0.147,,,,,
1789038529.6212,load,0,-1,28340,,,,,,,174.0,0.0,175.0,0.132,,,,,
1789038531.3252,load,0,-1,28340,,,,,,,175.0,0.0,176.0,0.16,,,,,
1789038531.5068,load,0,-1,28340,,,,,,,176.0,0.0,177.0,0.112,,,,,
1789038533.3401,load,0,-1,28340,,,,,,,177.0,0.0,178.0,0.137,,,,,
1789038533.4512,load,0,-1,28340,,,,,,,178.0,0.0,179.0,0.136,,,,,
1789038535.8143,load,0,-1,28340,,,,,,,179.0,0.0,180.0,0.138,,,,,
1789038536.2339,load,0,-1,28340,,,,,,,180.0,0.0,181.0,0.105,,,,,
1789038538.1847,load,0,-1,28340,,,,,,,181.0,0.0,182.0,0.152,,,,,
1789038538.292,load,0,-1,28340,,,,,,,182.0,0.0,183.0,0.107,,,,,
1789038541.236,load,0,-1,28340,,,,,,,183.0,0.0,184.0,0.147,,,,,
1789038541.3531,load,0,-1,28340,,,,,,,184.0,0.0,185.0,0.111,,,,,
1789038543.6445,load,0,-1,28340,,,,,,,185.0,0.0,186.0,0.167,,,,,
1789038544.0299,load,0,-1,28340,,,,,,,186.0,0.0,187.0,0.099,,,,,
1789038545.9054,load,0,-1,28340,,,,,,,187.0,0.0,188.0,0.185,,,,,
1789038546.0945,load,0,-1,28340,,,,,,,188.0,0.0,189.0,0.118,,,,,
1789038548.2297,load,0,-1,28340,,,,,,,189.0,0.0,190.0,0.118,,,,,
1789038548.347,load,0,-1,28340,,,,,,,190.0,0.0,191.0,0.113,,,,,
1789038550.3959,load,0,-1,28340,,,,,,,191.0,0.0,192.0,0.137,,,,,
1789038550.8077,load,0,-1,28340,,,,,,,192.0,0.0,193.0,0.096,,,,,
1789038552.6059,load,0,-1,28340,,,,,,,193.0,0.0,194.0,0.134,,,,,
1789038552.809,load,0,-1,28340,,,,,,,194.0,0.0,195.0,0.114,,,,,
1789038555.3511,load,0,-1,28340,,,,,,,195.0,0.0,196.0,0.149,,,,,
1789038555.5027,load,0,-1,28340,,,,,,,196.0,0.0,197.0,0.128,,,,,
1789038557.8525,load,0,-1,28340,,,,,,,197.0,0.0,198.0,0.167,,,,,
1789038558.2656,load,0,-1,28340,,,,,,,198.0,0.0,199.0,0.11,,,,,
1789038559.8676,load,0,-1,28340,,,,,,,199.0,0.0,200.0,0.139,,,,,
1789038560.0496,load,0,-1,28340,,,,,,,200.0,0.0,201.0,0.131,,,,,
1789038563.1218,load,0,-1,28340,,,,,,,201.0,0.0,202.0,0.146,,,,,
1789038563.2309,load,0,-1,28340,,,,,,,202.0,0.0,203.0,0.122,,,,,
1789038565.1755,load,0,-1,28340,,,,,,,203.0,0.0,204.0,0.145,,,,,
1789038565.587,load,0,-1,28340,,,,,,,204.0,0.0,205.0,0.128,,,,,
1789038567.5228,load,0,-1,28340,,,,,,,205.0,0.0,206.0,0.147,,,,,
1789038567.7042,load,0,-1,28340,,,,,,,206.0,0.0,207.0,0.115,,,,,
1789038570.065,load,0,-1,28340,,,,,,,207.0,0.0,208.0,0.156,,,,,
1789038570.1903,load,0,-1,28340,,,,,,,208.0,0.0,209.0,0.111,,,,,
1789038572.5508,load,0,-1,28340,,,,,,,209.0,0.0,210.0,0.159,,,,,
1789038572.9577,load,0,-1,28340,,,,,,,210.0,0.0,211.0,0.103,,,,,
1789038575.4634,load,0,-1,28340,,,,,,,211.0,0.0,212.0,0.13,,,,,
1789038575.6828,load,0,-1,28340,,,,,,,212.0,0.0,213.0,0.117,,,,,
1789038578.1145,load,0,-1,28340,,,,,,,213.0,0.0,214.0,0.12,,,,,
1789038578.2436,load,0,-1,28340,,,,,,,214.0,0.0,215.0,0.119,,,,,
1789038580.4568,load,0,-1,28340,,,,,,,215.0,0.0,216.0,0.137,,,,,
1789038580.8429,load,0,-1,28340,,,,,,,216.0,0.0,217.0,0.128,,,,,
1789038583.4119,load,0,-1,28340,,,,,,,217.0,0.0,218.0,0.133,,,,,
1789038583.6085,load,0,-1,28340,,,,,,,218.0,0.0,219.0,0.143,,,,,
1789038585.763,load,0,-1,28340,,,,,,,219.0,0.0,220.0,0.27,,,,,
1789038585.9493,load,0,-1,28340,,,,,,,220.0,0.0,221.0,0.131,,,,,
1789038587.951,load,0,-1,28340,,,,,,,221.0,0.0,222.0,0.146,,,,,
1789038588.3313,load,0,-1,28340,,,,,,,222.0,0.0,223.0,0.125,,,,,
1789038590.2048,load,0,-1,28340,,,,,,,223.0,0.0,224.0,0.147,,,,,
1789038590.3851,load,0,-1,28340,,,,,,,224.0,0.0,225.0,0.112,,,,,
1789038592.3592,load,0,-1,28340,,,,,,,225.0,0.0,226.0,0.126,,,,,
1789038592.4776,load,0,-1,28340,,,,,,,226.0,0.0,227.0,0.116,,,,,
1789038594.5266,load,0,-1,28340,,,,,,,227.0,0.0,228.0,0.163,,,,,
1789038594.9415,load,0,-1,28340,,,,,,,228.0,0.0,229.0,0.116,,,,,
1789038596.4953,load,0,-1,28340,,,,,,,229.0,0.0,230.0,0.138,,,,,
1789038596.7035,load,0,-1,28340,,,,,,,230.0,0.0,231.0,0.121,,,,,
1789038598.7657,load,0,-1,28340,,,,,,,231.0,0.0,232.0,0.123,,,,,
1789038598.8848,load,0,-1,28340,,,,,,,232.0,0.0,233.0,0.129,,,,,
1789038601.2522,load,0,-1,28340,,,,,,,233.0,0.0,234.0,0.161,,,,,
1789038601.6882,load,0,-1,28340,,,,,,,234.0,0.0,235.0,0.111,,,,,
1789038604.1464,load,0,-1,28340,,,,,,,235.0,0.0,236.0,0.141,,,,,
1789038604.3388,load,0,-1,28340,,,,,,,236.0,0.0,237.0,0.155,,,,,
1789038607.0385,load,0,-1,28340,,,,,,,237.0,0.0,238.0,0.123,,,,,
1789038607.1751,load,0,-1,28340,,,,,,,238.0,0.0,239.0,0.129,,,,,
1789038608.9611,load,0,-1,28340,,,,,,,239.0,0.0,240.0,0.175,,,,,
1789038609.476,load,0,-1,28340,,,,,,,240.0,0.0,241.0,0.134,,,,,
1789038611.5586,load,0,-1,28340,,,,,,,241.0,0.0,242.0,0.149,,,,,
1789038611.6668,load,0,-1,28340,,,,,,,242.0,0.0,243.0,0.163,,,,,
1789038613.8992,load,0,-1,28340,,,,,,,243.0,0.0,244.0,0.145,,,,,
1789038614.0106,load,0,-1,28340,,,,,,,244.0,0.0,245.0,0.134,,,,,
1789038616.0375,load,0,-1,28340,,,,,,,245.0,0.0,246.0,0.159,,,,,
1789038616.4727,load,0,-1,28340,,,,,,,246.0,0.0,247.0,0.113,,,,,
1789038618.423,load,0,-1,28340,,,,,,,247.0,0.0,248.0,0.149,,,,,
1789038618.6034,load,0,-1,28340,,,,,,,248.0,0.0,249.0,0.125,,,,,
1789038620.9857,load,0,-1,28340,,,,,,,249.0,0.0,250.0,0.117,,,,,
1789038621.1142,load,0,-1,28340,,,,,,,250.0,0.0,251.0,0.119,,,,,
1789038623.7673,load,0,-1,28340,,,,,,,251.0,0.0,252.0,0.135,,,,,
1789038624.1828,load,0,-1,28340,,,,,,,252.0,0.0,253.0,0.157,,,,,
1789038626.3713,load,0,-1,28340,,,,,,,253.0,0.0,254.0,0.145,,,,,
1789038626.5592,load,0,-1,28340,,,,,,,254.0,0.0,255.0,0.135,,,,,
1789038628.9405,load,0,-1,28340,,,,,,,255.0,0.0,256.0,0.143,,,,,
1789038629.0509,load,0,-1,28340,,,,,,,256.0,0.0,257.0,0.119,,,,,
1789038631.3419,load,0,-1,28340,,,,,,,257.0,0.0,258.0,0.169,,,,,
1789038631.7952,load,0,-1,28340,,,,,,,258.0,0.0,259.0,0.114,,,,,
1789038633.2975,load,0,-1,28340,,,,,,,259.0,0.0,260.0,0.156,,,,,
1789038633.5076,load,0,-1,28340,,,,,,,260.0,0.0,261.0,0.122,,,,,
1789038635.7022,load,0,-1,28340,,,,,,,261.0,0.0,262.0,0.168,,,,,
1789038635.8297,load,0,-1,28340,,,,,,,262.0,0.0,263.0,0.123,,,,,
1789038637.991,load,0,-1,28340,,,,,,,263.0,0.0,264.0,0.136,,,,,
1789038638.4043,load,0,-1,28340,,,,,,,264.0,0.0,265.0,0.109,,,,,
1789038640.0419,load,0,-1,28340,,,,,,,265.0,0.0,266.0,0.149,,,,,
1789038640.2592,load,0,-1,28340,,,,,,,266.0,0.0,267.0,0.134,,,,,
1789038642.3943,load,0,-1,28340,,,,,,,267.0,0.0,268.0,0.132,,,,,
1789038642.5192,load,0,-1,28340,,,,,,,268.0,0.0,269.0,0.132,,,,,
1789038645.3838,load,0,-1,28340,,,,,,,269.0,0.0,270.0,0.151,,,,,
1789038645.8453,load,0,-1,28340,,,,,,,270.0,0.0,271.0,0.098,,,,,
1789038647.3519,load,0,-1,28340,,,,,,,271.0,0.0,272.0,0.15,,,,,
1789038647.5325,load,0,-1,28340,,,,,,,272.0,0.0,273.0,0.112,,,,,
1789038649.9464,load,0,-1,28340,,,,,,,273.0,0.0,274.0,0.142,,,,,
1789038650.0591,load,0,-1,28340,,,,,,,274.0,0.0,275.0,0.191,,,,,
1789038651.4144,load,0,-1,28340,,,,,,,275.0,0.0,276.0,0.14,,,,,
1789038651.8253,load,0,-1,28340,,,,,,,276.0,0.0,277.0,0.111,,,,,
1789038654.581,load,0,-1,28340,,,,,,,277.0,0.0,278.0,0.13,,,,,
1789038654.7573,load,0,-1,28340,,,,,,,278.0,0.0,279.0,0.113,,,,,
1789038657.1519,load,0,-1,28340,,,,,,,279.0,0.0,280.0,0.131,,,,,
1789038657.2728,load,0,-1,28340,,,,,,,280.0,0.0,281.0,0.118,,,,,
1789038659.5988,load,0,-1,28340,,,,,,,281.0,0.0,282.0,0.153,,,,,
1789038659.9791,load,0,-1,28340,,,,,,,282.0,0.0,283.0,0.104,,,,,
1789038662.4264,load,0,-1,28340,,,,,,,283.0,0.0,284.0,0.172,,,,,
1789038662.6077,load,0,-1,28340,,,,,,,284.0,0.0,285.0,0.106,,,,,
1789038665.3757,load,0,-1,28340,,,,,,,285.0,0.0,286.0,0.147,,,,,
1789038665.4964,load,0,-1,28340,,,,,,,286.0,0.0,287.0,0.117,,,,,
1789038667.7105,load,0,-1,28340,,,,,,,287.0,0.0,288.0,0.15,,,,,
1789038668.1249,load,0,-1,28340,,,,,,,288.0,0.0,289.0,0.104,,,,,
1789038670.0673,load,0,-1,28340,,,,,,,289.0,0.0,290.0,0.168,,,,,
1789038670.2664,load,0,-1,28340,,,,,,,290.0,0.0,291.0,0.151,,,,,
1789038672.1892,load,0,-1,28340,,,,,,,291.0,0.0,292.0,0.129,,,,,
1789038672.3267,load,0,-1,28340,,,,,,,292.0,0.0,293.0,0.122,,,,,
1789038674.2118,load,0,-1,28340,,,,,,,293.0,0.0,294.0,0.147,,,,,
1789038674.6415,load,0,-1,28340,,,,,,,294.0,0.0,295.0,0.115,,,,,
1789038677.1211,load,0,-1,28340,,,,,,,295.0,0.0,296.0,0.154,,,,,
1789038677.3022,load,0,-1,28340,,,,,,,296.0,0.0,297.0,0.12,,,,,
1789038679.8676,load,0,-1,28340,,,,,,,297.0,0.0,298.0,0.197,,,,,
1789038680.0077,load,0,-1,28340,,,,,,,298.0,0.0,299.0,0.139,,,,,
1789038682.1281,load,0,-1,28340,,,,,,,299.0,0.0,300.0,0.148,,,,,
1789038682.5303,load,0,-1,28340,,,,,,,300.0,0.0,301.0,0.107,,,,,
1789038684.4156,load,0,-1,28340,,,,,,,301.0,0.0,302.0,0.155,,,,,
1789038684.5289,load,0,-1,28340,,,,,,,302.0,0.0,303.0,0.12,,,,,
1789038687.1323,load,0,-1,28340,,,,,,,303.0,0.0,304.0,0.134,,,,,
1789038687.2423,load,0,-1,28340,,,,,,,304.0,0.0,305.0,0.126,,,,,
1789038689.8791,load,0,-1,28340,,,,,,,305.0,0.0,306.0,0.162,,,,,
1789038690.3096,load,0,-1,28340,,,,,,,306.0,0.0,307.0,0.109,,,,,
1789038692.3032,load,0,-1,28340,,,,,,,307.0,0.0,308.0,0.178,,,,,
1789038692.4805,load,0,-1,28340,,,,,,,308.0,0.0,309.0,0.112,,,,,
1789038695.374,load,0,-1,28340,,,,,,,309.0,0.0,310.0,0.123,,,,,
1789038695.4916,load,0,-1,28340,,,,,,,310.0,0.0,311.0,0.121,,,,,
1789038697.4159,load,0,-1,28340,,,,,,,311.0,0.0,312.0,0.145,,,,,
1789038697.8415,load,0,-1,28340,,,,,,,312.0,0.0,313.0,0.249,,,,,
1789038699.7168,load,0,-1,28340,,,,,,,313.0,0.0,314.0,0.152,,,,,
1789038699.9221,load,0,-1,28340,,,,,,,314.0,0.0,315.0,0.156,,,,,
1789038702.1019,load,0,-1,28340,,,,,,,315.0,0.0,316.0,0.176,,,,,
1789038702.2645,load,0,-1,28340,,,,,,,316.0,0.0,317.0,0.172,,,,,
1789038704.521,load,0,-1,28340,,,,,,,317.0,0.0,318.0,0.147,,,,,
1789038704.9587,load,0,-1,28340,,,,,,,318.0,0.0,319.0,0.123,,,,,
1789038707.2297,load,0,-1,28340,,,,,,,319.0,0.0,320.0,0.141,,,,,
1789038707.4179,load,0,-1,28340,,,,,,,320.0,0.0,321.0,0.149,,,,,
1789038710.1716,load,0,-1,28340,,,,,,,321.0,0.0,322.0,0.155,,,,,
1789038710.2826,load,0,-1,28340,,,,,,,322.0,0.0,323.0,0.123,,,,,
1789038712.4937,load,0,-1,28340,,,,,,,323.0,0.0,324.0,0.141,,,,,
1789038712.9458,load,0,-1,28340,,,,,,,324.0,0.0,325.0,0.28,,,,,
1789038714.7371,load,0,-1,28340,,,,,,,325.0,0.0,326.0,0.157,,,,,
1789038714.9199,load,0,-1,28340,,,,,,,326.0,0.0,327.0,0.127,,,,,
1789038717.3729,load,0,-1,28340,,,,,,,327.0,0.0,328.0,0.143,,,,,
1789038717.4868,load,0,-1,28340,,,,,,,328.0,0.0,329.0,0.111,,,,,
1789038719.5376,load,0,-1,28340,,,,,,,329.0,0.0,330.0,0.184,,,,,
1789038719.9435,load,0,-1,28340,,,,,,,330.0,0.0,331.0,0.108,,,,,
1789038722.1575,load,0,-1,28340,,,,,,,331.0,0.0,332.0,0.15,,,,,
1789038722.3599,load,0,-1,28340,,,,,,,332.0,0.0,333.0,0.122,,,,,
1789038724.979,load,0,-1,28340,,,,,,,333.0,0.0,334.0,0.118,,,,,
1789038725.1037,load,0,-1,28340,,,,,,,334.0,0.0,335.0,0.118,,,,,
1789038727.0416,load,0,-1,28340,,,,,,,335.0,0.0,336.0,0.137,,,,,
1789038727.4693,load,0,-1,28340,,,,,,,336.0,0.0,337.0,0.116,,,,,
1789038729.571,load,0,-1,28340,,,,,,,337.0,0.0,338.0,0.152,,,,,
1789038729.7527,load,0,-1,28340,,,,,,,338.0,0.0,339.0,0.136,,,,,
1789038731.8569,load,0,-1,28340,,,,,,,339.0,0.0,340.0,0.151,,,,,
1789038732.009,load,0,-1,28340,,,,,,,340.0,0.0,341.0,0.132,,,,,
1789038734.0657,load,0,-1,28340,,,,,,,341.0,0.0,342.0,0.17,,,,,
1789038734.4099,load,0,-1,28340,,,,,,,342.0,0.0,343.0,0.105,,,,,
1789038736.0336,load,0,-1,28340,,,,,,,343.0,0.0,344.0,0.133,,,,,
1789038736.2169,load,0,-1,28340,,,,,,,344.0,0.0,345.0,0.119,,,,,
1789038738.2829,load,0,-1,28340,,,,,,,345.0,0.0,346.0,0.121,,,,,
1789038738.4238,load,0,-1,28340,,,,,,,346.0,0.0,347.0,0.115,,,,,
1789038740.6657,load,0,-1,28340,,,,,,,347.0,0.0,348.0,0.132,,,,,
1789038741.0765,load,0,-1,28340,,,,,,,348.0,0.0,349.0,0.107,,,,,
1789038743.0345,load,0,-1,28340,,,,,,,349.0,0.0,350.0,0.143,,,,,
1789038743.213,load,0,-1,28340,,,,,,,350.0,0.0,351.0,0.118,,,,,
1789038746.2755,load,0,-1,28340,,,,,,,351.0,0.0,352.0,0.153,,,,,
1789038746.3927,load,0,-1,28340,,,,,,,352.0,0.0,353.0,0.124,,,,,
1789038748.4532,load,0,-1,28340,,,,,,,353.0,0.0,354.0,0.172,,,,,
1789038748.8782,load,0,-1,28340,,,,,,,354.0,0.0,355.0,0.126,,,,,
1789038751.2686,load,0,-1,28340,,,,,,,355.0,0.0,356.0,0.124,,,,,
1789038751.4503,load,0,-1,28340,,,,,,,356.0,0.0,357.0,0.105,,,,,
1789038754.4435,load,0,-1,28340,,,,,,,357.0,0.0,358.0,0.108,,,,,
1789038754.5826,load,0,-1,28340,,,,,,,358.0,0.0,359.0,0.106,,,,,
1789038756.4296,load,0,-1,28340,,,,,,,359.0,0.0,360.0,0.128,,,,,
1789038756.8808,load,0,-1,28340,,,,,,,360.0,0.0,361.0,0.248,,,,,
1789038759.2431,load,0,-1,28340,,,,,,,361.0,0.0,362.0,0.15,,,,,
1789038759.3532,load,0,-1,28340,,,,,,,362.0,0.0,363.0,0.113,,,,,
1789038761.7442,load,0,-1,28340,,,,,,,363.0,0.0,364.0,0.166,,,,,
1789038761.9336,load,0,-1,28340,,,,,,,364.0,0.0,365.0,0.107,,,,,
1789038764.2038,load,0,-1,28340,,,,,,,365.0,0.0,366.0,0.165,,,,,
1789038764.6491,load,0,-1,28340,,,,,,,366.0,0.0,367.0,0.119,,,,,
1789038766.6116,load,0,-1,28340,,,,,,,367.0,0.0,368.0,0.137,,,,,
1789038766.8085,load,0,-1,28340,,,,,,,368.0,0.0,369.0,0.136,,,,,
1789038769.1434,load,0,-1,28340,,,,,,,369.0,0.0,370.0,0.122,,,,,
1789038769.2597,load,0,-1,28340,,,,,,,370.0,0.0,371.0,0.143,,,,,
1789038770.7292,load,0,-1,28340,,,,,,,371.0,0.0,372.0,0.148,,,,,
1789038771.1967,load,0,-1,28340,,,,,,,372.0,0.0,373.0,0.119,,,,,
1789038773.6379,load,0,-1,28340,,,,,,,373.0,0.0,374.0,0.158,,,,,
1789038773.8201,load,0,-1,28340,,,,,,,374.0,0.0,375.0,0.129,,,,,
1789038776.4251,load,0,-1,28340,,,,,,,375.0,0.0,376.0,0.121,,,,,
1789038776.5709,load,0,-1,28340,,,,,,,376.0,0.0,377.0,0.135,,,,,
1789038778.7244,load,0,-1,28340,,,,,,,377.0,0.0,378.0,0.146,,,,,
1789038779.1603,load,0,-1,28340,,,,,,,378.0,0.0,379.0,0.107,,,,,
1789038780.6464,load,0,-1,28340,,,,,,,379.0,0.0,380.0,0.152,,,,,
1789038780.8587,load,0,-1,28340,,,,,,,380.0,0.0,381.0,0.137,,,,,
1789038783.7867,load,0,-1,28340,,,,,,,381.0,0.0,382.0,0.171,,,,,
1789038783.8957,load,0,-1,28340,,,,,,,382.0,0.0,383.0,0.121,,,,,
1789038785.54,load,0,-1,28340,,,,,,,383.0,0.0,384.0,0.159,,,,,
1789038785.9734,load,0,-1,28340,,,,,,,384.0,0.0,385.0,0.15,,,,,
1789038787.3928,load,0,-1,28340,,,,,,,385.0,0.0,386.0,0.143,,,,,
1789038787.5724,load,0,-1,28340,,,,,,,386.0,0.0,387.0,0.133,,,,,
1789038789.8877,load,0,-1,28340,,,,,,,387.0,0.0,388.0,0.17,,,,,
1789038790.0313,load,0,-1,28340,,,,,,,388.0,0.0,389.0,0.114,,,,,
1789038791.9833,load,0,-1,28340,,,,,,,389.0,0.0,390.0,0.136,,,,,
1789038792.3913,load,0,-1,28340,,,,,,,390.0,0.0,391.0,0.11,,,,,
1789038794.2958,load,0,-1,28340,,,,,,,391.0,0.0,392.0,0.141,,,,,
1789038794.4784,load,0,-1,28340,,,,,,,392.0,0.0,393.0,0.128,,,,,
1789038797.5181,load,0,-1,28340,,,,,,,393.0,0.0,394.0,0.14,,,,,
1789038797.6383,load,0,-1,28340,,,,,,,394.0,0.0,395.0,0.149,,,,,
1789038799.3076,load,0,-1,28340,,,,,,,395.0,0.0,396.0,0.142,,,,,
1789038799.7142,load,0,-1,28340,,,,,,,396.0,0.0,397.0,0.101,,,,,
1789038801.9337,load,0,-1,28340,,,,,,,397.0,0.0,398.0,0.145,,,,,
1789038802.1098,load,0,-1,28340,,,,,,,398.0,0.0,399.0,0.114,,,,,
1789038804.4519,load,0,-1,28340,,,,,,,399.0,0.0,400.0,0.118,,,,,
1789038804.5856,load,0,-1,28340,,,,,,,400.0,0.0,401.0,0.127,,,,,
1789038806.3629,load,0,-1,28340,,,,,,,401.0,0.0,402.0,0.157,,,,,
1789038806.6964,load,0,-1,28340,,,,,,,402.0,0.0,403.0,0.108,,,,,
1789038808.109,load,0,-1,28340,,,,,,,403.0,0.0,404.0,0.156,,,,,
1789038808.2905,load,0,-1,28340,,,,,,,404.0,0.0,405.0,0.135,,,,,
1789038810.9101,load,0,-1,28340,,,,,,,405.0,0.0,406.0,0.157,,,,,
1789038811.0407,load,0,-1,28340,,,,,,,406.0,0.0,407.0,0.112,,,,,
1789038813.1053,load,0,-1,28340,,,,,,,407.0,0.0,408.0,0.137,,,,,
1789038813.5147,load,0,-1,28340,,,,,,,408.0,0.0,409.0,0.108,,,,,
1789038815.7723,load,0,-1,28340,,,,,,,409.0,0.0,410.0,0.14,,,,,
1789038815.959,load,0,-1,28340,,,,,,,410.0,0.0,411.0,0.13,,,,,
1789038818.8217,load,0,-1,28340,,,,,,,411.0,0.0,412.0,0.15,,,,,
1789038818.9313,load,0,-1,28340,,,,,,,412.0,0.0,413.0,0.12,,,,,
1789038821.6858,load,0,-1,28340,,,,,,,413.0,0.0,414.0,0.146,,,,,
1789038822.0991,load,0,-1,28340,,,,,,,414.0,0.0,415.0,0.112,,,,,
1789038823.9831,load,0,-1,28340,,,,,,,415.0,0.0,416.0,0.14,,,,,
1789038824.163,load,0,-1,28340,,,,,,,416.0,0.0,417.0,0.125,,,,,
1789038826.783,load,0,-1,28340,,,,,,,417.0,0.0,418.0,0.125,,,,,
1789038826.896,load,0,-1,28340,,,,,,,418.0,0.0,419.0,0.111,,,,,
1789038829.1672,load,0,-1,28340,,,,,,,419.0,0.0,420.0,0.139,,,,,
1789038829.6177,load,0,-1,28340,,,,,,,420.0,0.0,421.0,0.088,,,,,
1789038831.4443,load,0,-1,28340,,,,,,,421.0,0.0,422.0,0.139,,,,,
1789038831.5547,load,0,-1,28340,,,,,,,422.0,0.0,423.0,0.133,,,,,
1789038833.4908,load,0,-1,28340,,,,,,,423.0,0.0,424.0,0.11,,,,,
1789038833.598,load,0,-1,28340,,,,,,,424.0,0.0,425.0,0.111,,,,,
1789038835.9909,load,0,-1,28340,,,,,,,425.0,0.0,426.0,0.136,,,,,
1789038836.4097,load,0,-1,28340,,,,,,,426.0,0.0,427.0,0.096,,,,,
1789038838.6217,load,0,-1,28340,,,,,,,427.0,0.0,428.0,0.135,,,,,
1789038838.8229,load,0,-1,28340,,,,,,,428.0,0.0,429.0,0.141,,,,,
1789038841.1964,load,0,-1,28340,,,,,,,429.0,0.0,430.0,0.12,,,,,
1789038841.3058,load,0,-1,28340,,,,,,,430.0,0.0,431.0,0.151,,,,,
1789038843.7631,load,0,-1,28340,,,,,,,431.0,0.0,432.0,0.173,,,,,
1789038844.2016,load,0,-1,28340,,,,,,,432.0,0.0,433.0,0.108,,,,,
1789038846.581,load,0,-1,28340,,,,,,,433.0,0.0,434.0,0.122,,,,,
1789038846.759,load,0,-1,28340,,,,,,,434.0,0.0,435.0,0.132,,,,,
1789038849.455,load,0,-1,28340,,,,,,,435.0,0.0,436.0,0.11,,,,,
1789038849.6248,load,0,-1,28340,,,,,,,436.0,0.0,437.0,0.11,,,,,
1789038851.4187,load,0,-1,28340,,,,,,,437.0,0.0,438.0,0.106,,,,,
1789038851.8553,load,0,-1,28340,,,,,,,438.0,0.0,439.0,0.102,,,,,
1789038854.0224,load,0,-1,28340,,,,,,,439.0,0.0,440.0,0.135,,,,,
1789038854.1991,load,0,-1,28340,,,,,,,440.0,0.0,441.0,0.107,,,,,
1789038857.1711,load,0,-1,28340,,,,,,,441.0,0.0,442.0,0.147,,,,,
1789038857.2802,load,0,-1,28340,,,,,,,442.0,0.0,443.0,0.1,,,,,
1789038859.1602,load,0,-1,28340,,,,,,,443.0,0.0,444.0,0.218,,,,,
1789038859.5575,load,0,-1,28340,,,,,,,444.0,0.0,445.0,0.095,,,,,
1789038861.7378,load,0,-1,28340,,,,,,,445.0,0.0,446.0,0.136,,,,,
1789038861.9336,load,0,-1,28340,,,,,,,446.0,0.0,447.0,0.147,,,,,
1789038864.1193,load,0,-1,28340,,,,,,,447.0,0.0,448.0,0.124,,,,,
1789038864.2302,load,0,-1,28340,,,,,,,448.0,0.0,449.0,0.154,,,,,
1789038865.6658,load,0,-1,28340,,,,,,,449.0,0.0,450.0,0.161,,,,,
1789038866.1698,load,0,-1,28340,,,,,,,450.0,0.0,451.0,0.11,,,,,
1789038868.3332,load,0,-1,28340,,,,,,,451.0,0.0,452.0,0.141,,,,,
1789038868.5117,load,0,-1,28340,,,,,,,452.0,0.0,453.0,0.113,,,,,
1789038870.5232,load,0,-1,28340,,,,,,,453.0,0.0,454.0,0.134,,,,,
1789038870.6337,load,0,-1,28340,,,,,,,454.0,0.0,455.0,0.121,,,,,
1789038872.0233,load,0,-1,28340,,,,,,,455.0,0.0,456.0,0.136,,,,,
1789038872.4928,load,0,-1,28340,,,,,,,456.0,0.0,457.0,0.104,,,,,
1789038874.3774,load,0,-1,28340,,,,,,,457.0,0.0,458.0,0.129,,,,,
1789038874.5583,load,0,-1,28340,,,,,,,458.0,0.0,459.0,0.114,,,,,
1789038877.1808,load,0,-1,28340,,,,,,,459.0,0.0,460.0,0.12,,,,,
1789038877.3223,load,0,-1,28340,,,,,,,460.0,0.0,461.0,0.115,,,,,
1789038879.5579,load,0,-1,28340,,,,,,,461.0,0.0,462.0,0.14,,,,,
1789038879.8988,load,0,-1,28340,,,,,,,462.0,0.0,463.0,0.106,,,,,
1789038882.3911,load,0,-1,28340,,,,,,,463.0,0.0,464.0,0.14,,,,,
1789038882.5904,load,0,-1,28340,,,,,,,464.0,0.0,465.0,0.117,,,,,
1789038884.8202,load,0,-1,28340,,,,,,,465.0,0.0,466.0,0.155,,,,,
1789038884.935,load,0,-1,28340,,,,,,,466.0,0.0,467.0,0.144,,,,,
1789038886.9194,load,0,-1,28340,,,,,,,467.0,0.0,468.0,0.148,,,,,
1789038887.3755,load,0,-1,28340,,,,,,,468.0,0.0,469.0,0.116,,,,,
1789038888.5994,load,0,-1,28340,,,,,,,469.0,0.0,470.0,0.14,,,,,
1789038888.7805,load,0,-1,28340,,,,,,,470.0,0.0,471.0,0.106,,,,,
1789038891.3395,load,0,-1,28340,,,,,,,471.0,0.0,472.0,0.145,,,,,
1789038891.4537,load,0,-1,28340,,,,,,,472.0,0.0,473.0,0.114,,,,,
1789038893.3652,load,0,-1,28340,,,,,,,473.0,0.0,474.0,0.141,,,,,
1789038893.7782,load,0,-1,28340,,,,,,,474.0,0.0,475.0,0.149,,,,,
1789038896.1794,load,0,-1,28340,,,,,,,475.0,0.0,476.0,0.143,,,,,
1789038896.3579,load,0,-1,28340,,,,,,,476.0,0.0,477.0,0.111,,,,,
1789038898.6898,load,0,-1,28340,,,,,,,477.0,0.0,478.0,0.121,,,,,
1789038898.8057,load,0,-1,28340,,,,,,,478.0,0.0,479.0,0.132,,,,,
1789038901.0461,load,0,-1,28340,,,,,,,479.0,0.0,480.0,0.148,,,,,
1789038901.5033,load,0,-1,28340,,,,,,,480.0,0.0,481.0,0.101,,,,,
1789038903.3823,load,0,-1,28340,,,,,,,481.0,0.0,482.0,0.143,,,,,
1789038903.4942,load,0,-1,28340,,,,,,,482.0,0.0,483.0,0.116,,,,,
1789038905.5632,load,0,-1,28340,,,,,,,483.0,0.0,484.0,0.126,,,,,
1789038905.6827,load,0,-1,28340,,,,,,,484.0,0.0,485.0,0.114,,,,,
1789038907.8525,load,0,-1,28340,,,,,,,485.0,0.0,486.0,0.142,,,,,
1789038908.3366,load,0,-1,28340,,,,,,,486.0,0.0,487.0,0.108,,,,,
1789038910.2149,load,0,-1,28340,,,,,,,487.0,0.0,488.0,0.139,,,,,
1789038910.3991,load,0,-1,28340,,,,,,,488.0,0.0,489.0,0.144,,,,,
1789038913.4241,load,0,-1,28340,,,,,,,489.0,0.0,490.0,0.122,,,,,
1789038913.5426,load,0,-1,28340,,,,,,,490.0,0.0,491.0,0.118,,,,,
1789038915.9523,load,0,-1,28340,,,,,,,491.0,0.0,492.0,0.17,,,,,
1789038916.3732,load,0,-1,28340,,,,,,,492.0,0.0,493.0,0.113,,,,,
1789038917.9126,load,0,-1,28340,,,,,,,493.0,0.0,494.0,0.133,,,,,
1789038918.0928,load,0,-1,28340,,,,,,,494.0,0.0,495.0,0.121,,,,,
1789038920.4934,load,0,-1,28340,,,,,,,495.0,0.0,496.0,0.113,,,,,
1789038920.6234,load,0,-1,28340,,,,,,,496.0,0.0,497.0,0.117,,,,,
1789038922.9767,load,0,-1,28340,,,,,,,497.0,0.0,498.0,0.13,,,,,
1789038923.395,load,0,-1,28340,,,,,,,498.0,0.0,499.0,0.1,,,,,
1789038925.5551,load,0,-1,28340,,,,,,,499.0,0.0,500.0,0.137,,,,,
1789038925.7356,load,0,-1,28340,,,,,,,500.0,0.0,501.0,0.114,,,,,
1789038928.7217,load,0,-1,28340,,,,,,,501.0,0.0,502.0,0.145,,,,,
1789038928.8308,load,0,-1,28340,,,,,,,502.0,0.0,503.0,0.119,,,,,
1789038930.787,load,0,-1,28340,,,,,,,503.0,0.0,504.0,0.139,,,,,
1789038931.2037,load,0,-1,28340,,,,,,,504.0,0.0,505.0,0.138,,,,,
1789038933.7869,load,0,-1,28340,,,,,,,505.0,0.0,506.0,0.165,,,,,
1789038933.9686,load,0,-1,28340,,,,,,,506.0,0.0,507.0,0.126,,,,,
1789038936.3396,load,0,-1,28340,,,,,,,507.0,0.0,508.0,0.173,,,,,
1789038936.4489,load,0,-1,28340,,,,,,,508.0,0.0,509.0,0.127,,,,,
1789038937.9438,load,0,-1,28340,,,,,,,509.0,0.0,510.0,0.152,,,,,
1789038938.3695,load,0,-1,28340,,,,,,,510.0,0.0,511.0,0.101,,,,,
1789038940.2238,load,0,-1,28340,,,,,,,511.0,0.0,512.0,0.136,,,,,
1789038940.4394,load,0,-1,28340,,,,,,,512.0,0.0,513.0,0.119,,,,,
1789038943.2503,load,0,-1,28340,,,,,,,513.0,0.0,514.0,0.197,,,,,
1789038943.3645,load,0,-1,28340,,,,,,,514.0,0.0,515.0,0.195,,,,,
1789038945.1061,load,0,-1,28340,,,,,,,515.0,0.0,516.0,0.257,,,,,
1789038945.5537,load,0,-1,28340,,,,,,,516.0,0.0,517.0,0.138,,,,,
1789038947.4483,load,0,-1,28340,,,,,,,517.0,0.0,518.0,0.17,,,,,
1789038947.6271,load,0,-1,28340,,,,,,,518.0,0.0,519.0,0.156,,,,,
1789038950.6359,load,0,-1,28340,,,,,,,519.0,0.0,520.0,0.366,,,,,
1789038950.7587,load,0,-1,28340,,,,,,,520.0,0.0,521.0,0.174,,,,,
1789038953.264,load,0,-1,28340,,,,,,,521.0,0.0,522.0,0.237,,,,,
1789038953.6127,load,0,-1,28340,,,,,,,522.0,0.0,523.0,0.117,,,,,
1789038955.5362,load,0,-1,28340,,,,,,,523.0,0.0,524.0,0.15,,,,,
1789038955.7185,load,0,-1,28340,,,,,,,524.0,0.0,525.0,0.125,,,,,
1789038957.8717,load,0,-1,28340,,,,,,,525.0,0.0,526.0,0.114,,,,,
1789038958.0546,load,0,-1,28340,,,,,,,526.0,0.0,527.0,0.118,,,,,
1789038959.7604,load,0,-1,28340,,,,,,,527.0,0.0,528.0,0.148,,,,,
1789038960.1947,load,0,-1,28340,,,,,,,528.0,0.0,529.0,0.095,,,,,
1789038962.87,load,0,-1,28340,,,,,,,529.0,0.0,530.0,0.151,,,,,
1789038963.049,load,0,-1,28340,,,,,,,530.0,0.0,531.0,0.13,,,,,
1789038965.0984,load,0,-1,28340,,,,,,,531.0,0.0,532.0,0.144,,,,,
1789038965.2128,load,0,-1,28340,,,,,,,532.0,0.0,533.0,0.106,,,,,
1789038966.7062,load,0,-1,28340,,,,,,,533.0,0.0,534.0,0.146,,,,,
1789038967.1758,load,0,-1,28340,,,,,,,534.0,0.0,535.0,0.134,,,,,
1789038969.4797,load,0,-1,28340,,,,,,,535.0,0.0,536.0,0.145,,,,,
1789038969.6597,load,0,-1,28340,,,,,,,536.0,0.0,537.0,0.107,,,,,
1789038972.5547,load,0,-1,28340,,,,,,,537.0,0.0,538.0,0.13,,,,,
1789038972.6834,load,0,-1,28340,,,,,,,538.0,0.0,539.0,0.108,,,,,
1789038975.082,load,0,-1,28340,,,,,,,539.0,0.0,540.0,0.127,,,,,
1789038975.5302,load,0,-1,28340,,,,,,,540.0,0.0,541.0,0.108,,,,,
1789038977.7479,load,0,-1,28340,,,,,,,541.0,0.0,542.0,0.162,,,,,
1789038977.8911,load,0,-1,28340,,,,,,,542.0,0.0,543.0,0.13,,,,,
1789038980.5103,load,0,-1,28340,,,,,,,543.0,0.0,544.0,0.178,,,,,
1789038980.6205,load,0,-1,28340,,,,,,,544.0,0.0,545.0,0.112,,,,,
1789038982.9691,load,0,-1,28340,,,,,,,545.0,0.0,546.0,0.137,,,,,
1789038983.3791,load,0,-1,28340,,,,,,,546.0,0.0,547.0,0.121,,,,,
1789038985.281,load,0,-1,28340,,,,,,,547.0,0.0,548.0,0.143,,,,,
1789038985.4623,load,0,-1,28340,,,,,,,548.0,0.0,549.0,0.166,,,,,
1789038988.096,load,0,-1,28340,,,,,,,549.0,0.0,550.0,0.325,,,,,
1789038988.2059,load,0,-1,28340,,,,,,,550.0,0.0,551.0,0.131,,,,,
1789038990.266,load,0,-1,28340,,,,,,,551.0,0.0,552.0,0.164,,,,,
1789038990.6895,load,0,-1,28340,,,,,,,552.0,0.0,553.0,0.117,,,,,
1789038992.1418,load,0,-1,28340,,,,,,,553.0,0.0,554.0,0.153,,,,,
1789038992.3241,load,0,-1,28340,,,,,,,554.0,0.0,555.0,0.151,,,,,
1789038995.2019,load,0,-1,28340,,,,,,,555.0,0.0,556.0,0.142,,,,,
1789038995.3126,load,0,-1,28340,,,,,,,556.0,0.0,557.0,0.155,,,,,
1789038997.2285,load,0,-1,28340,,,,,,,557.0,0.0,558.0,0.157,,,,,
1789038997.6454,load,0,-1,28340,,,,,,,558.0,0.0,559.0,0.151,,,,,
1789038999.6468,load,0,-1,28340,,,,,,,559.0,0.0,560.0,0.295,,,,,
1789038999.825,load,0,-1,28340,,,,,,,560.0,0.0,561.0,0.251,,,,,
1789039002.734,load,0,-1,28340,,,,,,,561.0,0.0,562.0,0.227,,,,,
1789039002.8476,load,0,-1,28340,,,,,,,562.0,0.0,563.0,0.271,,,,,
1789039004.4658,load,0,-1,28340,,,,,,,563.0,0.0,564.0,0.215,,,,,
1789039004.9255,load,0,-1,28340,,,,,,,564.0,0.0,565.0,0.168,,,,,
1789039007.0184,load,0,-1,28340,,,,,,,565.0,0.0,566.0,0.132,,,,,
1789039007.1921,load,0,-1,28340,,,,,,,566.0,0.0,567.0,0.127,,,,,
1789039009.7663,load,0,-1,28340,,,,,,,567.0,0.0,568.0,0.133,,,,,
1789039009.9158,load,0,-1,28340,,,,,,,568.0,0.0,569.0,0.13,,,,,
1789039012.4052,load,0,-1,28340,,,,,,,569.0,0.0,570.0,0.181,,,,,
1789039012.7963,load,0,-1,28340,,,,,,,570.0,0.0,571.0,0.142,,,,,
1789039014.9375,load,0,-1,28340,,,,,,,571.0,0.0,572.0,0.146,,,,,
1789039015.119,load,0,-1,28340,,,,,,,572.0,0.0,573.0,0.115,,,,,
1789039017.4328,load,0,-1,28340,,,,,,,573.0,0.0,574.0,0.119,,,,,
1789039017.5444,load,0,-1,28340,,,,,,,574.0,0.0,575.0,0.104,,,,,
1789039019.9056,load,0,-1,28340,,,,,,,575.0,0.0,576.0,0.176,,,,,
1789039020.3514,load,0,-1,28340,,,,,,,576.0,0.0,577.0,0.14,,,,,
1789039022.6219,load,0,-1,28340,,,,,,,577.0,0.0,578.0,0.151,,,,,
1789039022.8014,load,0,-1,28340,,,,,,,578.0,0.0,579.0,0.109,,,,,
1789039025.4041,load,0,-1,28340,,,,,,,579.0,0.0,580.0,0.128,,,,,
1789039025.5143,load,0,-1,28340,,,,,,,580.0,0.0,581.0,0.162,,,,,
1789039027.4531,load,0,-1,28340,,,,,,,581.0,0.0,582.0,0.314,,,,,
1789039027.8047,load,0,-1,28340,,,,,,,582.0,0.0,583.0,0.109,,,,,
1789039029.5822,load,0,-1,28340,,,,,,,583.0,0.0,584.0,0.154,,,,,
1789039029.8035,load,0,-1,28340,,,,,,,584.0,0.0,585.0,0.13,,,,,
1789039032.4731,load,0,-1,28340,,,,,,,585.0,0.0,586.0,0.143,,,,,
1789039032.6354,load,0,-1,28340,,,,,,,586.0,0.0,587.0,0.173,,,,,
1789039034.7267,load,0,-1,28340,,,,,,,587.0,0.0,588.0,0.144,,,,,
1789039035.1697,load,0,-1,28340,,,,,,,588.0,0.0,589.0,0.159,,,,,
1789039037.0909,load,0,-1,28340,,,,,,,589.0,0.0,590.0,0.13,,,,,
1789039037.2733,load,0,-1,28340,,,,,,,590.0,0.0,591.0,0.142,,,,,
1789039040.0649,load,0,-1,28340,,,,,,,591.0,0.0,592.0,0.119,,,,,
1789039040.2124,load,0,-1,28340,,,,,,,592.0,0.0,593.0,0.149,,,,,
1789039042.4258,load,0,-1,28340,,,,,,,593.0,0.0,594.0,0.158,,,,,
1789039042.872,load,0,-1,28340,,,,,,,594.0,0.0,595.0,0.112,,,,,
1789039044.3688,load,0,-1,28340,,,,,,,595.0,0.0,596.0,0.161,,,,,
1789039044.5477,load,0,-1,28340,,,,,,,596.0,0.0,597.0,0.116,,,,,
1789039047.1119,load,0,-1,28340,,,,,,,597.0,0.0,598.0,0.138,,,,,
1789039047.2196,load,0,-1,28340,,,,,,,598.0,0.0,599.0,0.125,,,,,
1789039049.0432,load,0,-1,28340,,,,,,,599.0,0.0,600.0,0.131,,,,,
1789039049.4807,load,0,-1,28340,,,,,,,600.0,0.0,601.0,0.099,,,,,
1789039051.7135,load,0,-1,28340,,,,,,,601.0,0.0,602.0,0.139,,,,,
1789039051.828,load,0,-1,28340,,,,,,,602.0,0.0,603.0,0.116,,,,,
1789039054.3759,load,0,-1,28340,,,,,,,603.0,0.0,604.0,0.187,,,,,
1789039054.5299,load,0,-1,28340,,,,,,,604.0,0.0,605.0,0.134,,,,,
1789039056.3898,load,0,-1,28340,,,,,,,605.0,0.0,606.0,0.153,,,,,
1789039056.8247,load,0,-1,28340,,,,,,,606.0,0.0,607.0,0.108,,,,,
1789039059.1099,load,0,-1,28340,,,,,,,607.0,0.0,608.0,0.159,,,,,
1789039059.274,load,0,-1,28340,,,,,,,608.0,0.0,609.0,0.276,,,,,
1789039061.5204,load,0,-1,28340,,,,,,,609.0,0.0,610.0,0.168,,,,,
1789039061.6675,load,0,-1,28340,,,,,,,610.0,0.0,611.0,0.118,,,,,
1789039064.0969,load,0,-1,28340,,,,,,,611.0,0.0,612.0,0.143,,,,,
1789039064.5123,load,0,-1,28340,,,,,,,612.0,0.0,613.0,0.12,,,,,
1789039066.3255,load,0,-1,28340,,,,,,,613.0,0.0,614.0,0.167,,,,,
1789039066.5099,load,0,-1,28340,,,,,,,614.0,0.0,615.0,0.119,,,,,
1789039068.9693,load,0,-1,28340,,,,,,,615.0,0.0,616.0,0.149,,,,,
1789039069.1298,load,0,-1,28340,,,,,,,616.0,0.0,617.0,0.119,,,,,
1789039071.067,load,0,-1,28340,,,,,,,617.0,0.0,618.0,0.138,,,,,
1789039071.5042,load,0,-1,28340,,,,,,,618.0,0.0,619.0,0.106,,,,,
1789039073.5637,load,0,-1,28340,,,,,,,619.0,0.0,620.0,0.134,,,,,
1789039073.7504,load,0,-1,28340,,,,,,,620.0,0.0,621.0,0.137,,,,,
1789039076.7966,load,0,-1,28340,,,,,,,621.0,0.0,622.0,0.163,,,,,
1789039076.9044,load,0,-1,28340,,,,,,,622.0,0.0,623.0,0.112,,,,,
1789039078.646,load,0,-1,28340,,,,,,,623.0,0.0,624.0,0.117,,,,,
1789039079.0887,load,0,-1,28340,,,,,,,624.0,0.0,625.0,0.105,,,,,
1789039080.7233,load,0,-1,28340,,,,,,,625.0,0.0,626.0,0.129,,,,,
1789039080.9044,load,0,-1,28340,,,,,,,626.0,0.0,627.0,0.105,,,,,
1789039083.0725,load,0,-1,28340,,,,,,,627.0,0.0,628.0,0.14,,,,,
1789039083.2303,load,0,-1,28340,,,,,,,628.0,0.0,629.0,0.16,,,,,
1789039085.2,load,0,-1,28340,,,,,,,629.0,0.0,630.0,0.189,,,,,
1789039085.6473,load,0,-1,28340,,,,,,,630.0,0.0,631.0,0.118,,,,,
1789039087.3542,load,0,-1,28340,,,,,,,631.0,0.0,632.0,0.138,,,,,
1789039087.5415,load,0,-1,28340,,,,,,,632.0,0.0,633.0,0.133,,,,,
1789039090.1933,load,0,-1,28340,,,,,,,633.0,0.0,634.0,0.135,,,,,
1789039090.3597,load,0,-1,28340,,,,,,,634.0,0.0,635.0,0.128,,,,,
1789039091.9129,load,0,-1,28340,,,,,,,635.0,0.0,636.0,0.165,,,,,
1789039092.3212,load,0,-1,28340,,,,,,,636.0,0.0,637.0,0.098,,,,,
1789039094.3279,load,0,-1,28340,,,,,,,637.0,0.0,638.0,0.178,,,,,
1789039094.5109,load,0,-1,28340,,,,,,,638.0,0.0,639.0,0.104,,,,,
1789039096.8857,load,0,-1,28340,,,,,,,639.0,0.0,640.0,0.144,,,,,
1789039097.0494,load,0,-1,28340,,,,,,,640.0,0.0,641.0,0.12,,,,,
1789039098.9375,load,0,-1,28340,,,,,,,641.0,0.0,642.0,0.123,,,,,
1789039099.2757,load,0,-1,28340,,,,,,,642.0,0.0,643.0,0.112,,,,,
1789039101.2084,load,0,-1,28340,,,,,,,643.0,0.0,644.0,0.143,,,,,
1789039101.3857,load,0,-1,28340,,,,,,,644.0,0.0,645.0,0.127,,,,,
1789039103.8689,load,0,-1,28340,,,,,,,645.0,0.0,646.0,0.283,,,,,
1789039104.0098,load,0,-1,28340,,,,,,,646.0,0.0,647.0,0.131,,,,,
1789039105.925,load,0,-1,28340,,,,,,,647.0,0.0,648.0,0.143,,,,,
1789039106.3249,load,0,-1,28340,,,,,,,648.0,0.0,649.0,0.13,,,,,
1789039108.2589,load,0,-1,28340,,,,,,,649.0,0.0,650.0,0.124,,,,,
1789039108.4526,load,0,-1,28340,,,,,,,650.0,0.0,651.0,0.12,,,,,
1789039111.1706,load,0,-1,28340,,,,,,,651.0,0.0,652.0,0.147,,,,,
1789039111.3043,load,0,-1,28340,,,,,,,652.0,0.0,653.0,0.121,,,,,
1789039113.3013,load,0,-1,28340,,,,,,,653.0,0.0,654.0,0.147,,,,,
1789039113.7296,load,0,-1,28340,,,,,,,654.0,0.0,655.0,0.112,,,,,
1789039115.4859,load,0,-1,28340,,,,,,,655.0,0.0,656.0,0.143,,,,,
1789039115.6735,load,0,-1,28340,,,,,,,656.0,0.0,657.0,0.131,,,,,
1789039117.7972,load,0,-1,28340,,,,,,,657.0,0.0,658.0,0.177,,,,,
1789039117.9073,load,0,-1,28340,,,,,,,658.0,0.0,659.0,0.131,,,,,
1789039119.9237,load,0,-1,28340,,,,,,,659.0,0.0,660.0,0.169,,,,,
1789039120.3311,load,0,-1,28340,,,,,,,660.0,0.0,661.0,0.11,,,,,
1789039122.3523,load,0,-1,28340,,,,,,,661.0,0.0,662.0,0.131,,,,,
1789039122.4605,load,0,-1,28340,,,,,,,662.0,0.0,663.0,0.119,,,,,
1789039124.7658,load,0,-1,28340,,,,,,,663.0,0.0,664.0,0.118,,,,,
1789039124.9176,load,0,-1,28340,,,,,,,664.0,0.0,665.0,0.127,,,,,
1789039127.2534,load,0,-1,28340,,,,,,,665.0,0.0,666.0,0.15,,,,,
1789039127.7374,load,0,-1,28340,,,,,,,666.0,0.0,667.0,0.25,,,,,
1789039129.6181,load,0,-1,28340,,,,,,,667.0,0.0,668.0,0.135,,,,,
1789039129.8629,load,0,-1,28340,,,,,,,668.0,0.0,669.0,0.133,,,,,
1789039132.246,load,0,-1,28340,,,,,,,669.0,0.0,670.0,0.167,,,,,
1789039132.3554,load,0,-1,28340,,,,,,,670.0,0.0,671.0,0.129,,,,,
1789039134.9528,load,0,-1,28340,,,,,,,671.0,0.0,672.0,0.146,,,,,
1789039135.3777,load,0,-1,28340,,,,,,,672.0,0.0,673.0,0.101,,,,,
1789039137.5594,load,0,-1,28340,,,,,,,673.0,0.0,674.0,0.133,,,,,
1789039137.7382,load,0,-1,28340,,,,,,,674.0,0.0,675.0,0.118,,,,,
1789039140.1268,load,0,-1,28340,,,,,,,675.0,0.0,676.0,0.122,,,,,
1789039140.2865,load,0,-1,28340,,,,,,,676.0,0.0,677.0,0.139,,,,,
1789039142.1153,load,0,-1,28340,,,,,,,677.0,0.0,678.0,0.147,,,,,
1789039142.6069,load,0,-1,28340,,,,,,,678.0,0.0,679.0,0.24,,,,,
1789039144.5163,load,0,-1,28340,,,,,,,679.0,0.0,680.0,0.175,,,,,
1789039144.7389,load,0,-1,28340,,,,,,,680.0,0.0,681.0,0.15,,,,,
1789039147.67,load,0,-1,28340,,,,,,,681.0,0.0,682.0,0.176,,,,,
1789039147.7795,load,0,-1,28340,,,,,,,682.0,0.0,683.0,0.122,,,,,
1789039149.6674,load,0,-1,28340,,,,,,,683.0,0.0,684.0,0.125,,,,,
1789039150.1098,load,0,-1,28340,,,,,,,684.0,0.0,685.0,0.096,,,,,
1789039152.2931,load,0,-1,28340,,,,,,,685.0,0.0,686.0,0.133,,,,,
1789039152.4731,load,0,-1,28340,,,,,,,686.0,0.0,687.0,0.121,,,,,
1789039154.8547,load,0,-1,28340,,,,,,,687.0,0.0,688.0,0.121,,,,,
1789039154.9947,load,0,-1,28340,,,,,,,688.0,0.0,689.0,0.123,,,,,
1789039156.8824,load,0,-1,28340,,,,,,,689.0,0.0,690.0,0.137,,,,,
1789039157.4021,load,0,-1,28340,,,,,,,690.0,0.0,691.0,0.121,,,,,
1789039159.4824,load,0,-1,28340,,,,,,,691.0,0.0,692.0,0.158,,,,,
1789039159.9225,load,0,-1,28340,,,,,,,692.0,0.0,693.0,0.141,,,,,
1789039162.2427,load,0,-1,28340,,,,,,,693.0,0.0,694.0,0.162,,,,,
1789039162.3663,load,0,-1,28340,,,,,,,694.0,0.0,695.0,0.11,,,,,
1789039164.0954,load,0,-1,28340,,,,,,,695.0,0.0,696.0,0.127,,,,,
1789039164.5674,load,0,-1,28340,,,,,,,696.0,0.0,697.0,0.115,,,,,
1789039166.6255,load,0,-1,28340,,,,,,,697.0,0.0,698.0,0.124,,,,,
1789039166.8084,load,0,-1,28340,,,,,,,698.0,0.0,699.0,0.101,,,,,
1789039169.2604,load,0,-1,28340,,,,,,,699.0,0.0,700.0,0.108,,,,,
1789039169.3924,load,0,-1,28340,,,,,,,700.0,0.0,701.0,0.11,,,,,
1789039171.4954,load,0,-1,28340,,,,,,,701.0,0.0,702.0,0.132,,,,,
1789039171.8744,load,0,-1,28340,,,,,,,702.0,0.0,703.0,0.104,,,,,
1789039174.218,load,0,-1,28340,,,,,,,703.0,0.0,704.0,0.143,,,,,
1789039174.4129,load,0,-1,28340,,,,,,,704.0,0.0,705.0,0.121,,,,,
1789039177.1004,load,0,-1,28340,,,,,,,705.0,0.0,706.0,0.15,,,,,
1789039177.21,load,0,-1,28340,,,,,,,706.0,0.0,707.0,0.113,,,,,
1789039178.843,load,0,-1,28340,,,,,,,707.0,0.0,708.0,0.133,,,,,
1789039179.3514,load,0,-1,28340,,,,,,,708.0,0.0,709.0,0.116,,,,,
1789039181.1464,load,0,-1,28340,,,,,,,709.0,0.0,710.0,0.14,,,,,
1789039181.3257,load,0,-1,28340,,,,,,,710.0,0.0,711.0,0.11,,,,,
1789039183.8501,load,0,-1,28340,,,,,,,711.0,0.0,712.0,0.11,,,,,
1789039184.0311,load,0,-1,28340,,,,,,,712.0,0.0,713.0,0.118,,,,,
1789039186.1216,load,0,-1,28340,,,,,,,713.0,0.0,714.0,0.128,,,,,
1789039186.6082,load,0,-1,28340,,,,,,,714.0,0.0,715.0,0.27,,,,,
1789039188.3087,load,0,-1,28340,,,,,,,715.0,0.0,716.0,0.143,,,,,
1789039188.4892,load,0,-1,28340,,,,,,,716.0,0.0,717.0,0.147,,,,,
1789039190.918,load,0,-1,28340,,,,,,,717.0,0.0,718.0,0.175,,,,,
1789039191.0298,load,0,-1,28340,,,,,,,718.0,0.0,719.0,0.133,,,,,
1789039193.4451,load,0,-1,28340,,,,,,,719.0,0.0,720.0,0.173,,,,,
1789039193.8745,load,0,-1,28340,,,,,,,720.0,0.0,721.0,0.119,,,,,
1789039196.3018,load,0,-1,28340,,,,,,,721.0,0.0,722.0,0.137,,,,,
1789039196.4119,load,0,-1,28340,,,,,,,722.0,0.0,723.0,0.116,,,,,
1789039198.7789,load,0,-1,28340,,,,,,,723.0,0.0,724.0,0.146,,,,,
1789039198.9111,load,0,-1,28340,,,,,,,724.0,0.0,725.0,0.128,,,,,
1789039200.8157,load,0,-1,28340,,,,,,,725.0,0.0,726.0,0.127,,,,,
1789039201.2337,load,0,-1,28340,,,,,,,726.0,0.0,727.0,0.115,,,,,
1789039203.4517,load,0,-1,28340,,,,,,,727.0,0.0,728.0,0.138,,,,,
1789039203.6623,load,0,-1,28340,,,,,,,728.0,0.0,729.0,0.106,,,,,
1789039205.8728,load,0,-1,28340,,,,,,,729.0,0.0,730.0,0.149,,,,,
1789039205.9816,load,0,-1,28340,,,,,,,730.0,0.0,731.0,0.122,,,,,
1789039207.9419,load,0,-1,28340,,,,,,,731.0,0.0,732.0,0.131,,,,,
1789039208.3882,load,0,-1,28340,,,,,,,732.0,0.0,733.0,0.114,,,,,
1789039210.6071,load,0,-1,28340,,,,,,,733.0,0.0,734.0,0.127,,,,,
1789039210.7875,load,0,-1,28340,,,,,,,734.0,0.0,735.0,0.121,,,,,
1789039213.3013,load,0,-1,28340,,,,,,,735.0,0.0,736.0,0.117,,,,,
1789039213.4855,load,0,-1,28340,,,,,,,736.0,0.0,737.0,0.129,,,,,
1789039215.6035,load,0,-1,28340,,,,,,,737.0,0.0,738.0,0.15,,,,,
1789039216.0151,load,0,-1,28340,,,,,,,738.0,0.0,739.0,0.141,,,,,
1789039217.9592,load,0,-1,28340,,,,,,,739.0,0.0,740.0,0.13,,,,,
1789039218.3919,load,0,-1,28340,,,,,,,740.0,0.0,741.0,0.128,,,,,
1789039220.8702,load,0,-1,28340,,,,,,,741.0,0.0,742.0,0.339,,,,,
1789039220.9992,load,0,-1,28340,,,,,,,742.0,0.0,743.0,0.108,,,,,
1789039222.5567,load,0,-1,28340,,,,,,,743.0,0.0,744.0,0.119,,,,,
1789039222.9637,load,0,-1,28340,,,,,,,744.0,0.0,745.0,0.091,,,,,
1789039225.1348,load,0,-1,28340,,,,,,,745.0,0.0,746.0,0.143,,,,,
1789039225.3089,load,0,-1,28340,,,,,,,746.0,0.0,747.0,0.117,,,,,
1789039227.4129,load,0,-1,28340,,,,,,,747.0,0.0,748.0,0.116,,,,,
1789039227.5277,load,0,-1,28340,,,,,,,748.0,0.0,749.0,0.121,,,,,
1789039229.9932,load,0,-1,28340,,,,,,,749.0,0.0,750.0,0.154,,,,,
1789039230.4164,load,0,-1,28340,,,,,,,750.0,0.0,751.0,0.12,,,,,
1789039231.9929,load,0,-1,28340,,,,,,,751.0,0.0,752.0,0.146,,,,,
1789039232.1758,load,0,-1,28340,,,,,,,752.0,0.0,753.0,0.107,,,,,
1789039234.6705,load,0,-1,28340,,,,,,,753.0,0.0,754.0,0.148,,,,,
1789039234.7789,load,0,-1,28340,,,,,,,754.0,0.0,755.0,0.116,,,,,
1789039237.4738,load,0,-1,28340,,,,,,,755.0,0.0,756.0,0.141,,,,,
1789039237.9332,load,0,-1,28340,,,,,,,756.0,0.0,757.0,0.102,,,,,
1789039239.8803,load,0,-1,28340,,,,,,,757.0,0.0,758.0,0.129,,,,,
1789039240.0627,load,0,-1,28340,,,,,,,758.0,0.0,759.0,0.139,,,,,
1789039242.3357,load,0,-1,28340,,,,,,,759.0,0.0,760.0,0.108,,,,,
1789039242.4489,load,0,-1,28340,,,,,,,760.0,0.0,761.0,0.134,,,,,
1789039245.1064,load,0,-1,28340,,,,,,,761.0,0.0,762.0,0.14,,,,,
1789039245.5137,load,0,-1,28340,,,,,,,762.0,0.0,763.0,0.108,,,,,
1789039247.3769,load,0,-1,28340,,,,,,,763.0,0.0,764.0,0.147,,,,,
1789039247.5612,load,0,-1,28340,,,,,,,764.0,0.0,765.0,0.114,,,,,
1789039249.089,load,0,-1,28340,,,,,,,765.0,0.0,766.0,0.122,,,,,
1789039249.2342,load,0,-1,28340,,,,,,,766.0,0.0,767.0,0.122,,,,,
1789039251.4114,load,0,-1,28340,,,,,,,767.0,0.0,768.0,0.172,,,,,
1789039251.9106,load,0,-1,28340,,,,,,,768.0,0.0,769.0,0.106,,,,,
1789039253.1669,load,0,-1,28340,,,,,,,769.0,0.0,770.0,0.191,,,,,
1789039253.3508,load,0,-1,28340,,,,,,,770.0,0.0,771.0,0.117,,,,,
1789039255.7137,load,0,-1,28340,,,,,,,771.0,0.0,772.0,0.13,,,,,
1789039255.8516,load,0,-1,28340,,,,,,,772.0,0.0,773.0,0.121,,,,,
1789039258.0413,load,0,-1,28340,,,,,,,773.0,0.0,774.0,0.145,,,,,
1789039258.4547,load,0,-1,28340,,,,,,,774.0,0.0,775.0,0.088,,,,,
1789039260.5208,load,0,-1,28340,,,,,,,775.0,0.0,776.0,0.137,,,,,
1789039260.7023,load,0,-1,28340,,,,,,,776.0,0.0,777.0,0.114,,,,,
1789039263.1011,load,0,-1,28340,,,,,,,777.0,0.0,778.0,0.12,,,,,
1789039263.2111,load,0,-1,28340,,,,,,,778.0,0.0,779.0,0.115,,,,,
1789039264.8952,load,0,-1,28340,,,,,,,779.0,0.0,780.0,0.132,,,,,
1789039265.3508,load,0,-1,28340,,,,,,,780.0,0.0,781.0,0.094,,,,,
1789039267.3322,load,0,-1,28340,,,,,,,781.0,0.0,782.0,0.127,,,,,
1789039267.4397,load,0,-1,28340,,,,,,,782.0,0.0,783.0,0.121,,,,,
1789039270.4171,load,0,-1,28340,,,,,,,783.0,0.0,784.0,0.125,,,,,
1789039270.5266,load,0,-1,28340,,,,,,,784.0,0.0,785.0,0.134,,,,,
1789039273.0059,load,0,-1,28340,,,,,,,785.0,0.0,786.0,0.216,,,,,
1789039273.4043,load,0,-1,28340,,,,,,,786.0,0.0,787.0,0.106,,,,,
1789039275.5927,load,0,-1,28340,,,,,,,787.0,0.0,788.0,0.158,,,,,
1789039275.774,load,0,-1,28340,,,,,,,788.0,0.0,789.0,0.115,,,,,
1789039278.6051,load,0,-1,28340,,,,,,,789.0,0.0,790.0,0.176,,,,,
1789039278.7355,load,0,-1,28340,,,,,,,790.0,0.0,791.0,0.124,,,,,
1789039280.6463,load,0,-1,28340,,,,,,,791.0,0.0,792.0,0.134,,,,,
1789039281.0736,load,0,-1,28340,,,,,,,792.0,0.0,793.0,0.098,,,,,
1789039283.2515,load,0,-1,28340,,,,,,,793.0,0.0,794.0,0.131,,,,,
1789039283.4335,load,0,-1,28340,,,,,,,794.0,0.0,795.0,0.114,,,,,
1789039285.2242,load,0,-1,28340,,,,,,,795.0,0.0,796.0,0.102,,,,,
1789039285.3398,load,0,-1,28340,,,,,,,796.0,0.0,797.0,0.11,,,,,
1789039287.2198,load,0,-1,28340,,,,,,,797.0,0.0,798.0,0.129,,,,,
1789039287.6499,load,0,-1,28340,,,,,,,798.0,0.0,799.0,0.101,,,,,
1789039289.6891,load,0,-1,28340,,,,,,,799.0,0.0,800.0,0.128,,,,,
1789039289.8712,load,0,-1,28340,,,,,,,800.0,0.0,801.0,0.111,,,,,
1789039292.2051,load,0,-1,28340,,,,,,,801.0,0.0,802.0,0.145,,,,,
1789039292.3129,load,0,-1,28340,,,,,,,802.0,0.0,803.0,0.122,,,,,
1789039294.4154,load,0,-1,28340,,,,,,,803.0,0.0,804.0,0.152,,,,,
1789039294.8665,load,0,-1,28340,,,,,,,804.0,0.0,805.0,0.119,,,,,
1789039297.1598,load,0,-1,28340,,,,,,,805.0,0.0,806.0,0.173,,,,,
1789039297.3399,load,0,-1,28340,,,,,,,806.0,0.0,807.0,0.115,,,,,
1789039300.0463,load,0,-1,28340,,,,,,,807.0,0.0,808.0,0.125,,,,,
1789039300.2091,load,0,-1,28340,,,,,,,808.0,0.0,809.0,0.147,,,,,
1789039302.7301,load,0,-1,28340,,,,,,,809.0,0.0,810.0,0.156,,,,,
1789039303.1501,load,0,-1,28340,,,,,,,810.0,0.0,811.0,0.107,,,,,
1789039305.1464,load,0,-1,28340,,,,,,,811.0,0.0,812.0,0.136,,,,,
1789039305.3547,load,0,-1,28340,,,,,,,812.0,0.0,813.0,0.109,,,,,
1789039307.5574,load,0,-1,28340,,,,,,,813.0,0.0,814.0,0.118,,,,,
1789039307.7015,load,0,-1,28340,,,,,,,814.0,0.0,815.0,0.118,,,,,
1789039309.5113,load,0,-1,28340,,,,,,,815.0,0.0,816.0,0.133,,,,,
1789039309.9227,load,0,-1,28340,,,,,,,816.0,0.0,817.0,0.1,,,,,
1789039311.6203,load,0,-1,28340,,,,,,,817.0,0.0,818.0,0.142,,,,,
1789039311.8031,load,0,-1,28340,,,,,,,818.0,0.0,819.0,0.115,,,,,
1789039314.2502,load,0,-1,28340,,,,,,,819.0,0.0,820.0,0.113,,,,,
1789039314.405,load,0,-1,28340,,,,,,,820.0,0.0,821.0,0.124,,,,,
1789039316.8447,load,0,-1,28340,,,,,,,821.0,0.0,822.0,0.143,,,,,
1789039317.2067,load,0,-1,28340,,,,,,,822.0,0.0,823.0,0.104,,,,,
1789039319.1019,load,0,-1,28340,,,,,,,823.0,0.0,824.0,0.134,,,,,
1789039319.2833,load,0,-1,28340,,,,,,,824.0,0.0,825.0,0.116,,,,,
1789039321.2583,load,0,-1,28340,,,,,,,825.0,0.0,826.0,0.129,,,,,
1789039321.368,load,0,-1,28340,,,,,,,826.0,0.0,827.0,0.122,,,,,
1789039323.5393,load,0,-1,28340,,,,,,,827.0,0.0,828.0,0.148,,,,,
1789039323.9516,load,0,-1,28340,,,,,,,828.0,0.0,829.0,0.145,,,,,
1789039325.8113,load,0,-1,28340,,,,,,,829.0,0.0,830.0,0.158,,,,,
1789039325.9903,load,0,-1,28340,,,,,,,830.0,0.0,831.0,0.134,,,,,
1789039328.7164,load,0,-1,28340,,,,,,,831.0,0.0,832.0,0.154,,,,,
1789039328.8255,load,0,-1,28340,,,,,,,832.0,0.0,833.0,0.122,,,,,
1789039330.8924,load,0,-1,28340,,,,,,,833.0,0.0,834.0,0.15,,,,,
1789039331.3307,load,0,-1,28340,,,,,,,834.0,0.0,835.0,0.106,,,,,
1789039333.6521,load,0,-1,28340,,,,,,,835.0,0.0,836.0,0.142,,,,,
1789039333.8328,load,0,-1,28340,,,,,,,836.0,0.0,837.0,0.113,,,,,
1789039336.1678,load,0,-1,28340,,,,,,,837.0,0.0,838.0,0.121,,,,,
1789039336.3273,load,0,-1,28340,,,,,,,838.0,0.0,839.0,0.121,,,,,
1789039338.1606,load,0,-1,28340,,,,,,,839.0,0.0,840.0,0.132,,,,,
1789039338.5664,load,0,-1,28340,,,,,,,840.0,0.0,841.0,0.108,,,,,
1789039340.3619,load,0,-1,28340,,,,,,,841.0,0.0,842.0,0.136,,,,,
1789039340.4697,load,0,-1,28340,,,,,,,842.0,0.0,843.0,0.113,,,,,
1789039342.7072,load,0,-1,28340,,,,,,,843.0,0.0,844.0,0.115,,,,,
1789039342.8466,load,0,-1,28340,,,,,,,844.0,0.0,845.0,0.127,,,,,
1789039345.2244,load,0,-1,28340,,,,,,,845.0,0.0,846.0,0.147,,,,,
1789039345.6377,load,0,-1,28340,,,,,,,846.0,0.0,847.0,0.11,,,,,
1789039346.9344,load,0,-1,28340,,,,,,,847.0,0.0,848.0,0.133,,,,,
1789039347.1367,load,0,-1,28340,,,,,,,848.0,0.0,849.0,0.146,,,,,
1789039349.5594,load,0,-1,28340,,,,,,,849.0,0.0,850.0,0.129,,,,,
1789039349.7093,load,0,-1,28340,,,,,,,850.0,0.0,851.0,0.192,,,,,
1789039351.4289,load,0,-1,28340,,,,,,,851.0,0.0,852.0,0.138,,,,,
1789039351.9865,load,0,-1,28340,,,,,,,852.0,0.0,853.0,0.119,,,,,
1789039354.0425,load,0,-1,28340,,,,,,,853.0,0.0,854.0,0.142,,,,,
1789039354.218,load,0,-1,28340,,,,,,,854.0,0.0,855.0,0.117,,,,,
1789039356.8759,load,0,-1,28340,,,,,,,855.0,0.0,856.0,0.132,,,,,
1789039357.0393,load,0,-1,28340,,,,,,,856.0,0.0,857.0,0.111,,,,,
1789039358.9732,load,0,-1,28340,,,,,,,857.0,0.0,858.0,0.134,,,,,
1789039359.5704,load,0,-1,28340,,,,,,,858.0,0.0,859.0,0.104,,,,,
1789039361.1918,load,0,-1,28340,,,,,,,859.0,0.0,860.0,0.149,,,,,
1789039362.0335,load,0,-1,28340,,,,,,,860.0,0.0,861.0,0.118,,,,,
1789039363.9135,load,0,-1,28340,,,,,,,861.0,0.0,862.0,0.157,,,,,
1789039364.2911,load,0,-1,28340,,,,,,,862.0,0.0,863.0,0.149,,,,,
1789039366.1933,load,0,-1,28340,,,,,,,863.0,0.0,864.0,0.172,,,,,
1789039366.7638,load,0,-1,28340,,,,,,,864.0,0.0,865.0,0.114,,,,,
1789039368.434,load,0,-1,28340,,,,,,,865.0,0.0,866.0,0.182,,,,,
1789039368.6377,load,0,-1,28340,,,,,,,866.0,0.0,867.0,0.129,,,,,
1789039370.8994,load,0,-1,28340,,,,,,,867.0,0.0,868.0,0.125,,,,,
1789039371.0127,load,0,-1,28340,,,,,,,868.0,0.0,869.0,0.13,,,,,
1789039372.8883,load,0,-1,28340,,,,,,,869.0,0.0,870.0,0.155,,,,,
1789039373.4229,load,0,-1,28340,,,,,,,870.0,0.0,871.0,0.115,,,,,
1789039375.4422,load,0,-1,28340,,,,,,,871.0,0.0,872.0,0.144,,,,,
1789039376.1894,load,0,-1,28340,,,,,,,872.0,0.0,873.0,0.13,,,,,
1789039377.5744,load,0,-1,28340,,,,,,,873.0,0.0,874.0,0.131,,,,,
1789039378.9823,load,0,-1,28340,,,,,,,874.0,0.0,875.0,0.124,,,,,
1789039379.8782,load,0,-1,28340,,,,,,,875.0,0.0,876.0,0.152,,,,,
1789039381.4762,load,0,-1,28340,,,,,,,876.0,0.0,877.0,0.154,,,,,
1789039382.3376,load,0,-1,28340,,,,,,,877.0,0.0,878.0,0.123,,,,,
1789039383.652,load,0,-1,28340,,,,,,,878.0,0.0,879.0,0.123,,,,,
1789039384.9143,load,0,-1,28340,,,,,,,879.0,0.0,880.0,0.143,,,,,
1789039386.0113,load,0,-1,28340,,,,,,,880.0,0.0,881.0,0.142,,,,,
1789039387.0515,load,0,-1,28340,,,,,,,881.0,0.0,882.0,0.146,,,,,
1789039388.9512,load,0,-1,28340,,,,,,,882.0,0.0,883.0,0.107,,,,,
1789039389.2855,load,0,-1,28340,,,,,,,883.0,0.0,884.0,0.137,,,,,
1789039390.8685,load,0,-1,28340,,,,,,,884.0,0.0,885.0,0.126,,,,,
1789039392.4089,load,0,-1,28340,,,,,,,885.0,0.0,886.0,0.112,,,,,
1789039393.9857,load,0,-1,28340,,,,,,,886.0,0.0,887.0,0.144,,,,,
1789039394.3232,load,0,-1,28340,,,,,,,887.0,0.0,888.0,0.125,,,,,
1789039396.7332,load,0,-1,28340,,,,,,,888.0,0.0,889.0,0.139,,,,,
1789039396.9892,load,0,-1,28340,,,,,,,889.0,0.0,890.0,0.155,,,,,
1789039398.867,load,0,-1,28340,,,,,,,890.0,0.0,891.0,0.156,,,,,
1789039400.205,load,0,-1,28340,,,,,,,891.0,0.0,892.0,0.147,,,,,
1789039400.841,load,0,-1,28340,,,,,,,892.0,0.0,893.0,0.154,,,,,
1789039401.7885,load,0,-1,28340,,,,,,,893.0,0.0,894.0,0.147,,,,,
1789039403.7319,load,0,-1,28340,,,,,,,894.0,0.0,895.0,0.126,,,,,
1789039403.8559,load,0,-1,28340,,,,,,,895.0,0.0,896.0,0.135,,,,,
1789039405.3222,load,0,-1,28340,,,,,,,896.0,0.0,897.0,0.134,,,,,
1789039406.3878,load,0,-1,28340,,,,,,,897.0,0.0,898.0,0.13,,,,,
1789039407.9012,load,0,-1,28340,,,,,,,898.0,0.0,899.0,0.161,,,,,
1789039409.1778,load,0,-1,28340,,,,,,,899.0,0.0,900.0,0.172,,,,,
1789039410.1908,load,0,-1,28340,,,,,,,900.0,0.0,901.0,0.113,,,,,
1789039412.216,load,0,-1,28340,,,,,,,901.0,0.0,902.0,0.161,,,,,
1789039412.3254,load,0,-1,28340,,,,,,,902.0,0.0,903.0,0.139,,,,,
1789039414.9773,load,0,-1,28340,,,,,,,903.0,0.0,904.0,0.122,,,,,
1789039415.0873,load,0,-1,28340,,,,,,,904.0,0.0,905.0,0.143,,,,,
1789039416.8135,load,0,-1,28340,,,,,,,905.0,0.0,906.0,0.137,,,,,
1789039417.2231,load,0,-1,28340,,,,,,,906.0,0.0,907.0,0.156,,,,,
1789039418.8196,load,0,-1,28340,,,,,,,907.0,0.0,908.0,0.18,,,,,
1789039419.3006,load,0,-1,28340,,,,,,,908.0,0.0,909.0,0.145,,,,,
1789039421.471,load,0,-1,28340,,,,,,,909.0,0.0,910.0,0.125,,,,,
1789039421.6216,load,0,-1,28340,,,,,,,910.0,0.0,911.0,0.119,,,,,
1789039423.3342,load,0,-1,28340,,,,,,,911.0,0.0,912.0,0.152,,,,,
1789039424.5164,load,0,-1,28340,,,,,,,912.0,0.0,913.0,0.14,,,,,
1789039425.5776,load,0,-1,28340,,,,,,,913.0,0.0,914.0,0.149,,,,,
1789039427.175,load,0,-1,28340,,,,,,,914.0,0.0,915.0,0.189,,,,,
1789039429.0564,load,0,-1,28340,,,,,,,915.0,0.0,916.0,0.154,,,,,
1789039429.1654,load,0,-1,28340,,,,,,,916.0,0.0,917.0,0.123,,,,,
1789039431.2175,load,0,-1,28340,,,,,,,917.0,0.0,918.0,0.155,,,,,
1789039431.6527,load,0,-1,28340,,,,,,,918.0,0.0,919.0,0.11,,,,,
1789039433.8707,load,0,-1,28340,,,,,,,919.0,0.0,920.0,0.127,,,,,
1789039434.0539,load,0,-1,28340,,,,,,,920.0,0.0,921.0,0.124,,,,,
1789039436.6134,load,0,-1,28340,,,,,,,921.0,0.0,922.0,0.152,,,,,
1789039436.7235,load,0,-1,28340,,,,,,,922.0,0.0,923.0,0.13,,,,,
1789039438.3253,load,0,-1,28340,,,,,,,923.0,0.0,924.0,0.12,,,,,
1789039438.9508,load,0,-1,28340,,,,,,,924.0,0.0,925.0,0.138,,,,,
1789039441.1181,load,0,-1,28340,,,,,,,925.0,0.0,926.0,0.178,,,,,
1789039441.2988,load,0,-1,28340,,,,,,,926.0,0.0,927.0,0.122,,,,,
1789039443.5941,load,0,-1,28340,,,,,,,927.0,0.0,928.0,0.111,,,,,
1789039443.7648,load,0,-1,28340,,,,,,,928.0,0.0,929.0,0.154,,,,,
1789039445.5535,load,0,-1,28340,,,,,,,929.0,0.0,930.0,0.175,,,,,
1789039446.0061,load,0,-1,28340,,,,,,,930.0,0.0,931.0,0.114,,,,,
1789039447.6264,load,0,-1,28340,,,,,,,931.0,0.0,932.0,0.128,,,,,
1789039447.8173,load,0,-1,28340,,,,,,,932.0,0.0,933.0,0.221,,,,,
1789039450.2768,load,0,-1,28340,,,,,,,933.0,0.0,934.0,0.278,,,,,
1789039450.4058,load,0,-1,28340,,,,,,,934.0,0.0,935.0,0.128,,,,,
1789039452.0279,load,0,-1,28340,,,,,,,935.0,0.0,936.0,0.165,,,,,
1789039452.4873,load,0,-1,28340,,,,,,,936.0,0.0,937.0,0.149,,,,,
1789039454.7517,load,0,-1,28340,,,,,,,937.0,0.0,938.0,0.273,,,,,
1789039454.931,load,0,-1,28340,,,,,,,938.0,0.0,939.0,0.134,,,,,
1789039457.0572,load,0,-1,28340,,,,,,,939.0,0.0,940.0,0.128,,,,,
1789039457.1672,load,0,-1,28340,,,,,,,940.0,0.0,941.0,0.123,,,,,
1789039459.4174,load,0,-1,28340,,,,,,,941.0,0.0,942.0,0.255,,,,,
1789039459.7834,load,0,-1,28340,,,,,,,942.0,0.0,943.0,0.099,,,,,
1789039461.4276,load,0,-1,28340,,,,,,,943.0,0.0,944.0,0.129,,,,,
1789039461.6091,load,0,-1,28340,,,,,,,944.0,0.0,945.0,0.134,,,,,
1789039463.8987,load,0,-1,28340,,,,,,,945.0,0.0,946.0,0.16,,,,,
1789039464.0099,load,0,-1,28340,,,,,,,946.0,0.0,947.0,0.122,,,,,
1789039466.3211,load,0,-1,28340,,,,,,,947.0,0.0,948.0,0.145,,,,,
1789039466.7311,load,0,-1,28340,,,,,,,948.0,0.0,949.0,0.142,,,,,
1789039469.0683,load,0,-1,28340,,,,,,,949.0,0.0,950.0,0.138,,,,,
1789039469.2646,load,0,-1,28340,,,,,,,950.0,0.0,951.0,0.124,,,,,
1789039471.6784,load,0,-1,28340,,,,,,,951.0,0.0,952.0,0.122,,,,,
1789039471.8064,load,0,-1,28340,,,,,,,952.0,0.0,953.0,0.12,,,,,
1789039473.8704,load,0,-1,28340,,,,,,,953.0,0.0,954.0,0.144,,,,,
1789039474.2665,load,0,-1,28340,,,,,,,954.0,0.0,955.0,0.119,,,,,
1789039476.4999,load,0,-1,28340,,,,,,,955.0,0.0,956.0,0.157,,,,,
1789039476.6814,load,0,-1,28340,,,,,,,956.0,0.0,957.0,0.129,,,,,
1789039479.3201,load,0,-1,28340,,,,,,,957.0,0.0,958.0,0.149,,,,,
1789039479.4305,load,0,-1,28340,,,,,,,958.0,0.0,959.0,0.11,,,,,
1789039481.3145,load,0,-1,28340,,,,,,,959.0,0.0,960.0,0.145,,,,,
1789039481.7802,load,0,-1,28340,,,,,,,960.0,0.0,961.0,0.155,,,,,
1789039483.2092,load,0,-1,28340,,,,,,,961.0,0.0,962.0,0.178,,,,,
1789039483.7539,load,0,-1,28340,,,,,,,962.0,0.0,963.0,0.138,,,,,
1789039485.5392,load,0,-1,28340,,,,,,,963.0,0.0,964.0,0.117,,,,,
1789039485.6901,load,0,-1,28340,,,,,,,964.0,0.0,965.0,0.121,,,,,
1789039488.1845,load,0,-1,28340,,,,,,,965.0,0.0,966.0,0.158,,,,,
1789039488.6663,load,0,-1,28340,,,,,,,966.0,0.0,967.0,0.132,,,,,
1789039490.9355,load,0,-1,28340,,,,,,,967.0,0.0,968.0,0.187,,,,,
1789039491.1064,load,0,-1,28340,,,,,,,968.0,0.0,969.0,0.108,,,,,
1789039493.559,load,0,-1,28340,,,,,,,969.0,0.0,970.0,0.126,,,,,
1789039493.7201,load,0,-1,28340,,,,,,,970.0,0.0,971.0,0.106,,,,,
1789039496.0622,load,0,-1,28340,,,,,,,971.0,0.0,972.0,0.156,,,,,
1789039496.4765,load,0,-1,28340,,,,,,,972.0,0.0,973.0,0.128,,,,,
1789039498.2932,load,0,-1,28340,,,,,,,973.0,0.0,974.0,0.176,,,,,
1789039499.0637,load,0,-1,28340,,,,,,,974.0,0.0,975.0,0.119,,,,,
1789039500.7697,load,0,-1,28340,,,,,,,975.0,0.0,976.0,0.143,,,,,
1789039501.1717,load,0,-1,28340,,,,,,,976.0,0.0,977.0,0.114,,,,,
1789039502.5188,load,0,-1,28340,,,,,,,977.0,0.0,978.0,0.143,,,,,
1789039503.9563,load,0,-1,28340,,,,,,,978.0,0.0,979.0,0.102,,,,,
1789039505.4959,load,0,-1,28340,,,,,,,979.0,0.0,980.0,0.131,,,,,
1789039505.7552,load,0,-1,28340,,,,,,,980.0,0.0,981.0,0.117,,,,,
1789039508.4982,load,0,-1,28340,,,,,,,981.0,0.0,982.0,0.18,,,,,
1789039508.6065,load,0,-1,28340,,,,,,,982.0,0.0,983.0,0.12,,,,,
1789039510.6299,load,0,-1,28340,,,,,,,983.0,0.0,984.0,0.207,,,,,
1789039511.0861,load,0,-1,28340,,,,,,,984.0,0.0,985.0,0.112,,,,,
1789039513.1549,load,0,-1,28340,,,,,,,985.0,0.0,986.0,0.146,,,,,
1789039513.3346,load,0,-1,28340,,,,,,,986.0,0.0,987.0,0.123,,,,,
1789039515.7587,load,0,-1,28340,,,,,,,987.0,0.0,988.0,0.117,,,,,
1789039515.8711,load,0,-1,28340,,,,,,,988.0,0.0,989.0,0.139,,,,,
1789039517.8646,load,0,-1,28340,,,,,,,989.0,0.0,990.0,0.165,,,,,
1789039518.2853,load,0,-1,28340,,,,,,,990.0,0.0,991.0,0.132,,,,,
1789039519.9296,load,0,-1,28340,,,,,,,991.0,0.0,992.0,0.143,,,,,
1789039520.1119,load,0,-1,28340,,,,,,,992.0,0.0,993.0,0.152,,,,,
1789039522.9741,load,0,-1,28340,,,,,,,993.0,0.0,994.0,0.152,,,,,
1789039523.0943,load,0,-1,28340,,,,,,,994.0,0.0,995.0,0.124,,,,,
1789039525.2381,load,0,-1,28340,,,,,,,995.0,0.0,996.0,0.138,,,,,
1789039525.6525,load,0,-1,28340,,,,,,,996.0,0.0,997.0,0.112,,,,,
1789039527.1606,load,0,-1,28340,,,,,,,997.0,0.0,998.0,0.143,,,,,
1789039527.3416,load,0,-1,28340,,,,,,,998.0,0.0,999.0,0.106,,,,,
1789039530.1152,load,0,-1,28340,,,,,,,999.0,0.0,1000.0,0.13,,,,,
