t,kind,rank,worker,pid,global_step,epoch,local_step,load_ms,index,wall_ms,cpu_ms,ok,n_in,seq_len,t_batch,t_fwd,t_bwd,t_opt,t_end
1789041091.4908,collate,3,0,30301,,,,,,83.369,83.04,,6.0,1.0,,,,,
1789041093.6562,collate,3,0,30301,,,,,,177.819,177.445,,5.0,1.0,,,,,
1789041095.9688,collate,3,0,30301,,,,,,67.92,67.759,,6.0,1.0,,,,,
1789041098.6206,collate,3,0,30301,,,,,,40.837,40.763,,7.0,1.0,,,,,
1789041101.3734,collate,3,0,30301,,,,,,41.323,41.04,,7.0,1.0,,,,,
1789041103.9277,collate,3,0,30301,,,,,,33.521,33.391,,7.0,1.0,,,,,
1789041106.4844,collate,3,0,30301,,,,,,39.288,39.119,,6.0,1.0,,,,,
1789041108.9628,collate,3,0,30301,,,,,,44.283,44.186,,6.0,1.0,,,,,
1789041111.6587,collate,3,0,30301,,,,,,63.94,63.748,,7.0,1.0,,,,,
1789041113.9254,collate,3,0,30301,,,,,,44.644,44.511,,5.0,1.0,,,,,
1789041116.4769,collate,3,0,30301,,,,,,34.144,34.061,,7.0,1.0,,,,,
1789041118.6122,collate,3,0,30301,,,,,,31.305,31.232,,5.0,1.0,,,,,
1789041121.1649,collate,3,0,30301,,,,,,34.986,34.821,,6.0,1.0,,,,,
1789041123.8147,collate,3,0,30301,,,,,,29.797,29.759,,7.0,1.0,,,,,
1789041125.7423,collate,3,0,30301,,,,,,49.825,49.677,,5.0,1.0,,,,,
1789041127.7928,collate,3,0,30301,,,,,,52.09,52.001,,5.0,1.0,,,,,
1789041129.9702,collate,3,0,30301,,,,,,31.722,31.66,,6.0,1.0,,,,,
1789041132.9681,collate,3,0,30301,,,,,,35.234,34.935,,9.0,1.0,,,,,
1789041134.4546,collate,3,0,30301,,,,,,36.649,36.601,,3.0,1.0,,,,,
1789041137.0813,collate,3,0,30301,,,,,,32.478,32.376,,7.0,1.0,,,,,
1789041139.5408,collate,3,0,30301,,,,,,56.756,56.601,,6.0,1.0,,,,,
1789041141.3355,collate,3,0,30301,,,,,,34.831,34.742,,4.0,1.0,,,,,
1789041143.5567,collate,3,0,30301,,,,,,44.174,44.1,,5.0,1.0,,,,,
1789041145.8347,collate,3,0,30301,,,,,,35.586,35.473,,6.0,1.0,,,,,
1789041147.5187,collate,3,0,30301,,,,,,30.827,30.79,,5.0,1.0,,,,,
1789041149.2231,collate,3,0,30301,,,,,,50.925,50.765,,5.0,1.0,,,,,
1789041151.1396,collate,3,0,30301,,,,,,49.027,48.892,,5.0,1.0,,,,,
1789041153.5838,collate,3,0,30301,,,,,,35.892,35.792,,6.0,1.0,,,,,
1789041155.9289,collate,3,0,30301,,,,,,37.838,37.626,,7.0,1.0,,,,,
1789041159.4615,collate,3,0,30301,,,,,,33.094,33.033,,9.0,1.0,,,,,
1789041161.3386,collate,3,0,30301,,,,,,29.218,29.148,,5.0,1.0,,,,,
1789041163.408,collate,3,0,30301,,,,,,53.967,53.878,,5.0,1.0,,,,,
1789041165.7058,collate,3,0,30301,,,,,,43.216,43.138,,6.0,1.0,,,,,
1789041168.6425,collate,3,0,30301,,,,,,36.182,36.115,,7.0,1.0,,,,,
1789041171.4357,collate,3,0,30301,,,,,,35.063,34.966,,8.0,1.0,,,,,
1789041173.8106,collate,3,0,30301,,,,,,42.829,42.705,,7.0,1.0,,,,,
1789041176.3368,collate,3,0,30301,,,,,,86.984,86.781,,6.0,1.0,,,,,
1789041178.6118,collate,3,0,30301,,,,,,72.09,71.96,,6.0,1.0,,,,,
1789041180.659,collate,3,0,30301,,,,,,59.56,59.418,,6.0,1.0,,,,,
1789041182.9494,collate,3,0,30301,,,,,,32.601,32.54,,6.0,1.0,,,,,
1789041184.8112,collate,3,0,30301,,,,,,51.781,51.247,,5.0,1.0,,,,,
1789041187.3002,collate,3,0,30301,,,,,,81.423,81.256,,7.0,1.0,,,,,
1789041189.3934,collate,3,0,30301,,,,,,160.561,160.114,,6.0,1.0,,,,,
1789041191.5875,collate,3,0,30301,,,,,,104.115,103.691,,5.0,1.0,,,,,
1789041193.8432,collate,3,0,30301,,,,,,82.358,82.21,,6.0,1.0,,,,,
1789041195.9351,collate,3,0,30301,,,,,,67.48,67.181,,6.0,1.0,,,,,
1789041198.0207,collate,3,0,30301,,,,,,81.864,81.707,,6.0,1.0,,,,,
1789041200.2282,collate,3,0,30301,,,,,,38.574,38.473,,7.0,1.0,,,,,
1789041202.6587,collate,3,0,30301,,,,,,48.461,48.389,,7.0,1.0,,,,,
1789041205.0371,collate,3,0,30301,,,,,,47.185,47.054,,6.0,1.0,,,,,
1789041206.8158,collate,3,0,30301,,,,,,42.653,42.504,,5.0,1.0,,,,,
1789041209.2689,collate,3,0,30301,,,,,,55.092,54.922,,7.0,1.0,,,,,
1789041211.3138,collate,3,0,30301,,,,,,38.205,38.067,,5.0,1.0,,,,,
1789041213.6091,collate,3,0,30301,,,,,,67.967,67.708,,5.0,1.0,,,,,
1789041215.8296,collate,3,0,30301,,,,,,33.105,33.041,,6.0,1.0,,,,,
1789041218.1503,collate,3,0,30301,,,,,,145.284,144.937,,7.0,1.0,,,,,
1789041220.3948,collate,3,0,30301,,,,,,43.189,43.124,,7.0,1.0,,,,,
1789041223.0467,collate,3,0,30301,,,,,,32.267,32.189,,7.0,1.0,,,,,
1789041225.4518,collate,3,0,30301,,,,,,36.723,36.663,,7.0,1.0,,,,,
1789041227.7582,collate,3,0,30301,,,,,,32.969,32.918,,6.0,1.0,,,,,
1789041230.7109,collate,3,0,30301,,,,,,52.735,52.601,,8.0,1.0,,,,,
1789041232.8309,collate,3,0,30301,,,,,,39.729,39.673,,7.0,1.0,,,,,
1789041235.0899,collate,3,0,30301,,,,,,32.243,32.207,,7.0,1.0,,,,,
1789041236.5727,collate,3,0,30301,,,,,,48.845,48.188,,4.0,1.0,,,,,
1789041238.4997,collate,3,0,30301,,,,,,34.023,33.672,,5.0,1.0,,,,,
1789041239.9804,collate,3,0,30301,,,,,,32.068,32.011,,3.0,1.0,,,,,
1789041243.1904,collate,3,0,30301,,,,,,52.006,51.881,,8.0,1.0,,,,,
1789041245.2584,collate,3,0,30301,,,,,,42.717,42.622,,6.0,1.0,,,,,
1789041247.1802,collate,3,0,30301,,,,,,32.337,32.255,,5.0,1.0,,,,,
1789041248.9818,collate,3,0,30301,,,,,,42.514,42.418,,4.0,1.0,,,,,
1789041250.8859,collate,3,0,30301,,,,,,35.59,35.441,,5.0,1.0,,,,,
1789041252.9504,collate,3,0,30301,,,,,,197.152,196.69,,5.0,1.0,,,,,
1789041255.6166,collate,3,0,30301,,,,,,54.833,54.448,,7.0,1.0,,,,,
1789041258.5246,collate,3,0,30301,,,,,,31.144,31.105,,8.0,1.0,,,,,
1789041260.9418,collate,3,0,30301,,,,,,37.567,37.471,,8.0,1.0,,,,,
1789041263.0804,collate,3,0,30301,,,,,,36.619,36.537,,6.0,1.0,,,,,
1789041265.3825,collate,3,0,30301,,,,,,41.624,41.566,,6.0,1.0,,,,,
1789041267.4371,collate,3,0,30301,,,,,,46.777,46.691,,5.0,1.0,,,,,
1789041269.442,collate,3,0,30301,,,,,,30.5,30.401,,6.0,1.0,,,,,
1789041271.4169,collate,3,0,30301,,,,,,32.518,32.409,,5.0,1.0,,,,,
1789041273.8995,collate,3,0,30301,,,,,,47.107,47.007,,7.0,1.0,,,,,
1789041276.2714,collate,3,0,30301,,,,,,36.717,36.558,,6.0,1.0,,,,,
1789041278.2932,collate,3,0,30301,,,,,,92.148,91.976,,6.0,1.0,,,,,
1789041280.8874,collate,3,0,30301,,,,,,51.902,51.752,,7.0,1.0,,,,,
1789041283.0157,collate,3,0,30301,,,,,,43.87,43.665,,7.0,1.0,,,,,
1789041284.9829,collate,3,0,30301,,,,,,33.777,33.617,,6.0,1.0,,,,,
1789041287.3993,collate,3,0,30301,,,,,,36.006,35.906,,6.0,1.0,,,,,
1789041290.0806,collate,3,0,30301,,,,,,53.811,53.709,,7.0,1.0,,,,,
1789041291.9258,collate,3,0,30301,,,,,,41.107,41.024,,5.0,1.0,,,,,
1789041293.7377,collate,3,0,30301,,,,,,38.451,38.383,,5.0,1.0,,,,,
1789041296.1081,collate,3,0,30301,,,,,,39.103,39.014,,7.0,1.0,,,,,
1789041298.1247,collate,3,0,30301,,,,,,35.948,35.891,,6.0,1.0,,,,,
1789041300.3545,collate,3,0,30301,,,,,,53.359,53.218,,6.0,1.0,,,,,
1789041302.9029,collate,3,0,30301,,,,,,40.993,40.909,,6.0,1.0,,,,,
1789041304.8576,collate,3,0,30301,,,,,,35.255,35.208,,5.0,1.0,,,,,
1789041307.1231,collate,3,0,30301,,,,,,47.096,46.96,,6.0,1.0,,,,,
1789041308.5043,collate,3,0,30301,,,,,,32.995,32.939,,3.0,1.0,,,,,
1789041311.7644,collate,3,0,30301,,,,,,32.391,32.257,,8.0,1.0,,,,,
1789041313.7586,collate,3,0,30301,,,,,,46.149,46.073,,5.0,1.0,,,,,
1789041315.5299,collate,3,0,30301,,,,,,55.154,54.981,,5.0,1.0,,,,,
1789041318.1446,collate,3,0,30301,,,,,,37.114,37.035,,7.0,1.0,,,,,
1789041319.9717,collate,3,0,30301,,,,,,43.132,43.072,,5.0,1.0,,,,,
1789041322.2658,collate,3,0,30301,,,,,,34.595,34.542,,7.0,1.0,,,,,
1789041324.0721,collate,3,0,30301,,,,,,51.122,50.976,,6.0,1.0,,,,,
1789041326.0408,collate,3,0,30301,,,,,,52.06,51.977,,5.0,1.0,,,,,
1789041327.9732,collate,3,0,30301,,,,,,33.194,33.074,,5.0,1.0,,,,,
1789041330.0139,collate,3,0,30301,,,,,,37.059,36.939,,5.0,1.0,,,,,
1789041331.9692,collate,3,0,30301,,,,,,37.035,36.963,,6.0,1.0,,,,,
1789041334.001,collate,3,0,30301,,,,,,33.699,33.619,,6.0,1.0,,,,,
1789041335.7716,collate,3,0,30301,,,,,,49.523,49.293,,6.0,1.0,,,,,
1789041337.5693,collate,3,0,30301,,,,,,50.325,50.232,,6.0,1.0,,,,,
1789041338.9428,collate,3,0,30301,,,,,,40.097,39.98,,5.0,1.0,,,,,
1789041339.4022,collate,3,0,30301,,,,,,12.339,12.322,,2.0,1.0,,,,,
1789039865.9529,collate,3,0,29665,,,,,,74.771,74.535,,5.0,1.0,,,,,
1789039869.0253,collate,3,0,29665,,,,,,33.176,33.087,,8.0,1.0,,,,,
1789039871.5957,collate,3,0,29665,,,,,,30.908,30.825,,6.0,1.0,,,,,
1789039874.5295,collate,3,0,29665,,,,,,216.856,216.165,,7.0,1.0,,,,,
1789039877.2316,collate,3,0,29665,,,,,,34.896,34.845,,6.0,1.0,,,,,
1789039879.9624,collate,3,0,29665,,,,,,58.404,58.205,,6.0,1.0,,,,,
1789039882.6552,collate,3,0,29665,,,,,,42.858,42.807,,7.0,1.0,,,,,
1789039884.9505,collate,3,0,29665,,,,,,37.369,37.32,,6.0,1.0,,,,,
1789039887.7146,collate,3,0,29665,,,,,,34.072,34.027,,6.0,1.0,,,,,
1789039889.8471,collate,3,0,29665,,,,,,44.869,44.804,,5.0,1.0,,,,,
1789039892.3499,collate,3,0,29665,,,,,,61.979,61.878,,6.0,1.0,,,,,
1789039894.0356,collate,3,0,29665,,,,,,46.398,46.331,,5.0,1.0,,,,,
1789039897.0627,collate,3,0,29665,,,,,,64.145,64.011,,7.0,1.0,,,,,
1789039899.8033,collate,3,0,29665,,,,,,192.62,192.227,,7.0,1.0,,,,,
1789039902.7354,collate,3,0,29665,,,,,,51.657,51.555,,8.0,1.0,,,,,
1789039904.9764,collate,3,0,29665,,,,,,82.929,82.812,,5.0,1.0,,,,,
1789039907.9883,collate,3,0,29665,,,,,,63.766,61.48,,8.0,1.0,,,,,
1789039910.364,collate,3,0,29665,,,,,,69.252,69.104,,6.0,1.0,,,,,
1789039912.7974,collate,3,0,29665,,,,,,65.773,65.569,,5.0,1.0,,,,,
1789039915.5673,collate,3,0,29665,,,,,,39.818,39.699,,7.0,1.0,,,,,
1789039918.1179,collate,3,0,29665,,,,,,48.528,48.473,,7.0,1.0,,,,,
1789039920.5921,collate,3,0,29665,,,,,,43.47,43.384,,6.0,1.0,,,,,
1789039922.934,collate,3,0,29665,,,,,,118.144,117.932,,5.0,1.0,,,,,
1789039924.787,collate,3,0,29665,,,,,,56.383,56.274,,4.0,1.0,,,,,
1789039926.6712,collate,3,0,29665,,,,,,47.952,47.881,,4.0,1.0,,,,,
1789039929.6419,collate,3,0,29665,,,,,,96.525,96.358,,7.0,1.0,,,,,
1789039932.5825,collate,3,0,29665,,,,,,77.054,76.923,,8.0,1.0,,,,,
1789039934.51,collate,3,0,29665,,,,,,41.669,40.25,,5.0,1.0,,,,,
1789039936.8886,collate,3,0,29665,,,,,,77.952,77.802,,6.0,1.0,,,,,
1789039939.5083,collate,3,0,29665,,,,,,93.162,87.533,,6.0,1.0,,,,,
1789039942.4997,collate,3,0,29665,,,,,,64.666,64.523,,6.0,1.0,,,,,
1789039945.2857,collate,3,0,29665,,,,,,82.897,82.56,,6.0,1.0,,,,,
1789039947.0156,collate,3,0,29665,,,,,,40.163,40.045,,4.0,1.0,,,,,
1789039949.5652,collate,3,0,29665,,,,,,88.731,88.524,,6.0,1.0,,,,,
1789039951.5782,collate,3,0,29665,,,,,,320.543,319.329,,4.0,1.0,,,,,
1789039954.0327,collate,3,0,29665,,,,,,98.647,93.404,,6.0,1.0,,,,,
1789039956.8598,collate,3,0,29665,,,,,,83.02,82.858,,7.0,1.0,,,,,
1789039959.206,collate,3,0,29665,,,,,,163.623,154.612,,4.0,1.0,,,,,
1789039961.4596,collate,3,0,29665,,,,,,24.819,24.778,,6.0,1.0,,,,,
1789039963.7695,collate,3,0,29665,,,,,,50.313,50.227,,6.0,1.0,,,,,
1789039966.8165,collate,3,0,29665,,,,,,43.302,43.191,,7.0,1.0,,,,,
1789039969.8037,collate,3,0,29665,,,,,,22.949,22.924,,7.0,1.0,,,,,
1789039971.5106,collate,3,0,29665,,,,,,83.602,83.428,,4.0,1.0,,,,,
1789039974.0609,collate,3,0,29665,,,,,,86.876,86.745,,6.0,1.0,,,,,
1789039976.263,collate,3,0,29665,,,,,,71.846,71.717,,5.0,1.0,,,,,
1789039978.3817,collate,3,0,29665,,,,,,57.107,57.024,,5.0,1.0,,,,,
1789039980.6939,collate,3,0,29665,,,,,,25.834,25.763,,6.0,1.0,,,,,
1789039983.711,collate,3,0,29665,,,,,,44.965,44.889,,8.0,1.0,,,,,
1789039986.3714,collate,3,0,29665,,,,,,36.217,36.153,,7.0,1.0,,,,,
1789039989.1769,collate,3,0,29665,,,,,,136.883,136.552,,7.0,1.0,,,,,
1789039991.7209,collate,3,0,29665,,,,,,59.783,59.687,,6.0,1.0,,,,,
1789039994.2174,collate,3,0,29665,,,,,,45.225,45.082,,6.0,1.0,,,,,
1789039996.4024,collate,3,0,29665,,,,,,38.379,38.309,,6.0,1.0,,,,,
1789039999.0521,collate,3,0,29665,,,,,,133.344,133.095,,7.0,1.0,,,,,
1789040002.0778,collate,3,0,29665,,,,,,50.795,50.731,,9.0,1.0,,,,,
1789040004.1909,collate,3,0,29665,,,,,,24.437,24.385,,5.0,1.0,,,,,
1789040007.1213,collate,3,0,29665,,,,,,81.567,81.444,,7.0,1.0,,,,,
1789040009.5004,collate,3,0,29665,,,,,,78.776,78.658,,5.0,1.0,,,,,
1789040012.324,collate,3,0,29665,,,,,,259.718,259.294,,7.0,1.0,,,,,
1789040014.8304,collate,3,0,29665,,,,,,47.932,47.866,,6.0,1.0,,,,,
1789040016.6895,collate,3,0,29665,,,,,,54.232,54.147,,4.0,1.0,,,,,
1789040018.893,collate,3,0,29665,,,,,,71.149,71.007,,6.0,1.0,,,,,
1789040021.0821,collate,3,0,29665,,,,,,63.232,63.152,,5.0,1.0,,,,,
1789040023.537,collate,3,0,29665,,,,,,46.097,46.035,,6.0,1.0,,,,,
1789040026.1086,collate,3,0,29665,,,,,,38.11,38.039,,7.0,1.0,,,,,
1789040028.6883,collate,3,0,29665,,,,,,66.201,66.097,,6.0,1.0,,,,,
1789040031.3129,collate,3,0,29665,,,,,,82.811,82.58,,6.0,1.0,,,,,
1789040033.8501,collate,3,0,29665,,,,,,71.55,68.168,,6.0,1.0,,,,,
1789040036.6473,collate,3,0,29665,,,,,,233.844,233.321,,7.0,1.0,,,,,
1789040038.6322,collate,3,0,29665,,,,,,64.575,64.486,,5.0,1.0,,,,,
1789040041.0005,collate,3,0,29665,,,,,,47.949,47.836,,6.0,1.0,,,,,
1789040043.2313,collate,3,0,29665,,,,,,46.904,46.839,,5.0,1.0,,,,,
1789040045.8109,collate,3,0,29665,,,,,,67.94,67.806,,6.0,1.0,,,,,
1789040048.1502,collate,3,0,29665,,,,,,71.802,71.637,,6.0,1.0,,,,,
1789040050.1695,collate,3,0,29665,,,,,,37.876,37.818,,5.0,1.0,,,,,
1789040052.6559,collate,3,0,29665,,,,,,83.243,83.101,,6.0,1.0,,,,,
1789040054.6924,collate,3,0,29665,,,,,,44.696,44.658,,6.0,1.0,,,,,
1789040056.9233,collate,3,0,29665,,,,,,72.929,72.79,,5.0,1.0,,,,,
1789040059.0451,collate,3,0,29665,,,,,,75.82,75.713,,5.0,1.0,,,,,
1789040061.2464,collate,3,0,29665,,,,,,35.938,35.859,,6.0,1.0,,,,,
1789040063.7969,collate,3,0,29665,,,,,,108.244,108.037,,6.0,1.0,,,,,
1789040066.51,collate,3,0,29665,,,,,,162.945,162.51,,6.0,1.0,,,,,
1789040068.7864,collate,3,0,29665,,,,,,175.341,174.901,,5.0,1.0,,,,,
1789040071.2791,collate,3,0,29665,,,,,,59.562,59.409,,6.0,1.0,,,,,
1789040073.4112,collate,3,0,29665,,,,,,69.482,69.358,,4.0,1.0,,,,,
1789040075.9837,collate,3,0,29665,,,,,,25.857,25.823,,5.0,1.0,,,,,
1789040077.3647,collate,3,0,29665,,,,,,92.543,92.398,,3.0,1.0,,,,,
1789040079.4307,collate,3,0,29665,,,,,,61.91,61.829,,4.0,1.0,,,,,
1789040081.5475,collate,3,0,29665,,,,,,92.549,92.299,,5.0,1.0,,,,,
1789040083.7098,collate,3,0,29665,,,,,,108.6,108.44,,5.0,1.0,,,,,
1789040087.043,collate,3,0,29665,,,,,,31.396,31.338,,9.0,1.0,,,,,
1789040089.2457,collate,3,0,29665,,,,,,50.29,50.138,,5.0,1.0,,,,,
1789040091.5776,collate,3,0,29665,,,,,,56.644,56.517,,6.0,1.0,,,,,
1789040092.9663,collate,3,0,29665,,,,,,44.714,44.603,,2.0,1.0,,,,,
1789040095.6184,collate,3,0,29665,,,,,,171.227,170.824,,6.0,1.0,,,,,
1789040098.3802,collate,3,0,29665,,,,,,28.808,28.744,,7.0,1.0,,,,,
1789040100.5901,collate,3,0,29665,,,,,,49.166,49.058,,5.0,1.0,,,,,
1789040102.8737,collate,3,0,29665,,,,,,42.699,42.611,,6.0,1.0,,,,,
1789040105.6048,collate,3,0,29665,,,,,,50.66,50.519,,7.0,1.0,,,,,
1789040107.657,collate,3,0,29665,,,,,,37.902,37.813,,5.0,1.0,,,,,
1789040109.724,collate,3,0,29665,,,,,,25.125,25.087,,5.0,1.0,,,,,
1789040112.0341,collate,3,0,29665,,,,,,49.149,49.082,,6.0,1.0,,,,,
1789040114.7307,collate,3,0,29665,,,,,,58.172,58.079,,7.0,1.0,,,,,
1789040117.1159,collate,3,0,29665,,,,,,74.523,74.356,,5.0,1.0,,,,,
1789040119.9129,collate,3,0,29665,,,,,,47.448,47.36,,8.0,1.0,,,,,
1789040122.9105,collate,3,0,29665,,,,,,30.433,30.393,,8.0,1.0,,,,,
1789040125.1003,collate,3,0,29665,,,,,,49.876,49.797,,6.0,1.0,,,,,
1789040127.5346,collate,3,0,29665,,,,,,52.711,52.619,,7.0,1.0,,,,,
1789040130.0237,collate,3,0,29665,,,,,,48.434,48.353,,6.0,1.0,,,,,
1789040132.1188,collate,3,0,29665,,,,,,29.719,29.664,,5.0,1.0,,,,,
1789040134.4183,collate,3,0,29665,,,,,,40.939,40.875,,6.0,1.0,,,,,
1789040136.9021,collate,3,0,29665,,,,,,82.276,82.003,,6.0,1.0,,,,,
1789040138.6749,collate,3,0,29665,,,,,,45.471,45.395,,4.0,1.0,,,,,
1789040140.894,collate,3,0,29665,,,,,,48.278,48.174,,6.0,1.0,,,,,
1789040142.8721,collate,3,0,29665,,,,,,27.757,27.713,,5.0,1.0,,,,,
1789040145.3304,collate,3,0,29665,,,,,,27.134,27.079,,7.0,1.0,,,,,
1789040147.7677,collate,3,0,29665,,,,,,58.898,58.809,,6.0,1.0,,,,,
1789040150.4579,collate,3,0,29665,,,,,,44.738,44.646,,7.0,1.0,,,,,
1789040153.1729,collate,3,0,29665,,,,,,53.505,53.42,,7.0,1.0,,,,,
1789040155.3585,collate,3,0,29665,,,,,,24.471,24.439,,6.0,1.0,,,,,
1789040157.9838,collate,3,0,29665,,,,,,55.84,55.717,,7.0,1.0,,,,,
1789040160.107,collate,3,0,29665,,,,,,48.847,48.789,,5.0,1.0,,,,,
1789040162.4101,collate,3,0,29665,,,,,,208.615,208.222,,5.0,1.0,,,,,
1789040164.7218,collate,3,0,29665,,,,,,59.562,59.462,,6.0,1.0,,,,,
1789040166.9244,collate,3,0,29665,,,,,,21.231,21.185,,5.0,1.0,,,,,
1789040169.5059,collate,3,0,29665,,,,,,27.421,27.22,,7.0,1.0,,,,,
1789040172.2085,collate,3,0,29665,,,,,,51.787,51.702,,7.0,1.0,,,,,
1789040174.5647,collate,3,0,29665,,,,,,40.637,40.561,,5.0,1.0,,,,,
1789040177.2188,collate,3,0,29665,,,,,,84.87,84.732,,7.0,1.0,,,,,
1789040179.3091,collate,3,0,29665,,,,,,43.381,43.306,,5.0,1.0,,,,,
1789040181.5376,collate,3,0,29665,,,,,,28.324,28.211,,5.0,1.0,,,,,
1789040183.6784,collate,3,0,29665,,,,,,47.313,47.229,,5.0,1.0,,,,,
1789040185.4969,collate,3,0,29665,,,,,,56.475,56.379,,4.0,1.0,,,,,
1789040187.2743,collate,3,0,29665,,,,,,45.632,45.578,,4.0,1.0,,,,,
1789040190.4621,collate,3,0,29665,,,,,,22.133,22.089,,8.0,1.0,,,,,
1789040192.1449,collate,3,0,29665,,,,,,23.784,23.755,,3.0,1.0,,,,,
1789040194.6902,collate,3,0,29665,,,,,,47.548,47.473,,5.0,1.0,,,,,
1789040197.1213,collate,3,0,29665,,,,,,53.327,53.238,,6.0,1.0,,,,,
1789040199.7854,collate,3,0,29665,,,,,,47.242,47.166,,7.0,1.0,,,,,
1789040201.8868,collate,3,0,29665,,,,,,23.596,23.562,,6.0,1.0,,,,,
1789040204.4022,collate,3,0,29665,,,,,,27.843,27.797,,7.0,1.0,,,,,
1789040206.6863,collate,3,0,29665,,,,,,47.627,47.543,,5.0,1.0,,,,,
1789040209.2735,collate,3,0,29665,,,,,,58.694,58.542,,7.0,1.0,,,,,
1789040212.2221,collate,3,0,29665,,,,,,57.056,56.409,,8.0,1.0,,,,,
1789040214.4559,collate,3,0,29665,,,,,,36.492,36.439,,6.0,1.0,,,,,
1789040216.7402,collate,3,0,29665,,,,,,36.333,36.258,,6.0,1.0,,,,,
1789040219.0664,collate,3,0,29665,,,,,,49.172,49.07,,5.0,1.0,,,,,
1789040221.4644,collate,3,0,29665,,,,,,24.703,24.652,,6.0,1.0,,,,,
1789040224.3123,collate,3,0,29665,,,,,,28.696,28.629,,7.0,1.0,,,,,
1789040226.7792,collate,3,0,29665,,,,,,53.132,53.061,,6.0,1.0,,,,,
1789040229.1144,collate,3,0,29665,,,,,,44.246,44.177,,6.0,1.0,,,,,
1789040231.3078,collate,3,0,29665,,,,,,50.115,49.926,,5.0,1.0,,,,,
1789040233.6164,collate,3,0,29665,,,,,,43.522,43.452,,6.0,1.0,,,,,
1789040236.0402,collate,3,0,29665,,,,,,45.891,45.801,,6.0,1.0,,,,,
1789040238.7763,collate,3,0,29665,,,,,,37.194,37.117,,7.0,1.0,,,,,
1789040240.9892,collate,3,0,29665,,,,,,24.518,24.495,,5.0,1.0,,,,,
1789040243.76,collate,3,0,29665,,,,,,46.775,46.701,,7.0,1.0,,,,,
1789040246.6862,collate,3,0,29665,,,,,,43.562,43.492,,7.0,1.0,,,,,
1789040248.8242,collate,3,0,29665,,,,,,47.217,47.136,,5.0,1.0,,,,,
1789040251.0489,collate,3,0,29665,,,,,,36.729,36.662,,5.0,1.0,,,,,
1789040253.6591,collate,3,0,29665,,,,,,25.052,25.025,,6.0,1.0,,,,,
1789040256.2202,collate,3,0,29665,,,,,,48.781,48.626,,7.0,1.0,,,,,
1789040257.928,collate,3,0,29665,,,,,,30.102,30.06,,4.0,1.0,,,,,
1789040260.6296,collate,3,0,29665,,,,,,57.386,57.253,,6.0,1.0,,,,,
1789040263.1894,collate,3,0,29665,,,,,,25.919,25.866,,7.0,1.0,,,,,
1789040265.6635,collate,3,0,29665,,,,,,37.512,37.428,,5.0,1.0,,,,,
1789040268.532,collate,3,0,29665,,,,,,49.061,48.989,,7.0,1.0,,,,,
1789040270.3686,collate,3,0,29665,,,,,,24.344,24.309,,4.0,1.0,,,,,
1789040273.1353,collate,3,0,29665,,,,,,25.774,25.725,,7.0,1.0,,,,,
1789040275.9633,collate,3,0,29665,,,,,,51.543,51.372,,7.0,1.0,,,,,
1789040278.3019,collate,3,0,29665,,,,,,48.11,48.016,,5.0,1.0,,,,,
1789040280.0441,collate,3,0,29665,,,,,,49.735,49.649,,4.0,1.0,,,,,
1789040282.3347,collate,3,0,29665,,,,,,21.024,20.997,,5.0,1.0,,,,,
1789040284.5707,collate,3,0,29665,,,,,,34.699,34.639,,5.0,1.0,,,,,
1789040287.3714,collate,3,0,29665,,,,,,70.61,70.497,,8.0,1.0,,,,,
1789040289.9918,collate,3,0,29665,,,,,,52.519,52.437,,7.0,1.0,,,,,
1789040292.0923,collate,3,0,29665,,,,,,35.114,35.036,,5.0,1.0,,,,,
1789040294.257,collate,3,0,29665,,,,,,47.261,47.138,,5.0,1.0,,,,,
1789040296.9423,collate,3,0,29665,,,,,,32.224,32.156,,7.0,1.0,,,,,
1789040299.2522,collate,3,0,29665,,,,,,34.036,33.94,,7.0,1.0,,,,,
1789040301.7047,collate,3,0,29665,,,,,,138.731,138.441,,5.0,1.0,,,,,
1789040304.2406,collate,3,0,29665,,,,,,43.353,43.274,,6.0,1.0,,,,,
1789040306.1192,collate,3,0,29665,,,,,,53.14,53.029,,4.0,1.0,,,,,
1789040308.812,collate,3,0,29665,,,,,,23.675,23.642,,7.0,1.0,,,,,
1789040311.0631,collate,3,0,29665,,,,,,26.217,26.175,,6.0,1.0,,,,,
1789040313.6336,collate,3,0,29665,,,,,,45.245,45.179,,6.0,1.0,,,,,
1789040315.4833,collate,3,0,29665,,,,,,44.002,43.919,,4.0,1.0,,,,,
1789040318.2029,collate,3,0,29665,,,,,,27.692,27.63,,8.0,1.0,,,,,
1789040320.7054,collate,3,0,29665,,,,,,48.698,48.573,,7.0,1.0,,,,,
1789040323.1724,collate,3,0,29665,,,,,,45.562,45.474,,6.0,1.0,,,,,
1789040325.8522,collate,3,0,29665,,,,,,32.034,31.931,,7.0,1.0,,,,,
1789040327.8748,collate,3,0,29665,,,,,,52.077,52.006,,5.0,1.0,,,,,
1789040329.9094,collate,3,0,29665,,,,,,51.351,51.276,,5.0,1.0,,,,,
1789040332.2795,collate,3,0,29665,,,,,,48.363,48.299,,6.0,1.0,,,,,
1789040334.4259,collate,3,0,29665,,,,,,42.399,42.318,,6.0,1.0,,,,,
1789040337.1024,collate,3,0,29665,,,,,,23.706,23.673,,7.0,1.0,,,,,
1789040339.7495,collate,3,0,29665,,,,,,44.321,44.249,,7.0,1.0,,,,,
1789040342.3814,collate,3,0,29665,,,,,,34.757,34.696,,7.0,1.0,,,,,
1789040343.9977,collate,3,0,29665,,,,,,105.815,105.539,,4.0,1.0,,,,,
1789040347.0747,collate,3,0,29665,,,,,,34.803,34.739,,7.0,1.0,,,,,
1789040349.1693,collate,3,0,29665,,,,,,24.865,24.811,,4.0,1.0,,,,,
1789040352.0889,collate,3,0,29665,,,,,,51.975,51.886,,8.0,1.0,,,,,
1789040354.4312,collate,3,0,29665,,,,,,43.645,43.511,,5.0,1.0,,,,,
1789040356.7501,collate,3,0,29665,,,,,,93.422,93.238,,5.0,1.0,,,,,
1789040360.1114,collate,3,0,29665,,,,,,227.867,227.488,,8.0,1.0,,,,,
1789040362.6363,collate,3,0,29665,,,,,,32.564,32.466,,7.0,1.0,,,,,
1789040365.4017,collate,3,0,29665,,,,,,54.278,54.192,,7.0,1.0,,,,,
1789040368.1189,collate,3,0,29665,,,,,,59.218,59.106,,8.0,1.0,,,,,
1789040370.696,collate,3,0,29665,,,,,,48.352,48.253,,6.0,1.0,,,,,
1789040373.2737,collate,3,0,29665,,,,,,27.358,27.317,,6.0,1.0,,,,,
1789040376.032,collate,3,0,29665,,,,,,31.08,30.987,,7.0,1.0,,,,,
1789040378.1971,collate,3,0,29665,,,,,,54.449,54.337,,5.0,1.0,,,,,
1789040380.0727,collate,3,0,29665,,,,,,35.399,35.345,,4.0,1.0,,,,,
1789040382.5548,collate,3,0,29665,,,,,,287.802,287.189,,6.0,1.0,,,,,
1789040384.8409,collate,3,0,29665,,,,,,38.745,38.684,,6.0,1.0,,,,,
1789040386.5168,collate,3,0,29665,,,,,,51.762,51.549,,3.0,1.0,,,,,
1789040389.3885,collate,3,0,29665,,,,,,51.385,51.27,,7.0,1.0,,,,,
1789040391.7303,collate,3,0,29665,,,,,,38.983,38.893,,6.0,1.0,,,,,
1789040394.4184,collate,3,0,29665,,,,,,51.283,51.171,,7.0,1.0,,,,,
1789040397.0176,collate,3,0,29665,,,,,,22.734,22.688,,6.0,1.0,,,,,
1789040399.4811,collate,3,0,29665,,,,,,56.187,56.069,,6.0,1.0,,,,,
1789040402.3161,collate,3,0,29665,,,,,,39.162,39.087,,7.0,1.0,,,,,
1789040404.401,collate,3,0,29665,,,,,,55.69,55.589,,6.0,1.0,,,,,
1789040406.6814,collate,3,0,29665,,,,,,51.762,51.651,,6.0,1.0,,,,,
1789040408.9019,collate,3,0,29665,,,,,,24.428,24.384,,5.0,1.0,,,,,
1789040411.0344,collate,3,0,29665,,,,,,34.766,34.691,,4.0,1.0,,,,,
1789040413.4225,collate,3,0,29665,,,,,,53.73,53.642,,6.0,1.0,,,,,
1789040415.3632,collate,3,0,29665,,,,,,52.644,52.56,,5.0,1.0,,,,,
1789040416.9842,collate,3,0,29665,,,,,,23.31,23.266,,4.0,1.0,,,,,
1789040419.6749,collate,3,0,29665,,,,,,53.069,52.967,,6.0,1.0,,,,,
1789040422.1848,collate,3,0,29665,,,,,,56.896,56.754,,6.0,1.0,,,,,
1789040424.7804,collate,3,0,29665,,,,,,33.495,33.448,,6.0,1.0,,,,,
1789040426.8207,collate,3,0,29665,,,,,,65.678,65.477,,5.0,1.0,,,,,
1789040429.0786,collate,3,0,29665,,,,,,24.288,24.247,,5.0,1.0,,,,,
1789040431.2219,collate,3,0,29665,,,,,,55.139,54.911,,5.0,1.0,,,,,
1789040433.7714,collate,3,0,29665,,,,,,61.684,61.581,,6.0,1.0,,,,,
1789040436.6802,collate,3,0,29665,,,,,,37.314,37.267,,7.0,1.0,,,,,
1789040439.1276,collate,3,0,29665,,,,,,27.311,27.27,,7.0,1.0,,,,,
1789040441.8538,collate,3,0,29665,,,,,,54.392,53.946,,6.0,1.0,,,,,
1789040444.4005,collate,3,0,29665,,,,,,40.139,40.085,,6.0,1.0,,,,,
1789040446.551,collate,3,0,29665,,,,,,50.491,50.348,,5.0,1.0,,,,,
1789040448.8862,collate,3,0,29665,,,,,,53.893,53.792,,6.0,1.0,,,,,
1789040451.8005,collate,3,0,29665,,,,,,33.027,32.934,,7.0,1.0,,,,,
1789040454.3043,collate,3,0,29665,,,,,,53.326,53.239,,6.0,1.0,,,,,
1789040457.2726,collate,3,0,29665,,,,,,65.845,65.623,,7.0,1.0,,,,,
1789040460.0081,collate,3,0,29665,,,,,,51.722,51.638,,7.0,1.0,,,,,
1789040462.3131,collate,3,0,29665,,,,,,108.929,108.758,,5.0,1.0,,,,,
1789040464.7205,collate,3,0,29665,,,,,,33.668,33.632,,6.0,1.0,,,,,
1789040467.4164,collate,3,0,29665,,,,,,49.424,49.342,,6.0,1.0,,,,,
1789040470.3611,collate,3,0,29665,,,,,,61.857,61.63,,7.0,1.0,,,,,
1789040472.3627,collate,3,0,29665,,,,,,55.348,55.251,,5.0,1.0,,,,,
1789040475.2584,collate,3,0,29665,,,,,,30.588,30.537,,8.0,1.0,,,,,
1789040477.7982,collate,3,0,29665,,,,,,42.679,42.59,,7.0,1.0,,,,,
1789040480.643,collate,3,0,29665,,,,,,51.803,51.543,,8.0,1.0,,,,,
1789040483.0912,collate,3,0,29665,,,,,,74.872,74.755,,7.0,1.0,,,,,
1789040486.3515,collate,3,0,29665,,,,,,372.215,371.401,,6.0,1.0,,,,,
1789040488.8548,collate,3,0,29665,,,,,,152.53,152.297,,6.0,1.0,,,,,
1789040491.4653,collate,3,0,29665,,,,,,52.79,52.675,,7.0,1.0,,,,,
1789040493.8783,collate,3,0,29665,,,,,,63.591,63.48,,6.0,1.0,,,,,
1789040496.3347,collate,3,0,29665,,,,,,26.965,26.881,,6.0,1.0,,,,,
1789040499.2793,collate,3,0,29665,,,,,,52.339,52.253,,8.0,1.0,,,,,
1789040501.7954,collate,3,0,29665,,,,,,46.93,46.798,,7.0,1.0,,,,,
1789040503.7437,collate,3,0,29665,,,,,,29.247,29.204,,5.0,1.0,,,,,
1789040505.8311,collate,3,0,29665,,,,,,177.332,176.976,,4.0,1.0,,,,,
1789040507.8896,collate,3,0,29665,,,,,,54.579,54.522,,5.0,1.0,,,,,
1789040511.2426,collate,3,0,29665,,,,,,50.588,50.46,,8.0,1.0,,,,,
1789040513.2774,collate,3,0,29665,,,,,,47.675,47.596,,5.0,1.0,,,,,
1789040515.1835,collate,3,0,29665,,,,,,52.112,52.026,,5.0,1.0,,,,,
1789040517.4225,collate,3,0,29665,,,,,,49.809,49.751,,6.0,1.0,,,,,
1789040520.1372,collate,3,0,29665,,,,,,46.367,46.295,,7.0,1.0,,,,,
1789040522.6907,collate,3,0,29665,,,,,,43.318,43.245,,7.0,1.0,,,,,
1789040525.3437,collate,3,0,29665,,,,,,51.785,51.71,,7.0,1.0,,,,,
1789040527.2731,collate,3,0,29665,,,,,,51.82,51.666,,4.0,1.0,,,,,
1789040530.0037,collate,3,0,29665,,,,,,28.094,28.059,,7.0,1.0,,,,,
1789040532.55,collate,3,0,29665,,,,,,67.735,67.619,,6.0,1.0,,,,,
1789040535.1337,collate,3,0,29665,,,,,,33.534,33.475,,6.0,1.0,,,,,
1789040537.5308,collate,3,0,29665,,,,,,60.02,59.889,,6.0,1.0,,,,,
1789040539.7076,collate,3,0,29665,,,,,,34.662,34.605,,4.0,1.0,,,,,
1789040542.7285,collate,3,0,29665,,,,,,63.403,63.286,,8.0,1.0,,,,,
1789040544.7795,collate,3,0,29665,,,,,,94.891,94.744,,4.0,1.0,,,,,
1789040547.7728,collate,3,0,29665,,,,,,302.604,302.021,,7.0,1.0,,,,,
1789040550.59,collate,3,0,29665,,,,,,84.647,84.367,,7.0,1.0,,,,,
1789040552.7156,collate,3,0,29665,,,,,,26.524,26.485,,5.0,1.0,,,,,
1789040554.7474,collate,3,0,29665,,,,,,42.418,42.351,,5.0,1.0,,,,,
1789040557.5445,collate,3,0,29665,,,,,,49.306,49.238,,7.0,1.0,,,,,
1789040559.5698,collate,3,0,29665,,,,,,36.677,36.624,,5.0,1.0,,,,,
1789040561.6001,collate,3,0,29665,,,,,,134.493,134.165,,5.0,1.0,,,,,
1789040564.2818,collate,3,0,29665,,,,,,32.805,32.72,,7.0,1.0,,,,,
1789040566.2325,collate,3,0,29665,,,,,,52.182,52.001,,5.0,1.0,,,,,
1789040568.7726,collate,3,0,29665,,,,,,38.334,38.276,,6.0,1.0,,,,,
1789040571.8694,collate,3,0,29665,,,,,,29.494,29.347,,8.0,1.0,,,,,
1789040574.0116,collate,3,0,29665,,,,,,49.107,48.952,,5.0,1.0,,,,,
1789040576.1785,collate,3,0,29665,,,,,,55.58,55.442,,5.0,1.0,,,,,
1789040578.1249,collate,3,0,29665,,,,,,24.01,23.977,,4.0,1.0,,,,,
1789040580.7548,collate,3,0,29665,,,,,,62.335,62.226,,6.0,1.0,,,,,
1789040583.5476,collate,3,0,29665,,,,,,33.827,33.758,,6.0,1.0,,,,,
1789040585.42,collate,3,0,29665,,,,,,53.811,53.718,,4.0,1.0,,,,,
1789040587.8624,collate,3,0,29665,,,,,,35.597,35.529,,6.0,1.0,,,,,
1789040589.8576,collate,3,0,29665,,,,,,42.516,42.336,,5.0,1.0,,,,,
1789040592.1018,collate,3,0,29665,,,,,,76.291,76.127,,6.0,1.0,,,,,
1789040594.3961,collate,3,0,29665,,,,,,43.354,43.305,,6.0,1.0,,,,,
1789040596.7744,collate,3,0,29665,,,,,,58.691,58.529,,6.0,1.0,,,,,
1789040599.207,collate,3,0,29665,,,,,,24.324,24.265,,6.0,1.0,,,,,
1789040601.3761,collate,3,0,29665,,,,,,47.908,47.78,,5.0,1.0,,,,,
1789040604.57,collate,3,0,29665,,,,,,370.532,369.445,,7.0,1.0,,,,,
1789040606.9681,collate,3,0,29665,,,,,,84.807,84.597,,6.0,1.0,,,,,
1789040609.8733,collate,3,0,29665,,,,,,52.029,51.944,,7.0,1.0,,,,,
1789040612.3661,collate,3,0,29665,,,,,,85.131,84.959,,6.0,1.0,,,,,
1789040614.8452,collate,3,0,29665,,,,,,25.681,25.607,,6.0,1.0,,,,,
1789040617.1977,collate,3,0,29665,,,,,,157.914,157.658,,5.0,1.0,,,,,
1789040619.9328,collate,3,0,29665,,,,,,189.464,189.066,,6.0,1.0,,,,,
1789040622.6302,collate,3,0,29665,,,,,,54.404,54.283,,7.0,1.0,,,,,
1789040624.9576,collate,3,0,29665,,,,,,82.924,82.768,,5.0,1.0,,,,,
1789040627.1568,collate,3,0,29665,,,,,,242.653,242.1,,5.0,1.0,,,,,
1789040628.8311,collate,3,0,29665,,,,,,80.389,80.181,,4.0,1.0,,,,,
1789040631.5616,collate,3,0,29665,,,,,,60.553,60.228,,7.0,1.0,,,,,
1789040634.1395,collate,3,0,29665,,,,,,30.348,30.291,,7.0,1.0,,,,,
1789040636.5968,collate,3,0,29665,,,,,,90.635,90.338,,6.0,1.0,,,,,
1789040638.5523,collate,3,0,29665,,,,,,162.418,162.094,,3.0,1.0,,,,,
1789040641.1988,collate,3,0,29665,,,,,,64.83,64.634,,7.0,1.0,,,,,
1789040644.0442,collate,3,0,29665,,,,,,191.813,191.236,,7.0,1.0,,,,,
1789040646.8574,collate,3,0,29665,,,,,,26.901,26.793,,7.0,1.0,,,,,
1789040649.4714,collate,3,0,29665,,,,,,23.681,23.6,,6.0,1.0,,,,,
1789040651.9557,collate,3,0,29665,,,,,,190.885,190.263,,5.0,1.0,,,,,
1789040654.244,collate,3,0,29665,,,,,,71.321,71.121,,6.0,1.0,,,,,
1789040657.2747,collate,3,0,29665,,,,,,51.896,51.698,,8.0,1.0,,,,,
1789040659.6239,collate,3,0,29665,,,,,,74.214,74.121,,5.0,1.0,,,,,
1789040661.9661,collate,3,0,29665,,,,,,55.276,55.106,,5.0,1.0,,,,,
1789040663.8605,collate,3,0,29665,,,,,,56.437,56.316,,5.0,1.0,,,,,
1789040666.651,collate,3,0,29665,,,,,,70.379,70.173,,6.0,1.0,,,,,
1789040669.2335,collate,3,0,29665,,,,,,173.074,172.672,,6.0,1.0,,,,,
1789040671.5855,collate,3,0,29665,,,,,,33.405,33.315,,6.0,1.0,,,,,
1789040674.2301,collate,3,0,29665,,,,,,32.575,32.494,,6.0,1.0,,,,,
1789040676.6102,collate,3,0,29665,,,,,,55.987,55.865,,6.0,1.0,,,,,
1789040679.2551,collate,3,0,29665,,,,,,79.524,79.341,,6.0,1.0,,,,,
1789040682.5747,collate,3,0,29665,,,,,,52.514,52.437,,9.0,1.0,,,,,
1789040684.4231,collate,3,0,29665,,,,,,26.063,26.034,,5.0,1.0,,,,,
1789040686.9525,collate,3,0,29665,,,,,,180.679,179.512,,6.0,1.0,,,,,
1789040688.8365,collate,3,0,29665,,,,,,163.009,162.714,,4.0,1.0,,,,,
1789040691.4788,collate,3,0,29665,,,,,,107.252,106.666,,7.0,1.0,,,,,
1789040694.22,collate,3,0,29665,,,,,,50.81,50.508,,7.0,1.0,,,,,
1789040696.9758,collate,3,0,29665,,,,,,124.003,123.674,,6.0,1.0,,,,,
1789040699.6953,collate,3,0,29665,,,,,,46.355,46.149,,7.0,1.0,,,,,
1789040702.2061,collate,3,0,29665,,,,,,60.441,60.33,,6.0,1.0,,,,,
1789040704.3259,collate,3,0,29665,,,,,,51.834,51.709,,5.0,1.0,,,,,
1789040706.6428,collate,3,0,29665,,,,,,31.948,31.909,,6.0,1.0,,,,,
1789040709.3766,collate,3,0,29665,,,,,,32.098,31.955,,7.0,1.0,,,,,
1789040711.3266,collate,3,0,29665,,,,,,52.814,52.728,,5.0,1.0,,,,,
1789040714.4795,collate,3,0,29665,,,,,,109.046,108.557,,7.0,1.0,,,,,
1789040716.815,collate,3,0,29665,,,,,,74.684,74.519,,6.0,1.0,,,,,
1789040718.5194,collate,3,0,29665,,,,,,41.21,41.115,,4.0,1.0,,,,,
1789040721.0265,collate,3,0,29665,,,,,,47.036,46.962,,7.0,1.0,,,,,
1789040723.3479,collate,3,0,29665,,,,,,26.016,25.882,,5.0,1.0,,,,,
1789040726.0149,collate,3,0,29665,,,,,,36.214,36.022,,6.0,1.0,,,,,
1789040728.4453,collate,3,0,29665,,,,,,49.316,49.219,,6.0,1.0,,,,,
1789040731.0202,collate,3,0,29665,,,,,,33.117,32.978,,7.0,1.0,,,,,
1789040733.1649,collate,3,0,29665,,,,,,48.95,48.886,,5.0,1.0,,,,,
1789040735.9931,collate,3,0,29665,,,,,,23.91,23.855,,7.0,1.0,,,,,
1789040738.5043,collate,3,0,29665,,,,,,28.535,28.359,,7.0,1.0,,,,,
1789040740.9722,collate,3,0,29665,,,,,,49.575,49.46,,6.0,1.0,,,,,
1789040743.9439,collate,3,0,29665,,,,,,47.891,47.684,,7.0,1.0,,,,,
1789040745.787,collate,3,0,29665,,,,,,37.052,36.986,,4.0,1.0,,,,,
1789040748.0863,collate,3,0,29665,,,,,,36.597,36.531,,6.0,1.0,,,,,
1789040751.5091,collate,3,0,29665,,,,,,53.47,53.321,,7.0,1.0,,,,,
1789040753.9455,collate,3,0,29665,,,,,,22.875,22.816,,6.0,1.0,,,,,
1789040756.4771,collate,3,0,29665,,,,,,34.776,34.627,,7.0,1.0,,,,,
1789040759.1707,collate,3,0,29665,,,,,,54.4,54.32,,6.0,1.0,,,,,
1789040761.6647,collate,3,0,29665,,,,,,50.129,49.857,,6.0,1.0,,,,,
1789040764.1268,collate,3,0,29665,,,,,,45.548,45.477,,6.0,1.0,,,,,
1789040766.214,collate,3,0,29665,,,,,,58.02,57.833,,5.0,1.0,,,,,
1789040768.7933,collate,3,0,29665,,,,,,55.01,54.791,,7.0,1.0,,,,,
1789040770.743,collate,3,0,29665,,,,,,35.396,35.243,,3.0,1.0,,,,,
1789040773.6134,collate,3,0,29665,,,,,,57.112,56.8,,7.0,1.0,,,,,
1789040776.4414,collate,3,0,29665,,,,,,23.937,23.87,,7.0,1.0,,,,,
1789040779.0083,collate,3,0,29665,,,,,,24.767,24.637,,6.0,1.0,,,,,
1789040781.2713,collate,3,0,29665,,,,,,42.455,42.337,,6.0,1.0,,,,,
1789040783.6165,collate,3,0,29665,,,,,,67.687,67.584,,5.0,1.0,,,,,
1789040785.5289,collate,3,0,29665,,,,,,46.85,46.619,,5.0,1.0,,,,,
1789040788.0313,collate,3,0,29665,,,,,,42.945,42.743,,6.0,1.0,,,,,
1789040790.5403,collate,3,0,29665,,,,,,21.909,21.832,,6.0,1.0,,,,,
1789040792.8369,collate,3,0,29665,,,,,,48.644,48.565,,6.0,1.0,,,,,
1789040794.8194,collate,3,0,29665,,,,,,42.195,42.132,,5.0,1.0,,,,,
1789040797.4668,collate,3,0,29665,,,,,,51.662,51.564,,6.0,1.0,,,,,
1789040799.3555,collate,3,0,29665,,,,,,24.306,24.118,,5.0,1.0,,,,,
1789040801.1824,collate,3,0,29665,,,,,,23.974,23.924,,4.0,1.0,,,,,
1789040803.9507,collate,3,0,29665,,,,,,47.097,46.915,,7.0,1.0,,,,,
1789040806.7865,collate,3,0,29665,,,,,,56.098,55.965,,7.0,1.0,,,,,
1789040808.943,collate,3,0,29665,,,,,,30.018,29.837,,5.0,1.0,,,,,
1789040810.8426,collate,3,0,29665,,,,,,32.446,32.36,,4.0,1.0,,,,,
1789040813.4913,collate,3,0,29665,,,,,,68.094,67.968,,6.0,1.0,,,,,
1789040815.9886,collate,3,0,29665,,,,,,52.523,52.248,,7.0,1.0,,,,,
1789040818.8486,collate,3,0,29665,,,,,,36.714,36.624,,6.0,1.0,,,,,
1789040821.433,collate,3,0,29665,,,,,,36.934,36.848,,7.0,1.0,,,,,
1789040824.0878,collate,3,0,29665,,,,,,48.451,48.334,,6.0,1.0,,,,,
1789040826.3451,collate,3,0,29665,,,,,,43.041,42.89,,6.0,1.0,,,,,
1789040829.1513,collate,3,0,29665,,,,,,50.87,50.764,,7.0,1.0,,,,,
1789040830.8089,collate,3,0,29665,,,,,,47.796,47.737,,4.0,1.0,,,,,
1789040832.6345,collate,3,0,29665,,,,,,50.595,50.462,,4.0,1.0,,,,,
1789040834.9061,collate,3,0,29665,,,,,,54.274,54.19,,6.0,1.0,,,,,
1789040837.9247,collate,3,0,29665,,,,,,38.451,38.383,,9.0,1.0,,,,,
1789040840.1678,collate,3,0,29665,,,,,,20.956,20.853,,6.0,1.0,,,,,
1789040842.7914,collate,3,0,29665,,,,,,199.051,198.633,,6.0,1.0,,,,,
1789040845.1823,collate,3,0,29665,,,,,,79.24,79.084,,7.0,1.0,,,,,
1789040847.5416,collate,3,0,29665,,,,,,56.044,55.939,,6.0,1.0,,,,,
1789040850.4372,collate,3,0,29665,,,,,,174.1,173.77,,7.0,1.0,,,,,
1789040852.7808,collate,3,0,29665,,,,,,57.129,56.986,,5.0,1.0,,,,,
1789040855.152,collate,3,0,29665,,,,,,24.678,24.642,,6.0,1.0,,,,,
1789040857.4448,collate,3,0,29665,,,,,,70.593,70.432,,5.0,1.0,,,,,
1789040859.4126,collate,3,0,29665,,,,,,50.185,50.032,,4.0,1.0,,,,,
1789040861.6005,collate,3,0,29665,,,,,,67.619,67.438,,5.0,1.0,,,,,
1789040864.3462,collate,3,0,29665,,,,,,114.387,113.953,,7.0,1.0,,,,,
1789040866.6943,collate,3,0,29665,,,,,,23.158,23.125,,6.0,1.0,,,,,
1789040868.928,collate,3,0,29665,,,,,,58.601,58.462,,5.0,1.0,,,,,
1789040871.3922,collate,3,0,29665,,,,,,58.617,58.519,,6.0,1.0,,,,,
1789040873.548,collate,3,0,29665,,,,,,31.466,31.411,,6.0,1.0,,,,,
1789040876.4208,collate,3,0,29665,,,,,,38.148,37.937,,7.0,1.0,,,,,
1789040878.7043,collate,3,0,29665,,,,,,214.322,213.94,,6.0,1.0,,,,,
1789040881.4294,collate,3,0,29665,,,,,,38.519,38.385,,7.0,1.0,,,,,
1789040883.3973,collate,3,0,29665,,,,,,54.576,54.365,,4.0,1.0,,,,,
1789040885.8545,collate,3,0,29665,,,,,,73.113,72.903,,6.0,1.0,,,,,
1789040888.2636,collate,3,0,29665,,,,,,61.439,61.334,,5.0,1.0,,,,,
1789040890.1381,collate,3,0,29665,,,,,,52.399,52.321,,4.0,1.0,,,,,
1789040892.6965,collate,3,0,29665,,,,,,47.27,47.183,,7.0,1.0,,,,,
1789040894.7928,collate,3,0,29665,,,,,,47.292,47.013,,4.0,1.0,,,,,
1789040897.2398,collate,3,0,29665,,,,,,85.626,85.382,,6.0,1.0,,,,,
1789040899.3701,collate,3,0,29665,,,,,,26.605,26.453,,5.0,1.0,,,,,
1789040902.1489,collate,3,0,29665,,,,,,32.322,31.933,,7.0,1.0,,,,,
1789040904.625,collate,3,0,29665,,,,,,49.447,49.347,,5.0,1.0,,,,,
1789040907.6152,collate,3,0,29665,,,,,,44.766,44.499,,8.0,1.0,,,,,
1789040910.2018,collate,3,0,29665,,,,,,25.007,24.952,,7.0,1.0,,,,,
1789040912.8844,collate,3,0,29665,,,,,,57.481,57.267,,7.0,1.0,,,,,
1789040915.556,collate,3,0,29665,,,,,,53.117,52.912,,6.0,1.0,,,,,
1789040917.5028,collate,3,0,29665,,,,,,49.539,49.438,,5.0,1.0,,,,,
1789040919.8089,collate,3,0,29665,,,,,,80.694,80.587,,5.0,1.0,,,,,
1789040922.1025,collate,3,0,29665,,,,,,32.892,32.83,,5.0,1.0,,,,,
1789040924.6755,collate,3,0,29665,,,,,,90.536,90.391,,6.0,1.0,,,,,
1789040927.3825,collate,3,0,29665,,,,,,62.877,62.766,,7.0,1.0,,,,,
1789040930.5853,collate,3,0,29665,,,,,,52.408,52.247,,8.0,1.0,,,,,
1789040932.4185,collate,3,0,29665,,,,,,30.121,30.049,,5.0,1.0,,,,,
1789040934.7393,collate,3,0,29665,,,,,,50.103,49.995,,6.0,1.0,,,,,
1789040936.9016,collate,3,0,29665,,,,,,51.109,51.003,,5.0,1.0,,,,,
1789040939.8874,collate,3,0,29665,,,,,,40.528,40.407,,6.0,1.0,,,,,
1789040942.6504,collate,3,0,29665,,,,,,54.894,54.775,,7.0,1.0,,,,,
1789040945.0294,collate,3,0,29665,,,,,,30.395,30.29,,6.0,1.0,,,,,
1789040947.8406,collate,3,0,29665,,,,,,27.068,27.014,,7.0,1.0,,,,,
1789040950.6109,collate,3,0,29665,,,,,,80.31,80.054,,7.0,1.0,,,,,
1789040952.7332,collate,3,0,29665,,,,,,74.962,74.829,,4.0,1.0,,,,,
1789040954.859,collate,3,0,29665,,,,,,45.674,45.533,,4.0,1.0,,,,,
1789040957.5309,collate,3,0,29665,,,,,,31.355,31.305,,6.0,1.0,,,,,
1789040960.2844,collate,3,0,29665,,,,,,30.787,30.715,,7.0,1.0,,,,,
1789040963.3431,collate,3,0,29665,,,,,,58.197,58.066,,8.0,1.0,,,,,
1789040965.455,collate,3,0,29665,,,,,,67.043,66.883,,6.0,1.0,,,,,
1789040967.5239,collate,3,0,29665,,,,,,42.53,42.436,,5.0,1.0,,,,,
1789040970.2279,collate,3,0,29665,,,,,,49.706,49.58,,6.0,1.0,,,,,
1789040972.6923,collate,3,0,29665,,,,,,53.299,53.151,,6.0,1.0,,,,,
1789040975.0514,collate,3,0,29665,,,,,,40.317,40.129,,6.0,1.0,,,,,
1789040977.8383,collate,3,0,29665,,,,,,48.071,48.001,,7.0,1.0,,,,,
1789040979.2709,collate,3,0,29665,,,,,,34.743,34.649,,4.0,1.0,,,,,
1789040981.6837,collate,3,0,29665,,,,,,27.279,27.225,,5.0,1.0,,,,,
1789040984.2709,collate,3,0,29665,,,,,,55.728,55.509,,6.0,1.0,,,,,
1789040986.68,collate,3,0,29665,,,,,,73.063,72.945,,6.0,1.0,,,,,
1789040988.8242,collate,3,0,29665,,,,,,82.296,82.105,,5.0,1.0,,,,,
1789040991.4939,collate,3,0,29665,,,,,,64.323,64.099,,7.0,1.0,,,,,
1789040993.5913,collate,3,0,29665,,,,,,34.331,34.258,,5.0,1.0,,,,,
1789040995.701,collate,3,0,29665,,,,,,55.662,55.532,,5.0,1.0,,,,,
1789040997.8802,collate,3,0,29665,,,,,,48.89,48.785,,5.0,1.0,,,,,
1789041000.2996,collate,3,0,29665,,,,,,28.358,28.31,,6.0,1.0,,,,,
1789041002.4512,collate,3,0,29665,,,,,,52.52,52.434,,5.0,1.0,,,,,
1789041005.1624,collate,3,0,29665,,,,,,40.197,40.102,,6.0,1.0,,,,,
1789041007.0118,collate,3,0,29665,,,,,,24.419,24.36,,4.0,1.0,,,,,
1789041009.3385,collate,3,0,29665,,,,,,49.856,49.703,,6.0,1.0,,,,,
1789041011.372,collate,3,0,29665,,,,,,54.169,54.094,,5.0,1.0,,,,,
1789041013.8229,collate,3,0,29665,,,,,,49.017,48.945,,6.0,1.0,,,,,
1789041016.2365,collate,3,0,29665,,,,,,23.408,23.316,,6.0,1.0,,,,,
1789041018.9416,collate,3,0,29665,,,,,,27.755,27.701,,7.0,1.0,,,,,
1789041021.1867,collate,3,0,29665,,,,,,51.683,51.5,,5.0,1.0,,,,,
1789041023.7734,collate,3,0,29665,,,,,,56.063,55.974,,6.0,1.0,,,,,
1789041026.5909,collate,3,0,29665,,,,,,50.179,50.051,,7.0,1.0,,,,,
1789041028.9286,collate,3,0,29665,,,,,,22.751,22.68,,6.0,1.0,,,,,
1789041031.7287,collate,3,0,29665,,,,,,27.695,27.634,,6.0,1.0,,,,,
1789041033.7727,collate,3,0,29665,,,,,,53.06,52.972,,4.0,1.0,,,,,
1789041035.627,collate,3,0,29665,,,,,,51.464,51.265,,5.0,1.0,,,,,
1789041038.5993,collate,3,0,29665,,,,,,47.697,47.617,,7.0,1.0,,,,,
1789041041.3365,collate,3,0,29665,,,,,,35.737,35.614,,6.0,1.0,,,,,
1789041043.9386,collate,3,0,29665,,,,,,27.135,27.065,,6.0,1.0,,,,,
1789041046.5307,collate,3,0,29665,,,,,,54.021,53.879,,6.0,1.0,,,,,
1789041049.0636,collate,3,0,29665,,,,,,54.722,54.598,,6.0,1.0,,,,,
1789041051.3529,collate,3,0,29665,,,,,,29.678,29.574,,6.0,1.0,,,,,
1789041053.6562,collate,3,0,29665,,,,,,37.593,37.526,,5.0,1.0,,,,,
1789041056.3078,collate,3,0,29665,,,,,,40.827,40.742,,7.0,1.0,,,,,
1789041058.8196,collate,3,0,29665,,,,,,24.43,24.395,,7.0,1.0,,,,,
1789041061.0307,collate,3,0,29665,,,,,,40.455,40.342,,6.0,1.0,,,,,
1789041063.6084,collate,3,0,29665,,,,,,54.834,54.712,,5.0,1.0,,,,,
1789041065.922,collate,3,0,29665,,,,,,54.464,54.279,,6.0,1.0,,,,,
1789041067.8547,collate,3,0,29665,,,,,,25.284,25.189,,5.0,1.0,,,,,
1789041069.8771,collate,3,0,29665,,,,,,26.16,26.114,,5.0,1.0,,,,,
1789041073.0587,collate,3,0,29665,,,,,,52.813,52.704,,7.0,1.0,,,,,
1789041075.4373,collate,3,0,29665,,,,,,49.35,49.255,,6.0,1.0,,,,,
1789041077.5902,collate,3,0,29665,,,,,,55.194,55.113,,5.0,1.0,,,,,
1789041079.7422,collate,3,0,29665,,,,,,22.742,22.699,,6.0,1.0,,,,,
1789041082.5199,collate,3,0,29665,,,,,,31.626,31.584,,8.0,1.0,,,,,
1789041084.3716,collate,3,0,29665,,,,,,45.383,45.266,,5.0,1.0,,,,,
1789041086.5408,collate,3,0,29665,,,,,,26.098,26.033,,7.0,1.0,,,,,
1789041088.2796,collate,3,0,29665,,,,,,57.89,57.75,,5.0,1.0,,,,,
1789041090.3381,collate,3,0,29665,,,,,,45.492,45.421,,4.0,1.0,,,,,
1789041092.7772,collate,3,0,29665,,,,,,23.291,23.241,,6.0,1.0,,,,,
1789039866.2206,collate,3,1,29674,,,,,,65.235,64.982,,6.0,1.0,,,,,
1789039868.0238,collate,3,1,29674,,,,,,34.624,34.272,,4.0,1.0,,,,,
1789039870.4753,collate,3,1,29674,,,,,,39.873,39.815,,6.0,1.0,,,,,
1789039872.5982,collate,3,1,29674,,,,,,38.212,38.157,,6.0,1.0,,,,,
1789039874.5548,collate,3,1,29674,,,,,,25.165,25.128,,5.0,1.0,,,,,
1789039877.0176,collate,3,1,29674,,,,,,42.15,42.071,,5.0,1.0,,,,,
1789039879.5524,collate,3,1,29674,,,,,,25.787,25.708,,6.0,1.0,,,,,
1789039881.974,collate,3,1,29674,,,,,,50.27,50.173,,6.0,1.0,,,,,
1789039884.321,collate,3,1,29674,,,,,,43.175,43.069,,6.0,1.0,,,,,
1789039886.4822,collate,3,1,29674,,,,,,49.093,48.994,,6.0,1.0,,,,,
1789039890.2679,collate,3,1,29674,,,,,,38.301,38.213,,9.0,1.0,,,,,
1789039893.3304,collate,3,1,29674,,,,,,83.458,83.328,,8.0,1.0,,,,,
1789039895.61,collate,3,1,29674,,,,,,94.88,94.644,,5.0,1.0,,,,,
1789039897.2751,collate,3,1,29674,,,,,,41.293,41.234,,4.0,1.0,,,,,
1789039899.8699,collate,3,1,29674,,,,,,254.164,253.757,,6.0,1.0,,,,,
1789039902.2857,collate,3,1,29674,,,,,,211.947,211.571,,5.0,1.0,,,,,
1789039904.9887,collate,3,1,29674,,,,,,57.801,57.653,,7.0,1.0,,,,,
1789039907.3551,collate,3,1,29674,,,,,,50.62,50.548,,5.0,1.0,,,,,
1789039909.7108,collate,3,1,29674,,,,,,45.285,45.217,,5.0,1.0,,,,,
1789039911.9494,collate,3,1,29674,,,,,,57.42,57.31,,5.0,1.0,,,,,
1789039914.5737,collate,3,1,29674,,,,,,30.361,30.316,,7.0,1.0,,,,,
1789039916.8683,collate,3,1,29674,,,,,,49.874,49.683,,5.0,1.0,,,,,
1789039918.821,collate,3,1,29674,,,,,,59.352,59.269,,4.0,1.0,,,,,
1789039921.1347,collate,3,1,29674,,,,,,93.921,93.633,,6.0,1.0,,,,,
1789039924.0527,collate,3,1,29674,,,,,,25.314,25.278,,6.0,1.0,,,,,
1789039926.6036,collate,3,1,29674,,,,,,50.213,50.148,,6.0,1.0,,,,,
1789039929.5756,collate,3,1,29674,,,,,,25.983,25.944,,8.0,1.0,,,,,
1789039932.1863,collate,3,1,29674,,,,,,25.168,25.101,,7.0,1.0,,,,,
1789039934.5393,collate,3,1,29674,,,,,,51.944,51.874,,5.0,1.0,,,,,
1789039937.2166,collate,3,1,29674,,,,,,129.556,129.32,,7.0,1.0,,,,,
1789039939.2071,collate,3,1,29674,,,,,,51.536,51.43,,5.0,1.0,,,,,
1789039941.8519,collate,3,1,29674,,,,,,26.329,26.261,,6.0,1.0,,,,,
1789039944.7998,collate,3,1,29674,,,,,,74.417,74.189,,7.0,1.0,,,,,
1789039947.4672,collate,3,1,29674,,,,,,53.382,53.18,,7.0,1.0,,,,,
1789039949.8345,collate,3,1,29674,,,,,,94.356,94.083,,5.0,1.0,,,,,
1789039951.979,collate,3,1,29674,,,,,,23.551,23.498,,4.0,1.0,,,,,
1789039954.6193,collate,3,1,29674,,,,,,54.387,54.316,,7.0,1.0,,,,,
1789039956.874,collate,3,1,29674,,,,,,26.522,26.44,,5.0,1.0,,,,,
1789039959.6452,collate,3,1,29674,,,,,,26.729,26.68,,6.0,1.0,,,,,
1789039961.7702,collate,3,1,29674,,,,,,132.401,132.162,,5.0,1.0,,,,,
1789039963.9594,collate,3,1,29674,,,,,,226.264,225.888,,5.0,1.0,,,,,
1789039965.736,collate,3,1,29674,,,,,,49.12,49.053,,4.0,1.0,,,,,
1789039968.4382,collate,3,1,29674,,,,,,177.169,176.905,,5.0,1.0,,,,,
1789039970.8752,collate,3,1,29674,,,,,,34.553,34.475,,6.0,1.0,,,,,
1789039973.1337,collate,3,1,29674,,,,,,135.223,134.98,,4.0,1.0,,,,,
1789039974.9833,collate,3,1,29674,,,,,,112.991,112.793,,4.0,1.0,,,,,
1789039977.9575,collate,3,1,29674,,,,,,55.605,55.513,,8.0,1.0,,,,,
1789039979.7669,collate,3,1,29674,,,,,,52.133,52.061,,4.0,1.0,,,,,
1789039982.0193,collate,3,1,29674,,,,,,79.327,79.211,,5.0,1.0,,,,,
1789039984.04,collate,3,1,29674,,,,,,24.023,23.994,,5.0,1.0,,,,,
1789039986.4269,collate,3,1,29674,,,,,,55.351,55.28,,5.0,1.0,,,,,
1789039989.0884,collate,3,1,29674,,,,,,42.38,42.291,,6.0,1.0,,,,,
1789039991.941,collate,3,1,29674,,,,,,23.053,22.976,,7.0,1.0,,,,,
1789039994.3052,collate,3,1,29674,,,,,,48.624,48.538,,5.0,1.0,,,,,
1789039996.602,collate,3,1,29674,,,,,,37.475,37.391,,6.0,1.0,,,,,
1789039999.2902,collate,3,1,29674,,,,,,168.866,168.43,,6.0,1.0,,,,,
1789040002.0779,collate,3,1,29674,,,,,,105.1,104.928,,6.0,1.0,,,,,
1789040004.7018,collate,3,1,29674,,,,,,296.493,295.994,,5.0,1.0,,,,,
1789040007.1046,collate,3,1,29674,,,,,,60.744,60.654,,6.0,1.0,,,,,
1789040009.6641,collate,3,1,29674,,,,,,25.402,25.376,,7.0,1.0,,,,,
1789040011.923,collate,3,1,29674,,,,,,56.783,56.698,,5.0,1.0,,,,,
1789040014.3725,collate,3,1,29674,,,,,,59.675,59.572,,7.0,1.0,,,,,
1789040016.9161,collate,3,1,29674,,,,,,57.731,57.565,,6.0,1.0,,,,,
1789040019.1181,collate,3,1,29674,,,,,,63.356,63.236,,5.0,1.0,,,,,
1789040021.5413,collate,3,1,29674,,,,,,76.403,76.206,,6.0,1.0,,,,,
1789040023.8172,collate,3,1,29674,,,,,,47.662,47.58,,5.0,1.0,,,,,
1789040025.9322,collate,3,1,29674,,,,,,35.537,35.463,,5.0,1.0,,,,,
1789040028.6476,collate,3,1,29674,,,,,,32.131,32.088,,6.0,1.0,,,,,
1789040031.2799,collate,3,1,29674,,,,,,52.556,52.44,,6.0,1.0,,,,,
1789040033.8094,collate,3,1,29674,,,,,,24.736,24.703,,6.0,1.0,,,,,
1789040035.9376,collate,3,1,29674,,,,,,48.006,47.826,,5.0,1.0,,,,,
1789040037.9654,collate,3,1,29674,,,,,,54.725,54.6,,4.0,1.0,,,,,
1789040040.7195,collate,3,1,29674,,,,,,35.767,35.701,,7.0,1.0,,,,,
1789040043.1919,collate,3,1,29674,,,,,,24.888,24.845,,6.0,1.0,,,,,
1789040045.4852,collate,3,1,29674,,,,,,73.243,73.101,,5.0,1.0,,,,,
1789040048.5352,collate,3,1,29674,,,,,,233.168,232.75,,7.0,1.0,,,,,
1789040051.3766,collate,3,1,29674,,,,,,49.91,49.819,,7.0,1.0,,,,,
1789040054.2359,collate,3,1,29674,,,,,,56.112,55.988,,8.0,1.0,,,,,
1789040057.1692,collate,3,1,29674,,,,,,166.551,166.256,,7.0,1.0,,,,,
1789040059.96,collate,3,1,29674,,,,,,25.643,25.608,,7.0,1.0,,,,,
1789040062.1852,collate,3,1,29674,,,,,,26.725,26.684,,6.0,1.0,,,,,
1789040064.4675,collate,3,1,29674,,,,,,81.616,81.44,,6.0,1.0,,,,,
1789040066.7879,collate,3,1,29674,,,,,,67.501,67.374,,6.0,1.0,,,,,
1789040069.1515,collate,3,1,29674,,,,,,246.053,245.57,,5.0,1.0,,,,,
1789040071.1895,collate,3,1,29674,,,,,,58.586,58.411,,5.0,1.0,,,,,
1789040073.5129,collate,3,1,29674,,,,,,22.55,22.49,,6.0,1.0,,,,,
1789040075.5846,collate,3,1,29674,,,,,,56.32,56.208,,4.0,1.0,,,,,
1789040077.9281,collate,3,1,29674,,,,,,158.936,158.642,,5.0,1.0,,,,,
1789040080.1302,collate,3,1,29674,,,,,,30.687,30.646,,5.0,1.0,,,,,
1789040082.9348,collate,3,1,29674,,,,,,37.493,37.159,,7.0,1.0,,,,,
1789040085.6134,collate,3,1,29674,,,,,,85.834,85.572,,7.0,1.0,,,,,
1789040088.0273,collate,3,1,29674,,,,,,24.295,24.27,,7.0,1.0,,,,,
1789040090.4261,collate,3,1,29674,,,,,,76.583,76.456,,6.0,1.0,,,,,
1789040092.9025,collate,3,1,29674,,,,,,44.368,44.303,,6.0,1.0,,,,,
1789040095.6321,collate,3,1,29674,,,,,,180.904,180.345,,6.0,1.0,,,,,
1789040097.911,collate,3,1,29674,,,,,,39.405,39.332,,6.0,1.0,,,,,
1789040100.1364,collate,3,1,29674,,,,,,24.928,24.878,,5.0,1.0,,,,,
1789040103.0055,collate,3,1,29674,,,,,,161.926,161.641,,7.0,1.0,,,,,
1789040105.3378,collate,3,1,29674,,,,,,35.53,35.437,,5.0,1.0,,,,,
1789040107.4159,collate,3,1,29674,,,,,,48.545,48.459,,5.0,1.0,,,,,
1789040110.2957,collate,3,1,29674,,,,,,154.449,154.137,,7.0,1.0,,,,,
1789040112.4884,collate,3,1,29674,,,,,,23.464,23.252,,5.0,1.0,,,,,
1789040114.7506,collate,3,1,29674,,,,,,55.679,55.603,,5.0,1.0,,,,,
1789040117.3462,collate,3,1,29674,,,,,,43.785,43.7,,6.0,1.0,,,,,
1789040119.5531,collate,3,1,29674,,,,,,105.746,105.505,,6.0,1.0,,,,,
1789040122.2565,collate,3,1,29674,,,,,,23.401,23.375,,7.0,1.0,,,,,
1789040124.9601,collate,3,1,29674,,,,,,22.77,22.733,,7.0,1.0,,,,,
1789040127.6366,collate,3,1,29674,,,,,,216.224,215.854,,7.0,1.0,,,,,
1789040130.7412,collate,3,1,29674,,,,,,39.218,39.157,,8.0,1.0,,,,,
1789040132.5259,collate,3,1,29674,,,,,,58.266,58.14,,4.0,1.0,,,,,
1789040134.6627,collate,3,1,29674,,,,,,37.767,37.676,,5.0,1.0,,,,,
1789040136.5889,collate,3,1,29674,,,,,,25.924,25.867,,5.0,1.0,,,,,
1789040138.8227,collate,3,1,29674,,,,,,42.993,42.934,,6.0,1.0,,,,,
1789040141.9743,collate,3,1,29674,,,,,,27.135,27.108,,8.0,1.0,,,,,
1789040144.2929,collate,3,1,29674,,,,,,41.813,41.39,,6.0,1.0,,,,,
1789040146.3558,collate,3,1,29674,,,,,,53.579,53.494,,5.0,1.0,,,,,
1789040149.0065,collate,3,1,29674,,,,,,39.095,39.029,,6.0,1.0,,,,,
1789040151.4737,collate,3,1,29674,,,,,,201.007,200.533,,5.0,1.0,,,,,
1789040153.5643,collate,3,1,29674,,,,,,164.937,164.633,,6.0,1.0,,,,,
1789040155.6035,collate,3,1,29674,,,,,,25.209,24.95,,4.0,1.0,,,,,
1789040157.7366,collate,3,1,29674,,,,,,52.49,52.415,,5.0,1.0,,,,,
1789040160.4141,collate,3,1,29674,,,,,,54.346,54.236,,7.0,1.0,,,,,
1789040163.1643,collate,3,1,29674,,,,,,21.92,21.885,,7.0,1.0,,,,,
1789040165.5768,collate,3,1,29674,,,,,,89.077,88.836,,5.0,1.0,,,,,
1789040168.0875,collate,3,1,29674,,,,,,36.513,36.471,,5.0,1.0,,,,,
1789040170.3214,collate,3,1,29674,,,,,,52.577,52.479,,6.0,1.0,,,,,
1789040172.5293,collate,3,1,29674,,,,,,25.588,25.535,,5.0,1.0,,,,,
1789040175.1372,collate,3,1,29674,,,,,,37.342,37.268,,6.0,1.0,,,,,
1789040177.4918,collate,3,1,29674,,,,,,52.125,52.019,,5.0,1.0,,,,,
1789040180.0432,collate,3,1,29674,,,,,,87.18,87.078,,6.0,1.0,,,,,
1789040182.1885,collate,3,1,29674,,,,,,288.041,287.471,,4.0,1.0,,,,,
1789040185.3236,collate,3,1,29674,,,,,,83.685,83.532,,6.0,1.0,,,,,
1789040187.5021,collate,3,1,29674,,,,,,34.858,34.813,,6.0,1.0,,,,,
1789040190.1495,collate,3,1,29674,,,,,,72.009,71.892,,7.0,1.0,,,,,
1789040192.8048,collate,3,1,29674,,,,,,88.061,87.904,,7.0,1.0,,,,,
1789040195.4468,collate,3,1,29674,,,,,,39.007,38.94,,6.0,1.0,,,,,
1789040197.292,collate,3,1,29674,,,,,,59.745,59.654,,4.0,1.0,,,,,
1789040199.546,collate,3,1,29674,,,,,,43.203,43.146,,5.0,1.0,,,,,
1789040201.8954,collate,3,1,29674,,,,,,22.986,22.77,,6.0,1.0,,,,,
1789040204.191,collate,3,1,29674,,,,,,43.679,43.345,,6.0,1.0,,,,,
1789040207.1512,collate,3,1,29674,,,,,,44.389,43.498,,8.0,1.0,,,,,
1789040210.159,collate,3,1,29674,,,,,,52.935,52.826,,7.0,1.0,,,,,
1789040212.9826,collate,3,1,29674,,,,,,27.834,27.792,,7.0,1.0,,,,,
1789040214.9514,collate,3,1,29674,,,,,,23.787,23.752,,5.0,1.0,,,,,
1789040216.7355,collate,3,1,29674,,,,,,139.001,138.772,,4.0,1.0,,,,,
1789040219.2969,collate,3,1,29674,,,,,,49.706,49.564,,6.0,1.0,,,,,
1789040221.7953,collate,3,1,29674,,,,,,25.008,24.609,,7.0,1.0,,,,,
1789040224.3437,collate,3,1,29674,,,,,,57.413,57.271,,6.0,1.0,,,,,
1789040227.0095,collate,3,1,29674,,,,,,44.962,44.864,,6.0,1.0,,,,,
1789040229.6266,collate,3,1,29674,,,,,,152.861,152.632,,6.0,1.0,,,,,
1789040232.3827,collate,3,1,29674,,,,,,51.087,51.015,,7.0,1.0,,,,,
1789040235.0426,collate,3,1,29674,,,,,,49.897,49.827,,8.0,1.0,,,,,
1789040237.6641,collate,3,1,29674,,,,,,21.967,21.896,,7.0,1.0,,,,,
1789040240.1362,collate,3,1,29674,,,,,,22.204,22.181,,6.0,1.0,,,,,
1789040242.773,collate,3,1,29674,,,,,,143.131,142.949,,6.0,1.0,,,,,
1789040244.9671,collate,3,1,29674,,,,,,38.223,38.167,,5.0,1.0,,,,,
1789040247.4191,collate,3,1,29674,,,,,,33.323,33.285,,6.0,1.0,,,,,
1789040249.9647,collate,3,1,29674,,,,,,51.697,51.631,,6.0,1.0,,,,,
1789040252.4161,collate,3,1,29674,,,,,,33.773,33.479,,7.0,1.0,,,,,
1789040254.9873,collate,3,1,29674,,,,,,52.099,52.024,,7.0,1.0,,,,,
1789040258.0183,collate,3,1,29674,,,,,,25.151,25.111,,8.0,1.0,,,,,
1789040260.1942,collate,3,1,29674,,,,,,25.006,24.822,,5.0,1.0,,,,,
1789040262.5408,collate,3,1,29674,,,,,,47.904,47.835,,6.0,1.0,,,,,
1789040264.8372,collate,3,1,29674,,,,,,42.989,42.933,,6.0,1.0,,,,,
1789040266.7445,collate,3,1,29674,,,,,,143.439,142.337,,4.0,1.0,,,,,
1789040269.2724,collate,3,1,29674,,,,,,51.353,51.229,,6.0,1.0,,,,,
1789040271.6427,collate,3,1,29674,,,,,,35.936,35.872,,5.0,1.0,,,,,
1789040274.1481,collate,3,1,29674,,,,,,22.541,22.513,,6.0,1.0,,,,,
1789040276.4476,collate,3,1,29674,,,,,,69.135,68.666,,5.0,1.0,,,,,
1789040278.7284,collate,3,1,29674,,,,,,39.928,39.842,,5.0,1.0,,,,,
1789040280.9574,collate,3,1,29674,,,,,,50.021,49.898,,5.0,1.0,,,,,
1789040283.1768,collate,3,1,29674,,,,,,22.676,22.614,,5.0,1.0,,,,,
1789040285.9958,collate,3,1,29674,,,,,,36.979,36.923,,7.0,1.0,,,,,
1789040288.734,collate,3,1,29674,,,,,,215.296,214.912,,6.0,1.0,,,,,
1789040291.7115,collate,3,1,29674,,,,,,48.184,47.804,,8.0,1.0,,,,,
1789040294.5899,collate,3,1,29674,,,,,,45.066,44.992,,7.0,1.0,,,,,
1789040297.7365,collate,3,1,29674,,,,,,29.767,29.729,,8.0,1.0,,,,,
1789040300.7623,collate,3,1,29674,,,,,,26.036,25.998,,7.0,1.0,,,,,
1789040303.4538,collate,3,1,29674,,,,,,82.896,82.719,,7.0,1.0,,,,,
1789040306.0538,collate,3,1,29674,,,,,,107.682,107.468,,7.0,1.0,,,,,
1789040308.5216,collate,3,1,29674,,,,,,44.036,43.923,,6.0,1.0,,,,,
1789040311.0674,collate,3,1,29674,,,,,,39.314,39.254,,6.0,1.0,,,,,
1789040313.6106,collate,3,1,29674,,,,,,36.972,36.92,,6.0,1.0,,,,,
1789040316.215,collate,3,1,29674,,,,,,108.379,108.059,,6.0,1.0,,,,,
1789040318.3763,collate,3,1,29674,,,,,,65.994,65.853,,5.0,1.0,,,,,
1789040320.562,collate,3,1,29674,,,,,,24.031,23.959,,5.0,1.0,,,,,
1789040323.5558,collate,3,1,29674,,,,,,55.551,55.461,,7.0,1.0,,,,,
1789040325.6349,collate,3,1,29674,,,,,,72.508,72.328,,4.0,1.0,,,,,
1789040328.0163,collate,3,1,29674,,,,,,23.259,23.222,,6.0,1.0,,,,,
1789040330.9076,collate,3,1,29674,,,,,,143.373,142.993,,7.0,1.0,,,,,
1789040333.2848,collate,3,1,29674,,,,,,34.983,34.921,,5.0,1.0,,,,,
1789040335.8346,collate,3,1,29674,,,,,,200.68,200.304,,5.0,1.0,,,,,
1789040338.183,collate,3,1,29674,,,,,,51.254,51.184,,6.0,1.0,,,,,
1789040340.5125,collate,3,1,29674,,,,,,22.173,22.131,,6.0,1.0,,,,,
1789040343.0013,collate,3,1,29674,,,,,,41.708,41.621,,7.0,1.0,,,,,
1789040345.5139,collate,3,1,29674,,,,,,43.87,43.767,,5.0,1.0,,,,,
1789040347.9807,collate,3,1,29674,,,,,,50.471,50.389,,6.0,1.0,,,,,
1789040350.0267,collate,3,1,29674,,,,,,75.647,75.537,,5.0,1.0,,,,,
1789040352.0744,collate,3,1,29674,,,,,,26.849,26.773,,5.0,1.0,,,,,
1789040353.9936,collate,3,1,29674,,,,,,51.738,51.582,,4.0,1.0,,,,,
1789040356.5734,collate,3,1,29674,,,,,,54.55,54.431,,6.0,1.0,,,,,
1789040358.7811,collate,3,1,29674,,,,,,29.857,29.828,,5.0,1.0,,,,,
1789040360.9926,collate,3,1,29674,,,,,,47.437,47.336,,5.0,1.0,,,,,
1789040363.6542,collate,3,1,29674,,,,,,42.923,42.837,,7.0,1.0,,,,,
1789040365.6772,collate,3,1,29674,,,,,,51.113,51.002,,5.0,1.0,,,,,
1789040368.8612,collate,3,1,29674,,,,,,35.098,35.039,,8.0,1.0,,,,,
1789040371.0506,collate,3,1,29674,,,,,,36.323,36.222,,5.0,1.0,,,,,
1789040373.9493,collate,3,1,29674,,,,,,167.055,166.699,,7.0,1.0,,,,,
1789040376.3187,collate,3,1,29674,,,,,,86.069,85.832,,6.0,1.0,,,,,
1789040377.9554,collate,3,1,29674,,,,,,35.528,35.408,,3.0,1.0,,,,,
1789040379.94,collate,3,1,29674,,,,,,46.341,46.243,,5.0,1.0,,,,,
1789040381.8158,collate,3,1,29674,,,,,,42.429,42.324,,5.0,1.0,,,,,
1789040384.1087,collate,3,1,29674,,,,,,21.641,21.578,,6.0,1.0,,,,,
1789040386.582,collate,3,1,29674,,,,,,120.03,119.558,,6.0,1.0,,,,,
1789040389.8333,collate,3,1,29674,,,,,,68.113,68.017,,8.0,1.0,,,,,
1789040392.8339,collate,3,1,29674,,,,,,80.016,79.881,,7.0,1.0,,,,,
1789040395.6997,collate,3,1,29674,,,,,,35.183,35.131,,7.0,1.0,,,,,
1789040397.7938,collate,3,1,29674,,,,,,28.184,28.126,,5.0,1.0,,,,,
1789040400.3202,collate,3,1,29674,,,,,,53.828,53.743,,7.0,1.0,,,,,
1789040402.6579,collate,3,1,29674,,,,,,42.137,42.046,,6.0,1.0,,,,,
1789040405.3341,collate,3,1,29674,,,,,,61.998,61.869,,7.0,1.0,,,,,
1789040408.035,collate,3,1,29674,,,,,,24.261,24.228,,6.0,1.0,,,,,
1789040410.0178,collate,3,1,29674,,,,,,31.259,31.191,,5.0,1.0,,,,,
1789040412.3746,collate,3,1,29674,,,,,,47.783,47.71,,5.0,1.0,,,,,
1789040414.8401,collate,3,1,29674,,,,,,42.25,42.166,,7.0,1.0,,,,,
1789040417.1296,collate,3,1,29674,,,,,,51.128,50.999,,5.0,1.0,,,,,
1789040419.1464,collate,3,1,29674,,,,,,30.708,30.644,,5.0,1.0,,,,,
1789040422.3989,collate,3,1,29674,,,,,,36.713,36.631,,8.0,1.0,,,,,
1789040425.5866,collate,3,1,29674,,,,,,53.572,53.474,,7.0,1.0,,,,,
1789040428.3518,collate,3,1,29674,,,,,,67.018,66.917,,7.0,1.0,,,,,
1789040430.4706,collate,3,1,29674,,,,,,22.333,22.297,,5.0,1.0,,,,,
1789040432.9421,collate,3,1,29674,,,,,,47.758,47.672,,6.0,1.0,,,,,
1789040434.9026,collate,3,1,29674,,,,,,44.144,44.067,,4.0,1.0,,,,,
1789040437.8897,collate,3,1,29674,,,,,,25.474,25.448,,7.0,1.0,,,,,
1789040440.081,collate,3,1,29674,,,,,,48.401,48.344,,5.0,1.0,,,,,
1789040442.3108,collate,3,1,29674,,,,,,22.261,22.214,,6.0,1.0,,,,,
1789040444.6695,collate,3,1,29674,,,,,,26.274,26.216,,5.0,1.0,,,,,
1789040447.3101,collate,3,1,29674,,,,,,52.404,52.272,,6.0,1.0,,,,,
1789040449.8947,collate,3,1,29674,,,,,,55.512,55.404,,6.0,1.0,,,,,
1789040451.8946,collate,3,1,29674,,,,,,28.639,28.584,,5.0,1.0,,,,,
1789040454.7533,collate,3,1,29674,,,,,,48.116,48.01,,7.0,1.0,,,,,
1789040457.272,collate,3,1,29674,,,,,,40.533,40.469,,6.0,1.0,,,,,
1789040460.055,collate,3,1,29674,,,,,,25.263,25.234,,8.0,1.0,,,,,
1789040462.5304,collate,3,1,29674,,,,,,49.371,49.277,,6.0,1.0,,,,,
1789040464.824,collate,3,1,29674,,,,,,23.982,23.947,,5.0,1.0,,,,,
1789040467.0761,collate,3,1,29674,,,,,,51.517,51.428,,5.0,1.0,,,,,
1789040469.9983,collate,3,1,29674,,,,,,42.711,42.599,,7.0,1.0,,,,,
1789040472.6611,collate,3,1,29674,,,,,,22.158,22.104,,7.0,1.0,,,,,
1789040475.2869,collate,3,1,29674,,,,,,52.713,52.606,,6.0,1.0,,,,,
1789040477.6779,collate,3,1,29674,,,,,,44.087,43.99,,6.0,1.0,,,,,
1789040480.4171,collate,3,1,29674,,,,,,51.78,51.696,,7.0,1.0,,,,,
1789040482.6042,collate,3,1,29674,,,,,,64.696,64.479,,6.0,1.0,,,,,
1789040485.1655,collate,3,1,29674,,,,,,54.035,53.929,,5.0,1.0,,,,,
1789040487.8118,collate,3,1,29674,,,,,,23.654,23.623,,7.0,1.0,,,,,
1789040489.6484,collate,3,1,29674,,,,,,35.85,35.797,,4.0,1.0,,,,,
1789040492.7148,collate,3,1,29674,,,,,,47.772,47.707,,8.0,1.0,,,,,
1789040494.7419,collate,3,1,29674,,,,,,33.704,33.644,,5.0,1.0,,,,,
1789040496.7436,collate,3,1,29674,,,,,,22.563,22.519,,5.0,1.0,,,,,
1789040499.65,collate,3,1,29674,,,,,,49.225,49.142,,8.0,1.0,,,,,
1789040502.1345,collate,3,1,29674,,,,,,39.855,39.786,,6.0,1.0,,,,,
1789040504.5283,collate,3,1,29674,,,,,,45.063,44.972,,6.0,1.0,,,,,
1789040507.315,collate,3,1,29674,,,,,,66.749,66.651,,7.0,1.0,,,,,
1789040509.9743,collate,3,1,29674,,,,,,50.72,50.629,,7.0,1.0,,,,,
1789040512.0401,collate,3,1,29674,,,,,,22.683,22.652,,5.0,1.0,,,,,
1789040514.5607,collate,3,1,29674,,,,,,30.551,30.483,,6.0,1.0,,,,,
1789040517.5973,collate,3,1,29674,,,,,,59.323,59.218,,7.0,1.0,,,,,
1789040519.748,collate,3,1,29674,,,,,,21.717,21.684,,6.0,1.0,,,,,
1789040522.3022,collate,3,1,29674,,,,,,24.361,24.314,,6.0,1.0,,,,,
1789040523.3009,collate,3,1,29674,,,,,,40.043,39.98,,2.0,1.0,,,,,
1789040525.798,collate,3,1,29674,,,,,,38.227,38.143,,6.0,1.0,,,,,
1789040528.3398,collate,3,1,29674,,,,,,44.272,44.209,,6.0,1.0,,,,,
1789040530.1908,collate,3,1,29674,,,,,,78.326,78.178,,4.0,1.0,,,,,
1789040533.0542,collate,3,1,29674,,,,,,58.386,58.225,,7.0,1.0,,,,,
1789040535.6733,collate,3,1,29674,,,,,,130.183,129.818,,7.0,1.0,,,,,
1789040537.4782,collate,3,1,29674,,,,,,22.801,22.766,,3.0,1.0,,,,,
1789040540.011,collate,3,1,29674,,,,,,43.876,43.783,,6.0,1.0,,,,,
1789040542.4155,collate,3,1,29674,,,,,,51.093,50.999,,5.0,1.0,,,,,
1789040544.6847,collate,3,1,29674,,,,,,47.305,47.223,,6.0,1.0,,,,,
1789040547.3424,collate,3,1,29674,,,,,,135.281,135.026,,6.0,1.0,,,,,
1789040549.436,collate,3,1,29674,,,,,,35.967,35.863,,5.0,1.0,,,,,
1789040551.5169,collate,3,1,29674,,,,,,69.925,69.676,,5.0,1.0,,,,,
1789040553.8782,collate,3,1,29674,,,,,,50.001,49.926,,6.0,1.0,,,,,
1789040556.4072,collate,3,1,29674,,,,,,45.637,45.508,,6.0,1.0,,,,,
1789040558.7509,collate,3,1,29674,,,,,,48.525,48.445,,7.0,1.0,,,,,
1789040561.0877,collate,3,1,29674,,,,,,31.727,31.681,,6.0,1.0,,,,,
1789040563.5691,collate,3,1,29674,,,,,,52.748,52.647,,5.0,1.0,,,,,
1789040566.0993,collate,3,1,29674,,,,,,50.073,49.974,,7.0,1.0,,,,,
1789040568.7689,collate,3,1,29674,,,,,,30.661,30.6,,7.0,1.0,,,,,
1789040571.4881,collate,3,1,29674,,,,,,56.707,56.557,,7.0,1.0,,,,,
1789040573.6448,collate,3,1,29674,,,,,,49.144,49.06,,6.0,1.0,,,,,
1789040575.4715,collate,3,1,29674,,,,,,24.463,24.417,,4.0,1.0,,,,,
1789040578.2208,collate,3,1,29674,,,,,,51.763,51.67,,7.0,1.0,,,,,
1789040580.972,collate,3,1,29674,,,,,,76.766,76.477,,7.0,1.0,,,,,
1789040583.5906,collate,3,1,29674,,,,,,80.496,80.249,,6.0,1.0,,,,,
1789040586.0905,collate,3,1,29674,,,,,,22.487,22.443,,6.0,1.0,,,,,
1789040588.8369,collate,3,1,29674,,,,,,31.433,31.369,,6.0,1.0,,,,,
1789040591.4379,collate,3,1,29674,,,,,,61.501,61.36,,7.0,1.0,,,,,
1789040593.9346,collate,3,1,29674,,,,,,78.502,78.351,,6.0,1.0,,,,,
1789040596.4245,collate,3,1,29674,,,,,,90.771,90.556,,6.0,1.0,,,,,
1789040599.17,collate,3,1,29674,,,,,,50.49,50.387,,7.0,1.0,,,,,
1789040601.9022,collate,3,1,29674,,,,,,34.529,34.354,,7.0,1.0,,,,,
1789040604.3214,collate,3,1,29674,,,,,,42.582,42.443,,5.0,1.0,,,,,
1789040606.6476,collate,3,1,29674,,,,,,86.565,86.311,,5.0,1.0,,,,,
1789040609.0579,collate,3,1,29674,,,,,,54.593,54.485,,6.0,1.0,,,,,
1789040611.0799,collate,3,1,29674,,,,,,39.158,39.089,,5.0,1.0,,,,,
1789040613.5223,collate,3,1,29674,,,,,,27.407,27.342,,5.0,1.0,,,,,
1789040615.935,collate,3,1,29674,,,,,,88.528,88.208,,6.0,1.0,,,,,
1789040617.8596,collate,3,1,29674,,,,,,50.309,50.245,,4.0,1.0,,,,,
1789040620.4321,collate,3,1,29674,,,,,,60.67,60.571,,6.0,1.0,,,,,
1789040622.3599,collate,3,1,29674,,,,,,29.541,29.498,,5.0,1.0,,,,,
1789040624.8559,collate,3,1,29674,,,,,,35.93,35.868,,7.0,1.0,,,,,
1789040626.5253,collate,3,1,29674,,,,,,45.816,45.655,,4.0,1.0,,,,,
1789040628.9934,collate,3,1,29674,,,,,,34.22,33.975,,6.0,1.0,,,,,
1789040631.3831,collate,3,1,29674,,,,,,42.536,42.464,,6.0,1.0,,,,,
1789040633.4971,collate,3,1,29674,,,,,,49.365,49.239,,5.0,1.0,,,,,
1789040636.2236,collate,3,1,29674,,,,,,29.043,28.978,,6.0,1.0,,,,,
1789040639.0248,collate,3,1,29674,,,,,,28.417,28.335,,6.0,1.0,,,,,
1789040641.2721,collate,3,1,29674,,,,,,47.777,47.655,,5.0,1.0,,,,,
1789040643.7308,collate,3,1,29674,,,,,,40.455,40.355,,6.0,1.0,,,,,
1789040645.6834,collate,3,1,29674,,,,,,24.579,24.514,,5.0,1.0,,,,,
1789040647.2596,collate,3,1,29674,,,,,,45.251,45.143,,4.0,1.0,,,,,
1789040649.1578,collate,3,1,29674,,,,,,52.025,51.878,,5.0,1.0,,,,,
1789040651.3938,collate,3,1,29674,,,,,,35.025,34.95,,5.0,1.0,,,,,
1789040653.6399,collate,3,1,29674,,,,,,36.959,36.879,,5.0,1.0,,,,,
1789040656.3658,collate,3,1,29674,,,,,,34.899,34.812,,7.0,1.0,,,,,
1789040658.4592,collate,3,1,29674,,,,,,49.516,49.409,,5.0,1.0,,,,,
1789040660.7243,collate,3,1,29674,,,,,,37.967,37.812,,5.0,1.0,,,,,
1789040663.1945,collate,3,1,29674,,,,,,36.53,36.472,,6.0,1.0,,,,,
1789040665.6797,collate,3,1,29674,,,,,,47.547,47.461,,5.0,1.0,,,,,
1789040667.6657,collate,3,1,29674,,,,,,35.633,35.537,,4.0,1.0,,,,,
1789040669.4687,collate,3,1,29674,,,,,,26.244,26.171,,5.0,1.0,,,,,
1789040671.6992,collate,3,1,29674,,,,,,55.864,55.751,,6.0,1.0,,,,,
1789040673.5957,collate,3,1,29674,,,,,,31.999,31.918,,4.0,1.0,,,,,
1789040676.2523,collate,3,1,29674,,,,,,27.836,27.762,,6.0,1.0,,,,,
1789040679.078,collate,3,1,29674,,,,,,51.719,51.654,,7.0,1.0,,,,,
1789040681.4985,collate,3,1,29674,,,,,,26.236,26.051,,6.0,1.0,,,,,
1789040684.3107,collate,3,1,29674,,,,,,31.3,31.191,,7.0,1.0,,,,,
1789040686.6619,collate,3,1,29674,,,,,,53.078,52.978,,6.0,1.0,,,,,
1789040688.944,collate,3,1,29674,,,,,,42.067,41.944,,6.0,1.0,,,,,
1789040691.4117,collate,3,1,29674,,,,,,57.38,57.258,,6.0,1.0,,,,,
1789040694.2765,collate,3,1,29674,,,,,,49.791,49.601,,7.0,1.0,,,,,
1789040696.7475,collate,3,1,29674,,,,,,32.819,32.772,,6.0,1.0,,,,,
1789040698.7956,collate,3,1,29674,,,,,,46.472,46.257,,5.0,1.0,,,,,
1789040700.9613,collate,3,1,29674,,,,,,25.186,25.112,,5.0,1.0,,,,,
1789040703.1518,collate,3,1,29674,,,,,,36.308,36.123,,5.0,1.0,,,,,
1789040705.4898,collate,3,1,29674,,,,,,52.975,52.866,,6.0,1.0,,,,,
1789040708.0661,collate,3,1,29674,,,,,,56.247,56.149,,6.0,1.0,,,,,
1789040710.1609,collate,3,1,29674,,,,,,26.532,26.425,,4.0,1.0,,,,,
1789040712.6851,collate,3,1,29674,,,,,,72.71,72.599,,7.0,1.0,,,,,
1789040715.3013,collate,3,1,29674,,,,,,55.692,55.593,,6.0,1.0,,,,,
1789040717.5144,collate,3,1,29674,,,,,,65.996,65.833,,5.0,1.0,,,,,
1789040720.082,collate,3,1,29674,,,,,,101.526,101.313,,7.0,1.0,,,,,
1789040722.6015,collate,3,1,29674,,,,,,29.258,29.222,,6.0,1.0,,,,,
1789040725.2321,collate,3,1,29674,,,,,,36.219,36.138,,5.0,1.0,,,,,
1789040727.7042,collate,3,1,29674,,,,,,53.977,53.845,,6.0,1.0,,,,,
1789040729.8763,collate,3,1,29674,,,,,,78.414,78.316,,5.0,1.0,,,,,
1789040732.2262,collate,3,1,29674,,,,,,99.734,99.517,,6.0,1.0,,,,,
1789040734.2176,collate,3,1,29674,,,,,,68.446,68.214,,5.0,1.0,,,,,
1789040736.8892,collate,3,1,29674,,,,,,84.779,84.505,,6.0,1.0,,,,,
1789040739.7118,collate,3,1,29674,,,,,,52.995,52.907,,7.0,1.0,,,,,
1789040742.571,collate,3,1,29674,,,,,,64.129,63.806,,7.0,1.0,,,,,
1789040744.92,collate,3,1,29674,,,,,,50.953,50.885,,5.0,1.0,,,,,
1789040747.3048,collate,3,1,29674,,,,,,28.495,28.443,,6.0,1.0,,,,,
1789040750.2862,collate,3,1,29674,,,,,,83.335,83.169,,7.0,1.0,,,,,
1789040752.3659,collate,3,1,29674,,,,,,27.478,27.446,,5.0,1.0,,,,,
1789040754.6472,collate,3,1,29674,,,,,,54.331,54.071,,6.0,1.0,,,,,
1789040757.1685,collate,3,1,29674,,,,,,79.729,79.472,,7.0,1.0,,,,,
1789040759.5689,collate,3,1,29674,,,,,,72.895,72.77,,6.0,1.0,,,,,
1789040762.0644,collate,3,1,29674,,,,,,62.169,61.803,,7.0,1.0,,,,,
1789040764.4605,collate,3,1,29674,,,,,,34.423,34.336,,6.0,1.0,,,,,
1789040767.2014,collate,3,1,29674,,,,,,54.057,53.893,,7.0,1.0,,,,,
1789040769.5462,collate,3,1,29674,,,,,,103.123,102.948,,5.0,1.0,,,,,
1789040771.93,collate,3,1,29674,,,,,,37.758,37.665,,6.0,1.0,,,,,
1789040774.4124,collate,3,1,29674,,,,,,44.129,44.034,,6.0,1.0,,,,,
1789040776.8936,collate,3,1,29674,,,,,,50.479,50.238,,6.0,1.0,,,,,
1789040779.1982,collate,3,1,29674,,,,,,63.909,63.785,,5.0,1.0,,,,,
1789040781.5986,collate,3,1,29674,,,,,,28.966,28.836,,6.0,1.0,,,,,
1789040784.523,collate,3,1,29674,,,,,,43.778,43.59,,8.0,1.0,,,,,
1789040787.0228,collate,3,1,29674,,,,,,41.613,41.549,,6.0,1.0,,,,,
1789040789.199,collate,3,1,29674,,,,,,87.554,87.151,,5.0,1.0,,,,,
1789040792.287,collate,3,1,29674,,,,,,127.815,127.555,,8.0,1.0,,,,,
1789040794.4243,collate,3,1,29674,,,,,,54.481,54.369,,5.0,1.0,,,,,
1789040795.7576,collate,3,1,29674,,,,,,29.55,29.485,,3.0,1.0,,,,,
1789040798.2985,collate,3,1,29674,,,,,,73.887,73.722,,6.0,1.0,,,,,
1789040800.299,collate,3,1,29674,,,,,,43.247,43.127,,4.0,1.0,,,,,
1789040802.9953,collate,3,1,29674,,,,,,36.2,36.141,,6.0,1.0,,,,,
1789040805.5445,collate,3,1,29674,,,,,,39.43,39.326,,7.0,1.0,,,,,
1789040808.137,collate,3,1,29674,,,,,,52.619,52.536,,6.0,1.0,,,,,
1789040810.5796,collate,3,1,29674,,,,,,71.043,70.846,,6.0,1.0,,,,,
1789040812.7477,collate,3,1,29674,,,,,,56.329,56.03,,4.0,1.0,,,,,
1789040815.2069,collate,3,1,29674,,,,,,55.69,55.581,,6.0,1.0,,,,,
1789040817.8835,collate,3,1,29674,,,,,,124.447,124.217,,6.0,1.0,,,,,
1789040820.5369,collate,3,1,29674,,,,,,56.056,55.93,,7.0,1.0,,,,,
1789040823.2656,collate,3,1,29674,,,,,,35.545,35.49,,7.0,1.0,,,,,
1789040825.989,collate,3,1,29674,,,,,,33.059,32.846,,7.0,1.0,,,,,
1789040828.3643,collate,3,1,29674,,,,,,50.914,50.723,,6.0,1.0,,,,,
1789040831.0768,collate,3,1,29674,,,,,,130.907,130.207,,7.0,1.0,,,,,
1789040833.2909,collate,3,1,29674,,,,,,95.478,95.278,,4.0,1.0,,,,,
1789040835.2623,collate,3,1,29674,,,,,,40.239,40.157,,5.0,1.0,,,,,
1789040837.4222,collate,3,1,29674,,,,,,29.059,29.024,,6.0,1.0,,,,,
1789040839.4944,collate,3,1,29674,,,,,,52.386,52.289,,5.0,1.0,,,,,
1789040842.1084,collate,3,1,29674,,,,,,60.732,60.398,,5.0,1.0,,,,,
1789040845.1372,collate,3,1,29674,,,,,,60.216,60.097,,8.0,1.0,,,,,
1789040847.6861,collate,3,1,29674,,,,,,137.757,137.331,,6.0,1.0,,,,,
1789040850.5248,collate,3,1,29674,,,,,,67.665,67.508,,7.0,1.0,,,,,
1789040853.146,collate,3,1,29674,,,,,,274.311,273.542,,6.0,1.0,,,,,
1789040855.5251,collate,3,1,29674,,,,,,259.404,258.841,,5.0,1.0,,,,,
1789040858.4993,collate,3,1,29674,,,,,,155.219,154.92,,6.0,1.0,,,,,
1789040860.9795,collate,3,1,29674,,,,,,35.332,35.262,,6.0,1.0,,,,,
1789040863.2162,collate,3,1,29674,,,,,,53.42,53.327,,6.0,1.0,,,,,
1789040865.8246,collate,3,1,29674,,,,,,26.892,26.744,,7.0,1.0,,,,,
1789040867.9882,collate,3,1,29674,,,,,,43.654,43.527,,6.0,1.0,,,,,
1789040870.9424,collate,3,1,29674,,,,,,105.919,105.659,,7.0,1.0,,,,,
1789040872.947,collate,3,1,29674,,,,,,39.308,39.249,,5.0,1.0,,,,,
1789040875.2928,collate,3,1,29674,,,,,,48.599,48.46,,7.0,1.0,,,,,
1789040877.6754,collate,3,1,29674,,,,,,37.16,36.926,,6.0,1.0,,,,,
1789040880.0327,collate,3,1,29674,,,,,,36.526,36.442,,6.0,1.0,,,,,
1789040882.6422,collate,3,1,29674,,,,,,204.505,203.968,,6.0,1.0,,,,,
1789040884.8112,collate,3,1,29674,,,,,,58.102,57.994,,6.0,1.0,,,,,
1789040886.7228,collate,3,1,29674,,,,,,48.829,48.666,,4.0,1.0,,,,,
1789040889.6576,collate,3,1,29674,,,,,,43.655,43.567,,8.0,1.0,,,,,
1789040892.4405,collate,3,1,29674,,,,,,73.318,73.109,,7.0,1.0,,,,,
1789040894.9797,collate,3,1,29674,,,,,,37.089,37.015,,7.0,1.0,,,,,
1789040897.9675,collate,3,1,29674,,,,,,36.089,36.034,,7.0,1.0,,,,,
1789040900.3379,collate,3,1,29674,,,,,,31.958,31.902,,6.0,1.0,,,,,
1789040902.8503,collate,3,1,29674,,,,,,155.457,155.131,,7.0,1.0,,,,,
1789040905.7712,collate,3,1,29674,,,,,,43.284,43.137,,7.0,1.0,,,,,
1789040908.3749,collate,3,1,29674,,,,,,46.396,46.297,,6.0,1.0,,,,,
1789040910.6543,collate,3,1,29674,,,,,,34.3,34.2,,5.0,1.0,,,,,
1789040913.1573,collate,3,1,29674,,,,,,55.488,55.342,,6.0,1.0,,,,,
1789040915.9538,collate,3,1,29674,,,,,,221.748,220.855,,6.0,1.0,,,,,
1789040918.2346,collate,3,1,29674,,,,,,43.711,43.598,,5.0,1.0,,,,,
1789040920.2747,collate,3,1,29674,,,,,,35.896,35.739,,5.0,1.0,,,,,
1789040923.0582,collate,3,1,29674,,,,,,50.894,50.754,,6.0,1.0,,,,,
1789040925.4405,collate,3,1,29674,,,,,,121.974,121.731,,6.0,1.0,,,,,
1789040927.3661,collate,3,1,29674,,,,,,38.993,38.935,,5.0,1.0,,,,,
1789040929.3555,collate,3,1,29674,,,,,,27.672,27.425,,5.0,1.0,,,,,
1789040931.6266,collate,3,1,29674,,,,,,36.695,36.62,,5.0,1.0,,,,,
1789040933.9918,collate,3,1,29674,,,,,,95.577,95.322,,5.0,1.0,,,,,
1789040936.3003,collate,3,1,29674,,,,,,26.497,26.444,,6.0,1.0,,,,,
1789040938.7713,collate,3,1,29674,,,,,,23.304,23.279,,7.0,1.0,,,,,
1789040941.1375,collate,3,1,29674,,,,,,37.653,37.581,,5.0,1.0,,,,,
1789040944.232,collate,3,1,29674,,,,,,61.481,61.217,,9.0,1.0,,,,,
1789040946.7025,collate,3,1,29674,,,,,,29.221,29.133,,6.0,1.0,,,,,
1789040949.0354,collate,3,1,29674,,,,,,32.352,32.238,,6.0,1.0,,,,,
1789040951.0953,collate,3,1,29674,,,,,,58.532,58.28,,4.0,1.0,,,,,
1789040953.7413,collate,3,1,29674,,,,,,43.365,43.294,,6.0,1.0,,,,,
1789040955.2308,collate,3,1,29674,,,,,,27.112,27.015,,4.0,1.0,,,,,
1789040957.9146,collate,3,1,29674,,,,,,33.642,33.389,,6.0,1.0,,,,,
1789040960.1632,collate,3,1,29674,,,,,,45.728,45.58,,5.0,1.0,,,,,
1789040962.2593,collate,3,1,29674,,,,,,38.558,38.417,,5.0,1.0,,,,,
1789040964.65,collate,3,1,29674,,,,,,34.948,34.86,,6.0,1.0,,,,,
1789040967.1162,collate,3,1,29674,,,,,,22.281,22.238,,5.0,1.0,,,,,
1789040969.0394,collate,3,1,29674,,,,,,39.532,39.426,,4.0,1.0,,,,,
1789040971.3834,collate,3,1,29674,,,,,,50.992,50.897,,6.0,1.0,,,,,
1789040973.4296,collate,3,1,29674,,,,,,34.058,33.968,,5.0,1.0,,,,,
1789040976.3673,collate,3,1,29674,,,,,,101.602,101.269,,6.0,1.0,,,,,
1789040979.4738,collate,3,1,29674,,,,,,70.344,69.631,,8.0,1.0,,,,,
1789040981.9466,collate,3,1,29674,,,,,,40.152,39.992,,5.0,1.0,,,,,
1789040984.6154,collate,3,1,29674,,,,,,29.389,29.336,,7.0,1.0,,,,,
1789040987.2974,collate,3,1,29674,,,,,,121.065,120.702,,6.0,1.0,,,,,
1789040989.8198,collate,3,1,29674,,,,,,26.361,26.337,,6.0,1.0,,,,,
1789040991.9732,collate,3,1,29674,,,,,,24.674,24.599,,5.0,1.0,,,,,
1789040994.155,collate,3,1,29674,,,,,,40.887,40.779,,5.0,1.0,,,,,
1789040996.808,collate,3,1,29674,,,,,,83.498,83.219,,5.0,1.0,,,,,
1789040999.1882,collate,3,1,29674,,,,,,146.209,145.547,,5.0,1.0,,,,,
1789041001.5904,collate,3,1,29674,,,,,,42.171,42.07,,6.0,1.0,,,,,
1789041003.4357,collate,3,1,29674,,,,,,162.077,161.613,,4.0,1.0,,,,,
1789041005.2114,collate,3,1,29674,,,,,,48.537,48.444,,4.0,1.0,,,,,
1789041007.4192,collate,3,1,29674,,,,,,27.03,26.901,,5.0,1.0,,,,,
1789041009.6462,collate,3,1,29674,,,,,,41.954,41.872,,5.0,1.0,,,,,
1789041012.2618,collate,3,1,29674,,,,,,54.279,54.15,,6.0,1.0,,,,,
1789041014.8327,collate,3,1,29674,,,,,,160.137,159.86,,6.0,1.0,,,,,
1789041016.5445,collate,3,1,29674,,,,,,24.639,24.567,,4.0,1.0,,,,,
1789041019.0044,collate,3,1,29674,,,,,,103.914,103.616,,6.0,1.0,,,,,
1789041021.1726,collate,3,1,29674,,,,,,37.171,37.009,,5.0,1.0,,,,,
1789041024.5937,collate,3,1,29674,,,,,,30.012,29.964,,8.0,1.0,,,,,
1789041027.5432,collate,3,1,29674,,,,,,29.219,29.189,,8.0,1.0,,,,,
1789041030.382,collate,3,1,29674,,,,,,37.559,37.507,,8.0,1.0,,,,,
1789041032.896,collate,3,1,29674,,,,,,46.741,46.67,,6.0,1.0,,,,,
1789041035.8306,collate,3,1,29674,,,,,,38.743,38.643,,9.0,1.0,,,,,
1789041038.2384,collate,3,1,29674,,,,,,23.823,23.781,,5.0,1.0,,,,,
1789041040.8228,collate,3,1,29674,,,,,,27.709,27.639,,6.0,1.0,,,,,
1789041043.5276,collate,3,1,29674,,,,,,35.842,35.785,,6.0,1.0,,,,,
1789041046.0452,collate,3,1,29674,,,,,,42.458,42.344,,7.0,1.0,,,,,
1789041048.5375,collate,3,1,29674,,,,,,73.913,73.793,,6.0,1.0,,,,,
1789041051.3303,collate,3,1,29674,,,,,,26.916,26.87,,8.0,1.0,,,,,
1789041054.0001,collate,3,1,29674,,,,,,28.584,28.503,,6.0,1.0,,,,,
1789041056.5662,collate,3,1,29674,,,,,,91.815,91.539,,6.0,1.0,,,,,
1789041058.7104,collate,3,1,29674,,,,,,35.116,35.049,,5.0,1.0,,,,,
1789041061.3946,collate,3,1,29674,,,,,,57.448,57.322,,6.0,1.0,,,,,
1789041064.6308,collate,3,1,29674,,,,,,112.321,112.054,,8.0,1.0,,,,,
1789041067.1389,collate,3,1,29674,,,,,,84.427,84.294,,6.0,1.0,,,,,
1789041069.1031,collate,3,1,29674,,,,,,41.447,41.394,,5.0,1.0,,,,,
1789041071.4304,collate,3,1,29674,,,,,,21.238,21.189,,5.0,1.0,,,,,
1789041074.1212,collate,3,1,29674,,,,,,49.976,49.855,,7.0,1.0,,,,,
1789041076.4882,collate,3,1,29674,,,,,,36.739,36.633,,7.0,1.0,,,,,
1789041078.6767,collate,3,1,29674,,,,,,37.056,36.992,,4.0,1.0,,,,,
1789041081.5476,collate,3,1,29674,,,,,,45.522,45.439,,7.0,1.0,,,,,
1789041084.4861,collate,3,1,29674,,,,,,55.175,54.968,,8.0,1.0,,,,,
1789041085.8657,collate,3,1,29674,,,,,,27.422,27.33,,4.0,1.0,,,,,
1789041087.6253,collate,3,1,29674,,,,,,33.595,33.558,,6.0,1.0,,,,,
1789041089.9493,collate,3,1,29674,,,,,,33.515,33.441,,5.0,1.0,,,,,
1789041090.627,collate,3,1,30312,,,,,,73.711,73.323,,4.0,1.0,,,,,
1789041092.7964,collate,3,1,30312,,,,,,51.539,51.429,,6.0,1.0,,,,,
1789041095.2202,collate,3,1,30312,,,,,,54.223,54.059,,7.0,1.0,,,,,
1789041097.467,collate,3,1,30312,,,,,,32.218,32.119,,7.0,1.0,,,,,
1789041100.1652,collate,3,1,30312,,,,,,29.652,29.595,,8.0,1.0,,,,,
1789041102.4348,collate,3,1,30312,,,,,,32.022,31.952,,6.0,1.0,,,,,
1789041104.1941,collate,3,1,30312,,,,,,40.369,40.231,,5.0,1.0,,,,,
1789041106.5311,collate,3,1,30312,,,,,,87.31,86.914,,6.0,1.0,,,,,
1789041109.174,collate,3,1,30312,,,,,,55.114,53.411,,6.0,1.0,,,,,
1789041111.1545,collate,3,1,30312,,,,,,40.738,40.646,,6.0,1.0,,,,,
1789041112.7545,collate,3,1,30312,,,,,,33.627,33.56,,3.0,1.0,,,,,
1789041114.6614,collate,3,1,30312,,,,,,32.22,32.127,,5.0,1.0,,,,,
1789041117.6669,collate,3,1,30312,,,,,,31.757,31.721,,8.0,1.0,,,,,
1789041119.5266,collate,3,1,30312,,,,,,52.944,52.828,,5.0,1.0,,,,,
1789041121.9957,collate,3,1,30312,,,,,,31.98,31.907,,6.0,1.0,,,,,
1789041124.132,collate,3,1,30312,,,,,,30.711,30.642,,6.0,1.0,,,,,
1789041126.0793,collate,3,1,30312,,,,,,35.641,35.525,,5.0,1.0,,,,,
1789041127.8115,collate,3,1,30312,,,,,,53.167,53.057,,4.0,1.0,,,,,
1789041130.5329,collate,3,1,30312,,,,,,55.784,55.624,,7.0,1.0,,,,,
1789041132.487,collate,3,1,30312,,,,,,41.158,41.087,,5.0,1.0,,,,,
1789041134.6192,collate,3,1,30312,,,,,,33.209,33.157,,6.0,1.0,,,,,
1789041136.898,collate,3,1,30312,,,,,,90.583,90.318,,7.0,1.0,,,,,
1789041139.0706,collate,3,1,30312,,,,,,45.164,45.1,,6.0,1.0,,,,,
1789041141.1137,collate,3,1,30312,,,,,,232.242,231.604,,5.0,1.0,,,,,
1789041143.2664,collate,3,1,30312,,,,,,148.455,148.069,,6.0,1.0,,,,,
1789041145.3045,collate,3,1,30312,,,,,,44.851,44.766,,5.0,1.0,,,,,
1789041147.2973,collate,3,1,30312,,,,,,45.597,45.52,,6.0,1.0,,,,,
1789041149.2084,collate,3,1,30312,,,,,,34.708,34.608,,5.0,1.0,,,,,
1789041151.1474,collate,3,1,30312,,,,,,56.363,56.209,,5.0,1.0,,,,,
1789041153.2303,collate,3,1,30312,,,,,,44.8,44.704,,5.0,1.0,,,,,
1789041155.5227,collate,3,1,30312,,,,,,36.959,36.593,,6.0,1.0,,,,,
1789041157.1864,collate,3,1,30312,,,,,,38.046,37.589,,4.0,1.0,,,,,
1789041159.5549,collate,3,1,30312,,,,,,61.186,61.086,,6.0,1.0,,,,,
1789041161.3658,collate,3,1,30312,,,,,,53.709,53.231,,5.0,1.0,,,,,
1789041163.6053,collate,3,1,30312,,,,,,44.157,43.862,,6.0,1.0,,,,,
1789041165.6892,collate,3,1,30312,,,,,,30.857,30.816,,6.0,1.0,,,,,
1789041168.0478,collate,3,1,30312,,,,,,61.457,61.299,,6.0,1.0,,,,,
1789041170.1693,collate,3,1,30312,,,,,,35.547,35.414,,5.0,1.0,,,,,
1789041172.0212,collate,3,1,30312,,,,,,48.756,48.578,,5.0,1.0,,,,,
1789041174.3621,collate,3,1,30312,,,,,,72.112,71.888,,7.0,1.0,,,,,
1789041176.2996,collate,3,1,30312,,,,,,48.783,48.632,,5.0,1.0,,,,,
1789041178.8654,collate,3,1,30312,,,,,,32.165,32.09,,7.0,1.0,,,,,
1789041180.8602,collate,3,1,30312,,,,,,41.084,40.91,,6.0,1.0,,,,,
1789041182.567,collate,3,1,30312,,,,,,33.435,33.352,,5.0,1.0,,,,,
1789041184.914,collate,3,1,30312,,,,,,154.781,154.445,,6.0,1.0,,,,,
1789041187.3411,collate,3,1,30312,,,,,,41.226,40.902,,7.0,1.0,,,,,
1789041189.5145,collate,3,1,30312,,,,,,42.629,42.485,,6.0,1.0,,,,,
1789041191.5362,collate,3,1,30312,,,,,,54.07,53.89,,5.0,1.0,,,,,
1789041193.804,collate,3,1,30312,,,,,,42.081,42.019,,6.0,1.0,,,,,
1789041196.2326,collate,3,1,30312,,,,,,55.234,55.007,,7.0,1.0,,,,,
1789041198.7812,collate,3,1,30312,,,,,,83.231,82.386,,6.0,1.0,,,,,
1789041200.3779,collate,3,1,30312,,,,,,114.715,114.45,,4.0,1.0,,,,,
1789041202.0575,collate,3,1,30312,,,,,,32.335,32.047,,5.0,1.0,,,,,
1789041204.1915,collate,3,1,30312,,,,,,38.297,38.198,,6.0,1.0,,,,,
1789041206.8316,collate,3,1,30312,,,,,,56.151,56.017,,7.0,1.0,,,,,
1789041208.6581,collate,3,1,30312,,,,,,77.335,77.177,,5.0,1.0,,,,,
1789041210.5638,collate,3,1,30312,,,,,,39.087,38.963,,5.0,1.0,,,,,
1789041213.1768,collate,3,1,30312,,,,,,55.688,55.551,,7.0,1.0,,,,,
1789041215.0804,collate,3,1,30312,,,,,,33.486,33.104,,6.0,1.0,,,,,
1789041216.5788,collate,3,1,30312,,,,,,30.368,30.287,,4.0,1.0,,,,,
1789041218.6164,collate,3,1,30312,,,,,,50.581,50.43,,5.0,1.0,,,,,
1789041220.4771,collate,3,1,30312,,,,,,54.183,53.762,,5.0,1.0,,,,,
1789041223.0495,collate,3,1,30312,,,,,,33.799,33.471,,6.0,1.0,,,,,
1789041224.614,collate,3,1,30312,,,,,,36.014,35.956,,4.0,1.0,,,,,
1789041227.4307,collate,3,1,30312,,,,,,37.407,37.358,,8.0,1.0,,,,,
1789041230.0457,collate,3,1,30312,,,,,,42.65,42.588,,7.0,1.0,,,,,
1789041231.7065,collate,3,1,30312,,,,,,52.915,52.798,,5.0,1.0,,,,,
1789041234.2164,collate,3,1,30312,,,,,,56.115,55.939,,7.0,1.0,,,,,
1789041235.7333,collate,3,1,30312,,,,,,31.02,30.95,,4.0,1.0,,,,,
1789041237.9088,collate,3,1,30312,,,,,,92.404,91.304,,5.0,1.0,,,,,
1789041240.8003,collate,3,1,30312,,,,,,37.336,37.263,,7.0,1.0,,,,,
1789041242.3457,collate,3,1,30312,,,,,,46.892,46.768,,3.0,1.0,,,,,
1789041244.4811,collate,3,1,30312,,,,,,42.757,42.695,,6.0,1.0,,,,,
1789041246.97,collate,3,1,30312,,,,,,60.494,60.354,,6.0,1.0,,,,,
1789041248.8173,collate,3,1,30312,,,,,,70.381,70.268,,5.0,1.0,,,,,
1789041250.8847,collate,3,1,30312,,,,,,39.189,39.053,,6.0,1.0,,,,,
1789041253.034,collate,3,1,30312,,,,,,35.051,35.001,,6.0,1.0,,,,,
1789041255.4177,collate,3,1,30312,,,,,,58.976,58.792,,6.0,1.0,,,,,
1789041258.6512,collate,3,1,30312,,,,,,78.792,78.624,,9.0,1.0,,,,,
1789041260.9379,collate,3,1,30312,,,,,,35.609,35.508,,7.0,1.0,,,,,
1789041262.7253,collate,3,1,30312,,,,,,48.703,48.622,,5.0,1.0,,,,,
1789041265.0631,collate,3,1,30312,,,,,,38.221,38.138,,7.0,1.0,,,,,
1789041267.9764,collate,3,1,30312,,,,,,32.161,32.122,,8.0,1.0,,,,,
1789041270.0285,collate,3,1,30312,,,,,,40.179,40.1,,5.0,1.0,,,,,
1789041271.8876,collate,3,1,30312,,,,,,44.585,44.267,,6.0,1.0,,,,,
1789041273.5255,collate,3,1,30312,,,,,,45.41,44.93,,4.0,1.0,,,,,
1789041275.5631,collate,3,1,30312,,,,,,40.566,40.39,,5.0,1.0,,,,,
1789041277.7432,collate,3,1,30312,,,,,,37.261,36.79,,6.0,1.0,,,,,
1789041280.0361,collate,3,1,30312,,,,,,61.869,61.77,,7.0,1.0,,,,,
1789041282.3616,collate,3,1,30312,,,,,,47.412,47.34,,7.0,1.0,,,,,
1789041284.8195,collate,3,1,30312,,,,,,34.33,34.259,,7.0,1.0,,,,,
1789041286.7602,collate,3,1,30312,,,,,,32.926,32.834,,5.0,1.0,,,,,
1789041288.497,collate,3,1,30312,,,,,,33.146,32.812,,4.0,1.0,,,,,
1789041290.9397,collate,3,1,30312,,,,,,55.681,55.285,,6.0,1.0,,,,,
1789041293.5918,collate,3,1,30312,,,,,,236.597,236.151,,6.0,1.0,,,,,
1789041296.3039,collate,3,1,30312,,,,,,232.943,232.117,,7.0,1.0,,,,,
1789041298.2365,collate,3,1,30312,,,,,,40.996,40.867,,5.0,1.0,,,,,
1789041300.2516,collate,3,1,30312,,,,,,49.243,48.793,,5.0,1.0,,,,,
1789041302.1497,collate,3,1,30312,,,,,,32.171,32.08,,5.0,1.0,,,,,
1789041303.7182,collate,3,1,30312,,,,,,53.452,53.357,,4.0,1.0,,,,,
1789041306.2333,collate,3,1,30312,,,,,,74.983,74.728,,7.0,1.0,,,,,
1789041308.5598,collate,3,1,30312,,,,,,61.468,61.335,,6.0,1.0,,,,,
1789041310.5468,collate,3,1,30312,,,,,,34.454,34.394,,5.0,1.0,,,,,
1789041312.1833,collate,3,1,30312,,,,,,88.286,88.058,,4.0,1.0,,,,,
1789041314.0638,collate,3,1,30312,,,,,,36.231,36.169,,5.0,1.0,,,,,
1789041316.7234,collate,3,1,30312,,,,,,70.354,70.206,,7.0,1.0,,,,,
1789041318.9124,collate,3,1,30312,,,,,,46.145,45.999,,6.0,1.0,,,,,
1789041321.1445,collate,3,1,30312,,,,,,34.6,34.458,,6.0,1.0,,,,,
1789041323.1281,collate,3,1,30312,,,,,,47.199,47.131,,6.0,1.0,,,,,
1789041325.0892,collate,3,1,30312,,,,,,34.42,34.331,,5.0,1.0,,,,,
1789041327.2715,collate,3,1,30312,,,,,,33.373,33.323,,6.0,1.0,,,,,
1789041329.4812,collate,3,1,30312,,,,,,51.648,51.541,,5.0,1.0,,,,,
1789041331.6069,collate,3,1,30312,,,,,,118.368,118.085,,5.0,1.0,,,,,
1789041334.0218,collate,3,1,30312,,,,,,58.0,57.893,,7.0,1.0,,,,,
1789041336.1358,collate,3,1,30312,,,,,,40.868,40.322,,7.0,1.0,,,,,
1789041337.8672,collate,3,1,30312,,,,,,32.591,32.543,,6.0,1.0,,,,,
1789041339.5481,collate,3,1,30312,,,,,,90.592,90.319,,7.0,1.0,,,,,
1789041091.1156,collate,1,1,30317,,,,,,71.857,71.703,,5.0,1.0,,,,,
1789041093.1149,collate,1,1,30317,,,,,,31.123,31.053,,5.0,1.0,,,,,
1789041095.2292,collate,1,1,30317,,,,,,53.622,53.45,,6.0,1.0,,,,,
1789041097.52,collate,1,1,30317,,,,,,33.527,33.46,,7.0,1.0,,,,,
1789041100.4896,collate,1,1,30317,,,,,,30.612,30.556,,8.0,1.0,,,,,
1789041102.7888,collate,1,1,30317,,,,,,41.289,41.137,,6.0,1.0,,,,,
1789041105.2328,collate,1,1,30317,,,,,,50.726,50.555,,6.0,1.0,,,,,
1789041107.2857,collate,1,1,30317,,,,,,71.485,71.288,,5.0,1.0,,,,,
1789041109.2198,collate,1,1,30317,,,,,,34.641,34.543,,5.0,1.0,,,,,
1789041111.5229,collate,1,1,30317,,,,,,38.375,38.283,,6.0,1.0,,,,,
1789041113.2784,collate,1,1,30317,,,,,,33.683,33.639,,4.0,1.0,,,,,
1789041115.6651,collate,1,1,30317,,,,,,30.621,30.499,,6.0,1.0,,,,,
1789041117.8869,collate,1,1,30317,,,,,,62.324,62.173,,5.0,1.0,,,,,
1789041120.3434,collate,1,1,30317,,,,,,42.263,42.162,,6.0,1.0,,,,,
1789041123.0605,collate,1,1,30317,,,,,,29.487,29.442,,7.0,1.0,,,,,
1789041124.9733,collate,1,1,30317,,,,,,33.739,32.96,,5.0,1.0,,,,,
1789041126.7854,collate,1,1,30317,,,,,,31.842,31.787,,5.0,1.0,,,,,
1789041129.1221,collate,1,1,30317,,,,,,40.594,40.51,,6.0,1.0,,,,,
1789041130.5251,collate,1,1,30317,,,,,,42.706,42.586,,4.0,1.0,,,,,
1789041132.8733,collate,1,1,30317,,,,,,111.611,111.396,,6.0,1.0,,,,,
1789041135.2998,collate,1,1,30317,,,,,,37.587,37.451,,6.0,1.0,,,,,
1789041137.1495,collate,1,1,30317,,,,,,99.104,98.91,,5.0,1.0,,,,,
1789041139.4751,collate,1,1,30317,,,,,,294.166,293.636,,5.0,1.0,,,,,
1789041141.7494,collate,1,1,30317,,,,,,55.973,55.631,,6.0,1.0,,,,,
1789041144.3434,collate,1,1,30317,,,,,,46.09,46.023,,6.0,1.0,,,,,
1789041145.7103,collate,1,1,30317,,,,,,36.547,36.497,,4.0,1.0,,,,,
1789041147.8904,collate,1,1,30317,,,,,,87.178,87.011,,6.0,1.0,,,,,
1789041149.7298,collate,1,1,30317,,,,,,70.907,70.793,,5.0,1.0,,,,,
1789041152.0497,collate,1,1,30317,,,,,,43.551,43.439,,6.0,1.0,,,,,
1789041154.8354,collate,1,1,30317,,,,,,65.29,65.179,,8.0,1.0,,,,,
1789041156.8254,collate,1,1,30317,,,,,,44.967,44.858,,5.0,1.0,,,,,
1789041158.7763,collate,1,1,30317,,,,,,82.849,82.712,,5.0,1.0,,,,,
1789041161.0702,collate,1,1,30317,,,,,,313.631,312.831,,6.0,1.0,,,,,
1789041163.392,collate,1,1,30317,,,,,,45.347,45.306,,6.0,1.0,,,,,
1789041165.8766,collate,1,1,30317,,,,,,34.828,34.711,,7.0,1.0,,,,,
1789041168.0134,collate,1,1,30317,,,,,,33.363,33.211,,6.0,1.0,,,,,
1789041169.8249,collate,1,1,30317,,,,,,52.728,52.589,,4.0,1.0,,,,,
1789041171.809,collate,1,1,30317,,,,,,65.408,65.128,,6.0,1.0,,,,,
1789041174.2321,collate,1,1,30317,,,,,,32.455,32.358,,7.0,1.0,,,,,
1789041176.6399,collate,1,1,30317,,,,,,55.644,55.55,,6.0,1.0,,,,,
1789041179.0056,collate,1,1,30317,,,,,,56.608,56.492,,6.0,1.0,,,,,
1789041181.1193,collate,1,1,30317,,,,,,84.918,84.673,,6.0,1.0,,,,,
1789041183.6461,collate,1,1,30317,,,,,,66.161,66.068,,7.0,1.0,,,,,
1789041185.8945,collate,1,1,30317,,,,,,43.97,43.88,,6.0,1.0,,,,,
1789041188.2433,collate,1,1,30317,,,,,,34.217,34.153,,7.0,1.0,,,,,
1789041190.2486,collate,1,1,30317,,,,,,31.019,30.954,,6.0,1.0,,,,,
1789041193.1687,collate,1,1,30317,,,,,,55.197,55.099,,7.0,1.0,,,,,
1789041195.4631,collate,1,1,30317,,,,,,32.304,32.249,,7.0,1.0,,,,,
1789041197.53,collate,1,1,30317,,,,,,48.506,48.424,,6.0,1.0,,,,,
1789041199.5035,collate,1,1,30317,,,,,,36.759,36.643,,6.0,1.0,,,,,
1789041201.057,collate,1,1,30317,,,,,,122.306,122.025,,4.0,1.0,,,,,
1789041203.8094,collate,1,1,30317,,,,,,52.707,52.622,,8.0,1.0,,,,,
1789041205.028,collate,1,1,30317,,,,,,40.101,40.028,,3.0,1.0,,,,,
1789041207.543,collate,1,1,30317,,,,,,32.498,32.438,,7.0,1.0,,,,,
1789041209.6527,collate,1,1,30317,,,,,,35.568,35.499,,6.0,1.0,,,,,
1789041211.3245,collate,1,1,30317,,,,,,39.634,39.498,,4.0,1.0,,,,,
1789041213.3309,collate,1,1,30317,,,,,,130.919,130.682,,5.0,1.0,,,,,
1789041214.9767,collate,1,1,30317,,,,,,52.193,52.044,,5.0,1.0,,,,,
1789041216.7967,collate,1,1,30317,,,,,,39.782,39.682,,5.0,1.0,,,,,
1789041218.6008,collate,1,1,30317,,,,,,34.878,34.792,,5.0,1.0,,,,,
1789041220.9284,collate,1,1,30317,,,,,,34.918,34.813,,7.0,1.0,,,,,
1789041223.3695,collate,1,1,30317,,,,,,51.26,51.147,,6.0,1.0,,,,,
1789041225.3909,collate,1,1,30317,,,,,,46.989,46.908,,5.0,1.0,,,,,
1789041227.8046,collate,1,1,30317,,,,,,30.83,30.761,,6.0,1.0,,,,,
1789041229.3888,collate,1,1,30317,,,,,,42.211,42.102,,4.0,1.0,,,,,
1789041231.0741,collate,1,1,30317,,,,,,33.092,33.009,,4.0,1.0,,,,,
1789041233.843,collate,1,1,30317,,,,,,32.139,32.086,,6.0,1.0,,,,,
1789041235.7341,collate,1,1,30317,,,,,,35.662,35.586,,5.0,1.0,,,,,
1789041237.7596,collate,1,1,30317,,,,,,85.736,85.576,,5.0,1.0,,,,,
1789041240.4239,collate,1,1,30317,,,,,,59.441,59.338,,6.0,1.0,,,,,
1789041242.6017,collate,1,1,30317,,,,,,33.673,32.83,,5.0,1.0,,,,,
1789041244.5659,collate,1,1,30317,,,,,,32.961,32.906,,5.0,1.0,,,,,
1789041246.7471,collate,1,1,30317,,,,,,41.613,41.544,,6.0,1.0,,,,,
1789041248.5464,collate,1,1,30317,,,,,,88.587,88.412,,5.0,1.0,,,,,
1789041251.7415,collate,1,1,30317,,,,,,89.253,89.088,,9.0,1.0,,,,,
1789041253.7817,collate,1,1,30317,,,,,,52.527,52.44,,6.0,1.0,,,,,
1789041255.6772,collate,1,1,30317,,,,,,71.421,71.291,,5.0,1.0,,,,,
1789041257.8873,collate,1,1,30317,,,,,,44.321,44.159,,6.0,1.0,,,,,
1789041259.1603,collate,1,1,30317,,,,,,71.313,71.141,,3.0,1.0,,,,,
1789041260.9707,collate,1,1,30317,,,,,,66.217,65.971,,5.0,1.0,,,,,
1789041263.1718,collate,1,1,30317,,,,,,66.128,65.995,,6.0,1.0,,,,,
1789041264.8013,collate,1,1,30317,,,,,,33.707,33.651,,3.0,1.0,,,,,
1789041267.6705,collate,1,1,30317,,,,,,38.952,38.518,,7.0,1.0,,,,,
1789041269.8142,collate,1,1,30317,,,,,,60.759,60.608,,6.0,1.0,,,,,
1789041271.7145,collate,1,1,30317,,,,,,68.847,68.606,,6.0,1.0,,,,,
1789041273.9267,collate,1,1,30317,,,,,,36.714,36.604,,6.0,1.0,,,,,
1789041276.6243,collate,1,1,30317,,,,,,45.095,44.558,,7.0,1.0,,,,,
1789041279.0884,collate,1,1,30317,,,,,,32.58,32.46,,7.0,1.0,,,,,
1789041280.9498,collate,1,1,30317,,,,,,48.326,48.193,,5.0,1.0,,,,,
1789041283.0316,collate,1,1,30317,,,,,,52.907,52.76,,7.0,1.0,,,,,
1789041284.6054,collate,1,1,30317,,,,,,31.027,30.974,,5.0,1.0,,,,,
1789041286.8791,collate,1,1,30317,,,,,,77.956,77.789,,5.0,1.0,,,,,
1789041289.7089,collate,1,1,30317,,,,,,35.134,35.071,,7.0,1.0,,,,,
1789041291.5727,collate,1,1,30317,,,,,,47.352,47.24,,5.0,1.0,,,,,
1789041293.744,collate,1,1,30317,,,,,,51.107,51.009,,6.0,1.0,,,,,
1789041295.6041,collate,1,1,30317,,,,,,37.648,37.499,,4.0,1.0,,,,,
1789041298.086,collate,1,1,30317,,,,,,38.156,38.092,,5.0,1.0,,,,,
1789041300.4665,collate,1,1,30317,,,,,,50.803,48.802,,6.0,1.0,,,,,
1789041302.43,collate,1,1,30317,,,,,,46.665,46.537,,4.0,1.0,,,,,
1789041304.8017,collate,1,1,30317,,,,,,51.442,51.364,,6.0,1.0,,,,,
1789041306.4429,collate,1,1,30317,,,,,,46.024,44.237,,4.0,1.0,,,,,
1789041308.4333,collate,1,1,30317,,,,,,31.426,31.367,,5.0,1.0,,,,,
1789041310.2714,collate,1,1,30317,,,,,,45.47,45.364,,3.0,1.0,,,,,
1789041312.1286,collate,1,1,30317,,,,,,34.49,34.395,,3.0,1.0,,,,,
1789041314.4415,collate,1,1,30317,,,,,,31.37,31.321,,6.0,1.0,,,,,
1789041317.1613,collate,1,1,30317,,,,,,84.544,84.396,,7.0,1.0,,,,,
1789041318.6184,collate,1,1,30317,,,,,,62.885,62.754,,4.0,1.0,,,,,
1789041320.8945,collate,1,1,30317,,,,,,36.602,36.45,,4.0,1.0,,,,,
1789041322.6682,collate,1,1,30317,,,,,,56.4,56.278,,3.0,1.0,,,,,
1789041325.2595,collate,1,1,30317,,,,,,110.15,109.616,,5.0,1.0,,,,,
1789041327.737,collate,1,1,30317,,,,,,98.03,97.776,,6.0,1.0,,,,,
1789041329.191,collate,1,1,30317,,,,,,53.757,53.583,,4.0,1.0,,,,,
1789041330.9288,collate,1,1,30317,,,,,,36.209,36.145,,4.0,1.0,,,,,
1789041333.0417,collate,1,1,30317,,,,,,40.876,40.795,,3.0,1.0,,,,,
1789039865.7971,collate,1,0,29663,,,,,,45.333,45.245,,4.0,1.0,,,,,
1789039868.4567,collate,1,0,29663,,,,,,53.583,53.488,,7.0,1.0,,,,,
1789039871.1791,collate,1,0,29663,,,,,,70.686,70.428,,6.0,1.0,,,,,
1789039873.9492,collate,1,0,29663,,,,,,52.542,52.404,,7.0,1.0,,,,,
1789039876.1113,collate,1,0,29663,,,,,,47.264,47.182,,5.0,1.0,,,,,
1789039878.2245,collate,1,0,29663,,,,,,47.711,47.61,,4.0,1.0,,,,,
1789039880.7273,collate,1,0,29663,,,,,,39.108,39.014,,6.0,1.0,,,,,
1789039882.4651,collate,1,0,29663,,,,,,54.377,54.314,,3.0,1.0,,,,,
1789039884.9822,collate,1,0,29663,,,,,,42.602,42.529,,5.0,1.0,,,,,
1789039887.254,collate,1,0,29663,,,,,,25.13,25.022,,5.0,1.0,,,,,
1789039889.4547,collate,1,0,29663,,,,,,41.562,41.514,,5.0,1.0,,,,,
1789039891.561,collate,1,0,29663,,,,,,46.042,45.901,,5.0,1.0,,,,,
1789039893.9696,collate,1,0,29663,,,,,,42.082,41.996,,6.0,1.0,,,,,
1789039895.985,collate,1,0,29663,,,,,,41.09,41.019,,4.0,1.0,,,,,
1789039898.1434,collate,1,0,29663,,,,,,49.134,49.073,,5.0,1.0,,,,,
1789039899.8704,collate,1,0,29663,,,,,,33.517,33.447,,5.0,1.0,,,,,
1789039902.075,collate,1,0,29663,,,,,,23.416,23.395,,6.0,1.0,,,,,
1789039904.3409,collate,1,0,29663,,,,,,48.432,48.308,,6.0,1.0,,,,,
1789039906.3514,collate,1,0,29663,,,,,,44.475,44.415,,4.0,1.0,,,,,
1789039908.2003,collate,1,0,29663,,,,,,50.416,50.086,,4.0,1.0,,,,,
1789039910.8281,collate,1,0,29663,,,,,,37.413,37.364,,7.0,1.0,,,,,
1789039912.7394,collate,1,0,29663,,,,,,47.961,47.702,,4.0,1.0,,,,,
1789039914.6256,collate,1,0,29663,,,,,,45.106,45.052,,4.0,1.0,,,,,
1789039917.0857,collate,1,0,29663,,,,,,35.343,35.283,,6.0,1.0,,,,,
1789039919.0225,collate,1,0,29663,,,,,,47.048,46.944,,5.0,1.0,,,,,
1789039921.1038,collate,1,0,29663,,,,,,52.636,48.461,,5.0,1.0,,,,,
1789039924.1676,collate,1,0,29663,,,,,,48.652,48.541,,7.0,1.0,,,,,
1789039926.7861,collate,1,0,29663,,,,,,35.329,35.221,,7.0,1.0,,,,,
1789039928.8603,collate,1,0,29663,,,,,,46.036,45.977,,5.0,1.0,,,,,
1789039930.6344,collate,1,0,29663,,,,,,42.979,42.893,,4.0,1.0,,,,,
1789039932.6671,collate,1,0,29663,,,,,,50.328,50.236,,6.0,1.0,,,,,
1789039935.0914,collate,1,0,29663,,,,,,26.014,23.496,,6.0,1.0,,,,,
1789039937.3274,collate,1,0,29663,,,,,,22.572,22.551,,6.0,1.0,,,,,
1789039939.5852,collate,1,0,29663,,,,,,54.236,49.754,,5.0,1.0,,,,,
1789039941.7647,collate,1,0,29663,,,,,,32.662,32.593,,5.0,1.0,,,,,
1789039943.426,collate,1,0,29663,,,,,,47.0,46.883,,3.0,1.0,,,,,
1789039946.4925,collate,1,0,29663,,,,,,29.17,29.071,,7.0,1.0,,,,,
1789039948.9728,collate,1,0,29663,,,,,,86.533,82.977,,6.0,1.0,,,,,
1789039951.0712,collate,1,0,29663,,,,,,48.821,48.686,,5.0,1.0,,,,,
1789039953.2746,collate,1,0,29663,,,,,,44.735,44.681,,5.0,1.0,,,,,
1789039955.5786,collate,1,0,29663,,,,,,21.9,21.87,,6.0,1.0,,,,,
1789039957.5919,collate,1,0,29663,,,,,,36.149,36.091,,5.0,1.0,,,,,
1789039960.5019,collate,1,0,29663,,,,,,87.531,87.403,,7.0,1.0,,,,,
1789039962.4939,collate,1,0,29663,,,,,,36.105,36.054,,4.0,1.0,,,,,
1789039965.1022,collate,1,0,29663,,,,,,45.927,45.855,,6.0,1.0,,,,,
1789039966.8345,collate,1,0,29663,,,,,,74.277,74.076,,3.0,1.0,,,,,
1789039970.1712,collate,1,0,29663,,,,,,55.688,55.6,,9.0,1.0,,,,,
1789039971.9417,collate,1,0,29663,,,,,,28.153,25.847,,4.0,1.0,,,,,
1789039974.0261,collate,1,0,29663,,,,,,23.583,23.561,,5.0,1.0,,,,,
1789039976.4766,collate,1,0,29663,,,,,,49.273,47.78,,5.0,1.0,,,,,
1789039978.8286,collate,1,0,29663,,,,,,43.11,43.036,,6.0,1.0,,,,,
1789039981.7743,collate,1,0,29663,,,,,,49.585,49.514,,7.0,1.0,,,,,
1789039984.6329,collate,1,0,29663,,,,,,41.741,41.668,,8.0,1.0,,,,,
1789039986.4915,collate,1,0,29663,,,,,,31.12,31.044,,4.0,1.0,,,,,
1789039989.093,collate,1,0,29663,,,,,,48.208,48.105,,6.0,1.0,,,,,
1789039991.7422,collate,1,0,29663,,,,,,36.387,36.323,,6.0,1.0,,,,,
1789039994.5704,collate,1,0,29663,,,,,,52.289,50.141,,6.0,1.0,,,,,
1789039997.0192,collate,1,0,29663,,,,,,24.006,23.945,,5.0,1.0,,,,,
1789039999.3312,collate,1,0,29663,,,,,,48.673,46.976,,6.0,1.0,,,,,
1789040001.9737,collate,1,0,29663,,,,,,34.329,34.28,,6.0,1.0,,,,,
1789040004.6181,collate,1,0,29663,,,,,,49.869,49.792,,4.0,1.0,,,,,
1789040007.2715,collate,1,0,29663,,,,,,32.018,31.961,,7.0,1.0,,,,,
1789040009.39,collate,1,0,29663,,,,,,45.591,45.537,,3.0,1.0,,,,,
1789040011.8921,collate,1,0,29663,,,,,,36.178,36.106,,4.0,1.0,,,,,
1789040014.3354,collate,1,0,29663,,,,,,26.075,26.046,,6.0,1.0,,,,,
1789040017.9883,collate,1,0,29663,,,,,,45.333,45.248,,7.0,1.0,,,,,
1789040020.0539,collate,1,0,29663,,,,,,22.597,22.562,,5.0,1.0,,,,,
1789040022.0091,collate,1,0,29663,,,,,,46.114,46.02,,5.0,1.0,,,,,
1789040024.18,collate,1,0,29663,,,,,,72.543,72.4,,5.0,1.0,,,,,
1789040026.6693,collate,1,0,29663,,,,,,219.817,219.233,,5.0,1.0,,,,,
1789040028.5537,collate,1,0,29663,,,,,,33.41,33.373,,4.0,1.0,,,,,
1789040032.1329,collate,1,0,29663,,,,,,27.805,27.759,,8.0,1.0,,,,,
1789040034.0739,collate,1,0,29663,,,,,,47.949,47.815,,5.0,1.0,,,,,
1789040036.7256,collate,1,0,29663,,,,,,57.244,57.141,,5.0,1.0,,,,,
1789040038.973,collate,1,0,29663,,,,,,182.524,178.999,,6.0,1.0,,,,,
1789040041.5903,collate,1,0,29663,,,,,,36.223,36.098,,7.0,1.0,,,,,
1789040043.635,collate,1,0,29663,,,,,,33.953,32.76,,5.0,1.0,,,,,
1789040045.7844,collate,1,0,29663,,,,,,53.535,49.035,,5.0,1.0,,,,,
1789040048.6083,collate,1,0,29663,,,,,,38.795,38.73,,7.0,1.0,,,,,
1789040051.2023,collate,1,0,29663,,,,,,44.62,44.521,,5.0,1.0,,,,,
1789040053.3438,collate,1,0,29663,,,,,,48.116,48.038,,5.0,1.0,,,,,
1789040055.6762,collate,1,0,29663,,,,,,20.107,20.062,,6.0,1.0,,,,,
1789040058.1292,collate,1,0,29663,,,,,,53.823,53.69,,6.0,1.0,,,,,
1789040060.0445,collate,1,0,29663,,,,,,34.352,34.279,,4.0,1.0,,,,,
1789040062.2229,collate,1,0,29663,,,,,,33.987,33.932,,3.0,1.0,,,,,
1789040064.3573,collate,1,0,29663,,,,,,31.45,31.377,,4.0,1.0,,,,,
1789040066.3537,collate,1,0,29663,,,,,,49.717,49.629,,4.0,1.0,,,,,
1789040068.6437,collate,1,0,29663,,,,,,28.355,28.258,,2.0,1.0,,,,,
1789040071.2386,collate,1,0,29663,,,,,,33.026,32.922,,4.0,1.0,,,,,
1789040073.9641,collate,1,0,29663,,,,,,37.422,37.341,,4.0,1.0,,,,,
1789040076.7033,collate,1,0,29663,,,,,,24.383,24.346,,7.0,1.0,,,,,
1789040078.9687,collate,1,0,29663,,,,,,48.414,48.339,,5.0,1.0,,,,,
1789040080.7551,collate,1,0,29663,,,,,,41.02,40.955,,4.0,1.0,,,,,
1789040083.4154,collate,1,0,29663,,,,,,52.256,52.166,,7.0,1.0,,,,,
1789040085.586,collate,1,0,29663,,,,,,39.199,39.062,,5.0,1.0,,,,,
1789040087.4972,collate,1,0,29663,,,,,,46.08,46.012,,4.0,1.0,,,,,
1789040089.5347,collate,1,0,29663,,,,,,39.323,37.08,,5.0,1.0,,,,,
1789040092.2224,collate,1,0,29663,,,,,,28.727,28.69,,6.0,1.0,,,,,
1789040095.0055,collate,1,0,29663,,,,,,47.437,47.374,,7.0,1.0,,,,,
1789040097.4086,collate,1,0,29663,,,,,,32.603,32.541,,6.0,1.0,,,,,
1789040099.7387,collate,1,0,29663,,,,,,48.386,48.311,,5.0,1.0,,,,,
1789040102.4717,collate,1,0,29663,,,,,,51.048,50.945,,6.0,1.0,,,,,
1789040104.9139,collate,1,0,29663,,,,,,49.882,49.804,,6.0,1.0,,,,,
1789040107.0223,collate,1,0,29663,,,,,,40.505,40.402,,5.0,1.0,,,,,
1789040109.0068,collate,1,0,29663,,,,,,36.369,36.208,,5.0,1.0,,,,,
1789040112.061,collate,1,0,29663,,,,,,81.447,81.339,,8.0,1.0,,,,,
1789040115.1911,collate,1,0,29663,,,,,,46.924,45.405,,8.0,1.0,,,,,
1789040117.8045,collate,1,0,29663,,,,,,50.121,48.084,,6.0,1.0,,,,,
1789040119.7953,collate,1,0,29663,,,,,,42.297,40.81,,6.0,1.0,,,,,
1789040122.5167,collate,1,0,29663,,,,,,46.827,44.866,,7.0,1.0,,,,,
1789040124.606,collate,1,0,29663,,,,,,22.447,22.422,,5.0,1.0,,,,,
1789040127.0396,collate,1,0,29663,,,,,,24.62,24.588,,6.0,1.0,,,,,
1789040129.464,collate,1,0,29663,,,,,,48.508,48.428,,6.0,1.0,,,,,
1789040132.5667,collate,1,0,29663,,,,,,38.668,35.886,,6.0,1.0,,,,,
1789040134.8145,collate,1,0,29663,,,,,,46.439,46.367,,6.0,1.0,,,,,
1789040136.6977,collate,1,0,29663,,,,,,37.232,37.175,,4.0,1.0,,,,,
1789040138.7967,collate,1,0,29663,,,,,,96.084,95.307,,5.0,1.0,,,,,
1789040141.1665,collate,1,0,29663,,,,,,71.714,71.451,,5.0,1.0,,,,,
1789040143.2639,collate,1,0,29663,,,,,,49.313,49.228,,5.0,1.0,,,,,
1789040146.0152,collate,1,0,29663,,,,,,79.703,79.572,,7.0,1.0,,,,,
1789040148.1731,collate,1,0,29663,,,,,,41.71,41.642,,6.0,1.0,,,,,
1789040150.5408,collate,1,0,29663,,,,,,28.206,28.12,,6.0,1.0,,,,,
1789040152.4885,collate,1,0,29663,,,,,,43.491,43.42,,5.0,1.0,,,,,
1789040154.7582,collate,1,0,29663,,,,,,36.949,36.901,,5.0,1.0,,,,,
1789040157.3737,collate,1,0,29663,,,,,,47.909,47.847,,6.0,1.0,,,,,
1789040160.0247,collate,1,0,29663,,,,,,46.055,45.944,,4.0,1.0,,,,,
1789040162.8132,collate,1,0,29663,,,,,,46.693,46.622,,7.0,1.0,,,,,
1789040165.0201,collate,1,0,29663,,,,,,21.171,21.156,,5.0,1.0,,,,,
1789040167.6015,collate,1,0,29663,,,,,,21.9,21.879,,6.0,1.0,,,,,
1789040169.4276,collate,1,0,29663,,,,,,35.679,35.629,,4.0,1.0,,,,,
1789040171.446,collate,1,0,29663,,,,,,48.332,48.261,,4.0,1.0,,,,,
1789040173.3101,collate,1,0,29663,,,,,,34.44,34.371,,4.0,1.0,,,,,
1789040175.9687,collate,1,0,29663,,,,,,35.112,35.021,,6.0,1.0,,,,,
1789040177.6947,collate,1,0,29663,,,,,,35.849,34.747,,4.0,1.0,,,,,
1789040179.4595,collate,1,0,29663,,,,,,45.231,45.177,,3.0,1.0,,,,,
1789040183.0014,collate,1,0,29663,,,,,,48.319,48.249,,7.0,1.0,,,,,
1789040185.0503,collate,1,0,29663,,,,,,54.063,53.99,,4.0,1.0,,,,,
1789040187.2499,collate,1,0,29663,,,,,,54.81,54.73,,5.0,1.0,,,,,
1789040189.5535,collate,1,0,29663,,,,,,38.918,38.851,,5.0,1.0,,,,,
1789040193.1681,collate,1,0,29663,,,,,,32.714,32.656,,7.0,1.0,,,,,
1789040195.5388,collate,1,0,29663,,,,,,24.659,24.582,,5.0,1.0,,,,,
1789040197.8368,collate,1,0,29663,,,,,,46.295,46.222,,5.0,1.0,,,,,
1789040199.7949,collate,1,0,29663,,,,,,45.88,45.814,,5.0,1.0,,,,,
1789040202.5597,collate,1,0,29663,,,,,,51.468,47.097,,7.0,1.0,,,,,
1789040205.4141,collate,1,0,29663,,,,,,48.537,48.47,,7.0,1.0,,,,,
1789040207.7371,collate,1,0,29663,,,,,,24.667,24.623,,5.0,1.0,,,,,
1789040209.6735,collate,1,0,29663,,,,,,35.568,35.523,,5.0,1.0,,,,,
1789040211.9208,collate,1,0,29663,,,,,,53.359,53.198,,5.0,1.0,,,,,
1789040215.2354,collate,1,0,29663,,,,,,47.005,46.91,,7.0,1.0,,,,,
1789040217.6287,collate,1,0,29663,,,,,,47.426,47.352,,6.0,1.0,,,,,
1789040219.8433,collate,1,0,29663,,,,,,49.052,48.988,,5.0,1.0,,,,,
1789040222.4402,collate,1,0,29663,,,,,,40.166,40.103,,6.0,1.0,,,,,
1789040224.7585,collate,1,0,29663,,,,,,46.502,46.411,,6.0,1.0,,,,,
1789040227.2762,collate,1,0,29663,,,,,,59.721,57.283,,6.0,1.0,,,,,
1789040230.0272,collate,1,0,29663,,,,,,49.403,49.328,,7.0,1.0,,,,,
1789040232.4464,collate,1,0,29663,,,,,,75.034,74.93,,5.0,1.0,,,,,
1789040234.8123,collate,1,0,29663,,,,,,42.648,42.573,,6.0,1.0,,,,,
1789040236.9132,collate,1,0,29663,,,,,,131.333,131.043,,4.0,1.0,,,,,
1789040239.4035,collate,1,0,29663,,,,,,82.893,82.758,,7.0,1.0,,,,,
1789040241.7065,collate,1,0,29663,,,,,,36.011,35.959,,6.0,1.0,,,,,
1789040244.7192,collate,1,0,29663,,,,,,112.331,112.137,,8.0,1.0,,,,,
1789040247.0557,collate,1,0,29663,,,,,,36.644,36.597,,6.0,1.0,,,,,
1789040250.0661,collate,1,0,29663,,,,,,245.836,245.489,,7.0,1.0,,,,,
1789040252.1553,collate,1,0,29663,,,,,,65.717,65.089,,4.0,1.0,,,,,
1789040254.6248,collate,1,0,29663,,,,,,168.726,168.469,,6.0,1.0,,,,,
1789040256.8613,collate,1,0,29663,,,,,,101.166,100.246,,5.0,1.0,,,,,
1789040260.0901,collate,1,0,29663,,,,,,97.985,97.821,,4.0,1.0,,,,,
1789040262.6685,collate,1,0,29663,,,,,,56.339,56.08,,6.0,1.0,,,,,
1789040265.0423,collate,1,0,29663,,,,,,95.428,95.244,,5.0,1.0,,,,,
1789040267.7577,collate,1,0,29663,,,,,,32.151,32.089,,6.0,1.0,,,,,
1789040269.928,collate,1,0,29663,,,,,,40.156,39.834,,5.0,1.0,,,,,
1789040272.1236,collate,1,0,29663,,,,,,34.999,34.733,,6.0,1.0,,,,,
1789040274.3084,collate,1,0,29663,,,,,,158.174,157.817,,5.0,1.0,,,,,
1789040276.7027,collate,1,0,29663,,,,,,50.195,50.128,,6.0,1.0,,,,,
1789040279.4852,collate,1,0,29663,,,,,,22.528,22.493,,7.0,1.0,,,,,
1789040281.8225,collate,1,0,29663,,,,,,48.428,48.318,,5.0,1.0,,,,,
1789040284.7815,collate,1,0,29663,,,,,,38.201,38.122,,7.0,1.0,,,,,
1789040286.3446,collate,1,0,29663,,,,,,37.126,37.051,,3.0,1.0,,,,,
1789040288.9657,collate,1,0,29663,,,,,,50.874,50.789,,7.0,1.0,,,,,
1789040291.7895,collate,1,0,29663,,,,,,82.097,81.952,,6.0,1.0,,,,,
1789040294.4999,collate,1,0,29663,,,,,,25.216,25.194,,7.0,1.0,,,,,
1789040297.0994,collate,1,0,29663,,,,,,277.523,276.946,,5.0,1.0,,,,,
1789040299.3824,collate,1,0,29663,,,,,,81.405,81.22,,5.0,1.0,,,,,
1789040302.2871,collate,1,0,29663,,,,,,29.41,29.37,,6.0,1.0,,,,,
1789040304.4828,collate,1,0,29663,,,,,,45.137,45.071,,5.0,1.0,,,,,
1789040306.9053,collate,1,0,29663,,,,,,42.307,42.185,,5.0,1.0,,,,,
1789040308.9135,collate,1,0,29663,,,,,,38.455,38.399,,4.0,1.0,,,,,
1789040311.5904,collate,1,0,29663,,,,,,54.437,54.333,,6.0,1.0,,,,,
1789040314.3995,collate,1,0,29663,,,,,,46.282,46.202,,5.0,1.0,,,,,
1789040316.6596,collate,1,0,29663,,,,,,55.761,55.656,,5.0,1.0,,,,,
1789040319.0025,collate,1,0,29663,,,,,,182.854,182.459,,6.0,1.0,,,,,
1789040321.9795,collate,1,0,29663,,,,,,162.499,162.077,,7.0,1.0,,,,,
1789040323.8433,collate,1,0,29663,,,,,,22.681,22.662,,4.0,1.0,,,,,
1789040326.0176,collate,1,0,29663,,,,,,172.875,172.323,,4.0,1.0,,,,,
1789040328.9983,collate,1,0,29663,,,,,,54.502,54.388,,7.0,1.0,,,,,
1789040331.3405,collate,1,0,29663,,,,,,32.253,32.2,,6.0,1.0,,,,,
1789040334.2806,collate,1,0,29663,,,,,,131.533,131.224,,7.0,1.0,,,,,
1789040336.1373,collate,1,0,29663,,,,,,38.755,38.678,,4.0,1.0,,,,,
1789040339.1214,collate,1,0,29663,,,,,,53.42,53.321,,6.0,1.0,,,,,
1789040341.3028,collate,1,0,29663,,,,,,73.832,73.621,,5.0,1.0,,,,,
1789040344.0831,collate,1,0,29663,,,,,,37.898,37.842,,7.0,1.0,,,,,
1789040346.691,collate,1,0,29663,,,,,,59.473,59.358,,6.0,1.0,,,,,
1789040349.1594,collate,1,0,29663,,,,,,24.591,24.543,,6.0,1.0,,,,,
1789040351.8222,collate,1,0,29663,,,,,,43.206,43.1,,6.0,1.0,,,,,
1789040353.816,collate,1,0,29663,,,,,,46.841,46.763,,5.0,1.0,,,,,
1789040356.8145,collate,1,0,29663,,,,,,50.892,50.738,,7.0,1.0,,,,,
1789040358.92,collate,1,0,29663,,,,,,57.305,57.176,,5.0,1.0,,,,,
1789040361.6768,collate,1,0,29663,,,,,,43.05,42.98,,7.0,1.0,,,,,
1789040363.8351,collate,1,0,29663,,,,,,88.038,87.867,,5.0,1.0,,,,,
1789040366.8032,collate,1,0,29663,,,,,,55.624,55.49,,7.0,1.0,,,,,
1789040369.2579,collate,1,0,29663,,,,,,55.883,55.7,,6.0,1.0,,,,,
1789040370.9886,collate,1,0,29663,,,,,,41.344,41.193,,2.0,1.0,,,,,
1789040373.3361,collate,1,0,29663,,,,,,88.613,88.436,,5.0,1.0,,,,,
1789040376.3019,collate,1,0,29663,,,,,,76.464,76.244,,6.0,1.0,,,,,
1789040378.2073,collate,1,0,29663,,,,,,55.787,55.66,,2.0,1.0,,,,,
1789040380.5263,collate,1,0,29663,,,,,,71.657,71.454,,5.0,1.0,,,,,
1789040383.348,collate,1,0,29663,,,,,,54.553,54.409,,7.0,1.0,,,,,
1789040385.2813,collate,1,0,29663,,,,,,48.489,48.373,,5.0,1.0,,,,,
1789040387.9237,collate,1,0,29663,,,,,,68.777,68.612,,6.0,1.0,,,,,
1789040389.6511,collate,1,0,29663,,,,,,37.412,37.354,,4.0,1.0,,,,,
1789040392.1464,collate,1,0,29663,,,,,,76.152,76.041,,6.0,1.0,,,,,
1789040394.7919,collate,1,0,29663,,,,,,62.024,61.915,,6.0,1.0,,,,,
1789040397.3772,collate,1,0,29663,,,,,,22.456,22.429,,6.0,1.0,,,,,
1789040399.5428,collate,1,0,29663,,,,,,49.448,49.351,,5.0,1.0,,,,,
1789040401.7956,collate,1,0,29663,,,,,,80.14,79.926,,6.0,1.0,,,,,
1789040403.6107,collate,1,0,29663,,,,,,41.655,41.583,,5.0,1.0,,,,,
1789040406.9671,collate,1,0,29663,,,,,,111.134,110.876,,6.0,1.0,,,,,
1789040410.0105,collate,1,0,29663,,,,,,32.193,32.14,,7.0,1.0,,,,,
1789040412.0527,collate,1,0,29663,,,,,,34.485,34.435,,4.0,1.0,,,,,
1789040414.6106,collate,1,0,29663,,,,,,48.044,47.965,,6.0,1.0,,,,,
1789040416.9622,collate,1,0,29663,,,,,,25.706,25.669,,6.0,1.0,,,,,
1789040419.1323,collate,1,0,29663,,,,,,33.822,33.751,,5.0,1.0,,,,,
1789040421.709,collate,1,0,29663,,,,,,66.335,66.207,,6.0,1.0,,,,,
1789040424.1372,collate,1,0,29663,,,,,,35.006,34.964,,5.0,1.0,,,,,
1789040426.7877,collate,1,0,29663,,,,,,34.685,34.598,,6.0,1.0,,,,,
1789040429.2845,collate,1,0,29663,,,,,,53.62,53.409,,6.0,1.0,,,,,
1789040432.1218,collate,1,0,29663,,,,,,33.612,33.555,,7.0,1.0,,,,,
1789040434.282,collate,1,0,29663,,,,,,40.648,40.543,,5.0,1.0,,,,,
1789040436.6009,collate,1,0,29663,,,,,,51.215,51.069,,5.0,1.0,,,,,
1789040438.8676,collate,1,0,29663,,,,,,26.647,26.586,,5.0,1.0,,,,,
1789040441.314,collate,1,0,29663,,,,,,24.834,24.789,,6.0,1.0,,,,,
1789040443.9378,collate,1,0,29663,,,,,,26.544,26.471,,6.0,1.0,,,,,
1789040446.111,collate,1,0,29663,,,,,,53.243,53.135,,5.0,1.0,,,,,
1789040448.6432,collate,1,0,29663,,,,,,65.073,64.973,,7.0,1.0,,,,,
1789040450.8419,collate,1,0,29663,,,,,,23.643,23.571,,6.0,1.0,,,,,
1789040452.6295,collate,1,0,29663,,,,,,48.215,48.166,,4.0,1.0,,,,,
1789040455.3391,collate,1,0,29663,,,,,,67.506,67.365,,7.0,1.0,,,,,
1789040457.2639,collate,1,0,29663,,,,,,37.985,37.93,,5.0,1.0,,,,,
1789040460.8144,collate,1,0,29663,,,,,,53.337,53.243,,7.0,1.0,,,,,
1789040463.27,collate,1,0,29663,,,,,,33.874,33.819,,5.0,1.0,,,,,
1789040466.0638,collate,1,0,29663,,,,,,22.707,22.665,,7.0,1.0,,,,,
1789040468.5662,collate,1,0,29663,,,,,,51.239,51.141,,6.0,1.0,,,,,
1789040471.3873,collate,1,0,29663,,,,,,34.207,34.154,,8.0,1.0,,,,,
1789040474.3789,collate,1,0,29663,,,,,,58.238,58.089,,7.0,1.0,,,,,
1789040476.8013,collate,1,0,29663,,,,,,50.939,50.855,,6.0,1.0,,,,,
1789040479.5006,collate,1,0,29663,,,,,,36.901,36.713,,7.0,1.0,,,,,
1789040481.0657,collate,1,0,29663,,,,,,40.637,40.461,,4.0,1.0,,,,,
1789040483.7429,collate,1,0,29663,,,,,,43.588,43.518,,7.0,1.0,,,,,
1789040486.2989,collate,1,0,29663,,,,,,26.156,26.112,,6.0,1.0,,,,,
1789040488.8055,collate,1,0,29663,,,,,,55.13,55.057,,5.0,1.0,,,,,
1789040492.0075,collate,1,0,29663,,,,,,49.048,48.954,,8.0,1.0,,,,,
1789040494.6605,collate,1,0,29663,,,,,,32.769,32.727,,6.0,1.0,,,,,
1789040497.1389,collate,1,0,29663,,,,,,48.731,48.663,,6.0,1.0,,,,,
1789040499.8507,collate,1,0,29663,,,,,,39.892,39.833,,7.0,1.0,,,,,
1789040503.1492,collate,1,0,29663,,,,,,23.639,23.56,,8.0,1.0,,,,,
1789040505.5231,collate,1,0,29663,,,,,,48.999,48.923,,5.0,1.0,,,,,
1789040507.4699,collate,1,0,29663,,,,,,56.531,56.409,,5.0,1.0,,,,,
1789040510.1029,collate,1,0,29663,,,,,,29.919,29.862,,6.0,1.0,,,,,
1789040513.0498,collate,1,0,29663,,,,,,56.207,56.11,,6.0,1.0,,,,,
1789040515.5663,collate,1,0,29663,,,,,,55.634,55.416,,6.0,1.0,,,,,
1789040517.8411,collate,1,0,29663,,,,,,23.657,23.621,,6.0,1.0,,,,,
1789040520.1585,collate,1,0,29663,,,,,,53.123,53.062,,5.0,1.0,,,,,
1789040522.5835,collate,1,0,29663,,,,,,33.173,33.131,,6.0,1.0,,,,,
1789040524.7272,collate,1,0,29663,,,,,,36.246,36.199,,6.0,1.0,,,,,
1789040527.1146,collate,1,0,29663,,,,,,40.772,40.686,,6.0,1.0,,,,,
1789040529.5709,collate,1,0,29663,,,,,,107.136,106.878,,6.0,1.0,,,,,
1789040532.0392,collate,1,0,29663,,,,,,50.953,50.891,,5.0,1.0,,,,,
1789040535.2445,collate,1,0,29663,,,,,,36.619,36.506,,9.0,1.0,,,,,
1789040537.4923,collate,1,0,29663,,,,,,61.623,61.48,,5.0,1.0,,,,,
1789040540.1453,collate,1,0,29663,,,,,,53.645,53.528,,6.0,1.0,,,,,
1789040542.6648,collate,1,0,29663,,,,,,50.261,50.144,,6.0,1.0,,,,,
1789040545.4046,collate,1,0,29663,,,,,,96.851,96.563,,6.0,1.0,,,,,
1789040547.9631,collate,1,0,29663,,,,,,239.974,239.482,,6.0,1.0,,,,,
1789040550.4277,collate,1,0,29663,,,,,,28.594,28.556,,6.0,1.0,,,,,
1789040552.5655,collate,1,0,29663,,,,,,37.801,37.751,,5.0,1.0,,,,,
1789040554.6741,collate,1,0,29663,,,,,,144.364,144.081,,5.0,1.0,,,,,
1789040557.7797,collate,1,0,29663,,,,,,29.566,29.513,,8.0,1.0,,,,,
1789040560.5694,collate,1,0,29663,,,,,,80.207,80.013,,6.0,1.0,,,,,
1789040562.7949,collate,1,0,29663,,,,,,61.583,61.362,,6.0,1.0,,,,,
1789040565.4107,collate,1,0,29663,,,,,,77.891,77.742,,7.0,1.0,,,,,
1789040567.5432,collate,1,0,29663,,,,,,33.084,33.038,,5.0,1.0,,,,,
1789040569.6845,collate,1,0,29663,,,,,,33.209,33.158,,4.0,1.0,,,,,
1789040571.2386,collate,1,0,29663,,,,,,54.925,54.689,,3.0,1.0,,,,,
1789040574.7832,collate,1,0,29663,,,,,,44.442,44.388,,6.0,1.0,,,,,
1789040577.0207,collate,1,0,29663,,,,,,28.013,27.947,,6.0,1.0,,,,,
1789040579.3904,collate,1,0,29663,,,,,,140.642,140.288,,4.0,1.0,,,,,
1789040580.8602,collate,1,0,29663,,,,,,33.9,33.724,,3.0,1.0,,,,,
1789040583.6922,collate,1,0,29663,,,,,,24.027,24.0,,7.0,1.0,,,,,
1789040586.6041,collate,1,0,29663,,,,,,49.994,49.889,,6.0,1.0,,,,,
1789040589.2551,collate,1,0,29663,,,,,,92.258,91.978,,6.0,1.0,,,,,
1789040591.5009,collate,1,0,29663,,,,,,25.172,25.106,,6.0,1.0,,,,,
1789040594.1494,collate,1,0,29663,,,,,,53.965,53.774,,7.0,1.0,,,,,
1789040596.2823,collate,1,0,29663,,,,,,40.226,40.087,,5.0,1.0,,,,,
1789040598.7909,collate,1,0,29663,,,,,,23.683,23.641,,6.0,1.0,,,,,
1789040601.3128,collate,1,0,29663,,,,,,49.066,48.886,,6.0,1.0,,,,,
1789040603.7523,collate,1,0,29663,,,,,,38.823,38.731,,6.0,1.0,,,,,
1789040605.73,collate,1,0,29663,,,,,,26.151,26.067,,4.0,1.0,,,,,
1789040608.0896,collate,1,0,29663,,,,,,53.872,53.773,,5.0,1.0,,,,,
1789040609.5475,collate,1,0,29663,,,,,,28.255,28.189,,3.0,1.0,,,,,
1789040612.8392,collate,1,0,29663,,,,,,36.598,36.489,,6.0,1.0,,,,,
1789040614.8342,collate,1,0,29663,,,,,,71.708,71.529,,4.0,1.0,,,,,
1789040617.6244,collate,1,0,29663,,,,,,34.88,34.823,,7.0,1.0,,,,,
1789040619.7606,collate,1,0,29663,,,,,,30.089,30.03,,5.0,1.0,,,,,
1789040622.2816,collate,1,0,29663,,,,,,49.216,49.121,,5.0,1.0,,,,,
1789040625.5374,collate,1,0,29663,,,,,,31.417,31.338,,6.0,1.0,,,,,
1789040627.9972,collate,1,0,29663,,,,,,36.938,36.891,,6.0,1.0,,,,,
1789040630.5628,collate,1,0,29663,,,,,,50.984,50.805,,7.0,1.0,,,,,
1789040633.4572,collate,1,0,29663,,,,,,40.396,40.293,,7.0,1.0,,,,,
1789040635.7425,collate,1,0,29663,,,,,,22.629,22.583,,5.0,1.0,,,,,
1789040638.1437,collate,1,0,29663,,,,,,58.142,58.041,,6.0,1.0,,,,,
1789040640.3565,collate,1,0,29663,,,,,,33.864,33.78,,5.0,1.0,,,,,
1789040642.5688,collate,1,0,29663,,,,,,27.5,27.445,,5.0,1.0,,,,,
1789040644.3259,collate,1,0,29663,,,,,,50.748,50.621,,4.0,1.0,,,,,
1789040646.5683,collate,1,0,29663,,,,,,31.258,31.183,,5.0,1.0,,,,,
1789040650.1,collate,1,0,29663,,,,,,33.561,33.493,,7.0,1.0,,,,,
1789040652.6551,collate,1,0,29663,,,,,,50.222,50.141,,5.0,1.0,,,,,
1789040654.5342,collate,1,0,29663,,,,,,38.756,38.684,,3.0,1.0,,,,,
1789040656.3515,collate,1,0,29663,,,,,,27.064,27.028,,4.0,1.0,,,,,
1789040658.9108,collate,1,0,29663,,,,,,52.865,52.568,,5.0,1.0,,,,,
1789040661.8134,collate,1,0,29663,,,,,,46.894,46.731,,7.0,1.0,,,,,
1789040663.8143,collate,1,0,29663,,,,,,24.349,24.299,,5.0,1.0,,,,,
1789040666.3269,collate,1,0,29663,,,,,,173.331,172.3,,5.0,1.0,,,,,
1789040668.9962,collate,1,0,29663,,,,,,42.607,42.539,,6.0,1.0,,,,,
1789040672.2559,collate,1,0,29663,,,,,,21.939,21.924,,7.0,1.0,,,,,
1789040675.5874,collate,1,0,29663,,,,,,39.582,39.464,,8.0,1.0,,,,,
1789040677.7914,collate,1,0,29663,,,,,,69.627,69.528,,6.0,1.0,,,,,
1789040679.8054,collate,1,0,29663,,,,,,90.466,90.28,,5.0,1.0,,,,,
1789040681.9303,collate,1,0,29663,,,,,,35.871,35.811,,5.0,1.0,,,,,
1789040684.3073,collate,1,0,29663,,,,,,27.326,27.265,,6.0,1.0,,,,,
1789040687.165,collate,1,0,29663,,,,,,53.912,53.735,,7.0,1.0,,,,,
1789040689.6513,collate,1,0,29663,,,,,,67.616,67.488,,6.0,1.0,,,,,
1789040691.4272,collate,1,0,29663,,,,,,43.786,43.69,,3.0,1.0,,,,,
1789040694.0414,collate,1,0,29663,,,,,,157.383,157.077,,6.0,1.0,,,,,
1789040696.8853,collate,1,0,29663,,,,,,35.656,35.493,,4.0,1.0,,,,,
1789040698.7038,collate,1,0,29663,,,,,,48.899,48.82,,3.0,1.0,,,,,
1789040701.6602,collate,1,0,29663,,,,,,37.446,37.398,,6.0,1.0,,,,,
1789040703.7357,collate,1,0,29663,,,,,,36.897,36.861,,4.0,1.0,,,,,
1789040706.1767,collate,1,0,29663,,,,,,38.029,37.904,,7.0,1.0,,,,,
1789040708.2371,collate,1,0,29663,,,,,,74.168,74.055,,5.0,1.0,,,,,
1789040710.654,collate,1,0,29663,,,,,,46.532,46.429,,4.0,1.0,,,,,
1789040713.1948,collate,1,0,29663,,,,,,28.056,28.008,,6.0,1.0,,,,,
1789040714.9018,collate,1,0,29663,,,,,,50.536,50.439,,4.0,1.0,,,,,
1789040718.3802,collate,1,0,29663,,,,,,57.294,57.212,,6.0,1.0,,,,,
1789040720.7942,collate,1,0,29663,,,,,,22.863,22.826,,6.0,1.0,,,,,
1789040723.5701,collate,1,0,29663,,,,,,54.826,54.595,,7.0,1.0,,,,,
1789040725.5166,collate,1,0,29663,,,,,,22.405,22.367,,4.0,1.0,,,,,
1789040727.572,collate,1,0,29663,,,,,,36.697,36.661,,5.0,1.0,,,,,
1789040730.4204,collate,1,0,29663,,,,,,51.37,51.298,,6.0,1.0,,,,,
1789040732.4415,collate,1,0,29663,,,,,,39.346,39.295,,5.0,1.0,,,,,
1789040734.7017,collate,1,0,29663,,,,,,26.117,26.082,,6.0,1.0,,,,,
1789040736.8641,collate,1,0,29663,,,,,,56.202,56.015,,5.0,1.0,,,,,
1789040739.7637,collate,1,0,29663,,,,,,65.537,65.429,,5.0,1.0,,,,,
1789040742.4783,collate,1,0,29663,,,,,,25.323,25.3,,6.0,1.0,,,,,
1789040745.1571,collate,1,0,29663,,,,,,50.202,50.123,,5.0,1.0,,,,,
1789040748.1048,collate,1,0,29663,,,,,,42.05,41.943,,6.0,1.0,,,,,
1789040750.3598,collate,1,0,29663,,,,,,73.063,72.846,,5.0,1.0,,,,,
1789040752.1004,collate,1,0,29663,,,,,,40.227,40.153,,3.0,1.0,,,,,
1789040755.011,collate,1,0,29663,,,,,,24.281,24.249,,6.0,1.0,,,,,
1789040756.6445,collate,1,0,29663,,,,,,26.308,26.256,,4.0,1.0,,,,,
1789040760.1526,collate,1,0,29663,,,,,,54.224,54.108,,7.0,1.0,,,,,
1789040762.0443,collate,1,0,29663,,,,,,27.186,27.117,,4.0,1.0,,,,,
1789040764.4159,collate,1,0,29663,,,,,,45.666,45.578,,6.0,1.0,,,,,
1789040767.5636,collate,1,0,29663,,,,,,29.28,29.17,,7.0,1.0,,,,,
1789040770.1102,collate,1,0,29663,,,,,,38.379,38.334,,5.0,1.0,,,,,
1789040772.1406,collate,1,0,29663,,,,,,27.657,27.604,,4.0,1.0,,,,,
1789040773.8838,collate,1,0,29663,,,,,,40.789,40.688,,3.0,1.0,,,,,
1789040776.7261,collate,1,0,29663,,,,,,51.711,51.592,,8.0,1.0,,,,,
1789040779.5149,collate,1,0,29663,,,,,,38.636,38.552,,6.0,1.0,,,,,
1789040782.0079,collate,1,0,29663,,,,,,26.246,26.191,,5.0,1.0,,,,,
1789040784.5367,collate,1,0,29663,,,,,,54.767,54.588,,7.0,1.0,,,,,
1789040787.1145,collate,1,0,29663,,,,,,39.584,39.53,,7.0,1.0,,,,,
1789040788.6775,collate,1,0,29663,,,,,,34.388,34.351,,3.0,1.0,,,,,
1789040791.2581,collate,1,0,29663,,,,,,50.139,49.985,,7.0,1.0,,,,,
1789040794.3249,collate,1,0,29663,,,,,,38.437,38.353,,3.0,1.0,,,,,
1789040797.6932,collate,1,0,29663,,,,,,29.549,29.495,,7.0,1.0,,,,,
1789040800.6039,collate,1,0,29663,,,,,,54.584,54.41,,6.0,1.0,,,,,
1789040802.2902,collate,1,0,29663,,,,,,50.461,50.316,,3.0,1.0,,,,,
1789040804.2116,collate,1,0,29663,,,,,,20.447,20.412,,5.0,1.0,,,,,
1789040806.8469,collate,1,0,29663,,,,,,33.009,32.833,,6.0,1.0,,,,,
1789040808.7977,collate,1,0,29663,,,,,,32.357,32.308,,4.0,1.0,,,,,
1789040811.5033,collate,1,0,29663,,,,,,34.394,34.326,,6.0,1.0,,,,,
1789040813.7189,collate,1,0,29663,,,,,,53.745,53.654,,6.0,1.0,,,,,
1789040815.9596,collate,1,0,29663,,,,,,35.12,34.991,,6.0,1.0,,,,,
1789040818.3718,collate,1,0,29663,,,,,,27.629,27.583,,6.0,1.0,,,,,
1789040820.8156,collate,1,0,29663,,,,,,49.343,49.257,,6.0,1.0,,,,,
1789040822.5089,collate,1,0,29663,,,,,,28.004,27.96,,3.0,1.0,,,,,
1789040825.4733,collate,1,0,29663,,,,,,59.896,59.707,,4.0,1.0,,,,,
1789040828.7393,collate,1,0,29663,,,,,,43.675,43.552,,5.0,1.0,,,,,
1789040831.811,collate,1,0,29663,,,,,,80.034,79.715,,8.0,1.0,,,,,
1789040833.4345,collate,1,0,29663,,,,,,63.312,63.143,,3.0,1.0,,,,,
1789040835.8353,collate,1,0,29663,,,,,,94.734,94.554,,6.0,1.0,,,,,
1789040838.7599,collate,1,0,29663,,,,,,33.893,33.846,,7.0,1.0,,,,,
1789040841.0738,collate,1,0,29663,,,,,,28.64,28.555,,6.0,1.0,,,,,
1789040844.0115,collate,1,0,29663,,,,,,61.372,61.251,,7.0,1.0,,,,,
1789040846.4389,collate,1,0,29663,,,,,,62.609,62.487,,5.0,1.0,,,,,
1789040848.6616,collate,1,0,29663,,,,,,44.075,44.002,,5.0,1.0,,,,,
1789040850.5745,collate,1,0,29663,,,,,,277.719,277.066,,4.0,1.0,,,,,
1789040852.414,collate,1,0,29663,,,,,,50.419,50.305,,4.0,1.0,,,,,
1789040855.5791,collate,1,0,29663,,,,,,139.481,139.02,,6.0,1.0,,,,,
1789040858.4794,collate,1,0,29663,,,,,,32.341,32.253,,7.0,1.0,,,,,
1789040860.6034,collate,1,0,29663,,,,,,24.51,24.448,,5.0,1.0,,,,,
1789040862.8146,collate,1,0,29663,,,,,,53.655,53.546,,5.0,1.0,,,,,
1789040864.9074,collate,1,0,29663,,,,,,54.753,54.671,,5.0,1.0,,,,,
1789040866.7618,collate,1,0,29663,,,,,,31.686,31.611,,4.0,1.0,,,,,
1789040869.5223,collate,1,0,29663,,,,,,319.842,319.035,,6.0,1.0,,,,,
1789040872.1785,collate,1,0,29663,,,,,,34.246,34.158,,7.0,1.0,,,,,
1789040874.7802,collate,1,0,29663,,,,,,26.356,26.285,,7.0,1.0,,,,,
1789040877.0092,collate,1,0,29663,,,,,,56.157,55.906,,5.0,1.0,,,,,
1789040879.4819,collate,1,0,29663,,,,,,29.97,29.915,,6.0,1.0,,,,,
1789040881.6577,collate,1,0,29663,,,,,,50.223,49.997,,5.0,1.0,,,,,
1789040884.2872,collate,1,0,29663,,,,,,50.94,50.804,,7.0,1.0,,,,,
1789040886.7876,collate,1,0,29663,,,,,,31.994,31.856,,6.0,1.0,,,,,
1789040889.0802,collate,1,0,29663,,,,,,52.222,52.096,,5.0,1.0,,,,,
1789040891.8442,collate,1,0,29663,,,,,,59.396,59.226,,6.0,1.0,,,,,
1789040894.3513,collate,1,0,29663,,,,,,55.931,55.782,,6.0,1.0,,,,,
1789040896.3876,collate,1,0,29663,,,,,,32.66,32.524,,4.0,1.0,,,,,
1789040899.3133,collate,1,0,29663,,,,,,39.602,39.444,,8.0,1.0,,,,,
1789040901.4481,collate,1,0,29663,,,,,,24.995,24.859,,5.0,1.0,,,,,
1789040903.8212,collate,1,0,29663,,,,,,49.797,49.672,,6.0,1.0,,,,,
1789040905.8438,collate,1,0,29663,,,,,,46.638,46.45,,5.0,1.0,,,,,
1789040908.3732,collate,1,0,29663,,,,,,39.996,39.919,,5.0,1.0,,,,,
1789040910.6731,collate,1,0,29663,,,,,,59.194,59.035,,5.0,1.0,,,,,
1789040913.6415,collate,1,0,29663,,,,,,39.502,39.412,,6.0,1.0,,,,,
1789040916.0306,collate,1,0,29663,,,,,,24.796,24.747,,6.0,1.0,,,,,
1789040919.0102,collate,1,0,29663,,,,,,63.687,63.404,,7.0,1.0,,,,,
1789040922.1342,collate,1,0,29663,,,,,,61.566,61.453,,8.0,1.0,,,,,
1789040924.4667,collate,1,0,29663,,,,,,36.731,36.677,,5.0,1.0,,,,,
1789040927.0761,collate,1,0,29663,,,,,,51.446,51.329,,6.0,1.0,,,,,
1789040929.1806,collate,1,0,29663,,,,,,36.821,36.744,,6.0,1.0,,,,,
1789040931.8766,collate,1,0,29663,,,,,,24.385,24.346,,7.0,1.0,,,,,
1789040933.9428,collate,1,0,29663,,,,,,39.646,39.52,,4.0,1.0,,,,,
1789040936.9872,collate,1,0,29663,,,,,,36.428,36.337,,9.0,1.0,,,,,
1789040939.3536,collate,1,0,29663,,,,,,54.433,54.286,,5.0,1.0,,,,,
1789040941.4547,collate,1,0,29663,,,,,,38.503,38.445,,5.0,1.0,,,,,
1789040943.6902,collate,1,0,29663,,,,,,44.602,44.514,,5.0,1.0,,,,,
1789040946.5036,collate,1,0,29663,,,,,,194.253,193.812,,7.0,1.0,,,,,
1789040948.5783,collate,1,0,29663,,,,,,24.983,24.961,,5.0,1.0,,,,,
1789040951.1061,collate,1,0,29663,,,,,,54.012,53.724,,6.0,1.0,,,,,
1789040954.1337,collate,1,0,29663,,,,,,196.795,196.384,,7.0,1.0,,,,,
1789040956.3023,collate,1,0,29663,,,,,,42.748,42.569,,5.0,1.0,,,,,
1789040958.7096,collate,1,0,29663,,,,,,23.207,23.159,,6.0,1.0,,,,,
1789040960.5808,collate,1,0,29663,,,,,,48.717,48.56,,5.0,1.0,,,,,
1789040962.7051,collate,1,0,29663,,,,,,57.75,57.618,,5.0,1.0,,,,,
1789040965.1036,collate,1,0,29663,,,,,,28.98,28.876,,6.0,1.0,,,,,
1789040967.5316,collate,1,0,29663,,,,,,51.26,51.155,,5.0,1.0,,,,,
1789040970.668,collate,1,0,29663,,,,,,57.385,57.221,,8.0,1.0,,,,,
1789040972.6669,collate,1,0,29663,,,,,,38.661,38.525,,5.0,1.0,,,,,
1789040974.9658,collate,1,0,29663,,,,,,57.269,57.035,,5.0,1.0,,,,,
1789040977.1809,collate,1,0,29663,,,,,,43.708,43.596,,5.0,1.0,,,,,
1789040979.6352,collate,1,0,29663,,,,,,28.123,27.941,,6.0,1.0,,,,,
1789040981.708,collate,1,0,29663,,,,,,47.603,47.494,,3.0,1.0,,,,,
1789040983.9002,collate,1,0,29663,,,,,,78.625,78.405,,4.0,1.0,,,,,
1789040986.9294,collate,1,0,29663,,,,,,41.0,40.874,,6.0,1.0,,,,,
1789040989.1777,collate,1,0,29663,,,,,,96.528,96.101,,4.0,1.0,,,,,
1789040991.2409,collate,1,0,29663,,,,,,44.468,44.363,,4.0,1.0,,,,,
1789040994.2994,collate,1,0,29663,,,,,,201.617,200.969,,5.0,1.0,,,,,
1789040996.1763,collate,1,0,29663,,,,,,33.365,33.213,,4.0,1.0,,,,,
1789040997.7911,collate,1,0,29663,,,,,,44.64,44.584,,3.0,1.0,,,,,
1789041000.397,collate,1,0,29663,,,,,,37.827,37.77,,5.0,1.0,,,,,
1789041003.2262,collate,1,0,29663,,,,,,166.084,165.654,,6.0,1.0,,,,,
1789041005.5563,collate,1,0,29663,,,,,,39.496,39.396,,5.0,1.0,,,,,
1789041008.2989,collate,1,0,29663,,,,,,26.394,26.344,,6.0,1.0,,,,,
1789041010.2906,collate,1,0,29663,,,,,,46.029,45.952,,4.0,1.0,,,,,
1789041012.5918,collate,1,0,29663,,,,,,57.285,57.182,,6.0,1.0,,,,,
1789041014.7132,collate,1,0,29663,,,,,,32.524,32.469,,5.0,1.0,,,,,
1789041017.5163,collate,1,0,29663,,,,,,58.038,57.962,,7.0,1.0,,,,,
1789041020.1355,collate,1,0,29663,,,,,,56.3,56.204,,7.0,1.0,,,,,
1789041023.1375,collate,1,0,29663,,,,,,29.601,29.553,,8.0,1.0,,,,,
1789041025.8711,collate,1,0,29663,,,,,,61.881,61.736,,7.0,1.0,,,,,
1789041028.4244,collate,1,0,29663,,,,,,70.219,70.112,,6.0,1.0,,,,,
1789041030.6164,collate,1,0,29663,,,,,,27.111,27.021,,5.0,1.0,,,,,
1789041032.8826,collate,1,0,29663,,,,,,45.085,45.008,,5.0,1.0,,,,,
1789041035.5754,collate,1,0,29663,,,,,,27.53,27.439,,6.0,1.0,,,,,
1789041038.283,collate,1,0,29663,,,,,,50.707,50.635,,5.0,1.0,,,,,
1789041040.4966,collate,1,0,29663,,,,,,53.824,53.716,,5.0,1.0,,,,,
1789041043.1558,collate,1,0,29663,,,,,,26.719,26.687,,7.0,1.0,,,,,
1789041044.9278,collate,1,0,29663,,,,,,36.722,36.668,,3.0,1.0,,,,,
1789041046.9623,collate,1,0,29663,,,,,,41.121,41.046,,5.0,1.0,,,,,
1789041049.516,collate,1,0,29663,,,,,,48.683,48.572,,6.0,1.0,,,,,
1789041050.9199,collate,1,0,29663,,,,,,32.191,32.116,,3.0,1.0,,,,,
1789041054.1558,collate,1,0,29663,,,,,,50.94,50.823,,5.0,1.0,,,,,
1789041056.5524,collate,1,0,29663,,,,,,46.217,46.076,,6.0,1.0,,,,,
1789041059.1411,collate,1,0,29663,,,,,,26.995,26.907,,5.0,1.0,,,,,
1789041061.5025,collate,1,0,29663,,,,,,59.221,59.054,,6.0,1.0,,,,,
1789041064.5536,collate,1,0,29663,,,,,,57.77,57.636,,7.0,1.0,,,,,
1789041067.3284,collate,1,0,29663,,,,,,25.834,25.796,,6.0,1.0,,,,,
1789041069.0805,collate,1,0,29663,,,,,,31.75,31.684,,3.0,1.0,,,,,
1789041071.9583,collate,1,0,29663,,,,,,51.329,51.217,,6.0,1.0,,,,,
1789041074.5153,collate,1,0,29663,,,,,,49.227,49.11,,7.0,1.0,,,,,
1789041076.6725,collate,1,0,29663,,,,,,28.556,28.491,,6.0,1.0,,,,,
1789041078.9177,collate,1,0,29663,,,,,,49.903,49.764,,5.0,1.0,,,,,
1789041081.5518,collate,1,0,29663,,,,,,64.063,63.911,,7.0,1.0,,,,,
1789041083.9357,collate,1,0,29663,,,,,,32.178,32.106,,4.0,1.0,,,,,
1789041091.4779,collate,1,0,30302,,,,,,73.332,71.332,,6.0,1.0,,,,,
1789041093.9053,collate,1,0,30302,,,,,,40.307,40.184,,6.0,1.0,,,,,
1789041096.0809,collate,1,0,30302,,,,,,75.847,75.641,,5.0,1.0,,,,,
1789041098.6903,collate,1,0,30302,,,,,,36.797,36.735,,8.0,1.0,,,,,
1789041101.2676,collate,1,0,30302,,,,,,32.158,32.054,,7.0,1.0,,,,,
1789041104.1172,collate,1,0,30302,,,,,,37.146,37.035,,8.0,1.0,,,,,
1789041106.5715,collate,1,0,30302,,,,,,115.16,114.751,,6.0,1.0,,,,,
1789041108.2317,collate,1,0,30302,,,,,,38.701,38.551,,3.0,1.0,,,,,
1789041110.2356,collate,1,0,30302,,,,,,34.49,34.35,,5.0,1.0,,,,,
1789041112.1199,collate,1,0,30302,,,,,,36.579,36.515,,4.0,1.0,,,,,
1789041114.2434,collate,1,0,30302,,,,,,148.867,148.502,,5.0,1.0,,,,,
1789041116.6032,collate,1,0,30302,,,,,,74.324,74.161,,6.0,1.0,,,,,
1789041118.6974,collate,1,0,30302,,,,,,264.734,264.215,,5.0,1.0,,,,,
1789041120.9219,collate,1,0,30302,,,,,,45.277,45.184,,6.0,1.0,,,,,
1789041122.8427,collate,1,0,30302,,,,,,192.407,192.095,,5.0,1.0,,,,,
1789041124.2955,collate,1,0,30302,,,,,,55.055,54.824,,3.0,1.0,,,,,
1789041125.9715,collate,1,0,30302,,,,,,35.568,35.506,,4.0,1.0,,,,,
1789041128.4898,collate,1,0,30302,,,,,,72.361,72.185,,7.0,1.0,,,,,
1789041131.604,collate,1,0,30302,,,,,,148.254,147.795,,7.0,1.0,,,,,
1789041132.5196,collate,1,0,30302,,,,,,63.373,63.265,,2.0,1.0,,,,,
1789041134.7779,collate,1,0,30302,,,,,,186.63,186.303,,6.0,1.0,,,,,
1789041137.5213,collate,1,0,30302,,,,,,297.179,296.468,,7.0,1.0,,,,,
1789041138.62,collate,1,0,30302,,,,,,41.111,41.019,,2.0,1.0,,,,,
1789041140.7267,collate,1,0,30302,,,,,,37.369,37.306,,6.0,1.0,,,,,
1789041142.6788,collate,1,0,30302,,,,,,36.483,36.432,,6.0,1.0,,,,,
1789041144.0056,collate,1,0,30302,,,,,,45.486,45.34,,3.0,1.0,,,,,
1789041145.317,collate,1,0,30302,,,,,,53.683,53.595,,3.0,1.0,,,,,
1789041147.2934,collate,1,0,30302,,,,,,43.068,43.016,,5.0,1.0,,,,,
1789041148.8487,collate,1,0,30302,,,,,,38.995,38.924,,4.0,1.0,,,,,
1789041151.0622,collate,1,0,30302,,,,,,36.848,36.805,,6.0,1.0,,,,,
1789041153.3308,collate,1,0,30302,,,,,,33.226,33.15,,6.0,1.0,,,,,
1789041154.946,collate,1,0,30302,,,,,,30.708,30.666,,4.0,1.0,,,,,
1789041157.2782,collate,1,0,30302,,,,,,58.783,58.671,,6.0,1.0,,,,,
1789041158.9699,collate,1,0,30302,,,,,,45.762,45.697,,5.0,1.0,,,,,
1789041161.1866,collate,1,0,30302,,,,,,35.017,34.929,,6.0,1.0,,,,,
1789041163.6385,collate,1,0,30302,,,,,,81.678,81.503,,7.0,1.0,,,,,
1789041166.2786,collate,1,0,30302,,,,,,32.755,32.653,,8.0,1.0,,,,,
1789041169.1255,collate,1,0,30302,,,,,,150.501,150.14,,7.0,1.0,,,,,
1789041171.033,collate,1,0,30302,,,,,,44.389,44.263,,5.0,1.0,,,,,
1789041173.0606,collate,1,0,30302,,,,,,128.948,128.727,,5.0,1.0,,,,,
1789041175.7057,collate,1,0,30302,,,,,,33.719,33.423,,7.0,1.0,,,,,
1789041177.6901,collate,1,0,30302,,,,,,38.107,38.064,,5.0,1.0,,,,,
1789041179.638,collate,1,0,30302,,,,,,56.619,56.515,,5.0,1.0,,,,,
1789041181.08,collate,1,0,30302,,,,,,43.351,43.149,,4.0,1.0,,,,,
1789041183.3256,collate,1,0,30302,,,,,,62.73,62.576,,6.0,1.0,,,,,
1789041185.5061,collate,1,0,30302,,,,,,58.644,58.522,,6.0,1.0,,,,,
1789041187.4809,collate,1,0,30302,,,,,,33.505,33.458,,5.0,1.0,,,,,
1789041189.2749,collate,1,0,30302,,,,,,41.862,41.317,,5.0,1.0,,,,,
1789041190.9933,collate,1,0,30302,,,,,,64.959,64.795,,5.0,1.0,,,,,
1789041192.7096,collate,1,0,30302,,,,,,51.524,51.443,,4.0,1.0,,,,,
1789041194.6581,collate,1,0,30302,,,,,,40.428,40.334,,5.0,1.0,,,,,
1789041195.9113,collate,1,0,30302,,,,,,35.21,35.085,,3.0,1.0,,,,,
1789041198.5164,collate,1,0,30302,,,,,,32.931,32.87,,8.0,1.0,,,,,
1789041200.4076,collate,1,0,30302,,,,,,31.65,31.596,,6.0,1.0,,,,,
1789041203.1281,collate,1,0,30302,,,,,,33.286,33.245,,8.0,1.0,,,,,
1789041204.6138,collate,1,0,30302,,,,,,40.42,40.357,,4.0,1.0,,,,,
1789041206.359,collate,1,0,30302,,,,,,128.003,127.658,,4.0,1.0,,,,,
1789041207.6729,collate,1,0,30302,,,,,,33.53,33.417,,3.0,1.0,,,,,
1789041209.7702,collate,1,0,30302,,,,,,63.276,63.035,,5.0,1.0,,,,,
1789041212.3421,collate,1,0,30302,,,,,,33.548,33.494,,6.0,1.0,,,,,
1789041214.2458,collate,1,0,30302,,,,,,133.616,133.171,,5.0,1.0,,,,,
1789041216.8153,collate,1,0,30302,,,,,,55.909,55.493,,7.0,1.0,,,,,
1789041219.3307,collate,1,0,30302,,,,,,32.624,32.511,,7.0,1.0,,,,,
1789041221.4819,collate,1,0,30302,,,,,,41.959,41.832,,6.0,1.0,,,,,
1789041224.3183,collate,1,0,30302,,,,,,34.362,34.269,,8.0,1.0,,,,,
1789041226.3647,collate,1,0,30302,,,,,,28.42,28.324,,6.0,1.0,,,,,
1789041228.1779,collate,1,0,30302,,,,,,38.629,38.554,,5.0,1.0,,,,,
1789041229.7864,collate,1,0,30302,,,,,,160.535,160.262,,4.0,1.0,,,,,
1789041232.5114,collate,1,0,30302,,,,,,32.316,32.269,,6.0,1.0,,,,,
1789041234.0142,collate,1,0,30302,,,,,,28.526,28.476,,2.0,1.0,,,,,
1789041237.3552,collate,1,0,30302,,,,,,30.901,30.838,,7.0,1.0,,,,,
1789041239.4577,collate,1,0,30302,,,,,,30.943,30.887,,6.0,1.0,,,,,
1789041241.3155,collate,1,0,30302,,,,,,53.252,53.105,,4.0,1.0,,,,,
1789041243.5179,collate,1,0,30302,,,,,,42.918,42.75,,6.0,1.0,,,,,
1789041245.6324,collate,1,0,30302,,,,,,37.653,37.532,,6.0,1.0,,,,,
1789041248.1351,collate,1,0,30302,,,,,,34.366,34.305,,6.0,1.0,,,,,
1789041250.823,collate,1,0,30302,,,,,,31.856,31.538,,7.0,1.0,,,,,
1789041253.4043,collate,1,0,30302,,,,,,29.741,29.5,,7.0,1.0,,,,,
1789041256.2015,collate,1,0,30302,,,,,,51.767,51.584,,8.0,1.0,,,,,
1789041257.6725,collate,1,0,30302,,,,,,46.744,46.651,,4.0,1.0,,,,,
1789041259.7314,collate,1,0,30302,,,,,,31.19,31.152,,6.0,1.0,,,,,
1789041262.0257,collate,1,0,30302,,,,,,61.539,61.434,,7.0,1.0,,,,,
1789041264.0822,collate,1,0,30302,,,,,,35.061,34.927,,6.0,1.0,,,,,
1789041265.991,collate,1,0,30302,,,,,,33.007,32.655,,5.0,1.0,,,,,
1789041268.0983,collate,1,0,30302,,,,,,51.765,51.482,,6.0,1.0,,,,,
1789041270.0519,collate,1,0,30302,,,,,,46.289,46.219,,5.0,1.0,,,,,
1789041272.6895,collate,1,0,30302,,,,,,32.273,32.206,,7.0,1.0,,,,,
1789041275.4716,collate,1,0,30302,,,,,,38.331,38.059,,7.0,1.0,,,,,
1789041278.37,collate,1,0,30302,,,,,,43.535,43.467,,8.0,1.0,,,,,
1789041279.9508,collate,1,0,30302,,,,,,33.81,33.764,,4.0,1.0,,,,,
1789041281.6542,collate,1,0,30302,,,,,,43.19,43.112,,5.0,1.0,,,,,
1789041283.9303,collate,1,0,30302,,,,,,41.842,41.725,,6.0,1.0,,,,,
1789041285.7498,collate,1,0,30302,,,,,,42.155,41.696,,5.0,1.0,,,,,
1789041287.9931,collate,1,0,30302,,,,,,36.164,35.994,,6.0,1.0,,,,,
1789041290.1284,collate,1,0,30302,,,,,,31.286,31.236,,5.0,1.0,,,,,
1789041292.5812,collate,1,0,30302,,,,,,31.439,31.387,,6.0,1.0,,,,,
1789041294.5588,collate,1,0,30302,,,,,,161.405,161.118,,5.0,1.0,,,,,
1789041296.1218,collate,1,0,30302,,,,,,48.665,48.527,,5.0,1.0,,,,,
1789041298.0235,collate,1,0,30302,,,,,,53.667,53.56,,3.0,1.0,,,,,
1789041300.6846,collate,1,0,30302,,,,,,38.545,38.434,,6.0,1.0,,,,,
1789041303.2833,collate,1,0,30302,,,,,,34.237,34.159,,6.0,1.0,,,,,
1789041305.6439,collate,1,0,30302,,,,,,32.205,32.132,,6.0,1.0,,,,,
1789041307.3871,collate,1,0,30302,,,,,,36.914,36.857,,5.0,1.0,,,,,
1789041309.2043,collate,1,0,30302,,,,,,39.61,39.469,,4.0,1.0,,,,,
1789041311.4543,collate,1,0,30302,,,,,,52.88,52.76,,6.0,1.0,,,,,
1789041313.9513,collate,1,0,30302,,,,,,30.741,30.688,,6.0,1.0,,,,,
1789041316.2368,collate,1,0,30302,,,,,,33.317,33.219,,6.0,1.0,,,,,
1789041318.1401,collate,1,0,30302,,,,,,29.499,29.392,,5.0,1.0,,,,,
1789041320.2066,collate,1,0,30302,,,,,,30.901,30.814,,5.0,1.0,,,,,
1789041322.6697,collate,1,0,30302,,,,,,77.286,77.102,,6.0,1.0,,,,,
1789041324.4988,collate,1,0,30302,,,,,,44.18,44.058,,6.0,1.0,,,,,
1789041327.2745,collate,1,0,30302,,,,,,38.633,38.561,,7.0,1.0,,,,,
1789041329.8214,collate,1,0,30302,,,,,,35.421,35.372,,6.0,1.0,,,,,
1789041331.5152,collate,1,0,30302,,,,,,30.983,30.917,,5.0,1.0,,,,,
1789041333.7924,collate,1,0,30302,,,,,,32.901,32.827,,7.0,1.0,,,,,
1789041334.2179,collate,1,0,30302,,,,,,28.766,28.651,,1.0,1.0,,,,,
1789039866.2228,collate,1,1,29669,,,,,,65.801,65.548,,6.0,1.0,,,,,
1789039868.5924,collate,1,1,29669,,,,,,194.246,193.966,,5.0,1.0,,,,,
1789039871.4694,collate,1,1,29669,,,,,,292.784,290.587,,6.0,1.0,,,,,
1789039873.8121,collate,1,1,29669,,,,,,63.534,63.432,,5.0,1.0,,,,,
1789039876.1273,collate,1,1,29669,,,,,,50.157,50.074,,5.0,1.0,,,,,
1789039878.4159,collate,1,1,29669,,,,,,40.007,39.91,,5.0,1.0,,,,,
1789039881.3871,collate,1,1,29669,,,,,,50.386,50.312,,8.0,1.0,,,,,
1789039883.394,collate,1,1,29669,,,,,,35.234,35.184,,5.0,1.0,,,,,
1789039885.3138,collate,1,1,29669,,,,,,21.609,21.584,,5.0,1.0,,,,,
1789039888.2812,collate,1,1,29669,,,,,,49.9,49.83,,8.0,1.0,,,,,
1789039890.8831,collate,1,1,29669,,,,,,34.398,34.209,,6.0,1.0,,,,,
1789039892.5116,collate,1,1,29669,,,,,,49.104,49.031,,4.0,1.0,,,,,
1789039894.0419,collate,1,1,29669,,,,,,47.775,47.705,,3.0,1.0,,,,,
1789039897.0092,collate,1,1,29669,,,,,,51.965,51.864,,6.0,1.0,,,,,
1789039899.6438,collate,1,1,29669,,,,,,41.212,41.15,,7.0,1.0,,,,,
1789039901.5409,collate,1,1,29669,,,,,,61.281,61.136,,4.0,1.0,,,,,
1789039904.4138,collate,1,1,29669,,,,,,89.504,89.35,,7.0,1.0,,,,,
1789039906.6131,collate,1,1,29669,,,,,,93.663,93.462,,5.0,1.0,,,,,
1789039908.8432,collate,1,1,29669,,,,,,37.381,37.319,,4.0,1.0,,,,,
1789039911.4748,collate,1,1,29669,,,,,,75.398,75.202,,6.0,1.0,,,,,
1789039914.0472,collate,1,1,29669,,,,,,139.011,138.735,,6.0,1.0,,,,,
1789039916.6718,collate,1,1,29669,,,,,,68.119,68.029,,6.0,1.0,,,,,
1789039918.6084,collate,1,1,29669,,,,,,68.63,68.508,,4.0,1.0,,,,,
1789039920.1666,collate,1,1,29669,,,,,,126.743,126.491,,3.0,1.0,,,,,
1789039922.3986,collate,1,1,29669,,,,,,65.004,64.925,,4.0,1.0,,,,,
1789039925.186,collate,1,1,29669,,,,,,39.552,39.462,,7.0,1.0,,,,,
1789039927.4248,collate,1,1,29669,,,,,,121.104,120.897,,5.0,1.0,,,,,
1789039929.1359,collate,1,1,29669,,,,,,40.887,40.826,,3.0,1.0,,,,,
1789039931.4876,collate,1,1,29669,,,,,,46.034,45.934,,6.0,1.0,,,,,
1789039933.7346,collate,1,1,29669,,,,,,64.726,64.631,,6.0,1.0,,,,,
1789039936.4075,collate,1,1,29669,,,,,,156.978,156.629,,6.0,1.0,,,,,
1789039938.7037,collate,1,1,29669,,,,,,33.493,33.443,,6.0,1.0,,,,,
1789039941.4235,collate,1,1,29669,,,,,,63.287,63.076,,7.0,1.0,,,,,
1789039943.9632,collate,1,1,29669,,,,,,84.416,84.063,,5.0,1.0,,,,,
1789039945.7097,collate,1,1,29669,,,,,,52.767,52.613,,4.0,1.0,,,,,
1789039948.3881,collate,1,1,29669,,,,,,63.274,63.148,,6.0,1.0,,,,,
1789039950.6421,collate,1,1,29669,,,,,,90.868,90.597,,5.0,1.0,,,,,
1789039952.8293,collate,1,1,29669,,,,,,25.448,25.403,,5.0,1.0,,,,,
1789039954.9161,collate,1,1,29669,,,,,,158.106,157.802,,5.0,1.0,,,,,
1789039957.3922,collate,1,1,29669,,,,,,54.853,54.759,,5.0,1.0,,,,,
1789039959.7775,collate,1,1,29669,,,,,,34.088,34.044,,7.0,1.0,,,,,
1789039962.256,collate,1,1,29669,,,,,,83.809,83.695,,5.0,1.0,,,,,
1789039964.3089,collate,1,1,29669,,,,,,130.497,130.22,,5.0,1.0,,,,,
1789039966.3882,collate,1,1,29669,,,,,,52.556,52.481,,4.0,1.0,,,,,
1789039968.5719,collate,1,1,29669,,,,,,27.26,27.221,,5.0,1.0,,,,,
1789039971.3731,collate,1,1,29669,,,,,,26.895,26.844,,6.0,1.0,,,,,
1789039973.3452,collate,1,1,29669,,,,,,65.99,65.866,,3.0,1.0,,,,,
1789039976.1088,collate,1,1,29669,,,,,,46.099,46.024,,7.0,1.0,,,,,
1789039978.6912,collate,1,1,29669,,,,,,29.373,29.326,,7.0,1.0,,,,,
1789039981.4034,collate,1,1,29669,,,,,,52.16,52.036,,7.0,1.0,,,,,
1789039984.1034,collate,1,1,29669,,,,,,77.308,77.182,,6.0,1.0,,,,,
1789039986.2436,collate,1,1,29669,,,,,,36.176,36.111,,5.0,1.0,,,,,
1789039988.1123,collate,1,1,29669,,,,,,55.489,55.412,,4.0,1.0,,,,,
1789039990.7378,collate,1,1,29669,,,,,,48.567,48.481,,6.0,1.0,,,,,
1789039993.2082,collate,1,1,29669,,,,,,25.167,25.137,,7.0,1.0,,,,,
1789039995.2251,collate,1,1,29669,,,,,,51.14,51.063,,5.0,1.0,,,,,
1789039997.9703,collate,1,1,29669,,,,,,32.992,32.945,,6.0,1.0,,,,,
1789039999.9413,collate,1,1,29669,,,,,,52.431,52.352,,5.0,1.0,,,,,
1789040002.2676,collate,1,1,29669,,,,,,30.534,30.477,,6.0,1.0,,,,,
1789040004.9962,collate,1,1,29669,,,,,,33.276,33.2,,5.0,1.0,,,,,
1789040006.7579,collate,1,1,29669,,,,,,43.999,43.906,,3.0,1.0,,,,,
1789040009.6854,collate,1,1,29669,,,,,,27.164,27.128,,5.0,1.0,,,,,
1789040012.5592,collate,1,1,29669,,,,,,94.071,93.913,,5.0,1.0,,,,,
1789040014.8352,collate,1,1,29669,,,,,,49.709,49.657,,5.0,1.0,,,,,
1789040016.9556,collate,1,1,29669,,,,,,33.272,33.21,,5.0,1.0,,,,,
1789040019.545,collate,1,1,29669,,,,,,24.661,24.623,,5.0,1.0,,,,,
1789040021.864,collate,1,1,29669,,,,,,44.512,44.406,,4.0,1.0,,,,,
1789040024.1045,collate,1,1,29669,,,,,,51.449,51.375,,6.0,1.0,,,,,
1789040026.4628,collate,1,1,29669,,,,,,25.413,25.265,,6.0,1.0,,,,,
1789040029.6519,collate,1,1,29669,,,,,,50.2,50.129,,7.0,1.0,,,,,
1789040031.785,collate,1,1,29669,,,,,,53.622,53.485,,5.0,1.0,,,,,
1789040034.6554,collate,1,1,29669,,,,,,26.853,26.814,,6.0,1.0,,,,,
1789040036.8411,collate,1,1,29669,,,,,,160.458,160.098,,4.0,1.0,,,,,
1789040039.5223,collate,1,1,29669,,,,,,45.134,45.024,,6.0,1.0,,,,,
1789040041.3423,collate,1,1,29669,,,,,,37.259,37.165,,4.0,1.0,,,,,
1789040044.618,collate,1,1,29669,,,,,,51.923,51.856,,8.0,1.0,,,,,
1789040046.8629,collate,1,1,29669,,,,,,31.43,31.379,,6.0,1.0,,,,,
1789040048.9874,collate,1,1,29669,,,,,,44.679,44.592,,5.0,1.0,,,,,
1789040051.7528,collate,1,1,29669,,,,,,95.438,95.266,,6.0,1.0,,,,,
1789040054.0102,collate,1,1,29669,,,,,,35.982,35.952,,6.0,1.0,,,,,
1789040056.3943,collate,1,1,29669,,,,,,58.721,58.634,,4.0,1.0,,,,,
1789040059.5678,collate,1,1,29669,,,,,,41.818,41.759,,5.0,1.0,,,,,
1789040061.4821,collate,1,1,29669,,,,,,144.825,144.396,,4.0,1.0,,,,,
1789040064.3024,collate,1,1,29669,,,,,,57.947,57.786,,6.0,1.0,,,,,
1789040066.4199,collate,1,1,29669,,,,,,43.834,43.772,,5.0,1.0,,,,,
1789040069.2553,collate,1,1,29669,,,,,,29.846,29.531,,5.0,1.0,,,,,
1789040071.0398,collate,1,1,29669,,,,,,53.59,53.511,,4.0,1.0,,,,,
1789040073.3963,collate,1,1,29669,,,,,,39.675,39.611,,4.0,1.0,,,,,
1789040076.8112,collate,1,1,29669,,,,,,35.961,35.85,,6.0,1.0,,,,,
1789040080.7306,collate,1,1,29669,,,,,,48.981,48.906,,10.0,1.0,,,,,
1789040083.2077,collate,1,1,29669,,,,,,22.365,22.308,,6.0,1.0,,,,,
1789040085.4045,collate,1,1,29669,,,,,,35.269,35.209,,5.0,1.0,,,,,
1789040086.9076,collate,1,1,29669,,,,,,53.579,53.498,,2.0,1.0,,,,,
1789040089.5305,collate,1,1,29669,,,,,,26.307,26.263,,6.0,1.0,,,,,
1789040092.076,collate,1,1,29669,,,,,,34.809,34.741,,6.0,1.0,,,,,
1789040094.294,collate,1,1,29669,,,,,,51.828,51.698,,5.0,1.0,,,,,
1789040096.707,collate,1,1,29669,,,,,,25.994,25.948,,5.0,1.0,,,,,
1789040098.7167,collate,1,1,29669,,,,,,28.628,28.583,,5.0,1.0,,,,,
1789040100.5859,collate,1,1,29669,,,,,,50.591,50.491,,4.0,1.0,,,,,
1789040102.7419,collate,1,1,29669,,,,,,51.241,51.123,,5.0,1.0,,,,,
1789040105.7151,collate,1,1,29669,,,,,,34.166,34.11,,5.0,1.0,,,,,
1789040108.2565,collate,1,1,29669,,,,,,56.27,56.181,,6.0,1.0,,,,,
1789040110.7785,collate,1,1,29669,,,,,,34.94,34.892,,6.0,1.0,,,,,
1789040112.535,collate,1,1,29669,,,,,,32.717,32.678,,4.0,1.0,,,,,
1789040115.1566,collate,1,1,29669,,,,,,24.387,24.3,,7.0,1.0,,,,,
1789040118.1665,collate,1,1,29669,,,,,,39.839,39.764,,7.0,1.0,,,,,
1789040120.4168,collate,1,1,29669,,,,,,36.341,36.292,,5.0,1.0,,,,,
1789040122.399,collate,1,1,29669,,,,,,139.417,139.214,,5.0,1.0,,,,,
1789040124.1749,collate,1,1,29669,,,,,,25.424,25.394,,3.0,1.0,,,,,
1789040127.9177,collate,1,1,29669,,,,,,39.35,39.289,,6.0,1.0,,,,,
1789040130.0637,collate,1,1,29669,,,,,,55.698,55.344,,4.0,1.0,,,,,
1789040131.7096,collate,1,1,29669,,,,,,35.667,35.412,,3.0,1.0,,,,,
1789040133.6669,collate,1,1,29669,,,,,,51.144,51.078,,4.0,1.0,,,,,
1789040137.3885,collate,1,1,29669,,,,,,21.343,21.302,,6.0,1.0,,,,,
1789040140.2956,collate,1,1,29669,,,,,,155.168,154.881,,7.0,1.0,,,,,
1789040142.4444,collate,1,1,29669,,,,,,30.846,30.78,,5.0,1.0,,,,,
1789040144.7988,collate,1,1,29669,,,,,,94.332,94.18,,6.0,1.0,,,,,
1789040146.6179,collate,1,1,29669,,,,,,32.175,32.125,,5.0,1.0,,,,,
1789040148.4719,collate,1,1,29669,,,,,,26.491,26.462,,4.0,1.0,,,,,
1789040150.4801,collate,1,1,29669,,,,,,38.346,38.291,,5.0,1.0,,,,,
1789040153.1625,collate,1,1,29669,,,,,,33.358,33.286,,6.0,1.0,,,,,
1789040156.9442,collate,1,1,29669,,,,,,26.721,26.685,,8.0,1.0,,,,,
1789040159.1257,collate,1,1,29669,,,,,,54.278,54.197,,5.0,1.0,,,,,
1789040161.3927,collate,1,1,29669,,,,,,21.157,21.119,,5.0,1.0,,,,,
1789040163.4276,collate,1,1,29669,,,,,,58.947,58.857,,5.0,1.0,,,,,
1789040165.5605,collate,1,1,29669,,,,,,143.235,142.877,,5.0,1.0,,,,,
1789040167.8999,collate,1,1,29669,,,,,,40.116,40.059,,5.0,1.0,,,,,
1789040169.9203,collate,1,1,29669,,,,,,34.705,34.644,,5.0,1.0,,,,,
1789040172.5695,collate,1,1,29669,,,,,,54.168,54.083,,6.0,1.0,,,,,
1789040174.8709,collate,1,1,29669,,,,,,47.032,46.896,,4.0,1.0,,,,,
1789040177.6439,collate,1,1,29669,,,,,,22.324,22.295,,6.0,1.0,,,,,
1789040179.7278,collate,1,1,29669,,,,,,49.401,49.347,,5.0,1.0,,,,,
1789040182.5689,collate,1,1,29669,,,,,,72.43,72.319,,7.0,1.0,,,,,
1789040184.9271,collate,1,1,29669,,,,,,29.848,29.801,,6.0,1.0,,,,,
1789040188.3136,collate,1,1,29669,,,,,,55.258,55.137,,6.0,1.0,,,,,
1789040190.5553,collate,1,1,29669,,,,,,29.924,29.86,,5.0,1.0,,,,,
1789040192.8068,collate,1,1,29669,,,,,,110.371,110.224,,5.0,1.0,,,,,
1789040195.4406,collate,1,1,29669,,,,,,43.284,43.218,,6.0,1.0,,,,,
1789040197.543,collate,1,1,29669,,,,,,26.413,26.377,,5.0,1.0,,,,,
1789040200.4057,collate,1,1,29669,,,,,,51.589,51.521,,8.0,1.0,,,,,
1789040202.5673,collate,1,1,29669,,,,,,38.738,37.888,,6.0,1.0,,,,,
1789040205.0145,collate,1,1,29669,,,,,,23.413,23.385,,6.0,1.0,,,,,
1789040207.1226,collate,1,1,29669,,,,,,56.847,56.772,,5.0,1.0,,,,,
1789040209.5119,collate,1,1,29669,,,,,,40.698,40.636,,5.0,1.0,,,,,
1789040211.7119,collate,1,1,29669,,,,,,23.185,23.16,,5.0,1.0,,,,,
1789040213.6349,collate,1,1,29669,,,,,,103.253,103.063,,4.0,1.0,,,,,
1789040216.2085,collate,1,1,29669,,,,,,77.958,77.766,,6.0,1.0,,,,,
1789040218.4313,collate,1,1,29669,,,,,,26.958,26.939,,5.0,1.0,,,,,
1789040220.8582,collate,1,1,29669,,,,,,39.578,39.508,,5.0,1.0,,,,,
1789040222.998,collate,1,1,29669,,,,,,62.693,62.607,,5.0,1.0,,,,,
1789040225.6665,collate,1,1,29669,,,,,,26.069,26.036,,6.0,1.0,,,,,
1789040227.2719,collate,1,1,29669,,,,,,41.098,40.532,,3.0,1.0,,,,,
1789040230.0438,collate,1,1,29669,,,,,,53.092,52.567,,7.0,1.0,,,,,
1789040232.5031,collate,1,1,29669,,,,,,32.822,32.527,,5.0,1.0,,,,,
1789040235.3229,collate,1,1,29669,,,,,,52.866,52.77,,6.0,1.0,,,,,
1789040238.0478,collate,1,1,29669,,,,,,45.235,45.163,,6.0,1.0,,,,,
1789040239.8874,collate,1,1,29669,,,,,,24.638,24.336,,4.0,1.0,,,,,
1789040242.6162,collate,1,1,29669,,,,,,49.704,49.613,,4.0,1.0,,,,,
1789040245.2316,collate,1,1,29669,,,,,,52.766,52.68,,5.0,1.0,,,,,
1789040247.845,collate,1,1,29669,,,,,,32.596,31.976,,7.0,1.0,,,,,
1789040249.9142,collate,1,1,29669,,,,,,53.462,53.39,,4.0,1.0,,,,,
1789040252.695,collate,1,1,29669,,,,,,33.784,33.741,,6.0,1.0,,,,,
1789040255.378,collate,1,1,29669,,,,,,59.786,59.662,,7.0,1.0,,,,,
1789040257.8128,collate,1,1,29669,,,,,,27.309,27.281,,5.0,1.0,,,,,
1789040260.5472,collate,1,1,29669,,,,,,26.982,26.934,,7.0,1.0,,,,,
1789040262.7097,collate,1,1,29669,,,,,,50.071,49.993,,5.0,1.0,,,,,
1789040266.0385,collate,1,1,29669,,,,,,37.022,36.964,,7.0,1.0,,,,,
1789040268.8566,collate,1,1,29669,,,,,,33.541,33.473,,7.0,1.0,,,,,
1789040271.0252,collate,1,1,29669,,,,,,131.307,130.942,,5.0,1.0,,,,,
1789040273.1466,collate,1,1,29669,,,,,,42.63,42.569,,5.0,1.0,,,,,
1789040274.9111,collate,1,1,29669,,,,,,115.808,114.776,,3.0,1.0,,,,,
1789040276.7527,collate,1,1,29669,,,,,,51.168,51.08,,4.0,1.0,,,,,
1789040280.5063,collate,1,1,29669,,,,,,37.904,37.833,,9.0,1.0,,,,,
1789040282.3038,collate,1,1,29669,,,,,,108.519,108.343,,3.0,1.0,,,,,
1789040284.8655,collate,1,1,29669,,,,,,79.617,79.472,,6.0,1.0,,,,,
1789040286.8319,collate,1,1,29669,,,,,,35.707,35.626,,5.0,1.0,,,,,
1789040289.2213,collate,1,1,29669,,,,,,24.521,24.426,,6.0,1.0,,,,,
1789040291.6521,collate,1,1,29669,,,,,,45.353,45.268,,6.0,1.0,,,,,
1789040294.276,collate,1,1,29669,,,,,,37.053,36.82,,4.0,1.0,,,,,
1789040296.3286,collate,1,1,29669,,,,,,47.746,47.605,,3.0,1.0,,,,,
1789040299.1814,collate,1,1,29669,,,,,,27.325,27.283,,5.0,1.0,,,,,
1789040301.9601,collate,1,1,29669,,,,,,28.557,28.516,,6.0,1.0,,,,,
1789040304.0165,collate,1,1,29669,,,,,,56.121,56.046,,5.0,1.0,,,,,
1789040306.4515,collate,1,1,29669,,,,,,22.415,22.378,,6.0,1.0,,,,,
1789040308.3391,collate,1,1,29669,,,,,,35.638,35.277,,4.0,1.0,,,,,
1789040311.313,collate,1,1,29669,,,,,,56.77,56.62,,7.0,1.0,,,,,
1789040313.5067,collate,1,1,29669,,,,,,31.26,31.223,,4.0,1.0,,,,,
1789040316.4654,collate,1,1,29669,,,,,,25.088,25.037,,6.0,1.0,,,,,
1789040318.3769,collate,1,1,29669,,,,,,60.593,60.238,,4.0,1.0,,,,,
1789040321.0598,collate,1,1,29669,,,,,,51.054,50.751,,6.0,1.0,,,,,
1789040323.0335,collate,1,1,29669,,,,,,61.271,61.17,,4.0,1.0,,,,,
1789040325.8712,collate,1,1,29669,,,,,,45.721,45.011,,5.0,1.0,,,,,
1789040328.9772,collate,1,1,29669,,,,,,36.322,36.218,,7.0,1.0,,,,,
1789040331.7427,collate,1,1,29669,,,,,,52.124,52.048,,6.0,1.0,,,,,
1789040334.0609,collate,1,1,29669,,,,,,50.378,50.285,,6.0,1.0,,,,,
1789040336.3698,collate,1,1,29669,,,,,,53.837,53.742,,6.0,1.0,,,,,
1789040338.6695,collate,1,1,29669,,,,,,34.663,34.611,,5.0,1.0,,,,,
1789040341.2553,collate,1,1,29669,,,,,,29.205,29.132,,6.0,1.0,,,,,
1789040343.6662,collate,1,1,29669,,,,,,52.07,52.003,,6.0,1.0,,,,,
1789040345.9347,collate,1,1,29669,,,,,,43.674,43.546,,5.0,1.0,,,,,
1789040347.5977,collate,1,1,29669,,,,,,34.388,34.341,,3.0,1.0,,,,,
1789040350.1487,collate,1,1,29669,,,,,,46.802,46.725,,5.0,1.0,,,,,
1789040352.4256,collate,1,1,29669,,,,,,46.185,46.087,,6.0,1.0,,,,,
1789040355.3851,collate,1,1,29669,,,,,,31.859,31.788,,7.0,1.0,,,,,
1789040357.953,collate,1,1,29669,,,,,,53.125,53.035,,6.0,1.0,,,,,
1789040360.7073,collate,1,1,29669,,,,,,40.23,40.164,,7.0,1.0,,,,,
1789040362.8165,collate,1,1,29669,,,,,,49.73,49.633,,5.0,1.0,,,,,
1789040364.8562,collate,1,1,29669,,,,,,50.297,50.21,,5.0,1.0,,,,,
1789040367.2,collate,1,1,29669,,,,,,47.559,47.496,,5.0,1.0,,,,,
1789040369.0307,collate,1,1,29669,,,,,,42.931,42.534,,4.0,1.0,,,,,
1789040371.9278,collate,1,1,29669,,,,,,54.561,54.463,,5.0,1.0,,,,,
1789040373.8972,collate,1,1,29669,,,,,,41.791,41.685,,5.0,1.0,,,,,
1789040376.4587,collate,1,1,29669,,,,,,24.784,24.717,,6.0,1.0,,,,,
1789040379.0278,collate,1,1,29669,,,,,,50.177,50.091,,6.0,1.0,,,,,
1789040381.7085,collate,1,1,29669,,,,,,57.608,57.514,,7.0,1.0,,,,,
1789040384.5307,collate,1,1,29669,,,,,,24.299,24.263,,7.0,1.0,,,,,
1789040386.9535,collate,1,1,29669,,,,,,51.607,51.494,,6.0,1.0,,,,,
1789040389.5902,collate,1,1,29669,,,,,,40.839,40.761,,6.0,1.0,,,,,
1789040392.1581,collate,1,1,29669,,,,,,27.804,27.755,,6.0,1.0,,,,,
1789040394.957,collate,1,1,29669,,,,,,52.431,52.302,,7.0,1.0,,,,,
1789040397.1892,collate,1,1,29669,,,,,,55.478,55.387,,5.0,1.0,,,,,
1789040399.3975,collate,1,1,29669,,,,,,29.618,29.553,,6.0,1.0,,,,,
1789040401.6659,collate,1,1,29669,,,,,,45.123,45.054,,4.0,1.0,,,,,
1789040405.1357,collate,1,1,29669,,,,,,50.446,50.36,,5.0,1.0,,,,,
1789040407.532,collate,1,1,29669,,,,,,31.829,31.779,,6.0,1.0,,,,,
1789040409.4169,collate,1,1,29669,,,,,,48.027,47.943,,4.0,1.0,,,,,
1789040411.5226,collate,1,1,29669,,,,,,46.067,45.926,,4.0,1.0,,,,,
1789040413.3991,collate,1,1,29669,,,,,,24.208,24.156,,5.0,1.0,,,,,
1789040416.281,collate,1,1,29669,,,,,,54.868,54.712,,6.0,1.0,,,,,
1789040418.6536,collate,1,1,29669,,,,,,26.167,26.107,,6.0,1.0,,,,,
1789040421.3258,collate,1,1,29669,,,,,,25.993,25.917,,7.0,1.0,,,,,
1789040423.4901,collate,1,1,29669,,,,,,57.087,57.004,,5.0,1.0,,,,,
1789040425.842,collate,1,1,29669,,,,,,38.609,38.521,,6.0,1.0,,,,,
1789040427.6758,collate,1,1,29669,,,,,,36.712,36.592,,3.0,1.0,,,,,
1789040429.8998,collate,1,1,29669,,,,,,52.378,52.252,,6.0,1.0,,,,,
1789040432.5377,collate,1,1,29669,,,,,,78.45,78.284,,6.0,1.0,,,,,
1789040435.2823,collate,1,1,29669,,,,,,31.741,31.653,,6.0,1.0,,,,,
1789040437.0143,collate,1,1,29669,,,,,,39.053,38.992,,4.0,1.0,,,,,
1789040439.2772,collate,1,1,29669,,,,,,64.756,64.556,,5.0,1.0,,,,,
1789040442.1082,collate,1,1,29669,,,,,,29.593,29.532,,6.0,1.0,,,,,
1789040444.648,collate,1,1,29669,,,,,,67.683,67.533,,5.0,1.0,,,,,
1789040447.5206,collate,1,1,29669,,,,,,78.985,78.839,,7.0,1.0,,,,,
1789040449.8299,collate,1,1,29669,,,,,,25.338,25.296,,6.0,1.0,,,,,
1789040453.2109,collate,1,1,29669,,,,,,213.348,212.951,,8.0,1.0,,,,,
1789040455.7707,collate,1,1,29669,,,,,,41.21,41.14,,6.0,1.0,,,,,
1789040457.4321,collate,1,1,29669,,,,,,61.248,61.148,,4.0,1.0,,,,,
1789040460.4184,collate,1,1,29669,,,,,,52.605,52.54,,6.0,1.0,,,,,
1789040463.5091,collate,1,1,29669,,,,,,54.414,54.259,,6.0,1.0,,,,,
1789040466.0049,collate,1,1,29669,,,,,,111.035,110.793,,6.0,1.0,,,,,
1789040468.4596,collate,1,1,29669,,,,,,176.373,175.97,,5.0,1.0,,,,,
1789040471.1508,collate,1,1,29669,,,,,,52.183,52.0,,7.0,1.0,,,,,
1789040473.692,collate,1,1,29669,,,,,,26.761,26.724,,7.0,1.0,,,,,
1789040475.3218,collate,1,1,29669,,,,,,70.128,69.977,,3.0,1.0,,,,,
1789040477.7318,collate,1,1,29669,,,,,,93.463,93.264,,5.0,1.0,,,,,
1789040480.2909,collate,1,1,29669,,,,,,141.987,141.736,,5.0,1.0,,,,,
1789040483.1898,collate,1,1,29669,,,,,,30.158,30.098,,6.0,1.0,,,,,
1789040485.6041,collate,1,1,29669,,,,,,94.262,93.927,,5.0,1.0,,,,,
1789040487.6517,collate,1,1,29669,,,,,,51.351,51.3,,5.0,1.0,,,,,
1789040491.0305,collate,1,1,29669,,,,,,36.504,36.447,,7.0,1.0,,,,,
1789040493.5405,collate,1,1,29669,,,,,,50.324,50.234,,7.0,1.0,,,,,
1789040495.8038,collate,1,1,29669,,,,,,37.133,37.075,,6.0,1.0,,,,,
1789040497.6384,collate,1,1,29669,,,,,,25.946,25.908,,4.0,1.0,,,,,
1789040499.6632,collate,1,1,29669,,,,,,58.467,58.38,,5.0,1.0,,,,,
1789040502.71,collate,1,1,29669,,,,,,33.666,33.601,,7.0,1.0,,,,,
1789040505.1627,collate,1,1,29669,,,,,,24.589,24.553,,6.0,1.0,,,,,
1789040507.4159,collate,1,1,29669,,,,,,75.754,75.624,,5.0,1.0,,,,,
1789040509.7331,collate,1,1,29669,,,,,,36.8,36.757,,6.0,1.0,,,,,
1789040511.8867,collate,1,1,29669,,,,,,35.868,35.77,,5.0,1.0,,,,,
1789040514.7994,collate,1,1,29669,,,,,,55.401,55.218,,7.0,1.0,,,,,
1789040516.6747,collate,1,1,29669,,,,,,40.39,40.328,,3.0,1.0,,,,,
1789040518.5537,collate,1,1,29669,,,,,,50.348,50.246,,4.0,1.0,,,,,
1789040520.849,collate,1,1,29669,,,,,,201.648,201.267,,5.0,1.0,,,,,
1789040523.1673,collate,1,1,29669,,,,,,43.188,43.08,,5.0,1.0,,,,,
1789040525.8497,collate,1,1,29669,,,,,,29.661,29.576,,6.0,1.0,,,,,
1789040528.7177,collate,1,1,29669,,,,,,154.813,154.53,,7.0,1.0,,,,,
1789040530.4656,collate,1,1,29669,,,,,,32.091,32.048,,4.0,1.0,,,,,
1789040532.831,collate,1,1,29669,,,,,,56.307,56.211,,6.0,1.0,,,,,
1789040534.4552,collate,1,1,29669,,,,,,22.71,22.688,,4.0,1.0,,,,,
1789040538.0434,collate,1,1,29669,,,,,,34.562,34.508,,5.0,1.0,,,,,
1789040541.1282,collate,1,1,29669,,,,,,251.683,250.782,,6.0,1.0,,,,,
1789040543.0815,collate,1,1,29669,,,,,,39.146,39.062,,5.0,1.0,,,,,
1789040545.8106,collate,1,1,29669,,,,,,25.275,25.216,,6.0,1.0,,,,,
1789040547.8492,collate,1,1,29669,,,,,,121.323,121.083,,5.0,1.0,,,,,
1789040549.894,collate,1,1,29669,,,,,,56.278,56.183,,5.0,1.0,,,,,
1789040552.2938,collate,1,1,29669,,,,,,24.719,24.68,,5.0,1.0,,,,,
1789040554.2573,collate,1,1,29669,,,,,,51.907,51.715,,4.0,1.0,,,,,
1789040556.5627,collate,1,1,29669,,,,,,47.558,47.391,,6.0,1.0,,,,,
1789040558.043,collate,1,1,29669,,,,,,30.775,30.705,,3.0,1.0,,,,,
1789040561.0484,collate,1,1,29669,,,,,,50.289,50.173,,8.0,1.0,,,,,
1789040563.7968,collate,1,1,29669,,,,,,48.964,48.815,,7.0,1.0,,,,,
1789040566.0832,collate,1,1,29669,,,,,,35.21,35.146,,6.0,1.0,,,,,
1789040567.695,collate,1,1,29669,,,,,,44.408,44.308,,3.0,1.0,,,,,
1789040570.7581,collate,1,1,29669,,,,,,35.468,35.415,,8.0,1.0,,,,,
1789040573.6317,collate,1,1,29669,,,,,,49.867,49.8,,8.0,1.0,,,,,
1789040575.9997,collate,1,1,29669,,,,,,70.821,70.684,,6.0,1.0,,,,,
1789040578.4585,collate,1,1,29669,,,,,,40.083,39.949,,6.0,1.0,,,,,
1789040580.7431,collate,1,1,29669,,,,,,50.836,50.756,,6.0,1.0,,,,,
1789040583.2879,collate,1,1,29669,,,,,,52.131,52.034,,5.0,1.0,,,,,
1789040585.4085,collate,1,1,29669,,,,,,24.821,24.762,,5.0,1.0,,,,,
1789040587.7891,collate,1,1,29669,,,,,,40.482,40.414,,6.0,1.0,,,,,
1789040590.1063,collate,1,1,29669,,,,,,48.533,48.461,,5.0,1.0,,,,,
1789040592.3132,collate,1,1,29669,,,,,,32.144,32.078,,5.0,1.0,,,,,
1789040594.4625,collate,1,1,29669,,,,,,48.771,48.697,,5.0,1.0,,,,,
1789040596.8026,collate,1,1,29669,,,,,,147.313,146.891,,5.0,1.0,,,,,
1789040599.3079,collate,1,1,29669,,,,,,52.334,52.233,,5.0,1.0,,,,,
1789040601.7124,collate,1,1,29669,,,,,,24.354,24.324,,6.0,1.0,,,,,
1789040603.9555,collate,1,1,29669,,,,,,53.56,53.427,,5.0,1.0,,,,,
1789040607.4118,collate,1,1,29669,,,,,,48.432,48.288,,6.0,1.0,,,,,
1789040609.96,collate,1,1,29669,,,,,,50.474,50.385,,6.0,1.0,,,,,
1789040612.4479,collate,1,1,29669,,,,,,57.781,57.682,,6.0,1.0,,,,,
1789040614.7937,collate,1,1,29669,,,,,,23.747,23.678,,6.0,1.0,,,,,
1789040616.8236,collate,1,1,29669,,,,,,26.678,26.615,,4.0,1.0,,,,,
1789040619.0838,collate,1,1,29669,,,,,,46.892,46.745,,4.0,1.0,,,,,
1789040621.2143,collate,1,1,29669,,,,,,33.29,33.201,,5.0,1.0,,,,,
1789040623.0768,collate,1,1,29669,,,,,,30.512,30.436,,5.0,1.0,,,,,
1789040625.0517,collate,1,1,29669,,,,,,206.856,206.41,,3.0,1.0,,,,,
1789040628.5918,collate,1,1,29669,,,,,,48.477,48.403,,7.0,1.0,,,,,
1789040630.1862,collate,1,1,29669,,,,,,21.594,21.569,,4.0,1.0,,,,,
1789040632.3787,collate,1,1,29669,,,,,,46.079,45.962,,5.0,1.0,,,,,
1789040634.8129,collate,1,1,29669,,,,,,36.803,36.742,,7.0,1.0,,,,,
1789040636.6354,collate,1,1,29669,,,,,,31.166,31.099,,5.0,1.0,,,,,
1789040639.6221,collate,1,1,29669,,,,,,54.678,54.559,,7.0,1.0,,,,,
1789040641.2167,collate,1,1,29669,,,,,,39.403,39.251,,3.0,1.0,,,,,
1789040643.4804,collate,1,1,29669,,,,,,60.048,59.932,,4.0,1.0,,,,,
1789040647.0087,collate,1,1,29669,,,,,,25.814,25.671,,7.0,1.0,,,,,
1789040649.8529,collate,1,1,29669,,,,,,52.687,52.582,,7.0,1.0,,,,,
1789040651.6888,collate,1,1,29669,,,,,,42.732,42.615,,4.0,1.0,,,,,
1789040653.9846,collate,1,1,29669,,,,,,21.923,21.858,,5.0,1.0,,,,,
1789040655.9673,collate,1,1,29669,,,,,,47.724,47.521,,4.0,1.0,,,,,
1789040657.8357,collate,1,1,29669,,,,,,64.547,64.434,,4.0,1.0,,,,,
1789040659.6023,collate,1,1,29669,,,,,,36.387,36.327,,3.0,1.0,,,,,
1789040661.7745,collate,1,1,29669,,,,,,53.872,53.566,,4.0,1.0,,,,,
1789040664.5542,collate,1,1,29669,,,,,,104.981,104.794,,6.0,1.0,,,,,
1789040666.292,collate,1,1,29669,,,,,,97.716,97.465,,4.0,1.0,,,,,
1789040669.0794,collate,1,1,29669,,,,,,25.909,25.847,,5.0,1.0,,,,,
1789040671.6713,collate,1,1,29669,,,,,,27.129,27.077,,6.0,1.0,,,,,
1789040674.1955,collate,1,1,29669,,,,,,31.622,31.52,,4.0,1.0,,,,,
1789040676.2783,collate,1,1,29669,,,,,,52.275,52.182,,4.0,1.0,,,,,
1789040678.9984,collate,1,1,29669,,,,,,43.264,43.172,,5.0,1.0,,,,,
1789040681.4167,collate,1,1,29669,,,,,,21.26,21.205,,6.0,1.0,,,,,
1789040683.4904,collate,1,1,29669,,,,,,37.276,37.1,,5.0,1.0,,,,,
1789040686.1504,collate,1,1,29669,,,,,,47.89,47.709,,6.0,1.0,,,,,
1789040688.6486,collate,1,1,29669,,,,,,22.883,22.755,,6.0,1.0,,,,,
1789040691.4067,collate,1,1,29669,,,,,,53.637,53.516,,7.0,1.0,,,,,
1789040693.4249,collate,1,1,29669,,,,,,77.871,77.748,,5.0,1.0,,,,,
1789040695.6569,collate,1,1,29669,,,,,,25.308,25.175,,5.0,1.0,,,,,
1789040697.7058,collate,1,1,29669,,,,,,42.825,42.775,,5.0,1.0,,,,,
1789040700.0489,collate,1,1,29669,,,,,,41.937,41.843,,6.0,1.0,,,,,
1789040702.185,collate,1,1,29669,,,,,,39.353,39.12,,5.0,1.0,,,,,
1789040704.7382,collate,1,1,29669,,,,,,73.239,73.103,,6.0,1.0,,,,,
1789040706.6138,collate,1,1,29669,,,,,,29.971,29.922,,4.0,1.0,,,,,
1789040709.3276,collate,1,1,29669,,,,,,36.268,36.186,,5.0,1.0,,,,,
1789040711.7948,collate,1,1,29669,,,,,,55.083,54.988,,6.0,1.0,,,,,
1789040714.3761,collate,1,1,29669,,,,,,49.403,49.26,,6.0,1.0,,,,,
1789040716.7595,collate,1,1,29669,,,,,,25.945,25.791,,5.0,1.0,,,,,
1789040719.6545,collate,1,1,29669,,,,,,48.447,48.386,,6.0,1.0,,,,,
1789040722.2194,collate,1,1,29669,,,,,,61.334,61.225,,6.0,1.0,,,,,
1789040724.2818,collate,1,1,29669,,,,,,23.83,23.667,,5.0,1.0,,,,,
1789040726.2659,collate,1,1,29669,,,,,,46.006,45.909,,5.0,1.0,,,,,
1789040728.9524,collate,1,1,29669,,,,,,23.567,23.484,,6.0,1.0,,,,,
1789040731.1829,collate,1,1,29669,,,,,,33.456,33.361,,6.0,1.0,,,,,
1789040734.1341,collate,1,1,29669,,,,,,51.105,50.985,,7.0,1.0,,,,,
1789040736.2831,collate,1,1,29669,,,,,,61.061,60.881,,5.0,1.0,,,,,
1789040738.657,collate,1,1,29669,,,,,,26.2,26.11,,6.0,1.0,,,,,
1789040741.2873,collate,1,1,29669,,,,,,47.894,47.738,,6.0,1.0,,,,,
1789040743.5107,collate,1,1,29669,,,,,,75.118,74.985,,4.0,1.0,,,,,
1789040746.4003,collate,1,1,29669,,,,,,25.219,25.174,,4.0,1.0,,,,,
1789040749.391,collate,1,1,29669,,,,,,58.095,57.986,,7.0,1.0,,,,,
1789040751.9791,collate,1,1,29669,,,,,,31.331,31.284,,6.0,1.0,,,,,
1789040754.2663,collate,1,1,29669,,,,,,27.586,27.488,,7.0,1.0,,,,,
1789040756.8378,collate,1,1,29669,,,,,,47.058,46.877,,7.0,1.0,,,,,
1789040759.6669,collate,1,1,29669,,,,,,55.057,54.963,,7.0,1.0,,,,,
1789040761.3335,collate,1,1,29669,,,,,,41.756,41.63,,3.0,1.0,,,,,
1789040764.1667,collate,1,1,29669,,,,,,45.319,45.237,,6.0,1.0,,,,,
1789040767.7764,collate,1,1,29669,,,,,,41.754,41.685,,8.0,1.0,,,,,
1789040770.193,collate,1,1,29669,,,,,,21.844,21.808,,6.0,1.0,,,,,
1789040772.1495,collate,1,1,29669,,,,,,39.599,39.499,,4.0,1.0,,,,,
1789040774.2733,collate,1,1,29669,,,,,,40.827,40.6,,4.0,1.0,,,,,
1789040777.2738,collate,1,1,29669,,,,,,32.69,32.611,,5.0,1.0,,,,,
1789040779.7024,collate,1,1,29669,,,,,,51.068,50.966,,6.0,1.0,,,,,
1789040782.0589,collate,1,1,29669,,,,,,44.376,44.28,,6.0,1.0,,,,,
1789040784.2566,collate,1,1,29669,,,,,,26.289,26.222,,4.0,1.0,,,,,
1789040787.1009,collate,1,1,29669,,,,,,64.167,64.072,,5.0,1.0,,,,,
1789040790.0079,collate,1,1,29669,,,,,,47.668,47.613,,6.0,1.0,,,,,
1789040791.6451,collate,1,1,29669,,,,,,23.905,23.873,,4.0,1.0,,,,,
1789040793.1686,collate,1,1,29669,,,,,,53.425,53.268,,3.0,1.0,,,,,
1789040796.015,collate,1,1,29669,,,,,,62.402,62.265,,7.0,1.0,,,,,
1789040798.2086,collate,1,1,29669,,,,,,28.624,28.57,,4.0,1.0,,,,,
1789040801.1184,collate,1,1,29669,,,,,,48.945,48.86,,6.0,1.0,,,,,
1789040803.6708,collate,1,1,29669,,,,,,63.627,63.335,,6.0,1.0,,,,,
1789040805.5806,collate,1,1,29669,,,,,,25.406,25.324,,4.0,1.0,,,,,
1789040807.2798,collate,1,1,29669,,,,,,32.638,32.516,,4.0,1.0,,,,,
1789040810.026,collate,1,1,29669,,,,,,34.555,34.422,,6.0,1.0,,,,,
1789040812.7194,collate,1,1,29669,,,,,,31.984,31.917,,6.0,1.0,,,,,
1789040815.4593,collate,1,1,29669,,,,,,20.536,20.437,,7.0,1.0,,,,,
1789040817.9104,collate,1,1,29669,,,,,,49.601,49.499,,5.0,1.0,,,,,
1789040820.7307,collate,1,1,29669,,,,,,34.339,34.276,,7.0,1.0,,,,,
1789040823.2019,collate,1,1,29669,,,,,,35.318,35.186,,6.0,1.0,,,,,
1789040824.5963,collate,1,1,29669,,,,,,37.416,37.357,,2.0,1.0,,,,,
1789040826.5531,collate,1,1,29669,,,,,,37.194,36.956,,5.0,1.0,,,,,
1789040829.1517,collate,1,1,29669,,,,,,43.62,43.516,,6.0,1.0,,,,,
1789040833.5738,collate,1,1,29669,,,,,,47.745,47.646,,5.0,1.0,,,,,
1789040836.2721,collate,1,1,29669,,,,,,26.075,26.004,,7.0,1.0,,,,,
1789040839.1193,collate,1,1,29669,,,,,,33.818,33.729,,7.0,1.0,,,,,
1789040841.4514,collate,1,1,29669,,,,,,26.873,26.822,,5.0,1.0,,,,,
1789040844.4295,collate,1,1,29669,,,,,,43.658,43.573,,7.0,1.0,,,,,
1789040846.1905,collate,1,1,29669,,,,,,51.59,51.283,,3.0,1.0,,,,,
1789040848.1905,collate,1,1,29669,,,,,,34.463,34.364,,4.0,1.0,,,,,
1789040850.5518,collate,1,1,29669,,,,,,50.005,49.892,,6.0,1.0,,,,,
1789040852.9616,collate,1,1,29669,,,,,,52.238,52.078,,5.0,1.0,,,,,
1789040854.7132,collate,1,1,29669,,,,,,45.332,45.042,,3.0,1.0,,,,,
1789040857.7623,collate,1,1,29669,,,,,,48.034,47.948,,8.0,1.0,,,,,
1789040860.2802,collate,1,1,29669,,,,,,41.401,41.303,,6.0,1.0,,,,,
1789040863.0172,collate,1,1,29669,,,,,,24.784,24.739,,7.0,1.0,,,,,
1789040864.9981,collate,1,1,29669,,,,,,49.62,49.537,,5.0,1.0,,,,,
1789040867.4376,collate,1,1,29669,,,,,,38.261,38.06,,6.0,1.0,,,,,
1789040870.0341,collate,1,1,29669,,,,,,23.669,23.611,,6.0,1.0,,,,,
1789040872.4421,collate,1,1,29669,,,,,,51.753,51.629,,6.0,1.0,,,,,
1789040874.5809,collate,1,1,29669,,,,,,43.918,43.667,,6.0,1.0,,,,,
1789040876.9004,collate,1,1,29669,,,,,,27.815,27.708,,6.0,1.0,,,,,
1789040878.8537,collate,1,1,29669,,,,,,52.185,52.123,,4.0,1.0,,,,,
1789040881.8811,collate,1,1,29669,,,,,,40.492,40.401,,8.0,1.0,,,,,
1789040883.6613,collate,1,1,29669,,,,,,37.144,37.026,,3.0,1.0,,,,,
1789040886.3738,collate,1,1,29669,,,,,,54.267,54.105,,7.0,1.0,,,,,
1789040888.2886,collate,1,1,29669,,,,,,36.785,36.594,,4.0,1.0,,,,,
1789040890.5657,collate,1,1,29669,,,,,,94.783,94.297,,3.0,1.0,,,,,
1789040892.4597,collate,1,1,29669,,,,,,55.175,55.045,,4.0,1.0,,,,,
1789040895.2544,collate,1,1,29669,,,,,,24.855,24.815,,7.0,1.0,,,,,
1789040897.2002,collate,1,1,29669,,,,,,43.296,43.174,,3.0,1.0,,,,,
1789040900.0643,collate,1,1,29669,,,,,,51.727,51.598,,7.0,1.0,,,,,
1789040902.4678,collate,1,1,29669,,,,,,37.564,37.477,,6.0,1.0,,,,,
1789040904.7541,collate,1,1,29669,,,,,,35.009,34.936,,4.0,1.0,,,,,
1789040906.6409,collate,1,1,29669,,,,,,54.104,53.847,,4.0,1.0,,,,,
1789040910.2652,collate,1,1,29669,,,,,,206.629,206.214,,5.0,1.0,,,,,
1789040912.5399,collate,1,1,29669,,,,,,30.204,30.157,,3.0,1.0,,,,,
1789040915.5287,collate,1,1,29669,,,,,,29.917,29.785,,5.0,1.0,,,,,
1789040918.2552,collate,1,1,29669,,,,,,56.531,56.114,,6.0,1.0,,,,,
1789040920.3265,collate,1,1,29669,,,,,,60.3,60.115,,4.0,1.0,,,,,
1789040922.5472,collate,1,1,29669,,,,,,31.245,31.196,,5.0,1.0,,,,,
1789040924.8732,collate,1,1,29669,,,,,,50.115,49.986,,5.0,1.0,,,,,
1789040927.0963,collate,1,1,29669,,,,,,45.485,45.379,,4.0,1.0,,,,,
1789040929.8167,collate,1,1,29669,,,,,,22.933,22.844,,5.0,1.0,,,,,
1789040932.4303,collate,1,1,29669,,,,,,124.897,124.571,,6.0,1.0,,,,,
1789040935.5018,collate,1,1,29669,,,,,,65.988,65.874,,7.0,1.0,,,,,
1789040937.5224,collate,1,1,29669,,,,,,50.315,50.214,,5.0,1.0,,,,,
1789040940.0418,collate,1,1,29669,,,,,,178.524,178.044,,5.0,1.0,,,,,
1789040942.0804,collate,1,1,29669,,,,,,42.263,42.036,,4.0,1.0,,,,,
1789040943.6338,collate,1,1,29669,,,,,,26.304,26.256,,3.0,1.0,,,,,
1789040946.5852,collate,1,1,29669,,,,,,216.224,215.519,,4.0,1.0,,,,,
1789040949.5986,collate,1,1,29669,,,,,,50.793,50.616,,5.0,1.0,,,,,
1789040952.1593,collate,1,1,29669,,,,,,26.539,26.506,,6.0,1.0,,,,,
1789040954.797,collate,1,1,29669,,,,,,174.461,173.932,,6.0,1.0,,,,,
1789040957.6373,collate,1,1,29669,,,,,,57.882,57.724,,6.0,1.0,,,,,
1789040959.5384,collate,1,1,29669,,,,,,205.497,204.83,,4.0,1.0,,,,,
1789040961.806,collate,1,1,29669,,,,,,75.577,75.411,,5.0,1.0,,,,,
1789040964.1037,collate,1,1,29669,,,,,,25.733,25.672,,6.0,1.0,,,,,
1789040966.4032,collate,1,1,29669,,,,,,42.821,42.743,,5.0,1.0,,,,,
1789040968.5556,collate,1,1,29669,,,,,,38.644,38.568,,4.0,1.0,,,,,
1789040971.1888,collate,1,1,29669,,,,,,31.556,31.448,,7.0,1.0,,,,,
1789040973.43,collate,1,1,29669,,,,,,48.044,47.902,,5.0,1.0,,,,,
1789040975.9081,collate,1,1,29669,,,,,,25.057,24.993,,6.0,1.0,,,,,
1789040978.4978,collate,1,1,29669,,,,,,41.92,41.827,,6.0,1.0,,,,,
1789040980.6311,collate,1,1,29669,,,,,,52.664,52.55,,4.0,1.0,,,,,
1789040982.873,collate,1,1,29669,,,,,,52.157,52.028,,4.0,1.0,,,,,
1789040984.9349,collate,1,1,29669,,,,,,53.639,53.427,,5.0,1.0,,,,,
1789040986.9134,collate,1,1,29669,,,,,,58.201,58.046,,5.0,1.0,,,,,
1789040990.2933,collate,1,1,29669,,,,,,26.049,25.942,,6.0,1.0,,,,,
1789040992.4463,collate,1,1,29669,,,,,,26.713,26.648,,5.0,1.0,,,,,
1789040994.9824,collate,1,1,29669,,,,,,56.951,56.838,,6.0,1.0,,,,,
1789040996.78,collate,1,1,29669,,,,,,48.546,48.351,,4.0,1.0,,,,,
1789040999.4086,collate,1,1,29669,,,,,,35.896,35.796,,5.0,1.0,,,,,
1789041001.6556,collate,1,1,29669,,,,,,71.866,71.681,,5.0,1.0,,,,,
1789041004.5248,collate,1,1,29669,,,,,,51.713,51.534,,6.0,1.0,,,,,
1789041007.257,collate,1,1,29669,,,,,,44.609,44.448,,6.0,1.0,,,,,
1789041009.67,collate,1,1,29669,,,,,,77.616,77.394,,5.0,1.0,,,,,
1789041011.5671,collate,1,1,29669,,,,,,37.157,37.007,,3.0,1.0,,,,,
1789041013.6605,collate,1,1,29669,,,,,,52.725,52.629,,5.0,1.0,,,,,
1789041015.9394,collate,1,1,29669,,,,,,25.292,25.24,,6.0,1.0,,,,,
1789041018.7979,collate,1,1,29669,,,,,,83.195,83.06,,8.0,1.0,,,,,
1789041021.1133,collate,1,1,29669,,,,,,35.775,35.672,,6.0,1.0,,,,,
1789041023.1553,collate,1,1,29669,,,,,,41.872,41.801,,4.0,1.0,,,,,
1789041024.773,collate,1,1,29669,,,,,,131.961,131.749,,3.0,1.0,,,,,
1789041027.0444,collate,1,1,29669,,,,,,36.082,36.006,,5.0,1.0,,,,,
1789041030.6916,collate,1,1,29669,,,,,,27.647,27.541,,7.0,1.0,,,,,
1789041033.3419,collate,1,1,29669,,,,,,49.884,49.771,,6.0,1.0,,,,,
1789041035.7684,collate,1,1,29669,,,,,,69.703,69.432,,6.0,1.0,,,,,
1789041038.3069,collate,1,1,29669,,,,,,82.474,82.317,,6.0,1.0,,,,,
1789041041.3737,collate,1,1,29669,,,,,,81.269,80.939,,6.0,1.0,,,,,
1789041043.6915,collate,1,1,29669,,,,,,32.772,32.715,,5.0,1.0,,,,,
1789041046.1819,collate,1,1,29669,,,,,,49.344,49.145,,6.0,1.0,,,,,
1789041049.0533,collate,1,1,29669,,,,,,43.246,43.138,,7.0,1.0,,,,,
1789041051.5439,collate,1,1,29669,,,,,,21.941,21.906,,7.0,1.0,,,,,
1789041053.6693,collate,1,1,29669,,,,,,49.609,49.52,,4.0,1.0,,,,,
1789041056.363,collate,1,1,29669,,,,,,171.826,171.391,,7.0,1.0,,,,,
1789041059.3431,collate,1,1,29669,,,,,,25.628,25.075,,6.0,1.0,,,,,
1789041061.3917,collate,1,1,29669,,,,,,44.856,44.765,,5.0,1.0,,,,,
1789041063.2296,collate,1,1,29669,,,,,,20.964,20.934,,3.0,1.0,,,,,
1789041067.0268,collate,1,1,29669,,,,,,51.064,50.977,,7.0,1.0,,,,,
1789041069.4526,collate,1,1,29669,,,,,,51.987,51.886,,4.0,1.0,,,,,
1789041071.7308,collate,1,1,29669,,,,,,99.048,98.81,,5.0,1.0,,,,,
1789041074.013,collate,1,1,29669,,,,,,46.546,46.445,,6.0,1.0,,,,,
1789041076.5237,collate,1,1,29669,,,,,,75.052,74.856,,6.0,1.0,,,,,
1789041079.6285,collate,1,1,29669,,,,,,43.648,43.555,,7.0,1.0,,,,,
1789041081.9018,collate,1,1,29669,,,,,,25.517,25.429,,6.0,1.0,,,,,
1789041083.877,collate,1,1,29669,,,,,,52.387,52.296,,5.0,1.0,,,,,
1789041085.5868,collate,1,1,29669,,,,,,32.549,32.456,,5.0,1.0,,,,,
1789039866.4515,collate,2,0,29667,,,,,,78.557,78.371,,6.0,1.0,,,,,
1789039869.4072,collate,2,0,29667,,,,,,47.137,47.01,,8.0,1.0,,,,,
1789039871.9733,collate,2,0,29667,,,,,,40.021,39.937,,6.0,1.0,,,,,
1789039874.5485,collate,2,0,29667,,,,,,28.424,28.374,,7.0,1.0,,,,,
1789039877.0248,collate,2,0,29667,,,,,,39.862,39.809,,5.0,1.0,,,,,
1789039879.9319,collate,2,0,29667,,,,,,43.625,43.513,,6.0,1.0,,,,,
1789039882.6627,collate,2,0,29667,,,,,,49.19,49.113,,7.0,1.0,,,,,
1789039884.957,collate,2,0,29667,,,,,,32.509,32.409,,5.0,1.0,,,,,
1789039887.8072,collate,2,0,29667,,,,,,48.656,48.588,,6.0,1.0,,,,,
1789039890.2812,collate,2,0,29667,,,,,,42.104,42.0,,5.0,1.0,,,,,
1789039892.4125,collate,2,0,29667,,,,,,37.442,37.364,,5.0,1.0,,,,,
1789039895.0283,collate,2,0,29667,,,,,,242.584,242.264,,6.0,1.0,,,,,
1789039897.0665,collate,2,0,29667,,,,,,61.148,61.06,,5.0,1.0,,,,,
1789039899.3549,collate,2,0,29667,,,,,,95.251,95.086,,6.0,1.0,,,,,
1789039901.6549,collate,2,0,29667,,,,,,93.469,93.298,,6.0,1.0,,,,,
1789039904.2754,collate,2,0,29667,,,,,,52.883,52.754,,7.0,1.0,,,,,
1789039907.2602,collate,2,0,29667,,,,,,60.913,60.821,,6.0,1.0,,,,,
1789039909.5062,collate,2,0,29667,,,,,,27.633,27.605,,5.0,1.0,,,,,
1789039911.5844,collate,2,0,29667,,,,,,53.41,53.294,,5.0,1.0,,,,,
1789039914.4705,collate,2,0,29667,,,,,,217.113,216.686,,7.0,1.0,,,,,
1789039917.2981,collate,2,0,29667,,,,,,88.411,88.259,,6.0,1.0,,,,,
1789039919.5855,collate,2,0,29667,,,,,,74.284,74.171,,5.0,1.0,,,,,
1789039921.8473,collate,2,0,29667,,,,,,60.874,60.736,,5.0,1.0,,,,,
1789039923.6867,collate,2,0,29667,,,,,,109.182,109.02,,4.0,1.0,,,,,
1789039926.566,collate,2,0,29667,,,,,,34.639,34.571,,7.0,1.0,,,,,
1789039929.5073,collate,2,0,29667,,,,,,190.784,190.471,,7.0,1.0,,,,,
1789039931.7624,collate,2,0,29667,,,,,,30.772,30.707,,5.0,1.0,,,,,
1789039933.7036,collate,2,0,29667,,,,,,100.515,100.376,,4.0,1.0,,,,,
1789039936.2963,collate,2,0,29667,,,,,,48.885,48.796,,6.0,1.0,,,,,
1789039939.0055,collate,2,0,29667,,,,,,83.84,83.714,,6.0,1.0,,,,,
1789039941.3352,collate,2,0,29667,,,,,,33.097,33.045,,6.0,1.0,,,,,
1789039943.9672,collate,2,0,29667,,,,,,26.209,26.119,,6.0,1.0,,,,,
1789039946.1228,collate,2,0,29667,,,,,,41.887,41.769,,5.0,1.0,,,,,
1789039948.3851,collate,2,0,29667,,,,,,60.33,60.17,,4.0,1.0,,,,,
1789039950.8624,collate,2,0,29667,,,,,,26.101,25.964,,6.0,1.0,,,,,
1789039953.1145,collate,2,0,29667,,,,,,118.74,118.563,,6.0,1.0,,,,,
1789039954.8835,collate,2,0,29667,,,,,,44.247,44.183,,5.0,1.0,,,,,
1789039957.5078,collate,2,0,29667,,,,,,51.717,51.625,,6.0,1.0,,,,,
1789039959.9615,collate,2,0,29667,,,,,,51.896,51.798,,6.0,1.0,,,,,
1789039962.261,collate,2,0,29667,,,,,,26.377,26.343,,5.0,1.0,,,,,
1789039965.2863,collate,2,0,29667,,,,,,23.563,23.514,,8.0,1.0,,,,,
1789039967.3243,collate,2,0,29667,,,,,,140.322,140.086,,4.0,1.0,,,,,
1789039969.9316,collate,2,0,29667,,,,,,136.903,136.701,,6.0,1.0,,,,,
1789039971.7915,collate,2,0,29667,,,,,,23.963,23.899,,4.0,1.0,,,,,
1789039975.0132,collate,2,0,29667,,,,,,54.959,54.878,,9.0,1.0,,,,,
1789039977.167,collate,2,0,29667,,,,,,23.019,23.001,,5.0,1.0,,,,,
1789039979.4727,collate,2,0,29667,,,,,,32.211,32.157,,6.0,1.0,,,,,
1789039981.1426,collate,2,0,29667,,,,,,58.644,58.538,,4.0,1.0,,,,,
1789039984.0031,collate,2,0,29667,,,,,,49.09,49.024,,7.0,1.0,,,,,
1789039986.4812,collate,2,0,29667,,,,,,40.461,40.353,,6.0,1.0,,,,,
1789039989.0623,collate,2,0,29667,,,,,,24.307,24.266,,7.0,1.0,,,,,
1789039990.6544,collate,2,0,29667,,,,,,43.428,43.364,,3.0,1.0,,,,,
1789039993.028,collate,2,0,29667,,,,,,35.846,35.8,,6.0,1.0,,,,,
1789039995.2125,collate,2,0,29667,,,,,,26.797,26.759,,5.0,1.0,,,,,
1789039997.7331,collate,2,0,29667,,,,,,24.854,24.821,,6.0,1.0,,,,,
1789039999.9081,collate,2,0,29667,,,,,,49.916,49.852,,5.0,1.0,,,,,
1789040002.3156,collate,2,0,29667,,,,,,67.722,67.546,,6.0,1.0,,,,,
1789040004.986,collate,2,0,29667,,,,,,27.693,27.655,,7.0,1.0,,,,,
1789040006.6791,collate,2,0,29667,,,,,,46.153,46.087,,4.0,1.0,,,,,
1789040009.4287,collate,2,0,29667,,,,,,27.517,27.472,,7.0,1.0,,,,,
1789040011.4404,collate,2,0,29667,,,,,,55.69,55.578,,4.0,1.0,,,,,
1789040013.3488,collate,2,0,29667,,,,,,21.716,21.693,,5.0,1.0,,,,,
1789040015.7779,collate,2,0,29667,,,,,,49.925,49.851,,5.0,1.0,,,,,
1789040018.0226,collate,2,0,29667,,,,,,24.477,24.453,,6.0,1.0,,,,,
1789040020.971,collate,2,0,29667,,,,,,30.441,30.411,,8.0,1.0,,,,,
1789040023.3436,collate,2,0,29667,,,,,,31.738,31.69,,5.0,1.0,,,,,
1789040025.5257,collate,2,0,29667,,,,,,55.094,55.007,,5.0,1.0,,,,,
1789040028.2437,collate,2,0,29667,,,,,,37.057,37.011,,6.0,1.0,,,,,
1789040030.3281,collate,2,0,29667,,,,,,23.553,23.518,,5.0,1.0,,,,,
1789040032.5615,collate,2,0,29667,,,,,,50.966,50.871,,5.0,1.0,,,,,
1789040035.9131,collate,2,0,29667,,,,,,56.498,56.334,,8.0,1.0,,,,,
1789040037.9658,collate,2,0,29667,,,,,,28.463,28.405,,5.0,1.0,,,,,
1789040040.2422,collate,2,0,29667,,,,,,54.463,54.351,,5.0,1.0,,,,,
1789040042.9072,collate,2,0,29667,,,,,,24.254,24.24,,7.0,1.0,,,,,
1789040044.7902,collate,2,0,29667,,,,,,37.356,37.303,,5.0,1.0,,,,,
1789040046.8695,collate,2,0,29667,,,,,,50.126,50.024,,5.0,1.0,,,,,
1789040049.5777,collate,2,0,29667,,,,,,47.103,47.034,,7.0,1.0,,,,,
1789040052.1715,collate,2,0,29667,,,,,,40.518,40.457,,6.0,1.0,,,,,
1789040054.6641,collate,2,0,29667,,,,,,26.661,26.639,,7.0,1.0,,,,,
1789040057.1322,collate,2,0,29667,,,,,,50.512,50.425,,6.0,1.0,,,,,
1789040059.4767,collate,2,0,29667,,,,,,25.095,25.056,,6.0,1.0,,,,,
1789040061.3813,collate,2,0,29667,,,,,,40.847,40.749,,4.0,1.0,,,,,
1789040063.7207,collate,2,0,29667,,,,,,26.757,26.713,,6.0,1.0,,,,,
1789040065.7923,collate,2,0,29667,,,,,,54.438,54.342,,4.0,1.0,,,,,
1789040067.9979,collate,2,0,29667,,,,,,58.498,58.398,,5.0,1.0,,,,,
1789040069.2099,collate,2,0,29667,,,,,,21.415,21.375,,2.0,1.0,,,,,
1789040071.6988,collate,2,0,29667,,,,,,52.292,52.206,,6.0,1.0,,,,,
1789040073.3634,collate,2,0,29667,,,,,,39.025,38.986,,2.0,1.0,,,,,
1789040076.7973,collate,2,0,29667,,,,,,34.988,34.877,,6.0,1.0,,,,,
1789040078.8712,collate,2,0,29667,,,,,,21.533,21.508,,4.0,1.0,,,,,
1789040081.4784,collate,2,0,29667,,,,,,58.593,58.472,,6.0,1.0,,,,,
1789040083.8484,collate,2,0,29667,,,,,,26.616,26.455,,6.0,1.0,,,,,
1789040086.3855,collate,2,0,29667,,,,,,23.867,23.838,,6.0,1.0,,,,,
1789040089.0416,collate,2,0,29667,,,,,,49.936,49.863,,6.0,1.0,,,,,
1789040091.5454,collate,2,0,29667,,,,,,27.282,27.164,,6.0,1.0,,,,,
1789040093.8886,collate,2,0,29667,,,,,,39.438,39.354,,5.0,1.0,,,,,
1789040096.7357,collate,2,0,29667,,,,,,59.684,59.579,,8.0,1.0,,,,,
1789040099.444,collate,2,0,29667,,,,,,31.009,30.966,,7.0,1.0,,,,,
1789040101.7902,collate,2,0,29667,,,,,,24.517,24.405,,6.0,1.0,,,,,
1789040104.3891,collate,2,0,29667,,,,,,24.579,24.55,,7.0,1.0,,,,,
1789040107.1976,collate,2,0,29667,,,,,,39.995,39.942,,7.0,1.0,,,,,
1789040109.485,collate,2,0,29667,,,,,,34.655,34.595,,6.0,1.0,,,,,
1789040111.7571,collate,2,0,29667,,,,,,40.384,40.313,,5.0,1.0,,,,,
1789040113.9337,collate,2,0,29667,,,,,,50.053,49.915,,5.0,1.0,,,,,
1789040116.6067,collate,2,0,29667,,,,,,39.954,39.853,,7.0,1.0,,,,,
1789040119.3386,collate,2,0,29667,,,,,,23.248,23.21,,7.0,1.0,,,,,
1789040121.6309,collate,2,0,29667,,,,,,49.598,49.502,,5.0,1.0,,,,,
1789040123.8247,collate,2,0,29667,,,,,,35.398,35.336,,5.0,1.0,,,,,
1789040125.8216,collate,2,0,29667,,,,,,28.061,27.988,,5.0,1.0,,,,,
1789040127.9236,collate,2,0,29667,,,,,,59.732,59.635,,6.0,1.0,,,,,
1789040130.0434,collate,2,0,29667,,,,,,42.879,42.827,,4.0,1.0,,,,,
1789040132.966,collate,2,0,29667,,,,,,28.11,28.058,,7.0,1.0,,,,,
1789040134.8079,collate,2,0,29667,,,,,,22.458,22.433,,5.0,1.0,,,,,
1789040137.0073,collate,2,0,29667,,,,,,85.482,85.278,,5.0,1.0,,,,,
1789040139.3037,collate,2,0,29667,,,,,,43.349,43.256,,6.0,1.0,,,,,
1789040141.5574,collate,2,0,29667,,,,,,38.488,38.404,,6.0,1.0,,,,,
1789040143.802,collate,2,0,29667,,,,,,56.293,56.22,,5.0,1.0,,,,,
1789040145.7208,collate,2,0,29667,,,,,,25.542,25.494,,5.0,1.0,,,,,
1789040147.7677,collate,2,0,29667,,,,,,65.532,65.366,,4.0,1.0,,,,,
1789040150.0997,collate,2,0,29667,,,,,,25.453,25.425,,5.0,1.0,,,,,
1789040153.3876,collate,2,0,29667,,,,,,60.26,60.165,,7.0,1.0,,,,,
1789040156.8583,collate,2,0,29667,,,,,,25.461,25.426,,8.0,1.0,,,,,
1789040159.0163,collate,2,0,29667,,,,,,37.388,37.334,,5.0,1.0,,,,,
1789040161.1049,collate,2,0,29667,,,,,,26.755,26.696,,5.0,1.0,,,,,
1789040163.3479,collate,2,0,29667,,,,,,49.752,49.68,,5.0,1.0,,,,,
1789040166.3117,collate,2,0,29667,,,,,,56.945,56.811,,6.0,1.0,,,,,
1789040168.8409,collate,2,0,29667,,,,,,22.614,22.574,,6.0,1.0,,,,,
1789040170.8699,collate,2,0,29667,,,,,,133.95,133.586,,4.0,1.0,,,,,
1789040173.5071,collate,2,0,29667,,,,,,55.757,55.666,,6.0,1.0,,,,,
1789040175.8462,collate,2,0,29667,,,,,,35.06,34.987,,5.0,1.0,,,,,
1789040178.1814,collate,2,0,29667,,,,,,64.356,64.236,,5.0,1.0,,,,,
1789040179.7206,collate,2,0,29667,,,,,,31.64,31.605,,4.0,1.0,,,,,
1789040182.9851,collate,2,0,29667,,,,,,28.512,28.277,,7.0,1.0,,,,,
1789040185.0612,collate,2,0,29667,,,,,,75.206,75.095,,4.0,1.0,,,,,
1789040188.2688,collate,2,0,29667,,,,,,137.297,136.967,,6.0,1.0,,,,,
1789040190.5341,collate,2,0,29667,,,,,,26.808,26.752,,5.0,1.0,,,,,
1789040193.7704,collate,2,0,29667,,,,,,66.6,66.49,,8.0,1.0,,,,,
1789040196.596,collate,2,0,29667,,,,,,28.269,28.236,,7.0,1.0,,,,,
1789040198.6902,collate,2,0,29667,,,,,,47.223,47.152,,5.0,1.0,,,,,
1789040201.369,collate,2,0,29667,,,,,,30.168,30.105,,8.0,1.0,,,,,
1789040203.9832,collate,2,0,29667,,,,,,42.017,41.961,,7.0,1.0,,,,,
1789040205.9524,collate,2,0,29667,,,,,,35.982,35.854,,5.0,1.0,,,,,
1789040208.3055,collate,2,0,29667,,,,,,56.087,55.999,,6.0,1.0,,,,,
1789040210.3028,collate,2,0,29667,,,,,,50.161,50.085,,5.0,1.0,,,,,
1789040212.9804,collate,2,0,29667,,,,,,48.269,48.199,,5.0,1.0,,,,,
1789040215.9831,collate,2,0,29667,,,,,,39.851,39.799,,7.0,1.0,,,,,
1789040218.0792,collate,2,0,29667,,,,,,53.918,53.856,,5.0,1.0,,,,,
1789040220.4551,collate,2,0,29667,,,,,,36.304,36.009,,6.0,1.0,,,,,
1789040222.5719,collate,2,0,29667,,,,,,51.712,51.656,,5.0,1.0,,,,,
1789040225.1323,collate,2,0,29667,,,,,,49.027,48.953,,6.0,1.0,,,,,
1789040227.2451,collate,2,0,29667,,,,,,24.647,24.414,,5.0,1.0,,,,,
1789040230.0146,collate,2,0,29667,,,,,,44.346,44.287,,8.0,1.0,,,,,
1789040232.5043,collate,2,0,29667,,,,,,32.234,32.18,,5.0,1.0,,,,,
1789040235.3226,collate,2,0,29667,,,,,,59.332,58.433,,6.0,1.0,,,,,
1789040237.7846,collate,2,0,29667,,,,,,74.617,74.494,,5.0,1.0,,,,,
1789040239.8874,collate,2,0,29667,,,,,,28.016,27.974,,5.0,1.0,,,,,
1789040242.9961,collate,2,0,29667,,,,,,54.193,53.522,,5.0,1.0,,,,,
1789040245.8274,collate,2,0,29667,,,,,,62.561,62.478,,6.0,1.0,,,,,
1789040248.5342,collate,2,0,29667,,,,,,29.074,29.031,,6.0,1.0,,,,,
1789040251.4557,collate,2,0,29667,,,,,,48.877,48.766,,8.0,1.0,,,,,
1789040253.9988,collate,2,0,29667,,,,,,33.66,33.609,,6.0,1.0,,,,,
1789040256.7139,collate,2,0,29667,,,,,,38.456,38.387,,7.0,1.0,,,,,
1789040259.1844,collate,2,0,29667,,,,,,24.686,24.59,,6.0,1.0,,,,,
1789040261.2087,collate,2,0,29667,,,,,,53.898,53.756,,4.0,1.0,,,,,
1789040263.5989,collate,2,0,29667,,,,,,56.314,56.244,,6.0,1.0,,,,,
1789040265.8642,collate,2,0,29667,,,,,,29.644,29.542,,6.0,1.0,,,,,
1789040268.7582,collate,2,0,29667,,,,,,97.957,97.795,,6.0,1.0,,,,,
1789040271.2623,collate,2,0,29667,,,,,,71.951,71.795,,6.0,1.0,,,,,
1789040273.1097,collate,2,0,29667,,,,,,52.045,51.949,,4.0,1.0,,,,,
1789040274.8714,collate,2,0,29667,,,,,,80.594,80.468,,3.0,1.0,,,,,
1789040276.8306,collate,2,0,29667,,,,,,148.782,147.465,,4.0,1.0,,,,,
1789040280.0086,collate,2,0,29667,,,,,,34.619,34.564,,8.0,1.0,,,,,
1789040282.802,collate,2,0,29667,,,,,,50.763,50.696,,6.0,1.0,,,,,
1789040285.3011,collate,2,0,29667,,,,,,28.217,28.184,,6.0,1.0,,,,,
1789040287.2566,collate,2,0,29667,,,,,,58.579,58.468,,5.0,1.0,,,,,
1789040289.5886,collate,2,0,29667,,,,,,29.181,29.122,,6.0,1.0,,,,,
1789040292.0348,collate,2,0,29667,,,,,,51.033,50.956,,6.0,1.0,,,,,
1789040294.376,collate,2,0,29667,,,,,,113.194,112.985,,4.0,1.0,,,,,
1789040296.7225,collate,2,0,29667,,,,,,42.994,42.928,,5.0,1.0,,,,,
1789040299.3578,collate,2,0,29667,,,,,,57.332,57.211,,5.0,1.0,,,,,
1789040302.3019,collate,2,0,29667,,,,,,57.856,57.769,,7.0,1.0,,,,,
1789040304.4684,collate,2,0,29667,,,,,,30.831,30.779,,5.0,1.0,,,,,
1789040307.5466,collate,2,0,29667,,,,,,98.966,98.779,,7.0,1.0,,,,,
1789040309.7358,collate,2,0,29667,,,,,,88.638,88.512,,5.0,1.0,,,,,
1789040311.955,collate,2,0,29667,,,,,,36.242,36.158,,6.0,1.0,,,,,
1789040314.4853,collate,2,0,29667,,,,,,131.363,131.143,,5.0,1.0,,,,,
1789040317.0458,collate,2,0,29667,,,,,,66.193,66.092,,6.0,1.0,,,,,
1789040318.8628,collate,2,0,29667,,,,,,25.044,24.986,,5.0,1.0,,,,,
1789040322.0613,collate,2,0,29667,,,,,,242.001,241.31,,7.0,1.0,,,,,
1789040324.1193,collate,2,0,29667,,,,,,166.594,166.305,,4.0,1.0,,,,,
1789040326.1923,collate,2,0,29667,,,,,,24.136,24.069,,5.0,1.0,,,,,
1789040329.5271,collate,2,0,29667,,,,,,89.036,88.87,,8.0,1.0,,,,,
1789040332.136,collate,2,0,29667,,,,,,56.079,55.985,,6.0,1.0,,,,,
1789040334.8349,collate,2,0,29667,,,,,,47.867,47.791,,7.0,1.0,,,,,
1789040336.2684,collate,2,0,29667,,,,,,34.803,34.721,,3.0,1.0,,,,,
1789040339.1841,collate,2,0,29667,,,,,,35.061,34.935,,6.0,1.0,,,,,
1789040341.473,collate,2,0,29667,,,,,,49.096,48.965,,5.0,1.0,,,,,
1789040344.4269,collate,2,0,29667,,,,,,22.231,22.196,,8.0,1.0,,,,,
1789040346.6909,collate,2,0,29667,,,,,,42.852,42.779,,6.0,1.0,,,,,
1789040349.1565,collate,2,0,29667,,,,,,30.168,30.109,,6.0,1.0,,,,,
1789040351.9379,collate,2,0,29667,,,,,,48.805,48.694,,7.0,1.0,,,,,
1789040353.9856,collate,2,0,29667,,,,,,37.423,37.327,,4.0,1.0,,,,,
1789040356.586,collate,2,0,29667,,,,,,55.15,55.004,,6.0,1.0,,,,,
1789040358.7832,collate,2,0,29667,,,,,,50.493,50.417,,5.0,1.0,,,,,
1789040361.7193,collate,2,0,29667,,,,,,35.874,35.824,,7.0,1.0,,,,,
1789040363.4965,collate,2,0,29667,,,,,,47.075,47.001,,4.0,1.0,,,,,
1789040366.0703,collate,2,0,29667,,,,,,60.13,60.028,,7.0,1.0,,,,,
1789040368.5283,collate,2,0,29667,,,,,,24.194,24.135,,7.0,1.0,,,,,
1789040370.0595,collate,2,0,29667,,,,,,36.14,36.078,,2.0,1.0,,,,,
1789040372.5318,collate,2,0,29667,,,,,,29.38,29.329,,5.0,1.0,,,,,
1789040375.9955,collate,2,0,29667,,,,,,53.206,52.95,,5.0,1.0,,,,,
1789040378.4227,collate,2,0,29667,,,,,,34.326,34.264,,6.0,1.0,,,,,
1789040380.1929,collate,2,0,29667,,,,,,59.204,57.557,,3.0,1.0,,,,,
1789040383.2404,collate,2,0,29667,,,,,,57.108,57.0,,8.0,1.0,,,,,
1789040385.6972,collate,2,0,29667,,,,,,46.29,46.193,,6.0,1.0,,,,,
1789040387.8834,collate,2,0,29667,,,,,,24.604,24.55,,6.0,1.0,,,,,
1789040390.7582,collate,2,0,29667,,,,,,53.173,53.065,,7.0,1.0,,,,,
1789040393.3925,collate,2,0,29667,,,,,,75.776,75.675,,6.0,1.0,,,,,
1789040396.0005,collate,2,0,29667,,,,,,45.976,45.866,,7.0,1.0,,,,,
1789040398.3295,collate,2,0,29667,,,,,,52.076,51.99,,6.0,1.0,,,,,
1789040400.3637,collate,2,0,29667,,,,,,53.859,53.786,,5.0,1.0,,,,,
1789040402.3541,collate,2,0,29667,,,,,,23.67,23.624,,5.0,1.0,,,,,
1789040405.0094,collate,2,0,29667,,,,,,152.78,152.534,,5.0,1.0,,,,,
1789040407.686,collate,2,0,29667,,,,,,58.033,57.894,,7.0,1.0,,,,,
1789040409.9998,collate,2,0,29667,,,,,,37.599,37.518,,5.0,1.0,,,,,
1789040412.2921,collate,2,0,29667,,,,,,54.174,54.042,,5.0,1.0,,,,,
1789040415.2231,collate,2,0,29667,,,,,,28.395,28.171,,8.0,1.0,,,,,
1789040418.2344,collate,2,0,29667,,,,,,39.221,39.148,,7.0,1.0,,,,,
1789040420.3572,collate,2,0,29667,,,,,,44.268,44.194,,5.0,1.0,,,,,
1789040422.4199,collate,2,0,29667,,,,,,40.29,40.194,,5.0,1.0,,,,,
1789040424.3075,collate,2,0,29667,,,,,,32.671,32.573,,4.0,1.0,,,,,
1789040426.7357,collate,2,0,29667,,,,,,25.95,25.905,,6.0,1.0,,,,,
1789040429.3056,collate,2,0,29667,,,,,,69.383,69.146,,6.0,1.0,,,,,
1789040432.5243,collate,2,0,29667,,,,,,23.487,23.449,,7.0,1.0,,,,,
1789040435.1414,collate,2,0,29667,,,,,,77.432,77.287,,7.0,1.0,,,,,
1789040437.4394,collate,2,0,29667,,,,,,22.858,22.818,,6.0,1.0,,,,,
1789040439.6026,collate,2,0,29667,,,,,,32.786,32.727,,5.0,1.0,,,,,
1789040442.1245,collate,2,0,29667,,,,,,48.632,48.51,,6.0,1.0,,,,,
1789040444.7222,collate,2,0,29667,,,,,,123.341,123.091,,7.0,1.0,,,,,
1789040446.8076,collate,2,0,29667,,,,,,27.259,27.209,,5.0,1.0,,,,,
1789040449.4211,collate,2,0,29667,,,,,,52.915,52.802,,7.0,1.0,,,,,
1789040451.9178,collate,2,0,29667,,,,,,26.138,26.065,,6.0,1.0,,,,,
1789040453.8979,collate,2,0,29667,,,,,,33.93,33.876,,4.0,1.0,,,,,
1789040457.004,collate,2,0,29667,,,,,,34.426,34.377,,7.0,1.0,,,,,
1789040459.0036,collate,2,0,29667,,,,,,50.668,50.592,,5.0,1.0,,,,,
1789040461.5955,collate,2,0,29667,,,,,,34.9,34.84,,7.0,1.0,,,,,
1789040463.9911,collate,2,0,29667,,,,,,25.435,25.411,,6.0,1.0,,,,,
1789040466.6276,collate,2,0,29667,,,,,,58.496,58.043,,7.0,1.0,,,,,
1789040468.8586,collate,2,0,29667,,,,,,39.843,39.774,,5.0,1.0,,,,,
1789040471.4612,collate,2,0,29667,,,,,,37.209,37.122,,7.0,1.0,,,,,
1789040474.4362,collate,2,0,29667,,,,,,50.089,49.995,,7.0,1.0,,,,,
1789040476.726,collate,2,0,29667,,,,,,33.82,33.764,,6.0,1.0,,,,,
1789040478.5596,collate,2,0,29667,,,,,,24.593,24.546,,5.0,1.0,,,,,
1789040480.8869,collate,2,0,29667,,,,,,46.736,46.585,,6.0,1.0,,,,,
1789040483.2985,collate,2,0,29667,,,,,,27.918,27.868,,6.0,1.0,,,,,
1789040486.306,collate,2,0,29667,,,,,,265.504,264.782,,5.0,1.0,,,,,
1789040488.2679,collate,2,0,29667,,,,,,50.733,50.636,,5.0,1.0,,,,,
1789040491.3755,collate,2,0,29667,,,,,,22.095,22.06,,8.0,1.0,,,,,
1789040494.0953,collate,2,0,29667,,,,,,31.854,31.801,,8.0,1.0,,,,,
1789040496.5356,collate,2,0,29667,,,,,,22.1,22.07,,6.0,1.0,,,,,
1789040498.6396,collate,2,0,29667,,,,,,46.42,46.347,,4.0,1.0,,,,,
1789040500.5822,collate,2,0,29667,,,,,,53.998,53.88,,5.0,1.0,,,,,
1789040503.1618,collate,2,0,29667,,,,,,27.723,27.676,,7.0,1.0,,,,,
1789040505.9334,collate,2,0,29667,,,,,,45.094,44.957,,6.0,1.0,,,,,
1789040508.0727,collate,2,0,29667,,,,,,27.928,27.888,,6.0,1.0,,,,,
1789040510.5349,collate,2,0,29667,,,,,,30.667,30.59,,6.0,1.0,,,,,
1789040513.4027,collate,2,0,29667,,,,,,22.346,22.324,,7.0,1.0,,,,,
1789040516.3257,collate,2,0,29667,,,,,,47.458,47.368,,7.0,1.0,,,,,
1789040518.9994,collate,2,0,29667,,,,,,46.765,46.68,,7.0,1.0,,,,,
1789040521.1136,collate,2,0,29667,,,,,,23.6,23.531,,5.0,1.0,,,,,
1789040523.3881,collate,2,0,29667,,,,,,47.614,47.544,,6.0,1.0,,,,,
1789040525.8497,collate,2,0,29667,,,,,,42.997,42.884,,7.0,1.0,,,,,
1789040528.5874,collate,2,0,29667,,,,,,28.053,28.023,,7.0,1.0,,,,,
1789040530.5624,collate,2,0,29667,,,,,,52.236,52.063,,4.0,1.0,,,,,
1789040533.0279,collate,2,0,29667,,,,,,43.008,42.896,,7.0,1.0,,,,,
1789040535.3543,collate,2,0,29667,,,,,,27.103,27.045,,5.0,1.0,,,,,
1789040538.106,collate,2,0,29667,,,,,,37.174,37.095,,6.0,1.0,,,,,
1789040541.0147,collate,2,0,29667,,,,,,29.851,29.743,,6.0,1.0,,,,,
1789040543.6762,collate,2,0,29667,,,,,,54.587,54.482,,6.0,1.0,,,,,
1789040546.1813,collate,2,0,29667,,,,,,39.977,39.792,,6.0,1.0,,,,,
1789040548.1487,collate,2,0,29667,,,,,,23.718,23.659,,5.0,1.0,,,,,
1789040550.9171,collate,2,0,29667,,,,,,53.787,53.618,,7.0,1.0,,,,,
1789040553.094,collate,2,0,29667,,,,,,29.569,29.521,,5.0,1.0,,,,,
1789040555.2022,collate,2,0,29667,,,,,,35.661,35.593,,5.0,1.0,,,,,
1789040558.0421,collate,2,0,29667,,,,,,56.14,56.028,,8.0,1.0,,,,,
1789040560.2355,collate,2,0,29667,,,,,,36.321,36.232,,5.0,1.0,,,,,
1789040562.103,collate,2,0,29667,,,,,,22.883,22.841,,5.0,1.0,,,,,
1789040564.6417,collate,2,0,29667,,,,,,48.186,48.097,,6.0,1.0,,,,,
1789040566.8087,collate,2,0,29667,,,,,,40.68,40.552,,5.0,1.0,,,,,
1789040569.2362,collate,2,0,29667,,,,,,29.412,29.306,,6.0,1.0,,,,,
1789040571.7932,collate,2,0,29667,,,,,,43.636,43.503,,7.0,1.0,,,,,
1789040574.2492,collate,2,0,29667,,,,,,32.522,32.433,,7.0,1.0,,,,,
1789040576.5664,collate,2,0,29667,,,,,,23.647,23.595,,6.0,1.0,,,,,
1789040578.9393,collate,2,0,29667,,,,,,48.373,48.292,,5.0,1.0,,,,,
1789040580.752,collate,2,0,29667,,,,,,40.156,40.085,,4.0,1.0,,,,,
1789040582.734,collate,2,0,29667,,,,,,48.623,48.532,,4.0,1.0,,,,,
1789040584.4862,collate,2,0,29667,,,,,,31.322,31.235,,4.0,1.0,,,,,
1789040587.0607,collate,2,0,29667,,,,,,35.356,35.282,,6.0,1.0,,,,,
1789040589.1945,collate,2,0,29667,,,,,,23.378,23.331,,5.0,1.0,,,,,
1789040591.293,collate,2,0,29667,,,,,,47.987,47.862,,5.0,1.0,,,,,
1789040594.1092,collate,2,0,29667,,,,,,52.048,51.946,,5.0,1.0,,,,,
1789040596.3237,collate,2,0,29667,,,,,,35.514,35.434,,5.0,1.0,,,,,
1789040598.8115,collate,2,0,29667,,,,,,54.308,54.22,,6.0,1.0,,,,,
1789040600.8959,collate,2,0,29667,,,,,,28.352,28.232,,5.0,1.0,,,,,
1789040603.5734,collate,2,0,29667,,,,,,72.482,72.255,,6.0,1.0,,,,,
1789040605.7077,collate,2,0,29667,,,,,,25.087,25.048,,5.0,1.0,,,,,
1789040608.668,collate,2,0,29667,,,,,,53.62,53.542,,7.0,1.0,,,,,
1789040610.7019,collate,2,0,29667,,,,,,32.374,32.296,,5.0,1.0,,,,,
1789040613.3284,collate,2,0,29667,,,,,,26.318,26.273,,6.0,1.0,,,,,
1789040615.3302,collate,2,0,29667,,,,,,49.208,49.138,,5.0,1.0,,,,,
1789040617.8183,collate,2,0,29667,,,,,,33.318,33.267,,6.0,1.0,,,,,
1789040619.7968,collate,2,0,29667,,,,,,34.343,34.289,,4.0,1.0,,,,,
1789040622.0897,collate,2,0,29667,,,,,,38.828,38.719,,4.0,1.0,,,,,
1789040625.926,collate,2,0,29667,,,,,,53.441,53.265,,7.0,1.0,,,,,
1789040628.2928,collate,2,0,29667,,,,,,39.961,39.871,,6.0,1.0,,,,,
1789040630.5477,collate,2,0,29667,,,,,,24.776,24.703,,6.0,1.0,,,,,
1789040633.4848,collate,2,0,29667,,,,,,58.083,57.911,,7.0,1.0,,,,,
1789040636.3942,collate,2,0,29667,,,,,,43.066,43.002,,7.0,1.0,,,,,
1789040638.9337,collate,2,0,29667,,,,,,21.651,21.575,,6.0,1.0,,,,,
1789040641.238,collate,2,0,29667,,,,,,51.253,51.135,,6.0,1.0,,,,,
1789040643.4757,collate,2,0,29667,,,,,,81.795,81.624,,5.0,1.0,,,,,
1789040645.506,collate,2,0,29667,,,,,,23.98,23.929,,5.0,1.0,,,,,
1789040647.8379,collate,2,0,29667,,,,,,47.88,47.637,,5.0,1.0,,,,,
1789040649.857,collate,2,0,29667,,,,,,36.193,36.117,,5.0,1.0,,,,,
1789040652.0947,collate,2,0,29667,,,,,,24.817,24.765,,4.0,1.0,,,,,
1789040654.3682,collate,2,0,29667,,,,,,54.512,54.414,,5.0,1.0,,,,,
1789040656.5179,collate,2,0,29667,,,,,,40.033,39.861,,5.0,1.0,,,,,
1789040659.125,collate,2,0,29667,,,,,,31.897,31.841,,5.0,1.0,,,,,
1789040661.1182,collate,2,0,29667,,,,,,25.081,24.954,,4.0,1.0,,,,,
1789040663.2213,collate,2,0,29667,,,,,,49.976,49.821,,5.0,1.0,,,,,
1789040666.1114,collate,2,0,29667,,,,,,46.639,46.537,,6.0,1.0,,,,,
1789040668.6129,collate,2,0,29667,,,,,,33.616,33.562,,5.0,1.0,,,,,
1789040670.7541,collate,2,0,29667,,,,,,55.038,54.959,,5.0,1.0,,,,,
1789040672.9025,collate,2,0,29667,,,,,,34.888,34.714,,6.0,1.0,,,,,
1789040675.4285,collate,2,0,29667,,,,,,29.243,29.18,,6.0,1.0,,,,,
1789040677.7464,collate,2,0,29667,,,,,,27.021,26.979,,6.0,1.0,,,,,
1789040679.7544,collate,2,0,29667,,,,,,38.516,38.365,,5.0,1.0,,,,,
1789040682.3625,collate,2,0,29667,,,,,,35.452,35.396,,7.0,1.0,,,,,
1789040684.6153,collate,2,0,29667,,,,,,21.522,21.482,,6.0,1.0,,,,,
1789040687.4055,collate,2,0,29667,,,,,,49.385,49.263,,7.0,1.0,,,,,
1789040689.3831,collate,2,0,29667,,,,,,31.313,31.223,,5.0,1.0,,,,,
1789040692.0738,collate,2,0,29667,,,,,,50.638,50.513,,7.0,1.0,,,,,
1789040693.9457,collate,2,0,29667,,,,,,66.549,66.372,,5.0,1.0,,,,,
1789040696.0312,collate,2,0,29667,,,,,,45.709,45.507,,5.0,1.0,,,,,
1789040698.2538,collate,2,0,29667,,,,,,37.809,37.735,,5.0,1.0,,,,,
1789040700.5407,collate,2,0,29667,,,,,,56.106,55.983,,5.0,1.0,,,,,
1789040702.941,collate,2,0,29667,,,,,,25.799,25.752,,5.0,1.0,,,,,
1789040705.4557,collate,2,0,29667,,,,,,29.279,29.134,,6.0,1.0,,,,,
1789040708.0661,collate,2,0,29667,,,,,,66.437,66.318,,6.0,1.0,,,,,
1789040710.2962,collate,2,0,29667,,,,,,43.566,43.35,,5.0,1.0,,,,,
1789040712.6865,collate,2,0,29667,,,,,,43.783,43.7,,6.0,1.0,,,,,
1789040715.4846,collate,2,0,29667,,,,,,49.517,49.285,,7.0,1.0,,,,,
1789040717.6328,collate,2,0,29667,,,,,,30.904,30.828,,5.0,1.0,,,,,
1789040719.881,collate,2,0,29667,,,,,,34.073,34.011,,5.0,1.0,,,,,
1789040722.2107,collate,2,0,29667,,,,,,54.667,54.402,,5.0,1.0,,,,,
1789040724.8673,collate,2,0,29667,,,,,,26.889,26.859,,6.0,1.0,,,,,
1789040726.9035,collate,2,0,29667,,,,,,24.997,24.956,,5.0,1.0,,,,,
1789040729.342,collate,2,0,29667,,,,,,50.787,50.663,,6.0,1.0,,,,,
1789040731.7422,collate,2,0,29667,,,,,,42.904,42.805,,6.0,1.0,,,,,
1789040734.5698,collate,2,0,29667,,,,,,25.099,25.041,,7.0,1.0,,,,,
1789040736.9868,collate,2,0,29667,,,,,,49.46,49.215,,6.0,1.0,,,,,
1789040738.9691,collate,2,0,29667,,,,,,42.472,42.373,,5.0,1.0,,,,,
1789040741.4198,collate,2,0,29667,,,,,,31.377,31.285,,7.0,1.0,,,,,
1789040743.7314,collate,2,0,29667,,,,,,44.396,44.295,,5.0,1.0,,,,,
1789040746.8897,collate,2,0,29667,,,,,,57.632,57.478,,7.0,1.0,,,,,
1789040749.6224,collate,2,0,29667,,,,,,22.455,22.407,,7.0,1.0,,,,,
1789040752.1916,collate,2,0,29667,,,,,,49.377,49.292,,7.0,1.0,,,,,
1789040754.6451,collate,2,0,29667,,,,,,41.956,41.891,,7.0,1.0,,,,,
1789040757.093,collate,2,0,29667,,,,,,27.408,27.339,,7.0,1.0,,,,,
1789040759.9664,collate,2,0,29667,,,,,,50.759,50.653,,7.0,1.0,,,,,
1789040762.075,collate,2,0,29667,,,,,,43.255,43.149,,5.0,1.0,,,,,
1789040764.3305,collate,2,0,29667,,,,,,29.323,29.25,,6.0,1.0,,,,,
1789040767.6036,collate,2,0,29667,,,,,,50.609,50.357,,7.0,1.0,,,,,
1789040770.1498,collate,2,0,29667,,,,,,29.931,29.74,,6.0,1.0,,,,,
1789040772.4085,collate,2,0,29667,,,,,,39.607,39.508,,5.0,1.0,,,,,
1789040774.8086,collate,2,0,29667,,,,,,49.449,49.283,,5.0,1.0,,,,,
1789040777.3344,collate,2,0,29667,,,,,,49.482,49.228,,5.0,1.0,,,,,
1789040780.074,collate,2,0,29667,,,,,,35.284,35.223,,6.0,1.0,,,,,
1789040782.0976,collate,2,0,29667,,,,,,27.496,27.407,,5.0,1.0,,,,,
1789040784.4277,collate,2,0,29667,,,,,,48.634,48.5,,6.0,1.0,,,,,
1789040787.0564,collate,2,0,29667,,,,,,24.451,24.292,,7.0,1.0,,,,,
1789040789.7855,collate,2,0,29667,,,,,,42.215,42.011,,6.0,1.0,,,,,
1789040792.0099,collate,2,0,29667,,,,,,28.83,28.665,,6.0,1.0,,,,,
1789040793.7617,collate,2,0,29667,,,,,,47.114,47.021,,4.0,1.0,,,,,
1789040796.4846,collate,2,0,29667,,,,,,34.124,34.029,,6.0,1.0,,,,,
1789040799.2562,collate,2,0,29667,,,,,,22.281,22.19,,7.0,1.0,,,,,
1789040801.735,collate,2,0,29667,,,,,,46.583,46.516,,5.0,1.0,,,,,
1789040804.2755,collate,2,0,29667,,,,,,57.724,57.573,,6.0,1.0,,,,,
1789040806.1262,collate,2,0,29667,,,,,,25.277,25.209,,4.0,1.0,,,,,
1789040809.0023,collate,2,0,29667,,,,,,243.578,242.938,,7.0,1.0,,,,,
1789040811.2894,collate,2,0,29667,,,,,,123.824,123.47,,5.0,1.0,,,,,
1789040813.9561,collate,2,0,29667,,,,,,53.565,53.362,,6.0,1.0,,,,,
1789040816.7429,collate,2,0,29667,,,,,,132.764,132.449,,7.0,1.0,,,,,
1789040819.5331,collate,2,0,29667,,,,,,39.877,39.815,,7.0,1.0,,,,,
1789040821.955,collate,2,0,29667,,,,,,26.045,25.868,,6.0,1.0,,,,,
1789040824.561,collate,2,0,29667,,,,,,50.03,49.952,,6.0,1.0,,,,,
1789040826.305,collate,2,0,29667,,,,,,99.41,99.016,,3.0,1.0,,,,,
1789040828.5003,collate,2,0,29667,,,,,,48.076,47.974,,6.0,1.0,,,,,
1789040830.723,collate,2,0,29667,,,,,,67.871,67.73,,6.0,1.0,,,,,
1789040833.6655,collate,2,0,29667,,,,,,83.824,83.298,,6.0,1.0,,,,,
1789040835.9272,collate,2,0,29667,,,,,,26.226,26.128,,6.0,1.0,,,,,
1789040839.2389,collate,2,0,29667,,,,,,259.622,258.95,,8.0,1.0,,,,,
1789040841.5772,collate,2,0,29667,,,,,,89.568,89.329,,5.0,1.0,,,,,
1789040844.5691,collate,2,0,29667,,,,,,36.836,36.778,,8.0,1.0,,,,,
1789040846.2126,collate,2,0,29667,,,,,,54.555,54.397,,3.0,1.0,,,,,
1789040848.9352,collate,2,0,29667,,,,,,131.001,130.794,,6.0,1.0,,,,,
1789040851.3464,collate,2,0,29667,,,,,,37.809,37.724,,6.0,1.0,,,,,
1789040853.9929,collate,2,0,29667,,,,,,83.258,83.013,,7.0,1.0,,,,,
1789040856.3563,collate,2,0,29667,,,,,,88.462,88.244,,7.0,1.0,,,,,
1789040858.6338,collate,2,0,29667,,,,,,42.883,42.786,,6.0,1.0,,,,,
1789040861.0691,collate,2,0,29667,,,,,,67.847,67.629,,6.0,1.0,,,,,
1789040863.4163,collate,2,0,29667,,,,,,44.378,44.176,,6.0,1.0,,,,,
1789040865.5435,collate,2,0,29667,,,,,,85.574,85.349,,5.0,1.0,,,,,
1789040868.3554,collate,2,0,29667,,,,,,288.403,287.661,,7.0,1.0,,,,,
1789040870.9394,collate,2,0,29667,,,,,,48.825,48.676,,6.0,1.0,,,,,
1789040873.4517,collate,2,0,29667,,,,,,25.643,25.491,,6.0,1.0,,,,,
1789040876.0972,collate,2,0,29667,,,,,,47.74,47.629,,6.0,1.0,,,,,
1789040878.889,collate,2,0,29667,,,,,,122.025,121.83,,6.0,1.0,,,,,
1789040880.7542,collate,2,0,29667,,,,,,24.733,24.7,,4.0,1.0,,,,,
1789040883.6089,collate,2,0,29667,,,,,,77.588,77.42,,8.0,1.0,,,,,
1789040886.2965,collate,2,0,29667,,,,,,46.072,45.963,,7.0,1.0,,,,,
1789040889.1672,collate,2,0,29667,,,,,,30.08,29.965,,7.0,1.0,,,,,
1789040891.7278,collate,2,0,29667,,,,,,90.244,89.922,,6.0,1.0,,,,,
1789040893.8502,collate,2,0,29667,,,,,,165.742,165.348,,4.0,1.0,,,,,
1789040896.3003,collate,2,0,29667,,,,,,26.678,26.531,,6.0,1.0,,,,,
1789040898.0277,collate,2,0,29667,,,,,,56.225,56.129,,4.0,1.0,,,,,
1789040901.0001,collate,2,0,29667,,,,,,46.83,46.688,,8.0,1.0,,,,,
1789040903.7076,collate,2,0,29667,,,,,,27.914,27.865,,7.0,1.0,,,,,
1789040906.1075,collate,2,0,29667,,,,,,345.057,343.65,,6.0,1.0,,,,,
1789040908.3395,collate,2,0,29667,,,,,,74.195,73.986,,5.0,1.0,,,,,
1789040910.6444,collate,2,0,29667,,,,,,29.73,29.622,,5.0,1.0,,,,,
1789040912.8269,collate,2,0,29667,,,,,,40.749,40.585,,5.0,1.0,,,,,
1789040915.3416,collate,2,0,29667,,,,,,35.835,35.757,,6.0,1.0,,,,,
1789040917.4956,collate,2,0,29667,,,,,,39.063,38.82,,6.0,1.0,,,,,
1789040920.3797,collate,2,0,29667,,,,,,137.939,137.535,,7.0,1.0,,,,,
1789040923.0417,collate,2,0,29667,,,,,,34.249,34.136,,7.0,1.0,,,,,
1789040925.1398,collate,2,0,29667,,,,,,54.587,54.505,,5.0,1.0,,,,,
1789040927.5002,collate,2,0,29667,,,,,,55.691,55.559,,6.0,1.0,,,,,
1789040929.58,collate,2,0,29667,,,,,,101.17,100.907,,5.0,1.0,,,,,
1789040931.6066,collate,2,0,29667,,,,,,31.243,31.177,,6.0,1.0,,,,,
1789040934.6774,collate,2,0,29667,,,,,,53.705,53.576,,7.0,1.0,,,,,
1789040936.8877,collate,2,0,29667,,,,,,37.06,36.978,,6.0,1.0,,,,,
1789040939.7815,collate,2,0,29667,,,,,,23.342,23.239,,6.0,1.0,,,,,
1789040942.3711,collate,2,0,29667,,,,,,226.993,226.43,,6.0,1.0,,,,,
1789040944.0436,collate,2,0,29667,,,,,,77.324,77.101,,4.0,1.0,,,,,
1789040946.6619,collate,2,0,29667,,,,,,49.611,49.452,,7.0,1.0,,,,,
1789040948.7774,collate,2,0,29667,,,,,,126.615,126.277,,5.0,1.0,,,,,
1789040951.0007,collate,2,0,29667,,,,,,36.513,36.297,,6.0,1.0,,,,,
1789040953.4315,collate,2,0,29667,,,,,,45.492,45.357,,5.0,1.0,,,,,
1789040955.2562,collate,2,0,29667,,,,,,27.307,27.224,,4.0,1.0,,,,,
1789040957.9722,collate,2,0,29667,,,,,,63.721,63.495,,6.0,1.0,,,,,
1789040960.3248,collate,2,0,29667,,,,,,66.276,66.095,,5.0,1.0,,,,,
1789040963.1018,collate,2,0,29667,,,,,,46.088,45.944,,6.0,1.0,,,,,
1789040965.489,collate,2,0,29667,,,,,,117.438,117.153,,6.0,1.0,,,,,
1789040967.524,collate,2,0,29667,,,,,,37.828,37.712,,5.0,1.0,,,,,
1789040970.5075,collate,2,0,29667,,,,,,25.464,25.42,,8.0,1.0,,,,,
1789040972.5338,collate,2,0,29667,,,,,,42.91,42.814,,5.0,1.0,,,,,
1789040974.9306,collate,2,0,29667,,,,,,96.622,96.369,,5.0,1.0,,,,,
1789040977.5604,collate,2,0,29667,,,,,,29.198,29.133,,6.0,1.0,,,,,
1789040979.8691,collate,2,0,29667,,,,,,50.147,49.942,,6.0,1.0,,,,,
1789040982.8181,collate,2,0,29667,,,,,,35.912,35.799,,5.0,1.0,,,,,
1789040984.6659,collate,2,0,29667,,,,,,46.885,46.779,,4.0,1.0,,,,,
1789040987.2594,collate,2,0,29667,,,,,,52.642,52.48,,6.0,1.0,,,,,
1789040989.2893,collate,2,0,29667,,,,,,31.588,31.478,,5.0,1.0,,,,,
1789040991.2408,collate,2,0,29667,,,,,,25.767,25.665,,4.0,1.0,,,,,
1789040993.7645,collate,2,0,29667,,,,,,45.941,45.815,,6.0,1.0,,,,,
1789040995.8525,collate,2,0,29667,,,,,,41.598,41.463,,4.0,1.0,,,,,
1789040997.8544,collate,2,0,29667,,,,,,24.75,24.708,,4.0,1.0,,,,,
1789040999.6179,collate,2,0,29667,,,,,,49.221,49.136,,4.0,1.0,,,,,
1789041001.8682,collate,2,0,29667,,,,,,46.512,46.276,,6.0,1.0,,,,,
1789041004.5343,collate,2,0,29667,,,,,,31.171,31.058,,6.0,1.0,,,,,
1789041007.1416,collate,2,0,29667,,,,,,52.107,51.921,,6.0,1.0,,,,,
1789041009.3248,collate,2,0,29667,,,,,,35.052,34.944,,5.0,1.0,,,,,
1789041010.9295,collate,2,0,29667,,,,,,72.194,71.929,,3.0,1.0,,,,,
1789041013.0928,collate,2,0,29667,,,,,,56.51,56.414,,5.0,1.0,,,,,
1789041015.3977,collate,2,0,29667,,,,,,74.274,74.109,,6.0,1.0,,,,,
1789041018.2265,collate,2,0,29667,,,,,,56.543,56.461,,7.0,1.0,,,,,
1789041020.7335,collate,2,0,29667,,,,,,88.106,87.928,,6.0,1.0,,,,,
1789041023.6896,collate,2,0,29667,,,,,,70.339,70.189,,7.0,1.0,,,,,
1789041025.4035,collate,2,0,29667,,,,,,30.566,30.48,,4.0,1.0,,,,,
1789041027.2846,collate,2,0,29667,,,,,,43.852,43.784,,6.0,1.0,,,,,
1789041030.6117,collate,2,0,29667,,,,,,79.783,79.544,,7.0,1.0,,,,,
1789041033.1509,collate,2,0,29667,,,,,,36.231,36.183,,6.0,1.0,,,,,
1789041035.837,collate,2,0,29667,,,,,,51.367,51.184,,6.0,1.0,,,,,
1789041038.5327,collate,2,0,29667,,,,,,38.504,38.37,,6.0,1.0,,,,,
1789041041.2879,collate,2,0,29667,,,,,,24.614,24.512,,6.0,1.0,,,,,
1789041043.9817,collate,2,0,29667,,,,,,76.661,76.505,,6.0,1.0,,,,,
1789041046.5303,collate,2,0,29667,,,,,,65.45,65.239,,6.0,1.0,,,,,
1789041048.8448,collate,2,0,29667,,,,,,28.012,27.963,,5.0,1.0,,,,,
1789041051.1048,collate,2,0,29667,,,,,,53.751,53.581,,6.0,1.0,,,,,
1789041053.7214,collate,2,0,29667,,,,,,39.724,39.658,,5.0,1.0,,,,,
1789041056.7234,collate,2,0,29667,,,,,,22.755,22.703,,8.0,1.0,,,,,
1789041059.3646,collate,2,0,29667,,,,,,51.077,50.895,,7.0,1.0,,,,,
1789041061.7055,collate,2,0,29667,,,,,,235.535,234.918,,5.0,1.0,,,,,
1789041063.8657,collate,2,0,29667,,,,,,77.467,77.336,,5.0,1.0,,,,,
1789041066.7695,collate,2,0,29667,,,,,,65.777,65.643,,6.0,1.0,,,,,
1789041069.1164,collate,2,0,29667,,,,,,43.808,43.711,,5.0,1.0,,,,,
1789041070.9794,collate,2,0,29667,,,,,,41.405,41.318,,4.0,1.0,,,,,
1789041073.4607,collate,2,0,29667,,,,,,49.025,48.951,,6.0,1.0,,,,,
1789041076.4634,collate,2,0,29667,,,,,,24.024,23.984,,8.0,1.0,,,,,
1789041078.1772,collate,2,0,29667,,,,,,26.179,26.128,,4.0,1.0,,,,,
1789041080.6372,collate,2,0,29667,,,,,,51.934,51.824,,6.0,1.0,,,,,
1789041083.0861,collate,2,0,29667,,,,,,150.611,150.357,,6.0,1.0,,,,,
1789041085.0463,collate,2,0,29667,,,,,,58.202,58.106,,5.0,1.0,,,,,
1789041091.1199,collate,2,1,30307,,,,,,74.498,74.359,,5.0,1.0,,,,,
1789041093.1176,collate,2,1,30307,,,,,,37.14,37.086,,5.0,1.0,,,,,
1789041095.5276,collate,2,1,30307,,,,,,76.047,75.829,,7.0,1.0,,,,,
1789041098.2523,collate,2,1,30307,,,,,,45.63,45.513,,7.0,1.0,,,,,
1789041100.8131,collate,2,1,30307,,,,,,34.005,33.924,,7.0,1.0,,,,,
1789041103.1475,collate,2,1,30307,,,,,,35.164,35.087,,6.0,1.0,,,,,
1789041104.9337,collate,2,1,30307,,,,,,36.185,36.145,,5.0,1.0,,,,,
1789041107.2401,collate,2,1,30307,,,,,,36.385,36.242,,6.0,1.0,,,,,
1789041109.222,collate,2,1,30307,,,,,,33.059,32.943,,5.0,1.0,,,,,
1789041111.4398,collate,2,1,30307,,,,,,53.212,53.106,,6.0,1.0,,,,,
1789041113.2083,collate,2,1,30307,,,,,,34.559,34.504,,5.0,1.0,,,,,
1789041115.8429,collate,2,1,30307,,,,,,105.539,105.187,,6.0,1.0,,,,,
1789041118.9784,collate,2,1,30307,,,,,,69.712,69.531,,8.0,1.0,,,,,
1789041121.6347,collate,2,1,30307,,,,,,44.613,44.515,,6.0,1.0,,,,,
1789041124.3202,collate,2,1,30307,,,,,,221.507,220.914,,7.0,1.0,,,,,
1789041126.3223,collate,2,1,30307,,,,,,163.305,162.798,,5.0,1.0,,,,,
1789041128.4702,collate,2,1,30307,,,,,,47.276,47.179,,5.0,1.0,,,,,
1789041130.6216,collate,2,1,30307,,,,,,146.24,145.823,,5.0,1.0,,,,,
1789041133.2916,collate,2,1,30307,,,,,,42.506,42.421,,8.0,1.0,,,,,
1789041134.4412,collate,2,1,30307,,,,,,27.566,27.529,,2.0,1.0,,,,,
1789041137.2695,collate,2,1,30307,,,,,,328.438,326.269,,7.0,1.0,,,,,
1789041139.6309,collate,2,1,30307,,,,,,181.014,180.524,,6.0,1.0,,,,,
1789041141.3884,collate,2,1,30307,,,,,,92.91,92.656,,4.0,1.0,,,,,
1789041143.6295,collate,2,1,30307,,,,,,185.513,185.181,,5.0,1.0,,,,,
1789041145.9243,collate,2,1,30307,,,,,,43.574,43.448,,6.0,1.0,,,,,
1789041148.0689,collate,2,1,30307,,,,,,327.883,327.285,,5.0,1.0,,,,,
1789041149.7921,collate,2,1,30307,,,,,,140.281,140.03,,4.0,1.0,,,,,
1789041151.6414,collate,2,1,30307,,,,,,35.02,34.952,,5.0,1.0,,,,,
1789041153.6201,collate,2,1,30307,,,,,,34.405,34.325,,5.0,1.0,,,,,
1789041155.8844,collate,2,1,30307,,,,,,40.189,39.95,,6.0,1.0,,,,,
1789041158.7147,collate,2,1,30307,,,,,,31.386,31.066,,8.0,1.0,,,,,
1789041160.8105,collate,2,1,30307,,,,,,54.554,54.072,,6.0,1.0,,,,,
1789041162.9424,collate,2,1,30307,,,,,,31.558,31.486,,6.0,1.0,,,,,
1789041165.4806,collate,2,1,30307,,,,,,39.537,39.452,,7.0,1.0,,,,,
1789041167.7003,collate,2,1,30307,,,,,,32.535,32.477,,6.0,1.0,,,,,
1789041170.091,collate,2,1,30307,,,,,,44.777,44.702,,6.0,1.0,,,,,
1789041172.3459,collate,2,1,30307,,,,,,34.438,34.401,,6.0,1.0,,,,,
1789041174.352,collate,2,1,30307,,,,,,59.638,59.541,,5.0,1.0,,,,,
1789041176.7207,collate,2,1,30307,,,,,,34.244,34.159,,6.0,1.0,,,,,
1789041179.0848,collate,2,1,30307,,,,,,37.841,37.542,,7.0,1.0,,,,,
1789041180.8757,collate,2,1,30307,,,,,,32.041,31.644,,5.0,1.0,,,,,
1789041183.313,collate,2,1,30307,,,,,,50.325,49.763,,6.0,1.0,,,,,
1789041185.5005,collate,2,1,30307,,,,,,47.204,46.83,,6.0,1.0,,,,,
1789041188.1108,collate,2,1,30307,,,,,,49.477,49.013,,7.0,1.0,,,,,
1789041190.1665,collate,2,1,30307,,,,,,49.181,48.668,,6.0,1.0,,,,,
1789041192.4429,collate,2,1,30307,,,,,,42.915,42.846,,7.0,1.0,,,,,
1789041194.652,collate,2,1,30307,,,,,,34.096,33.774,,6.0,1.0,,,,,
1789041196.8117,collate,2,1,30307,,,,,,31.437,31.172,,6.0,1.0,,,,,
1789041198.9771,collate,2,1,30307,,,,,,47.01,46.895,,6.0,1.0,,,,,
1789041201.7404,collate,2,1,30307,,,,,,50.403,50.294,,7.0,1.0,,,,,
1789041204.2385,collate,2,1,30307,,,,,,33.152,33.049,,7.0,1.0,,,,,
1789041206.6049,collate,2,1,30307,,,,,,46.541,46.391,,6.0,1.0,,,,,
1789041208.616,collate,2,1,30307,,,,,,35.729,35.301,,5.0,1.0,,,,,
1789041210.5596,collate,2,1,30307,,,,,,33.178,33.063,,5.0,1.0,,,,,
1789041212.4868,collate,2,1,30307,,,,,,29.282,29.224,,5.0,1.0,,,,,
1789041213.8372,collate,2,1,30307,,,,,,38.341,38.236,,4.0,1.0,,,,,
1789041216.0207,collate,2,1,30307,,,,,,73.287,73.133,,6.0,1.0,,,,,
1789041218.1591,collate,2,1,30307,,,,,,41.824,41.739,,7.0,1.0,,,,,
1789041220.2909,collate,2,1,30307,,,,,,45.413,45.358,,6.0,1.0,,,,,
1789041222.1414,collate,2,1,30307,,,,,,42.969,42.851,,5.0,1.0,,,,,
1789041224.1182,collate,2,1,30307,,,,,,30.699,30.367,,5.0,1.0,,,,,
1789041226.2715,collate,2,1,30307,,,,,,31.4,31.307,,5.0,1.0,,,,,
1789041229.2841,collate,2,1,30307,,,,,,52.06,51.697,,8.0,1.0,,,,,
1789041231.3937,collate,2,1,30307,,,,,,40.738,40.63,,6.0,1.0,,,,,
1789041233.5026,collate,2,1,30307,,,,,,31.992,31.912,,6.0,1.0,,,,,
1789041235.6624,collate,2,1,30307,,,,,,31.339,31.038,,6.0,1.0,,,,,
1789041237.8316,collate,2,1,30307,,,,,,33.159,33.08,,5.0,1.0,,,,,
1789041239.96,collate,2,1,30307,,,,,,30.587,30.551,,5.0,1.0,,,,,
1789041240.9812,collate,2,1,30307,,,,,,50.287,50.117,,2.0,1.0,,,,,
1789041243.8456,collate,2,1,30307,,,,,,53.234,53.056,,8.0,1.0,,,,,
1789041245.706,collate,2,1,30307,,,,,,34.135,34.042,,5.0,1.0,,,,,
1789041247.7444,collate,2,1,30307,,,,,,38.593,38.496,,5.0,1.0,,,,,
1789041249.7911,collate,2,1,30307,,,,,,32.495,32.212,,5.0,1.0,,,,,
1789041251.981,collate,2,1,30307,,,,,,30.103,29.817,,6.0,1.0,,,,,
1789041253.8325,collate,2,1,30307,,,,,,29.927,29.863,,5.0,1.0,,,,,
1789041256.4283,collate,2,1,30307,,,,,,53.39,52.917,,7.0,1.0,,,,,
1789041259.0616,collate,2,1,30307,,,,,,36.179,36.119,,7.0,1.0,,,,,
1789041261.1454,collate,2,1,30307,,,,,,33.6,33.21,,7.0,1.0,,,,,
1789041262.8583,collate,2,1,30307,,,,,,33.301,33.025,,4.0,1.0,,,,,
1789041264.718,collate,2,1,30307,,,,,,36.813,36.76,,5.0,1.0,,,,,
1789041267.3336,collate,2,1,30307,,,,,,31.792,31.736,,8.0,1.0,,,,,
1789041269.4503,collate,2,1,30307,,,,,,35.981,35.9,,6.0,1.0,,,,,
1789041271.6949,collate,2,1,30307,,,,,,45.754,45.281,,6.0,1.0,,,,,
1789041273.5281,collate,2,1,30307,,,,,,49.271,49.161,,4.0,1.0,,,,,
1789041275.5674,collate,2,1,30307,,,,,,42.828,42.365,,5.0,1.0,,,,,
1789041277.426,collate,2,1,30307,,,,,,34.847,34.79,,5.0,1.0,,,,,
1789041279.6955,collate,2,1,30307,,,,,,32.24,32.179,,7.0,1.0,,,,,
1789041282.1016,collate,2,1,30307,,,,,,47.594,47.103,,7.0,1.0,,,,,
1789041284.4466,collate,2,1,30307,,,,,,44.68,44.617,,7.0,1.0,,,,,
1789041286.2047,collate,2,1,30307,,,,,,46.117,45.973,,4.0,1.0,,,,,
1789041287.9882,collate,2,1,30307,,,,,,34.969,34.8,,5.0,1.0,,,,,
1789041290.5135,collate,2,1,30307,,,,,,46.702,46.55,,6.0,1.0,,,,,
1789041292.2115,collate,2,1,30307,,,,,,32.214,32.121,,5.0,1.0,,,,,
1789041294.7476,collate,2,1,30307,,,,,,49.629,49.542,,7.0,1.0,,,,,
1789041296.3266,collate,2,1,30307,,,,,,75.515,75.155,,5.0,1.0,,,,,
1789041298.6075,collate,2,1,30307,,,,,,49.025,48.933,,5.0,1.0,,,,,
1789041300.4511,collate,2,1,30307,,,,,,35.942,35.89,,5.0,1.0,,,,,
1789041302.3665,collate,2,1,30307,,,,,,46.628,46.537,,5.0,1.0,,,,,
1789041304.858,collate,2,1,30307,,,,,,35.227,35.154,,6.0,1.0,,,,,
1789041306.9456,collate,2,1,30307,,,,,,30.762,30.675,,6.0,1.0,,,,,
1789041308.4485,collate,2,1,30307,,,,,,44.313,44.223,,4.0,1.0,,,,,
1789041311.0201,collate,2,1,30307,,,,,,267.14,266.443,,7.0,1.0,,,,,
1789041312.6336,collate,2,1,30307,,,,,,156.732,156.418,,4.0,1.0,,,,,
1789041314.4652,collate,2,1,30307,,,,,,50.189,50.07,,5.0,1.0,,,,,
1789041316.7281,collate,2,1,30307,,,,,,62.967,62.803,,6.0,1.0,,,,,
1789041318.9068,collate,2,1,30307,,,,,,45.177,45.062,,6.0,1.0,,,,,
1789041321.1366,collate,2,1,30307,,,,,,34.5,34.44,,6.0,1.0,,,,,
1789041323.1352,collate,2,1,30307,,,,,,52.323,52.233,,6.0,1.0,,,,,
1789041325.2589,collate,2,1,30307,,,,,,86.908,86.51,,6.0,1.0,,,,,
1789041327.3808,collate,2,1,30307,,,,,,39.036,38.925,,6.0,1.0,,,,,
1789041329.5797,collate,2,1,30307,,,,,,43.234,43.091,,5.0,1.0,,,,,
1789041331.9689,collate,2,1,30307,,,,,,37.827,37.767,,7.0,1.0,,,,,
1789041334.0047,collate,2,1,30307,,,,,,35.181,35.118,,6.0,1.0,,,,,
1789041335.8379,collate,2,1,30307,,,,,,32.315,32.262,,6.0,1.0,,,,,
1789041337.872,collate,2,1,30307,,,,,,113.628,113.458,,7.0,1.0,,,,,
1789041338.5236,collate,2,1,30307,,,,,,119.293,119.094,,2.0,1.0,,,,,
1789039866.4706,collate,2,1,29681,,,,,,69.002,68.847,,6.0,1.0,,,,,
1789039868.4911,collate,2,1,29681,,,,,,63.454,63.34,,4.0,1.0,,,,,
1789039871.2003,collate,2,1,29681,,,,,,31.61,31.47,,6.0,1.0,,,,,
1789039873.3268,collate,2,1,29681,,,,,,57.692,57.605,,5.0,1.0,,,,,
1789039875.533,collate,2,1,29681,,,,,,43.286,43.209,,5.0,1.0,,,,,
1789039877.0525,collate,2,1,29681,,,,,,50.144,50.083,,4.0,1.0,,,,,
1789039879.8512,collate,2,1,29681,,,,,,49.059,48.857,,6.0,1.0,,,,,
1789039882.0501,collate,2,1,29681,,,,,,54.558,54.374,,5.0,1.0,,,,,
1789039884.3735,collate,2,1,29681,,,,,,40.724,40.662,,6.0,1.0,,,,,
1789039886.661,collate,2,1,29681,,,,,,51.453,51.223,,6.0,1.0,,,,,
1789039889.6927,collate,2,1,29681,,,,,,38.278,38.228,,8.0,1.0,,,,,
1789039892.1012,collate,2,1,29681,,,,,,49.948,49.882,,7.0,1.0,,,,,
1789039894.0245,collate,2,1,29681,,,,,,50.378,50.288,,5.0,1.0,,,,,
1789039896.0231,collate,2,1,29681,,,,,,56.816,56.749,,3.0,1.0,,,,,
1789039898.9535,collate,2,1,29681,,,,,,45.971,45.859,,7.0,1.0,,,,,
1789039901.6071,collate,2,1,29681,,,,,,52.461,52.37,,7.0,1.0,,,,,
1789039903.5295,collate,2,1,29681,,,,,,54.668,54.595,,4.0,1.0,,,,,
1789039906.5649,collate,2,1,29681,,,,,,51.92,51.806,,8.0,1.0,,,,,
1789039908.8757,collate,2,1,29681,,,,,,22.573,22.554,,6.0,1.0,,,,,
1789039910.9726,collate,2,1,29681,,,,,,24.255,24.19,,5.0,1.0,,,,,
1789039913.5918,collate,2,1,29681,,,,,,46.783,46.66,,6.0,1.0,,,,,
1789039915.5766,collate,2,1,29681,,,,,,36.509,36.414,,4.0,1.0,,,,,
1789039917.2832,collate,2,1,29681,,,,,,45.897,45.819,,4.0,1.0,,,,,
1789039919.8323,collate,2,1,29681,,,,,,28.385,28.34,,6.0,1.0,,,,,
1789039921.8687,collate,2,1,29681,,,,,,46.733,46.648,,5.0,1.0,,,,,
1789039924.1812,collate,2,1,29681,,,,,,43.59,43.514,,5.0,1.0,,,,,
1789039926.1021,collate,2,1,29681,,,,,,53.393,53.307,,4.0,1.0,,,,,
1789039928.8308,collate,2,1,29681,,,,,,38.652,38.588,,7.0,1.0,,,,,
1789039931.3309,collate,2,1,29681,,,,,,47.164,46.978,,7.0,1.0,,,,,
1789039933.7478,collate,2,1,29681,,,,,,67.394,67.281,,6.0,1.0,,,,,
1789039936.2994,collate,2,1,29681,,,,,,55.057,54.957,,6.0,1.0,,,,,
1789039938.5805,collate,2,1,29681,,,,,,38.287,38.212,,5.0,1.0,,,,,
1789039941.3263,collate,2,1,29681,,,,,,52.12,51.947,,6.0,1.0,,,,,
1789039943.4871,collate,2,1,29681,,,,,,42.819,42.651,,5.0,1.0,,,,,
1789039945.9525,collate,2,1,29681,,,,,,50.754,50.497,,6.0,1.0,,,,,
1789039947.9804,collate,2,1,29681,,,,,,48.154,47.953,,5.0,1.0,,,,,
1789039949.7669,collate,2,1,29681,,,,,,28.735,28.67,,4.0,1.0,,,,,
1789039952.2439,collate,2,1,29681,,,,,,44.856,44.795,,6.0,1.0,,,,,
1789039954.7098,collate,2,1,29681,,,,,,59.981,59.901,,6.0,1.0,,,,,
1789039956.8878,collate,2,1,29681,,,,,,53.131,53.004,,6.0,1.0,,,,,
1789039959.0582,collate,2,1,29681,,,,,,36.957,36.899,,5.0,1.0,,,,,
1789039961.5454,collate,2,1,29681,,,,,,48.457,48.307,,6.0,1.0,,,,,
1789039964.1588,collate,2,1,29681,,,,,,25.938,25.894,,7.0,1.0,,,,,
1789039966.3777,collate,2,1,29681,,,,,,35.927,35.854,,5.0,1.0,,,,,
1789039968.6744,collate,2,1,29681,,,,,,47.734,47.643,,5.0,1.0,,,,,
1789039970.4489,collate,2,1,29681,,,,,,36.759,36.707,,4.0,1.0,,,,,
1789039972.5122,collate,2,1,29681,,,,,,53.46,53.356,,5.0,1.0,,,,,
1789039974.4901,collate,2,1,29681,,,,,,55.529,55.466,,5.0,1.0,,,,,
1789039977.176,collate,2,1,29681,,,,,,48.749,48.667,,7.0,1.0,,,,,
1789039979.9422,collate,2,1,29681,,,,,,38.409,38.259,,8.0,1.0,,,,,
1789039982.2234,collate,2,1,29681,,,,,,54.042,53.968,,6.0,1.0,,,,,
1789039984.0708,collate,2,1,29681,,,,,,45.777,45.708,,5.0,1.0,,,,,
1789039986.8994,collate,2,1,29681,,,,,,53.625,53.529,,7.0,1.0,,,,,
1789039989.1894,collate,2,1,29681,,,,,,48.049,47.858,,6.0,1.0,,,,,
1789039991.7298,collate,2,1,29681,,,,,,28.569,28.503,,6.0,1.0,,,,,
1789039994.0504,collate,2,1,29681,,,,,,38.528,38.42,,6.0,1.0,,,,,
1789039996.5232,collate,2,1,29681,,,,,,43.475,43.356,,7.0,1.0,,,,,
1789039999.0706,collate,2,1,29681,,,,,,87.77,87.625,,6.0,1.0,,,,,
1789040002.1445,collate,2,1,29681,,,,,,148.898,148.648,,7.0,1.0,,,,,
1789040004.5043,collate,2,1,29681,,,,,,98.221,98.075,,5.0,1.0,,,,,
1789040007.0751,collate,2,1,29681,,,,,,40.483,40.403,,7.0,1.0,,,,,
1789040009.6965,collate,2,1,29681,,,,,,46.014,45.934,,6.0,1.0,,,,,
1789040011.4616,collate,2,1,29681,,,,,,87.795,87.64,,4.0,1.0,,,,,
1789040013.8658,collate,2,1,29681,,,,,,169.952,169.674,,6.0,1.0,,,,,
1789040016.1943,collate,2,1,29681,,,,,,50.445,50.214,,5.0,1.0,,,,,
1789040018.2212,collate,2,1,29681,,,,,,93.788,93.592,,5.0,1.0,,,,,
1789040021.0352,collate,2,1,29681,,,,,,37.165,37.109,,6.0,1.0,,,,,
1789040023.5177,collate,2,1,29681,,,,,,35.703,35.635,,6.0,1.0,,,,,
1789040025.6441,collate,2,1,29681,,,,,,180.292,179.911,,5.0,1.0,,,,,
1789040027.8525,collate,2,1,29681,,,,,,45.65,45.591,,5.0,1.0,,,,,
1789040030.4663,collate,2,1,29681,,,,,,31.369,31.302,,7.0,1.0,,,,,
1789040032.5569,collate,2,1,29681,,,,,,156.739,156.444,,4.0,1.0,,,,,
1789040035.1955,collate,2,1,29681,,,,,,55.686,55.594,,6.0,1.0,,,,,
1789040037.552,collate,2,1,29681,,,,,,24.665,24.644,,6.0,1.0,,,,,
1789040039.755,collate,2,1,29681,,,,,,51.349,51.269,,5.0,1.0,,,,,
1789040041.9802,collate,2,1,29681,,,,,,30.362,30.319,,6.0,1.0,,,,,
1789040044.7188,collate,2,1,29681,,,,,,38.623,38.555,,7.0,1.0,,,,,
1789040047.3859,collate,2,1,29681,,,,,,50.423,50.336,,8.0,1.0,,,,,
1789040049.7913,collate,2,1,29681,,,,,,88.277,88.138,,6.0,1.0,,,,,
1789040051.8106,collate,2,1,29681,,,,,,38.497,38.393,,5.0,1.0,,,,,
1789040053.9399,collate,2,1,29681,,,,,,130.797,130.595,,5.0,1.0,,,,,
1789040056.1788,collate,2,1,29681,,,,,,42.189,42.094,,6.0,1.0,,,,,
1789040058.8014,collate,2,1,29681,,,,,,29.326,29.277,,6.0,1.0,,,,,
1789040060.9928,collate,2,1,29681,,,,,,34.072,34.016,,6.0,1.0,,,,,
1789040063.0657,collate,2,1,29681,,,,,,86.614,86.482,,5.0,1.0,,,,,
1789040065.1883,collate,2,1,29681,,,,,,35.366,35.311,,5.0,1.0,,,,,
1789040067.3257,collate,2,1,29681,,,,,,23.142,22.933,,6.0,1.0,,,,,
1789040069.6525,collate,2,1,29681,,,,,,71.804,71.677,,5.0,1.0,,,,,
1789040071.572,collate,2,1,29681,,,,,,48.531,48.403,,5.0,1.0,,,,,
1789040073.8347,collate,2,1,29681,,,,,,49.326,49.245,,4.0,1.0,,,,,
1789040076.855,collate,2,1,29681,,,,,,26.52,26.465,,8.0,1.0,,,,,
1789040080.5116,collate,2,1,29681,,,,,,35.451,35.384,,9.0,1.0,,,,,
1789040083.1001,collate,2,1,29681,,,,,,55.829,55.742,,7.0,1.0,,,,,
1789040085.5017,collate,2,1,29681,,,,,,22.687,22.657,,6.0,1.0,,,,,
1789040087.0104,collate,2,1,29681,,,,,,113.175,113.009,,2.0,1.0,,,,,
1789040089.7244,collate,2,1,29681,,,,,,52.283,52.187,,7.0,1.0,,,,,
1789040092.6832,collate,2,1,29681,,,,,,27.033,26.999,,8.0,1.0,,,,,
1789040094.5077,collate,2,1,29681,,,,,,21.176,21.138,,5.0,1.0,,,,,
1789040097.0638,collate,2,1,29681,,,,,,20.864,20.841,,6.0,1.0,,,,,
1789040099.3452,collate,2,1,29681,,,,,,76.9,76.713,,5.0,1.0,,,,,
1789040101.2583,collate,2,1,29681,,,,,,45.997,45.917,,4.0,1.0,,,,,
1789040103.1787,collate,2,1,29681,,,,,,23.687,23.64,,5.0,1.0,,,,,
1789040105.8307,collate,2,1,29681,,,,,,57.938,57.814,,6.0,1.0,,,,,
1789040107.7139,collate,2,1,29681,,,,,,36.726,36.668,,5.0,1.0,,,,,
1789040109.9333,collate,2,1,29681,,,,,,24.383,24.342,,5.0,1.0,,,,,
1789040113.0903,collate,2,1,29681,,,,,,49.716,49.636,,9.0,1.0,,,,,
1789040116.204,collate,2,1,29681,,,,,,40.966,40.85,,8.0,1.0,,,,,
1789040118.9347,collate,2,1,29681,,,,,,23.47,23.423,,7.0,1.0,,,,,
1789040121.452,collate,2,1,29681,,,,,,41.206,41.084,,6.0,1.0,,,,,
1789040123.7534,collate,2,1,29681,,,,,,34.537,34.466,,7.0,1.0,,,,,
1789040125.2217,collate,2,1,29681,,,,,,34.282,34.231,,3.0,1.0,,,,,
1789040127.2789,collate,2,1,29681,,,,,,49.345,49.267,,5.0,1.0,,,,,
1789040129.2894,collate,2,1,29681,,,,,,32.626,32.544,,5.0,1.0,,,,,
1789040130.984,collate,2,1,29681,,,,,,31.137,31.082,,4.0,1.0,,,,,
1789040133.1811,collate,2,1,29681,,,,,,89.094,88.899,,4.0,1.0,,,,,
1789040135.7095,collate,2,1,29681,,,,,,46.683,46.61,,6.0,1.0,,,,,
1789040137.8613,collate,2,1,29681,,,,,,27.03,26.987,,5.0,1.0,,,,,
1789040140.2041,collate,2,1,29681,,,,,,51.084,50.988,,5.0,1.0,,,,,
1789040142.5516,collate,2,1,29681,,,,,,22.109,22.083,,6.0,1.0,,,,,
1789040145.0715,collate,2,1,29681,,,,,,26.22,26.186,,7.0,1.0,,,,,
1789040147.2774,collate,2,1,29681,,,,,,23.2,23.167,,6.0,1.0,,,,,
1789040149.5742,collate,2,1,29681,,,,,,50.137,50.069,,6.0,1.0,,,,,
1789040151.6273,collate,2,1,29681,,,,,,36.686,36.616,,6.0,1.0,,,,,
1789040153.6555,collate,2,1,29681,,,,,,26.72,26.665,,5.0,1.0,,,,,
1789040156.0906,collate,2,1,29681,,,,,,49.786,49.694,,5.0,1.0,,,,,
1789040158.2107,collate,2,1,29681,,,,,,44.013,43.927,,6.0,1.0,,,,,
1789040161.0055,collate,2,1,29681,,,,,,64.037,63.867,,7.0,1.0,,,,,
1789040163.5684,collate,2,1,29681,,,,,,61.068,60.923,,6.0,1.0,,,,,
1789040165.5537,collate,2,1,29681,,,,,,29.288,29.222,,5.0,1.0,,,,,
1789040168.3673,collate,2,1,29681,,,,,,24.059,24.015,,6.0,1.0,,,,,
1789040170.7339,collate,2,1,29681,,,,,,48.265,48.189,,5.0,1.0,,,,,
1789040172.6123,collate,2,1,29681,,,,,,34.776,34.736,,4.0,1.0,,,,,
1789040174.9337,collate,2,1,29681,,,,,,32.671,32.61,,4.0,1.0,,,,,
1789040177.3189,collate,2,1,29681,,,,,,23.382,23.339,,5.0,1.0,,,,,
1789040179.572,collate,2,1,29681,,,,,,48.384,48.329,,5.0,1.0,,,,,
1789040181.9394,collate,2,1,29681,,,,,,58.325,58.185,,6.0,1.0,,,,,
1789040184.6507,collate,2,1,29681,,,,,,27.299,27.247,,6.0,1.0,,,,,
1789040186.7919,collate,2,1,29681,,,,,,49.11,48.992,,5.0,1.0,,,,,
1789040188.908,collate,2,1,29681,,,,,,40.192,40.062,,5.0,1.0,,,,,
1789040191.119,collate,2,1,29681,,,,,,27.665,27.591,,5.0,1.0,,,,,
1789040193.7056,collate,2,1,29681,,,,,,48.493,48.425,,6.0,1.0,,,,,
1789040196.2699,collate,2,1,29681,,,,,,26.329,26.266,,6.0,1.0,,,,,
1789040198.4287,collate,2,1,29681,,,,,,40.847,40.777,,5.0,1.0,,,,,
1789040201.0447,collate,2,1,29681,,,,,,32.106,32.05,,7.0,1.0,,,,,
1789040203.5284,collate,2,1,29681,,,,,,50.561,50.472,,7.0,1.0,,,,,
1789040205.7825,collate,2,1,29681,,,,,,62.806,62.709,,6.0,1.0,,,,,
1789040207.7795,collate,2,1,29681,,,,,,25.629,25.594,,6.0,1.0,,,,,
1789040209.9754,collate,2,1,29681,,,,,,48.748,48.687,,5.0,1.0,,,,,
1789040212.1895,collate,2,1,29681,,,,,,25.69,25.655,,6.0,1.0,,,,,
1789040215.1709,collate,2,1,29681,,,,,,44.478,44.396,,7.0,1.0,,,,,
1789040217.8525,collate,2,1,29681,,,,,,24.856,24.826,,7.0,1.0,,,,,
1789040219.9381,collate,2,1,29681,,,,,,49.002,48.899,,5.0,1.0,,,,,
1789040222.371,collate,2,1,29681,,,,,,35.932,35.88,,6.0,1.0,,,,,
1789040224.6939,collate,2,1,29681,,,,,,26.206,26.153,,6.0,1.0,,,,,
1789040227.4763,collate,2,1,29681,,,,,,48.851,48.773,,7.0,1.0,,,,,
1789040230.0242,collate,2,1,29681,,,,,,39.462,39.403,,7.0,1.0,,,,,
1789040232.0709,collate,2,1,29681,,,,,,44.686,44.614,,5.0,1.0,,,,,
1789040234.448,collate,2,1,29681,,,,,,49.316,49.246,,6.0,1.0,,,,,
1789040237.85,collate,2,1,29681,,,,,,54.554,54.469,,7.0,1.0,,,,,
1789040240.0675,collate,2,1,29681,,,,,,24.266,24.233,,6.0,1.0,,,,,
1789040242.4285,collate,2,1,29681,,,,,,47.879,47.819,,5.0,1.0,,,,,
1789040245.0766,collate,2,1,29681,,,,,,31.285,31.225,,8.0,1.0,,,,,
1789040247.8596,collate,2,1,29681,,,,,,41.563,41.482,,7.0,1.0,,,,,
1789040249.8768,collate,2,1,29681,,,,,,28.523,28.477,,4.0,1.0,,,,,
1789040251.656,collate,2,1,29681,,,,,,37.417,37.368,,5.0,1.0,,,,,
1789040254.0462,collate,2,1,29681,,,,,,38.497,38.445,,6.0,1.0,,,,,
1789040256.2043,collate,2,1,29681,,,,,,34.813,34.709,,6.0,1.0,,,,,
1789040259.0512,collate,2,1,29681,,,,,,67.428,67.322,,7.0,1.0,,,,,
1789040261.7547,collate,2,1,29681,,,,,,53.129,53.022,,6.0,1.0,,,,,
1789040263.8329,collate,2,1,29681,,,,,,26.189,26.147,,5.0,1.0,,,,,
1789040266.6258,collate,2,1,29681,,,,,,48.974,48.9,,7.0,1.0,,,,,
1789040269.2475,collate,2,1,29681,,,,,,29.634,29.582,,6.0,1.0,,,,,
1789040271.6183,collate,2,1,29681,,,,,,32.63,32.583,,6.0,1.0,,,,,
1789040273.7123,collate,2,1,29681,,,,,,35.22,35.163,,5.0,1.0,,,,,
1789040275.9575,collate,2,1,29681,,,,,,50.247,50.135,,5.0,1.0,,,,,
1789040278.619,collate,2,1,29681,,,,,,39.354,39.293,,7.0,1.0,,,,,
1789040281.3635,collate,2,1,29681,,,,,,22.528,22.495,,6.0,1.0,,,,,
1789040284.4308,collate,2,1,29681,,,,,,77.553,77.445,,7.0,1.0,,,,,
1789040286.7718,collate,2,1,29681,,,,,,26.679,26.638,,6.0,1.0,,,,,
1789040289.5843,collate,2,1,29681,,,,,,37.11,37.045,,7.0,1.0,,,,,
1789040292.1136,collate,2,1,29681,,,,,,53.317,53.212,,6.0,1.0,,,,,
1789040294.5835,collate,2,1,29681,,,,,,27.907,27.86,,6.0,1.0,,,,,
1789040296.8359,collate,2,1,29681,,,,,,27.968,27.902,,5.0,1.0,,,,,
1789040298.5652,collate,2,1,29681,,,,,,31.708,31.649,,4.0,1.0,,,,,
1789040302.3118,collate,2,1,29681,,,,,,52.217,52.131,,6.0,1.0,,,,,
1789040304.4911,collate,2,1,29681,,,,,,46.353,46.265,,5.0,1.0,,,,,
1789040307.452,collate,2,1,29681,,,,,,23.871,23.845,,6.0,1.0,,,,,
1789040308.9659,collate,2,1,29681,,,,,,46.334,46.246,,4.0,1.0,,,,,
1789040311.6969,collate,2,1,29681,,,,,,88.282,88.139,,8.0,1.0,,,,,
1789040314.8639,collate,2,1,29681,,,,,,84.574,84.475,,6.0,1.0,,,,,
1789040316.9997,collate,2,1,29681,,,,,,24.452,24.418,,6.0,1.0,,,,,
1789040318.7627,collate,2,1,29681,,,,,,37.258,37.159,,4.0,1.0,,,,,
1789040321.0794,collate,2,1,29681,,,,,,43.259,43.116,,6.0,1.0,,,,,
1789040323.9893,collate,2,1,29681,,,,,,53.548,53.431,,6.0,1.0,,,,,
1789040326.1512,collate,2,1,29681,,,,,,41.385,41.257,,5.0,1.0,,,,,
1789040328.9632,collate,2,1,29681,,,,,,27.148,27.1,,7.0,1.0,,,,,
1789040331.3706,collate,2,1,29681,,,,,,56.201,56.098,,6.0,1.0,,,,,
1789040333.7037,collate,2,1,29681,,,,,,57.946,57.859,,6.0,1.0,,,,,
1789040336.0099,collate,2,1,29681,,,,,,21.272,21.244,,6.0,1.0,,,,,
1789040338.3197,collate,2,1,29681,,,,,,48.819,48.756,,5.0,1.0,,,,,
1789040340.6254,collate,2,1,29681,,,,,,40.053,39.933,,5.0,1.0,,,,,
1789040343.0007,collate,2,1,29681,,,,,,26.505,26.456,,6.0,1.0,,,,,
1789040345.5232,collate,2,1,29681,,,,,,53.915,53.763,,5.0,1.0,,,,,
1789040347.3795,collate,2,1,29681,,,,,,50.147,50.038,,4.0,1.0,,,,,
1789040350.3733,collate,2,1,29681,,,,,,27.141,27.095,,6.0,1.0,,,,,
1789040352.4356,collate,2,1,29681,,,,,,52.424,52.325,,6.0,1.0,,,,,
1789040355.5672,collate,2,1,29681,,,,,,45.728,45.598,,7.0,1.0,,,,,
1789040358.3602,collate,2,1,29681,,,,,,34.429,34.368,,7.0,1.0,,,,,
1789040361.2829,collate,2,1,29681,,,,,,61.854,61.68,,8.0,1.0,,,,,
1789040363.7421,collate,2,1,29681,,,,,,58.455,58.325,,6.0,1.0,,,,,
1789040365.9233,collate,2,1,29681,,,,,,29.161,29.061,,5.0,1.0,,,,,
1789040368.4858,collate,2,1,29681,,,,,,312.599,311.931,,6.0,1.0,,,,,
1789040370.8878,collate,2,1,29681,,,,,,27.683,27.622,,6.0,1.0,,,,,
1789040372.9116,collate,2,1,29681,,,,,,32.033,31.967,,4.0,1.0,,,,,
1789040375.5039,collate,2,1,29681,,,,,,50.114,50.025,,6.0,1.0,,,,,
1789040378.0814,collate,2,1,29681,,,,,,24.654,24.611,,6.0,1.0,,,,,
1789040380.5038,collate,2,1,29681,,,,,,45.645,45.536,,5.0,1.0,,,,,
1789040382.9094,collate,2,1,29681,,,,,,42.628,42.532,,6.0,1.0,,,,,
1789040385.8255,collate,2,1,29681,,,,,,238.289,237.726,,7.0,1.0,,,,,
1789040388.0892,collate,2,1,29681,,,,,,47.654,47.581,,6.0,1.0,,,,,
1789040389.64,collate,2,1,29681,,,,,,24.96,24.922,,4.0,1.0,,,,,
1789040392.3622,collate,2,1,29681,,,,,,48.367,48.292,,6.0,1.0,,,,,
1789040395.2784,collate,2,1,29681,,,,,,42.951,42.86,,7.0,1.0,,,,,
1789040397.8478,collate,2,1,29681,,,,,,22.506,22.473,,7.0,1.0,,,,,
1789040400.3219,collate,2,1,29681,,,,,,56.414,56.31,,6.0,1.0,,,,,
1789040402.6579,collate,2,1,29681,,,,,,53.775,53.676,,6.0,1.0,,,,,
1789040404.4868,collate,2,1,29681,,,,,,22.111,22.081,,5.0,1.0,,,,,
1789040406.5431,collate,2,1,29681,,,,,,85.358,85.139,,5.0,1.0,,,,,
1789040408.9875,collate,2,1,29681,,,,,,61.462,61.305,,5.0,1.0,,,,,
1789040412.0162,collate,2,1,29681,,,,,,41.1,41.013,,6.0,1.0,,,,,
1789040414.3544,collate,2,1,29681,,,,,,25.45,25.377,,6.0,1.0,,,,,
1789040416.6988,collate,2,1,29681,,,,,,52.493,52.422,,6.0,1.0,,,,,
1789040419.0479,collate,2,1,29681,,,,,,43.743,43.607,,6.0,1.0,,,,,
1789040421.8096,collate,2,1,29681,,,,,,22.737,22.633,,7.0,1.0,,,,,
1789040424.0941,collate,2,1,29681,,,,,,38.933,38.856,,5.0,1.0,,,,,
1789040426.6819,collate,2,1,29681,,,,,,244.083,243.352,,6.0,1.0,,,,,
1789040429.071,collate,2,1,29681,,,,,,34.779,34.726,,5.0,1.0,,,,,
1789040431.6714,collate,2,1,29681,,,,,,22.428,22.4,,6.0,1.0,,,,,
1789040433.8126,collate,2,1,29681,,,,,,90.869,90.703,,5.0,1.0,,,,,
1789040436.7038,collate,2,1,29681,,,,,,62.217,62.124,,7.0,1.0,,,,,
1789040439.1227,collate,2,1,29681,,,,,,32.061,32.016,,6.0,1.0,,,,,
1789040441.4459,collate,2,1,29681,,,,,,79.764,79.537,,6.0,1.0,,,,,
1789040443.9673,collate,2,1,29681,,,,,,39.485,39.413,,6.0,1.0,,,,,
1789040446.2019,collate,2,1,29681,,,,,,80.919,80.576,,5.0,1.0,,,,,
1789040448.8824,collate,2,1,29681,,,,,,71.739,71.601,,7.0,1.0,,,,,
1789040451.3221,collate,2,1,29681,,,,,,33.721,33.657,,6.0,1.0,,,,,
1789040454.0074,collate,2,1,29681,,,,,,52.093,52.009,,8.0,1.0,,,,,
1789040456.4826,collate,2,1,29681,,,,,,51.267,51.148,,6.0,1.0,,,,,
1789040458.2961,collate,2,1,29681,,,,,,52.847,52.774,,5.0,1.0,,,,,
1789040460.516,collate,2,1,29681,,,,,,29.062,28.994,,6.0,1.0,,,,,
1789040463.2821,collate,2,1,29681,,,,,,54.45,54.362,,5.0,1.0,,,,,
1789040466.5188,collate,2,1,29681,,,,,,55.612,55.374,,8.0,1.0,,,,,
1789040468.9777,collate,2,1,29681,,,,,,57.941,57.724,,6.0,1.0,,,,,
1789040471.4802,collate,2,1,29681,,,,,,48.983,47.074,,7.0,1.0,,,,,
1789040474.586,collate,2,1,29681,,,,,,87.6,87.401,,8.0,1.0,,,,,
1789040476.4497,collate,2,1,29681,,,,,,24.814,24.781,,5.0,1.0,,,,,
1789040479.2562,collate,2,1,29681,,,,,,58.494,58.366,,7.0,1.0,,,,,
1789040481.0585,collate,2,1,29681,,,,,,72.195,72.084,,5.0,1.0,,,,,
1789040484.2045,collate,2,1,29681,,,,,,30.016,29.95,,8.0,1.0,,,,,
1789040486.7496,collate,2,1,29681,,,,,,109.029,108.858,,6.0,1.0,,,,,
1789040488.9262,collate,2,1,29681,,,,,,72.607,72.478,,5.0,1.0,,,,,
1789040491.9823,collate,2,1,29681,,,,,,23.191,23.146,,8.0,1.0,,,,,
1789040494.6674,collate,2,1,29681,,,,,,51.585,51.492,,6.0,1.0,,,,,
1789040497.5575,collate,2,1,29681,,,,,,53.103,53.042,,7.0,1.0,,,,,
1789040499.8706,collate,2,1,29681,,,,,,27.064,27.017,,6.0,1.0,,,,,
1789040502.5988,collate,2,1,29681,,,,,,69.94,69.826,,8.0,1.0,,,,,
1789040505.0604,collate,2,1,29681,,,,,,51.79,51.7,,5.0,1.0,,,,,
1789040507.3568,collate,2,1,29681,,,,,,25.66,25.618,,6.0,1.0,,,,,
1789040509.6847,collate,2,1,29681,,,,,,56.859,56.761,,6.0,1.0,,,,,
1789040511.8252,collate,2,1,29681,,,,,,42.094,42.007,,5.0,1.0,,,,,
1789040514.3506,collate,2,1,29681,,,,,,43.415,43.327,,6.0,1.0,,,,,
1789040516.2435,collate,2,1,29681,,,,,,131.82,131.577,,3.0,1.0,,,,,
1789040517.8903,collate,2,1,29681,,,,,,33.708,33.66,,4.0,1.0,,,,,
1789040520.1338,collate,2,1,29681,,,,,,30.472,30.44,,5.0,1.0,,,,,
1789040522.7203,collate,2,1,29681,,,,,,49.866,49.787,,4.0,1.0,,,,,
1789040525.0895,collate,2,1,29681,,,,,,62.606,62.503,,6.0,1.0,,,,,
1789040527.5588,collate,2,1,29681,,,,,,29.347,29.246,,6.0,1.0,,,,,
1789040530.1459,collate,2,1,29681,,,,,,57.83,57.731,,7.0,1.0,,,,,
1789040532.565,collate,2,1,29681,,,,,,74.164,74.033,,5.0,1.0,,,,,
1789040536.0292,collate,2,1,29681,,,,,,88.718,88.517,,9.0,1.0,,,,,
1789040538.2603,collate,2,1,29681,,,,,,113.881,113.635,,5.0,1.0,,,,,
1789040540.7195,collate,2,1,29681,,,,,,30.846,30.734,,6.0,1.0,,,,,
1789040543.1556,collate,2,1,29681,,,,,,40.837,40.768,,7.0,1.0,,,,,
1789040545.4197,collate,2,1,29681,,,,,,46.542,46.429,,5.0,1.0,,,,,
1789040547.5423,collate,2,1,29681,,,,,,48.844,48.749,,5.0,1.0,,,,,
1789040550.0682,collate,2,1,29681,,,,,,24.926,24.858,,6.0,1.0,,,,,
1789040552.9632,collate,2,1,29681,,,,,,54.636,54.557,,7.0,1.0,,,,,
1789040555.2163,collate,2,1,29681,,,,,,33.454,33.368,,6.0,1.0,,,,,
1789040557.3092,collate,2,1,29681,,,,,,22.493,22.467,,5.0,1.0,,,,,
1789040559.8544,collate,2,1,29681,,,,,,50.28,50.187,,7.0,1.0,,,,,
1789040562.3634,collate,2,1,29681,,,,,,45.138,45.073,,7.0,1.0,,,,,
1789040565.1056,collate,2,1,29681,,,,,,25.592,25.546,,7.0,1.0,,,,,
1789040567.5657,collate,2,1,29681,,,,,,52.691,52.59,,6.0,1.0,,,,,
1789040569.3415,collate,2,1,29681,,,,,,46.115,46.006,,4.0,1.0,,,,,
1789040571.1842,collate,2,1,29681,,,,,,26.126,26.025,,3.0,1.0,,,,,
1789040574.4568,collate,2,1,29681,,,,,,49.228,49.099,,6.0,1.0,,,,,
1789040577.0261,collate,2,1,29681,,,,,,27.9,27.832,,6.0,1.0,,,,,
1789040579.4363,collate,2,1,29681,,,,,,26.926,26.869,,5.0,1.0,,,,,
1789040581.4941,collate,2,1,29681,,,,,,37.782,37.667,,5.0,1.0,,,,,
1789040584.3895,collate,2,1,29681,,,,,,49.535,49.328,,7.0,1.0,,,,,
1789040587.184,collate,2,1,29681,,,,,,40.876,40.806,,7.0,1.0,,,,,
1789040589.6897,collate,2,1,29681,,,,,,26.451,26.42,,7.0,1.0,,,,,
1789040591.9439,collate,2,1,29681,,,,,,88.903,88.661,,6.0,1.0,,,,,
1789040594.9334,collate,2,1,29681,,,,,,55.963,55.876,,7.0,1.0,,,,,
1789040597.5525,collate,2,1,29681,,,,,,30.321,30.248,,6.0,1.0,,,,,
1789040599.9551,collate,2,1,29681,,,,,,50.585,50.484,,6.0,1.0,,,,,
1789040602.525,collate,2,1,29681,,,,,,35.581,35.468,,6.0,1.0,,,,,
1789040605.2435,collate,2,1,29681,,,,,,30.01,29.961,,6.0,1.0,,,,,
1789040607.9637,collate,2,1,29681,,,,,,54.058,53.967,,6.0,1.0,,,,,
1789040610.0954,collate,2,1,29681,,,,,,29.729,29.68,,5.0,1.0,,,,,
1789040612.4435,collate,2,1,29681,,,,,,32.17,32.129,,7.0,1.0,,,,,
1789040614.8016,collate,2,1,29681,,,,,,40.165,40.097,,6.0,1.0,,,,,
1789040616.7971,collate,2,1,29681,,,,,,51.283,51.172,,4.0,1.0,,,,,
1789040618.607,collate,2,1,29681,,,,,,32.769,32.72,,5.0,1.0,,,,,
1789040620.3791,collate,2,1,29681,,,,,,63.953,63.836,,4.0,1.0,,,,,
1789040622.8546,collate,2,1,29681,,,,,,54.523,54.416,,6.0,1.0,,,,,
1789040625.1558,collate,2,1,29681,,,,,,36.91,36.815,,5.0,1.0,,,,,
1789040628.194,collate,2,1,29681,,,,,,24.389,24.332,,6.0,1.0,,,,,
1789040629.6807,collate,2,1,29681,,,,,,35.202,35.141,,3.0,1.0,,,,,
1789040631.8923,collate,2,1,29681,,,,,,50.322,50.167,,6.0,1.0,,,,,
1789040634.5723,collate,2,1,29681,,,,,,39.322,39.231,,7.0,1.0,,,,,
1789040636.7978,collate,2,1,29681,,,,,,39.207,39.059,,6.0,1.0,,,,,
1789040639.6647,collate,2,1,29681,,,,,,49.782,49.713,,7.0,1.0,,,,,
1789040641.1878,collate,2,1,29681,,,,,,37.091,36.941,,3.0,1.0,,,,,
1789040643.2663,collate,2,1,29681,,,,,,27.295,27.253,,4.0,1.0,,,,,
1789040646.9311,collate,2,1,29681,,,,,,24.921,24.881,,7.0,1.0,,,,,
1789040650.0988,collate,2,1,29681,,,,,,57.432,57.321,,8.0,1.0,,,,,
1789040653.6051,collate,2,1,29681,,,,,,32.999,32.915,,8.0,1.0,,,,,
1789040655.8199,collate,2,1,29681,,,,,,26.633,26.612,,5.0,1.0,,,,,
1789040658.3744,collate,2,1,29681,,,,,,54.915,54.808,,6.0,1.0,,,,,
1789040660.6148,collate,2,1,29681,,,,,,44.399,44.274,,6.0,1.0,,,,,
1789040663.3174,collate,2,1,29681,,,,,,28.657,28.598,,7.0,1.0,,,,,
1789040665.6357,collate,2,1,29681,,,,,,45.654,45.568,,5.0,1.0,,,,,
1789040668.4737,collate,2,1,29681,,,,,,46.692,46.625,,7.0,1.0,,,,,
1789040670.8558,collate,2,1,29681,,,,,,25.781,25.721,,7.0,1.0,,,,,
1789040673.4882,collate,2,1,29681,,,,,,53.003,52.915,,7.0,1.0,,,,,
1789040676.5079,collate,2,1,29681,,,,,,33.902,33.841,,8.0,1.0,,,,,
1789040679.3907,collate,2,1,29681,,,,,,35.266,35.155,,6.0,1.0,,,,,
1789040681.4931,collate,2,1,29681,,,,,,29.167,29.058,,5.0,1.0,,,,,
1789040683.2786,collate,2,1,29681,,,,,,46.091,46.038,,4.0,1.0,,,,,
1789040685.8249,collate,2,1,29681,,,,,,53.592,53.49,,7.0,1.0,,,,,
1789040688.5065,collate,2,1,29681,,,,,,44.439,44.367,,7.0,1.0,,,,,
1789040690.6931,collate,2,1,29681,,,,,,58.191,58.054,,6.0,1.0,,,,,
1789040692.7529,collate,2,1,29681,,,,,,35.49,35.437,,5.0,1.0,,,,,
1789040694.8696,collate,2,1,29681,,,,,,25.306,25.284,,6.0,1.0,,,,,
1789040697.1241,collate,2,1,29681,,,,,,49.414,49.332,,5.0,1.0,,,,,
1789040699.535,collate,2,1,29681,,,,,,48.083,48.015,,6.0,1.0,,,,,
1789040702.3563,collate,2,1,29681,,,,,,26.301,26.265,,7.0,1.0,,,,,
1789040704.6525,collate,2,1,29681,,,,,,47.771,47.698,,5.0,1.0,,,,,
1789040707.4995,collate,2,1,29681,,,,,,33.532,33.489,,7.0,1.0,,,,,
1789040710.0614,collate,2,1,29681,,,,,,27.094,27.025,,6.0,1.0,,,,,
1789040711.6722,collate,2,1,29681,,,,,,47.736,47.66,,4.0,1.0,,,,,
1789040714.2433,collate,2,1,29681,,,,,,112.651,112.346,,6.0,1.0,,,,,
1789040716.3557,collate,2,1,29681,,,,,,54.45,54.384,,5.0,1.0,,,,,
1789040718.9248,collate,2,1,29681,,,,,,167.573,167.263,,6.0,1.0,,,,,
1789040721.2248,collate,2,1,29681,,,,,,61.302,61.102,,5.0,1.0,,,,,
1789040724.2851,collate,2,1,29681,,,,,,30.2,30.089,,7.0,1.0,,,,,
1789040726.0498,collate,2,1,29681,,,,,,48.103,48.036,,4.0,1.0,,,,,
1789040728.5257,collate,2,1,29681,,,,,,50.858,50.778,,6.0,1.0,,,,,
1789040730.7741,collate,2,1,29681,,,,,,26.555,26.519,,6.0,1.0,,,,,
1789040732.9364,collate,2,1,29681,,,,,,55.729,55.6,,5.0,1.0,,,,,
1789040735.2508,collate,2,1,29681,,,,,,109.41,109.136,,6.0,1.0,,,,,
1789040737.3896,collate,2,1,29681,,,,,,26.441,26.379,,5.0,1.0,,,,,
1789040739.7593,collate,2,1,29681,,,,,,53.26,53.18,,5.0,1.0,,,,,
1789040742.5284,collate,2,1,29681,,,,,,26.229,26.188,,7.0,1.0,,,,,
1789040745.3361,collate,2,1,29681,,,,,,45.084,45.017,,6.0,1.0,,,,,
1789040747.6668,collate,2,1,29681,,,,,,53.112,52.992,,6.0,1.0,,,,,
1789040750.5572,collate,2,1,29681,,,,,,27.826,27.775,,7.0,1.0,,,,,
1789040753.061,collate,2,1,29681,,,,,,52.11,51.951,,6.0,1.0,,,,,
1789040755.2862,collate,2,1,29681,,,,,,86.391,86.198,,6.0,1.0,,,,,
1789040757.0008,collate,2,1,29681,,,,,,91.504,91.246,,5.0,1.0,,,,,
1789040760.1437,collate,2,1,29681,,,,,,44.02,43.933,,7.0,1.0,,,,,
1789040761.8821,collate,2,1,29681,,,,,,52.48,52.258,,3.0,1.0,,,,,
1789040764.6343,collate,2,1,29681,,,,,,40.49,40.42,,7.0,1.0,,,,,
1789040766.9683,collate,2,1,29681,,,,,,25.592,25.522,,6.0,1.0,,,,,
1789040770.3579,collate,2,1,29681,,,,,,52.319,52.218,,6.0,1.0,,,,,
1789040772.4009,collate,2,1,29681,,,,,,43.569,43.338,,5.0,1.0,,,,,
1789040774.4145,collate,2,1,29681,,,,,,81.458,81.32,,3.0,1.0,,,,,
1789040777.5239,collate,2,1,29681,,,,,,25.174,25.142,,8.0,1.0,,,,,
1789040779.9211,collate,2,1,29681,,,,,,40.385,40.295,,6.0,1.0,,,,,
1789040782.4132,collate,2,1,29681,,,,,,50.489,50.415,,7.0,1.0,,,,,
1789040784.8957,collate,2,1,29681,,,,,,26.081,26.056,,7.0,1.0,,,,,
1789040787.0655,collate,2,1,29681,,,,,,37.836,37.785,,5.0,1.0,,,,,
1789040788.6118,collate,2,1,29681,,,,,,32.078,32.049,,3.0,1.0,,,,,
1789040791.6635,collate,2,1,29681,,,,,,50.046,49.979,,5.0,1.0,,,,,
1789040794.468,collate,2,1,29681,,,,,,22.523,22.499,,4.0,1.0,,,,,
1789040797.8199,collate,2,1,29681,,,,,,51.522,51.443,,7.0,1.0,,,,,
1789040800.1338,collate,2,1,29681,,,,,,38.317,38.262,,6.0,1.0,,,,,
1789040802.9122,collate,2,1,29681,,,,,,26.257,26.233,,7.0,1.0,,,,,
1789040804.8619,collate,2,1,29681,,,,,,44.329,44.253,,4.0,1.0,,,,,
1789040807.307,collate,2,1,29681,,,,,,37.608,37.542,,6.0,1.0,,,,,
1789040810.0252,collate,2,1,29681,,,,,,25.67,25.616,,6.0,1.0,,,,,
1789040812.3706,collate,2,1,29681,,,,,,56.339,56.243,,6.0,1.0,,,,,
1789040814.9573,collate,2,1,29681,,,,,,24.04,23.993,,7.0,1.0,,,,,
1789040817.1799,collate,2,1,29681,,,,,,53.289,53.204,,6.0,1.0,,,,,
1789040819.9767,collate,2,1,29681,,,,,,27.675,27.624,,7.0,1.0,,,,,
1789040822.5408,collate,2,1,29681,,,,,,50.171,50.066,,6.0,1.0,,,,,
1789040824.3792,collate,2,1,29681,,,,,,46.802,46.719,,4.0,1.0,,,,,
1789040826.4687,collate,2,1,29681,,,,,,155.313,154.853,,5.0,1.0,,,,,
1789040828.7434,collate,2,1,29681,,,,,,102.687,102.462,,6.0,1.0,,,,,
1789040832.035,collate,2,1,29681,,,,,,43.795,43.724,,9.0,1.0,,,,,
1789040833.3317,collate,2,1,29681,,,,,,33.65,33.58,,3.0,1.0,,,,,
1789040835.4376,collate,2,1,29681,,,,,,79.838,79.578,,5.0,1.0,,,,,
1789040838.3137,collate,2,1,29681,,,,,,24.599,24.561,,8.0,1.0,,,,,
1789040841.0508,collate,2,1,29681,,,,,,24.561,24.501,,7.0,1.0,,,,,
1789040843.8607,collate,2,1,29681,,,,,,50.429,50.344,,7.0,1.0,,,,,
1789040846.0788,collate,2,1,29681,,,,,,61.837,61.681,,5.0,1.0,,,,,
1789040848.0022,collate,2,1,29681,,,,,,27.019,26.946,,5.0,1.0,,,,,
1789040850.0882,collate,2,1,29681,,,,,,46.998,46.92,,5.0,1.0,,,,,
1789040852.2386,collate,2,1,29681,,,,,,83.602,83.344,,5.0,1.0,,,,,
1789040854.5626,collate,2,1,29681,,,,,,76.42,76.29,,5.0,1.0,,,,,
1789040857.3349,collate,2,1,29681,,,,,,51.046,50.954,,8.0,1.0,,,,,
1789040859.8979,collate,2,1,29681,,,,,,26.601,26.533,,6.0,1.0,,,,,
1789040861.7506,collate,2,1,29681,,,,,,35.74,35.682,,4.0,1.0,,,,,
1789040864.1726,collate,2,1,29681,,,,,,34.933,34.824,,6.0,1.0,,,,,
1789040866.9084,collate,2,1,29681,,,,,,59.09,58.936,,7.0,1.0,,,,,
1789040869.7302,collate,2,1,29681,,,,,,40.905,40.829,,6.0,1.0,,,,,
1789040872.4127,collate,2,1,29681,,,,,,26.059,25.971,,7.0,1.0,,,,,
1789040875.4448,collate,2,1,29681,,,,,,308.019,307.389,,8.0,1.0,,,,,
1789040877.531,collate,2,1,29681,,,,,,47.043,46.928,,4.0,1.0,,,,,
1789040880.1754,collate,2,1,29681,,,,,,31.122,31.041,,7.0,1.0,,,,,
1789040882.3416,collate,2,1,29681,,,,,,61.282,61.18,,5.0,1.0,,,,,
1789040884.1778,collate,2,1,29681,,,,,,36.147,36.065,,4.0,1.0,,,,,
1789040887.2916,collate,2,1,29681,,,,,,40.59,40.519,,7.0,1.0,,,,,
1789040889.561,collate,2,1,29681,,,,,,25.76,25.731,,5.0,1.0,,,,,
1789040892.1951,collate,2,1,29681,,,,,,48.873,48.738,,6.0,1.0,,,,,
1789040894.2974,collate,2,1,29681,,,,,,37.127,36.952,,5.0,1.0,,,,,
1789040896.8045,collate,2,1,29681,,,,,,28.278,28.083,,6.0,1.0,,,,,
1789040899.4162,collate,2,1,29681,,,,,,68.716,68.48,,7.0,1.0,,,,,
1789040902.0794,collate,2,1,29681,,,,,,26.825,26.718,,7.0,1.0,,,,,
1789040904.5712,collate,2,1,29681,,,,,,38.069,37.991,,6.0,1.0,,,,,
1789040906.7319,collate,2,1,29681,,,,,,48.87,48.644,,5.0,1.0,,,,,
1789040908.4659,collate,2,1,29681,,,,,,31.227,31.142,,4.0,1.0,,,,,
1789040910.8097,collate,2,1,29681,,,,,,197.437,196.826,,5.0,1.0,,,,,
1789040913.0809,collate,2,1,29681,,,,,,51.513,51.356,,5.0,1.0,,,,,
1789040915.5146,collate,2,1,29681,,,,,,34.778,34.641,,6.0,1.0,,,,,
1789040918.2346,collate,2,1,29681,,,,,,42.553,42.442,,6.0,1.0,,,,,
1789040920.6743,collate,2,1,29681,,,,,,40.477,40.316,,5.0,1.0,,,,,
1789040922.2398,collate,2,1,29681,,,,,,45.116,45.011,,4.0,1.0,,,,,
1789040924.1795,collate,2,1,29681,,,,,,41.011,40.882,,4.0,1.0,,,,,
1789040927.1236,collate,2,1,29681,,,,,,73.924,73.76,,4.0,1.0,,,,,
1789040929.6159,collate,2,1,29681,,,,,,39.43,39.335,,4.0,1.0,,,,,
1789040932.2605,collate,2,1,29681,,,,,,36.029,35.964,,7.0,1.0,,,,,
1789040934.4722,collate,2,1,29681,,,,,,43.01,42.921,,6.0,1.0,,,,,
1789040937.4772,collate,2,1,29681,,,,,,23.302,23.249,,9.0,1.0,,,,,
1789040940.7717,collate,2,1,29681,,,,,,39.988,39.79,,7.0,1.0,,,,,
1789040943.176,collate,2,1,29681,,,,,,67.141,66.971,,7.0,1.0,,,,,
1789040945.0288,collate,2,1,29681,,,,,,26.761,26.663,,4.0,1.0,,,,,
1789040946.7348,collate,2,1,29681,,,,,,37.126,37.032,,4.0,1.0,,,,,
1789040949.6941,collate,2,1,29681,,,,,,175.563,175.009,,5.0,1.0,,,,,
1789040952.5729,collate,2,1,29681,,,,,,25.179,25.13,,7.0,1.0,,,,,
1789040955.2384,collate,2,1,29681,,,,,,39.991,39.891,,7.0,1.0,,,,,
1789040957.9377,collate,2,1,29681,,,,,,58.784,58.597,,6.0,1.0,,,,,
1789040960.0687,collate,2,1,29681,,,,,,42.019,41.901,,4.0,1.0,,,,,
1789040962.4612,collate,2,1,29681,,,,,,180.767,179.812,,5.0,1.0,,,,,
1789040964.6384,collate,2,1,29681,,,,,,59.469,59.31,,6.0,1.0,,,,,
1789040966.6467,collate,2,1,29681,,,,,,33.145,33.092,,5.0,1.0,,,,,
1789040968.9799,collate,2,1,29681,,,,,,34.985,34.898,,5.0,1.0,,,,,
1789040971.963,collate,2,1,29681,,,,,,23.056,23.026,,8.0,1.0,,,,,
1789040974.0593,collate,2,1,29681,,,,,,26.735,26.712,,5.0,1.0,,,,,
1789040976.7899,collate,2,1,29681,,,,,,25.649,25.605,,7.0,1.0,,,,,
1789040979.2656,collate,2,1,29681,,,,,,37.753,37.624,,6.0,1.0,,,,,
1789040982.0042,collate,2,1,29681,,,,,,45.237,45.107,,6.0,1.0,,,,,
1789040985.2232,collate,2,1,29681,,,,,,50.905,50.747,,7.0,1.0,,,,,
1789040987.2377,collate,2,1,29681,,,,,,36.545,36.376,,5.0,1.0,,,,,
1789040989.2274,collate,2,1,29681,,,,,,26.659,26.534,,5.0,1.0,,,,,
1789040991.538,collate,2,1,29681,,,,,,56.447,56.288,,5.0,1.0,,,,,
1789040994.2552,collate,2,1,29681,,,,,,37.732,37.591,,6.0,1.0,,,,,
1789040996.7068,collate,2,1,29681,,,,,,41.226,41.135,,5.0,1.0,,,,,
1789040998.6704,collate,2,1,29681,,,,,,32.219,32.12,,5.0,1.0,,,,,
1789041000.7123,collate,2,1,29681,,,,,,52.868,52.723,,5.0,1.0,,,,,
1789041002.8446,collate,2,1,29681,,,,,,41.331,41.276,,5.0,1.0,,,,,
1789041005.8233,collate,2,1,29681,,,,,,23.413,23.366,,7.0,1.0,,,,,
1789041008.5019,collate,2,1,29681,,,,,,34.476,34.412,,6.0,1.0,,,,,
1789041010.2734,collate,2,1,29681,,,,,,37.247,37.182,,4.0,1.0,,,,,
1789041012.6588,collate,2,1,29681,,,,,,53.891,53.816,,6.0,1.0,,,,,
1789041014.7137,collate,2,1,29681,,,,,,39.7,39.631,,5.0,1.0,,,,,
1789041017.2382,collate,2,1,29681,,,,,,27.003,26.967,,7.0,1.0,,,,,
1789041019.9869,collate,2,1,29681,,,,,,34.575,34.537,,7.0,1.0,,,,,
1789041022.7472,collate,2,1,29681,,,,,,24.381,24.357,,7.0,1.0,,,,,
1789041025.0024,collate,2,1,29681,,,,,,35.782,35.732,,6.0,1.0,,,,,
1789041027.8688,collate,2,1,29681,,,,,,38.895,38.817,,8.0,1.0,,,,,
1789041029.928,collate,2,1,29681,,,,,,36.87,36.821,,4.0,1.0,,,,,
1789041032.4298,collate,2,1,29681,,,,,,36.588,36.534,,6.0,1.0,,,,,
1789041034.9488,collate,2,1,29681,,,,,,33.272,33.199,,6.0,1.0,,,,,
1789041038.5819,collate,2,1,29681,,,,,,22.751,22.71,,6.0,1.0,,,,,
1789041041.2921,collate,2,1,29681,,,,,,35.365,35.19,,6.0,1.0,,,,,
1789041043.9538,collate,2,1,29681,,,,,,41.565,41.498,,7.0,1.0,,,,,
1789041046.5216,collate,2,1,29681,,,,,,39.474,39.353,,6.0,1.0,,,,,
1789041049.4895,collate,2,1,29681,,,,,,46.215,46.105,,7.0,1.0,,,,,
1789041052.0871,collate,2,1,29681,,,,,,32.81,32.75,,7.0,1.0,,,,,
1789041053.9982,collate,2,1,29681,,,,,,26.948,26.899,,5.0,1.0,,,,,
1789041056.1874,collate,2,1,29681,,,,,,37.561,37.418,,5.0,1.0,,,,,
1789041059.3675,collate,2,1,29681,,,,,,51.017,50.886,,7.0,1.0,,,,,
1789041061.5711,collate,2,1,29681,,,,,,40.414,40.296,,6.0,1.0,,,,,
1789041063.684,collate,2,1,29681,,,,,,71.338,71.195,,5.0,1.0,,,,,
1789041066.2922,collate,2,1,29681,,,,,,28.707,28.655,,8.0,1.0,,,,,
1789041068.9733,collate,2,1,29681,,,,,,33.832,33.783,,7.0,1.0,,,,,
1789041070.9255,collate,2,1,29681,,,,,,22.943,22.885,,4.0,1.0,,,,,
1789041073.3851,collate,2,1,29681,,,,,,63.346,63.233,,6.0,1.0,,,,,
1789041076.4976,collate,2,1,29681,,,,,,53.774,53.651,,8.0,1.0,,,,,
1789041078.9534,collate,2,1,29681,,,,,,24.394,24.344,,5.0,1.0,,,,,
1789041081.6315,collate,2,1,29681,,,,,,50.331,50.216,,7.0,1.0,,,,,
1789041084.0677,collate,2,1,29681,,,,,,94.316,93.964,,6.0,1.0,,,,,
1789041085.9508,collate,2,1,29681,,,,,,49.102,48.952,,6.0,1.0,,,,,
1789041090.9574,collate,2,0,30299,,,,,,80.451,80.18,,6.0,1.0,,,,,
1789041093.4962,collate,2,0,30299,,,,,,51.62,51.499,,6.0,1.0,,,,,
1789041095.6114,collate,2,0,30299,,,,,,56.22,56.005,,5.0,1.0,,,,,
1789041098.2594,collate,2,0,30299,,,,,,55.606,55.497,,7.0,1.0,,,,,
1789041100.9192,collate,2,0,30299,,,,,,37.921,37.793,,7.0,1.0,,,,,
1789041103.6685,collate,2,0,30299,,,,,,155.881,155.675,,7.0,1.0,,,,,
1789041106.0465,collate,2,0,30299,,,,,,37.337,37.288,,6.0,1.0,,,,,
1789041108.0934,collate,2,0,30299,,,,,,62.189,61.928,,5.0,1.0,,,,,
1789041110.4424,collate,2,0,30299,,,,,,31.574,31.447,,7.0,1.0,,,,,
1789041112.6286,collate,2,0,30299,,,,,,87.601,87.463,,5.0,1.0,,,,,
1789041115.4358,collate,2,0,30299,,,,,,45.017,44.9,,7.0,1.0,,,,,
1789041117.3312,collate,2,0,30299,,,,,,31.587,31.54,,5.0,1.0,,,,,
1789041119.5083,collate,2,0,30299,,,,,,36.691,36.585,,5.0,1.0,,,,,
1789041122.3018,collate,2,0,30299,,,,,,36.075,36.035,,7.0,1.0,,,,,
1789041124.7389,collate,2,0,30299,,,,,,57.097,57.019,,7.0,1.0,,,,,
1789041126.5456,collate,2,0,30299,,,,,,42.331,42.161,,5.0,1.0,,,,,
1789041128.1961,collate,2,0,30299,,,,,,33.225,33.165,,3.0,1.0,,,,,
1789041130.9605,collate,2,0,30299,,,,,,47.12,46.888,,7.0,1.0,,,,,
1789041132.7949,collate,2,0,30299,,,,,,33.733,33.675,,5.0,1.0,,,,,
1789041134.9312,collate,2,0,30299,,,,,,36.888,36.817,,6.0,1.0,,,,,
1789041137.105,collate,2,0,30299,,,,,,54.668,54.552,,6.0,1.0,,,,,
1789041139.5916,collate,2,0,30299,,,,,,41.858,41.765,,6.0,1.0,,,,,
1789041141.5574,collate,2,0,30299,,,,,,37.5,37.393,,5.0,1.0,,,,,
1789041144.468,collate,2,0,30299,,,,,,47.194,47.106,,7.0,1.0,,,,,
1789041146.2994,collate,2,0,30299,,,,,,32.78,32.703,,5.0,1.0,,,,,
1789041148.1275,collate,2,0,30299,,,,,,49.305,49.164,,5.0,1.0,,,,,
1789041150.4003,collate,2,0,30299,,,,,,42.486,42.406,,5.0,1.0,,,,,
1789041152.6816,collate,2,0,30299,,,,,,63.314,63.171,,6.0,1.0,,,,,
1789041154.9401,collate,2,0,30299,,,,,,37.566,37.497,,7.0,1.0,,,,,
1789041157.5365,collate,2,0,30299,,,,,,33.247,33.176,,7.0,1.0,,,,,
1789041159.0444,collate,2,0,30299,,,,,,43.394,43.271,,4.0,1.0,,,,,
1789041161.3504,collate,2,0,30299,,,,,,44.819,44.702,,6.0,1.0,,,,,
1789041163.3908,collate,2,0,30299,,,,,,32.511,32.471,,5.0,1.0,,,,,
1789041165.4908,collate,2,0,30299,,,,,,45.183,45.101,,5.0,1.0,,,,,
1789041167.9497,collate,2,0,30299,,,,,,35.709,35.66,,7.0,1.0,,,,,
1789041171.4017,collate,2,0,30299,,,,,,32.589,32.531,,9.0,1.0,,,,,
1789041173.5448,collate,2,0,30299,,,,,,41.753,41.668,,6.0,1.0,,,,,
1789041175.7163,collate,2,0,30299,,,,,,42.126,42.049,,6.0,1.0,,,,,
1789041177.8783,collate,2,0,30299,,,,,,36.595,36.548,,5.0,1.0,,,,,
1789041180.1397,collate,2,0,30299,,,,,,36.626,36.568,,7.0,1.0,,,,,
1789041181.9097,collate,2,0,30299,,,,,,33.742,33.662,,4.0,1.0,,,,,
1789041183.7198,collate,2,0,30299,,,,,,31.679,31.626,,5.0,1.0,,,,,
1789041185.484,collate,2,0,30299,,,,,,33.367,33.319,,5.0,1.0,,,,,
1789041188.2252,collate,2,0,30299,,,,,,89.169,88.971,,7.0,1.0,,,,,
1789041190.1868,collate,2,0,30299,,,,,,67.744,67.585,,6.0,1.0,,,,,
1789041192.0287,collate,2,0,30299,,,,,,53.702,53.584,,5.0,1.0,,,,,
1789041194.0412,collate,2,0,30299,,,,,,230.036,229.448,,5.0,1.0,,,,,
1789041196.4954,collate,2,0,30299,,,,,,56.003,55.853,,7.0,1.0,,,,,
1789041198.9814,collate,2,0,30299,,,,,,53.2,53.129,,7.0,1.0,,,,,
1789041201.0253,collate,2,0,30299,,,,,,92.106,91.933,,5.0,1.0,,,,,
1789041202.6145,collate,2,0,30299,,,,,,57.14,57.043,,3.0,1.0,,,,,
1789041205.2507,collate,2,0,30299,,,,,,85.962,85.835,,7.0,1.0,,,,,
1789041207.6841,collate,2,0,30299,,,,,,61.592,61.429,,7.0,1.0,,,,,
1789041209.8465,collate,2,0,30299,,,,,,48.808,48.171,,7.0,1.0,,,,,
1789041211.8584,collate,2,0,30299,,,,,,48.494,47.978,,5.0,1.0,,,,,
1789041214.1797,collate,2,0,30299,,,,,,67.855,67.029,,6.0,1.0,,,,,
1789041216.6563,collate,2,0,30299,,,,,,177.045,176.53,,6.0,1.0,,,,,
1789041218.4031,collate,2,0,30299,,,,,,58.073,57.931,,4.0,1.0,,,,,
1789041220.4923,collate,2,0,30299,,,,,,68.366,68.236,,6.0,1.0,,,,,
1789041223.2788,collate,2,0,30299,,,,,,39.558,39.474,,7.0,1.0,,,,,
1789041225.6158,collate,2,0,30299,,,,,,34.514,34.443,,7.0,1.0,,,,,
1789041227.8498,collate,2,0,30299,,,,,,76.806,76.634,,6.0,1.0,,,,,
1789041230.3067,collate,2,0,30299,,,,,,65.224,65.09,,7.0,1.0,,,,,
1789041232.6514,collate,2,0,30299,,,,,,49.11,49.037,,7.0,1.0,,,,,
1789041234.7058,collate,2,0,30299,,,,,,43.557,43.498,,6.0,1.0,,,,,
1789041236.2812,collate,2,0,30299,,,,,,58.749,58.586,,4.0,1.0,,,,,
1789041238.2054,collate,2,0,30299,,,,,,35.809,35.71,,5.0,1.0,,,,,
1789041240.5697,collate,2,0,30299,,,,,,199.511,197.613,,6.0,1.0,,,,,
1789041242.6112,collate,2,0,30299,,,,,,42.22,42.12,,5.0,1.0,,,,,
1789041245.0382,collate,2,0,30299,,,,,,171.688,171.333,,6.0,1.0,,,,,
1789041247.1809,collate,2,0,30299,,,,,,40.739,40.662,,6.0,1.0,,,,,
1789041248.6137,collate,2,0,30299,,,,,,37.664,37.367,,4.0,1.0,,,,,
1789041250.6062,collate,2,0,30299,,,,,,89.876,89.602,,5.0,1.0,,,,,
1789041253.0352,collate,2,0,30299,,,,,,44.41,44.304,,7.0,1.0,,,,,
1789041255.081,collate,2,0,30299,,,,,,38.95,38.882,,5.0,1.0,,,,,
1789041258.2589,collate,2,0,30299,,,,,,38.126,37.8,,9.0,1.0,,,,,
1789041260.9813,collate,2,0,30299,,,,,,75.407,75.209,,8.0,1.0,,,,,
1789041262.8193,collate,2,0,30299,,,,,,47.012,46.933,,5.0,1.0,,,,,
1789041265.351,collate,2,0,30299,,,,,,82.346,82.217,,7.0,1.0,,,,,
1789041267.105,collate,2,0,30299,,,,,,37.505,37.116,,4.0,1.0,,,,,
1789041268.6275,collate,2,0,30299,,,,,,41.096,41.051,,4.0,1.0,,,,,
1789041270.7082,collate,2,0,30299,,,,,,86.559,86.297,,6.0,1.0,,,,,
1789041273.1306,collate,2,0,30299,,,,,,36.878,36.825,,7.0,1.0,,,,,
1789041275.5755,collate,2,0,30299,,,,,,38.086,37.907,,6.0,1.0,,,,,
1789041277.7569,collate,2,0,30299,,,,,,47.52,47.436,,6.0,1.0,,,,,
1789041280.0166,collate,2,0,30299,,,,,,40.789,40.732,,7.0,1.0,,,,,
1789041282.43,collate,2,0,30299,,,,,,36.838,36.79,,7.0,1.0,,,,,
1789041284.582,collate,2,0,30299,,,,,,73.22,73.085,,6.0,1.0,,,,,
1789041286.8451,collate,2,0,30299,,,,,,43.048,42.954,,6.0,1.0,,,,,
1789041289.6733,collate,2,0,30299,,,,,,35.216,35.152,,8.0,1.0,,,,,
1789041291.9447,collate,2,0,30299,,,,,,61.572,61.436,,6.0,1.0,,,,,
1789041293.8894,collate,2,0,30299,,,,,,187.448,187.022,,5.0,1.0,,,,,
1789041296.1184,collate,2,0,30299,,,,,,43.227,43.124,,6.0,1.0,,,,,
1789041298.2297,collate,2,0,30299,,,,,,36.35,36.273,,6.0,1.0,,,,,
1789041300.451,collate,2,0,30299,,,,,,37.962,37.903,,6.0,1.0,,,,,
1789041302.8535,collate,2,0,30299,,,,,,30.03,29.973,,6.0,1.0,,,,,
1789041304.5559,collate,2,0,30299,,,,,,53.149,53.006,,4.0,1.0,,,,,
1789041306.7547,collate,2,0,30299,,,,,,212.318,211.614,,6.0,1.0,,,,,
1789041309.2155,collate,2,0,30299,,,,,,50.31,50.12,,6.0,1.0,,,,,
1789041310.5823,collate,2,0,30299,,,,,,72.569,72.37,,4.0,1.0,,,,,
1789041312.5162,collate,2,0,30299,,,,,,32.419,32.326,,5.0,1.0,,,,,
1789041314.5071,collate,2,0,30299,,,,,,93.192,93.028,,5.0,1.0,,,,,
1789041316.6153,collate,2,0,30299,,,,,,64.116,63.975,,6.0,1.0,,,,,
1789041318.2642,collate,2,0,30299,,,,,,46.2,46.086,,4.0,1.0,,,,,
1789041320.3285,collate,2,0,30299,,,,,,35.571,35.496,,6.0,1.0,,,,,
1789041322.6412,collate,2,0,30299,,,,,,44.057,43.972,,6.0,1.0,,,,,
1789041324.4904,collate,2,0,30299,,,,,,34.395,34.306,,5.0,1.0,,,,,
1789041326.4709,collate,2,0,30299,,,,,,33.422,33.34,,5.0,1.0,,,,,
1789041328.0421,collate,2,0,30299,,,,,,91.32,91.141,,4.0,1.0,,,,,
1789041330.0286,collate,2,0,30299,,,,,,52.641,52.516,,5.0,1.0,,,,,
1789041331.976,collate,2,0,30299,,,,,,39.662,39.613,,6.0,1.0,,,,,
1789041333.8015,collate,2,0,30299,,,,,,34.763,34.685,,5.0,1.0,,,,,
1789041335.5194,collate,2,0,30299,,,,,,39.319,39.248,,6.0,1.0,,,,,
1789041336.8153,collate,2,0,30299,,,,,,29.661,29.597,,4.0,1.0,,,,,
1789039866.4591,collate,0,1,29686,,,,,,66.988,66.589,,6.0,1.0,,,,,
1789039868.2126,collate,0,1,29686,,,,,,154.985,154.732,,3.0,1.0,,,,,
1789039870.2699,collate,0,1,29686,,,,,,54.503,54.431,,5.0,1.0,,,,,
1789039871.9626,collate,0,1,29686,,,,,,27.874,27.813,,3.0,1.0,,,,,
1789039874.4635,collate,0,1,29686,,,,,,174.945,174.338,,6.0,1.0,,,,,
1789039876.1016,collate,0,1,29686,,,,,,41.941,41.869,,3.0,1.0,,,,,
1789039878.6083,collate,0,1,29686,,,,,,23.823,23.73,,6.0,1.0,,,,,
1789039880.0192,collate,0,1,29686,,,,,,31.333,31.245,,3.0,1.0,,,,,
1789039881.8894,collate,0,1,29686,,,,,,32.853,32.779,,4.0,1.0,,,,,
1789039884.6001,collate,0,1,29686,,,,,,28.41,28.362,,7.0,1.0,,,,,
1789039886.7853,collate,0,1,29686,,,,,,18.92,18.838,,6.0,1.0,,,,,
1789039889.0015,collate,0,1,29686,,,,,,43.197,43.109,,5.0,1.0,,,,,
1789039890.1159,collate,0,1,29686,,,,,,35.087,35.035,,2.0,1.0,,,,,
1789039892.3788,collate,0,1,29686,,,,,,25.557,25.513,,5.0,1.0,,,,,
1789039894.85,collate,0,1,29686,,,,,,44.36,44.298,,5.0,1.0,,,,,
1789039896.6815,collate,0,1,29686,,,,,,41.494,41.421,,4.0,1.0,,,,,
1789039899.3985,collate,0,1,29686,,,,,,46.02,45.957,,6.0,1.0,,,,,
1789039901.6569,collate,0,1,29686,,,,,,67.348,67.219,,3.0,1.0,,,,,
1789039904.8726,collate,0,1,29686,,,,,,19.034,19.005,,4.0,1.0,,,,,
1789039907.7785,collate,0,1,29686,,,,,,40.786,40.726,,7.0,1.0,,,,,
1789039910.3279,collate,0,1,29686,,,,,,45.049,44.942,,6.0,1.0,,,,,
1789039912.6439,collate,0,1,29686,,,,,,23.908,23.854,,6.0,1.0,,,,,
1789039914.1801,collate,0,1,29686,,,,,,31.7,31.613,,3.0,1.0,,,,,
1789039917.7238,collate,0,1,29686,,,,,,32.789,30.838,,4.0,1.0,,,,,
1789039920.6872,collate,0,1,29686,,,,,,44.935,44.14,,6.0,1.0,,,,,
1789039923.5705,collate,0,1,29686,,,,,,36.699,36.639,,7.0,1.0,,,,,
1789039925.9531,collate,0,1,29686,,,,,,17.422,17.365,,6.0,1.0,,,,,
1789039928.0711,collate,0,1,29686,,,,,,44.053,43.99,,4.0,1.0,,,,,
1789039929.843,collate,0,1,29686,,,,,,38.224,38.168,,4.0,1.0,,,,,
1789039931.7267,collate,0,1,29686,,,,,,21.612,21.533,,4.0,1.0,,,,,
1789039934.4671,collate,0,1,29686,,,,,,31.89,31.843,,3.0,1.0,,,,,
1789039936.8979,collate,0,1,29686,,,,,,82.408,82.237,,4.0,1.0,,,,,
1789039939.5121,collate,0,1,29686,,,,,,68.022,67.811,,4.0,1.0,,,,,
1789039941.8874,collate,0,1,29686,,,,,,47.371,46.555,,5.0,1.0,,,,,
1789039943.5113,collate,0,1,29686,,,,,,64.013,63.851,,3.0,1.0,,,,,
1789039947.1959,collate,0,1,29686,,,,,,54.925,54.799,,5.0,1.0,,,,,
1789039949.3448,collate,0,1,29686,,,,,,70.143,69.957,,4.0,1.0,,,,,
1789039952.3643,collate,0,1,29686,,,,,,53.924,53.824,,5.0,1.0,,,,,
1789039954.507,collate,0,1,29686,,,,,,42.69,42.636,,5.0,1.0,,,,,
1789039956.5788,collate,0,1,29686,,,,,,46.292,46.208,,5.0,1.0,,,,,
1789039959.588,collate,0,1,29686,,,,,,42.157,42.112,,7.0,1.0,,,,,
1789039961.4557,collate,0,1,29686,,,,,,35.853,35.8,,3.0,1.0,,,,,
1789039964.5782,collate,0,1,29686,,,,,,45.63,45.552,,6.0,1.0,,,,,
1789039966.2157,collate,0,1,29686,,,,,,33.286,33.21,,3.0,1.0,,,,,
1789039968.2854,collate,0,1,29686,,,,,,45.854,45.774,,4.0,1.0,,,,,
1789039971.3778,collate,0,1,29686,,,,,,47.919,47.815,,6.0,1.0,,,,,
1789039973.0346,collate,0,1,29686,,,,,,27.997,27.942,,3.0,1.0,,,,,
1789039974.959,collate,0,1,29686,,,,,,50.843,50.768,,3.0,1.0,,,,,
1789039977.5316,collate,0,1,29686,,,,,,39.208,39.145,,4.0,1.0,,,,,
1789039980.5895,collate,0,1,29686,,,,,,23.171,23.099,,6.0,1.0,,,,,
1789039982.8902,collate,0,1,29686,,,,,,45.098,45.032,,5.0,1.0,,,,,
1789039984.6285,collate,0,1,29686,,,,,,30.67,30.614,,3.0,1.0,,,,,
1789039986.6877,collate,0,1,29686,,,,,,21.296,21.222,,5.0,1.0,,,,,
1789039989.6268,collate,0,1,29686,,,,,,42.916,42.829,,7.0,1.0,,,,,
1789039991.97,collate,0,1,29686,,,,,,49.53,48.669,,6.0,1.0,,,,,
1789039994.2442,collate,0,1,29686,,,,,,17.329,17.261,,5.0,1.0,,,,,
1789039996.9418,collate,0,1,29686,,,,,,46.193,45.36,,5.0,1.0,,,,,
1789039998.7378,collate,0,1,29686,,,,,,33.316,33.268,,3.0,1.0,,,,,
1789040002.0318,collate,0,1,29686,,,,,,49.07,47.841,,6.0,1.0,,,,,
1789040004.5984,collate,0,1,29686,,,,,,32.421,32.363,,4.0,1.0,,,,,
1789040007.0779,collate,0,1,29686,,,,,,34.867,34.808,,6.0,1.0,,,,,
1789040009.0814,collate,0,1,29686,,,,,,34.351,34.288,,3.0,1.0,,,,,
1789040011.6777,collate,0,1,29686,,,,,,27.441,27.386,,4.0,1.0,,,,,
1789040014.807,collate,0,1,29686,,,,,,43.167,43.102,,5.0,1.0,,,,,
1789040016.9401,collate,0,1,29686,,,,,,33.54,33.443,,4.0,1.0,,,,,
1789040019.5664,collate,0,1,29686,,,,,,49.026,48.951,,5.0,1.0,,,,,
1789040022.0003,collate,0,1,29686,,,,,,23.171,23.126,,5.0,1.0,,,,,
1789040024.1491,collate,0,1,29686,,,,,,43.019,42.949,,5.0,1.0,,,,,
1789040026.4045,collate,0,1,29686,,,,,,30.739,30.664,,5.0,1.0,,,,,
1789040028.3275,collate,0,1,29686,,,,,,31.139,31.099,,4.0,1.0,,,,,
1789040031.7779,collate,0,1,29686,,,,,,42.871,42.747,,7.0,1.0,,,,,
1789040033.7872,collate,0,1,29686,,,,,,34.312,34.248,,4.0,1.0,,,,,
1789040035.8919,collate,0,1,29686,,,,,,35.106,35.009,,4.0,1.0,,,,,
1789040037.9514,collate,0,1,29686,,,,,,119.389,119.132,,3.0,1.0,,,,,
1789040041.4049,collate,0,1,29686,,,,,,26.542,26.467,,6.0,1.0,,,,,
1789040043.2777,collate,0,1,29686,,,,,,45.082,45.018,,5.0,1.0,,,,,
1789040045.2332,collate,0,1,29686,,,,,,30.294,30.194,,4.0,1.0,,,,,
1789040048.5867,collate,0,1,29686,,,,,,17.491,17.409,,7.0,1.0,,,,,
1789040051.2428,collate,0,1,29686,,,,,,44.569,44.418,,5.0,1.0,,,,,
1789040053.3994,collate,0,1,29686,,,,,,95.808,95.65,,5.0,1.0,,,,,
1789040055.4619,collate,0,1,29686,,,,,,20.649,20.615,,5.0,1.0,,,,,
1789040060.0608,collate,0,1,29686,,,,,,83.061,82.902,,6.0,1.0,,,,,
1789040061.6116,collate,0,1,29686,,,,,,31.868,31.763,,3.0,1.0,,,,,
1789040063.6743,collate,0,1,29686,,,,,,53.92,53.823,,4.0,1.0,,,,,
1789040065.2026,collate,0,1,29686,,,,,,27.951,27.914,,3.0,1.0,,,,,
1789040068.6367,collate,0,1,29686,,,,,,26.74,26.617,,2.0,1.0,,,,,
1789040070.6753,collate,0,1,29686,,,,,,66.543,66.402,,3.0,1.0,,,,,
1789040073.386,collate,0,1,29686,,,,,,34.111,33.957,,3.0,1.0,,,,,
1789040075.1769,collate,0,1,29686,,,,,,23.883,23.841,,3.0,1.0,,,,,
1789040077.6942,collate,0,1,29686,,,,,,53.498,53.058,,3.0,1.0,,,,,
1789040080.1423,collate,0,1,29686,,,,,,39.468,39.401,,5.0,1.0,,,,,
1789040081.6272,collate,0,1,29686,,,,,,21.817,21.76,,3.0,1.0,,,,,
1789040083.9927,collate,0,1,29686,,,,,,43.787,43.683,,7.0,1.0,,,,,
1789040086.3855,collate,0,1,29686,,,,,,34.155,34.082,,5.0,1.0,,,,,
1789040088.803,collate,0,1,29686,,,,,,30.636,30.571,,6.0,1.0,,,,,
1789040090.7732,collate,0,1,29686,,,,,,42.788,42.702,,5.0,1.0,,,,,
1789040092.7747,collate,0,1,29686,,,,,,22.868,22.814,,5.0,1.0,,,,,
1789040096.0364,collate,0,1,29686,,,,,,22.032,21.981,,7.0,1.0,,,,,
1789040097.9219,collate,0,1,29686,,,,,,46.62,46.546,,4.0,1.0,,,,,
1789040099.9511,collate,0,1,29686,,,,,,41.633,41.579,,4.0,1.0,,,,,
1789040102.1924,collate,0,1,29686,,,,,,19.878,19.844,,3.0,1.0,,,,,
1789040105.0022,collate,0,1,29686,,,,,,33.104,33.02,,3.0,1.0,,,,,
1789040107.6536,collate,0,1,29686,,,,,,25.537,25.476,,5.0,1.0,,,,,
1789040109.9686,collate,0,1,29686,,,,,,46.492,46.418,,5.0,1.0,,,,,
1789040112.1444,collate,0,1,29686,,,,,,48.334,47.526,,3.0,1.0,,,,,
1789040114.2201,collate,0,1,29686,,,,,,23.217,22.959,,4.0,1.0,,,,,
1789040117.5081,collate,0,1,29686,,,,,,44.415,44.319,,7.0,1.0,,,,,
1789040119.3524,collate,0,1,29686,,,,,,30.902,30.804,,4.0,1.0,,,,,
1789040121.3608,collate,0,1,29686,,,,,,50.961,50.839,,3.0,1.0,,,,,
1789040124.3803,collate,0,1,29686,,,,,,29.448,29.373,,4.0,1.0,,,,,
1789040127.8062,collate,0,1,29686,,,,,,19.547,19.514,,6.0,1.0,,,,,
1789040129.4822,collate,0,1,29686,,,,,,34.556,34.454,,3.0,1.0,,,,,
1789040131.6722,collate,0,1,29686,,,,,,40.634,40.537,,2.0,1.0,,,,,
1789040134.5719,collate,0,1,29686,,,,,,29.572,29.525,,4.0,1.0,,,,,
1789040137.2951,collate,0,1,29686,,,,,,42.769,42.717,,6.0,1.0,,,,,
1789040139.5293,collate,0,1,29686,,,,,,33.099,32.983,,6.0,1.0,,,,,
1789040141.4124,collate,0,1,29686,,,,,,33.902,33.818,,4.0,1.0,,,,,
1789040143.0051,collate,0,1,29686,,,,,,31.734,31.673,,3.0,1.0,,,,,
1789040146.2346,collate,0,1,29686,,,,,,39.762,39.515,,4.0,1.0,,,,,
1789040148.1224,collate,0,1,29686,,,,,,23.723,23.612,,4.0,1.0,,,,,
1789040150.1762,collate,0,1,29686,,,,,,40.662,40.47,,5.0,1.0,,,,,
1789040153.1595,collate,0,1,29686,,,,,,39.882,39.811,,6.0,1.0,,,,,
1789040155.5837,collate,0,1,29686,,,,,,32.853,32.758,,4.0,1.0,,,,,
1789040157.9941,collate,0,1,29686,,,,,,80.769,80.645,,6.0,1.0,,,,,
1789040160.1221,collate,0,1,29686,,,,,,76.282,76.162,,4.0,1.0,,,,,
1789040162.8045,collate,0,1,29686,,,,,,31.455,31.398,,5.0,1.0,,,,,
1789040164.112,collate,0,1,29686,,,,,,31.026,30.978,,2.0,1.0,,,,,
1789040166.8325,collate,0,1,29686,,,,,,53.087,52.334,,4.0,1.0,,,,,
1789040169.0486,collate,0,1,29686,,,,,,36.713,35.557,,3.0,1.0,,,,,
1789040172.2975,collate,0,1,29686,,,,,,203.435,203.116,,6.0,1.0,,,,,
1789040174.3519,collate,0,1,29686,,,,,,90.924,90.749,,3.0,1.0,,,,,
1789040177.2804,collate,0,1,29686,,,,,,184.366,184.078,,4.0,1.0,,,,,
1789040179.052,collate,0,1,29686,,,,,,35.193,33.555,,3.0,1.0,,,,,
1789040181.7977,collate,0,1,29686,,,,,,24.491,24.434,,6.0,1.0,,,,,
1789040184.6918,collate,0,1,29686,,,,,,92.952,92.785,,6.0,1.0,,,,,
1789040187.4164,collate,0,1,29686,,,,,,74.487,74.349,,3.0,1.0,,,,,
1789040189.4568,collate,0,1,29686,,,,,,145.975,145.641,,4.0,1.0,,,,,
1789040191.2779,collate,0,1,29686,,,,,,164.5,164.08,,4.0,1.0,,,,,
1789040194.9046,collate,0,1,29686,,,,,,24.829,24.373,,5.0,1.0,,,,,
1789040197.1245,collate,0,1,29686,,,,,,42.773,42.702,,5.0,1.0,,,,,
1789040199.6445,collate,0,1,29686,,,,,,38.862,38.799,,6.0,1.0,,,,,
1789040201.4569,collate,0,1,29686,,,,,,116.061,115.79,,5.0,1.0,,,,,
1789040203.6187,collate,0,1,29686,,,,,,43.83,43.757,,6.0,1.0,,,,,
1789040205.9741,collate,0,1,29686,,,,,,58.734,58.585,,3.0,1.0,,,,,
1789040208.6595,collate,0,1,29686,,,,,,20.458,20.422,,3.0,1.0,,,,,
1789040210.5794,collate,0,1,29686,,,,,,43.628,43.51,,4.0,1.0,,,,,
1789040212.4723,collate,0,1,29686,,,,,,38.322,38.252,,4.0,1.0,,,,,
1789040215.2549,collate,0,1,29686,,,,,,46.632,46.551,,5.0,1.0,,,,,
1789040218.6058,collate,0,1,29686,,,,,,22.085,22.042,,3.0,1.0,,,,,
1789040220.6559,collate,0,1,29686,,,,,,16.791,16.751,,5.0,1.0,,,,,
1789040223.1626,collate,0,1,29686,,,,,,44.548,44.477,,6.0,1.0,,,,,
1789040224.674,collate,0,1,29686,,,,,,25.606,25.571,,3.0,1.0,,,,,
1789040226.9285,collate,0,1,29686,,,,,,65.24,65.01,,4.0,1.0,,,,,
1789040230.0209,collate,0,1,29686,,,,,,51.035,50.935,,8.0,1.0,,,,,
1789040232.0164,collate,0,1,29686,,,,,,19.629,19.595,,4.0,1.0,,,,,
1789040235.2782,collate,0,1,29686,,,,,,21.514,21.464,,6.0,1.0,,,,,
1789040237.4023,collate,0,1,29686,,,,,,18.123,18.097,,4.0,1.0,,,,,
1789040239.8884,collate,0,1,29686,,,,,,34.563,34.514,,4.0,1.0,,,,,
1789040242.2082,collate,0,1,29686,,,,,,25.069,23.438,,3.0,1.0,,,,,
1789040244.981,collate,0,1,29686,,,,,,45.131,43.275,,4.0,1.0,,,,,
1789040247.7368,collate,0,1,29686,,,,,,41.606,41.532,,7.0,1.0,,,,,
1789040249.3585,collate,0,1,29686,,,,,,32.621,32.535,,3.0,1.0,,,,,
1789040250.8434,collate,0,1,29686,,,,,,54.016,53.916,,3.0,1.0,,,,,
1789040254.0504,collate,0,1,29686,,,,,,42.021,41.945,,6.0,1.0,,,,,
1789040257.8103,collate,0,1,29686,,,,,,24.494,24.457,,5.0,1.0,,,,,
1789040260.5392,collate,0,1,29686,,,,,,44.734,44.568,,7.0,1.0,,,,,
1789040263.3903,collate,0,1,29686,,,,,,32.396,32.35,,7.0,1.0,,,,,
1789040264.7082,collate,0,1,29686,,,,,,17.428,17.397,,3.0,1.0,,,,,
1789040267.1402,collate,0,1,29686,,,,,,35.232,35.177,,5.0,1.0,,,,,
1789040268.8596,collate,0,1,29686,,,,,,27.886,27.831,,3.0,1.0,,,,,
1789040271.2562,collate,0,1,29686,,,,,,42.661,42.583,,3.0,1.0,,,,,
1789040273.147,collate,0,1,29686,,,,,,39.882,39.82,,4.0,1.0,,,,,
1789040275.3729,collate,0,1,29686,,,,,,28.201,28.144,,3.0,1.0,,,,,
1789040278.5492,collate,0,1,29686,,,,,,46.695,46.597,,6.0,1.0,,,,,
1789040280.663,collate,0,1,29686,,,,,,31.578,31.511,,3.0,1.0,,,,,
1789040283.2818,collate,0,1,29686,,,,,,31.663,31.608,,6.0,1.0,,,,,
1789040284.6165,collate,0,1,29686,,,,,,30.815,30.766,,3.0,1.0,,,,,
1789040287.4402,collate,0,1,29686,,,,,,40.388,39.891,,7.0,1.0,,,,,
1789040290.889,collate,0,1,29686,,,,,,21.416,21.347,,4.0,1.0,,,,,
1789040293.8965,collate,0,1,29686,,,,,,36.008,35.005,,3.0,1.0,,,,,
1789040296.0628,collate,0,1,29686,,,,,,37.535,37.479,,5.0,1.0,,,,,
1789040297.3011,collate,0,1,29686,,,,,,30.342,30.296,,3.0,1.0,,,,,
1789040301.6007,collate,0,1,29686,,,,,,38.304,38.158,,4.0,1.0,,,,,
1789040304.2306,collate,0,1,29686,,,,,,33.514,33.423,,6.0,1.0,,,,,
1789040306.7618,collate,0,1,29686,,,,,,19.89,19.83,,7.0,1.0,,,,,
1789040308.389,collate,0,1,29686,,,,,,30.942,30.868,,3.0,1.0,,,,,
1789040310.9323,collate,0,1,29686,,,,,,41.256,41.113,,4.0,1.0,,,,,
1789040314.0133,collate,0,1,29686,,,,,,32.142,32.084,,4.0,1.0,,,,,
1789040316.2533,collate,0,1,29686,,,,,,29.931,28.294,,4.0,1.0,,,,,
1789040318.0462,collate,0,1,29686,,,,,,41.337,38.713,,3.0,1.0,,,,,
1789040320.5993,collate,0,1,29686,,,,,,45.936,45.823,,4.0,1.0,,,,,
1789040322.994,collate,0,1,29686,,,,,,33.717,33.663,,3.0,1.0,,,,,
1789040325.5812,collate,0,1,29686,,,,,,30.617,30.094,,3.0,1.0,,,,,
1789040328.3982,collate,0,1,29686,,,,,,45.415,45.325,,5.0,1.0,,,,,
1789040330.839,collate,0,1,29686,,,,,,42.404,42.29,,6.0,1.0,,,,,
1789040333.2627,collate,0,1,29686,,,,,,18.869,18.831,,6.0,1.0,,,,,
1789040335.6302,collate,0,1,29686,,,,,,39.893,39.79,,4.0,1.0,,,,,
1789040337.5647,collate,0,1,29686,,,,,,37.121,37.049,,4.0,1.0,,,,,
1789040339.5545,collate,0,1,29686,,,,,,26.362,26.304,,5.0,1.0,,,,,
1789040342.7302,collate,0,1,29686,,,,,,32.57,32.492,,6.0,1.0,,,,,
1789040344.9085,collate,0,1,29686,,,,,,20.884,20.849,,4.0,1.0,,,,,
1789040346.2293,collate,0,1,29686,,,,,,50.635,50.446,,2.0,1.0,,,,,
1789040349.7147,collate,0,1,29686,,,,,,50.089,47.561,,5.0,1.0,,,,,
1789040351.3467,collate,0,1,29686,,,,,,22.278,22.228,,3.0,1.0,,,,,
1789040354.8182,collate,0,1,29686,,,,,,49.859,48.729,,7.0,1.0,,,,,
1789040356.687,collate,0,1,29686,,,,,,34.739,34.673,,4.0,1.0,,,,,
1789040359.3657,collate,0,1,29686,,,,,,20.47,20.417,,7.0,1.0,,,,,
1789040361.1709,collate,0,1,29686,,,,,,37.549,37.453,,4.0,1.0,,,,,
1789040363.377,collate,0,1,29686,,,,,,45.256,45.158,,5.0,1.0,,,,,
1789040365.8477,collate,0,1,29686,,,,,,19.813,19.72,,5.0,1.0,,,,,
1789040368.0755,collate,0,1,29686,,,,,,43.408,43.328,,5.0,1.0,,,,,
1789040372.0739,collate,0,1,29686,,,,,,31.429,31.353,,5.0,1.0,,,,,
1789040373.6777,collate,0,1,29686,,,,,,26.828,26.754,,4.0,1.0,,,,,
1789040375.9876,collate,0,1,29686,,,,,,64.95,64.749,,4.0,1.0,,,,,
1789040378.2259,collate,0,1,29686,,,,,,65.93,65.806,,2.0,1.0,,,,,
1789040381.3472,collate,0,1,29686,,,,,,30.48,30.391,,6.0,1.0,,,,,
1789040383.9908,collate,0,1,29686,,,,,,18.872,18.812,,7.0,1.0,,,,,
1789040385.8494,collate,0,1,29686,,,,,,46.798,46.662,,4.0,1.0,,,,,
1789040387.8335,collate,0,1,29686,,,,,,28.928,28.877,,4.0,1.0,,,,,
1789040389.8225,collate,0,1,29686,,,,,,33.567,33.508,,5.0,1.0,,,,,
1789040394.5555,collate,0,1,29686,,,,,,176.533,176.224,,5.0,1.0,,,,,
1789040396.3373,collate,0,1,29686,,,,,,33.018,31.626,,4.0,1.0,,,,,
1789040398.7677,collate,0,1,29686,,,,,,36.438,36.385,,6.0,1.0,,,,,
1789040400.9845,collate,0,1,29686,,,,,,42.752,42.654,,5.0,1.0,,,,,
1789040404.5204,collate,0,1,29686,,,,,,33.263,31.824,,3.0,1.0,,,,,
1789040406.9542,collate,0,1,29686,,,,,,34.819,34.744,,6.0,1.0,,,,,
1789040408.9959,collate,0,1,29686,,,,,,57.925,57.803,,3.0,1.0,,,,,
1789040410.9325,collate,0,1,29686,,,,,,30.548,30.394,,4.0,1.0,,,,,
1789040413.0289,collate,0,1,29686,,,,,,32.18,32.119,,3.0,1.0,,,,,
1789040416.4891,collate,0,1,29686,,,,,,50.606,50.491,,7.0,1.0,,,,,
1789040418.0521,collate,0,1,29686,,,,,,35.506,35.428,,3.0,1.0,,,,,
1789040420.3885,collate,0,1,29686,,,,,,19.122,19.085,,6.0,1.0,,,,,
1789040422.2515,collate,0,1,29686,,,,,,47.213,47.126,,4.0,1.0,,,,,
1789040425.8339,collate,0,1,29686,,,,,,37.332,37.225,,7.0,1.0,,,,,
1789040428.0975,collate,0,1,29686,,,,,,31.038,30.984,,5.0,1.0,,,,,
1789040431.1375,collate,0,1,29686,,,,,,45.022,44.912,,7.0,1.0,,,,,
1789040433.0353,collate,0,1,29686,,,,,,33.742,33.664,,4.0,1.0,,,,,
1789040435.8974,collate,0,1,29686,,,,,,46.234,46.053,,6.0,1.0,,,,,
1789040437.4664,collate,0,1,29686,,,,,,33.006,32.953,,3.0,1.0,,,,,
1789040440.2307,collate,0,1,29686,,,,,,26.934,25.332,,5.0,1.0,,,,,
1789040442.3306,collate,0,1,29686,,,,,,46.069,45.988,,6.0,1.0,,,,,
1789040444.6611,collate,0,1,29686,,,,,,45.921,45.836,,5.0,1.0,,,,,
1789040447.2696,collate,0,1,29686,,,,,,31.563,31.507,,5.0,1.0,,,,,
1789040449.9332,collate,0,1,29686,,,,,,43.864,43.77,,7.0,1.0,,,,,
1789040451.969,collate,0,1,29686,,,,,,32.202,31.214,,4.0,1.0,,,,,
1789040455.2384,collate,0,1,29686,,,,,,38.072,37.997,,7.0,1.0,,,,,
1789040456.7226,collate,0,1,29686,,,,,,31.865,31.805,,3.0,1.0,,,,,
1789040459.9253,collate,0,1,29686,,,,,,27.344,27.286,,4.0,1.0,,,,,
1789040462.0515,collate,0,1,29686,,,,,,53.721,53.622,,4.0,1.0,,,,,
1789040464.4591,collate,0,1,29686,,,,,,30.987,30.93,,4.0,1.0,,,,,
1789040467.3126,collate,0,1,29686,,,,,,33.108,32.641,,4.0,1.0,,,,,
1789040470.2025,collate,0,1,29686,,,,,,46.83,46.722,,6.0,1.0,,,,,
1789040471.9357,collate,0,1,29686,,,,,,31.238,31.127,,4.0,1.0,,,,,
1789040475.1683,collate,0,1,29686,,,,,,19.749,19.704,,6.0,1.0,,,,,
1789040477.6655,collate,0,1,29686,,,,,,45.059,44.958,,5.0,1.0,,,,,
1789040479.7431,collate,0,1,29686,,,,,,30.485,30.438,,4.0,1.0,,,,,
1789040482.8366,collate,0,1,29686,,,,,,20.581,19.586,,5.0,1.0,,,,,
1789040485.5252,collate,0,1,29686,,,,,,35.068,34.955,,4.0,1.0,,,,,
1789040487.5245,collate,0,1,29686,,,,,,35.394,35.338,,4.0,1.0,,,,,
1789040490.5233,collate,0,1,29686,,,,,,46.878,46.781,,6.0,1.0,,,,,
1789040492.2018,collate,0,1,29686,,,,,,39.956,39.901,,4.0,1.0,,,,,
1789040495.9639,collate,0,1,29686,,,,,,34.641,32.975,,4.0,1.0,,,,,
1789040498.1326,collate,0,1,29686,,,,,,44.769,44.671,,5.0,1.0,,,,,
1789040499.8758,collate,0,1,29686,,,,,,41.129,41.056,,4.0,1.0,,,,,
1789040502.3564,collate,0,1,29686,,,,,,21.084,21.046,,6.0,1.0,,,,,
1789040504.9604,collate,0,1,29686,,,,,,42.287,42.198,,5.0,1.0,,,,,
1789040506.697,collate,0,1,29686,,,,,,41.945,41.857,,3.0,1.0,,,,,
1789040509.4621,collate,0,1,29686,,,,,,23.804,22.978,,5.0,1.0,,,,,
1789040511.4628,collate,0,1,29686,,,,,,43.332,43.24,,5.0,1.0,,,,,
1789040513.9233,collate,0,1,29686,,,,,,34.863,34.757,,3.0,1.0,,,,,
1789040516.6362,collate,0,1,29686,,,,,,20.192,20.152,,4.0,1.0,,,,,
1789040519.5127,collate,0,1,29686,,,,,,33.16,33.102,,3.0,1.0,,,,,
1789040521.4301,collate,0,1,29686,,,,,,30.374,30.31,,4.0,1.0,,,,,
1789040523.1584,collate,0,1,29686,,,,,,21.857,21.819,,3.0,1.0,,,,,
1789040526.2397,collate,0,1,29686,,,,,,26.26,26.206,,6.0,1.0,,,,,
1789040528.1138,collate,0,1,29686,,,,,,46.478,46.399,,4.0,1.0,,,,,
1789040530.1639,collate,0,1,29686,,,,,,54.189,54.102,,4.0,1.0,,,,,
1789040533.0022,collate,0,1,29686,,,,,,23.148,23.1,,7.0,1.0,,,,,
1789040535.0131,collate,0,1,29686,,,,,,37.053,36.938,,4.0,1.0,,,,,
1789040537.4422,collate,0,1,29686,,,,,,64.505,64.352,,3.0,1.0,,,,,
1789040540.0306,collate,0,1,29686,,,,,,52.431,52.34,,5.0,1.0,,,,,
1789040541.7048,collate,0,1,29686,,,,,,181.731,181.249,,3.0,1.0,,,,,
1789040545.4299,collate,0,1,29686,,,,,,45.301,45.18,,5.0,1.0,,,,,
1789040547.7332,collate,0,1,29686,,,,,,20.316,20.279,,5.0,1.0,,,,,
1789040549.9655,collate,0,1,29686,,,,,,44.85,44.725,,5.0,1.0,,,,,
1789040551.8011,collate,0,1,29686,,,,,,48.01,47.864,,4.0,1.0,,,,,
1789040553.655,collate,0,1,29686,,,,,,22.663,22.626,,4.0,1.0,,,,,
1789040556.6429,collate,0,1,29686,,,,,,126.665,126.299,,3.0,1.0,,,,,
1789040560.2279,collate,0,1,29686,,,,,,50.8,50.655,,7.0,1.0,,,,,
1789040562.0997,collate,0,1,29686,,,,,,28.45,28.301,,4.0,1.0,,,,,
1789040564.1481,collate,0,1,29686,,,,,,35.606,35.551,,4.0,1.0,,,,,
1789040566.1198,collate,0,1,29686,,,,,,34.998,34.927,,5.0,1.0,,,,,
1789040569.2315,collate,0,1,29686,,,,,,25.326,25.23,,7.0,1.0,,,,,
1789040570.9083,collate,0,1,29686,,,,,,69.823,69.585,,2.0,1.0,,,,,
1789040574.7102,collate,0,1,29686,,,,,,47.41,47.313,,7.0,1.0,,,,,
1789040576.6114,collate,0,1,29686,,,,,,17.595,17.555,,5.0,1.0,,,,,
1789040578.6845,collate,0,1,29686,,,,,,46.569,46.491,,5.0,1.0,,,,,
1789040580.3808,collate,0,1,29686,,,,,,37.882,37.8,,3.0,1.0,,,,,
1789040582.9891,collate,0,1,29686,,,,,,23.728,22.668,,3.0,1.0,,,,,
1789040586.5853,collate,0,1,29686,,,,,,45.912,45.796,,6.0,1.0,,,,,
1789040588.2381,collate,0,1,29686,,,,,,37.585,37.528,,3.0,1.0,,,,,
1789040590.0697,collate,0,1,29686,,,,,,26.873,26.831,,4.0,1.0,,,,,
1789040592.8594,collate,0,1,29686,,,,,,50.538,50.442,,7.0,1.0,,,,,
1789040596.0277,collate,0,1,29686,,,,,,46.91,44.69,,3.0,1.0,,,,,
1789040598.7178,collate,0,1,29686,,,,,,27.007,26.967,,4.0,1.0,,,,,
1789040600.911,collate,0,1,29686,,,,,,45.74,45.578,,5.0,1.0,,,,,
1789040603.0108,collate,0,1,29686,,,,,,53.271,53.165,,5.0,1.0,,,,,
1789040605.1092,collate,0,1,29686,,,,,,22.789,22.758,,5.0,1.0,,,,,
1789040607.2417,collate,0,1,29686,,,,,,44.153,43.995,,6.0,1.0,,,,,
1789040609.4258,collate,0,1,29686,,,,,,39.842,39.751,,4.0,1.0,,,,,
1789040612.8452,collate,0,1,29686,,,,,,57.108,56.976,,6.0,1.0,,,,,
1789040614.4636,collate,0,1,29686,,,,,,30.037,29.948,,3.0,1.0,,,,,
1789040618.0634,collate,0,1,29686,,,,,,31.428,31.355,,7.0,1.0,,,,,
1789040619.4992,collate,0,1,29686,,,,,,38.465,38.334,,3.0,1.0,,,,,
1789040621.7344,collate,0,1,29686,,,,,,43.858,43.767,,3.0,1.0,,,,,
1789040625.5286,collate,0,1,29686,,,,,,31.272,31.175,,6.0,1.0,,,,,
1789040627.9098,collate,0,1,29686,,,,,,44.974,44.886,,6.0,1.0,,,,,
1789040630.448,collate,0,1,29686,,,,,,33.727,33.686,,7.0,1.0,,,,,
1789040632.996,collate,0,1,29686,,,,,,20.612,20.575,,7.0,1.0,,,,,
1789040635.0761,collate,0,1,29686,,,,,,46.825,46.712,,5.0,1.0,,,,,
1789040637.4769,collate,0,1,29686,,,,,,35.617,35.542,,5.0,1.0,,,,,
1789040639.6753,collate,0,1,29686,,,,,,46.053,45.994,,5.0,1.0,,,,,
1789040641.7206,collate,0,1,29686,,,,,,20.813,20.756,,5.0,1.0,,,,,
1789040643.6543,collate,0,1,29686,,,,,,40.972,40.884,,4.0,1.0,,,,,
1789040646.3996,collate,0,1,29686,,,,,,30.74,30.696,,4.0,1.0,,,,,
1789040650.6219,collate,0,1,29686,,,,,,48.273,48.094,,8.0,1.0,,,,,
1789040652.5341,collate,0,1,29686,,,,,,28.148,28.108,,4.0,1.0,,,,,
1789040654.0943,collate,0,1,29686,,,,,,53.347,53.221,,3.0,1.0,,,,,
1789040656.2054,collate,0,1,29686,,,,,,25.911,25.549,,4.0,1.0,,,,,
1789040659.5833,collate,0,1,29686,,,,,,33.816,33.759,,3.0,1.0,,,,,
1789040661.8018,collate,0,1,29686,,,,,,41.1,40.967,,4.0,1.0,,,,,
1789040664.2394,collate,0,1,29686,,,,,,38.155,38.058,,4.0,1.0,,,,,
1789040666.1653,collate,0,1,29686,,,,,,21.607,21.526,,4.0,1.0,,,,,
1789040668.8117,collate,0,1,29686,,,,,,33.487,33.442,,4.0,1.0,,,,,
1789040671.3093,collate,0,1,29686,,,,,,33.391,33.298,,4.0,1.0,,,,,
1789040673.7089,collate,0,1,29686,,,,,,32.629,31.169,,3.0,1.0,,,,,
1789040675.8692,collate,0,1,29686,,,,,,56.432,56.279,,5.0,1.0,,,,,
1789040678.5585,collate,0,1,29686,,,,,,25.183,24.763,,4.0,1.0,,,,,
1789040680.8062,collate,0,1,29686,,,,,,33.134,33.076,,2.0,1.0,,,,,
1789040683.6042,collate,0,1,29686,,,,,,28.345,28.295,,4.0,1.0,,,,,
1789040686.368,collate,0,1,29686,,,,,,22.297,22.259,,4.0,1.0,,,,,
1789040689.4099,collate,0,1,29686,,,,,,50.265,50.175,,5.0,1.0,,,,,
1789040691.1285,collate,0,1,29686,,,,,,35.305,35.143,,3.0,1.0,,,,,
1789040693.9534,collate,0,1,29686,,,,,,27.367,27.302,,7.0,1.0,,,,,
1789040696.5615,collate,0,1,29686,,,,,,32.984,32.907,,3.0,1.0,,,,,
1789040698.3393,collate,0,1,29686,,,,,,23.309,23.271,,2.0,1.0,,,,,
1789040701.4272,collate,0,1,29686,,,,,,40.079,39.963,,6.0,1.0,,,,,
1789040704.5669,collate,0,1,29686,,,,,,33.995,33.948,,5.0,1.0,,,,,
1789040706.6842,collate,0,1,29686,,,,,,37.872,37.814,,6.0,1.0,,,,,
1789040708.5634,collate,0,1,29686,,,,,,23.152,23.087,,4.0,1.0,,,,,
1789040710.2153,collate,0,1,29686,,,,,,42.9,42.803,,4.0,1.0,,,,,
1789040714.0163,collate,0,1,29686,,,,,,30.9,30.846,,5.0,1.0,,,,,
1789040716.604,collate,0,1,29686,,,,,,57.508,56.821,,4.0,1.0,,,,,
1789040718.7457,collate,0,1,29686,,,,,,55.451,54.603,,6.0,1.0,,,,,
1789040720.4393,collate,0,1,29686,,,,,,23.764,23.717,,3.0,1.0,,,,,
1789040723.5061,collate,0,1,29686,,,,,,46.506,44.638,,5.0,1.0,,,,,
1789040725.8722,collate,0,1,29686,,,,,,32.113,31.988,,5.0,1.0,,,,,
1789040727.7904,collate,0,1,29686,,,,,,43.978,43.849,,5.0,1.0,,,,,
1789040730.2971,collate,0,1,29686,,,,,,32.567,32.493,,6.0,1.0,,,,,
1789040733.6641,collate,0,1,29686,,,,,,47.224,47.124,,6.0,1.0,,,,,
1789040735.3789,collate,0,1,29686,,,,,,33.993,33.933,,4.0,1.0,,,,,
1789040737.0848,collate,0,1,29686,,,,,,32.439,32.357,,4.0,1.0,,,,,
1789040739.7531,collate,0,1,29686,,,,,,51.216,51.132,,5.0,1.0,,,,,
1789040743.0387,collate,0,1,29686,,,,,,32.266,32.216,,3.0,1.0,,,,,
1789040745.1267,collate,0,1,29686,,,,,,23.985,23.947,,5.0,1.0,,,,,
1789040748.0671,collate,0,1,29686,,,,,,49.682,49.506,,6.0,1.0,,,,,
1789040749.9648,collate,0,1,29686,,,,,,40.444,40.331,,4.0,1.0,,,,,
1789040753.958,collate,0,1,29686,,,,,,24.187,24.112,,6.0,1.0,,,,,
1789040756.1455,collate,0,1,29686,,,,,,44.134,44.013,,6.0,1.0,,,,,
1789040757.978,collate,0,1,29686,,,,,,36.208,36.09,,4.0,1.0,,,,,
1789040760.1397,collate,0,1,29686,,,,,,47.784,47.695,,6.0,1.0,,,,,
1789040763.511,collate,0,1,29686,,,,,,28.798,27.006,,3.0,1.0,,,,,
1789040766.9422,collate,0,1,29686,,,,,,31.82,31.704,,6.0,1.0,,,,,
1789040768.8571,collate,0,1,29686,,,,,,36.609,36.534,,5.0,1.0,,,,,
1789040771.4087,collate,0,1,29686,,,,,,24.923,24.863,,6.0,1.0,,,,,
1789040773.5939,collate,0,1,29686,,,,,,45.856,45.734,,4.0,1.0,,,,,
1789040776.4841,collate,0,1,29686,,,,,,33.603,33.515,,8.0,1.0,,,,,
1789040779.2237,collate,0,1,29686,,,,,,40.512,38.386,,7.0,1.0,,,,,
1789040781.3889,collate,0,1,29686,,,,,,101.182,100.56,,3.0,1.0,,,,,
1789040783.9195,collate,0,1,29686,,,,,,50.14,50.058,,6.0,1.0,,,,,
1789040786.637,collate,0,1,29686,,,,,,114.453,113.876,,6.0,1.0,,,,,
1789040788.8893,collate,0,1,29686,,,,,,67.58,67.425,,3.0,1.0,,,,,
1789040791.3755,collate,0,1,29686,,,,,,79.125,78.993,,6.0,1.0,,,,,
1789040792.6582,collate,0,1,29686,,,,,,49.362,49.29,,2.0,1.0,,,,,
1789040797.6733,collate,0,1,29686,,,,,,52.661,52.511,,7.0,1.0,,,,,
1789040799.7249,collate,0,1,29686,,,,,,30.75,30.66,,4.0,1.0,,,,,
1789040801.2739,collate,0,1,29686,,,,,,32.929,32.838,,3.0,1.0,,,,,
1789040802.9882,collate,0,1,29686,,,,,,34.566,34.484,,4.0,1.0,,,,,
1789040805.973,collate,0,1,29686,,,,,,35.373,34.608,,6.0,1.0,,,,,
1789040807.9403,collate,0,1,29686,,,,,,45.704,45.537,,4.0,1.0,,,,,
1789040810.5599,collate,0,1,29686,,,,,,48.723,48.519,,5.0,1.0,,,,,
1789040813.402,collate,0,1,29686,,,,,,48.35,46.19,,5.0,1.0,,,,,
1789040815.9619,collate,0,1,29686,,,,,,39.923,38.786,,4.0,1.0,,,,,
1789040817.925,collate,0,1,29686,,,,,,71.007,70.875,,4.0,1.0,,,,,
1789040820.8775,collate,0,1,29686,,,,,,96.045,95.801,,6.0,1.0,,,,,
1789040823.4464,collate,0,1,29686,,,,,,63.386,63.259,,2.0,1.0,,,,,
1789040826.1349,collate,0,1,29686,,,,,,53.639,53.506,,5.0,1.0,,,,,
1789040828.4446,collate,0,1,29686,,,,,,43.153,43.078,,4.0,1.0,,,,,
1789040830.8325,collate,0,1,29686,,,,,,49.12,49.014,,6.0,1.0,,,,,
1789040833.7662,collate,0,1,29686,,,,,,94.192,94.014,,6.0,1.0,,,,,
1789040836.344,collate,0,1,29686,,,,,,60.252,60.043,,6.0,1.0,,,,,
1789040839.4528,collate,0,1,29686,,,,,,168.816,168.423,,8.0,1.0,,,,,
1789040841.6151,collate,0,1,29686,,,,,,40.142,38.679,,5.0,1.0,,,,,
1789040843.6309,collate,0,1,29686,,,,,,164.753,164.497,,4.0,1.0,,,,,
1789040845.9274,collate,0,1,29686,,,,,,36.286,34.739,,5.0,1.0,,,,,
1789040847.7238,collate,0,1,29686,,,,,,157.421,156.983,,4.0,1.0,,,,,
1789040849.9062,collate,0,1,29686,,,,,,36.137,36.05,,3.0,1.0,,,,,
1789040852.7698,collate,0,1,29686,,,,,,48.724,48.601,,3.0,1.0,,,,,
1789040856.2343,collate,0,1,29686,,,,,,88.137,87.838,,8.0,1.0,,,,,
1789040857.8547,collate,0,1,29686,,,,,,41.106,41.016,,3.0,1.0,,,,,
1789040859.7835,collate,0,1,29686,,,,,,32.757,32.703,,4.0,1.0,,,,,
1789040862.6583,collate,0,1,29686,,,,,,31.981,31.921,,3.0,1.0,,,,,
1789040866.01,collate,0,1,29686,,,,,,49.951,49.746,,6.0,1.0,,,,,
1789040868.4844,collate,0,1,29686,,,,,,92.461,92.25,,6.0,1.0,,,,,
1789040870.1701,collate,0,1,29686,,,,,,61.824,61.682,,3.0,1.0,,,,,
1789040872.1603,collate,0,1,29686,,,,,,25.916,25.849,,5.0,1.0,,,,,
1789040875.2939,collate,0,1,29686,,,,,,42.086,41.963,,4.0,1.0,,,,,
1789040878.0305,collate,0,1,29686,,,,,,80.859,80.707,,6.0,1.0,,,,,
1789040879.5801,collate,0,1,29686,,,,,,24.278,24.232,,3.0,1.0,,,,,
1789040881.7112,collate,0,1,29686,,,,,,34.675,34.572,,4.0,1.0,,,,,
1789040883.9555,collate,0,1,29686,,,,,,29.764,29.669,,6.0,1.0,,,,,
1789040886.8467,collate,0,1,29686,,,,,,51.553,49.491,,3.0,1.0,,,,,
1789040889.3948,collate,0,1,29686,,,,,,135.498,135.048,,6.0,1.0,,,,,
1789040890.9727,collate,0,1,29686,,,,,,25.657,25.537,,3.0,1.0,,,,,
1789040892.8444,collate,0,1,29686,,,,,,34.149,34.081,,4.0,1.0,,,,,
1789040894.3339,collate,0,1,29686,,,,,,66.94,65.306,,3.0,1.0,,,,,
1789040898.14,collate,0,1,29686,,,,,,45.0,43.418,,7.0,1.0,,,,,
1789040900.3112,collate,0,1,29686,,,,,,26.654,25.245,,4.0,1.0,,,,,
1789040902.5336,collate,0,1,29686,,,,,,37.6,37.47,,5.0,1.0,,,,,
1789040904.3273,collate,0,1,29686,,,,,,38.652,38.535,,3.0,1.0,,,,,
1789040907.994,collate,0,1,29686,,,,,,36.301,36.242,,4.0,1.0,,,,,
1789040910.6415,collate,0,1,29686,,,,,,25.595,25.497,,5.0,1.0,,,,,
1789040913.6452,collate,0,1,29686,,,,,,42.097,41.948,,6.0,1.0,,,,,
1789040915.7976,collate,0,1,29686,,,,,,29.661,29.533,,5.0,1.0,,,,,
1789040918.9851,collate,0,1,29686,,,,,,49.931,49.699,,7.0,1.0,,,,,
1789040920.8665,collate,0,1,29686,,,,,,28.155,28.049,,4.0,1.0,,,,,
1789040922.8324,collate,0,1,29686,,,,,,23.536,23.498,,5.0,1.0,,,,,
1789040924.6774,collate,0,1,29686,,,,,,45.116,45.02,,5.0,1.0,,,,,
1789040927.3489,collate,0,1,29686,,,,,,29.242,29.182,,3.0,1.0,,,,,
1789040930.3024,collate,0,1,29686,,,,,,44.563,44.484,,5.0,1.0,,,,,
1789040932.4414,collate,0,1,29686,,,,,,42.766,42.587,,4.0,1.0,,,,,
1789040935.0397,collate,0,1,29686,,,,,,30.227,30.117,,6.0,1.0,,,,,
1789040937.5876,collate,0,1,29686,,,,,,135.142,134.885,,5.0,1.0,,,,,
1789040939.6815,collate,0,1,29686,,,,,,19.074,18.332,,5.0,1.0,,,,,
1789040941.5182,collate,0,1,29686,,,,,,33.53,33.426,,2.0,1.0,,,,,
1789040945.7976,collate,0,1,29686,,,,,,45.776,45.653,,7.0,1.0,,,,,
1789040947.3035,collate,0,1,29686,,,,,,31.057,31.001,,3.0,1.0,,,,,
1789040950.6088,collate,0,1,29686,,,,,,26.765,26.655,,6.0,1.0,,,,,
1789040952.7423,collate,0,1,29686,,,,,,56.128,54.823,,5.0,1.0,,,,,
1789040954.6867,collate,0,1,29686,,,,,,45.936,45.804,,4.0,1.0,,,,,
1789040957.6379,collate,0,1,29686,,,,,,54.93,54.798,,6.0,1.0,,,,,
1789040959.71,collate,0,1,29686,,,,,,27.5,27.382,,3.0,1.0,,,,,
1789040962.1665,collate,0,1,29686,,,,,,35.77,34.11,,4.0,1.0,,,,,
1789040964.7599,collate,0,1,29686,,,,,,53.658,53.486,,5.0,1.0,,,,,
1789040966.8544,collate,0,1,29686,,,,,,28.863,28.783,,3.0,1.0,,,,,
1789040969.2272,collate,0,1,29686,,,,,,131.725,131.293,,4.0,1.0,,,,,
1789040971.3696,collate,0,1,29686,,,,,,42.414,40.88,,5.0,1.0,,,,,
1789040974.0514,collate,0,1,29686,,,,,,26.113,26.073,,6.0,1.0,,,,,
1789040976.2149,collate,0,1,29686,,,,,,45.06,44.97,,5.0,1.0,,,,,
1789040978.5958,collate,0,1,29686,,,,,,59.379,57.641,,5.0,1.0,,,,,
1789040981.7043,collate,0,1,29686,,,,,,35.383,33.519,,3.0,1.0,,,,,
1789040983.8645,collate,0,1,29686,,,,,,33.353,33.27,,3.0,1.0,,,,,
1789040986.3793,collate,0,1,29686,,,,,,39.353,38.798,,4.0,1.0,,,,,
1789040989.0704,collate,0,1,29686,,,,,,51.804,51.679,,3.0,1.0,,,,,
1789040991.223,collate,0,1,29686,,,,,,46.288,45.823,,4.0,1.0,,,,,
1789040994.1202,collate,0,1,29686,,,,,,23.32,23.232,,5.0,1.0,,,,,
1789040995.6195,collate,0,1,29686,,,,,,30.38,30.317,,2.0,1.0,,,,,
1789040997.3221,collate,0,1,29686,,,,,,33.743,33.68,,2.0,1.0,,,,,
1789041000.4511,collate,0,1,29686,,,,,,70.6,70.474,,5.0,1.0,,,,,
1789041004.6086,collate,0,1,29686,,,,,,25.227,25.145,,6.0,1.0,,,,,
1789041006.504,collate,0,1,29686,,,,,,37.26,37.105,,4.0,1.0,,,,,
1789041008.337,collate,0,1,29686,,,,,,17.887,17.822,,4.0,1.0,,,,,
1789041009.778,collate,0,1,29686,,,,,,29.256,29.196,,2.0,1.0,,,,,
1789041012.0045,collate,0,1,29686,,,,,,38.554,38.502,,4.0,1.0,,,,,
1789041014.9432,collate,0,1,29686,,,,,,19.01,18.98,,7.0,1.0,,,,,
1789041017.3391,collate,0,1,29686,,,,,,45.147,45.073,,6.0,1.0,,,,,
1789041019.4709,collate,0,1,29686,,,,,,42.702,42.635,,5.0,1.0,,,,,
1789041022.0356,collate,0,1,29686,,,,,,22.74,22.712,,6.0,1.0,,,,,
1789041023.259,collate,0,1,29686,,,,,,45.792,45.747,,2.0,1.0,,,,,
1789041026.5696,collate,0,1,29686,,,,,,23.496,23.446,,3.0,1.0,,,,,
1789041030.3973,collate,0,1,29686,,,,,,46.436,46.343,,6.0,1.0,,,,,
1789041032.2642,collate,0,1,29686,,,,,,39.873,37.972,,3.0,1.0,,,,,
1789041035.0417,collate,0,1,29686,,,,,,28.773,27.489,,7.0,1.0,,,,,
1789041038.0737,collate,0,1,29686,,,,,,44.71,44.639,,5.0,1.0,,,,,
1789041041.2406,collate,0,1,29686,,,,,,36.684,36.525,,6.0,1.0,,,,,
1789041043.2879,collate,0,1,29686,,,,,,43.075,43.005,,5.0,1.0,,,,,
1789041044.902,collate,0,1,29686,,,,,,33.92,33.851,,3.0,1.0,,,,,
1789041048.2279,collate,0,1,29686,,,,,,22.777,21.659,,4.0,1.0,,,,,
1789041051.2192,collate,0,1,29686,,,,,,43.807,43.656,,6.0,1.0,,,,,
1789041053.4647,collate,0,1,29686,,,,,,37.521,37.449,,3.0,1.0,,,,,
1789041054.9143,collate,0,1,29686,,,,,,29.073,29.018,,3.0,1.0,,,,,
1789041059.2058,collate,0,1,29686,,,,,,45.989,45.849,,6.0,1.0,,,,,
1789041061.4765,collate,0,1,29686,,,,,,23.267,23.162,,4.0,1.0,,,,,
1789041063.1653,collate,0,1,29686,,,,,,37.352,37.263,,3.0,1.0,,,,,
1789041065.4739,collate,0,1,29686,,,,,,46.966,46.868,,6.0,1.0,,,,,
1789041067.7902,collate,0,1,29686,,,,,,31.356,31.296,,3.0,1.0,,,,,
1789041069.5231,collate,0,1,29686,,,,,,34.466,33.807,,3.0,1.0,,,,,
1789041072.1744,collate,0,1,29686,,,,,,35.531,35.479,,4.0,1.0,,,,,
1789041074.3017,collate,0,1,29686,,,,,,31.184,31.087,,5.0,1.0,,,,,
1789041076.2046,collate,0,1,29686,,,,,,21.311,21.245,,4.0,1.0,,,,,
1789041079.123,collate,0,1,29686,,,,,,50.065,49.97,,6.0,1.0,,,,,
1789041081.8207,collate,0,1,29686,,,,,,36.186,36.076,,7.0,1.0,,,,,
1789041083.2964,collate,0,1,29686,,,,,,34.251,34.13,,2.0,1.0,,,,,
1789041091.4764,collate,0,1,30322,,,,,,69.481,69.151,,5.0,1.0,,,,,
1789041093.5218,collate,0,1,30322,,,,,,46.547,46.43,,5.0,1.0,,,,,
1789041095.6017,collate,0,1,30322,,,,,,59.851,59.625,,5.0,1.0,,,,,
1789041097.8123,collate,0,1,30322,,,,,,33.202,33.142,,7.0,1.0,,,,,
1789041100.0919,collate,0,1,30322,,,,,,23.952,23.886,,7.0,1.0,,,,,
1789041102.7091,collate,0,1,30322,,,,,,35.354,35.287,,7.0,1.0,,,,,
1789041103.9833,collate,0,1,30322,,,,,,22.47,22.386,,3.0,1.0,,,,,
1789041105.3089,collate,0,1,30322,,,,,,26.718,26.654,,3.0,1.0,,,,,
1789041107.6976,collate,0,1,30322,,,,,,52.489,52.385,,6.0,1.0,,,,,
1789041109.3922,collate,0,1,30322,,,,,,24.665,24.589,,4.0,1.0,,,,,
1789041110.6919,collate,0,1,30322,,,,,,20.709,20.657,,4.0,1.0,,,,,
1789041113.1427,collate,0,1,30322,,,,,,50.383,50.25,,6.0,1.0,,,,,
1789041114.8799,collate,0,1,30322,,,,,,35.519,35.413,,4.0,1.0,,,,,
1789041117.3297,collate,0,1,30322,,,,,,33.573,33.508,,6.0,1.0,,,,,
1789041119.1711,collate,0,1,30322,,,,,,24.865,24.799,,5.0,1.0,,,,,
1789041120.7961,collate,0,1,30322,,,,,,27.211,27.161,,4.0,1.0,,,,,
1789041122.3647,collate,0,1,30322,,,,,,24.515,24.483,,4.0,1.0,,,,,
1789041124.1863,collate,0,1,30322,,,,,,23.807,23.741,,5.0,1.0,,,,,
1789041126.1934,collate,0,1,30322,,,,,,43.762,43.404,,5.0,1.0,,,,,
1789041128.259,collate,0,1,30322,,,,,,37.147,37.058,,5.0,1.0,,,,,
1789041130.4368,collate,0,1,30322,,,,,,33.844,33.752,,5.0,1.0,,,,,
1789041132.5668,collate,0,1,30322,,,,,,21.257,21.223,,5.0,1.0,,,,,
1789041135.1386,collate,0,1,30322,,,,,,24.741,24.669,,4.0,1.0,,,,,
1789041136.6875,collate,0,1,30322,,,,,,27.406,27.354,,4.0,1.0,,,,,
1789041139.2691,collate,0,1,30322,,,,,,24.342,24.269,,5.0,1.0,,,,,
1789041141.3598,collate,0,1,30322,,,,,,56.761,56.593,,3.0,1.0,,,,,
1789041143.5445,collate,0,1,30322,,,,,,35.538,35.483,,4.0,1.0,,,,,
1789041145.9036,collate,0,1,30322,,,,,,33.38,33.255,,4.0,1.0,,,,,
1789041148.0427,collate,0,1,30322,,,,,,27.976,27.911,,4.0,1.0,,,,,
1789041150.8834,collate,0,1,30322,,,,,,25.998,25.829,,7.0,1.0,,,,,
1789041152.6396,collate,0,1,30322,,,,,,23.112,23.067,,4.0,1.0,,,,,
1789041154.8202,collate,0,1,30322,,,,,,47.458,47.346,,5.0,1.0,,,,,
1789041157.0783,collate,0,1,30322,,,,,,32.651,32.502,,5.0,1.0,,,,,
1789041159.7407,collate,0,1,30322,,,,,,22.527,22.478,,6.0,1.0,,,,,
1789041160.7972,collate,0,1,30322,,,,,,36.156,36.007,,3.0,1.0,,,,,
1789041163.376,collate,0,1,30322,,,,,,28.851,28.811,,5.0,1.0,,,,,
1789041165.2154,collate,0,1,30322,,,,,,27.688,27.607,,4.0,1.0,,,,,
1789041168.0263,collate,0,1,30322,,,,,,45.67,45.587,,6.0,1.0,,,,,
1789041169.9004,collate,0,1,30322,,,,,,34.602,34.528,,5.0,1.0,,,,,
1789041171.7786,collate,0,1,30322,,,,,,33.311,33.204,,4.0,1.0,,,,,
1789041174.3191,collate,0,1,30322,,,,,,28.136,28.031,,4.0,1.0,,,,,
1789041178.1398,collate,0,1,30322,,,,,,24.409,24.253,,6.0,1.0,,,,,
1789041180.4646,collate,0,1,30322,,,,,,23.016,22.951,,7.0,1.0,,,,,
1789041182.4574,collate,0,1,30322,,,,,,34.458,34.391,,5.0,1.0,,,,,
1789041185.1221,collate,0,1,30322,,,,,,33.611,33.471,,7.0,1.0,,,,,
1789041186.3743,collate,0,1,30322,,,,,,22.143,22.098,,3.0,1.0,,,,,
1789041187.4827,collate,0,1,30322,,,,,,33.468,33.415,,3.0,1.0,,,,,
1789041189.4938,collate,0,1,30322,,,,,,23.68,23.603,,3.0,1.0,,,,,
1789041191.9892,collate,0,1,30322,,,,,,23.462,23.407,,4.0,1.0,,,,,
1789041193.9853,collate,0,1,30322,,,,,,24.103,24.022,,3.0,1.0,,,,,
1789041196.2256,collate,0,1,30322,,,,,,46.477,46.319,,6.0,1.0,,,,,
1789041199.08,collate,0,1,30322,,,,,,36.224,36.08,,7.0,1.0,,,,,
1789041201.2835,collate,0,1,30322,,,,,,43.233,43.054,,6.0,1.0,,,,,
1789041202.8875,collate,0,1,30322,,,,,,58.235,58.098,,4.0,1.0,,,,,
1789041204.2787,collate,0,1,30322,,,,,,23.799,23.683,,3.0,1.0,,,,,
1789041208.864,collate,0,1,30322,,,,,,30.765,30.696,,6.0,1.0,,,,,
1789041211.3265,collate,0,1,30322,,,,,,51.139,50.984,,6.0,1.0,,,,,
1789041213.0632,collate,0,1,30322,,,,,,35.312,35.249,,4.0,1.0,,,,,
1789041215.0652,collate,0,1,30322,,,,,,22.826,22.725,,6.0,1.0,,,,,
1789041216.304,collate,0,1,30322,,,,,,23.488,23.411,,3.0,1.0,,,,,
1789041218.3664,collate,0,1,30322,,,,,,32.109,32.019,,3.0,1.0,,,,,
1789041220.8349,collate,0,1,30322,,,,,,27.311,27.211,,6.0,1.0,,,,,
1789041222.5734,collate,0,1,30322,,,,,,37.357,37.276,,4.0,1.0,,,,,
1789041224.6099,collate,0,1,30322,,,,,,32.005,31.942,,5.0,1.0,,,,,
1789041226.899,collate,0,1,30322,,,,,,102.247,101.953,,6.0,1.0,,,,,
1789041229.4694,collate,0,1,30322,,,,,,38.719,38.59,,4.0,1.0,,,,,
1789041230.6947,collate,0,1,30322,,,,,,25.489,25.432,,3.0,1.0,,,,,
1789041233.0354,collate,0,1,30322,,,,,,24.269,24.236,,4.0,1.0,,,,,
1789041234.9393,collate,0,1,30322,,,,,,51.601,51.504,,3.0,1.0,,,,,
1789041238.4939,collate,0,1,30322,,,,,,33.877,33.735,,6.0,1.0,,,,,
1789041240.1987,collate,0,1,30322,,,,,,37.319,37.261,,4.0,1.0,,,,,
1789041241.8557,collate,0,1,30322,,,,,,23.853,23.766,,4.0,1.0,,,,,
1789041243.501,collate,0,1,30322,,,,,,25.775,25.68,,4.0,1.0,,,,,
1789041246.2693,collate,0,1,30322,,,,,,28.397,28.323,,7.0,1.0,,,,,
1789041247.8699,collate,0,1,30322,,,,,,169.76,169.323,,4.0,1.0,,,,,
1789041250.6733,collate,0,1,30322,,,,,,49.141,48.325,,8.0,1.0,,,,,
1789041252.8673,collate,0,1,30322,,,,,,118.606,118.165,,6.0,1.0,,,,,
1789041255.2468,collate,0,1,30322,,,,,,27.774,27.671,,6.0,1.0,,,,,
1789041257.2181,collate,0,1,30322,,,,,,25.144,25.082,,5.0,1.0,,,,,
1789041258.7044,collate,0,1,30322,,,,,,47.603,47.515,,4.0,1.0,,,,,
1789041260.6244,collate,0,1,30322,,,,,,22.831,22.758,,4.0,1.0,,,,,
1789041262.847,collate,0,1,30322,,,,,,26.653,26.612,,4.0,1.0,,,,,
1789041264.8067,collate,0,1,30322,,,,,,45.511,45.425,,4.0,1.0,,,,,
1789041267.0993,collate,0,1,30322,,,,,,32.363,32.253,,4.0,1.0,,,,,
1789041269.4452,collate,0,1,30322,,,,,,26.417,26.341,,5.0,1.0,,,,,
1789041271.671,collate,0,1,30322,,,,,,26.224,26.131,,6.0,1.0,,,,,
1789041273.6799,collate,0,1,30322,,,,,,101.553,101.284,,5.0,1.0,,,,,
1789041275.5765,collate,0,1,30322,,,,,,53.254,53.032,,4.0,1.0,,,,,
1789041277.5824,collate,0,1,30322,,,,,,32.228,32.156,,5.0,1.0,,,,,
1789041279.8767,collate,0,1,30322,,,,,,24.588,24.544,,6.0,1.0,,,,,
1789041281.7668,collate,0,1,30322,,,,,,29.143,29.037,,5.0,1.0,,,,,
1789041283.9712,collate,0,1,30322,,,,,,27.033,26.947,,4.0,1.0,,,,,
1789041286.5677,collate,0,1,30322,,,,,,54.829,54.636,,3.0,1.0,,,,,
1789041289.01,collate,0,1,30322,,,,,,71.226,70.986,,5.0,1.0,,,,,
1789041290.4421,collate,0,1,30322,,,,,,48.552,48.392,,4.0,1.0,,,,,
1789041293.0209,collate,0,1,30322,,,,,,34.181,34.138,,5.0,1.0,,,,,
1789041295.5931,collate,0,1,30322,,,,,,28.473,28.312,,5.0,1.0,,,,,
1789041297.9897,collate,0,1,30322,,,,,,24.562,24.513,,4.0,1.0,,,,,
1789041300.2218,collate,0,1,30322,,,,,,33.378,33.308,,4.0,1.0,,,,,
1789041301.7969,collate,0,1,30322,,,,,,22.603,22.516,,3.0,1.0,,,,,
1789041304.6496,collate,0,1,30322,,,,,,46.167,46.023,,6.0,1.0,,,,,
1789041306.0765,collate,0,1,30322,,,,,,31.734,31.682,,3.0,1.0,,,,,
1789041308.2843,collate,0,1,30322,,,,,,35.593,35.379,,5.0,1.0,,,,,
1789041310.5365,collate,0,1,30322,,,,,,35.944,35.607,,4.0,1.0,,,,,
1789041312.055,collate,0,1,30322,,,,,,26.687,26.595,,3.0,1.0,,,,,
1789041313.9722,collate,0,1,30322,,,,,,23.456,23.385,,4.0,1.0,,,,,
1789041316.3463,collate,0,1,30322,,,,,,46.642,46.514,,6.0,1.0,,,,,
1789041318.3229,collate,0,1,30322,,,,,,47.61,47.499,,4.0,1.0,,,,,
1789041320.6519,collate,0,1,30322,,,,,,20.085,20.022,,3.0,1.0,,,,,
1789041322.3503,collate,0,1,30322,,,,,,26.747,26.66,,2.0,1.0,,,,,
1789041325.08,collate,0,1,30322,,,,,,27.177,27.113,,4.0,1.0,,,,,
1789041327.0598,collate,0,1,30322,,,,,,27.882,27.824,,5.0,1.0,,,,,
1789041329.1096,collate,0,1,30322,,,,,,21.68,21.575,,4.0,1.0,,,,,
1789041331.2916,collate,0,1,30322,,,,,,36.439,36.342,,4.0,1.0,,,,,
1789041333.1695,collate,0,1,30322,,,,,,46.277,46.152,,3.0,1.0,,,,,
1789041090.7078,collate,0,0,30305,,,,,,72.096,71.914,,4.0,1.0,,,,,
1789041092.5593,collate,0,0,30305,,,,,,46.147,46.057,,5.0,1.0,,,,,
1789041094.0965,collate,0,0,30305,,,,,,162.729,162.167,,3.0,1.0,,,,,
1789041096.8396,collate,0,0,30305,,,,,,33.193,33.092,,8.0,1.0,,,,,
1789041099.1108,collate,0,0,30305,,,,,,124.228,123.94,,6.0,1.0,,,,,
1789041100.8595,collate,0,0,30305,,,,,,30.899,30.807,,5.0,1.0,,,,,
1789041102.7728,collate,0,0,30305,,,,,,27.56,27.485,,5.0,1.0,,,,,
1789041104.7493,collate,0,0,30305,,,,,,23.475,23.43,,4.0,1.0,,,,,
1789041106.4662,collate,0,0,30305,,,,,,27.633,27.498,,4.0,1.0,,,,,
1789041107.8825,collate,0,0,30305,,,,,,141.972,141.584,,3.0,1.0,,,,,
1789041109.0343,collate,0,0,30305,,,,,,44.556,44.475,,3.0,1.0,,,,,
1789041111.0493,collate,0,0,30305,,,,,,33.059,32.959,,6.0,1.0,,,,,
1789041112.7568,collate,0,0,30305,,,,,,22.578,22.535,,4.0,1.0,,,,,
1789041114.8875,collate,0,0,30305,,,,,,28.137,28.081,,6.0,1.0,,,,,
1789041117.2598,collate,0,0,30305,,,,,,47.956,46.304,,6.0,1.0,,,,,
1789041119.369,collate,0,0,30305,,,,,,50.403,50.267,,5.0,1.0,,,,,
1789041121.094,collate,0,0,30305,,,,,,315.874,314.975,,3.0,1.0,,,,,
1789041122.8567,collate,0,0,30305,,,,,,39.339,39.252,,4.0,1.0,,,,,
1789041125.0446,collate,0,0,30305,,,,,,42.331,42.234,,6.0,1.0,,,,,
1789041126.1929,collate,0,0,30305,,,,,,34.918,34.735,,2.0,1.0,,,,,
1789041128.409,collate,0,0,30305,,,,,,39.239,39.149,,4.0,1.0,,,,,
1789041130.7719,collate,0,0,30305,,,,,,53.59,53.419,,6.0,1.0,,,,,
1789041132.13,collate,0,0,30305,,,,,,143.492,143.183,,2.0,1.0,,,,,
1789041134.0772,collate,0,0,30305,,,,,,29.764,29.693,,2.0,1.0,,,,,
1789041136.666,collate,0,0,30305,,,,,,118.271,117.97,,4.0,1.0,,,,,
1789041138.511,collate,0,0,30305,,,,,,20.755,20.73,,2.0,1.0,,,,,
1789041141.3249,collate,0,0,30305,,,,,,31.143,31.052,,3.0,1.0,,,,,
1789041143.207,collate,0,0,30305,,,,,,24.062,23.975,,4.0,1.0,,,,,
1789041145.3053,collate,0,0,30305,,,,,,47.722,47.632,,3.0,1.0,,,,,
1789041147.8452,collate,0,0,30305,,,,,,44.506,44.425,,4.0,1.0,,,,,
1789041150.5233,collate,0,0,30305,,,,,,35.089,34.994,,6.0,1.0,,,,,
1789041152.0448,collate,0,0,30305,,,,,,31.326,31.262,,4.0,1.0,,,,,
1789041153.6153,collate,0,0,30305,,,,,,35.437,35.313,,4.0,1.0,,,,,
1789041155.3205,collate,0,0,30305,,,,,,25.062,24.987,,4.0,1.0,,,,,
1789041157.1662,collate,0,0,30305,,,,,,24.967,24.901,,3.0,1.0,,,,,
1789041160.5265,collate,0,0,30305,,,,,,43.451,43.338,,3.0,1.0,,,,,
1789041163.3833,collate,0,0,30305,,,,,,37.314,37.252,,7.0,1.0,,,,,
1789041165.2357,collate,0,0,30305,,,,,,37.862,37.771,,5.0,1.0,,,,,
1789041167.4155,collate,0,0,30305,,,,,,21.154,21.091,,5.0,1.0,,,,,
1789041169.599,collate,0,0,30305,,,,,,61.565,61.456,,4.0,1.0,,,,,
1789041173.0454,collate,0,0,30305,,,,,,25.263,25.23,,4.0,1.0,,,,,
1789041175.142,collate,0,0,30305,,,,,,20.075,20.041,,3.0,1.0,,,,,
1789041177.4597,collate,0,0,30305,,,,,,44.654,44.536,,6.0,1.0,,,,,
1789041178.6216,collate,0,0,30305,,,,,,35.235,35.159,,3.0,1.0,,,,,
1789041182.0796,collate,0,0,30305,,,,,,33.065,32.913,,5.0,1.0,,,,,
1789041184.7787,collate,0,0,30305,,,,,,28.445,28.369,,7.0,1.0,,,,,
1789041186.3738,collate,0,0,30305,,,,,,24.921,24.868,,4.0,1.0,,,,,
1789041188.1557,collate,0,0,30305,,,,,,21.812,21.763,,5.0,1.0,,,,,
1789041190.3643,collate,0,0,30305,,,,,,36.372,36.256,,6.0,1.0,,,,,
1789041192.6203,collate,0,0,30305,,,,,,31.216,31.15,,6.0,1.0,,,,,
1789041194.3149,collate,0,0,30305,,,,,,43.675,43.578,,4.0,1.0,,,,,
1789041197.0534,collate,0,0,30305,,,,,,31.773,31.719,,7.0,1.0,,,,,
1789041198.7232,collate,0,0,30305,,,,,,26.215,26.163,,4.0,1.0,,,,,
1789041201.9607,collate,0,0,30305,,,,,,22.479,22.421,,7.0,1.0,,,,,
1789041202.9307,collate,0,0,30305,,,,,,30.054,29.937,,2.0,1.0,,,,,
1789041206.5834,collate,0,0,30305,,,,,,34.783,34.688,,7.0,1.0,,,,,
1789041208.0415,collate,0,0,30305,,,,,,33.278,33.199,,3.0,1.0,,,,,
1789041210.5616,collate,0,0,30305,,,,,,37.608,37.443,,4.0,1.0,,,,,
1789041212.4863,collate,0,0,30305,,,,,,36.557,36.458,,4.0,1.0,,,,,
1789041214.3779,collate,0,0,30305,,,,,,22.635,22.565,,5.0,1.0,,,,,
1789041216.7901,collate,0,0,30305,,,,,,34.824,34.721,,7.0,1.0,,,,,
1789041218.5953,collate,0,0,30305,,,,,,34.159,34.06,,6.0,1.0,,,,,
1789041220.8446,collate,0,0,30305,,,,,,40.844,40.645,,6.0,1.0,,,,,
1789041223.1415,collate,0,0,30305,,,,,,22.133,22.049,,6.0,1.0,,,,,
1789041225.3018,collate,0,0,30305,,,,,,27.683,27.626,,4.0,1.0,,,,,
1789041227.3654,collate,0,0,30305,,,,,,23.036,22.996,,4.0,1.0,,,,,
1789041228.7672,collate,0,0,30305,,,,,,21.451,21.422,,3.0,1.0,,,,,
1789041232.5633,collate,0,0,30305,,,,,,82.216,82.102,,5.0,1.0,,,,,
1789041234.0965,collate,0,0,30305,,,,,,61.158,61.033,,2.0,1.0,,,,,
1789041237.415,collate,0,0,30305,,,,,,69.551,69.114,,7.0,1.0,,,,,
1789041239.3522,collate,0,0,30305,,,,,,29.251,29.145,,5.0,1.0,,,,,
1789041240.8054,collate,0,0,30305,,,,,,39.81,39.731,,3.0,1.0,,,,,
1789041242.5911,collate,0,0,30305,,,,,,24.919,24.849,,4.0,1.0,,,,,
1789041244.9602,collate,0,0,30305,,,,,,38.733,38.494,,6.0,1.0,,,,,
1789041246.9385,collate,0,0,30305,,,,,,34.557,34.462,,4.0,1.0,,,,,
1789041250.0756,collate,0,0,30305,,,,,,38.515,38.447,,7.0,1.0,,,,,
1789041252.1423,collate,0,0,30305,,,,,,24.674,24.629,,6.0,1.0,,,,,
1789041254.573,collate,0,0,30305,,,,,,36.06,35.979,,7.0,1.0,,,,,
1789041256.0791,collate,0,0,30305,,,,,,25.616,25.526,,4.0,1.0,,,,,
1789041257.9332,collate,0,0,30305,,,,,,23.704,23.633,,5.0,1.0,,,,,
1789041260.7099,collate,0,0,30305,,,,,,45.353,45.224,,6.0,1.0,,,,,
1789041263.1511,collate,0,0,30305,,,,,,41.912,41.828,,5.0,1.0,,,,,
1789041265.0494,collate,0,0,30305,,,,,,22.629,22.576,,5.0,1.0,,,,,
1789041266.8259,collate,0,0,30305,,,,,,32.014,31.903,,3.0,1.0,,,,,
1789041269.9586,collate,0,0,30305,,,,,,30.639,30.445,,5.0,1.0,,,,,
1789041272.6732,collate,0,0,30305,,,,,,22.916,22.878,,7.0,1.0,,,,,
1789041275.225,collate,0,0,30305,,,,,,63.286,63.146,,7.0,1.0,,,,,
1789041277.2105,collate,0,0,30305,,,,,,32.778,32.73,,6.0,1.0,,,,,
1789041278.4534,collate,0,0,30305,,,,,,34.344,34.281,,3.0,1.0,,,,,
1789041279.8851,collate,0,0,30305,,,,,,34.61,34.565,,3.0,1.0,,,,,
1789041283.0025,collate,0,0,30305,,,,,,28.117,28.057,,6.0,1.0,,,,,
1789041284.7202,collate,0,0,30305,,,,,,24.197,24.159,,5.0,1.0,,,,,
1789041287.4508,collate,0,0,30305,,,,,,24.438,24.369,,6.0,1.0,,,,,
1789041289.654,collate,0,0,30305,,,,,,33.597,33.539,,5.0,1.0,,,,,
1789041291.9752,collate,0,0,30305,,,,,,33.41,33.362,,4.0,1.0,,,,,
1789041293.9265,collate,0,0,30305,,,,,,23.536,23.446,,5.0,1.0,,,,,
1789041295.6917,collate,0,0,30305,,,,,,28.649,28.526,,5.0,1.0,,,,,
1789041297.9913,collate,0,0,30305,,,,,,23.94,23.883,,3.0,1.0,,,,,
1789041300.4529,collate,0,0,30305,,,,,,34.918,34.846,,5.0,1.0,,,,,
1789041303.2485,collate,0,0,30305,,,,,,48.865,48.698,,6.0,1.0,,,,,
1789041305.2221,collate,0,0,30305,,,,,,37.583,37.468,,5.0,1.0,,,,,
1789041306.4415,collate,0,0,30305,,,,,,44.774,44.673,,3.0,1.0,,,,,
1789041309.0456,collate,0,0,30305,,,,,,29.383,29.282,,4.0,1.0,,,,,
1789041311.4181,collate,0,0,30305,,,,,,25.672,25.626,,6.0,1.0,,,,,
1789041313.4205,collate,0,0,30305,,,,,,21.406,21.356,,3.0,1.0,,,,,
1789041315.9386,collate,0,0,30305,,,,,,44.304,43.863,,5.0,1.0,,,,,
1789041318.1404,collate,0,0,30305,,,,,,34.132,34.06,,6.0,1.0,,,,,
1789041319.787,collate,0,0,30305,,,,,,32.942,32.828,,3.0,1.0,,,,,
1789041322.3289,collate,0,0,30305,,,,,,31.708,31.61,,5.0,1.0,,,,,
1789041324.3053,collate,0,0,30305,,,,,,34.562,34.437,,6.0,1.0,,,,,
1789041326.4648,collate,0,0,30305,,,,,,22.903,22.85,,7.0,1.0,,,,,
1789041327.9865,collate,0,0,30305,,,,,,50.996,50.899,,4.0,1.0,,,,,
1789041329.5684,collate,0,0,30305,,,,,,35.454,33.669,,3.0,1.0,,,,,
1789041331.4144,collate,0,0,30305,,,,,,34.616,34.529,,4.0,1.0,,,,,
1789041332.8315,collate,0,0,30305,,,,,,21.78,21.748,,1.0,1.0,,,,,
1789039865.6928,collate,0,0,29675,,,,,,52.173,52.039,,2.0,1.0,,,,,
1789039867.8701,collate,0,0,29675,,,,,,57.762,57.66,,6.0,1.0,,,,,
1789039869.5012,collate,0,0,29675,,,,,,31.9,31.787,,3.0,1.0,,,,,
1789039871.4159,collate,0,0,29675,,,,,,26.042,25.999,,4.0,1.0,,,,,
1789039873.3707,collate,0,0,29675,,,,,,34.158,34.108,,5.0,1.0,,,,,
1789039875.1476,collate,0,0,29675,,,,,,34.113,34.061,,4.0,1.0,,,,,
1789039877.2468,collate,0,0,29675,,,,,,27.96,27.911,,5.0,1.0,,,,,
1789039879.0301,collate,0,0,29675,,,,,,51.199,51.046,,4.0,1.0,,,,,
1789039880.7403,collate,0,0,29675,,,,,,35.828,35.726,,3.0,1.0,,,,,
1789039882.5795,collate,0,0,29675,,,,,,33.745,33.699,,4.0,1.0,,,,,
1789039884.1659,collate,0,0,29675,,,,,,40.009,39.862,,3.0,1.0,,,,,
1789039885.9396,collate,0,0,29675,,,,,,46.276,46.165,,3.0,1.0,,,,,
1789039888.2945,collate,0,0,29675,,,,,,19.886,19.859,,6.0,1.0,,,,,
1789039889.8434,collate,0,0,29675,,,,,,33.144,33.091,,3.0,1.0,,,,,
1789039891.6763,collate,0,0,29675,,,,,,31.188,31.127,,4.0,1.0,,,,,
1789039894.2491,collate,0,0,29675,,,,,,37.105,36.993,,7.0,1.0,,,,,
1789039895.5787,collate,0,0,29675,,,,,,33.924,33.863,,2.0,1.0,,,,,
1789039898.3679,collate,0,0,29675,,,,,,32.456,32.413,,7.0,1.0,,,,,
1789039899.8703,collate,0,0,29675,,,,,,33.803,33.749,,3.0,1.0,,,,,
1789039902.1079,collate,0,0,29675,,,,,,48.947,48.874,,4.0,1.0,,,,,
1789039905.1503,collate,0,0,29675,,,,,,45.242,45.182,,5.0,1.0,,,,,
1789039907.2979,collate,0,0,29675,,,,,,20.888,20.863,,3.0,1.0,,,,,
1789039910.0735,collate,0,0,29675,,,,,,34.153,34.084,,4.0,1.0,,,,,
1789039912.7474,collate,0,0,29675,,,,,,40.83,40.71,,6.0,1.0,,,,,
1789039914.9755,collate,0,0,29675,,,,,,19.596,19.56,,3.0,1.0,,,,,
1789039916.5203,collate,0,0,29675,,,,,,31.995,31.916,,3.0,1.0,,,,,
1789039919.4098,collate,0,0,29675,,,,,,42.829,42.769,,4.0,1.0,,,,,
1789039923.6592,collate,0,0,29675,,,,,,22.058,22.031,,6.0,1.0,,,,,
1789039925.8699,collate,0,0,29675,,,,,,48.191,48.086,,5.0,1.0,,,,,
1789039927.5903,collate,0,0,29675,,,,,,40.23,40.162,,3.0,1.0,,,,,
1789039929.5748,collate,0,0,29675,,,,,,21.666,21.634,,5.0,1.0,,,,,
1789039932.0375,collate,0,0,29675,,,,,,45.532,45.468,,5.0,1.0,,,,,
1789039934.9883,collate,0,0,29675,,,,,,23.499,23.45,,6.0,1.0,,,,,
1789039937.3294,collate,0,0,29675,,,,,,43.175,43.1,,6.0,1.0,,,,,
1789039939.5556,collate,0,0,29675,,,,,,44.074,43.884,,5.0,1.0,,,,,
1789039941.3922,collate,0,0,29675,,,,,,25.02,24.92,,3.0,1.0,,,,,
1789039945.8794,collate,0,0,29675,,,,,,46.654,46.527,,7.0,1.0,,,,,
1789039948.0707,collate,0,0,29675,,,,,,40.205,39.99,,6.0,1.0,,,,,
1789039949.7714,collate,0,0,29675,,,,,,32.956,32.877,,4.0,1.0,,,,,
1789039951.9683,collate,0,0,29675,,,,,,45.504,45.427,,5.0,1.0,,,,,
1789039954.0306,collate,0,0,29675,,,,,,41.181,41.107,,4.0,1.0,,,,,
1789039957.2929,collate,0,0,29675,,,,,,20.931,20.903,,5.0,1.0,,,,,
1789039960.4562,collate,0,0,29675,,,,,,49.927,49.826,,7.0,1.0,,,,,
1789039962.4139,collate,0,0,29675,,,,,,31.297,31.244,,4.0,1.0,,,,,
1789039964.6135,collate,0,0,29675,,,,,,47.668,47.601,,5.0,1.0,,,,,
1789039966.2656,collate,0,0,29675,,,,,,31.634,31.544,,3.0,1.0,,,,,
1789039969.9245,collate,0,0,29675,,,,,,22.681,22.627,,8.0,1.0,,,,,
1789039971.605,collate,0,0,29675,,,,,,32.813,32.73,,3.0,1.0,,,,,
1789039974.1477,collate,0,0,29675,,,,,,51.242,51.155,,5.0,1.0,,,,,
1789039976.1113,collate,0,0,29675,,,,,,21.322,21.296,,3.0,1.0,,,,,
1789039978.4805,collate,0,0,29675,,,,,,47.711,47.634,,5.0,1.0,,,,,
1789039981.4982,collate,0,0,29675,,,,,,56.926,56.697,,6.0,1.0,,,,,
1789039983.2572,collate,0,0,29675,,,,,,23.745,23.7,,4.0,1.0,,,,,
1789039985.307,collate,0,0,29675,,,,,,19.168,19.133,,2.0,1.0,,,,,
1789039988.7085,collate,0,0,29675,,,,,,30.703,30.657,,4.0,1.0,,,,,
1789039991.2054,collate,0,0,29675,,,,,,31.445,31.343,,3.0,1.0,,,,,
1789039994.2934,collate,0,0,29675,,,,,,45.385,45.279,,5.0,1.0,,,,,
1789039997.2764,collate,0,0,29675,,,,,,40.345,40.278,,6.0,1.0,,,,,
1789039999.9435,collate,0,0,29675,,,,,,20.07,20.046,,7.0,1.0,,,,,
1789040002.542,collate,0,0,29675,,,,,,47.724,47.626,,7.0,1.0,,,,,
1789040004.5801,collate,0,0,29675,,,,,,36.996,36.941,,4.0,1.0,,,,,
1789040006.3979,collate,0,0,29675,,,,,,25.496,25.451,,2.0,1.0,,,,,
1789040009.6622,collate,0,0,29675,,,,,,21.343,21.315,,5.0,1.0,,,,,
1789040012.4859,collate,0,0,29675,,,,,,45.624,45.554,,6.0,1.0,,,,,
1789040014.1209,collate,0,0,29675,,,,,,26.095,26.038,,4.0,1.0,,,,,
1789040016.9509,collate,0,0,29675,,,,,,32.377,32.304,,5.0,1.0,,,,,
1789040019.8144,collate,0,0,29675,,,,,,43.622,43.557,,6.0,1.0,,,,,
1789040021.4913,collate,0,0,29675,,,,,,34.966,34.821,,3.0,1.0,,,,,
1789040023.5256,collate,0,0,29675,,,,,,29.676,29.629,,5.0,1.0,,,,,
1789040026.4253,collate,0,0,29675,,,,,,45.641,45.562,,5.0,1.0,,,,,
1789040028.4789,collate,0,0,29675,,,,,,20.834,20.796,,4.0,1.0,,,,,
1789040030.5565,collate,0,0,29675,,,,,,37.014,36.88,,3.0,1.0,,,,,
1789040034.1036,collate,0,0,29675,,,,,,44.694,44.56,,6.0,1.0,,,,,
1789040036.0885,collate,0,0,29675,,,,,,29.194,29.076,,3.0,1.0,,,,,
1789040038.77,collate,0,0,29675,,,,,,54.919,54.841,,4.0,1.0,,,,,
1789040040.7006,collate,0,0,29675,,,,,,36.901,36.805,,4.0,1.0,,,,,
1789040043.4081,collate,0,0,29675,,,,,,23.309,23.273,,5.0,1.0,,,,,
1789040045.6537,collate,0,0,29675,,,,,,43.648,43.555,,5.0,1.0,,,,,
1789040047.7661,collate,0,0,29675,,,,,,36.839,36.782,,4.0,1.0,,,,,
1789040050.4509,collate,0,0,29675,,,,,,24.332,24.29,,6.0,1.0,,,,,
1789040053.4952,collate,0,0,29675,,,,,,43.237,43.159,,4.0,1.0,,,,,
1789040056.3528,collate,0,0,29675,,,,,,42.401,42.337,,4.0,1.0,,,,,
1789040058.2301,collate,0,0,29675,,,,,,22.679,22.643,,4.0,1.0,,,,,
1789040060.0428,collate,0,0,29675,,,,,,34.92,34.855,,3.0,1.0,,,,,
1789040063.532,collate,0,0,29675,,,,,,35.572,35.517,,4.0,1.0,,,,,
1789040066.2698,collate,0,0,29675,,,,,,46.41,46.295,,5.0,1.0,,,,,
1789040068.143,collate,0,0,29675,,,,,,26.583,26.543,,4.0,1.0,,,,,
1789040069.9038,collate,0,0,29675,,,,,,31.608,31.551,,4.0,1.0,,,,,
1789040072.1678,collate,0,0,29675,,,,,,44.138,44.059,,6.0,1.0,,,,,
1789040075.5233,collate,0,0,29675,,,,,,32.643,32.526,,4.0,1.0,,,,,
1789040077.2963,collate,0,0,29675,,,,,,44.32,44.231,,4.0,1.0,,,,,
1789040080.5238,collate,0,0,29675,,,,,,47.808,47.675,,8.0,1.0,,,,,
1789040082.4435,collate,0,0,29675,,,,,,30.132,30.074,,4.0,1.0,,,,,
1789040084.4364,collate,0,0,29675,,,,,,16.571,16.539,,5.0,1.0,,,,,
1789040085.5888,collate,0,0,29675,,,,,,30.764,30.679,,2.0,1.0,,,,,
1789040089.1907,collate,0,0,29675,,,,,,39.431,39.351,,5.0,1.0,,,,,
1789040091.4724,collate,0,0,29675,,,,,,21.54,21.477,,4.0,1.0,,,,,
1789040094.5124,collate,0,0,29675,,,,,,59.028,58.929,,6.0,1.0,,,,,
1789040096.1842,collate,0,0,29675,,,,,,24.089,23.966,,4.0,1.0,,,,,
1789040098.4041,collate,0,0,29675,,,,,,34.21,34.153,,5.0,1.0,,,,,
1789040101.1321,collate,0,0,29675,,,,,,45.333,45.157,,5.0,1.0,,,,,
1789040103.3872,collate,0,0,29675,,,,,,37.051,36.97,,6.0,1.0,,,,,
1789040105.3213,collate,0,0,29675,,,,,,34.503,34.432,,4.0,1.0,,,,,
1789040108.2404,collate,0,0,29675,,,,,,45.604,45.526,,5.0,1.0,,,,,
1789040110.1134,collate,0,0,29675,,,,,,31.445,31.368,,4.0,1.0,,,,,
1789040112.4791,collate,0,0,29675,,,,,,41.652,41.589,,5.0,1.0,,,,,
1789040115.7692,collate,0,0,29675,,,,,,41.3,41.211,,7.0,1.0,,,,,
1789040117.7852,collate,0,0,29675,,,,,,28.06,28.019,,5.0,1.0,,,,,
1789040120.7708,collate,0,0,29675,,,,,,44.67,44.586,,8.0,1.0,,,,,
1789040122.0076,collate,0,0,29675,,,,,,37.93,37.878,,2.0,1.0,,,,,
1789040125.0817,collate,0,0,29675,,,,,,20.095,20.048,,5.0,1.0,,,,,
1789040127.5443,collate,0,0,29675,,,,,,46.899,46.824,,5.0,1.0,,,,,
1789040129.2866,collate,0,0,29675,,,,,,33.435,33.35,,2.0,1.0,,,,,
1789040132.2747,collate,0,0,29675,,,,,,20.214,20.177,,2.0,1.0,,,,,
1789040134.5741,collate,0,0,29675,,,,,,45.114,45.044,,4.0,1.0,,,,,
1789040136.9377,collate,0,0,29675,,,,,,34.657,34.527,,5.0,1.0,,,,,
1789040139.521,collate,0,0,29675,,,,,,48.227,48.094,,6.0,1.0,,,,,
1789040142.0513,collate,0,0,29675,,,,,,89.255,89.114,,5.0,1.0,,,,,
1789040145.1346,collate,0,0,29675,,,,,,88.844,88.675,,7.0,1.0,,,,,
1789040147.3213,collate,0,0,29675,,,,,,60.42,60.325,,6.0,1.0,,,,,
1789040149.9168,collate,0,0,29675,,,,,,53.695,50.242,,7.0,1.0,,,,,
1789040151.4855,collate,0,0,29675,,,,,,53.275,53.183,,3.0,1.0,,,,,
1789040153.8359,collate,0,0,29675,,,,,,94.686,94.549,,5.0,1.0,,,,,
1789040156.1017,collate,0,0,29675,,,,,,22.766,20.503,,5.0,1.0,,,,,
1789040158.185,collate,0,0,29675,,,,,,45.591,45.519,,6.0,1.0,,,,,
1789040161.0855,collate,0,0,29675,,,,,,37.869,37.72,,8.0,1.0,,,,,
1789040163.1913,collate,0,0,29675,,,,,,47.681,47.622,,4.0,1.0,,,,,
1789040165.4359,collate,0,0,29675,,,,,,25.41,25.368,,4.0,1.0,,,,,
1789040167.2218,collate,0,0,29675,,,,,,53.088,52.978,,3.0,1.0,,,,,
1789040170.3153,collate,0,0,29675,,,,,,42.356,42.29,,4.0,1.0,,,,,
1789040172.4313,collate,0,0,29675,,,,,,37.635,37.56,,3.0,1.0,,,,,
1789040174.5318,collate,0,0,29675,,,,,,17.633,17.612,,4.0,1.0,,,,,
1789040176.9165,collate,0,0,29675,,,,,,69.569,69.403,,3.0,1.0,,,,,
1789040179.3907,collate,0,0,29675,,,,,,30.854,30.798,,3.0,1.0,,,,,
1789040181.9208,collate,0,0,29675,,,,,,52.03,51.879,,4.0,1.0,,,,,
1789040184.0789,collate,0,0,29675,,,,,,29.871,29.819,,3.0,1.0,,,,,
1789040185.6901,collate,0,0,29675,,,,,,62.301,62.112,,3.0,1.0,,,,,
1789040189.6115,collate,0,0,29675,,,,,,47.395,47.32,,5.0,1.0,,,,,
1789040192.6246,collate,0,0,29675,,,,,,38.036,37.965,,5.0,1.0,,,,,
1789040195.0549,collate,0,0,29675,,,,,,20.944,20.868,,6.0,1.0,,,,,
1789040197.115,collate,0,0,29675,,,,,,45.726,45.594,,5.0,1.0,,,,,
1789040199.1839,collate,0,0,29675,,,,,,40.586,40.511,,4.0,1.0,,,,,
1789040202.037,collate,0,0,29675,,,,,,20.811,20.783,,5.0,1.0,,,,,
1789040204.1848,collate,0,0,29675,,,,,,44.816,44.733,,6.0,1.0,,,,,
1789040206.5812,collate,0,0,29675,,,,,,29.339,29.276,,6.0,1.0,,,,,
1789040208.6509,collate,0,0,29675,,,,,,28.285,28.243,,5.0,1.0,,,,,
1789040211.9067,collate,0,0,29675,,,,,,52.695,50.664,,5.0,1.0,,,,,
1789040215.2871,collate,0,0,29675,,,,,,22.506,22.468,,7.0,1.0,,,,,
1789040217.6213,collate,0,0,29675,,,,,,45.26,45.173,,6.0,1.0,,,,,
1789040219.8936,collate,0,0,29675,,,,,,34.874,34.809,,5.0,1.0,,,,,
1789040222.2926,collate,0,0,29675,,,,,,29.732,29.688,,6.0,1.0,,,,,
1789040224.3183,collate,0,0,29675,,,,,,34.72,34.627,,4.0,1.0,,,,,
1789040227.2291,collate,0,0,29675,,,,,,27.034,26.987,,7.0,1.0,,,,,
1789040229.1473,collate,0,0,29675,,,,,,31.015,30.96,,4.0,1.0,,,,,
1789040231.9668,collate,0,0,29675,,,,,,44.303,44.224,,5.0,1.0,,,,,
1789040234.2462,collate,0,0,29675,,,,,,60.166,59.947,,5.0,1.0,,,,,
1789040238.1019,collate,0,0,29675,,,,,,49.365,49.226,,7.0,1.0,,,,,
1789040240.4466,collate,0,0,29675,,,,,,67.513,67.393,,6.0,1.0,,,,,
1789040242.6394,collate,0,0,29675,,,,,,20.72,20.689,,6.0,1.0,,,,,
1789040245.3949,collate,0,0,29675,,,,,,46.39,46.314,,8.0,1.0,,,,,
1789040247.1898,collate,0,0,29675,,,,,,36.84,36.788,,4.0,1.0,,,,,
1789040249.5724,collate,0,0,29675,,,,,,47.339,47.273,,3.0,1.0,,,,,
1789040252.7261,collate,0,0,29675,,,,,,41.045,40.978,,6.0,1.0,,,,,
1789040255.4551,collate,0,0,29675,,,,,,34.068,33.954,,8.0,1.0,,,,,
1789040257.4013,collate,0,0,29675,,,,,,46.555,46.482,,4.0,1.0,,,,,
1789040260.0089,collate,0,0,29675,,,,,,65.394,65.284,,3.0,1.0,,,,,
1789040262.1022,collate,0,0,29675,,,,,,26.863,26.778,,3.0,1.0,,,,,
1789040264.8059,collate,0,0,29675,,,,,,38.17,38.111,,4.0,1.0,,,,,
1789040267.1606,collate,0,0,29675,,,,,,47.727,47.655,,6.0,1.0,,,,,
1789040269.4514,collate,0,0,29675,,,,,,25.522,25.477,,6.0,1.0,,,,,
1789040270.7705,collate,0,0,29675,,,,,,47.387,47.304,,3.0,1.0,,,,,
1789040273.7215,collate,0,0,29675,,,,,,47.69,47.603,,4.0,1.0,,,,,
1789040275.9351,collate,0,0,29675,,,,,,28.55,28.452,,3.0,1.0,,,,,
1789040278.965,collate,0,0,29675,,,,,,33.116,33.053,,5.0,1.0,,,,,
1789040280.5972,collate,0,0,29675,,,,,,33.773,33.653,,3.0,1.0,,,,,
1789040283.181,collate,0,0,29675,,,,,,25.607,25.563,,4.0,1.0,,,,,
1789040285.4155,collate,0,0,29675,,,,,,34.096,34.029,,3.0,1.0,,,,,
1789040288.3164,collate,0,0,29675,,,,,,41.338,41.28,,5.0,1.0,,,,,
1789040290.4749,collate,0,0,29675,,,,,,18.401,18.368,,6.0,1.0,,,,,
1789040292.8717,collate,0,0,29675,,,,,,42.6,42.547,,6.0,1.0,,,,,
1789040296.2412,collate,0,0,29675,,,,,,37.571,37.458,,4.0,1.0,,,,,
1789040299.2439,collate,0,0,29675,,,,,,48.204,48.065,,5.0,1.0,,,,,
1789040301.1156,collate,0,0,29675,,,,,,33.553,33.499,,4.0,1.0,,,,,
1789040303.343,collate,0,0,29675,,,,,,23.696,23.66,,5.0,1.0,,,,,
1789040306.5505,collate,0,0,29675,,,,,,47.864,47.716,,4.0,1.0,,,,,
1789040308.4703,collate,0,0,29675,,,,,,33.186,33.097,,3.0,1.0,,,,,
1789040311.0098,collate,0,0,29675,,,,,,21.408,21.361,,6.0,1.0,,,,,
1789040313.3406,collate,0,0,29675,,,,,,31.413,31.373,,2.0,1.0,,,,,
1789040316.2319,collate,0,0,29675,,,,,,35.145,35.075,,6.0,1.0,,,,,
1789040318.5706,collate,0,0,29675,,,,,,24.775,24.692,,5.0,1.0,,,,,
1789040321.2561,collate,0,0,29675,,,,,,49.544,49.381,,6.0,1.0,,,,,
1789040323.019,collate,0,0,29675,,,,,,36.427,36.382,,3.0,1.0,,,,,
1789040325.5786,collate,0,0,29675,,,,,,24.516,24.437,,4.0,1.0,,,,,
1789040328.9306,collate,0,0,29675,,,,,,45.308,45.186,,8.0,1.0,,,,,
1789040331.3382,collate,0,0,29675,,,,,,35.712,35.64,,6.0,1.0,,,,,
1789040333.4768,collate,0,0,29675,,,,,,38.96,38.703,,5.0,1.0,,,,,
1789040335.668,collate,0,0,29675,,,,,,46.913,46.828,,6.0,1.0,,,,,
1789040338.421,collate,0,0,29675,,,,,,33.803,33.721,,5.0,1.0,,,,,
1789040340.1611,collate,0,0,29675,,,,,,53.303,53.172,,4.0,1.0,,,,,
1789040343.0066,collate,0,0,29675,,,,,,31.032,30.988,,6.0,1.0,,,,,
1789040345.7413,collate,0,0,29675,,,,,,23.766,23.709,,5.0,1.0,,,,,
1789040348.1202,collate,0,0,29675,,,,,,50.854,50.698,,6.0,1.0,,,,,
1789040350.3654,collate,0,0,29675,,,,,,39.117,39.033,,5.0,1.0,,,,,
1789040351.8208,collate,0,0,29675,,,,,,22.279,22.229,,2.0,1.0,,,,,
1789040355.4586,collate,0,0,29675,,,,,,46.404,46.32,,7.0,1.0,,,,,
1789040357.6269,collate,0,0,29675,,,,,,24.247,24.206,,5.0,1.0,,,,,
1789040359.5472,collate,0,0,29675,,,,,,36.968,36.903,,4.0,1.0,,,,,
1789040361.8827,collate,0,0,29675,,,,,,46.773,46.657,,3.0,1.0,,,,,
1789040365.3547,collate,0,0,29675,,,,,,47.547,47.473,,6.0,1.0,,,,,
1789040367.9536,collate,0,0,29675,,,,,,35.437,35.374,,5.0,1.0,,,,,
1789040369.8774,collate,0,0,29675,,,,,,36.648,36.601,,2.0,1.0,,,,,
1789040373.1348,collate,0,0,29675,,,,,,31.349,31.299,,5.0,1.0,,,,,
1789040375.5104,collate,0,0,29675,,,,,,50.506,50.417,,4.0,1.0,,,,,
1789040378.3816,collate,0,0,29675,,,,,,21.406,21.354,,5.0,1.0,,,,,
1789040380.1662,collate,0,0,29675,,,,,,39.237,39.149,,3.0,1.0,,,,,
1789040382.2708,collate,0,0,29675,,,,,,23.372,23.321,,4.0,1.0,,,,,
1789040383.4693,collate,0,0,29675,,,,,,30.967,30.849,,2.0,1.0,,,,,
1789040387.444,collate,0,0,29675,,,,,,37.511,37.445,,6.0,1.0,,,,,
1789040389.2615,collate,0,0,29675,,,,,,48.3,48.151,,4.0,1.0,,,,,
1789040391.9447,collate,0,0,29675,,,,,,34.262,34.148,,6.0,1.0,,,,,
1789040393.9394,collate,0,0,29675,,,,,,36.198,36.136,,4.0,1.0,,,,,
1789040397.0315,collate,0,0,29675,,,,,,46.062,45.988,,5.0,1.0,,,,,
1789040399.5305,collate,0,0,29675,,,,,,47.199,47.089,,5.0,1.0,,,,,
1789040401.2363,collate,0,0,29675,,,,,,30.945,30.847,,3.0,1.0,,,,,
1789040402.373,collate,0,0,29675,,,,,,28.09,28.04,,2.0,1.0,,,,,
1789040406.5202,collate,0,0,29675,,,,,,37.458,37.342,,4.0,1.0,,,,,
1789040408.5765,collate,0,0,29675,,,,,,34.149,34.086,,3.0,1.0,,,,,
1789040411.2486,collate,0,0,29675,,,,,,42.778,42.578,,4.0,1.0,,,,,
1789040413.1788,collate,0,0,29675,,,,,,40.418,40.348,,4.0,1.0,,,,,
1789040415.0596,collate,0,0,29675,,,,,,21.354,21.315,,5.0,1.0,,,,,
1789040416.9876,collate,0,0,29675,,,,,,33.252,33.195,,4.0,1.0,,,,,
1789040419.6231,collate,0,0,29675,,,,,,42.449,42.352,,5.0,1.0,,,,,
1789040422.2367,collate,0,0,29675,,,,,,47.021,46.9,,6.0,1.0,,,,,
1789040424.595,collate,0,0,29675,,,,,,19.691,19.641,,5.0,1.0,,,,,
1789040426.4305,collate,0,0,29675,,,,,,30.105,30.057,,2.0,1.0,,,,,
1789040428.7575,collate,0,0,29675,,,,,,48.055,47.977,,3.0,1.0,,,,,
1789040431.569,collate,0,0,29675,,,,,,20.932,20.88,,5.0,1.0,,,,,
1789040433.7468,collate,0,0,29675,,,,,,39.209,39.134,,5.0,1.0,,,,,
1789040435.9202,collate,0,0,29675,,,,,,47.744,47.578,,3.0,1.0,,,,,
1789040439.0753,collate,0,0,29675,,,,,,37.212,37.153,,6.0,1.0,,,,,
1789040442.0875,collate,0,0,29675,,,,,,43.604,43.448,,6.0,1.0,,,,,
1789040444.6423,collate,0,0,29675,,,,,,33.665,33.615,,5.0,1.0,,,,,
1789040446.4062,collate,0,0,29675,,,,,,22.363,22.317,,4.0,1.0,,,,,
1789040448.8708,collate,0,0,29675,,,,,,48.181,48.103,,5.0,1.0,,,,,
1789040452.4069,collate,0,0,29675,,,,,,54.862,54.622,,8.0,1.0,,,,,
1789040454.8248,collate,0,0,29675,,,,,,32.401,32.33,,6.0,1.0,,,,,
1789040456.3623,collate,0,0,29675,,,,,,45.63,45.556,,3.0,1.0,,,,,
1789040459.8878,collate,0,0,29675,,,,,,39.525,39.459,,5.0,1.0,,,,,
1789040462.3536,collate,0,0,29675,,,,,,18.984,18.954,,3.0,1.0,,,,,
1789040464.4481,collate,0,0,29675,,,,,,33.566,33.504,,4.0,1.0,,,,,
1789040467.4929,collate,0,0,29675,,,,,,44.312,44.224,,5.0,1.0,,,,,
1789040469.7386,collate,0,0,29675,,,,,,21.998,21.92,,6.0,1.0,,,,,
1789040472.3261,collate,0,0,29675,,,,,,29.499,29.454,,4.0,1.0,,,,,
1789040474.2562,collate,0,0,29675,,,,,,39.308,39.131,,3.0,1.0,,,,,
1789040478.5409,collate,0,0,29675,,,,,,20.646,20.583,,7.0,1.0,,,,,
1789040480.1536,collate,0,0,29675,,,,,,32.407,32.37,,3.0,1.0,,,,,
1789040483.0341,collate,0,0,29675,,,,,,24.021,23.99,,5.0,1.0,,,,,
1789040485.2908,collate,0,0,29675,,,,,,44.44,44.345,,5.0,1.0,,,,,
1789040488.4192,collate,0,0,29675,,,,,,33.623,33.563,,4.0,1.0,,,,,
1789040491.7636,collate,0,0,29675,,,,,,42.025,41.855,,7.0,1.0,,,,,
1789040493.7739,collate,0,0,29675,,,,,,32.615,32.573,,4.0,1.0,,,,,
1789040496.3515,collate,0,0,29675,,,,,,42.499,42.429,,6.0,1.0,,,,,
1789040499.071,collate,0,0,29675,,,,,,18.951,18.92,,6.0,1.0,,,,,
1789040502.4599,collate,0,0,29675,,,,,,49.198,49.099,,8.0,1.0,,,,,
1789040504.4369,collate,0,0,29675,,,,,,36.372,36.3,,4.0,1.0,,,,,
1789040506.5933,collate,0,0,29675,,,,,,21.689,21.639,,5.0,1.0,,,,,
1789040508.942,collate,0,0,29675,,,,,,36.841,36.748,,6.0,1.0,,,,,
1789040512.3655,collate,0,0,29675,,,,,,38.834,38.756,,4.0,1.0,,,,,
1789040514.8207,collate,0,0,29675,,,,,,55.835,55.736,,6.0,1.0,,,,,
1789040516.4456,collate,0,0,29675,,,,,,19.607,19.569,,3.0,1.0,,,,,
1789040518.2729,collate,0,0,29675,,,,,,45.506,45.426,,4.0,1.0,,,,,
1789040522.2719,collate,0,0,29675,,,,,,44.423,44.347,,6.0,1.0,,,,,
1789040524.6359,collate,0,0,29675,,,,,,39.115,39.052,,6.0,1.0,,,,,
1789040527.074,collate,0,0,29675,,,,,,20.265,20.212,,6.0,1.0,,,,,
1789040529.5037,collate,0,0,29675,,,,,,47.718,47.624,,6.0,1.0,,,,,
1789040531.2991,collate,0,0,29675,,,,,,37.155,37.038,,3.0,1.0,,,,,
1789040534.2889,collate,0,0,29675,,,,,,71.141,70.995,,8.0,1.0,,,,,
1789040536.1628,collate,0,0,29675,,,,,,60.532,60.393,,4.0,1.0,,,,,
1789040538.6623,collate,0,0,29675,,,,,,41.553,41.479,,6.0,1.0,,,,,
1789040539.865,collate,0,0,29675,,,,,,29.323,29.271,,2.0,1.0,,,,,
1789040542.4944,collate,0,0,29675,,,,,,46.626,46.524,,6.0,1.0,,,,,
1789040545.4271,collate,0,0,29675,,,,,,58.116,57.966,,5.0,1.0,,,,,
1789040547.5352,collate,0,0,29675,,,,,,66.102,65.988,,4.0,1.0,,,,,
1789040549.3074,collate,0,0,29675,,,,,,37.23,37.134,,4.0,1.0,,,,,
1789040553.1301,collate,0,0,29675,,,,,,47.935,47.781,,6.0,1.0,,,,,
1789040555.1209,collate,0,0,29675,,,,,,33.32,33.272,,4.0,1.0,,,,,
1789040557.8451,collate,0,0,29675,,,,,,91.213,91.054,,8.0,1.0,,,,,
1789040560.1167,collate,0,0,29675,,,,,,46.455,46.341,,5.0,1.0,,,,,
1789040562.2942,collate,0,0,29675,,,,,,35.434,35.37,,5.0,1.0,,,,,
1789040564.0017,collate,0,0,29675,,,,,,33.413,33.349,,4.0,1.0,,,,,
1789040566.0056,collate,0,0,29675,,,,,,26.295,26.245,,3.0,1.0,,,,,
1789040567.7634,collate,0,0,29675,,,,,,78.846,78.517,,3.0,1.0,,,,,
1789040570.9003,collate,0,0,29675,,,,,,30.578,29.765,,3.0,1.0,,,,,
1789040573.8872,collate,0,0,29675,,,,,,41.86,40.197,,4.0,1.0,,,,,
1789040576.3801,collate,0,0,29675,,,,,,41.318,41.239,,6.0,1.0,,,,,
1789040578.5457,collate,0,0,29675,,,,,,55.513,55.343,,5.0,1.0,,,,,
1789040580.755,collate,0,0,29675,,,,,,66.579,66.066,,4.0,1.0,,,,,
1789040583.5494,collate,0,0,29675,,,,,,47.51,47.352,,7.0,1.0,,,,,
1789040585.9944,collate,0,0,29675,,,,,,49.725,49.581,,5.0,1.0,,,,,
1789040588.124,collate,0,0,29675,,,,,,27.636,27.602,,5.0,1.0,,,,,
1789040591.38,collate,0,0,29675,,,,,,33.188,33.072,,5.0,1.0,,,,,
1789040594.1843,collate,0,0,29675,,,,,,203.743,203.211,,5.0,1.0,,,,,
1789040596.9313,collate,0,0,29675,,,,,,20.544,20.447,,6.0,1.0,,,,,
1789040599.5623,collate,0,0,29675,,,,,,55.88,55.796,,6.0,1.0,,,,,
1789040601.9001,collate,0,0,29675,,,,,,44.425,44.27,,6.0,1.0,,,,,
1789040603.9542,collate,0,0,29675,,,,,,79.029,78.799,,4.0,1.0,,,,,
1789040607.005,collate,0,0,29675,,,,,,42.137,42.023,,5.0,1.0,,,,,
1789040609.4185,collate,0,0,29675,,,,,,27.532,27.473,,5.0,1.0,,,,,
1789040611.8083,collate,0,0,29675,,,,,,51.056,50.897,,6.0,1.0,,,,,
1789040614.2626,collate,0,0,29675,,,,,,35.264,35.153,,7.0,1.0,,,,,
1789040616.084,collate,0,0,29675,,,,,,44.077,43.893,,4.0,1.0,,,,,
1789040617.8261,collate,0,0,29675,,,,,,19.899,19.872,,4.0,1.0,,,,,
1789040619.9747,collate,0,0,29675,,,,,,41.646,41.561,,3.0,1.0,,,,,
1789040622.8518,collate,0,0,29675,,,,,,55.309,55.142,,6.0,1.0,,,,,
1789040624.8576,collate,0,0,29675,,,,,,35.441,35.377,,3.0,1.0,,,,,
1789040626.6969,collate,0,0,29675,,,,,,32.84,32.75,,4.0,1.0,,,,,
1789040628.8978,collate,0,0,29675,,,,,,91.496,91.216,,3.0,1.0,,,,,
1789040631.7295,collate,0,0,29675,,,,,,38.686,38.599,,6.0,1.0,,,,,
1789040633.5322,collate,0,0,29675,,,,,,48.547,48.329,,4.0,1.0,,,,,
1789040635.8181,collate,0,0,29675,,,,,,37.532,37.437,,5.0,1.0,,,,,
1789040638.6502,collate,0,0,29675,,,,,,30.187,30.117,,4.0,1.0,,,,,
1789040640.7515,collate,0,0,29675,,,,,,43.792,43.666,,5.0,1.0,,,,,
1789040643.2995,collate,0,0,29675,,,,,,42.141,42.066,,3.0,1.0,,,,,
1789040645.9761,collate,0,0,29675,,,,,,20.232,20.159,,3.0,1.0,,,,,
1789040648.0542,collate,0,0,29675,,,,,,37.031,36.977,,5.0,1.0,,,,,
1789040649.5772,collate,0,0,29675,,,,,,20.859,20.808,,4.0,1.0,,,,,
1789040651.6545,collate,0,0,29675,,,,,,26.268,26.19,,3.0,1.0,,,,,
1789040653.9865,collate,0,0,29675,,,,,,35.117,35.043,,4.0,1.0,,,,,
1789040656.2893,collate,0,0,29675,,,,,,35.65,35.524,,4.0,1.0,,,,,
1789040658.9013,collate,0,0,29675,,,,,,46.221,46.042,,5.0,1.0,,,,,
1789040660.6668,collate,0,0,29675,,,,,,32.019,31.914,,3.0,1.0,,,,,
1789040662.8354,collate,0,0,29675,,,,,,32.183,32.098,,3.0,1.0,,,,,
1789040666.1304,collate,0,0,29675,,,,,,35.03,34.913,,3.0,1.0,,,,,
1789040667.9347,collate,0,0,29675,,,,,,33.275,33.166,,3.0,1.0,,,,,
1789040670.4837,collate,0,0,29675,,,,,,106.775,106.593,,6.0,1.0,,,,,
1789040673.5215,collate,0,0,29675,,,,,,40.381,40.336,,8.0,1.0,,,,,
1789040675.22,collate,0,0,29675,,,,,,69.089,68.955,,3.0,1.0,,,,,
1789040677.5454,collate,0,0,29675,,,,,,58.195,58.071,,5.0,1.0,,,,,
1789040679.8508,collate,0,0,29675,,,,,,226.353,225.921,,5.0,1.0,,,,,
1789040681.5061,collate,0,0,29675,,,,,,174.859,174.242,,3.0,1.0,,,,,
1789040684.8248,collate,0,0,29675,,,,,,36.888,36.831,,4.0,1.0,,,,,
1789040686.992,collate,0,0,29675,,,,,,82.542,82.038,,5.0,1.0,,,,,
1789040689.6163,collate,0,0,29675,,,,,,39.831,39.724,,6.0,1.0,,,,,
1789040691.683,collate,0,0,29675,,,,,,67.357,67.218,,5.0,1.0,,,,,
1789040693.6876,collate,0,0,29675,,,,,,72.834,72.697,,5.0,1.0,,,,,
1789040696.905,collate,0,0,29675,,,,,,53.842,53.729,,4.0,1.0,,,,,
1789040699.2723,collate,0,0,29675,,,,,,298.253,286.571,,3.0,1.0,,,,,
1789040702.1949,collate,0,0,29675,,,,,,58.234,58.094,,5.0,1.0,,,,,
1789040704.244,collate,0,0,29675,,,,,,45.669,45.486,,4.0,1.0,,,,,
1789040706.423,collate,0,0,29675,,,,,,46.859,46.768,,3.0,1.0,,,,,
1789040709.3562,collate,0,0,29675,,,,,,69.261,69.109,,5.0,1.0,,,,,
1789040711.2288,collate,0,0,29675,,,,,,41.358,41.164,,3.0,1.0,,,,,
1789040713.6508,collate,0,0,29675,,,,,,27.074,27.01,,6.0,1.0,,,,,
1789040715.6917,collate,0,0,29675,,,,,,49.577,49.329,,4.0,1.0,,,,,
1789040718.9626,collate,0,0,29675,,,,,,137.31,136.943,,4.0,1.0,,,,,
1789040721.0589,collate,0,0,29675,,,,,,48.032,47.945,,5.0,1.0,,,,,
1789040722.7387,collate,0,0,29675,,,,,,57.429,57.316,,3.0,1.0,,,,,
1789040724.7337,collate,0,0,29675,,,,,,47.979,47.909,,3.0,1.0,,,,,
1789040729.2787,collate,0,0,29675,,,,,,236.342,235.765,,7.0,1.0,,,,,
1789040731.6089,collate,0,0,29675,,,,,,43.72,43.575,,6.0,1.0,,,,,
1789040733.5023,collate,0,0,29675,,,,,,77.97,77.818,,4.0,1.0,,,,,
1789040735.9401,collate,0,0,29675,,,,,,51.797,51.595,,6.0,1.0,,,,,
1789040738.238,collate,0,0,29675,,,,,,24.822,24.762,,4.0,1.0,,,,,
1789040740.5364,collate,0,0,29675,,,,,,52.727,52.604,,3.0,1.0,,,,,
1789040742.8412,collate,0,0,29675,,,,,,57.441,57.353,,6.0,1.0,,,,,
1789040746.0703,collate,0,0,29675,,,,,,46.26,46.178,,4.0,1.0,,,,,
1789040748.8439,collate,0,0,29675,,,,,,78.797,78.613,,7.0,1.0,,,,,
1789040751.119,collate,0,0,29675,,,,,,19.161,19.11,,6.0,1.0,,,,,
1789040752.9008,collate,0,0,29675,,,,,,51.602,51.466,,4.0,1.0,,,,,
1789040756.0937,collate,0,0,29675,,,,,,34.666,33.976,,6.0,1.0,,,,,
1789040759.1576,collate,0,0,29675,,,,,,28.527,28.462,,6.0,1.0,,,,,
1789040761.405,collate,0,0,29675,,,,,,158.93,158.403,,4.0,1.0,,,,,
1789040762.9163,collate,0,0,29675,,,,,,60.744,60.56,,3.0,1.0,,,,,
1789040764.4783,collate,0,0,29675,,,,,,51.3,51.166,,3.0,1.0,,,,,
1789040768.7608,collate,0,0,29675,,,,,,23.157,23.086,,6.0,1.0,,,,,
1789040770.8466,collate,0,0,29675,,,,,,42.612,42.467,,3.0,1.0,,,,,
1789040772.3985,collate,0,0,29675,,,,,,17.93,17.891,,4.0,1.0,,,,,
1789040774.1137,collate,0,0,29675,,,,,,35.16,35.002,,2.0,1.0,,,,,
1789040777.292,collate,0,0,29675,,,,,,60.871,60.673,,5.0,1.0,,,,,
1789040779.202,collate,0,0,29675,,,,,,26.46,26.366,,4.0,1.0,,,,,
1789040782.0432,collate,0,0,29675,,,,,,47.727,47.575,,5.0,1.0,,,,,
1789040784.0087,collate,0,0,29675,,,,,,54.804,54.616,,4.0,1.0,,,,,
1789040786.651,collate,0,0,29675,,,,,,35.075,34.943,,4.0,1.0,,,,,
1789040788.1286,collate,0,0,29675,,,,,,28.607,28.553,,3.0,1.0,,,,,
1789040791.4987,collate,0,0,29675,,,,,,21.626,21.549,,5.0,1.0,,,,,
1789040794.1032,collate,0,0,29675,,,,,,40.564,40.451,,2.0,1.0,,,,,
1789040796.8676,collate,0,0,29675,,,,,,33.047,32.985,,6.0,1.0,,,,,
1789040798.8587,collate,0,0,29675,,,,,,30.316,30.27,,4.0,1.0,,,,,
1789040800.5748,collate,0,0,29675,,,,,,36.917,36.776,,4.0,1.0,,,,,
1789040802.7532,collate,0,0,29675,,,,,,18.43,18.393,,5.0,1.0,,,,,
1789040804.3152,collate,0,0,29675,,,,,,38.473,38.33,,3.0,1.0,,,,,
1789040805.7271,collate,0,0,29675,,,,,,22.595,22.541,,3.0,1.0,,,,,
1789040809.6128,collate,0,0,29675,,,,,,46.202,46.137,,5.0,1.0,,,,,
1789040811.7783,collate,0,0,29675,,,,,,34.919,34.807,,5.0,1.0,,,,,
1789040813.258,collate,0,0,29675,,,,,,43.081,43.016,,3.0,1.0,,,,,
1789040815.5079,collate,0,0,29675,,,,,,33.084,32.995,,6.0,1.0,,,,,
1789040818.4647,collate,0,0,29675,,,,,,26.876,26.818,,6.0,1.0,,,,,
1789040820.9118,collate,0,0,29675,,,,,,51.149,50.958,,4.0,1.0,,,,,
1789040822.5393,collate,0,0,29675,,,,,,17.732,17.691,,4.0,1.0,,,,,
1789040825.2099,collate,0,0,29675,,,,,,39.953,39.804,,3.0,1.0,,,,,
1789040828.7725,collate,0,0,29675,,,,,,49.206,49.07,,6.0,1.0,,,,,
1789040831.2777,collate,0,0,29675,,,,,,56.981,56.816,,5.0,1.0,,,,,
1789040833.0204,collate,0,0,29675,,,,,,36.881,36.786,,4.0,1.0,,,,,
1789040835.2325,collate,0,0,29675,,,,,,40.303,40.203,,5.0,1.0,,,,,
1789040837.8646,collate,0,0,29675,,,,,,30.096,30.042,,6.0,1.0,,,,,
1789040839.5985,collate,0,0,29675,,,,,,47.799,47.705,,3.0,1.0,,,,,
1789040842.9258,collate,0,0,29675,,,,,,61.166,61.009,,7.0,1.0,,,,,
1789040844.1542,collate,0,0,29675,,,,,,21.801,21.768,,2.0,1.0,,,,,
1789040847.3175,collate,0,0,29675,,,,,,54.758,54.625,,4.0,1.0,,,,,
1789040850.0618,collate,0,0,29675,,,,,,29.136,29.072,,4.0,1.0,,,,,
1789040852.7513,collate,0,0,29675,,,,,,38.427,38.348,,4.0,1.0,,,,,
1789040854.9797,collate,0,0,29675,,,,,,61.366,61.251,,4.0,1.0,,,,,
1789040857.4365,collate,0,0,29675,,,,,,66.138,63.066,,4.0,1.0,,,,,
1789040861.451,collate,0,0,29675,,,,,,51.116,51.003,,6.0,1.0,,,,,
1789040863.7261,collate,0,0,29675,,,,,,20.811,20.772,,7.0,1.0,,,,,
1789040865.4314,collate,0,0,29675,,,,,,25.326,25.278,,3.0,1.0,,,,,
1789040867.4675,collate,0,0,29675,,,,,,73.962,73.812,,4.0,1.0,,,,,
1789040870.7643,collate,0,0,29675,,,,,,54.058,53.926,,7.0,1.0,,,,,
1789040873.1087,collate,0,0,29675,,,,,,17.859,17.798,,5.0,1.0,,,,,
1789040875.434,collate,0,0,29675,,,,,,53.651,53.492,,6.0,1.0,,,,,
1789040877.686,collate,0,0,29675,,,,,,38.424,38.258,,5.0,1.0,,,,,
1789040879.8898,collate,0,0,29675,,,,,,52.46,52.363,,5.0,1.0,,,,,
1789040882.3566,collate,0,0,29675,,,,,,46.171,46.059,,3.0,1.0,,,,,
1789040885.0458,collate,0,0,29675,,,,,,28.45,28.371,,6.0,1.0,,,,,
1789040887.0935,collate,0,0,29675,,,,,,39.037,38.582,,4.0,1.0,,,,,
1789040889.667,collate,0,0,29675,,,,,,57.266,57.146,,6.0,1.0,,,,,
1789040891.5474,collate,0,0,29675,,,,,,39.857,39.7,,3.0,1.0,,,,,
1789040894.8542,collate,0,0,29675,,,,,,47.387,47.293,,5.0,1.0,,,,,
1789040897.09,collate,0,0,29675,,,,,,31.996,31.907,,3.0,1.0,,,,,
1789040899.4887,collate,0,0,29675,,,,,,63.777,63.524,,5.0,1.0,,,,,
1789040901.677,collate,0,0,29675,,,,,,36.301,36.104,,5.0,1.0,,,,,
1789040905.2106,collate,0,0,29675,,,,,,22.918,22.855,,6.0,1.0,,,,,
1789040906.8062,collate,0,0,29675,,,,,,45.362,45.204,,4.0,1.0,,,,,
1789040910.2709,collate,0,0,29675,,,,,,37.658,37.589,,6.0,1.0,,,,,
1789040912.2604,collate,0,0,29675,,,,,,29.595,29.514,,2.0,1.0,,,,,
1789040915.8046,collate,0,0,29675,,,,,,59.407,59.149,,5.0,1.0,,,,,
1789040918.471,collate,0,0,29675,,,,,,39.172,39.083,,6.0,1.0,,,,,
1789040919.9614,collate,0,0,29675,,,,,,34.146,34.048,,3.0,1.0,,,,,
1789040921.5771,collate,0,0,29675,,,,,,37.626,37.45,,3.0,1.0,,,,,
1789040925.3656,collate,0,0,29675,,,,,,49.257,49.146,,6.0,1.0,,,,,
1789040927.0705,collate,0,0,29675,,,,,,33.017,32.919,,4.0,1.0,,,,,
1789040929.7523,collate,0,0,29675,,,,,,51.832,51.631,,5.0,1.0,,,,,
1789040931.6043,collate,0,0,29675,,,,,,41.029,40.922,,4.0,1.0,,,,,
1789040934.9813,collate,0,0,29675,,,,,,45.116,44.957,,7.0,1.0,,,,,
1789040936.8666,collate,0,0,29675,,,,,,30.324,30.248,,5.0,1.0,,,,,
1789040939.241,collate,0,0,29675,,,,,,22.728,22.637,,6.0,1.0,,,,,
1789040941.5178,collate,0,0,29675,,,,,,46.061,45.89,,5.0,1.0,,,,,
1789040942.7814,collate,0,0,29675,,,,,,23.989,23.935,,2.0,1.0,,,,,
1789040946.4084,collate,0,0,29675,,,,,,49.174,49.035,,4.0,1.0,,,,,
1789040949.0087,collate,0,0,29675,,,,,,33.515,33.391,,4.0,1.0,,,,,
1789040952.6387,collate,0,0,29675,,,,,,25.159,25.103,,3.0,1.0,,,,,
1789040954.6679,collate,0,0,29675,,,,,,52.573,52.417,,4.0,1.0,,,,,
1789040957.1649,collate,0,0,29675,,,,,,36.154,36.082,,6.0,1.0,,,,,
1789040959.1074,collate,0,0,29675,,,,,,33.733,33.547,,4.0,1.0,,,,,
1789040961.0714,collate,0,0,29675,,,,,,48.077,47.997,,4.0,1.0,,,,,
1789040963.3814,collate,0,0,29675,,,,,,37.954,37.839,,6.0,1.0,,,,,
1789040965.7911,collate,0,0,29675,,,,,,15.619,15.58,,5.0,1.0,,,,,
1789040967.6059,collate,0,0,29675,,,,,,50.789,50.626,,4.0,1.0,,,,,
1789040970.4419,collate,0,0,29675,,,,,,29.393,29.335,,7.0,1.0,,,,,
1789040972.4084,collate,0,0,29675,,,,,,38.878,38.749,,4.0,1.0,,,,,
1789040974.5755,collate,0,0,29675,,,,,,44.696,44.514,,3.0,1.0,,,,,
1789040977.8179,collate,0,0,29675,,,,,,54.525,54.405,,6.0,1.0,,,,,
1789040979.6016,collate,0,0,29675,,,,,,32.081,31.717,,3.0,1.0,,,,,
1789040981.8172,collate,0,0,29675,,,,,,37.773,37.621,,4.0,1.0,,,,,
1789040984.0579,collate,0,0,29675,,,,,,40.55,40.388,,4.0,1.0,,,,,
1789040986.9605,collate,0,0,29675,,,,,,23.753,23.672,,6.0,1.0,,,,,
1789040989.9586,collate,0,0,29675,,,,,,48.979,48.863,,5.0,1.0,,,,,
1789040991.8479,collate,0,0,29675,,,,,,40.229,40.102,,3.0,1.0,,,,,
1789040994.1205,collate,0,0,29675,,,,,,26.019,25.934,,5.0,1.0,,,,,
1789040996.1383,collate,0,0,29675,,,,,,47.019,46.924,,4.0,1.0,,,,,
1789040998.8354,collate,0,0,29675,,,,,,30.949,30.888,,3.0,1.0,,,,,
1789041001.2108,collate,0,0,29675,,,,,,24.714,24.646,,5.0,1.0,,,,,
1789041003.118,collate,0,0,29675,,,,,,48.729,48.639,,4.0,1.0,,,,,
1789041005.9318,collate,0,0,29675,,,,,,43.133,42.98,,4.0,1.0,,,,,
1789041007.424,collate,0,0,29675,,,,,,30.248,30.169,,3.0,1.0,,,,,
1789041009.3235,collate,0,0,29675,,,,,,34.532,34.437,,3.0,1.0,,,,,
1789041012.1343,collate,0,0,29675,,,,,,49.946,49.839,,6.0,1.0,,,,,
1789041014.1024,collate,0,0,29675,,,,,,25.836,25.752,,5.0,1.0,,,,,
1789041017.0667,collate,0,0,29675,,,,,,51.788,51.654,,8.0,1.0,,,,,
1789041019.2113,collate,0,0,29675,,,,,,45.94,45.827,,5.0,1.0,,,,,
1789041021.256,collate,0,0,29675,,,,,,28.464,28.353,,4.0,1.0,,,,,
1789041023.5361,collate,0,0,29675,,,,,,40.454,40.306,,4.0,1.0,,,,,
1789041025.9762,collate,0,0,29675,,,,,,78.357,78.172,,4.0,1.0,,,,,
1789041028.8898,collate,0,0,29675,,,,,,50.612,50.495,,4.0,1.0,,,,,
1789041031.4723,collate,0,0,29675,,,,,,154.319,153.892,,4.0,1.0,,,,,
1789041035.3587,collate,0,0,29675,,,,,,51.346,51.203,,4.0,1.0,,,,,
1789041037.6316,collate,0,0,29675,,,,,,29.093,29.045,,5.0,1.0,,,,,
1789041039.7006,collate,0,0,29675,,,,,,42.996,42.913,,5.0,1.0,,,,,
1789041042.4614,collate,0,0,29675,,,,,,23.506,23.477,,7.0,1.0,,,,,
1789041045.4645,collate,0,0,29675,,,,,,40.587,40.358,,3.0,1.0,,,,,
1789041047.5912,collate,0,0,29675,,,,,,51.424,51.218,,5.0,1.0,,,,,
1789041049.356,collate,0,0,29675,,,,,,117.549,117.055,,4.0,1.0,,,,,
1789041050.6371,collate,0,0,29675,,,,,,29.114,29.034,,2.0,1.0,,,,,
1789041056.2989,collate,0,0,29675,,,,,,87.313,87.102,,6.0,1.0,,,,,
1789041058.7058,collate,0,0,29675,,,,,,48.933,48.832,,6.0,1.0,,,,,
1789041060.928,collate,0,0,29675,,,,,,31.094,30.988,,5.0,1.0,,,,,
1789041062.7026,collate,0,0,29675,,,,,,52.463,52.364,,3.0,1.0,,,,,
1789041066.5467,collate,0,0,29675,,,,,,34.33,34.258,,6.0,1.0,,,,,
1789041068.532,collate,0,0,29675,,,,,,24.784,24.739,,5.0,1.0,,,,,
1789041070.3779,collate,0,0,29675,,,,,,36.818,36.74,,3.0,1.0,,,,,
1789041073.0566,collate,0,0,29675,,,,,,50.784,50.631,,6.0,1.0,,,,,
1789041075.4246,collate,0,0,29675,,,,,,30.555,30.5,,5.0,1.0,,,,,
1789041077.3734,collate,0,0,29675,,,,,,34.049,33.975,,3.0,1.0,,,,,
1789041080.1649,collate,0,0,29675,,,,,,30.618,30.556,,5.0,1.0,,,,,
1789041081.9999,collate,0,0,29675,,,,,,22.885,22.832,,5.0,1.0,,,,,
1789041084.1903,collate,0,0,29675,,,,,,25.234,25.167,,3.0,1.0,,,,,
