rank,step,n_docs,total_tokens,packed_tokens,collate_ms,sample_sum_ms,sample_max_ms,sample_mean_tok,load_ms,docs_tl,bucket
0,0,5,4090.0,4090.0,95.085,2890.225,1378.053,818.0,3376.513,5,5
0,1,5,3893.0,3893.0,108.106,3120.2590000000005,1410.906,778.6,0.383,5,5
0,2,4,3813.0,3813.0,71.027,1714.8700000000001,840.796,953.25,0.281,4,4
0,3,6,4010.0,4010.0,49.302,2771.7580000000003,822.169,668.3333333333334,0.207,6,6
0,4,2,3405.0,3405.0,42.011,1228.701,788.715,1702.5,0.232,2,2
0,5,4,3978.0,3978.0,35.118,1926.7619999999997,1088.311,994.5,0.186,4,4
0,6,4,4019.0,4019.0,26.929,2174.067,1237.559,1004.75,0.136,4,4
0,7,4,3909.0,3909.0,41.337,2070.09,1104.69,977.25,0.172,4,4
0,8,4,3617.0,3617.0,25.503,1950.072,767.39,904.25,0.174,4,4
0,9,4,4047.0,4047.0,41.932,2151.404,1138.296,1011.75,0.164,4,4
0,10,5,4032.0,4032.0,32.23,2185.206,830.839,806.4,0.212,5,5
0,11,5,3995.0,3995.0,33.369,2101.059,961.106,799.0,0.143,5,5
0,12,7,3868.0,3868.0,50.105,2514.7780000000002,610.73,552.5714285714286,0.141,7,7
0,13,4,4002.0,4002.0,45.248,1765.9289999999999,850.575,1000.5,0.168,4,4
0,14,5,3915.0,3915.0,336.495,1977.747,699.498,783.0,0.151,5,5
0,15,5,3971.0,3971.0,327.071,2227.947,890.51,794.2,0.177,5,5
0,16,5,3645.0,3645.0,184.568,1938.039,647.194,729.0,0.159,5,5
0,17,5,3716.0,3716.0,75.972,1776.5519999999997,719.141,743.2,0.174,5,5
0,18,6,3946.0,3946.0,70.44,2245.2709999999997,762.935,657.6666666666666,0.137,6,6
0,19,7,3915.0,3915.0,53.821,2342.665,637.693,559.2857142857143,0.165,7,7
0,20,6,3860.0,3860.0,81.836,2187.98,509.621,643.3333333333334,0.16,6,6
0,21,4,4083.0,4083.0,52.881,1779.099,834.174,1020.75,0.168,4,4
0,22,4,3980.0,3980.0,383.152,1609.7240000000002,789.698,995.0,0.217,4,4
0,23,5,4010.0,4010.0,65.945,2354.912,792.756,802.0,0.174,5,5
0,24,7,4022.0,4022.0,79.3,2891.7909999999997,682.824,574.5714285714286,0.151,7,7
0,25,4,3852.0,3852.0,85.533,1879.448,1032.336,963.0,0.172,4,4
0,26,4,3995.0,3995.0,49.77,1559.248,864.447,998.75,0.2,5,4
0,27,5,3933.0,3933.0,114.828,2323.691,918.658,786.6,0.16,4,5
0,28,5,3960.0,3960.0,56.326,1877.499,743.673,792.0,0.195,6,5
0,29,6,4049.0,4049.0,76.781,2175.301,587.412,674.8333333333334,0.123,5,6
0,30,5,3839.0,3839.0,48.405,1908.451,835.958,767.8,0.317,6,5
0,31,6,4026.0,4026.0,150.106,2436.949,599.112,671.0,0.14,5,6
0,32,5,4093.0,4093.0,74.273,1948.0919999999999,709.063,818.6,0.18,5,5
0,33,5,3852.0,3852.0,38.082,2463.697,589.462,770.4,0.156,5,5
0,34,5,3974.0,3974.0,45.816,2381.092,869.69,794.8,0.154,4,5
0,35,4,3744.0,3744.0,73.041,1826.6949999999997,761.554,936.0,0.148,5,4
0,36,4,4058.0,4058.0,51.061,2141.169,1032.945,1014.5,0.154,4,4
0,37,4,3071.0,3071.0,53.419,1614.926,512.767,767.75,0.141,4,4
0,38,6,3887.0,3887.0,167.329,2668.21,830.961,647.8333333333334,0.178,4,6
0,39,4,3976.0,3976.0,238.794,1943.973,848.468,994.0,0.163,6,4
0,40,4,3839.0,3839.0,123.792,1957.5549999999998,918.771,959.75,0.169,5,4
0,41,5,3608.0,3608.0,32.734,2002.995,506.366,721.6,0.147,4,5
0,42,5,3766.0,3766.0,78.117,2043.975,627.208,753.2,0.184,5,5
0,43,5,4016.0,4016.0,73.32,2107.256,677.066,803.2,0.144,5,5
0,44,5,4014.0,4014.0,75.343,2144.396,881.131,802.8,0.197,5,5
0,45,7,3961.0,3961.0,56.998,2932.385,712.462,565.8571428571429,0.146,7,7
0,46,3,3923.0,3923.0,42.624,1716.281,937.917,1307.6666666666667,0.151,3,3
0,47,4,3968.0,3968.0,39.845,2070.074,1120.491,992.0,0.159,4,4
0,48,5,3855.0,3855.0,70.865,2169.574,638.349,771.0,0.131,5,5
0,49,5,3787.0,3787.0,106.736,2130.573,687.047,757.4,0.138,5,5
0,50,5,3711.0,3711.0,45.071,1750.3709999999999,449.246,742.2,0.238,7,5
0,51,7,4035.0,4035.0,58.353,2423.1589999999997,551.272,576.4285714285714,0.141,5,7
0,52,3,3755.0,3755.0,70.453,1608.683,953.23,1251.6666666666667,0.172,4,3
0,53,4,3821.0,3821.0,228.996,1706.0130000000001,814.333,955.25,0.724,3,4
0,54,2,3763.0,3763.0,36.398,1470.723,1097.501,1881.5,0.148,2,2
0,55,4,3922.0,3922.0,81.871,1792.7499999999998,920.673,980.5,0.168,4,4
0,56,4,3816.0,3816.0,31.306,1875.3869999999997,649.648,954.0,0.211,5,4
0,57,5,3856.0,3856.0,88.37,2164.906,838.518,771.2,0.125,4,5
0,58,4,3945.0,3945.0,47.296,1970.2019999999998,882.343,986.25,0.14,4,4
0,59,5,3800.0,3800.0,46.854,2078.069,523.877,760.0,0.156,5,5
0,60,4,3904.0,3904.0,174.373,1876.625,739.684,976.0,0.143,4,4
0,61,6,3940.0,3940.0,62.119,2236.833,556.546,656.6666666666666,0.17,6,6
0,62,5,3876.0,3876.0,47.368,2055.776,665.171,775.2,0.209,5,5
0,63,6,3875.0,3875.0,20.464,2408.639,711.562,645.8333333333334,0.137,6,6
0,64,4,4014.0,4014.0,53.97,2001.2130000000002,1013.812,1003.5,0.145,4,4
0,65,5,3921.0,3921.0,284.105,2433.5190000000002,846.561,784.2,0.157,5,5
0,66,4,3918.0,3918.0,45.687,2177.6150000000002,1169.642,979.5,0.124,4,4
0,67,4,3635.0,3635.0,82.296,1918.661,750.283,908.75,0.167,4,4
0,68,4,3766.0,3766.0,49.628,1837.598,898.718,941.5,0.177,4,4
0,69,4,3777.0,3777.0,44.529,1661.592,759.893,944.25,0.164,4,4
0,70,6,4032.0,4032.0,76.633,2060.1270000000004,414.248,672.0,0.147,6,6
0,71,6,3965.0,3965.0,37.009,2502.5200000000004,539.509,660.8333333333334,0.16,6,6
0,72,4,4060.0,4060.0,73.368,1912.9040000000002,955.999,1015.0,0.133,4,4
0,73,7,3958.0,3958.0,24.067,2518.8599999999997,576.634,565.4285714285714,0.146,7,7
0,74,6,4027.0,4027.0,75.744,2424.727,729.031,671.1666666666666,0.225,6,6
0,75,7,3983.0,3983.0,36.514,2629.286,560.678,569.0,0.139,7,7
0,76,6,4028.0,4028.0,28.137,2263.5910000000003,517.767,671.3333333333334,0.198,6,6
0,77,6,3838.0,3838.0,23.218,2434.4539999999997,645.988,639.6666666666666,0.14,6,6
0,78,4,3958.0,3958.0,79.251,2069.9120000000003,1008.291,989.5,0.163,4,4
0,79,5,3882.0,3882.0,49.669,2221.482,795.509,776.4,0.151,5,5
0,80,4,3905.0,3905.0,152.407,2202.98,927.794,976.25,0.216,4,4
0,81,3,3789.0,3789.0,91.086,1583.3220000000001,861.087,1263.0,0.162,3,3
0,82,5,4090.0,4090.0,62.797,2273.477,775.041,818.0,0.165,5,5
0,83,8,3750.0,3750.0,46.46,2821.7699999999995,597.983,468.75,0.158,8,8+
0,84,3,3759.0,3759.0,92.698,1659.416,945.596,1253.0,0.145,3,3
0,85,6,3706.0,3706.0,28.79,2469.1699999999996,639.357,617.6666666666666,0.152,6,6
0,86,4,4033.0,4033.0,108.783,2040.46,938.106,1008.25,0.184,4,4
0,87,3,3681.0,3681.0,26.652,1550.107,956.254,1227.0,0.16,3,3
0,88,3,3928.0,3928.0,59.861,1634.489,984.828,1309.3333333333333,0.169,3,3
0,89,5,3959.0,3959.0,50.872,1989.2620000000002,590.262,791.8,0.173,5,5
0,90,2,3406.0,3406.0,42.172,1449.918,1078.166,1703.0,0.228,2,2
0,91,4,3954.0,3954.0,196.212,1904.5620000000001,926.206,988.5,0.188,4,4
0,92,3,3835.0,3835.0,83.14,1696.341,1045.909,1278.3333333333333,0.193,5,3
0,93,5,3894.0,3894.0,77.176,1941.971,749.407,778.8,0.116,3,5
0,94,2,3536.0,3536.0,31.752,1211.827,956.37,1768.0,0.163,5,2
0,95,5,3734.0,3734.0,105.802,2144.897,732.85,746.8,0.142,2,5
0,96,4,3479.0,3479.0,32.123,1781.318,1023.258,869.75,0.131,4,4
0,97,5,4002.0,4002.0,32.223,2221.585,1030.312,800.4,0.152,5,5
0,98,4,4002.0,4002.0,154.334,2183.977,1304.398,1000.5,0.19,4,4
0,99,6,3952.0,3952.0,57.48,2661.857,1001.388,658.6666666666666,0.126,6,6
0,100,4,4050.0,4050.0,44.042,1853.4950000000001,903.044,1012.5,0.158,4,4
0,101,4,3840.0,3840.0,51.44,1841.0859999999998,788.209,960.0,0.18,4,4
0,102,4,3833.0,3833.0,23.109,1870.802,978.993,958.25,0.133,4,4
0,103,6,3802.0,3802.0,66.224,2454.7120000000004,659.0,633.6666666666666,0.141,6,6
0,104,5,4006.0,4006.0,85.395,2064.863,656.164,801.2,0.157,5,5
0,105,5,4013.0,4013.0,46.632,2159.505,811.607,802.6,0.161,5,5
0,106,4,3846.0,3846.0,80.892,1929.803,905.224,961.5,0.147,4,4
0,107,5,3989.0,3989.0,240.334,1873.7479999999998,467.674,797.8,0.189,5,5
0,108,3,3749.0,3749.0,42.086,1378.8760000000002,831.123,1249.6666666666667,0.168,3,3
0,109,4,4050.0,4050.0,73.483,1901.5770000000002,1006.881,1012.5,0.189,4,4
0,110,6,3806.0,3806.0,28.556,2233.896,715.157,634.3333333333334,0.197,7,6
0,111,7,4064.0,4064.0,67.42,2919.513,745.109,580.5714285714286,0.146,6,7
0,112,5,3745.0,3745.0,56.728,1738.4279999999999,525.637,749.0,0.221,5,5
0,113,6,3945.0,3945.0,134.16,2406.652,636.364,657.5,0.192,6,6
0,114,3,3845.0,3845.0,41.746,1779.4319999999998,1063.115,1281.6666666666667,0.177,3,3
0,115,3,4039.0,4039.0,38.611,1723.856,988.036,1346.3333333333333,0.193,3,3
0,116,4,3958.0,3958.0,61.62,2014.884,971.672,989.5,0.155,4,4
0,117,5,4041.0,4041.0,94.934,2134.9249999999997,905.619,808.2,0.146,5,5
0,118,3,3995.0,3995.0,87.744,1857.814,1037.067,1331.6666666666667,0.158,3,3
0,119,4,4004.0,4004.0,152.871,1876.458,724.806,1001.0,0.151,4,4
0,120,6,3957.0,3957.0,67.716,2362.993,659.745,659.5,0.154,6,6
0,121,6,4063.0,4063.0,113.736,2548.0879999999997,740.503,677.1666666666666,0.196,6,6
0,122,5,4025.0,4025.0,50.015,2253.189,835.51,805.0,0.29,5,5
0,123,6,3904.0,3904.0,46.767,2492.794,548.771,650.6666666666666,0.114,6,6
0,124,4,3944.0,3944.0,28.454,1962.865,922.639,986.0,0.176,4,4
0,125,6,3858.0,3858.0,34.148,2169.4230000000002,480.166,643.0,0.154,6,6
0,126,4,3966.0,3966.0,45.9,2011.5919999999996,883.237,991.5,0.127,4,4
0,127,6,3948.0,3948.0,50.022,2206.96,554.997,658.0,0.172,6,6
0,128,6,4051.0,4051.0,37.951,2565.401,800.396,675.1666666666666,0.232,6,6
0,129,7,3397.0,3397.0,74.278,2705.8959999999997,526.117,485.2857142857143,0.143,7,7
0,130,2,3507.0,3507.0,26.686,1387.665,1067.587,1753.5,0.151,2,2
0,131,6,3995.0,3995.0,46.101,2613.571,552.053,665.8333333333334,0.167,6,6
0,132,7,3870.0,3870.0,49.095,2899.565,654.712,552.8571428571429,0.162,7,7
0,133,5,4060.0,4060.0,48.439,2121.692,556.905,812.0,0.213,5,5
0,134,4,3899.0,3899.0,52.217,1773.8290000000002,834.325,974.75,0.234,4,4
0,135,5,4076.0,4076.0,34.641,1973.4969999999998,840.983,815.2,0.148,5,5
0,136,4,3984.0,3984.0,43.908,1920.5009999999997,914.092,996.0,0.178,4,4
0,137,4,3884.0,3884.0,48.349,1536.576,606.729,971.0,0.481,4,4
0,138,5,3893.0,3893.0,61.321,2272.623,908.413,778.6,0.176,5,5
0,139,8,4033.0,4033.0,34.142,2858.381,519.115,504.125,0.159,8,8+
0,140,4,3909.0,3909.0,42.089,2132.407,1040.287,977.25,0.222,4,4
0,141,5,3990.0,3990.0,39.978,2240.3559999999998,961.256,798.0,0.165,5,5
0,142,4,3939.0,3939.0,23.471,1898.569,708.729,984.75,0.173,4,4
0,143,6,4007.0,4007.0,49.479,2353.612,614.311,667.8333333333334,0.283,6,6
0,144,5,3916.0,3916.0,49.61,2376.995,677.426,783.2,0.178,5,5
0,145,7,3927.0,3927.0,24.09,2663.504,698.745,561.0,0.16,7,7
0,146,3,4002.0,4002.0,32.266,1638.831,781.861,1334.0,0.167,3,3
0,147,3,3934.0,3934.0,36.157,1536.44,756.322,1311.3333333333333,0.138,3,3
0,148,3,3804.0,3804.0,35.627,1739.0099999999998,1002.021,1268.0,0.229,3,3
0,149,7,3910.0,3910.0,48.787,2359.091,451.157,558.5714285714286,0.17,7,7
0,150,4,3672.0,3672.0,45.607,1849.302,732.81,918.0,0.129,4,4
0,151,6,3637.0,3637.0,82.871,2189.699,516.914,606.1666666666666,0.155,6,6
0,152,2,3609.0,3609.0,38.602,1589.903,1272.309,1804.5,0.204,2,2
0,153,3,3784.0,3784.0,32.752,1788.6660000000002,1167.4,1261.3333333333333,0.175,3,3
0,154,5,3871.0,3871.0,58.486,2210.168,699.889,774.2,0.187,5,5
0,155,6,3983.0,3983.0,50.281,2288.3599999999997,485.347,663.8333333333334,0.147,6,6
0,156,5,4057.0,4057.0,35.197,2140.189,836.831,811.4,0.177,7,5
0,157,7,3856.0,3856.0,40.614,2932.505,621.871,550.8571428571429,0.201,5,7
0,158,4,3876.0,3876.0,33.293,1998.8779999999997,867.584,969.0,0.202,5,4
0,159,5,3866.0,3866.0,50.413,2489.511,942.149,773.2,0.104,4,5
0,160,3,3723.0,3723.0,35.51,1673.598,1045.032,1241.0,0.178,5,3
0,161,5,3952.0,3952.0,47.034,2208.323,830.349,790.4,0.174,3,5
0,162,5,3881.0,3881.0,38.087,2024.0140000000001,769.015,776.2,0.154,6,5
0,163,6,3891.0,3891.0,61.167,2657.5,842.198,648.5,0.166,5,6
0,164,5,3418.0,3418.0,37.64,1973.2540000000001,540.36,683.6,0.247,5,5
0,165,4,4036.0,4036.0,49.896,2038.765,1060.167,1009.0,0.152,4,4
0,166,3,3852.0,3852.0,35.761,1649.5079999999998,945.953,1284.0,0.161,3,3
0,167,6,4042.0,4042.0,26.372,2521.438,801.534,673.6666666666666,0.196,6,6
0,168,5,3928.0,3928.0,42.536,2099.872,812.935,785.6,0.174,5,5
0,169,4,3984.0,3984.0,41.467,1762.341,872.374,996.0,0.173,4,4
0,170,6,3818.0,3818.0,34.532,2500.757,548.037,636.3333333333334,0.179,6,6
0,171,8,4083.0,4083.0,53.824,2885.41,563.869,510.375,0.152,8,8+
0,172,7,3581.0,3581.0,50.487,2571.869,570.502,511.57142857142856,0.182,7,7
0,173,5,3955.0,3955.0,29.28,2163.681,809.879,791.0,0.133,5,5
0,174,5,4000.0,4000.0,58.163,1999.366,696.874,800.0,0.17,5,5
0,175,5,4048.0,4048.0,27.347,2117.9759999999997,937.586,809.6,0.183,5,5
0,176,5,3888.0,3888.0,46.205,2374.807,786.244,777.6,0.181,5,5
0,177,5,4044.0,4044.0,52.637,2250.622,686.299,808.8,0.121,5,5
0,178,4,3925.0,3925.0,38.496,1925.6159999999998,1056.065,981.25,0.194,4,4
0,179,5,3969.0,3969.0,48.474,1960.0420000000001,600.181,793.8,0.153,5,5
0,180,3,4006.0,4006.0,58.051,1439.3029999999999,790.806,1335.3333333333333,0.243,5,3
0,181,5,3318.0,3318.0,45.953,2218.0299999999997,688.446,663.6,0.172,3,5
0,182,3,3764.0,3764.0,37.978,1759.766,1078.499,1254.6666666666667,0.144,3,3
0,183,5,3702.0,3702.0,19.845,1940.269,843.08,740.4,0.124,5,5
0,184,3,3558.0,3558.0,36.142,1427.034,791.768,1186.0,0.162,5,3
0,185,5,3991.0,3991.0,50.572,2262.2180000000003,573.527,798.2,0.168,3,5
0,186,3,3833.0,3833.0,40.613,1508.9479999999999,858.617,1277.6666666666667,0.182,5,3
0,187,5,3904.0,3904.0,24.944,1979.025,593.658,780.8,0.135,3,5
0,188,4,4007.0,4007.0,35.143,1825.7869999999998,925.206,1001.75,0.148,5,4
0,189,5,3951.0,3951.0,26.608,2390.2079999999996,831.392,790.2,0.134,4,5
0,190,5,3827.0,3827.0,51.424,2220.271,714.045,765.4,0.222,5,5
0,191,6,3977.0,3977.0,29.312,2186.802,530.463,662.8333333333334,0.226,6,6
0,192,4,3906.0,3906.0,48.803,1985.6260000000002,1088.046,976.5,0.156,4,4
0,193,5,3937.0,3937.0,38.826,2180.909,950.226,787.4,0.141,5,5
0,194,3,3730.0,3730.0,47.999,1608.1709999999998,1027.042,1243.3333333333333,0.164,6,3
0,195,6,3926.0,3926.0,54.288,2485.404,747.586,654.3333333333334,0.196,3,6
0,196,4,4052.0,4052.0,36.312,2005.696,1117.994,1013.0,0.199,4,4
0,197,6,3766.0,3766.0,54.566,2332.381,508.186,627.6666666666666,0.198,6,6
0,198,6,4034.0,4034.0,23.973,2648.2870000000003,757.028,672.3333333333334,0.143,6,6
0,199,6,3918.0,3918.0,50.361,2459.326,563.593,653.0,0.146,6,6
0,200,4,3680.0,3680.0,22.354,1871.451,586.94,920.0,0.205,6,4
0,201,6,3721.0,3721.0,42.235,2794.9440000000004,602.726,620.1666666666666,0.184,4,6
0,202,3,3847.0,3847.0,44.479,1880.944,1249.071,1282.3333333333333,0.167,3,3
0,203,5,4017.0,4017.0,50.921,2001.36,794.524,803.4,0.146,5,5
0,204,3,3972.0,3972.0,32.808,1481.366,836.466,1324.0,0.155,4,3
0,205,4,3926.0,3926.0,49.84,1865.807,993.234,981.5,0.201,3,4
0,206,5,3911.0,3911.0,38.177,2476.025,881.662,782.2,0.2,5,5
0,207,6,3989.0,3989.0,52.287,2799.7310000000007,708.749,664.8333333333334,0.168,6,6
0,208,6,3998.0,3998.0,54.497,2593.466,756.887,666.3333333333334,0.202,6,6
0,209,6,4053.0,4053.0,35.324,2357.607,740.039,675.5,0.176,6,6
0,210,5,4065.0,4065.0,71.12,2249.373,634.067,813.0,0.164,5,5
0,211,5,4014.0,4014.0,54.839,2231.417,717.937,802.8,0.184,5,5
0,212,5,3537.0,3537.0,47.39,1989.8999999999999,687.39,707.4,0.215,6,5
0,213,6,3797.0,3797.0,49.573,2670.938,685.394,632.8333333333334,0.156,5,6
0,214,3,3748.0,3748.0,39.409,1528.498,954.557,1249.3333333333333,0.156,3,3
0,215,5,3903.0,3903.0,27.773,2323.155,734.747,780.6,0.16,5,5
0,216,3,3778.0,3778.0,36.376,1690.213,941.312,1259.3333333333333,0.127,4,3
0,217,4,3224.0,3224.0,41.992,1851.434,765.256,806.0,0.145,3,4
0,218,4,4084.0,4084.0,36.775,1796.663,925.847,1021.0,0.181,5,4
0,219,5,3992.0,3992.0,40.938,2524.292,813.214,798.4,0.173,4,5
0,220,4,3760.0,3760.0,29.543,1962.293,541.604,940.0,0.177,4,4
0,221,5,3577.0,3577.0,35.239,2138.804,581.045,715.4,0.176,5,5
0,222,3,3679.0,3679.0,32.822,1421.416,935.519,1226.3333333333333,0.14,6,3
0,223,6,3941.0,3941.0,53.786,2599.855,667.914,656.8333333333334,0.157,3,6
0,224,3,3857.0,3857.0,39.119,1593.422,799.56,1285.6666666666667,0.721,5,3
0,225,5,3993.0,3993.0,28.195,2315.149,762.196,798.6,0.124,3,5
0,226,6,4036.0,4036.0,46.251,2449.9230000000002,615.794,672.6666666666666,0.187,5,6
0,227,5,3948.0,3948.0,39.159,2450.493,774.814,789.6,0.145,6,5
0,228,4,3966.0,3966.0,52.396,1838.472,845.3,991.5,0.188,4,4
0,229,4,4024.0,4024.0,43.062,1901.673,865.382,1006.0,0.134,4,4
0,230,4,4009.0,4009.0,38.529,2012.0240000000001,901.806,1002.25,0.182,4,4
0,231,4,3961.0,3961.0,52.365,2013.316,932.385,990.25,0.121,4,4
0,232,4,3423.0,3423.0,23.272,1788.656,530.358,855.75,0.212,4,4
0,233,3,3996.0,3996.0,35.068,1823.004,928.388,1332.0,0.181,3,3
0,234,3,3794.0,3794.0,37.453,1667.2689999999998,970.178,1264.6666666666667,0.148,3,3
0,235,5,4038.0,4038.0,49.053,2110.119,694.423,807.6,0.162,5,5
0,236,4,3943.0,3943.0,45.018,1954.2779999999998,992.192,985.75,0.221,4,4
0,237,7,3963.0,3963.0,51.795,3090.5559999999996,698.505,566.1428571428571,0.144,7,7
0,238,5,3965.0,3965.0,38.605,2229.835,666.847,793.0,0.185,5,5
0,239,6,4009.0,4009.0,46.808,2516.726,691.062,668.1666666666666,0.386,6,6
0,240,4,3768.0,3768.0,41.734,1849.8249999999998,843.685,942.0,0.138,4,4
0,241,3,3974.0,3974.0,37.216,1466.685,797.985,1324.6666666666667,0.164,3,3
0,242,6,3892.0,3892.0,37.11,2426.625,608.151,648.6666666666666,0.166,6,6
0,243,6,4037.0,4037.0,32.166,2242.835,645.87,672.8333333333334,0.168,6,6
0,244,4,3969.0,3969.0,53.384,1961.9229999999998,868.787,992.25,0.212,4,4
0,245,5,4012.0,4012.0,49.628,2027.6850000000002,556.755,802.4,0.18,5,5
0,246,3,4014.0,4014.0,36.703,1489.4080000000001,863.118,1338.0,0.153,3,3
0,247,4,4030.0,4030.0,35.438,1693.315,501.774,1007.5,0.173,4,4
0,248,4,3896.0,3896.0,28.262,1667.5739999999998,891.325,974.0,0.17,7,4
0,249,7,4016.0,4016.0,52.576,2510.0480000000002,504.266,573.7142857142857,0.125,4,7
0,250,4,3952.0,3952.0,40.183,1773.839,794.61,988.0,0.35,4,4
0,251,5,3930.0,3930.0,48.022,2019.4629999999997,589.725,786.0,0.221,5,5
0,252,4,3979.0,3979.0,44.403,1939.699,837.6,994.75,0.219,5,4
0,253,5,4005.0,4005.0,26.512,2141.549,659.84,801.0,0.139,4,5
0,254,2,3784.0,3784.0,26.692,1349.585,857.041,1892.0,0.243,3,2
0,255,3,3697.0,3697.0,51.489,1992.296,1012.879,1232.3333333333333,0.122,2,3
0,256,6,4035.0,4035.0,52.585,2286.666,514.095,672.5,0.23,6,6
0,257,6,3859.0,3859.0,49.616,2487.094,568.776,643.1666666666666,1.032,6,6
0,258,3,3506.0,3506.0,26.245,1428.812,661.977,1168.6666666666667,0.134,3,3
0,259,6,3754.0,3754.0,38.938,2260.224,677.129,625.6666666666666,0.159,6,6
0,260,4,3848.0,3848.0,38.555,1724.5189999999998,793.852,962.0,0.158,7,4
0,261,7,3717.0,3717.0,47.565,2482.7799999999997,528.034,531.0,0.156,4,7
0,262,4,4093.0,4093.0,32.486,2032.837,1002.746,1023.25,0.194,4,4
0,263,6,4015.0,4015.0,48.141,2396.7210000000005,593.412,669.1666666666666,0.195,6,6
0,264,6,3887.0,3887.0,36.637,2322.475,498.384,647.8333333333334,0.123,6,6
0,265,5,3741.0,3741.0,47.206,1943.0470000000003,635.468,748.2,0.176,5,5
0,266,6,3912.0,3912.0,26.55,2208.287,540.03,652.0,0.418,6,6
0,267,6,4052.0,4052.0,53.078,2586.4649999999997,768.678,675.3333333333334,0.194,6,6
0,268,5,3776.0,3776.0,35.094,2261.02,645.214,755.2,0.196,5,5
0,269,5,3784.0,3784.0,49.115,2290.729,819.137,756.8,0.159,5,5
0,270,5,3881.0,3881.0,37.449,2267.13,654.725,776.2,0.156,5,5
0,271,5,3620.0,3620.0,55.205,2146.155,641.555,724.0,0.16,5,5
0,272,3,3718.0,3718.0,38.964,1474.827,772.387,1239.3333333333333,0.191,4,3
0,273,4,3884.0,3884.0,48.015,2031.787,770.951,971.0,0.145,3,4
0,274,3,4027.0,4027.0,46.648,1736.371,907.937,1342.3333333333333,0.271,5,3
0,275,5,3775.0,3775.0,42.725,1983.626,539.463,755.0,0.139,3,5
0,276,2,3548.0,3548.0,33.321,1403.445,1020.53,1774.0,0.151,4,2
0,277,4,4088.0,4088.0,43.202,2052.337,1091.151,1022.0,0.123,2,4
0,278,4,4002.0,4002.0,44.246,1820.8200000000002,921.477,1000.5,0.198,4,4
0,279,6,3797.0,3797.0,39.39,2616.197,645.152,632.8333333333334,0.168,6,6
0,280,3,3847.0,3847.0,57.885,1617.299,820.428,1282.3333333333333,0.19,3,3
0,281,4,3903.0,3903.0,45.534,1710.419,920.113,975.75,0.16,4,4
0,282,4,3732.0,3732.0,21.34,1977.9820000000002,767.793,933.0,0.147,5,4
0,283,5,3751.0,3751.0,41.226,2182.176,676.407,750.2,0.187,4,5
0,284,5,4091.0,4091.0,57.624,2339.412,890.087,818.2,0.181,5,5
0,285,7,3636.0,3636.0,25.646,2936.333,734.194,519.4285714285714,0.154,7,7
0,286,4,3950.0,3950.0,30.978,1905.2599999999998,982.083,987.5,0.165,4,4
0,287,3,3554.0,3554.0,34.886,1680.574,992.663,1184.6666666666667,0.183,3,3
0,288,4,3836.0,3836.0,38.857,1892.116,932.576,959.0,0.13,4,4
0,289,6,3996.0,3996.0,46.931,2136.3430000000003,468.251,666.0,0.151,6,6
0,290,3,3395.0,3395.0,22.523,1554.8390000000002,978.982,1131.6666666666667,0.171,4,3
0,291,4,4072.0,4072.0,43.739,2152.519,987.315,1018.0,0.191,3,4
0,292,4,3940.0,3940.0,30.602,1854.027,959.173,985.0,0.22,4,4
0,293,7,3984.0,3984.0,46.172,2452.13,391.092,569.1428571428571,0.272,7,7
0,294,4,3832.0,3832.0,41.391,1721.457,921.05,958.0,0.129,7,4
0,295,7,3895.0,3895.0,51.603,2647.746,632.958,556.4285714285714,0.139,4,7
0,296,3,3821.0,3821.0,37.643,1799.6950000000002,1036.402,1273.6666666666667,0.164,3,3
0,297,3,3753.0,3753.0,55.459,1747.983,1022.03,1251.0,0.124,3,3
0,298,4,4064.0,4064.0,31.433,1869.221,934.924,1016.0,0.216,4,4
0,299,5,3838.0,3838.0,30.38,1994.269,722.207,767.6,0.225,5,5
0,300,4,3676.0,3676.0,39.917,1623.2689999999998,775.88,919.0,0.204,5,4
0,301,5,3809.0,3809.0,58.081,2355.204,843.943,761.8,0.175,4,5
0,302,3,3762.0,3762.0,43.669,1710.232,1059.153,1254.0,0.195,3,3
0,303,4,3998.0,3998.0,47.885,1943.863,1048.644,999.5,0.131,4,4
0,304,2,3294.0,3294.0,34.537,1222.375,922.956,1647.0,0.202,4,2
0,305,4,3973.0,3973.0,47.914,1900.038,984.682,993.25,0.35,2,4
0,306,6,3833.0,3833.0,33.001,2451.8230000000003,470.91,638.8333333333334,0.162,6,6
0,307,5,3758.0,3758.0,41.234,2337.336,758.544,751.6,0.169,5,5
0,308,3,3710.0,3710.0,48.972,1754.833,1019.138,1236.6666666666667,0.197,6,3
0,309,6,3934.0,3934.0,51.939,2319.671,565.309,655.6666666666666,0.143,3,6
0,310,4,3961.0,3961.0,48.18,1781.27,901.16,990.25,0.196,4,4
0,311,4,3888.0,3888.0,47.292,2198.8089999999997,1104.264,972.0,0.181,4,4
0,312,3,3779.0,3779.0,49.905,1426.612,738.087,1259.6666666666667,0.135,3,3
0,313,5,4041.0,4041.0,27.372,2172.344,632.327,808.2,0.152,5,5
0,314,4,3898.0,3898.0,40.42,1868.1140000000003,932.977,974.5,0.215,7,4
0,315,7,4060.0,4060.0,32.975,2832.165,725.241,580.0,0.226,4,7
0,316,3,3965.0,3965.0,26.407,1510.368,806.603,1321.6666666666667,0.16,3,3
0,317,5,3778.0,3778.0,39.774,2098.9,511.074,755.6,0.157,5,5
0,318,4,4038.0,4038.0,43.751,1815.61,884.616,1009.5,0.145,5,4
0,319,5,3819.0,3819.0,50.551,2285.584,790.217,763.8,0.197,4,5
0,320,3,3786.0,3786.0,47.652,1573.097,815.808,1262.0,0.184,3,3
0,321,5,3688.0,3688.0,45.394,2302.7490000000003,608.278,737.6,0.22,5,5
0,322,4,4069.0,4069.0,54.583,1875.569,938.806,1017.25,0.162,4,4
0,323,7,3932.0,3932.0,39.777,2654.25,557.366,561.7142857142857,0.16,7,7
0,324,6,4079.0,4079.0,33.487,2507.4400000000005,546.738,679.8333333333334,0.131,6,6
0,325,3,3862.0,3862.0,48.216,1834.267,896.875,1287.3333333333333,0.196,3,3
0,326,5,4070.0,4070.0,43.345,2215.092,1002.774,814.0,0.158,5,5
0,327,6,3883.0,3883.0,27.004,2507.822,706.265,647.1666666666666,0.165,6,6
0,328,4,3923.0,3923.0,47.349,1779.819,760.669,980.75,0.177,4,4
0,329,5,3960.0,3960.0,39.303,2013.99,882.046,792.0,0.207,5,5
0,330,2,3853.0,3853.0,36.069,1307.634,918.022,1926.5,0.14,6,2
0,331,6,3982.0,3982.0,43.265,2382.174,565.518,663.6666666666666,0.146,2,6
0,332,3,3759.0,3759.0,55.016,1693.907,1015.39,1253.0,0.159,3,3
0,333,7,4011.0,4011.0,53.478,2589.719,543.506,573.0,0.142,7,7
0,334,4,3890.0,3890.0,54.869,1913.356,840.912,972.5,0.223,4,4
0,335,4,3705.0,3705.0,46.009,1751.663,706.2,926.25,0.154,4,4
0,336,4,3914.0,3914.0,65.605,1691.224,891.422,978.5,0.142,4,4
0,337,7,3828.0,3828.0,49.27,2355.5120000000006,484.899,546.8571428571429,0.151,7,7
0,338,5,3893.0,3893.0,47.97,1848.6490000000001,713.047,778.6,0.203,5,5
0,339,5,4025.0,4025.0,32.989,2108.504,690.102,805.0,0.137,5,5
0,340,5,3870.0,3870.0,38.999,2040.216,701.831,774.0,0.209,5,5
0,341,5,3700.0,3700.0,24.71,1862.2060000000001,634.963,740.0,0.285,5,5
0,342,3,3853.0,3853.0,40.771,1689.971,996.301,1284.3333333333333,0.134,3,3
0,343,3,3846.0,3846.0,47.991,1699.789,885.662,1282.0,0.139,3,3
0,344,5,3936.0,3936.0,32.001,2089.75,755.717,787.2,0.17,5,5
0,345,5,4039.0,4039.0,26.001,2245.724,683.664,807.8,0.167,5,5
0,346,7,4077.0,4077.0,26.427,2707.877,562.396,582.4285714285714,0.223,7,7
0,347,6,3761.0,3761.0,27.942,2624.282,685.338,626.8333333333334,0.17,6,6
0,348,5,4005.0,4005.0,56.487,2071.796,843.325,801.0,0.191,5,5
0,349,5,3931.0,3931.0,52.528,1973.6190000000001,570.816,786.2,0.166,5,5
0,350,5,3688.0,3688.0,52.718,1973.944,728.08,737.6,0.297,6,5
0,351,6,4009.0,4009.0,45.808,2502.899,635.795,668.1666666666666,0.123,5,6
0,352,7,4043.0,4043.0,55.637,2474.6349999999998,549.598,577.5714285714286,0.161,7,7
0,353,9,4011.0,4011.0,81.113,2958.323,463.303,445.6666666666667,0.15,9,8+
0,354,4,4030.0,4030.0,44.702,2101.154,1039.825,1007.5,0.236,6,4
0,355,6,3978.0,3978.0,51.296,2369.4869999999996,554.978,663.0,0.156,4,6
0,356,7,3881.0,3881.0,28.413,2449.9289999999996,745.614,554.4285714285714,0.192,7,7
0,357,6,4049.0,4049.0,101.81,2683.2209999999995,796.271,674.8333333333334,0.134,6,6
0,358,3,3474.0,3474.0,39.301,1565.408,993.383,1158.0,0.152,3,3
0,359,2,3884.0,3884.0,37.687,1299.291,897.021,1942.0,0.156,2,2
0,360,6,3920.0,3920.0,45.238,2576.055,805.336,653.3333333333334,0.162,6,6
0,361,7,3925.0,3925.0,37.735,2620.278,568.035,560.7142857142857,0.191,7,7
0,362,2,3397.0,3397.0,23.779,1562.42,1139.978,1698.5,0.215,3,2
0,363,3,3918.0,3918.0,46.948,1952.0500000000002,1271.805,1306.0,0.177,2,3
0,364,3,3879.0,3879.0,41.311,1535.614,923.5,1293.0,0.168,3,3
0,365,5,3703.0,3703.0,54.763,1716.487,501.952,740.6,0.147,5,5
0,366,4,3876.0,3876.0,27.151,1925.394,864.257,969.0,0.121,4,4
0,367,6,3939.0,3939.0,80.972,2482.417,595.879,656.5,0.159,6,6
0,368,5,4032.0,4032.0,51.918,2264.228,670.999,806.4,0.171,5,5
0,369,6,4085.0,4085.0,108.178,2728.16,629.232,680.8333333333334,0.155,6,6
0,370,3,3835.0,3835.0,38.327,1588.2129999999997,851.646,1278.3333333333333,0.166,3,3
0,371,5,3788.0,3788.0,46.315,1777.869,536.302,757.6,0.137,5,5
0,372,3,3945.0,3945.0,39.304,1626.2510000000002,933.294,1315.0,0.179,3,3
0,373,3,3948.0,3948.0,49.598,1475.3529999999998,840.891,1316.0,0.153,3,3
0,374,4,3910.0,3910.0,42.018,1977.368,1016.951,977.5,0.161,4,4
0,375,7,3924.0,3924.0,26.206,2616.837,574.769,560.5714285714286,0.126,7,7
0,376,7,3918.0,3918.0,43.681,2587.857,561.391,559.7142857142857,0.528,7,7
0,377,8,3825.0,3825.0,23.283,2970.671,565.853,478.125,0.203,8,8+
0,378,8,4001.0,4001.0,51.927,2597.806,569.336,500.125,0.233,8,8+
0,379,4,4034.0,4034.0,36.898,1865.439,917.134,1008.5,0.231,4,4
0,380,5,3874.0,3874.0,50.577,2035.2509999999997,774.329,774.8,0.146,5,5
0,381,7,4083.0,4083.0,55.024,2505.9820000000004,587.359,583.2857142857143,0.173,7,7
0,382,4,3832.0,3832.0,28.059,2046.4939999999997,750.465,958.0,0.221,4,4
0,383,3,3483.0,3483.0,24.683,1658.2120000000002,977.398,1161.0,0.162,3,3
0,384,4,3653.0,3653.0,37.619,1763.1980000000003,946.532,913.25,0.148,4,4
0,385,5,3950.0,3950.0,39.178,1906.439,934.462,790.0,0.192,5,5
0,386,3,3899.0,3899.0,25.22,1630.171,987.721,1299.6666666666667,0.196,6,3
0,387,6,3982.0,3982.0,48.94,2583.6620000000003,786.519,663.6666666666666,0.112,3,6
0,388,3,3777.0,3777.0,34.093,1662.313,1022.034,1259.0,0.157,5,3
0,389,5,3822.0,3822.0,46.149,2107.886,666.555,764.4,0.186,3,5
0,390,3,3831.0,3831.0,39.371,1833.1660000000002,1127.511,1277.0,0.144,3,3
0,391,5,3897.0,3897.0,41.338,2436.7569999999996,833.932,779.4,0.165,5,5
0,392,4,3822.0,3822.0,30.15,1776.3410000000001,838.999,955.5,0.187,4,4
0,393,6,3844.0,3844.0,21.808,2634.524,641.713,640.6666666666666,0.165,6,6
0,394,5,3923.0,3923.0,53.057,2068.205,523.806,784.6,0.225,5,5
0,395,5,3489.0,3489.0,46.302,2124.453,693.532,697.8,0.142,5,5
0,396,4,3557.0,3557.0,100.294,1789.822,690.483,889.25,0.377,4,4
0,397,5,3914.0,3914.0,39.243,1935.363,697.186,782.8,0.192,5,5
0,398,5,3942.0,3942.0,55.905,2414.8669999999997,840.497,788.4,0.196,5,5
0,399,4,4068.0,4068.0,52.968,1983.988,893.708,1017.0,0.272,4,4
0,400,4,4018.0,4018.0,29.956,1681.657,796.228,1004.5,0.173,7,4
0,401,7,3949.0,3949.0,41.16,2711.074,570.138,564.1428571428571,0.133,4,7
0,402,4,3952.0,3952.0,38.399,1681.852,849.517,988.0,0.117,4,4
0,403,6,4024.0,4024.0,36.12,2401.899,651.096,670.6666666666666,0.154,6,6
0,404,6,3933.0,3933.0,51.657,2337.4700000000003,782.507,655.5,0.204,6,6
0,405,7,4042.0,4042.0,48.712,2323.95,615.2,577.4285714285714,0.159,7,7
0,406,3,3819.0,3819.0,40.842,1696.828,1087.906,1273.0,0.145,3,3
0,407,3,3897.0,3897.0,37.967,1864.42,1200.256,1299.0,0.145,3,3
0,408,4,3777.0,3777.0,53.294,1876.853,761.031,944.25,0.135,4,4
0,409,4,3994.0,3994.0,28.343,1940.942,768.202,998.5,0.143,4,4
0,410,5,3659.0,3659.0,26.213,1926.019,738.477,731.8,0.178,5,5
0,411,4,4011.0,4011.0,35.248,1897.405,1130.924,1002.75,0.149,4,4
0,412,3,3828.0,3828.0,53.606,1582.132,905.56,1276.0,0.206,5,3
0,413,5,3719.0,3719.0,38.205,2107.5609999999997,584.677,743.8,0.145,3,5
0,414,3,3795.0,3795.0,20.232,1427.7959999999998,826.63,1265.0,0.136,7,3
0,415,7,3988.0,3988.0,52.429,2613.0820000000003,659.368,569.7142857142857,0.129,3,7
0,416,3,3655.0,3655.0,32.529,1373.92,802.055,1218.3333333333333,0.22,6,3
0,417,6,3800.0,3800.0,52.646,2314.413,614.569,633.3333333333334,0.144,3,6
0,418,6,4031.0,4031.0,43.949,2276.5910000000003,668.33,671.8333333333334,0.19,6,6
0,419,6,3990.0,3990.0,53.758,2280.665,655.103,665.0,0.131,6,6
0,420,3,3664.0,3664.0,21.852,1501.1299999999999,772.055,1221.3333333333333,0.14,3,3
0,421,3,3601.0,3601.0,32.684,1311.379,766.173,1200.3333333333333,0.162,3,3
0,422,3,3893.0,3893.0,40.299,1617.5320000000002,1047.362,1297.6666666666667,0.152,3,3
0,423,6,4078.0,4078.0,49.274,2364.806,874.111,679.6666666666666,0.159,6,6
0,424,6,4061.0,4061.0,55.245,2346.077,496.16,676.8333333333334,0.215,6,6
0,425,6,4037.0,4037.0,47.128,2222.493,509.905,672.8333333333334,0.148,6,6
0,426,7,3870.0,3870.0,38.076,2500.791,465.065,552.8571428571429,0.131,7,7
0,427,6,3998.0,3998.0,49.769,2578.506,651.088,666.3333333333334,0.149,6,6
0,428,4,3954.0,3954.0,60.297,1815.579,953.075,988.5,0.187,4,4
0,429,4,3663.0,3663.0,41.67,1978.303,692.984,915.75,0.367,4,4
0,430,4,4051.0,4051.0,32.506,1780.26,913.853,1012.75,0.209,4,4
0,431,4,3881.0,3881.0,47.405,1582.948,711.885,970.25,0.148,4,4
0,432,4,3818.0,3818.0,37.197,1972.9700000000003,575.214,954.5,0.128,4,4
0,433,6,4025.0,4025.0,40.197,2269.015,641.596,670.8333333333334,0.167,6,6
0,434,4,3725.0,3725.0,42.097,1883.21,767.12,931.25,0.213,4,4
0,435,4,3939.0,3939.0,37.767,1799.667,943.743,984.75,0.164,4,4
0,436,4,4028.0,4028.0,46.695,1865.356,895.309,1007.0,0.231,4,4
0,437,8,4072.0,4072.0,50.785,2994.877,516.288,509.0,0.19,8,8+
0,438,5,3620.0,3620.0,47.054,2128.747,688.864,724.0,0.134,5,5
0,439,3,3815.0,3815.0,31.702,1570.6750000000002,908.027,1271.6666666666667,0.151,3,3
0,440,4,3916.0,3916.0,22.094,1800.123,843.665,979.0,0.198,5,4
0,441,5,4072.0,4072.0,42.831,2016.357,817.742,814.4,0.153,4,5
0,442,3,3659.0,3659.0,30.498,1636.915,919.965,1219.6666666666667,0.205,3,3
0,443,5,4014.0,4014.0,48.146,1979.8899999999999,629.895,802.8,0.17,5,5
0,444,2,3355.0,3355.0,34.207,1176.289,877.23,1677.5,0.164,2,2
0,445,4,3890.0,3890.0,39.681,1778.7649999999999,784.537,972.5,0.152,4,4
0,446,3,3927.0,3927.0,47.775,1751.6490000000001,1008.128,1309.0,0.18,3,3
0,447,8,3482.0,3482.0,15.929,2869.54,687.184,435.25,0.129,8,8+
0,448,4,3860.0,3860.0,26.253,1774.25,1001.515,965.0,0.148,4,4
0,449,5,4079.0,4079.0,36.481,2372.21,1011.479,815.8,0.131,5,5
0,450,3,3922.0,3922.0,40.079,1593.0500000000002,961.484,1307.3333333333333,0.219,3,3
0,451,6,3891.0,3891.0,44.5,2063.337,528.947,648.5,0.135,6,6
0,452,4,3918.0,3918.0,39.573,1824.5259999999998,781.735,979.5,0.153,4,4
0,453,5,3294.0,3294.0,41.779,1949.7250000000001,741.835,658.8,0.137,5,5
0,454,4,3896.0,3896.0,39.513,1727.147,897.299,974.0,0.157,4,4
0,455,6,4000.0,4000.0,46.755,2420.514,693.041,666.6666666666666,0.146,6,6
0,456,7,3965.0,3965.0,48.267,2217.567,436.262,566.4285714285714,0.144,7,7
0,457,7,4015.0,4015.0,31.255,2434.572,463.38,573.5714285714286,0.133,7,7
0,458,4,3938.0,3938.0,53.976,2061.6910000000003,1156.622,984.5,0.171,4,4
0,459,4,4032.0,4032.0,35.779,2144.643,1097.544,1008.0,0.136,4,4
0,460,3,3999.0,3999.0,47.801,1630.5430000000001,960.724,1333.0,0.179,3,3
0,461,6,3933.0,3933.0,47.813,2101.966,466.308,655.5,0.162,6,6
0,462,4,3353.0,3353.0,24.539,1676.5949999999998,561.115,838.25,0.145,6,4
0,463,6,3914.0,3914.0,32.055,2496.7709999999997,688.848,652.3333333333334,0.135,4,6
0,464,5,4082.0,4082.0,56.746,2275.1690000000003,897.56,816.4,0.163,5,5
0,465,5,3887.0,3887.0,46.9,2195.498,879.749,777.4,0.131,5,5
0,466,5,3910.0,3910.0,40.763,2103.417,806.817,782.0,0.17,5,5
0,467,7,3985.0,3985.0,61.354,2657.9879999999994,485.336,569.2857142857143,0.156,7,7
0,468,5,3931.0,3931.0,53.732,2182.5469999999996,623.483,786.2,0.162,5,5
0,469,5,4022.0,4022.0,25.473,2024.102,616.634,804.4,0.145,5,5
0,470,5,3718.0,3718.0,44.415,2031.409,668.852,743.6,0.151,7,5
0,471,7,3643.0,3643.0,27.654,2788.929,719.539,520.4285714285714,0.11,5,7
0,472,5,3372.0,3372.0,27.701,2035.86,524.387,674.4,0.171,5,5
0,473,5,3953.0,3953.0,23.516,2191.435,790.762,790.6,0.124,5,5
0,474,3,3922.0,3922.0,65.898,1575.0900000000001,931.928,1307.3333333333333,0.219,2,3
0,475,2,3325.0,3325.0,45.15,1230.326,1041.949,1662.5,0.143,3,2
0,476,5,3947.0,3947.0,46.615,1955.7350000000001,713.674,789.4,0.168,6,5
0,477,6,3927.0,3927.0,55.006,2368.4809999999998,753.783,654.5,0.112,5,6
0,478,6,3953.0,3953.0,55.379,2205.957,761.865,658.8333333333334,0.189,6,6
0,479,6,3845.0,3845.0,36.338,2844.798,859.659,640.8333333333334,0.153,6,6
0,480,3,3867.0,3867.0,52.69,1527.358,821.839,1289.0,0.162,6,3
0,481,6,3675.0,3675.0,28.082,2272.762,526.482,612.5,0.134,3,6
0,482,6,3928.0,3928.0,26.282,2281.092,587.138,654.6666666666666,0.219,6,6
0,483,6,3661.0,3661.0,34.363,2277.037,684.063,610.1666666666666,0.112,6,6
0,484,3,3832.0,3832.0,34.816,1451.0629999999999,963.502,1277.3333333333333,0.159,5,3
0,485,5,3667.0,3667.0,231.514,2183.5,762.961,733.4,0.146,3,5
0,486,4,3994.0,3994.0,34.38,2106.374,961.193,998.5,0.231,6,4
0,487,6,4010.0,4010.0,50.066,2276.877,820.931,668.3333333333334,0.147,4,6
0,488,4,3790.0,3790.0,33.62,1778.812,743.168,947.5,0.298,4,4
0,489,5,3713.0,3713.0,35.419,2306.137,660.196,742.6,0.195,5,5
0,490,4,3877.0,3877.0,40.564,1737.0720000000001,833.974,969.25,0.155,7,4
0,491,7,3977.0,3977.0,26.608,2790.7110000000002,632.194,568.1428571428571,0.122,4,7
0,492,6,3758.0,3758.0,44.688,2257.3599999999997,673.227,626.3333333333334,0.133,6,6
0,493,6,3775.0,3775.0,65.926,2280.4010000000003,702.51,629.1666666666666,0.139,6,6
0,494,3,3810.0,3810.0,34.82,1827.534,1060.891,1270.0,0.155,3,3
0,495,5,4053.0,4053.0,39.2,2231.1400000000003,850.229,810.6,0.129,5,5
0,496,6,4039.0,4039.0,37.031,2250.645,575.0,673.1666666666666,0.182,6,6
0,497,8,4091.0,4091.0,48.587,2877.849,562.685,511.375,0.156,8,8+
0,498,6,4068.0,4068.0,39.85,2261.3759999999997,715.949,678.0,0.143,6,6
0,499,6,3354.0,3354.0,21.106,2339.804,583.962,559.0,0.149,6,6
0,500,3,3697.0,3697.0,41.869,1638.9470000000001,874.566,1232.3333333333333,0.145,3,3
0,501,5,3966.0,3966.0,22.561,2095.228,696.508,793.2,0.161,5,5
0,502,3,3743.0,3743.0,119.111,1542.779,908.776,1247.6666666666667,0.164,3,3
0,503,5,4056.0,4056.0,47.368,1827.3690000000001,501.41,811.2,0.167,5,5
0,504,5,4010.0,4010.0,54.584,2189.777,887.029,802.0,0.157,5,5
0,505,7,3541.0,3541.0,34.913,2493.687,584.613,505.85714285714283,0.131,7,7
0,506,3,3769.0,3769.0,35.018,1485.942,987.595,1256.3333333333333,0.192,5,3
0,507,5,3989.0,3989.0,32.877,2047.1509999999998,917.209,797.8,0.139,3,5
0,508,5,3612.0,3612.0,25.293,1713.329,478.814,722.4,0.17,5,5
0,509,5,4024.0,4024.0,46.386,2048.7309999999998,716.26,804.8,0.145,5,5
0,510,3,3755.0,3755.0,43.033,1807.129,939.034,1251.6666666666667,0.142,3,3
0,511,6,3881.0,3881.0,35.362,2181.709,461.797,646.8333333333334,0.132,6,6
0,512,5,3926.0,3926.0,41.531,2061.8559999999998,750.684,785.2,0.286,5,5
0,513,8,4081.0,4081.0,21.421,2892.152,518.294,510.125,0.126,8,8+
0,514,5,4013.0,4013.0,36.38,2227.179,816.906,802.6,0.157,5,5
0,515,3,3892.0,3892.0,30.543,1530.711,974.042,1297.3333333333333,0.138,3,3
0,516,5,3994.0,3994.0,22.133,2000.016,578.004,798.8,0.176,5,5
0,517,6,3640.0,3640.0,28.964,2089.453,423.34,606.6666666666666,0.195,6,6
0,518,4,3990.0,3990.0,39.734,2050.4680000000003,1029.053,997.5,0.17,4,4
0,519,5,3761.0,3761.0,21.593,2271.9869999999996,756.559,752.2,0.203,5,5
0,520,3,3950.0,3950.0,35.655,1689.32,1000.576,1316.6666666666667,0.161,3,3
0,521,5,3839.0,3839.0,47.194,2000.3920000000003,598.819,767.8,0.156,5,5
0,522,5,3975.0,3975.0,32.6,1828.5880000000002,797.614,795.0,0.141,6,5
0,523,6,3744.0,3744.0,38.623,2642.996,860.473,624.0,0.147,5,6
0,524,5,4039.0,4039.0,47.678,1989.514,789.999,807.8,0.169,5,5
0,525,5,4045.0,4045.0,34.631,2401.609,849.106,809.0,0.141,5,5
0,526,6,3945.0,3945.0,52.303,2526.448,822.055,657.5,0.175,6,6
0,527,6,4022.0,4022.0,34.766,2700.5139999999997,776.563,670.3333333333334,0.154,6,6
0,528,4,3998.0,3998.0,52.927,2014.075,1137.141,999.5,0.188,4,4
0,529,5,4026.0,4026.0,34.839,2099.0919999999996,811.649,805.2,0.185,5,5
0,530,6,4090.0,4090.0,54.449,2446.377,706.457,681.6666666666666,0.166,6,6
0,531,7,4040.0,4040.0,48.98,2706.735,597.244,577.1428571428571,0.138,7,7
0,532,4,3974.0,3974.0,55.451,2107.494,1050.558,993.5,0.168,4,4
0,533,5,4080.0,4080.0,51.335,1834.6519999999998,658.824,816.0,0.152,5,5
0,534,3,3590.0,3590.0,35.053,1640.3650000000002,1082.276,1196.6666666666667,0.138,3,3
0,535,4,3690.0,3690.0,25.265,1612.546,740.224,922.5,0.168,4,4
0,536,4,4008.0,4008.0,36.246,2093.864,1101.582,1002.0,0.206,4,4
0,537,4,3675.0,3675.0,50.851,2074.3199999999997,1023.465,918.75,0.175,4,4
0,538,4,3620.0,3620.0,35.36,1715.299,574.904,905.0,0.164,6,4
0,539,6,4023.0,4023.0,36.453,2298.429,601.991,670.5,0.163,4,6
0,540,4,3974.0,3974.0,37.219,2168.1440000000002,965.055,993.5,0.146,4,4
0,541,6,3815.0,3815.0,26.93,2090.1769999999997,555.766,635.8333333333334,0.166,6,6
0,542,3,3740.0,3740.0,42.736,1387.573,829.95,1246.6666666666667,0.179,4,3
0,543,4,4018.0,4018.0,44.05,1843.7730000000001,962.929,1004.5,0.161,3,4
0,544,5,3834.0,3834.0,49.317,2193.041,823.679,766.8,0.168,6,5
0,545,6,3950.0,3950.0,36.183,2294.096,704.326,658.3333333333334,0.185,5,6
0,546,3,3716.0,3716.0,34.352,1511.641,945.262,1238.6666666666667,0.139,3,3
0,547,6,3916.0,3916.0,49.032,2248.992,502.056,652.6666666666666,0.139,6,6
0,548,3,3983.0,3983.0,51.011,1627.644,941.043,1327.6666666666667,0.163,3,3
0,549,6,4015.0,4015.0,31.67,2389.522,484.534,669.1666666666666,0.132,6,6
0,550,3,3804.0,3804.0,52.296,1508.92,927.175,1268.0,0.18,3,3
0,551,6,3490.0,3490.0,24.175,2204.284,603.496,581.6666666666666,0.151,6,6
0,552,4,3803.0,3803.0,49.632,1679.904,902.684,950.75,0.199,4,4
0,553,5,3752.0,3752.0,47.718,1888.797,604.835,750.4,0.152,5,5
0,554,4,4038.0,4038.0,86.532,2010.5469999999998,999.466,1009.5,0.167,4,4
0,555,5,4024.0,4024.0,33.926,2179.8550000000005,843.693,804.8,0.132,5,5
0,556,4,4080.0,4080.0,67.616,1793.953,871.943,1020.0,0.145,4,4
0,557,4,3986.0,3986.0,56.24,1776.7149999999997,939.245,996.5,0.144,4,4
0,558,4,3937.0,3937.0,33.301,1789.048,978.015,984.25,0.138,6,4
0,559,6,3896.0,3896.0,33.047,2630.0589999999997,866.019,649.3333333333334,0.122,4,6
0,560,2,3932.0,3932.0,54.617,1502.353,1159.577,1966.0,0.176,2,2
0,561,9,3825.0,3825.0,31.833,3217.049,825.823,425.0,0.152,9,8+
0,562,4,3988.0,3988.0,39.053,1656.847,879.917,997.0,0.187,4,4
0,563,5,3969.0,3969.0,25.055,2059.793,934.574,793.8,0.163,8,5
0,564,8,3947.0,3947.0,48.851,2905.551,535.516,493.375,0.121,5,8+
0,565,7,4054.0,4054.0,45.541,2774.107,566.696,579.1428571428571,0.158,7,7
0,566,5,3584.0,3584.0,38.691,2112.657,509.311,716.8,0.152,5,5
0,567,4,4072.0,4072.0,53.619,1742.469,880.123,1018.0,0.121,4,4
0,568,8,4062.0,4062.0,57.448,2898.3109999999997,586.271,507.75,0.158,8,8+
0,569,3,3977.0,3977.0,32.141,1763.241,913.798,1325.6666666666667,0.173,3,3
0,570,3,3677.0,3677.0,37.699,1506.9689999999998,1025.889,1225.6666666666667,0.148,3,3
0,571,3,3910.0,3910.0,36.781,1415.4180000000001,832.212,1303.3333333333333,0.149,3,3
0,572,3,3898.0,3898.0,22.144,1459.867,902.447,1299.3333333333333,0.181,6,3
0,573,6,3842.0,3842.0,39.059,2382.6310000000003,775.482,640.3333333333334,0.136,3,6
0,574,4,3975.0,3975.0,41.625,1803.0490000000002,952.966,993.75,0.171,4,4
0,575,4,4031.0,4031.0,34.685,1769.112,948.469,1007.75,0.142,4,4
0,576,2,3395.0,3395.0,32.137,1047.3519999999999,845.093,1697.5,0.141,6,2
0,577,6,3895.0,3895.0,36.381,2709.477,652.665,649.1666666666666,0.126,2,6
0,578,3,3814.0,3814.0,62.558,1584.3870000000002,1066.406,1271.3333333333333,0.153,3,3
0,579,3,4062.0,4062.0,45.268,1743.752,1037.059,1354.0,0.114,3,3
0,580,4,4033.0,4033.0,44.943,1837.902,682.407,1008.25,0.194,6,4
0,581,6,3918.0,3918.0,43.138,2614.3700000000003,737.517,653.0,0.156,4,6
0,582,4,3890.0,3890.0,42.586,1735.414,854.957,972.5,0.167,4,4
0,583,6,3874.0,3874.0,29.407,2267.135,648.365,645.6666666666666,0.137,6,6
0,584,5,4092.0,4092.0,48.906,2181.0060000000003,954.948,818.4,0.157,6,5
0,585,6,3894.0,3894.0,26.655,2910.6070000000004,865.11,649.0,0.126,5,6
0,586,4,3952.0,3952.0,44.83,1717.1529999999998,863.71,988.0,0.168,3,4
0,587,3,3794.0,3794.0,37.812,1535.9049999999997,880.221,1264.6666666666667,0.15,4,3
0,588,3,4002.0,4002.0,36.604,1653.604,832.376,1334.0,0.142,5,3
0,589,5,4080.0,4080.0,26.041,2255.6209999999996,692.174,816.0,0.142,3,5
0,590,4,3930.0,3930.0,37.569,1946.049,962.667,982.5,0.168,6,4
0,591,6,4058.0,4058.0,39.252,2436.797,512.52,676.3333333333334,0.109,4,6
0,592,5,3865.0,3865.0,45.486,2243.7709999999997,787.568,773.0,0.198,5,5
0,593,5,3677.0,3677.0,47.404,2319.196,792.512,735.4,0.175,5,5
0,594,3,3837.0,3837.0,42.623,1666.154,965.83,1279.0,0.123,3,3
0,595,3,3375.0,3375.0,83.699,1554.093,1008.104,1125.0,0.162,3,3
0,596,3,3793.0,3793.0,31.682,1669.564,1062.361,1264.3333333333333,0.171,3,3
0,597,3,3852.0,3852.0,48.914,2051.968,1321.195,1284.0,0.183,3,3
0,598,6,4047.0,4047.0,35.228,2426.83,667.255,674.5,0.187,6,6
0,599,5,3929.0,3929.0,202.069,2366.188,938.305,785.8,0.158,5,5
0,600,5,3985.0,3985.0,39.458,2087.9739999999997,595.042,797.0,0.125,5,5
0,601,5,4056.0,4056.0,64.995,2041.5439999999999,660.412,811.2,0.151,5,5
0,602,4,4094.0,4094.0,44.073,1990.331,928.399,1023.5,0.141,4,4
0,603,5,3961.0,3961.0,31.956,1940.389,614.495,792.2,0.13,5,5
0,604,5,3893.0,3893.0,80.78,1992.939,479.241,778.6,0.162,8,5
0,605,8,3849.0,3849.0,37.412,2718.0750000000003,476.451,481.125,0.131,5,8+
0,606,5,4074.0,4074.0,34.33,2173.622,859.934,814.8,0.169,7,5
0,607,7,3498.0,3498.0,48.145,2144.6769999999997,394.223,499.7142857142857,0.134,5,7
0,608,3,3717.0,3717.0,40.856,1651.662,863.056,1239.0,0.155,3,3
0,609,6,3771.0,3771.0,201.373,2212.841,598.256,628.5,0.131,6,6
0,610,5,3535.0,3535.0,36.127,1977.323,484.273,707.0,0.17,5,5
0,611,4,3812.0,3812.0,37.235,1874.76,938.546,953.0,0.181,4,4
0,612,5,3953.0,3953.0,29.784,1985.6299999999999,655.848,790.6,0.187,6,5
0,613,6,3948.0,3948.0,36.345,2437.083,589.998,658.0,0.127,5,6
0,614,4,3545.0,3545.0,36.13,1802.5639999999999,901.607,886.25,0.194,4,4
0,615,4,3980.0,3980.0,59.098,1812.3300000000002,895.899,995.0,0.141,4,4
0,616,3,3805.0,3805.0,38.892,1596.865,957.705,1268.3333333333333,0.192,6,3
0,617,6,4034.0,4034.0,42.588,2444.2490000000003,586.207,672.3333333333334,0.13,3,6
0,618,4,3411.0,3411.0,24.758,1678.032,754.994,852.75,0.143,7,4
0,619,7,3971.0,3971.0,40.478,2575.317,730.395,567.2857142857143,0.15,4,7
0,620,4,3997.0,3997.0,47.488,2049.079,1117.116,999.25,0.17,4,4
0,621,4,3983.0,3983.0,38.738,2050.5249999999996,1136.695,995.75,0.18,4,4
0,622,4,3972.0,3972.0,28.748,1808.5720000000001,849.153,993.0,0.16,4,4
0,623,6,4016.0,4016.0,67.131,2325.342,579.082,669.3333333333334,0.142,6,6
0,624,4,3870.0,3870.0,34.655,1770.7110000000002,806.373,967.5,0.132,4,4
0,625,5,3307.0,3307.0,231.104,1881.2670000000003,511.832,661.4,0.132,5,5
0,626,3,3635.0,3635.0,39.33,1730.002,1014.907,1211.6666666666667,0.143,3,3
0,627,3,3999.0,3999.0,162.284,1558.112,849.369,1333.0,0.159,3,3
0,628,6,4073.0,4073.0,36.323,2577.816,622.527,678.8333333333334,0.176,6,6
0,629,6,3817.0,3817.0,54.182,2331.0650000000005,782.111,636.1666666666666,0.153,6,6
0,630,4,3829.0,3829.0,40.191,1641.933,716.216,957.25,0.167,4,4
0,631,4,3955.0,3955.0,37.43,1989.622,798.312,988.75,0.137,4,4
0,632,5,4061.0,4061.0,78.062,2170.207,759.27,812.2,0.151,6,5
0,633,6,3976.0,3976.0,58.728,2867.321,718.785,662.6666666666666,0.127,5,6
0,634,5,3956.0,3956.0,38.389,2423.86,683.387,791.2,0.18,5,5
0,635,5,3936.0,3936.0,30.507,2460.3729999999996,680.483,787.2,0.137,5,5
0,636,2,3643.0,3643.0,24.067,1249.327,873.311,1821.5,0.158,5,2
0,637,5,3930.0,3930.0,67.673,2356.2380000000003,791.855,786.0,0.13,2,5
0,638,4,4025.0,4025.0,40.578,1749.6299999999999,787.394,1006.25,0.302,7,4
0,639,7,4033.0,4033.0,37.935,2463.242,526.164,576.1428571428571,0.111,4,7
0,640,4,4008.0,4008.0,70.893,1883.4859999999999,954.539,1002.0,0.198,5,4
0,641,5,3946.0,3946.0,43.999,2425.364,587.773,789.2,0.157,4,5
0,642,3,3721.0,3721.0,119.347,1515.1789999999999,961.88,1240.3333333333333,0.149,6,3
0,643,6,3930.0,3930.0,35.91,2484.5739999999996,541.87,655.0,0.201,3,6
0,644,5,3811.0,3811.0,40.341,2079.831,613.779,762.2,0.293,3,5
0,645,3,3981.0,3981.0,39.527,1642.566,882.824,1327.0,0.184,5,3
0,646,5,4088.0,4088.0,80.673,2139.339,962.69,817.6,0.177,4,5
0,647,4,3754.0,3754.0,30.029,1598.262,881.909,938.5,0.138,5,4
0,648,3,3883.0,3883.0,90.955,1686.994,919.819,1294.3333333333333,0.14,5,3
0,649,5,4009.0,4009.0,42.76,2234.603,767.78,801.8,0.138,3,5
0,650,3,3706.0,3706.0,59.97,1289.948,754.964,1235.3333333333333,0.189,7,3
0,651,7,3943.0,3943.0,44.732,2506.341,732.321,563.2857142857143,0.142,3,7
0,652,4,4034.0,4034.0,38.236,1674.6689999999999,823.967,1008.5,0.173,4,4
0,653,4,3910.0,3910.0,72.682,1842.1299999999997,931.323,977.5,0.211,4,4
0,654,3,2975.0,2975.0,30.246,1295.494,487.302,991.6666666666666,0.127,3,3
0,655,3,4008.0,4008.0,40.999,1496.242,980.484,1336.0,0.14,3,3
0,656,5,3979.0,3979.0,32.883,2263.073,1061.471,795.8,0.149,5,5
0,657,5,3982.0,3982.0,43.377,2322.58,774.506,796.4,0.159,5,5
0,658,6,3959.0,3959.0,37.322,2363.2419999999997,527.755,659.8333333333334,0.179,6,6
0,659,6,4070.0,4070.0,81.771,2765.641,629.253,678.3333333333334,0.181,6,6
0,660,3,3982.0,3982.0,43.341,1699.289,965.499,1327.3333333333333,0.127,3,3
0,661,6,3919.0,3919.0,21.908,2439.227,604.658,653.1666666666666,0.179,6,6
0,662,4,3974.0,3974.0,76.865,2020.247,959.698,993.5,0.187,4,4
0,663,5,3798.0,3798.0,41.56,2067.389,719.833,759.6,0.306,5,5
0,664,3,3790.0,3790.0,56.825,1415.413,854.506,1263.3333333333333,0.134,3,3
0,665,5,4024.0,4024.0,51.465,2272.272,601.463,804.8,0.159,5,5
0,666,4,3966.0,3966.0,61.18,2004.234,837.656,991.5,0.138,4,4
0,667,4,3900.0,3900.0,55.597,1710.665,720.752,975.0,0.16,4,4
0,668,6,4014.0,4014.0,44.908,2464.6589999999997,565.387,669.0,0.18,6,6
0,669,5,3474.0,3474.0,47.712,1958.609,663.441,694.8,0.129,5,5
0,670,4,4016.0,4016.0,32.178,2028.7740000000001,1103.06,1004.0,0.168,4,4
0,671,6,3899.0,3899.0,28.743,2371.654,640.981,649.8333333333334,0.169,6,6
0,672,6,4003.0,4003.0,34.454,2401.486,599.595,667.1666666666666,0.234,6,6
0,673,5,3894.0,3894.0,23.41,2127.7450000000003,879.489,778.8,0.15,5,5
0,674,3,3808.0,3808.0,42.199,1655.012,977.561,1269.3333333333333,0.162,3,3
0,675,3,3882.0,3882.0,72.453,1683.294,827.563,1294.0,0.171,3,3
0,676,6,3808.0,3808.0,46.226,2318.969,708.882,634.6666666666666,0.15,6,6
0,677,4,3784.0,3784.0,51.359,1914.747,750.219,946.0,0.149,4,4
0,678,3,3921.0,3921.0,228.296,1414.757,771.587,1307.0,0.164,6,3
0,679,6,4002.0,4002.0,38.366,2552.4410000000003,712.246,667.0,0.141,3,6
0,680,3,3885.0,3885.0,40.865,1518.7820000000002,989.288,1295.0,0.133,3,3
0,681,6,4001.0,4001.0,54.293,2498.386,637.209,666.8333333333334,0.187,6,6
0,682,6,3749.0,3749.0,29.587,2301.008,522.857,624.8333333333334,0.16,6,6
0,683,5,3914.0,3914.0,29.63,2342.0789999999997,622.092,782.8,0.133,5,5
0,684,4,3881.0,3881.0,72.931,1779.854,967.723,970.25,0.128,4,4
0,685,4,3760.0,3760.0,33.594,1903.4389999999999,825.366,940.0,0.136,4,4
0,686,5,3881.0,3881.0,44.253,2111.6009999999997,513.156,776.2,0.146,5,5
0,687,6,3924.0,3924.0,42.355,2609.9559999999997,613.393,654.0,0.132,6,6
0,688,6,4031.0,4031.0,41.565,2347.621,710.835,671.8333333333334,0.174,6,6
0,689,5,3705.0,3705.0,18.553,2343.307,577.24,741.0,0.137,5,5
0,690,3,3904.0,3904.0,45.028,1567.996,826.57,1301.3333333333333,0.157,3,3
0,691,4,3856.0,3856.0,92.214,1707.748,785.168,964.0,0.164,4,4
0,692,3,3828.0,3828.0,29.02,1356.063,829.865,1276.0,0.19,5,3
0,693,5,3921.0,3921.0,40.461,2088.643,642.979,784.2,0.121,3,5
0,694,5,3819.0,3819.0,47.865,2329.777,826.105,763.8,0.152,6,5
0,695,6,4089.0,4089.0,42.182,2475.0679999999998,889.887,681.5,0.118,5,6
0,696,4,4033.0,4033.0,39.918,1820.592,913.724,1008.25,0.141,4,4
0,697,4,3951.0,3951.0,44.895,1817.3870000000002,835.658,987.75,0.135,4,4
0,698,4,3931.0,3931.0,26.301,1726.855,927.872,982.75,0.181,5,4
0,699,5,3952.0,3952.0,35.985,2020.496,775.333,790.4,0.147,4,5
0,700,5,3877.0,3877.0,46.683,1984.8000000000002,726.825,775.4,0.229,7,5
0,701,7,4037.0,4037.0,32.815,2734.6059999999998,774.567,576.7142857142857,0.161,5,7
0,702,3,3940.0,3940.0,34.175,1461.751,899.429,1313.3333333333333,0.179,6,3
0,703,6,3861.0,3861.0,41.893,2194.309,595.393,643.5,0.138,3,6
0,704,4,3918.0,3918.0,76.502,1932.616,889.748,979.5,0.184,4,4
0,705,7,4059.0,4059.0,70.283,2546.513,534.472,579.8571428571429,0.19,7,7
0,706,3,3999.0,3999.0,37.556,1629.495,901.23,1333.0,0.165,7,3
0,707,7,3990.0,3990.0,39.944,2834.552,823.374,570.0,0.148,3,7
0,708,3,3895.0,3895.0,47.043,1623.243,898.74,1298.3333333333333,0.137,3,3
0,709,3,3826.0,3826.0,26.394,1335.3729999999998,795.51,1275.3333333333333,0.18,3,3
0,710,4,3796.0,3796.0,30.039,1983.83,846.868,949.0,0.185,4,4
0,711,6,4067.0,4067.0,50.688,2124.3289999999997,517.372,677.8333333333334,0.24,6,6
0,712,3,3814.0,3814.0,31.878,1547.248,851.09,1271.3333333333333,0.158,3,3
0,713,5,3884.0,3884.0,48.129,2041.6989999999998,654.911,776.8,0.189,5,5
0,714,5,3988.0,3988.0,32.999,1905.077,581.218,797.6,0.219,5,5
0,715,3,3824.0,3824.0,31.387,1510.901,924.26,1274.6666666666667,0.168,3,3
0,716,5,3908.0,3908.0,42.557,1906.236,448.616,781.6,0.179,5,5
0,717,4,3594.0,3594.0,41.543,1742.5300000000002,766.253,898.5,0.209,6,4
0,718,6,4013.0,4013.0,51.064,2412.9159999999997,582.103,668.8333333333334,0.198,4,6
0,719,3,3987.0,3987.0,40.171,1746.349,971.555,1329.0,0.201,3,3
0,720,7,4006.0,4006.0,44.698,2826.74,592.475,572.2857142857143,0.151,7,7
0,721,4,3974.0,3974.0,25.958,1694.835,675.73,993.5,0.172,4,4
0,722,7,3983.0,3983.0,41.614,2484.986,427.591,569.0,0.199,7,7
0,723,6,3977.0,3977.0,50.207,2198.5950000000003,644.496,662.8333333333334,0.209,6,6
0,724,6,3966.0,3966.0,37.389,2474.667,665.933,661.0,0.155,6,6
0,725,6,4083.0,4083.0,23.744,2280.7160000000003,638.863,680.5,0.209,6,6
0,726,6,3751.0,3751.0,25.382,2471.8390000000004,600.788,625.1666666666666,0.131,6,6
0,727,6,3794.0,3794.0,46.078,2155.259,531.132,632.3333333333334,0.183,6,6
0,728,6,3899.0,3899.0,35.801,2414.0200000000004,562.307,649.8333333333334,0.199,6,6
0,729,3,4021.0,4021.0,39.832,1676.362,945.728,1340.3333333333333,0.198,3,3
0,730,5,3695.0,3695.0,36.869,1986.713,623.937,739.0,0.17,5,5
0,731,6,4010.0,4010.0,50.663,2555.968,648.213,668.3333333333334,0.267,6,6
0,732,4,4048.0,4048.0,41.658,2035.155,1033.527,1012.0,0.143,4,4
0,733,3,3816.0,3816.0,40.956,1480.785,881.835,1272.0,0.174,5,3
0,734,5,3962.0,3962.0,21.756,1964.213,736.175,792.4,0.153,3,5
0,735,3,3799.0,3799.0,32.745,1695.372,1115.633,1266.3333333333333,0.209,3,3
0,736,4,4005.0,4005.0,48.099,2146.767,1333.024,1001.25,0.163,4,4
0,737,4,3900.0,3900.0,44.999,2037.561,1111.433,975.0,0.156,5,4
0,738,5,4038.0,4038.0,37.785,2246.0420000000004,1050.172,807.6,0.119,4,5
0,739,3,3378.0,3378.0,31.517,1143.77,753.82,1126.0,0.168,5,3
0,740,5,3991.0,3991.0,41.464,2138.422,914.01,798.2,0.152,3,5
0,741,4,3828.0,3828.0,48.223,1811.341,1048.563,957.0,0.251,4,4
0,742,5,3993.0,3993.0,50.504,2156.386,711.692,798.6,0.166,5,5
0,743,2,3571.0,3571.0,46.136,1338.518,1018.253,1785.5,0.183,5,2
0,744,5,3925.0,3925.0,32.195,2116.5809999999997,795.002,785.0,0.13,2,5
0,745,3,4028.0,4028.0,27.712,1656.813,825.643,1342.6666666666667,0.149,3,3
0,746,5,3919.0,3919.0,30.577,2067.828,776.868,783.8,0.168,5,5
0,747,4,3709.0,3709.0,46.109,1628.256,511.236,927.25,0.166,4,4
0,748,6,3997.0,3997.0,41.26,2468.8379999999997,654.913,666.1666666666666,0.194,6,6
0,749,3,3904.0,3904.0,39.456,1221.279,687.117,1301.3333333333333,0.2,4,3
0,750,4,4069.0,4069.0,62.027,1901.743,843.094,1017.25,0.12,3,4
0,751,3,3827.0,3827.0,23.945,1472.026,897.573,1275.6666666666667,0.18,3,3
0,752,6,3977.0,3977.0,42.835,2570.6250000000005,809.806,662.8333333333334,0.165,6,6
0,753,7,3934.0,3934.0,47.951,2786.841,549.913,562.0,0.162,7,7
0,754,5,3896.0,3896.0,29.972,1966.0400000000002,552.067,779.2,0.213,6,5
0,755,6,4046.0,4046.0,45.575,2355.601,616.308,674.3333333333334,0.138,5,6
0,756,3,3852.0,3852.0,39.524,1744.781,987.323,1284.0,0.139,3,3
0,757,5,3924.0,3924.0,50.035,2228.497,704.454,784.8,0.228,5,5
0,758,3,3879.0,3879.0,33.795,1430.344,784.326,1293.0,0.175,3,3
0,759,5,3664.0,3664.0,53.754,2164.6459999999997,578.979,732.8,0.21,5,5
0,760,4,3914.0,3914.0,42.836,1939.626,712.463,978.5,0.18,4,4
0,761,4,3956.0,3956.0,54.212,1933.223,919.04,989.0,0.195,4,4
0,762,5,4062.0,4062.0,61.849,2423.0769999999998,851.688,812.4,0.128,5,5
0,763,4,4007.0,4007.0,34.443,1889.6190000000001,845.662,1001.75,0.158,4,4
0,764,5,4056.0,4056.0,44.45,2042.37,895.665,811.2,0.178,5,5
0,765,5,3619.0,3619.0,39.671,1961.732,597.404,723.8,0.17,5,5
0,766,5,4071.0,4071.0,47.106,2113.752,698.957,814.2,0.133,5,5
0,767,5,4037.0,4037.0,43.999,2079.076,620.803,807.4,0.159,5,5
0,768,6,3711.0,3711.0,26.247,2374.466,631.894,618.5,0.151,6,6
0,769,5,3837.0,3837.0,48.072,2053.465,632.02,767.4,0.969,5,5
0,770,7,3979.0,3979.0,38.99,2940.319,766.577,568.4285714285714,0.535,7,7
0,771,3,3903.0,3903.0,26.485,1898.016,876.288,1301.0,0.19,3,3
0,772,6,3835.0,3835.0,41.075,2561.261,522.148,639.1666666666666,0.229,6,6
0,773,2,3604.0,3604.0,34.055,1526.1660000000002,1075.005,1802.0,0.149,2,2
0,774,6,3993.0,3993.0,50.479,2423.7599999999998,580.141,665.5,0.125,6,6
0,775,5,4088.0,4088.0,45.059,2129.933,802.822,817.6,0.397,5,5
0,776,4,3927.0,3927.0,61.644,2037.3999999999999,859.941,981.75,0.17,4,4
0,777,3,3666.0,3666.0,51.562,1481.042,856.403,1222.0,0.182,3,3
0,778,3,3723.0,3723.0,36.868,1590.9640000000002,957.114,1241.0,0.163,3,3
0,779,3,3914.0,3914.0,54.665,1795.101,1041.565,1304.6666666666667,0.195,5,3
0,780,5,3986.0,3986.0,36.524,2266.369,934.25,797.2,0.152,3,5
0,781,4,3769.0,3769.0,46.631,1687.145,772.233,942.25,0.17,4,4
0,782,5,3931.0,3931.0,67.47,2118.243,788.945,786.2,0.17,5,5
0,783,4,3875.0,3875.0,36.893,1858.7920000000001,989.143,968.75,0.144,4,4
0,784,4,3901.0,3901.0,53.4,1920.8770000000002,685.611,975.25,0.186,4,4
0,785,2,3458.0,3458.0,32.504,1344.212,980.183,1729.0,0.194,5,2
0,786,5,3796.0,3796.0,55.137,2326.908,907.919,759.2,0.197,2,5
0,787,4,3870.0,3870.0,50.367,1856.1,964.971,967.5,0.162,4,4
0,788,5,3910.0,3910.0,38.441,2500.599,790.869,782.0,0.158,5,5
0,789,3,3893.0,3893.0,30.314,1696.537,845.454,1297.6666666666667,0.17,3,3
0,790,4,3868.0,3868.0,44.508,1938.005,979.071,967.0,0.148,4,4
0,791,4,3978.0,3978.0,43.135,1736.2379999999998,935.656,994.5,0.227,6,4
0,792,6,3600.0,3600.0,28.3,2153.097,497.199,600.0,0.124,4,6
0,793,7,3966.0,3966.0,48.351,2529.888,589.813,566.5714285714286,0.172,7,7
0,794,5,3990.0,3990.0,38.915,2418.8089999999997,747.041,798.0,0.225,5,5
0,795,3,3641.0,3641.0,32.575,1687.0710000000001,890.028,1213.6666666666667,0.147,3,3
0,796,4,3918.0,3918.0,45.014,1946.268,1082.912,979.5,0.227,4,4
0,797,6,3961.0,3961.0,23.837,2539.366,632.482,660.1666666666666,0.17,6,6
0,798,5,3786.0,3786.0,40.536,2038.917,715.088,757.2,0.141,5,5
0,799,6,3950.0,3950.0,36.813,2353.3929999999996,588.986,658.3333333333334,0.169,6,6
0,800,5,4018.0,4018.0,28.829,2118.176,862.106,803.6,0.201,5,5
0,801,6,4077.0,4077.0,87.179,2211.656,593.788,679.5,0.221,6,6
0,802,6,3879.0,3879.0,41.961,2303.4339999999997,696.088,646.5,0.192,6,6
0,803,5,3818.0,3818.0,51.404,2117.458,659.169,763.6,0.176,5,5
0,804,5,3427.0,3427.0,26.271,1814.1019999999999,540.173,685.4,0.165,5,5
0,805,4,4068.0,4068.0,40.86,1700.313,915.686,1017.0,0.157,4,4
0,806,3,3799.0,3799.0,42.403,1571.899,918.154,1266.3333333333333,0.18,3,3
0,807,6,3980.0,3980.0,318.461,2272.876,574.933,663.3333333333334,0.152,6,6
0,808,5,4031.0,4031.0,48.376,2082.928,818.954,806.2,0.202,5,5
0,809,4,3760.0,3760.0,38.032,1764.025,869.054,940.0,0.158,4,4
0,810,5,3709.0,3709.0,55.868,2129.3469999999998,698.164,741.8,0.147,7,5
0,811,7,3946.0,3946.0,43.054,3017.6240000000003,708.889,563.7142857142857,0.151,5,7
0,812,5,3898.0,3898.0,25.577,2016.304,642.341,779.6,0.182,9,5
0,813,9,4092.0,4092.0,38.564,3107.0009999999997,474.159,454.6666666666667,0.122,5,8+
0,814,4,3929.0,3929.0,44.486,1899.7179999999998,981.974,982.25,0.207,6,4
0,815,6,4067.0,4067.0,41.22,2583.554,732.902,677.8333333333334,0.18,4,6
0,816,4,3907.0,3907.0,33.844,1963.208,877.802,976.75,0.25,4,4
0,817,4,3328.0,3328.0,33.013,1572.5020000000002,626.635,832.0,0.154,4,4
0,818,3,3980.0,3980.0,39.043,1312.922,830.223,1326.6666666666667,0.186,5,3
0,819,5,4051.0,4051.0,52.267,2051.848,719.406,810.2,0.126,3,5
0,820,3,3839.0,3839.0,248.001,1359.74,837.081,1279.6666666666667,0.186,5,3
0,821,5,3676.0,3676.0,37.668,1978.663,852.354,735.2,0.202,3,5
0,822,4,3578.0,3578.0,57.716,1705.147,732.38,894.5,0.259,4,4
0,823,3,3751.0,3751.0,26.581,1360.973,849.574,1250.3333333333333,0.23,3,3
0,824,5,4049.0,4049.0,42.971,2287.014,735.796,809.8,0.22,5,5
0,825,6,3997.0,3997.0,33.463,2154.903,604.342,666.1666666666666,0.172,6,6
0,826,6,3962.0,3962.0,26.432,2416.238,753.898,660.3333333333334,0.169,6,6
0,827,7,3958.0,3958.0,69.017,2828.02,632.758,565.4285714285714,0.188,7,7
0,828,5,4069.0,4069.0,44.258,2160.392,783.405,813.8,0.168,5,5
0,829,6,3955.0,3955.0,32.789,2512.133,587.1,659.1666666666666,0.227,6,6
0,830,7,3989.0,3989.0,59.971,2552.792,594.818,569.8571428571429,0.488,7,7
0,831,4,3891.0,3891.0,37.061,1728.916,723.38,972.75,0.283,4,4
0,832,5,3867.0,3867.0,37.169,2357.898,694.186,773.4,0.519,5,5
0,833,3,3880.0,3880.0,75.847,1832.251,975.47,1293.3333333333333,0.723,3,3
0,834,3,3822.0,3822.0,43.762,1778.131,975.484,1274.0,0.19,3,3
0,835,5,3926.0,3926.0,40.395,1929.6799999999998,752.381,785.2,0.234,5,5
0,836,3,3633.0,3633.0,34.516,1549.608,916.608,1211.0,0.189,5,3
0,837,5,3836.0,3836.0,34.311,2348.7500000000005,739.933,767.2,0.148,3,5
0,838,3,3794.0,3794.0,47.162,1977.2089999999998,1152.062,1264.6666666666667,0.245,3,3
0,839,5,4024.0,4024.0,61.262,2404.349,835.235,804.8,0.257,5,5
0,840,2,3368.0,3368.0,38.551,1457.221,995.775,1684.0,0.164,2,2
0,841,3,3812.0,3812.0,40.308,1495.739,925.21,1270.6666666666667,0.207,3,3
0,842,4,3858.0,3858.0,59.968,1933.4889999999998,928.878,964.5,0.205,4,4
0,843,6,3915.0,3915.0,37.238,2410.474,660.899,652.5,0.178,6,6
0,844,6,3973.0,3973.0,55.973,2791.709,703.214,662.1666666666666,0.265,6,6
0,845,4,4043.0,4043.0,53.936,1953.2030000000002,813.744,1010.75,2.654,4,4
0,846,6,3949.0,3949.0,46.807,2725.916,666.485,658.1666666666666,0.216,6,6
0,847,6,3939.0,3939.0,60.338,2367.797,622.54,656.5,0.198,6,6
0,848,7,4036.0,4036.0,27.952,2858.547,580.885,576.5714285714286,0.341,7,7
0,849,6,4009.0,4009.0,56.008,2726.855,651.796,668.1666666666666,0.241,6,6
0,850,3,3783.0,3783.0,36.382,1648.313,1046.8,1261.0,0.295,3,3
0,851,4,3730.0,3730.0,58.362,1641.775,1004.851,932.5,0.263,4,4
0,852,4,3990.0,3990.0,51.238,1726.3199999999997,856.646,997.5,0.178,5,4
0,853,5,4036.0,4036.0,51.123,2363.938,737.512,807.2,0.15,4,5
0,854,6,3742.0,3742.0,60.951,2196.55,606.422,623.6666666666666,0.225,6,6
0,855,6,4054.0,4054.0,49.146,2515.1079999999997,699.482,675.6666666666666,0.177,6,6
0,856,4,3967.0,3967.0,48.744,1967.647,663.74,991.75,0.256,4,4
0,857,3,3839.0,3839.0,24.706,1486.079,913.536,1279.6666666666667,0.178,3,3
0,858,3,3646.0,3646.0,55.628,1739.708,1008.267,1215.3333333333333,0.242,3,3
0,859,3,3907.0,3907.0,38.393,1636.611,970.029,1302.3333333333333,0.186,3,3
0,860,4,4006.0,4006.0,37.764,1975.742,957.563,1001.5,0.251,4,4
0,861,4,3988.0,3988.0,66.231,2132.177,1099.342,997.0,0.233,4,4
0,862,5,4028.0,4028.0,39.83,2188.118,848.423,805.6,0.195,5,5
0,863,6,3952.0,3952.0,57.245,2406.919,770.19,658.6666666666666,0.172,6,6
0,864,6,3897.0,3897.0,29.042,2601.4289999999996,833.801,649.5,0.241,6,6
0,865,6,3970.0,3970.0,21.469,2306.318,680.807,661.6666666666666,0.179,6,6
0,866,5,4008.0,4008.0,56.905,2050.917,727.27,801.6,0.177,7,5
0,867,7,3879.0,3879.0,31.248,2519.6630000000005,559.984,554.1428571428571,0.142,5,7
0,868,5,4017.0,4017.0,41.563,2217.559,753.467,803.4,0.168,5,5
0,869,5,3600.0,3600.0,52.775,1870.062,432.175,720.0,0.223,5,5
0,870,4,3774.0,3774.0,57.92,1972.0439999999999,1154.08,943.5,0.233,4,4
0,871,6,3901.0,3901.0,46.852,2226.817,716.694,650.1666666666666,0.236,6,6
0,872,4,3955.0,3955.0,29.949,1872.3139999999999,1124.312,988.75,0.239,4,4
0,873,4,3940.0,3940.0,64.583,2038.219,888.681,985.0,0.141,4,4
0,874,5,4083.0,4083.0,40.885,2187.8219999999997,782.584,816.6,0.283,5,5
0,875,5,3770.0,3770.0,50.189,2320.946,675.229,754.0,0.26,5,5
0,876,4,3628.0,3628.0,39.057,2072.411,930.943,907.0,0.208,4,4
0,877,3,3894.0,3894.0,39.367,1638.1419999999998,893.799,1298.0,0.174,3,3
0,878,6,3910.0,3910.0,50.083,2711.81,709.564,651.6666666666666,0.186,6,6
0,879,8,3861.0,3861.0,54.109,3069.0429999999997,570.997,482.625,0.152,8,8+
0,880,6,3873.0,3873.0,59.95,2380.009,648.523,645.5,0.373,6,6
0,881,7,4061.0,4061.0,63.89,2621.8840000000005,580.561,580.1428571428571,0.247,7,7
0,882,4,3607.0,3607.0,50.649,1735.8270000000002,659.376,901.75,0.183,6,4
0,883,6,3953.0,3953.0,45.005,2528.496,695.694,658.8333333333334,0.144,4,6
0,884,4,3891.0,3891.0,28.758,1916.505,655.736,972.75,0.194,3,4
0,885,3,3932.0,3932.0,41.78,1905.947,1157.35,1310.6666666666667,0.147,4,3
0,886,4,3883.0,3883.0,37.972,2023.213,883.906,970.75,0.202,6,4
0,887,6,3980.0,3980.0,51.07,2320.87,719.174,663.3333333333334,0.195,4,6
0,888,4,3901.0,3901.0,36.231,1861.499,1076.887,975.25,0.207,7,4
0,889,7,4088.0,4088.0,40.482,2311.593,581.414,584.0,0.209,4,7
0,890,3,3857.0,3857.0,28.451,1581.83,1047.416,1285.6666666666667,0.184,5,3
0,891,5,4020.0,4020.0,41.861,1914.0149999999999,549.441,804.0,0.176,3,5
0,892,2,3906.0,3906.0,58.458,1302.7040000000002,953.767,1953.0,0.186,7,2
0,893,7,3984.0,3984.0,43.467,2919.5319999999997,641.954,569.1428571428571,0.305,2,7
0,894,4,4037.0,4037.0,37.603,1920.503,825.793,1009.25,0.214,6,4
0,895,6,4072.0,4072.0,37.906,2787.9739999999997,709.451,678.6666666666666,0.173,4,6
0,896,4,3811.0,3811.0,41.468,2077.5370000000003,886.97,952.75,0.285,3,4
0,897,3,3973.0,3973.0,42.505,1542.973,861.62,1324.3333333333333,0.14,4,3
0,898,3,3892.0,3892.0,36.696,1643.995,1012.728,1297.3333333333333,0.197,5,3
0,899,5,3902.0,3902.0,41.082,2438.1760000000004,849.416,780.4,0.2,3,5
0,900,4,3695.0,3695.0,49.046,2112.391,992.392,923.75,0.207,6,4
0,901,6,3738.0,3738.0,39.672,2579.1220000000003,764.155,623.0,0.199,4,6
0,902,3,3674.0,3674.0,56.174,1501.7649999999999,940.091,1224.6666666666667,0.242,5,3
0,903,5,3978.0,3978.0,57.608,1857.164,552.302,795.6,0.135,3,5
0,904,4,3740.0,3740.0,46.149,1863.3310000000001,842.424,935.0,0.209,5,4
0,905,5,3651.0,3651.0,31.081,2264.16,842.468,730.2,0.164,4,5
0,906,4,3809.0,3809.0,39.836,1904.665,842.139,952.25,0.207,4,4
0,907,6,3721.0,3721.0,29.284,2389.1690000000003,668.882,620.1666666666666,0.179,6,6
0,908,3,3767.0,3767.0,44.49,1370.674,805.843,1255.6666666666667,0.218,6,3
0,909,6,3819.0,3819.0,41.06,2667.717,802.494,636.5,0.165,3,6
0,910,3,3627.0,3627.0,38.34,1522.364,991.745,1209.0,0.291,5,3
0,911,5,3414.0,3414.0,43.076,2281.394,605.51,682.8,0.209,3,5
0,912,6,3947.0,3947.0,31.366,2402.5840000000003,634.426,657.8333333333334,0.195,6,6
0,913,6,3967.0,3967.0,54.357,2502.375,815.472,661.1666666666666,0.18,6,6
0,914,6,3918.0,3918.0,49.438,2183.711,513.221,653.0,0.222,5,6
0,915,5,3862.0,3862.0,35.741,2312.916,769.407,772.4,0.129,6,5
0,916,4,4019.0,4019.0,32.142,1740.6879999999999,889.679,1004.75,0.299,6,4
0,917,6,3487.0,3487.0,26.723,2465.416,554.901,581.1666666666666,0.212,4,6
0,918,6,3438.0,3438.0,46.817,2567.7700000000004,553.725,573.0,0.18,6,6
0,919,6,4058.0,4058.0,45.873,2676.334,697.992,676.3333333333334,0.212,6,6
0,920,6,3872.0,3872.0,61.392,2429.125,642.488,645.3333333333334,0.22,4,6
0,921,4,3684.0,3684.0,30.996,1695.9519999999998,776.858,921.0,0.239,6,4
0,922,4,4084.0,4084.0,54.117,1965.7309999999998,911.674,1021.0,0.219,4,4
0,923,4,4081.0,4081.0,65.065,2017.071,1070.113,1020.25,0.184,4,4
0,924,5,3796.0,3796.0,33.385,2519.509,756.088,759.2,0.252,6,5
0,925,6,4005.0,4005.0,59.121,2715.706,808.58,667.5,0.295,5,6
0,926,7,3777.0,3777.0,30.643,2673.988,607.714,539.5714285714286,0.223,6,7
0,927,6,4073.0,4073.0,28.722,2619.6910000000003,627.947,678.8333333333334,0.232,7,6
0,928,3,3570.0,3570.0,42.728,1528.077,602.765,1190.0,0.235,3,3
0,929,5,3951.0,3951.0,51.629,2326.972,648.878,790.2,0.179,5,5
0,930,7,3866.0,3866.0,47.655,2582.9470000000006,496.05,552.2857142857143,0.186,7,7
0,931,6,3950.0,3950.0,45.523,2592.415,620.0,658.3333333333334,0.176,6,6
0,932,4,4034.0,4034.0,55.358,1782.066,899.976,1008.5,0.201,4,4
0,933,6,3998.0,3998.0,54.987,2425.1369999999997,558.799,666.3333333333334,0.172,6,6
0,934,5,3956.0,3956.0,74.867,2261.363,720.972,791.2,0.235,5,5
0,935,7,3857.0,3857.0,44.111,2986.503,596.939,551.0,0.272,7,7
0,936,5,3945.0,3945.0,41.045,2231.66,730.123,789.0,0.201,5,5
0,937,4,3874.0,3874.0,39.043,2008.4410000000003,986.981,968.5,0.185,4,4
0,938,4,4006.0,4006.0,32.87,2027.5189999999998,1131.991,1001.5,0.195,4,4
0,939,5,3974.0,3974.0,54.46,2248.136,780.355,794.8,0.168,5,5
0,940,6,3805.0,3805.0,59.471,2656.3240000000005,773.109,634.1666666666666,0.214,6,6
0,941,5,3983.0,3983.0,53.589,2495.2299999999996,809.52,796.6,0.24,5,5
0,942,3,3981.0,3981.0,44.553,1828.922,1226.381,1327.0,0.186,3,3
0,943,4,3790.0,3790.0,58.248,1875.4710000000002,1052.679,947.5,0.221,4,4
0,944,2,3815.0,3815.0,37.867,1526.792,1135.725,1907.5,0.217,4,2
0,945,4,4082.0,4082.0,43.142,2103.634,1070.524,1020.5,0.136,2,4
0,946,2,3336.0,3336.0,40.58,1297.766,972.639,1668.0,0.389,4,2
0,947,4,3983.0,3983.0,60.603,2090.812,1085.503,995.75,0.163,2,4
0,948,4,3781.0,3781.0,38.283,2186.365,1083.128,945.25,0.207,4,4
0,949,7,3965.0,3965.0,57.795,3080.909,655.343,566.4285714285714,0.331,7,7
0,950,3,3719.0,3719.0,53.416,1555.6909999999998,814.14,1239.6666666666667,0.185,3,3
0,951,3,3834.0,3834.0,45.492,1596.008,931.609,1278.0,0.163,3,3
0,952,3,3837.0,3837.0,58.333,1873.884,968.758,1279.0,0.236,3,3
0,953,6,3767.0,3767.0,55.256,2275.686,667.462,627.8333333333334,0.225,6,6
0,954,5,3914.0,3914.0,29.836,2123.331,634.013,782.8,0.154,5,5
0,955,4,4034.0,4034.0,28.188,2180.185,998.459,1008.5,0.201,4,4
0,956,6,4047.0,4047.0,57.845,2242.057,585.784,674.5,0.255,6,6
0,957,6,3733.0,3733.0,42.708,2272.371,626.64,622.1666666666666,0.203,6,6
0,958,6,3878.0,3878.0,54.659,2601.6989999999996,637.193,646.3333333333334,0.244,6,6
0,959,5,3908.0,3908.0,51.782,2248.257,653.94,781.6,0.182,5,5
0,960,3,3968.0,3968.0,41.71,1857.348,1072.589,1322.6666666666667,0.365,3,3
0,961,7,3762.0,3762.0,60.595,2597.934,755.969,537.4285714285714,0.39,7,7
0,962,4,3999.0,3999.0,44.166,1883.176,994.927,999.75,0.239,4,4
0,963,5,3890.0,3890.0,52.764,2082.424,677.34,778.0,0.182,5,5
0,964,3,3957.0,3957.0,34.33,1442.506,937.82,1319.0,0.356,3,3
0,965,3,3514.0,3514.0,29.596,1516.44,981.486,1171.3333333333333,0.184,3,3
0,966,4,3673.0,3673.0,38.217,2033.8579999999997,1124.587,918.25,0.159,4,4
0,967,4,3588.0,3588.0,43.26,1949.412,844.04,897.0,0.194,4,4
0,968,3,3934.0,3934.0,45.789,1665.026,1019.606,1311.3333333333333,0.239,6,3
0,969,6,3740.0,3740.0,32.241,2211.819,798.833,623.3333333333334,0.279,3,6
0,970,3,3661.0,3661.0,69.777,1860.855,1054.057,1220.3333333333333,0.19,3,3
0,971,7,3940.0,3940.0,29.219,2736.8170000000005,607.125,562.8571428571429,0.18,7,7
0,972,6,3980.0,3980.0,24.698,2221.649,554.854,663.3333333333334,0.212,6,6
0,973,6,3411.0,3411.0,22.714,2067.636,770.766,568.5,0.186,6,6
0,974,3,3908.0,3908.0,51.191,1708.31,1029.991,1302.6666666666667,0.262,3,3
0,975,5,3838.0,3838.0,47.155,2198.134,730.354,767.6,0.152,5,5
0,976,4,3923.0,3923.0,47.759,1692.392,940.329,980.75,0.22,4,4
0,977,3,3699.0,3699.0,33.218,1513.432,872.82,1233.0,0.194,3,3
0,978,3,3905.0,3905.0,27.156,1394.5480000000002,828.375,1301.6666666666667,0.24,3,3
0,979,3,4095.0,4095.0,53.262,1881.3039999999999,1046.177,1365.0,0.146,3,3
0,980,4,4036.0,4036.0,42.281,1988.8290000000002,955.893,1009.0,0.161,4,4
0,981,4,4073.0,4073.0,37.853,1915.9360000000001,933.639,1018.25,0.183,4,4
0,982,5,3960.0,3960.0,34.804,2017.463,816.203,792.0,0.222,5,5
0,983,3,3919.0,3919.0,38.782,1660.247,898.659,1306.3333333333333,0.193,3,3
0,984,4,3890.0,3890.0,33.559,2022.49,1037.55,972.5,0.194,4,4
0,985,5,3791.0,3791.0,29.774,2168.2239999999997,632.024,758.2,0.175,5,5
0,986,3,3697.0,3697.0,40.125,1914.773,1017.004,1232.3333333333333,0.188,3,3
0,987,4,3871.0,3871.0,51.835,2402.754,1082.713,967.75,0.149,4,4
0,988,4,3800.0,3800.0,40.979,1949.286,812.439,950.0,0.199,4,4
0,989,5,3968.0,3968.0,48.311,2362.9210000000003,856.747,793.6,0.184,5,5
0,990,4,3999.0,3999.0,54.968,1975.221,1015.769,999.75,0.278,6,4
0,991,6,4044.0,4044.0,30.055,2230.1150000000002,720.774,674.0,0.156,4,6
0,992,5,4062.0,4062.0,49.532,2108.8340000000003,946.527,812.4,0.19,5,5
0,993,4,3555.0,3555.0,43.795,1977.016,1072.457,888.75,0.154,4,4
0,994,3,3827.0,3827.0,24.028,1631.535,1079.711,1275.6666666666667,0.173,5,3
0,995,5,4025.0,4025.0,51.492,2241.434,758.383,805.0,0.171,3,5
0,996,4,3794.0,3794.0,44.221,1851.074,903.635,948.5,0.888,4,4
0,997,4,3863.0,3863.0,45.472,2111.177,979.836,965.75,0.191,4,4
0,998,6,3813.0,3813.0,32.313,2470.603,635.768,635.5,0.187,6,6
0,999,7,3870.0,3870.0,48.398,2795.861,594.487,552.8571428571429,0.173,7,7
0,1000,4,4038.0,4038.0,34.473,1835.146,809.881,1009.5,0.278,4,4
0,1001,3,3834.0,3834.0,43.079,1633.848,1011.844,1278.0,0.23,3,3
0,1002,6,3804.0,3804.0,38.397,2301.967,688.094,634.0,0.186,6,6
0,1003,6,4068.0,4068.0,44.088,2544.3860000000004,654.782,678.0,0.169,6,6
0,1004,3,3911.0,3911.0,41.408,1617.692,979.442,1303.6666666666667,0.27,3,3
0,1005,5,4053.0,4053.0,37.671,1882.508,717.283,810.6,0.187,5,5
0,1006,4,3862.0,3862.0,28.313,1773.1889999999999,883.058,965.5,0.237,4,4
0,1007,7,3938.0,3938.0,59.378,2359.867,398.163,562.5714285714286,0.205,7,7
0,1008,3,3863.0,3863.0,37.427,1498.777,843.201,1287.6666666666667,0.207,8,3
0,1009,8,4028.0,4028.0,42.915,3049.5919999999996,491.699,503.5,0.197,3,8+
0,1010,5,3755.0,3755.0,50.775,2175.9089999999997,594.971,751.0,0.176,4,5
0,1011,4,3746.0,3746.0,57.432,1957.784,685.169,936.5,0.127,5,4
0,1012,5,3969.0,3969.0,44.412,2079.2090000000003,556.617,793.8,0.227,5,5
0,1013,7,4056.0,4056.0,50.305,2737.67,638.24,579.4285714285714,0.173,7,7
0,1014,4,3918.0,3918.0,45.473,1972.254,812.608,979.5,0.235,4,4
0,1015,5,3306.0,3306.0,26.206,2033.317,738.328,661.2,0.205,5,5
0,1016,4,4024.0,4024.0,46.828,1890.073,995.519,1006.0,0.226,4,4
0,1017,2,3432.0,3432.0,29.811,1374.484,1022.662,1716.0,0.144,2,2
0,1018,3,3881.0,3881.0,40.123,1496.175,910.916,1293.6666666666667,0.215,3,3
0,1019,6,3890.0,3890.0,25.414,2560.877,750.412,648.3333333333334,0.401,6,6
0,1020,2,3306.0,3306.0,32.139,1325.518,934.032,1653.0,0.244,2,2
0,1021,3,3879.0,3879.0,42.34,1428.322,852.283,1293.0,0.208,3,3
0,1022,3,3740.0,3740.0,40.786,1678.864,1112.253,1246.6666666666667,0.372,3,3
0,1023,8,4086.0,4086.0,55.768,3371.016,772.029,510.75,0.18,8,8+
0,1024,3,3914.0,3914.0,43.623,1632.17,956.563,1304.6666666666667,0.265,3,3
0,1025,4,3904.0,3904.0,41.049,1946.4990000000003,1105.344,976.0,0.207,4,4
0,1026,3,3811.0,3811.0,45.142,1566.712,911.064,1270.3333333333333,0.169,3,3
0,1027,3,3837.0,3837.0,60.969,1399.453,872.636,1279.0,0.19,3,3
0,1028,4,4024.0,4024.0,38.793,1953.531,944.657,1006.0,0.196,5,4
0,1029,5,3716.0,3716.0,25.178,2333.39,810.975,743.2,0.237,4,5
0,1030,5,3598.0,3598.0,23.979,2177.129,706.175,719.6,0.305,5,5
0,1031,5,4060.0,4060.0,32.846,2453.7690000000002,981.662,812.0,0.182,5,5
0,1032,4,4035.0,4035.0,42.244,1912.882,968.382,1008.75,0.391,5,4
0,1033,5,4000.0,4000.0,42.873,2217.63,876.197,800.0,0.21,4,5
0,1034,4,3707.0,3707.0,35.839,2072.118,879.797,926.75,0.189,4,4
0,1035,5,4067.0,4067.0,44.004,2458.146,832.648,813.4,0.26,5,5
0,1036,4,3918.0,3918.0,43.181,1834.413,782.094,979.5,0.319,4,4
0,1037,3,3802.0,3802.0,52.657,1696.9560000000001,992.792,1267.3333333333333,0.524,3,3
0,1038,3,3826.0,3826.0,32.272,1475.9769999999999,962.362,1275.3333333333333,0.248,6,3
0,1039,6,3941.0,3941.0,43.413,2747.573,807.178,656.8333333333334,0.225,3,6
0,1040,5,3701.0,3701.0,33.692,2326.278,966.298,740.2,0.178,5,5
0,1041,5,4012.0,4012.0,47.913,2339.471,993.187,802.4,0.212,5,5
0,1042,4,4007.0,4007.0,41.085,2130.094,998.989,1001.75,0.195,6,4
0,1043,6,4093.0,4093.0,31.6,2354.4179999999997,518.574,682.1666666666666,0.173,4,6
0,1044,4,3961.0,3961.0,32.052,1911.203,960.811,990.25,0.218,6,4
0,1045,6,3777.0,3777.0,34.436,2881.705,766.385,629.5,0.198,4,6
0,1046,5,3859.0,3859.0,42.645,2080.997,742.023,771.8,0.222,6,5
0,1047,6,4074.0,4074.0,46.753,2456.451,617.751,679.0,0.122,5,6
0,1048,5,4061.0,4061.0,51.017,2272.8460000000005,782.918,812.2,0.204,7,5
0,1049,7,3926.0,3926.0,25.039,2916.991,708.347,560.8571428571429,0.185,5,7
0,1050,5,4038.0,4038.0,28.435,2008.527,562.491,807.6,0.219,4,5
0,1051,4,3944.0,3944.0,43.395,1713.183,913.168,986.0,0.195,5,4
0,1052,4,3850.0,3850.0,52.474,1894.734,1077.575,962.5,0.189,4,4
0,1053,4,3785.0,3785.0,42.763,1874.806,841.843,946.25,0.167,4,4
0,1054,5,3323.0,3323.0,39.895,1934.5130000000001,633.068,664.6,0.246,5,5
0,1055,4,4083.0,4083.0,45.638,1755.869,863.901,1020.75,0.353,4,4
0,1056,3,3867.0,3867.0,25.192,1471.326,882.515,1289.0,0.167,7,3
0,1057,7,3931.0,3931.0,53.282,2555.386,671.757,561.5714285714286,0.168,3,7
0,1058,4,3922.0,3922.0,52.594,2232.991,866.532,980.5,0.26,5,4
0,1059,5,3822.0,3822.0,38.001,2418.3289999999997,865.593,764.4,0.178,4,5
0,1060,3,3834.0,3834.0,40.387,1781.102,1007.595,1278.0,0.215,3,3
0,1061,6,3976.0,3976.0,33.472,2223.8,490.87,662.6666666666666,0.242,6,6
0,1062,4,4032.0,4032.0,44.504,2016.524,942.725,1008.0,0.162,4,4
0,1063,6,3900.0,3900.0,66.025,2537.8070000000002,705.474,650.0,0.233,6,6
0,1064,5,4062.0,4062.0,40.19,1996.613,689.252,812.4,0.308,5,5
0,1065,5,3558.0,3558.0,39.198,2255.746,603.22,711.6,0.171,5,5
0,1066,5,3726.0,3726.0,57.946,1934.3690000000001,567.361,745.2,0.202,5,5
0,1067,5,3907.0,3907.0,31.07,2103.9970000000003,597.614,781.4,0.174,5,5
0,1068,4,3853.0,3853.0,38.875,1727.982,875.926,963.25,0.15,6,4
0,1069,6,3664.0,3664.0,38.437,2455.9649999999997,560.259,610.6666666666666,0.152,4,6
0,1070,5,3887.0,3887.0,51.027,2072.038,489.456,777.4,0.18,5,5
0,1071,4,4069.0,4069.0,40.176,1713.027,882.182,1017.25,0.345,4,4
0,1072,3,4008.0,4008.0,47.057,1740.802,1060.138,1336.0,0.17,3,3
0,1073,3,3860.0,3860.0,53.05,1628.1779999999999,945.425,1286.6666666666667,0.231,3,3
0,1074,4,3760.0,3760.0,23.615,1751.248,686.347,940.0,0.171,5,4
0,1075,5,3776.0,3776.0,36.206,2376.7009999999996,838.077,755.2,0.372,4,5
0,1076,4,4063.0,4063.0,39.258,1971.442,990.305,1015.75,0.335,4,4
0,1077,4,3996.0,3996.0,39.092,1918.3780000000002,959.45,999.0,0.143,4,4
0,1078,6,3874.0,3874.0,41.976,2379.542,571.196,645.6666666666666,0.278,6,6
0,1079,5,3961.0,3961.0,39.469,2045.001,863.906,792.2,0.235,5,5
0,1080,3,3852.0,3852.0,22.649,1450.212,886.15,1284.0,0.218,6,3
0,1081,6,3923.0,3923.0,29.975,2119.1839999999997,581.294,653.8333333333334,0.238,3,6
0,1082,2,4075.0,4075.0,35.345,1509.854,986.441,2037.5,0.226,3,2
0,1083,3,3872.0,3872.0,40.106,1827.723,1065.438,1290.6666666666667,0.127,2,3
0,1084,5,3798.0,3798.0,41.298,2117.302,686.839,759.6,0.223,5,5
0,1085,5,3837.0,3837.0,49.657,2321.817,689.966,767.4,0.18,5,5
0,1086,5,3369.0,3369.0,35.788,1971.609,651.679,673.8,0.22,5,5
0,1087,3,3650.0,3650.0,37.045,1434.2830000000001,809.498,1216.6666666666667,0.243,3,3
0,1088,3,3916.0,3916.0,49.561,1786.6820000000002,1073.212,1305.3333333333333,0.251,4,3
0,1089,4,3923.0,3923.0,57.912,2090.941,1214.87,980.75,0.204,3,4
0,1090,4,3772.0,3772.0,39.396,1693.8139999999999,885.789,943.0,0.181,4,4
0,1091,7,4011.0,4011.0,52.099,2706.766,526.108,573.0,0.186,7,7
0,1092,7,3903.0,3903.0,44.836,2410.469,648.009,557.5714285714286,0.219,7,7
0,1093,4,3966.0,3966.0,31.465,1667.187,858.216,991.5,0.188,4,4
0,1094,5,4054.0,4054.0,45.534,2514.494,857.764,810.8,0.188,5,5
0,1095,6,4014.0,4014.0,25.578,2468.309,500.188,669.0,0.131,6,6
0,1096,4,4005.0,4005.0,39.066,1856.517,902.508,1001.25,0.208,5,4
0,1097,5,3202.0,3202.0,35.269,2095.2090000000003,548.249,640.4,0.203,4,5
0,1098,4,3862.0,3862.0,32.256,1780.797,901.842,965.5,0.22,7,4
0,1099,7,3978.0,3978.0,35.061,2673.9,724.759,568.2857142857143,0.164,4,7
0,1100,6,4059.0,4059.0,39.208,2419.048,570.728,676.5,0.236,6,6
0,1101,5,3836.0,3836.0,60.08,2034.289,856.941,767.2,0.226,5,5
0,1102,3,3796.0,3796.0,40.898,1356.837,801.106,1265.3333333333333,0.17,3,3
0,1103,3,3588.0,3588.0,35.058,1473.6970000000001,1001.679,1196.0,0.175,3,3
0,1104,4,3926.0,3926.0,37.121,1752.0009999999997,847.889,981.5,0.246,4,4
0,1105,5,3764.0,3764.0,27.292,2187.228,540.144,752.8,0.184,5,5
0,1106,5,3916.0,3916.0,38.108,2155.675,572.619,783.2,0.258,5,5
0,1107,6,4063.0,4063.0,50.507,2658.888,664.894,677.1666666666666,0.137,6,6
0,1108,6,3940.0,3940.0,26.233,2302.419,676.09,656.6666666666666,0.183,6,6
0,1109,6,3902.0,3902.0,42.271,2219.2960000000003,497.325,650.3333333333334,0.208,6,6
0,1110,5,3412.0,3412.0,31.222,2280.152,794.092,682.4,0.146,5,5
0,1111,4,3900.0,3900.0,32.602,1904.012,922.447,975.0,0.316,4,4
0,1112,5,3639.0,3639.0,39.02,2110.5379999999996,632.04,727.8,0.244,5,5
0,1113,6,3971.0,3971.0,53.156,2501.6589999999997,723.127,661.8333333333334,0.206,6,6
0,1114,4,3961.0,3961.0,50.767,1740.1729999999998,836.04,990.25,0.262,4,4
0,1115,7,4082.0,4082.0,28.513,2454.57,473.965,583.1428571428571,0.186,7,7
0,1116,4,4001.0,4001.0,42.644,1659.9150000000002,723.462,1000.25,0.2,4,4
0,1117,7,3952.0,3952.0,53.315,2965.596,555.552,564.5714285714286,0.188,7,7
0,1118,2,3767.0,3767.0,40.207,1373.6190000000001,910.523,1883.5,0.339,2,2
0,1119,3,3884.0,3884.0,43.133,1654.3220000000001,957.012,1294.6666666666667,0.154,3,3
0,1120,5,3919.0,3919.0,44.063,2185.844,606.311,783.8,0.191,5,5
0,1121,3,3901.0,3901.0,38.243,1728.179,1103.64,1300.3333333333333,0.219,3,3
0,1122,3,3987.0,3987.0,35.507,1787.469,1178.634,1329.0,0.366,3,3
0,1123,6,3450.0,3450.0,23.209,2374.84,783.92,575.0,0.215,6,6
0,1124,4,4041.0,4041.0,56.906,1876.4140000000002,1078.728,1010.25,0.211,4,4
0,1125,4,3954.0,3954.0,35.122,1869.618,1096.194,988.5,0.183,4,4
0,1126,3,3665.0,3665.0,40.236,1482.059,871.449,1221.6666666666667,0.199,3,3
0,1127,3,3547.0,3547.0,33.372,1485.825,987.884,1182.3333333333333,0.159,3,3
0,1128,3,3829.0,3829.0,44.768,1727.549,1074.103,1276.3333333333333,0.143,3,3
0,1129,4,4013.0,4013.0,54.355,1880.9600000000003,602.863,1003.25,0.189,4,4
0,1130,5,3948.0,3948.0,43.47,2227.284,1046.702,789.6,0.204,5,5
0,1131,7,4086.0,4086.0,50.397,2876.9410000000007,685.745,583.7142857142857,0.146,7,7
0,1132,4,3876.0,3876.0,31.74,1809.643,891.821,969.0,0.219,4,4
0,1133,7,3868.0,3868.0,34.332,2426.2129999999997,562.197,552.5714285714286,0.172,7,7
0,1134,3,3925.0,3925.0,52.297,1745.3719999999998,875.084,1308.3333333333333,0.142,3,3
0,1135,4,3872.0,3872.0,33.092,1903.411,892.569,968.0,0.174,4,4
0,1136,3,3749.0,3749.0,37.946,1514.704,887.629,1249.6666666666667,0.168,3,3
0,1137,3,3974.0,3974.0,37.496,1630.2689999999998,869.103,1324.6666666666667,0.199,3,3
0,1138,4,3892.0,3892.0,38.242,1712.505,579.152,973.0,0.23,6,4
0,1139,6,3767.0,3767.0,28.064,2539.168,607.486,627.8333333333334,0.151,4,6
0,1140,3,4065.0,4065.0,41.747,1612.99,936.623,1355.0,0.156,3,3
0,1141,5,3929.0,3929.0,27.671,2094.885,554.757,785.8,0.354,5,5
0,1142,3,3898.0,3898.0,37.505,1502.0900000000001,844.267,1299.3333333333333,0.21,3,3
0,1143,3,3804.0,3804.0,42.259,1628.743,1017.818,1268.0,0.134,3,3
0,1144,4,3912.0,3912.0,42.92,1580.081,762.343,978.0,0.289,4,4
0,1145,4,3780.0,3780.0,54.34,2013.566,697.52,945.0,0.177,4,4
0,1146,2,4034.0,4034.0,38.757,1304.4,891.901,2017.0,0.138,2,2
0,1147,5,3992.0,3992.0,56.098,1937.532,649.678,798.4,0.182,5,5
0,1148,4,3749.0,3749.0,37.314,1908.1960000000001,835.559,937.25,0.169,4,4
0,1149,5,4042.0,4042.0,48.643,2100.976,501.198,808.4,0.158,5,5
0,1150,4,3942.0,3942.0,36.209,1836.881,953.789,985.5,0.225,7,4
0,1151,7,3976.0,3976.0,38.308,2523.128,648.717,568.0,0.186,4,7
0,1152,4,3833.0,3833.0,23.096,1889.2,837.818,958.25,0.167,4,4
0,1153,4,3951.0,3951.0,40.322,1789.963,816.628,987.75,0.216,4,4
0,1154,4,3970.0,3970.0,44.287,2104.165,1038.89,992.5,0.174,4,4
0,1155,5,3982.0,3982.0,48.273,2166.277,742.401,796.4,0.149,5,5
0,1156,7,3731.0,3731.0,39.912,2808.016,625.058,533.0,0.216,7,7
0,1157,6,3945.0,3945.0,50.061,2365.2429999999995,629.516,657.5,0.147,6,6
0,1158,4,3888.0,3888.0,26.57,2013.016,990.405,972.0,0.213,6,4
0,1159,6,4012.0,4012.0,38.748,2749.246,961.032,668.6666666666666,0.175,4,6
0,1160,5,3740.0,3740.0,33.766,1896.4160000000002,642.517,748.0,0.175,4,5
0,1161,4,3846.0,3846.0,27.477,1624.9209999999998,612.627,961.5,0.194,5,4
0,1162,3,3978.0,3978.0,43.927,1822.658,973.889,1326.0,0.169,3,3
0,1163,4,4069.0,4069.0,54.169,1748.711,903.159,1017.25,0.166,4,4
0,1164,6,3697.0,3697.0,47.91,2307.274,616.51,616.1666666666666,0.19,6,6
0,1165,6,4081.0,4081.0,37.022,2404.281,607.612,680.1666666666666,0.245,6,6
0,1166,4,3850.0,3850.0,36.879,1941.7370000000003,913.985,962.5,0.249,6,4
0,1167,6,3987.0,3987.0,53.368,2510.95,935.656,664.5,0.12,4,6
0,1168,4,3941.0,3941.0,33.352,1654.074,831.358,985.25,0.158,4,4
0,1169,4,4079.0,4079.0,39.927,2053.9069999999997,1073.567,1019.75,0.54,4,4
0,1170,2,3978.0,3978.0,38.116,1414.89,1025.977,1989.0,0.151,2,2
0,1171,7,3989.0,3989.0,49.74,2575.326,713.477,569.8571428571429,0.21,7,7
0,1172,4,4025.0,4025.0,47.369,2098.187,1189.737,1006.25,0.184,4,4
0,1173,5,3909.0,3909.0,46.002,2228.5409999999997,937.169,781.8,0.175,5,5
0,1174,3,3734.0,3734.0,37.787,1724.2040000000002,996.282,1244.6666666666667,0.305,6,3
0,1175,6,3523.0,3523.0,38.05,2595.3819999999996,640.016,587.1666666666666,0.196,3,6
0,1176,3,3803.0,3803.0,44.249,1793.473,1119.889,1267.6666666666667,0.159,3,3
0,1177,4,3702.0,3702.0,33.511,2098.099,710.437,925.5,0.169,4,4
0,1178,3,3697.0,3697.0,37.21,1390.441,775.396,1232.3333333333333,0.226,3,3
0,1179,4,3817.0,3817.0,46.827,1776.751,998.176,954.25,0.146,4,4
0,1180,5,3945.0,3945.0,37.003,2239.85,975.318,789.0,0.185,7,5
0,1181,7,3906.0,3906.0,43.908,2725.8470000000007,579.18,558.0,0.185,5,7
0,1182,3,3754.0,3754.0,36.014,1651.205,798.592,1251.3333333333333,0.248,3,3
0,1183,4,3892.0,3892.0,26.545,1958.791,828.925,973.0,0.31,4,4
0,1184,5,3897.0,3897.0,52.549,2265.628,839.892,779.4,0.247,6,5
0,1185,6,4049.0,4049.0,58.551,2581.3030000000003,1057.353,674.8333333333334,0.154,5,6
0,1186,2,3836.0,3836.0,40.32,1440.624,969.772,1918.0,0.212,5,2
0,1187,5,3394.0,3394.0,41.232,2110.239,525.66,678.8,0.201,2,5
0,1188,4,3973.0,3973.0,34.551,1891.714,791.458,993.25,0.232,5,4
0,1189,5,3749.0,3749.0,46.033,2053.893,618.594,749.8,0.163,4,5
0,1190,4,3791.0,3791.0,63.893,1730.825,735.85,947.75,0.165,4,4
0,1191,4,3763.0,3763.0,54.149,2211.939,719.549,940.75,0.138,4,4
0,1192,5,3846.0,3846.0,51.809,1983.0510000000002,653.626,769.2,0.229,5,5
0,1193,4,3724.0,3724.0,52.317,2039.0579999999998,892.228,931.0,0.181,4,4
0,1194,2,3298.0,3298.0,33.653,1509.984,1015.758,1649.0,0.177,2,2
0,1195,4,4029.0,4029.0,57.404,1962.7050000000002,1055.939,1007.25,0.182,4,4
0,1196,3,3819.0,3819.0,35.293,1528.652,867.76,1273.0,0.284,7,3
0,1197,7,4024.0,4024.0,41.046,2411.5389999999998,547.601,574.8571428571429,0.126,3,7
0,1198,4,3555.0,3555.0,48.338,1795.775,787.347,888.75,0.203,4,4
0,1199,5,3830.0,3830.0,89.098,2068.487,690.911,766.0,0.219,5,5
0,1200,6,4012.0,4012.0,27.784,2208.302,575.273,668.6666666666666,0.31,6,6
0,1201,6,3976.0,3976.0,51.998,2643.829,708.657,662.6666666666666,0.197,6,6
0,1202,5,3981.0,3981.0,42.773,2120.538,781.643,796.2,0.208,5,5
0,1203,7,4047.0,4047.0,46.693,2528.117,541.211,578.1428571428571,0.274,7,7
0,1204,5,3917.0,3917.0,40.299,2147.725,569.597,783.4,0.249,5,5
0,1205,5,4032.0,4032.0,52.03,2215.567,808.02,806.4,0.208,5,5
0,1206,3,3841.0,3841.0,49.791,1812.9250000000002,903.083,1280.3333333333333,0.222,3,3
0,1207,7,4037.0,4037.0,32.529,3054.152,715.049,576.7142857142857,0.181,7,7
0,1208,6,3992.0,3992.0,40.921,2500.4539999999997,610.926,665.3333333333334,0.208,6,6
0,1209,5,3798.0,3798.0,27.864,2133.2789999999995,611.131,759.6,0.176,5,5
0,1210,5,3972.0,3972.0,53.358,2123.989,762.467,794.4,0.23,5,5
0,1211,4,3880.0,3880.0,40.95,1886.7980000000002,939.377,970.0,0.188,4,4
0,1212,5,3473.0,3473.0,47.888,1932.512,596.799,694.6,0.165,5,5
0,1213,5,4028.0,4028.0,46.893,2204.64,946.398,805.6,0.181,5,5
0,1214,5,3847.0,3847.0,52.333,2278.252,560.575,769.4,0.23,6,5
0,1215,6,4053.0,4053.0,38.541,2722.743,660.566,675.5,0.172,5,6
0,1216,4,4037.0,4037.0,47.109,2020.0600000000004,1036.246,1009.25,0.202,4,4
0,1217,5,3919.0,3919.0,24.148,2497.537,770.063,783.8,0.16,5,5
0,1218,6,3904.0,3904.0,33.257,2387.2419999999997,721.62,650.6666666666666,0.348,6,6
0,1219,7,3967.0,3967.0,34.22,2309.878,443.198,566.7142857142857,0.174,7,7
0,1220,4,3810.0,3810.0,53.995,1555.4969999999998,618.098,952.5,0.264,6,4
0,1221,6,3914.0,3914.0,39.241,2309.222,569.279,652.3333333333334,0.251,4,6
0,1222,3,3670.0,3670.0,38.281,1575.086,924.046,1223.3333333333333,0.177,3,3
0,1223,6,4055.0,4055.0,59.965,2460.106,540.437,675.8333333333334,0.196,6,6
0,1224,4,3518.0,3518.0,44.603,2044.3310000000001,837.601,879.5,0.242,4,4
0,1225,3,3749.0,3749.0,31.048,1698.8360000000002,1026.172,1249.6666666666667,0.247,3,3
0,1226,5,4010.0,4010.0,25.736,2007.7769999999998,688.439,802.0,0.205,6,5
0,1227,6,3717.0,3717.0,51.805,2522.359,678.01,619.5,0.149,5,6
0,1228,3,3834.0,3834.0,39.912,1672.629,968.043,1278.0,0.22,3,3
0,1229,7,4096.0,4096.0,58.584,3161.993,662.795,585.1428571428571,0.218,7,7
0,1230,5,3961.0,3961.0,54.163,2238.233,857.967,792.2,0.214,5,5
0,1231,5,3859.0,3859.0,54.625,2047.8890000000001,620.2,771.8,0.17,5,5
0,1232,4,3984.0,3984.0,33.479,2085.972,1080.376,996.0,0.168,4,4
0,1233,6,4032.0,4032.0,56.699,2574.314,683.896,672.0,0.146,6,6
0,1234,4,3650.0,3650.0,25.281,1914.284,795.336,912.5,0.287,4,4
0,1235,7,4023.0,4023.0,54.607,2717.487,481.629,574.7142857142857,0.185,7,7
0,1236,6,3787.0,3787.0,57.269,2457.826,537.69,631.1666666666666,0.204,6,6
0,1237,4,4004.0,4004.0,64.195,1794.1049999999998,1003.802,1001.0,0.231,4,4
0,1238,5,3817.0,3817.0,55.499,2248.783,647.14,763.4,0.169,5,5
0,1239,3,3827.0,3827.0,36.83,1809.4330000000002,1079.948,1275.6666666666667,0.17,3,3
0,1240,4,3865.0,3865.0,58.97,2162.729,964.543,966.25,0.236,4,4
0,1241,6,3976.0,3976.0,55.719,2267.677,534.505,662.6666666666666,0.482,6,6
0,1242,6,3684.0,3684.0,26.431,2447.638,789.169,614.0,0.244,6,6
0,1243,6,3845.0,3845.0,53.988,2419.491,806.196,640.8333333333334,0.188,6,6
0,1244,3,3995.0,3995.0,48.302,1831.9270000000001,956.414,1331.6666666666667,0.195,3,3
0,1245,4,4076.0,4076.0,50.736,2323.549,1167.687,1019.0,0.261,4,4
0,1246,5,4006.0,4006.0,63.648,2308.172,844.336,801.2,0.218,5,5
0,1247,5,3938.0,3938.0,57.25,2036.67,619.36,787.6,0.176,5,5
0,1248,5,3946.0,3946.0,26.5,2120.224,545.844,789.2,0.177,5,5
0,1249,4,3946.0,3946.0,32.962,1909.812,1037.596,986.5,0.201,4,4
0,1250,3,3790.0,3790.0,38.495,1776.2259999999999,1009.265,1263.3333333333333,0.185,4,3
0,1251,4,4044.0,4044.0,60.034,1985.397,1025.153,1011.0,0.157,3,4
0,1252,3,3663.0,3663.0,37.442,1418.386,643.548,1221.0,0.263,3,3
0,1253,3,3766.0,3766.0,51.85,1694.357,1024.976,1255.3333333333333,0.204,3,3
0,1254,4,4069.0,4069.0,54.402,1944.002,986.413,1017.25,0.189,4,4
0,1255,4,3792.0,3792.0,63.958,2122.164,1027.856,948.0,0.195,4,4
0,1256,5,3790.0,3790.0,36.544,2265.763,817.883,758.0,0.309,5,5
0,1257,6,3873.0,3873.0,27.199,2317.938,639.149,645.5,0.234,6,6
0,1258,3,4012.0,4012.0,40.745,1683.965,1065.87,1337.3333333333333,0.275,3,3
0,1259,2,3633.0,3633.0,33.864,1307.633,1059.959,1816.5,0.173,2,2
0,1260,3,3768.0,3768.0,52.39,1981.678,1291.248,1256.0,0.202,3,3
0,1261,5,3986.0,3986.0,50.973,2299.512,936.881,797.2,0.207,5,5
0,1262,3,3648.0,3648.0,36.94,1862.1470000000002,1065.342,1216.0,0.241,5,3
0,1263,5,3797.0,3797.0,57.917,2333.171,745.899,759.4,0.187,3,5
0,1264,4,4071.0,4071.0,59.336,2074.08,1021.317,1017.75,0.209,4,4
0,1265,6,4013.0,4013.0,51.832,2759.7169999999996,824.951,668.8333333333334,0.191,6,6
0,1266,4,3927.0,3927.0,31.923,1986.5099999999998,702.498,981.75,0.21,4,4
0,1267,5,3964.0,3964.0,40.564,2359.868,935.084,792.8,0.179,5,5
0,1268,3,3916.0,3916.0,40.839,1839.539,877.998,1305.3333333333333,0.283,3,3
0,1269,6,3975.0,3975.0,51.59,2531.125,566.746,662.5,0.152,6,6
0,1270,3,3801.0,3801.0,38.984,1673.058,1149.522,1267.0,0.221,3,3
0,1271,2,3624.0,3624.0,35.789,1225.906,903.175,1812.0,0.207,2,2
0,1272,3,3890.0,3890.0,38.42,1612.8329999999999,952.881,1296.6666666666667,0.178,5,3
0,1273,5,3856.0,3856.0,30.864,2299.5480000000002,593.83,771.2,0.157,3,5
0,1274,2,3423.0,3423.0,43.268,1474.099,1157.648,1711.5,0.177,2,2
0,1275,4,4019.0,4019.0,37.663,1844.792,976.551,1004.75,0.192,4,4
0,1276,5,3911.0,3911.0,44.045,2029.824,767.229,782.2,0.188,6,5
0,1277,6,3613.0,3613.0,44.571,2737.057,566.29,602.1666666666666,0.216,5,6
0,1278,4,3882.0,3882.0,55.502,1991.6240000000003,686.36,970.5,0.164,5,4
0,1279,5,4086.0,4086.0,45.974,2420.2630000000004,711.309,817.2,0.161,4,5
0,1280,2,3818.0,3818.0,40.15,1455.85,913.45,1909.0,0.216,2,2
0,1281,4,4036.0,4036.0,35.078,2088.892,989.818,1009.0,0.229,4,4
0,1282,3,3844.0,3844.0,47.382,1543.129,925.235,1281.3333333333333,0.192,3,3
0,1283,5,4019.0,4019.0,35.886,2013.5400000000002,988.476,803.8,0.179,5,5
0,1284,4,4095.0,4095.0,32.471,2115.1279999999997,973.584,1023.75,0.164,4,4
0,1285,6,3954.0,3954.0,55.017,2513.009,586.858,659.0,0.24,6,6
0,1286,4,4086.0,4086.0,46.334,2013.374,1089.564,1021.5,0.236,4,4
0,1287,6,3894.0,3894.0,43.952,2479.359,712.193,649.0,0.218,6,6
0,1288,5,3771.0,3771.0,28.683,2145.8630000000003,773.368,754.2,0.283,5,5
0,1289,5,3694.0,3694.0,34.803,2415.0150000000003,565.704,738.8,0.187,5,5
0,1290,4,3975.0,3975.0,51.581,2000.1000000000001,934.542,993.75,0.141,4,4
0,1291,6,3850.0,3850.0,40.571,2210.974,585.642,641.6666666666666,0.207,6,6
0,1292,6,4067.0,4067.0,33.74,2506.122,861.024,677.8333333333334,0.276,6,6
0,1293,6,4022.0,4022.0,28.239,2442.8019999999997,649.553,670.3333333333334,0.218,6,6
0,1294,4,3878.0,3878.0,39.451,2240.999,756.739,969.5,0.606,4,4
0,1295,6,3947.0,3947.0,52.94,2457.1949999999997,555.49,657.8333333333334,0.164,6,6
0,1296,5,3808.0,3808.0,44.644,2137.908,636.062,761.6,0.243,5,5
0,1297,6,3996.0,3996.0,52.765,2599.398,605.171,666.0,0.23,6,6
0,1298,3,3736.0,3736.0,65.134,1749.4569999999999,968.243,1245.3333333333333,0.24,3,3
0,1299,5,3843.0,3843.0,60.75,1914.8909999999998,565.669,768.6,0.154,5,5
0,1300,6,4005.0,4005.0,32.849,2258.859,547.047,667.5,0.175,6,6
0,1301,3,3883.0,3883.0,40.195,1774.6299999999999,1077.264,1294.3333333333333,0.24,3,3
0,1302,4,3981.0,3981.0,44.825,2013.61,1015.26,995.25,0.181,4,4
0,1303,6,4059.0,4059.0,63.676,2519.0249999999996,531.016,676.5,0.36,6,6
0,1304,3,3683.0,3683.0,38.69,1378.199,778.368,1227.6666666666667,0.222,4,3
0,1305,4,3672.0,3672.0,60.484,1765.253,770.831,918.0,0.137,3,4
0,1306,4,3891.0,3891.0,34.38,1865.723,1032.224,972.75,0.227,6,4
0,1307,6,3876.0,3876.0,44.871,2654.602,731.324,646.0,0.2,4,6
0,1308,3,3975.0,3975.0,40.174,1613.739,910.201,1325.0,0.222,5,3
0,1309,5,3827.0,3827.0,39.468,2462.0480000000002,874.446,765.4,0.257,3,5
0,1310,6,3978.0,3978.0,53.597,2241.0319999999997,671.298,663.0,0.253,6,6
0,1311,6,3703.0,3703.0,38.993,2431.69,716.243,617.1666666666666,0.13,6,6
0,1312,4,4055.0,4055.0,40.739,1876.637,981.673,1013.75,0.183,4,4
0,1313,4,3834.0,3834.0,37.328,1668.3049999999998,797.394,958.5,0.161,4,4
0,1314,4,4041.0,4041.0,30.211,2000.153,917.621,1010.25,0.166,4,4
0,1315,6,4001.0,4001.0,52.268,2568.423,770.329,666.8333333333334,0.192,6,6
0,1316,5,3843.0,3843.0,37.874,2016.001,734.409,768.6,0.184,5,5
0,1317,5,3930.0,3930.0,42.161,1999.807,806.115,786.0,0.223,5,5
0,1318,4,4000.0,4000.0,42.526,1867.014,767.67,1000.0,0.164,4,4
0,1319,7,4096.0,4096.0,52.206,2680.372,462.456,585.1428571428571,0.183,7,7
0,1320,4,3861.0,3861.0,49.19,1960.5120000000002,906.82,965.25,0.184,4,4
0,1321,6,3947.0,3947.0,21.511,2317.375,658.175,657.8333333333334,0.23,6,6
0,1322,5,3520.0,3520.0,23.544,2098.929,559.477,704.0,0.24,5,5
0,1323,5,3987.0,3987.0,37.877,2333.3909999999996,1065.648,797.4,0.156,5,5
0,1324,5,3915.0,3915.0,48.603,2100.0110000000004,615.37,783.0,0.175,5,5
0,1325,4,3855.0,3855.0,37.929,1866.7040000000002,875.758,963.75,0.256,4,4
0,1326,5,3315.0,3315.0,35.306,2124.396,709.523,663.0,0.268,6,5
0,1327,6,3967.0,3967.0,43.851,2365.3360000000002,848.427,661.1666666666666,0.155,5,6
0,1328,4,4011.0,4011.0,49.45,1982.964,966.8,1002.75,0.188,4,4
0,1329,4,3999.0,3999.0,25.758,1807.72,885.311,999.75,0.153,4,4
0,1330,5,3985.0,3985.0,49.383,2135.1820000000002,876.374,797.0,0.214,5,5
0,1331,5,3280.0,3280.0,44.173,1823.859,545.31,656.0,0.161,5,5
0,1332,2,3347.0,3347.0,39.484,1419.657,1060.935,1673.5,0.218,2,2
0,1333,3,3657.0,3657.0,41.918,1524.863,958.95,1219.0,0.185,3,3
0,1334,5,4030.0,4030.0,48.553,2265.537,892.088,806.0,0.194,5,5
0,1335,5,3729.0,3729.0,27.019,2215.38,780.434,745.8,0.146,5,5
0,1336,5,3995.0,3995.0,42.41,2090.493,600.902,799.0,0.213,5,5
0,1337,5,3927.0,3927.0,50.216,2190.349,929.434,785.4,0.184,5,5
0,1338,3,3673.0,3673.0,40.178,1764.69,996.144,1224.3333333333333,0.195,3,3
0,1339,5,3594.0,3594.0,49.545,2202.237,662.348,718.8,0.214,5,5
0,1340,4,3842.0,3842.0,38.292,2092.1859999999997,912.574,960.5,0.212,4,4
0,1341,6,3636.0,3636.0,58.717,2890.925,662.775,606.0,0.187,6,6
0,1342,2,3376.0,3376.0,31.913,1459.3899999999999,980.531,1688.0,0.181,2,2
0,1343,4,3948.0,3948.0,34.702,2230.4529999999995,1089.703,987.0,0.171,4,4
0,1344,4,4014.0,4014.0,52.504,1958.806,1073.895,1003.5,0.188,4,4
0,1345,6,3759.0,3759.0,20.887,2160.381,597.438,626.5,0.172,6,6
0,1346,4,3734.0,3734.0,27.916,2055.4900000000002,765.787,933.5,0.184,4,4
0,1347,5,4024.0,4024.0,38.558,2317.002,842.626,804.8,0.135,5,5
0,1348,3,3880.0,3880.0,31.961,1790.083,1073.256,1293.3333333333333,0.162,3,3
0,1349,8,3903.0,3903.0,55.454,2884.0190000000002,511.096,487.875,0.181,8,8+
0,1350,3,3848.0,3848.0,51.153,1961.402,1211.442,1282.6666666666667,0.256,3,3
0,1351,3,4050.0,4050.0,40.781,1656.403,948.129,1350.0,0.183,3,3
0,1352,6,3921.0,3921.0,48.16,2672.303,764.853,653.5,0.16,6,6
0,1353,6,3787.0,3787.0,38.747,2553.1020000000003,654.55,631.1666666666666,0.155,6,6
0,1354,4,3998.0,3998.0,29.895,2002.658,918.456,999.5,0.198,5,4
0,1355,5,3764.0,3764.0,50.281,2361.9849999999997,823.823,752.8,0.153,4,5
0,1356,4,3763.0,3763.0,47.491,1947.36,980.088,940.75,0.223,4,4
0,1357,6,4031.0,4031.0,50.295,2536.444,788.187,671.8333333333334,0.163,6,6
0,1358,4,3824.0,3824.0,42.212,2194.019,838.923,956.0,0.159,4,4
0,1359,6,3996.0,3996.0,44.665,2262.5510000000004,502.125,666.0,0.124,6,6
0,1360,4,4088.0,4088.0,42.784,1954.9299999999998,976.985,1022.0,0.221,4,4
0,1361,8,3943.0,3943.0,48.659,3040.38,579.299,492.875,0.18,8,8+
0,1362,3,3801.0,3801.0,40.526,1506.459,816.147,1267.0,0.189,3,3
0,1363,5,4045.0,4045.0,52.895,2061.4900000000002,723.084,809.0,0.158,5,5
0,1364,4,3187.0,3187.0,53.929,1694.5030000000002,720.721,796.75,0.155,6,4
0,1365,6,3785.0,3785.0,30.403,2547.419,702.792,630.8333333333334,0.149,4,6
0,1366,4,4016.0,4016.0,41.476,2139.3959999999997,1109.744,1004.0,1.915,4,4
0,1367,7,4069.0,4069.0,29.621,2858.687,543.856,581.2857142857143,0.164,7,7
0,1368,6,4008.0,4008.0,46.139,2259.8030000000003,754.434,668.0,0.185,6,6
0,1369,8,3962.0,3962.0,30.685,2472.744,426.48,495.25,0.164,8,8+
0,1370,4,3958.0,3958.0,35.377,2118.042,1129.969,989.5,0.182,4,4
0,1371,4,3387.0,3387.0,45.404,1947.2089999999998,862.91,846.75,0.113,4,4
0,1372,4,4004.0,4004.0,44.639,2143.711,1094.262,1001.0,0.163,4,4
0,1373,5,3973.0,3973.0,49.213,2450.424,976.192,794.6,0.188,5,5
0,1374,4,3655.0,3655.0,44.263,1910.474,698.557,913.75,0.206,6,4
0,1375,6,4032.0,4032.0,46.276,2355.379,561.676,672.0,0.157,4,6
0,1376,3,3636.0,3636.0,46.837,1578.593,813.528,1212.0,0.16,6,3
0,1377,6,3740.0,3740.0,38.635,2149.447,527.717,623.3333333333334,0.129,3,6
0,1378,4,4037.0,4037.0,38.056,1854.033,990.181,1009.25,0.149,4,4
0,1379,4,4047.0,4047.0,35.468,2031.426,1116.667,1011.75,0.202,4,4
0,1380,2,3566.0,3566.0,36.217,1405.402,969.081,1783.0,0.175,2,2
0,1381,4,3645.0,3645.0,34.737,1845.7420000000002,1081.789,911.25,0.2,4,4
0,1382,3,3755.0,3755.0,50.893,1553.374,973.721,1251.6666666666667,0.205,3,3
0,1383,6,4062.0,4062.0,60.644,2768.0179999999996,751.963,677.0,0.163,6,6
0,1384,5,4078.0,4078.0,41.951,2103.4770000000003,665.241,815.6,0.18,5,5
0,1385,4,3974.0,3974.0,50.661,1985.7620000000002,1094.439,993.5,0.2,4,4
0,1386,4,3925.0,3925.0,39.853,2038.512,970.003,981.25,0.222,4,4
0,1387,5,4014.0,4014.0,30.546,1989.539,742.5,802.8,0.15,5,5
0,1388,3,3752.0,3752.0,27.649,1510.7540000000001,891.797,1250.6666666666667,0.17,3,3
0,1389,9,3918.0,3918.0,37.64,2887.029,457.923,435.3333333333333,0.126,9,8+
0,1390,6,3926.0,3926.0,46.034,2162.076,494.326,654.3333333333334,0.186,6,6
0,1391,7,3657.0,3657.0,51.602,2590.375,533.295,522.4285714285714,0.233,7,7
0,1392,5,3912.0,3912.0,32.672,1985.908,629.637,782.4,0.151,5,5
0,1393,4,4062.0,4062.0,47.84,2058.299,931.222,1015.5,0.205,4,4
0,1394,3,3770.0,3770.0,51.331,1671.3700000000001,1161.491,1256.6666666666667,0.156,3,3
0,1395,4,4071.0,4071.0,49.153,1800.469,894.467,1017.75,0.131,4,4
0,1396,7,3835.0,3835.0,61.398,2573.453,498.747,547.8571428571429,0.173,7,7
0,1397,6,3814.0,3814.0,25.672,2267.455,580.99,635.6666666666666,0.157,6,6
0,1398,4,3957.0,3957.0,24.987,2334.668,1120.766,989.25,0.184,4,4
0,1399,4,3987.0,3987.0,23.094,2266.3599999999997,1100.906,996.75,0.205,4,4
0,1400,5,3762.0,3762.0,49.972,2141.0890000000004,676.46,752.4,0.147,5,5
0,1401,5,3882.0,3882.0,58.698,2429.199,788.498,776.4,0.137,5,5
0,1402,8,3754.0,3754.0,50.89,2673.442,579.208,469.25,0.247,7,8+
0,1403,7,4037.0,4037.0,38.123,2566.3900000000003,570.671,576.7142857142857,0.149,8,7
0,1404,4,3933.0,3933.0,37.903,1925.329,977.129,983.25,0.159,4,4
0,1405,5,4035.0,4035.0,53.55,2663.5649999999996,967.088,807.0,0.15,5,5
0,1406,6,4070.0,4070.0,27.653,2719.309,707.737,678.3333333333334,0.188,6,6
0,1407,5,3775.0,3775.0,38.073,2086.5370000000003,794.388,755.0,0.125,5,5
0,1408,6,3927.0,3927.0,34.106,2119.732,587.293,654.5,0.162,6,6
0,1409,5,3971.0,3971.0,21.684,2271.249,786.277,794.2,0.167,5,5
0,1410,4,3920.0,3920.0,24.443,1792.693,760.247,980.0,0.192,5,4
0,1411,5,3998.0,3998.0,58.272,2064.039,746.067,799.6,0.147,4,5
0,1412,2,3462.0,3462.0,49.247,1422.147,1090.6,1731.0,0.332,4,2
0,1413,4,3936.0,3936.0,38.474,1599.3,519.289,984.0,0.118,2,4
0,1414,5,3539.0,3539.0,31.282,2186.993,680.392,707.8,0.197,5,5
0,1415,4,3927.0,3927.0,41.164,1822.6350000000002,977.513,981.75,0.163,4,4
0,1416,4,4007.0,4007.0,38.22,2032.5100000000002,1055.867,1001.75,0.18,5,4
0,1417,5,4066.0,4066.0,49.882,2488.08,1167.928,813.2,0.144,4,5
0,1418,1,3072.0,3072.0,25.33,1088.139,1088.139,3072.0,0.16,1,1
0,1419,4,4027.0,4027.0,23.366,1644.5149999999999,908.929,1006.75,0.174,4,4
0,1420,2,3634.0,3634.0,29.88,1353.856,896.216,1817.0,0.217,4,2
0,1421,4,4010.0,4010.0,46.818,1962.6019999999999,1000.126,1002.5,0.146,2,4
0,1422,4,4064.0,4064.0,39.046,2011.578,949.56,1016.0,0.132,4,4
0,1423,5,3730.0,3730.0,53.083,2159.438,658.931,746.0,0.153,5,5
0,1424,6,4052.0,4052.0,32.254,2327.0950000000003,717.043,675.3333333333334,0.183,6,6
0,1425,7,3774.0,3774.0,50.439,2559.7699999999995,500.201,539.1428571428571,0.153,7,7
0,1426,3,3824.0,3824.0,37.29,1551.165,885.756,1274.6666666666667,0.215,5,3
0,1427,5,3777.0,3777.0,34.938,2168.047,826.527,755.4,0.14,3,5
0,1428,5,3788.0,3788.0,39.874,2136.393,498.31,757.6,0.139,6,5
0,1429,6,4021.0,4021.0,25.514,2627.0280000000002,668.211,670.1666666666666,0.145,5,6
0,1430,3,3814.0,3814.0,39.062,1674.726,983.532,1271.3333333333333,0.164,7,3
0,1431,7,3701.0,3701.0,37.904,2914.5699999999997,679.295,528.7142857142857,0.111,3,7
0,1432,4,3935.0,3935.0,43.715,1994.64,1073.016,983.75,0.252,4,4
0,1433,4,4000.0,4000.0,44.574,1885.466,1074.771,1000.0,0.143,4,4
0,1434,4,4015.0,4015.0,45.404,1937.122,855.359,1003.75,0.173,4,4
0,1435,7,3742.0,3742.0,25.801,3040.545,671.254,534.5714285714286,0.213,7,7
0,1436,5,3749.0,3749.0,21.576,2200.798,634.969,749.8,0.3,5,5
0,1437,4,3944.0,3944.0,40.993,1863.102,893.003,986.0,0.133,4,4
0,1438,6,3911.0,3911.0,33.659,2339.0249999999996,801.112,651.8333333333334,0.147,6,6
0,1439,5,3968.0,3968.0,50.815,2145.666,793.546,793.6,0.145,5,5
0,1440,5,4062.0,4062.0,51.875,1875.568,753.455,812.4,0.154,4,5
0,1441,4,3980.0,3980.0,49.888,2102.214,982.167,995.0,0.171,5,4
0,1442,4,4018.0,4018.0,58.105,1892.591,853.828,1004.5,0.196,6,4
0,1443,6,3993.0,3993.0,46.165,2244.3039999999996,586.488,665.5,0.154,4,6
0,1444,5,3995.0,3995.0,30.749,2029.62,574.864,799.0,0.166,5,5
0,1445,7,3849.0,3849.0,54.04,3060.004,590.57,549.8571428571429,0.175,7,7
0,1446,5,3614.0,3614.0,28.194,2224.738,621.668,722.8,0.143,5,5
0,1447,3,3971.0,3971.0,43.649,1822.508,1070.567,1323.6666666666667,0.157,3,3
0,1448,4,3911.0,3911.0,42.578,1743.3010000000002,854.086,977.75,0.159,6,4
0,1449,6,3940.0,3940.0,30.801,2254.306,545.638,656.6666666666666,0.122,4,6
0,1450,4,4072.0,4072.0,44.077,2042.216,890.418,1018.0,0.176,4,4
0,1451,5,3693.0,3693.0,21.458,2027.7900000000002,700.46,738.6,0.178,5,5
0,1452,5,3943.0,3943.0,41.53,2258.023,689.388,788.6,0.136,5,5
0,1453,6,3943.0,3943.0,49.061,2392.7980000000002,755.323,657.1666666666666,0.205,6,6
0,1454,4,4040.0,4040.0,34.634,2053.935,977.562,1010.0,0.225,7,4
0,1455,7,3950.0,3950.0,51.626,2897.3059999999996,750.647,564.2857142857143,0.121,4,7
0,1456,2,3636.0,3636.0,31.445,1324.143,1032.362,1818.0,0.164,6,2
0,1457,6,3952.0,3952.0,36.67,2447.378,665.253,658.6666666666666,0.136,2,6
0,1458,4,3903.0,3903.0,51.438,2069.46,860.172,975.75,0.15,5,4
0,1459,5,3914.0,3914.0,24.677,1976.3899999999999,593.356,782.8,0.139,4,5
0,1460,5,4023.0,4023.0,40.768,2146.632,695.79,804.6,0.19,5,5
0,1461,7,3855.0,3855.0,37.239,2628.844,611.879,550.7142857142857,0.21,7,7
0,1462,4,3855.0,3855.0,39.075,1858.747,713.358,963.75,0.231,4,4
0,1463,3,3910.0,3910.0,51.466,1628.743,970.698,1303.3333333333333,0.351,3,3
0,1464,6,4062.0,4062.0,27.234,2236.616,537.136,677.0,0.154,6,6
0,1465,6,3812.0,3812.0,36.079,2263.482,639.373,635.3333333333334,0.148,6,6
0,1466,3,3825.0,3825.0,30.874,1684.026,893.694,1275.0,0.202,5,3
0,1467,5,3917.0,3917.0,76.438,2072.957,717.067,783.4,0.172,3,5
0,1468,4,4032.0,4032.0,37.155,1867.359,980.914,1008.0,0.227,7,4
0,1469,7,3915.0,3915.0,33.284,2755.612,637.374,559.2857142857143,0.173,4,7
0,1470,3,3748.0,3748.0,38.011,1714.193,994.267,1249.3333333333333,0.15,4,3
0,1471,4,3839.0,3839.0,55.562,1774.0590000000002,1035.366,959.75,0.148,3,4
0,1472,4,4000.0,4000.0,72.463,2051.183,1047.802,1000.0,0.169,4,4
0,1473,4,4045.0,4045.0,39.65,1971.471,897.806,1011.25,0.132,4,4
0,1474,6,3850.0,3850.0,40.476,2187.529,755.396,641.6666666666666,0.222,6,6
0,1475,6,3931.0,3931.0,47.082,2235.387,735.125,655.1666666666666,0.172,6,6
0,1476,3,3816.0,3816.0,35.829,1620.9660000000001,844.373,1272.0,0.204,3,3
0,1477,5,3491.0,3491.0,28.82,1997.112,658.296,698.2,0.177,5,5
0,1478,3,3759.0,3759.0,33.848,1631.471,1089.411,1253.0,0.169,3,3
0,1479,3,3902.0,3902.0,44.152,1797.261,1126.308,1300.6666666666667,0.113,3,3
0,1480,2,3500.0,3500.0,30.319,1149.924,832.337,1750.0,0.178,4,2
0,1481,4,3960.0,3960.0,40.521,1986.023,965.962,990.0,0.166,2,4
0,1482,3,4021.0,4021.0,28.362,1648.78,954.253,1340.3333333333333,0.169,3,3
0,1483,4,3760.0,3760.0,22.885,1798.132,815.094,940.0,0.165,4,4
0,1484,3,3957.0,3957.0,46.299,1840.4210000000003,1175.208,1319.0,0.238,5,3
0,1485,5,4055.0,4055.0,45.47,2220.7560000000003,871.2,811.0,0.118,3,5
0,1486,3,3701.0,3701.0,30.985,1587.271,978.874,1233.6666666666667,0.173,5,3
0,1487,5,4040.0,4040.0,45.158,2223.418,837.524,808.0,0.167,3,5
0,1488,3,3744.0,3744.0,67.42,1720.393,1085.398,1248.0,0.136,3,3
0,1489,4,3859.0,3859.0,25.926,1854.861,1053.842,964.75,0.174,4,4
0,1490,3,3888.0,3888.0,35.867,1592.027,971.101,1296.0,0.195,4,3
0,1491,4,4033.0,4033.0,54.025,2225.877,951.513,1008.25,0.178,3,4
0,1492,5,4036.0,4036.0,61.33,2223.969,513.222,807.2,0.205,6,5
0,1493,6,3939.0,3939.0,41.667,2497.2470000000003,800.304,656.5,0.15,5,6
0,1494,3,3719.0,3719.0,60.774,1661.434,936.787,1239.6666666666667,0.137,3,3
0,1495,6,3707.0,3707.0,50.061,2490.9700000000003,690.18,617.8333333333334,0.162,6,6
0,1496,3,3809.0,3809.0,35.397,1555.5439999999999,1037.283,1269.6666666666667,0.175,6,3
0,1497,6,3910.0,3910.0,82.663,2445.484,552.634,651.6666666666666,0.125,3,6
0,1498,3,3881.0,3881.0,42.36,1918.106,1221.384,1293.6666666666667,0.164,3,3
0,1499,4,3629.0,3629.0,38.588,1945.02,953.98,907.25,0.187,4,4
1,0,5,4059.0,4059.0,79.903,2919.0099999999998,1295.099,811.8,3174.572,5,5
1,1,5,3921.0,3921.0,103.487,2915.274,1255.486,784.2,0.535,5,5
1,2,5,3853.0,3853.0,24.791,2307.551,735.235,770.6,437.88,5,5
1,3,6,3937.0,3937.0,51.697,2290.2200000000003,678.261,656.1666666666666,0.117,6,6
1,4,3,3887.0,3887.0,56.997,1820.5130000000001,797.828,1295.6666666666667,613.227,4,3
1,5,4,3424.0,3424.0,184.41,1940.385,727.046,856.0,0.123,3,4
1,6,3,3738.0,3738.0,39.451,1530.817,900.551,1246.0,744.903,5,3
1,7,5,4025.0,4025.0,151.738,2133.913,673.305,805.0,0.166,3,5
1,8,3,3931.0,3931.0,40.0,1904.955,906.353,1310.3333333333333,244.488,3,3
1,9,3,3484.0,3484.0,143.324,1244.002,589.607,1161.3333333333333,0.095,3,3
1,10,6,3998.0,3998.0,46.054,2321.522,788.757,666.3333333333334,42.755,6,6
1,11,6,3985.0,3985.0,54.932,2102.729,545.754,664.1666666666666,0.427,6,6
1,12,4,3852.0,3852.0,49.561,1880.453,839.632,963.0,0.138,7,4
1,13,7,3849.0,3849.0,68.28,2498.031,558.929,549.8571428571429,0.182,4,7
1,14,5,3878.0,3878.0,28.929,2094.1620000000003,576.345,775.6,0.183,5,5
1,15,5,3841.0,3841.0,95.353,1900.747,459.067,768.2,0.095,5,5
1,16,6,3539.0,3539.0,47.541,2323.4880000000003,544.607,589.8333333333334,0.143,6,6
1,17,6,3840.0,3840.0,329.503,2296.092,474.666,640.0,0.111,6,6
1,18,7,3893.0,3893.0,46.289,2293.9179999999997,457.408,556.1428571428571,0.333,7,7
1,19,7,4080.0,4080.0,53.371,2445.057,550.997,582.8571428571429,0.159,7,7
1,20,5,3916.0,3916.0,51.533,2226.436,574.081,783.2,0.184,6,5
1,21,6,3852.0,3852.0,46.677,2130.745,537.561,642.0,0.163,5,6
1,22,5,3859.0,3859.0,45.148,1747.831,400.126,771.8,0.14,7,5
1,23,7,4062.0,4062.0,55.55,2410.7380000000003,497.36,580.2857142857143,0.153,5,7
1,24,7,3801.0,3801.0,49.019,2880.3059999999996,594.656,543.0,0.161,8,7
1,25,8,4014.0,4014.0,47.126,2775.848,571.453,501.75,0.116,7,8+
1,26,7,4036.0,4036.0,55.045,2907.1879999999996,783.09,576.5714285714286,0.26,7,7
1,27,7,3990.0,3990.0,51.032,2384.268,547.779,570.0,0.097,7,7
1,28,5,3788.0,3788.0,52.046,2037.348,621.737,757.6,0.842,7,5
1,29,7,4049.0,4049.0,38.498,2410.567,507.177,578.4285714285714,0.105,5,7
1,30,6,3810.0,3810.0,53.606,2288.52,544.109,635.0,0.156,6,6
1,31,6,4005.0,4005.0,53.337,2097.656,515.673,667.5,0.186,6,6
1,32,6,3994.0,3994.0,50.113,2317.709,532.404,665.6666666666666,0.171,6,6
1,33,6,3895.0,3895.0,51.457,2518.68,481.121,649.1666666666666,0.096,6,6
1,34,6,3957.0,3957.0,39.492,2600.9970000000003,573.747,659.5,0.135,5,6
1,35,5,3806.0,3806.0,49.138,2171.563,593.213,761.2,0.112,6,5
1,36,4,4022.0,4022.0,63.735,2135.297,885.576,1005.5,0.264,5,4
1,37,5,3230.0,3230.0,33.817,2009.0,608.796,646.0,0.174,4,5
1,38,8,4030.0,4030.0,44.498,2818.134,465.742,503.75,0.219,6,8+
1,39,6,3883.0,3883.0,47.206,2565.1150000000002,608.782,647.1666666666666,0.12,8,6
1,40,6,3835.0,3835.0,47.058,2325.973,703.862,639.1666666666666,0.241,6,6
1,41,6,3776.0,3776.0,34.823,2453.728,564.168,629.3333333333334,0.206,6,6
1,42,5,3775.0,3775.0,55.209,2336.011,667.687,755.0,0.146,6,5
1,43,6,3936.0,3936.0,52.879,2392.024,671.669,656.0,0.121,5,6
1,44,6,3773.0,3773.0,49.539,2553.7589999999996,550.154,628.8333333333334,0.148,5,6
1,45,5,3883.0,3883.0,45.299,2342.188,733.13,776.6,0.13,6,5
1,46,5,3920.0,3920.0,53.06,2039.721,705.302,784.0,0.2,3,5
1,47,3,3970.0,3970.0,48.117,1614.004,903.524,1323.3333333333333,0.097,5,3
1,48,6,3990.0,3990.0,51.343,2287.954,594.554,665.0,0.111,6,6
1,49,6,3828.0,3828.0,39.258,2275.7470000000003,704.807,638.0,0.105,6,6
1,50,6,3887.0,3887.0,42.579,2315.473,544.058,647.8333333333334,0.142,6,6
1,51,6,4007.0,4007.0,49.847,2241.517,486.783,667.8333333333334,0.115,6,6
1,52,4,3567.0,3567.0,26.118,1894.55,660.543,891.75,0.256,4,4
1,53,4,3787.0,3787.0,43.861,1903.106,657.265,946.75,0.133,4,4
1,54,3,3887.0,3887.0,39.29,1647.595,860.423,1295.6666666666667,0.142,3,3
1,55,6,3830.0,3830.0,39.055,2490.9410000000003,560.3,638.3333333333334,0.121,6,6
1,56,6,3982.0,3982.0,44.743,2485.161,709.521,663.6666666666666,0.18,6,6
1,57,5,4047.0,4047.0,36.955,1946.7549999999997,614.841,809.4,0.393,5,5
1,58,6,3918.0,3918.0,51.09,2386.92,555.563,653.0,0.19,6,6
1,59,6,3792.0,3792.0,49.018,2500.861,572.863,632.0,0.183,6,6
1,60,5,4073.0,4073.0,31.304,1967.409,679.591,814.6,0.114,5,5
1,61,7,3978.0,3978.0,36.925,2690.221,477.109,568.2857142857143,0.61,7,7
1,62,6,3887.0,3887.0,50.627,2563.1,520.603,647.8333333333334,0.783,6,6
1,63,6,3773.0,3773.0,47.528,2549.622,591.508,628.8333333333334,0.11,6,6
1,64,5,3969.0,3969.0,39.506,2051.416,725.821,793.8,0.129,5,5
1,65,5,3884.0,3884.0,26.888,1893.969,527.006,776.8,0.127,5,5
1,66,5,3889.0,3889.0,51.156,2378.545,764.78,777.8,0.152,5,5
1,67,5,3652.0,3652.0,45.565,2057.716,540.137,730.4,0.159,5,5
1,68,6,3707.0,3707.0,30.557,2211.8940000000002,625.316,617.8333333333334,0.123,6,6
1,69,6,3802.0,3802.0,29.621,2335.391,559.902,633.6666666666666,0.102,6,6
1,70,6,3989.0,3989.0,52.655,2441.25,497.258,664.8333333333334,0.124,6,6
1,71,7,3970.0,3970.0,48.311,2285.9489999999996,470.029,567.1428571428571,0.121,7,7
1,72,6,3928.0,3928.0,28.612,2365.518,527.353,654.6666666666666,0.129,6,6
1,73,7,3972.0,3972.0,33.234,2605.636,593.696,567.4285714285714,0.124,7,7
1,74,7,3896.0,3896.0,48.434,2820.5200000000004,636.671,556.5714285714286,0.122,7,7
1,75,8,3987.0,3987.0,50.88,2618.666,450.413,498.375,0.101,8,8+
1,76,7,4009.0,4009.0,61.701,2694.51,543.344,572.7142857142857,0.118,7,7
1,77,7,3876.0,3876.0,29.807,2624.2929999999997,500.175,553.7142857142857,0.116,7,7
1,78,6,3942.0,3942.0,49.645,2356.599,673.597,657.0,0.152,6,6
1,79,5,3877.0,3877.0,46.361,2160.6070000000004,712.536,775.4,0.112,5,5
1,80,4,3927.0,3927.0,41.792,1761.796,926.09,981.75,0.135,4,4
1,81,5,3854.0,3854.0,43.941,1908.5710000000001,577.383,770.8,0.142,5,5
1,82,6,4072.0,4072.0,55.662,2405.63,516.632,678.6666666666666,0.13,6,6
1,83,7,3701.0,3701.0,48.275,2602.464,548.864,528.7142857142857,0.124,7,7
1,84,4,3821.0,3821.0,55.134,1775.761,777.797,955.25,0.133,4,4
1,85,6,3750.0,3750.0,50.701,2531.2,531.134,625.0,0.123,6,6
1,86,5,3923.0,3923.0,62.093,2547.1250000000005,745.063,784.6,0.137,5,5
1,87,5,3630.0,3630.0,48.946,2043.065,572.493,726.0,0.112,5,5
1,88,5,3970.0,3970.0,55.443,2027.466,590.518,794.0,0.152,5,5
1,89,5,4000.0,4000.0,46.606,2252.164,762.912,800.0,1.224,5,5
1,90,3,3360.0,3360.0,32.107,1724.359,974.043,1120.0,0.12,3,3
1,91,6,4020.0,4020.0,52.888,2216.2180000000003,622.751,670.0,0.13,6,6
1,92,3,3922.0,3922.0,50.833,1710.1970000000001,1044.785,1307.3333333333333,0.129,6,3
1,93,6,3925.0,3925.0,30.198,2400.6180000000004,784.785,654.1666666666666,0.112,3,6
1,94,3,3832.0,3832.0,26.13,1769.442,1073.512,1277.3333333333333,0.165,5,3
1,95,5,3786.0,3786.0,36.211,2195.4080000000004,694.604,757.2,0.101,3,5
1,96,4,3441.0,3441.0,34.688,1748.483,963.798,860.25,0.103,4,4
1,97,8,4059.0,4059.0,49.689,3212.9359999999997,931.831,507.375,0.127,8,8+
1,98,4,4031.0,4031.0,41.604,2185.143,1093.911,1007.75,0.131,4,4
1,99,6,3959.0,3959.0,22.226,2381.12,737.312,659.8333333333334,0.134,6,6
1,100,5,4013.0,4013.0,27.526,2138.4080000000004,705.536,802.6,0.126,5,5
1,101,5,4053.0,4053.0,48.917,2341.712,845.468,810.6,0.192,5,5
1,102,6,3828.0,3828.0,46.643,2465.5519999999997,699.886,638.0,0.099,6,6
1,103,7,3876.0,3876.0,24.714,2721.323,537.317,553.7142857142857,0.11,7,7
1,104,5,3786.0,3786.0,26.941,2033.226,683.97,757.2,0.136,5,5
1,105,6,4033.0,4033.0,49.031,2503.154,594.666,672.1666666666666,0.141,6,6
1,106,6,4093.0,4093.0,57.225,2283.96,529.087,682.1666666666666,0.163,6,6
1,107,5,3994.0,3994.0,38.506,1983.199,491.129,798.8,0.119,5,5
1,108,6,3764.0,3764.0,40.03,2164.964,566.117,627.3333333333334,0.135,6,6
1,109,5,3981.0,3981.0,49.519,1985.687,694.518,796.2,0.131,5,5
1,110,6,3834.0,3834.0,25.938,2384.873,709.467,639.0,0.155,7,6
1,111,7,4000.0,4000.0,56.822,2678.1089999999995,720.271,571.4285714285714,0.112,6,7
1,112,6,3883.0,3883.0,54.397,2181.9080000000004,609.595,647.1666666666666,0.145,6,6
1,113,6,3943.0,3943.0,53.313,2415.363,606.385,657.1666666666666,0.122,6,6
1,114,4,3984.0,3984.0,26.489,2034.74,794.408,996.0,0.112,5,4
1,115,5,4004.0,4004.0,50.646,2379.469,1010.693,800.8,0.108,4,5
1,116,7,4018.0,4018.0,24.627,2876.5830000000005,778.178,574.0,0.157,7,7
1,117,7,4015.0,4015.0,38.77,3078.423,895.119,573.5714285714286,0.097,7,7
1,118,3,3910.0,3910.0,49.978,1477.838,678.788,1303.3333333333333,0.142,3,3
1,119,6,4029.0,4029.0,49.591,2343.134,643.377,671.5,0.126,6,6
1,120,6,4066.0,4066.0,50.396,2347.567,644.765,677.6666666666666,0.104,6,6
1,121,7,4021.0,4021.0,43.943,2684.299,456.747,574.4285714285714,0.174,7,7
1,122,4,3931.0,3931.0,53.249,2021.598,806.434,982.75,0.17,4,4
1,123,6,3954.0,3954.0,51.0,2082.931,503.521,659.0,0.106,6,6
1,124,4,4001.0,4001.0,38.689,2241.86,1043.539,1000.25,0.137,4,4
1,125,7,3966.0,3966.0,36.559,2734.382,611.024,566.5714285714286,0.126,7,7
1,126,6,3953.0,3953.0,51.655,2501.6470000000004,637.922,658.8333333333334,0.125,6,6
1,127,8,4063.0,4063.0,53.466,2938.4790000000003,463.067,507.875,0.118,8,8+
1,128,6,3990.0,3990.0,55.931,2434.8680000000004,846.899,665.0,0.155,6,6
1,129,7,3487.0,3487.0,38.419,2401.32,556.207,498.14285714285717,0.11,7,7
1,130,3,3741.0,3741.0,42.551,1850.9139999999998,1086.965,1247.0,0.118,3,3
1,131,6,3987.0,3987.0,51.852,2556.3799999999997,640.108,664.5,0.129,6,6
1,132,8,3970.0,3970.0,52.83,3267.286,584.634,496.25,0.135,8,8+
1,133,5,3899.0,3899.0,51.225,2455.868,694.18,779.8,0.116,5,5
1,134,5,3865.0,3865.0,48.344,2143.977,849.726,773.0,0.146,5,5
1,135,6,4091.0,4091.0,50.364,2164.429,643.504,681.8333333333334,0.099,6,6
1,136,5,3904.0,3904.0,52.773,1962.0810000000001,676.319,780.8,0.135,5,5
1,137,5,3882.0,3882.0,29.575,2089.671,584.25,776.4,0.113,5,5
1,138,6,4069.0,4069.0,35.006,2566.063,617.623,678.1666666666666,0.15,6,6
1,139,7,3944.0,3944.0,51.125,2680.3379999999997,620.845,563.4285714285714,0.124,7,7
1,140,4,3970.0,3970.0,51.359,2156.255,944.655,992.5,0.149,4,4
1,141,5,3939.0,3939.0,27.788,1859.604,554.504,787.8,0.141,5,5
1,142,5,3826.0,3826.0,39.418,2156.8599999999997,593.843,765.2,0.123,5,5
1,143,7,4003.0,4003.0,49.643,2569.663,586.212,571.8571428571429,0.13,7,7
1,144,5,3914.0,3914.0,54.528,2235.198,620.576,782.8,0.128,5,5
1,145,7,3926.0,3926.0,25.889,2866.177,592.196,560.8571428571429,0.17,7,7
1,146,5,4001.0,4001.0,27.779,2254.905,659.17,800.2,0.154,5,5
1,147,4,3855.0,3855.0,50.504,2096.005,687.372,963.75,0.099,4,4
1,148,5,3817.0,3817.0,50.389,2131.59,766.405,763.4,0.121,5,5
1,149,8,3976.0,3976.0,39.173,3068.02,549.417,497.0,0.187,8,8+
1,150,5,3908.0,3908.0,41.85,2223.983,566.825,781.6,0.136,5,5
1,151,5,3502.0,3502.0,49.978,1740.479,532.604,700.4,0.108,5,5
1,152,2,3567.0,3567.0,38.952,1312.617,1013.433,1783.5,0.116,2,2
1,153,6,3809.0,3809.0,38.694,2392.407,928.514,634.8333333333334,0.097,6,6
1,154,6,4060.0,4060.0,39.835,2741.821,788.164,676.6666666666666,0.131,6,6
1,155,6,4059.0,4059.0,51.598,2284.358,433.29,676.5,0.135,6,6
1,156,5,4048.0,4048.0,26.001,2130.518,875.01,809.6,0.164,6,5
1,157,6,3675.0,3675.0,49.635,2509.835,649.668,612.5,0.111,5,6
1,158,4,3804.0,3804.0,49.189,2117.667,843.524,951.0,0.124,7,4
1,159,7,3967.0,3967.0,32.065,2974.0159999999996,717.514,566.7142857142857,0.088,4,7
1,160,3,3722.0,3722.0,39.737,1675.4569999999999,1010.24,1240.6666666666667,0.148,5,3
1,161,5,3927.0,3927.0,50.838,1728.354,493.51,785.4,0.334,3,5
1,162,6,3867.0,3867.0,48.661,2355.33,676.932,644.5,0.161,6,6
1,163,6,3865.0,3865.0,43.695,2675.263,827.727,644.1666666666666,0.125,6,6
1,164,5,3968.0,3968.0,33.402,2170.602,758.772,793.6,0.138,6,5
1,165,6,3598.0,3598.0,56.211,2282.794,498.165,599.6666666666666,0.082,5,6
1,166,5,3881.0,3881.0,54.838,2131.0389999999998,686.941,776.2,0.177,5,5
1,167,8,4018.0,4018.0,49.759,2716.843,488.001,502.25,0.175,8,8+
1,168,7,3934.0,3934.0,61.219,2495.586,513.78,562.0,0.137,7,7
1,169,7,4079.0,4079.0,33.78,2629.6289999999995,504.282,582.7142857142857,0.131,7,7
1,170,6,3815.0,3815.0,26.022,2323.145,449.526,635.8333333333334,0.123,6,6
1,171,7,3925.0,3925.0,48.478,2713.68,497.107,560.7142857142857,0.267,7,7
1,172,6,3417.0,3417.0,45.116,2265.964,536.069,569.5,0.145,6,6
1,173,6,3875.0,3875.0,32.918,2356.558,484.387,645.8333333333334,0.119,6,6
1,174,6,3965.0,3965.0,32.444,2253.335,519.912,660.8333333333334,0.114,6,6
1,175,7,4042.0,4042.0,50.716,2666.081,561.941,577.4285714285714,0.118,7,7
1,176,5,3879.0,3879.0,50.386,2381.044,742.088,775.8,0.132,5,5
1,177,5,4042.0,4042.0,28.074,2227.451,586.79,808.4,0.103,5,5
1,178,5,3953.0,3953.0,43.356,2396.971,1078.913,790.6,0.17,5,5
1,179,6,3970.0,3970.0,48.475,2363.4149999999995,597.3,661.6666666666666,0.125,6,6
1,180,5,3236.0,3236.0,44.764,2045.3700000000001,695.125,647.2,0.131,5,5
1,181,5,4035.0,4035.0,37.174,1957.306,745.533,807.0,0.164,5,5
1,182,6,3928.0,3928.0,53.992,2378.683,774.399,654.6666666666666,0.134,6,6
1,183,8,3740.0,3740.0,79.453,2699.8269999999998,414.33,467.5,0.108,8,8+
1,184,6,3949.0,3949.0,39.421,2962.368,705.122,658.1666666666666,0.22,6,6
1,185,7,3640.0,3640.0,34.629,2894.665,627.99,520.0,0.159,7,7
1,186,5,4040.0,4040.0,50.885,1803.188,608.274,808.0,0.096,5,5
1,187,5,3811.0,3811.0,47.902,2359.5150000000003,682.479,762.2,0.164,5,5
1,188,7,3975.0,3975.0,43.497,2994.917,866.925,567.8571428571429,0.155,7,7
1,189,6,4079.0,4079.0,55.972,2304.865,707.267,679.8333333333334,0.121,6,6
1,190,6,3816.0,3816.0,51.539,2122.358,570.03,636.0,0.125,6,6
1,191,6,3863.0,3863.0,26.545,2132.357,559.598,643.8333333333334,0.125,6,6
1,192,6,3921.0,3921.0,27.043,2489.124,847.106,653.5,0.11,6,6
1,193,7,3952.0,3952.0,55.282,2866.866,828.285,564.5714285714286,0.139,7,7
1,194,3,3984.0,3984.0,34.479,1766.625,1113.451,1328.0,0.571,6,3
1,195,6,3877.0,3877.0,26.442,2376.8220000000006,831.064,646.1666666666666,0.118,3,6
1,196,6,4071.0,4071.0,66.41,2292.1040000000003,663.772,678.5,0.147,6,6
1,197,7,3896.0,3896.0,48.93,2802.362,576.87,556.5714285714286,0.117,7,7
1,198,6,4053.0,4053.0,56.966,2649.457,659.546,675.5,0.128,6,6
1,199,6,3900.0,3900.0,38.597,2320.796,638.149,650.0,0.138,6,6
1,200,5,3930.0,3930.0,53.799,2228.682,565.154,786.0,0.162,7,5
1,201,7,3759.0,3759.0,61.881,2981.5759999999996,649.313,537.0,0.137,5,7
1,202,5,3997.0,3997.0,41.005,2699.815,980.502,799.4,0.133,4,5
1,203,4,4022.0,4022.0,57.157,2494.873,1041.629,1005.5,0.117,5,4
1,204,4,3978.0,3978.0,73.128,1822.329,934.173,994.5,0.13,6,4
1,205,6,3891.0,3891.0,59.731,2264.576,762.078,648.5,0.108,4,6
1,206,4,3721.0,3721.0,48.542,2180.684,832.561,930.25,0.67,4,4
1,207,5,3863.0,3863.0,48.723,2442.3349999999996,689.425,772.6,0.118,5,5
1,208,6,3897.0,3897.0,62.418,2501.281,516.539,649.5,0.125,6,6
1,209,6,4011.0,4011.0,50.079,2597.9500000000003,643.315,668.5,0.135,6,6
1,210,5,4069.0,4069.0,54.733,2119.1409999999996,623.448,813.8,0.152,5,5
1,211,5,3849.0,3849.0,37.202,2322.142,605.779,769.8,0.117,5,5
1,212,7,3886.0,3886.0,46.535,2495.799,436.363,555.1428571428571,0.121,7,7
1,213,5,3555.0,3555.0,31.476,1980.798,729.219,711.0,0.098,5,5
1,214,5,3756.0,3756.0,52.287,2323.611,829.877,751.2,0.134,5,5
1,215,5,3933.0,3933.0,70.21,2343.5950000000003,723.339,786.6,0.187,5,5
1,216,5,3345.0,3345.0,34.378,1997.097,767.955,669.0,0.135,5,5
1,217,6,3995.0,3995.0,27.135,2531.3050000000003,786.935,665.8333333333334,0.133,6,6
1,218,6,4061.0,4061.0,57.29,2619.523,780.145,676.8333333333334,0.122,6,6
1,219,5,3985.0,3985.0,51.633,2019.826,539.629,797.0,0.109,5,5
1,220,5,4079.0,4079.0,46.114,2216.464,564.989,815.8,0.135,5,5
1,221,6,3577.0,3577.0,45.006,2656.356,560.893,596.1666666666666,0.499,6,6
1,222,6,3938.0,3938.0,52.453,2651.722,761.871,656.3333333333334,0.131,6,6
1,223,7,3783.0,3783.0,51.468,2576.562,536.541,540.4285714285714,0.131,7,7
1,224,5,3711.0,3711.0,43.649,2182.316,628.353,742.2,0.134,5,5
1,225,4,3795.0,3795.0,53.475,1770.0810000000001,564.575,948.75,0.1,4,4
1,226,5,3916.0,3916.0,52.617,2574.893,731.31,783.2,0.136,5,5
1,227,6,3927.0,3927.0,52.008,2562.694,588.838,654.5,0.135,6,6
1,228,6,4044.0,4044.0,39.063,2274.72,541.126,674.0,0.143,6,6
1,229,6,3837.0,3837.0,40.136,2424.6359999999995,589.112,639.5,0.131,6,6
1,230,4,3903.0,3903.0,24.91,1740.844,559.196,975.75,0.129,6,4
1,231,6,3946.0,3946.0,49.956,2568.939,610.257,657.6666666666666,0.086,4,6
1,232,4,3926.0,3926.0,53.482,1730.999,590.613,981.5,0.13,6,4
1,233,6,3481.0,3481.0,29.659,2383.2230000000004,579.278,580.1666666666666,0.116,4,6
1,234,6,4061.0,4061.0,36.345,2354.705,580.898,676.8333333333334,0.163,4,6
1,235,4,3766.0,3766.0,49.067,1742.875,625.571,941.5,0.104,6,4
1,236,6,3945.0,3945.0,39.963,2647.4210000000003,660.015,657.5,0.142,6,6
1,237,7,3801.0,3801.0,47.272,3095.705,647.573,543.0,0.127,7,7
1,238,6,4015.0,4015.0,52.011,2617.023,540.119,669.1666666666666,0.125,6,6
1,239,8,3884.0,3884.0,40.356,3070.907,591.283,485.5,0.121,8,8+
1,240,4,3787.0,3787.0,39.346,1699.3070000000002,599.839,946.75,0.102,4,4
1,241,5,3977.0,3977.0,51.274,2053.656,545.952,795.4,0.38,5,5
1,242,6,3878.0,3878.0,50.953,2449.926,605.715,646.3333333333334,0.138,6,6
1,243,7,4001.0,4001.0,51.956,2293.741,464.868,571.5714285714286,0.107,7,7
1,244,4,3775.0,3775.0,48.782,1585.996,537.055,943.75,0.15,7,4
1,245,7,4036.0,4036.0,27.87,2653.396,703.326,576.5714285714286,0.114,4,7
1,246,4,3749.0,3749.0,28.091,1704.469,613.778,937.25,0.111,5,4
1,247,5,4051.0,4051.0,49.02,2016.415,640.943,810.2,0.1,4,5
1,248,6,3886.0,3886.0,47.426,2545.442,600.827,647.6666666666666,0.119,7,6
1,249,7,4077.0,4077.0,30.229,2826.24,650.482,582.4285714285714,0.095,6,7
1,250,5,4000.0,4000.0,45.653,2440.918,649.827,800.0,0.149,5,5
1,251,5,3747.0,3747.0,57.204,2298.76,536.504,749.4,0.105,5,5
1,252,6,4079.0,4079.0,38.921,2682.689,701.261,679.8333333333334,0.159,6,6
1,253,6,3935.0,3935.0,47.808,2723.123,769.468,655.8333333333334,0.124,6,6
1,254,3,3986.0,3986.0,38.32,1621.524,972.472,1328.6666666666667,0.146,4,3
1,255,4,3644.0,3644.0,46.992,2016.8110000000001,798.212,911.0,0.086,3,4
1,256,7,3858.0,3858.0,50.667,2671.0209999999997,526.309,551.1428571428571,0.135,6,7
1,257,6,4007.0,4007.0,36.202,2369.7309999999998,539.369,667.8333333333334,0.142,7,6
1,258,4,3377.0,3377.0,60.908,1675.276,554.481,844.25,0.146,4,4
1,259,6,3736.0,3736.0,42.772,2628.112,585.932,622.6666666666666,0.129,6,6
1,260,5,3810.0,3810.0,49.191,2079.389,566.805,762.0,0.144,8,5
1,261,8,3856.0,3856.0,39.696,3031.342,600.607,482.0,0.115,5,8+
1,262,6,3923.0,3923.0,51.559,2423.444,496.278,653.8333333333334,0.121,6,6
1,263,8,4094.0,4094.0,39.013,3075.528,720.348,511.75,0.118,8,8+
1,264,5,3751.0,3751.0,50.333,2019.207,805.142,750.2,0.142,7,5
1,265,7,3958.0,3958.0,35.52,2912.0780000000004,581.533,565.4285714285714,0.108,5,7
1,266,7,4031.0,4031.0,45.065,2763.6279999999992,493.091,575.8571428571429,0.132,6,7
1,267,6,4004.0,4004.0,54.559,2642.087,728.181,667.3333333333334,0.09,7,6
1,268,5,3778.0,3778.0,38.458,1889.592,605.919,755.6,0.173,5,5
1,269,6,3886.0,3886.0,51.322,2390.554,642.64,647.6666666666666,0.123,6,6
1,270,5,3640.0,3640.0,49.795,1919.221,492.696,728.0,0.163,5,5
1,271,6,4044.0,4044.0,38.48,2320.099,532.163,674.0,0.129,6,6
1,272,5,3861.0,3861.0,37.446,2356.595,588.495,772.2,0.136,5,5
1,273,6,3739.0,3739.0,49.461,2378.935,513.68,623.1666666666666,0.144,6,6
1,274,6,3775.0,3775.0,49.064,2368.712,540.547,629.1666666666666,0.253,6,6
1,275,4,3999.0,3999.0,32.702,1991.058,727.974,999.75,0.116,4,4
1,276,3,3805.0,3805.0,44.132,1370.034,849.037,1268.3333333333333,0.128,5,3
1,277,5,3799.0,3799.0,25.49,2055.8869999999997,540.703,759.8,0.116,3,5
1,278,5,3620.0,3620.0,48.205,2105.998,589.538,724.0,0.15,5,5
1,279,5,3933.0,3933.0,48.4,1863.7689999999998,468.655,786.6,0.145,5,5
1,280,4,3824.0,3824.0,35.39,1718.6570000000002,649.61,956.0,0.137,4,4
1,281,7,3895.0,3895.0,52.228,1958.108,512.887,556.4285714285714,0.152,7,7
1,282,6,3777.0,3777.0,36.818,2292.182,717.012,629.5,0.155,6,6
1,283,5,3792.0,3792.0,34.797,2248.1639999999998,728.53,758.4,0.111,5,5
1,284,5,4017.0,4017.0,26.494,2288.907,973.124,803.4,0.157,5,5
1,285,7,3625.0,3625.0,49.585,2936.3860000000004,700.253,517.8571428571429,0.132,7,7
1,286,6,3970.0,3970.0,48.827,2888.243,838.212,661.6666666666666,0.127,6,6
1,287,5,3401.0,3401.0,39.861,2125.361,730.629,680.2,0.102,5,5
1,288,5,3842.0,3842.0,25.776,1973.174,794.873,768.4,0.114,5,5
1,289,7,4005.0,4005.0,50.661,2858.0689999999995,626.331,572.1428571428571,0.138,7,7
1,290,4,3934.0,3934.0,50.113,1874.036,733.229,983.5,0.158,4,4
1,291,5,3453.0,3453.0,43.274,1966.9289999999999,768.393,690.6,0.114,5,5
1,292,4,3804.0,3804.0,36.578,1798.8390000000002,775.479,951.0,0.129,4,4
1,293,7,4018.0,4018.0,62.333,2710.6270000000004,487.634,574.0,0.124,7,7
1,294,7,4029.0,4029.0,51.934,2789.558,606.32,575.5714285714286,0.121,7,7
1,295,6,3858.0,3858.0,55.516,2578.491,626.415,643.0,0.125,6,6
1,296,3,3892.0,3892.0,34.554,1913.473,1204.637,1297.3333333333333,0.162,3,3
1,297,5,3862.0,3862.0,28.613,1922.422,609.707,772.4,0.109,5,5
1,298,4,3747.0,3747.0,40.72,1734.948,651.971,936.75,0.129,7,4
1,299,7,4034.0,4034.0,53.459,2772.9,705.159,576.2857142857143,0.11,4,7
1,300,5,3681.0,3681.0,26.947,2188.489,648.003,736.2,0.12,6,5
1,301,6,3789.0,3789.0,46.152,2082.209,449.78,631.5,0.148,5,6
1,302,4,3677.0,3677.0,38.69,2039.0030000000002,1088.53,919.25,0.19,4,4
1,303,4,3922.0,3922.0,50.426,2232.5330000000004,1067.314,980.5,0.098,4,4
1,304,2,3582.0,3582.0,31.143,1294.836,893.006,1791.0,0.129,5,2
1,305,5,3967.0,3967.0,40.057,2195.837,904.214,793.4,0.102,2,5
1,306,5,3651.0,3651.0,51.348,2369.819,686.068,730.2,0.113,6,5
1,307,6,3785.0,3785.0,46.604,2575.2410000000004,692.252,630.8333333333334,0.108,5,6
1,308,4,3606.0,3606.0,37.809,1998.906,886.157,901.5,0.157,6,4
1,309,6,3894.0,3894.0,39.672,2371.7380000000003,642.735,649.0,0.113,4,6
1,310,5,3822.0,3822.0,54.436,2503.1209999999996,784.539,764.4,0.201,5,5
1,311,5,3782.0,3782.0,51.098,2646.0319999999997,849.43,756.4,0.128,5,5
1,312,4,3776.0,3776.0,41.981,2032.1619999999998,905.146,944.0,0.105,4,4
1,313,5,3882.0,3882.0,46.312,2381.839,748.227,776.4,0.113,5,5
1,314,5,3890.0,3890.0,47.851,2052.3329999999996,763.296,778.0,0.148,7,5
1,315,7,3990.0,3990.0,53.137,2541.8700000000003,447.249,570.0,0.099,5,7
1,316,4,3919.0,3919.0,27.708,1988.4189999999999,791.516,979.75,0.176,4,4
1,317,6,3945.0,3945.0,39.824,2517.475,622.904,657.5,0.134,6,6
1,318,5,3797.0,3797.0,53.454,1978.8790000000001,561.869,759.4,0.101,5,5
1,319,5,3890.0,3890.0,48.213,2163.216,620.592,778.0,0.132,5,5
1,320,4,3726.0,3726.0,38.033,1780.6160000000002,765.238,931.5,0.167,4,4
1,321,5,3619.0,3619.0,48.206,1928.2640000000001,628.235,723.8,0.159,5,5
1,322,6,3918.0,3918.0,56.311,2342.517,566.206,653.0,0.166,6,6
1,323,7,4033.0,4033.0,52.542,2993.4840000000004,576.326,576.1428571428571,0.192,7,7
1,324,6,3983.0,3983.0,33.353,2292.717,535.138,663.8333333333334,0.164,6,6
1,325,6,4015.0,4015.0,39.788,2336.4849999999997,522.943,669.1666666666666,0.128,6,6
1,326,6,4096.0,4096.0,48.783,2459.3650000000002,928.137,682.6666666666666,0.135,6,6
1,327,6,3855.0,3855.0,53.031,2457.767,582.085,642.5,0.105,6,6
1,328,4,3995.0,3995.0,40.341,1982.717,787.767,998.75,0.158,4,4
1,329,5,3946.0,3946.0,30.092,2340.9700000000003,800.383,789.2,0.144,5,5
1,330,5,3859.0,3859.0,54.637,2181.863,943.975,771.8,0.138,5,5
1,331,4,4055.0,4055.0,50.514,1732.728,634.546,1013.75,0.122,4,4
1,332,5,3664.0,3664.0,40.568,2082.9970000000003,688.848,732.8,0.125,5,5
1,333,7,3936.0,3936.0,36.47,2507.676,526.253,562.2857142857143,0.094,7,7
1,334,6,3856.0,3856.0,50.302,2554.6369999999997,552.396,642.6666666666666,0.181,6,6
1,335,6,3830.0,3830.0,46.477,2525.214,650.193,638.3333333333334,0.163,6,6
1,336,6,3896.0,3896.0,52.025,2385.38,637.088,649.3333333333334,0.135,6,6
1,337,7,3811.0,3811.0,36.404,2746.447,591.023,544.4285714285714,0.163,7,7
1,338,5,3985.0,3985.0,38.734,2192.809,691.896,797.0,0.13,5,5
1,339,6,3652.0,3652.0,36.588,2058.5389999999998,430.666,608.6666666666666,0.102,6,6
1,340,6,3939.0,3939.0,51.562,2548.306,567.159,656.5,0.172,6,6
1,341,6,3728.0,3728.0,56.698,2477.869,652.766,621.3333333333334,0.305,6,6
1,342,6,4008.0,4008.0,38.817,2286.33,558.983,668.0,0.112,6,6
1,343,3,3814.0,3814.0,56.374,1624.7510000000002,901.739,1271.3333333333333,0.135,3,3
1,344,5,3914.0,3914.0,28.621,2235.293,582.51,782.8,0.144,7,5
1,345,7,4086.0,4086.0,48.724,2669.232,614.803,583.7142857142857,0.09,5,7
1,346,6,3902.0,3902.0,52.487,2486.664,660.088,650.3333333333334,0.182,8,6
1,347,8,4050.0,4050.0,29.72,2979.169,680.298,506.25,0.132,6,8+
1,348,5,3947.0,3947.0,40.152,2094.308,634.262,789.4,0.121,5,5
1,349,5,3879.0,3879.0,49.62,1942.556,656.571,775.8,0.122,5,5
1,350,6,3694.0,3694.0,53.079,2441.666,649.734,615.6666666666666,0.17,6,6
1,351,6,4020.0,4020.0,59.221,2501.9,585.897,670.0,0.115,6,6
1,352,7,4056.0,4056.0,58.509,2605.585,460.848,579.4285714285714,0.156,7,7
1,353,9,3996.0,3996.0,33.882,3255.559,493.057,444.0,0.128,9,8+
1,354,3,3920.0,3920.0,54.418,1527.878,817.395,1306.6666666666667,0.149,5,3
1,355,5,3912.0,3912.0,52.984,2022.192,573.83,782.4,0.113,3,5
1,356,6,4056.0,4056.0,34.488,2660.161,822.962,676.0,0.149,7,6
1,357,7,3872.0,3872.0,50.972,3008.446,710.67,553.1428571428571,0.093,6,7
1,358,4,4018.0,4018.0,60.498,1709.9869999999999,689.708,1004.5,0.128,3,4
1,359,3,3476.0,3476.0,52.482,1368.198,883.719,1158.6666666666667,0.121,4,3
1,360,6,3894.0,3894.0,47.79,2421.375,623.182,649.0,0.129,6,6
1,361,7,3929.0,3929.0,63.354,2583.437,559.19,561.2857142857143,0.376,7,7
1,362,4,3839.0,3839.0,39.198,1893.264,951.39,959.75,0.237,4,4
1,363,3,3544.0,3544.0,40.165,1804.2040000000002,1261.809,1181.3333333333333,0.107,3,3
1,364,4,3890.0,3890.0,51.165,1849.015,718.745,972.5,0.137,4,4
1,365,5,3691.0,3691.0,50.001,2060.489,567.152,738.2,0.142,5,5
1,366,7,4004.0,4004.0,33.811,2817.9229999999993,624.947,572.0,0.174,7,7
1,367,7,4014.0,4014.0,49.572,2697.933,484.913,573.4285714285714,0.124,7,7
1,368,5,4090.0,4090.0,39.703,2152.545,539.776,818.0,0.184,5,5
1,369,7,4089.0,4089.0,60.601,2673.37,543.857,584.1428571428571,0.107,7,7
1,370,3,3845.0,3845.0,41.981,1558.747,952.4,1281.6666666666667,0.131,3,3
1,371,6,3764.0,3764.0,40.343,2551.598,527.863,627.3333333333334,0.114,6,6
1,372,5,4082.0,4082.0,54.22,2379.132,703.413,816.4,0.141,5,5
1,373,4,4049.0,4049.0,56.477,2084.9,905.613,1012.25,0.133,4,4
1,374,5,3880.0,3880.0,40.098,2119.0130000000004,808.216,776.0,0.23,5,5
1,375,6,3812.0,3812.0,45.484,2484.469,455.127,635.3333333333334,0.099,6,6
1,376,6,3780.0,3780.0,49.051,2303.486,464.688,630.0,0.477,6,6
1,377,8,3833.0,3833.0,24.813,2629.185,445.673,479.125,0.148,8,8+
1,378,8,3962.0,3962.0,30.18,2580.885,407.254,495.25,0.098,8,8+
1,379,6,3805.0,3805.0,37.695,2040.0790000000002,418.779,634.1666666666666,0.101,6,6
1,380,6,3954.0,3954.0,51.702,2268.7439999999997,686.468,659.0,0.118,6,6
1,381,7,4001.0,4001.0,34.83,2343.9530000000004,469.459,571.5714285714286,0.154,7,7
1,382,6,3968.0,3968.0,27.138,2341.317,538.259,661.3333333333334,0.193,6,6
1,383,6,3438.0,3438.0,48.763,2173.0769999999998,672.872,573.0,0.125,6,6
1,384,4,3700.0,3700.0,43.25,1904.9450000000002,979.348,925.0,0.107,4,4
1,385,6,3909.0,3909.0,46.726,2252.225,723.618,651.5,0.123,6,6
1,386,2,3978.0,3978.0,37.737,1579.538,1001.892,1989.0,0.136,6,2
1,387,6,3989.0,3989.0,51.103,2589.112,768.292,664.8333333333334,0.122,2,6
1,388,4,3782.0,3782.0,49.267,1763.592,752.604,945.5,0.166,6,4
1,389,6,3887.0,3887.0,51.075,2294.066,642.168,647.8333333333334,0.112,4,6
1,390,5,3896.0,3896.0,52.722,2266.768,789.916,779.2,0.135,5,5
1,391,5,3859.0,3859.0,38.583,2449.477,868.414,771.8,0.119,5,5
1,392,5,3755.0,3755.0,43.404,2030.4730000000002,508.043,751.0,0.128,5,5
1,393,5,3845.0,3845.0,58.726,2531.909,700.209,769.0,0.1,5,5
1,394,6,3519.0,3519.0,50.575,2425.948,545.472,586.5,0.159,6,6
1,395,6,4002.0,4002.0,25.645,2698.924,693.387,667.0,0.115,6,6
1,396,5,3782.0,3782.0,38.396,2197.221,766.467,756.4,0.199,5,5
1,397,5,3469.0,3469.0,45.149,2440.5480000000002,605.003,693.8,0.112,5,5
1,398,4,4075.0,4075.0,61.129,2137.388,855.3,1018.75,0.141,5,4
1,399,5,3940.0,3940.0,53.697,2225.4390000000003,696.517,788.0,0.095,4,5
1,400,4,3901.0,3901.0,41.384,1773.6599999999999,870.017,975.25,0.157,7,4
1,401,7,3991.0,3991.0,54.888,2898.6099999999997,510.097,570.1428571428571,0.145,4,7
1,402,6,4028.0,4028.0,55.714,2590.8409999999994,653.829,671.3333333333334,0.114,7,6
1,403,7,4020.0,4020.0,39.105,2522.835,711.464,574.2857142857143,0.099,6,7
1,404,6,3966.0,3966.0,36.062,2159.589,613.164,661.0,0.139,6,6
1,405,5,3880.0,3880.0,47.741,2079.774,816.552,776.0,0.126,6,5
1,406,6,3844.0,3844.0,52.168,2251.961,727.002,640.6666666666666,0.162,5,6
1,407,4,3811.0,3811.0,42.237,1750.725,647.372,952.75,0.107,5,4
1,408,5,3933.0,3933.0,39.018,2216.358,954.414,786.6,0.184,6,5
1,409,6,3935.0,3935.0,49.403,2458.7070000000003,630.401,655.8333333333334,0.094,4,6
1,410,4,4050.0,4050.0,38.742,1908.263,1122.437,1012.5,0.136,5,4
1,411,5,3549.0,3549.0,29.017,2246.747,702.598,709.8,0.13,4,5
1,412,4,3871.0,3871.0,38.324,1735.876,789.982,967.75,0.18,6,4
1,413,6,3814.0,3814.0,49.777,2346.516,594.728,635.6666666666666,0.137,4,6
1,414,6,3975.0,3975.0,59.764,2325.958,631.348,662.5,0.113,6,6
1,415,4,3582.0,3582.0,34.02,1728.875,881.481,895.5,0.129,6,4
1,416,6,3799.0,3799.0,27.58,2486.423,801.95,633.1666666666666,0.148,6,6
1,417,6,3863.0,3863.0,49.3,2651.138,531.534,643.8333333333334,0.127,4,6
1,418,6,4001.0,4001.0,53.714,2702.11,603.417,666.8333333333334,0.159,7,6
1,419,5,3658.0,3658.0,34.366,1915.1419999999998,838.487,731.6,0.1,6,5
1,420,7,3971.0,3971.0,39.652,2639.048,604.97,567.2857142857143,0.108,5,7
1,421,6,3936.0,3936.0,57.17,2504.1409999999996,688.943,656.0,0.232,5,6
1,422,5,3600.0,3600.0,47.991,1873.0720000000001,709.8,720.0,0.145,6,5
1,423,6,3862.0,3862.0,32.916,2151.6459999999997,579.778,643.6666666666666,0.104,6,6
1,424,6,3960.0,3960.0,39.926,2175.8269999999998,583.425,660.0,0.144,6,6
1,425,6,4018.0,4018.0,50.144,2504.8169999999996,596.638,669.6666666666666,0.112,6,6
1,426,6,3962.0,3962.0,56.545,2389.4629999999997,478.155,660.3333333333334,0.124,7,6
1,427,5,3748.0,3748.0,30.081,2362.861,660.785,749.6,0.114,6,5
1,428,7,3854.0,3854.0,26.645,2480.506,574.969,550.5714285714286,0.264,7,7
1,429,7,3803.0,3803.0,49.58,2543.5699999999997,422.675,543.2857142857143,0.087,5,7
1,430,7,4052.0,4052.0,50.29,2678.571,415.952,578.8571428571429,0.127,4,7
1,431,4,4004.0,4004.0,35.666,1945.291,850.468,1001.0,0.118,7,4
1,432,8,4086.0,4086.0,54.413,2637.102,633.117,510.75,0.136,4,8+
1,433,4,3822.0,3822.0,48.249,1807.9699999999998,649.896,955.5,0.104,8,4
1,434,6,4067.0,4067.0,48.991,2273.8630000000003,564.282,677.8333333333334,0.167,5,6
1,435,5,3763.0,3763.0,38.954,2234.417,711.829,752.6,0.089,6,5
1,436,8,4070.0,4070.0,34.872,3059.794,591.61,508.75,0.413,5,8+
1,437,5,4082.0,4082.0,44.86,2089.3509999999997,879.252,816.4,0.105,8,5
1,438,5,3918.0,3918.0,48.047,2178.042,734.93,783.6,0.394,6,5
1,439,6,3652.0,3652.0,23.803,2217.057,476.616,608.6666666666666,0.111,5,6
1,440,6,3933.0,3933.0,37.483,2374.8089999999997,636.455,655.5,0.125,6,6
1,441,6,4001.0,4001.0,49.779,2232.214,525.796,666.8333333333334,0.336,6,6
1,442,5,3848.0,3848.0,54.539,2018.326,577.695,769.6,0.219,5,5
1,443,5,3620.0,3620.0,29.711,1988.226,656.377,724.0,0.185,5,5
1,444,3,3253.0,3253.0,43.113,1286.294,695.342,1084.3333333333333,0.122,3,3
1,445,6,3896.0,3896.0,36.483,2388.62,553.42,649.3333333333334,0.12,6,6
1,446,3,3931.0,3931.0,31.257,1745.4989999999998,1095.08,1310.3333333333333,0.122,3,3
1,447,7,3409.0,3409.0,52.822,2461.4800000000005,407.707,487.0,0.107,7,7
1,448,6,3898.0,3898.0,95.578,2171.055,635.026,649.6666666666666,0.145,6,6
1,449,8,4048.0,4048.0,54.082,3288.2470000000003,718.969,506.0,0.14,8,8+
1,450,4,3950.0,3950.0,40.483,1775.378,881.481,987.5,0.146,4,4
1,451,6,3907.0,3907.0,40.623,2322.439,499.403,651.1666666666666,0.139,6,6
1,452,6,3923.0,3923.0,53.325,2628.861,605.824,653.8333333333334,0.138,6,6
1,453,6,3315.0,3315.0,47.248,2118.8819999999996,424.335,552.5,0.101,6,6
1,454,5,3806.0,3806.0,39.723,1899.929,536.846,761.2,0.207,5,5
1,455,7,3976.0,3976.0,47.482,2673.796,490.55,568.0,0.127,7,7
1,456,6,3949.0,3949.0,54.996,2237.18,501.095,658.1666666666666,0.117,6,6
1,457,7,4000.0,4000.0,49.667,2514.605,563.193,571.4285714285714,0.154,7,7
1,458,6,3943.0,3943.0,54.935,2560.832,899.104,657.1666666666666,0.139,6,6
1,459,3,3911.0,3911.0,36.08,1520.319,845.727,1303.6666666666667,0.315,3,3
1,460,5,3915.0,3915.0,44.07,2020.7109999999998,592.199,783.0,0.17,5,5
1,461,7,3983.0,3983.0,50.557,2710.8680000000004,608.169,569.0,0.155,7,7
1,462,7,4013.0,4013.0,107.462,2524.114,592.975,573.2857142857143,0.105,7,7
1,463,5,3505.0,3505.0,51.265,1520.079,457.387,701.0,0.187,5,5
1,464,4,3924.0,3924.0,89.367,2188.366,930.984,981.0,0.258,4,4
1,465,5,3877.0,3877.0,50.117,2343.9680000000003,839.134,775.4,0.141,5,5
1,466,5,4026.0,4026.0,49.889,2350.8549999999996,821.584,805.2,0.159,5,5
1,467,7,4035.0,4035.0,42.174,2503.31,426.814,576.4285714285714,0.132,7,7
1,468,6,3929.0,3929.0,45.561,2521.3800000000006,643.267,654.8333333333334,0.099,6,6
1,469,6,3948.0,3948.0,49.15,2643.27,682.825,658.0,0.114,6,6
1,470,5,3637.0,3637.0,36.106,1838.034,652.14,727.4,0.134,7,5
1,471,7,3723.0,3723.0,58.979,2757.1149999999993,715.31,531.8571428571429,0.107,5,7
1,472,5,3370.0,3370.0,44.241,1959.94,529.567,674.0,0.155,5,5
1,473,5,3875.0,3875.0,42.789,2283.824,775.684,775.0,0.114,5,5
1,474,3,3757.0,3757.0,48.844,1624.558,813.914,1252.3333333333333,0.14,2,3
1,475,2,3296.0,3296.0,38.529,1275.616,1001.041,1648.0,0.11,3,2
1,476,5,3731.0,3731.0,47.966,1959.214,590.222,746.2,0.15,6,5
1,477,6,3985.0,3985.0,304.919,2427.8740000000003,690.167,664.1666666666666,0.111,5,6
1,478,6,3957.0,3957.0,55.151,2206.905,602.785,659.5,0.148,6,6
1,479,7,3993.0,3993.0,45.964,3277.545,822.118,570.4285714285714,0.116,7,7
1,480,5,3601.0,3601.0,79.256,1958.812,508.191,720.2,0.107,5,5
1,481,6,3969.0,3969.0,53.709,2205.103,549.494,661.5,0.123,6,6
1,482,6,3485.0,3485.0,208.854,2593.232,607.688,580.8333333333334,0.123,6,6
1,483,6,3918.0,3918.0,41.318,2354.79,553.452,653.0,0.127,6,6
1,484,5,3636.0,3636.0,46.031,1973.2730000000001,562.799,727.2,0.152,5,5
1,485,5,3849.0,3849.0,25.925,2151.992,517.508,769.8,0.124,5,5
1,486,3,3979.0,3979.0,47.499,1463.044,816.069,1326.3333333333333,0.12,7,3
1,487,7,4060.0,4060.0,52.801,2630.967,622.086,580.0,0.105,3,7
1,488,5,3742.0,3742.0,49.178,2037.4370000000001,542.448,748.4,0.137,4,5
1,489,4,3759.0,3759.0,45.914,1851.927,679.276,939.75,0.114,5,4
1,490,6,3785.0,3785.0,46.056,2380.4289999999996,622.882,630.8333333333334,0.167,6,6
1,491,6,3763.0,3763.0,51.08,2352.3240000000005,661.289,627.1666666666666,0.133,6,6
1,492,6,3702.0,3702.0,22.507,2142.743,595.503,617.0,0.129,5,6
1,493,5,3658.0,3658.0,44.053,2029.0300000000002,625.71,731.6,0.12,6,5
1,494,4,3988.0,3988.0,49.51,1923.687,940.556,997.0,0.13,4,4
1,495,5,3842.0,3842.0,46.701,2276.1800000000003,958.46,768.4,0.1,5,5
1,496,6,3954.0,3954.0,39.637,2207.859,519.345,659.0,0.155,6,6
1,497,8,4040.0,4040.0,32.572,3008.607,563.351,505.0,0.154,8,8+
1,498,7,4004.0,4004.0,67.999,2848.482,621.463,572.0,0.118,7,7
1,499,6,3409.0,3409.0,44.113,2231.179,494.619,568.1666666666666,0.118,6,6
1,500,6,3812.0,3812.0,25.617,2168.102,440.239,635.3333333333334,0.118,6,6
1,501,5,3930.0,3930.0,50.875,2268.196,655.13,786.0,0.128,5,5
1,502,5,3740.0,3740.0,52.033,1893.3,689.532,748.0,0.123,5,5
1,503,5,3693.0,3693.0,49.829,2114.692,589.434,738.6,0.13,5,5
1,504,7,3956.0,3956.0,37.574,2712.225,646.101,565.1428571428571,0.153,7,7
1,505,7,3530.0,3530.0,30.938,2352.6769999999997,523.096,504.2857142857143,0.127,7,7
1,506,5,3738.0,3738.0,46.814,2124.162,769.73,747.6,0.171,6,5
1,507,6,4002.0,4002.0,60.1,2573.935,791.424,667.0,0.094,5,6
1,508,5,3743.0,3743.0,29.162,2221.401,711.114,748.6,0.15,5,5
1,509,5,4027.0,4027.0,41.961,2377.3109999999997,736.852,805.4,0.281,5,5
1,510,4,3852.0,3852.0,51.409,1685.0969999999998,595.818,963.0,0.154,4,4
1,511,6,3891.0,3891.0,47.181,2134.4710000000005,446.439,648.5,0.146,6,6
1,512,7,4081.0,4081.0,34.806,2678.622,630.464,583.0,0.109,7,7
1,513,8,4043.0,4043.0,36.457,2794.8949999999995,461.615,505.375,0.096,8,8+
1,514,6,3993.0,3993.0,49.369,2388.949,501.054,665.5,0.131,6,6
1,515,6,3918.0,3918.0,50.203,2609.79,663.951,653.0,0.106,6,6
1,516,6,4054.0,4054.0,36.357,2137.894,525.969,675.6666666666666,0.138,6,6
1,517,5,3520.0,3520.0,34.948,1810.078,488.84,704.0,0.125,5,5
1,518,5,4057.0,4057.0,54.281,2342.482,920.758,811.4,0.133,5,5
1,519,5,3757.0,3757.0,51.081,2194.205,709.859,751.4,0.094,5,5
1,520,3,3830.0,3830.0,41.267,1690.633,963.545,1276.6666666666667,0.159,3,3
1,521,5,3910.0,3910.0,38.666,1998.6399999999999,603.092,782.0,0.2,5,5
1,522,6,3750.0,3750.0,95.136,2573.3609999999994,828.41,625.0,0.13,6,6
1,523,7,3917.0,3917.0,48.039,2675.454,653.746,559.5714285714286,0.121,7,7
1,524,5,3854.0,3854.0,24.973,2211.9399999999996,689.76,770.8,0.141,6,5
1,525,6,4079.0,4079.0,47.216,2548.8060000000005,775.766,679.8333333333334,0.113,5,6
1,526,6,4032.0,4032.0,39.524,2440.6589999999997,770.688,672.0,0.164,7,6
1,527,7,3997.0,3997.0,22.996,3079.351,532.011,571.0,0.131,6,7
1,528,4,3975.0,3975.0,27.661,1800.826,853.298,993.75,0.143,5,4
1,529,5,3934.0,3934.0,53.528,2123.346,616.645,786.8,0.115,4,5
1,530,7,3955.0,3955.0,48.987,2446.979,517.21,565.0,0.124,6,7
1,531,6,4029.0,4029.0,39.018,2532.645,595.295,671.5,0.085,7,6
1,532,5,3996.0,3996.0,37.593,2271.753,807.187,799.2,0.129,4,5
1,533,4,3923.0,3923.0,40.028,1976.077,889.507,980.75,0.102,5,4
1,534,5,4060.0,4060.0,50.57,2012.987,602.268,812.0,0.163,5,5
1,535,5,3580.0,3580.0,91.474,1784.0839999999998,555.501,716.0,0.117,5,5
1,536,5,3591.0,3591.0,30.277,2548.565,925.881,718.2,0.186,6,5
1,537,6,3990.0,3990.0,35.082,2803.099,1036.332,665.0,0.104,5,6
1,538,5,3784.0,3784.0,46.929,2302.435,770.81,756.8,0.13,6,5
1,539,6,4034.0,4034.0,53.913,2184.866,578.635,672.3333333333334,0.108,5,6
1,540,7,3835.0,3835.0,29.145,2527.213,443.46,547.8571428571429,0.158,6,7
1,541,6,3912.0,3912.0,109.702,2397.478,544.538,652.0,0.111,7,6
1,542,3,3857.0,3857.0,36.958,1763.428,923.503,1285.6666666666667,0.155,6,3
1,543,6,3971.0,3971.0,55.957,2394.1310000000003,606.787,661.8333333333334,0.079,3,6
1,544,5,3810.0,3810.0,39.751,1972.8549999999998,637.235,762.0,0.131,6,5
1,545,6,3991.0,3991.0,55.937,2349.931,554.792,665.1666666666666,0.12,5,6
1,546,6,3860.0,3860.0,38.947,2238.9249999999997,532.294,643.3333333333334,0.503,5,6
1,547,5,3798.0,3798.0,68.627,2267.7410000000004,646.135,759.6,0.106,6,5
1,548,6,3959.0,3959.0,25.164,2052.7700000000004,442.665,659.8333333333334,0.159,3,6
1,549,3,4036.0,4036.0,48.039,1778.808,907.06,1345.3333333333333,0.088,6,3
1,550,5,3893.0,3893.0,44.014,1876.0639999999999,616.348,778.6,0.14,5,5
1,551,6,3484.0,3484.0,49.269,2494.5760000000005,537.418,580.6666666666666,0.106,6,6
1,552,5,3831.0,3831.0,30.081,1983.3909999999996,673.247,766.2,0.193,7,5
1,553,7,3816.0,3816.0,46.731,2431.058,617.905,545.1428571428571,0.105,5,7
1,554,6,4077.0,4077.0,51.144,2504.728,781.956,679.5,0.118,6,6
1,555,6,3905.0,3905.0,45.6,2732.808,636.636,650.8333333333334,0.09,6,6
1,556,4,3883.0,3883.0,53.014,1608.59,602.919,970.75,0.157,4,4
1,557,6,3878.0,3878.0,37.733,2308.421,606.628,646.3333333333334,0.125,6,6
1,558,6,3783.0,3783.0,34.82,2466.3720000000003,591.657,630.5,0.142,6,6
1,559,8,4043.0,4043.0,56.015,2950.608,609.806,505.375,0.106,8,8+
1,560,3,3890.0,3890.0,41.722,1574.222,1071.544,1296.6666666666667,0.13,3,3
1,561,7,3790.0,3790.0,48.586,2398.499,478.985,541.4285714285714,0.129,7,7
1,562,5,3865.0,3865.0,48.312,2055.554,665.32,773.0,0.141,5,5
1,563,7,3811.0,3811.0,54.408,2554.146,520.029,544.4285714285714,0.135,7,7
1,564,6,3987.0,3987.0,56.58,2639.723,712.715,664.5,0.144,6,6
1,565,8,4058.0,4058.0,49.362,2670.5789999999997,428.223,507.25,0.126,8,8+
1,566,5,3604.0,3604.0,37.03,1993.671,508.077,720.8,0.155,5,5
1,567,3,3984.0,3984.0,42.955,1409.8400000000001,755.274,1328.0,0.111,3,3
1,568,4,4013.0,4013.0,52.835,1801.183,573.905,1003.25,0.163,8,4
1,569,8,4074.0,4074.0,50.236,2943.585,559.951,509.25,0.112,4,8+
1,570,4,3949.0,3949.0,40.378,1717.716,558.037,987.25,0.129,5,4
1,571,5,3784.0,3784.0,35.154,2122.4179999999997,839.255,756.8,0.112,4,5
1,572,5,3808.0,3808.0,48.501,2087.706,739.795,761.6,0.128,5,5
1,573,5,3986.0,3986.0,51.87,1995.067,804.252,797.2,0.097,5,5
1,574,4,3876.0,3876.0,48.607,1879.9460000000001,727.476,969.0,0.159,4,4
1,575,6,4018.0,4018.0,53.658,2274.5589999999997,601.358,669.6666666666666,0.139,6,6
1,576,5,3308.0,3308.0,42.797,1989.803,603.325,661.6,0.149,6,5
1,577,6,3890.0,3890.0,84.262,2868.2690000000002,622.552,648.3333333333334,0.112,5,6
1,578,4,4049.0,4049.0,60.071,1844.27,988.99,1012.25,0.165,4,4
1,579,4,4005.0,4005.0,47.07,1682.5339999999999,860.926,1001.25,0.103,4,4
1,580,6,3992.0,3992.0,48.761,2414.498,604.987,665.3333333333334,0.143,7,6
1,581,7,3939.0,3939.0,26.451,3016.961,644.807,562.7142857142857,0.114,6,7
1,582,5,3704.0,3704.0,51.062,2152.8230000000003,684.744,740.8,0.161,7,5
1,583,7,3915.0,3915.0,59.992,2860.5890000000004,664.098,559.2857142857143,0.108,5,7
1,584,7,4079.0,4079.0,62.24,2993.4410000000003,639.911,582.7142857142857,0.152,6,7
1,585,6,3844.0,3844.0,51.727,2357.405,584.294,640.6666666666666,0.09,7,6
1,586,4,3765.0,3765.0,51.181,1969.444,618.55,941.25,0.119,4,4
1,587,7,4092.0,4092.0,63.472,2465.1940000000004,446.864,584.5714285714286,0.11,7,7
1,588,4,4070.0,4070.0,79.872,1813.63,1044.744,1017.5,0.147,5,4
1,589,5,4028.0,4028.0,146.183,2162.526,895.608,805.6,0.102,4,5
1,590,5,3838.0,3838.0,92.831,2370.745,821.728,767.6,0.168,6,5
1,591,6,4091.0,4091.0,55.071,2730.179,604.009,681.8333333333334,0.082,5,6
1,592,5,3893.0,3893.0,30.879,2118.603,720.584,778.6,0.145,4,5
1,593,4,3448.0,3448.0,65.332,1715.775,702.283,862.0,0.096,5,4
1,594,4,3150.0,3150.0,43.842,1933.3939999999998,788.762,787.5,0.136,5,4
1,595,5,3711.0,3711.0,69.472,2206.7439999999997,851.049,742.2,0.096,4,5
1,596,5,3842.0,3842.0,68.814,2148.248,951.209,768.4,0.134,5,5
1,597,4,3980.0,3980.0,41.212,2135.743,1249.042,995.0,0.105,4,4
1,598,7,4077.0,4077.0,54.808,2972.559,788.601,582.4285714285714,0.115,7,7
1,599,7,3942.0,3942.0,87.754,2912.812,660.911,563.1428571428571,0.146,7,7
1,600,4,3825.0,3825.0,50.274,2046.243,681.093,956.25,0.117,4,4
1,601,6,4039.0,4039.0,63.722,2602.2459999999996,677.756,673.1666666666666,0.188,6,6
1,602,5,4041.0,4041.0,53.447,2012.666,665.768,808.2,0.149,5,5
1,603,5,3834.0,3834.0,47.135,2039.6529999999998,527.404,766.8,0.177,5,5
1,604,7,3820.0,3820.0,43.299,2686.586,574.539,545.7142857142857,0.181,7,7
1,605,5,3886.0,3886.0,80.163,2217.828,669.488,777.2,0.287,5,5
1,606,6,4024.0,4024.0,53.766,2349.637,519.727,670.6666666666666,0.215,7,6
1,607,7,3484.0,3484.0,57.94,2497.482,431.01,497.7142857142857,0.197,6,7
1,608,3,3823.0,3823.0,32.471,1668.95,1010.647,1274.3333333333333,0.146,3,3
1,609,7,3890.0,3890.0,36.687,2779.761,744.852,555.7142857142857,0.106,7,7
1,610,6,3665.0,3665.0,49.932,2389.578,612.998,610.8333333333334,0.148,6,6
1,611,7,3806.0,3806.0,49.336,2462.734,500.175,543.7142857142857,0.128,7,7
1,612,6,3963.0,3963.0,77.948,2736.982,606.101,660.5,0.141,6,6
1,613,5,3905.0,3905.0,43.336,1968.463,695.26,781.0,0.134,5,5
1,614,5,3422.0,3422.0,44.869,1945.2730000000001,668.606,684.4,0.131,5,5
1,615,6,3984.0,3984.0,50.953,2236.133,485.327,664.0,0.097,6,6
1,616,5,3901.0,3901.0,29.957,1971.203,544.025,780.2,0.12,5,5
1,617,4,3816.0,3816.0,32.706,1771.632,613.08,954.0,0.119,4,4
1,618,5,3621.0,3621.0,45.452,1882.7179999999998,706.19,724.2,0.153,7,5
1,619,7,3984.0,3984.0,49.403,2582.7980000000002,725.775,569.1428571428571,0.1,5,7
1,620,5,4027.0,4027.0,71.259,2656.746,1272.049,805.4,0.147,5,5
1,621,7,4022.0,4022.0,41.696,3101.2640000000006,945.875,574.5714285714286,0.158,7,7
1,622,6,3950.0,3950.0,30.517,2448.258,515.537,658.3333333333334,0.141,6,6
1,623,6,4053.0,4053.0,50.708,2297.794,424.029,675.5,0.119,6,6
1,624,4,3206.0,3206.0,40.796,1844.527,670.719,801.5,0.171,6,4
1,625,6,3891.0,3891.0,47.961,2953.5229999999997,607.084,648.5,0.122,4,6
1,626,4,3875.0,3875.0,48.198,1543.067,579.476,968.75,0.163,3,4
1,627,3,3637.0,3637.0,39.277,1329.6799999999998,820.262,1212.3333333333333,0.091,4,3
1,628,6,4070.0,4070.0,55.637,2664.643,602.987,678.3333333333334,0.14,6,6
1,629,7,3906.0,3906.0,37.23,2911.708,695.387,558.0,0.113,7,7
1,630,4,3900.0,3900.0,28.426,1726.7250000000001,655.71,975.0,0.105,4,4
1,631,7,3778.0,3778.0,47.075,2675.73,573.424,539.7142857142857,0.126,7,7
1,632,6,4063.0,4063.0,36.215,2172.1090000000004,418.909,677.1666666666666,0.153,6,6
1,633,6,4014.0,4014.0,73.038,2891.778,732.893,669.0,0.099,6,6
1,634,5,3939.0,3939.0,51.681,2007.029,481.935,787.8,0.144,5,5
1,635,5,3961.0,3961.0,90.797,2414.911,745.38,792.2,0.105,5,5
1,636,3,3830.0,3830.0,39.964,1691.794,827.191,1276.6666666666667,0.117,6,3
1,637,6,3903.0,3903.0,52.666,2642.335,747.974,650.5,0.102,3,6
1,638,5,4035.0,4035.0,53.877,1992.99,516.495,807.0,0.139,7,5
1,639,7,4010.0,4010.0,42.702,2581.254,401.5,572.8571428571429,0.084,5,7
1,640,7,3923.0,3923.0,32.091,2786.4579999999996,669.332,560.4285714285714,0.155,6,7
1,641,6,3987.0,3987.0,25.458,2565.2819999999997,559.992,664.5,0.12,7,6
1,642,6,3897.0,3897.0,48.743,2512.385,612.473,649.5,0.12,6,6
1,643,6,3895.0,3895.0,61.465,2532.6730000000002,580.467,649.1666666666666,0.103,6,6
1,644,7,4064.0,4064.0,37.523,2817.7059999999997,505.02,580.5714285714286,0.152,3,7
1,645,3,3775.0,3775.0,36.623,1640.864,880.048,1258.3333333333333,0.089,7,3
1,646,8,4056.0,4056.0,49.396,3041.261,490.651,507.0,0.122,7,8+
1,647,7,3713.0,3713.0,57.311,2574.5840000000003,467.441,530.4285714285714,0.108,8,7
1,648,5,4016.0,4016.0,29.074,2406.301,691.353,803.2,0.158,5,5
1,649,5,3983.0,3983.0,44.673,2358.67,680.232,796.6,0.106,5,5
1,650,5,3727.0,3727.0,47.454,2085.529,494.191,745.4,0.13,8,5
1,651,8,3977.0,3977.0,54.322,3077.1,491.297,497.125,0.085,5,8+
1,652,5,3837.0,3837.0,48.819,2086.211,566.279,767.4,0.2,5,5
1,653,5,3886.0,3886.0,37.867,2251.8450000000003,697.689,777.2,0.118,5,5
1,654,5,3868.0,3868.0,50.243,1599.8609999999999,503.915,773.6,0.315,4,5
1,655,4,3371.0,3371.0,37.576,1301.7839999999999,533.505,842.75,0.103,5,4
1,656,5,3832.0,3832.0,25.248,2330.4410000000003,743.527,766.4,0.173,7,5
1,657,7,4016.0,4016.0,68.379,3112.159,790.891,573.7142857142857,0.09,5,7
1,658,6,4020.0,4020.0,51.574,2430.875,607.935,670.0,0.132,6,6
1,659,6,3934.0,3934.0,51.367,2511.202,621.827,655.6666666666666,0.132,6,6
1,660,6,3841.0,3841.0,34.224,2304.4559999999997,477.439,640.1666666666666,0.146,5,6
1,661,5,4074.0,4074.0,82.128,2236.85,602.127,814.8,0.118,6,5
1,662,6,3966.0,3966.0,50.927,2299.376,522.595,661.0,0.282,7,6
1,663,7,4023.0,4023.0,99.218,2709.447,649.746,574.7142857142857,0.137,6,7
1,664,6,4028.0,4028.0,26.799,2133.91,486.723,671.3333333333334,0.129,5,6
1,665,5,3670.0,3670.0,212.532,2123.308,491.064,734.0,0.139,6,5
1,666,5,4034.0,4034.0,52.086,1961.666,520.447,806.8,0.176,6,5
1,667,6,3474.0,3474.0,36.947,2300.9210000000003,700.465,579.0,0.127,5,6
1,668,6,4005.0,4005.0,416.437,2721.5029999999997,764.317,667.5,0.15,7,6
1,669,6,3902.0,3902.0,47.164,2435.2780000000002,669.654,650.3333333333334,0.103,6,6
1,670,7,4038.0,4038.0,68.93,2605.055,622.666,576.8571428571429,0.132,5,7
1,671,4,3707.0,3707.0,32.7,1791.133,697.83,926.75,0.132,6,4
1,672,5,4058.0,4058.0,69.655,1993.52,709.008,811.6,0.161,7,5
1,673,5,3932.0,3932.0,47.284,2085.3540000000003,710.59,786.4,0.109,4,5
1,674,7,3999.0,3999.0,140.685,2925.724,647.555,571.2857142857143,0.127,5,7
1,675,5,3729.0,3729.0,46.97,2458.261,616.798,745.8,0.089,5,5
1,676,5,3805.0,3805.0,185.498,2283.462,558.959,761.0,0.141,6,5
1,677,4,3900.0,3900.0,47.864,1930.6689999999999,910.133,975.0,0.107,5,4
1,678,6,3799.0,3799.0,192.366,2228.095,582.657,633.1666666666666,0.153,6,6
1,679,6,3977.0,3977.0,38.287,2485.686,632.186,662.8333333333334,0.114,4,6
1,680,6,3964.0,3964.0,55.105,2362.083,502.676,660.6666666666666,0.122,6,6
1,681,5,3807.0,3807.0,47.372,2351.493,606.394,761.4,0.135,6,5
1,682,6,3867.0,3867.0,63.909,2444.3950000000004,483.332,644.5,0.317,6,6
1,683,5,3773.0,3773.0,39.01,1941.419,558.061,754.6,0.106,5,5
1,684,6,3748.0,3748.0,44.852,2544.543,697.575,624.6666666666666,0.154,6,6
1,685,6,4010.0,4010.0,29.24,2631.75,566.274,668.3333333333334,0.099,5,6
1,686,6,3980.0,3980.0,44.48,2522.251,547.453,663.3333333333334,0.131,5,6
1,687,6,3714.0,3714.0,58.686,2675.8160000000003,520.927,619.0,0.102,6,6
1,688,5,3767.0,3767.0,26.282,1877.766,545.999,753.4,0.203,7,5
1,689,6,3793.0,3793.0,159.564,2487.208,516.194,632.1666666666666,0.15,6,6
1,690,7,4052.0,4052.0,77.391,2761.987,500.552,578.8571428571429,0.154,4,7
1,691,4,3738.0,3738.0,49.324,1909.4189999999999,711.04,934.5,0.092,6,4
1,692,4,4015.0,4015.0,95.967,2018.0079999999998,855.818,1003.75,0.139,5,4
1,693,5,3584.0,3584.0,27.152,2151.128,595.542,716.8,0.098,4,5
1,694,5,3901.0,3901.0,100.585,2225.3639999999996,658.557,780.2,0.128,8,5
1,695,5,4027.0,4027.0,138.98,2220.5899999999997,616.432,805.4,0.107,5,5
1,696,8,4084.0,4084.0,84.192,2823.889,494.216,510.5,0.131,4,8+
1,697,6,3985.0,3985.0,39.705,2549.164,617.843,664.1666666666666,0.131,5,6
1,698,4,3954.0,3954.0,42.303,1887.1219999999998,900.939,988.5,0.139,6,4
1,699,6,3901.0,3901.0,61.288,2252.712,648.899,650.1666666666666,0.094,6,6
1,700,6,3928.0,3928.0,55.441,2540.3160000000003,637.473,654.6666666666666,0.17,6,6
1,701,6,4090.0,4090.0,74.299,2514.991,621.763,681.6666666666666,0.177,6,6
1,702,6,4019.0,4019.0,52.443,2538.52,603.384,669.8333333333334,0.151,5,6
1,703,6,3954.0,3954.0,34.999,2625.784,622.28,659.0,0.14,6,6
1,704,5,3700.0,3700.0,68.846,1791.917,495.415,740.0,0.136,6,5
1,705,6,4091.0,4091.0,30.528,2387.7039999999997,693.323,681.8333333333334,0.101,6,6
1,706,6,3989.0,3989.0,125.252,2024.291,510.974,664.8333333333334,0.158,7,6
1,707,4,3999.0,3999.0,39.597,1703.326,837.641,999.75,0.151,6,4
1,708,7,4029.0,4029.0,51.862,2701.1189999999997,693.707,575.5714285714286,0.143,6,7
1,709,6,3872.0,3872.0,32.901,2101.6279999999997,539.04,645.3333333333334,0.131,4,6
1,710,6,4000.0,4000.0,41.923,2323.441,616.501,666.6666666666666,0.158,4,6
1,711,5,3756.0,3756.0,46.81,1983.1799999999998,587.341,751.2,0.307,6,5
1,712,4,3792.0,3792.0,61.111,2221.218,805.613,948.0,0.188,5,4
1,713,4,4027.0,4027.0,45.205,2062.519,1087.609,1006.75,0.132,5,4
1,714,5,4086.0,4086.0,27.595,1993.17,618.776,817.2,0.133,4,5
1,715,6,4053.0,4053.0,128.872,2433.8450000000007,589.113,675.5,0.12,4,6
1,716,4,4030.0,4030.0,40.108,2007.2040000000002,673.09,1007.5,0.132,5,4
1,717,4,3917.0,3917.0,51.13,2119.147,995.212,979.25,0.134,6,4
1,718,5,3980.0,3980.0,52.845,2115.006,567.192,796.0,0.139,4,5
1,719,6,4043.0,4043.0,44.136,2467.386,642.825,673.8333333333334,0.136,4,6
1,720,4,3454.0,3454.0,29.838,1771.3370000000002,612.83,863.5,0.136,8,4
1,721,6,4008.0,4008.0,26.878,2261.4979999999996,778.049,668.0,0.135,6,6
1,722,8,4095.0,4095.0,56.568,3136.501,555.143,511.875,0.153,7,8+
1,723,5,3955.0,3955.0,76.085,2041.2479999999998,586.204,791.0,0.113,6,5
1,724,7,3969.0,3969.0,31.577,2650.899,530.695,567.0,0.125,6,7
1,725,6,3759.0,3759.0,152.687,2020.8910000000003,420.494,626.5,0.165,5,6
1,726,6,4029.0,4029.0,51.331,2542.401,714.333,671.5,0.125,7,6
1,727,4,4048.0,4048.0,50.879,2138.985,901.871,1012.0,0.111,6,4
1,728,7,3774.0,3774.0,29.775,2443.2119999999995,572.373,539.1428571428571,0.129,6,7
1,729,6,4013.0,4013.0,46.132,2477.8650000000002,593.325,668.8333333333334,0.133,4,6
1,730,6,4023.0,4023.0,49.214,2143.132,491.762,670.5,0.205,6,6
1,731,6,3956.0,3956.0,42.436,2234.1760000000004,724.97,659.3333333333334,0.122,6,6
1,732,6,3737.0,3737.0,29.003,2082.292,565.742,622.8333333333334,0.115,6,6
1,733,5,3805.0,3805.0,33.627,1947.761,801.507,761.0,0.177,6,5
1,734,6,4024.0,4024.0,75.208,2439.099,974.723,670.6666666666666,0.184,5,6
1,735,6,4067.0,4067.0,39.695,2350.681,845.222,677.8333333333334,0.131,5,6
1,736,5,3974.0,3974.0,41.157,2478.2690000000002,1165.249,794.8,0.129,6,5
1,737,5,4008.0,4008.0,74.729,2355.0869999999995,968.384,801.6,0.114,6,5
1,738,6,4051.0,4051.0,98.813,2462.4539999999997,768.544,675.1666666666666,0.112,5,6
1,739,5,3986.0,3986.0,36.768,2061.546,735.179,797.2,0.118,5,5
1,740,6,3676.0,3676.0,39.317,2431.2709999999997,662.754,612.6666666666666,0.157,4,6
1,741,4,3353.0,3353.0,54.605,1705.4389999999999,718.665,838.25,0.142,6,4
1,742,6,3915.0,3915.0,76.981,2690.127,783.353,652.5,0.168,6,6
1,743,6,4081.0,4081.0,97.338,2495.495,522.085,680.1666666666666,0.117,6,6
1,744,4,4005.0,4005.0,46.919,2086.703,1117.43,1001.25,0.116,4,4
1,745,4,3448.0,3448.0,44.7,1618.1819999999998,638.962,862.0,0.105,4,4
1,746,4,3890.0,3890.0,43.018,1844.062,711.669,972.5,0.182,6,4
1,747,6,4050.0,4050.0,52.425,2180.424,711.511,675.0,0.122,4,6
1,748,5,4014.0,4014.0,40.599,2141.539,730.277,802.8,0.156,5,5
1,749,5,3706.0,3706.0,59.656,2164.608,569.866,741.2,0.108,5,5
1,750,4,3997.0,3997.0,73.142,1945.734,810.996,999.25,0.124,6,4
1,751,6,3898.0,3898.0,139.672,2325.477,512.591,649.6666666666666,0.17,4,6
1,752,8,3992.0,3992.0,43.394,3027.051,532.101,499.0,0.152,6,8+
1,753,6,3920.0,3920.0,52.887,2356.792,589.327,653.3333333333334,0.119,8,6
1,754,5,3850.0,3850.0,60.436,2313.007,666.783,770.0,0.145,6,5
1,755,6,4059.0,4059.0,34.528,2396.617,504.494,676.5,0.121,5,6
1,756,5,3983.0,3983.0,75.768,2126.563,635.98,796.6,0.159,6,5
1,757,6,3832.0,3832.0,50.681,2340.535,583.712,638.6666666666666,0.147,5,6
1,758,6,3784.0,3784.0,75.477,2197.625,557.314,630.6666666666666,0.157,5,6
1,759,5,3818.0,3818.0,40.201,2163.9890000000005,580.647,763.6,0.105,6,5
1,760,5,3894.0,3894.0,51.365,2279.433,696.905,778.8,0.158,5,5
1,761,7,3937.0,3937.0,41.247,2974.0280000000002,554.996,562.4285714285714,0.298,7,7
1,762,6,4078.0,4078.0,30.314,2573.542,765.65,679.6666666666666,0.175,6,6
1,763,5,4044.0,4044.0,133.962,2474.265,1011.193,808.8,0.239,5,5
1,764,5,3528.0,3528.0,37.892,2144.394,642.515,705.6,0.16,5,5
1,765,5,4077.0,4077.0,51.952,2256.93,864.15,815.4,0.102,5,5
1,766,5,3993.0,3993.0,42.365,2511.944,786.009,798.6,0.17,7,5
1,767,7,4061.0,4061.0,25.755,2827.4689999999996,814.986,580.1428571428571,0.123,5,7
1,768,6,3828.0,3828.0,35.654,2757.4439999999995,742.065,638.0,0.229,7,6
1,769,7,3793.0,3793.0,48.48,2992.587,507.995,541.8571428571429,0.118,6,7
1,770,4,3812.0,3812.0,43.917,1990.612,739.176,953.0,0.196,7,4
1,771,7,3993.0,3993.0,27.067,2617.236,500.303,570.4285714285714,0.135,4,7
1,772,3,3761.0,3761.0,92.713,1529.615,723.943,1253.6666666666667,0.171,5,3
1,773,5,3669.0,3669.0,64.927,2073.592,477.073,733.8,1.006,3,5
1,774,7,4078.0,4078.0,55.047,2865.501,597.647,582.5714285714286,0.152,7,7
1,775,7,3961.0,3961.0,42.136,2830.412,530.312,565.8571428571429,0.432,7,7
1,776,6,3666.0,3666.0,49.589,2178.3639999999996,580.727,611.0,0.216,7,6
1,777,7,3868.0,3868.0,48.942,2514.41,529.017,552.5714285714286,0.159,6,7
1,778,7,4066.0,4066.0,40.12,3036.243,763.907,580.8571428571429,0.196,5,7
1,779,5,3656.0,3656.0,39.554,1943.844,613.155,731.2,0.151,7,5
1,780,6,3907.0,3907.0,39.699,2251.5480000000002,611.662,651.1666666666666,0.142,5,6
1,781,5,3983.0,3983.0,57.633,2091.26,706.413,796.6,0.185,6,5
1,782,5,3727.0,3727.0,48.391,2095.6,659.274,745.4,0.121,5,5
1,783,5,3964.0,3964.0,51.079,1814.1809999999998,606.668,792.8,0.281,5,5
1,784,4,3767.0,3767.0,82.441,1821.068,856.775,941.75,0.159,4,4
1,785,6,3787.0,3787.0,77.146,2433.7729999999997,729.372,631.1666666666666,0.135,6,6
1,786,2,3225.0,3225.0,36.687,1203.398,855.579,1612.5,0.121,2,2
1,787,6,3859.0,3859.0,55.004,2284.5119999999997,545.915,643.1666666666666,0.177,6,6
1,788,5,3663.0,3663.0,55.407,2011.265,580.646,732.6,0.2,5,5
1,789,4,3869.0,3869.0,40.299,1813.913,838.335,967.25,0.142,4,4
1,790,4,3866.0,3866.0,40.455,1925.1439999999998,853.492,966.5,0.143,4,4
1,791,6,3603.0,3603.0,39.852,2606.9249999999997,774.323,600.5,0.158,6,6
1,792,7,4026.0,4026.0,51.653,3035.9809999999998,822.112,575.1428571428571,0.098,7,7
1,793,5,3836.0,3836.0,32.378,2135.053,681.631,767.2,0.12,7,5
1,794,7,3967.0,3967.0,40.049,3012.2290000000003,505.047,566.7142857142857,0.133,5,7
1,795,4,3909.0,3909.0,53.63,1987.371,660.553,977.25,0.454,5,4
1,796,5,3579.0,3579.0,42.302,2267.11,724.455,715.8,0.104,4,5
1,797,6,3828.0,3828.0,50.663,2322.233,452.159,638.0,0.137,5,6
1,798,5,3808.0,3808.0,34.817,2121.937,603.402,761.6,0.099,6,5
1,799,5,4050.0,4050.0,66.858,2088.3540000000003,724.126,810.0,0.158,7,5
1,800,7,4079.0,4079.0,45.213,2823.2960000000003,529.984,582.7142857142857,0.151,5,7
1,801,6,3737.0,3737.0,44.028,2543.808,580.984,622.8333333333334,0.198,7,6
1,802,7,4067.0,4067.0,30.456,2552.42,532.98,581.0,0.115,6,7
1,803,5,3214.0,3214.0,23.39,1823.0990000000002,479.689,642.8,0.147,6,5
1,804,6,3945.0,3945.0,28.292,2395.287,727.976,657.5,0.105,5,6
1,805,4,3979.0,3979.0,63.851,1965.6979999999999,763.967,994.75,0.15,5,4
1,806,5,3890.0,3890.0,55.541,2107.806,627.409,778.0,0.161,4,5
1,807,6,3937.0,3937.0,45.612,2616.7070000000003,533.868,656.1666666666666,0.134,6,6
1,808,7,4046.0,4046.0,58.658,3012.386,590.965,578.0,0.138,7,7
1,809,6,3805.0,3805.0,23.445,2165.0350000000003,490.251,634.1666666666666,0.131,6,6
1,810,7,4030.0,4030.0,52.957,2776.064,643.411,575.7142857142857,0.113,7,7
1,811,5,3697.0,3697.0,30.857,1656.241,462.626,739.4,0.128,5,5
1,812,8,4076.0,4076.0,38.024,3130.4930000000004,557.436,509.5,0.136,8,8+
1,813,6,3871.0,3871.0,27.52,2527.7509999999997,613.954,645.1666666666666,0.139,6,6
1,814,6,3984.0,3984.0,36.315,2559.872,933.639,664.0,0.179,7,6
1,815,7,4062.0,4062.0,51.612,2843.309,509.861,580.2857142857143,0.128,6,7
1,816,3,3840.0,3840.0,38.418,1685.065,1005.625,1280.0,0.109,4,3
1,817,4,3320.0,3320.0,35.082,1692.032,752.127,830.0,0.136,3,4
1,818,4,3885.0,3885.0,38.934,2256.236,917.237,971.25,0.154,5,4
1,819,5,3941.0,3941.0,51.706,2575.3279999999995,795.179,788.2,0.106,4,5
1,820,4,3812.0,3812.0,39.134,1975.6190000000001,760.319,953.0,0.202,5,4
1,821,5,3637.0,3637.0,32.618,2215.526,623.911,727.4,0.149,4,5
1,822,4,3760.0,3760.0,36.512,1800.938,631.438,940.0,0.123,5,4
1,823,5,3694.0,3694.0,46.346,2288.072,780.947,738.8,0.132,4,5
1,824,5,3970.0,3970.0,92.175,2381.988,672.451,794.0,0.203,6,5
1,825,6,4044.0,4044.0,39.391,2285.378,485.689,674.0,0.118,5,6
1,826,8,4002.0,4002.0,38.359,3087.115,656.243,500.25,0.175,6,8+
1,827,6,3973.0,3973.0,51.726,2322.843,745.839,662.1666666666666,0.14,8,6
1,828,5,3789.0,3789.0,26.458,2038.893,588.045,757.8,0.27,5,5
1,829,5,4012.0,4012.0,24.551,2266.0460000000003,847.349,802.4,0.141,5,5
1,830,5,3786.0,3786.0,39.75,1906.4319999999998,488.348,757.2,0.224,7,5
1,831,7,4008.0,4008.0,52.177,2483.183,456.255,572.5714285714286,0.095,5,7
1,832,6,4079.0,4079.0,30.977,2741.6530000000002,786.221,679.8333333333334,0.155,5,6
1,833,5,3906.0,3906.0,25.033,2252.736,711.233,781.2,0.163,6,5
1,834,6,3918.0,3918.0,44.188,2353.639,613.69,653.0,0.244,6,6
1,835,6,3972.0,3972.0,88.458,2478.399,632.624,662.0,0.154,6,6
1,836,5,3525.0,3525.0,44.886,2102.2940000000003,714.25,705.0,0.18,5,5
1,837,5,3763.0,3763.0,52.75,2040.3419999999999,635.639,752.6,0.106,5,5
1,838,4,3823.0,3823.0,40.545,2092.4790000000003,708.19,955.75,0.159,4,4
1,839,5,4021.0,4021.0,53.587,2644.87,867.1,804.2,0.154,5,5
1,840,4,3084.0,3084.0,28.41,1500.212,540.246,771.0,0.139,4,4
1,841,6,3988.0,3988.0,40.328,2195.493,560.925,664.6666666666666,0.526,6,6
1,842,5,3807.0,3807.0,49.751,2273.712,684.914,761.4,0.146,5,5
1,843,6,3950.0,3950.0,34.32,2474.0049999999997,576.229,658.3333333333334,0.115,6,6
1,844,5,3860.0,3860.0,49.302,2399.407,616.576,772.0,0.211,5,5
1,845,5,3961.0,3961.0,27.32,2494.5409999999997,724.853,792.2,0.139,5,5
1,846,6,3948.0,3948.0,57.265,2568.445,617.838,658.0,0.136,6,6
1,847,5,3785.0,3785.0,25.16,2137.314,650.372,757.0,0.191,5,5
1,848,7,4034.0,4034.0,45.18,3071.892,584.239,576.2857142857143,0.182,7,7
1,849,7,4092.0,4092.0,52.938,2483.685,471.586,584.5714285714286,0.355,7,7
1,850,5,3807.0,3807.0,108.129,2261.643,633.018,761.4,0.2,5,5
1,851,5,3976.0,3976.0,103.672,2531.4900000000002,838.092,795.2,0.119,5,5
1,852,4,3968.0,3968.0,42.303,1932.9809999999998,1021.992,992.0,0.176,6,4
1,853,6,3912.0,3912.0,47.812,2212.602,827.008,652.0,0.122,4,6
1,854,6,3969.0,3969.0,35.033,2486.668,891.067,661.5,0.213,7,6
1,855,7,3718.0,3718.0,62.897,2608.5130000000004,663.738,531.1428571428571,0.126,6,7
1,856,5,3961.0,3961.0,28.179,2070.65,847.884,792.2,0.199,5,5
1,857,5,3967.0,3967.0,34.273,2170.1349999999998,856.332,793.4,0.132,5,5
1,858,4,4016.0,4016.0,43.162,1846.862,983.572,1004.0,0.192,4,4
1,859,4,3732.0,3732.0,49.34,2103.197,924.541,933.0,0.245,4,4
1,860,6,3983.0,3983.0,61.291,2488.094,616.294,663.8333333333334,0.17,6,6
1,861,7,4070.0,4070.0,42.93,2642.914,699.278,581.4285714285714,0.286,7,7
1,862,5,4096.0,4096.0,58.659,2223.524,823.903,819.2,0.187,5,5
1,863,7,3875.0,3875.0,44.662,2816.331,580.734,553.5714285714286,0.182,7,7
1,864,7,3915.0,3915.0,58.053,2976.276,740.333,559.2857142857143,0.207,7,7
1,865,6,3967.0,3967.0,45.978,2036.372,685.018,661.1666666666666,0.128,6,6
1,866,6,3892.0,3892.0,41.049,2547.4089999999997,708.274,648.6666666666666,0.135,7,6
1,867,7,3877.0,3877.0,53.744,2861.1670000000004,718.739,553.8571428571429,0.098,6,7
1,868,5,4006.0,4006.0,48.539,1974.678,590.987,801.2,0.195,5,5
1,869,6,3704.0,3704.0,37.596,2671.668,713.54,617.3333333333334,0.144,6,6
1,870,4,3822.0,3822.0,52.173,1937.612,951.214,955.5,0.124,4,4
1,871,7,4060.0,4060.0,42.658,2394.0550000000003,553.506,580.0,0.116,7,7
1,872,5,4093.0,4093.0,53.693,2448.97,1040.697,818.6,0.14,5,5
1,873,6,3885.0,3885.0,38.689,2718.2270000000003,903.272,647.5,0.216,6,6
1,874,5,3887.0,3887.0,47.232,2241.162,631.873,777.4,0.185,5,5
1,875,6,3799.0,3799.0,36.6,2386.033,602.244,633.1666666666666,0.128,6,6
1,876,5,3616.0,3616.0,30.936,2378.2790000000005,748.042,723.2,0.128,5,5
1,877,4,3932.0,3932.0,47.256,1770.379,855.286,983.0,0.148,4,4
1,878,7,4047.0,4047.0,87.333,2974.487,814.211,578.1428571428571,0.142,7,7
1,879,8,3849.0,3849.0,43.622,3163.367,536.39,481.125,0.153,8,8+
1,880,6,3976.0,3976.0,44.392,2206.8129999999996,438.1,662.6666666666666,0.209,6,6
1,881,7,3879.0,3879.0,41.806,2696.895,553.978,554.1428571428571,0.358,7,7
1,882,4,3686.0,3686.0,39.775,1712.739,472.949,921.5,0.102,6,4
1,883,6,3790.0,3790.0,26.113,2682.585,670.217,631.6666666666666,0.302,4,6
1,884,5,4074.0,4074.0,44.072,2538.731,984.01,814.8,0.141,5,5
1,885,5,3857.0,3857.0,51.262,2557.46,931.476,771.4,0.093,5,5
1,886,5,3790.0,3790.0,47.621,2204.565,691.122,758.0,0.179,6,5
1,887,6,3891.0,3891.0,41.726,2761.7610000000004,627.685,648.5,0.135,5,6
1,888,6,4095.0,4095.0,31.306,2565.712,718.369,682.5,0.12,6,6
1,889,6,3938.0,3938.0,51.893,2288.6000000000004,620.65,656.3333333333334,0.129,6,6
1,890,5,3860.0,3860.0,42.99,2490.425,707.608,772.0,0.143,5,5
1,891,5,4006.0,4006.0,40.729,2352.964,720.946,801.2,0.146,5,5
1,892,3,4045.0,4045.0,82.52,1768.533,1019.611,1348.3333333333333,0.147,6,3
1,893,6,3805.0,3805.0,49.493,2735.315,687.368,634.1666666666666,0.113,3,6
1,894,6,4040.0,4040.0,46.205,2611.6110000000003,711.611,673.3333333333334,0.123,6,6
1,895,6,4005.0,4005.0,47.336,2693.5499999999997,690.324,667.5,0.121,6,6
1,896,6,3768.0,3768.0,31.303,2334.226,546.896,628.0,0.189,3,6
1,897,3,3996.0,3996.0,54.687,1492.423,826.811,1332.0,0.113,6,3
1,898,3,3897.0,3897.0,43.277,1592.729,827.932,1299.0,0.157,5,3
1,899,5,3887.0,3887.0,38.054,2045.004,613.747,777.4,0.12,3,5
1,900,5,3758.0,3758.0,91.603,2107.27,705.377,751.6,0.111,6,5
1,901,6,3807.0,3807.0,54.036,2824.009,795.41,634.5,0.184,5,6
1,902,5,3843.0,3843.0,86.429,2162.88,600.637,768.6,0.145,4,5
1,903,4,3849.0,3849.0,40.71,1578.0520000000001,550.491,962.25,0.127,5,4
1,904,5,3476.0,3476.0,48.345,1989.4550000000002,758.683,695.2,0.15,5,5
1,905,6,3903.0,3903.0,51.098,2703.268,725.781,650.5,0.129,6,6
1,906,4,3745.0,3745.0,28.691,1631.495,644.777,936.25,0.104,4,4
1,907,7,3755.0,3755.0,39.289,2455.593,506.864,536.4285714285714,0.143,7,7
1,908,6,3778.0,3778.0,51.391,2699.783,689.771,629.6666666666666,0.154,6,6
1,909,4,3996.0,3996.0,54.054,2067.134,801.559,999.0,0.311,4,4
1,910,5,3423.0,3423.0,41.037,2267.7940000000003,559.321,684.6,0.126,5,5
1,911,5,3624.0,3624.0,79.909,1957.285,599.129,724.8,0.128,5,5
1,912,5,3828.0,3828.0,52.21,2231.24,729.878,765.6,0.128,5,5
1,913,7,3992.0,3992.0,93.405,2695.442,470.787,570.2857142857143,0.184,7,7
1,914,6,3907.0,3907.0,41.115,2174.527,551.502,651.1666666666666,0.198,6,6
1,915,6,3928.0,3928.0,90.664,2504.5519999999997,516.961,654.6666666666666,0.105,6,6
1,916,6,3562.0,3562.0,48.853,2427.721,560.014,593.6666666666666,0.142,6,6
1,917,4,3863.0,3863.0,50.551,1880.594,585.966,965.75,0.158,4,4
1,918,6,4065.0,4065.0,48.589,2527.912,669.126,677.5,0.154,6,6
1,919,5,3344.0,3344.0,39.07,2112.741,571.912,668.8,0.139,5,5
1,920,5,3813.0,3813.0,48.92,2299.252,683.416,762.6,0.168,5,5
1,921,7,3988.0,3988.0,64.926,2906.2229999999995,552.896,569.7142857142857,0.204,7,7
1,922,6,4043.0,4043.0,39.362,2709.7050000000004,724.731,673.8333333333334,0.138,6,6
1,923,5,3980.0,3980.0,40.242,2158.6510000000003,577.98,796.0,0.227,5,5
1,924,6,3806.0,3806.0,56.112,2746.5409999999997,670.645,634.3333333333334,0.142,6,6
1,925,6,3930.0,3930.0,29.61,2567.854,512.124,655.0,0.144,6,6
1,926,5,3846.0,3846.0,45.289,2177.625,542.324,769.2,0.204,5,5
1,927,7,3756.0,3756.0,38.947,2833.0000000000005,430.362,536.5714285714286,0.106,7,7
1,928,4,3756.0,3756.0,55.665,2033.497,695.858,939.0,0.138,4,4
1,929,7,4072.0,4072.0,97.315,2865.362,670.869,581.7142857142857,0.14,7,7
1,930,7,3878.0,3878.0,48.293,2950.469,557.686,554.0,0.155,7,7
1,931,6,3951.0,3951.0,48.601,2426.721,449.025,658.5,0.138,6,6
1,932,5,3980.0,3980.0,52.721,2306.748,724.873,796.0,0.127,5,5
1,933,6,4011.0,4011.0,41.995,2318.299,572.351,668.5,0.109,6,6
1,934,5,3979.0,3979.0,39.607,2268.9230000000002,718.578,795.8,0.161,5,5
1,935,8,3869.0,3869.0,38.55,3260.272,535.591,483.625,0.129,8,8+
1,936,6,4005.0,4005.0,55.326,2528.549,653.631,667.5,0.129,6,6
1,937,5,3920.0,3920.0,44.276,2143.078,619.225,784.0,0.129,5,5
1,938,5,4046.0,4046.0,52.065,2403.5299999999997,921.395,809.2,0.139,5,5
1,939,5,4065.0,4065.0,89.431,2096.812,656.34,813.0,0.147,5,5
1,940,6,3800.0,3800.0,53.431,2529.7019999999998,593.09,633.3333333333334,0.204,6,6
1,941,5,3961.0,3961.0,42.576,2391.6059999999998,717.685,792.2,0.174,5,5
1,942,3,3865.0,3865.0,41.624,1863.6190000000001,890.117,1288.3333333333333,0.134,3,3
1,943,7,3803.0,3803.0,34.238,2608.056,842.204,543.2857142857143,0.124,7,7
1,944,3,4011.0,4011.0,53.715,1889.275,1142.42,1337.0,0.136,5,3
1,945,5,3974.0,3974.0,69.053,2147.958,898.023,794.8,0.112,3,5
1,946,5,3419.0,3419.0,30.479,2180.872,660.551,683.8,0.195,6,5
1,947,6,4042.0,4042.0,36.89,2687.6919999999996,772.805,673.6666666666666,0.114,5,6
1,948,6,3730.0,3730.0,51.069,2506.002,626.623,621.6666666666666,0.137,6,6
1,949,7,4017.0,4017.0,38.567,2799.934,691.911,573.8571428571429,0.14,7,7
1,950,5,4002.0,4002.0,58.908,2242.784,730.375,800.4,0.148,6,5
1,951,6,3756.0,3756.0,53.743,2783.4689999999996,810.881,626.0,0.097,5,6
1,952,6,3773.0,3773.0,47.028,2273.901,526.69,628.8333333333334,0.194,4,6
1,953,4,3942.0,3942.0,51.169,2011.0430000000001,966.952,985.5,0.125,6,4
1,954,5,4075.0,4075.0,47.197,2209.143,737.843,815.0,0.128,6,5
1,955,6,3971.0,3971.0,50.904,2474.981,655.059,661.8333333333334,0.118,5,6
1,956,6,3573.0,3573.0,30.28,2179.7940000000003,470.307,595.5,0.165,7,6
1,957,7,4030.0,4030.0,55.786,2902.5550000000003,537.652,575.7142857142857,0.115,6,7
1,958,5,3887.0,3887.0,42.572,2105.7200000000003,602.778,777.4,0.158,7,5
1,959,7,4040.0,4040.0,27.22,3003.458,670.912,577.1428571428571,0.128,5,7
1,960,6,3659.0,3659.0,31.632,2320.3849999999998,746.64,609.8333333333334,0.155,5,6
1,961,5,3975.0,3975.0,53.142,2101.264,558.021,795.0,0.16,6,5
1,962,5,3825.0,3825.0,61.718,2082.991,689.4,765.0,0.153,5,5
1,963,5,4011.0,4011.0,43.304,2493.6549999999997,841.491,802.2,0.279,5,5
1,964,5,3522.0,3522.0,34.53,1938.5449999999998,867.15,704.4,0.183,5,5
1,965,5,3969.0,3969.0,60.086,2362.713,613.869,793.8,0.151,5,5
1,966,5,3656.0,3656.0,40.328,2422.598,709.279,731.2,0.114,6,5
1,967,6,3679.0,3679.0,27.928,2569.334,706.376,613.1666666666666,0.137,5,6
1,968,5,4027.0,4027.0,34.258,2095.195,726.544,805.4,0.158,6,5
1,969,6,3731.0,3731.0,39.921,2408.835,613.403,621.8333333333334,0.103,5,6
1,970,7,3930.0,3930.0,36.709,2943.5429999999997,644.67,561.4285714285714,0.177,7,7
1,971,7,3868.0,3868.0,32.093,2627.1710000000003,602.644,552.5714285714286,0.12,7,7
1,972,5,3355.0,3355.0,25.732,1969.418,582.703,671.0,0.122,8,5
1,973,8,4013.0,4013.0,55.263,2724.108,561.784,501.625,0.134,5,8+
1,974,6,3901.0,3901.0,51.215,2751.507,649.269,650.1666666666666,0.144,5,6
1,975,5,3871.0,3871.0,30.83,2339.924,780.107,774.2,0.117,6,5
1,976,5,3908.0,3908.0,41.667,2311.3,607.577,781.6,0.217,8,5
1,977,8,3792.0,3792.0,51.293,3096.0609999999997,539.754,474.0,0.117,5,8+
1,978,5,4067.0,4067.0,42.02,2080.195,689.172,813.4,0.116,5,5
1,979,5,4017.0,4017.0,26.536,2339.8460000000005,615.129,803.4,0.15,5,5
1,980,7,4054.0,4054.0,44.338,3094.2219999999998,719.602,579.1428571428571,0.15,4,7
1,981,4,3959.0,3959.0,39.271,2062.035,864.147,989.75,0.155,7,4
1,982,6,4081.0,4081.0,40.472,2335.33,617.03,680.1666666666666,0.228,5,6
1,983,5,3914.0,3914.0,54.578,2209.1530000000002,596.129,782.8,0.115,6,5
1,984,5,3600.0,3600.0,33.869,1943.745,567.161,720.0,0.134,6,5
1,985,6,3757.0,3757.0,35.594,2024.048,524.932,626.1666666666666,0.121,5,6
1,986,5,3663.0,3663.0,32.841,2355.533,923.731,732.6,0.135,5,5
1,987,5,3924.0,3924.0,51.94,2528.486,1003.547,784.8,0.101,5,5
1,988,5,3891.0,3891.0,50.942,2230.828,890.856,778.2,0.137,5,5
1,989,6,4048.0,4048.0,41.432,2690.014,666.357,674.6666666666666,0.138,6,6
1,990,4,4085.0,4085.0,46.008,1908.078,757.996,1021.25,0.152,7,4
1,991,7,4029.0,4029.0,34.654,2644.1310000000003,806.459,575.5714285714286,0.107,4,7
1,992,6,4053.0,4053.0,53.045,2589.7329999999997,942.682,675.5,0.139,6,6
1,993,6,3505.0,3505.0,37.098,2686.424,893.543,584.1666666666666,0.114,6,6
1,994,4,4019.0,4019.0,61.967,2117.617,939.607,1004.75,0.204,8,4
1,995,8,4047.0,4047.0,40.721,3221.8459999999995,717.749,505.875,0.122,4,8+
1,996,4,3686.0,3686.0,43.518,1575.69,756.472,921.5,0.174,5,4
1,997,5,3818.0,3818.0,50.196,1936.626,522.723,763.6,0.114,4,5
1,998,5,3674.0,3674.0,91.621,2047.7759999999998,509.887,734.8,0.125,5,5
1,999,7,3902.0,3902.0,43.057,2784.7039999999997,540.452,557.4285714285714,0.108,7,7
1,1000,5,3869.0,3869.0,40.974,2465.544,708.186,773.8,0.166,7,5
1,1001,7,4081.0,4081.0,61.506,2611.855,475.059,583.0,0.515,5,7
1,1002,6,3809.0,3809.0,28.503,2525.447,686.027,634.8333333333334,0.158,7,6
1,1003,7,4038.0,4038.0,61.07,2777.536,626.588,576.8571428571429,0.118,6,7
1,1004,6,4006.0,4006.0,43.255,2209.803,651.391,667.6666666666666,0.144,5,6
1,1005,5,3875.0,3875.0,54.691,2085.46,485.982,775.0,0.093,6,5
1,1006,7,4000.0,4000.0,27.796,2953.1099999999997,578.248,571.4285714285714,0.157,8,7
1,1007,8,3843.0,3843.0,44.299,2973.754,470.692,480.375,0.137,7,8+
1,1008,6,3994.0,3994.0,40.313,2269.799,685.905,665.6666666666666,0.138,8,6
1,1009,8,4046.0,4046.0,33.318,3042.227,490.178,505.75,0.119,6,8+
1,1010,4,3786.0,3786.0,30.683,1898.857,617.218,946.5,0.147,5,4
1,1011,5,4052.0,4052.0,43.754,2050.8430000000003,583.018,810.4,0.112,4,5
1,1012,5,3936.0,3936.0,30.091,1922.662,583.326,787.2,0.191,5,5
1,1013,7,4074.0,4074.0,41.605,3141.344,679.659,582.0,0.131,7,7
1,1014,5,3931.0,3931.0,53.453,2122.8410000000003,684.979,786.2,0.131,5,5
1,1015,5,3286.0,3286.0,38.611,1739.15,482.261,657.2,0.156,5,5
1,1016,5,4054.0,4054.0,38.628,2212.31,788.041,810.8,0.144,5,5
1,1017,5,3457.0,3457.0,34.107,1965.0639999999999,694.557,691.4,0.126,5,5
1,1018,5,3872.0,3872.0,51.722,2193.4049999999997,600.833,774.4,0.152,5,5
1,1019,5,3814.0,3814.0,33.941,2227.793,826.839,762.8,0.149,5,5
1,1020,4,3414.0,3414.0,37.945,1808.281,637.464,853.5,0.12,4,4
1,1021,5,3993.0,3993.0,38.604,2141.287,859.817,798.6,0.241,5,5
1,1022,5,3629.0,3629.0,47.782,2102.867,700.148,725.8,0.154,5,5
1,1023,8,4092.0,4092.0,38.066,3457.48,725.902,511.5,0.164,8,8+
1,1024,4,3972.0,3972.0,70.277,1573.9509999999998,698.554,993.0,0.161,4,4
1,1025,3,3782.0,3782.0,51.286,1502.8210000000001,882.758,1260.6666666666667,0.15,6,3
1,1026,6,3917.0,3917.0,42.736,2876.2400000000002,831.583,652.8333333333334,0.131,3,6
1,1027,5,3911.0,3911.0,58.44,2154.5510000000004,601.5,782.2,0.144,5,5
1,1028,6,3881.0,3881.0,50.389,2361.314,670.092,646.8333333333334,0.167,6,6
1,1029,3,4050.0,4050.0,55.314,1674.929,887.14,1350.0,0.114,3,3
1,1030,6,3973.0,3973.0,24.093,2408.9359999999997,741.162,662.1666666666666,0.183,6,6
1,1031,4,3422.0,3422.0,21.898,1855.477,576.588,855.5,0.129,4,4
1,1032,5,3997.0,3997.0,57.403,2209.852,794.66,799.4,0.329,5,5
1,1033,5,3903.0,3903.0,33.165,2020.246,620.409,780.6,0.171,5,5
1,1034,4,3713.0,3713.0,37.468,1900.363,830.172,928.25,0.186,4,4
1,1035,5,4041.0,4041.0,37.411,2442.8089999999997,825.387,808.2,0.164,5,5
1,1036,5,4080.0,4080.0,53.36,2261.286,700.609,816.0,0.138,5,5
1,1037,5,4019.0,4019.0,43.854,2249.482,622.991,803.8,0.136,5,5
1,1038,4,3860.0,3860.0,53.823,1869.583,957.603,965.0,0.15,7,4
1,1039,7,4073.0,4073.0,32.209,2903.775,718.731,581.8571428571429,0.134,4,7
1,1040,6,3717.0,3717.0,48.199,2295.2730000000006,774.524,619.5,0.173,6,6
1,1041,6,4013.0,4013.0,29.041,2600.089,639.164,668.8333333333334,0.234,6,6
1,1042,5,3947.0,3947.0,36.443,2238.214,789.992,789.4,0.176,5,5
1,1043,7,4072.0,4072.0,32.73,2868.029,678.108,581.7142857142857,0.141,7,7
1,1044,6,3982.0,3982.0,28.358,2614.318,589.772,663.6666666666666,0.164,7,6
1,1045,7,3947.0,3947.0,53.61,3356.567,726.013,563.8571428571429,0.13,6,7
1,1046,6,4079.0,4079.0,37.854,2541.627,586.345,679.8333333333334,0.185,6,6
1,1047,6,3893.0,3893.0,39.667,2576.114,581.493,648.8333333333334,0.11,6,6
1,1048,5,4075.0,4075.0,29.023,2083.6749999999997,695.074,815.0,0.16,7,5
1,1049,7,3945.0,3945.0,51.091,2859.748,633.093,563.5714285714286,0.148,5,7
1,1050,4,3786.0,3786.0,42.336,1675.495,573.25,946.5,0.2,6,4
1,1051,6,3942.0,3942.0,40.314,2490.6670000000004,733.897,657.0,0.124,4,6
1,1052,4,3901.0,3901.0,49.947,1896.265,1017.46,975.25,0.144,4,4
1,1053,4,3770.0,3770.0,53.075,1552.991,434.989,942.5,0.108,4,4
1,1054,4,3091.0,3091.0,40.719,1362.039,492.402,772.75,0.138,4,4
1,1055,6,4041.0,4041.0,39.869,2699.832,778.996,673.5,0.171,6,6
1,1056,4,3909.0,3909.0,40.954,1721.462,727.071,977.25,0.15,8,4
1,1057,8,4083.0,4083.0,53.24,3023.623,449.296,510.375,0.105,4,8+
1,1058,5,3997.0,3997.0,40.255,2240.3740000000003,733.452,799.4,0.181,5,5
1,1059,5,3836.0,3836.0,24.798,2025.606,579.799,767.2,0.093,5,5
1,1060,4,3845.0,3845.0,41.995,2180.4900000000002,882.242,961.25,0.147,4,4
1,1061,6,4022.0,4022.0,27.26,2825.5029999999997,668.625,670.3333333333334,0.24,6,6
1,1062,5,3865.0,3865.0,50.691,2012.5890000000002,664.114,773.0,0.159,5,5
1,1063,6,3788.0,3788.0,36.66,2383.0789999999997,519.632,631.3333333333334,0.115,6,6
1,1064,5,3558.0,3558.0,35.168,2131.1,708.737,711.6,0.146,5,5
1,1065,6,4068.0,4068.0,29.446,2306.965,537.971,678.0,0.106,6,6
1,1066,6,3793.0,3793.0,51.942,2471.2799999999997,567.463,632.1666666666666,0.2,6,6
1,1067,6,3910.0,3910.0,39.059,2336.435,500.0,651.6666666666666,0.126,6,6
1,1068,5,3800.0,3800.0,41.3,1909.6319999999998,572.189,760.0,0.175,7,5
1,1069,7,3810.0,3810.0,27.567,2675.75,609.245,544.2857142857143,0.119,5,7
1,1070,5,3888.0,3888.0,51.327,2020.335,590.097,777.6,0.145,5,5
1,1071,5,4004.0,4004.0,40.665,2038.534,651.234,800.8,0.112,5,5
1,1072,3,3989.0,3989.0,45.617,1674.0990000000002,963.215,1329.6666666666667,0.18,3,3
1,1073,5,3917.0,3917.0,30.345,2598.645,813.885,783.4,0.43,5,5
1,1074,5,3793.0,3793.0,53.832,2531.642,810.839,758.6,0.221,5,5
1,1075,5,3943.0,3943.0,41.141,2111.76,602.094,788.6,0.134,5,5
1,1076,5,3843.0,3843.0,34.501,2235.2380000000003,825.975,768.6,0.141,8,5
1,1077,8,4077.0,4077.0,33.705,3052.553,810.415,509.625,0.09,5,8+
1,1078,6,3818.0,3818.0,38.368,2605.7500000000005,681.787,636.3333333333334,0.15,5,6
1,1079,5,3678.0,3678.0,49.024,2072.216,560.158,735.6,0.113,6,5
1,1080,4,4033.0,4033.0,48.669,1884.8259999999998,862.472,1008.25,0.199,6,4
1,1081,6,3887.0,3887.0,36.585,2394.9210000000003,537.379,647.8333333333334,0.221,4,6
1,1082,3,3969.0,3969.0,46.027,1422.518,958.721,1323.0,0.167,6,3
1,1083,6,4056.0,4056.0,49.16,2486.395,641.374,676.0,0.104,3,6
1,1084,6,4028.0,4028.0,41.605,2643.998,675.85,671.3333333333334,0.145,6,6
1,1085,6,3809.0,3809.0,25.721,2527.8630000000003,608.286,634.8333333333334,0.12,6,6
1,1086,3,3652.0,3652.0,29.775,1188.622,522.371,1217.3333333333333,0.132,4,3
1,1087,4,3247.0,3247.0,45.888,1857.4940000000001,628.417,811.75,0.123,3,4
1,1088,4,3936.0,3936.0,42.936,1910.971,790.949,984.0,0.168,5,4
1,1089,5,3963.0,3963.0,50.652,2267.049,745.916,792.6,0.14,4,5
1,1090,7,4079.0,4079.0,28.203,2712.2410000000004,513.46,582.7142857142857,0.177,7,7
1,1091,7,3723.0,3723.0,51.361,2879.9930000000004,532.782,531.8571428571429,0.142,7,7
1,1092,5,4046.0,4046.0,28.939,2445.553,705.559,809.2,0.134,6,5
1,1093,6,3810.0,3810.0,39.035,2618.2999999999997,660.494,635.0,0.119,5,6
1,1094,6,3941.0,3941.0,27.452,2465.281,506.007,656.8333333333334,0.155,5,6
1,1095,5,4046.0,4046.0,50.465,2180.847,660.144,809.2,0.114,6,5
1,1096,3,3857.0,3857.0,40.449,1875.8870000000002,943.549,1285.6666666666667,0.194,6,3
1,1097,6,3384.0,3384.0,49.104,2161.7760000000003,581.459,564.0,0.139,3,6
1,1098,7,3840.0,3840.0,43.578,2467.371,592.283,548.5714285714286,0.124,9,7
1,1099,9,4024.0,4024.0,33.725,3398.2460000000005,542.931,447.1111111111111,0.132,7,8+
1,1100,5,3831.0,3831.0,39.37,2476.224,855.696,766.2,0.165,6,5
1,1101,3,3586.0,3586.0,34.105,1738.1420000000003,1101.919,1195.3333333333333,0.195,5,3
1,1102,6,4005.0,4005.0,43.315,2630.056,663.175,667.5,0.145,4,6
1,1103,4,3947.0,3947.0,26.237,1791.165,623.168,986.75,0.151,3,4
1,1104,5,3756.0,3756.0,38.647,2193.314,574.806,751.2,0.259,4,5
1,1105,4,3938.0,3938.0,41.236,2029.433,1004.884,984.5,0.114,5,4
1,1106,7,4020.0,4020.0,56.753,2992.9319999999993,619.697,574.2857142857143,0.309,7,7
1,1107,7,3979.0,3979.0,31.938,2823.656,620.185,568.4285714285714,0.101,7,7
1,1108,5,3814.0,3814.0,39.806,2102.2149999999997,646.274,762.8,0.168,5,5
1,1109,5,3915.0,3915.0,69.73,2281.219,717.269,783.0,0.153,5,5
1,1110,3,3807.0,3807.0,38.488,1725.771,878.287,1269.0,0.123,6,3
1,1111,6,3451.0,3451.0,29.298,2354.5119999999997,500.491,575.1666666666666,0.118,3,6
1,1112,6,3910.0,3910.0,36.125,2371.323,725.586,651.6666666666666,0.143,6,6
1,1113,6,3702.0,3702.0,53.348,2538.794,633.046,617.0,0.094,6,6
1,1114,7,3942.0,3942.0,37.534,2387.9739999999997,453.701,563.1428571428571,0.173,5,7
1,1115,5,3973.0,3973.0,34.303,1881.8129999999999,569.611,794.6,0.122,7,5
1,1116,7,3951.0,3951.0,43.117,2538.668,516.365,564.4285714285714,0.202,4,7
1,1117,4,3829.0,3829.0,54.175,1693.095,648.886,957.25,0.129,7,4
1,1118,3,3964.0,3964.0,42.267,1716.6580000000001,842.732,1321.3333333333333,0.134,4,3
1,1119,4,3770.0,3770.0,41.086,1978.579,743.694,942.5,0.086,3,4
1,1120,4,3924.0,3924.0,36.93,1968.667,916.646,981.0,0.136,5,4
1,1121,5,3924.0,3924.0,48.679,2456.293,703.571,784.8,0.208,4,5
1,1122,3,3910.0,3910.0,34.612,1677.257,1112.708,1303.3333333333333,0.239,3,3
1,1123,6,3458.0,3458.0,39.083,2356.25,749.357,576.3333333333334,0.137,6,6
1,1124,4,4094.0,4094.0,53.519,1936.389,845.647,1023.5,0.129,4,4
1,1125,8,4060.0,4060.0,43.586,3359.092,894.101,507.5,0.129,8,8+
1,1126,6,3820.0,3820.0,44.894,2256.727,687.966,636.6666666666666,0.13,6,6
1,1127,5,3569.0,3569.0,38.604,2166.732,621.102,713.8,0.159,5,5
1,1128,5,3931.0,3931.0,51.617,2209.91,675.24,786.2,0.128,5,5
1,1129,4,3991.0,3991.0,53.634,1540.442,534.17,997.75,0.134,4,4
1,1130,6,3957.0,3957.0,52.028,2740.728,996.2,659.5,0.158,6,6
1,1131,7,4083.0,4083.0,40.483,2942.89,580.178,583.2857142857143,0.126,7,7
1,1132,6,3985.0,3985.0,42.793,2512.214,522.539,664.1666666666666,0.14,6,6
1,1133,6,3802.0,3802.0,44.582,2401.224,621.169,633.6666666666666,0.121,6,6
1,1134,5,3970.0,3970.0,67.18,2500.2790000000005,863.542,794.0,0.161,5,5
1,1135,6,3721.0,3721.0,38.106,2692.4600000000005,565.22,620.1666666666666,0.115,6,6
1,1136,4,3915.0,3915.0,46.909,1957.5890000000002,660.094,978.75,0.134,4,4
1,1137,4,3698.0,3698.0,33.697,1895.351,674.374,924.5,0.101,4,4
1,1138,5,3959.0,3959.0,36.116,1943.6880000000003,572.375,791.8,0.237,7,5
1,1139,7,3876.0,3876.0,48.457,2541.6679999999997,452.953,553.7142857142857,0.147,5,7
1,1140,3,3916.0,3916.0,34.723,1739.329,827.7,1305.3333333333333,0.146,3,3
1,1141,6,4052.0,4052.0,41.668,2223.264,553.316,675.3333333333334,0.177,6,6
1,1142,6,3995.0,3995.0,54.465,2017.208,424.801,665.8333333333334,0.125,6,6
1,1143,5,3956.0,3956.0,38.186,2000.578,605.581,791.2,0.109,5,5
1,1144,4,3873.0,3873.0,43.872,2189.602,927.991,968.25,0.145,4,4
1,1145,6,3894.0,3894.0,76.961,2761.533,561.552,649.0,0.117,6,6
1,1146,4,3953.0,3953.0,60.499,2154.7839999999997,810.727,988.25,0.136,4,4
1,1147,5,3932.0,3932.0,35.364,2316.972,627.311,786.4,0.148,5,5
1,1148,5,3840.0,3840.0,50.083,2348.781,769.583,768.0,0.137,5,5
1,1149,5,4056.0,4056.0,43.783,2409.626,576.21,811.2,0.101,5,5
1,1150,7,3893.0,3893.0,23.216,2777.749,688.926,556.1428571428571,0.141,7,7
1,1151,7,3899.0,3899.0,48.21,2522.84,628.323,557.0,0.161,7,7
1,1152,5,3876.0,3876.0,50.831,2032.7389999999998,609.733,775.2,0.127,5,5
1,1153,6,3945.0,3945.0,43.38,2607.3450000000003,659.65,657.5,0.131,6,6
1,1154,5,3929.0,3929.0,34.739,2456.023,748.89,785.8,0.138,5,5
1,1155,6,3931.0,3931.0,24.8,2646.8840000000005,703.138,655.1666666666666,0.1,6,6
1,1156,7,3724.0,3724.0,29.574,2842.3089999999997,603.873,532.0,0.173,7,7
1,1157,6,3953.0,3953.0,37.524,2355.4719999999998,609.647,658.8333333333334,0.13,6,6
1,1158,9,4044.0,4044.0,52.537,3037.603,456.503,449.3333333333333,0.121,9,8+
1,1159,7,3891.0,3891.0,29.892,2620.195,556.436,555.8571428571429,0.115,7,7
1,1160,5,4026.0,4026.0,39.05,2090.957,535.609,805.2,0.135,5,5
1,1161,5,3587.0,3587.0,37.768,2044.914,682.408,717.4,0.154,5,5
1,1162,4,3990.0,3990.0,28.842,2007.7250000000001,753.587,997.5,0.15,4,4
1,1163,3,3837.0,3837.0,40.709,1608.256,1029.093,1279.0,0.134,3,3
1,1164,5,3590.0,3590.0,31.193,1900.347,515.799,718.0,0.125,5,5
1,1165,6,3924.0,3924.0,52.566,2236.112,461.727,654.0,0.187,6,6
1,1166,8,4092.0,4092.0,56.139,2793.299,622.22,511.5,0.14,8,8+
1,1167,7,3820.0,3820.0,56.411,2685.749,685.108,545.7142857142857,0.104,7,7
1,1168,3,3837.0,3837.0,52.324,1713.309,935.595,1279.0,0.155,3,3
1,1169,4,4089.0,4089.0,42.336,2052.7929999999997,1017.146,1022.25,0.155,4,4
1,1170,3,3958.0,3958.0,72.06,1804.612,1159.536,1319.3333333333333,0.145,3,3
1,1171,7,3906.0,3906.0,37.406,2553.073,660.979,558.0,0.136,7,7
1,1172,5,4031.0,4031.0,63.245,2009.07,836.704,806.2,0.129,5,5
1,1173,6,3913.0,3913.0,39.077,2352.737,931.581,652.1666666666666,0.138,6,6
1,1174,3,3737.0,3737.0,42.376,1707.127,1006.174,1245.6666666666667,0.143,6,3
1,1175,6,3516.0,3516.0,78.105,2598.0869999999995,654.227,586.0,0.121,3,6
1,1176,4,3854.0,3854.0,103.799,2193.363,987.213,963.5,0.201,4,4
1,1177,5,3904.0,3904.0,39.257,2100.12,736.614,780.8,0.171,5,5
1,1178,4,3726.0,3726.0,41.014,1900.917,885.711,931.5,0.133,4,4
1,1179,4,3735.0,3735.0,322.372,1751.236,816.342,933.75,0.091,4,4
1,1180,7,4041.0,4041.0,32.698,2849.3630000000003,729.106,577.2857142857143,0.142,8,7
1,1181,8,3909.0,3909.0,39.027,3292.602,618.548,488.625,0.206,7,8+
1,1182,5,3845.0,3845.0,115.013,2197.3360000000002,866.749,769.0,0.504,5,5
1,1183,6,4007.0,4007.0,57.603,2668.403,726.56,667.8333333333334,0.123,6,6
1,1184,6,3943.0,3943.0,42.205,2392.7180000000003,634.026,657.1666666666666,0.161,6,6
1,1185,5,3921.0,3921.0,41.333,2297.2639999999997,621.257,784.2,0.107,5,5
1,1186,3,3754.0,3754.0,41.212,1498.3249999999998,659.04,1251.3333333333333,0.156,5,3
1,1187,5,3355.0,3355.0,63.427,2070.194,503.628,671.0,0.133,3,5
1,1188,7,4030.0,4030.0,40.441,2741.757,447.383,575.7142857142857,0.185,6,7
1,1189,6,3895.0,3895.0,54.09,2577.1859999999997,597.18,649.1666666666666,0.133,7,6
1,1190,5,4032.0,4032.0,44.704,2323.7889999999998,721.675,806.4,0.158,6,5
1,1191,6,3898.0,3898.0,74.296,2450.46,618.153,649.6666666666666,0.092,5,6
1,1192,5,3645.0,3645.0,40.366,2117.198,691.387,729.0,0.162,5,5
1,1193,5,3831.0,3831.0,62.801,2043.4669999999999,603.758,766.2,0.131,5,5
1,1194,4,3222.0,3222.0,253.58,1606.7019999999998,698.946,805.5,0.158,4,4
1,1195,4,4088.0,4088.0,52.013,2116.255,987.71,1022.0,0.134,4,4
1,1196,5,4010.0,4010.0,40.427,2134.369,647.118,802.0,0.166,8,5
1,1197,8,4015.0,4015.0,52.016,2864.651,483.522,501.875,0.101,5,8+
1,1198,6,4002.0,4002.0,41.773,2454.395,644.385,667.0,0.167,5,6
1,1199,5,3758.0,3758.0,116.544,1927.382,584.574,751.6,0.146,6,5
1,1200,6,3961.0,3961.0,39.709,2650.822,626.047,660.1666666666666,0.176,7,6
1,1201,7,4028.0,4028.0,39.695,2793.3979999999997,541.202,575.4285714285714,0.202,6,7
1,1202,5,4037.0,4037.0,66.21,1894.2360000000003,558.192,807.4,0.166,5,5
1,1203,6,3901.0,3901.0,35.558,2476.645,591.769,650.1666666666666,0.139,6,6
1,1204,5,3850.0,3850.0,29.202,2262.4139999999998,561.326,770.0,0.147,5,5
1,1205,6,3988.0,3988.0,40.907,2701.4290000000005,716.306,664.6666666666666,0.136,6,6
1,1206,4,3749.0,3749.0,111.94,1818.3290000000002,483.78,937.25,0.142,4,4
1,1207,6,3932.0,3932.0,46.172,2506.283,560.394,655.3333333333334,0.137,6,6
1,1208,6,4086.0,4086.0,43.706,2494.111,570.086,681.0,0.181,6,6
1,1209,5,3761.0,3761.0,41.109,2265.898,649.94,752.2,0.126,5,5
1,1210,5,3953.0,3953.0,54.57,2350.158,668.755,790.6,0.13,5,5
1,1211,6,3896.0,3896.0,41.333,2454.7580000000003,577.836,649.3333333333334,0.127,6,6
1,1212,5,3894.0,3894.0,27.376,2124.5150000000003,865.657,778.8,0.141,5,5
1,1213,6,3636.0,3636.0,30.502,2138.0679999999998,574.818,606.0,0.127,6,6
1,1214,5,3994.0,3994.0,57.271,2385.1939999999995,711.62,798.8,0.169,5,5
1,1215,5,3829.0,3829.0,29.284,2241.453,587.051,765.8,0.132,5,5
1,1216,4,3850.0,3850.0,42.293,2020.455,804.105,962.5,0.175,7,4
1,1217,7,4008.0,4008.0,37.379,2949.191,571.126,572.5714285714286,0.115,4,7
1,1218,6,3924.0,3924.0,52.312,2160.967,646.684,654.0,0.135,6,6
1,1219,7,4004.0,4004.0,43.118,2774.594,590.93,572.0,0.17,7,7
1,1220,5,3816.0,3816.0,49.924,1815.997,483.002,763.2,0.142,5,5
1,1221,4,3946.0,3946.0,40.537,1990.594,814.322,986.5,0.182,4,4
1,1222,5,3799.0,3799.0,56.596,2070.984,603.652,759.8,0.15,5,5
1,1223,6,4052.0,4052.0,46.896,2503.984,537.499,675.3333333333334,0.136,6,6
1,1224,3,3767.0,3767.0,39.395,1791.764,1019.536,1255.6666666666667,0.198,6,3
1,1225,6,3557.0,3557.0,47.658,2487.5950000000003,618.529,592.8333333333334,0.125,3,6
1,1226,5,4067.0,4067.0,41.596,2037.6279999999997,601.185,813.4,0.143,6,5
1,1227,6,3713.0,3713.0,64.291,2526.8450000000003,681.915,618.8333333333334,0.091,5,6
1,1228,5,3847.0,3847.0,46.095,2636.5829999999996,776.223,769.4,0.278,5,5
1,1229,6,3985.0,3985.0,58.419,2611.21,651.319,664.1666666666666,0.176,6,6
1,1230,5,3913.0,3913.0,54.56,2272.131,717.244,782.6,0.262,5,5
1,1231,6,3895.0,3895.0,39.863,2661.13,628.029,649.1666666666666,0.137,6,6
1,1232,4,3995.0,3995.0,45.835,1987.403,919.998,998.75,0.135,4,4
1,1233,5,3891.0,3891.0,48.827,2277.627,652.59,778.2,0.11,5,5
1,1234,6,3863.0,3863.0,70.977,2515.393,606.156,643.8333333333334,0.168,6,6
1,1235,7,4034.0,4034.0,41.242,2654.292,501.65,576.2857142857143,0.148,7,7
1,1236,5,3614.0,3614.0,47.731,2092.968,524.641,722.8,0.143,5,5
1,1237,5,3956.0,3956.0,53.276,2169.6820000000002,559.072,791.2,0.138,5,5
1,1238,6,3795.0,3795.0,49.249,2711.785,576.656,632.5,0.156,6,6
1,1239,5,3885.0,3885.0,33.834,2524.439,765.204,777.0,0.129,5,5
1,1240,5,3643.0,3643.0,55.482,1961.674,509.964,728.6,0.167,5,5
1,1241,6,3952.0,3952.0,26.273,2540.834,545.67,658.6666666666666,0.289,6,6
1,1242,5,3640.0,3640.0,51.522,2180.728,699.707,728.0,0.14,5,5
1,1243,8,3910.0,3910.0,27.128,3045.134,514.555,488.75,0.149,8,8+
1,1244,5,3933.0,3933.0,58.526,2426.224,758.905,786.6,0.235,5,5
1,1245,5,4096.0,4096.0,109.06,2414.8810000000003,774.788,819.2,0.11,5,5
1,1246,6,3976.0,3976.0,41.564,2549.7740000000003,672.601,662.6666666666666,0.165,6,6
1,1247,6,3977.0,3977.0,34.942,2325.9210000000003,494.741,662.8333333333334,0.186,6,6
1,1248,5,3891.0,3891.0,58.287,2123.927,680.14,778.2,0.139,5,5
1,1249,6,4026.0,4026.0,93.418,2389.664,713.132,671.0,0.118,6,6
1,1250,6,3930.0,3930.0,32.297,2605.6879999999996,933.667,655.0,0.144,6,6
1,1251,7,3922.0,3922.0,43.099,2748.178,588.362,560.2857142857143,0.116,7,7
1,1252,4,3798.0,3798.0,41.233,2127.324,960.826,949.5,0.163,4,4
1,1253,3,3735.0,3735.0,58.154,1797.028,872.093,1245.0,0.119,3,3
1,1254,7,3763.0,3763.0,44.051,2994.881,861.919,537.5714285714286,0.13,7,7
1,1255,6,4076.0,4076.0,42.447,2150.7360000000003,623.138,679.3333333333334,0.251,6,6
1,1256,6,3887.0,3887.0,51.542,2289.463,576.856,647.8333333333334,0.347,6,6
1,1257,6,3826.0,3826.0,58.081,2440.577,678.547,637.6666666666666,0.475,6,6
1,1258,4,3930.0,3930.0,41.814,1737.8880000000001,810.402,982.5,0.221,4,4
1,1259,4,3656.0,3656.0,39.679,1830.478,833.73,914.0,0.145,4,4
1,1260,4,3847.0,3847.0,53.555,2110.56,1020.8,961.75,0.107,4,4
1,1261,5,4022.0,4022.0,40.587,2298.5370000000003,920.695,804.4,0.232,5,5
1,1262,3,3668.0,3668.0,37.482,1690.188,1127.474,1222.6666666666667,0.221,6,3
1,1263,6,4003.0,4003.0,39.337,2566.0229999999997,764.271,667.1666666666666,0.153,3,6
1,1264,6,3952.0,3952.0,42.955,2456.495,668.768,658.6666666666666,0.176,6,6
1,1265,6,4054.0,4054.0,46.487,2491.641,637.668,675.6666666666666,0.108,6,6
1,1266,7,3956.0,3956.0,32.769,2970.9730000000004,616.492,565.1428571428571,0.17,5,7
1,1267,5,3953.0,3953.0,40.198,2651.687,839.141,790.6,0.124,7,5
1,1268,4,3928.0,3928.0,55.081,2188.4979999999996,841.528,982.0,0.193,4,4
1,1269,6,3983.0,3983.0,28.053,2851.741,804.131,663.8333333333334,0.116,6,6
1,1270,5,3833.0,3833.0,26.403,2231.523,705.545,766.6,0.134,5,5
1,1271,3,3838.0,3838.0,43.845,1726.59,876.187,1279.3333333333333,0.141,3,3
1,1272,5,4044.0,4044.0,39.419,2179.661,627.56,808.8,0.141,5,5
1,1273,5,3858.0,3858.0,50.845,2300.6939999999995,690.401,771.6,0.119,5,5
1,1274,5,3417.0,3417.0,38.163,2518.004,726.871,683.4,0.176,5,5
1,1275,6,3999.0,3999.0,44.494,2960.6369999999997,750.791,666.5,0.147,6,6
1,1276,5,3898.0,3898.0,45.787,2121.023,554.557,779.6,0.139,6,5
1,1277,6,3720.0,3720.0,53.427,2547.551,491.232,620.0,0.123,5,6
1,1278,5,4081.0,4081.0,48.98,2350.989,737.464,816.2,0.196,5,5
1,1279,5,3983.0,3983.0,57.094,2369.172,710.247,796.6,0.117,5,5
1,1280,3,3948.0,3948.0,43.628,1878.8069999999998,1164.733,1316.0,0.16,3,3
1,1281,5,3867.0,3867.0,55.236,2710.527,850.569,773.4,0.196,5,5
1,1282,3,3830.0,3830.0,35.85,1587.1009999999999,951.959,1276.6666666666667,0.133,3,3
1,1283,7,4032.0,4032.0,43.201,2732.293,613.128,576.0,0.247,7,7
1,1284,5,3976.0,3976.0,57.09,2472.834,774.757,795.2,0.407,5,5
1,1285,6,3964.0,3964.0,42.243,2289.167,536.713,660.6666666666666,0.142,6,6
1,1286,6,4046.0,4046.0,29.673,2800.036,730.817,674.3333333333334,0.246,6,6
1,1287,6,3837.0,3837.0,40.7,2107.732,522.134,639.5,0.105,6,6
1,1288,5,3692.0,3692.0,41.549,2114.3540000000003,498.978,738.4,0.146,7,5
1,1289,7,3881.0,3881.0,49.785,3105.292,573.799,554.4285714285714,0.159,5,7
1,1290,5,3841.0,3841.0,42.392,1892.3200000000002,521.809,768.2,0.147,6,5
1,1291,6,3955.0,3955.0,30.791,2346.181,695.515,659.1666666666666,0.154,5,6
1,1292,6,4020.0,4020.0,52.558,2386.0910000000003,652.435,670.0,0.379,6,6
1,1293,6,4062.0,4062.0,53.888,2375.09,631.122,677.0,0.108,6,6
1,1294,6,4017.0,4017.0,62.896,2475.455,522.771,669.5,0.177,5,6
1,1295,5,3821.0,3821.0,26.466,2358.535,569.723,764.2,0.122,6,5
1,1296,5,3847.0,3847.0,51.165,2354.1510000000003,571.535,769.4,0.164,5,5
1,1297,5,3840.0,3840.0,55.195,2428.455,771.531,768.0,0.126,5,5
1,1298,6,3845.0,3845.0,44.198,2190.215,562.781,640.8333333333334,0.148,3,6
1,1299,3,3917.0,3917.0,87.123,1711.8010000000002,987.224,1305.6666666666667,0.093,6,3
1,1300,5,3874.0,3874.0,39.272,2358.9449999999997,764.886,774.8,0.198,5,5
1,1301,5,3834.0,3834.0,53.262,2416.482,884.128,766.8,0.167,5,5
1,1302,5,3920.0,3920.0,46.427,2067.694,610.926,784.0,0.164,5,5
1,1303,6,4049.0,4049.0,40.542,2647.759,552.582,674.8333333333334,0.137,6,6
1,1304,6,3892.0,3892.0,53.636,2561.562,621.58,648.6666666666666,0.137,6,6
1,1305,6,3754.0,3754.0,51.15,2363.733,807.915,625.6666666666666,0.116,6,6
1,1306,6,3723.0,3723.0,51.056,2394.8559999999998,636.04,620.5,0.139,6,6
1,1307,7,3987.0,3987.0,44.237,2940.759,727.781,569.5714285714286,0.194,7,7
1,1308,3,4055.0,4055.0,51.849,1658.807,991.255,1351.6666666666667,0.133,5,3
1,1309,5,3770.0,3770.0,47.539,2542.667,900.377,754.0,0.105,3,5
1,1310,6,3941.0,3941.0,37.919,2508.7690000000002,634.178,656.8333333333334,0.165,7,6
1,1311,7,3706.0,3706.0,78.963,2907.7749999999996,644.01,529.4285714285714,0.089,6,7
1,1312,5,3734.0,3734.0,52.677,2195.739,790.258,746.8,0.174,7,5
1,1313,7,4012.0,4012.0,33.181,2394.014,465.782,573.1428571428571,0.1,5,7
1,1314,4,3935.0,3935.0,41.399,2050.038,879.318,983.75,0.143,4,4
1,1315,5,3879.0,3879.0,40.221,2475.4900000000002,840.952,775.8,0.157,5,5
1,1316,7,3815.0,3815.0,33.268,2617.618,483.248,545.0,0.175,7,7
1,1317,6,3899.0,3899.0,48.933,2349.289,769.181,649.8333333333334,0.105,6,6
1,1318,6,4024.0,4024.0,54.273,2882.271,758.223,670.6666666666666,0.217,6,6
1,1319,7,4003.0,4003.0,27.409,3121.602,662.324,571.8571428571429,0.138,7,7
1,1320,5,3913.0,3913.0,54.765,2033.784,658.385,782.6,0.141,7,5
1,1321,7,3861.0,3861.0,26.917,2477.285,536.166,551.5714285714286,0.156,5,7
1,1322,6,3971.0,3971.0,29.776,2517.8370000000004,827.422,661.8333333333334,0.136,6,6
1,1323,6,3568.0,3568.0,51.956,2497.174,528.735,594.6666666666666,0.122,6,6
1,1324,6,3900.0,3900.0,38.133,2424.222,508.805,650.0,0.17,6,6
1,1325,7,4003.0,4003.0,40.724,2915.358,630.973,571.8571428571429,0.135,7,7
1,1326,4,3075.0,3075.0,39.594,1769.2900000000002,623.63,768.75,0.117,7,4
1,1327,7,3997.0,3997.0,60.61,2699.392,501.921,571.0,0.106,4,7
1,1328,5,3934.0,3934.0,51.456,2000.022,652.558,786.8,0.182,5,5
1,1329,7,4010.0,4010.0,39.306,2856.162,538.399,572.8571428571429,0.111,7,7
1,1330,5,3312.0,3312.0,30.472,1957.4699999999998,587.601,662.4,0.175,7,5
1,1331,7,4012.0,4012.0,58.231,2837.759,606.775,573.1428571428571,0.12,5,7
1,1332,3,3679.0,3679.0,52.729,1577.245,958.488,1226.3333333333333,0.126,5,3
1,1333,5,3537.0,3537.0,38.508,1679.0059999999999,511.152,707.4,0.113,3,5
1,1334,5,3724.0,3724.0,48.317,2382.24,775.685,744.8,0.249,5,5
1,1335,5,4018.0,4018.0,60.933,2267.8289999999997,721.898,803.6,0.099,5,5
1,1336,5,3949.0,3949.0,32.959,2283.694,856.162,789.8,0.134,5,5
1,1337,6,3970.0,3970.0,37.095,2791.203,823.159,661.6666666666666,0.123,6,6
1,1338,5,3734.0,3734.0,56.227,2024.2240000000002,679.134,746.8,0.118,5,5
1,1339,6,3858.0,3858.0,44.41,2217.1710000000003,635.6,643.0,0.172,6,6
1,1340,5,3990.0,3990.0,69.992,2721.1349999999998,843.127,798.0,0.284,5,5
1,1341,6,3833.0,3833.0,38.533,2999.656,622.772,638.8333333333334,0.15,6,6
1,1342,4,3510.0,3510.0,55.035,1703.8090000000002,640.875,877.5,0.138,4,4
1,1343,4,3885.0,3885.0,37.528,1982.325,938.994,971.25,0.136,4,4
1,1344,6,4072.0,4072.0,33.879,2383.8529999999996,867.967,678.6666666666666,0.189,6,6
1,1345,6,3739.0,3739.0,39.172,2454.3779999999997,680.298,623.1666666666666,0.219,6,6
1,1346,4,3737.0,3737.0,50.307,2149.628,773.464,934.25,0.137,4,4
1,1347,7,4044.0,4044.0,70.803,2978.742,580.28,577.7142857142857,0.1,7,7
1,1348,5,3909.0,3909.0,58.167,2265.308,697.971,781.8,0.136,5,5
1,1349,8,3977.0,3977.0,40.728,2927.428,549.343,497.125,0.139,8,8+
1,1350,5,3855.0,3855.0,62.553,2229.649,836.387,771.0,0.153,5,5
1,1351,5,4009.0,4009.0,52.929,2320.963,607.668,801.8,0.134,5,5
1,1352,6,3920.0,3920.0,28.891,2639.736,782.018,653.3333333333334,0.128,6,6
1,1353,7,3827.0,3827.0,38.526,2637.1720000000005,560.705,546.7142857142857,0.139,7,7
1,1354,5,3813.0,3813.0,52.266,2020.152,699.964,762.6,0.14,5,5
1,1355,6,3991.0,3991.0,57.988,2386.071,580.988,665.1666666666666,0.141,6,6
1,1356,7,3928.0,3928.0,64.891,2784.8350000000005,636.659,561.1428571428571,0.164,7,7
1,1357,7,4031.0,4031.0,45.874,2435.409,499.54,575.8571428571429,0.131,7,7
1,1358,6,3998.0,3998.0,45.137,2978.553,792.728,666.3333333333334,0.141,6,6
1,1359,6,3939.0,3939.0,35.185,2235.4539999999997,483.56,656.5,0.101,6,6
1,1360,5,3978.0,3978.0,52.112,2104.351,720.029,795.6,0.213,5,5
1,1361,8,4021.0,4021.0,41.175,2947.4399999999996,640.943,502.625,0.129,8,8+
1,1362,5,3795.0,3795.0,56.417,1916.931,634.646,759.0,0.12,5,5
1,1363,5,3936.0,3936.0,80.744,2083.696,658.723,787.2,0.115,5,5
1,1364,6,3761.0,3761.0,28.143,2562.8969999999995,700.406,626.8333333333334,0.138,6,6
1,1365,5,3429.0,3429.0,34.107,2193.719,615.967,685.8,0.105,5,5
1,1366,3,3898.0,3898.0,38.863,1831.038,1023.348,1299.3333333333333,0.174,3,3
1,1367,7,4058.0,4058.0,40.135,2790.5789999999997,628.891,579.7142857142857,0.139,7,7
1,1368,6,3989.0,3989.0,52.72,2511.815,763.462,664.8333333333334,0.135,6,6
1,1369,8,3967.0,3967.0,38.919,2398.8869999999997,374.255,495.875,0.133,8,8+
1,1370,6,4060.0,4060.0,53.861,2275.084,657.044,676.6666666666666,0.132,6,6
1,1371,5,3453.0,3453.0,29.467,1957.891,581.734,690.6,0.281,5,5
1,1372,5,3987.0,3987.0,58.752,2262.327,823.426,797.4,0.184,5,5
1,1373,5,3937.0,3937.0,28.222,2488.685,804.023,787.4,0.113,5,5
1,1374,5,3889.0,3889.0,57.28,2223.42,727.743,777.8,0.153,7,5
1,1375,7,4045.0,4045.0,51.095,2890.6749999999993,662.174,577.8571428571429,0.112,5,7
1,1376,3,3674.0,3674.0,41.592,1674.442,882.2,1224.6666666666667,0.134,6,3
1,1377,6,3777.0,3777.0,43.781,1974.979,409.75,629.5,0.096,3,6
1,1378,5,3771.0,3771.0,52.986,2249.881,781.034,754.2,0.139,5,5
1,1379,4,4058.0,4058.0,45.62,2320.3959999999997,1160.995,1014.5,0.157,4,4
1,1380,5,3562.0,3562.0,39.135,1676.216,499.051,712.4,0.139,5,5
1,1381,5,3730.0,3730.0,46.079,2309.3469999999998,970.359,746.0,0.157,5,5
1,1382,6,3943.0,3943.0,35.941,2766.428,801.853,657.1666666666666,0.184,6,6
1,1383,6,3885.0,3885.0,53.723,2876.6059999999998,867.17,647.5,0.275,6,6
1,1384,5,3946.0,3946.0,37.138,2524.4370000000004,894.65,789.2,0.184,5,5
1,1385,7,3969.0,3969.0,41.708,3202.973,817.174,567.0,0.139,7,7
1,1386,5,4031.0,4031.0,37.474,1807.576,761.391,806.2,0.15,6,5
1,1387,6,3796.0,3796.0,50.293,2534.42,656.74,632.6666666666666,0.105,5,6
1,1388,5,3906.0,3906.0,47.401,2328.195,815.615,781.2,0.157,5,5
1,1389,8,3833.0,3833.0,41.255,3084.139,526.222,479.125,0.12,8,8+
1,1390,6,3944.0,3944.0,54.078,2629.0299999999997,686.438,657.3333333333334,0.157,6,6
1,1391,7,3686.0,3686.0,30.451,2649.5809999999997,487.226,526.5714285714286,0.131,7,7
1,1392,5,3872.0,3872.0,37.651,2286.984,682.623,774.4,0.108,5,5
1,1393,5,4062.0,4062.0,41.636,2361.147,912.545,812.4,0.139,5,5
1,1394,6,3909.0,3909.0,54.848,2024.183,586.971,651.5,0.155,6,6
1,1395,3,3856.0,3856.0,41.56,1463.212,723.754,1285.3333333333333,0.148,3,3
1,1396,6,3814.0,3814.0,27.135,2146.939,407.792,635.6666666666666,0.134,6,6
1,1397,6,3833.0,3833.0,47.738,2578.306,584.795,638.8333333333334,0.135,6,6
1,1398,5,3961.0,3961.0,50.767,2443.139,842.918,792.2,0.128,5,5
1,1399,5,3788.0,3788.0,40.06,2029.308,746.393,757.6,0.129,5,5
1,1400,5,3971.0,3971.0,36.826,2351.837,697.25,794.2,0.183,5,5
1,1401,6,3908.0,3908.0,38.496,2656.95,626.528,651.3333333333334,0.13,6,6
1,1402,6,3930.0,3930.0,53.855,2494.966,521.151,655.0,0.129,6,6
1,1403,7,3637.0,3637.0,51.8,2494.842,560.755,519.5714285714286,0.127,7,7
1,1404,6,3934.0,3934.0,51.03,2806.749,783.425,655.6666666666666,0.158,6,6
1,1405,6,4052.0,4052.0,39.936,2483.5910000000003,507.618,675.3333333333334,0.135,6,6
1,1406,5,3793.0,3793.0,40.4,2062.1850000000004,603.482,758.6,0.158,6,5
1,1407,6,4030.0,4030.0,40.888,2722.786,691.197,671.6666666666666,0.09,5,6
1,1408,4,3813.0,3813.0,49.304,1943.612,668.553,953.25,0.146,6,4
1,1409,6,3998.0,3998.0,49.863,2283.999,700.426,666.3333333333334,0.1,4,6
1,1410,5,3929.0,3929.0,49.307,2181.114,767.764,785.8,0.134,6,5
1,1411,6,3989.0,3989.0,51.289,2108.387,561.734,664.8333333333334,0.128,5,6
1,1412,2,3404.0,3404.0,36.805,1462.543,1164.58,1702.0,0.172,4,2
1,1413,4,3820.0,3820.0,40.87,1957.218,894.182,955.0,0.096,2,4
1,1414,5,3531.0,3531.0,39.577,2185.223,674.119,706.2,0.145,5,5
1,1415,5,3929.0,3929.0,36.08,1867.9919999999997,647.419,785.8,0.127,5,5
1,1416,6,3991.0,3991.0,55.019,2424.4799999999996,830.141,665.1666666666666,0.303,6,6
1,1417,6,3985.0,3985.0,38.466,2866.1939999999995,763.737,664.1666666666666,0.521,6,6
1,1418,3,3388.0,3388.0,35.713,1645.19,854.381,1129.3333333333333,0.153,3,3
1,1419,5,4051.0,4051.0,46.222,2588.735,845.008,810.2,0.101,5,5
1,1420,7,4020.0,4020.0,53.822,3083.2900000000004,642.067,574.2857142857143,0.145,7,7
1,1421,4,3752.0,3752.0,37.057,1888.6070000000002,708.71,938.0,0.166,4,4
1,1422,6,4020.0,4020.0,29.203,2203.523,485.248,670.0,0.166,6,6
1,1423,6,3851.0,3851.0,38.892,2451.1890000000003,679.171,641.8333333333334,0.123,6,6
1,1424,6,4045.0,4045.0,54.766,2256.874,511.985,674.1666666666666,0.141,6,6
1,1425,7,3782.0,3782.0,38.328,3207.101,696.005,540.2857142857143,0.103,7,7
1,1426,6,3762.0,3762.0,30.882,2258.273,616.826,627.0,0.136,6,6
1,1427,4,3839.0,3839.0,42.31,1908.107,814.587,959.75,0.126,4,4
1,1428,6,4013.0,4013.0,52.836,2549.493,640.192,668.8333333333334,0.215,6,6
1,1429,5,3709.0,3709.0,40.043,1836.051,498.755,741.8,0.119,5,5
1,1430,6,3974.0,3974.0,63.525,2304.765,607.899,662.3333333333334,0.14,7,6
1,1431,7,3667.0,3667.0,29.507,2963.756,701.085,523.8571428571429,0.087,6,7
1,1432,6,4025.0,4025.0,40.443,2385.8709999999996,809.572,670.8333333333334,0.169,5,6
1,1433,5,3794.0,3794.0,50.977,2447.103,710.478,758.8,0.119,6,5
1,1434,6,3569.0,3569.0,41.521,2499.314,607.912,594.8333333333334,0.159,7,6
1,1435,7,4063.0,4063.0,43.973,2941.134,691.761,580.4285714285714,0.117,6,7
1,1436,6,3961.0,3961.0,24.015,2853.1130000000003,696.468,660.1666666666666,0.137,6,6
1,1437,6,3929.0,3929.0,50.942,2666.774,715.545,654.8333333333334,0.104,6,6
1,1438,6,3993.0,3993.0,36.263,2392.5919999999996,655.779,665.5,0.2,6,6
1,1439,6,3899.0,3899.0,34.884,2758.03,695.895,649.8333333333334,0.45,6,6
1,1440,6,3993.0,3993.0,23.939,2432.882,737.468,665.5,0.151,6,6
1,1441,6,3976.0,3976.0,52.889,2349.308,552.089,662.6666666666666,0.144,6,6
1,1442,7,3919.0,3919.0,65.044,2683.635,537.149,559.8571428571429,0.125,6,7
1,1443,6,3946.0,3946.0,26.198,2548.864,689.05,657.6666666666666,0.096,7,6
1,1444,7,3854.0,3854.0,23.481,2832.334,524.556,550.5714285714286,0.19,4,7
1,1445,4,3822.0,3822.0,49.244,1880.91,628.956,955.5,0.116,7,4
1,1446,4,3938.0,3938.0,42.159,2043.2700000000002,742.634,984.5,0.265,5,4
1,1447,5,3724.0,3724.0,35.318,2329.518,729.334,744.8,0.107,4,5
1,1448,4,3998.0,3998.0,38.533,2177.279,969.765,999.5,0.139,7,4
1,1449,7,4088.0,4088.0,55.514,2545.4040000000005,502.675,584.0,0.086,4,7
1,1450,5,3630.0,3630.0,34.77,2246.335,701.607,726.0,0.135,6,5
1,1451,6,4049.0,4049.0,37.695,2287.089,637.881,674.8333333333334,0.147,5,6
1,1452,5,3874.0,3874.0,36.229,1898.927,603.184,774.8,0.133,5,5
1,1453,5,3976.0,3976.0,53.516,2165.199,606.993,795.2,0.122,5,5
1,1454,4,3963.0,3963.0,50.411,1969.205,947.313,990.75,0.13,7,4
1,1455,7,3951.0,3951.0,63.024,2600.177,544.113,564.4285714285714,0.1,4,7
1,1456,4,3825.0,3825.0,61.874,2165.834,794.302,956.25,0.181,6,4
1,1457,6,4006.0,4006.0,57.11,2781.9260000000004,615.073,667.6666666666666,0.215,4,6
1,1458,4,3912.0,3912.0,37.037,1938.431,778.341,978.0,0.112,6,4
1,1459,6,4036.0,4036.0,34.994,2332.608,589.497,672.6666666666666,0.119,4,6
1,1460,6,3735.0,3735.0,27.171,2610.596,584.516,622.5,0.174,5,6
1,1461,5,3771.0,3771.0,236.891,2086.894,555.857,754.2,0.165,6,5
1,1462,6,3877.0,3877.0,50.993,2665.339,680.363,646.1666666666666,0.143,5,6
1,1463,5,3954.0,3954.0,25.807,2027.6109999999999,577.612,790.8,0.108,6,5
1,1464,5,3670.0,3670.0,39.362,2250.252,801.242,734.0,0.119,5,5
1,1465,5,3919.0,3919.0,54.856,2149.317,523.748,783.8,0.126,5,5
1,1466,3,3798.0,3798.0,44.41,1580.145,1033.336,1266.0,0.156,6,3
1,1467,6,3853.0,3853.0,46.462,2541.378,695.19,642.1666666666666,0.154,3,6
1,1468,5,4057.0,4057.0,75.531,2313.583,843.636,811.4,0.149,7,5
1,1469,7,4042.0,4042.0,265.423,2755.455,575.668,577.4285714285714,0.111,5,7
1,1470,7,3921.0,3921.0,39.241,2876.301,721.657,560.1428571428571,0.268,5,7
1,1471,5,3824.0,3824.0,23.103,2346.119,710.589,764.8,0.14,7,5
1,1472,5,3963.0,3963.0,37.275,2132.248,704.511,792.6,0.177,4,5
1,1473,4,4051.0,4051.0,45.074,1977.1260000000002,1016.344,1012.75,0.081,5,4
1,1474,6,3967.0,3967.0,59.872,2367.39,556.166,661.1666666666666,0.163,6,6
1,1475,6,3843.0,3843.0,37.862,2242.754,534.319,640.5,0.104,6,6
1,1476,6,3506.0,3506.0,26.471,2286.5629999999996,557.07,584.3333333333334,0.165,5,6
1,1477,5,3852.0,3852.0,67.551,2195.493,671.194,770.4,0.122,6,5
1,1478,3,3886.0,3886.0,41.232,1479.8760000000002,980.288,1295.3333333333333,0.199,3,3
1,1479,5,3830.0,3830.0,82.013,2122.373,892.778,766.0,0.118,5,5
1,1480,4,3589.0,3589.0,36.955,1624.9899999999998,737.02,897.25,0.139,6,4
1,1481,6,3983.0,3983.0,219.375,2354.101,764.647,663.8333333333334,0.118,4,6
1,1482,3,4026.0,4026.0,44.303,1736.9679999999998,961.871,1342.0,0.137,3,3
1,1483,5,3957.0,3957.0,29.258,1915.983,621.676,791.4,0.122,5,5
1,1484,3,3697.0,3697.0,45.023,1916.538,1080.652,1232.3333333333333,0.163,6,3
1,1485,6,4043.0,4043.0,56.644,2282.572,644.497,673.8333333333334,0.086,3,6
1,1486,6,3969.0,3969.0,46.356,2578.2780000000002,673.089,661.5,0.142,6,6
1,1487,6,3765.0,3765.0,38.029,2287.044,790.337,627.5,0.14,6,6
1,1488,6,3795.0,3795.0,53.457,2178.4030000000002,581.291,632.5,0.138,6,6
1,1489,7,3931.0,3931.0,48.594,2994.073,844.844,561.5714285714286,0.145,7,7
1,1490,4,3837.0,3837.0,39.293,2163.125,991.607,959.25,0.137,4,4
1,1491,5,3745.0,3745.0,24.063,2566.223,673.261,749.0,0.103,5,5
1,1492,7,4066.0,4066.0,57.148,3160.3579999999997,699.076,580.8571428571429,0.137,7,7
1,1493,5,3986.0,3986.0,35.383,2051.219,613.698,797.2,0.12,5,5
1,1494,4,3754.0,3754.0,49.394,1904.989,933.821,938.5,0.16,4,4
1,1495,6,3755.0,3755.0,30.233,2172.016,605.076,625.8333333333334,0.119,6,6
1,1496,5,3793.0,3793.0,56.193,2248.567,755.754,758.6,0.138,6,5
1,1497,6,3917.0,3917.0,344.66,2311.093,459.895,652.8333333333334,0.085,5,6
1,1498,4,4093.0,4093.0,42.188,2062.4970000000003,1249.131,1023.25,0.159,4,4
1,1499,6,3578.0,3578.0,37.673,2841.612,728.258,596.3333333333334,0.167,6,6
2,0,6,3916.0,3916.0,66.314,2911.736,1282.6,652.6666666666666,3450.955,5,6
2,1,5,4041.0,4041.0,123.451,3099.749,1349.523,808.2,0.419,6,5
2,2,6,3930.0,3930.0,26.172,2376.16,679.077,655.0,1003.233,6,6
2,3,6,3828.0,3828.0,49.456,2730.17,632.876,638.0,0.092,6,6
2,4,4,3879.0,3879.0,226.926,2169.5679999999998,859.471,969.75,989.841,5,4
2,5,5,3350.0,3350.0,27.403,1936.8480000000002,544.14,670.0,0.106,4,5
2,6,6,3735.0,3735.0,96.334,2452.677,525.724,622.5,1575.392,6,6
2,7,6,4030.0,4030.0,26.086,2663.078,757.11,671.6666666666666,0.124,6,6
2,8,4,3563.0,3563.0,266.075,1640.21,534.687,890.75,1557.355,4,4
2,9,5,3910.0,3910.0,81.901,2380.8959999999997,682.56,782.0,0.114,5,5
2,10,6,3891.0,3891.0,284.917,2412.274,510.592,648.5,1886.583,6,6
2,11,7,3960.0,3960.0,236.638,2705.824,592.266,565.7142857142857,410.173,7,7
2,12,6,3689.0,3689.0,52.822,2262.858,494.271,614.8333333333334,1504.835,6,6
2,13,5,3879.0,3879.0,175.023,2321.19,552.977,775.8,567.102,5,5
2,14,6,3873.0,3873.0,59.535,2441.797,490.743,645.5,1754.637,6,6
2,15,6,3931.0,3931.0,248.777,2189.8160000000003,550.438,655.1666666666666,299.646,6,6
2,16,6,3831.0,3831.0,156.625,1929.8799999999999,481.639,638.5,1367.317,6,6
2,17,7,3639.0,3639.0,67.965,2770.027,584.434,519.8571428571429,1284.882,7,7
2,18,6,3891.0,3891.0,56.887,2341.8469999999998,460.246,648.5,675.581,6,6
2,19,7,3873.0,3873.0,53.32,2433.679,556.224,553.2857142857143,1406.042,7,7
2,20,6,3854.0,3854.0,166.718,2189.286,512.551,642.3333333333334,642.863,6,6
2,21,5,3905.0,3905.0,74.884,2491.701,723.995,781.0,1243.005,5,5
2,22,6,3936.0,3936.0,34.372,2104.3070000000002,514.355,656.0,101.441,6,6
2,23,6,4012.0,4012.0,67.693,2200.3329999999996,480.222,668.6666666666666,1522.04,6,6
2,24,7,3894.0,3894.0,68.1,2589.498,620.818,556.2857142857143,0.111,7,7
2,25,7,3728.0,3728.0,84.467,2536.3810000000003,511.206,532.5714285714286,1444.734,7,7
2,26,7,4017.0,4017.0,62.741,2396.558,439.624,573.8571428571429,0.153,7,7
2,27,8,4059.0,4059.0,314.986,2944.331,438.566,507.375,1863.512,8,8+
2,28,7,4039.0,4039.0,84.228,2526.415,489.362,577.0,0.13,7,7
2,29,5,3811.0,3811.0,31.668,2517.833,721.437,762.2,2271.992,5,5
2,30,6,4025.0,4025.0,52.068,2878.128,714.338,670.8333333333334,0.112,6,6
2,31,6,3674.0,3674.0,91.131,2524.666,685.95,612.3333333333334,1612.95,6,6
2,32,7,3953.0,3953.0,196.583,2908.8839999999996,522.823,564.7142857142857,0.128,7,7
2,33,6,3860.0,3860.0,54.069,2541.5119999999997,518.265,643.3333333333334,1177.393,6,6
2,34,5,3749.0,3749.0,137.103,2060.043,494.406,749.8,0.107,5,5
2,35,5,3294.0,3294.0,57.432,2103.064,523.447,658.8,1586.51,6,5
2,36,6,3981.0,3981.0,116.495,2643.814,518.632,663.5,0.082,5,6
2,37,5,3989.0,3989.0,97.448,1998.409,601.202,797.8,658.313,5,5
2,38,6,3872.0,3872.0,98.526,2350.799,554.819,645.3333333333334,0.122,6,6
2,39,5,3512.0,3512.0,167.05,2115.953,607.874,702.4,1470.289,7,5
2,40,7,3897.0,3897.0,58.445,2705.084,421.635,556.7142857142857,0.132,5,7
2,41,6,3998.0,3998.0,198.974,2794.9530000000004,851.449,666.3333333333334,1637.22,6,6
2,42,6,3917.0,3917.0,65.478,2693.994,746.469,652.8333333333334,0.077,6,6
2,43,5,3748.0,3748.0,41.242,2000.384,583.568,749.6,570.619,5,5
2,44,6,4026.0,4026.0,57.277,2511.1650000000004,497.558,671.0,0.119,6,6
2,45,4,3914.0,3914.0,61.062,1927.103,774.267,978.5,1479.415,8,4
2,46,8,3988.0,3988.0,27.997,3000.987,531.391,498.5,0.11,4,8+
2,47,6,3842.0,3842.0,65.22,2001.6329999999998,483.595,640.3333333333334,716.15,6,6
2,48,6,3846.0,3846.0,85.185,2194.562,558.172,641.0,0.115,6,6
2,49,6,3993.0,3993.0,38.42,2257.521,708.648,665.5,948.371,6,6
2,50,6,3900.0,3900.0,29.004,2547.8849999999998,528.899,650.0,0.101,6,6
2,51,5,3740.0,3740.0,196.61,2002.424,755.298,748.0,923.714,6,5
2,52,6,3864.0,3864.0,51.196,2327.642,471.861,644.0,0.1,5,6
2,53,4,3816.0,3816.0,51.335,1666.234,454.788,954.0,789.394,5,4
2,54,5,3778.0,3778.0,24.974,2038.683,604.414,755.6,0.081,4,5
2,55,8,3996.0,3996.0,183.695,2584.045,418.882,499.5,1575.698,6,8+
2,56,6,3873.0,3873.0,198.831,2516.4950000000003,489.637,645.5,0.108,8,6
2,57,7,4014.0,4014.0,45.147,2921.9429999999998,582.846,573.4285714285714,1125.104,5,7
2,58,5,4037.0,4037.0,69.604,2163.8469999999998,621.241,807.4,0.109,7,5
2,59,5,4077.0,4077.0,186.916,2357.4700000000003,853.976,815.4,1930.572,6,5
2,60,6,3834.0,3834.0,53.469,2340.694,480.558,639.0,0.095,5,6
2,61,7,3984.0,3984.0,74.181,2622.6539999999995,570.377,569.1428571428571,1866.708,6,7
2,62,6,3889.0,3889.0,37.982,2654.461,570.188,648.1666666666666,0.098,7,6
2,63,5,3920.0,3920.0,60.039,2225.982,673.421,784.0,1426.29,6,5
2,64,6,3780.0,3780.0,49.358,2245.228,493.956,630.0,0.138,5,6
2,65,7,4004.0,4004.0,40.214,2737.114,557.508,572.0,650.612,5,7
2,66,5,3844.0,3844.0,75.726,2094.825,581.008,768.8,0.08,7,5
2,67,5,3631.0,3631.0,53.12,1974.369,564.745,726.2,527.859,5,5
2,68,6,3737.0,3737.0,74.338,2143.498,596.415,622.8333333333334,0.122,6,6
2,69,5,3718.0,3718.0,85.517,2149.01,569.648,743.6,727.05,5,5
2,70,6,3985.0,3985.0,59.989,2315.327,542.243,664.1666666666666,0.165,6,6
2,71,6,3918.0,3918.0,51.565,2414.225,515.99,653.0,1557.652,6,6
2,72,6,3846.0,3846.0,168.163,2600.163,637.718,641.0,0.078,6,6
2,73,7,3951.0,3951.0,55.319,2530.915,522.668,564.4285714285714,1495.377,6,7
2,74,6,3750.0,3750.0,110.726,2517.765,550.278,625.0,0.127,7,6
2,75,7,4026.0,4026.0,53.04,2633.698,483.325,575.1428571428571,1488.005,8,7
2,76,8,3944.0,3944.0,51.751,3032.689,571.369,493.0,0.698,7,8+
2,77,7,3953.0,3953.0,60.254,2764.8790000000004,578.363,564.7142857142857,1700.091,6,7
2,78,6,3836.0,3836.0,47.982,2461.305,494.3,639.3333333333334,0.226,7,6
2,79,5,3930.0,3930.0,29.685,2103.301,455.56,786.0,1776.561,6,5
2,80,6,3852.0,3852.0,48.974,2585.105,615.471,642.0,0.122,5,6
2,81,6,3966.0,3966.0,33.992,2455.783,605.35,661.0,1274.283,6,6
2,82,6,3773.0,3773.0,48.998,2189.565,456.243,628.8333333333334,0.13,6,6
2,83,5,3851.0,3851.0,92.415,2094.404,538.875,770.2,2097.952,8,5
2,84,8,3703.0,3703.0,46.956,2871.843,502.742,462.875,0.086,5,8+
2,85,5,3919.0,3919.0,77.898,1875.718,549.468,783.8,1192.734,6,5
2,86,6,3733.0,3733.0,40.575,2248.803,478.769,622.1666666666666,0.191,5,6
2,87,5,4018.0,4018.0,69.24,2191.353,690.762,803.6,354.681,5,5
2,88,5,3518.0,3518.0,45.332,1764.846,435.777,703.6,0.093,5,5
2,89,4,3452.0,3452.0,93.283,1935.3110000000001,627.938,863.0,990.034,6,4
2,90,6,4078.0,4078.0,30.509,2394.328,635.385,679.6666666666666,0.086,4,6
2,91,8,3981.0,3981.0,53.557,3009.7249999999995,768.355,497.625,0.141,6,8+
2,92,6,3986.0,3986.0,28.842,2022.1000000000001,525.325,664.3333333333334,0.15,8,6
2,93,4,3678.0,3678.0,46.858,2279.0649999999996,931.503,919.5,0.119,3,4
2,94,3,3959.0,3959.0,45.933,1957.569,1343.853,1319.6666666666667,0.12,4,3
2,95,5,3685.0,3685.0,49.327,1762.775,464.076,737.0,0.108,5,5
2,96,5,3486.0,3486.0,96.235,1993.73,483.089,697.2,0.132,5,5
2,97,6,3995.0,3995.0,138.87,2275.363,526.367,665.8333333333334,0.165,9,6
2,98,9,4043.0,4043.0,48.587,3124.3450000000003,508.346,449.22222222222223,0.13,6,8+
2,99,5,4029.0,4029.0,59.398,2129.4030000000002,527.779,805.8,0.102,6,5
2,100,6,3914.0,3914.0,56.725,2549.3579999999997,642.352,652.3333333333334,0.135,5,6
2,101,5,3804.0,3804.0,149.864,1959.5610000000001,542.424,760.8,0.174,5,5
2,102,5,3845.0,3845.0,40.159,2012.224,552.693,769.0,0.106,5,5
2,103,5,3781.0,3781.0,27.91,1887.3509999999999,537.6,756.2,0.154,7,5
2,104,7,3869.0,3869.0,47.053,2858.561,533.513,552.7142857142857,0.105,5,7
2,105,6,3957.0,3957.0,60.28,2369.131,663.809,659.5,0.1,7,6
2,106,7,4002.0,4002.0,37.65,2594.201,639.183,571.7142857142857,0.104,6,7
2,107,7,3885.0,3885.0,29.872,2546.3730000000005,569.228,555.0,0.139,5,7
2,108,5,3927.0,3927.0,24.367,1946.676,547.393,785.4,0.104,7,5
2,109,7,3996.0,3996.0,54.203,2564.881,483.398,570.8571428571429,0.161,5,7
2,110,5,3976.0,3976.0,48.032,2115.1349999999998,624.843,795.2,0.095,7,5
2,111,5,3751.0,3751.0,53.584,2196.503,762.193,750.2,0.133,6,5
2,112,6,3792.0,3792.0,103.697,2298.616,551.504,632.0,0.139,5,6
2,113,6,4027.0,4027.0,106.884,2459.957,684.603,671.1666666666666,0.154,6,6
2,114,6,3932.0,3932.0,36.255,2307.116,545.094,655.3333333333334,0.11,6,6
2,115,4,3969.0,3969.0,38.588,1775.0149999999999,484.611,992.25,0.144,4,4
2,116,8,3950.0,3950.0,328.732,2994.669,593.365,493.75,0.12,8,8+
2,117,4,3922.0,3922.0,44.586,2060.076,648.043,980.5,0.102,6,4
2,118,6,4032.0,4032.0,52.671,2526.249,507.154,672.0,0.125,4,6
2,119,6,3965.0,3965.0,27.682,2446.571,686.91,660.8333333333334,0.136,6,6
2,120,7,4076.0,4076.0,57.999,2947.307,645.991,582.2857142857143,0.113,7,7
2,121,5,4014.0,4014.0,25.38,2036.081,608.179,802.8,0.191,7,5
2,122,7,4003.0,4003.0,48.441,2744.4469999999997,567.577,571.8571428571429,0.112,5,7
2,123,7,4024.0,4024.0,49.196,2636.4080000000004,588.505,574.8571428571429,0.28,6,7
2,124,6,3883.0,3883.0,26.959,2397.082,519.363,647.1666666666666,0.146,7,6
2,125,6,3953.0,3953.0,187.191,2427.812,521.259,658.8333333333334,0.152,7,6
2,126,7,3957.0,3957.0,54.547,2606.349,534.329,565.2857142857143,0.08,6,7
2,127,6,3936.0,3936.0,26.626,2585.987,552.55,656.0,0.173,7,6
2,128,7,3927.0,3927.0,33.287,2833.362,515.129,561.0,0.109,6,7
2,129,4,3773.0,3773.0,53.946,1735.1720000000003,620.723,943.25,0.112,6,4
2,130,6,3332.0,3332.0,45.295,2469.473,647.81,555.3333333333334,0.132,4,6
2,131,7,3915.0,3915.0,41.394,2341.178,459.656,559.2857142857143,0.159,7,7
2,132,7,4014.0,4014.0,35.312,2551.1209999999996,554.491,573.4285714285714,0.076,7,7
2,133,6,3870.0,3870.0,189.949,2297.912,496.888,645.0,0.156,6,6
2,134,6,4083.0,4083.0,49.807,2576.0829999999996,603.442,680.5,0.128,6,6
2,135,5,3877.0,3877.0,89.302,1824.3319999999999,415.75,775.4,0.293,6,5
2,136,6,4050.0,4050.0,37.842,2587.564,525.677,675.0,0.147,5,6
2,137,5,3820.0,3820.0,52.065,2088.52,496.615,764.0,0.385,6,5
2,138,6,4036.0,4036.0,51.038,2224.9900000000002,439.055,672.6666666666666,0.097,5,6
2,139,6,4069.0,4069.0,30.293,2417.44,583.06,678.1666666666666,0.137,7,6
2,140,5,3813.0,3813.0,28.392,2095.119,534.09,762.6,0.143,6,5
2,141,7,3970.0,3970.0,41.383,2850.213,546.888,567.1428571428571,0.14,7,7
2,142,6,4002.0,4002.0,55.975,2340.835,560.943,667.0,0.106,5,6
2,143,7,4082.0,4082.0,55.046,2922.618,608.946,583.1428571428571,207.32,7,7
2,144,5,4030.0,4030.0,41.221,2354.395,670.862,806.0,0.113,6,5
2,145,7,3993.0,3993.0,44.555,2964.63,686.982,570.4285714285714,0.141,7,7
2,146,5,3774.0,3774.0,58.238,1935.969,454.96,754.8,0.117,5,5
2,147,5,3874.0,3874.0,44.908,1856.127,615.467,774.8,0.1,4,5
2,148,7,3937.0,3937.0,53.352,2398.092,487.562,562.4285714285714,0.129,5,7
2,149,4,3822.0,3822.0,42.61,2103.168,994.363,955.5,0.115,8,4
2,150,4,3748.0,3748.0,26.897,1936.299,922.777,937.0,0.115,5,4
2,151,8,3996.0,3996.0,50.376,2830.199,521.201,499.5,0.156,6,8+
2,152,6,4092.0,4092.0,44.287,2344.9269999999997,638.391,682.0,0.103,4,6
2,153,6,3663.0,3663.0,27.669,2220.901,466.965,610.5,0.094,6,6
2,154,7,3857.0,3857.0,31.256,2884.973,700.251,551.0,0.138,6,7
2,155,6,3799.0,3799.0,50.743,2427.2709999999997,650.903,633.1666666666666,0.139,7,6
2,156,7,3903.0,3903.0,51.555,3192.044,661.79,557.5714285714286,0.115,7,7
2,157,7,4050.0,4050.0,38.196,2611.5530000000003,563.009,578.5714285714286,0.137,5,7
2,158,5,3938.0,3938.0,79.675,1741.619,459.272,787.6,0.107,7,5
2,159,5,3995.0,3995.0,53.253,2001.433,515.868,799.0,0.096,5,5
2,160,7,3935.0,3935.0,61.505,2814.044,728.832,562.1428571428571,0.122,5,7
2,161,5,3948.0,3948.0,35.615,1835.316,530.895,789.6,0.199,4,5
2,162,5,3426.0,3426.0,32.349,1926.7689999999998,564.352,685.2,0.204,7,5
2,163,4,3780.0,3780.0,51.499,2122.45,962.243,945.0,0.154,6,4
2,164,6,3888.0,3888.0,27.332,2341.818,660.964,648.0,0.132,5,6
2,165,6,3909.0,3909.0,51.964,2508.57,593.044,651.5,0.1,6,6
2,166,6,4029.0,4029.0,55.56,2319.606,483.176,671.5,0.104,6,6
2,167,8,3975.0,3975.0,55.848,2945.014,484.742,496.875,0.158,8,8+
2,168,7,3808.0,3808.0,38.022,2536.499,510.384,544.0,0.119,8,7
2,169,8,4053.0,4053.0,37.548,2797.6369999999997,424.415,506.625,0.152,6,8+
2,170,6,4013.0,4013.0,52.444,2204.9069999999997,496.773,668.8333333333334,0.112,7,6
2,171,7,3578.0,3578.0,50.525,2742.659,552.763,511.14285714285717,0.115,8,7
2,172,6,3993.0,3993.0,51.101,2199.0789999999997,481.167,665.5,0.105,7,6
2,173,8,4094.0,4094.0,38.203,2917.145,498.087,511.75,0.157,6,8+
2,174,6,3904.0,3904.0,22.63,2585.1620000000003,590.229,650.6666666666666,0.117,6,6
2,175,6,3878.0,3878.0,48.229,2358.405,447.369,646.3333333333334,0.22,7,6
2,176,7,3971.0,3971.0,33.095,2655.3869999999997,606.09,567.2857142857143,0.116,6,7
2,177,7,3978.0,3978.0,40.634,2868.739,524.554,568.2857142857143,0.097,5,7
2,178,5,4029.0,4029.0,54.791,1736.4930000000002,462.136,805.8,0.129,7,5
2,179,5,3311.0,3311.0,27.092,2124.759,537.5,662.2,0.118,6,5
2,180,6,3978.0,3978.0,64.8,2421.545,753.366,663.0,0.116,5,6
2,181,5,3767.0,3767.0,54.734,1874.298,463.608,753.4,0.175,6,5
2,182,6,3976.0,3976.0,66.178,2409.411,667.004,662.6666666666666,0.101,5,6
2,183,6,3993.0,3993.0,50.861,2817.41,748.964,665.5,0.095,7,6
2,184,5,3925.0,3925.0,56.207,2092.735,598.663,785.0,0.152,6,5
2,185,7,3615.0,3615.0,28.62,2459.551,548.847,516.4285714285714,0.134,8,7
2,186,6,3840.0,3840.0,70.851,2426.421,742.121,640.0,0.092,5,6
2,187,8,3660.0,3660.0,40.565,2928.483,618.965,457.5,0.143,5,8+
2,188,6,3740.0,3740.0,26.68,2157.399,529.088,623.3333333333334,0.138,6,6
2,189,5,3847.0,3847.0,39.351,2145.4080000000004,615.102,769.4,0.129,7,5
2,190,7,3904.0,3904.0,44.808,2467.875,676.653,557.7142857142857,0.138,6,7
2,191,7,4019.0,4019.0,50.559,2626.7870000000003,692.044,574.1428571428571,0.171,7,7
2,192,6,3854.0,3854.0,29.418,2476.2450000000003,655.641,642.3333333333334,0.121,7,6
2,193,7,3981.0,3981.0,44.812,2631.191,562.25,568.7142857142857,0.117,7,7
2,194,7,4079.0,4079.0,54.003,2658.786,671.638,582.7142857142857,0.124,6,7
2,195,7,3918.0,3918.0,52.878,3011.699,873.148,559.7142857142857,0.36,3,7
2,196,3,4000.0,4000.0,40.165,1555.3760000000002,994.59,1333.3333333333333,0.114,7,3
2,197,5,3984.0,3984.0,37.177,2359.124,616.237,796.8,0.142,7,5
2,198,7,3818.0,3818.0,51.262,2489.655,517.312,545.4285714285714,0.088,5,7
2,199,6,3652.0,3652.0,54.449,2312.153,597.079,608.6666666666666,0.162,6,6
2,200,6,3906.0,3906.0,41.529,2534.0719999999997,547.958,651.0,0.144,6,6
2,201,4,3892.0,3892.0,280.994,2208.657,926.255,973.0,0.119,4,4
2,202,4,3677.0,3677.0,47.746,2052.842,583.658,919.25,0.099,4,4
2,203,7,4047.0,4047.0,73.832,2493.008,634.237,578.1428571428571,0.126,6,7
2,204,6,4020.0,4020.0,41.224,2429.6820000000002,487.223,670.0,0.107,7,6
2,205,5,3703.0,3703.0,48.104,1952.1330000000003,665.586,740.6,0.184,5,5
2,206,5,4029.0,4029.0,54.291,2401.6530000000002,633.733,805.8,0.125,5,5
2,207,7,3987.0,3987.0,60.52,2353.634,377.102,569.5714285714286,0.108,6,7
2,208,6,3993.0,3993.0,44.119,2573.47,643.422,665.5,0.159,7,6
2,209,4,3818.0,3818.0,23.558,1786.43,546.98,954.5,0.113,7,4
2,210,7,4037.0,4037.0,52.255,2770.1189999999997,511.764,576.7142857142857,0.117,4,7
2,211,7,3916.0,3916.0,40.734,2666.387,483.913,559.4285714285714,0.136,5,7
2,212,5,3860.0,3860.0,50.563,2214.326,547.361,772.0,0.117,7,5
2,213,5,3786.0,3786.0,68.127,2455.714,748.926,757.2,0.131,6,5
2,214,6,3522.0,3522.0,51.28,2350.0209999999997,494.498,587.0,0.089,5,6
2,215,4,3117.0,3117.0,31.987,1709.0490000000002,718.911,779.25,0.126,5,4
2,216,5,3839.0,3839.0,46.646,2560.744,756.534,767.8,0.079,4,5
2,217,6,4038.0,4038.0,28.608,2734.205,701.309,673.0,0.124,6,6
2,218,6,3935.0,3935.0,50.766,2248.322,474.451,655.8333333333334,0.138,6,6
2,219,5,3959.0,3959.0,53.373,2229.725,541.897,791.8,0.158,6,5
2,220,6,4061.0,4061.0,228.954,2617.897,647.822,676.8333333333334,0.135,5,6
2,221,6,4074.0,4074.0,55.274,2678.3680000000004,709.186,679.0,0.152,6,6
2,222,6,3476.0,3476.0,51.573,2674.563,568.726,579.3333333333334,0.083,6,6
2,223,6,3937.0,3937.0,53.814,2351.395,559.584,656.1666666666666,0.154,7,6
2,224,7,3825.0,3825.0,55.057,2781.3900000000003,504.46,546.4285714285714,0.151,6,7
2,225,6,4002.0,4002.0,33.34,2642.97,545.951,667.0,0.103,5,6
2,226,5,3802.0,3802.0,45.367,2260.4610000000002,618.682,760.4,0.117,6,5
2,227,7,3980.0,3980.0,57.295,2596.112,581.55,568.5714285714286,0.129,6,7
2,228,6,3924.0,3924.0,34.285,2479.284,540.23,654.0,0.126,7,6
2,229,7,4048.0,4048.0,23.691,2784.3329999999996,575.919,578.2857142857143,0.137,6,7
2,230,6,3871.0,3871.0,38.898,2238.791,476.318,645.1666666666666,0.118,7,6
2,231,6,3542.0,3542.0,51.65,2390.344,530.687,590.3333333333334,0.101,5,6
2,232,5,4080.0,4080.0,57.069,2281.224,693.406,816.0,0.086,6,5
2,233,5,3925.0,3925.0,85.219,1962.8500000000001,547.555,785.0,0.125,5,5
2,234,5,4058.0,4058.0,24.476,2298.603,605.033,811.6,0.091,5,5
2,235,6,3970.0,3970.0,52.646,2537.3709999999996,527.124,661.6666666666666,0.145,5,6
2,236,5,3935.0,3935.0,28.876,2088.388,481.323,787.0,0.157,6,5
2,237,6,4022.0,4022.0,341.183,2398.5560000000005,608.057,670.3333333333334,0.109,8,6
2,238,8,3869.0,3869.0,42.175,2925.565,449.339,483.625,0.102,6,8+
2,239,4,3734.0,3734.0,62.75,1592.341,485.645,933.5,119.805,9,4
2,240,5,3780.0,3780.0,39.937,2018.615,542.264,756.0,0.108,4,5
2,241,9,3912.0,3912.0,65.358,3040.892,408.179,434.6666666666667,0.156,5,8+
2,242,8,4029.0,4029.0,112.061,2706.1859999999997,461.019,503.625,0.122,5,8+
2,243,5,4062.0,4062.0,42.78,2099.375,573.414,812.4,0.108,7,5
2,244,4,3915.0,3915.0,64.226,1446.9789999999998,457.753,978.75,0.099,8,4
2,245,7,4057.0,4057.0,71.431,2611.8689999999997,475.821,579.5714285714286,0.128,5,7
2,246,7,4018.0,4018.0,73.527,2822.5869999999995,576.082,574.0,0.081,4,7
2,247,5,4010.0,4010.0,53.012,2117.62,539.194,802.0,0.11,4,5
2,248,5,3724.0,3724.0,45.439,2130.776,542.703,744.8,0.118,7,5
2,249,4,3942.0,3942.0,51.735,1975.8110000000001,550.35,985.5,0.119,6,4
2,250,5,4083.0,4083.0,46.937,2399.575,651.094,816.6,0.128,5,5
2,251,6,3914.0,3914.0,49.968,2878.42,679.804,652.3333333333334,0.144,5,6
2,252,5,3605.0,3605.0,302.831,2103.723,585.535,721.0,0.083,5,5
2,253,5,3999.0,3999.0,104.182,2064.011,620.734,799.8,0.111,7,5
2,254,6,3875.0,3875.0,108.342,2372.2690000000002,487.073,645.8333333333334,0.148,5,6
2,255,7,4000.0,4000.0,53.53,2642.4120000000003,527.123,571.4285714285714,0.129,4,7
2,256,5,3563.0,3563.0,53.554,2104.732,451.71,712.6,0.156,6,5
2,257,4,4051.0,4051.0,38.144,1696.094,590.532,1012.75,0.479,6,4
2,258,8,3718.0,3718.0,25.255,2871.557,535.481,464.75,0.086,5,8+
2,259,6,3814.0,3814.0,51.293,2394.215,512.351,635.6666666666666,0.122,5,6
2,260,5,3682.0,3682.0,38.737,2090.231,554.236,736.4,0.164,8,5
2,261,6,3947.0,3947.0,48.868,2225.0910000000003,462.266,657.8333333333334,0.311,6,6
2,262,6,3696.0,3696.0,51.639,2381.209,566.41,616.0,0.128,6,6
2,263,7,3927.0,3927.0,44.716,2652.611,512.151,561.0,159.846,9,7
2,264,6,4017.0,4017.0,26.871,2591.7320000000004,712.972,669.5,0.085,7,6
2,265,9,4043.0,4043.0,47.527,3401.5930000000003,508.358,449.22222222222223,0.135,5,8+
2,266,5,3752.0,3752.0,63.79,2229.433,705.712,750.4,0.125,6,5
2,267,5,3627.0,3627.0,49.591,2219.062,618.703,725.4,0.126,7,5
2,268,5,3643.0,3643.0,48.461,1772.162,449.378,728.6,0.126,5,5
2,269,7,4028.0,4028.0,29.746,2598.836,538.736,575.4285714285714,0.137,6,7
2,270,6,4030.0,4030.0,39.653,2507.068,570.459,671.6666666666666,0.508,5,6
2,271,6,3843.0,3843.0,37.863,2348.216,601.713,640.5,0.136,6,6
2,272,5,3714.0,3714.0,48.471,2190.59,566.872,742.8,0.132,6,5
2,273,6,3957.0,3957.0,37.46,2434.427,512.624,659.5,389.87,7,6
2,274,5,3802.0,3802.0,28.362,2214.396,534.408,760.4,0.109,5,5
2,275,7,3680.0,3680.0,67.637,3032.486,578.192,525.7142857142857,137.447,5,7
2,276,6,3945.0,3945.0,53.304,2582.0530000000003,563.951,657.5,0.08,5,6
2,277,4,3811.0,3811.0,48.154,1670.22,674.482,952.75,0.135,4,4
2,278,5,4015.0,4015.0,43.257,2157.645,656.084,803.0,0.153,6,5
2,279,4,3654.0,3654.0,49.369,2048.79,826.316,913.5,0.11,6,4
2,280,6,3789.0,3789.0,50.57,2646.688,701.383,631.5,0.101,4,6
2,281,6,3883.0,3883.0,47.275,2338.3399999999997,474.67,647.1666666666666,0.149,6,6
2,282,5,4091.0,4091.0,25.305,2254.313,899.305,818.2,0.507,6,5
2,283,6,3727.0,3727.0,51.2,2198.058,517.636,621.1666666666666,0.145,5,6
2,284,7,3964.0,3964.0,26.56,2862.1049999999996,611.964,566.2857142857143,0.117,5,7
2,285,5,3719.0,3719.0,52.516,2024.27,523.766,743.8,0.111,8,5
2,286,5,3904.0,3904.0,49.568,2067.013,717.272,780.8,0.098,7,5
2,287,8,3778.0,3778.0,57.683,2809.4130000000005,481.824,472.25,0.116,6,8+
2,288,5,4041.0,4041.0,38.12,2603.509,847.73,808.2,0.24,5,5
2,289,6,3600.0,3600.0,43.371,2180.2670000000003,522.986,600.0,0.143,6,6
2,290,4,3822.0,3822.0,47.672,1647.885,467.07,955.5,0.133,5,4
2,291,6,3940.0,3940.0,249.443,2223.525,509.616,656.6666666666666,0.122,6,6
2,292,7,4016.0,4016.0,38.1,2785.532,585.138,573.7142857142857,0.157,4,7
2,293,6,3449.0,3449.0,75.178,2398.098,629.921,574.8333333333334,0.152,8,6
2,294,4,3912.0,3912.0,37.182,2009.465,963.494,978.0,0.089,7,4
2,295,8,3996.0,3996.0,56.38,2766.683,482.322,499.5,0.132,6,8+
2,296,7,4063.0,4063.0,65.789,2910.806,538.527,580.4285714285714,0.164,4,7
2,297,6,3874.0,3874.0,38.887,2340.462,645.913,645.6666666666666,0.136,5,6
2,298,7,3977.0,3977.0,23.567,2182.351,421.264,568.1428571428571,0.106,7,7
2,299,5,3841.0,3841.0,309.153,2238.2400000000002,537.307,768.2,0.543,5,5
2,300,6,3757.0,3757.0,27.339,2392.629,659.714,626.1666666666666,0.078,7,6
2,301,5,3761.0,3761.0,41.074,2040.253,496.265,752.2,0.174,7,5
2,302,6,3941.0,3941.0,55.431,2283.6789999999996,578.222,656.8333333333334,0.138,6,6
2,303,7,3718.0,3718.0,56.527,2639.2380000000003,550.077,531.1428571428571,0.102,5,7
2,304,7,3959.0,3959.0,44.597,2732.05,607.862,565.5714285714286,0.12,6,7
2,305,5,4025.0,4025.0,73.872,2033.685,597.364,805.0,0.121,3,5
2,306,3,3495.0,3495.0,49.652,1371.3980000000001,621.976,1165.0,0.095,7,3
2,307,7,3948.0,3948.0,55.93,2870.6240000000003,605.722,564.0,0.153,5,7
2,308,5,3576.0,3576.0,43.539,2417.8300000000004,625.64,715.2,0.11,7,5
2,309,5,3957.0,3957.0,44.631,2247.7960000000003,611.128,791.4,0.104,5,5
2,310,5,3592.0,3592.0,49.972,2284.574,716.542,718.4,0.242,5,5
2,311,5,3774.0,3774.0,24.304,1893.447,464.022,754.8,0.136,6,5
2,312,6,3991.0,3991.0,60.013,2553.7400000000002,589.395,665.1666666666666,0.107,5,6
2,313,7,4020.0,4020.0,53.156,2790.3170000000005,556.39,574.2857142857143,0.15,5,7
2,314,5,3992.0,3992.0,53.631,2087.217,470.151,798.4,0.1,7,5
2,315,5,4001.0,4001.0,44.073,2196.75,614.235,800.2,0.104,6,5
2,316,6,3959.0,3959.0,25.575,2449.7679999999996,629.192,659.8333333333334,0.124,5,6
2,317,5,3806.0,3806.0,54.051,2129.2,624.451,761.2,0.141,5,5
2,318,4,3618.0,3618.0,26.635,1623.1109999999999,564.907,904.5,0.096,5,4
2,319,5,3812.0,3812.0,24.03,2159.9230000000002,612.73,762.4,0.143,6,5
2,320,6,3880.0,3880.0,25.884,2840.3910000000005,559.881,646.6666666666666,0.105,4,6
2,321,6,3998.0,3998.0,53.156,2793.8900000000003,678.516,666.3333333333334,0.17,4,6
2,322,5,3769.0,3769.0,50.209,2291.377,661.036,753.8,0.11,6,5
2,323,4,3718.0,3718.0,36.478,2064.408,888.235,929.5,0.145,7,4
2,324,6,4047.0,4047.0,54.48,2630.6130000000003,704.417,674.5,0.093,5,6
2,325,7,3849.0,3849.0,50.084,2884.977,582.241,549.8571428571429,0.161,6,7
2,326,5,4007.0,4007.0,57.281,2397.663,795.158,801.4,0.098,6,5
2,327,6,4005.0,4005.0,54.753,2336.7830000000004,618.755,667.5,0.098,6,6
2,328,6,4007.0,4007.0,42.479,2376.9939999999997,579.406,667.8333333333334,0.118,5,6
2,329,6,3840.0,3840.0,37.583,2423.2439999999997,502.036,640.0,0.173,5,6
2,330,6,3822.0,3822.0,62.032,2402.745,528.012,637.0,0.095,6,6
2,331,5,3951.0,3951.0,27.187,2350.191,629.359,790.2,0.167,4,5
2,332,7,3939.0,3939.0,24.878,2527.9069999999997,513.651,562.7142857142857,0.131,6,7
2,333,4,3923.0,3923.0,59.61,2207.676,594.884,980.75,0.096,6,4
2,334,6,3934.0,3934.0,28.043,2307.009,541.933,655.6666666666666,0.141,7,6
2,335,8,4005.0,4005.0,55.614,2752.913,504.697,500.625,0.145,7,8+
2,336,4,3813.0,3813.0,54.646,1585.636,517.928,953.25,0.135,8,4
2,337,7,3791.0,3791.0,47.265,2452.145,423.023,541.5714285714286,0.144,7,7
2,338,5,3845.0,3845.0,40.237,2245.305,577.871,769.0,0.098,4,5
2,339,7,3748.0,3748.0,50.721,2791.158,515.583,535.4285714285714,0.105,7,7
2,340,6,4032.0,4032.0,100.372,2482.9230000000002,685.629,672.0,0.101,5,6
2,341,7,3811.0,3811.0,35.738,2693.553,588.514,544.4285714285714,0.222,6,7
2,342,6,3961.0,3961.0,29.822,2413.12,509.964,660.1666666666666,0.285,6,6
2,343,6,3698.0,3698.0,47.919,2217.982,494.79,616.3333333333334,0.2,4,6
2,344,4,3782.0,3782.0,49.309,1726.074,533.533,945.5,0.118,6,4
2,345,8,4052.0,4052.0,29.867,3165.092,572.554,506.5,0.094,6,8+
2,346,6,4080.0,4080.0,60.162,2353.336,522.104,680.0,0.136,8,6
2,347,5,3859.0,3859.0,52.533,2160.775,683.434,771.8,0.171,6,5
2,348,6,3896.0,3896.0,42.839,2456.516,633.277,649.3333333333334,0.108,5,6
2,349,6,3875.0,3875.0,37.091,2324.654,492.677,645.8333333333334,0.133,6,6
2,350,6,3993.0,3993.0,55.083,2751.8459999999995,615.52,665.5,0.118,6,6
2,351,7,4026.0,4026.0,54.535,2810.673,545.328,575.1428571428571,0.101,6,7
2,352,6,3701.0,3701.0,45.332,2350.6530000000002,601.387,616.8333333333334,0.113,7,6
2,353,5,3944.0,3944.0,106.635,2226.603,631.423,788.8,0.139,9,5
2,354,7,3767.0,3767.0,54.993,2600.813,433.595,538.1428571428571,0.134,5,7
2,355,9,3951.0,3951.0,50.412,3136.6890000000003,551.551,439.0,0.195,5,8+
2,356,8,3528.0,3528.0,35.57,2614.0370000000003,506.284,441.0,0.138,7,8+
2,357,5,3977.0,3977.0,56.357,2198.1369999999997,757.73,795.4,0.099,5,5
2,358,5,3737.0,3737.0,27.95,2328.913,564.689,747.4,0.115,8,5
2,359,5,3898.0,3898.0,46.682,2284.4280000000003,582.304,779.6,0.215,4,5
2,360,4,4086.0,4086.0,51.471,1587.222,601.777,1021.5,0.116,5,4
2,361,6,3973.0,3973.0,47.963,2082.43,577.381,662.1666666666666,0.187,7,6
2,362,4,3980.0,3980.0,23.78,1848.3829999999998,559.108,995.0,0.121,6,4
2,363,7,3930.0,3930.0,42.687,2606.4280000000003,471.466,561.4285714285714,0.098,7,7
2,364,7,3559.0,3559.0,29.661,2463.2319999999995,452.151,508.42857142857144,0.121,4,7
2,365,7,4041.0,4041.0,53.45,2830.244,502.553,577.2857142857143,0.137,6,7
2,366,5,4077.0,4077.0,59.74,2099.87,470.454,815.4,0.114,7,5
2,367,6,3906.0,3906.0,57.707,2530.1030000000005,525.726,651.0,0.156,6,6
2,368,4,3900.0,3900.0,100.782,2070.022,885.387,975.0,0.107,5,4
2,369,6,3988.0,3988.0,51.478,2266.3889999999997,503.727,664.6666666666666,0.097,7,6
2,370,5,3982.0,3982.0,30.724,2228.2799999999997,587.232,796.4,0.363,4,5
2,371,7,4070.0,4070.0,54.594,2789.233,551.513,581.4285714285714,0.253,6,7
2,372,6,3876.0,3876.0,25.317,2264.2219999999998,480.079,646.0,0.118,5,6
2,373,6,3762.0,3762.0,52.451,2106.625,424.314,627.0,0.158,6,6
2,374,6,3761.0,3761.0,48.123,2523.475,548.372,626.8333333333334,0.111,6,6
2,375,6,4051.0,4051.0,52.806,2407.0,525.904,675.1666666666666,0.095,7,6
2,376,8,3964.0,3964.0,30.055,2779.129,495.143,495.5,0.198,6,8+
2,377,7,4076.0,4076.0,52.716,2390.772,447.169,582.2857142857143,0.145,8,7
2,378,7,3923.0,3923.0,25.378,2721.579,461.995,560.4285714285714,0.142,8,7
2,379,8,3822.0,3822.0,40.132,2786.367,470.339,477.75,0.296,7,8+
2,380,5,3808.0,3808.0,49.403,2273.102,543.648,761.6,0.178,7,5
2,381,7,3933.0,3933.0,49.488,2593.0180000000005,532.631,561.8571428571429,0.206,7,7
2,382,4,3591.0,3591.0,46.737,1461.5580000000002,517.678,897.75,0.113,5,4
2,383,7,3977.0,3977.0,26.606,2592.836,529.839,568.1428571428571,0.131,5,7
2,384,5,3740.0,3740.0,50.362,2243.5480000000002,761.312,748.0,0.119,4,5
2,385,5,3384.0,3384.0,30.117,1967.4879999999998,545.81,676.8,0.195,6,5
2,386,6,3856.0,3856.0,29.04,2345.116,474.914,642.6666666666666,0.108,5,6
2,387,6,3826.0,3826.0,41.754,2433.29,526.762,637.6666666666666,0.095,3,6
2,388,3,3802.0,3802.0,24.121,1373.23,796.001,1267.3333333333333,0.112,6,3
2,389,6,4032.0,4032.0,25.357,2636.755,744.295,672.0,0.119,3,6
2,390,3,3662.0,3662.0,51.923,1547.525,644.386,1220.6666666666667,0.111,6,3
2,391,6,3857.0,3857.0,49.28,2353.1440000000002,633.873,642.8333333333334,0.151,5,6
2,392,5,3831.0,3831.0,53.512,2138.43,488.76,766.2,0.101,6,5
2,393,6,4081.0,4081.0,34.806,2214.634,454.854,680.1666666666666,0.094,6,6
2,394,6,3859.0,3859.0,51.51,2305.337,526.619,643.1666666666666,0.119,6,6
2,395,6,3583.0,3583.0,46.47,2506.8730000000005,676.162,597.1666666666666,0.13,5,6
2,396,5,3437.0,3437.0,26.188,2340.403,681.028,687.4,0.188,6,5
2,397,4,3988.0,3988.0,63.05,1944.533,639.053,997.0,0.153,6,4
2,398,6,3882.0,3882.0,27.419,2408.877,557.411,647.0,0.139,4,6
2,399,6,3800.0,3800.0,29.116,2370.276,483.56,633.3333333333334,0.112,6,6
2,400,6,4040.0,4040.0,44.986,2350.087,522.291,673.3333333333334,0.12,6,6
2,401,7,4020.0,4020.0,50.986,2622.796,561.267,574.2857142857143,0.167,6,7
2,402,6,3880.0,3880.0,40.053,2606.029,835.387,646.6666666666666,0.077,7,6
2,403,7,3964.0,3964.0,36.267,2867.899,686.001,566.2857142857143,0.113,6,7
2,404,6,4006.0,4006.0,51.077,2734.6459999999997,818.755,667.6666666666666,0.114,7,6
2,405,5,3892.0,3892.0,74.092,1961.6169999999997,504.147,778.4,0.11,7,5
2,406,7,3936.0,3936.0,46.316,2423.016,428.768,562.2857142857143,0.121,5,7
2,407,5,3775.0,3775.0,34.0,1713.213,487.754,755.0,0.18,4,5
2,408,4,3903.0,3903.0,52.943,1720.965,718.866,975.75,0.081,5,4
2,409,6,3646.0,3646.0,25.928,2240.4539999999997,562.383,607.6666666666666,0.107,5,6
2,410,5,3951.0,3951.0,51.314,2224.266,591.927,790.2,0.108,6,5
2,411,7,3859.0,3859.0,54.385,2828.421,628.854,551.2857142857143,0.132,6,7
2,412,6,4028.0,4028.0,49.398,2383.306,553.667,671.3333333333334,0.21,7,6
2,413,7,3966.0,3966.0,43.083,2766.7250000000004,636.98,566.5714285714286,0.138,5,7
2,414,5,4056.0,4056.0,38.971,2300.621,668.793,811.2,0.078,7,5
2,415,5,3674.0,3674.0,46.833,2014.6680000000001,565.516,734.8,0.142,6,5
2,416,6,4005.0,4005.0,50.322,2438.901,601.618,667.5,0.118,5,6
2,417,8,3979.0,3979.0,27.867,2761.908,476.215,497.375,0.27,6,8+
2,418,6,3657.0,3657.0,50.355,2186.5870000000004,554.021,609.5,0.097,8,6
2,419,7,3717.0,3717.0,26.029,2554.6050000000005,526.273,531.0,0.117,7,7
2,420,7,4054.0,4054.0,58.213,2673.9779999999996,648.02,579.1428571428571,0.107,7,7
2,421,7,3962.0,3962.0,50.0,2531.605,478.8,566.0,0.147,6,7
2,422,6,3632.0,3632.0,51.123,2407.663,536.309,605.3333333333334,0.108,7,6
2,423,6,3852.0,3852.0,33.857,2428.05,472.053,642.0,0.248,7,6
2,424,7,4033.0,4033.0,53.672,2507.2050000000004,472.803,576.1428571428571,0.111,6,7
2,425,7,3839.0,3839.0,49.85,2491.944,586.027,548.4285714285714,0.109,6,7
2,426,6,3823.0,3823.0,43.461,2174.846,449.927,637.1666666666666,0.091,7,6
2,427,7,3821.0,3821.0,36.799,2435.0809999999997,473.05,545.8571428571429,0.162,5,7
2,428,5,3851.0,3851.0,26.295,1947.375,423.974,770.2,0.12,7,5
2,429,5,3766.0,3766.0,52.657,2100.689,674.619,753.2,0.094,5,5
2,430,6,3893.0,3893.0,47.975,2567.266,579.473,648.8333333333334,0.135,6,6
2,431,4,3770.0,3770.0,36.991,1776.4389999999999,593.046,942.5,0.128,6,4
2,432,6,3884.0,3884.0,39.733,2628.1870000000004,528.147,647.3333333333334,0.077,4,6
2,433,6,3778.0,3778.0,50.091,2393.762,656.362,629.6666666666666,0.126,7,6
2,434,7,4035.0,4035.0,56.647,2734.017,466.368,576.4285714285714,0.1,6,7
2,435,8,4017.0,4017.0,88.2,2964.222,524.903,502.125,0.099,6,8+
2,436,6,4046.0,4046.0,25.063,2630.0469999999996,634.334,674.3333333333334,0.118,8,6
2,437,6,3652.0,3652.0,48.728,2003.7759999999998,435.205,608.6666666666666,0.134,7,6
2,438,7,3957.0,3957.0,23.519,2613.887,504.466,565.2857142857143,0.091,6,7
2,439,7,4091.0,4091.0,370.273,2706.041,470.353,584.4285714285714,0.125,6,7
2,440,6,3900.0,3900.0,52.297,2182.391,505.474,650.0,0.106,7,6
2,441,5,3614.0,3614.0,58.919,1899.4230000000002,539.238,722.8,0.154,7,5
2,442,7,3986.0,3986.0,28.549,2318.629,532.827,569.4285714285714,0.106,5,7
2,443,3,3358.0,3358.0,76.077,1344.727,593.169,1119.3333333333333,0.124,5,3
2,444,5,3970.0,3970.0,57.279,1822.113,565.519,794.0,0.094,3,5
2,445,4,3884.0,3884.0,66.659,1775.452,780.293,971.0,0.124,6,4
2,446,6,3886.0,3886.0,26.208,2179.8849999999998,556.111,647.6666666666666,0.127,4,6
2,447,6,3898.0,3898.0,51.62,2576.432,698.548,649.6666666666666,0.111,7,6
2,448,7,3368.0,3368.0,45.394,2387.063,488.102,481.14285714285717,0.09,6,7
2,449,5,3878.0,3878.0,121.415,1945.813,501.731,775.6,0.099,8,5
2,450,8,4015.0,4015.0,37.953,3024.175,547.616,501.875,0.079,5,8+
2,451,6,3935.0,3935.0,146.369,2243.085,412.396,655.8333333333334,0.112,7,6
2,452,7,4002.0,4002.0,57.332,2292.651,530.224,571.7142857142857,0.101,6,7
2,453,6,3907.0,3907.0,77.606,2107.589,459.638,651.1666666666666,0.127,6,6
2,454,6,3985.0,3985.0,33.601,2224.1830000000004,601.543,664.1666666666666,0.265,6,6
2,455,6,3367.0,3367.0,45.799,2251.8770000000004,573.296,561.1666666666666,0.191,8,6
2,456,6,3772.0,3772.0,38.003,2380.052,718.681,628.6666666666666,0.089,6,6
2,457,8,3944.0,3944.0,56.42,3419.933,760.472,493.0,0.165,7,8+
2,458,5,3986.0,3986.0,84.603,2177.2909999999997,652.736,797.2,0.355,6,5
2,459,7,4032.0,4032.0,31.897,2556.883,420.996,576.0,0.135,6,7
2,460,7,4085.0,4085.0,35.541,2697.744,590.543,583.5714285714286,0.109,5,7
2,461,6,4001.0,4001.0,50.784,2255.054,561.173,666.8333333333334,0.202,7,6
2,462,5,4007.0,4007.0,81.913,2571.865,976.929,801.4,0.084,7,5
2,463,7,3940.0,3940.0,63.733,2833.213,467.57,562.8571428571429,0.179,5,7
2,464,6,4079.0,4079.0,80.411,2121.62,535.305,679.8333333333334,0.282,5,6
2,465,5,3392.0,3392.0,25.171,1979.2060000000001,493.889,678.4,0.366,4,5
2,466,6,3878.0,3878.0,69.874,2431.6639999999998,686.49,646.3333333333334,0.174,6,6
2,467,4,3683.0,3683.0,26.297,2044.6560000000002,782.166,920.75,0.238,7,4
2,468,7,3944.0,3944.0,41.501,2791.4359999999997,717.655,563.4285714285714,0.121,6,7
2,469,7,3691.0,3691.0,37.363,2807.862,643.507,527.2857142857143,0.211,5,7
2,470,5,3874.0,3874.0,51.019,2118.115,685.978,774.8,0.299,7,5
2,471,5,3850.0,3850.0,251.403,2714.007,732.603,770.0,0.178,5,5
2,472,5,3598.0,3598.0,41.775,1678.83,523.406,719.6,0.159,5,5
2,473,7,3300.0,3300.0,80.222,2399.574,426.733,471.42857142857144,0.168,5,7
2,474,5,3369.0,3369.0,23.816,1830.3029999999999,545.634,673.8,0.074,7,5
2,475,4,4040.0,4040.0,52.165,1930.0,734.102,1010.0,0.116,4,4
2,476,7,4039.0,4039.0,53.715,2650.0150000000003,535.622,577.0,0.162,7,7
2,477,6,3914.0,3914.0,32.471,2524.587,504.266,652.3333333333334,0.102,6,6
2,478,6,3955.0,3955.0,27.194,2483.0620000000004,607.535,659.1666666666666,0.172,6,6
2,479,6,3858.0,3858.0,49.29,2250.002,559.958,643.0,0.166,6,6
2,480,6,3715.0,3715.0,32.031,2209.865,577.692,619.1666666666666,0.158,6,6
2,481,6,3961.0,3961.0,51.158,2167.861,534.335,660.1666666666666,0.148,6,6
2,482,7,3641.0,3641.0,87.642,2552.6659999999997,554.583,520.1428571428571,0.14,7,7
2,483,6,3868.0,3868.0,52.733,2064.862,446.633,644.6666666666666,0.133,6,6
2,484,6,3625.0,3625.0,44.401,2036.3670000000002,459.581,604.1666666666666,0.129,6,6
2,485,6,4021.0,4021.0,52.741,2462.425,508.419,670.1666666666666,0.128,6,6
2,486,6,3955.0,3955.0,55.89,1991.9470000000001,405.852,659.1666666666666,0.126,6,6
2,487,4,3887.0,3887.0,40.848,1700.377,584.433,971.75,0.139,5,4
2,488,5,3965.0,3965.0,55.347,2145.674,620.11,793.0,0.099,4,5
2,489,5,3724.0,3724.0,27.002,1850.07,513.452,744.8,0.107,5,5
2,490,7,3967.0,3967.0,27.428,2567.17,497.007,566.7142857142857,0.156,7,7
2,491,6,3907.0,3907.0,27.074,2316.167,674.775,651.1666666666666,0.131,6,6
2,492,5,3619.0,3619.0,68.783,2198.3909999999996,580.693,723.8,0.12,5,5
2,493,6,3662.0,3662.0,38.979,1981.0140000000001,487.428,610.3333333333334,0.127,6,6
2,494,5,3867.0,3867.0,42.715,2111.92,624.459,773.4,0.115,5,5
2,495,6,3839.0,3839.0,30.677,2526.1360000000004,628.643,639.8333333333334,0.112,6,6
2,496,7,4093.0,4093.0,54.573,2584.6620000000003,534.888,584.7142857142857,0.127,7,7
2,497,7,4006.0,4006.0,50.886,2647.8340000000003,455.294,572.2857142857143,0.109,7,7
2,498,7,4018.0,4018.0,34.628,2786.102,493.313,574.0,0.112,7,7
2,499,7,3376.0,3376.0,33.602,2505.038,422.404,482.2857142857143,0.14,7,7
2,500,7,3793.0,3793.0,51.105,2419.8570000000004,525.908,541.8571428571429,0.144,7,7
2,501,5,3983.0,3983.0,52.273,2198.583,636.607,796.6,0.144,5,5
2,502,5,3611.0,3611.0,28.626,1987.55,495.25,722.2,0.117,5,5
2,503,6,4003.0,4003.0,64.195,2308.095,498.49,667.1666666666666,0.148,6,6
2,504,7,3908.0,3908.0,28.765,2576.245,537.18,558.2857142857143,0.166,7,7
2,505,8,3512.0,3512.0,36.919,2691.703,506.973,439.0,0.147,8,8+
2,506,7,4060.0,4060.0,54.71,2489.857,511.425,580.0,0.3,7,7
2,507,7,3848.0,3848.0,37.788,2627.5330000000004,560.983,549.7142857142857,0.127,7,7
2,508,6,3810.0,3810.0,28.554,2332.935,523.164,635.0,0.126,6,6
2,509,5,4003.0,4003.0,34.965,2070.2690000000002,571.485,800.6,0.121,5,5
2,510,5,3898.0,3898.0,63.578,1980.441,442.092,779.6,0.114,5,5
2,511,7,3999.0,3999.0,52.685,2543.961,514.566,571.2857142857143,0.131,7,7
2,512,7,4035.0,4035.0,53.008,2645.2430000000004,516.718,576.4285714285714,0.152,7,7
2,513,6,4031.0,4031.0,58.416,2318.288,540.698,671.8333333333334,0.118,8,6
2,514,8,4048.0,4048.0,34.402,2863.483,525.015,506.0,0.109,6,8+
2,515,5,3870.0,3870.0,45.925,2049.0280000000002,447.969,774.0,0.122,6,5
2,516,6,3921.0,3921.0,53.257,2751.375,646.079,653.5,0.093,5,6
2,517,6,4037.0,4037.0,29.034,2467.6569999999997,555.246,672.8333333333334,0.145,6,6
2,518,6,3621.0,3621.0,41.612,2091.542,492.653,603.5,0.095,6,6
2,519,5,3854.0,3854.0,43.644,1738.906,490.292,770.8,0.095,5,5
2,520,5,3752.0,3752.0,48.645,1753.3790000000001,451.297,750.4,0.095,5,5
2,521,6,3735.0,3735.0,66.92,2239.1,613.913,622.5,0.153,5,6
2,522,5,3811.0,3811.0,37.538,2146.9919999999997,734.259,762.2,0.161,6,5
2,523,7,3945.0,3945.0,49.872,2693.293,596.837,563.5714285714286,0.132,7,7
2,524,6,4066.0,4066.0,62.2,2409.8759999999997,544.404,677.6666666666666,0.152,6,6
2,525,6,4002.0,4002.0,43.399,2204.763,526.777,667.0,0.119,6,6
2,526,6,3866.0,3866.0,37.342,2452.702,640.875,644.3333333333334,0.13,6,6
2,527,6,4022.0,4022.0,48.907,2627.2309999999998,620.232,670.3333333333334,0.13,6,6
2,528,5,3919.0,3919.0,28.919,2656.424,895.982,783.8,0.266,5,5
2,529,4,3927.0,3927.0,33.847,2004.1240000000003,827.773,981.75,0.144,4,4
2,530,6,4070.0,4070.0,56.976,2064.784,465.548,678.3333333333334,0.106,6,6
2,531,7,3967.0,3967.0,32.148,2626.8410000000003,489.521,566.7142857142857,0.106,7,7
2,532,5,3885.0,3885.0,44.58,2166.782,835.406,777.0,0.159,5,5
2,533,5,3975.0,3975.0,43.081,1974.8,660.534,795.0,0.159,5,5
2,534,5,3621.0,3621.0,53.554,1950.83,665.509,724.2,0.098,5,5
2,535,5,3859.0,3859.0,34.233,2148.613,596.693,771.8,0.119,5,5
2,536,5,3965.0,3965.0,30.299,2692.823,1068.316,793.0,0.135,5,5
2,537,5,3624.0,3624.0,48.943,1907.138,482.904,724.8,0.111,5,5
2,538,6,4015.0,4015.0,59.053,2577.7780000000002,743.146,669.1666666666666,0.136,6,6
2,539,4,3623.0,3623.0,47.617,1686.4470000000001,546.078,905.75,0.172,4,4
2,540,7,4070.0,4070.0,38.08,2887.507,562.454,581.4285714285714,0.121,7,7
2,541,8,3962.0,3962.0,50.635,2952.221,530.543,495.25,0.147,8,8+
2,542,6,4024.0,4024.0,38.476,2173.795,505.209,670.6666666666666,0.139,6,6
2,543,5,3773.0,3773.0,50.705,2088.013,544.374,754.6,0.096,5,5
2,544,5,3849.0,3849.0,53.989,2237.2430000000004,585.486,769.8,0.132,5,5
2,545,7,3885.0,3885.0,52.381,2654.725,582.787,555.0,0.132,7,7
2,546,5,3833.0,3833.0,37.636,2255.929,630.53,766.6,0.103,5,5
2,547,6,3891.0,3891.0,35.326,2371.447,602.395,648.5,0.119,6,6
2,548,6,3987.0,3987.0,52.315,2325.628,436.606,664.5,0.144,6,6
2,549,7,3989.0,3989.0,27.954,2872.5179999999996,589.226,569.8571428571429,0.18,7,7
2,550,6,3934.0,3934.0,35.793,2430.423,605.831,655.6666666666666,0.111,6,6
2,551,7,3532.0,3532.0,39.396,2162.0910000000003,413.018,504.57142857142856,0.105,7,7
2,552,8,3812.0,3812.0,31.924,2620.571,444.264,476.5,0.101,8,8+
2,553,5,3829.0,3829.0,38.725,2028.2330000000002,599.081,765.8,0.122,5,5
2,554,7,4043.0,4043.0,41.658,2645.9910000000004,554.422,577.5714285714286,0.127,7,7
2,555,6,4058.0,4058.0,53.21,2491.825,664.964,676.3333333333334,0.104,6,6
2,556,6,3972.0,3972.0,26.444,2304.445,630.542,662.0,0.127,6,6
2,557,5,3861.0,3861.0,40.436,2260.842,885.399,772.2,0.11,5,5
2,558,7,3949.0,3949.0,54.566,2364.3489999999997,504.51,564.1428571428571,0.119,7,7
2,559,7,3919.0,3919.0,51.214,2689.5710000000004,611.138,559.8571428571429,0.102,7,7
2,560,4,3989.0,3989.0,182.188,1709.3690000000001,790.5,997.25,0.118,4,4
2,561,7,3781.0,3781.0,34.997,2199.127,388.658,540.1428571428571,0.125,7,7
2,562,6,4073.0,4073.0,90.619,2347.7349999999997,511.663,678.8333333333334,0.131,6,6
2,563,8,3924.0,3924.0,49.403,2848.39,506.666,490.5,0.124,8,8+
2,564,6,4010.0,4010.0,51.824,2202.322,554.104,668.3333333333334,0.093,6,6
2,565,9,4087.0,4087.0,44.549,2985.012,430.356,454.1111111111111,0.116,9,8+
2,566,5,3554.0,3554.0,45.751,2081.282,587.76,710.8,0.184,5,5
2,567,6,4068.0,4068.0,53.607,2598.6829999999995,575.611,678.0,0.1,6,6
2,568,8,4061.0,4061.0,44.76,2880.327,486.297,507.625,0.169,8,8+
2,569,4,3871.0,3871.0,44.134,1534.084,565.844,967.75,0.126,4,4
2,570,5,3590.0,3590.0,41.385,1944.5289999999998,562.228,718.0,0.132,5,5
2,571,4,3863.0,3863.0,55.039,1923.747,661.268,965.75,0.121,4,4
2,572,5,3763.0,3763.0,50.13,1651.2849999999999,407.896,752.6,0.142,5,5
2,573,5,3903.0,3903.0,34.311,2129.412,584.857,780.6,0.094,5,5
2,574,4,3903.0,3903.0,66.363,1838.1380000000001,650.95,975.75,0.105,4,4
2,575,5,3920.0,3920.0,24.402,1816.395,571.79,784.0,0.105,5,5
2,576,6,3929.0,3929.0,61.918,2338.242,450.205,654.8333333333334,0.11,6,6
2,577,5,3313.0,3313.0,45.089,2179.241,581.039,662.6,0.113,5,5
2,578,3,4025.0,4025.0,38.486,1672.731,966.358,1341.6666666666667,0.145,3,3
2,579,5,3831.0,3831.0,62.703,1680.715,521.33,766.2,0.308,5,5
2,580,7,3897.0,3897.0,40.342,2562.7789999999995,586.333,556.7142857142857,0.105,7,7
2,581,5,3988.0,3988.0,50.461,2116.0080000000003,524.615,797.6,0.128,5,5
2,582,6,3844.0,3844.0,51.117,2433.3230000000003,488.484,640.6666666666666,0.089,6,6
2,583,6,3876.0,3876.0,42.755,2503.553,779.035,646.0,0.113,6,6
2,584,5,3701.0,3701.0,25.862,1960.1909999999998,511.639,740.2,0.12,5,5
2,585,8,4077.0,4077.0,51.039,3146.608,570.624,509.625,0.102,8,8+
2,586,4,3662.0,3662.0,33.051,1792.435,560.131,915.5,0.137,4,4
2,587,6,3971.0,3971.0,50.541,2108.2529999999997,447.595,661.8333333333334,0.12,6,6
2,588,5,4088.0,4088.0,174.272,2261.618,610.193,817.6,0.125,5,5
2,589,3,3916.0,3916.0,52.617,1662.575,1001.985,1305.3333333333333,0.112,3,3
2,590,6,4031.0,4031.0,44.691,2382.9719999999998,570.511,671.8333333333334,0.11,6,6
2,591,6,3975.0,3975.0,45.933,2313.4169999999995,613.762,662.5,0.09,6,6
2,592,5,3535.0,3535.0,48.093,2084.75,762.326,707.0,0.137,5,5
2,593,5,3983.0,3983.0,55.815,2254.841,794.471,796.6,0.108,5,5
2,594,5,3732.0,3732.0,24.43,2110.902,583.798,746.4,0.237,5,5
2,595,5,3251.0,3251.0,34.372,2119.315,855.16,650.2,0.144,5,5
2,596,6,3883.0,3883.0,51.51,2449.121,896.097,647.1666666666666,0.164,6,6
2,597,6,4052.0,4052.0,33.645,2784.939,912.064,675.3333333333334,0.096,6,6
2,598,7,4000.0,4000.0,61.957,2707.5750000000007,531.339,571.4285714285714,0.109,7,7
2,599,7,3942.0,3942.0,53.073,2683.975,516.975,563.1428571428571,0.121,7,7
2,600,5,4009.0,4009.0,40.724,2321.221,683.267,801.8,0.088,5,5
2,601,6,4071.0,4071.0,34.358,2243.294,453.169,678.5,0.166,6,6
2,602,5,4000.0,4000.0,54.807,1986.0729999999999,599.514,800.0,0.115,5,5
2,603,5,3835.0,3835.0,50.041,2101.682,553.773,767.0,0.178,5,5
2,604,5,3853.0,3853.0,42.572,1883.0670000000002,581.662,770.6,0.118,8,5
2,605,8,3910.0,3910.0,38.438,2706.9350000000004,514.344,488.75,0.125,5,8+
2,606,6,4027.0,4027.0,51.07,2123.878,468.675,671.1666666666666,0.11,6,6
2,607,6,3352.0,3352.0,24.936,2254.866,585.493,558.6666666666666,0.107,6,6
2,608,5,3557.0,3557.0,36.944,2183.7729999999997,779.385,711.4,0.16,5,5
2,609,7,3733.0,3733.0,36.837,2935.9510000000005,624.332,533.2857142857143,0.088,7,7
2,610,5,3545.0,3545.0,35.617,1921.5520000000001,500.622,709.0,0.142,5,5
2,611,6,3801.0,3801.0,52.055,2103.497,536.085,633.5,0.161,6,6
2,612,6,3989.0,3989.0,52.347,2384.0,585.924,664.8333333333334,0.139,6,6
2,613,5,3947.0,3947.0,57.71,2178.882,580.349,789.4,0.126,5,5
2,614,5,3503.0,3503.0,35.484,1958.8709999999999,548.852,700.6,0.15,5,5
2,615,6,3955.0,3955.0,54.546,2091.0860000000002,569.863,659.1666666666666,0.093,6,6
2,616,5,3877.0,3877.0,25.924,2271.487,606.422,775.4,0.137,5,5
2,617,5,3870.0,3870.0,37.853,2157.766,665.34,774.0,0.111,5,5
2,618,5,3485.0,3485.0,44.877,1913.329,667.791,697.0,0.246,6,5
2,619,6,3764.0,3764.0,51.347,2163.382,685.282,627.3333333333334,0.17,5,6
2,620,5,3860.0,3860.0,28.687,2047.5,827.023,772.0,0.149,5,5
2,621,6,3814.0,3814.0,29.173,2900.77,954.446,635.6666666666666,0.115,6,6
2,622,5,3924.0,3924.0,22.893,2071.725,591.087,784.8,0.13,5,5
2,623,6,4019.0,4019.0,51.707,2559.9800000000005,581.022,669.8333333333334,0.11,6,6
2,624,6,3806.0,3806.0,49.546,2008.74,472.241,634.3333333333334,0.086,6,6
2,625,4,3403.0,3403.0,39.64,2008.507,679.867,850.75,0.103,4,4
2,626,4,3545.0,3545.0,47.419,2037.782,767.159,886.25,0.11,4,4
2,627,4,4017.0,4017.0,23.905,1727.688,641.706,1004.25,0.107,4,4
2,628,6,4058.0,4058.0,26.687,2404.1180000000004,636.681,676.3333333333334,0.159,6,6
2,629,6,3755.0,3755.0,44.945,2744.7439999999997,664.606,625.8333333333334,0.131,6,6
2,630,5,3950.0,3950.0,39.83,2021.4440000000002,613.944,790.0,0.133,5,5
2,631,8,3895.0,3895.0,36.756,2450.165,531.284,486.875,0.108,8,8+
2,632,6,4042.0,4042.0,40.007,2385.48,648.905,673.6666666666666,0.098,6,6
2,633,5,3902.0,3902.0,52.127,2190.466,551.703,780.4,0.092,5,5
2,634,5,3865.0,3865.0,23.862,2278.426,562.384,773.0,0.111,6,5
2,635,6,4057.0,4057.0,53.158,2805.23,587.827,676.1666666666666,0.091,5,6
2,636,5,3851.0,3851.0,54.396,2723.326,692.227,770.2,0.116,7,5
2,637,7,4002.0,4002.0,24.857,2613.066,549.861,571.7142857142857,0.099,5,7
2,638,5,4053.0,4053.0,37.134,2001.5760000000002,475.386,810.6,0.112,7,5
2,639,7,3961.0,3961.0,26.492,2515.1589999999997,440.929,565.8571428571429,0.096,5,7
2,640,6,3854.0,3854.0,25.765,2334.897,540.809,642.3333333333334,0.117,5,6
2,641,5,3822.0,3822.0,51.648,2173.339,517.766,764.4,0.126,6,5
2,642,6,3782.0,3782.0,37.04,2177.702,481.192,630.3333333333334,0.101,6,6
2,643,6,3790.0,3790.0,37.874,2264.2630000000004,536.771,631.6666666666666,0.127,6,6
2,644,6,3803.0,3803.0,35.174,2262.353,430.473,633.8333333333334,0.134,4,6
2,645,4,4068.0,4068.0,53.733,1804.6000000000001,555.737,1017.0,0.095,6,4
2,646,8,3749.0,3749.0,51.533,2549.172,498.651,468.625,0.127,8,8+
2,647,9,4094.0,4094.0,50.248,3374.469,478.356,454.8888888888889,0.119,9,8+
2,648,6,4020.0,4020.0,52.656,2553.777,561.156,670.0,0.092,6,6
2,649,5,3969.0,3969.0,37.945,2158.8830000000003,560.755,793.8,0.129,5,5
2,650,5,3550.0,3550.0,46.206,1945.078,507.265,710.0,0.108,9,5
2,651,9,4048.0,4048.0,50.605,3327.924,523.66,449.77777777777777,0.131,5,8+
2,652,5,3822.0,3822.0,28.757,1894.92,563.773,764.4,0.13,6,5
2,653,6,4093.0,4093.0,37.114,2452.448,578.109,682.1666666666666,0.123,5,6
2,654,5,3995.0,3995.0,52.692,2113.045,669.186,799.0,0.12,4,5
2,655,4,3223.0,3223.0,46.187,1226.423,384.097,805.75,0.093,5,4
2,656,6,4062.0,4062.0,37.9,2255.105,698.136,677.0,0.109,8,6
2,657,8,4027.0,4027.0,76.913,3099.8140000000003,606.302,503.375,0.082,6,8+
2,658,6,4018.0,4018.0,26.862,2183.615,602.925,669.6666666666666,0.134,7,6
2,659,7,4009.0,4009.0,54.379,2799.733,667.911,572.7142857142857,0.112,6,7
2,660,7,3922.0,3922.0,40.72,2616.287,538.393,560.2857142857143,0.117,5,7
2,661,5,3999.0,3999.0,37.413,2327.069,594.625,799.8,0.125,7,5
2,662,5,3720.0,3720.0,29.36,1981.753,516.025,744.0,0.165,6,5
2,663,6,3898.0,3898.0,51.669,2167.2389999999996,457.118,649.6666666666666,0.079,5,6
2,664,6,4086.0,4086.0,51.293,2323.294,601.962,681.0,0.109,7,6
2,665,7,3923.0,3923.0,39.855,2680.316,516.805,560.4285714285714,0.147,6,7
2,666,5,4045.0,4045.0,36.76,2068.634,582.341,809.0,0.095,6,5
2,667,6,4075.0,4075.0,23.424,2543.653,655.43,679.1666666666666,0.121,5,6
2,668,6,3367.0,3367.0,49.199,2331.189,704.269,561.1666666666666,0.158,6,6
2,669,6,3952.0,3952.0,47.017,2154.853,582.251,658.6666666666666,0.107,6,6
2,670,6,3839.0,3839.0,48.549,2477.255,623.66,639.8333333333334,0.154,7,6
2,671,5,3819.0,3819.0,30.679,2225.2709999999997,770.266,763.8,0.109,6,5
2,672,7,3905.0,3905.0,35.079,2980.906,512.363,557.8571428571429,0.098,7,7
2,673,3,3772.0,3772.0,60.332,1729.634,660.031,1257.3333333333333,0.102,5,3
2,674,7,4066.0,4066.0,54.87,2552.778,521.162,580.8571428571429,0.129,5,7
2,675,5,3730.0,3730.0,48.204,2359.734,501.889,746.0,0.083,3,5
2,676,5,3867.0,3867.0,48.356,2282.809,561.556,773.4,0.128,7,5
2,677,4,3601.0,3601.0,49.206,1575.629,734.473,900.25,0.111,5,4
2,678,7,3876.0,3876.0,55.562,2338.216,492.422,553.7142857142857,0.148,6,7
2,679,6,4006.0,4006.0,47.112,2498.2249999999995,615.753,667.6666666666666,0.093,4,6
2,680,6,3900.0,3900.0,53.785,2372.7,507.9,650.0,0.118,6,6
2,681,6,3868.0,3868.0,49.831,2773.422,551.239,644.6666666666666,0.119,6,6
2,682,6,3808.0,3808.0,54.72,2456.258,536.471,634.6666666666666,0.117,6,6
2,683,6,4007.0,4007.0,25.303,2432.478,521.628,667.8333333333334,0.086,6,6
2,684,6,3864.0,3864.0,56.5,2183.868,512.251,644.0,0.097,5,6
2,685,5,3910.0,3910.0,28.237,2111.237,595.091,782.0,0.099,6,5
2,686,6,4018.0,4018.0,87.942,2326.611,605.765,669.6666666666666,0.127,5,6
2,687,5,3869.0,3869.0,88.448,2193.526,584.881,773.8,0.08,6,5
2,688,7,3850.0,3850.0,36.686,2535.8050000000003,514.447,550.0,0.145,7,7
2,689,6,3775.0,3775.0,46.148,2307.506,527.213,629.1666666666666,0.091,7,6
2,690,7,3988.0,3988.0,62.828,2942.2169999999996,538.799,569.7142857142857,0.096,5,7
2,691,5,3739.0,3739.0,35.438,2122.753,519.899,747.8,0.107,6,5
2,692,5,4061.0,4061.0,97.013,2415.076,752.701,812.2,0.116,6,5
2,693,6,3690.0,3690.0,49.278,2404.358,632.551,615.0,0.249,5,6
2,694,6,3992.0,3992.0,127.708,2487.998,659.231,665.3333333333334,0.145,8,6
2,695,6,4032.0,4032.0,40.752,2233.1459999999997,619.703,672.0,0.1,6,6
2,696,8,3994.0,3994.0,328.237,2730.695,430.663,499.25,526.656,8,8+
2,697,6,3931.0,3931.0,51.507,2526.581,590.6,655.1666666666666,0.1,6,6
2,698,8,4087.0,4087.0,39.369,3225.123,646.554,510.875,493.485,6,8+
2,699,6,3752.0,3752.0,43.267,2191.4680000000003,555.933,625.3333333333334,0.276,6,6
2,700,6,4029.0,4029.0,78.913,2273.34,622.313,671.5,445.433,7,6
2,701,6,3995.0,3995.0,53.886,2504.9309999999996,693.827,665.8333333333334,0.201,6,6
2,702,7,4012.0,4012.0,32.249,2581.525,539.885,573.1428571428571,359.582,6,7
2,703,6,3909.0,3909.0,70.003,2421.5880000000006,571.272,651.5,0.111,6,6
2,704,5,3837.0,3837.0,52.136,2037.783,595.991,767.4,451.828,6,5
2,705,6,3880.0,3880.0,232.017,2707.646,582.736,646.6666666666666,0.071,6,6
2,706,6,3980.0,3980.0,47.802,2436.647,635.045,663.3333333333334,1154.477,8,6
2,707,6,4059.0,4059.0,49.074,2205.6499999999996,629.813,676.5,0.106,5,6
2,708,7,4059.0,4059.0,49.586,2794.034,499.723,579.8571428571429,1366.556,6,7
2,709,8,4018.0,4018.0,48.312,3072.752,545.904,502.25,0.138,6,8+
2,710,5,3764.0,3764.0,46.222,2224.117,563.891,752.8,1285.969,5,5
2,711,6,4026.0,4026.0,40.095,2461.251,522.513,671.0,0.096,7,6
2,712,5,3877.0,3877.0,56.115,2273.488,619.118,775.4,975.721,4,5
2,713,5,3812.0,3812.0,37.519,2112.99,529.403,762.4,0.103,5,5
2,714,5,3864.0,3864.0,60.946,2089.9300000000003,482.606,772.8,767.463,4,5
2,715,4,3804.0,3804.0,51.161,1825.208,586.563,951.0,0.118,5,4
2,716,5,3945.0,3945.0,53.523,2119.231,689.263,789.0,401.576,5,5
2,717,4,3905.0,3905.0,43.649,2117.223,596.141,976.25,0.144,5,4
2,718,5,3967.0,3967.0,53.101,2351.437,635.98,793.4,458.388,5,5
2,719,5,3908.0,3908.0,49.447,2056.598,618.105,781.6,0.103,5,5
2,720,6,3968.0,3968.0,55.481,2255.5769999999998,546.534,661.3333333333334,908.807,8,6
2,721,5,3458.0,3458.0,48.95,2000.3970000000002,442.399,691.6,0.138,5,5
2,722,6,4057.0,4057.0,27.265,2236.58,571.842,676.1666666666666,1462.019,7,6
2,723,8,3976.0,3976.0,62.128,3084.309,500.238,497.0,0.08,6,8+
2,724,7,3827.0,3827.0,52.006,2747.236,533.301,546.7142857142857,795.644,6,7
2,725,7,4024.0,4024.0,24.912,2661.759,524.22,574.8571428571429,0.145,6,7
2,726,5,3934.0,3934.0,57.585,1875.927,569.383,786.8,747.379,7,5
2,727,6,4008.0,4008.0,26.589,2100.767,473.023,668.0,0.114,7,6
2,728,6,3930.0,3930.0,50.619,2461.017,617.079,655.0,42.145,5,6
2,729,7,3752.0,3752.0,53.897,2614.5080000000003,501.568,536.0,0.098,5,7
2,730,6,3865.0,3865.0,47.592,2261.995,585.98,644.1666666666666,0.118,6,6
2,731,5,3816.0,3816.0,40.505,1689.703,467.293,763.2,0.124,6,5
2,732,6,3945.0,3945.0,51.06,2188.287,634.89,657.5,0.106,7,6
2,733,6,3819.0,3819.0,46.997,2450.7709999999997,829.54,636.5,0.112,6,6
2,734,6,4064.0,4064.0,35.083,2280.339,652.003,677.3333333333334,0.121,5,6
2,735,7,3880.0,3880.0,40.018,2500.423,661.756,554.2857142857143,0.222,6,7
2,736,5,3968.0,3968.0,28.18,2141.516,817.266,793.6,0.13,5,5
2,737,7,4017.0,4017.0,52.296,2654.585,849.48,573.8571428571429,0.112,6,7
2,738,5,3977.0,3977.0,59.538,2204.118,612.353,795.4,0.123,7,5
2,739,6,3664.0,3664.0,33.696,2389.5879999999997,643.305,610.6666666666666,0.141,7,6
2,740,7,4007.0,4007.0,26.722,2892.2380000000003,672.695,572.4285714285714,0.147,6,7
2,741,6,3908.0,3908.0,26.797,2516.623,730.278,651.3333333333334,0.116,6,6
2,742,6,3438.0,3438.0,49.357,2146.4120000000003,555.327,573.0,0.146,6,6
2,743,5,4084.0,4084.0,41.588,1855.091,531.763,816.8,0.099,6,5
2,744,5,4001.0,4001.0,34.139,2304.06,628.917,800.2,0.113,4,5
2,745,6,4074.0,4074.0,49.328,2586.22,620.99,679.0,0.093,5,6
2,746,4,3518.0,3518.0,91.654,1646.549,510.162,879.5,0.164,5,4
2,747,5,4001.0,4001.0,53.965,2126.09,621.222,800.2,0.083,5,5
2,748,5,3957.0,3957.0,46.831,2132.534,654.129,791.4,0.126,6,5
2,749,5,4005.0,4005.0,27.24,2203.0420000000004,744.207,801.0,0.117,5,5
2,750,6,3969.0,3969.0,58.372,2247.08,510.794,661.5,0.127,7,6
2,751,8,3895.0,3895.0,51.728,2768.2299999999996,371.156,486.875,0.128,5,8+
2,752,7,3942.0,3942.0,30.142,2348.662,402.988,563.1428571428571,0.161,6,7
2,753,5,3848.0,3848.0,44.359,2314.575,651.243,769.6,0.079,8,5
2,754,6,3967.0,3967.0,43.758,2653.887,769.746,661.1666666666666,0.137,6,6
2,755,5,3924.0,3924.0,53.199,2123.7090000000003,599.113,784.8,0.117,5,5
2,756,6,4043.0,4043.0,58.54,2239.983,600.827,673.8333333333334,0.29,5,6
2,757,6,3914.0,3914.0,45.331,2344.5760000000005,535.979,652.3333333333334,0.124,5,6
2,758,5,3845.0,3845.0,47.083,2214.443,606.744,769.0,0.179,5,5
2,759,7,3956.0,3956.0,57.192,2736.245,522.324,565.1428571428571,0.079,6,7
2,760,5,3840.0,3840.0,55.729,2181.745,530.623,768.0,0.129,5,5
2,761,7,4016.0,4016.0,26.191,2816.337,696.766,573.7142857142857,0.199,7,7
2,762,5,3973.0,3973.0,68.858,1921.694,546.341,794.6,0.103,6,5
2,763,5,3592.0,3592.0,35.56,1984.9360000000001,490.579,718.4,0.138,7,5
2,764,6,3959.0,3959.0,94.079,2227.163,477.073,659.8333333333334,0.145,6,6
2,765,5,4027.0,4027.0,58.986,2517.4300000000003,779.482,805.4,0.08,5,5
2,766,6,4017.0,4017.0,98.537,2329.509,539.289,669.5,0.116,6,6
2,767,5,3662.0,3662.0,42.676,2532.616,728.961,732.4,0.11,5,5
2,768,6,3942.0,3942.0,38.959,2684.1459999999997,625.891,657.0,0.188,6,6
2,769,5,3866.0,3866.0,54.203,1980.3110000000001,454.147,773.2,0.145,5,5
2,770,6,3705.0,3705.0,206.795,2643.218,570.206,617.5,0.253,7,6
2,771,3,3789.0,3789.0,47.38,1610.179,854.956,1263.0,0.08,5,3
2,772,7,3993.0,3993.0,90.416,2533.6400000000003,494.922,570.4285714285714,0.175,6,7
2,773,7,4075.0,4075.0,30.129,2767.3360000000002,568.68,582.1428571428571,0.119,3,7
2,774,6,3847.0,3847.0,146.394,2504.189,608.247,641.1666666666666,0.127,8,6
2,775,6,3693.0,3693.0,58.59,2356.296,619.824,615.5,0.175,7,6
2,776,8,3915.0,3915.0,155.958,2929.0249999999996,567.597,489.375,129.805,8,8+
2,777,6,3941.0,3941.0,35.269,2855.8239999999996,743.28,656.8333333333334,0.111,6,6
2,778,8,3951.0,3951.0,103.763,2698.5829999999996,413.12,493.875,0.133,5,8+
2,779,6,3808.0,3808.0,56.447,2008.878,496.136,634.6666666666666,0.108,6,6
2,780,5,3682.0,3682.0,402.367,2207.491,642.245,736.4,0.098,5,5
2,781,6,3725.0,3725.0,57.901,2507.059,558.697,620.8333333333334,0.141,6,6
2,782,5,4000.0,4000.0,72.052,1980.11,731.875,800.0,439.139,6,5
2,783,7,3892.0,3892.0,103.177,2673.5640000000003,683.767,556.0,0.11,6,7
2,784,6,3970.0,3970.0,45.661,2688.267,688.12,661.6666666666666,135.631,5,6
2,785,5,3834.0,3834.0,36.581,2101.572,515.322,766.8,0.143,7,5
2,786,5,4085.0,4085.0,212.101,2014.173,630.924,817.0,0.135,3,5
2,787,5,3868.0,3868.0,50.039,2122.553,734.353,773.6,0.137,5,5
2,788,3,3342.0,3342.0,79.395,1665.663,1091.03,1114.0,0.149,5,3
2,789,5,3463.0,3463.0,44.665,2185.279,556.901,692.6,0.078,5,5
2,790,5,3715.0,3715.0,57.746,1898.158,499.362,743.0,0.133,4,5
2,791,7,3999.0,3999.0,52.777,2628.937,518.218,571.2857142857143,0.109,5,7
2,792,4,3847.0,3847.0,36.582,1978.511,626.793,961.75,0.102,7,4
2,793,6,3753.0,3753.0,43.794,2630.316,719.472,625.5,0.103,7,6
2,794,7,4030.0,4030.0,25.832,2985.851,592.316,575.7142857142857,0.15,5,7
2,795,6,3791.0,3791.0,26.594,2162.7290000000003,418.462,631.8333333333334,0.165,6,6
2,796,5,3817.0,3817.0,53.148,2315.352,528.543,763.4,0.207,6,5
2,797,7,3930.0,3930.0,52.315,2548.44,494.19,561.4285714285714,0.134,6,7
2,798,6,3933.0,3933.0,42.632,2370.177,573.511,655.5,0.119,6,6
2,799,6,3974.0,3974.0,47.565,2518.1470000000004,498.355,662.3333333333334,0.102,7,6
2,800,6,3792.0,3792.0,83.476,2569.096,517.753,632.0,0.145,5,6
2,801,5,3799.0,3799.0,49.046,2173.9809999999998,611.589,759.8,0.177,6,5
2,802,5,4063.0,4063.0,38.356,1939.379,488.603,812.6,0.129,7,5
2,803,6,4018.0,4018.0,38.862,2321.1940000000004,666.194,669.6666666666666,0.173,5,6
2,804,7,3788.0,3788.0,55.013,2509.997,477.359,541.1428571428571,0.256,4,7
2,805,6,4020.0,4020.0,53.882,2473.937,563.744,670.0,0.113,6,6
2,806,4,3192.0,3192.0,48.806,1825.55,573.585,798.0,0.139,5,4
2,807,6,3933.0,3933.0,35.012,2416.8799999999997,600.091,655.5,0.082,6,6
2,808,5,3841.0,3841.0,130.648,2059.093,676.085,768.2,0.173,7,5
2,809,6,3816.0,3816.0,50.871,2432.8289999999997,614.51,636.0,0.095,6,6
2,810,7,3891.0,3891.0,91.784,2707.1560000000004,517.587,555.8571428571429,0.154,7,7
2,811,5,3805.0,3805.0,38.849,2249.187,594.412,761.0,0.158,6,5
2,812,7,3923.0,3923.0,101.967,3191.4150000000004,729.167,560.4285714285714,217.625,8,7
2,813,6,3940.0,3940.0,49.912,2440.45,686.431,656.6666666666666,0.091,5,6
2,814,8,4057.0,4057.0,358.302,2924.126,554.354,507.125,1089.967,7,8+
2,815,6,3907.0,3907.0,39.988,2453.1499999999996,719.103,651.1666666666666,0.172,6,6
2,816,5,3871.0,3871.0,53.717,2358.794,600.704,774.2,148.845,5,5
2,817,7,4055.0,4055.0,84.457,2968.595,532.823,579.2857142857143,0.173,6,7
2,818,5,3856.0,3856.0,28.563,2240.208,822.527,771.2,666.795,5,5
2,819,5,3439.0,3439.0,57.246,1936.8090000000002,451.074,687.8,0.094,5,5
2,820,5,3957.0,3957.0,47.852,2476.043,860.173,791.4,844.207,6,5
2,821,5,3888.0,3888.0,239.134,2466.727,708.783,777.6,0.165,5,5
2,822,6,3631.0,3631.0,37.956,2192.907,509.438,605.1666666666666,472.269,6,6
2,823,7,4052.0,4052.0,28.701,3134.578,744.48,578.8571428571429,0.172,5,7
2,824,6,3691.0,3691.0,229.171,2218.123,555.176,615.1666666666666,267.912,5,6
2,825,8,3989.0,3989.0,42.703,2749.927,508.402,498.625,0.106,7,8+
2,826,5,4015.0,4015.0,85.699,1900.844,433.752,803.0,906.962,7,5
2,827,5,3788.0,3788.0,32.763,1968.902,568.988,757.6,0.117,8,5
2,828,7,3948.0,3948.0,97.299,2842.734,622.708,564.0,412.992,6,7
2,829,5,3751.0,3751.0,57.587,2044.266,633.86,750.2,0.135,5,5
2,830,5,3882.0,3882.0,48.856,2352.2670000000003,571.691,776.4,745.709,6,5
2,831,6,4053.0,4053.0,77.541,2710.313,842.634,675.5,0.179,5,6
2,832,6,3755.0,3755.0,57.777,2601.098,629.003,625.8333333333334,875.716,6,6
2,833,6,3899.0,3899.0,56.587,2449.531,538.575,649.8333333333334,0.136,5,6
2,834,6,3652.0,3652.0,43.092,2314.453,443.256,608.6666666666666,794.196,6,6
2,835,6,4057.0,4057.0,115.01,2287.8399999999997,537.894,676.1666666666666,0.14,6,6
2,836,6,4035.0,4035.0,60.446,2204.72,498.052,672.5,1203.0,5,6
2,837,6,4072.0,4072.0,397.636,2425.893,587.314,678.6666666666666,0.118,6,6
2,838,5,3821.0,3821.0,45.66,2345.199,684.487,764.2,521.412,3,5
2,839,5,3846.0,3846.0,127.073,2514.7169999999996,864.909,769.2,0.152,6,5
2,840,6,3908.0,3908.0,54.777,2604.625,587.113,651.3333333333334,0.127,5,6
2,841,3,3707.0,3707.0,63.993,1880.7359999999999,683.232,1235.6666666666667,0.227,5,3
2,842,5,3977.0,3977.0,42.233,2388.449,670.045,795.4,0.134,5,5
2,843,5,3354.0,3354.0,110.229,2281.775,586.228,670.8,0.09,6,5
2,844,5,3816.0,3816.0,53.845,1979.051,424.234,763.2,0.341,6,5
2,845,6,3799.0,3799.0,54.904,2706.793,511.065,633.1666666666666,0.179,5,6
2,846,6,3961.0,3961.0,66.023,2665.092,618.884,660.1666666666666,0.137,6,6
2,847,6,4009.0,4009.0,69.742,2727.9730000000004,698.401,668.1666666666666,0.134,6,6
2,848,6,3940.0,3940.0,70.461,2379.492,558.268,656.6666666666666,0.405,7,6
2,849,5,3615.0,3615.0,42.049,2304.197,668.213,723.0,0.096,6,5
2,850,7,4073.0,4073.0,155.665,2595.341,497.836,581.8571428571429,0.155,5,7
2,851,8,4074.0,4074.0,65.841,3059.032,519.026,509.25,0.145,5,8+
2,852,5,3910.0,3910.0,89.88,2110.6310000000003,563.226,782.0,0.157,5,5
2,853,6,3948.0,3948.0,52.691,2403.983,788.189,658.0,0.12,8,6
2,854,5,4039.0,4039.0,43.048,2229.3,679.348,807.8,0.144,7,5
2,855,6,3972.0,3972.0,45.627,2451.9069999999997,828.694,662.0,0.087,6,6
2,856,7,3761.0,3761.0,55.04,2567.1420000000003,505.121,537.2857142857143,0.16,5,7
2,857,5,3888.0,3888.0,60.583,2148.362,530.566,777.6,0.152,6,5
2,858,5,3890.0,3890.0,36.633,1900.546,618.953,778.0,0.246,5,5
2,859,5,3882.0,3882.0,54.169,2007.609,503.721,776.4,0.118,5,5
2,860,9,4065.0,4065.0,46.602,3451.056,517.257,451.6666666666667,0.193,6,8+
2,861,6,4068.0,4068.0,48.744,2726.713,636.076,678.0,0.22,9,6
2,862,7,3964.0,3964.0,379.501,2469.206,436.686,566.2857142857143,0.128,5,7
2,863,5,4028.0,4028.0,225.468,2165.785,691.603,805.6,0.146,7,5
2,864,6,4043.0,4043.0,59.721,2307.015,547.669,673.8333333333334,0.337,7,6
2,865,7,3937.0,3937.0,49.587,2660.5,575.214,562.4285714285714,0.14,6,7
2,866,6,3950.0,3950.0,29.78,2349.83,706.826,658.3333333333334,0.167,7,6
2,867,7,3873.0,3873.0,76.534,2432.36,629.357,553.2857142857143,0.108,6,7
2,868,5,3561.0,3561.0,75.207,2162.13,627.03,712.2,0.167,6,5
2,869,6,4052.0,4052.0,62.12,2479.7529999999997,632.227,675.3333333333334,0.134,5,6
2,870,7,4001.0,4001.0,163.955,2516.7740000000003,626.779,571.5714285714286,0.115,6,7
2,871,6,3797.0,3797.0,49.437,2238.869,488.331,632.8333333333334,0.124,7,6
2,872,7,3971.0,3971.0,52.395,2710.7439999999997,582.686,567.2857142857143,0.153,4,7
2,873,4,3872.0,3872.0,84.106,1998.996,595.291,968.0,0.119,7,4
2,874,6,3837.0,3837.0,121.264,2308.451,551.961,639.5,0.257,5,6
2,875,5,3864.0,3864.0,51.154,2091.681,499.383,772.8,0.14,6,5
2,876,5,4034.0,4034.0,95.315,2374.201,660.605,806.8,0.151,5,5
2,877,5,3628.0,3628.0,77.918,1797.387,457.872,725.6,0.114,5,5
2,878,8,3822.0,3822.0,32.28,2545.245,483.747,477.75,0.15,7,8+
2,879,7,4067.0,4067.0,30.331,2290.1189999999997,449.402,581.0,0.081,8,7
2,880,6,3963.0,3963.0,40.598,2392.4539999999997,575.227,660.5,0.165,6,6
2,881,7,3908.0,3908.0,232.201,2584.411,480.277,558.2857142857143,0.634,7,7
2,882,5,3659.0,3659.0,42.996,2308.6000000000004,604.993,731.8,0.139,5,5
2,883,5,3792.0,3792.0,41.156,2602.768,874.081,758.4,0.122,5,5
2,884,4,3729.0,3729.0,64.225,1832.767,561.469,932.25,0.168,4,4
2,885,5,4066.0,4066.0,44.812,2342.2070000000003,656.345,813.2,0.109,5,5
2,886,7,4018.0,4018.0,36.613,2609.2200000000003,491.885,574.0,0.142,7,7
2,887,5,3824.0,3824.0,25.878,2013.6549999999997,622.044,764.8,0.145,5,5
2,888,7,4016.0,4016.0,52.879,2650.9489999999996,487.624,573.7142857142857,0.16,7,7
2,889,7,3943.0,3943.0,52.771,2919.2580000000003,639.528,563.2857142857143,0.121,7,7
2,890,5,3805.0,3805.0,39.853,2200.3340000000003,637.482,761.0,0.197,5,5
2,891,5,4043.0,4043.0,37.433,2113.59,628.644,808.6,0.093,5,5
2,892,4,3889.0,3889.0,53.062,1870.546,714.542,972.25,0.145,6,4
2,893,6,3807.0,3807.0,52.403,2374.836,571.919,634.5,0.138,4,6
2,894,7,4022.0,4022.0,47.367,2653.5899999999997,576.531,574.5714285714286,0.164,6,7
2,895,6,4059.0,4059.0,29.89,2322.77,579.944,676.5,0.154,7,6
2,896,5,3901.0,3901.0,52.715,1985.2530000000002,620.18,780.2,0.584,5,5
2,897,6,3789.0,3789.0,57.449,2209.584,557.01,631.5,0.114,6,6
2,898,4,4039.0,4039.0,75.575,1783.6329999999998,621.721,1009.75,0.153,6,4
2,899,6,3895.0,3895.0,45.476,2345.625,628.089,649.1666666666666,0.134,4,6
2,900,5,3808.0,3808.0,54.743,2151.899,536.871,761.6,0.145,7,5
2,901,7,3740.0,3740.0,56.987,2671.133,555.863,534.2857142857143,0.178,5,7
2,902,5,3679.0,3679.0,91.389,2187.026,657.77,735.8,0.204,4,5
2,903,4,3945.0,3945.0,54.001,1870.4250000000002,763.6,986.25,0.142,5,4
2,904,6,3797.0,3797.0,49.885,2315.5730000000003,577.317,632.8333333333334,0.254,6,6
2,905,6,3729.0,3729.0,50.605,2194.4790000000003,534.306,621.5,0.197,6,6
2,906,6,3650.0,3650.0,60.05,2375.863,638.373,608.3333333333334,0.214,4,6
2,907,4,3758.0,3758.0,25.344,1978.624,726.886,939.5,0.178,6,4
2,908,5,3958.0,3958.0,77.646,2206.64,697.553,791.6,0.342,6,5
2,909,6,3751.0,3751.0,28.696,2442.949,704.322,625.1666666666666,0.136,5,6
2,910,6,3608.0,3608.0,50.424,2221.203,577.413,601.3333333333334,0.263,5,6
2,911,5,3546.0,3546.0,53.574,1984.4300000000003,548.142,709.2,0.124,6,5
2,912,5,3845.0,3845.0,60.518,1997.5610000000001,544.157,769.0,0.163,5,5
2,913,7,4003.0,4003.0,36.614,2511.411,478.018,571.8571428571429,0.181,7,7
2,914,6,3994.0,3994.0,53.361,2440.965,499.753,665.6666666666666,0.151,6,6
2,915,7,4088.0,4088.0,41.282,2846.009,488.221,584.0,0.184,7,7
2,916,5,3379.0,3379.0,26.523,2167.5310000000004,548.239,675.8,0.175,5,5
2,917,5,4019.0,4019.0,35.292,2093.958,654.673,803.8,0.202,5,5
2,918,7,4016.0,4016.0,28.79,2530.7000000000003,503.715,573.7142857142857,0.152,7,7
2,919,6,3413.0,3413.0,47.949,2339.011,495.632,568.8333333333334,0.173,6,6
2,920,5,3624.0,3624.0,57.179,2171.045,500.584,724.8,0.13,5,5
2,921,6,3815.0,3815.0,51.068,2579.6890000000003,613.019,635.8333333333334,0.482,6,6
2,922,4,4069.0,4069.0,287.116,1822.382,603.592,1017.25,0.187,4,4
2,923,6,4038.0,4038.0,57.274,2579.868,612.967,673.0,0.163,6,6
2,924,6,3840.0,3840.0,52.466,2619.884,585.819,640.0,0.153,6,6
2,925,6,3861.0,3861.0,39.224,2787.017,565.423,643.5,0.275,6,6
2,926,6,3980.0,3980.0,74.178,2533.346,596.173,663.3333333333334,0.128,6,6
2,927,4,3813.0,3813.0,55.483,1782.288,587.382,953.25,0.137,7,4
2,928,7,3779.0,3779.0,32.964,2728.485,514.382,539.8571428571429,0.141,4,7
2,929,7,3875.0,3875.0,28.62,2900.986,594.074,553.5714285714286,0.163,7,7
2,930,7,4069.0,4069.0,59.319,2879.3369999999995,613.89,581.2857142857143,0.109,7,7
2,931,6,3995.0,3995.0,35.866,2553.67,520.476,665.8333333333334,0.211,6,6
2,932,6,4091.0,4091.0,56.481,2580.397,546.374,681.8333333333334,0.192,6,6
2,933,6,4008.0,4008.0,38.407,2414.018,566.624,668.0,0.275,6,6
2,934,6,3946.0,3946.0,56.781,2422.998,498.077,657.6666666666666,0.324,6,6
2,935,5,3931.0,3931.0,52.74,2055.758,577.156,786.2,0.146,7,5
2,936,7,3751.0,3751.0,43.98,2574.148,533.87,535.8571428571429,0.119,5,7
2,937,5,4096.0,4096.0,48.644,2013.4879999999998,680.276,819.2,0.132,6,5
2,938,6,3865.0,3865.0,54.578,2501.877,802.886,644.1666666666666,0.132,5,6
2,939,5,4029.0,4029.0,33.31,2299.577,545.234,805.8,0.127,5,5
2,940,7,3763.0,3763.0,85.529,2667.3269999999998,622.371,537.5714285714286,0.147,7,7
2,941,4,4020.0,4020.0,58.427,2059.192,897.95,1005.0,0.224,6,4
2,942,6,3994.0,3994.0,56.305,2588.2900000000004,844.499,665.6666666666666,0.095,4,6
2,943,6,3749.0,3749.0,40.059,2272.0190000000002,726.406,624.8333333333334,0.176,6,6
2,944,5,4004.0,4004.0,52.869,2138.476,649.576,800.8,0.161,5,5
2,945,4,3979.0,3979.0,250.657,1828.013,523.24,994.75,0.111,4,4
2,946,6,3944.0,3944.0,38.174,2632.5960000000005,568.162,657.3333333333334,0.169,6,6
2,947,5,3367.0,3367.0,51.338,2118.058,477.433,673.4,0.155,5,5
2,948,6,3759.0,3759.0,49.174,2352.1719999999996,636.739,626.5,0.124,6,6
2,949,7,3965.0,3965.0,52.349,2780.7209999999995,475.678,566.4285714285714,0.134,7,7
2,950,6,3707.0,3707.0,37.734,2356.844,521.551,617.8333333333334,0.218,6,6
2,951,5,3856.0,3856.0,42.183,2196.667,575.481,771.2,0.119,5,5
2,952,5,3861.0,3861.0,49.243,1860.22,480.132,772.2,0.156,5,5
2,953,7,3962.0,3962.0,52.604,2729.841,591.706,566.0,0.203,7,7
2,954,5,3883.0,3883.0,64.55,2357.776,697.901,776.6,0.151,5,5
2,955,5,3963.0,3963.0,48.125,2226.319,538.588,792.6,0.148,5,5
2,956,7,4012.0,4012.0,53.297,2656.792,498.208,573.1428571428571,0.141,7,7
2,957,7,3660.0,3660.0,49.576,2849.9809999999998,494.177,522.8571428571429,0.1,7,7
2,958,6,3884.0,3884.0,42.826,2753.0429999999997,663.196,647.3333333333334,0.157,6,6
2,959,5,3854.0,3854.0,44.572,2387.243,661.729,770.8,0.206,5,5
2,960,6,3915.0,3915.0,50.24,1870.158,367.767,652.5,0.107,6,6
2,961,7,3820.0,3820.0,50.544,2669.5800000000004,582.638,545.7142857142857,0.206,7,7
2,962,6,3867.0,3867.0,38.627,2281.648,549.064,644.5,0.13,6,6
2,963,5,3841.0,3841.0,38.99,2032.4089999999999,520.653,768.2,0.1,5,5
2,964,6,3980.0,3980.0,48.933,2269.1409999999996,542.29,663.3333333333334,0.174,6,6
2,965,7,3456.0,3456.0,56.871,2396.944,519.06,493.7142857142857,0.168,7,7
2,966,7,3751.0,3751.0,34.178,2546.7490000000003,665.862,535.8571428571429,0.153,7,7
2,967,5,3603.0,3603.0,44.846,2111.84,581.774,720.6,0.137,5,5
2,968,5,4006.0,4006.0,58.537,1776.217,468.761,801.2,0.148,6,5
2,969,6,3729.0,3729.0,28.715,2856.994,776.373,621.5,0.097,5,6
2,970,6,3747.0,3747.0,37.803,2404.715,515.641,624.5,0.18,6,6
2,971,7,3963.0,3963.0,53.79,2846.7790000000005,600.998,566.1428571428571,0.199,7,7
2,972,6,3497.0,3497.0,51.905,2334.5730000000003,581.277,582.8333333333334,0.127,7,6
2,973,7,3964.0,3964.0,32.058,2845.7519999999995,536.288,566.2857142857143,0.123,6,7
2,974,4,3744.0,3744.0,51.228,1895.866,585.093,936.0,0.179,4,4
2,975,6,3823.0,3823.0,31.936,2765.192,615.336,637.1666666666666,0.103,6,6
2,976,5,3737.0,3737.0,28.119,2305.743,568.864,747.4,0.207,8,5
2,977,8,3845.0,3845.0,35.195,3356.01,611.514,480.625,0.112,5,8+
2,978,5,3941.0,3941.0,46.881,2082.752,620.503,788.2,0.11,5,5
2,979,5,4036.0,4036.0,55.012,2218.86,608.217,807.2,0.116,5,5
2,980,4,3973.0,3973.0,34.072,1899.7440000000001,907.782,993.25,0.133,4,4
2,981,7,4050.0,4050.0,30.208,3011.413,677.022,578.5714285714286,0.158,7,7
2,982,5,3882.0,3882.0,51.778,2100.57,643.797,776.4,0.166,5,5
2,983,6,4078.0,4078.0,52.56,2372.344,588.2,679.6666666666666,0.14,6,6
2,984,5,3676.0,3676.0,43.771,2033.765,509.611,735.2,0.124,7,5
2,985,7,3857.0,3857.0,47.404,2990.141,660.122,551.0,0.115,5,7
2,986,4,3892.0,3892.0,52.921,1931.9790000000003,878.283,973.0,0.134,5,4
2,987,5,3649.0,3649.0,27.185,2271.329,862.272,729.8,0.088,4,5
2,988,6,4042.0,4042.0,44.757,2164.209,451.763,673.6666666666666,0.151,6,6
2,989,6,3843.0,3843.0,51.469,2390.086,634.857,640.5,0.122,6,6
2,990,4,4052.0,4052.0,53.511,1967.9979999999998,750.175,1013.0,0.124,8,4
2,991,8,4039.0,4039.0,54.535,3047.2160000000003,649.918,504.875,0.107,4,8+
2,992,5,3461.0,3461.0,49.82,2470.641,812.235,692.2,0.168,8,5
2,993,8,4028.0,4028.0,39.862,3090.562,455.066,503.5,0.108,5,8+
2,994,6,3852.0,3852.0,57.831,2280.436,533.55,642.0,0.362,8,6
2,995,8,4027.0,4027.0,55.004,2937.779,556.287,503.375,0.11,6,8+
2,996,5,3836.0,3836.0,39.638,2033.7479999999998,700.069,767.2,0.11,4,5
2,997,4,3696.0,3696.0,48.706,1715.481,474.533,924.0,0.151,5,4
2,998,7,3841.0,3841.0,52.359,2785.4919999999997,498.87,548.7142857142857,0.148,6,7
2,999,6,3746.0,3746.0,55.012,2437.473,470.793,624.3333333333334,0.093,7,6
2,1000,5,3883.0,3883.0,29.972,2480.313,771.644,776.6,0.142,6,5
2,1001,6,3875.0,3875.0,66.067,2546.62,506.182,645.8333333333334,0.199,5,6
2,1002,8,3802.0,3802.0,54.059,2954.017,511.112,475.25,0.125,7,8+
2,1003,7,4034.0,4034.0,58.338,2835.0239999999994,617.766,576.2857142857143,0.155,8,7
2,1004,5,3924.0,3924.0,27.157,1817.541,489.799,784.8,0.156,6,5
2,1005,6,3900.0,3900.0,53.168,2577.3770000000004,498.227,650.0,0.124,5,6
2,1006,7,3964.0,3964.0,56.267,2791.609,494.369,566.2857142857143,0.161,8,7
2,1007,8,3848.0,3848.0,51.871,2802.3,502.375,481.0,0.154,7,8+
2,1008,5,3936.0,3936.0,26.918,2063.257,647.531,787.2,0.183,8,5
2,1009,4,3761.0,3761.0,37.396,1750.511,473.185,940.25,0.138,5,4
2,1010,8,3959.0,3959.0,35.288,3271.232,565.971,494.875,0.144,5,8+
2,1011,5,4044.0,4044.0,52.768,2287.6860000000006,579.681,808.8,0.109,4,5
2,1012,7,4056.0,4056.0,63.333,2734.3869999999997,640.698,579.4285714285714,0.159,5,7
2,1013,5,3877.0,3877.0,38.383,1968.572,524.599,775.4,0.14,7,5
2,1014,6,3322.0,3322.0,33.626,2316.027,617.612,553.6666666666666,0.346,5,6
2,1015,5,3969.0,3969.0,49.445,2445.261,606.51,793.8,0.135,6,5
2,1016,5,3536.0,3536.0,50.316,1983.637,831.592,707.2,0.176,6,5
2,1017,6,3999.0,3999.0,38.851,2436.77,568.642,666.5,0.104,5,6
2,1018,5,3828.0,3828.0,35.591,2220.0089999999996,655.486,765.6,0.175,5,5
2,1019,5,3787.0,3787.0,51.934,2165.445,585.346,757.4,0.12,5,5
2,1020,6,3936.0,3936.0,44.413,2251.395,830.066,656.0,0.116,4,6
2,1021,4,3322.0,3322.0,38.191,1788.6920000000002,676.769,830.5,0.177,6,4
2,1022,7,3928.0,3928.0,33.017,3018.294,654.803,561.1428571428571,0.158,6,7
2,1023,6,3791.0,3791.0,48.202,2293.076,508.71,631.8333333333334,0.296,7,6
2,1024,4,3904.0,3904.0,42.082,2331.16,1056.861,976.0,0.185,4,4
2,1025,7,3970.0,3970.0,50.924,2957.29,732.877,567.1428571428571,0.383,7,7
2,1026,3,3681.0,3681.0,53.229,1600.565,735.315,1227.0,0.121,3,3
2,1027,7,3919.0,3919.0,36.943,2413.439,483.918,559.8571428571429,0.125,7,7
2,1028,7,3949.0,3949.0,50.64,2739.5240000000003,575.288,564.1428571428571,0.127,7,7
2,1029,4,4068.0,4068.0,52.703,2129.153,754.024,1017.0,0.287,4,4
2,1030,5,3559.0,3559.0,45.568,2109.994,571.855,711.8,0.166,6,5
2,1031,6,4021.0,4021.0,55.249,2539.784,577.586,670.1666666666666,0.114,5,6
2,1032,5,3915.0,3915.0,51.586,2165.105,666.097,783.0,0.144,6,5
2,1033,6,3966.0,3966.0,34.899,2586.152,592.399,661.0,0.125,5,6
2,1034,5,3712.0,3712.0,29.661,2286.326,575.766,742.4,0.129,5,5
2,1035,7,4089.0,4089.0,44.114,3045.179,501.587,584.1428571428571,0.118,7,7
2,1036,5,3990.0,3990.0,55.31,2048.469,520.818,798.0,0.17,6,5
2,1037,6,4009.0,4009.0,42.649,2721.2839999999997,603.24,668.1666666666666,0.118,5,6
2,1038,5,3817.0,3817.0,28.304,2129.199,529.734,763.4,0.168,6,5
2,1039,6,3937.0,3937.0,25.921,2508.0060000000003,623.772,656.1666666666666,0.143,5,6
2,1040,6,3958.0,3958.0,59.997,2399.993,561.369,659.6666666666666,0.172,7,6
2,1041,7,3691.0,3691.0,47.919,2885.79,564.447,527.2857142857143,0.153,6,7
2,1042,6,3991.0,3991.0,44.53,2376.0409999999997,614.323,665.1666666666666,0.139,5,6
2,1043,5,3931.0,3931.0,35.084,2291.164,474.982,786.2,0.118,6,5
2,1044,6,3967.0,3967.0,40.111,2598.903,636.404,661.1666666666666,0.165,7,6
2,1045,7,3835.0,3835.0,50.254,2591.531,459.892,547.8571428571429,0.13,6,7
2,1046,7,4006.0,4006.0,55.883,2599.259,526.948,572.2857142857143,0.17,6,7
2,1047,6,3912.0,3912.0,37.914,2648.758,592.135,652.0,0.087,7,6
2,1048,5,4068.0,4068.0,43.064,2380.1079999999997,520.54,813.6,0.138,8,5
2,1049,8,3915.0,3915.0,52.811,3266.383,605.861,489.375,0.119,5,8+
2,1050,5,4043.0,4043.0,55.109,2227.33,518.778,808.6,0.106,6,5
2,1051,6,3949.0,3949.0,51.162,2305.912,549.113,658.1666666666666,0.136,5,6
2,1052,5,3890.0,3890.0,33.621,2132.15,493.224,778.0,0.153,5,5
2,1053,5,3865.0,3865.0,38.069,1987.2130000000002,501.581,773.0,0.106,5,5
2,1054,7,4042.0,4042.0,53.526,2357.853,476.954,577.4285714285714,0.139,5,7
2,1055,5,3372.0,3372.0,31.939,1803.6109999999999,532.358,674.4,0.133,7,5
2,1056,5,3962.0,3962.0,43.532,2033.53,560.662,792.4,0.208,8,5
2,1057,4,3813.0,3813.0,53.807,2334.7110000000002,642.429,953.25,0.142,5,4
2,1058,8,4092.0,4092.0,60.56,3436.716,567.872,511.5,0.156,6,8+
2,1059,6,3933.0,3933.0,36.86,2460.121,452.247,655.5,0.091,4,6
2,1060,6,3821.0,3821.0,53.888,2452.88,593.452,636.8333333333334,0.129,7,6
2,1061,7,3948.0,3948.0,55.166,2643.42,475.693,564.0,0.195,6,7
2,1062,7,3914.0,3914.0,43.069,2752.618,547.779,559.1428571428571,0.145,6,7
2,1063,7,4070.0,4070.0,42.018,2706.5899999999997,474.493,581.4285714285714,0.144,7,7
2,1064,6,3977.0,3977.0,50.201,2438.573,626.735,662.8333333333334,0.149,6,6
2,1065,6,3620.0,3620.0,26.221,2465.329,600.782,603.3333333333334,0.079,7,6
2,1066,6,3796.0,3796.0,54.06,2603.929,622.506,632.6666666666666,0.151,6,6
2,1067,5,3836.0,3836.0,34.768,2236.184,645.226,767.2,0.163,6,5
2,1068,6,3876.0,3876.0,28.927,2599.068,641.558,646.0,0.182,6,6
2,1069,5,3998.0,3998.0,51.806,2148.611,556.214,799.6,0.191,5,5
2,1070,6,3645.0,3645.0,51.399,2330.191,678.695,607.5,0.161,5,6
2,1071,5,3879.0,3879.0,44.249,2225.729,540.088,775.8,0.086,5,5
2,1072,5,3876.0,3876.0,50.936,2157.6110000000003,505.894,775.2,0.148,4,5
2,1073,5,3963.0,3963.0,53.797,2287.398,580.193,792.6,0.112,5,5
2,1074,4,3875.0,3875.0,49.338,2067.7740000000003,789.206,968.75,0.151,6,4
2,1075,6,3967.0,3967.0,39.593,2319.3320000000003,556.251,661.1666666666666,0.123,5,6
2,1076,6,3917.0,3917.0,40.42,2354.868,470.366,652.8333333333334,0.138,8,6
2,1077,6,3813.0,3813.0,51.432,2428.773,478.252,635.5,0.091,6,6
2,1078,8,3957.0,3957.0,49.329,3024.8810000000003,524.63,494.625,0.166,7,8+
2,1079,5,3896.0,3896.0,24.87,2238.339,581.22,779.2,0.131,6,5
2,1080,7,3762.0,3762.0,45.201,2704.472,633.344,537.4285714285714,0.149,7,7
2,1081,3,3831.0,3831.0,42.783,1744.004,900.162,1277.0,0.191,5,3
2,1082,7,3757.0,3757.0,50.651,2696.445,523.747,536.7142857142857,0.15,7,7
2,1083,6,3845.0,3845.0,55.3,2595.373,602.468,640.8333333333334,0.095,3,6
2,1084,4,3747.0,3747.0,37.669,1987.6750000000002,767.907,936.75,743.403,6,4
2,1085,7,3999.0,3999.0,52.78,2996.716,546.171,571.2857142857143,0.109,6,7
2,1086,5,4022.0,4022.0,50.266,2197.164,594.209,804.4,0.115,5,5
2,1087,6,3812.0,3812.0,22.492,2501.317,612.951,635.3333333333334,0.108,4,6
2,1088,5,3319.0,3319.0,39.364,2016.679,507.05,663.8,0.262,4,5
2,1089,7,3978.0,3978.0,43.905,2880.48,520.54,568.2857142857143,0.085,5,7
2,1090,4,3794.0,3794.0,27.76,2023.474,666.787,948.5,693.547,7,4
2,1091,5,3925.0,3925.0,50.496,2192.901,655.922,785.0,0.107,7,5
2,1092,6,3928.0,3928.0,35.775,2530.281,494.277,654.6666666666666,182.051,7,6
2,1093,7,3717.0,3717.0,49.102,3096.1189999999997,569.848,531.0,0.127,5,7
2,1094,5,3886.0,3886.0,52.665,2040.2779999999998,563.866,777.2,500.356,5,5
2,1095,7,3963.0,3963.0,32.348,2678.759,631.142,566.1428571428571,0.085,6,7
2,1096,6,3774.0,3774.0,35.089,2303.604,535.549,629.0,618.657,6,6
2,1097,5,4017.0,4017.0,59.811,2305.326,627.73,803.4,0.145,5,5
2,1098,6,3893.0,3893.0,28.293,2521.431,558.415,648.8333333333334,1138.463,8,6
2,1099,6,3329.0,3329.0,38.998,2804.2360000000003,656.472,554.8333333333334,0.138,6,6
2,1100,6,3531.0,3531.0,47.591,2162.21,547.999,588.5,1322.508,6,6
2,1101,5,3757.0,3757.0,33.118,1970.4270000000001,561.508,751.4,0.153,6,5
2,1102,8,3891.0,3891.0,54.904,2950.825,501.278,486.375,851.068,4,8+
2,1103,6,3987.0,3987.0,56.315,2498.066,549.645,664.5,0.133,6,6
2,1104,7,4087.0,4087.0,51.19,2939.809,616.201,583.8571428571429,0.144,5,7
2,1105,4,3925.0,3925.0,56.182,1779.2820000000002,499.965,981.25,0.124,5,4
2,1106,5,3835.0,3835.0,29.699,1914.3399999999997,484.947,767.0,369.564,6,5
2,1107,5,3766.0,3766.0,43.402,1847.4540000000002,489.575,753.2,0.092,7,5
2,1108,6,3876.0,3876.0,48.788,2506.64,640.69,646.0,0.165,5,6
2,1109,6,3943.0,3943.0,52.632,2691.6279999999997,536.156,657.1666666666666,0.13,5,6
2,1110,6,3967.0,3967.0,38.338,2228.9460000000004,534.48,661.1666666666666,0.1,5,6
2,1111,5,3906.0,3906.0,41.007,2133.921,673.005,781.2,0.121,6,5
2,1112,8,4058.0,4058.0,51.137,2668.245,393.349,507.25,0.176,7,8+
2,1113,5,3336.0,3336.0,48.979,2040.27,464.602,667.2,0.092,6,5
2,1114,7,4027.0,4027.0,30.926,2728.921,642.836,575.2857142857143,0.183,5,7
2,1115,7,3775.0,3775.0,41.46,2800.9779999999996,533.189,539.2857142857143,0.131,8,7
2,1116,4,4020.0,4020.0,87.17,1818.064,904.666,1005.0,0.105,5,4
2,1117,5,4010.0,4010.0,41.029,2089.069,618.424,802.0,0.117,7,5
2,1118,5,3906.0,3906.0,29.388,2351.735,731.378,781.2,0.165,5,5
2,1119,5,3866.0,3866.0,49.624,2297.745,598.46,773.2,0.09,4,5
2,1120,6,3449.0,3449.0,76.516,1934.1319999999998,416.584,574.8333333333334,0.125,5,6
2,1121,5,4019.0,4019.0,27.776,1767.478,525.326,803.8,0.216,5,5
2,1122,5,3868.0,3868.0,40.518,2218.6440000000002,838.619,773.6,0.132,5,5
2,1123,7,3965.0,3965.0,27.1,2680.2259999999997,761.154,566.4285714285714,0.118,6,7
2,1124,5,4017.0,4017.0,42.203,2137.7729999999997,552.482,803.4,0.135,5,5
2,1125,5,3613.0,3613.0,22.756,2123.725,584.015,722.6,0.116,7,5
2,1126,4,4068.0,4068.0,53.114,1583.247,492.077,1017.0,0.371,5,4
2,1127,5,4048.0,4048.0,54.059,2119.055,634.041,809.6,0.138,5,5
2,1128,5,3655.0,3655.0,31.719,1927.3919999999998,546.841,731.0,0.173,5,5
2,1129,7,4033.0,4033.0,42.839,3006.8030000000003,656.435,576.1428571428571,0.131,4,7
2,1130,5,3951.0,3951.0,50.239,2135.426,553.672,790.2,0.152,7,5
2,1131,6,3805.0,3805.0,47.969,2411.339,553.09,634.1666666666666,0.094,7,6
2,1132,7,3933.0,3933.0,34.752,2312.505,517.698,561.8571428571429,0.179,7,7
2,1133,7,3861.0,3861.0,39.177,3199.773,585.017,551.5714285714286,0.127,6,7
2,1134,7,3967.0,3967.0,49.506,2939.209,566.812,566.7142857142857,0.108,5,7
2,1135,5,3972.0,3972.0,42.607,2009.78,592.021,794.4,0.138,7,5
2,1136,5,3963.0,3963.0,32.482,1868.805,512.923,792.6,0.155,4,5
2,1137,4,3820.0,3820.0,51.857,1954.973,812.782,955.0,0.117,5,4
2,1138,5,3796.0,3796.0,49.14,2077.375,628.747,759.2,0.169,7,5
2,1139,5,3921.0,3921.0,32.99,2233.883,728.604,784.2,0.202,5,5
2,1140,7,3881.0,3881.0,43.51,2796.9460000000004,685.717,554.4285714285714,0.14,3,7
2,1141,5,3894.0,3894.0,49.138,1797.3020000000001,484.196,778.8,0.241,5,5
2,1142,3,3753.0,3753.0,49.993,1784.96,689.558,1251.0,0.22,6,3
2,1143,5,3787.0,3787.0,24.585,2304.414,570.238,757.4,0.131,5,5
2,1144,6,3967.0,3967.0,50.32,2469.091,529.745,661.1666666666666,0.134,5,6
2,1145,6,3968.0,3968.0,180.179,2441.6510000000003,578.014,661.3333333333334,0.22,5,6
2,1146,5,4080.0,4080.0,51.149,2031.797,651.876,816.0,0.106,4,5
2,1147,4,3910.0,3910.0,46.048,1859.2820000000002,840.778,977.5,0.226,6,4
2,1148,5,4057.0,4057.0,39.25,2082.117,543.224,811.4,0.181,5,5
2,1149,5,3852.0,3852.0,52.055,2320.519,765.304,770.4,0.12,5,5
2,1150,7,3918.0,3918.0,57.901,2788.973,644.035,559.7142857142857,0.151,8,7
2,1151,6,3880.0,3880.0,36.747,2246.6710000000003,482.515,646.6666666666666,0.153,7,6
2,1152,8,3932.0,3932.0,41.683,2938.4139999999998,483.193,491.5,0.11,5,8+
2,1153,6,3988.0,3988.0,25.781,2326.0690000000004,489.829,664.6666666666666,0.157,6,6
2,1154,5,3816.0,3816.0,51.628,2251.683,612.532,763.2,0.122,6,5
2,1155,6,3977.0,3977.0,52.197,2429.648,619.518,662.8333333333334,0.125,6,6
2,1156,7,3988.0,3988.0,48.752,2742.3279999999995,571.879,569.7142857142857,0.163,7,7
2,1157,7,3753.0,3753.0,27.238,2490.705,458.201,536.1428571428571,0.123,7,7
2,1158,7,3898.0,3898.0,29.544,2709.6639999999998,550.16,556.8571428571429,0.116,8,7
2,1159,5,3652.0,3652.0,49.125,2125.5919999999996,661.465,730.4,0.097,7,5
2,1160,8,4021.0,4021.0,42.804,3038.7470000000003,538.158,502.625,0.162,5,8+
2,1161,5,3883.0,3883.0,47.631,2197.872,643.786,776.6,0.122,5,5
2,1162,5,3827.0,3827.0,25.704,2001.92,498.436,765.4,0.229,5,5
2,1163,5,4073.0,4073.0,48.912,1791.9210000000003,516.984,814.6,0.201,5,5
2,1164,6,3944.0,3944.0,51.525,2322.924,549.886,657.3333333333334,0.167,5,6
2,1165,5,3563.0,3563.0,35.311,1921.5140000000001,564.557,712.6,0.138,6,5
2,1166,7,3775.0,3775.0,33.919,2684.508,510.708,539.2857142857143,0.129,8,7
2,1167,8,4093.0,4093.0,50.718,3182.258,627.862,511.625,0.085,7,8+
2,1168,5,4059.0,4059.0,88.761,2275.799,619.328,811.8,0.127,6,5
2,1169,6,3915.0,3915.0,38.53,1820.152,561.098,652.5,0.119,5,6
2,1170,8,3980.0,3980.0,100.745,2841.648,534.962,497.5,0.128,3,8+
2,1171,3,3848.0,3848.0,40.502,1855.4,1252.97,1282.6666666666667,0.109,8,3
2,1172,5,3905.0,3905.0,168.971,2088.696,534.899,781.0,0.158,5,5
2,1173,5,3995.0,3995.0,31.843,1898.629,472.846,799.0,0.106,5,5
2,1174,7,3863.0,3863.0,52.934,2502.779,548.042,551.8571428571429,0.198,7,7
2,1175,7,3511.0,3511.0,82.363,2560.7960000000003,530.692,501.57142857142856,0.136,7,7
2,1176,5,3827.0,3827.0,58.617,2164.437,523.24,765.4,0.179,4,5
2,1177,4,3843.0,3843.0,63.386,1957.0549999999998,649.876,960.75,0.203,5,4
2,1178,5,3801.0,3801.0,81.192,1579.792,494.59,760.2,0.196,5,5
2,1179,5,3685.0,3685.0,27.925,1684.6859999999997,455.258,737.0,0.086,5,5
2,1180,7,3959.0,3959.0,220.098,2777.9069999999997,734.608,565.5714285714286,0.307,9,7
2,1181,9,4036.0,4036.0,53.4,3504.926,730.349,448.44444444444446,0.197,7,8+
2,1182,4,3874.0,3874.0,47.659,1822.796,615.13,968.5,0.148,5,4
2,1183,5,3799.0,3799.0,50.067,2116.261,570.333,759.8,0.121,4,5
2,1184,6,3909.0,3909.0,259.53,2436.203,653.453,651.5,0.175,6,6
2,1185,6,3951.0,3951.0,181.712,2580.8469999999998,539.778,658.5,0.126,6,6
2,1186,3,3841.0,3841.0,47.953,1476.9250000000002,544.51,1280.3333333333333,0.181,5,3
2,1187,5,3381.0,3381.0,41.353,2150.8,519.138,676.2,0.125,3,5
2,1188,6,3826.0,3826.0,49.309,2212.5139999999997,454.48,637.6666666666666,0.489,6,6
2,1189,6,3931.0,3931.0,75.538,2359.419,511.962,655.1666666666666,0.199,6,6
2,1190,5,4056.0,4056.0,42.1,2343.933,636.594,811.2,0.173,6,5
2,1191,6,3944.0,3944.0,21.281,2415.787,548.628,657.3333333333334,0.109,5,6
2,1192,4,3680.0,3680.0,51.766,1954.6779999999999,651.247,920.0,0.163,7,4
2,1193,7,3934.0,3934.0,33.716,2538.2709999999997,552.966,562.0,0.132,4,7
2,1194,5,3934.0,3934.0,95.002,1993.5819999999999,634.793,786.8,0.216,5,5
2,1195,5,3311.0,3311.0,173.42,1895.182,471.298,662.2,0.135,5,5
2,1196,6,3891.0,3891.0,54.328,2236.581,628.788,648.5,0.17,8,6
2,1197,8,3994.0,3994.0,97.613,2997.254,504.364,499.25,0.128,6,8+
2,1198,6,4041.0,4041.0,41.639,2492.3999999999996,651.543,673.5,0.159,5,6
2,1199,5,3715.0,3715.0,52.352,2411.589,553.186,743.0,0.114,6,5
2,1200,6,4006.0,4006.0,53.582,2665.192,578.959,667.6666666666666,0.125,7,6
2,1201,7,4010.0,4010.0,46.696,2343.6710000000003,459.659,572.8571428571429,0.18,6,7
2,1202,8,4031.0,4031.0,42.586,3242.062,580.459,503.875,0.14,5,8+
2,1203,5,3931.0,3931.0,44.641,2095.905,575.01,786.2,0.111,8,5
2,1204,6,4050.0,4050.0,53.119,2511.304,575.464,675.0,0.168,5,6
2,1205,5,3922.0,3922.0,35.048,2294.698,577.358,784.4,0.184,6,5
2,1206,4,3768.0,3768.0,33.09,1675.444,489.653,942.0,0.364,4,4
2,1207,7,3927.0,3927.0,40.04,2716.984,570.201,561.0,0.345,7,7
2,1208,6,4011.0,4011.0,52.258,2649.815,556.785,668.5,0.137,6,6
2,1209,6,3833.0,3833.0,50.265,2423.758,559.558,638.8333333333334,0.115,6,6
2,1210,6,4025.0,4025.0,44.969,2284.3759999999997,575.448,670.8333333333334,0.195,6,6
2,1211,6,3902.0,3902.0,45.177,2597.37,711.837,650.3333333333334,0.143,6,6
2,1212,6,3904.0,3904.0,51.748,2338.671,542.973,650.6666666666666,0.189,6,6
2,1213,6,3625.0,3625.0,49.014,2342.871,582.229,604.1666666666666,0.123,6,6
2,1214,5,4089.0,4089.0,60.155,2272.5840000000003,604.431,817.8,0.128,5,5
2,1215,5,3852.0,3852.0,51.722,2392.65,572.46,770.4,0.123,5,5
2,1216,7,4036.0,4036.0,59.851,2959.173,516.834,576.5714285714286,0.135,7,7
2,1217,5,3907.0,3907.0,54.869,2303.6549999999997,673.62,781.4,0.135,5,5
2,1218,7,3988.0,3988.0,50.763,2451.7659999999996,454.207,569.7142857142857,0.128,7,7
2,1219,7,3974.0,3974.0,36.911,2611.1189999999997,507.973,567.7142857142857,0.183,7,7
2,1220,4,3709.0,3709.0,37.888,1641.106,519.866,927.25,0.233,6,4
2,1221,6,3995.0,3995.0,53.566,2253.783,474.81,665.8333333333334,0.213,4,6
2,1222,5,3547.0,3547.0,26.581,2162.412,573.276,709.4,0.463,5,5
2,1223,6,4062.0,4062.0,53.256,2469.792,536.588,677.0,0.156,6,6
2,1224,5,3882.0,3882.0,36.932,1882.04,570.639,776.4,0.162,6,5
2,1225,6,3500.0,3500.0,26.532,2406.94,586.023,583.3333333333334,0.184,5,6
2,1226,5,4062.0,4062.0,53.907,1908.3159999999998,550.358,812.4,0.177,6,5
2,1227,6,3728.0,3728.0,42.465,2345.172,476.425,621.3333333333334,0.141,5,6
2,1228,6,3991.0,3991.0,46.686,2495.8990000000003,595.611,665.1666666666666,0.18,5,6
2,1229,5,3809.0,3809.0,54.396,2298.841,677.083,761.8,0.15,6,5
2,1230,5,3633.0,3633.0,54.984,2189.091,614.573,726.6,0.133,7,5
2,1231,7,3960.0,3960.0,48.858,2437.533,523.898,565.7142857142857,0.118,5,7
2,1232,6,4096.0,4096.0,70.114,2152.71,427.654,682.6666666666666,0.183,7,6
2,1233,7,3990.0,3990.0,55.144,2859.0,561.29,570.0,0.101,6,7
2,1234,7,3944.0,3944.0,54.12,2595.561,509.172,563.4285714285714,0.365,5,7
2,1235,5,3670.0,3670.0,37.39,2058.5730000000003,549.438,734.0,0.144,7,5
2,1236,5,3999.0,3999.0,29.111,2094.834,574.117,799.8,0.122,5,5
2,1237,5,3591.0,3591.0,30.107,1952.0880000000002,561.365,718.2,0.152,5,5
2,1238,5,3816.0,3816.0,28.432,2201.781,632.676,763.2,0.176,6,5
2,1239,6,3706.0,3706.0,50.898,2218.884,544.231,617.6666666666666,0.113,5,6
2,1240,6,3958.0,3958.0,47.233,2360.9809999999998,447.982,659.6666666666666,0.228,6,6
2,1241,6,3919.0,3919.0,45.599,2485.105,534.178,653.1666666666666,0.219,6,6
2,1242,7,3844.0,3844.0,29.684,2398.376,557.291,549.1428571428571,0.187,6,7
2,1243,6,3679.0,3679.0,49.295,2383.476,633.927,613.1666666666666,0.147,7,6
2,1244,5,4079.0,4079.0,47.478,2761.759,816.732,815.8,0.131,6,5
2,1245,6,4052.0,4052.0,50.46,3031.3439999999996,656.877,675.3333333333334,0.122,5,6
2,1246,6,3992.0,3992.0,39.282,2545.03,513.527,665.3333333333334,0.179,5,6
2,1247,5,3789.0,3789.0,53.317,2216.866,582.472,757.8,0.7,6,5
2,1248,6,4072.0,4072.0,29.629,1968.486,523.884,678.6666666666666,0.153,6,6
2,1249,6,3851.0,3851.0,55.689,2177.939,574.817,641.8333333333334,0.148,6,6
2,1250,7,4021.0,4021.0,31.015,2539.096,624.33,574.4285714285714,0.185,7,7
2,1251,6,3807.0,3807.0,46.797,2405.647,682.371,634.5,0.112,6,6
2,1252,5,3855.0,3855.0,53.549,2179.138,551.946,771.0,0.129,5,5
2,1253,6,3780.0,3780.0,49.34,2703.505,577.905,630.0,0.138,6,6
2,1254,7,3789.0,3789.0,48.043,2868.0860000000002,830.532,541.2857142857143,0.28,7,7
2,1255,6,4068.0,4068.0,73.972,2496.039,610.684,678.0,0.142,6,6
2,1256,6,3872.0,3872.0,54.816,2375.993,642.507,645.3333333333334,0.166,6,6
2,1257,6,3745.0,3745.0,50.243,2027.2299999999998,425.945,624.1666666666666,0.117,6,6
2,1258,3,3626.0,3626.0,35.264,1565.1040000000003,677.758,1208.6666666666667,0.242,5,3
2,1259,5,4005.0,4005.0,39.189,2183.839,758.019,801.0,0.119,3,5
2,1260,6,3864.0,3864.0,50.476,2237.5930000000003,610.272,644.0,0.105,6,6
2,1261,5,3998.0,3998.0,40.693,2288.266,826.631,799.6,0.216,5,5
2,1262,5,3802.0,3802.0,49.248,2331.462,734.519,760.4,0.163,5,5
2,1263,5,3610.0,3610.0,55.589,2199.2569999999996,756.203,722.0,0.083,5,5
2,1264,6,3929.0,3929.0,51.842,2624.6240000000003,827.38,654.8333333333334,0.154,6,6
2,1265,6,4006.0,4006.0,34.436,2731.753,811.599,667.6666666666666,0.142,6,6
2,1266,6,4067.0,4067.0,25.157,2366.701,599.568,677.8333333333334,0.128,6,6
2,1267,8,4029.0,4029.0,51.691,3349.688,642.008,503.625,0.165,8,8+
2,1268,5,3936.0,3936.0,38.626,2273.878,618.295,787.2,0.161,5,5
2,1269,7,4067.0,4067.0,47.073,2781.037,775.41,581.0,0.105,7,7
2,1270,6,3814.0,3814.0,50.173,2551.669,602.243,635.6666666666666,0.135,6,6
2,1271,4,3914.0,3914.0,51.208,1836.5679999999998,772.279,978.5,0.126,4,4
2,1272,5,3756.0,3756.0,39.402,2341.3819999999996,697.552,751.2,0.105,5,5
2,1273,6,4049.0,4049.0,33.516,2229.516,513.455,674.8333333333334,0.132,6,6
2,1274,6,3502.0,3502.0,50.149,2561.384,559.446,583.6666666666666,0.133,6,6
2,1275,6,3995.0,3995.0,30.61,2560.164,479.828,665.8333333333334,0.103,6,6
2,1276,6,3722.0,3722.0,32.298,2436.1899999999996,447.181,620.3333333333334,0.166,6,6
2,1277,5,3960.0,3960.0,53.768,2276.543,612.532,792.0,0.136,5,5
2,1278,5,3960.0,3960.0,29.356,2441.8559999999998,658.525,792.0,0.149,5,5
2,1279,5,3946.0,3946.0,27.305,2202.4759999999997,633.583,789.2,0.15,5,5
2,1280,3,3989.0,3989.0,41.587,1742.9859999999999,860.909,1329.6666666666667,0.119,3,3
2,1281,5,3866.0,3866.0,62.639,2429.5120000000006,562.642,773.2,0.186,5,5
2,1282,6,4052.0,4052.0,42.153,2692.794,646.552,675.3333333333334,0.18,6,6
2,1283,6,3974.0,3974.0,39.838,2367.569,511.81,662.3333333333334,0.148,6,6
2,1284,6,3980.0,3980.0,52.352,2552.076,558.972,663.3333333333334,0.151,6,6
2,1285,6,3842.0,3842.0,52.234,2240.424,449.724,640.3333333333334,0.147,6,6
2,1286,6,3986.0,3986.0,37.22,2542.6320000000005,542.355,664.3333333333334,0.16,6,6
2,1287,6,3859.0,3859.0,40.842,2185.371,580.191,643.1666666666666,0.112,6,6
2,1288,7,3914.0,3914.0,52.186,2666.9139999999998,458.301,559.1428571428571,0.159,7,7
2,1289,6,4003.0,4003.0,52.747,2600.532,594.833,667.1666666666666,0.152,6,6
2,1290,6,3974.0,3974.0,48.354,2395.5740000000005,583.011,662.3333333333334,0.287,6,6
2,1291,6,3889.0,3889.0,41.549,2567.466,615.525,648.1666666666666,0.193,6,6
2,1292,6,4027.0,4027.0,56.592,2111.153,450.867,671.1666666666666,0.255,7,6
2,1293,7,4044.0,4044.0,53.192,2563.721,521.674,577.7142857142857,0.108,6,7
2,1294,5,3890.0,3890.0,56.099,2194.109,484.491,778.0,0.144,5,5
2,1295,6,3912.0,3912.0,58.7,2591.779,576.23,652.0,0.193,6,6
2,1296,5,3822.0,3822.0,54.112,2455.895,652.688,764.4,0.141,5,5
2,1297,6,4050.0,4050.0,44.535,2438.89,539.078,675.0,0.142,6,6
2,1298,5,3861.0,3861.0,46.459,1896.1329999999998,677.696,772.2,0.16,5,5
2,1299,7,4033.0,4033.0,61.112,2479.322,531.784,576.1428571428571,0.141,7,7
2,1300,6,3979.0,3979.0,28.265,2684.533,671.958,663.1666666666666,0.143,6,6
2,1301,6,4073.0,4073.0,53.051,2683.728,544.758,678.8333333333334,0.189,6,6
2,1302,5,3910.0,3910.0,44.606,1943.359,627.507,782.0,0.094,5,5
2,1303,6,4054.0,4054.0,25.688,2351.625,544.471,675.6666666666666,0.151,6,6
2,1304,6,3936.0,3936.0,35.388,2234.686,427.612,656.0,0.152,6,6
2,1305,7,3687.0,3687.0,50.669,2408.322,480.994,526.7142857142857,0.206,7,7
2,1306,4,3751.0,3751.0,53.496,1844.171,606.393,937.75,0.171,4,4
2,1307,6,3911.0,3911.0,41.775,2716.0159999999996,696.414,651.8333333333334,0.135,6,6
2,1308,5,3721.0,3721.0,40.704,2579.317,916.868,744.2,0.144,5,5
2,1309,5,3964.0,3964.0,54.409,1777.148,450.985,792.8,0.174,5,5
2,1310,7,3705.0,3705.0,50.246,2542.9829999999997,622.381,529.2857142857143,0.236,7,7
2,1311,6,3938.0,3938.0,36.774,2460.477,530.286,656.3333333333334,0.177,6,6
2,1312,7,3904.0,3904.0,44.846,2747.4620000000004,673.295,557.7142857142857,0.121,7,7
2,1313,6,3747.0,3747.0,49.766,2107.965,419.846,624.5,0.125,6,6
2,1314,5,3942.0,3942.0,52.408,2429.1209999999996,813.142,788.4,0.134,5,5
2,1315,5,3987.0,3987.0,55.451,2475.719,830.591,797.4,0.124,5,5
2,1316,7,3808.0,3808.0,33.394,2468.052,392.95,544.0,0.224,7,7
2,1317,6,3934.0,3934.0,37.964,2349.741,591.161,655.6666666666666,0.096,6,6
2,1318,6,4092.0,4092.0,27.456,2733.8510000000006,730.883,682.0,0.125,6,6
2,1319,6,3898.0,3898.0,53.313,2931.103,656.179,649.6666666666666,0.136,6,6
2,1320,5,3917.0,3917.0,25.233,2070.415,735.917,783.4,0.128,7,5
2,1321,7,3850.0,3850.0,48.495,2434.393,441.136,550.0,0.199,5,7
2,1322,6,3563.0,3563.0,37.466,2202.218,649.545,593.8333333333334,0.135,6,6
2,1323,6,3878.0,3878.0,25.449,2702.342,950.92,646.3333333333334,0.166,6,6
2,1324,6,3912.0,3912.0,53.707,2331.5609999999997,566.611,652.0,0.189,6,6
2,1325,7,3942.0,3942.0,48.686,2466.6519999999996,477.812,563.1428571428571,0.137,7,7
2,1326,4,3065.0,3065.0,26.685,1621.288,638.942,766.25,0.135,7,4
2,1327,7,3946.0,3946.0,44.136,2693.098,478.744,563.7142857142857,0.152,4,7
2,1328,5,3855.0,3855.0,63.806,2135.7309999999998,572.323,771.0,0.145,5,5
2,1329,7,3974.0,3974.0,55.375,3086.581,540.22,567.7142857142857,0.118,7,7
2,1330,7,3972.0,3972.0,39.878,2521.964,505.068,567.4285714285714,0.185,7,7
2,1331,7,3416.0,3416.0,29.404,2711.892,605.515,488.0,0.137,7,7
2,1332,5,3558.0,3558.0,35.701,1941.401,582.001,711.6,0.12,5,5
2,1333,5,3663.0,3663.0,50.022,2022.782,548.537,732.6,0.17,5,5
2,1334,6,4051.0,4051.0,55.418,2254.441,758.958,675.1666666666666,0.174,6,6
2,1335,5,3726.0,3726.0,38.88,2100.955,526.434,745.2,0.123,5,5
2,1336,6,4002.0,4002.0,49.343,2535.6180000000004,547.104,667.0,0.153,6,6
2,1337,6,3892.0,3892.0,51.977,2804.4610000000002,633.65,648.6666666666666,0.231,6,6
2,1338,6,3691.0,3691.0,50.771,2323.139,596.646,615.1666666666666,0.105,6,6
2,1339,5,3585.0,3585.0,27.943,1924.2400000000002,547.571,717.0,0.129,5,5
2,1340,5,3922.0,3922.0,49.644,1855.7600000000002,669.764,784.4,0.129,5,5
2,1341,6,3841.0,3841.0,26.605,2536.485,624.917,640.1666666666666,0.152,6,6
2,1342,4,3378.0,3378.0,34.491,1944.3049999999998,723.317,844.5,0.133,4,4
2,1343,7,3913.0,3913.0,50.327,3016.4880000000003,604.513,559.0,0.128,7,7
2,1344,6,4008.0,4008.0,53.384,2330.482,677.437,668.0,0.143,6,6
2,1345,6,3692.0,3692.0,36.694,2320.504,413.004,615.3333333333334,0.12,6,6
2,1346,4,3711.0,3711.0,49.345,2140.062,720.566,927.75,0.205,4,4
2,1347,6,3979.0,3979.0,58.401,2619.8849999999998,576.309,663.1666666666666,0.104,6,6
2,1348,4,3850.0,3850.0,50.08,1957.972,686.265,962.5,0.125,4,4
2,1349,8,3972.0,3972.0,39.653,2980.485,586.993,496.5,0.134,8,8+
2,1350,5,3857.0,3857.0,41.836,2415.09,794.339,771.4,0.139,5,5
2,1351,5,4044.0,4044.0,53.999,2082.661,542.767,808.8,0.188,5,5
2,1352,6,3894.0,3894.0,55.04,2431.023,678.016,649.0,0.137,6,6
2,1353,7,3945.0,3945.0,29.356,2555.715,462.447,563.5714285714286,0.112,7,7
2,1354,5,3799.0,3799.0,42.508,1872.8519999999999,569.547,759.8,0.171,5,5
2,1355,6,3958.0,3958.0,52.44,2272.412,489.55,659.6666666666666,0.145,6,6
2,1356,6,3761.0,3761.0,28.775,2434.639,504.94,626.8333333333334,0.115,6,6
2,1357,7,3957.0,3957.0,41.502,2556.293,500.018,565.2857142857143,0.147,7,7
2,1358,5,3865.0,3865.0,54.472,2215.81,654.758,773.0,0.132,5,5
2,1359,6,4017.0,4017.0,54.807,2514.896,574.697,669.5,0.124,6,6
2,1360,5,4086.0,4086.0,29.443,2327.62,679.707,817.2,0.126,5,5
2,1361,7,3874.0,3874.0,43.552,2710.011,570.828,553.4285714285714,0.14,7,7
2,1362,4,3701.0,3701.0,57.173,1583.34,441.114,925.25,0.117,4,4
2,1363,6,4046.0,4046.0,52.829,2389.0460000000003,523.61,674.3333333333334,0.136,6,6
2,1364,7,3837.0,3837.0,43.829,2482.386,682.419,548.1428571428571,0.12,7,7
2,1365,5,3326.0,3326.0,49.197,2159.976,620.79,665.2,0.1,5,5
2,1366,4,3894.0,3894.0,38.421,1934.357,873.693,973.5,0.184,4,4
2,1367,6,3986.0,3986.0,29.038,2591.765,614.16,664.3333333333334,0.147,6,6
2,1368,6,4000.0,4000.0,50.379,2409.661,640.716,666.6666666666666,0.143,6,6
2,1369,8,3966.0,3966.0,40.813,2601.718,456.08,495.75,0.121,8,8+
2,1370,5,3886.0,3886.0,31.721,2153.539,644.176,777.2,0.139,5,5
2,1371,5,3397.0,3397.0,33.884,1787.641,583.247,679.4,0.093,5,5
2,1372,5,3980.0,3980.0,50.957,2256.792,628.14,796.0,0.12,5,5
2,1373,5,4006.0,4006.0,49.174,2579.076,904.724,801.2,0.18,5,5
2,1374,6,4046.0,4046.0,42.668,2160.687,533.308,674.3333333333334,0.132,6,6
2,1375,5,3935.0,3935.0,42.748,2158.0769999999998,638.726,787.0,0.145,5,5
2,1376,5,3818.0,3818.0,51.483,1960.563,613.961,763.6,0.167,7,5
2,1377,7,3847.0,3847.0,50.337,2440.658,460.375,549.5714285714286,0.099,5,7
2,1378,5,3836.0,3836.0,23.598,2269.3109999999997,690.177,767.2,0.216,5,5
2,1379,6,4081.0,4081.0,40.686,2191.751,714.986,680.1666666666666,0.406,6,6
2,1380,5,3722.0,3722.0,35.486,2126.0519999999997,849.297,744.4,0.098,5,5
2,1381,5,3531.0,3531.0,45.965,1962.103,609.881,706.2,0.215,5,5
2,1382,5,3733.0,3733.0,50.454,2508.299,781.993,746.6,0.145,5,5
2,1383,6,3927.0,3927.0,38.074,2668.57,704.459,654.5,0.101,6,6
2,1384,5,3934.0,3934.0,44.298,2305.9,729.953,786.8,0.152,5,5
2,1385,6,3858.0,3858.0,51.318,2515.435,536.555,643.0,0.127,6,6
2,1386,6,3824.0,3824.0,25.851,2827.3729999999996,611.824,637.3333333333334,0.107,6,6
2,1387,6,3912.0,3912.0,33.746,2594.248,700.719,652.0,0.123,6,6
2,1388,5,3787.0,3787.0,38.359,1950.6080000000002,561.065,757.4,0.115,5,5
2,1389,8,3838.0,3838.0,51.163,2885.2920000000004,526.272,479.75,0.099,8,8+
2,1390,7,3912.0,3912.0,49.64,2449.2079999999996,441.476,558.8571428571429,0.123,7,7
2,1391,8,3691.0,3691.0,36.636,2865.626,409.208,461.375,0.137,8,8+
2,1392,5,3919.0,3919.0,58.661,2340.806,611.329,783.8,0.136,5,5
2,1393,6,4042.0,4042.0,54.522,2567.2720000000004,738.308,673.6666666666666,0.151,6,6
2,1394,6,3992.0,3992.0,52.211,2597.25,702.399,665.3333333333334,0.126,6,6
2,1395,4,4057.0,4057.0,57.414,1971.542,735.5,1014.25,0.095,4,4
2,1396,6,3810.0,3810.0,51.223,2260.868,501.424,635.0,0.114,6,6
2,1397,7,4011.0,4011.0,51.675,2409.169,533.144,573.0,0.108,7,7
2,1398,6,3992.0,3992.0,36.69,2571.349,776.845,665.3333333333334,0.111,6,6
2,1399,7,3931.0,3931.0,55.453,2458.688,558.579,561.5714285714286,0.143,7,7
2,1400,5,3957.0,3957.0,31.313,2381.006,735.253,791.4,0.131,5,5
2,1401,5,3754.0,3754.0,52.667,2022.933,546.192,750.8,0.113,5,5
2,1402,6,3917.0,3917.0,50.981,2545.088,551.883,652.8333333333334,0.136,6,6
2,1403,7,3644.0,3644.0,41.678,2818.27,532.322,520.5714285714286,0.122,7,7
2,1404,5,3752.0,3752.0,49.251,2138.045,721.784,750.4,0.092,5,5
2,1405,6,3970.0,3970.0,54.019,2641.844,585.076,661.6666666666666,0.103,6,6
2,1406,5,3858.0,3858.0,53.522,2172.999,559.511,771.6,0.117,5,5
2,1407,6,3933.0,3933.0,25.894,2562.2159999999994,621.829,655.5,0.1,6,6
2,1408,7,3991.0,3991.0,24.155,2468.212,477.625,570.1428571428571,0.206,7,7
2,1409,5,3835.0,3835.0,24.994,1941.179,458.17,767.0,0.291,5,5
2,1410,6,3954.0,3954.0,52.724,2371.837,629.128,659.0,0.135,6,6
2,1411,5,3913.0,3913.0,38.491,2079.353,589.399,782.6,0.129,5,5
2,1412,5,3872.0,3872.0,34.762,2214.151,708.212,774.4,0.154,5,5
2,1413,6,3658.0,3658.0,28.776,2305.184,765.79,609.6666666666666,0.099,6,6
2,1414,5,3583.0,3583.0,42.929,2263.667,644.204,716.6,0.119,5,5
2,1415,6,3986.0,3986.0,52.405,2536.072,721.807,664.3333333333334,0.118,6,6
2,1416,7,3990.0,3990.0,51.414,2819.591,760.853,570.0,0.099,7,7
2,1417,6,3912.0,3912.0,49.52,2487.334,507.262,652.0,0.14,6,6
2,1418,3,3225.0,3225.0,25.813,1244.661,574.054,1075.0,0.148,3,3
2,1419,6,3996.0,3996.0,35.551,2624.386,568.299,666.0,0.139,6,6
2,1420,6,3845.0,3845.0,50.445,2616.82,653.464,640.8333333333334,0.17,6,6
2,1421,4,3969.0,3969.0,33.442,1740.681,572.407,992.25,0.136,4,4
2,1422,6,4029.0,4029.0,29.895,2802.847,669.389,671.5,0.095,6,6
2,1423,6,3754.0,3754.0,52.382,2550.513,711.305,625.6666666666666,0.131,6,6
2,1424,6,4042.0,4042.0,38.793,2396.92,512.762,673.6666666666666,0.144,6,6
2,1425,6,3619.0,3619.0,42.782,2784.7850000000003,656.933,603.1666666666666,0.104,6,6
2,1426,6,3763.0,3763.0,50.12,2223.362,472.35,627.1666666666666,0.146,6,6
2,1427,6,3866.0,3866.0,48.583,2531.09,472.118,644.3333333333334,0.161,6,6
2,1428,6,4019.0,4019.0,59.048,2553.072,579.156,669.8333333333334,0.095,6,6
2,1429,5,3696.0,3696.0,34.918,2240.459,597.823,739.2,0.144,5,5
2,1430,8,3732.0,3732.0,51.891,3153.4120000000003,655.389,466.5,0.131,8,8+
2,1431,6,3947.0,3947.0,52.95,2432.665,564.008,657.8333333333334,0.095,6,6
2,1432,5,3923.0,3923.0,55.05,2052.031,633.312,784.6,0.17,6,5
2,1433,6,3836.0,3836.0,33.801,2489.74,558.34,639.3333333333334,0.098,5,6
2,1434,6,3586.0,3586.0,26.591,2347.5099999999998,418.518,597.6666666666666,0.101,7,6
2,1435,7,4034.0,4034.0,53.942,2833.781,496.036,576.2857142857143,0.135,6,7
2,1436,6,3940.0,3940.0,49.658,2557.697,463.742,656.6666666666666,0.183,7,6
2,1437,7,3950.0,3950.0,23.406,2713.7850000000003,495.193,564.2857142857143,0.163,6,7
2,1438,6,3976.0,3976.0,38.448,2519.06,543.466,662.6666666666666,0.14,7,6
2,1439,7,3956.0,3956.0,52.832,2789.911,650.059,565.1428571428571,0.096,6,7
2,1440,5,3937.0,3937.0,49.744,2021.6390000000001,595.15,787.4,0.103,6,5
2,1441,6,3983.0,3983.0,28.375,2107.269,545.99,663.8333333333334,0.131,5,6
2,1442,7,3996.0,3996.0,50.538,2582.1440000000002,457.433,570.8571428571429,0.125,5,7
2,1443,5,3871.0,3871.0,23.401,2169.2749999999996,616.646,774.2,0.089,7,5
2,1444,7,3698.0,3698.0,47.088,2474.8740000000003,440.972,528.2857142857143,0.137,5,7
2,1445,5,4047.0,4047.0,51.421,2074.686,604.591,809.4,0.097,7,5
2,1446,5,4026.0,4026.0,53.635,2327.579,637.082,805.2,0.152,5,5
2,1447,5,3711.0,3711.0,45.615,2026.158,511.833,742.2,0.102,5,5
2,1448,6,3910.0,3910.0,30.256,2279.0,522.119,651.6666666666666,0.126,6,6
2,1449,6,3924.0,3924.0,53.268,2462.772,540.149,654.0,0.077,6,6
2,1450,6,3620.0,3620.0,45.202,2367.046,525.796,603.3333333333334,0.135,6,6
2,1451,6,4039.0,4039.0,49.357,2439.47,658.289,673.1666666666666,0.122,6,6
2,1452,6,3999.0,3999.0,44.416,2168.547,522.891,666.5,0.112,5,6
2,1453,5,3964.0,3964.0,52.725,1872.5299999999997,562.409,792.8,0.106,6,5
2,1454,5,3955.0,3955.0,24.373,2190.604,798.787,791.0,0.167,7,5
2,1455,7,3858.0,3858.0,38.693,2811.038,593.493,551.1428571428571,0.08,5,7
2,1456,4,3646.0,3646.0,46.692,2073.808,665.826,911.5,0.15,7,4
2,1457,7,3980.0,3980.0,53.714,2534.9699999999993,546.943,568.5714285714286,0.117,4,7
2,1458,5,4011.0,4011.0,59.411,2302.5429999999997,638.652,802.2,0.104,6,5
2,1459,6,3966.0,3966.0,48.712,2421.011,558.659,661.0,0.122,5,6
2,1460,6,3772.0,3772.0,52.352,2771.225,614.404,628.6666666666666,0.137,6,6
2,1461,6,4059.0,4059.0,53.182,2718.61,549.266,676.5,0.175,6,6
2,1462,5,3874.0,3874.0,25.366,2008.546,519.793,774.8,0.121,5,5
2,1463,6,3985.0,3985.0,53.302,2519.6749999999997,567.413,664.1666666666666,0.121,6,6
2,1464,5,3675.0,3675.0,51.081,2292.072,766.163,735.0,0.112,6,5
2,1465,6,4010.0,4010.0,30.898,2400.465,669.111,668.3333333333334,0.106,5,6
2,1466,6,3958.0,3958.0,46.787,2636.7419999999997,730.965,659.6666666666666,0.144,6,6
2,1467,6,3913.0,3913.0,58.222,2600.125,672.042,652.1666666666666,0.079,6,6
2,1468,7,3993.0,3993.0,52.966,2764.2200000000003,509.146,570.4285714285714,0.151,7,7
2,1469,7,4028.0,4028.0,55.067,2742.8680000000004,518.772,575.4285714285714,0.123,7,7
2,1470,6,3893.0,3893.0,37.266,2459.9970000000003,641.962,648.8333333333334,0.088,6,6
2,1471,7,3813.0,3813.0,44.293,2745.41,649.226,544.7142857142857,0.116,7,7
2,1472,5,4026.0,4026.0,26.956,2506.456,787.162,805.2,0.141,5,5
2,1473,6,3956.0,3956.0,49.004,2465.899,602.558,659.3333333333334,0.265,6,6
2,1474,5,3701.0,3701.0,53.391,1952.368,451.582,740.2,0.139,5,5
2,1475,7,4083.0,4083.0,25.981,2502.2600000000007,554.894,583.2857142857143,0.123,7,7
2,1476,5,3789.0,3789.0,60.538,1692.036,404.089,757.8,0.095,5,5
2,1477,7,3680.0,3680.0,50.107,2716.041,619.617,525.7142857142857,0.108,7,7
2,1478,5,3888.0,3888.0,50.108,1965.4470000000001,678.955,777.6,0.115,5,5
2,1479,6,3784.0,3784.0,26.07,2224.687,488.334,630.6666666666666,0.275,6,6
2,1480,7,4072.0,4072.0,48.52,2590.4269999999997,493.682,581.7142857142857,0.143,7,7
2,1481,4,3509.0,3509.0,36.141,1899.446,596.862,877.25,0.162,4,4
2,1482,4,4034.0,4034.0,54.532,1814.1480000000001,683.938,1008.5,0.099,4,4
2,1483,6,3967.0,3967.0,52.093,1839.104,543.213,661.1666666666666,0.122,6,6
2,1484,5,3882.0,3882.0,34.466,2010.099,529.38,776.4,0.134,5,5
2,1485,5,3864.0,3864.0,47.822,2111.4790000000003,762.748,772.8,0.195,5,5
2,1486,6,4027.0,4027.0,30.056,2610.621,654.758,671.1666666666666,0.217,6,6
2,1487,6,3744.0,3744.0,54.693,2100.256,592.1,624.0,0.146,6,6
2,1488,6,3801.0,3801.0,38.502,2400.8700000000003,708.111,633.5,0.096,6,6
2,1489,8,3867.0,3867.0,37.825,2982.892,657.063,483.375,0.127,8,8+
2,1490,5,4033.0,4033.0,35.768,2312.784,634.789,806.6,0.134,5,5
2,1491,5,3830.0,3830.0,49.165,2486.555,629.892,766.0,0.093,5,5
2,1492,5,4019.0,4019.0,41.187,2343.672,668.301,803.8,0.145,8,5
2,1493,8,3987.0,3987.0,54.288,3501.575,620.58,498.375,0.136,5,8+
2,1494,6,3732.0,3732.0,62.721,2122.77,498.127,622.0,0.112,6,6
2,1495,6,3704.0,3704.0,71.466,2276.615,546.694,617.3333333333334,0.124,6,6
2,1496,6,3795.0,3795.0,35.967,2413.5460000000003,669.299,632.5,0.15,6,6
2,1497,6,3996.0,3996.0,52.47,2424.127,706.378,666.0,0.084,6,6
2,1498,3,3904.0,3904.0,42.811,1691.368,1128.429,1301.3333333333333,0.119,3,3
2,1499,6,3623.0,3623.0,50.793,2950.348,760.021,603.8333333333334,0.244,6,6
3,0,5,4016.0,4016.0,97.234,2908.796,1209.03,803.2,3203.084,5,5
3,1,5,3895.0,3895.0,128.089,2908.325,1203.23,779.0,0.389,5,5
3,2,6,3767.0,3767.0,56.978,2661.805,604.879,627.8333333333334,880.729,6,6
3,3,6,3932.0,3932.0,52.859,2755.843,663.649,655.3333333333334,0.144,6,6
3,4,5,3992.0,3992.0,34.533,2012.093,736.21,798.4,1438.304,6,5
3,5,6,3538.0,3538.0,38.534,2519.473,689.577,589.6666666666666,0.111,5,6
3,6,5,3902.0,3902.0,49.633,1785.9940000000001,456.19,780.4,1251.757,5,5
3,7,6,3732.0,3732.0,50.993,2789.273,723.577,622.0,186.979,6,6
3,8,4,3493.0,3493.0,59.257,2004.9409999999998,684.601,873.25,1352.297,4,4
3,9,6,3986.0,3986.0,46.431,2334.397,623.568,664.3333333333334,377.647,6,6
3,10,5,3850.0,3850.0,31.223,2073.748,578.722,770.0,1084.342,5,5
3,11,6,3984.0,3984.0,61.251,2408.023,703.62,664.0,394.933,6,6
3,12,6,3699.0,3699.0,41.361,2308.1690000000003,553.362,616.5,724.597,6,6
3,13,5,3872.0,3872.0,44.075,2377.807,553.651,774.4,491.3,5,5
3,14,6,3978.0,3978.0,47.96,2353.31,526.997,663.0,886.045,6,6
3,15,6,4025.0,4025.0,414.558,2106.101,485.841,670.8333333333334,277.536,6,6
3,16,6,3892.0,3892.0,190.024,2237.25,492.919,648.6666666666666,822.8,6,6
3,17,7,3648.0,3648.0,48.347,2714.021,551.564,521.1428571428571,1212.098,7,7
3,18,7,4081.0,4081.0,47.554,2886.527,549.973,583.0,690.361,7,7
3,19,7,3873.0,3873.0,59.114,2614.876,564.664,553.2857142857143,1523.277,7,7
3,20,6,3741.0,3741.0,68.508,2079.843,510.18,623.5,464.067,6,6
3,21,6,4085.0,4085.0,70.032,2633.288,598.338,680.8333333333334,1506.958,6,6
3,22,7,4063.0,4063.0,48.67,2468.5780000000004,559.085,580.4285714285714,297.292,7,7
3,23,6,3986.0,3986.0,111.198,2571.833,573.383,664.3333333333334,2168.587,6,6
3,24,7,3898.0,3898.0,212.22,2472.4139999999998,579.75,556.8571428571429,68.013,7,7
3,25,7,3740.0,3740.0,37.542,2548.7890000000007,457.283,534.2857142857143,2108.029,7,7
3,26,8,4021.0,4021.0,25.141,2631.429,401.443,502.625,369.398,8,8+
3,27,8,3998.0,3998.0,58.877,2608.034,440.837,499.75,1881.318,8,8+
3,28,7,3975.0,3975.0,56.728,2365.934,476.523,567.8571428571429,69.825,7,7
3,29,6,3972.0,3972.0,24.803,2677.976,534.517,662.0,2737.103,6,6
3,30,6,3974.0,3974.0,74.988,2906.0480000000002,706.869,662.3333333333334,0.078,6,6
3,31,6,3900.0,3900.0,52.944,2643.909,551.187,650.0,2540.447,7,6
3,32,7,3832.0,3832.0,82.737,3039.7920000000004,566.26,547.4285714285714,0.116,6,7
3,33,6,3831.0,3831.0,25.75,2392.02,570.974,638.5,2071.87,7,6
3,34,7,3989.0,3989.0,81.045,2451.228,450.552,569.8571428571429,0.105,6,7
3,35,5,3277.0,3277.0,55.83,1745.6789999999999,392.393,655.4,2573.817,6,5
3,36,6,3952.0,3952.0,206.697,2628.5399999999995,498.705,658.6666666666666,0.085,5,6
3,37,6,3885.0,3885.0,27.557,2408.518,547.383,647.5,1454.683,4,6
3,38,4,3939.0,3939.0,36.497,1879.1689999999999,601.63,984.75,0.109,6,4
3,39,6,3607.0,3607.0,49.332,2588.8280000000004,575.72,601.1666666666666,2217.862,7,6
3,40,7,3912.0,3912.0,97.483,2665.4049999999997,498.759,558.8571428571429,0.099,6,7
3,41,6,3973.0,3973.0,26.605,2412.975,557.735,662.1666666666666,2538.12,6,6
3,42,6,3856.0,3856.0,193.609,2695.607,644.932,642.6666666666666,0.082,6,6
3,43,6,3851.0,3851.0,50.297,2427.373,516.245,641.8333333333334,1671.324,5,6
3,44,5,3690.0,3690.0,178.463,2048.996,488.43,738.0,0.124,6,5
3,45,5,4044.0,4044.0,29.684,1926.432,473.279,808.8,2781.413,8,5
3,46,6,3841.0,3841.0,50.982,2131.397,432.932,640.1666666666666,0.103,5,6
3,47,8,3962.0,3962.0,85.5,3161.218,530.03,495.25,1861.982,5,8+
3,48,6,3989.0,3989.0,27.292,2410.646,550.232,664.8333333333334,0.082,6,6
3,49,5,3769.0,3769.0,52.916,2049.799,622.883,753.8,1936.925,6,5
3,50,4,3753.0,3753.0,50.179,1689.182,606.782,938.25,0.119,6,4
3,51,6,3942.0,3942.0,39.928,2360.74,648.387,657.0,1956.703,6,6
3,52,4,3917.0,3917.0,38.72,1882.452,661.682,979.25,0.096,4,4
3,53,6,3812.0,3812.0,54.532,2380.25,650.548,635.3333333333334,1467.965,4,6
3,54,4,3641.0,3641.0,67.67,1655.475,512.049,910.25,0.087,4,4
3,55,8,4009.0,4009.0,52.001,2975.8469999999998,469.505,501.125,2176.501,6,8+
3,56,6,3944.0,3944.0,50.585,2601.061,523.114,657.3333333333334,0.098,8,6
3,57,7,4069.0,4069.0,29.208,2947.669,501.303,581.2857142857143,1312.25,4,7
3,58,4,3810.0,3810.0,64.672,1771.002,477.679,952.5,0.096,7,4
3,59,4,3899.0,3899.0,53.274,1805.1850000000002,581.729,974.75,2213.176,6,4
3,60,6,3870.0,3870.0,25.783,2438.7560000000003,604.84,645.0,0.113,4,6
3,61,7,3936.0,3936.0,26.244,2442.8779999999997,511.711,562.2857142857143,2239.337,6,7
3,62,6,3918.0,3918.0,49.575,2728.6540000000005,589.397,653.0,0.104,7,6
3,63,5,4022.0,4022.0,50.673,2323.663,688.693,804.4,2639.004,8,5
3,64,6,3885.0,3885.0,38.897,2296.12,521.868,647.5,0.105,5,6
3,65,8,3932.0,3932.0,56.849,3089.1220000000003,480.2,491.5,1675.021,5,8+
3,66,5,3845.0,3845.0,54.425,1895.6239999999998,504.375,769.0,0.081,6,5
3,67,8,3839.0,3839.0,49.066,2907.677,456.089,479.875,1569.157,5,8+
3,68,5,3485.0,3485.0,46.785,2038.3020000000001,501.444,697.0,0.102,8,5
3,69,6,3960.0,3960.0,36.693,2189.5389999999998,476.107,660.0,1636.146,5,6
3,70,5,3783.0,3783.0,62.672,2075.1980000000003,495.12,756.6,0.141,6,5
3,71,6,3954.0,3954.0,47.931,2406.509,511.901,659.0,2184.754,6,6
3,72,6,3977.0,3977.0,41.837,2431.2080000000005,612.556,662.8333333333334,0.074,6,6
3,73,7,4006.0,4006.0,48.764,2625.3230000000003,532.595,572.2857142857143,2549.468,7,7
3,74,7,3917.0,3917.0,25.703,2984.522,505.98,559.5714285714286,0.116,7,7
3,75,7,4020.0,4020.0,52.145,2751.6759999999995,521.447,574.2857142857143,2052.251,7,7
3,76,7,3863.0,3863.0,53.991,2562.704,470.119,551.8571428571429,0.117,7,7
3,77,6,3936.0,3936.0,44.954,2194.184,504.612,656.0,2069.455,6,6
3,78,6,3894.0,3894.0,46.793,2299.417,476.537,649.0,0.083,6,6
3,79,5,3845.0,3845.0,49.827,2213.8559999999998,620.035,769.0,2126.519,6,5
3,80,6,3889.0,3889.0,54.323,2527.476,589.976,648.1666666666666,0.108,5,6
3,81,6,3976.0,3976.0,55.279,2585.2210000000005,532.605,662.6666666666666,1855.551,6,6
3,82,6,3780.0,3780.0,101.059,2373.653,528.513,630.0,0.096,6,6
3,83,5,3788.0,3788.0,87.778,2212.099,733.397,757.6,2729.854,8,5
3,84,5,3918.0,3918.0,35.915,2020.4409999999998,669.536,783.6,0.081,5,5
3,85,8,3705.0,3705.0,87.08,2932.1369999999997,698.921,463.125,2160.56,6,8+
3,86,5,4028.0,4028.0,52.787,2129.607,468.447,805.6,0.116,5,5
3,87,6,3725.0,3725.0,67.835,2540.9170000000004,652.307,620.8333333333334,1535.105,5,6
3,88,4,3426.0,3426.0,52.345,1409.285,502.366,856.5,0.107,5,4
3,89,5,3643.0,3643.0,36.827,2009.5759999999996,517.824,728.6,2581.309,6,5
3,90,8,4007.0,4007.0,98.326,3283.807,593.236,500.875,0.102,4,8+
3,91,6,4030.0,4030.0,101.838,2732.265,751.793,671.6666666666666,2683.472,6,6
3,92,3,3653.0,3653.0,33.363,1607.489,736.831,1217.6666666666667,0.106,8,3
3,93,5,3488.0,3488.0,23.402,2242.2509999999997,642.286,697.6,1620.37,5,5
3,94,6,3955.0,3955.0,179.323,2961.014,992.527,659.1666666666666,0.108,3,6
3,95,6,4079.0,4079.0,49.63,2228.426,504.726,679.8333333333334,1692.906,5,6
3,96,5,3933.0,3933.0,116.417,1989.6459999999997,484.062,786.6,0.099,5,5
3,97,5,4032.0,4032.0,38.305,2031.4650000000001,523.075,806.4,2991.088,9,5
3,98,5,3720.0,3720.0,42.997,1889.623,515.392,744.0,0.094,6,5
3,99,6,3837.0,3837.0,50.746,2407.295,558.572,639.5,1884.294,6,6
3,100,9,4053.0,4053.0,40.349,3397.62,538.851,450.3333333333333,0.107,5,8+
3,101,6,3945.0,3945.0,65.584,2167.2030000000004,438.363,657.5,1883.635,5,6
3,102,6,3978.0,3978.0,57.201,2305.683,519.845,663.0,0.096,6,6
3,103,5,3804.0,3804.0,51.094,2427.065,540.813,760.8,1956.994,7,5
3,104,5,3903.0,3903.0,91.186,2157.911,630.728,780.6,0.093,6,5
3,105,7,3906.0,3906.0,64.889,2605.817,487.636,558.0,2272.078,7,7
3,106,7,3872.0,3872.0,54.625,2385.9660000000003,437.434,553.1428571428571,0.129,5,7
3,107,8,4059.0,4059.0,53.729,2843.4249999999997,437.209,507.375,1999.91,5,8+
3,108,7,4044.0,4044.0,56.456,2715.079,512.045,577.7142857142857,0.084,7,7
3,109,5,3754.0,3754.0,30.549,2388.656,712.286,750.8,1678.996,5,5
3,110,5,3977.0,3977.0,52.636,2234.297,810.33,795.4,0.112,8,5
3,111,5,3798.0,3798.0,99.074,2119.569,609.762,759.6,2080.117,6,5
3,112,5,3993.0,3993.0,51.109,2128.007,621.551,798.6,0.151,5,5
3,113,6,3825.0,3825.0,51.581,2505.6340000000005,652.888,637.5,2103.716,6,6
3,114,9,4016.0,4016.0,29.019,3337.8419999999996,429.747,446.22222222222223,0.109,5,8+
3,115,6,3897.0,3897.0,24.549,2336.249,528.088,649.5,1879.035,5,6
3,116,5,4028.0,4028.0,40.42,2286.6279999999997,635.249,805.6,0.117,9,5
3,117,5,4056.0,4056.0,45.506,2314.9429999999998,636.067,811.2,2040.752,6,5
3,118,7,4069.0,4069.0,67.033,2582.663,490.016,581.2857142857143,0.112,5,7
3,119,6,4017.0,4017.0,61.017,2503.1339999999996,657.862,669.5,2121.411,6,6
3,120,5,3993.0,3993.0,45.205,2356.172,653.712,798.6,0.08,7,5
3,121,6,4008.0,4008.0,44.881,2322.784,538.234,668.0,1712.745,6,6
3,122,7,3954.0,3954.0,95.196,2689.1569999999997,637.956,564.8571428571429,0.115,5,7
3,123,6,3912.0,3912.0,61.486,2203.6710000000003,431.414,652.0,1845.461,6,6
3,124,6,3984.0,3984.0,73.278,2323.761,467.676,664.0,0.212,7,6
3,125,6,3904.0,3904.0,37.157,2323.85,577.711,650.6666666666666,2466.467,7,6
3,126,7,4062.0,4062.0,97.455,3486.514,785.437,580.2857142857143,0.096,6,7
3,127,7,3998.0,3998.0,51.576,2675.619,484.832,571.1428571428571,2631.007,7,7
3,128,3,3668.0,3668.0,265.479,1624.9610000000002,552.563,1222.6666666666667,0.107,7,3
3,129,7,3986.0,3986.0,27.796,3041.2450000000003,556.691,569.4285714285714,1798.348,7,7
3,130,7,3906.0,3906.0,54.372,2597.813,506.316,558.0,0.121,3,7
3,131,7,3485.0,3485.0,45.664,2313.393,480.214,497.85714285714283,2681.495,8,7
3,132,7,3969.0,3969.0,148.268,2547.757,521.88,567.0,0.088,7,7
3,133,8,4092.0,4092.0,50.421,2879.383,469.436,511.5,2059.432,5,8+
3,134,6,3978.0,3978.0,32.913,2336.126,559.282,663.0,0.122,7,6
3,135,5,4063.0,4063.0,56.82,2462.497,898.728,812.6,1946.742,6,5
3,136,6,4069.0,4069.0,60.508,2779.689,770.776,678.1666666666666,0.133,6,6
3,137,6,4030.0,4030.0,45.645,2399.715,472.738,671.6666666666666,1648.225,5,6
3,138,5,4002.0,4002.0,91.893,2027.413,493.367,800.4,0.078,6,5
3,139,5,3896.0,3896.0,41.181,1845.8000000000002,522.669,779.2,2362.826,7,5
3,140,5,3829.0,3829.0,85.572,2448.945,672.855,765.8,0.15,5,5
3,141,7,3960.0,3960.0,64.649,2710.149,518.953,565.7142857142857,2112.616,7,7
3,142,6,3998.0,3998.0,71.349,2609.693,667.533,666.3333333333334,0.099,5,6
3,143,7,4043.0,4043.0,54.991,2650.4289999999996,596.728,577.5714285714286,2520.459,7,7
3,144,5,4001.0,4001.0,351.934,1925.167,568.406,800.2,0.088,6,5
3,145,4,3764.0,3764.0,49.082,1856.676,709.105,941.0,2227.032,7,4
3,146,7,4005.0,4005.0,45.041,2655.006,510.133,572.1428571428571,0.113,5,7
3,147,5,3821.0,3821.0,62.306,2314.9139999999998,836.239,764.2,1724.199,5,5
3,148,7,3921.0,3921.0,55.468,2753.8239999999996,576.69,560.1428571428571,0.093,4,7
3,149,4,3560.0,3560.0,44.128,1713.842,569.72,890.0,2771.54,8,4
3,150,5,4026.0,4026.0,39.877,2180.667,524.834,805.2,0.103,5,5
3,151,5,3880.0,3880.0,92.895,2197.473,528.782,776.0,1808.106,6,5
3,152,8,3966.0,3966.0,51.106,3006.185,634.25,495.75,0.108,4,8+
3,153,7,3733.0,3733.0,81.245,2591.481,491.147,533.2857142857143,2561.873,8,7
3,154,6,3645.0,3645.0,35.837,2240.094,576.391,607.5,0.102,5,6
3,155,7,3941.0,3941.0,90.957,2917.0789999999997,604.155,563.0,2234.711,6,7
3,156,8,3973.0,3973.0,48.027,2976.349,556.983,496.625,0.132,7,8+
3,157,5,3942.0,3942.0,66.454,2280.5460000000003,588.234,788.4,1938.744,6,5
3,158,6,4059.0,4059.0,62.334,2428.386,604.582,676.5,0.14,7,6
3,159,7,3957.0,3957.0,122.289,2597.1470000000004,579.601,565.2857142857143,1266.417,4,7
3,160,6,4033.0,4033.0,25.711,2410.999,505.982,672.1666666666666,0.16,5,6
3,161,5,3424.0,3424.0,40.967,2116.347,546.08,684.8,2020.797,6,5
3,162,4,3744.0,3744.0,49.312,1721.547,491.196,936.0,0.112,7,4
3,163,6,4056.0,4056.0,53.776,2427.071,572.71,676.0,2153.022,6,6
3,164,6,3853.0,3853.0,58.207,2278.9640000000004,455.141,642.1666666666666,0.116,5,6
3,165,8,3968.0,3968.0,35.899,3137.121,538.791,496.0,2048.286,6,8+
3,166,6,3910.0,3910.0,53.343,2551.4610000000002,508.371,651.6666666666666,0.114,6,6
3,167,7,3849.0,3849.0,51.146,2556.3869999999997,537.595,549.8571428571429,2475.942,7,7
3,168,6,3997.0,3997.0,53.67,2501.466,563.899,666.1666666666666,0.086,8,6
3,169,6,3512.0,3512.0,81.192,2473.0119999999997,553.853,585.3333333333334,2258.622,6,6
3,170,7,3863.0,3863.0,24.331,2695.7479999999996,492.397,551.8571428571429,0.119,7,7
3,171,7,4081.0,4081.0,52.212,2675.669,546.303,583.0,2179.575,7,7
3,172,6,3943.0,3943.0,51.917,2672.9080000000004,669.088,657.1666666666666,0.11,6,6
3,173,6,3900.0,3900.0,36.773,2274.7729999999997,521.251,650.0,2182.157,6,6
3,174,7,3911.0,3911.0,27.874,2646.9840000000004,720.015,558.7142857142857,0.092,7,7
3,175,6,3868.0,3868.0,49.18,2639.208,618.554,644.6666666666666,2038.301,7,6
3,176,6,3831.0,3831.0,49.915,2388.7419999999997,511.467,638.5,0.114,6,6
3,177,5,3328.0,3328.0,50.592,2064.98,660.722,665.6,1956.674,5,5
3,178,7,4058.0,4058.0,36.444,2456.4249999999997,632.967,579.7142857142857,0.127,6,7
3,179,6,3916.0,3916.0,29.262,2360.106,486.239,652.6666666666666,2346.786,6,6
3,180,5,4047.0,4047.0,51.438,2425.886,665.409,809.4,0.076,5,5
3,181,6,3958.0,3958.0,101.892,2504.605,617.679,659.6666666666666,1980.257,6,6
3,182,6,3936.0,3936.0,39.237,2543.0629999999996,591.487,656.0,0.128,6,6
3,183,5,3945.0,3945.0,35.341,2174.577,522.201,789.0,2442.446,8,5
3,184,6,4018.0,4018.0,75.449,2484.855,582.659,669.6666666666666,0.155,6,6
3,185,7,3933.0,3933.0,61.081,2733.185,506.533,561.8571428571429,2435.272,7,7
3,186,8,3751.0,3751.0,51.489,2881.567,483.096,468.875,0.073,5,8+
3,187,6,3782.0,3782.0,37.019,2600.913,692.46,630.3333333333334,2146.655,6,6
3,188,7,3658.0,3658.0,56.611,2704.5350000000003,703.637,522.5714285714286,0.11,7,7
3,189,6,3912.0,3912.0,51.375,2284.112,523.028,652.0,2208.449,6,6
3,190,6,4012.0,4012.0,49.228,2551.885,697.626,668.6666666666666,0.105,6,6
3,191,6,3810.0,3810.0,34.976,2413.217,635.246,635.0,2728.026,7,6
3,192,6,3989.0,3989.0,55.591,2664.371,730.144,664.8333333333334,0.107,6,6
3,193,7,4067.0,4067.0,52.652,2783.357,550.617,581.0,2183.681,7,7
3,194,7,3965.0,3965.0,50.9,2889.7030000000004,644.145,566.4285714285714,0.149,6,7
3,195,6,4056.0,4056.0,38.328,2512.3849999999998,695.911,676.0,1988.791,6,6
3,196,7,3985.0,3985.0,24.87,2617.1850000000004,554.591,569.2857142857143,0.141,7,7
3,197,7,3772.0,3772.0,49.091,3202.4069999999997,574.16,538.8571428571429,2500.179,7,7
3,198,6,3998.0,3998.0,48.015,2449.391,614.47,666.3333333333334,0.096,6,6
3,199,4,3840.0,3840.0,52.112,2396.962,735.424,960.0,1873.346,6,4
3,200,7,3831.0,3831.0,26.437,2751.54,614.849,547.2857142857143,0.116,7,7
3,201,7,4054.0,4054.0,57.033,2961.7120000000004,646.781,579.1428571428571,1271.677,4,7
3,202,6,3851.0,3851.0,55.314,2273.648,534.524,641.8333333333334,0.123,4,6
3,203,5,3702.0,3702.0,40.035,2326.8140000000003,663.735,740.4,2428.63,7,5
3,204,4,3665.0,3665.0,46.037,1788.1080000000002,601.81,916.25,0.157,7,4
3,205,7,4001.0,4001.0,55.599,2862.02,630.034,571.5714285714286,1733.105,5,7
3,206,7,4096.0,4096.0,71.901,2589.3309999999997,511.043,585.1428571428571,0.112,5,7
3,207,5,3996.0,3996.0,41.232,2109.761,561.045,799.2,2000.643,6,5
3,208,5,3864.0,3864.0,23.175,2164.848,498.941,772.8,0.146,7,5
3,209,7,3932.0,3932.0,51.981,2689.475,493.855,561.7142857142857,1969.97,6,7
3,210,6,3990.0,3990.0,27.266,2471.296,582.777,665.0,0.102,5,6
3,211,4,3777.0,3777.0,39.967,1983.832,712.059,944.25,2388.951,6,4
3,212,6,4013.0,4013.0,52.176,2170.743,628.866,668.8333333333334,0.106,7,6
3,213,5,3117.0,3117.0,35.43,2055.723,441.706,623.4,1315.889,5,5
3,214,6,3911.0,3911.0,37.975,2820.1100000000006,725.237,651.8333333333334,0.116,4,6
3,215,6,4044.0,4044.0,57.345,2393.3520000000003,529.167,674.0,1589.595,4,6
3,216,5,3344.0,3344.0,52.018,1817.9950000000001,430.403,668.8,0.092,5,5
3,217,5,4011.0,4011.0,45.692,2185.527,517.545,802.2,1877.214,6,5
3,218,4,3845.0,3845.0,63.279,1775.372,586.667,961.25,0.104,6,4
3,219,6,3756.0,3756.0,53.545,2229.047,457.05,626.0,1897.525,5,6
3,220,7,3955.0,3955.0,54.288,2718.5769999999998,551.478,565.0,0.114,5,7
3,221,5,3975.0,3975.0,54.578,2409.574,597.96,795.0,2084.824,6,5
3,222,6,3865.0,3865.0,32.794,2369.4349999999995,615.496,644.1666666666666,0.101,7,6
3,223,6,3571.0,3571.0,26.139,2435.581,460.814,595.1666666666666,2249.311,7,6
3,224,7,3952.0,3952.0,50.041,2398.978,488.324,564.5714285714286,0.121,6,7
3,225,7,3787.0,3787.0,56.5,2661.421,601.855,541.0,1900.484,5,7
3,226,7,4073.0,4073.0,41.339,2938.601,614.796,581.8571428571429,0.105,7,7
3,227,5,3871.0,3871.0,38.517,2448.634,589.05,774.2,2315.056,6,5
3,228,7,4067.0,4067.0,51.439,2797.6,465.107,581.0,0.085,7,7
3,229,6,3926.0,3926.0,49.999,2523.919,565.779,654.3333333333334,1788.297,6,6
3,230,5,3353.0,3353.0,75.7,2005.013,451.163,670.6,0.126,7,5
3,231,6,3838.0,3838.0,32.903,2243.809,530.585,639.6666666666666,1424.22,5,6
3,232,5,4008.0,4008.0,53.599,2251.0049999999997,550.848,801.6,0.136,5,5
3,233,5,3991.0,3991.0,85.102,1955.148,487.515,798.2,1605.574,4,5
3,234,6,3857.0,3857.0,31.945,2477.281,546.509,642.8333333333334,0.098,5,6
3,235,4,3910.0,3910.0,39.351,1849.007,590.576,977.5,1973.936,6,4
3,236,6,3947.0,3947.0,52.963,2057.527,471.144,657.8333333333334,0.14,6,6
3,237,6,4040.0,4040.0,32.235,2389.7259999999997,551.14,673.3333333333334,2183.89,7,6
3,238,5,3826.0,3826.0,33.701,2216.6240000000003,583.822,765.2,0.118,6,5
3,239,7,3799.0,3799.0,77.489,2612.29,507.185,542.7142857142857,2914.251,9,7
3,240,5,3727.0,3727.0,52.262,1856.3330000000003,524.331,745.4,0.108,5,5
3,241,7,3966.0,3966.0,36.421,2251.7030000000004,426.528,566.5714285714286,1500.354,5,7
3,242,9,4009.0,4009.0,70.18,3104.327,431.049,445.44444444444446,0.098,5,8+
3,243,5,4009.0,4009.0,51.573,1974.605,493.627,801.8,2193.944,7,5
3,244,5,3977.0,3977.0,51.314,2004.8380000000002,467.467,795.4,0.118,7,5
3,245,6,3896.0,3896.0,27.763,2417.4039999999995,479.667,649.3333333333334,1998.965,5,6
3,246,7,4046.0,4046.0,93.652,2640.4570000000003,538.955,578.0,0.226,5,7
3,247,6,3937.0,3937.0,49.453,2533.015,608.373,656.1666666666666,1739.558,4,6
3,248,5,3989.0,3989.0,72.595,2193.942,552.299,797.8,0.2,6,5
3,249,5,3985.0,3985.0,25.95,2235.132,594.147,797.0,2023.085,6,5
3,250,4,3904.0,3904.0,76.157,2207.257,696.182,976.0,0.117,6,4
3,251,5,3564.0,3564.0,46.317,2066.7769999999996,580.828,712.8,1831.753,6,5
3,252,6,3905.0,3905.0,60.639,2450.8099999999995,580.761,650.8333333333334,0.082,5,6
3,253,7,4082.0,4082.0,46.753,2685.026,461.718,583.1428571428571,2200.074,7,7
3,254,6,3909.0,3909.0,51.504,2071.4970000000003,425.018,651.5,0.166,5,6
3,255,4,3401.0,3401.0,54.005,1808.7020000000002,501.052,850.25,1307.499,4,4
3,256,7,3992.0,3992.0,53.427,2606.453,507.832,570.2857142857143,0.107,7,7
3,257,8,3720.0,3720.0,40.503,2873.84,529.714,465.0,2321.935,6,8+
3,258,4,4051.0,4051.0,51.802,1697.024,611.516,1012.75,0.099,4,4
3,259,6,3933.0,3933.0,48.57,2510.7360000000003,484.087,655.5,1774.592,5,6
3,260,6,3812.0,3812.0,62.392,2497.799,550.006,635.3333333333334,0.109,8,6
3,261,5,3739.0,3739.0,79.862,2181.535,624.92,747.8,2081.587,6,5
3,262,7,3991.0,3991.0,38.227,3200.256,655.158,570.1428571428571,0.152,6,7
3,263,6,3856.0,3856.0,26.783,2619.888,630.405,642.6666666666666,2670.558,8,6
3,264,7,3989.0,3989.0,51.284,3128.3500000000004,545.681,569.8571428571429,0.234,7,7
3,265,8,4023.0,4023.0,43.202,2906.758,624.887,502.875,1580.719,5,8+
3,266,6,3832.0,3832.0,31.67,2344.524,528.147,638.6666666666666,0.096,7,6
3,267,5,3663.0,3663.0,27.603,2053.693,497.706,732.6,2402.528,7,5
3,268,5,3664.0,3664.0,55.362,2104.7030000000004,459.208,732.8,0.13,6,5
3,269,7,4022.0,4022.0,57.41,2903.24,504.214,574.5714285714286,1772.767,5,7
3,270,5,3918.0,3918.0,61.394,2273.2989999999995,567.824,783.6,0.16,5,5
3,271,5,3940.0,3940.0,49.467,1991.0379999999998,642.258,788.0,1969.443,6,5
3,272,6,3820.0,3820.0,48.946,2751.591,768.349,636.6666666666666,0.107,5,6
3,273,6,4042.0,4042.0,55.488,2435.213,487.081,673.6666666666666,2208.103,7,6
3,274,6,3873.0,3873.0,41.675,2567.636,473.6,645.5,0.15,6,6
3,275,7,3735.0,3735.0,40.045,2666.117,564.167,533.5714285714286,2149.281,5,7
3,276,6,3901.0,3901.0,55.584,2371.982,584.95,650.1666666666666,0.085,6,6
3,277,5,3986.0,3986.0,27.201,2460.732,745.365,797.2,1778.7,5,5
3,278,4,3784.0,3784.0,47.193,1803.5159999999998,674.363,946.0,0.093,6,4
3,279,5,3835.0,3835.0,56.92,2234.911,554.117,767.0,1809.425,6,5
3,280,6,3810.0,3810.0,26.969,2476.99,656.089,635.0,0.106,4,6
3,281,6,3853.0,3853.0,62.973,2208.099,569.638,642.1666666666666,2423.176,7,6
3,282,4,4076.0,4076.0,25.083,2130.8999999999996,778.704,1019.0,0.353,6,4
3,283,7,3922.0,3922.0,57.566,2724.3450000000003,523.86,560.2857142857143,1862.245,6,7
3,284,7,3968.0,3968.0,49.527,2615.554,535.322,566.8571428571429,0.113,4,7
3,285,4,3728.0,3728.0,37.243,1808.0839999999998,623.35,932.0,1933.836,7,4
3,286,6,3852.0,3852.0,44.122,2299.516,603.75,642.0,0.108,7,6
3,287,4,3903.0,3903.0,51.007,2036.446,718.254,975.75,2250.699,6,4
3,288,7,3619.0,3619.0,47.712,2420.549,530.538,517.0,0.079,4,7
3,289,4,3748.0,3748.0,34.984,1812.481,493.867,937.0,2440.718,6,4
3,290,6,3501.0,3501.0,23.183,2500.961,534.479,583.5,0.116,4,6
3,291,6,3842.0,3842.0,49.56,2537.3089999999997,590.269,640.3333333333334,1743.865,6,6
3,292,6,3886.0,3886.0,41.094,2852.289,838.53,647.6666666666666,0.114,4,6
3,293,4,3881.0,3881.0,52.7,1746.5120000000002,710.568,970.25,2451.243,7,4
3,294,6,3436.0,3436.0,45.75,2207.6710000000003,472.421,572.6666666666666,0.142,6,6
3,295,7,4094.0,4094.0,55.219,2827.4809999999998,517.113,584.8571428571429,2376.403,6,7
3,296,7,4031.0,4031.0,87.792,2596.141,574.564,575.8571428571429,0.122,4,7
3,297,7,3900.0,3900.0,51.863,2425.8170000000005,472.916,557.1428571428571,1504.761,5,7
3,298,6,3890.0,3890.0,54.609,2769.326,866.459,648.3333333333334,0.129,7,6
3,299,7,3880.0,3880.0,27.428,2976.897,734.21,554.2857142857143,2118.897,5,7
3,300,5,3827.0,3827.0,50.488,1991.722,543.604,765.4,0.083,7,5
3,301,6,3967.0,3967.0,60.466,2631.462,562.307,661.1666666666666,1752.096,5,6
3,302,5,3721.0,3721.0,33.661,2331.942,675.288,744.2,0.116,7,5
3,303,6,3815.0,3815.0,68.17,2518.4559999999997,553.018,635.8333333333334,1849.165,5,6
3,304,5,3661.0,3661.0,53.948,2249.527,524.057,732.2,0.131,6,5
3,305,5,4008.0,4008.0,49.435,2252.259,799.64,801.6,1550.194,3,5
3,306,7,3931.0,3931.0,54.474,2948.6770000000006,604.999,561.5714285714286,0.11,6,7
3,307,3,3801.0,3801.0,53.708,1758.432,776.971,1267.0,1716.566,5,3
3,308,5,3832.0,3832.0,24.784,2198.594,679.48,766.4,0.111,7,5
3,309,5,3642.0,3642.0,34.403,2167.118,555.983,728.4,1606.933,5,5
3,310,5,3804.0,3804.0,50.108,2024.8890000000001,589.927,760.8,0.119,5,5
3,311,5,3683.0,3683.0,32.166,2078.3329999999996,478.455,736.6,1917.052,6,5
3,312,7,3995.0,3995.0,28.69,2674.12,499.323,570.7142857142857,0.085,5,7
3,313,6,3945.0,3945.0,51.925,2458.152,567.562,657.5,1559.277,5,6
3,314,6,4087.0,4087.0,51.459,2108.532,402.656,681.1666666666666,0.121,7,6
3,315,5,3965.0,3965.0,25.95,2013.976,573.941,793.0,1683.989,6,5
3,316,5,3703.0,3703.0,37.317,2202.916,591.821,740.6,0.116,6,5
3,317,6,3946.0,3946.0,45.723,2187.381,547.963,657.6666666666666,2120.231,5,6
3,318,4,3717.0,3717.0,54.993,1850.761,529.123,929.25,0.09,5,4
3,319,5,3830.0,3830.0,42.871,2341.045,654.052,766.0,2022.39,6,5
3,320,6,3896.0,3896.0,48.552,2707.7369999999996,569.274,649.3333333333334,0.112,4,6
3,321,6,3953.0,3953.0,53.478,2880.8990000000003,633.071,658.8333333333334,1414.133,5,6
3,322,5,3816.0,3816.0,54.375,1969.4510000000002,547.874,763.2,0.1,6,5
3,323,5,3681.0,3681.0,37.913,1997.868,557.452,736.2,2427.995,8,5
3,324,6,4042.0,4042.0,61.297,2590.617,696.844,673.6666666666666,0.09,5,6
3,325,4,3776.0,3776.0,22.461,1618.2369999999999,599.435,944.0,1763.488,6,4
3,326,8,4053.0,4053.0,57.607,3027.738,533.915,506.625,0.098,6,8+
3,327,6,4009.0,4009.0,49.267,2496.901,596.696,668.1666666666666,1923.232,6,6
3,328,6,3868.0,3868.0,46.316,2662.9519999999998,638.107,644.6666666666666,0.096,4,6
3,329,6,3831.0,3831.0,37.922,2446.112,528.212,638.5,2274.48,6,6
3,330,6,3895.0,3895.0,68.469,2312.5359999999996,484.098,649.1666666666666,0.096,6,6
3,331,6,3739.0,3739.0,47.88,2224.059,543.006,623.1666666666666,1843.708,5,6
3,332,6,4062.0,4062.0,35.89,2498.75,707.733,677.0,0.104,6,6
3,333,7,3861.0,3861.0,64.146,2464.6090000000004,467.869,551.5714285714286,1869.59,6,7
3,334,5,4050.0,4050.0,55.973,2242.558,649.634,810.0,0.11,6,5
3,335,5,4026.0,4026.0,51.412,2014.9439999999997,503.72,805.2,2230.864,6,5
3,336,6,3960.0,3960.0,38.532,2310.7439999999997,547.82,660.0,0.087,7,6
3,337,5,3760.0,3760.0,36.256,2386.222,586.127,752.0,1992.348,7,5
3,338,6,3751.0,3751.0,51.73,2461.816,534.277,625.1666666666666,0.115,5,6
3,339,6,3940.0,3940.0,50.95,2353.4100000000003,707.368,656.6666666666666,2030.852,6,6
3,340,7,3712.0,3712.0,40.708,2442.8399999999997,481.25,530.2857142857143,0.102,5,7
3,341,6,3925.0,3925.0,30.84,2506.638,556.861,654.1666666666666,2061.941,6,6
3,342,6,3639.0,3639.0,43.356,2509.802,517.159,606.5,0.084,6,6
3,343,8,4051.0,4051.0,52.301,3158.08,595.837,506.375,1650.085,5,8+
3,344,6,3711.0,3711.0,49.743,2326.024,580.831,618.5,0.098,6,6
3,345,6,4038.0,4038.0,30.299,2423.313,527.743,673.0,2014.309,6,6
3,346,5,3998.0,3998.0,57.362,2097.1,497.721,799.6,0.116,8,5
3,347,6,3954.0,3954.0,62.237,2117.841,463.134,659.0,2341.228,6,6
3,348,6,4029.0,4029.0,55.278,2426.1150000000002,541.998,671.5,0.108,6,6
3,349,6,3913.0,3913.0,28.22,2719.9970000000003,560.014,652.1666666666666,1850.606,6,6
3,350,6,3888.0,3888.0,49.572,2545.6530000000002,550.913,648.0,0.149,6,6
3,351,6,3959.0,3959.0,65.082,2650.6040000000003,643.103,659.8333333333334,1944.2,6,6
3,352,6,3944.0,3944.0,31.314,2397.8779999999997,593.632,657.3333333333334,0.111,6,6
3,353,6,3572.0,3572.0,49.922,2377.657,548.523,595.3333333333334,2837.707,9,6
3,354,8,3777.0,3777.0,29.844,2796.548,562.056,472.125,0.078,6,8+
3,355,9,3974.0,3974.0,34.754,3069.587,537.858,441.55555555555554,2121.291,5,8+
3,356,8,3510.0,3510.0,45.545,2759.757,544.794,438.75,0.132,8,8+
3,357,6,3913.0,3913.0,35.306,2452.548,782.39,652.1666666666666,1805.655,6,6
3,358,5,4001.0,4001.0,57.706,2454.432,881.263,800.2,0.121,8,5
3,359,5,3863.0,3863.0,51.573,1948.1019999999999,510.149,772.6,1553.604,4,5
3,360,6,3957.0,3957.0,31.085,2303.465,476.919,659.5,0.113,6,6
3,361,4,3965.0,3965.0,37.852,1734.384,604.966,991.25,2110.275,7,4
3,362,4,3973.0,3973.0,53.131,1767.3190000000002,539.748,993.25,0.101,5,4
3,363,7,3997.0,3997.0,53.437,2601.6079999999997,493.235,571.0,2189.396,7,7
3,364,7,3895.0,3895.0,51.414,2622.48,480.48,556.4285714285714,0.113,4,7
3,365,5,3965.0,3965.0,26.458,2380.29,634.792,793.0,1890.778,5,5
3,366,7,3546.0,3546.0,61.712,2651.036,503.279,506.57142857142856,0.097,7,7
3,367,6,3903.0,3903.0,47.542,2424.777,517.91,650.5,2091.841,7,6
3,368,5,3730.0,3730.0,42.008,2100.413,539.606,746.0,0.107,5,5
3,369,5,4046.0,4046.0,31.379,2128.169,534.414,809.2,1902.341,6,5
3,370,7,4036.0,4036.0,37.278,2574.444,482.315,576.5714285714286,0.301,6,7
3,371,6,3891.0,3891.0,49.497,2408.464,515.549,648.5,2497.33,7,6
3,372,6,4036.0,4036.0,55.437,2368.232,473.169,672.6666666666666,0.078,5,6
3,373,6,3767.0,3767.0,43.189,2509.388,518.15,627.8333333333334,1838.516,6,6
3,374,7,3853.0,3853.0,102.009,2573.7980000000002,487.98,550.4285714285714,0.112,6,7
3,375,8,3953.0,3953.0,51.603,2578.2479999999996,455.94,494.125,2188.645,6,8+
3,376,6,4035.0,4035.0,94.793,2216.5820000000003,630.208,672.5,0.606,6,6
3,377,7,3995.0,3995.0,35.321,2492.673,434.631,570.7142857142857,2534.58,8,7
3,378,6,4006.0,4006.0,45.708,2681.9799999999996,551.029,667.6666666666666,0.087,8,6
3,379,5,3841.0,3841.0,50.654,2233.404,593.563,768.2,2135.497,7,5
3,380,8,3836.0,3836.0,51.798,2718.649,589.35,479.5,0.102,7,8+
3,381,5,3586.0,3586.0,42.027,1848.64,510.43,717.2,1699.868,7,5
3,382,7,4038.0,4038.0,49.56,2582.9610000000002,659.022,576.8571428571429,0.136,5,7
3,383,6,3949.0,3949.0,54.385,2523.1949999999997,767.483,658.1666666666666,1773.264,5,6
3,384,7,3975.0,3975.0,23.514,2341.917,472.104,567.8571428571429,0.086,5,7
3,385,6,3835.0,3835.0,38.373,2647.0559999999996,627.47,639.1666666666666,1913.58,6,6
3,386,5,3388.0,3388.0,37.604,2015.8159999999998,658.409,677.6,0.112,6,5
3,387,5,3829.0,3829.0,52.347,2115.2549999999997,599.45,765.8,1301.169,3,5
3,388,6,3824.0,3824.0,31.325,2330.0099999999998,536.025,637.3333333333334,0.092,6,6
3,389,5,3792.0,3792.0,32.43,2523.247,753.904,758.4,1781.146,4,5
3,390,3,3839.0,3839.0,51.913,1708.137,695.213,1279.6666666666667,0.088,5,3
3,391,6,4031.0,4031.0,53.16,2638.668,642.751,671.8333333333334,1961.594,5,6
3,392,4,3974.0,3974.0,46.55,1950.5439999999999,594.867,993.5,0.104,5,4
3,393,6,3601.0,3601.0,34.669,2359.302,562.366,600.1666666666666,1813.772,5,6
3,394,5,3802.0,3802.0,50.242,2430.649,622.884,760.4,0.11,6,5
3,395,4,3990.0,3990.0,29.965,1973.521,784.139,997.5,2289.193,6,4
3,396,5,3902.0,3902.0,41.471,2278.257,584.992,780.4,0.107,6,5
3,397,7,3957.0,3957.0,40.05,2659.636,505.745,565.2857142857143,1594.67,5,7
3,398,6,3538.0,3538.0,53.338,2493.999,541.019,589.6666666666666,0.121,4,6
3,399,5,3783.0,3783.0,59.602,2041.371,654.022,756.6,2267.371,7,5
3,400,7,4054.0,4054.0,53.72,2636.1780000000003,610.365,579.1428571428571,0.103,7,7
3,401,7,4084.0,4084.0,28.934,2790.752,673.685,583.4285714285714,2295.362,8,7
3,402,7,3918.0,3918.0,42.252,2560.107,663.981,559.7142857142857,0.076,7,7
3,403,5,3822.0,3822.0,53.158,2293.675,539.06,764.4,2037.537,7,5
3,404,8,4025.0,4025.0,49.811,2571.09,512.862,503.125,0.106,7,8+
3,405,6,3906.0,3906.0,37.029,2196.978,599.513,651.0,2099.052,7,6
3,406,7,4095.0,4095.0,39.243,2410.8830000000003,494.257,585.0,0.095,5,7
3,407,6,3789.0,3789.0,47.297,2414.243,596.66,631.5,1432.088,4,6
3,408,7,3968.0,3968.0,55.428,2573.512,581.725,566.8571428571429,0.143,6,7
3,409,4,3806.0,3806.0,37.847,1659.6529999999998,578.331,951.5,1655.704,4,4
3,410,7,3873.0,3873.0,41.179,2606.617,619.562,553.2857142857143,0.106,6,7
3,411,4,3795.0,3795.0,59.26,2074.23,694.652,948.75,1762.628,6,4
3,412,7,3804.0,3804.0,47.089,2822.136,616.481,543.4285714285714,0.11,7,7
3,413,6,4033.0,4033.0,43.467,2178.2189999999996,493.26,672.1666666666666,2292.496,5,6
3,414,6,3787.0,3787.0,43.552,2161.9170000000004,437.892,631.1666666666666,0.079,7,6
3,415,5,4069.0,4069.0,24.63,2537.3269999999998,683.505,813.8,1529.156,5,5
3,416,7,3803.0,3803.0,51.196,2195.867,436.03,543.2857142857143,0.104,6,7
3,417,5,3840.0,3840.0,48.248,1996.682,477.377,768.0,1693.427,6,5
3,418,7,3654.0,3654.0,42.151,2500.215,550.33,522.0,0.096,7,7
3,419,6,3592.0,3592.0,29.705,2186.61,490.454,598.6666666666666,2279.083,7,6
3,420,7,3910.0,3910.0,49.592,2910.236,526.039,558.5714285714286,0.106,7,7
3,421,7,4045.0,4045.0,53.143,2458.306,467.948,577.8571428571429,1803.918,6,7
3,422,7,3950.0,3950.0,36.206,2664.732,515.608,564.2857142857143,0.101,7,7
3,423,6,3768.0,3768.0,41.682,2262.2690000000002,533.286,628.0,1849.224,6,6
3,424,6,3970.0,3970.0,30.666,2300.624,441.783,661.6666666666666,0.099,7,6
3,425,7,3875.0,3875.0,48.853,2495.0160000000005,488.278,553.5714285714286,2329.859,7,7
3,426,7,4022.0,4022.0,38.734,2559.895,501.944,574.5714285714286,0.101,7,7
3,427,8,3898.0,3898.0,38.256,3094.681,533.002,487.25,1916.732,6,8+
3,428,6,4065.0,4065.0,28.975,2323.708,464.579,677.5,0.109,8,6
3,429,7,4025.0,4025.0,54.4,2829.3310000000006,598.997,575.0,1614.756,5,7
3,430,5,3668.0,3668.0,49.008,2075.4069999999997,615.874,733.6,0.128,7,5
3,431,4,3791.0,3791.0,30.602,1793.7209999999998,578.18,947.75,2271.645,6,4
3,432,6,3864.0,3864.0,35.046,2532.916,498.916,644.0,0.085,4,6
3,433,6,3745.0,3745.0,51.488,2410.743,519.119,624.1666666666666,2542.067,7,6
3,434,7,4032.0,4032.0,51.782,2922.1719999999996,642.504,576.0,0.101,6,7
3,435,7,4034.0,4034.0,50.675,2587.2619999999997,462.556,576.2857142857143,1708.196,6,7
3,436,6,4069.0,4069.0,33.788,2226.897,444.12,678.1666666666666,0.137,7,6
3,437,7,3706.0,3706.0,51.304,2690.6050000000005,465.764,529.4285714285714,2692.722,8,7
3,438,8,4091.0,4091.0,79.499,2843.031,502.024,511.375,0.106,7,8+
3,439,7,4024.0,4024.0,52.535,2344.5769999999998,496.785,574.8571428571429,2139.076,6,7
3,440,5,3648.0,3648.0,25.815,2123.8940000000002,706.196,729.6,0.328,7,5
3,441,6,3921.0,3921.0,73.537,2494.166,714.931,653.5,1737.829,6,6
3,442,4,3258.0,3258.0,63.333,1825.143,594.597,814.5,0.105,5,4
3,443,6,3914.0,3914.0,75.735,2360.9790000000003,584.246,652.3333333333334,1683.78,5,6
3,444,4,3892.0,3892.0,32.627,1862.989,592.438,973.0,0.078,4,4
3,445,5,4002.0,4002.0,64.507,1944.174,574.225,800.4,1888.766,6,5
3,446,6,3870.0,3870.0,48.8,2141.969,473.374,645.0,0.094,4,6
3,447,6,3978.0,3978.0,30.963,2322.3830000000003,616.789,663.0,1933.609,7,6
3,448,5,3956.0,3956.0,52.32,2009.021,558.799,791.2,0.094,6,5
3,449,7,3398.0,3398.0,49.373,2352.7490000000003,414.26,485.42857142857144,2735.9,8,7
3,450,6,3890.0,3890.0,59.449,2194.609,446.174,648.3333333333334,0.12,5,6
3,451,8,4065.0,4065.0,48.141,2901.556,455.679,508.125,2180.079,6,8+
3,452,6,3924.0,3924.0,41.797,2219.6459999999997,595.411,654.0,0.112,6,6
3,453,6,3914.0,3914.0,51.735,2603.1279999999997,625.771,652.3333333333334,1684.196,6,6
3,454,6,3977.0,3977.0,55.531,2421.187,614.276,662.8333333333334,0.095,6,6
3,455,6,3373.0,3373.0,45.613,2176.811,576.571,562.1666666666666,2746.747,8,6
3,456,6,3768.0,3768.0,36.512,2343.746,736.345,628.0,0.077,6,6
3,457,5,3944.0,3944.0,44.532,1915.6680000000001,461.011,788.8,2251.277,7,5
3,458,8,3936.0,3936.0,29.862,2951.6679999999997,455.41,492.0,0.134,6,8+
3,459,7,3948.0,3948.0,52.285,2440.039,501.882,564.0,1810.516,6,7
3,460,7,4032.0,4032.0,60.422,2612.118,502.42,576.0,0.158,5,7
3,461,6,4031.0,4031.0,28.865,2266.553,507.41,671.8333333333334,2101.797,7,6
3,462,6,3887.0,3887.0,26.555,2338.471,483.497,647.8333333333334,0.087,7,6
3,463,6,4033.0,4033.0,54.117,2308.5220000000004,501.439,672.1666666666666,1776.545,6,6
3,464,7,3933.0,3933.0,50.085,2417.538,551.174,561.8571428571429,0.142,6,7
3,465,6,3911.0,3911.0,52.549,2536.347,547.701,651.8333333333334,1530.464,5,6
3,466,6,3468.0,3468.0,27.662,2223.152,671.98,578.0,0.135,6,6
3,467,5,3860.0,3860.0,49.707,1945.4569999999999,502.424,772.0,2413.942,7,5
3,468,8,3695.0,3695.0,52.01,2788.567,564.074,461.875,0.083,6,8+
3,469,7,4032.0,4032.0,41.627,2600.017,576.195,576.0,1795.725,5,7
3,470,6,3954.0,3954.0,63.521,2490.587,643.288,659.0,0.109,8,6
3,471,5,3909.0,3909.0,50.142,2263.224,652.859,781.8,1805.805,6,5
3,472,8,3452.0,3452.0,22.947,2624.8630000000003,489.031,431.5,0.151,6,8+
3,473,6,3688.0,3688.0,46.05,2287.156,483.681,614.6666666666666,1510.956,4,6
3,474,6,3921.0,3921.0,50.593,2255.855,594.55,653.5,0.107,8,6
3,475,4,3127.0,3127.0,31.509,1713.7459999999999,520.794,781.75,1565.863,5,4
3,476,6,3928.0,3928.0,42.282,2408.666,600.764,654.6666666666666,0.109,6,6
3,477,5,3936.0,3936.0,55.66,1939.6879999999999,464.905,787.2,2052.805,6,5
3,478,5,3596.0,3596.0,46.451,2173.88,569.707,719.2,0.091,6,5
3,479,6,3929.0,3929.0,47.629,2499.855,524.498,654.8333333333334,2596.936,7,6
3,480,7,3653.0,3653.0,37.882,2916.607,614.113,521.8571428571429,0.079,5,7
3,481,7,4022.0,4022.0,54.424,2805.5609999999997,646.327,574.5714285714286,1463.711,5,7
3,482,6,3636.0,3636.0,26.551,2330.935,494.288,606.0,0.109,7,6
3,483,5,3857.0,3857.0,43.047,1961.9180000000001,536.024,771.4,2005.221,6,5
3,484,6,3956.0,3956.0,50.428,2357.202,493.653,659.3333333333334,0.121,6,6
3,485,6,3916.0,3916.0,48.746,2457.778,602.032,652.6666666666666,2217.319,6,6
3,486,5,3838.0,3838.0,26.358,1972.674,529.399,767.6,0.08,6,5
3,487,6,4006.0,4006.0,44.736,2413.414,530.904,667.6666666666666,1927.64,6,6
3,488,6,3740.0,3740.0,47.291,2515.5730000000003,605.623,623.3333333333334,0.096,5,6
3,489,6,3882.0,3882.0,24.564,2394.7,543.428,647.0,2076.317,6,6
3,490,6,3649.0,3649.0,22.137,2123.018,411.642,608.1666666666666,0.104,6,6
3,491,6,3807.0,3807.0,48.585,2478.6780000000003,668.58,634.5,1852.085,6,6
3,492,6,3986.0,3986.0,49.967,2313.447,464.528,664.3333333333334,0.089,6,6
3,493,6,3813.0,3813.0,36.978,2057.149,450.766,635.5,2005.823,6,6
3,494,7,4093.0,4093.0,31.039,2513.96,474.921,584.7142857142857,0.104,6,7
3,495,6,3710.0,3710.0,47.64,2383.8469999999998,535.035,618.3333333333334,1906.283,6,6
3,496,6,3970.0,3970.0,51.627,2352.562,611.519,661.6666666666666,0.126,7,6
3,497,6,3987.0,3987.0,66.08,2312.287,539.997,664.5,2789.715,8,6
3,498,6,3743.0,3743.0,42.194,2326.784,581.974,623.8333333333334,0.079,6,6
3,499,8,4089.0,4089.0,63.221,2980.862,529.653,511.125,1840.71,7,8+
3,500,6,3711.0,3711.0,50.97,2219.108,479.447,618.5,0.095,6,6
3,501,7,3345.0,3345.0,34.007,2281.6160000000004,553.96,477.85714285714283,1781.414,6,7
3,502,8,3948.0,3948.0,59.297,2671.3459999999995,722.128,493.5,0.122,6,8+
3,503,6,3982.0,3982.0,28.581,2353.179,598.131,663.6666666666666,2214.516,6,6
3,504,6,3960.0,3960.0,56.984,2648.728,543.876,660.0,0.096,8,6
3,505,6,3885.0,3885.0,49.809,2387.018,482.399,647.5,1935.729,7,6
3,506,6,3773.0,3773.0,46.541,2608.775,540.023,628.8333333333334,0.117,6,6
3,507,7,3432.0,3432.0,37.821,2327.911,432.412,490.2857142857143,2010.227,7,7
3,508,5,3951.0,3951.0,51.393,2070.155,545.83,790.2,0.114,6,5
3,509,7,3809.0,3809.0,50.94,2533.632,496.077,544.1428571428571,2126.085,5,7
3,510,7,4026.0,4026.0,43.947,2754.9720000000007,631.537,575.1428571428571,0.072,5,7
3,511,5,4009.0,4009.0,53.498,2297.223,658.532,801.8,2498.044,7,5
3,512,6,3862.0,3862.0,24.104,2225.859,522.37,643.6666666666666,0.104,7,6
3,513,7,3999.0,3999.0,52.004,2858.513,776.786,571.2857142857143,2440.184,8,7
3,514,5,3885.0,3885.0,38.068,1967.38,590.235,777.0,0.1,6,5
3,515,6,4039.0,4039.0,29.828,2201.8520000000003,549.297,673.1666666666666,2394.74,6,6
3,516,8,4017.0,4017.0,39.431,2939.179,572.673,502.125,0.084,5,8+
3,517,5,3936.0,3936.0,83.265,1914.855,501.5,787.2,1717.661,6,5
3,518,6,3913.0,3913.0,58.906,2540.6749999999997,656.329,652.1666666666666,0.107,6,6
3,519,6,3749.0,3749.0,36.363,1837.6889999999999,399.96,624.8333333333334,1796.583,6,6
3,520,6,3651.0,3651.0,44.591,2278.446,567.204,608.5,0.107,5,6
3,521,6,3998.0,3998.0,54.887,2697.537,592.66,666.3333333333334,2224.469,6,6
3,522,6,3865.0,3865.0,59.182,2266.259,521.637,644.1666666666666,0.086,6,6
3,523,6,3956.0,3956.0,66.351,2642.0369999999994,530.979,659.3333333333334,1911.942,7,6
3,524,6,3833.0,3833.0,39.584,2504.454,472.851,638.8333333333334,0.124,6,6
3,525,5,4047.0,4047.0,51.239,2036.9489999999998,576.571,809.4,1747.187,5,5
3,526,7,3902.0,3902.0,43.198,2362.6749999999997,460.356,557.4285714285714,0.125,6,7
3,527,6,4012.0,4012.0,34.189,2425.7729999999997,544.655,668.6666666666666,2276.297,6,6
3,528,5,3888.0,3888.0,86.778,2239.0960000000005,587.426,777.6,0.1,5,5
3,529,6,3919.0,3919.0,48.323,2329.389,549.488,653.1666666666666,1473.545,3,6
3,530,6,4034.0,4034.0,104.648,2412.6980000000003,702.803,672.3333333333334,0.11,6,6
3,531,5,3630.0,3630.0,34.158,1610.7300000000002,412.094,726.0,2344.653,8,5
3,532,3,3931.0,3931.0,81.52,1849.869,927.634,1310.3333333333333,0.141,6,3
3,533,5,4003.0,4003.0,54.802,2525.229,917.3,800.6,1881.682,5,5
3,534,8,4034.0,4034.0,60.409,2736.067,526.377,504.25,0.083,5,8+
3,535,6,4000.0,4000.0,57.619,2598.062,615.905,666.6666666666666,1140.68,4,6
3,536,5,3970.0,3970.0,106.053,2013.065,512.285,794.0,0.109,5,5
3,537,4,3661.0,3661.0,51.044,1591.973,414.415,915.25,1989.653,6,4
3,538,7,4000.0,4000.0,53.854,2802.264,532.506,571.4285714285714,0.106,6,7
3,539,6,3650.0,3650.0,64.28,2452.485,494.729,608.3333333333334,1853.535,5,6
3,540,7,4023.0,4023.0,43.493,2960.288,594.847,574.7142857142857,0.127,7,7
3,541,5,3744.0,3744.0,101.369,1993.442,632.724,748.8,2200.127,7,5
3,542,6,3939.0,3939.0,54.134,2501.754,614.971,656.5,0.122,7,6
3,543,7,3880.0,3880.0,113.028,2645.7740000000003,523.44,554.2857142857143,2069.043,6,7
3,544,6,3835.0,3835.0,44.845,2362.92,540.458,639.1666666666666,0.115,6,6
3,545,6,3916.0,3916.0,78.589,2500.106,477.832,652.6666666666666,2201.878,6,6
3,546,6,3889.0,3889.0,53.541,2368.053,499.83,648.1666666666666,0.072,6,6
3,547,6,3838.0,3838.0,174.097,2271.411,468.409,639.6666666666666,1768.994,5,6
3,548,6,3908.0,3908.0,43.198,1978.633,512.282,651.3333333333334,0.113,6,6
3,549,5,3845.0,3845.0,124.576,2046.79,677.699,769.0,2041.719,6,5
3,550,7,3736.0,3736.0,25.564,2474.422,605.566,533.7142857142857,0.103,6,7
3,551,6,4006.0,4006.0,85.113,2502.5080000000003,524.01,667.6666666666666,2030.391,6,6
3,552,6,3918.0,3918.0,43.362,2343.009,500.953,653.0,0.086,7,6
3,553,6,3489.0,3489.0,65.475,2239.036,568.645,581.5,1547.573,5,6
3,554,5,3960.0,3960.0,31.33,2096.9410000000003,665.055,792.0,0.116,6,5
3,555,5,3880.0,3880.0,90.02,1966.454,588.859,776.0,1762.78,6,5
3,556,6,3798.0,3798.0,52.425,2273.775,626.313,633.0,0.097,5,6
3,557,4,3946.0,3946.0,41.641,1738.644,552.197,986.5,2468.045,7,4
3,558,6,4014.0,4014.0,122.158,2196.509,523.567,669.0,0.078,6,6
3,559,6,3975.0,3975.0,50.857,2309.8320000000003,503.344,662.5,2313.32,8,6
3,560,7,3973.0,3973.0,38.251,2714.955,529.174,567.5714285714286,0.136,4,7
3,561,7,4003.0,4003.0,29.071,2672.8520000000003,596.807,571.8571428571429,2028.869,7,7
3,562,8,3963.0,3963.0,93.398,2631.7969999999996,436.336,495.375,0.107,6,8+
3,563,5,3602.0,3602.0,50.707,2023.115,482.945,720.4,2534.681,7,5
3,564,7,3773.0,3773.0,47.683,2564.642,489.806,539.0,0.083,7,7
3,565,8,4046.0,4046.0,40.382,2955.3500000000004,596.745,505.75,2528.729,9,8+
3,566,7,3831.0,3831.0,56.405,2718.782,565.334,547.2857142857143,0.123,5,7
3,567,6,3788.0,3788.0,47.055,2205.918,553.736,631.3333333333334,1675.139,5,6
3,568,9,4057.0,4057.0,95.614,2890.9320000000002,572.959,450.77777777777777,0.128,8,8+
3,569,5,3761.0,3761.0,34.621,2236.346,536.166,752.2,1700.606,4,5
3,570,5,3972.0,3972.0,94.043,2047.82,577.931,794.4,0.092,6,5
3,571,5,3937.0,3937.0,51.435,2112.4230000000002,554.338,787.4,1851.118,5,5
3,572,4,3915.0,3915.0,105.006,1875.859,528.832,978.75,0.112,5,4
3,573,6,3953.0,3953.0,32.665,2788.5080000000003,669.834,658.8333333333334,2098.025,6,6
3,574,5,3940.0,3940.0,85.384,2183.412,746.175,788.0,0.103,5,5
3,575,3,3921.0,3921.0,52.27,1646.9190000000003,581.095,1307.0,2001.935,5,3
3,576,6,4054.0,4054.0,47.412,2570.6519999999996,565.472,675.6666666666666,0.077,6,6
3,577,8,3985.0,3985.0,50.329,3296.693,564.764,498.125,1731.813,5,8+
3,578,5,3997.0,3997.0,41.76,2250.38,813.042,799.4,0.118,3,5
3,579,6,3870.0,3870.0,62.118,2402.4179999999997,465.861,645.0,2333.973,7,6
3,580,5,3306.0,3306.0,56.981,2118.3489999999997,594.595,661.2,0.105,8,5
3,581,6,3891.0,3891.0,32.841,2448.7599999999998,481.51,648.5,2247.614,6,6
3,582,7,4063.0,4063.0,163.738,2649.85,469.854,580.4285714285714,0.083,6,7
3,583,4,3766.0,3766.0,28.057,1695.4650000000001,549.669,941.5,1884.509,6,4
3,584,6,4069.0,4069.0,73.53,2488.7119999999995,683.721,678.1666666666666,0.108,6,6
3,585,5,3879.0,3879.0,87.917,2006.6629999999998,587.385,775.8,2228.191,7,5
3,586,6,3907.0,3907.0,85.805,2231.355,514.833,651.1666666666666,0.112,4,6
3,587,6,3983.0,3983.0,46.08,2510.651,518.085,663.8333333333334,2154.271,6,6
3,588,7,4065.0,4065.0,81.839,2632.6890000000003,607.781,580.7142857142857,0.076,5,7
3,589,5,3583.0,3583.0,53.369,1883.0680000000002,405.392,716.6,1268.689,3,5
3,590,6,3943.0,3943.0,66.777,2324.6989999999996,742.626,657.1666666666666,0.107,6,6
3,591,6,3822.0,3822.0,55.071,2218.992,631.957,637.0,2179.116,6,6
3,592,3,4094.0,4094.0,79.868,1664.579,680.539,1364.6666666666667,0.119,5,3
3,593,7,3858.0,3858.0,54.23,2917.3160000000007,628.964,551.1428571428571,1999.975,6,7
3,594,6,3987.0,3987.0,144.66,2515.497,556.261,664.5,0.08,6,6
3,595,7,4074.0,4074.0,47.618,2829.525,526.197,582.0,1790.771,6,7
3,596,6,4004.0,4004.0,28.449,2263.456,519.05,667.3333333333334,0.099,7,6
3,597,4,3822.0,3822.0,53.612,1788.3300000000002,539.857,955.5,1850.124,6,4
3,598,6,3383.0,3383.0,82.084,2136.925,463.86,563.8333333333334,0.092,7,6
3,599,5,3980.0,3980.0,29.41,1791.6719999999996,590.228,796.0,2674.755,8,5
3,600,6,4038.0,4038.0,89.473,2279.879,503.679,673.0,0.084,4,6
3,601,9,3948.0,3948.0,51.266,2991.5080000000003,457.704,438.6666666666667,1749.965,6,8+
3,602,8,4037.0,4037.0,77.636,2848.3379999999997,475.025,504.625,0.11,5,8+
3,603,6,3369.0,3369.0,35.269,2110.239,430.077,561.5,1710.436,5,6
3,604,6,4035.0,4035.0,40.004,2213.066,615.649,672.5,0.101,9,6
3,605,6,3728.0,3728.0,53.724,2639.75,722.524,621.3333333333334,2136.653,6,6
3,606,5,3875.0,3875.0,137.002,2047.2230000000002,549.654,775.0,0.075,6,5
3,607,5,3542.0,3542.0,41.861,1956.819,525.756,708.4,2149.82,6,5
3,608,6,3879.0,3879.0,65.904,2337.098,527.663,646.5,0.125,6,6
3,609,6,3991.0,3991.0,31.004,2385.53,595.463,665.1666666666666,2154.461,7,6
3,610,6,4013.0,4013.0,92.201,2575.507,561.86,668.8333333333334,0.111,5,6
3,611,5,3411.0,3411.0,50.142,1939.62,598.096,682.2,2156.837,6,5
3,612,7,3825.0,3825.0,57.499,2572.553,504.679,546.4285714285714,0.085,6,7
3,613,6,3975.0,3975.0,43.488,2718.2,665.691,662.5,1871.562,5,6
3,614,6,3812.0,3812.0,52.641,2347.1070000000004,684.379,635.3333333333334,0.101,5,6
3,615,7,3931.0,3931.0,53.453,2213.425,428.956,561.5714285714286,2215.81,7,7
3,616,5,3954.0,3954.0,82.888,2219.021,549.667,790.8,0.13,6,5
3,617,6,3969.0,3969.0,46.483,2822.9930000000004,938.023,661.5,1724.775,5,6
3,618,7,4067.0,4067.0,41.056,2620.7540000000004,487.614,581.0,0.234,7,7
3,619,5,3927.0,3927.0,27.135,2140.476,551.072,785.4,1817.297,5,5
3,620,5,3991.0,3991.0,29.28,1974.1359999999997,512.805,798.2,0.103,6,5
3,621,5,3629.0,3629.0,30.36,1889.9830000000002,525.925,725.8,2042.429,7,5
3,622,5,3628.0,3628.0,73.806,2215.242,622.969,725.6,0.107,5,5
3,623,5,3619.0,3619.0,45.569,2250.5209999999997,635.388,723.8,2427.546,6,5
3,624,7,3999.0,3999.0,46.312,2557.128,602.302,571.2857142857143,0.08,5,7
3,625,6,4067.0,4067.0,37.273,2288.158,526.295,677.8333333333334,1177.168,4,6
3,626,6,4034.0,4034.0,86.058,2588.0330000000004,580.456,672.3333333333334,0.105,5,6
3,627,5,3961.0,3961.0,55.834,2233.348,630.631,792.2,1380.538,4,5
3,628,4,3411.0,3411.0,60.712,1582.085,527.261,852.75,0.112,6,4
3,629,6,4006.0,4006.0,74.048,2898.386,656.929,667.6666666666666,2404.444,6,6
3,630,4,3995.0,3995.0,83.319,1735.174,667.161,998.75,0.078,5,4
3,631,5,3881.0,3881.0,54.925,2413.757,632.258,776.2,2326.73,7,5
3,632,6,3741.0,3741.0,56.724,2633.3749999999995,663.669,623.5,0.107,6,6
3,633,6,3926.0,3926.0,43.401,2717.935,714.168,654.3333333333334,1947.316,6,6
3,634,7,3787.0,3787.0,50.165,2687.688,553.964,541.0,0.101,5,7
3,635,7,4004.0,4004.0,26.552,2508.261,500.344,572.0,2295.142,6,7
3,636,6,4096.0,4096.0,90.386,2317.828,477.391,682.6666666666666,0.093,6,6
3,637,6,4076.0,4076.0,52.638,2503.8230000000003,614.322,679.3333333333334,1903.971,5,6
3,638,6,3825.0,3825.0,50.937,2626.436,661.642,637.5,0.104,7,6
3,639,5,4071.0,4071.0,48.368,2256.66,564.159,814.2,1951.668,5,5
3,640,6,3798.0,3798.0,26.344,2504.9700000000003,508.839,633.0,0.096,6,6
3,641,3,3762.0,3762.0,55.818,1396.717,643.124,1254.0,2167.823,6,3
3,642,5,4021.0,4021.0,102.207,2340.0280000000002,679.239,804.2,0.081,6,5
3,643,7,3698.0,3698.0,40.114,2481.159,434.804,528.2857142857143,2244.64,6,7
3,644,6,3856.0,3856.0,53.073,2453.27,594.274,642.6666666666666,0.098,3,6
3,645,6,4034.0,4034.0,51.618,2532.416,658.97,672.3333333333334,2127.623,7,6
3,646,6,3912.0,3912.0,331.749,2340.0729999999994,654.659,652.0,0.097,7,6
3,647,8,3962.0,3962.0,57.322,2892.94,482.457,495.25,2989.513,9,8+
3,648,7,3939.0,3939.0,46.286,2556.3729999999996,479.383,562.7142857142857,0.094,6,7
3,649,6,4082.0,4082.0,41.593,2502.175,612.467,680.3333333333334,1401.288,5,6
3,650,9,4070.0,4070.0,90.291,3145.809,598.773,452.22222222222223,0.1,8,8+
3,651,4,3277.0,3277.0,30.124,1401.774,435.939,819.25,1363.351,5,4
3,652,5,3882.0,3882.0,86.769,2034.766,651.945,776.4,0.106,6,5
3,653,7,4016.0,4016.0,33.411,3115.2129999999997,749.448,573.7142857142857,2048.563,5,7
3,654,5,3664.0,3664.0,83.327,1676.7169999999999,469.445,732.8,0.085,4,5
3,655,5,3838.0,3838.0,155.071,2215.889,576.416,767.6,1767.897,5,5
3,656,6,3849.0,3849.0,38.775,2613.738,582.884,641.5,0.09,7,6
3,657,5,4047.0,4047.0,61.17,2173.991,542.616,809.4,2046.571,6,5
3,658,5,4013.0,4013.0,29.7,2328.827,591.178,802.6,0.09,6,5
3,659,6,3969.0,3969.0,75.495,2468.785,498.473,661.5,2391.864,7,6
3,660,6,3908.0,3908.0,49.097,2312.44,561.394,651.3333333333334,0.077,5,6
3,661,7,4062.0,4062.0,152.432,2510.931,472.502,580.2857142857143,2022.614,7,7
3,662,7,3881.0,3881.0,25.436,2656.232,489.668,554.4285714285714,0.11,6,7
3,663,7,3856.0,3856.0,71.812,2485.7279999999996,505.183,550.8571428571429,1429.667,5,7
3,664,6,4015.0,4015.0,52.967,2705.344,706.152,669.1666666666666,0.09,7,6
3,665,5,3734.0,3734.0,56.829,1929.525,640.451,746.8,1996.288,5,5
3,666,6,3935.0,3935.0,40.242,2382.771,508.766,655.8333333333334,0.078,6,6
3,667,5,3867.0,3867.0,41.551,2181.687,526.509,773.4,1459.2,4,5
3,668,4,3993.0,3993.0,144.437,1715.087,569.965,998.25,0.103,6,4
3,669,8,4056.0,4056.0,59.476,3300.947,658.525,507.0,2043.629,6,8+
3,670,6,3473.0,3473.0,54.528,2524.395,526.943,578.8333333333334,0.134,8,6
3,671,7,3971.0,3971.0,26.075,2782.13,521.078,567.2857142857143,2497.352,7,7
3,672,7,3932.0,3932.0,27.415,2746.917,563.42,561.7142857142857,0.132,7,7
3,673,7,3944.0,3944.0,59.356,2505.04,541.302,563.4285714285714,1502.178,5,7
3,674,5,3801.0,3801.0,86.918,1958.37,450.412,760.2,0.102,7,5
3,675,6,3775.0,3775.0,23.121,2131.058,452.017,629.1666666666666,1117.856,4,6
3,676,4,3732.0,3732.0,79.272,1618.698,528.792,933.0,0.098,6,4
3,677,6,3954.0,3954.0,50.647,2024.0839999999998,490.944,659.0,2455.334,6,6
3,678,6,3870.0,3870.0,218.636,2511.3160000000003,543.561,645.0,0.084,6,6
3,679,6,3855.0,3855.0,65.688,2540.677,501.838,642.5,957.91,4,6
3,680,4,3609.0,3609.0,44.296,1878.4230000000002,566.544,902.25,0.088,6,4
3,681,6,3761.0,3761.0,89.274,2562.312,563.692,626.8333333333334,1756.329,6,6
3,682,6,3949.0,3949.0,91.849,2230.493,473.529,658.1666666666666,0.114,6,6
3,683,5,3885.0,3885.0,79.068,2044.617,470.872,777.0,2181.704,6,5
3,684,6,4071.0,4071.0,189.54,2482.623,572.009,678.5,0.077,5,6
3,685,5,3819.0,3819.0,52.026,1893.91,632.548,763.8,1426.894,5,5
3,686,5,3795.0,3795.0,41.247,1867.087,482.172,759.0,0.093,5,5
3,687,7,3994.0,3994.0,73.007,2774.3230000000003,505.045,570.5714285714286,1621.23,5,7
3,688,5,3763.0,3763.0,76.602,2026.377,493.835,752.6,0.115,7,5
3,689,5,3986.0,3986.0,302.29,1847.8139999999999,451.307,797.2,2081.45,6,5
3,690,6,3746.0,3746.0,81.945,2288.447,597.351,624.3333333333334,0.081,5,6
3,691,6,4070.0,4070.0,27.725,2473.58,566.855,678.3333333333334,1842.084,6,6
3,692,6,3788.0,3788.0,83.249,2168.029,546.871,631.3333333333334,0.101,6,6
3,693,8,4088.0,4088.0,48.678,2896.706,507.832,511.0,1595.694,5,8+
3,694,5,3796.0,3796.0,38.402,2069.556,575.157,759.2,0.138,8,5
3,695,6,3827.0,3827.0,51.618,2403.8380000000006,587.352,637.8333333333334,2185.772,6,6
3,696,8,4070.0,4070.0,29.526,3259.485,634.428,508.75,529.601,8,8+
3,697,6,4027.0,4027.0,43.694,2550.1049999999996,628.01,671.1666666666666,1654.537,6,6
3,698,6,3859.0,3859.0,60.862,2724.9599999999996,807.435,643.1666666666666,908.737,6,6
3,699,7,4036.0,4036.0,50.244,2630.81,520.302,576.5714285714286,1362.1,7,7
3,700,7,4020.0,4020.0,47.53,2787.025,615.909,574.2857142857143,1101.281,7,7
3,701,7,3796.0,3796.0,34.507,2672.6829999999995,545.319,542.2857142857143,1357.48,7,7
3,702,6,3956.0,3956.0,68.238,2303.789,546.209,659.3333333333334,384.407,6,6
3,703,5,3971.0,3971.0,199.134,2228.727,636.622,794.2,1542.62,5,5
3,704,7,4041.0,4041.0,160.457,2794.001,587.127,577.2857142857143,1207.287,7,7
3,705,6,3936.0,3936.0,94.551,2328.739,506.987,656.0,766.44,6,6
3,706,8,4045.0,4045.0,39.024,2764.799,402.651,505.625,1645.722,8,8+
3,707,5,3952.0,3952.0,75.594,1940.527,497.661,790.4,231.081,5,5
3,708,5,4048.0,4048.0,39.734,2096.599,572.355,809.6,1473.984,5,5
3,709,5,3789.0,3789.0,93.723,2373.509,681.488,757.8,546.385,5,5
3,710,6,3864.0,3864.0,48.818,2223.116,483.59,644.0,1528.035,6,6
3,711,6,3899.0,3899.0,125.319,2065.359,416.655,649.8333333333334,265.941,6,6
3,712,6,4064.0,4064.0,26.257,2219.493,528.062,677.3333333333334,1607.838,6,6
3,713,4,3659.0,3659.0,95.198,2071.558,769.484,914.75,381.11,4,4
3,714,5,3964.0,3964.0,57.265,2198.6710000000003,545.053,792.8,1434.054,5,5
3,715,6,4070.0,4070.0,121.058,2583.756,594.911,678.3333333333334,838.123,6,6
3,716,5,3951.0,3951.0,36.444,2065.27,472.099,790.2,1086.82,5,5
3,717,5,3871.0,3871.0,84.542,1889.406,453.228,774.2,448.391,5,5
3,718,6,3631.0,3631.0,41.534,2259.658,510.801,605.1666666666666,1377.2,6,6
3,719,5,3910.0,3910.0,78.24,2353.458,534.313,782.0,831.283,5,5
3,720,8,4077.0,4077.0,30.337,2960.603,501.952,509.625,1696.639,8,8+
3,721,6,4094.0,4094.0,90.02,2351.754,518.232,682.3333333333334,203.0,6,6
3,722,7,3998.0,3998.0,43.223,2767.62,647.769,571.1428571428571,2348.417,7,7
3,723,7,4010.0,4010.0,32.346,2609.13,600.516,572.8571428571429,0.099,7,7
3,724,7,4011.0,4011.0,40.401,2617.72,581.357,573.0,2234.461,7,7
3,725,7,4016.0,4016.0,51.154,2492.963,553.083,573.7142857142857,0.123,7,7
3,726,7,3797.0,3797.0,40.933,2342.831,431.1,542.4285714285714,2167.738,7,7
3,727,7,3810.0,3810.0,44.569,2581.2270000000003,555.602,544.2857142857143,0.105,7,7
3,728,6,4010.0,4010.0,22.859,2392.0060000000003,814.902,668.3333333333334,2138.39,6,6
3,729,5,4033.0,4033.0,68.105,2475.311,890.618,806.6,0.089,5,5
3,730,6,3824.0,3824.0,42.208,2534.348,532.972,637.3333333333334,2069.424,6,6
3,731,6,3975.0,3975.0,72.551,2528.6989999999996,756.478,662.5,0.11,6,6
3,732,6,3855.0,3855.0,79.818,2495.563,678.759,642.5,2479.818,7,6
3,733,7,4007.0,4007.0,37.215,2917.9980000000005,731.062,572.4285714285714,0.11,6,7
3,734,4,3907.0,3907.0,56.48,1559.485,619.223,976.75,1341.635,4,4
3,735,6,3826.0,3826.0,62.518,2303.406,662.148,637.6666666666666,52.775,6,6
3,736,5,3889.0,3889.0,29.348,2206.132,690.87,777.8,1767.978,5,5
3,737,6,4013.0,4013.0,96.107,2852.508,690.381,668.8333333333334,1063.46,6,6
3,738,6,3984.0,3984.0,41.488,2588.617,522.448,664.0,1155.235,6,6
3,739,6,3888.0,3888.0,90.708,2268.964,583.569,648.0,759.594,6,6
3,740,6,3332.0,3332.0,29.089,2724.638,641.42,555.3333333333334,1821.526,6,6
3,741,7,3805.0,3805.0,82.075,2600.095,527.763,543.5714285714286,293.685,7,7
3,742,6,4095.0,4095.0,40.32,2169.809,451.844,682.5,1362.468,6,6
3,743,6,3962.0,3962.0,337.407,2608.0860000000002,571.284,660.3333333333334,1383.167,6,6
3,744,4,3570.0,3570.0,40.514,1836.855,675.172,892.5,81.177,4,4
3,745,5,3879.0,3879.0,116.904,2030.2220000000002,607.877,775.8,1653.076,5,5
3,746,5,3935.0,3935.0,57.018,2379.2019999999998,714.033,787.0,621.898,5,5
3,747,5,3928.0,3928.0,58.855,2118.791,524.117,785.6,1159.193,5,5
3,748,6,3971.0,3971.0,37.575,2199.7889999999998,412.255,661.8333333333334,634.805,6,6
3,749,4,4045.0,4045.0,61.32,1973.998,605.424,1011.25,1200.063,4,4
3,750,7,3902.0,3902.0,41.781,2662.23,561.978,557.4285714285714,1071.203,7,7
3,751,4,3775.0,3775.0,160.877,1753.493,652.623,943.75,360.112,4,4
3,752,7,3936.0,3936.0,47.286,2574.782,508.505,562.2857142857143,2057.821,7,7
3,753,7,3832.0,3832.0,247.646,2768.556,514.457,547.4285714285714,548.563,7,7
3,754,7,4024.0,4024.0,39.332,2811.4269999999997,502.541,574.8571428571429,1911.665,7,7
3,755,5,3893.0,3893.0,59.106,2019.7040000000002,521.757,778.6,0.165,5,5
3,756,4,4040.0,4040.0,106.061,2048.0159999999996,760.156,1010.0,1877.41,6,4
3,757,6,3955.0,3955.0,39.008,2341.3959999999997,589.391,659.1666666666666,0.157,4,6
3,758,5,3668.0,3668.0,56.845,2108.591,537.52,733.6,2517.584,6,5
3,759,6,3942.0,3942.0,39.097,2726.061,608.668,657.0,0.076,5,6
3,760,7,3884.0,3884.0,52.812,2476.1530000000002,508.851,554.8571428571429,1788.519,4,7
3,761,4,3846.0,3846.0,42.377,2190.76,734.633,961.5,0.188,7,4
3,762,7,4023.0,4023.0,82.197,2769.343,601.475,574.7142857142857,2001.111,6,7
3,763,6,3934.0,3934.0,35.139,2448.298,621.492,655.6666666666666,0.103,7,6
3,764,5,3916.0,3916.0,72.914,2093.4280000000003,440.281,783.2,1992.286,5,5
3,765,5,3522.0,3522.0,67.063,2234.9539999999997,520.097,704.4,0.093,5,5
3,766,4,3896.0,3896.0,102.124,2062.7549999999997,650.797,974.0,2045.0,6,4
3,767,6,4075.0,4075.0,37.293,2482.041,658.149,679.1666666666666,0.109,4,6
3,768,6,3773.0,3773.0,30.125,2385.184,601.593,628.8333333333334,1675.457,6,6
3,769,6,3653.0,3653.0,39.993,2125.135,455.232,608.8333333333334,0.137,6,6
3,770,6,3947.0,3947.0,100.776,2507.071,515.422,657.8333333333334,2628.411,7,6
3,771,7,3996.0,3996.0,48.81,2828.535,463.288,570.8571428571429,0.078,6,7
3,772,4,3809.0,3809.0,29.473,1849.1209999999999,648.112,952.25,1504.087,5,4
3,773,5,3669.0,3669.0,45.492,1949.7939999999999,511.435,733.8,0.094,4,5
3,774,7,4063.0,4063.0,67.999,2917.5290000000005,581.429,580.4285714285714,2420.527,8,7
3,775,8,3928.0,3928.0,79.223,2890.197,507.607,491.0,0.131,7,8+
3,776,6,3718.0,3718.0,57.667,2389.7799999999997,533.233,619.6666666666666,2391.588,7,6
3,777,7,3823.0,3823.0,28.585,2552.76,528.127,546.1428571428571,0.096,6,7
3,778,6,3931.0,3931.0,59.406,2365.999,517.989,655.1666666666666,1542.355,5,6
3,779,5,3639.0,3639.0,55.908,2137.263,594.163,727.8,0.114,6,5
3,780,5,3824.0,3824.0,32.344,2225.177,628.308,764.8,1786.122,5,5
3,781,7,3810.0,3810.0,63.666,2598.867,535.246,544.2857142857143,0.145,7,7
3,782,6,3950.0,3950.0,37.501,2333.298,520.031,658.3333333333334,2084.188,6,6
3,783,6,3720.0,3720.0,71.323,2332.6400000000003,561.929,620.0,0.091,6,6
3,784,4,3931.0,3931.0,23.735,1855.6690000000003,536.244,982.75,1411.552,4,4
3,785,7,3813.0,3813.0,50.851,2570.7179999999994,567.789,544.7142857142857,693.18,7,7
3,786,3,3832.0,3832.0,39.006,1489.811,613.394,1277.3333333333333,443.756,3,3
3,787,5,3818.0,3818.0,56.905,2361.092,639.589,763.6,1584.532,5,5
3,788,5,3732.0,3732.0,45.013,2173.737,509.884,746.4,460.43,5,5
3,789,4,3846.0,3846.0,45.603,1818.2690000000002,690.922,961.5,1500.454,4,4
3,790,4,3764.0,3764.0,55.271,2384.596,844.404,941.0,0.116,4,4
3,791,6,3662.0,3662.0,37.694,2383.102,438.42,610.3333333333334,2139.284,6,6
3,792,7,4007.0,4007.0,46.027,2661.089,447.459,572.4285714285714,0.103,7,7
3,793,7,3990.0,3990.0,58.125,2600.3540000000003,591.056,570.0,2216.576,7,7
3,794,6,4054.0,4054.0,25.598,2599.1310000000003,676.389,675.6666666666666,139.294,6,6
3,795,5,3589.0,3589.0,46.219,2007.564,475.844,717.8,1468.006,5,5
3,796,6,3919.0,3919.0,26.822,2490.627,557.911,653.1666666666666,579.351,6,6
3,797,6,3816.0,3816.0,25.877,2195.5,492.625,636.0,2264.235,7,6
3,798,7,4073.0,4073.0,53.751,2955.974,529.578,581.8571428571429,0.09,6,7
3,799,5,4012.0,4012.0,38.963,2134.172,606.709,802.4,2375.074,7,5
3,800,7,3993.0,3993.0,72.96,2743.8019999999997,590.65,570.4285714285714,0.118,5,7
3,801,7,3868.0,3868.0,42.346,2621.299,528.315,552.5714285714286,1816.088,6,7
3,802,6,3971.0,3971.0,51.839,2335.0460000000003,533.025,661.8333333333334,0.129,7,6
3,803,5,3330.0,3330.0,40.301,2041.8400000000001,499.382,666.0,2220.356,6,5
3,804,6,3910.0,3910.0,45.37,2452.4719999999998,614.775,651.6666666666666,0.086,5,6
3,805,4,3855.0,3855.0,69.121,1772.755,481.273,963.75,1681.593,6,4
3,806,6,3996.0,3996.0,51.729,2165.6440000000002,498.207,666.0,0.105,4,6
3,807,7,4049.0,4049.0,29.461,2617.445,448.799,578.4285714285714,2030.396,6,7
3,808,6,3933.0,3933.0,53.115,2561.949,629.021,655.5,0.132,7,6
3,809,7,3973.0,3973.0,38.443,2771.739,497.34,567.5714285714286,1917.132,5,7
3,810,5,3798.0,3798.0,23.701,2139.063,555.791,759.6,0.087,7,5
3,811,5,3724.0,3724.0,40.223,2010.558,494.831,744.8,1553.645,5,5
3,812,8,4055.0,4055.0,35.892,2666.147,515.004,506.875,0.127,8,8+
3,813,5,3794.0,3794.0,26.151,2217.183,640.298,758.8,1554.364,5,5
3,814,7,3949.0,3949.0,39.995,2908.5040000000004,523.29,564.1428571428571,658.445,7,7
3,815,4,3286.0,3286.0,40.975,1464.614,437.658,821.5,1484.651,7,4
3,816,7,3936.0,3936.0,51.32,2601.4939999999997,565.563,562.2857142857143,0.182,4,7
3,817,5,3879.0,3879.0,39.506,2089.158,511.183,775.8,1732.248,6,5
3,818,6,3843.0,3843.0,27.137,2387.6090000000004,633.923,640.5,0.118,5,6
3,819,5,3811.0,3811.0,49.869,2003.4980000000003,490.61,762.2,978.279,5,5
3,820,7,3659.0,3659.0,66.81,2886.228,568.65,522.7142857142857,38.843,7,7
3,821,6,3772.0,3772.0,40.164,2300.923,496.719,628.6666666666666,1447.218,7,6
3,822,7,3928.0,3928.0,42.505,2497.0480000000002,541.573,561.1428571428571,0.092,6,7
3,823,5,3755.0,3755.0,51.089,2433.265,597.787,751.0,1545.361,5,5
3,824,6,4078.0,4078.0,57.772,2694.2819999999997,640.348,679.6666666666666,131.962,6,6
3,825,6,3978.0,3978.0,43.898,2256.194,461.691,663.0,1614.55,6,6
3,826,7,3988.0,3988.0,52.41,2660.77,586.334,569.7142857142857,515.216,7,7
3,827,8,3980.0,3980.0,52.013,2926.605,540.665,497.5,1916.981,8,8+
3,828,6,4057.0,4057.0,217.014,2421.135,568.562,676.1666666666666,0.181,6,6
3,829,6,3853.0,3853.0,28.231,2441.229,563.904,642.1666666666666,1614.145,6,6
3,830,7,3993.0,3993.0,43.37,2839.7070000000003,563.878,570.4285714285714,550.934,7,7
3,831,5,3878.0,3878.0,66.304,2175.8099999999995,548.668,775.6,1012.048,5,5
3,832,7,4066.0,4066.0,46.306,2631.699,540.725,580.8571428571429,983.958,7,7
3,833,6,4080.0,4080.0,59.419,2578.843,563.158,680.0,1435.092,6,6
3,834,6,4028.0,4028.0,34.373,2278.155,524.588,671.3333333333334,453.405,6,6
3,835,7,3912.0,3912.0,44.284,2482.845,514.896,558.8571428571429,1292.668,7,7
3,836,5,3852.0,3852.0,42.503,2122.2239999999997,680.602,770.4,293.08,5,5
3,837,6,3699.0,3699.0,33.598,2471.23,529.388,616.5,817.989,6,6
3,838,4,3884.0,3884.0,38.195,2049.508,554.788,971.0,0.142,4,4
3,839,5,3340.0,3340.0,39.105,2423.839,647.423,668.0,1997.303,5,5
3,840,5,3818.0,3818.0,84.34,2720.3279999999995,656.809,763.6,0.102,5,5
3,841,6,4009.0,4009.0,91.706,2227.2490000000003,550.273,668.1666666666666,1730.803,5,6
3,842,5,3800.0,3800.0,41.305,2295.016,544.252,760.0,0.541,6,5
3,843,6,3928.0,3928.0,38.021,2483.67,590.47,654.6666666666666,2599.362,7,6
3,844,7,3922.0,3922.0,139.658,2944.42,567.289,560.2857142857143,0.162,6,7
3,845,6,3977.0,3977.0,62.807,2664.368,565.335,662.8333333333334,1937.807,5,6
3,846,5,3943.0,3943.0,39.77,2216.2200000000003,560.388,788.6,0.09,6,5
3,847,7,4040.0,4040.0,27.259,2761.572,472.954,577.1428571428571,2234.236,6,7
3,848,6,3776.0,3776.0,55.358,2742.6670000000004,556.379,629.3333333333334,0.421,7,6
3,849,5,3931.0,3931.0,29.388,2195.4590000000003,596.601,786.2,2255.515,7,5
3,850,7,4042.0,4042.0,30.942,2781.9650000000006,653.283,577.4285714285714,0.121,5,7
3,851,5,4030.0,4030.0,34.266,2479.3329999999996,700.623,806.0,2285.537,6,5
3,852,6,3713.0,3713.0,51.209,2551.678,694.644,618.8333333333334,0.123,5,6
3,853,7,3728.0,3728.0,39.352,2544.892,500.033,532.5714285714286,2484.299,8,7
3,854,8,4022.0,4022.0,32.926,2923.6690000000003,578.895,502.75,0.119,7,8+
3,855,5,3849.0,3849.0,30.865,2121.9139999999998,639.28,769.8,1678.216,6,5
3,856,6,3986.0,3986.0,54.018,2155.892,512.3,664.3333333333334,0.12,5,6
3,857,5,3882.0,3882.0,38.929,1865.649,555.363,776.4,2163.034,6,5
3,858,6,3960.0,3960.0,30.133,2371.3370000000004,580.281,660.0,0.112,5,6
3,859,5,3973.0,3973.0,46.265,2402.72,644.748,794.6,2110.688,6,5
3,860,6,4013.0,4013.0,58.25,2535.809,572.758,668.8333333333334,0.109,5,6
3,861,5,4023.0,4023.0,42.223,2436.5229999999997,786.724,804.6,2191.579,8,5
3,862,8,4096.0,4096.0,27.36,2851.6139999999996,558.121,512.0,0.142,5,8+
3,863,7,3936.0,3936.0,48.812,2656.095,603.439,562.2857142857143,2516.964,7,7
3,864,7,3879.0,3879.0,42.339,2595.1859999999997,605.837,554.1428571428571,0.089,7,7
3,865,7,3972.0,3972.0,62.794,2751.552,614.369,567.4285714285714,2285.035,7,7
3,866,6,4061.0,4061.0,30.835,2479.85,603.34,676.8333333333334,0.162,7,6
3,867,7,4019.0,4019.0,30.701,2763.1519999999996,665.559,574.1428571428571,1608.216,5,7
3,868,6,3809.0,3809.0,25.655,2181.2949999999996,457.537,634.8333333333334,0.136,6,6
3,869,5,3878.0,3878.0,64.744,2093.248,481.409,775.6,2081.988,6,5
3,870,4,3923.0,3923.0,31.776,1935.7240000000002,541.119,980.75,0.125,6,4
3,871,6,3732.0,3732.0,27.666,2294.076,555.18,622.0,1996.646,6,6
3,872,5,3860.0,3860.0,38.718,1997.9969999999998,566.14,772.0,0.184,4,5
3,873,6,3908.0,3908.0,63.814,2510.087,503.713,651.3333333333334,2215.17,7,6
3,874,5,3692.0,3692.0,41.812,1903.0069999999996,440.796,738.4,0.126,5,5
3,875,7,3910.0,3910.0,27.711,2651.7889999999998,484.72,558.5714285714286,2135.169,6,7
3,876,6,3892.0,3892.0,57.958,2377.611,681.979,648.6666666666666,0.16,5,6
3,877,6,3831.0,3831.0,56.044,2302.4919999999997,483.927,638.5,1177.897,3,6
3,878,6,4005.0,4005.0,48.865,2718.655,697.378,667.5,0.151,6,6
3,879,3,3792.0,3792.0,45.845,1705.63,662.591,1264.0,2785.782,8,3
3,880,6,3819.0,3819.0,48.049,2968.94,755.699,636.5,0.146,6,6
3,881,8,3829.0,3829.0,66.434,3264.09,577.746,478.625,2430.963,7,8+
3,882,4,3792.0,3792.0,43.075,2011.8909999999998,645.66,948.0,0.086,6,4
3,883,7,3868.0,3868.0,28.558,2720.712,507.998,552.5714285714286,1347.146,4,7
3,884,7,4016.0,4016.0,44.095,2462.035,469.394,573.7142857142857,0.186,4,7
3,885,4,3563.0,3563.0,52.047,1833.0559999999998,509.691,890.75,1594.945,5,4
3,886,7,3917.0,3917.0,42.155,2733.196,625.981,559.5714285714286,0.117,7,7
3,887,5,4052.0,4052.0,34.639,2135.179,552.203,810.4,2395.261,6,5
3,888,5,3960.0,3960.0,42.288,2146.031,535.882,792.0,0.121,7,5
3,889,6,3887.0,3887.0,66.758,2563.627,571.027,647.8333333333334,2049.151,6,6
3,890,7,3948.0,3948.0,43.833,2831.6,489.081,564.0,0.154,5,7
3,891,6,3834.0,3834.0,41.491,2497.022,508.151,639.0,1862.486,6,6
3,892,6,4081.0,4081.0,40.986,2388.715,558.359,680.1666666666666,0.126,7,6
3,893,6,3914.0,3914.0,60.924,2379.056,508.505,652.3333333333334,1895.284,4,6
3,894,5,3863.0,3863.0,55.025,2207.6299999999997,601.206,772.6,0.101,6,5
3,895,4,3921.0,3921.0,54.116,2101.9539999999997,908.109,980.25,1891.627,6,4
3,896,6,3943.0,3943.0,40.648,2657.9950000000003,522.967,657.1666666666666,0.115,5,6
3,897,6,4044.0,4044.0,44.379,2378.781,532.438,674.0,2065.687,7,6
3,898,7,3915.0,3915.0,53.993,2481.9049999999997,562.059,559.2857142857143,0.135,6,7
3,899,7,3792.0,3792.0,46.758,2861.505,714.07,541.7142857142857,1420.103,3,7
3,900,3,3765.0,3765.0,39.907,1708.4869999999999,635.808,1255.0,0.125,7,3
3,901,4,3846.0,3846.0,42.047,1810.2910000000002,577.237,961.5,1169.211,4,4
3,902,4,3653.0,3653.0,51.094,1813.12,565.139,913.25,0.381,4,4
3,903,6,3704.0,3704.0,27.405,2404.346,603.184,617.3333333333334,1833.328,5,6
3,904,5,3676.0,3676.0,49.945,2293.475,537.679,735.2,0.121,6,5
3,905,5,3745.0,3745.0,24.866,2561.968,660.323,749.0,2146.191,5,5
3,906,5,3759.0,3759.0,101.964,2291.311,546.239,751.8,0.086,5,5
3,907,7,3873.0,3873.0,41.745,2861.4249999999997,555.714,553.2857142857143,1909.737,6,7
3,908,6,3649.0,3649.0,49.433,2381.0629999999996,498.508,608.1666666666666,0.167,7,6
3,909,5,3457.0,3457.0,38.138,2371.414,588.913,691.4,1492.494,4,5
3,910,4,3789.0,3789.0,50.536,2036.1060000000002,602.014,947.25,0.124,5,4
3,911,5,4037.0,4037.0,40.434,2444.281,628.068,807.4,2495.761,6,5
3,912,6,3637.0,3637.0,42.126,2704.467,549.143,606.1666666666666,0.094,5,6
3,913,5,3768.0,3768.0,45.0,2059.462,483.093,753.6,2163.461,7,5
3,914,7,4045.0,4045.0,52.85,2592.482,508.663,577.8571428571429,0.123,5,7
3,915,6,3542.0,3542.0,38.12,2448.122,545.56,590.3333333333334,2047.189,6,6
3,916,6,3911.0,3911.0,39.428,2508.1290000000004,575.509,651.8333333333334,0.144,6,6
3,917,6,4020.0,4020.0,50.93,2852.1409999999996,714.329,670.0,2033.241,4,6
3,918,4,3885.0,3885.0,65.87,2236.407,691.68,971.25,0.118,6,4
3,919,5,3694.0,3694.0,39.716,2305.819,527.267,738.8,1950.049,6,5
3,920,6,3466.0,3466.0,44.256,2400.8779999999997,534.31,577.6666666666666,0.133,5,6
3,921,4,4023.0,4023.0,68.427,1871.902,536.796,1005.75,2390.59,7,4
3,922,7,4060.0,4060.0,51.712,3002.291,572.293,580.0,0.156,4,7
3,923,6,3856.0,3856.0,42.631,2461.582,568.919,642.6666666666666,2470.698,6,6
3,924,6,4056.0,4056.0,47.321,2720.4280000000003,522.591,676.0,0.174,6,6
3,925,5,3899.0,3899.0,58.108,2386.486,613.611,779.8,2175.371,6,5
3,926,5,3707.0,3707.0,31.815,2361.5119999999997,601.282,741.4,0.145,5,5
3,927,6,3905.0,3905.0,53.248,2816.549,611.624,650.8333333333334,2090.692,7,6
3,928,6,3718.0,3718.0,36.511,2363.5539999999996,501.11,619.6666666666666,0.314,5,6
3,929,7,3829.0,3829.0,37.16,2559.009,524.892,547.0,2532.257,7,7
3,930,6,4086.0,4086.0,32.77,2680.193,567.317,681.0,0.092,6,6
3,931,7,4028.0,4028.0,52.487,2758.5339999999997,488.42,575.4285714285714,2058.14,6,7
3,932,6,4011.0,4011.0,58.207,2235.2309999999998,480.699,668.5,0.116,6,6
3,933,6,3997.0,3997.0,25.797,2519.4320000000002,551.368,666.1666666666666,2460.059,7,6
3,934,6,4085.0,4085.0,30.852,2525.123,486.779,680.8333333333334,0.171,6,6
3,935,7,4079.0,4079.0,69.739,2971.9390000000003,553.904,582.7142857142857,2744.936,7,7
3,936,5,4003.0,4003.0,50.697,2552.8920000000003,763.83,800.6,0.106,6,5
3,937,7,3744.0,3744.0,51.778,2955.376,815.279,534.8571428571429,2211.92,6,7
3,938,6,3824.0,3824.0,30.161,2006.894,562.454,637.3333333333334,0.12,5,6
3,939,4,4025.0,4025.0,42.222,2107.179,854.954,1006.25,1356.579,4,4
3,940,6,3810.0,3810.0,37.809,2670.373,786.172,635.0,0.15,6,6
3,941,4,3970.0,3970.0,51.047,1639.967,454.211,992.5,2318.5,7,4
3,942,4,3891.0,3891.0,74.595,1775.3410000000001,689.886,972.75,0.109,4,4
3,943,6,4023.0,4023.0,41.567,2445.077,502.737,670.5,2188.283,6,6
3,944,7,4086.0,4086.0,41.525,2626.3830000000003,420.577,583.7142857142857,0.153,4,7
3,945,6,3765.0,3765.0,46.978,2265.247,459.811,627.5,1595.036,5,6
3,946,6,3720.0,3720.0,63.983,2581.892,580.023,620.0,0.131,6,6
3,947,7,3816.0,3816.0,46.275,2896.6499999999996,501.932,545.1428571428571,1645.082,4,7
3,948,5,3939.0,3939.0,40.132,2036.367,531.477,787.8,0.114,6,5
3,949,5,3844.0,3844.0,42.494,2034.9450000000002,652.343,768.8,2159.959,6,5
3,950,4,3202.0,3202.0,48.121,1914.2740000000001,592.969,800.5,0.159,7,4
3,951,6,3971.0,3971.0,31.428,2625.251,679.777,661.8333333333334,2081.912,6,6
3,952,6,4049.0,4049.0,41.853,2639.1810000000005,666.244,674.8333333333334,0.122,5,6
3,953,6,3837.0,3837.0,43.423,2550.202,607.152,639.5,2673.78,7,6
3,954,6,3999.0,3999.0,53.722,2541.687,579.277,666.5,0.098,6,6
3,955,6,3869.0,3869.0,58.074,2703.8780000000006,698.662,644.8333333333334,1860.806,6,6
3,956,7,3924.0,3924.0,46.764,2928.87,701.519,560.5714285714286,0.123,6,7
3,957,5,3996.0,3996.0,30.959,2187.504,563.689,799.2,2538.667,8,5
3,958,6,4068.0,4068.0,55.308,2286.547,596.049,678.0,0.357,6,6
3,959,6,3860.0,3860.0,25.14,2584.5319999999997,528.764,643.3333333333334,1992.54,5,6
3,960,8,3742.0,3742.0,36.901,3021.124,501.259,467.75,0.114,5,8+
3,961,5,3892.0,3892.0,31.665,2066.4199999999996,587.04,778.4,1572.698,6,5
3,962,5,3868.0,3868.0,59.724,2082.027,560.484,773.6,0.15,6,5
3,963,8,3739.0,3739.0,42.614,3023.2300000000005,470.539,467.375,2096.764,6,8+
3,964,6,3682.0,3682.0,48.375,2276.806,597.635,613.6666666666666,0.109,5,6
3,965,6,3717.0,3717.0,29.778,2228.748,614.338,619.5,2533.519,8,6
3,966,6,3914.0,3914.0,39.843,2496.683,515.619,652.3333333333334,0.108,8,6
3,967,6,3714.0,3714.0,37.69,2295.8759999999997,551.693,619.0,1355.592,5,6
3,968,8,3483.0,3483.0,48.865,2772.406,455.694,435.375,0.119,6,8+
3,969,7,3982.0,3982.0,33.945,2520.8630000000003,554.91,568.8571428571429,2051.841,6,7
3,970,5,3586.0,3586.0,36.862,1887.1589999999999,536.357,717.2,0.134,6,5
3,971,5,3902.0,3902.0,58.464,2368.44,703.036,780.4,2770.999,8,5
3,972,6,4086.0,4086.0,52.164,2530.375,521.268,681.0,0.15,7,6
3,973,8,3925.0,3925.0,35.084,3135.3669999999997,527.362,490.625,2049.778,7,8+
3,974,8,3996.0,3996.0,31.541,3016.1169999999997,529.374,499.5,0.174,5,8+
3,975,5,4067.0,4067.0,41.161,2352.754,660.516,813.4,2137.53,7,5
3,976,7,3397.0,3397.0,48.056,2496.154,608.648,485.2857142857143,0.122,8,7
3,977,5,3959.0,3959.0,44.868,2076.02,556.531,791.8,2300.243,6,5
3,978,7,3920.0,3920.0,37.29,2649.0610000000006,487.897,560.0,0.08,5,7
3,979,5,3989.0,3989.0,39.858,2269.4519999999998,554.7,797.8,1685.014,5,5
3,980,6,3849.0,3849.0,52.892,2494.6009999999997,589.827,641.5,0.124,5,6
3,981,7,3839.0,3839.0,43.432,2701.565,616.713,548.4285714285714,2269.228,8,7
3,982,5,3970.0,3970.0,44.007,2099.723,642.672,794.0,0.139,5,5
3,983,5,3686.0,3686.0,28.404,2207.339,574.45,737.2,2168.488,5,5
3,984,8,4034.0,4034.0,51.311,2824.023,486.143,504.25,0.094,7,8+
3,985,6,3854.0,3854.0,39.21,2241.963,508.377,642.3333333333334,1891.309,5,6
3,986,5,3922.0,3922.0,37.215,2360.249,650.069,784.4,0.121,5,5
3,987,7,3924.0,3924.0,29.528,2664.864,593.243,560.5714285714286,1421.336,4,7
3,988,5,3663.0,3663.0,52.447,2384.719,737.58,732.6,0.132,6,5
3,989,4,3826.0,3826.0,61.294,1805.436,561.977,956.5,2653.981,7,4
3,990,8,4058.0,4058.0,55.318,3010.7960000000003,439.231,507.25,0.093,7,8+
3,991,7,3990.0,3990.0,27.998,2749.1549999999997,593.443,570.0,1527.572,4,7
3,992,7,4084.0,4084.0,29.013,2873.0849999999996,584.187,583.4285714285714,0.122,8,7
3,993,4,3971.0,3971.0,38.957,1991.717,592.807,992.75,1829.894,6,4
3,994,5,3817.0,3817.0,38.635,2189.664,499.23,763.4,0.113,7,5
3,995,6,3503.0,3503.0,32.414,2400.61,583.536,583.8333333333334,2385.09,7,6
3,996,6,3777.0,3777.0,39.125,2489.9320000000002,528.477,629.5,0.093,5,6
3,997,7,3996.0,3996.0,59.148,2577.8579999999997,466.059,570.8571428571429,2039.573,6,7
3,998,7,3985.0,3985.0,41.953,2847.48,521.945,569.2857142857143,0.119,6,7
3,999,6,3813.0,3813.0,32.564,2571.193,646.089,635.5,2138.718,7,6
3,1000,6,3854.0,3854.0,58.653,2584.6769999999997,711.743,642.3333333333334,0.105,7,6
3,1001,7,3875.0,3875.0,50.301,2612.958,498.179,553.5714285714286,1902.927,5,7
3,1002,6,4096.0,4096.0,45.57,2576.615,473.624,682.6666666666666,0.124,6,6
3,1003,5,3797.0,3797.0,46.916,2278.907,694.759,759.4,2531.488,8,5
3,1004,7,3800.0,3800.0,34.93,2451.336,490.391,542.8571428571429,0.142,6,7
3,1005,8,3769.0,3769.0,49.15,2954.992,490.402,471.125,1919.337,6,8+
3,1006,7,3889.0,3889.0,38.885,2933.3019999999997,526.183,555.5714285714286,0.121,7,7
3,1007,6,3896.0,3896.0,35.739,2444.7340000000004,515.672,649.3333333333334,2320.544,7,6
3,1008,5,3867.0,3867.0,32.766,2008.903,545.302,773.4,0.115,7,5
3,1009,7,3960.0,3960.0,51.324,2561.0089999999996,488.149,565.7142857142857,1723.284,5,7
3,1010,6,3953.0,3953.0,40.606,2477.379,561.399,658.8333333333334,0.152,5,6
3,1011,5,3860.0,3860.0,45.419,2590.711,663.887,772.0,1403.383,5,5
3,1012,6,4077.0,4077.0,38.051,2705.692,576.153,679.5,0.14,6,6
3,1013,5,3748.0,3748.0,52.926,2019.5059999999999,514.534,749.6,2339.558,6,5
3,1014,6,4012.0,4012.0,42.344,2658.965,614.077,668.6666666666666,0.087,6,6
3,1015,6,3954.0,3954.0,37.684,2547.83,543.807,659.0,1724.727,6,6
3,1016,5,3877.0,3877.0,46.557,1781.352,422.189,775.4,0.147,6,5
3,1017,4,3295.0,3295.0,33.757,1787.036,697.091,823.75,1538.824,5,4
3,1018,6,3330.0,3330.0,45.174,2281.512,613.725,555.0,0.128,5,6
3,1019,6,3766.0,3766.0,38.383,2285.355,444.069,627.6666666666666,2469.375,6,6
3,1020,5,3382.0,3382.0,36.154,1907.81,494.531,676.4,0.1,4,5
3,1021,3,3760.0,3760.0,35.88,1997.9350000000002,1019.673,1253.3333333333333,1628.602,6,3
3,1022,6,3915.0,3915.0,51.211,2751.262,788.374,652.5,0.112,6,6
3,1023,4,3636.0,3636.0,40.238,1737.649,486.037,909.0,2478.633,8,4
3,1024,6,3962.0,3962.0,34.791,2198.379,527.866,660.3333333333334,0.15,3,6
3,1025,6,3707.0,3707.0,54.054,2424.626,579.623,617.8333333333334,1911.898,6,6
3,1026,8,4037.0,4037.0,53.989,2940.398,590.392,504.625,0.162,4,8+
3,1027,8,4061.0,4061.0,52.439,2825.9399999999996,463.672,507.625,1801.87,6,8+
3,1028,6,3879.0,3879.0,39.301,2150.266,651.708,646.5,0.129,6,6
3,1029,6,3972.0,3972.0,43.48,2377.215,541.528,662.0,1723.523,5,6
3,1030,6,3923.0,3923.0,53.233,2321.132,592.235,653.8333333333334,0.135,8,6
3,1031,5,3689.0,3689.0,39.086,2429.986,519.995,737.8,2081.971,5,5
3,1032,5,4072.0,4072.0,41.802,2225.413,601.257,814.4,0.096,6,5
3,1033,6,4034.0,4034.0,40.569,2582.336,493.189,672.3333333333334,1954.504,6,6
3,1034,5,3600.0,3600.0,49.316,2301.9829999999997,655.775,720.0,0.149,5,5
3,1035,6,3945.0,3945.0,34.924,2591.8959999999997,573.989,657.5,2077.304,6,6
3,1036,6,3891.0,3891.0,42.059,2450.4249999999997,591.539,648.5,0.146,6,6
3,1037,7,3683.0,3683.0,34.95,2837.7839999999997,543.027,526.1428571428571,2290.397,5,7
3,1038,6,3999.0,3999.0,51.797,2510.217,535.045,666.5,0.084,6,6
3,1039,5,3914.0,3914.0,30.989,2555.4449999999997,681.187,782.8,1842.229,6,5
3,1040,5,4004.0,4004.0,39.433,2574.413,682.695,800.8,0.117,7,5
3,1041,6,3974.0,3974.0,51.455,2244.239,506.128,662.3333333333334,1810.123,6,6
3,1042,7,3828.0,3828.0,35.536,2730.072,512.512,546.8571428571429,0.126,5,7
3,1043,6,3945.0,3945.0,44.284,2381.186,531.209,657.5,2139.978,6,6
3,1044,7,4053.0,4053.0,52.266,2869.684,633.957,579.0,0.087,7,7
3,1045,6,4015.0,4015.0,52.276,2307.944,487.594,669.1666666666666,1861.216,6,6
3,1046,8,4012.0,4012.0,26.361,2950.7110000000002,610.072,501.5,0.135,7,8+
3,1047,6,3874.0,3874.0,46.185,2364.069,502.454,645.6666666666666,2051.355,7,6
3,1048,6,3767.0,3767.0,37.839,2580.8239999999996,498.398,627.8333333333334,0.139,8,6
3,1049,7,3989.0,3989.0,56.034,2530.1459999999997,485.876,569.8571428571429,1962.242,5,7
3,1050,6,3828.0,3828.0,32.989,2296.728,469.472,638.0,0.122,6,6
3,1051,5,4093.0,4093.0,40.696,2178.1099999999997,575.424,818.6,1215.818,4,5
3,1052,6,3354.0,3354.0,35.853,2288.635,535.612,559.0,0.133,6,6
3,1053,4,3834.0,3834.0,57.121,1586.661,514.363,958.5,1764.725,5,4
3,1054,5,3898.0,3898.0,34.832,2245.685,537.159,779.6,0.108,6,5
3,1055,8,3984.0,3984.0,49.69,3246.7709999999997,581.192,498.0,2775.699,8,8+
3,1056,8,4053.0,4053.0,55.092,2973.893,604.036,506.625,0.389,8,8+
3,1057,5,3764.0,3764.0,44.383,2144.615,558.008,752.8,1835.877,5,5
3,1058,5,3851.0,3851.0,36.848,2341.1870000000004,613.993,770.2,0.149,5,5
3,1059,7,3972.0,3972.0,46.599,3068.8070000000002,623.808,567.4285714285714,1310.069,5,7
3,1060,5,3893.0,3893.0,50.623,1758.5149999999999,512.667,778.6,0.127,7,5
3,1061,6,3902.0,3902.0,38.768,2164.196,430.827,650.3333333333334,2012.109,6,6
3,1062,6,4081.0,4081.0,46.266,2655.858,569.657,680.1666666666666,0.086,6,6
3,1063,5,3632.0,3632.0,46.633,1998.244,592.855,726.4,1815.685,7,5
3,1064,7,3953.0,3953.0,57.697,2822.404,591.021,564.7142857142857,0.115,5,7
3,1065,6,3760.0,3760.0,25.963,2575.54,551.93,626.6666666666666,1870.345,6,6
3,1066,6,4035.0,4035.0,34.057,2464.493,616.13,672.5,0.134,6,6
3,1067,7,3791.0,3791.0,28.281,2537.825,559.354,541.5714285714286,2070.331,5,7
3,1068,5,3892.0,3892.0,28.979,2019.1840000000002,680.749,778.4,0.083,7,5
3,1069,5,3730.0,3730.0,49.089,2264.26,542.273,746.0,1747.689,5,5
3,1070,4,4006.0,4006.0,39.132,1925.2620000000002,680.804,1001.5,0.465,5,4
3,1071,5,3793.0,3793.0,46.208,2302.513,678.906,758.6,1576.839,5,5
3,1072,6,3950.0,3950.0,39.6,2405.847,487.784,658.3333333333334,0.236,4,6
3,1073,5,4039.0,4039.0,26.653,2106.428,552.035,807.8,1933.81,5,5
3,1074,5,3889.0,3889.0,53.631,2137.274,540.541,777.8,0.167,6,5
3,1075,9,4045.0,4045.0,41.829,3461.7749999999996,542.353,449.44444444444446,1672.674,5,8+
3,1076,5,3796.0,3796.0,48.406,2064.081,513.52,759.2,0.117,9,5
3,1077,6,3688.0,3688.0,47.575,2365.9890000000005,496.05,614.6666666666666,1388.087,5,6
3,1078,5,3816.0,3816.0,55.478,1971.1729999999998,494.942,763.2,0.166,6,5
3,1079,7,3865.0,3865.0,41.377,2671.6839999999993,560.625,552.1428571428571,2367.67,6,7
3,1080,6,3831.0,3831.0,41.361,2520.7560000000003,537.036,638.5,0.089,7,6
3,1081,6,4029.0,4029.0,28.832,2539.452,636.934,671.5,2071.992,6,6
3,1082,7,4001.0,4001.0,56.173,2944.008,635.324,571.5714285714286,0.134,7,7
3,1083,3,3808.0,3808.0,50.107,1639.204,681.391,1269.3333333333333,1086.854,3,3
3,1084,5,3806.0,3806.0,29.684,2511.6229999999996,642.123,761.2,741.302,5,5
3,1085,7,3939.0,3939.0,33.965,2854.5950000000003,498.079,562.7142857142857,1994.319,7,7
3,1086,6,3420.0,3420.0,27.422,2560.409,562.0,570.0,170.961,6,6
3,1087,4,3745.0,3745.0,51.27,2082.308,652.55,936.25,1469.037,4,4
3,1088,4,3875.0,3875.0,28.467,2120.243,835.432,968.75,442.983,4,4
3,1089,5,4050.0,4050.0,47.038,2234.927,645.939,810.0,1380.335,5,5
3,1090,7,3795.0,3795.0,39.199,2658.676,490.038,542.1428571428571,868.562,7,7
3,1091,7,3972.0,3972.0,27.827,3004.58,491.443,567.4285714285714,1949.472,7,7
3,1092,8,3959.0,3959.0,28.375,2689.5299999999997,472.195,494.875,360.21,8,8+
3,1093,5,4005.0,4005.0,52.654,2246.483,608.87,801.0,1491.669,5,5
3,1094,4,3893.0,3893.0,27.612,1728.3449999999998,540.655,973.25,76.578,4,4
3,1095,5,3227.0,3227.0,37.053,1925.581,570.036,645.4,1811.065,5,5
3,1096,5,3840.0,3840.0,54.278,2673.898,664.406,768.0,0.119,5,5
3,1097,6,4056.0,4056.0,57.508,2223.139,444.88,676.0,1485.034,6,6
3,1098,9,4037.0,4037.0,58.369,3221.2350000000006,500.775,448.55555555555554,0.102,9,8+
3,1099,7,3806.0,3806.0,51.652,2492.442,507.038,543.7142857142857,992.944,7,7
3,1100,6,3960.0,3960.0,26.018,2498.704,504.195,660.0,317.764,6,6
3,1101,3,3700.0,3700.0,38.915,1462.24,554.607,1233.3333333333333,404.962,6,3
3,1102,6,3852.0,3852.0,54.176,2256.556,506.681,642.0,0.127,3,6
3,1103,6,3913.0,3913.0,40.636,2177.848,509.58,652.1666666666666,1885.042,7,6
3,1104,7,3617.0,3617.0,48.53,2828.41,544.187,516.7142857142857,0.11,6,7
3,1105,6,3912.0,3912.0,39.509,2767.18,684.317,652.0,1734.652,5,6
3,1106,5,3822.0,3822.0,28.267,2203.314,555.32,764.4,0.144,6,5
3,1107,5,3945.0,3945.0,30.56,2333.704,598.599,789.0,2168.075,7,5
3,1108,7,4069.0,4069.0,52.428,2917.1049999999996,585.909,581.2857142857143,0.117,5,7
3,1109,6,3422.0,3422.0,38.442,2317.042,517.178,570.3333333333334,2314.771,6,6
3,1110,6,4008.0,4008.0,58.213,2517.6490000000003,533.597,668.0,0.109,6,6
3,1111,5,3701.0,3701.0,41.728,2347.331,675.842,740.2,2049.877,6,5
3,1112,6,3830.0,3830.0,46.765,2440.291,483.494,638.3333333333334,0.17,5,6
3,1113,5,3988.0,3988.0,62.173,2262.312,639.956,797.6,1850.72,6,5
3,1114,6,3991.0,3991.0,53.133,2332.1389999999997,563.69,665.1666666666666,0.128,5,6
3,1115,4,3877.0,3877.0,55.504,1908.4899999999998,793.534,969.25,2653.025,8,4
3,1116,5,3757.0,3757.0,28.495,2075.361,690.13,751.4,0.087,4,5
3,1117,8,4050.0,4050.0,40.901,2875.073,698.746,506.25,2031.165,6,8+
3,1118,5,3848.0,3848.0,38.121,1990.6460000000002,500.341,769.6,0.155,5,5
3,1119,6,3863.0,3863.0,56.265,2382.668,691.906,643.8333333333334,1565.128,5,6
3,1120,5,4039.0,4039.0,30.031,1994.636,527.585,807.8,0.132,5,5
3,1121,5,3976.0,3976.0,36.41,2067.417,496.307,795.2,2181.136,6,5
3,1122,5,4075.0,4075.0,39.944,2248.672,689.591,815.0,0.109,5,5
3,1123,6,3828.0,3828.0,49.026,2474.3010000000004,665.112,638.0,1673.519,6,6
3,1124,6,3674.0,3674.0,47.293,2354.7450000000003,579.103,612.3333333333334,0.139,5,6
3,1125,6,3444.0,3444.0,33.931,2124.5,496.785,574.0,2414.722,8,6
3,1126,5,3963.0,3963.0,50.203,1932.98,548.328,792.6,0.132,6,5
3,1127,8,4063.0,4063.0,51.247,2796.782,526.594,507.875,1203.932,3,8+
3,1128,6,3957.0,3957.0,56.285,2279.8650000000002,548.109,659.5,0.098,5,6
3,1129,3,3526.0,3526.0,42.66,1431.288,528.964,1175.3333333333333,1582.252,4,3
3,1130,4,4058.0,4058.0,61.054,1971.103,641.254,1014.5,0.129,6,4
3,1131,7,3965.0,3965.0,28.267,3131.075,566.794,566.4285714285714,2195.978,7,7
3,1132,5,3927.0,3927.0,36.364,2134.058,609.357,785.4,0.132,7,5
3,1133,7,4096.0,4096.0,29.852,2733.1639999999998,537.811,585.1428571428571,2008.02,6,7
3,1134,4,3830.0,3830.0,25.498,1785.0349999999999,680.957,957.5,0.084,5,4
3,1135,6,3834.0,3834.0,51.092,2229.399,590.535,639.0,2363.165,7,6
3,1136,6,3761.0,3761.0,38.536,2368.7830000000004,643.514,626.8333333333334,0.122,4,6
3,1137,7,3863.0,3863.0,34.329,2779.484,660.014,551.8571428571429,1249.188,4,7
3,1138,4,3862.0,3862.0,57.637,1631.67,448.061,965.5,0.115,6,4
3,1139,4,3685.0,3685.0,49.961,1768.5200000000002,591.044,921.25,1912.184,5,4
3,1140,6,3959.0,3959.0,37.544,2853.058,689.721,659.8333333333334,0.094,4,6
3,1141,5,3926.0,3926.0,41.224,2186.6859999999997,540.796,785.2,2061.029,6,5
3,1142,2,3953.0,3953.0,24.354,1408.933,716.161,1976.5,0.133,6,2
3,1143,6,4082.0,4082.0,41.191,2510.692,625.844,680.3333333333334,2046.115,6,6
3,1144,4,3982.0,3982.0,41.108,2049.4480000000003,791.265,995.5,0.115,2,4
3,1145,5,3795.0,3795.0,43.824,2117.853,529.14,759.0,2091.186,6,5
3,1146,6,4073.0,4073.0,51.479,2512.087,465.968,678.8333333333334,0.097,4,6
3,1147,6,3853.0,3853.0,38.181,2352.043,536.099,642.1666666666666,1764.091,5,6
3,1148,7,3850.0,3850.0,43.806,2509.6169999999997,587.504,550.0,0.167,5,7
3,1149,5,3791.0,3791.0,39.838,1966.149,585.209,758.2,1602.334,5,5
3,1150,5,3974.0,3974.0,50.358,2170.4339999999997,742.468,794.8,0.159,7,5
3,1151,5,4066.0,4066.0,28.538,2095.117,566.313,813.2,2701.879,8,5
3,1152,6,3879.0,3879.0,42.12,2633.978,536.782,646.5,0.135,5,6
3,1153,8,4005.0,4005.0,50.438,2879.816,513.9,500.625,1628.531,6,8+
3,1154,7,3724.0,3724.0,27.028,2630.27,565.736,532.0,0.127,6,7
3,1155,6,3925.0,3925.0,31.27,2123.125,466.896,654.1666666666666,2547.957,7,6
3,1156,8,3996.0,3996.0,37.161,3104.518,516.317,499.5,0.155,7,8+
3,1157,4,3810.0,3810.0,32.502,1460.813,423.844,952.5,2430.134,7,4
3,1158,7,3959.0,3959.0,54.564,2981.907,526.951,565.5714285714286,0.112,8,7
3,1159,4,3958.0,3958.0,39.316,1618.323,455.127,989.5,2175.878,7,4
3,1160,7,4001.0,4001.0,43.398,2630.463,468.562,571.5714285714286,0.128,4,7
3,1161,5,3597.0,3597.0,37.439,1890.949,517.188,719.4,1749.206,5,5
3,1162,7,3911.0,3911.0,49.323,2619.9330000000004,544.785,558.7142857142857,0.131,4,7
3,1163,7,4046.0,4046.0,48.296,2676.4199999999996,672.638,578.0,2440.485,7,7
3,1164,5,3588.0,3588.0,40.7,2267.689,648.466,717.6,0.095,5,5
3,1165,4,3810.0,3810.0,41.925,2052.441,837.881,952.5,2214.879,7,4
3,1166,7,3980.0,3980.0,48.164,2662.476,714.196,568.5714285714286,0.149,7,7
3,1167,5,3961.0,3961.0,30.506,2209.1589999999997,649.179,792.2,2079.204,7,5
3,1168,4,4012.0,4012.0,44.146,1815.806,675.534,1003.0,0.123,4,4
3,1169,7,3987.0,3987.0,38.231,2663.0350000000003,541.558,569.5714285714286,1479.283,4,7
3,1170,7,3846.0,3846.0,48.765,2558.0820000000003,628.638,549.4285714285714,0.101,5,7
3,1171,6,3481.0,3481.0,40.075,2528.163,717.382,580.1666666666666,2487.566,8,6
3,1172,4,3966.0,3966.0,37.608,1710.459,687.695,991.5,0.116,4,4
3,1173,4,3826.0,3826.0,51.963,1937.5230000000001,689.791,956.5,1596.251,5,4
3,1174,5,3706.0,3706.0,58.146,2279.3360000000002,603.773,741.2,0.131,6,5
3,1175,8,3998.0,3998.0,51.964,2960.567,589.26,499.75,2754.418,7,8+
3,1176,5,3931.0,3931.0,36.441,2053.98,547.066,786.2,0.185,4,5
3,1177,9,4037.0,4037.0,35.957,3284.656,568.366,448.55555555555554,1449.611,4,8+
3,1178,7,3797.0,3797.0,51.328,2944.678,576.269,542.4285714285714,0.129,5,7
3,1179,6,3777.0,3777.0,25.361,2682.721,679.958,629.5,1601.886,5,6
3,1180,4,4017.0,4017.0,30.376,1858.621,628.832,1004.25,0.131,9,4
3,1181,7,3949.0,3949.0,36.544,2750.2920000000004,527.103,564.1428571428571,2295.604,6,7
3,1182,5,3933.0,3933.0,56.711,1985.618,480.882,786.6,0.085,6,5
3,1183,6,3513.0,3513.0,43.243,2611.1530000000002,685.431,585.5,1446.95,4,6
3,1184,6,3916.0,3916.0,34.298,2583.108,666.44,652.6666666666666,0.114,7,6
3,1185,4,3875.0,3875.0,69.919,1896.514,638.535,968.75,2023.302,6,4
3,1186,6,3888.0,3888.0,43.47,2422.3010000000004,485.514,648.0,0.148,6,6
3,1187,6,3923.0,3923.0,28.812,2643.499,619.77,653.8333333333334,1624.935,3,6
3,1188,6,3826.0,3826.0,38.585,2518.953,720.088,637.6666666666666,0.122,6,6
3,1189,3,3773.0,3773.0,44.258,1925.154,789.347,1257.6666666666667,2161.763,7,3
3,1190,7,4027.0,4027.0,35.109,2874.7180000000003,719.257,575.2857142857143,0.201,6,7
3,1191,7,3970.0,3970.0,30.611,2739.703,509.948,567.1428571428571,1556.484,5,7
3,1192,5,3346.0,3346.0,34.679,2150.351,589.611,669.2,0.119,7,5
3,1193,5,4052.0,4052.0,55.267,2162.801,515.158,810.4,1454.492,4,5
3,1194,9,3943.0,3943.0,49.988,3156.206,581.771,438.1111111111111,0.094,5,8+
3,1195,4,3747.0,3747.0,37.221,1636.049,520.458,936.75,1691.311,5,4
3,1196,5,3763.0,3763.0,41.914,2114.181,545.562,752.6,0.137,9,5
3,1197,5,3921.0,3921.0,55.46,2111.987,630.587,784.2,1994.038,6,5
3,1198,6,3875.0,3875.0,30.865,2569.456,571.403,645.8333333333334,0.122,5,6
3,1199,7,3998.0,3998.0,53.361,2820.878,534.089,571.1428571428571,2417.852,6,7
3,1200,5,4024.0,4024.0,38.58,2131.923,497.041,804.8,0.11,7,5
3,1201,6,3923.0,3923.0,50.561,2649.269,621.756,653.8333333333334,1924.823,6,6
3,1202,5,3900.0,3900.0,63.025,2048.7200000000003,486.189,780.0,0.129,5,5
3,1203,6,4008.0,4008.0,36.128,2424.7,520.235,668.0,2943.636,8,6
3,1204,5,3763.0,3763.0,33.466,1951.9840000000002,491.684,752.6,0.172,5,5
3,1205,8,4036.0,4036.0,53.703,3343.157,550.46,504.5,2054.578,6,8+
3,1206,5,4008.0,4008.0,41.98,2179.9210000000003,636.618,801.6,0.173,5,5
3,1207,6,4028.0,4028.0,27.632,2301.549,637.057,671.3333333333334,2008.304,7,6
3,1208,6,4040.0,4040.0,32.181,2589.3109999999997,731.601,673.3333333333334,0.145,5,6
3,1209,7,3932.0,3932.0,39.77,2513.42,461.843,561.7142857142857,1830.328,5,7
3,1210,6,3871.0,3871.0,47.891,2480.456,501.901,645.1666666666666,0.155,6,6
3,1211,5,3762.0,3762.0,31.701,2388.08,592.23,752.4,2214.549,5,5
3,1212,5,3973.0,3973.0,78.115,2483.5699999999997,602.153,794.6,0.096,6,5
3,1213,5,3829.0,3829.0,53.05,2422.029,612.461,765.8,2029.86,6,5
3,1214,7,4061.0,4061.0,88.607,2837.2549999999997,574.61,580.1428571428571,0.125,5,7
3,1215,6,3637.0,3637.0,52.413,2417.874,529.281,606.1666666666666,1891.065,6,6
3,1216,8,4086.0,4086.0,40.094,2892.989,571.258,510.75,0.133,7,8+
3,1217,6,4033.0,4033.0,69.037,2296.331,513.323,672.1666666666666,2010.29,5,6
3,1218,6,4023.0,4023.0,43.402,2008.709,422.045,670.5,0.084,8,6
3,1219,5,3908.0,3908.0,50.67,2226.6730000000002,559.526,781.6,2272.338,7,5
3,1220,5,3651.0,3651.0,50.14,2036.8529999999998,465.303,730.2,0.135,6,5
3,1221,7,4044.0,4044.0,46.246,2754.854,527.92,577.7142857142857,1349.434,4,7
3,1222,6,3543.0,3543.0,49.796,2090.321,430.591,590.5,0.135,5,6
3,1223,4,3796.0,3796.0,29.747,1967.46,606.878,949.0,2284.721,6,4
3,1224,7,3865.0,3865.0,46.319,3355.9339999999997,661.713,552.1428571428571,0.139,6,7
3,1225,6,4011.0,4011.0,43.434,2532.133,567.018,668.5,1615.077,4,6
3,1226,5,3939.0,3939.0,44.312,2085.8269999999998,615.428,787.8,0.143,7,5
3,1227,4,3907.0,3907.0,41.313,2057.121,648.714,976.75,1986.044,5,4
3,1228,7,3904.0,3904.0,36.462,2720.602,573.953,557.7142857142857,0.128,5,7
3,1229,5,4035.0,4035.0,61.587,2404.15,610.699,807.0,2144.08,6,5
3,1230,8,4086.0,4086.0,28.532,2954.407,436.071,510.75,0.104,7,8+
3,1231,6,3983.0,3983.0,32.825,2310.362,519.466,663.8333333333334,2269.828,6,6
3,1232,6,3819.0,3819.0,40.501,2612.588,630.973,636.5,0.111,8,6
3,1233,6,3706.0,3706.0,53.236,2760.4510000000005,581.157,617.6666666666666,1847.616,6,6
3,1234,5,3673.0,3673.0,37.363,2223.388,700.125,734.6,0.13,6,5
3,1235,6,4042.0,4042.0,35.343,2329.509,510.623,673.6666666666666,2648.286,7,6
3,1236,6,3741.0,3741.0,24.937,2394.3689999999997,567.599,623.5,0.123,5,6
3,1237,7,4004.0,4004.0,44.323,2873.9079999999994,561.436,572.0,1634.463,5,7
3,1238,5,3643.0,3643.0,39.627,2216.1189999999997,521.812,728.6,0.168,6,5
3,1239,5,3982.0,3982.0,25.989,2103.844,661.283,796.4,2111.868,6,5
3,1240,5,3616.0,3616.0,42.098,2374.388,617.828,723.2,0.121,5,5
3,1241,6,3992.0,3992.0,68.3,2676.5049999999997,550.377,665.3333333333334,2479.273,6,6
3,1242,6,4033.0,4033.0,41.741,2528.5919999999996,611.449,672.1666666666666,0.123,5,6
3,1243,6,4090.0,4090.0,30.54,2820.718,627.842,681.6666666666666,2138.756,7,6
3,1244,6,3890.0,3890.0,39.215,1989.3980000000001,430.844,648.3333333333334,0.127,6,6
3,1245,7,3856.0,3856.0,50.134,2560.785,642.271,550.8571428571429,1810.322,5,7
3,1246,6,3888.0,3888.0,43.391,2373.3559999999998,647.502,648.0,0.142,6,6
3,1247,5,4058.0,4058.0,43.261,2342.524,709.006,811.6,2533.098,6,5
3,1248,6,3962.0,3962.0,44.355,2694.5240000000003,700.707,660.3333333333334,0.139,6,6
3,1249,6,3959.0,3959.0,53.335,2780.147,820.143,659.8333333333334,2046.268,6,6
3,1250,5,3864.0,3864.0,43.288,2007.58,537.092,772.8,0.121,6,5
3,1251,6,3848.0,3848.0,39.272,2468.166,621.071,641.3333333333334,2297.639,7,6
3,1252,7,3764.0,3764.0,41.487,2449.03,596.773,537.7142857142857,0.11,5,7
3,1253,5,3736.0,3736.0,42.719,2270.091,538.243,747.2,2310.918,6,5
3,1254,7,3924.0,3924.0,53.764,2812.2349999999997,672.067,560.5714285714286,0.108,7,7
3,1255,5,3978.0,3978.0,62.563,2230.768,767.358,795.6,1673.765,6,5
3,1256,6,3880.0,3880.0,33.063,2498.1699999999996,729.729,646.6666666666666,0.138,5,6
3,1257,6,3744.0,3744.0,36.093,2281.358,602.066,624.0,1693.483,5,6
3,1258,6,3906.0,3906.0,51.47,2160.797,618.529,651.0,0.14,5,6
3,1259,5,3821.0,3821.0,39.062,2472.346,611.158,764.2,1110.892,3,5
3,1260,5,3851.0,3851.0,28.43,2184.552,552.545,770.2,0.095,6,5
3,1261,3,3480.0,3480.0,47.631,1324.494,501.678,1160.0,2229.316,6,3
3,1262,6,3889.0,3889.0,29.965,2433.9750000000004,534.279,648.1666666666666,0.137,5,6
3,1263,6,4043.0,4043.0,42.635,2673.467,778.318,673.8333333333334,2084.396,6,6
3,1264,5,3982.0,3982.0,41.795,2312.704,592.873,796.4,0.15,6,5
3,1265,6,3735.0,3735.0,44.669,2625.418,673.731,622.5,2333.102,6,6
3,1266,5,3943.0,3943.0,81.928,2140.7129999999997,473.753,788.6,0.104,5,5
3,1267,6,3984.0,3984.0,31.247,2599.296,556.31,664.0,2333.295,8,6
3,1268,7,3866.0,3866.0,38.726,2800.004,570.327,552.2857142857143,0.141,5,7
3,1269,6,3847.0,3847.0,44.489,2483.94,670.434,641.1666666666666,2368.362,7,6
3,1270,8,4025.0,4025.0,53.82,2741.455,629.932,503.125,0.137,7,8+
3,1271,5,3266.0,3266.0,35.269,2198.545,462.563,653.2,1792.977,4,5
3,1272,7,4033.0,4033.0,51.76,2862.623,551.007,576.1428571428571,0.134,6,7
3,1273,6,3716.0,3716.0,32.497,2549.347,507.56,619.3333333333334,1948.532,6,6
3,1274,4,3820.0,3820.0,50.835,2025.566,566.741,955.0,0.118,5,4
3,1275,5,4005.0,4005.0,42.654,2270.4399999999996,546.854,801.0,1989.135,6,5
3,1276,6,4032.0,4032.0,27.853,2347.8199999999997,500.697,672.0,0.147,6,6
3,1277,4,4083.0,4083.0,32.398,2079.171,693.833,1020.75,2089.546,5,4
3,1278,6,3948.0,3948.0,64.599,2454.4509999999996,537.902,658.0,0.099,5,6
3,1279,5,3937.0,3937.0,42.055,2313.758,668.672,787.4,2008.616,6,5
3,1280,5,3949.0,3949.0,56.218,2275.85,606.129,789.8,0.107,4,5
3,1281,5,4014.0,4014.0,50.585,2193.536,562.045,802.8,1700.164,5,5
3,1282,6,3865.0,3865.0,58.565,2484.608,549.872,644.1666666666666,0.141,5,6
3,1283,6,4055.0,4055.0,41.883,2421.4719999999998,538.08,675.8333333333334,2337.113,7,6
3,1284,5,3941.0,3941.0,57.822,2300.0429999999997,589.179,788.2,0.245,5,5
3,1285,7,3893.0,3893.0,30.147,2641.288,505.924,556.1428571428571,2117.679,6,7
3,1286,7,4001.0,4001.0,48.847,2592.884,544.693,571.5714285714286,0.109,6,7
3,1287,6,3932.0,3932.0,48.523,2522.0209999999997,557.143,655.3333333333334,1327.785,5,6
3,1288,6,3994.0,3994.0,49.523,2529.1580000000004,689.827,665.6666666666666,0.172,7,6
3,1289,5,3691.0,3691.0,43.998,1811.9600000000003,448.45,738.2,2336.351,6,5
3,1290,7,4064.0,4064.0,27.981,2710.164,477.409,580.5714285714286,0.092,6,7
3,1291,5,3840.0,3840.0,49.922,2301.166,571.335,768.0,2221.513,6,5
3,1292,6,3988.0,3988.0,51.05,2516.54,551.728,664.6666666666666,0.123,7,6
3,1293,6,3982.0,3982.0,26.689,2680.97,589.693,663.6666666666666,1854.443,5,6
3,1294,6,3892.0,3892.0,47.772,2631.693,612.571,648.6666666666666,0.124,5,6
3,1295,5,3893.0,3893.0,27.685,2281.3160000000003,641.955,778.6,2305.026,6,5
3,1296,5,3896.0,3896.0,57.45,2265.246,612.004,779.2,0.178,6,5
3,1297,6,4007.0,4007.0,44.997,2580.3520000000003,529.607,667.8333333333334,2273.445,6,6
3,1298,7,3993.0,3993.0,27.731,3075.5480000000007,589.932,570.4285714285714,0.268,5,7
3,1299,5,3810.0,3810.0,48.743,2243.383,665.772,762.0,2049.854,6,5
3,1300,6,4076.0,4076.0,64.406,2685.6,571.467,679.3333333333334,0.129,7,6
3,1301,6,3915.0,3915.0,47.05,2551.596,547.629,652.5,2064.348,5,6
3,1302,6,3851.0,3851.0,52.382,2554.986,551.152,641.8333333333334,0.111,5,6
3,1303,4,3717.0,3717.0,40.448,1945.087,704.966,929.25,2072.627,6,4
3,1304,5,3892.0,3892.0,54.347,2445.5740000000005,713.627,778.4,0.136,6,5
3,1305,6,3785.0,3785.0,43.767,2478.5289999999995,628.155,630.8333333333334,2413.171,8,6
3,1306,6,4008.0,4008.0,52.337,2491.8,647.206,668.0,0.156,4,6
3,1307,8,3812.0,3812.0,38.871,2972.838,512.671,476.5,2347.616,6,8+
3,1308,8,3705.0,3705.0,53.366,2830.313,509.255,463.125,0.108,6,8+
3,1309,7,3911.0,3911.0,29.745,2907.827,687.798,558.7142857142857,1571.117,5,7
3,1310,6,3846.0,3846.0,40.488,2532.423,615.218,641.0,0.117,8,6
3,1311,5,4016.0,4016.0,43.217,2165.351,623.023,803.2,2113.205,6,5
3,1312,5,4038.0,4038.0,57.649,2217.962,553.747,807.6,0.133,7,5
3,1313,7,3786.0,3786.0,30.613,2584.4700000000003,522.276,540.8571428571429,2483.917,6,7
3,1314,6,4023.0,4023.0,30.345,2517.8630000000003,549.129,670.5,0.112,5,6
3,1315,6,3734.0,3734.0,59.082,2699.3529999999996,569.352,622.3333333333334,1588.275,5,6
3,1316,7,4089.0,4089.0,46.182,2995.135,589.228,584.1428571428571,0.121,7,7
3,1317,5,3957.0,3957.0,50.297,2061.344,662.432,791.4,1526.676,6,5
3,1318,6,3700.0,3700.0,36.971,2423.104,588.417,616.6666666666666,0.115,7,6
3,1319,6,3777.0,3777.0,49.878,2066.315,477.664,629.5,2452.901,7,6
3,1320,6,3450.0,3450.0,35.143,2263.023,548.696,575.0,0.304,6,6
3,1321,7,4086.0,4086.0,45.934,2601.385,435.972,583.7142857142857,1534.269,5,7
3,1322,6,3942.0,3942.0,57.741,2357.626,484.557,657.0,0.188,6,6
3,1323,5,3876.0,3876.0,52.79,2168.5660000000003,623.379,775.2,2409.718,9,5
3,1324,8,4003.0,4003.0,44.659,2854.214,568.598,500.375,0.129,6,8+
3,1325,9,4007.0,4007.0,29.471,2929.317,429.61,445.22222222222223,2498.752,7,8+
3,1326,5,3983.0,3983.0,45.473,2165.312,590.677,796.6,0.087,8,5
3,1327,7,3952.0,3952.0,71.733,2663.603,602.018,564.5714285714286,1811.228,6,7
3,1328,7,3985.0,3985.0,42.682,2609.037,595.622,569.2857142857143,0.135,5,7
3,1329,3,3350.0,3350.0,41.191,1486.144,704.795,1116.6666666666667,2029.098,7,3
3,1330,6,3223.0,3223.0,37.428,2245.3,516.287,537.1666666666666,0.119,7,6
3,1331,5,3964.0,3964.0,52.931,2138.242,529.629,792.8,2347.488,7,5
3,1332,7,3977.0,3977.0,52.305,2510.991,464.855,568.1428571428571,0.148,3,7
3,1333,6,4023.0,4023.0,25.876,2230.421,476.714,670.5,1843.398,6,6
3,1334,7,3436.0,3436.0,43.896,2547.916,552.968,490.85714285714283,0.184,5,7
3,1335,5,3633.0,3633.0,44.609,1684.2730000000001,608.563,726.6,1946.388,6,5
3,1336,6,3726.0,3726.0,77.258,2361.728,565.077,621.0,0.157,6,6
3,1337,5,3986.0,3986.0,59.893,2405.087,628.332,797.2,2280.112,6,5
3,1338,6,3781.0,3781.0,31.884,2468.644,569.87,630.1666666666666,0.091,5,6
3,1339,5,3559.0,3559.0,26.737,2263.116,617.503,711.8,1730.071,5,5
3,1340,6,4020.0,4020.0,26.673,2508.693,605.542,670.0,0.135,5,6
3,1341,6,3987.0,3987.0,29.043,2336.335,473.54,664.5,1798.685,6,6
3,1342,5,3593.0,3593.0,48.799,2181.913,598.075,718.6,0.133,5,5
3,1343,6,3699.0,3699.0,36.505,2879.2659999999996,735.996,616.5,2624.749,7,6
3,1344,6,3852.0,3852.0,34.209,2410.777,608.048,642.0,0.082,6,6
3,1345,4,3761.0,3761.0,29.075,1725.8650000000002,716.026,940.25,2223.841,7,4
3,1346,7,3938.0,3938.0,71.398,2854.5280000000002,606.034,562.5714285714286,0.113,6,7
3,1347,7,3909.0,3909.0,43.301,2682.5629999999996,628.883,558.4285714285714,1928.291,6,7
3,1348,7,3807.0,3807.0,48.19,2652.244,521.602,543.8571428571429,0.113,4,7
3,1349,6,3920.0,3920.0,45.611,2654.559,756.496,653.3333333333334,2355.817,7,6
3,1350,6,4003.0,4003.0,32.327,2430.114,654.894,667.1666666666666,0.091,7,6
3,1351,5,3691.0,3691.0,39.649,2358.3559999999998,742.548,738.2,1668.527,5,5
3,1352,7,3826.0,3826.0,52.215,2544.246,642.779,546.5714285714286,0.167,6,7
3,1353,7,3899.0,3899.0,147.076,2591.478,627.715,557.0,2101.198,6,7
3,1354,5,4009.0,4009.0,43.287,2218.59,654.001,801.8,0.111,5,5
3,1355,5,3852.0,3852.0,48.39,2634.002,658.323,770.4,2121.985,6,5
3,1356,6,3797.0,3797.0,59.579,2554.1989999999996,644.848,632.8333333333334,0.107,7,6
3,1357,5,4007.0,4007.0,38.032,2234.7760000000003,690.37,801.4,2232.306,7,5
3,1358,4,3763.0,3763.0,38.202,1424.8909999999998,423.253,940.75,0.112,5,4
3,1359,6,4046.0,4046.0,38.697,2316.7169999999996,494.372,674.3333333333334,1908.549,6,6
3,1360,7,4020.0,4020.0,55.531,2615.3940000000002,558.544,574.2857142857143,0.116,5,7
3,1361,6,3742.0,3742.0,77.828,2561.009,627.9,623.6666666666666,2789.207,9,6
3,1362,6,3891.0,3891.0,25.014,2483.941,696.848,648.5,0.091,4,6
3,1363,4,3927.0,3927.0,62.035,2200.634,846.852,981.75,1615.163,5,4
3,1364,6,4031.0,4031.0,107.601,2462.34,729.147,671.8333333333334,0.119,6,6
3,1365,9,3881.0,3881.0,58.919,3090.553,543.166,431.22222222222223,1842.104,6,8+
3,1366,5,3811.0,3811.0,48.667,1957.4189999999999,485.545,762.2,0.12,4,5
3,1367,5,3884.0,3884.0,41.184,2196.444,764.677,776.8,2455.337,7,5
3,1368,6,3409.0,3409.0,50.354,2287.7250000000004,675.967,568.1666666666666,0.084,6,6
3,1369,5,4022.0,4022.0,40.996,2558.117,826.361,804.4,2388.665,9,5
3,1370,7,4074.0,4074.0,53.834,2639.2740000000003,564.683,582.0,0.144,5,7
3,1371,6,4033.0,4033.0,37.348,2453.6000000000004,596.365,672.1666666666666,1748.147,5,6
3,1372,9,4030.0,4030.0,45.888,2872.364,539.038,447.77777777777777,0.107,5,8+
3,1373,6,3755.0,3755.0,41.021,2237.55,683.812,625.8333333333334,2129.987,5,6
3,1374,5,3467.0,3467.0,56.905,2262.0170000000003,620.118,693.4,0.102,6,5
3,1375,5,3754.0,3754.0,39.874,2260.535,692.46,750.8,1603.544,5,5
3,1376,5,4005.0,4005.0,45.132,2358.0069999999996,806.422,801.0,0.136,6,5
3,1377,5,3681.0,3681.0,46.937,2320.139,807.098,736.2,1218.716,5,5
3,1378,5,3937.0,3937.0,49.504,2018.509,643.14,787.4,0.123,5,5
3,1379,6,3863.0,3863.0,44.665,2871.503,836.964,643.8333333333334,2417.126,6,6
3,1380,5,3852.0,3852.0,34.586,1738.831,420.343,770.4,0.091,5,5
3,1381,6,4065.0,4065.0,35.05,2439.944,640.295,677.5,1430.144,5,6
3,1382,6,4057.0,4057.0,52.238,2574.708,485.11,676.1666666666666,0.11,6,6
3,1383,5,3533.0,3533.0,36.742,1960.9879999999998,511.07,706.6,1974.818,6,5
3,1384,7,3923.0,3923.0,41.464,2783.5879999999997,626.592,560.4285714285714,0.114,6,7
3,1385,5,3837.0,3837.0,31.805,2176.9,592.097,767.4,2571.642,7,5
3,1386,6,3906.0,3906.0,61.367,2409.34,544.188,651.0,0.089,7,6
3,1387,7,4024.0,4024.0,35.066,2813.321,496.116,574.8571428571429,2496.362,7,7
3,1388,7,3944.0,3944.0,59.079,2845.6839999999997,580.843,563.4285714285714,0.142,5,7
3,1389,5,3836.0,3836.0,24.573,2444.3759999999997,721.726,767.2,2066.037,8,5
3,1390,7,4030.0,4030.0,52.77,2862.7740000000003,631.221,575.7142857142857,0.117,7,7
3,1391,6,3769.0,3769.0,24.583,2294.994,519.628,628.1666666666666,2813.227,8,6
3,1392,8,3822.0,3822.0,28.251,2872.661,507.59,477.75,0.095,5,8+
3,1393,6,3777.0,3777.0,26.44,2381.602,526.282,629.5,1437.915,5,6
3,1394,8,3772.0,3772.0,55.846,2969.12,690.113,471.5,0.11,6,8+
3,1395,6,3940.0,3940.0,39.87,2137.988,460.07,656.6666666666666,1583.99,5,6
3,1396,5,3918.0,3918.0,39.995,1898.224,491.883,783.6,0.108,6,5
3,1397,5,3973.0,3973.0,44.837,2442.843,663.164,794.6,2515.22,7,5
3,1398,5,4061.0,4061.0,58.995,1966.3200000000002,479.456,812.2,0.09,6,5
3,1399,6,3892.0,3892.0,31.668,2368.087,483.496,648.6666666666666,2454.591,7,6
3,1400,7,3935.0,3935.0,28.203,2742.7419999999997,501.308,562.1428571428571,0.122,5,7
3,1401,6,3897.0,3897.0,24.579,2943.5170000000003,762.148,649.5,1446.712,5,6
3,1402,7,3933.0,3933.0,59.799,2863.328,516.426,561.8571428571429,0.109,6,7
3,1403,6,4077.0,4077.0,54.442,2619.372,518.383,679.5,2911.134,8,6
3,1404,5,3742.0,3742.0,48.38,2001.482,503.8,748.4,0.081,6,5
3,1405,6,3812.0,3812.0,40.094,2532.596,549.15,635.3333333333334,2283.32,7,6
3,1406,8,3741.0,3741.0,64.885,3070.4759999999997,574.165,467.625,0.105,6,8+
3,1407,6,3980.0,3980.0,37.356,2528.623,617.527,663.3333333333334,1978.926,6,6
3,1408,7,4049.0,4049.0,46.797,2747.507,649.246,578.4285714285714,0.108,6,7
3,1409,5,3960.0,3960.0,40.304,2106.7509999999997,522.932,792.0,2012.03,5,5
3,1410,6,3856.0,3856.0,65.315,2420.1609999999996,598.459,642.6666666666666,0.088,6,6
3,1411,5,3669.0,3669.0,49.685,2005.547,714.624,733.8,1478.103,4,5
3,1412,5,3827.0,3827.0,35.942,2266.667,801.67,765.4,0.118,5,5
3,1413,7,4068.0,4068.0,46.181,2939.5469999999996,813.5,581.1428571428571,1984.366,6,7
3,1414,4,3926.0,3926.0,52.312,1940.513,678.488,981.5,0.107,5,4
3,1415,3,3389.0,3389.0,42.842,1360.0290000000002,684.964,1129.6666666666667,1932.488,5,3
3,1416,6,3649.0,3649.0,41.803,2527.7299999999996,527.567,608.1666666666666,0.087,7,6
3,1417,7,3953.0,3953.0,44.377,2788.468,538.815,564.7142857142857,2331.528,7,7
3,1418,5,3911.0,3911.0,51.782,2124.2400000000002,623.073,782.2,0.125,3,5
3,1419,6,4018.0,4018.0,50.578,2417.672,480.205,669.6666666666666,2145.708,6,6
3,1420,7,3998.0,3998.0,41.384,2741.189,552.11,571.1428571428571,0.212,7,7
3,1421,5,3800.0,3800.0,36.667,2113.936,511.72,760.0,1397.884,4,5
3,1422,6,4072.0,4072.0,56.582,2646.7769999999996,497.062,678.6666666666666,0.08,6,6
3,1423,6,3761.0,3761.0,48.374,2495.688,516.543,626.8333333333334,2415.151,6,6
3,1424,4,3855.0,3855.0,38.429,1777.501,549.734,963.75,0.125,5,4
3,1425,6,3975.0,3975.0,41.661,2428.2339999999995,549.335,662.5,2224.585,7,6
3,1426,6,3818.0,3818.0,48.198,2807.144,683.166,636.3333333333334,0.127,6,6
3,1427,7,3656.0,3656.0,47.204,2524.1679999999997,693.543,522.2857142857143,1899.391,5,7
3,1428,7,3776.0,3776.0,39.213,2642.0769999999998,541.103,539.4285714285714,0.087,6,7
3,1429,6,3803.0,3803.0,41.38,2952.5289999999995,665.933,633.8333333333334,1874.936,5,6
3,1430,5,3862.0,3862.0,50.608,2112.521,642.933,772.4,0.106,7,5
3,1431,7,4061.0,4061.0,46.474,3060.4830000000006,544.811,580.1428571428571,1719.049,5,7
3,1432,5,3733.0,3733.0,53.357,2327.194,582.751,746.6,0.11,6,5
3,1433,6,3762.0,3762.0,37.662,2612.379,500.258,627.0,2199.685,6,6
3,1434,5,3858.0,3858.0,49.859,2142.035,569.757,771.6,0.075,7,5
3,1435,6,3877.0,3877.0,41.893,2431.905,563.388,646.1666666666666,1731.428,6,6
3,1436,6,3907.0,3907.0,48.587,2722.275,740.886,651.1666666666666,0.108,6,6
3,1437,6,3588.0,3588.0,27.503,2207.786,454.161,598.0,2116.902,6,6
3,1438,7,3978.0,3978.0,28.864,2862.92,497.571,568.2857142857143,0.123,6,7
3,1439,6,3852.0,3852.0,57.968,2554.2069999999994,551.374,642.0,2271.178,6,6
3,1440,6,4085.0,4085.0,41.786,2959.795,622.971,680.8333333333334,0.094,7,6
3,1441,6,3983.0,3983.0,54.384,2490.6600000000003,604.611,663.8333333333334,1854.345,6,6
3,1442,4,3960.0,3960.0,28.45,2052.069,770.726,990.0,0.114,6,4
3,1443,6,4014.0,4014.0,35.877,2400.308,537.246,669.0,2502.559,8,6
3,1444,6,3689.0,3689.0,35.356,2411.167,556.796,614.8333333333334,0.133,4,6
3,1445,8,3985.0,3985.0,50.231,2976.623,510.754,498.125,2218.482,6,8+
3,1446,6,3947.0,3947.0,41.633,2538.348,555.419,657.8333333333334,0.141,6,6
3,1447,6,3640.0,3640.0,46.427,2400.2030000000004,527.758,606.6666666666666,1554.295,4,6
3,1448,6,4084.0,4084.0,39.593,2418.545,528.224,680.6666666666666,0.13,6,6
3,1449,4,3974.0,3974.0,54.113,1958.4779999999998,686.854,993.5,1936.182,5,4
3,1450,5,3929.0,3929.0,51.514,2273.1499999999996,754.338,785.8,0.119,6,5
3,1451,5,3857.0,3857.0,34.691,2409.946,599.884,771.4,2687.461,7,5
3,1452,6,3827.0,3827.0,44.666,2660.8999999999996,732.932,637.8333333333334,0.079,5,6
3,1453,7,3692.0,3692.0,51.538,2882.503,643.772,527.4285714285714,1976.994,5,7
3,1454,7,4035.0,4035.0,55.243,2307.212,455.001,576.4285714285714,0.251,6,7
3,1455,5,3864.0,3864.0,42.007,2380.9339999999997,652.677,772.8,1769.634,5,5
3,1456,5,3991.0,3991.0,37.032,2069.0249999999996,582.016,798.2,0.355,7,5
3,1457,5,3960.0,3960.0,52.735,2217.8250000000003,553.666,792.0,2063.606,5,5
3,1458,6,3980.0,3980.0,37.744,2300.313,557.975,663.3333333333334,0.083,5,6
3,1459,5,3972.0,3972.0,39.207,1977.638,472.602,794.4,1912.832,5,5
3,1460,5,4091.0,4091.0,47.509,2224.931,538.862,818.2,0.108,6,5
3,1461,5,3968.0,3968.0,56.121,2401.013,636.778,793.6,1925.291,7,5
3,1462,6,3985.0,3985.0,32.882,2654.2749999999996,638.78,664.1666666666666,0.11,5,6
3,1463,6,3884.0,3884.0,37.313,2237.107,573.463,647.3333333333334,2122.566,6,6
3,1464,7,4019.0,4019.0,31.665,2539.641,550.669,574.1428571428571,0.103,6,7
3,1465,6,3895.0,3895.0,48.744,2366.5209999999997,500.721,649.1666666666666,1547.394,5,6
3,1466,7,4010.0,4010.0,100.762,2695.051,631.481,572.8571428571429,0.121,6,7
3,1467,5,3711.0,3711.0,29.966,1988.92,637.538,742.2,2206.759,6,5
3,1468,6,3870.0,3870.0,47.087,2331.67,562.613,645.0,0.11,7,6
3,1469,6,4005.0,4005.0,74.834,2593.495,658.709,667.5,2431.326,7,6
3,1470,6,4033.0,4033.0,27.37,2455.496,628.138,672.1666666666666,0.079,6,6
3,1471,7,3938.0,3938.0,27.379,2686.079,507.026,562.5714285714286,2210.221,7,7
3,1472,7,3878.0,3878.0,49.096,2805.85,613.349,554.0,0.14,6,7
3,1473,7,3776.0,3776.0,63.626,2553.439,710.356,539.4285714285714,1935.643,8,7
3,1474,6,3910.0,3910.0,36.685,2430.553,821.763,651.6666666666666,0.111,7,6
3,1475,8,3993.0,3993.0,60.007,2655.161,479.191,499.125,2132.66,7,8+
3,1476,7,4048.0,4048.0,75.342,2317.6899999999996,403.647,578.2857142857143,0.103,6,7
3,1477,7,4011.0,4011.0,44.097,2671.8819999999996,589.333,573.0,2081.229,6,7
3,1478,7,4070.0,4070.0,48.564,2669.869,596.864,581.4285714285714,0.113,7,7
3,1479,5,3951.0,3951.0,51.126,1976.843,740.14,790.2,2197.815,7,5
3,1480,6,3495.0,3495.0,46.82,2524.4780000000005,747.359,582.5,0.107,7,6
3,1481,6,4060.0,4060.0,41.375,2405.436,615.7,676.6666666666666,1811.981,5,6
3,1482,7,3910.0,3910.0,38.457,2779.077,644.481,558.5714285714286,0.088,5,7
3,1483,7,4088.0,4088.0,47.544,2701.567,715.346,584.0,1901.451,6,7
3,1484,5,3716.0,3716.0,48.403,2127.174,705.507,743.2,0.105,6,5
3,1485,6,3757.0,3757.0,29.64,2214.973,687.552,626.1666666666666,2008.216,5,6
3,1486,6,3943.0,3943.0,36.217,2390.4030000000002,537.666,657.1666666666666,0.107,7,6
3,1487,5,4002.0,4002.0,64.605,2450.762,628.168,800.4,2708.66,7,5
3,1488,5,3861.0,3861.0,54.473,2434.149,656.283,772.2,0.076,6,5
3,1489,7,3942.0,3942.0,29.561,2910.799,533.573,563.1428571428571,2176.441,8,7
3,1490,7,3816.0,3816.0,41.793,2880.3599999999997,591.446,545.1428571428571,0.121,5,7
3,1491,5,3764.0,3764.0,46.017,2170.699,509.983,752.8,1865.954,5,5
3,1492,8,3859.0,3859.0,52.27,2628.817,624.282,482.375,0.116,7,8+
3,1493,7,4006.0,4006.0,40.876,2623.6690000000003,684.751,572.2857142857143,2123.252,5,7
3,1494,5,3876.0,3876.0,40.778,2303.332,576.09,775.2,0.089,5,5
3,1495,6,3954.0,3954.0,49.38,2756.4700000000003,698.399,659.0,2057.052,7,6
3,1496,5,3895.0,3895.0,92.553,2249.667,686.405,779.0,0.112,7,5
3,1497,5,3761.0,3761.0,42.533,1797.514,557.402,752.2,1798.356,5,5
3,1498,7,3892.0,3892.0,49.644,2500.954,496.781,556.0,0.108,6,7
3,1499,8,4012.0,4012.0,60.191,2894.065,488.198,501.5,2179.118,6,8+
