/usr/local/python3.12.13/lib/python3.12/site-packages/transformers/loss/loss_for_object_detection.py:27: UserWarning: A NumPy version >=1.22.4 and <2.3.0 is required for this version of SciPy (detected version 2.4.6)
  from scipy.optimize import linear_sum_assignment
/usr/local/python3.12.13/lib/python3.12/site-packages/transformers/loss/loss_for_object_detection.py:27: UserWarning: A NumPy version >=1.22.4 and <2.3.0 is required for this version of SciPy (detected version 2.4.6)
  from scipy.optimize import linear_sum_assignment
/usr/local/python3.12.13/lib/python3.12/site-packages/transformers/loss/loss_for_object_detection.py:27: UserWarning: A NumPy version >=1.22.4 and <2.3.0 is required for this version of SciPy (detected version 2.4.6)
  from scipy.optimize import linear_sum_assignment
/usr/local/python3.12.13/lib/python3.12/site-packages/transformers/loss/loss_for_object_detection.py:27: UserWarning: A NumPy version >=1.22.4 and <2.3.0 is required for this version of SciPy (detected version 2.4.6)
  from scipy.optimize import linear_sum_assignment
[timeout] aclrtSetOpExecuteTimeOut(0) rc=0
[timeout] aclrtSetOpExecuteTimeOut(0) rc=0
           INFO     get env TERM = xterm                      patch_getenv.py:15
[08:26:32] INFO     get env LOCAL_RANK = 0                    patch_getenv.py:15
[timeout] aclrtSetOpExecuteTimeOut(0) rc=0
[08:26:32] INFO     Started distributed with local_rank=2,    distributed.py:165
                    dp_size=4, sp_size=1                                        
[timeout] aclrtSetOpExecuteTimeOut(0) rc=0
[08:26:33] INFO     get env WORLD_SIZE = 4                    patch_getenv.py:15
           INFO     get env MASTER_ADDR =                     patch_getenv.py:15
                    localhost.localdomain                                       
           INFO     get env MASTER_PORT = 43839               patch_getenv.py:15
           INFO     get env TORCHELASTIC_USE_AGENT_STORE =    patch_getenv.py:15
                    True                                                        
           INFO     Started distributed with local_rank=0,    distributed.py:165
                    dp_size=4, sp_size=1                                        
           INFO     get env PATH =                            patch_getenv.py:15
                    /usr/local/Ascend/nnal/atb/latest/atb/cxx                   
                    _abi_1/bin:/usr/local/Ascend/cann-9.0.0/t                   
                    ools/bishengir/bin:/usr/local/Ascend/cann                   
                    -9.0.0/bin:/usr/local/Ascend/cann-9.0.0/t                   
                    ools/ccec_compiler/bin:/usr/local/Ascend/                   
                    cann-9.0.0/tools/profiler/bin:/usr/local/                   
                    Ascend/cann-9.0.0/tools/ascend_system_adv                   
                    isor/asys:/usr/local/Ascend/cann-9.0.0/to                   
                    ols/show_kernel_debug_data:/usr/local/Asc                   
                    end/cann-9.0.0/tools/msobjdump:/home/y500                   
                    63564/node_modules/.bin:/usr/local/Ascend                   
                    /nnal/atb/latest/atb/cxx_abi_1/bin:/usr/l                   
                    ocal/Ascend/nnal/atb/latest/atb/cxx_abi_1                   
                    /bin:/usr/local/Ascend/ascend-toolkit/lat                   
                    est/bin:/usr/local/Ascend/ascend-toolkit/                   
                    latest/compiler/ccec_compiler/bin:/usr/lo                   
                    cal/Ascend/ascend-toolkit/latest/tools/cc                   
                    ec_compiler/bin:/usr/local/python3.12.13/                   
                    bin:/usr/local/sbin:/usr/local/bin:/usr/s                   
                    bin:/usr/bin:/sbin:/bin:/usr/local/go/bin                   
           INFO     Loading vocab mappings from                     train.py:236
                    '/home/y50063564/data/open_perfectblend_qwen3_4             
                    b_700k/d2t.npy' and                                         
                    '/home/y50063564/data/open_perfectblend_qwen3_4             
                    b_700k/t2d.npy'                                             
           INFO     All 5 draft layers using sliding window         train.py:396
                    attention (window=2048). To use full attention              
                    on specific layers, pass                                    
                    '--full-attention-indices <layer_ids>'.                     
[08:26:33] INFO     Started distributed with local_rank=3,    distributed.py:165
                    dp_size=4, sp_size=1                                        
           WARNING  Added <|MASK|> to tokenizer,                     utils.py:49
                    mask_token_id=151669 (tokenizer len=151670,                 
                    vocab_size=151936)                                          
[08:26:33] INFO     Started distributed with local_rank=1,    distributed.py:165
                    dp_size=4, sp_size=1                                        
2026-09-11 08:26:46.950 | INFO     | speculators.utils.loading:_resolve_file:136 - Loading from local directory: /home/y50063564/Qwen3-4B
2026-09-11 08:26:46.951 | WARNING  | speculators.utils.loading:load_model_layers:104 - Tensor 'lm_head.weight' not found in weight_map.
2026-09-11 08:26:46.951 | INFO     | speculators.utils.loading:_resolve_file:136 - Loading from local directory: /home/y50063564/Qwen3-4B
2026-09-11 08:26:46.952 | INFO     | speculators.utils.loading:_resolve_file:136 - Loading from local directory: /home/y50063564/Qwen3-4B
2026-09-11 08:26:47.714 | INFO     | speculators.utils.loading:_resolve_file:136 - Loading from local directory: /home/y50063564/Qwen3-4B
2026-09-11 08:26:47.715 | WARNING  | speculators.utils.loading:load_model_layers:104 - Tensor 'lm_head.weight' not found in weight_map.
2026-09-11 08:26:47.715 | INFO     | speculators.utils.loading:_resolve_file:136 - Loading from local directory: /home/y50063564/Qwen3-4B
2026-09-11 08:26:47.717 | INFO     | speculators.utils.loading:_resolve_file:136 - Loading from local directory: /home/y50063564/Qwen3-4B
2026-09-11 08:26:48.084 | INFO     | speculators.utils.loading:_resolve_file:136 - Loading from local directory: /home/y50063564/Qwen3-4B
2026-09-11 08:26:48.085 | WARNING  | speculators.utils.loading:load_model_layers:104 - Tensor 'lm_head.weight' not found in weight_map.
2026-09-11 08:26:48.085 | INFO     | speculators.utils.loading:_resolve_file:136 - Loading from local directory: /home/y50063564/Qwen3-4B
2026-09-11 08:26:48.087 | INFO     | speculators.utils.loading:_resolve_file:136 - Loading from local directory: /home/y50063564/Qwen3-4B
2026-09-11 08:26:49.063 | INFO     | speculators.utils.loading:_resolve_file:136 - Loading from local directory: /home/y50063564/Qwen3-4B
2026-09-11 08:26:49.064 | WARNING  | speculators.utils.loading:load_model_layers:104 - Tensor 'lm_head.weight' not found in weight_map.
2026-09-11 08:26:49.064 | INFO     | speculators.utils.loading:_resolve_file:136 - Loading from local directory: /home/y50063564/Qwen3-4B
2026-09-11 08:26:49.065 | INFO     | speculators.utils.loading:_resolve_file:136 - Loading from local directory: /home/y50063564/Qwen3-4B
[08:27:00] INFO     get env SAMP_SEED = 42                    patch_getenv.py:15
           INFO     get env DL_IN_ORDER = 1                   patch_getenv.py:15
           INFO     No previous training checkpoint found in      trainer.py:299
                    '/home/y50063564/dataloader_diag/exp/E4D_w8_s               
                    eqs32/checkpoints'. Starting fresh training                 
                    run.                                                        
[08:27:08] INFO     Muon optimizer: 39 2D params via Muon, 23   optimizers.py:76
                    params via AdamW.                                           
           INFO     get env SAMP_BALANCE = off                patch_getenv.py:15
[timeout] aclrtSetOpExecuteTimeOut(0) rc=0
[timeout] aclrtSetOpExecuteTimeOut(0) rc=0
[timeout] aclrtSetOpExecuteTimeOut(0) rc=0
[timeout] aclrtSetOpExecuteTimeOut(0) rc=0
[08:27:12] INFO     Training epoch 1/1 started                    trainer.py:734
/usr/local/python3.12.13/lib/python3.12/site-packages/torch/_dynamo/_trace_wrapped_higher_order_op.py:147: UserWarning: Cannot create tensor with interal format while allow_internel_format=False, tensor will be created with base format. (Triggered internally at ../torch_npu/csrc/aten/common/TensorFactories.cpp:340.)
  return func(*args, **(kwargs or {}))
/usr/local/python3.12.13/lib/python3.12/site-packages/torch/_dynamo/_trace_wrapped_higher_order_op.py:147: UserWarning: Cannot create tensor with interal format while allow_internel_format=False, tensor will be created with base format. (Triggered internally at ../torch_npu/csrc/aten/common/TensorFactories.cpp:340.)
  return func(*args, **(kwargs or {}))
/usr/local/python3.12.13/lib/python3.12/site-packages/torch/_dynamo/_trace_wrapped_higher_order_op.py:147: UserWarning: Cannot create tensor with interal format while allow_internel_format=False, tensor will be created with base format. (Triggered internally at ../torch_npu/csrc/aten/common/TensorFactories.cpp:340.)
  return func(*args, **(kwargs or {}))
/usr/local/python3.12.13/lib/python3.12/site-packages/torch/_dynamo/_trace_wrapped_higher_order_op.py:147: UserWarning: Cannot create tensor with interal format while allow_internel_format=False, tensor will be created with base format. (Triggered internally at ../torch_npu/csrc/aten/common/TensorFactories.cpp:340.)
  return func(*args, **(kwargs or {}))
[08:27:23] INFO     train/confidence_loss=0.457,                  trainer.py:584
                    train/confidence_abs_error=0.325,                           
                    train/confidence_pred_mean=0.325,                           
                    train/confidence_cumprod_bias=0.191,                        
                    train/loss=0.613, train/ce_loss=2.362,                      
                    train/tv_loss=0.214,                                        
                    train/accept_rate=3.34e-04,                                 
                    train/accept_len=1.000,                                     
                    train/full_acc=0.00e+00,                                    
                    train/position_1_acc=0.00e+00,                              
                    train/position_2_acc=0.00e+00,                              
                    train/position_3_acc=0.00e+00,                              
                    train/position_4_acc=0.00e+00,                              
                    train/position_5_acc=0.00e+00,                              
                    train/position_6_acc=0.00e+00,                              
                    train/position_7_acc=0.00e+00,                              
                    profile/fetch_ms=8.77e+03,                                  
                    profile/fwd_ms=1.36e+03,                                    
                    profile/bwd_ms=332.865, profile/opt_ms=0.082,               
                    profile/step_ms=1.05e+04,                                   
                    profile/tokens_per_s=390.883,                               
                    profile/fetch_frac=0.838, epoch=0,                          
                    lr/Muon=0.00e+00, lr/AdamW=0.00e+00,                        
                    global_step=0                                               
[08:27:37] INFO     train/confidence_loss=0.059,                  trainer.py:584
                    train/confidence_abs_error=0.059,                           
                    train/confidence_pred_mean=0.059,                           
                    train/confidence_cumprod_bias=0.017,                        
                    train/loss=0.444, train/ce_loss=2.275,                      
                    train/tv_loss=0.214,                                        
                    train/accept_rate=3.92e-04,                                 
                    train/accept_len=1.000,                                     
                    train/full_acc=0.00e+00,                                    
                    train/position_1_acc=0.00e+00,                              
                    train/position_2_acc=0.00e+00,                              
                    train/position_3_acc=0.00e+00,                              
                    train/position_4_acc=0.00e+00,                              
                    train/position_5_acc=0.00e+00,                              
                    train/position_6_acc=0.00e+00,                              
                    train/position_7_acc=0.00e+00,                              
                    profile/fetch_ms=74.801,                                    
                    profile/fwd_ms=93.747, profile/bwd_ms=92.245,               
                    profile/opt_ms=265.833,                                     
                    profile/step_ms=526.626,                                    
                    profile/tokens_per_s=7.33e+03,                              
                    profile/fetch_frac=0.142, epoch=0,                          
                    lr/Muon=4.37e-04, lr/AdamW=4.37e-05,                        
                    global_step=20                                              
[08:27:53] INFO     train/confidence_loss=0.172,                  trainer.py:584
                    train/confidence_abs_error=0.025,                           
                    train/confidence_pred_mean=4.75e-04,                        
                    train/confidence_cumprod_bias=-0.007,                       
                    train/loss=0.412, train/ce_loss=1.594,                      
                    train/tv_loss=0.205, train/accept_rate=0.044,               
                    train/accept_len=1.049, train/full_acc=0.084,               
                    train/position_1_acc=0.080,                                 
                    train/position_2_acc=0.091,                                 
                    train/position_3_acc=0.082,                                 
                    train/position_4_acc=0.077,                                 
                    train/position_5_acc=0.083,                                 
                    train/position_6_acc=0.088,                                 
                    train/position_7_acc=0.085,                                 
                    profile/fetch_ms=72.995,                                    
                    profile/fwd_ms=2.22e+03,                                    
                    profile/bwd_ms=126.006, profile/opt_ms=0.079,               
                    profile/step_ms=2.42e+03,                                   
                    profile/tokens_per_s=1.49e+03,                              
                    profile/fetch_frac=0.030, epoch=0,                          
                    lr/Muon=8.12e-04, lr/AdamW=8.12e-05,                        
                    global_step=40                                              
[08:28:10] INFO     train/confidence_loss=0.127,                  trainer.py:584
                    train/confidence_abs_error=0.041,                           
                    train/confidence_pred_mean=0.025,                           
                    train/confidence_cumprod_bias=-0.004,                       
                    train/loss=0.366, train/ce_loss=1.350,                      
                    train/tv_loss=0.200, train/accept_rate=0.064,               
                    train/accept_len=1.071, train/full_acc=0.115,               
                    train/position_1_acc=0.103,                                 
                    train/position_2_acc=0.137,                                 
                    train/position_3_acc=0.109,                                 
                    train/position_4_acc=0.117,                                 
                    train/position_5_acc=0.105,                                 
                    train/position_6_acc=0.114,                                 
                    train/position_7_acc=0.120,                                 
                    profile/fetch_ms=66.385,                                    
                    profile/fwd_ms=95.141, profile/bwd_ms=94.065,               
                    profile/opt_ms=0.046,                                       
                    profile/step_ms=255.637,                                    
                    profile/tokens_per_s=1.53e+04,                              
                    profile/fetch_frac=0.260, epoch=0,                          
                    lr/Muon=0.001, lr/AdamW=1.25e-04,                           
                    global_step=60                                              
[08:28:26] INFO     train/confidence_loss=0.146,                  trainer.py:584
                    train/confidence_abs_error=0.041,                           
                    train/confidence_pred_mean=0.013,                           
                    train/confidence_cumprod_bias=-0.010,                       
                    train/loss=0.381, train/ce_loss=1.444,                      
                    train/tv_loss=0.199, train/accept_rate=0.070,               
                    train/accept_len=1.092, train/full_acc=0.096,               
                    train/position_1_acc=0.106,                                 
                    train/position_2_acc=0.086,                                 
                    train/position_3_acc=0.097,                                 
                    train/position_4_acc=0.082,                                 
                    train/position_5_acc=0.106,                                 
                    train/position_6_acc=0.100,                                 
                    train/position_7_acc=0.099,                                 
                    profile/fetch_ms=73.369,                                    
                    profile/fwd_ms=279.575,                                     
                    profile/bwd_ms=95.805,                                      
                    profile/opt_ms=275.616,                                     
                    profile/step_ms=724.365,                                    
                    profile/tokens_per_s=5.39e+03,                              
                    profile/fetch_frac=0.101, epoch=0,                          
                    lr/Muon=0.002, lr/AdamW=1.69e-04,                           
                    global_step=80                                              
[08:28:44] INFO     train/confidence_loss=0.195,                  trainer.py:584
                    train/confidence_abs_error=0.120,                           
                    train/confidence_pred_mean=0.124,                           
                    train/confidence_cumprod_bias=0.019,                        
                    train/loss=0.381, train/ce_loss=1.337,                      
                    train/tv_loss=0.187, train/accept_rate=0.123,               
                    train/accept_len=1.220, train/full_acc=0.147,               
                    train/position_1_acc=0.155,                                 
                    train/position_2_acc=0.156,                                 
                    train/position_3_acc=0.144,                                 
                    train/position_4_acc=0.149,                                 
                    train/position_5_acc=0.142,                                 
                    train/position_6_acc=0.133,                                 
                    train/position_7_acc=0.153,                                 
                    profile/fetch_ms=77.642,                                    
                    profile/fwd_ms=87.118, profile/bwd_ms=93.429,               
                    profile/opt_ms=0.051,                                       
                    profile/step_ms=258.240,                                    
                    profile/tokens_per_s=1.57e+04,                              
                    profile/fetch_frac=0.301, epoch=0,                          
                    lr/Muon=0.002, lr/AdamW=2.06e-04,                           
                    global_step=100                                             
[08:28:56] INFO     train/confidence_loss=0.244,                  trainer.py:584
                    train/confidence_abs_error=0.090,                           
                    train/confidence_pred_mean=0.039,                           
                    train/confidence_cumprod_bias=-0.028,                       
                    train/loss=0.388, train/ce_loss=1.300,                      
                    train/tv_loss=0.178, train/accept_rate=0.161,               
                    train/accept_len=1.280, train/full_acc=0.192,               
                    train/position_1_acc=0.203,                                 
                    train/position_2_acc=0.196,                                 
                    train/position_3_acc=0.190,                                 
                    train/position_4_acc=0.199,                                 
                    train/position_5_acc=0.195,                                 
                    train/position_6_acc=0.180,                                 
                    train/position_7_acc=0.180,                                 
                    profile/fetch_ms=10.599,                                    
                    profile/fwd_ms=99.787, profile/bwd_ms=87.443,               
                    profile/opt_ms=0.090,                                       
                    profile/step_ms=197.918,                                    
                    profile/tokens_per_s=2.05e+04,                              
                    profile/fetch_frac=0.054, epoch=0,                          
                    lr/Muon=0.002, lr/AdamW=2.50e-04,                           
                    global_step=120                                             
[08:29:13] INFO     train/confidence_loss=0.236,                  trainer.py:584
                    train/confidence_abs_error=0.097,                           
                    train/confidence_pred_mean=0.053,                           
                    train/confidence_cumprod_bias=-0.031,                       
                    train/loss=0.378, train/ce_loss=1.275,                      
                    train/tv_loss=0.173, train/accept_rate=0.183,               
                    train/accept_len=1.355, train/full_acc=0.223,               
                    train/position_1_acc=0.246,                                 
                    train/position_2_acc=0.218,                                 
                    train/position_3_acc=0.237,                                 
                    train/position_4_acc=0.202,                                 
                    train/position_5_acc=0.207,                                 
                    train/position_6_acc=0.234,                                 
                    train/position_7_acc=0.218,                                 
                    profile/fetch_ms=72.368,                                    
                    profile/fwd_ms=89.843, profile/bwd_ms=93.757,               
                    profile/opt_ms=291.227,                                     
                    profile/step_ms=547.194,                                    
                    profile/tokens_per_s=7.14e+03,                              
                    profile/fetch_frac=0.132, epoch=0,                          
                    lr/Muon=0.003, lr/AdamW=2.94e-04,                           
                    global_step=140                                             
[08:29:28] INFO     train/confidence_loss=0.246,                  trainer.py:584
                    train/confidence_abs_error=0.143,                           
                    train/confidence_pred_mean=0.175,                           
                    train/confidence_cumprod_bias=0.022,                        
                    train/loss=0.366, train/ce_loss=1.156,                      
                    train/tv_loss=0.168, train/accept_rate=0.210,               
                    train/accept_len=1.391, train/full_acc=0.246,               
                    train/position_1_acc=0.263,                                 
                    train/position_2_acc=0.256,                                 
                    train/position_3_acc=0.244,                                 
                    train/position_4_acc=0.255,                                 
                    train/position_5_acc=0.249,                                 
                    train/position_6_acc=0.231,                                 
                    train/position_7_acc=0.221,                                 
                    profile/fetch_ms=98.175,                                    
                    profile/fwd_ms=87.068,                                      
                    profile/bwd_ms=104.729, profile/opt_ms=0.029,               
                    profile/step_ms=290.001,                                    
                    profile/tokens_per_s=1.36e+04,                              
                    profile/fetch_frac=0.339, epoch=0,                          
                    lr/Muon=0.003, lr/AdamW=3.31e-04,                           
                    global_step=160                                             
[08:29:44] INFO     train/confidence_loss=0.240,                  trainer.py:584
                    train/confidence_abs_error=0.108,                           
                    train/confidence_pred_mean=0.090,                           
                    train/confidence_cumprod_bias=-0.034,                       
                    train/loss=0.361, train/ce_loss=1.163,                      
                    train/tv_loss=0.166, train/accept_rate=0.211,               
                    train/accept_len=1.536, train/full_acc=0.248,               
                    train/position_1_acc=0.320,                                 
                    train/position_2_acc=0.269,                                 
                    train/position_3_acc=0.243,                                 
                    train/position_4_acc=0.233,                                 
                    train/position_5_acc=0.222,                                 
                    train/position_6_acc=0.218,                                 
                    train/position_7_acc=0.230,                                 
                    profile/fetch_ms=3.336,                                     
                    profile/fwd_ms=130.894,                                     
                    profile/bwd_ms=86.767, profile/opt_ms=0.062,                
                    profile/step_ms=221.059,                                    
                    profile/tokens_per_s=1.50e+04,                              
                    profile/fetch_frac=0.015, epoch=0,                          
                    lr/Muon=0.004, lr/AdamW=3.75e-04,                           
                    global_step=180                                             
[08:30:00] INFO     train/confidence_loss=0.244,                  trainer.py:584
                    train/confidence_abs_error=0.110,                           
                    train/confidence_pred_mean=0.112,                           
                    train/confidence_cumprod_bias=-0.024,                       
                    train/loss=0.353, train/ce_loss=1.094,                      
                    train/tv_loss=0.163, train/accept_rate=0.217,               
                    train/accept_len=1.599, train/full_acc=0.264,               
                    train/position_1_acc=0.370,                                 
                    train/position_2_acc=0.323,                                 
                    train/position_3_acc=0.243,                                 
                    train/position_4_acc=0.226,                                 
                    train/position_5_acc=0.224,                                 
                    train/position_6_acc=0.222,                                 
                    train/position_7_acc=0.239,                                 
                    profile/fetch_ms=74.346,                                    
                    profile/fwd_ms=91.676, profile/bwd_ms=92.698,               
                    profile/opt_ms=227.850,                                     
                    profile/step_ms=486.569,                                    
                    profile/tokens_per_s=7.65e+03,                              
                    profile/fetch_frac=0.153, epoch=0,                          
                    lr/Muon=0.004, lr/AdamW=4.19e-04,                           
                    global_step=200                                             
[08:30:15] INFO     train/confidence_loss=0.264,                  trainer.py:584
                    train/confidence_abs_error=0.151,                           
                    train/confidence_pred_mean=0.190,                           
                    train/confidence_cumprod_bias=0.028,                        
                    train/loss=0.362, train/ce_loss=1.125,                      
                    train/tv_loss=0.163, train/accept_rate=0.205,               
                    train/accept_len=1.592, train/full_acc=0.231,               
                    train/position_1_acc=0.404,                                 
                    train/position_2_acc=0.260,                                 
                    train/position_3_acc=0.210,                                 
                    train/position_4_acc=0.199,                                 
                    train/position_5_acc=0.190,                                 
                    train/position_6_acc=0.182,                                 
                    train/position_7_acc=0.171,                                 
                    profile/fetch_ms=77.904,                                    
                    profile/fwd_ms=131.641,                                     
                    profile/bwd_ms=85.726, profile/opt_ms=0.047,                
                    profile/step_ms=295.318,                                    
                    profile/tokens_per_s=1.27e+04,                              
                    profile/fetch_frac=0.264, epoch=0,                          
                    lr/Muon=0.005, lr/AdamW=4.56e-04,                           
                    global_step=220                                             
[08:30:30] INFO     train/confidence_loss=0.232,                  trainer.py:584
                    train/confidence_abs_error=0.108,                           
                    train/confidence_pred_mean=0.114,                           
                    train/confidence_cumprod_bias=-0.033,                       
                    train/loss=0.341, train/ce_loss=1.050,                      
                    train/tv_loss=0.158, train/accept_rate=0.224,               
                    train/accept_len=1.747, train/full_acc=0.258,               
                    train/position_1_acc=0.482,                                 
                    train/position_2_acc=0.277,                                 
                    train/position_3_acc=0.246,                                 
                    train/position_4_acc=0.214,                                 
                    train/position_5_acc=0.212,                                 
                    train/position_6_acc=0.188,                                 
                    train/position_7_acc=0.186,                                 
                    profile/fetch_ms=9.435,                                     
                    profile/fwd_ms=95.036, profile/bwd_ms=92.075,               
                    profile/opt_ms=0.085,                                       
                    profile/step_ms=196.632,                                    
                    profile/tokens_per_s=1.92e+04,                              
                    profile/fetch_frac=0.048, epoch=0,                          
                    lr/Muon=0.005, lr/AdamW=5.00e-04,                           
                    global_step=240                                             
[08:30:47] INFO     train/confidence_loss=0.246,                  trainer.py:584
                    train/confidence_abs_error=0.113,                           
                    train/confidence_pred_mean=0.140,                           
                    train/confidence_cumprod_bias=-0.042,                       
                    train/loss=0.303, train/ce_loss=0.825,                      
                    train/tv_loss=0.134, train/accept_rate=0.312,               
                    train/accept_len=2.183, train/full_acc=0.352,               
                    train/position_1_acc=0.635,                                 
                    train/position_2_acc=0.423,                                 
                    train/position_3_acc=0.324,                                 
                    train/position_4_acc=0.292,                                 
                    train/position_5_acc=0.269,                                 
                    train/position_6_acc=0.266,                                 
                    train/position_7_acc=0.248,                                 
                    profile/fetch_ms=75.214,                                    
                    profile/fwd_ms=785.801,                                     
                    profile/bwd_ms=88.193,                                      
                    profile/opt_ms=262.013,                                     
                    profile/step_ms=1.21e+03,                                   
                    profile/tokens_per_s=3.07e+03,                              
                    profile/fetch_frac=0.062, epoch=0,                          
                    lr/Muon=0.005, lr/AdamW=5.44e-04,                           
                    global_step=260                                             
[08:30:59] INFO     train/confidence_loss=0.213,                  trainer.py:584
                    train/confidence_abs_error=0.112,                           
                    train/confidence_pred_mean=0.159,                           
                    train/confidence_cumprod_bias=0.022,                        
                    train/loss=0.341, train/ce_loss=1.144,                      
                    train/tv_loss=0.157, train/accept_rate=0.219,               
                    train/accept_len=1.762, train/full_acc=0.256,               
                    train/position_1_acc=0.500,                                 
                    train/position_2_acc=0.293,                                 
                    train/position_3_acc=0.235,                                 
                    train/position_4_acc=0.189,                                 
                    train/position_5_acc=0.196,                                 
                    train/position_6_acc=0.191,                                 
                    train/position_7_acc=0.192,                                 
                    profile/fetch_ms=67.081,                                    
                    profile/fwd_ms=88.210,                                      
                    profile/bwd_ms=108.564, profile/opt_ms=0.029,               
                    profile/step_ms=263.883,                                    
                    profile/tokens_per_s=1.46e+04,                              
                    profile/fetch_frac=0.254, epoch=0,                          
                    lr/Muon=0.006, lr/AdamW=5.81e-04,                           
                    global_step=280                                             
[08:31:16] INFO     train/confidence_loss=0.252,                  trainer.py:584
                    train/confidence_abs_error=0.121,                           
                    train/confidence_pred_mean=0.163,                           
                    train/confidence_cumprod_bias=-0.044,                       
                    train/loss=0.280, train/ce_loss=0.709,                      
                    train/tv_loss=0.121, train/accept_rate=0.369,               
                    train/accept_len=2.400, train/full_acc=0.408,               
                    train/position_1_acc=0.691,                                 
                    train/position_2_acc=0.488,                                 
                    train/position_3_acc=0.403,                                 
                    train/position_4_acc=0.338,                                 
                    train/position_5_acc=0.333,                                 
                    train/position_6_acc=0.294,                                 
                    train/position_7_acc=0.306,                                 
                    profile/fetch_ms=3.215,                                     
                    profile/fwd_ms=117.378,                                     
                    profile/bwd_ms=91.335, profile/opt_ms=0.043,                
                    profile/step_ms=211.971,                                    
                    profile/tokens_per_s=1.80e+04,                              
                    profile/fetch_frac=0.015, epoch=0,                          
                    lr/Muon=0.006, lr/AdamW=6.00e-04,                           
                    global_step=300                                             
[08:31:29] INFO     train/confidence_loss=0.250,                  trainer.py:584
                    train/confidence_abs_error=0.102,                           
                    train/confidence_pred_mean=0.099,                           
                    train/confidence_cumprod_bias=-0.034,                       
                    train/loss=0.327, train/ce_loss=0.950,                      
                    train/tv_loss=0.145, train/accept_rate=0.263,               
                    train/accept_len=1.888, train/full_acc=0.293,               
                    train/position_1_acc=0.576,                                 
                    train/position_2_acc=0.313,                                 
                    train/position_3_acc=0.286,                                 
                    train/position_4_acc=0.239,                                 
                    train/position_5_acc=0.224,                                 
                    train/position_6_acc=0.211,                                 
                    train/position_7_acc=0.199,                                 
                    profile/fetch_ms=62.234,                                    
                    profile/fwd_ms=94.777, profile/bwd_ms=93.955,               
                    profile/opt_ms=675.980,                                     
                    profile/step_ms=926.947,                                    
                    profile/tokens_per_s=4.08e+03,                              
                    profile/fetch_frac=0.067, epoch=0,                          
                    lr/Muon=0.006, lr/AdamW=5.99e-04,                           
                    global_step=320                                             
[08:31:46] INFO     train/confidence_loss=0.244,                  trainer.py:584
                    train/confidence_abs_error=0.137,                           
                    train/confidence_pred_mean=0.244,                           
                    train/confidence_cumprod_bias=0.035,                        
                    train/loss=0.289, train/ce_loss=0.787,                      
                    train/tv_loss=0.125, train/accept_rate=0.347,               
                    train/accept_len=2.351, train/full_acc=0.381,               
                    train/position_1_acc=0.681,                                 
                    train/position_2_acc=0.452,                                 
                    train/position_3_acc=0.360,                                 
                    train/position_4_acc=0.311,                                 
                    train/position_5_acc=0.315,                                 
                    train/position_6_acc=0.282,                                 
                    train/position_7_acc=0.263,                                 
                    profile/fetch_ms=81.424,                                    
                    profile/fwd_ms=90.725, profile/bwd_ms=90.424,               
                    profile/opt_ms=0.072,                                       
                    profile/step_ms=262.645,                                    
                    profile/tokens_per_s=1.47e+04,                              
                    profile/fetch_frac=0.310, epoch=0,                          
                    lr/Muon=0.006, lr/AdamW=5.99e-04,                           
                    global_step=340                                             
[08:31:59] INFO     train/confidence_loss=0.254,                  trainer.py:584
                    train/confidence_abs_error=0.116,                           
                    train/confidence_pred_mean=0.142,                           
                    train/confidence_cumprod_bias=-0.045,                       
                    train/loss=0.300, train/ce_loss=0.812,                      
                    train/tv_loss=0.130, train/accept_rate=0.327,               
                    train/accept_len=2.244, train/full_acc=0.360,               
                    train/position_1_acc=0.660,                                 
                    train/position_2_acc=0.425,                                 
                    train/position_3_acc=0.327,                                 
                    train/position_4_acc=0.310,                                 
                    train/position_5_acc=0.264,                                 
                    train/position_6_acc=0.258,                                 
                    train/position_7_acc=0.273,                                 
                    profile/fetch_ms=8.404,                                     
                    profile/fwd_ms=97.708, profile/bwd_ms=90.674,               
                    profile/opt_ms=0.079,                                       
                    profile/step_ms=196.866,                                    
                    profile/tokens_per_s=1.99e+04,                              
                    profile/fetch_frac=0.043, epoch=0,                          
                    lr/Muon=0.006, lr/AdamW=5.98e-04,                           
                    global_step=360                                             
[08:32:17] INFO     train/confidence_loss=0.236,                  trainer.py:584
                    train/confidence_abs_error=0.107,                           
                    train/confidence_pred_mean=0.153,                           
                    train/confidence_cumprod_bias=-0.017,                       
                    train/loss=0.303, train/ce_loss=0.881,                      
                    train/tv_loss=0.134, train/accept_rate=0.316,               
                    train/accept_len=2.190, train/full_acc=0.354,               
                    train/position_1_acc=0.643,                                 
                    train/position_2_acc=0.406,                                 
                    train/position_3_acc=0.317,                                 
                    train/position_4_acc=0.296,                                 
                    train/position_5_acc=0.285,                                 
                    train/position_6_acc=0.281,                                 
                    train/position_7_acc=0.245,                                 
                    profile/fetch_ms=64.693,                                    
                    profile/fwd_ms=102.477,                                     
                    profile/bwd_ms=124.545,                                     
                    profile/opt_ms=322.101,                                     
                    profile/step_ms=613.817,                                    
                    profile/tokens_per_s=6.31e+03,                              
                    profile/fetch_frac=0.105, epoch=0,                          
                    lr/Muon=0.006, lr/AdamW=5.98e-04,                           
                    global_step=380                                             
[08:32:28] INFO     train/confidence_loss=0.240,                  trainer.py:584
                    train/confidence_abs_error=0.126,                           
                    train/confidence_pred_mean=0.220,                           
                    train/confidence_cumprod_bias=0.033,                        
                    train/loss=0.303, train/ce_loss=0.863,                      
                    train/tv_loss=0.133, train/accept_rate=0.319,               
                    train/accept_len=2.190, train/full_acc=0.349,               
                    train/position_1_acc=0.633,                                 
                    train/position_2_acc=0.405,                                 
                    train/position_3_acc=0.344,                                 
                    train/position_4_acc=0.279,                                 
                    train/position_5_acc=0.272,                                 
                    train/position_6_acc=0.266,                                 
                    train/position_7_acc=0.241,                                 
                    profile/fetch_ms=53.187,                                    
                    profile/fwd_ms=90.377, profile/bwd_ms=89.927,               
                    profile/opt_ms=0.055,                                       
                    profile/step_ms=233.546,                                    
                    profile/tokens_per_s=1.69e+04,                              
                    profile/fetch_frac=0.228, epoch=0,                          
                    lr/Muon=0.006, lr/AdamW=5.98e-04,                           
                    global_step=400                                             
[08:32:47] INFO     train/confidence_loss=0.254,                  trainer.py:584
                    train/confidence_abs_error=0.116,                           
                    train/confidence_pred_mean=0.153,                           
                    train/confidence_cumprod_bias=-0.015,                       
                    train/loss=0.300, train/ce_loss=0.800,                      
                    train/tv_loss=0.131, train/accept_rate=0.320,               
                    train/accept_len=2.159, train/full_acc=0.362,               
                    train/position_1_acc=0.651,                                 
                    train/position_2_acc=0.449,                                 
                    train/position_3_acc=0.355,                                 
                    train/position_4_acc=0.280,                                 
                    train/position_5_acc=0.293,                                 
                    train/position_6_acc=0.257,                                 
                    train/position_7_acc=0.246,                                 
                    profile/fetch_ms=3.330,                                     
                    profile/fwd_ms=128.209,                                     
                    profile/bwd_ms=110.671, profile/opt_ms=4.955,               
                    profile/step_ms=247.166,                                    
                    profile/tokens_per_s=1.46e+04,                              
                    profile/fetch_frac=0.013, epoch=0,                          
                    lr/Muon=0.006, lr/AdamW=5.97e-04,                           
                    global_step=420                                             
[08:33:00] INFO     train/confidence_loss=0.225,                  trainer.py:584
                    train/confidence_abs_error=0.108,                           
                    train/confidence_pred_mean=0.154,                           
                    train/confidence_cumprod_bias=-0.015,                       
                    train/loss=0.309, train/ce_loss=0.938,                      
                    train/tv_loss=0.138, train/accept_rate=0.296,               
                    train/accept_len=2.093, train/full_acc=0.329,               
                    train/position_1_acc=0.607,                                 
                    train/position_2_acc=0.390,                                 
                    train/position_3_acc=0.294,                                 
                    train/position_4_acc=0.283,                                 
                    train/position_5_acc=0.249,                                 
                    train/position_6_acc=0.251,                                 
                    train/position_7_acc=0.226,                                 
                    profile/fetch_ms=73.263,                                    
                    profile/fwd_ms=90.100, profile/bwd_ms=97.148,               
                    profile/opt_ms=250.151,                                     
                    profile/step_ms=510.661,                                    
                    profile/tokens_per_s=7.97e+03,                              
                    profile/fetch_frac=0.143, epoch=0,                          
                    lr/Muon=0.006, lr/AdamW=5.97e-04,                           
                    global_step=440                                             
[08:33:16] INFO     train/confidence_loss=0.260,                  trainer.py:584
                    train/confidence_abs_error=0.144,                           
                    train/confidence_pred_mean=0.261,                           
                    train/confidence_cumprod_bias=0.035,                        
                    train/loss=0.289, train/ce_loss=0.750,                      
                    train/tv_loss=0.121, train/accept_rate=0.360,               
                    train/accept_len=2.419, train/full_acc=0.391,               
                    train/position_1_acc=0.711,                                 
                    train/position_2_acc=0.467,                                 
                    train/position_3_acc=0.398,                                 
                    train/position_4_acc=0.343,                                 
                    train/position_5_acc=0.298,                                 
                    train/position_6_acc=0.278,                                 
                    train/position_7_acc=0.239,                                 
                    profile/fetch_ms=67.634,                                    
                    profile/fwd_ms=115.188,                                     
                    profile/bwd_ms=92.141, profile/opt_ms=0.057,                
                    profile/step_ms=275.019,                                    
                    profile/tokens_per_s=1.45e+04,                              
                    profile/fetch_frac=0.246, epoch=0,                          
                    lr/Muon=0.006, lr/AdamW=5.96e-04,                           
                    global_step=460                                             
[08:33:28] INFO     train/confidence_loss=0.246,                  trainer.py:584
                    train/confidence_abs_error=0.115,                           
                    train/confidence_pred_mean=0.163,                           
                    train/confidence_cumprod_bias=-0.014,                       
                    train/loss=0.295, train/ce_loss=0.797,                      
                    train/tv_loss=0.130, train/accept_rate=0.331,               
                    train/accept_len=2.239, train/full_acc=0.371,               
                    train/position_1_acc=0.683,                                 
                    train/position_2_acc=0.407,                                 
                    train/position_3_acc=0.363,                                 
                    train/position_4_acc=0.316,                                 
                    train/position_5_acc=0.302,                                 
                    train/position_6_acc=0.263,                                 
                    train/position_7_acc=0.260,                                 
                    profile/fetch_ms=3.430,                                     
                    profile/fwd_ms=90.419, profile/bwd_ms=94.485,               
                    profile/opt_ms=0.035,                                       
                    profile/step_ms=188.368,                                    
                    profile/tokens_per_s=1.95e+04,                              
                    profile/fetch_frac=0.018, epoch=0,                          
                    lr/Muon=0.006, lr/AdamW=5.96e-04,                           
                    global_step=480                                             
[08:33:46] INFO     train/confidence_loss=0.250,                  trainer.py:584
                    train/confidence_abs_error=0.120,                           
                    train/confidence_pred_mean=0.197,                           
                    train/confidence_cumprod_bias=-0.018,                       
                    train/loss=0.269, train/ce_loss=0.656,                      
                    train/tv_loss=0.113, train/accept_rate=0.394,               
                    train/accept_len=2.582, train/full_acc=0.434,               
                    train/position_1_acc=0.766,                                 
                    train/position_2_acc=0.529,                                 
                    train/position_3_acc=0.436,                                 
                    train/position_4_acc=0.384,                                 
                    train/position_5_acc=0.349,                                 
                    train/position_6_acc=0.291,                                 
                    train/position_7_acc=0.279,                                 
                    profile/fetch_ms=116.439,                                   
                    profile/fwd_ms=89.621, profile/bwd_ms=94.300,               
                    profile/opt_ms=273.096,                                     
                    profile/step_ms=573.457,                                    
                    profile/tokens_per_s=6.45e+03,                              
                    profile/fetch_frac=0.203, epoch=0,                          
                    lr/Muon=0.006, lr/AdamW=5.96e-04,                           
                    global_step=500                                             
[08:33:59] INFO     train/confidence_loss=0.266,                  trainer.py:584
                    train/confidence_abs_error=0.129,                           
                    train/confidence_pred_mean=0.171,                           
                    train/confidence_cumprod_bias=-0.042,                       
                    train/loss=0.284, train/ce_loss=0.719,                      
                    train/tv_loss=0.120, train/accept_rate=0.369,               
                    train/accept_len=2.380, train/full_acc=0.407,               
                    train/position_1_acc=0.741,                                 
                    train/position_2_acc=0.489,                                 
                    train/position_3_acc=0.403,                                 
                    train/position_4_acc=0.335,                                 
                    train/position_5_acc=0.320,                                 
                    train/position_6_acc=0.261,                                 
                    train/position_7_acc=0.301,                                 
                    profile/fetch_ms=70.690,                                    
                    profile/fwd_ms=89.168, profile/bwd_ms=93.905,               
                    profile/opt_ms=0.058,                                       
                    profile/step_ms=253.822,                                    
                    profile/tokens_per_s=1.56e+04,                              
                    profile/fetch_frac=0.279, epoch=0,                          
                    lr/Muon=0.006, lr/AdamW=5.95e-04,                           
                    global_step=520                                             
[08:34:17] INFO     train/confidence_loss=0.242,                  trainer.py:584
                    train/confidence_abs_error=0.139,                           
                    train/confidence_pred_mean=0.251,                           
                    train/confidence_cumprod_bias=0.004,                        
                    train/loss=0.266, train/ce_loss=0.678,                      
                    train/tv_loss=0.113, train/accept_rate=0.405,               
                    train/accept_len=2.644, train/full_acc=0.436,               
                    train/position_1_acc=0.753,                                 
                    train/position_2_acc=0.524,                                 
                    train/position_3_acc=0.416,                                 
                    train/position_4_acc=0.376,                                 
                    train/position_5_acc=0.344,                                 
                    train/position_6_acc=0.347,                                 
                    train/position_7_acc=0.288,                                 
                    profile/fetch_ms=3.295,                                     
                    profile/fwd_ms=89.862, profile/bwd_ms=90.455,               
                    profile/opt_ms=0.081,                                       
                    profile/step_ms=183.692,                                    
                    profile/tokens_per_s=2.16e+04,                              
                    profile/fetch_frac=0.018, epoch=0,                          
                    lr/Muon=0.006, lr/AdamW=5.95e-04,                           
                    global_step=540                                             
[08:34:29] INFO     train/confidence_loss=0.245,                  trainer.py:584
                    train/confidence_abs_error=0.134,                           
                    train/confidence_pred_mean=0.204,                           
                    train/confidence_cumprod_bias=0.011,                        
                    train/loss=0.298, train/ce_loss=0.850,                      
                    train/tv_loss=0.128, train/accept_rate=0.329,               
                    train/accept_len=2.207, train/full_acc=0.364,               
                    train/position_1_acc=0.702,                                 
                    train/position_2_acc=0.425,                                 
                    train/position_3_acc=0.341,                                 
                    train/position_4_acc=0.313,                                 
                    train/position_5_acc=0.276,                                 
                    train/position_6_acc=0.255,                                 
                    train/position_7_acc=0.232,                                 
                    profile/fetch_ms=108.558,                                   
                    profile/fwd_ms=95.487, profile/bwd_ms=92.319,               
                    profile/opt_ms=251.647,                                     
                    profile/step_ms=548.011,                                    
                    profile/tokens_per_s=7.18e+03,                              
                    profile/fetch_frac=0.198, epoch=0,                          
                    lr/Muon=0.006, lr/AdamW=5.94e-04,                           
                    global_step=560                                             
[08:34:47] INFO     train/confidence_loss=0.246,                  trainer.py:584
                    train/confidence_abs_error=0.118,                           
                    train/confidence_pred_mean=0.200,                           
                    train/confidence_cumprod_bias=-0.037,                       
                    train/loss=0.258, train/ce_loss=0.619,                      
                    train/tv_loss=0.109, train/accept_rate=0.421,               
                    train/accept_len=2.756, train/full_acc=0.457,               
                    train/position_1_acc=0.768,                                 
                    train/position_2_acc=0.538,                                 
                    train/position_3_acc=0.462,                                 
                    train/position_4_acc=0.402,                                 
                    train/position_5_acc=0.351,                                 
                    train/position_6_acc=0.351,                                 
                    train/position_7_acc=0.325,                                 
                    profile/fetch_ms=78.031,                                    
                    profile/fwd_ms=90.597, profile/bwd_ms=91.055,               
                    profile/opt_ms=0.092,                                       
                    profile/step_ms=259.776,                                    
                    profile/tokens_per_s=1.51e+04,                              
                    profile/fetch_frac=0.300, epoch=0,                          
                    lr/Muon=0.006, lr/AdamW=5.94e-04,                           
                    global_step=580                                             
[08:35:01] INFO     train/confidence_loss=0.248,                  trainer.py:584
                    train/confidence_abs_error=0.135,                           
                    train/confidence_pred_mean=0.236,                           
                    train/confidence_cumprod_bias=0.038,                        
                    train/loss=0.291, train/ce_loss=0.806,                      
                    train/tv_loss=0.123, train/accept_rate=0.359,               
                    train/accept_len=2.320, train/full_acc=0.386,               
                    train/position_1_acc=0.680,                                 
                    train/position_2_acc=0.460,                                 
                    train/position_3_acc=0.389,                                 
                    train/position_4_acc=0.327,                                 
                    train/position_5_acc=0.312,                                 
                    train/position_6_acc=0.278,                                 
                    train/position_7_acc=0.251,                                 
                    profile/fetch_ms=24.929,                                    
                    profile/fwd_ms=135.199,                                     
                    profile/bwd_ms=85.009, profile/opt_ms=0.076,                
                    profile/step_ms=245.212,                                    
                    profile/tokens_per_s=1.63e+04,                              
                    profile/fetch_frac=0.102, epoch=0,                          
                    lr/Muon=0.006, lr/AdamW=5.93e-04,                           
                    global_step=600                                             
[08:35:18] INFO     train/confidence_loss=0.258,                  trainer.py:584
                    train/confidence_abs_error=0.142,                           
                    train/confidence_pred_mean=0.287,                           
                    train/confidence_cumprod_bias=0.047,                        
                    train/loss=0.263, train/ce_loss=0.613,                      
                    train/tv_loss=0.108, train/accept_rate=0.419,               
                    train/accept_len=2.736, train/full_acc=0.450,               
                    train/position_1_acc=0.778,                                 
                    train/position_2_acc=0.548,                                 
                    train/position_3_acc=0.470,                                 
                    train/position_4_acc=0.369,                                 
                    train/position_5_acc=0.346,                                 
                    train/position_6_acc=0.330,                                 
                    train/position_7_acc=0.303,                                 
                    profile/fetch_ms=68.589,                                    
                    profile/fwd_ms=1.33e+03,                                    
                    profile/bwd_ms=92.069,                                      
                    profile/opt_ms=298.090,                                     
                    profile/step_ms=1.79e+03,                                   
                    profile/tokens_per_s=2.23e+03,                              
                    profile/fetch_frac=0.038, epoch=0,                          
                    lr/Muon=0.006, lr/AdamW=5.93e-04,                           
                    global_step=620                                             
[08:35:30] INFO     train/confidence_loss=0.254,                  trainer.py:584
                    train/confidence_abs_error=0.141,                           
                    train/confidence_pred_mean=0.269,                           
                    train/confidence_cumprod_bias=0.032,                        
                    train/loss=0.272, train/ce_loss=0.675,                      
                    train/tv_loss=0.113, train/accept_rate=0.400,               
                    train/accept_len=2.583, train/full_acc=0.436,               
                    train/position_1_acc=0.740,                                 
                    train/position_2_acc=0.523,                                 
                    train/position_3_acc=0.433,                                 
                    train/position_4_acc=0.381,                                 
                    train/position_5_acc=0.344,                                 
                    train/position_6_acc=0.334,                                 
                    train/position_7_acc=0.293,                                 
                    profile/fetch_ms=58.976,                                    
                    profile/fwd_ms=138.381,                                     
                    profile/bwd_ms=91.947, profile/opt_ms=0.063,                
                    profile/step_ms=289.367,                                    
                    profile/tokens_per_s=1.36e+04,                              
                    profile/fetch_frac=0.204, epoch=0,                          
                    lr/Muon=0.006, lr/AdamW=5.93e-04,                           
                    global_step=640                                             
[08:35:46] INFO     train/confidence_loss=0.243,                  trainer.py:584
                    train/confidence_abs_error=0.114,                           
                    train/confidence_pred_mean=0.172,                           
                    train/confidence_cumprod_bias=-0.033,                       
                    train/loss=0.287, train/ce_loss=0.784,                      
                    train/tv_loss=0.123, train/accept_rate=0.363,               
                    train/accept_len=2.414, train/full_acc=0.391,               
                    train/position_1_acc=0.651,                                 
                    train/position_2_acc=0.466,                                 
                    train/position_3_acc=0.401,                                 
                    train/position_4_acc=0.340,                                 
                    train/position_5_acc=0.315,                                 
                    train/position_6_acc=0.289,                                 
                    train/position_7_acc=0.275,                                 
                    profile/fetch_ms=4.648,                                     
                    profile/fwd_ms=90.591,                                      
                    profile/bwd_ms=120.270, profile/opt_ms=7.434,               
                    profile/step_ms=222.943,                                    
                    profile/tokens_per_s=1.79e+04,                              
                    profile/fetch_frac=0.021, epoch=0,                          
                    lr/Muon=0.006, lr/AdamW=5.92e-04,                           
                    global_step=660                                             
[08:35:59] INFO     train/confidence_loss=0.252,                  trainer.py:584
                    train/confidence_abs_error=0.118,                           
                    train/confidence_pred_mean=0.184,                           
                    train/confidence_cumprod_bias=-0.034,                       
                    train/loss=0.272, train/ce_loss=0.656,                      
                    train/tv_loss=0.114, train/accept_rate=0.395,               
                    train/accept_len=2.559, train/full_acc=0.428,               
                    train/position_1_acc=0.751,                                 
                    train/position_2_acc=0.527,                                 
                    train/position_3_acc=0.389,                                 
                    train/position_4_acc=0.364,                                 
                    train/position_5_acc=0.339,                                 
                    train/position_6_acc=0.327,                                 
                    train/position_7_acc=0.295,                                 
                    profile/fetch_ms=71.257,                                    
                    profile/fwd_ms=88.850, profile/bwd_ms=95.782,               
                    profile/opt_ms=261.785,                                     
                    profile/step_ms=517.674,                                    
                    profile/tokens_per_s=7.50e+03,                              
                    profile/fetch_frac=0.138, epoch=0,                          
                    lr/Muon=0.006, lr/AdamW=5.92e-04,                           
                    global_step=680                                             
[08:36:16] INFO     train/confidence_loss=0.243,                  trainer.py:584
                    train/confidence_abs_error=0.135,                           
                    train/confidence_pred_mean=0.242,                           
                    train/confidence_cumprod_bias=0.022,                        
                    train/loss=0.289, train/ce_loss=0.806,                      
                    train/tv_loss=0.123, train/accept_rate=0.362,               
                    train/accept_len=2.420, train/full_acc=0.395,               
                    train/position_1_acc=0.685,                                 
                    train/position_2_acc=0.483,                                 
                    train/position_3_acc=0.357,                                 
                    train/position_4_acc=0.337,                                 
                    train/position_5_acc=0.329,                                 
                    train/position_6_acc=0.293,                                 
                    train/position_7_acc=0.279,                                 
                    profile/fetch_ms=69.324,                                    
                    profile/fwd_ms=2.02e+03,                                    
                    profile/bwd_ms=115.146, profile/opt_ms=4.530,               
                    profile/step_ms=2.21e+03,                                   
                    profile/tokens_per_s=1.83e+03,                              
                    profile/fetch_frac=0.031, epoch=0,                          
                    lr/Muon=0.006, lr/AdamW=5.91e-04,                           
                    global_step=700                                             
[08:36:29] INFO     train/confidence_loss=0.244,                  trainer.py:584
                    train/confidence_abs_error=0.138,                           
                    train/confidence_pred_mean=0.282,                           
                    train/confidence_cumprod_bias=0.011,                        
                    train/loss=0.253, train/ce_loss=0.625,                      
                    train/tv_loss=0.103, train/accept_rate=0.441,               
                    train/accept_len=2.903, train/full_acc=0.474,               
                    train/position_1_acc=0.803,                                 
                    train/position_2_acc=0.586,                                 
                    train/position_3_acc=0.466,                                 
                    train/position_4_acc=0.412,                                 
                    train/position_5_acc=0.372,                                 
                    train/position_6_acc=0.354,                                 
                    train/position_7_acc=0.320,                                 
                    profile/fetch_ms=16.386,                                    
                    profile/fwd_ms=134.101,                                     
                    profile/bwd_ms=91.322, profile/opt_ms=0.041,                
                    profile/step_ms=241.850,                                    
                    profile/tokens_per_s=1.66e+04,                              
                    profile/fetch_frac=0.068, epoch=0,                          
                    lr/Muon=0.006, lr/AdamW=5.91e-04,                           
                    global_step=720                                             
[08:36:47] INFO     train/confidence_loss=0.247,                  trainer.py:584
                    train/confidence_abs_error=0.136,                           
                    train/confidence_pred_mean=0.279,                           
                    train/confidence_cumprod_bias=0.029,                        
                    train/loss=0.250, train/ce_loss=0.584,                      
                    train/tv_loss=0.102, train/accept_rate=0.446,               
                    train/accept_len=2.815, train/full_acc=0.488,               
                    train/position_1_acc=0.804,                                 
                    train/position_2_acc=0.590,                                 
                    train/position_3_acc=0.480,                                 
                    train/position_4_acc=0.444,                                 
                    train/position_5_acc=0.403,                                 
                    train/position_6_acc=0.363,                                 
                    train/position_7_acc=0.326,                                 
                    profile/fetch_ms=75.867,                                    
                    profile/fwd_ms=1.50e+03,                                    
                    profile/bwd_ms=86.782,                                      
                    profile/opt_ms=256.411,                                     
                    profile/step_ms=1.92e+03,                                   
                    profile/tokens_per_s=1.76e+03,                              
                    profile/fetch_frac=0.040, epoch=0,                          
                    lr/Muon=0.006, lr/AdamW=5.91e-04,                           
                    global_step=740                                             
[08:36:59] INFO     train/confidence_loss=0.249,                  trainer.py:584
                    train/confidence_abs_error=0.129,                           
                    train/confidence_pred_mean=0.218,                           
                    train/confidence_cumprod_bias=-0.014,                       
                    train/loss=0.269, train/ce_loss=0.675,                      
                    train/tv_loss=0.114, train/accept_rate=0.398,               
                    train/accept_len=2.557, train/full_acc=0.427,               
                    train/position_1_acc=0.746,                                 
                    train/position_2_acc=0.515,                                 
                    train/position_3_acc=0.393,                                 
                    train/position_4_acc=0.374,                                 
                    train/position_5_acc=0.365,                                 
                    train/position_6_acc=0.310,                                 
                    train/position_7_acc=0.283,                                 
                    profile/fetch_ms=70.988,                                    
                    profile/fwd_ms=90.686, profile/bwd_ms=90.766,               
                    profile/opt_ms=0.039,                                       
                    profile/step_ms=252.479,                                    
                    profile/tokens_per_s=1.55e+04,                              
                    profile/fetch_frac=0.281, epoch=0,                          
                    lr/Muon=0.006, lr/AdamW=5.90e-04,                           
                    global_step=760                                             
[08:37:14] INFO     train/confidence_loss=0.235,                  trainer.py:584
                    train/confidence_abs_error=0.129,                           
                    train/confidence_pred_mean=0.242,                           
                    train/confidence_cumprod_bias=0.032,                        
                    train/loss=0.284, train/ce_loss=0.787,                      
                    train/tv_loss=0.123, train/accept_rate=0.354,               
                    train/accept_len=2.432, train/full_acc=0.384,               
                    train/position_1_acc=0.705,                                 
                    train/position_2_acc=0.459,                                 
                    train/position_3_acc=0.354,                                 
                    train/position_4_acc=0.330,                                 
                    train/position_5_acc=0.293,                                 
                    train/position_6_acc=0.270,                                 
                    train/position_7_acc=0.272,                                 
                    profile/fetch_ms=3.484,                                     
                    profile/fwd_ms=286.804,                                     
                    profile/bwd_ms=114.498, profile/opt_ms=0.043,               
                    profile/step_ms=404.828,                                    
                    profile/tokens_per_s=9.67e+03,                              
                    profile/fetch_frac=0.009, epoch=0,                          
                    lr/Muon=0.006, lr/AdamW=5.90e-04,                           
                    global_step=780                                             
[08:37:28] INFO     train/confidence_loss=0.237,                  trainer.py:584
                    train/confidence_abs_error=0.128,                           
                    train/confidence_pred_mean=0.267,                           
                    train/confidence_cumprod_bias=0.022,                        
                    train/loss=0.255, train/ce_loss=0.628,                      
                    train/tv_loss=0.107, train/accept_rate=0.428,               
                    train/accept_len=2.787, train/full_acc=0.458,               
                    train/position_1_acc=0.772,                                 
                    train/position_2_acc=0.561,                                 
                    train/position_3_acc=0.441,                                 
                    train/position_4_acc=0.396,                                 
                    train/position_5_acc=0.355,                                 
                    train/position_6_acc=0.354,                                 
                    train/position_7_acc=0.321,                                 
                    profile/fetch_ms=71.141,                                    
                    profile/fwd_ms=144.613,                                     
                    profile/bwd_ms=93.059,                                      
                    profile/opt_ms=268.990,                                     
                    profile/step_ms=577.803,                                    
                    profile/tokens_per_s=6.95e+03,                              
                    profile/fetch_frac=0.123, epoch=0,                          
                    lr/Muon=0.006, lr/AdamW=5.89e-04,                           
                    global_step=800                                             
[08:37:45] INFO     train/confidence_loss=0.262,                  trainer.py:584
                    train/confidence_abs_error=0.121,                           
                    train/confidence_pred_mean=0.191,                           
                    train/confidence_cumprod_bias=-0.020,                       
                    train/loss=0.275, train/ce_loss=0.697,                      
                    train/tv_loss=0.113, train/accept_rate=0.398,               
                    train/accept_len=2.555, train/full_acc=0.435,               
                    train/position_1_acc=0.746,                                 
                    train/position_2_acc=0.520,                                 
                    train/position_3_acc=0.436,                                 
                    train/position_4_acc=0.373,                                 
                    train/position_5_acc=0.345,                                 
                    train/position_6_acc=0.323,                                 
                    train/position_7_acc=0.298,                                 
                    profile/fetch_ms=73.286,                                    
                    profile/fwd_ms=3.26e+03,                                    
                    profile/bwd_ms=91.471, profile/opt_ms=0.036,                
                    profile/step_ms=3.43e+03,                                   
                    profile/tokens_per_s=1.07e+03,                              
                    profile/fetch_frac=0.021, epoch=0,                          
                    lr/Muon=0.006, lr/AdamW=5.89e-04,                           
                    global_step=820                                             
[08:37:59] INFO     train/confidence_loss=0.241,                  trainer.py:584
                    train/confidence_abs_error=0.131,                           
                    train/confidence_pred_mean=0.258,                           
                    train/confidence_cumprod_bias=0.025,                        
                    train/loss=0.264, train/ce_loss=0.662,                      
                    train/tv_loss=0.113, train/accept_rate=0.398,               
                    train/accept_len=2.667, train/full_acc=0.428,               
                    train/position_1_acc=0.770,                                 
                    train/position_2_acc=0.499,                                 
                    train/position_3_acc=0.404,                                 
                    train/position_4_acc=0.368,                                 
                    train/position_5_acc=0.334,                                 
                    train/position_6_acc=0.317,                                 
                    train/position_7_acc=0.298,                                 
                    profile/fetch_ms=3.180,                                     
                    profile/fwd_ms=92.738, profile/bwd_ms=90.125,               
                    profile/opt_ms=0.053,                                       
                    profile/step_ms=186.096,                                    
                    profile/tokens_per_s=1.81e+04,                              
                    profile/fetch_frac=0.017, epoch=0,                          
                    lr/Muon=0.006, lr/AdamW=5.88e-04,                           
                    global_step=840                                             
[08:38:15] INFO     train/confidence_loss=0.236,                  trainer.py:584
                    train/confidence_abs_error=0.127,                           
                    train/confidence_pred_mean=0.274,                           
                    train/confidence_cumprod_bias=0.018,                        
                    train/loss=0.245, train/ce_loss=0.594,                      
                    train/tv_loss=0.101, train/accept_rate=0.449,               
                    train/accept_len=2.959, train/full_acc=0.479,               
                    train/position_1_acc=0.796,                                 
                    train/position_2_acc=0.615,                                 
                    train/position_3_acc=0.491,                                 
                    train/position_4_acc=0.406,                                 
                    train/position_5_acc=0.362,                                 
                    train/position_6_acc=0.341,                                 
                    train/position_7_acc=0.340,                                 
                    profile/fetch_ms=72.698,                                    
                    profile/fwd_ms=1.34e+03,                                    
                    profile/bwd_ms=112.057,                                     
                    profile/opt_ms=232.093,                                     
                    profile/step_ms=1.76e+03,                                   
                    profile/tokens_per_s=2.27e+03,                              
                    profile/fetch_frac=0.041, epoch=0,                          
                    lr/Muon=0.006, lr/AdamW=5.88e-04,                           
                    global_step=860                                             
[08:38:27] INFO     train/confidence_loss=0.242,                  trainer.py:584
                    train/confidence_abs_error=0.116,                           
                    train/confidence_pred_mean=0.206,                           
                    train/confidence_cumprod_bias=-0.021,                       
                    train/loss=0.263, train/ce_loss=0.653,                      
                    train/tv_loss=0.110, train/accept_rate=0.412,               
                    train/accept_len=2.703, train/full_acc=0.442,               
                    train/position_1_acc=0.761,                                 
                    train/position_2_acc=0.539,                                 
                    train/position_3_acc=0.429,                                 
                    train/position_4_acc=0.384,                                 
                    train/position_5_acc=0.332,                                 
                    train/position_6_acc=0.346,                                 
                    train/position_7_acc=0.300,                                 
                    profile/fetch_ms=71.736,                                    
                    profile/fwd_ms=90.188, profile/bwd_ms=93.540,               
                    profile/opt_ms=0.080,                                       
                    profile/step_ms=255.544,                                    
                    profile/tokens_per_s=1.52e+04,                              
                    profile/fetch_frac=0.281, epoch=0,                          
                    lr/Muon=0.006, lr/AdamW=5.88e-04,                           
                    global_step=880                                             
[08:38:44] INFO     train/confidence_loss=0.242,                  trainer.py:584
                    train/confidence_abs_error=0.130,                           
                    train/confidence_pred_mean=0.252,                           
                    train/confidence_cumprod_bias=0.022,                        
                    train/loss=0.270, train/ce_loss=0.719,                      
                    train/tv_loss=0.114, train/accept_rate=0.402,               
                    train/accept_len=2.568, train/full_acc=0.437,               
                    train/position_1_acc=0.738,                                 
                    train/position_2_acc=0.509,                                 
                    train/position_3_acc=0.444,                                 
                    train/position_4_acc=0.379,                                 
                    train/position_5_acc=0.355,                                 
                    train/position_6_acc=0.320,                                 
                    train/position_7_acc=0.308,                                 
                    profile/fetch_ms=3.646,                                     
                    profile/fwd_ms=93.537, profile/bwd_ms=96.004,               
                    profile/opt_ms=0.077,                                       
                    profile/step_ms=193.265,                                    
                    profile/tokens_per_s=1.93e+04,                              
                    profile/fetch_frac=0.019, epoch=0,                          
                    lr/Muon=0.006, lr/AdamW=5.87e-04,                           
                    global_step=900                                             
[08:38:58] INFO     train/confidence_loss=0.254,                  trainer.py:584
                    train/confidence_abs_error=0.133,                           
                    train/confidence_pred_mean=0.262,                           
                    train/confidence_cumprod_bias=0.014,                        
                    train/loss=0.266, train/ce_loss=0.656,                      
                    train/tv_loss=0.109, train/accept_rate=0.414,               
                    train/accept_len=2.665, train/full_acc=0.445,               
                    train/position_1_acc=0.793,                                 
                    train/position_2_acc=0.512,                                 
                    train/position_3_acc=0.410,                                 
                    train/position_4_acc=0.390,                                 
                    train/position_5_acc=0.354,                                 
                    train/position_6_acc=0.342,                                 
                    train/position_7_acc=0.308,                                 
                    profile/fetch_ms=74.402,                                    
                    profile/fwd_ms=88.560, profile/bwd_ms=95.632,               
                    profile/opt_ms=238.643,                                     
                    profile/step_ms=497.237,                                    
                    profile/tokens_per_s=7.41e+03,                              
                    profile/fetch_frac=0.150, epoch=0,                          
                    lr/Muon=0.006, lr/AdamW=5.87e-04,                           
                    global_step=920                                             
[08:39:15] INFO     train/confidence_loss=0.252,                  trainer.py:584
                    train/confidence_abs_error=0.130,                           
                    train/confidence_pred_mean=0.269,                           
                    train/confidence_cumprod_bias=0.031,                        
                    train/loss=0.259, train/ce_loss=0.619,                      
                    train/tv_loss=0.107, train/accept_rate=0.426,               
                    train/accept_len=2.744, train/full_acc=0.458,               
                    train/position_1_acc=0.776,                                 
                    train/position_2_acc=0.531,                                 
                    train/position_3_acc=0.441,                                 
                    train/position_4_acc=0.408,                                 
                    train/position_5_acc=0.395,                                 
                    train/position_6_acc=0.324,                                 
                    train/position_7_acc=0.328,                                 
                    profile/fetch_ms=121.284,                                   
                    profile/fwd_ms=125.324,                                     
                    profile/bwd_ms=87.436, profile/opt_ms=0.070,                
                    profile/step_ms=334.114,                                    
                    profile/tokens_per_s=1.14e+04,                              
                    profile/fetch_frac=0.363, epoch=0,                          
                    lr/Muon=0.006, lr/AdamW=5.86e-04,                           
                    global_step=940                                             
[08:39:28] INFO     train/confidence_loss=0.242,                  trainer.py:584
                    train/confidence_abs_error=0.120,                           
                    train/confidence_pred_mean=0.200,                           
                    train/confidence_cumprod_bias=-0.040,                       
                    train/loss=0.263, train/ce_loss=0.656,                      
                    train/tv_loss=0.111, train/accept_rate=0.408,               
                    train/accept_len=2.722, train/full_acc=0.445,               
                    train/position_1_acc=0.771,                                 
                    train/position_2_acc=0.543,                                 
                    train/position_3_acc=0.445,                                 
                    train/position_4_acc=0.396,                                 
                    train/position_5_acc=0.335,                                 
                    train/position_6_acc=0.332,                                 
                    train/position_7_acc=0.291,                                 
                    profile/fetch_ms=3.396,                                     
                    profile/fwd_ms=90.001, profile/bwd_ms=91.811,               
                    profile/opt_ms=0.096,                                       
                    profile/step_ms=185.304,                                    
                    profile/tokens_per_s=2.14e+04,                              
                    profile/fetch_frac=0.018, epoch=0,                          
                    lr/Muon=0.006, lr/AdamW=5.86e-04,                           
                    global_step=960                                             
[08:39:45] INFO     train/confidence_loss=0.235,                  trainer.py:584
                    train/confidence_abs_error=0.132,                           
                    train/confidence_pred_mean=0.257,                           
                    train/confidence_cumprod_bias=-0.033,                       
                    train/loss=0.234, train/ce_loss=0.553,                      
                    train/tv_loss=0.094, train/accept_rate=0.481,               
                    train/accept_len=3.137, train/full_acc=0.515,               
                    train/position_1_acc=0.829,                                 
                    train/position_2_acc=0.640,                                 
                    train/position_3_acc=0.519,                                 
                    train/position_4_acc=0.423,                                 
                    train/position_5_acc=0.414,                                 
                    train/position_6_acc=0.421,                                 
                    train/position_7_acc=0.360,                                 
                    profile/fetch_ms=73.425,                                    
                    profile/fwd_ms=89.768, profile/bwd_ms=96.136,               
                    profile/opt_ms=285.051,                                     
                    profile/step_ms=544.381,                                    
                    profile/tokens_per_s=7.41e+03,                              
                    profile/fetch_frac=0.135, epoch=0,                          
                    lr/Muon=0.006, lr/AdamW=5.85e-04,                           
                    global_step=980                                             
[08:39:56] INFO     train/confidence_loss=0.252,                  trainer.py:584
                    train/confidence_abs_error=0.142,                           
                    train/confidence_pred_mean=0.323,                           
                    train/confidence_cumprod_bias=0.045,                        
                    train/loss=0.233, train/ce_loss=0.509,                      
                    train/tv_loss=0.090, train/accept_rate=0.502,               
                    train/accept_len=3.208, train/full_acc=0.536,               
                    train/position_1_acc=0.860,                                 
                    train/position_2_acc=0.649,                                 
                    train/position_3_acc=0.522,                                 
                    train/position_4_acc=0.495,                                 
                    train/position_5_acc=0.458,                                 
                    train/position_6_acc=0.387,                                 
                    train/position_7_acc=0.377,                                 
                    profile/fetch_ms=74.695,                                    
                    profile/fwd_ms=87.828, profile/bwd_ms=93.319,               
                    profile/opt_ms=0.037,                                       
                    profile/step_ms=255.880,                                    
                    profile/tokens_per_s=1.58e+04,                              
                    profile/fetch_frac=0.292, epoch=0,                          
                    lr/Muon=0.006, lr/AdamW=5.85e-04,                           
                    global_step=1000                                            
[08:40:13] INFO     train/confidence_loss=0.238,                  trainer.py:584
                    train/confidence_abs_error=0.124,                           
                    train/confidence_pred_mean=0.214,                           
                    train/confidence_cumprod_bias=-0.022,                       
                    train/loss=0.259, train/ce_loss=0.662,                      
                    train/tv_loss=0.109, train/accept_rate=0.418,               
                    train/accept_len=2.705, train/full_acc=0.449,               
                    train/position_1_acc=0.755,                                 
                    train/position_2_acc=0.521,                                 
                    train/position_3_acc=0.448,                                 
                    train/position_4_acc=0.407,                                 
                    train/position_5_acc=0.380,                                 
                    train/position_6_acc=0.325,                                 
                    train/position_7_acc=0.302,                                 
                    profile/fetch_ms=3.487,                                     
                    profile/fwd_ms=1.67e+03,                                    
                    profile/bwd_ms=119.553, profile/opt_ms=0.051,               
                    profile/step_ms=1.79e+03,                                   
                    profile/tokens_per_s=1.85e+03,                              
                    profile/fetch_frac=0.002, epoch=0,                          
                    lr/Muon=0.006, lr/AdamW=5.85e-04,                           
                    global_step=1020                                            
[08:40:27] INFO     train/confidence_loss=0.236,                  trainer.py:584
                    train/confidence_abs_error=0.131,                           
                    train/confidence_pred_mean=0.271,                           
                    train/confidence_cumprod_bias=-0.045,                       
                    train/loss=0.212, train/ce_loss=0.431,                      
                    train/tv_loss=0.083, train/accept_rate=0.538,               
                    train/accept_len=3.434, train/full_acc=0.574,               
                    train/position_1_acc=0.858,                                 
                    train/position_2_acc=0.710,                                 
                    train/position_3_acc=0.588,                                 
                    train/position_4_acc=0.536,                                 
                    train/position_5_acc=0.460,                                 
                    train/position_6_acc=0.443,                                 
                    train/position_7_acc=0.418,                                 
                    profile/fetch_ms=87.618,                                    
                    profile/fwd_ms=91.905,                                      
                    profile/bwd_ms=138.439,                                     
                    profile/opt_ms=297.293,                                     
                    profile/step_ms=615.255,                                    
                    profile/tokens_per_s=6.02e+03,                              
                    profile/fetch_frac=0.142, epoch=0,                          
                    lr/Muon=0.006, lr/AdamW=5.84e-04,                           
                    global_step=1040                                            
[08:40:46] INFO     train/confidence_loss=0.256,                  trainer.py:584
                    train/confidence_abs_error=0.135,                           
                    train/confidence_pred_mean=0.247,                           
                    train/confidence_cumprod_bias=-0.031,                       
                    train/loss=0.236, train/ce_loss=0.503,                      
                    train/tv_loss=0.092, train/accept_rate=0.500,               
                    train/accept_len=3.058, train/full_acc=0.534,               
                    train/position_1_acc=0.820,                                 
                    train/position_2_acc=0.636,                                 
                    train/position_3_acc=0.537,                                 
                    train/position_4_acc=0.466,                                 
                    train/position_5_acc=0.437,                                 
                    train/position_6_acc=0.424,                                 
                    train/position_7_acc=0.418,                                 
                    profile/fetch_ms=66.888,                                    
                    profile/fwd_ms=4.78e+03,                                    
                    profile/bwd_ms=91.996, profile/opt_ms=0.083,                
                    profile/step_ms=4.94e+03,                                   
                    profile/tokens_per_s=776.636,                               
                    profile/fetch_frac=0.014, epoch=0,                          
                    lr/Muon=0.006, lr/AdamW=5.84e-04,                           
                    global_step=1060                                            
[08:41:01] INFO     train/confidence_loss=0.240,                  trainer.py:584
                    train/confidence_abs_error=0.135,                           
                    train/confidence_pred_mean=0.298,                           
                    train/confidence_cumprod_bias=0.028,                        
                    train/loss=0.245, train/ce_loss=0.594,                      
                    train/tv_loss=0.099, train/accept_rate=0.467,               
                    train/accept_len=2.946, train/full_acc=0.495,               
                    train/position_1_acc=0.785,                                 
                    train/position_2_acc=0.597,                                 
                    train/position_3_acc=0.483,                                 
                    train/position_4_acc=0.447,                                 
                    train/position_5_acc=0.396,                                 
                    train/position_6_acc=0.373,                                 
                    train/position_7_acc=0.382,                                 
                    profile/fetch_ms=4.756,                                     
                    profile/fwd_ms=94.970, profile/bwd_ms=93.254,               
                    profile/opt_ms=0.055,                                       
                    profile/step_ms=193.034,                                    
                    profile/tokens_per_s=2.03e+04,                              
                    profile/fetch_frac=0.025, epoch=0,                          
                    lr/Muon=0.006, lr/AdamW=5.83e-04,                           
                    global_step=1080                                            
[08:41:18] INFO     train/confidence_loss=0.250,                  trainer.py:584
                    train/confidence_abs_error=0.134,                           
                    train/confidence_pred_mean=0.262,                           
                    train/confidence_cumprod_bias=0.015,                        
                    train/loss=0.258, train/ce_loss=0.628,                      
                    train/tv_loss=0.107, train/accept_rate=0.432,               
                    train/accept_len=2.709, train/full_acc=0.459,               
                    train/position_1_acc=0.777,                                 
                    train/position_2_acc=0.534,                                 
                    train/position_3_acc=0.448,                                 
                    train/position_4_acc=0.412,                                 
                    train/position_5_acc=0.359,                                 
                    train/position_6_acc=0.344,                                 
                    train/position_7_acc=0.335,                                 
                    profile/fetch_ms=75.152,                                    
                    profile/fwd_ms=4.25e+03,                                    
                    profile/bwd_ms=92.519,                                      
                    profile/opt_ms=249.787,                                     
                    profile/step_ms=4.66e+03,                                   
                    profile/tokens_per_s=870.539,                               
                    profile/fetch_frac=0.016, epoch=0,                          
                    lr/Muon=0.006, lr/AdamW=5.83e-04,                           
                    global_step=1100                                            
[08:41:29] INFO     train/confidence_loss=0.242,                  trainer.py:584
                    train/confidence_abs_error=0.122,                           
                    train/confidence_pred_mean=0.223,                           
                    train/confidence_cumprod_bias=-0.025,                       
                    train/loss=0.256, train/ce_loss=0.637,                      
                    train/tv_loss=0.106, train/accept_rate=0.432,               
                    train/accept_len=2.770, train/full_acc=0.461,               
                    train/position_1_acc=0.760,                                 
                    train/position_2_acc=0.545,                                 
                    train/position_3_acc=0.465,                                 
                    train/position_4_acc=0.407,                                 
                    train/position_5_acc=0.385,                                 
                    train/position_6_acc=0.343,                                 
                    train/position_7_acc=0.319,                                 
                    profile/fetch_ms=68.077,                                    
                    profile/fwd_ms=101.134,                                     
                    profile/bwd_ms=98.020, profile/opt_ms=0.134,                
                    profile/step_ms=267.364,                                    
                    profile/tokens_per_s=1.47e+04,                              
                    profile/fetch_frac=0.255, epoch=0,                          
                    lr/Muon=0.006, lr/AdamW=5.83e-04,                           
                    global_step=1120                                            
[08:41:46] INFO     train/confidence_loss=0.250,                  trainer.py:584
                    train/confidence_abs_error=0.137,                           
                    train/confidence_pred_mean=0.284,                           
                    train/confidence_cumprod_bias=0.035,                        
                    train/loss=0.259, train/ce_loss=0.631,                      
                    train/tv_loss=0.106, train/accept_rate=0.431,               
                    train/accept_len=2.746, train/full_acc=0.463,               
                    train/position_1_acc=0.756,                                 
                    train/position_2_acc=0.566,                                 
                    train/position_3_acc=0.463,                                 
                    train/position_4_acc=0.413,                                 
                    train/position_5_acc=0.371,                                 
                    train/position_6_acc=0.339,                                 
                    train/position_7_acc=0.334,                                 
                    profile/fetch_ms=3.390,                                     
                    profile/fwd_ms=2.69e+03,                                    
                    profile/bwd_ms=86.759, profile/opt_ms=0.044,                
                    profile/step_ms=2.78e+03,                                   
                    profile/tokens_per_s=1.46e+03,                              
                    profile/fetch_frac=0.001, epoch=0,                          
                    lr/Muon=0.006, lr/AdamW=5.82e-04,                           
                    global_step=1140                                            
[08:41:59] INFO     train/confidence_loss=0.260,                  trainer.py:584
                    train/confidence_abs_error=0.125,                           
                    train/confidence_pred_mean=0.226,                           
                    train/confidence_cumprod_bias=-0.031,                       
                    train/loss=0.248, train/ce_loss=0.544,                      
                    train/tv_loss=0.100, train/accept_rate=0.461,               
                    train/accept_len=2.896, train/full_acc=0.497,               
                    train/position_1_acc=0.809,                                 
                    train/position_2_acc=0.591,                                 
                    train/position_3_acc=0.482,                                 
                    train/position_4_acc=0.451,                                 
                    train/position_5_acc=0.416,                                 
                    train/position_6_acc=0.377,                                 
                    train/position_7_acc=0.346,                                 
                    profile/fetch_ms=72.322,                                    
                    profile/fwd_ms=93.102, profile/bwd_ms=93.104,               
                    profile/opt_ms=266.030,                                     
                    profile/step_ms=524.558,                                    
                    profile/tokens_per_s=7.33e+03,                              
                    profile/fetch_frac=0.138, epoch=0,                          
                    lr/Muon=0.006, lr/AdamW=5.82e-04,                           
                    global_step=1160                                            
[08:42:16] INFO     train/confidence_loss=0.236,                  trainer.py:584
                    train/confidence_abs_error=0.127,                           
                    train/confidence_pred_mean=0.269,                           
                    train/confidence_cumprod_bias=-0.001,                       
                    train/loss=0.239, train/ce_loss=0.566,                      
                    train/tv_loss=0.098, train/accept_rate=0.473,               
                    train/accept_len=3.011, train/full_acc=0.503,               
                    train/position_1_acc=0.793,                                 
                    train/position_2_acc=0.595,                                 
                    train/position_3_acc=0.483,                                 
                    train/position_4_acc=0.449,                                 
                    train/position_5_acc=0.428,                                 
                    train/position_6_acc=0.400,                                 
                    train/position_7_acc=0.370,                                 
                    profile/fetch_ms=74.232,                                    
                    profile/fwd_ms=6.09e+03,                                    
                    profile/bwd_ms=104.349, profile/opt_ms=0.062,               
                    profile/step_ms=6.27e+03,                                   
                    profile/tokens_per_s=623.251,                               
                    profile/fetch_frac=0.012, epoch=0,                          
                    lr/Muon=0.006, lr/AdamW=5.81e-04,                           
                    global_step=1180                                            
[08:42:31] INFO     DL_MAX_STEPS=1200 reached (local_step=1201);  trainer.py:484
                    stopping epoch early.                                       
Epoch 0   4% ╸                      1,200/28,909  [ 0:15:18 < 6:08:01 , 1 it/s ]
           INFO     Training epoch 1/1 completed                  trainer.py:736
           INFO     DL_MAX_STEPS reached — exiting after this     trainer.py:739
                    epoch (skipping checkpoint/validation).                     
[08:42:33] INFO     Destroyed distributed process group       distributed.py:182
[08:42:33] INFO     Destroyed distributed process group       distributed.py:182
[08:42:33] INFO     Destroyed distributed process group       distributed.py:182
[08:42:34] INFO     Destroyed distributed process group       distributed.py:182
