/usr/local/python3.12.13/lib/python3.12/site-packages/transformers/loss/loss_for_object_detection.py:27: UserWarning: A NumPy version >=1.22.4 and <2.3.0 is required for this version of SciPy (detected version 2.4.6)
  from scipy.optimize import linear_sum_assignment
/usr/local/python3.12.13/lib/python3.12/site-packages/transformers/loss/loss_for_object_detection.py:27: UserWarning: A NumPy version >=1.22.4 and <2.3.0 is required for this version of SciPy (detected version 2.4.6)
  from scipy.optimize import linear_sum_assignment
/usr/local/python3.12.13/lib/python3.12/site-packages/transformers/loss/loss_for_object_detection.py:27: UserWarning: A NumPy version >=1.22.4 and <2.3.0 is required for this version of SciPy (detected version 2.4.6)
  from scipy.optimize import linear_sum_assignment
/usr/local/python3.12.13/lib/python3.12/site-packages/transformers/loss/loss_for_object_detection.py:27: UserWarning: A NumPy version >=1.22.4 and <2.3.0 is required for this version of SciPy (detected version 2.4.6)
  from scipy.optimize import linear_sum_assignment
[timeout] aclrtSetOpExecuteTimeOut(0) rc=0
[timeout] aclrtSetOpExecuteTimeOut(0) rc=0
           INFO     get env TERM = xterm                      patch_getenv.py:15
[06:03:48] INFO     get env LOCAL_RANK = 0                    patch_getenv.py:15
[timeout] aclrtSetOpExecuteTimeOut(0) rc=0
[timeout] aclrtSetOpExecuteTimeOut(0) rc=0
[06:03:49] INFO     Started distributed with local_rank=1,    distributed.py:165
                    dp_size=4, sp_size=1                                        
[06:03:49] INFO     get env WORLD_SIZE = 4                    patch_getenv.py:15
           INFO     get env MASTER_ADDR =                     patch_getenv.py:15
                    localhost.localdomain                                       
           INFO     get env MASTER_PORT = 33597               patch_getenv.py:15
           INFO     get env TORCHELASTIC_USE_AGENT_STORE =    patch_getenv.py:15
                    True                                                        
           INFO     Started distributed with local_rank=0,    distributed.py:165
                    dp_size=4, sp_size=1                                        
           INFO     get env PATH =                            patch_getenv.py:15
                    /usr/local/Ascend/nnal/atb/latest/atb/cxx                   
                    _abi_1/bin:/usr/local/Ascend/cann-9.0.0/t                   
                    ools/bishengir/bin:/usr/local/Ascend/cann                   
                    -9.0.0/bin:/usr/local/Ascend/cann-9.0.0/t                   
                    ools/ccec_compiler/bin:/usr/local/Ascend/                   
                    cann-9.0.0/tools/profiler/bin:/usr/local/                   
                    Ascend/cann-9.0.0/tools/ascend_system_adv                   
                    isor/asys:/usr/local/Ascend/cann-9.0.0/to                   
                    ols/show_kernel_debug_data:/usr/local/Asc                   
                    end/cann-9.0.0/tools/msobjdump:/home/y500                   
                    63564/node_modules/.bin:/usr/local/Ascend                   
                    /nnal/atb/latest/atb/cxx_abi_1/bin:/usr/l                   
                    ocal/Ascend/nnal/atb/latest/atb/cxx_abi_1                   
                    /bin:/usr/local/Ascend/ascend-toolkit/lat                   
                    est/bin:/usr/local/Ascend/ascend-toolkit/                   
                    latest/compiler/ccec_compiler/bin:/usr/lo                   
                    cal/Ascend/ascend-toolkit/latest/tools/cc                   
                    ec_compiler/bin:/usr/local/python3.12.13/                   
                    bin:/usr/local/sbin:/usr/local/bin:/usr/s                   
                    bin:/usr/bin:/sbin:/bin:/usr/local/go/bin                   
           INFO     Loading vocab mappings from                     train.py:236
                    '/home/y50063564/data/open_perfectblend_qwen3_4             
                    b_700k/d2t.npy' and                                         
                    '/home/y50063564/data/open_perfectblend_qwen3_4             
                    b_700k/t2d.npy'                                             
           INFO     All 5 draft layers using sliding window         train.py:396
                    attention (window=2048). To use full attention              
                    on specific layers, pass                                    
                    '--full-attention-indices <layer_ids>'.                     
           WARNING  Added <|MASK|> to tokenizer,                     utils.py:49
                    mask_token_id=151669 (tokenizer len=151670,                 
                    vocab_size=151936)                                          
[06:03:50] INFO     Started distributed with local_rank=2,    distributed.py:165
                    dp_size=4, sp_size=1                                        
[06:03:50] INFO     Started distributed with local_rank=3,    distributed.py:165
                    dp_size=4, sp_size=1                                        
2026-09-11 06:04:03.528 | INFO     | speculators.utils.loading:_resolve_file:136 - Loading from local directory: /home/y50063564/Qwen3-4B
2026-09-11 06:04:03.529 | WARNING  | speculators.utils.loading:load_model_layers:104 - Tensor 'lm_head.weight' not found in weight_map.
2026-09-11 06:04:03.529 | INFO     | speculators.utils.loading:_resolve_file:136 - Loading from local directory: /home/y50063564/Qwen3-4B
2026-09-11 06:04:03.530 | INFO     | speculators.utils.loading:_resolve_file:136 - Loading from local directory: /home/y50063564/Qwen3-4B
2026-09-11 06:04:03.542 | INFO     | speculators.utils.loading:_resolve_file:136 - Loading from local directory: /home/y50063564/Qwen3-4B
2026-09-11 06:04:03.543 | WARNING  | speculators.utils.loading:load_model_layers:104 - Tensor 'lm_head.weight' not found in weight_map.
2026-09-11 06:04:03.543 | INFO     | speculators.utils.loading:_resolve_file:136 - Loading from local directory: /home/y50063564/Qwen3-4B
2026-09-11 06:04:03.545 | INFO     | speculators.utils.loading:_resolve_file:136 - Loading from local directory: /home/y50063564/Qwen3-4B
2026-09-11 06:04:04.428 | INFO     | speculators.utils.loading:_resolve_file:136 - Loading from local directory: /home/y50063564/Qwen3-4B
2026-09-11 06:04:04.429 | WARNING  | speculators.utils.loading:load_model_layers:104 - Tensor 'lm_head.weight' not found in weight_map.
2026-09-11 06:04:04.429 | INFO     | speculators.utils.loading:_resolve_file:136 - Loading from local directory: /home/y50063564/Qwen3-4B
2026-09-11 06:04:04.431 | INFO     | speculators.utils.loading:_resolve_file:136 - Loading from local directory: /home/y50063564/Qwen3-4B
2026-09-11 06:04:04.719 | INFO     | speculators.utils.loading:_resolve_file:136 - Loading from local directory: /home/y50063564/Qwen3-4B
2026-09-11 06:04:04.720 | WARNING  | speculators.utils.loading:load_model_layers:104 - Tensor 'lm_head.weight' not found in weight_map.
2026-09-11 06:04:04.720 | INFO     | speculators.utils.loading:_resolve_file:136 - Loading from local directory: /home/y50063564/Qwen3-4B
2026-09-11 06:04:04.721 | INFO     | speculators.utils.loading:_resolve_file:136 - Loading from local directory: /home/y50063564/Qwen3-4B
[06:04:16] INFO     get env SAMP_SEED = 42                    patch_getenv.py:15
           INFO     get env DL_IN_ORDER = 1                   patch_getenv.py:15
           INFO     No previous training checkpoint found in      trainer.py:299
                    '/home/y50063564/dataloader_diag/exp/E3_w4_pf               
                    4/checkpoints'. Starting fresh training run.                
[06:04:22] INFO     Muon optimizer: 39 2D params via Muon, 23   optimizers.py:76
                    params via AdamW.                                           
           INFO     get env SAMP_BALANCE = off                patch_getenv.py:15
[timeout] aclrtSetOpExecuteTimeOut(0) rc=0
[06:04:27] INFO     Training epoch 1/1 started                    trainer.py:734
[timeout] aclrtSetOpExecuteTimeOut(0) rc=0
[timeout] aclrtSetOpExecuteTimeOut(0) rc=0
[timeout] aclrtSetOpExecuteTimeOut(0) rc=0
/usr/local/python3.12.13/lib/python3.12/site-packages/torch/_dynamo/_trace_wrapped_higher_order_op.py:147: UserWarning: Cannot create tensor with interal format while allow_internel_format=False, tensor will be created with base format. (Triggered internally at ../torch_npu/csrc/aten/common/TensorFactories.cpp:340.)
  return func(*args, **(kwargs or {}))
/usr/local/python3.12.13/lib/python3.12/site-packages/torch/_dynamo/_trace_wrapped_higher_order_op.py:147: UserWarning: Cannot create tensor with interal format while allow_internel_format=False, tensor will be created with base format. (Triggered internally at ../torch_npu/csrc/aten/common/TensorFactories.cpp:340.)
  return func(*args, **(kwargs or {}))
/usr/local/python3.12.13/lib/python3.12/site-packages/torch/_dynamo/_trace_wrapped_higher_order_op.py:147: UserWarning: Cannot create tensor with interal format while allow_internel_format=False, tensor will be created with base format. (Triggered internally at ../torch_npu/csrc/aten/common/TensorFactories.cpp:340.)
  return func(*args, **(kwargs or {}))
/usr/local/python3.12.13/lib/python3.12/site-packages/torch/_dynamo/_trace_wrapped_higher_order_op.py:147: UserWarning: Cannot create tensor with interal format while allow_internel_format=False, tensor will be created with base format. (Triggered internally at ../torch_npu/csrc/aten/common/TensorFactories.cpp:340.)
  return func(*args, **(kwargs or {}))
[06:04:33] INFO     train/confidence_loss=0.457,                  trainer.py:584
                    train/confidence_abs_error=0.325,                           
                    train/confidence_pred_mean=0.326,                           
                    train/confidence_cumprod_bias=0.192,                        
                    train/loss=0.613, train/ce_loss=2.362,                      
                    train/tv_loss=0.214,                                        
                    train/accept_rate=3.34e-04,                                 
                    train/accept_len=1.000,                                     
                    train/full_acc=0.00e+00,                                    
                    train/position_1_acc=0.00e+00,                              
                    train/position_2_acc=0.00e+00,                              
                    train/position_3_acc=0.00e+00,                              
                    train/position_4_acc=0.00e+00,                              
                    train/position_5_acc=0.00e+00,                              
                    train/position_6_acc=0.00e+00,                              
                    train/position_7_acc=0.00e+00,                              
                    profile/fetch_ms=4.35e+03,                                  
                    profile/fwd_ms=1.56e+03,                                    
                    profile/bwd_ms=331.024, profile/opt_ms=0.156,               
                    profile/step_ms=6.24e+03,                                   
                    profile/tokens_per_s=655.190,                               
                    profile/fetch_frac=0.696, epoch=0,                          
                    lr/Muon=0.00e+00, lr/AdamW=0.00e+00,                        
                    global_step=0                                               
[06:04:48] INFO     train/confidence_loss=0.059,                  trainer.py:584
                    train/confidence_abs_error=0.058,                           
                    train/confidence_pred_mean=0.058,                           
                    train/confidence_cumprod_bias=0.017,                        
                    train/loss=0.444, train/ce_loss=2.275,                      
                    train/tv_loss=0.214,                                        
                    train/accept_rate=3.92e-04,                                 
                    train/accept_len=1.000,                                     
                    train/full_acc=0.00e+00,                                    
                    train/position_1_acc=0.00e+00,                              
                    train/position_2_acc=0.00e+00,                              
                    train/position_3_acc=0.00e+00,                              
                    train/position_4_acc=0.00e+00,                              
                    train/position_5_acc=0.00e+00,                              
                    train/position_6_acc=0.00e+00,                              
                    train/position_7_acc=0.00e+00,                              
                    profile/fetch_ms=93.761,                                    
                    profile/fwd_ms=1.11e+03,                                    
                    profile/bwd_ms=95.940,                                      
                    profile/opt_ms=253.035,                                     
                    profile/step_ms=1.55e+03,                                   
                    profile/tokens_per_s=2.49e+03,                              
                    profile/fetch_frac=0.061, epoch=0,                          
                    lr/Muon=4.37e-04, lr/AdamW=4.37e-05,                        
                    global_step=20                                              
[06:05:06] INFO     train/confidence_loss=0.172,                  trainer.py:584
                    train/confidence_abs_error=0.025,                           
                    train/confidence_pred_mean=4.64e-04,                        
                    train/confidence_cumprod_bias=-0.007,                       
                    train/loss=0.412, train/ce_loss=1.594,                      
                    train/tv_loss=0.205, train/accept_rate=0.044,               
                    train/accept_len=1.049, train/full_acc=0.083,               
                    train/position_1_acc=0.080,                                 
                    train/position_2_acc=0.087,                                 
                    train/position_3_acc=0.083,                                 
                    train/position_4_acc=0.076,                                 
                    train/position_5_acc=0.084,                                 
                    train/position_6_acc=0.087,                                 
                    train/position_7_acc=0.084,                                 
                    profile/fetch_ms=79.761,                                    
                    profile/fwd_ms=658.773,                                     
                    profile/bwd_ms=93.459, profile/opt_ms=0.054,                
                    profile/step_ms=832.048,                                    
                    profile/tokens_per_s=4.34e+03,                              
                    profile/fetch_frac=0.096, epoch=0,                          
                    lr/Muon=8.12e-04, lr/AdamW=8.12e-05,                        
                    global_step=40                                              
[06:05:23] INFO     train/confidence_loss=0.125,                  trainer.py:584
                    train/confidence_abs_error=0.042,                           
                    train/confidence_pred_mean=0.026,                           
                    train/confidence_cumprod_bias=-0.003,                       
                    train/loss=0.366, train/ce_loss=1.356,                      
                    train/tv_loss=0.200, train/accept_rate=0.064,               
                    train/accept_len=1.071, train/full_acc=0.113,               
                    train/position_1_acc=0.101,                                 
                    train/position_2_acc=0.135,                                 
                    train/position_3_acc=0.109,                                 
                    train/position_4_acc=0.115,                                 
                    train/position_5_acc=0.101,                                 
                    train/position_6_acc=0.116,                                 
                    train/position_7_acc=0.117,                                 
                    profile/fetch_ms=91.354,                                    
                    profile/fwd_ms=821.425,                                     
                    profile/bwd_ms=94.414, profile/opt_ms=0.038,                
                    profile/step_ms=1.01e+03,                                   
                    profile/tokens_per_s=3.88e+03,                              
                    profile/fetch_frac=0.091, epoch=0,                          
                    lr/Muon=0.001, lr/AdamW=1.25e-04,                           
                    global_step=60                                              
[06:05:41] INFO     train/confidence_loss=0.146,                  trainer.py:584
                    train/confidence_abs_error=0.042,                           
                    train/confidence_pred_mean=0.013,                           
                    train/confidence_cumprod_bias=-0.010,                       
                    train/loss=0.381, train/ce_loss=1.444,                      
                    train/tv_loss=0.199, train/accept_rate=0.070,               
                    train/accept_len=1.092, train/full_acc=0.095,               
                    train/position_1_acc=0.105,                                 
                    train/position_2_acc=0.086,                                 
                    train/position_3_acc=0.094,                                 
                    train/position_4_acc=0.079,                                 
                    train/position_5_acc=0.107,                                 
                    train/position_6_acc=0.100,                                 
                    train/position_7_acc=0.099,                                 
                    profile/fetch_ms=61.638,                                    
                    profile/fwd_ms=1.15e+03,                                    
                    profile/bwd_ms=94.703,                                      
                    profile/opt_ms=364.944,                                     
                    profile/step_ms=1.67e+03,                                   
                    profile/tokens_per_s=2.33e+03,                              
                    profile/fetch_frac=0.037, epoch=0,                          
                    lr/Muon=0.002, lr/AdamW=1.69e-04,                           
                    global_step=80                                              
[06:05:58] INFO     train/confidence_loss=0.197,                  trainer.py:584
                    train/confidence_abs_error=0.120,                           
                    train/confidence_pred_mean=0.124,                           
                    train/confidence_cumprod_bias=0.020,                        
                    train/loss=0.381, train/ce_loss=1.337,                      
                    train/tv_loss=0.187, train/accept_rate=0.123,               
                    train/accept_len=1.220, train/full_acc=0.147,               
                    train/position_1_acc=0.153,                                 
                    train/position_2_acc=0.154,                                 
                    train/position_3_acc=0.145,                                 
                    train/position_4_acc=0.148,                                 
                    train/position_5_acc=0.141,                                 
                    train/position_6_acc=0.135,                                 
                    train/position_7_acc=0.153,                                 
                    profile/fetch_ms=77.250,                                    
                    profile/fwd_ms=761.881,                                     
                    profile/bwd_ms=92.538, profile/opt_ms=0.051,                
                    profile/step_ms=931.720,                                    
                    profile/tokens_per_s=4.35e+03,                              
                    profile/fetch_frac=0.083, epoch=0,                          
                    lr/Muon=0.002, lr/AdamW=2.06e-04,                           
                    global_step=100                                             
[06:06:16] INFO     train/confidence_loss=0.242,                  trainer.py:584
                    train/confidence_abs_error=0.090,                           
                    train/confidence_pred_mean=0.040,                           
                    train/confidence_cumprod_bias=-0.028,                       
                    train/loss=0.388, train/ce_loss=1.300,                      
                    train/tv_loss=0.179, train/accept_rate=0.161,               
                    train/accept_len=1.280, train/full_acc=0.192,               
                    train/position_1_acc=0.205,                                 
                    train/position_2_acc=0.197,                                 
                    train/position_3_acc=0.190,                                 
                    train/position_4_acc=0.199,                                 
                    train/position_5_acc=0.198,                                 
                    train/position_6_acc=0.178,                                 
                    train/position_7_acc=0.177,                                 
                    profile/fetch_ms=36.856,                                    
                    profile/fwd_ms=2.44e+03,                                    
                    profile/bwd_ms=124.934, profile/opt_ms=0.064,               
                    profile/step_ms=2.60e+03,                                   
                    profile/tokens_per_s=1.56e+03,                              
                    profile/fetch_frac=0.014, epoch=0,                          
                    lr/Muon=0.002, lr/AdamW=2.50e-04,                           
                    global_step=120                                             
[06:06:34] INFO     train/confidence_loss=0.239,                  trainer.py:584
                    train/confidence_abs_error=0.097,                           
                    train/confidence_pred_mean=0.052,                           
                    train/confidence_cumprod_bias=-0.032,                       
                    train/loss=0.380, train/ce_loss=1.275,                      
                    train/tv_loss=0.173, train/accept_rate=0.183,               
                    train/accept_len=1.356, train/full_acc=0.223,               
                    train/position_1_acc=0.241,                                 
                    train/position_2_acc=0.222,                                 
                    train/position_3_acc=0.234,                                 
                    train/position_4_acc=0.202,                                 
                    train/position_5_acc=0.210,                                 
                    train/position_6_acc=0.233,                                 
                    train/position_7_acc=0.216,                                 
                    profile/fetch_ms=67.585,                                    
                    profile/fwd_ms=1.80e+03,                                    
                    profile/bwd_ms=93.822,                                      
                    profile/opt_ms=235.823,                                     
                    profile/step_ms=2.20e+03,                                   
                    profile/tokens_per_s=1.78e+03,                              
                    profile/fetch_frac=0.031, epoch=0,                          
                    lr/Muon=0.003, lr/AdamW=2.94e-04,                           
                    global_step=140                                             
[06:06:49] INFO     train/confidence_loss=0.248,                  trainer.py:584
                    train/confidence_abs_error=0.145,                           
                    train/confidence_pred_mean=0.177,                           
                    train/confidence_cumprod_bias=0.023,                        
                    train/loss=0.366, train/ce_loss=1.150,                      
                    train/tv_loss=0.168, train/accept_rate=0.212,               
                    train/accept_len=1.393, train/full_acc=0.248,               
                    train/position_1_acc=0.259,                                 
                    train/position_2_acc=0.259,                                 
                    train/position_3_acc=0.245,                                 
                    train/position_4_acc=0.258,                                 
                    train/position_5_acc=0.254,                                 
                    train/position_6_acc=0.230,                                 
                    train/position_7_acc=0.227,                                 
                    profile/fetch_ms=75.864,                                    
                    profile/fwd_ms=1.20e+03,                                    
                    profile/bwd_ms=90.965, profile/opt_ms=0.035,                
                    profile/step_ms=1.37e+03,                                   
                    profile/tokens_per_s=2.89e+03,                              
                    profile/fetch_frac=0.055, epoch=0,                          
                    lr/Muon=0.003, lr/AdamW=3.31e-04,                           
                    global_step=160                                             
[06:07:07] INFO     train/confidence_loss=0.238,                  trainer.py:584
                    train/confidence_abs_error=0.108,                           
                    train/confidence_pred_mean=0.089,                           
                    train/confidence_cumprod_bias=-0.033,                       
                    train/loss=0.361, train/ce_loss=1.163,                      
                    train/tv_loss=0.166, train/accept_rate=0.208,               
                    train/accept_len=1.529, train/full_acc=0.247,               
                    train/position_1_acc=0.314,                                 
                    train/position_2_acc=0.269,                                 
                    train/position_3_acc=0.250,                                 
                    train/position_4_acc=0.234,                                 
                    train/position_5_acc=0.214,                                 
                    train/position_6_acc=0.221,                                 
                    train/position_7_acc=0.227,                                 
                    profile/fetch_ms=21.090,                                    
                    profile/fwd_ms=103.410,                                     
                    profile/bwd_ms=91.496, profile/opt_ms=0.030,                
                    profile/step_ms=216.026,                                    
                    profile/tokens_per_s=1.54e+04,                              
                    profile/fetch_frac=0.098, epoch=0,                          
                    lr/Muon=0.004, lr/AdamW=3.75e-04,                           
                    global_step=180                                             
[06:07:24] INFO     train/confidence_loss=0.247,                  trainer.py:584
                    train/confidence_abs_error=0.106,                           
                    train/confidence_pred_mean=0.101,                           
                    train/confidence_cumprod_bias=-0.030,                       
                    train/loss=0.355, train/ce_loss=1.100,                      
                    train/tv_loss=0.163, train/accept_rate=0.213,               
                    train/accept_len=1.589, train/full_acc=0.259,               
                    train/position_1_acc=0.368,                                 
                    train/position_2_acc=0.318,                                 
                    train/position_3_acc=0.234,                                 
                    train/position_4_acc=0.227,                                 
                    train/position_5_acc=0.231,                                 
                    train/position_6_acc=0.213,                                 
                    train/position_7_acc=0.224,                                 
                    profile/fetch_ms=74.236,                                    
                    profile/fwd_ms=666.544,                                     
                    profile/bwd_ms=93.828,                                      
                    profile/opt_ms=322.430,                                     
                    profile/step_ms=1.16e+03,                                   
                    profile/tokens_per_s=3.22e+03,                              
                    profile/fetch_frac=0.064, epoch=0,                          
                    lr/Muon=0.004, lr/AdamW=4.19e-04,                           
                    global_step=200                                             
[06:07:40] INFO     train/confidence_loss=0.266,                  trainer.py:584
                    train/confidence_abs_error=0.151,                           
                    train/confidence_pred_mean=0.188,                           
                    train/confidence_cumprod_bias=0.029,                        
                    train/loss=0.366, train/ce_loss=1.131,                      
                    train/tv_loss=0.163, train/accept_rate=0.206,               
                    train/accept_len=1.592, train/full_acc=0.227,               
                    train/position_1_acc=0.398,                                 
                    train/position_2_acc=0.254,                                 
                    train/position_3_acc=0.208,                                 
                    train/position_4_acc=0.192,                                 
                    train/position_5_acc=0.188,                                 
                    train/position_6_acc=0.181,                                 
                    train/position_7_acc=0.169,                                 
                    profile/fetch_ms=73.932,                                    
                    profile/fwd_ms=1.39e+03,                                    
                    profile/bwd_ms=92.818, profile/opt_ms=0.028,                
                    profile/step_ms=1.56e+03,                                   
                    profile/tokens_per_s=2.42e+03,                              
                    profile/fetch_frac=0.048, epoch=0,                          
                    lr/Muon=0.005, lr/AdamW=4.56e-04,                           
                    global_step=220                                             
[06:07:57] INFO     train/confidence_loss=0.228,                  trainer.py:584
                    train/confidence_abs_error=0.100,                           
                    train/confidence_pred_mean=0.096,                           
                    train/confidence_cumprod_bias=-0.040,                       
                    train/loss=0.339, train/ce_loss=1.056,                      
                    train/tv_loss=0.159, train/accept_rate=0.218,               
                    train/accept_len=1.738, train/full_acc=0.255,               
                    train/position_1_acc=0.480,                                 
                    train/position_2_acc=0.273,                                 
                    train/position_3_acc=0.230,                                 
                    train/position_4_acc=0.213,                                 
                    train/position_5_acc=0.213,                                 
                    train/position_6_acc=0.189,                                 
                    train/position_7_acc=0.184,                                 
                    profile/fetch_ms=82.333,                                    
                    profile/fwd_ms=95.267, profile/bwd_ms=90.929,               
                    profile/opt_ms=0.076,                                       
                    profile/step_ms=268.605,                                    
                    profile/tokens_per_s=1.40e+04,                              
                    profile/fetch_frac=0.307, epoch=0,                          
                    lr/Muon=0.005, lr/AdamW=5.00e-04,                           
                    global_step=240                                             
[06:08:15] INFO     train/confidence_loss=0.256,                  trainer.py:584
                    train/confidence_abs_error=0.111,                           
                    train/confidence_pred_mean=0.133,                           
                    train/confidence_cumprod_bias=-0.048,                       
                    train/loss=0.306, train/ce_loss=0.838,                      
                    train/tv_loss=0.135, train/accept_rate=0.311,               
                    train/accept_len=2.165, train/full_acc=0.349,               
                    train/position_1_acc=0.611,                                 
                    train/position_2_acc=0.443,                                 
                    train/position_3_acc=0.302,                                 
                    train/position_4_acc=0.298,                                 
                    train/position_5_acc=0.268,                                 
                    train/position_6_acc=0.270,                                 
                    train/position_7_acc=0.247,                                 
                    profile/fetch_ms=88.230,                                    
                    profile/fwd_ms=3.37e+03,                                    
                    profile/bwd_ms=110.194,                                     
                    profile/opt_ms=268.479,                                     
                    profile/step_ms=3.84e+03,                                   
                    profile/tokens_per_s=968.995,                               
                    profile/fetch_frac=0.023, epoch=0,                          
                    lr/Muon=0.005, lr/AdamW=5.44e-04,                           
                    global_step=260                                             
[06:08:31] INFO     train/confidence_loss=0.212,                  trainer.py:584
                    train/confidence_abs_error=0.109,                           
                    train/confidence_pred_mean=0.154,                           
                    train/confidence_cumprod_bias=0.024,                        
                    train/loss=0.341, train/ce_loss=1.150,                      
                    train/tv_loss=0.157, train/accept_rate=0.219,               
                    train/accept_len=1.745, train/full_acc=0.257,               
                    train/position_1_acc=0.491,                                 
                    train/position_2_acc=0.287,                                 
                    train/position_3_acc=0.241,                                 
                    train/position_4_acc=0.181,                                 
                    train/position_5_acc=0.206,                                 
                    train/position_6_acc=0.203,                                 
                    train/position_7_acc=0.191,                                 
                    profile/fetch_ms=69.109,                                    
                    profile/fwd_ms=1.94e+03,                                    
                    profile/bwd_ms=93.928, profile/opt_ms=0.077,                
                    profile/step_ms=2.10e+03,                                   
                    profile/tokens_per_s=1.83e+03,                              
                    profile/fetch_frac=0.033, epoch=0,                          
                    lr/Muon=0.006, lr/AdamW=5.81e-04,                           
                    global_step=280                                             
[06:08:47] INFO     train/confidence_loss=0.260,                  trainer.py:584
                    train/confidence_abs_error=0.122,                           
                    train/confidence_pred_mean=0.154,                           
                    train/confidence_cumprod_bias=-0.049,                       
                    train/loss=0.283, train/ce_loss=0.706,                      
                    train/tv_loss=0.121, train/accept_rate=0.371,               
                    train/accept_len=2.417, train/full_acc=0.411,               
                    train/position_1_acc=0.691,                                 
                    train/position_2_acc=0.484,                                 
                    train/position_3_acc=0.406,                                 
                    train/position_4_acc=0.355,                                 
                    train/position_5_acc=0.328,                                 
                    train/position_6_acc=0.308,                                 
                    train/position_7_acc=0.303,                                 
                    profile/fetch_ms=3.284,                                     
                    profile/fwd_ms=1.20e+03,                                    
                    profile/bwd_ms=91.825, profile/opt_ms=0.057,                
                    profile/step_ms=1.29e+03,                                   
                    profile/tokens_per_s=2.95e+03,                              
                    profile/fetch_frac=0.003, epoch=0,                          
                    lr/Muon=0.006, lr/AdamW=6.00e-04,                           
                    global_step=300                                             
[06:09:04] INFO     train/confidence_loss=0.260,                  trainer.py:584
                    train/confidence_abs_error=0.104,                           
                    train/confidence_pred_mean=0.100,                           
                    train/confidence_cumprod_bias=-0.033,                       
                    train/loss=0.328, train/ce_loss=0.938,                      
                    train/tv_loss=0.144, train/accept_rate=0.270,               
                    train/accept_len=1.918, train/full_acc=0.300,               
                    train/position_1_acc=0.587,                                 
                    train/position_2_acc=0.330,                                 
                    train/position_3_acc=0.289,                                 
                    train/position_4_acc=0.246,                                 
                    train/position_5_acc=0.225,                                 
                    train/position_6_acc=0.212,                                 
                    train/position_7_acc=0.208,                                 
                    profile/fetch_ms=70.694,                                    
                    profile/fwd_ms=1.68e+03,                                    
                    profile/bwd_ms=100.695,                                     
                    profile/opt_ms=777.689,                                     
                    profile/step_ms=2.62e+03,                                   
                    profile/tokens_per_s=1.44e+03,                              
                    profile/fetch_frac=0.027, epoch=0,                          
                    lr/Muon=0.006, lr/AdamW=5.99e-04,                           
                    global_step=320                                             
[06:09:20] INFO     train/confidence_loss=0.246,                  trainer.py:584
                    train/confidence_abs_error=0.136,                           
                    train/confidence_pred_mean=0.245,                           
                    train/confidence_cumprod_bias=0.050,                        
                    train/loss=0.291, train/ce_loss=0.791,                      
                    train/tv_loss=0.125, train/accept_rate=0.347,               
                    train/accept_len=2.338, train/full_acc=0.381,               
                    train/position_1_acc=0.689,                                 
                    train/position_2_acc=0.440,                                 
                    train/position_3_acc=0.364,                                 
                    train/position_4_acc=0.323,                                 
                    train/position_5_acc=0.312,                                 
                    train/position_6_acc=0.280,                                 
                    train/position_7_acc=0.258,                                 
                    profile/fetch_ms=73.512,                                    
                    profile/fwd_ms=1.52e+03,                                    
                    profile/bwd_ms=93.809, profile/opt_ms=0.035,                
                    profile/step_ms=1.69e+03,                                   
                    profile/tokens_per_s=2.29e+03,                              
                    profile/fetch_frac=0.044, epoch=0,                          
                    lr/Muon=0.006, lr/AdamW=5.99e-04,                           
                    global_step=340                                             
[06:09:38] INFO     train/confidence_loss=0.249,                  trainer.py:584
                    train/confidence_abs_error=0.117,                           
                    train/confidence_pred_mean=0.150,                           
                    train/confidence_cumprod_bias=-0.033,                       
                    train/loss=0.297, train/ce_loss=0.825,                      
                    train/tv_loss=0.130, train/accept_rate=0.327,               
                    train/accept_len=2.229, train/full_acc=0.361,               
                    train/position_1_acc=0.665,                                 
                    train/position_2_acc=0.430,                                 
                    train/position_3_acc=0.338,                                 
                    train/position_4_acc=0.297,                                 
                    train/position_5_acc=0.265,                                 
                    train/position_6_acc=0.258,                                 
                    train/position_7_acc=0.268,                                 
                    profile/fetch_ms=27.115,                                    
                    profile/fwd_ms=1.95e+03,                                    
                    profile/bwd_ms=91.681, profile/opt_ms=0.040,                
                    profile/step_ms=2.07e+03,                                   
                    profile/tokens_per_s=1.89e+03,                              
                    profile/fetch_frac=0.013, epoch=0,                          
                    lr/Muon=0.006, lr/AdamW=5.98e-04,                           
                    global_step=360                                             
[06:09:54] INFO     train/confidence_loss=0.231,                  trainer.py:584
                    train/confidence_abs_error=0.109,                           
                    train/confidence_pred_mean=0.153,                           
                    train/confidence_cumprod_bias=-0.030,                       
                    train/loss=0.300, train/ce_loss=0.875,                      
                    train/tv_loss=0.133, train/accept_rate=0.323,               
                    train/accept_len=2.246, train/full_acc=0.363,               
                    train/position_1_acc=0.668,                                 
                    train/position_2_acc=0.409,                                 
                    train/position_3_acc=0.332,                                 
                    train/position_4_acc=0.295,                                 
                    train/position_5_acc=0.305,                                 
                    train/position_6_acc=0.282,                                 
                    train/position_7_acc=0.248,                                 
                    profile/fetch_ms=72.339,                                    
                    profile/fwd_ms=2.12e+03,                                    
                    profile/bwd_ms=95.258,                                      
                    profile/opt_ms=235.938,                                     
                    profile/step_ms=2.52e+03,                                   
                    profile/tokens_per_s=1.54e+03,                              
                    profile/fetch_frac=0.029, epoch=0,                          
                    lr/Muon=0.006, lr/AdamW=5.98e-04,                           
                    global_step=380                                             
[06:10:11] INFO     train/confidence_loss=0.250,                  trainer.py:584
                    train/confidence_abs_error=0.140,                           
                    train/confidence_pred_mean=0.247,                           
                    train/confidence_cumprod_bias=0.047,                        
                    train/loss=0.306, train/ce_loss=0.863,                      
                    train/tv_loss=0.131, train/accept_rate=0.324,               
                    train/accept_len=2.227, train/full_acc=0.352,               
                    train/position_1_acc=0.637,                                 
                    train/position_2_acc=0.412,                                 
                    train/position_3_acc=0.352,                                 
                    train/position_4_acc=0.292,                                 
                    train/position_5_acc=0.274,                                 
                    train/position_6_acc=0.261,                                 
                    train/position_7_acc=0.236,                                 
                    profile/fetch_ms=71.320,                                    
                    profile/fwd_ms=2.58e+03,                                    
                    profile/bwd_ms=93.175, profile/opt_ms=0.030,                
                    profile/step_ms=2.74e+03,                                   
                    profile/tokens_per_s=1.44e+03,                              
                    profile/fetch_frac=0.026, epoch=0,                          
                    lr/Muon=0.006, lr/AdamW=5.98e-04,                           
                    global_step=400                                             
[06:10:28] INFO     train/confidence_loss=0.250,                  trainer.py:584
                    train/confidence_abs_error=0.118,                           
                    train/confidence_pred_mean=0.161,                           
                    train/confidence_cumprod_bias=-0.012,                       
                    train/loss=0.298, train/ce_loss=0.797,                      
                    train/tv_loss=0.131, train/accept_rate=0.323,               
                    train/accept_len=2.177, train/full_acc=0.360,               
                    train/position_1_acc=0.657,                                 
                    train/position_2_acc=0.443,                                 
                    train/position_3_acc=0.364,                                 
                    train/position_4_acc=0.293,                                 
                    train/position_5_acc=0.287,                                 
                    train/position_6_acc=0.243,                                 
                    train/position_7_acc=0.229,                                 
                    profile/fetch_ms=33.543,                                    
                    profile/fwd_ms=2.21e+03,                                    
                    profile/bwd_ms=93.178, profile/opt_ms=0.032,                
                    profile/step_ms=2.34e+03,                                   
                    profile/tokens_per_s=1.54e+03,                              
                    profile/fetch_frac=0.014, epoch=0,                          
                    lr/Muon=0.006, lr/AdamW=5.97e-04,                           
                    global_step=420                                             
[06:10:47] INFO     train/confidence_loss=0.229,                  trainer.py:584
                    train/confidence_abs_error=0.109,                           
                    train/confidence_pred_mean=0.151,                           
                    train/confidence_cumprod_bias=-0.018,                       
                    train/loss=0.309, train/ce_loss=0.944,                      
                    train/tv_loss=0.137, train/accept_rate=0.301,               
                    train/accept_len=2.123, train/full_acc=0.333,               
                    train/position_1_acc=0.610,                                 
                    train/position_2_acc=0.378,                                 
                    train/position_3_acc=0.305,                                 
                    train/position_4_acc=0.303,                                 
                    train/position_5_acc=0.253,                                 
                    train/position_6_acc=0.251,                                 
                    train/position_7_acc=0.228,                                 
                    profile/fetch_ms=71.607,                                    
                    profile/fwd_ms=3.17e+03,                                    
                    profile/bwd_ms=99.620,                                      
                    profile/opt_ms=264.811,                                     
                    profile/step_ms=3.60e+03,                                   
                    profile/tokens_per_s=1.13e+03,                              
                    profile/fetch_frac=0.020, epoch=0,                          
                    lr/Muon=0.006, lr/AdamW=5.97e-04,                           
                    global_step=440                                             
[06:11:03] INFO     train/confidence_loss=0.246,                  trainer.py:584
                    train/confidence_abs_error=0.133,                           
                    train/confidence_pred_mean=0.234,                           
                    train/confidence_cumprod_bias=0.013,                        
                    train/loss=0.281, train/ce_loss=0.744,                      
                    train/tv_loss=0.120, train/accept_rate=0.362,               
                    train/accept_len=2.445, train/full_acc=0.396,               
                    train/position_1_acc=0.726,                                 
                    train/position_2_acc=0.487,                                 
                    train/position_3_acc=0.413,                                 
                    train/position_4_acc=0.338,                                 
                    train/position_5_acc=0.288,                                 
                    train/position_6_acc=0.280,                                 
                    train/position_7_acc=0.242,                                 
                    profile/fetch_ms=112.659,                                   
                    profile/fwd_ms=2.30e+03,                                    
                    profile/bwd_ms=85.591, profile/opt_ms=0.026,                
                    profile/step_ms=2.50e+03,                                   
                    profile/tokens_per_s=1.60e+03,                              
                    profile/fetch_frac=0.045, epoch=0,                          
                    lr/Muon=0.006, lr/AdamW=5.96e-04,                           
                    global_step=460                                             
[06:11:19] INFO     train/confidence_loss=0.244,                  trainer.py:584
                    train/confidence_abs_error=0.119,                           
                    train/confidence_pred_mean=0.170,                           
                    train/confidence_cumprod_bias=-0.026,                       
                    train/loss=0.292, train/ce_loss=0.800,                      
                    train/tv_loss=0.127, train/accept_rate=0.340,               
                    train/accept_len=2.297, train/full_acc=0.379,               
                    train/position_1_acc=0.695,                                 
                    train/position_2_acc=0.429,                                 
                    train/position_3_acc=0.369,                                 
                    train/position_4_acc=0.320,                                 
                    train/position_5_acc=0.306,                                 
                    train/position_6_acc=0.260,                                 
                    train/position_7_acc=0.270,                                 
                    profile/fetch_ms=26.383,                                    
                    profile/fwd_ms=2.37e+03,                                    
                    profile/bwd_ms=130.536, profile/opt_ms=0.057,               
                    profile/step_ms=2.53e+03,                                   
                    profile/tokens_per_s=1.45e+03,                              
                    profile/fetch_frac=0.010, epoch=0,                          
                    lr/Muon=0.006, lr/AdamW=5.96e-04,                           
                    global_step=480                                             
[06:11:36] INFO     train/confidence_loss=0.248,                  trainer.py:584
                    train/confidence_abs_error=0.122,                           
                    train/confidence_pred_mean=0.202,                           
                    train/confidence_cumprod_bias=-0.012,                       
                    train/loss=0.266, train/ce_loss=0.650,                      
                    train/tv_loss=0.112, train/accept_rate=0.399,               
                    train/accept_len=2.613, train/full_acc=0.434,               
                    train/position_1_acc=0.772,                                 
                    train/position_2_acc=0.539,                                 
                    train/position_3_acc=0.433,                                 
                    train/position_4_acc=0.368,                                 
                    train/position_5_acc=0.348,                                 
                    train/position_6_acc=0.291,                                 
                    train/position_7_acc=0.285,                                 
                    profile/fetch_ms=75.886,                                    
                    profile/fwd_ms=2.68e+03,                                    
                    profile/bwd_ms=92.748,                                      
                    profile/opt_ms=305.740,                                     
                    profile/step_ms=3.15e+03,                                   
                    profile/tokens_per_s=1.17e+03,                              
                    profile/fetch_frac=0.024, epoch=0,                          
                    lr/Muon=0.006, lr/AdamW=5.96e-04,                           
                    global_step=500                                             
[06:11:51] INFO     train/confidence_loss=0.277,                  trainer.py:584
                    train/confidence_abs_error=0.139,                           
                    train/confidence_pred_mean=0.175,                           
                    train/confidence_cumprod_bias=-0.050,                       
                    train/loss=0.286, train/ce_loss=0.700,                      
                    train/tv_loss=0.116, train/accept_rate=0.386,               
                    train/accept_len=2.455, train/full_acc=0.422,               
                    train/position_1_acc=0.752,                                 
                    train/position_2_acc=0.514,                                 
                    train/position_3_acc=0.419,                                 
                    train/position_4_acc=0.355,                                 
                    train/position_5_acc=0.335,                                 
                    train/position_6_acc=0.275,                                 
                    train/position_7_acc=0.303,                                 
                    profile/fetch_ms=69.405,                                    
                    profile/fwd_ms=1.82e+03,                                    
                    profile/bwd_ms=92.395, profile/opt_ms=0.035,                
                    profile/step_ms=1.98e+03,                                   
                    profile/tokens_per_s=2.00e+03,                              
                    profile/fetch_frac=0.035, epoch=0,                          
                    lr/Muon=0.006, lr/AdamW=5.95e-04,                           
                    global_step=520                                             
[06:12:07] INFO     train/confidence_loss=0.244,                  trainer.py:584
                    train/confidence_abs_error=0.139,                           
                    train/confidence_pred_mean=0.249,                           
                    train/confidence_cumprod_bias=-0.005,                       
                    train/loss=0.266, train/ce_loss=0.678,                      
                    train/tv_loss=0.113, train/accept_rate=0.403,               
                    train/accept_len=2.687, train/full_acc=0.436,               
                    train/position_1_acc=0.746,                                 
                    train/position_2_acc=0.526,                                 
                    train/position_3_acc=0.434,                                 
                    train/position_4_acc=0.395,                                 
                    train/position_5_acc=0.330,                                 
                    train/position_6_acc=0.331,                                 
                    train/position_7_acc=0.284,                                 
                    profile/fetch_ms=3.253,                                     
                    profile/fwd_ms=752.528,                                     
                    profile/bwd_ms=92.961, profile/opt_ms=0.097,                
                    profile/step_ms=848.838,                                    
                    profile/tokens_per_s=4.68e+03,                              
                    profile/fetch_frac=0.004, epoch=0,                          
                    lr/Muon=0.006, lr/AdamW=5.95e-04,                           
                    global_step=540                                             
[06:12:24] INFO     train/confidence_loss=0.252,                  trainer.py:584
                    train/confidence_abs_error=0.134,                           
                    train/confidence_pred_mean=0.197,                           
                    train/confidence_cumprod_bias=0.014,                        
                    train/loss=0.298, train/ce_loss=0.819,                      
                    train/tv_loss=0.128, train/accept_rate=0.330,               
                    train/accept_len=2.192, train/full_acc=0.369,               
                    train/position_1_acc=0.690,                                 
                    train/position_2_acc=0.445,                                 
                    train/position_3_acc=0.353,                                 
                    train/position_4_acc=0.302,                                 
                    train/position_5_acc=0.273,                                 
                    train/position_6_acc=0.271,                                 
                    train/position_7_acc=0.250,                                 
                    profile/fetch_ms=68.417,                                    
                    profile/fwd_ms=89.921, profile/bwd_ms=93.769,               
                    profile/opt_ms=325.439,                                     
                    profile/step_ms=577.547,                                    
                    profile/tokens_per_s=6.81e+03,                              
                    profile/fetch_frac=0.118, epoch=0,                          
                    lr/Muon=0.006, lr/AdamW=5.94e-04,                           
                    global_step=560                                             
[06:12:41] INFO     train/confidence_loss=0.238,                  trainer.py:584
                    train/confidence_abs_error=0.118,                           
                    train/confidence_pred_mean=0.226,                           
                    train/confidence_cumprod_bias=-0.003,                       
                    train/loss=0.256, train/ce_loss=0.625,                      
                    train/tv_loss=0.109, train/accept_rate=0.418,               
                    train/accept_len=2.750, train/full_acc=0.452,               
                    train/position_1_acc=0.759,                                 
                    train/position_2_acc=0.539,                                 
                    train/position_3_acc=0.461,                                 
                    train/position_4_acc=0.413,                                 
                    train/position_5_acc=0.331,                                 
                    train/position_6_acc=0.344,                                 
                    train/position_7_acc=0.318,                                 
                    profile/fetch_ms=74.985,                                    
                    profile/fwd_ms=1.96e+03,                                    
                    profile/bwd_ms=91.978, profile/opt_ms=0.030,                
                    profile/step_ms=2.13e+03,                                   
                    profile/tokens_per_s=1.84e+03,                              
                    profile/fetch_frac=0.035, epoch=0,                          
                    lr/Muon=0.006, lr/AdamW=5.94e-04,                           
                    global_step=580                                             
[06:12:56] INFO     train/confidence_loss=0.250,                  trainer.py:584
                    train/confidence_abs_error=0.139,                           
                    train/confidence_pred_mean=0.243,                           
                    train/confidence_cumprod_bias=0.038,                        
                    train/loss=0.291, train/ce_loss=0.800,                      
                    train/tv_loss=0.123, train/accept_rate=0.361,               
                    train/accept_len=2.324, train/full_acc=0.389,               
                    train/position_1_acc=0.678,                                 
                    train/position_2_acc=0.471,                                 
                    train/position_3_acc=0.401,                                 
                    train/position_4_acc=0.332,                                 
                    train/position_5_acc=0.309,                                 
                    train/position_6_acc=0.286,                                 
                    train/position_7_acc=0.242,                                 
                    profile/fetch_ms=41.052,                                    
                    profile/fwd_ms=647.882,                                     
                    profile/bwd_ms=93.120, profile/opt_ms=0.050,                
                    profile/step_ms=782.103,                                    
                    profile/tokens_per_s=5.10e+03,                              
                    profile/fetch_frac=0.052, epoch=0,                          
                    lr/Muon=0.006, lr/AdamW=5.93e-04,                           
                    global_step=600                                             
[06:13:12] INFO     train/confidence_loss=0.254,                  trainer.py:584
                    train/confidence_abs_error=0.139,                           
                    train/confidence_pred_mean=0.281,                           
                    train/confidence_cumprod_bias=0.036,                        
                    train/loss=0.259, train/ce_loss=0.613,                      
                    train/tv_loss=0.106, train/accept_rate=0.422,               
                    train/accept_len=2.752, train/full_acc=0.453,               
                    train/position_1_acc=0.780,                                 
                    train/position_2_acc=0.558,                                 
                    train/position_3_acc=0.483,                                 
                    train/position_4_acc=0.373,                                 
                    train/position_5_acc=0.340,                                 
                    train/position_6_acc=0.320,                                 
                    train/position_7_acc=0.313,                                 
                    profile/fetch_ms=75.886,                                    
                    profile/fwd_ms=89.538, profile/bwd_ms=92.247,               
                    profile/opt_ms=225.245,                                     
                    profile/step_ms=482.916,                                    
                    profile/tokens_per_s=8.28e+03,                              
                    profile/fetch_frac=0.157, epoch=0,                          
                    lr/Muon=0.006, lr/AdamW=5.93e-04,                           
                    global_step=620                                             
[06:13:29] INFO     train/confidence_loss=0.258,                  trainer.py:584
                    train/confidence_abs_error=0.142,                           
                    train/confidence_pred_mean=0.280,                           
                    train/confidence_cumprod_bias=0.049,                        
                    train/loss=0.273, train/ce_loss=0.688,                      
                    train/tv_loss=0.114, train/accept_rate=0.401,               
                    train/accept_len=2.595, train/full_acc=0.437,               
                    train/position_1_acc=0.743,                                 
                    train/position_2_acc=0.515,                                 
                    train/position_3_acc=0.441,                                 
                    train/position_4_acc=0.385,                                 
                    train/position_5_acc=0.344,                                 
                    train/position_6_acc=0.332,                                 
                    train/position_7_acc=0.296,                                 
                    profile/fetch_ms=73.352,                                    
                    profile/fwd_ms=759.894,                                     
                    profile/bwd_ms=91.428, profile/opt_ms=0.040,                
                    profile/step_ms=924.715,                                    
                    profile/tokens_per_s=4.27e+03,                              
                    profile/fetch_frac=0.079, epoch=0,                          
                    lr/Muon=0.006, lr/AdamW=5.93e-04,                           
                    global_step=640                                             
[06:13:47] INFO     train/confidence_loss=0.239,                  trainer.py:584
                    train/confidence_abs_error=0.114,                           
                    train/confidence_pred_mean=0.176,                           
                    train/confidence_cumprod_bias=-0.030,                       
                    train/loss=0.283, train/ce_loss=0.781,                      
                    train/tv_loss=0.121, train/accept_rate=0.368,               
                    train/accept_len=2.427, train/full_acc=0.393,               
                    train/position_1_acc=0.664,                                 
                    train/position_2_acc=0.472,                                 
                    train/position_3_acc=0.391,                                 
                    train/position_4_acc=0.344,                                 
                    train/position_5_acc=0.318,                                 
                    train/position_6_acc=0.286,                                 
                    train/position_7_acc=0.272,                                 
                    profile/fetch_ms=73.347,                                    
                    profile/fwd_ms=125.535,                                     
                    profile/bwd_ms=103.627, profile/opt_ms=0.036,               
                    profile/step_ms=302.545,                                    
                    profile/tokens_per_s=1.32e+04,                              
                    profile/fetch_frac=0.242, epoch=0,                          
                    lr/Muon=0.006, lr/AdamW=5.92e-04,                           
                    global_step=660                                             
[06:14:03] INFO     train/confidence_loss=0.254,                  trainer.py:584
                    train/confidence_abs_error=0.119,                           
                    train/confidence_pred_mean=0.187,                           
                    train/confidence_cumprod_bias=-0.035,                       
                    train/loss=0.269, train/ce_loss=0.650,                      
                    train/tv_loss=0.113, train/accept_rate=0.400,               
                    train/accept_len=2.588, train/full_acc=0.435,               
                    train/position_1_acc=0.753,                                 
                    train/position_2_acc=0.519,                                 
                    train/position_3_acc=0.389,                                 
                    train/position_4_acc=0.377,                                 
                    train/position_5_acc=0.348,                                 
                    train/position_6_acc=0.352,                                 
                    train/position_7_acc=0.305,                                 
                    profile/fetch_ms=71.825,                                    
                    profile/fwd_ms=1.69e+03,                                    
                    profile/bwd_ms=100.013,                                     
                    profile/opt_ms=275.115,                                     
                    profile/step_ms=2.14e+03,                                   
                    profile/tokens_per_s=1.82e+03,                              
                    profile/fetch_frac=0.034, epoch=0,                          
                    lr/Muon=0.006, lr/AdamW=5.92e-04,                           
                    global_step=680                                             
[06:14:20] INFO     train/confidence_loss=0.241,                  trainer.py:584
                    train/confidence_abs_error=0.136,                           
                    train/confidence_pred_mean=0.246,                           
                    train/confidence_cumprod_bias=0.028,                        
                    train/loss=0.291, train/ce_loss=0.819,                      
                    train/tv_loss=0.123, train/accept_rate=0.361,               
                    train/accept_len=2.409, train/full_acc=0.392,               
                    train/position_1_acc=0.703,                                 
                    train/position_2_acc=0.460,                                 
                    train/position_3_acc=0.359,                                 
                    train/position_4_acc=0.357,                                 
                    train/position_5_acc=0.315,                                 
                    train/position_6_acc=0.289,                                 
                    train/position_7_acc=0.258,                                 
                    profile/fetch_ms=115.137,                                   
                    profile/fwd_ms=2.66e+03,                                    
                    profile/bwd_ms=128.523, profile/opt_ms=0.030,               
                    profile/step_ms=2.90e+03,                                   
                    profile/tokens_per_s=1.39e+03,                              
                    profile/fetch_frac=0.040, epoch=0,                          
                    lr/Muon=0.006, lr/AdamW=5.91e-04,                           
                    global_step=700                                             
[06:14:37] INFO     train/confidence_loss=0.244,                  trainer.py:584
                    train/confidence_abs_error=0.138,                           
                    train/confidence_pred_mean=0.276,                           
                    train/confidence_cumprod_bias=0.006,                        
                    train/loss=0.253, train/ce_loss=0.622,                      
                    train/tv_loss=0.103, train/accept_rate=0.440,               
                    train/accept_len=2.887, train/full_acc=0.475,               
                    train/position_1_acc=0.804,                                 
                    train/position_2_acc=0.583,                                 
                    train/position_3_acc=0.468,                                 
                    train/position_4_acc=0.403,                                 
                    train/position_5_acc=0.370,                                 
                    train/position_6_acc=0.359,                                 
                    train/position_7_acc=0.331,                                 
                    profile/fetch_ms=110.252,                                   
                    profile/fwd_ms=3.14e+03,                                    
                    profile/bwd_ms=85.112, profile/opt_ms=0.033,                
                    profile/step_ms=3.34e+03,                                   
                    profile/tokens_per_s=1.20e+03,                              
                    profile/fetch_frac=0.033, epoch=0,                          
                    lr/Muon=0.006, lr/AdamW=5.91e-04,                           
                    global_step=720                                             
[06:14:54] INFO     train/confidence_loss=0.246,                  trainer.py:584
                    train/confidence_abs_error=0.132,                           
                    train/confidence_pred_mean=0.268,                           
                    train/confidence_cumprod_bias=0.015,                        
                    train/loss=0.247, train/ce_loss=0.581,                      
                    train/tv_loss=0.102, train/accept_rate=0.448,               
                    train/accept_len=2.853, train/full_acc=0.490,               
                    train/position_1_acc=0.795,                                 
                    train/position_2_acc=0.589,                                 
                    train/position_3_acc=0.480,                                 
                    train/position_4_acc=0.433,                                 
                    train/position_5_acc=0.412,                                 
                    train/position_6_acc=0.384,                                 
                    train/position_7_acc=0.334,                                 
                    profile/fetch_ms=75.171,                                    
                    profile/fwd_ms=2.54e+03,                                    
                    profile/bwd_ms=95.084,                                      
                    profile/opt_ms=267.678,                                     
                    profile/step_ms=2.98e+03,                                   
                    profile/tokens_per_s=1.13e+03,                              
                    profile/fetch_frac=0.025, epoch=0,                          
                    lr/Muon=0.006, lr/AdamW=5.91e-04,                           
                    global_step=740                                             
[06:15:09] INFO     train/confidence_loss=0.256,                  trainer.py:584
                    train/confidence_abs_error=0.142,                           
                    train/confidence_pred_mean=0.266,                           
                    train/confidence_cumprod_bias=0.027,                        
                    train/loss=0.272, train/ce_loss=0.678,                      
                    train/tv_loss=0.113, train/accept_rate=0.400,               
                    train/accept_len=2.579, train/full_acc=0.431,               
                    train/position_1_acc=0.758,                                 
                    train/position_2_acc=0.518,                                 
                    train/position_3_acc=0.414,                                 
                    train/position_4_acc=0.385,                                 
                    train/position_5_acc=0.348,                                 
                    train/position_6_acc=0.304,                                 
                    train/position_7_acc=0.287,                                 
                    profile/fetch_ms=72.462,                                    
                    profile/fwd_ms=2.37e+03,                                    
                    profile/bwd_ms=95.565, profile/opt_ms=0.028,                
                    profile/step_ms=2.53e+03,                                   
                    profile/tokens_per_s=1.54e+03,                              
                    profile/fetch_frac=0.029, epoch=0,                          
                    lr/Muon=0.006, lr/AdamW=5.90e-04,                           
                    global_step=760                                             
[06:15:26] INFO     train/confidence_loss=0.252,                  trainer.py:584
                    train/confidence_abs_error=0.139,                           
                    train/confidence_pred_mean=0.258,                           
                    train/confidence_cumprod_bias=0.043,                        
                    train/loss=0.289, train/ce_loss=0.787,                      
                    train/tv_loss=0.123, train/accept_rate=0.358,               
                    train/accept_len=2.458, train/full_acc=0.385,               
                    train/position_1_acc=0.707,                                 
                    train/position_2_acc=0.455,                                 
                    train/position_3_acc=0.365,                                 
                    train/position_4_acc=0.323,                                 
                    train/position_5_acc=0.290,                                 
                    train/position_6_acc=0.270,                                 
                    train/position_7_acc=0.280,                                 
                    profile/fetch_ms=63.877,                                    
                    profile/fwd_ms=1.78e+03,                                    
                    profile/bwd_ms=91.893, profile/opt_ms=0.036,                
                    profile/step_ms=1.93e+03,                                   
                    profile/tokens_per_s=2.03e+03,                              
                    profile/fetch_frac=0.033, epoch=0,                          
                    lr/Muon=0.006, lr/AdamW=5.90e-04,                           
                    global_step=780                                             
[06:15:42] INFO     train/confidence_loss=0.244,                  trainer.py:584
                    train/confidence_abs_error=0.132,                           
                    train/confidence_pred_mean=0.280,                           
                    train/confidence_cumprod_bias=0.034,                        
                    train/loss=0.256, train/ce_loss=0.622,                      
                    train/tv_loss=0.107, train/accept_rate=0.427,               
                    train/accept_len=2.786, train/full_acc=0.457,               
                    train/position_1_acc=0.763,                                 
                    train/position_2_acc=0.565,                                 
                    train/position_3_acc=0.445,                                 
                    train/position_4_acc=0.398,                                 
                    train/position_5_acc=0.363,                                 
                    train/position_6_acc=0.342,                                 
                    train/position_7_acc=0.319,                                 
                    profile/fetch_ms=68.143,                                    
                    profile/fwd_ms=1.75e+03,                                    
                    profile/bwd_ms=106.428,                                     
                    profile/opt_ms=237.211,                                     
                    profile/step_ms=2.16e+03,                                   
                    profile/tokens_per_s=1.86e+03,                              
                    profile/fetch_frac=0.031, epoch=0,                          
                    lr/Muon=0.006, lr/AdamW=5.89e-04,                           
                    global_step=800                                             
[06:15:59] INFO     train/confidence_loss=0.264,                  trainer.py:584
                    train/confidence_abs_error=0.124,                           
                    train/confidence_pred_mean=0.192,                           
                    train/confidence_cumprod_bias=-0.023,                       
                    train/loss=0.277, train/ce_loss=0.688,                      
                    train/tv_loss=0.113, train/accept_rate=0.401,               
                    train/accept_len=2.557, train/full_acc=0.434,               
                    train/position_1_acc=0.752,                                 
                    train/position_2_acc=0.517,                                 
                    train/position_3_acc=0.435,                                 
                    train/position_4_acc=0.376,                                 
                    train/position_5_acc=0.332,                                 
                    train/position_6_acc=0.320,                                 
                    train/position_7_acc=0.302,                                 
                    profile/fetch_ms=92.912,                                    
                    profile/fwd_ms=2.41e+03,                                    
                    profile/bwd_ms=92.037, profile/opt_ms=0.041,                
                    profile/step_ms=2.60e+03,                                   
                    profile/tokens_per_s=1.42e+03,                              
                    profile/fetch_frac=0.036, epoch=0,                          
                    lr/Muon=0.006, lr/AdamW=5.89e-04,                           
                    global_step=820                                             
[06:16:14] INFO     train/confidence_loss=0.250,                  trainer.py:584
                    train/confidence_abs_error=0.141,                           
                    train/confidence_pred_mean=0.273,                           
                    train/confidence_cumprod_bias=0.026,                        
                    train/loss=0.264, train/ce_loss=0.650,                      
                    train/tv_loss=0.110, train/accept_rate=0.409,               
                    train/accept_len=2.716, train/full_acc=0.439,               
                    train/position_1_acc=0.785,                                 
                    train/position_2_acc=0.518,                                 
                    train/position_3_acc=0.428,                                 
                    train/position_4_acc=0.363,                                 
                    train/position_5_acc=0.338,                                 
                    train/position_6_acc=0.339,                                 
                    train/position_7_acc=0.301,                                 
                    profile/fetch_ms=36.903,                                    
                    profile/fwd_ms=742.083,                                     
                    profile/bwd_ms=92.995, profile/opt_ms=0.040,                
                    profile/step_ms=872.021,                                    
                    profile/tokens_per_s=3.86e+03,                              
                    profile/fetch_frac=0.042, epoch=0,                          
                    lr/Muon=0.006, lr/AdamW=5.88e-04,                           
                    global_step=840                                             
[06:16:31] INFO     train/confidence_loss=0.240,                  trainer.py:584
                    train/confidence_abs_error=0.129,                           
                    train/confidence_pred_mean=0.276,                           
                    train/confidence_cumprod_bias=0.017,                        
                    train/loss=0.244, train/ce_loss=0.581,                      
                    train/tv_loss=0.101, train/accept_rate=0.453,               
                    train/accept_len=2.974, train/full_acc=0.487,               
                    train/position_1_acc=0.798,                                 
                    train/position_2_acc=0.613,                                 
                    train/position_3_acc=0.493,                                 
                    train/position_4_acc=0.429,                                 
                    train/position_5_acc=0.365,                                 
                    train/position_6_acc=0.359,                                 
                    train/position_7_acc=0.351,                                 
                    profile/fetch_ms=69.537,                                    
                    profile/fwd_ms=1.59e+03,                                    
                    profile/bwd_ms=92.174,                                      
                    profile/opt_ms=223.735,                                     
                    profile/step_ms=1.98e+03,                                   
                    profile/tokens_per_s=2.02e+03,                              
                    profile/fetch_frac=0.035, epoch=0,                          
                    lr/Muon=0.006, lr/AdamW=5.88e-04,                           
                    global_step=860                                             
[06:16:48] INFO     train/confidence_loss=0.242,                  trainer.py:584
                    train/confidence_abs_error=0.117,                           
                    train/confidence_pred_mean=0.213,                           
                    train/confidence_cumprod_bias=-0.022,                       
                    train/loss=0.259, train/ce_loss=0.656,                      
                    train/tv_loss=0.109, train/accept_rate=0.417,               
                    train/accept_len=2.749, train/full_acc=0.445,               
                    train/position_1_acc=0.779,                                 
                    train/position_2_acc=0.548,                                 
                    train/position_3_acc=0.435,                                 
                    train/position_4_acc=0.380,                                 
                    train/position_5_acc=0.332,                                 
                    train/position_6_acc=0.337,                                 
                    train/position_7_acc=0.298,                                 
                    profile/fetch_ms=73.033,                                    
                    profile/fwd_ms=88.522,                                      
                    profile/bwd_ms=101.125, profile/opt_ms=0.043,               
                    profile/step_ms=262.723,                                    
                    profile/tokens_per_s=1.47e+04,                              
                    profile/fetch_frac=0.278, epoch=0,                          
                    lr/Muon=0.006, lr/AdamW=5.88e-04,                           
                    global_step=880                                             
[06:17:03] INFO     train/confidence_loss=0.241,                  trainer.py:584
                    train/confidence_abs_error=0.129,                           
                    train/confidence_pred_mean=0.254,                           
                    train/confidence_cumprod_bias=0.026,                        
                    train/loss=0.270, train/ce_loss=0.713,                      
                    train/tv_loss=0.113, train/accept_rate=0.402,               
                    train/accept_len=2.574, train/full_acc=0.430,               
                    train/position_1_acc=0.729,                                 
                    train/position_2_acc=0.502,                                 
                    train/position_3_acc=0.437,                                 
                    train/position_4_acc=0.371,                                 
                    train/position_5_acc=0.336,                                 
                    train/position_6_acc=0.322,                                 
                    train/position_7_acc=0.308,                                 
                    profile/fetch_ms=5.043,                                     
                    profile/fwd_ms=94.280, profile/bwd_ms=90.434,               
                    profile/opt_ms=0.050,                                       
                    profile/step_ms=189.807,                                    
                    profile/tokens_per_s=1.97e+04,                              
                    profile/fetch_frac=0.027, epoch=0,                          
                    lr/Muon=0.006, lr/AdamW=5.87e-04,                           
                    global_step=900                                             
[06:17:21] INFO     train/confidence_loss=0.256,                  trainer.py:584
                    train/confidence_abs_error=0.133,                           
                    train/confidence_pred_mean=0.268,                           
                    train/confidence_cumprod_bias=0.023,                        
                    train/loss=0.266, train/ce_loss=0.653,                      
                    train/tv_loss=0.110, train/accept_rate=0.412,               
                    train/accept_len=2.664, train/full_acc=0.444,               
                    train/position_1_acc=0.782,                                 
                    train/position_2_acc=0.525,                                 
                    train/position_3_acc=0.415,                                 
                    train/position_4_acc=0.389,                                 
                    train/position_5_acc=0.363,                                 
                    train/position_6_acc=0.339,                                 
                    train/position_7_acc=0.290,                                 
                    profile/fetch_ms=74.311,                                    
                    profile/fwd_ms=87.855,                                      
                    profile/bwd_ms=105.691,                                     
                    profile/opt_ms=289.912,                                     
                    profile/step_ms=557.769,                                    
                    profile/tokens_per_s=6.60e+03,                              
                    profile/fetch_frac=0.133, epoch=0,                          
                    lr/Muon=0.006, lr/AdamW=5.87e-04,                           
                    global_step=920                                             
[06:17:38] INFO     train/confidence_loss=0.249,                  trainer.py:584
                    train/confidence_abs_error=0.124,                           
                    train/confidence_pred_mean=0.234,                           
                    train/confidence_cumprod_bias=-0.013,                       
                    train/loss=0.255, train/ce_loss=0.613,                      
                    train/tv_loss=0.105, train/accept_rate=0.436,               
                    train/accept_len=2.822, train/full_acc=0.468,               
                    train/position_1_acc=0.787,                                 
                    train/position_2_acc=0.549,                                 
                    train/position_3_acc=0.476,                                 
                    train/position_4_acc=0.423,                                 
                    train/position_5_acc=0.405,                                 
                    train/position_6_acc=0.315,                                 
                    train/position_7_acc=0.318,                                 
                    profile/fetch_ms=72.586,                                    
                    profile/fwd_ms=88.984, profile/bwd_ms=93.209,               
                    profile/opt_ms=0.030,                                       
                    profile/step_ms=254.809,                                    
                    profile/tokens_per_s=1.49e+04,                              
                    profile/fetch_frac=0.285, epoch=0,                          
                    lr/Muon=0.006, lr/AdamW=5.86e-04,                           
                    global_step=940                                             
[06:17:55] INFO     train/confidence_loss=0.239,                  trainer.py:584
                    train/confidence_abs_error=0.129,                           
                    train/confidence_pred_mean=0.259,                           
                    train/confidence_cumprod_bias=0.013,                        
                    train/loss=0.261, train/ce_loss=0.656,                      
                    train/tv_loss=0.111, train/accept_rate=0.408,               
                    train/accept_len=2.708, train/full_acc=0.441,               
                    train/position_1_acc=0.758,                                 
                    train/position_2_acc=0.550,                                 
                    train/position_3_acc=0.434,                                 
                    train/position_4_acc=0.391,                                 
                    train/position_5_acc=0.331,                                 
                    train/position_6_acc=0.332,                                 
                    train/position_7_acc=0.289,                                 
                    profile/fetch_ms=3.137,                                     
                    profile/fwd_ms=92.403, profile/bwd_ms=96.969,               
                    profile/opt_ms=0.028,                                       
                    profile/step_ms=192.537,                                    
                    profile/tokens_per_s=2.06e+04,                              
                    profile/fetch_frac=0.016, epoch=0,                          
                    lr/Muon=0.006, lr/AdamW=5.86e-04,                           
                    global_step=960                                             
[06:18:13] INFO     train/confidence_loss=0.240,                  trainer.py:584
                    train/confidence_abs_error=0.136,                           
                    train/confidence_pred_mean=0.299,                           
                    train/confidence_cumprod_bias=0.010,                        
                    train/loss=0.233, train/ce_loss=0.531,                      
                    train/tv_loss=0.093, train/accept_rate=0.487,               
                    train/accept_len=3.221, train/full_acc=0.527,               
                    train/position_1_acc=0.839,                                 
                    train/position_2_acc=0.638,                                 
                    train/position_3_acc=0.555,                                 
                    train/position_4_acc=0.449,                                 
                    train/position_5_acc=0.443,                                 
                    train/position_6_acc=0.392,                                 
                    train/position_7_acc=0.373,                                 
                    profile/fetch_ms=74.736,                                    
                    profile/fwd_ms=89.769,                                      
                    profile/bwd_ms=100.392,                                     
                    profile/opt_ms=228.095,                                     
                    profile/step_ms=492.993,                                    
                    profile/tokens_per_s=8.19e+03,                              
                    profile/fetch_frac=0.152, epoch=0,                          
                    lr/Muon=0.006, lr/AdamW=5.85e-04,                           
                    global_step=980                                             
[06:18:30] INFO     train/confidence_loss=0.248,                  trainer.py:584
                    train/confidence_abs_error=0.130,                           
                    train/confidence_pred_mean=0.260,                           
                    train/confidence_cumprod_bias=-0.015,                       
                    train/loss=0.233, train/ce_loss=0.522,                      
                    train/tv_loss=0.091, train/accept_rate=0.496,               
                    train/accept_len=3.155, train/full_acc=0.527,               
                    train/position_1_acc=0.870,                                 
                    train/position_2_acc=0.635,                                 
                    train/position_3_acc=0.495,                                 
                    train/position_4_acc=0.500,                                 
                    train/position_5_acc=0.449,                                 
                    train/position_6_acc=0.376,                                 
                    train/position_7_acc=0.356,                                 
                    profile/fetch_ms=74.218,                                    
                    profile/fwd_ms=90.175, profile/bwd_ms=94.555,               
                    profile/opt_ms=0.029,                                       
                    profile/step_ms=258.979,                                    
                    profile/tokens_per_s=1.56e+04,                              
                    profile/fetch_frac=0.287, epoch=0,                          
                    lr/Muon=0.006, lr/AdamW=5.85e-04,                           
                    global_step=1000                                            
[06:18:46] INFO     train/confidence_loss=0.239,                  trainer.py:584
                    train/confidence_abs_error=0.128,                           
                    train/confidence_pred_mean=0.243,                           
                    train/confidence_cumprod_bias=0.005,                        
                    train/loss=0.261, train/ce_loss=0.659,                      
                    train/tv_loss=0.110, train/accept_rate=0.415,               
                    train/accept_len=2.696, train/full_acc=0.446,               
                    train/position_1_acc=0.759,                                 
                    train/position_2_acc=0.511,                                 
                    train/position_3_acc=0.452,                                 
                    train/position_4_acc=0.404,                                 
                    train/position_5_acc=0.366,                                 
                    train/position_6_acc=0.337,                                 
                    train/position_7_acc=0.294,                                 
                    profile/fetch_ms=44.978,                                    
                    profile/fwd_ms=132.618,                                     
                    profile/bwd_ms=99.426, profile/opt_ms=0.055,                
                    profile/step_ms=277.076,                                    
                    profile/tokens_per_s=1.19e+04,                              
                    profile/fetch_frac=0.162, epoch=0,                          
                    lr/Muon=0.006, lr/AdamW=5.85e-04,                           
                    global_step=1020                                            
[06:19:03] INFO     train/confidence_loss=0.234,                  trainer.py:584
                    train/confidence_abs_error=0.131,                           
                    train/confidence_pred_mean=0.334,                           
                    train/confidence_cumprod_bias=0.035,                        
                    train/loss=0.211, train/ce_loss=0.438,                      
                    train/tv_loss=0.082, train/accept_rate=0.536,               
                    train/accept_len=3.463, train/full_acc=0.567,               
                    train/position_1_acc=0.871,                                 
                    train/position_2_acc=0.710,                                 
                    train/position_3_acc=0.591,                                 
                    train/position_4_acc=0.532,                                 
                    train/position_5_acc=0.447,                                 
                    train/position_6_acc=0.420,                                 
                    train/position_7_acc=0.392,                                 
                    profile/fetch_ms=69.455,                                    
                    profile/fwd_ms=99.571, profile/bwd_ms=99.892,               
                    profile/opt_ms=234.416,                                     
                    profile/step_ms=503.334,                                    
                    profile/tokens_per_s=7.35e+03,                              
                    profile/fetch_frac=0.138, epoch=0,                          
                    lr/Muon=0.006, lr/AdamW=5.84e-04,                           
                    global_step=1040                                            
[06:19:20] INFO     train/confidence_loss=0.258,                  trainer.py:584
                    train/confidence_abs_error=0.132,                           
                    train/confidence_pred_mean=0.252,                           
                    train/confidence_cumprod_bias=-0.025,                       
                    train/loss=0.236, train/ce_loss=0.503,                      
                    train/tv_loss=0.092, train/accept_rate=0.500,               
                    train/accept_len=3.081, train/full_acc=0.532,               
                    train/position_1_acc=0.816,                                 
                    train/position_2_acc=0.652,                                 
                    train/position_3_acc=0.530,                                 
                    train/position_4_acc=0.459,                                 
                    train/position_5_acc=0.438,                                 
                    train/position_6_acc=0.424,                                 
                    train/position_7_acc=0.401,                                 
                    profile/fetch_ms=71.150,                                    
                    profile/fwd_ms=111.226,                                     
                    profile/bwd_ms=106.485, profile/opt_ms=0.053,               
                    profile/step_ms=288.914,                                    
                    profile/tokens_per_s=1.33e+04,                              
                    profile/fetch_frac=0.246, epoch=0,                          
                    lr/Muon=0.006, lr/AdamW=5.84e-04,                           
                    global_step=1060                                            
[06:19:35] INFO     train/confidence_loss=0.242,                  trainer.py:584
                    train/confidence_abs_error=0.135,                           
                    train/confidence_pred_mean=0.305,                           
                    train/confidence_cumprod_bias=0.043,                        
                    train/loss=0.245, train/ce_loss=0.588,                      
                    train/tv_loss=0.099, train/accept_rate=0.465,               
                    train/accept_len=2.959, train/full_acc=0.496,               
                    train/position_1_acc=0.781,                                 
                    train/position_2_acc=0.599,                                 
                    train/position_3_acc=0.501,                                 
                    train/position_4_acc=0.441,                                 
                    train/position_5_acc=0.397,                                 
                    train/position_6_acc=0.367,                                 
                    train/position_7_acc=0.379,                                 
                    profile/fetch_ms=3.278,                                     
                    profile/fwd_ms=391.637,                                     
                    profile/bwd_ms=90.830, profile/opt_ms=0.030,                
                    profile/step_ms=485.774,                                    
                    profile/tokens_per_s=8.08e+03,                              
                    profile/fetch_frac=0.007, epoch=0,                          
                    lr/Muon=0.006, lr/AdamW=5.83e-04,                           
                    global_step=1080                                            
[06:19:51] INFO     train/confidence_loss=0.252,                  trainer.py:584
                    train/confidence_abs_error=0.137,                           
                    train/confidence_pred_mean=0.287,                           
                    train/confidence_cumprod_bias=0.041,                        
                    train/loss=0.258, train/ce_loss=0.622,                      
                    train/tv_loss=0.105, train/accept_rate=0.437,               
                    train/accept_len=2.741, train/full_acc=0.468,               
                    train/position_1_acc=0.773,                                 
                    train/position_2_acc=0.548,                                 
                    train/position_3_acc=0.451,                                 
                    train/position_4_acc=0.424,                                 
                    train/position_5_acc=0.375,                                 
                    train/position_6_acc=0.360,                                 
                    train/position_7_acc=0.341,                                 
                    profile/fetch_ms=40.109,                                    
                    profile/fwd_ms=124.054,                                     
                    profile/bwd_ms=92.311,                                      
                    profile/opt_ms=228.033,                                     
                    profile/step_ms=484.507,                                    
                    profile/tokens_per_s=8.38e+03,                              
                    profile/fetch_frac=0.083, epoch=0,                          
                    lr/Muon=0.006, lr/AdamW=5.83e-04,                           
                    global_step=1100                                            
[06:20:08] INFO     train/confidence_loss=0.250,                  trainer.py:584
                    train/confidence_abs_error=0.122,                           
                    train/confidence_pred_mean=0.209,                           
                    train/confidence_cumprod_bias=-0.036,                       
                    train/loss=0.259, train/ce_loss=0.637,                      
                    train/tv_loss=0.107, train/accept_rate=0.432,               
                    train/accept_len=2.738, train/full_acc=0.464,               
                    train/position_1_acc=0.757,                                 
                    train/position_2_acc=0.550,                                 
                    train/position_3_acc=0.474,                                 
                    train/position_4_acc=0.403,                                 
                    train/position_5_acc=0.387,                                 
                    train/position_6_acc=0.354,                                 
                    train/position_7_acc=0.319,                                 
                    profile/fetch_ms=69.755,                                    
                    profile/fwd_ms=119.162,                                     
                    profile/bwd_ms=97.341, profile/opt_ms=0.034,                
                    profile/step_ms=286.292,                                    
                    profile/tokens_per_s=1.37e+04,                              
                    profile/fetch_frac=0.244, epoch=0,                          
                    lr/Muon=0.006, lr/AdamW=5.83e-04,                           
                    global_step=1120                                            
[06:20:25] INFO     train/confidence_loss=0.244,                  trainer.py:584
                    train/confidence_abs_error=0.132,                           
                    train/confidence_pred_mean=0.278,                           
                    train/confidence_cumprod_bias=0.023,                        
                    train/loss=0.253, train/ce_loss=0.616,                      
                    train/tv_loss=0.105, train/accept_rate=0.438,               
                    train/accept_len=2.804, train/full_acc=0.470,               
                    train/position_1_acc=0.764,                                 
                    train/position_2_acc=0.567,                                 
                    train/position_3_acc=0.465,                                 
                    train/position_4_acc=0.418,                                 
                    train/position_5_acc=0.387,                                 
                    train/position_6_acc=0.344,                                 
                    train/position_7_acc=0.340,                                 
                    profile/fetch_ms=3.213,                                     
                    profile/fwd_ms=87.067, profile/bwd_ms=93.495,               
                    profile/opt_ms=0.063,                                       
                    profile/step_ms=183.838,                                    
                    profile/tokens_per_s=2.21e+04,                              
                    profile/fetch_frac=0.017, epoch=0,                          
                    lr/Muon=0.006, lr/AdamW=5.82e-04,                           
                    global_step=1140                                            
[06:20:42] INFO     train/confidence_loss=0.254,                  trainer.py:584
                    train/confidence_abs_error=0.135,                           
                    train/confidence_pred_mean=0.292,                           
                    train/confidence_cumprod_bias=0.015,                        
                    train/loss=0.244, train/ce_loss=0.537,                      
                    train/tv_loss=0.098, train/accept_rate=0.464,               
                    train/accept_len=2.955, train/full_acc=0.497,               
                    train/position_1_acc=0.814,                                 
                    train/position_2_acc=0.609,                                 
                    train/position_3_acc=0.495,                                 
                    train/position_4_acc=0.450,                                 
                    train/position_5_acc=0.399,                                 
                    train/position_6_acc=0.363,                                 
                    train/position_7_acc=0.346,                                 
                    profile/fetch_ms=76.014,                                    
                    profile/fwd_ms=123.982,                                     
                    profile/bwd_ms=126.089,                                     
                    profile/opt_ms=277.155,                                     
                    profile/step_ms=603.240,                                    
                    profile/tokens_per_s=6.38e+03,                              
                    profile/fetch_frac=0.126, epoch=0,                          
                    lr/Muon=0.006, lr/AdamW=5.82e-04,                           
                    global_step=1160                                            
[06:20:59] INFO     train/confidence_loss=0.236,                  trainer.py:584
                    train/confidence_abs_error=0.123,                           
                    train/confidence_pred_mean=0.248,                           
                    train/confidence_cumprod_bias=-0.028,                       
                    train/loss=0.237, train/ce_loss=0.553,                      
                    train/tv_loss=0.098, train/accept_rate=0.476,               
                    train/accept_len=3.042, train/full_acc=0.511,               
                    train/position_1_acc=0.797,                                 
                    train/position_2_acc=0.593,                                 
                    train/position_3_acc=0.499,                                 
                    train/position_4_acc=0.458,                                 
                    train/position_5_acc=0.434,                                 
                    train/position_6_acc=0.400,                                 
                    train/position_7_acc=0.394,                                 
                    profile/fetch_ms=73.854,                                    
                    profile/fwd_ms=93.179, profile/bwd_ms=93.492,               
                    profile/opt_ms=0.043,                                       
                    profile/step_ms=260.568,                                    
                    profile/tokens_per_s=1.50e+04,                              
                    profile/fetch_frac=0.283, epoch=0,                          
                    lr/Muon=0.006, lr/AdamW=5.81e-04,                           
                    global_step=1180                                            
[06:21:14] INFO     DL_MAX_STEPS=1200 reached (local_step=1201);  trainer.py:484
                    stopping epoch early.                                       
Epoch 0   4% ╸                      1,200/28,909  [ 0:16:46 < 5:58:51 , 1 it/s ]
           INFO     Training epoch 1/1 completed                  trainer.py:736
           INFO     DL_MAX_STEPS reached — exiting after this     trainer.py:739
                    epoch (skipping checkpoint/validation).                     
[06:21:16] INFO     Destroyed distributed process group       distributed.py:182
[06:21:16] INFO     Destroyed distributed process group       distributed.py:182
[06:21:16] INFO     Destroyed distributed process group       distributed.py:182
[06:21:16] INFO     Destroyed distributed process group       distributed.py:182
