/usr/local/python3.12.13/lib/python3.12/site-packages/transformers/loss/loss_for_object_detection.py:27: UserWarning: A NumPy version >=1.22.4 and <2.3.0 is required for this version of SciPy (detected version 2.4.6)
  from scipy.optimize import linear_sum_assignment
/usr/local/python3.12.13/lib/python3.12/site-packages/transformers/loss/loss_for_object_detection.py:27: UserWarning: A NumPy version >=1.22.4 and <2.3.0 is required for this version of SciPy (detected version 2.4.6)
  from scipy.optimize import linear_sum_assignment
/usr/local/python3.12.13/lib/python3.12/site-packages/transformers/loss/loss_for_object_detection.py:27: UserWarning: A NumPy version >=1.22.4 and <2.3.0 is required for this version of SciPy (detected version 2.4.6)
  from scipy.optimize import linear_sum_assignment
/usr/local/python3.12.13/lib/python3.12/site-packages/transformers/loss/loss_for_object_detection.py:27: UserWarning: A NumPy version >=1.22.4 and <2.3.0 is required for this version of SciPy (detected version 2.4.6)
  from scipy.optimize import linear_sum_assignment
[timeout] aclrtSetOpExecuteTimeOut(0) rc=0
[timeout] aclrtSetOpExecuteTimeOut(0) rc=0
[timeout] aclrtSetOpExecuteTimeOut(0) rc=0
           INFO     get env TERM = xterm                      patch_getenv.py:15
[06:38:28] INFO     get env LOCAL_RANK = 0                    patch_getenv.py:15
[06:38:28] INFO     Started distributed with local_rank=2,    distributed.py:165
                    dp_size=4, sp_size=1                                        
[timeout] aclrtSetOpExecuteTimeOut(0) rc=0
[06:38:28] INFO     Started distributed with local_rank=1,    distributed.py:165
                    dp_size=4, sp_size=1                                        
           INFO     get env WORLD_SIZE = 4                    patch_getenv.py:15
           INFO     get env MASTER_ADDR =                     patch_getenv.py:15
                    localhost.localdomain                                       
           INFO     get env MASTER_PORT = 42603               patch_getenv.py:15
           INFO     get env TORCHELASTIC_USE_AGENT_STORE =    patch_getenv.py:15
                    True                                                        
           INFO     Started distributed with local_rank=0,    distributed.py:165
                    dp_size=4, sp_size=1                                        
           INFO     get env PATH =                            patch_getenv.py:15
                    /usr/local/Ascend/nnal/atb/latest/atb/cxx                   
                    _abi_1/bin:/usr/local/Ascend/cann-9.0.0/t                   
                    ools/bishengir/bin:/usr/local/Ascend/cann                   
                    -9.0.0/bin:/usr/local/Ascend/cann-9.0.0/t                   
                    ools/ccec_compiler/bin:/usr/local/Ascend/                   
                    cann-9.0.0/tools/profiler/bin:/usr/local/                   
                    Ascend/cann-9.0.0/tools/ascend_system_adv                   
                    isor/asys:/usr/local/Ascend/cann-9.0.0/to                   
                    ols/show_kernel_debug_data:/usr/local/Asc                   
                    end/cann-9.0.0/tools/msobjdump:/home/y500                   
                    63564/node_modules/.bin:/usr/local/Ascend                   
                    /nnal/atb/latest/atb/cxx_abi_1/bin:/usr/l                   
                    ocal/Ascend/nnal/atb/latest/atb/cxx_abi_1                   
                    /bin:/usr/local/Ascend/ascend-toolkit/lat                   
                    est/bin:/usr/local/Ascend/ascend-toolkit/                   
                    latest/compiler/ccec_compiler/bin:/usr/lo                   
                    cal/Ascend/ascend-toolkit/latest/tools/cc                   
                    ec_compiler/bin:/usr/local/python3.12.13/                   
                    bin:/usr/local/sbin:/usr/local/bin:/usr/s                   
                    bin:/usr/bin:/sbin:/bin:/usr/local/go/bin                   
[06:38:29] INFO     Loading vocab mappings from                     train.py:236
                    '/home/y50063564/data/open_perfectblend_qwen3_4             
                    b_700k/d2t.npy' and                                         
                    '/home/y50063564/data/open_perfectblend_qwen3_4             
                    b_700k/t2d.npy'                                             
           INFO     All 5 draft layers using sliding window         train.py:396
                    attention (window=2048). To use full attention              
                    on specific layers, pass                                    
                    '--full-attention-indices <layer_ids>'.                     
[06:38:29] INFO     Started distributed with local_rank=3,    distributed.py:165
                    dp_size=4, sp_size=1                                        
           WARNING  Added <|MASK|> to tokenizer,                     utils.py:49
                    mask_token_id=151669 (tokenizer len=151670,                 
                    vocab_size=151936)                                          
2026-09-11 06:38:42.349 | INFO     | speculators.utils.loading:_resolve_file:136 - Loading from local directory: /home/y50063564/Qwen3-4B
2026-09-11 06:38:42.350 | WARNING  | speculators.utils.loading:load_model_layers:104 - Tensor 'lm_head.weight' not found in weight_map.
2026-09-11 06:38:42.350 | INFO     | speculators.utils.loading:_resolve_file:136 - Loading from local directory: /home/y50063564/Qwen3-4B
2026-09-11 06:38:42.352 | INFO     | speculators.utils.loading:_resolve_file:136 - Loading from local directory: /home/y50063564/Qwen3-4B
2026-09-11 06:38:43.243 | INFO     | speculators.utils.loading:_resolve_file:136 - Loading from local directory: /home/y50063564/Qwen3-4B
2026-09-11 06:38:43.244 | WARNING  | speculators.utils.loading:load_model_layers:104 - Tensor 'lm_head.weight' not found in weight_map.
2026-09-11 06:38:43.244 | INFO     | speculators.utils.loading:_resolve_file:136 - Loading from local directory: /home/y50063564/Qwen3-4B
2026-09-11 06:38:43.246 | INFO     | speculators.utils.loading:_resolve_file:136 - Loading from local directory: /home/y50063564/Qwen3-4B
2026-09-11 06:38:43.352 | INFO     | speculators.utils.loading:_resolve_file:136 - Loading from local directory: /home/y50063564/Qwen3-4B
2026-09-11 06:38:43.353 | WARNING  | speculators.utils.loading:load_model_layers:104 - Tensor 'lm_head.weight' not found in weight_map.
2026-09-11 06:38:43.353 | INFO     | speculators.utils.loading:_resolve_file:136 - Loading from local directory: /home/y50063564/Qwen3-4B
2026-09-11 06:38:43.355 | INFO     | speculators.utils.loading:_resolve_file:136 - Loading from local directory: /home/y50063564/Qwen3-4B
2026-09-11 06:38:43.722 | INFO     | speculators.utils.loading:_resolve_file:136 - Loading from local directory: /home/y50063564/Qwen3-4B
2026-09-11 06:38:43.723 | WARNING  | speculators.utils.loading:load_model_layers:104 - Tensor 'lm_head.weight' not found in weight_map.
2026-09-11 06:38:43.723 | INFO     | speculators.utils.loading:_resolve_file:136 - Loading from local directory: /home/y50063564/Qwen3-4B
2026-09-11 06:38:43.725 | INFO     | speculators.utils.loading:_resolve_file:136 - Loading from local directory: /home/y50063564/Qwen3-4B
[06:38:56] INFO     get env SAMP_SEED = 42                    patch_getenv.py:15
           INFO     get env DL_IN_ORDER = 1                   patch_getenv.py:15
           INFO     No previous training checkpoint found in      trainer.py:299
                    '/home/y50063564/dataloader_diag/exp/E3_w8_pf               
                    4/checkpoints'. Starting fresh training run.                
[06:39:01] INFO     Muon optimizer: 39 2D params via Muon, 23   optimizers.py:76
                    params via AdamW.                                           
           INFO     get env SAMP_BALANCE = off                patch_getenv.py:15
[timeout] aclrtSetOpExecuteTimeOut(0) rc=0
[timeout] aclrtSetOpExecuteTimeOut(0) rc=0
[06:39:06] INFO     Training epoch 1/1 started                    trainer.py:734
[timeout] aclrtSetOpExecuteTimeOut(0) rc=0
[timeout] aclrtSetOpExecuteTimeOut(0) rc=0
/usr/local/python3.12.13/lib/python3.12/site-packages/torch/_dynamo/_trace_wrapped_higher_order_op.py:147: UserWarning: Cannot create tensor with interal format while allow_internel_format=False, tensor will be created with base format. (Triggered internally at ../torch_npu/csrc/aten/common/TensorFactories.cpp:340.)
  return func(*args, **(kwargs or {}))
/usr/local/python3.12.13/lib/python3.12/site-packages/torch/_dynamo/_trace_wrapped_higher_order_op.py:147: UserWarning: Cannot create tensor with interal format while allow_internel_format=False, tensor will be created with base format. (Triggered internally at ../torch_npu/csrc/aten/common/TensorFactories.cpp:340.)
  return func(*args, **(kwargs or {}))
/usr/local/python3.12.13/lib/python3.12/site-packages/torch/_dynamo/_trace_wrapped_higher_order_op.py:147: UserWarning: Cannot create tensor with interal format while allow_internel_format=False, tensor will be created with base format. (Triggered internally at ../torch_npu/csrc/aten/common/TensorFactories.cpp:340.)
  return func(*args, **(kwargs or {}))
/usr/local/python3.12.13/lib/python3.12/site-packages/torch/_dynamo/_trace_wrapped_higher_order_op.py:147: UserWarning: Cannot create tensor with interal format while allow_internel_format=False, tensor will be created with base format. (Triggered internally at ../torch_npu/csrc/aten/common/TensorFactories.cpp:340.)
  return func(*args, **(kwargs or {}))
[06:39:16] INFO     train/confidence_loss=0.457,                  trainer.py:584
                    train/confidence_abs_error=0.325,                           
                    train/confidence_pred_mean=0.326,                           
                    train/confidence_cumprod_bias=0.192,                        
                    train/loss=0.613, train/ce_loss=2.362,                      
                    train/tv_loss=0.214,                                        
                    train/accept_rate=3.34e-04,                                 
                    train/accept_len=1.000,                                     
                    train/full_acc=0.00e+00,                                    
                    train/position_1_acc=0.00e+00,                              
                    train/position_2_acc=0.00e+00,                              
                    train/position_3_acc=0.00e+00,                              
                    train/position_4_acc=0.00e+00,                              
                    train/position_5_acc=0.00e+00,                              
                    train/position_6_acc=0.00e+00,                              
                    train/position_7_acc=0.00e+00,                              
                    profile/fetch_ms=8.17e+03,                                  
                    profile/fwd_ms=1.30e+03,                                    
                    profile/bwd_ms=282.984, profile/opt_ms=0.077,               
                    profile/step_ms=9.76e+03,                                   
                    profile/tokens_per_s=419.142,                               
                    profile/fetch_frac=0.837, epoch=0,                          
                    lr/Muon=0.00e+00, lr/AdamW=0.00e+00,                        
                    global_step=0                                               
[06:39:30] INFO     train/confidence_loss=0.059,                  trainer.py:584
                    train/confidence_abs_error=0.059,                           
                    train/confidence_pred_mean=0.059,                           
                    train/confidence_cumprod_bias=0.017,                        
                    train/loss=0.444, train/ce_loss=2.275,                      
                    train/tv_loss=0.214,                                        
                    train/accept_rate=3.91e-04,                                 
                    train/accept_len=1.000,                                     
                    train/full_acc=0.00e+00,                                    
                    train/position_1_acc=0.00e+00,                              
                    train/position_2_acc=0.00e+00,                              
                    train/position_3_acc=0.00e+00,                              
                    train/position_4_acc=0.00e+00,                              
                    train/position_5_acc=0.00e+00,                              
                    train/position_6_acc=0.00e+00,                              
                    train/position_7_acc=0.00e+00,                              
                    profile/fetch_ms=73.282,                                    
                    profile/fwd_ms=90.098, profile/bwd_ms=94.321,               
                    profile/opt_ms=245.406,                                     
                    profile/step_ms=503.107,                                    
                    profile/tokens_per_s=7.67e+03,                              
                    profile/fetch_frac=0.146, epoch=0,                          
                    lr/Muon=4.37e-04, lr/AdamW=4.37e-05,                        
                    global_step=20                                              
[06:39:45] INFO     train/confidence_loss=0.172,                  trainer.py:584
                    train/confidence_abs_error=0.025,                           
                    train/confidence_pred_mean=4.61e-04,                        
                    train/confidence_cumprod_bias=-0.007,                       
                    train/loss=0.412, train/ce_loss=1.594,                      
                    train/tv_loss=0.205, train/accept_rate=0.044,               
                    train/accept_len=1.049, train/full_acc=0.084,               
                    train/position_1_acc=0.081,                                 
                    train/position_2_acc=0.091,                                 
                    train/position_3_acc=0.083,                                 
                    train/position_4_acc=0.078,                                 
                    train/position_5_acc=0.083,                                 
                    train/position_6_acc=0.088,                                 
                    train/position_7_acc=0.085,                                 
                    profile/fetch_ms=74.450,                                    
                    profile/fwd_ms=88.376, profile/bwd_ms=93.797,               
                    profile/opt_ms=0.041,                                       
                    profile/step_ms=256.664,                                    
                    profile/tokens_per_s=1.41e+04,                              
                    profile/fetch_frac=0.290, epoch=0,                          
                    lr/Muon=8.12e-04, lr/AdamW=8.12e-05,                        
                    global_step=40                                              
[06:40:03] INFO     train/confidence_loss=0.127,                  trainer.py:584
                    train/confidence_abs_error=0.041,                           
                    train/confidence_pred_mean=0.025,                           
                    train/confidence_cumprod_bias=-0.004,                       
                    train/loss=0.366, train/ce_loss=1.350,                      
                    train/tv_loss=0.200, train/accept_rate=0.064,               
                    train/accept_len=1.071, train/full_acc=0.114,               
                    train/position_1_acc=0.103,                                 
                    train/position_2_acc=0.134,                                 
                    train/position_3_acc=0.108,                                 
                    train/position_4_acc=0.117,                                 
                    train/position_5_acc=0.102,                                 
                    train/position_6_acc=0.116,                                 
                    train/position_7_acc=0.119,                                 
                    profile/fetch_ms=42.848,                                    
                    profile/fwd_ms=96.603, profile/bwd_ms=90.403,               
                    profile/opt_ms=0.053,                                       
                    profile/step_ms=229.908,                                    
                    profile/tokens_per_s=1.70e+04,                              
                    profile/fetch_frac=0.186, epoch=0,                          
                    lr/Muon=0.001, lr/AdamW=1.25e-04,                           
                    global_step=60                                              
[06:40:18] INFO     train/confidence_loss=0.146,                  trainer.py:584
                    train/confidence_abs_error=0.042,                           
                    train/confidence_pred_mean=0.013,                           
                    train/confidence_cumprod_bias=-0.010,                       
                    train/loss=0.381, train/ce_loss=1.444,                      
                    train/tv_loss=0.199, train/accept_rate=0.070,               
                    train/accept_len=1.092, train/full_acc=0.096,               
                    train/position_1_acc=0.107,                                 
                    train/position_2_acc=0.085,                                 
                    train/position_3_acc=0.096,                                 
                    train/position_4_acc=0.080,                                 
                    train/position_5_acc=0.106,                                 
                    train/position_6_acc=0.099,                                 
                    train/position_7_acc=0.099,                                 
                    profile/fetch_ms=71.225,                                    
                    profile/fwd_ms=103.894,                                     
                    profile/bwd_ms=93.807,                                      
                    profile/opt_ms=243.854,                                     
                    profile/step_ms=512.781,                                    
                    profile/tokens_per_s=7.62e+03,                              
                    profile/fetch_frac=0.139, epoch=0,                          
                    lr/Muon=0.002, lr/AdamW=1.69e-04,                           
                    global_step=80                                              
[06:40:36] INFO     train/confidence_loss=0.194,                  trainer.py:584
                    train/confidence_abs_error=0.117,                           
                    train/confidence_pred_mean=0.119,                           
                    train/confidence_cumprod_bias=0.017,                        
                    train/loss=0.380, train/ce_loss=1.337,                      
                    train/tv_loss=0.187, train/accept_rate=0.124,               
                    train/accept_len=1.220, train/full_acc=0.149,               
                    train/position_1_acc=0.155,                                 
                    train/position_2_acc=0.157,                                 
                    train/position_3_acc=0.146,                                 
                    train/position_4_acc=0.149,                                 
                    train/position_5_acc=0.143,                                 
                    train/position_6_acc=0.135,                                 
                    train/position_7_acc=0.156,                                 
                    profile/fetch_ms=71.702,                                    
                    profile/fwd_ms=87.738, profile/bwd_ms=96.178,               
                    profile/opt_ms=0.047,                                       
                    profile/step_ms=255.665,                                    
                    profile/tokens_per_s=1.58e+04,                              
                    profile/fetch_frac=0.280, epoch=0,                          
                    lr/Muon=0.002, lr/AdamW=2.06e-04,                           
                    global_step=100                                             
[06:40:48] INFO     train/confidence_loss=0.240,                  trainer.py:584
                    train/confidence_abs_error=0.090,                           
                    train/confidence_pred_mean=0.040,                           
                    train/confidence_cumprod_bias=-0.028,                       
                    train/loss=0.386, train/ce_loss=1.300,                      
                    train/tv_loss=0.179, train/accept_rate=0.160,               
                    train/accept_len=1.279, train/full_acc=0.193,               
                    train/position_1_acc=0.203,                                 
                    train/position_2_acc=0.196,                                 
                    train/position_3_acc=0.194,                                 
                    train/position_4_acc=0.199,                                 
                    train/position_5_acc=0.198,                                 
                    train/position_6_acc=0.179,                                 
                    train/position_7_acc=0.179,                                 
                    profile/fetch_ms=3.090,                                     
                    profile/fwd_ms=91.190, profile/bwd_ms=89.768,               
                    profile/opt_ms=0.064,                                       
                    profile/step_ms=184.111,                                    
                    profile/tokens_per_s=2.21e+04,                              
                    profile/fetch_frac=0.017, epoch=0,                          
                    lr/Muon=0.002, lr/AdamW=2.50e-04,                           
                    global_step=120                                             
[06:41:06] INFO     train/confidence_loss=0.241,                  trainer.py:584
                    train/confidence_abs_error=0.097,                           
                    train/confidence_pred_mean=0.050,                           
                    train/confidence_cumprod_bias=-0.033,                       
                    train/loss=0.381, train/ce_loss=1.275,                      
                    train/tv_loss=0.173, train/accept_rate=0.183,               
                    train/accept_len=1.357, train/full_acc=0.225,               
                    train/position_1_acc=0.249,                                 
                    train/position_2_acc=0.221,                                 
                    train/position_3_acc=0.238,                                 
                    train/position_4_acc=0.204,                                 
                    train/position_5_acc=0.211,                                 
                    train/position_6_acc=0.238,                                 
                    train/position_7_acc=0.217,                                 
                    profile/fetch_ms=73.802,                                    
                    profile/fwd_ms=95.982, profile/bwd_ms=96.506,               
                    profile/opt_ms=262.407,                                     
                    profile/step_ms=528.697,                                    
                    profile/tokens_per_s=7.39e+03,                              
                    profile/fetch_frac=0.140, epoch=0,                          
                    lr/Muon=0.003, lr/AdamW=2.94e-04,                           
                    global_step=140                                             
[06:41:20] INFO     train/confidence_loss=0.246,                  trainer.py:584
                    train/confidence_abs_error=0.144,                           
                    train/confidence_pred_mean=0.176,                           
                    train/confidence_cumprod_bias=0.022,                        
                    train/loss=0.366, train/ce_loss=1.150,                      
                    train/tv_loss=0.168, train/accept_rate=0.211,               
                    train/accept_len=1.394, train/full_acc=0.247,               
                    train/position_1_acc=0.261,                                 
                    train/position_2_acc=0.258,                                 
                    train/position_3_acc=0.244,                                 
                    train/position_4_acc=0.255,                                 
                    train/position_5_acc=0.250,                                 
                    train/position_6_acc=0.232,                                 
                    train/position_7_acc=0.225,                                 
                    profile/fetch_ms=71.719,                                    
                    profile/fwd_ms=88.891,                                      
                    profile/bwd_ms=119.226, profile/opt_ms=0.066,               
                    profile/step_ms=279.902,                                    
                    profile/tokens_per_s=1.41e+04,                              
                    profile/fetch_frac=0.256, epoch=0,                          
                    lr/Muon=0.003, lr/AdamW=3.31e-04,                           
                    global_step=160                                             
[06:41:36] INFO     train/confidence_loss=0.236,                  trainer.py:584
                    train/confidence_abs_error=0.108,                           
                    train/confidence_pred_mean=0.090,                           
                    train/confidence_cumprod_bias=-0.033,                       
                    train/loss=0.361, train/ce_loss=1.163,                      
                    train/tv_loss=0.166, train/accept_rate=0.208,               
                    train/accept_len=1.530, train/full_acc=0.246,               
                    train/position_1_acc=0.319,                                 
                    train/position_2_acc=0.269,                                 
                    train/position_3_acc=0.252,                                 
                    train/position_4_acc=0.235,                                 
                    train/position_5_acc=0.212,                                 
                    train/position_6_acc=0.214,                                 
                    train/position_7_acc=0.219,                                 
                    profile/fetch_ms=92.368,                                    
                    profile/fwd_ms=95.414, profile/bwd_ms=92.641,               
                    profile/opt_ms=0.039,                                       
                    profile/step_ms=280.463,                                    
                    profile/tokens_per_s=1.18e+04,                              
                    profile/fetch_frac=0.329, epoch=0,                          
                    lr/Muon=0.004, lr/AdamW=3.75e-04,                           
                    global_step=180                                             
[06:41:50] INFO     train/confidence_loss=0.250,                  trainer.py:584
                    train/confidence_abs_error=0.107,                           
                    train/confidence_pred_mean=0.100,                           
                    train/confidence_cumprod_bias=-0.031,                       
                    train/loss=0.356, train/ce_loss=1.100,                      
                    train/tv_loss=0.163, train/accept_rate=0.214,               
                    train/accept_len=1.590, train/full_acc=0.256,               
                    train/position_1_acc=0.371,                                 
                    train/position_2_acc=0.306,                                 
                    train/position_3_acc=0.234,                                 
                    train/position_4_acc=0.224,                                 
                    train/position_5_acc=0.223,                                 
                    train/position_6_acc=0.210,                                 
                    train/position_7_acc=0.222,                                 
                    profile/fetch_ms=71.372,                                    
                    profile/fwd_ms=88.062, profile/bwd_ms=96.019,               
                    profile/opt_ms=234.135,                                     
                    profile/step_ms=489.588,                                    
                    profile/tokens_per_s=7.60e+03,                              
                    profile/fetch_frac=0.146, epoch=0,                          
                    lr/Muon=0.004, lr/AdamW=4.19e-04,                           
                    global_step=200                                             
[06:42:06] INFO     train/confidence_loss=0.262,                  trainer.py:584
                    train/confidence_abs_error=0.148,                           
                    train/confidence_pred_mean=0.185,                           
                    train/confidence_cumprod_bias=0.029,                        
                    train/loss=0.362, train/ce_loss=1.125,                      
                    train/tv_loss=0.163, train/accept_rate=0.205,               
                    train/accept_len=1.592, train/full_acc=0.227,               
                    train/position_1_acc=0.404,                                 
                    train/position_2_acc=0.251,                                 
                    train/position_3_acc=0.218,                                 
                    train/position_4_acc=0.197,                                 
                    train/position_5_acc=0.182,                                 
                    train/position_6_acc=0.169,                                 
                    train/position_7_acc=0.170,                                 
                    profile/fetch_ms=65.320,                                    
                    profile/fwd_ms=89.046, profile/bwd_ms=93.795,               
                    profile/opt_ms=0.047,                                       
                    profile/step_ms=248.208,                                    
                    profile/tokens_per_s=1.51e+04,                              
                    profile/fetch_frac=0.263, epoch=0,                          
                    lr/Muon=0.005, lr/AdamW=4.56e-04,                           
                    global_step=220                                             
[06:42:21] INFO     train/confidence_loss=0.240,                  trainer.py:584
                    train/confidence_abs_error=0.110,                           
                    train/confidence_pred_mean=0.109,                           
                    train/confidence_cumprod_bias=-0.037,                       
                    train/loss=0.341, train/ce_loss=1.044,                      
                    train/tv_loss=0.156, train/accept_rate=0.224,               
                    train/accept_len=1.751, train/full_acc=0.264,               
                    train/position_1_acc=0.488,                                 
                    train/position_2_acc=0.288,                                 
                    train/position_3_acc=0.249,                                 
                    train/position_4_acc=0.222,                                 
                    train/position_5_acc=0.216,                                 
                    train/position_6_acc=0.191,                                 
                    train/position_7_acc=0.189,                                 
                    profile/fetch_ms=42.370,                                    
                    profile/fwd_ms=92.209, profile/bwd_ms=93.796,               
                    profile/opt_ms=0.036,                                       
                    profile/step_ms=228.411,                                    
                    profile/tokens_per_s=1.65e+04,                              
                    profile/fetch_frac=0.186, epoch=0,                          
                    lr/Muon=0.005, lr/AdamW=5.00e-04,                           
                    global_step=240                                             
[06:42:39] INFO     train/confidence_loss=0.254,                  trainer.py:584
                    train/confidence_abs_error=0.110,                           
                    train/confidence_pred_mean=0.131,                           
                    train/confidence_cumprod_bias=-0.046,                       
                    train/loss=0.308, train/ce_loss=0.838,                      
                    train/tv_loss=0.134, train/accept_rate=0.312,               
                    train/accept_len=2.170, train/full_acc=0.351,               
                    train/position_1_acc=0.617,                                 
                    train/position_2_acc=0.449,                                 
                    train/position_3_acc=0.302,                                 
                    train/position_4_acc=0.294,                                 
                    train/position_5_acc=0.283,                                 
                    train/position_6_acc=0.270,                                 
                    train/position_7_acc=0.241,                                 
                    profile/fetch_ms=74.554,                                    
                    profile/fwd_ms=3.12e+03,                                    
                    profile/bwd_ms=93.135,                                      
                    profile/opt_ms=254.516,                                     
                    profile/step_ms=3.55e+03,                                   
                    profile/tokens_per_s=1.05e+03,                              
                    profile/fetch_frac=0.021, epoch=0,                          
                    lr/Muon=0.005, lr/AdamW=5.44e-04,                           
                    global_step=260                                             
[06:42:51] INFO     train/confidence_loss=0.212,                  trainer.py:584
                    train/confidence_abs_error=0.110,                           
                    train/confidence_pred_mean=0.153,                           
                    train/confidence_cumprod_bias=0.020,                        
                    train/loss=0.341, train/ce_loss=1.144,                      
                    train/tv_loss=0.156, train/accept_rate=0.221,               
                    train/accept_len=1.763, train/full_acc=0.254,               
                    train/position_1_acc=0.486,                                 
                    train/position_2_acc=0.292,                                 
                    train/position_3_acc=0.234,                                 
                    train/position_4_acc=0.167,                                 
                    train/position_5_acc=0.195,                                 
                    train/position_6_acc=0.204,                                 
                    train/position_7_acc=0.199,                                 
                    profile/fetch_ms=71.366,                                    
                    profile/fwd_ms=152.886,                                     
                    profile/bwd_ms=98.470, profile/opt_ms=0.104,                
                    profile/step_ms=322.826,                                    
                    profile/tokens_per_s=1.19e+04,                              
                    profile/fetch_frac=0.221, epoch=0,                          
                    lr/Muon=0.006, lr/AdamW=5.81e-04,                           
                    global_step=280                                             
[06:43:07] INFO     train/confidence_loss=0.256,                  trainer.py:584
                    train/confidence_abs_error=0.128,                           
                    train/confidence_pred_mean=0.175,                           
                    train/confidence_cumprod_bias=-0.041,                       
                    train/loss=0.281, train/ce_loss=0.706,                      
                    train/tv_loss=0.120, train/accept_rate=0.378,               
                    train/accept_len=2.439, train/full_acc=0.413,               
                    train/position_1_acc=0.702,                                 
                    train/position_2_acc=0.471,                                 
                    train/position_3_acc=0.419,                                 
                    train/position_4_acc=0.354,                                 
                    train/position_5_acc=0.334,                                 
                    train/position_6_acc=0.300,                                 
                    train/position_7_acc=0.310,                                 
                    profile/fetch_ms=92.532,                                    
                    profile/fwd_ms=1.07e+03,                                    
                    profile/bwd_ms=108.025, profile/opt_ms=0.049,               
                    profile/step_ms=1.27e+03,                                   
                    profile/tokens_per_s=3.00e+03,                              
                    profile/fetch_frac=0.073, epoch=0,                          
                    lr/Muon=0.006, lr/AdamW=6.00e-04,                           
                    global_step=300                                             
[06:43:22] INFO     train/confidence_loss=0.262,                  trainer.py:584
                    train/confidence_abs_error=0.103,                           
                    train/confidence_pred_mean=0.092,                           
                    train/confidence_cumprod_bias=-0.040,                       
                    train/loss=0.328, train/ce_loss=0.938,                      
                    train/tv_loss=0.145, train/accept_rate=0.266,               
                    train/accept_len=1.920, train/full_acc=0.307,               
                    train/position_1_acc=0.586,                                 
                    train/position_2_acc=0.335,                                 
                    train/position_3_acc=0.295,                                 
                    train/position_4_acc=0.250,                                 
                    train/position_5_acc=0.227,                                 
                    train/position_6_acc=0.221,                                 
                    train/position_7_acc=0.231,                                 
                    profile/fetch_ms=72.808,                                    
                    profile/fwd_ms=107.757,                                     
                    profile/bwd_ms=117.067,                                     
                    profile/opt_ms=260.061,                                     
                    profile/step_ms=557.693,                                    
                    profile/tokens_per_s=6.79e+03,                              
                    profile/fetch_frac=0.131, epoch=0,                          
                    lr/Muon=0.006, lr/AdamW=5.99e-04,                           
                    global_step=320                                             
[06:43:36] INFO     train/confidence_loss=0.247,                  trainer.py:584
                    train/confidence_abs_error=0.140,                           
                    train/confidence_pred_mean=0.245,                           
                    train/confidence_cumprod_bias=0.036,                        
                    train/loss=0.291, train/ce_loss=0.787,                      
                    train/tv_loss=0.125, train/accept_rate=0.345,               
                    train/accept_len=2.348, train/full_acc=0.379,               
                    train/position_1_acc=0.688,                                 
                    train/position_2_acc=0.438,                                 
                    train/position_3_acc=0.365,                                 
                    train/position_4_acc=0.305,                                 
                    train/position_5_acc=0.316,                                 
                    train/position_6_acc=0.281,                                 
                    train/position_7_acc=0.256,                                 
                    profile/fetch_ms=67.818,                                    
                    profile/fwd_ms=824.708,                                     
                    profile/bwd_ms=92.968, profile/opt_ms=0.093,                
                    profile/step_ms=985.588,                                    
                    profile/tokens_per_s=3.93e+03,                              
                    profile/fetch_frac=0.069, epoch=0,                          
                    lr/Muon=0.006, lr/AdamW=5.99e-04,                           
                    global_step=340                                             
[06:43:52] INFO     train/confidence_loss=0.252,                  trainer.py:584
                    train/confidence_abs_error=0.119,                           
                    train/confidence_pred_mean=0.147,                           
                    train/confidence_cumprod_bias=-0.041,                       
                    train/loss=0.300, train/ce_loss=0.819,                      
                    train/tv_loss=0.130, train/accept_rate=0.330,               
                    train/accept_len=2.240, train/full_acc=0.361,               
                    train/position_1_acc=0.666,                                 
                    train/position_2_acc=0.423,                                 
                    train/position_3_acc=0.331,                                 
                    train/position_4_acc=0.305,                                 
                    train/position_5_acc=0.270,                                 
                    train/position_6_acc=0.250,                                 
                    train/position_7_acc=0.281,                                 
                    profile/fetch_ms=52.012,                                    
                    profile/fwd_ms=107.476,                                     
                    profile/bwd_ms=84.882, profile/opt_ms=0.036,                
                    profile/step_ms=244.407,                                    
                    profile/tokens_per_s=1.60e+04,                              
                    profile/fetch_frac=0.213, epoch=0,                          
                    lr/Muon=0.006, lr/AdamW=5.98e-04,                           
                    global_step=360                                             
[06:44:08] INFO     train/confidence_loss=0.230,                  trainer.py:584
                    train/confidence_abs_error=0.110,                           
                    train/confidence_pred_mean=0.158,                           
                    train/confidence_cumprod_bias=-0.025,                       
                    train/loss=0.300, train/ce_loss=0.887,                      
                    train/tv_loss=0.133, train/accept_rate=0.322,               
                    train/accept_len=2.234, train/full_acc=0.356,               
                    train/position_1_acc=0.649,                                 
                    train/position_2_acc=0.404,                                 
                    train/position_3_acc=0.327,                                 
                    train/position_4_acc=0.284,                                 
                    train/position_5_acc=0.293,                                 
                    train/position_6_acc=0.278,                                 
                    train/position_7_acc=0.253,                                 
                    profile/fetch_ms=69.148,                                    
                    profile/fwd_ms=91.712,                                      
                    profile/bwd_ms=112.639,                                     
                    profile/opt_ms=351.208,                                     
                    profile/step_ms=624.707,                                    
                    profile/tokens_per_s=6.20e+03,                              
                    profile/fetch_frac=0.111, epoch=0,                          
                    lr/Muon=0.006, lr/AdamW=5.98e-04,                           
                    global_step=380                                             
[06:44:20] INFO     train/confidence_loss=0.245,                  trainer.py:584
                    train/confidence_abs_error=0.131,                           
                    train/confidence_pred_mean=0.240,                           
                    train/confidence_cumprod_bias=0.050,                        
                    train/loss=0.303, train/ce_loss=0.856,                      
                    train/tv_loss=0.133, train/accept_rate=0.320,               
                    train/accept_len=2.214, train/full_acc=0.349,               
                    train/position_1_acc=0.638,                                 
                    train/position_2_acc=0.404,                                 
                    train/position_3_acc=0.339,                                 
                    train/position_4_acc=0.297,                                 
                    train/position_5_acc=0.265,                                 
                    train/position_6_acc=0.262,                                 
                    train/position_7_acc=0.238,                                 
                    profile/fetch_ms=72.126,                                    
                    profile/fwd_ms=89.655, profile/bwd_ms=93.171,               
                    profile/opt_ms=0.043,                                       
                    profile/step_ms=254.995,                                    
                    profile/tokens_per_s=1.55e+04,                              
                    profile/fetch_frac=0.283, epoch=0,                          
                    lr/Muon=0.006, lr/AdamW=5.98e-04,                           
                    global_step=400                                             
[06:44:38] INFO     train/confidence_loss=0.248,                  trainer.py:584
                    train/confidence_abs_error=0.120,                           
                    train/confidence_pred_mean=0.163,                           
                    train/confidence_cumprod_bias=-0.015,                       
                    train/loss=0.294, train/ce_loss=0.794,                      
                    train/tv_loss=0.129, train/accept_rate=0.329,               
                    train/accept_len=2.207, train/full_acc=0.368,               
                    train/position_1_acc=0.669,                                 
                    train/position_2_acc=0.452,                                 
                    train/position_3_acc=0.361,                                 
                    train/position_4_acc=0.302,                                 
                    train/position_5_acc=0.287,                                 
                    train/position_6_acc=0.260,                                 
                    train/position_7_acc=0.241,                                 
                    profile/fetch_ms=36.949,                                    
                    profile/fwd_ms=2.07e+03,                                    
                    profile/bwd_ms=108.724, profile/opt_ms=0.048,               
                    profile/step_ms=2.21e+03,                                   
                    profile/tokens_per_s=1.63e+03,                              
                    profile/fetch_frac=0.017, epoch=0,                          
                    lr/Muon=0.006, lr/AdamW=5.97e-04,                           
                    global_step=420                                             
[06:44:53] INFO     train/confidence_loss=0.230,                  trainer.py:584
                    train/confidence_abs_error=0.108,                           
                    train/confidence_pred_mean=0.151,                           
                    train/confidence_cumprod_bias=-0.015,                       
                    train/loss=0.309, train/ce_loss=0.931,                      
                    train/tv_loss=0.137, train/accept_rate=0.299,               
                    train/accept_len=2.119, train/full_acc=0.335,               
                    train/position_1_acc=0.605,                                 
                    train/position_2_acc=0.389,                                 
                    train/position_3_acc=0.316,                                 
                    train/position_4_acc=0.306,                                 
                    train/position_5_acc=0.252,                                 
                    train/position_6_acc=0.252,                                 
                    train/position_7_acc=0.224,                                 
                    profile/fetch_ms=96.138,                                    
                    profile/fwd_ms=148.510,                                     
                    profile/bwd_ms=141.866,                                     
                    profile/opt_ms=224.391,                                     
                    profile/step_ms=610.906,                                    
                    profile/tokens_per_s=6.67e+03,                              
                    profile/fetch_frac=0.157, epoch=0,                          
                    lr/Muon=0.006, lr/AdamW=5.97e-04,                           
                    global_step=440                                             
[06:45:09] INFO     train/confidence_loss=0.254,                  trainer.py:584
                    train/confidence_abs_error=0.135,                           
                    train/confidence_pred_mean=0.230,                           
                    train/confidence_cumprod_bias=0.016,                        
                    train/loss=0.284, train/ce_loss=0.750,                      
                    train/tv_loss=0.121, train/accept_rate=0.361,               
                    train/accept_len=2.405, train/full_acc=0.391,               
                    train/position_1_acc=0.712,                                 
                    train/position_2_acc=0.472,                                 
                    train/position_3_acc=0.393,                                 
                    train/position_4_acc=0.331,                                 
                    train/position_5_acc=0.291,                                 
                    train/position_6_acc=0.278,                                 
                    train/position_7_acc=0.257,                                 
                    profile/fetch_ms=73.115,                                    
                    profile/fwd_ms=91.809,                                      
                    profile/bwd_ms=113.776, profile/opt_ms=0.049,               
                    profile/step_ms=278.749,                                    
                    profile/tokens_per_s=1.43e+04,                              
                    profile/fetch_frac=0.262, epoch=0,                          
                    lr/Muon=0.006, lr/AdamW=5.96e-04,                           
                    global_step=460                                             
[06:45:19] INFO     train/confidence_loss=0.243,                  trainer.py:584
                    train/confidence_abs_error=0.113,                           
                    train/confidence_pred_mean=0.162,                           
                    train/confidence_cumprod_bias=-0.019,                       
                    train/loss=0.294, train/ce_loss=0.797,                      
                    train/tv_loss=0.130, train/accept_rate=0.332,               
                    train/accept_len=2.281, train/full_acc=0.365,               
                    train/position_1_acc=0.688,                                 
                    train/position_2_acc=0.413,                                 
                    train/position_3_acc=0.352,                                 
                    train/position_4_acc=0.306,                                 
                    train/position_5_acc=0.306,                                 
                    train/position_6_acc=0.244,                                 
                    train/position_7_acc=0.242,                                 
                    profile/fetch_ms=66.837,                                    
                    profile/fwd_ms=97.562, profile/bwd_ms=92.157,               
                    profile/opt_ms=0.035,                                       
                    profile/step_ms=256.591,                                    
                    profile/tokens_per_s=1.43e+04,                              
                    profile/fetch_frac=0.260, epoch=0,                          
                    lr/Muon=0.006, lr/AdamW=5.96e-04,                           
                    global_step=480                                             
[06:45:37] INFO     train/confidence_loss=0.250,                  trainer.py:584
                    train/confidence_abs_error=0.119,                           
                    train/confidence_pred_mean=0.186,                           
                    train/confidence_cumprod_bias=-0.028,                       
                    train/loss=0.266, train/ce_loss=0.647,                      
                    train/tv_loss=0.113, train/accept_rate=0.394,               
                    train/accept_len=2.582, train/full_acc=0.434,               
                    train/position_1_acc=0.760,                                 
                    train/position_2_acc=0.544,                                 
                    train/position_3_acc=0.441,                                 
                    train/position_4_acc=0.365,                                 
                    train/position_5_acc=0.344,                                 
                    train/position_6_acc=0.301,                                 
                    train/position_7_acc=0.278,                                 
                    profile/fetch_ms=77.332,                                    
                    profile/fwd_ms=94.688, profile/bwd_ms=88.199,               
                    profile/opt_ms=303.833,                                     
                    profile/step_ms=564.052,                                    
                    profile/tokens_per_s=6.55e+03,                              
                    profile/fetch_frac=0.137, epoch=0,                          
                    lr/Muon=0.006, lr/AdamW=5.96e-04,                           
                    global_step=500                                             
[06:45:52] INFO     train/confidence_loss=0.250,                  trainer.py:584
                    train/confidence_abs_error=0.140,                           
                    train/confidence_pred_mean=0.227,                           
                    train/confidence_cumprod_bias=-0.012,                       
                    train/loss=0.281, train/ce_loss=0.725,                      
                    train/tv_loss=0.120, train/accept_rate=0.368,               
                    train/accept_len=2.393, train/full_acc=0.392,               
                    train/position_1_acc=0.739,                                 
                    train/position_2_acc=0.468,                                 
                    train/position_3_acc=0.383,                                 
                    train/position_4_acc=0.346,                                 
                    train/position_5_acc=0.294,                                 
                    train/position_6_acc=0.231,                                 
                    train/position_7_acc=0.281,                                 
                    profile/fetch_ms=75.612,                                    
                    profile/fwd_ms=88.865, profile/bwd_ms=92.100,               
                    profile/opt_ms=0.036,                                       
                    profile/step_ms=256.612,                                    
                    profile/tokens_per_s=1.54e+04,                              
                    profile/fetch_frac=0.295, epoch=0,                          
                    lr/Muon=0.006, lr/AdamW=5.95e-04,                           
                    global_step=520                                             
[06:46:06] INFO     train/confidence_loss=0.246,                  trainer.py:584
                    train/confidence_abs_error=0.125,                           
                    train/confidence_pred_mean=0.199,                           
                    train/confidence_cumprod_bias=-0.035,                       
                    train/loss=0.266, train/ce_loss=0.675,                      
                    train/tv_loss=0.112, train/accept_rate=0.407,               
                    train/accept_len=2.683, train/full_acc=0.440,               
                    train/position_1_acc=0.753,                                 
                    train/position_2_acc=0.535,                                 
                    train/position_3_acc=0.441,                                 
                    train/position_4_acc=0.385,                                 
                    train/position_5_acc=0.342,                                 
                    train/position_6_acc=0.337,                                 
                    train/position_7_acc=0.280,                                 
                    profile/fetch_ms=15.217,                                    
                    profile/fwd_ms=94.859, profile/bwd_ms=92.071,               
                    profile/opt_ms=0.045,                                       
                    profile/step_ms=202.192,                                    
                    profile/tokens_per_s=1.97e+04,                              
                    profile/fetch_frac=0.075, epoch=0,                          
                    lr/Muon=0.006, lr/AdamW=5.95e-04,                           
                    global_step=540                                             
[06:46:20] INFO     train/confidence_loss=0.258,                  trainer.py:584
                    train/confidence_abs_error=0.118,                           
                    train/confidence_pred_mean=0.152,                           
                    train/confidence_cumprod_bias=-0.019,                       
                    train/loss=0.303, train/ce_loss=0.819,                      
                    train/tv_loss=0.130, train/accept_rate=0.323,               
                    train/accept_len=2.184, train/full_acc=0.368,               
                    train/position_1_acc=0.700,                                 
                    train/position_2_acc=0.421,                                 
                    train/position_3_acc=0.353,                                 
                    train/position_4_acc=0.307,                                 
                    train/position_5_acc=0.273,                                 
                    train/position_6_acc=0.266,                                 
                    train/position_7_acc=0.250,                                 
                    profile/fetch_ms=67.974,                                    
                    profile/fwd_ms=91.013, profile/bwd_ms=93.462,               
                    profile/opt_ms=255.353,                                     
                    profile/step_ms=507.801,                                    
                    profile/tokens_per_s=7.74e+03,                              
                    profile/fetch_frac=0.134, epoch=0,                          
                    lr/Muon=0.006, lr/AdamW=5.94e-04,                           
                    global_step=560                                             
[06:46:37] INFO     train/confidence_loss=0.236,                  trainer.py:584
                    train/confidence_abs_error=0.125,                           
                    train/confidence_pred_mean=0.238,                           
                    train/confidence_cumprod_bias=-0.013,                       
                    train/loss=0.256, train/ce_loss=0.628,                      
                    train/tv_loss=0.109, train/accept_rate=0.419,               
                    train/accept_len=2.759, train/full_acc=0.454,               
                    train/position_1_acc=0.766,                                 
                    train/position_2_acc=0.547,                                 
                    train/position_3_acc=0.458,                                 
                    train/position_4_acc=0.399,                                 
                    train/position_5_acc=0.336,                                 
                    train/position_6_acc=0.344,                                 
                    train/position_7_acc=0.326,                                 
                    profile/fetch_ms=76.218,                                    
                    profile/fwd_ms=1.01e+03,                                    
                    profile/bwd_ms=91.825, profile/opt_ms=0.033,                
                    profile/step_ms=1.18e+03,                                   
                    profile/tokens_per_s=3.32e+03,                              
                    profile/fetch_frac=0.065, epoch=0,                          
                    lr/Muon=0.006, lr/AdamW=5.94e-04,                           
                    global_step=580                                             
[06:46:50] INFO     train/confidence_loss=0.248,                  trainer.py:584
                    train/confidence_abs_error=0.121,                           
                    train/confidence_pred_mean=0.167,                           
                    train/confidence_cumprod_bias=-0.021,                       
                    train/loss=0.291, train/ce_loss=0.787,                      
                    train/tv_loss=0.124, train/accept_rate=0.355,               
                    train/accept_len=2.313, train/full_acc=0.389,               
                    train/position_1_acc=0.681,                                 
                    train/position_2_acc=0.475,                                 
                    train/position_3_acc=0.397,                                 
                    train/position_4_acc=0.325,                                 
                    train/position_5_acc=0.300,                                 
                    train/position_6_acc=0.296,                                 
                    train/position_7_acc=0.245,                                 
                    profile/fetch_ms=3.212,                                     
                    profile/fwd_ms=89.515, profile/bwd_ms=91.153,               
                    profile/opt_ms=0.069,                                       
                    profile/step_ms=183.949,                                    
                    profile/tokens_per_s=2.17e+04,                              
                    profile/fetch_frac=0.017, epoch=0,                          
                    lr/Muon=0.006, lr/AdamW=5.93e-04,                           
                    global_step=600                                             
[06:47:09] INFO     train/confidence_loss=0.249,                  trainer.py:584
                    train/confidence_abs_error=0.122,                           
                    train/confidence_pred_mean=0.201,                           
                    train/confidence_cumprod_bias=-0.025,                       
                    train/loss=0.261, train/ce_loss=0.619,                      
                    train/tv_loss=0.110, train/accept_rate=0.409,               
                    train/accept_len=2.703, train/full_acc=0.438,               
                    train/position_1_acc=0.770,                                 
                    train/position_2_acc=0.533,                                 
                    train/position_3_acc=0.467,                                 
                    train/position_4_acc=0.347,                                 
                    train/position_5_acc=0.323,                                 
                    train/position_6_acc=0.321,                                 
                    train/position_7_acc=0.305,                                 
                    profile/fetch_ms=70.852,                                    
                    profile/fwd_ms=2.63e+03,                                    
                    profile/bwd_ms=98.311,                                      
                    profile/opt_ms=305.774,                                     
                    profile/step_ms=3.10e+03,                                   
                    profile/tokens_per_s=1.29e+03,                              
                    profile/fetch_frac=0.023, epoch=0,                          
                    lr/Muon=0.006, lr/AdamW=5.93e-04,                           
                    global_step=620                                             
[06:47:22] INFO     train/confidence_loss=0.240,                  trainer.py:584
                    train/confidence_abs_error=0.130,                           
                    train/confidence_pred_mean=0.251,                           
                    train/confidence_cumprod_bias=0.017,                        
                    train/loss=0.266, train/ce_loss=0.675,                      
                    train/tv_loss=0.113, train/accept_rate=0.400,               
                    train/accept_len=2.612, train/full_acc=0.431,               
                    train/position_1_acc=0.745,                                 
                    train/position_2_acc=0.503,                                 
                    train/position_3_acc=0.434,                                 
                    train/position_4_acc=0.372,                                 
                    train/position_5_acc=0.328,                                 
                    train/position_6_acc=0.334,                                 
                    train/position_7_acc=0.296,                                 
                    profile/fetch_ms=72.402,                                    
                    profile/fwd_ms=115.214,                                     
                    profile/bwd_ms=98.422, profile/opt_ms=0.058,                
                    profile/step_ms=286.096,                                    
                    profile/tokens_per_s=1.38e+04,                              
                    profile/fetch_frac=0.253, epoch=0,                          
                    lr/Muon=0.006, lr/AdamW=5.93e-04,                           
                    global_step=640                                             
[06:47:36] INFO     train/confidence_loss=0.242,                  trainer.py:584
                    train/confidence_abs_error=0.114,                           
                    train/confidence_pred_mean=0.170,                           
                    train/confidence_cumprod_bias=-0.033,                       
                    train/loss=0.286, train/ce_loss=0.787,                      
                    train/tv_loss=0.123, train/accept_rate=0.365,               
                    train/accept_len=2.409, train/full_acc=0.392,               
                    train/position_1_acc=0.660,                                 
                    train/position_2_acc=0.465,                                 
                    train/position_3_acc=0.400,                                 
                    train/position_4_acc=0.337,                                 
                    train/position_5_acc=0.310,                                 
                    train/position_6_acc=0.293,                                 
                    train/position_7_acc=0.276,                                 
                    profile/fetch_ms=79.575,                                    
                    profile/fwd_ms=2.91e+03,                                    
                    profile/bwd_ms=91.379, profile/opt_ms=0.074,                
                    profile/step_ms=3.08e+03,                                   
                    profile/tokens_per_s=1.29e+03,                              
                    profile/fetch_frac=0.026, epoch=0,                          
                    lr/Muon=0.006, lr/AdamW=5.92e-04,                           
                    global_step=660                                             
[06:47:50] INFO     train/confidence_loss=0.249,                  trainer.py:584
                    train/confidence_abs_error=0.116,                           
                    train/confidence_pred_mean=0.188,                           
                    train/confidence_cumprod_bias=-0.027,                       
                    train/loss=0.266, train/ce_loss=0.653,                      
                    train/tv_loss=0.114, train/accept_rate=0.396,               
                    train/accept_len=2.569, train/full_acc=0.433,               
                    train/position_1_acc=0.736,                                 
                    train/position_2_acc=0.517,                                 
                    train/position_3_acc=0.402,                                 
                    train/position_4_acc=0.391,                                 
                    train/position_5_acc=0.351,                                 
                    train/position_6_acc=0.345,                                 
                    train/position_7_acc=0.288,                                 
                    profile/fetch_ms=68.748,                                    
                    profile/fwd_ms=92.335, profile/bwd_ms=94.697,               
                    profile/opt_ms=305.241,                                     
                    profile/step_ms=561.022,                                    
                    profile/tokens_per_s=6.92e+03,                              
                    profile/fetch_frac=0.123, epoch=0,                          
                    lr/Muon=0.006, lr/AdamW=5.92e-04,                           
                    global_step=680                                             
[06:48:07] INFO     train/confidence_loss=0.239,                  trainer.py:584
                    train/confidence_abs_error=0.130,                           
                    train/confidence_pred_mean=0.231,                           
                    train/confidence_cumprod_bias=0.013,                        
                    train/loss=0.286, train/ce_loss=0.794,                      
                    train/tv_loss=0.123, train/accept_rate=0.362,               
                    train/accept_len=2.425, train/full_acc=0.397,               
                    train/position_1_acc=0.700,                                 
                    train/position_2_acc=0.467,                                 
                    train/position_3_acc=0.375,                                 
                    train/position_4_acc=0.355,                                 
                    train/position_5_acc=0.320,                                 
                    train/position_6_acc=0.285,                                 
                    train/position_7_acc=0.274,                                 
                    profile/fetch_ms=94.196,                                    
                    profile/fwd_ms=2.56e+03,                                    
                    profile/bwd_ms=93.775, profile/opt_ms=0.027,                
                    profile/step_ms=2.74e+03,                                   
                    profile/tokens_per_s=1.47e+03,                              
                    profile/fetch_frac=0.034, epoch=0,                          
                    lr/Muon=0.006, lr/AdamW=5.91e-04,                           
                    global_step=700                                             
[06:48:19] INFO     train/confidence_loss=0.231,                  trainer.py:584
                    train/confidence_abs_error=0.128,                           
                    train/confidence_pred_mean=0.260,                           
                    train/confidence_cumprod_bias=-0.003,                       
                    train/loss=0.250, train/ce_loss=0.619,                      
                    train/tv_loss=0.104, train/accept_rate=0.440,               
                    train/accept_len=2.905, train/full_acc=0.472,               
                    train/position_1_acc=0.800,                                 
                    train/position_2_acc=0.575,                                 
                    train/position_3_acc=0.468,                                 
                    train/position_4_acc=0.387,                                 
                    train/position_5_acc=0.363,                                 
                    train/position_6_acc=0.366,                                 
                    train/position_7_acc=0.342,                                 
                    profile/fetch_ms=33.289,                                    
                    profile/fwd_ms=107.909,                                     
                    profile/bwd_ms=115.176, profile/opt_ms=0.069,               
                    profile/step_ms=256.443,                                    
                    profile/tokens_per_s=1.56e+04,                              
                    profile/fetch_frac=0.130, epoch=0,                          
                    lr/Muon=0.006, lr/AdamW=5.91e-04,                           
                    global_step=720                                             
[06:48:38] INFO     train/confidence_loss=0.246,                  trainer.py:584
                    train/confidence_abs_error=0.135,                           
                    train/confidence_pred_mean=0.287,                           
                    train/confidence_cumprod_bias=0.029,                        
                    train/loss=0.247, train/ce_loss=0.581,                      
                    train/tv_loss=0.100, train/accept_rate=0.455,               
                    train/accept_len=2.866, train/full_acc=0.491,               
                    train/position_1_acc=0.786,                                 
                    train/position_2_acc=0.593,                                 
                    train/position_3_acc=0.510,                                 
                    train/position_4_acc=0.446,                                 
                    train/position_5_acc=0.412,                                 
                    train/position_6_acc=0.373,                                 
                    train/position_7_acc=0.314,                                 
                    profile/fetch_ms=69.394,                                    
                    profile/fwd_ms=3.71e+03,                                    
                    profile/bwd_ms=93.178,                                      
                    profile/opt_ms=296.833,                                     
                    profile/step_ms=4.17e+03,                                   
                    profile/tokens_per_s=810.110,                               
                    profile/fetch_frac=0.017, epoch=0,                          
                    lr/Muon=0.006, lr/AdamW=5.91e-04,                           
                    global_step=740                                             
[06:48:50] INFO     train/confidence_loss=0.248,                  trainer.py:584
                    train/confidence_abs_error=0.131,                           
                    train/confidence_pred_mean=0.237,                           
                    train/confidence_cumprod_bias=0.007,                        
                    train/loss=0.269, train/ce_loss=0.675,                      
                    train/tv_loss=0.113, train/accept_rate=0.398,               
                    train/accept_len=2.560, train/full_acc=0.434,               
                    train/position_1_acc=0.766,                                 
                    train/position_2_acc=0.530,                                 
                    train/position_3_acc=0.407,                                 
                    train/position_4_acc=0.382,                                 
                    train/position_5_acc=0.357,                                 
                    train/position_6_acc=0.312,                                 
                    train/position_7_acc=0.280,                                 
                    profile/fetch_ms=69.418,                                    
                    profile/fwd_ms=129.016,                                     
                    profile/bwd_ms=91.868, profile/opt_ms=0.047,                
                    profile/step_ms=290.350,                                    
                    profile/tokens_per_s=1.35e+04,                              
                    profile/fetch_frac=0.239, epoch=0,                          
                    lr/Muon=0.006, lr/AdamW=5.90e-04,                           
                    global_step=760                                             
[06:49:05] INFO     train/confidence_loss=0.234,                  trainer.py:584
                    train/confidence_abs_error=0.129,                           
                    train/confidence_pred_mean=0.256,                           
                    train/confidence_cumprod_bias=0.034,                        
                    train/loss=0.278, train/ce_loss=0.744,                      
                    train/tv_loss=0.120, train/accept_rate=0.366,               
                    train/accept_len=2.479, train/full_acc=0.396,               
                    train/position_1_acc=0.717,                                 
                    train/position_2_acc=0.472,                                 
                    train/position_3_acc=0.385,                                 
                    train/position_4_acc=0.336,                                 
                    train/position_5_acc=0.294,                                 
                    train/position_6_acc=0.280,                                 
                    train/position_7_acc=0.282,                                 
                    profile/fetch_ms=74.156,                                    
                    profile/fwd_ms=1.37e+03,                                    
                    profile/bwd_ms=99.022, profile/opt_ms=0.170,                
                    profile/step_ms=1.54e+03,                                   
                    profile/tokens_per_s=2.54e+03,                              
                    profile/fetch_frac=0.048, epoch=0,                          
                    lr/Muon=0.006, lr/AdamW=5.90e-04,                           
                    global_step=780                                             
[06:49:19] INFO     train/confidence_loss=0.237,                  trainer.py:584
                    train/confidence_abs_error=0.125,                           
                    train/confidence_pred_mean=0.276,                           
                    train/confidence_cumprod_bias=0.034,                        
                    train/loss=0.252, train/ce_loss=0.625,                      
                    train/tv_loss=0.105, train/accept_rate=0.436,               
                    train/accept_len=2.821, train/full_acc=0.467,               
                    train/position_1_acc=0.769,                                 
                    train/position_2_acc=0.568,                                 
                    train/position_3_acc=0.460,                                 
                    train/position_4_acc=0.407,                                 
                    train/position_5_acc=0.368,                                 
                    train/position_6_acc=0.354,                                 
                    train/position_7_acc=0.335,                                 
                    profile/fetch_ms=74.005,                                    
                    profile/fwd_ms=90.437, profile/bwd_ms=92.939,               
                    profile/opt_ms=285.907,                                     
                    profile/step_ms=543.287,                                    
                    profile/tokens_per_s=7.40e+03,                              
                    profile/fetch_frac=0.136, epoch=0,                          
                    lr/Muon=0.006, lr/AdamW=5.89e-04,                           
                    global_step=800                                             
[06:49:36] INFO     train/confidence_loss=0.254,                  trainer.py:584
                    train/confidence_abs_error=0.122,                           
                    train/confidence_pred_mean=0.192,                           
                    train/confidence_cumprod_bias=-0.022,                       
                    train/loss=0.272, train/ce_loss=0.688,                      
                    train/tv_loss=0.113, train/accept_rate=0.400,               
                    train/accept_len=2.559, train/full_acc=0.436,               
                    train/position_1_acc=0.743,                                 
                    train/position_2_acc=0.513,                                 
                    train/position_3_acc=0.446,                                 
                    train/position_4_acc=0.376,                                 
                    train/position_5_acc=0.339,                                 
                    train/position_6_acc=0.330,                                 
                    train/position_7_acc=0.304,                                 
                    profile/fetch_ms=70.853,                                    
                    profile/fwd_ms=607.852,                                     
                    profile/bwd_ms=86.988, profile/opt_ms=0.084,                
                    profile/step_ms=765.777,                                    
                    profile/tokens_per_s=4.80e+03,                              
                    profile/fetch_frac=0.093, epoch=0,                          
                    lr/Muon=0.006, lr/AdamW=5.89e-04,                           
                    global_step=820                                             
[06:49:49] INFO     train/confidence_loss=0.249,                  trainer.py:584
                    train/confidence_abs_error=0.140,                           
                    train/confidence_pred_mean=0.271,                           
                    train/confidence_cumprod_bias=0.022,                        
                    train/loss=0.264, train/ce_loss=0.647,                      
                    train/tv_loss=0.111, train/accept_rate=0.404,               
                    train/accept_len=2.695, train/full_acc=0.436,               
                    train/position_1_acc=0.795,                                 
                    train/position_2_acc=0.514,                                 
                    train/position_3_acc=0.409,                                 
                    train/position_4_acc=0.356,                                 
                    train/position_5_acc=0.341,                                 
                    train/position_6_acc=0.333,                                 
                    train/position_7_acc=0.301,                                 
                    profile/fetch_ms=105.680,                                   
                    profile/fwd_ms=98.775, profile/bwd_ms=92.937,               
                    profile/opt_ms=0.078,                                       
                    profile/step_ms=297.471,                                    
                    profile/tokens_per_s=1.13e+04,                              
                    profile/fetch_frac=0.355, epoch=0,                          
                    lr/Muon=0.006, lr/AdamW=5.88e-04,                           
                    global_step=840                                             
[06:50:06] INFO     train/confidence_loss=0.238,                  trainer.py:584
                    train/confidence_abs_error=0.122,                           
                    train/confidence_pred_mean=0.230,                           
                    train/confidence_cumprod_bias=-0.022,                       
                    train/loss=0.244, train/ce_loss=0.584,                      
                    train/tv_loss=0.101, train/accept_rate=0.452,               
                    train/accept_len=2.949, train/full_acc=0.481,               
                    train/position_1_acc=0.789,                                 
                    train/position_2_acc=0.616,                                 
                    train/position_3_acc=0.488,                                 
                    train/position_4_acc=0.416,                                 
                    train/position_5_acc=0.359,                                 
                    train/position_6_acc=0.358,                                 
                    train/position_7_acc=0.341,                                 
                    profile/fetch_ms=80.558,                                    
                    profile/fwd_ms=106.950,                                     
                    profile/bwd_ms=110.458,                                     
                    profile/opt_ms=334.563,                                     
                    profile/step_ms=632.529,                                    
                    profile/tokens_per_s=6.30e+03,                              
                    profile/fetch_frac=0.127, epoch=0,                          
                    lr/Muon=0.006, lr/AdamW=5.88e-04,                           
                    global_step=860                                             
[06:50:20] INFO     train/confidence_loss=0.246,                  trainer.py:584
                    train/confidence_abs_error=0.133,                           
                    train/confidence_pred_mean=0.280,                           
                    train/confidence_cumprod_bias=0.038,                        
                    train/loss=0.263, train/ce_loss=0.650,                      
                    train/tv_loss=0.109, train/accept_rate=0.417,               
                    train/accept_len=2.735, train/full_acc=0.449,               
                    train/position_1_acc=0.782,                                 
                    train/position_2_acc=0.544,                                 
                    train/position_3_acc=0.437,                                 
                    train/position_4_acc=0.396,                                 
                    train/position_5_acc=0.347,                                 
                    train/position_6_acc=0.342,                                 
                    train/position_7_acc=0.289,                                 
                    profile/fetch_ms=70.963,                                    
                    profile/fwd_ms=96.717, profile/bwd_ms=88.143,               
                    profile/opt_ms=0.105,                                       
                    profile/step_ms=255.928,                                    
                    profile/tokens_per_s=1.51e+04,                              
                    profile/fetch_frac=0.277, epoch=0,                          
                    lr/Muon=0.006, lr/AdamW=5.88e-04,                           
                    global_step=880                                             
[06:50:37] INFO     train/confidence_loss=0.243,                  trainer.py:584
                    train/confidence_abs_error=0.120,                           
                    train/confidence_pred_mean=0.193,                           
                    train/confidence_cumprod_bias=-0.030,                       
                    train/loss=0.270, train/ce_loss=0.719,                      
                    train/tv_loss=0.114, train/accept_rate=0.400,               
                    train/accept_len=2.572, train/full_acc=0.431,               
                    train/position_1_acc=0.737,                                 
                    train/position_2_acc=0.512,                                 
                    train/position_3_acc=0.440,                                 
                    train/position_4_acc=0.384,                                 
                    train/position_5_acc=0.322,                                 
                    train/position_6_acc=0.320,                                 
                    train/position_7_acc=0.298,                                 
                    profile/fetch_ms=98.863,                                    
                    profile/fwd_ms=116.044,                                     
                    profile/bwd_ms=91.225, profile/opt_ms=0.074,                
                    profile/step_ms=306.207,                                    
                    profile/tokens_per_s=1.22e+04,                              
                    profile/fetch_frac=0.323, epoch=0,                          
                    lr/Muon=0.006, lr/AdamW=5.87e-04,                           
                    global_step=900                                             
[06:50:51] INFO     train/confidence_loss=0.262,                  trainer.py:584
                    train/confidence_abs_error=0.124,                           
                    train/confidence_pred_mean=0.196,                           
                    train/confidence_cumprod_bias=-0.039,                       
                    train/loss=0.269, train/ce_loss=0.653,                      
                    train/tv_loss=0.110, train/accept_rate=0.414,               
                    train/accept_len=2.662, train/full_acc=0.446,               
                    train/position_1_acc=0.794,                                 
                    train/position_2_acc=0.512,                                 
                    train/position_3_acc=0.403,                                 
                    train/position_4_acc=0.377,                                 
                    train/position_5_acc=0.366,                                 
                    train/position_6_acc=0.356,                                 
                    train/position_7_acc=0.311,                                 
                    profile/fetch_ms=72.492,                                    
                    profile/fwd_ms=92.521, profile/bwd_ms=93.518,               
                    profile/opt_ms=276.385,                                     
                    profile/step_ms=534.916,                                    
                    profile/tokens_per_s=6.89e+03,                              
                    profile/fetch_frac=0.136, epoch=0,                          
                    lr/Muon=0.006, lr/AdamW=5.87e-04,                           
                    global_step=920                                             
[06:51:08] INFO     train/confidence_loss=0.252,                  trainer.py:584
                    train/confidence_abs_error=0.134,                           
                    train/confidence_pred_mean=0.279,                           
                    train/confidence_cumprod_bias=0.031,                        
                    train/loss=0.256, train/ce_loss=0.616,                      
                    train/tv_loss=0.107, train/accept_rate=0.432,               
                    train/accept_len=2.767, train/full_acc=0.462,               
                    train/position_1_acc=0.773,                                 
                    train/position_2_acc=0.546,                                 
                    train/position_3_acc=0.454,                                 
                    train/position_4_acc=0.395,                                 
                    train/position_5_acc=0.405,                                 
                    train/position_6_acc=0.318,                                 
                    train/position_7_acc=0.341,                                 
                    profile/fetch_ms=73.233,                                    
                    profile/fwd_ms=90.200, profile/bwd_ms=92.136,               
                    profile/opt_ms=0.051,                                       
                    profile/step_ms=255.620,                                    
                    profile/tokens_per_s=1.49e+04,                              
                    profile/fetch_frac=0.286, epoch=0,                          
                    lr/Muon=0.006, lr/AdamW=5.86e-04,                           
                    global_step=940                                             
[06:51:21] INFO     train/confidence_loss=0.249,                  trainer.py:584
                    train/confidence_abs_error=0.121,                           
                    train/confidence_pred_mean=0.196,                           
                    train/confidence_cumprod_bias=-0.044,                       
                    train/loss=0.263, train/ce_loss=0.644,                      
                    train/tv_loss=0.109, train/accept_rate=0.416,               
                    train/accept_len=2.751, train/full_acc=0.450,               
                    train/position_1_acc=0.771,                                 
                    train/position_2_acc=0.552,                                 
                    train/position_3_acc=0.439,                                 
                    train/position_4_acc=0.391,                                 
                    train/position_5_acc=0.342,                                 
                    train/position_6_acc=0.358,                                 
                    train/position_7_acc=0.297,                                 
                    profile/fetch_ms=44.058,                                    
                    profile/fwd_ms=95.215, profile/bwd_ms=90.897,               
                    profile/opt_ms=0.063,                                       
                    profile/step_ms=230.233,                                    
                    profile/tokens_per_s=1.72e+04,                              
                    profile/fetch_frac=0.191, epoch=0,                          
                    lr/Muon=0.006, lr/AdamW=5.86e-04,                           
                    global_step=960                                             
[06:51:37] INFO     train/confidence_loss=0.236,                  trainer.py:584
                    train/confidence_abs_error=0.133,                           
                    train/confidence_pred_mean=0.251,                           
                    train/confidence_cumprod_bias=-0.042,                       
                    train/loss=0.233, train/ce_loss=0.541,                      
                    train/tv_loss=0.093, train/accept_rate=0.489,               
                    train/accept_len=3.189, train/full_acc=0.525,               
                    train/position_1_acc=0.838,                                 
                    train/position_2_acc=0.638,                                 
                    train/position_3_acc=0.534,                                 
                    train/position_4_acc=0.431,                                 
                    train/position_5_acc=0.439,                                 
                    train/position_6_acc=0.414,                                 
                    train/position_7_acc=0.378,                                 
                    profile/fetch_ms=75.433,                                    
                    profile/fwd_ms=97.375, profile/bwd_ms=92.556,               
                    profile/opt_ms=359.081,                                     
                    profile/step_ms=624.445,                                    
                    profile/tokens_per_s=6.46e+03,                              
                    profile/fetch_frac=0.121, epoch=0,                          
                    lr/Muon=0.006, lr/AdamW=5.85e-04,                           
                    global_step=980                                             
[06:51:48] INFO     train/confidence_loss=0.238,                  trainer.py:584
                    train/confidence_abs_error=0.131,                           
                    train/confidence_pred_mean=0.276,                           
                    train/confidence_cumprod_bias=-0.006,                       
                    train/loss=0.227, train/ce_loss=0.503,                      
                    train/tv_loss=0.090, train/accept_rate=0.500,               
                    train/accept_len=3.187, train/full_acc=0.526,               
                    train/position_1_acc=0.875,                                 
                    train/position_2_acc=0.651,                                 
                    train/position_3_acc=0.528,                                 
                    train/position_4_acc=0.477,                                 
                    train/position_5_acc=0.440,                                 
                    train/position_6_acc=0.366,                                 
                    train/position_7_acc=0.342,                                 
                    profile/fetch_ms=73.805,                                    
                    profile/fwd_ms=92.202, profile/bwd_ms=91.494,               
                    profile/opt_ms=0.028,                                       
                    profile/step_ms=257.530,                                    
                    profile/tokens_per_s=1.57e+04,                              
                    profile/fetch_frac=0.287, epoch=0,                          
                    lr/Muon=0.006, lr/AdamW=5.85e-04,                           
                    global_step=1000                                            
[06:52:04] INFO     train/confidence_loss=0.237,                  trainer.py:584
                    train/confidence_abs_error=0.127,                           
                    train/confidence_pred_mean=0.238,                           
                    train/confidence_cumprod_bias=-0.003,                       
                    train/loss=0.259, train/ce_loss=0.666,                      
                    train/tv_loss=0.109, train/accept_rate=0.422,               
                    train/accept_len=2.717, train/full_acc=0.453,               
                    train/position_1_acc=0.764,                                 
                    train/position_2_acc=0.509,                                 
                    train/position_3_acc=0.450,                                 
                    train/position_4_acc=0.402,                                 
                    train/position_5_acc=0.402,                                 
                    train/position_6_acc=0.339,                                 
                    train/position_7_acc=0.304,                                 
                    profile/fetch_ms=18.964,                                    
                    profile/fwd_ms=95.219, profile/bwd_ms=91.727,               
                    profile/opt_ms=0.031,                                       
                    profile/step_ms=205.940,                                    
                    profile/tokens_per_s=1.61e+04,                              
                    profile/fetch_frac=0.092, epoch=0,                          
                    lr/Muon=0.006, lr/AdamW=5.85e-04,                           
                    global_step=1020                                            
[06:52:19] INFO     train/confidence_loss=0.229,                  trainer.py:584
                    train/confidence_abs_error=0.127,                           
                    train/confidence_pred_mean=0.337,                           
                    train/confidence_cumprod_bias=0.030,                        
                    train/loss=0.209, train/ce_loss=0.441,                      
                    train/tv_loss=0.082, train/accept_rate=0.535,               
                    train/accept_len=3.477, train/full_acc=0.568,               
                    train/position_1_acc=0.872,                                 
                    train/position_2_acc=0.709,                                 
                    train/position_3_acc=0.592,                                 
                    train/position_4_acc=0.529,                                 
                    train/position_5_acc=0.444,                                 
                    train/position_6_acc=0.434,                                 
                    train/position_7_acc=0.389,                                 
                    profile/fetch_ms=74.066,                                    
                    profile/fwd_ms=100.909,                                     
                    profile/bwd_ms=86.818,                                      
                    profile/opt_ms=234.870,                                     
                    profile/step_ms=496.663,                                    
                    profile/tokens_per_s=7.45e+03,                              
                    profile/fetch_frac=0.149, epoch=0,                          
                    lr/Muon=0.006, lr/AdamW=5.84e-04,                           
                    global_step=1040                                            
[06:52:34] INFO     train/confidence_loss=0.256,                  trainer.py:584
                    train/confidence_abs_error=0.136,                           
                    train/confidence_pred_mean=0.248,                           
                    train/confidence_cumprod_bias=-0.036,                       
                    train/loss=0.234, train/ce_loss=0.500,                      
                    train/tv_loss=0.091, train/accept_rate=0.504,               
                    train/accept_len=3.078, train/full_acc=0.536,               
                    train/position_1_acc=0.825,                                 
                    train/position_2_acc=0.634,                                 
                    train/position_3_acc=0.547,                                 
                    train/position_4_acc=0.458,                                 
                    train/position_5_acc=0.436,                                 
                    train/position_6_acc=0.432,                                 
                    train/position_7_acc=0.416,                                 
                    profile/fetch_ms=112.973,                                   
                    profile/fwd_ms=88.919, profile/bwd_ms=91.923,               
                    profile/opt_ms=0.035,                                       
                    profile/step_ms=293.850,                                    
                    profile/tokens_per_s=1.30e+04,                              
                    profile/fetch_frac=0.384, epoch=0,                          
                    lr/Muon=0.006, lr/AdamW=5.84e-04,                           
                    global_step=1060                                            
[06:52:51] INFO     train/confidence_loss=0.233,                  trainer.py:584
                    train/confidence_abs_error=0.129,                           
                    train/confidence_pred_mean=0.289,                           
                    train/confidence_cumprod_bias=0.021,                        
                    train/loss=0.244, train/ce_loss=0.603,                      
                    train/tv_loss=0.100, train/accept_rate=0.464,               
                    train/accept_len=2.971, train/full_acc=0.496,               
                    train/position_1_acc=0.781,                                 
                    train/position_2_acc=0.595,                                 
                    train/position_3_acc=0.499,                                 
                    train/position_4_acc=0.445,                                 
                    train/position_5_acc=0.409,                                 
                    train/position_6_acc=0.361,                                 
                    train/position_7_acc=0.379,                                 
                    profile/fetch_ms=3.371,                                     
                    profile/fwd_ms=92.901, profile/bwd_ms=92.058,               
                    profile/opt_ms=0.097,                                       
                    profile/step_ms=188.427,                                    
                    profile/tokens_per_s=2.08e+04,                              
                    profile/fetch_frac=0.018, epoch=0,                          
                    lr/Muon=0.006, lr/AdamW=5.83e-04,                           
                    global_step=1080                                            
[06:53:06] INFO     train/confidence_loss=0.252,                  trainer.py:584
                    train/confidence_abs_error=0.134,                           
                    train/confidence_pred_mean=0.273,                           
                    train/confidence_cumprod_bias=0.031,                        
                    train/loss=0.259, train/ce_loss=0.634,                      
                    train/tv_loss=0.106, train/accept_rate=0.431,               
                    train/accept_len=2.693, train/full_acc=0.462,               
                    train/position_1_acc=0.778,                                 
                    train/position_2_acc=0.533,                                 
                    train/position_3_acc=0.452,                                 
                    train/position_4_acc=0.413,                                 
                    train/position_5_acc=0.374,                                 
                    train/position_6_acc=0.348,                                 
                    train/position_7_acc=0.333,                                 
                    profile/fetch_ms=73.819,                                    
                    profile/fwd_ms=2.66e+03,                                    
                    profile/bwd_ms=118.247,                                     
                    profile/opt_ms=291.038,                                     
                    profile/step_ms=3.14e+03,                                   
                    profile/tokens_per_s=1.29e+03,                              
                    profile/fetch_frac=0.023, epoch=0,                          
                    lr/Muon=0.006, lr/AdamW=5.83e-04,                           
                    global_step=1100                                            
[06:53:20] INFO     train/confidence_loss=0.248,                  trainer.py:584
                    train/confidence_abs_error=0.123,                           
                    train/confidence_pred_mean=0.212,                           
                    train/confidence_cumprod_bias=-0.033,                       
                    train/loss=0.259, train/ce_loss=0.644,                      
                    train/tv_loss=0.106, train/accept_rate=0.435,               
                    train/accept_len=2.780, train/full_acc=0.464,               
                    train/position_1_acc=0.759,                                 
                    train/position_2_acc=0.552,                                 
                    train/position_3_acc=0.467,                                 
                    train/position_4_acc=0.411,                                 
                    train/position_5_acc=0.381,                                 
                    train/position_6_acc=0.349,                                 
                    train/position_7_acc=0.325,                                 
                    profile/fetch_ms=76.298,                                    
                    profile/fwd_ms=116.183,                                     
                    profile/bwd_ms=92.221, profile/opt_ms=0.037,                
                    profile/step_ms=284.740,                                    
                    profile/tokens_per_s=1.38e+04,                              
                    profile/fetch_frac=0.268, epoch=0,                          
                    lr/Muon=0.006, lr/AdamW=5.83e-04,                           
                    global_step=1120                                            
[06:53:34] INFO     train/confidence_loss=0.250,                  trainer.py:584
                    train/confidence_abs_error=0.137,                           
                    train/confidence_pred_mean=0.289,                           
                    train/confidence_cumprod_bias=0.035,                        
                    train/loss=0.258, train/ce_loss=0.622,                      
                    train/tv_loss=0.105, train/accept_rate=0.437,               
                    train/accept_len=2.792, train/full_acc=0.467,               
                    train/position_1_acc=0.752,                                 
                    train/position_2_acc=0.566,                                 
                    train/position_3_acc=0.465,                                 
                    train/position_4_acc=0.411,                                 
                    train/position_5_acc=0.365,                                 
                    train/position_6_acc=0.378,                                 
                    train/position_7_acc=0.329,                                 
                    profile/fetch_ms=3.153,                                     
                    profile/fwd_ms=88.187,                                      
                    profile/bwd_ms=114.677, profile/opt_ms=0.034,               
                    profile/step_ms=206.052,                                    
                    profile/tokens_per_s=1.97e+04,                              
                    profile/fetch_frac=0.015, epoch=0,                          
                    lr/Muon=0.006, lr/AdamW=5.82e-04,                           
                    global_step=1140                                            
[06:53:52] INFO     train/confidence_loss=0.250,                  trainer.py:584
                    train/confidence_abs_error=0.132,                           
                    train/confidence_pred_mean=0.286,                           
                    train/confidence_cumprod_bias=0.004,                        
                    train/loss=0.241, train/ce_loss=0.534,                      
                    train/tv_loss=0.098, train/accept_rate=0.465,               
                    train/accept_len=2.977, train/full_acc=0.500,               
                    train/position_1_acc=0.822,                                 
                    train/position_2_acc=0.614,                                 
                    train/position_3_acc=0.498,                                 
                    train/position_4_acc=0.453,                                 
                    train/position_5_acc=0.408,                                 
                    train/position_6_acc=0.364,                                 
                    train/position_7_acc=0.338,                                 
                    profile/fetch_ms=73.670,                                    
                    profile/fwd_ms=125.530,                                     
                    profile/bwd_ms=93.567,                                      
                    profile/opt_ms=305.556,                                     
                    profile/step_ms=598.323,                                    
                    profile/tokens_per_s=6.43e+03,                              
                    profile/fetch_frac=0.123, epoch=0,                          
                    lr/Muon=0.006, lr/AdamW=5.82e-04,                           
                    global_step=1160                                            
[06:54:06] INFO     train/confidence_loss=0.236,                  trainer.py:584
                    train/confidence_abs_error=0.123,                           
                    train/confidence_pred_mean=0.248,                           
                    train/confidence_cumprod_bias=-0.026,                       
                    train/loss=0.237, train/ce_loss=0.556,                      
                    train/tv_loss=0.098, train/accept_rate=0.474,               
                    train/accept_len=3.043, train/full_acc=0.507,               
                    train/position_1_acc=0.793,                                 
                    train/position_2_acc=0.609,                                 
                    train/position_3_acc=0.490,                                 
                    train/position_4_acc=0.456,                                 
                    train/position_5_acc=0.426,                                 
                    train/position_6_acc=0.395,                                 
                    train/position_7_acc=0.376,                                 
                    profile/fetch_ms=73.333,                                    
                    profile/fwd_ms=89.474, profile/bwd_ms=94.356,               
                    profile/opt_ms=0.045,                                       
                    profile/step_ms=257.208,                                    
                    profile/tokens_per_s=1.52e+04,                              
                    profile/fetch_frac=0.285, epoch=0,                          
                    lr/Muon=0.006, lr/AdamW=5.81e-04,                           
                    global_step=1180                                            
[06:54:21] INFO     DL_MAX_STEPS=1200 reached (local_step=1201);  trainer.py:484
                    stopping epoch early.                                       
Epoch 0   4% ╸                      1,200/28,909  [ 0:15:14 < 5:40:06 , 1 it/s ]
           INFO     Training epoch 1/1 completed                  trainer.py:736
           INFO     DL_MAX_STEPS reached — exiting after this     trainer.py:739
                    epoch (skipping checkpoint/validation).                     
[06:54:23] INFO     Destroyed distributed process group       distributed.py:182
[06:54:23] INFO     Destroyed distributed process group       distributed.py:182
[06:54:23] INFO     Destroyed distributed process group       distributed.py:182
[06:54:23] INFO     Destroyed distributed process group       distributed.py:182
