/usr/local/python3.12.13/lib/python3.12/site-packages/transformers/loss/loss_for_object_detection.py:27: UserWarning: A NumPy version >=1.22.4 and <2.3.0 is required for this version of SciPy (detected version 2.4.6)
  from scipy.optimize import linear_sum_assignment
/usr/local/python3.12.13/lib/python3.12/site-packages/transformers/loss/loss_for_object_detection.py:27: UserWarning: A NumPy version >=1.22.4 and <2.3.0 is required for this version of SciPy (detected version 2.4.6)
  from scipy.optimize import linear_sum_assignment
/usr/local/python3.12.13/lib/python3.12/site-packages/transformers/loss/loss_for_object_detection.py:27: UserWarning: A NumPy version >=1.22.4 and <2.3.0 is required for this version of SciPy (detected version 2.4.6)
  from scipy.optimize import linear_sum_assignment
/usr/local/python3.12.13/lib/python3.12/site-packages/transformers/loss/loss_for_object_detection.py:27: UserWarning: A NumPy version >=1.22.4 and <2.3.0 is required for this version of SciPy (detected version 2.4.6)
  from scipy.optimize import linear_sum_assignment
[timeout] aclrtSetOpExecuteTimeOut(0) rc=0
[timeout] aclrtSetOpExecuteTimeOut(0) rc=0
           INFO     get env TERM = xterm                      patch_getenv.py:15
[08:09:16] INFO     get env LOCAL_RANK = 0                    patch_getenv.py:15
[timeout] aclrtSetOpExecuteTimeOut(0) rc=0
[timeout] aclrtSetOpExecuteTimeOut(0) rc=0
[08:09:17] INFO     Started distributed with local_rank=1,    distributed.py:165
                    dp_size=4, sp_size=1                                        
[08:09:17] INFO     get env WORLD_SIZE = 4                    patch_getenv.py:15
           INFO     get env MASTER_ADDR =                     patch_getenv.py:15
                    localhost.localdomain                                       
           INFO     get env MASTER_PORT = 46307               patch_getenv.py:15
           INFO     get env TORCHELASTIC_USE_AGENT_STORE =    patch_getenv.py:15
                    True                                                        
           INFO     Started distributed with local_rank=0,    distributed.py:165
                    dp_size=4, sp_size=1                                        
           INFO     get env PATH =                            patch_getenv.py:15
                    /usr/local/Ascend/nnal/atb/latest/atb/cxx                   
                    _abi_1/bin:/usr/local/Ascend/cann-9.0.0/t                   
                    ools/bishengir/bin:/usr/local/Ascend/cann                   
                    -9.0.0/bin:/usr/local/Ascend/cann-9.0.0/t                   
                    ools/ccec_compiler/bin:/usr/local/Ascend/                   
                    cann-9.0.0/tools/profiler/bin:/usr/local/                   
                    Ascend/cann-9.0.0/tools/ascend_system_adv                   
                    isor/asys:/usr/local/Ascend/cann-9.0.0/to                   
                    ols/show_kernel_debug_data:/usr/local/Asc                   
                    end/cann-9.0.0/tools/msobjdump:/home/y500                   
                    63564/node_modules/.bin:/usr/local/Ascend                   
                    /nnal/atb/latest/atb/cxx_abi_1/bin:/usr/l                   
                    ocal/Ascend/nnal/atb/latest/atb/cxx_abi_1                   
                    /bin:/usr/local/Ascend/ascend-toolkit/lat                   
                    est/bin:/usr/local/Ascend/ascend-toolkit/                   
                    latest/compiler/ccec_compiler/bin:/usr/lo                   
                    cal/Ascend/ascend-toolkit/latest/tools/cc                   
                    ec_compiler/bin:/usr/local/python3.12.13/                   
                    bin:/usr/local/sbin:/usr/local/bin:/usr/s                   
                    bin:/usr/bin:/sbin:/bin:/usr/local/go/bin                   
           INFO     Loading vocab mappings from                     train.py:236
                    '/home/y50063564/data/open_perfectblend_qwen3_4             
                    b_700k/d2t.npy' and                                         
                    '/home/y50063564/data/open_perfectblend_qwen3_4             
                    b_700k/t2d.npy'                                             
           INFO     All 5 draft layers using sliding window         train.py:396
                    attention (window=2048). To use full attention              
                    on specific layers, pass                                    
                    '--full-attention-indices <layer_ids>'.                     
[08:09:18] WARNING  Added <|MASK|> to tokenizer,                     utils.py:49
                    mask_token_id=151669 (tokenizer len=151670,                 
                    vocab_size=151936)                                          
[08:09:18] INFO     Started distributed with local_rank=3,    distributed.py:165
                    dp_size=4, sp_size=1                                        
[08:09:18] INFO     Started distributed with local_rank=2,    distributed.py:165
                    dp_size=4, sp_size=1                                        
2026-09-11 08:09:32.164 | INFO     | speculators.utils.loading:_resolve_file:136 - Loading from local directory: /home/y50063564/Qwen3-4B
2026-09-11 08:09:32.165 | WARNING  | speculators.utils.loading:load_model_layers:104 - Tensor 'lm_head.weight' not found in weight_map.
2026-09-11 08:09:32.165 | INFO     | speculators.utils.loading:_resolve_file:136 - Loading from local directory: /home/y50063564/Qwen3-4B
2026-09-11 08:09:32.166 | INFO     | speculators.utils.loading:_resolve_file:136 - Loading from local directory: /home/y50063564/Qwen3-4B
2026-09-11 08:09:32.185 | INFO     | speculators.utils.loading:_resolve_file:136 - Loading from local directory: /home/y50063564/Qwen3-4B
2026-09-11 08:09:32.186 | WARNING  | speculators.utils.loading:load_model_layers:104 - Tensor 'lm_head.weight' not found in weight_map.
2026-09-11 08:09:32.186 | INFO     | speculators.utils.loading:_resolve_file:136 - Loading from local directory: /home/y50063564/Qwen3-4B
2026-09-11 08:09:32.188 | INFO     | speculators.utils.loading:_resolve_file:136 - Loading from local directory: /home/y50063564/Qwen3-4B
2026-09-11 08:09:33.289 | INFO     | speculators.utils.loading:_resolve_file:136 - Loading from local directory: /home/y50063564/Qwen3-4B
2026-09-11 08:09:33.290 | WARNING  | speculators.utils.loading:load_model_layers:104 - Tensor 'lm_head.weight' not found in weight_map.
2026-09-11 08:09:33.290 | INFO     | speculators.utils.loading:_resolve_file:136 - Loading from local directory: /home/y50063564/Qwen3-4B
2026-09-11 08:09:33.292 | INFO     | speculators.utils.loading:_resolve_file:136 - Loading from local directory: /home/y50063564/Qwen3-4B
2026-09-11 08:09:33.349 | INFO     | speculators.utils.loading:_resolve_file:136 - Loading from local directory: /home/y50063564/Qwen3-4B
2026-09-11 08:09:33.350 | WARNING  | speculators.utils.loading:load_model_layers:104 - Tensor 'lm_head.weight' not found in weight_map.
2026-09-11 08:09:33.350 | INFO     | speculators.utils.loading:_resolve_file:136 - Loading from local directory: /home/y50063564/Qwen3-4B
2026-09-11 08:09:33.352 | INFO     | speculators.utils.loading:_resolve_file:136 - Loading from local directory: /home/y50063564/Qwen3-4B
[08:09:45] INFO     get env SAMP_SEED = 42                    patch_getenv.py:15
           INFO     get env DL_IN_ORDER = 1                   patch_getenv.py:15
           INFO     No previous training checkpoint found in      trainer.py:299
                    '/home/y50063564/dataloader_diag/exp/E4D_w8_s               
                    eqs16/checkpoints'. Starting fresh training                 
                    run.                                                        
[08:09:52] INFO     Muon optimizer: 39 2D params via Muon, 23   optimizers.py:76
                    params via AdamW.                                           
           INFO     get env SAMP_BALANCE = off                patch_getenv.py:15
[timeout] aclrtSetOpExecuteTimeOut(0) rc=0
[timeout] aclrtSetOpExecuteTimeOut(0) rc=0
[08:09:56] INFO     Training epoch 1/1 started                    trainer.py:734
[timeout] aclrtSetOpExecuteTimeOut(0) rc=0
[timeout] aclrtSetOpExecuteTimeOut(0) rc=0
/usr/local/python3.12.13/lib/python3.12/site-packages/torch/_dynamo/_trace_wrapped_higher_order_op.py:147: UserWarning: Cannot create tensor with interal format while allow_internel_format=False, tensor will be created with base format. (Triggered internally at ../torch_npu/csrc/aten/common/TensorFactories.cpp:340.)
  return func(*args, **(kwargs or {}))
/usr/local/python3.12.13/lib/python3.12/site-packages/torch/_dynamo/_trace_wrapped_higher_order_op.py:147: UserWarning: Cannot create tensor with interal format while allow_internel_format=False, tensor will be created with base format. (Triggered internally at ../torch_npu/csrc/aten/common/TensorFactories.cpp:340.)
  return func(*args, **(kwargs or {}))
/usr/local/python3.12.13/lib/python3.12/site-packages/torch/_dynamo/_trace_wrapped_higher_order_op.py:147: UserWarning: Cannot create tensor with interal format while allow_internel_format=False, tensor will be created with base format. (Triggered internally at ../torch_npu/csrc/aten/common/TensorFactories.cpp:340.)
  return func(*args, **(kwargs or {}))
/usr/local/python3.12.13/lib/python3.12/site-packages/torch/_dynamo/_trace_wrapped_higher_order_op.py:147: UserWarning: Cannot create tensor with interal format while allow_internel_format=False, tensor will be created with base format. (Triggered internally at ../torch_npu/csrc/aten/common/TensorFactories.cpp:340.)
  return func(*args, **(kwargs or {}))
[08:10:07] INFO     train/confidence_loss=0.457,                  trainer.py:584
                    train/confidence_abs_error=0.325,                           
                    train/confidence_pred_mean=0.326,                           
                    train/confidence_cumprod_bias=0.191,                        
                    train/loss=0.613, train/ce_loss=2.362,                      
                    train/tv_loss=0.214,                                        
                    train/accept_rate=3.34e-04,                                 
                    train/accept_len=1.000,                                     
                    train/full_acc=0.00e+00,                                    
                    train/position_1_acc=0.00e+00,                              
                    train/position_2_acc=0.00e+00,                              
                    train/position_3_acc=0.00e+00,                              
                    train/position_4_acc=0.00e+00,                              
                    train/position_5_acc=0.00e+00,                              
                    train/position_6_acc=0.00e+00,                              
                    train/position_7_acc=0.00e+00,                              
                    profile/fetch_ms=9.01e+03,                                  
                    profile/fwd_ms=1.16e+03,                                    
                    profile/bwd_ms=302.690, profile/opt_ms=0.067,               
                    profile/step_ms=1.05e+04,                                   
                    profile/tokens_per_s=390.305,                               
                    profile/fetch_frac=0.860, epoch=0,                          
                    lr/Muon=0.00e+00, lr/AdamW=0.00e+00,                        
                    global_step=0                                               
[08:10:19] INFO     train/confidence_loss=0.059,                  trainer.py:584
                    train/confidence_abs_error=0.059,                           
                    train/confidence_pred_mean=0.059,                           
                    train/confidence_cumprod_bias=0.017,                        
                    train/loss=0.444, train/ce_loss=2.275,                      
                    train/tv_loss=0.214,                                        
                    train/accept_rate=3.91e-04,                                 
                    train/accept_len=1.000,                                     
                    train/full_acc=0.00e+00,                                    
                    train/position_1_acc=0.00e+00,                              
                    train/position_2_acc=0.00e+00,                              
                    train/position_3_acc=0.00e+00,                              
                    train/position_4_acc=0.00e+00,                              
                    train/position_5_acc=0.00e+00,                              
                    train/position_6_acc=0.00e+00,                              
                    train/position_7_acc=0.00e+00,                              
                    profile/fetch_ms=73.257,                                    
                    profile/fwd_ms=99.814, profile/bwd_ms=95.145,               
                    profile/opt_ms=265.518,                                     
                    profile/step_ms=533.735,                                    
                    profile/tokens_per_s=7.23e+03,                              
                    profile/fetch_frac=0.137, epoch=0,                          
                    lr/Muon=4.37e-04, lr/AdamW=4.37e-05,                        
                    global_step=20                                              
[08:10:36] INFO     train/confidence_loss=0.172,                  trainer.py:584
                    train/confidence_abs_error=0.025,                           
                    train/confidence_pred_mean=4.68e-04,                        
                    train/confidence_cumprod_bias=-0.007,                       
                    train/loss=0.412, train/ce_loss=1.594,                      
                    train/tv_loss=0.205, train/accept_rate=0.045,               
                    train/accept_len=1.049, train/full_acc=0.084,               
                    train/position_1_acc=0.081,                                 
                    train/position_2_acc=0.090,                                 
                    train/position_3_acc=0.083,                                 
                    train/position_4_acc=0.077,                                 
                    train/position_5_acc=0.084,                                 
                    train/position_6_acc=0.089,                                 
                    train/position_7_acc=0.084,                                 
                    profile/fetch_ms=77.930,                                    
                    profile/fwd_ms=1.52e+03,                                    
                    profile/bwd_ms=86.663, profile/opt_ms=0.034,                
                    profile/step_ms=1.69e+03,                                   
                    profile/tokens_per_s=2.14e+03,                              
                    profile/fetch_frac=0.046, epoch=0,                          
                    lr/Muon=8.12e-04, lr/AdamW=8.12e-05,                        
                    global_step=40                                              
[08:10:51] INFO     train/confidence_loss=0.127,                  trainer.py:584
                    train/confidence_abs_error=0.041,                           
                    train/confidence_pred_mean=0.025,                           
                    train/confidence_cumprod_bias=-0.004,                       
                    train/loss=0.366, train/ce_loss=1.350,                      
                    train/tv_loss=0.200, train/accept_rate=0.064,               
                    train/accept_len=1.071, train/full_acc=0.114,               
                    train/position_1_acc=0.102,                                 
                    train/position_2_acc=0.137,                                 
                    train/position_3_acc=0.108,                                 
                    train/position_4_acc=0.118,                                 
                    train/position_5_acc=0.102,                                 
                    train/position_6_acc=0.116,                                 
                    train/position_7_acc=0.117,                                 
                    profile/fetch_ms=84.121,                                    
                    profile/fwd_ms=117.045,                                     
                    profile/bwd_ms=85.953, profile/opt_ms=0.034,                
                    profile/step_ms=287.154,                                    
                    profile/tokens_per_s=1.36e+04,                              
                    profile/fetch_frac=0.293, epoch=0,                          
                    lr/Muon=0.001, lr/AdamW=1.25e-04,                           
                    global_step=60                                              
[08:11:07] INFO     train/confidence_loss=0.146,                  trainer.py:584
                    train/confidence_abs_error=0.042,                           
                    train/confidence_pred_mean=0.013,                           
                    train/confidence_cumprod_bias=-0.010,                       
                    train/loss=0.383, train/ce_loss=1.444,                      
                    train/tv_loss=0.199, train/accept_rate=0.070,               
                    train/accept_len=1.092, train/full_acc=0.096,               
                    train/position_1_acc=0.107,                                 
                    train/position_2_acc=0.082,                                 
                    train/position_3_acc=0.096,                                 
                    train/position_4_acc=0.082,                                 
                    train/position_5_acc=0.107,                                 
                    train/position_6_acc=0.101,                                 
                    train/position_7_acc=0.099,                                 
                    profile/fetch_ms=74.804,                                    
                    profile/fwd_ms=1.86e+03,                                    
                    profile/bwd_ms=94.984,                                      
                    profile/opt_ms=267.983,                                     
                    profile/step_ms=2.29e+03,                                   
                    profile/tokens_per_s=1.70e+03,                              
                    profile/fetch_frac=0.033, epoch=0,                          
                    lr/Muon=0.002, lr/AdamW=1.69e-04,                           
                    global_step=80                                              
[08:11:23] INFO     train/confidence_loss=0.192,                  trainer.py:584
                    train/confidence_abs_error=0.116,                           
                    train/confidence_pred_mean=0.118,                           
                    train/confidence_cumprod_bias=0.016,                        
                    train/loss=0.380, train/ce_loss=1.337,                      
                    train/tv_loss=0.187, train/accept_rate=0.123,               
                    train/accept_len=1.220, train/full_acc=0.147,               
                    train/position_1_acc=0.152,                                 
                    train/position_2_acc=0.156,                                 
                    train/position_3_acc=0.141,                                 
                    train/position_4_acc=0.149,                                 
                    train/position_5_acc=0.141,                                 
                    train/position_6_acc=0.133,                                 
                    train/position_7_acc=0.154,                                 
                    profile/fetch_ms=72.302,                                    
                    profile/fwd_ms=89.506, profile/bwd_ms=92.909,               
                    profile/opt_ms=0.035,                                       
                    profile/step_ms=254.751,                                    
                    profile/tokens_per_s=1.59e+04,                              
                    profile/fetch_frac=0.284, epoch=0,                          
                    lr/Muon=0.002, lr/AdamW=2.06e-04,                           
                    global_step=100                                             
[08:11:37] INFO     train/confidence_loss=0.238,                  trainer.py:584
                    train/confidence_abs_error=0.091,                           
                    train/confidence_pred_mean=0.042,                           
                    train/confidence_cumprod_bias=-0.027,                       
                    train/loss=0.384, train/ce_loss=1.300,                      
                    train/tv_loss=0.179, train/accept_rate=0.160,               
                    train/accept_len=1.280, train/full_acc=0.194,               
                    train/position_1_acc=0.208,                                 
                    train/position_2_acc=0.202,                                 
                    train/position_3_acc=0.192,                                 
                    train/position_4_acc=0.201,                                 
                    train/position_5_acc=0.198,                                 
                    train/position_6_acc=0.182,                                 
                    train/position_7_acc=0.177,                                 
                    profile/fetch_ms=33.833,                                    
                    profile/fwd_ms=96.748, profile/bwd_ms=92.031,               
                    profile/opt_ms=0.032,                                       
                    profile/step_ms=222.645,                                    
                    profile/tokens_per_s=1.82e+04,                              
                    profile/fetch_frac=0.152, epoch=0,                          
                    lr/Muon=0.002, lr/AdamW=2.50e-04,                           
                    global_step=120                                             
[08:11:53] INFO     train/confidence_loss=0.236,                  trainer.py:584
                    train/confidence_abs_error=0.097,                           
                    train/confidence_pred_mean=0.054,                           
                    train/confidence_cumprod_bias=-0.031,                       
                    train/loss=0.378, train/ce_loss=1.275,                      
                    train/tv_loss=0.173, train/accept_rate=0.183,               
                    train/accept_len=1.356, train/full_acc=0.225,               
                    train/position_1_acc=0.248,                                 
                    train/position_2_acc=0.219,                                 
                    train/position_3_acc=0.234,                                 
                    train/position_4_acc=0.204,                                 
                    train/position_5_acc=0.213,                                 
                    train/position_6_acc=0.238,                                 
                    train/position_7_acc=0.218,                                 
                    profile/fetch_ms=74.313,                                    
                    profile/fwd_ms=120.343,                                     
                    profile/bwd_ms=93.317,                                      
                    profile/opt_ms=277.306,                                     
                    profile/step_ms=565.279,                                    
                    profile/tokens_per_s=6.92e+03,                              
                    profile/fetch_frac=0.131, epoch=0,                          
                    lr/Muon=0.003, lr/AdamW=2.94e-04,                           
                    global_step=140                                             
[08:12:07] INFO     train/confidence_loss=0.248,                  trainer.py:584
                    train/confidence_abs_error=0.145,                           
                    train/confidence_pred_mean=0.179,                           
                    train/confidence_cumprod_bias=0.025,                        
                    train/loss=0.366, train/ce_loss=1.150,                      
                    train/tv_loss=0.168, train/accept_rate=0.211,               
                    train/accept_len=1.392, train/full_acc=0.244,               
                    train/position_1_acc=0.258,                                 
                    train/position_2_acc=0.257,                                 
                    train/position_3_acc=0.245,                                 
                    train/position_4_acc=0.254,                                 
                    train/position_5_acc=0.242,                                 
                    train/position_6_acc=0.225,                                 
                    train/position_7_acc=0.223,                                 
                    profile/fetch_ms=75.052,                                    
                    profile/fwd_ms=88.855, profile/bwd_ms=93.473,               
                    profile/opt_ms=0.027,                                       
                    profile/step_ms=257.407,                                    
                    profile/tokens_per_s=1.54e+04,                              
                    profile/fetch_frac=0.292, epoch=0,                          
                    lr/Muon=0.003, lr/AdamW=3.31e-04,                           
                    global_step=160                                             
[08:12:22] INFO     train/confidence_loss=0.238,                  trainer.py:584
                    train/confidence_abs_error=0.108,                           
                    train/confidence_pred_mean=0.090,                           
                    train/confidence_cumprod_bias=-0.033,                       
                    train/loss=0.361, train/ce_loss=1.169,                      
                    train/tv_loss=0.166, train/accept_rate=0.209,               
                    train/accept_len=1.533, train/full_acc=0.247,               
                    train/position_1_acc=0.324,                                 
                    train/position_2_acc=0.264,                                 
                    train/position_3_acc=0.247,                                 
                    train/position_4_acc=0.235,                                 
                    train/position_5_acc=0.214,                                 
                    train/position_6_acc=0.220,                                 
                    train/position_7_acc=0.225,                                 
                    profile/fetch_ms=130.866,                                   
                    profile/fwd_ms=96.453, profile/bwd_ms=91.653,               
                    profile/opt_ms=0.035,                                       
                    profile/step_ms=319.007,                                    
                    profile/tokens_per_s=1.04e+04,                              
                    profile/fetch_frac=0.410, epoch=0,                          
                    lr/Muon=0.004, lr/AdamW=3.75e-04,                           
                    global_step=180                                             
[08:12:35] INFO     train/confidence_loss=0.247,                  trainer.py:584
                    train/confidence_abs_error=0.107,                           
                    train/confidence_pred_mean=0.104,                           
                    train/confidence_cumprod_bias=-0.028,                       
                    train/loss=0.356, train/ce_loss=1.100,                      
                    train/tv_loss=0.163, train/accept_rate=0.214,               
                    train/accept_len=1.589, train/full_acc=0.259,               
                    train/position_1_acc=0.365,                                 
                    train/position_2_acc=0.314,                                 
                    train/position_3_acc=0.233,                                 
                    train/position_4_acc=0.222,                                 
                    train/position_5_acc=0.223,                                 
                    train/position_6_acc=0.223,                                 
                    train/position_7_acc=0.230,                                 
                    profile/fetch_ms=79.170,                                    
                    profile/fwd_ms=112.466,                                     
                    profile/bwd_ms=93.444,                                      
                    profile/opt_ms=230.820,                                     
                    profile/step_ms=515.900,                                    
                    profile/tokens_per_s=7.21e+03,                              
                    profile/fetch_frac=0.153, epoch=0,                          
                    lr/Muon=0.004, lr/AdamW=4.19e-04,                           
                    global_step=200                                             
[08:12:50] INFO     train/confidence_loss=0.262,                  trainer.py:584
                    train/confidence_abs_error=0.151,                           
                    train/confidence_pred_mean=0.186,                           
                    train/confidence_cumprod_bias=0.026,                        
                    train/loss=0.366, train/ce_loss=1.125,                      
                    train/tv_loss=0.163, train/accept_rate=0.204,               
                    train/accept_len=1.586, train/full_acc=0.227,               
                    train/position_1_acc=0.397,                                 
                    train/position_2_acc=0.249,                                 
                    train/position_3_acc=0.215,                                 
                    train/position_4_acc=0.194,                                 
                    train/position_5_acc=0.187,                                 
                    train/position_6_acc=0.175,                                 
                    train/position_7_acc=0.169,                                 
                    profile/fetch_ms=72.285,                                    
                    profile/fwd_ms=88.744, profile/bwd_ms=93.493,               
                    profile/opt_ms=0.031,                                       
                    profile/step_ms=254.553,                                    
                    profile/tokens_per_s=1.48e+04,                              
                    profile/fetch_frac=0.284, epoch=0,                          
                    lr/Muon=0.005, lr/AdamW=4.56e-04,                           
                    global_step=220                                             
[08:13:03] INFO     train/confidence_loss=0.234,                  trainer.py:584
                    train/confidence_abs_error=0.110,                           
                    train/confidence_pred_mean=0.112,                           
                    train/confidence_cumprod_bias=-0.035,                       
                    train/loss=0.341, train/ce_loss=1.056,                      
                    train/tv_loss=0.158, train/accept_rate=0.224,               
                    train/accept_len=1.740, train/full_acc=0.258,               
                    train/position_1_acc=0.468,                                 
                    train/position_2_acc=0.278,                                 
                    train/position_3_acc=0.231,                                 
                    train/position_4_acc=0.220,                                 
                    train/position_5_acc=0.218,                                 
                    train/position_6_acc=0.195,                                 
                    train/position_7_acc=0.194,                                 
                    profile/fetch_ms=4.233,                                     
                    profile/fwd_ms=92.792, profile/bwd_ms=93.007,               
                    profile/opt_ms=0.027,                                       
                    profile/step_ms=190.058,                                    
                    profile/tokens_per_s=1.98e+04,                              
                    profile/fetch_frac=0.022, epoch=0,                          
                    lr/Muon=0.005, lr/AdamW=5.00e-04,                           
                    global_step=240                                             
[08:13:20] INFO     train/confidence_loss=0.254,                  trainer.py:584
                    train/confidence_abs_error=0.113,                           
                    train/confidence_pred_mean=0.138,                           
                    train/confidence_cumprod_bias=-0.049,                       
                    train/loss=0.306, train/ce_loss=0.831,                      
                    train/tv_loss=0.134, train/accept_rate=0.314,               
                    train/accept_len=2.185, train/full_acc=0.353,               
                    train/position_1_acc=0.623,                                 
                    train/position_2_acc=0.437,                                 
                    train/position_3_acc=0.312,                                 
                    train/position_4_acc=0.293,                                 
                    train/position_5_acc=0.280,                                 
                    train/position_6_acc=0.281,                                 
                    train/position_7_acc=0.241,                                 
                    profile/fetch_ms=74.714,                                    
                    profile/fwd_ms=2.03e+03,                                    
                    profile/bwd_ms=92.436,                                      
                    profile/opt_ms=243.678,                                     
                    profile/step_ms=2.44e+03,                                   
                    profile/tokens_per_s=1.52e+03,                              
                    profile/fetch_frac=0.031, epoch=0,                          
                    lr/Muon=0.005, lr/AdamW=5.44e-04,                           
                    global_step=260                                             
[08:13:32] INFO     train/confidence_loss=0.208,                  trainer.py:584
                    train/confidence_abs_error=0.100,                           
                    train/confidence_pred_mean=0.135,                           
                    train/confidence_cumprod_bias=0.012,                        
                    train/loss=0.339, train/ce_loss=1.150,                      
                    train/tv_loss=0.157, train/accept_rate=0.218,               
                    train/accept_len=1.749, train/full_acc=0.256,               
                    train/position_1_acc=0.495,                                 
                    train/position_2_acc=0.275,                                 
                    train/position_3_acc=0.236,                                 
                    train/position_4_acc=0.173,                                 
                    train/position_5_acc=0.212,                                 
                    train/position_6_acc=0.199,                                 
                    train/position_7_acc=0.199,                                 
                    profile/fetch_ms=74.698,                                    
                    profile/fwd_ms=88.350, profile/bwd_ms=93.318,               
                    profile/opt_ms=0.029,                                       
                    profile/step_ms=256.395,                                    
                    profile/tokens_per_s=1.50e+04,                              
                    profile/fetch_frac=0.291, epoch=0,                          
                    lr/Muon=0.006, lr/AdamW=5.81e-04,                           
                    global_step=280                                             
[08:13:48] INFO     train/confidence_loss=0.250,                  trainer.py:584
                    train/confidence_abs_error=0.129,                           
                    train/confidence_pred_mean=0.184,                           
                    train/confidence_cumprod_bias=-0.033,                       
                    train/loss=0.280, train/ce_loss=0.713,                      
                    train/tv_loss=0.120, train/accept_rate=0.374,               
                    train/accept_len=2.399, train/full_acc=0.411,               
                    train/position_1_acc=0.698,                                 
                    train/position_2_acc=0.479,                                 
                    train/position_3_acc=0.413,                                 
                    train/position_4_acc=0.342,                                 
                    train/position_5_acc=0.333,                                 
                    train/position_6_acc=0.305,                                 
                    train/position_7_acc=0.305,                                 
                    profile/fetch_ms=83.938,                                    
                    profile/fwd_ms=92.505,                                      
                    profile/bwd_ms=120.832, profile/opt_ms=0.032,               
                    profile/step_ms=297.306,                                    
                    profile/tokens_per_s=1.28e+04,                              
                    profile/fetch_frac=0.282, epoch=0,                          
                    lr/Muon=0.006, lr/AdamW=6.00e-04,                           
                    global_step=300                                             
[08:14:02] INFO     train/confidence_loss=0.248,                  trainer.py:584
                    train/confidence_abs_error=0.139,                           
                    train/confidence_pred_mean=0.209,                           
                    train/confidence_cumprod_bias=0.036,                        
                    train/loss=0.325, train/ce_loss=0.950,                      
                    train/tv_loss=0.144, train/accept_rate=0.273,               
                    train/accept_len=1.914, train/full_acc=0.304,               
                    train/position_1_acc=0.579,                                 
                    train/position_2_acc=0.327,                                 
                    train/position_3_acc=0.296,                                 
                    train/position_4_acc=0.261,                                 
                    train/position_5_acc=0.242,                                 
                    train/position_6_acc=0.210,                                 
                    train/position_7_acc=0.210,                                 
                    profile/fetch_ms=64.976,                                    
                    profile/fwd_ms=108.998,                                     
                    profile/bwd_ms=93.224,                                      
                    profile/opt_ms=235.402,                                     
                    profile/step_ms=502.600,                                    
                    profile/tokens_per_s=7.53e+03,                              
                    profile/fetch_frac=0.129, epoch=0,                          
                    lr/Muon=0.006, lr/AdamW=5.99e-04,                           
                    global_step=320                                             
[08:14:18] INFO     train/confidence_loss=0.242,                  trainer.py:584
                    train/confidence_abs_error=0.117,                           
                    train/confidence_pred_mean=0.164,                           
                    train/confidence_cumprod_bias=-0.032,                       
                    train/loss=0.289, train/ce_loss=0.794,                      
                    train/tv_loss=0.127, train/accept_rate=0.341,               
                    train/accept_len=2.314, train/full_acc=0.381,               
                    train/position_1_acc=0.687,                                 
                    train/position_2_acc=0.451,                                 
                    train/position_3_acc=0.366,                                 
                    train/position_4_acc=0.302,                                 
                    train/position_5_acc=0.325,                                 
                    train/position_6_acc=0.283,                                 
                    train/position_7_acc=0.253,                                 
                    profile/fetch_ms=76.187,                                    
                    profile/fwd_ms=90.748, profile/bwd_ms=92.945,               
                    profile/opt_ms=0.051,                                       
                    profile/step_ms=259.930,                                    
                    profile/tokens_per_s=1.49e+04,                              
                    profile/fetch_frac=0.293, epoch=0,                          
                    lr/Muon=0.006, lr/AdamW=5.99e-04,                           
                    global_step=340                                             
[08:14:30] INFO     train/confidence_loss=0.242,                  trainer.py:584
                    train/confidence_abs_error=0.127,                           
                    train/confidence_pred_mean=0.207,                           
                    train/confidence_cumprod_bias=0.010,                        
                    train/loss=0.295, train/ce_loss=0.825,                      
                    train/tv_loss=0.130, train/accept_rate=0.330,               
                    train/accept_len=2.260, train/full_acc=0.365,               
                    train/position_1_acc=0.665,                                 
                    train/position_2_acc=0.433,                                 
                    train/position_3_acc=0.334,                                 
                    train/position_4_acc=0.305,                                 
                    train/position_5_acc=0.275,                                 
                    train/position_6_acc=0.264,                                 
                    train/position_7_acc=0.275,                                 
                    profile/fetch_ms=18.985,                                    
                    profile/fwd_ms=128.732,                                     
                    profile/bwd_ms=92.895, profile/opt_ms=0.043,                
                    profile/step_ms=240.654,                                    
                    profile/tokens_per_s=1.63e+04,                              
                    profile/fetch_frac=0.079, epoch=0,                          
                    lr/Muon=0.006, lr/AdamW=5.98e-04,                           
                    global_step=360                                             
[08:14:48] INFO     train/confidence_loss=0.232,                  trainer.py:584
                    train/confidence_abs_error=0.127,                           
                    train/confidence_pred_mean=0.226,                           
                    train/confidence_cumprod_bias=0.032,                        
                    train/loss=0.302, train/ce_loss=0.887,                      
                    train/tv_loss=0.133, train/accept_rate=0.320,               
                    train/accept_len=2.224, train/full_acc=0.354,               
                    train/position_1_acc=0.660,                                 
                    train/position_2_acc=0.400,                                 
                    train/position_3_acc=0.307,                                 
                    train/position_4_acc=0.292,                                 
                    train/position_5_acc=0.293,                                 
                    train/position_6_acc=0.274,                                 
                    train/position_7_acc=0.248,                                 
                    profile/fetch_ms=74.556,                                    
                    profile/fwd_ms=130.730,                                     
                    profile/bwd_ms=113.476,                                     
                    profile/opt_ms=283.747,                                     
                    profile/step_ms=602.509,                                    
                    profile/tokens_per_s=6.43e+03,                              
                    profile/fetch_frac=0.124, epoch=0,                          
                    lr/Muon=0.006, lr/AdamW=5.98e-04,                           
                    global_step=380                                             
[08:14:58] INFO     train/confidence_loss=0.234,                  trainer.py:584
                    train/confidence_abs_error=0.106,                           
                    train/confidence_pred_mean=0.144,                           
                    train/confidence_cumprod_bias=-0.029,                       
                    train/loss=0.300, train/ce_loss=0.856,                      
                    train/tv_loss=0.134, train/accept_rate=0.312,               
                    train/accept_len=2.185, train/full_acc=0.345,               
                    train/position_1_acc=0.638,                                 
                    train/position_2_acc=0.393,                                 
                    train/position_3_acc=0.340,                                 
                    train/position_4_acc=0.292,                                 
                    train/position_5_acc=0.264,                                 
                    train/position_6_acc=0.246,                                 
                    train/position_7_acc=0.241,                                 
                    profile/fetch_ms=98.330,                                    
                    profile/fwd_ms=87.117, profile/bwd_ms=93.686,               
                    profile/opt_ms=0.030,                                       
                    profile/step_ms=279.163,                                    
                    profile/tokens_per_s=1.41e+04,                              
                    profile/fetch_frac=0.352, epoch=0,                          
                    lr/Muon=0.006, lr/AdamW=5.98e-04,                           
                    global_step=400                                             
[08:15:15] INFO     train/confidence_loss=0.248,                  trainer.py:584
                    train/confidence_abs_error=0.131,                           
                    train/confidence_pred_mean=0.204,                           
                    train/confidence_cumprod_bias=0.012,                        
                    train/loss=0.297, train/ce_loss=0.812,                      
                    train/tv_loss=0.130, train/accept_rate=0.328,               
                    train/accept_len=2.180, train/full_acc=0.361,               
                    train/position_1_acc=0.649,                                 
                    train/position_2_acc=0.429,                                 
                    train/position_3_acc=0.355,                                 
                    train/position_4_acc=0.296,                                 
                    train/position_5_acc=0.287,                                 
                    train/position_6_acc=0.256,                                 
                    train/position_7_acc=0.252,                                 
                    profile/fetch_ms=3.288,                                     
                    profile/fwd_ms=92.462, profile/bwd_ms=91.981,               
                    profile/opt_ms=0.057,                                       
                    profile/step_ms=187.788,                                    
                    profile/tokens_per_s=1.92e+04,                              
                    profile/fetch_frac=0.018, epoch=0,                          
                    lr/Muon=0.006, lr/AdamW=5.97e-04,                           
                    global_step=420                                             
[08:15:27] INFO     train/confidence_loss=0.230,                  trainer.py:584
                    train/confidence_abs_error=0.123,                           
                    train/confidence_pred_mean=0.198,                           
                    train/confidence_cumprod_bias=0.025,                        
                    train/loss=0.312, train/ce_loss=0.963,                      
                    train/tv_loss=0.138, train/accept_rate=0.298,               
                    train/accept_len=2.093, train/full_acc=0.332,               
                    train/position_1_acc=0.608,                                 
                    train/position_2_acc=0.394,                                 
                    train/position_3_acc=0.298,                                 
                    train/position_4_acc=0.298,                                 
                    train/position_5_acc=0.249,                                 
                    train/position_6_acc=0.253,                                 
                    train/position_7_acc=0.222,                                 
                    profile/fetch_ms=62.222,                                    
                    profile/fwd_ms=120.222,                                     
                    profile/bwd_ms=93.087,                                      
                    profile/opt_ms=263.532,                                     
                    profile/step_ms=539.064,                                    
                    profile/tokens_per_s=7.55e+03,                              
                    profile/fetch_frac=0.115, epoch=0,                          
                    lr/Muon=0.006, lr/AdamW=5.97e-04,                           
                    global_step=440                                             
[08:15:42] INFO     train/confidence_loss=0.250,                  trainer.py:584
                    train/confidence_abs_error=0.121,                           
                    train/confidence_pred_mean=0.192,                           
                    train/confidence_cumprod_bias=-0.012,                       
                    train/loss=0.281, train/ce_loss=0.738,                      
                    train/tv_loss=0.120, train/accept_rate=0.363,               
                    train/accept_len=2.449, train/full_acc=0.398,               
                    train/position_1_acc=0.729,                                 
                    train/position_2_acc=0.496,                                 
                    train/position_3_acc=0.411,                                 
                    train/position_4_acc=0.326,                                 
                    train/position_5_acc=0.297,                                 
                    train/position_6_acc=0.277,                                 
                    train/position_7_acc=0.248,                                 
                    profile/fetch_ms=86.663,                                    
                    profile/fwd_ms=121.393,                                     
                    profile/bwd_ms=98.828, profile/opt_ms=0.024,                
                    profile/step_ms=306.909,                                    
                    profile/tokens_per_s=1.30e+04,                              
                    profile/fetch_frac=0.282, epoch=0,                          
                    lr/Muon=0.006, lr/AdamW=5.96e-04,                           
                    global_step=460                                             
[08:15:53] INFO     train/confidence_loss=0.246,                  trainer.py:584
                    train/confidence_abs_error=0.134,                           
                    train/confidence_pred_mean=0.221,                           
                    train/confidence_cumprod_bias=0.009,                        
                    train/loss=0.297, train/ce_loss=0.819,                      
                    train/tv_loss=0.128, train/accept_rate=0.338,               
                    train/accept_len=2.275, train/full_acc=0.375,               
                    train/position_1_acc=0.680,                                 
                    train/position_2_acc=0.402,                                 
                    train/position_3_acc=0.362,                                 
                    train/position_4_acc=0.326,                                 
                    train/position_5_acc=0.327,                                 
                    train/position_6_acc=0.260,                                 
                    train/position_7_acc=0.263,                                 
                    profile/fetch_ms=3.058,                                     
                    profile/fwd_ms=87.993, profile/bwd_ms=94.089,               
                    profile/opt_ms=0.061,                                       
                    profile/step_ms=185.201,                                    
                    profile/tokens_per_s=1.98e+04,                              
                    profile/fetch_frac=0.017, epoch=0,                          
                    lr/Muon=0.006, lr/AdamW=5.96e-04,                           
                    global_step=480                                             
[08:16:10] INFO     train/confidence_loss=0.242,                  trainer.py:584
                    train/confidence_abs_error=0.135,                           
                    train/confidence_pred_mean=0.252,                           
                    train/confidence_cumprod_bias=0.016,                        
                    train/loss=0.264, train/ce_loss=0.656,                      
                    train/tv_loss=0.111, train/accept_rate=0.404,               
                    train/accept_len=2.621, train/full_acc=0.444,               
                    train/position_1_acc=0.763,                                 
                    train/position_2_acc=0.552,                                 
                    train/position_3_acc=0.438,                                 
                    train/position_4_acc=0.388,                                 
                    train/position_5_acc=0.363,                                 
                    train/position_6_acc=0.294,                                 
                    train/position_7_acc=0.304,                                 
                    profile/fetch_ms=104.369,                                   
                    profile/fwd_ms=118.877,                                     
                    profile/bwd_ms=99.638,                                      
                    profile/opt_ms=261.225,                                     
                    profile/step_ms=584.109,                                    
                    profile/tokens_per_s=6.33e+03,                              
                    profile/fetch_frac=0.179, epoch=0,                          
                    lr/Muon=0.006, lr/AdamW=5.96e-04,                           
                    global_step=500                                             
[08:16:24] INFO     train/confidence_loss=0.256,                  trainer.py:584
                    train/confidence_abs_error=0.124,                           
                    train/confidence_pred_mean=0.162,                           
                    train/confidence_cumprod_bias=-0.038,                       
                    train/loss=0.287, train/ce_loss=0.734,                      
                    train/tv_loss=0.122, train/accept_rate=0.359,               
                    train/accept_len=2.318, train/full_acc=0.394,               
                    train/position_1_acc=0.728,                                 
                    train/position_2_acc=0.461,                                 
                    train/position_3_acc=0.370,                                 
                    train/position_4_acc=0.338,                                 
                    train/position_5_acc=0.322,                                 
                    train/position_6_acc=0.244,                                 
                    train/position_7_acc=0.289,                                 
                    profile/fetch_ms=76.684,                                    
                    profile/fwd_ms=86.955, profile/bwd_ms=96.040,               
                    profile/opt_ms=0.067,                                       
                    profile/step_ms=259.747,                                    
                    profile/tokens_per_s=1.52e+04,                              
                    profile/fetch_frac=0.295, epoch=0,                          
                    lr/Muon=0.006, lr/AdamW=5.95e-04,                           
                    global_step=520                                             
[08:16:39] INFO     train/confidence_loss=0.240,                  trainer.py:584
                    train/confidence_abs_error=0.137,                           
                    train/confidence_pred_mean=0.246,                           
                    train/confidence_cumprod_bias=-0.013,                       
                    train/loss=0.263, train/ce_loss=0.669,                      
                    train/tv_loss=0.110, train/accept_rate=0.410,               
                    train/accept_len=2.745, train/full_acc=0.439,               
                    train/position_1_acc=0.756,                                 
                    train/position_2_acc=0.536,                                 
                    train/position_3_acc=0.453,                                 
                    train/position_4_acc=0.386,                                 
                    train/position_5_acc=0.344,                                 
                    train/position_6_acc=0.320,                                 
                    train/position_7_acc=0.273,                                 
                    profile/fetch_ms=3.271,                                     
                    profile/fwd_ms=104.842,                                     
                    profile/bwd_ms=92.313, profile/opt_ms=0.067,                
                    profile/step_ms=200.493,                                    
                    profile/tokens_per_s=1.98e+04,                              
                    profile/fetch_frac=0.016, epoch=0,                          
                    lr/Muon=0.006, lr/AdamW=5.95e-04,                           
                    global_step=540                                             
[08:16:52] INFO     train/confidence_loss=0.244,                  trainer.py:584
                    train/confidence_abs_error=0.129,                           
                    train/confidence_pred_mean=0.208,                           
                    train/confidence_cumprod_bias=0.021,                        
                    train/loss=0.298, train/ce_loss=0.825,                      
                    train/tv_loss=0.130, train/accept_rate=0.320,               
                    train/accept_len=2.173, train/full_acc=0.361,               
                    train/position_1_acc=0.697,                                 
                    train/position_2_acc=0.416,                                 
                    train/position_3_acc=0.343,                                 
                    train/position_4_acc=0.294,                                 
                    train/position_5_acc=0.253,                                 
                    train/position_6_acc=0.263,                                 
                    train/position_7_acc=0.255,                                 
                    profile/fetch_ms=67.436,                                    
                    profile/fwd_ms=89.826, profile/bwd_ms=94.711,               
                    profile/opt_ms=289.158,                                     
                    profile/step_ms=541.132,                                    
                    profile/tokens_per_s=7.27e+03,                              
                    profile/fetch_frac=0.125, epoch=0,                          
                    lr/Muon=0.006, lr/AdamW=5.94e-04,                           
                    global_step=560                                             
[08:17:09] INFO     train/confidence_loss=0.240,                  trainer.py:584
                    train/confidence_abs_error=0.116,                           
                    train/confidence_pred_mean=0.204,                           
                    train/confidence_cumprod_bias=-0.032,                       
                    train/loss=0.256, train/ce_loss=0.619,                      
                    train/tv_loss=0.109, train/accept_rate=0.421,               
                    train/accept_len=2.773, train/full_acc=0.459,               
                    train/position_1_acc=0.767,                                 
                    train/position_2_acc=0.549,                                 
                    train/position_3_acc=0.478,                                 
                    train/position_4_acc=0.403,                                 
                    train/position_5_acc=0.337,                                 
                    train/position_6_acc=0.344,                                 
                    train/position_7_acc=0.331,                                 
                    profile/fetch_ms=85.726,                                    
                    profile/fwd_ms=90.730, profile/bwd_ms=91.727,               
                    profile/opt_ms=0.062,                                       
                    profile/step_ms=268.244,                                    
                    profile/tokens_per_s=1.46e+04,                              
                    profile/fetch_frac=0.320, epoch=0,                          
                    lr/Muon=0.006, lr/AdamW=5.94e-04,                           
                    global_step=580                                             
[08:17:21] INFO     train/confidence_loss=0.252,                  trainer.py:584
                    train/confidence_abs_error=0.137,                           
                    train/confidence_pred_mean=0.241,                           
                    train/confidence_cumprod_bias=0.042,                        
                    train/loss=0.292, train/ce_loss=0.797,                      
                    train/tv_loss=0.123, train/accept_rate=0.357,               
                    train/accept_len=2.305, train/full_acc=0.387,               
                    train/position_1_acc=0.676,                                 
                    train/position_2_acc=0.469,                                 
                    train/position_3_acc=0.394,                                 
                    train/position_4_acc=0.320,                                 
                    train/position_5_acc=0.300,                                 
                    train/position_6_acc=0.286,                                 
                    train/position_7_acc=0.259,                                 
                    profile/fetch_ms=24.104,                                    
                    profile/fwd_ms=93.296, profile/bwd_ms=93.998,               
                    profile/opt_ms=0.028,                                       
                    profile/step_ms=211.425,                                    
                    profile/tokens_per_s=1.88e+04,                              
                    profile/fetch_frac=0.114, epoch=0,                          
                    lr/Muon=0.006, lr/AdamW=5.93e-04,                           
                    global_step=600                                             
[08:17:37] INFO     train/confidence_loss=0.256,                  trainer.py:584
                    train/confidence_abs_error=0.140,                           
                    train/confidence_pred_mean=0.284,                           
                    train/confidence_cumprod_bias=0.045,                        
                    train/loss=0.263, train/ce_loss=0.619,                      
                    train/tv_loss=0.107, train/accept_rate=0.420,               
                    train/accept_len=2.734, train/full_acc=0.453,               
                    train/position_1_acc=0.773,                                 
                    train/position_2_acc=0.548,                                 
                    train/position_3_acc=0.477,                                 
                    train/position_4_acc=0.376,                                 
                    train/position_5_acc=0.344,                                 
                    train/position_6_acc=0.327,                                 
                    train/position_7_acc=0.325,                                 
                    profile/fetch_ms=69.654,                                    
                    profile/fwd_ms=114.131,                                     
                    profile/bwd_ms=99.088,                                      
                    profile/opt_ms=258.979,                                     
                    profile/step_ms=541.851,                                    
                    profile/tokens_per_s=7.38e+03,                              
                    profile/fetch_frac=0.129, epoch=0,                          
                    lr/Muon=0.006, lr/AdamW=5.93e-04,                           
                    global_step=620                                             
[08:17:50] INFO     train/confidence_loss=0.243,                  trainer.py:584
                    train/confidence_abs_error=0.125,                           
                    train/confidence_pred_mean=0.219,                           
                    train/confidence_cumprod_bias=-0.016,                       
                    train/loss=0.266, train/ce_loss=0.675,                      
                    train/tv_loss=0.113, train/accept_rate=0.404,               
                    train/accept_len=2.611, train/full_acc=0.435,               
                    train/position_1_acc=0.745,                                 
                    train/position_2_acc=0.521,                                 
                    train/position_3_acc=0.430,                                 
                    train/position_4_acc=0.384,                                 
                    train/position_5_acc=0.328,                                 
                    train/position_6_acc=0.336,                                 
                    train/position_7_acc=0.301,                                 
                    profile/fetch_ms=89.340,                                    
                    profile/fwd_ms=143.566,                                     
                    profile/bwd_ms=92.105, profile/opt_ms=0.038,                
                    profile/step_ms=325.049,                                    
                    profile/tokens_per_s=1.21e+04,                              
                    profile/fetch_frac=0.275, epoch=0,                          
                    lr/Muon=0.006, lr/AdamW=5.93e-04,                           
                    global_step=640                                             
[08:18:05] INFO     train/confidence_loss=0.240,                  trainer.py:584
                    train/confidence_abs_error=0.136,                           
                    train/confidence_pred_mean=0.254,                           
                    train/confidence_cumprod_bias=0.023,                        
                    train/loss=0.284, train/ce_loss=0.781,                      
                    train/tv_loss=0.122, train/accept_rate=0.367,               
                    train/accept_len=2.419, train/full_acc=0.388,               
                    train/position_1_acc=0.642,                                 
                    train/position_2_acc=0.456,                                 
                    train/position_3_acc=0.396,                                 
                    train/position_4_acc=0.344,                                 
                    train/position_5_acc=0.310,                                 
                    train/position_6_acc=0.293,                                 
                    train/position_7_acc=0.273,                                 
                    profile/fetch_ms=3.229,                                     
                    profile/fwd_ms=1.89e+03,                                    
                    profile/bwd_ms=92.567, profile/opt_ms=0.037,                
                    profile/step_ms=1.98e+03,                                   
                    profile/tokens_per_s=2.01e+03,                              
                    profile/fetch_frac=0.002, epoch=0,                          
                    lr/Muon=0.006, lr/AdamW=5.92e-04,                           
                    global_step=660                                             
[08:18:19] INFO     train/confidence_loss=0.252,                  trainer.py:584
                    train/confidence_abs_error=0.136,                           
                    train/confidence_pred_mean=0.276,                           
                    train/confidence_cumprod_bias=0.044,                        
                    train/loss=0.269, train/ce_loss=0.659,                      
                    train/tv_loss=0.114, train/accept_rate=0.397,               
                    train/accept_len=2.546, train/full_acc=0.430,               
                    train/position_1_acc=0.747,                                 
                    train/position_2_acc=0.518,                                 
                    train/position_3_acc=0.401,                                 
                    train/position_4_acc=0.377,                                 
                    train/position_5_acc=0.348,                                 
                    train/position_6_acc=0.326,                                 
                    train/position_7_acc=0.291,                                 
                    profile/fetch_ms=76.814,                                    
                    profile/fwd_ms=93.061, profile/bwd_ms=94.104,               
                    profile/opt_ms=585.104,                                     
                    profile/step_ms=849.083,                                    
                    profile/tokens_per_s=4.58e+03,                              
                    profile/fetch_frac=0.090, epoch=0,                          
                    lr/Muon=0.006, lr/AdamW=5.92e-04,                           
                    global_step=680                                             
[08:18:34] INFO     train/confidence_loss=0.238,                  trainer.py:584
                    train/confidence_abs_error=0.116,                           
                    train/confidence_pred_mean=0.180,                           
                    train/confidence_cumprod_bias=-0.024,                       
                    train/loss=0.284, train/ce_loss=0.800,                      
                    train/tv_loss=0.123, train/accept_rate=0.361,               
                    train/accept_len=2.423, train/full_acc=0.393,               
                    train/position_1_acc=0.696,                                 
                    train/position_2_acc=0.476,                                 
                    train/position_3_acc=0.358,                                 
                    train/position_4_acc=0.339,                                 
                    train/position_5_acc=0.319,                                 
                    train/position_6_acc=0.297,                                 
                    train/position_7_acc=0.263,                                 
                    profile/fetch_ms=74.638,                                    
                    profile/fwd_ms=1.35e+03,                                    
                    profile/bwd_ms=109.526, profile/opt_ms=0.033,               
                    profile/step_ms=1.53e+03,                                   
                    profile/tokens_per_s=2.64e+03,                              
                    profile/fetch_frac=0.049, epoch=0,                          
                    lr/Muon=0.006, lr/AdamW=5.91e-04,                           
                    global_step=700                                             
[08:18:47] INFO     train/confidence_loss=0.240,                  trainer.py:584
                    train/confidence_abs_error=0.136,                           
                    train/confidence_pred_mean=0.283,                           
                    train/confidence_cumprod_bias=0.015,                        
                    train/loss=0.250, train/ce_loss=0.625,                      
                    train/tv_loss=0.103, train/accept_rate=0.441,               
                    train/accept_len=2.925, train/full_acc=0.473,               
                    train/position_1_acc=0.808,                                 
                    train/position_2_acc=0.565,                                 
                    train/position_3_acc=0.474,                                 
                    train/position_4_acc=0.409,                                 
                    train/position_5_acc=0.365,                                 
                    train/position_6_acc=0.356,                                 
                    train/position_7_acc=0.329,                                 
                    profile/fetch_ms=86.571,                                    
                    profile/fwd_ms=95.561, profile/bwd_ms=96.641,               
                    profile/opt_ms=0.054,                                       
                    profile/step_ms=278.827,                                    
                    profile/tokens_per_s=1.44e+04,                              
                    profile/fetch_frac=0.310, epoch=0,                          
                    lr/Muon=0.006, lr/AdamW=5.91e-04,                           
                    global_step=720                                             
[08:19:04] INFO     train/confidence_loss=0.256,                  trainer.py:584
                    train/confidence_abs_error=0.143,                           
                    train/confidence_pred_mean=0.314,                           
                    train/confidence_cumprod_bias=0.057,                        
                    train/loss=0.250, train/ce_loss=0.572,                      
                    train/tv_loss=0.102, train/accept_rate=0.453,               
                    train/accept_len=2.860, train/full_acc=0.497,               
                    train/position_1_acc=0.779,                                 
                    train/position_2_acc=0.615,                                 
                    train/position_3_acc=0.482,                                 
                    train/position_4_acc=0.448,                                 
                    train/position_5_acc=0.414,                                 
                    train/position_6_acc=0.383,                                 
                    train/position_7_acc=0.354,                                 
                    profile/fetch_ms=75.127,                                    
                    profile/fwd_ms=2.91e+03,                                    
                    profile/bwd_ms=92.364,                                      
                    profile/opt_ms=284.455,                                     
                    profile/step_ms=3.36e+03,                                   
                    profile/tokens_per_s=1.00e+03,                              
                    profile/fetch_frac=0.022, epoch=0,                          
                    lr/Muon=0.006, lr/AdamW=5.91e-04,                           
                    global_step=740                                             
[08:19:16] INFO     train/confidence_loss=0.252,                  trainer.py:584
                    train/confidence_abs_error=0.125,                           
                    train/confidence_pred_mean=0.194,                           
                    train/confidence_cumprod_bias=-0.034,                       
                    train/loss=0.272, train/ce_loss=0.684,                      
                    train/tv_loss=0.113, train/accept_rate=0.397,               
                    train/accept_len=2.573, train/full_acc=0.428,               
                    train/position_1_acc=0.759,                                 
                    train/position_2_acc=0.506,                                 
                    train/position_3_acc=0.409,                                 
                    train/position_4_acc=0.389,                                 
                    train/position_5_acc=0.336,                                 
                    train/position_6_acc=0.308,                                 
                    train/position_7_acc=0.286,                                 
                    profile/fetch_ms=71.637,                                    
                    profile/fwd_ms=115.047,                                     
                    profile/bwd_ms=93.005, profile/opt_ms=0.063,                
                    profile/step_ms=279.751,                                    
                    profile/tokens_per_s=1.40e+04,                              
                    profile/fetch_frac=0.256, epoch=0,                          
                    lr/Muon=0.006, lr/AdamW=5.90e-04,                           
                    global_step=760                                             
[08:19:31] INFO     train/confidence_loss=0.240,                  trainer.py:584
                    train/confidence_abs_error=0.129,                           
                    train/confidence_pred_mean=0.241,                           
                    train/confidence_cumprod_bias=0.032,                        
                    train/loss=0.287, train/ce_loss=0.787,                      
                    train/tv_loss=0.124, train/accept_rate=0.353,               
                    train/accept_len=2.442, train/full_acc=0.377,               
                    train/position_1_acc=0.699,                                 
                    train/position_2_acc=0.467,                                 
                    train/position_3_acc=0.357,                                 
                    train/position_4_acc=0.316,                                 
                    train/position_5_acc=0.269,                                 
                    train/position_6_acc=0.267,                                 
                    train/position_7_acc=0.264,                                 
                    profile/fetch_ms=3.220,                                     
                    profile/fwd_ms=474.397,                                     
                    profile/bwd_ms=97.267, profile/opt_ms=0.045,                
                    profile/step_ms=574.929,                                    
                    profile/tokens_per_s=6.81e+03,                              
                    profile/fetch_frac=0.006, epoch=0,                          
                    lr/Muon=0.006, lr/AdamW=5.90e-04,                           
                    global_step=780                                             
[08:19:45] INFO     train/confidence_loss=0.244,                  trainer.py:584
                    train/confidence_abs_error=0.132,                           
                    train/confidence_pred_mean=0.292,                           
                    train/confidence_cumprod_bias=0.047,                        
                    train/loss=0.256, train/ce_loss=0.631,                      
                    train/tv_loss=0.106, train/accept_rate=0.431,               
                    train/accept_len=2.824, train/full_acc=0.461,               
                    train/position_1_acc=0.775,                                 
                    train/position_2_acc=0.574,                                 
                    train/position_3_acc=0.446,                                 
                    train/position_4_acc=0.409,                                 
                    train/position_5_acc=0.366,                                 
                    train/position_6_acc=0.344,                                 
                    train/position_7_acc=0.308,                                 
                    profile/fetch_ms=71.620,                                    
                    profile/fwd_ms=113.675,                                     
                    profile/bwd_ms=94.091,                                      
                    profile/opt_ms=244.432,                                     
                    profile/step_ms=523.818,                                    
                    profile/tokens_per_s=7.67e+03,                              
                    profile/fetch_frac=0.137, epoch=0,                          
                    lr/Muon=0.006, lr/AdamW=5.89e-04,                           
                    global_step=800                                             
[08:20:01] INFO     train/confidence_loss=0.258,                  trainer.py:584
                    train/confidence_abs_error=0.120,                           
                    train/confidence_pred_mean=0.190,                           
                    train/confidence_cumprod_bias=-0.020,                       
                    train/loss=0.277, train/ce_loss=0.700,                      
                    train/tv_loss=0.114, train/accept_rate=0.395,               
                    train/accept_len=2.527, train/full_acc=0.425,               
                    train/position_1_acc=0.744,                                 
                    train/position_2_acc=0.506,                                 
                    train/position_3_acc=0.429,                                 
                    train/position_4_acc=0.361,                                 
                    train/position_5_acc=0.328,                                 
                    train/position_6_acc=0.310,                                 
                    train/position_7_acc=0.293,                                 
                    profile/fetch_ms=94.631,                                    
                    profile/fwd_ms=122.083,                                     
                    profile/bwd_ms=93.167, profile/opt_ms=0.060,                
                    profile/step_ms=309.942,                                    
                    profile/tokens_per_s=1.19e+04,                              
                    profile/fetch_frac=0.305, epoch=0,                          
                    lr/Muon=0.006, lr/AdamW=5.89e-04,                           
                    global_step=820                                             
[08:20:13] INFO     train/confidence_loss=0.246,                  trainer.py:584
                    train/confidence_abs_error=0.131,                           
                    train/confidence_pred_mean=0.253,                           
                    train/confidence_cumprod_bias=0.016,                        
                    train/loss=0.266, train/ce_loss=0.662,                      
                    train/tv_loss=0.112, train/accept_rate=0.399,               
                    train/accept_len=2.666, train/full_acc=0.428,               
                    train/position_1_acc=0.784,                                 
                    train/position_2_acc=0.507,                                 
                    train/position_3_acc=0.407,                                 
                    train/position_4_acc=0.349,                                 
                    train/position_5_acc=0.323,                                 
                    train/position_6_acc=0.315,                                 
                    train/position_7_acc=0.309,                                 
                    profile/fetch_ms=41.437,                                    
                    profile/fwd_ms=95.873, profile/bwd_ms=90.589,               
                    profile/opt_ms=0.033,                                       
                    profile/step_ms=227.932,                                    
                    profile/tokens_per_s=1.48e+04,                              
                    profile/fetch_frac=0.182, epoch=0,                          
                    lr/Muon=0.006, lr/AdamW=5.88e-04,                           
                    global_step=840                                             
[08:20:30] INFO     train/confidence_loss=0.236,                  trainer.py:584
                    train/confidence_abs_error=0.126,                           
                    train/confidence_pred_mean=0.269,                           
                    train/confidence_cumprod_bias=0.010,                        
                    train/loss=0.244, train/ce_loss=0.581,                      
                    train/tv_loss=0.101, train/accept_rate=0.451,               
                    train/accept_len=2.966, train/full_acc=0.481,               
                    train/position_1_acc=0.798,                                 
                    train/position_2_acc=0.623,                                 
                    train/position_3_acc=0.486,                                 
                    train/position_4_acc=0.411,                                 
                    train/position_5_acc=0.364,                                 
                    train/position_6_acc=0.342,                                 
                    train/position_7_acc=0.342,                                 
                    profile/fetch_ms=52.686,                                    
                    profile/fwd_ms=88.326, profile/bwd_ms=94.586,               
                    profile/opt_ms=234.242,                                     
                    profile/step_ms=469.841,                                    
                    profile/tokens_per_s=8.49e+03,                              
                    profile/fetch_frac=0.112, epoch=0,                          
                    lr/Muon=0.006, lr/AdamW=5.88e-04,                           
                    global_step=860                                             
[08:20:42] INFO     train/confidence_loss=0.243,                  trainer.py:584
                    train/confidence_abs_error=0.116,                           
                    train/confidence_pred_mean=0.206,                           
                    train/confidence_cumprod_bias=-0.028,                       
                    train/loss=0.263, train/ce_loss=0.653,                      
                    train/tv_loss=0.109, train/accept_rate=0.414,               
                    train/accept_len=2.738, train/full_acc=0.442,               
                    train/position_1_acc=0.784,                                 
                    train/position_2_acc=0.532,                                 
                    train/position_3_acc=0.429,                                 
                    train/position_4_acc=0.382,                                 
                    train/position_5_acc=0.332,                                 
                    train/position_6_acc=0.338,                                 
                    train/position_7_acc=0.292,                                 
                    profile/fetch_ms=72.407,                                    
                    profile/fwd_ms=90.064, profile/bwd_ms=91.145,               
                    profile/opt_ms=0.066,                                       
                    profile/step_ms=253.682,                                    
                    profile/tokens_per_s=1.53e+04,                              
                    profile/fetch_frac=0.285, epoch=0,                          
                    lr/Muon=0.006, lr/AdamW=5.88e-04,                           
                    global_step=880                                             
[08:21:00] INFO     train/confidence_loss=0.241,                  trainer.py:584
                    train/confidence_abs_error=0.126,                           
                    train/confidence_pred_mean=0.235,                           
                    train/confidence_cumprod_bias=0.016,                        
                    train/loss=0.270, train/ce_loss=0.719,                      
                    train/tv_loss=0.113, train/accept_rate=0.402,               
                    train/accept_len=2.559, train/full_acc=0.435,               
                    train/position_1_acc=0.726,                                 
                    train/position_2_acc=0.507,                                 
                    train/position_3_acc=0.445,                                 
                    train/position_4_acc=0.376,                                 
                    train/position_5_acc=0.341,                                 
                    train/position_6_acc=0.331,                                 
                    train/position_7_acc=0.317,                                 
                    profile/fetch_ms=95.764,                                    
                    profile/fwd_ms=98.659, profile/bwd_ms=91.799,               
                    profile/opt_ms=0.050,                                       
                    profile/step_ms=286.273,                                    
                    profile/tokens_per_s=1.31e+04,                              
                    profile/fetch_frac=0.335, epoch=0,                          
                    lr/Muon=0.006, lr/AdamW=5.87e-04,                           
                    global_step=900                                             
[08:21:13] INFO     train/confidence_loss=0.258,                  trainer.py:584
                    train/confidence_abs_error=0.137,                           
                    train/confidence_pred_mean=0.270,                           
                    train/confidence_cumprod_bias=0.025,                        
                    train/loss=0.269, train/ce_loss=0.656,                      
                    train/tv_loss=0.111, train/accept_rate=0.412,               
                    train/accept_len=2.653, train/full_acc=0.438,               
                    train/position_1_acc=0.772,                                 
                    train/position_2_acc=0.506,                                 
                    train/position_3_acc=0.401,                                 
                    train/position_4_acc=0.379,                                 
                    train/position_5_acc=0.353,                                 
                    train/position_6_acc=0.350,                                 
                    train/position_7_acc=0.300,                                 
                    profile/fetch_ms=74.790,                                    
                    profile/fwd_ms=90.840, profile/bwd_ms=94.750,               
                    profile/opt_ms=285.383,                                     
                    profile/step_ms=545.763,                                    
                    profile/tokens_per_s=6.75e+03,                              
                    profile/fetch_frac=0.137, epoch=0,                          
                    lr/Muon=0.006, lr/AdamW=5.87e-04,                           
                    global_step=920                                             
[08:21:29] INFO     train/confidence_loss=0.252,                  trainer.py:584
                    train/confidence_abs_error=0.123,                           
                    train/confidence_pred_mean=0.220,                           
                    train/confidence_cumprod_bias=-0.019,                       
                    train/loss=0.259, train/ce_loss=0.619,                      
                    train/tv_loss=0.107, train/accept_rate=0.426,               
                    train/accept_len=2.761, train/full_acc=0.455,               
                    train/position_1_acc=0.775,                                 
                    train/position_2_acc=0.544,                                 
                    train/position_3_acc=0.433,                                 
                    train/position_4_acc=0.405,                                 
                    train/position_5_acc=0.380,                                 
                    train/position_6_acc=0.315,                                 
                    train/position_7_acc=0.329,                                 
                    profile/fetch_ms=76.499,                                    
                    profile/fwd_ms=94.924,                                      
                    profile/bwd_ms=131.792, profile/opt_ms=0.054,               
                    profile/step_ms=303.269,                                    
                    profile/tokens_per_s=1.25e+04,                              
                    profile/fetch_frac=0.252, epoch=0,                          
                    lr/Muon=0.006, lr/AdamW=5.86e-04,                           
                    global_step=940                                             
[08:21:41] INFO     train/confidence_loss=0.242,                  trainer.py:584
                    train/confidence_abs_error=0.129,                           
                    train/confidence_pred_mean=0.254,                           
                    train/confidence_cumprod_bias=0.012,                        
                    train/loss=0.264, train/ce_loss=0.666,                      
                    train/tv_loss=0.110, train/accept_rate=0.412,               
                    train/accept_len=2.695, train/full_acc=0.446,               
                    train/position_1_acc=0.767,                                 
                    train/position_2_acc=0.533,                                 
                    train/position_3_acc=0.453,                                 
                    train/position_4_acc=0.404,                                 
                    train/position_5_acc=0.331,                                 
                    train/position_6_acc=0.325,                                 
                    train/position_7_acc=0.302,                                 
                    profile/fetch_ms=73.113,                                    
                    profile/fwd_ms=94.445, profile/bwd_ms=93.434,               
                    profile/opt_ms=0.060,                                       
                    profile/step_ms=261.052,                                    
                    profile/tokens_per_s=1.52e+04,                              
                    profile/fetch_frac=0.280, epoch=0,                          
                    lr/Muon=0.006, lr/AdamW=5.86e-04,                           
                    global_step=960                                             
[08:21:56] INFO     train/confidence_loss=0.250,                  trainer.py:584
                    train/confidence_abs_error=0.144,                           
                    train/confidence_pred_mean=0.296,                           
                    train/confidence_cumprod_bias=0.017,                        
                    train/loss=0.241, train/ce_loss=0.550,                      
                    train/tv_loss=0.095, train/accept_rate=0.476,               
                    train/accept_len=3.113, train/full_acc=0.510,               
                    train/position_1_acc=0.831,                                 
                    train/position_2_acc=0.630,                                 
                    train/position_3_acc=0.525,                                 
                    train/position_4_acc=0.429,                                 
                    train/position_5_acc=0.426,                                 
                    train/position_6_acc=0.384,                                 
                    train/position_7_acc=0.342,                                 
                    profile/fetch_ms=103.607,                                   
                    profile/fwd_ms=146.867,                                     
                    profile/bwd_ms=86.910,                                      
                    profile/opt_ms=263.169,                                     
                    profile/step_ms=600.553,                                    
                    profile/tokens_per_s=6.72e+03,                              
                    profile/fetch_frac=0.173, epoch=0,                          
                    lr/Muon=0.006, lr/AdamW=5.85e-04,                           
                    global_step=980                                             
[08:22:07] INFO     train/confidence_loss=0.244,                  trainer.py:584
                    train/confidence_abs_error=0.133,                           
                    train/confidence_pred_mean=0.284,                           
                    train/confidence_cumprod_bias=0.007,                        
                    train/loss=0.228, train/ce_loss=0.500,                      
                    train/tv_loss=0.089, train/accept_rate=0.499,               
                    train/accept_len=3.217, train/full_acc=0.530,               
                    train/position_1_acc=0.881,                                 
                    train/position_2_acc=0.646,                                 
                    train/position_3_acc=0.529,                                 
                    train/position_4_acc=0.491,                                 
                    train/position_5_acc=0.436,                                 
                    train/position_6_acc=0.350,                                 
                    train/position_7_acc=0.368,                                 
                    profile/fetch_ms=78.858,                                    
                    profile/fwd_ms=88.198, profile/bwd_ms=94.175,               
                    profile/opt_ms=0.049,                                       
                    profile/step_ms=261.280,                                    
                    profile/tokens_per_s=1.55e+04,                              
                    profile/fetch_frac=0.302, epoch=0,                          
                    lr/Muon=0.006, lr/AdamW=5.85e-04,                           
                    global_step=1000                                            
[08:22:22] INFO     train/confidence_loss=0.241,                  trainer.py:584
                    train/confidence_abs_error=0.121,                           
                    train/confidence_pred_mean=0.192,                           
                    train/confidence_cumprod_bias=-0.040,                       
                    train/loss=0.263, train/ce_loss=0.656,                      
                    train/tv_loss=0.111, train/accept_rate=0.417,               
                    train/accept_len=2.704, train/full_acc=0.452,               
                    train/position_1_acc=0.764,                                 
                    train/position_2_acc=0.511,                                 
                    train/position_3_acc=0.457,                                 
                    train/position_4_acc=0.407,                                 
                    train/position_5_acc=0.370,                                 
                    train/position_6_acc=0.335,                                 
                    train/position_7_acc=0.314,                                 
                    profile/fetch_ms=97.646,                                    
                    profile/fwd_ms=127.678,                                     
                    profile/bwd_ms=92.432, profile/opt_ms=0.031,                
                    profile/step_ms=317.787,                                    
                    profile/tokens_per_s=1.04e+04,                              
                    profile/fetch_frac=0.307, epoch=0,                          
                    lr/Muon=0.006, lr/AdamW=5.85e-04,                           
                    global_step=1020                                            
[08:22:35] INFO     train/confidence_loss=0.233,                  trainer.py:584
                    train/confidence_abs_error=0.130,                           
                    train/confidence_pred_mean=0.277,                           
                    train/confidence_cumprod_bias=-0.042,                       
                    train/loss=0.212, train/ce_loss=0.441,                      
                    train/tv_loss=0.083, train/accept_rate=0.533,               
                    train/accept_len=3.447, train/full_acc=0.563,               
                    train/position_1_acc=0.872,                                 
                    train/position_2_acc=0.701,                                 
                    train/position_3_acc=0.575,                                 
                    train/position_4_acc=0.531,                                 
                    train/position_5_acc=0.436,                                 
                    train/position_6_acc=0.415,                                 
                    train/position_7_acc=0.407,                                 
                    profile/fetch_ms=71.450,                                    
                    profile/fwd_ms=91.577,                                      
                    profile/bwd_ms=134.299,                                     
                    profile/opt_ms=244.349,                                     
                    profile/step_ms=541.676,                                    
                    profile/tokens_per_s=6.83e+03,                              
                    profile/fetch_frac=0.132, epoch=0,                          
                    lr/Muon=0.006, lr/AdamW=5.84e-04,                           
                    global_step=1040                                            
[08:22:51] INFO     train/confidence_loss=0.254,                  trainer.py:584
                    train/confidence_abs_error=0.138,                           
                    train/confidence_pred_mean=0.316,                           
                    train/confidence_cumprod_bias=0.050,                        
                    train/loss=0.237, train/ce_loss=0.516,                      
                    train/tv_loss=0.093, train/accept_rate=0.497,               
                    train/accept_len=3.051, train/full_acc=0.530,               
                    train/position_1_acc=0.817,                                 
                    train/position_2_acc=0.647,                                 
                    train/position_3_acc=0.526,                                 
                    train/position_4_acc=0.464,                                 
                    train/position_5_acc=0.429,                                 
                    train/position_6_acc=0.416,                                 
                    train/position_7_acc=0.406,                                 
                    profile/fetch_ms=70.954,                                    
                    profile/fwd_ms=90.679, profile/bwd_ms=92.111,               
                    profile/opt_ms=0.165,                                       
                    profile/step_ms=253.908,                                    
                    profile/tokens_per_s=1.51e+04,                              
                    profile/fetch_frac=0.279, epoch=0,                          
                    lr/Muon=0.006, lr/AdamW=5.84e-04,                           
                    global_step=1060                                            
[08:23:05] INFO     train/confidence_loss=0.238,                  trainer.py:584
                    train/confidence_abs_error=0.124,                           
                    train/confidence_pred_mean=0.238,                           
                    train/confidence_cumprod_bias=-0.030,                       
                    train/loss=0.242, train/ce_loss=0.588,                      
                    train/tv_loss=0.098, train/accept_rate=0.471,               
                    train/accept_len=2.994, train/full_acc=0.504,               
                    train/position_1_acc=0.793,                                 
                    train/position_2_acc=0.608,                                 
                    train/position_3_acc=0.500,                                 
                    train/position_4_acc=0.449,                                 
                    train/position_5_acc=0.404,                                 
                    train/position_6_acc=0.379,                                 
                    train/position_7_acc=0.388,                                 
                    profile/fetch_ms=5.797,                                     
                    profile/fwd_ms=96.512, profile/bwd_ms=90.273,               
                    profile/opt_ms=0.032,                                       
                    profile/step_ms=192.613,                                    
                    profile/tokens_per_s=2.04e+04,                              
                    profile/fetch_frac=0.030, epoch=0,                          
                    lr/Muon=0.006, lr/AdamW=5.83e-04,                           
                    global_step=1080                                            
[08:23:20] INFO     train/confidence_loss=0.244,                  trainer.py:584
                    train/confidence_abs_error=0.124,                           
                    train/confidence_pred_mean=0.224,                           
                    train/confidence_cumprod_bias=-0.016,                       
                    train/loss=0.256, train/ce_loss=0.625,                      
                    train/tv_loss=0.106, train/accept_rate=0.432,               
                    train/accept_len=2.733, train/full_acc=0.464,               
                    train/position_1_acc=0.780,                                 
                    train/position_2_acc=0.544,                                 
                    train/position_3_acc=0.455,                                 
                    train/position_4_acc=0.422,                                 
                    train/position_5_acc=0.353,                                 
                    train/position_6_acc=0.347,                                 
                    train/position_7_acc=0.343,                                 
                    profile/fetch_ms=86.113,                                    
                    profile/fwd_ms=1.56e+03,                                    
                    profile/bwd_ms=93.319,                                      
                    profile/opt_ms=227.975,                                     
                    profile/step_ms=1.97e+03,                                   
                    profile/tokens_per_s=2.06e+03,                              
                    profile/fetch_frac=0.044, epoch=0,                          
                    lr/Muon=0.006, lr/AdamW=5.83e-04,                           
                    global_step=1100                                            
[08:23:32] INFO     train/confidence_loss=0.239,                  trainer.py:584
                    train/confidence_abs_error=0.130,                           
                    train/confidence_pred_mean=0.267,                           
                    train/confidence_cumprod_bias=0.011,                        
                    train/loss=0.255, train/ce_loss=0.641,                      
                    train/tv_loss=0.106, train/accept_rate=0.440,               
                    train/accept_len=2.795, train/full_acc=0.474,               
                    train/position_1_acc=0.762,                                 
                    train/position_2_acc=0.557,                                 
                    train/position_3_acc=0.494,                                 
                    train/position_4_acc=0.423,                                 
                    train/position_5_acc=0.386,                                 
                    train/position_6_acc=0.365,                                 
                    train/position_7_acc=0.328,                                 
                    profile/fetch_ms=70.230,                                    
                    profile/fwd_ms=122.534,                                     
                    profile/bwd_ms=97.104, profile/opt_ms=0.036,                
                    profile/step_ms=289.903,                                    
                    profile/tokens_per_s=1.35e+04,                              
                    profile/fetch_frac=0.242, epoch=0,                          
                    lr/Muon=0.006, lr/AdamW=5.83e-04,                           
                    global_step=1120                                            
[08:23:47] INFO     train/confidence_loss=0.242,                  trainer.py:584
                    train/confidence_abs_error=0.125,                           
                    train/confidence_pred_mean=0.241,                           
                    train/confidence_cumprod_bias=-0.006,                       
                    train/loss=0.253, train/ce_loss=0.625,                      
                    train/tv_loss=0.105, train/accept_rate=0.437,               
                    train/accept_len=2.783, train/full_acc=0.469,               
                    train/position_1_acc=0.760,                                 
                    train/position_2_acc=0.588,                                 
                    train/position_3_acc=0.460,                                 
                    train/position_4_acc=0.401,                                 
                    train/position_5_acc=0.376,                                 
                    train/position_6_acc=0.358,                                 
                    train/position_7_acc=0.340,                                 
                    profile/fetch_ms=53.702,                                    
                    profile/fwd_ms=1.84e+03,                                    
                    profile/bwd_ms=93.146, profile/opt_ms=0.034,                
                    profile/step_ms=1.99e+03,                                   
                    profile/tokens_per_s=2.04e+03,                              
                    profile/fetch_frac=0.027, epoch=0,                          
                    lr/Muon=0.006, lr/AdamW=5.82e-04,                           
                    global_step=1140                                            
[08:24:02] INFO     train/confidence_loss=0.260,                  trainer.py:584
                    train/confidence_abs_error=0.127,                           
                    train/confidence_pred_mean=0.238,                           
                    train/confidence_cumprod_bias=-0.025,                       
                    train/loss=0.247, train/ce_loss=0.544,                      
                    train/tv_loss=0.100, train/accept_rate=0.460,               
                    train/accept_len=2.929, train/full_acc=0.496,               
                    train/position_1_acc=0.816,                                 
                    train/position_2_acc=0.609,                                 
                    train/position_3_acc=0.488,                                 
                    train/position_4_acc=0.442,                                 
                    train/position_5_acc=0.409,                                 
                    train/position_6_acc=0.355,                                 
                    train/position_7_acc=0.351,                                 
                    profile/fetch_ms=82.071,                                    
                    profile/fwd_ms=90.758, profile/bwd_ms=93.491,               
                    profile/opt_ms=240.612,                                     
                    profile/step_ms=506.931,                                    
                    profile/tokens_per_s=7.59e+03,                              
                    profile/fetch_frac=0.162, epoch=0,                          
                    lr/Muon=0.006, lr/AdamW=5.82e-04,                           
                    global_step=1160                                            
[08:24:16] INFO     train/confidence_loss=0.240,                  trainer.py:584
                    train/confidence_abs_error=0.126,                           
                    train/confidence_pred_mean=0.249,                           
                    train/confidence_cumprod_bias=-0.025,                       
                    train/loss=0.239, train/ce_loss=0.562,                      
                    train/tv_loss=0.097, train/accept_rate=0.477,               
                    train/accept_len=3.044, train/full_acc=0.510,               
                    train/position_1_acc=0.796,                                 
                    train/position_2_acc=0.589,                                 
                    train/position_3_acc=0.510,                                 
                    train/position_4_acc=0.455,                                 
                    train/position_5_acc=0.432,                                 
                    train/position_6_acc=0.405,                                 
                    train/position_7_acc=0.381,                                 
                    profile/fetch_ms=72.173,                                    
                    profile/fwd_ms=88.218, profile/bwd_ms=92.783,               
                    profile/opt_ms=0.037,                                       
                    profile/step_ms=253.210,                                    
                    profile/tokens_per_s=1.54e+04,                              
                    profile/fetch_frac=0.285, epoch=0,                          
                    lr/Muon=0.006, lr/AdamW=5.81e-04,                           
                    global_step=1180                                            
[08:24:30] INFO     DL_MAX_STEPS=1200 reached (local_step=1201);  trainer.py:484
                    stopping epoch early.                                       
Epoch 0   4% ╸                      1,200/28,909  [ 0:14:34 < 5:29:24 , 1 it/s ]
           INFO     Training epoch 1/1 completed                  trainer.py:736
           INFO     DL_MAX_STEPS reached — exiting after this     trainer.py:739
                    epoch (skipping checkpoint/validation).                     
[08:24:33] INFO     Destroyed distributed process group       distributed.py:182
[08:24:33] INFO     Destroyed distributed process group       distributed.py:182
[08:24:33] INFO     Destroyed distributed process group       distributed.py:182
[08:24:33] INFO     Destroyed distributed process group       distributed.py:182
