/usr/local/python3.12.13/lib/python3.12/site-packages/transformers/loss/loss_for_object_detection.py:27: UserWarning: A NumPy version >=1.22.4 and <2.3.0 is required for this version of SciPy (detected version 2.4.6)
  from scipy.optimize import linear_sum_assignment
/usr/local/python3.12.13/lib/python3.12/site-packages/transformers/loss/loss_for_object_detection.py:27: UserWarning: A NumPy version >=1.22.4 and <2.3.0 is required for this version of SciPy (detected version 2.4.6)
  from scipy.optimize import linear_sum_assignment
/usr/local/python3.12.13/lib/python3.12/site-packages/transformers/loss/loss_for_object_detection.py:27: UserWarning: A NumPy version >=1.22.4 and <2.3.0 is required for this version of SciPy (detected version 2.4.6)
  from scipy.optimize import linear_sum_assignment
/usr/local/python3.12.13/lib/python3.12/site-packages/transformers/loss/loss_for_object_detection.py:27: UserWarning: A NumPy version >=1.22.4 and <2.3.0 is required for this version of SciPy (detected version 2.4.6)
  from scipy.optimize import linear_sum_assignment
[timeout] aclrtSetOpExecuteTimeOut(0) rc=0
[timeout] aclrtSetOpExecuteTimeOut(0) rc=0
           INFO     get env TERM = xterm                      patch_getenv.py:15
[06:21:52] INFO     get env LOCAL_RANK = 0                    patch_getenv.py:15
[timeout] aclrtSetOpExecuteTimeOut(0) rc=0
[timeout] aclrtSetOpExecuteTimeOut(0) rc=0
[06:21:53] INFO     Started distributed with local_rank=3,    distributed.py:165
                    dp_size=4, sp_size=1                                        
[06:21:53] INFO     get env WORLD_SIZE = 4                    patch_getenv.py:15
           INFO     get env MASTER_ADDR =                     patch_getenv.py:15
                    localhost.localdomain                                       
           INFO     get env MASTER_PORT = 45889               patch_getenv.py:15
           INFO     get env TORCHELASTIC_USE_AGENT_STORE =    patch_getenv.py:15
                    True                                                        
           INFO     Started distributed with local_rank=0,    distributed.py:165
                    dp_size=4, sp_size=1                                        
           INFO     get env PATH =                            patch_getenv.py:15
                    /usr/local/Ascend/nnal/atb/latest/atb/cxx                   
                    _abi_1/bin:/usr/local/Ascend/cann-9.0.0/t                   
                    ools/bishengir/bin:/usr/local/Ascend/cann                   
                    -9.0.0/bin:/usr/local/Ascend/cann-9.0.0/t                   
                    ools/ccec_compiler/bin:/usr/local/Ascend/                   
                    cann-9.0.0/tools/profiler/bin:/usr/local/                   
                    Ascend/cann-9.0.0/tools/ascend_system_adv                   
                    isor/asys:/usr/local/Ascend/cann-9.0.0/to                   
                    ols/show_kernel_debug_data:/usr/local/Asc                   
                    end/cann-9.0.0/tools/msobjdump:/home/y500                   
                    63564/node_modules/.bin:/usr/local/Ascend                   
                    /nnal/atb/latest/atb/cxx_abi_1/bin:/usr/l                   
                    ocal/Ascend/nnal/atb/latest/atb/cxx_abi_1                   
                    /bin:/usr/local/Ascend/ascend-toolkit/lat                   
                    est/bin:/usr/local/Ascend/ascend-toolkit/                   
                    latest/compiler/ccec_compiler/bin:/usr/lo                   
                    cal/Ascend/ascend-toolkit/latest/tools/cc                   
                    ec_compiler/bin:/usr/local/python3.12.13/                   
                    bin:/usr/local/sbin:/usr/local/bin:/usr/s                   
                    bin:/usr/bin:/sbin:/bin:/usr/local/go/bin                   
           INFO     Loading vocab mappings from                     train.py:236
                    '/home/y50063564/data/open_perfectblend_qwen3_4             
                    b_700k/d2t.npy' and                                         
                    '/home/y50063564/data/open_perfectblend_qwen3_4             
                    b_700k/t2d.npy'                                             
           INFO     All 5 draft layers using sliding window         train.py:396
                    attention (window=2048). To use full attention              
                    on specific layers, pass                                    
                    '--full-attention-indices <layer_ids>'.                     
[06:21:54] INFO     Started distributed with local_rank=1,    distributed.py:165
                    dp_size=4, sp_size=1                                        
[06:21:54] INFO     Started distributed with local_rank=2,    distributed.py:165
                    dp_size=4, sp_size=1                                        
[06:21:54] WARNING  Added <|MASK|> to tokenizer,                     utils.py:49
                    mask_token_id=151669 (tokenizer len=151670,                 
                    vocab_size=151936)                                          
2026-09-11 06:22:07.333 | INFO     | speculators.utils.loading:_resolve_file:136 - Loading from local directory: /home/y50063564/Qwen3-4B
2026-09-11 06:22:07.334 | WARNING  | speculators.utils.loading:load_model_layers:104 - Tensor 'lm_head.weight' not found in weight_map.
2026-09-11 06:22:07.334 | INFO     | speculators.utils.loading:_resolve_file:136 - Loading from local directory: /home/y50063564/Qwen3-4B
2026-09-11 06:22:07.336 | INFO     | speculators.utils.loading:_resolve_file:136 - Loading from local directory: /home/y50063564/Qwen3-4B
2026-09-11 06:22:08.485 | INFO     | speculators.utils.loading:_resolve_file:136 - Loading from local directory: /home/y50063564/Qwen3-4B
2026-09-11 06:22:08.486 | WARNING  | speculators.utils.loading:load_model_layers:104 - Tensor 'lm_head.weight' not found in weight_map.
2026-09-11 06:22:08.486 | INFO     | speculators.utils.loading:_resolve_file:136 - Loading from local directory: /home/y50063564/Qwen3-4B
2026-09-11 06:22:08.488 | INFO     | speculators.utils.loading:_resolve_file:136 - Loading from local directory: /home/y50063564/Qwen3-4B
2026-09-11 06:22:08.536 | INFO     | speculators.utils.loading:_resolve_file:136 - Loading from local directory: /home/y50063564/Qwen3-4B
2026-09-11 06:22:08.536 | WARNING  | speculators.utils.loading:load_model_layers:104 - Tensor 'lm_head.weight' not found in weight_map.
2026-09-11 06:22:08.537 | INFO     | speculators.utils.loading:_resolve_file:136 - Loading from local directory: /home/y50063564/Qwen3-4B
2026-09-11 06:22:08.539 | INFO     | speculators.utils.loading:_resolve_file:136 - Loading from local directory: /home/y50063564/Qwen3-4B
2026-09-11 06:22:09.030 | INFO     | speculators.utils.loading:_resolve_file:136 - Loading from local directory: /home/y50063564/Qwen3-4B
2026-09-11 06:22:09.031 | WARNING  | speculators.utils.loading:load_model_layers:104 - Tensor 'lm_head.weight' not found in weight_map.
2026-09-11 06:22:09.031 | INFO     | speculators.utils.loading:_resolve_file:136 - Loading from local directory: /home/y50063564/Qwen3-4B
2026-09-11 06:22:09.033 | INFO     | speculators.utils.loading:_resolve_file:136 - Loading from local directory: /home/y50063564/Qwen3-4B
[06:22:21] INFO     get env SAMP_SEED = 42                    patch_getenv.py:15
           INFO     get env DL_IN_ORDER = 1                   patch_getenv.py:15
           INFO     No previous training checkpoint found in      trainer.py:299
                    '/home/y50063564/dataloader_diag/exp/E3_w6_pf               
                    4/checkpoints'. Starting fresh training run.                
[06:22:27] INFO     Muon optimizer: 39 2D params via Muon, 23   optimizers.py:76
                    params via AdamW.                                           
           INFO     get env SAMP_BALANCE = off                patch_getenv.py:15
[timeout] aclrtSetOpExecuteTimeOut(0) rc=0
[timeout] aclrtSetOpExecuteTimeOut(0) rc=0
[timeout] aclrtSetOpExecuteTimeOut(0) rc=0
[timeout] aclrtSetOpExecuteTimeOut(0) rc=0
[06:22:32] INFO     Training epoch 1/1 started                    trainer.py:734
/usr/local/python3.12.13/lib/python3.12/site-packages/torch/_dynamo/_trace_wrapped_higher_order_op.py:147: UserWarning: Cannot create tensor with interal format while allow_internel_format=False, tensor will be created with base format. (Triggered internally at ../torch_npu/csrc/aten/common/TensorFactories.cpp:340.)
  return func(*args, **(kwargs or {}))
/usr/local/python3.12.13/lib/python3.12/site-packages/torch/_dynamo/_trace_wrapped_higher_order_op.py:147: UserWarning: Cannot create tensor with interal format while allow_internel_format=False, tensor will be created with base format. (Triggered internally at ../torch_npu/csrc/aten/common/TensorFactories.cpp:340.)
  return func(*args, **(kwargs or {}))
/usr/local/python3.12.13/lib/python3.12/site-packages/torch/_dynamo/_trace_wrapped_higher_order_op.py:147: UserWarning: Cannot create tensor with interal format while allow_internel_format=False, tensor will be created with base format. (Triggered internally at ../torch_npu/csrc/aten/common/TensorFactories.cpp:340.)
  return func(*args, **(kwargs or {}))
/usr/local/python3.12.13/lib/python3.12/site-packages/torch/_dynamo/_trace_wrapped_higher_order_op.py:147: UserWarning: Cannot create tensor with interal format while allow_internel_format=False, tensor will be created with base format. (Triggered internally at ../torch_npu/csrc/aten/common/TensorFactories.cpp:340.)
  return func(*args, **(kwargs or {}))
[06:22:39] INFO     train/confidence_loss=0.457,                  trainer.py:584
                    train/confidence_abs_error=0.325,                           
                    train/confidence_pred_mean=0.326,                           
                    train/confidence_cumprod_bias=0.192,                        
                    train/loss=0.613, train/ce_loss=2.362,                      
                    train/tv_loss=0.214,                                        
                    train/accept_rate=3.34e-04,                                 
                    train/accept_len=1.000,                                     
                    train/full_acc=0.00e+00,                                    
                    train/position_1_acc=0.00e+00,                              
                    train/position_2_acc=0.00e+00,                              
                    train/position_3_acc=0.00e+00,                              
                    train/position_4_acc=0.00e+00,                              
                    train/position_5_acc=0.00e+00,                              
                    train/position_6_acc=0.00e+00,                              
                    train/position_7_acc=0.00e+00,                              
                    profile/fetch_ms=5.94e+03,                                  
                    profile/fwd_ms=1.29e+03,                                    
                    profile/bwd_ms=272.150, profile/opt_ms=0.078,               
                    profile/step_ms=7.50e+03,                                   
                    profile/tokens_per_s=545.287,                               
                    profile/fetch_frac=0.792, epoch=0,                          
                    lr/Muon=0.00e+00, lr/AdamW=0.00e+00,                        
                    global_step=0                                               
[06:22:53] INFO     train/confidence_loss=0.059,                  trainer.py:584
                    train/confidence_abs_error=0.058,                           
                    train/confidence_pred_mean=0.059,                           
                    train/confidence_cumprod_bias=0.017,                        
                    train/loss=0.444, train/ce_loss=2.275,                      
                    train/tv_loss=0.214,                                        
                    train/accept_rate=3.92e-04,                                 
                    train/accept_len=1.000,                                     
                    train/full_acc=0.00e+00,                                    
                    train/position_1_acc=0.00e+00,                              
                    train/position_2_acc=0.00e+00,                              
                    train/position_3_acc=0.00e+00,                              
                    train/position_4_acc=0.00e+00,                              
                    train/position_5_acc=0.00e+00,                              
                    train/position_6_acc=0.00e+00,                              
                    train/position_7_acc=0.00e+00,                              
                    profile/fetch_ms=49.989,                                    
                    profile/fwd_ms=88.828, profile/bwd_ms=94.505,               
                    profile/opt_ms=282.250,                                     
                    profile/step_ms=515.572,                                    
                    profile/tokens_per_s=7.49e+03,                              
                    profile/fetch_frac=0.097, epoch=0,                          
                    lr/Muon=4.37e-04, lr/AdamW=4.37e-05,                        
                    global_step=20                                              
[06:23:09] INFO     train/confidence_loss=0.172,                  trainer.py:584
                    train/confidence_abs_error=0.025,                           
                    train/confidence_pred_mean=4.69e-04,                        
                    train/confidence_cumprod_bias=-0.007,                       
                    train/loss=0.412, train/ce_loss=1.594,                      
                    train/tv_loss=0.205, train/accept_rate=0.044,               
                    train/accept_len=1.049, train/full_acc=0.084,               
                    train/position_1_acc=0.080,                                 
                    train/position_2_acc=0.091,                                 
                    train/position_3_acc=0.082,                                 
                    train/position_4_acc=0.077,                                 
                    train/position_5_acc=0.084,                                 
                    train/position_6_acc=0.089,                                 
                    train/position_7_acc=0.084,                                 
                    profile/fetch_ms=70.253,                                    
                    profile/fwd_ms=90.776,                                      
                    profile/bwd_ms=117.682, profile/opt_ms=0.103,               
                    profile/step_ms=278.814,                                    
                    profile/tokens_per_s=1.29e+04,                              
                    profile/fetch_frac=0.252, epoch=0,                          
                    lr/Muon=8.12e-04, lr/AdamW=8.12e-05,                        
                    global_step=40                                              
[06:23:24] INFO     train/confidence_loss=0.127,                  trainer.py:584
                    train/confidence_abs_error=0.041,                           
                    train/confidence_pred_mean=0.024,                           
                    train/confidence_cumprod_bias=-0.004,                       
                    train/loss=0.366, train/ce_loss=1.356,                      
                    train/tv_loss=0.200, train/accept_rate=0.064,               
                    train/accept_len=1.071, train/full_acc=0.114,               
                    train/position_1_acc=0.098,                                 
                    train/position_2_acc=0.137,                                 
                    train/position_3_acc=0.111,                                 
                    train/position_4_acc=0.115,                                 
                    train/position_5_acc=0.103,                                 
                    train/position_6_acc=0.116,                                 
                    train/position_7_acc=0.117,                                 
                    profile/fetch_ms=3.091,                                     
                    profile/fwd_ms=111.216,                                     
                    profile/bwd_ms=91.507, profile/opt_ms=0.035,                
                    profile/step_ms=205.850,                                    
                    profile/tokens_per_s=1.90e+04,                              
                    profile/fetch_frac=0.015, epoch=0,                          
                    lr/Muon=0.001, lr/AdamW=1.25e-04,                           
                    global_step=60                                              
[06:23:41] INFO     train/confidence_loss=0.145,                  trainer.py:584
                    train/confidence_abs_error=0.042,                           
                    train/confidence_pred_mean=0.014,                           
                    train/confidence_cumprod_bias=-0.010,                       
                    train/loss=0.381, train/ce_loss=1.444,                      
                    train/tv_loss=0.199, train/accept_rate=0.070,               
                    train/accept_len=1.092, train/full_acc=0.096,               
                    train/position_1_acc=0.106,                                 
                    train/position_2_acc=0.084,                                 
                    train/position_3_acc=0.095,                                 
                    train/position_4_acc=0.083,                                 
                    train/position_5_acc=0.106,                                 
                    train/position_6_acc=0.100,                                 
                    train/position_7_acc=0.102,                                 
                    profile/fetch_ms=72.727,                                    
                    profile/fwd_ms=1.51e+03,                                    
                    profile/bwd_ms=98.090,                                      
                    profile/opt_ms=266.157,                                     
                    profile/step_ms=1.95e+03,                                   
                    profile/tokens_per_s=2.00e+03,                              
                    profile/fetch_frac=0.037, epoch=0,                          
                    lr/Muon=0.002, lr/AdamW=1.69e-04,                           
                    global_step=80                                              
[06:23:57] INFO     train/confidence_loss=0.194,                  trainer.py:584
                    train/confidence_abs_error=0.118,                           
                    train/confidence_pred_mean=0.121,                           
                    train/confidence_cumprod_bias=0.018,                        
                    train/loss=0.381, train/ce_loss=1.344,                      
                    train/tv_loss=0.187, train/accept_rate=0.123,               
                    train/accept_len=1.219, train/full_acc=0.147,               
                    train/position_1_acc=0.155,                                 
                    train/position_2_acc=0.156,                                 
                    train/position_3_acc=0.145,                                 
                    train/position_4_acc=0.147,                                 
                    train/position_5_acc=0.141,                                 
                    train/position_6_acc=0.134,                                 
                    train/position_7_acc=0.154,                                 
                    profile/fetch_ms=72.992,                                    
                    profile/fwd_ms=139.085,                                     
                    profile/bwd_ms=120.305, profile/opt_ms=4.662,               
                    profile/step_ms=337.044,                                    
                    profile/tokens_per_s=1.20e+04,                              
                    profile/fetch_frac=0.217, epoch=0,                          
                    lr/Muon=0.002, lr/AdamW=2.06e-04,                           
                    global_step=100                                             
[06:24:13] INFO     train/confidence_loss=0.241,                  trainer.py:584
                    train/confidence_abs_error=0.090,                           
                    train/confidence_pred_mean=0.039,                           
                    train/confidence_cumprod_bias=-0.028,                       
                    train/loss=0.386, train/ce_loss=1.300,                      
                    train/tv_loss=0.179, train/accept_rate=0.160,               
                    train/accept_len=1.278, train/full_acc=0.193,               
                    train/position_1_acc=0.205,                                 
                    train/position_2_acc=0.199,                                 
                    train/position_3_acc=0.192,                                 
                    train/position_4_acc=0.201,                                 
                    train/position_5_acc=0.197,                                 
                    train/position_6_acc=0.182,                                 
                    train/position_7_acc=0.176,                                 
                    profile/fetch_ms=3.073,                                     
                    profile/fwd_ms=88.170, profile/bwd_ms=92.751,               
                    profile/opt_ms=0.034,                                       
                    profile/step_ms=184.027,                                    
                    profile/tokens_per_s=2.21e+04,                              
                    profile/fetch_frac=0.017, epoch=0,                          
                    lr/Muon=0.002, lr/AdamW=2.50e-04,                           
                    global_step=120                                             
[06:24:30] INFO     train/confidence_loss=0.237,                  trainer.py:584
                    train/confidence_abs_error=0.097,                           
                    train/confidence_pred_mean=0.053,                           
                    train/confidence_cumprod_bias=-0.032,                       
                    train/loss=0.380, train/ce_loss=1.275,                      
                    train/tv_loss=0.173, train/accept_rate=0.183,               
                    train/accept_len=1.356, train/full_acc=0.224,               
                    train/position_1_acc=0.246,                                 
                    train/position_2_acc=0.220,                                 
                    train/position_3_acc=0.235,                                 
                    train/position_4_acc=0.205,                                 
                    train/position_5_acc=0.211,                                 
                    train/position_6_acc=0.236,                                 
                    train/position_7_acc=0.215,                                 
                    profile/fetch_ms=73.265,                                    
                    profile/fwd_ms=2.21e+03,                                    
                    profile/bwd_ms=94.555,                                      
                    profile/opt_ms=237.635,                                     
                    profile/step_ms=2.62e+03,                                   
                    profile/tokens_per_s=1.49e+03,                              
                    profile/fetch_frac=0.028, epoch=0,                          
                    lr/Muon=0.003, lr/AdamW=2.94e-04,                           
                    global_step=140                                             
[06:24:43] INFO     train/confidence_loss=0.248,                  trainer.py:584
                    train/confidence_abs_error=0.144,                           
                    train/confidence_pred_mean=0.177,                           
                    train/confidence_cumprod_bias=0.024,                        
                    train/loss=0.366, train/ce_loss=1.156,                      
                    train/tv_loss=0.168, train/accept_rate=0.211,               
                    train/accept_len=1.392, train/full_acc=0.247,               
                    train/position_1_acc=0.255,                                 
                    train/position_2_acc=0.257,                                 
                    train/position_3_acc=0.248,                                 
                    train/position_4_acc=0.255,                                 
                    train/position_5_acc=0.244,                                 
                    train/position_6_acc=0.235,                                 
                    train/position_7_acc=0.233,                                 
                    profile/fetch_ms=69.969,                                    
                    profile/fwd_ms=122.150,                                     
                    profile/bwd_ms=87.171, profile/opt_ms=0.037,                
                    profile/step_ms=279.326,                                    
                    profile/tokens_per_s=1.41e+04,                              
                    profile/fetch_frac=0.250, epoch=0,                          
                    lr/Muon=0.003, lr/AdamW=3.31e-04,                           
                    global_step=160                                             
[06:24:57] INFO     train/confidence_loss=0.239,                  trainer.py:584
                    train/confidence_abs_error=0.107,                           
                    train/confidence_pred_mean=0.086,                           
                    train/confidence_cumprod_bias=-0.035,                       
                    train/loss=0.361, train/ce_loss=1.163,                      
                    train/tv_loss=0.166, train/accept_rate=0.209,               
                    train/accept_len=1.533, train/full_acc=0.246,               
                    train/position_1_acc=0.321,                                 
                    train/position_2_acc=0.266,                                 
                    train/position_3_acc=0.251,                                 
                    train/position_4_acc=0.234,                                 
                    train/position_5_acc=0.215,                                 
                    train/position_6_acc=0.218,                                 
                    train/position_7_acc=0.220,                                 
                    profile/fetch_ms=114.095,                                   
                    profile/fwd_ms=94.880,                                      
                    profile/bwd_ms=113.729, profile/opt_ms=4.190,               
                    profile/step_ms=326.894,                                    
                    profile/tokens_per_s=1.02e+04,                              
                    profile/fetch_frac=0.349, epoch=0,                          
                    lr/Muon=0.004, lr/AdamW=3.75e-04,                           
                    global_step=180                                             
[06:25:15] INFO     train/confidence_loss=0.244,                  trainer.py:584
                    train/confidence_abs_error=0.109,                           
                    train/confidence_pred_mean=0.112,                           
                    train/confidence_cumprod_bias=-0.023,                       
                    train/loss=0.355, train/ce_loss=1.100,                      
                    train/tv_loss=0.163, train/accept_rate=0.215,               
                    train/accept_len=1.593, train/full_acc=0.262,               
                    train/position_1_acc=0.370,                                 
                    train/position_2_acc=0.321,                                 
                    train/position_3_acc=0.239,                                 
                    train/position_4_acc=0.233,                                 
                    train/position_5_acc=0.229,                                 
                    train/position_6_acc=0.215,                                 
                    train/position_7_acc=0.228,                                 
                    profile/fetch_ms=69.230,                                    
                    profile/fwd_ms=2.96e+03,                                    
                    profile/bwd_ms=94.512,                                      
                    profile/opt_ms=293.699,                                     
                    profile/step_ms=3.42e+03,                                   
                    profile/tokens_per_s=1.09e+03,                              
                    profile/fetch_frac=0.020, epoch=0,                          
                    lr/Muon=0.004, lr/AdamW=4.19e-04,                           
                    global_step=200                                             
[06:25:29] INFO     train/confidence_loss=0.260,                  trainer.py:584
                    train/confidence_abs_error=0.149,                           
                    train/confidence_pred_mean=0.183,                           
                    train/confidence_cumprod_bias=0.025,                        
                    train/loss=0.362, train/ce_loss=1.125,                      
                    train/tv_loss=0.163, train/accept_rate=0.203,               
                    train/accept_len=1.589, train/full_acc=0.227,               
                    train/position_1_acc=0.399,                                 
                    train/position_2_acc=0.254,                                 
                    train/position_3_acc=0.207,                                 
                    train/position_4_acc=0.197,                                 
                    train/position_5_acc=0.185,                                 
                    train/position_6_acc=0.179,                                 
                    train/position_7_acc=0.165,                                 
                    profile/fetch_ms=65.751,                                    
                    profile/fwd_ms=88.799,                                      
                    profile/bwd_ms=114.819, profile/opt_ms=0.042,               
                    profile/step_ms=269.411,                                    
                    profile/tokens_per_s=1.40e+04,                              
                    profile/fetch_frac=0.244, epoch=0,                          
                    lr/Muon=0.005, lr/AdamW=4.56e-04,                           
                    global_step=220                                             
[06:25:44] INFO     train/confidence_loss=0.237,                  trainer.py:584
                    train/confidence_abs_error=0.110,                           
                    train/confidence_pred_mean=0.113,                           
                    train/confidence_cumprod_bias=-0.033,                       
                    train/loss=0.341, train/ce_loss=1.062,                      
                    train/tv_loss=0.158, train/accept_rate=0.226,               
                    train/accept_len=1.746, train/full_acc=0.257,               
                    train/position_1_acc=0.465,                                 
                    train/position_2_acc=0.281,                                 
                    train/position_3_acc=0.234,                                 
                    train/position_4_acc=0.217,                                 
                    train/position_5_acc=0.222,                                 
                    train/position_6_acc=0.190,                                 
                    train/position_7_acc=0.186,                                 
                    profile/fetch_ms=50.622,                                    
                    profile/fwd_ms=93.549, profile/bwd_ms=92.975,               
                    profile/opt_ms=0.046,                                       
                    profile/step_ms=237.192,                                    
                    profile/tokens_per_s=1.59e+04,                              
                    profile/fetch_frac=0.213, epoch=0,                          
                    lr/Muon=0.005, lr/AdamW=5.00e-04,                           
                    global_step=240                                             
[06:26:01] INFO     train/confidence_loss=0.254,                  trainer.py:584
                    train/confidence_abs_error=0.112,                           
                    train/confidence_pred_mean=0.138,                           
                    train/confidence_cumprod_bias=-0.048,                       
                    train/loss=0.308, train/ce_loss=0.838,                      
                    train/tv_loss=0.135, train/accept_rate=0.310,               
                    train/accept_len=2.153, train/full_acc=0.350,               
                    train/position_1_acc=0.614,                                 
                    train/position_2_acc=0.429,                                 
                    train/position_3_acc=0.322,                                 
                    train/position_4_acc=0.297,                                 
                    train/position_5_acc=0.282,                                 
                    train/position_6_acc=0.268,                                 
                    train/position_7_acc=0.234,                                 
                    profile/fetch_ms=68.736,                                    
                    profile/fwd_ms=4.14e+03,                                    
                    profile/bwd_ms=125.091,                                     
                    profile/opt_ms=308.085,                                     
                    profile/step_ms=4.64e+03,                                   
                    profile/tokens_per_s=801.320,                               
                    profile/fetch_frac=0.015, epoch=0,                          
                    lr/Muon=0.005, lr/AdamW=5.44e-04,                           
                    global_step=260                                             
[06:26:15] INFO     train/confidence_loss=0.213,                  trainer.py:584
                    train/confidence_abs_error=0.106,                           
                    train/confidence_pred_mean=0.149,                           
                    train/confidence_cumprod_bias=0.018,                        
                    train/loss=0.342, train/ce_loss=1.137,                      
                    train/tv_loss=0.156, train/accept_rate=0.220,               
                    train/accept_len=1.755, train/full_acc=0.258,               
                    train/position_1_acc=0.498,                                 
                    train/position_2_acc=0.288,                                 
                    train/position_3_acc=0.232,                                 
                    train/position_4_acc=0.178,                                 
                    train/position_5_acc=0.205,                                 
                    train/position_6_acc=0.203,                                 
                    train/position_7_acc=0.199,                                 
                    profile/fetch_ms=89.923,                                    
                    profile/fwd_ms=89.479,                                      
                    profile/bwd_ms=110.037, profile/opt_ms=0.063,               
                    profile/step_ms=289.502,                                    
                    profile/tokens_per_s=1.33e+04,                              
                    profile/fetch_frac=0.311, epoch=0,                          
                    lr/Muon=0.006, lr/AdamW=5.81e-04,                           
                    global_step=280                                             
[06:26:31] INFO     train/confidence_loss=0.244,                  trainer.py:584
                    train/confidence_abs_error=0.127,                           
                    train/confidence_pred_mean=0.194,                           
                    train/confidence_cumprod_bias=-0.022,                       
                    train/loss=0.278, train/ce_loss=0.713,                      
                    train/tv_loss=0.120, train/accept_rate=0.377,               
                    train/accept_len=2.421, train/full_acc=0.414,               
                    train/position_1_acc=0.695,                                 
                    train/position_2_acc=0.485,                                 
                    train/position_3_acc=0.407,                                 
                    train/position_4_acc=0.358,                                 
                    train/position_5_acc=0.325,                                 
                    train/position_6_acc=0.309,                                 
                    train/position_7_acc=0.313,                                 
                    profile/fetch_ms=3.357,                                     
                    profile/fwd_ms=122.683,                                     
                    profile/bwd_ms=117.426, profile/opt_ms=0.031,               
                    profile/step_ms=243.496,                                    
                    profile/tokens_per_s=1.56e+04,                              
                    profile/fetch_frac=0.014, epoch=0,                          
                    lr/Muon=0.006, lr/AdamW=6.00e-04,                           
                    global_step=300                                             
[06:26:44] INFO     train/confidence_loss=0.273,                  trainer.py:584
                    train/confidence_abs_error=0.108,                           
                    train/confidence_pred_mean=0.087,                           
                    train/confidence_cumprod_bias=-0.044,                       
                    train/loss=0.334, train/ce_loss=0.950,                      
                    train/tv_loss=0.144, train/accept_rate=0.272,               
                    train/accept_len=1.893, train/full_acc=0.304,               
                    train/position_1_acc=0.566,                                 
                    train/position_2_acc=0.330,                                 
                    train/position_3_acc=0.295,                                 
                    train/position_4_acc=0.260,                                 
                    train/position_5_acc=0.236,                                 
                    train/position_6_acc=0.222,                                 
                    train/position_7_acc=0.218,                                 
                    profile/fetch_ms=73.279,                                    
                    profile/fwd_ms=1.10e+03,                                    
                    profile/bwd_ms=93.039,                                      
                    profile/opt_ms=265.181,                                     
                    profile/step_ms=1.54e+03,                                   
                    profile/tokens_per_s=2.46e+03,                              
                    profile/fetch_frac=0.048, epoch=0,                          
                    lr/Muon=0.006, lr/AdamW=5.99e-04,                           
                    global_step=320                                             
[06:26:57] INFO     train/confidence_loss=0.250,                  trainer.py:584
                    train/confidence_abs_error=0.139,                           
                    train/confidence_pred_mean=0.250,                           
                    train/confidence_cumprod_bias=0.051,                        
                    train/loss=0.291, train/ce_loss=0.794,                      
                    train/tv_loss=0.124, train/accept_rate=0.351,               
                    train/accept_len=2.352, train/full_acc=0.383,               
                    train/position_1_acc=0.694,                                 
                    train/position_2_acc=0.445,                                 
                    train/position_3_acc=0.371,                                 
                    train/position_4_acc=0.310,                                 
                    train/position_5_acc=0.313,                                 
                    train/position_6_acc=0.289,                                 
                    train/position_7_acc=0.259,                                 
                    profile/fetch_ms=73.962,                                    
                    profile/fwd_ms=88.770, profile/bwd_ms=91.654,               
                    profile/opt_ms=0.035,                                       
                    profile/step_ms=254.421,                                    
                    profile/tokens_per_s=1.52e+04,                              
                    profile/fetch_frac=0.291, epoch=0,                          
                    lr/Muon=0.006, lr/AdamW=5.99e-04,                           
                    global_step=340                                             
[06:27:15] INFO     train/confidence_loss=0.250,                  trainer.py:584
                    train/confidence_abs_error=0.115,                           
                    train/confidence_pred_mean=0.145,                           
                    train/confidence_cumprod_bias=-0.034,                       
                    train/loss=0.300, train/ce_loss=0.812,                      
                    train/tv_loss=0.131, train/accept_rate=0.326,               
                    train/accept_len=2.216, train/full_acc=0.361,               
                    train/position_1_acc=0.660,                                 
                    train/position_2_acc=0.433,                                 
                    train/position_3_acc=0.327,                                 
                    train/position_4_acc=0.316,                                 
                    train/position_5_acc=0.262,                                 
                    train/position_6_acc=0.259,                                 
                    train/position_7_acc=0.268,                                 
                    profile/fetch_ms=6.148,                                     
                    profile/fwd_ms=96.151, profile/bwd_ms=92.933,               
                    profile/opt_ms=0.035,                                       
                    profile/step_ms=195.266,                                    
                    profile/tokens_per_s=2.01e+04,                              
                    profile/fetch_frac=0.031, epoch=0,                          
                    lr/Muon=0.006, lr/AdamW=5.98e-04,                           
                    global_step=360                                             
[06:27:31] INFO     train/confidence_loss=0.235,                  trainer.py:584
                    train/confidence_abs_error=0.109,                           
                    train/confidence_pred_mean=0.144,                           
                    train/confidence_cumprod_bias=-0.030,                       
                    train/loss=0.303, train/ce_loss=0.887,                      
                    train/tv_loss=0.134, train/accept_rate=0.318,               
                    train/accept_len=2.199, train/full_acc=0.356,               
                    train/position_1_acc=0.653,                                 
                    train/position_2_acc=0.412,                                 
                    train/position_3_acc=0.314,                                 
                    train/position_4_acc=0.288,                                 
                    train/position_5_acc=0.286,                                 
                    train/position_6_acc=0.281,                                 
                    train/position_7_acc=0.257,                                 
                    profile/fetch_ms=74.192,                                    
                    profile/fwd_ms=89.520, profile/bwd_ms=92.558,               
                    profile/opt_ms=226.714,                                     
                    profile/step_ms=482.984,                                    
                    profile/tokens_per_s=8.02e+03,                              
                    profile/fetch_frac=0.154, epoch=0,                          
                    lr/Muon=0.006, lr/AdamW=5.98e-04,                           
                    global_step=380                                             
[06:27:42] INFO     train/confidence_loss=0.250,                  trainer.py:584
                    train/confidence_abs_error=0.131,                           
                    train/confidence_pred_mean=0.237,                           
                    train/confidence_cumprod_bias=0.056,                        
                    train/loss=0.306, train/ce_loss=0.856,                      
                    train/tv_loss=0.133, train/accept_rate=0.322,               
                    train/accept_len=2.197, train/full_acc=0.354,               
                    train/position_1_acc=0.629,                                 
                    train/position_2_acc=0.414,                                 
                    train/position_3_acc=0.349,                                 
                    train/position_4_acc=0.285,                                 
                    train/position_5_acc=0.270,                                 
                    train/position_6_acc=0.264,                                 
                    train/position_7_acc=0.263,                                 
                    profile/fetch_ms=69.149,                                    
                    profile/fwd_ms=89.804,                                      
                    profile/bwd_ms=113.606, profile/opt_ms=0.079,               
                    profile/step_ms=272.637,                                    
                    profile/tokens_per_s=1.45e+04,                              
                    profile/fetch_frac=0.254, epoch=0,                          
                    lr/Muon=0.006, lr/AdamW=5.98e-04,                           
                    global_step=400                                             
[06:27:58] INFO     train/confidence_loss=0.252,                  trainer.py:584
                    train/confidence_abs_error=0.120,                           
                    train/confidence_pred_mean=0.165,                           
                    train/confidence_cumprod_bias=-0.010,                       
                    train/loss=0.297, train/ce_loss=0.800,                      
                    train/tv_loss=0.131, train/accept_rate=0.324,               
                    train/accept_len=2.174, train/full_acc=0.360,               
                    train/position_1_acc=0.654,                                 
                    train/position_2_acc=0.433,                                 
                    train/position_3_acc=0.341,                                 
                    train/position_4_acc=0.282,                                 
                    train/position_5_acc=0.291,                                 
                    train/position_6_acc=0.258,                                 
                    train/position_7_acc=0.254,                                 
                    profile/fetch_ms=3.325,                                     
                    profile/fwd_ms=137.995,                                     
                    profile/bwd_ms=109.457, profile/opt_ms=0.063,               
                    profile/step_ms=250.841,                                    
                    profile/tokens_per_s=1.44e+04,                              
                    profile/fetch_frac=0.013, epoch=0,                          
                    lr/Muon=0.006, lr/AdamW=5.97e-04,                           
                    global_step=420                                             
[06:28:15] INFO     train/confidence_loss=0.229,                  trainer.py:584
                    train/confidence_abs_error=0.108,                           
                    train/confidence_pred_mean=0.149,                           
                    train/confidence_cumprod_bias=-0.017,                       
                    train/loss=0.309, train/ce_loss=0.931,                      
                    train/tv_loss=0.137, train/accept_rate=0.301,               
                    train/accept_len=2.108, train/full_acc=0.336,               
                    train/position_1_acc=0.622,                                 
                    train/position_2_acc=0.385,                                 
                    train/position_3_acc=0.310,                                 
                    train/position_4_acc=0.300,                                 
                    train/position_5_acc=0.256,                                 
                    train/position_6_acc=0.249,                                 
                    train/position_7_acc=0.229,                                 
                    profile/fetch_ms=67.295,                                    
                    profile/fwd_ms=2.15e+03,                                    
                    profile/bwd_ms=93.722,                                      
                    profile/opt_ms=256.048,                                     
                    profile/step_ms=2.57e+03,                                   
                    profile/tokens_per_s=1.58e+03,                              
                    profile/fetch_frac=0.026, epoch=0,                          
                    lr/Muon=0.006, lr/AdamW=5.97e-04,                           
                    global_step=440                                             
[06:28:28] INFO     train/confidence_loss=0.254,                  trainer.py:584
                    train/confidence_abs_error=0.139,                           
                    train/confidence_pred_mean=0.249,                           
                    train/confidence_cumprod_bias=0.034,                        
                    train/loss=0.287, train/ce_loss=0.759,                      
                    train/tv_loss=0.122, train/accept_rate=0.358,               
                    train/accept_len=2.386, train/full_acc=0.387,               
                    train/position_1_acc=0.705,                                 
                    train/position_2_acc=0.471,                                 
                    train/position_3_acc=0.393,                                 
                    train/position_4_acc=0.328,                                 
                    train/position_5_acc=0.295,                                 
                    train/position_6_acc=0.276,                                 
                    train/position_7_acc=0.240,                                 
                    profile/fetch_ms=71.240,                                    
                    profile/fwd_ms=93.987, profile/bwd_ms=95.934,               
                    profile/opt_ms=0.064,                                       
                    profile/step_ms=261.225,                                    
                    profile/tokens_per_s=1.53e+04,                              
                    profile/fetch_frac=0.273, epoch=0,                          
                    lr/Muon=0.006, lr/AdamW=5.96e-04,                           
                    global_step=460                                             
[06:28:45] INFO     train/confidence_loss=0.246,                  trainer.py:584
                    train/confidence_abs_error=0.114,                           
                    train/confidence_pred_mean=0.164,                           
                    train/confidence_cumprod_bias=-0.013,                       
                    train/loss=0.295, train/ce_loss=0.806,                      
                    train/tv_loss=0.129, train/accept_rate=0.335,               
                    train/accept_len=2.254, train/full_acc=0.372,               
                    train/position_1_acc=0.685,                                 
                    train/position_2_acc=0.413,                                 
                    train/position_3_acc=0.362,                                 
                    train/position_4_acc=0.309,                                 
                    train/position_5_acc=0.308,                                 
                    train/position_6_acc=0.250,                                 
                    train/position_7_acc=0.273,                                 
                    profile/fetch_ms=3.269,                                     
                    profile/fwd_ms=92.251, profile/bwd_ms=93.858,               
                    profile/opt_ms=0.057,                                       
                    profile/step_ms=189.435,                                    
                    profile/tokens_per_s=1.94e+04,                              
                    profile/fetch_frac=0.017, epoch=0,                          
                    lr/Muon=0.006, lr/AdamW=5.96e-04,                           
                    global_step=480                                             
[06:29:00] INFO     train/confidence_loss=0.252,                  trainer.py:584
                    train/confidence_abs_error=0.122,                           
                    train/confidence_pred_mean=0.191,                           
                    train/confidence_cumprod_bias=-0.027,                       
                    train/loss=0.269, train/ce_loss=0.656,                      
                    train/tv_loss=0.113, train/accept_rate=0.394,               
                    train/accept_len=2.601, train/full_acc=0.433,               
                    train/position_1_acc=0.757,                                 
                    train/position_2_acc=0.546,                                 
                    train/position_3_acc=0.436,                                 
                    train/position_4_acc=0.373,                                 
                    train/position_5_acc=0.337,                                 
                    train/position_6_acc=0.299,                                 
                    train/position_7_acc=0.278,                                 
                    profile/fetch_ms=75.196,                                    
                    profile/fwd_ms=125.097,                                     
                    profile/bwd_ms=112.714,                                     
                    profile/opt_ms=247.617,                                     
                    profile/step_ms=560.624,                                    
                    profile/tokens_per_s=6.59e+03,                              
                    profile/fetch_frac=0.134, epoch=0,                          
                    lr/Muon=0.006, lr/AdamW=5.96e-04,                           
                    global_step=500                                             
[06:29:14] INFO     train/confidence_loss=0.268,                  trainer.py:584
                    train/confidence_abs_error=0.134,                           
                    train/confidence_pred_mean=0.185,                           
                    train/confidence_cumprod_bias=-0.036,                       
                    train/loss=0.284, train/ce_loss=0.706,                      
                    train/tv_loss=0.119, train/accept_rate=0.371,               
                    train/accept_len=2.414, train/full_acc=0.405,               
                    train/position_1_acc=0.736,                                 
                    train/position_2_acc=0.494,                                 
                    train/position_3_acc=0.388,                                 
                    train/position_4_acc=0.345,                                 
                    train/position_5_acc=0.327,                                 
                    train/position_6_acc=0.253,                                 
                    train/position_7_acc=0.287,                                 
                    profile/fetch_ms=71.423,                                    
                    profile/fwd_ms=90.380, profile/bwd_ms=93.422,               
                    profile/opt_ms=0.089,                                       
                    profile/step_ms=255.314,                                    
                    profile/tokens_per_s=1.55e+04,                              
                    profile/fetch_frac=0.280, epoch=0,                          
                    lr/Muon=0.006, lr/AdamW=5.95e-04,                           
                    global_step=520                                             
[06:29:30] INFO     train/confidence_loss=0.243,                  trainer.py:584
                    train/confidence_abs_error=0.140,                           
                    train/confidence_pred_mean=0.262,                           
                    train/confidence_cumprod_bias=0.010,                        
                    train/loss=0.266, train/ce_loss=0.678,                      
                    train/tv_loss=0.111, train/accept_rate=0.408,               
                    train/accept_len=2.708, train/full_acc=0.436,               
                    train/position_1_acc=0.745,                                 
                    train/position_2_acc=0.522,                                 
                    train/position_3_acc=0.440,                                 
                    train/position_4_acc=0.395,                                 
                    train/position_5_acc=0.350,                                 
                    train/position_6_acc=0.321,                                 
                    train/position_7_acc=0.274,                                 
                    profile/fetch_ms=31.687,                                    
                    profile/fwd_ms=124.352,                                     
                    profile/bwd_ms=101.008, profile/opt_ms=0.035,               
                    profile/step_ms=257.082,                                    
                    profile/tokens_per_s=1.55e+04,                              
                    profile/fetch_frac=0.123, epoch=0,                          
                    lr/Muon=0.006, lr/AdamW=5.95e-04,                           
                    global_step=540                                             
[06:29:44] INFO     train/confidence_loss=0.250,                  trainer.py:584
                    train/confidence_abs_error=0.135,                           
                    train/confidence_pred_mean=0.212,                           
                    train/confidence_cumprod_bias=0.023,                        
                    train/loss=0.298, train/ce_loss=0.812,                      
                    train/tv_loss=0.130, train/accept_rate=0.326,               
                    train/accept_len=2.200, train/full_acc=0.368,               
                    train/position_1_acc=0.699,                                 
                    train/position_2_acc=0.438,                                 
                    train/position_3_acc=0.351,                                 
                    train/position_4_acc=0.299,                                 
                    train/position_5_acc=0.275,                                 
                    train/position_6_acc=0.264,                                 
                    train/position_7_acc=0.248,                                 
                    profile/fetch_ms=98.307,                                    
                    profile/fwd_ms=88.564,                                      
                    profile/bwd_ms=110.431,                                     
                    profile/opt_ms=285.513,                                     
                    profile/step_ms=582.815,                                    
                    profile/tokens_per_s=6.75e+03,                              
                    profile/fetch_frac=0.169, epoch=0,                          
                    lr/Muon=0.006, lr/AdamW=5.94e-04,                           
                    global_step=560                                             
[06:29:58] INFO     train/confidence_loss=0.242,                  trainer.py:584
                    train/confidence_abs_error=0.114,                           
                    train/confidence_pred_mean=0.207,                           
                    train/confidence_cumprod_bias=-0.017,                       
                    train/loss=0.258, train/ce_loss=0.622,                      
                    train/tv_loss=0.109, train/accept_rate=0.415,               
                    train/accept_len=2.742, train/full_acc=0.453,               
                    train/position_1_acc=0.764,                                 
                    train/position_2_acc=0.543,                                 
                    train/position_3_acc=0.459,                                 
                    train/position_4_acc=0.404,                                 
                    train/position_5_acc=0.324,                                 
                    train/position_6_acc=0.344,                                 
                    train/position_7_acc=0.331,                                 
                    profile/fetch_ms=92.443,                                    
                    profile/fwd_ms=88.833, profile/bwd_ms=93.932,               
                    profile/opt_ms=0.030,                                       
                    profile/step_ms=275.238,                                    
                    profile/tokens_per_s=1.42e+04,                              
                    profile/fetch_frac=0.336, epoch=0,                          
                    lr/Muon=0.006, lr/AdamW=5.94e-04,                           
                    global_step=580                                             
[06:30:15] INFO     train/confidence_loss=0.247,                  trainer.py:584
                    train/confidence_abs_error=0.132,                           
                    train/confidence_pred_mean=0.229,                           
                    train/confidence_cumprod_bias=0.028,                        
                    train/loss=0.291, train/ce_loss=0.794,                      
                    train/tv_loss=0.123, train/accept_rate=0.355,               
                    train/accept_len=2.326, train/full_acc=0.383,               
                    train/position_1_acc=0.686,                                 
                    train/position_2_acc=0.459,                                 
                    train/position_3_acc=0.389,                                 
                    train/position_4_acc=0.319,                                 
                    train/position_5_acc=0.297,                                 
                    train/position_6_acc=0.273,                                 
                    train/position_7_acc=0.253,                                 
                    profile/fetch_ms=3.173,                                     
                    profile/fwd_ms=149.307,                                     
                    profile/bwd_ms=85.044, profile/opt_ms=0.033,                
                    profile/step_ms=237.557,                                    
                    profile/tokens_per_s=1.68e+04,                              
                    profile/fetch_frac=0.013, epoch=0,                          
                    lr/Muon=0.006, lr/AdamW=5.93e-04,                           
                    global_step=600                                             
[06:30:29] INFO     train/confidence_loss=0.256,                  trainer.py:584
                    train/confidence_abs_error=0.143,                           
                    train/confidence_pred_mean=0.289,                           
                    train/confidence_cumprod_bias=0.049,                        
                    train/loss=0.261, train/ce_loss=0.619,                      
                    train/tv_loss=0.108, train/accept_rate=0.417,               
                    train/accept_len=2.749, train/full_acc=0.448,               
                    train/position_1_acc=0.791,                                 
                    train/position_2_acc=0.540,                                 
                    train/position_3_acc=0.489,                                 
                    train/position_4_acc=0.356,                                 
                    train/position_5_acc=0.334,                                 
                    train/position_6_acc=0.317,                                 
                    train/position_7_acc=0.308,                                 
                    profile/fetch_ms=71.862,                                    
                    profile/fwd_ms=89.955,                                      
                    profile/bwd_ms=118.253,                                     
                    profile/opt_ms=237.225,                                     
                    profile/step_ms=517.295,                                    
                    profile/tokens_per_s=7.73e+03,                              
                    profile/fetch_frac=0.139, epoch=0,                          
                    lr/Muon=0.006, lr/AdamW=5.93e-04,                           
                    global_step=620                                             
[06:30:43] INFO     train/confidence_loss=0.244,                  trainer.py:584
                    train/confidence_abs_error=0.122,                           
                    train/confidence_pred_mean=0.207,                           
                    train/confidence_cumprod_bias=-0.019,                       
                    train/loss=0.269, train/ce_loss=0.678,                      
                    train/tv_loss=0.113, train/accept_rate=0.401,               
                    train/accept_len=2.592, train/full_acc=0.437,               
                    train/position_1_acc=0.739,                                 
                    train/position_2_acc=0.524,                                 
                    train/position_3_acc=0.435,                                 
                    train/position_4_acc=0.385,                                 
                    train/position_5_acc=0.342,                                 
                    train/position_6_acc=0.338,                                 
                    train/position_7_acc=0.294,                                 
                    profile/fetch_ms=65.830,                                    
                    profile/fwd_ms=131.851,                                     
                    profile/bwd_ms=85.507, profile/opt_ms=0.090,                
                    profile/step_ms=283.279,                                    
                    profile/tokens_per_s=1.39e+04,                              
                    profile/fetch_frac=0.232, epoch=0,                          
                    lr/Muon=0.006, lr/AdamW=5.93e-04,                           
                    global_step=640                                             
[06:31:00] INFO     train/confidence_loss=0.246,                  trainer.py:584
                    train/confidence_abs_error=0.138,                           
                    train/confidence_pred_mean=0.256,                           
                    train/confidence_cumprod_bias=0.029,                        
                    train/loss=0.287, train/ce_loss=0.797,                      
                    train/tv_loss=0.122, train/accept_rate=0.366,               
                    train/accept_len=2.394, train/full_acc=0.392,               
                    train/position_1_acc=0.650,                                 
                    train/position_2_acc=0.466,                                 
                    train/position_3_acc=0.397,                                 
                    train/position_4_acc=0.335,                                 
                    train/position_5_acc=0.311,                                 
                    train/position_6_acc=0.297,                                 
                    train/position_7_acc=0.283,                                 
                    profile/fetch_ms=3.216,                                     
                    profile/fwd_ms=91.161,                                      
                    profile/bwd_ms=114.237, profile/opt_ms=5.396,               
                    profile/step_ms=214.010,                                    
                    profile/tokens_per_s=1.86e+04,                              
                    profile/fetch_frac=0.015, epoch=0,                          
                    lr/Muon=0.006, lr/AdamW=5.92e-04,                           
                    global_step=660                                             
[06:31:15] INFO     train/confidence_loss=0.250,                  trainer.py:584
                    train/confidence_abs_error=0.131,                           
                    train/confidence_pred_mean=0.256,                           
                    train/confidence_cumprod_bias=0.026,                        
                    train/loss=0.269, train/ce_loss=0.659,                      
                    train/tv_loss=0.114, train/accept_rate=0.397,               
                    train/accept_len=2.553, train/full_acc=0.435,               
                    train/position_1_acc=0.754,                                 
                    train/position_2_acc=0.518,                                 
                    train/position_3_acc=0.403,                                 
                    train/position_4_acc=0.370,                                 
                    train/position_5_acc=0.354,                                 
                    train/position_6_acc=0.341,                                 
                    train/position_7_acc=0.306,                                 
                    profile/fetch_ms=71.943,                                    
                    profile/fwd_ms=113.784,                                     
                    profile/bwd_ms=94.016,                                      
                    profile/opt_ms=542.558,                                     
                    profile/step_ms=822.301,                                    
                    profile/tokens_per_s=4.72e+03,                              
                    profile/fetch_frac=0.087, epoch=0,                          
                    lr/Muon=0.006, lr/AdamW=5.92e-04,                           
                    global_step=680                                             
[06:31:29] INFO     train/confidence_loss=0.240,                  trainer.py:584
                    train/confidence_abs_error=0.118,                           
                    train/confidence_pred_mean=0.180,                           
                    train/confidence_cumprod_bias=-0.018,                       
                    train/loss=0.287, train/ce_loss=0.812,                      
                    train/tv_loss=0.123, train/accept_rate=0.358,               
                    train/accept_len=2.380, train/full_acc=0.393,               
                    train/position_1_acc=0.682,                                 
                    train/position_2_acc=0.464,                                 
                    train/position_3_acc=0.363,                                 
                    train/position_4_acc=0.349,                                 
                    train/position_5_acc=0.330,                                 
                    train/position_6_acc=0.289,                                 
                    train/position_7_acc=0.273,                                 
                    profile/fetch_ms=73.824,                                    
                    profile/fwd_ms=90.717, profile/bwd_ms=90.403,               
                    profile/opt_ms=0.055,                                       
                    profile/step_ms=254.999,                                    
                    profile/tokens_per_s=1.58e+04,                              
                    profile/fetch_frac=0.290, epoch=0,                          
                    lr/Muon=0.006, lr/AdamW=5.91e-04,                           
                    global_step=700                                             
[06:31:45] INFO     train/confidence_loss=0.239,                  trainer.py:584
                    train/confidence_abs_error=0.136,                           
                    train/confidence_pred_mean=0.283,                           
                    train/confidence_cumprod_bias=0.012,                        
                    train/loss=0.252, train/ce_loss=0.619,                      
                    train/tv_loss=0.104, train/accept_rate=0.441,               
                    train/accept_len=2.915, train/full_acc=0.473,               
                    train/position_1_acc=0.800,                                 
                    train/position_2_acc=0.570,                                 
                    train/position_3_acc=0.468,                                 
                    train/position_4_acc=0.403,                                 
                    train/position_5_acc=0.372,                                 
                    train/position_6_acc=0.362,                                 
                    train/position_7_acc=0.332,                                 
                    profile/fetch_ms=3.298,                                     
                    profile/fwd_ms=105.289,                                     
                    profile/bwd_ms=115.001, profile/opt_ms=0.037,               
                    profile/step_ms=223.626,                                    
                    profile/tokens_per_s=1.79e+04,                              
                    profile/fetch_frac=0.015, epoch=0,                          
                    lr/Muon=0.006, lr/AdamW=5.91e-04,                           
                    global_step=720                                             
[06:31:59] INFO     train/confidence_loss=0.242,                  trainer.py:584
                    train/confidence_abs_error=0.130,                           
                    train/confidence_pred_mean=0.280,                           
                    train/confidence_cumprod_bias=0.029,                        
                    train/loss=0.247, train/ce_loss=0.575,                      
                    train/tv_loss=0.102, train/accept_rate=0.442,               
                    train/accept_len=2.839, train/full_acc=0.485,               
                    train/position_1_acc=0.803,                                 
                    train/position_2_acc=0.601,                                 
                    train/position_3_acc=0.475,                                 
                    train/position_4_acc=0.422,                                 
                    train/position_5_acc=0.394,                                 
                    train/position_6_acc=0.364,                                 
                    train/position_7_acc=0.334,                                 
                    profile/fetch_ms=71.777,                                    
                    profile/fwd_ms=90.132,                                      
                    profile/bwd_ms=117.950,                                     
                    profile/opt_ms=281.623,                                     
                    profile/step_ms=561.482,                                    
                    profile/tokens_per_s=6.02e+03,                              
                    profile/fetch_frac=0.128, epoch=0,                          
                    lr/Muon=0.006, lr/AdamW=5.91e-04,                           
                    global_step=740                                             
[06:32:12] INFO     train/confidence_loss=0.250,                  trainer.py:584
                    train/confidence_abs_error=0.128,                           
                    train/confidence_pred_mean=0.216,                           
                    train/confidence_cumprod_bias=-0.013,                       
                    train/loss=0.272, train/ce_loss=0.681,                      
                    train/tv_loss=0.114, train/accept_rate=0.396,               
                    train/accept_len=2.545, train/full_acc=0.430,               
                    train/position_1_acc=0.748,                                 
                    train/position_2_acc=0.510,                                 
                    train/position_3_acc=0.411,                                 
                    train/position_4_acc=0.382,                                 
                    train/position_5_acc=0.366,                                 
                    train/position_6_acc=0.309,                                 
                    train/position_7_acc=0.283,                                 
                    profile/fetch_ms=65.003,                                    
                    profile/fwd_ms=90.246, profile/bwd_ms=92.295,               
                    profile/opt_ms=0.027,                                       
                    profile/step_ms=247.571,                                    
                    profile/tokens_per_s=1.58e+04,                              
                    profile/fetch_frac=0.263, epoch=0,                          
                    lr/Muon=0.006, lr/AdamW=5.90e-04,                           
                    global_step=760                                             
[06:32:28] INFO     train/confidence_loss=0.237,                  trainer.py:584
                    train/confidence_abs_error=0.127,                           
                    train/confidence_pred_mean=0.238,                           
                    train/confidence_cumprod_bias=0.029,                        
                    train/loss=0.286, train/ce_loss=0.778,                      
                    train/tv_loss=0.124, train/accept_rate=0.353,               
                    train/accept_len=2.439, train/full_acc=0.385,               
                    train/position_1_acc=0.697,                                 
                    train/position_2_acc=0.455,                                 
                    train/position_3_acc=0.366,                                 
                    train/position_4_acc=0.338,                                 
                    train/position_5_acc=0.291,                                 
                    train/position_6_acc=0.264,                                 
                    train/position_7_acc=0.280,                                 
                    profile/fetch_ms=8.568,                                     
                    profile/fwd_ms=94.235,                                      
                    profile/bwd_ms=113.094, profile/opt_ms=0.076,               
                    profile/step_ms=215.973,                                    
                    profile/tokens_per_s=1.81e+04,                              
                    profile/fetch_frac=0.040, epoch=0,                          
                    lr/Muon=0.006, lr/AdamW=5.90e-04,                           
                    global_step=780                                             
[06:32:43] INFO     train/confidence_loss=0.242,                  trainer.py:584
                    train/confidence_abs_error=0.130,                           
                    train/confidence_pred_mean=0.276,                           
                    train/confidence_cumprod_bias=0.032,                        
                    train/loss=0.255, train/ce_loss=0.631,                      
                    train/tv_loss=0.106, train/accept_rate=0.430,               
                    train/accept_len=2.802, train/full_acc=0.458,               
                    train/position_1_acc=0.766,                                 
                    train/position_2_acc=0.561,                                 
                    train/position_3_acc=0.451,                                 
                    train/position_4_acc=0.395,                                 
                    train/position_5_acc=0.367,                                 
                    train/position_6_acc=0.347,                                 
                    train/position_7_acc=0.316,                                 
                    profile/fetch_ms=76.228,                                    
                    profile/fwd_ms=88.694, profile/bwd_ms=95.575,               
                    profile/opt_ms=263.811,                                     
                    profile/step_ms=524.308,                                    
                    profile/tokens_per_s=7.66e+03,                              
                    profile/fetch_frac=0.145, epoch=0,                          
                    lr/Muon=0.006, lr/AdamW=5.89e-04,                           
                    global_step=800                                             
[06:32:57] INFO     train/confidence_loss=0.262,                  trainer.py:584
                    train/confidence_abs_error=0.123,                           
                    train/confidence_pred_mean=0.190,                           
                    train/confidence_cumprod_bias=-0.025,                       
                    train/loss=0.277, train/ce_loss=0.694,                      
                    train/tv_loss=0.114, train/accept_rate=0.398,               
                    train/accept_len=2.551, train/full_acc=0.430,               
                    train/position_1_acc=0.754,                                 
                    train/position_2_acc=0.518,                                 
                    train/position_3_acc=0.427,                                 
                    train/position_4_acc=0.368,                                 
                    train/position_5_acc=0.339,                                 
                    train/position_6_acc=0.313,                                 
                    train/position_7_acc=0.288,                                 
                    profile/fetch_ms=69.239,                                    
                    profile/fwd_ms=828.337,                                     
                    profile/bwd_ms=92.699, profile/opt_ms=0.062,                
                    profile/step_ms=990.337,                                    
                    profile/tokens_per_s=3.71e+03,                              
                    profile/fetch_frac=0.070, epoch=0,                          
                    lr/Muon=0.006, lr/AdamW=5.89e-04,                           
                    global_step=820                                             
[06:33:14] INFO     train/confidence_loss=0.246,                  trainer.py:584
                    train/confidence_abs_error=0.135,                           
                    train/confidence_pred_mean=0.265,                           
                    train/confidence_cumprod_bias=0.024,                        
                    train/loss=0.263, train/ce_loss=0.641,                      
                    train/tv_loss=0.111, train/accept_rate=0.400,               
                    train/accept_len=2.676, train/full_acc=0.429,               
                    train/position_1_acc=0.791,                                 
                    train/position_2_acc=0.505,                                 
                    train/position_3_acc=0.415,                                 
                    train/position_4_acc=0.339,                                 
                    train/position_5_acc=0.320,                                 
                    train/position_6_acc=0.330,                                 
                    train/position_7_acc=0.300,                                 
                    profile/fetch_ms=9.043,                                     
                    profile/fwd_ms=106.911,                                     
                    profile/bwd_ms=90.160, profile/opt_ms=0.028,                
                    profile/step_ms=206.142,                                    
                    profile/tokens_per_s=1.63e+04,                              
                    profile/fetch_frac=0.044, epoch=0,                          
                    lr/Muon=0.006, lr/AdamW=5.88e-04,                           
                    global_step=840                                             
[06:33:28] INFO     train/confidence_loss=0.236,                  trainer.py:584
                    train/confidence_abs_error=0.124,                           
                    train/confidence_pred_mean=0.248,                           
                    train/confidence_cumprod_bias=-0.015,                       
                    train/loss=0.244, train/ce_loss=0.588,                      
                    train/tv_loss=0.101, train/accept_rate=0.451,               
                    train/accept_len=2.954, train/full_acc=0.481,               
                    train/position_1_acc=0.795,                                 
                    train/position_2_acc=0.605,                                 
                    train/position_3_acc=0.495,                                 
                    train/position_4_acc=0.424,                                 
                    train/position_5_acc=0.365,                                 
                    train/position_6_acc=0.344,                                 
                    train/position_7_acc=0.338,                                 
                    profile/fetch_ms=74.036,                                    
                    profile/fwd_ms=118.499,                                     
                    profile/bwd_ms=86.713,                                      
                    profile/opt_ms=258.445,                                     
                    profile/step_ms=537.693,                                    
                    profile/tokens_per_s=7.42e+03,                              
                    profile/fetch_frac=0.138, epoch=0,                          
                    lr/Muon=0.006, lr/AdamW=5.88e-04,                           
                    global_step=860                                             
[06:33:43] INFO     train/confidence_loss=0.242,                  trainer.py:584
                    train/confidence_abs_error=0.129,                           
                    train/confidence_pred_mean=0.270,                           
                    train/confidence_cumprod_bias=0.030,                        
                    train/loss=0.263, train/ce_loss=0.659,                      
                    train/tv_loss=0.109, train/accept_rate=0.412,               
                    train/accept_len=2.719, train/full_acc=0.441,               
                    train/position_1_acc=0.770,                                 
                    train/position_2_acc=0.527,                                 
                    train/position_3_acc=0.430,                                 
                    train/position_4_acc=0.386,                                 
                    train/position_5_acc=0.331,                                 
                    train/position_6_acc=0.342,                                 
                    train/position_7_acc=0.295,                                 
                    profile/fetch_ms=74.721,                                    
                    profile/fwd_ms=126.516,                                     
                    profile/bwd_ms=92.526, profile/opt_ms=0.089,                
                    profile/step_ms=293.851,                                    
                    profile/tokens_per_s=1.32e+04,                              
                    profile/fetch_frac=0.254, epoch=0,                          
                    lr/Muon=0.006, lr/AdamW=5.88e-04,                           
                    global_step=880                                             
[06:33:57] INFO     train/confidence_loss=0.246,                  trainer.py:584
                    train/confidence_abs_error=0.122,                           
                    train/confidence_pred_mean=0.194,                           
                    train/confidence_cumprod_bias=-0.031,                       
                    train/loss=0.272, train/ce_loss=0.716,                      
                    train/tv_loss=0.114, train/accept_rate=0.398,               
                    train/accept_len=2.546, train/full_acc=0.432,               
                    train/position_1_acc=0.733,                                 
                    train/position_2_acc=0.500,                                 
                    train/position_3_acc=0.434,                                 
                    train/position_4_acc=0.371,                                 
                    train/position_5_acc=0.331,                                 
                    train/position_6_acc=0.329,                                 
                    train/position_7_acc=0.318,                                 
                    profile/fetch_ms=9.635,                                     
                    profile/fwd_ms=92.381, profile/bwd_ms=94.081,               
                    profile/opt_ms=0.029,                                       
                    profile/step_ms=196.125,                                    
                    profile/tokens_per_s=1.91e+04,                              
                    profile/fetch_frac=0.049, epoch=0,                          
                    lr/Muon=0.006, lr/AdamW=5.87e-04,                           
                    global_step=900                                             
[06:34:10] INFO     train/confidence_loss=0.260,                  trainer.py:584
                    train/confidence_abs_error=0.122,                           
                    train/confidence_pred_mean=0.194,                           
                    train/confidence_cumprod_bias=-0.038,                       
                    train/loss=0.269, train/ce_loss=0.644,                      
                    train/tv_loss=0.110, train/accept_rate=0.412,               
                    train/accept_len=2.678, train/full_acc=0.441,               
                    train/position_1_acc=0.794,                                 
                    train/position_2_acc=0.517,                                 
                    train/position_3_acc=0.399,                                 
                    train/position_4_acc=0.385,                                 
                    train/position_5_acc=0.356,                                 
                    train/position_6_acc=0.326,                                 
                    train/position_7_acc=0.303,                                 
                    profile/fetch_ms=65.879,                                    
                    profile/fwd_ms=89.787, profile/bwd_ms=95.073,               
                    profile/opt_ms=265.371,                                     
                    profile/step_ms=516.109,                                    
                    profile/tokens_per_s=7.14e+03,                              
                    profile/fetch_frac=0.128, epoch=0,                          
                    lr/Muon=0.006, lr/AdamW=5.87e-04,                           
                    global_step=920                                             
[06:34:26] INFO     train/confidence_loss=0.254,                  trainer.py:584
                    train/confidence_abs_error=0.135,                           
                    train/confidence_pred_mean=0.284,                           
                    train/confidence_cumprod_bias=0.030,                        
                    train/loss=0.259, train/ce_loss=0.619,                      
                    train/tv_loss=0.106, train/accept_rate=0.433,               
                    train/accept_len=2.804, train/full_acc=0.467,               
                    train/position_1_acc=0.792,                                 
                    train/position_2_acc=0.555,                                 
                    train/position_3_acc=0.450,                                 
                    train/position_4_acc=0.411,                                 
                    train/position_5_acc=0.399,                                 
                    train/position_6_acc=0.321,                                 
                    train/position_7_acc=0.342,                                 
                    profile/fetch_ms=77.425,                                    
                    profile/fwd_ms=498.772,                                     
                    profile/bwd_ms=85.620, profile/opt_ms=0.032,                
                    profile/step_ms=661.850,                                    
                    profile/tokens_per_s=5.75e+03,                              
                    profile/fetch_frac=0.117, epoch=0,                          
                    lr/Muon=0.006, lr/AdamW=5.86e-04,                           
                    global_step=940                                             
[06:34:42] INFO     train/confidence_loss=0.246,                  trainer.py:584
                    train/confidence_abs_error=0.118,                           
                    train/confidence_pred_mean=0.191,                           
                    train/confidence_cumprod_bias=-0.041,                       
                    train/loss=0.266, train/ce_loss=0.666,                      
                    train/tv_loss=0.111, train/accept_rate=0.408,               
                    train/accept_len=2.708, train/full_acc=0.442,               
                    train/position_1_acc=0.738,                                 
                    train/position_2_acc=0.541,                                 
                    train/position_3_acc=0.442,                                 
                    train/position_4_acc=0.392,                                 
                    train/position_5_acc=0.339,                                 
                    train/position_6_acc=0.335,                                 
                    train/position_7_acc=0.303,                                 
                    profile/fetch_ms=3.324,                                     
                    profile/fwd_ms=89.141, profile/bwd_ms=93.778,               
                    profile/opt_ms=0.038,                                       
                    profile/step_ms=186.281,                                    
                    profile/tokens_per_s=2.13e+04,                              
                    profile/fetch_frac=0.018, epoch=0,                          
                    lr/Muon=0.006, lr/AdamW=5.86e-04,                           
                    global_step=960                                             
[06:34:58] INFO     train/confidence_loss=0.242,                  trainer.py:584
                    train/confidence_abs_error=0.133,                           
                    train/confidence_pred_mean=0.253,                           
                    train/confidence_cumprod_bias=-0.036,                       
                    train/loss=0.236, train/ce_loss=0.544,                      
                    train/tv_loss=0.094, train/accept_rate=0.484,               
                    train/accept_len=3.168, train/full_acc=0.522,               
                    train/position_1_acc=0.838,                                 
                    train/position_2_acc=0.643,                                 
                    train/position_3_acc=0.532,                                 
                    train/position_4_acc=0.436,                                 
                    train/position_5_acc=0.435,                                 
                    train/position_6_acc=0.405,                                 
                    train/position_7_acc=0.368,                                 
                    profile/fetch_ms=70.363,                                    
                    profile/fwd_ms=88.249, profile/bwd_ms=94.081,               
                    profile/opt_ms=256.289,                                     
                    profile/step_ms=508.982,                                    
                    profile/tokens_per_s=7.93e+03,                              
                    profile/fetch_frac=0.138, epoch=0,                          
                    lr/Muon=0.006, lr/AdamW=5.85e-04,                           
                    global_step=980                                             
[06:35:12] INFO     train/confidence_loss=0.252,                  trainer.py:584
                    train/confidence_abs_error=0.145,                           
                    train/confidence_pred_mean=0.330,                           
                    train/confidence_cumprod_bias=0.051,                        
                    train/loss=0.237, train/ce_loss=0.525,                      
                    train/tv_loss=0.091, train/accept_rate=0.491,               
                    train/accept_len=3.152, train/full_acc=0.521,               
                    train/position_1_acc=0.849,                                 
                    train/position_2_acc=0.644,                                 
                    train/position_3_acc=0.505,                                 
                    train/position_4_acc=0.471,                                 
                    train/position_5_acc=0.436,                                 
                    train/position_6_acc=0.365,                                 
                    train/position_7_acc=0.372,                                 
                    profile/fetch_ms=69.313,                                    
                    profile/fwd_ms=87.385, profile/bwd_ms=93.884,               
                    profile/opt_ms=0.036,                                       
                    profile/step_ms=250.618,                                    
                    profile/tokens_per_s=1.61e+04,                              
                    profile/fetch_frac=0.277, epoch=0,                          
                    lr/Muon=0.006, lr/AdamW=5.85e-04,                           
                    global_step=1000                                            
[06:35:29] INFO     train/confidence_loss=0.238,                  trainer.py:584
                    train/confidence_abs_error=0.136,                           
                    train/confidence_pred_mean=0.259,                           
                    train/confidence_cumprod_bias=0.010,                        
                    train/loss=0.263, train/ce_loss=0.681,                      
                    train/tv_loss=0.109, train/accept_rate=0.417,               
                    train/accept_len=2.683, train/full_acc=0.447,               
                    train/position_1_acc=0.758,                                 
                    train/position_2_acc=0.521,                                 
                    train/position_3_acc=0.444,                                 
                    train/position_4_acc=0.400,                                 
                    train/position_5_acc=0.381,                                 
                    train/position_6_acc=0.325,                                 
                    train/position_7_acc=0.302,                                 
                    profile/fetch_ms=3.374,                                     
                    profile/fwd_ms=178.691,                                     
                    profile/bwd_ms=95.508, profile/opt_ms=0.029,                
                    profile/step_ms=277.602,                                    
                    profile/tokens_per_s=1.19e+04,                              
                    profile/fetch_frac=0.012, epoch=0,                          
                    lr/Muon=0.006, lr/AdamW=5.85e-04,                           
                    global_step=1020                                            
[06:35:43] INFO     train/confidence_loss=0.233,                  trainer.py:584
                    train/confidence_abs_error=0.133,                           
                    train/confidence_pred_mean=0.330,                           
                    train/confidence_cumprod_bias=0.017,                        
                    train/loss=0.212, train/ce_loss=0.444,                      
                    train/tv_loss=0.083, train/accept_rate=0.534,               
                    train/accept_len=3.459, train/full_acc=0.569,               
                    train/position_1_acc=0.870,                                 
                    train/position_2_acc=0.710,                                 
                    train/position_3_acc=0.586,                                 
                    train/position_4_acc=0.535,                                 
                    train/position_5_acc=0.445,                                 
                    train/position_6_acc=0.428,                                 
                    train/position_7_acc=0.404,                                 
                    profile/fetch_ms=74.519,                                    
                    profile/fwd_ms=121.677,                                     
                    profile/bwd_ms=94.031,                                      
                    profile/opt_ms=297.866,                                     
                    profile/step_ms=588.093,                                    
                    profile/tokens_per_s=6.29e+03,                              
                    profile/fetch_frac=0.127, epoch=0,                          
                    lr/Muon=0.006, lr/AdamW=5.84e-04,                           
                    global_step=1040                                            
[06:35:57] INFO     train/confidence_loss=0.264,                  trainer.py:584
                    train/confidence_abs_error=0.137,                           
                    train/confidence_pred_mean=0.245,                           
                    train/confidence_cumprod_bias=-0.034,                       
                    train/loss=0.239, train/ce_loss=0.522,                      
                    train/tv_loss=0.092, train/accept_rate=0.500,               
                    train/accept_len=3.059, train/full_acc=0.530,               
                    train/position_1_acc=0.821,                                 
                    train/position_2_acc=0.634,                                 
                    train/position_3_acc=0.540,                                 
                    train/position_4_acc=0.458,                                 
                    train/position_5_acc=0.431,                                 
                    train/position_6_acc=0.431,                                 
                    train/position_7_acc=0.393,                                 
                    profile/fetch_ms=79.022,                                    
                    profile/fwd_ms=89.782, profile/bwd_ms=93.439,               
                    profile/opt_ms=0.032,                                       
                    profile/step_ms=262.275,                                    
                    profile/tokens_per_s=1.46e+04,                              
                    profile/fetch_frac=0.301, epoch=0,                          
                    lr/Muon=0.006, lr/AdamW=5.84e-04,                           
                    global_step=1060                                            
[06:36:14] INFO     train/confidence_loss=0.243,                  trainer.py:584
                    train/confidence_abs_error=0.133,                           
                    train/confidence_pred_mean=0.303,                           
                    train/confidence_cumprod_bias=0.041,                        
                    train/loss=0.245, train/ce_loss=0.588,                      
                    train/tv_loss=0.099, train/accept_rate=0.467,               
                    train/accept_len=2.955, train/full_acc=0.500,               
                    train/position_1_acc=0.783,                                 
                    train/position_2_acc=0.608,                                 
                    train/position_3_acc=0.496,                                 
                    train/position_4_acc=0.456,                                 
                    train/position_5_acc=0.392,                                 
                    train/position_6_acc=0.380,                                 
                    train/position_7_acc=0.380,                                 
                    profile/fetch_ms=39.094,                                    
                    profile/fwd_ms=116.574,                                     
                    profile/bwd_ms=91.137, profile/opt_ms=0.040,                
                    profile/step_ms=246.846,                                    
                    profile/tokens_per_s=1.59e+04,                              
                    profile/fetch_frac=0.158, epoch=0,                          
                    lr/Muon=0.006, lr/AdamW=5.83e-04,                           
                    global_step=1080                                            
[06:36:29] INFO     train/confidence_loss=0.250,                  trainer.py:584
                    train/confidence_abs_error=0.126,                           
                    train/confidence_pred_mean=0.231,                           
                    train/confidence_cumprod_bias=-0.006,                       
                    train/loss=0.259, train/ce_loss=0.625,                      
                    train/tv_loss=0.107, train/accept_rate=0.428,               
                    train/accept_len=2.693, train/full_acc=0.460,               
                    train/position_1_acc=0.768,                                 
                    train/position_2_acc=0.543,                                 
                    train/position_3_acc=0.465,                                 
                    train/position_4_acc=0.412,                                 
                    train/position_5_acc=0.363,                                 
                    train/position_6_acc=0.346,                                 
                    train/position_7_acc=0.317,                                 
                    profile/fetch_ms=77.554,                                    
                    profile/fwd_ms=163.587,                                     
                    profile/bwd_ms=108.044,                                     
                    profile/opt_ms=231.456,                                     
                    profile/step_ms=580.642,                                    
                    profile/tokens_per_s=6.99e+03,                              
                    profile/fetch_frac=0.134, epoch=0,                          
                    lr/Muon=0.006, lr/AdamW=5.83e-04,                           
                    global_step=1100                                            
[06:36:44] INFO     train/confidence_loss=0.248,                  trainer.py:584
                    train/confidence_abs_error=0.124,                           
                    train/confidence_pred_mean=0.208,                           
                    train/confidence_cumprod_bias=-0.037,                       
                    train/loss=0.259, train/ce_loss=0.637,                      
                    train/tv_loss=0.106, train/accept_rate=0.434,               
                    train/accept_len=2.767, train/full_acc=0.468,               
                    train/position_1_acc=0.761,                                 
                    train/position_2_acc=0.555,                                 
                    train/position_3_acc=0.468,                                 
                    train/position_4_acc=0.415,                                 
                    train/position_5_acc=0.382,                                 
                    train/position_6_acc=0.346,                                 
                    train/position_7_acc=0.347,                                 
                    profile/fetch_ms=73.932,                                    
                    profile/fwd_ms=87.875, profile/bwd_ms=93.125,               
                    profile/opt_ms=0.031,                                       
                    profile/step_ms=254.963,                                    
                    profile/tokens_per_s=1.54e+04,                              
                    profile/fetch_frac=0.290, epoch=0,                          
                    lr/Muon=0.006, lr/AdamW=5.83e-04,                           
                    global_step=1120                                            
[06:36:59] INFO     train/confidence_loss=0.250,                  trainer.py:584
                    train/confidence_abs_error=0.139,                           
                    train/confidence_pred_mean=0.288,                           
                    train/confidence_cumprod_bias=0.028,                        
                    train/loss=0.258, train/ce_loss=0.625,                      
                    train/tv_loss=0.106, train/accept_rate=0.436,               
                    train/accept_len=2.804, train/full_acc=0.466,               
                    train/position_1_acc=0.764,                                 
                    train/position_2_acc=0.570,                                 
                    train/position_3_acc=0.449,                                 
                    train/position_4_acc=0.412,                                 
                    train/position_5_acc=0.384,                                 
                    train/position_6_acc=0.344,                                 
                    train/position_7_acc=0.335,                                 
                    profile/fetch_ms=3.215,                                     
                    profile/fwd_ms=88.501, profile/bwd_ms=93.421,               
                    profile/opt_ms=0.030,                                       
                    profile/step_ms=185.168,                                    
                    profile/tokens_per_s=2.20e+04,                              
                    profile/fetch_frac=0.017, epoch=0,                          
                    lr/Muon=0.006, lr/AdamW=5.82e-04,                           
                    global_step=1140                                            
[06:37:15] INFO     train/confidence_loss=0.252,                  trainer.py:584
                    train/confidence_abs_error=0.135,                           
                    train/confidence_pred_mean=0.288,                           
                    train/confidence_cumprod_bias=0.010,                        
                    train/loss=0.244, train/ce_loss=0.544,                      
                    train/tv_loss=0.098, train/accept_rate=0.466,               
                    train/accept_len=2.948, train/full_acc=0.502,               
                    train/position_1_acc=0.829,                                 
                    train/position_2_acc=0.597,                                 
                    train/position_3_acc=0.501,                                 
                    train/position_4_acc=0.445,                                 
                    train/position_5_acc=0.407,                                 
                    train/position_6_acc=0.380,                                 
                    train/position_7_acc=0.349,                                 
                    profile/fetch_ms=45.032,                                    
                    profile/fwd_ms=87.650, profile/bwd_ms=94.431,               
                    profile/opt_ms=241.963,                                     
                    profile/step_ms=469.076,                                    
                    profile/tokens_per_s=8.20e+03,                              
                    profile/fetch_frac=0.096, epoch=0,                          
                    lr/Muon=0.006, lr/AdamW=5.82e-04,                           
                    global_step=1160                                            
[06:37:29] INFO     train/confidence_loss=0.240,                  trainer.py:584
                    train/confidence_abs_error=0.124,                           
                    train/confidence_pred_mean=0.246,                           
                    train/confidence_cumprod_bias=-0.021,                       
                    train/loss=0.241, train/ce_loss=0.559,                      
                    train/tv_loss=0.098, train/accept_rate=0.473,               
                    train/accept_len=3.005, train/full_acc=0.503,               
                    train/position_1_acc=0.775,                                 
                    train/position_2_acc=0.614,                                 
                    train/position_3_acc=0.495,                                 
                    train/position_4_acc=0.444,                                 
                    train/position_5_acc=0.436,                                 
                    train/position_6_acc=0.384,                                 
                    train/position_7_acc=0.371,                                 
                    profile/fetch_ms=74.319,                                    
                    profile/fwd_ms=88.177, profile/bwd_ms=92.736,               
                    profile/opt_ms=0.039,                                       
                    profile/step_ms=255.272,                                    
                    profile/tokens_per_s=1.53e+04,                              
                    profile/fetch_frac=0.291, epoch=0,                          
                    lr/Muon=0.006, lr/AdamW=5.81e-04,                           
                    global_step=1180                                            
[06:37:43] INFO     DL_MAX_STEPS=1200 reached (local_step=1201);  trainer.py:484
                    stopping epoch early.                                       
Epoch 0   4% ╸                      1,200/28,909  [ 0:15:11 < 5:23:39 , 1 it/s ]
           INFO     Training epoch 1/1 completed                  trainer.py:736
           INFO     DL_MAX_STEPS reached — exiting after this     trainer.py:739
                    epoch (skipping checkpoint/validation).                     
[06:37:46] INFO     Destroyed distributed process group       distributed.py:182
[06:37:46] INFO     Destroyed distributed process group       distributed.py:182
[06:37:46] INFO     Destroyed distributed process group       distributed.py:182
[06:37:46] INFO     Destroyed distributed process group       distributed.py:182
