/usr/local/python3.12.13/lib/python3.12/site-packages/transformers/loss/loss_for_object_detection.py:27: UserWarning: A NumPy version >=1.22.4 and <2.3.0 is required for this version of SciPy (detected version 2.4.6)
  from scipy.optimize import linear_sum_assignment
/usr/local/python3.12.13/lib/python3.12/site-packages/transformers/loss/loss_for_object_detection.py:27: UserWarning: A NumPy version >=1.22.4 and <2.3.0 is required for this version of SciPy (detected version 2.4.6)
  from scipy.optimize import linear_sum_assignment
/usr/local/python3.12.13/lib/python3.12/site-packages/transformers/loss/loss_for_object_detection.py:27: UserWarning: A NumPy version >=1.22.4 and <2.3.0 is required for this version of SciPy (detected version 2.4.6)
  from scipy.optimize import linear_sum_assignment
/usr/local/python3.12.13/lib/python3.12/site-packages/transformers/loss/loss_for_object_detection.py:27: UserWarning: A NumPy version >=1.22.4 and <2.3.0 is required for this version of SciPy (detected version 2.4.6)
  from scipy.optimize import linear_sum_assignment
[timeout] aclrtSetOpExecuteTimeOut(0) rc=0
[timeout] aclrtSetOpExecuteTimeOut(0) rc=0
[09:45:31] INFO     Started distributed with local_rank=1,    distributed.py:165
                    dp_size=4, sp_size=1                                        
[timeout] aclrtSetOpExecuteTimeOut(0) rc=0
           INFO     get env TERM = xterm                      patch_getenv.py:15
[09:45:31] INFO     get env LOCAL_RANK = 0                    patch_getenv.py:15
[timeout] aclrtSetOpExecuteTimeOut(0) rc=0
[09:45:32] INFO     Started distributed with local_rank=3,    distributed.py:165
                    dp_size=4, sp_size=1                                        
[09:45:32] INFO     get env WORLD_SIZE = 4                    patch_getenv.py:15
           INFO     get env MASTER_ADDR =                     patch_getenv.py:15
                    localhost.localdomain                                       
           INFO     get env MASTER_PORT = 35413               patch_getenv.py:15
           INFO     get env TORCHELASTIC_USE_AGENT_STORE =    patch_getenv.py:15
                    True                                                        
           INFO     Started distributed with local_rank=0,    distributed.py:165
                    dp_size=4, sp_size=1                                        
           INFO     get env PATH =                            patch_getenv.py:15
                    /usr/local/Ascend/nnal/atb/latest/atb/cxx                   
                    _abi_1/bin:/usr/local/Ascend/cann-9.0.0/t                   
                    ools/bishengir/bin:/usr/local/Ascend/cann                   
                    -9.0.0/bin:/usr/local/Ascend/cann-9.0.0/t                   
                    ools/ccec_compiler/bin:/usr/local/Ascend/                   
                    cann-9.0.0/tools/profiler/bin:/usr/local/                   
                    Ascend/cann-9.0.0/tools/ascend_system_adv                   
                    isor/asys:/usr/local/Ascend/cann-9.0.0/to                   
                    ols/show_kernel_debug_data:/usr/local/Asc                   
                    end/cann-9.0.0/tools/msobjdump:/home/y500                   
                    63564/node_modules/.bin:/usr/local/Ascend                   
                    /nnal/atb/latest/atb/cxx_abi_1/bin:/usr/l                   
                    ocal/Ascend/nnal/atb/latest/atb/cxx_abi_1                   
                    /bin:/usr/local/Ascend/ascend-toolkit/lat                   
                    est/bin:/usr/local/Ascend/ascend-toolkit/                   
                    latest/compiler/ccec_compiler/bin:/usr/lo                   
                    cal/Ascend/ascend-toolkit/latest/tools/cc                   
                    ec_compiler/bin:/usr/local/python3.12.13/                   
                    bin:/usr/local/sbin:/usr/local/bin:/usr/s                   
                    bin:/usr/bin:/sbin:/bin:/usr/local/go/bin                   
           INFO     Loading vocab mappings from                     train.py:236
                    '/home/y50063564/data/open_perfectblend_qwen3_4             
                    b_band600_800/d2t.npy' and                                  
                    '/home/y50063564/data/open_perfectblend_qwen3_4             
                    b_band600_800/t2d.npy'                                      
           INFO     All 5 draft layers using sliding window         train.py:396
                    attention (window=2048). To use full attention              
                    on specific layers, pass                                    
                    '--full-attention-indices <layer_ids>'.                     
[09:45:32] INFO     Started distributed with local_rank=2,    distributed.py:165
                    dp_size=4, sp_size=1                                        
[09:45:33] WARNING  Added <|MASK|> to tokenizer,                     utils.py:49
                    mask_token_id=151669 (tokenizer len=151670,                 
                    vocab_size=151936)                                          
2026-09-11 09:45:46.103 | INFO     | speculators.utils.loading:_resolve_file:136 - Loading from local directory: /home/y50063564/Qwen3-4B
2026-09-11 09:45:46.103 | WARNING  | speculators.utils.loading:load_model_layers:104 - Tensor 'lm_head.weight' not found in weight_map.
2026-09-11 09:45:46.103 | INFO     | speculators.utils.loading:_resolve_file:136 - Loading from local directory: /home/y50063564/Qwen3-4B
2026-09-11 09:45:46.105 | INFO     | speculators.utils.loading:_resolve_file:136 - Loading from local directory: /home/y50063564/Qwen3-4B
2026-09-11 09:45:46.416 | INFO     | speculators.utils.loading:_resolve_file:136 - Loading from local directory: /home/y50063564/Qwen3-4B
2026-09-11 09:45:46.418 | WARNING  | speculators.utils.loading:load_model_layers:104 - Tensor 'lm_head.weight' not found in weight_map.
2026-09-11 09:45:46.418 | INFO     | speculators.utils.loading:_resolve_file:136 - Loading from local directory: /home/y50063564/Qwen3-4B
2026-09-11 09:45:46.420 | INFO     | speculators.utils.loading:_resolve_file:136 - Loading from local directory: /home/y50063564/Qwen3-4B
2026-09-11 09:45:47.099 | INFO     | speculators.utils.loading:_resolve_file:136 - Loading from local directory: /home/y50063564/Qwen3-4B
2026-09-11 09:45:47.101 | WARNING  | speculators.utils.loading:load_model_layers:104 - Tensor 'lm_head.weight' not found in weight_map.
2026-09-11 09:45:47.101 | INFO     | speculators.utils.loading:_resolve_file:136 - Loading from local directory: /home/y50063564/Qwen3-4B
2026-09-11 09:45:47.103 | INFO     | speculators.utils.loading:_resolve_file:136 - Loading from local directory: /home/y50063564/Qwen3-4B
2026-09-11 09:45:48.066 | INFO     | speculators.utils.loading:_resolve_file:136 - Loading from local directory: /home/y50063564/Qwen3-4B
2026-09-11 09:45:48.067 | WARNING  | speculators.utils.loading:load_model_layers:104 - Tensor 'lm_head.weight' not found in weight_map.
2026-09-11 09:45:48.067 | INFO     | speculators.utils.loading:_resolve_file:136 - Loading from local directory: /home/y50063564/Qwen3-4B
2026-09-11 09:45:48.069 | INFO     | speculators.utils.loading:_resolve_file:136 - Loading from local directory: /home/y50063564/Qwen3-4B
[09:45:50] INFO     get env SAMP_SEED = 42                    patch_getenv.py:15
           INFO     get env DL_IN_ORDER = 1                   patch_getenv.py:15
           INFO     No previous training checkpoint found in      trainer.py:299
                    '/home/y50063564/dataloader_diag/exp/E7_band_               
                    w4/checkpoints'. Starting fresh training run.               
[09:45:55] INFO     Muon optimizer: 39 2D params via Muon, 23   optimizers.py:76
                    params via AdamW.                                           
           INFO     get env SAMP_BALANCE = off                patch_getenv.py:15
[timeout] aclrtSetOpExecuteTimeOut(0) rc=0
[timeout] aclrtSetOpExecuteTimeOut(0) rc=0
[timeout] aclrtSetOpExecuteTimeOut(0) rc=0
[timeout] aclrtSetOpExecuteTimeOut(0) rc=0
           INFO     Training epoch 1/1 started                    trainer.py:734
/usr/local/python3.12.13/lib/python3.12/site-packages/torch/_dynamo/_trace_wrapped_higher_order_op.py:147: UserWarning: Cannot create tensor with interal format while allow_internel_format=False, tensor will be created with base format. (Triggered internally at ../torch_npu/csrc/aten/common/TensorFactories.cpp:340.)
  return func(*args, **(kwargs or {}))
/usr/local/python3.12.13/lib/python3.12/site-packages/torch/_dynamo/_trace_wrapped_higher_order_op.py:147: UserWarning: Cannot create tensor with interal format while allow_internel_format=False, tensor will be created with base format. (Triggered internally at ../torch_npu/csrc/aten/common/TensorFactories.cpp:340.)
  return func(*args, **(kwargs or {}))
/usr/local/python3.12.13/lib/python3.12/site-packages/torch/_dynamo/_trace_wrapped_higher_order_op.py:147: UserWarning: Cannot create tensor with interal format while allow_internel_format=False, tensor will be created with base format. (Triggered internally at ../torch_npu/csrc/aten/common/TensorFactories.cpp:340.)
  return func(*args, **(kwargs or {}))
/usr/local/python3.12.13/lib/python3.12/site-packages/torch/_dynamo/_trace_wrapped_higher_order_op.py:147: UserWarning: Cannot create tensor with interal format while allow_internel_format=False, tensor will be created with base format. (Triggered internally at ../torch_npu/csrc/aten/common/TensorFactories.cpp:340.)
  return func(*args, **(kwargs or {}))
[09:46:01] INFO     train/confidence_loss=0.412,                  trainer.py:584
                    train/confidence_abs_error=0.302,                           
                    train/confidence_pred_mean=0.302,                           
                    train/confidence_cumprod_bias=0.165,                        
                    train/loss=0.597, train/ce_loss=2.375,                      
                    train/tv_loss=0.214,                                        
                    train/accept_rate=3.00e-04,                                 
                    train/accept_len=1.000,                                     
                    train/full_acc=0.00e+00,                                    
                    train/position_1_acc=0.00e+00,                              
                    train/position_2_acc=0.00e+00,                              
                    train/position_3_acc=0.00e+00,                              
                    train/position_4_acc=0.00e+00,                              
                    train/position_5_acc=0.00e+00,                              
                    train/position_6_acc=0.00e+00,                              
                    train/position_7_acc=0.00e+00,                              
                    profile/fetch_ms=4.30e+03,                                  
                    profile/fwd_ms=1.27e+03,                                    
                    profile/bwd_ms=306.853, profile/opt_ms=0.032,               
                    profile/step_ms=5.88e+03,                                   
                    profile/tokens_per_s=608.507,                               
                    profile/fetch_frac=0.732, epoch=0,                          
                    lr/Muon=0.00e+00, lr/AdamW=0.00e+00,                        
                    global_step=0                                               
[09:46:16] INFO     train/confidence_loss=0.212,                  trainer.py:584
                    train/confidence_abs_error=0.037,                           
                    train/confidence_pred_mean=0.004,                           
                    train/confidence_cumprod_bias=-0.009,                       
                    train/loss=0.441, train/ce_loss=1.750,                      
                    train/tv_loss=0.200, train/accept_rate=0.061,               
                    train/accept_len=1.072, train/full_acc=0.103,               
                    train/position_1_acc=0.103,                                 
                    train/position_2_acc=0.103,                                 
                    train/position_3_acc=0.103,                                 
                    train/position_4_acc=0.102,                                 
                    train/position_5_acc=0.106,                                 
                    train/position_6_acc=0.104,                                 
                    train/position_7_acc=0.098,                                 
                    profile/fetch_ms=1.43e+03,                                  
                    profile/fwd_ms=92.646, profile/bwd_ms=92.500,               
                    profile/opt_ms=241.419,                                     
                    profile/step_ms=1.85e+03,                                   
                    profile/tokens_per_s=2.19e+03,                              
                    profile/fetch_frac=0.770, epoch=0,                          
                    lr/Muon=0.006, lr/AdamW=5.98e-04,                           
                    global_step=20                                              
[09:46:32] INFO     train/confidence_loss=0.252,                  trainer.py:584
                    train/confidence_abs_error=0.154,                           
                    train/confidence_pred_mean=0.159,                           
                    train/confidence_cumprod_bias=0.025,                        
                    train/loss=0.389, train/ce_loss=1.300,                      
                    train/tv_loss=0.176, train/accept_rate=0.170,               
                    train/accept_len=1.253, train/full_acc=0.199,               
                    train/position_1_acc=0.201,                                 
                    train/position_2_acc=0.210,                                 
                    train/position_3_acc=0.191,                                 
                    train/position_4_acc=0.213,                                 
                    train/position_5_acc=0.211,                                 
                    train/position_6_acc=0.186,                                 
                    train/position_7_acc=0.181,                                 
                    profile/fetch_ms=624.834,                                   
                    profile/fwd_ms=1.25e+03,                                    
                    profile/bwd_ms=93.949, profile/opt_ms=5.065,                
                    profile/step_ms=1.98e+03,                                   
                    profile/tokens_per_s=1.75e+03,                              
                    profile/fetch_frac=0.316, epoch=0,                          
                    lr/Muon=0.006, lr/AdamW=5.91e-04,                           
                    global_step=40                                              
[09:46:48] INFO     train/confidence_loss=0.301,                  trainer.py:584
                    train/confidence_abs_error=0.097,                           
                    train/confidence_pred_mean=0.023,                           
                    train/confidence_cumprod_bias=-0.032,                       
                    train/loss=0.403, train/ce_loss=1.225,                      
                    train/tv_loss=0.177, train/accept_rate=0.174,               
                    train/accept_len=1.265, train/full_acc=0.209,               
                    train/position_1_acc=0.217,                                 
                    train/position_2_acc=0.225,                                 
                    train/position_3_acc=0.219,                                 
                    train/position_4_acc=0.215,                                 
                    train/position_5_acc=0.207,                                 
                    train/position_6_acc=0.184,                                 
                    train/position_7_acc=0.197,                                 
                    profile/fetch_ms=3.282,                                     
                    profile/fwd_ms=1.59e+03,                                    
                    profile/bwd_ms=117.797, profile/opt_ms=0.040,               
                    profile/step_ms=1.71e+03,                                   
                    profile/tokens_per_s=2.07e+03,                              
                    profile/fetch_frac=0.002, epoch=0,                          
                    lr/Muon=0.006, lr/AdamW=5.84e-04,                           
                    global_step=60                                              
[09:47:05] INFO     train/confidence_loss=0.244,                  trainer.py:584
                    train/confidence_abs_error=0.096,                           
                    train/confidence_pred_mean=0.044,                           
                    train/confidence_cumprod_bias=-0.025,                       
                    train/loss=0.384, train/ce_loss=1.269,                      
                    train/tv_loss=0.178, train/accept_rate=0.169,               
                    train/accept_len=1.257, train/full_acc=0.205,               
                    train/position_1_acc=0.216,                                 
                    train/position_2_acc=0.213,                                 
                    train/position_3_acc=0.195,                                 
                    train/position_4_acc=0.186,                                 
                    train/position_5_acc=0.207,                                 
                    train/position_6_acc=0.212,                                 
                    train/position_7_acc=0.208,                                 
                    profile/fetch_ms=64.488,                                    
                    profile/fwd_ms=2.15e+03,                                    
                    profile/bwd_ms=87.787,                                      
                    profile/opt_ms=238.541,                                     
                    profile/step_ms=2.55e+03,                                   
                    profile/tokens_per_s=1.37e+03,                              
                    profile/fetch_frac=0.025, epoch=0,                          
                    lr/Muon=0.006, lr/AdamW=5.76e-04,                           
                    global_step=80                                              
[09:47:20] INFO     train/confidence_loss=0.262,                  trainer.py:584
                    train/confidence_abs_error=0.152,                           
                    train/confidence_pred_mean=0.179,                           
                    train/confidence_cumprod_bias=0.034,                        
                    train/loss=0.378, train/ce_loss=1.175,                      
                    train/tv_loss=0.173, train/accept_rate=0.181,               
                    train/accept_len=1.304, train/full_acc=0.222,               
                    train/position_1_acc=0.250,                                 
                    train/position_2_acc=0.227,                                 
                    train/position_3_acc=0.228,                                 
                    train/position_4_acc=0.227,                                 
                    train/position_5_acc=0.210,                                 
                    train/position_6_acc=0.203,                                 
                    train/position_7_acc=0.212,                                 
                    profile/fetch_ms=75.483,                                    
                    profile/fwd_ms=1.10e+03,                                    
                    profile/bwd_ms=90.182, profile/opt_ms=0.035,                
                    profile/step_ms=1.26e+03,                                   
                    profile/tokens_per_s=2.78e+03,                              
                    profile/fetch_frac=0.060, epoch=0,                          
                    lr/Muon=0.006, lr/AdamW=5.70e-04,                           
                    global_step=100                                             
[09:47:35] INFO     train/confidence_loss=0.235,                  trainer.py:584
                    train/confidence_abs_error=0.100,                           
                    train/confidence_pred_mean=0.077,                           
                    train/confidence_cumprod_bias=-0.025,                       
                    train/loss=0.358, train/ce_loss=1.119,                      
                    train/tv_loss=0.170, train/accept_rate=0.195,               
                    train/accept_len=1.367, train/full_acc=0.236,               
                    train/position_1_acc=0.275,                                 
                    train/position_2_acc=0.234,                                 
                    train/position_3_acc=0.256,                                 
                    train/position_4_acc=0.238,                                 
                    train/position_5_acc=0.229,                                 
                    train/position_6_acc=0.218,                                 
                    train/position_7_acc=0.204,                                 
                    profile/fetch_ms=30.303,                                    
                    profile/fwd_ms=94.794, profile/bwd_ms=91.468,               
                    profile/opt_ms=0.038,                                       
                    profile/step_ms=216.602,                                    
                    profile/tokens_per_s=1.86e+04,                              
                    profile/fetch_frac=0.140, epoch=0,                          
                    lr/Muon=0.006, lr/AdamW=5.62e-04,                           
                    global_step=120                                             
[09:47:51] INFO     train/confidence_loss=0.273,                  trainer.py:584
                    train/confidence_abs_error=0.123,                           
                    train/confidence_pred_mean=0.119,                           
                    train/confidence_cumprod_bias=-0.045,                       
                    train/loss=0.338, train/ce_loss=0.938,                      
                    train/tv_loss=0.152, train/accept_rate=0.269,               
                    train/accept_len=1.667, train/full_acc=0.302,               
                    train/position_1_acc=0.415,                                 
                    train/position_2_acc=0.338,                                 
                    train/position_3_acc=0.288,                                 
                    train/position_4_acc=0.261,                                 
                    train/position_5_acc=0.273,                                 
                    train/position_6_acc=0.278,                                 
                    train/position_7_acc=0.260,                                 
                    profile/fetch_ms=72.589,                                    
                    profile/fwd_ms=89.969, profile/bwd_ms=92.207,               
                    profile/opt_ms=263.160,                                     
                    profile/step_ms=517.926,                                    
                    profile/tokens_per_s=6.81e+03,                              
                    profile/fetch_frac=0.140, epoch=0,                          
                    lr/Muon=0.006, lr/AdamW=5.55e-04,                           
                    global_step=140                                             
[09:48:07] INFO     train/confidence_loss=0.238,                  trainer.py:584
                    train/confidence_abs_error=0.113,                           
                    train/confidence_pred_mean=0.124,                           
                    train/confidence_cumprod_bias=-0.007,                       
                    train/loss=0.356, train/ce_loss=1.113,                      
                    train/tv_loss=0.165, train/accept_rate=0.203,               
                    train/accept_len=1.531, train/full_acc=0.239,               
                    train/position_1_acc=0.357,                                 
                    train/position_2_acc=0.271,                                 
                    train/position_3_acc=0.199,                                 
                    train/position_4_acc=0.224,                                 
                    train/position_5_acc=0.206,                                 
                    train/position_6_acc=0.212,                                 
                    train/position_7_acc=0.206,                                 
                    profile/fetch_ms=70.913,                                    
                    profile/fwd_ms=104.974,                                     
                    profile/bwd_ms=97.998, profile/opt_ms=0.034,                
                    profile/step_ms=273.919,                                    
                    profile/tokens_per_s=1.27e+04,                              
                    profile/fetch_frac=0.259, epoch=0,                          
                    lr/Muon=0.005, lr/AdamW=5.48e-04,                           
                    global_step=160                                             
[09:48:22] INFO     train/confidence_loss=0.262,                  trainer.py:584
                    train/confidence_abs_error=0.116,                           
                    train/confidence_pred_mean=0.124,                           
                    train/confidence_cumprod_bias=-0.047,                       
                    train/loss=0.319, train/ce_loss=0.863,                      
                    train/tv_loss=0.145, train/accept_rate=0.280,               
                    train/accept_len=1.927, train/full_acc=0.325,               
                    train/position_1_acc=0.544,                                 
                    train/position_2_acc=0.383,                                 
                    train/position_3_acc=0.299,                                 
                    train/position_4_acc=0.270,                                 
                    train/position_5_acc=0.276,                                 
                    train/position_6_acc=0.256,                                 
                    train/position_7_acc=0.241,                                 
                    profile/fetch_ms=30.641,                                    
                    profile/fwd_ms=93.616, profile/bwd_ms=91.457,               
                    profile/opt_ms=0.054,                                       
                    profile/step_ms=215.768,                                    
                    profile/tokens_per_s=1.89e+04,                              
                    profile/fetch_frac=0.142, epoch=0,                          
                    lr/Muon=0.005, lr/AdamW=5.41e-04,                           
                    global_step=180                                             
[09:48:38] INFO     train/confidence_loss=0.260,                  trainer.py:584
                    train/confidence_abs_error=0.115,                           
                    train/confidence_pred_mean=0.120,                           
                    train/confidence_cumprod_bias=-0.040,                       
                    train/loss=0.319, train/ce_loss=0.869,                      
                    train/tv_loss=0.142, train/accept_rate=0.287,               
                    train/accept_len=1.959, train/full_acc=0.334,               
                    train/position_1_acc=0.548,                                 
                    train/position_2_acc=0.384,                                 
                    train/position_3_acc=0.314,                                 
                    train/position_4_acc=0.301,                                 
                    train/position_5_acc=0.279,                                 
                    train/position_6_acc=0.255,                                 
                    train/position_7_acc=0.257,                                 
                    profile/fetch_ms=52.988,                                    
                    profile/fwd_ms=524.163,                                     
                    profile/bwd_ms=92.216,                                      
                    profile/opt_ms=226.234,                                     
                    profile/step_ms=895.601,                                    
                    profile/tokens_per_s=4.48e+03,                              
                    profile/fetch_frac=0.059, epoch=0,                          
                    lr/Muon=0.005, lr/AdamW=5.33e-04,                           
                    global_step=200                                             
[09:48:53] INFO     train/confidence_loss=0.256,                  trainer.py:584
                    train/confidence_abs_error=0.140,                           
                    train/confidence_pred_mean=0.225,                           
                    train/confidence_cumprod_bias=0.030,                        
                    train/loss=0.309, train/ce_loss=0.844,                      
                    train/tv_loss=0.134, train/accept_rate=0.315,               
                    train/accept_len=2.126, train/full_acc=0.352,               
                    train/position_1_acc=0.626,                                 
                    train/position_2_acc=0.388,                                 
                    train/position_3_acc=0.335,                                 
                    train/position_4_acc=0.279,                                 
                    train/position_5_acc=0.294,                                 
                    train/position_6_acc=0.279,                                 
                    train/position_7_acc=0.261,                                 
                    profile/fetch_ms=72.118,                                    
                    profile/fwd_ms=916.344,                                     
                    profile/bwd_ms=101.268, profile/opt_ms=0.117,               
                    profile/step_ms=1.09e+03,                                   
                    profile/tokens_per_s=3.19e+03,                              
                    profile/fetch_frac=0.066, epoch=0,                          
                    lr/Muon=0.005, lr/AdamW=5.27e-04,                           
                    global_step=220                                             
[09:49:10] INFO     train/confidence_loss=0.244,                  trainer.py:584
                    train/confidence_abs_error=0.108,                           
                    train/confidence_pred_mean=0.138,                           
                    train/confidence_cumprod_bias=-0.021,                       
                    train/loss=0.312, train/ce_loss=0.875,                      
                    train/tv_loss=0.140, train/accept_rate=0.290,               
                    train/accept_len=2.020, train/full_acc=0.324,               
                    train/position_1_acc=0.582,                                 
                    train/position_2_acc=0.395,                                 
                    train/position_3_acc=0.304,                                 
                    train/position_4_acc=0.273,                                 
                    train/position_5_acc=0.237,                                 
                    train/position_6_acc=0.249,                                 
                    train/position_7_acc=0.226,                                 
                    profile/fetch_ms=3.838,                                     
                    profile/fwd_ms=136.189,                                     
                    profile/bwd_ms=123.573, profile/opt_ms=0.051,               
                    profile/step_ms=263.651,                                    
                    profile/tokens_per_s=1.34e+04,                              
                    profile/fetch_frac=0.015, epoch=0,                          
                    lr/Muon=0.005, lr/AdamW=5.19e-04,                           
                    global_step=240                                             
[09:49:26] INFO     train/confidence_loss=0.234,                  trainer.py:584
                    train/confidence_abs_error=0.116,                           
                    train/confidence_pred_mean=0.153,                           
                    train/confidence_cumprod_bias=-0.022,                       
                    train/loss=0.300, train/ce_loss=0.838,                      
                    train/tv_loss=0.135, train/accept_rate=0.310,               
                    train/accept_len=2.095, train/full_acc=0.349,               
                    train/position_1_acc=0.607,                                 
                    train/position_2_acc=0.395,                                 
                    train/position_3_acc=0.325,                                 
                    train/position_4_acc=0.265,                                 
                    train/position_5_acc=0.302,                                 
                    train/position_6_acc=0.291,                                 
                    train/position_7_acc=0.255,                                 
                    profile/fetch_ms=80.935,                                    
                    profile/fwd_ms=1.46e+03,                                    
                    profile/bwd_ms=105.863,                                     
                    profile/opt_ms=245.556,                                     
                    profile/step_ms=1.89e+03,                                   
                    profile/tokens_per_s=1.86e+03,                              
                    profile/fetch_frac=0.043, epoch=0,                          
                    lr/Muon=0.005, lr/AdamW=5.12e-04,                           
                    global_step=260                                             
[09:49:41] INFO     train/confidence_loss=0.246,                  trainer.py:584
                    train/confidence_abs_error=0.137,                           
                    train/confidence_pred_mean=0.236,                           
                    train/confidence_cumprod_bias=0.016,                        
                    train/loss=0.292, train/ce_loss=0.806,                      
                    train/tv_loss=0.127, train/accept_rate=0.346,               
                    train/accept_len=2.312, train/full_acc=0.384,               
                    train/position_1_acc=0.651,                                 
                    train/position_2_acc=0.461,                                 
                    train/position_3_acc=0.376,                                 
                    train/position_4_acc=0.340,                                 
                    train/position_5_acc=0.302,                                 
                    train/position_6_acc=0.274,                                 
                    train/position_7_acc=0.279,                                 
                    profile/fetch_ms=71.683,                                    
                    profile/fwd_ms=452.730,                                     
                    profile/bwd_ms=85.471, profile/opt_ms=0.048,                
                    profile/step_ms=609.932,                                    
                    profile/tokens_per_s=5.81e+03,                              
                    profile/fetch_frac=0.118, epoch=0,                          
                    lr/Muon=0.005, lr/AdamW=5.05e-04,                           
                    global_step=280                                             
[09:49:58] INFO     train/confidence_loss=0.245,                  trainer.py:584
                    train/confidence_abs_error=0.114,                           
                    train/confidence_pred_mean=0.148,                           
                    train/confidence_cumprod_bias=-0.024,                       
                    train/loss=0.300, train/ce_loss=0.825,                      
                    train/tv_loss=0.133, train/accept_rate=0.317,               
                    train/accept_len=2.155, train/full_acc=0.353,               
                    train/position_1_acc=0.646,                                 
                    train/position_2_acc=0.396,                                 
                    train/position_3_acc=0.370,                                 
                    train/position_4_acc=0.291,                                 
                    train/position_5_acc=0.266,                                 
                    train/position_6_acc=0.239,                                 
                    train/position_7_acc=0.259,                                 
                    profile/fetch_ms=22.650,                                    
                    profile/fwd_ms=94.655,                                      
                    profile/bwd_ms=102.904, profile/opt_ms=0.075,               
                    profile/step_ms=220.283,                                    
                    profile/tokens_per_s=1.60e+04,                              
                    profile/fetch_frac=0.103, epoch=0,                          
                    lr/Muon=0.005, lr/AdamW=4.98e-04,                           
                    global_step=300                                             
[09:50:14] INFO     train/confidence_loss=0.242,                  trainer.py:584
                    train/confidence_abs_error=0.113,                           
                    train/confidence_pred_mean=0.175,                           
                    train/confidence_cumprod_bias=-0.011,                       
                    train/loss=0.289, train/ce_loss=0.778,                      
                    train/tv_loss=0.127, train/accept_rate=0.349,               
                    train/accept_len=2.294, train/full_acc=0.383,               
                    train/position_1_acc=0.674,                                 
                    train/position_2_acc=0.431,                                 
                    train/position_3_acc=0.394,                                 
                    train/position_4_acc=0.325,                                 
                    train/position_5_acc=0.298,                                 
                    train/position_6_acc=0.288,                                 
                    train/position_7_acc=0.268,                                 
                    profile/fetch_ms=66.148,                                    
                    profile/fwd_ms=674.871,                                     
                    profile/bwd_ms=108.166,                                     
                    profile/opt_ms=234.464,                                     
                    profile/step_ms=1.08e+03,                                   
                    profile/tokens_per_s=3.74e+03,                              
                    profile/fetch_frac=0.061, epoch=0,                          
                    lr/Muon=0.005, lr/AdamW=4.90e-04,                           
                    global_step=320                                             
[09:50:30] INFO     train/confidence_loss=0.236,                  trainer.py:584
                    train/confidence_abs_error=0.126,                           
                    train/confidence_pred_mean=0.242,                           
                    train/confidence_cumprod_bias=0.026,                        
                    train/loss=0.272, train/ce_loss=0.722,                      
                    train/tv_loss=0.119, train/accept_rate=0.378,               
                    train/accept_len=2.490, train/full_acc=0.413,               
                    train/position_1_acc=0.705,                                 
                    train/position_2_acc=0.507,                                 
                    train/position_3_acc=0.392,                                 
                    train/position_4_acc=0.341,                                 
                    train/position_5_acc=0.330,                                 
                    train/position_6_acc=0.299,                                 
                    train/position_7_acc=0.314,                                 
                    profile/fetch_ms=66.556,                                    
                    profile/fwd_ms=1.25e+03,                                    
                    profile/bwd_ms=90.507, profile/opt_ms=0.095,                
                    profile/step_ms=1.40e+03,                                   
                    profile/tokens_per_s=2.49e+03,                              
                    profile/fetch_frac=0.047, epoch=0,                          
                    lr/Muon=0.005, lr/AdamW=4.84e-04,                           
                    global_step=340                                             
[09:50:46] INFO     train/confidence_loss=0.237,                  trainer.py:584
                    train/confidence_abs_error=0.109,                           
                    train/confidence_pred_mean=0.145,                           
                    train/confidence_cumprod_bias=-0.013,                       
                    train/loss=0.306, train/ce_loss=0.863,                      
                    train/tv_loss=0.140, train/accept_rate=0.284,               
                    train/accept_len=2.041, train/full_acc=0.323,               
                    train/position_1_acc=0.617,                                 
                    train/position_2_acc=0.365,                                 
                    train/position_3_acc=0.301,                                 
                    train/position_4_acc=0.265,                                 
                    train/position_5_acc=0.249,                                 
                    train/position_6_acc=0.236,                                 
                    train/position_7_acc=0.229,                                 
                    profile/fetch_ms=3.145,                                     
                    profile/fwd_ms=2.30e+03,                                    
                    profile/bwd_ms=88.612, profile/opt_ms=0.032,                
                    profile/step_ms=2.39e+03,                                   
                    profile/tokens_per_s=1.45e+03,                              
                    profile/fetch_frac=0.001, epoch=0,                          
                    lr/Muon=0.005, lr/AdamW=4.76e-04,                           
                    global_step=360                                             
[09:51:01] INFO     train/confidence_loss=0.250,                  trainer.py:584
                    train/confidence_abs_error=0.121,                           
                    train/confidence_pred_mean=0.179,                           
                    train/confidence_cumprod_bias=-0.031,                       
                    train/loss=0.275, train/ce_loss=0.669,                      
                    train/tv_loss=0.119, train/accept_rate=0.377,               
                    train/accept_len=2.460, train/full_acc=0.412,               
                    train/position_1_acc=0.721,                                 
                    train/position_2_acc=0.503,                                 
                    train/position_3_acc=0.395,                                 
                    train/position_4_acc=0.345,                                 
                    train/position_5_acc=0.335,                                 
                    train/position_6_acc=0.296,                                 
                    train/position_7_acc=0.284,                                 
                    profile/fetch_ms=73.312,                                    
                    profile/fwd_ms=2.75e+03,                                    
                    profile/bwd_ms=93.199,                                      
                    profile/opt_ms=227.669,                                     
                    profile/step_ms=3.15e+03,                                   
                    profile/tokens_per_s=1.29e+03,                              
                    profile/fetch_frac=0.023, epoch=0,                          
                    lr/Muon=0.005, lr/AdamW=4.69e-04,                           
                    global_step=380                                             
[09:51:16] INFO     train/confidence_loss=0.240,                  trainer.py:584
                    train/confidence_abs_error=0.129,                           
                    train/confidence_pred_mean=0.245,                           
                    train/confidence_cumprod_bias=0.028,                        
                    train/loss=0.278, train/ce_loss=0.728,                      
                    train/tv_loss=0.120, train/accept_rate=0.373,               
                    train/accept_len=2.475, train/full_acc=0.409,               
                    train/position_1_acc=0.688,                                 
                    train/position_2_acc=0.504,                                 
                    train/position_3_acc=0.402,                                 
                    train/position_4_acc=0.353,                                 
                    train/position_5_acc=0.323,                                 
                    train/position_6_acc=0.314,                                 
                    train/position_7_acc=0.275,                                 
                    profile/fetch_ms=72.924,                                    
                    profile/fwd_ms=2.12e+03,                                    
                    profile/bwd_ms=86.887, profile/opt_ms=0.028,                
                    profile/step_ms=2.28e+03,                                   
                    profile/tokens_per_s=1.80e+03,                              
                    profile/fetch_frac=0.032, epoch=0,                          
                    lr/Muon=0.005, lr/AdamW=4.62e-04,                           
                    global_step=400                                             
[09:51:32] INFO     train/confidence_loss=0.229,                  trainer.py:584
                    train/confidence_abs_error=0.117,                           
                    train/confidence_pred_mean=0.211,                           
                    train/confidence_cumprod_bias=-0.013,                       
                    train/loss=0.261, train/ce_loss=0.675,                      
                    train/tv_loss=0.114, train/accept_rate=0.398,               
                    train/accept_len=2.618, train/full_acc=0.436,               
                    train/position_1_acc=0.712,                                 
                    train/position_2_acc=0.530,                                 
                    train/position_3_acc=0.433,                                 
                    train/position_4_acc=0.388,                                 
                    train/position_5_acc=0.350,                                 
                    train/position_6_acc=0.334,                                 
                    train/position_7_acc=0.301,                                 
                    profile/fetch_ms=3.069,                                     
                    profile/fwd_ms=2.05e+03,                                    
                    profile/bwd_ms=90.285, profile/opt_ms=0.029,                
                    profile/step_ms=2.14e+03,                                   
                    profile/tokens_per_s=1.66e+03,                              
                    profile/fetch_frac=0.001, epoch=0,                          
                    lr/Muon=0.005, lr/AdamW=4.55e-04,                           
                    global_step=420                                             
[09:51:47] INFO     train/confidence_loss=0.236,                  trainer.py:584
                    train/confidence_abs_error=0.120,                           
                    train/confidence_pred_mean=0.201,                           
                    train/confidence_cumprod_bias=-0.013,                       
                    train/loss=0.272, train/ce_loss=0.713,                      
                    train/tv_loss=0.120, train/accept_rate=0.372,               
                    train/accept_len=2.473, train/full_acc=0.404,               
                    train/position_1_acc=0.694,                                 
                    train/position_2_acc=0.500,                                 
                    train/position_3_acc=0.405,                                 
                    train/position_4_acc=0.337,                                 
                    train/position_5_acc=0.331,                                 
                    train/position_6_acc=0.290,                                 
                    train/position_7_acc=0.269,                                 
                    profile/fetch_ms=72.669,                                    
                    profile/fwd_ms=2.22e+03,                                    
                    profile/bwd_ms=91.530,                                      
                    profile/opt_ms=221.867,                                     
                    profile/step_ms=2.61e+03,                                   
                    profile/tokens_per_s=1.33e+03,                              
                    profile/fetch_frac=0.028, epoch=0,                          
                    lr/Muon=0.004, lr/AdamW=4.47e-04,                           
                    global_step=440                                             
[09:52:03] INFO     train/confidence_loss=0.249,                  trainer.py:584
                    train/confidence_abs_error=0.140,                           
                    train/confidence_pred_mean=0.271,                           
                    train/confidence_cumprod_bias=0.031,                        
                    train/loss=0.269, train/ce_loss=0.675,                      
                    train/tv_loss=0.115, train/accept_rate=0.395,               
                    train/accept_len=2.570, train/full_acc=0.429,               
                    train/position_1_acc=0.733,                                 
                    train/position_2_acc=0.508,                                 
                    train/position_3_acc=0.422,                                 
                    train/position_4_acc=0.374,                                 
                    train/position_5_acc=0.350,                                 
                    train/position_6_acc=0.336,                                 
                    train/position_7_acc=0.277,                                 
                    profile/fetch_ms=70.420,                                    
                    profile/fwd_ms=2.14e+03,                                    
                    profile/bwd_ms=90.188, profile/opt_ms=0.063,                
                    profile/step_ms=2.30e+03,                                   
                    profile/tokens_per_s=1.78e+03,                              
                    profile/fetch_frac=0.031, epoch=0,                          
                    lr/Muon=0.004, lr/AdamW=4.41e-04,                           
                    global_step=460                                             
[09:52:18] INFO     train/confidence_loss=0.246,                  trainer.py:584
                    train/confidence_abs_error=0.117,                           
                    train/confidence_pred_mean=0.191,                           
                    train/confidence_cumprod_bias=-0.001,                       
                    train/loss=0.283, train/ce_loss=0.731,                      
                    train/tv_loss=0.123, train/accept_rate=0.356,               
                    train/accept_len=2.363, train/full_acc=0.390,               
                    train/position_1_acc=0.701,                                 
                    train/position_2_acc=0.456,                                 
                    train/position_3_acc=0.370,                                 
                    train/position_4_acc=0.329,                                 
                    train/position_5_acc=0.303,                                 
                    train/position_6_acc=0.294,                                 
                    train/position_7_acc=0.274,                                 
                    profile/fetch_ms=18.847,                                    
                    profile/fwd_ms=1.49e+03,                                    
                    profile/bwd_ms=89.441, profile/opt_ms=0.068,                
                    profile/step_ms=1.59e+03,                                   
                    profile/tokens_per_s=2.55e+03,                              
                    profile/fetch_frac=0.012, epoch=0,                          
                    lr/Muon=0.004, lr/AdamW=4.33e-04,                           
                    global_step=480                                             
[09:52:33] INFO     train/confidence_loss=0.232,                  trainer.py:584
                    train/confidence_abs_error=0.112,                           
                    train/confidence_pred_mean=0.178,                           
                    train/confidence_cumprod_bias=-0.020,                       
                    train/loss=0.280, train/ce_loss=0.738,                      
                    train/tv_loss=0.124, train/accept_rate=0.353,               
                    train/accept_len=2.376, train/full_acc=0.390,               
                    train/position_1_acc=0.697,                                 
                    train/position_2_acc=0.448,                                 
                    train/position_3_acc=0.356,                                 
                    train/position_4_acc=0.346,                                 
                    train/position_5_acc=0.314,                                 
                    train/position_6_acc=0.286,                                 
                    train/position_7_acc=0.280,                                 
                    profile/fetch_ms=98.178,                                    
                    profile/fwd_ms=1.51e+03,                                    
                    profile/bwd_ms=87.956,                                      
                    profile/opt_ms=229.232,                                     
                    profile/step_ms=1.93e+03,                                   
                    profile/tokens_per_s=1.84e+03,                              
                    profile/fetch_frac=0.051, epoch=0,                          
                    lr/Muon=0.004, lr/AdamW=4.26e-04,                           
                    global_step=500                                             
[09:52:49] INFO     train/confidence_loss=0.246,                  trainer.py:584
                    train/confidence_abs_error=0.134,                           
                    train/confidence_pred_mean=0.264,                           
                    train/confidence_cumprod_bias=0.014,                        
                    train/loss=0.253, train/ce_loss=0.594,                      
                    train/tv_loss=0.106, train/accept_rate=0.425,               
                    train/accept_len=2.749, train/full_acc=0.461,               
                    train/position_1_acc=0.784,                                 
                    train/position_2_acc=0.570,                                 
                    train/position_3_acc=0.470,                                 
                    train/position_4_acc=0.386,                                 
                    train/position_5_acc=0.352,                                 
                    train/position_6_acc=0.344,                                 
                    train/position_7_acc=0.315,                                 
                    profile/fetch_ms=73.194,                                    
                    profile/fwd_ms=1.46e+03,                                    
                    profile/bwd_ms=87.567, profile/opt_ms=0.027,                
                    profile/step_ms=1.62e+03,                                   
                    profile/tokens_per_s=2.19e+03,                              
                    profile/fetch_frac=0.045, epoch=0,                          
                    lr/Muon=0.004, lr/AdamW=4.19e-04,                           
                    global_step=520                                             
[09:53:04] INFO     train/confidence_loss=0.236,                  trainer.py:584
                    train/confidence_abs_error=0.124,                           
                    train/confidence_pred_mean=0.239,                           
                    train/confidence_cumprod_bias=-0.027,                       
                    train/loss=0.239, train/ce_loss=0.550,                      
                    train/tv_loss=0.101, train/accept_rate=0.455,               
                    train/accept_len=2.907, train/full_acc=0.485,               
                    train/position_1_acc=0.787,                                 
                    train/position_2_acc=0.611,                                 
                    train/position_3_acc=0.489,                                 
                    train/position_4_acc=0.427,                                 
                    train/position_5_acc=0.403,                                 
                    train/position_6_acc=0.342,                                 
                    train/position_7_acc=0.336,                                 
                    profile/fetch_ms=28.862,                                    
                    profile/fwd_ms=865.092,                                     
                    profile/bwd_ms=90.685, profile/opt_ms=0.036,                
                    profile/step_ms=984.675,                                    
                    profile/tokens_per_s=3.52e+03,                              
                    profile/fetch_frac=0.029, epoch=0,                          
                    lr/Muon=0.004, lr/AdamW=4.12e-04,                           
                    global_step=540                                             
[09:53:19] INFO     train/confidence_loss=0.244,                  trainer.py:584
                    train/confidence_abs_error=0.127,                           
                    train/confidence_pred_mean=0.233,                           
                    train/confidence_cumprod_bias=-0.023,                       
                    train/loss=0.247, train/ce_loss=0.562,                      
                    train/tv_loss=0.103, train/accept_rate=0.450,               
                    train/accept_len=2.852, train/full_acc=0.490,               
                    train/position_1_acc=0.796,                                 
                    train/position_2_acc=0.594,                                 
                    train/position_3_acc=0.466,                                 
                    train/position_4_acc=0.425,                                 
                    train/position_5_acc=0.390,                                 
                    train/position_6_acc=0.406,                                 
                    train/position_7_acc=0.351,                                 
                    profile/fetch_ms=72.533,                                    
                    profile/fwd_ms=124.969,                                     
                    profile/bwd_ms=109.790,                                     
                    profile/opt_ms=224.539,                                     
                    profile/step_ms=531.830,                                    
                    profile/tokens_per_s=6.71e+03,                              
                    profile/fetch_frac=0.136, epoch=0,                          
                    lr/Muon=0.004, lr/AdamW=4.04e-04,                           
                    global_step=560                                             
[09:53:35] INFO     train/confidence_loss=0.248,                  trainer.py:584
                    train/confidence_abs_error=0.135,                           
                    train/confidence_pred_mean=0.240,                           
                    train/confidence_cumprod_bias=0.027,                        
                    train/loss=0.286, train/ce_loss=0.769,                      
                    train/tv_loss=0.122, train/accept_rate=0.359,               
                    train/accept_len=2.414, train/full_acc=0.390,               
                    train/position_1_acc=0.689,                                 
                    train/position_2_acc=0.488,                                 
                    train/position_3_acc=0.386,                                 
                    train/position_4_acc=0.334,                                 
                    train/position_5_acc=0.298,                                 
                    train/position_6_acc=0.273,                                 
                    train/position_7_acc=0.256,                                 
                    profile/fetch_ms=95.939,                                    
                    profile/fwd_ms=88.534, profile/bwd_ms=91.654,               
                    profile/opt_ms=0.035,                                       
                    profile/step_ms=276.163,                                    
                    profile/tokens_per_s=1.48e+04,                              
                    profile/fetch_frac=0.347, epoch=0,                          
                    lr/Muon=0.004, lr/AdamW=3.98e-04,                           
                    global_step=580                                             
[09:53:51] INFO     train/confidence_loss=0.231,                  trainer.py:584
                    train/confidence_abs_error=0.113,                           
                    train/confidence_pred_mean=0.206,                           
                    train/confidence_cumprod_bias=-0.012,                       
                    train/loss=0.263, train/ce_loss=0.675,                      
                    train/tv_loss=0.115, train/accept_rate=0.393,               
                    train/accept_len=2.629, train/full_acc=0.424,               
                    train/position_1_acc=0.722,                                 
                    train/position_2_acc=0.517,                                 
                    train/position_3_acc=0.404,                                 
                    train/position_4_acc=0.380,                                 
                    train/position_5_acc=0.335,                                 
                    train/position_6_acc=0.315,                                 
                    train/position_7_acc=0.296,                                 
                    profile/fetch_ms=3.369,                                     
                    profile/fwd_ms=90.203,                                      
                    profile/bwd_ms=148.457, profile/opt_ms=5.520,               
                    profile/step_ms=247.549,                                    
                    profile/tokens_per_s=1.63e+04,                              
                    profile/fetch_frac=0.014, epoch=0,                          
                    lr/Muon=0.004, lr/AdamW=3.90e-04,                           
                    global_step=600                                             
[09:54:08] INFO     train/confidence_loss=0.229,                  trainer.py:584
                    train/confidence_abs_error=0.119,                           
                    train/confidence_pred_mean=0.246,                           
                    train/confidence_cumprod_bias=-0.014,                       
                    train/loss=0.239, train/ce_loss=0.566,                      
                    train/tv_loss=0.101, train/accept_rate=0.459,               
                    train/accept_len=2.941, train/full_acc=0.493,               
                    train/position_1_acc=0.766,                                 
                    train/position_2_acc=0.594,                                 
                    train/position_3_acc=0.503,                                 
                    train/position_4_acc=0.442,                                 
                    train/position_5_acc=0.402,                                 
                    train/position_6_acc=0.383,                                 
                    train/position_7_acc=0.356,                                 
                    profile/fetch_ms=69.401,                                    
                    profile/fwd_ms=88.383, profile/bwd_ms=95.663,               
                    profile/opt_ms=300.164,                                     
                    profile/step_ms=553.611,                                    
                    profile/tokens_per_s=6.44e+03,                              
                    profile/fetch_frac=0.125, epoch=0,                          
                    lr/Muon=0.004, lr/AdamW=3.83e-04,                           
                    global_step=620                                             
[09:54:24] INFO     train/confidence_loss=0.231,                  trainer.py:584
                    train/confidence_abs_error=0.123,                           
                    train/confidence_pred_mean=0.266,                           
                    train/confidence_cumprod_bias=0.021,                        
                    train/loss=0.250, train/ce_loss=0.606,                      
                    train/tv_loss=0.108, train/accept_rate=0.424,               
                    train/accept_len=2.743, train/full_acc=0.460,               
                    train/position_1_acc=0.761,                                 
                    train/position_2_acc=0.539,                                 
                    train/position_3_acc=0.464,                                 
                    train/position_4_acc=0.406,                                 
                    train/position_5_acc=0.374,                                 
                    train/position_6_acc=0.342,                                 
                    train/position_7_acc=0.331,                                 
                    profile/fetch_ms=72.633,                                    
                    profile/fwd_ms=108.275,                                     
                    profile/bwd_ms=98.135, profile/opt_ms=0.031,                
                    profile/step_ms=279.074,                                    
                    profile/tokens_per_s=1.30e+04,                              
                    profile/fetch_frac=0.260, epoch=0,                          
                    lr/Muon=0.004, lr/AdamW=3.76e-04,                           
                    global_step=640                                             
[09:54:39] INFO     train/confidence_loss=0.245,                  trainer.py:584
                    train/confidence_abs_error=0.127,                           
                    train/confidence_pred_mean=0.226,                           
                    train/confidence_cumprod_bias=-0.024,                       
                    train/loss=0.250, train/ce_loss=0.575,                      
                    train/tv_loss=0.105, train/accept_rate=0.438,               
                    train/accept_len=2.798, train/full_acc=0.474,               
                    train/position_1_acc=0.783,                                 
                    train/position_2_acc=0.575,                                 
                    train/position_3_acc=0.484,                                 
                    train/position_4_acc=0.428,                                 
                    train/position_5_acc=0.399,                                 
                    train/position_6_acc=0.341,                                 
                    train/position_7_acc=0.301,                                 
                    profile/fetch_ms=3.158,                                     
                    profile/fwd_ms=88.069,                                      
                    profile/bwd_ms=115.453, profile/opt_ms=0.031,               
                    profile/step_ms=206.711,                                    
                    profile/tokens_per_s=1.72e+04,                              
                    profile/fetch_frac=0.015, epoch=0,                          
                    lr/Muon=0.004, lr/AdamW=3.69e-04,                           
                    global_step=660                                             
[09:54:54] INFO     train/confidence_loss=0.244,                  trainer.py:584
                    train/confidence_abs_error=0.121,                           
                    train/confidence_pred_mean=0.235,                           
                    train/confidence_cumprod_bias=-0.030,                       
                    train/loss=0.241, train/ce_loss=0.531,                      
                    train/tv_loss=0.100, train/accept_rate=0.458,               
                    train/accept_len=2.973, train/full_acc=0.497,               
                    train/position_1_acc=0.827,                                 
                    train/position_2_acc=0.598,                                 
                    train/position_3_acc=0.489,                                 
                    train/position_4_acc=0.450,                                 
                    train/position_5_acc=0.388,                                 
                    train/position_6_acc=0.379,                                 
                    train/position_7_acc=0.347,                                 
                    profile/fetch_ms=72.116,                                    
                    profile/fwd_ms=90.099, profile/bwd_ms=92.323,               
                    profile/opt_ms=259.367,                                     
                    profile/step_ms=513.905,                                    
                    profile/tokens_per_s=6.80e+03,                              
                    profile/fetch_frac=0.140, epoch=0,                          
                    lr/Muon=0.004, lr/AdamW=3.61e-04,                           
                    global_step=680                                             
[09:55:10] INFO     train/confidence_loss=0.237,                  trainer.py:584
                    train/confidence_abs_error=0.129,                           
                    train/confidence_pred_mean=0.275,                           
                    train/confidence_cumprod_bias=0.027,                        
                    train/loss=0.248, train/ce_loss=0.584,                      
                    train/tv_loss=0.105, train/accept_rate=0.430,               
                    train/accept_len=2.800, train/full_acc=0.463,               
                    train/position_1_acc=0.791,                                 
                    train/position_2_acc=0.572,                                 
                    train/position_3_acc=0.451,                                 
                    train/position_4_acc=0.406,                                 
                    train/position_5_acc=0.361,                                 
                    train/position_6_acc=0.347,                                 
                    train/position_7_acc=0.309,                                 
                    profile/fetch_ms=71.963,                                    
                    profile/fwd_ms=88.921, profile/bwd_ms=91.482,               
                    profile/opt_ms=0.030,                                       
                    profile/step_ms=252.397,                                    
                    profile/tokens_per_s=1.37e+04,                              
                    profile/fetch_frac=0.285, epoch=0,                          
                    lr/Muon=0.004, lr/AdamW=3.55e-04,                           
                    global_step=700                                             
[09:55:26] INFO     train/confidence_loss=0.238,                  trainer.py:584
                    train/confidence_abs_error=0.122,                           
                    train/confidence_pred_mean=0.249,                           
                    train/confidence_cumprod_bias=-0.021,                       
                    train/loss=0.237, train/ce_loss=0.516,                      
                    train/tv_loss=0.098, train/accept_rate=0.467,               
                    train/accept_len=3.024, train/full_acc=0.501,               
                    train/position_1_acc=0.798,                                 
                    train/position_2_acc=0.606,                                 
                    train/position_3_acc=0.510,                                 
                    train/position_4_acc=0.467,                                 
                    train/position_5_acc=0.408,                                 
                    train/position_6_acc=0.357,                                 
                    train/position_7_acc=0.360,                                 
                    profile/fetch_ms=5.739,                                     
                    profile/fwd_ms=95.888, profile/bwd_ms=98.791,               
                    profile/opt_ms=0.033,                                       
                    profile/step_ms=200.451,                                    
                    profile/tokens_per_s=1.76e+04,                              
                    profile/fetch_frac=0.029, epoch=0,                          
                    lr/Muon=0.003, lr/AdamW=3.47e-04,                           
                    global_step=720                                             
[09:55:42] INFO     train/confidence_loss=0.232,                  trainer.py:584
                    train/confidence_abs_error=0.115,                           
                    train/confidence_pred_mean=0.222,                           
                    train/confidence_cumprod_bias=-0.010,                       
                    train/loss=0.253, train/ce_loss=0.631,                      
                    train/tv_loss=0.109, train/accept_rate=0.422,               
                    train/accept_len=2.779, train/full_acc=0.457,               
                    train/position_1_acc=0.740,                                 
                    train/position_2_acc=0.542,                                 
                    train/position_3_acc=0.463,                                 
                    train/position_4_acc=0.409,                                 
                    train/position_5_acc=0.377,                                 
                    train/position_6_acc=0.365,                                 
                    train/position_7_acc=0.300,                                 
                    profile/fetch_ms=73.432,                                    
                    profile/fwd_ms=89.327, profile/bwd_ms=90.659,               
                    profile/opt_ms=357.665,                                     
                    profile/step_ms=611.083,                                    
                    profile/tokens_per_s=5.65e+03,                              
                    profile/fetch_frac=0.120, epoch=0,                          
                    lr/Muon=0.003, lr/AdamW=3.40e-04,                           
                    global_step=740                                             
[09:55:59] INFO     train/confidence_loss=0.243,                  trainer.py:584
                    train/confidence_abs_error=0.127,                           
                    train/confidence_pred_mean=0.275,                           
                    train/confidence_cumprod_bias=0.014,                        
                    train/loss=0.245, train/ce_loss=0.562,                      
                    train/tv_loss=0.102, train/accept_rate=0.452,               
                    train/accept_len=2.903, train/full_acc=0.490,               
                    train/position_1_acc=0.811,                                 
                    train/position_2_acc=0.579,                                 
                    train/position_3_acc=0.492,                                 
                    train/position_4_acc=0.426,                                 
                    train/position_5_acc=0.419,                                 
                    train/position_6_acc=0.369,                                 
                    train/position_7_acc=0.330,                                 
                    profile/fetch_ms=92.358,                                    
                    profile/fwd_ms=133.534,                                     
                    profile/bwd_ms=88.771, profile/opt_ms=0.025,                
                    profile/step_ms=314.688,                                    
                    profile/tokens_per_s=1.10e+04,                              
                    profile/fetch_frac=0.293, epoch=0,                          
                    lr/Muon=0.003, lr/AdamW=3.33e-04,                           
                    global_step=760                                             
[09:56:14] INFO     train/confidence_loss=0.234,                  trainer.py:584
                    train/confidence_abs_error=0.120,                           
                    train/confidence_pred_mean=0.213,                           
                    train/confidence_cumprod_bias=-0.023,                       
                    train/loss=0.258, train/ce_loss=0.637,                      
                    train/tv_loss=0.112, train/accept_rate=0.407,               
                    train/accept_len=2.691, train/full_acc=0.443,               
                    train/position_1_acc=0.751,                                 
                    train/position_2_acc=0.535,                                 
                    train/position_3_acc=0.441,                                 
                    train/position_4_acc=0.369,                                 
                    train/position_5_acc=0.342,                                 
                    train/position_6_acc=0.327,                                 
                    train/position_7_acc=0.328,                                 
                    profile/fetch_ms=15.221,                                    
                    profile/fwd_ms=104.174,                                     
                    profile/bwd_ms=98.537, profile/opt_ms=0.044,                
                    profile/step_ms=217.976,                                    
                    profile/tokens_per_s=1.65e+04,                              
                    profile/fetch_frac=0.070, epoch=0,                          
                    lr/Muon=0.003, lr/AdamW=3.26e-04,                           
                    global_step=780                                             
[09:56:30] INFO     train/confidence_loss=0.228,                  trainer.py:584
                    train/confidence_abs_error=0.116,                           
                    train/confidence_pred_mean=0.225,                           
                    train/confidence_cumprod_bias=-0.016,                       
                    train/loss=0.255, train/ce_loss=0.641,                      
                    train/tv_loss=0.110, train/accept_rate=0.419,               
                    train/accept_len=2.779, train/full_acc=0.452,               
                    train/position_1_acc=0.760,                                 
                    train/position_2_acc=0.520,                                 
                    train/position_3_acc=0.426,                                 
                    train/position_4_acc=0.402,                                 
                    train/position_5_acc=0.377,                                 
                    train/position_6_acc=0.336,                                 
                    train/position_7_acc=0.340,                                 
                    profile/fetch_ms=74.876,                                    
                    profile/fwd_ms=88.840, profile/bwd_ms=92.994,               
                    profile/opt_ms=274.510,                                     
                    profile/step_ms=531.220,                                    
                    profile/tokens_per_s=6.63e+03,                              
                    profile/fetch_frac=0.141, epoch=0,                          
                    lr/Muon=0.003, lr/AdamW=3.18e-04,                           
                    global_step=800                                             
[09:56:46] INFO     train/confidence_loss=0.233,                  trainer.py:584
                    train/confidence_abs_error=0.125,                           
                    train/confidence_pred_mean=0.266,                           
                    train/confidence_cumprod_bias=0.007,                        
                    train/loss=0.248, train/ce_loss=0.597,                      
                    train/tv_loss=0.105, train/accept_rate=0.433,               
                    train/accept_len=2.888, train/full_acc=0.467,               
                    train/position_1_acc=0.776,                                 
                    train/position_2_acc=0.568,                                 
                    train/position_3_acc=0.469,                                 
                    train/position_4_acc=0.405,                                 
                    train/position_5_acc=0.371,                                 
                    train/position_6_acc=0.341,                                 
                    train/position_7_acc=0.335,                                 
                    profile/fetch_ms=73.558,                                    
                    profile/fwd_ms=123.107,                                     
                    profile/bwd_ms=97.732, profile/opt_ms=0.059,                
                    profile/step_ms=294.455,                                    
                    profile/tokens_per_s=1.38e+04,                              
                    profile/fetch_frac=0.250, epoch=0,                          
                    lr/Muon=0.003, lr/AdamW=3.12e-04,                           
                    global_step=820                                             
[09:57:02] INFO     train/confidence_loss=0.226,                  trainer.py:584
                    train/confidence_abs_error=0.118,                           
                    train/confidence_pred_mean=0.281,                           
                    train/confidence_cumprod_bias=-0.014,                       
                    train/loss=0.219, train/ce_loss=0.478,                      
                    train/tv_loss=0.090, train/accept_rate=0.505,               
                    train/accept_len=3.284, train/full_acc=0.538,               
                    train/position_1_acc=0.829,                                 
                    train/position_2_acc=0.643,                                 
                    train/position_3_acc=0.561,                                 
                    train/position_4_acc=0.485,                                 
                    train/position_5_acc=0.445,                                 
                    train/position_6_acc=0.412,                                 
                    train/position_7_acc=0.385,                                 
                    profile/fetch_ms=11.021,                                    
                    profile/fwd_ms=159.305,                                     
                    profile/bwd_ms=84.954, profile/opt_ms=0.030,                
                    profile/step_ms=255.310,                                    
                    profile/tokens_per_s=1.35e+04,                              
                    profile/fetch_frac=0.043, epoch=0,                          
                    lr/Muon=0.003, lr/AdamW=3.04e-04,                           
                    global_step=840                                             
[09:57:17] INFO     train/confidence_loss=0.242,                  trainer.py:584
                    train/confidence_abs_error=0.123,                           
                    train/confidence_pred_mean=0.248,                           
                    train/confidence_cumprod_bias=-0.030,                       
                    train/loss=0.236, train/ce_loss=0.512,                      
                    train/tv_loss=0.097, train/accept_rate=0.469,               
                    train/accept_len=3.054, train/full_acc=0.502,               
                    train/position_1_acc=0.822,                                 
                    train/position_2_acc=0.605,                                 
                    train/position_3_acc=0.510,                                 
                    train/position_4_acc=0.463,                                 
                    train/position_5_acc=0.403,                                 
                    train/position_6_acc=0.372,                                 
                    train/position_7_acc=0.338,                                 
                    profile/fetch_ms=74.563,                                    
                    profile/fwd_ms=88.772,                                      
                    profile/bwd_ms=112.583,                                     
                    profile/opt_ms=228.046,                                     
                    profile/step_ms=503.964,                                    
                    profile/tokens_per_s=6.91e+03,                              
                    profile/fetch_frac=0.148, epoch=0,                          
                    lr/Muon=0.003, lr/AdamW=2.97e-04,                           
                    global_step=860                                             
[09:57:32] INFO     train/confidence_loss=0.225,                  trainer.py:584
                    train/confidence_abs_error=0.123,                           
                    train/confidence_pred_mean=0.323,                           
                    train/confidence_cumprod_bias=-0.004,                       
                    train/loss=0.200, train/ce_loss=0.392,                      
                    train/tv_loss=0.079, train/accept_rate=0.560,               
                    train/accept_len=3.606, train/full_acc=0.595,               
                    train/position_1_acc=0.881,                                 
                    train/position_2_acc=0.690,                                 
                    train/position_3_acc=0.611,                                 
                    train/position_4_acc=0.541,                                 
                    train/position_5_acc=0.519,                                 
                    train/position_6_acc=0.478,                                 
                    train/position_7_acc=0.440,                                 
                    profile/fetch_ms=73.004,                                    
                    profile/fwd_ms=88.905,                                      
                    profile/bwd_ms=100.262, profile/opt_ms=0.027,               
                    profile/step_ms=262.199,                                    
                    profile/tokens_per_s=1.56e+04,                              
                    profile/fetch_frac=0.278, epoch=0,                          
                    lr/Muon=0.003, lr/AdamW=2.90e-04,                           
                    global_step=880                                             
[09:57:48] INFO     train/confidence_loss=0.235,                  trainer.py:584
                    train/confidence_abs_error=0.122,                           
                    train/confidence_pred_mean=0.259,                           
                    train/confidence_cumprod_bias=-0.021,                       
                    train/loss=0.227, train/ce_loss=0.481,                      
                    train/tv_loss=0.094, train/accept_rate=0.487,               
                    train/accept_len=3.096, train/full_acc=0.526,               
                    train/position_1_acc=0.828,                                 
                    train/position_2_acc=0.623,                                 
                    train/position_3_acc=0.541,                                 
                    train/position_4_acc=0.454,                                 
                    train/position_5_acc=0.430,                                 
                    train/position_6_acc=0.410,                                 
                    train/position_7_acc=0.388,                                 
                    profile/fetch_ms=19.383,                                    
                    profile/fwd_ms=99.492, profile/bwd_ms=91.578,               
                    profile/opt_ms=0.028,                                       
                    profile/step_ms=210.482,                                    
                    profile/tokens_per_s=1.66e+04,                              
                    profile/fetch_frac=0.092, epoch=0,                          
                    lr/Muon=0.003, lr/AdamW=2.83e-04,                           
                    global_step=900                                             
[09:58:03] INFO     train/confidence_loss=0.234,                  trainer.py:584
                    train/confidence_abs_error=0.114,                           
                    train/confidence_pred_mean=0.216,                           
                    train/confidence_cumprod_bias=-0.012,                       
                    train/loss=0.263, train/ce_loss=0.650,                      
                    train/tv_loss=0.116, train/accept_rate=0.390,               
                    train/accept_len=2.598, train/full_acc=0.425,               
                    train/position_1_acc=0.705,                                 
                    train/position_2_acc=0.510,                                 
                    train/position_3_acc=0.422,                                 
                    train/position_4_acc=0.391,                                 
                    train/position_5_acc=0.339,                                 
                    train/position_6_acc=0.329,                                 
                    train/position_7_acc=0.275,                                 
                    profile/fetch_ms=72.620,                                    
                    profile/fwd_ms=106.751,                                     
                    profile/bwd_ms=93.171,                                      
                    profile/opt_ms=260.593,                                     
                    profile/step_ms=533.135,                                    
                    profile/tokens_per_s=6.59e+03,                              
                    profile/fetch_frac=0.136, epoch=0,                          
                    lr/Muon=0.003, lr/AdamW=2.75e-04,                           
                    global_step=920                                             
[09:58:18] INFO     train/confidence_loss=0.238,                  trainer.py:584
                    train/confidence_abs_error=0.126,                           
                    train/confidence_pred_mean=0.280,                           
                    train/confidence_cumprod_bias=0.013,                        
                    train/loss=0.239, train/ce_loss=0.534,                      
                    train/tv_loss=0.100, train/accept_rate=0.459,               
                    train/accept_len=2.957, train/full_acc=0.498,               
                    train/position_1_acc=0.816,                                 
                    train/position_2_acc=0.597,                                 
                    train/position_3_acc=0.520,                                 
                    train/position_4_acc=0.425,                                 
                    train/position_5_acc=0.415,                                 
                    train/position_6_acc=0.368,                                 
                    train/position_7_acc=0.344,                                 
                    profile/fetch_ms=84.252,                                    
                    profile/fwd_ms=87.742, profile/bwd_ms=92.740,               
                    profile/opt_ms=0.028,                                       
                    profile/step_ms=264.762,                                    
                    profile/tokens_per_s=1.53e+04,                              
                    profile/fetch_frac=0.318, epoch=0,                          
                    lr/Muon=0.003, lr/AdamW=2.69e-04,                           
                    global_step=940                                             
[09:58:34] INFO     train/confidence_loss=0.236,                  trainer.py:584
                    train/confidence_abs_error=0.122,                           
                    train/confidence_pred_mean=0.258,                           
                    train/confidence_cumprod_bias=0.007,                        
                    train/loss=0.253, train/ce_loss=0.609,                      
                    train/tv_loss=0.108, train/accept_rate=0.425,               
                    train/accept_len=2.774, train/full_acc=0.464,               
                    train/position_1_acc=0.760,                                 
                    train/position_2_acc=0.577,                                 
                    train/position_3_acc=0.446,                                 
                    train/position_4_acc=0.414,                                 
                    train/position_5_acc=0.377,                                 
                    train/position_6_acc=0.344,                                 
                    train/position_7_acc=0.326,                                 
                    profile/fetch_ms=3.141,                                     
                    profile/fwd_ms=88.864, profile/bwd_ms=91.097,               
                    profile/opt_ms=0.031,                                       
                    profile/step_ms=183.134,                                    
                    profile/tokens_per_s=1.92e+04,                              
                    profile/fetch_frac=0.017, epoch=0,                          
                    lr/Muon=0.003, lr/AdamW=2.61e-04,                           
                    global_step=960                                             
[09:58:50] INFO     train/confidence_loss=0.236,                  trainer.py:584
                    train/confidence_abs_error=0.127,                           
                    train/confidence_pred_mean=0.274,                           
                    train/confidence_cumprod_bias=-0.005,                       
                    train/loss=0.234, train/ce_loss=0.519,                      
                    train/tv_loss=0.097, train/accept_rate=0.471,               
                    train/accept_len=3.056, train/full_acc=0.512,               
                    train/position_1_acc=0.809,                                 
                    train/position_2_acc=0.632,                                 
                    train/position_3_acc=0.514,                                 
                    train/position_4_acc=0.450,                                 
                    train/position_5_acc=0.409,                                 
                    train/position_6_acc=0.395,                                 
                    train/position_7_acc=0.368,                                 
                    profile/fetch_ms=81.506,                                    
                    profile/fwd_ms=109.428,                                     
                    profile/bwd_ms=92.821,                                      
                    profile/opt_ms=244.603,                                     
                    profile/step_ms=528.356,                                    
                    profile/tokens_per_s=6.63e+03,                              
                    profile/fetch_frac=0.154, epoch=0,                          
                    lr/Muon=0.003, lr/AdamW=2.54e-04,                           
                    global_step=980                                             
[09:59:06] INFO     train/confidence_loss=0.233,                  trainer.py:584
                    train/confidence_abs_error=0.122,                           
                    train/confidence_pred_mean=0.280,                           
                    train/confidence_cumprod_bias=-0.006,                       
                    train/loss=0.225, train/ce_loss=0.481,                      
                    train/tv_loss=0.093, train/accept_rate=0.494,               
                    train/accept_len=3.189, train/full_acc=0.532,               
                    train/position_1_acc=0.827,                                 
                    train/position_2_acc=0.613,                                 
                    train/position_3_acc=0.553,                                 
                    train/position_4_acc=0.475,                                 
                    train/position_5_acc=0.448,                                 
                    train/position_6_acc=0.417,                                 
                    train/position_7_acc=0.386,                                 
                    profile/fetch_ms=87.758,                                    
                    profile/fwd_ms=98.499, profile/bwd_ms=86.316,               
                    profile/opt_ms=0.026,                                       
                    profile/step_ms=272.600,                                    
                    profile/tokens_per_s=1.28e+04,                              
                    profile/fetch_frac=0.322, epoch=0,                          
                    lr/Muon=0.002, lr/AdamW=2.47e-04,                           
                    global_step=1000                                            
[09:59:23] INFO     train/confidence_loss=0.236,                  trainer.py:584
                    train/confidence_abs_error=0.128,                           
                    train/confidence_pred_mean=0.313,                           
                    train/confidence_cumprod_bias=0.015,                        
                    train/loss=0.219, train/ce_loss=0.456,                      
                    train/tv_loss=0.087, train/accept_rate=0.517,               
                    train/accept_len=3.364, train/full_acc=0.553,               
                    train/position_1_acc=0.864,                                 
                    train/position_2_acc=0.655,                                 
                    train/position_3_acc=0.581,                                 
                    train/position_4_acc=0.498,                                 
                    train/position_5_acc=0.450,                                 
                    train/position_6_acc=0.433,                                 
                    train/position_7_acc=0.382,                                 
                    profile/fetch_ms=28.130,                                    
                    profile/fwd_ms=94.891,                                      
                    profile/bwd_ms=146.712, profile/opt_ms=0.038,               
                    profile/step_ms=269.770,                                    
                    profile/tokens_per_s=1.52e+04,                              
                    profile/fetch_frac=0.104, epoch=0,                          
                    lr/Muon=0.002, lr/AdamW=2.40e-04,                           
                    global_step=1020                                            
[09:59:38] INFO     train/confidence_loss=0.223,                  trainer.py:584
                    train/confidence_abs_error=0.123,                           
                    train/confidence_pred_mean=0.314,                           
                    train/confidence_cumprod_bias=4.18e-04,                     
                    train/loss=0.205, train/ce_loss=0.419,                      
                    train/tv_loss=0.082, train/accept_rate=0.538,               
                    train/accept_len=3.495, train/full_acc=0.572,               
                    train/position_1_acc=0.852,                                 
                    train/position_2_acc=0.690,                                 
                    train/position_3_acc=0.575,                                 
                    train/position_4_acc=0.531,                                 
                    train/position_5_acc=0.504,                                 
                    train/position_6_acc=0.448,                                 
                    train/position_7_acc=0.401,                                 
                    profile/fetch_ms=74.748,                                    
                    profile/fwd_ms=89.169, profile/bwd_ms=97.322,               
                    profile/opt_ms=349.818,                                     
                    profile/step_ms=611.058,                                    
                    profile/tokens_per_s=6.66e+03,                              
                    profile/fetch_frac=0.122, epoch=0,                          
                    lr/Muon=0.002, lr/AdamW=2.32e-04,                           
                    global_step=1040                                            
[09:59:54] INFO     train/confidence_loss=0.226,                  trainer.py:584
                    train/confidence_abs_error=0.124,                           
                    train/confidence_pred_mean=0.310,                           
                    train/confidence_cumprod_bias=-0.018,                       
                    train/loss=0.197, train/ce_loss=0.372,                      
                    train/tv_loss=0.077, train/accept_rate=0.567,               
                    train/accept_len=3.599, train/full_acc=0.601,               
                    train/position_1_acc=0.858,                                 
                    train/position_2_acc=0.712,                                 
                    train/position_3_acc=0.621,                                 
                    train/position_4_acc=0.564,                                 
                    train/position_5_acc=0.523,                                 
                    train/position_6_acc=0.488,                                 
                    train/position_7_acc=0.441,                                 
                    profile/fetch_ms=73.381,                                    
                    profile/fwd_ms=88.482,                                      
                    profile/bwd_ms=115.805, profile/opt_ms=0.069,               
                    profile/step_ms=277.737,                                    
                    profile/tokens_per_s=1.26e+04,                              
                    profile/fetch_frac=0.264, epoch=0,                          
                    lr/Muon=0.002, lr/AdamW=2.26e-04,                           
                    global_step=1060                                            
[10:00:10] INFO     train/confidence_loss=0.225,                  trainer.py:584
                    train/confidence_abs_error=0.121,                           
                    train/confidence_pred_mean=0.328,                           
                    train/confidence_cumprod_bias=0.021,                        
                    train/loss=0.208, train/ce_loss=0.428,                      
                    train/tv_loss=0.084, train/accept_rate=0.534,               
                    train/accept_len=3.491, train/full_acc=0.568,               
                    train/position_1_acc=0.860,                                 
                    train/position_2_acc=0.681,                                 
                    train/position_3_acc=0.557,                                 
                    train/position_4_acc=0.531,                                 
                    train/position_5_acc=0.492,                                 
                    train/position_6_acc=0.428,                                 
                    train/position_7_acc=0.423,                                 
                    profile/fetch_ms=55.179,                                    
                    profile/fwd_ms=93.329, profile/bwd_ms=91.927,               
                    profile/opt_ms=0.063,                                       
                    profile/step_ms=240.498,                                    
                    profile/tokens_per_s=1.70e+04,                              
                    profile/fetch_frac=0.229, epoch=0,                          
                    lr/Muon=0.002, lr/AdamW=2.18e-04,                           
                    global_step=1080                                            
[10:00:25] INFO     train/confidence_loss=0.234,                  trainer.py:584
                    train/confidence_abs_error=0.122,                           
                    train/confidence_pred_mean=0.295,                           
                    train/confidence_cumprod_bias=0.012,                        
                    train/loss=0.227, train/ce_loss=0.494,                      
                    train/tv_loss=0.093, train/accept_rate=0.494,               
                    train/accept_len=3.146, train/full_acc=0.527,               
                    train/position_1_acc=0.831,                                 
                    train/position_2_acc=0.627,                                 
                    train/position_3_acc=0.528,                                 
                    train/position_4_acc=0.475,                                 
                    train/position_5_acc=0.432,                                 
                    train/position_6_acc=0.408,                                 
                    train/position_7_acc=0.389,                                 
                    profile/fetch_ms=75.177,                                    
                    profile/fwd_ms=88.434, profile/bwd_ms=92.303,               
                    profile/opt_ms=268.792,                                     
                    profile/step_ms=524.706,                                    
                    profile/tokens_per_s=7.77e+03,                              
                    profile/fetch_frac=0.143, epoch=0,                          
                    lr/Muon=0.002, lr/AdamW=2.11e-04,                           
                    global_step=1100                                            
[10:00:41] INFO     train/confidence_loss=0.229,                  trainer.py:584
                    train/confidence_abs_error=0.122,                           
                    train/confidence_pred_mean=0.310,                           
                    train/confidence_cumprod_bias=-0.006,                       
                    train/loss=0.208, train/ce_loss=0.406,                      
                    train/tv_loss=0.083, train/accept_rate=0.542,               
                    train/accept_len=3.464, train/full_acc=0.577,               
                    train/position_1_acc=0.848,                                 
                    train/position_2_acc=0.667,                                 
                    train/position_3_acc=0.600,                                 
                    train/position_4_acc=0.539,                                 
                    train/position_5_acc=0.499,                                 
                    train/position_6_acc=0.450,                                 
                    train/position_7_acc=0.432,                                 
                    profile/fetch_ms=69.016,                                    
                    profile/fwd_ms=112.449,                                     
                    profile/bwd_ms=90.506, profile/opt_ms=0.055,                
                    profile/step_ms=272.027,                                    
                    profile/tokens_per_s=1.47e+04,                              
                    profile/fetch_frac=0.254, epoch=0,                          
                    lr/Muon=0.002, lr/AdamW=2.04e-04,                           
                    global_step=1120                                            
[10:00:57] INFO     train/confidence_loss=0.235,                  trainer.py:584
                    train/confidence_abs_error=0.122,                           
                    train/confidence_pred_mean=0.273,                           
                    train/confidence_cumprod_bias=-0.001,                       
                    train/loss=0.237, train/ce_loss=0.531,                      
                    train/tv_loss=0.099, train/accept_rate=0.472,               
                    train/accept_len=2.996, train/full_acc=0.510,               
                    train/position_1_acc=0.770,                                 
                    train/position_2_acc=0.593,                                 
                    train/position_3_acc=0.528,                                 
                    train/position_4_acc=0.477,                                 
                    train/position_5_acc=0.436,                                 
                    train/position_6_acc=0.393,                                 
                    train/position_7_acc=0.372,                                 
                    profile/fetch_ms=32.502,                                    
                    profile/fwd_ms=93.061, profile/bwd_ms=92.003,               
                    profile/opt_ms=0.029,                                       
                    profile/step_ms=217.596,                                    
                    profile/tokens_per_s=1.62e+04,                              
                    profile/fetch_frac=0.149, epoch=0,                          
                    lr/Muon=0.002, lr/AdamW=1.97e-04,                           
                    global_step=1140                                            
[10:01:12] INFO     train/confidence_loss=0.230,                  trainer.py:584
                    train/confidence_abs_error=0.122,                           
                    train/confidence_pred_mean=0.295,                           
                    train/confidence_cumprod_bias=0.008,                        
                    train/loss=0.222, train/ce_loss=0.475,                      
                    train/tv_loss=0.091, train/accept_rate=0.507,               
                    train/accept_len=3.252, train/full_acc=0.537,               
                    train/position_1_acc=0.821,                                 
                    train/position_2_acc=0.626,                                 
                    train/position_3_acc=0.537,                                 
                    train/position_4_acc=0.500,                                 
                    train/position_5_acc=0.456,                                 
                    train/position_6_acc=0.421,                                 
                    train/position_7_acc=0.399,                                 
                    profile/fetch_ms=74.842,                                    
                    profile/fwd_ms=89.011, profile/bwd_ms=92.172,               
                    profile/opt_ms=247.610,                                     
                    profile/step_ms=503.636,                                    
                    profile/tokens_per_s=6.98e+03,                              
                    profile/fetch_frac=0.149, epoch=0,                          
                    lr/Muon=0.002, lr/AdamW=1.89e-04,                           
                    global_step=1160                                            
[10:01:28] INFO     train/confidence_loss=0.232,                  trainer.py:584
                    train/confidence_abs_error=0.119,                           
                    train/confidence_pred_mean=0.256,                           
                    train/confidence_cumprod_bias=-0.010,                       
                    train/loss=0.236, train/ce_loss=0.537,                      
                    train/tv_loss=0.100, train/accept_rate=0.469,               
                    train/accept_len=2.989, train/full_acc=0.505,               
                    train/position_1_acc=0.779,                                 
                    train/position_2_acc=0.594,                                 
                    train/position_3_acc=0.507,                                 
                    train/position_4_acc=0.454,                                 
                    train/position_5_acc=0.423,                                 
                    train/position_6_acc=0.384,                                 
                    train/position_7_acc=0.393,                                 
                    profile/fetch_ms=71.936,                                    
                    profile/fwd_ms=89.226, profile/bwd_ms=92.080,               
                    profile/opt_ms=0.035,                                       
                    profile/step_ms=253.277,                                    
                    profile/tokens_per_s=1.60e+04,                              
                    profile/fetch_frac=0.284, epoch=0,                          
                    lr/Muon=0.002, lr/AdamW=1.83e-04,                           
                    global_step=1180                                            
[10:01:44] INFO     DL_MAX_STEPS=1200 reached (local_step=1201);  trainer.py:484
                    stopping epoch early.                                       
Epoch 0  71% ━━━━━━━━━━━━━━━━        1,200/1,689  [ 0:15:48 < 0:06:25 , 1 it/s ]
           INFO     Training epoch 1/1 completed                  trainer.py:736
           INFO     DL_MAX_STEPS reached — exiting after this     trainer.py:739
                    epoch (skipping checkpoint/validation).                     
[10:01:46] INFO     Destroyed distributed process group       distributed.py:182
[10:01:46] INFO     Destroyed distributed process group       distributed.py:182
[10:01:46] INFO     Destroyed distributed process group       distributed.py:182
[10:01:47] INFO     Destroyed distributed process group       distributed.py:182
