/usr/local/python3.12.13/lib/python3.12/site-packages/transformers/loss/loss_for_object_detection.py:27: UserWarning: A NumPy version >=1.22.4 and <2.3.0 is required for this version of SciPy (detected version 2.4.6)
  from scipy.optimize import linear_sum_assignment
/usr/local/python3.12.13/lib/python3.12/site-packages/transformers/loss/loss_for_object_detection.py:27: UserWarning: A NumPy version >=1.22.4 and <2.3.0 is required for this version of SciPy (detected version 2.4.6)
  from scipy.optimize import linear_sum_assignment
/usr/local/python3.12.13/lib/python3.12/site-packages/transformers/loss/loss_for_object_detection.py:27: UserWarning: A NumPy version >=1.22.4 and <2.3.0 is required for this version of SciPy (detected version 2.4.6)
  from scipy.optimize import linear_sum_assignment
/usr/local/python3.12.13/lib/python3.12/site-packages/transformers/loss/loss_for_object_detection.py:27: UserWarning: A NumPy version >=1.22.4 and <2.3.0 is required for this version of SciPy (detected version 2.4.6)
  from scipy.optimize import linear_sum_assignment
[timeout] aclrtSetOpExecuteTimeOut(0) rc=0
[timeout] aclrtSetOpExecuteTimeOut(0) rc=0
[timeout] aclrtSetOpExecuteTimeOut(0) rc=0
[timeout] aclrtSetOpExecuteTimeOut(0) rc=0
           INFO     get env TERM = xterm                      patch_getenv.py:15
[09:30:43] INFO     get env LOCAL_RANK = 0                    patch_getenv.py:15
[09:30:43] INFO     Started distributed with local_rank=3,    distributed.py:165
                    dp_size=4, sp_size=1                                        
[09:30:44] INFO     Started distributed with local_rank=2,    distributed.py:165
                    dp_size=4, sp_size=1                                        
[09:30:44] INFO     Started distributed with local_rank=1,    distributed.py:165
                    dp_size=4, sp_size=1                                        
[09:30:44] INFO     get env WORLD_SIZE = 4                    patch_getenv.py:15
           INFO     get env MASTER_ADDR =                     patch_getenv.py:15
                    localhost.localdomain                                       
           INFO     get env MASTER_PORT = 46045               patch_getenv.py:15
           INFO     get env TORCHELASTIC_USE_AGENT_STORE =    patch_getenv.py:15
                    True                                                        
           INFO     Started distributed with local_rank=0,    distributed.py:165
                    dp_size=4, sp_size=1                                        
           INFO     get env PATH =                            patch_getenv.py:15
                    /usr/local/Ascend/nnal/atb/latest/atb/cxx                   
                    _abi_1/bin:/usr/local/Ascend/cann-9.0.0/t                   
                    ools/bishengir/bin:/usr/local/Ascend/cann                   
                    -9.0.0/bin:/usr/local/Ascend/cann-9.0.0/t                   
                    ools/ccec_compiler/bin:/usr/local/Ascend/                   
                    cann-9.0.0/tools/profiler/bin:/usr/local/                   
                    Ascend/cann-9.0.0/tools/ascend_system_adv                   
                    isor/asys:/usr/local/Ascend/cann-9.0.0/to                   
                    ols/show_kernel_debug_data:/usr/local/Asc                   
                    end/cann-9.0.0/tools/msobjdump:/home/y500                   
                    63564/node_modules/.bin:/usr/local/Ascend                   
                    /nnal/atb/latest/atb/cxx_abi_1/bin:/usr/l                   
                    ocal/Ascend/nnal/atb/latest/atb/cxx_abi_1                   
                    /bin:/usr/local/Ascend/ascend-toolkit/lat                   
                    est/bin:/usr/local/Ascend/ascend-toolkit/                   
                    latest/compiler/ccec_compiler/bin:/usr/lo                   
                    cal/Ascend/ascend-toolkit/latest/tools/cc                   
                    ec_compiler/bin:/usr/local/python3.12.13/                   
                    bin:/usr/local/sbin:/usr/local/bin:/usr/s                   
                    bin:/usr/bin:/sbin:/bin:/usr/local/go/bin                   
           INFO     Loading vocab mappings from                     train.py:236
                    '/home/y50063564/data/open_perfectblend_qwen3_4             
                    b_band600_800/d2t.npy' and                                  
                    '/home/y50063564/data/open_perfectblend_qwen3_4             
                    b_band600_800/t2d.npy'                                      
           INFO     All 5 draft layers using sliding window         train.py:396
                    attention (window=2048). To use full attention              
                    on specific layers, pass                                    
                    '--full-attention-indices <layer_ids>'.                     
[09:30:45] WARNING  Added <|MASK|> to tokenizer,                     utils.py:49
                    mask_token_id=151669 (tokenizer len=151670,                 
                    vocab_size=151936)                                          
2026-09-11 09:30:58.515 | INFO     | speculators.utils.loading:_resolve_file:136 - Loading from local directory: /home/y50063564/Qwen3-4B
2026-09-11 09:30:58.516 | WARNING  | speculators.utils.loading:load_model_layers:104 - Tensor 'lm_head.weight' not found in weight_map.
2026-09-11 09:30:58.516 | INFO     | speculators.utils.loading:_resolve_file:136 - Loading from local directory: /home/y50063564/Qwen3-4B
2026-09-11 09:30:58.518 | INFO     | speculators.utils.loading:_resolve_file:136 - Loading from local directory: /home/y50063564/Qwen3-4B
2026-09-11 09:30:58.850 | INFO     | speculators.utils.loading:_resolve_file:136 - Loading from local directory: /home/y50063564/Qwen3-4B
2026-09-11 09:30:58.851 | WARNING  | speculators.utils.loading:load_model_layers:104 - Tensor 'lm_head.weight' not found in weight_map.
2026-09-11 09:30:58.851 | INFO     | speculators.utils.loading:_resolve_file:136 - Loading from local directory: /home/y50063564/Qwen3-4B
2026-09-11 09:30:58.853 | INFO     | speculators.utils.loading:_resolve_file:136 - Loading from local directory: /home/y50063564/Qwen3-4B
2026-09-11 09:30:59.141 | INFO     | speculators.utils.loading:_resolve_file:136 - Loading from local directory: /home/y50063564/Qwen3-4B
2026-09-11 09:30:59.142 | WARNING  | speculators.utils.loading:load_model_layers:104 - Tensor 'lm_head.weight' not found in weight_map.
2026-09-11 09:30:59.142 | INFO     | speculators.utils.loading:_resolve_file:136 - Loading from local directory: /home/y50063564/Qwen3-4B
2026-09-11 09:30:59.144 | INFO     | speculators.utils.loading:_resolve_file:136 - Loading from local directory: /home/y50063564/Qwen3-4B
2026-09-11 09:31:00.985 | INFO     | speculators.utils.loading:_resolve_file:136 - Loading from local directory: /home/y50063564/Qwen3-4B
2026-09-11 09:31:00.986 | WARNING  | speculators.utils.loading:load_model_layers:104 - Tensor 'lm_head.weight' not found in weight_map.
2026-09-11 09:31:00.986 | INFO     | speculators.utils.loading:_resolve_file:136 - Loading from local directory: /home/y50063564/Qwen3-4B
2026-09-11 09:31:00.989 | INFO     | speculators.utils.loading:_resolve_file:136 - Loading from local directory: /home/y50063564/Qwen3-4B
[09:31:01] INFO     get env SAMP_SEED = 42                    patch_getenv.py:15
           INFO     get env DL_IN_ORDER = 1                   patch_getenv.py:15
           INFO     No previous training checkpoint found in      trainer.py:299
                    '/home/y50063564/dataloader_diag/exp/E7_band_               
                    w8/checkpoints'. Starting fresh training run.               
[09:31:07] INFO     Muon optimizer: 39 2D params via Muon, 23   optimizers.py:76
                    params via AdamW.                                           
           INFO     get env SAMP_BALANCE = off                patch_getenv.py:15
[timeout] aclrtSetOpExecuteTimeOut(0) rc=0
[timeout] aclrtSetOpExecuteTimeOut(0) rc=0
[timeout] aclrtSetOpExecuteTimeOut(0) rc=0
[09:31:08] INFO     Training epoch 1/1 started                    trainer.py:734
[timeout] aclrtSetOpExecuteTimeOut(0) rc=0
/usr/local/python3.12.13/lib/python3.12/site-packages/torch/_dynamo/_trace_wrapped_higher_order_op.py:147: UserWarning: Cannot create tensor with interal format while allow_internel_format=False, tensor will be created with base format. (Triggered internally at ../torch_npu/csrc/aten/common/TensorFactories.cpp:340.)
  return func(*args, **(kwargs or {}))
/usr/local/python3.12.13/lib/python3.12/site-packages/torch/_dynamo/_trace_wrapped_higher_order_op.py:147: UserWarning: Cannot create tensor with interal format while allow_internel_format=False, tensor will be created with base format. (Triggered internally at ../torch_npu/csrc/aten/common/TensorFactories.cpp:340.)
  return func(*args, **(kwargs or {}))
/usr/local/python3.12.13/lib/python3.12/site-packages/torch/_dynamo/_trace_wrapped_higher_order_op.py:147: UserWarning: Cannot create tensor with interal format while allow_internel_format=False, tensor will be created with base format. (Triggered internally at ../torch_npu/csrc/aten/common/TensorFactories.cpp:340.)
  return func(*args, **(kwargs or {}))
/usr/local/python3.12.13/lib/python3.12/site-packages/torch/_dynamo/_trace_wrapped_higher_order_op.py:147: UserWarning: Cannot create tensor with interal format while allow_internel_format=False, tensor will be created with base format. (Triggered internally at ../torch_npu/csrc/aten/common/TensorFactories.cpp:340.)
  return func(*args, **(kwargs or {}))
[09:31:16] INFO     train/confidence_loss=0.412,                  trainer.py:584
                    train/confidence_abs_error=0.302,                           
                    train/confidence_pred_mean=0.302,                           
                    train/confidence_cumprod_bias=0.165,                        
                    train/loss=0.597, train/ce_loss=2.375,                      
                    train/tv_loss=0.212,                                        
                    train/accept_rate=3.00e-04,                                 
                    train/accept_len=1.000,                                     
                    train/full_acc=0.00e+00,                                    
                    train/position_1_acc=0.00e+00,                              
                    train/position_2_acc=0.00e+00,                              
                    train/position_3_acc=0.00e+00,                              
                    train/position_4_acc=0.00e+00,                              
                    train/position_5_acc=0.00e+00,                              
                    train/position_6_acc=0.00e+00,                              
                    train/position_7_acc=0.00e+00,                              
                    profile/fetch_ms=6.59e+03,                                  
                    profile/fwd_ms=1.95e+03,                                    
                    profile/bwd_ms=317.347, profile/opt_ms=0.089,               
                    profile/step_ms=8.86e+03,                                   
                    profile/tokens_per_s=403.856,                               
                    profile/fetch_frac=0.744, epoch=0,                          
                    lr/Muon=0.00e+00, lr/AdamW=0.00e+00,                        
                    global_step=0                                               
[09:31:28] INFO     train/confidence_loss=0.212,                  trainer.py:584
                    train/confidence_abs_error=0.037,                           
                    train/confidence_pred_mean=0.004,                           
                    train/confidence_cumprod_bias=-0.009,                       
                    train/loss=0.441, train/ce_loss=1.750,                      
                    train/tv_loss=0.200, train/accept_rate=0.061,               
                    train/accept_len=1.072, train/full_acc=0.103,               
                    train/position_1_acc=0.102,                                 
                    train/position_2_acc=0.104,                                 
                    train/position_3_acc=0.103,                                 
                    train/position_4_acc=0.103,                                 
                    train/position_5_acc=0.107,                                 
                    train/position_6_acc=0.104,                                 
                    train/position_7_acc=0.098,                                 
                    profile/fetch_ms=328.117,                                   
                    profile/fwd_ms=1.03e+03,                                    
                    profile/bwd_ms=114.307,                                     
                    profile/opt_ms=232.770,                                     
                    profile/step_ms=1.70e+03,                                   
                    profile/tokens_per_s=2.39e+03,                              
                    profile/fetch_frac=0.193, epoch=0,                          
                    lr/Muon=0.006, lr/AdamW=5.98e-04,                           
                    global_step=20                                              
[09:31:41] INFO     train/confidence_loss=0.424,                  trainer.py:584
                    train/confidence_abs_error=0.254,                           
                    train/confidence_pred_mean=0.310,                           
                    train/confidence_cumprod_bias=0.184,                        
                    train/loss=0.459, train/ce_loss=1.288,                      
                    train/tv_loss=0.177, train/accept_rate=0.171,               
                    train/accept_len=1.250, train/full_acc=0.197,               
                    train/position_1_acc=0.194,                                 
                    train/position_2_acc=0.209,                                 
                    train/position_3_acc=0.195,                                 
                    train/position_4_acc=0.211,                                 
                    train/position_5_acc=0.207,                                 
                    train/position_6_acc=0.183,                                 
                    train/position_7_acc=0.177,                                 
                    profile/fetch_ms=1.27e+03,                                  
                    profile/fwd_ms=92.582, profile/bwd_ms=92.649,               
                    profile/opt_ms=0.049,                                       
                    profile/step_ms=1.46e+03,                                   
                    profile/tokens_per_s=2.38e+03,                              
                    profile/fetch_frac=0.873, epoch=0,                          
                    lr/Muon=0.006, lr/AdamW=5.91e-04,                           
                    global_step=40                                              
[09:31:57] INFO     train/confidence_loss=0.243,                  trainer.py:584
                    train/confidence_abs_error=0.110,                           
                    train/confidence_pred_mean=0.063,                           
                    train/confidence_cumprod_bias=-0.022,                       
                    train/loss=0.384, train/ce_loss=1.294,                      
                    train/tv_loss=0.174, train/accept_rate=0.179,               
                    train/accept_len=1.283, train/full_acc=0.203,               
                    train/position_1_acc=0.209,                                 
                    train/position_2_acc=0.211,                                 
                    train/position_3_acc=0.214,                                 
                    train/position_4_acc=0.212,                                 
                    train/position_5_acc=0.193,                                 
                    train/position_6_acc=0.182,                                 
                    train/position_7_acc=0.202,                                 
                    profile/fetch_ms=3.148,                                     
                    profile/fwd_ms=89.943, profile/bwd_ms=90.725,               
                    profile/opt_ms=0.035,                                       
                    profile/step_ms=183.851,                                    
                    profile/tokens_per_s=1.92e+04,                              
                    profile/fetch_frac=0.017, epoch=0,                          
                    lr/Muon=0.006, lr/AdamW=5.84e-04,                           
                    global_step=60                                              
[09:32:10] INFO     train/confidence_loss=0.219,                  trainer.py:584
                    train/confidence_abs_error=0.097,                           
                    train/confidence_pred_mean=0.056,                           
                    train/confidence_cumprod_bias=-0.017,                       
                    train/loss=0.381, train/ce_loss=1.319,                      
                    train/tv_loss=0.180, train/accept_rate=0.160,               
                    train/accept_len=1.231, train/full_acc=0.190,               
                    train/position_1_acc=0.188,                                 
                    train/position_2_acc=0.192,                                 
                    train/position_3_acc=0.180,                                 
                    train/position_4_acc=0.170,                                 
                    train/position_5_acc=0.195,                                 
                    train/position_6_acc=0.208,                                 
                    train/position_7_acc=0.196,                                 
                    profile/fetch_ms=73.292,                                    
                    profile/fwd_ms=90.994, profile/bwd_ms=90.916,               
                    profile/opt_ms=235.580,                                     
                    profile/step_ms=490.783,                                    
                    profile/tokens_per_s=7.13e+03,                              
                    profile/fetch_frac=0.149, epoch=0,                          
                    lr/Muon=0.006, lr/AdamW=5.76e-04,                           
                    global_step=80                                              
[09:32:25] INFO     train/confidence_loss=0.237,                  trainer.py:584
                    train/confidence_abs_error=0.133,                           
                    train/confidence_pred_mean=0.145,                           
                    train/confidence_cumprod_bias=0.013,                        
                    train/loss=0.369, train/ce_loss=1.169,                      
                    train/tv_loss=0.174, train/accept_rate=0.180,               
                    train/accept_len=1.295, train/full_acc=0.219,               
                    train/position_1_acc=0.245,                                 
                    train/position_2_acc=0.223,                                 
                    train/position_3_acc=0.237,                                 
                    train/position_4_acc=0.212,                                 
                    train/position_5_acc=0.209,                                 
                    train/position_6_acc=0.193,                                 
                    train/position_7_acc=0.212,                                 
                    profile/fetch_ms=75.378,                                    
                    profile/fwd_ms=91.923,                                      
                    profile/bwd_ms=106.552, profile/opt_ms=5.497,               
                    profile/step_ms=279.351,                                    
                    profile/tokens_per_s=1.26e+04,                              
                    profile/fetch_frac=0.270, epoch=0,                          
                    lr/Muon=0.006, lr/AdamW=5.70e-04,                           
                    global_step=100                                             
[09:32:37] INFO     train/confidence_loss=0.243,                  trainer.py:584
                    train/confidence_abs_error=0.099,                           
                    train/confidence_pred_mean=0.076,                           
                    train/confidence_cumprod_bias=-0.030,                       
                    train/loss=0.362, train/ce_loss=1.125,                      
                    train/tv_loss=0.167, train/accept_rate=0.202,               
                    train/accept_len=1.407, train/full_acc=0.238,               
                    train/position_1_acc=0.272,                                 
                    train/position_2_acc=0.247,                                 
                    train/position_3_acc=0.244,                                 
                    train/position_4_acc=0.242,                                 
                    train/position_5_acc=0.241,                                 
                    train/position_6_acc=0.221,                                 
                    train/position_7_acc=0.196,                                 
                    profile/fetch_ms=68.426,                                    
                    profile/fwd_ms=93.682, profile/bwd_ms=94.103,               
                    profile/opt_ms=0.068,                                       
                    profile/step_ms=256.279,                                    
                    profile/tokens_per_s=1.58e+04,                              
                    profile/fetch_frac=0.267, epoch=0,                          
                    lr/Muon=0.006, lr/AdamW=5.62e-04,                           
                    global_step=120                                             
[09:32:53] INFO     train/confidence_loss=0.279,                  trainer.py:584
                    train/confidence_abs_error=0.122,                           
                    train/confidence_pred_mean=0.114,                           
                    train/confidence_cumprod_bias=-0.048,                       
                    train/loss=0.341, train/ce_loss=0.919,                      
                    train/tv_loss=0.151, train/accept_rate=0.271,               
                    train/accept_len=1.667, train/full_acc=0.310,               
                    train/position_1_acc=0.416,                                 
                    train/position_2_acc=0.354,                                 
                    train/position_3_acc=0.301,                                 
                    train/position_4_acc=0.270,                                 
                    train/position_5_acc=0.274,                                 
                    train/position_6_acc=0.289,                                 
                    train/position_7_acc=0.264,                                 
                    profile/fetch_ms=75.235,                                    
                    profile/fwd_ms=89.723, profile/bwd_ms=94.172,               
                    profile/opt_ms=248.115,                                     
                    profile/step_ms=507.245,                                    
                    profile/tokens_per_s=6.95e+03,                              
                    profile/fetch_frac=0.148, epoch=0,                          
                    lr/Muon=0.006, lr/AdamW=5.55e-04,                           
                    global_step=140                                             
[09:33:05] INFO     train/confidence_loss=0.242,                  trainer.py:584
                    train/confidence_abs_error=0.104,                           
                    train/confidence_pred_mean=0.096,                           
                    train/confidence_cumprod_bias=-0.022,                       
                    train/loss=0.356, train/ce_loss=1.094,                      
                    train/tv_loss=0.166, train/accept_rate=0.202,               
                    train/accept_len=1.530, train/full_acc=0.244,               
                    train/position_1_acc=0.350,                                 
                    train/position_2_acc=0.283,                                 
                    train/position_3_acc=0.228,                                 
                    train/position_4_acc=0.216,                                 
                    train/position_5_acc=0.199,                                 
                    train/position_6_acc=0.214,                                 
                    train/position_7_acc=0.216,                                 
                    profile/fetch_ms=79.325,                                    
                    profile/fwd_ms=87.430, profile/bwd_ms=94.359,               
                    profile/opt_ms=0.040,                                       
                    profile/step_ms=261.154,                                    
                    profile/tokens_per_s=1.34e+04,                              
                    profile/fetch_frac=0.304, epoch=0,                          
                    lr/Muon=0.005, lr/AdamW=5.48e-04,                           
                    global_step=160                                             
[09:33:21] INFO     train/confidence_loss=0.271,                  trainer.py:584
                    train/confidence_abs_error=0.148,                           
                    train/confidence_pred_mean=0.217,                           
                    train/confidence_cumprod_bias=0.013,                        
                    train/loss=0.323, train/ce_loss=0.863,                      
                    train/tv_loss=0.143, train/accept_rate=0.286,               
                    train/accept_len=1.931, train/full_acc=0.330,               
                    train/position_1_acc=0.554,                                 
                    train/position_2_acc=0.393,                                 
                    train/position_3_acc=0.301,                                 
                    train/position_4_acc=0.276,                                 
                    train/position_5_acc=0.262,                                 
                    train/position_6_acc=0.276,                                 
                    train/position_7_acc=0.246,                                 
                    profile/fetch_ms=3.358,                                     
                    profile/fwd_ms=91.087,                                      
                    profile/bwd_ms=109.984, profile/opt_ms=0.064,               
                    profile/step_ms=204.492,                                    
                    profile/tokens_per_s=1.99e+04,                              
                    profile/fetch_frac=0.016, epoch=0,                          
                    lr/Muon=0.005, lr/AdamW=5.41e-04,                           
                    global_step=180                                             
[09:33:33] INFO     train/confidence_loss=0.254,                  trainer.py:584
                    train/confidence_abs_error=0.132,                           
                    train/confidence_pred_mean=0.199,                           
                    train/confidence_cumprod_bias=0.023,                        
                    train/loss=0.316, train/ce_loss=0.869,                      
                    train/tv_loss=0.140, train/accept_rate=0.295,               
                    train/accept_len=1.989, train/full_acc=0.333,               
                    train/position_1_acc=0.555,                                 
                    train/position_2_acc=0.384,                                 
                    train/position_3_acc=0.313,                                 
                    train/position_4_acc=0.310,                                 
                    train/position_5_acc=0.281,                                 
                    train/position_6_acc=0.243,                                 
                    train/position_7_acc=0.243,                                 
                    profile/fetch_ms=75.890,                                    
                    profile/fwd_ms=108.905,                                     
                    profile/bwd_ms=93.588,                                      
                    profile/opt_ms=274.767,                                     
                    profile/step_ms=553.151,                                    
                    profile/tokens_per_s=7.26e+03,                              
                    profile/fetch_frac=0.137, epoch=0,                          
                    lr/Muon=0.005, lr/AdamW=5.33e-04,                           
                    global_step=200                                             
[09:33:48] INFO     train/confidence_loss=0.248,                  trainer.py:584
                    train/confidence_abs_error=0.119,                           
                    train/confidence_pred_mean=0.154,                           
                    train/confidence_cumprod_bias=-0.029,                       
                    train/loss=0.305, train/ce_loss=0.838,                      
                    train/tv_loss=0.135, train/accept_rate=0.315,               
                    train/accept_len=2.118, train/full_acc=0.354,               
                    train/position_1_acc=0.618,                                 
                    train/position_2_acc=0.388,                                 
                    train/position_3_acc=0.341,                                 
                    train/position_4_acc=0.304,                                 
                    train/position_5_acc=0.282,                                 
                    train/position_6_acc=0.276,                                 
                    train/position_7_acc=0.264,                                 
                    profile/fetch_ms=73.815,                                    
                    profile/fwd_ms=90.440, profile/bwd_ms=93.625,               
                    profile/opt_ms=0.080,                                       
                    profile/step_ms=257.960,                                    
                    profile/tokens_per_s=1.35e+04,                              
                    profile/fetch_frac=0.286, epoch=0,                          
                    lr/Muon=0.005, lr/AdamW=5.27e-04,                           
                    global_step=220                                             
[09:34:02] INFO     train/confidence_loss=0.252,                  trainer.py:584
                    train/confidence_abs_error=0.138,                           
                    train/confidence_pred_mean=0.213,                           
                    train/confidence_cumprod_bias=0.023,                        
                    train/loss=0.312, train/ce_loss=0.881,                      
                    train/tv_loss=0.138, train/accept_rate=0.301,               
                    train/accept_len=2.039, train/full_acc=0.332,               
                    train/position_1_acc=0.580,                                 
                    train/position_2_acc=0.385,                                 
                    train/position_3_acc=0.306,                                 
                    train/position_4_acc=0.280,                                 
                    train/position_5_acc=0.262,                                 
                    train/position_6_acc=0.262,                                 
                    train/position_7_acc=0.246,                                 
                    profile/fetch_ms=3.369,                                     
                    profile/fwd_ms=88.949,                                      
                    profile/bwd_ms=109.012, profile/opt_ms=0.039,               
                    profile/step_ms=201.369,                                    
                    profile/tokens_per_s=1.76e+04,                              
                    profile/fetch_frac=0.017, epoch=0,                          
                    lr/Muon=0.005, lr/AdamW=5.19e-04,                           
                    global_step=240                                             
[09:34:16] INFO     train/confidence_loss=0.248,                  trainer.py:584
                    train/confidence_abs_error=0.139,                           
                    train/confidence_pred_mean=0.231,                           
                    train/confidence_cumprod_bias=0.045,                        
                    train/loss=0.306, train/ce_loss=0.850,                      
                    train/tv_loss=0.135, train/accept_rate=0.310,               
                    train/accept_len=2.109, train/full_acc=0.343,               
                    train/position_1_acc=0.605,                                 
                    train/position_2_acc=0.399,                                 
                    train/position_3_acc=0.316,                                 
                    train/position_4_acc=0.270,                                 
                    train/position_5_acc=0.278,                                 
                    train/position_6_acc=0.276,                                 
                    train/position_7_acc=0.251,                                 
                    profile/fetch_ms=71.748,                                    
                    profile/fwd_ms=89.067,                                      
                    profile/bwd_ms=119.095,                                     
                    profile/opt_ms=289.300,                                     
                    profile/step_ms=569.211,                                    
                    profile/tokens_per_s=6.19e+03,                              
                    profile/fetch_frac=0.126, epoch=0,                          
                    lr/Muon=0.005, lr/AdamW=5.12e-04,                           
                    global_step=260                                             
[09:34:27] INFO     train/confidence_loss=0.240,                  trainer.py:584
                    train/confidence_abs_error=0.115,                           
                    train/confidence_pred_mean=0.162,                           
                    train/confidence_cumprod_bias=-0.035,                       
                    train/loss=0.289, train/ce_loss=0.787,                      
                    train/tv_loss=0.127, train/accept_rate=0.347,               
                    train/accept_len=2.302, train/full_acc=0.384,               
                    train/position_1_acc=0.651,                                 
                    train/position_2_acc=0.453,                                 
                    train/position_3_acc=0.376,                                 
                    train/position_4_acc=0.337,                                 
                    train/position_5_acc=0.308,                                 
                    train/position_6_acc=0.273,                                 
                    train/position_7_acc=0.285,                                 
                    profile/fetch_ms=72.349,                                    
                    profile/fwd_ms=108.208,                                     
                    profile/bwd_ms=92.147, profile/opt_ms=0.029,                
                    profile/step_ms=272.733,                                    
                    profile/tokens_per_s=1.30e+04,                              
                    profile/fetch_frac=0.265, epoch=0,                          
                    lr/Muon=0.005, lr/AdamW=5.05e-04,                           
                    global_step=280                                             
[09:34:43] INFO     train/confidence_loss=0.243,                  trainer.py:584
                    train/confidence_abs_error=0.131,                           
                    train/confidence_pred_mean=0.217,                           
                    train/confidence_cumprod_bias=0.020,                        
                    train/loss=0.298, train/ce_loss=0.812,                      
                    train/tv_loss=0.131, train/accept_rate=0.322,               
                    train/accept_len=2.197, train/full_acc=0.359,               
                    train/position_1_acc=0.661,                                 
                    train/position_2_acc=0.425,                                 
                    train/position_3_acc=0.361,                                 
                    train/position_4_acc=0.282,                                 
                    train/position_5_acc=0.289,                                 
                    train/position_6_acc=0.242,                                 
                    train/position_7_acc=0.252,                                 
                    profile/fetch_ms=10.430,                                    
                    profile/fwd_ms=93.271, profile/bwd_ms=91.532,               
                    profile/opt_ms=0.035,                                       
                    profile/step_ms=195.268,                                    
                    profile/tokens_per_s=1.81e+04,                              
                    profile/fetch_frac=0.053, epoch=0,                          
                    lr/Muon=0.005, lr/AdamW=4.98e-04,                           
                    global_step=300                                             
[09:34:55] INFO     train/confidence_loss=0.242,                  trainer.py:584
                    train/confidence_abs_error=0.129,                           
                    train/confidence_pred_mean=0.237,                           
                    train/confidence_cumprod_bias=0.027,                        
                    train/loss=0.287, train/ce_loss=0.769,                      
                    train/tv_loss=0.126, train/accept_rate=0.352,               
                    train/accept_len=2.347, train/full_acc=0.386,               
                    train/position_1_acc=0.684,                                 
                    train/position_2_acc=0.439,                                 
                    train/position_3_acc=0.386,                                 
                    train/position_4_acc=0.316,                                 
                    train/position_5_acc=0.306,                                 
                    train/position_6_acc=0.292,                                 
                    train/position_7_acc=0.276,                                 
                    profile/fetch_ms=71.712,                                    
                    profile/fwd_ms=107.910,                                     
                    profile/bwd_ms=98.401,                                      
                    profile/opt_ms=287.048,                                     
                    profile/step_ms=565.071,                                    
                    profile/tokens_per_s=7.18e+03,                              
                    profile/fetch_frac=0.127, epoch=0,                          
                    lr/Muon=0.005, lr/AdamW=4.90e-04,                           
                    global_step=320                                             
[09:35:11] INFO     train/confidence_loss=0.240,                  trainer.py:584
                    train/confidence_abs_error=0.122,                           
                    train/confidence_pred_mean=0.184,                           
                    train/confidence_cumprod_bias=-0.039,                       
                    train/loss=0.275, train/ce_loss=0.719,                      
                    train/tv_loss=0.119, train/accept_rate=0.378,               
                    train/accept_len=2.500, train/full_acc=0.414,               
                    train/position_1_acc=0.699,                                 
                    train/position_2_acc=0.514,                                 
                    train/position_3_acc=0.397,                                 
                    train/position_4_acc=0.338,                                 
                    train/position_5_acc=0.332,                                 
                    train/position_6_acc=0.293,                                 
                    train/position_7_acc=0.320,                                 
                    profile/fetch_ms=67.729,                                    
                    profile/fwd_ms=87.733, profile/bwd_ms=92.955,               
                    profile/opt_ms=0.031,                                       
                    profile/step_ms=248.448,                                    
                    profile/tokens_per_s=1.41e+04,                              
                    profile/fetch_frac=0.273, epoch=0,                          
                    lr/Muon=0.005, lr/AdamW=4.84e-04,                           
                    global_step=340                                             
[09:35:22] INFO     train/confidence_loss=0.242,                  trainer.py:584
                    train/confidence_abs_error=0.107,                           
                    train/confidence_pred_mean=0.132,                           
                    train/confidence_cumprod_bias=-0.022,                       
                    train/loss=0.309, train/ce_loss=0.856,                      
                    train/tv_loss=0.140, train/accept_rate=0.288,               
                    train/accept_len=2.058, train/full_acc=0.328,               
                    train/position_1_acc=0.619,                                 
                    train/position_2_acc=0.382,                                 
                    train/position_3_acc=0.302,                                 
                    train/position_4_acc=0.284,                                 
                    train/position_5_acc=0.254,                                 
                    train/position_6_acc=0.230,                                 
                    train/position_7_acc=0.225,                                 
                    profile/fetch_ms=48.884,                                    
                    profile/fwd_ms=424.548,                                     
                    profile/bwd_ms=86.437, profile/opt_ms=0.033,                
                    profile/step_ms=559.903,                                    
                    profile/tokens_per_s=6.21e+03,                              
                    profile/fetch_frac=0.087, epoch=0,                          
                    lr/Muon=0.005, lr/AdamW=4.76e-04,                           
                    global_step=360                                             
[09:35:37] INFO     train/confidence_loss=0.248,                  trainer.py:584
                    train/confidence_abs_error=0.122,                           
                    train/confidence_pred_mean=0.193,                           
                    train/confidence_cumprod_bias=-0.021,                       
                    train/loss=0.273, train/ce_loss=0.669,                      
                    train/tv_loss=0.118, train/accept_rate=0.382,               
                    train/accept_len=2.489, train/full_acc=0.414,               
                    train/position_1_acc=0.722,                                 
                    train/position_2_acc=0.510,                                 
                    train/position_3_acc=0.389,                                 
                    train/position_4_acc=0.349,                                 
                    train/position_5_acc=0.346,                                 
                    train/position_6_acc=0.291,                                 
                    train/position_7_acc=0.291,                                 
                    profile/fetch_ms=72.706,                                    
                    profile/fwd_ms=91.564, profile/bwd_ms=91.341,               
                    profile/opt_ms=376.949,                                     
                    profile/step_ms=632.560,                                    
                    profile/tokens_per_s=6.41e+03,                              
                    profile/fetch_frac=0.115, epoch=0,                          
                    lr/Muon=0.005, lr/AdamW=4.69e-04,                           
                    global_step=380                                             
[09:35:49] INFO     train/confidence_loss=0.238,                  trainer.py:584
                    train/confidence_abs_error=0.129,                           
                    train/confidence_pred_mean=0.242,                           
                    train/confidence_cumprod_bias=0.020,                        
                    train/loss=0.275, train/ce_loss=0.725,                      
                    train/tv_loss=0.119, train/accept_rate=0.376,               
                    train/accept_len=2.486, train/full_acc=0.411,               
                    train/position_1_acc=0.687,                                 
                    train/position_2_acc=0.509,                                 
                    train/position_3_acc=0.400,                                 
                    train/position_4_acc=0.351,                                 
                    train/position_5_acc=0.318,                                 
                    train/position_6_acc=0.330,                                 
                    train/position_7_acc=0.277,                                 
                    profile/fetch_ms=1.26e+03,                                  
                    profile/fwd_ms=91.456, profile/bwd_ms=92.633,               
                    profile/opt_ms=0.033,                                       
                    profile/step_ms=1.44e+03,                                   
                    profile/tokens_per_s=2.84e+03,                              
                    profile/fetch_frac=0.872, epoch=0,                          
                    lr/Muon=0.005, lr/AdamW=4.62e-04,                           
                    global_step=400                                             
[09:36:03] INFO     train/confidence_loss=0.232,                  trainer.py:584
                    train/confidence_abs_error=0.122,                           
                    train/confidence_pred_mean=0.205,                           
                    train/confidence_cumprod_bias=-0.029,                       
                    train/loss=0.263, train/ce_loss=0.672,                      
                    train/tv_loss=0.113, train/accept_rate=0.402,               
                    train/accept_len=2.637, train/full_acc=0.439,               
                    train/position_1_acc=0.714,                                 
                    train/position_2_acc=0.529,                                 
                    train/position_3_acc=0.439,                                 
                    train/position_4_acc=0.396,                                 
                    train/position_5_acc=0.342,                                 
                    train/position_6_acc=0.337,                                 
                    train/position_7_acc=0.311,                                 
                    profile/fetch_ms=65.954,                                    
                    profile/fwd_ms=93.110, profile/bwd_ms=95.749,               
                    profile/opt_ms=0.036,                                       
                    profile/step_ms=254.849,                                    
                    profile/tokens_per_s=1.39e+04,                              
                    profile/fetch_frac=0.259, epoch=0,                          
                    lr/Muon=0.005, lr/AdamW=4.55e-04,                           
                    global_step=420                                             
[09:36:16] INFO     train/confidence_loss=0.240,                  trainer.py:584
                    train/confidence_abs_error=0.119,                           
                    train/confidence_pred_mean=0.197,                           
                    train/confidence_cumprod_bias=-0.015,                       
                    train/loss=0.272, train/ce_loss=0.700,                      
                    train/tv_loss=0.120, train/accept_rate=0.373,               
                    train/accept_len=2.480, train/full_acc=0.401,               
                    train/position_1_acc=0.697,                                 
                    train/position_2_acc=0.487,                                 
                    train/position_3_acc=0.394,                                 
                    train/position_4_acc=0.339,                                 
                    train/position_5_acc=0.315,                                 
                    train/position_6_acc=0.292,                                 
                    train/position_7_acc=0.278,                                 
                    profile/fetch_ms=458.033,                                   
                    profile/fwd_ms=90.185, profile/bwd_ms=96.095,               
                    profile/opt_ms=225.653,                                     
                    profile/step_ms=869.966,                                    
                    profile/tokens_per_s=3.97e+03,                              
                    profile/fetch_frac=0.526, epoch=0,                          
                    lr/Muon=0.004, lr/AdamW=4.47e-04,                           
                    global_step=440                                             
[09:36:31] INFO     train/confidence_loss=0.244,                  trainer.py:584
                    train/confidence_abs_error=0.136,                           
                    train/confidence_pred_mean=0.257,                           
                    train/confidence_cumprod_bias=0.023,                        
                    train/loss=0.269, train/ce_loss=0.678,                      
                    train/tv_loss=0.116, train/accept_rate=0.391,               
                    train/accept_len=2.568, train/full_acc=0.423,               
                    train/position_1_acc=0.730,                                 
                    train/position_2_acc=0.493,                                 
                    train/position_3_acc=0.410,                                 
                    train/position_4_acc=0.370,                                 
                    train/position_5_acc=0.347,                                 
                    train/position_6_acc=0.340,                                 
                    train/position_7_acc=0.271,                                 
                    profile/fetch_ms=74.310,                                    
                    profile/fwd_ms=132.646,                                     
                    profile/bwd_ms=92.381, profile/opt_ms=0.075,                
                    profile/step_ms=299.413,                                    
                    profile/tokens_per_s=1.37e+04,                              
                    profile/fetch_frac=0.248, epoch=0,                          
                    lr/Muon=0.004, lr/AdamW=4.41e-04,                           
                    global_step=460                                             
[09:36:45] INFO     train/confidence_loss=0.244,                  trainer.py:584
                    train/confidence_abs_error=0.120,                           
                    train/confidence_pred_mean=0.204,                           
                    train/confidence_cumprod_bias=0.008,                        
                    train/loss=0.281, train/ce_loss=0.725,                      
                    train/tv_loss=0.123, train/accept_rate=0.358,               
                    train/accept_len=2.383, train/full_acc=0.390,               
                    train/position_1_acc=0.709,                                 
                    train/position_2_acc=0.460,                                 
                    train/position_3_acc=0.361,                                 
                    train/position_4_acc=0.338,                                 
                    train/position_5_acc=0.304,                                 
                    train/position_6_acc=0.277,                                 
                    train/position_7_acc=0.279,                                 
                    profile/fetch_ms=2.60e+03,                                  
                    profile/fwd_ms=88.533, profile/bwd_ms=93.398,               
                    profile/opt_ms=0.025,                                       
                    profile/step_ms=2.78e+03,                                   
                    profile/tokens_per_s=1.46e+03,                              
                    profile/fetch_frac=0.935, epoch=0,                          
                    lr/Muon=0.004, lr/AdamW=4.33e-04,                           
                    global_step=480                                             
[09:36:59] INFO     train/confidence_loss=0.234,                  trainer.py:584
                    train/confidence_abs_error=0.113,                           
                    train/confidence_pred_mean=0.186,                           
                    train/confidence_cumprod_bias=-0.010,                       
                    train/loss=0.280, train/ce_loss=0.738,                      
                    train/tv_loss=0.124, train/accept_rate=0.356,               
                    train/accept_len=2.368, train/full_acc=0.391,               
                    train/position_1_acc=0.698,                                 
                    train/position_2_acc=0.456,                                 
                    train/position_3_acc=0.374,                                 
                    train/position_4_acc=0.341,                                 
                    train/position_5_acc=0.306,                                 
                    train/position_6_acc=0.279,                                 
                    train/position_7_acc=0.281,                                 
                    profile/fetch_ms=81.710,                                    
                    profile/fwd_ms=116.886,                                     
                    profile/bwd_ms=88.580,                                      
                    profile/opt_ms=248.266,                                     
                    profile/step_ms=535.443,                                    
                    profile/tokens_per_s=6.63e+03,                              
                    profile/fetch_frac=0.153, epoch=0,                          
                    lr/Muon=0.004, lr/AdamW=4.26e-04,                           
                    global_step=500                                             
[09:37:11] INFO     train/confidence_loss=0.244,                  trainer.py:584
                    train/confidence_abs_error=0.132,                           
                    train/confidence_pred_mean=0.267,                           
                    train/confidence_cumprod_bias=0.017,                        
                    train/loss=0.253, train/ce_loss=0.584,                      
                    train/tv_loss=0.106, train/accept_rate=0.425,               
                    train/accept_len=2.759, train/full_acc=0.464,               
                    train/position_1_acc=0.796,                                 
                    train/position_2_acc=0.564,                                 
                    train/position_3_acc=0.483,                                 
                    train/position_4_acc=0.392,                                 
                    train/position_5_acc=0.344,                                 
                    train/position_6_acc=0.350,                                 
                    train/position_7_acc=0.312,                                 
                    profile/fetch_ms=862.177,                                   
                    profile/fwd_ms=89.787, profile/bwd_ms=94.297,               
                    profile/opt_ms=0.041,                                       
                    profile/step_ms=1.05e+03,                                   
                    profile/tokens_per_s=3.39e+03,                              
                    profile/fetch_frac=0.824, epoch=0,                          
                    lr/Muon=0.004, lr/AdamW=4.19e-04,                           
                    global_step=520                                             
[09:37:26] INFO     train/confidence_loss=0.236,                  trainer.py:584
                    train/confidence_abs_error=0.122,                           
                    train/confidence_pred_mean=0.235,                           
                    train/confidence_cumprod_bias=-0.025,                       
                    train/loss=0.237, train/ce_loss=0.544,                      
                    train/tv_loss=0.100, train/accept_rate=0.454,               
                    train/accept_len=2.924, train/full_acc=0.485,               
                    train/position_1_acc=0.789,                                 
                    train/position_2_acc=0.628,                                 
                    train/position_3_acc=0.483,                                 
                    train/position_4_acc=0.423,                                 
                    train/position_5_acc=0.406,                                 
                    train/position_6_acc=0.341,                                 
                    train/position_7_acc=0.322,                                 
                    profile/fetch_ms=3.057,                                     
                    profile/fwd_ms=88.030,                                      
                    profile/bwd_ms=114.584, profile/opt_ms=0.032,               
                    profile/step_ms=205.703,                                    
                    profile/tokens_per_s=1.69e+04,                              
                    profile/fetch_frac=0.015, epoch=0,                          
                    lr/Muon=0.004, lr/AdamW=4.12e-04,                           
                    global_step=540                                             
[09:37:37] INFO     train/confidence_loss=0.245,                  trainer.py:584
                    train/confidence_abs_error=0.127,                           
                    train/confidence_pred_mean=0.233,                           
                    train/confidence_cumprod_bias=-0.030,                       
                    train/loss=0.245, train/ce_loss=0.562,                      
                    train/tv_loss=0.102, train/accept_rate=0.452,               
                    train/accept_len=2.898, train/full_acc=0.490,               
                    train/position_1_acc=0.786,                                 
                    train/position_2_acc=0.593,                                 
                    train/position_3_acc=0.475,                                 
                    train/position_4_acc=0.420,                                 
                    train/position_5_acc=0.388,                                 
                    train/position_6_acc=0.398,                                 
                    train/position_7_acc=0.365,                                 
                    profile/fetch_ms=67.528,                                    
                    profile/fwd_ms=90.083, profile/bwd_ms=93.635,               
                    profile/opt_ms=276.533,                                     
                    profile/step_ms=527.779,                                    
                    profile/tokens_per_s=6.76e+03,                              
                    profile/fetch_frac=0.128, epoch=0,                          
                    lr/Muon=0.004, lr/AdamW=4.04e-04,                           
                    global_step=560                                             
[09:37:51] INFO     train/confidence_loss=0.246,                  trainer.py:584
                    train/confidence_abs_error=0.134,                           
                    train/confidence_pred_mean=0.240,                           
                    train/confidence_cumprod_bias=0.026,                        
                    train/loss=0.284, train/ce_loss=0.766,                      
                    train/tv_loss=0.123, train/accept_rate=0.359,               
                    train/accept_len=2.405, train/full_acc=0.392,               
                    train/position_1_acc=0.686,                                 
                    train/position_2_acc=0.481,                                 
                    train/position_3_acc=0.391,                                 
                    train/position_4_acc=0.323,                                 
                    train/position_5_acc=0.296,                                 
                    train/position_6_acc=0.292,                                 
                    train/position_7_acc=0.271,                                 
                    profile/fetch_ms=73.381,                                    
                    profile/fwd_ms=107.266,                                     
                    profile/bwd_ms=91.682, profile/opt_ms=0.080,                
                    profile/step_ms=272.409,                                    
                    profile/tokens_per_s=1.50e+04,                              
                    profile/fetch_frac=0.269, epoch=0,                          
                    lr/Muon=0.004, lr/AdamW=3.98e-04,                           
                    global_step=580                                             
[09:38:05] INFO     train/confidence_loss=0.230,                  trainer.py:584
                    train/confidence_abs_error=0.112,                           
                    train/confidence_pred_mean=0.209,                           
                    train/confidence_cumprod_bias=-0.010,                       
                    train/loss=0.263, train/ce_loss=0.675,                      
                    train/tv_loss=0.114, train/accept_rate=0.394,               
                    train/accept_len=2.636, train/full_acc=0.427,               
                    train/position_1_acc=0.728,                                 
                    train/position_2_acc=0.525,                                 
                    train/position_3_acc=0.408,                                 
                    train/position_4_acc=0.371,                                 
                    train/position_5_acc=0.339,                                 
                    train/position_6_acc=0.321,                                 
                    train/position_7_acc=0.295,                                 
                    profile/fetch_ms=264.722,                                   
                    profile/fwd_ms=89.102, profile/bwd_ms=93.184,               
                    profile/opt_ms=0.041,                                       
                    profile/step_ms=447.049,                                    
                    profile/tokens_per_s=9.05e+03,                              
                    profile/fetch_frac=0.592, epoch=0,                          
                    lr/Muon=0.004, lr/AdamW=3.90e-04,                           
                    global_step=600                                             
[09:38:20] INFO     train/confidence_loss=0.229,                  trainer.py:584
                    train/confidence_abs_error=0.120,                           
                    train/confidence_pred_mean=0.254,                           
                    train/confidence_cumprod_bias=-0.007,                       
                    train/loss=0.237, train/ce_loss=0.562,                      
                    train/tv_loss=0.100, train/accept_rate=0.461,               
                    train/accept_len=2.940, train/full_acc=0.498,               
                    train/position_1_acc=0.786,                                 
                    train/position_2_acc=0.591,                                 
                    train/position_3_acc=0.511,                                 
                    train/position_4_acc=0.442,                                 
                    train/position_5_acc=0.428,                                 
                    train/position_6_acc=0.366,                                 
                    train/position_7_acc=0.360,                                 
                    profile/fetch_ms=71.322,                                    
                    profile/fwd_ms=105.462,                                     
                    profile/bwd_ms=87.508,                                      
                    profile/opt_ms=280.582,                                     
                    profile/step_ms=544.874,                                    
                    profile/tokens_per_s=6.54e+03,                              
                    profile/fetch_frac=0.131, epoch=0,                          
                    lr/Muon=0.004, lr/AdamW=3.83e-04,                           
                    global_step=620                                             
[09:38:31] INFO     train/confidence_loss=0.230,                  trainer.py:584
                    train/confidence_abs_error=0.125,                           
                    train/confidence_pred_mean=0.267,                           
                    train/confidence_cumprod_bias=0.018,                        
                    train/loss=0.250, train/ce_loss=0.609,                      
                    train/tv_loss=0.108, train/accept_rate=0.425,               
                    train/accept_len=2.764, train/full_acc=0.455,               
                    train/position_1_acc=0.769,                                 
                    train/position_2_acc=0.531,                                 
                    train/position_3_acc=0.464,                                 
                    train/position_4_acc=0.405,                                 
                    train/position_5_acc=0.366,                                 
                    train/position_6_acc=0.333,                                 
                    train/position_7_acc=0.318,                                 
                    profile/fetch_ms=421.145,                                   
                    profile/fwd_ms=89.396, profile/bwd_ms=91.847,               
                    profile/opt_ms=0.049,                                       
                    profile/step_ms=602.438,                                    
                    profile/tokens_per_s=6.03e+03,                              
                    profile/fetch_frac=0.699, epoch=0,                          
                    lr/Muon=0.004, lr/AdamW=3.76e-04,                           
                    global_step=640                                             
[09:38:46] INFO     train/confidence_loss=0.244,                  trainer.py:584
                    train/confidence_abs_error=0.129,                           
                    train/confidence_pred_mean=0.230,                           
                    train/confidence_cumprod_bias=-0.025,                       
                    train/loss=0.247, train/ce_loss=0.569,                      
                    train/tv_loss=0.103, train/accept_rate=0.442,               
                    train/accept_len=2.828, train/full_acc=0.480,               
                    train/position_1_acc=0.798,                                 
                    train/position_2_acc=0.575,                                 
                    train/position_3_acc=0.496,                                 
                    train/position_4_acc=0.434,                                 
                    train/position_5_acc=0.395,                                 
                    train/position_6_acc=0.355,                                 
                    train/position_7_acc=0.307,                                 
                    profile/fetch_ms=3.460,                                     
                    profile/fwd_ms=92.071, profile/bwd_ms=90.407,               
                    profile/opt_ms=0.071,                                       
                    profile/step_ms=186.008,                                    
                    profile/tokens_per_s=1.91e+04,                              
                    profile/fetch_frac=0.019, epoch=0,                          
                    lr/Muon=0.004, lr/AdamW=3.69e-04,                           
                    global_step=660                                             
[09:38:59] INFO     train/confidence_loss=0.240,                  trainer.py:584
                    train/confidence_abs_error=0.122,                           
                    train/confidence_pred_mean=0.236,                           
                    train/confidence_cumprod_bias=-0.034,                       
                    train/loss=0.241, train/ce_loss=0.531,                      
                    train/tv_loss=0.100, train/accept_rate=0.460,               
                    train/accept_len=2.983, train/full_acc=0.499,               
                    train/position_1_acc=0.816,                                 
                    train/position_2_acc=0.594,                                 
                    train/position_3_acc=0.506,                                 
                    train/position_4_acc=0.443,                                 
                    train/position_5_acc=0.377,                                 
                    train/position_6_acc=0.391,                                 
                    train/position_7_acc=0.360,                                 
                    profile/fetch_ms=79.632,                                    
                    profile/fwd_ms=90.174, profile/bwd_ms=94.522,               
                    profile/opt_ms=247.008,                                     
                    profile/step_ms=511.335,                                    
                    profile/tokens_per_s=6.83e+03,                              
                    profile/fetch_frac=0.156, epoch=0,                          
                    lr/Muon=0.004, lr/AdamW=3.61e-04,                           
                    global_step=680                                             
[09:39:13] INFO     train/confidence_loss=0.236,                  trainer.py:584
                    train/confidence_abs_error=0.128,                           
                    train/confidence_pred_mean=0.276,                           
                    train/confidence_cumprod_bias=0.031,                        
                    train/loss=0.248, train/ce_loss=0.588,                      
                    train/tv_loss=0.106, train/accept_rate=0.428,               
                    train/accept_len=2.774, train/full_acc=0.461,               
                    train/position_1_acc=0.791,                                 
                    train/position_2_acc=0.574,                                 
                    train/position_3_acc=0.441,                                 
                    train/position_4_acc=0.407,                                 
                    train/position_5_acc=0.366,                                 
                    train/position_6_acc=0.342,                                 
                    train/position_7_acc=0.306,                                 
                    profile/fetch_ms=72.970,                                    
                    profile/fwd_ms=361.885,                                     
                    profile/bwd_ms=107.643, profile/opt_ms=0.044,               
                    profile/step_ms=542.542,                                    
                    profile/tokens_per_s=6.37e+03,                              
                    profile/fetch_frac=0.134, epoch=0,                          
                    lr/Muon=0.004, lr/AdamW=3.55e-04,                           
                    global_step=700                                             
[09:39:24] INFO     train/confidence_loss=0.241,                  trainer.py:584
                    train/confidence_abs_error=0.123,                           
                    train/confidence_pred_mean=0.248,                           
                    train/confidence_cumprod_bias=-0.018,                       
                    train/loss=0.237, train/ce_loss=0.525,                      
                    train/tv_loss=0.099, train/accept_rate=0.463,               
                    train/accept_len=2.981, train/full_acc=0.497,               
                    train/position_1_acc=0.805,                                 
                    train/position_2_acc=0.596,                                 
                    train/position_3_acc=0.494,                                 
                    train/position_4_acc=0.453,                                 
                    train/position_5_acc=0.404,                                 
                    train/position_6_acc=0.366,                                 
                    train/position_7_acc=0.358,                                 
                    profile/fetch_ms=3.077,                                     
                    profile/fwd_ms=90.456, profile/bwd_ms=90.366,               
                    profile/opt_ms=0.033,                                       
                    profile/step_ms=183.932,                                    
                    profile/tokens_per_s=1.91e+04,                              
                    profile/fetch_frac=0.017, epoch=0,                          
                    lr/Muon=0.003, lr/AdamW=3.47e-04,                           
                    global_step=720                                             
[09:39:40] INFO     train/confidence_loss=0.233,                  trainer.py:584
                    train/confidence_abs_error=0.115,                           
                    train/confidence_pred_mean=0.220,                           
                    train/confidence_cumprod_bias=-0.014,                       
                    train/loss=0.255, train/ce_loss=0.628,                      
                    train/tv_loss=0.109, train/accept_rate=0.420,               
                    train/accept_len=2.768, train/full_acc=0.458,               
                    train/position_1_acc=0.747,                                 
                    train/position_2_acc=0.544,                                 
                    train/position_3_acc=0.466,                                 
                    train/position_4_acc=0.402,                                 
                    train/position_5_acc=0.376,                                 
                    train/position_6_acc=0.371,                                 
                    train/position_7_acc=0.301,                                 
                    profile/fetch_ms=85.298,                                    
                    profile/fwd_ms=571.480,                                     
                    profile/bwd_ms=94.911,                                      
                    profile/opt_ms=252.077,                                     
                    profile/step_ms=1.00e+03,                                   
                    profile/tokens_per_s=3.44e+03,                              
                    profile/fetch_frac=0.085, epoch=0,                          
                    lr/Muon=0.003, lr/AdamW=3.40e-04,                           
                    global_step=740                                             
[09:39:52] INFO     train/confidence_loss=0.241,                  trainer.py:584
                    train/confidence_abs_error=0.124,                           
                    train/confidence_pred_mean=0.264,                           
                    train/confidence_cumprod_bias=0.003,                        
                    train/loss=0.242, train/ce_loss=0.547,                      
                    train/tv_loss=0.102, train/accept_rate=0.453,               
                    train/accept_len=2.906, train/full_acc=0.496,               
                    train/position_1_acc=0.808,                                 
                    train/position_2_acc=0.589,                                 
                    train/position_3_acc=0.497,                                 
                    train/position_4_acc=0.427,                                 
                    train/position_5_acc=0.410,                                 
                    train/position_6_acc=0.399,                                 
                    train/position_7_acc=0.340,                                 
                    profile/fetch_ms=86.003,                                    
                    profile/fwd_ms=94.951, profile/bwd_ms=91.907,               
                    profile/opt_ms=0.093,                                       
                    profile/step_ms=272.954,                                    
                    profile/tokens_per_s=1.27e+04,                              
                    profile/fetch_frac=0.315, epoch=0,                          
                    lr/Muon=0.003, lr/AdamW=3.33e-04,                           
                    global_step=760                                             
[09:40:08] INFO     train/confidence_loss=0.231,                  trainer.py:584
                    train/confidence_abs_error=0.119,                           
                    train/confidence_pred_mean=0.217,                           
                    train/confidence_cumprod_bias=-0.020,                       
                    train/loss=0.256, train/ce_loss=0.637,                      
                    train/tv_loss=0.111, train/accept_rate=0.409,               
                    train/accept_len=2.713, train/full_acc=0.447,               
                    train/position_1_acc=0.744,                                 
                    train/position_2_acc=0.547,                                 
                    train/position_3_acc=0.451,                                 
                    train/position_4_acc=0.365,                                 
                    train/position_5_acc=0.356,                                 
                    train/position_6_acc=0.330,                                 
                    train/position_7_acc=0.334,                                 
                    profile/fetch_ms=3.153,                                     
                    profile/fwd_ms=2.29e+03,                                    
                    profile/bwd_ms=90.690, profile/opt_ms=0.073,                
                    profile/step_ms=2.39e+03,                                   
                    profile/tokens_per_s=1.50e+03,                              
                    profile/fetch_frac=0.001, epoch=0,                          
                    lr/Muon=0.003, lr/AdamW=3.26e-04,                           
                    global_step=780                                             
[09:40:20] INFO     train/confidence_loss=0.227,                  trainer.py:584
                    train/confidence_abs_error=0.116,                           
                    train/confidence_pred_mean=0.223,                           
                    train/confidence_cumprod_bias=-0.017,                       
                    train/loss=0.253, train/ce_loss=0.631,                      
                    train/tv_loss=0.110, train/accept_rate=0.418,               
                    train/accept_len=2.770, train/full_acc=0.455,               
                    train/position_1_acc=0.756,                                 
                    train/position_2_acc=0.532,                                 
                    train/position_3_acc=0.432,                                 
                    train/position_4_acc=0.411,                                 
                    train/position_5_acc=0.382,                                 
                    train/position_6_acc=0.333,                                 
                    train/position_7_acc=0.331,                                 
                    profile/fetch_ms=65.888,                                    
                    profile/fwd_ms=89.116, profile/bwd_ms=95.215,               
                    profile/opt_ms=332.210,                                     
                    profile/step_ms=582.429,                                    
                    profile/tokens_per_s=6.04e+03,                              
                    profile/fetch_frac=0.113, epoch=0,                          
                    lr/Muon=0.003, lr/AdamW=3.18e-04,                           
                    global_step=800                                             
[09:40:35] INFO     train/confidence_loss=0.232,                  trainer.py:584
                    train/confidence_abs_error=0.125,                           
                    train/confidence_pred_mean=0.269,                           
                    train/confidence_cumprod_bias=0.011,                        
                    train/loss=0.248, train/ce_loss=0.603,                      
                    train/tv_loss=0.106, train/accept_rate=0.431,               
                    train/accept_len=2.874, train/full_acc=0.468,               
                    train/position_1_acc=0.778,                                 
                    train/position_2_acc=0.568,                                 
                    train/position_3_acc=0.467,                                 
                    train/position_4_acc=0.403,                                 
                    train/position_5_acc=0.379,                                 
                    train/position_6_acc=0.335,                                 
                    train/position_7_acc=0.341,                                 
                    profile/fetch_ms=68.746,                                    
                    profile/fwd_ms=2.32e+03,                                    
                    profile/bwd_ms=94.102, profile/opt_ms=0.047,                
                    profile/step_ms=2.48e+03,                                   
                    profile/tokens_per_s=1.64e+03,                              
                    profile/fetch_frac=0.028, epoch=0,                          
                    lr/Muon=0.003, lr/AdamW=3.12e-04,                           
                    global_step=820                                             
[09:40:46] INFO     train/confidence_loss=0.228,                  trainer.py:584
                    train/confidence_abs_error=0.119,                           
                    train/confidence_pred_mean=0.280,                           
                    train/confidence_cumprod_bias=-0.010,                       
                    train/loss=0.220, train/ce_loss=0.475,                      
                    train/tv_loss=0.091, train/accept_rate=0.502,               
                    train/accept_len=3.242, train/full_acc=0.532,               
                    train/position_1_acc=0.810,                                 
                    train/position_2_acc=0.648,                                 
                    train/position_3_acc=0.555,                                 
                    train/position_4_acc=0.486,                                 
                    train/position_5_acc=0.437,                                 
                    train/position_6_acc=0.409,                                 
                    train/position_7_acc=0.373,                                 
                    profile/fetch_ms=48.308,                                    
                    profile/fwd_ms=111.652,                                     
                    profile/bwd_ms=90.918, profile/opt_ms=0.041,                
                    profile/step_ms=250.918,                                    
                    profile/tokens_per_s=1.38e+04,                              
                    profile/fetch_frac=0.193, epoch=0,                          
                    lr/Muon=0.003, lr/AdamW=3.04e-04,                           
                    global_step=840                                             
[09:41:01] INFO     train/confidence_loss=0.239,                  trainer.py:584
                    train/confidence_abs_error=0.122,                           
                    train/confidence_pred_mean=0.253,                           
                    train/confidence_cumprod_bias=-0.024,                       
                    train/loss=0.233, train/ce_loss=0.506,                      
                    train/tv_loss=0.097, train/accept_rate=0.469,               
                    train/accept_len=3.050, train/full_acc=0.504,               
                    train/position_1_acc=0.815,                                 
                    train/position_2_acc=0.611,                                 
                    train/position_3_acc=0.507,                                 
                    train/position_4_acc=0.466,                                 
                    train/position_5_acc=0.410,                                 
                    train/position_6_acc=0.372,                                 
                    train/position_7_acc=0.340,                                 
                    profile/fetch_ms=79.685,                                    
                    profile/fwd_ms=1.52e+03,                                    
                    profile/bwd_ms=92.425,                                      
                    profile/opt_ms=364.726,                                     
                    profile/step_ms=2.05e+03,                                   
                    profile/tokens_per_s=1.69e+03,                              
                    profile/fetch_frac=0.039, epoch=0,                          
                    lr/Muon=0.003, lr/AdamW=2.97e-04,                           
                    global_step=860                                             
[09:41:13] INFO     train/confidence_loss=0.222,                  trainer.py:584
                    train/confidence_abs_error=0.122,                           
                    train/confidence_pred_mean=0.329,                           
                    train/confidence_cumprod_bias=0.006,                        
                    train/loss=0.199, train/ce_loss=0.392,                      
                    train/tv_loss=0.079, train/accept_rate=0.560,               
                    train/accept_len=3.598, train/full_acc=0.593,               
                    train/position_1_acc=0.873,                                 
                    train/position_2_acc=0.704,                                 
                    train/position_3_acc=0.594,                                 
                    train/position_4_acc=0.548,                                 
                    train/position_5_acc=0.499,                                 
                    train/position_6_acc=0.481,                                 
                    train/position_7_acc=0.448,                                 
                    profile/fetch_ms=84.571,                                    
                    profile/fwd_ms=103.899,                                     
                    profile/bwd_ms=116.523, profile/opt_ms=0.093,               
                    profile/step_ms=305.086,                                    
                    profile/tokens_per_s=1.34e+04,                              
                    profile/fetch_frac=0.277, epoch=0,                          
                    lr/Muon=0.003, lr/AdamW=2.90e-04,                           
                    global_step=880                                             
[09:41:28] INFO     train/confidence_loss=0.236,                  trainer.py:584
                    train/confidence_abs_error=0.124,                           
                    train/confidence_pred_mean=0.257,                           
                    train/confidence_cumprod_bias=-0.025,                       
                    train/loss=0.228, train/ce_loss=0.487,                      
                    train/tv_loss=0.094, train/accept_rate=0.487,               
                    train/accept_len=3.111, train/full_acc=0.518,               
                    train/position_1_acc=0.832,                                 
                    train/position_2_acc=0.619,                                 
                    train/position_3_acc=0.514,                                 
                    train/position_4_acc=0.457,                                 
                    train/position_5_acc=0.427,                                 
                    train/position_6_acc=0.402,                                 
                    train/position_7_acc=0.369,                                 
                    profile/fetch_ms=20.922,                                    
                    profile/fwd_ms=2.04e+03,                                    
                    profile/bwd_ms=97.826, profile/opt_ms=0.042,                
                    profile/step_ms=2.16e+03,                                   
                    profile/tokens_per_s=1.62e+03,                              
                    profile/fetch_frac=0.010, epoch=0,                          
                    lr/Muon=0.003, lr/AdamW=2.83e-04,                           
                    global_step=900                                             
[09:41:41] INFO     train/confidence_loss=0.234,                  trainer.py:584
                    train/confidence_abs_error=0.114,                           
                    train/confidence_pred_mean=0.220,                           
                    train/confidence_cumprod_bias=-0.008,                       
                    train/loss=0.263, train/ce_loss=0.647,                      
                    train/tv_loss=0.116, train/accept_rate=0.391,               
                    train/accept_len=2.595, train/full_acc=0.427,               
                    train/position_1_acc=0.721,                                 
                    train/position_2_acc=0.500,                                 
                    train/position_3_acc=0.435,                                 
                    train/position_4_acc=0.385,                                 
                    train/position_5_acc=0.338,                                 
                    train/position_6_acc=0.321,                                 
                    train/position_7_acc=0.282,                                 
                    profile/fetch_ms=75.139,                                    
                    profile/fwd_ms=89.037, profile/bwd_ms=93.744,               
                    profile/opt_ms=273.172,                                     
                    profile/step_ms=531.093,                                    
                    profile/tokens_per_s=6.62e+03,                              
                    profile/fetch_frac=0.141, epoch=0,                          
                    lr/Muon=0.003, lr/AdamW=2.75e-04,                           
                    global_step=920                                             
[09:41:57] INFO     train/confidence_loss=0.240,                  trainer.py:584
                    train/confidence_abs_error=0.126,                           
                    train/confidence_pred_mean=0.279,                           
                    train/confidence_cumprod_bias=0.009,                        
                    train/loss=0.239, train/ce_loss=0.531,                      
                    train/tv_loss=0.099, train/accept_rate=0.463,               
                    train/accept_len=2.962, train/full_acc=0.503,               
                    train/position_1_acc=0.804,                                 
                    train/position_2_acc=0.604,                                 
                    train/position_3_acc=0.524,                                 
                    train/position_4_acc=0.435,                                 
                    train/position_5_acc=0.418,                                 
                    train/position_6_acc=0.384,                                 
                    train/position_7_acc=0.347,                                 
                    profile/fetch_ms=70.952,                                    
                    profile/fwd_ms=4.05e+03,                                    
                    profile/bwd_ms=95.532, profile/opt_ms=0.040,                
                    profile/step_ms=4.22e+03,                                   
                    profile/tokens_per_s=960.632,                               
                    profile/fetch_frac=0.017, epoch=0,                          
                    lr/Muon=0.003, lr/AdamW=2.69e-04,                           
                    global_step=940                                             
[09:42:10] INFO     train/confidence_loss=0.233,                  trainer.py:584
                    train/confidence_abs_error=0.121,                           
                    train/confidence_pred_mean=0.256,                           
                    train/confidence_cumprod_bias=0.004,                        
                    train/loss=0.250, train/ce_loss=0.609,                      
                    train/tv_loss=0.107, train/accept_rate=0.427,               
                    train/accept_len=2.774, train/full_acc=0.462,               
                    train/position_1_acc=0.773,                                 
                    train/position_2_acc=0.575,                                 
                    train/position_3_acc=0.442,                                 
                    train/position_4_acc=0.403,                                 
                    train/position_5_acc=0.380,                                 
                    train/position_6_acc=0.344,                                 
                    train/position_7_acc=0.312,                                 
                    profile/fetch_ms=51.804,                                    
                    profile/fwd_ms=103.112,                                     
                    profile/bwd_ms=102.977, profile/opt_ms=0.048,               
                    profile/step_ms=257.942,                                    
                    profile/tokens_per_s=1.36e+04,                              
                    profile/fetch_frac=0.201, epoch=0,                          
                    lr/Muon=0.003, lr/AdamW=2.61e-04,                           
                    global_step=960                                             
[09:42:25] INFO     train/confidence_loss=0.236,                  trainer.py:584
                    train/confidence_abs_error=0.127,                           
                    train/confidence_pred_mean=0.274,                           
                    train/confidence_cumprod_bias=-0.008,                       
                    train/loss=0.234, train/ce_loss=0.519,                      
                    train/tv_loss=0.098, train/accept_rate=0.470,               
                    train/accept_len=3.053, train/full_acc=0.509,               
                    train/position_1_acc=0.808,                                 
                    train/position_2_acc=0.631,                                 
                    train/position_3_acc=0.516,                                 
                    train/position_4_acc=0.446,                                 
                    train/position_5_acc=0.396,                                 
                    train/position_6_acc=0.388,                                 
                    train/position_7_acc=0.373,                                 
                    profile/fetch_ms=46.102,                                    
                    profile/fwd_ms=3.21e+03,                                    
                    profile/bwd_ms=93.687,                                      
                    profile/opt_ms=258.005,                                     
                    profile/step_ms=3.61e+03,                                   
                    profile/tokens_per_s=971.101,                               
                    profile/fetch_frac=0.013, epoch=0,                          
                    lr/Muon=0.003, lr/AdamW=2.54e-04,                           
                    global_step=980                                             
[09:42:35] INFO     train/confidence_loss=0.234,                  trainer.py:584
                    train/confidence_abs_error=0.121,                           
                    train/confidence_pred_mean=0.274,                           
                    train/confidence_cumprod_bias=-0.007,                       
                    train/loss=0.225, train/ce_loss=0.478,                      
                    train/tv_loss=0.093, train/accept_rate=0.493,               
                    train/accept_len=3.154, train/full_acc=0.529,               
                    train/position_1_acc=0.814,                                 
                    train/position_2_acc=0.615,                                 
                    train/position_3_acc=0.537,                                 
                    train/position_4_acc=0.478,                                 
                    train/position_5_acc=0.448,                                 
                    train/position_6_acc=0.429,                                 
                    train/position_7_acc=0.379,                                 
                    profile/fetch_ms=70.870,                                    
                    profile/fwd_ms=88.099, profile/bwd_ms=96.604,               
                    profile/opt_ms=0.066,                                       
                    profile/step_ms=255.639,                                    
                    profile/tokens_per_s=1.37e+04,                              
                    profile/fetch_frac=0.277, epoch=0,                          
                    lr/Muon=0.002, lr/AdamW=2.47e-04,                           
                    global_step=1000                                            
[09:42:51] INFO     train/confidence_loss=0.238,                  trainer.py:584
                    train/confidence_abs_error=0.129,                           
                    train/confidence_pred_mean=0.319,                           
                    train/confidence_cumprod_bias=0.023,                        
                    train/loss=0.219, train/ce_loss=0.453,                      
                    train/tv_loss=0.087, train/accept_rate=0.519,               
                    train/accept_len=3.371, train/full_acc=0.549,               
                    train/position_1_acc=0.862,                                 
                    train/position_2_acc=0.659,                                 
                    train/position_3_acc=0.569,                                 
                    train/position_4_acc=0.478,                                 
                    train/position_5_acc=0.438,                                 
                    train/position_6_acc=0.426,                                 
                    train/position_7_acc=0.404,                                 
                    profile/fetch_ms=111.213,                                   
                    profile/fwd_ms=970.381,                                     
                    profile/bwd_ms=91.120, profile/opt_ms=0.058,                
                    profile/step_ms=1.17e+03,                                   
                    profile/tokens_per_s=3.49e+03,                              
                    profile/fetch_frac=0.095, epoch=0,                          
                    lr/Muon=0.002, lr/AdamW=2.40e-04,                           
                    global_step=1020                                            
[09:43:03] INFO     train/confidence_loss=0.223,                  trainer.py:584
                    train/confidence_abs_error=0.123,                           
                    train/confidence_pred_mean=0.317,                           
                    train/confidence_cumprod_bias=0.002,                        
                    train/loss=0.205, train/ce_loss=0.412,                      
                    train/tv_loss=0.082, train/accept_rate=0.541,               
                    train/accept_len=3.501, train/full_acc=0.578,               
                    train/position_1_acc=0.859,                                 
                    train/position_2_acc=0.694,                                 
                    train/position_3_acc=0.582,                                 
                    train/position_4_acc=0.531,                                 
                    train/position_5_acc=0.509,                                 
                    train/position_6_acc=0.449,                                 
                    train/position_7_acc=0.418,                                 
                    profile/fetch_ms=80.264,                                    
                    profile/fwd_ms=90.118, profile/bwd_ms=94.412,               
                    profile/opt_ms=231.580,                                     
                    profile/step_ms=496.375,                                    
                    profile/tokens_per_s=8.20e+03,                              
                    profile/fetch_frac=0.162, epoch=0,                          
                    lr/Muon=0.002, lr/AdamW=2.32e-04,                           
                    global_step=1040                                            
[09:43:17] INFO     train/confidence_loss=0.224,                  trainer.py:584
                    train/confidence_abs_error=0.122,                           
                    train/confidence_pred_mean=0.313,                           
                    train/confidence_cumprod_bias=-0.014,                       
                    train/loss=0.197, train/ce_loss=0.369,                      
                    train/tv_loss=0.078, train/accept_rate=0.566,               
                    train/accept_len=3.592, train/full_acc=0.606,               
                    train/position_1_acc=0.858,                                 
                    train/position_2_acc=0.727,                                 
                    train/position_3_acc=0.619,                                 
                    train/position_4_acc=0.561,                                 
                    train/position_5_acc=0.532,                                 
                    train/position_6_acc=0.499,                                 
                    train/position_7_acc=0.441,                                 
                    profile/fetch_ms=67.880,                                    
                    profile/fwd_ms=666.076,                                     
                    profile/bwd_ms=91.362, profile/opt_ms=0.081,                
                    profile/step_ms=825.398,                                    
                    profile/tokens_per_s=4.23e+03,                              
                    profile/fetch_frac=0.082, epoch=0,                          
                    lr/Muon=0.002, lr/AdamW=2.26e-04,                           
                    global_step=1060                                            
[09:43:30] INFO     train/confidence_loss=0.224,                  trainer.py:584
                    train/confidence_abs_error=0.122,                           
                    train/confidence_pred_mean=0.327,                           
                    train/confidence_cumprod_bias=0.019,                        
                    train/loss=0.208, train/ce_loss=0.431,                      
                    train/tv_loss=0.083, train/accept_rate=0.536,               
                    train/accept_len=3.490, train/full_acc=0.571,               
                    train/position_1_acc=0.868,                                 
                    train/position_2_acc=0.691,                                 
                    train/position_3_acc=0.553,                                 
                    train/position_4_acc=0.532,                                 
                    train/position_5_acc=0.497,                                 
                    train/position_6_acc=0.428,                                 
                    train/position_7_acc=0.420,                                 
                    profile/fetch_ms=148.877,                                   
                    profile/fwd_ms=94.736, profile/bwd_ms=95.699,               
                    profile/opt_ms=0.039,                                       
                    profile/step_ms=339.351,                                    
                    profile/tokens_per_s=1.20e+04,                              
                    profile/fetch_frac=0.439, epoch=0,                          
                    lr/Muon=0.002, lr/AdamW=2.18e-04,                           
                    global_step=1080                                            
[09:43:46] INFO     train/confidence_loss=0.236,                  trainer.py:584
                    train/confidence_abs_error=0.121,                           
                    train/confidence_pred_mean=0.290,                           
                    train/confidence_cumprod_bias=0.009,                        
                    train/loss=0.228, train/ce_loss=0.494,                      
                    train/tv_loss=0.093, train/accept_rate=0.493,               
                    train/accept_len=3.146, train/full_acc=0.528,               
                    train/position_1_acc=0.820,                                 
                    train/position_2_acc=0.633,                                 
                    train/position_3_acc=0.529,                                 
                    train/position_4_acc=0.479,                                 
                    train/position_5_acc=0.435,                                 
                    train/position_6_acc=0.408,                                 
                    train/position_7_acc=0.388,                                 
                    profile/fetch_ms=73.223,                                    
                    profile/fwd_ms=90.655, profile/bwd_ms=93.012,               
                    profile/opt_ms=317.667,                                     
                    profile/step_ms=574.556,                                    
                    profile/tokens_per_s=7.09e+03,                              
                    profile/fetch_frac=0.127, epoch=0,                          
                    lr/Muon=0.002, lr/AdamW=2.11e-04,                           
                    global_step=1100                                            
[09:43:58] INFO     train/confidence_loss=0.230,                  trainer.py:584
                    train/confidence_abs_error=0.123,                           
                    train/confidence_pred_mean=0.297,                           
                    train/confidence_cumprod_bias=-0.015,                       
                    train/loss=0.208, train/ce_loss=0.403,                      
                    train/tv_loss=0.083, train/accept_rate=0.541,               
                    train/accept_len=3.448, train/full_acc=0.577,               
                    train/position_1_acc=0.856,                                 
                    train/position_2_acc=0.678,                                 
                    train/position_3_acc=0.598,                                 
                    train/position_4_acc=0.528,                                 
                    train/position_5_acc=0.494,                                 
                    train/position_6_acc=0.456,                                 
                    train/position_7_acc=0.424,                                 
                    profile/fetch_ms=73.696,                                    
                    profile/fwd_ms=109.568,                                     
                    profile/bwd_ms=91.497, profile/opt_ms=0.060,                
                    profile/step_ms=274.822,                                    
                    profile/tokens_per_s=1.45e+04,                              
                    profile/fetch_frac=0.268, epoch=0,                          
                    lr/Muon=0.002, lr/AdamW=2.04e-04,                           
                    global_step=1120                                            
[09:44:14] INFO     train/confidence_loss=0.233,                  trainer.py:584
                    train/confidence_abs_error=0.120,                           
                    train/confidence_pred_mean=0.279,                           
                    train/confidence_cumprod_bias=0.003,                        
                    train/loss=0.234, train/ce_loss=0.525,                      
                    train/tv_loss=0.098, train/accept_rate=0.473,               
                    train/accept_len=3.009, train/full_acc=0.513,               
                    train/position_1_acc=0.774,                                 
                    train/position_2_acc=0.576,                                 
                    train/position_3_acc=0.528,                                 
                    train/position_4_acc=0.505,                                 
                    train/position_5_acc=0.440,                                 
                    train/position_6_acc=0.387,                                 
                    train/position_7_acc=0.379,                                 
                    profile/fetch_ms=52.703,                                    
                    profile/fwd_ms=352.250,                                     
                    profile/bwd_ms=97.241, profile/opt_ms=0.036,                
                    profile/step_ms=502.230,                                    
                    profile/tokens_per_s=7.04e+03,                              
                    profile/fetch_frac=0.105, epoch=0,                          
                    lr/Muon=0.002, lr/AdamW=1.97e-04,                           
                    global_step=1140                                            
[09:44:26] INFO     train/confidence_loss=0.227,                  trainer.py:584
                    train/confidence_abs_error=0.120,                           
                    train/confidence_pred_mean=0.296,                           
                    train/confidence_cumprod_bias=0.009,                        
                    train/loss=0.219, train/ce_loss=0.475,                      
                    train/tv_loss=0.091, train/accept_rate=0.506,               
                    train/accept_len=3.262, train/full_acc=0.540,               
                    train/position_1_acc=0.820,                                 
                    train/position_2_acc=0.649,                                 
                    train/position_3_acc=0.546,                                 
                    train/position_4_acc=0.501,                                 
                    train/position_5_acc=0.454,                                 
                    train/position_6_acc=0.419,                                 
                    train/position_7_acc=0.388,                                 
                    profile/fetch_ms=113.061,                                   
                    profile/fwd_ms=91.544, profile/bwd_ms=94.230,               
                    profile/opt_ms=278.755,                                     
                    profile/step_ms=577.591,                                    
                    profile/tokens_per_s=6.08e+03,                              
                    profile/fetch_frac=0.196, epoch=0,                          
                    lr/Muon=0.002, lr/AdamW=1.89e-04,                           
                    global_step=1160                                            
[09:44:42] INFO     train/confidence_loss=0.230,                  trainer.py:584
                    train/confidence_abs_error=0.117,                           
                    train/confidence_pred_mean=0.259,                           
                    train/confidence_cumprod_bias=-0.012,                       
                    train/loss=0.234, train/ce_loss=0.531,                      
                    train/tv_loss=0.098, train/accept_rate=0.473,               
                    train/accept_len=3.005, train/full_acc=0.513,               
                    train/position_1_acc=0.793,                                 
                    train/position_2_acc=0.611,                                 
                    train/position_3_acc=0.511,                                 
                    train/position_4_acc=0.457,                                 
                    train/position_5_acc=0.420,                                 
                    train/position_6_acc=0.404,                                 
                    train/position_7_acc=0.390,                                 
                    profile/fetch_ms=71.234,                                    
                    profile/fwd_ms=89.962,                                      
                    profile/bwd_ms=111.363, profile/opt_ms=7.363,               
                    profile/step_ms=279.922,                                    
                    profile/tokens_per_s=1.45e+04,                              
                    profile/fetch_frac=0.254, epoch=0,                          
                    lr/Muon=0.002, lr/AdamW=1.83e-04,                           
                    global_step=1180                                            
[09:44:54] INFO     DL_MAX_STEPS=1200 reached (local_step=1201);  trainer.py:484
                    stopping epoch early.                                       
Epoch 0  71% ━━━━━━━━━━━━━━━━        1,200/1,689  [ 0:13:46 < 0:05:21 , 2 it/s ]
           INFO     Training epoch 1/1 completed                  trainer.py:736
           INFO     DL_MAX_STEPS reached — exiting after this     trainer.py:739
                    epoch (skipping checkpoint/validation).                     
[09:44:56] INFO     Destroyed distributed process group       distributed.py:182
[09:44:56] INFO     Destroyed distributed process group       distributed.py:182
[09:44:56] INFO     Destroyed distributed process group       distributed.py:182
[09:44:57] INFO     Destroyed distributed process group       distributed.py:182
