/usr/local/python3.12.13/lib/python3.12/site-packages/transformers/loss/loss_for_object_detection.py:27: UserWarning: A NumPy version >=1.22.4 and <2.3.0 is required for this version of SciPy (detected version 2.4.6)
  from scipy.optimize import linear_sum_assignment
/usr/local/python3.12.13/lib/python3.12/site-packages/transformers/loss/loss_for_object_detection.py:27: UserWarning: A NumPy version >=1.22.4 and <2.3.0 is required for this version of SciPy (detected version 2.4.6)
  from scipy.optimize import linear_sum_assignment
/usr/local/python3.12.13/lib/python3.12/site-packages/transformers/loss/loss_for_object_detection.py:27: UserWarning: A NumPy version >=1.22.4 and <2.3.0 is required for this version of SciPy (detected version 2.4.6)
  from scipy.optimize import linear_sum_assignment
/usr/local/python3.12.13/lib/python3.12/site-packages/transformers/loss/loss_for_object_detection.py:27: UserWarning: A NumPy version >=1.22.4 and <2.3.0 is required for this version of SciPy (detected version 2.4.6)
  from scipy.optimize import linear_sum_assignment
[timeout] aclrtSetOpExecuteTimeOut(0) rc=0
[timeout] aclrtSetOpExecuteTimeOut(0) rc=0
[timeout] aclrtSetOpExecuteTimeOut(0) rc=0
[timeout] aclrtSetOpExecuteTimeOut(0) rc=0
           INFO     get env TERM = xterm                      patch_getenv.py:15
[03:30:51] INFO     get env LOCAL_RANK = 0                    patch_getenv.py:15
[03:30:52] INFO     Started distributed with local_rank=1,    distributed.py:165
                    dp_size=4, sp_size=1                                        
[03:30:52] INFO     Started distributed with local_rank=2,    distributed.py:165
                    dp_size=4, sp_size=1                                        
[03:30:52] INFO     Started distributed with local_rank=3,    distributed.py:165
                    dp_size=4, sp_size=1                                        
[03:30:52] INFO     get env WORLD_SIZE = 4                    patch_getenv.py:15
           INFO     get env MASTER_ADDR =                     patch_getenv.py:15
                    localhost.localdomain                                       
           INFO     get env MASTER_PORT = 43433               patch_getenv.py:15
           INFO     get env TORCHELASTIC_USE_AGENT_STORE =    patch_getenv.py:15
                    True                                                        
           INFO     Started distributed with local_rank=0,    distributed.py:165
                    dp_size=4, sp_size=1                                        
           INFO     get env PATH =                            patch_getenv.py:15
                    /usr/local/Ascend/nnal/atb/latest/atb/cxx                   
                    _abi_1/bin:/usr/local/Ascend/cann-9.0.0/t                   
                    ools/bishengir/bin:/usr/local/Ascend/cann                   
                    -9.0.0/bin:/usr/local/Ascend/cann-9.0.0/t                   
                    ools/ccec_compiler/bin:/usr/local/Ascend/                   
                    cann-9.0.0/tools/profiler/bin:/usr/local/                   
                    Ascend/cann-9.0.0/tools/ascend_system_adv                   
                    isor/asys:/usr/local/Ascend/cann-9.0.0/to                   
                    ols/show_kernel_debug_data:/usr/local/Asc                   
                    end/cann-9.0.0/tools/msobjdump:/home/y500                   
                    63564/node_modules/.bin:/usr/local/Ascend                   
                    /nnal/atb/latest/atb/cxx_abi_1/bin:/usr/l                   
                    ocal/Ascend/nnal/atb/latest/atb/cxx_abi_1                   
                    /bin:/usr/local/Ascend/ascend-toolkit/lat                   
                    est/bin:/usr/local/Ascend/ascend-toolkit/                   
                    latest/compiler/ccec_compiler/bin:/usr/lo                   
                    cal/Ascend/ascend-toolkit/latest/tools/cc                   
                    ec_compiler/bin:/usr/local/python3.12.13/                   
                    bin:/usr/local/sbin:/usr/local/bin:/usr/s                   
                    bin:/usr/bin:/sbin:/bin:/usr/local/go/bin                   
           INFO     Loading vocab mappings from                     train.py:236
                    '/home/y50063564/data/open_perfectblend_qwen3_4             
                    b_700k/d2t.npy' and                                         
                    '/home/y50063564/data/open_perfectblend_qwen3_4             
                    b_700k/t2d.npy'                                             
           INFO     All 5 draft layers using sliding window         train.py:396
                    attention (window=2048). To use full attention              
                    on specific layers, pass                                    
                    '--full-attention-indices <layer_ids>'.                     
[03:30:53] WARNING  Added <|MASK|> to tokenizer,                     utils.py:49
                    mask_token_id=151669 (tokenizer len=151670,                 
                    vocab_size=151936)                                          
2026-09-11 03:31:06.622 | INFO     | speculators.utils.loading:_resolve_file:136 - Loading from local directory: /home/y50063564/Qwen3-4B
2026-09-11 03:31:06.623 | WARNING  | speculators.utils.loading:load_model_layers:104 - Tensor 'lm_head.weight' not found in weight_map.
2026-09-11 03:31:06.623 | INFO     | speculators.utils.loading:_resolve_file:136 - Loading from local directory: /home/y50063564/Qwen3-4B
2026-09-11 03:31:06.625 | INFO     | speculators.utils.loading:_resolve_file:136 - Loading from local directory: /home/y50063564/Qwen3-4B
2026-09-11 03:31:07.582 | INFO     | speculators.utils.loading:_resolve_file:136 - Loading from local directory: /home/y50063564/Qwen3-4B
2026-09-11 03:31:07.583 | WARNING  | speculators.utils.loading:load_model_layers:104 - Tensor 'lm_head.weight' not found in weight_map.
2026-09-11 03:31:07.584 | INFO     | speculators.utils.loading:_resolve_file:136 - Loading from local directory: /home/y50063564/Qwen3-4B
2026-09-11 03:31:07.585 | INFO     | speculators.utils.loading:_resolve_file:136 - Loading from local directory: /home/y50063564/Qwen3-4B
2026-09-11 03:31:07.690 | INFO     | speculators.utils.loading:_resolve_file:136 - Loading from local directory: /home/y50063564/Qwen3-4B
2026-09-11 03:31:07.691 | WARNING  | speculators.utils.loading:load_model_layers:104 - Tensor 'lm_head.weight' not found in weight_map.
2026-09-11 03:31:07.691 | INFO     | speculators.utils.loading:_resolve_file:136 - Loading from local directory: /home/y50063564/Qwen3-4B
2026-09-11 03:31:07.693 | INFO     | speculators.utils.loading:_resolve_file:136 - Loading from local directory: /home/y50063564/Qwen3-4B
2026-09-11 03:31:10.638 | INFO     | speculators.utils.loading:_resolve_file:136 - Loading from local directory: /home/y50063564/Qwen3-4B
2026-09-11 03:31:10.639 | WARNING  | speculators.utils.loading:load_model_layers:104 - Tensor 'lm_head.weight' not found in weight_map.
2026-09-11 03:31:10.639 | INFO     | speculators.utils.loading:_resolve_file:136 - Loading from local directory: /home/y50063564/Qwen3-4B
2026-09-11 03:31:10.643 | INFO     | speculators.utils.loading:_resolve_file:136 - Loading from local directory: /home/y50063564/Qwen3-4B
[03:31:21] INFO     get env SAMP_SEED = 42                    patch_getenv.py:15
           INFO     get env DL_IN_ORDER = 1                   patch_getenv.py:15
           INFO     No previous training checkpoint found in      trainer.py:299
                    '/home/y50063564/dataloader_diag/exp/E5_balan               
                    ce_docs/checkpoints'. Starting fresh training               
                    run.                                                        
[03:31:32] INFO     Muon optimizer: 39 2D params via Muon, 23   optimizers.py:76
                    params via AdamW.                                           
           INFO     get env SAMP_BALANCE = docs               patch_getenv.py:15
[timeout] aclrtSetOpExecuteTimeOut(0) rc=0
[03:31:38] INFO     Training epoch 1/1 started                    trainer.py:734
[timeout] aclrtSetOpExecuteTimeOut(0) rc=0
[timeout] aclrtSetOpExecuteTimeOut(0) rc=0
[timeout] aclrtSetOpExecuteTimeOut(0) rc=0
/usr/local/python3.12.13/lib/python3.12/site-packages/torch/_dynamo/_trace_wrapped_higher_order_op.py:147: UserWarning: Cannot create tensor with interal format while allow_internel_format=False, tensor will be created with base format. (Triggered internally at ../torch_npu/csrc/aten/common/TensorFactories.cpp:340.)
  return func(*args, **(kwargs or {}))
/usr/local/python3.12.13/lib/python3.12/site-packages/torch/_dynamo/_trace_wrapped_higher_order_op.py:147: UserWarning: Cannot create tensor with interal format while allow_internel_format=False, tensor will be created with base format. (Triggered internally at ../torch_npu/csrc/aten/common/TensorFactories.cpp:340.)
  return func(*args, **(kwargs or {}))
/usr/local/python3.12.13/lib/python3.12/site-packages/torch/_dynamo/_trace_wrapped_higher_order_op.py:147: UserWarning: Cannot create tensor with interal format while allow_internel_format=False, tensor will be created with base format. (Triggered internally at ../torch_npu/csrc/aten/common/TensorFactories.cpp:340.)
  return func(*args, **(kwargs or {}))
/usr/local/python3.12.13/lib/python3.12/site-packages/torch/_dynamo/_trace_wrapped_higher_order_op.py:147: UserWarning: Cannot create tensor with interal format while allow_internel_format=False, tensor will be created with base format. (Triggered internally at ../torch_npu/csrc/aten/common/TensorFactories.cpp:340.)
  return func(*args, **(kwargs or {}))
[03:31:44] INFO     train/confidence_loss=0.457,                  trainer.py:584
                    train/confidence_abs_error=0.325,                           
                    train/confidence_pred_mean=0.326,                           
                    train/confidence_cumprod_bias=0.192,                        
                    train/loss=0.613, train/ce_loss=2.362,                      
                    train/tv_loss=0.214,                                        
                    train/accept_rate=3.34e-04,                                 
                    train/accept_len=1.000,                                     
                    train/full_acc=0.00e+00,                                    
                    train/position_1_acc=0.00e+00,                              
                    train/position_2_acc=0.00e+00,                              
                    train/position_3_acc=0.00e+00,                              
                    train/position_4_acc=0.00e+00,                              
                    train/position_5_acc=0.00e+00,                              
                    train/position_6_acc=0.00e+00,                              
                    train/position_7_acc=0.00e+00,                              
                    profile/fetch_ms=3.45e+03,                                  
                    profile/fwd_ms=1.55e+03,                                    
                    profile/bwd_ms=325.450, profile/opt_ms=0.238,               
                    profile/step_ms=5.32e+03,                                   
                    profile/tokens_per_s=768.857,                               
                    profile/fetch_frac=0.648, epoch=0,                          
                    lr/Muon=0.00e+00, lr/AdamW=0.00e+00,                        
                    global_step=0                                               
[03:32:07] INFO     train/confidence_loss=0.060,                  trainer.py:584
                    train/confidence_abs_error=0.059,                           
                    train/confidence_pred_mean=0.059,                           
                    train/confidence_cumprod_bias=0.017,                        
                    train/loss=0.444, train/ce_loss=2.275,                      
                    train/tv_loss=0.214,                                        
                    train/accept_rate=3.92e-04,                                 
                    train/accept_len=1.000,                                     
                    train/full_acc=0.00e+00,                                    
                    train/position_1_acc=0.00e+00,                              
                    train/position_2_acc=0.00e+00,                              
                    train/position_3_acc=0.00e+00,                              
                    train/position_4_acc=0.00e+00,                              
                    train/position_5_acc=0.00e+00,                              
                    train/position_6_acc=0.00e+00,                              
                    train/position_7_acc=0.00e+00,                              
                    profile/fetch_ms=1.02e+03,                                  
                    profile/fwd_ms=1.08e+03,                                    
                    profile/bwd_ms=89.419,                                      
                    profile/opt_ms=366.415,                                     
                    profile/step_ms=2.56e+03,                                   
                    profile/tokens_per_s=1.51e+03,                              
                    profile/fetch_frac=0.398, epoch=0,                          
                    lr/Muon=4.37e-04, lr/AdamW=4.37e-05,                        
                    global_step=20                                              
[03:32:30] INFO     train/confidence_loss=0.172,                  trainer.py:584
                    train/confidence_abs_error=0.025,                           
                    train/confidence_pred_mean=4.70e-04,                        
                    train/confidence_cumprod_bias=-0.007,                       
                    train/loss=0.412, train/ce_loss=1.594,                      
                    train/tv_loss=0.205, train/accept_rate=0.044,               
                    train/accept_len=1.049, train/full_acc=0.084,               
                    train/position_1_acc=0.080,                                 
                    train/position_2_acc=0.089,                                 
                    train/position_3_acc=0.083,                                 
                    train/position_4_acc=0.077,                                 
                    train/position_5_acc=0.082,                                 
                    train/position_6_acc=0.088,                                 
                    train/position_7_acc=0.085,                                 
                    profile/fetch_ms=66.177,                                    
                    profile/fwd_ms=1.11e+03,                                    
                    profile/bwd_ms=89.914, profile/opt_ms=0.061,                
                    profile/step_ms=1.27e+03,                                   
                    profile/tokens_per_s=2.84e+03,                              
                    profile/fetch_frac=0.052, epoch=0,                          
                    lr/Muon=8.12e-04, lr/AdamW=8.12e-05,                        
                    global_step=40                                              
[03:32:54] INFO     train/confidence_loss=0.126,                  trainer.py:584
                    train/confidence_abs_error=0.041,                           
                    train/confidence_pred_mean=0.025,                           
                    train/confidence_cumprod_bias=-0.004,                       
                    train/loss=0.366, train/ce_loss=1.356,                      
                    train/tv_loss=0.200, train/accept_rate=0.064,               
                    train/accept_len=1.071, train/full_acc=0.114,               
                    train/position_1_acc=0.101,                                 
                    train/position_2_acc=0.135,                                 
                    train/position_3_acc=0.111,                                 
                    train/position_4_acc=0.116,                                 
                    train/position_5_acc=0.103,                                 
                    train/position_6_acc=0.117,                                 
                    train/position_7_acc=0.119,                                 
                    profile/fetch_ms=33.707,                                    
                    profile/fwd_ms=96.449, profile/bwd_ms=91.684,               
                    profile/opt_ms=0.084,                                       
                    profile/step_ms=221.925,                                    
                    profile/tokens_per_s=1.76e+04,                              
                    profile/fetch_frac=0.152, epoch=0,                          
                    lr/Muon=0.001, lr/AdamW=1.25e-04,                           
                    global_step=60                                              
[03:33:19] INFO     train/confidence_loss=0.145,                  trainer.py:584
                    train/confidence_abs_error=0.042,                           
                    train/confidence_pred_mean=0.013,                           
                    train/confidence_cumprod_bias=-0.010,                       
                    train/loss=0.381, train/ce_loss=1.444,                      
                    train/tv_loss=0.199, train/accept_rate=0.070,               
                    train/accept_len=1.092, train/full_acc=0.096,               
                    train/position_1_acc=0.106,                                 
                    train/position_2_acc=0.088,                                 
                    train/position_3_acc=0.093,                                 
                    train/position_4_acc=0.084,                                 
                    train/position_5_acc=0.107,                                 
                    train/position_6_acc=0.098,                                 
                    train/position_7_acc=0.100,                                 
                    profile/fetch_ms=68.575,                                    
                    profile/fwd_ms=679.015,                                     
                    profile/bwd_ms=92.560,                                      
                    profile/opt_ms=345.633,                                     
                    profile/step_ms=1.19e+03,                                   
                    profile/tokens_per_s=3.24e+03,                              
                    profile/fetch_frac=0.058, epoch=0,                          
                    lr/Muon=0.002, lr/AdamW=1.69e-04,                           
                    global_step=80                                              
[03:33:43] INFO     train/confidence_loss=0.193,                  trainer.py:584
                    train/confidence_abs_error=0.117,                           
                    train/confidence_pred_mean=0.119,                           
                    train/confidence_cumprod_bias=0.017,                        
                    train/loss=0.381, train/ce_loss=1.344,                      
                    train/tv_loss=0.188, train/accept_rate=0.123,               
                    train/accept_len=1.219, train/full_acc=0.147,               
                    train/position_1_acc=0.153,                                 
                    train/position_2_acc=0.156,                                 
                    train/position_3_acc=0.146,                                 
                    train/position_4_acc=0.148,                                 
                    train/position_5_acc=0.139,                                 
                    train/position_6_acc=0.133,                                 
                    train/position_7_acc=0.156,                                 
                    profile/fetch_ms=89.548,                                    
                    profile/fwd_ms=90.591, profile/bwd_ms=91.281,               
                    profile/opt_ms=0.133,                                       
                    profile/step_ms=271.552,                                    
                    profile/tokens_per_s=1.48e+04,                              
                    profile/fetch_frac=0.330, epoch=0,                          
                    lr/Muon=0.002, lr/AdamW=2.06e-04,                           
                    global_step=100                                             
[03:34:07] INFO     train/confidence_loss=0.244,                  trainer.py:584
                    train/confidence_abs_error=0.090,                           
                    train/confidence_pred_mean=0.039,                           
                    train/confidence_cumprod_bias=-0.028,                       
                    train/loss=0.388, train/ce_loss=1.300,                      
                    train/tv_loss=0.179, train/accept_rate=0.160,               
                    train/accept_len=1.279, train/full_acc=0.191,               
                    train/position_1_acc=0.203,                                 
                    train/position_2_acc=0.197,                                 
                    train/position_3_acc=0.188,                                 
                    train/position_4_acc=0.197,                                 
                    train/position_5_acc=0.197,                                 
                    train/position_6_acc=0.179,                                 
                    train/position_7_acc=0.175,                                 
                    profile/fetch_ms=29.150,                                    
                    profile/fwd_ms=97.337, profile/bwd_ms=89.686,               
                    profile/opt_ms=0.066,                                       
                    profile/step_ms=216.238,                                    
                    profile/tokens_per_s=1.88e+04,                              
                    profile/fetch_frac=0.135, epoch=0,                          
                    lr/Muon=0.002, lr/AdamW=2.50e-04,                           
                    global_step=120                                             
[03:34:34] INFO     train/confidence_loss=0.244,                  trainer.py:584
                    train/confidence_abs_error=0.097,                           
                    train/confidence_pred_mean=0.048,                           
                    train/confidence_cumprod_bias=-0.034,                       
                    train/loss=0.381, train/ce_loss=1.275,                      
                    train/tv_loss=0.173, train/accept_rate=0.183,               
                    train/accept_len=1.357, train/full_acc=0.222,               
                    train/position_1_acc=0.242,                                 
                    train/position_2_acc=0.220,                                 
                    train/position_3_acc=0.234,                                 
                    train/position_4_acc=0.202,                                 
                    train/position_5_acc=0.207,                                 
                    train/position_6_acc=0.237,                                 
                    train/position_7_acc=0.214,                                 
                    profile/fetch_ms=75.487,                                    
                    profile/fwd_ms=93.940, profile/bwd_ms=92.712,               
                    profile/opt_ms=269.926,                                     
                    profile/step_ms=532.064,                                    
                    profile/tokens_per_s=7.35e+03,                              
                    profile/fetch_frac=0.142, epoch=0,                          
                    lr/Muon=0.003, lr/AdamW=2.94e-04,                           
                    global_step=140                                             
[03:34:59] INFO     train/confidence_loss=0.246,                  trainer.py:584
                    train/confidence_abs_error=0.144,                           
                    train/confidence_pred_mean=0.174,                           
                    train/confidence_cumprod_bias=0.021,                        
                    train/loss=0.366, train/ce_loss=1.150,                      
                    train/tv_loss=0.167, train/accept_rate=0.211,               
                    train/accept_len=1.392, train/full_acc=0.244,               
                    train/position_1_acc=0.249,                                 
                    train/position_2_acc=0.252,                                 
                    train/position_3_acc=0.247,                                 
                    train/position_4_acc=0.254,                                 
                    train/position_5_acc=0.252,                                 
                    train/position_6_acc=0.227,                                 
                    train/position_7_acc=0.223,                                 
                    profile/fetch_ms=74.259,                                    
                    profile/fwd_ms=89.857, profile/bwd_ms=91.546,               
                    profile/opt_ms=0.123,                                       
                    profile/step_ms=255.786,                                    
                    profile/tokens_per_s=1.54e+04,                              
                    profile/fetch_frac=0.290, epoch=0,                          
                    lr/Muon=0.003, lr/AdamW=3.31e-04,                           
                    global_step=160                                             
[03:35:25] INFO     train/confidence_loss=0.237,                  trainer.py:584
                    train/confidence_abs_error=0.108,                           
                    train/confidence_pred_mean=0.090,                           
                    train/confidence_cumprod_bias=-0.032,                       
                    train/loss=0.359, train/ce_loss=1.156,                      
                    train/tv_loss=0.166, train/accept_rate=0.210,               
                    train/accept_len=1.531, train/full_acc=0.244,               
                    train/position_1_acc=0.316,                                 
                    train/position_2_acc=0.272,                                 
                    train/position_3_acc=0.243,                                 
                    train/position_4_acc=0.233,                                 
                    train/position_5_acc=0.210,                                 
                    train/position_6_acc=0.217,                                 
                    train/position_7_acc=0.214,                                 
                    profile/fetch_ms=4.045,                                     
                    profile/fwd_ms=128.579,                                     
                    profile/bwd_ms=91.305, profile/opt_ms=0.054,                
                    profile/step_ms=223.982,                                    
                    profile/tokens_per_s=1.44e+04,                              
                    profile/fetch_frac=0.018, epoch=0,                          
                    lr/Muon=0.004, lr/AdamW=3.75e-04,                           
                    global_step=180                                             
[03:35:50] INFO     train/confidence_loss=0.244,                  trainer.py:584
                    train/confidence_abs_error=0.104,                           
                    train/confidence_pred_mean=0.105,                           
                    train/confidence_cumprod_bias=-0.026,                       
                    train/loss=0.353, train/ce_loss=1.100,                      
                    train/tv_loss=0.162, train/accept_rate=0.216,               
                    train/accept_len=1.615, train/full_acc=0.261,               
                    train/position_1_acc=0.375,                                 
                    train/position_2_acc=0.331,                                 
                    train/position_3_acc=0.239,                                 
                    train/position_4_acc=0.230,                                 
                    train/position_5_acc=0.218,                                 
                    train/position_6_acc=0.202,                                 
                    train/position_7_acc=0.233,                                 
                    profile/fetch_ms=72.285,                                    
                    profile/fwd_ms=91.268,                                      
                    profile/bwd_ms=103.827,                                     
                    profile/opt_ms=249.363,                                     
                    profile/step_ms=516.744,                                    
                    profile/tokens_per_s=7.07e+03,                              
                    profile/fetch_frac=0.140, epoch=0,                          
                    lr/Muon=0.004, lr/AdamW=4.19e-04,                           
                    global_step=200                                             
[03:36:14] INFO     train/confidence_loss=0.254,                  trainer.py:584
                    train/confidence_abs_error=0.142,                           
                    train/confidence_pred_mean=0.170,                           
                    train/confidence_cumprod_bias=0.018,                        
                    train/loss=0.361, train/ce_loss=1.131,                      
                    train/tv_loss=0.163, train/accept_rate=0.207,               
                    train/accept_len=1.583, train/full_acc=0.235,               
                    train/position_1_acc=0.408,                                 
                    train/position_2_acc=0.258,                                 
                    train/position_3_acc=0.214,                                 
                    train/position_4_acc=0.211,                                 
                    train/position_5_acc=0.196,                                 
                    train/position_6_acc=0.184,                                 
                    train/position_7_acc=0.174,                                 
                    profile/fetch_ms=75.115,                                    
                    profile/fwd_ms=90.026, profile/bwd_ms=91.966,               
                    profile/opt_ms=0.073,                                       
                    profile/step_ms=257.179,                                    
                    profile/tokens_per_s=1.56e+04,                              
                    profile/fetch_frac=0.292, epoch=0,                          
                    lr/Muon=0.005, lr/AdamW=4.56e-04,                           
                    global_step=220                                             
[03:36:36] INFO     train/confidence_loss=0.225,                  trainer.py:584
                    train/confidence_abs_error=0.110,                           
                    train/confidence_pred_mean=0.127,                           
                    train/confidence_cumprod_bias=-0.024,                       
                    train/loss=0.338, train/ce_loss=1.050,                      
                    train/tv_loss=0.159, train/accept_rate=0.218,               
                    train/accept_len=1.726, train/full_acc=0.253,               
                    train/position_1_acc=0.475,                                 
                    train/position_2_acc=0.277,                                 
                    train/position_3_acc=0.236,                                 
                    train/position_4_acc=0.207,                                 
                    train/position_5_acc=0.213,                                 
                    train/position_6_acc=0.182,                                 
                    train/position_7_acc=0.182,                                 
                    profile/fetch_ms=42.516,                                    
                    profile/fwd_ms=98.601, profile/bwd_ms=89.251,               
                    profile/opt_ms=0.071,                                       
                    profile/step_ms=230.438,                                    
                    profile/tokens_per_s=1.66e+04,                              
                    profile/fetch_frac=0.184, epoch=0,                          
                    lr/Muon=0.005, lr/AdamW=5.00e-04,                           
                    global_step=240                                             
[03:36:59] INFO     train/confidence_loss=0.249,                  trainer.py:584
                    train/confidence_abs_error=0.111,                           
                    train/confidence_pred_mean=0.142,                           
                    train/confidence_cumprod_bias=-0.040,                       
                    train/loss=0.303, train/ce_loss=0.831,                      
                    train/tv_loss=0.134, train/accept_rate=0.315,               
                    train/accept_len=2.195, train/full_acc=0.353,               
                    train/position_1_acc=0.624,                                 
                    train/position_2_acc=0.437,                                 
                    train/position_3_acc=0.322,                                 
                    train/position_4_acc=0.300,                                 
                    train/position_5_acc=0.279,                                 
                    train/position_6_acc=0.262,                                 
                    train/position_7_acc=0.241,                                 
                    profile/fetch_ms=73.809,                                    
                    profile/fwd_ms=91.162, profile/bwd_ms=91.785,               
                    profile/opt_ms=234.195,                                     
                    profile/step_ms=490.952,                                    
                    profile/tokens_per_s=7.85e+03,                              
                    profile/fetch_frac=0.150, epoch=0,                          
                    lr/Muon=0.005, lr/AdamW=5.44e-04,                           
                    global_step=260                                             
[03:37:23] INFO     train/confidence_loss=0.211,                  trainer.py:584
                    train/confidence_abs_error=0.106,                           
                    train/confidence_pred_mean=0.144,                           
                    train/confidence_cumprod_bias=0.011,                        
                    train/loss=0.341, train/ce_loss=1.150,                      
                    train/tv_loss=0.156, train/accept_rate=0.221,               
                    train/accept_len=1.768, train/full_acc=0.260,               
                    train/position_1_acc=0.499,                                 
                    train/position_2_acc=0.296,                                 
                    train/position_3_acc=0.235,                                 
                    train/position_4_acc=0.194,                                 
                    train/position_5_acc=0.204,                                 
                    train/position_6_acc=0.198,                                 
                    train/position_7_acc=0.192,                                 
                    profile/fetch_ms=71.415,                                    
                    profile/fwd_ms=88.464, profile/bwd_ms=93.451,               
                    profile/opt_ms=0.083,                                       
                    profile/step_ms=253.415,                                    
                    profile/tokens_per_s=1.49e+04,                              
                    profile/fetch_frac=0.282, epoch=0,                          
                    lr/Muon=0.006, lr/AdamW=5.81e-04,                           
                    global_step=280                                             
[03:37:46] INFO     train/confidence_loss=0.262,                  trainer.py:584
                    train/confidence_abs_error=0.124,                           
                    train/confidence_pred_mean=0.163,                           
                    train/confidence_cumprod_bias=-0.044,                       
                    train/loss=0.281, train/ce_loss=0.709,                      
                    train/tv_loss=0.119, train/accept_rate=0.382,               
                    train/accept_len=2.413, train/full_acc=0.419,               
                    train/position_1_acc=0.692,                                 
                    train/position_2_acc=0.492,                                 
                    train/position_3_acc=0.427,                                 
                    train/position_4_acc=0.358,                                 
                    train/position_5_acc=0.328,                                 
                    train/position_6_acc=0.306,                                 
                    train/position_7_acc=0.328,                                 
                    profile/fetch_ms=3.417,                                     
                    profile/fwd_ms=96.673, profile/bwd_ms=88.576,               
                    profile/opt_ms=0.093,                                       
                    profile/step_ms=188.759,                                    
                    profile/tokens_per_s=2.02e+04,                              
                    profile/fetch_frac=0.018, epoch=0,                          
                    lr/Muon=0.006, lr/AdamW=6.00e-04,                           
                    global_step=300                                             
[03:38:11] INFO     train/confidence_loss=0.252,                  trainer.py:584
                    train/confidence_abs_error=0.104,                           
                    train/confidence_pred_mean=0.103,                           
                    train/confidence_cumprod_bias=-0.028,                       
                    train/loss=0.325, train/ce_loss=0.944,                      
                    train/tv_loss=0.144, train/accept_rate=0.271,               
                    train/accept_len=1.908, train/full_acc=0.305,               
                    train/position_1_acc=0.579,                                 
                    train/position_2_acc=0.322,                                 
                    train/position_3_acc=0.301,                                 
                    train/position_4_acc=0.255,                                 
                    train/position_5_acc=0.232,                                 
                    train/position_6_acc=0.225,                                 
                    train/position_7_acc=0.216,                                 
                    profile/fetch_ms=1.86e+03,                                  
                    profile/fwd_ms=89.413, profile/bwd_ms=94.079,               
                    profile/opt_ms=645.061,                                     
                    profile/step_ms=2.68e+03,                                   
                    profile/tokens_per_s=1.35e+03,                              
                    profile/fetch_frac=0.691, epoch=0,                          
                    lr/Muon=0.006, lr/AdamW=5.99e-04,                           
                    global_step=320                                             
[03:38:34] INFO     train/confidence_loss=0.258,                  trainer.py:584
                    train/confidence_abs_error=0.149,                           
                    train/confidence_pred_mean=0.260,                           
                    train/confidence_cumprod_bias=0.047,                        
                    train/loss=0.294, train/ce_loss=0.791,                      
                    train/tv_loss=0.125, train/accept_rate=0.351,               
                    train/accept_len=2.332, train/full_acc=0.385,               
                    train/position_1_acc=0.686,                                 
                    train/position_2_acc=0.447,                                 
                    train/position_3_acc=0.363,                                 
                    train/position_4_acc=0.302,                                 
                    train/position_5_acc=0.330,                                 
                    train/position_6_acc=0.288,                                 
                    train/position_7_acc=0.274,                                 
                    profile/fetch_ms=71.284,                                    
                    profile/fwd_ms=95.324, profile/bwd_ms=87.539,               
                    profile/opt_ms=0.193,                                       
                    profile/step_ms=254.339,                                    
                    profile/tokens_per_s=1.51e+04,                              
                    profile/fetch_frac=0.280, epoch=0,                          
                    lr/Muon=0.006, lr/AdamW=5.99e-04,                           
                    global_step=340                                             
[03:38:59] INFO     train/confidence_loss=0.256,                  trainer.py:584
                    train/confidence_abs_error=0.117,                           
                    train/confidence_pred_mean=0.141,                           
                    train/confidence_cumprod_bias=-0.039,                       
                    train/loss=0.302, train/ce_loss=0.825,                      
                    train/tv_loss=0.130, train/accept_rate=0.327,               
                    train/accept_len=2.232, train/full_acc=0.355,               
                    train/position_1_acc=0.661,                                 
                    train/position_2_acc=0.408,                                 
                    train/position_3_acc=0.334,                                 
                    train/position_4_acc=0.298,                                 
                    train/position_5_acc=0.270,                                 
                    train/position_6_acc=0.252,                                 
                    train/position_7_acc=0.258,                                 
                    profile/fetch_ms=2.00e+03,                                  
                    profile/fwd_ms=92.285, profile/bwd_ms=89.736,               
                    profile/opt_ms=0.073,                                       
                    profile/step_ms=2.19e+03,                                   
                    profile/tokens_per_s=1.79e+03,                              
                    profile/fetch_frac=0.917, epoch=0,                          
                    lr/Muon=0.006, lr/AdamW=5.98e-04,                           
                    global_step=360                                             
[03:39:24] INFO     train/confidence_loss=0.234,                  trainer.py:584
                    train/confidence_abs_error=0.112,                           
                    train/confidence_pred_mean=0.156,                           
                    train/confidence_cumprod_bias=-0.022,                       
                    train/loss=0.302, train/ce_loss=0.887,                      
                    train/tv_loss=0.133, train/accept_rate=0.325,               
                    train/accept_len=2.213, train/full_acc=0.358,               
                    train/position_1_acc=0.638,                                 
                    train/position_2_acc=0.400,                                 
                    train/position_3_acc=0.333,                                 
                    train/position_4_acc=0.292,                                 
                    train/position_5_acc=0.303,                                 
                    train/position_6_acc=0.288,                                 
                    train/position_7_acc=0.251,                                 
                    profile/fetch_ms=1.42e+03,                                  
                    profile/fwd_ms=112.141,                                     
                    profile/bwd_ms=96.142,                                      
                    profile/opt_ms=302.080,                                     
                    profile/step_ms=1.93e+03,                                   
                    profile/tokens_per_s=2.03e+03,                              
                    profile/fetch_frac=0.735, epoch=0,                          
                    lr/Muon=0.006, lr/AdamW=5.98e-04,                           
                    global_step=380                                             
[03:39:47] INFO     train/confidence_loss=0.234,                  trainer.py:584
                    train/confidence_abs_error=0.125,                           
                    train/confidence_pred_mean=0.215,                           
                    train/confidence_cumprod_bias=0.025,                        
                    train/loss=0.300, train/ce_loss=0.869,                      
                    train/tv_loss=0.134, train/accept_rate=0.316,               
                    train/accept_len=2.179, train/full_acc=0.339,               
                    train/position_1_acc=0.628,                                 
                    train/position_2_acc=0.392,                                 
                    train/position_3_acc=0.332,                                 
                    train/position_4_acc=0.280,                                 
                    train/position_5_acc=0.267,                                 
                    train/position_6_acc=0.242,                                 
                    train/position_7_acc=0.231,                                 
                    profile/fetch_ms=2.29e+03,                                  
                    profile/fwd_ms=91.349, profile/bwd_ms=91.124,               
                    profile/opt_ms=0.117,                                       
                    profile/step_ms=2.47e+03,                                   
                    profile/tokens_per_s=1.60e+03,                              
                    profile/fetch_frac=0.926, epoch=0,                          
                    lr/Muon=0.006, lr/AdamW=5.98e-04,                           
                    global_step=400                                             
[03:40:11] INFO     train/confidence_loss=0.254,                  trainer.py:584
                    train/confidence_abs_error=0.121,                           
                    train/confidence_pred_mean=0.161,                           
                    train/confidence_cumprod_bias=-0.014,                       
                    train/loss=0.300, train/ce_loss=0.806,                      
                    train/tv_loss=0.131, train/accept_rate=0.322,               
                    train/accept_len=2.158, train/full_acc=0.362,               
                    train/position_1_acc=0.651,                                 
                    train/position_2_acc=0.443,                                 
                    train/position_3_acc=0.341,                                 
                    train/position_4_acc=0.302,                                 
                    train/position_5_acc=0.295,                                 
                    train/position_6_acc=0.260,                                 
                    train/position_7_acc=0.242,                                 
                    profile/fetch_ms=1.01e+03,                                  
                    profile/fwd_ms=146.617,                                     
                    profile/bwd_ms=91.178, profile/opt_ms=0.108,                
                    profile/step_ms=1.25e+03,                                   
                    profile/tokens_per_s=2.88e+03,                              
                    profile/fetch_frac=0.810, epoch=0,                          
                    lr/Muon=0.006, lr/AdamW=5.97e-04,                           
                    global_step=420                                             
[03:40:37] INFO     train/confidence_loss=0.229,                  trainer.py:584
                    train/confidence_abs_error=0.108,                           
                    train/confidence_pred_mean=0.152,                           
                    train/confidence_cumprod_bias=-0.013,                       
                    train/loss=0.311, train/ce_loss=0.956,                      
                    train/tv_loss=0.138, train/accept_rate=0.298,               
                    train/accept_len=2.094, train/full_acc=0.332,               
                    train/position_1_acc=0.608,                                 
                    train/position_2_acc=0.376,                                 
                    train/position_3_acc=0.309,                                 
                    train/position_4_acc=0.298,                                 
                    train/position_5_acc=0.255,                                 
                    train/position_6_acc=0.250,                                 
                    train/position_7_acc=0.225,                                 
                    profile/fetch_ms=72.929,                                    
                    profile/fwd_ms=1.14e+03,                                    
                    profile/bwd_ms=101.475,                                     
                    profile/opt_ms=245.509,                                     
                    profile/step_ms=1.56e+03,                                   
                    profile/tokens_per_s=2.57e+03,                              
                    profile/fetch_frac=0.047, epoch=0,                          
                    lr/Muon=0.006, lr/AdamW=5.97e-04,                           
                    global_step=440                                             
[03:41:02] INFO     train/confidence_loss=0.258,                  trainer.py:584
                    train/confidence_abs_error=0.141,                           
                    train/confidence_pred_mean=0.256,                           
                    train/confidence_cumprod_bias=0.042,                        
                    train/loss=0.289, train/ce_loss=0.759,                      
                    train/tv_loss=0.121, train/accept_rate=0.357,               
                    train/accept_len=2.412, train/full_acc=0.390,               
                    train/position_1_acc=0.712,                                 
                    train/position_2_acc=0.473,                                 
                    train/position_3_acc=0.408,                                 
                    train/position_4_acc=0.329,                                 
                    train/position_5_acc=0.291,                                 
                    train/position_6_acc=0.273,                                 
                    train/position_7_acc=0.239,                                 
                    profile/fetch_ms=68.653,                                    
                    profile/fwd_ms=91.202, profile/bwd_ms=92.138,               
                    profile/opt_ms=0.098,                                       
                    profile/step_ms=252.090,                                    
                    profile/tokens_per_s=1.59e+04,                              
                    profile/fetch_frac=0.272, epoch=0,                          
                    lr/Muon=0.006, lr/AdamW=5.96e-04,                           
                    global_step=460                                             
[03:41:25] INFO     train/confidence_loss=0.246,                  trainer.py:584
                    train/confidence_abs_error=0.121,                           
                    train/confidence_pred_mean=0.170,                           
                    train/confidence_cumprod_bias=-0.022,                       
                    train/loss=0.294, train/ce_loss=0.800,                      
                    train/tv_loss=0.128, train/accept_rate=0.336,               
                    train/accept_len=2.267, train/full_acc=0.375,               
                    train/position_1_acc=0.685,                                 
                    train/position_2_acc=0.429,                                 
                    train/position_3_acc=0.365,                                 
                    train/position_4_acc=0.313,                                 
                    train/position_5_acc=0.317,                                 
                    train/position_6_acc=0.246,                                 
                    train/position_7_acc=0.267,                                 
                    profile/fetch_ms=42.628,                                    
                    profile/fwd_ms=97.718, profile/bwd_ms=89.799,               
                    profile/opt_ms=0.099,                                       
                    profile/step_ms=230.244,                                    
                    profile/tokens_per_s=1.56e+04,                              
                    profile/fetch_frac=0.185, epoch=0,                          
                    lr/Muon=0.006, lr/AdamW=5.96e-04,                           
                    global_step=480                                             
[03:41:50] INFO     train/confidence_loss=0.248,                  trainer.py:584
                    train/confidence_abs_error=0.122,                           
                    train/confidence_pred_mean=0.198,                           
                    train/confidence_cumprod_bias=-0.023,                       
                    train/loss=0.266, train/ce_loss=0.656,                      
                    train/tv_loss=0.112, train/accept_rate=0.399,               
                    train/accept_len=2.627, train/full_acc=0.438,               
                    train/position_1_acc=0.767,                                 
                    train/position_2_acc=0.542,                                 
                    train/position_3_acc=0.451,                                 
                    train/position_4_acc=0.376,                                 
                    train/position_5_acc=0.346,                                 
                    train/position_6_acc=0.295,                                 
                    train/position_7_acc=0.287,                                 
                    profile/fetch_ms=76.040,                                    
                    profile/fwd_ms=415.405,                                     
                    profile/bwd_ms=94.215,                                      
                    profile/opt_ms=301.261,                                     
                    profile/step_ms=886.922,                                    
                    profile/tokens_per_s=4.17e+03,                              
                    profile/fetch_frac=0.086, epoch=0,                          
                    lr/Muon=0.006, lr/AdamW=5.96e-04,                           
                    global_step=500                                             
[03:42:13] INFO     train/confidence_loss=0.258,                  trainer.py:584
                    train/confidence_abs_error=0.128,                           
                    train/confidence_pred_mean=0.174,                           
                    train/confidence_cumprod_bias=-0.047,                       
                    train/loss=0.284, train/ce_loss=0.738,                      
                    train/tv_loss=0.120, train/accept_rate=0.371,               
                    train/accept_len=2.396, train/full_acc=0.405,               
                    train/position_1_acc=0.755,                                 
                    train/position_2_acc=0.495,                                 
                    train/position_3_acc=0.389,                                 
                    train/position_4_acc=0.324,                                 
                    train/position_5_acc=0.324,                                 
                    train/position_6_acc=0.251,                                 
                    train/position_7_acc=0.299,                                 
                    profile/fetch_ms=56.067,                                    
                    profile/fwd_ms=477.728,                                     
                    profile/bwd_ms=90.913, profile/opt_ms=0.114,                
                    profile/step_ms=624.822,                                    
                    profile/tokens_per_s=6.17e+03,                              
                    profile/fetch_frac=0.090, epoch=0,                          
                    lr/Muon=0.006, lr/AdamW=5.95e-04,                           
                    global_step=520                                             
[03:42:37] INFO     train/confidence_loss=0.250,                  trainer.py:584
                    train/confidence_abs_error=0.142,                           
                    train/confidence_pred_mean=0.250,                           
                    train/confidence_cumprod_bias=-0.002,                       
                    train/loss=0.269, train/ce_loss=0.675,                      
                    train/tv_loss=0.112, train/accept_rate=0.407,               
                    train/accept_len=2.679, train/full_acc=0.442,               
                    train/position_1_acc=0.749,                                 
                    train/position_2_acc=0.540,                                 
                    train/position_3_acc=0.453,                                 
                    train/position_4_acc=0.389,                                 
                    train/position_5_acc=0.342,                                 
                    train/position_6_acc=0.320,                                 
                    train/position_7_acc=0.296,                                 
                    profile/fetch_ms=172.783,                                   
                    profile/fwd_ms=1.39e+03,                                    
                    profile/bwd_ms=90.358, profile/opt_ms=0.099,                
                    profile/step_ms=1.66e+03,                                   
                    profile/tokens_per_s=2.40e+03,                              
                    profile/fetch_frac=0.104, epoch=0,                          
                    lr/Muon=0.006, lr/AdamW=5.95e-04,                           
                    global_step=540                                             
[03:43:02] INFO     train/confidence_loss=0.249,                  trainer.py:584
                    train/confidence_abs_error=0.134,                           
                    train/confidence_pred_mean=0.208,                           
                    train/confidence_cumprod_bias=0.025,                        
                    train/loss=0.300, train/ce_loss=0.825,                      
                    train/tv_loss=0.130, train/accept_rate=0.325,               
                    train/accept_len=2.176, train/full_acc=0.361,               
                    train/position_1_acc=0.691,                                 
                    train/position_2_acc=0.430,                                 
                    train/position_3_acc=0.334,                                 
                    train/position_4_acc=0.313,                                 
                    train/position_5_acc=0.253,                                 
                    train/position_6_acc=0.263,                                 
                    train/position_7_acc=0.244,                                 
                    profile/fetch_ms=68.423,                                    
                    profile/fwd_ms=106.472,                                     
                    profile/bwd_ms=92.973,                                      
                    profile/opt_ms=297.378,                                     
                    profile/step_ms=565.246,                                    
                    profile/tokens_per_s=6.96e+03,                              
                    profile/fetch_frac=0.121, epoch=0,                          
                    lr/Muon=0.006, lr/AdamW=5.94e-04,                           
                    global_step=560                                             
[03:43:26] INFO     train/confidence_loss=0.239,                  trainer.py:584
                    train/confidence_abs_error=0.114,                           
                    train/confidence_pred_mean=0.215,                           
                    train/confidence_cumprod_bias=-0.012,                       
                    train/loss=0.256, train/ce_loss=0.619,                      
                    train/tv_loss=0.109, train/accept_rate=0.420,               
                    train/accept_len=2.757, train/full_acc=0.455,               
                    train/position_1_acc=0.761,                                 
                    train/position_2_acc=0.542,                                 
                    train/position_3_acc=0.469,                                 
                    train/position_4_acc=0.415,                                 
                    train/position_5_acc=0.328,                                 
                    train/position_6_acc=0.339,                                 
                    train/position_7_acc=0.327,                                 
                    profile/fetch_ms=69.335,                                    
                    profile/fwd_ms=360.041,                                     
                    profile/bwd_ms=91.381, profile/opt_ms=0.069,                
                    profile/step_ms=520.826,                                    
                    profile/tokens_per_s=7.65e+03,                              
                    profile/fetch_frac=0.133, epoch=0,                          
                    lr/Muon=0.006, lr/AdamW=5.94e-04,                           
                    global_step=580                                             
[03:43:50] INFO     train/confidence_loss=0.250,                  trainer.py:584
                    train/confidence_abs_error=0.133,                           
                    train/confidence_pred_mean=0.231,                           
                    train/confidence_cumprod_bias=0.027,                        
                    train/loss=0.287, train/ce_loss=0.787,                      
                    train/tv_loss=0.122, train/accept_rate=0.361,               
                    train/accept_len=2.342, train/full_acc=0.391,               
                    train/position_1_acc=0.678,                                 
                    train/position_2_acc=0.481,                                 
                    train/position_3_acc=0.400,                                 
                    train/position_4_acc=0.318,                                 
                    train/position_5_acc=0.310,                                 
                    train/position_6_acc=0.285,                                 
                    train/position_7_acc=0.259,                                 
                    profile/fetch_ms=3.308,                                     
                    profile/fwd_ms=92.447, profile/bwd_ms=88.899,               
                    profile/opt_ms=0.070,                                       
                    profile/step_ms=184.725,                                    
                    profile/tokens_per_s=2.07e+04,                              
                    profile/fetch_frac=0.018, epoch=0,                          
                    lr/Muon=0.006, lr/AdamW=5.93e-04,                           
                    global_step=600                                             
[03:44:15] INFO     train/confidence_loss=0.254,                  trainer.py:584
                    train/confidence_abs_error=0.137,                           
                    train/confidence_pred_mean=0.273,                           
                    train/confidence_cumprod_bias=0.032,                        
                    train/loss=0.259, train/ce_loss=0.609,                      
                    train/tv_loss=0.109, train/accept_rate=0.416,               
                    train/accept_len=2.714, train/full_acc=0.448,               
                    train/position_1_acc=0.781,                                 
                    train/position_2_acc=0.526,                                 
                    train/position_3_acc=0.484,                                 
                    train/position_4_acc=0.358,                                 
                    train/position_5_acc=0.354,                                 
                    train/position_6_acc=0.322,                                 
                    train/position_7_acc=0.309,                                 
                    profile/fetch_ms=70.906,                                    
                    profile/fwd_ms=90.815, profile/bwd_ms=91.970,               
                    profile/opt_ms=246.459,                                     
                    profile/step_ms=500.150,                                    
                    profile/tokens_per_s=7.94e+03,                              
                    profile/fetch_frac=0.142, epoch=0,                          
                    lr/Muon=0.006, lr/AdamW=5.93e-04,                           
                    global_step=620                                             
[03:44:39] INFO     train/confidence_loss=0.256,                  trainer.py:584
                    train/confidence_abs_error=0.142,                           
                    train/confidence_pred_mean=0.279,                           
                    train/confidence_cumprod_bias=0.039,                        
                    train/loss=0.272, train/ce_loss=0.684,                      
                    train/tv_loss=0.113, train/accept_rate=0.402,               
                    train/accept_len=2.608, train/full_acc=0.440,               
                    train/position_1_acc=0.756,                                 
                    train/position_2_acc=0.526,                                 
                    train/position_3_acc=0.433,                                 
                    train/position_4_acc=0.386,                                 
                    train/position_5_acc=0.332,                                 
                    train/position_6_acc=0.332,                                 
                    train/position_7_acc=0.310,                                 
                    profile/fetch_ms=66.943,                                    
                    profile/fwd_ms=805.893,                                     
                    profile/bwd_ms=91.388, profile/opt_ms=0.118,                
                    profile/step_ms=964.343,                                    
                    profile/tokens_per_s=3.96e+03,                              
                    profile/fetch_frac=0.069, epoch=0,                          
                    lr/Muon=0.006, lr/AdamW=5.93e-04,                           
                    global_step=640                                             
[03:45:03] INFO     train/confidence_loss=0.236,                  trainer.py:584
                    train/confidence_abs_error=0.117,                           
                    train/confidence_pred_mean=0.188,                           
                    train/confidence_cumprod_bias=-0.028,                       
                    train/loss=0.284, train/ce_loss=0.781,                      
                    train/tv_loss=0.122, train/accept_rate=0.366,               
                    train/accept_len=2.416, train/full_acc=0.392,               
                    train/position_1_acc=0.658,                                 
                    train/position_2_acc=0.469,                                 
                    train/position_3_acc=0.393,                                 
                    train/position_4_acc=0.350,                                 
                    train/position_5_acc=0.300,                                 
                    train/position_6_acc=0.286,                                 
                    train/position_7_acc=0.286,                                 
                    profile/fetch_ms=6.292,                                     
                    profile/fwd_ms=1.41e+03,                                    
                    profile/bwd_ms=96.940, profile/opt_ms=0.078,                
                    profile/step_ms=1.51e+03,                                   
                    profile/tokens_per_s=2.65e+03,                              
                    profile/fetch_frac=0.004, epoch=0,                          
                    lr/Muon=0.006, lr/AdamW=5.92e-04,                           
                    global_step=660                                             
[03:45:29] INFO     train/confidence_loss=0.254,                  trainer.py:584
                    train/confidence_abs_error=0.120,                           
                    train/confidence_pred_mean=0.185,                           
                    train/confidence_cumprod_bias=-0.033,                       
                    train/loss=0.269, train/ce_loss=0.653,                      
                    train/tv_loss=0.114, train/accept_rate=0.397,               
                    train/accept_len=2.560, train/full_acc=0.435,               
                    train/position_1_acc=0.751,                                 
                    train/position_2_acc=0.523,                                 
                    train/position_3_acc=0.405,                                 
                    train/position_4_acc=0.377,                                 
                    train/position_5_acc=0.352,                                 
                    train/position_6_acc=0.345,                                 
                    train/position_7_acc=0.290,                                 
                    profile/fetch_ms=1.09e+03,                                  
                    profile/fwd_ms=867.928,                                     
                    profile/bwd_ms=97.490,                                      
                    profile/opt_ms=312.276,                                     
                    profile/step_ms=2.37e+03,                                   
                    profile/tokens_per_s=1.63e+03,                              
                    profile/fetch_frac=0.461, epoch=0,                          
                    lr/Muon=0.006, lr/AdamW=5.92e-04,                           
                    global_step=680                                             
[03:45:53] INFO     train/confidence_loss=0.244,                  trainer.py:584
                    train/confidence_abs_error=0.134,                           
                    train/confidence_pred_mean=0.244,                           
                    train/confidence_cumprod_bias=0.033,                        
                    train/loss=0.292, train/ce_loss=0.838,                      
                    train/tv_loss=0.123, train/accept_rate=0.360,               
                    train/accept_len=2.399, train/full_acc=0.391,               
                    train/position_1_acc=0.688,                                 
                    train/position_2_acc=0.462,                                 
                    train/position_3_acc=0.359,                                 
                    train/position_4_acc=0.345,                                 
                    train/position_5_acc=0.327,                                 
                    train/position_6_acc=0.288,                                 
                    train/position_7_acc=0.269,                                 
                    profile/fetch_ms=2.20e+03,                                  
                    profile/fwd_ms=92.839,                                      
                    profile/bwd_ms=129.241, profile/opt_ms=0.086,               
                    profile/step_ms=2.43e+03,                                   
                    profile/tokens_per_s=1.66e+03,                              
                    profile/fetch_frac=0.908, epoch=0,                          
                    lr/Muon=0.006, lr/AdamW=5.91e-04,                           
                    global_step=700                                             
[03:46:18] INFO     train/confidence_loss=0.234,                  trainer.py:584
                    train/confidence_abs_error=0.123,                           
                    train/confidence_pred_mean=0.223,                           
                    train/confidence_cumprod_bias=-0.042,                       
                    train/loss=0.248, train/ce_loss=0.619,                      
                    train/tv_loss=0.103, train/accept_rate=0.439,               
                    train/accept_len=2.932, train/full_acc=0.470,               
                    train/position_1_acc=0.801,                                 
                    train/position_2_acc=0.577,                                 
                    train/position_3_acc=0.466,                                 
                    train/position_4_acc=0.394,                                 
                    train/position_5_acc=0.372,                                 
                    train/position_6_acc=0.358,                                 
                    train/position_7_acc=0.314,                                 
                    profile/fetch_ms=1.50e+03,                                  
                    profile/fwd_ms=1.11e+03,                                    
                    profile/bwd_ms=88.396, profile/opt_ms=0.110,                
                    profile/step_ms=2.70e+03,                                   
                    profile/tokens_per_s=1.51e+03,                              
                    profile/fetch_frac=0.554, epoch=0,                          
                    lr/Muon=0.006, lr/AdamW=5.91e-04,                           
                    global_step=720                                             
[03:46:44] INFO     train/confidence_loss=0.249,                  trainer.py:584
                    train/confidence_abs_error=0.124,                           
                    train/confidence_pred_mean=0.200,                           
                    train/confidence_cumprod_bias=-0.041,                       
                    train/loss=0.253, train/ce_loss=0.591,                      
                    train/tv_loss=0.105, train/accept_rate=0.429,               
                    train/accept_len=2.785, train/full_acc=0.476,               
                    train/position_1_acc=0.795,                                 
                    train/position_2_acc=0.589,                                 
                    train/position_3_acc=0.464,                                 
                    train/position_4_acc=0.412,                                 
                    train/position_5_acc=0.392,                                 
                    train/position_6_acc=0.352,                                 
                    train/position_7_acc=0.327,                                 
                    profile/fetch_ms=63.171,                                    
                    profile/fwd_ms=2.33e+03,                                    
                    profile/bwd_ms=101.964,                                     
                    profile/opt_ms=261.735,                                     
                    profile/step_ms=2.76e+03,                                   
                    profile/tokens_per_s=1.25e+03,                              
                    profile/fetch_frac=0.023, epoch=0,                          
                    lr/Muon=0.006, lr/AdamW=5.91e-04,                           
                    global_step=740                                             
[03:47:08] INFO     train/confidence_loss=0.256,                  trainer.py:584
                    train/confidence_abs_error=0.138,                           
                    train/confidence_pred_mean=0.249,                           
                    train/confidence_cumprod_bias=0.018,                        
                    train/loss=0.272, train/ce_loss=0.691,                      
                    train/tv_loss=0.113, train/accept_rate=0.398,               
                    train/accept_len=2.569, train/full_acc=0.431,               
                    train/position_1_acc=0.760,                                 
                    train/position_2_acc=0.520,                                 
                    train/position_3_acc=0.422,                                 
                    train/position_4_acc=0.379,                                 
                    train/position_5_acc=0.351,                                 
                    train/position_6_acc=0.309,                                 
                    train/position_7_acc=0.274,                                 
                    profile/fetch_ms=64.506,                                    
                    profile/fwd_ms=1.32e+03,                                    
                    profile/bwd_ms=88.336, profile/opt_ms=0.071,                
                    profile/step_ms=1.48e+03,                                   
                    profile/tokens_per_s=2.65e+03,                              
                    profile/fetch_frac=0.044, epoch=0,                          
                    lr/Muon=0.006, lr/AdamW=5.90e-04,                           
                    global_step=760                                             
[03:47:32] INFO     train/confidence_loss=0.238,                  trainer.py:584
                    train/confidence_abs_error=0.131,                           
                    train/confidence_pred_mean=0.234,                           
                    train/confidence_cumprod_bias=0.012,                        
                    train/loss=0.286, train/ce_loss=0.800,                      
                    train/tv_loss=0.124, train/accept_rate=0.352,               
                    train/accept_len=2.444, train/full_acc=0.380,               
                    train/position_1_acc=0.733,                                 
                    train/position_2_acc=0.449,                                 
                    train/position_3_acc=0.347,                                 
                    train/position_4_acc=0.312,                                 
                    train/position_5_acc=0.287,                                 
                    train/position_6_acc=0.253,                                 
                    train/position_7_acc=0.271,                                 
                    profile/fetch_ms=3.841,                                     
                    profile/fwd_ms=1.20e+03,                                    
                    profile/bwd_ms=89.479, profile/opt_ms=0.095,                
                    profile/step_ms=1.29e+03,                                   
                    profile/tokens_per_s=2.96e+03,                              
                    profile/fetch_frac=0.003, epoch=0,                          
                    lr/Muon=0.006, lr/AdamW=5.90e-04,                           
                    global_step=780                                             
[03:47:54] INFO     train/confidence_loss=0.246,                  trainer.py:584
                    train/confidence_abs_error=0.133,                           
                    train/confidence_pred_mean=0.291,                           
                    train/confidence_cumprod_bias=0.047,                        
                    train/loss=0.256, train/ce_loss=0.631,                      
                    train/tv_loss=0.106, train/accept_rate=0.431,               
                    train/accept_len=2.806, train/full_acc=0.460,               
                    train/position_1_acc=0.767,                                 
                    train/position_2_acc=0.563,                                 
                    train/position_3_acc=0.444,                                 
                    train/position_4_acc=0.408,                                 
                    train/position_5_acc=0.364,                                 
                    train/position_6_acc=0.352,                                 
                    train/position_7_acc=0.320,                                 
                    profile/fetch_ms=70.609,                                    
                    profile/fwd_ms=2.13e+03,                                    
                    profile/bwd_ms=94.559,                                      
                    profile/opt_ms=331.830,                                     
                    profile/step_ms=2.62e+03,                                   
                    profile/tokens_per_s=1.53e+03,                              
                    profile/fetch_frac=0.027, epoch=0,                          
                    lr/Muon=0.006, lr/AdamW=5.89e-04,                           
                    global_step=800                                             
[03:48:20] INFO     train/confidence_loss=0.256,                  trainer.py:584
                    train/confidence_abs_error=0.121,                           
                    train/confidence_pred_mean=0.190,                           
                    train/confidence_cumprod_bias=-0.025,                       
                    train/loss=0.273, train/ce_loss=0.688,                      
                    train/tv_loss=0.114, train/accept_rate=0.395,               
                    train/accept_len=2.543, train/full_acc=0.434,               
                    train/position_1_acc=0.737,                                 
                    train/position_2_acc=0.528,                                 
                    train/position_3_acc=0.436,                                 
                    train/position_4_acc=0.383,                                 
                    train/position_5_acc=0.324,                                 
                    train/position_6_acc=0.332,                                 
                    train/position_7_acc=0.293,                                 
                    profile/fetch_ms=66.526,                                    
                    profile/fwd_ms=1.64e+03,                                    
                    profile/bwd_ms=88.869, profile/opt_ms=0.107,                
                    profile/step_ms=1.79e+03,                                   
                    profile/tokens_per_s=2.05e+03,                              
                    profile/fetch_frac=0.037, epoch=0,                          
                    lr/Muon=0.006, lr/AdamW=5.89e-04,                           
                    global_step=820                                             
[03:48:43] INFO     train/confidence_loss=0.246,                  trainer.py:584
                    train/confidence_abs_error=0.137,                           
                    train/confidence_pred_mean=0.268,                           
                    train/confidence_cumprod_bias=0.023,                        
                    train/loss=0.263, train/ce_loss=0.650,                      
                    train/tv_loss=0.109, train/accept_rate=0.410,               
                    train/accept_len=2.699, train/full_acc=0.445,               
                    train/position_1_acc=0.801,                                 
                    train/position_2_acc=0.524,                                 
                    train/position_3_acc=0.413,                                 
                    train/position_4_acc=0.355,                                 
                    train/position_5_acc=0.360,                                 
                    train/position_6_acc=0.343,                                 
                    train/position_7_acc=0.314,                                 
                    profile/fetch_ms=3.415,                                     
                    profile/fwd_ms=672.253,                                     
                    profile/bwd_ms=87.212, profile/opt_ms=0.099,                
                    profile/step_ms=762.978,                                    
                    profile/tokens_per_s=4.04e+03,                              
                    profile/fetch_frac=0.004, epoch=0,                          
                    lr/Muon=0.006, lr/AdamW=5.88e-04,                           
                    global_step=840                                             
[03:49:08] INFO     train/confidence_loss=0.234,                  trainer.py:584
                    train/confidence_abs_error=0.124,                           
                    train/confidence_pred_mean=0.258,                           
                    train/confidence_cumprod_bias=0.002,                        
                    train/loss=0.245, train/ce_loss=0.594,                      
                    train/tv_loss=0.102, train/accept_rate=0.450,               
                    train/accept_len=2.938, train/full_acc=0.482,               
                    train/position_1_acc=0.784,                                 
                    train/position_2_acc=0.611,                                 
                    train/position_3_acc=0.489,                                 
                    train/position_4_acc=0.428,                                 
                    train/position_5_acc=0.369,                                 
                    train/position_6_acc=0.340,                                 
                    train/position_7_acc=0.351,                                 
                    profile/fetch_ms=68.088,                                    
                    profile/fwd_ms=2.53e+03,                                    
                    profile/bwd_ms=94.264,                                      
                    profile/opt_ms=299.296,                                     
                    profile/step_ms=3.00e+03,                                   
                    profile/tokens_per_s=1.33e+03,                              
                    profile/fetch_frac=0.023, epoch=0,                          
                    lr/Muon=0.006, lr/AdamW=5.88e-04,                           
                    global_step=860                                             
[03:49:32] INFO     train/confidence_loss=0.244,                  trainer.py:584
                    train/confidence_abs_error=0.117,                           
                    train/confidence_pred_mean=0.205,                           
                    train/confidence_cumprod_bias=-0.025,                       
                    train/loss=0.263, train/ce_loss=0.662,                      
                    train/tv_loss=0.110, train/accept_rate=0.411,               
                    train/accept_len=2.720, train/full_acc=0.439,               
                    train/position_1_acc=0.770,                                 
                    train/position_2_acc=0.534,                                 
                    train/position_3_acc=0.427,                                 
                    train/position_4_acc=0.399,                                 
                    train/position_5_acc=0.331,                                 
                    train/position_6_acc=0.325,                                 
                    train/position_7_acc=0.284,                                 
                    profile/fetch_ms=69.142,                                    
                    profile/fwd_ms=1.85e+03,                                    
                    profile/bwd_ms=90.946, profile/opt_ms=0.088,                
                    profile/step_ms=2.01e+03,                                   
                    profile/tokens_per_s=1.99e+03,                              
                    profile/fetch_frac=0.034, epoch=0,                          
                    lr/Muon=0.006, lr/AdamW=5.88e-04,                           
                    global_step=880                                             
[03:49:58] INFO     train/confidence_loss=0.240,                  trainer.py:584
                    train/confidence_abs_error=0.130,                           
                    train/confidence_pred_mean=0.255,                           
                    train/confidence_cumprod_bias=0.026,                        
                    train/loss=0.272, train/ce_loss=0.728,                      
                    train/tv_loss=0.115, train/accept_rate=0.395,               
                    train/accept_len=2.542, train/full_acc=0.429,               
                    train/position_1_acc=0.729,                                 
                    train/position_2_acc=0.494,                                 
                    train/position_3_acc=0.436,                                 
                    train/position_4_acc=0.374,                                 
                    train/position_5_acc=0.335,                                 
                    train/position_6_acc=0.322,                                 
                    train/position_7_acc=0.307,                                 
                    profile/fetch_ms=39.504,                                    
                    profile/fwd_ms=1.81e+03,                                    
                    profile/bwd_ms=87.121, profile/opt_ms=0.100,                
                    profile/step_ms=1.94e+03,                                   
                    profile/tokens_per_s=1.95e+03,                              
                    profile/fetch_frac=0.020, epoch=0,                          
                    lr/Muon=0.006, lr/AdamW=5.87e-04,                           
                    global_step=900                                             
[03:50:22] INFO     train/confidence_loss=0.256,                  trainer.py:584
                    train/confidence_abs_error=0.132,                           
                    train/confidence_pred_mean=0.267,                           
                    train/confidence_cumprod_bias=0.025,                        
                    train/loss=0.267, train/ce_loss=0.650,                      
                    train/tv_loss=0.111, train/accept_rate=0.411,               
                    train/accept_len=2.652, train/full_acc=0.442,               
                    train/position_1_acc=0.789,                                 
                    train/position_2_acc=0.517,                                 
                    train/position_3_acc=0.395,                                 
                    train/position_4_acc=0.390,                                 
                    train/position_5_acc=0.361,                                 
                    train/position_6_acc=0.338,                                 
                    train/position_7_acc=0.297,                                 
                    profile/fetch_ms=63.120,                                    
                    profile/fwd_ms=2.16e+03,                                    
                    profile/bwd_ms=92.059,                                      
                    profile/opt_ms=313.318,                                     
                    profile/step_ms=2.63e+03,                                   
                    profile/tokens_per_s=1.38e+03,                              
                    profile/fetch_frac=0.024, epoch=0,                          
                    lr/Muon=0.006, lr/AdamW=5.87e-04,                           
                    global_step=920                                             
[03:50:44] INFO     train/confidence_loss=0.250,                  trainer.py:584
                    train/confidence_abs_error=0.125,                           
                    train/confidence_pred_mean=0.229,                           
                    train/confidence_cumprod_bias=-0.017,                       
                    train/loss=0.256, train/ce_loss=0.619,                      
                    train/tv_loss=0.106, train/accept_rate=0.433,               
                    train/accept_len=2.789, train/full_acc=0.463,               
                    train/position_1_acc=0.781,                                 
                    train/position_2_acc=0.545,                                 
                    train/position_3_acc=0.460,                                 
                    train/position_4_acc=0.410,                                 
                    train/position_5_acc=0.390,                                 
                    train/position_6_acc=0.328,                                 
                    train/position_7_acc=0.326,                                 
                    profile/fetch_ms=68.173,                                    
                    profile/fwd_ms=2.44e+03,                                    
                    profile/bwd_ms=97.766, profile/opt_ms=0.094,                
                    profile/step_ms=2.60e+03,                                   
                    profile/tokens_per_s=1.46e+03,                              
                    profile/fetch_frac=0.026, epoch=0,                          
                    lr/Muon=0.006, lr/AdamW=5.86e-04,                           
                    global_step=940                                             
[03:51:06] INFO     train/confidence_loss=0.246,                  trainer.py:584
                    train/confidence_abs_error=0.132,                           
                    train/confidence_pred_mean=0.267,                           
                    train/confidence_cumprod_bias=0.020,                        
                    train/loss=0.264, train/ce_loss=0.662,                      
                    train/tv_loss=0.111, train/accept_rate=0.411,               
                    train/accept_len=2.692, train/full_acc=0.448,               
                    train/position_1_acc=0.764,                                 
                    train/position_2_acc=0.522,                                 
                    train/position_3_acc=0.453,                                 
                    train/position_4_acc=0.408,                                 
                    train/position_5_acc=0.335,                                 
                    train/position_6_acc=0.337,                                 
                    train/position_7_acc=0.317,                                 
                    profile/fetch_ms=70.785,                                    
                    profile/fwd_ms=504.051,                                     
                    profile/bwd_ms=90.981, profile/opt_ms=0.121,                
                    profile/step_ms=665.937,                                    
                    profile/tokens_per_s=5.97e+03,                              
                    profile/fetch_frac=0.106, epoch=0,                          
                    lr/Muon=0.006, lr/AdamW=5.86e-04,                           
                    global_step=960                                             
[03:51:31] INFO     train/confidence_loss=0.240,                  trainer.py:584
                    train/confidence_abs_error=0.131,                           
                    train/confidence_pred_mean=0.254,                           
                    train/confidence_cumprod_bias=-0.034,                       
                    train/loss=0.234, train/ce_loss=0.531,                      
                    train/tv_loss=0.094, train/accept_rate=0.483,               
                    train/accept_len=3.155, train/full_acc=0.520,               
                    train/position_1_acc=0.832,                                 
                    train/position_2_acc=0.645,                                 
                    train/position_3_acc=0.545,                                 
                    train/position_4_acc=0.438,                                 
                    train/position_5_acc=0.423,                                 
                    train/position_6_acc=0.398,                                 
                    train/position_7_acc=0.357,                                 
                    profile/fetch_ms=67.599,                                    
                    profile/fwd_ms=1.25e+03,                                    
                    profile/bwd_ms=126.073,                                     
                    profile/opt_ms=295.307,                                     
                    profile/step_ms=1.74e+03,                                   
                    profile/tokens_per_s=2.28e+03,                              
                    profile/fetch_frac=0.039, epoch=0,                          
                    lr/Muon=0.006, lr/AdamW=5.85e-04,                           
                    global_step=980                                             
[03:51:57] INFO     train/confidence_loss=0.247,                  trainer.py:584
                    train/confidence_abs_error=0.142,                           
                    train/confidence_pred_mean=0.328,                           
                    train/confidence_cumprod_bias=0.050,                        
                    train/loss=0.228, train/ce_loss=0.500,                      
                    train/tv_loss=0.089, train/accept_rate=0.503,               
                    train/accept_len=3.222, train/full_acc=0.531,               
                    train/position_1_acc=0.878,                                 
                    train/position_2_acc=0.644,                                 
                    train/position_3_acc=0.530,                                 
                    train/position_4_acc=0.479,                                 
                    train/position_5_acc=0.439,                                 
                    train/position_6_acc=0.382,                                 
                    train/position_7_acc=0.361,                                 
                    profile/fetch_ms=62.672,                                    
                    profile/fwd_ms=2.72e+03,                                    
                    profile/bwd_ms=106.635, profile/opt_ms=0.120,               
                    profile/step_ms=2.89e+03,                                   
                    profile/tokens_per_s=1.40e+03,                              
                    profile/fetch_frac=0.022, epoch=0,                          
                    lr/Muon=0.006, lr/AdamW=5.85e-04,                           
                    global_step=1000                                            
[03:52:21] INFO     train/confidence_loss=0.236,                  trainer.py:584
                    train/confidence_abs_error=0.121,                           
                    train/confidence_pred_mean=0.204,                           
                    train/confidence_cumprod_bias=-0.027,                       
                    train/loss=0.261, train/ce_loss=0.669,                      
                    train/tv_loss=0.111, train/accept_rate=0.411,               
                    train/accept_len=2.679, train/full_acc=0.443,               
                    train/position_1_acc=0.757,                                 
                    train/position_2_acc=0.510,                                 
                    train/position_3_acc=0.451,                                 
                    train/position_4_acc=0.395,                                 
                    train/position_5_acc=0.369,                                 
                    train/position_6_acc=0.321,                                 
                    train/position_7_acc=0.297,                                 
                    profile/fetch_ms=3.420,                                     
                    profile/fwd_ms=944.325,                                     
                    profile/bwd_ms=91.630, profile/opt_ms=0.141,                
                    profile/step_ms=1.04e+03,                                   
                    profile/tokens_per_s=3.28e+03,                              
                    profile/fetch_frac=0.003, epoch=0,                          
                    lr/Muon=0.006, lr/AdamW=5.85e-04,                           
                    global_step=1020                                            
[03:52:44] INFO     train/confidence_loss=0.229,                  trainer.py:584
                    train/confidence_abs_error=0.128,                           
                    train/confidence_pred_mean=0.284,                           
                    train/confidence_cumprod_bias=-0.036,                       
                    train/loss=0.211, train/ce_loss=0.444,                      
                    train/tv_loss=0.083, train/accept_rate=0.538,               
                    train/accept_len=3.443, train/full_acc=0.570,               
                    train/position_1_acc=0.861,                                 
                    train/position_2_acc=0.702,                                 
                    train/position_3_acc=0.590,                                 
                    train/position_4_acc=0.525,                                 
                    train/position_5_acc=0.453,                                 
                    train/position_6_acc=0.438,                                 
                    train/position_7_acc=0.421,                                 
                    profile/fetch_ms=70.118,                                    
                    profile/fwd_ms=2.18e+03,                                    
                    profile/bwd_ms=90.867,                                      
                    profile/opt_ms=301.726,                                     
                    profile/step_ms=2.64e+03,                                   
                    profile/tokens_per_s=1.40e+03,                              
                    profile/fetch_frac=0.027, epoch=0,                          
                    lr/Muon=0.006, lr/AdamW=5.84e-04,                           
                    global_step=1040                                            
[03:53:09] INFO     train/confidence_loss=0.254,                  trainer.py:584
                    train/confidence_abs_error=0.136,                           
                    train/confidence_pred_mean=0.309,                           
                    train/confidence_cumprod_bias=0.045,                        
                    train/loss=0.236, train/ce_loss=0.500,                      
                    train/tv_loss=0.093, train/accept_rate=0.495,               
                    train/accept_len=3.057, train/full_acc=0.529,               
                    train/position_1_acc=0.819,                                 
                    train/position_2_acc=0.655,                                 
                    train/position_3_acc=0.518,                                 
                    train/position_4_acc=0.455,                                 
                    train/position_5_acc=0.433,                                 
                    train/position_6_acc=0.424,                                 
                    train/position_7_acc=0.399,                                 
                    profile/fetch_ms=67.081,                                    
                    profile/fwd_ms=2.30e+03,                                    
                    profile/bwd_ms=91.175, profile/opt_ms=0.132,                
                    profile/step_ms=2.45e+03,                                   
                    profile/tokens_per_s=1.59e+03,                              
                    profile/fetch_frac=0.027, epoch=0,                          
                    lr/Muon=0.006, lr/AdamW=5.84e-04,                           
                    global_step=1060                                            
[03:53:34] INFO     train/confidence_loss=0.238,                  trainer.py:584
                    train/confidence_abs_error=0.124,                           
                    train/confidence_pred_mean=0.237,                           
                    train/confidence_cumprod_bias=-0.028,                       
                    train/loss=0.244, train/ce_loss=0.591,                      
                    train/tv_loss=0.100, train/accept_rate=0.462,               
                    train/accept_len=2.947, train/full_acc=0.492,               
                    train/position_1_acc=0.787,                                 
                    train/position_2_acc=0.595,                                 
                    train/position_3_acc=0.491,                                 
                    train/position_4_acc=0.433,                                 
                    train/position_5_acc=0.401,                                 
                    train/position_6_acc=0.371,                                 
                    train/position_7_acc=0.364,                                 
                    profile/fetch_ms=90.733,                                    
                    profile/fwd_ms=1.86e+03,                                    
                    profile/bwd_ms=112.846, profile/opt_ms=0.132,               
                    profile/step_ms=2.07e+03,                                   
                    profile/tokens_per_s=1.87e+03,                              
                    profile/fetch_frac=0.044, epoch=0,                          
                    lr/Muon=0.006, lr/AdamW=5.83e-04,                           
                    global_step=1080                                            
[03:53:59] INFO     train/confidence_loss=0.249,                  trainer.py:584
                    train/confidence_abs_error=0.123,                           
                    train/confidence_pred_mean=0.219,                           
                    train/confidence_cumprod_bias=-0.015,                       
                    train/loss=0.258, train/ce_loss=0.619,                      
                    train/tv_loss=0.107, train/accept_rate=0.431,               
                    train/accept_len=2.692, train/full_acc=0.462,               
                    train/position_1_acc=0.772,                                 
                    train/position_2_acc=0.541,                                 
                    train/position_3_acc=0.460,                                 
                    train/position_4_acc=0.422,                                 
                    train/position_5_acc=0.373,                                 
                    train/position_6_acc=0.333,                                 
                    train/position_7_acc=0.331,                                 
                    profile/fetch_ms=70.132,                                    
                    profile/fwd_ms=2.13e+03,                                    
                    profile/bwd_ms=93.844,                                      
                    profile/opt_ms=271.874,                                     
                    profile/step_ms=2.57e+03,                                   
                    profile/tokens_per_s=1.56e+03,                              
                    profile/fetch_frac=0.027, epoch=0,                          
                    lr/Muon=0.006, lr/AdamW=5.83e-04,                           
                    global_step=1100                                            
[03:54:20] INFO     train/confidence_loss=0.242,                  trainer.py:584
                    train/confidence_abs_error=0.132,                           
                    train/confidence_pred_mean=0.274,                           
                    train/confidence_cumprod_bias=0.015,                        
                    train/loss=0.256, train/ce_loss=0.637,                      
                    train/tv_loss=0.106, train/accept_rate=0.437,               
                    train/accept_len=2.784, train/full_acc=0.468,               
                    train/position_1_acc=0.763,                                 
                    train/position_2_acc=0.549,                                 
                    train/position_3_acc=0.485,                                 
                    train/position_4_acc=0.413,                                 
                    train/position_5_acc=0.380,                                 
                    train/position_6_acc=0.354,                                 
                    train/position_7_acc=0.329,                                 
                    profile/fetch_ms=64.462,                                    
                    profile/fwd_ms=1.66e+03,                                    
                    profile/bwd_ms=92.094, profile/opt_ms=0.078,                
                    profile/step_ms=1.82e+03,                                   
                    profile/tokens_per_s=2.13e+03,                              
                    profile/fetch_frac=0.035, epoch=0,                          
                    lr/Muon=0.006, lr/AdamW=5.83e-04,                           
                    global_step=1120                                            
[03:54:43] INFO     train/confidence_loss=0.247,                  trainer.py:584
                    train/confidence_abs_error=0.124,                           
                    train/confidence_pred_mean=0.232,                           
                    train/confidence_cumprod_bias=-0.016,                       
                    train/loss=0.256, train/ce_loss=0.619,                      
                    train/tv_loss=0.105, train/accept_rate=0.437,               
                    train/accept_len=2.801, train/full_acc=0.467,               
                    train/position_1_acc=0.755,                                 
                    train/position_2_acc=0.579,                                 
                    train/position_3_acc=0.468,                                 
                    train/position_4_acc=0.416,                                 
                    train/position_5_acc=0.375,                                 
                    train/position_6_acc=0.338,                                 
                    train/position_7_acc=0.337,                                 
                    profile/fetch_ms=25.201,                                    
                    profile/fwd_ms=1.31e+03,                                    
                    profile/bwd_ms=87.076, profile/opt_ms=0.129,                
                    profile/step_ms=1.42e+03,                                   
                    profile/tokens_per_s=2.76e+03,                              
                    profile/fetch_frac=0.018, epoch=0,                          
                    lr/Muon=0.006, lr/AdamW=5.82e-04,                           
                    global_step=1140                                            
[03:55:08] INFO     train/confidence_loss=0.249,                  trainer.py:584
                    train/confidence_abs_error=0.123,                           
                    train/confidence_pred_mean=0.238,                           
                    train/confidence_cumprod_bias=-0.025,                       
                    train/loss=0.245, train/ce_loss=0.550,                      
                    train/tv_loss=0.099, train/accept_rate=0.460,               
                    train/accept_len=2.925, train/full_acc=0.496,               
                    train/position_1_acc=0.816,                                 
                    train/position_2_acc=0.605,                                 
                    train/position_3_acc=0.484,                                 
                    train/position_4_acc=0.451,                                 
                    train/position_5_acc=0.397,                                 
                    train/position_6_acc=0.385,                                 
                    train/position_7_acc=0.334,                                 
                    profile/fetch_ms=67.900,                                    
                    profile/fwd_ms=2.11e+03,                                    
                    profile/bwd_ms=92.231,                                      
                    profile/opt_ms=355.781,                                     
                    profile/step_ms=2.62e+03,                                   
                    profile/tokens_per_s=1.45e+03,                              
                    profile/fetch_frac=0.026, epoch=0,                          
                    lr/Muon=0.006, lr/AdamW=5.82e-04,                           
                    global_step=1160                                            
[03:55:32] INFO     train/confidence_loss=0.234,                  trainer.py:584
                    train/confidence_abs_error=0.129,                           
                    train/confidence_pred_mean=0.279,                           
                    train/confidence_cumprod_bias=0.003,                        
                    train/loss=0.236, train/ce_loss=0.556,                      
                    train/tv_loss=0.097, train/accept_rate=0.478,               
                    train/accept_len=3.037, train/full_acc=0.504,               
                    train/position_1_acc=0.787,                                 
                    train/position_2_acc=0.585,                                 
                    train/position_3_acc=0.499,                                 
                    train/position_4_acc=0.449,                                 
                    train/position_5_acc=0.436,                                 
                    train/position_6_acc=0.396,                                 
                    train/position_7_acc=0.372,                                 
                    profile/fetch_ms=92.320,                                    
                    profile/fwd_ms=947.554,                                     
                    profile/bwd_ms=94.659, profile/opt_ms=0.127,                
                    profile/step_ms=1.13e+03,                                   
                    profile/tokens_per_s=3.56e+03,                              
                    profile/fetch_frac=0.081, epoch=0,                          
                    lr/Muon=0.006, lr/AdamW=5.81e-04,                           
                    global_step=1180                                            
[03:55:55] INFO     train/confidence_loss=0.235,                  trainer.py:584
                    train/confidence_abs_error=0.121,                           
                    train/confidence_pred_mean=0.292,                           
                    train/confidence_cumprod_bias=-0.017,                       
                    train/loss=0.216, train/ce_loss=0.450,                      
                    train/tv_loss=0.086, train/accept_rate=0.525,               
                    train/accept_len=3.439, train/full_acc=0.557,               
                    train/position_1_acc=0.858,                                 
                    train/position_2_acc=0.685,                                 
                    train/position_3_acc=0.587,                                 
                    train/position_4_acc=0.491,                                 
                    train/position_5_acc=0.470,                                 
                    train/position_6_acc=0.412,                                 
                    train/position_7_acc=0.388,                                 
                    profile/fetch_ms=3.391,                                     
                    profile/fwd_ms=2.24e+03,                                    
                    profile/bwd_ms=90.918, profile/opt_ms=0.130,                
                    profile/step_ms=2.33e+03,                                   
                    profile/tokens_per_s=1.73e+03,                              
                    profile/fetch_frac=0.001, epoch=0,                          
                    lr/Muon=0.006, lr/AdamW=5.81e-04,                           
                    global_step=1200                                            
[03:56:20] INFO     train/confidence_loss=0.240,                  trainer.py:584
                    train/confidence_abs_error=0.117,                           
                    train/confidence_pred_mean=0.227,                           
                    train/confidence_cumprod_bias=-0.029,                       
                    train/loss=0.247, train/ce_loss=0.600,                      
                    train/tv_loss=0.101, train/accept_rate=0.457,               
                    train/accept_len=2.981, train/full_acc=0.490,               
                    train/position_1_acc=0.786,                                 
                    train/position_2_acc=0.584,                                 
                    train/position_3_acc=0.504,                                 
                    train/position_4_acc=0.439,                                 
                    train/position_5_acc=0.397,                                 
                    train/position_6_acc=0.368,                                 
                    train/position_7_acc=0.350,                                 
                    profile/fetch_ms=69.462,                                    
                    profile/fwd_ms=1.58e+03,                                    
                    profile/bwd_ms=104.553,                                     
                    profile/opt_ms=278.625,                                     
                    profile/step_ms=2.04e+03,                                   
                    profile/tokens_per_s=1.97e+03,                              
                    profile/fetch_frac=0.034, epoch=0,                          
                    lr/Muon=0.006, lr/AdamW=5.80e-04,                           
                    global_step=1220                                            
[03:56:43] INFO     train/confidence_loss=0.248,                  trainer.py:584
                    train/confidence_abs_error=0.121,                           
                    train/confidence_pred_mean=0.213,                           
                    train/confidence_cumprod_bias=-0.006,                       
                    train/loss=0.269, train/ce_loss=0.684,                      
                    train/tv_loss=0.112, train/accept_rate=0.406,               
                    train/accept_len=2.598, train/full_acc=0.436,               
                    train/position_1_acc=0.735,                                 
                    train/position_2_acc=0.526,                                 
                    train/position_3_acc=0.437,                                 
                    train/position_4_acc=0.368,                                 
                    train/position_5_acc=0.347,                                 
                    train/position_6_acc=0.327,                                 
                    train/position_7_acc=0.305,                                 
                    profile/fetch_ms=74.474,                                    
                    profile/fwd_ms=1.41e+03,                                    
                    profile/bwd_ms=100.157, profile/opt_ms=0.146,               
                    profile/step_ms=1.59e+03,                                   
                    profile/tokens_per_s=2.43e+03,                              
                    profile/fetch_frac=0.047, epoch=0,                          
                    lr/Muon=0.006, lr/AdamW=5.80e-04,                           
                    global_step=1240                                            
[03:57:06] INFO     train/confidence_loss=0.236,                  trainer.py:584
                    train/confidence_abs_error=0.126,                           
                    train/confidence_pred_mean=0.293,                           
                    train/confidence_cumprod_bias=0.010,                        
                    train/loss=0.222, train/ce_loss=0.456,                      
                    train/tv_loss=0.091, train/accept_rate=0.490,               
                    train/accept_len=3.229, train/full_acc=0.523,               
                    train/position_1_acc=0.872,                                 
                    train/position_2_acc=0.653,                                 
                    train/position_3_acc=0.533,                                 
                    train/position_4_acc=0.463,                                 
                    train/position_5_acc=0.408,                                 
                    train/position_6_acc=0.367,                                 
                    train/position_7_acc=0.365,                                 
                    profile/fetch_ms=3.511,                                     
                    profile/fwd_ms=844.724,                                     
                    profile/bwd_ms=92.001, profile/opt_ms=0.115,                
                    profile/step_ms=940.350,                                    
                    profile/tokens_per_s=3.98e+03,                              
                    profile/fetch_frac=0.004, epoch=0,                          
                    lr/Muon=0.006, lr/AdamW=5.80e-04,                           
                    global_step=1260                                            
[03:57:30] INFO     train/confidence_loss=0.264,                  trainer.py:584
                    train/confidence_abs_error=0.142,                           
                    train/confidence_pred_mean=0.301,                           
                    train/confidence_cumprod_bias=0.033,                        
                    train/loss=0.245, train/ce_loss=0.537,                      
                    train/tv_loss=0.097, train/accept_rate=0.473,               
                    train/accept_len=2.975, train/full_acc=0.508,               
                    train/position_1_acc=0.814,                                 
                    train/position_2_acc=0.603,                                 
                    train/position_3_acc=0.540,                                 
                    train/position_4_acc=0.454,                                 
                    train/position_5_acc=0.400,                                 
                    train/position_6_acc=0.385,                                 
                    train/position_7_acc=0.356,                                 
                    profile/fetch_ms=96.924,                                    
                    profile/fwd_ms=880.066,                                     
                    profile/bwd_ms=87.212,                                      
                    profile/opt_ms=255.441,                                     
                    profile/step_ms=1.32e+03,                                   
                    profile/tokens_per_s=2.89e+03,                              
                    profile/fetch_frac=0.073, epoch=0,                          
                    lr/Muon=0.006, lr/AdamW=5.79e-04,                           
                    global_step=1280                                            
[03:57:54] INFO     train/confidence_loss=0.246,                  trainer.py:584
                    train/confidence_abs_error=0.122,                           
                    train/confidence_pred_mean=0.224,                           
                    train/confidence_cumprod_bias=-0.020,                       
                    train/loss=0.253, train/ce_loss=0.606,                      
                    train/tv_loss=0.105, train/accept_rate=0.437,               
                    train/accept_len=2.856, train/full_acc=0.468,               
                    train/position_1_acc=0.748,                                 
                    train/position_2_acc=0.590,                                 
                    train/position_3_acc=0.464,                                 
                    train/position_4_acc=0.409,                                 
                    train/position_5_acc=0.367,                                 
                    train/position_6_acc=0.366,                                 
                    train/position_7_acc=0.330,                                 
                    profile/fetch_ms=75.279,                                    
                    profile/fwd_ms=1.56e+03,                                    
                    profile/bwd_ms=90.107, profile/opt_ms=0.156,                
                    profile/step_ms=1.73e+03,                                   
                    profile/tokens_per_s=2.22e+03,                              
                    profile/fetch_frac=0.044, epoch=0,                          
                    lr/Muon=0.006, lr/AdamW=5.79e-04,                           
                    global_step=1300                                            
[03:58:19] INFO     train/confidence_loss=0.244,                  trainer.py:584
                    train/confidence_abs_error=0.135,                           
                    train/confidence_pred_mean=0.326,                           
                    train/confidence_cumprod_bias=0.030,                        
                    train/loss=0.228, train/ce_loss=0.497,                      
                    train/tv_loss=0.089, train/accept_rate=0.514,               
                    train/accept_len=3.229, train/full_acc=0.551,               
                    train/position_1_acc=0.836,                                 
                    train/position_2_acc=0.655,                                 
                    train/position_3_acc=0.535,                                 
                    train/position_4_acc=0.501,                                 
                    train/position_5_acc=0.478,                                 
                    train/position_6_acc=0.436,                                 
                    train/position_7_acc=0.413,                                 
                    profile/fetch_ms=3.493,                                     
                    profile/fwd_ms=156.217,                                     
                    profile/bwd_ms=90.569, profile/opt_ms=0.140,                
                    profile/step_ms=250.419,                                    
                    profile/tokens_per_s=1.54e+04,                              
                    profile/fetch_frac=0.014, epoch=0,                          
                    lr/Muon=0.006, lr/AdamW=5.78e-04,                           
                    global_step=1320                                            
[03:58:42] INFO     train/confidence_loss=0.246,                  trainer.py:584
                    train/confidence_abs_error=0.127,                           
                    train/confidence_pred_mean=0.268,                           
                    train/confidence_cumprod_bias=0.018,                        
                    train/loss=0.252, train/ce_loss=0.606,                      
                    train/tv_loss=0.104, train/accept_rate=0.450,               
                    train/accept_len=2.814, train/full_acc=0.478,               
                    train/position_1_acc=0.761,                                 
                    train/position_2_acc=0.543,                                 
                    train/position_3_acc=0.496,                                 
                    train/position_4_acc=0.428,                                 
                    train/position_5_acc=0.380,                                 
                    train/position_6_acc=0.369,                                 
                    train/position_7_acc=0.366,                                 
                    profile/fetch_ms=94.546,                                    
                    profile/fwd_ms=116.240,                                     
                    profile/bwd_ms=113.507,                                     
                    profile/opt_ms=286.453,                                     
                    profile/step_ms=610.745,                                    
                    profile/tokens_per_s=6.53e+03,                              
                    profile/fetch_frac=0.155, epoch=0,                          
                    lr/Muon=0.006, lr/AdamW=5.78e-04,                           
                    global_step=1340                                            
[03:59:07] INFO     train/confidence_loss=0.247,                  trainer.py:584
                    train/confidence_abs_error=0.122,                           
                    train/confidence_pred_mean=0.232,                           
                    train/confidence_cumprod_bias=-0.040,                       
                    train/loss=0.241, train/ce_loss=0.544,                      
                    train/tv_loss=0.096, train/accept_rate=0.481,               
                    train/accept_len=3.040, train/full_acc=0.514,               
                    train/position_1_acc=0.813,                                 
                    train/position_2_acc=0.607,                                 
                    train/position_3_acc=0.513,                                 
                    train/position_4_acc=0.477,                                 
                    train/position_5_acc=0.437,                                 
                    train/position_6_acc=0.392,                                 
                    train/position_7_acc=0.359,                                 
                    profile/fetch_ms=72.775,                                    
                    profile/fwd_ms=91.986, profile/bwd_ms=92.752,               
                    profile/opt_ms=0.080,                                       
                    profile/step_ms=257.593,                                    
                    profile/tokens_per_s=1.59e+04,                              
                    profile/fetch_frac=0.283, epoch=0,                          
                    lr/Muon=0.006, lr/AdamW=5.78e-04,                           
                    global_step=1360                                            
[03:59:32] INFO     train/confidence_loss=0.241,                  trainer.py:584
                    train/confidence_abs_error=0.136,                           
                    train/confidence_pred_mean=0.342,                           
                    train/confidence_cumprod_bias=0.032,                        
                    train/loss=0.219, train/ce_loss=0.469,                      
                    train/tv_loss=0.084, train/accept_rate=0.531,               
                    train/accept_len=3.403, train/full_acc=0.572,               
                    train/position_1_acc=0.861,                                 
                    train/position_2_acc=0.695,                                 
                    train/position_3_acc=0.590,                                 
                    train/position_4_acc=0.540,                                 
                    train/position_5_acc=0.495,                                 
                    train/position_6_acc=0.425,                                 
                    train/position_7_acc=0.394,                                 
                    profile/fetch_ms=128.097,                                   
                    profile/fwd_ms=99.049, profile/bwd_ms=90.500,               
                    profile/opt_ms=0.072,                                       
                    profile/step_ms=317.717,                                    
                    profile/tokens_per_s=1.16e+04,                              
                    profile/fetch_frac=0.403, epoch=0,                          
                    lr/Muon=0.006, lr/AdamW=5.77e-04,                           
                    global_step=1380                                            
[03:59:57] INFO     train/confidence_loss=0.244,                  trainer.py:584
                    train/confidence_abs_error=0.124,                           
                    train/confidence_pred_mean=0.237,                           
                    train/confidence_cumprod_bias=-0.026,                       
                    train/loss=0.247, train/ce_loss=0.594,                      
                    train/tv_loss=0.101, train/accept_rate=0.459,               
                    train/accept_len=2.929, train/full_acc=0.488,               
                    train/position_1_acc=0.794,                                 
                    train/position_2_acc=0.584,                                 
                    train/position_3_acc=0.495,                                 
                    train/position_4_acc=0.432,                                 
                    train/position_5_acc=0.398,                                 
                    train/position_6_acc=0.375,                                 
                    train/position_7_acc=0.338,                                 
                    profile/fetch_ms=64.136,                                    
                    profile/fwd_ms=90.420, profile/bwd_ms=98.300,               
                    profile/opt_ms=276.831,                                     
                    profile/step_ms=529.687,                                    
                    profile/tokens_per_s=7.33e+03,                              
                    profile/fetch_frac=0.121, epoch=0,                          
                    lr/Muon=0.006, lr/AdamW=5.77e-04,                           
                    global_step=1400                                            
[04:00:21] INFO     train/confidence_loss=0.240,                  trainer.py:584
                    train/confidence_abs_error=0.136,                           
                    train/confidence_pred_mean=0.289,                           
                    train/confidence_cumprod_bias=-0.006,                       
                    train/loss=0.220, train/ce_loss=0.466,                      
                    train/tv_loss=0.087, train/accept_rate=0.511,               
                    train/accept_len=3.278, train/full_acc=0.545,               
                    train/position_1_acc=0.860,                                 
                    train/position_2_acc=0.690,                                 
                    train/position_3_acc=0.565,                                 
                    train/position_4_acc=0.500,                                 
                    train/position_5_acc=0.423,                                 
                    train/position_6_acc=0.394,                                 
                    train/position_7_acc=0.378,                                 
                    profile/fetch_ms=75.166,                                    
                    profile/fwd_ms=130.675,                                     
                    profile/bwd_ms=88.052, profile/opt_ms=0.116,                
                    profile/step_ms=294.010,                                    
                    profile/tokens_per_s=1.34e+04,                              
                    profile/fetch_frac=0.256, epoch=0,                          
                    lr/Muon=0.006, lr/AdamW=5.76e-04,                           
                    global_step=1420                                            
[04:00:45] INFO     train/confidence_loss=0.359,                  trainer.py:584
                    train/confidence_abs_error=0.160,                           
                    train/confidence_pred_mean=0.323,                           
                    train/confidence_cumprod_bias=0.087,                        
                    train/loss=0.306, train/ce_loss=0.781,                      
                    train/tv_loss=0.094, train/accept_rate=0.496,               
                    train/accept_len=3.082, train/full_acc=0.522,               
                    train/position_1_acc=0.804,                                 
                    train/position_2_acc=0.617,                                 
                    train/position_3_acc=0.517,                                 
                    train/position_4_acc=0.478,                                 
                    train/position_5_acc=0.427,                                 
                    train/position_6_acc=0.420,                                 
                    train/position_7_acc=0.388,                                 
                    profile/fetch_ms=3.473,                                     
                    profile/fwd_ms=100.596,                                     
                    profile/bwd_ms=116.359, profile/opt_ms=0.126,               
                    profile/step_ms=220.553,                                    
                    profile/tokens_per_s=1.80e+04,                              
                    profile/fetch_frac=0.016, epoch=0,                          
                    lr/Muon=0.006, lr/AdamW=5.76e-04,                           
                    global_step=1440                                            
[04:01:09] INFO     train/confidence_loss=0.252,                  trainer.py:584
                    train/confidence_abs_error=0.124,                           
                    train/confidence_pred_mean=0.217,                           
                    train/confidence_cumprod_bias=-0.037,                       
                    train/loss=0.252, train/ce_loss=0.591,                      
                    train/tv_loss=0.103, train/accept_rate=0.442,               
                    train/accept_len=2.849, train/full_acc=0.477,               
                    train/position_1_acc=0.820,                                 
                    train/position_2_acc=0.571,                                 
                    train/position_3_acc=0.480,                                 
                    train/position_4_acc=0.410,                                 
                    train/position_5_acc=0.362,                                 
                    train/position_6_acc=0.359,                                 
                    train/position_7_acc=0.336,                                 
                    profile/fetch_ms=60.406,                                    
                    profile/fwd_ms=97.358, profile/bwd_ms=91.273,               
                    profile/opt_ms=334.381,                                     
                    profile/step_ms=583.419,                                    
                    profile/tokens_per_s=6.46e+03,                              
                    profile/fetch_frac=0.104, epoch=0,                          
                    lr/Muon=0.006, lr/AdamW=5.75e-04,                           
                    global_step=1460                                            
[04:01:34] INFO     train/confidence_loss=0.237,                  trainer.py:584
                    train/confidence_abs_error=0.122,                           
                    train/confidence_pred_mean=0.255,                           
                    train/confidence_cumprod_bias=0.016,                        
                    train/loss=0.256, train/ce_loss=0.653,                      
                    train/tv_loss=0.107, train/accept_rate=0.433,               
                    train/accept_len=2.783, train/full_acc=0.460,               
                    train/position_1_acc=0.750,                                 
                    train/position_2_acc=0.527,                                 
                    train/position_3_acc=0.478,                                 
                    train/position_4_acc=0.419,                                 
                    train/position_5_acc=0.383,                                 
                    train/position_6_acc=0.351,                                 
                    train/position_7_acc=0.311,                                 
                    profile/fetch_ms=105.297,                                   
                    profile/fwd_ms=132.969,                                     
                    profile/bwd_ms=91.106, profile/opt_ms=0.125,                
                    profile/step_ms=329.497,                                    
                    profile/tokens_per_s=1.24e+04,                              
                    profile/fetch_frac=0.320, epoch=0,                          
                    lr/Muon=0.006, lr/AdamW=5.75e-04,                           
                    global_step=1480                                            
[04:02:00] INFO     DL_MAX_STEPS=1500 reached (local_step=1501);  trainer.py:484
                    stopping epoch early.                                       
Epoch 0   5% ━                     1,500/28,909  [ 0:30:21 < 10:00:39 , 1 it/s ]
           INFO     Training epoch 1/1 completed                  trainer.py:736
           INFO     DL_MAX_STEPS reached — exiting after this     trainer.py:739
                    epoch (skipping checkpoint/validation).                     
[04:02:02] INFO     Destroyed distributed process group       distributed.py:182
[04:02:02] INFO     Destroyed distributed process group       distributed.py:182
[04:02:02] INFO     Destroyed distributed process group       distributed.py:182
[04:02:02] INFO     Destroyed distributed process group       distributed.py:182
