/usr/local/python3.12.13/lib/python3.12/site-packages/transformers/loss/loss_for_object_detection.py:27: UserWarning: A NumPy version >=1.22.4 and <2.3.0 is required for this version of SciPy (detected version 2.4.6)
  from scipy.optimize import linear_sum_assignment
/usr/local/python3.12.13/lib/python3.12/site-packages/transformers/loss/loss_for_object_detection.py:27: UserWarning: A NumPy version >=1.22.4 and <2.3.0 is required for this version of SciPy (detected version 2.4.6)
  from scipy.optimize import linear_sum_assignment
/usr/local/python3.12.13/lib/python3.12/site-packages/transformers/loss/loss_for_object_detection.py:27: UserWarning: A NumPy version >=1.22.4 and <2.3.0 is required for this version of SciPy (detected version 2.4.6)
  from scipy.optimize import linear_sum_assignment
/usr/local/python3.12.13/lib/python3.12/site-packages/transformers/loss/loss_for_object_detection.py:27: UserWarning: A NumPy version >=1.22.4 and <2.3.0 is required for this version of SciPy (detected version 2.4.6)
  from scipy.optimize import linear_sum_assignment
[timeout] aclrtSetOpExecuteTimeOut(0) rc=0
[timeout] aclrtSetOpExecuteTimeOut(0) rc=0
[timeout] aclrtSetOpExecuteTimeOut(0) rc=0
[01:53:48] INFO     Started distributed with local_rank=2,    distributed.py:165
                    dp_size=4, sp_size=1                                        
[01:53:48] INFO     Started distributed with local_rank=1,    distributed.py:165
                    dp_size=4, sp_size=1                                        
[timeout] aclrtSetOpExecuteTimeOut(0) rc=0
           INFO     get env TERM = xterm                      patch_getenv.py:15
[01:53:48] INFO     get env LOCAL_RANK = 0                    patch_getenv.py:15
[01:53:49] INFO     Started distributed with local_rank=3,    distributed.py:165
                    dp_size=4, sp_size=1                                        
[01:53:49] INFO     get env WORLD_SIZE = 4                    patch_getenv.py:15
           INFO     get env MASTER_ADDR =                     patch_getenv.py:15
                    localhost.localdomain                                       
           INFO     get env MASTER_PORT = 38387               patch_getenv.py:15
           INFO     get env TORCHELASTIC_USE_AGENT_STORE =    patch_getenv.py:15
                    True                                                        
           INFO     Started distributed with local_rank=0,    distributed.py:165
                    dp_size=4, sp_size=1                                        
           INFO     get env PATH =                            patch_getenv.py:15
                    /usr/local/Ascend/nnal/atb/latest/atb/cxx                   
                    _abi_1/bin:/usr/local/Ascend/cann-9.0.0/t                   
                    ools/bishengir/bin:/usr/local/Ascend/cann                   
                    -9.0.0/bin:/usr/local/Ascend/cann-9.0.0/t                   
                    ools/ccec_compiler/bin:/usr/local/Ascend/                   
                    cann-9.0.0/tools/profiler/bin:/usr/local/                   
                    Ascend/cann-9.0.0/tools/ascend_system_adv                   
                    isor/asys:/usr/local/Ascend/cann-9.0.0/to                   
                    ols/show_kernel_debug_data:/usr/local/Asc                   
                    end/cann-9.0.0/tools/msobjdump:/home/y500                   
                    63564/node_modules/.bin:/usr/local/Ascend                   
                    /nnal/atb/latest/atb/cxx_abi_1/bin:/usr/l                   
                    ocal/Ascend/nnal/atb/latest/atb/cxx_abi_1                   
                    /bin:/usr/local/Ascend/ascend-toolkit/lat                   
                    est/bin:/usr/local/Ascend/ascend-toolkit/                   
                    latest/compiler/ccec_compiler/bin:/usr/lo                   
                    cal/Ascend/ascend-toolkit/latest/tools/cc                   
                    ec_compiler/bin:/usr/local/python3.12.13/                   
                    bin:/usr/local/sbin:/usr/local/bin:/usr/s                   
                    bin:/usr/bin:/sbin:/bin:/usr/local/go/bin                   
           INFO     Loading vocab mappings from                     train.py:236
                    '/home/y50063564/data/open_perfectblend_qwen3_4             
                    b_700k/d2t.npy' and                                         
                    '/home/y50063564/data/open_perfectblend_qwen3_4             
                    b_700k/t2d.npy'                                             
           INFO     All 5 draft layers using sliding window         train.py:396
                    attention (window=2048). To use full attention              
                    on specific layers, pass                                    
                    '--full-attention-indices <layer_ids>'.                     
[01:53:50] WARNING  Added <|MASK|> to tokenizer,                     utils.py:49
                    mask_token_id=151669 (tokenizer len=151670,                 
                    vocab_size=151936)                                          
2026-09-11 01:54:03.241 | INFO     | speculators.utils.loading:_resolve_file:136 - Loading from local directory: /home/y50063564/Qwen3-4B
2026-09-11 01:54:03.242 | WARNING  | speculators.utils.loading:load_model_layers:104 - Tensor 'lm_head.weight' not found in weight_map.
2026-09-11 01:54:03.242 | INFO     | speculators.utils.loading:_resolve_file:136 - Loading from local directory: /home/y50063564/Qwen3-4B
2026-09-11 01:54:03.244 | INFO     | speculators.utils.loading:_resolve_file:136 - Loading from local directory: /home/y50063564/Qwen3-4B
2026-09-11 01:54:04.200 | INFO     | speculators.utils.loading:_resolve_file:136 - Loading from local directory: /home/y50063564/Qwen3-4B
2026-09-11 01:54:04.201 | WARNING  | speculators.utils.loading:load_model_layers:104 - Tensor 'lm_head.weight' not found in weight_map.
2026-09-11 01:54:04.201 | INFO     | speculators.utils.loading:_resolve_file:136 - Loading from local directory: /home/y50063564/Qwen3-4B
2026-09-11 01:54:04.202 | INFO     | speculators.utils.loading:_resolve_file:136 - Loading from local directory: /home/y50063564/Qwen3-4B
2026-09-11 01:54:04.224 | INFO     | speculators.utils.loading:_resolve_file:136 - Loading from local directory: /home/y50063564/Qwen3-4B
2026-09-11 01:54:04.225 | WARNING  | speculators.utils.loading:load_model_layers:104 - Tensor 'lm_head.weight' not found in weight_map.
2026-09-11 01:54:04.225 | INFO     | speculators.utils.loading:_resolve_file:136 - Loading from local directory: /home/y50063564/Qwen3-4B
2026-09-11 01:54:04.226 | INFO     | speculators.utils.loading:_resolve_file:136 - Loading from local directory: /home/y50063564/Qwen3-4B
2026-09-11 01:54:06.395 | INFO     | speculators.utils.loading:_resolve_file:136 - Loading from local directory: /home/y50063564/Qwen3-4B
2026-09-11 01:54:06.396 | WARNING  | speculators.utils.loading:load_model_layers:104 - Tensor 'lm_head.weight' not found in weight_map.
2026-09-11 01:54:06.396 | INFO     | speculators.utils.loading:_resolve_file:136 - Loading from local directory: /home/y50063564/Qwen3-4B
2026-09-11 01:54:06.398 | INFO     | speculators.utils.loading:_resolve_file:136 - Loading from local directory: /home/y50063564/Qwen3-4B
[01:54:17] INFO     get env SAMP_SEED = 42                    patch_getenv.py:15
           INFO     get env DL_IN_ORDER = 1                   patch_getenv.py:15
           INFO     No previous training checkpoint found in      trainer.py:299
                    '/home/y50063564/dataloader_diag/exp/E1_ref_w               
                    2_pf4/checkpoints'. Starting fresh training                 
                    run.                                                        
[01:54:24] INFO     Muon optimizer: 39 2D params via Muon, 23   optimizers.py:76
                    params via AdamW.                                           
           INFO     get env SAMP_BALANCE = off                patch_getenv.py:15
[timeout] aclrtSetOpExecuteTimeOut(0) rc=0
[01:54:29] INFO     Training epoch 1/1 started                    trainer.py:734
[timeout] aclrtSetOpExecuteTimeOut(0) rc=0
[timeout] aclrtSetOpExecuteTimeOut(0) rc=0
[timeout] aclrtSetOpExecuteTimeOut(0) rc=0
/usr/local/python3.12.13/lib/python3.12/site-packages/torch/_dynamo/_trace_wrapped_higher_order_op.py:147: UserWarning: Cannot create tensor with interal format while allow_internel_format=False, tensor will be created with base format. (Triggered internally at ../torch_npu/csrc/aten/common/TensorFactories.cpp:340.)
  return func(*args, **(kwargs or {}))
/usr/local/python3.12.13/lib/python3.12/site-packages/torch/_dynamo/_trace_wrapped_higher_order_op.py:147: UserWarning: Cannot create tensor with interal format while allow_internel_format=False, tensor will be created with base format. (Triggered internally at ../torch_npu/csrc/aten/common/TensorFactories.cpp:340.)
  return func(*args, **(kwargs or {}))
/usr/local/python3.12.13/lib/python3.12/site-packages/torch/_dynamo/_trace_wrapped_higher_order_op.py:147: UserWarning: Cannot create tensor with interal format while allow_internel_format=False, tensor will be created with base format. (Triggered internally at ../torch_npu/csrc/aten/common/TensorFactories.cpp:340.)
  return func(*args, **(kwargs or {}))
/usr/local/python3.12.13/lib/python3.12/site-packages/torch/_dynamo/_trace_wrapped_higher_order_op.py:147: UserWarning: Cannot create tensor with interal format while allow_internel_format=False, tensor will be created with base format. (Triggered internally at ../torch_npu/csrc/aten/common/TensorFactories.cpp:340.)
  return func(*args, **(kwargs or {}))
[01:54:34] INFO     train/confidence_loss=0.457,                  trainer.py:584
                    train/confidence_abs_error=0.325,                           
                    train/confidence_pred_mean=0.326,                           
                    train/confidence_cumprod_bias=0.192,                        
                    train/loss=0.613, train/ce_loss=2.362,                      
                    train/tv_loss=0.214,                                        
                    train/accept_rate=3.34e-04,                                 
                    train/accept_len=1.000,                                     
                    train/full_acc=0.00e+00,                                    
                    train/position_1_acc=0.00e+00,                              
                    train/position_2_acc=0.00e+00,                              
                    train/position_3_acc=0.00e+00,                              
                    train/position_4_acc=0.00e+00,                              
                    train/position_5_acc=0.00e+00,                              
                    train/position_6_acc=0.00e+00,                              
                    train/position_7_acc=0.00e+00,                              
                    profile/fetch_ms=3.38e+03,                                  
                    profile/fwd_ms=1.65e+03,                                    
                    profile/bwd_ms=315.673, profile/opt_ms=0.097,               
                    profile/step_ms=5.34e+03,                                   
                    profile/tokens_per_s=765.241,                               
                    profile/fetch_frac=0.633, epoch=0,                          
                    lr/Muon=0.00e+00, lr/AdamW=0.00e+00,                        
                    global_step=0                                               
[01:54:57] INFO     train/confidence_loss=0.059,                  trainer.py:584
                    train/confidence_abs_error=0.059,                           
                    train/confidence_pred_mean=0.059,                           
                    train/confidence_cumprod_bias=0.017,                        
                    train/loss=0.444, train/ce_loss=2.275,                      
                    train/tv_loss=0.214,                                        
                    train/accept_rate=3.92e-04,                                 
                    train/accept_len=1.000,                                     
                    train/full_acc=0.00e+00,                                    
                    train/position_1_acc=0.00e+00,                              
                    train/position_2_acc=0.00e+00,                              
                    train/position_3_acc=0.00e+00,                              
                    train/position_4_acc=0.00e+00,                              
                    train/position_5_acc=0.00e+00,                              
                    train/position_6_acc=0.00e+00,                              
                    train/position_7_acc=0.00e+00,                              
                    profile/fetch_ms=74.827,                                    
                    profile/fwd_ms=663.519,                                     
                    profile/bwd_ms=99.940,                                      
                    profile/opt_ms=283.805,                                     
                    profile/step_ms=1.12e+03,                                   
                    profile/tokens_per_s=3.44e+03,                              
                    profile/fetch_frac=0.067, epoch=0,                          
                    lr/Muon=4.37e-04, lr/AdamW=4.37e-05,                        
                    global_step=20                                              
[01:55:24] INFO     train/confidence_loss=0.172,                  trainer.py:584
                    train/confidence_abs_error=0.025,                           
                    train/confidence_pred_mean=4.71e-04,                        
                    train/confidence_cumprod_bias=-0.007,                       
                    train/loss=0.412, train/ce_loss=1.594,                      
                    train/tv_loss=0.205, train/accept_rate=0.044,               
                    train/accept_len=1.049, train/full_acc=0.084,               
                    train/position_1_acc=0.081,                                 
                    train/position_2_acc=0.089,                                 
                    train/position_3_acc=0.082,                                 
                    train/position_4_acc=0.076,                                 
                    train/position_5_acc=0.083,                                 
                    train/position_6_acc=0.089,                                 
                    train/position_7_acc=0.084,                                 
                    profile/fetch_ms=81.292,                                    
                    profile/fwd_ms=89.688, profile/bwd_ms=96.159,               
                    profile/opt_ms=0.052,                                       
                    profile/step_ms=267.190,                                    
                    profile/tokens_per_s=1.35e+04,                              
                    profile/fetch_frac=0.304, epoch=0,                          
                    lr/Muon=8.12e-04, lr/AdamW=8.12e-05,                        
                    global_step=40                                              
[01:55:48] INFO     train/confidence_loss=0.127,                  trainer.py:584
                    train/confidence_abs_error=0.040,                           
                    train/confidence_pred_mean=0.023,                           
                    train/confidence_cumprod_bias=-0.004,                       
                    train/loss=0.366, train/ce_loss=1.350,                      
                    train/tv_loss=0.200, train/accept_rate=0.064,               
                    train/accept_len=1.071, train/full_acc=0.114,               
                    train/position_1_acc=0.101,                                 
                    train/position_2_acc=0.137,                                 
                    train/position_3_acc=0.109,                                 
                    train/position_4_acc=0.117,                                 
                    train/position_5_acc=0.101,                                 
                    train/position_6_acc=0.116,                                 
                    train/position_7_acc=0.120,                                 
                    profile/fetch_ms=3.221,                                     
                    profile/fwd_ms=100.405,                                     
                    profile/bwd_ms=94.161, profile/opt_ms=0.068,                
                    profile/step_ms=197.856,                                    
                    profile/tokens_per_s=1.97e+04,                              
                    profile/fetch_frac=0.016, epoch=0,                          
                    lr/Muon=0.001, lr/AdamW=1.25e-04,                           
                    global_step=60                                              
[01:56:14] INFO     train/confidence_loss=0.143,                  trainer.py:584
                    train/confidence_abs_error=0.042,                           
                    train/confidence_pred_mean=0.014,                           
                    train/confidence_cumprod_bias=-0.009,                       
                    train/loss=0.381, train/ce_loss=1.444,                      
                    train/tv_loss=0.199, train/accept_rate=0.070,               
                    train/accept_len=1.091, train/full_acc=0.097,               
                    train/position_1_acc=0.105,                                 
                    train/position_2_acc=0.087,                                 
                    train/position_3_acc=0.096,                                 
                    train/position_4_acc=0.082,                                 
                    train/position_5_acc=0.107,                                 
                    train/position_6_acc=0.099,                                 
                    train/position_7_acc=0.102,                                 
                    profile/fetch_ms=66.906,                                    
                    profile/fwd_ms=111.055,                                     
                    profile/bwd_ms=92.789,                                      
                    profile/opt_ms=265.155,                                     
                    profile/step_ms=535.906,                                    
                    profile/tokens_per_s=7.29e+03,                              
                    profile/fetch_frac=0.125, epoch=0,                          
                    lr/Muon=0.002, lr/AdamW=1.69e-04,                           
                    global_step=80                                              
[01:56:41] INFO     train/confidence_loss=0.195,                  trainer.py:584
                    train/confidence_abs_error=0.118,                           
                    train/confidence_pred_mean=0.119,                           
                    train/confidence_cumprod_bias=0.017,                        
                    train/loss=0.381, train/ce_loss=1.344,                      
                    train/tv_loss=0.187, train/accept_rate=0.124,               
                    train/accept_len=1.219, train/full_acc=0.148,               
                    train/position_1_acc=0.154,                                 
                    train/position_2_acc=0.154,                                 
                    train/position_3_acc=0.146,                                 
                    train/position_4_acc=0.150,                                 
                    train/position_5_acc=0.144,                                 
                    train/position_6_acc=0.135,                                 
                    train/position_7_acc=0.154,                                 
                    profile/fetch_ms=112.722,                                   
                    profile/fwd_ms=91.318, profile/bwd_ms=96.418,               
                    profile/opt_ms=0.214,                                       
                    profile/step_ms=300.672,                                    
                    profile/tokens_per_s=1.35e+04,                              
                    profile/fetch_frac=0.375, epoch=0,                          
                    lr/Muon=0.002, lr/AdamW=2.06e-04,                           
                    global_step=100                                             
[01:57:05] INFO     train/confidence_loss=0.246,                  trainer.py:584
                    train/confidence_abs_error=0.089,                           
                    train/confidence_pred_mean=0.037,                           
                    train/confidence_cumprod_bias=-0.029,                       
                    train/loss=0.388, train/ce_loss=1.300,                      
                    train/tv_loss=0.180, train/accept_rate=0.159,               
                    train/accept_len=1.277, train/full_acc=0.194,               
                    train/position_1_acc=0.206,                                 
                    train/position_2_acc=0.201,                                 
                    train/position_3_acc=0.194,                                 
                    train/position_4_acc=0.202,                                 
                    train/position_5_acc=0.199,                                 
                    train/position_6_acc=0.178,                                 
                    train/position_7_acc=0.180,                                 
                    profile/fetch_ms=24.866,                                    
                    profile/fwd_ms=99.143, profile/bwd_ms=93.154,               
                    profile/opt_ms=0.124,                                       
                    profile/step_ms=217.286,                                    
                    profile/tokens_per_s=1.87e+04,                              
                    profile/fetch_frac=0.114, epoch=0,                          
                    lr/Muon=0.002, lr/AdamW=2.50e-04,                           
                    global_step=120                                             
[01:57:31] INFO     train/confidence_loss=0.240,                  trainer.py:584
                    train/confidence_abs_error=0.096,                           
                    train/confidence_pred_mean=0.050,                           
                    train/confidence_cumprod_bias=-0.032,                       
                    train/loss=0.380, train/ce_loss=1.275,                      
                    train/tv_loss=0.173, train/accept_rate=0.182,               
                    train/accept_len=1.352, train/full_acc=0.222,               
                    train/position_1_acc=0.240,                                 
                    train/position_2_acc=0.220,                                 
                    train/position_3_acc=0.236,                                 
                    train/position_4_acc=0.202,                                 
                    train/position_5_acc=0.209,                                 
                    train/position_6_acc=0.232,                                 
                    train/position_7_acc=0.212,                                 
                    profile/fetch_ms=100.315,                                   
                    profile/fwd_ms=91.242, profile/bwd_ms=95.300,               
                    profile/opt_ms=242.560,                                     
                    profile/step_ms=529.417,                                    
                    profile/tokens_per_s=7.38e+03,                              
                    profile/fetch_frac=0.189, epoch=0,                          
                    lr/Muon=0.003, lr/AdamW=2.94e-04,                           
                    global_step=140                                             
[01:57:57] INFO     train/confidence_loss=0.248,                  trainer.py:584
                    train/confidence_abs_error=0.145,                           
                    train/confidence_pred_mean=0.178,                           
                    train/confidence_cumprod_bias=0.024,                        
                    train/loss=0.366, train/ce_loss=1.156,                      
                    train/tv_loss=0.169, train/accept_rate=0.210,               
                    train/accept_len=1.389, train/full_acc=0.246,               
                    train/position_1_acc=0.257,                                 
                    train/position_2_acc=0.257,                                 
                    train/position_3_acc=0.252,                                 
                    train/position_4_acc=0.251,                                 
                    train/position_5_acc=0.249,                                 
                    train/position_6_acc=0.231,                                 
                    train/position_7_acc=0.224,                                 
                    profile/fetch_ms=41.512,                                    
                    profile/fwd_ms=91.375, profile/bwd_ms=94.823,               
                    profile/opt_ms=0.095,                                       
                    profile/step_ms=227.804,                                    
                    profile/tokens_per_s=1.73e+04,                              
                    profile/fetch_frac=0.182, epoch=0,                          
                    lr/Muon=0.003, lr/AdamW=3.31e-04,                           
                    global_step=160                                             
[01:58:24] INFO     train/confidence_loss=0.236,                  trainer.py:584
                    train/confidence_abs_error=0.109,                           
                    train/confidence_pred_mean=0.090,                           
                    train/confidence_cumprod_bias=-0.032,                       
                    train/loss=0.361, train/ce_loss=1.169,                      
                    train/tv_loss=0.166, train/accept_rate=0.208,               
                    train/accept_len=1.526, train/full_acc=0.242,               
                    train/position_1_acc=0.314,                                 
                    train/position_2_acc=0.266,                                 
                    train/position_3_acc=0.235,                                 
                    train/position_4_acc=0.226,                                 
                    train/position_5_acc=0.210,                                 
                    train/position_6_acc=0.218,                                 
                    train/position_7_acc=0.227,                                 
                    profile/fetch_ms=7.474,                                     
                    profile/fwd_ms=109.094,                                     
                    profile/bwd_ms=96.472, profile/opt_ms=0.085,                
                    profile/step_ms=213.126,                                    
                    profile/tokens_per_s=1.56e+04,                              
                    profile/fetch_frac=0.035, epoch=0,                          
                    lr/Muon=0.004, lr/AdamW=3.75e-04,                           
                    global_step=180                                             
[01:58:51] INFO     train/confidence_loss=0.242,                  trainer.py:584
                    train/confidence_abs_error=0.105,                           
                    train/confidence_pred_mean=0.103,                           
                    train/confidence_cumprod_bias=-0.026,                       
                    train/loss=0.355, train/ce_loss=1.100,                      
                    train/tv_loss=0.163, train/accept_rate=0.209,               
                    train/accept_len=1.581, train/full_acc=0.257,               
                    train/position_1_acc=0.359,                                 
                    train/position_2_acc=0.304,                                 
                    train/position_3_acc=0.246,                                 
                    train/position_4_acc=0.221,                                 
                    train/position_5_acc=0.224,                                 
                    train/position_6_acc=0.213,                                 
                    train/position_7_acc=0.229,                                 
                    profile/fetch_ms=75.446,                                    
                    profile/fwd_ms=92.025, profile/bwd_ms=96.645,               
                    profile/opt_ms=248.993,                                     
                    profile/step_ms=513.109,                                    
                    profile/tokens_per_s=7.25e+03,                              
                    profile/fetch_frac=0.147, epoch=0,                          
                    lr/Muon=0.004, lr/AdamW=4.19e-04,                           
                    global_step=200                                             
[01:59:14] INFO     train/confidence_loss=0.254,                  trainer.py:584
                    train/confidence_abs_error=0.143,                           
                    train/confidence_pred_mean=0.178,                           
                    train/confidence_cumprod_bias=0.021,                        
                    train/loss=0.359, train/ce_loss=1.119,                      
                    train/tv_loss=0.163, train/accept_rate=0.204,               
                    train/accept_len=1.596, train/full_acc=0.231,               
                    train/position_1_acc=0.407,                                 
                    train/position_2_acc=0.259,                                 
                    train/position_3_acc=0.214,                                 
                    train/position_4_acc=0.201,                                 
                    train/position_5_acc=0.182,                                 
                    train/position_6_acc=0.178,                                 
                    train/position_7_acc=0.172,                                 
                    profile/fetch_ms=63.893,                                    
                    profile/fwd_ms=120.460,                                     
                    profile/bwd_ms=92.804, profile/opt_ms=0.073,                
                    profile/step_ms=277.230,                                    
                    profile/tokens_per_s=1.36e+04,                              
                    profile/fetch_frac=0.230, epoch=0,                          
                    lr/Muon=0.005, lr/AdamW=4.56e-04,                           
                    global_step=220                                             
[01:59:40] INFO     train/confidence_loss=0.231,                  trainer.py:584
                    train/confidence_abs_error=0.113,                           
                    train/confidence_pred_mean=0.123,                           
                    train/confidence_cumprod_bias=-0.026,                       
                    train/loss=0.339, train/ce_loss=1.062,                      
                    train/tv_loss=0.158, train/accept_rate=0.220,               
                    train/accept_len=1.730, train/full_acc=0.256,               
                    train/position_1_acc=0.474,                                 
                    train/position_2_acc=0.284,                                 
                    train/position_3_acc=0.237,                                 
                    train/position_4_acc=0.213,                                 
                    train/position_5_acc=0.208,                                 
                    train/position_6_acc=0.185,                                 
                    train/position_7_acc=0.187,                                 
                    profile/fetch_ms=39.820,                                    
                    profile/fwd_ms=94.071, profile/bwd_ms=94.532,               
                    profile/opt_ms=0.068,                                       
                    profile/step_ms=228.491,                                    
                    profile/tokens_per_s=1.65e+04,                              
                    profile/fetch_frac=0.174, epoch=0,                          
                    lr/Muon=0.005, lr/AdamW=5.00e-04,                           
                    global_step=240                                             
[02:00:04] INFO     train/confidence_loss=0.254,                  trainer.py:584
                    train/confidence_abs_error=0.111,                           
                    train/confidence_pred_mean=0.137,                           
                    train/confidence_cumprod_bias=-0.042,                       
                    train/loss=0.306, train/ce_loss=0.825,                      
                    train/tv_loss=0.134, train/accept_rate=0.314,               
                    train/accept_len=2.187, train/full_acc=0.351,               
                    train/position_1_acc=0.629,                                 
                    train/position_2_acc=0.425,                                 
                    train/position_3_acc=0.324,                                 
                    train/position_4_acc=0.294,                                 
                    train/position_5_acc=0.274,                                 
                    train/position_6_acc=0.274,                                 
                    train/position_7_acc=0.235,                                 
                    profile/fetch_ms=73.566,                                    
                    profile/fwd_ms=90.820, profile/bwd_ms=94.959,               
                    profile/opt_ms=240.684,                                     
                    profile/step_ms=500.029,                                    
                    profile/tokens_per_s=7.43e+03,                              
                    profile/fetch_frac=0.147, epoch=0,                          
                    lr/Muon=0.005, lr/AdamW=5.44e-04,                           
                    global_step=260                                             
[02:00:29] INFO     train/confidence_loss=0.210,                  trainer.py:584
                    train/confidence_abs_error=0.105,                           
                    train/confidence_pred_mean=0.137,                           
                    train/confidence_cumprod_bias=0.007,                        
                    train/loss=0.339, train/ce_loss=1.156,                      
                    train/tv_loss=0.156, train/accept_rate=0.225,               
                    train/accept_len=1.764, train/full_acc=0.256,               
                    train/position_1_acc=0.490,                                 
                    train/position_2_acc=0.282,                                 
                    train/position_3_acc=0.241,                                 
                    train/position_4_acc=0.183,                                 
                    train/position_5_acc=0.200,                                 
                    train/position_6_acc=0.200,                                 
                    train/position_7_acc=0.194,                                 
                    profile/fetch_ms=106.852,                                   
                    profile/fwd_ms=90.456,                                      
                    profile/bwd_ms=115.653, profile/opt_ms=0.059,               
                    profile/step_ms=313.020,                                    
                    profile/tokens_per_s=1.23e+04,                              
                    profile/fetch_frac=0.341, epoch=0,                          
                    lr/Muon=0.006, lr/AdamW=5.81e-04,                           
                    global_step=280                                             
[02:00:55] INFO     train/confidence_loss=0.270,                  trainer.py:584
                    train/confidence_abs_error=0.159,                           
                    train/confidence_pred_mean=0.287,                           
                    train/confidence_cumprod_bias=0.048,                        
                    train/loss=0.286, train/ce_loss=0.713,                      
                    train/tv_loss=0.119, train/accept_rate=0.381,               
                    train/accept_len=2.430, train/full_acc=0.413,               
                    train/position_1_acc=0.705,                                 
                    train/position_2_acc=0.486,                                 
                    train/position_3_acc=0.424,                                 
                    train/position_4_acc=0.335,                                 
                    train/position_5_acc=0.337,                                 
                    train/position_6_acc=0.296,                                 
                    train/position_7_acc=0.309,                                 
                    profile/fetch_ms=3.545,                                     
                    profile/fwd_ms=114.850,                                     
                    profile/bwd_ms=97.452, profile/opt_ms=0.086,                
                    profile/step_ms=215.934,                                    
                    profile/tokens_per_s=1.76e+04,                              
                    profile/fetch_frac=0.016, epoch=0,                          
                    lr/Muon=0.006, lr/AdamW=6.00e-04,                           
                    global_step=300                                             
[02:01:19] INFO     train/confidence_loss=0.243,                  trainer.py:584
                    train/confidence_abs_error=0.137,                           
                    train/confidence_pred_mean=0.208,                           
                    train/confidence_cumprod_bias=0.033,                        
                    train/loss=0.322, train/ce_loss=0.963,                      
                    train/tv_loss=0.144, train/accept_rate=0.273,               
                    train/accept_len=1.924, train/full_acc=0.307,               
                    train/position_1_acc=0.580,                                 
                    train/position_2_acc=0.343,                                 
                    train/position_3_acc=0.300,                                 
                    train/position_4_acc=0.241,                                 
                    train/position_5_acc=0.240,                                 
                    train/position_6_acc=0.221,                                 
                    train/position_7_acc=0.221,                                 
                    profile/fetch_ms=74.230,                                    
                    profile/fwd_ms=90.846, profile/bwd_ms=94.679,               
                    profile/opt_ms=238.082,                                     
                    profile/step_ms=497.837,                                    
                    profile/tokens_per_s=7.60e+03,                              
                    profile/fetch_frac=0.149, epoch=0,                          
                    lr/Muon=0.006, lr/AdamW=5.99e-04,                           
                    global_step=320                                             
[02:01:44] INFO     train/confidence_loss=0.242,                  trainer.py:584
                    train/confidence_abs_error=0.117,                           
                    train/confidence_pred_mean=0.157,                           
                    train/confidence_cumprod_bias=-0.037,                       
                    train/loss=0.287, train/ce_loss=0.787,                      
                    train/tv_loss=0.125, train/accept_rate=0.347,               
                    train/accept_len=2.319, train/full_acc=0.381,               
                    train/position_1_acc=0.672,                                 
                    train/position_2_acc=0.457,                                 
                    train/position_3_acc=0.367,                                 
                    train/position_4_acc=0.306,                                 
                    train/position_5_acc=0.317,                                 
                    train/position_6_acc=0.286,                                 
                    train/position_7_acc=0.264,                                 
                    profile/fetch_ms=77.618,                                    
                    profile/fwd_ms=91.757, profile/bwd_ms=94.376,               
                    profile/opt_ms=0.089,                                       
                    profile/step_ms=263.841,                                    
                    profile/tokens_per_s=1.47e+04,                              
                    profile/fetch_frac=0.294, epoch=0,                          
                    lr/Muon=0.006, lr/AdamW=5.99e-04,                           
                    global_step=340                                             
[02:02:09] INFO     train/confidence_loss=0.248,                  trainer.py:584
                    train/confidence_abs_error=0.132,                           
                    train/confidence_pred_mean=0.227,                           
                    train/confidence_cumprod_bias=0.039,                        
                    train/loss=0.297, train/ce_loss=0.825,                      
                    train/tv_loss=0.130, train/accept_rate=0.328,               
                    train/accept_len=2.248, train/full_acc=0.362,               
                    train/position_1_acc=0.651,                                 
                    train/position_2_acc=0.428,                                 
                    train/position_3_acc=0.343,                                 
                    train/position_4_acc=0.311,                                 
                    train/position_5_acc=0.267,                                 
                    train/position_6_acc=0.269,                                 
                    train/position_7_acc=0.261,                                 
                    profile/fetch_ms=50.139,                                    
                    profile/fwd_ms=98.796, profile/bwd_ms=93.825,               
                    profile/opt_ms=0.081,                                       
                    profile/step_ms=242.841,                                    
                    profile/tokens_per_s=1.61e+04,                              
                    profile/fetch_frac=0.206, epoch=0,                          
                    lr/Muon=0.006, lr/AdamW=5.98e-04,                           
                    global_step=360                                             
[02:02:35] INFO     train/confidence_loss=0.230,                  trainer.py:584
                    train/confidence_abs_error=0.125,                           
                    train/confidence_pred_mean=0.212,                           
                    train/confidence_cumprod_bias=0.020,                        
                    train/loss=0.300, train/ce_loss=0.887,                      
                    train/tv_loss=0.134, train/accept_rate=0.318,               
                    train/accept_len=2.210, train/full_acc=0.354,               
                    train/position_1_acc=0.646,                                 
                    train/position_2_acc=0.421,                                 
                    train/position_3_acc=0.319,                                 
                    train/position_4_acc=0.281,                                 
                    train/position_5_acc=0.289,                                 
                    train/position_6_acc=0.272,                                 
                    train/position_7_acc=0.246,                                 
                    profile/fetch_ms=81.644,                                    
                    profile/fwd_ms=91.531, profile/bwd_ms=94.781,               
                    profile/opt_ms=353.027,                                     
                    profile/step_ms=620.983,                                    
                    profile/tokens_per_s=6.24e+03,                              
                    profile/fetch_frac=0.131, epoch=0,                          
                    lr/Muon=0.006, lr/AdamW=5.98e-04,                           
                    global_step=380                                             
[02:02:58] INFO     train/confidence_loss=0.235,                  trainer.py:584
                    train/confidence_abs_error=0.111,                           
                    train/confidence_pred_mean=0.165,                           
                    train/confidence_cumprod_bias=-0.010,                       
                    train/loss=0.300, train/ce_loss=0.863,                      
                    train/tv_loss=0.133, train/accept_rate=0.319,               
                    train/accept_len=2.192, train/full_acc=0.348,               
                    train/position_1_acc=0.625,                                 
                    train/position_2_acc=0.407,                                 
                    train/position_3_acc=0.349,                                 
                    train/position_4_acc=0.288,                                 
                    train/position_5_acc=0.273,                                 
                    train/position_6_acc=0.255,                                 
                    train/position_7_acc=0.236,                                 
                    profile/fetch_ms=73.146,                                    
                    profile/fwd_ms=88.617, profile/bwd_ms=94.367,               
                    profile/opt_ms=0.039,                                       
                    profile/step_ms=256.169,                                    
                    profile/tokens_per_s=1.54e+04,                              
                    profile/fetch_frac=0.286, epoch=0,                          
                    lr/Muon=0.006, lr/AdamW=5.98e-04,                           
                    global_step=400                                             
[02:03:22] INFO     train/confidence_loss=0.262,                  trainer.py:584
                    train/confidence_abs_error=0.144,                           
                    train/confidence_pred_mean=0.234,                           
                    train/confidence_cumprod_bias=0.025,                        
                    train/loss=0.300, train/ce_loss=0.800,                      
                    train/tv_loss=0.129, train/accept_rate=0.332,               
                    train/accept_len=2.212, train/full_acc=0.365,               
                    train/position_1_acc=0.646,                                 
                    train/position_2_acc=0.448,                                 
                    train/position_3_acc=0.355,                                 
                    train/position_4_acc=0.307,                                 
                    train/position_5_acc=0.291,                                 
                    train/position_6_acc=0.257,                                 
                    train/position_7_acc=0.246,                                 
                    profile/fetch_ms=9.501,                                     
                    profile/fwd_ms=116.637,                                     
                    profile/bwd_ms=85.043, profile/opt_ms=0.057,                
                    profile/step_ms=211.239,                                    
                    profile/tokens_per_s=1.70e+04,                              
                    profile/fetch_frac=0.045, epoch=0,                          
                    lr/Muon=0.006, lr/AdamW=5.97e-04,                           
                    global_step=420                                             
[02:03:48] INFO     train/confidence_loss=0.228,                  trainer.py:584
                    train/confidence_abs_error=0.119,                           
                    train/confidence_pred_mean=0.183,                           
                    train/confidence_cumprod_bias=0.005,                        
                    train/loss=0.308, train/ce_loss=0.938,                      
                    train/tv_loss=0.138, train/accept_rate=0.300,               
                    train/accept_len=2.103, train/full_acc=0.331,               
                    train/position_1_acc=0.616,                                 
                    train/position_2_acc=0.388,                                 
                    train/position_3_acc=0.300,                                 
                    train/position_4_acc=0.295,                                 
                    train/position_5_acc=0.245,                                 
                    train/position_6_acc=0.243,                                 
                    train/position_7_acc=0.228,                                 
                    profile/fetch_ms=104.592,                                   
                    profile/fwd_ms=90.735, profile/bwd_ms=95.926,               
                    profile/opt_ms=265.911,                                     
                    profile/step_ms=557.164,                                    
                    profile/tokens_per_s=7.31e+03,                              
                    profile/fetch_frac=0.188, epoch=0,                          
                    lr/Muon=0.006, lr/AdamW=5.97e-04,                           
                    global_step=440                                             
[02:04:14] INFO     train/confidence_loss=0.254,                  trainer.py:584
                    train/confidence_abs_error=0.118,                           
                    train/confidence_pred_mean=0.169,                           
                    train/confidence_cumprod_bias=-0.034,                       
                    train/loss=0.284, train/ce_loss=0.744,                      
                    train/tv_loss=0.122, train/accept_rate=0.355,               
                    train/accept_len=2.401, train/full_acc=0.387,               
                    train/position_1_acc=0.713,                                 
                    train/position_2_acc=0.478,                                 
                    train/position_3_acc=0.391,                                 
                    train/position_4_acc=0.333,                                 
                    train/position_5_acc=0.280,                                 
                    train/position_6_acc=0.269,                                 
                    train/position_7_acc=0.245,                                 
                    profile/fetch_ms=74.243,                                    
                    profile/fwd_ms=88.670,                                      
                    profile/bwd_ms=118.631, profile/opt_ms=0.080,               
                    profile/step_ms=281.624,                                    
                    profile/tokens_per_s=1.42e+04,                              
                    profile/fetch_frac=0.264, epoch=0,                          
                    lr/Muon=0.006, lr/AdamW=5.96e-04,                           
                    global_step=460                                             
[02:04:38] INFO     train/confidence_loss=0.240,                  trainer.py:584
                    train/confidence_abs_error=0.126,                           
                    train/confidence_pred_mean=0.209,                           
                    train/confidence_cumprod_bias=0.009,                        
                    train/loss=0.295, train/ce_loss=0.812,                      
                    train/tv_loss=0.130, train/accept_rate=0.332,               
                    train/accept_len=2.253, train/full_acc=0.368,               
                    train/position_1_acc=0.684,                                 
                    train/position_2_acc=0.407,                                 
                    train/position_3_acc=0.357,                                 
                    train/position_4_acc=0.311,                                 
                    train/position_5_acc=0.305,                                 
                    train/position_6_acc=0.247,                                 
                    train/position_7_acc=0.260,                                 
                    profile/fetch_ms=69.721,                                    
                    profile/fwd_ms=94.749, profile/bwd_ms=93.896,               
                    profile/opt_ms=0.058,                                       
                    profile/step_ms=258.424,                                    
                    profile/tokens_per_s=1.42e+04,                              
                    profile/fetch_frac=0.270, epoch=0,                          
                    lr/Muon=0.006, lr/AdamW=5.96e-04,                           
                    global_step=480                                             
[02:05:02] INFO     train/confidence_loss=0.244,                  trainer.py:584
                    train/confidence_abs_error=0.137,                           
                    train/confidence_pred_mean=0.245,                           
                    train/confidence_cumprod_bias=0.005,                        
                    train/loss=0.263, train/ce_loss=0.659,                      
                    train/tv_loss=0.112, train/accept_rate=0.403,               
                    train/accept_len=2.610, train/full_acc=0.437,               
                    train/position_1_acc=0.761,                                 
                    train/position_2_acc=0.539,                                 
                    train/position_3_acc=0.437,                                 
                    train/position_4_acc=0.371,                                 
                    train/position_5_acc=0.356,                                 
                    train/position_6_acc=0.296,                                 
                    train/position_7_acc=0.298,                                 
                    profile/fetch_ms=77.227,                                    
                    profile/fwd_ms=108.121,                                     
                    profile/bwd_ms=89.118,                                      
                    profile/opt_ms=264.017,                                     
                    profile/step_ms=538.483,                                    
                    profile/tokens_per_s=6.87e+03,                              
                    profile/fetch_frac=0.143, epoch=0,                          
                    lr/Muon=0.006, lr/AdamW=5.96e-04,                           
                    global_step=500                                             
[02:05:28] INFO     train/confidence_loss=0.266,                  trainer.py:584
                    train/confidence_abs_error=0.126,                           
                    train/confidence_pred_mean=0.155,                           
                    train/confidence_cumprod_bias=-0.052,                       
                    train/loss=0.284, train/ce_loss=0.691,                      
                    train/tv_loss=0.120, train/accept_rate=0.365,               
                    train/accept_len=2.373, train/full_acc=0.409,               
                    train/position_1_acc=0.745,                                 
                    train/position_2_acc=0.487,                                 
                    train/position_3_acc=0.398,                                 
                    train/position_4_acc=0.342,                                 
                    train/position_5_acc=0.338,                                 
                    train/position_6_acc=0.262,                                 
                    train/position_7_acc=0.290,                                 
                    profile/fetch_ms=74.230,                                    
                    profile/fwd_ms=91.707, profile/bwd_ms=91.875,               
                    profile/opt_ms=0.062,                                       
                    profile/step_ms=257.874,                                    
                    profile/tokens_per_s=1.53e+04,                              
                    profile/fetch_frac=0.288, epoch=0,                          
                    lr/Muon=0.006, lr/AdamW=5.95e-04,                           
                    global_step=520                                             
[02:05:52] INFO     train/confidence_loss=0.244,                  trainer.py:584
                    train/confidence_abs_error=0.137,                           
                    train/confidence_pred_mean=0.236,                           
                    train/confidence_cumprod_bias=-0.013,                       
                    train/loss=0.267, train/ce_loss=0.678,                      
                    train/tv_loss=0.112, train/accept_rate=0.404,               
                    train/accept_len=2.673, train/full_acc=0.430,               
                    train/position_1_acc=0.744,                                 
                    train/position_2_acc=0.520,                                 
                    train/position_3_acc=0.442,                                 
                    train/position_4_acc=0.377,                                 
                    train/position_5_acc=0.334,                                 
                    train/position_6_acc=0.318,                                 
                    train/position_7_acc=0.271,                                 
                    profile/fetch_ms=6.330,                                     
                    profile/fwd_ms=109.947,                                     
                    profile/bwd_ms=101.416, profile/opt_ms=6.046,               
                    profile/step_ms=223.739,                                    
                    profile/tokens_per_s=1.78e+04,                              
                    profile/fetch_frac=0.028, epoch=0,                          
                    lr/Muon=0.006, lr/AdamW=5.95e-04,                           
                    global_step=540                                             
[02:06:17] INFO     train/confidence_loss=0.242,                  trainer.py:584
                    train/confidence_abs_error=0.132,                           
                    train/confidence_pred_mean=0.217,                           
                    train/confidence_cumprod_bias=0.027,                        
                    train/loss=0.295, train/ce_loss=0.812,                      
                    train/tv_loss=0.131, train/accept_rate=0.318,               
                    train/accept_len=2.189, train/full_acc=0.352,               
                    train/position_1_acc=0.699,                                 
                    train/position_2_acc=0.402,                                 
                    train/position_3_acc=0.324,                                 
                    train/position_4_acc=0.282,                                 
                    train/position_5_acc=0.265,                                 
                    train/position_6_acc=0.256,                                 
                    train/position_7_acc=0.231,                                 
                    profile/fetch_ms=75.879,                                    
                    profile/fwd_ms=89.368, profile/bwd_ms=94.942,               
                    profile/opt_ms=224.258,                                     
                    profile/step_ms=484.447,                                    
                    profile/tokens_per_s=8.12e+03,                              
                    profile/fetch_frac=0.157, epoch=0,                          
                    lr/Muon=0.006, lr/AdamW=5.94e-04,                           
                    global_step=560                                             
[02:06:42] INFO     train/confidence_loss=0.235,                  trainer.py:584
                    train/confidence_abs_error=0.120,                           
                    train/confidence_pred_mean=0.247,                           
                    train/confidence_cumprod_bias=0.013,                        
                    train/loss=0.255, train/ce_loss=0.625,                      
                    train/tv_loss=0.109, train/accept_rate=0.421,               
                    train/accept_len=2.763, train/full_acc=0.459,               
                    train/position_1_acc=0.766,                                 
                    train/position_2_acc=0.546,                                 
                    train/position_3_acc=0.468,                                 
                    train/position_4_acc=0.404,                                 
                    train/position_5_acc=0.345,                                 
                    train/position_6_acc=0.350,                                 
                    train/position_7_acc=0.329,                                 
                    profile/fetch_ms=69.791,                                    
                    profile/fwd_ms=90.502, profile/bwd_ms=92.694,               
                    profile/opt_ms=0.042,                                       
                    profile/step_ms=253.029,                                    
                    profile/tokens_per_s=1.55e+04,                              
                    profile/fetch_frac=0.276, epoch=0,                          
                    lr/Muon=0.006, lr/AdamW=5.94e-04,                           
                    global_step=580                                             
[02:07:07] INFO     train/confidence_loss=0.252,                  trainer.py:584
                    train/confidence_abs_error=0.136,                           
                    train/confidence_pred_mean=0.233,                           
                    train/confidence_cumprod_bias=0.031,                        
                    train/loss=0.291, train/ce_loss=0.794,                      
                    train/tv_loss=0.123, train/accept_rate=0.360,               
                    train/accept_len=2.322, train/full_acc=0.390,               
                    train/position_1_acc=0.677,                                 
                    train/position_2_acc=0.478,                                 
                    train/position_3_acc=0.399,                                 
                    train/position_4_acc=0.328,                                 
                    train/position_5_acc=0.304,                                 
                    train/position_6_acc=0.282,                                 
                    train/position_7_acc=0.258,                                 
                    profile/fetch_ms=5.806,                                     
                    profile/fwd_ms=93.888, profile/bwd_ms=94.696,               
                    profile/opt_ms=0.059,                                       
                    profile/step_ms=194.449,                                    
                    profile/tokens_per_s=2.05e+04,                              
                    profile/fetch_frac=0.030, epoch=0,                          
                    lr/Muon=0.006, lr/AdamW=5.93e-04,                           
                    global_step=600                                             
[02:07:32] INFO     train/confidence_loss=0.254,                  trainer.py:584
                    train/confidence_abs_error=0.138,                           
                    train/confidence_pred_mean=0.272,                           
                    train/confidence_cumprod_bias=0.032,                        
                    train/loss=0.263, train/ce_loss=0.631,                      
                    train/tv_loss=0.109, train/accept_rate=0.417,               
                    train/accept_len=2.716, train/full_acc=0.451,               
                    train/position_1_acc=0.785,                                 
                    train/position_2_acc=0.534,                                 
                    train/position_3_acc=0.473,                                 
                    train/position_4_acc=0.357,                                 
                    train/position_5_acc=0.356,                                 
                    train/position_6_acc=0.335,                                 
                    train/position_7_acc=0.317,                                 
                    profile/fetch_ms=68.111,                                    
                    profile/fwd_ms=89.610,                                      
                    profile/bwd_ms=111.105,                                     
                    profile/opt_ms=225.456,                                     
                    profile/step_ms=494.282,                                    
                    profile/tokens_per_s=8.09e+03,                              
                    profile/fetch_frac=0.138, epoch=0,                          
                    lr/Muon=0.006, lr/AdamW=5.93e-04,                           
                    global_step=620                                             
[02:07:56] INFO     train/confidence_loss=0.244,                  trainer.py:584
                    train/confidence_abs_error=0.122,                           
                    train/confidence_pred_mean=0.208,                           
                    train/confidence_cumprod_bias=-0.020,                       
                    train/loss=0.267, train/ce_loss=0.681,                      
                    train/tv_loss=0.113, train/accept_rate=0.403,               
                    train/accept_len=2.595, train/full_acc=0.438,               
                    train/position_1_acc=0.742,                                 
                    train/position_2_acc=0.526,                                 
                    train/position_3_acc=0.447,                                 
                    train/position_4_acc=0.375,                                 
                    train/position_5_acc=0.340,                                 
                    train/position_6_acc=0.334,                                 
                    train/position_7_acc=0.298,                                 
                    profile/fetch_ms=77.617,                                    
                    profile/fwd_ms=88.805, profile/bwd_ms=95.534,               
                    profile/opt_ms=0.063,                                       
                    profile/step_ms=262.020,                                    
                    profile/tokens_per_s=1.51e+04,                              
                    profile/fetch_frac=0.296, epoch=0,                          
                    lr/Muon=0.006, lr/AdamW=5.93e-04,                           
                    global_step=640                                             
[02:08:21] INFO     train/confidence_loss=0.243,                  trainer.py:584
                    train/confidence_abs_error=0.138,                           
                    train/confidence_pred_mean=0.253,                           
                    train/confidence_cumprod_bias=0.023,                        
                    train/loss=0.286, train/ce_loss=0.800,                      
                    train/tv_loss=0.121, train/accept_rate=0.369,               
                    train/accept_len=2.420, train/full_acc=0.394,               
                    train/position_1_acc=0.667,                                 
                    train/position_2_acc=0.460,                                 
                    train/position_3_acc=0.396,                                 
                    train/position_4_acc=0.343,                                 
                    train/position_5_acc=0.313,                                 
                    train/position_6_acc=0.295,                                 
                    train/position_7_acc=0.281,                                 
                    profile/fetch_ms=57.820,                                    
                    profile/fwd_ms=93.828, profile/bwd_ms=93.753,               
                    profile/opt_ms=0.073,                                       
                    profile/step_ms=245.474,                                    
                    profile/tokens_per_s=1.62e+04,                              
                    profile/fetch_frac=0.236, epoch=0,                          
                    lr/Muon=0.006, lr/AdamW=5.92e-04,                           
                    global_step=660                                             
[02:08:44] INFO     train/confidence_loss=0.248,                  trainer.py:584
                    train/confidence_abs_error=0.130,                           
                    train/confidence_pred_mean=0.258,                           
                    train/confidence_cumprod_bias=0.024,                        
                    train/loss=0.266, train/ce_loss=0.656,                      
                    train/tv_loss=0.113, train/accept_rate=0.403,               
                    train/accept_len=2.598, train/full_acc=0.435,               
                    train/position_1_acc=0.761,                                 
                    train/position_2_acc=0.528,                                 
                    train/position_3_acc=0.395,                                 
                    train/position_4_acc=0.385,                                 
                    train/position_5_acc=0.347,                                 
                    train/position_6_acc=0.330,                                 
                    train/position_7_acc=0.293,                                 
                    profile/fetch_ms=77.465,                                    
                    profile/fwd_ms=90.114, profile/bwd_ms=93.198,               
                    profile/opt_ms=242.505,                                     
                    profile/step_ms=503.283,                                    
                    profile/tokens_per_s=7.72e+03,                              
                    profile/fetch_frac=0.154, epoch=0,                          
                    lr/Muon=0.006, lr/AdamW=5.92e-04,                           
                    global_step=680                                             
[02:09:09] INFO     train/confidence_loss=0.246,                  trainer.py:584
                    train/confidence_abs_error=0.118,                           
                    train/confidence_pred_mean=0.176,                           
                    train/confidence_cumprod_bias=-0.026,                       
                    train/loss=0.289, train/ce_loss=0.806,                      
                    train/tv_loss=0.123, train/accept_rate=0.360,               
                    train/accept_len=2.429, train/full_acc=0.391,               
                    train/position_1_acc=0.691,                                 
                    train/position_2_acc=0.481,                                 
                    train/position_3_acc=0.358,                                 
                    train/position_4_acc=0.337,                                 
                    train/position_5_acc=0.314,                                 
                    train/position_6_acc=0.291,                                 
                    train/position_7_acc=0.262,                                 
                    profile/fetch_ms=73.893,                                    
                    profile/fwd_ms=1.12e+03,                                    
                    profile/bwd_ms=109.466, profile/opt_ms=0.071,               
                    profile/step_ms=1.30e+03,                                   
                    profile/tokens_per_s=3.10e+03,                              
                    profile/fetch_frac=0.057, epoch=0,                          
                    lr/Muon=0.006, lr/AdamW=5.91e-04,                           
                    global_step=700                                             
[02:09:34] INFO     train/confidence_loss=0.234,                  trainer.py:584
                    train/confidence_abs_error=0.133,                           
                    train/confidence_pred_mean=0.280,                           
                    train/confidence_cumprod_bias=0.006,                        
                    train/loss=0.248, train/ce_loss=0.625,                      
                    train/tv_loss=0.103, train/accept_rate=0.442,               
                    train/accept_len=2.933, train/full_acc=0.471,               
                    train/position_1_acc=0.806,                                 
                    train/position_2_acc=0.566,                                 
                    train/position_3_acc=0.474,                                 
                    train/position_4_acc=0.415,                                 
                    train/position_5_acc=0.358,                                 
                    train/position_6_acc=0.349,                                 
                    train/position_7_acc=0.323,                                 
                    profile/fetch_ms=30.649,                                    
                    profile/fwd_ms=1.79e+03,                                    
                    profile/bwd_ms=93.933, profile/opt_ms=0.070,                
                    profile/step_ms=1.92e+03,                                   
                    profile/tokens_per_s=2.09e+03,                              
                    profile/fetch_frac=0.016, epoch=0,                          
                    lr/Muon=0.006, lr/AdamW=5.91e-04,                           
                    global_step=720                                             
[02:10:01] INFO     train/confidence_loss=0.250,                  trainer.py:584
                    train/confidence_abs_error=0.135,                           
                    train/confidence_pred_mean=0.282,                           
                    train/confidence_cumprod_bias=0.021,                        
                    train/loss=0.252, train/ce_loss=0.588,                      
                    train/tv_loss=0.103, train/accept_rate=0.445,               
                    train/accept_len=2.829, train/full_acc=0.487,               
                    train/position_1_acc=0.789,                                 
                    train/position_2_acc=0.592,                                 
                    train/position_3_acc=0.467,                                 
                    train/position_4_acc=0.440,                                 
                    train/position_5_acc=0.400,                                 
                    train/position_6_acc=0.375,                                 
                    train/position_7_acc=0.347,                                 
                    profile/fetch_ms=75.380,                                    
                    profile/fwd_ms=1.84e+03,                                    
                    profile/bwd_ms=97.025,                                      
                    profile/opt_ms=308.982,                                     
                    profile/step_ms=2.32e+03,                                   
                    profile/tokens_per_s=1.45e+03,                              
                    profile/fetch_frac=0.032, epoch=0,                          
                    lr/Muon=0.006, lr/AdamW=5.91e-04,                           
                    global_step=740                                             
[02:10:25] INFO     train/confidence_loss=0.250,                  trainer.py:584
                    train/confidence_abs_error=0.130,                           
                    train/confidence_pred_mean=0.218,                           
                    train/confidence_cumprod_bias=-0.017,                       
                    train/loss=0.270, train/ce_loss=0.678,                      
                    train/tv_loss=0.113, train/accept_rate=0.400,               
                    train/accept_len=2.569, train/full_acc=0.434,               
                    train/position_1_acc=0.754,                                 
                    train/position_2_acc=0.516,                                 
                    train/position_3_acc=0.430,                                 
                    train/position_4_acc=0.384,                                 
                    train/position_5_acc=0.356,                                 
                    train/position_6_acc=0.303,                                 
                    train/position_7_acc=0.294,                                 
                    profile/fetch_ms=82.725,                                    
                    profile/fwd_ms=1.80e+03,                                    
                    profile/bwd_ms=94.636, profile/opt_ms=0.122,                
                    profile/step_ms=1.98e+03,                                   
                    profile/tokens_per_s=1.98e+03,                              
                    profile/fetch_frac=0.042, epoch=0,                          
                    lr/Muon=0.006, lr/AdamW=5.90e-04,                           
                    global_step=760                                             
[02:10:50] INFO     train/confidence_loss=0.240,                  trainer.py:584
                    train/confidence_abs_error=0.132,                           
                    train/confidence_pred_mean=0.252,                           
                    train/confidence_cumprod_bias=0.034,                        
                    train/loss=0.283, train/ce_loss=0.769,                      
                    train/tv_loss=0.122, train/accept_rate=0.364,               
                    train/accept_len=2.491, train/full_acc=0.399,               
                    train/position_1_acc=0.717,                                 
                    train/position_2_acc=0.481,                                 
                    train/position_3_acc=0.367,                                 
                    train/position_4_acc=0.345,                                 
                    train/position_5_acc=0.298,                                 
                    train/position_6_acc=0.289,                                 
                    train/position_7_acc=0.291,                                 
                    profile/fetch_ms=3.365,                                     
                    profile/fwd_ms=1.89e+03,                                    
                    profile/bwd_ms=93.350, profile/opt_ms=0.039,                
                    profile/step_ms=1.99e+03,                                   
                    profile/tokens_per_s=1.97e+03,                              
                    profile/fetch_frac=0.002, epoch=0,                          
                    lr/Muon=0.006, lr/AdamW=5.90e-04,                           
                    global_step=780                                             
[02:11:14] INFO     train/confidence_loss=0.241,                  trainer.py:584
                    train/confidence_abs_error=0.126,                           
                    train/confidence_pred_mean=0.278,                           
                    train/confidence_cumprod_bias=0.037,                        
                    train/loss=0.255, train/ce_loss=0.628,                      
                    train/tv_loss=0.106, train/accept_rate=0.430,               
                    train/accept_len=2.821, train/full_acc=0.460,               
                    train/position_1_acc=0.770,                                 
                    train/position_2_acc=0.573,                                 
                    train/position_3_acc=0.452,                                 
                    train/position_4_acc=0.400,                                 
                    train/position_5_acc=0.368,                                 
                    train/position_6_acc=0.339,                                 
                    train/position_7_acc=0.312,                                 
                    profile/fetch_ms=73.008,                                    
                    profile/fwd_ms=89.792,                                      
                    profile/bwd_ms=103.766,                                     
                    profile/opt_ms=272.686,                                     
                    profile/step_ms=539.251,                                    
                    profile/tokens_per_s=7.45e+03,                              
                    profile/fetch_frac=0.135, epoch=0,                          
                    lr/Muon=0.006, lr/AdamW=5.89e-04,                           
                    global_step=800                                             
[02:11:39] INFO     train/confidence_loss=0.260,                  trainer.py:584
                    train/confidence_abs_error=0.124,                           
                    train/confidence_pred_mean=0.185,                           
                    train/confidence_cumprod_bias=-0.026,                       
                    train/loss=0.275, train/ce_loss=0.694,                      
                    train/tv_loss=0.114, train/accept_rate=0.398,               
                    train/accept_len=2.534, train/full_acc=0.431,               
                    train/position_1_acc=0.741,                                 
                    train/position_2_acc=0.515,                                 
                    train/position_3_acc=0.423,                                 
                    train/position_4_acc=0.376,                                 
                    train/position_5_acc=0.346,                                 
                    train/position_6_acc=0.326,                                 
                    train/position_7_acc=0.289,                                 
                    profile/fetch_ms=94.211,                                    
                    profile/fwd_ms=877.753,                                     
                    profile/bwd_ms=87.086, profile/opt_ms=0.114,                
                    profile/step_ms=1.06e+03,                                   
                    profile/tokens_per_s=3.47e+03,                              
                    profile/fetch_frac=0.089, epoch=0,                          
                    lr/Muon=0.006, lr/AdamW=5.89e-04,                           
                    global_step=820                                             
[02:12:04] INFO     train/confidence_loss=0.256,                  trainer.py:584
                    train/confidence_abs_error=0.147,                           
                    train/confidence_pred_mean=0.286,                           
                    train/confidence_cumprod_bias=0.037,                        
                    train/loss=0.269, train/ce_loss=0.656,                      
                    train/tv_loss=0.111, train/accept_rate=0.404,               
                    train/accept_len=2.680, train/full_acc=0.435,               
                    train/position_1_acc=0.793,                                 
                    train/position_2_acc=0.501,                                 
                    train/position_3_acc=0.430,                                 
                    train/position_4_acc=0.367,                                 
                    train/position_5_acc=0.326,                                 
                    train/position_6_acc=0.325,                                 
                    train/position_7_acc=0.301,                                 
                    profile/fetch_ms=79.566,                                    
                    profile/fwd_ms=139.965,                                     
                    profile/bwd_ms=85.108, profile/opt_ms=0.094,                
                    profile/step_ms=304.733,                                    
                    profile/tokens_per_s=1.11e+04,                              
                    profile/fetch_frac=0.261, epoch=0,                          
                    lr/Muon=0.006, lr/AdamW=5.88e-04,                           
                    global_step=840                                             
[02:12:31] INFO     train/confidence_loss=0.234,                  trainer.py:584
                    train/confidence_abs_error=0.127,                           
                    train/confidence_pred_mean=0.267,                           
                    train/confidence_cumprod_bias=-7.23e-04,                    
                    train/loss=0.242, train/ce_loss=0.581,                      
                    train/tv_loss=0.102, train/accept_rate=0.450,               
                    train/accept_len=2.961, train/full_acc=0.483,               
                    train/position_1_acc=0.792,                                 
                    train/position_2_acc=0.629,                                 
                    train/position_3_acc=0.503,                                 
                    train/position_4_acc=0.410,                                 
                    train/position_5_acc=0.361,                                 
                    train/position_6_acc=0.354,                                 
                    train/position_7_acc=0.328,                                 
                    profile/fetch_ms=77.374,                                    
                    profile/fwd_ms=193.607,                                     
                    profile/bwd_ms=119.180,                                     
                    profile/opt_ms=260.849,                                     
                    profile/step_ms=651.011,                                    
                    profile/tokens_per_s=6.13e+03,                              
                    profile/fetch_frac=0.119, epoch=0,                          
                    lr/Muon=0.006, lr/AdamW=5.88e-04,                           
                    global_step=860                                             
[02:12:57] INFO     train/confidence_loss=0.240,                  trainer.py:584
                    train/confidence_abs_error=0.116,                           
                    train/confidence_pred_mean=0.213,                           
                    train/confidence_cumprod_bias=-0.025,                       
                    train/loss=0.259, train/ce_loss=0.656,                      
                    train/tv_loss=0.109, train/accept_rate=0.416,               
                    train/accept_len=2.740, train/full_acc=0.445,               
                    train/position_1_acc=0.781,                                 
                    train/position_2_acc=0.543,                                 
                    train/position_3_acc=0.435,                                 
                    train/position_4_acc=0.391,                                 
                    train/position_5_acc=0.335,                                 
                    train/position_6_acc=0.334,                                 
                    train/position_7_acc=0.293,                                 
                    profile/fetch_ms=63.098,                                    
                    profile/fwd_ms=97.021, profile/bwd_ms=94.767,               
                    profile/opt_ms=0.127,                                       
                    profile/step_ms=255.014,                                    
                    profile/tokens_per_s=1.52e+04,                              
                    profile/fetch_frac=0.247, epoch=0,                          
                    lr/Muon=0.006, lr/AdamW=5.88e-04,                           
                    global_step=880                                             
[02:13:21] INFO     train/confidence_loss=0.242,                  trainer.py:584
                    train/confidence_abs_error=0.129,                           
                    train/confidence_pred_mean=0.252,                           
                    train/confidence_cumprod_bias=0.026,                        
                    train/loss=0.270, train/ce_loss=0.725,                      
                    train/tv_loss=0.114, train/accept_rate=0.401,               
                    train/accept_len=2.563, train/full_acc=0.435,               
                    train/position_1_acc=0.738,                                 
                    train/position_2_acc=0.509,                                 
                    train/position_3_acc=0.436,                                 
                    train/position_4_acc=0.376,                                 
                    train/position_5_acc=0.339,                                 
                    train/position_6_acc=0.325,                                 
                    train/position_7_acc=0.320,                                 
                    profile/fetch_ms=64.934,                                    
                    profile/fwd_ms=157.612,                                     
                    profile/bwd_ms=85.414, profile/opt_ms=0.130,                
                    profile/step_ms=308.089,                                    
                    profile/tokens_per_s=1.21e+04,                              
                    profile/fetch_frac=0.211, epoch=0,                          
                    lr/Muon=0.006, lr/AdamW=5.87e-04,                           
                    global_step=900                                             
[02:13:46] INFO     train/confidence_loss=0.254,                  trainer.py:584
                    train/confidence_abs_error=0.133,                           
                    train/confidence_pred_mean=0.266,                           
                    train/confidence_cumprod_bias=0.020,                        
                    train/loss=0.266, train/ce_loss=0.644,                      
                    train/tv_loss=0.109, train/accept_rate=0.414,               
                    train/accept_len=2.674, train/full_acc=0.445,               
                    train/position_1_acc=0.785,                                 
                    train/position_2_acc=0.531,                                 
                    train/position_3_acc=0.420,                                 
                    train/position_4_acc=0.398,                                 
                    train/position_5_acc=0.351,                                 
                    train/position_6_acc=0.332,                                 
                    train/position_7_acc=0.295,                                 
                    profile/fetch_ms=70.821,                                    
                    profile/fwd_ms=97.280, profile/bwd_ms=90.601,               
                    profile/opt_ms=354.773,                                     
                    profile/step_ms=613.475,                                    
                    profile/tokens_per_s=6.01e+03,                              
                    profile/fetch_frac=0.115, epoch=0,                          
                    lr/Muon=0.006, lr/AdamW=5.87e-04,                           
                    global_step=920                                             
[02:14:13] INFO     train/confidence_loss=0.252,                  trainer.py:584
                    train/confidence_abs_error=0.121,                           
                    train/confidence_pred_mean=0.219,                           
                    train/confidence_cumprod_bias=-0.016,                       
                    train/loss=0.259, train/ce_loss=0.616,                      
                    train/tv_loss=0.107, train/accept_rate=0.427,               
                    train/accept_len=2.746, train/full_acc=0.456,               
                    train/position_1_acc=0.776,                                 
                    train/position_2_acc=0.544,                                 
                    train/position_3_acc=0.455,                                 
                    train/position_4_acc=0.394,                                 
                    train/position_5_acc=0.382,                                 
                    train/position_6_acc=0.312,                                 
                    train/position_7_acc=0.324,                                 
                    profile/fetch_ms=42.089,                                    
                    profile/fwd_ms=95.447, profile/bwd_ms=89.442,               
                    profile/opt_ms=0.127,                                       
                    profile/step_ms=227.105,                                    
                    profile/tokens_per_s=1.68e+04,                              
                    profile/fetch_frac=0.185, epoch=0,                          
                    lr/Muon=0.006, lr/AdamW=5.86e-04,                           
                    global_step=940                                             
[02:14:40] INFO     train/confidence_loss=0.244,                  trainer.py:584
                    train/confidence_abs_error=0.133,                           
                    train/confidence_pred_mean=0.266,                           
                    train/confidence_cumprod_bias=0.008,                        
                    train/loss=0.263, train/ce_loss=0.656,                      
                    train/tv_loss=0.110, train/accept_rate=0.412,               
                    train/accept_len=2.756, train/full_acc=0.448,               
                    train/position_1_acc=0.762,                                 
                    train/position_2_acc=0.541,                                 
                    train/position_3_acc=0.449,                                 
                    train/position_4_acc=0.405,                                 
                    train/position_5_acc=0.335,                                 
                    train/position_6_acc=0.341,                                 
                    train/position_7_acc=0.301,                                 
                    profile/fetch_ms=3.654,                                     
                    profile/fwd_ms=92.695,                                      
                    profile/bwd_ms=129.681, profile/opt_ms=0.124,               
                    profile/step_ms=226.154,                                    
                    profile/tokens_per_s=1.75e+04,                              
                    profile/fetch_frac=0.016, epoch=0,                          
                    lr/Muon=0.006, lr/AdamW=5.86e-04,                           
                    global_step=960                                             
[02:15:05] INFO     train/confidence_loss=0.242,                  trainer.py:584
                    train/confidence_abs_error=0.140,                           
                    train/confidence_pred_mean=0.297,                           
                    train/confidence_cumprod_bias=0.005,                        
                    train/loss=0.236, train/ce_loss=0.537,                      
                    train/tv_loss=0.094, train/accept_rate=0.482,               
                    train/accept_len=3.191, train/full_acc=0.520,               
                    train/position_1_acc=0.843,                                 
                    train/position_2_acc=0.654,                                 
                    train/position_3_acc=0.531,                                 
                    train/position_4_acc=0.413,                                 
                    train/position_5_acc=0.427,                                 
                    train/position_6_acc=0.402,                                 
                    train/position_7_acc=0.373,                                 
                    profile/fetch_ms=75.375,                                    
                    profile/fwd_ms=96.537, profile/bwd_ms=92.037,               
                    profile/opt_ms=304.411,                                     
                    profile/step_ms=568.361,                                    
                    profile/tokens_per_s=7.10e+03,                              
                    profile/fetch_frac=0.133, epoch=0,                          
                    lr/Muon=0.006, lr/AdamW=5.85e-04,                           
                    global_step=980                                             
[02:15:31] INFO     train/confidence_loss=0.246,                  trainer.py:584
                    train/confidence_abs_error=0.133,                           
                    train/confidence_pred_mean=0.279,                           
                    train/confidence_cumprod_bias=-0.006,                       
                    train/loss=0.231, train/ce_loss=0.512,                      
                    train/tv_loss=0.090, train/accept_rate=0.500,               
                    train/accept_len=3.220, train/full_acc=0.529,               
                    train/position_1_acc=0.863,                                 
                    train/position_2_acc=0.653,                                 
                    train/position_3_acc=0.521,                                 
                    train/position_4_acc=0.500,                                 
                    train/position_5_acc=0.437,                                 
                    train/position_6_acc=0.376,                                 
                    train/position_7_acc=0.350,                                 
                    profile/fetch_ms=70.403,                                    
                    profile/fwd_ms=94.308,                                      
                    profile/bwd_ms=126.887, profile/opt_ms=0.155,               
                    profile/step_ms=291.753,                                    
                    profile/tokens_per_s=1.38e+04,                              
                    profile/fetch_frac=0.241, epoch=0,                          
                    lr/Muon=0.006, lr/AdamW=5.85e-04,                           
                    global_step=1000                                            
[02:15:56] INFO     train/confidence_loss=0.236,                  trainer.py:584
                    train/confidence_abs_error=0.128,                           
                    train/confidence_pred_mean=0.252,                           
                    train/confidence_cumprod_bias=0.013,                        
                    train/loss=0.259, train/ce_loss=0.659,                      
                    train/tv_loss=0.109, train/accept_rate=0.419,               
                    train/accept_len=2.682, train/full_acc=0.448,               
                    train/position_1_acc=0.753,                                 
                    train/position_2_acc=0.516,                                 
                    train/position_3_acc=0.447,                                 
                    train/position_4_acc=0.392,                                 
                    train/position_5_acc=0.391,                                 
                    train/position_6_acc=0.337,                                 
                    train/position_7_acc=0.299,                                 
                    profile/fetch_ms=3.523,                                     
                    profile/fwd_ms=141.759,                                     
                    profile/bwd_ms=85.423, profile/opt_ms=0.142,                
                    profile/step_ms=230.847,                                    
                    profile/tokens_per_s=1.43e+04,                              
                    profile/fetch_frac=0.015, epoch=0,                          
                    lr/Muon=0.006, lr/AdamW=5.85e-04,                           
                    global_step=1020                                            
[02:16:21] INFO     train/confidence_loss=0.231,                  trainer.py:584
                    train/confidence_abs_error=0.129,                           
                    train/confidence_pred_mean=0.335,                           
                    train/confidence_cumprod_bias=0.029,                        
                    train/loss=0.209, train/ce_loss=0.431,                      
                    train/tv_loss=0.082, train/accept_rate=0.537,               
                    train/accept_len=3.487, train/full_acc=0.570,               
                    train/position_1_acc=0.870,                                 
                    train/position_2_acc=0.713,                                 
                    train/position_3_acc=0.594,                                 
                    train/position_4_acc=0.528,                                 
                    train/position_5_acc=0.459,                                 
                    train/position_6_acc=0.429,                                 
                    train/position_7_acc=0.395,                                 
                    profile/fetch_ms=75.000,                                    
                    profile/fwd_ms=125.091,                                     
                    profile/bwd_ms=103.802,                                     
                    profile/opt_ms=274.617,                                     
                    profile/step_ms=578.510,                                    
                    profile/tokens_per_s=6.40e+03,                              
                    profile/fetch_frac=0.130, epoch=0,                          
                    lr/Muon=0.006, lr/AdamW=5.84e-04,                           
                    global_step=1040                                            
[02:16:45] INFO     train/confidence_loss=0.256,                  trainer.py:584
                    train/confidence_abs_error=0.132,                           
                    train/confidence_pred_mean=0.251,                           
                    train/confidence_cumprod_bias=-0.021,                       
                    train/loss=0.236, train/ce_loss=0.503,                      
                    train/tv_loss=0.092, train/accept_rate=0.501,               
                    train/accept_len=3.071, train/full_acc=0.532,               
                    train/position_1_acc=0.820,                                 
                    train/position_2_acc=0.643,                                 
                    train/position_3_acc=0.534,                                 
                    train/position_4_acc=0.468,                                 
                    train/position_5_acc=0.429,                                 
                    train/position_6_acc=0.412,                                 
                    train/position_7_acc=0.411,                                 
                    profile/fetch_ms=73.257,                                    
                    profile/fwd_ms=472.053,                                     
                    profile/bwd_ms=85.585, profile/opt_ms=0.134,                
                    profile/step_ms=631.028,                                    
                    profile/tokens_per_s=6.08e+03,                              
                    profile/fetch_frac=0.116, epoch=0,                          
                    lr/Muon=0.006, lr/AdamW=5.84e-04,                           
                    global_step=1060                                            
[02:17:10] INFO     train/confidence_loss=0.234,                  trainer.py:584
                    train/confidence_abs_error=0.130,                           
                    train/confidence_pred_mean=0.293,                           
                    train/confidence_cumprod_bias=0.026,                        
                    train/loss=0.241, train/ce_loss=0.594,                      
                    train/tv_loss=0.099, train/accept_rate=0.468,               
                    train/accept_len=2.967, train/full_acc=0.495,               
                    train/position_1_acc=0.796,                                 
                    train/position_2_acc=0.600,                                 
                    train/position_3_acc=0.478,                                 
                    train/position_4_acc=0.438,                                 
                    train/position_5_acc=0.393,                                 
                    train/position_6_acc=0.376,                                 
                    train/position_7_acc=0.382,                                 
                    profile/fetch_ms=18.125,                                    
                    profile/fwd_ms=104.142,                                     
                    profile/bwd_ms=88.354, profile/opt_ms=0.110,                
                    profile/step_ms=210.730,                                    
                    profile/tokens_per_s=1.86e+04,                              
                    profile/fetch_frac=0.086, epoch=0,                          
                    lr/Muon=0.006, lr/AdamW=5.83e-04,                           
                    global_step=1080                                            
[02:17:36] INFO     train/confidence_loss=0.250,                  trainer.py:584
                    train/confidence_abs_error=0.130,                           
                    train/confidence_pred_mean=0.260,                           
                    train/confidence_cumprod_bias=0.023,                        
                    train/loss=0.259, train/ce_loss=0.625,                      
                    train/tv_loss=0.106, train/accept_rate=0.432,               
                    train/accept_len=2.711, train/full_acc=0.464,               
                    train/position_1_acc=0.771,                                 
                    train/position_2_acc=0.537,                                 
                    train/position_3_acc=0.457,                                 
                    train/position_4_acc=0.426,                                 
                    train/position_5_acc=0.370,                                 
                    train/position_6_acc=0.351,                                 
                    train/position_7_acc=0.336,                                 
                    profile/fetch_ms=69.615,                                    
                    profile/fwd_ms=1.36e+03,                                    
                    profile/bwd_ms=95.206,                                      
                    profile/opt_ms=280.294,                                     
                    profile/step_ms=1.80e+03,                                   
                    profile/tokens_per_s=2.25e+03,                              
                    profile/fetch_frac=0.039, epoch=0,                          
                    lr/Muon=0.006, lr/AdamW=5.83e-04,                           
                    global_step=1100                                            
[02:18:01] INFO     train/confidence_loss=0.254,                  trainer.py:584
                    train/confidence_abs_error=0.123,                           
                    train/confidence_pred_mean=0.212,                           
                    train/confidence_cumprod_bias=-0.027,                       
                    train/loss=0.261, train/ce_loss=0.637,                      
                    train/tv_loss=0.106, train/accept_rate=0.437,               
                    train/accept_len=2.755, train/full_acc=0.469,               
                    train/position_1_acc=0.761,                                 
                    train/position_2_acc=0.551,                                 
                    train/position_3_acc=0.476,                                 
                    train/position_4_acc=0.415,                                 
                    train/position_5_acc=0.392,                                 
                    train/position_6_acc=0.357,                                 
                    train/position_7_acc=0.327,                                 
                    profile/fetch_ms=63.618,                                    
                    profile/fwd_ms=92.942, profile/bwd_ms=96.010,               
                    profile/opt_ms=0.117,                                       
                    profile/step_ms=252.688,                                    
                    profile/tokens_per_s=1.55e+04,                              
                    profile/fetch_frac=0.252, epoch=0,                          
                    lr/Muon=0.006, lr/AdamW=5.83e-04,                           
                    global_step=1120                                            
[02:18:24] INFO     train/confidence_loss=0.249,                  trainer.py:584
                    train/confidence_abs_error=0.138,                           
                    train/confidence_pred_mean=0.288,                           
                    train/confidence_cumprod_bias=0.025,                        
                    train/loss=0.255, train/ce_loss=0.619,                      
                    train/tv_loss=0.104, train/accept_rate=0.444,               
                    train/accept_len=2.827, train/full_acc=0.474,               
                    train/position_1_acc=0.768,                                 
                    train/position_2_acc=0.567,                                 
                    train/position_3_acc=0.470,                                 
                    train/position_4_acc=0.431,                                 
                    train/position_5_acc=0.386,                                 
                    train/position_6_acc=0.360,                                 
                    train/position_7_acc=0.338,                                 
                    profile/fetch_ms=25.786,                                    
                    profile/fwd_ms=99.322, profile/bwd_ms=91.538,               
                    profile/opt_ms=0.077,                                       
                    profile/step_ms=216.722,                                    
                    profile/tokens_per_s=1.88e+04,                              
                    profile/fetch_frac=0.119, epoch=0,                          
                    lr/Muon=0.006, lr/AdamW=5.82e-04,                           
                    global_step=1140                                            
[02:18:51] INFO     train/confidence_loss=0.246,                  trainer.py:584
                    train/confidence_abs_error=0.131,                           
                    train/confidence_pred_mean=0.278,                           
                    train/confidence_cumprod_bias=-3.62e-04,                    
                    train/loss=0.241, train/ce_loss=0.544,                      
                    train/tv_loss=0.098, train/accept_rate=0.465,               
                    train/accept_len=2.962, train/full_acc=0.500,               
                    train/position_1_acc=0.808,                                 
                    train/position_2_acc=0.628,                                 
                    train/position_3_acc=0.478,                                 
                    train/position_4_acc=0.453,                                 
                    train/position_5_acc=0.410,                                 
                    train/position_6_acc=0.371,                                 
                    train/position_7_acc=0.348,                                 
                    profile/fetch_ms=74.586,                                    
                    profile/fwd_ms=93.667, profile/bwd_ms=94.278,               
                    profile/opt_ms=284.053,                                     
                    profile/step_ms=546.585,                                    
                    profile/tokens_per_s=7.04e+03,                              
                    profile/fetch_frac=0.136, epoch=0,                          
                    lr/Muon=0.006, lr/AdamW=5.82e-04,                           
                    global_step=1160                                            
[02:19:15] INFO     train/confidence_loss=0.238,                  trainer.py:584
                    train/confidence_abs_error=0.123,                           
                    train/confidence_pred_mean=0.247,                           
                    train/confidence_cumprod_bias=-0.024,                       
                    train/loss=0.237, train/ce_loss=0.550,                      
                    train/tv_loss=0.097, train/accept_rate=0.476,               
                    train/accept_len=3.033, train/full_acc=0.512,               
                    train/position_1_acc=0.796,                                 
                    train/position_2_acc=0.607,                                 
                    train/position_3_acc=0.501,                                 
                    train/position_4_acc=0.454,                                 
                    train/position_5_acc=0.439,                                 
                    train/position_6_acc=0.401,                                 
                    train/position_7_acc=0.386,                                 
                    profile/fetch_ms=70.930,                                    
                    profile/fwd_ms=99.678, profile/bwd_ms=96.720,               
                    profile/opt_ms=0.114,                                       
                    profile/step_ms=267.442,                                    
                    profile/tokens_per_s=1.46e+04,                              
                    profile/fetch_frac=0.265, epoch=0,                          
                    lr/Muon=0.006, lr/AdamW=5.81e-04,                           
                    global_step=1180                                            
[02:19:39] INFO     train/confidence_loss=0.240,                  trainer.py:584
                    train/confidence_abs_error=0.126,                           
                    train/confidence_pred_mean=0.285,                           
                    train/confidence_cumprod_bias=-0.026,                       
                    train/loss=0.220, train/ce_loss=0.463,                      
                    train/tv_loss=0.086, train/accept_rate=0.521,               
                    train/accept_len=3.392, train/full_acc=0.552,               
                    train/position_1_acc=0.855,                                 
                    train/position_2_acc=0.677,                                 
                    train/position_3_acc=0.574,                                 
                    train/position_4_acc=0.491,                                 
                    train/position_5_acc=0.469,                                 
                    train/position_6_acc=0.414,                                 
                    train/position_7_acc=0.378,                                 
                    profile/fetch_ms=5.089,                                     
                    profile/fwd_ms=114.414,                                     
                    profile/bwd_ms=94.874, profile/opt_ms=0.116,                
                    profile/step_ms=214.493,                                    
                    profile/tokens_per_s=1.87e+04,                              
                    profile/fetch_frac=0.024, epoch=0,                          
                    lr/Muon=0.006, lr/AdamW=5.81e-04,                           
                    global_step=1200                                            
[02:20:06] INFO     train/confidence_loss=0.238,                  trainer.py:584
                    train/confidence_abs_error=0.120,                           
                    train/confidence_pred_mean=0.225,                           
                    train/confidence_cumprod_bias=-0.037,                       
                    train/loss=0.245, train/ce_loss=0.597,                      
                    train/tv_loss=0.100, train/accept_rate=0.460,               
                    train/accept_len=2.991, train/full_acc=0.490,               
                    train/position_1_acc=0.799,                                 
                    train/position_2_acc=0.599,                                 
                    train/position_3_acc=0.515,                                 
                    train/position_4_acc=0.435,                                 
                    train/position_5_acc=0.389,                                 
                    train/position_6_acc=0.350,                                 
                    train/position_7_acc=0.342,                                 
                    profile/fetch_ms=72.833,                                    
                    profile/fwd_ms=94.800,                                      
                    profile/bwd_ms=144.138,                                     
                    profile/opt_ms=333.041,                                     
                    profile/step_ms=644.813,                                    
                    profile/tokens_per_s=6.07e+03,                              
                    profile/fetch_frac=0.113, epoch=0,                          
                    lr/Muon=0.006, lr/AdamW=5.80e-04,                           
                    global_step=1220                                            
[02:20:31] INFO     train/confidence_loss=0.249,                  trainer.py:584
                    train/confidence_abs_error=0.133,                           
                    train/confidence_pred_mean=0.260,                           
                    train/confidence_cumprod_bias=0.024,                        
                    train/loss=0.269, train/ce_loss=0.688,                      
                    train/tv_loss=0.111, train/accept_rate=0.412,               
                    train/accept_len=2.625, train/full_acc=0.437,               
                    train/position_1_acc=0.744,                                 
                    train/position_2_acc=0.517,                                 
                    train/position_3_acc=0.436,                                 
                    train/position_4_acc=0.373,                                 
                    train/position_5_acc=0.340,                                 
                    train/position_6_acc=0.334,                                 
                    train/position_7_acc=0.310,                                 
                    profile/fetch_ms=61.734,                                    
                    profile/fwd_ms=141.932,                                     
                    profile/bwd_ms=88.588, profile/opt_ms=0.113,                
                    profile/step_ms=292.367,                                    
                    profile/tokens_per_s=1.32e+04,                              
                    profile/fetch_frac=0.211, epoch=0,                          
                    lr/Muon=0.006, lr/AdamW=5.80e-04,                           
                    global_step=1240                                            
[02:20:56] INFO     train/confidence_loss=0.238,                  trainer.py:584
                    train/confidence_abs_error=0.123,                           
                    train/confidence_pred_mean=0.261,                           
                    train/confidence_cumprod_bias=-0.018,                       
                    train/loss=0.223, train/ce_loss=0.463,                      
                    train/tv_loss=0.091, train/accept_rate=0.491,               
                    train/accept_len=3.223, train/full_acc=0.527,               
                    train/position_1_acc=0.861,                                 
                    train/position_2_acc=0.662,                                 
                    train/position_3_acc=0.528,                                 
                    train/position_4_acc=0.464,                                 
                    train/position_5_acc=0.404,                                 
                    train/position_6_acc=0.393,                                 
                    train/position_7_acc=0.378,                                 
                    profile/fetch_ms=4.032,                                     
                    profile/fwd_ms=97.205, profile/bwd_ms=94.023,               
                    profile/opt_ms=0.126,                                       
                    profile/step_ms=195.385,                                    
                    profile/tokens_per_s=1.93e+04,                              
                    profile/fetch_frac=0.021, epoch=0,                          
                    lr/Muon=0.006, lr/AdamW=5.80e-04,                           
                    global_step=1260                                            
[02:21:22] INFO     train/confidence_loss=0.254,                  trainer.py:584
                    train/confidence_abs_error=0.134,                           
                    train/confidence_pred_mean=0.251,                           
                    train/confidence_cumprod_bias=-0.016,                       
                    train/loss=0.241, train/ce_loss=0.528,                      
                    train/tv_loss=0.096, train/accept_rate=0.469,               
                    train/accept_len=2.960, train/full_acc=0.507,               
                    train/position_1_acc=0.833,                                 
                    train/position_2_acc=0.620,                                 
                    train/position_3_acc=0.536,                                 
                    train/position_4_acc=0.431,                                 
                    train/position_5_acc=0.414,                                 
                    train/position_6_acc=0.359,                                 
                    train/position_7_acc=0.353,                                 
                    profile/fetch_ms=65.497,                                    
                    profile/fwd_ms=93.386, profile/bwd_ms=92.824,               
                    profile/opt_ms=315.327,                                     
                    profile/step_ms=567.036,                                    
                    profile/tokens_per_s=6.73e+03,                              
                    profile/fetch_frac=0.116, epoch=0,                          
                    lr/Muon=0.006, lr/AdamW=5.79e-04,                           
                    global_step=1280                                            
[02:21:48] INFO     train/confidence_loss=0.245,                  trainer.py:584
                    train/confidence_abs_error=0.131,                           
                    train/confidence_pred_mean=0.266,                           
                    train/confidence_cumprod_bias=0.016,                        
                    train/loss=0.253, train/ce_loss=0.616,                      
                    train/tv_loss=0.105, train/accept_rate=0.439,               
                    train/accept_len=2.844, train/full_acc=0.467,               
                    train/position_1_acc=0.752,                                 
                    train/position_2_acc=0.572,                                 
                    train/position_3_acc=0.463,                                 
                    train/position_4_acc=0.412,                                 
                    train/position_5_acc=0.364,                                 
                    train/position_6_acc=0.362,                                 
                    train/position_7_acc=0.342,                                 
                    profile/fetch_ms=81.545,                                    
                    profile/fwd_ms=94.636, profile/bwd_ms=91.679,               
                    profile/opt_ms=0.101,                                       
                    profile/step_ms=267.961,                                    
                    profile/tokens_per_s=1.49e+04,                              
                    profile/fetch_frac=0.304, epoch=0,                          
                    lr/Muon=0.006, lr/AdamW=5.79e-04,                           
                    global_step=1300                                            
[02:22:14] INFO     train/confidence_loss=0.242,                  trainer.py:584
                    train/confidence_abs_error=0.129,                           
                    train/confidence_pred_mean=0.265,                           
                    train/confidence_cumprod_bias=-0.038,                       
                    train/loss=0.227, train/ce_loss=0.494,                      
                    train/tv_loss=0.089, train/accept_rate=0.510,               
                    train/accept_len=3.227, train/full_acc=0.548,               
                    train/position_1_acc=0.831,                                 
                    train/position_2_acc=0.662,                                 
                    train/position_3_acc=0.544,                                 
                    train/position_4_acc=0.500,                                 
                    train/position_5_acc=0.469,                                 
                    train/position_6_acc=0.418,                                 
                    train/position_7_acc=0.408,                                 
                    profile/fetch_ms=3.567,                                     
                    profile/fwd_ms=137.725,                                     
                    profile/bwd_ms=93.499, profile/opt_ms=0.117,                
                    profile/step_ms=234.908,                                    
                    profile/tokens_per_s=1.64e+04,                              
                    profile/fetch_frac=0.015, epoch=0,                          
                    lr/Muon=0.006, lr/AdamW=5.78e-04,                           
                    global_step=1320                                            
[02:22:39] INFO     train/confidence_loss=0.246,                  trainer.py:584
                    train/confidence_abs_error=0.120,                           
                    train/confidence_pred_mean=0.227,                           
                    train/confidence_cumprod_bias=-0.023,                       
                    train/loss=0.253, train/ce_loss=0.613,                      
                    train/tv_loss=0.103, train/accept_rate=0.452,               
                    train/accept_len=2.834, train/full_acc=0.480,               
                    train/position_1_acc=0.756,                                 
                    train/position_2_acc=0.548,                                 
                    train/position_3_acc=0.499,                                 
                    train/position_4_acc=0.428,                                 
                    train/position_5_acc=0.391,                                 
                    train/position_6_acc=0.375,                                 
                    train/position_7_acc=0.358,                                 
                    profile/fetch_ms=73.373,                                    
                    profile/fwd_ms=105.851,                                     
                    profile/bwd_ms=95.656,                                      
                    profile/opt_ms=305.477,                                     
                    profile/step_ms=580.358,                                    
                    profile/tokens_per_s=6.62e+03,                              
                    profile/fetch_frac=0.126, epoch=0,                          
                    lr/Muon=0.006, lr/AdamW=5.78e-04,                           
                    global_step=1340                                            
[02:23:05] INFO     train/confidence_loss=0.243,                  trainer.py:584
                    train/confidence_abs_error=0.134,                           
                    train/confidence_pred_mean=0.303,                           
                    train/confidence_cumprod_bias=0.020,                        
                    train/loss=0.239, train/ce_loss=0.556,                      
                    train/tv_loss=0.096, train/accept_rate=0.484,               
                    train/accept_len=2.994, train/full_acc=0.510,               
                    train/position_1_acc=0.792,                                 
                    train/position_2_acc=0.614,                                 
                    train/position_3_acc=0.501,                                 
                    train/position_4_acc=0.466,                                 
                    train/position_5_acc=0.424,                                 
                    train/position_6_acc=0.393,                                 
                    train/position_7_acc=0.378,                                 
                    profile/fetch_ms=65.383,                                    
                    profile/fwd_ms=124.492,                                     
                    profile/bwd_ms=93.876, profile/opt_ms=0.083,                
                    profile/step_ms=283.835,                                    
                    profile/tokens_per_s=1.44e+04,                              
                    profile/fetch_frac=0.230, epoch=0,                          
                    lr/Muon=0.006, lr/AdamW=5.78e-04,                           
                    global_step=1360                                            
[02:23:30] INFO     train/confidence_loss=0.242,                  trainer.py:584
                    train/confidence_abs_error=0.130,                           
                    train/confidence_pred_mean=0.265,                           
                    train/confidence_cumprod_bias=-0.042,                       
                    train/loss=0.222, train/ce_loss=0.478,                      
                    train/tv_loss=0.085, train/accept_rate=0.526,               
                    train/accept_len=3.371, train/full_acc=0.565,               
                    train/position_1_acc=0.852,                                 
                    train/position_2_acc=0.683,                                 
                    train/position_3_acc=0.588,                                 
                    train/position_4_acc=0.543,                                 
                    train/position_5_acc=0.479,                                 
                    train/position_6_acc=0.419,                                 
                    train/position_7_acc=0.388,                                 
                    profile/fetch_ms=3.421,                                     
                    profile/fwd_ms=92.625, profile/bwd_ms=96.468,               
                    profile/opt_ms=0.098,                                       
                    profile/step_ms=192.613,                                    
                    profile/tokens_per_s=1.85e+04,                              
                    profile/fetch_frac=0.018, epoch=0,                          
                    lr/Muon=0.006, lr/AdamW=5.77e-04,                           
                    global_step=1380                                            
[02:23:57] INFO     train/confidence_loss=0.242,                  trainer.py:584
                    train/confidence_abs_error=0.128,                           
                    train/confidence_pred_mean=0.280,                           
                    train/confidence_cumprod_bias=0.021,                        
                    train/loss=0.247, train/ce_loss=0.591,                      
                    train/tv_loss=0.101, train/accept_rate=0.460,               
                    train/accept_len=2.914, train/full_acc=0.492,               
                    train/position_1_acc=0.777,                                 
                    train/position_2_acc=0.595,                                 
                    train/position_3_acc=0.497,                                 
                    train/position_4_acc=0.435,                                 
                    train/position_5_acc=0.413,                                 
                    train/position_6_acc=0.383,                                 
                    train/position_7_acc=0.343,                                 
                    profile/fetch_ms=77.205,                                    
                    profile/fwd_ms=90.552,                                      
                    profile/bwd_ms=102.116,                                     
                    profile/opt_ms=241.630,                                     
                    profile/step_ms=511.503,                                    
                    profile/tokens_per_s=7.59e+03,                              
                    profile/fetch_frac=0.151, epoch=0,                          
                    lr/Muon=0.006, lr/AdamW=5.77e-04,                           
                    global_step=1400                                            
[02:24:22] INFO     train/confidence_loss=0.244,                  trainer.py:584
                    train/confidence_abs_error=0.136,                           
                    train/confidence_pred_mean=0.273,                           
                    train/confidence_cumprod_bias=-0.025,                       
                    train/loss=0.220, train/ce_loss=0.447,                      
                    train/tv_loss=0.086, train/accept_rate=0.516,               
                    train/accept_len=3.304, train/full_acc=0.552,               
                    train/position_1_acc=0.839,                                 
                    train/position_2_acc=0.699,                                 
                    train/position_3_acc=0.598,                                 
                    train/position_4_acc=0.513,                                 
                    train/position_5_acc=0.427,                                 
                    train/position_6_acc=0.408,                                 
                    train/position_7_acc=0.379,                                 
                    profile/fetch_ms=73.603,                                    
                    profile/fwd_ms=168.498,                                     
                    profile/bwd_ms=92.970, profile/opt_ms=0.067,                
                    profile/step_ms=335.139,                                    
                    profile/tokens_per_s=1.20e+04,                              
                    profile/fetch_frac=0.220, epoch=0,                          
                    lr/Muon=0.006, lr/AdamW=5.76e-04,                           
                    global_step=1420                                            
[02:24:47] INFO     train/confidence_loss=0.391,                  trainer.py:584
                    train/confidence_abs_error=0.173,                           
                    train/confidence_pred_mean=0.308,                           
                    train/confidence_cumprod_bias=0.057,                        
                    train/loss=0.308, train/ce_loss=0.644,                      
                    train/tv_loss=0.098, train/accept_rate=0.472,               
                    train/accept_len=3.065, train/full_acc=0.499,               
                    train/position_1_acc=0.801,                                 
                    train/position_2_acc=0.599,                                 
                    train/position_3_acc=0.493,                                 
                    train/position_4_acc=0.467,                                 
                    train/position_5_acc=0.408,                                 
                    train/position_6_acc=0.384,                                 
                    train/position_7_acc=0.340,                                 
                    profile/fetch_ms=3.178,                                     
                    profile/fwd_ms=90.118,                                      
                    profile/bwd_ms=120.590, profile/opt_ms=5.320,               
                    profile/step_ms=219.206,                                    
                    profile/tokens_per_s=1.82e+04,                              
                    profile/fetch_frac=0.014, epoch=0,                          
                    lr/Muon=0.006, lr/AdamW=5.76e-04,                           
                    global_step=1440                                            
[02:25:13] INFO     train/confidence_loss=0.243,                  trainer.py:584
                    train/confidence_abs_error=0.128,                           
                    train/confidence_pred_mean=0.263,                           
                    train/confidence_cumprod_bias=-2.94e-04,                    
                    train/loss=0.250, train/ce_loss=0.597,                      
                    train/tv_loss=0.103, train/accept_rate=0.448,               
                    train/accept_len=2.849, train/full_acc=0.479,               
                    train/position_1_acc=0.795,                                 
                    train/position_2_acc=0.558,                                 
                    train/position_3_acc=0.476,                                 
                    train/position_4_acc=0.409,                                 
                    train/position_5_acc=0.392,                                 
                    train/position_6_acc=0.375,                                 
                    train/position_7_acc=0.346,                                 
                    profile/fetch_ms=74.716,                                    
                    profile/fwd_ms=90.154,                                      
                    profile/bwd_ms=135.583,                                     
                    profile/opt_ms=322.278,                                     
                    profile/step_ms=622.730,                                    
                    profile/tokens_per_s=6.46e+03,                              
                    profile/fetch_frac=0.120, epoch=0,                          
                    lr/Muon=0.006, lr/AdamW=5.75e-04,                           
                    global_step=1460                                            
[02:25:39] INFO     train/confidence_loss=0.238,                  trainer.py:584
                    train/confidence_abs_error=0.119,                           
                    train/confidence_pred_mean=0.223,                           
                    train/confidence_cumprod_bias=-0.022,                       
                    train/loss=0.255, train/ce_loss=0.644,                      
                    train/tv_loss=0.106, train/accept_rate=0.435,               
                    train/accept_len=2.809, train/full_acc=0.470,               
                    train/position_1_acc=0.751,                                 
                    train/position_2_acc=0.544,                                 
                    train/position_3_acc=0.487,                                 
                    train/position_4_acc=0.419,                                 
                    train/position_5_acc=0.391,                                 
                    train/position_6_acc=0.359,                                 
                    train/position_7_acc=0.335,                                 
                    profile/fetch_ms=93.440,                                    
                    profile/fwd_ms=104.850,                                     
                    profile/bwd_ms=94.238, profile/opt_ms=0.090,                
                    profile/step_ms=292.618,                                    
                    profile/tokens_per_s=1.35e+04,                              
                    profile/fetch_frac=0.319, epoch=0,                          
                    lr/Muon=0.006, lr/AdamW=5.75e-04,                           
                    global_step=1480                                            
[02:26:04] INFO     DL_MAX_STEPS=1500 reached (local_step=1501);  trainer.py:484
                    stopping epoch early.                                       
Epoch 0   5% ━                      1,500/28,909  [ 0:31:35 < 9:51:18 , 1 it/s ]
           INFO     Training epoch 1/1 completed                  trainer.py:736
           INFO     DL_MAX_STEPS reached — exiting after this     trainer.py:739
                    epoch (skipping checkpoint/validation).                     
[02:26:06] INFO     Destroyed distributed process group       distributed.py:182
[02:26:07] INFO     Destroyed distributed process group       distributed.py:182
[02:26:07] INFO     Destroyed distributed process group       distributed.py:182
[02:26:07] INFO     Destroyed distributed process group       distributed.py:182
