t,kind,rank,worker,pid,global_step,epoch,local_step,load_ms,n_in,seq_len,wall_ms,cpu_ms,t_batch,t_fwd,t_bwd,t_opt,t_end
1789036428.2364,load,3,-1,21672,0.0,0.0,1.0,2991.339,,,,,,,,,
1789036430.1967,load,3,-1,21672,1.0,0.0,2.0,0.292,,,,,,,,,
1789036431.1874,load,3,-1,21672,2.0,0.0,3.0,865.555,,,,,,,,,
1789036431.9721,load,3,-1,21672,3.0,0.0,4.0,0.093,,,,,,,,,
1789036433.6355,load,3,-1,21672,4.0,0.0,5.0,1525.354,,,,,,,,,
1789036433.7588,load,3,-1,21672,5.0,0.0,6.0,0.089,,,,,,,,,
1789036436.3848,load,3,-1,21672,6.0,0.0,7.0,2105.947,,,,,,,,,
1789036436.4949,load,3,-1,21672,7.0,0.0,8.0,0.1,,,,,,,,,
1789036439.0005,load,3,-1,21672,8.0,0.0,9.0,2332.949,,,,,,,,,
1789036439.3573,load,3,-1,21672,9.0,0.0,10.0,0.084,,,,,,,,,
1789036441.2911,load,3,-1,21672,10.0,0.0,11.0,1783.248,,,,,,,,,
1789036441.4009,load,3,-1,21672,11.0,0.0,12.0,0.096,,,,,,,,,
1789036443.9089,load,3,-1,21672,12.0,0.0,13.0,2071.599,,,,,,,,,
1789036444.0202,load,3,-1,21672,13.0,0.0,14.0,0.105,,,,,,,,,
1789036446.3718,load,3,-1,21672,14.0,0.0,15.0,2180.831,,,,,,,,,
1789036446.7492,load,3,-1,21672,15.0,0.0,16.0,0.159,,,,,,,,,
1789036448.8568,load,3,-1,21672,16.0,0.0,17.0,1943.946,,,,,,,,,
1789036448.977,load,3,-1,21672,17.0,0.0,18.0,0.16,,,,,,,,,
1789036451.1804,load,3,-1,21672,18.0,0.0,19.0,1767.341,,,,,,,,,
1789036451.3126,load,3,-1,21672,19.0,0.0,20.0,0.13,,,,,,,,,
1789036453.283,load,3,-1,21672,20.0,0.0,21.0,1795.197,,,,,,,,,
1789036453.733,load,3,-1,21672,21.0,0.0,22.0,0.134,,,,,,,,,
1789036455.463,load,3,-1,21672,22.0,0.0,23.0,1614.752,,,,,,,,,
1789036455.5753,load,3,-1,21672,23.0,0.0,24.0,0.107,,,,,,,,,
1789036457.5856,load,3,-1,21672,24.0,0.0,25.0,1587.173,,,,,,,,,
1789036457.7027,load,3,-1,21672,25.0,0.0,26.0,0.122,,,,,,,,,
1789036460.2409,load,3,-1,21672,26.0,0.0,27.0,2370.927,,,,,,,,,
1789036460.6008,load,3,-1,21672,27.0,0.0,28.0,0.151,,,,,,,,,
1789036462.5034,load,3,-1,21672,28.0,0.0,29.0,1740.49,,,,,,,,,
1789036462.6483,load,3,-1,21672,29.0,0.0,30.0,0.158,,,,,,,,,
1789036464.7317,load,3,-1,21672,30.0,0.0,31.0,1647.189,,,,,,,,,
1789036464.9663,load,3,-1,21672,31.0,0.0,32.0,115.568,,,,,,,,,
1789036467.3612,load,3,-1,21672,32.0,0.0,33.0,2283.509,,,,,,,,,
1789036468.014,load,3,-1,21672,33.0,0.0,34.0,318.827,,,,,,,,,
1789036469.6882,load,3,-1,21672,34.0,0.0,35.0,1565.251,,,,,,,,,
1789036470.4741,load,3,-1,21672,35.0,0.0,36.0,677.304,,,,,,,,,
1789036471.8657,load,3,-1,21672,36.0,0.0,37.0,1049.027,,,,,,,,,
1789036472.7871,load,3,-1,21672,37.0,0.0,38.0,796.037,,,,,,,,,
1789036474.0889,load,3,-1,21672,38.0,0.0,39.0,1191.445,,,,,,,,,
1789036475.3018,load,3,-1,21672,39.0,0.0,40.0,833.139,,,,,,,,,
1789036476.6092,load,3,-1,21672,40.0,0.0,41.0,1197.916,,,,,,,,,
1789036477.6112,load,3,-1,21672,41.0,0.0,42.0,815.186,,,,,,,,,
1789036479.3965,load,3,-1,21672,42.0,0.0,43.0,1441.689,,,,,,,,,
1789036479.5184,load,3,-1,21672,43.0,0.0,44.0,0.117,,,,,,,,,
1789036481.8407,load,3,-1,21672,44.0,0.0,45.0,2145.867,,,,,,,,,
1789036482.2889,load,3,-1,21672,45.0,0.0,46.0,58.553,,,,,,,,,
1789036484.1135,load,3,-1,21672,46.0,0.0,47.0,1716.064,,,,,,,,,
1789036485.0677,load,3,-1,21672,47.0,0.0,48.0,842.656,,,,,,,,,
1789036486.2473,load,3,-1,21672,48.0,0.0,49.0,841.515,,,,,,,,,
1789036487.7576,load,3,-1,21672,49.0,0.0,50.0,1398.534,,,,,,,,,
1789036487.9594,load,3,-1,21672,50.0,0.0,51.0,82.77,,,,,,,,,
1789036490.7943,load,3,-1,21672,51.0,0.0,52.0,2424.604,,,,,,,,,
1789036490.9418,load,3,-1,21672,52.0,0.0,53.0,0.117,,,,,,,,,
1789036493.5718,load,3,-1,21672,53.0,0.0,54.0,2458.853,,,,,,,,,
1789036493.9602,load,3,-1,21672,54.0,0.0,55.0,0.094,,,,,,,,,
1789036495.5344,load,3,-1,21672,55.0,0.0,56.0,1443.588,,,,,,,,,
1789036495.8931,load,3,-1,21672,56.0,0.0,57.0,247.04,,,,,,,,,
1789036498.3359,load,3,-1,21672,57.0,0.0,58.0,2101.796,,,,,,,,,
1789036498.445,load,3,-1,21672,58.0,0.0,59.0,0.091,,,,,,,,,
1789036500.5161,load,3,-1,21672,59.0,0.0,60.0,1896.586,,,,,,,,,
1789036500.9113,load,3,-1,21672,60.0,0.0,61.0,0.1,,,,,,,,,
1789036502.9496,load,3,-1,21672,61.0,0.0,62.0,1835.326,,,,,,,,,
1789036503.1029,load,3,-1,21672,62.0,0.0,63.0,0.166,,,,,,,,,
1789036505.7668,load,3,-1,21672,63.0,0.0,64.0,2236.273,,,,,,,,,
1789036505.9032,load,3,-1,21672,64.0,0.0,65.0,0.094,,,,,,,,,
1789036507.6285,load,3,-1,21672,65.0,0.0,66.0,1550.451,,,,,,,,,
1789036508.7054,load,3,-1,21672,66.0,0.0,67.0,720.561,,,,,,,,,
1789036510.0148,load,3,-1,21672,67.0,0.0,68.0,1201.234,,,,,,,,,
1789036511.2511,load,3,-1,21672,68.0,0.0,69.0,1124.522,,,,,,,,,
1789036511.7873,load,3,-1,21672,69.0,0.0,70.0,185.775,,,,,,,,,
1789036513.2054,load,3,-1,21672,70.0,0.0,71.0,1309.363,,,,,,,,,
1789036514.6093,load,3,-1,21672,71.0,0.0,72.0,1295.269,,,,,,,,,
1789036515.6971,load,3,-1,21672,72.0,0.0,73.0,747.044,,,,,,,,,
1789036517.3648,load,3,-1,21672,73.0,0.0,74.0,1549.461,,,,,,,,,
1789036517.5399,load,3,-1,21672,74.0,0.0,75.0,59.628,,,,,,,,,
1789036519.0502,load,3,-1,21672,75.0,0.0,76.0,1150.335,,,,,,,,,
1789036520.2595,load,3,-1,21672,76.0,0.0,77.0,1099.278,,,,,,,,,
1789036521.6938,load,3,-1,21672,77.0,0.0,78.0,1325.748,,,,,,,,,
1789036522.3469,load,3,-1,21672,78.0,0.0,79.0,263.895,,,,,,,,,
1789036524.3875,load,3,-1,21672,79.0,0.0,80.0,1931.227,,,,,,,,,
1789036524.7173,load,3,-1,21672,80.0,0.0,81.0,221.211,,,,,,,,,
1789036526.3259,load,3,-1,21672,81.0,0.0,82.0,1159.334,,,,,,,,,
1789036527.5047,load,3,-1,21672,82.0,0.0,83.0,1045.103,,,,,,,,,
1789036528.9676,load,3,-1,21672,83.0,0.0,84.0,1327.071,,,,,,,,,
1789036529.3935,load,3,-1,21672,84.0,0.0,85.0,74.031,,,,,,,,,
1789036531.0197,load,3,-1,21672,85.0,0.0,86.0,1516.375,,,,,,,,,
1789036532.2315,load,3,-1,21672,86.0,0.0,87.0,1100.684,,,,,,,,,
1789036533.7216,load,3,-1,21672,87.0,0.0,88.0,1148.319,,,,,,,,,
1789036534.0726,load,3,-1,21672,88.0,0.0,89.0,244.366,,,,,,,,,
1789036535.7083,load,3,-1,21672,89.0,0.0,90.0,1529.193,,,,,,,,,
1789036536.3956,load,3,-1,21672,90.0,0.0,91.0,345.935,,,,,,,,,
1789036538.6442,load,3,-1,21672,91.0,0.0,92.0,2140.089,,,,,,,,,
1789036538.7631,load,3,-1,21672,92.0,0.0,93.0,0.088,,,,,,,,,
1789036540.4509,load,3,-1,21672,93.0,0.0,94.0,1285.237,,,,,,,,,
1789036540.9871,load,3,-1,21672,94.0,0.0,95.0,426.868,,,,,,,,,
1789036542.6799,load,3,-1,21672,95.0,0.0,96.0,1586.367,,,,,,,,,
1789036544.0219,load,3,-1,21672,96.0,0.0,97.0,1003.128,,,,,,,,,
1789036544.8359,load,3,-1,21672,97.0,0.0,98.0,693.989,,,,,,,,,
1789036546.6975,load,3,-1,21672,98.0,0.0,99.0,1749.467,,,,,,,,,
1789036547.0802,load,3,-1,21672,99.0,0.0,100.0,0.101,,,,,,,,,
1789036549.3585,load,3,-1,21672,100.0,0.0,101.0,2159.504,,,,,,,,,
1789036549.5398,load,3,-1,21672,101.0,0.0,102.0,0.099,,,,,,,,,
1789036551.8183,load,3,-1,21672,102.0,0.0,103.0,1933.979,,,,,,,,,
1789036551.9278,load,3,-1,21672,103.0,0.0,104.0,0.091,,,,,,,,,
1789036554.113,load,3,-1,21672,104.0,0.0,105.0,2011.287,,,,,,,,,
1789036554.4509,load,3,-1,21672,105.0,0.0,106.0,0.076,,,,,,,,,
1789036556.7498,load,3,-1,21672,106.0,0.0,107.0,2143.154,,,,,,,,,
1789036556.8603,load,3,-1,21672,107.0,0.0,108.0,0.1,,,,,,,,,
1789036559.1971,load,3,-1,21672,108.0,0.0,109.0,1892.029,,,,,,,,,
1789036559.3065,load,3,-1,21672,109.0,0.0,110.0,0.099,,,,,,,,,
1789036562.3352,load,3,-1,21672,110.0,0.0,111.0,2822.796,,,,,,,,,
1789036562.681,load,3,-1,21672,111.0,0.0,112.0,0.088,,,,,,,,,
1789036564.3409,load,3,-1,21672,112.0,0.0,113.0,1542.777,,,,,,,,,
1789036564.4781,load,3,-1,21672,113.0,0.0,114.0,0.089,,,,,,,,,
1789036567.0475,load,3,-1,21672,114.0,0.0,115.0,2144.322,,,,,,,,,
1789036567.1619,load,3,-1,21672,115.0,0.0,116.0,0.106,,,,,,,,,
1789036569.3439,load,3,-1,21672,116.0,0.0,117.0,1998.258,,,,,,,,,
1789036569.6867,load,3,-1,21672,117.0,0.0,118.0,0.078,,,,,,,,,
1789036572.3025,load,3,-1,21672,118.0,0.0,119.0,2447.061,,,,,,,,,
1789036572.4146,load,3,-1,21672,119.0,0.0,120.0,0.098,,,,,,,,,
1789036574.8066,load,3,-1,21672,120.0,0.0,121.0,1974.355,,,,,,,,,
1789036575.0186,load,3,-1,21672,121.0,0.0,122.0,0.119,,,,,,,,,
1789036577.2202,load,3,-1,21672,122.0,0.0,123.0,2067.442,,,,,,,,,
1789036577.5723,load,3,-1,21672,123.0,0.0,124.0,0.081,,,,,,,,,
1789036579.6137,load,3,-1,21672,124.0,0.0,125.0,1911.995,,,,,,,,,
1789036579.7264,load,3,-1,21672,125.0,0.0,126.0,0.104,,,,,,,,,
1789036581.8922,load,3,-1,21672,126.0,0.0,127.0,1692.621,,,,,,,,,
1789036582.004,load,3,-1,21672,127.0,0.0,128.0,0.095,,,,,,,,,
1789036584.0646,load,3,-1,21672,128.0,0.0,129.0,1862.513,,,,,,,,,
1789036584.4055,load,3,-1,21672,129.0,0.0,130.0,0.23,,,,,,,,,
1789036586.8889,load,3,-1,21672,130.0,0.0,131.0,2345.07,,,,,,,,,
1789036586.9996,load,3,-1,21672,131.0,0.0,132.0,0.09,,,,,,,,,
1789036589.3615,load,3,-1,21672,132.0,0.0,133.0,1900.604,,,,,,,,,
1789036589.4947,load,3,-1,21672,133.0,0.0,134.0,0.086,,,,,,,,,
1789036591.8176,load,3,-1,21672,134.0,0.0,135.0,2143.319,,,,,,,,,
1789036592.1551,load,3,-1,21672,135.0,0.0,136.0,0.08,,,,,,,,,
1789036594.4336,load,3,-1,21672,136.0,0.0,137.0,2124.046,,,,,,,,,
1789036594.5421,load,3,-1,21672,137.0,0.0,138.0,0.089,,,,,,,,,
1789036596.7396,load,3,-1,21672,138.0,0.0,139.0,1742.439,,,,,,,,,
1789036596.8995,load,3,-1,21672,139.0,0.0,140.0,0.109,,,,,,,,,
1789036598.8953,load,3,-1,21672,140.0,0.0,141.0,1824.377,,,,,,,,,
1789036599.3151,load,3,-1,21672,141.0,0.0,142.0,0.137,,,,,,,,,
1789036601.8862,load,3,-1,21672,142.0,0.0,143.0,2436.137,,,,,,,,,
1789036601.994,load,3,-1,21672,143.0,0.0,144.0,0.086,,,,,,,,,
1789036604.2819,load,3,-1,21672,144.0,0.0,145.0,1867.481,,,,,,,,,
1789036604.3995,load,3,-1,21672,145.0,0.0,146.0,0.085,,,,,,,,,
1789036606.3714,load,3,-1,21672,146.0,0.0,147.0,1789.707,,,,,,,,,
1789036606.7685,load,3,-1,21672,147.0,0.0,148.0,0.079,,,,,,,,,
1789036608.8434,load,3,-1,21672,148.0,0.0,149.0,1955.707,,,,,,,,,
1789036608.9547,load,3,-1,21672,149.0,0.0,150.0,0.093,,,,,,,,,
1789036611.4248,load,3,-1,21672,150.0,0.0,151.0,2058.67,,,,,,,,,
1789036611.5362,load,3,-1,21672,151.0,0.0,152.0,0.125,,,,,,,,,
1789036614.3649,load,3,-1,21672,152.0,0.0,153.0,2652.881,,,,,,,,,
1789036614.6998,load,3,-1,21672,153.0,0.0,154.0,0.091,,,,,,,,,
1789036617.0312,load,3,-1,21672,154.0,0.0,155.0,2152.439,,,,,,,,,
1789036617.1616,load,3,-1,21672,155.0,0.0,156.0,0.088,,,,,,,,,
1789036619.1398,load,3,-1,21672,156.0,0.0,157.0,1547.101,,,,,,,,,
1789036619.2482,load,3,-1,21672,157.0,0.0,158.0,0.087,,,,,,,,,
1789036621.3946,load,3,-1,21672,158.0,0.0,159.0,1973.816,,,,,,,,,
1789036621.755,load,3,-1,21672,159.0,0.0,160.0,0.08,,,,,,,,,
1789036623.7727,load,3,-1,21672,160.0,0.0,161.0,1891.927,,,,,,,,,
1789036623.9534,load,3,-1,21672,161.0,0.0,162.0,0.139,,,,,,,,,
1789036626.5057,load,3,-1,21672,162.0,0.0,163.0,2207.82,,,,,,,,,
1789036626.6142,load,3,-1,21672,163.0,0.0,164.0,0.087,,,,,,,,,
1789036629.1021,load,3,-1,21672,164.0,0.0,165.0,2313.56,,,,,,,,,
1789036629.4556,load,3,-1,21672,165.0,0.0,166.0,0.095,,,,,,,,,
1789036631.3817,load,3,-1,21672,166.0,0.0,167.0,1738.189,,,,,,,,,
1789036631.4927,load,3,-1,21672,167.0,0.0,168.0,0.108,,,,,,,,,
1789036633.4523,load,3,-1,21672,168.0,0.0,169.0,1522.099,,,,,,,,,
1789036633.5615,load,3,-1,21672,169.0,0.0,170.0,0.093,,,,,,,,,
1789036635.8716,load,3,-1,21672,170.0,0.0,171.0,2137.99,,,,,,,,,
1789036636.244,load,3,-1,21672,171.0,0.0,172.0,0.081,,,,,,,,,
1789036637.5992,load,3,-1,21672,172.0,0.0,173.0,1247.601,,,,,,,,,
1789036637.7086,load,3,-1,21672,173.0,0.0,174.0,0.084,,,,,,,,,
1789036639.7212,load,3,-1,21672,174.0,0.0,175.0,1590.334,,,,,,,,,
1789036639.8304,load,3,-1,21672,175.0,0.0,176.0,0.085,,,,,,,,,
1789036641.5335,load,3,-1,21672,176.0,0.0,177.0,1532.302,,,,,,,,,
1789036641.8919,load,3,-1,21672,177.0,0.0,178.0,0.229,,,,,,,,,
1789036644.1355,load,3,-1,21672,178.0,0.0,179.0,2110.156,,,,,,,,,
1789036644.2461,load,3,-1,21672,179.0,0.0,180.0,0.094,,,,,,,,,
1789036646.55,load,3,-1,21672,180.0,0.0,181.0,1862.601,,,,,,,,,
1789036646.7301,load,3,-1,21672,181.0,0.0,182.0,0.109,,,,,,,,,
1789036649.3614,load,3,-1,21672,182.0,0.0,183.0,2514.321,,,,,,,,,
1789036649.7132,load,3,-1,21672,183.0,0.0,184.0,0.079,,,,,,,,,
1789036652.0007,load,3,-1,21672,184.0,0.0,185.0,2165.918,,,,,,,,,
1789036652.1333,load,3,-1,21672,185.0,0.0,186.0,0.098,,,,,,,,,
1789036654.1382,load,3,-1,21672,186.0,0.0,187.0,1563.435,,,,,,,,,
1789036654.2461,load,3,-1,21672,187.0,0.0,188.0,0.096,,,,,,,,,
1789036656.2984,load,3,-1,21672,188.0,0.0,189.0,1878.723,,,,,,,,,
1789036656.6448,load,3,-1,21672,189.0,0.0,190.0,0.08,,,,,,,,,
1789036658.7559,load,3,-1,21672,190.0,0.0,191.0,1997.478,,,,,,,,,
1789036658.8658,load,3,-1,21672,191.0,0.0,192.0,0.101,,,,,,,,,
1789036661.0106,load,3,-1,21672,192.0,0.0,193.0,1725.064,,,,,,,,,
1789036661.1442,load,3,-1,21672,193.0,0.0,194.0,0.114,,,,,,,,,
1789036663.6527,load,3,-1,21672,194.0,0.0,195.0,2334.763,,,,,,,,,
1789036664.0256,load,3,-1,21672,195.0,0.0,196.0,0.102,,,,,,,,,
1789036666.3456,load,3,-1,21672,196.0,0.0,197.0,2208.958,,,,,,,,,
1789036666.4587,load,3,-1,21672,197.0,0.0,198.0,0.12,,,,,,,,,
1789036668.6244,load,3,-1,21672,198.0,0.0,199.0,1757.694,,,,,,,,,
1789036668.7355,load,3,-1,21672,199.0,0.0,200.0,0.099,,,,,,,,,
1789036671.2573,load,3,-1,21672,200.0,0.0,201.0,2348.023,,,,,,,,,
1789036671.6914,load,3,-1,21672,201.0,0.0,202.0,0.109,,,,,,,,,
1789036673.545,load,3,-1,21672,202.0,0.0,203.0,1741.292,,,,,,,,,
1789036673.6608,load,3,-1,21672,203.0,0.0,204.0,0.09,,,,,,,,,
1789036675.8545,load,3,-1,21672,204.0,0.0,205.0,1787.903,,,,,,,,,
1789036675.9625,load,3,-1,21672,205.0,0.0,206.0,0.09,,,,,,,,,
1789036678.1116,load,3,-1,21672,206.0,0.0,207.0,1972.605,,,,,,,,,
1789036678.4741,load,3,-1,21672,207.0,0.0,208.0,0.077,,,,,,,,,
1789036680.887,load,3,-1,21672,208.0,0.0,209.0,2286.253,,,,,,,,,
1789036680.9958,load,3,-1,21672,209.0,0.0,210.0,0.089,,,,,,,,,
1789036683.6166,load,3,-1,21672,210.0,0.0,211.0,2213.937,,,,,,,,,
1789036683.726,load,3,-1,21672,211.0,0.0,212.0,0.094,,,,,,,,,
1789036686.0822,load,3,-1,21672,212.0,0.0,213.0,2183.424,,,,,,,,,
1789036686.4207,load,3,-1,21672,213.0,0.0,214.0,0.085,,,,,,,,,
1789036688.5588,load,3,-1,21672,214.0,0.0,215.0,1981.192,,,,,,,,,
1789036688.6701,load,3,-1,21672,215.0,0.0,216.0,0.103,,,,,,,,,
1789036691.4796,load,3,-1,21672,216.0,0.0,217.0,2390.345,,,,,,,,,
1789036691.5911,load,3,-1,21672,217.0,0.0,218.0,0.195,,,,,,,,,
1789036693.5282,load,3,-1,21672,218.0,0.0,219.0,1742.441,,,,,,,,,
1789036693.8757,load,3,-1,21672,219.0,0.0,220.0,0.095,,,,,,,,,
1789036695.6968,load,3,-1,21672,220.0,0.0,221.0,1654.575,,,,,,,,,
1789036695.8781,load,3,-1,21672,221.0,0.0,222.0,0.29,,,,,,,,,
1789036697.9253,load,3,-1,21672,222.0,0.0,223.0,1681.076,,,,,,,,,
1789036698.0346,load,3,-1,21672,223.0,0.0,224.0,0.099,,,,,,,,,
1789036699.6661,load,3,-1,21672,224.0,0.0,225.0,1459.148,,,,,,,,,
1789036700.0027,load,3,-1,21672,225.0,0.0,226.0,0.078,,,,,,,,,
1789036702.103,load,3,-1,21672,226.0,0.0,227.0,1981.895,,,,,,,,,
1789036702.2157,load,3,-1,21672,227.0,0.0,228.0,0.099,,,,,,,,,
1789036704.3351,load,3,-1,21672,228.0,0.0,229.0,1700.412,,,,,,,,,
1789036704.4436,load,3,-1,21672,229.0,0.0,230.0,0.084,,,,,,,,,
1789036706.7812,load,3,-1,21672,230.0,0.0,231.0,2166.14,,,,,,,,,
1789036707.1412,load,3,-1,21672,231.0,0.0,232.0,0.112,,,,,,,,,
1789036709.3,load,3,-1,21672,232.0,0.0,233.0,2018.531,,,,,,,,,
1789036709.4259,load,3,-1,21672,233.0,0.0,234.0,0.106,,,,,,,,,
1789036711.9651,load,3,-1,21672,234.0,0.0,235.0,2133.54,,,,,,,,,
1789036712.0737,load,3,-1,21672,235.0,0.0,236.0,0.086,,,,,,,,,
1789036714.3594,load,3,-1,21672,236.0,0.0,237.0,2110.332,,,,,,,,,
1789036714.7108,load,3,-1,21672,237.0,0.0,238.0,0.08,,,,,,,,,
1789036716.8724,load,3,-1,21672,238.0,0.0,239.0,2010.909,,,,,,,,,
1789036716.9807,load,3,-1,21672,239.0,0.0,240.0,0.1,,,,,,,,,
1789036719.5679,load,3,-1,21672,240.0,0.0,241.0,2169.512,,,,,,,,,
1789036719.7497,load,3,-1,21672,241.0,0.0,242.0,0.147,,,,,,,,,
1789036721.7305,load,3,-1,21672,242.0,0.0,243.0,1870.091,,,,,,,,,
1789036722.074,load,3,-1,21672,243.0,0.0,244.0,0.074,,,,,,,,,
1789036723.6294,load,3,-1,21672,244.0,0.0,245.0,1409.544,,,,,,,,,
1789036723.7571,load,3,-1,21672,245.0,0.0,246.0,0.096,,,,,,,,,
1789036726.6328,load,3,-1,21672,246.0,0.0,247.0,2468.055,,,,,,,,,
1789036726.7409,load,3,-1,21672,247.0,0.0,248.0,0.094,,,,,,,,,
1789036728.9069,load,3,-1,21672,248.0,0.0,249.0,1993.875,,,,,,,,,
1789036729.261,load,3,-1,21672,249.0,0.0,250.0,0.082,,,,,,,,,
1789036731.5399,load,3,-1,21672,250.0,0.0,251.0,2135.555,,,,,,,,,
1789036731.6535,load,3,-1,21672,251.0,0.0,252.0,0.101,,,,,,,,,
1789036734.2745,load,3,-1,21672,252.0,0.0,253.0,2213.004,,,,,,,,,
1789036734.3835,load,3,-1,21672,253.0,0.0,254.0,0.095,,,,,,,,,
1789036736.4998,load,3,-1,21672,254.0,0.0,255.0,1941.421,,,,,,,,,
1789036736.8736,load,3,-1,21672,255.0,0.0,256.0,0.106,,,,,,,,,
1789036739.1395,load,3,-1,21672,256.0,0.0,257.0,2152.694,,,,,,,,,
1789036739.2542,load,3,-1,21672,257.0,0.0,258.0,0.103,,,,,,,,,
1789036741.341,load,3,-1,21672,258.0,0.0,259.0,1624.496,,,,,,,,,
1789036741.4723,load,3,-1,21672,259.0,0.0,260.0,0.097,,,,,,,,,
1789036743.8951,load,3,-1,21672,260.0,0.0,261.0,2232.394,,,,,,,,,
1789036744.3559,load,3,-1,21672,261.0,0.0,262.0,0.104,,,,,,,,,
1789036745.9651,load,3,-1,21672,262.0,0.0,263.0,1497.237,,,,,,,,,
1789036746.0752,load,3,-1,21672,263.0,0.0,264.0,0.096,,,,,,,,,
1789036747.8387,load,3,-1,21672,264.0,0.0,265.0,1351.149,,,,,,,,,
1789036747.9531,load,3,-1,21672,265.0,0.0,266.0,0.857,,,,,,,,,
1789036750.0551,load,3,-1,21672,266.0,0.0,267.0,1928.862,,,,,,,,,
1789036750.4221,load,3,-1,21672,267.0,0.0,268.0,0.094,,,,,,,,,
1789036753.1719,load,3,-1,21672,268.0,0.0,269.0,2618.576,,,,,,,,,
1789036753.2991,load,3,-1,21672,269.0,0.0,270.0,0.095,,,,,,,,,
1789036755.0356,load,3,-1,21672,270.0,0.0,271.0,1291.052,,,,,,,,,
1789036755.1447,load,3,-1,21672,271.0,0.0,272.0,0.092,,,,,,,,,
1789036757.5937,load,3,-1,21672,272.0,0.0,273.0,2273.078,,,,,,,,,
1789036757.9804,load,3,-1,21672,273.0,0.0,274.0,0.094,,,,,,,,,
1789036759.6975,load,3,-1,21672,274.0,0.0,275.0,1597.777,,,,,,,,,
1789036759.8082,load,3,-1,21672,275.0,0.0,276.0,0.123,,,,,,,,,
1789036762.1289,load,3,-1,21672,276.0,0.0,277.0,1861.856,,,,,,,,,
1789036762.2682,load,3,-1,21672,277.0,0.0,278.0,0.098,,,,,,,,,
1789036764.4961,load,3,-1,21672,278.0,0.0,279.0,2085.767,,,,,,,,,
1789036764.8712,load,3,-1,21672,279.0,0.0,280.0,0.079,,,,,,,,,
1789036766.8075,load,3,-1,21672,280.0,0.0,281.0,1800.234,,,,,,,,,
1789036767.009,load,3,-1,21672,281.0,0.0,282.0,0.105,,,,,,,,,
1789036769.8295,load,3,-1,21672,282.0,0.0,283.0,2458.981,,,,,,,,,
1789036769.9458,load,3,-1,21672,283.0,0.0,284.0,0.105,,,,,,,,,
1789036772.8163,load,3,-1,21672,284.0,0.0,285.0,2698.228,,,,,,,,,
1789036773.1587,load,3,-1,21672,285.0,0.0,286.0,0.088,,,,,,,,,
1789036775.4507,load,3,-1,21672,286.0,0.0,287.0,2140.779,,,,,,,,,
1789036775.5606,load,3,-1,21672,287.0,0.0,288.0,0.09,,,,,,,,,
1789036777.8611,load,3,-1,21672,288.0,0.0,289.0,1900.108,,,,,,,,,
1789036777.9687,load,3,-1,21672,289.0,0.0,290.0,0.084,,,,,,,,,
1789036779.7325,load,3,-1,21672,290.0,0.0,291.0,1585.752,,,,,,,,,
1789036780.0667,load,3,-1,21672,291.0,0.0,292.0,0.075,,,,,,,,,
1789036782.3329,load,3,-1,21672,292.0,0.0,293.0,2149.579,,,,,,,,,
1789036782.4439,load,3,-1,21672,293.0,0.0,294.0,0.086,,,,,,,,,
1789036784.8173,load,3,-1,21672,294.0,0.0,295.0,1971.312,,,,,,,,,
1789036784.9293,load,3,-1,21672,295.0,0.0,296.0,0.097,,,,,,,,,
1789036787.1932,load,3,-1,21672,296.0,0.0,297.0,2081.244,,,,,,,,,
1789036787.5432,load,3,-1,21672,297.0,0.0,298.0,0.084,,,,,,,,,
1789036789.7068,load,3,-1,21672,298.0,0.0,299.0,2018.415,,,,,,,,,
1789036789.814,load,3,-1,21672,299.0,0.0,300.0,0.092,,,,,,,,,
1789036792.052,load,3,-1,21672,300.0,0.0,301.0,1838.843,,,,,,,,,
1789036792.2323,load,3,-1,21672,301.0,0.0,302.0,0.122,,,,,,,,,
1789036794.785,load,3,-1,21672,302.0,0.0,303.0,2441.861,,,,,,,,,
1789036795.152,load,3,-1,21672,303.0,0.0,304.0,0.092,,,,,,,,,
1789036797.6467,load,3,-1,21672,304.0,0.0,305.0,2364.958,,,,,,,,,
1789036797.7596,load,3,-1,21672,305.0,0.0,306.0,0.098,,,,,,,,,
1789036800.1411,load,3,-1,21672,306.0,0.0,307.0,1962.772,,,,,,,,,
1789036800.2486,load,3,-1,21672,307.0,0.0,308.0,0.081,,,,,,,,,
1789036802.5653,load,3,-1,21672,308.0,0.0,309.0,2143.528,,,,,,,,,
1789036802.9403,load,3,-1,21672,309.0,0.0,310.0,0.078,,,,,,,,,
1789036804.7578,load,3,-1,21672,310.0,0.0,311.0,1648.646,,,,,,,,,
1789036804.8828,load,3,-1,21672,311.0,0.0,312.0,0.083,,,,,,,,,
1789036806.9428,load,3,-1,21672,312.0,0.0,313.0,1656.817,,,,,,,,,
1789036807.0522,load,3,-1,21672,313.0,0.0,314.0,0.104,,,,,,,,,
1789036809.2777,load,3,-1,21672,314.0,0.0,315.0,2025.243,,,,,,,,,
1789036809.623,load,3,-1,21672,315.0,0.0,316.0,0.115,,,,,,,,,
1789036811.6696,load,3,-1,21672,316.0,0.0,317.0,1931.017,,,,,,,,,
1789036811.781,load,3,-1,21672,317.0,0.0,318.0,0.097,,,,,,,,,
1789036814.3731,load,3,-1,21672,318.0,0.0,319.0,2183.534,,,,,,,,,
1789036814.485,load,3,-1,21672,319.0,0.0,320.0,0.099,,,,,,,,,
1789036816.946,load,3,-1,21672,320.0,0.0,321.0,2273.407,,,,,,,,,
1789036817.4371,load,3,-1,21672,321.0,0.0,322.0,0.119,,,,,,,,,
1789036819.7953,load,3,-1,21672,322.0,0.0,323.0,2237.599,,,,,,,,,
1789036819.9038,load,3,-1,21672,323.0,0.0,324.0,0.09,,,,,,,,,
1789036821.9568,load,3,-1,21672,324.0,0.0,325.0,1651.657,,,,,,,,,
1789036822.0676,load,3,-1,21672,325.0,0.0,326.0,0.11,,,,,,,,,
1789036824.4202,load,3,-1,21672,326.0,0.0,327.0,2158.288,,,,,,,,,
1789036824.7863,load,3,-1,21672,327.0,0.0,328.0,0.086,,,,,,,,,
1789036826.6759,load,3,-1,21672,328.0,0.0,329.0,1737.65,,,,,,,,,
1789036826.7884,load,3,-1,21672,329.0,0.0,330.0,0.101,,,,,,,,,
1789036829.1882,load,3,-1,21672,330.0,0.0,331.0,2002.787,,,,,,,,,
1789036829.2979,load,3,-1,21672,331.0,0.0,332.0,0.094,,,,,,,,,
1789036831.5513,load,3,-1,21672,332.0,0.0,333.0,2081.61,,,,,,,,,
1789036831.8942,load,3,-1,21672,333.0,0.0,334.0,0.098,,,,,,,,,
1789036834.064,load,3,-1,21672,334.0,0.0,335.0,2030.658,,,,,,,,,
1789036834.1752,load,3,-1,21672,335.0,0.0,336.0,0.096,,,,,,,,,
1789036836.5487,load,3,-1,21672,336.0,0.0,337.0,1929.185,,,,,,,,,
1789036836.6595,load,3,-1,21672,337.0,0.0,338.0,0.088,,,,,,,,,
1789036838.6614,load,3,-1,21672,338.0,0.0,339.0,1828.244,,,,,,,,,
1789036839.052,load,3,-1,21672,339.0,0.0,340.0,0.203,,,,,,,,,
1789036840.7709,load,3,-1,21672,340.0,0.0,341.0,1609.244,,,,,,,,,
1789036840.962,load,3,-1,21672,341.0,0.0,342.0,0.113,,,,,,,,,
1789036842.8661,load,3,-1,21672,342.0,0.0,343.0,1558.295,,,,,,,,,
1789036842.9779,load,3,-1,21672,343.0,0.0,344.0,0.11,,,,,,,,,
1789036844.9525,load,3,-1,21672,344.0,0.0,345.0,1804.524,,,,,,,,,
1789036845.3136,load,3,-1,21672,345.0,0.0,346.0,0.228,,,,,,,,,
1789036847.8158,load,3,-1,21672,346.0,0.0,347.0,2340.778,,,,,,,,,
1789036847.9246,load,3,-1,21672,347.0,0.0,348.0,0.097,,,,,,,,,
1789036850.1907,load,3,-1,21672,348.0,0.0,349.0,1853.925,,,,,,,,,
1789036850.3005,load,3,-1,21672,349.0,0.0,350.0,0.103,,,,,,,,,
1789036852.7302,load,3,-1,21672,350.0,0.0,351.0,2235.404,,,,,,,,,
1789036853.0988,load,3,-1,21672,351.0,0.0,352.0,0.104,,,,,,,,,
1789036855.1429,load,3,-1,21672,352.0,0.0,353.0,1933.657,,,,,,,,,
1789036855.2781,load,3,-1,21672,353.0,0.0,354.0,0.09,,,,,,,,,
1789036857.9777,load,3,-1,21672,354.0,0.0,355.0,2239.244,,,,,,,,,
1789036858.1013,load,3,-1,21672,355.0,0.0,356.0,0.099,,,,,,,,,
1789036860.7051,load,3,-1,21672,356.0,0.0,357.0,2410.362,,,,,,,,,
1789036861.0474,load,3,-1,21672,357.0,0.0,358.0,0.08,,,,,,,,,
1789036863.0223,load,3,-1,21672,358.0,0.0,359.0,1539.037,,,,,,,,,
1789036863.1606,load,3,-1,21672,359.0,0.0,360.0,0.106,,,,,,,,,
1789036865.2882,load,3,-1,21672,360.0,0.0,361.0,1727.31,,,,,,,,,
1789036865.4698,load,3,-1,21672,361.0,0.0,362.0,0.128,,,,,,,,,
1789036867.1158,load,3,-1,21672,362.0,0.0,363.0,1515.236,,,,,,,,,
1789036867.4809,load,3,-1,21672,363.0,0.0,364.0,0.088,,,,,,,,,
1789036869.8228,load,3,-1,21672,364.0,0.0,365.0,2228.964,,,,,,,,,
1789036869.9315,load,3,-1,21672,365.0,0.0,366.0,0.099,,,,,,,,,
1789036872.4078,load,3,-1,21672,366.0,0.0,367.0,2065.782,,,,,,,,,
1789036872.5173,load,3,-1,21672,367.0,0.0,368.0,0.092,,,,,,,,,
1789036874.8318,load,3,-1,21672,368.0,0.0,369.0,2120.942,,,,,,,,,
1789036875.1748,load,3,-1,21672,369.0,0.0,370.0,0.089,,,,,,,,,
1789036876.5661,load,3,-1,21672,370.0,0.0,371.0,1220.02,,,,,,,,,
1789036876.6745,load,3,-1,21672,371.0,0.0,372.0,0.09,,,,,,,,,
1789036879.6561,load,3,-1,21672,372.0,0.0,373.0,2566.207,,,,,,,,,
1789036879.769,load,3,-1,21672,373.0,0.0,374.0,0.092,,,,,,,,,
1789036881.8184,load,3,-1,21672,374.0,0.0,375.0,1862.098,,,,,,,,,
1789036882.1598,load,3,-1,21672,375.0,0.0,376.0,0.079,,,,,,,,,
1789036884.1366,load,3,-1,21672,376.0,0.0,377.0,1820.816,,,,,,,,,
1789036884.2455,load,3,-1,21672,377.0,0.0,378.0,0.094,,,,,,,,,
1789036885.8355,load,3,-1,21672,378.0,0.0,379.0,1184.602,,,,,,,,,
1789036885.9522,load,3,-1,21672,379.0,0.0,380.0,0.113,,,,,,,,,
1789036887.9486,load,3,-1,21672,380.0,0.0,381.0,1803.45,,,,,,,,,
1789036888.3961,load,3,-1,21672,381.0,0.0,382.0,0.134,,,,,,,,,
1789036890.3943,load,3,-1,21672,382.0,0.0,383.0,1861.692,,,,,,,,,
1789036890.5045,load,3,-1,21672,383.0,0.0,384.0,0.088,,,,,,,,,
1789036892.433,load,3,-1,21672,384.0,0.0,385.0,1475.645,,,,,,,,,
1789036892.5431,load,3,-1,21672,385.0,0.0,386.0,0.094,,,,,,,,,
1789036894.9226,load,3,-1,21672,386.0,0.0,387.0,2207.043,,,,,,,,,
1789036895.2758,load,3,-1,21672,387.0,0.0,388.0,0.077,,,,,,,,,
1789036897.4648,load,3,-1,21672,388.0,0.0,389.0,1748.312,,,,,,,,,
1789036897.5947,load,3,-1,21672,389.0,0.0,390.0,0.111,,,,,,,,,
1789036900.2216,load,3,-1,21672,390.0,0.0,391.0,2214.924,,,,,,,,,
1789036900.6985,load,3,-1,21672,391.0,0.0,392.0,0.096,,,,,,,,,
1789036902.9268,load,3,-1,21672,392.0,0.0,393.0,2069.671,,,,,,,,,
1789036903.2968,load,3,-1,21672,393.0,0.0,394.0,0.08,,,,,,,,,
1789036904.9662,load,3,-1,21672,394.0,0.0,395.0,1182.007,,,,,,,,,
1789036905.0941,load,3,-1,21672,395.0,0.0,396.0,0.095,,,,,,,,,
1789036907.8107,load,3,-1,21672,396.0,0.0,397.0,2277.073,,,,,,,,,
1789036907.9424,load,3,-1,21672,397.0,0.0,398.0,0.101,,,,,,,,,
1789036910.3201,load,3,-1,21672,398.0,0.0,399.0,2200.405,,,,,,,,,
1789036910.7036,load,3,-1,21672,399.0,0.0,400.0,0.086,,,,,,,,,
1789036912.4089,load,3,-1,21672,400.0,0.0,401.0,1543.398,,,,,,,,,
1789036912.5908,load,3,-1,21672,401.0,0.0,402.0,0.168,,,,,,,,,
1789036914.3265,load,3,-1,21672,402.0,0.0,403.0,1363.013,,,,,,,,,
1789036914.4371,load,3,-1,21672,403.0,0.0,404.0,0.104,,,,,,,,,
1789036916.7818,load,3,-1,21672,404.0,0.0,405.0,2174.386,,,,,,,,,
1789036917.1246,load,3,-1,21672,405.0,0.0,406.0,0.093,,,,,,,,,
1789036919.1162,load,3,-1,21672,406.0,0.0,407.0,1863.147,,,,,,,,,
1789036919.225,load,3,-1,21672,407.0,0.0,408.0,0.098,,,,,,,,,
1789036921.8266,load,3,-1,21672,408.0,0.0,409.0,2182.384,,,,,,,,,
1789036921.935,load,3,-1,21672,409.0,0.0,410.0,0.098,,,,,,,,,
1789036924.7386,load,3,-1,21672,410.0,0.0,411.0,2610.499,,,,,,,,,
1789036925.0841,load,3,-1,21672,411.0,0.0,412.0,0.094,,,,,,,,,
1789036927.5457,load,3,-1,21672,412.0,0.0,413.0,2278.142,,,,,,,,,
1789036927.6718,load,3,-1,21672,413.0,0.0,414.0,0.098,,,,,,,,,
1789036930.1193,load,3,-1,21672,414.0,0.0,415.0,2031.486,,,,,,,,,
1789036930.2301,load,3,-1,21672,415.0,0.0,416.0,0.108,,,,,,,,,
1789036932.6686,load,3,-1,21672,416.0,0.0,417.0,2266.68,,,,,,,,,
1789036933.0079,load,3,-1,21672,417.0,0.0,418.0,0.078,,,,,,,,,
1789036935.5,load,3,-1,21672,418.0,0.0,419.0,2360.644,,,,,,,,,
1789036935.6384,load,3,-1,21672,419.0,0.0,420.0,0.087,,,,,,,,,
1789036937.5923,load,3,-1,21672,420.0,0.0,421.0,1528.323,,,,,,,,,
1789036937.7808,load,3,-1,21672,421.0,0.0,422.0,0.121,,,,,,,,,
1789036939.6347,load,3,-1,21672,422.0,0.0,423.0,1741.26,,,,,,,,,
1789036939.9836,load,3,-1,21672,423.0,0.0,424.0,0.083,,,,,,,,,
1789036942.1977,load,3,-1,21672,424.0,0.0,425.0,2099.657,,,,,,,,,
1789036942.324,load,3,-1,21672,425.0,0.0,426.0,0.091,,,,,,,,,
1789036944.6181,load,3,-1,21672,426.0,0.0,427.0,1880.465,,,,,,,,,
1789036944.7283,load,3,-1,21672,427.0,0.0,428.0,0.1,,,,,,,,,
1789036946.9444,load,3,-1,21672,428.0,0.0,429.0,2046.529,,,,,,,,,
1789036947.2904,load,3,-1,21672,429.0,0.0,430.0,0.099,,,,,,,,,
1789036950.0122,load,3,-1,21672,430.0,0.0,431.0,2612.446,,,,,,,,,
1789036950.1219,load,3,-1,21672,431.0,0.0,432.0,0.093,,,,,,,,,
1789036952.8207,load,3,-1,21672,432.0,0.0,433.0,2284.752,,,,,,,,,
1789036952.9588,load,3,-1,21672,433.0,0.0,434.0,0.099,,,,,,,,,
1789036955.4124,load,3,-1,21672,434.0,0.0,435.0,2277.262,,,,,,,,,
1789036955.7658,load,3,-1,21672,435.0,0.0,436.0,0.079,,,,,,,,,
1789036957.7383,load,3,-1,21672,436.0,0.0,437.0,1838.989,,,,,,,,,
1789036957.8487,load,3,-1,21672,437.0,0.0,438.0,0.094,,,,,,,,,
1789036960.1468,load,3,-1,21672,438.0,0.0,439.0,1892.937,,,,,,,,,
1789036960.2592,load,3,-1,21672,439.0,0.0,440.0,0.109,,,,,,,,,
1789036962.8709,load,3,-1,21672,440.0,0.0,441.0,2428.163,,,,,,,,,
1789036963.3073,load,3,-1,21672,441.0,0.0,442.0,0.104,,,,,,,,,
1789036965.2986,load,3,-1,21672,442.0,0.0,443.0,1878.861,,,,,,,,,
1789036965.4077,load,3,-1,21672,443.0,0.0,444.0,0.103,,,,,,,,,
1789036967.7716,load,3,-1,21672,444.0,0.0,445.0,1947.102,,,,,,,,,
1789036967.8815,load,3,-1,21672,445.0,0.0,446.0,0.097,,,,,,,,,
1789036970.1992,load,3,-1,21672,446.0,0.0,447.0,2142.963,,,,,,,,,
1789036970.5449,load,3,-1,21672,447.0,0.0,448.0,0.09,,,,,,,,,
1789036972.0148,load,3,-1,21672,448.0,0.0,449.0,1353.722,,,,,,,,,
1789036972.1238,load,3,-1,21672,449.0,0.0,450.0,0.097,,,,,,,,,
1789036974.5674,load,3,-1,21672,450.0,0.0,451.0,2030.94,,,,,,,,,
1789036974.6775,load,3,-1,21672,451.0,0.0,452.0,0.099,,,,,,,,,
1789036976.8508,load,3,-1,21672,452.0,0.0,453.0,1983.382,,,,,,,,,
1789036977.1935,load,3,-1,21672,453.0,0.0,454.0,0.084,,,,,,,,,
1789036978.7869,load,3,-1,21672,454.0,0.0,455.0,1478.756,,,,,,,,,
1789036978.8959,load,3,-1,21672,455.0,0.0,456.0,0.093,,,,,,,,,
1789036981.3807,load,3,-1,21672,456.0,0.0,457.0,2058.913,,,,,,,,,
1789036981.4903,load,3,-1,21672,457.0,0.0,458.0,0.098,,,,,,,,,
1789036984.046,load,3,-1,21672,458.0,0.0,459.0,2384.066,,,,,,,,,
1789036984.4202,load,3,-1,21672,459.0,0.0,460.0,0.083,,,,,,,,,
1789036986.4264,load,3,-1,21672,460.0,0.0,461.0,1896.76,,,,,,,,,
1789036986.6089,load,3,-1,21672,461.0,0.0,462.0,0.125,,,,,,,,,
1789036989.1336,load,3,-1,21672,462.0,0.0,463.0,2183.681,,,,,,,,,
1789036989.2449,load,3,-1,21672,463.0,0.0,464.0,0.096,,,,,,,,,
1789036991.4844,load,3,-1,21672,464.0,0.0,465.0,2062.997,,,,,,,,,
1789036991.8279,load,3,-1,21672,465.0,0.0,466.0,0.083,,,,,,,,,
1789036993.8941,load,3,-1,21672,466.0,0.0,467.0,1911.598,,,,,,,,,
1789036994.0025,load,3,-1,21672,467.0,0.0,468.0,0.087,,,,,,,,,
1789036995.8625,load,3,-1,21672,468.0,0.0,469.0,1448.722,,,,,,,,,
1789036995.9743,load,3,-1,21672,469.0,0.0,470.0,0.093,,,,,,,,,
1789036998.5685,load,3,-1,21672,470.0,0.0,471.0,2422.426,,,,,,,,,
1789036998.9084,load,3,-1,21672,471.0,0.0,472.0,0.075,,,,,,,,,
1789037000.6471,load,3,-1,21672,472.0,0.0,473.0,1564.635,,,,,,,,,
1789037000.7571,load,3,-1,21672,473.0,0.0,474.0,0.103,,,,,,,,,
1789037003.1932,load,3,-1,21672,474.0,0.0,475.0,2002.518,,,,,,,,,
1789037003.3023,load,3,-1,21672,475.0,0.0,476.0,0.103,,,,,,,,,
1789037005.3342,load,3,-1,21672,476.0,0.0,477.0,1856.52,,,,,,,,,
1789037005.6896,load,3,-1,21672,477.0,0.0,478.0,0.085,,,,,,,,,
1789037007.7139,load,3,-1,21672,478.0,0.0,479.0,1893.228,,,,,,,,,
1789037007.8231,load,3,-1,21672,479.0,0.0,480.0,0.089,,,,,,,,,
1789037010.2509,load,3,-1,21672,480.0,0.0,481.0,2017.134,,,,,,,,,
1789037010.4424,load,3,-1,21672,481.0,0.0,482.0,0.098,,,,,,,,,
1789037012.2493,load,3,-1,21672,482.0,0.0,483.0,1695.581,,,,,,,,,
1789037012.6226,load,3,-1,21672,483.0,0.0,484.0,0.112,,,,,,,,,
1789037014.8583,load,3,-1,21672,484.0,0.0,485.0,2123.49,,,,,,,,,
1789037015.2983,load,3,-1,21672,485.0,0.0,486.0,331.456,,,,,,,,,
1789037017.2382,load,3,-1,21672,486.0,0.0,487.0,1584.454,,,,,,,,,
1789037018.1372,load,3,-1,21672,487.0,0.0,488.0,788.453,,,,,,,,,
1789037020.1985,load,3,-1,21672,488.0,0.0,489.0,1949.445,,,,,,,,,
1789037020.5949,load,3,-1,21672,489.0,0.0,490.0,0.096,,,,,,,,,
1789037022.5771,load,3,-1,21672,490.0,0.0,491.0,1869.981,,,,,,,,,
1789037023.2571,load,3,-1,21672,491.0,0.0,492.0,568.688,,,,,,,,,
1789037024.6336,load,3,-1,21672,492.0,0.0,493.0,1036.97,,,,,,,,,
1789037025.466,load,3,-1,21672,493.0,0.0,494.0,720.795,,,,,,,,,
1789037027.1177,load,3,-1,21672,494.0,0.0,495.0,1542.555,,,,,,,,,
1789037027.9731,load,3,-1,21672,495.0,0.0,496.0,513.705,,,,,,,,,
1789037029.9987,load,3,-1,21672,496.0,0.0,497.0,1914.956,,,,,,,,,
1789037030.1266,load,3,-1,21672,497.0,0.0,498.0,0.115,,,,,,,,,
1789037032.7158,load,3,-1,21672,498.0,0.0,499.0,2177.502,,,,,,,,,
1789037032.8502,load,3,-1,21672,499.0,0.0,500.0,0.113,,,,,,,,,
1789037035.2593,load,3,-1,21672,500.0,0.0,501.0,2243.964,,,,,,,,,
1789037035.677,load,3,-1,21672,501.0,0.0,502.0,0.113,,,,,,,,,
1789037037.896,load,3,-1,21672,502.0,0.0,503.0,2107.138,,,,,,,,,
1789037038.0054,load,3,-1,21672,503.0,0.0,504.0,0.093,,,,,,,,,
1789037040.6428,load,3,-1,21672,504.0,0.0,505.0,2222.417,,,,,,,,,
1789037040.7535,load,3,-1,21672,505.0,0.0,506.0,0.093,,,,,,,,,
1789037043.0441,load,3,-1,21672,506.0,0.0,507.0,2110.041,,,,,,,,,
1789037043.4349,load,3,-1,21672,507.0,0.0,508.0,0.088,,,,,,,,,
1789037044.9739,load,3,-1,21672,508.0,0.0,509.0,1392.799,,,,,,,,,
1789037045.8042,load,3,-1,21672,509.0,0.0,510.0,720.884,,,,,,,,,
1789037047.4322,load,3,-1,21672,510.0,0.0,511.0,1275.109,,,,,,,,,
1789037047.901,load,3,-1,21672,511.0,0.0,512.0,354.95,,,,,,,,,
1789037050.0724,load,3,-1,21672,512.0,0.0,513.0,2058.822,,,,,,,,,
1789037050.814,load,3,-1,21672,513.0,0.0,514.0,389.366,,,,,,,,,
1789037052.3092,load,3,-1,21672,514.0,0.0,515.0,1385.786,,,,,,,,,
1789037053.3633,load,3,-1,21672,515.0,0.0,516.0,945.229,,,,,,,,,
1789037054.7806,load,3,-1,21672,516.0,0.0,517.0,1065.865,,,,,,,,,
1789037055.5264,load,3,-1,21672,517.0,0.0,518.0,633.688,,,,,,,,,
1789037057.7845,load,3,-1,21672,518.0,0.0,519.0,2149.634,,,,,,,,,
1789037058.4133,load,3,-1,21672,519.0,0.0,520.0,266.276,,,,,,,,,
1789037060.3747,load,3,-1,21672,520.0,0.0,521.0,1851.344,,,,,,,,,
1789037060.778,load,3,-1,21672,521.0,0.0,522.0,222.579,,,,,,,,,
1789037062.4866,load,3,-1,21672,522.0,0.0,523.0,1360.942,,,,,,,,,
1789037063.1707,load,3,-1,21672,523.0,0.0,524.0,575.008,,,,,,,,,
1789037064.6244,load,3,-1,21672,524.0,0.0,525.0,1343.685,,,,,,,,,
1789037066.093,load,3,-1,21672,525.0,0.0,526.0,1093.88,,,,,,,,,
1789037066.942,load,3,-1,21672,526.0,0.0,527.0,734.319,,,,,,,,,
1789037068.6767,load,3,-1,21672,527.0,0.0,528.0,1627.124,,,,,,,,,
1789037069.8784,load,3,-1,21672,528.0,0.0,529.0,858.067,,,,,,,,,
1789037071.0141,load,3,-1,21672,529.0,0.0,530.0,1025.935,,,,,,,,,
1789037072.2544,load,3,-1,21672,530.0,0.0,531.0,1110.682,,,,,,,,,
1789037073.4188,load,3,-1,21672,531.0,0.0,532.0,799.036,,,,,,,,,
1789037074.7267,load,3,-1,21672,532.0,0.0,533.0,1198.456,,,,,,,,,
1789037076.0682,load,3,-1,21672,533.0,0.0,534.0,1229.162,,,,,,,,,
1789037077.3239,load,3,-1,21672,534.0,0.0,535.0,915.792,,,,,,,,,
1789037078.7057,load,3,-1,21672,535.0,0.0,536.0,1263.746,,,,,,,,,
1789037079.9251,load,3,-1,21672,536.0,0.0,537.0,1098.991,,,,,,,,,
1789037081.1304,load,3,-1,21672,537.0,0.0,538.0,861.864,,,,,,,,,
1789037082.7371,load,3,-1,21672,538.0,0.0,539.0,1495.244,,,,,,,,,
1789037082.8483,load,3,-1,21672,539.0,0.0,540.0,0.099,,,,,,,,,
1789037085.1869,load,3,-1,21672,540.0,0.0,541.0,1942.01,,,,,,,,,
1789037085.3673,load,3,-1,21672,541.0,0.0,542.0,0.096,,,,,,,,,
1789037087.8281,load,3,-1,21672,542.0,0.0,543.0,2347.047,,,,,,,,,
1789037088.1653,load,3,-1,21672,543.0,0.0,544.0,0.079,,,,,,,,,
1789037090.597,load,3,-1,21672,544.0,0.0,545.0,2292.941,,,,,,,,,
1789037090.7132,load,3,-1,21672,545.0,0.0,546.0,0.121,,,,,,,,,
1789037093.1149,load,3,-1,21672,546.0,0.0,547.0,1994.352,,,,,,,,,
1789037093.2241,load,3,-1,21672,547.0,0.0,548.0,0.11,,,,,,,,,
1789037095.697,load,3,-1,21672,548.0,0.0,549.0,2298.25,,,,,,,,,
1789037096.0454,load,3,-1,21672,549.0,0.0,550.0,0.094,,,,,,,,,
1789037097.8857,load,3,-1,21672,550.0,0.0,551.0,1669.385,,,,,,,,,
1789037097.9978,load,3,-1,21672,551.0,0.0,552.0,0.1,,,,,,,,,
1789037099.645,load,3,-1,21672,552.0,0.0,553.0,1239.565,,,,,,,,,
1789037099.7664,load,3,-1,21672,553.0,0.0,554.0,0.102,,,,,,,,,
1789037102.8294,load,3,-1,21672,554.0,0.0,555.0,2888.112,,,,,,,,,
1789037103.1765,load,3,-1,21672,555.0,0.0,556.0,0.091,,,,,,,,,
1789037105.0557,load,3,-1,21672,556.0,0.0,557.0,1714.686,,,,,,,,,
1789037105.1661,load,3,-1,21672,557.0,0.0,558.0,0.115,,,,,,,,,
1789037107.4515,load,3,-1,21672,558.0,0.0,559.0,1882.543,,,,,,,,,
1789037107.5614,load,3,-1,21672,559.0,0.0,560.0,0.088,,,,,,,,,
1789037110.165,load,3,-1,21672,560.0,0.0,561.0,2431.002,,,,,,,,,
1789037110.5759,load,3,-1,21672,561.0,0.0,562.0,0.102,,,,,,,,,
1789037112.1736,load,3,-1,21672,562.0,0.0,563.0,1486.912,,,,,,,,,
1789037112.2826,load,3,-1,21672,563.0,0.0,564.0,0.091,,,,,,,,,
1789037114.4108,load,3,-1,21672,564.0,0.0,565.0,1721.223,,,,,,,,,
1789037114.5195,load,3,-1,21672,565.0,0.0,566.0,0.089,,,,,,,,,
1789037116.9492,load,3,-1,21672,566.0,0.0,567.0,2248.795,,,,,,,,,
1789037117.2876,load,3,-1,21672,567.0,0.0,568.0,0.078,,,,,,,,,
1789037119.7138,load,3,-1,21672,568.0,0.0,569.0,2314.237,,,,,,,,,
1789037119.8243,load,3,-1,21672,569.0,0.0,570.0,0.094,,,,,,,,,
1789037121.9043,load,3,-1,21672,570.0,0.0,571.0,1666.899,,,,,,,,,
1789037122.0125,load,3,-1,21672,571.0,0.0,572.0,0.104,,,,,,,,,
1789037124.3161,load,3,-1,21672,572.0,0.0,573.0,2129.338,,,,,,,,,
1789037124.6634,load,3,-1,21672,573.0,0.0,574.0,0.077,,,,,,,,,
1789037126.7194,load,3,-1,21672,574.0,0.0,575.0,1946.152,,,,,,,,,
1789037126.8291,load,3,-1,21672,575.0,0.0,576.0,0.128,,,,,,,,,
1789037129.1602,load,3,-1,21672,576.0,0.0,577.0,1922.494,,,,,,,,,
1789037129.4698,load,3,-1,21672,577.0,0.0,578.0,0.102,,,,,,,,,
1789037132.0266,load,3,-1,21672,578.0,0.0,579.0,2384.958,,,,,,,,,
1789037132.3698,load,3,-1,21672,579.0,0.0,580.0,0.114,,,,,,,,,
1789037134.3911,load,3,-1,21672,580.0,0.0,581.0,1889.488,,,,,,,,,
1789037134.5715,load,3,-1,21672,581.0,0.0,582.0,0.096,,,,,,,,,
1789037136.4696,load,3,-1,21672,582.0,0.0,583.0,1547.361,,,,,,,,,
1789037136.5789,load,3,-1,21672,583.0,0.0,584.0,0.088,,,,,,,,,
1789037139.3404,load,3,-1,21672,584.0,0.0,585.0,2587.989,,,,,,,,,
1789037139.6855,load,3,-1,21672,585.0,0.0,586.0,0.084,,,,,,,,,
1789037142.1622,load,3,-1,21672,586.0,0.0,587.0,2349.858,,,,,,,,,
1789037142.2885,load,3,-1,21672,587.0,0.0,588.0,0.127,,,,,,,,,
1789037144.3989,load,3,-1,21672,588.0,0.0,589.0,1654.931,,,,,,,,,
1789037144.5156,load,3,-1,21672,589.0,0.0,590.0,0.125,,,,,,,,,
1789037146.8619,load,3,-1,21672,590.0,0.0,591.0,2174.2,,,,,,,,,
1789037147.2041,load,3,-1,21672,591.0,0.0,592.0,0.089,,,,,,,,,
1789037149.2725,load,3,-1,21672,592.0,0.0,593.0,1915.302,,,,,,,,,
1789037149.3816,load,3,-1,21672,593.0,0.0,594.0,0.093,,,,,,,,,
1789037151.1435,load,3,-1,21672,594.0,0.0,595.0,1329.776,,,,,,,,,
1789037151.2517,load,3,-1,21672,595.0,0.0,596.0,0.089,,,,,,,,,
1789037153.3762,load,3,-1,21672,596.0,0.0,597.0,1949.603,,,,,,,,,
1789037153.7211,load,3,-1,21672,597.0,0.0,598.0,0.119,,,,,,,,,
1789037155.7948,load,3,-1,21672,598.0,0.0,599.0,1940.405,,,,,,,,,
1789037155.9067,load,3,-1,21672,599.0,0.0,600.0,0.093,,,,,,,,,
1789037158.1077,load,3,-1,21672,600.0,0.0,601.0,1787.528,,,,,,,,,
1789037158.2924,load,3,-1,21672,601.0,0.0,602.0,0.137,,,,,,,,,
1789037160.5595,load,3,-1,21672,602.0,0.0,603.0,2145.978,,,,,,,,,
1789037160.9106,load,3,-1,21672,603.0,0.0,604.0,0.08,,,,,,,,,
1789037162.9252,load,3,-1,21672,604.0,0.0,605.0,1870.102,,,,,,,,,
1789037163.0381,load,3,-1,21672,605.0,0.0,606.0,0.106,,,,,,,,,
1789037165.7746,load,3,-1,21672,606.0,0.0,607.0,2270.527,,,,,,,,,
1789037165.8877,load,3,-1,21672,607.0,0.0,608.0,0.101,,,,,,,,,
1789037168.4231,load,3,-1,21672,608.0,0.0,609.0,2363.63,,,,,,,,,
1789037168.7783,load,3,-1,21672,609.0,0.0,610.0,0.085,,,,,,,,,
1789037171.0655,load,3,-1,21672,610.0,0.0,611.0,2168.694,,,,,,,,,
1789037171.1767,load,3,-1,21672,611.0,0.0,612.0,0.111,,,,,,,,,
1789037173.0962,load,3,-1,21672,612.0,0.0,613.0,1504.969,,,,,,,,,
1789037173.2061,load,3,-1,21672,613.0,0.0,614.0,0.103,,,,,,,,,
1789037175.5398,load,3,-1,21672,614.0,0.0,615.0,2162.789,,,,,,,,,
1789037175.9153,load,3,-1,21672,615.0,0.0,616.0,0.106,,,,,,,,,
1789037177.9596,load,3,-1,21672,616.0,0.0,617.0,1931.961,,,,,,,,,
1789037178.0697,load,3,-1,21672,617.0,0.0,618.0,0.094,,,,,,,,,
1789037180.5213,load,3,-1,21672,618.0,0.0,619.0,2037.846,,,,,,,,,
1789037180.6312,load,3,-1,21672,619.0,0.0,620.0,0.09,,,,,,,,,
1789037183.4066,load,3,-1,21672,620.0,0.0,621.0,2584.258,,,,,,,,,
1789037183.826,load,3,-1,21672,621.0,0.0,622.0,0.103,,,,,,,,,
1789037185.4695,load,3,-1,21672,622.0,0.0,623.0,1531.093,,,,,,,,,
1789037185.5793,load,3,-1,21672,623.0,0.0,624.0,0.095,,,,,,,,,
1789037187.5138,load,3,-1,21672,624.0,0.0,625.0,1498.8,,,,,,,,,
1789037187.6386,load,3,-1,21672,625.0,0.0,626.0,0.1,,,,,,,,,
1789037189.3784,load,3,-1,21672,626.0,0.0,627.0,1568.111,,,,,,,,,
1789037189.7216,load,3,-1,21672,627.0,0.0,628.0,0.104,,,,,,,,,
1789037192.0217,load,3,-1,21672,628.0,0.0,629.0,2186.611,,,,,,,,,
1789037192.1313,load,3,-1,21672,629.0,0.0,630.0,0.094,,,,,,,,,
1789037194.2709,load,3,-1,21672,630.0,0.0,631.0,1679.382,,,,,,,,,
1789037194.3811,load,3,-1,21672,631.0,0.0,632.0,0.101,,,,,,,,,
1789037196.5344,load,3,-1,21672,632.0,0.0,633.0,1982.075,,,,,,,,,
1789037196.8773,load,3,-1,21672,633.0,0.0,634.0,0.077,,,,,,,,,
1789037197.9573,load,3,-1,21672,634.0,0.0,635.0,970.705,,,,,,,,,
1789037198.0656,load,3,-1,21672,635.0,0.0,636.0,0.093,,,,,,,,,
1789037200.2126,load,3,-1,21672,636.0,0.0,637.0,1719.867,,,,,,,,,
1789037200.5123,load,3,-1,21672,637.0,0.0,638.0,183.92,,,,,,,,,
1789037202.7341,load,3,-1,21672,638.0,0.0,639.0,2111.601,,,,,,,,,
1789037203.3354,load,3,-1,21672,639.0,0.0,640.0,238.021,,,,,,,,,
1789037204.7368,load,3,-1,21672,640.0,0.0,641.0,1291.242,,,,,,,,,
1789037206.3536,load,3,-1,21672,641.0,0.0,642.0,1436.493,,,,,,,,,
1789037207.2454,load,3,-1,21672,642.0,0.0,643.0,545.015,,,,,,,,,
1789037208.0897,load,3,-1,21672,643.0,0.0,644.0,734.366,,,,,,,,,
1789037209.2983,load,3,-1,21672,644.0,0.0,645.0,1096.863,,,,,,,,,
1789037210.0064,load,3,-1,21672,645.0,0.0,646.0,358.462,,,,,,,,,
1789037211.5332,load,3,-1,21672,646.0,0.0,647.0,1417.806,,,,,,,,,
1789037212.5761,load,3,-1,21672,647.0,0.0,648.0,935.45,,,,,,,,,
1789037213.9157,load,3,-1,21672,648.0,0.0,649.0,978.566,,,,,,,,,
1789037215.8331,load,3,-1,21672,649.0,0.0,650.0,1809.704,,,,,,,,,
1789037216.4472,load,3,-1,21672,650.0,0.0,651.0,506.123,,,,,,,,,
1789037217.8884,load,3,-1,21672,651.0,0.0,652.0,1092.678,,,,,,,,,
1789037218.3031,load,3,-1,21672,652.0,0.0,653.0,305.261,,,,,,,,,
1789037220.166,load,3,-1,21672,653.0,0.0,654.0,1754.823,,,,,,,,,
1789037220.7633,load,3,-1,21672,654.0,0.0,655.0,261.243,,,,,,,,,
1789037222.9447,load,3,-1,21672,655.0,0.0,656.0,2047.322,,,,,,,,,
1789037223.1035,load,3,-1,21672,656.0,0.0,657.0,46.065,,,,,,,,,
1789037225.0985,load,3,-1,21672,657.0,0.0,658.0,1604.183,,,,,,,,,
1789037225.2935,load,3,-1,21672,658.0,0.0,659.0,81.621,,,,,,,,,
1789037226.8702,load,3,-1,21672,659.0,0.0,660.0,1466.238,,,,,,,,,
1789037227.5254,load,3,-1,21672,660.0,0.0,661.0,294.207,,,,,,,,,
1789037228.8689,load,3,-1,21672,661.0,0.0,662.0,1152.016,,,,,,,,,
1789037229.8708,load,3,-1,21672,662.0,0.0,663.0,886.371,,,,,,,,,
1789037231.2033,load,3,-1,21672,663.0,0.0,664.0,994.699,,,,,,,,,
1789037231.9791,load,3,-1,21672,664.0,0.0,665.0,667.77,,,,,,,,,
1789037233.2156,load,3,-1,21672,665.0,0.0,666.0,1126.7,,,,,,,,,
1789037234.6151,load,3,-1,21672,666.0,0.0,667.0,1060.798,,,,,,,,,
1789037235.5194,load,3,-1,21672,667.0,0.0,668.0,538.277,,,,,,,,,
1789037237.0589,load,3,-1,21672,668.0,0.0,669.0,1430.877,,,,,,,,,
1789037238.2895,load,3,-1,21672,669.0,0.0,670.0,562.855,,,,,,,,,
1789037240.3349,load,3,-1,21672,670.0,0.0,671.0,1927.361,,,,,,,,,
1789037240.4799,load,3,-1,21672,671.0,0.0,672.0,0.095,,,,,,,,,
1789037243.0321,load,3,-1,21672,672.0,0.0,673.0,2145.594,,,,,,,,,
1789037243.1411,load,3,-1,21672,673.0,0.0,674.0,0.095,,,,,,,,,
1789037245.4731,load,3,-1,21672,674.0,0.0,675.0,2156.392,,,,,,,,,
1789037245.823,load,3,-1,21672,675.0,0.0,676.0,0.099,,,,,,,,,
1789037247.6688,load,3,-1,21672,676.0,0.0,677.0,1676.478,,,,,,,,,
1789037247.7782,load,3,-1,21672,677.0,0.0,678.0,0.097,,,,,,,,,
1789037250.4625,load,3,-1,21672,678.0,0.0,679.0,2273.55,,,,,,,,,
1789037250.57,load,3,-1,21672,679.0,0.0,680.0,0.086,,,,,,,,,
1789037253.1826,load,3,-1,21672,680.0,0.0,681.0,2441.036,,,,,,,,,
1789037253.625,load,3,-1,21672,681.0,0.0,682.0,0.179,,,,,,,,,
1789037255.4992,load,3,-1,21672,682.0,0.0,683.0,1763.308,,,,,,,,,
1789037255.608,load,3,-1,21672,683.0,0.0,684.0,0.091,,,,,,,,,
1789037257.9957,load,3,-1,21672,684.0,0.0,685.0,1960.313,,,,,,,,,
1789037258.1033,load,3,-1,21672,685.0,0.0,686.0,0.088,,,,,,,,,
1789037260.1999,load,3,-1,21672,686.0,0.0,687.0,1925.367,,,,,,,,,
1789037260.5484,load,3,-1,21672,687.0,0.0,688.0,0.091,,,,,,,,,
1789037262.4497,load,3,-1,21672,688.0,0.0,689.0,1759.806,,,,,,,,,
1789037262.5576,load,3,-1,21672,689.0,0.0,690.0,0.092,,,,,,,,,
1789037264.985,load,3,-1,21672,690.0,0.0,691.0,2008.359,,,,,,,,,
1789037265.097,load,3,-1,21672,691.0,0.0,692.0,0.099,,,,,,,,,
1789037267.3219,load,3,-1,21672,692.0,0.0,693.0,2036.313,,,,,,,,,
1789037267.6855,load,3,-1,21672,693.0,0.0,694.0,0.238,,,,,,,,,
1789037269.012,load,3,-1,21672,694.0,0.0,695.0,1123.228,,,,,,,,,
1789037269.2449,load,3,-1,21672,695.0,0.0,696.0,121.749,,,,,,,,,
1789037271.7808,load,3,-1,21672,696.0,0.0,697.0,2179.897,,,,,,,,,
1789037271.9175,load,3,-1,21672,697.0,0.0,698.0,0.111,,,,,,,,,
1789037274.3515,load,3,-1,21672,698.0,0.0,699.0,2258.04,,,,,,,,,
1789037274.9515,load,3,-1,21672,699.0,0.0,700.0,0.107,,,,,,,,,
1789037276.5114,load,3,-1,21672,700.0,0.0,701.0,1448.887,,,,,,,,,
1789037276.6913,load,3,-1,21672,701.0,0.0,702.0,0.099,,,,,,,,,
1789037279.0823,load,3,-1,21672,702.0,0.0,703.0,2038.746,,,,,,,,,
1789037279.1934,load,3,-1,21672,703.0,0.0,704.0,0.105,,,,,,,,,
1789037281.5749,load,3,-1,21672,704.0,0.0,705.0,2208.918,,,,,,,,,
1789037281.9185,load,3,-1,21672,705.0,0.0,706.0,0.081,,,,,,,,,
1789037283.9185,load,3,-1,21672,706.0,0.0,707.0,1867.418,,,,,,,,,
1789037284.0269,load,3,-1,21672,707.0,0.0,708.0,0.088,,,,,,,,,
1789037286.4498,load,3,-1,21672,708.0,0.0,709.0,2012.515,,,,,,,,,
1789037286.5598,load,3,-1,21672,709.0,0.0,710.0,0.099,,,,,,,,,
1789037288.513,load,3,-1,21672,710.0,0.0,711.0,1781.883,,,,,,,,,
1789037288.8998,load,3,-1,21672,711.0,0.0,712.0,0.092,,,,,,,,,
1789037290.9179,load,3,-1,21672,712.0,0.0,713.0,1907.35,,,,,,,,,
1789037291.059,load,3,-1,21672,713.0,0.0,714.0,0.106,,,,,,,,,
1789037293.1308,load,3,-1,21672,714.0,0.0,715.0,1665.36,,,,,,,,,
1789037293.6778,load,3,-1,21672,715.0,0.0,716.0,437.289,,,,,,,,,
1789037295.5237,load,3,-1,21672,716.0,0.0,717.0,1737.405,,,,,,,,,
1789037296.5215,load,3,-1,21672,717.0,0.0,718.0,642.068,,,,,,,,,
1789037298.2493,load,3,-1,21672,718.0,0.0,719.0,1481.06,,,,,,,,,
1789037299.0328,load,3,-1,21672,719.0,0.0,720.0,671.594,,,,,,,,,
1789037301.0362,load,3,-1,21672,720.0,0.0,721.0,1661.358,,,,,,,,,
1789037301.938,load,3,-1,21672,721.0,0.0,722.0,684.845,,,,,,,,,
1789037302.9826,load,3,-1,21672,722.0,0.0,723.0,938.317,,,,,,,,,
1789037303.6966,load,3,-1,21672,723.0,0.0,724.0,218.225,,,,,,,,,
1789037305.3932,load,3,-1,21672,724.0,0.0,725.0,1588.785,,,,,,,,,
1789037306.2576,load,3,-1,21672,725.0,0.0,726.0,471.622,,,,,,,,,
1789037307.9407,load,3,-1,21672,726.0,0.0,727.0,1313.821,,,,,,,,,
1789037309.1539,load,3,-1,21672,727.0,0.0,728.0,769.037,,,,,,,,,
1789037309.9903,load,3,-1,21672,728.0,0.0,729.0,726.871,,,,,,,,,
1789037311.4682,load,3,-1,21672,729.0,0.0,730.0,674.53,,,,,,,,,
1789037312.2593,load,3,-1,21672,730.0,0.0,731.0,682.68,,,,,,,,,
1789037314.1778,load,3,-1,21672,731.0,0.0,732.0,1147.481,,,,,,,,,
1789037315.0135,load,3,-1,21672,732.0,0.0,733.0,468.284,,,,,,,,,
1789037316.7442,load,3,-1,21672,733.0,0.0,734.0,1272.162,,,,,,,,,
1789037317.5802,load,3,-1,21672,734.0,0.0,735.0,720.636,,,,,,,,,
1789037319.2611,load,3,-1,21672,735.0,0.0,736.0,1064.297,,,,,,,,,
1789037320.2984,load,3,-1,21672,736.0,0.0,737.0,928.157,,,,,,,,,
1789037321.4047,load,3,-1,21672,737.0,0.0,738.0,728.571,,,,,,,,,
1789037322.5506,load,3,-1,21672,738.0,0.0,739.0,796.333,,,,,,,,,
1789037323.6717,load,3,-1,21672,739.0,0.0,740.0,743.171,,,,,,,,,
1789037325.2068,load,3,-1,21672,740.0,0.0,741.0,1425.756,,,,,,,,,
1789037326.4945,load,3,-1,21672,741.0,0.0,742.0,712.55,,,,,,,,,
1789037327.3261,load,3,-1,21672,742.0,0.0,743.0,722.079,,,,,,,,,
1789037328.2334,load,3,-1,21672,743.0,0.0,744.0,341.504,,,,,,,,,
1789037329.5913,load,3,-1,21672,744.0,0.0,745.0,1000.257,,,,,,,,,
1789037331.1469,load,3,-1,21672,745.0,0.0,746.0,799.772,,,,,,,,,
1789037331.8447,load,3,-1,21672,746.0,0.0,747.0,587.595,,,,,,,,,
1789037333.5873,load,3,-1,21672,747.0,0.0,748.0,847.812,,,,,,,,,
1789037334.0608,load,3,-1,21672,748.0,0.0,749.0,106.937,,,,,,,,,
1789037336.1744,load,3,-1,21672,749.0,0.0,750.0,1280.464,,,,,,,,,
1789037336.5552,load,3,-1,21672,750.0,0.0,751.0,0.097,,,,,,,,,
1789037338.4741,load,3,-1,21672,751.0,0.0,752.0,1005.45,,,,,,,,,
1789037338.8753,load,3,-1,21672,752.0,0.0,753.0,292.954,,,,,,,,,
1789037340.6091,load,3,-1,21672,753.0,0.0,754.0,1132.817,,,,,,,,,
1789037341.6009,load,3,-1,21672,754.0,0.0,755.0,878.551,,,,,,,,,
1789037342.8566,load,3,-1,21672,755.0,0.0,756.0,725.903,,,,,,,,,
1789037344.0167,load,3,-1,21672,756.0,0.0,757.0,813.121,,,,,,,,,
1789037345.2132,load,3,-1,21672,757.0,0.0,758.0,98.748,,,,,,,,,
1789037346.1348,load,3,-1,21672,758.0,0.0,759.0,813.919,,,,,,,,,
1789037347.8257,load,3,-1,21672,759.0,0.0,760.0,821.88,,,,,,,,,
1789037348.9194,load,3,-1,21672,760.0,0.0,761.0,957.797,,,,,,,,,
1789037350.4141,load,3,-1,21672,761.0,0.0,762.0,846.707,,,,,,,,,
1789037350.9754,load,3,-1,21672,762.0,0.0,763.0,218.636,,,,,,,,,
1789037352.6445,load,3,-1,21672,763.0,0.0,764.0,542.617,,,,,,,,,
1789037352.7564,load,3,-1,21672,764.0,0.0,765.0,0.093,,,,,,,,,
1789037355.3403,load,3,-1,21672,765.0,0.0,766.0,1244.03,,,,,,,,,
1789037355.4491,load,3,-1,21672,766.0,0.0,767.0,0.094,,,,,,,,,
1789037357.4786,load,3,-1,21672,767.0,0.0,768.0,1073.252,,,,,,,,,
1789037357.8304,load,3,-1,21672,768.0,0.0,769.0,0.319,,,,,,,,,
1789037359.5035,load,3,-1,21672,769.0,0.0,770.0,1227.883,,,,,,,,,
1789037359.6976,load,3,-1,21672,770.0,0.0,771.0,80.836,,,,,,,,,
1789037362.5994,load,3,-1,21672,771.0,0.0,772.0,1334.27,,,,,,,,,
1789037362.7291,load,3,-1,21672,772.0,0.0,773.0,0.097,,,,,,,,,
1789037365.1999,load,3,-1,21672,773.0,0.0,774.0,1556.348,,,,,,,,,
1789037365.5403,load,3,-1,21672,774.0,0.0,775.0,0.081,,,,,,,,,
1789037367.2972,load,3,-1,21672,775.0,0.0,776.0,1036.501,,,,,,,,,
1789037367.4061,load,3,-1,21672,776.0,0.0,777.0,0.089,,,,,,,,,
1789037369.138,load,3,-1,21672,777.0,0.0,778.0,0.121,,,,,,,,,
1789037369.2478,load,3,-1,21672,778.0,0.0,779.0,0.096,,,,,,,,,
1789037371.7067,load,3,-1,21672,779.0,0.0,780.0,865.325,,,,,,,,,
1789037372.0539,load,3,-1,21672,780.0,0.0,781.0,0.081,,,,,,,,,
1789037374.7583,load,3,-1,21672,781.0,0.0,782.0,1102.096,,,,,,,,,
1789037374.8687,load,3,-1,21672,782.0,0.0,783.0,0.111,,,,,,,,,
1789037377.3862,load,3,-1,21672,783.0,0.0,784.0,1449.974,,,,,,,,,
1789037377.503,load,3,-1,21672,784.0,0.0,785.0,0.095,,,,,,,,,
1789037380.0594,load,3,-1,21672,785.0,0.0,786.0,2099.001,,,,,,,,,
1789037380.4642,load,3,-1,21672,786.0,0.0,787.0,0.087,,,,,,,,,
1789037382.6427,load,3,-1,21672,787.0,0.0,788.0,2036.236,,,,,,,,,
1789037382.7845,load,3,-1,21672,788.0,0.0,789.0,0.095,,,,,,,,,
1789037385.022,load,3,-1,21672,789.0,0.0,790.0,1396.139,,,,,,,,,
1789037385.1653,load,3,-1,21672,790.0,0.0,791.0,0.108,,,,,,,,,
1789037387.7044,load,3,-1,21672,791.0,0.0,792.0,1804.723,,,,,,,,,
1789037388.0745,load,3,-1,21672,792.0,0.0,793.0,0.248,,,,,,,,,
1789037389.6675,load,3,-1,21672,793.0,0.0,794.0,1465.419,,,,,,,,,
1789037389.7851,load,3,-1,21672,794.0,0.0,795.0,0.085,,,,,,,,,
1789037391.772,load,3,-1,21672,795.0,0.0,796.0,1577.44,,,,,,,,,
1789037391.8851,load,3,-1,21672,796.0,0.0,797.0,0.091,,,,,,,,,
1789037394.3368,load,3,-1,21672,797.0,0.0,798.0,1945.467,,,,,,,,,
1789037394.6912,load,3,-1,21672,798.0,0.0,799.0,0.079,,,,,,,,,
1789037397.2827,load,3,-1,21672,799.0,0.0,800.0,2375.966,,,,,,,,,
1789037397.3963,load,3,-1,21672,800.0,0.0,801.0,0.101,,,,,,,,,
1789037399.3304,load,3,-1,21672,801.0,0.0,802.0,1455.608,,,,,,,,,
1789037399.441,load,3,-1,21672,802.0,0.0,803.0,0.099,,,,,,,,,
1789037401.7485,load,3,-1,21672,803.0,0.0,804.0,2135.746,,,,,,,,,
1789037402.1022,load,3,-1,21672,804.0,0.0,805.0,0.084,,,,,,,,,
1789037404.7353,load,3,-1,21672,805.0,0.0,806.0,2421.079,,,,,,,,,
1789037404.846,load,3,-1,21672,806.0,0.0,807.0,0.098,,,,,,,,,
1789037407.2581,load,3,-1,21672,807.0,0.0,808.0,2003.861,,,,,,,,,
1789037407.3743,load,3,-1,21672,808.0,0.0,809.0,0.121,,,,,,,,,
1789037410.0383,load,3,-1,21672,809.0,0.0,810.0,2478.891,,,,,,,,,
1789037410.3833,load,3,-1,21672,810.0,0.0,811.0,0.085,,,,,,,,,
1789037412.2947,load,3,-1,21672,811.0,0.0,812.0,1802.588,,,,,,,,,
1789037412.4103,load,3,-1,21672,812.0,0.0,813.0,0.12,,,,,,,,,
1789037414.5462,load,3,-1,21672,813.0,0.0,814.0,1716.855,,,,,,,,,
1789037414.6649,load,3,-1,21672,814.0,0.0,815.0,0.095,,,,,,,,,
1789037417.2575,load,3,-1,21672,815.0,0.0,816.0,2419.204,,,,,,,,,
1789037417.6068,load,3,-1,21672,816.0,0.0,817.0,0.092,,,,,,,,,
1789037419.4183,load,3,-1,21672,817.0,0.0,818.0,1687.534,,,,,,,,,
1789037419.5278,load,3,-1,21672,818.0,0.0,819.0,0.092,,,,,,,,,
1789037421.7848,load,3,-1,21672,819.0,0.0,820.0,1852.689,,,,,,,,,
1789037421.8979,load,3,-1,21672,820.0,0.0,821.0,0.099,,,,,,,,,
1789037424.3905,load,3,-1,21672,821.0,0.0,822.0,2212.345,,,,,,,,,
1789037424.7387,load,3,-1,21672,822.0,0.0,823.0,0.091,,,,,,,,,
1789037426.9135,load,3,-1,21672,823.0,0.0,824.0,2052.166,,,,,,,,,
1789037427.0235,load,3,-1,21672,824.0,0.0,825.0,0.097,,,,,,,,,
1789037429.5409,load,3,-1,21672,825.0,0.0,826.0,2102.104,,,,,,,,,
1789037429.6489,load,3,-1,21672,826.0,0.0,827.0,0.109,,,,,,,,,
1789037431.6654,load,3,-1,21672,827.0,0.0,828.0,1843.831,,,,,,,,,
1789037432.01,load,3,-1,21672,828.0,0.0,829.0,0.079,,,,,,,,,
1789037434.0992,load,3,-1,21672,829.0,0.0,830.0,1980.831,,,,,,,,,
1789037434.2129,load,3,-1,21672,830.0,0.0,831.0,0.102,,,,,,,,,
1789037436.6742,load,3,-1,21672,831.0,0.0,832.0,2027.133,,,,,,,,,
1789037436.8054,load,3,-1,21672,832.0,0.0,833.0,0.095,,,,,,,,,
1789037439.2256,load,3,-1,21672,833.0,0.0,834.0,2241.899,,,,,,,,,
1789037439.5946,load,3,-1,21672,834.0,0.0,835.0,0.1,,,,,,,,,
1789037441.695,load,3,-1,21672,835.0,0.0,836.0,1977.382,,,,,,,,,
1789037441.8043,load,3,-1,21672,836.0,0.0,837.0,0.112,,,,,,,,,
1789037444.2378,load,3,-1,21672,837.0,0.0,838.0,2019.934,,,,,,,,,
1789037444.3465,load,3,-1,21672,838.0,0.0,839.0,0.093,,,,,,,,,
1789037446.1845,load,3,-1,21672,839.0,0.0,840.0,1659.912,,,,,,,,,
1789037446.5305,load,3,-1,21672,840.0,0.0,841.0,0.085,,,,,,,,,
1789037448.8935,load,3,-1,21672,841.0,0.0,842.0,2140.24,,,,,,,,,
1789037449.0014,load,3,-1,21672,842.0,0.0,843.0,0.093,,,,,,,,,
1789037451.7731,load,3,-1,21672,843.0,0.0,844.0,2352.344,,,,,,,,,
1789037451.8868,load,3,-1,21672,844.0,0.0,845.0,0.105,,,,,,,,,
1789037454.3967,load,3,-1,21672,845.0,0.0,846.0,2339.517,,,,,,,,,
1789037454.7518,load,3,-1,21672,846.0,0.0,847.0,0.094,,,,,,,,,
1789037457.6059,load,3,-1,21672,847.0,0.0,848.0,2726.716,,,,,,,,,
1789037457.7158,load,3,-1,21672,848.0,0.0,849.0,0.092,,,,,,,,,
1789037460.0747,load,3,-1,21672,849.0,0.0,850.0,1953.026,,,,,,,,,
1789037460.187,load,3,-1,21672,850.0,0.0,851.0,0.099,,,,,,,,,
1789037462.6722,load,3,-1,21672,851.0,0.0,852.0,2282.937,,,,,,,,,
1789037463.0383,load,3,-1,21672,852.0,0.0,853.0,0.082,,,,,,,,,
1789037464.8569,load,3,-1,21672,853.0,0.0,854.0,1652.035,,,,,,,,,
1789037464.9673,load,3,-1,21672,854.0,0.0,855.0,0.089,,,,,,,,,
1789037467.8402,load,3,-1,21672,855.0,0.0,856.0,2385.95,,,,,,,,,
1789037467.9507,load,3,-1,21672,856.0,0.0,857.0,0.099,,,,,,,,,
1789037470.4925,load,3,-1,21672,857.0,0.0,858.0,2370.828,,,,,,,,,
1789037470.8519,load,3,-1,21672,858.0,0.0,859.0,0.089,,,,,,,,,
1789037473.202,load,3,-1,21672,859.0,0.0,860.0,2215.451,,,,,,,,,
1789037473.3111,load,3,-1,21672,860.0,0.0,861.0,0.088,,,,,,,,,
1789037475.6622,load,3,-1,21672,861.0,0.0,862.0,1843.014,,,,,,,,,
1789037475.7724,load,3,-1,21672,862.0,0.0,863.0,0.092,,,,,,,,,
1789037477.7396,load,3,-1,21672,863.0,0.0,864.0,1788.348,,,,,,,,,
1789037478.0781,load,3,-1,21672,864.0,0.0,865.0,0.098,,,,,,,,,
1789037479.8626,load,3,-1,21672,865.0,0.0,866.0,1665.049,,,,,,,,,
1789037479.9707,load,3,-1,21672,866.0,0.0,867.0,0.101,,,,,,,,,
1789037482.0478,load,3,-1,21672,867.0,0.0,868.0,1623.93,,,,,,,,,
1789037482.1574,load,3,-1,21672,868.0,0.0,869.0,0.116,,,,,,,,,
1789037484.5463,load,3,-1,21672,869.0,0.0,870.0,2208.465,,,,,,,,,
1789037484.8914,load,3,-1,21672,870.0,0.0,871.0,0.08,,,,,,,,,
1789037487.7399,load,3,-1,21672,871.0,0.0,872.0,2707.083,,,,,,,,,
1789037487.8484,load,3,-1,21672,872.0,0.0,873.0,0.09,,,,,,,,,
1789037490.6887,load,3,-1,21672,873.0,0.0,874.0,2438.998,,,,,,,,,
1789037490.7984,load,3,-1,21672,874.0,0.0,875.0,0.095,,,,,,,,,
1789037492.9111,load,3,-1,21672,875.0,0.0,876.0,1938.075,,,,,,,,,
1789037493.3278,load,3,-1,21672,876.0,0.0,877.0,0.084,,,,,,,,,
1789037495.232,load,3,-1,21672,877.0,0.0,878.0,1796.101,,,,,,,,,
1789037495.3411,load,3,-1,21672,878.0,0.0,879.0,0.106,,,,,,,,,
1789037497.6007,load,3,-1,21672,879.0,0.0,880.0,1850.034,,,,,,,,,
1789037497.7122,load,3,-1,21672,880.0,0.0,881.0,0.104,,,,,,,,,
1789037500.2608,load,3,-1,21672,881.0,0.0,882.0,2306.077,,,,,,,,,
1789037500.609,load,3,-1,21672,882.0,0.0,883.0,0.086,,,,,,,,,
1789037502.3871,load,3,-1,21672,883.0,0.0,884.0,1582.304,,,,,,,,,
1789037502.5049,load,3,-1,21672,884.0,0.0,885.0,0.102,,,,,,,,,
1789037505.3933,load,3,-1,21672,885.0,0.0,886.0,2477.316,,,,,,,,,
1789037505.5023,load,3,-1,21672,886.0,0.0,887.0,0.094,,,,,,,,,
1789037508.1692,load,3,-1,21672,887.0,0.0,888.0,2490.836,,,,,,,,,
1789037508.5059,load,3,-1,21672,888.0,0.0,889.0,0.071,,,,,,,,,
1789037510.6451,load,3,-1,21672,889.0,0.0,890.0,2021.734,,,,,,,,,
1789037510.7582,load,3,-1,21672,890.0,0.0,891.0,0.093,,,,,,,,,
1789037512.5595,load,3,-1,21672,891.0,0.0,892.0,1331.411,,,,,,,,,
1789037512.6675,load,3,-1,21672,892.0,0.0,893.0,0.083,,,,,,,,,
1789037514.8492,load,3,-1,21672,893.0,0.0,894.0,2010.284,,,,,,,,,
1789037515.1897,load,3,-1,21672,894.0,0.0,895.0,0.079,,,,,,,,,
1789037516.504,load,3,-1,21672,895.0,0.0,896.0,1137.08,,,,,,,,,
1789037516.6146,load,3,-1,21672,896.0,0.0,897.0,0.103,,,,,,,,,
1789037519.3115,load,3,-1,21672,897.0,0.0,898.0,2262.825,,,,,,,,,
1789037519.4244,load,3,-1,21672,898.0,0.0,899.0,0.099,,,,,,,,,
1789037521.4884,load,3,-1,21672,899.0,0.0,900.0,1871.31,,,,,,,,,
1789037521.8625,load,3,-1,21672,900.0,0.0,901.0,0.102,,,,,,,,,
1789037524.0208,load,3,-1,21672,901.0,0.0,902.0,1964.103,,,,,,,,,
1789037524.1319,load,3,-1,21672,902.0,0.0,903.0,0.101,,,,,,,,,
1789037526.271,load,3,-1,21672,903.0,0.0,904.0,1735.231,,,,,,,,,
1789037526.4029,load,3,-1,21672,904.0,0.0,905.0,0.085,,,,,,,,,
1789037528.3598,load,3,-1,21672,905.0,0.0,906.0,1773.654,,,,,,,,,
1789037528.7372,load,3,-1,21672,906.0,0.0,907.0,0.079,,,,,,,,,
1789037530.6357,load,3,-1,21672,907.0,0.0,908.0,1754.271,,,,,,,,,
1789037530.7439,load,3,-1,21672,908.0,0.0,909.0,0.118,,,,,,,,,
1789037532.8728,load,3,-1,21672,909.0,0.0,910.0,1677.33,,,,,,,,,
1789037532.9841,load,3,-1,21672,910.0,0.0,911.0,0.101,,,,,,,,,
1789037535.3376,load,3,-1,21672,911.0,0.0,912.0,2143.836,,,,,,,,,
1789037535.6905,load,3,-1,21672,912.0,0.0,913.0,0.101,,,,,,,,,
1789037538.2345,load,3,-1,21672,913.0,0.0,914.0,2407.164,,,,,,,,,
1789037538.3447,load,3,-1,21672,914.0,0.0,915.0,0.099,,,,,,,,,
1789037539.8865,load,3,-1,21672,915.0,0.0,916.0,1125.708,,,,,,,,,
1789037540.02,load,3,-1,21672,916.0,0.0,917.0,0.107,,,,,,,,,
1789037542.2088,load,3,-1,21672,917.0,0.0,918.0,2009.105,,,,,,,,,
1789037542.5803,load,3,-1,21672,918.0,0.0,919.0,0.085,,,,,,,,,
1789037544.8022,load,3,-1,21672,919.0,0.0,920.0,2083.599,,,,,,,,,
1789037544.9404,load,3,-1,21672,920.0,0.0,921.0,0.097,,,,,,,,,
1789037547.5307,load,3,-1,21672,921.0,0.0,922.0,2108.592,,,,,,,,,
1789037547.6451,load,3,-1,21672,922.0,0.0,923.0,0.1,,,,,,,,,
1789037550.0289,load,3,-1,21672,923.0,0.0,924.0,2198.712,,,,,,,,,
1789037550.3745,load,3,-1,21672,924.0,0.0,925.0,0.082,,,,,,,,,
1789037552.2488,load,3,-1,21672,925.0,0.0,926.0,1707.615,,,,,,,,,
1789037552.3592,load,3,-1,21672,926.0,0.0,927.0,0.092,,,,,,,,,
1789037554.6023,load,3,-1,21672,927.0,0.0,928.0,1840.505,,,,,,,,,
1789037554.7113,load,3,-1,21672,928.0,0.0,929.0,0.09,,,,,,,,,
1789037556.7172,load,3,-1,21672,929.0,0.0,930.0,1813.438,,,,,,,,,
1789037557.0687,load,3,-1,21672,930.0,0.0,931.0,0.083,,,,,,,,,
1789037559.0105,load,3,-1,21672,931.0,0.0,932.0,1755.999,,,,,,,,,
1789037559.1226,load,3,-1,21672,932.0,0.0,933.0,0.111,,,,,,,,,
1789037561.376,load,3,-1,21672,933.0,0.0,934.0,1838.378,,,,,,,,,
1789037561.4865,load,3,-1,21672,934.0,0.0,935.0,0.105,,,,,,,,,
1789037563.3644,load,3,-1,21672,935.0,0.0,936.0,1699.979,,,,,,,,,
1789037563.7096,load,3,-1,21672,936.0,0.0,937.0,0.116,,,,,,,,,
1789037565.292,load,3,-1,21672,937.0,0.0,938.0,1469.081,,,,,,,,,
1789037565.4014,load,3,-1,21672,938.0,0.0,939.0,0.1,,,,,,,,,
1789037567.4358,load,3,-1,21672,939.0,0.0,940.0,1589.908,,,,,,,,,
1789037567.5489,load,3,-1,21672,940.0,0.0,941.0,0.097,,,,,,,,,
1789037569.7187,load,3,-1,21672,941.0,0.0,942.0,1892.765,,,,,,,,,
1789037570.062,load,3,-1,21672,942.0,0.0,943.0,0.083,,,,,,,,,
1789037572.369,load,3,-1,21672,943.0,0.0,944.0,2167.788,,,,,,,,,
1789037572.4795,load,3,-1,21672,944.0,0.0,945.0,0.092,,,,,,,,,
1789037574.9354,load,3,-1,21672,945.0,0.0,946.0,2013.699,,,,,,,,,
1789037575.0463,load,3,-1,21672,946.0,0.0,947.0,0.1,,,,,,,,,
1789037576.7759,load,3,-1,21672,947.0,0.0,948.0,1556.292,,,,,,,,,
1789037577.1306,load,3,-1,21672,948.0,0.0,949.0,0.102,,,,,,,,,
1789037580.8291,load,3,-1,21672,949.0,0.0,950.0,0.123,,,,,,,,,
1789037580.9996,load,3,-1,21672,950.0,0.0,951.0,0.094,,,,,,,,,
1789037581.4063,load,3,-1,21672,951.0,0.0,952.0,0.098,,,,,,,,,
1789037581.5448,load,3,-1,21672,952.0,0.0,953.0,0.108,,,,,,,,,
1789037584.3893,load,3,-1,21672,953.0,0.0,954.0,2672.145,,,,,,,,,
1789037584.7801,load,3,-1,21672,954.0,0.0,955.0,0.088,,,,,,,,,
1789037587.5693,load,3,-1,21672,955.0,0.0,956.0,2679.918,,,,,,,,,
1789037587.6814,load,3,-1,21672,956.0,0.0,957.0,0.105,,,,,,,,,
1789037590.4026,load,3,-1,21672,957.0,0.0,958.0,2315.249,,,,,,,,,
1789037590.5131,load,3,-1,21672,958.0,0.0,959.0,0.104,,,,,,,,,
1789037592.7591,load,3,-1,21672,959.0,0.0,960.0,2068.789,,,,,,,,,
1789037593.0965,load,3,-1,21672,960.0,0.0,961.0,0.085,,,,,,,,,
1789037595.8799,load,3,-1,21672,961.0,0.0,962.0,2594.642,,,,,,,,,
1789037595.9909,load,3,-1,21672,962.0,0.0,963.0,0.092,,,,,,,,,
1789037598.3116,load,3,-1,21672,963.0,0.0,964.0,1869.138,,,,,,,,,
1789037598.4207,load,3,-1,21672,964.0,0.0,965.0,0.088,,,,,,,,,
1789037600.9042,load,3,-1,21672,965.0,0.0,966.0,2273.662,,,,,,,,,
1789037601.2425,load,3,-1,21672,966.0,0.0,967.0,0.078,,,,,,,,,
1789037603.4048,load,3,-1,21672,967.0,0.0,968.0,2009.251,,,,,,,,,
1789037603.5142,load,3,-1,21672,968.0,0.0,969.0,0.093,,,,,,,,,
1789037605.7771,load,3,-1,21672,969.0,0.0,970.0,1824.22,,,,,,,,,
1789037605.8911,load,3,-1,21672,970.0,0.0,971.0,0.13,,,,,,,,,
1789037608.1194,load,3,-1,21672,971.0,0.0,972.0,2037.249,,,,,,,,,
1789037608.4882,load,3,-1,21672,972.0,0.0,973.0,0.083,,,,,,,,,
1789037611.0089,load,3,-1,21672,973.0,0.0,974.0,2390.906,,,,,,,,,
1789037611.1183,load,3,-1,21672,974.0,0.0,975.0,0.093,,,,,,,,,
1789037613.2969,load,3,-1,21672,975.0,0.0,976.0,1756.895,,,,,,,,,
1789037613.4056,load,3,-1,21672,976.0,0.0,977.0,0.092,,,,,,,,,
1789037615.6696,load,3,-1,21672,977.0,0.0,978.0,2087.641,,,,,,,,,
1789037616.0136,load,3,-1,21672,978.0,0.0,979.0,0.082,,,,,,,,,
1789037617.7771,load,3,-1,21672,979.0,0.0,980.0,1589.606,,,,,,,,,
1789037617.8857,load,3,-1,21672,980.0,0.0,981.0,0.093,,,,,,,,,
1789037619.9444,load,3,-1,21672,981.0,0.0,982.0,1515.598,,,,,,,,,
1789037620.0571,load,3,-1,21672,982.0,0.0,983.0,0.098,,,,,,,,,
1789037622.3448,load,3,-1,21672,983.0,0.0,984.0,2117.143,,,,,,,,,
1789037622.6862,load,3,-1,21672,984.0,0.0,985.0,0.082,,,,,,,,,
1789037625.0468,load,3,-1,21672,985.0,0.0,986.0,2231.801,,,,,,,,,
1789037625.1552,load,3,-1,21672,986.0,0.0,987.0,0.087,,,,,,,,,
1789037627.2923,load,3,-1,21672,987.0,0.0,988.0,1729.262,,,,,,,,,
1789037627.4036,load,3,-1,21672,988.0,0.0,989.0,0.094,,,,,,,,,
1789037629.3419,load,3,-1,21672,989.0,0.0,990.0,1734.728,,,,,,,,,
1789037629.6935,load,3,-1,21672,990.0,0.0,991.0,0.077,,,,,,,,,
1789037632.0253,load,3,-1,21672,991.0,0.0,992.0,2199.365,,,,,,,,,
1789037632.1346,load,3,-1,21672,992.0,0.0,993.0,0.097,,,,,,,,,
1789037634.1574,load,3,-1,21672,993.0,0.0,994.0,1603.118,,,,,,,,,
1789037634.2698,load,3,-1,21672,994.0,0.0,995.0,0.097,,,,,,,,,
1789037636.426,load,3,-1,21672,995.0,0.0,996.0,1952.095,,,,,,,,,
1789037636.7782,load,3,-1,21672,996.0,0.0,997.0,0.113,,,,,,,,,
1789037638.925,load,3,-1,21672,997.0,0.0,998.0,1966.223,,,,,,,,,
1789037639.0397,load,3,-1,21672,998.0,0.0,999.0,0.1,,,,,,,,,
1789037641.6223,load,3,-1,21672,999.0,0.0,1000.0,2162.682,,,,,,,,,
1789037641.7317,load,3,-1,21672,1000.0,0.0,1001.0,0.098,,,,,,,,,
1789037643.7033,load,3,-1,21672,1001.0,0.0,1002.0,1728.777,,,,,,,,,
1789037644.0722,load,3,-1,21672,1002.0,0.0,1003.0,0.126,,,,,,,,,
1789037646.8302,load,3,-1,21672,1003.0,0.0,1004.0,2624.005,,,,,,,,,
1789037646.9407,load,3,-1,21672,1004.0,0.0,1005.0,0.101,,,,,,,,,
1789037649.2297,load,3,-1,21672,1005.0,0.0,1006.0,1873.455,,,,,,,,,
1789037649.3602,load,3,-1,21672,1006.0,0.0,1007.0,0.113,,,,,,,,,
1789037651.0896,load,3,-1,21672,1007.0,0.0,1008.0,1558.747,,,,,,,,,
1789037651.4316,load,3,-1,21672,1008.0,0.0,1009.0,0.077,,,,,,,,,
1789037653.7672,load,3,-1,21672,1009.0,0.0,1010.0,2182.271,,,,,,,,,
1789037653.907,load,3,-1,21672,1010.0,0.0,1011.0,0.102,,,,,,,,,
1789037655.5976,load,3,-1,21672,1011.0,0.0,1012.0,1268.504,,,,,,,,,
1789037655.7074,load,3,-1,21672,1012.0,0.0,1013.0,0.097,,,,,,,,,
1789037658.0941,load,3,-1,21672,1013.0,0.0,1014.0,2212.849,,,,,,,,,
1789037658.4339,load,3,-1,21672,1014.0,0.0,1015.0,0.079,,,,,,,,,
1789037660.6996,load,3,-1,21672,1015.0,0.0,1016.0,2115.662,,,,,,,,,
1789037660.8132,load,3,-1,21672,1016.0,0.0,1017.0,0.101,,,,,,,,,
1789037663.365,load,3,-1,21672,1017.0,0.0,1018.0,2157.589,,,,,,,,,
1789037663.475,load,3,-1,21672,1018.0,0.0,1019.0,0.101,,,,,,,,,
1789037665.5867,load,3,-1,21672,1019.0,0.0,1020.0,1936.983,,,,,,,,,
1789037665.9392,load,3,-1,21672,1020.0,0.0,1021.0,0.101,,,,,,,,,
1789037667.653,load,3,-1,21672,1021.0,0.0,1022.0,1511.246,,,,,,,,,
1789037667.7622,load,3,-1,21672,1022.0,0.0,1023.0,0.092,,,,,,,,,
1789037670.1838,load,3,-1,21672,1023.0,0.0,1024.0,2009.4,,,,,,,,,
1789037670.3078,load,3,-1,21672,1024.0,0.0,1025.0,0.098,,,,,,,,,
1789037672.7272,load,3,-1,21672,1025.0,0.0,1026.0,2237.229,,,,,,,,,
1789037673.0669,load,3,-1,21672,1026.0,0.0,1027.0,0.085,,,,,,,,,
1789037674.9469,load,3,-1,21672,1027.0,0.0,1028.0,1766.254,,,,,,,,,
1789037675.0599,load,3,-1,21672,1028.0,0.0,1029.0,0.1,,,,,,,,,
1789037677.7794,load,3,-1,21672,1029.0,0.0,1030.0,2302.957,,,,,,,,,
1789037677.9208,load,3,-1,21672,1030.0,0.0,1031.0,0.099,,,,,,,,,
1789037680.5633,load,3,-1,21672,1031.0,0.0,1032.0,2447.648,,,,,,,,,
1789037680.9067,load,3,-1,21672,1032.0,0.0,1033.0,0.078,,,,,,,,,
1789037683.3474,load,3,-1,21672,1033.0,0.0,1034.0,2318.96,,,,,,,,,
1789037683.4563,load,3,-1,21672,1034.0,0.0,1035.0,0.088,,,,,,,,,
1789037685.6104,load,3,-1,21672,1035.0,0.0,1036.0,1750.165,,,,,,,,,
1789037685.721,load,3,-1,21672,1036.0,0.0,1037.0,0.095,,,,,,,,,
1789037688.5725,load,3,-1,21672,1037.0,0.0,1038.0,2678.461,,,,,,,,,
1789037688.9463,load,3,-1,21672,1038.0,0.0,1039.0,0.095,,,,,,,,,
1789037691.0301,load,3,-1,21672,1039.0,0.0,1040.0,1937.172,,,,,,,,,
1789037691.1572,load,3,-1,21672,1040.0,0.0,1041.0,0.109,,,,,,,,,
1789037693.2716,load,3,-1,21672,1041.0,0.0,1042.0,1604.892,,,,,,,,,
1789037693.38,load,3,-1,21672,1042.0,0.0,1043.0,0.095,,,,,,,,,
1789037695.0776,load,3,-1,21672,1043.0,0.0,1044.0,1519.313,,,,,,,,,
1789037695.4534,load,3,-1,21672,1044.0,0.0,1045.0,0.129,,,,,,,,,
1789037697.8501,load,3,-1,21672,1045.0,0.0,1046.0,2287.958,,,,,,,,,
1789037698.0172,load,3,-1,21672,1046.0,0.0,1047.0,52.926,,,,,,,,,
1789037700.1617,load,3,-1,21672,1047.0,0.0,1048.0,1784.028,,,,,,,,,
1789037700.7038,load,3,-1,21672,1048.0,0.0,1049.0,431.784,,,,,,,,,
1789037702.3222,load,3,-1,21672,1049.0,0.0,1050.0,1487.257,,,,,,,,,
1789037702.8625,load,3,-1,21672,1050.0,0.0,1051.0,194.03,,,,,,,,,
1789037704.3422,load,3,-1,21672,1051.0,0.0,1052.0,1370.755,,,,,,,,,
1789037705.5591,load,3,-1,21672,1052.0,0.0,1053.0,1108.481,,,,,,,,,
1789037707.2387,load,3,-1,21672,1053.0,0.0,1054.0,1338.835,,,,,,,,,
1789037707.8872,load,3,-1,21672,1054.0,0.0,1055.0,539.062,,,,,,,,,
1789037710.0407,load,3,-1,21672,1055.0,0.0,1056.0,2041.82,,,,,,,,,
1789037710.4089,load,3,-1,21672,1056.0,0.0,1057.0,0.086,,,,,,,,,
1789037712.1983,load,3,-1,21672,1057.0,0.0,1058.0,1680.519,,,,,,,,,
1789037712.3083,load,3,-1,21672,1058.0,0.0,1059.0,0.091,,,,,,,,,
1789037714.2469,load,3,-1,21672,1059.0,0.0,1060.0,1529.649,,,,,,,,,
1789037714.5388,load,3,-1,21672,1060.0,0.0,1061.0,181.836,,,,,,,,,
1789037716.6957,load,3,-1,21672,1061.0,0.0,1062.0,1951.017,,,,,,,,,
1789037717.066,load,3,-1,21672,1062.0,0.0,1063.0,0.096,,,,,,,,,
1789037719.4494,load,3,-1,21672,1063.0,0.0,1064.0,2275.24,,,,,,,,,
1789037719.8642,load,3,-1,21672,1064.0,0.0,1065.0,0.11,,,,,,,,,
1789037721.0779,load,3,-1,21672,1065.0,0.0,1066.0,810.966,,,,,,,,,
1789037721.54,load,3,-1,21672,1066.0,0.0,1067.0,326.904,,,,,,,,,
1789037723.8907,load,3,-1,21672,1067.0,0.0,1068.0,2240.301,,,,,,,,,
1789037724.2352,load,3,-1,21672,1068.0,0.0,1069.0,0.085,,,,,,,,,
1789037726.4339,load,3,-1,21672,1069.0,0.0,1070.0,2087.141,,,,,,,,,
1789037726.7654,load,3,-1,21672,1070.0,0.0,1071.0,217.038,,,,,,,,,
1789037729.1457,load,3,-1,21672,1071.0,0.0,1072.0,2018.858,,,,,,,,,
1789037729.3617,load,3,-1,21672,1072.0,0.0,1073.0,93.517,,,,,,,,,
1789037731.6667,load,3,-1,21672,1073.0,0.0,1074.0,2196.413,,,,,,,,,
1789037732.0164,load,3,-1,21672,1074.0,0.0,1075.0,0.1,,,,,,,,,
1789037733.3656,load,3,-1,21672,1075.0,0.0,1076.0,1136.987,,,,,,,,,
1789037734.3956,load,3,-1,21672,1076.0,0.0,1077.0,920.694,,,,,,,,,
1789037735.6234,load,3,-1,21672,1077.0,0.0,1078.0,887.023,,,,,,,,,
1789037736.7174,load,3,-1,21672,1078.0,0.0,1079.0,985.183,,,,,,,,,
1789037738.2083,load,3,-1,21672,1079.0,0.0,1080.0,1380.07,,,,,,,,,
1789037739.4575,load,3,-1,21672,1080.0,0.0,1081.0,908.532,,,,,,,,,
1789037740.7379,load,3,-1,21672,1081.0,0.0,1082.0,1099.728,,,,,,,,,
1789037742.2699,load,3,-1,21672,1082.0,0.0,1083.0,1416.597,,,,,,,,,
1789037742.9408,load,3,-1,21672,1083.0,0.0,1084.0,328.455,,,,,,,,,
1789037744.6554,load,3,-1,21672,1084.0,0.0,1085.0,1605.448,,,,,,,,,
1789037745.1118,load,3,-1,21672,1085.0,0.0,1086.0,347.698,,,,,,,,,
1789037746.9471,load,3,-1,21672,1086.0,0.0,1087.0,1474.871,,,,,,,,,
1789037747.6298,load,3,-1,21672,1087.0,0.0,1088.0,573.915,,,,,,,,,
1789037749.0073,load,3,-1,21672,1088.0,0.0,1089.0,1263.252,,,,,,,,,
1789037750.2571,load,3,-1,21672,1089.0,0.0,1090.0,904.555,,,,,,,,,
1789037751.6345,load,3,-1,21672,1090.0,0.0,1091.0,1267.747,,,,,,,,,
1789037752.7389,load,3,-1,21672,1091.0,0.0,1092.0,994.211,,,,,,,,,
1789037754.372,load,3,-1,21672,1092.0,0.0,1093.0,1263.522,,,,,,,,,
1789037755.8314,load,3,-1,21672,1093.0,0.0,1094.0,1348.519,,,,,,,,,
1789037757.0373,load,3,-1,21672,1094.0,0.0,1095.0,1095.163,,,,,,,,,
1789037757.8803,load,3,-1,21672,1095.0,0.0,1096.0,502.213,,,,,,,,,
1789037759.3577,load,3,-1,21672,1096.0,0.0,1097.0,1367.402,,,,,,,,,
1789037760.4572,load,3,-1,21672,1097.0,0.0,1098.0,991.341,,,,,,,,,
1789037761.4129,load,3,-1,21672,1098.0,0.0,1099.0,590.918,,,,,,,,,
1789037762.5486,load,3,-1,21672,1099.0,0.0,1100.0,1025.43,,,,,,,,,
1789037764.1517,load,3,-1,21672,1100.0,0.0,1101.0,1495.518,,,,,,,,,
1789037765.2279,load,3,-1,21672,1101.0,0.0,1102.0,660.195,,,,,,,,,
1789037766.2132,load,3,-1,21672,1102.0,0.0,1103.0,877.103,,,,,,,,,
1789037767.8268,load,3,-1,21672,1103.0,0.0,1104.0,1503.875,,,,,,,,,
1789037768.3637,load,3,-1,21672,1104.0,0.0,1105.0,200.684,,,,,,,,,
1789037770.7153,load,3,-1,21672,1105.0,0.0,1106.0,2241.494,,,,,,,,,
1789037771.1217,load,3,-1,21672,1106.0,0.0,1107.0,298.842,,,,,,,,,
1789037772.5725,load,3,-1,21672,1107.0,0.0,1108.0,1107.777,,,,,,,,,
1789037773.2946,load,3,-1,21672,1108.0,0.0,1109.0,613.374,,,,,,,,,
1789037775.2168,load,3,-1,21672,1109.0,0.0,1110.0,1792.622,,,,,,,,,
1789037775.926,load,3,-1,21672,1110.0,0.0,1111.0,367.363,,,,,,,,,
1789037777.4103,load,3,-1,21672,1111.0,0.0,1112.0,1374.027,,,,,,,,,
1789037777.7955,load,3,-1,21672,1112.0,0.0,1113.0,260.778,,,,,,,,,
1789037779.928,load,3,-1,21672,1113.0,0.0,1114.0,1796.492,,,,,,,,,
1789037780.6423,load,3,-1,21672,1114.0,0.0,1115.0,603.796,,,,,,,,,
1789037782.0978,load,3,-1,21672,1115.0,0.0,1116.0,1346.265,,,,,,,,,
1789037783.0808,load,3,-1,21672,1116.0,0.0,1117.0,641.864,,,,,,,,,
1789037784.4176,load,3,-1,21672,1117.0,0.0,1118.0,1228.145,,,,,,,,,
1789037785.3282,load,3,-1,21672,1118.0,0.0,1119.0,799.859,,,,,,,,,
1789037787.2468,load,3,-1,21672,1119.0,0.0,1120.0,1571.9,,,,,,,,,
1789037787.3802,load,3,-1,21672,1120.0,0.0,1121.0,0.118,,,,,,,,,
1789037789.3117,load,3,-1,21672,1121.0,0.0,1122.0,1674.898,,,,,,,,,
1789037789.6593,load,3,-1,21672,1122.0,0.0,1123.0,0.082,,,,,,,,,
1789037791.9952,load,3,-1,21672,1123.0,0.0,1124.0,2225.796,,,,,,,,,
1789037792.1047,load,3,-1,21672,1124.0,0.0,1125.0,0.094,,,,,,,,,
1789037794.2598,load,3,-1,21672,1125.0,0.0,1126.0,1754.882,,,,,,,,,
1789037794.383,load,3,-1,21672,1126.0,0.0,1127.0,0.086,,,,,,,,,
1789037796.8492,load,3,-1,21672,1127.0,0.0,1128.0,2295.715,,,,,,,,,
1789037797.1877,load,3,-1,21672,1128.0,0.0,1129.0,0.076,,,,,,,,,
1789037800.0799,load,3,-1,21672,1129.0,0.0,1130.0,2776.395,,,,,,,,,
1789037800.1893,load,3,-1,21672,1130.0,0.0,1131.0,0.087,,,,,,,,,
1789037802.7056,load,3,-1,21672,1131.0,0.0,1132.0,2071.372,,,,,,,,,
1789037802.8375,load,3,-1,21672,1132.0,0.0,1133.0,0.094,,,,,,,,,
1789037805.1304,load,3,-1,21672,1133.0,0.0,1134.0,2123.058,,,,,,,,,
1789037805.7548,load,3,-1,21672,1134.0,0.0,1135.0,0.082,,,,,,,,,
1789037807.3092,load,3,-1,21672,1135.0,0.0,1136.0,1394.154,,,,,,,,,
1789037807.7078,load,3,-1,21672,1136.0,0.0,1137.0,0.1,,,,,,,,,
1789037809.1941,load,3,-1,21672,1137.0,0.0,1138.0,1032.207,,,,,,,,,
1789037809.305,load,3,-1,21672,1138.0,0.0,1139.0,0.099,,,,,,,,,
1789037811.3638,load,3,-1,21672,1139.0,0.0,1140.0,1888.556,,,,,,,,,
1789037811.7085,load,3,-1,21672,1140.0,0.0,1141.0,0.102,,,,,,,,,
1789037813.4521,load,3,-1,21672,1141.0,0.0,1142.0,1560.774,,,,,,,,,
1789037813.8456,load,3,-1,21672,1142.0,0.0,1143.0,0.106,,,,,,,,,
1789037815.4186,load,3,-1,21672,1143.0,0.0,1144.0,1169.156,,,,,,,,,
1789037815.7781,load,3,-1,21672,1144.0,0.0,1145.0,251.232,,,,,,,,,
1789037817.6823,load,3,-1,21672,1145.0,0.0,1146.0,1773.628,,,,,,,,,
1789037818.5991,load,3,-1,21672,1146.0,0.0,1147.0,579.028,,,,,,,,,
1789037821.0504,load,3,-1,21672,1147.0,0.0,1148.0,2335.699,,,,,,,,,
1789037821.1988,load,3,-1,21672,1148.0,0.0,1149.0,0.105,,,,,,,,,
1789037823.2395,load,3,-1,21672,1149.0,0.0,1150.0,1629.167,,,,,,,,,
1789037824.4142,load,3,-1,21672,1150.0,0.0,1151.0,1066.026,,,,,,,,,
1789037825.9037,load,3,-1,21672,1151.0,0.0,1152.0,1380.438,,,,,,,,,
1789037827.2131,load,3,-1,21672,1152.0,0.0,1153.0,967.028,,,,,,,,,
1789037827.702,load,3,-1,21672,1153.0,0.0,1154.0,380.42,,,,,,,,,
1789037829.8622,load,3,-1,21672,1154.0,0.0,1155.0,2052.594,,,,,,,,,
1789037830.2222,load,3,-1,21672,1155.0,0.0,1156.0,0.09,,,,,,,,,
1789037832.0279,load,3,-1,21672,1156.0,0.0,1157.0,1696.211,,,,,,,,,
1789037832.136,load,3,-1,21672,1157.0,0.0,1158.0,0.092,,,,,,,,,
1789037834.4428,load,3,-1,21672,1158.0,0.0,1159.0,1883.916,,,,,,,,,
1789037834.5546,load,3,-1,21672,1159.0,0.0,1160.0,0.096,,,,,,,,,
1789037836.9339,load,3,-1,21672,1160.0,0.0,1161.0,2207.774,,,,,,,,,
1789037837.3751,load,3,-1,21672,1161.0,0.0,1162.0,0.15,,,,,,,,,
1789037839.6126,load,3,-1,21672,1162.0,0.0,1163.0,2124.978,,,,,,,,,
1789037839.7205,load,3,-1,21672,1163.0,0.0,1164.0,0.09,,,,,,,,,
1789037841.8122,load,3,-1,21672,1164.0,0.0,1165.0,1681.642,,,,,,,,,
1789037841.9224,load,3,-1,21672,1165.0,0.0,1166.0,0.095,,,,,,,,,
1789037844.1497,load,3,-1,21672,1166.0,0.0,1167.0,2051.439,,,,,,,,,
1789037844.4997,load,3,-1,21672,1167.0,0.0,1168.0,0.079,,,,,,,,,
1789037846.2065,load,3,-1,21672,1168.0,0.0,1169.0,1579.344,,,,,,,,,
1789037846.3152,load,3,-1,21672,1169.0,0.0,1170.0,0.091,,,,,,,,,
1789037848.2631,load,3,-1,21672,1170.0,0.0,1171.0,1532.551,,,,,,,,,
1789037848.3981,load,3,-1,21672,1171.0,0.0,1172.0,0.116,,,,,,,,,
1789037850.8341,load,3,-1,21672,1172.0,0.0,1173.0,2260.581,,,,,,,,,
1789037851.19,load,3,-1,21672,1173.0,0.0,1174.0,0.101,,,,,,,,,
1789037853.7114,load,3,-1,21672,1174.0,0.0,1175.0,2411.613,,,,,,,,,
1789037853.8215,load,3,-1,21672,1175.0,0.0,1176.0,0.117,,,,,,,,,
1789037855.9993,load,3,-1,21672,1176.0,0.0,1177.0,1774.692,,,,,,,,,
1789037856.114,load,3,-1,21672,1177.0,0.0,1178.0,0.105,,,,,,,,,
1789037858.9481,load,3,-1,21672,1178.0,0.0,1179.0,2666.933,,,,,,,,,
1789037859.289,load,3,-1,21672,1179.0,0.0,1180.0,0.079,,,,,,,,,
1789037861.9316,load,3,-1,21672,1180.0,0.0,1181.0,2485.3,,,,,,,,,
1789037862.1571,load,3,-1,21672,1181.0,0.0,1182.0,0.118,,,,,,,,,
1789037864.7,load,3,-1,21672,1182.0,0.0,1183.0,2195.838,,,,,,,,,
1789037864.8098,load,3,-1,21672,1183.0,0.0,1184.0,0.091,,,,,,,,,
1789037866.9229,load,3,-1,21672,1184.0,0.0,1185.0,1932.826,,,,,,,,,
1789037867.3198,load,3,-1,21672,1185.0,0.0,1186.0,0.106,,,,,,,,,
1789037869.3558,load,3,-1,21672,1186.0,0.0,1187.0,1912.097,,,,,,,,,
1789037869.4662,load,3,-1,21672,1187.0,0.0,1188.0,0.101,,,,,,,,,
1789037871.635,load,3,-1,21672,1188.0,0.0,1189.0,1757.196,,,,,,,,,
1789037871.7562,load,3,-1,21672,1189.0,0.0,1190.0,0.096,,,,,,,,,
1789037874.2121,load,3,-1,21672,1190.0,0.0,1191.0,2273.994,,,,,,,,,
1789037874.5807,load,3,-1,21672,1191.0,0.0,1192.0,0.078,,,,,,,,,
1789037876.3192,load,3,-1,21672,1192.0,0.0,1193.0,1609.788,,,,,,,,,
1789037876.4569,load,3,-1,21672,1193.0,0.0,1194.0,0.103,,,,,,,,,
1789037878.8222,load,3,-1,21672,1194.0,0.0,1195.0,1943.523,,,,,,,,,
1789037878.9675,load,3,-1,21672,1195.0,0.0,1196.0,0.133,,,,,,,,,
1789037881.2028,load,3,-1,21672,1196.0,0.0,1197.0,2060.506,,,,,,,,,
1789037881.5542,load,3,-1,21672,1197.0,0.0,1198.0,0.084,,,,,,,,,
1789037883.6131,load,3,-1,21672,1198.0,0.0,1199.0,1891.849,,,,,,,,,
1789037883.7225,load,3,-1,21672,1199.0,0.0,1200.0,0.094,,,,,,,,,
1789037885.8136,load,3,-1,21672,1200.0,0.0,1201.0,1648.581,,,,,,,,,
1789037885.9944,load,3,-1,21672,1201.0,0.0,1202.0,0.151,,,,,,,,,
1789037888.7494,load,3,-1,21672,1202.0,0.0,1203.0,2643.693,,,,,,,,,
1789037889.0953,load,3,-1,21672,1203.0,0.0,1204.0,0.08,,,,,,,,,
1789037891.3339,load,3,-1,21672,1204.0,0.0,1205.0,2078.914,,,,,,,,,
1789037891.4474,load,3,-1,21672,1205.0,0.0,1206.0,0.107,,,,,,,,,
1789037893.6611,load,3,-1,21672,1206.0,0.0,1207.0,1806.313,,,,,,,,,
1789037893.7713,load,3,-1,21672,1207.0,0.0,1208.0,0.09,,,,,,,,,
1789037896.3922,load,3,-1,21672,1208.0,0.0,1209.0,2430.751,,,,,,,,,
1789037896.7373,load,3,-1,21672,1209.0,0.0,1210.0,0.1,,,,,,,,,
1789037898.913,load,3,-1,21672,1210.0,0.0,1211.0,2013.303,,,,,,,,,
1789037899.0228,load,3,-1,21672,1211.0,0.0,1212.0,0.097,,,,,,,,,
1789037901.6849,load,3,-1,21672,1212.0,0.0,1213.0,2249.423,,,,,,,,,
1789037901.7983,load,3,-1,21672,1213.0,0.0,1214.0,0.115,,,,,,,,,
1789037904.097,load,3,-1,21672,1214.0,0.0,1215.0,2129.366,,,,,,,,,
1789037904.4534,load,3,-1,21672,1215.0,0.0,1216.0,0.103,,,,,,,,,
1789037906.4258,load,3,-1,21672,1216.0,0.0,1217.0,1831.001,,,,,,,,,
1789037906.5381,load,3,-1,21672,1217.0,0.0,1218.0,0.101,,,,,,,,,
1789037908.9281,load,3,-1,21672,1218.0,0.0,1219.0,1973.441,,,,,,,,,
1789037909.0422,load,3,-1,21672,1219.0,0.0,1220.0,0.116,,,,,,,,,
1789037911.5923,load,3,-1,21672,1220.0,0.0,1221.0,2378.408,,,,,,,,,
1789037912.0703,load,3,-1,21672,1221.0,0.0,1222.0,0.106,,,,,,,,,
1789037913.9232,load,3,-1,21672,1222.0,0.0,1223.0,1738.636,,,,,,,,,
1789037914.0375,load,3,-1,21672,1223.0,0.0,1224.0,0.107,,,,,,,,,
1789037916.417,load,3,-1,21672,1224.0,0.0,1225.0,1931.094,,,,,,,,,
1789037916.5297,load,3,-1,21672,1225.0,0.0,1226.0,0.098,,,,,,,,,
1789037919.2794,load,3,-1,21672,1226.0,0.0,1227.0,2575.617,,,,,,,,,
1789037919.6463,load,3,-1,21672,1227.0,0.0,1228.0,0.258,,,,,,,,,
1789037921.7286,load,3,-1,21672,1228.0,0.0,1229.0,1926.64,,,,,,,,,
1789037921.8413,load,3,-1,21672,1229.0,0.0,1230.0,0.122,,,,,,,,,
1789037924.192,load,3,-1,21672,1230.0,0.0,1231.0,1942.372,,,,,,,,,
1789037924.3139,load,3,-1,21672,1231.0,0.0,1232.0,0.099,,,,,,,,,
1789037926.5106,load,3,-1,21672,1232.0,0.0,1233.0,2002.114,,,,,,,,,
1789037926.904,load,3,-1,21672,1233.0,0.0,1234.0,0.081,,,,,,,,,
1789037929.2606,load,3,-1,21672,1234.0,0.0,1235.0,2241.574,,,,,,,,,
1789037929.3718,load,3,-1,21672,1235.0,0.0,1236.0,0.095,,,,,,,,,
1789037931.5092,load,3,-1,21672,1236.0,0.0,1237.0,1724.517,,,,,,,,,
1789037931.6194,load,3,-1,21672,1237.0,0.0,1238.0,0.091,,,,,,,,,
1789037933.4443,load,3,-1,21672,1238.0,0.0,1239.0,1651.923,,,,,,,,,
1789037933.7907,load,3,-1,21672,1239.0,0.0,1240.0,0.08,,,,,,,,,
1789037935.2972,load,3,-1,21672,1240.0,0.0,1241.0,1286.62,,,,,,,,,
1789037935.4789,load,3,-1,21672,1241.0,0.0,1242.0,0.096,,,,,,,,,
1789037937.7822,load,3,-1,21672,1242.0,0.0,1243.0,1945.238,,,,,,,,,
1789037937.8909,load,3,-1,21672,1243.0,0.0,1244.0,0.089,,,,,,,,,
1789037939.9511,load,3,-1,21672,1244.0,0.0,1245.0,1888.06,,,,,,,,,
1789037940.292,load,3,-1,21672,1245.0,0.0,1246.0,0.088,,,,,,,,,
1789037943.0861,load,3,-1,21672,1246.0,0.0,1247.0,2641.471,,,,,,,,,
1789037943.1945,load,3,-1,21672,1247.0,0.0,1248.0,0.094,,,,,,,,,
1789037945.3696,load,3,-1,21672,1248.0,0.0,1249.0,1760.842,,,,,,,,,
1789037945.4787,load,3,-1,21672,1249.0,0.0,1250.0,0.091,,,,,,,,,
1789037947.8667,load,3,-1,21672,1250.0,0.0,1251.0,2190.77,,,,,,,,,
1789037948.2025,load,3,-1,21672,1251.0,0.0,1252.0,0.114,,,,,,,,,
1789037949.9905,load,3,-1,21672,1252.0,0.0,1253.0,1616.409,,,,,,,,,
1789037950.1028,load,3,-1,21672,1253.0,0.0,1254.0,0.099,,,,,,,,,
1789037952.2633,load,3,-1,21672,1254.0,0.0,1255.0,1753.911,,,,,,,,,
1789037952.3731,load,3,-1,21672,1255.0,0.0,1256.0,0.095,,,,,,,,,
1789037954.9119,load,3,-1,21672,1256.0,0.0,1257.0,2366.429,,,,,,,,,
1789037955.2506,load,3,-1,21672,1257.0,0.0,1258.0,0.076,,,,,,,,,
1789037957.8166,load,3,-1,21672,1258.0,0.0,1259.0,2415.727,,,,,,,,,
1789037957.9254,load,3,-1,21672,1259.0,0.0,1260.0,0.097,,,,,,,,,
1789037960.0536,load,3,-1,21672,1260.0,0.0,1261.0,1692.876,,,,,,,,,
1789037960.2352,load,3,-1,21672,1261.0,0.0,1262.0,0.172,,,,,,,,,
1789037962.3838,load,3,-1,21672,1262.0,0.0,1263.0,2027.643,,,,,,,,,
1789037962.7236,load,3,-1,21672,1263.0,0.0,1264.0,0.082,,,,,,,,,
1789037964.97,load,3,-1,21672,1264.0,0.0,1265.0,2104.482,,,,,,,,,
1789037965.0843,load,3,-1,21672,1265.0,0.0,1266.0,0.116,,,,,,,,,
1789037966.9958,load,3,-1,21672,1266.0,0.0,1267.0,1503.511,,,,,,,,,
1789037967.1048,load,3,-1,21672,1267.0,0.0,1268.0,0.092,,,,,,,,,
1789037969.0204,load,3,-1,21672,1268.0,0.0,1269.0,1742.985,,,,,,,,,
1789037969.3623,load,3,-1,21672,1269.0,0.0,1270.0,0.089,,,,,,,,,
1789037972.1269,load,3,-1,21672,1270.0,0.0,1271.0,2649.95,,,,,,,,,
1789037972.2369,load,3,-1,21672,1271.0,0.0,1272.0,0.094,,,,,,,,,
1789037974.0252,load,3,-1,21672,1272.0,0.0,1273.0,1377.432,,,,,,,,,
1789037974.134,load,3,-1,21672,1273.0,0.0,1274.0,0.093,,,,,,,,,
1789037976.5716,load,3,-1,21672,1274.0,0.0,1275.0,2264.874,,,,,,,,,
1789037976.9312,load,3,-1,21672,1275.0,0.0,1276.0,0.306,,,,,,,,,
1789037979.0587,load,3,-1,21672,1276.0,0.0,1277.0,2010.459,,,,,,,,,
1789037979.1864,load,3,-1,21672,1277.0,0.0,1278.0,0.092,,,,,,,,,
1789037981.7352,load,3,-1,21672,1278.0,0.0,1279.0,2121.909,,,,,,,,,
1789037981.8437,load,3,-1,21672,1279.0,0.0,1280.0,0.086,,,,,,,,,
1789037984.9617,load,3,-1,21672,1280.0,0.0,1281.0,2939.62,,,,,,,,,
1789037985.3712,load,3,-1,21672,1281.0,0.0,1282.0,0.346,,,,,,,,,
1789037987.1323,load,3,-1,21672,1282.0,0.0,1283.0,1648.324,,,,,,,,,
1789037987.2426,load,3,-1,21672,1283.0,0.0,1284.0,0.09,,,,,,,,,
1789037989.768,load,3,-1,21672,1284.0,0.0,1285.0,2112.778,,,,,,,,,
1789037989.8768,load,3,-1,21672,1285.0,0.0,1286.0,0.083,,,,,,,,,
1789037991.8675,load,3,-1,21672,1286.0,0.0,1287.0,1794.227,,,,,,,,,
1789037992.229,load,3,-1,21672,1287.0,0.0,1288.0,0.075,,,,,,,,,
1789037994.1734,load,3,-1,21672,1288.0,0.0,1289.0,1780.229,,,,,,,,,
1789037994.2833,load,3,-1,21672,1289.0,0.0,1290.0,0.093,,,,,,,,,
1789037996.4362,load,3,-1,21672,1290.0,0.0,1291.0,1755.233,,,,,,,,,
1789037996.5464,load,3,-1,21672,1291.0,0.0,1292.0,0.095,,,,,,,,,
1789037998.4737,load,3,-1,21672,1292.0,0.0,1293.0,1752.94,,,,,,,,,
1789037998.8094,load,3,-1,21672,1293.0,0.0,1294.0,0.095,,,,,,,,,
1789038000.501,load,3,-1,21672,1294.0,0.0,1295.0,1574.638,,,,,,,,,
1789038000.6101,load,3,-1,21672,1295.0,0.0,1296.0,0.086,,,,,,,,,
1789038002.994,load,3,-1,21672,1296.0,0.0,1297.0,1969.395,,,,,,,,,
1789038003.1021,load,3,-1,21672,1297.0,0.0,1298.0,0.092,,,,,,,,,
1789038005.4127,load,3,-1,21672,1298.0,0.0,1299.0,2138.237,,,,,,,,,
1789038005.7572,load,3,-1,21672,1299.0,0.0,1300.0,0.077,,,,,,,,,
1789038007.4386,load,3,-1,21672,1300.0,0.0,1301.0,1519.093,,,,,,,,,
1789038007.6182,load,3,-1,21672,1301.0,0.0,1302.0,0.11,,,,,,,,,
1789038010.1133,load,3,-1,21672,1302.0,0.0,1303.0,2152.76,,,,,,,,,
1789038010.2208,load,3,-1,21672,1303.0,0.0,1304.0,0.087,,,,,,,,,
1789038012.5094,load,3,-1,21672,1304.0,0.0,1305.0,2117.038,,,,,,,,,
1789038012.855,load,3,-1,21672,1305.0,0.0,1306.0,0.077,,,,,,,,,
1789038014.2226,load,3,-1,21672,1306.0,0.0,1307.0,1182.385,,,,,,,,,
1789038014.6084,load,3,-1,21672,1307.0,0.0,1308.0,279.321,,,,,,,,,
1789038017.3095,load,3,-1,21672,1308.0,0.0,1309.0,2366.948,,,,,,,,,
1789038017.4386,load,3,-1,21672,1309.0,0.0,1310.0,0.096,,,,,,,,,
1789038019.667,load,3,-1,21672,1310.0,0.0,1311.0,2052.27,,,,,,,,,
1789038020.0215,load,3,-1,21672,1311.0,0.0,1312.0,0.084,,,,,,,,,
1789038022.1174,load,3,-1,21672,1312.0,0.0,1313.0,1967.452,,,,,,,,,
1789038022.4941,load,3,-1,21672,1313.0,0.0,1314.0,269.666,,,,,,,,,
1789038024.3835,load,3,-1,21672,1314.0,0.0,1315.0,1549.132,,,,,,,,,
1789038024.7392,load,3,-1,21672,1315.0,0.0,1316.0,248.242,,,,,,,,,
1789038026.1976,load,3,-1,21672,1316.0,0.0,1317.0,1351.781,,,,,,,,,
1789038027.1251,load,3,-1,21672,1317.0,0.0,1318.0,576.712,,,,,,,,,
1789038028.328,load,3,-1,21672,1318.0,0.0,1319.0,1093.603,,,,,,,,,
1789038029.4787,load,3,-1,21672,1319.0,0.0,1320.0,1043.235,,,,,,,,,
1789038030.9632,load,3,-1,21672,1320.0,0.0,1321.0,1144.162,,,,,,,,,
1789038031.853,load,3,-1,21672,1321.0,0.0,1322.0,687.661,,,,,,,,,
1789038033.2504,load,3,-1,21672,1322.0,0.0,1323.0,1289.781,,,,,,,,,
1789038034.1342,load,3,-1,21672,1323.0,0.0,1324.0,536.907,,,,,,,,,
1789038035.7928,load,3,-1,21672,1324.0,0.0,1325.0,1548.872,,,,,,,,,
1789038036.4457,load,3,-1,21672,1325.0,0.0,1326.0,542.669,,,,,,,,,
1789038037.9612,load,3,-1,21672,1326.0,0.0,1327.0,1184.889,,,,,,,,,
1789038039.1752,load,3,-1,21672,1327.0,0.0,1328.0,1087.476,,,,,,,,,
1789038040.446,load,3,-1,21672,1328.0,0.0,1329.0,1153.418,,,,,,,,,
1789038041.6247,load,3,-1,21672,1329.0,0.0,1330.0,838.892,,,,,,,,,
1789038042.9426,load,3,-1,21672,1330.0,0.0,1331.0,1208.31,,,,,,,,,
1789038043.8609,load,3,-1,21672,1331.0,0.0,1332.0,810.327,,,,,,,,,
1789038045.48,load,3,-1,21672,1332.0,0.0,1333.0,1268.792,,,,,,,,,
1789038046.8219,load,3,-1,21672,1333.0,0.0,1334.0,1231.897,,,,,,,,,
1789038047.9106,load,3,-1,21672,1334.0,0.0,1335.0,980.07,,,,,,,,,
1789038049.8828,load,3,-1,21672,1335.0,0.0,1336.0,1639.736,,,,,,,,,
1789038050.0139,load,3,-1,21672,1336.0,0.0,1337.0,0.126,,,,,,,,,
1789038052.2276,load,3,-1,21672,1337.0,0.0,1338.0,2028.227,,,,,,,,,
1789038052.7979,load,3,-1,21672,1338.0,0.0,1339.0,229.445,,,,,,,,,
1789038055.1207,load,3,-1,21672,1339.0,0.0,1340.0,2215.044,,,,,,,,,
1789038055.5001,load,3,-1,21672,1340.0,0.0,1341.0,247.12,,,,,,,,,
1789038057.3712,load,3,-1,21672,1341.0,0.0,1342.0,1410.915,,,,,,,,,
1789038058.0725,load,3,-1,21672,1342.0,0.0,1343.0,593.047,,,,,,,,,
1789038059.7129,load,3,-1,21672,1343.0,0.0,1344.0,1507.714,,,,,,,,,
1789038060.6227,load,3,-1,21672,1344.0,0.0,1345.0,570.437,,,,,,,,,
1789038061.8992,load,3,-1,21672,1345.0,0.0,1346.0,1163.647,,,,,,,,,
1789038062.8704,load,3,-1,21672,1346.0,0.0,1347.0,860.399,,,,,,,,,
1789038064.2247,load,3,-1,21672,1347.0,0.0,1348.0,1005.949,,,,,,,,,
1789038065.7083,load,3,-1,21672,1348.0,0.0,1349.0,1374.556,,,,,,,,,
1789038066.8245,load,3,-1,21672,1349.0,0.0,1350.0,1005.213,,,,,,,,,
1789038068.1574,load,3,-1,21672,1350.0,0.0,1351.0,996.09,,,,,,,,,
1789038069.2964,load,3,-1,21672,1351.0,0.0,1352.0,1030.21,,,,,,,,,
1789036427.7682,load,1,-1,21670,0.0,0.0,1.0,2625.423,,,,,,,,,
1789036430.1965,load,1,-1,21670,1.0,0.0,2.0,0.24,,,,,,,,,
1789036430.3429,load,1,-1,21670,2.0,0.0,3.0,0.139,,,,,,,,,
1789036431.9729,load,1,-1,21670,3.0,0.0,4.0,0.131,,,,,,,,,
1789036432.671,load,1,-1,21670,4.0,0.0,5.0,560.384,,,,,,,,,
1789036433.7598,load,1,-1,21670,5.0,0.0,6.0,0.101,,,,,,,,,
1789036435.1104,load,1,-1,21670,6.0,0.0,7.0,839.677,,,,,,,,,
1789036436.4986,load,1,-1,21670,7.0,0.0,8.0,0.169,,,,,,,,,
1789036437.3105,load,1,-1,21670,8.0,0.0,9.0,615.488,,,,,,,,,
1789036439.3898,load,1,-1,21670,9.0,0.0,10.0,0.383,,,,,,,,,
1789036439.501,load,1,-1,21670,10.0,0.0,11.0,0.117,,,,,,,,,
1789036441.4087,load,1,-1,21670,11.0,0.0,12.0,0.153,,,,,,,,,
1789036441.8431,load,1,-1,21670,12.0,0.0,13.0,0.16,,,,,,,,,
1789036444.0191,load,1,-1,21670,13.0,0.0,14.0,0.094,,,,,,,,,
1789036444.1931,load,1,-1,21670,14.0,0.0,15.0,0.122,,,,,,,,,
1789036446.7496,load,1,-1,21670,15.0,0.0,16.0,0.083,,,,,,,,,
1789036446.9093,load,1,-1,21670,16.0,0.0,17.0,0.128,,,,,,,,,
1789036448.9732,load,1,-1,21670,17.0,0.0,18.0,0.136,,,,,,,,,
1789036449.398,load,1,-1,21670,18.0,0.0,19.0,0.127,,,,,,,,,
1789036451.3111,load,1,-1,21670,19.0,0.0,20.0,0.124,,,,,,,,,
1789036451.4866,load,1,-1,21670,20.0,0.0,21.0,0.134,,,,,,,,,
1789036453.7326,load,1,-1,21670,21.0,0.0,22.0,0.113,,,,,,,,,
1789036453.8458,load,1,-1,21670,22.0,0.0,23.0,0.102,,,,,,,,,
1789036455.5755,load,1,-1,21670,23.0,0.0,24.0,0.124,,,,,,,,,
1789036455.9992,load,1,-1,21670,24.0,0.0,25.0,0.097,,,,,,,,,
1789036457.696,load,1,-1,21670,25.0,0.0,26.0,0.104,,,,,,,,,
1789036457.8681,load,1,-1,21670,26.0,0.0,27.0,0.109,,,,,,,,,
1789036460.5822,load,1,-1,21670,27.0,0.0,28.0,0.088,,,,,,,,,
1789036460.7592,load,1,-1,21670,28.0,0.0,29.0,0.103,,,,,,,,,
1789036462.6394,load,1,-1,21670,29.0,0.0,30.0,0.099,,,,,,,,,
1789036463.0868,load,1,-1,21670,30.0,0.0,31.0,0.083,,,,,,,,,
1789036464.8443,load,1,-1,21670,31.0,0.0,32.0,0.106,,,,,,,,,
1789036465.0742,load,1,-1,21670,32.0,0.0,33.0,0.114,,,,,,,,,
1789036467.7023,load,1,-1,21670,33.0,0.0,34.0,0.154,,,,,,,,,
1789036468.1215,load,1,-1,21670,34.0,0.0,35.0,0.103,,,,,,,,,
1789036469.7968,load,1,-1,21670,35.0,0.0,36.0,0.113,,,,,,,,,
1789036470.8114,load,1,-1,21670,36.0,0.0,37.0,0.1,,,,,,,,,
1789036471.9835,load,1,-1,21670,37.0,0.0,38.0,0.093,,,,,,,,,
1789036472.8942,load,1,-1,21670,38.0,0.0,39.0,0.093,,,,,,,,,
1789036474.4162,load,1,-1,21670,39.0,0.0,40.0,0.214,,,,,,,,,
1789036475.4113,load,1,-1,21670,40.0,0.0,41.0,0.102,,,,,,,,,
1789036476.7962,load,1,-1,21670,41.0,0.0,42.0,0.103,,,,,,,,,
1789036477.9656,load,1,-1,21670,42.0,0.0,43.0,0.093,,,,,,,,,
1789036479.5164,load,1,-1,21670,43.0,0.0,44.0,0.243,,,,,,,,,
1789036479.6926,load,1,-1,21670,44.0,0.0,45.0,0.1,,,,,,,,,
1789036482.1813,load,1,-1,21670,45.0,0.0,46.0,0.093,,,,,,,,,
1789036482.3957,load,1,-1,21670,46.0,0.0,47.0,0.099,,,,,,,,,
1789036484.223,load,1,-1,21670,47.0,0.0,48.0,0.097,,,,,,,,,
1789036485.4005,load,1,-1,21670,48.0,0.0,49.0,0.109,,,,,,,,,
1789036486.3565,load,1,-1,21670,49.0,0.0,50.0,0.097,,,,,,,,,
1789036487.8643,load,1,-1,21670,50.0,0.0,51.0,0.095,,,,,,,,,
1789036488.2923,load,1,-1,21670,51.0,0.0,52.0,0.102,,,,,,,,,
1789036490.9136,load,1,-1,21670,52.0,0.0,53.0,0.099,,,,,,,,,
1789036491.1133,load,1,-1,21670,53.0,0.0,54.0,0.088,,,,,,,,,
1789036493.9227,load,1,-1,21670,54.0,0.0,55.0,0.083,,,,,,,,,
1789036494.0989,load,1,-1,21670,55.0,0.0,56.0,0.095,,,,,,,,,
1789036495.6427,load,1,-1,21670,56.0,0.0,57.0,0.095,,,,,,,,,
1789036496.2352,load,1,-1,21670,57.0,0.0,58.0,0.094,,,,,,,,,
1789036498.4459,load,1,-1,21670,58.0,0.0,59.0,0.147,,,,,,,,,
1789036498.6184,load,1,-1,21670,59.0,0.0,60.0,0.088,,,,,,,,,
1789036500.8617,load,1,-1,21670,60.0,0.0,61.0,0.108,,,,,,,,,
1789036501.1142,load,1,-1,21670,61.0,0.0,62.0,0.102,,,,,,,,,
1789036503.0569,load,1,-1,21670,62.0,0.0,63.0,0.093,,,,,,,,,
1789036503.4896,load,1,-1,21670,63.0,0.0,64.0,0.076,,,,,,,,,
1789036505.9067,load,1,-1,21670,64.0,0.0,65.0,0.099,,,,,,,,,
1789036506.0847,load,1,-1,21670,65.0,0.0,66.0,0.079,,,,,,,,,
1789036507.9732,load,1,-1,21670,66.0,0.0,67.0,0.088,,,,,,,,,
1789036508.8153,load,1,-1,21670,67.0,0.0,68.0,0.105,,,,,,,,,
1789036510.1276,load,1,-1,21670,68.0,0.0,69.0,0.111,,,,,,,,,
1789036511.6419,load,1,-1,21670,69.0,0.0,70.0,0.069,,,,,,,,,
1789036511.8975,load,1,-1,21670,70.0,0.0,71.0,0.105,,,,,,,,,
1789036513.3166,load,1,-1,21670,71.0,0.0,72.0,0.101,,,,,,,,,
1789036514.9366,load,1,-1,21670,72.0,0.0,73.0,0.085,,,,,,,,,
1789036515.8179,load,1,-1,21670,73.0,0.0,74.0,0.105,,,,,,,,,
1789036517.4753,load,1,-1,21670,74.0,0.0,75.0,0.122,,,,,,,,,
1789036517.8735,load,1,-1,21670,75.0,0.0,76.0,0.087,,,,,,,,,
1789036519.1599,load,1,-1,21670,76.0,0.0,77.0,0.111,,,,,,,,,
1789036520.3691,load,1,-1,21670,77.0,0.0,78.0,0.113,,,,,,,,,
1789036522.0276,load,1,-1,21670,78.0,0.0,79.0,0.109,,,,,,,,,
1789036522.4551,load,1,-1,21670,79.0,0.0,80.0,0.097,,,,,,,,,
1789036524.4957,load,1,-1,21670,80.0,0.0,81.0,0.097,,,,,,,,,
1789036525.1667,load,1,-1,21670,81.0,0.0,82.0,0.103,,,,,,,,,
1789036526.4578,load,1,-1,21670,82.0,0.0,83.0,0.095,,,,,,,,,
1789036527.639,load,1,-1,21670,83.0,0.0,84.0,0.096,,,,,,,,,
1789036529.31,load,1,-1,21670,84.0,0.0,85.0,0.078,,,,,,,,,
1789036529.4989,load,1,-1,21670,85.0,0.0,86.0,0.09,,,,,,,,,
1789036531.1275,load,1,-1,21670,86.0,0.0,87.0,0.103,,,,,,,,,
1789036532.5633,load,1,-1,21670,87.0,0.0,88.0,0.082,,,,,,,,,
1789036533.8305,load,1,-1,21670,88.0,0.0,89.0,0.096,,,,,,,,,
1789036534.1797,load,1,-1,21670,89.0,0.0,90.0,0.095,,,,,,,,,
1789036536.0409,load,1,-1,21670,90.0,0.0,91.0,0.082,,,,,,,,,
1789036536.5036,load,1,-1,21670,91.0,0.0,92.0,0.1,,,,,,,,,
1789036538.7623,load,1,-1,21670,92.0,0.0,93.0,0.102,,,,,,,,,
1789036539.1556,load,1,-1,21670,93.0,0.0,94.0,0.246,,,,,,,,,
1789036540.5702,load,1,-1,21670,94.0,0.0,95.0,0.096,,,,,,,,,
1789036541.0939,load,1,-1,21670,95.0,0.0,96.0,0.103,,,,,,,,,
1789036543.0191,load,1,-1,21670,96.0,0.0,97.0,0.129,,,,,,,,,
1789036544.1294,load,1,-1,21670,97.0,0.0,98.0,0.101,,,,,,,,,
1789036544.9449,load,1,-1,21670,98.0,0.0,99.0,0.1,,,,,,,,,
1789036547.0531,load,1,-1,21670,99.0,0.0,100.0,0.1,,,,,,,,,
1789036547.1998,load,1,-1,21670,100.0,0.0,101.0,0.108,,,,,,,,,
1789036549.5396,load,1,-1,21670,101.0,0.0,102.0,0.108,,,,,,,,,
1789036549.8803,load,1,-1,21670,102.0,0.0,103.0,0.084,,,,,,,,,
1789036551.9306,load,1,-1,21670,103.0,0.0,104.0,0.105,,,,,,,,,
1789036552.1017,load,1,-1,21670,104.0,0.0,105.0,0.107,,,,,,,,,
1789036554.4952,load,1,-1,21670,105.0,0.0,106.0,0.086,,,,,,,,,
1789036554.6067,load,1,-1,21670,106.0,0.0,107.0,0.104,,,,,,,,,
1789036556.89,load,1,-1,21670,107.0,0.0,108.0,0.126,,,,,,,,,
1789036557.3474,load,1,-1,21670,108.0,0.0,109.0,0.112,,,,,,,,,
1789036559.3658,load,1,-1,21670,109.0,0.0,110.0,0.533,,,,,,,,,
1789036559.514,load,1,-1,21670,110.0,0.0,111.0,0.147,,,,,,,,,
1789036562.6673,load,1,-1,21670,111.0,0.0,112.0,0.102,,,,,,,,,
1789036562.7995,load,1,-1,21670,112.0,0.0,113.0,0.107,,,,,,,,,
1789036564.4787,load,1,-1,21670,113.0,0.0,114.0,0.101,,,,,,,,,
1789036564.8884,load,1,-1,21670,114.0,0.0,115.0,0.112,,,,,,,,,
1789036567.1593,load,1,-1,21670,115.0,0.0,116.0,0.126,,,,,,,,,
1789036567.345,load,1,-1,21670,116.0,0.0,117.0,0.111,,,,,,,,,
1789036569.7174,load,1,-1,21670,117.0,0.0,118.0,0.095,,,,,,,,,
1789036569.8625,load,1,-1,21670,118.0,0.0,119.0,0.088,,,,,,,,,
1789036572.4134,load,1,-1,21670,119.0,0.0,120.0,0.11,,,,,,,,,
1789036572.8337,load,1,-1,21670,120.0,0.0,121.0,0.217,,,,,,,,,
1789036575.0185,load,1,-1,21670,121.0,0.0,122.0,0.149,,,,,,,,,
1789036575.1573,load,1,-1,21670,122.0,0.0,123.0,0.095,,,,,,,,,
1789036577.5729,load,1,-1,21670,123.0,0.0,124.0,0.086,,,,,,,,,
1789036577.7026,load,1,-1,21670,124.0,0.0,125.0,0.108,,,,,,,,,
1789036579.7237,load,1,-1,21670,125.0,0.0,126.0,0.109,,,,,,,,,
1789036580.2432,load,1,-1,21670,126.0,0.0,127.0,0.1,,,,,,,,,
1789036582.0054,load,1,-1,21670,127.0,0.0,128.0,0.144,,,,,,,,,
1789036582.2113,load,1,-1,21670,128.0,0.0,129.0,0.097,,,,,,,,,
1789036584.3974,load,1,-1,21670,129.0,0.0,130.0,0.092,,,,,,,,,
1789036584.5809,load,1,-1,21670,130.0,0.0,131.0,0.095,,,,,,,,,
1789036587.0002,load,1,-1,21670,131.0,0.0,132.0,0.152,,,,,,,,,
1789036587.4599,load,1,-1,21670,132.0,0.0,133.0,0.076,,,,,,,,,
1789036589.4964,load,1,-1,21670,133.0,0.0,134.0,0.119,,,,,,,,,
1789036589.6711,load,1,-1,21670,134.0,0.0,135.0,0.082,,,,,,,,,
1789036592.1663,load,1,-1,21670,135.0,0.0,136.0,0.12,,,,,,,,,
1789036592.3063,load,1,-1,21670,136.0,0.0,137.0,0.118,,,,,,,,,
1789036594.5433,load,1,-1,21670,137.0,0.0,138.0,0.101,,,,,,,,,
1789036595.0066,load,1,-1,21670,138.0,0.0,139.0,0.08,,,,,,,,,
1789036596.8993,load,1,-1,21670,139.0,0.0,140.0,0.105,,,,,,,,,
1789036597.0723,load,1,-1,21670,140.0,0.0,141.0,0.102,,,,,,,,,
1789036599.3149,load,1,-1,21670,141.0,0.0,142.0,0.112,,,,,,,,,
1789036599.4661,load,1,-1,21670,142.0,0.0,143.0,0.106,,,,,,,,,
1789036601.9972,load,1,-1,21670,143.0,0.0,144.0,0.115,,,,,,,,,
1789036602.3982,load,1,-1,21670,144.0,0.0,145.0,0.094,,,,,,,,,
1789036604.4056,load,1,-1,21670,145.0,0.0,146.0,0.126,,,,,,,,,
1789036604.5752,load,1,-1,21670,146.0,0.0,147.0,0.091,,,,,,,,,
1789036606.7224,load,1,-1,21670,147.0,0.0,148.0,0.212,,,,,,,,,
1789036606.8849,load,1,-1,21670,148.0,0.0,149.0,0.097,,,,,,,,,
1789036608.9548,load,1,-1,21670,149.0,0.0,150.0,0.098,,,,,,,,,
1789036609.3651,load,1,-1,21670,150.0,0.0,151.0,0.086,,,,,,,,,
1789036611.5357,load,1,-1,21670,151.0,0.0,152.0,0.099,,,,,,,,,
1789036611.7108,load,1,-1,21670,152.0,0.0,153.0,0.101,,,,,,,,,
1789036614.7725,load,1,-1,21670,153.0,0.0,154.0,0.097,,,,,,,,,
1789036614.8791,load,1,-1,21670,154.0,0.0,155.0,0.088,,,,,,,,,
1789036617.1609,load,1,-1,21670,155.0,0.0,156.0,0.094,,,,,,,,,
1789036617.5585,load,1,-1,21670,156.0,0.0,157.0,0.113,,,,,,,,,
1789036619.2494,load,1,-1,21670,157.0,0.0,158.0,0.102,,,,,,,,,
1789036619.426,load,1,-1,21670,158.0,0.0,159.0,0.085,,,,,,,,,
1789036621.7528,load,1,-1,21670,159.0,0.0,160.0,0.085,,,,,,,,,
1789036621.868,load,1,-1,21670,160.0,0.0,161.0,0.095,,,,,,,,,
1789036623.9532,load,1,-1,21670,161.0,0.0,162.0,0.124,,,,,,,,,
1789036624.3122,load,1,-1,21670,162.0,0.0,163.0,0.071,,,,,,,,,
1789036626.6164,load,1,-1,21670,163.0,0.0,164.0,0.104,,,,,,,,,
1789036626.7873,load,1,-1,21670,164.0,0.0,165.0,0.092,,,,,,,,,
1789036629.5358,load,1,-1,21670,165.0,0.0,166.0,0.09,,,,,,,,,
1789036629.6457,load,1,-1,21670,166.0,0.0,167.0,0.101,,,,,,,,,
1789036631.4953,load,1,-1,21670,167.0,0.0,168.0,0.103,,,,,,,,,
1789036631.9839,load,1,-1,21670,168.0,0.0,169.0,0.092,,,,,,,,,
1789036633.5637,load,1,-1,21670,169.0,0.0,170.0,0.111,,,,,,,,,
1789036633.7446,load,1,-1,21670,170.0,0.0,171.0,0.098,,,,,,,,,
1789036636.2268,load,1,-1,21670,171.0,0.0,172.0,0.117,,,,,,,,,
1789036636.3515,load,1,-1,21670,172.0,0.0,173.0,0.097,,,,,,,,,
1789036637.7074,load,1,-1,21670,173.0,0.0,174.0,0.098,,,,,,,,,
1789036638.1143,load,1,-1,21670,174.0,0.0,175.0,0.083,,,,,,,,,
1789036639.8388,load,1,-1,21670,175.0,0.0,176.0,0.101,,,,,,,,,
1789036640.0023,load,1,-1,21670,176.0,0.0,177.0,0.098,,,,,,,,,
1789036641.8899,load,1,-1,21670,177.0,0.0,178.0,0.089,,,,,,,,,
1789036642.0215,load,1,-1,21670,178.0,0.0,179.0,0.097,,,,,,,,,
1789036644.2446,load,1,-1,21670,179.0,0.0,180.0,0.099,,,,,,,,,
1789036644.6969,load,1,-1,21670,180.0,0.0,181.0,0.083,,,,,,,,,
1789036646.7301,load,1,-1,21670,181.0,0.0,182.0,0.104,,,,,,,,,
1789036646.8425,load,1,-1,21670,182.0,0.0,183.0,0.087,,,,,,,,,
1789036649.7226,load,1,-1,21670,183.0,0.0,184.0,0.095,,,,,,,,,
1789036649.832,load,1,-1,21670,184.0,0.0,185.0,0.087,,,,,,,,,
1789036652.1682,load,1,-1,21670,185.0,0.0,186.0,0.141,,,,,,,,,
1789036652.567,load,1,-1,21670,186.0,0.0,187.0,0.073,,,,,,,,,
1789036654.2483,load,1,-1,21670,187.0,0.0,188.0,0.129,,,,,,,,,
1789036654.4206,load,1,-1,21670,188.0,0.0,189.0,0.084,,,,,,,,,
1789036656.6353,load,1,-1,21670,189.0,0.0,190.0,0.09,,,,,,,,,
1789036656.7563,load,1,-1,21670,190.0,0.0,191.0,0.091,,,,,,,,,
1789036658.8655,load,1,-1,21670,191.0,0.0,192.0,0.107,,,,,,,,,
1789036659.2882,load,1,-1,21670,192.0,0.0,193.0,0.077,,,,,,,,,
1789036661.1551,load,1,-1,21670,193.0,0.0,194.0,0.1,,,,,,,,,
1789036661.315,load,1,-1,21670,194.0,0.0,195.0,0.085,,,,,,,,,
1789036663.9871,load,1,-1,21670,195.0,0.0,196.0,0.084,,,,,,,,,
1789036664.1349,load,1,-1,21670,196.0,0.0,197.0,0.086,,,,,,,,,
1789036666.4558,load,1,-1,21670,197.0,0.0,198.0,0.114,,,,,,,,,
1789036666.8638,load,1,-1,21670,198.0,0.0,199.0,0.077,,,,,,,,,
1789036668.735,load,1,-1,21670,199.0,0.0,200.0,0.106,,,,,,,,,
1789036668.9054,load,1,-1,21670,200.0,0.0,201.0,0.08,,,,,,,,,
1789036671.6914,load,1,-1,21670,201.0,0.0,202.0,0.111,,,,,,,,,
1789036671.8017,load,1,-1,21670,202.0,0.0,203.0,0.09,,,,,,,,,
1789036673.6602,load,1,-1,21670,203.0,0.0,204.0,0.114,,,,,,,,,
1789036674.0617,load,1,-1,21670,204.0,0.0,205.0,0.079,,,,,,,,,
1789036675.9662,load,1,-1,21670,205.0,0.0,206.0,0.096,,,,,,,,,
1789036676.1358,load,1,-1,21670,206.0,0.0,207.0,0.093,,,,,,,,,
1789036678.4881,load,1,-1,21670,207.0,0.0,208.0,0.078,,,,,,,,,
1789036678.595,load,1,-1,21670,208.0,0.0,209.0,0.096,,,,,,,,,
1789036680.996,load,1,-1,21670,209.0,0.0,210.0,0.094,,,,,,,,,
1789036681.4084,load,1,-1,21670,210.0,0.0,211.0,0.088,,,,,,,,,
1789036683.7256,load,1,-1,21670,211.0,0.0,212.0,0.118,,,,,,,,,
1789036683.8982,load,1,-1,21670,212.0,0.0,213.0,0.1,,,,,,,,,
1789036686.4702,load,1,-1,21670,213.0,0.0,214.0,0.083,,,,,,,,,
1789036686.5776,load,1,-1,21670,214.0,0.0,215.0,0.12,,,,,,,,,
1789036688.6678,load,1,-1,21670,215.0,0.0,216.0,0.096,,,,,,,,,
1789036689.0674,load,1,-1,21670,216.0,0.0,217.0,0.092,,,,,,,,,
1789036691.59,load,1,-1,21670,217.0,0.0,218.0,0.116,,,,,,,,,
1789036691.7793,load,1,-1,21670,218.0,0.0,219.0,0.091,,,,,,,,,
1789036693.906,load,1,-1,21670,219.0,0.0,220.0,0.081,,,,,,,,,
1789036694.0424,load,1,-1,21670,220.0,0.0,221.0,0.09,,,,,,,,,
1789036695.8778,load,1,-1,21670,221.0,0.0,222.0,0.098,,,,,,,,,
1789036696.2429,load,1,-1,21670,222.0,0.0,223.0,0.085,,,,,,,,,
1789036698.0341,load,1,-1,21670,223.0,0.0,224.0,0.098,,,,,,,,,
1789036698.205,load,1,-1,21670,224.0,0.0,225.0,0.093,,,,,,,,,
1789036699.9996,load,1,-1,21670,225.0,0.0,226.0,0.115,,,,,,,,,
1789036700.1192,load,1,-1,21670,226.0,0.0,227.0,0.093,,,,,,,,,
1789036702.2117,load,1,-1,21670,227.0,0.0,228.0,0.098,,,,,,,,,
1789036702.623,load,1,-1,21670,228.0,0.0,229.0,0.072,,,,,,,,,
1789036704.4436,load,1,-1,21670,229.0,0.0,230.0,0.099,,,,,,,,,
1789036704.6156,load,1,-1,21670,230.0,0.0,231.0,0.08,,,,,,,,,
1789036707.1498,load,1,-1,21670,231.0,0.0,232.0,0.1,,,,,,,,,
1789036707.2807,load,1,-1,21670,232.0,0.0,233.0,0.092,,,,,,,,,
1789036709.425,load,1,-1,21670,233.0,0.0,234.0,0.11,,,,,,,,,
1789036709.8295,load,1,-1,21670,234.0,0.0,235.0,0.113,,,,,,,,,
1789036712.0745,load,1,-1,21670,235.0,0.0,236.0,0.102,,,,,,,,,
1789036712.2469,load,1,-1,21670,236.0,0.0,237.0,0.085,,,,,,,,,
1789036714.6988,load,1,-1,21670,237.0,0.0,238.0,0.102,,,,,,,,,
1789036714.8717,load,1,-1,21670,238.0,0.0,239.0,0.101,,,,,,,,,
1789036716.9834,load,1,-1,21670,239.0,0.0,240.0,0.113,,,,,,,,,
1789036717.4099,load,1,-1,21670,240.0,0.0,241.0,0.073,,,,,,,,,
1789036719.7488,load,1,-1,21670,241.0,0.0,242.0,0.111,,,,,,,,,
1789036719.8594,load,1,-1,21670,242.0,0.0,243.0,0.087,,,,,,,,,
1789036722.1107,load,1,-1,21670,243.0,0.0,244.0,0.218,,,,,,,,,
1789036722.2203,load,1,-1,21670,244.0,0.0,245.0,0.091,,,,,,,,,
1789036723.7532,load,1,-1,21670,245.0,0.0,246.0,0.126,,,,,,,,,
1789036724.1586,load,1,-1,21670,246.0,0.0,247.0,0.077,,,,,,,,,
1789036726.7431,load,1,-1,21670,247.0,0.0,248.0,0.123,,,,,,,,,
1789036726.9138,load,1,-1,21670,248.0,0.0,249.0,0.083,,,,,,,,,
1789036729.2928,load,1,-1,21670,249.0,0.0,250.0,0.081,,,,,,,,,
1789036729.4011,load,1,-1,21670,250.0,0.0,251.0,0.097,,,,,,,,,
1789036731.6511,load,1,-1,21670,251.0,0.0,252.0,0.119,,,,,,,,,
1789036732.0563,load,1,-1,21670,252.0,0.0,253.0,0.105,,,,,,,,,
1789036734.385,load,1,-1,21670,253.0,0.0,254.0,0.122,,,,,,,,,
1789036734.5543,load,1,-1,21670,254.0,0.0,255.0,0.096,,,,,,,,,
1789036736.8751,load,1,-1,21670,255.0,0.0,256.0,0.086,,,,,,,,,
1789036736.9866,load,1,-1,21670,256.0,0.0,257.0,0.11,,,,,,,,,
1789036739.2518,load,1,-1,21670,257.0,0.0,258.0,0.113,,,,,,,,,
1789036739.7334,load,1,-1,21670,258.0,0.0,259.0,0.08,,,,,,,,,
1789036741.479,load,1,-1,21670,259.0,0.0,260.0,0.116,,,,,,,,,
1789036741.6633,load,1,-1,21670,260.0,0.0,261.0,0.095,,,,,,,,,
1789036744.3561,load,1,-1,21670,261.0,0.0,262.0,0.159,,,,,,,,,
1789036744.4787,load,1,-1,21670,262.0,0.0,263.0,0.101,,,,,,,,,
1789036746.0755,load,1,-1,21670,263.0,0.0,264.0,0.109,,,,,,,,,
1789036746.4796,load,1,-1,21670,264.0,0.0,265.0,0.077,,,,,,,,,
1789036747.9494,load,1,-1,21670,265.0,0.0,266.0,0.124,,,,,,,,,
1789036748.1223,load,1,-1,21670,266.0,0.0,267.0,0.101,,,,,,,,,
1789036750.402,load,1,-1,21670,267.0,0.0,268.0,0.09,,,,,,,,,
1789036750.5509,load,1,-1,21670,268.0,0.0,269.0,0.094,,,,,,,,,
1789036753.2998,load,1,-1,21670,269.0,0.0,270.0,0.115,,,,,,,,,
1789036753.7426,load,1,-1,21670,270.0,0.0,271.0,0.084,,,,,,,,,
1789036755.1458,load,1,-1,21670,271.0,0.0,272.0,0.118,,,,,,,,,
1789036755.3187,load,1,-1,21670,272.0,0.0,273.0,0.09,,,,,,,,,
1789036757.9388,load,1,-1,21670,273.0,0.0,274.0,0.12,,,,,,,,,
1789036758.1007,load,1,-1,21670,274.0,0.0,275.0,0.089,,,,,,,,,
1789036759.8073,load,1,-1,21670,275.0,0.0,276.0,0.115,,,,,,,,,
1789036760.2399,load,1,-1,21670,276.0,0.0,277.0,0.087,,,,,,,,,
1789036762.2389,load,1,-1,21670,277.0,0.0,278.0,0.109,,,,,,,,,
1789036762.4112,load,1,-1,21670,278.0,0.0,279.0,0.104,,,,,,,,,
1789036764.8446,load,1,-1,21670,279.0,0.0,280.0,0.376,,,,,,,,,
1789036765.0072,load,1,-1,21670,280.0,0.0,281.0,0.108,,,,,,,,,
1789036767.009,load,1,-1,21670,281.0,0.0,282.0,0.118,,,,,,,,,
1789036767.3843,load,1,-1,21670,282.0,0.0,283.0,0.097,,,,,,,,,
1789036769.9457,load,1,-1,21670,283.0,0.0,284.0,0.1,,,,,,,,,
1789036770.1196,load,1,-1,21670,284.0,0.0,285.0,0.131,,,,,,,,,
1789036773.1529,load,1,-1,21670,285.0,0.0,286.0,0.084,,,,,,,,,
1789036773.3105,load,1,-1,21670,286.0,0.0,287.0,0.102,,,,,,,,,
1789036775.5594,load,1,-1,21670,287.0,0.0,288.0,0.103,,,,,,,,,
1789036775.9583,load,1,-1,21670,288.0,0.0,289.0,0.086,,,,,,,,,
1789036777.9726,load,1,-1,21670,289.0,0.0,290.0,0.1,,,,,,,,,
1789036778.1446,load,1,-1,21670,290.0,0.0,291.0,0.103,,,,,,,,,
1789036780.0675,load,1,-1,21670,291.0,0.0,292.0,0.086,,,,,,,,,
1789036780.1846,load,1,-1,21670,292.0,0.0,293.0,0.11,,,,,,,,,
1789036782.4447,load,1,-1,21670,293.0,0.0,294.0,0.112,,,,,,,,,
1789036782.8675,load,1,-1,21670,294.0,0.0,295.0,0.095,,,,,,,,,
1789036784.9281,load,1,-1,21670,295.0,0.0,296.0,0.115,,,,,,,,,
1789036785.1157,load,1,-1,21670,296.0,0.0,297.0,0.103,,,,,,,,,
1789036787.5792,load,1,-1,21670,297.0,0.0,298.0,0.105,,,,,,,,,
1789036787.6881,load,1,-1,21670,298.0,0.0,299.0,0.105,,,,,,,,,
1789036789.817,load,1,-1,21670,299.0,0.0,300.0,0.103,,,,,,,,,
1789036790.2152,load,1,-1,21670,300.0,0.0,301.0,0.083,,,,,,,,,
1789036792.2322,load,1,-1,21670,301.0,0.0,302.0,0.132,,,,,,,,,
1789036792.3433,load,1,-1,21670,302.0,0.0,303.0,0.104,,,,,,,,,
1789036795.1733,load,1,-1,21670,303.0,0.0,304.0,0.081,,,,,,,,,
1789036795.2857,load,1,-1,21670,304.0,0.0,305.0,0.112,,,,,,,,,
1789036797.7572,load,1,-1,21670,305.0,0.0,306.0,0.112,,,,,,,,,
1789036798.188,load,1,-1,21670,306.0,0.0,307.0,0.101,,,,,,,,,
1789036800.2519,load,1,-1,21670,307.0,0.0,308.0,0.135,,,,,,,,,
1789036800.4238,load,1,-1,21670,308.0,0.0,309.0,0.113,,,,,,,,,
1789036802.9679,load,1,-1,21670,309.0,0.0,310.0,0.076,,,,,,,,,
1789036803.1128,load,1,-1,21670,310.0,0.0,311.0,0.098,,,,,,,,,
1789036804.9204,load,1,-1,21670,311.0,0.0,312.0,0.119,,,,,,,,,
1789036805.2931,load,1,-1,21670,312.0,0.0,313.0,0.087,,,,,,,,,
1789036807.054,load,1,-1,21670,313.0,0.0,314.0,0.131,,,,,,,,,
1789036807.253,load,1,-1,21670,314.0,0.0,315.0,0.09,,,,,,,,,
1789036809.6188,load,1,-1,21670,315.0,0.0,316.0,0.099,,,,,,,,,
1789036809.7413,load,1,-1,21670,316.0,0.0,317.0,0.107,,,,,,,,,
1789036811.7827,load,1,-1,21670,317.0,0.0,318.0,0.106,,,,,,,,,
1789036812.2191,load,1,-1,21670,318.0,0.0,319.0,0.081,,,,,,,,,
1789036814.4898,load,1,-1,21670,319.0,0.0,320.0,0.128,,,,,,,,,
1789036814.6774,load,1,-1,21670,320.0,0.0,321.0,0.108,,,,,,,,,
1789036817.437,load,1,-1,21670,321.0,0.0,322.0,0.121,,,,,,,,,
1789036817.5596,load,1,-1,21670,322.0,0.0,323.0,0.137,,,,,,,,,
1789036819.9067,load,1,-1,21670,323.0,0.0,324.0,0.101,,,,,,,,,
1789036820.3519,load,1,-1,21670,324.0,0.0,325.0,0.081,,,,,,,,,
1789036822.068,load,1,-1,21670,325.0,0.0,326.0,0.107,,,,,,,,,
1789036822.2647,load,1,-1,21670,326.0,0.0,327.0,0.088,,,,,,,,,
1789036824.7769,load,1,-1,21670,327.0,0.0,328.0,0.098,,,,,,,,,
1789036824.9392,load,1,-1,21670,328.0,0.0,329.0,0.104,,,,,,,,,
1789036826.7847,load,1,-1,21670,329.0,0.0,330.0,0.101,,,,,,,,,
1789036827.1843,load,1,-1,21670,330.0,0.0,331.0,0.118,,,,,,,,,
1789036829.296,load,1,-1,21670,331.0,0.0,332.0,0.099,,,,,,,,,
1789036829.4691,load,1,-1,21670,332.0,0.0,333.0,0.095,,,,,,,,,
1789036831.9247,load,1,-1,21670,333.0,0.0,334.0,0.087,,,,,,,,,
1789036832.0434,load,1,-1,21670,334.0,0.0,335.0,0.09,,,,,,,,,
1789036834.1741,load,1,-1,21670,335.0,0.0,336.0,0.1,,,,,,,,,
1789036834.636,load,1,-1,21670,336.0,0.0,337.0,0.083,,,,,,,,,
1789036836.6573,load,1,-1,21670,337.0,0.0,338.0,0.115,,,,,,,,,
1789036836.8334,load,1,-1,21670,338.0,0.0,339.0,0.098,,,,,,,,,
1789036839.0462,load,1,-1,21670,339.0,0.0,340.0,0.106,,,,,,,,,
1789036839.1598,load,1,-1,21670,340.0,0.0,341.0,0.085,,,,,,,,,
1789036840.962,load,1,-1,21670,341.0,0.0,342.0,0.119,,,,,,,,,
1789036841.3208,load,1,-1,21670,342.0,0.0,343.0,0.086,,,,,,,,,
1789036842.9758,load,1,-1,21670,343.0,0.0,344.0,0.106,,,,,,,,,
1789036843.146,load,1,-1,21670,344.0,0.0,345.0,0.111,,,,,,,,,
1789036845.3603,load,1,-1,21670,345.0,0.0,346.0,0.081,,,,,,,,,
1789036845.4676,load,1,-1,21670,346.0,0.0,347.0,0.094,,,,,,,,,
1789036847.9242,load,1,-1,21670,347.0,0.0,348.0,0.129,,,,,,,,,
1789036848.353,load,1,-1,21670,348.0,0.0,349.0,0.083,,,,,,,,,
1789036850.3011,load,1,-1,21670,349.0,0.0,350.0,0.107,,,,,,,,,
1789036850.4949,load,1,-1,21670,350.0,0.0,351.0,0.099,,,,,,,,,
1789036853.0618,load,1,-1,21670,351.0,0.0,352.0,0.108,,,,,,,,,
1789036853.2067,load,1,-1,21670,352.0,0.0,353.0,0.083,,,,,,,,,
1789036855.2838,load,1,-1,21670,353.0,0.0,354.0,0.114,,,,,,,,,
1789036855.6848,load,1,-1,21670,354.0,0.0,355.0,0.11,,,,,,,,,
1789036858.1283,load,1,-1,21670,355.0,0.0,356.0,0.12,,,,,,,,,
1789036858.2925,load,1,-1,21670,356.0,0.0,357.0,0.097,,,,,,,,,
1789036861.0314,load,1,-1,21670,357.0,0.0,358.0,0.075,,,,,,,,,
1789036861.4825,load,1,-1,21670,358.0,0.0,359.0,0.105,,,,,,,,,
1789036863.1495,load,1,-1,21670,359.0,0.0,360.0,0.105,,,,,,,,,
1789036863.596,load,1,-1,21670,360.0,0.0,361.0,0.082,,,,,,,,,
1789036865.4695,load,1,-1,21670,361.0,0.0,362.0,0.101,,,,,,,,,
1789036865.6253,load,1,-1,21670,362.0,0.0,363.0,0.096,,,,,,,,,
1789036867.4834,load,1,-1,21670,363.0,0.0,364.0,0.092,,,,,,,,,
1789036867.5898,load,1,-1,21670,364.0,0.0,365.0,0.104,,,,,,,,,
1789036869.9312,load,1,-1,21670,365.0,0.0,366.0,0.116,,,,,,,,,
1789036870.3419,load,1,-1,21670,366.0,0.0,367.0,0.086,,,,,,,,,
1789036872.532,load,1,-1,21670,367.0,0.0,368.0,0.138,,,,,,,,,
1789036872.7039,load,1,-1,21670,368.0,0.0,369.0,0.111,,,,,,,,,
1789036875.2222,load,1,-1,21670,369.0,0.0,370.0,0.086,,,,,,,,,
1789036875.3474,load,1,-1,21670,370.0,0.0,371.0,0.145,,,,,,,,,
1789036876.6748,load,1,-1,21670,371.0,0.0,372.0,0.124,,,,,,,,,
1789036877.0755,load,1,-1,21670,372.0,0.0,373.0,0.082,,,,,,,,,
1789036879.7696,load,1,-1,21670,373.0,0.0,374.0,0.111,,,,,,,,,
1789036879.957,load,1,-1,21670,374.0,0.0,375.0,0.096,,,,,,,,,
1789036882.1967,load,1,-1,21670,375.0,0.0,376.0,0.228,,,,,,,,,
1789036882.3165,load,1,-1,21670,376.0,0.0,377.0,0.099,,,,,,,,,
1789036884.2488,load,1,-1,21670,377.0,0.0,378.0,0.127,,,,,,,,,
1789036884.6641,load,1,-1,21670,378.0,0.0,379.0,0.078,,,,,,,,,
1789036885.9488,load,1,-1,21670,379.0,0.0,380.0,0.117,,,,,,,,,
1789036886.1453,load,1,-1,21670,380.0,0.0,381.0,0.099,,,,,,,,,
1789036888.3962,load,1,-1,21670,381.0,0.0,382.0,0.163,,,,,,,,,
1789036888.5085,load,1,-1,21670,382.0,0.0,383.0,0.1,,,,,,,,,
1789036890.5042,load,1,-1,21670,383.0,0.0,384.0,0.111,,,,,,,,,
1789036890.9068,load,1,-1,21670,384.0,0.0,385.0,0.073,,,,,,,,,
1789036892.5423,load,1,-1,21670,385.0,0.0,386.0,0.102,,,,,,,,,
1789036892.7156,load,1,-1,21670,386.0,0.0,387.0,0.096,,,,,,,,,
1789036895.6078,load,1,-1,21670,387.0,0.0,388.0,0.081,,,,,,,,,
1789036895.7156,load,1,-1,21670,388.0,0.0,389.0,0.098,,,,,,,,,
1789036897.5938,load,1,-1,21670,389.0,0.0,390.0,0.106,,,,,,,,,
1789036898.0087,load,1,-1,21670,390.0,0.0,391.0,0.088,,,,,,,,,
1789036900.6856,load,1,-1,21670,391.0,0.0,392.0,0.128,,,,,,,,,
1789036900.8564,load,1,-1,21670,392.0,0.0,393.0,0.104,,,,,,,,,
1789036903.3257,load,1,-1,21670,393.0,0.0,394.0,0.091,,,,,,,,,
1789036903.783,load,1,-1,21670,394.0,0.0,395.0,0.122,,,,,,,,,
1789036905.0955,load,1,-1,21670,395.0,0.0,396.0,0.144,,,,,,,,,
1789036905.5798,load,1,-1,21670,396.0,0.0,397.0,0.094,,,,,,,,,
1789036907.9489,load,1,-1,21670,397.0,0.0,398.0,0.114,,,,,,,,,
1789036908.1201,load,1,-1,21670,398.0,0.0,399.0,0.095,,,,,,,,,
1789036910.7081,load,1,-1,21670,399.0,0.0,400.0,0.082,,,,,,,,,
1789036910.8637,load,1,-1,21670,400.0,0.0,401.0,0.116,,,,,,,,,
1789036912.5906,load,1,-1,21670,401.0,0.0,402.0,0.131,,,,,,,,,
1789036912.9553,load,1,-1,21670,402.0,0.0,403.0,0.071,,,,,,,,,
1789036914.4361,load,1,-1,21670,403.0,0.0,404.0,0.105,,,,,,,,,
1789036914.6081,load,1,-1,21670,404.0,0.0,405.0,0.084,,,,,,,,,
1789036917.1267,load,1,-1,21670,405.0,0.0,406.0,0.098,,,,,,,,,
1789036917.248,load,1,-1,21670,406.0,0.0,407.0,0.091,,,,,,,,,
1789036919.2279,load,1,-1,21670,407.0,0.0,408.0,0.12,,,,,,,,,
1789036919.6752,load,1,-1,21670,408.0,0.0,409.0,0.107,,,,,,,,,
1789036921.9366,load,1,-1,21670,409.0,0.0,410.0,0.129,,,,,,,,,
1789036922.1267,load,1,-1,21670,410.0,0.0,411.0,0.094,,,,,,,,,
1789036925.1048,load,1,-1,21670,411.0,0.0,412.0,0.1,,,,,,,,,
1789036925.267,load,1,-1,21670,412.0,0.0,413.0,0.104,,,,,,,,,
1789036927.6709,load,1,-1,21670,413.0,0.0,414.0,0.103,,,,,,,,,
1789036928.0693,load,1,-1,21670,414.0,0.0,415.0,0.07,,,,,,,,,
1789036930.2272,load,1,-1,21670,415.0,0.0,416.0,0.101,,,,,,,,,
1789036930.3996,load,1,-1,21670,416.0,0.0,417.0,0.084,,,,,,,,,
1789036933.0014,load,1,-1,21670,417.0,0.0,418.0,0.087,,,,,,,,,
1789036933.1373,load,1,-1,21670,418.0,0.0,419.0,0.075,,,,,,,,,
1789036935.6422,load,1,-1,21670,419.0,0.0,420.0,0.113,,,,,,,,,
1789036936.0557,load,1,-1,21670,420.0,0.0,421.0,0.067,,,,,,,,,
1789036937.7806,load,1,-1,21670,421.0,0.0,422.0,0.103,,,,,,,,,
1789036937.8919,load,1,-1,21670,422.0,0.0,423.0,0.096,,,,,,,,,
1789036939.9763,load,1,-1,21670,423.0,0.0,424.0,0.086,,,,,,,,,
1789036940.0971,load,1,-1,21670,424.0,0.0,425.0,0.111,,,,,,,,,
1789036942.3076,load,1,-1,21670,425.0,0.0,426.0,0.102,,,,,,,,,
1789036942.7209,load,1,-1,21670,426.0,0.0,427.0,0.08,,,,,,,,,
1789036944.7283,load,1,-1,21670,427.0,0.0,428.0,0.124,,,,,,,,,
1789036944.8984,load,1,-1,21670,428.0,0.0,429.0,0.087,,,,,,,,,
1789036947.2885,load,1,-1,21670,429.0,0.0,430.0,0.092,,,,,,,,,
1789036947.3991,load,1,-1,21670,430.0,0.0,431.0,0.092,,,,,,,,,
1789036950.1218,load,1,-1,21670,431.0,0.0,432.0,0.113,,,,,,,,,
1789036950.5251,load,1,-1,21670,432.0,0.0,433.0,0.091,,,,,,,,,
1789036952.957,load,1,-1,21670,433.0,0.0,434.0,0.118,,,,,,,,,
1789036953.1364,load,1,-1,21670,434.0,0.0,435.0,0.106,,,,,,,,,
1789036955.7629,load,1,-1,21670,435.0,0.0,436.0,0.104,,,,,,,,,
1789036955.9234,load,1,-1,21670,436.0,0.0,437.0,0.101,,,,,,,,,
1789036957.8488,load,1,-1,21670,437.0,0.0,438.0,0.102,,,,,,,,,
1789036958.2609,load,1,-1,21670,438.0,0.0,439.0,0.1,,,,,,,,,
1789036960.2579,load,1,-1,21670,439.0,0.0,440.0,0.107,,,,,,,,,
1789036960.4426,load,1,-1,21670,440.0,0.0,441.0,0.096,,,,,,,,,
1789036963.3072,load,1,-1,21670,441.0,0.0,442.0,0.108,,,,,,,,,
1789036963.4173,load,1,-1,21670,442.0,0.0,443.0,0.083,,,,,,,,,
1789036965.4095,load,1,-1,21670,443.0,0.0,444.0,0.102,,,,,,,,,
1789036965.8368,load,1,-1,21670,444.0,0.0,445.0,0.089,,,,,,,,,
1789036967.883,load,1,-1,21670,445.0,0.0,446.0,0.105,,,,,,,,,
1789036968.0927,load,1,-1,21670,446.0,0.0,447.0,0.14,,,,,,,,,
1789036970.5452,load,1,-1,21670,447.0,0.0,448.0,0.089,,,,,,,,,
1789036970.6604,load,1,-1,21670,448.0,0.0,449.0,0.11,,,,,,,,,
1789036972.1248,load,1,-1,21670,449.0,0.0,450.0,0.12,,,,,,,,,
1789036972.544,load,1,-1,21670,450.0,0.0,451.0,0.095,,,,,,,,,
1789036974.6787,load,1,-1,21670,451.0,0.0,452.0,0.107,,,,,,,,,
1789036974.8726,load,1,-1,21670,452.0,0.0,453.0,0.094,,,,,,,,,
1789036977.1876,load,1,-1,21670,453.0,0.0,454.0,0.126,,,,,,,,,
1789036977.3442,load,1,-1,21670,454.0,0.0,455.0,0.099,,,,,,,,,
1789036978.8967,load,1,-1,21670,455.0,0.0,456.0,0.1,,,,,,,,,
1789036979.3165,load,1,-1,21670,456.0,0.0,457.0,0.081,,,,,,,,,
1789036981.4909,load,1,-1,21670,457.0,0.0,458.0,0.096,,,,,,,,,
1789036981.6617,load,1,-1,21670,458.0,0.0,459.0,0.109,,,,,,,,,
1789036984.417,load,1,-1,21670,459.0,0.0,460.0,0.082,,,,,,,,,
1789036984.5287,load,1,-1,21670,460.0,0.0,461.0,0.093,,,,,,,,,
1789036986.6082,load,1,-1,21670,461.0,0.0,462.0,0.107,,,,,,,,,
1789036986.9772,load,1,-1,21670,462.0,0.0,463.0,0.078,,,,,,,,,
1789036989.2445,load,1,-1,21670,463.0,0.0,464.0,0.109,,,,,,,,,
1789036989.4264,load,1,-1,21670,464.0,0.0,465.0,0.112,,,,,,,,,
1789036991.8297,load,1,-1,21670,465.0,0.0,466.0,0.082,,,,,,,,,
1789036991.9806,load,1,-1,21670,466.0,0.0,467.0,0.097,,,,,,,,,
1789036994.0045,load,1,-1,21670,467.0,0.0,468.0,0.118,,,,,,,,,
1789036994.4791,load,1,-1,21670,468.0,0.0,469.0,0.079,,,,,,,,,
1789036995.9716,load,1,-1,21670,469.0,0.0,470.0,0.116,,,,,,,,,
1789036996.1452,load,1,-1,21670,470.0,0.0,471.0,0.096,,,,,,,,,
1789036998.9186,load,1,-1,21670,471.0,0.0,472.0,0.1,,,,,,,,,
1789036999.0814,load,1,-1,21670,472.0,0.0,473.0,0.083,,,,,,,,,
1789037000.7569,load,1,-1,21670,473.0,0.0,474.0,0.122,,,,,,,,,
1789037001.1552,load,1,-1,21670,474.0,0.0,475.0,0.071,,,,,,,,,
1789037003.3042,load,1,-1,21670,475.0,0.0,476.0,0.125,,,,,,,,,
1789037003.4738,load,1,-1,21670,476.0,0.0,477.0,0.11,,,,,,,,,
1789037005.6743,load,1,-1,21670,477.0,0.0,478.0,0.082,,,,,,,,,
1789037005.82,load,1,-1,21670,478.0,0.0,479.0,0.102,,,,,,,,,
1789037007.8243,load,1,-1,21670,479.0,0.0,480.0,0.118,,,,,,,,,
1789037008.2166,load,1,-1,21670,480.0,0.0,481.0,0.08,,,,,,,,,
1789037010.4424,load,1,-1,21670,481.0,0.0,482.0,0.127,,,,,,,,,
1789037010.5526,load,1,-1,21670,482.0,0.0,483.0,0.096,,,,,,,,,
1789037012.5914,load,1,-1,21670,483.0,0.0,484.0,0.077,,,,,,,,,
1789037012.7343,load,1,-1,21670,484.0,0.0,485.0,0.096,,,,,,,,,
1789037014.9676,load,1,-1,21670,485.0,0.0,486.0,0.096,,,,,,,,,
1789037015.6339,load,1,-1,21670,486.0,0.0,487.0,0.085,,,,,,,,,
1789037017.3489,load,1,-1,21670,487.0,0.0,488.0,0.105,,,,,,,,,
1789037018.2463,load,1,-1,21670,488.0,0.0,489.0,0.1,,,,,,,,,
1789037020.5528,load,1,-1,21670,489.0,0.0,490.0,0.082,,,,,,,,,
1789037020.7053,load,1,-1,21670,490.0,0.0,491.0,0.102,,,,,,,,,
1789037022.6879,load,1,-1,21670,491.0,0.0,492.0,0.117,,,,,,,,,
1789037023.6246,load,1,-1,21670,492.0,0.0,493.0,0.096,,,,,,,,,
1789037024.7454,load,1,-1,21670,493.0,0.0,494.0,0.113,,,,,,,,,
1789037025.575,load,1,-1,21670,494.0,0.0,495.0,0.11,,,,,,,,,
1789037027.4476,load,1,-1,21670,495.0,0.0,496.0,0.099,,,,,,,,,
1789037028.0881,load,1,-1,21670,496.0,0.0,497.0,0.1,,,,,,,,,
1789037030.1219,load,1,-1,21670,497.0,0.0,498.0,0.127,,,,,,,,,
1789037030.5358,load,1,-1,21670,498.0,0.0,499.0,0.087,,,,,,,,,
1789037032.8264,load,1,-1,21670,499.0,0.0,500.0,0.107,,,,,,,,,
1789037033.0181,load,1,-1,21670,500.0,0.0,501.0,0.107,,,,,,,,,
1789037035.6769,load,1,-1,21670,501.0,0.0,502.0,0.103,,,,,,,,,
1789037035.7899,load,1,-1,21670,502.0,0.0,503.0,0.104,,,,,,,,,
1789037038.0057,load,1,-1,21670,503.0,0.0,504.0,0.247,,,,,,,,,
1789037038.4022,load,1,-1,21670,504.0,0.0,505.0,0.078,,,,,,,,,
1789037040.7533,load,1,-1,21670,505.0,0.0,506.0,0.098,,,,,,,,,
1789037040.938,load,1,-1,21670,506.0,0.0,507.0,0.098,,,,,,,,,
1789037043.4332,load,1,-1,21670,507.0,0.0,508.0,0.091,,,,,,,,,
1789037043.5771,load,1,-1,21670,508.0,0.0,509.0,0.084,,,,,,,,,
1789037045.0846,load,1,-1,21670,509.0,0.0,510.0,0.123,,,,,,,,,
1789037046.182,load,1,-1,21670,510.0,0.0,511.0,0.073,,,,,,,,,
1789037047.5426,load,1,-1,21670,511.0,0.0,512.0,0.119,,,,,,,,,
1789037048.0098,load,1,-1,21670,512.0,0.0,513.0,0.09,,,,,,,,,
1789037050.4047,load,1,-1,21670,513.0,0.0,514.0,0.092,,,,,,,,,
1789037050.9258,load,1,-1,21670,514.0,0.0,515.0,0.088,,,,,,,,,
1789037052.4192,load,1,-1,21670,515.0,0.0,516.0,0.106,,,,,,,,,
1789037053.7379,load,1,-1,21670,516.0,0.0,517.0,0.108,,,,,,,,,
1789037054.8908,load,1,-1,21670,517.0,0.0,518.0,0.141,,,,,,,,,
1789037055.6458,load,1,-1,21670,518.0,0.0,519.0,0.111,,,,,,,,,
1789037058.1393,load,1,-1,21670,519.0,0.0,520.0,0.082,,,,,,,,,
1789037058.5221,load,1,-1,21670,520.0,0.0,521.0,0.102,,,,,,,,,
1789037060.5555,load,1,-1,21670,521.0,0.0,522.0,0.119,,,,,,,,,
1789037061.125,load,1,-1,21670,522.0,0.0,523.0,0.102,,,,,,,,,
1789037062.5966,load,1,-1,21670,523.0,0.0,524.0,0.131,,,,,,,,,
1789037063.28,load,1,-1,21670,524.0,0.0,525.0,0.091,,,,,,,,,
1789037064.9832,load,1,-1,21670,525.0,0.0,526.0,0.093,,,,,,,,,
1789037066.2062,load,1,-1,21670,526.0,0.0,527.0,0.098,,,,,,,,,
1789037067.0512,load,1,-1,21670,527.0,0.0,528.0,0.109,,,,,,,,,
1789037069.0579,load,1,-1,21670,528.0,0.0,529.0,0.129,,,,,,,,,
1789037069.9912,load,1,-1,21670,529.0,0.0,530.0,0.113,,,,,,,,,
1789037071.144,load,1,-1,21670,530.0,0.0,531.0,0.113,,,,,,,,,
1789037072.6343,load,1,-1,21670,531.0,0.0,532.0,0.094,,,,,,,,,
1789037073.5285,load,1,-1,21670,532.0,0.0,533.0,0.112,,,,,,,,,
1789037074.8358,load,1,-1,21670,533.0,0.0,534.0,0.109,,,,,,,,,
1789037076.4098,load,1,-1,21670,534.0,0.0,535.0,0.089,,,,,,,,,
1789037077.4339,load,1,-1,21670,535.0,0.0,536.0,0.098,,,,,,,,,
1789037078.8146,load,1,-1,21670,536.0,0.0,537.0,0.094,,,,,,,,,
1789037080.2596,load,1,-1,21670,537.0,0.0,538.0,0.082,,,,,,,,,
1789037081.2415,load,1,-1,21670,538.0,0.0,539.0,0.103,,,,,,,,,
1789037082.8874,load,1,-1,21670,539.0,0.0,540.0,0.131,,,,,,,,,
1789037083.268,load,1,-1,21670,540.0,0.0,541.0,0.097,,,,,,,,,
1789037085.3674,load,1,-1,21670,541.0,0.0,542.0,0.107,,,,,,,,,
1789037085.4793,load,1,-1,21670,542.0,0.0,543.0,0.101,,,,,,,,,
1789037088.1705,load,1,-1,21670,543.0,0.0,544.0,0.121,,,,,,,,,
1789037088.3039,load,1,-1,21670,544.0,0.0,545.0,0.102,,,,,,,,,
1789037090.7154,load,1,-1,21670,545.0,0.0,546.0,0.098,,,,,,,,,
1789037091.1136,load,1,-1,21670,546.0,0.0,547.0,0.089,,,,,,,,,
1789037093.2263,load,1,-1,21670,547.0,0.0,548.0,0.107,,,,,,,,,
1789037093.3955,load,1,-1,21670,548.0,0.0,549.0,0.089,,,,,,,,,
1789037096.0403,load,1,-1,21670,549.0,0.0,550.0,0.087,,,,,,,,,
1789037096.2147,load,1,-1,21670,550.0,0.0,551.0,0.1,,,,,,,,,
1789037097.9967,load,1,-1,21670,551.0,0.0,552.0,0.104,,,,,,,,,
1789037098.3998,load,1,-1,21670,552.0,0.0,553.0,0.082,,,,,,,,,
1789037099.7669,load,1,-1,21670,553.0,0.0,554.0,0.098,,,,,,,,,
1789037099.9431,load,1,-1,21670,554.0,0.0,555.0,0.105,,,,,,,,,
1789037103.2025,load,1,-1,21670,555.0,0.0,556.0,0.093,,,,,,,,,
1789037103.3105,load,1,-1,21670,556.0,0.0,557.0,0.099,,,,,,,,,
1789037105.1648,load,1,-1,21670,557.0,0.0,558.0,0.125,,,,,,,,,
1789037105.5617,load,1,-1,21670,558.0,0.0,559.0,0.116,,,,,,,,,
1789037107.5605,load,1,-1,21670,559.0,0.0,560.0,0.105,,,,,,,,,
1789037107.7321,load,1,-1,21670,560.0,0.0,561.0,0.105,,,,,,,,,
1789037110.5759,load,1,-1,21670,561.0,0.0,562.0,0.105,,,,,,,,,
1789037110.6857,load,1,-1,21670,562.0,0.0,563.0,0.094,,,,,,,,,
1789037112.2803,load,1,-1,21670,563.0,0.0,564.0,0.113,,,,,,,,,
1789037112.6765,load,1,-1,21670,564.0,0.0,565.0,0.089,,,,,,,,,
1789037114.5203,load,1,-1,21670,565.0,0.0,566.0,0.117,,,,,,,,,
1789037114.6953,load,1,-1,21670,566.0,0.0,567.0,0.114,,,,,,,,,
1789037117.2826,load,1,-1,21670,567.0,0.0,568.0,0.088,,,,,,,,,
1789037117.3985,load,1,-1,21670,568.0,0.0,569.0,0.103,,,,,,,,,
1789037119.8222,load,1,-1,21670,569.0,0.0,570.0,0.104,,,,,,,,,
1789037120.2219,load,1,-1,21670,570.0,0.0,571.0,0.083,,,,,,,,,
1789037122.0139,load,1,-1,21670,571.0,0.0,572.0,0.112,,,,,,,,,
1789037122.1848,load,1,-1,21670,572.0,0.0,573.0,0.104,,,,,,,,,
1789037124.6472,load,1,-1,21670,573.0,0.0,574.0,0.101,,,,,,,,,
1789037124.7699,load,1,-1,21670,574.0,0.0,575.0,0.086,,,,,,,,,
1789037126.8307,load,1,-1,21670,575.0,0.0,576.0,0.125,,,,,,,,,
1789037127.228,load,1,-1,21670,576.0,0.0,577.0,0.097,,,,,,,,,
1789037129.4661,load,1,-1,21670,577.0,0.0,578.0,0.097,,,,,,,,,
1789037129.6383,load,1,-1,21670,578.0,0.0,579.0,0.09,,,,,,,,,
1789037132.3568,load,1,-1,21670,579.0,0.0,580.0,0.084,,,,,,,,,
1789037132.5017,load,1,-1,21670,580.0,0.0,581.0,0.095,,,,,,,,,
1789037134.5714,load,1,-1,21670,581.0,0.0,582.0,0.098,,,,,,,,,
1789037134.9296,load,1,-1,21670,582.0,0.0,583.0,0.083,,,,,,,,,
1789037136.5786,load,1,-1,21670,583.0,0.0,584.0,0.098,,,,,,,,,
1789037136.7492,load,1,-1,21670,584.0,0.0,585.0,0.098,,,,,,,,,
1789037139.6736,load,1,-1,21670,585.0,0.0,586.0,0.08,,,,,,,,,
1789037139.792,load,1,-1,21670,586.0,0.0,587.0,0.087,,,,,,,,,
1789037142.2874,load,1,-1,21670,587.0,0.0,588.0,0.112,,,,,,,,,
1789037142.6886,load,1,-1,21670,588.0,0.0,589.0,0.169,,,,,,,,,
1789037144.5073,load,1,-1,21670,589.0,0.0,590.0,0.099,,,,,,,,,
1789037144.6844,load,1,-1,21670,590.0,0.0,591.0,0.101,,,,,,,,,
1789037147.1908,load,1,-1,21670,591.0,0.0,592.0,0.099,,,,,,,,,
1789037147.3566,load,1,-1,21670,592.0,0.0,593.0,0.099,,,,,,,,,
1789037149.3813,load,1,-1,21670,593.0,0.0,594.0,0.102,,,,,,,,,
1789037149.8192,load,1,-1,21670,594.0,0.0,595.0,0.108,,,,,,,,,
1789037151.2525,load,1,-1,21670,595.0,0.0,596.0,0.104,,,,,,,,,
1789037151.4249,load,1,-1,21670,596.0,0.0,597.0,0.082,,,,,,,,,
1789037153.7051,load,1,-1,21670,597.0,0.0,598.0,0.087,,,,,,,,,
1789037153.8392,load,1,-1,21670,598.0,0.0,599.0,0.082,,,,,,,,,
1789037155.903,load,1,-1,21670,599.0,0.0,600.0,0.112,,,,,,,,,
1789037156.2983,load,1,-1,21670,600.0,0.0,601.0,0.069,,,,,,,,,
1789037158.2922,load,1,-1,21670,601.0,0.0,602.0,0.106,,,,,,,,,
1789037158.4013,load,1,-1,21670,602.0,0.0,603.0,0.08,,,,,,,,,
1789037160.8883,load,1,-1,21670,603.0,0.0,604.0,0.101,,,,,,,,,
1789037161.0547,load,1,-1,21670,604.0,0.0,605.0,0.079,,,,,,,,,
1789037163.0338,load,1,-1,21670,605.0,0.0,606.0,0.102,,,,,,,,,
1789037163.4648,load,1,-1,21670,606.0,0.0,607.0,0.068,,,,,,,,,
1789037165.8833,load,1,-1,21670,607.0,0.0,608.0,0.119,,,,,,,,,
1789037166.0569,load,1,-1,21670,608.0,0.0,609.0,0.099,,,,,,,,,
1789037168.7891,load,1,-1,21670,609.0,0.0,610.0,0.227,,,,,,,,,
1789037168.8954,load,1,-1,21670,610.0,0.0,611.0,0.084,,,,,,,,,
1789037171.1742,load,1,-1,21670,611.0,0.0,612.0,0.109,,,,,,,,,
1789037171.5757,load,1,-1,21670,612.0,0.0,613.0,0.073,,,,,,,,,
1789037173.2037,load,1,-1,21670,613.0,0.0,614.0,0.109,,,,,,,,,
1789037173.3772,load,1,-1,21670,614.0,0.0,615.0,0.079,,,,,,,,,
1789037175.9043,load,1,-1,21670,615.0,0.0,616.0,0.103,,,,,,,,,
1789037176.0397,load,1,-1,21670,616.0,0.0,617.0,0.096,,,,,,,,,
1789037178.0693,load,1,-1,21670,617.0,0.0,618.0,0.13,,,,,,,,,
1789037178.5005,load,1,-1,21670,618.0,0.0,619.0,0.084,,,,,,,,,
1789037180.6297,load,1,-1,21670,619.0,0.0,620.0,0.098,,,,,,,,,
1789037180.8198,load,1,-1,21670,620.0,0.0,621.0,0.163,,,,,,,,,
1789037183.826,load,1,-1,21670,621.0,0.0,622.0,0.115,,,,,,,,,
1789037183.9376,load,1,-1,21670,622.0,0.0,623.0,0.114,,,,,,,,,
1789037185.5817,load,1,-1,21670,623.0,0.0,624.0,0.12,,,,,,,,,
1789037186.0156,load,1,-1,21670,624.0,0.0,625.0,0.072,,,,,,,,,
1789037187.6385,load,1,-1,21670,625.0,0.0,626.0,0.102,,,,,,,,,
1789037187.81,load,1,-1,21670,626.0,0.0,627.0,0.099,,,,,,,,,
1789037189.7199,load,1,-1,21670,627.0,0.0,628.0,0.106,,,,,,,,,
1789037189.8307,load,1,-1,21670,628.0,0.0,629.0,0.106,,,,,,,,,
1789037192.1326,load,1,-1,21670,629.0,0.0,630.0,0.12,,,,,,,,,
1789037192.5409,load,1,-1,21670,630.0,0.0,631.0,0.096,,,,,,,,,
1789037194.3822,load,1,-1,21670,631.0,0.0,632.0,0.143,,,,,,,,,
1789037194.5514,load,1,-1,21670,632.0,0.0,633.0,0.109,,,,,,,,,
1789037196.869,load,1,-1,21670,633.0,0.0,634.0,0.092,,,,,,,,,
1789037196.9868,load,1,-1,21670,634.0,0.0,635.0,0.098,,,,,,,,,
1789037198.0677,load,1,-1,21670,635.0,0.0,636.0,0.106,,,,,,,,,
1789037198.4726,load,1,-1,21670,636.0,0.0,637.0,0.075,,,,,,,,,
1789037200.3231,load,1,-1,21670,637.0,0.0,638.0,0.112,,,,,,,,,
1789037200.622,load,1,-1,21670,638.0,0.0,639.0,0.087,,,,,,,,,
1789037203.0718,load,1,-1,21670,639.0,0.0,640.0,0.093,,,,,,,,,
1789037203.445,load,1,-1,21670,640.0,0.0,641.0,0.097,,,,,,,,,
1789037204.9173,load,1,-1,21670,641.0,0.0,642.0,0.123,,,,,,,,,
1789037206.6932,load,1,-1,21670,642.0,0.0,643.0,0.229,,,,,,,,,
1789037207.3546,load,1,-1,21670,643.0,0.0,644.0,0.111,,,,,,,,,
1789037208.2001,load,1,-1,21670,644.0,0.0,645.0,0.127,,,,,,,,,
1789037209.6699,load,1,-1,21670,645.0,0.0,646.0,0.094,,,,,,,,,
1789037210.1162,load,1,-1,21670,646.0,0.0,647.0,0.116,,,,,,,,,
1789037211.6522,load,1,-1,21670,647.0,0.0,648.0,0.13,,,,,,,,,
1789037212.9827,load,1,-1,21670,648.0,0.0,649.0,0.091,,,,,,,,,
1789037214.027,load,1,-1,21670,649.0,0.0,650.0,0.129,,,,,,,,,
1789037215.9449,load,1,-1,21670,650.0,0.0,651.0,0.103,,,,,,,,,
1789037216.8045,load,1,-1,21670,651.0,0.0,652.0,0.108,,,,,,,,,
1789037217.9993,load,1,-1,21670,652.0,0.0,653.0,0.094,,,,,,,,,
1789037218.4111,load,1,-1,21670,653.0,0.0,654.0,0.101,,,,,,,,,
1789037220.5317,load,1,-1,21670,654.0,0.0,655.0,0.084,,,,,,,,,
1789037220.9033,load,1,-1,21670,655.0,0.0,656.0,0.128,,,,,,,,,
1789037223.0927,load,1,-1,21670,656.0,0.0,657.0,0.11,,,,,,,,,
1789037223.4855,load,1,-1,21670,657.0,0.0,658.0,0.118,,,,,,,,,
1789037225.2107,load,1,-1,21670,658.0,0.0,659.0,0.105,,,,,,,,,
1789037225.4211,load,1,-1,21670,659.0,0.0,660.0,0.121,,,,,,,,,
1789037227.2305,load,1,-1,21670,660.0,0.0,661.0,0.077,,,,,,,,,
1789037227.717,load,1,-1,21670,661.0,0.0,662.0,0.116,,,,,,,,,
1789037228.9779,load,1,-1,21670,662.0,0.0,663.0,0.103,,,,,,,,,
1789037230.2427,load,1,-1,21670,663.0,0.0,664.0,0.109,,,,,,,,,
1789037231.3127,load,1,-1,21670,664.0,0.0,665.0,0.1,,,,,,,,,
1789037232.0931,load,1,-1,21670,665.0,0.0,666.0,0.128,,,,,,,,,
1789037233.5887,load,1,-1,21670,666.0,0.0,667.0,0.099,,,,,,,,,
1789037234.9839,load,1,-1,21670,667.0,0.0,668.0,0.114,,,,,,,,,
1789037235.6293,load,1,-1,21670,668.0,0.0,669.0,0.114,,,,,,,,,
1789037237.7476,load,1,-1,21670,669.0,0.0,670.0,0.133,,,,,,,,,
1789037238.398,load,1,-1,21670,670.0,0.0,671.0,0.101,,,,,,,,,
1789037240.4822,load,1,-1,21670,671.0,0.0,672.0,0.109,,,,,,,,,
1789037240.8729,load,1,-1,21670,672.0,0.0,673.0,0.082,,,,,,,,,
1789037243.1417,load,1,-1,21670,673.0,0.0,674.0,0.101,,,,,,,,,
1789037243.3122,load,1,-1,21670,674.0,0.0,675.0,0.109,,,,,,,,,
1789037245.8211,load,1,-1,21670,675.0,0.0,676.0,0.311,,,,,,,,,
1789037245.9996,load,1,-1,21670,676.0,0.0,677.0,0.113,,,,,,,,,
1789037247.7775,load,1,-1,21670,677.0,0.0,678.0,0.117,,,,,,,,,
1789037248.1732,load,1,-1,21670,678.0,0.0,679.0,0.12,,,,,,,,,
1789037250.5711,load,1,-1,21670,679.0,0.0,680.0,0.102,,,,,,,,,
1789037250.7416,load,1,-1,21670,680.0,0.0,681.0,0.096,,,,,,,,,
1789037253.625,load,1,-1,21670,681.0,0.0,682.0,0.108,,,,,,,,,
1789037253.7356,load,1,-1,21670,682.0,0.0,683.0,0.092,,,,,,,,,
1789037255.6084,load,1,-1,21670,683.0,0.0,684.0,0.138,,,,,,,,,
1789037256.0397,load,1,-1,21670,684.0,0.0,685.0,0.083,,,,,,,,,
1789037258.1057,load,1,-1,21670,685.0,0.0,686.0,0.117,,,,,,,,,
1789037258.2773,load,1,-1,21670,686.0,0.0,687.0,0.161,,,,,,,,,
1789037260.551,load,1,-1,21670,687.0,0.0,688.0,0.092,,,,,,,,,
1789037260.7171,load,1,-1,21670,688.0,0.0,689.0,0.108,,,,,,,,,
1789037262.5681,load,1,-1,21670,689.0,0.0,690.0,0.106,,,,,,,,,
1789037262.9996,load,1,-1,21670,690.0,0.0,691.0,0.086,,,,,,,,,
1789037265.0946,load,1,-1,21670,691.0,0.0,692.0,0.108,,,,,,,,,
1789037265.2853,load,1,-1,21670,692.0,0.0,693.0,0.101,,,,,,,,,
1789037267.78,load,1,-1,21670,693.0,0.0,694.0,0.105,,,,,,,,,
1789037267.8874,load,1,-1,21670,694.0,0.0,695.0,0.092,,,,,,,,,
1789037269.1222,load,1,-1,21670,695.0,0.0,696.0,0.121,,,,,,,,,
1789037269.5973,load,1,-1,21670,696.0,0.0,697.0,0.22,,,,,,,,,
1789037271.9124,load,1,-1,21670,697.0,0.0,698.0,0.136,,,,,,,,,
1789037272.0985,load,1,-1,21670,698.0,0.0,699.0,0.097,,,,,,,,,
1789037274.9542,load,1,-1,21670,699.0,0.0,700.0,1.84,,,,,,,,,
1789037275.0687,load,1,-1,21670,700.0,0.0,701.0,0.09,,,,,,,,,
1789037276.6913,load,1,-1,21670,701.0,0.0,702.0,0.108,,,,,,,,,
1789037277.0407,load,1,-1,21670,702.0,0.0,703.0,0.09,,,,,,,,,
1789037279.1931,load,1,-1,21670,703.0,0.0,704.0,0.125,,,,,,,,,
1789037279.3744,load,1,-1,21670,704.0,0.0,705.0,0.099,,,,,,,,,
1789037281.9184,load,1,-1,21670,705.0,0.0,706.0,0.086,,,,,,,,,
1789037282.0824,load,1,-1,21670,706.0,0.0,707.0,0.097,,,,,,,,,
1789037284.0286,load,1,-1,21670,707.0,0.0,708.0,0.112,,,,,,,,,
1789037284.4497,load,1,-1,21670,708.0,0.0,709.0,0.09,,,,,,,,,
1789037286.5609,load,1,-1,21670,709.0,0.0,710.0,0.107,,,,,,,,,
1789037286.7337,load,1,-1,21670,710.0,0.0,711.0,0.113,,,,,,,,,
1789037288.8577,load,1,-1,21670,711.0,0.0,712.0,0.11,,,,,,,,,
1789037289.0116,load,1,-1,21670,712.0,0.0,713.0,0.093,,,,,,,,,
1789037291.0567,load,1,-1,21670,713.0,0.0,714.0,0.14,,,,,,,,,
1789037291.4993,load,1,-1,21670,714.0,0.0,715.0,0.1,,,,,,,,,
1789037293.2437,load,1,-1,21670,715.0,0.0,716.0,0.1,,,,,,,,,
1789037293.7886,load,1,-1,21670,716.0,0.0,717.0,0.112,,,,,,,,,
1789037295.9623,load,1,-1,21670,717.0,0.0,718.0,0.08,,,,,,,,,
1789037296.7714,load,1,-1,21670,718.0,0.0,719.0,0.26,,,,,,,,,
1789037298.3586,load,1,-1,21670,719.0,0.0,720.0,0.115,,,,,,,,,
1789037299.4033,load,1,-1,21670,720.0,0.0,721.0,0.085,,,,,,,,,
1789037301.2535,load,1,-1,21670,721.0,0.0,722.0,0.144,,,,,,,,,
1789037302.0492,load,1,-1,21670,722.0,0.0,723.0,0.12,,,,,,,,,
1789037303.4967,load,1,-1,21670,723.0,0.0,724.0,0.109,,,,,,,,,
1789037303.8056,load,1,-1,21670,724.0,0.0,725.0,0.108,,,,,,,,,
1789037305.788,load,1,-1,21670,725.0,0.0,726.0,0.141,,,,,,,,,
1789037306.6233,load,1,-1,21670,726.0,0.0,727.0,0.09,,,,,,,,,
1789037308.4066,load,1,-1,21670,727.0,0.0,728.0,0.122,,,,,,,,,
1789037309.2655,load,1,-1,21670,728.0,0.0,729.0,0.121,,,,,,,,,
1789037310.7952,load,1,-1,21670,729.0,0.0,730.0,0.105,,,,,,,,,
1789037311.583,load,1,-1,21670,730.0,0.0,731.0,0.119,,,,,,,,,
1789037313.0296,load,1,-1,21670,731.0,0.0,732.0,0.117,,,,,,,,,
1789037314.5474,load,1,-1,21670,732.0,0.0,733.0,0.111,,,,,,,,,
1789037315.4709,load,1,-1,21670,733.0,0.0,734.0,0.117,,,,,,,,,
1789037316.8555,load,1,-1,21670,734.0,0.0,735.0,0.119,,,,,,,,,
1789037318.2569,load,1,-1,21670,735.0,0.0,736.0,0.097,,,,,,,,,
1789037319.3719,load,1,-1,21670,736.0,0.0,737.0,0.153,,,,,,,,,
1789037320.6769,load,1,-1,21670,737.0,0.0,738.0,0.111,,,,,,,,,
1789037321.7901,load,1,-1,21670,738.0,0.0,739.0,0.085,,,,,,,,,
1789037322.9281,load,1,-1,21670,739.0,0.0,740.0,0.114,,,,,,,,,
1789037323.7794,load,1,-1,21670,740.0,0.0,741.0,0.114,,,,,,,,,
1789037325.7819,load,1,-1,21670,741.0,0.0,742.0,0.105,,,,,,,,,
1789037326.6037,load,1,-1,21670,742.0,0.0,743.0,0.113,,,,,,,,,
1789037327.8932,load,1,-1,21670,743.0,0.0,744.0,0.114,,,,,,,,,
1789037328.626,load,1,-1,21670,744.0,0.0,745.0,0.1,,,,,,,,,
1789037330.3478,load,1,-1,21670,745.0,0.0,746.0,0.101,,,,,,,,,
1789037331.2578,load,1,-1,21670,746.0,0.0,747.0,0.133,,,,,,,,,
1789037332.7516,load,1,-1,21670,747.0,0.0,748.0,0.091,,,,,,,,,
1789037333.9561,load,1,-1,21670,748.0,0.0,749.0,0.1,,,,,,,,,
1789037334.8933,load,1,-1,21670,749.0,0.0,750.0,0.121,,,,,,,,,
1789037336.5239,load,1,-1,21670,750.0,0.0,751.0,0.084,,,,,,,,,
1789037337.4653,load,1,-1,21670,751.0,0.0,752.0,0.116,,,,,,,,,
1789037338.5846,load,1,-1,21670,752.0,0.0,753.0,0.111,,,,,,,,,
1789037339.4652,load,1,-1,21670,753.0,0.0,754.0,0.222,,,,,,,,,
1789037340.7199,load,1,-1,21670,754.0,0.0,755.0,0.104,,,,,,,,,
1789037342.1298,load,1,-1,21670,755.0,0.0,756.0,0.115,,,,,,,,,
1789037343.1999,load,1,-1,21670,756.0,0.0,757.0,0.115,,,,,,,,,
1789037345.1109,load,1,-1,21670,757.0,0.0,758.0,0.115,,,,,,,,,
1789037345.3229,load,1,-1,21670,758.0,0.0,759.0,0.11,,,,,,,,,
1789037346.9813,load,1,-1,21670,759.0,0.0,760.0,0.082,,,,,,,,,
1789037347.9677,load,1,-1,21670,760.0,0.0,761.0,0.107,,,,,,,,,
1789037349.5674,load,1,-1,21670,761.0,0.0,762.0,0.099,,,,,,,,,
1789037350.7512,load,1,-1,21670,762.0,0.0,763.0,0.088,,,,,,,,,
1789037352.0999,load,1,-1,21670,763.0,0.0,764.0,0.11,,,,,,,,,
1789037352.7541,load,1,-1,21670,764.0,0.0,765.0,0.099,,,,,,,,,
1789037354.089,load,1,-1,21670,765.0,0.0,766.0,0.097,,,,,,,,,
1789037355.4513,load,1,-1,21670,766.0,0.0,767.0,0.107,,,,,,,,,
1789037356.404,load,1,-1,21670,767.0,0.0,768.0,0.111,,,,,,,,,
1789037357.831,load,1,-1,21670,768.0,0.0,769.0,0.1,,,,,,,,,
1789037358.2747,load,1,-1,21670,769.0,0.0,770.0,0.091,,,,,,,,,
1789037359.613,load,1,-1,21670,770.0,0.0,771.0,0.098,,,,,,,,,
1789037361.2739,load,1,-1,21670,771.0,0.0,772.0,0.084,,,,,,,,,
1789037362.729,load,1,-1,21670,772.0,0.0,773.0,0.1,,,,,,,,,
1789037363.6424,load,1,-1,21670,773.0,0.0,774.0,0.109,,,,,,,,,
1789037365.5484,load,1,-1,21670,774.0,0.0,775.0,0.109,,,,,,,,,
1789037366.2618,load,1,-1,21670,775.0,0.0,776.0,0.124,,,,,,,,,
1789037367.4057,load,1,-1,21670,776.0,0.0,777.0,0.105,,,,,,,,,
1789037369.1197,load,1,-1,21670,777.0,0.0,778.0,0.089,,,,,,,,,
1789037369.2458,load,1,-1,21670,778.0,0.0,779.0,0.109,,,,,,,,,
1789037370.8414,load,1,-1,21670,779.0,0.0,780.0,0.107,,,,,,,,,
1789037372.0561,load,1,-1,21670,780.0,0.0,781.0,0.097,,,,,,,,,
1789037373.6563,load,1,-1,21670,781.0,0.0,782.0,0.146,,,,,,,,,
1789037374.8682,load,1,-1,21670,782.0,0.0,783.0,0.139,,,,,,,,,
1789037375.9173,load,1,-1,21670,783.0,0.0,784.0,0.085,,,,,,,,,
1789037377.4966,load,1,-1,21670,784.0,0.0,785.0,0.097,,,,,,,,,
1789037377.9493,load,1,-1,21670,785.0,0.0,786.0,0.098,,,,,,,,,
1789037380.4236,load,1,-1,21670,786.0,0.0,787.0,0.091,,,,,,,,,
1789037380.5962,load,1,-1,21670,787.0,0.0,788.0,0.149,,,,,,,,,
1789037382.7773,load,1,-1,21670,788.0,0.0,789.0,0.159,,,,,,,,,
1789037383.6111,load,1,-1,21670,789.0,0.0,790.0,0.088,,,,,,,,,
1789037385.1609,load,1,-1,21670,790.0,0.0,791.0,0.108,,,,,,,,,
1789037385.8884,load,1,-1,21670,791.0,0.0,792.0,0.103,,,,,,,,,
1789037388.0461,load,1,-1,21670,792.0,0.0,793.0,0.089,,,,,,,,,
1789037388.1908,load,1,-1,21670,793.0,0.0,794.0,0.087,,,,,,,,,
1789037389.7773,load,1,-1,21670,794.0,0.0,795.0,0.099,,,,,,,,,
1789037390.1797,load,1,-1,21670,795.0,0.0,796.0,0.098,,,,,,,,,
1789037391.884,load,1,-1,21670,796.0,0.0,797.0,0.125,,,,,,,,,
1789037392.387,load,1,-1,21670,797.0,0.0,798.0,0.099,,,,,,,,,
1789037394.678,load,1,-1,21670,798.0,0.0,799.0,0.106,,,,,,,,,
1789037394.9056,load,1,-1,21670,799.0,0.0,800.0,0.115,,,,,,,,,
1789037397.3943,load,1,-1,21670,800.0,0.0,801.0,0.133,,,,,,,,,
1789037397.8746,load,1,-1,21670,801.0,0.0,802.0,0.103,,,,,,,,,
1789037399.4419,load,1,-1,21670,802.0,0.0,803.0,0.107,,,,,,,,,
1789037399.612,load,1,-1,21670,803.0,0.0,804.0,0.098,,,,,,,,,
1789037402.103,load,1,-1,21670,804.0,0.0,805.0,0.094,,,,,,,,,
1789037402.3143,load,1,-1,21670,805.0,0.0,806.0,0.125,,,,,,,,,
1789037404.8461,load,1,-1,21670,806.0,0.0,807.0,0.129,,,,,,,,,
1789037405.2645,load,1,-1,21670,807.0,0.0,808.0,0.087,,,,,,,,,
1789037407.3687,load,1,-1,21670,808.0,0.0,809.0,0.104,,,,,,,,,
1789037407.5525,load,1,-1,21670,809.0,0.0,810.0,0.096,,,,,,,,,
1789037410.3727,load,1,-1,21670,810.0,0.0,811.0,0.089,,,,,,,,,
1789037410.4911,load,1,-1,21670,811.0,0.0,812.0,0.093,,,,,,,,,
1789037412.4051,load,1,-1,21670,812.0,0.0,813.0,0.109,,,,,,,,,
1789037412.8306,load,1,-1,21670,813.0,0.0,814.0,0.091,,,,,,,,,
1789037414.6644,load,1,-1,21670,814.0,0.0,815.0,0.104,,,,,,,,,
1789037414.8377,load,1,-1,21670,815.0,0.0,816.0,0.1,,,,,,,,,
1789037417.6023,load,1,-1,21670,816.0,0.0,817.0,0.126,,,,,,,,,
1789037417.7317,load,1,-1,21670,817.0,0.0,818.0,0.102,,,,,,,,,
1789037419.5265,load,1,-1,21670,818.0,0.0,819.0,0.104,,,,,,,,,
1789037419.9334,load,1,-1,21670,819.0,0.0,820.0,0.092,,,,,,,,,
1789037421.8939,load,1,-1,21670,820.0,0.0,821.0,0.105,,,,,,,,,
1789037422.1784,load,1,-1,21670,821.0,0.0,822.0,0.151,,,,,,,,,
1789037424.7484,load,1,-1,21670,822.0,0.0,823.0,0.1,,,,,,,,,
1789037424.8794,load,1,-1,21670,823.0,0.0,824.0,0.116,,,,,,,,,
1789037427.0252,load,1,-1,21670,824.0,0.0,825.0,0.118,,,,,,,,,
1789037427.4279,load,1,-1,21670,825.0,0.0,826.0,0.094,,,,,,,,,
1789037429.6507,load,1,-1,21670,826.0,0.0,827.0,0.105,,,,,,,,,
1789037429.8235,load,1,-1,21670,827.0,0.0,828.0,0.126,,,,,,,,,
1789037432.0044,load,1,-1,21670,828.0,0.0,829.0,0.104,,,,,,,,,
1789037432.1183,load,1,-1,21670,829.0,0.0,830.0,0.089,,,,,,,,,
1789037434.2097,load,1,-1,21670,830.0,0.0,831.0,0.129,,,,,,,,,
1789037434.6144,load,1,-1,21670,831.0,0.0,832.0,0.072,,,,,,,,,
1789037436.8063,load,1,-1,21670,832.0,0.0,833.0,0.109,,,,,,,,,
1789037436.9828,load,1,-1,21670,833.0,0.0,834.0,0.091,,,,,,,,,
1789037439.607,load,1,-1,21670,834.0,0.0,835.0,0.083,,,,,,,,,
1789037439.7159,load,1,-1,21670,835.0,0.0,836.0,0.092,,,,,,,,,
1789037441.8053,load,1,-1,21670,836.0,0.0,837.0,0.131,,,,,,,,,
1789037442.2186,load,1,-1,21670,837.0,0.0,838.0,0.078,,,,,,,,,
1789037444.3478,load,1,-1,21670,838.0,0.0,839.0,0.12,,,,,,,,,
1789037444.526,load,1,-1,21670,839.0,0.0,840.0,0.099,,,,,,,,,
1789037446.5305,load,1,-1,21670,840.0,0.0,841.0,0.095,,,,,,,,,
1789037446.7536,load,1,-1,21670,841.0,0.0,842.0,0.132,,,,,,,,,
1789037449.0069,load,1,-1,21670,842.0,0.0,843.0,0.112,,,,,,,,,
1789037449.4546,load,1,-1,21670,843.0,0.0,844.0,0.083,,,,,,,,,
1789037451.8837,load,1,-1,21670,844.0,0.0,845.0,0.117,,,,,,,,,
1789037452.0576,load,1,-1,21670,845.0,0.0,846.0,0.1,,,,,,,,,
1789037454.7402,load,1,-1,21670,846.0,0.0,847.0,0.08,,,,,,,,,
1789037454.8801,load,1,-1,21670,847.0,0.0,848.0,0.106,,,,,,,,,
1789037457.7249,load,1,-1,21670,848.0,0.0,849.0,0.115,,,,,,,,,
1789037458.1389,load,1,-1,21670,849.0,0.0,850.0,0.228,,,,,,,,,
1789037460.189,load,1,-1,21670,850.0,0.0,851.0,0.144,,,,,,,,,
1789037460.3916,load,1,-1,21670,851.0,0.0,852.0,0.112,,,,,,,,,
1789037463.0679,load,1,-1,21670,852.0,0.0,853.0,0.141,,,,,,,,,
1789037463.2048,load,1,-1,21670,853.0,0.0,854.0,0.096,,,,,,,,,
1789037464.9666,load,1,-1,21670,854.0,0.0,855.0,0.101,,,,,,,,,
1789037465.4211,load,1,-1,21670,855.0,0.0,856.0,0.084,,,,,,,,,
1789037467.95,load,1,-1,21670,856.0,0.0,857.0,0.108,,,,,,,,,
1789037468.1266,load,1,-1,21670,857.0,0.0,858.0,0.086,,,,,,,,,
1789037470.8434,load,1,-1,21670,858.0,0.0,859.0,0.086,,,,,,,,,
1789037470.9878,load,1,-1,21670,859.0,0.0,860.0,0.101,,,,,,,,,
1789037473.3119,load,1,-1,21670,860.0,0.0,861.0,0.099,,,,,,,,,
1789037473.8193,load,1,-1,21670,861.0,0.0,862.0,0.127,,,,,,,,,
1789037475.7725,load,1,-1,21670,862.0,0.0,863.0,0.106,,,,,,,,,
1789037475.9543,load,1,-1,21670,863.0,0.0,864.0,0.115,,,,,,,,,
1789037478.0819,load,1,-1,21670,864.0,0.0,865.0,0.101,,,,,,,,,
1789037478.197,load,1,-1,21670,865.0,0.0,866.0,0.099,,,,,,,,,
1789037479.9734,load,1,-1,21670,866.0,0.0,867.0,0.105,,,,,,,,,
1789037480.4268,load,1,-1,21670,867.0,0.0,868.0,0.081,,,,,,,,,
1789037482.1608,load,1,-1,21670,868.0,0.0,869.0,0.14,,,,,,,,,
1789037482.3356,load,1,-1,21670,869.0,0.0,870.0,0.153,,,,,,,,,
1789037484.9229,load,1,-1,21670,870.0,0.0,871.0,0.094,,,,,,,,,
1789037485.0324,load,1,-1,21670,871.0,0.0,872.0,0.121,,,,,,,,,
1789037487.8508,load,1,-1,21670,872.0,0.0,873.0,0.099,,,,,,,,,
1789037488.2516,load,1,-1,21670,873.0,0.0,874.0,0.102,,,,,,,,,
1789037490.8027,load,1,-1,21670,874.0,0.0,875.0,0.108,,,,,,,,,
1789037490.9715,load,1,-1,21670,875.0,0.0,876.0,0.11,,,,,,,,,
1789037493.2946,load,1,-1,21670,876.0,0.0,877.0,0.103,,,,,,,,,
1789037493.4355,load,1,-1,21670,877.0,0.0,878.0,0.123,,,,,,,,,
1789037495.3418,load,1,-1,21670,878.0,0.0,879.0,0.087,,,,,,,,,
1789037495.7497,load,1,-1,21670,879.0,0.0,880.0,0.088,,,,,,,,,
1789037497.7118,load,1,-1,21670,880.0,0.0,881.0,0.107,,,,,,,,,
1789037497.9546,load,1,-1,21670,881.0,0.0,882.0,0.104,,,,,,,,,
1789037500.6961,load,1,-1,21670,882.0,0.0,883.0,0.094,,,,,,,,,
1789037500.8071,load,1,-1,21670,883.0,0.0,884.0,0.115,,,,,,,,,
1789037502.5034,load,1,-1,21670,884.0,0.0,885.0,0.113,,,,,,,,,
1789037502.9343,load,1,-1,21670,885.0,0.0,886.0,0.107,,,,,,,,,
1789037505.503,load,1,-1,21670,886.0,0.0,887.0,0.101,,,,,,,,,
1789037505.6975,load,1,-1,21670,887.0,0.0,888.0,0.1,,,,,,,,,
1789037508.5024,load,1,-1,21670,888.0,0.0,889.0,0.092,,,,,,,,,
1789037508.6215,load,1,-1,21670,889.0,0.0,890.0,0.085,,,,,,,,,
1789037510.7588,load,1,-1,21670,890.0,0.0,891.0,0.114,,,,,,,,,
1789037511.2044,load,1,-1,21670,891.0,0.0,892.0,0.468,,,,,,,,,
1789037512.6692,load,1,-1,21670,892.0,0.0,893.0,0.14,,,,,,,,,
1789037512.8413,load,1,-1,21670,893.0,0.0,894.0,0.116,,,,,,,,,
1789037515.1952,load,1,-1,21670,894.0,0.0,895.0,0.085,,,,,,,,,
1789037515.3741,load,1,-1,21670,895.0,0.0,896.0,0.097,,,,,,,,,
1789037516.6146,load,1,-1,21670,896.0,0.0,897.0,0.104,,,,,,,,,
1789037517.0162,load,1,-1,21670,897.0,0.0,898.0,0.084,,,,,,,,,
1789037519.425,load,1,-1,21670,898.0,0.0,899.0,0.122,,,,,,,,,
1789037519.6154,load,1,-1,21670,899.0,0.0,900.0,0.115,,,,,,,,,
1789037521.8435,load,1,-1,21670,900.0,0.0,901.0,0.101,,,,,,,,,
1789037522.0567,load,1,-1,21670,901.0,0.0,902.0,0.115,,,,,,,,,
1789037524.1341,load,1,-1,21670,902.0,0.0,903.0,1.875,,,,,,,,,
1789037524.5371,load,1,-1,21670,903.0,0.0,904.0,0.09,,,,,,,,,
1789037526.3998,load,1,-1,21670,904.0,0.0,905.0,0.136,,,,,,,,,
1789037526.5863,load,1,-1,21670,905.0,0.0,906.0,0.105,,,,,,,,,
1789037528.7038,load,1,-1,21670,906.0,0.0,907.0,0.104,,,,,,,,,
1789037528.88,load,1,-1,21670,907.0,0.0,908.0,0.1,,,,,,,,,
1789037530.7459,load,1,-1,21670,908.0,0.0,909.0,0.115,,,,,,,,,
1789037531.1821,load,1,-1,21670,909.0,0.0,910.0,0.104,,,,,,,,,
1789037532.9846,load,1,-1,21670,910.0,0.0,911.0,0.137,,,,,,,,,
1789037533.1953,load,1,-1,21670,911.0,0.0,912.0,0.108,,,,,,,,,
1789037535.6903,load,1,-1,21670,912.0,0.0,913.0,0.09,,,,,,,,,
1789037535.8272,load,1,-1,21670,913.0,0.0,914.0,0.112,,,,,,,,,
1789037538.3419,load,1,-1,21670,914.0,0.0,915.0,0.105,,,,,,,,,
1789037538.7703,load,1,-1,21670,915.0,0.0,916.0,0.084,,,,,,,,,
1789037540.0193,load,1,-1,21670,916.0,0.0,917.0,0.111,,,,,,,,,
1789037540.1945,load,1,-1,21670,917.0,0.0,918.0,0.127,,,,,,,,,
1789037542.6078,load,1,-1,21670,918.0,0.0,919.0,0.104,,,,,,,,,
1789037542.7171,load,1,-1,21670,919.0,0.0,920.0,0.097,,,,,,,,,
1789037544.9457,load,1,-1,21670,920.0,0.0,921.0,0.13,,,,,,,,,
1789037545.4222,load,1,-1,21670,921.0,0.0,922.0,0.114,,,,,,,,,
1789037547.6558,load,1,-1,21670,922.0,0.0,923.0,0.13,,,,,,,,,
1789037547.8259,load,1,-1,21670,923.0,0.0,924.0,0.099,,,,,,,,,
1789037550.4047,load,1,-1,21670,924.0,0.0,925.0,0.084,,,,,,,,,
1789037550.5122,load,1,-1,21670,925.0,0.0,926.0,0.097,,,,,,,,,
1789037552.3586,load,1,-1,21670,926.0,0.0,927.0,0.105,,,,,,,,,
1789037552.7996,load,1,-1,21670,927.0,0.0,928.0,0.085,,,,,,,,,
1789037554.7133,load,1,-1,21670,928.0,0.0,929.0,0.102,,,,,,,,,
1789037554.9137,load,1,-1,21670,929.0,0.0,930.0,0.099,,,,,,,,,
1789037557.0587,load,1,-1,21670,930.0,0.0,931.0,0.101,,,,,,,,,
1789037557.261,load,1,-1,21670,931.0,0.0,932.0,0.094,,,,,,,,,
1789037559.1224,load,1,-1,21670,932.0,0.0,933.0,0.107,,,,,,,,,
1789037559.5597,load,1,-1,21670,933.0,0.0,934.0,0.236,,,,,,,,,
1789037561.4862,load,1,-1,21670,934.0,0.0,935.0,0.117,,,,,,,,,
1789037561.6602,load,1,-1,21670,935.0,0.0,936.0,0.123,,,,,,,,,
1789037563.7013,load,1,-1,21670,936.0,0.0,937.0,0.099,,,,,,,,,
1789037563.8182,load,1,-1,21670,937.0,0.0,938.0,0.089,,,,,,,,,
1789037565.4043,load,1,-1,21670,938.0,0.0,939.0,0.132,,,,,,,,,
1789037565.8312,load,1,-1,21670,939.0,0.0,940.0,0.082,,,,,,,,,
1789037567.5466,load,1,-1,21670,940.0,0.0,941.0,0.103,,,,,,,,,
1789037567.8257,load,1,-1,21670,941.0,0.0,942.0,0.103,,,,,,,,,
1789037570.0562,load,1,-1,21670,942.0,0.0,943.0,0.083,,,,,,,,,
1789037570.1969,load,1,-1,21670,943.0,0.0,944.0,0.099,,,,,,,,,
1789037572.4781,load,1,-1,21670,944.0,0.0,945.0,0.098,,,,,,,,,
1789037572.9254,load,1,-1,21670,945.0,0.0,946.0,0.086,,,,,,,,,
1789037575.0459,load,1,-1,21670,946.0,0.0,947.0,0.103,,,,,,,,,
1789037575.2187,load,1,-1,21670,947.0,0.0,948.0,0.108,,,,,,,,,
1789037577.1163,load,1,-1,21670,948.0,0.0,949.0,0.113,,,,,,,,,
1789037580.83,load,1,-1,21670,949.0,0.0,950.0,0.131,,,,,,,,,
1789037580.9998,load,1,-1,21670,950.0,0.0,951.0,0.101,,,,,,,,,
1789037581.4071,load,1,-1,21670,951.0,0.0,952.0,0.091,,,,,,,,,
1789037581.5376,load,1,-1,21670,952.0,0.0,953.0,0.112,,,,,,,,,
1789037581.7107,load,1,-1,21670,953.0,0.0,954.0,0.105,,,,,,,,,
1789037584.7424,load,1,-1,21670,954.0,0.0,955.0,0.105,,,,,,,,,
1789037584.8909,load,1,-1,21670,955.0,0.0,956.0,0.1,,,,,,,,,
1789037587.6781,load,1,-1,21670,956.0,0.0,957.0,0.109,,,,,,,,,
1789037588.0826,load,1,-1,21670,957.0,0.0,958.0,0.09,,,,,,,,,
1789037590.5133,load,1,-1,21670,958.0,0.0,959.0,0.093,,,,,,,,,
1789037590.6851,load,1,-1,21670,959.0,0.0,960.0,0.108,,,,,,,,,
1789037593.0967,load,1,-1,21670,960.0,0.0,961.0,0.071,,,,,,,,,
1789037593.2852,load,1,-1,21670,961.0,0.0,962.0,0.105,,,,,,,,,
1789037596.004,load,1,-1,21670,962.0,0.0,963.0,0.101,,,,,,,,,
1789037596.4227,load,1,-1,21670,963.0,0.0,964.0,0.16,,,,,,,,,
1789037598.4233,load,1,-1,21670,964.0,0.0,965.0,0.098,,,,,,,,,
1789037598.6036,load,1,-1,21670,965.0,0.0,966.0,0.106,,,,,,,,,
1789037601.2371,load,1,-1,21670,966.0,0.0,967.0,0.078,,,,,,,,,
1789037601.3885,load,1,-1,21670,967.0,0.0,968.0,0.166,,,,,,,,,
1789037603.5181,load,1,-1,21670,968.0,0.0,969.0,0.097,,,,,,,,,
1789037603.9432,load,1,-1,21670,969.0,0.0,970.0,0.104,,,,,,,,,
1789037605.8898,load,1,-1,21670,970.0,0.0,971.0,0.108,,,,,,,,,
1789037606.0879,load,1,-1,21670,971.0,0.0,972.0,0.11,,,,,,,,,
1789037608.4598,load,1,-1,21670,972.0,0.0,973.0,0.074,,,,,,,,,
1789037608.6217,load,1,-1,21670,973.0,0.0,974.0,0.098,,,,,,,,,
1789037611.1542,load,1,-1,21670,974.0,0.0,975.0,0.103,,,,,,,,,
1789037611.5231,load,1,-1,21670,975.0,0.0,976.0,0.088,,,,,,,,,
1789037613.4071,load,1,-1,21670,976.0,0.0,977.0,0.109,,,,,,,,,
1789037613.5771,load,1,-1,21670,977.0,0.0,978.0,0.098,,,,,,,,,
1789037616.046,load,1,-1,21670,978.0,0.0,979.0,0.097,,,,,,,,,
1789037616.1913,load,1,-1,21670,979.0,0.0,980.0,0.123,,,,,,,,,
1789037617.8883,load,1,-1,21670,980.0,0.0,981.0,0.12,,,,,,,,,
1789037618.4292,load,1,-1,21670,981.0,0.0,982.0,0.137,,,,,,,,,
1789037620.0542,load,1,-1,21670,982.0,0.0,983.0,0.125,,,,,,,,,
1789037620.2263,load,1,-1,21670,983.0,0.0,984.0,0.123,,,,,,,,,
1789037622.6768,load,1,-1,21670,984.0,0.0,985.0,0.084,,,,,,,,,
1789037622.8144,load,1,-1,21670,985.0,0.0,986.0,0.1,,,,,,,,,
1789037625.1561,load,1,-1,21670,986.0,0.0,987.0,0.104,,,,,,,,,
1789037625.5652,load,1,-1,21670,987.0,0.0,988.0,0.072,,,,,,,,,
1789037627.4182,load,1,-1,21670,988.0,0.0,989.0,0.107,,,,,,,,,
1789037627.601,load,1,-1,21670,989.0,0.0,990.0,0.082,,,,,,,,,
1789037629.6949,load,1,-1,21670,990.0,0.0,991.0,0.103,,,,,,,,,
1789037629.8477,load,1,-1,21670,991.0,0.0,992.0,0.121,,,,,,,,,
1789037632.1357,load,1,-1,21670,992.0,0.0,993.0,0.121,,,,,,,,,
1789037632.5674,load,1,-1,21670,993.0,0.0,994.0,0.088,,,,,,,,,
1789037634.2696,load,1,-1,21670,994.0,0.0,995.0,0.134,,,,,,,,,
1789037634.475,load,1,-1,21670,995.0,0.0,996.0,0.111,,,,,,,,,
1789037636.8492,load,1,-1,21670,996.0,0.0,997.0,0.107,,,,,,,,,
1789037636.9586,load,1,-1,21670,997.0,0.0,998.0,0.119,,,,,,,,,
1789037639.0351,load,1,-1,21670,998.0,0.0,999.0,0.102,,,,,,,,,
1789037639.4711,load,1,-1,21670,999.0,0.0,1000.0,0.086,,,,,,,,,
1789037641.7324,load,1,-1,21670,1000.0,0.0,1001.0,0.105,,,,,,,,,
1789037641.9745,load,1,-1,21670,1001.0,0.0,1002.0,0.111,,,,,,,,,
1789037644.0624,load,1,-1,21670,1002.0,0.0,1003.0,0.087,,,,,,,,,
1789037644.2063,load,1,-1,21670,1003.0,0.0,1004.0,0.109,,,,,,,,,
1789037646.9437,load,1,-1,21670,1004.0,0.0,1005.0,0.116,,,,,,,,,
1789037647.345,load,1,-1,21670,1005.0,0.0,1006.0,0.102,,,,,,,,,
1789037649.3601,load,1,-1,21670,1006.0,0.0,1007.0,0.107,,,,,,,,,
1789037649.5318,load,1,-1,21670,1007.0,0.0,1008.0,0.096,,,,,,,,,
1789037651.4695,load,1,-1,21670,1008.0,0.0,1009.0,0.11,,,,,,,,,
1789037651.5786,load,1,-1,21670,1009.0,0.0,1010.0,0.099,,,,,,,,,
1789037653.9067,load,1,-1,21670,1010.0,0.0,1011.0,0.112,,,,,,,,,
1789037654.3546,load,1,-1,21670,1011.0,0.0,1012.0,0.08,,,,,,,,,
1789037655.7078,load,1,-1,21670,1012.0,0.0,1013.0,0.117,,,,,,,,,
1789037655.879,load,1,-1,21670,1013.0,0.0,1014.0,0.101,,,,,,,,,
1789037658.459,load,1,-1,21670,1014.0,0.0,1015.0,0.083,,,,,,,,,
1789037658.5845,load,1,-1,21670,1015.0,0.0,1016.0,0.099,,,,,,,,,
1789037660.8097,load,1,-1,21670,1016.0,0.0,1017.0,0.108,,,,,,,,,
1789037661.2127,load,1,-1,21670,1017.0,0.0,1018.0,0.076,,,,,,,,,
1789037663.4756,load,1,-1,21670,1018.0,0.0,1019.0,0.109,,,,,,,,,
1789037663.647,load,1,-1,21670,1019.0,0.0,1020.0,0.085,,,,,,,,,
1789037665.9226,load,1,-1,21670,1020.0,0.0,1021.0,0.156,,,,,,,,,
1789037666.1419,load,1,-1,21670,1021.0,0.0,1022.0,0.094,,,,,,,,,
1789037667.7614,load,1,-1,21670,1022.0,0.0,1023.0,0.117,,,,,,,,,
1789037668.1673,load,1,-1,21670,1023.0,0.0,1024.0,0.077,,,,,,,,,
1789037670.3079,load,1,-1,21670,1024.0,0.0,1025.0,0.13,,,,,,,,,
1789037670.49,load,1,-1,21670,1025.0,0.0,1026.0,0.101,,,,,,,,,
1789037673.0641,load,1,-1,21670,1026.0,0.0,1027.0,0.095,,,,,,,,,
1789037673.1762,load,1,-1,21670,1027.0,0.0,1028.0,0.107,,,,,,,,,
1789037675.0578,load,1,-1,21670,1028.0,0.0,1029.0,0.125,,,,,,,,,
1789037675.4758,load,1,-1,21670,1029.0,0.0,1030.0,0.071,,,,,,,,,
1789037677.9474,load,1,-1,21670,1030.0,0.0,1031.0,0.101,,,,,,,,,
1789037678.1134,load,1,-1,21670,1031.0,0.0,1032.0,0.088,,,,,,,,,
1789037680.919,load,1,-1,21670,1032.0,0.0,1033.0,0.085,,,,,,,,,
1789037681.0261,load,1,-1,21670,1033.0,0.0,1034.0,0.106,,,,,,,,,
1789037683.4562,load,1,-1,21670,1034.0,0.0,1035.0,0.111,,,,,,,,,
1789037683.9105,load,1,-1,21670,1035.0,0.0,1036.0,0.084,,,,,,,,,
1789037685.7215,load,1,-1,21670,1036.0,0.0,1037.0,0.118,,,,,,,,,
1789037685.8945,load,1,-1,21670,1037.0,0.0,1038.0,0.105,,,,,,,,,
1789037688.9818,load,1,-1,21670,1038.0,0.0,1039.0,0.099,,,,,,,,,
1789037689.0921,load,1,-1,21670,1039.0,0.0,1040.0,0.148,,,,,,,,,
1789037691.1573,load,1,-1,21670,1040.0,0.0,1041.0,0.119,,,,,,,,,
1789037691.6666,load,1,-1,21670,1041.0,0.0,1042.0,0.092,,,,,,,,,
1789037693.3808,load,1,-1,21670,1042.0,0.0,1043.0,0.108,,,,,,,,,
1789037693.5524,load,1,-1,21670,1043.0,0.0,1044.0,0.108,,,,,,,,,
1789037695.4168,load,1,-1,21670,1044.0,0.0,1045.0,0.084,,,,,,,,,
1789037695.5612,load,1,-1,21670,1045.0,0.0,1046.0,0.097,,,,,,,,,
1789037697.9602,load,1,-1,21670,1046.0,0.0,1047.0,0.12,,,,,,,,,
1789037698.3718,load,1,-1,21670,1047.0,0.0,1048.0,0.088,,,,,,,,,
1789037700.2723,load,1,-1,21670,1048.0,0.0,1049.0,0.117,,,,,,,,,
1789037700.8345,load,1,-1,21670,1049.0,0.0,1050.0,0.106,,,,,,,,,
1789037702.6696,load,1,-1,21670,1050.0,0.0,1051.0,0.135,,,,,,,,,
1789037702.9707,load,1,-1,21670,1051.0,0.0,1052.0,0.096,,,,,,,,,
1789037704.4523,load,1,-1,21670,1052.0,0.0,1053.0,0.135,,,,,,,,,
1789037705.9089,load,1,-1,21670,1053.0,0.0,1054.0,0.076,,,,,,,,,
1789037707.3483,load,1,-1,21670,1054.0,0.0,1055.0,0.106,,,,,,,,,
1789037707.9962,load,1,-1,21670,1055.0,0.0,1056.0,0.102,,,,,,,,,
1789037710.41,load,1,-1,21670,1056.0,0.0,1057.0,0.094,,,,,,,,,
1789037710.5169,load,1,-1,21670,1057.0,0.0,1058.0,0.088,,,,,,,,,
1789037712.3107,load,1,-1,21670,1058.0,0.0,1059.0,0.115,,,,,,,,,
1789037712.7167,load,1,-1,21670,1059.0,0.0,1060.0,0.091,,,,,,,,,
1789037714.3572,load,1,-1,21670,1060.0,0.0,1061.0,0.134,,,,,,,,,
1789037714.7449,load,1,-1,21670,1061.0,0.0,1062.0,0.102,,,,,,,,,
1789037717.0336,load,1,-1,21670,1062.0,0.0,1063.0,0.087,,,,,,,,,
1789037717.1745,load,1,-1,21670,1063.0,0.0,1064.0,0.109,,,,,,,,,
1789037719.8912,load,1,-1,21670,1064.0,0.0,1065.0,0.119,,,,,,,,,
1789037720.2623,load,1,-1,21670,1065.0,0.0,1066.0,0.082,,,,,,,,,
1789037721.2125,load,1,-1,21670,1066.0,0.0,1067.0,0.104,,,,,,,,,
1789037721.6486,load,1,-1,21670,1067.0,0.0,1068.0,0.103,,,,,,,,,
1789037724.2337,load,1,-1,21670,1068.0,0.0,1069.0,0.093,,,,,,,,,
1789037724.3705,load,1,-1,21670,1069.0,0.0,1070.0,0.091,,,,,,,,,
1789037726.5478,load,1,-1,21670,1070.0,0.0,1071.0,0.126,,,,,,,,,
1789037727.1337,load,1,-1,21670,1071.0,0.0,1072.0,0.077,,,,,,,,,
1789037729.2683,load,1,-1,21670,1072.0,0.0,1073.0,0.121,,,,,,,,,
1789037729.4745,load,1,-1,21670,1073.0,0.0,1074.0,0.093,,,,,,,,,
1789037732.1032,load,1,-1,21670,1074.0,0.0,1075.0,0.121,,,,,,,,,
1789037732.2295,load,1,-1,21670,1075.0,0.0,1076.0,0.085,,,,,,,,,
1789037733.4755,load,1,-1,21670,1076.0,0.0,1077.0,0.129,,,,,,,,,
1789037734.772,load,1,-1,21670,1077.0,0.0,1078.0,0.075,,,,,,,,,
1789037735.7346,load,1,-1,21670,1078.0,0.0,1079.0,0.103,,,,,,,,,
1789037736.8289,load,1,-1,21670,1079.0,0.0,1080.0,0.103,,,,,,,,,
1789037738.5528,load,1,-1,21670,1080.0,0.0,1081.0,0.083,,,,,,,,,
1789037739.6384,load,1,-1,21670,1081.0,0.0,1082.0,0.107,,,,,,,,,
1789037740.8537,load,1,-1,21670,1082.0,0.0,1083.0,0.118,,,,,,,,,
1789037742.5974,load,1,-1,21670,1083.0,0.0,1084.0,0.078,,,,,,,,,
1789037743.05,load,1,-1,21670,1084.0,0.0,1085.0,0.113,,,,,,,,,
1789037744.7661,load,1,-1,21670,1085.0,0.0,1086.0,0.113,,,,,,,,,
1789037745.4802,load,1,-1,21670,1086.0,0.0,1087.0,0.123,,,,,,,,,
1789037747.0584,load,1,-1,21670,1087.0,0.0,1088.0,0.125,,,,,,,,,
1789037747.7397,load,1,-1,21670,1088.0,0.0,1089.0,0.112,,,,,,,,,
1789037749.3504,load,1,-1,21670,1089.0,0.0,1090.0,0.112,,,,,,,,,
1789037750.3671,load,1,-1,21670,1090.0,0.0,1091.0,0.108,,,,,,,,,
1789037751.7446,load,1,-1,21670,1091.0,0.0,1092.0,0.123,,,,,,,,,
1789037753.115,load,1,-1,21670,1092.0,0.0,1093.0,0.081,,,,,,,,,
1789037754.4835,load,1,-1,21670,1093.0,0.0,1094.0,0.13,,,,,,,,,
1789037755.9409,load,1,-1,21670,1094.0,0.0,1095.0,0.112,,,,,,,,,
1789037757.4015,load,1,-1,21670,1095.0,0.0,1096.0,0.105,,,,,,,,,
1789037757.9899,load,1,-1,21670,1096.0,0.0,1097.0,0.105,,,,,,,,,
1789037759.4679,load,1,-1,21670,1097.0,0.0,1098.0,0.121,,,,,,,,,
1789037760.846,load,1,-1,21670,1098.0,0.0,1099.0,0.071,,,,,,,,,
1789037761.5272,load,1,-1,21670,1099.0,0.0,1100.0,0.106,,,,,,,,,
1789037762.6588,load,1,-1,21670,1100.0,0.0,1101.0,0.112,,,,,,,,,
1789037764.5681,load,1,-1,21670,1101.0,0.0,1102.0,0.152,,,,,,,,,
1789037765.3371,load,1,-1,21670,1102.0,0.0,1103.0,0.101,,,,,,,,,
1789037766.322,load,1,-1,21670,1103.0,0.0,1104.0,0.104,,,,,,,,,
1789037768.1651,load,1,-1,21670,1104.0,0.0,1105.0,0.089,,,,,,,,,
1789037768.4698,load,1,-1,21670,1105.0,0.0,1106.0,0.095,,,,,,,,,
1789037770.8236,load,1,-1,21670,1106.0,0.0,1107.0,0.11,,,,,,,,,
1789037771.4592,load,1,-1,21670,1107.0,0.0,1108.0,0.102,,,,,,,,,
1789037772.6826,load,1,-1,21670,1108.0,0.0,1109.0,0.115,,,,,,,,,
1789037773.4496,load,1,-1,21670,1109.0,0.0,1110.0,0.124,,,,,,,,,
1789037775.5534,load,1,-1,21670,1110.0,0.0,1111.0,0.088,,,,,,,,,
1789037776.0352,load,1,-1,21670,1111.0,0.0,1112.0,0.096,,,,,,,,,
1789037777.5439,load,1,-1,21670,1112.0,0.0,1113.0,0.106,,,,,,,,,
1789037778.134,load,1,-1,21670,1113.0,0.0,1114.0,0.086,,,,,,,,,
1789037780.0531,load,1,-1,21670,1114.0,0.0,1115.0,0.122,,,,,,,,,
1789037780.7524,load,1,-1,21670,1115.0,0.0,1116.0,0.108,,,,,,,,,
1789037782.4729,load,1,-1,21670,1116.0,0.0,1117.0,0.091,,,,,,,,,
1789037783.1906,load,1,-1,21670,1117.0,0.0,1118.0,0.094,,,,,,,,,
1789037784.5268,load,1,-1,21670,1118.0,0.0,1119.0,0.133,,,,,,,,,
1789037785.6729,load,1,-1,21670,1119.0,0.0,1120.0,0.123,,,,,,,,,
1789037787.3757,load,1,-1,21670,1120.0,0.0,1121.0,0.103,,,,,,,,,
1789037787.6369,load,1,-1,21670,1121.0,0.0,1122.0,0.1,,,,,,,,,
1789037789.6566,load,1,-1,21670,1122.0,0.0,1123.0,0.089,,,,,,,,,
1789037789.7789,load,1,-1,21670,1123.0,0.0,1124.0,0.097,,,,,,,,,
1789037792.1065,load,1,-1,21670,1124.0,0.0,1125.0,0.112,,,,,,,,,
1789037792.5057,load,1,-1,21670,1125.0,0.0,1126.0,0.088,,,,,,,,,
1789037794.384,load,1,-1,21670,1126.0,0.0,1127.0,0.117,,,,,,,,,
1789037794.5547,load,1,-1,21670,1127.0,0.0,1128.0,0.114,,,,,,,,,
1789037797.1946,load,1,-1,21670,1128.0,0.0,1129.0,0.103,,,,,,,,,
1789037797.3025,load,1,-1,21670,1129.0,0.0,1130.0,0.112,,,,,,,,,
1789037800.1947,load,1,-1,21670,1130.0,0.0,1131.0,0.104,,,,,,,,,
1789037800.5883,load,1,-1,21670,1131.0,0.0,1132.0,0.09,,,,,,,,,
1789037802.831,load,1,-1,21670,1132.0,0.0,1133.0,0.106,,,,,,,,,
1789037803.0069,load,1,-1,21670,1133.0,0.0,1134.0,0.102,,,,,,,,,
1789037805.784,load,1,-1,21670,1134.0,0.0,1135.0,0.077,,,,,,,,,
1789037805.9133,load,1,-1,21670,1135.0,0.0,1136.0,0.102,,,,,,,,,
1789037807.7065,load,1,-1,21670,1136.0,0.0,1137.0,0.166,,,,,,,,,
1789037808.174,load,1,-1,21670,1137.0,0.0,1138.0,0.086,,,,,,,,,
1789037809.3047,load,1,-1,21670,1138.0,0.0,1139.0,0.112,,,,,,,,,
1789037809.4756,load,1,-1,21670,1139.0,0.0,1140.0,0.108,,,,,,,,,
1789037811.7007,load,1,-1,21670,1140.0,0.0,1141.0,0.088,,,,,,,,,
1789037811.8914,load,1,-1,21670,1141.0,0.0,1142.0,0.102,,,,,,,,,
1789037813.845,load,1,-1,21670,1142.0,0.0,1143.0,0.113,,,,,,,,,
1789037814.2582,load,1,-1,21670,1143.0,0.0,1144.0,0.091,,,,,,,,,
1789037815.531,load,1,-1,21670,1144.0,0.0,1145.0,0.129,,,,,,,,,
1789037815.9089,load,1,-1,21670,1145.0,0.0,1146.0,0.116,,,,,,,,,
1789037818.0559,load,1,-1,21670,1146.0,0.0,1147.0,0.111,,,,,,,,,
1789037818.7117,load,1,-1,21670,1147.0,0.0,1148.0,0.103,,,,,,,,,
1789037821.2002,load,1,-1,21670,1148.0,0.0,1149.0,0.117,,,,,,,,,
1789037821.6594,load,1,-1,21670,1149.0,0.0,1150.0,0.079,,,,,,,,,
1789037823.3503,load,1,-1,21670,1150.0,0.0,1151.0,0.115,,,,,,,,,
1789037824.523,load,1,-1,21670,1151.0,0.0,1152.0,0.087,,,,,,,,,
1789037826.2467,load,1,-1,21670,1152.0,0.0,1153.0,0.247,,,,,,,,,
1789037827.3242,load,1,-1,21670,1153.0,0.0,1154.0,0.109,,,,,,,,,
1789037827.8109,load,1,-1,21670,1154.0,0.0,1155.0,0.108,,,,,,,,,
1789037830.2111,load,1,-1,21670,1155.0,0.0,1156.0,0.109,,,,,,,,,
1789037830.3324,load,1,-1,21670,1156.0,0.0,1157.0,0.112,,,,,,,,,
1789037832.1386,load,1,-1,21670,1157.0,0.0,1158.0,0.09,,,,,,,,,
1789037832.5799,load,1,-1,21670,1158.0,0.0,1159.0,0.098,,,,,,,,,
1789037834.5535,load,1,-1,21670,1159.0,0.0,1160.0,0.101,,,,,,,,,
1789037834.729,load,1,-1,21670,1160.0,0.0,1161.0,0.225,,,,,,,,,
1789037837.375,load,1,-1,21670,1161.0,0.0,1162.0,0.13,,,,,,,,,
1789037837.5278,load,1,-1,21670,1162.0,0.0,1163.0,0.117,,,,,,,,,
1789037839.7234,load,1,-1,21670,1163.0,0.0,1164.0,0.123,,,,,,,,,
1789037840.1279,load,1,-1,21670,1164.0,0.0,1165.0,0.084,,,,,,,,,
1789037841.9231,load,1,-1,21670,1165.0,0.0,1166.0,0.104,,,,,,,,,
1789037842.0954,load,1,-1,21670,1166.0,0.0,1167.0,0.1,,,,,,,,,
1789037844.506,load,1,-1,21670,1167.0,0.0,1168.0,0.092,,,,,,,,,
1789037844.6684,load,1,-1,21670,1168.0,0.0,1169.0,0.105,,,,,,,,,
1789037846.3273,load,1,-1,21670,1169.0,0.0,1170.0,0.129,,,,,,,,,
1789037846.7149,load,1,-1,21670,1170.0,0.0,1171.0,0.091,,,,,,,,,
1789037848.3994,load,1,-1,21670,1171.0,0.0,1172.0,0.133,,,,,,,,,
1789037848.5711,load,1,-1,21670,1172.0,0.0,1173.0,0.102,,,,,,,,,
1789037851.1733,load,1,-1,21670,1173.0,0.0,1174.0,0.086,,,,,,,,,
1789037851.2986,load,1,-1,21670,1174.0,0.0,1175.0,0.095,,,,,,,,,
1789037853.825,load,1,-1,21670,1175.0,0.0,1176.0,0.105,,,,,,,,,
1789037854.2212,load,1,-1,21670,1176.0,0.0,1177.0,0.094,,,,,,,,,
1789037856.1108,load,1,-1,21670,1177.0,0.0,1178.0,0.106,,,,,,,,,
1789037856.2821,load,1,-1,21670,1178.0,0.0,1179.0,0.101,,,,,,,,,
1789037859.2939,load,1,-1,21670,1179.0,0.0,1180.0,0.149,,,,,,,,,
1789037859.4487,load,1,-1,21670,1180.0,0.0,1181.0,0.113,,,,,,,,,
1789037862.157,load,1,-1,21670,1181.0,0.0,1182.0,0.118,,,,,,,,,
1789037862.4992,load,1,-1,21670,1182.0,0.0,1183.0,0.073,,,,,,,,,
1789037864.8143,load,1,-1,21670,1183.0,0.0,1184.0,0.107,,,,,,,,,
1789037864.9879,load,1,-1,21670,1184.0,0.0,1185.0,0.105,,,,,,,,,
1789037867.2969,load,1,-1,21670,1185.0,0.0,1186.0,0.086,,,,,,,,,
1789037867.4434,load,1,-1,21670,1186.0,0.0,1187.0,0.089,,,,,,,,,
1789037869.4686,load,1,-1,21670,1187.0,0.0,1188.0,0.132,,,,,,,,,
1789037869.9109,load,1,-1,21670,1188.0,0.0,1189.0,0.077,,,,,,,,,
1789037871.7574,load,1,-1,21670,1189.0,0.0,1190.0,0.145,,,,,,,,,
1789037871.9336,load,1,-1,21670,1190.0,0.0,1191.0,0.101,,,,,,,,,
1789037874.6016,load,1,-1,21670,1191.0,0.0,1192.0,0.106,,,,,,,,,
1789037874.7097,load,1,-1,21670,1192.0,0.0,1193.0,0.087,,,,,,,,,
1789037876.4519,load,1,-1,21670,1193.0,0.0,1194.0,0.112,,,,,,,,,
1789037876.8628,load,1,-1,21670,1194.0,0.0,1195.0,0.071,,,,,,,,,
1789037878.9552,load,1,-1,21670,1195.0,0.0,1196.0,0.102,,,,,,,,,
1789037879.1394,load,1,-1,21670,1196.0,0.0,1197.0,0.108,,,,,,,,,
1789037881.5521,load,1,-1,21670,1197.0,0.0,1198.0,0.101,,,,,,,,,
1789037881.7215,load,1,-1,21670,1198.0,0.0,1199.0,0.092,,,,,,,,,
1789037883.7235,load,1,-1,21670,1199.0,0.0,1200.0,0.113,,,,,,,,,
1789037884.1288,load,1,-1,21670,1200.0,0.0,1201.0,0.082,,,,,,,,,
1789037885.9943,load,1,-1,21670,1201.0,0.0,1202.0,0.114,,,,,,,,,
1789037886.1071,load,1,-1,21670,1202.0,0.0,1203.0,0.096,,,,,,,,,
1789037889.1447,load,1,-1,21670,1203.0,0.0,1204.0,0.13,,,,,,,,,
1789037889.2556,load,1,-1,21670,1204.0,0.0,1205.0,0.102,,,,,,,,,
1789037891.4435,load,1,-1,21670,1205.0,0.0,1206.0,0.12,,,,,,,,,
1789037891.8858,load,1,-1,21670,1206.0,0.0,1207.0,0.081,,,,,,,,,
1789037893.7722,load,1,-1,21670,1207.0,0.0,1208.0,0.103,,,,,,,,,
1789037893.9608,load,1,-1,21670,1208.0,0.0,1209.0,0.117,,,,,,,,,
1789037896.7882,load,1,-1,21670,1209.0,0.0,1210.0,0.101,,,,,,,,,
1789037896.8968,load,1,-1,21670,1210.0,0.0,1211.0,0.084,,,,,,,,,
1789037899.0287,load,1,-1,21670,1211.0,0.0,1212.0,0.105,,,,,,,,,
1789037899.432,load,1,-1,21670,1212.0,0.0,1213.0,0.084,,,,,,,,,
1789037901.796,load,1,-1,21670,1213.0,0.0,1214.0,0.114,,,,,,,,,
1789037901.9679,load,1,-1,21670,1214.0,0.0,1215.0,0.103,,,,,,,,,
1789037904.4734,load,1,-1,21670,1215.0,0.0,1216.0,0.091,,,,,,,,,
1789037904.5934,load,1,-1,21670,1216.0,0.0,1217.0,0.102,,,,,,,,,
1789037906.5427,load,1,-1,21670,1217.0,0.0,1218.0,0.115,,,,,,,,,
1789037906.9673,load,1,-1,21670,1218.0,0.0,1219.0,0.103,,,,,,,,,
1789037909.0401,load,1,-1,21670,1219.0,0.0,1220.0,0.113,,,,,,,,,
1789037909.2118,load,1,-1,21670,1220.0,0.0,1221.0,0.102,,,,,,,,,
1789037912.0704,load,1,-1,21670,1221.0,0.0,1222.0,0.116,,,,,,,,,
1789037912.1849,load,1,-1,21670,1222.0,0.0,1223.0,0.095,,,,,,,,,
1789037914.0353,load,1,-1,21670,1223.0,0.0,1224.0,0.099,,,,,,,,,
1789037914.4684,load,1,-1,21670,1224.0,0.0,1225.0,0.084,,,,,,,,,
1789037916.5301,load,1,-1,21670,1225.0,0.0,1226.0,0.094,,,,,,,,,
1789037916.7013,load,1,-1,21670,1226.0,0.0,1227.0,0.088,,,,,,,,,
1789037919.6932,load,1,-1,21670,1227.0,0.0,1228.0,0.103,,,,,,,,,
1789037919.8029,load,1,-1,21670,1228.0,0.0,1229.0,0.083,,,,,,,,,
1789037921.8396,load,1,-1,21670,1229.0,0.0,1230.0,0.116,,,,,,,,,
1789037922.2358,load,1,-1,21670,1230.0,0.0,1231.0,0.075,,,,,,,,,
1789037924.3341,load,1,-1,21670,1231.0,0.0,1232.0,0.121,,,,,,,,,
1789037924.5047,load,1,-1,21670,1232.0,0.0,1233.0,0.082,,,,,,,,,
1789037926.9006,load,1,-1,21670,1233.0,0.0,1234.0,0.156,,,,,,,,,
1789037927.0112,load,1,-1,21670,1234.0,0.0,1235.0,0.089,,,,,,,,,
1789037929.3701,load,1,-1,21670,1235.0,0.0,1236.0,0.106,,,,,,,,,
1789037929.8129,load,1,-1,21670,1236.0,0.0,1237.0,0.076,,,,,,,,,
1789037931.6218,load,1,-1,21670,1237.0,0.0,1238.0,0.138,,,,,,,,,
1789037931.8033,load,1,-1,21670,1238.0,0.0,1239.0,0.088,,,,,,,,,
1789037933.8769,load,1,-1,21670,1239.0,0.0,1240.0,0.09,,,,,,,,,
1789037934.0158,load,1,-1,21670,1240.0,0.0,1241.0,0.104,,,,,,,,,
1789037935.479,load,1,-1,21670,1241.0,0.0,1242.0,0.114,,,,,,,,,
1789037935.86,load,1,-1,21670,1242.0,0.0,1243.0,0.095,,,,,,,,,
1789037937.8936,load,1,-1,21670,1243.0,0.0,1244.0,0.135,,,,,,,,,
1789037938.0664,load,1,-1,21670,1244.0,0.0,1245.0,0.101,,,,,,,,,
1789037940.3322,load,1,-1,21670,1245.0,0.0,1246.0,0.175,,,,,,,,,
1789037940.442,load,1,-1,21670,1246.0,0.0,1247.0,0.167,,,,,,,,,
1789037943.1966,load,1,-1,21670,1247.0,0.0,1248.0,0.128,,,,,,,,,
1789037943.6417,load,1,-1,21670,1248.0,0.0,1249.0,0.075,,,,,,,,,
1789037945.4799,load,1,-1,21670,1249.0,0.0,1250.0,0.104,,,,,,,,,
1789037945.6728,load,1,-1,21670,1250.0,0.0,1251.0,0.115,,,,,,,,,
1789037948.198,load,1,-1,21670,1251.0,0.0,1252.0,0.082,,,,,,,,,
1789037948.3783,load,1,-1,21670,1252.0,0.0,1253.0,0.091,,,,,,,,,
1789037950.1013,load,1,-1,21670,1253.0,0.0,1254.0,0.1,,,,,,,,,
1789037950.5003,load,1,-1,21670,1254.0,0.0,1255.0,0.087,,,,,,,,,
1789037952.3729,load,1,-1,21670,1255.0,0.0,1256.0,0.108,,,,,,,,,
1789037952.5453,load,1,-1,21670,1256.0,0.0,1257.0,0.093,,,,,,,,,
1789037955.2932,load,1,-1,21670,1257.0,0.0,1258.0,0.21,,,,,,,,,
1789037955.4005,load,1,-1,21670,1258.0,0.0,1259.0,0.099,,,,,,,,,
1789037957.9261,load,1,-1,21670,1259.0,0.0,1260.0,0.144,,,,,,,,,
1789037958.3351,load,1,-1,21670,1260.0,0.0,1261.0,0.091,,,,,,,,,
1789037960.2351,load,1,-1,21670,1261.0,0.0,1262.0,0.143,,,,,,,,,
1789037960.4101,load,1,-1,21670,1262.0,0.0,1263.0,0.117,,,,,,,,,
1789037962.7573,load,1,-1,21670,1263.0,0.0,1264.0,0.085,,,,,,,,,
1789037962.8654,load,1,-1,21670,1264.0,0.0,1265.0,0.097,,,,,,,,,
1789037965.0794,load,1,-1,21670,1265.0,0.0,1266.0,0.103,,,,,,,,,
1789037965.5315,load,1,-1,21670,1266.0,0.0,1267.0,0.095,,,,,,,,,
1789037967.1068,load,1,-1,21670,1267.0,0.0,1268.0,0.118,,,,,,,,,
1789037967.2777,load,1,-1,21670,1268.0,0.0,1269.0,0.105,,,,,,,,,
1789037969.3655,load,1,-1,21670,1269.0,0.0,1270.0,0.127,,,,,,,,,
1789037969.4748,load,1,-1,21670,1270.0,0.0,1271.0,0.105,,,,,,,,,
1789037972.238,load,1,-1,21670,1271.0,0.0,1272.0,0.108,,,,,,,,,
1789037972.6716,load,1,-1,21670,1272.0,0.0,1273.0,0.084,,,,,,,,,
1789037974.135,load,1,-1,21670,1273.0,0.0,1274.0,0.107,,,,,,,,,
1789037974.3068,load,1,-1,21670,1274.0,0.0,1275.0,0.106,,,,,,,,,
1789037976.9225,load,1,-1,21670,1275.0,0.0,1276.0,0.104,,,,,,,,,
1789037977.0478,load,1,-1,21670,1276.0,0.0,1277.0,0.114,,,,,,,,,
1789037979.1815,load,1,-1,21670,1277.0,0.0,1278.0,0.163,,,,,,,,,
1789037979.6084,load,1,-1,21670,1278.0,0.0,1279.0,0.072,,,,,,,,,
1789037981.8465,load,1,-1,21670,1279.0,0.0,1280.0,0.12,,,,,,,,,
1789037982.0178,load,1,-1,21670,1280.0,0.0,1281.0,0.111,,,,,,,,,
1789037985.3705,load,1,-1,21670,1281.0,0.0,1282.0,0.11,,,,,,,,,
1789037985.4827,load,1,-1,21670,1282.0,0.0,1283.0,0.082,,,,,,,,,
1789037987.2442,load,1,-1,21670,1283.0,0.0,1284.0,0.149,,,,,,,,,
1789037987.6807,load,1,-1,21670,1284.0,0.0,1285.0,0.315,,,,,,,,,
1789037989.8988,load,1,-1,21670,1285.0,0.0,1286.0,0.119,,,,,,,,,
1789037990.0735,load,1,-1,21670,1286.0,0.0,1287.0,0.123,,,,,,,,,
1789037992.2795,load,1,-1,21670,1287.0,0.0,1288.0,0.122,,,,,,,,,
1789037992.4324,load,1,-1,21670,1288.0,0.0,1289.0,0.12,,,,,,,,,
1789037994.2865,load,1,-1,21670,1289.0,0.0,1290.0,0.104,,,,,,,,,
1789037994.6868,load,1,-1,21670,1290.0,0.0,1291.0,0.091,,,,,,,,,
1789037996.5504,load,1,-1,21670,1291.0,0.0,1292.0,0.098,,,,,,,,,
1789037996.7243,load,1,-1,21670,1292.0,0.0,1293.0,0.117,,,,,,,,,
1789037998.8097,load,1,-1,21670,1293.0,0.0,1294.0,0.243,,,,,,,,,
1789037998.9276,load,1,-1,21670,1294.0,0.0,1295.0,0.087,,,,,,,,,
1789038000.6143,load,1,-1,21670,1295.0,0.0,1296.0,0.104,,,,,,,,,
1789038001.0058,load,1,-1,21670,1296.0,0.0,1297.0,0.119,,,,,,,,,
1789038003.1079,load,1,-1,21670,1297.0,0.0,1298.0,0.094,,,,,,,,,
1789038003.2787,load,1,-1,21670,1298.0,0.0,1299.0,0.098,,,,,,,,,
1789038005.7451,load,1,-1,21670,1299.0,0.0,1300.0,0.091,,,,,,,,,
1789038005.9249,load,1,-1,21670,1300.0,0.0,1301.0,0.102,,,,,,,,,
1789038007.6182,load,1,-1,21670,1301.0,0.0,1302.0,0.12,,,,,,,,,
1789038007.9586,load,1,-1,21670,1302.0,0.0,1303.0,0.089,,,,,,,,,
1789038010.2301,load,1,-1,21670,1303.0,0.0,1304.0,0.121,,,,,,,,,
1789038010.4004,load,1,-1,21670,1304.0,0.0,1305.0,0.093,,,,,,,,,
1789038012.8622,load,1,-1,21670,1305.0,0.0,1306.0,0.12,,,,,,,,,
1789038013.0473,load,1,-1,21670,1306.0,0.0,1307.0,0.087,,,,,,,,,
1789038014.3366,load,1,-1,21670,1307.0,0.0,1308.0,0.109,,,,,,,,,
1789038014.9403,load,1,-1,21670,1308.0,0.0,1309.0,0.086,,,,,,,,,
1789038017.4335,load,1,-1,21670,1309.0,0.0,1310.0,0.109,,,,,,,,,
1789038017.6101,load,1,-1,21670,1310.0,0.0,1311.0,0.081,,,,,,,,,
1789038019.9947,load,1,-1,21670,1311.0,0.0,1312.0,0.086,,,,,,,,,
1789038020.1543,load,1,-1,21670,1312.0,0.0,1313.0,0.084,,,,,,,,,
1789038022.2326,load,1,-1,21670,1313.0,0.0,1314.0,0.13,,,,,,,,,
1789038022.8966,load,1,-1,21670,1314.0,0.0,1315.0,0.142,,,,,,,,,
1789038024.4953,load,1,-1,21670,1315.0,0.0,1316.0,0.11,,,,,,,,,
1789038024.8766,load,1,-1,21670,1316.0,0.0,1317.0,0.096,,,,,,,,,
1789038026.5501,load,1,-1,21670,1317.0,0.0,1318.0,0.102,,,,,,,,,
1789038027.2362,load,1,-1,21670,1318.0,0.0,1319.0,0.121,,,,,,,,,
1789038028.4369,load,1,-1,21670,1319.0,0.0,1320.0,0.117,,,,,,,,,
1789038029.8843,load,1,-1,21670,1320.0,0.0,1321.0,0.09,,,,,,,,,
1789038031.1656,load,1,-1,21670,1321.0,0.0,1322.0,0.118,,,,,,,,,
1789038031.9603,load,1,-1,21670,1322.0,0.0,1323.0,0.097,,,,,,,,,
1789038033.5957,load,1,-1,21670,1323.0,0.0,1324.0,0.085,,,,,,,,,
1789038034.2453,load,1,-1,21670,1324.0,0.0,1325.0,0.11,,,,,,,,,
1789038035.9043,load,1,-1,21670,1325.0,0.0,1326.0,0.102,,,,,,,,,
1789038036.7834,load,1,-1,21670,1326.0,0.0,1327.0,0.101,,,,,,,,,
1789038038.0871,load,1,-1,21670,1327.0,0.0,1328.0,0.096,,,,,,,,,
1789038039.2978,load,1,-1,21670,1328.0,0.0,1329.0,0.124,,,,,,,,,
1789038040.7774,load,1,-1,21670,1329.0,0.0,1330.0,0.096,,,,,,,,,
1789038041.7346,load,1,-1,21670,1330.0,0.0,1331.0,0.101,,,,,,,,,
1789038043.0523,load,1,-1,21670,1331.0,0.0,1332.0,0.143,,,,,,,,,
1789038044.1965,load,1,-1,21670,1332.0,0.0,1333.0,0.092,,,,,,,,,
1789038045.5915,load,1,-1,21670,1333.0,0.0,1334.0,0.101,,,,,,,,,
1789038046.9374,load,1,-1,21670,1334.0,0.0,1335.0,0.098,,,,,,,,,
1789038048.2462,load,1,-1,21670,1335.0,0.0,1336.0,0.086,,,,,,,,,
1789038050.0101,load,1,-1,21670,1336.0,0.0,1337.0,0.097,,,,,,,,,
1789038050.2006,load,1,-1,21670,1337.0,0.0,1338.0,0.102,,,,,,,,,
1789038052.5707,load,1,-1,21670,1338.0,0.0,1339.0,0.081,,,,,,,,,
1789038052.9074,load,1,-1,21670,1339.0,0.0,1340.0,0.118,,,,,,,,,
1789038055.2544,load,1,-1,21670,1340.0,0.0,1341.0,0.104,,,,,,,,,
1789038055.9607,load,1,-1,21670,1341.0,0.0,1342.0,0.156,,,,,,,,,
1789038057.4794,load,1,-1,21670,1342.0,0.0,1343.0,0.1,,,,,,,,,
1789038058.208,load,1,-1,21670,1343.0,0.0,1344.0,0.097,,,,,,,,,
1789038060.0429,load,1,-1,21670,1344.0,0.0,1345.0,0.086,,,,,,,,,
1789038060.73,load,1,-1,21670,1345.0,0.0,1346.0,0.098,,,,,,,,,
1789038062.0075,load,1,-1,21670,1346.0,0.0,1347.0,0.096,,,,,,,,,
1789038063.2207,load,1,-1,21670,1347.0,0.0,1348.0,0.084,,,,,,,,,
1789038064.3345,load,1,-1,21670,1348.0,0.0,1349.0,0.103,,,,,,,,,
1789038065.817,load,1,-1,21670,1349.0,0.0,1350.0,0.112,,,,,,,,,
1789038067.1608,load,1,-1,21670,1350.0,0.0,1351.0,0.103,,,,,,,,,
1789038068.2655,load,1,-1,21670,1351.0,0.0,1352.0,0.104,,,,,,,,,
1789038069.4079,load,1,-1,21670,1352.0,0.0,1353.0,0.106,,,,,,,,,
1789036428.4547,load,2,-1,21671,0.0,0.0,1.0,3231.998,,,,,,,,,
1789036430.1967,load,2,-1,21671,1.0,0.0,2.0,0.405,,,,,,,,,
1789036431.0766,load,2,-1,21671,2.0,0.0,3.0,754.771,,,,,,,,,
1789036431.9542,load,2,-1,21671,3.0,0.0,4.0,0.097,,,,,,,,,
1789036433.6493,load,2,-1,21671,4.0,0.0,5.0,1539.292,,,,,,,,,
1789036433.7655,load,2,-1,21671,5.0,0.0,6.0,0.128,,,,,,,,,
1789036436.3249,load,2,-1,21671,6.0,0.0,7.0,2034.207,,,,,,,,,
1789036436.4957,load,2,-1,21671,7.0,0.0,8.0,0.11,,,,,,,,,
1789036438.5378,load,2,-1,21671,8.0,0.0,9.0,1868.801,,,,,,,,,
1789036439.3734,load,2,-1,21671,9.0,0.0,10.0,0.115,,,,,,,,,
1789036440.3998,load,2,-1,21671,10.0,0.0,11.0,900.593,,,,,,,,,
1789036441.4065,load,2,-1,21671,11.0,0.0,12.0,0.149,,,,,,,,,
1789036442.6356,load,2,-1,21671,12.0,0.0,13.0,804.647,,,,,,,,,
1789036444.0178,load,2,-1,21671,13.0,0.0,14.0,0.099,,,,,,,,,
1789036444.7338,load,2,-1,21671,14.0,0.0,15.0,542.214,,,,,,,,,
1789036446.7334,load,2,-1,21671,15.0,0.0,16.0,0.093,,,,,,,,,
1789036447.2921,load,2,-1,21671,16.0,0.0,17.0,383.241,,,,,,,,,
1789036448.9743,load,2,-1,21671,17.0,0.0,18.0,0.13,,,,,,,,,
1789036449.7261,load,2,-1,21671,18.0,0.0,19.0,335.136,,,,,,,,,
1789036451.3108,load,2,-1,21671,19.0,0.0,20.0,0.114,,,,,,,,,
1789036451.7918,load,2,-1,21671,20.0,0.0,21.0,305.763,,,,,,,,,
1789036453.7326,load,2,-1,21671,21.0,0.0,22.0,0.124,,,,,,,,,
1789036453.9738,load,2,-1,21671,22.0,0.0,23.0,126.419,,,,,,,,,
1789036455.5738,load,2,-1,21671,23.0,0.0,24.0,0.12,,,,,,,,,
1789036456.1942,load,2,-1,21671,24.0,0.0,25.0,206.857,,,,,,,,,
1789036457.695,load,2,-1,21671,25.0,0.0,26.0,0.111,,,,,,,,,
1789036458.3826,load,2,-1,21671,26.0,0.0,27.0,515.37,,,,,,,,,
1789036460.5868,load,2,-1,21671,27.0,0.0,28.0,0.097,,,,,,,,,
1789036460.7618,load,2,-1,21671,28.0,0.0,29.0,0.106,,,,,,,,,
1789036462.6421,load,2,-1,21671,29.0,0.0,30.0,0.116,,,,,,,,,
1789036463.0925,load,2,-1,21671,30.0,0.0,31.0,0.108,,,,,,,,,
1789036464.8457,load,2,-1,21671,31.0,0.0,32.0,0.135,,,,,,,,,
1789036465.9493,load,2,-1,21671,32.0,0.0,33.0,875.108,,,,,,,,,
1789036467.7144,load,2,-1,21671,33.0,0.0,34.0,0.094,,,,,,,,,
1789036468.4633,load,2,-1,21671,34.0,0.0,35.0,341.14,,,,,,,,,
1789036469.8923,load,2,-1,21671,35.0,0.0,36.0,92.653,,,,,,,,,
1789036470.824,load,2,-1,21671,36.0,0.0,37.0,0.086,,,,,,,,,
1789036472.233,load,2,-1,21671,37.0,0.0,38.0,248.216,,,,,,,,,
1789036472.8955,load,2,-1,21671,38.0,0.0,39.0,0.108,,,,,,,,,
1789036474.8495,load,2,-1,21671,39.0,0.0,40.0,410.769,,,,,,,,,
1789036475.4128,load,2,-1,21671,40.0,0.0,41.0,0.147,,,,,,,,,
1789036476.7962,load,2,-1,21671,41.0,0.0,42.0,0.112,,,,,,,,,
1789036478.0103,load,2,-1,21671,42.0,0.0,43.0,0.095,,,,,,,,,
1789036479.518,load,2,-1,21671,43.0,0.0,44.0,0.152,,,,,,,,,
1789036480.0387,load,2,-1,21671,44.0,0.0,45.0,342.285,,,,,,,,,
1789036482.2403,load,2,-1,21671,45.0,0.0,46.0,0.116,,,,,,,,,
1789036482.3972,load,2,-1,21671,46.0,0.0,47.0,0.107,,,,,,,,,
1789036484.2273,load,2,-1,21671,47.0,0.0,48.0,0.132,,,,,,,,,
1789036485.4411,load,2,-1,21671,48.0,0.0,49.0,0.133,,,,,,,,,
1789036486.3587,load,2,-1,21671,49.0,0.0,50.0,0.111,,,,,,,,,
1789036487.8671,load,2,-1,21671,50.0,0.0,51.0,0.108,,,,,,,,,
1789036488.3443,load,2,-1,21671,51.0,0.0,52.0,0.108,,,,,,,,,
1789036490.9436,load,2,-1,21671,52.0,0.0,53.0,0.119,,,,,,,,,
1789036491.1136,load,2,-1,21671,53.0,0.0,54.0,0.101,,,,,,,,,
1789036493.9533,load,2,-1,21671,54.0,0.0,55.0,0.091,,,,,,,,,
1789036494.09,load,2,-1,21671,55.0,0.0,56.0,0.103,,,,,,,,,
1789036495.6465,load,2,-1,21671,56.0,0.0,57.0,0.127,,,,,,,,,
1789036496.2599,load,2,-1,21671,57.0,0.0,58.0,0.128,,,,,,,,,
1789036498.4459,load,2,-1,21671,58.0,0.0,59.0,0.111,,,,,,,,,
1789036498.6241,load,2,-1,21671,59.0,0.0,60.0,0.129,,,,,,,,,
1789036500.866,load,2,-1,21671,60.0,0.0,61.0,0.091,,,,,,,,,
1789036501.1143,load,2,-1,21671,61.0,0.0,62.0,0.127,,,,,,,,,
1789036503.0619,load,2,-1,21671,62.0,0.0,63.0,0.111,,,,,,,,,
1789036503.5234,load,2,-1,21671,63.0,0.0,64.0,0.082,,,,,,,,,
1789036505.9068,load,2,-1,21671,64.0,0.0,65.0,0.114,,,,,,,,,
1789036506.0786,load,2,-1,21671,65.0,0.0,66.0,0.126,,,,,,,,,
1789036507.9745,load,2,-1,21671,66.0,0.0,67.0,0.11,,,,,,,,,
1789036508.8203,load,2,-1,21671,67.0,0.0,68.0,0.121,,,,,,,,,
1789036510.1242,load,2,-1,21671,68.0,0.0,69.0,0.14,,,,,,,,,
1789036511.6429,load,2,-1,21671,69.0,0.0,70.0,0.134,,,,,,,,,
1789036511.8975,load,2,-1,21671,70.0,0.0,71.0,0.111,,,,,,,,,
1789036513.3157,load,2,-1,21671,71.0,0.0,72.0,0.118,,,,,,,,,
1789036514.9488,load,2,-1,21671,72.0,0.0,73.0,0.11,,,,,,,,,
1789036515.8083,load,2,-1,21671,73.0,0.0,74.0,0.111,,,,,,,,,
1789036517.4752,load,2,-1,21671,74.0,0.0,75.0,0.112,,,,,,,,,
1789036517.8828,load,2,-1,21671,75.0,0.0,76.0,0.088,,,,,,,,,
1789036519.1606,load,2,-1,21671,76.0,0.0,77.0,0.106,,,,,,,,,
1789036520.3805,load,2,-1,21671,77.0,0.0,78.0,0.116,,,,,,,,,
1789036522.035,load,2,-1,21671,78.0,0.0,79.0,0.093,,,,,,,,,
1789036522.4566,load,2,-1,21671,79.0,0.0,80.0,0.119,,,,,,,,,
1789036524.5006,load,2,-1,21671,80.0,0.0,81.0,0.109,,,,,,,,,
1789036525.1669,load,2,-1,21671,81.0,0.0,82.0,0.132,,,,,,,,,
1789036526.4598,load,2,-1,21671,82.0,0.0,83.0,0.118,,,,,,,,,
1789036527.6451,load,2,-1,21671,83.0,0.0,84.0,0.114,,,,,,,,,
1789036529.3054,load,2,-1,21671,84.0,0.0,85.0,0.092,,,,,,,,,
1789036529.5003,load,2,-1,21671,85.0,0.0,86.0,0.115,,,,,,,,,
1789036531.1297,load,2,-1,21671,86.0,0.0,87.0,0.12,,,,,,,,,
1789036532.5718,load,2,-1,21671,87.0,0.0,88.0,0.111,,,,,,,,,
1789036533.831,load,2,-1,21671,88.0,0.0,89.0,0.112,,,,,,,,,
1789036534.1797,load,2,-1,21671,89.0,0.0,90.0,0.105,,,,,,,,,
1789036536.0501,load,2,-1,21671,90.0,0.0,91.0,0.09,,,,,,,,,
1789036536.533,load,2,-1,21671,91.0,0.0,92.0,0.162,,,,,,,,,
1789036538.7642,load,2,-1,21671,92.0,0.0,93.0,0.103,,,,,,,,,
1789036539.2056,load,2,-1,21671,93.0,0.0,94.0,0.087,,,,,,,,,
1789036540.5616,load,2,-1,21671,94.0,0.0,95.0,0.106,,,,,,,,,
1789036541.1981,load,2,-1,21671,95.0,0.0,96.0,101.811,,,,,,,,,
1789036543.0237,load,2,-1,21671,96.0,0.0,97.0,0.093,,,,,,,,,
1789036544.1324,load,2,-1,21671,97.0,0.0,98.0,0.109,,,,,,,,,
1789036544.9485,load,2,-1,21671,98.0,0.0,99.0,0.115,,,,,,,,,
1789036547.0913,load,2,-1,21671,99.0,0.0,100.0,0.37,,,,,,,,,
1789036547.1993,load,2,-1,21671,100.0,0.0,101.0,0.111,,,,,,,,,
1789036549.54,load,2,-1,21671,101.0,0.0,102.0,0.167,,,,,,,,,
1789036549.9183,load,2,-1,21671,102.0,0.0,103.0,0.101,,,,,,,,,
1789036551.9549,load,2,-1,21671,103.0,0.0,104.0,0.117,,,,,,,,,
1789036552.1021,load,2,-1,21671,104.0,0.0,105.0,0.119,,,,,,,,,
1789036554.4978,load,2,-1,21671,105.0,0.0,106.0,0.093,,,,,,,,,
1789036554.6065,load,2,-1,21671,106.0,0.0,107.0,0.135,,,,,,,,,
1789036556.8617,load,2,-1,21671,107.0,0.0,108.0,0.097,,,,,,,,,
1789036557.2971,load,2,-1,21671,108.0,0.0,109.0,0.097,,,,,,,,,
1789036559.3318,load,2,-1,21671,109.0,0.0,110.0,0.086,,,,,,,,,
1789036559.5094,load,2,-1,21671,110.0,0.0,111.0,0.095,,,,,,,,,
1789036562.6798,load,2,-1,21671,111.0,0.0,112.0,0.076,,,,,,,,,
1789036562.7995,load,2,-1,21671,112.0,0.0,113.0,0.111,,,,,,,,,
1789036564.4832,load,2,-1,21671,113.0,0.0,114.0,0.09,,,,,,,,,
1789036564.8943,load,2,-1,21671,114.0,0.0,115.0,0.094,,,,,,,,,
1789036567.1581,load,2,-1,21671,115.0,0.0,116.0,0.099,,,,,,,,,
1789036567.3465,load,2,-1,21671,116.0,0.0,117.0,0.119,,,,,,,,,
1789036569.696,load,2,-1,21671,117.0,0.0,118.0,0.079,,,,,,,,,
1789036569.8561,load,2,-1,21671,118.0,0.0,119.0,0.115,,,,,,,,,
1789036572.4148,load,2,-1,21671,119.0,0.0,120.0,0.111,,,,,,,,,
1789036572.8283,load,2,-1,21671,120.0,0.0,121.0,0.112,,,,,,,,,
1789036575.0185,load,2,-1,21671,121.0,0.0,122.0,0.17,,,,,,,,,
1789036575.1517,load,2,-1,21671,122.0,0.0,123.0,0.112,,,,,,,,,
1789036577.5926,load,2,-1,21671,123.0,0.0,124.0,0.084,,,,,,,,,
1789036577.7032,load,2,-1,21671,124.0,0.0,125.0,0.131,,,,,,,,,
1789036579.7313,load,2,-1,21671,125.0,0.0,126.0,0.097,,,,,,,,,
1789036580.1625,load,2,-1,21671,126.0,0.0,127.0,0.109,,,,,,,,,
1789036582.0034,load,2,-1,21671,127.0,0.0,128.0,0.095,,,,,,,,,
1789036582.2023,load,2,-1,21671,128.0,0.0,129.0,0.11,,,,,,,,,
1789036584.3994,load,2,-1,21671,129.0,0.0,130.0,0.079,,,,,,,,,
1789036584.5433,load,2,-1,21671,130.0,0.0,131.0,0.113,,,,,,,,,
1789036586.9998,load,2,-1,21671,131.0,0.0,132.0,0.096,,,,,,,,,
1789036587.4599,load,2,-1,21671,132.0,0.0,133.0,0.094,,,,,,,,,
1789036589.4958,load,2,-1,21671,133.0,0.0,134.0,0.094,,,,,,,,,
1789036589.6723,load,2,-1,21671,134.0,0.0,135.0,0.115,,,,,,,,,
1789036592.1661,load,2,-1,21671,135.0,0.0,136.0,0.098,,,,,,,,,
1789036592.3043,load,2,-1,21671,136.0,0.0,137.0,0.119,,,,,,,,,
1789036594.5454,load,2,-1,21671,137.0,0.0,138.0,0.101,,,,,,,,,
1789036594.9497,load,2,-1,21671,138.0,0.0,139.0,0.228,,,,,,,,,
1789036596.898,load,2,-1,21671,139.0,0.0,140.0,0.098,,,,,,,,,
1789036597.1022,load,2,-1,21671,140.0,0.0,141.0,0.121,,,,,,,,,
1789036599.3148,load,2,-1,21671,141.0,0.0,142.0,0.117,,,,,,,,,
1789036599.4377,load,2,-1,21671,142.0,0.0,143.0,0.11,,,,,,,,,
1789036601.9955,load,2,-1,21671,143.0,0.0,144.0,0.106,,,,,,,,,
1789036602.3898,load,2,-1,21671,144.0,0.0,145.0,0.106,,,,,,,,,
1789036604.3982,load,2,-1,21671,145.0,0.0,146.0,0.102,,,,,,,,,
1789036604.5753,load,2,-1,21671,146.0,0.0,147.0,0.127,,,,,,,,,
1789036606.772,load,2,-1,21671,147.0,0.0,148.0,0.081,,,,,,,,,
1789036606.8911,load,2,-1,21671,148.0,0.0,149.0,0.107,,,,,,,,,
1789036608.9546,load,2,-1,21671,149.0,0.0,150.0,0.097,,,,,,,,,
1789036609.359,load,2,-1,21671,150.0,0.0,151.0,0.098,,,,,,,,,
1789036611.5389,load,2,-1,21671,151.0,0.0,152.0,0.095,,,,,,,,,
1789036611.7134,load,2,-1,21671,152.0,0.0,153.0,0.113,,,,,,,,,
1789036614.7334,load,2,-1,21671,153.0,0.0,154.0,0.076,,,,,,,,,
1789036614.8818,load,2,-1,21671,154.0,0.0,155.0,0.122,,,,,,,,,
1789036617.1624,load,2,-1,21671,155.0,0.0,156.0,0.092,,,,,,,,,
1789036617.6029,load,2,-1,21671,156.0,0.0,157.0,0.087,,,,,,,,,
1789036619.2489,load,2,-1,21671,157.0,0.0,158.0,0.089,,,,,,,,,
1789036619.4219,load,2,-1,21671,158.0,0.0,159.0,0.108,,,,,,,,,
1789036621.7606,load,2,-1,21671,159.0,0.0,160.0,0.092,,,,,,,,,
1789036621.8668,load,2,-1,21671,160.0,0.0,161.0,0.123,,,,,,,,,
1789036623.9533,load,2,-1,21671,161.0,0.0,162.0,0.142,,,,,,,,,
1789036624.3281,load,2,-1,21671,162.0,0.0,163.0,0.095,,,,,,,,,
1789036626.6158,load,2,-1,21671,163.0,0.0,164.0,0.096,,,,,,,,,
1789036626.7872,load,2,-1,21671,164.0,0.0,165.0,0.113,,,,,,,,,
1789036629.4561,load,2,-1,21671,165.0,0.0,166.0,0.077,,,,,,,,,
1789036629.6434,load,2,-1,21671,166.0,0.0,167.0,0.111,,,,,,,,,
1789036631.4915,load,2,-1,21671,167.0,0.0,168.0,0.095,,,,,,,,,
1789036631.9198,load,2,-1,21671,168.0,0.0,169.0,0.09,,,,,,,,,
1789036633.5663,load,2,-1,21671,169.0,0.0,170.0,0.1,,,,,,,,,
1789036633.7377,load,2,-1,21671,170.0,0.0,171.0,0.118,,,,,,,,,
1789036636.2332,load,2,-1,21671,171.0,0.0,172.0,0.074,,,,,,,,,
1789036636.3512,load,2,-1,21671,172.0,0.0,173.0,0.103,,,,,,,,,
1789036637.7098,load,2,-1,21671,173.0,0.0,174.0,0.099,,,,,,,,,
1789036638.1238,load,2,-1,21671,174.0,0.0,175.0,0.108,,,,,,,,,
1789036639.8317,load,2,-1,21671,175.0,0.0,176.0,0.097,,,,,,,,,
1789036640.0026,load,2,-1,21671,176.0,0.0,177.0,0.108,,,,,,,,,
1789036641.8894,load,2,-1,21671,177.0,0.0,178.0,0.077,,,,,,,,,
1789036642.0206,load,2,-1,21671,178.0,0.0,179.0,0.116,,,,,,,,,
1789036644.2467,load,2,-1,21671,179.0,0.0,180.0,0.117,,,,,,,,,
1789036644.7067,load,2,-1,21671,180.0,0.0,181.0,0.088,,,,,,,,,
1789036646.73,load,2,-1,21671,181.0,0.0,182.0,0.11,,,,,,,,,
1789036646.8436,load,2,-1,21671,182.0,0.0,183.0,0.129,,,,,,,,,
1789036649.7048,load,2,-1,21671,183.0,0.0,184.0,0.078,,,,,,,,,
1789036649.8318,load,2,-1,21671,184.0,0.0,185.0,0.131,,,,,,,,,
1789036652.1334,load,2,-1,21671,185.0,0.0,186.0,0.097,,,,,,,,,
1789036652.5678,load,2,-1,21671,186.0,0.0,187.0,0.093,,,,,,,,,
1789036654.2484,load,2,-1,21671,187.0,0.0,188.0,0.093,,,,,,,,,
1789036654.4208,load,2,-1,21671,188.0,0.0,189.0,0.11,,,,,,,,,
1789036656.6445,load,2,-1,21671,189.0,0.0,190.0,0.078,,,,,,,,,
1789036656.7558,load,2,-1,21671,190.0,0.0,191.0,0.101,,,,,,,,,
1789036658.8669,load,2,-1,21671,191.0,0.0,192.0,0.098,,,,,,,,,
1789036659.2938,load,2,-1,21671,192.0,0.0,193.0,0.102,,,,,,,,,
1789036661.1559,load,2,-1,21671,193.0,0.0,194.0,0.093,,,,,,,,,
1789036661.3172,load,2,-1,21671,194.0,0.0,195.0,0.121,,,,,,,,,
1789036663.9987,load,2,-1,21671,195.0,0.0,196.0,0.082,,,,,,,,,
1789036664.1339,load,2,-1,21671,196.0,0.0,197.0,0.113,,,,,,,,,
1789036666.4657,load,2,-1,21671,197.0,0.0,198.0,0.101,,,,,,,,,
1789036666.8644,load,2,-1,21671,198.0,0.0,199.0,0.104,,,,,,,,,
1789036668.7366,load,2,-1,21671,199.0,0.0,200.0,0.094,,,,,,,,,
1789036668.9327,load,2,-1,21671,200.0,0.0,201.0,0.123,,,,,,,,,
1789036671.6914,load,2,-1,21671,201.0,0.0,202.0,0.113,,,,,,,,,
1789036671.8025,load,2,-1,21671,202.0,0.0,203.0,0.114,,,,,,,,,
1789036673.665,load,2,-1,21671,203.0,0.0,204.0,0.087,,,,,,,,,
1789036674.0673,load,2,-1,21671,204.0,0.0,205.0,0.106,,,,,,,,,
1789036675.9641,load,2,-1,21671,205.0,0.0,206.0,0.104,,,,,,,,,
1789036676.141,load,2,-1,21671,206.0,0.0,207.0,0.131,,,,,,,,,
1789036678.4745,load,2,-1,21671,207.0,0.0,208.0,0.225,,,,,,,,,
1789036678.81,load,2,-1,21671,208.0,0.0,209.0,214.125,,,,,,,,,
1789036680.9968,load,2,-1,21671,209.0,0.0,210.0,0.092,,,,,,,,,
1789036682.0573,load,2,-1,21671,210.0,0.0,211.0,662.378,,,,,,,,,
1789036683.7268,load,2,-1,21671,211.0,0.0,212.0,0.093,,,,,,,,,
1789036684.7084,load,2,-1,21671,212.0,0.0,213.0,810.142,,,,,,,,,
1789036686.4244,load,2,-1,21671,213.0,0.0,214.0,0.08,,,,,,,,,
1789036687.1298,load,2,-1,21671,214.0,0.0,215.0,551.829,,,,,,,,,
1789036688.6683,load,2,-1,21671,215.0,0.0,216.0,0.113,,,,,,,,,
1789036690.1756,load,2,-1,21671,216.0,0.0,217.0,1103.752,,,,,,,,,
1789036691.593,load,2,-1,21671,217.0,0.0,218.0,0.09,,,,,,,,,
1789036691.7863,load,2,-1,21671,218.0,0.0,219.0,0.108,,,,,,,,,
1789036693.9024,load,2,-1,21671,219.0,0.0,220.0,0.076,,,,,,,,,
1789036694.0148,load,2,-1,21671,220.0,0.0,221.0,0.111,,,,,,,,,
1789036695.878,load,2,-1,21671,221.0,0.0,222.0,0.158,,,,,,,,,
1789036696.2432,load,2,-1,21671,222.0,0.0,223.0,0.088,,,,,,,,,
1789036698.0334,load,2,-1,21671,223.0,0.0,224.0,0.092,,,,,,,,,
1789036698.2055,load,2,-1,21671,224.0,0.0,225.0,0.111,,,,,,,,,
1789036700.0047,load,2,-1,21671,225.0,0.0,226.0,0.078,,,,,,,,,
1789036700.1204,load,2,-1,21671,226.0,0.0,227.0,0.105,,,,,,,,,
1789036702.214,load,2,-1,21671,227.0,0.0,228.0,0.095,,,,,,,,,
1789036702.6335,load,2,-1,21671,228.0,0.0,229.0,0.096,,,,,,,,,
1789036704.4436,load,2,-1,21671,229.0,0.0,230.0,0.089,,,,,,,,,
1789036704.6172,load,2,-1,21671,230.0,0.0,231.0,0.108,,,,,,,,,
1789036707.1508,load,2,-1,21671,231.0,0.0,232.0,0.091,,,,,,,,,
1789036707.2799,load,2,-1,21671,232.0,0.0,233.0,0.106,,,,,,,,,
1789036709.4246,load,2,-1,21671,233.0,0.0,234.0,0.085,,,,,,,,,
1789036709.8172,load,2,-1,21671,234.0,0.0,235.0,0.102,,,,,,,,,
1789036712.076,load,2,-1,21671,235.0,0.0,236.0,0.111,,,,,,,,,
1789036712.258,load,2,-1,21671,236.0,0.0,237.0,0.106,,,,,,,,,
1789036714.7359,load,2,-1,21671,237.0,0.0,238.0,0.081,,,,,,,,,
1789036714.8607,load,2,-1,21671,238.0,0.0,239.0,0.107,,,,,,,,,
1789036716.9917,load,2,-1,21671,239.0,0.0,240.0,0.085,,,,,,,,,
1789036717.3948,load,2,-1,21671,240.0,0.0,241.0,0.101,,,,,,,,,
1789036719.7487,load,2,-1,21671,241.0,0.0,242.0,0.095,,,,,,,,,
1789036719.8631,load,2,-1,21671,242.0,0.0,243.0,0.126,,,,,,,,,
1789036722.0736,load,2,-1,21671,243.0,0.0,244.0,0.078,,,,,,,,,
1789036722.2196,load,2,-1,21671,244.0,0.0,245.0,0.117,,,,,,,,,
1789036723.7537,load,2,-1,21671,245.0,0.0,246.0,0.098,,,,,,,,,
1789036724.1686,load,2,-1,21671,246.0,0.0,247.0,0.094,,,,,,,,,
1789036726.7433,load,2,-1,21671,247.0,0.0,248.0,0.097,,,,,,,,,
1789036726.9134,load,2,-1,21671,248.0,0.0,249.0,0.105,,,,,,,,,
1789036729.2613,load,2,-1,21671,249.0,0.0,250.0,0.081,,,,,,,,,
1789036729.4008,load,2,-1,21671,250.0,0.0,251.0,0.112,,,,,,,,,
1789036731.6513,load,2,-1,21671,251.0,0.0,252.0,0.096,,,,,,,,,
1789036732.0528,load,2,-1,21671,252.0,0.0,253.0,0.092,,,,,,,,,
1789036734.3851,load,2,-1,21671,253.0,0.0,254.0,0.092,,,,,,,,,
1789036734.5548,load,2,-1,21671,254.0,0.0,255.0,0.12,,,,,,,,,
1789036736.8534,load,2,-1,21671,255.0,0.0,256.0,0.09,,,,,,,,,
1789036736.9888,load,2,-1,21671,256.0,0.0,257.0,0.113,,,,,,,,,
1789036739.2503,load,2,-1,21671,257.0,0.0,258.0,0.101,,,,,,,,,
1789036739.7006,load,2,-1,21671,258.0,0.0,259.0,0.111,,,,,,,,,
1789036741.4737,load,2,-1,21671,259.0,0.0,260.0,0.103,,,,,,,,,
1789036741.6642,load,2,-1,21671,260.0,0.0,261.0,0.124,,,,,,,,,
1789036744.3558,load,2,-1,21671,261.0,0.0,262.0,0.111,,,,,,,,,
1789036744.4679,load,2,-1,21671,262.0,0.0,263.0,0.121,,,,,,,,,
1789036746.075,load,2,-1,21671,263.0,0.0,264.0,0.099,,,,,,,,,
1789036746.4803,load,2,-1,21671,264.0,0.0,265.0,0.33,,,,,,,,,
1789036747.9512,load,2,-1,21671,265.0,0.0,266.0,0.095,,,,,,,,,
1789036748.1216,load,2,-1,21671,266.0,0.0,267.0,0.113,,,,,,,,,
1789036750.3984,load,2,-1,21671,267.0,0.0,268.0,0.095,,,,,,,,,
1789036750.5509,load,2,-1,21671,268.0,0.0,269.0,0.125,,,,,,,,,
1789036753.3044,load,2,-1,21671,269.0,0.0,270.0,0.094,,,,,,,,,
1789036753.7118,load,2,-1,21671,270.0,0.0,271.0,0.104,,,,,,,,,
1789036755.1449,load,2,-1,21671,271.0,0.0,272.0,0.099,,,,,,,,,
1789036755.3176,load,2,-1,21671,272.0,0.0,273.0,0.125,,,,,,,,,
1789036757.9334,load,2,-1,21671,273.0,0.0,274.0,0.081,,,,,,,,,
1789036758.1025,load,2,-1,21671,274.0,0.0,275.0,0.134,,,,,,,,,
1789036759.8075,load,2,-1,21671,275.0,0.0,276.0,0.096,,,,,,,,,
1789036760.2403,load,2,-1,21671,276.0,0.0,277.0,0.099,,,,,,,,,
1789036762.2426,load,2,-1,21671,277.0,0.0,278.0,0.101,,,,,,,,,
1789036762.4102,load,2,-1,21671,278.0,0.0,279.0,0.158,,,,,,,,,
1789036764.8639,load,2,-1,21671,279.0,0.0,280.0,0.079,,,,,,,,,
1789036765.0068,load,2,-1,21671,280.0,0.0,281.0,0.113,,,,,,,,,
1789036767.009,load,2,-1,21671,281.0,0.0,282.0,0.127,,,,,,,,,
1789036767.3647,load,2,-1,21671,282.0,0.0,283.0,0.094,,,,,,,,,
1789036769.9457,load,2,-1,21671,283.0,0.0,284.0,0.102,,,,,,,,,
1789036770.1179,load,2,-1,21671,284.0,0.0,285.0,0.126,,,,,,,,,
1789036773.2025,load,2,-1,21671,285.0,0.0,286.0,0.081,,,,,,,,,
1789036773.3108,load,2,-1,21671,286.0,0.0,287.0,0.116,,,,,,,,,
1789036775.5642,load,2,-1,21671,287.0,0.0,288.0,0.171,,,,,,,,,
1789036775.9657,load,2,-1,21671,288.0,0.0,289.0,0.125,,,,,,,,,
1789036777.9735,load,2,-1,21671,289.0,0.0,290.0,0.095,,,,,,,,,
1789036778.1448,load,2,-1,21671,290.0,0.0,291.0,0.108,,,,,,,,,
1789036780.0727,load,2,-1,21671,291.0,0.0,292.0,0.078,,,,,,,,,
1789036780.1814,load,2,-1,21671,292.0,0.0,293.0,0.109,,,,,,,,,
1789036782.4432,load,2,-1,21671,293.0,0.0,294.0,0.088,,,,,,,,,
1789036782.8508,load,2,-1,21671,294.0,0.0,295.0,0.246,,,,,,,,,
1789036784.9287,load,2,-1,21671,295.0,0.0,296.0,0.106,,,,,,,,,
1789036785.1119,load,2,-1,21671,296.0,0.0,297.0,0.143,,,,,,,,,
1789036787.5493,load,2,-1,21671,297.0,0.0,298.0,0.121,,,,,,,,,
1789036787.6894,load,2,-1,21671,298.0,0.0,299.0,0.14,,,,,,,,,
1789036789.8163,load,2,-1,21671,299.0,0.0,300.0,0.104,,,,,,,,,
1789036790.216,load,2,-1,21671,300.0,0.0,301.0,0.099,,,,,,,,,
1789036792.2322,load,2,-1,21671,301.0,0.0,302.0,0.109,,,,,,,,,
1789036792.3446,load,2,-1,21671,302.0,0.0,303.0,0.123,,,,,,,,,
1789036795.156,load,2,-1,21671,303.0,0.0,304.0,0.08,,,,,,,,,
1789036795.2815,load,2,-1,21671,304.0,0.0,305.0,0.111,,,,,,,,,
1789036797.7567,load,2,-1,21671,305.0,0.0,306.0,0.099,,,,,,,,,
1789036798.2123,load,2,-1,21671,306.0,0.0,307.0,0.109,,,,,,,,,
1789036800.2515,load,2,-1,21671,307.0,0.0,308.0,0.102,,,,,,,,,
1789036800.426,load,2,-1,21671,308.0,0.0,309.0,0.139,,,,,,,,,
1789036802.9981,load,2,-1,21671,309.0,0.0,310.0,0.088,,,,,,,,,
1789036803.1109,load,2,-1,21671,310.0,0.0,311.0,0.119,,,,,,,,,
1789036804.8842,load,2,-1,21671,311.0,0.0,312.0,0.113,,,,,,,,,
1789036805.3229,load,2,-1,21671,312.0,0.0,313.0,0.093,,,,,,,,,
1789036807.0535,load,2,-1,21671,313.0,0.0,314.0,0.097,,,,,,,,,
1789036807.2544,load,2,-1,21671,314.0,0.0,315.0,0.12,,,,,,,,,
1789036809.6229,load,2,-1,21671,315.0,0.0,316.0,0.099,,,,,,,,,
1789036809.7387,load,2,-1,21671,316.0,0.0,317.0,0.109,,,,,,,,,
1789036811.7825,load,2,-1,21671,317.0,0.0,318.0,0.091,,,,,,,,,
1789036812.2038,load,2,-1,21671,318.0,0.0,319.0,0.102,,,,,,,,,
1789036814.4835,load,2,-1,21671,319.0,0.0,320.0,0.11,,,,,,,,,
1789036814.6707,load,2,-1,21671,320.0,0.0,321.0,0.115,,,,,,,,,
1789036817.4371,load,2,-1,21671,321.0,0.0,322.0,0.122,,,,,,,,,
1789036817.5582,load,2,-1,21671,322.0,0.0,323.0,0.124,,,,,,,,,
1789036819.9047,load,2,-1,21671,323.0,0.0,324.0,0.092,,,,,,,,,
1789036820.3257,load,2,-1,21671,324.0,0.0,325.0,0.093,,,,,,,,,
1789036822.067,load,2,-1,21671,325.0,0.0,326.0,0.101,,,,,,,,,
1789036822.2595,load,2,-1,21671,326.0,0.0,327.0,0.112,,,,,,,,,
1789036824.7886,load,2,-1,21671,327.0,0.0,328.0,0.078,,,,,,,,,
1789036824.9446,load,2,-1,21671,328.0,0.0,329.0,0.107,,,,,,,,,
1789036826.787,load,2,-1,21671,329.0,0.0,330.0,0.101,,,,,,,,,
1789036827.1934,load,2,-1,21671,330.0,0.0,331.0,0.1,,,,,,,,,
1789036829.2981,load,2,-1,21671,331.0,0.0,332.0,0.101,,,,,,,,,
1789036829.4703,load,2,-1,21671,332.0,0.0,333.0,0.123,,,,,,,,,
1789036831.8907,load,2,-1,21671,333.0,0.0,334.0,0.093,,,,,,,,,
1789036832.0335,load,2,-1,21671,334.0,0.0,335.0,0.107,,,,,,,,,
1789036834.1809,load,2,-1,21671,335.0,0.0,336.0,0.153,,,,,,,,,
1789036834.583,load,2,-1,21671,336.0,0.0,337.0,0.113,,,,,,,,,
1789036836.6585,load,2,-1,21671,337.0,0.0,338.0,0.101,,,,,,,,,
1789036836.831,load,2,-1,21671,338.0,0.0,339.0,0.117,,,,,,,,,
1789036839.0337,load,2,-1,21671,339.0,0.0,340.0,0.201,,,,,,,,,
1789036839.161,load,2,-1,21671,340.0,0.0,341.0,0.117,,,,,,,,,
1789036840.962,load,2,-1,21671,341.0,0.0,342.0,0.123,,,,,,,,,
1789036841.2998,load,2,-1,21671,342.0,0.0,343.0,0.093,,,,,,,,,
1789036842.9747,load,2,-1,21671,343.0,0.0,344.0,0.265,,,,,,,,,
1789036843.1476,load,2,-1,21671,344.0,0.0,345.0,0.107,,,,,,,,,
1789036845.3142,load,2,-1,21671,345.0,0.0,346.0,0.08,,,,,,,,,
1789036845.4685,load,2,-1,21671,346.0,0.0,347.0,0.117,,,,,,,,,
1789036847.9239,load,2,-1,21671,347.0,0.0,348.0,0.253,,,,,,,,,
1789036848.33,load,2,-1,21671,348.0,0.0,349.0,0.104,,,,,,,,,
1789036850.3029,load,2,-1,21671,349.0,0.0,350.0,0.094,,,,,,,,,
1789036850.5009,load,2,-1,21671,350.0,0.0,351.0,0.118,,,,,,,,,
1789036853.0999,load,2,-1,21671,351.0,0.0,352.0,0.317,,,,,,,,,
1789036853.2093,load,2,-1,21671,352.0,0.0,353.0,0.115,,,,,,,,,
1789036855.2785,load,2,-1,21671,353.0,0.0,354.0,0.111,,,,,,,,,
1789036855.7444,load,2,-1,21671,354.0,0.0,355.0,0.106,,,,,,,,,
1789036858.1017,load,2,-1,21671,355.0,0.0,356.0,0.094,,,,,,,,,
1789036858.2967,load,2,-1,21671,356.0,0.0,357.0,0.12,,,,,,,,,
1789036861.0417,load,2,-1,21671,357.0,0.0,358.0,0.087,,,,,,,,,
1789036861.4826,load,2,-1,21671,358.0,0.0,359.0,0.113,,,,,,,,,
1789036863.15,load,2,-1,21671,359.0,0.0,360.0,0.096,,,,,,,,,
1789036863.5799,load,2,-1,21671,360.0,0.0,361.0,0.089,,,,,,,,,
1789036865.4695,load,2,-1,21671,361.0,0.0,362.0,0.108,,,,,,,,,
1789036865.5937,load,2,-1,21671,362.0,0.0,363.0,0.114,,,,,,,,,
1789036867.483,load,2,-1,21671,363.0,0.0,364.0,0.085,,,,,,,,,
1789036867.5905,load,2,-1,21671,364.0,0.0,365.0,0.114,,,,,,,,,
1789036869.9329,load,2,-1,21671,365.0,0.0,366.0,0.098,,,,,,,,,
1789036870.3664,load,2,-1,21671,366.0,0.0,367.0,0.115,,,,,,,,,
1789036872.5199,load,2,-1,21671,367.0,0.0,368.0,0.123,,,,,,,,,
1789036872.7027,load,2,-1,21671,368.0,0.0,369.0,0.118,,,,,,,,,
1789036875.1745,load,2,-1,21671,369.0,0.0,370.0,0.079,,,,,,,,,
1789036875.3476,load,2,-1,21671,370.0,0.0,371.0,0.217,,,,,,,,,
1789036876.6804,load,2,-1,21671,371.0,0.0,372.0,0.145,,,,,,,,,
1789036877.1402,load,2,-1,21671,372.0,0.0,373.0,0.155,,,,,,,,,
1789036879.788,load,2,-1,21671,373.0,0.0,374.0,0.14,,,,,,,,,
1789036879.96,load,2,-1,21671,374.0,0.0,375.0,0.146,,,,,,,,,
1789036882.1894,load,2,-1,21671,375.0,0.0,376.0,0.117,,,,,,,,,
1789036882.3181,load,2,-1,21671,376.0,0.0,377.0,0.162,,,,,,,,,
1789036884.2534,load,2,-1,21671,377.0,0.0,378.0,0.155,,,,,,,,,
1789036884.689,load,2,-1,21671,378.0,0.0,379.0,0.124,,,,,,,,,
1789036885.9556,load,2,-1,21671,379.0,0.0,380.0,0.2,,,,,,,,,
1789036886.1479,load,2,-1,21671,380.0,0.0,381.0,0.211,,,,,,,,,
1789036888.3964,load,2,-1,21671,381.0,0.0,382.0,0.127,,,,,,,,,
1789036888.5085,load,2,-1,21671,382.0,0.0,383.0,0.132,,,,,,,,,
1789036890.5075,load,2,-1,21671,383.0,0.0,384.0,0.131,,,,,,,,,
1789036890.9478,load,2,-1,21671,384.0,0.0,385.0,0.291,,,,,,,,,
1789036892.5448,load,2,-1,21671,385.0,0.0,386.0,0.124,,,,,,,,,
1789036892.7936,load,2,-1,21671,386.0,0.0,387.0,76.825,,,,,,,,,
1789036895.288,load,2,-1,21671,387.0,0.0,388.0,0.097,,,,,,,,,
1789036895.7185,load,2,-1,21671,388.0,0.0,389.0,0.148,,,,,,,,,
1789036897.6006,load,2,-1,21671,389.0,0.0,390.0,0.123,,,,,,,,,
1789036898.0278,load,2,-1,21671,390.0,0.0,391.0,0.125,,,,,,,,,
1789036900.6895,load,2,-1,21671,391.0,0.0,392.0,0.267,,,,,,,,,
1789036900.8587,load,2,-1,21671,392.0,0.0,393.0,0.151,,,,,,,,,
1789036903.2752,load,2,-1,21671,393.0,0.0,394.0,0.117,,,,,,,,,
1789036903.788,load,2,-1,21671,394.0,0.0,395.0,0.139,,,,,,,,,
1789036905.1009,load,2,-1,21671,395.0,0.0,396.0,0.101,,,,,,,,,
1789036905.5209,load,2,-1,21671,396.0,0.0,397.0,0.108,,,,,,,,,
1789036907.9436,load,2,-1,21671,397.0,0.0,398.0,0.113,,,,,,,,,
1789036908.1204,load,2,-1,21671,398.0,0.0,399.0,0.188,,,,,,,,,
1789036910.756,load,2,-1,21671,399.0,0.0,400.0,0.547,,,,,,,,,
1789036910.8683,load,2,-1,21671,400.0,0.0,401.0,0.394,,,,,,,,,
1789036912.5914,load,2,-1,21671,401.0,0.0,402.0,0.151,,,,,,,,,
1789036913.0083,load,2,-1,21671,402.0,0.0,403.0,0.214,,,,,,,,,
1789036914.438,load,2,-1,21671,403.0,0.0,404.0,0.133,,,,,,,,,
1789036914.6082,load,2,-1,21671,404.0,0.0,405.0,0.137,,,,,,,,,
1789036917.1404,load,2,-1,21671,405.0,0.0,406.0,0.102,,,,,,,,,
1789036917.2786,load,2,-1,21671,406.0,0.0,407.0,0.26,,,,,,,,,
1789036919.229,load,2,-1,21671,407.0,0.0,408.0,0.109,,,,,,,,,
1789036919.6722,load,2,-1,21671,408.0,0.0,409.0,0.097,,,,,,,,,
1789036921.9389,load,2,-1,21671,409.0,0.0,410.0,0.102,,,,,,,,,
1789036922.1279,load,2,-1,21671,410.0,0.0,411.0,0.128,,,,,,,,,
1789036925.0863,load,2,-1,21671,411.0,0.0,412.0,0.096,,,,,,,,,
1789036925.2675,load,2,-1,21671,412.0,0.0,413.0,0.12,,,,,,,,,
1789036927.6718,load,2,-1,21671,413.0,0.0,414.0,0.107,,,,,,,,,
1789036928.0839,load,2,-1,21671,414.0,0.0,415.0,0.117,,,,,,,,,
1789036930.2307,load,2,-1,21671,415.0,0.0,416.0,0.129,,,,,,,,,
1789036930.4049,load,2,-1,21671,416.0,0.0,417.0,0.184,,,,,,,,,
1789036933.0313,load,2,-1,21671,417.0,0.0,418.0,0.077,,,,,,,,,
1789036933.1385,load,2,-1,21671,418.0,0.0,419.0,0.118,,,,,,,,,
1789036935.6164,load,2,-1,21671,419.0,0.0,420.0,0.15,,,,,,,,,
1789036936.0803,load,2,-1,21671,420.0,0.0,421.0,0.132,,,,,,,,,
1789036937.7814,load,2,-1,21671,421.0,0.0,422.0,0.21,,,,,,,,,
1789036937.8927,load,2,-1,21671,422.0,0.0,423.0,0.124,,,,,,,,,
1789036939.9888,load,2,-1,21671,423.0,0.0,424.0,0.131,,,,,,,,,
1789036940.0984,load,2,-1,21671,424.0,0.0,425.0,0.13,,,,,,,,,
1789036942.3126,load,2,-1,21671,425.0,0.0,426.0,0.128,,,,,,,,,
1789036942.7472,load,2,-1,21671,426.0,0.0,427.0,0.18,,,,,,,,,
1789036944.7286,load,2,-1,21671,427.0,0.0,428.0,0.107,,,,,,,,,
1789036944.8988,load,2,-1,21671,428.0,0.0,429.0,0.112,,,,,,,,,
1789036947.2914,load,2,-1,21671,429.0,0.0,430.0,0.077,,,,,,,,,
1789036947.3995,load,2,-1,21671,430.0,0.0,431.0,0.109,,,,,,,,,
1789036950.1252,load,2,-1,21671,431.0,0.0,432.0,0.117,,,,,,,,,
1789036950.5598,load,2,-1,21671,432.0,0.0,433.0,0.096,,,,,,,,,
1789036952.9825,load,2,-1,21671,433.0,0.0,434.0,0.103,,,,,,,,,
1789036953.1375,load,2,-1,21671,434.0,0.0,435.0,0.136,,,,,,,,,
1789036955.7892,load,2,-1,21671,435.0,0.0,436.0,0.116,,,,,,,,,
1789036955.9,load,2,-1,21671,436.0,0.0,437.0,0.151,,,,,,,,,
1789036957.8476,load,2,-1,21671,437.0,0.0,438.0,0.096,,,,,,,,,
1789036958.2537,load,2,-1,21671,438.0,0.0,439.0,0.096,,,,,,,,,
1789036960.258,load,2,-1,21671,439.0,0.0,440.0,0.093,,,,,,,,,
1789036960.4427,load,2,-1,21671,440.0,0.0,441.0,0.11,,,,,,,,,
1789036963.3076,load,2,-1,21671,441.0,0.0,442.0,0.243,,,,,,,,,
1789036963.4205,load,2,-1,21671,442.0,0.0,443.0,0.15,,,,,,,,,
1789036965.4098,load,2,-1,21671,443.0,0.0,444.0,0.135,,,,,,,,,
1789036965.8542,load,2,-1,21671,444.0,0.0,445.0,0.103,,,,,,,,,
1789036967.8855,load,2,-1,21671,445.0,0.0,446.0,0.122,,,,,,,,,
1789036968.0553,load,2,-1,21671,446.0,0.0,447.0,0.119,,,,,,,,,
1789036970.5523,load,2,-1,21671,447.0,0.0,448.0,0.096,,,,,,,,,
1789036970.6639,load,2,-1,21671,448.0,0.0,449.0,0.118,,,,,,,,,
1789036972.1245,load,2,-1,21671,449.0,0.0,450.0,0.091,,,,,,,,,
1789036972.5461,load,2,-1,21671,450.0,0.0,451.0,0.102,,,,,,,,,
1789036974.6785,load,2,-1,21671,451.0,0.0,452.0,0.092,,,,,,,,,
1789036974.868,load,2,-1,21671,452.0,0.0,453.0,0.123,,,,,,,,,
1789036977.1971,load,2,-1,21671,453.0,0.0,454.0,0.079,,,,,,,,,
1789036977.3058,load,2,-1,21671,454.0,0.0,455.0,0.115,,,,,,,,,
1789036978.9023,load,2,-1,21671,455.0,0.0,456.0,0.107,,,,,,,,,
1789036979.3283,load,2,-1,21671,456.0,0.0,457.0,0.109,,,,,,,,,
1789036981.4912,load,2,-1,21671,457.0,0.0,458.0,0.109,,,,,,,,,
1789036981.6615,load,2,-1,21671,458.0,0.0,459.0,0.122,,,,,,,,,
1789036984.3895,load,2,-1,21671,459.0,0.0,460.0,0.083,,,,,,,,,
1789036984.5283,load,2,-1,21671,460.0,0.0,461.0,0.136,,,,,,,,,
1789036986.6082,load,2,-1,21671,461.0,0.0,462.0,0.102,,,,,,,,,
1789036986.9575,load,2,-1,21671,462.0,0.0,463.0,0.096,,,,,,,,,
1789036989.2437,load,2,-1,21671,463.0,0.0,464.0,0.095,,,,,,,,,
1789036989.423,load,2,-1,21671,464.0,0.0,465.0,0.12,,,,,,,,,
1789036991.8296,load,2,-1,21671,465.0,0.0,466.0,0.081,,,,,,,,,
1789036991.9797,load,2,-1,21671,466.0,0.0,467.0,0.115,,,,,,,,,
1789036994.0031,load,2,-1,21671,467.0,0.0,468.0,0.097,,,,,,,,,
1789036994.4155,load,2,-1,21671,468.0,0.0,469.0,0.102,,,,,,,,,
1789036995.973,load,2,-1,21671,469.0,0.0,470.0,0.111,,,,,,,,,
1789036996.146,load,2,-1,21671,470.0,0.0,471.0,0.135,,,,,,,,,
1789036998.9201,load,2,-1,21671,471.0,0.0,472.0,0.089,,,,,,,,,
1789036999.0816,load,2,-1,21671,472.0,0.0,473.0,0.119,,,,,,,,,
1789037000.7567,load,2,-1,21671,473.0,0.0,474.0,0.094,,,,,,,,,
1789037001.1693,load,2,-1,21671,474.0,0.0,475.0,0.096,,,,,,,,,
1789037003.3035,load,2,-1,21671,475.0,0.0,476.0,0.093,,,,,,,,,
1789037003.4742,load,2,-1,21671,476.0,0.0,477.0,0.113,,,,,,,,,
1789037005.7095,load,2,-1,21671,477.0,0.0,478.0,0.076,,,,,,,,,
1789037005.8204,load,2,-1,21671,478.0,0.0,479.0,0.111,,,,,,,,,
1789037007.8235,load,2,-1,21671,479.0,0.0,480.0,0.095,,,,,,,,,
1789037008.271,load,2,-1,21671,480.0,0.0,481.0,0.087,,,,,,,,,
1789037010.4423,load,2,-1,21671,481.0,0.0,482.0,0.098,,,,,,,,,
1789037010.554,load,2,-1,21671,482.0,0.0,483.0,0.106,,,,,,,,,
1789037012.5955,load,2,-1,21671,483.0,0.0,484.0,0.088,,,,,,,,,
1789037013.0248,load,2,-1,21671,484.0,0.0,485.0,290.262,,,,,,,,,
1789037014.9669,load,2,-1,21671,485.0,0.0,486.0,0.118,,,,,,,,,
1789037015.6414,load,2,-1,21671,486.0,0.0,487.0,0.096,,,,,,,,,
1789037017.3496,load,2,-1,21671,487.0,0.0,488.0,0.104,,,,,,,,,
1789037018.2843,load,2,-1,21671,488.0,0.0,489.0,35.604,,,,,,,,,
1789037020.5604,load,2,-1,21671,489.0,0.0,490.0,0.077,,,,,,,,,
1789037020.8367,load,2,-1,21671,490.0,0.0,491.0,134.246,,,,,,,,,
1789037022.6904,load,2,-1,21671,491.0,0.0,492.0,0.113,,,,,,,,,
1789037023.6429,load,2,-1,21671,492.0,0.0,493.0,0.107,,,,,,,,,
1789037024.7472,load,2,-1,21671,493.0,0.0,494.0,0.103,,,,,,,,,
1789037025.8838,load,2,-1,21671,494.0,0.0,495.0,305.656,,,,,,,,,
1789037027.4776,load,2,-1,21671,495.0,0.0,496.0,0.076,,,,,,,,,
1789037028.3612,load,2,-1,21671,496.0,0.0,497.0,274.764,,,,,,,,,
1789037030.121,load,2,-1,21671,497.0,0.0,498.0,0.102,,,,,,,,,
1789037031.5072,load,2,-1,21671,498.0,0.0,499.0,956.665,,,,,,,,,
1789037032.8259,load,2,-1,21671,499.0,0.0,500.0,0.107,,,,,,,,,
1789037033.7496,load,2,-1,21671,500.0,0.0,501.0,734.364,,,,,,,,,
1789037035.677,load,2,-1,21671,501.0,0.0,502.0,0.119,,,,,,,,,
1789037036.4032,load,2,-1,21671,502.0,0.0,503.0,616.056,,,,,,,,,
1789037038.0039,load,2,-1,21671,503.0,0.0,504.0,0.09,,,,,,,,,
1789037039.1744,load,2,-1,21671,504.0,0.0,505.0,770.534,,,,,,,,,
1789037040.7511,load,2,-1,21671,505.0,0.0,506.0,0.097,,,,,,,,,
1789037041.3117,load,2,-1,21671,506.0,0.0,507.0,381.758,,,,,,,,,
1789037043.4474,load,2,-1,21671,507.0,0.0,508.0,0.074,,,,,,,,,
1789037043.5753,load,2,-1,21671,508.0,0.0,509.0,0.099,,,,,,,,,
1789037045.0829,load,2,-1,21671,509.0,0.0,510.0,0.086,,,,,,,,,
1789037046.1559,load,2,-1,21671,510.0,0.0,511.0,0.09,,,,,,,,,
1789037047.5425,load,2,-1,21671,511.0,0.0,512.0,0.094,,,,,,,,,
1789037048.1731,load,2,-1,21671,512.0,0.0,513.0,165.014,,,,,,,,,
1789037050.4195,load,2,-1,21671,513.0,0.0,514.0,0.077,,,,,,,,,
1789037050.9234,load,2,-1,21671,514.0,0.0,515.0,0.111,,,,,,,,,
1789037052.4173,load,2,-1,21671,515.0,0.0,516.0,0.085,,,,,,,,,
1789037053.7207,load,2,-1,21671,516.0,0.0,517.0,0.098,,,,,,,,,
1789037054.8932,load,2,-1,21671,517.0,0.0,518.0,0.097,,,,,,,,,
1789037056.447,load,2,-1,21671,518.0,0.0,519.0,811.58,,,,,,,,,
1789037058.1445,load,2,-1,21671,519.0,0.0,520.0,0.087,,,,,,,,,
1789037059.2953,load,2,-1,21671,520.0,0.0,521.0,772.604,,,,,,,,,
1789037060.5553,load,2,-1,21671,521.0,0.0,522.0,0.123,,,,,,,,,
1789037061.6077,load,2,-1,21671,522.0,0.0,523.0,479.298,,,,,,,,,
1789037062.5993,load,2,-1,21671,523.0,0.0,524.0,0.095,,,,,,,,,
1789037063.333,load,2,-1,21671,524.0,0.0,525.0,46.281,,,,,,,,,
1789037064.9986,load,2,-1,21671,525.0,0.0,526.0,0.103,,,,,,,,,
1789037066.2062,load,2,-1,21671,526.0,0.0,527.0,0.118,,,,,,,,,
1789037067.0507,load,2,-1,21671,527.0,0.0,528.0,0.108,,,,,,,,,
1789037069.0234,load,2,-1,21671,528.0,0.0,529.0,0.09,,,,,,,,,
1789037069.9908,load,2,-1,21671,529.0,0.0,530.0,0.103,,,,,,,,,
1789037071.1434,load,2,-1,21671,530.0,0.0,531.0,0.113,,,,,,,,,
1789037072.6309,load,2,-1,21671,531.0,0.0,532.0,0.075,,,,,,,,,
1789037073.5284,load,2,-1,21671,532.0,0.0,533.0,0.11,,,,,,,,,
1789037074.8367,load,2,-1,21671,533.0,0.0,534.0,0.093,,,,,,,,,
1789037076.4131,load,2,-1,21671,534.0,0.0,535.0,0.103,,,,,,,,,
1789037077.4363,load,2,-1,21671,535.0,0.0,536.0,0.111,,,,,,,,,
1789037078.8146,load,2,-1,21671,536.0,0.0,537.0,0.111,,,,,,,,,
1789037080.2673,load,2,-1,21671,537.0,0.0,538.0,0.077,,,,,,,,,
1789037081.2524,load,2,-1,21671,538.0,0.0,539.0,0.149,,,,,,,,,
1789037082.8454,load,2,-1,21671,539.0,0.0,540.0,0.088,,,,,,,,,
1789037084.0252,load,2,-1,21671,540.0,0.0,541.0,760.416,,,,,,,,,
1789037085.3674,load,2,-1,21671,541.0,0.0,542.0,0.128,,,,,,,,,
1789037086.1353,load,2,-1,21671,542.0,0.0,543.0,655.361,,,,,,,,,
1789037088.1786,load,2,-1,21671,543.0,0.0,544.0,0.105,,,,,,,,,
1789037088.5874,load,2,-1,21671,544.0,0.0,545.0,283.773,,,,,,,,,
1789037090.7095,load,2,-1,21671,545.0,0.0,546.0,0.105,,,,,,,,,
1789037091.1509,load,2,-1,21671,546.0,0.0,547.0,0.103,,,,,,,,,
1789037093.2248,load,2,-1,21671,547.0,0.0,548.0,0.121,,,,,,,,,
1789037093.506,load,2,-1,21671,548.0,0.0,549.0,107.81,,,,,,,,,
1789037096.048,load,2,-1,21671,549.0,0.0,550.0,0.216,,,,,,,,,
1789037096.3401,load,2,-1,21671,550.0,0.0,551.0,125.409,,,,,,,,,
1789037097.9984,load,2,-1,21671,551.0,0.0,552.0,0.158,,,,,,,,,
1789037098.6047,load,2,-1,21671,552.0,0.0,553.0,199.853,,,,,,,,,
1789037099.7719,load,2,-1,21671,553.0,0.0,554.0,0.09,,,,,,,,,
1789037101.9,load,2,-1,21671,554.0,0.0,555.0,1957.885,,,,,,,,,
1789037103.1786,load,2,-1,21671,555.0,0.0,556.0,0.088,,,,,,,,,
1789037103.9064,load,2,-1,21671,556.0,0.0,557.0,596.147,,,,,,,,,
1789037105.1661,load,2,-1,21671,557.0,0.0,558.0,0.107,,,,,,,,,
1789037106.6145,load,2,-1,21671,558.0,0.0,559.0,1044.811,,,,,,,,,
1789037107.5613,load,2,-1,21671,559.0,0.0,560.0,0.102,,,,,,,,,
1789037109.2909,load,2,-1,21671,560.0,0.0,561.0,1554.679,,,,,,,,,
1789037110.576,load,2,-1,21671,561.0,0.0,562.0,0.11,,,,,,,,,
1789037111.5095,load,2,-1,21671,562.0,0.0,563.0,822.685,,,,,,,,,
1789037112.282,load,2,-1,21671,563.0,0.0,564.0,0.092,,,,,,,,,
1789037113.8948,load,2,-1,21671,564.0,0.0,565.0,1205.805,,,,,,,,,
1789037114.5194,load,2,-1,21671,565.0,0.0,566.0,0.092,,,,,,,,,
1789037116.67,load,2,-1,21671,566.0,0.0,567.0,1974.122,,,,,,,,,
1789037117.2905,load,2,-1,21671,567.0,0.0,568.0,0.08,,,,,,,,,
1789037119.4522,load,2,-1,21671,568.0,0.0,569.0,2052.908,,,,,,,,,
1789037119.8225,load,2,-1,21671,569.0,0.0,570.0,0.097,,,,,,,,,
1789037121.8486,load,2,-1,21671,570.0,0.0,571.0,1613.609,,,,,,,,,
1789037122.0131,load,2,-1,21671,571.0,0.0,572.0,0.089,,,,,,,,,
1789037124.095,load,2,-1,21671,572.0,0.0,573.0,1907.801,,,,,,,,,
1789037124.6582,load,2,-1,21671,573.0,0.0,574.0,0.073,,,,,,,,,
1789037126.6323,load,2,-1,21671,574.0,0.0,575.0,1861.192,,,,,,,,,
1789037126.8308,load,2,-1,21671,575.0,0.0,576.0,0.098,,,,,,,,,
1789037129.357,load,2,-1,21671,576.0,0.0,577.0,2121.773,,,,,,,,,
1789037129.4651,load,2,-1,21671,577.0,0.0,578.0,0.094,,,,,,,,,
1789037131.7738,load,2,-1,21671,578.0,0.0,579.0,2135.578,,,,,,,,,
1789037132.3929,load,2,-1,21671,579.0,0.0,580.0,0.086,,,,,,,,,
1789037134.0505,load,2,-1,21671,580.0,0.0,581.0,1549.435,,,,,,,,,
1789037134.5715,load,2,-1,21671,581.0,0.0,582.0,0.097,,,,,,,,,
1789037135.8475,load,2,-1,21671,582.0,0.0,583.0,934.126,,,,,,,,,
1789037136.5792,load,2,-1,21671,583.0,0.0,584.0,0.092,,,,,,,,,
1789037138.9384,load,2,-1,21671,584.0,0.0,585.0,2187.798,,,,,,,,,
1789037139.6813,load,2,-1,21671,585.0,0.0,586.0,0.079,,,,,,,,,
1789037141.6332,load,2,-1,21671,586.0,0.0,587.0,1837.689,,,,,,,,,
1789037142.2875,load,2,-1,21671,587.0,0.0,588.0,0.092,,,,,,,,,
1789037144.1023,load,2,-1,21671,588.0,0.0,589.0,1409.146,,,,,,,,,
1789037144.5088,load,2,-1,21671,589.0,0.0,590.0,0.093,,,,,,,,,
1789037146.2362,load,2,-1,21671,590.0,0.0,591.0,1550.149,,,,,,,,,
1789037147.2105,load,2,-1,21671,591.0,0.0,592.0,0.079,,,,,,,,,
1789037148.262,load,2,-1,21671,592.0,0.0,593.0,906.234,,,,,,,,,
1789037149.3833,load,2,-1,21671,593.0,0.0,594.0,0.104,,,,,,,,,
1789037150.1383,load,2,-1,21671,594.0,0.0,595.0,332.192,,,,,,,,,
1789037151.2554,load,2,-1,21671,595.0,0.0,596.0,0.111,,,,,,,,,
1789037151.9098,load,2,-1,21671,596.0,0.0,597.0,483.645,,,,,,,,,
1789037153.7166,load,2,-1,21671,597.0,0.0,598.0,0.087,,,,,,,,,
1789037154.3658,load,2,-1,21671,598.0,0.0,599.0,530.59,,,,,,,,,
1789037155.906,load,2,-1,21671,599.0,0.0,600.0,0.093,,,,,,,,,
1789037156.3777,load,2,-1,21671,600.0,0.0,601.0,0.092,,,,,,,,,
1789037158.2922,load,2,-1,21671,601.0,0.0,602.0,0.115,,,,,,,,,
1789037158.6261,load,2,-1,21671,602.0,0.0,603.0,222.922,,,,,,,,,
1789037160.9143,load,2,-1,21671,603.0,0.0,604.0,0.078,,,,,,,,,
1789037161.087,load,2,-1,21671,604.0,0.0,605.0,0.105,,,,,,,,,
1789037163.0363,load,2,-1,21671,605.0,0.0,606.0,0.101,,,,,,,,,
1789037163.7626,load,2,-1,21671,606.0,0.0,607.0,295.283,,,,,,,,,
1789037165.8851,load,2,-1,21671,607.0,0.0,608.0,0.103,,,,,,,,,
1789037166.058,load,2,-1,21671,608.0,0.0,609.0,0.12,,,,,,,,,
1789037168.7781,load,2,-1,21671,609.0,0.0,610.0,0.097,,,,,,,,,
1789037168.8979,load,2,-1,21671,610.0,0.0,611.0,0.114,,,,,,,,,
1789037171.185,load,2,-1,21671,611.0,0.0,612.0,0.107,,,,,,,,,
1789037171.6083,load,2,-1,21671,612.0,0.0,613.0,0.132,,,,,,,,,
1789037173.2069,load,2,-1,21671,613.0,0.0,614.0,0.096,,,,,,,,,
1789037173.3788,load,2,-1,21671,614.0,0.0,615.0,0.112,,,,,,,,,
1789037175.9147,load,2,-1,21671,615.0,0.0,616.0,0.086,,,,,,,,,
1789037176.0434,load,2,-1,21671,616.0,0.0,617.0,0.104,,,,,,,,,
1789037178.0795,load,2,-1,21671,617.0,0.0,618.0,0.095,,,,,,,,,
1789037178.5081,load,2,-1,21671,618.0,0.0,619.0,0.099,,,,,,,,,
1789037180.6315,load,2,-1,21671,619.0,0.0,620.0,0.094,,,,,,,,,
1789037180.8195,load,2,-1,21671,620.0,0.0,621.0,0.126,,,,,,,,,
1789037183.826,load,2,-1,21671,621.0,0.0,622.0,0.109,,,,,,,,,
1789037183.9388,load,2,-1,21671,622.0,0.0,623.0,0.118,,,,,,,,,
1789037185.5797,load,2,-1,21671,623.0,0.0,624.0,0.104,,,,,,,,,
1789037186.0008,load,2,-1,21671,624.0,0.0,625.0,0.102,,,,,,,,,
1789037187.6408,load,2,-1,21671,625.0,0.0,626.0,0.103,,,,,,,,,
1789037187.8106,load,2,-1,21671,626.0,0.0,627.0,0.126,,,,,,,,,
1789037189.7128,load,2,-1,21671,627.0,0.0,628.0,0.08,,,,,,,,,
1789037189.8296,load,2,-1,21671,628.0,0.0,629.0,0.119,,,,,,,,,
1789037192.1315,load,2,-1,21671,629.0,0.0,630.0,0.091,,,,,,,,,
1789037192.5658,load,2,-1,21671,630.0,0.0,631.0,0.099,,,,,,,,,
1789037194.381,load,2,-1,21671,631.0,0.0,632.0,0.096,,,,,,,,,
1789037194.5533,load,2,-1,21671,632.0,0.0,633.0,0.112,,,,,,,,,
1789037196.8792,load,2,-1,21671,633.0,0.0,634.0,0.084,,,,,,,,,
1789037196.9875,load,2,-1,21671,634.0,0.0,635.0,0.125,,,,,,,,,
1789037198.0678,load,2,-1,21671,635.0,0.0,636.0,0.121,,,,,,,,,
1789037198.5062,load,2,-1,21671,636.0,0.0,637.0,0.089,,,,,,,,,
1789037200.3236,load,2,-1,21671,637.0,0.0,638.0,0.113,,,,,,,,,
1789037200.8428,load,2,-1,21671,638.0,0.0,639.0,220.417,,,,,,,,,
1789037203.0848,load,2,-1,21671,639.0,0.0,640.0,0.106,,,,,,,,,
1789037203.4446,load,2,-1,21671,640.0,0.0,641.0,0.115,,,,,,,,,
1789037204.9174,load,2,-1,21671,641.0,0.0,642.0,0.133,,,,,,,,,
1789037206.699,load,2,-1,21671,642.0,0.0,643.0,0.102,,,,,,,,,
1789037207.3552,load,2,-1,21671,643.0,0.0,644.0,0.093,,,,,,,,,
1789037208.2078,load,2,-1,21671,644.0,0.0,645.0,0.11,,,,,,,,,
1789037209.6693,load,2,-1,21671,645.0,0.0,646.0,0.098,,,,,,,,,
1789037210.265,load,2,-1,21671,646.0,0.0,647.0,148.641,,,,,,,,,
1789037211.6444,load,2,-1,21671,647.0,0.0,648.0,0.102,,,,,,,,,
1789037212.9519,load,2,-1,21671,648.0,0.0,649.0,0.108,,,,,,,,,
1789037214.027,load,2,-1,21671,649.0,0.0,650.0,0.111,,,,,,,,,
1789037215.9433,load,2,-1,21671,650.0,0.0,651.0,0.136,,,,,,,,,
1789037216.7947,load,2,-1,21671,651.0,0.0,652.0,0.079,,,,,,,,,
1789037218.001,load,2,-1,21671,652.0,0.0,653.0,0.118,,,,,,,,,
1789037218.4119,load,2,-1,21671,653.0,0.0,654.0,0.093,,,,,,,,,
1789037220.5085,load,2,-1,21671,654.0,0.0,655.0,0.096,,,,,,,,,
1789037220.8978,load,2,-1,21671,655.0,0.0,656.0,0.104,,,,,,,,,
1789037223.0553,load,2,-1,21671,656.0,0.0,657.0,0.113,,,,,,,,,
1789037223.483,load,2,-1,21671,657.0,0.0,658.0,0.077,,,,,,,,,
1789037225.215,load,2,-1,21671,658.0,0.0,659.0,0.15,,,,,,,,,
1789037225.4018,load,2,-1,21671,659.0,0.0,660.0,0.102,,,,,,,,,
1789037227.2423,load,2,-1,21671,660.0,0.0,661.0,0.098,,,,,,,,,
1789037227.7169,load,2,-1,21671,661.0,0.0,662.0,0.114,,,,,,,,,
1789037229.326,load,2,-1,21671,662.0,0.0,663.0,347.636,,,,,,,,,
1789037230.2258,load,2,-1,21671,663.0,0.0,664.0,0.086,,,,,,,,,
1789037231.9666,load,2,-1,21671,664.0,0.0,665.0,651.827,,,,,,,,,
1789037232.0882,load,2,-1,21671,665.0,0.0,666.0,0.089,,,,,,,,,
1789037234.8734,load,2,-1,21671,666.0,0.0,667.0,1313.595,,,,,,,,,
1789037234.9822,load,2,-1,21671,667.0,0.0,668.0,0.089,,,,,,,,,
1789037237.3733,load,2,-1,21671,668.0,0.0,669.0,1745.133,,,,,,,,,
1789037237.7387,load,2,-1,21671,669.0,0.0,670.0,0.074,,,,,,,,,
1789037240.3708,load,2,-1,21671,670.0,0.0,671.0,1971.971,,,,,,,,,
1789037240.4893,load,2,-1,21671,671.0,0.0,672.0,0.093,,,,,,,,,
1789037242.8178,load,2,-1,21671,672.0,0.0,673.0,1933.08,,,,,,,,,
1789037243.1421,load,2,-1,21671,673.0,0.0,674.0,0.096,,,,,,,,,
1789037244.9865,load,2,-1,21671,674.0,0.0,675.0,1672.478,,,,,,,,,
1789037245.822,load,2,-1,21671,675.0,0.0,676.0,0.077,,,,,,,,,
1789037247.4623,load,2,-1,21671,676.0,0.0,677.0,1469.725,,,,,,,,,
1789037247.7772,load,2,-1,21671,677.0,0.0,678.0,0.102,,,,,,,,,
1789037249.958,load,2,-1,21671,678.0,0.0,679.0,1769.384,,,,,,,,,
1789037250.572,load,2,-1,21671,679.0,0.0,680.0,0.101,,,,,,,,,
1789037252.8939,load,2,-1,21671,680.0,0.0,681.0,2152.273,,,,,,,,,
1789037253.6247,load,2,-1,21671,681.0,0.0,682.0,0.138,,,,,,,,,
1789037255.1335,load,2,-1,21671,682.0,0.0,683.0,1395.798,,,,,,,,,
1789037255.6091,load,2,-1,21671,683.0,0.0,684.0,0.098,,,,,,,,,
1789037257.6517,load,2,-1,21671,684.0,0.0,685.0,1609.464,,,,,,,,,
1789037258.1042,load,2,-1,21671,685.0,0.0,686.0,0.097,,,,,,,,,
1789037259.8461,load,2,-1,21671,686.0,0.0,687.0,1571.04,,,,,,,,,
1789037260.5442,load,2,-1,21671,687.0,0.0,688.0,0.131,,,,,,,,,
1789037261.9709,load,2,-1,21671,688.0,0.0,689.0,1284.687,,,,,,,,,
1789037262.558,load,2,-1,21671,689.0,0.0,690.0,0.094,,,,,,,,,
1789037264.3579,load,2,-1,21671,690.0,0.0,691.0,1396.537,,,,,,,,,
1789037265.0944,load,2,-1,21671,691.0,0.0,692.0,0.096,,,,,,,,,
1789037266.4958,load,2,-1,21671,692.0,0.0,693.0,1210.822,,,,,,,,,
1789037267.679,load,2,-1,21671,693.0,0.0,694.0,0.079,,,,,,,,,
1789037268.808,load,2,-1,21671,694.0,0.0,695.0,920.805,,,,,,,,,
1789037269.1217,load,2,-1,21671,695.0,0.0,696.0,0.094,,,,,,,,,
1789037271.404,load,2,-1,21671,696.0,0.0,697.0,1785.583,,,,,,,,,
1789037271.9133,load,2,-1,21671,697.0,0.0,698.0,0.11,,,,,,,,,
1789037273.8573,load,2,-1,21671,698.0,0.0,699.0,1768.095,,,,,,,,,
1789037274.9471,load,2,-1,21671,699.0,0.0,700.0,0.081,,,,,,,,,
1789037276.0323,load,2,-1,21671,700.0,0.0,701.0,963.262,,,,,,,,,
1789037276.6913,load,2,-1,21671,701.0,0.0,702.0,0.093,,,,,,,,,
1789037278.3339,load,2,-1,21671,702.0,0.0,703.0,1303.049,,,,,,,,,
1789037279.1924,load,2,-1,21671,703.0,0.0,704.0,0.108,,,,,,,,,
1789037281.0567,load,2,-1,21671,704.0,0.0,705.0,1694.239,,,,,,,,,
1789037281.9113,load,2,-1,21671,705.0,0.0,706.0,0.083,,,,,,,,,
1789037283.3829,load,2,-1,21671,706.0,0.0,707.0,1333.474,,,,,,,,,
1789037284.0346,load,2,-1,21671,707.0,0.0,708.0,0.1,,,,,,,,,
1789037285.6487,load,2,-1,21671,708.0,0.0,709.0,1213.415,,,,,,,,,
1789037286.5582,load,2,-1,21671,709.0,0.0,710.0,0.088,,,,,,,,,
1789037287.9248,load,2,-1,21671,710.0,0.0,711.0,1193.943,,,,,,,,,
1789037288.8959,load,2,-1,21671,711.0,0.0,712.0,0.116,,,,,,,,,
1789037290.2521,load,2,-1,21671,712.0,0.0,713.0,1241.755,,,,,,,,,
1789037291.0549,load,2,-1,21671,713.0,0.0,714.0,0.09,,,,,,,,,
1789037292.2654,load,2,-1,21671,714.0,0.0,715.0,803.721,,,,,,,,,
1789037293.2389,load,2,-1,21671,715.0,0.0,716.0,0.09,,,,,,,,,
1789037294.9717,load,2,-1,21671,716.0,0.0,717.0,1186.536,,,,,,,,,
1789037295.8832,load,2,-1,21671,717.0,0.0,718.0,0.079,,,,,,,,,
1789037297.6204,load,2,-1,21671,718.0,0.0,719.0,853.455,,,,,,,,,
1789037298.3589,load,2,-1,21671,719.0,0.0,720.0,0.109,,,,,,,,,
1789037300.4797,load,2,-1,21671,720.0,0.0,721.0,1083.605,,,,,,,,,
1789037301.2535,load,2,-1,21671,721.0,0.0,722.0,0.323,,,,,,,,,
1789037303.1369,load,2,-1,21671,722.0,0.0,723.0,1090.7,,,,,,,,,
1789037303.4769,load,2,-1,21671,723.0,0.0,724.0,0.094,,,,,,,,,
1789037305.6782,load,2,-1,21671,724.0,0.0,725.0,1872.794,,,,,,,,,
1789037305.7871,load,2,-1,21671,725.0,0.0,726.0,0.091,,,,,,,,,
1789037308.2767,load,2,-1,21671,726.0,0.0,727.0,1634.562,,,,,,,,,
1789037308.3853,load,2,-1,21671,727.0,0.0,728.0,0.09,,,,,,,,,
1789037310.4453,load,2,-1,21671,728.0,0.0,729.0,1177.341,,,,,,,,,
1789037310.7839,load,2,-1,21671,729.0,0.0,730.0,0.09,,,,,,,,,
1789037312.9169,load,2,-1,21671,730.0,0.0,731.0,1337.658,,,,,,,,,
1789037313.0258,load,2,-1,21671,731.0,0.0,732.0,0.093,,,,,,,,,
1789037315.3597,load,2,-1,21671,732.0,0.0,733.0,818.329,,,,,,,,,
1789037315.4691,load,2,-1,21671,733.0,0.0,734.0,0.092,,,,,,,,,
1789037317.8452,load,2,-1,21671,734.0,0.0,735.0,990.459,,,,,,,,,
1789037318.1855,load,2,-1,21671,735.0,0.0,736.0,0.076,,,,,,,,,
1789037320.5668,load,2,-1,21671,736.0,0.0,737.0,1195.8,,,,,,,,,
1789037320.676,load,2,-1,21671,737.0,0.0,738.0,0.092,,,,,,,,,
1789037322.8176,load,2,-1,21671,738.0,0.0,739.0,1070.696,,,,,,,,,
1789037322.9274,load,2,-1,21671,739.0,0.0,740.0,0.097,,,,,,,,,
1789037325.37,load,2,-1,21671,740.0,0.0,741.0,1586.892,,,,,,,,,
1789037325.782,load,2,-1,21671,741.0,0.0,742.0,0.104,,,,,,,,,
1789037327.7826,load,2,-1,21671,742.0,0.0,743.0,1178.385,,,,,,,,,
1789037327.8909,load,2,-1,21671,743.0,0.0,744.0,0.093,,,,,,,,,
1789037330.2353,load,2,-1,21671,744.0,0.0,745.0,1651.977,,,,,,,,,
1789037330.3447,load,2,-1,21671,745.0,0.0,746.0,0.098,,,,,,,,,
1789037332.3965,load,2,-1,21671,746.0,0.0,747.0,1141.137,,,,,,,,,
1789037332.7348,load,2,-1,21671,747.0,0.0,748.0,0.078,,,,,,,,,
1789037334.7828,load,2,-1,21671,748.0,0.0,749.0,832.77,,,,,,,,,
1789037334.8916,load,2,-1,21671,749.0,0.0,750.0,0.092,,,,,,,,,
1789037337.0894,load,2,-1,21671,750.0,0.0,751.0,560.518,,,,,,,,,
1789037337.4647,load,2,-1,21671,751.0,0.0,752.0,0.102,,,,,,,,,
1789037339.1053,load,2,-1,21671,752.0,0.0,753.0,520.396,,,,,,,,,
1789037339.4802,load,2,-1,21671,753.0,0.0,754.0,0.079,,,,,,,,,
1789037342.0209,load,2,-1,21671,754.0,0.0,755.0,1301.711,,,,,,,,,
1789037342.1308,load,2,-1,21671,755.0,0.0,756.0,0.094,,,,,,,,,
1789037344.6051,load,2,-1,21671,756.0,0.0,757.0,1412.311,,,,,,,,,
1789037345.1153,load,2,-1,21671,757.0,0.0,758.0,0.091,,,,,,,,,
1789037346.6497,load,2,-1,21671,758.0,0.0,759.0,1329.332,,,,,,,,,
1789037347.0222,load,2,-1,21671,759.0,0.0,760.0,0.087,,,,,,,,,
1789037349.3642,load,2,-1,21671,760.0,0.0,761.0,1402.705,,,,,,,,,
1789037349.5674,load,2,-1,21671,761.0,0.0,762.0,0.095,,,,,,,,,
1789037351.9895,load,2,-1,21671,762.0,0.0,763.0,1231.293,,,,,,,,,
1789037352.0979,load,2,-1,21671,763.0,0.0,764.0,0.091,,,,,,,,,
1789037353.7519,load,2,-1,21671,764.0,0.0,765.0,971.272,,,,,,,,,
1789037354.1008,load,2,-1,21671,765.0,0.0,766.0,0.226,,,,,,,,,
1789037356.2948,load,2,-1,21671,766.0,0.0,767.0,843.436,,,,,,,,,
1789037356.4071,load,2,-1,21671,767.0,0.0,768.0,0.106,,,,,,,,,
1789037358.1671,load,2,-1,21671,768.0,0.0,769.0,338.48,,,,,,,,,
1789037358.2769,load,2,-1,21671,769.0,0.0,770.0,0.088,,,,,,,,,
1789037360.9099,load,2,-1,21671,770.0,0.0,771.0,1295.012,,,,,,,,,
1789037361.2811,load,2,-1,21671,771.0,0.0,772.0,0.102,,,,,,,,,
1789037363.5331,load,2,-1,21671,772.0,0.0,773.0,799.269,,,,,,,,,
1789037363.6432,load,2,-1,21671,773.0,0.0,774.0,0.103,,,,,,,,,
1789037366.1509,load,2,-1,21671,774.0,0.0,775.0,600.479,,,,,,,,,
1789037366.2593,load,2,-1,21671,775.0,0.0,776.0,0.091,,,,,,,,,
1789037368.7425,load,2,-1,21671,776.0,0.0,777.0,1334.728,,,,,,,,,
1789037369.0934,load,2,-1,21671,777.0,0.0,778.0,0.085,,,,,,,,,
1789037370.7287,load,2,-1,21671,778.0,0.0,779.0,1479.841,,,,,,,,,
1789037370.841,load,2,-1,21671,779.0,0.0,780.0,0.13,,,,,,,,,
1789037373.4668,load,2,-1,21671,780.0,0.0,781.0,1401.006,,,,,,,,,
1789037373.6562,load,2,-1,21671,781.0,0.0,782.0,0.123,,,,,,,,,
1789037375.5764,load,2,-1,21671,782.0,0.0,783.0,708.627,,,,,,,,,
1789037375.9156,load,2,-1,21671,783.0,0.0,784.0,0.076,,,,,,,,,
1789037377.8406,load,2,-1,21671,784.0,0.0,785.0,344.836,,,,,,,,,
1789037377.9498,load,2,-1,21671,785.0,0.0,786.0,0.457,,,,,,,,,
1789037380.4856,load,2,-1,21671,786.0,0.0,787.0,0.23,,,,,,,,,
1789037380.5954,load,2,-1,21671,787.0,0.0,788.0,0.099,,,,,,,,,
1789037383.2692,load,2,-1,21671,788.0,0.0,789.0,493.018,,,,,,,,,
1789037383.624,load,2,-1,21671,789.0,0.0,790.0,0.116,,,,,,,,,
1789037385.778,load,2,-1,21671,790.0,0.0,791.0,622.491,,,,,,,,,
1789037385.8863,load,2,-1,21671,791.0,0.0,792.0,0.093,,,,,,,,,
1789037388.0822,load,2,-1,21671,792.0,0.0,793.0,0.093,,,,,,,,,
1789037388.1902,load,2,-1,21671,793.0,0.0,794.0,0.089,,,,,,,,,
1789037389.7775,load,2,-1,21671,794.0,0.0,795.0,0.117,,,,,,,,,
1789037390.1912,load,2,-1,21671,795.0,0.0,796.0,0.088,,,,,,,,,
1789037392.2763,load,2,-1,21671,796.0,0.0,797.0,393.834,,,,,,,,,
1789037392.386,load,2,-1,21671,797.0,0.0,798.0,0.086,,,,,,,,,
1789037394.7952,load,2,-1,21671,798.0,0.0,799.0,94.097,,,,,,,,,
1789037394.9052,load,2,-1,21671,799.0,0.0,800.0,0.107,,,,,,,,,
1789037397.394,load,2,-1,21671,800.0,0.0,801.0,0.129,,,,,,,,,
1789037397.8746,load,2,-1,21671,801.0,0.0,802.0,0.114,,,,,,,,,
1789037399.4436,load,2,-1,21671,802.0,0.0,803.0,0.133,,,,,,,,,
1789037399.6132,load,2,-1,21671,803.0,0.0,804.0,0.096,,,,,,,,,
1789037402.2042,load,2,-1,21671,804.0,0.0,805.0,108.395,,,,,,,,,
1789037402.3142,load,2,-1,21671,805.0,0.0,806.0,0.092,,,,,,,,,
1789037404.852,load,2,-1,21671,806.0,0.0,807.0,0.116,,,,,,,,,
1789037405.2517,load,2,-1,21671,807.0,0.0,808.0,0.067,,,,,,,,,
1789037407.3735,load,2,-1,21671,808.0,0.0,809.0,0.126,,,,,,,,,
1789037407.5541,load,2,-1,21671,809.0,0.0,810.0,0.106,,,,,,,,,
1789037410.3817,load,2,-1,21671,810.0,0.0,811.0,0.241,,,,,,,,,
1789037410.4936,load,2,-1,21671,811.0,0.0,812.0,0.106,,,,,,,,,
1789037412.4107,load,2,-1,21671,812.0,0.0,813.0,0.228,,,,,,,,,
1789037412.8384,load,2,-1,21671,813.0,0.0,814.0,0.108,,,,,,,,,
1789037414.6648,load,2,-1,21671,814.0,0.0,815.0,0.12,,,,,,,,,
1789037414.8391,load,2,-1,21671,815.0,0.0,816.0,0.119,,,,,,,,,
1789037417.6124,load,2,-1,21671,816.0,0.0,817.0,0.095,,,,,,,,,
1789037417.7324,load,2,-1,21671,817.0,0.0,818.0,0.095,,,,,,,,,
1789037419.5296,load,2,-1,21671,818.0,0.0,819.0,0.121,,,,,,,,,
1789037419.926,load,2,-1,21671,819.0,0.0,820.0,0.078,,,,,,,,,
1789037421.8958,load,2,-1,21671,820.0,0.0,821.0,0.127,,,,,,,,,
1789037422.1783,load,2,-1,21671,821.0,0.0,822.0,0.094,,,,,,,,,
1789037424.7312,load,2,-1,21671,822.0,0.0,823.0,0.113,,,,,,,,,
1789037424.8558,load,2,-1,21671,823.0,0.0,824.0,0.091,,,,,,,,,
1789037427.023,load,2,-1,21671,824.0,0.0,825.0,0.136,,,,,,,,,
1789037427.4308,load,2,-1,21671,825.0,0.0,826.0,0.089,,,,,,,,,
1789037429.6503,load,2,-1,21671,826.0,0.0,827.0,0.113,,,,,,,,,
1789037429.8259,load,2,-1,21671,827.0,0.0,828.0,0.092,,,,,,,,,
1789037432.0032,load,2,-1,21671,828.0,0.0,829.0,0.106,,,,,,,,,
1789037432.1204,load,2,-1,21671,829.0,0.0,830.0,0.092,,,,,,,,,
1789037434.2079,load,2,-1,21671,830.0,0.0,831.0,0.108,,,,,,,,,
1789037434.6114,load,2,-1,21671,831.0,0.0,832.0,0.078,,,,,,,,,
1789037436.806,load,2,-1,21671,832.0,0.0,833.0,0.125,,,,,,,,,
1789037436.9833,load,2,-1,21671,833.0,0.0,834.0,0.108,,,,,,,,,
1789037439.5802,load,2,-1,21671,834.0,0.0,835.0,0.13,,,,,,,,,
1789037439.7167,load,2,-1,21671,835.0,0.0,836.0,0.102,,,,,,,,,
1789037441.8048,load,2,-1,21671,836.0,0.0,837.0,0.121,,,,,,,,,
1789037442.2139,load,2,-1,21671,837.0,0.0,838.0,0.104,,,,,,,,,
1789037444.3487,load,2,-1,21671,838.0,0.0,839.0,0.125,,,,,,,,,
1789037444.5236,load,2,-1,21671,839.0,0.0,840.0,0.082,,,,,,,,,
1789037446.53,load,2,-1,21671,840.0,0.0,841.0,0.227,,,,,,,,,
1789037446.7537,load,2,-1,21671,841.0,0.0,842.0,0.138,,,,,,,,,
1789037449.0037,load,2,-1,21671,842.0,0.0,843.0,0.12,,,,,,,,,
1789037449.4098,load,2,-1,21671,843.0,0.0,844.0,0.072,,,,,,,,,
1789037451.8876,load,2,-1,21671,844.0,0.0,845.0,0.109,,,,,,,,,
1789037452.06,load,2,-1,21671,845.0,0.0,846.0,0.098,,,,,,,,,
1789037454.7718,load,2,-1,21671,846.0,0.0,847.0,0.096,,,,,,,,,
1789037454.8807,load,2,-1,21671,847.0,0.0,848.0,0.091,,,,,,,,,
1789037457.722,load,2,-1,21671,848.0,0.0,849.0,0.136,,,,,,,,,
1789037458.1428,load,2,-1,21671,849.0,0.0,850.0,0.118,,,,,,,,,
1789037460.2183,load,2,-1,21671,850.0,0.0,851.0,0.129,,,,,,,,,
1789037460.385,load,2,-1,21671,851.0,0.0,852.0,0.1,,,,,,,,,
1789037463.0449,load,2,-1,21671,852.0,0.0,853.0,0.113,,,,,,,,,
1789037463.2043,load,2,-1,21671,853.0,0.0,854.0,0.112,,,,,,,,,
1789037464.9683,load,2,-1,21671,854.0,0.0,855.0,0.132,,,,,,,,,
1789037465.4122,load,2,-1,21671,855.0,0.0,856.0,0.08,,,,,,,,,
1789037467.95,load,2,-1,21671,856.0,0.0,857.0,0.123,,,,,,,,,
1789037468.1212,load,2,-1,21671,857.0,0.0,858.0,0.089,,,,,,,,,
1789037470.8765,load,2,-1,21671,858.0,0.0,859.0,0.106,,,,,,,,,
1789037470.9936,load,2,-1,21671,859.0,0.0,860.0,0.096,,,,,,,,,
1789037473.3138,load,2,-1,21671,860.0,0.0,861.0,0.108,,,,,,,,,
1789037473.8193,load,2,-1,21671,861.0,0.0,862.0,0.125,,,,,,,,,
1789037475.7744,load,2,-1,21671,862.0,0.0,863.0,0.131,,,,,,,,,
1789037475.9542,load,2,-1,21671,863.0,0.0,864.0,0.101,,,,,,,,,
1789037478.0846,load,2,-1,21671,864.0,0.0,865.0,0.12,,,,,,,,,
1789037478.197,load,2,-1,21671,865.0,0.0,866.0,0.092,,,,,,,,,
1789037479.9731,load,2,-1,21671,866.0,0.0,867.0,0.126,,,,,,,,,
1789037480.4392,load,2,-1,21671,867.0,0.0,868.0,0.093,,,,,,,,,
1789037482.1582,load,2,-1,21671,868.0,0.0,869.0,0.152,,,,,,,,,
1789037482.331,load,2,-1,21671,869.0,0.0,870.0,0.094,,,,,,,,,
1789037484.9001,load,2,-1,21671,870.0,0.0,871.0,0.106,,,,,,,,,
1789037485.031,load,2,-1,21671,871.0,0.0,872.0,0.091,,,,,,,,,
1789037487.8494,load,2,-1,21671,872.0,0.0,873.0,0.106,,,,,,,,,
1789037488.2491,load,2,-1,21671,873.0,0.0,874.0,0.088,,,,,,,,,
1789037490.7994,load,2,-1,21671,874.0,0.0,875.0,0.109,,,,,,,,,
1789037490.9719,load,2,-1,21671,875.0,0.0,876.0,0.106,,,,,,,,,
1789037493.2846,load,2,-1,21671,876.0,0.0,877.0,0.089,,,,,,,,,
1789037493.4356,load,2,-1,21671,877.0,0.0,878.0,0.097,,,,,,,,,
1789037495.3409,load,2,-1,21671,878.0,0.0,879.0,0.107,,,,,,,,,
1789037495.7506,load,2,-1,21671,879.0,0.0,880.0,0.09,,,,,,,,,
1789037497.7108,load,2,-1,21671,880.0,0.0,881.0,0.105,,,,,,,,,
1789037497.9547,load,2,-1,21671,881.0,0.0,882.0,0.1,,,,,,,,,
1789037500.6054,load,2,-1,21671,882.0,0.0,883.0,0.102,,,,,,,,,
1789037500.804,load,2,-1,21671,883.0,0.0,884.0,0.11,,,,,,,,,
1789037502.5044,load,2,-1,21671,884.0,0.0,885.0,0.113,,,,,,,,,
1789037502.9146,load,2,-1,21671,885.0,0.0,886.0,0.092,,,,,,,,,
1789037505.5071,load,2,-1,21671,886.0,0.0,887.0,0.133,,,,,,,,,
1789037505.682,load,2,-1,21671,887.0,0.0,888.0,0.125,,,,,,,,,
1789037508.5115,load,2,-1,21671,888.0,0.0,889.0,0.096,,,,,,,,,
1789037508.6551,load,2,-1,21671,889.0,0.0,890.0,0.106,,,,,,,,,
1789037510.7601,load,2,-1,21671,890.0,0.0,891.0,0.161,,,,,,,,,
1789037511.1965,load,2,-1,21671,891.0,0.0,892.0,0.077,,,,,,,,,
1789037512.671,load,2,-1,21671,892.0,0.0,893.0,0.169,,,,,,,,,
1789037512.8406,load,2,-1,21671,893.0,0.0,894.0,0.102,,,,,,,,,
1789037515.1977,load,2,-1,21671,894.0,0.0,895.0,0.096,,,,,,,,,
1789037515.3676,load,2,-1,21671,895.0,0.0,896.0,0.102,,,,,,,,,
1789037516.6139,load,2,-1,21671,896.0,0.0,897.0,0.109,,,,,,,,,
1789037517.0358,load,2,-1,21671,897.0,0.0,898.0,0.084,,,,,,,,,
1789037519.4217,load,2,-1,21671,898.0,0.0,899.0,0.109,,,,,,,,,
1789037519.6156,load,2,-1,21671,899.0,0.0,900.0,0.112,,,,,,,,,
1789037521.8396,load,2,-1,21671,900.0,0.0,901.0,0.09,,,,,,,,,
1789037522.0565,load,2,-1,21671,901.0,0.0,902.0,0.102,,,,,,,,,
1789037524.1327,load,2,-1,21671,902.0,0.0,903.0,0.124,,,,,,,,,
1789037524.5417,load,2,-1,21671,903.0,0.0,904.0,0.076,,,,,,,,,
1789037526.3995,load,2,-1,21671,904.0,0.0,905.0,0.112,,,,,,,,,
1789037526.5861,load,2,-1,21671,905.0,0.0,906.0,0.088,,,,,,,,,
1789037528.7116,load,2,-1,21671,906.0,0.0,907.0,0.097,,,,,,,,,
1789037528.8815,load,2,-1,21671,907.0,0.0,908.0,0.097,,,,,,,,,
1789037530.7454,load,2,-1,21671,908.0,0.0,909.0,0.12,,,,,,,,,
1789037531.1959,load,2,-1,21671,909.0,0.0,910.0,0.078,,,,,,,,,
1789037533.0157,load,2,-1,21671,910.0,0.0,911.0,0.131,,,,,,,,,
1789037533.2128,load,2,-1,21671,911.0,0.0,912.0,0.139,,,,,,,,,
1789037535.691,load,2,-1,21671,912.0,0.0,913.0,0.116,,,,,,,,,
1789037535.8264,load,2,-1,21671,913.0,0.0,914.0,0.11,,,,,,,,,
1789037538.3438,load,2,-1,21671,914.0,0.0,915.0,0.123,,,,,,,,,
1789037538.7636,load,2,-1,21671,915.0,0.0,916.0,0.096,,,,,,,,,
1789037540.0195,load,2,-1,21671,916.0,0.0,917.0,0.104,,,,,,,,,
1789037540.1953,load,2,-1,21671,917.0,0.0,918.0,0.108,,,,,,,,,
1789037542.61,load,2,-1,21671,918.0,0.0,919.0,0.085,,,,,,,,,
1789037542.718,load,2,-1,21671,919.0,0.0,920.0,0.091,,,,,,,,,
1789037544.9396,load,2,-1,21671,920.0,0.0,921.0,0.104,,,,,,,,,
1789037545.4222,load,2,-1,21671,921.0,0.0,922.0,0.115,,,,,,,,,
1789037547.6416,load,2,-1,21671,922.0,0.0,923.0,0.101,,,,,,,,,
1789037547.8244,load,2,-1,21671,923.0,0.0,924.0,0.095,,,,,,,,,
1789037550.3662,load,2,-1,21671,924.0,0.0,925.0,0.117,,,,,,,,,
1789037550.5147,load,2,-1,21671,925.0,0.0,926.0,0.095,,,,,,,,,
1789037552.357,load,2,-1,21671,926.0,0.0,927.0,0.117,,,,,,,,,
1789037552.7609,load,2,-1,21671,927.0,0.0,928.0,0.084,,,,,,,,,
1789037554.7136,load,2,-1,21671,928.0,0.0,929.0,0.122,,,,,,,,,
1789037554.8989,load,2,-1,21671,929.0,0.0,930.0,0.096,,,,,,,,,
1789037557.0991,load,2,-1,21671,930.0,0.0,931.0,0.124,,,,,,,,,
1789037557.2565,load,2,-1,21671,931.0,0.0,932.0,0.115,,,,,,,,,
1789037559.1208,load,2,-1,21671,932.0,0.0,933.0,0.123,,,,,,,,,
1789037559.5281,load,2,-1,21671,933.0,0.0,934.0,0.11,,,,,,,,,
1789037561.4848,load,2,-1,21671,934.0,0.0,935.0,0.124,,,,,,,,,
1789037561.6602,load,2,-1,21671,935.0,0.0,936.0,0.14,,,,,,,,,
1789037563.6956,load,2,-1,21671,936.0,0.0,937.0,0.102,,,,,,,,,
1789037563.8201,load,2,-1,21671,937.0,0.0,938.0,0.091,,,,,,,,,
1789037565.4026,load,2,-1,21671,938.0,0.0,939.0,0.111,,,,,,,,,
1789037565.8363,load,2,-1,21671,939.0,0.0,940.0,0.08,,,,,,,,,
1789037567.5493,load,2,-1,21671,940.0,0.0,941.0,0.122,,,,,,,,,
1789037567.8255,load,2,-1,21671,941.0,0.0,942.0,0.098,,,,,,,,,
1789037570.0574,load,2,-1,21671,942.0,0.0,943.0,0.098,,,,,,,,,
1789037570.2026,load,2,-1,21671,943.0,0.0,944.0,0.09,,,,,,,,,
1789037572.4805,load,2,-1,21671,944.0,0.0,945.0,0.115,,,,,,,,,
1789037573.006,load,2,-1,21671,945.0,0.0,946.0,0.075,,,,,,,,,
1789037575.0456,load,2,-1,21671,946.0,0.0,947.0,0.114,,,,,,,,,
1789037575.2209,load,2,-1,21671,947.0,0.0,948.0,0.098,,,,,,,,,
1789037577.1211,load,2,-1,21671,948.0,0.0,949.0,0.095,,,,,,,,,
1789037580.8285,load,2,-1,21671,949.0,0.0,950.0,0.117,,,,,,,,,
1789037581.0029,load,2,-1,21671,950.0,0.0,951.0,0.14,,,,,,,,,
1789037581.4285,load,2,-1,21671,951.0,0.0,952.0,0.086,,,,,,,,,
1789037581.5376,load,2,-1,21671,952.0,0.0,953.0,0.136,,,,,,,,,
1789037581.7375,load,2,-1,21671,953.0,0.0,954.0,0.125,,,,,,,,,
1789037584.7656,load,2,-1,21671,954.0,0.0,955.0,0.109,,,,,,,,,
1789037584.8889,load,2,-1,21671,955.0,0.0,956.0,0.112,,,,,,,,,
1789037587.6787,load,2,-1,21671,956.0,0.0,957.0,0.113,,,,,,,,,
1789037588.0887,load,2,-1,21671,957.0,0.0,958.0,0.118,,,,,,,,,
1789037590.5124,load,2,-1,21671,958.0,0.0,959.0,0.113,,,,,,,,,
1789037590.6862,load,2,-1,21671,959.0,0.0,960.0,0.132,,,,,,,,,
1789037593.1,load,2,-1,21671,960.0,0.0,961.0,0.291,,,,,,,,,
1789037593.2852,load,2,-1,21671,961.0,0.0,962.0,0.128,,,,,,,,,
1789037596.0118,load,2,-1,21671,962.0,0.0,963.0,0.093,,,,,,,,,
1789037596.4163,load,2,-1,21671,963.0,0.0,964.0,0.258,,,,,,,,,
1789037598.4219,load,2,-1,21671,964.0,0.0,965.0,0.116,,,,,,,,,
1789037598.595,load,2,-1,21671,965.0,0.0,966.0,0.111,,,,,,,,,
1789037601.2494,load,2,-1,21671,966.0,0.0,967.0,0.109,,,,,,,,,
1789037601.3941,load,2,-1,21671,967.0,0.0,968.0,0.119,,,,,,,,,
1789037603.5169,load,2,-1,21671,968.0,0.0,969.0,0.199,,,,,,,,,
1789037603.955,load,2,-1,21671,969.0,0.0,970.0,0.091,,,,,,,,,
1789037605.8891,load,2,-1,21671,970.0,0.0,971.0,0.128,,,,,,,,,
1789037606.0825,load,2,-1,21671,971.0,0.0,972.0,0.103,,,,,,,,,
1789037608.4716,load,2,-1,21671,972.0,0.0,973.0,0.128,,,,,,,,,
1789037608.6168,load,2,-1,21671,973.0,0.0,974.0,0.104,,,,,,,,,
1789037611.1241,load,2,-1,21671,974.0,0.0,975.0,0.114,,,,,,,,,
1789037611.5497,load,2,-1,21671,975.0,0.0,976.0,0.1,,,,,,,,,
1789037613.4063,load,2,-1,21671,976.0,0.0,977.0,0.096,,,,,,,,,
1789037613.579,load,2,-1,21671,977.0,0.0,978.0,0.119,,,,,,,,,
1789037616.0247,load,2,-1,21671,978.0,0.0,979.0,0.289,,,,,,,,,
1789037616.1895,load,2,-1,21671,979.0,0.0,980.0,0.118,,,,,,,,,
1789037617.8879,load,2,-1,21671,980.0,0.0,981.0,0.147,,,,,,,,,
1789037618.4291,load,2,-1,21671,981.0,0.0,982.0,0.132,,,,,,,,,
1789037620.0558,load,2,-1,21671,982.0,0.0,983.0,0.149,,,,,,,,,
1789037620.2274,load,2,-1,21671,983.0,0.0,984.0,0.124,,,,,,,,,
1789037622.6926,load,2,-1,21671,984.0,0.0,985.0,0.11,,,,,,,,,
1789037622.8158,load,2,-1,21671,985.0,0.0,986.0,0.103,,,,,,,,,
1789037625.1566,load,2,-1,21671,986.0,0.0,987.0,0.136,,,,,,,,,
1789037625.5743,load,2,-1,21671,987.0,0.0,988.0,0.24,,,,,,,,,
1789037627.4048,load,2,-1,21671,988.0,0.0,989.0,0.12,,,,,,,,,
1789037627.6023,load,2,-1,21671,989.0,0.0,990.0,0.131,,,,,,,,,
1789037629.7175,load,2,-1,21671,990.0,0.0,991.0,0.117,,,,,,,,,
1789037629.8254,load,2,-1,21671,991.0,0.0,992.0,0.108,,,,,,,,,
1789037632.1365,load,2,-1,21671,992.0,0.0,993.0,0.145,,,,,,,,,
1789037632.5534,load,2,-1,21671,993.0,0.0,994.0,0.093,,,,,,,,,
1789037634.2687,load,2,-1,21671,994.0,0.0,995.0,0.122,,,,,,,,,
1789037634.4753,load,2,-1,21671,995.0,0.0,996.0,0.145,,,,,,,,,
1789037636.7733,load,2,-1,21671,996.0,0.0,997.0,0.113,,,,,,,,,
1789037636.9582,load,2,-1,21671,997.0,0.0,998.0,0.1,,,,,,,,,
1789037639.0374,load,2,-1,21671,998.0,0.0,999.0,0.105,,,,,,,,,
1789037639.4572,load,2,-1,21671,999.0,0.0,1000.0,0.089,,,,,,,,,
1789037641.7319,load,2,-1,21671,1000.0,0.0,1001.0,0.104,,,,,,,,,
1789037641.9746,load,2,-1,21671,1001.0,0.0,1002.0,0.126,,,,,,,,,
1789037644.0693,load,2,-1,21671,1002.0,0.0,1003.0,0.249,,,,,,,,,
1789037644.2059,load,2,-1,21671,1003.0,0.0,1004.0,0.106,,,,,,,,,
1789037646.9399,load,2,-1,21671,1004.0,0.0,1005.0,0.118,,,,,,,,,
1789037647.342,load,2,-1,21671,1005.0,0.0,1006.0,0.118,,,,,,,,,
1789037649.3587,load,2,-1,21671,1006.0,0.0,1007.0,0.094,,,,,,,,,
1789037649.5303,load,2,-1,21671,1007.0,0.0,1008.0,0.121,,,,,,,,,
1789037651.4278,load,2,-1,21671,1008.0,0.0,1009.0,0.081,,,,,,,,,
1789037651.58,load,2,-1,21671,1009.0,0.0,1010.0,0.111,,,,,,,,,
1789037653.9057,load,2,-1,21671,1010.0,0.0,1011.0,0.096,,,,,,,,,
1789037654.3546,load,2,-1,21671,1011.0,0.0,1012.0,0.091,,,,,,,,,
1789037655.7093,load,2,-1,21671,1012.0,0.0,1013.0,0.089,,,,,,,,,
1789037655.8849,load,2,-1,21671,1013.0,0.0,1014.0,0.11,,,,,,,,,
1789037658.4741,load,2,-1,21671,1014.0,0.0,1015.0,0.08,,,,,,,,,
1789037658.5859,load,2,-1,21671,1015.0,0.0,1016.0,0.105,,,,,,,,,
1789037660.812,load,2,-1,21671,1016.0,0.0,1017.0,0.09,,,,,,,,,
1789037661.218,load,2,-1,21671,1017.0,0.0,1018.0,0.118,,,,,,,,,
1789037663.4776,load,2,-1,21671,1018.0,0.0,1019.0,0.089,,,,,,,,,
1789037663.6468,load,2,-1,21671,1019.0,0.0,1020.0,0.13,,,,,,,,,
1789037665.9206,load,2,-1,21671,1020.0,0.0,1021.0,0.086,,,,,,,,,
1789037666.1421,load,2,-1,21671,1021.0,0.0,1022.0,0.164,,,,,,,,,
1789037667.7607,load,2,-1,21671,1022.0,0.0,1023.0,0.094,,,,,,,,,
1789037668.2207,load,2,-1,21671,1023.0,0.0,1024.0,0.092,,,,,,,,,
1789037670.3253,load,2,-1,21671,1024.0,0.0,1025.0,0.086,,,,,,,,,
1789037670.5008,load,2,-1,21671,1025.0,0.0,1026.0,0.101,,,,,,,,,
1789037673.0666,load,2,-1,21671,1026.0,0.0,1027.0,0.094,,,,,,,,,
1789037673.175,load,2,-1,21671,1027.0,0.0,1028.0,0.098,,,,,,,,,
1789037675.056,load,2,-1,21671,1028.0,0.0,1029.0,0.104,,,,,,,,,
1789037675.5631,load,2,-1,21671,1029.0,0.0,1030.0,0.109,,,,,,,,,
1789037677.9208,load,2,-1,21671,1030.0,0.0,1031.0,0.095,,,,,,,,,
1789037678.1164,load,2,-1,21671,1031.0,0.0,1032.0,0.111,,,,,,,,,
1789037680.9028,load,2,-1,21671,1032.0,0.0,1033.0,0.083,,,,,,,,,
1789037681.0274,load,2,-1,21671,1033.0,0.0,1034.0,0.111,,,,,,,,,
1789037683.458,load,2,-1,21671,1034.0,0.0,1035.0,0.101,,,,,,,,,
1789037683.8961,load,2,-1,21671,1035.0,0.0,1036.0,0.26,,,,,,,,,
1789037685.7239,load,2,-1,21671,1036.0,0.0,1037.0,0.147,,,,,,,,,
1789037685.8935,load,2,-1,21671,1037.0,0.0,1038.0,0.134,,,,,,,,,
1789037688.9441,load,2,-1,21671,1038.0,0.0,1039.0,0.081,,,,,,,,,
1789037689.0926,load,2,-1,21671,1039.0,0.0,1040.0,0.13,,,,,,,,,
1789037691.1566,load,2,-1,21671,1040.0,0.0,1041.0,0.106,,,,,,,,,
1789037691.6668,load,2,-1,21671,1041.0,0.0,1042.0,0.144,,,,,,,,,
1789037693.3813,load,2,-1,21671,1042.0,0.0,1043.0,0.093,,,,,,,,,
1789037693.553,load,2,-1,21671,1043.0,0.0,1044.0,0.12,,,,,,,,,
1789037695.4204,load,2,-1,21671,1044.0,0.0,1045.0,0.082,,,,,,,,,
1789037695.5644,load,2,-1,21671,1045.0,0.0,1046.0,0.121,,,,,,,,,
1789037697.9598,load,2,-1,21671,1046.0,0.0,1047.0,0.098,,,,,,,,,
1789037698.3821,load,2,-1,21671,1047.0,0.0,1048.0,0.092,,,,,,,,,
1789037700.2724,load,2,-1,21671,1048.0,0.0,1049.0,0.092,,,,,,,,,
1789037700.8342,load,2,-1,21671,1049.0,0.0,1050.0,0.113,,,,,,,,,
1789037702.6642,load,2,-1,21671,1050.0,0.0,1051.0,0.08,,,,,,,,,
1789037702.9724,load,2,-1,21671,1051.0,0.0,1052.0,0.111,,,,,,,,,
1789037704.4514,load,2,-1,21671,1052.0,0.0,1053.0,0.092,,,,,,,,,
1789037705.9026,load,2,-1,21671,1053.0,0.0,1054.0,0.258,,,,,,,,,
1789037707.3575,load,2,-1,21671,1054.0,0.0,1055.0,0.098,,,,,,,,,
1789037708.0064,load,2,-1,21671,1055.0,0.0,1056.0,0.122,,,,,,,,,
1789037710.3862,load,2,-1,21671,1056.0,0.0,1057.0,0.095,,,,,,,,,
1789037710.5184,load,2,-1,21671,1057.0,0.0,1058.0,0.112,,,,,,,,,
1789037712.3119,load,2,-1,21671,1058.0,0.0,1059.0,0.098,,,,,,,,,
1789037712.7206,load,2,-1,21671,1059.0,0.0,1060.0,0.106,,,,,,,,,
1789037714.3585,load,2,-1,21671,1060.0,0.0,1061.0,0.121,,,,,,,,,
1789037714.745,load,2,-1,21671,1061.0,0.0,1062.0,0.148,,,,,,,,,
1789037717.0347,load,2,-1,21671,1062.0,0.0,1063.0,0.077,,,,,,,,,
1789037717.1742,load,2,-1,21671,1063.0,0.0,1064.0,0.111,,,,,,,,,
1789037719.8653,load,2,-1,21671,1064.0,0.0,1065.0,0.101,,,,,,,,,
1789037720.2671,load,2,-1,21671,1065.0,0.0,1066.0,0.116,,,,,,,,,
1789037721.217,load,2,-1,21671,1066.0,0.0,1067.0,0.091,,,,,,,,,
1789037721.6497,load,2,-1,21671,1067.0,0.0,1068.0,0.124,,,,,,,,,
1789037724.2355,load,2,-1,21671,1068.0,0.0,1069.0,0.08,,,,,,,,,
1789037724.3444,load,2,-1,21671,1069.0,0.0,1070.0,0.11,,,,,,,,,
1789037726.5507,load,2,-1,21671,1070.0,0.0,1071.0,0.108,,,,,,,,,
1789037727.1489,load,2,-1,21671,1071.0,0.0,1072.0,0.104,,,,,,,,,
1789037729.2731,load,2,-1,21671,1072.0,0.0,1073.0,0.092,,,,,,,,,
1789037729.4688,load,2,-1,21671,1073.0,0.0,1074.0,0.115,,,,,,,,,
1789037732.0099,load,2,-1,21671,1074.0,0.0,1075.0,0.324,,,,,,,,,
1789037732.235,load,2,-1,21671,1075.0,0.0,1076.0,0.111,,,,,,,,,
1789037733.4753,load,2,-1,21671,1076.0,0.0,1077.0,0.095,,,,,,,,,
1789037734.7452,load,2,-1,21671,1077.0,0.0,1078.0,0.111,,,,,,,,,
1789037735.7349,load,2,-1,21671,1078.0,0.0,1079.0,0.101,,,,,,,,,
1789037736.8321,load,2,-1,21671,1079.0,0.0,1080.0,0.129,,,,,,,,,
1789037738.5497,load,2,-1,21671,1080.0,0.0,1081.0,0.128,,,,,,,,,
1789037739.6384,load,2,-1,21671,1081.0,0.0,1082.0,0.138,,,,,,,,,
1789037740.8533,load,2,-1,21671,1082.0,0.0,1083.0,0.121,,,,,,,,,
1789037742.6079,load,2,-1,21671,1083.0,0.0,1084.0,0.101,,,,,,,,,
1789037743.0494,load,2,-1,21671,1084.0,0.0,1085.0,0.104,,,,,,,,,
1789037744.7692,load,2,-1,21671,1085.0,0.0,1086.0,0.116,,,,,,,,,
1789037745.4738,load,2,-1,21671,1086.0,0.0,1087.0,0.099,,,,,,,,,
1789037747.0568,load,2,-1,21671,1087.0,0.0,1088.0,0.109,,,,,,,,,
1789037747.7403,load,2,-1,21671,1088.0,0.0,1089.0,0.116,,,,,,,,,
1789037749.3515,load,2,-1,21671,1089.0,0.0,1090.0,0.096,,,,,,,,,
1789037750.3672,load,2,-1,21671,1090.0,0.0,1091.0,0.107,,,,,,,,,
1789037751.7458,load,2,-1,21671,1091.0,0.0,1092.0,0.121,,,,,,,,,
1789037753.1038,load,2,-1,21671,1092.0,0.0,1093.0,0.081,,,,,,,,,
1789037754.4829,load,2,-1,21671,1093.0,0.0,1094.0,0.124,,,,,,,,,
1789037755.9405,load,2,-1,21671,1094.0,0.0,1095.0,0.096,,,,,,,,,
1789037757.378,load,2,-1,21671,1095.0,0.0,1096.0,0.105,,,,,,,,,
1789037757.9916,load,2,-1,21671,1096.0,0.0,1097.0,0.104,,,,,,,,,
1789037759.4672,load,2,-1,21671,1097.0,0.0,1098.0,0.116,,,,,,,,,
1789037760.8313,load,2,-1,21671,1098.0,0.0,1099.0,0.099,,,,,,,,,
1789037761.5264,load,2,-1,21671,1099.0,0.0,1100.0,0.111,,,,,,,,,
1789037762.6589,load,2,-1,21671,1100.0,0.0,1101.0,0.113,,,,,,,,,
1789037764.5682,load,2,-1,21671,1101.0,0.0,1102.0,0.204,,,,,,,,,
1789037765.3393,load,2,-1,21671,1102.0,0.0,1103.0,0.105,,,,,,,,,
1789037766.3232,load,2,-1,21671,1103.0,0.0,1104.0,0.113,,,,,,,,,
1789037768.188,load,2,-1,21671,1104.0,0.0,1105.0,0.088,,,,,,,,,
1789037768.4737,load,2,-1,21671,1105.0,0.0,1106.0,0.111,,,,,,,,,
1789037770.8242,load,2,-1,21671,1106.0,0.0,1107.0,0.109,,,,,,,,,
1789037771.4611,load,2,-1,21671,1107.0,0.0,1108.0,0.101,,,,,,,,,
1789037772.6825,load,2,-1,21671,1108.0,0.0,1109.0,0.093,,,,,,,,,
1789037773.4236,load,2,-1,21671,1109.0,0.0,1110.0,0.099,,,,,,,,,
1789037775.5716,load,2,-1,21671,1110.0,0.0,1111.0,0.102,,,,,,,,,
1789037776.0372,load,2,-1,21671,1111.0,0.0,1112.0,0.115,,,,,,,,,
1789037777.5362,load,2,-1,21671,1112.0,0.0,1113.0,0.111,,,,,,,,,
1789037778.1352,load,2,-1,21671,1113.0,0.0,1114.0,0.107,,,,,,,,,
1789037780.0382,load,2,-1,21671,1114.0,0.0,1115.0,0.092,,,,,,,,,
1789037780.7517,load,2,-1,21671,1115.0,0.0,1116.0,0.103,,,,,,,,,
1789037782.439,load,2,-1,21671,1116.0,0.0,1117.0,0.096,,,,,,,,,
1789037783.1906,load,2,-1,21671,1117.0,0.0,1118.0,0.111,,,,,,,,,
1789037784.526,load,2,-1,21671,1118.0,0.0,1119.0,0.116,,,,,,,,,
1789037785.7216,load,2,-1,21671,1119.0,0.0,1120.0,0.106,,,,,,,,,
1789037787.3744,load,2,-1,21671,1120.0,0.0,1121.0,0.097,,,,,,,,,
1789037787.6368,load,2,-1,21671,1121.0,0.0,1122.0,0.111,,,,,,,,,
1789037789.6619,load,2,-1,21671,1122.0,0.0,1123.0,0.133,,,,,,,,,
1789037789.772,load,2,-1,21671,1123.0,0.0,1124.0,0.117,,,,,,,,,
1789037792.1068,load,2,-1,21671,1124.0,0.0,1125.0,0.116,,,,,,,,,
1789037792.5035,load,2,-1,21671,1125.0,0.0,1126.0,0.105,,,,,,,,,
1789037794.3833,load,2,-1,21671,1126.0,0.0,1127.0,0.11,,,,,,,,,
1789037794.5534,load,2,-1,21671,1127.0,0.0,1128.0,0.093,,,,,,,,,
1789037797.1873,load,2,-1,21671,1128.0,0.0,1129.0,0.084,,,,,,,,,
1789037797.302,load,2,-1,21671,1129.0,0.0,1130.0,0.114,,,,,,,,,
1789037800.1899,load,2,-1,21671,1130.0,0.0,1131.0,0.093,,,,,,,,,
1789037800.6318,load,2,-1,21671,1131.0,0.0,1132.0,0.092,,,,,,,,,
1789037802.837,load,2,-1,21671,1132.0,0.0,1133.0,0.089,,,,,,,,,
1789037803.0071,load,2,-1,21671,1133.0,0.0,1134.0,0.101,,,,,,,,,
1789037805.7541,load,2,-1,21671,1134.0,0.0,1135.0,0.077,,,,,,,,,
1789037805.911,load,2,-1,21671,1135.0,0.0,1136.0,0.109,,,,,,,,,
1789037807.7102,load,2,-1,21671,1136.0,0.0,1137.0,0.102,,,,,,,,,
1789037808.1401,load,2,-1,21671,1137.0,0.0,1138.0,0.107,,,,,,,,,
1789037809.3058,load,2,-1,21671,1138.0,0.0,1139.0,0.097,,,,,,,,,
1789037809.4754,load,2,-1,21671,1139.0,0.0,1140.0,0.107,,,,,,,,,
1789037811.71,load,2,-1,21671,1140.0,0.0,1141.0,0.087,,,,,,,,,
1789037811.8914,load,2,-1,21671,1141.0,0.0,1142.0,0.119,,,,,,,,,
1789037813.8497,load,2,-1,21671,1142.0,0.0,1143.0,0.101,,,,,,,,,
1789037814.2536,load,2,-1,21671,1143.0,0.0,1144.0,0.109,,,,,,,,,
1789037815.5283,load,2,-1,21671,1144.0,0.0,1145.0,0.098,,,,,,,,,
1789037815.914,load,2,-1,21671,1145.0,0.0,1146.0,0.106,,,,,,,,,
1789037818.0245,load,2,-1,21671,1146.0,0.0,1147.0,0.099,,,,,,,,,
1789037818.7102,load,2,-1,21671,1147.0,0.0,1148.0,0.128,,,,,,,,,
1789037821.1989,load,2,-1,21671,1148.0,0.0,1149.0,0.091,,,,,,,,,
1789037821.6586,load,2,-1,21671,1149.0,0.0,1150.0,0.119,,,,,,,,,
1789037823.3526,load,2,-1,21671,1150.0,0.0,1151.0,0.13,,,,,,,,,
1789037824.5248,load,2,-1,21671,1151.0,0.0,1152.0,0.12,,,,,,,,,
1789037826.2684,load,2,-1,21671,1152.0,0.0,1153.0,0.081,,,,,,,,,
1789037827.3237,load,2,-1,21671,1153.0,0.0,1154.0,0.112,,,,,,,,,
1789037827.8106,load,2,-1,21671,1154.0,0.0,1155.0,0.112,,,,,,,,,
1789037830.2158,load,2,-1,21671,1155.0,0.0,1156.0,0.108,,,,,,,,,
1789037830.3317,load,2,-1,21671,1156.0,0.0,1157.0,0.115,,,,,,,,,
1789037832.1405,load,2,-1,21671,1157.0,0.0,1158.0,0.131,,,,,,,,,
1789037832.5422,load,2,-1,21671,1158.0,0.0,1159.0,0.095,,,,,,,,,
1789037834.5531,load,2,-1,21671,1159.0,0.0,1160.0,0.11,,,,,,,,,
1789037834.7262,load,2,-1,21671,1160.0,0.0,1161.0,0.11,,,,,,,,,
1789037837.3749,load,2,-1,21671,1161.0,0.0,1162.0,0.113,,,,,,,,,
1789037837.4868,load,2,-1,21671,1162.0,0.0,1163.0,0.105,,,,,,,,,
1789037839.722,load,2,-1,21671,1163.0,0.0,1164.0,0.104,,,,,,,,,
1789037840.1284,load,2,-1,21671,1164.0,0.0,1165.0,0.084,,,,,,,,,
1789037841.9228,load,2,-1,21671,1165.0,0.0,1166.0,0.126,,,,,,,,,
1789037842.0963,load,2,-1,21671,1166.0,0.0,1167.0,0.123,,,,,,,,,
1789037844.5167,load,2,-1,21671,1167.0,0.0,1168.0,0.102,,,,,,,,,
1789037844.6654,load,2,-1,21671,1168.0,0.0,1169.0,0.124,,,,,,,,,
1789037846.3163,load,2,-1,21671,1169.0,0.0,1170.0,0.117,,,,,,,,,
1789037846.7562,load,2,-1,21671,1170.0,0.0,1171.0,0.116,,,,,,,,,
1789037848.3975,load,2,-1,21671,1171.0,0.0,1172.0,0.111,,,,,,,,,
1789037848.5703,load,2,-1,21671,1172.0,0.0,1173.0,0.1,,,,,,,,,
1789037851.1826,load,2,-1,21671,1173.0,0.0,1174.0,0.111,,,,,,,,,
1789037851.3234,load,2,-1,21671,1174.0,0.0,1175.0,0.103,,,,,,,,,
1789037853.8214,load,2,-1,21671,1175.0,0.0,1176.0,0.11,,,,,,,,,
1789037854.2264,load,2,-1,21671,1176.0,0.0,1177.0,0.088,,,,,,,,,
1789037856.11,load,2,-1,21671,1177.0,0.0,1178.0,0.106,,,,,,,,,
1789037856.2821,load,2,-1,21671,1178.0,0.0,1179.0,0.104,,,,,,,,,
1789037859.3045,load,2,-1,21671,1179.0,0.0,1180.0,0.09,,,,,,,,,
1789037859.4462,load,2,-1,21671,1180.0,0.0,1181.0,0.103,,,,,,,,,
1789037862.157,load,2,-1,21671,1181.0,0.0,1182.0,0.102,,,,,,,,,
1789037862.5228,load,2,-1,21671,1182.0,0.0,1183.0,0.094,,,,,,,,,
1789037864.8106,load,2,-1,21671,1183.0,0.0,1184.0,0.098,,,,,,,,,
1789037864.9845,load,2,-1,21671,1184.0,0.0,1185.0,0.106,,,,,,,,,
1789037867.2693,load,2,-1,21671,1185.0,0.0,1186.0,0.093,,,,,,,,,
1789037867.4739,load,2,-1,21671,1186.0,0.0,1187.0,0.12,,,,,,,,,
1789037869.4688,load,2,-1,21671,1187.0,0.0,1188.0,0.096,,,,,,,,,
1789037869.9084,load,2,-1,21671,1188.0,0.0,1189.0,0.116,,,,,,,,,
1789037871.7608,load,2,-1,21671,1189.0,0.0,1190.0,0.103,,,,,,,,,
1789037871.9343,load,2,-1,21671,1190.0,0.0,1191.0,0.113,,,,,,,,,
1789037874.5939,load,2,-1,21671,1191.0,0.0,1192.0,0.094,,,,,,,,,
1789037874.7146,load,2,-1,21671,1192.0,0.0,1193.0,0.113,,,,,,,,,
1789037876.452,load,2,-1,21671,1193.0,0.0,1194.0,0.094,,,,,,,,,
1789037876.8662,load,2,-1,21671,1194.0,0.0,1195.0,0.087,,,,,,,,,
1789037878.9582,load,2,-1,21671,1195.0,0.0,1196.0,0.1,,,,,,,,,
1789037879.1424,load,2,-1,21671,1196.0,0.0,1197.0,0.099,,,,,,,,,
1789037881.5555,load,2,-1,21671,1197.0,0.0,1198.0,0.1,,,,,,,,,
1789037881.7151,load,2,-1,21671,1198.0,0.0,1199.0,0.099,,,,,,,,,
1789037883.7232,load,2,-1,21671,1199.0,0.0,1200.0,0.104,,,,,,,,,
1789037884.1307,load,2,-1,21671,1200.0,0.0,1201.0,0.092,,,,,,,,,
1789037885.9943,load,2,-1,21671,1201.0,0.0,1202.0,0.114,,,,,,,,,
1789037886.1057,load,2,-1,21671,1202.0,0.0,1203.0,0.115,,,,,,,,,
1789037889.1017,load,2,-1,21671,1203.0,0.0,1204.0,0.094,,,,,,,,,
1789037889.2565,load,2,-1,21671,1204.0,0.0,1205.0,0.115,,,,,,,,,
1789037891.448,load,2,-1,21671,1205.0,0.0,1206.0,0.099,,,,,,,,,
1789037891.8625,load,2,-1,21671,1206.0,0.0,1207.0,0.121,,,,,,,,,
1789037893.7881,load,2,-1,21671,1207.0,0.0,1208.0,0.104,,,,,,,,,
1789037893.9596,load,2,-1,21671,1208.0,0.0,1209.0,0.144,,,,,,,,,
1789037896.7403,load,2,-1,21671,1209.0,0.0,1210.0,0.085,,,,,,,,,
1789037896.8966,load,2,-1,21671,1210.0,0.0,1211.0,0.114,,,,,,,,,
1789037899.022,load,2,-1,21671,1211.0,0.0,1212.0,0.088,,,,,,,,,
1789037899.4313,load,2,-1,21671,1212.0,0.0,1213.0,0.087,,,,,,,,,
1789037901.7942,load,2,-1,21671,1213.0,0.0,1214.0,0.086,,,,,,,,,
1789037901.9666,load,2,-1,21671,1214.0,0.0,1215.0,0.104,,,,,,,,,
1789037904.438,load,2,-1,21671,1215.0,0.0,1216.0,0.086,,,,,,,,,
1789037904.5972,load,2,-1,21671,1216.0,0.0,1217.0,0.097,,,,,,,,,
1789037906.5357,load,2,-1,21671,1217.0,0.0,1218.0,0.088,,,,,,,,,
1789037906.9707,load,2,-1,21671,1218.0,0.0,1219.0,0.106,,,,,,,,,
1789037909.0386,load,2,-1,21671,1219.0,0.0,1220.0,0.104,,,,,,,,,
1789037909.2118,load,2,-1,21671,1220.0,0.0,1221.0,0.104,,,,,,,,,
1789037912.0706,load,2,-1,21671,1221.0,0.0,1222.0,0.157,,,,,,,,,
1789037912.1889,load,2,-1,21671,1222.0,0.0,1223.0,0.147,,,,,,,,,
1789037914.07,load,2,-1,21671,1223.0,0.0,1224.0,0.177,,,,,,,,,
1789037914.5109,load,2,-1,21671,1224.0,0.0,1225.0,0.322,,,,,,,,,
1789037916.5323,load,2,-1,21671,1225.0,0.0,1226.0,0.231,,,,,,,,,
1789037916.7086,load,2,-1,21671,1226.0,0.0,1227.0,0.169,,,,,,,,,
1789037919.6454,load,2,-1,21671,1227.0,0.0,1228.0,0.106,,,,,,,,,
1789037919.8027,load,2,-1,21671,1228.0,0.0,1229.0,0.11,,,,,,,,,
1789037921.8684,load,2,-1,21671,1229.0,0.0,1230.0,0.105,,,,,,,,,
1789037922.244,load,2,-1,21671,1230.0,0.0,1231.0,0.099,,,,,,,,,
1789037924.3227,load,2,-1,21671,1231.0,0.0,1232.0,0.12,,,,,,,,,
1789037924.5092,load,2,-1,21671,1232.0,0.0,1233.0,0.122,,,,,,,,,
1789037926.8931,load,2,-1,21671,1233.0,0.0,1234.0,0.123,,,,,,,,,
1789037927.0322,load,2,-1,21671,1234.0,0.0,1235.0,0.099,,,,,,,,,
1789037929.3712,load,2,-1,21671,1235.0,0.0,1236.0,0.107,,,,,,,,,
1789037929.7775,load,2,-1,21671,1236.0,0.0,1237.0,0.084,,,,,,,,,
1789037931.6182,load,2,-1,21671,1237.0,0.0,1238.0,0.109,,,,,,,,,
1789037931.7941,load,2,-1,21671,1238.0,0.0,1239.0,0.131,,,,,,,,,
1789037933.7937,load,2,-1,21671,1239.0,0.0,1240.0,0.091,,,,,,,,,
1789037934.0338,load,2,-1,21671,1240.0,0.0,1241.0,0.108,,,,,,,,,
1789037935.4791,load,2,-1,21671,1241.0,0.0,1242.0,0.191,,,,,,,,,
1789037935.8393,load,2,-1,21671,1242.0,0.0,1243.0,0.108,,,,,,,,,
1789037937.8972,load,2,-1,21671,1243.0,0.0,1244.0,0.16,,,,,,,,,
1789037938.0654,load,2,-1,21671,1244.0,0.0,1245.0,0.114,,,,,,,,,
1789037940.2948,load,2,-1,21671,1245.0,0.0,1246.0,0.104,,,,,,,,,
1789037940.4443,load,2,-1,21671,1246.0,0.0,1247.0,0.136,,,,,,,,,
1789037943.1956,load,2,-1,21671,1247.0,0.0,1248.0,0.113,,,,,,,,,
1789037943.6314,load,2,-1,21671,1248.0,0.0,1249.0,0.094,,,,,,,,,
1789037945.5043,load,2,-1,21671,1249.0,0.0,1250.0,0.104,,,,,,,,,
1789037945.6715,load,2,-1,21671,1250.0,0.0,1251.0,0.129,,,,,,,,,
1789037948.2302,load,2,-1,21671,1251.0,0.0,1252.0,0.107,,,,,,,,,
1789037948.373,load,2,-1,21671,1252.0,0.0,1253.0,0.101,,,,,,,,,
1789037950.1041,load,2,-1,21671,1253.0,0.0,1254.0,0.129,,,,,,,,,
1789037950.5185,load,2,-1,21671,1254.0,0.0,1255.0,0.124,,,,,,,,,
1789037952.3738,load,2,-1,21671,1255.0,0.0,1256.0,0.121,,,,,,,,,
1789037952.5453,load,2,-1,21671,1256.0,0.0,1257.0,0.101,,,,,,,,,
1789037955.2549,load,2,-1,21671,1257.0,0.0,1258.0,0.094,,,,,,,,,
1789037955.4015,load,2,-1,21671,1258.0,0.0,1259.0,0.1,,,,,,,,,
1789037957.9251,load,2,-1,21671,1259.0,0.0,1260.0,0.109,,,,,,,,,
1789037958.3341,load,2,-1,21671,1260.0,0.0,1261.0,0.086,,,,,,,,,
1789037960.2348,load,2,-1,21671,1261.0,0.0,1262.0,0.132,,,,,,,,,
1789037960.3476,load,2,-1,21671,1262.0,0.0,1263.0,0.089,,,,,,,,,
1789037962.7232,load,2,-1,21671,1263.0,0.0,1264.0,0.098,,,,,,,,,
1789037962.8656,load,2,-1,21671,1264.0,0.0,1265.0,0.107,,,,,,,,,
1789037965.0799,load,2,-1,21671,1265.0,0.0,1266.0,0.114,,,,,,,,,
1789037965.4978,load,2,-1,21671,1266.0,0.0,1267.0,0.108,,,,,,,,,
1789037967.1066,load,2,-1,21671,1267.0,0.0,1268.0,0.112,,,,,,,,,
1789037967.2768,load,2,-1,21671,1268.0,0.0,1269.0,0.11,,,,,,,,,
1789037969.363,load,2,-1,21671,1269.0,0.0,1270.0,0.119,,,,,,,,,
1789037969.474,load,2,-1,21671,1270.0,0.0,1271.0,0.114,,,,,,,,,
1789037972.2374,load,2,-1,21671,1271.0,0.0,1272.0,0.115,,,,,,,,,
1789037972.641,load,2,-1,21671,1272.0,0.0,1273.0,0.083,,,,,,,,,
1789037974.1352,load,2,-1,21671,1273.0,0.0,1274.0,0.106,,,,,,,,,
1789037974.308,load,2,-1,21671,1274.0,0.0,1275.0,0.1,,,,,,,,,
1789037976.9403,load,2,-1,21671,1275.0,0.0,1276.0,0.103,,,,,,,,,
1789037977.0478,load,2,-1,21671,1276.0,0.0,1277.0,0.092,,,,,,,,,
1789037979.2039,load,2,-1,21671,1277.0,0.0,1278.0,0.114,,,,,,,,,
1789037979.6062,load,2,-1,21671,1278.0,0.0,1279.0,0.074,,,,,,,,,
1789037981.8462,load,2,-1,21671,1279.0,0.0,1280.0,0.108,,,,,,,,,
1789037982.0183,load,2,-1,21671,1280.0,0.0,1281.0,0.122,,,,,,,,,
1789037985.3705,load,2,-1,21671,1281.0,0.0,1282.0,0.137,,,,,,,,,
1789037985.4828,load,2,-1,21671,1282.0,0.0,1283.0,0.152,,,,,,,,,
1789037987.2439,load,2,-1,21671,1283.0,0.0,1284.0,0.151,,,,,,,,,
1789037987.6617,load,2,-1,21671,1284.0,0.0,1285.0,0.09,,,,,,,,,
1789037989.8803,load,2,-1,21671,1285.0,0.0,1286.0,0.126,,,,,,,,,
1789037990.0694,load,2,-1,21671,1286.0,0.0,1287.0,0.11,,,,,,,,,
1789037992.2551,load,2,-1,21671,1287.0,0.0,1288.0,0.086,,,,,,,,,
1789037992.3883,load,2,-1,21671,1288.0,0.0,1289.0,0.087,,,,,,,,,
1789037994.2837,load,2,-1,21671,1289.0,0.0,1290.0,0.114,,,,,,,,,
1789037994.6872,load,2,-1,21671,1290.0,0.0,1291.0,0.088,,,,,,,,,
1789037996.5475,load,2,-1,21671,1291.0,0.0,1292.0,0.115,,,,,,,,,
1789037996.7193,load,2,-1,21671,1292.0,0.0,1293.0,0.113,,,,,,,,,
1789037998.8152,load,2,-1,21671,1293.0,0.0,1294.0,0.228,,,,,,,,,
1789037998.9254,load,2,-1,21671,1294.0,0.0,1295.0,0.103,,,,,,,,,
1789038000.6104,load,2,-1,21671,1295.0,0.0,1296.0,0.122,,,,,,,,,
1789038001.0202,load,2,-1,21671,1296.0,0.0,1297.0,0.076,,,,,,,,,
1789038003.1049,load,2,-1,21671,1297.0,0.0,1298.0,0.131,,,,,,,,,
1789038003.2764,load,2,-1,21671,1298.0,0.0,1299.0,0.1,,,,,,,,,
1789038005.7622,load,2,-1,21671,1299.0,0.0,1300.0,0.115,,,,,,,,,
1789038005.9219,load,2,-1,21671,1300.0,0.0,1301.0,0.098,,,,,,,,,
1789038007.6183,load,2,-1,21671,1301.0,0.0,1302.0,0.136,,,,,,,,,
1789038007.9637,load,2,-1,21671,1302.0,0.0,1303.0,0.075,,,,,,,,,
1789038010.2228,load,2,-1,21671,1303.0,0.0,1304.0,0.121,,,,,,,,,
1789038010.3943,load,2,-1,21671,1304.0,0.0,1305.0,0.093,,,,,,,,,
1789038012.8583,load,2,-1,21671,1305.0,0.0,1306.0,0.104,,,,,,,,,
1789038013.041,load,2,-1,21671,1306.0,0.0,1307.0,0.091,,,,,,,,,
1789038014.3317,load,2,-1,21671,1307.0,0.0,1308.0,0.113,,,,,,,,,
1789038014.9597,load,2,-1,21671,1308.0,0.0,1309.0,0.079,,,,,,,,,
1789038017.4345,load,2,-1,21671,1309.0,0.0,1310.0,0.108,,,,,,,,,
1789038017.6115,load,2,-1,21671,1310.0,0.0,1311.0,0.094,,,,,,,,,
1789038020.0103,load,2,-1,21671,1311.0,0.0,1312.0,0.097,,,,,,,,,
1789038020.1497,load,2,-1,21671,1312.0,0.0,1313.0,0.091,,,,,,,,,
1789038022.2273,load,2,-1,21671,1313.0,0.0,1314.0,0.12,,,,,,,,,
1789038022.83,load,2,-1,21671,1314.0,0.0,1315.0,0.079,,,,,,,,,
1789038024.4943,load,2,-1,21671,1315.0,0.0,1316.0,0.116,,,,,,,,,
1789038024.8485,load,2,-1,21671,1316.0,0.0,1317.0,0.095,,,,,,,,,
1789038026.5426,load,2,-1,21671,1317.0,0.0,1318.0,0.107,,,,,,,,,
1789038027.2353,load,2,-1,21671,1318.0,0.0,1319.0,0.101,,,,,,,,,
1789038028.4367,load,2,-1,21671,1319.0,0.0,1320.0,0.124,,,,,,,,,
1789038029.8174,load,2,-1,21671,1320.0,0.0,1321.0,0.084,,,,,,,,,
1789038031.1655,load,2,-1,21671,1321.0,0.0,1322.0,0.111,,,,,,,,,
1789038031.9605,load,2,-1,21671,1322.0,0.0,1323.0,0.087,,,,,,,,,
1789038033.6146,load,2,-1,21671,1323.0,0.0,1324.0,0.115,,,,,,,,,
1789038034.2421,load,2,-1,21671,1324.0,0.0,1325.0,0.088,,,,,,,,,
1789038035.9034,load,2,-1,21671,1325.0,0.0,1326.0,0.114,,,,,,,,,
1789038036.7767,load,2,-1,21671,1326.0,0.0,1327.0,0.224,,,,,,,,,
1789038038.0925,load,2,-1,21671,1327.0,0.0,1328.0,0.099,,,,,,,,,
1789038039.2926,load,2,-1,21671,1328.0,0.0,1329.0,0.088,,,,,,,,,
1789038040.7848,load,2,-1,21671,1329.0,0.0,1330.0,0.244,,,,,,,,,
1789038041.7351,load,2,-1,21671,1330.0,0.0,1331.0,0.092,,,,,,,,,
1789038043.0503,load,2,-1,21671,1331.0,0.0,1332.0,0.099,,,,,,,,,
1789038044.1957,load,2,-1,21671,1332.0,0.0,1333.0,0.078,,,,,,,,,
1789038045.5912,load,2,-1,21671,1333.0,0.0,1334.0,0.114,,,,,,,,,
1789038046.9307,load,2,-1,21671,1334.0,0.0,1335.0,0.096,,,,,,,,,
1789038048.2459,load,2,-1,21671,1335.0,0.0,1336.0,0.131,,,,,,,,,
1789038050.0299,load,2,-1,21671,1336.0,0.0,1337.0,0.092,,,,,,,,,
1789038050.1996,load,2,-1,21671,1337.0,0.0,1338.0,0.11,,,,,,,,,
1789038052.5807,load,2,-1,21671,1338.0,0.0,1339.0,0.08,,,,,,,,,
1789038052.9069,load,2,-1,21671,1339.0,0.0,1340.0,0.115,,,,,,,,,
1789038055.2581,load,2,-1,21671,1340.0,0.0,1341.0,0.114,,,,,,,,,
1789038055.9605,load,2,-1,21671,1341.0,0.0,1342.0,0.123,,,,,,,,,
1789038057.4803,load,2,-1,21671,1342.0,0.0,1343.0,0.099,,,,,,,,,
1789038058.2042,load,2,-1,21671,1343.0,0.0,1344.0,0.128,,,,,,,,,
1789038060.0562,load,2,-1,21671,1344.0,0.0,1345.0,0.094,,,,,,,,,
1789038060.763,load,2,-1,21671,1345.0,0.0,1346.0,0.117,,,,,,,,,
1789038062.0102,load,2,-1,21671,1346.0,0.0,1347.0,0.107,,,,,,,,,
1789038063.2533,load,2,-1,21671,1347.0,0.0,1348.0,0.117,,,,,,,,,
1789038064.3346,load,2,-1,21671,1348.0,0.0,1349.0,0.097,,,,,,,,,
1789038065.819,load,2,-1,21671,1349.0,0.0,1350.0,0.157,,,,,,,,,
1789038067.1617,load,2,-1,21671,1350.0,0.0,1351.0,0.083,,,,,,,,,
1789038068.2665,load,2,-1,21671,1351.0,0.0,1352.0,0.116,,,,,,,,,
1789038069.4064,load,2,-1,21671,1352.0,0.0,1353.0,0.095,,,,,,,,,
1789036427.6704,load,0,-1,21669,0.0,0.0,1.0,2638.571,,,,,,,,,
1789036430.2008,load,0,-1,21669,1.0,0.0,2.0,0.324,,,,,,,,,
1789036430.321,load,0,-1,21669,2.0,0.0,3.0,0.16,,,,,,,,,
1789036431.937,load,0,-1,21669,3.0,0.0,4.0,0.157,,,,,,,,,
1789036432.1652,load,0,-1,21669,4.0,0.0,5.0,0.147,,,,,,,,,
1789036433.7639,load,0,-1,21669,5.0,0.0,6.0,0.165,,,,,,,,,
1789036434.2186,load,0,-1,21669,6.0,0.0,7.0,0.188,,,,,,,,,
1789036436.4996,load,0,-1,21669,7.0,0.0,8.0,0.161,,,,,,,,,
1789036436.6699,load,0,-1,21669,8.0,0.0,9.0,0.145,,,,,,,,,
1789036439.3712,load,0,-1,21669,9.0,0.0,10.0,0.315,,,,,,,,,
1789036439.5014,load,0,-1,21669,10.0,0.0,11.0,0.17,,,,,,,,,
1789036441.4028,load,0,-1,21669,11.0,0.0,12.0,0.149,,,,,,,,,
1789036441.8406,load,0,-1,21669,12.0,0.0,13.0,0.132,,,,,,,,,
1789036444.0207,load,0,-1,21669,13.0,0.0,14.0,0.157,,,,,,,,,
1789036444.193,load,0,-1,21669,14.0,0.0,15.0,0.238,,,,,,,,,
1789036446.801,load,0,-1,21669,15.0,0.0,16.0,0.259,,,,,,,,,
1789036446.9111,load,0,-1,21669,16.0,0.0,17.0,0.19,,,,,,,,,
1789036448.9814,load,0,-1,21669,17.0,0.0,18.0,0.229,,,,,,,,,
1789036449.411,load,0,-1,21669,18.0,0.0,19.0,0.452,,,,,,,,,
1789036451.3184,load,0,-1,21669,19.0,0.0,20.0,0.284,,,,,,,,,
1789036451.4895,load,0,-1,21669,20.0,0.0,21.0,0.367,,,,,,,,,
1789036453.7371,load,0,-1,21669,21.0,0.0,22.0,0.205,,,,,,,,,
1789036453.8494,load,0,-1,21669,22.0,0.0,23.0,0.149,,,,,,,,,
1789036455.5736,load,0,-1,21669,23.0,0.0,24.0,0.154,,,,,,,,,
1789036455.9993,load,0,-1,21669,24.0,0.0,25.0,0.132,,,,,,,,,
1789036457.6961,load,0,-1,21669,25.0,0.0,26.0,0.184,,,,,,,,,
1789036457.8697,load,0,-1,21669,26.0,0.0,27.0,0.208,,,,,,,,,
1789036460.6101,load,0,-1,21669,27.0,0.0,28.0,0.322,,,,,,,,,
1789036460.7615,load,0,-1,21669,28.0,0.0,29.0,0.129,,,,,,,,,
1789036462.6431,load,0,-1,21669,29.0,0.0,30.0,0.176,,,,,,,,,
1789036463.1063,load,0,-1,21669,30.0,0.0,31.0,0.193,,,,,,,,,
1789036464.8483,load,0,-1,21669,31.0,0.0,32.0,0.229,,,,,,,,,
1789036465.0811,load,0,-1,21669,32.0,0.0,33.0,0.233,,,,,,,,,
1789036467.7432,load,0,-1,21669,33.0,0.0,34.0,0.145,,,,,,,,,
1789036468.1261,load,0,-1,21669,34.0,0.0,35.0,0.159,,,,,,,,,
1789036469.7999,load,0,-1,21669,35.0,0.0,36.0,0.297,,,,,,,,,
1789036470.8443,load,0,-1,21669,36.0,0.0,37.0,0.65,,,,,,,,,
1789036472.0119,load,0,-1,21669,37.0,0.0,38.0,0.172,,,,,,,,,
1789036472.8976,load,0,-1,21669,38.0,0.0,39.0,0.151,,,,,,,,,
1789036474.5236,load,0,-1,21669,39.0,0.0,40.0,0.144,,,,,,,,,
1789036475.4141,load,0,-1,21669,40.0,0.0,41.0,0.159,,,,,,,,,
1789036476.8002,load,0,-1,21669,41.0,0.0,42.0,0.182,,,,,,,,,
1789036478.025,load,0,-1,21669,42.0,0.0,43.0,0.231,,,,,,,,,
1789036479.5184,load,0,-1,21669,43.0,0.0,44.0,0.201,,,,,,,,,
1789036479.6989,load,0,-1,21669,44.0,0.0,45.0,0.149,,,,,,,,,
1789036482.2888,load,0,-1,21669,45.0,0.0,46.0,0.134,,,,,,,,,
1789036482.3971,load,0,-1,21669,46.0,0.0,47.0,0.133,,,,,,,,,
1789036484.2368,load,0,-1,21669,47.0,0.0,48.0,0.501,,,,,,,,,
1789036485.4885,load,0,-1,21669,48.0,0.0,49.0,0.507,,,,,,,,,
1789036486.3628,load,0,-1,21669,49.0,0.0,50.0,0.153,,,,,,,,,
1789036487.8664,load,0,-1,21669,50.0,0.0,51.0,0.152,,,,,,,,,
1789036488.3295,load,0,-1,21669,51.0,0.0,52.0,0.207,,,,,,,,,
1789036490.9544,load,0,-1,21669,52.0,0.0,53.0,0.477,,,,,,,,,
1789036491.1199,load,0,-1,21669,53.0,0.0,54.0,0.143,,,,,,,,,
1789036493.9828,load,0,-1,21669,54.0,0.0,55.0,0.164,,,,,,,,,
1789036494.092,load,0,-1,21669,55.0,0.0,56.0,0.147,,,,,,,,,
1789036495.6472,load,0,-1,21669,56.0,0.0,57.0,0.142,,,,,,,,,
1789036496.2539,load,0,-1,21669,57.0,0.0,58.0,0.466,,,,,,,,,
1789036498.4527,load,0,-1,21669,58.0,0.0,59.0,0.554,,,,,,,,,
1789036498.6289,load,0,-1,21669,59.0,0.0,60.0,0.261,,,,,,,,,
1789036500.8707,load,0,-1,21669,60.0,0.0,61.0,0.158,,,,,,,,,
1789036501.1187,load,0,-1,21669,61.0,0.0,62.0,0.192,,,,,,,,,
1789036503.1268,load,0,-1,21669,62.0,0.0,63.0,0.171,,,,,,,,,
1789036503.5196,load,0,-1,21669,63.0,0.0,64.0,0.289,,,,,,,,,
1789036505.9088,load,0,-1,21669,64.0,0.0,65.0,0.595,,,,,,,,,
1789036506.0813,load,0,-1,21669,65.0,0.0,66.0,0.161,,,,,,,,,
1789036508.0018,load,0,-1,21669,66.0,0.0,67.0,0.179,,,,,,,,,
1789036508.8214,load,0,-1,21669,67.0,0.0,68.0,0.152,,,,,,,,,
1789036510.1289,load,0,-1,21669,68.0,0.0,69.0,0.23,,,,,,,,,
1789036511.6247,load,0,-1,21669,69.0,0.0,70.0,0.247,,,,,,,,,
1789036511.9013,load,0,-1,21669,70.0,0.0,71.0,0.216,,,,,,,,,
1789036513.3164,load,0,-1,21669,71.0,0.0,72.0,0.261,,,,,,,,,
1789036514.97,load,0,-1,21669,72.0,0.0,73.0,0.148,,,,,,,,,
1789036515.8142,load,0,-1,21669,73.0,0.0,74.0,0.214,,,,,,,,,
1789036517.4771,load,0,-1,21669,74.0,0.0,75.0,0.178,,,,,,,,,
1789036517.9007,load,0,-1,21669,75.0,0.0,76.0,0.189,,,,,,,,,
1789036519.1619,load,0,-1,21669,76.0,0.0,77.0,0.218,,,,,,,,,
1789036520.3755,load,0,-1,21669,77.0,0.0,78.0,0.189,,,,,,,,,
1789036522.041,load,0,-1,21669,78.0,0.0,79.0,0.139,,,,,,,,,
1789036522.4647,load,0,-1,21669,79.0,0.0,80.0,0.236,,,,,,,,,
1789036524.5268,load,0,-1,21669,80.0,0.0,81.0,0.178,,,,,,,,,
1789036525.186,load,0,-1,21669,81.0,0.0,82.0,0.263,,,,,,,,,
1789036526.4668,load,0,-1,21669,82.0,0.0,83.0,0.537,,,,,,,,,
1789036527.6412,load,0,-1,21669,83.0,0.0,84.0,0.188,,,,,,,,,
1789036529.3243,load,0,-1,21669,84.0,0.0,85.0,0.178,,,,,,,,,
1789036529.502,load,0,-1,21669,85.0,0.0,86.0,0.129,,,,,,,,,
1789036531.1294,load,0,-1,21669,86.0,0.0,87.0,0.136,,,,,,,,,
1789036532.5863,load,0,-1,21669,87.0,0.0,88.0,0.161,,,,,,,,,
1789036533.833,load,0,-1,21669,88.0,0.0,89.0,0.177,,,,,,,,,
1789036534.1814,load,0,-1,21669,89.0,0.0,90.0,0.14,,,,,,,,,
1789036536.0536,load,0,-1,21669,90.0,0.0,91.0,0.154,,,,,,,,,
1789036536.5129,load,0,-1,21669,91.0,0.0,92.0,0.154,,,,,,,,,
1789036538.7689,load,0,-1,21669,92.0,0.0,93.0,0.157,,,,,,,,,
1789036539.2062,load,0,-1,21669,93.0,0.0,94.0,0.205,,,,,,,,,
1789036540.561,load,0,-1,21669,94.0,0.0,95.0,0.141,,,,,,,,,
1789036541.0967,load,0,-1,21669,95.0,0.0,96.0,0.151,,,,,,,,,
1789036543.0259,load,0,-1,21669,96.0,0.0,97.0,0.169,,,,,,,,,
1789036544.1319,load,0,-1,21669,97.0,0.0,98.0,0.152,,,,,,,,,
1789036544.9591,load,0,-1,21669,98.0,0.0,99.0,0.168,,,,,,,,,
1789036547.0686,load,0,-1,21669,99.0,0.0,100.0,0.186,,,,,,,,,
1789036547.2007,load,0,-1,21669,100.0,0.0,101.0,0.143,,,,,,,,,
1789036549.544,load,0,-1,21669,101.0,0.0,102.0,0.174,,,,,,,,,
1789036549.8952,load,0,-1,21669,102.0,0.0,103.0,0.126,,,,,,,,,
1789036551.9309,load,0,-1,21669,103.0,0.0,104.0,0.156,,,,,,,,,
1789036552.1118,load,0,-1,21669,104.0,0.0,105.0,0.19,,,,,,,,,
1789036554.473,load,0,-1,21669,105.0,0.0,106.0,0.17,,,,,,,,,
1789036554.6085,load,0,-1,21669,106.0,0.0,107.0,0.156,,,,,,,,,
1789036556.8631,load,0,-1,21669,107.0,0.0,108.0,0.186,,,,,,,,,
1789036557.3486,load,0,-1,21669,108.0,0.0,109.0,0.122,,,,,,,,,
1789036559.3116,load,0,-1,21669,109.0,0.0,110.0,0.145,,,,,,,,,
1789036559.5108,load,0,-1,21669,110.0,0.0,111.0,0.13,,,,,,,,,
1789036562.6905,load,0,-1,21669,111.0,0.0,112.0,0.172,,,,,,,,,
1789036562.8,load,0,-1,21669,112.0,0.0,113.0,0.151,,,,,,,,,
1789036564.4785,load,0,-1,21669,113.0,0.0,114.0,0.178,,,,,,,,,
1789036564.9653,load,0,-1,21669,114.0,0.0,115.0,0.115,,,,,,,,,
1789036567.1581,load,0,-1,21669,115.0,0.0,116.0,0.15,,,,,,,,,
1789036567.3509,load,0,-1,21669,116.0,0.0,117.0,0.133,,,,,,,,,
1789036569.7436,load,0,-1,21669,117.0,0.0,118.0,0.155,,,,,,,,,
1789036569.8561,load,0,-1,21669,118.0,0.0,119.0,0.12,,,,,,,,,
1789036572.4292,load,0,-1,21669,119.0,0.0,120.0,0.162,,,,,,,,,
1789036572.8305,load,0,-1,21669,120.0,0.0,121.0,0.111,,,,,,,,,
1789036575.0232,load,0,-1,21669,121.0,0.0,122.0,0.191,,,,,,,,,
1789036575.1793,load,0,-1,21669,122.0,0.0,123.0,0.149,,,,,,,,,
1789036577.5699,load,0,-1,21669,123.0,0.0,124.0,0.163,,,,,,,,,
1789036577.7028,load,0,-1,21669,124.0,0.0,125.0,0.16,,,,,,,,,
1789036579.7252,load,0,-1,21669,125.0,0.0,126.0,0.197,,,,,,,,,
1789036580.1778,load,0,-1,21669,126.0,0.0,127.0,0.129,,,,,,,,,
1789036582.0033,load,0,-1,21669,127.0,0.0,128.0,0.495,,,,,,,,,
1789036582.2015,load,0,-1,21669,128.0,0.0,129.0,0.16,,,,,,,,,
1789036584.4329,load,0,-1,21669,129.0,0.0,130.0,0.145,,,,,,,,,
1789036584.5612,load,0,-1,21669,130.0,0.0,131.0,0.147,,,,,,,,,
1789036587.0284,load,0,-1,21669,131.0,0.0,132.0,0.191,,,,,,,,,
1789036587.4657,load,0,-1,21669,132.0,0.0,133.0,0.125,,,,,,,,,
1789036589.5003,load,0,-1,21669,133.0,0.0,134.0,0.165,,,,,,,,,
1789036589.6723,load,0,-1,21669,134.0,0.0,135.0,0.155,,,,,,,,,
1789036592.1744,load,0,-1,21669,135.0,0.0,136.0,0.136,,,,,,,,,
1789036592.3043,load,0,-1,21669,136.0,0.0,137.0,0.142,,,,,,,,,
1789036594.5462,load,0,-1,21669,137.0,0.0,138.0,0.164,,,,,,,,,
1789036595.004,load,0,-1,21669,138.0,0.0,139.0,0.185,,,,,,,,,
1789036596.8977,load,0,-1,21669,139.0,0.0,140.0,0.153,,,,,,,,,
1789036597.0761,load,0,-1,21669,140.0,0.0,141.0,0.201,,,,,,,,,
1789036599.3192,load,0,-1,21669,141.0,0.0,142.0,0.182,,,,,,,,,
1789036599.4274,load,0,-1,21669,142.0,0.0,143.0,0.143,,,,,,,,,
1789036601.9969,load,0,-1,21669,143.0,0.0,144.0,0.16,,,,,,,,,
1789036602.4329,load,0,-1,21669,144.0,0.0,145.0,0.128,,,,,,,,,
1789036604.3992,load,0,-1,21669,145.0,0.0,146.0,0.175,,,,,,,,,
1789036604.5762,load,0,-1,21669,146.0,0.0,147.0,0.146,,,,,,,,,
1789036606.7774,load,0,-1,21669,147.0,0.0,148.0,0.164,,,,,,,,,
1789036606.9107,load,0,-1,21669,148.0,0.0,149.0,0.14,,,,,,,,,
1789036608.9614,load,0,-1,21669,149.0,0.0,150.0,0.241,,,,,,,,,
1789036609.399,load,0,-1,21669,150.0,0.0,151.0,0.168,,,,,,,,,
1789036611.5424,load,0,-1,21669,151.0,0.0,152.0,0.237,,,,,,,,,
1789036611.7154,load,0,-1,21669,152.0,0.0,153.0,0.186,,,,,,,,,
1789036614.7222,load,0,-1,21669,153.0,0.0,154.0,0.212,,,,,,,,,
1789036614.8812,load,0,-1,21669,154.0,0.0,155.0,0.161,,,,,,,,,
1789036617.1675,load,0,-1,21669,155.0,0.0,156.0,0.147,,,,,,,,,
1789036617.576,load,0,-1,21669,156.0,0.0,157.0,0.119,,,,,,,,,
1789036619.25,load,0,-1,21669,157.0,0.0,158.0,0.147,,,,,,,,,
1789036619.4244,load,0,-1,21669,158.0,0.0,159.0,0.147,,,,,,,,,
1789036621.7602,load,0,-1,21669,159.0,0.0,160.0,0.191,,,,,,,,,
1789036621.8672,load,0,-1,21669,160.0,0.0,161.0,0.126,,,,,,,,,
1789036623.9584,load,0,-1,21669,161.0,0.0,162.0,0.218,,,,,,,,,
1789036624.3091,load,0,-1,21669,162.0,0.0,163.0,0.125,,,,,,,,,
1789036626.6153,load,0,-1,21669,163.0,0.0,164.0,0.15,,,,,,,,,
1789036626.7858,load,0,-1,21669,164.0,0.0,165.0,0.132,,,,,,,,,
1789036629.4408,load,0,-1,21669,165.0,0.0,166.0,0.134,,,,,,,,,
1789036629.6447,load,0,-1,21669,166.0,0.0,167.0,0.121,,,,,,,,,
1789036631.5291,load,0,-1,21669,167.0,0.0,168.0,0.198,,,,,,,,,
1789036631.9288,load,0,-1,21669,168.0,0.0,169.0,0.127,,,,,,,,,
1789036633.5653,load,0,-1,21669,169.0,0.0,170.0,0.197,,,,,,,,,
1789036633.7377,load,0,-1,21669,170.0,0.0,171.0,0.14,,,,,,,,,
1789036636.2396,load,0,-1,21669,171.0,0.0,172.0,0.123,,,,,,,,,
1789036636.3514,load,0,-1,21669,172.0,0.0,173.0,0.127,,,,,,,,,
1789036637.7099,load,0,-1,21669,173.0,0.0,174.0,0.138,,,,,,,,,
1789036638.164,load,0,-1,21669,174.0,0.0,175.0,0.128,,,,,,,,,
1789036639.8319,load,0,-1,21669,175.0,0.0,176.0,0.168,,,,,,,,,
1789036640.0026,load,0,-1,21669,176.0,0.0,177.0,0.133,,,,,,,,,
1789036641.9129,load,0,-1,21669,177.0,0.0,178.0,0.153,,,,,,,,,
1789036642.0197,load,0,-1,21669,178.0,0.0,179.0,0.118,,,,,,,,,
1789036644.2804,load,0,-1,21669,179.0,0.0,180.0,0.131,,,,,,,,,
1789036644.6754,load,0,-1,21669,180.0,0.0,181.0,0.108,,,,,,,,,
1789036646.734,load,0,-1,21669,181.0,0.0,182.0,0.142,,,,,,,,,
1789036646.8418,load,0,-1,21669,182.0,0.0,183.0,0.392,,,,,,,,,
1789036649.7077,load,0,-1,21669,183.0,0.0,184.0,0.153,,,,,,,,,
1789036649.8319,load,0,-1,21669,184.0,0.0,185.0,0.429,,,,,,,,,
1789036652.1384,load,0,-1,21669,185.0,0.0,186.0,0.186,,,,,,,,,
1789036652.58,load,0,-1,21669,186.0,0.0,187.0,0.309,,,,,,,,,
1789036654.2478,load,0,-1,21669,187.0,0.0,188.0,0.145,,,,,,,,,
1789036654.4215,load,0,-1,21669,188.0,0.0,189.0,0.126,,,,,,,,,
1789036656.6486,load,0,-1,21669,189.0,0.0,190.0,0.129,,,,,,,,,
1789036656.7567,load,0,-1,21669,190.0,0.0,191.0,0.117,,,,,,,,,
1789036658.8676,load,0,-1,21669,191.0,0.0,192.0,0.155,,,,,,,,,
1789036659.3092,load,0,-1,21669,192.0,0.0,193.0,0.133,,,,,,,,,
1789036661.1448,load,0,-1,21669,193.0,0.0,194.0,0.156,,,,,,,,,
1789036661.3176,load,0,-1,21669,194.0,0.0,195.0,0.15,,,,,,,,,
1789036664.0132,load,0,-1,21669,195.0,0.0,196.0,0.174,,,,,,,,,
1789036664.135,load,0,-1,21669,196.0,0.0,197.0,0.15,,,,,,,,,
1789036666.4575,load,0,-1,21669,197.0,0.0,198.0,0.15,,,,,,,,,
1789036666.8698,load,0,-1,21669,198.0,0.0,199.0,0.152,,,,,,,,,
1789036668.7371,load,0,-1,21669,199.0,0.0,200.0,0.162,,,,,,,,,
1789036668.9071,load,0,-1,21669,200.0,0.0,201.0,0.153,,,,,,,,,
1789036671.6956,load,0,-1,21669,201.0,0.0,202.0,0.194,,,,,,,,,
1789036671.8022,load,0,-1,21669,202.0,0.0,203.0,0.139,,,,,,,,,
1789036673.6647,load,0,-1,21669,203.0,0.0,204.0,0.142,,,,,,,,,
1789036674.0672,load,0,-1,21669,204.0,0.0,205.0,0.15,,,,,,,,,
1789036675.9645,load,0,-1,21669,205.0,0.0,206.0,0.142,,,,,,,,,
1789036676.141,load,0,-1,21669,206.0,0.0,207.0,0.155,,,,,,,,,
1789036678.4797,load,0,-1,21669,207.0,0.0,208.0,0.277,,,,,,,,,
1789036678.5958,load,0,-1,21669,208.0,0.0,209.0,0.144,,,,,,,,,
1789036680.9976,load,0,-1,21669,209.0,0.0,210.0,0.167,,,,,,,,,
1789036681.4065,load,0,-1,21669,210.0,0.0,211.0,0.161,,,,,,,,,
1789036683.7269,load,0,-1,21669,211.0,0.0,212.0,0.14,,,,,,,,,
1789036683.8984,load,0,-1,21669,212.0,0.0,213.0,0.134,,,,,,,,,
1789036686.4518,load,0,-1,21669,213.0,0.0,214.0,0.127,,,,,,,,,
1789036686.5774,load,0,-1,21669,214.0,0.0,215.0,0.13,,,,,,,,,
1789036688.6692,load,0,-1,21669,215.0,0.0,216.0,0.156,,,,,,,,,
1789036689.1542,load,0,-1,21669,216.0,0.0,217.0,0.178,,,,,,,,,
1789036691.5963,load,0,-1,21669,217.0,0.0,218.0,0.264,,,,,,,,,
1789036691.7818,load,0,-1,21669,218.0,0.0,219.0,0.193,,,,,,,,,
1789036693.892,load,0,-1,21669,219.0,0.0,220.0,0.175,,,,,,,,,
1789036694.014,load,0,-1,21669,220.0,0.0,221.0,0.145,,,,,,,,,
1789036695.8825,load,0,-1,21669,221.0,0.0,222.0,0.197,,,,,,,,,
1789036696.2299,load,0,-1,21669,222.0,0.0,223.0,0.107,,,,,,,,,
1789036698.0336,load,0,-1,21669,223.0,0.0,224.0,0.139,,,,,,,,,
1789036698.2055,load,0,-1,21669,224.0,0.0,225.0,0.123,,,,,,,,,
1789036700.0133,load,0,-1,21669,225.0,0.0,226.0,0.172,,,,,,,,,
1789036700.1203,load,0,-1,21669,226.0,0.0,227.0,0.15,,,,,,,,,
1789036702.2142,load,0,-1,21669,227.0,0.0,228.0,0.15,,,,,,,,,
1789036702.6355,load,0,-1,21669,228.0,0.0,229.0,0.161,,,,,,,,,
1789036704.4434,load,0,-1,21669,229.0,0.0,230.0,0.144,,,,,,,,,
1789036704.6172,load,0,-1,21669,230.0,0.0,231.0,0.142,,,,,,,,,
1789036707.1712,load,0,-1,21669,231.0,0.0,232.0,0.17,,,,,,,,,
1789036707.2815,load,0,-1,21669,232.0,0.0,233.0,0.194,,,,,,,,,
1789036709.4268,load,0,-1,21669,233.0,0.0,234.0,0.19,,,,,,,,,
1789036709.8342,load,0,-1,21669,234.0,0.0,235.0,0.18,,,,,,,,,
1789036712.0766,load,0,-1,21669,235.0,0.0,236.0,0.162,,,,,,,,,
1789036712.248,load,0,-1,21669,236.0,0.0,237.0,0.143,,,,,,,,,
1789036714.7543,load,0,-1,21669,237.0,0.0,238.0,0.129,,,,,,,,,
1789036714.8624,load,0,-1,21669,238.0,0.0,239.0,0.125,,,,,,,,,
1789036716.9851,load,0,-1,21669,239.0,0.0,240.0,0.144,,,,,,,,,
1789036717.4272,load,0,-1,21669,240.0,0.0,241.0,0.121,,,,,,,,,
1789036719.7531,load,0,-1,21669,241.0,0.0,242.0,0.155,,,,,,,,,
1789036719.8822,load,0,-1,21669,242.0,0.0,243.0,0.135,,,,,,,,,
1789036722.1016,load,0,-1,21669,243.0,0.0,244.0,0.15,,,,,,,,,
1789036722.2188,load,0,-1,21669,244.0,0.0,245.0,0.13,,,,,,,,,
1789036723.7528,load,0,-1,21669,245.0,0.0,246.0,0.168,,,,,,,,,
1789036724.1646,load,0,-1,21669,246.0,0.0,247.0,0.13,,,,,,,,,
1789036726.7424,load,0,-1,21669,247.0,0.0,248.0,0.136,,,,,,,,,
1789036726.9127,load,0,-1,21669,248.0,0.0,249.0,0.119,,,,,,,,,
1789036729.2723,load,0,-1,21669,249.0,0.0,250.0,0.174,,,,,,,,,
1789036729.4001,load,0,-1,21669,250.0,0.0,251.0,0.122,,,,,,,,,
1789036731.6511,load,0,-1,21669,251.0,0.0,252.0,0.19,,,,,,,,,
1789036732.0662,load,0,-1,21669,252.0,0.0,253.0,0.115,,,,,,,,,
1789036734.3849,load,0,-1,21669,253.0,0.0,254.0,0.14,,,,,,,,,
1789036734.5548,load,0,-1,21669,254.0,0.0,255.0,0.15,,,,,,,,,
1789036736.8777,load,0,-1,21669,255.0,0.0,256.0,0.151,,,,,,,,,
1789036736.985,load,0,-1,21669,256.0,0.0,257.0,0.119,,,,,,,,,
1789036739.2722,load,0,-1,21669,257.0,0.0,258.0,0.149,,,,,,,,,
1789036739.699,load,0,-1,21669,258.0,0.0,259.0,0.124,,,,,,,,,
1789036741.4939,load,0,-1,21669,259.0,0.0,260.0,0.167,,,,,,,,,
1789036741.665,load,0,-1,21669,260.0,0.0,261.0,0.127,,,,,,,,,
1789036744.3597,load,0,-1,21669,261.0,0.0,262.0,0.18,,,,,,,,,
1789036744.4684,load,0,-1,21669,262.0,0.0,263.0,0.137,,,,,,,,,
1789036746.075,load,0,-1,21669,263.0,0.0,264.0,0.141,,,,,,,,,
1789036746.4847,load,0,-1,21669,264.0,0.0,265.0,0.119,,,,,,,,,
1789036747.9493,load,0,-1,21669,265.0,0.0,266.0,0.139,,,,,,,,,
1789036748.1216,load,0,-1,21669,266.0,0.0,267.0,0.142,,,,,,,,,
1789036750.407,load,0,-1,21669,267.0,0.0,268.0,0.308,,,,,,,,,
1789036750.5582,load,0,-1,21669,268.0,0.0,269.0,0.159,,,,,,,,,
1789036753.2995,load,0,-1,21669,269.0,0.0,270.0,0.17,,,,,,,,,
1789036753.7108,load,0,-1,21669,270.0,0.0,271.0,0.121,,,,,,,,,
1789036755.1454,load,0,-1,21669,271.0,0.0,272.0,0.141,,,,,,,,,
1789036755.3162,load,0,-1,21669,272.0,0.0,273.0,0.157,,,,,,,,,
1789036757.9365,load,0,-1,21669,273.0,0.0,274.0,0.164,,,,,,,,,
1789036758.1074,load,0,-1,21669,274.0,0.0,275.0,0.135,,,,,,,,,
1789036759.8074,load,0,-1,21669,275.0,0.0,276.0,0.139,,,,,,,,,
1789036760.2398,load,0,-1,21669,276.0,0.0,277.0,0.114,,,,,,,,,
1789036762.2706,load,0,-1,21669,277.0,0.0,278.0,0.139,,,,,,,,,
1789036762.4099,load,0,-1,21669,278.0,0.0,279.0,0.133,,,,,,,,,
1789036764.8995,load,0,-1,21669,279.0,0.0,280.0,0.117,,,,,,,,,
1789036765.0068,load,0,-1,21669,280.0,0.0,281.0,0.139,,,,,,,,,
1789036767.0131,load,0,-1,21669,281.0,0.0,282.0,0.17,,,,,,,,,
1789036767.3886,load,0,-1,21669,282.0,0.0,283.0,0.109,,,,,,,,,
1789036769.955,load,0,-1,21669,283.0,0.0,284.0,0.159,,,,,,,,,
1789036770.1276,load,0,-1,21669,284.0,0.0,285.0,0.131,,,,,,,,,
1789036773.1683,load,0,-1,21669,285.0,0.0,286.0,0.207,,,,,,,,,
1789036773.3095,load,0,-1,21669,286.0,0.0,287.0,0.12,,,,,,,,,
1789036775.5619,load,0,-1,21669,287.0,0.0,288.0,0.171,,,,,,,,,
1789036775.9646,load,0,-1,21669,288.0,0.0,289.0,0.107,,,,,,,,,
1789036777.9722,load,0,-1,21669,289.0,0.0,290.0,0.17,,,,,,,,,
1789036778.1444,load,0,-1,21669,290.0,0.0,291.0,0.137,,,,,,,,,
1789036780.0728,load,0,-1,21669,291.0,0.0,292.0,0.124,,,,,,,,,
1789036780.181,load,0,-1,21669,292.0,0.0,293.0,0.15,,,,,,,,,
1789036782.4434,load,0,-1,21669,293.0,0.0,294.0,0.146,,,,,,,,,
1789036782.8528,load,0,-1,21669,294.0,0.0,295.0,0.123,,,,,,,,,
1789036784.9278,load,0,-1,21669,295.0,0.0,296.0,0.141,,,,,,,,,
1789036785.1119,load,0,-1,21669,296.0,0.0,297.0,0.149,,,,,,,,,
1789036787.5493,load,0,-1,21669,297.0,0.0,298.0,0.172,,,,,,,,,
1789036787.7208,load,0,-1,21669,298.0,0.0,299.0,0.16,,,,,,,,,
1789036789.8163,load,0,-1,21669,299.0,0.0,300.0,0.165,,,,,,,,,
1789036790.212,load,0,-1,21669,300.0,0.0,301.0,0.131,,,,,,,,,
1789036792.236,load,0,-1,21669,301.0,0.0,302.0,0.138,,,,,,,,,
1789036792.3442,load,0,-1,21669,302.0,0.0,303.0,0.141,,,,,,,,,
1789036795.1725,load,0,-1,21669,303.0,0.0,304.0,0.157,,,,,,,,,
1789036795.2921,load,0,-1,21669,304.0,0.0,305.0,0.132,,,,,,,,,
1789036797.756,load,0,-1,21669,305.0,0.0,306.0,0.158,,,,,,,,,
1789036798.1955,load,0,-1,21669,306.0,0.0,307.0,0.118,,,,,,,,,
1789036800.2533,load,0,-1,21669,307.0,0.0,308.0,0.166,,,,,,,,,
1789036800.4266,load,0,-1,21669,308.0,0.0,309.0,0.142,,,,,,,,,
1789036802.9647,load,0,-1,21669,309.0,0.0,310.0,0.147,,,,,,,,,
1789036803.1168,load,0,-1,21669,310.0,0.0,311.0,0.13,,,,,,,,,
1789036804.8918,load,0,-1,21669,311.0,0.0,312.0,0.15,,,,,,,,,
1789036805.3031,load,0,-1,21669,312.0,0.0,313.0,0.112,,,,,,,,,
1789036807.0812,load,0,-1,21669,313.0,0.0,314.0,0.152,,,,,,,,,
1789036807.254,load,0,-1,21669,314.0,0.0,315.0,0.166,,,,,,,,,
1789036809.6309,load,0,-1,21669,315.0,0.0,316.0,0.152,,,,,,,,,
1789036809.7386,load,0,-1,21669,316.0,0.0,317.0,0.136,,,,,,,,,
1789036811.7796,load,0,-1,21669,317.0,0.0,318.0,0.154,,,,,,,,,
1789036812.2198,load,0,-1,21669,318.0,0.0,319.0,0.12,,,,,,,,,
1789036814.5005,load,0,-1,21669,319.0,0.0,320.0,0.181,,,,,,,,,
1789036814.672,load,0,-1,21669,320.0,0.0,321.0,0.144,,,,,,,,,
1789036817.4418,load,0,-1,21669,321.0,0.0,322.0,0.309,,,,,,,,,
1789036817.5631,load,0,-1,21669,322.0,0.0,323.0,0.144,,,,,,,,,
1789036819.9045,load,0,-1,21669,323.0,0.0,324.0,0.135,,,,,,,,,
1789036820.346,load,0,-1,21669,324.0,0.0,325.0,0.127,,,,,,,,,
1789036822.0673,load,0,-1,21669,325.0,0.0,326.0,0.151,,,,,,,,,
1789036822.2593,load,0,-1,21669,326.0,0.0,327.0,0.138,,,,,,,,,
1789036824.8203,load,0,-1,21669,327.0,0.0,328.0,0.154,,,,,,,,,
1789036824.9382,load,0,-1,21669,328.0,0.0,329.0,0.131,,,,,,,,,
1789036826.7868,load,0,-1,21669,329.0,0.0,330.0,0.154,,,,,,,,,
1789036827.2022,load,0,-1,21669,330.0,0.0,331.0,0.154,,,,,,,,,
1789036829.2979,load,0,-1,21669,331.0,0.0,332.0,0.144,,,,,,,,,
1789036829.4701,load,0,-1,21669,332.0,0.0,333.0,0.16,,,,,,,,,
1789036831.8927,load,0,-1,21669,333.0,0.0,334.0,0.174,,,,,,,,,
1789036832.0335,load,0,-1,21669,334.0,0.0,335.0,0.134,,,,,,,,,
1789036834.1768,load,0,-1,21669,335.0,0.0,336.0,0.155,,,,,,,,,
1789036834.5833,load,0,-1,21669,336.0,0.0,337.0,0.123,,,,,,,,,
1789036836.6584,load,0,-1,21669,337.0,0.0,338.0,0.139,,,,,,,,,
1789036836.8335,load,0,-1,21669,338.0,0.0,339.0,0.138,,,,,,,,,
1789036839.0091,load,0,-1,21669,339.0,0.0,340.0,0.141,,,,,,,,,
1789036839.161,load,0,-1,21669,340.0,0.0,341.0,0.153,,,,,,,,,
1789036840.9662,load,0,-1,21669,341.0,0.0,342.0,0.16,,,,,,,,,
1789036841.327,load,0,-1,21669,342.0,0.0,343.0,0.113,,,,,,,,,
1789036842.9775,load,0,-1,21669,343.0,0.0,344.0,0.157,,,,,,,,,
1789036843.148,load,0,-1,21669,344.0,0.0,345.0,0.127,,,,,,,,,
1789036845.34,load,0,-1,21669,345.0,0.0,346.0,0.128,,,,,,,,,
1789036845.4685,load,0,-1,21669,346.0,0.0,347.0,0.135,,,,,,,,,
1789036847.9252,load,0,-1,21669,347.0,0.0,348.0,0.156,,,,,,,,,
1789036848.3539,load,0,-1,21669,348.0,0.0,349.0,0.11,,,,,,,,,
1789036850.3026,load,0,-1,21669,349.0,0.0,350.0,0.173,,,,,,,,,
1789036850.495,load,0,-1,21669,350.0,0.0,351.0,0.14,,,,,,,,,
1789036853.0744,load,0,-1,21669,351.0,0.0,352.0,0.127,,,,,,,,,
1789036853.2199,load,0,-1,21669,352.0,0.0,353.0,0.137,,,,,,,,,
1789036855.2785,load,0,-1,21669,353.0,0.0,354.0,0.161,,,,,,,,,
1789036855.7104,load,0,-1,21669,354.0,0.0,355.0,0.155,,,,,,,,,
1789036858.1018,load,0,-1,21669,355.0,0.0,356.0,0.143,,,,,,,,,
1789036858.2937,load,0,-1,21669,356.0,0.0,357.0,0.135,,,,,,,,,
1789036861.0419,load,0,-1,21669,357.0,0.0,358.0,0.116,,,,,,,,,
1789036861.4864,load,0,-1,21669,358.0,0.0,359.0,0.136,,,,,,,,,
1789036863.1527,load,0,-1,21669,359.0,0.0,360.0,0.151,,,,,,,,,
1789036863.5696,load,0,-1,21669,360.0,0.0,361.0,0.123,,,,,,,,,
1789036865.4733,load,0,-1,21669,361.0,0.0,362.0,0.159,,,,,,,,,
1789036865.5935,load,0,-1,21669,362.0,0.0,363.0,0.132,,,,,,,,,
1789036867.4783,load,0,-1,21669,363.0,0.0,364.0,0.127,,,,,,,,,
1789036867.5903,load,0,-1,21669,364.0,0.0,365.0,0.118,,,,,,,,,
1789036869.932,load,0,-1,21669,365.0,0.0,366.0,0.148,,,,,,,,,
1789036870.3456,load,0,-1,21669,366.0,0.0,367.0,0.132,,,,,,,,,
1789036872.52,load,0,-1,21669,367.0,0.0,368.0,0.157,,,,,,,,,
1789036872.7027,load,0,-1,21669,368.0,0.0,369.0,0.132,,,,,,,,,
1789036875.1808,load,0,-1,21669,369.0,0.0,370.0,0.176,,,,,,,,,
1789036875.3715,load,0,-1,21669,370.0,0.0,371.0,0.144,,,,,,,,,
1789036876.6771,load,0,-1,21669,371.0,0.0,372.0,0.187,,,,,,,,,
1789036877.1468,load,0,-1,21669,372.0,0.0,373.0,0.119,,,,,,,,,
1789036879.7678,load,0,-1,21669,373.0,0.0,374.0,0.147,,,,,,,,,
1789036879.9574,load,0,-1,21669,374.0,0.0,375.0,0.143,,,,,,,,,
1789036882.2083,load,0,-1,21669,375.0,0.0,376.0,0.127,,,,,,,,,
1789036882.3158,load,0,-1,21669,376.0,0.0,377.0,0.134,,,,,,,,,
1789036884.2476,load,0,-1,21669,377.0,0.0,378.0,0.159,,,,,,,,,
1789036884.6815,load,0,-1,21669,378.0,0.0,379.0,0.121,,,,,,,,,
1789036885.9506,load,0,-1,21669,379.0,0.0,380.0,0.157,,,,,,,,,
1789036886.1505,load,0,-1,21669,380.0,0.0,381.0,0.14,,,,,,,,,
1789036888.4002,load,0,-1,21669,381.0,0.0,382.0,0.166,,,,,,,,,
1789036888.5087,load,0,-1,21669,382.0,0.0,383.0,0.126,,,,,,,,,
1789036890.5036,load,0,-1,21669,383.0,0.0,384.0,0.144,,,,,,,,,
1789036890.9228,load,0,-1,21669,384.0,0.0,385.0,0.124,,,,,,,,,
1789036892.5432,load,0,-1,21669,385.0,0.0,386.0,0.143,,,,,,,,,
1789036892.7177,load,0,-1,21669,386.0,0.0,387.0,0.154,,,,,,,,,
1789036895.2812,load,0,-1,21669,387.0,0.0,388.0,0.137,,,,,,,,,
1789036895.7172,load,0,-1,21669,388.0,0.0,389.0,0.14,,,,,,,,,
1789036897.5935,load,0,-1,21669,389.0,0.0,390.0,0.153,,,,,,,,,
1789036898.0169,load,0,-1,21669,390.0,0.0,391.0,0.303,,,,,,,,,
1789036900.6878,load,0,-1,21669,391.0,0.0,392.0,0.174,,,,,,,,,
1789036900.8588,load,0,-1,21669,392.0,0.0,393.0,0.148,,,,,,,,,
1789036903.3187,load,0,-1,21669,393.0,0.0,394.0,0.137,,,,,,,,,
1789036903.7839,load,0,-1,21669,394.0,0.0,395.0,0.157,,,,,,,,,
1789036905.0951,load,0,-1,21669,395.0,0.0,396.0,0.137,,,,,,,,,
1789036905.5608,load,0,-1,21669,396.0,0.0,397.0,0.165,,,,,,,,,
1789036907.9433,load,0,-1,21669,397.0,0.0,398.0,0.143,,,,,,,,,
1789036908.1221,load,0,-1,21669,398.0,0.0,399.0,0.149,,,,,,,,,
1789036910.7406,load,0,-1,21669,399.0,0.0,400.0,0.131,,,,,,,,,
1789036910.8676,load,0,-1,21669,400.0,0.0,401.0,0.115,,,,,,,,,
1789036912.5949,load,0,-1,21669,401.0,0.0,402.0,0.207,,,,,,,,,
1789036912.9636,load,0,-1,21669,402.0,0.0,403.0,0.112,,,,,,,,,
1789036914.4399,load,0,-1,21669,403.0,0.0,404.0,0.155,,,,,,,,,
1789036914.6078,load,0,-1,21669,404.0,0.0,405.0,0.124,,,,,,,,,
1789036917.1371,load,0,-1,21669,405.0,0.0,406.0,0.299,,,,,,,,,
1789036917.251,load,0,-1,21669,406.0,0.0,407.0,0.146,,,,,,,,,
1789036919.2263,load,0,-1,21669,407.0,0.0,408.0,0.173,,,,,,,,,
1789036919.6334,load,0,-1,21669,408.0,0.0,409.0,0.138,,,,,,,,,
1789036921.9417,load,0,-1,21669,409.0,0.0,410.0,0.18,,,,,,,,,
1789036922.1323,load,0,-1,21669,410.0,0.0,411.0,0.124,,,,,,,,,
1789036925.1591,load,0,-1,21669,411.0,0.0,412.0,0.129,,,,,,,,,
1789036925.2666,load,0,-1,21669,412.0,0.0,413.0,0.143,,,,,,,,,
1789036927.676,load,0,-1,21669,413.0,0.0,414.0,0.151,,,,,,,,,
1789036928.1003,load,0,-1,21669,414.0,0.0,415.0,0.116,,,,,,,,,
1789036930.2291,load,0,-1,21669,415.0,0.0,416.0,0.152,,,,,,,,,
1789036930.4034,load,0,-1,21669,416.0,0.0,417.0,0.142,,,,,,,,,
1789036933.0086,load,0,-1,21669,417.0,0.0,418.0,0.125,,,,,,,,,
1789036933.138,load,0,-1,21669,418.0,0.0,419.0,0.116,,,,,,,,,
1789036935.6144,load,0,-1,21669,419.0,0.0,420.0,0.172,,,,,,,,,
1789036936.077,load,0,-1,21669,420.0,0.0,421.0,0.111,,,,,,,,,
1789036937.7852,load,0,-1,21669,421.0,0.0,422.0,0.316,,,,,,,,,
1789036937.8913,load,0,-1,21669,422.0,0.0,423.0,0.12,,,,,,,,,
1789036939.9749,load,0,-1,21669,423.0,0.0,424.0,0.155,,,,,,,,,
1789036940.0975,load,0,-1,21669,424.0,0.0,425.0,0.176,,,,,,,,,
1789036942.3105,load,0,-1,21669,425.0,0.0,426.0,0.166,,,,,,,,,
1789036942.7362,load,0,-1,21669,426.0,0.0,427.0,0.145,,,,,,,,,
1789036944.7305,load,0,-1,21669,427.0,0.0,428.0,0.15,,,,,,,,,
1789036944.8987,load,0,-1,21669,428.0,0.0,429.0,0.124,,,,,,,,,
1789036947.2857,load,0,-1,21669,429.0,0.0,430.0,0.119,,,,,,,,,
1789036947.4013,load,0,-1,21669,430.0,0.0,431.0,0.116,,,,,,,,,
1789036950.1358,load,0,-1,21669,431.0,0.0,432.0,0.148,,,,,,,,,
1789036950.5314,load,0,-1,21669,432.0,0.0,433.0,0.124,,,,,,,,,
1789036952.9646,load,0,-1,21669,433.0,0.0,434.0,0.127,,,,,,,,,
1789036953.1394,load,0,-1,21669,434.0,0.0,435.0,0.129,,,,,,,,,
1789036955.775,load,0,-1,21669,435.0,0.0,436.0,0.119,,,,,,,,,
1789036955.9015,load,0,-1,21669,436.0,0.0,437.0,0.123,,,,,,,,,
1789036957.8499,load,0,-1,21669,437.0,0.0,438.0,0.133,,,,,,,,,
1789036958.2731,load,0,-1,21669,438.0,0.0,439.0,0.126,,,,,,,,,
1789036960.2578,load,0,-1,21669,439.0,0.0,440.0,0.162,,,,,,,,,
1789036960.4479,load,0,-1,21669,440.0,0.0,441.0,0.124,,,,,,,,,
1789036963.3113,load,0,-1,21669,441.0,0.0,442.0,0.177,,,,,,,,,
1789036963.4201,load,0,-1,21669,442.0,0.0,443.0,0.136,,,,,,,,,
1789036965.4094,load,0,-1,21669,443.0,0.0,444.0,0.143,,,,,,,,,
1789036965.8191,load,0,-1,21669,444.0,0.0,445.0,0.193,,,,,,,,,
1789036967.8853,load,0,-1,21669,445.0,0.0,446.0,0.154,,,,,,,,,
1789036968.0546,load,0,-1,21669,446.0,0.0,447.0,0.138,,,,,,,,,
1789036970.5371,load,0,-1,21669,447.0,0.0,448.0,0.129,,,,,,,,,
1789036970.6597,load,0,-1,21669,448.0,0.0,449.0,0.122,,,,,,,,,
1789036972.1245,load,0,-1,21669,449.0,0.0,450.0,0.133,,,,,,,,,
1789036972.5575,load,0,-1,21669,450.0,0.0,451.0,0.127,,,,,,,,,
1789036974.6778,load,0,-1,21669,451.0,0.0,452.0,0.134,,,,,,,,,
1789036974.8674,load,0,-1,21669,452.0,0.0,453.0,0.145,,,,,,,,,
1789036977.1921,load,0,-1,21669,453.0,0.0,454.0,0.133,,,,,,,,,
1789036977.3052,load,0,-1,21669,454.0,0.0,455.0,0.131,,,,,,,,,
1789036978.9008,load,0,-1,21669,455.0,0.0,456.0,0.163,,,,,,,,,
1789036979.3343,load,0,-1,21669,456.0,0.0,457.0,0.124,,,,,,,,,
1789036981.4905,load,0,-1,21669,457.0,0.0,458.0,0.144,,,,,,,,,
1789036981.6611,load,0,-1,21669,458.0,0.0,459.0,0.128,,,,,,,,,
1789036984.4013,load,0,-1,21669,459.0,0.0,460.0,0.13,,,,,,,,,
1789036984.5285,load,0,-1,21669,460.0,0.0,461.0,0.115,,,,,,,,,
1789036986.6122,load,0,-1,21669,461.0,0.0,462.0,0.164,,,,,,,,,
1789036986.9752,load,0,-1,21669,462.0,0.0,463.0,0.132,,,,,,,,,
1789036989.2535,load,0,-1,21669,463.0,0.0,464.0,0.164,,,,,,,,,
1789036989.4342,load,0,-1,21669,464.0,0.0,465.0,0.172,,,,,,,,,
1789036991.8726,load,0,-1,21669,465.0,0.0,466.0,0.159,,,,,,,,,
1789036991.9869,load,0,-1,21669,466.0,0.0,467.0,0.124,,,,,,,,,
1789036994.0018,load,0,-1,21669,467.0,0.0,468.0,0.143,,,,,,,,,
1789036994.4781,load,0,-1,21669,468.0,0.0,469.0,0.134,,,,,,,,,
1789036995.9715,load,0,-1,21669,469.0,0.0,470.0,0.177,,,,,,,,,
1789036996.1453,load,0,-1,21669,470.0,0.0,471.0,0.145,,,,,,,,,
1789036998.9722,load,0,-1,21669,471.0,0.0,472.0,0.138,,,,,,,,,
1789036999.0798,load,0,-1,21669,472.0,0.0,473.0,0.123,,,,,,,,,
1789037000.7564,load,0,-1,21669,473.0,0.0,474.0,0.149,,,,,,,,,
1789037001.1937,load,0,-1,21669,474.0,0.0,475.0,0.118,,,,,,,,,
1789037003.3034,load,0,-1,21669,475.0,0.0,476.0,0.153,,,,,,,,,
1789037003.4739,load,0,-1,21669,476.0,0.0,477.0,0.133,,,,,,,,,
1789037005.6902,load,0,-1,21669,477.0,0.0,478.0,0.136,,,,,,,,,
1789037005.8724,load,0,-1,21669,478.0,0.0,479.0,0.144,,,,,,,,,
1789037007.8235,load,0,-1,21669,479.0,0.0,480.0,0.148,,,,,,,,,
1789037008.2879,load,0,-1,21669,480.0,0.0,481.0,0.121,,,,,,,,,
1789037010.4464,load,0,-1,21669,481.0,0.0,482.0,0.145,,,,,,,,,
1789037010.5521,load,0,-1,21669,482.0,0.0,483.0,0.14,,,,,,,,,
1789037012.6265,load,0,-1,21669,483.0,0.0,484.0,0.169,,,,,,,,,
1789037012.7335,load,0,-1,21669,484.0,0.0,485.0,0.148,,,,,,,,,
1789037014.9672,load,0,-1,21669,485.0,0.0,486.0,0.16,,,,,,,,,
1789037015.6659,load,0,-1,21669,486.0,0.0,487.0,0.136,,,,,,,,,
1789037017.3502,load,0,-1,21669,487.0,0.0,488.0,0.192,,,,,,,,,
1789037018.2463,load,0,-1,21669,488.0,0.0,489.0,0.149,,,,,,,,,
1789037020.577,load,0,-1,21669,489.0,0.0,490.0,0.126,,,,,,,,,
1789037020.702,load,0,-1,21669,490.0,0.0,491.0,0.133,,,,,,,,,
1789037022.6883,load,0,-1,21669,491.0,0.0,492.0,0.171,,,,,,,,,
1789037023.6053,load,0,-1,21669,492.0,0.0,493.0,0.114,,,,,,,,,
1789037024.7762,load,0,-1,21669,493.0,0.0,494.0,0.193,,,,,,,,,
1789037025.5791,load,0,-1,21669,494.0,0.0,495.0,0.143,,,,,,,,,
1789037027.4564,load,0,-1,21669,495.0,0.0,496.0,0.136,,,,,,,,,
1789037028.0852,load,0,-1,21669,496.0,0.0,497.0,0.142,,,,,,,,,
1789037030.1206,load,0,-1,21669,497.0,0.0,498.0,0.152,,,,,,,,,
1789037030.5678,load,0,-1,21669,498.0,0.0,499.0,0.132,,,,,,,,,
1789037032.8276,load,0,-1,21669,499.0,0.0,500.0,0.17,,,,,,,,,
1789037033.0151,load,0,-1,21669,500.0,0.0,501.0,0.138,,,,,,,,,
1789037035.6811,load,0,-1,21669,501.0,0.0,502.0,0.185,,,,,,,,,
1789037035.7873,load,0,-1,21669,502.0,0.0,503.0,0.123,,,,,,,,,
1789037038.0043,load,0,-1,21669,503.0,0.0,504.0,0.161,,,,,,,,,
1789037038.4342,load,0,-1,21669,504.0,0.0,505.0,0.121,,,,,,,,,
1789037040.7543,load,0,-1,21669,505.0,0.0,506.0,0.133,,,,,,,,,
1789037040.9304,load,0,-1,21669,506.0,0.0,507.0,0.123,,,,,,,,,
1789037043.4691,load,0,-1,21669,507.0,0.0,508.0,0.125,,,,,,,,,
1789037043.5757,load,0,-1,21669,508.0,0.0,509.0,0.128,,,,,,,,,
1789037045.0859,load,0,-1,21669,509.0,0.0,510.0,0.138,,,,,,,,,
1789037046.1624,load,0,-1,21669,510.0,0.0,511.0,0.114,,,,,,,,,
1789037047.5411,load,0,-1,21669,511.0,0.0,512.0,0.137,,,,,,,,,
1789037048.0083,load,0,-1,21669,512.0,0.0,513.0,0.146,,,,,,,,,
1789037050.4824,load,0,-1,21669,513.0,0.0,514.0,0.123,,,,,,,,,
1789037050.9246,load,0,-1,21669,514.0,0.0,515.0,0.135,,,,,,,,,
1789037052.4167,load,0,-1,21669,515.0,0.0,516.0,0.141,,,,,,,,,
1789037053.7349,load,0,-1,21669,516.0,0.0,517.0,0.111,,,,,,,,,
1789037054.9172,load,0,-1,21669,517.0,0.0,518.0,0.134,,,,,,,,,
1789037055.6349,load,0,-1,21669,518.0,0.0,519.0,0.155,,,,,,,,,
1789037058.1456,load,0,-1,21669,519.0,0.0,520.0,0.157,,,,,,,,,
1789037058.5247,load,0,-1,21669,520.0,0.0,521.0,0.15,,,,,,,,,
1789037060.5593,load,0,-1,21669,521.0,0.0,522.0,0.167,,,,,,,,,
1789037061.151,load,0,-1,21669,522.0,0.0,523.0,0.161,,,,,,,,,
1789037062.5966,load,0,-1,21669,523.0,0.0,524.0,0.143,,,,,,,,,
1789037063.2811,load,0,-1,21669,524.0,0.0,525.0,0.151,,,,,,,,,
1789037064.9929,load,0,-1,21669,525.0,0.0,526.0,0.206,,,,,,,,,
1789037066.2061,load,0,-1,21669,526.0,0.0,527.0,0.165,,,,,,,,,
1789037067.0507,load,0,-1,21669,527.0,0.0,528.0,0.152,,,,,,,,,
1789037069.0202,load,0,-1,21669,528.0,0.0,529.0,0.126,,,,,,,,,
1789037069.9958,load,0,-1,21669,529.0,0.0,530.0,0.166,,,,,,,,,
1789037071.1489,load,0,-1,21669,530.0,0.0,531.0,0.144,,,,,,,,,
1789037072.6218,load,0,-1,21669,531.0,0.0,532.0,0.126,,,,,,,,,
1789037073.5279,load,0,-1,21669,532.0,0.0,533.0,0.128,,,,,,,,,
1789037074.8499,load,0,-1,21669,533.0,0.0,534.0,0.163,,,,,,,,,
1789037076.4155,load,0,-1,21669,534.0,0.0,535.0,0.143,,,,,,,,,
1789037077.4349,load,0,-1,21669,535.0,0.0,536.0,0.152,,,,,,,,,
1789037078.8146,load,0,-1,21669,536.0,0.0,537.0,0.134,,,,,,,,,
1789037080.2689,load,0,-1,21669,537.0,0.0,538.0,0.151,,,,,,,,,
1789037081.2426,load,0,-1,21669,538.0,0.0,539.0,0.142,,,,,,,,,
1789037082.8466,load,0,-1,21669,539.0,0.0,540.0,0.144,,,,,,,,,
1789037083.258,load,0,-1,21669,540.0,0.0,541.0,0.149,,,,,,,,,
1789037085.3719,load,0,-1,21669,541.0,0.0,542.0,0.344,,,,,,,,,
1789037085.4801,load,0,-1,21669,542.0,0.0,543.0,0.143,,,,,,,,,
1789037088.1943,load,0,-1,21669,543.0,0.0,544.0,0.142,,,,,,,,,
1789037088.3085,load,0,-1,21669,544.0,0.0,545.0,0.176,,,,,,,,,
1789037090.7091,load,0,-1,21669,545.0,0.0,546.0,0.163,,,,,,,,,
1789037091.1191,load,0,-1,21669,546.0,0.0,547.0,0.121,,,,,,,,,
1789037093.2244,load,0,-1,21669,547.0,0.0,548.0,0.144,,,,,,,,,
1789037093.3982,load,0,-1,21669,548.0,0.0,549.0,0.145,,,,,,,,,
1789037096.1046,load,0,-1,21669,549.0,0.0,550.0,0.147,,,,,,,,,
1789037096.2148,load,0,-1,21669,550.0,0.0,551.0,0.155,,,,,,,,,
1789037098.0003,load,0,-1,21669,551.0,0.0,552.0,0.184,,,,,,,,,
1789037098.4049,load,0,-1,21669,552.0,0.0,553.0,0.115,,,,,,,,,
1789037099.7654,load,0,-1,21669,553.0,0.0,554.0,0.136,,,,,,,,,
1789037099.942,load,0,-1,21669,554.0,0.0,555.0,0.146,,,,,,,,,
1789037103.1684,load,0,-1,21669,555.0,0.0,556.0,0.158,,,,,,,,,
1789037103.309,load,0,-1,21669,556.0,0.0,557.0,0.142,,,,,,,,,
1789037105.1645,load,0,-1,21669,557.0,0.0,558.0,0.149,,,,,,,,,
1789037105.572,load,0,-1,21669,558.0,0.0,559.0,0.13,,,,,,,,,
1789037107.56,load,0,-1,21669,559.0,0.0,560.0,0.175,,,,,,,,,
1789037107.7376,load,0,-1,21669,560.0,0.0,561.0,0.156,,,,,,,,,
1789037110.5798,load,0,-1,21669,561.0,0.0,562.0,0.182,,,,,,,,,
1789037110.6864,load,0,-1,21669,562.0,0.0,563.0,0.139,,,,,,,,,
1789037112.2822,load,0,-1,21669,563.0,0.0,564.0,0.153,,,,,,,,,
1789037112.6912,load,0,-1,21669,564.0,0.0,565.0,0.122,,,,,,,,,
1789037114.5234,load,0,-1,21669,565.0,0.0,566.0,0.145,,,,,,,,,
1789037114.6965,load,0,-1,21669,566.0,0.0,567.0,0.154,,,,,,,,,
1789037117.2916,load,0,-1,21669,567.0,0.0,568.0,0.136,,,,,,,,,
1789037117.399,load,0,-1,21669,568.0,0.0,569.0,0.13,,,,,,,,,
1789037119.8229,load,0,-1,21669,569.0,0.0,570.0,0.15,,,,,,,,,
1789037120.2949,load,0,-1,21669,570.0,0.0,571.0,0.118,,,,,,,,,
1789037122.013,load,0,-1,21669,571.0,0.0,572.0,0.134,,,,,,,,,
1789037122.1866,load,0,-1,21669,572.0,0.0,573.0,0.15,,,,,,,,,
1789037124.657,load,0,-1,21669,573.0,0.0,574.0,0.131,,,,,,,,,
1789037124.7708,load,0,-1,21669,574.0,0.0,575.0,0.113,,,,,,,,,
1789037126.859,load,0,-1,21669,575.0,0.0,576.0,0.159,,,,,,,,,
1789037127.2302,load,0,-1,21669,576.0,0.0,577.0,0.116,,,,,,,,,
1789037129.4668,load,0,-1,21669,577.0,0.0,578.0,0.138,,,,,,,,,
1789037129.6383,load,0,-1,21669,578.0,0.0,579.0,0.131,,,,,,,,,
1789037132.3772,load,0,-1,21669,579.0,0.0,580.0,0.167,,,,,,,,,
1789037132.5008,load,0,-1,21669,580.0,0.0,581.0,0.128,,,,,,,,,
1789037134.5754,load,0,-1,21669,581.0,0.0,582.0,0.146,,,,,,,,,
1789037134.9125,load,0,-1,21669,582.0,0.0,583.0,0.108,,,,,,,,,
1789037136.5795,load,0,-1,21669,583.0,0.0,584.0,0.143,,,,,,,,,
1789037136.7508,load,0,-1,21669,584.0,0.0,585.0,0.14,,,,,,,,,
1789037139.685,load,0,-1,21669,585.0,0.0,586.0,0.185,,,,,,,,,
1789037139.8213,load,0,-1,21669,586.0,0.0,587.0,0.131,,,,,,,,,
1789037142.2875,load,0,-1,21669,587.0,0.0,588.0,0.143,,,,,,,,,
1789037142.6949,load,0,-1,21669,588.0,0.0,589.0,0.118,,,,,,,,,
1789037144.5084,load,0,-1,21669,589.0,0.0,590.0,0.134,,,,,,,,,
1789037144.6865,load,0,-1,21669,590.0,0.0,591.0,0.133,,,,,,,,,
1789037147.2481,load,0,-1,21669,591.0,0.0,592.0,0.115,,,,,,,,,
1789037147.3545,load,0,-1,21669,592.0,0.0,593.0,0.123,,,,,,,,,
1789037149.3838,load,0,-1,21669,593.0,0.0,594.0,0.182,,,,,,,,,
1789037149.8133,load,0,-1,21669,594.0,0.0,595.0,0.125,,,,,,,,,
1789037151.2552,load,0,-1,21669,595.0,0.0,596.0,0.161,,,,,,,,,
1789037151.4266,load,0,-1,21669,596.0,0.0,597.0,0.134,,,,,,,,,
1789037153.7275,load,0,-1,21669,597.0,0.0,598.0,0.153,,,,,,,,,
1789037153.858,load,0,-1,21669,598.0,0.0,599.0,0.134,,,,,,,,,
1789037155.9059,load,0,-1,21669,599.0,0.0,600.0,0.15,,,,,,,,,
1789037156.316,load,0,-1,21669,600.0,0.0,601.0,0.12,,,,,,,,,
1789037158.2961,load,0,-1,21669,601.0,0.0,602.0,0.251,,,,,,,,,
1789037158.4033,load,0,-1,21669,602.0,0.0,603.0,0.14,,,,,,,,,
1789037160.9114,load,0,-1,21669,603.0,0.0,604.0,0.149,,,,,,,,,
1789037161.0852,load,0,-1,21669,604.0,0.0,605.0,0.142,,,,,,,,,
1789037163.0366,load,0,-1,21669,605.0,0.0,606.0,0.168,,,,,,,,,
1789037163.4782,load,0,-1,21669,606.0,0.0,607.0,0.139,,,,,,,,,
1789037165.8855,load,0,-1,21669,607.0,0.0,608.0,0.15,,,,,,,,,
1789037166.0579,load,0,-1,21669,608.0,0.0,609.0,0.125,,,,,,,,,
1789037168.7745,load,0,-1,21669,609.0,0.0,610.0,0.17,,,,,,,,,
1789037168.897,load,0,-1,21669,610.0,0.0,611.0,0.116,,,,,,,,,
1789037171.1757,load,0,-1,21669,611.0,0.0,612.0,0.168,,,,,,,,,
1789037171.645,load,0,-1,21669,612.0,0.0,613.0,0.122,,,,,,,,,
1789037173.206,load,0,-1,21669,613.0,0.0,614.0,0.147,,,,,,,,,
1789037173.3786,load,0,-1,21669,614.0,0.0,615.0,0.137,,,,,,,,,
1789037175.9036,load,0,-1,21669,615.0,0.0,616.0,0.134,,,,,,,,,
1789037176.0282,load,0,-1,21669,616.0,0.0,617.0,0.146,,,,,,,,,
1789037178.07,load,0,-1,21669,617.0,0.0,618.0,0.146,,,,,,,,,
1789037178.5147,load,0,-1,21669,618.0,0.0,619.0,0.122,,,,,,,,,
1789037180.6307,load,0,-1,21669,619.0,0.0,620.0,0.14,,,,,,,,,
1789037180.8192,load,0,-1,21669,620.0,0.0,621.0,0.145,,,,,,,,,
1789037183.8298,load,0,-1,21669,621.0,0.0,622.0,0.147,,,,,,,,,
1789037183.9381,load,0,-1,21669,622.0,0.0,623.0,0.132,,,,,,,,,
1789037185.5789,load,0,-1,21669,623.0,0.0,624.0,0.152,,,,,,,,,
1789037186.0295,load,0,-1,21669,624.0,0.0,625.0,0.108,,,,,,,,,
1789037187.6387,load,0,-1,21669,625.0,0.0,626.0,0.146,,,,,,,,,
1789037187.8105,load,0,-1,21669,626.0,0.0,627.0,0.143,,,,,,,,,
1789037189.7219,load,0,-1,21669,627.0,0.0,628.0,0.133,,,,,,,,,
1789037189.8296,load,0,-1,21669,628.0,0.0,629.0,0.146,,,,,,,,,
1789037192.1315,load,0,-1,21669,629.0,0.0,630.0,0.159,,,,,,,,,
1789037192.5504,load,0,-1,21669,630.0,0.0,631.0,0.125,,,,,,,,,
1789037194.3817,load,0,-1,21669,631.0,0.0,632.0,0.151,,,,,,,,,
1789037194.5534,load,0,-1,21669,632.0,0.0,633.0,0.149,,,,,,,,,
1789037196.8786,load,0,-1,21669,633.0,0.0,634.0,0.168,,,,,,,,,
1789037196.9874,load,0,-1,21669,634.0,0.0,635.0,0.157,,,,,,,,,
1789037198.0668,load,0,-1,21669,635.0,0.0,636.0,0.172,,,,,,,,,
1789037198.4788,load,0,-1,21669,636.0,0.0,637.0,0.127,,,,,,,,,
1789037200.3235,load,0,-1,21669,637.0,0.0,638.0,0.178,,,,,,,,,
1789037200.6264,load,0,-1,21669,638.0,0.0,639.0,0.133,,,,,,,,,
1789037203.075,load,0,-1,21669,639.0,0.0,640.0,0.152,,,,,,,,,
1789037203.4444,load,0,-1,21669,640.0,0.0,641.0,0.137,,,,,,,,,
1789037204.9218,load,0,-1,21669,641.0,0.0,642.0,0.184,,,,,,,,,
1789037206.6998,load,0,-1,21669,642.0,0.0,643.0,0.12,,,,,,,,,
1789037207.3541,load,0,-1,21669,643.0,0.0,644.0,0.149,,,,,,,,,
1789037208.1995,load,0,-1,21669,644.0,0.0,645.0,0.135,,,,,,,,,
1789037209.6457,load,0,-1,21669,645.0,0.0,646.0,0.136,,,,,,,,,
1789037210.1172,load,0,-1,21669,646.0,0.0,647.0,0.177,,,,,,,,,
1789037211.6694,load,0,-1,21669,647.0,0.0,648.0,0.144,,,,,,,,,
1789037212.9467,load,0,-1,21669,648.0,0.0,649.0,0.12,,,,,,,,,
1789037214.027,load,0,-1,21669,649.0,0.0,650.0,0.14,,,,,,,,,
1789037215.9444,load,0,-1,21669,650.0,0.0,651.0,0.14,,,,,,,,,
1789037216.792,load,0,-1,21669,651.0,0.0,652.0,0.11,,,,,,,,,
1789037218.0256,load,0,-1,21669,652.0,0.0,653.0,0.147,,,,,,,,,
1789037218.4118,load,0,-1,21669,653.0,0.0,654.0,0.126,,,,,,,,,
1789037220.5049,load,0,-1,21669,654.0,0.0,655.0,0.129,,,,,,,,,
1789037220.8974,load,0,-1,21669,655.0,0.0,656.0,0.152,,,,,,,,,
1789037223.0875,load,0,-1,21669,656.0,0.0,657.0,0.153,,,,,,,,,
1789037223.4849,load,0,-1,21669,657.0,0.0,658.0,0.132,,,,,,,,,
1789037225.2199,load,0,-1,21669,658.0,0.0,659.0,0.166,,,,,,,,,
1789037225.4018,load,0,-1,21669,659.0,0.0,660.0,0.137,,,,,,,,,
1789037227.2894,load,0,-1,21669,660.0,0.0,661.0,0.151,,,,,,,,,
1789037227.7209,load,0,-1,21669,661.0,0.0,662.0,0.151,,,,,,,,,
1789037228.9783,load,0,-1,21669,662.0,0.0,663.0,0.141,,,,,,,,,
1789037230.2106,load,0,-1,21669,663.0,0.0,664.0,0.128,,,,,,,,,
1789037231.316,load,0,-1,21669,664.0,0.0,665.0,0.166,,,,,,,,,
1789037232.0881,load,0,-1,21669,665.0,0.0,666.0,0.136,,,,,,,,,
1789037233.5579,load,0,-1,21669,666.0,0.0,667.0,0.14,,,,,,,,,
1789037234.9822,load,0,-1,21669,667.0,0.0,668.0,0.14,,,,,,,,,
1789037235.6274,load,0,-1,21669,668.0,0.0,669.0,0.138,,,,,,,,,
1789037237.714,load,0,-1,21669,669.0,0.0,670.0,0.111,,,,,,,,,
1789037238.3964,load,0,-1,21669,670.0,0.0,671.0,0.141,,,,,,,,,
1789037240.4803,load,0,-1,21669,671.0,0.0,672.0,0.124,,,,,,,,,
1789037240.882,load,0,-1,21669,672.0,0.0,673.0,0.114,,,,,,,,,
1789037243.1405,load,0,-1,21669,673.0,0.0,674.0,0.136,,,,,,,,,
1789037243.3125,load,0,-1,21669,674.0,0.0,675.0,0.131,,,,,,,,,
1789037245.8625,load,0,-1,21669,675.0,0.0,676.0,0.134,,,,,,,,,
1789037245.992,load,0,-1,21669,676.0,0.0,677.0,0.144,,,,,,,,,
1789037247.7772,load,0,-1,21669,677.0,0.0,678.0,0.148,,,,,,,,,
1789037248.2254,load,0,-1,21669,678.0,0.0,679.0,0.201,,,,,,,,,
1789037250.5718,load,0,-1,21669,679.0,0.0,680.0,0.153,,,,,,,,,
1789037250.7415,load,0,-1,21669,680.0,0.0,681.0,0.137,,,,,,,,,
1789037253.6287,load,0,-1,21669,681.0,0.0,682.0,0.189,,,,,,,,,
1789037253.7378,load,0,-1,21669,682.0,0.0,683.0,0.136,,,,,,,,,
1789037255.609,load,0,-1,21669,683.0,0.0,684.0,0.152,,,,,,,,,
1789037256.0738,load,0,-1,21669,684.0,0.0,685.0,0.122,,,,,,,,,
1789037258.105,load,0,-1,21669,685.0,0.0,686.0,0.141,,,,,,,,,
1789037258.2749,load,0,-1,21669,686.0,0.0,687.0,0.129,,,,,,,,,
1789037260.5782,load,0,-1,21669,687.0,0.0,688.0,0.123,,,,,,,,,
1789037260.6873,load,0,-1,21669,688.0,0.0,689.0,0.124,,,,,,,,,
1789037262.5577,load,0,-1,21669,689.0,0.0,690.0,0.14,,,,,,,,,
1789037262.996,load,0,-1,21669,690.0,0.0,691.0,0.118,,,,,,,,,
1789037265.0947,load,0,-1,21669,691.0,0.0,692.0,0.147,,,,,,,,,
1789037265.2903,load,0,-1,21669,692.0,0.0,693.0,0.142,,,,,,,,,
1789037267.7218,load,0,-1,21669,693.0,0.0,694.0,0.148,,,,,,,,,
1789037267.8908,load,0,-1,21669,694.0,0.0,695.0,0.166,,,,,,,,,
1789037269.1212,load,0,-1,21669,695.0,0.0,696.0,0.151,,,,,,,,,
1789037269.7264,load,0,-1,21669,696.0,0.0,697.0,0.173,,,,,,,,,
1789037271.9125,load,0,-1,21669,697.0,0.0,698.0,0.162,,,,,,,,,
1789037272.0938,load,0,-1,21669,698.0,0.0,699.0,0.156,,,,,,,,,
1789037274.9523,load,0,-1,21669,699.0,0.0,700.0,0.139,,,,,,,,,
1789037275.0627,load,0,-1,21669,700.0,0.0,701.0,0.129,,,,,,,,,
1789037276.6957,load,0,-1,21669,701.0,0.0,702.0,0.151,,,,,,,,,
1789037277.0713,load,0,-1,21669,702.0,0.0,703.0,0.132,,,,,,,,,
1789037279.1945,load,0,-1,21669,703.0,0.0,704.0,0.185,,,,,,,,,
1789037279.3652,load,0,-1,21669,704.0,0.0,705.0,0.13,,,,,,,,,
1789037281.9179,load,0,-1,21669,705.0,0.0,706.0,0.139,,,,,,,,,
1789037282.0505,load,0,-1,21669,706.0,0.0,707.0,0.127,,,,,,,,,
1789037284.0275,load,0,-1,21669,707.0,0.0,708.0,0.148,,,,,,,,,
1789037284.4373,load,0,-1,21669,708.0,0.0,709.0,0.113,,,,,,,,,
1789037286.5608,load,0,-1,21669,709.0,0.0,710.0,0.142,,,,,,,,,
1789037286.7324,load,0,-1,21669,710.0,0.0,711.0,0.138,,,,,,,,,
1789037288.8606,load,0,-1,21669,711.0,0.0,712.0,0.134,,,,,,,,,
1789037289.0324,load,0,-1,21669,712.0,0.0,713.0,0.147,,,,,,,,,
1789037291.0598,load,0,-1,21669,713.0,0.0,714.0,0.135,,,,,,,,,
1789037291.4712,load,0,-1,21669,714.0,0.0,715.0,0.123,,,,,,,,,
1789037293.2411,load,0,-1,21669,715.0,0.0,716.0,0.145,,,,,,,,,
1789037293.7855,load,0,-1,21669,716.0,0.0,717.0,0.145,,,,,,,,,
1789037295.9391,load,0,-1,21669,717.0,0.0,718.0,0.127,,,,,,,,,
1789037296.7723,load,0,-1,21669,718.0,0.0,719.0,0.152,,,,,,,,,
1789037298.3662,load,0,-1,21669,719.0,0.0,720.0,0.156,,,,,,,,,
1789037299.3821,load,0,-1,21669,720.0,0.0,721.0,0.166,,,,,,,,,
1789037301.258,load,0,-1,21669,721.0,0.0,722.0,0.382,,,,,,,,,
1789037302.047,load,0,-1,21669,722.0,0.0,723.0,0.147,,,,,,,,,
1789037303.5889,load,0,-1,21669,723.0,0.0,724.0,0.129,,,,,,,,,
1789037303.8046,load,0,-1,21669,724.0,0.0,725.0,0.135,,,,,,,,,
1789037305.7871,load,0,-1,21669,725.0,0.0,726.0,0.144,,,,,,,,,
1789037306.6287,load,0,-1,21669,726.0,0.0,727.0,0.128,,,,,,,,,
1789037308.3878,load,0,-1,21669,727.0,0.0,728.0,0.151,,,,,,,,,
1789037309.2667,load,0,-1,21669,728.0,0.0,729.0,0.16,,,,,,,,,
1789037310.8279,load,0,-1,21669,729.0,0.0,730.0,0.137,,,,,,,,,
1789037311.5797,load,0,-1,21669,730.0,0.0,731.0,0.177,,,,,,,,,
1789037313.0272,load,0,-1,21669,731.0,0.0,732.0,0.146,,,,,,,,,
1789037314.5318,load,0,-1,21669,732.0,0.0,733.0,0.166,,,,,,,,,
1789037315.4705,load,0,-1,21669,733.0,0.0,734.0,0.141,,,,,,,,,
1789037316.8554,load,0,-1,21669,734.0,0.0,735.0,0.146,,,,,,,,,
1789037318.1897,load,0,-1,21669,735.0,0.0,736.0,0.12,,,,,,,,,
1789037319.3713,load,0,-1,21669,736.0,0.0,737.0,0.152,,,,,,,,,
1789037320.6762,load,0,-1,21669,737.0,0.0,738.0,0.164,,,,,,,,,
1789037321.7557,load,0,-1,21669,738.0,0.0,739.0,0.136,,,,,,,,,
1789037322.9283,load,0,-1,21669,739.0,0.0,740.0,0.143,,,,,,,,,
1789037323.7841,load,0,-1,21669,740.0,0.0,741.0,0.152,,,,,,,,,
1789037325.7861,load,0,-1,21669,741.0,0.0,742.0,0.143,,,,,,,,,
1789037326.6054,load,0,-1,21669,742.0,0.0,743.0,0.134,,,,,,,,,
1789037327.8925,load,0,-1,21669,743.0,0.0,744.0,0.135,,,,,,,,,
1789037328.6172,load,0,-1,21669,744.0,0.0,745.0,0.127,,,,,,,,,
1789037330.3453,load,0,-1,21669,745.0,0.0,746.0,0.144,,,,,,,,,
1789037331.256,load,0,-1,21669,746.0,0.0,747.0,0.148,,,,,,,,,
1789037332.7892,load,0,-1,21669,747.0,0.0,748.0,0.159,,,,,,,,,
1789037333.9497,load,0,-1,21669,748.0,0.0,749.0,0.147,,,,,,,,,
1789037334.8916,load,0,-1,21669,749.0,0.0,750.0,0.15,,,,,,,,,
1789037336.5286,load,0,-1,21669,750.0,0.0,751.0,0.148,,,,,,,,,
1789037337.4644,load,0,-1,21669,751.0,0.0,752.0,0.233,,,,,,,,,
1789037338.6119,load,0,-1,21669,752.0,0.0,753.0,0.158,,,,,,,,,
1789037339.4702,load,0,-1,21669,753.0,0.0,754.0,0.138,,,,,,,,,
1789037340.7191,load,0,-1,21669,754.0,0.0,755.0,0.144,,,,,,,,,
1789037342.1314,load,0,-1,21669,755.0,0.0,756.0,0.142,,,,,,,,,
1789037343.1955,load,0,-1,21669,756.0,0.0,757.0,0.128,,,,,,,,,
1789037345.1114,load,0,-1,21669,757.0,0.0,758.0,0.153,,,,,,,,,
1789037345.3206,load,0,-1,21669,758.0,0.0,759.0,0.137,,,,,,,,,
1789037347.023,load,0,-1,21669,759.0,0.0,760.0,0.133,,,,,,,,,
1789037347.9614,load,0,-1,21669,760.0,0.0,761.0,0.146,,,,,,,,,
1789037349.5714,load,0,-1,21669,761.0,0.0,762.0,0.161,,,,,,,,,
1789037350.759,load,0,-1,21669,762.0,0.0,763.0,0.142,,,,,,,,,
1789037352.0997,load,0,-1,21669,763.0,0.0,764.0,0.172,,,,,,,,,
1789037352.7536,load,0,-1,21669,764.0,0.0,765.0,0.158,,,,,,,,,
1789037354.13,load,0,-1,21669,765.0,0.0,766.0,0.137,,,,,,,,,
1789037355.4513,load,0,-1,21669,766.0,0.0,767.0,0.146,,,,,,,,,
1789037356.4087,load,0,-1,21669,767.0,0.0,768.0,0.189,,,,,,,,,
1789037357.8878,load,0,-1,21669,768.0,0.0,769.0,0.14,,,,,,,,,
1789037358.2754,load,0,-1,21669,769.0,0.0,770.0,0.134,,,,,,,,,
1789037359.6205,load,0,-1,21669,770.0,0.0,771.0,0.166,,,,,,,,,
1789037361.2916,load,0,-1,21669,771.0,0.0,772.0,0.132,,,,,,,,,
1789037362.7287,load,0,-1,21669,772.0,0.0,773.0,0.145,,,,,,,,,
1789037363.6432,load,0,-1,21669,773.0,0.0,774.0,0.161,,,,,,,,,
1789037365.5485,load,0,-1,21669,774.0,0.0,775.0,0.129,,,,,,,,,
1789037366.2602,load,0,-1,21669,775.0,0.0,776.0,0.152,,,,,,,,,
1789037367.4067,load,0,-1,21669,776.0,0.0,777.0,0.145,,,,,,,,,
1789037369.0937,load,0,-1,21669,777.0,0.0,778.0,0.126,,,,,,,,,
1789037369.2485,load,0,-1,21669,778.0,0.0,779.0,0.14,,,,,,,,,
1789037370.8417,load,0,-1,21669,779.0,0.0,780.0,0.161,,,,,,,,,
1789037372.0549,load,0,-1,21669,780.0,0.0,781.0,0.138,,,,,,,,,
1789037373.6603,load,0,-1,21669,781.0,0.0,782.0,0.158,,,,,,,,,
1789037374.871,load,0,-1,21669,782.0,0.0,783.0,0.136,,,,,,,,,
1789037375.9367,load,0,-1,21669,783.0,0.0,784.0,0.161,,,,,,,,,
1789037377.4958,load,0,-1,21669,784.0,0.0,785.0,0.149,,,,,,,,,
1789037377.9492,load,0,-1,21669,785.0,0.0,786.0,0.146,,,,,,,,,
1789037380.4369,load,0,-1,21669,786.0,0.0,787.0,0.169,,,,,,,,,
1789037380.5975,load,0,-1,21669,787.0,0.0,788.0,0.151,,,,,,,,,
1789037382.7806,load,0,-1,21669,788.0,0.0,789.0,0.142,,,,,,,,,
1789037383.6125,load,0,-1,21669,789.0,0.0,790.0,0.147,,,,,,,,,
1789037385.1552,load,0,-1,21669,790.0,0.0,791.0,0.141,,,,,,,,,
1789037385.8883,load,0,-1,21669,791.0,0.0,792.0,0.138,,,,,,,,,
1789037388.0446,load,0,-1,21669,792.0,0.0,793.0,0.127,,,,,,,,,
1789037388.1903,load,0,-1,21669,793.0,0.0,794.0,0.125,,,,,,,,,
1789037389.7775,load,0,-1,21669,794.0,0.0,795.0,0.147,,,,,,,,,
1789037390.1934,load,0,-1,21669,795.0,0.0,796.0,0.135,,,,,,,,,
1789037391.8821,load,0,-1,21669,796.0,0.0,797.0,0.147,,,,,,,,,
1789037392.3946,load,0,-1,21669,797.0,0.0,798.0,0.133,,,,,,,,,
1789037394.68,load,0,-1,21669,798.0,0.0,799.0,0.125,,,,,,,,,
1789037394.9056,load,0,-1,21669,799.0,0.0,800.0,0.153,,,,,,,,,
1789037397.398,load,0,-1,21669,800.0,0.0,801.0,0.144,,,,,,,,,
1789037397.8787,load,0,-1,21669,801.0,0.0,802.0,0.19,,,,,,,,,
1789037399.4399,load,0,-1,21669,802.0,0.0,803.0,0.162,,,,,,,,,
1789037399.6126,load,0,-1,21669,803.0,0.0,804.0,0.139,,,,,,,,,
1789037402.1181,load,0,-1,21669,804.0,0.0,805.0,0.156,,,,,,,,,
1789037402.3123,load,0,-1,21669,805.0,0.0,806.0,0.143,,,,,,,,,
1789037404.8467,load,0,-1,21669,806.0,0.0,807.0,0.153,,,,,,,,,
1789037405.2516,load,0,-1,21669,807.0,0.0,808.0,0.15,,,,,,,,,
1789037407.3991,load,0,-1,21669,808.0,0.0,809.0,0.171,,,,,,,,,
1789037407.5541,load,0,-1,21669,809.0,0.0,810.0,0.153,,,,,,,,,
1789037410.3815,load,0,-1,21669,810.0,0.0,811.0,0.143,,,,,,,,,
1789037410.4936,load,0,-1,21669,811.0,0.0,812.0,0.153,,,,,,,,,
1789037412.4293,load,0,-1,21669,812.0,0.0,813.0,0.149,,,,,,,,,
1789037412.8239,load,0,-1,21669,813.0,0.0,814.0,0.134,,,,,,,,,
1789037414.665,load,0,-1,21669,814.0,0.0,815.0,0.146,,,,,,,,,
1789037414.8391,load,0,-1,21669,815.0,0.0,816.0,0.145,,,,,,,,,
1789037417.6222,load,0,-1,21669,816.0,0.0,817.0,0.125,,,,,,,,,
1789037417.7295,load,0,-1,21669,817.0,0.0,818.0,0.138,,,,,,,,,
1789037419.5297,load,0,-1,21669,818.0,0.0,819.0,0.148,,,,,,,,,
1789037419.9472,load,0,-1,21669,819.0,0.0,820.0,0.124,,,,,,,,,
1789037421.8954,load,0,-1,21669,820.0,0.0,821.0,0.159,,,,,,,,,
1789037422.1822,load,0,-1,21669,821.0,0.0,822.0,0.126,,,,,,,,,
1789037424.7463,load,0,-1,21669,822.0,0.0,823.0,0.148,,,,,,,,,
1789037424.8547,load,0,-1,21669,823.0,0.0,824.0,0.123,,,,,,,,,
1789037427.0221,load,0,-1,21669,824.0,0.0,825.0,0.136,,,,,,,,,
1789037427.4562,load,0,-1,21669,825.0,0.0,826.0,0.137,,,,,,,,,
1789037429.6526,load,0,-1,21669,826.0,0.0,827.0,0.15,,,,,,,,,
1789037429.8563,load,0,-1,21669,827.0,0.0,828.0,0.158,,,,,,,,,
1789037432.0035,load,0,-1,21669,828.0,0.0,829.0,0.147,,,,,,,,,
1789037432.1221,load,0,-1,21669,829.0,0.0,830.0,0.15,,,,,,,,,
1789037434.211,load,0,-1,21669,830.0,0.0,831.0,0.172,,,,,,,,,
1789037434.6165,load,0,-1,21669,831.0,0.0,832.0,0.112,,,,,,,,,
1789037436.8129,load,0,-1,21669,832.0,0.0,833.0,0.163,,,,,,,,,
1789037436.9853,load,0,-1,21669,833.0,0.0,834.0,0.14,,,,,,,,,
1789037439.5691,load,0,-1,21669,834.0,0.0,835.0,0.135,,,,,,,,,
1789037439.7192,load,0,-1,21669,835.0,0.0,836.0,0.137,,,,,,,,,
1789037441.8051,load,0,-1,21669,836.0,0.0,837.0,0.145,,,,,,,,,
1789037442.2081,load,0,-1,21669,837.0,0.0,838.0,0.142,,,,,,,,,
1789037444.3571,load,0,-1,21669,838.0,0.0,839.0,0.154,,,,,,,,,
1789037444.527,load,0,-1,21669,839.0,0.0,840.0,0.118,,,,,,,,,
1789037446.5289,load,0,-1,21669,840.0,0.0,841.0,0.146,,,,,,,,,
1789037446.7575,load,0,-1,21669,841.0,0.0,842.0,0.168,,,,,,,,,
1789037449.0037,load,0,-1,21669,842.0,0.0,843.0,0.149,,,,,,,,,
1789037449.424,load,0,-1,21669,843.0,0.0,844.0,0.119,,,,,,,,,
1789037451.8847,load,0,-1,21669,844.0,0.0,845.0,0.147,,,,,,,,,
1789037452.06,load,0,-1,21669,845.0,0.0,846.0,0.142,,,,,,,,,
1789037454.7478,load,0,-1,21669,846.0,0.0,847.0,0.125,,,,,,,,,
1789037454.8804,load,0,-1,21669,847.0,0.0,848.0,0.135,,,,,,,,,
1789037457.7188,load,0,-1,21669,848.0,0.0,849.0,0.171,,,,,,,,,
1789037458.1207,load,0,-1,21669,849.0,0.0,850.0,0.128,,,,,,,,,
1789037460.1916,load,0,-1,21669,850.0,0.0,851.0,0.179,,,,,,,,,
1789037460.3852,load,0,-1,21669,851.0,0.0,852.0,0.132,,,,,,,,,
1789037463.0373,load,0,-1,21669,852.0,0.0,853.0,0.169,,,,,,,,,
1789037463.2042,load,0,-1,21669,853.0,0.0,854.0,0.128,,,,,,,,,
1789037464.9761,load,0,-1,21669,854.0,0.0,855.0,0.148,,,,,,,,,
1789037465.385,load,0,-1,21669,855.0,0.0,856.0,0.121,,,,,,,,,
1789037467.9507,load,0,-1,21669,856.0,0.0,857.0,0.193,,,,,,,,,
1789037468.1211,load,0,-1,21669,857.0,0.0,858.0,0.155,,,,,,,,,
1789037470.8779,load,0,-1,21669,858.0,0.0,859.0,0.127,,,,,,,,,
1789037470.9884,load,0,-1,21669,859.0,0.0,860.0,0.138,,,,,,,,,
1789037473.3117,load,0,-1,21669,860.0,0.0,861.0,0.152,,,,,,,,,
1789037473.8237,load,0,-1,21669,861.0,0.0,862.0,0.158,,,,,,,,,
1789037475.7828,load,0,-1,21669,862.0,0.0,863.0,0.15,,,,,,,,,
1789037475.9542,load,0,-1,21669,863.0,0.0,864.0,0.154,,,,,,,,,
1789037478.0882,load,0,-1,21669,864.0,0.0,865.0,0.139,,,,,,,,,
1789037478.2044,load,0,-1,21669,865.0,0.0,866.0,0.125,,,,,,,,,
1789037479.9728,load,0,-1,21669,866.0,0.0,867.0,0.15,,,,,,,,,
1789037480.4078,load,0,-1,21669,867.0,0.0,868.0,0.132,,,,,,,,,
1789037482.1579,load,0,-1,21669,868.0,0.0,869.0,0.15,,,,,,,,,
1789037482.3309,load,0,-1,21669,869.0,0.0,870.0,0.143,,,,,,,,,
1789037484.896,load,0,-1,21669,870.0,0.0,871.0,0.131,,,,,,,,,
1789037485.031,load,0,-1,21669,871.0,0.0,872.0,0.136,,,,,,,,,
1789037487.8495,load,0,-1,21669,872.0,0.0,873.0,0.142,,,,,,,,,
1789037488.2501,load,0,-1,21669,873.0,0.0,874.0,0.115,,,,,,,,,
1789037490.7989,load,0,-1,21669,874.0,0.0,875.0,0.146,,,,,,,,,
1789037490.9723,load,0,-1,21669,875.0,0.0,876.0,0.135,,,,,,,,,
1789037493.293,load,0,-1,21669,876.0,0.0,877.0,0.127,,,,,,,,,
1789037493.4352,load,0,-1,21669,877.0,0.0,878.0,0.132,,,,,,,,,
1789037495.3406,load,0,-1,21669,878.0,0.0,879.0,0.143,,,,,,,,,
1789037495.7824,load,0,-1,21669,879.0,0.0,880.0,0.127,,,,,,,,,
1789037497.7103,load,0,-1,21669,880.0,0.0,881.0,0.147,,,,,,,,,
1789037497.9582,load,0,-1,21669,881.0,0.0,882.0,0.136,,,,,,,,,
1789037500.6493,load,0,-1,21669,882.0,0.0,883.0,0.129,,,,,,,,,
1789037500.8036,load,0,-1,21669,883.0,0.0,884.0,0.148,,,,,,,,,
1789037502.5094,load,0,-1,21669,884.0,0.0,885.0,0.148,,,,,,,,,
1789037502.9142,load,0,-1,21669,885.0,0.0,886.0,0.15,,,,,,,,,
1789037505.504,load,0,-1,21669,886.0,0.0,887.0,0.178,,,,,,,,,
1789037505.7087,load,0,-1,21669,887.0,0.0,888.0,0.176,,,,,,,,,
1789037508.5148,load,0,-1,21669,888.0,0.0,889.0,0.17,,,,,,,,,
1789037508.623,load,0,-1,21669,889.0,0.0,890.0,0.143,,,,,,,,,
1789037510.7612,load,0,-1,21669,890.0,0.0,891.0,0.162,,,,,,,,,
1789037511.1974,load,0,-1,21669,891.0,0.0,892.0,0.113,,,,,,,,,
1789037512.67,load,0,-1,21669,892.0,0.0,893.0,0.159,,,,,,,,,
1789037512.8406,load,0,-1,21669,893.0,0.0,894.0,0.146,,,,,,,,,
1789037515.2607,load,0,-1,21669,894.0,0.0,895.0,0.128,,,,,,,,,
1789037515.3676,load,0,-1,21669,895.0,0.0,896.0,0.129,,,,,,,,,
1789037516.6139,load,0,-1,21669,896.0,0.0,897.0,0.145,,,,,,,,,
1789037517.0185,load,0,-1,21669,897.0,0.0,898.0,0.126,,,,,,,,,
1789037519.4217,load,0,-1,21669,898.0,0.0,899.0,0.144,,,,,,,,,
1789037519.6157,load,0,-1,21669,899.0,0.0,900.0,0.136,,,,,,,,,
1789037521.8785,load,0,-1,21669,900.0,0.0,901.0,0.126,,,,,,,,,
1789037522.0604,load,0,-1,21669,901.0,0.0,902.0,0.13,,,,,,,,,
1789037524.1326,load,0,-1,21669,902.0,0.0,903.0,0.169,,,,,,,,,
1789037524.5883,load,0,-1,21669,903.0,0.0,904.0,0.132,,,,,,,,,
1789037526.4284,load,0,-1,21669,904.0,0.0,905.0,0.151,,,,,,,,,
1789037526.5854,load,0,-1,21669,905.0,0.0,906.0,0.128,,,,,,,,,
1789037528.7718,load,0,-1,21669,906.0,0.0,907.0,0.137,,,,,,,,,
1789037528.8813,load,0,-1,21669,907.0,0.0,908.0,0.152,,,,,,,,,
1789037530.7457,load,0,-1,21669,908.0,0.0,909.0,0.177,,,,,,,,,
1789037531.1935,load,0,-1,21669,909.0,0.0,910.0,0.113,,,,,,,,,
1789037532.9838,load,0,-1,21669,910.0,0.0,911.0,0.154,,,,,,,,,
1789037533.1955,load,0,-1,21669,911.0,0.0,912.0,0.149,,,,,,,,,
1789037535.6802,load,0,-1,21669,912.0,0.0,913.0,0.133,,,,,,,,,
1789037535.832,load,0,-1,21669,913.0,0.0,914.0,0.159,,,,,,,,,
1789037538.3436,load,0,-1,21669,914.0,0.0,915.0,0.149,,,,,,,,,
1789037538.7572,load,0,-1,21669,915.0,0.0,916.0,0.121,,,,,,,,,
1789037540.0245,load,0,-1,21669,916.0,0.0,917.0,0.166,,,,,,,,,
1789037540.1953,load,0,-1,21669,917.0,0.0,918.0,0.146,,,,,,,,,
1789037542.5565,load,0,-1,21669,918.0,0.0,919.0,0.144,,,,,,,,,
1789037542.7182,load,0,-1,21669,919.0,0.0,920.0,0.129,,,,,,,,,
1789037544.9394,load,0,-1,21669,920.0,0.0,921.0,0.144,,,,,,,,,
1789037545.4263,load,0,-1,21669,921.0,0.0,922.0,0.138,,,,,,,,,
1789037547.6415,load,0,-1,21669,922.0,0.0,923.0,0.148,,,,,,,,,
1789037547.825,load,0,-1,21669,923.0,0.0,924.0,0.125,,,,,,,,,
1789037550.3728,load,0,-1,21669,924.0,0.0,925.0,0.138,,,,,,,,,
1789037550.5143,load,0,-1,21669,925.0,0.0,926.0,0.15,,,,,,,,,
1789037552.3581,load,0,-1,21669,926.0,0.0,927.0,0.147,,,,,,,,,
1789037552.7659,load,0,-1,21669,927.0,0.0,928.0,0.126,,,,,,,,,
1789037554.7128,load,0,-1,21669,928.0,0.0,929.0,0.159,,,,,,,,,
1789037554.904,load,0,-1,21669,929.0,0.0,930.0,0.132,,,,,,,,,
1789037557.1432,load,0,-1,21669,930.0,0.0,931.0,0.149,,,,,,,,,
1789037557.2554,load,0,-1,21669,931.0,0.0,932.0,0.156,,,,,,,,,
1789037559.1208,load,0,-1,21669,932.0,0.0,933.0,0.146,,,,,,,,,
1789037559.5299,load,0,-1,21669,933.0,0.0,934.0,0.161,,,,,,,,,
1789037561.4851,load,0,-1,21669,934.0,0.0,935.0,0.16,,,,,,,,,
1789037561.6602,load,0,-1,21669,935.0,0.0,936.0,0.166,,,,,,,,,
1789037563.7063,load,0,-1,21669,936.0,0.0,937.0,0.15,,,,,,,,,
1789037563.8201,load,0,-1,21669,937.0,0.0,938.0,0.138,,,,,,,,,
1789037565.4019,load,0,-1,21669,938.0,0.0,939.0,0.154,,,,,,,,,
1789037565.9051,load,0,-1,21669,939.0,0.0,940.0,0.128,,,,,,,,,
1789037567.5732,load,0,-1,21669,940.0,0.0,941.0,0.149,,,,,,,,,
1789037567.8297,load,0,-1,21669,941.0,0.0,942.0,0.157,,,,,,,,,
1789037570.0588,load,0,-1,21669,942.0,0.0,943.0,0.154,,,,,,,,,
1789037570.1966,load,0,-1,21669,943.0,0.0,944.0,0.148,,,,,,,,,
1789037572.5158,load,0,-1,21669,944.0,0.0,945.0,0.174,,,,,,,,,
1789037572.9211,load,0,-1,21669,945.0,0.0,946.0,0.153,,,,,,,,,
1789037575.0457,load,0,-1,21669,946.0,0.0,947.0,0.175,,,,,,,,,
1789037575.2208,load,0,-1,21669,947.0,0.0,948.0,0.144,,,,,,,,,
1789037577.1213,load,0,-1,21669,948.0,0.0,949.0,0.134,,,,,,,,,
1789037580.8284,load,0,-1,21669,949.0,0.0,950.0,0.141,,,,,,,,,
1789037581.0022,load,0,-1,21669,950.0,0.0,951.0,0.164,,,,,,,,,
1789037581.404,load,0,-1,21669,951.0,0.0,952.0,0.112,,,,,,,,,
1789037581.5377,load,0,-1,21669,952.0,0.0,953.0,0.145,,,,,,,,,
1789037581.7123,load,0,-1,21669,953.0,0.0,954.0,0.147,,,,,,,,,
1789037584.7805,load,0,-1,21669,954.0,0.0,955.0,0.131,,,,,,,,,
1789037584.8889,load,0,-1,21669,955.0,0.0,956.0,0.13,,,,,,,,,
1789037587.6787,load,0,-1,21669,956.0,0.0,957.0,0.142,,,,,,,,,
1789037588.0879,load,0,-1,21669,957.0,0.0,958.0,0.142,,,,,,,,,
1789037590.5124,load,0,-1,21669,958.0,0.0,959.0,0.177,,,,,,,,,
1789037590.6861,load,0,-1,21669,959.0,0.0,960.0,0.145,,,,,,,,,
1789037593.1041,load,0,-1,21669,960.0,0.0,961.0,0.115,,,,,,,,,
1789037593.2892,load,0,-1,21669,961.0,0.0,962.0,0.156,,,,,,,,,
1789037595.9903,load,0,-1,21669,962.0,0.0,963.0,0.133,,,,,,,,,
1789037596.4179,load,0,-1,21669,963.0,0.0,964.0,0.125,,,,,,,,,
1789037598.4219,load,0,-1,21669,964.0,0.0,965.0,0.146,,,,,,,,,
1789037598.5954,load,0,-1,21669,965.0,0.0,966.0,0.147,,,,,,,,,
1789037601.2788,load,0,-1,21669,966.0,0.0,967.0,0.137,,,,,,,,,
1789037601.3902,load,0,-1,21669,967.0,0.0,968.0,0.157,,,,,,,,,
1789037603.516,load,0,-1,21669,968.0,0.0,969.0,0.159,,,,,,,,,
1789037603.9295,load,0,-1,21669,969.0,0.0,970.0,0.13,,,,,,,,,
1789037605.8884,load,0,-1,21669,970.0,0.0,971.0,0.149,,,,,,,,,
1789037606.105,load,0,-1,21669,971.0,0.0,972.0,0.126,,,,,,,,,
1789037608.4861,load,0,-1,21669,972.0,0.0,973.0,0.16,,,,,,,,,
1789037608.6159,load,0,-1,21669,973.0,0.0,974.0,0.13,,,,,,,,,
1789037611.1215,load,0,-1,21669,974.0,0.0,975.0,0.171,,,,,,,,,
1789037611.5266,load,0,-1,21669,975.0,0.0,976.0,0.136,,,,,,,,,
1789037613.4057,load,0,-1,21669,976.0,0.0,977.0,0.141,,,,,,,,,
1789037613.5782,load,0,-1,21669,977.0,0.0,978.0,0.137,,,,,,,,,
1789037616.0795,load,0,-1,21669,978.0,0.0,979.0,0.15,,,,,,,,,
1789037616.1927,load,0,-1,21669,979.0,0.0,980.0,0.147,,,,,,,,,
1789037617.887,load,0,-1,21669,980.0,0.0,981.0,0.154,,,,,,,,,
1789037618.4329,load,0,-1,21669,981.0,0.0,982.0,0.138,,,,,,,,,
1789037620.0539,load,0,-1,21669,982.0,0.0,983.0,0.138,,,,,,,,,
1789037620.2264,load,0,-1,21669,983.0,0.0,984.0,0.153,,,,,,,,,
1789037622.689,load,0,-1,21669,984.0,0.0,985.0,0.139,,,,,,,,,
1789037622.8152,load,0,-1,21669,985.0,0.0,986.0,0.126,,,,,,,,,
1789037625.1562,load,0,-1,21669,986.0,0.0,987.0,0.165,,,,,,,,,
1789037625.6325,load,0,-1,21669,987.0,0.0,988.0,0.112,,,,,,,,,
1789037627.4322,load,0,-1,21669,988.0,0.0,989.0,0.158,,,,,,,,,
1789037627.6025,load,0,-1,21669,989.0,0.0,990.0,0.166,,,,,,,,,
1789037629.701,load,0,-1,21669,990.0,0.0,991.0,0.129,,,,,,,,,
1789037629.8255,load,0,-1,21669,991.0,0.0,992.0,0.146,,,,,,,,,
1789037632.1346,load,0,-1,21669,992.0,0.0,993.0,0.284,,,,,,,,,
1789037632.5376,load,0,-1,21669,993.0,0.0,994.0,0.133,,,,,,,,,
1789037634.2688,load,0,-1,21669,994.0,0.0,995.0,0.167,,,,,,,,,
1789037634.4758,load,0,-1,21669,995.0,0.0,996.0,0.18,,,,,,,,,
1789037636.7668,load,0,-1,21669,996.0,0.0,997.0,0.206,,,,,,,,,
1789037636.9574,load,0,-1,21669,997.0,0.0,998.0,0.142,,,,,,,,,
1789037639.0351,load,0,-1,21669,998.0,0.0,999.0,0.144,,,,,,,,,
1789037639.4589,load,0,-1,21669,999.0,0.0,1000.0,0.128,,,,,,,,,
1789037641.7308,load,0,-1,21669,1000.0,0.0,1001.0,0.145,,,,,,,,,
1789037641.9788,load,0,-1,21669,1001.0,0.0,1002.0,0.135,,,,,,,,,
1789037644.098,load,0,-1,21669,1002.0,0.0,1003.0,0.148,,,,,,,,,
1789037644.206,load,0,-1,21669,1003.0,0.0,1004.0,0.143,,,,,,,,,
1789037646.9388,load,0,-1,21669,1004.0,0.0,1005.0,0.145,,,,,,,,,
1789037647.3465,load,0,-1,21669,1005.0,0.0,1006.0,0.121,,,,,,,,,
1789037649.3605,load,0,-1,21669,1006.0,0.0,1007.0,0.165,,,,,,,,,
1789037649.5315,load,0,-1,21669,1007.0,0.0,1008.0,0.137,,,,,,,,,
1789037651.4569,load,0,-1,21669,1008.0,0.0,1009.0,0.152,,,,,,,,,
1789037651.5807,load,0,-1,21669,1009.0,0.0,1010.0,0.147,,,,,,,,,
1789037653.91,load,0,-1,21669,1010.0,0.0,1011.0,0.165,,,,,,,,,
1789037654.3218,load,0,-1,21669,1011.0,0.0,1012.0,0.184,,,,,,,,,
1789037655.71,load,0,-1,21669,1012.0,0.0,1013.0,0.129,,,,,,,,,
1789037655.8848,load,0,-1,21669,1013.0,0.0,1014.0,0.145,,,,,,,,,
1789037658.4543,load,0,-1,21669,1014.0,0.0,1015.0,0.148,,,,,,,,,
1789037658.5856,load,0,-1,21669,1015.0,0.0,1016.0,0.129,,,,,,,,,
1789037660.8086,load,0,-1,21669,1016.0,0.0,1017.0,0.135,,,,,,,,,
1789037661.2104,load,0,-1,21669,1017.0,0.0,1018.0,0.116,,,,,,,,,
1789037663.4739,load,0,-1,21669,1018.0,0.0,1019.0,0.149,,,,,,,,,
1789037663.6465,load,0,-1,21669,1019.0,0.0,1020.0,0.138,,,,,,,,,
1789037665.9286,load,0,-1,21669,1020.0,0.0,1021.0,0.13,,,,,,,,,
1789037666.1462,load,0,-1,21669,1021.0,0.0,1022.0,0.149,,,,,,,,,
1789037667.7614,load,0,-1,21669,1022.0,0.0,1023.0,0.139,,,,,,,,,
1789037668.2042,load,0,-1,21669,1023.0,0.0,1024.0,0.114,,,,,,,,,
1789037670.3097,load,0,-1,21669,1024.0,0.0,1025.0,0.145,,,,,,,,,
1789037670.4919,load,0,-1,21669,1025.0,0.0,1026.0,0.144,,,,,,,,,
1789037673.0671,load,0,-1,21669,1026.0,0.0,1027.0,0.14,,,,,,,,,
1789037673.1759,load,0,-1,21669,1027.0,0.0,1028.0,0.131,,,,,,,,,
1789037675.0568,load,0,-1,21669,1028.0,0.0,1029.0,0.153,,,,,,,,,
1789037675.486,load,0,-1,21669,1029.0,0.0,1030.0,0.129,,,,,,,,,
1789037677.945,load,0,-1,21669,1030.0,0.0,1031.0,0.178,,,,,,,,,
1789037678.1251,load,0,-1,21669,1031.0,0.0,1032.0,0.145,,,,,,,,,
1789037680.9063,load,0,-1,21669,1032.0,0.0,1033.0,0.124,,,,,,,,,
1789037681.0284,load,0,-1,21669,1033.0,0.0,1034.0,0.157,,,,,,,,,
1789037683.4575,load,0,-1,21669,1034.0,0.0,1035.0,0.136,,,,,,,,,
1789037683.8667,load,0,-1,21669,1035.0,0.0,1036.0,0.14,,,,,,,,,
1789037685.7223,load,0,-1,21669,1036.0,0.0,1037.0,0.16,,,,,,,,,
1789037685.8938,load,0,-1,21669,1037.0,0.0,1038.0,0.115,,,,,,,,,
1789037688.9518,load,0,-1,21669,1038.0,0.0,1039.0,0.125,,,,,,,,,
1789037689.0926,load,0,-1,21669,1039.0,0.0,1040.0,0.134,,,,,,,,,
1789037691.1617,load,0,-1,21669,1040.0,0.0,1041.0,0.141,,,,,,,,,
1789037691.6706,load,0,-1,21669,1041.0,0.0,1042.0,0.136,,,,,,,,,
1789037693.3812,load,0,-1,21669,1042.0,0.0,1043.0,0.135,,,,,,,,,
1789037693.5531,load,0,-1,21669,1043.0,0.0,1044.0,0.129,,,,,,,,,
1789037695.4216,load,0,-1,21669,1044.0,0.0,1045.0,0.121,,,,,,,,,
1789037695.5805,load,0,-1,21669,1045.0,0.0,1046.0,0.131,,,,,,,,,
1789037697.974,load,0,-1,21669,1046.0,0.0,1047.0,0.165,,,,,,,,,
1789037698.427,load,0,-1,21669,1047.0,0.0,1048.0,0.118,,,,,,,,,
1789037700.2724,load,0,-1,21669,1048.0,0.0,1049.0,0.155,,,,,,,,,
1789037700.8433,load,0,-1,21669,1049.0,0.0,1050.0,0.149,,,,,,,,,
1789037702.6861,load,0,-1,21669,1050.0,0.0,1051.0,0.198,,,,,,,,,
1789037702.9727,load,0,-1,21669,1051.0,0.0,1052.0,0.184,,,,,,,,,
1789037704.451,load,0,-1,21669,1052.0,0.0,1053.0,0.153,,,,,,,,,
1789037705.9148,load,0,-1,21669,1053.0,0.0,1054.0,0.114,,,,,,,,,
1789037707.348,load,0,-1,21669,1054.0,0.0,1055.0,0.146,,,,,,,,,
1789037708.0218,load,0,-1,21669,1055.0,0.0,1056.0,0.145,,,,,,,,,
1789037710.4014,load,0,-1,21669,1056.0,0.0,1057.0,0.13,,,,,,,,,
1789037710.5171,load,0,-1,21669,1057.0,0.0,1058.0,0.135,,,,,,,,,
1789037712.3094,load,0,-1,21669,1058.0,0.0,1059.0,0.164,,,,,,,,,
1789037712.7566,load,0,-1,21669,1059.0,0.0,1060.0,0.132,,,,,,,,,
1789037714.3577,load,0,-1,21669,1060.0,0.0,1061.0,0.172,,,,,,,,,
1789037714.7492,load,0,-1,21669,1061.0,0.0,1062.0,0.168,,,,,,,,,
1789037717.0428,load,0,-1,21669,1062.0,0.0,1063.0,0.142,,,,,,,,,
1789037717.1743,load,0,-1,21669,1063.0,0.0,1064.0,0.143,,,,,,,,,
1789037719.8629,load,0,-1,21669,1064.0,0.0,1065.0,0.144,,,,,,,,,
1789037720.271,load,0,-1,21669,1065.0,0.0,1066.0,0.149,,,,,,,,,
1789037721.2122,load,0,-1,21669,1066.0,0.0,1067.0,0.184,,,,,,,,,
1789037721.6513,load,0,-1,21669,1067.0,0.0,1068.0,0.178,,,,,,,,,
1789037724.2354,load,0,-1,21669,1068.0,0.0,1069.0,0.133,,,,,,,,,
1789037724.3439,load,0,-1,21669,1069.0,0.0,1070.0,0.132,,,,,,,,,
1789037726.5839,load,0,-1,21669,1070.0,0.0,1071.0,0.153,,,,,,,,,
1789037727.1347,load,0,-1,21669,1071.0,0.0,1072.0,0.134,,,,,,,,,
1789037729.2675,load,0,-1,21669,1072.0,0.0,1073.0,0.147,,,,,,,,,
1789037729.4791,load,0,-1,21669,1073.0,0.0,1074.0,0.119,,,,,,,,,
1789037732.0427,load,0,-1,21669,1074.0,0.0,1075.0,0.125,,,,,,,,,
1789037732.2291,load,0,-1,21669,1075.0,0.0,1076.0,0.124,,,,,,,,,
1789037733.4745,load,0,-1,21669,1076.0,0.0,1077.0,0.145,,,,,,,,,
1789037734.7507,load,0,-1,21669,1077.0,0.0,1078.0,0.148,,,,,,,,,
1789037735.7344,load,0,-1,21669,1078.0,0.0,1079.0,0.16,,,,,,,,,
1789037736.8441,load,0,-1,21669,1079.0,0.0,1080.0,0.156,,,,,,,,,
1789037738.5539,load,0,-1,21669,1080.0,0.0,1081.0,0.149,,,,,,,,,
1789037739.6436,load,0,-1,21669,1081.0,0.0,1082.0,0.173,,,,,,,,,
1789037740.8539,load,0,-1,21669,1082.0,0.0,1083.0,0.147,,,,,,,,,
1789037742.6168,load,0,-1,21669,1083.0,0.0,1084.0,0.173,,,,,,,,,
1789037743.0491,load,0,-1,21669,1084.0,0.0,1085.0,0.158,,,,,,,,,
1789037744.7693,load,0,-1,21669,1085.0,0.0,1086.0,0.166,,,,,,,,,
1789037745.4812,load,0,-1,21669,1086.0,0.0,1087.0,0.137,,,,,,,,,
1789037747.0561,load,0,-1,21669,1087.0,0.0,1088.0,0.147,,,,,,,,,
1789037747.7399,load,0,-1,21669,1088.0,0.0,1089.0,0.148,,,,,,,,,
1789037749.3509,load,0,-1,21669,1089.0,0.0,1090.0,0.134,,,,,,,,,
1789037750.3668,load,0,-1,21669,1090.0,0.0,1091.0,0.149,,,,,,,,,
1789037751.7475,load,0,-1,21669,1091.0,0.0,1092.0,0.151,,,,,,,,,
1789037753.1037,load,0,-1,21669,1092.0,0.0,1093.0,0.127,,,,,,,,,
1789037754.4825,load,0,-1,21669,1093.0,0.0,1094.0,0.15,,,,,,,,,
1789037755.9405,load,0,-1,21669,1094.0,0.0,1095.0,0.149,,,,,,,,,
1789037757.3843,load,0,-1,21669,1095.0,0.0,1096.0,0.14,,,,,,,,,
1789037757.9942,load,0,-1,21669,1096.0,0.0,1097.0,0.151,,,,,,,,,
1789037759.4666,load,0,-1,21669,1097.0,0.0,1098.0,0.149,,,,,,,,,
1789037760.827,load,0,-1,21669,1098.0,0.0,1099.0,0.137,,,,,,,,,
1789037761.5262,load,0,-1,21669,1099.0,0.0,1100.0,0.16,,,,,,,,,
1789037762.6578,load,0,-1,21669,1100.0,0.0,1101.0,0.145,,,,,,,,,
1789037764.5722,load,0,-1,21669,1101.0,0.0,1102.0,0.211,,,,,,,,,
1789037765.3393,load,0,-1,21669,1102.0,0.0,1103.0,0.157,,,,,,,,,
1789037766.3231,load,0,-1,21669,1103.0,0.0,1104.0,0.174,,,,,,,,,
1789037768.18,load,0,-1,21669,1104.0,0.0,1105.0,0.151,,,,,,,,,
1789037768.4769,load,0,-1,21669,1105.0,0.0,1106.0,0.136,,,,,,,,,
1789037770.8242,load,0,-1,21669,1106.0,0.0,1107.0,0.182,,,,,,,,,
1789037771.4639,load,0,-1,21669,1107.0,0.0,1108.0,0.164,,,,,,,,,
1789037772.6828,load,0,-1,21669,1108.0,0.0,1109.0,0.164,,,,,,,,,
1789037773.4292,load,0,-1,21669,1109.0,0.0,1110.0,0.146,,,,,,,,,
1789037775.5925,load,0,-1,21669,1110.0,0.0,1111.0,0.127,,,,,,,,,
1789037776.0454,load,0,-1,21669,1111.0,0.0,1112.0,0.156,,,,,,,,,
1789037777.5358,load,0,-1,21669,1112.0,0.0,1113.0,0.161,,,,,,,,,
1789037778.1392,load,0,-1,21669,1113.0,0.0,1114.0,0.138,,,,,,,,,
1789037780.0397,load,0,-1,21669,1114.0,0.0,1115.0,0.144,,,,,,,,,
1789037780.7519,load,0,-1,21669,1115.0,0.0,1116.0,0.143,,,,,,,,,
1789037782.4715,load,0,-1,21669,1116.0,0.0,1117.0,0.122,,,,,,,,,
1789037783.1911,load,0,-1,21669,1117.0,0.0,1118.0,0.141,,,,,,,,,
1789037784.5265,load,0,-1,21669,1118.0,0.0,1119.0,0.138,,,,,,,,,
1789037785.7085,load,0,-1,21669,1119.0,0.0,1120.0,0.136,,,,,,,,,
1789037787.3745,load,0,-1,21669,1120.0,0.0,1121.0,0.142,,,,,,,,,
1789037787.6411,load,0,-1,21669,1121.0,0.0,1122.0,0.139,,,,,,,,,
1789037789.6595,load,0,-1,21669,1122.0,0.0,1123.0,0.142,,,,,,,,,
1789037789.7947,load,0,-1,21669,1123.0,0.0,1124.0,0.139,,,,,,,,,
1789037792.1068,load,0,-1,21669,1124.0,0.0,1125.0,0.177,,,,,,,,,
1789037792.506,load,0,-1,21669,1125.0,0.0,1126.0,0.13,,,,,,,,,
1789037794.3834,load,0,-1,21669,1126.0,0.0,1127.0,0.171,,,,,,,,,
1789037794.5539,load,0,-1,21669,1127.0,0.0,1128.0,0.124,,,,,,,,,
1789037797.1943,load,0,-1,21669,1128.0,0.0,1129.0,0.131,,,,,,,,,
1789037797.3023,load,0,-1,21669,1129.0,0.0,1130.0,0.14,,,,,,,,,
1789037800.1896,load,0,-1,21669,1130.0,0.0,1131.0,0.152,,,,,,,,,
1789037800.6123,load,0,-1,21669,1131.0,0.0,1132.0,0.131,,,,,,,,,
1789037802.8337,load,0,-1,21669,1132.0,0.0,1133.0,0.148,,,,,,,,,
1789037803.0072,load,0,-1,21669,1133.0,0.0,1134.0,0.286,,,,,,,,,
1789037805.8025,load,0,-1,21669,1134.0,0.0,1135.0,0.126,,,,,,,,,
1789037805.9107,load,0,-1,21669,1135.0,0.0,1136.0,0.142,,,,,,,,,
1789037807.7052,load,0,-1,21669,1136.0,0.0,1137.0,0.157,,,,,,,,,
1789037808.1449,load,0,-1,21669,1137.0,0.0,1138.0,0.141,,,,,,,,,
1789037809.3056,load,0,-1,21669,1138.0,0.0,1139.0,0.142,,,,,,,,,
1789037809.4753,load,0,-1,21669,1139.0,0.0,1140.0,0.124,,,,,,,,,
1789037811.71,load,0,-1,21669,1140.0,0.0,1141.0,0.127,,,,,,,,,
1789037811.8954,load,0,-1,21669,1141.0,0.0,1142.0,0.13,,,,,,,,,
1789037813.845,load,0,-1,21669,1142.0,0.0,1143.0,0.159,,,,,,,,,
1789037814.259,load,0,-1,21669,1143.0,0.0,1144.0,0.135,,,,,,,,,
1789037815.5283,load,0,-1,21669,1144.0,0.0,1145.0,0.149,,,,,,,,,
1789037815.9084,load,0,-1,21669,1145.0,0.0,1146.0,0.184,,,,,,,,,
1789037818.0303,load,0,-1,21669,1146.0,0.0,1147.0,0.141,,,,,,,,,
1789037818.7105,load,0,-1,21669,1147.0,0.0,1148.0,0.145,,,,,,,,,
1789037821.204,load,0,-1,21669,1148.0,0.0,1149.0,0.159,,,,,,,,,
1789037821.6109,load,0,-1,21669,1149.0,0.0,1150.0,0.162,,,,,,,,,
1789037823.3541,load,0,-1,21669,1150.0,0.0,1151.0,0.18,,,,,,,,,
1789037824.5244,load,0,-1,21669,1151.0,0.0,1152.0,0.132,,,,,,,,,
1789037826.2448,load,0,-1,21669,1152.0,0.0,1153.0,0.136,,,,,,,,,
1789037827.3231,load,0,-1,21669,1153.0,0.0,1154.0,0.141,,,,,,,,,
1789037827.8101,load,0,-1,21669,1154.0,0.0,1155.0,0.149,,,,,,,,,
1789037830.2115,load,0,-1,21669,1155.0,0.0,1156.0,0.147,,,,,,,,,
1789037830.3356,load,0,-1,21669,1156.0,0.0,1157.0,0.149,,,,,,,,,
1789037832.1385,load,0,-1,21669,1157.0,0.0,1158.0,0.129,,,,,,,,,
1789037832.5641,load,0,-1,21669,1158.0,0.0,1159.0,0.114,,,,,,,,,
1789037834.5519,load,0,-1,21669,1159.0,0.0,1160.0,0.141,,,,,,,,,
1789037834.7244,load,0,-1,21669,1160.0,0.0,1161.0,0.135,,,,,,,,,
1789037837.3789,load,0,-1,21669,1161.0,0.0,1162.0,0.152,,,,,,,,,
1789037837.4888,load,0,-1,21669,1162.0,0.0,1163.0,0.137,,,,,,,,,
1789037839.7219,load,0,-1,21669,1163.0,0.0,1164.0,0.143,,,,,,,,,
1789037840.125,load,0,-1,21669,1164.0,0.0,1165.0,0.12,,,,,,,,,
1789037841.9218,load,0,-1,21669,1165.0,0.0,1166.0,0.144,,,,,,,,,
1789037842.0933,load,0,-1,21669,1166.0,0.0,1167.0,0.136,,,,,,,,,
1789037844.4985,load,0,-1,21669,1167.0,0.0,1168.0,0.129,,,,,,,,,
1789037844.6284,load,0,-1,21669,1168.0,0.0,1169.0,0.152,,,,,,,,,
1789037846.3157,load,0,-1,21669,1169.0,0.0,1170.0,0.153,,,,,,,,,
1789037846.7294,load,0,-1,21669,1170.0,0.0,1171.0,0.193,,,,,,,,,
1789037848.3973,load,0,-1,21669,1171.0,0.0,1172.0,0.147,,,,,,,,,
1789037848.5701,load,0,-1,21669,1172.0,0.0,1173.0,0.135,,,,,,,,,
1789037851.1833,load,0,-1,21669,1173.0,0.0,1174.0,0.129,,,,,,,,,
1789037851.2992,load,0,-1,21669,1174.0,0.0,1175.0,0.147,,,,,,,,,
1789037853.8214,load,0,-1,21669,1175.0,0.0,1176.0,0.164,,,,,,,,,
1789037854.2291,load,0,-1,21669,1176.0,0.0,1177.0,0.21,,,,,,,,,
1789037856.1088,load,0,-1,21669,1177.0,0.0,1178.0,0.159,,,,,,,,,
1789037856.2819,load,0,-1,21669,1178.0,0.0,1179.0,0.133,,,,,,,,,
1789037859.3377,load,0,-1,21669,1179.0,0.0,1180.0,0.165,,,,,,,,,
1789037859.4457,load,0,-1,21669,1180.0,0.0,1181.0,0.12,,,,,,,,,
1789037862.1608,load,0,-1,21669,1181.0,0.0,1182.0,0.179,,,,,,,,,
1789037862.5013,load,0,-1,21669,1182.0,0.0,1183.0,0.135,,,,,,,,,
1789037864.8109,load,0,-1,21669,1183.0,0.0,1184.0,0.151,,,,,,,,,
1789037864.9838,load,0,-1,21669,1184.0,0.0,1185.0,0.124,,,,,,,,,
1789037867.2688,load,0,-1,21669,1185.0,0.0,1186.0,0.128,,,,,,,,,
1789037867.4501,load,0,-1,21669,1186.0,0.0,1187.0,0.148,,,,,,,,,
1789037869.4655,load,0,-1,21669,1187.0,0.0,1188.0,0.15,,,,,,,,,
1789037869.8712,load,0,-1,21669,1188.0,0.0,1189.0,0.135,,,,,,,,,
1789037871.7649,load,0,-1,21669,1189.0,0.0,1190.0,0.156,,,,,,,,,
1789037871.9326,load,0,-1,21669,1190.0,0.0,1191.0,0.142,,,,,,,,,
1789037874.5885,load,0,-1,21669,1191.0,0.0,1192.0,0.13,,,,,,,,,
1789037874.7105,load,0,-1,21669,1192.0,0.0,1193.0,0.139,,,,,,,,,
1789037876.452,load,0,-1,21669,1193.0,0.0,1194.0,0.177,,,,,,,,,
1789037876.881,load,0,-1,21669,1194.0,0.0,1195.0,0.111,,,,,,,,,
1789037878.9698,load,0,-1,21669,1195.0,0.0,1196.0,0.154,,,,,,,,,
1789037879.1414,load,0,-1,21669,1196.0,0.0,1197.0,0.155,,,,,,,,,
1789037881.5892,load,0,-1,21669,1197.0,0.0,1198.0,0.171,,,,,,,,,
1789037881.7406,load,0,-1,21669,1198.0,0.0,1199.0,0.145,,,,,,,,,
1789037883.7225,load,0,-1,21669,1199.0,0.0,1200.0,0.153,,,,,,,,,
1789037884.1693,load,0,-1,21669,1200.0,0.0,1201.0,0.138,,,,,,,,,
1789037885.9985,load,0,-1,21669,1201.0,0.0,1202.0,0.162,,,,,,,,,
1789037886.1055,load,0,-1,21669,1202.0,0.0,1203.0,0.132,,,,,,,,,
1789037889.1288,load,0,-1,21669,1203.0,0.0,1204.0,0.129,,,,,,,,,
1789037889.2572,load,0,-1,21669,1204.0,0.0,1205.0,0.148,,,,,,,,,
1789037891.4465,load,0,-1,21669,1205.0,0.0,1206.0,0.172,,,,,,,,,
1789037891.9024,load,0,-1,21669,1206.0,0.0,1207.0,0.112,,,,,,,,,
1789037893.7732,load,0,-1,21669,1207.0,0.0,1208.0,0.168,,,,,,,,,
1789037893.959,load,0,-1,21669,1208.0,0.0,1209.0,0.144,,,,,,,,,
1789037896.7405,load,0,-1,21669,1209.0,0.0,1210.0,0.138,,,,,,,,,
1789037896.9016,load,0,-1,21669,1210.0,0.0,1211.0,0.179,,,,,,,,,
1789037899.0228,load,0,-1,21669,1211.0,0.0,1212.0,0.152,,,,,,,,,
1789037899.4444,load,0,-1,21669,1212.0,0.0,1213.0,0.143,,,,,,,,,
1789037901.7946,load,0,-1,21669,1213.0,0.0,1214.0,0.181,,,,,,,,,
1789037901.9675,load,0,-1,21669,1214.0,0.0,1215.0,0.134,,,,,,,,,
1789037904.4547,load,0,-1,21669,1215.0,0.0,1216.0,0.185,,,,,,,,,
1789037904.5921,load,0,-1,21669,1216.0,0.0,1217.0,0.143,,,,,,,,,
1789037906.5379,load,0,-1,21669,1217.0,0.0,1218.0,0.149,,,,,,,,,
1789037906.9858,load,0,-1,21669,1218.0,0.0,1219.0,0.127,,,,,,,,,
1789037909.0406,load,0,-1,21669,1219.0,0.0,1220.0,0.176,,,,,,,,,
1789037909.213,load,0,-1,21669,1220.0,0.0,1221.0,0.153,,,,,,,,,
1789037912.0758,load,0,-1,21669,1221.0,0.0,1222.0,0.169,,,,,,,,,
1789037912.1878,load,0,-1,21669,1222.0,0.0,1223.0,0.14,,,,,,,,,
1789037914.0355,load,0,-1,21669,1223.0,0.0,1224.0,0.149,,,,,,,,,
1789037914.5141,load,0,-1,21669,1224.0,0.0,1225.0,0.123,,,,,,,,,
1789037916.53,load,0,-1,21669,1225.0,0.0,1226.0,0.159,,,,,,,,,
1789037916.7053,load,0,-1,21669,1226.0,0.0,1227.0,0.161,,,,,,,,,
1789037919.6546,load,0,-1,21669,1227.0,0.0,1228.0,0.167,,,,,,,,,
1789037919.8027,load,0,-1,21669,1228.0,0.0,1229.0,0.143,,,,,,,,,
1789037921.8414,load,0,-1,21669,1229.0,0.0,1230.0,0.149,,,,,,,,,
1789037922.2506,load,0,-1,21669,1230.0,0.0,1231.0,0.152,,,,,,,,,
1789037924.3141,load,0,-1,21669,1231.0,0.0,1232.0,0.158,,,,,,,,,
1789037924.5052,load,0,-1,21669,1232.0,0.0,1233.0,0.141,,,,,,,,,
1789037926.8923,load,0,-1,21669,1233.0,0.0,1234.0,0.184,,,,,,,,,
1789037927.0122,load,0,-1,21669,1234.0,0.0,1235.0,0.152,,,,,,,,,
1789037929.3708,load,0,-1,21669,1235.0,0.0,1236.0,0.135,,,,,,,,,
1789037929.772,load,0,-1,21669,1236.0,0.0,1237.0,0.11,,,,,,,,,
1789037931.6278,load,0,-1,21669,1237.0,0.0,1238.0,0.131,,,,,,,,,
1789037931.8028,load,0,-1,21669,1238.0,0.0,1239.0,0.171,,,,,,,,,
1789037933.7904,load,0,-1,21669,1239.0,0.0,1240.0,0.131,,,,,,,,,
1789037934.0116,load,0,-1,21669,1240.0,0.0,1241.0,0.138,,,,,,,,,
1789037935.4833,load,0,-1,21669,1241.0,0.0,1242.0,0.189,,,,,,,,,
1789037935.8274,load,0,-1,21669,1242.0,0.0,1243.0,0.113,,,,,,,,,
1789037937.8931,load,0,-1,21669,1243.0,0.0,1244.0,0.162,,,,,,,,,
1789037938.0637,load,0,-1,21669,1244.0,0.0,1245.0,0.136,,,,,,,,,
1789037940.2991,load,0,-1,21669,1245.0,0.0,1246.0,0.147,,,,,,,,,
1789037940.4768,load,0,-1,21669,1246.0,0.0,1247.0,0.175,,,,,,,,,
1789037943.196,load,0,-1,21669,1247.0,0.0,1248.0,0.173,,,,,,,,,
1789037943.6078,load,0,-1,21669,1248.0,0.0,1249.0,0.134,,,,,,,,,
1789037945.4799,load,0,-1,21669,1249.0,0.0,1250.0,0.16,,,,,,,,,
1789037945.672,load,0,-1,21669,1250.0,0.0,1251.0,0.151,,,,,,,,,
1789037948.2094,load,0,-1,21669,1251.0,0.0,1252.0,0.183,,,,,,,,,
1789037948.3727,load,0,-1,21669,1252.0,0.0,1253.0,0.128,,,,,,,,,
1789037950.1089,load,0,-1,21669,1253.0,0.0,1254.0,0.169,,,,,,,,,
1789037950.517,load,0,-1,21669,1254.0,0.0,1255.0,0.137,,,,,,,,,
1789037952.3737,load,0,-1,21669,1255.0,0.0,1256.0,0.146,,,,,,,,,
1789037952.5453,load,0,-1,21669,1256.0,0.0,1257.0,0.125,,,,,,,,,
1789037955.2597,load,0,-1,21669,1257.0,0.0,1258.0,0.128,,,,,,,,,
1789037955.4012,load,0,-1,21669,1258.0,0.0,1259.0,0.126,,,,,,,,,
1789037957.9251,load,0,-1,21669,1259.0,0.0,1260.0,0.146,,,,,,,,,
1789037958.3357,load,0,-1,21669,1260.0,0.0,1261.0,0.118,,,,,,,,,
1789037960.2399,load,0,-1,21669,1261.0,0.0,1262.0,0.263,,,,,,,,,
1789037960.347,load,0,-1,21669,1262.0,0.0,1263.0,0.136,,,,,,,,,
1789037962.7238,load,0,-1,21669,1263.0,0.0,1264.0,0.118,,,,,,,,,
1789037962.8652,load,0,-1,21669,1264.0,0.0,1265.0,0.136,,,,,,,,,
1789037965.0896,load,0,-1,21669,1265.0,0.0,1266.0,0.15,,,,,,,,,
1789037965.5527,load,0,-1,21669,1266.0,0.0,1267.0,0.127,,,,,,,,,
1789037967.1072,load,0,-1,21669,1267.0,0.0,1268.0,0.176,,,,,,,,,
1789037967.277,load,0,-1,21669,1268.0,0.0,1269.0,0.144,,,,,,,,,
1789037969.3666,load,0,-1,21669,1269.0,0.0,1270.0,0.166,,,,,,,,,
1789037969.4746,load,0,-1,21669,1270.0,0.0,1271.0,0.157,,,,,,,,,
1789037972.2374,load,0,-1,21669,1271.0,0.0,1272.0,0.155,,,,,,,,,
1789037972.6662,load,0,-1,21669,1272.0,0.0,1273.0,0.127,,,,,,,,,
1789037974.1356,load,0,-1,21669,1273.0,0.0,1274.0,0.166,,,,,,,,,
1789037974.3094,load,0,-1,21669,1274.0,0.0,1275.0,0.163,,,,,,,,,
1789037976.9397,load,0,-1,21669,1275.0,0.0,1276.0,0.193,,,,,,,,,
1789037977.0477,load,0,-1,21669,1276.0,0.0,1277.0,0.139,,,,,,,,,
1789037979.1813,load,0,-1,21669,1277.0,0.0,1278.0,0.148,,,,,,,,,
1789037979.6027,load,0,-1,21669,1278.0,0.0,1279.0,0.115,,,,,,,,,
1789037981.8457,load,0,-1,21669,1279.0,0.0,1280.0,0.157,,,,,,,,,
1789037982.018,load,0,-1,21669,1280.0,0.0,1281.0,0.142,,,,,,,,,
1789037985.3744,load,0,-1,21669,1281.0,0.0,1282.0,0.157,,,,,,,,,
1789037985.4909,load,0,-1,21669,1282.0,0.0,1283.0,0.124,,,,,,,,,
1789037987.2432,load,0,-1,21669,1283.0,0.0,1284.0,0.149,,,,,,,,,
1789037987.6665,load,0,-1,21669,1284.0,0.0,1285.0,0.122,,,,,,,,,
1789037989.8803,load,0,-1,21669,1285.0,0.0,1286.0,0.165,,,,,,,,,
1789037990.0694,load,0,-1,21669,1286.0,0.0,1287.0,0.147,,,,,,,,,
1789037992.2386,load,0,-1,21669,1287.0,0.0,1288.0,0.148,,,,,,,,,
1789037992.3878,load,0,-1,21669,1288.0,0.0,1289.0,0.128,,,,,,,,,
1789037994.2845,load,0,-1,21669,1289.0,0.0,1290.0,0.152,,,,,,,,,
1789037994.6922,load,0,-1,21669,1290.0,0.0,1291.0,0.14,,,,,,,,,
1789037996.5473,load,0,-1,21669,1291.0,0.0,1292.0,0.166,,,,,,,,,
1789037996.7198,load,0,-1,21669,1292.0,0.0,1293.0,0.137,,,,,,,,,
1789037998.8153,load,0,-1,21669,1293.0,0.0,1294.0,0.142,,,,,,,,,
1789037998.9254,load,0,-1,21669,1294.0,0.0,1295.0,0.14,,,,,,,,,
1789038000.6112,load,0,-1,21669,1295.0,0.0,1296.0,0.166,,,,,,,,,
1789038001.0177,load,0,-1,21669,1296.0,0.0,1297.0,0.129,,,,,,,,,
1789038003.1139,load,0,-1,21669,1297.0,0.0,1298.0,0.141,,,,,,,,,
1789038003.285,load,0,-1,21669,1298.0,0.0,1299.0,0.134,,,,,,,,,
1789038005.8118,load,0,-1,21669,1299.0,0.0,1300.0,0.14,,,,,,,,,
1789038005.9208,load,0,-1,21669,1300.0,0.0,1301.0,0.136,,,,,,,,,
1789038007.6229,load,0,-1,21669,1301.0,0.0,1302.0,0.149,,,,,,,,,
1789038007.9637,load,0,-1,21669,1302.0,0.0,1303.0,0.123,,,,,,,,,
1789038010.2231,load,0,-1,21669,1303.0,0.0,1304.0,0.145,,,,,,,,,
1789038010.3943,load,0,-1,21669,1304.0,0.0,1305.0,0.122,,,,,,,,,
1789038012.8875,load,0,-1,21669,1305.0,0.0,1306.0,0.167,,,,,,,,,
1789038013.041,load,0,-1,21669,1306.0,0.0,1307.0,0.133,,,,,,,,,
1789038014.332,load,0,-1,21669,1307.0,0.0,1308.0,0.137,,,,,,,,,
1789038015.016,load,0,-1,21669,1308.0,0.0,1309.0,0.114,,,,,,,,,
1789038017.4343,load,0,-1,21669,1309.0,0.0,1310.0,0.157,,,,,,,,,
1789038017.6114,load,0,-1,21669,1310.0,0.0,1311.0,0.141,,,,,,,,,
1789038020.042,load,0,-1,21669,1311.0,0.0,1312.0,0.139,,,,,,,,,
1789038020.1494,load,0,-1,21669,1312.0,0.0,1313.0,0.139,,,,,,,,,
1789038022.2367,load,0,-1,21669,1313.0,0.0,1314.0,0.173,,,,,,,,,
1789038022.8639,load,0,-1,21669,1314.0,0.0,1315.0,0.177,,,,,,,,,
1789038024.4941,load,0,-1,21669,1315.0,0.0,1316.0,0.17,,,,,,,,,
1789038024.8477,load,0,-1,21669,1316.0,0.0,1317.0,0.15,,,,,,,,,
1789038026.579,load,0,-1,21669,1317.0,0.0,1318.0,0.129,,,,,,,,,
1789038027.2355,load,0,-1,21669,1318.0,0.0,1319.0,0.146,,,,,,,,,
1789038028.437,load,0,-1,21669,1319.0,0.0,1320.0,0.139,,,,,,,,,
1789038029.824,load,0,-1,21669,1320.0,0.0,1321.0,0.131,,,,,,,,,
1789038031.1696,load,0,-1,21669,1321.0,0.0,1322.0,0.141,,,,,,,,,
1789038031.9616,load,0,-1,21669,1322.0,0.0,1323.0,0.144,,,,,,,,,
1789038033.6394,load,0,-1,21669,1323.0,0.0,1324.0,0.174,,,,,,,,,
1789038034.253,load,0,-1,21669,1324.0,0.0,1325.0,0.146,,,,,,,,,
1789038035.9162,load,0,-1,21669,1325.0,0.0,1326.0,0.202,,,,,,,,,
1789038036.7913,load,0,-1,21669,1326.0,0.0,1327.0,0.127,,,,,,,,,
1789038038.0889,load,0,-1,21669,1327.0,0.0,1328.0,0.17,,,,,,,,,
1789038039.2946,load,0,-1,21669,1328.0,0.0,1329.0,0.145,,,,,,,,,
1789038040.7893,load,0,-1,21669,1329.0,0.0,1330.0,0.19,,,,,,,,,
1789038041.7415,load,0,-1,21669,1330.0,0.0,1331.0,0.145,,,,,,,,,
1789038043.0513,load,0,-1,21669,1331.0,0.0,1332.0,0.146,,,,,,,,,
1789038044.2036,load,0,-1,21669,1332.0,0.0,1333.0,0.129,,,,,,,,,
1789038045.5916,load,0,-1,21669,1333.0,0.0,1334.0,0.144,,,,,,,,,
1789038046.9316,load,0,-1,21669,1334.0,0.0,1335.0,0.149,,,,,,,,,
1789038048.2459,load,0,-1,21669,1335.0,0.0,1336.0,0.141,,,,,,,,,
1789038050.0089,load,0,-1,21669,1336.0,0.0,1337.0,0.134,,,,,,,,,
1789038050.1997,load,0,-1,21669,1337.0,0.0,1338.0,0.145,,,,,,,,,
1789038052.5778,load,0,-1,21669,1338.0,0.0,1339.0,0.138,,,,,,,,,
1789038052.9074,load,0,-1,21669,1339.0,0.0,1340.0,0.157,,,,,,,,,
1789038055.2833,load,0,-1,21669,1340.0,0.0,1341.0,0.152,,,,,,,,,
1789038055.9652,load,0,-1,21669,1341.0,0.0,1342.0,0.155,,,,,,,,,
1789038057.4803,load,0,-1,21669,1342.0,0.0,1343.0,0.173,,,,,,,,,
1789038058.2046,load,0,-1,21669,1343.0,0.0,1344.0,0.181,,,,,,,,,
1789038060.0607,load,0,-1,21669,1344.0,0.0,1345.0,0.176,,,,,,,,,
1789038060.7343,load,0,-1,21669,1345.0,0.0,1346.0,0.174,,,,,,,,,
1789038062.0089,load,0,-1,21669,1346.0,0.0,1347.0,0.174,,,,,,,,,
1789038063.249,load,0,-1,21669,1347.0,0.0,1348.0,0.246,,,,,,,,,
1789038064.3346,load,0,-1,21669,1348.0,0.0,1349.0,0.143,,,,,,,,,
1789038065.8202,load,0,-1,21669,1349.0,0.0,1350.0,0.221,,,,,,,,,
1789038067.16,load,0,-1,21669,1350.0,0.0,1351.0,0.129,,,,,,,,,
1789038068.2662,load,0,-1,21669,1351.0,0.0,1352.0,0.141,,,,,,,,,
1789038069.4315,load,0,-1,21669,1352.0,0.0,1353.0,0.137,,,,,,,,,
