t,kind,rank,worker,pid,global_step,epoch,local_step,load_ms,n_in,seq_len,wall_ms,cpu_ms,t_batch,t_fwd,t_bwd,t_opt,t_end
1789036430.1999,timeline,0,-1,21669,0.0,0.0,1.0,2638.571,,,,,69885.58685,69887.823953,69888.066414,69888.066414,69888.115841
1789036430.1958,timeline,1,-1,21670,0.0,0.0,1.0,2625.423,,,,,69885.684705,69887.819227,69888.066415,69888.066415,69888.111678
1789036430.1958,timeline,3,-1,21672,0.0,0.0,1.0,2991.339,,,,,69886.152935,69887.725516,69888.066402,69888.066402,69888.11167
1789036430.1955,timeline,2,-1,21671,0.0,0.0,1.0,3231.998,,,,,69886.371204,69887.730414,69888.093906,69888.093906,69888.111463
1789036430.3426,timeline,1,-1,21670,1.0,0.0,2.0,0.24,,,,,69888.112505,69888.235081,69888.25848,69888.25848,69888.2585
1789036430.3214,timeline,2,-1,21671,1.0,0.0,2.0,0.405,,,,,69888.112688,69888.214909,69888.237309,69888.237309,69888.237324
1789036430.3217,timeline,3,-1,21672,1.0,0.0,2.0,0.292,,,,,69888.112702,69888.215221,69888.237572,69888.237572,69888.237586
1789036430.3207,timeline,0,-1,21669,1.0,0.0,2.0,0.324,,,,,69888.116755,69888.214939,69888.236634,69888.236634,69888.236654
1789036431.9365,timeline,0,-1,21669,2.0,0.0,3.0,0.16,,,,,69888.236977,69889.191677,69889.852418,69889.852418,69889.852436
1789036431.9725,timeline,1,-1,21670,2.0,0.0,3.0,0.139,,,,,69888.258887,69889.19081,69889.888356,69889.888356,69889.888379
1789036431.9539,timeline,2,-1,21671,2.0,0.0,3.0,754.771,,,,,69888.992564,69889.191404,69889.869793,69889.869793,69889.869805
1789036431.9718,timeline,3,-1,21672,2.0,0.0,3.0,865.555,,,,,69889.10337,69889.192595,69889.887677,69889.887677,69889.887689
1789036432.1648,timeline,0,-1,21669,3.0,0.0,4.0,0.157,,,,,69889.852973,69890.057946,69890.080724,69890.080724,69890.080741
1789036432.1099,timeline,2,-1,21671,3.0,0.0,4.0,0.097,,,,,69889.870217,69890.004529,69890.025803,69890.025803,69890.025816
1789036432.1098,timeline,3,-1,21672,3.0,0.0,4.0,0.093,,,,,69889.888111,69890.004926,69890.025745,69890.025745,69890.025759
1789036432.1105,timeline,1,-1,21670,3.0,0.0,4.0,0.131,,,,,69889.888905,69890.004752,69890.02643,69890.02643,69890.026447
1789036433.7634,timeline,0,-1,21669,4.0,0.0,5.0,0.147,,,,,69890.081183,69891.657414,69891.679342,69891.679342,69891.679361
1789036433.7594,timeline,1,-1,21670,4.0,0.0,5.0,560.384,,,,,69890.587064,69891.653873,69891.675355,69891.675355,69891.675371
1789036433.7585,timeline,3,-1,21672,4.0,0.0,5.0,1525.354,,,,,69891.551461,69891.652887,69891.67438,69891.67438,69891.674393
1789036433.7651,timeline,2,-1,21671,4.0,0.0,5.0,1539.292,,,,,69891.565305,69891.658904,69891.681006,69891.681006,69891.681029
1789036434.2787,timeline,3,-1,21672,5.0,0.0,6.0,0.089,,,,,69891.67472,69891.931723,69892.194627,69892.194627,69892.19464
1789036434.2706,timeline,1,-1,21670,5.0,0.0,6.0,0.101,,,,,69891.675763,69891.884861,69892.186558,69892.186558,69892.18657
1789036434.218,timeline,0,-1,21669,5.0,0.0,6.0,0.165,,,,,69891.679884,69891.830009,69892.133957,69892.133957,69892.13397
1789036434.2906,timeline,2,-1,21671,5.0,0.0,6.0,0.128,,,,,69891.681487,69891.93235,69892.206487,69892.206487,69892.206499
1789036436.4991,timeline,0,-1,21669,6.0,0.0,7.0,0.188,,,,,69892.134559,69894.394049,69894.415044,69894.415044,69894.415059
1789036436.498,timeline,1,-1,21670,6.0,0.0,7.0,839.677,,,,,69893.026432,69894.391117,69894.413865,69894.413865,69894.413886
1789036436.4953,timeline,2,-1,21671,6.0,0.0,7.0,2034.207,,,,,69894.240934,69894.389694,69894.411257,69894.411257,69894.411274
1789036436.4946,timeline,3,-1,21672,6.0,0.0,7.0,2105.947,,,,,69894.300832,69894.389536,69894.41052,69894.41052,69894.410536
1789036436.6672,timeline,3,-1,21672,7.0,0.0,8.0,0.1,,,,,69894.410915,69894.563283,69894.58316,69894.58316,69894.583172
1789036436.6688,timeline,2,-1,21671,7.0,0.0,8.0,0.11,,,,,69894.411665,69894.563761,69894.58474,69894.58474,69894.584758
1789036436.6949,timeline,1,-1,21670,7.0,0.0,8.0,0.169,,,,,69894.4146,69894.565513,69894.610834,69894.610834,69894.61085
1789036436.6695,timeline,0,-1,21669,7.0,0.0,8.0,0.161,,,,,69894.415626,69894.563613,69894.585455,69894.585455,69894.585469
1789036439.3703,timeline,0,-1,21669,8.0,0.0,9.0,0.145,,,,,69894.585905,69897.021449,69897.286177,69897.286177,69897.286209
1789036439.3893,timeline,1,-1,21670,8.0,0.0,9.0,615.488,,,,,69895.226551,69897.023573,69897.305214,69897.305214,69897.305226
1789036439.3732,timeline,2,-1,21671,8.0,0.0,9.0,1868.801,,,,,69896.453812,69897.021161,69897.289114,69897.289114,69897.289131
1789036439.3571,timeline,3,-1,21672,8.0,0.0,9.0,2332.949,,,,,69896.916497,69897.021303,69897.273017,69897.273017,69897.273032
1789036439.5075,timeline,3,-1,21672,9.0,0.0,10.0,0.084,,,,,69897.273279,69897.399954,69897.423435,69897.423435,69897.423453
1789036439.501,timeline,0,-1,21669,9.0,0.0,10.0,0.315,,,,,69897.287203,69897.394776,69897.416913,69897.416913,69897.416929
1789036439.4991,timeline,2,-1,21671,9.0,0.0,10.0,0.115,,,,,69897.289417,69897.393746,69897.414979,69897.414979,69897.414993
1789036439.5007,timeline,1,-1,21670,9.0,0.0,10.0,0.383,,,,,69897.305785,69897.394196,69897.416576,69897.416576,69897.41659
1789036441.4083,timeline,1,-1,21670,10.0,0.0,11.0,0.117,,,,,69897.416981,69899.299822,69899.324154,69899.324154,69899.324179
1789036441.4026,timeline,0,-1,21669,10.0,0.0,11.0,0.17,,,,,69897.417374,69899.297132,69899.318474,69899.318474,69899.318489
1789036441.4059,timeline,2,-1,21671,10.0,0.0,11.0,900.593,,,,,69898.315815,69899.299269,69899.321767,69899.321767,69899.321857
1789036441.4005,timeline,3,-1,21672,10.0,0.0,11.0,1783.248,,,,,69899.207155,69899.295541,69899.316429,69899.316429,69899.316442
1789036441.837,timeline,3,-1,21672,11.0,0.0,12.0,0.096,,,,,69899.316835,69899.473497,69899.752944,69899.752944,69899.752956
1789036441.8402,timeline,0,-1,21669,11.0,0.0,12.0,0.149,,,,,69899.319072,69899.472114,69899.756138,69899.756138,69899.756148
1789036441.8308,timeline,2,-1,21671,11.0,0.0,12.0,0.149,,,,,69899.32244,69899.473423,69899.746668,69899.746668,69899.74668
1789036441.8428,timeline,1,-1,21670,11.0,0.0,12.0,0.153,,,,,69899.32468,69899.475527,69899.75876,69899.75876,69899.758775
1789036444.0203,timeline,0,-1,21669,12.0,0.0,13.0,0.132,,,,,69899.756571,69901.915224,69901.936188,69901.936188,69901.936205
1789036444.0188,timeline,1,-1,21670,12.0,0.0,13.0,0.16,,,,,69899.75912,69901.914986,69901.934663,69901.934663,69901.934678
1789036444.0174,timeline,2,-1,21671,12.0,0.0,13.0,804.647,,,,,69900.55157,69901.912162,69901.93335,69901.93335,69901.933366
1789036444.0199,timeline,3,-1,21672,12.0,0.0,13.0,2071.599,,,,,69901.824878,69901.913317,69901.935822,69901.935822,69901.935836
1789036444.1914,timeline,2,-1,21671,13.0,0.0,14.0,0.099,,,,,69901.933759,69902.087235,69902.107319,69902.107319,69902.107334
1789036444.1929,timeline,1,-1,21670,13.0,0.0,14.0,0.094,,,,,69901.935068,69902.088244,69902.108827,69902.108827,69902.108844
1789036444.1908,timeline,3,-1,21672,13.0,0.0,14.0,0.105,,,,,69901.936204,69902.086379,69902.106737,69902.106737,69902.106756
1789036444.1926,timeline,0,-1,21669,13.0,0.0,14.0,0.157,,,,,69901.936685,69902.086881,69902.108525,69902.108525,69902.108541
1789036446.8002,timeline,0,-1,21669,14.0,0.0,15.0,0.238,,,,,69902.108972,69904.377161,69904.716101,69904.716101,69904.716127
1789036446.7494,timeline,1,-1,21670,14.0,0.0,15.0,0.122,,,,,69902.109116,69904.377478,69904.665281,69904.665281,69904.665292
1789036446.733,timeline,2,-1,21671,14.0,0.0,15.0,542.214,,,,,69902.649753,69904.376717,69904.64894,69904.64894,69904.648953
1789036446.7489,timeline,3,-1,21672,14.0,0.0,15.0,2180.831,,,,,69904.287874,69904.382588,69904.66476,69904.66476,69904.664779
1789036446.9086,timeline,2,-1,21671,15.0,0.0,16.0,0.093,,,,,69904.649333,69904.803776,69904.824555,69904.824555,69904.824574
1789036446.9127,timeline,3,-1,21672,15.0,0.0,16.0,0.159,,,,,69904.665413,69904.803908,69904.828577,69904.828577,69904.828594
1789036446.9089,timeline,1,-1,21670,15.0,0.0,16.0,0.083,,,,,69904.665526,69904.804053,69904.824843,69904.824843,69904.824855
1789036446.9106,timeline,0,-1,21669,15.0,0.0,16.0,0.259,,,,,69904.716959,69904.804585,69904.826468,69904.826468,69904.826486
1789036448.9727,timeline,1,-1,21670,16.0,0.0,17.0,0.128,,,,,69904.825259,69906.868123,69906.888598,69906.888598,69906.88862
1789036448.9808,timeline,0,-1,21669,16.0,0.0,17.0,0.19,,,,,69904.827045,69906.873696,69906.896711,69906.896711,69906.896739
1789036448.974,timeline,2,-1,21671,16.0,0.0,17.0,383.241,,,,,69905.208076,69906.867986,69906.889947,69906.889947,69906.889965
1789036448.9766,timeline,3,-1,21672,16.0,0.0,17.0,1943.946,,,,,69906.772878,69906.868385,69906.892487,69906.892487,69906.892508
1789036449.3976,timeline,1,-1,21670,17.0,0.0,18.0,0.136,,,,,69906.889146,69907.045201,69907.313487,69907.313487,69907.313498
1789036449.3908,timeline,2,-1,21671,17.0,0.0,18.0,0.13,,,,,69906.890276,69907.047293,69907.306727,69907.306727,69907.30674
1789036449.4128,timeline,3,-1,21672,17.0,0.0,18.0,0.16,,,,,69906.893072,69907.047711,69907.328739,69907.328739,69907.328764
1789036449.4104,timeline,0,-1,21669,17.0,0.0,18.0,0.229,,,,,69906.897439,69907.044908,69907.326338,69907.326338,69907.326355
1789036451.3107,timeline,1,-1,21670,18.0,0.0,19.0,0.127,,,,,69907.313993,69909.205231,69909.226613,69909.226613,69909.22663
1789036451.3177,timeline,0,-1,21669,18.0,0.0,19.0,0.452,,,,,69907.327008,69909.21068,69909.233504,69909.233504,69909.233586
1789036451.3105,timeline,2,-1,21671,18.0,0.0,19.0,335.136,,,,,69907.64211,69909.205034,69909.226436,69909.226436,69909.226452
1789036451.3122,timeline,3,-1,21672,18.0,0.0,19.0,1767.341,,,,,69909.096409,69909.20552,69909.228154,69909.228154,69909.228172
1789036451.4859,timeline,2,-1,21671,19.0,0.0,20.0,0.114,,,,,69909.226727,69909.381476,69909.401851,69909.401851,69909.401868
1789036451.4862,timeline,1,-1,21670,19.0,0.0,20.0,0.124,,,,,69909.227084,69909.381342,69909.402068,69909.402068,69909.402085
1789036451.4874,timeline,3,-1,21672,19.0,0.0,20.0,0.13,,,,,69909.228616,69909.381864,69909.403352,69909.403352,69909.403368
1789036451.4888,timeline,0,-1,21669,19.0,0.0,20.0,0.284,,,,,69909.234421,69909.38227,69909.40471,69909.40471,69909.404731
1789036453.7323,timeline,1,-1,21670,20.0,0.0,21.0,0.134,,,,,69909.402564,69911.301757,69911.640858,69911.640858,69911.648209
1789036453.7365,timeline,0,-1,21669,20.0,0.0,21.0,0.367,,,,,69909.405522,69911.301897,69911.642687,69911.642687,69911.652405
1789036453.7322,timeline,2,-1,21671,20.0,0.0,21.0,305.763,,,,,69909.707854,69911.301414,69911.638378,69911.638378,69911.648147
1789036453.7326,timeline,3,-1,21672,20.0,0.0,21.0,1795.197,,,,,69911.199,69911.307823,69911.639464,69911.639464,69911.648493
1789036453.847,timeline,2,-1,21671,21.0,0.0,22.0,0.124,,,,,69911.648574,69911.740659,69911.762952,69911.762952,69911.762974
1789036453.8455,timeline,1,-1,21670,21.0,0.0,22.0,0.113,,,,,69911.6486,69911.739582,69911.761368,69911.761368,69911.761381
1789036453.8481,timeline,3,-1,21672,21.0,0.0,22.0,0.134,,,,,69911.648971,69911.741405,69911.763977,69911.763977,69911.763997
1789036453.8491,timeline,0,-1,21669,21.0,0.0,22.0,0.205,,,,,69911.653089,69911.74049,69911.765007,69911.765007,69911.765024
1789036455.5752,timeline,1,-1,21670,22.0,0.0,23.0,0.102,,,,,69911.761786,69913.469546,69913.491112,69913.491112,69913.49113
1789036455.5734,timeline,0,-1,21669,22.0,0.0,23.0,0.149,,,,,69911.765336,69913.468482,69913.489277,69913.489277,69913.489295
1789036455.5734,timeline,2,-1,21671,22.0,0.0,23.0,126.419,,,,,69911.889757,69913.468295,69913.489316,69913.489316,69913.489337
1789036455.5749,timeline,3,-1,21672,22.0,0.0,23.0,1614.752,,,,,69913.37902,69913.466299,69913.490802,69913.490802,69913.490817
1789036455.9989,timeline,0,-1,21669,23.0,0.0,24.0,0.154,,,,,69913.489612,69913.640028,69913.914836,69913.914836,69913.914848
1789036455.9872,timeline,2,-1,21671,23.0,0.0,24.0,0.12,,,,,69913.489798,69913.641431,69913.90311,69913.90311,69913.903123
1789036455.9982,timeline,3,-1,21672,23.0,0.0,24.0,0.107,,,,,69913.491254,69913.641834,69913.914109,69913.914109,69913.914123
1789036455.9988,timeline,1,-1,21670,23.0,0.0,24.0,0.124,,,,,69913.491427,69913.641373,69913.914734,69913.914734,69913.914746
1789036457.6957,timeline,1,-1,21670,24.0,0.0,25.0,0.097,,,,,69913.915142,69915.589998,69915.611601,69915.611601,69915.611617
1789036457.6956,timeline,0,-1,21669,24.0,0.0,25.0,0.132,,,,,69913.915297,69915.590177,69915.611488,69915.611488,69915.611504
1789036457.6948,timeline,2,-1,21671,24.0,0.0,25.0,206.857,,,,,69914.110239,69915.589858,69915.610737,69915.610737,69915.610752
1789036457.702,timeline,3,-1,21672,24.0,0.0,25.0,1587.173,,,,,69915.5016,69915.590184,69915.617926,69915.617926,69915.617942
1789036457.8671,timeline,2,-1,21671,25.0,0.0,26.0,0.111,,,,,69915.611011,69915.76199,69915.782976,69915.782976,69915.782995
1789036457.8677,timeline,1,-1,21670,25.0,0.0,26.0,0.104,,,,,69915.611991,69915.762224,69915.783648,69915.783648,69915.78366
1789036457.8692,timeline,0,-1,21669,25.0,0.0,26.0,0.184,,,,,69915.612106,69915.762741,69915.785079,69915.785079,69915.785106
1789036457.8697,timeline,3,-1,21672,25.0,0.0,26.0,0.122,,,,,69915.618734,69915.763644,69915.785623,69915.785623,69915.785649
1789036460.5818,timeline,1,-1,21670,26.0,0.0,27.0,0.109,,,,,69915.784048,69918.244051,69918.497729,69918.497729,69918.497742
1789036460.6093,timeline,0,-1,21669,26.0,0.0,27.0,0.208,,,,,69915.785725,69918.247661,69918.525166,69918.525166,69918.525181
1789036460.5864,timeline,2,-1,21671,26.0,0.0,27.0,515.37,,,,,69916.298589,69918.245871,69918.502352,69918.502352,69918.502367
1789036460.6,timeline,3,-1,21672,26.0,0.0,27.0,2370.927,,,,,69918.156899,69918.245052,69918.515918,69918.515918,69918.515932
1789036460.759,timeline,1,-1,21670,27.0,0.0,28.0,0.088,,,,,69918.498152,69918.65518,69918.674896,69918.674896,69918.674907
1789036460.7615,timeline,2,-1,21671,27.0,0.0,28.0,0.097,,,,,69918.50278,69918.656888,69918.677437,69918.677437,69918.677451
1789036460.7627,timeline,3,-1,21672,27.0,0.0,28.0,0.151,,,,,69918.516773,69918.655456,69918.678606,69918.678606,69918.678653
1789036460.7611,timeline,0,-1,21669,27.0,0.0,28.0,0.322,,,,,69918.526125,69918.655412,69918.67704,69918.67704,69918.677059
1789036462.6391,timeline,1,-1,21670,28.0,0.0,29.0,0.103,,,,,69918.675146,69920.535675,69920.554976,69920.554976,69920.55499
1789036462.6426,timeline,0,-1,21669,28.0,0.0,29.0,0.129,,,,,69918.677504,69920.536033,69920.558552,69920.558552,69920.55857
1789036462.6417,timeline,2,-1,21671,28.0,0.0,29.0,0.106,,,,,69918.677798,69920.535985,69920.557632,69920.557632,69920.557649
1789036462.648,timeline,3,-1,21672,28.0,0.0,29.0,1740.49,,,,,69920.419553,69920.54188,69920.563877,69920.563877,69920.563893
1789036463.0865,timeline,1,-1,21670,29.0,0.0,30.0,0.099,,,,,69920.555335,69920.720183,69921.002369,69921.002369,69921.002381
1789036463.0922,timeline,2,-1,21671,29.0,0.0,30.0,0.116,,,,,69920.558064,69920.720079,69921.008115,69921.008115,69921.008129
1789036463.1056,timeline,0,-1,21669,29.0,0.0,30.0,0.176,,,,,69920.559056,69920.726062,69921.021479,69921.021479,69921.021498
1789036463.0843,timeline,3,-1,21672,29.0,0.0,30.0,0.158,,,,,69920.564239,69920.720548,69921.000242,69921.000242,69921.000256
1789036464.844,timeline,1,-1,21670,30.0,0.0,31.0,0.083,,,,,69921.002729,69922.738471,69922.759917,69922.759917,69922.759932
1789036464.8454,timeline,2,-1,21671,30.0,0.0,31.0,0.108,,,,,69921.00851,69922.738892,69922.761277,69922.761277,69922.761302
1789036464.8478,timeline,0,-1,21669,30.0,0.0,31.0,0.193,,,,,69921.022303,69922.739106,69922.763677,69922.763677,69922.763705
1789036464.8506,timeline,3,-1,21672,30.0,0.0,31.0,1647.189,,,,,69922.647747,69922.74448,69922.766476,69922.766476,69922.766499
1789036465.0738,timeline,1,-1,21670,31.0,0.0,32.0,0.106,,,,,69922.760214,69922.968604,69922.989743,69922.989743,69922.989761
1789036465.0741,timeline,2,-1,21671,31.0,0.0,32.0,0.135,,,,,69922.761626,69922.969427,69922.989993,69922.989993,69922.990008
1789036465.0804,timeline,0,-1,21669,31.0,0.0,32.0,0.229,,,,,69922.764274,69922.973533,69922.996298,69922.996298,69922.996325
1789036465.0775,timeline,3,-1,21672,31.0,0.0,32.0,115.568,,,,,69922.882334,69922.970193,69922.993454,69922.993454,69922.993469
1789036467.702,timeline,1,-1,21670,32.0,0.0,33.0,0.114,,,,,69922.990158,69925.364998,69925.617907,69925.617907,69925.617922
1789036467.7426,timeline,0,-1,21669,32.0,0.0,33.0,0.233,,,,,69922.997091,69925.365515,69925.658487,69925.658487,69925.6585
1789036467.714,timeline,2,-1,21671,32.0,0.0,33.0,875.108,,,,,69923.865338,69925.365037,69925.62993,69925.62993,69925.629943
1789036467.6949,timeline,3,-1,21672,32.0,0.0,33.0,2283.509,,,,,69925.277198,69925.365174,69925.610796,69925.610796,69925.61081
1789036468.1213,timeline,1,-1,21670,33.0,0.0,34.0,0.154,,,,,69925.618255,69926.017323,69926.037163,69926.037163,69926.037178
1789036468.122,timeline,2,-1,21671,33.0,0.0,34.0,0.094,,,,,69925.630327,69926.016929,69926.0379,69926.0379,69926.037915
1789036468.1257,timeline,0,-1,21669,33.0,0.0,34.0,0.145,,,,,69925.659142,69926.020094,69926.041605,69926.041605,69926.041621
1789036468.1228,timeline,3,-1,21672,33.0,0.0,34.0,318.827,,,,,69925.930003,69926.018944,69926.038693,69926.038693,69926.038708
1789036469.7965,timeline,1,-1,21670,34.0,0.0,35.0,0.103,,,,,69926.037422,69927.692088,69927.71238,69927.71238,69927.712399
1789036469.7992,timeline,0,-1,21669,34.0,0.0,35.0,0.159,,,,,69926.042147,69927.692626,69927.71515,69927.71515,69927.715172
1789036469.7991,timeline,2,-1,21671,34.0,0.0,35.0,341.14,,,,,69926.379253,69927.69434,69927.71503,69927.71503,69927.715048
1789036469.7967,timeline,3,-1,21672,34.0,0.0,35.0,1565.251,,,,,69927.604185,69927.691623,69927.712573,69927.712573,69927.71259
1789036470.8111,timeline,1,-1,21670,35.0,0.0,36.0,0.113,,,,,69927.712791,69928.48216,69928.726991,69928.726991,69928.727005
1789036470.8435,timeline,0,-1,21669,35.0,0.0,36.0,0.297,,,,,69927.715919,69928.486778,69928.75931,69928.75931,69928.759363
1789036470.8238,timeline,2,-1,21671,35.0,0.0,36.0,92.653,,,,,69927.8084,69928.482594,69928.739698,69928.739698,69928.739713
1789036470.8165,timeline,3,-1,21672,35.0,0.0,36.0,677.304,,,,,69928.390133,69928.484082,69928.732376,69928.732376,69928.732389
1789036471.9832,timeline,1,-1,21670,36.0,0.0,37.0,0.1,,,,,69928.727401,69929.879324,69929.899114,69929.899114,69929.899128
1789036471.9844,timeline,2,-1,21671,36.0,0.0,37.0,0.086,,,,,69928.739949,69929.879194,69929.900354,69929.900354,69929.900371
1789036472.0114,timeline,0,-1,21669,36.0,0.0,37.0,0.65,,,,,69928.760539,69929.905711,69929.927302,69929.927302,69929.927317
1789036471.9909,timeline,3,-1,21672,36.0,0.0,37.0,1049.027,,,,,69929.781659,69929.88559,69929.906789,69929.906789,69929.906821
1789036472.8939,timeline,1,-1,21670,37.0,0.0,38.0,0.093,,,,,69929.899481,69930.790617,69930.809838,69930.809838,69930.809852
1789036472.8971,timeline,0,-1,21669,37.0,0.0,38.0,0.172,,,,,69929.927865,69930.791154,69930.813012,69930.813012,69930.813027
1789036472.8951,timeline,2,-1,21671,37.0,0.0,38.0,248.216,,,,,69930.148994,69930.790417,69930.81105,69930.81105,69930.811067
1789036472.8973,timeline,3,-1,21672,37.0,0.0,38.0,796.037,,,,,69930.703122,69930.790761,69930.813243,69930.813243,69930.813262
1789036474.4159,timeline,1,-1,21670,38.0,0.0,39.0,0.093,,,,,69930.810179,69932.091588,69932.331793,69932.331793,69932.331803
1789036474.4383,timeline,2,-1,21671,38.0,0.0,39.0,0.108,,,,,69930.811451,69932.091983,69932.354239,69932.354239,69932.354255
1789036474.523,timeline,0,-1,21669,38.0,0.0,39.0,0.151,,,,,69930.813575,69932.094661,69932.438965,69932.438965,69932.438976
1789036474.4685,timeline,3,-1,21672,38.0,0.0,39.0,1191.445,,,,,69932.004944,69932.093939,69932.384382,69932.384382,69932.384398
1789036475.411,timeline,1,-1,21670,39.0,0.0,40.0,0.214,,,,,69932.332168,69933.305827,69933.326884,69933.326884,69933.326899
1789036475.4137,timeline,0,-1,21669,39.0,0.0,40.0,0.144,,,,,69932.43959,69933.308556,69933.329585,69933.329585,69933.329602
1789036475.4124,timeline,2,-1,21671,39.0,0.0,40.0,410.769,,,,,69932.765517,69933.306426,69933.328276,69933.328276,69933.328297
1789036475.4111,timeline,3,-1,21672,39.0,0.0,40.0,833.139,,,,,69933.217787,69933.305422,69933.32705,69933.32705,69933.327067
1789036476.7958,timeline,1,-1,21670,40.0,0.0,41.0,0.102,,,,,69933.327268,69934.61392,69934.70612,69934.70612,69934.71177
1789036476.7958,timeline,2,-1,21671,40.0,0.0,41.0,0.147,,,,,69933.328818,69934.615598,69934.706143,69934.706143,69934.711764
1789036476.7999,timeline,0,-1,21669,40.0,0.0,41.0,0.159,,,,,69933.330098,69934.616064,69934.706113,69934.706113,69934.715806
1789036476.7959,timeline,3,-1,21672,40.0,0.0,41.0,1197.916,,,,,69934.525225,69934.615446,69934.706118,69934.706118,69934.711812
1789036477.9653,timeline,1,-1,21670,41.0,0.0,42.0,0.103,,,,,69934.712141,69935.617847,69935.881192,69935.881192,69935.881205
1789036478.0099,timeline,2,-1,21671,41.0,0.0,42.0,0.112,,,,,69934.712163,69935.621275,69935.925841,69935.925841,69935.925853
1789036478.0246,timeline,0,-1,21669,41.0,0.0,42.0,0.182,,,,,69934.716136,69935.622323,69935.940533,69935.940533,69935.940571
1789036477.9547,timeline,3,-1,21672,41.0,0.0,42.0,815.186,,,,,69935.52725,69935.619042,69935.870595,69935.870595,69935.870607
1789036479.5158,timeline,1,-1,21670,42.0,0.0,43.0,0.093,,,,,69935.881557,69937.411834,69937.431756,69937.431756,69937.43177
1789036479.5176,timeline,2,-1,21671,42.0,0.0,43.0,0.095,,,,,69935.926237,69937.412309,69937.433489,69937.433489,69937.433505
1789036479.5177,timeline,0,-1,21669,42.0,0.0,43.0,0.231,,,,,69935.941003,69937.412385,69937.433579,69937.433579,69937.433599
1789036479.518,timeline,3,-1,21672,42.0,0.0,43.0,1441.689,,,,,69937.312539,69937.413076,69937.433934,69937.433934,69937.433953
1789036479.6923,timeline,1,-1,21670,43.0,0.0,44.0,0.243,,,,,69937.432346,69937.588894,69937.608212,69937.608212,69937.608225
1789036479.6963,timeline,2,-1,21671,43.0,0.0,44.0,0.152,,,,,69937.433993,69937.591794,69937.612223,69937.612223,69937.612237
1789036479.6985,timeline,0,-1,21669,43.0,0.0,44.0,0.201,,,,,69937.434357,69937.594217,69937.614387,69937.614387,69937.614399
1789036479.6947,timeline,3,-1,21672,43.0,0.0,44.0,0.117,,,,,69937.43438,69937.589474,69937.610582,69937.610582,69937.610596
1789036482.1811,timeline,1,-1,21670,44.0,0.0,45.0,0.1,,,,,69937.608552,69939.849179,69940.097005,69940.097005,69940.097022
1789036482.2884,timeline,0,-1,21669,44.0,0.0,45.0,0.149,,,,,69937.614911,69939.85404,69940.204283,69940.204283,69940.204295
1789036482.24,timeline,2,-1,21671,44.0,0.0,45.0,342.285,,,,,69937.954732,69939.854183,69940.155918,69940.155918,69940.155935
1789036482.2302,timeline,3,-1,21672,44.0,0.0,45.0,2145.867,,,,,69939.756694,69939.849202,69940.146099,69940.146099,69940.14611
1789036482.3955,timeline,1,-1,21670,45.0,0.0,46.0,0.093,,,,,69940.09728,69940.292031,69940.311366,69940.311366,69940.311379
1789036482.3969,timeline,2,-1,21671,45.0,0.0,46.0,0.116,,,,,69940.156235,69940.291938,69940.312774,69940.312774,69940.312788
1789036482.3967,timeline,0,-1,21669,45.0,0.0,46.0,0.134,,,,,69940.204764,69940.292533,69940.312652,69940.312652,69940.312666
1789036482.3973,timeline,3,-1,21672,45.0,0.0,46.0,58.553,,,,,69940.204849,69940.29254,69940.313242,69940.313242,69940.313254
1789036484.2227,timeline,1,-1,21670,46.0,0.0,47.0,0.099,,,,,69940.311712,69942.118985,69942.13863,69942.13863,69942.138648
1789036484.2361,timeline,0,-1,21669,46.0,0.0,47.0,0.133,,,,,69940.313067,69942.124379,69942.151973,69942.151973,69942.152024
1789036484.2269,timeline,2,-1,21671,46.0,0.0,47.0,0.107,,,,,69940.313153,69942.120499,69942.142749,69942.142749,69942.142774
1789036484.2249,timeline,3,-1,21672,46.0,0.0,47.0,1716.064,,,,,69942.029545,69942.119431,69942.14085,69942.14085,69942.140867
1789036485.4001,timeline,1,-1,21670,47.0,0.0,48.0,0.097,,,,,69942.13902,69943.072189,69943.316014,69943.316014,69943.31603
1789036485.4408,timeline,2,-1,21671,47.0,0.0,48.0,0.132,,,,,69942.14325,69943.09242,69943.35675,69943.35675,69943.356765
1789036485.4874,timeline,0,-1,21669,47.0,0.0,48.0,0.501,,,,,69942.152839,69943.074382,69943.403302,69943.403302,69943.403357
1789036485.4056,timeline,3,-1,21672,47.0,0.0,48.0,842.656,,,,,69942.983753,69943.072217,69943.321517,69943.321517,69943.321533
1789036486.3562,timeline,1,-1,21670,48.0,0.0,49.0,0.109,,,,,69943.316485,69944.252466,69944.272156,69944.272156,69944.272169
1789036486.3583,timeline,2,-1,21671,48.0,0.0,49.0,0.133,,,,,69943.357081,69944.252619,69944.274221,69944.274221,69944.274236
1789036486.3623,timeline,0,-1,21669,48.0,0.0,49.0,0.507,,,,,69943.404489,69944.256839,69944.278173,69944.278173,69944.27819
1789036486.3589,timeline,3,-1,21672,48.0,0.0,49.0,841.515,,,,,69944.163512,69944.252875,69944.274851,69944.274851,69944.274866
1789036487.8641,timeline,1,-1,21670,49.0,0.0,50.0,0.097,,,,,69944.272514,69945.760732,69945.780026,69945.780026,69945.780041
1789036487.8667,timeline,2,-1,21671,49.0,0.0,50.0,0.111,,,,,69944.274648,69945.761811,69945.782623,69945.782623,69945.782637
1789036487.8662,timeline,0,-1,21669,49.0,0.0,50.0,0.153,,,,,69944.278747,69945.761519,69945.782088,69945.782088,69945.782104
1789036487.8764,timeline,3,-1,21672,49.0,0.0,50.0,1398.534,,,,,69945.673632,69945.765828,69945.792302,69945.792302,69945.79233
1789036488.292,timeline,1,-1,21670,50.0,0.0,51.0,0.095,,,,,69945.780277,69945.961308,69946.20789,69946.20789,69946.207902
1789036488.3289,timeline,0,-1,21669,50.0,0.0,51.0,0.152,,,,,69945.782413,69945.962869,69946.244852,69946.244852,69946.244874
1789036488.3439,timeline,2,-1,21671,50.0,0.0,51.0,0.108,,,,,69945.783068,69945.961922,69946.259824,69946.259824,69946.259837
1789036488.3695,timeline,3,-1,21672,50.0,0.0,51.0,82.77,,,,,69945.875395,69945.966064,69946.285384,69946.285384,69946.285412
1789036490.9133,timeline,1,-1,21670,51.0,0.0,52.0,0.102,,,,,69946.208259,69948.808949,69948.829215,69948.829215,69948.829229
1789036490.9533,timeline,0,-1,21669,51.0,0.0,52.0,0.207,,,,,69946.245522,69948.813436,69948.869213,69948.869213,69948.869265
1789036490.9432,timeline,2,-1,21671,51.0,0.0,52.0,0.108,,,,,69946.260264,69948.809072,69948.859122,69948.859122,69948.85914
1789036490.9415,timeline,3,-1,21672,51.0,0.0,52.0,2424.604,,,,,69948.710272,69948.834691,69948.85739,69948.85739,69948.857407
1789036491.1131,timeline,1,-1,21670,52.0,0.0,53.0,0.099,,,,,69948.829579,69949.008848,69949.029023,69949.029023,69949.029036
1789036491.1128,timeline,3,-1,21672,52.0,0.0,53.0,0.117,,,,,69948.857814,69949.009017,69949.028729,69949.028729,69949.028743
1789036491.1134,timeline,2,-1,21671,52.0,0.0,53.0,0.119,,,,,69948.859539,69949.008638,69949.029349,69949.029349,69949.029362
1789036491.1195,timeline,0,-1,21669,52.0,0.0,53.0,0.477,,,,,69948.870451,69949.013865,69949.03537,69949.03537,69949.035385
1789036493.9225,timeline,1,-1,21670,53.0,0.0,54.0,0.088,,,,,69949.029248,69951.580817,69951.83841,69951.83841,69951.838421
1789036493.953,timeline,2,-1,21671,53.0,0.0,54.0,0.101,,,,,69949.0296,69951.580731,69951.868869,69951.868869,69951.868886
1789036493.9822,timeline,0,-1,21669,53.0,0.0,54.0,0.143,,,,,69949.03583,69951.586127,69951.89814,69951.89814,69951.898153
1789036493.9598,timeline,3,-1,21672,53.0,0.0,54.0,2458.853,,,,,69951.487817,69951.609959,69951.875697,69951.875697,69951.875709
1789036494.0986,timeline,1,-1,21670,54.0,0.0,55.0,0.083,,,,,69951.838647,69951.986323,69952.014524,69952.014524,69952.014536
1789036494.0897,timeline,2,-1,21671,54.0,0.0,55.0,0.091,,,,,69951.869262,69951.984606,69952.005628,69952.005628,69952.005643
1789036494.0907,timeline,3,-1,21672,54.0,0.0,55.0,0.094,,,,,69951.876126,69951.985973,69952.006614,69952.006614,69952.006627
1789036494.0915,timeline,0,-1,21669,54.0,0.0,55.0,0.164,,,,,69951.898736,69951.984896,69952.007452,69952.007452,69952.007465
1789036495.6461,timeline,2,-1,21671,55.0,0.0,56.0,0.103,,,,,69952.00603,69953.541277,69953.561991,69953.561991,69953.562017
1789036495.6468,timeline,0,-1,21669,55.0,0.0,56.0,0.147,,,,,69952.007938,69953.538644,69953.56274,69953.56274,69953.562758
1789036495.6425,timeline,1,-1,21670,55.0,0.0,56.0,0.095,,,,,69952.014869,69953.538728,69953.558418,69953.558418,69953.558433
1789036495.6459,timeline,3,-1,21672,55.0,0.0,56.0,1443.588,,,,,69953.450439,69953.539297,69953.561825,69953.561825,69953.56184
1789036496.2348,timeline,1,-1,21670,56.0,0.0,57.0,0.095,,,,,69953.558684,69953.894946,69954.150744,69954.150744,69954.150758
1789036496.2594,timeline,2,-1,21671,56.0,0.0,57.0,0.127,,,,,69953.562458,69953.896935,69954.175327,69954.175327,69954.175341
1789036496.2532,timeline,0,-1,21669,56.0,0.0,57.0,0.142,,,,,69953.563164,69953.897504,69954.169109,69954.169109,69954.169125
1789036496.2338,timeline,3,-1,21672,56.0,0.0,57.0,247.04,,,,,69953.809117,69953.897672,69954.149732,69954.149732,69954.149744
1789036498.4454,timeline,1,-1,21670,57.0,0.0,58.0,0.094,,,,,69954.151124,69956.341207,69956.36134,69956.36134,69956.361365
1789036498.4519,timeline,0,-1,21669,57.0,0.0,58.0,0.466,,,,,69954.169891,69956.34425,69956.367702,69956.367702,69956.367791
1789036498.4457,timeline,2,-1,21671,57.0,0.0,58.0,0.128,,,,,69954.175844,69956.340432,69956.361596,69956.361596,69956.361611
1789036498.4448,timeline,3,-1,21672,57.0,0.0,58.0,2101.796,,,,,69956.251864,69956.340111,69956.360758,69956.360758,69956.360772
1789036498.6193,timeline,3,-1,21672,58.0,0.0,59.0,0.091,,,,,69956.361005,69956.514827,69956.535224,69956.535224,69956.53524
1789036498.6237,timeline,2,-1,21671,58.0,0.0,59.0,0.111,,,,,69956.361877,69956.516436,69956.539587,69956.539587,69956.539606
1789036498.6181,timeline,1,-1,21670,58.0,0.0,59.0,0.147,,,,,69956.36192,69956.514586,69956.533996,69956.533996,69956.534009
1789036498.6281,timeline,0,-1,21669,58.0,0.0,59.0,0.554,,,,,69956.368931,69956.519718,69956.544022,69956.544022,69956.544051
1789036500.8613,timeline,1,-1,21670,59.0,0.0,60.0,0.088,,,,,69956.534316,69958.528115,69958.777213,69958.777213,69958.777227
1789036500.8658,timeline,2,-1,21671,59.0,0.0,60.0,0.129,,,,,69956.540072,69958.522365,69958.781699,69958.781699,69958.781713
1789036500.8699,timeline,0,-1,21669,59.0,0.0,60.0,0.261,,,,,69956.544874,69958.522807,69958.785786,69958.785786,69958.785799
1789036500.9109,timeline,3,-1,21672,59.0,0.0,60.0,1896.586,,,,,69958.432096,69958.522592,69958.826812,69958.826812,69958.826828
1789036501.1139,timeline,1,-1,21670,60.0,0.0,61.0,0.108,,,,,69958.777692,69958.926188,69959.023883,69959.023883,69959.029812
1789036501.1139,timeline,2,-1,21671,60.0,0.0,61.0,0.091,,,,,69958.78196,69958.920672,69959.023489,69959.023489,69959.029866
1789036501.1182,timeline,0,-1,21669,60.0,0.0,61.0,0.158,,,,,69958.786648,69958.921317,69959.009059,69959.009059,69959.034138
1789036501.1141,timeline,3,-1,21672,60.0,0.0,61.0,0.1,,,,,69958.827252,69958.920594,69959.009091,69959.009091,69959.030025
1789036503.0566,timeline,1,-1,21670,61.0,0.0,62.0,0.102,,,,,69959.030162,69960.953174,69960.972539,69960.972539,69960.972553
1789036503.0615,timeline,2,-1,21671,61.0,0.0,62.0,0.127,,,,,69959.030276,69960.956351,69960.977443,69960.977443,69960.977462
1789036503.126,timeline,0,-1,21669,61.0,0.0,62.0,0.192,,,,,69959.034624,69960.993845,69961.041952,69961.041952,69961.04197
1789036503.1026,timeline,3,-1,21672,61.0,0.0,62.0,1835.326,,,,,69960.865611,69960.991322,69961.018471,69961.018471,69961.01849
1789036503.4894,timeline,1,-1,21670,62.0,0.0,63.0,0.093,,,,,69960.9729,69961.165044,69961.405323,69961.405323,69961.405334
1789036503.5231,timeline,2,-1,21671,62.0,0.0,63.0,0.111,,,,,69960.977882,69961.167138,69961.439027,69961.439027,69961.439041
1789036503.53,timeline,3,-1,21672,62.0,0.0,63.0,0.166,,,,,69961.018829,69961.165399,69961.445936,69961.445936,69961.445952
1789036503.5192,timeline,0,-1,21669,62.0,0.0,63.0,0.171,,,,,69961.042803,69961.167161,69961.435068,69961.435068,69961.435079
1789036505.9064,timeline,1,-1,21670,63.0,0.0,64.0,0.076,,,,,69961.405636,69963.802789,69963.822289,69963.822289,69963.822302
1789036505.9072,timeline,0,-1,21669,63.0,0.0,64.0,0.289,,,,,69961.435581,69963.798355,69963.823017,69963.823017,69963.823132
1789036505.9066,timeline,2,-1,21671,63.0,0.0,64.0,0.082,,,,,69961.439399,69963.801568,69963.822515,69963.822515,69963.822536
1789036505.9028,timeline,3,-1,21672,63.0,0.0,64.0,2236.273,,,,,69963.682809,69963.797069,69963.818726,69963.818726,69963.818739
1789036506.0779,timeline,3,-1,21672,64.0,0.0,65.0,0.094,,,,,69963.819124,69963.973356,69963.993835,69963.993835,69963.993848
1789036506.0844,timeline,1,-1,21670,64.0,0.0,65.0,0.099,,,,,69963.822641,69963.972097,69964.000286,69964.000286,69964.000299
1789036506.0782,timeline,2,-1,21671,64.0,0.0,65.0,0.114,,,,,69963.822813,69963.973404,69963.994109,69963.994109,69963.994127
1789036506.081,timeline,0,-1,21669,64.0,0.0,65.0,0.595,,,,,69963.824808,69963.975199,69963.996926,69963.996926,69963.996948
1789036507.9743,timeline,2,-1,21671,65.0,0.0,66.0,0.126,,,,,69963.994579,69965.633383,69965.890169,69965.890169,69965.890182
1789036508.0013,timeline,0,-1,21669,65.0,0.0,66.0,0.161,,,,,69963.997315,69965.634353,69965.917234,69965.917234,69965.91725
1789036507.9729,timeline,1,-1,21670,65.0,0.0,66.0,0.079,,,,,69964.000657,69965.633491,69965.888771,69965.888771,69965.888784
1789036507.9847,timeline,3,-1,21672,65.0,0.0,66.0,1550.451,,,,,69965.544531,69965.633619,69965.900604,69965.900604,69965.900616
1789036508.8149,timeline,1,-1,21670,66.0,0.0,67.0,0.088,,,,,69965.889141,69966.709604,69966.730847,69966.730847,69966.730865
1789036508.8201,timeline,2,-1,21671,66.0,0.0,67.0,0.11,,,,,69965.89047,69966.713254,69966.735974,69966.735974,69966.735995
1789036508.8209,timeline,0,-1,21669,66.0,0.0,67.0,0.179,,,,,69965.917827,69966.713626,69966.736816,69966.736816,69966.736833
1789036508.8134,timeline,3,-1,21672,66.0,0.0,67.0,720.561,,,,,69966.621408,69966.708436,69966.729298,69966.729298,69966.729313
1789036510.1273,timeline,1,-1,21670,67.0,0.0,68.0,0.105,,,,,69966.731246,69968.022202,69968.04318,69968.04318,69968.043195
1789036510.124,timeline,2,-1,21671,67.0,0.0,68.0,0.121,,,,,69966.736312,69968.018227,69968.039867,69968.039867,69968.039894
1789036510.1282,timeline,0,-1,21669,67.0,0.0,68.0,0.152,,,,,69966.737357,69968.019874,69968.04414,69968.04414,69968.04417
1789036510.1265,timeline,3,-1,21672,67.0,0.0,68.0,1201.234,,,,,69967.930783,69968.019549,69968.04236,69968.04236,69968.042376
1789036511.6424,timeline,2,-1,21671,68.0,0.0,69.0,0.14,,,,,69968.040201,69969.256281,69969.558344,69969.558344,69969.558359
1789036511.6416,timeline,1,-1,21670,68.0,0.0,69.0,0.111,,,,,69968.043583,69969.254925,69969.557498,69969.557498,69969.557509
1789036511.6238,timeline,0,-1,21669,68.0,0.0,69.0,0.23,,,,,69968.044867,69969.257901,69969.539734,69969.539734,69969.539758
1789036511.6013,timeline,3,-1,21672,68.0,0.0,69.0,1124.522,,,,,69969.16715,69969.254824,69969.517253,69969.517253,69969.517266
1789036511.9006,timeline,0,-1,21669,69.0,0.0,70.0,0.247,,,,,69969.540712,69969.793984,69969.816519,69969.816519,69969.816543
1789036511.8973,timeline,1,-1,21670,69.0,0.0,70.0,0.069,,,,,69969.557844,69969.792391,69969.813181,69969.813181,69969.813197
1789036511.8971,timeline,2,-1,21671,69.0,0.0,70.0,0.134,,,,,69969.558868,69969.791243,69969.812991,69969.812991,69969.813008
1789036511.8959,timeline,3,-1,21672,69.0,0.0,70.0,185.775,,,,,69969.703697,69969.790809,69969.811818,69969.811818,69969.811838
1789036513.3163,timeline,1,-1,21670,70.0,0.0,71.0,0.105,,,,,69969.81344,69971.2114,69971.232162,69971.232162,69971.232183
1789036513.3153,timeline,2,-1,21671,70.0,0.0,71.0,0.111,,,,,69969.813493,69971.210742,69971.231237,69971.231237,69971.231255
1789036513.3156,timeline,0,-1,21669,70.0,0.0,71.0,0.216,,,,,69969.817289,69971.210779,69971.231499,69971.231499,69971.231521
1789036513.3138,timeline,3,-1,21672,70.0,0.0,71.0,1309.363,,,,,69971.12144,69971.209155,69971.229722,69971.229722,69971.229735
1789036514.9484,timeline,2,-1,21671,71.0,0.0,72.0,0.118,,,,,69971.23172,69972.61273,69972.864303,69972.864303,69972.864318
1789036514.9696,timeline,0,-1,21669,71.0,0.0,72.0,0.261,,,,,69971.232334,69972.613749,69972.885542,69972.885542,69972.885555
1789036514.9362,timeline,1,-1,21670,71.0,0.0,72.0,0.101,,,,,69971.232563,69972.613724,69972.852147,69972.852147,69972.852158
1789036514.9496,timeline,3,-1,21672,71.0,0.0,72.0,1295.269,,,,,69972.525309,69972.613513,69972.865552,69972.865552,69972.865564
1789036515.8176,timeline,1,-1,21670,72.0,0.0,73.0,0.085,,,,,69972.852527,69973.702955,69973.733493,69973.733493,69973.733509
1789036515.8081,timeline,2,-1,21671,72.0,0.0,73.0,0.11,,,,,69972.864769,69973.702787,69973.723973,69973.723973,69973.723989
1789036515.8137,timeline,0,-1,21669,72.0,0.0,73.0,0.148,,,,,69972.886018,69973.706686,69973.729613,69973.729613,69973.729635
1789036515.8147,timeline,3,-1,21672,72.0,0.0,73.0,747.044,,,,,69973.613069,69973.708653,69973.730621,69973.730621,69973.730634
1789036517.4748,timeline,2,-1,21671,73.0,0.0,74.0,0.111,,,,,69973.724283,69975.369154,69975.390695,69975.390695,69975.390712
1789036517.4765,timeline,0,-1,21669,73.0,0.0,74.0,0.214,,,,,69973.730189,69975.370854,69975.392452,69975.392452,69975.392471
1789036517.475,timeline,1,-1,21670,73.0,0.0,74.0,0.105,,,,,69973.733897,69975.367959,69975.39088,69975.39088,69975.390899
1789036517.4801,timeline,3,-1,21672,73.0,0.0,74.0,1549.461,,,,,69975.280828,69975.372223,69975.396034,69975.396034,69975.396051
1789036517.8823,timeline,2,-1,21671,74.0,0.0,75.0,0.112,,,,,69975.391189,69975.545076,69975.798251,69975.798251,69975.798265
1789036517.8731,timeline,1,-1,21670,74.0,0.0,75.0,0.122,,,,,69975.391313,69975.544654,69975.789045,69975.789045,69975.78906
1789036517.9001,timeline,0,-1,21669,74.0,0.0,75.0,0.178,,,,,69975.39306,69975.54544,69975.815988,69975.815988,69975.816015
1789036517.8998,timeline,3,-1,21672,74.0,0.0,75.0,59.628,,,,,69975.455884,69975.545364,69975.815683,69975.815683,69975.815695
1789036519.1596,timeline,1,-1,21670,75.0,0.0,76.0,0.087,,,,,69975.789458,69977.054018,69977.075516,69977.075516,69977.075532
1789036519.1602,timeline,2,-1,21671,75.0,0.0,76.0,0.088,,,,,69975.798765,69977.055272,69977.076155,69977.076155,69977.076171
1789036519.1612,timeline,0,-1,21669,75.0,0.0,76.0,0.189,,,,,69975.81664,69977.05706,69977.077076,69977.077076,69977.077105
1789036519.1601,timeline,3,-1,21672,75.0,0.0,76.0,1150.335,,,,,69976.966251,69977.055292,69977.075966,69977.075966,69977.075979
1789036520.3687,timeline,1,-1,21670,76.0,0.0,77.0,0.111,,,,,69977.075914,69978.263311,69978.28465,69978.28465,69978.284666
1789036520.3801,timeline,2,-1,21671,76.0,0.0,77.0,0.106,,,,,69977.076566,69978.263445,69978.295982,69978.295982,69978.296
1789036520.375,timeline,0,-1,21669,76.0,0.0,77.0,0.218,,,,,69977.077938,69978.26804,69978.290857,69978.290857,69978.290879
1789036520.3679,timeline,3,-1,21672,76.0,0.0,77.0,1099.278,,,,,69978.175492,69978.262677,69978.283766,69978.283766,69978.283784
1789036522.0271,timeline,1,-1,21670,77.0,0.0,78.0,0.113,,,,,69978.285045,69979.698759,69979.943061,69979.943061,69979.943076
1789036522.0406,timeline,0,-1,21669,77.0,0.0,78.0,0.189,,,,,69978.291532,69979.698134,69979.956487,69979.956487,69979.956499
1789036522.0345,timeline,2,-1,21671,77.0,0.0,78.0,0.116,,,,,69978.296474,69979.697568,69979.950465,69979.950465,69979.950476
1789036522.0829,timeline,3,-1,21672,77.0,0.0,78.0,1325.748,,,,,69979.609774,69979.698479,69979.998798,69979.998798,69979.998811
1789036522.4548,timeline,1,-1,21670,78.0,0.0,79.0,0.109,,,,,69979.943518,69980.351037,69980.370725,69980.370725,69980.370738
1789036522.4562,timeline,2,-1,21671,78.0,0.0,79.0,0.093,,,,,69979.950973,69980.350442,69980.372116,69980.372116,69980.372138
1789036522.4642,timeline,0,-1,21669,78.0,0.0,79.0,0.139,,,,,69979.956977,69980.355811,69980.380114,69980.380114,69980.380138
1789036522.456,timeline,3,-1,21672,78.0,0.0,79.0,263.895,,,,,69980.262944,69980.350981,69980.371921,69980.371921,69980.371935
1789036524.4955,timeline,1,-1,21670,79.0,0.0,80.0,0.097,,,,,69980.371074,69982.391894,69982.411404,69982.411404,69982.411417
1789036524.5003,timeline,2,-1,21671,79.0,0.0,80.0,0.119,,,,,69980.372554,69982.393286,69982.416172,69982.416172,69982.416189
1789036524.5263,timeline,0,-1,21669,79.0,0.0,80.0,0.236,,,,,69980.380699,69982.393868,69982.44225,69982.44225,69982.442271
1789036524.496,timeline,3,-1,21672,79.0,0.0,80.0,1931.227,,,,,69982.303562,69982.390925,69982.411869,69982.411869,69982.411886
1789036525.1664,timeline,1,-1,21670,80.0,0.0,81.0,0.097,,,,,69982.411658,69982.722507,69983.072576,69983.072576,69983.082363
1789036525.1665,timeline,2,-1,21671,80.0,0.0,81.0,0.109,,,,,69982.416594,69982.721122,69983.054273,69983.054273,69983.082431
1789036525.1856,timeline,0,-1,21669,80.0,0.0,81.0,0.178,,,,,69982.442775,69982.723387,69983.056287,69983.056287,69983.101531
1789036525.1664,timeline,3,-1,21672,80.0,0.0,81.0,221.211,,,,,69982.633312,69982.722713,69983.058684,69983.058684,69983.082367
1789036526.4575,timeline,1,-1,21670,81.0,0.0,82.0,0.103,,,,,69983.082706,69984.353671,69984.373421,69984.373421,69984.373434
1789036526.4595,timeline,2,-1,21671,81.0,0.0,82.0,0.132,,,,,69983.082833,69984.353735,69984.37544,69984.37544,69984.375463
1789036526.4658,timeline,0,-1,21669,81.0,0.0,82.0,0.263,,,,,69983.102013,69984.35914,69984.38165,69984.38165,69984.381739
1789036526.4595,timeline,3,-1,21672,81.0,0.0,82.0,1159.334,,,,,69984.241979,69984.353799,69984.37536,69984.37536,69984.375379
1789036527.6386,timeline,1,-1,21670,82.0,0.0,83.0,0.095,,,,,69984.373806,69985.535009,69985.554545,69985.554545,69985.554561
1789036527.6447,timeline,2,-1,21671,82.0,0.0,83.0,0.118,,,,,69984.375753,69985.54096,69985.560618,69985.560618,69985.560637
1789036527.6407,timeline,0,-1,21669,82.0,0.0,83.0,0.537,,,,,69984.382795,69985.536134,69985.556586,69985.556586,69985.556601
1789036527.6404,timeline,3,-1,21672,82.0,0.0,83.0,1045.103,,,,,69985.420739,69985.53519,69985.556288,69985.556288,69985.556304
1789036529.3097,timeline,1,-1,21670,83.0,0.0,84.0,0.096,,,,,69985.554965,69986.970561,69987.225661,69987.225661,69987.225672
1789036529.324,timeline,0,-1,21669,83.0,0.0,84.0,0.188,,,,,69985.55719,69986.971149,69987.23988,69987.23988,69987.2399
1789036529.3051,timeline,2,-1,21671,83.0,0.0,84.0,0.114,,,,,69985.561111,69986.971161,69987.221004,69987.221004,69987.221015
1789036529.3193,timeline,3,-1,21672,83.0,0.0,84.0,1327.071,,,,,69986.88364,69986.971987,69987.235217,69987.235217,69987.235234
1789036529.4999,timeline,2,-1,21671,84.0,0.0,85.0,0.092,,,,,69987.22141,69987.396268,69987.415829,69987.415829,69987.415843
1789036529.4986,timeline,1,-1,21670,84.0,0.0,85.0,0.078,,,,,69987.225995,69987.395041,69987.414538,69987.414538,69987.414551
1789036529.5016,timeline,0,-1,21669,84.0,0.0,85.0,0.178,,,,,69987.240524,69987.396935,69987.417462,69987.417462,69987.417477
1789036529.5032,timeline,3,-1,21672,84.0,0.0,85.0,74.031,,,,,69987.309522,69987.398097,69987.419088,69987.419088,69987.419105
1789036531.1273,timeline,1,-1,21670,85.0,0.0,86.0,0.09,,,,,69987.41487,69989.023377,69989.043243,69989.043243,69989.043258
1789036531.1295,timeline,2,-1,21671,85.0,0.0,86.0,0.115,,,,,69987.416247,69989.025145,69989.045412,69989.045412,69989.045429
1789036531.1288,timeline,0,-1,21669,85.0,0.0,86.0,0.129,,,,,69987.417935,69989.025028,69989.044704,69989.044704,69989.044725
1789036531.1307,timeline,3,-1,21672,85.0,0.0,86.0,1516.375,,,,,69988.935733,69989.025232,69989.046605,69989.046605,69989.046623
1789036532.5631,timeline,1,-1,21670,86.0,0.0,87.0,0.103,,,,,69989.043626,69990.236927,69990.479062,69990.479062,69990.479074
1789036532.5857,timeline,0,-1,21669,86.0,0.0,87.0,0.136,,,,,69989.045461,69990.237934,69990.501641,69990.501641,69990.501656
1789036532.5713,timeline,2,-1,21671,86.0,0.0,87.0,0.12,,,,,69989.045707,69990.235796,69990.487233,69990.487233,69990.48725
1789036532.5732,timeline,3,-1,21672,86.0,0.0,87.0,1100.684,,,,,69990.147557,69990.236538,69990.48906,69990.48906,69990.48908
1789036533.8302,timeline,1,-1,21670,87.0,0.0,88.0,0.082,,,,,69990.479302,69991.726629,69991.746087,69991.746087,69991.746102
1789036533.8306,timeline,2,-1,21671,87.0,0.0,88.0,0.111,,,,,69990.487745,69991.725107,69991.746524,69991.746524,69991.74654
1789036533.8326,timeline,0,-1,21669,87.0,0.0,88.0,0.161,,,,,69990.502257,69991.727006,69991.748478,69991.748478,69991.748493
1789036533.8281,timeline,3,-1,21672,87.0,0.0,88.0,1148.319,,,,,69991.637617,69991.724354,69991.744033,69991.744033,69991.744046
1789036534.1795,timeline,1,-1,21670,88.0,0.0,89.0,0.096,,,,,69991.746432,69992.076238,69992.095371,69992.095371,69992.095384
1789036534.1795,timeline,2,-1,21671,88.0,0.0,89.0,0.112,,,,,69991.746973,69992.075788,69992.095396,69992.095396,69992.095414
1789036534.1812,timeline,0,-1,21669,88.0,0.0,89.0,0.177,,,,,69991.749092,69992.077292,69992.097073,69992.097073,69992.097089
1789036534.179,timeline,3,-1,21672,88.0,0.0,89.0,244.366,,,,,69991.988624,69992.075557,69992.094871,69992.094871,69992.094885
1789036536.0406,timeline,1,-1,21670,89.0,0.0,90.0,0.095,,,,,69992.09562,69993.712019,69993.95656,69993.95656,69993.956571
1789036536.0498,timeline,2,-1,21671,89.0,0.0,90.0,0.105,,,,,69992.095675,69993.711461,69993.965698,69993.965698,69993.965709
1789036536.053,timeline,0,-1,21669,89.0,0.0,90.0,0.14,,,,,69992.097385,69993.711659,69993.968943,69993.968943,69993.968955
1789036536.0495,timeline,3,-1,21672,89.0,0.0,90.0,1529.193,,,,,69993.624438,69993.71424,69993.965462,69993.965462,69993.965474
1789036536.5033,timeline,1,-1,21670,90.0,0.0,91.0,0.082,,,,,69993.956905,69994.399405,69994.419174,69994.419174,69994.419189
1789036536.5325,timeline,2,-1,21671,90.0,0.0,91.0,0.09,,,,,69993.966091,69994.424754,69994.448394,69994.448394,69994.448411
1789036536.5126,timeline,0,-1,21669,90.0,0.0,91.0,0.154,,,,,69993.969604,69994.403404,69994.42849,69994.42849,69994.428507
1789036536.504,timeline,3,-1,21672,90.0,0.0,91.0,345.935,,,,,69994.311642,69994.399887,69994.419881,69994.419881,69994.419901
1789036538.762,timeline,1,-1,21670,91.0,0.0,92.0,0.1,,,,,69994.419547,69996.658368,69996.677893,69996.677893,69996.677907
1789036538.7684,timeline,0,-1,21669,91.0,0.0,92.0,0.154,,,,,69994.428835,69996.664736,69996.684341,69996.684341,69996.684358
1789036538.7638,timeline,2,-1,21671,91.0,0.0,92.0,0.162,,,,,69994.448944,69996.658539,69996.679687,69996.679687,69996.679707
1789036538.7628,timeline,3,-1,21672,91.0,0.0,92.0,2140.089,,,,,69996.560212,69996.658804,69996.678685,69996.678685,69996.678699
1789036539.1552,timeline,1,-1,21670,92.0,0.0,93.0,0.102,,,,,69996.678257,69996.83594,69997.071135,69997.071135,69997.071145
1789036539.1655,timeline,3,-1,21672,92.0,0.0,93.0,0.088,,,,,69996.679096,69996.835544,69997.081426,69997.081426,69997.081441
1789036539.2052,timeline,2,-1,21671,92.0,0.0,93.0,0.103,,,,,69996.680121,69996.835963,69997.121158,69997.121158,69997.121173
1789036539.2056,timeline,0,-1,21669,92.0,0.0,93.0,0.157,,,,,69996.684829,69996.835958,69997.121494,69997.121494,69997.121509
1789036540.5699,timeline,1,-1,21670,93.0,0.0,94.0,0.246,,,,,69997.071567,69998.45671,69998.485787,69998.485787,69998.4858
1789036540.5613,timeline,2,-1,21671,93.0,0.0,94.0,0.087,,,,,69997.121558,69998.456827,69998.47718,69998.47718,69998.477194
1789036540.5604,timeline,0,-1,21669,93.0,0.0,94.0,0.205,,,,,69997.122214,69998.456349,69998.476275,69998.476275,69998.476293
1789036540.5601,timeline,3,-1,21672,93.0,0.0,94.0,1285.237,,,,,69998.366911,69998.456632,69998.475997,69998.475997,69998.476032
1789036541.0964,timeline,0,-1,21669,94.0,0.0,95.0,0.141,,,,,69998.476952,69998.992082,69999.012332,69999.012332,69999.01235
1789036541.0962,timeline,2,-1,21671,94.0,0.0,95.0,0.106,,,,,69998.477578,69998.991438,69999.012097,69999.012097,69999.012113
1789036541.0936,timeline,1,-1,21670,94.0,0.0,95.0,0.096,,,,,69998.486154,69998.989477,69999.00947,69999.00947,69999.009485
1789036541.0934,timeline,3,-1,21672,94.0,0.0,95.0,426.868,,,,,69998.903093,69998.989999,69999.009293,69999.009293,69999.009308
1789036543.0188,timeline,1,-1,21670,95.0,0.0,96.0,0.103,,,,,69999.009839,70000.684373,70000.934728,70000.934728,70000.934746
1789036543.0253,timeline,0,-1,21669,95.0,0.0,96.0,0.151,,,,,69999.012673,70000.685218,70000.941248,70000.941248,70000.941261
1789036543.0233,timeline,2,-1,21671,95.0,0.0,96.0,101.811,,,,,69999.114141,70000.684929,70000.939239,70000.939239,70000.93925
1789036543.0186,timeline,3,-1,21672,95.0,0.0,96.0,1586.367,,,,,70000.595904,70000.684495,70000.934477,70000.934477,70000.934491
1789036544.129,timeline,1,-1,21670,96.0,0.0,97.0,0.129,,,,,70000.935172,70002.025292,70002.044938,70002.044938,70002.044953
1789036544.1322,timeline,2,-1,21671,96.0,0.0,97.0,0.093,,,,,70000.939643,70002.027062,70002.048072,70002.048072,70002.048088
1789036544.1314,timeline,0,-1,21669,96.0,0.0,97.0,0.169,,,,,70000.941846,70002.026809,70002.047294,70002.047294,70002.047312
1789036544.1418,timeline,3,-1,21672,96.0,0.0,97.0,1003.128,,,,,70001.937874,70002.028049,70002.05768,70002.05768,70002.057698
1789036544.9446,timeline,1,-1,21670,97.0,0.0,98.0,0.101,,,,,70002.045402,70002.841363,70002.860476,70002.860476,70002.860494
1789036544.9586,timeline,0,-1,21669,97.0,0.0,98.0,0.152,,,,,70002.047834,70002.841007,70002.874526,70002.874526,70002.874548
1789036544.9479,timeline,2,-1,21671,97.0,0.0,98.0,0.109,,,,,70002.048484,70002.841317,70002.86376,70002.86376,70002.863777
1789036544.9479,timeline,3,-1,21672,97.0,0.0,98.0,693.989,,,,,70002.751957,70002.840934,70002.863808,70002.863808,70002.863825
1789036547.0526,timeline,1,-1,21670,98.0,0.0,99.0,0.1,,,,,70002.860872,70004.702144,70004.968497,70004.968497,70004.968511
1789036547.0908,timeline,2,-1,21671,98.0,0.0,99.0,0.115,,,,,70002.864454,70004.702821,70005.006706,70005.006706,70005.006719
1789036547.068,timeline,0,-1,21669,98.0,0.0,99.0,0.168,,,,,70002.875126,70004.70494,70004.983919,70004.983919,70004.983935
1789036547.0799,timeline,3,-1,21672,98.0,0.0,99.0,1749.467,,,,,70004.613548,70004.701113,70004.99586,70004.99586,70004.995871
1789036547.1995,timeline,1,-1,21670,99.0,0.0,100.0,0.1,,,,,70004.969089,70005.094313,70005.115397,70005.115397,70005.115413
1789036547.2004,timeline,0,-1,21669,99.0,0.0,100.0,0.186,,,,,70004.984596,70005.095242,70005.116326,70005.116326,70005.116342
1789036547.1988,timeline,3,-1,21672,99.0,0.0,100.0,0.101,,,,,70004.996129,70005.094445,70005.114754,70005.114754,70005.114765
1789036547.199,timeline,2,-1,21671,99.0,0.0,100.0,0.37,,,,,70005.00725,70005.094374,70005.114884,70005.114884,70005.114899
1789036549.5394,timeline,2,-1,21671,100.0,0.0,101.0,0.111,,,,,70005.115286,70007.365207,70007.449195,70007.449195,70007.455372
1789036549.5393,timeline,1,-1,21670,100.0,0.0,101.0,0.108,,,,,70005.115784,70007.362752,70007.449189,70007.449189,70007.455227
1789036549.5433,timeline,0,-1,21669,100.0,0.0,101.0,0.143,,,,,70005.116645,70007.36595,70007.449183,70007.449183,70007.45926
1789036549.5395,timeline,3,-1,21672,100.0,0.0,101.0,2159.504,,,,,70007.274476,70007.363262,70007.44917,70007.44917,70007.455464
1789036549.8801,timeline,1,-1,21670,101.0,0.0,102.0,0.108,,,,,70007.455594,70007.547061,70007.795997,70007.795997,70007.796021
1789036549.8841,timeline,3,-1,21672,101.0,0.0,102.0,0.099,,,,,70007.455809,70007.547674,70007.800054,70007.800054,70007.800066
1789036549.9179,timeline,2,-1,21671,101.0,0.0,102.0,0.167,,,,,70007.455977,70007.547731,70007.833813,70007.833813,70007.833829
1789036549.8949,timeline,0,-1,21669,101.0,0.0,102.0,0.174,,,,,70007.459993,70007.547612,70007.810852,70007.810852,70007.810864
1789036551.9302,timeline,1,-1,21670,102.0,0.0,103.0,0.084,,,,,70007.796245,70009.825261,70009.846145,70009.846145,70009.84616
1789036551.9304,timeline,0,-1,21669,102.0,0.0,103.0,0.126,,,,,70007.811137,70009.824051,70009.8463,70009.8463,70009.846317
1789036551.9545,timeline,2,-1,21671,102.0,0.0,103.0,0.101,,,,,70007.834235,70009.825103,70009.870435,70009.870435,70009.870452
1789036551.9275,timeline,3,-1,21672,102.0,0.0,103.0,1933.979,,,,,70009.734274,70009.822597,70009.843382,70009.843382,70009.843397
1789036552.1015,timeline,3,-1,21672,103.0,0.0,104.0,0.091,,,,,70009.843738,70009.996926,70010.017375,70010.017375,70010.017389
1789036552.1014,timeline,1,-1,21670,103.0,0.0,104.0,0.105,,,,,70009.846544,70009.996232,70010.017276,70010.017276,70010.017291
1789036552.1113,timeline,0,-1,21669,103.0,0.0,104.0,0.156,,,,,70009.84684,70009.996277,70010.027237,70010.027237,70010.02726
1789036552.1017,timeline,2,-1,21671,103.0,0.0,104.0,0.117,,,,,70009.870851,70009.997356,70010.017639,70010.017639,70010.017653
1789036554.4949,timeline,1,-1,21670,104.0,0.0,105.0,0.107,,,,,70010.017679,70012.117398,70012.410809,70012.410809,70012.410821
1789036554.4974,timeline,2,-1,21671,104.0,0.0,105.0,0.119,,,,,70010.018066,70012.118722,70012.41335,70012.41335,70012.413363
1789036554.4725,timeline,0,-1,21669,104.0,0.0,105.0,0.19,,,,,70010.027759,70012.121526,70012.388427,70012.388427,70012.388445
1789036554.4506,timeline,3,-1,21672,104.0,0.0,105.0,2011.287,,,,,70012.028971,70012.116642,70012.366533,70012.366533,70012.366545
1789036554.6065,timeline,3,-1,21672,105.0,0.0,106.0,0.076,,,,,70012.366916,70012.502206,70012.522439,70012.522439,70012.522454
1789036554.608,timeline,0,-1,21669,105.0,0.0,106.0,0.17,,,,,70012.389011,70012.502211,70012.523903,70012.523903,70012.523921
1789036554.6064,timeline,1,-1,21670,105.0,0.0,106.0,0.086,,,,,70012.411204,70012.501599,70012.522324,70012.522324,70012.522339
1789036554.6061,timeline,2,-1,21671,105.0,0.0,106.0,0.093,,,,,70012.413772,70012.50024,70012.522004,70012.522004,70012.522026
1789036556.8613,timeline,2,-1,21671,106.0,0.0,107.0,0.135,,,,,70012.52247,70014.756253,70014.77725,70014.77725,70014.777267
1789036556.8896,timeline,1,-1,21670,106.0,0.0,107.0,0.104,,,,,70012.522696,70014.757593,70014.805501,70014.805501,70014.805517
1789036556.8625,timeline,0,-1,21669,106.0,0.0,107.0,0.156,,,,,70012.524463,70014.756337,70014.778404,70014.778404,70014.778425
1789036556.8598,timeline,3,-1,21672,106.0,0.0,107.0,2143.154,,,,,70014.665839,70014.754137,70014.775686,70014.775686,70014.775705
1789036557.3046,timeline,3,-1,21672,107.0,0.0,108.0,0.1,,,,,70014.776314,70014.953255,70015.220522,70015.220522,70015.220535
1789036557.2968,timeline,2,-1,21671,107.0,0.0,108.0,0.097,,,,,70014.777649,70014.951605,70015.21269,70015.21269,70015.212701
1789036557.3483,timeline,0,-1,21669,107.0,0.0,108.0,0.186,,,,,70014.779109,70014.951242,70015.264241,70015.264241,70015.264252
1789036557.347,timeline,1,-1,21670,107.0,0.0,108.0,0.126,,,,,70014.805982,70014.953274,70015.262898,70015.262898,70015.262913
1789036559.3315,timeline,2,-1,21671,108.0,0.0,109.0,0.097,,,,,70015.213111,70017.226223,70017.247386,70017.247386,70017.2474
1789036559.3647,timeline,1,-1,21670,108.0,0.0,109.0,0.112,,,,,70015.263361,70017.234388,70017.280595,70017.280595,70017.280628
1789036559.3112,timeline,0,-1,21669,108.0,0.0,109.0,0.122,,,,,70015.264532,70017.205262,70017.227157,70017.227157,70017.227174
1789036559.3062,timeline,3,-1,21672,108.0,0.0,109.0,1892.029,,,,,70017.113116,70017.201108,70017.222066,70017.222066,70017.222082
1789036559.5122,timeline,3,-1,21672,109.0,0.0,110.0,0.099,,,,,70017.222511,70017.408043,70017.428145,70017.428145,70017.42816
1789036559.5104,timeline,0,-1,21669,109.0,0.0,110.0,0.145,,,,,70017.227613,70017.406244,70017.42628,70017.42628,70017.426293
1789036559.5091,timeline,2,-1,21671,109.0,0.0,110.0,0.086,,,,,70017.247744,70017.404976,70017.425032,70017.425032,70017.425043
1789036559.5137,timeline,1,-1,21670,109.0,0.0,110.0,0.533,,,,,70017.281842,70017.407655,70017.429611,70017.429611,70017.429632
1789036562.6795,timeline,2,-1,21671,110.0,0.0,111.0,0.095,,,,,70017.425368,70020.339622,70020.59541,70020.59541,70020.595423
1789036562.6898,timeline,0,-1,21669,110.0,0.0,111.0,0.13,,,,,70017.426845,70020.340144,70020.605674,70020.605674,70020.605691
1789036562.6669,timeline,1,-1,21670,110.0,0.0,111.0,0.147,,,,,70017.42996,70020.340111,70020.582777,70020.582777,70020.582792
1789036562.6806,timeline,3,-1,21672,110.0,0.0,111.0,2822.796,,,,,70020.251212,70020.339458,70020.596494,70020.596494,70020.596507
1789036562.7992,timeline,1,-1,21670,111.0,0.0,112.0,0.102,,,,,70020.583248,70020.694134,70020.715144,70020.715144,70020.715162
1789036562.7993,timeline,2,-1,21671,111.0,0.0,112.0,0.076,,,,,70020.595801,70020.694495,70020.715224,70020.715224,70020.715238
1789036562.798,timeline,3,-1,21672,111.0,0.0,112.0,0.088,,,,,70020.596947,70020.693765,70020.713912,70020.713912,70020.713923
1789036562.7995,timeline,0,-1,21669,111.0,0.0,112.0,0.172,,,,,70020.60646,70020.694838,70020.715452,70020.715452,70020.715467
1789036564.4784,timeline,1,-1,21670,112.0,0.0,113.0,0.107,,,,,70020.715424,70022.373152,70022.394311,70022.394311,70022.394327
1789036564.4829,timeline,2,-1,21671,112.0,0.0,113.0,0.111,,,,,70020.715604,70022.378478,70022.398847,70022.398847,70022.398861
1789036564.478,timeline,0,-1,21669,112.0,0.0,113.0,0.151,,,,,70020.716045,70022.372893,70022.393893,70022.393893,70022.393916
1789036564.4777,timeline,3,-1,21672,112.0,0.0,113.0,1542.777,,,,,70022.256915,70022.37293,70022.393652,70022.393652,70022.393667
1789036564.9031,timeline,3,-1,21672,113.0,0.0,114.0,0.089,,,,,70022.394021,70022.550334,70022.818974,70022.818974,70022.81899
1789036564.9648,timeline,0,-1,21669,113.0,0.0,114.0,0.178,,,,,70022.394494,70022.550299,70022.880751,70022.880751,70022.880761
1789036564.8882,timeline,1,-1,21670,113.0,0.0,114.0,0.101,,,,,70022.394699,70022.55003,70022.80408,70022.80408,70022.804096
1789036564.8939,timeline,2,-1,21671,113.0,0.0,114.0,0.09,,,,,70022.3992,70022.550282,70022.80986,70022.80986,70022.809873
1789036567.1589,timeline,1,-1,21670,114.0,0.0,115.0,0.112,,,,,70022.804388,70025.053012,70025.074787,70025.074787,70025.074807
1789036567.1578,timeline,2,-1,21671,114.0,0.0,115.0,0.094,,,,,70022.810249,70025.052902,70025.073665,70025.073665,70025.073679
1789036567.1577,timeline,0,-1,21669,114.0,0.0,115.0,0.115,,,,,70022.881303,70025.053235,70025.07361,70025.07361,70025.073627
1789036567.1616,timeline,3,-1,21672,114.0,0.0,115.0,2144.322,,,,,70024.963564,70025.054271,70025.077474,70025.077474,70025.077493
1789036567.3462,timeline,2,-1,21671,115.0,0.0,116.0,0.099,,,,,70025.074067,70025.239598,70025.262073,70025.262073,70025.262089
1789036567.3504,timeline,0,-1,21669,115.0,0.0,116.0,0.15,,,,,70025.07407,70025.245463,70025.266335,70025.266335,70025.266351
1789036567.3446,timeline,1,-1,21670,115.0,0.0,116.0,0.126,,,,,70025.075235,70025.239347,70025.260501,70025.260501,70025.260521
1789036567.3455,timeline,3,-1,21672,115.0,0.0,116.0,0.106,,,,,70025.077903,70025.239746,70025.261365,70025.261365,70025.261384
1789036569.717,timeline,1,-1,21670,116.0,0.0,117.0,0.111,,,,,70025.261005,70027.376563,70027.63293,70027.63293,70027.632942
1789036569.6956,timeline,2,-1,21671,116.0,0.0,117.0,0.119,,,,,70025.262512,70027.34871,70027.611554,70027.611554,70027.611566
1789036569.7432,timeline,0,-1,21669,116.0,0.0,117.0,0.133,,,,,70025.266831,70027.348792,70027.659073,70027.659073,70027.659086
1789036569.6864,timeline,3,-1,21672,116.0,0.0,117.0,1998.258,,,,,70027.25989,70027.347796,70027.602348,70027.602348,70027.602364
1789036569.8553,timeline,3,-1,21672,117.0,0.0,118.0,0.078,,,,,70027.602717,70027.751285,70027.771177,70027.771177,70027.771189
1789036569.8559,timeline,2,-1,21671,117.0,0.0,118.0,0.079,,,,,70027.61197,70027.751208,70027.771841,70027.771841,70027.771853
1789036569.8622,timeline,1,-1,21670,117.0,0.0,118.0,0.095,,,,,70027.633323,70027.757367,70027.778142,70027.778142,70027.778156
1789036569.8557,timeline,0,-1,21669,117.0,0.0,118.0,0.155,,,,,70027.659561,70027.751228,70027.771582,70027.771582,70027.771594
1789036572.4288,timeline,0,-1,21669,118.0,0.0,119.0,0.12,,,,,70027.772073,70030.324804,70030.344662,70030.344662,70030.344681
1789036572.4145,timeline,2,-1,21671,118.0,0.0,119.0,0.115,,,,,70027.772096,70030.309092,70030.330423,70030.330423,70030.330446
1789036572.413,timeline,1,-1,21670,118.0,0.0,119.0,0.088,,,,,70027.778481,70030.307752,70030.328957,70030.328957,70030.328971
1789036572.4144,timeline,3,-1,21672,118.0,0.0,119.0,2447.061,,,,,70030.218488,70030.309558,70030.330334,70030.330334,70030.330349
1789036572.8334,timeline,1,-1,21670,119.0,0.0,120.0,0.11,,,,,70030.329399,70030.49416,70030.74929,70030.74929,70030.749302
1789036572.8321,timeline,3,-1,21672,119.0,0.0,120.0,0.098,,,,,70030.330603,70030.496634,70030.747967,70030.747967,70030.74798
1789036572.8278,timeline,2,-1,21671,119.0,0.0,120.0,0.111,,,,,70030.330722,70030.494076,70030.743668,70030.743668,70030.743682
1789036572.8301,timeline,0,-1,21669,119.0,0.0,120.0,0.162,,,,,70030.345136,70030.495381,70030.745967,70030.745967,70030.745977
1789036575.0182,timeline,2,-1,21671,120.0,0.0,121.0,0.112,,,,,70030.744294,70032.813229,70032.92789,70032.92789,70032.934105
1789036575.0228,timeline,0,-1,21669,120.0,0.0,121.0,0.111,,,,,70030.746448,70032.812743,70032.927887,70032.927887,70032.938768
1789036575.0182,timeline,1,-1,21670,120.0,0.0,121.0,0.217,,,,,70030.749672,70032.844505,70032.927877,70032.927877,70032.934109
1789036575.0182,timeline,3,-1,21672,120.0,0.0,121.0,1974.355,,,,,70032.722573,70032.811629,70032.92783,70032.92783,70032.934105
1789036575.1513,timeline,2,-1,21671,121.0,0.0,122.0,0.17,,,,,70032.934437,70033.045778,70033.067198,70033.067198,70033.067217
1789036575.1526,timeline,3,-1,21672,121.0,0.0,122.0,0.119,,,,,70032.934532,70033.045836,70033.06847,70033.06847,70033.068486
1789036575.1569,timeline,1,-1,21670,121.0,0.0,122.0,0.149,,,,,70032.93462,70033.052139,70033.072829,70033.072829,70033.072844
1789036575.1789,timeline,0,-1,21669,121.0,0.0,122.0,0.191,,,,,70032.93922,70033.045741,70033.094763,70033.094763,70033.094782
1789036577.5924,timeline,2,-1,21671,122.0,0.0,123.0,0.112,,,,,70033.06762,70035.226859,70035.508317,70035.508317,70035.508329
1789036577.5726,timeline,1,-1,21670,122.0,0.0,123.0,0.095,,,,,70033.073246,70035.225032,70035.488524,70035.488524,70035.488535
1789036577.5694,timeline,0,-1,21669,122.0,0.0,123.0,0.149,,,,,70033.09532,70035.226328,70035.485344,70035.485344,70035.485362
1789036577.5721,timeline,3,-1,21672,122.0,0.0,123.0,2067.442,,,,,70035.136226,70035.224295,70035.488046,70035.488046,70035.488058
1789036577.7023,timeline,0,-1,21669,123.0,0.0,124.0,0.163,,,,,70035.485858,70035.597468,70035.618195,70035.618195,70035.618214
1789036577.7016,timeline,3,-1,21672,123.0,0.0,124.0,0.081,,,,,70035.488311,70035.597334,70035.617487,70035.617487,70035.617503
1789036577.7023,timeline,1,-1,21670,123.0,0.0,124.0,0.086,,,,,70035.488909,70035.597596,70035.618192,70035.618192,70035.618206
1789036577.7029,timeline,2,-1,21671,123.0,0.0,124.0,0.084,,,,,70035.508577,70035.597355,70035.618786,70035.618786,70035.618802
1789036579.7233,timeline,1,-1,21670,124.0,0.0,125.0,0.108,,,,,70035.618563,70037.617614,70037.639196,70037.639196,70037.63921
1789036579.7246,timeline,0,-1,21669,124.0,0.0,125.0,0.16,,,,,70035.618776,70037.619585,70037.640504,70037.640504,70037.640527
1789036579.7309,timeline,2,-1,21671,124.0,0.0,125.0,0.131,,,,,70035.619212,70037.626324,70037.646833,70037.646833,70037.646849
1789036579.7261,timeline,3,-1,21672,124.0,0.0,125.0,1911.995,,,,,70037.52992,70037.620274,70037.642054,70037.642054,70037.642071
1789036580.2429,timeline,1,-1,21670,125.0,0.0,126.0,0.109,,,,,70037.639631,70037.822055,70038.158847,70038.158847,70038.158862
1789036580.1773,timeline,0,-1,21669,125.0,0.0,126.0,0.197,,,,,70037.641173,70037.827222,70038.093201,70038.093201,70038.093212
1789036580.1994,timeline,3,-1,21672,125.0,0.0,126.0,0.104,,,,,70037.642327,70037.821521,70038.115356,70038.115356,70038.115368
1789036580.1621,timeline,2,-1,21671,125.0,0.0,126.0,0.097,,,,,70037.647221,70037.821595,70038.077997,70038.077997,70038.078009
1789036582.0031,timeline,2,-1,21671,126.0,0.0,127.0,0.109,,,,,70038.07844,70039.897927,70039.919028,70039.919028,70039.919043
1789036582.0022,timeline,0,-1,21669,126.0,0.0,127.0,0.129,,,,,70038.093759,70039.898418,70039.918118,70039.918118,70039.918133
1789036582.0049,timeline,1,-1,21670,126.0,0.0,127.0,0.1,,,,,70038.159265,70039.898772,70039.920792,70039.920792,70039.920815
1789036582.0036,timeline,3,-1,21672,126.0,0.0,127.0,1692.621,,,,,70039.808249,70039.899039,70039.919544,70039.919544,70039.91956
1789036582.2011,timeline,0,-1,21669,127.0,0.0,128.0,0.495,,,,,70039.919352,70040.097246,70040.117054,70040.117054,70040.11707
1789036582.202,timeline,2,-1,21671,127.0,0.0,128.0,0.095,,,,,70039.919453,70040.097245,70040.117876,70040.117876,70040.11789
1789036582.2019,timeline,3,-1,21672,127.0,0.0,128.0,0.095,,,,,70039.91995,70040.097517,70040.117852,70040.117852,70040.117868
1789036582.211,timeline,1,-1,21670,127.0,0.0,128.0,0.144,,,,,70039.921344,70040.106306,70040.126917,70040.126917,70040.126932
1789036584.4325,timeline,0,-1,21669,128.0,0.0,129.0,0.16,,,,,70040.117498,70042.074415,70042.348385,70042.348385,70042.348398
1789036584.3991,timeline,2,-1,21671,128.0,0.0,129.0,0.11,,,,,70040.118257,70042.068292,70042.314971,70042.314971,70042.314982
1789036584.397,timeline,1,-1,21670,128.0,0.0,129.0,0.097,,,,,70040.127287,70042.067904,70042.312934,70042.312934,70042.312947
1789036584.4052,timeline,3,-1,21672,128.0,0.0,129.0,1862.513,,,,,70041.980613,70042.067983,70042.321073,70042.321073,70042.321086
1789036584.5806,timeline,1,-1,21670,129.0,0.0,130.0,0.092,,,,,70042.313365,70042.436957,70042.496524,70042.496524,70042.496538
1789036584.543,timeline,2,-1,21671,129.0,0.0,130.0,0.079,,,,,70042.315344,70042.437476,70042.458917,70042.458917,70042.458931
1789036584.5437,timeline,3,-1,21672,129.0,0.0,130.0,0.23,,,,,70042.32148,70042.438322,70042.459602,70042.459602,70042.459618
1789036584.5609,timeline,0,-1,21669,129.0,0.0,130.0,0.145,,,,,70042.348859,70042.455423,70042.476776,70042.476776,70042.476792
1789036586.9995,timeline,2,-1,21671,130.0,0.0,131.0,0.113,,,,,70042.45931,70044.894039,70044.915418,70044.915418,70044.915434
1789036587.0279,timeline,0,-1,21669,130.0,0.0,131.0,0.147,,,,,70042.477223,70044.895095,70044.943848,70044.943848,70044.943871
1789036586.9999,timeline,1,-1,21670,130.0,0.0,131.0,0.095,,,,,70042.496869,70044.893599,70044.915847,70044.915847,70044.915865
1789036586.9993,timeline,3,-1,21672,130.0,0.0,131.0,2345.07,,,,,70044.804922,70044.894515,70044.915173,70044.915173,70044.915188
1789036587.4605,timeline,3,-1,21672,131.0,0.0,132.0,0.09,,,,,70044.91555,70045.125348,70045.376455,70045.376455,70045.376468
1789036587.4595,timeline,2,-1,21671,131.0,0.0,132.0,0.096,,,,,70044.915808,70045.115437,70045.375444,70045.375444,70045.375457
1789036587.4596,timeline,1,-1,21670,131.0,0.0,132.0,0.152,,,,,70044.916179,70045.121947,70045.375503,70045.375503,70045.375515
1789036587.4655,timeline,0,-1,21669,131.0,0.0,132.0,0.191,,,,,70044.944362,70045.115419,70045.381417,70045.381417,70045.381428
1789036589.4954,timeline,2,-1,21671,132.0,0.0,133.0,0.094,,,,,70045.375851,70047.390161,70047.411354,70047.411354,70047.41137
1789036589.4961,timeline,1,-1,21670,132.0,0.0,133.0,0.076,,,,,70045.375876,70047.390358,70047.412023,70047.412023,70047.412044
1789036589.5,timeline,0,-1,21669,132.0,0.0,133.0,0.125,,,,,70045.381708,70047.395618,70047.415876,70047.415876,70047.415895
1789036589.4942,timeline,3,-1,21672,132.0,0.0,133.0,1900.604,,,,,70047.277463,70047.390347,70047.410128,70047.410128,70047.410143
1789036589.6741,timeline,3,-1,21672,133.0,0.0,134.0,0.086,,,,,70047.410628,70047.567374,70047.590055,70047.590055,70047.590073
1789036589.672,timeline,2,-1,21671,133.0,0.0,134.0,0.094,,,,,70047.411741,70047.566861,70047.587931,70047.587931,70047.587949
1789036589.6708,timeline,1,-1,21670,133.0,0.0,134.0,0.119,,,,,70047.412324,70047.565993,70047.586741,70047.586741,70047.586753
1789036589.672,timeline,0,-1,21669,133.0,0.0,134.0,0.165,,,,,70047.416223,70047.566849,70047.587932,70047.587932,70047.587949
1789036592.1658,timeline,1,-1,21670,134.0,0.0,135.0,0.082,,,,,70047.587099,70049.820202,70050.08173,70050.08173,70050.081743
1789036592.1657,timeline,2,-1,21671,134.0,0.0,135.0,0.115,,,,,70047.588241,70049.821658,70050.081632,70050.081632,70050.081648
1789036592.174,timeline,0,-1,21669,134.0,0.0,135.0,0.155,,,,,70047.588286,70049.822,70050.089954,70050.089954,70050.089966
1789036592.1549,timeline,3,-1,21672,134.0,0.0,135.0,2143.319,,,,,70049.733651,70049.821886,70050.070819,70050.070819,70050.070833
1789036592.3094,timeline,3,-1,21672,135.0,0.0,136.0,0.08,,,,,70050.071275,70050.205676,70050.225279,70050.225279,70050.225296
1789036592.304,timeline,2,-1,21671,135.0,0.0,136.0,0.098,,,,,70050.08209,70050.199061,70050.219952,70050.219952,70050.219966
1789036592.306,timeline,1,-1,21670,135.0,0.0,136.0,0.12,,,,,70050.082229,70050.199784,70050.221873,70050.221873,70050.221889
1789036592.304,timeline,0,-1,21669,135.0,0.0,136.0,0.136,,,,,70050.090401,70050.199205,70050.219951,70050.219951,70050.219966
1789036594.5452,timeline,2,-1,21671,136.0,0.0,137.0,0.119,,,,,70050.22025,70052.43822,70052.461076,70052.461076,70052.461093
1789036594.5458,timeline,0,-1,21669,136.0,0.0,137.0,0.142,,,,,70050.220282,70052.439151,70052.461659,70052.461659,70052.461676
1789036594.543,timeline,1,-1,21670,136.0,0.0,137.0,0.118,,,,,70050.222303,70052.436281,70052.458864,70052.458864,70052.458878
1789036594.5418,timeline,3,-1,21672,136.0,0.0,137.0,2124.046,,,,,70052.349569,70052.43702,70052.457728,70052.457728,70052.457744
1789036594.997,timeline,3,-1,21672,137.0,0.0,138.0,0.089,,,,,70052.458112,70052.646566,70052.912888,70052.912888,70052.9129
1789036595.0064,timeline,1,-1,21670,137.0,0.0,138.0,0.101,,,,,70052.459248,70052.609701,70052.922323,70052.922323,70052.922336
1789036594.9493,timeline,2,-1,21671,137.0,0.0,138.0,0.101,,,,,70052.461355,70052.61254,70052.865248,70052.865248,70052.86526
1789036595.0037,timeline,0,-1,21669,137.0,0.0,138.0,0.164,,,,,70052.462202,70052.61192,70052.919574,70052.919574,70052.91959
1789036596.8976,timeline,2,-1,21671,138.0,0.0,139.0,0.228,,,,,70052.865669,70054.79277,70054.813478,70054.813478,70054.813492
1789036596.8973,timeline,0,-1,21669,138.0,0.0,139.0,0.185,,,,,70052.92035,70054.792674,70054.813213,70054.813213,70054.813229
1789036596.899,timeline,1,-1,21670,138.0,0.0,139.0,0.08,,,,,70052.92257,70054.792636,70054.814938,70054.814938,70054.814953
1789036596.8992,timeline,3,-1,21672,138.0,0.0,139.0,1742.439,,,,,70054.655587,70054.794797,70054.815084,70054.815084,70054.815103
1789036597.0755,timeline,0,-1,21669,139.0,0.0,140.0,0.153,,,,,70054.813699,70054.967473,70054.991409,70054.991409,70054.991429
1789036597.1018,timeline,2,-1,21671,139.0,0.0,140.0,0.098,,,,,70054.813954,70054.967488,70055.017755,70055.017755,70055.017771
1789036597.072,timeline,1,-1,21670,139.0,0.0,140.0,0.105,,,,,70054.81533,70054.966731,70054.987901,70054.987901,70054.987915
1789036597.0708,timeline,3,-1,21672,139.0,0.0,140.0,0.109,,,,,70054.815514,70054.967093,70054.986724,70054.986724,70054.986735
1789036599.3145,timeline,1,-1,21670,140.0,0.0,141.0,0.102,,,,,70054.988258,70056.900333,70057.220823,70057.220823,70057.230454
1789036599.3187,timeline,0,-1,21669,140.0,0.0,141.0,0.201,,,,,70054.992055,70056.900977,70057.225069,70057.225069,70057.234656
1789036599.3145,timeline,2,-1,21671,140.0,0.0,141.0,0.121,,,,,70055.018164,70056.900999,70057.222001,70057.222001,70057.230393
1789036599.3148,timeline,3,-1,21672,140.0,0.0,141.0,1824.377,,,,,70056.811357,70056.901591,70057.220906,70057.220906,70057.230713
1789036599.4374,timeline,2,-1,21671,141.0,0.0,142.0,0.117,,,,,70057.2308,70057.333116,70057.353276,70057.353276,70057.353292
1789036599.4658,timeline,1,-1,21670,141.0,0.0,142.0,0.112,,,,,70057.230832,70057.352071,70057.381699,70057.381699,70057.381713
1789036599.4497,timeline,3,-1,21672,141.0,0.0,142.0,0.137,,,,,70057.231043,70057.344854,70057.365652,70057.365652,70057.365667
1789036599.4267,timeline,0,-1,21669,141.0,0.0,142.0,0.182,,,,,70057.235128,70057.321997,70057.342635,70057.342635,70057.342651
1789036601.9965,timeline,0,-1,21669,142.0,0.0,143.0,0.143,,,,,70057.343387,70059.891548,70059.912383,70059.912383,70059.912399
1789036601.9952,timeline,2,-1,21671,142.0,0.0,143.0,0.11,,,,,70057.353664,70059.891546,70059.911126,70059.911126,70059.911147
1789036601.9968,timeline,1,-1,21670,142.0,0.0,143.0,0.106,,,,,70057.382109,70059.891551,70059.912736,70059.912736,70059.912755
1789036601.9938,timeline,3,-1,21672,142.0,0.0,143.0,2436.137,,,,,70059.80219,70059.888997,70059.90976,70059.90976,70059.909775
1789036602.4142,timeline,3,-1,21672,143.0,0.0,144.0,0.086,,,,,70059.909992,70060.064232,70060.330149,70060.330149,70060.330162
1789036602.3894,timeline,2,-1,21671,143.0,0.0,144.0,0.106,,,,,70059.911423,70060.062158,70060.30534,70060.30534,70060.305359
1789036602.4324,timeline,0,-1,21669,143.0,0.0,144.0,0.16,,,,,70059.912854,70060.06291,70060.348349,70060.348349,70060.34836
1789036602.3978,timeline,1,-1,21670,143.0,0.0,144.0,0.115,,,,,70059.913161,70060.062482,70060.313724,70060.313724,70060.313738
1789036604.3978,timeline,2,-1,21671,144.0,0.0,145.0,0.106,,,,,70060.305783,70062.293968,70062.31374,70062.31374,70062.313759
1789036604.4052,timeline,1,-1,21670,144.0,0.0,145.0,0.094,,,,,70060.314128,70062.299832,70062.321118,70062.321118,70062.321139
1789036604.3988,timeline,0,-1,21669,144.0,0.0,145.0,0.128,,,,,70060.348918,70062.293855,70062.314687,70062.314687,70062.314706
1789036604.3993,timeline,3,-1,21672,144.0,0.0,145.0,1867.481,,,,,70062.197886,70062.294041,70062.315245,70062.315245,70062.315257
1789036604.5751,timeline,2,-1,21671,145.0,0.0,146.0,0.102,,,,,70062.314179,70062.47171,70062.490997,70062.490997,70062.491013
1789036604.5759,timeline,0,-1,21669,145.0,0.0,146.0,0.175,,,,,70062.315196,70062.471661,70062.491834,70062.491834,70062.491848
1789036604.5814,timeline,3,-1,21672,145.0,0.0,146.0,0.085,,,,,70062.315474,70062.474269,70062.497313,70062.497313,70062.497331
1789036604.5749,timeline,1,-1,21670,145.0,0.0,146.0,0.126,,,,,70062.321561,70062.470517,70062.490797,70062.490797,70062.490809
1789036606.7221,timeline,1,-1,21670,146.0,0.0,147.0,0.091,,,,,70062.491174,70064.39209,70064.638024,70064.638024,70064.638035
1789036606.7717,timeline,2,-1,21671,146.0,0.0,147.0,0.127,,,,,70062.491315,70064.39186,70064.687618,70064.687618,70064.68763
1789036606.7769,timeline,0,-1,21669,146.0,0.0,147.0,0.146,,,,,70062.492142,70064.392125,70064.692862,70064.692862,70064.692875
1789036606.7681,timeline,3,-1,21672,146.0,0.0,147.0,1789.707,,,,,70064.287368,70064.398983,70064.684038,70064.684038,70064.68405
1789036606.8846,timeline,1,-1,21670,147.0,0.0,148.0,0.212,,,,,70064.638398,70064.779479,70064.80049,70064.80049,70064.800504
1789036606.8875,timeline,3,-1,21672,147.0,0.0,148.0,0.079,,,,,70064.684426,70064.78206,70064.803448,70064.803448,70064.803466
1789036606.8908,timeline,2,-1,21671,147.0,0.0,148.0,0.081,,,,,70064.68804,70064.780265,70064.806693,70064.806693,70064.806708
1789036606.9103,timeline,0,-1,21669,147.0,0.0,148.0,0.164,,,,,70064.69337,70064.780734,70064.826181,70064.826181,70064.826193
1789036608.9545,timeline,1,-1,21670,148.0,0.0,149.0,0.097,,,,,70064.800848,70066.849367,70066.87043,70066.87043,70066.870446
1789036608.9543,timeline,2,-1,21671,148.0,0.0,149.0,0.107,,,,,70064.807053,70066.849083,70066.870172,70066.870172,70066.870187
1789036608.9609,timeline,0,-1,21669,148.0,0.0,149.0,0.14,,,,,70064.826633,70066.85474,70066.876764,70066.876764,70066.876791
1789036608.9543,timeline,3,-1,21672,148.0,0.0,149.0,1955.707,,,,,70066.759412,70066.849347,70066.870249,70066.870249,70066.870266
1789036609.3587,timeline,2,-1,21671,149.0,0.0,150.0,0.097,,,,,70066.870549,70067.02685,70067.274593,70067.274593,70067.274605
1789036609.366,timeline,3,-1,21672,149.0,0.0,150.0,0.093,,,,,70066.870639,70067.027875,70067.281919,70067.281919,70067.28193
1789036609.3648,timeline,1,-1,21670,149.0,0.0,150.0,0.098,,,,,70066.870796,70067.024829,70067.280765,70067.280765,70067.280777
1789036609.3985,timeline,0,-1,21669,149.0,0.0,150.0,0.241,,,,,70066.877421,70067.027597,70067.314453,70067.314453,70067.314466
1789036611.5386,timeline,2,-1,21671,150.0,0.0,151.0,0.098,,,,,70067.274975,70069.431231,70069.454505,70069.454505,70069.454521
1789036611.5355,timeline,1,-1,21670,150.0,0.0,151.0,0.086,,,,,70067.281106,70069.431199,70069.451411,70069.451411,70069.451426
1789036611.5418,timeline,0,-1,21669,150.0,0.0,151.0,0.168,,,,,70067.315011,70069.434831,70069.457685,70069.457685,70069.457713
1789036611.5359,timeline,3,-1,21672,150.0,0.0,151.0,2058.67,,,,,70069.340873,70069.430557,70069.451804,70069.451804,70069.451825
1789036611.7104,timeline,1,-1,21670,151.0,0.0,152.0,0.099,,,,,70069.45168,70069.605632,70069.626318,70069.626318,70069.626331
1789036611.7119,timeline,3,-1,21672,151.0,0.0,152.0,0.125,,,,,70069.452124,70069.607307,70069.627776,70069.627776,70069.627792
1789036611.7132,timeline,2,-1,21671,151.0,0.0,152.0,0.095,,,,,70069.454903,70069.607556,70069.629097,70069.629097,70069.629111
1789036611.7149,timeline,0,-1,21669,151.0,0.0,152.0,0.237,,,,,70069.458336,70069.608458,70069.630793,70069.630793,70069.630812
1789036614.7722,timeline,1,-1,21670,152.0,0.0,153.0,0.101,,,,,70069.626733,70072.372415,70072.688116,70072.688116,70072.688132
1789036614.7331,timeline,2,-1,21671,152.0,0.0,153.0,0.113,,,,,70069.629381,70072.369492,70072.648965,70072.648965,70072.648977
1789036614.7215,timeline,0,-1,21669,152.0,0.0,153.0,0.186,,,,,70069.631364,70072.370761,70072.637404,70072.637404,70072.637422
1789036614.6994,timeline,3,-1,21672,152.0,0.0,153.0,2652.881,,,,,70072.280921,70072.36983,70072.615295,70072.615295,70072.61531
1789036614.8786,timeline,3,-1,21672,153.0,0.0,154.0,0.091,,,,,70072.615765,70072.774738,70072.794498,70072.794498,70072.794514
1789036614.8809,timeline,0,-1,21669,153.0,0.0,154.0,0.212,,,,,70072.638131,70072.775671,70072.796797,70072.796797,70072.796815
1789036614.8816,timeline,2,-1,21671,153.0,0.0,154.0,0.076,,,,,70072.649332,70072.77573,70072.797469,70072.797469,70072.797483
1789036614.8787,timeline,1,-1,21670,153.0,0.0,154.0,0.097,,,,,70072.688513,70072.77529,70072.794649,70072.794649,70072.79466
1789036617.1606,timeline,1,-1,21670,154.0,0.0,155.0,0.088,,,,,70072.79502,70075.057069,70075.076477,70075.076477,70075.076491
1789036617.1671,timeline,0,-1,21669,154.0,0.0,155.0,0.161,,,,,70072.797142,70075.062625,70075.082998,70075.082998,70075.083016
1789036617.162,timeline,2,-1,21671,154.0,0.0,155.0,0.122,,,,,70072.797758,70075.056949,70075.077933,70075.077933,70075.077948
1789036617.1614,timeline,3,-1,21672,154.0,0.0,155.0,2152.439,,,,,70074.947186,70075.057192,70075.077296,70075.077296,70075.077311
1789036617.558,timeline,1,-1,21670,155.0,0.0,156.0,0.094,,,,,70075.076832,70075.233282,70075.47396,70075.47396,70075.473973
1789036617.5926,timeline,3,-1,21672,155.0,0.0,156.0,0.088,,,,,70075.077547,70075.23508,70075.508503,70075.508503,70075.508515
1789036617.6026,timeline,2,-1,21671,155.0,0.0,156.0,0.092,,,,,70075.078326,70075.235418,70075.518471,70075.518471,70075.518483
1789036617.5755,timeline,0,-1,21669,155.0,0.0,156.0,0.147,,,,,70075.083436,70075.236066,70075.491442,70075.491442,70075.491454
1789036619.2491,timeline,1,-1,21670,156.0,0.0,157.0,0.113,,,,,70075.474431,70077.145394,70077.164985,70077.164985,70077.164999
1789036619.2497,timeline,0,-1,21669,156.0,0.0,157.0,0.119,,,,,70075.492048,70077.145282,70077.165573,70077.165573,70077.165589
1789036619.2486,timeline,2,-1,21671,156.0,0.0,157.0,0.087,,,,,70075.518902,70077.144987,70077.164516,70077.164516,70077.164536
1789036619.248,timeline,3,-1,21672,156.0,0.0,157.0,1547.101,,,,,70077.055846,70077.144325,70077.163955,70077.163955,70077.16397
1789036619.4206,timeline,3,-1,21672,157.0,0.0,158.0,0.087,,,,,70077.164209,70077.317103,70077.33654,70077.33654,70077.336554
1789036619.4216,timeline,2,-1,21671,157.0,0.0,158.0,0.089,,,,,70077.164893,70077.317214,70077.337483,70077.337483,70077.3375
1789036619.4257,timeline,1,-1,21670,157.0,0.0,158.0,0.102,,,,,70077.165351,70077.319475,70077.341564,70077.341564,70077.341578
1789036619.4237,timeline,0,-1,21669,157.0,0.0,158.0,0.147,,,,,70077.165996,70077.31861,70077.339635,70077.339635,70077.339651
1789036621.7604,timeline,2,-1,21671,158.0,0.0,159.0,0.108,,,,,70077.3379,70079.40112,70079.676286,70079.676286,70079.676299
1789036621.7598,timeline,0,-1,21669,158.0,0.0,159.0,0.147,,,,,70077.340358,70079.401176,70079.67576,70079.67576,70079.675774
1789036621.7527,timeline,1,-1,21670,158.0,0.0,159.0,0.085,,,,,70077.341963,70079.416676,70079.668581,70079.668581,70079.668592
1789036621.7546,timeline,3,-1,21672,158.0,0.0,159.0,1973.816,,,,,70079.310596,70079.398779,70079.670558,70079.670558,70079.670571
1789036621.8677,timeline,1,-1,21670,159.0,0.0,160.0,0.085,,,,,70079.668809,70079.763436,70079.78361,70079.78361,70079.783623
1789036621.8806,timeline,3,-1,21672,159.0,0.0,160.0,0.08,,,,,70079.67095,70079.763869,70079.796499,70079.796499,70079.796514
1789036621.8668,timeline,0,-1,21669,159.0,0.0,160.0,0.191,,,,,70079.676143,70079.762691,70079.78271,70079.78271,70079.782722
1789036621.8664,timeline,2,-1,21671,159.0,0.0,160.0,0.092,,,,,70079.676647,70079.762757,70079.78236,70079.78236,70079.782373
1789036623.9529,timeline,2,-1,21671,160.0,0.0,161.0,0.123,,,,,70079.782806,70081.778955,70081.862824,70081.862824,70081.868832
1789036623.958,timeline,0,-1,21669,160.0,0.0,161.0,0.126,,,,,70079.783264,70081.778962,70081.862802,70081.862802,70081.873951
1789036623.9529,timeline,1,-1,21670,160.0,0.0,161.0,0.095,,,,,70079.783994,70081.778605,70081.862802,70081.862802,70081.868824
1789036623.953,timeline,3,-1,21672,160.0,0.0,161.0,1891.927,,,,,70081.688686,70081.776719,70081.862831,70081.862831,70081.868913
1789036624.312,timeline,1,-1,21670,161.0,0.0,162.0,0.124,,,,,70081.8692,70081.960237,70082.227944,70082.227944,70082.227957
1789036624.3276,timeline,2,-1,21671,161.0,0.0,162.0,0.142,,,,,70081.86929,70081.962682,70082.243532,70082.243532,70082.243544
1789036624.2977,timeline,3,-1,21672,161.0,0.0,162.0,0.139,,,,,70081.86939,70081.963125,70082.213637,70082.213637,70082.213654
1789036624.3086,timeline,0,-1,21669,161.0,0.0,162.0,0.218,,,,,70081.874345,70081.969238,70082.224554,70082.224554,70082.224569
1789036626.6149,timeline,0,-1,21669,162.0,0.0,163.0,0.125,,,,,70082.22508,70084.51148,70084.530828,70084.530828,70084.530849
1789036626.6162,timeline,1,-1,21670,162.0,0.0,163.0,0.071,,,,,70082.22818,70084.511324,70084.532097,70084.532097,70084.532111
1789036626.6155,timeline,2,-1,21671,162.0,0.0,163.0,0.095,,,,,70082.244087,70084.51047,70084.531431,70084.531431,70084.531446
1789036626.6138,timeline,3,-1,21672,162.0,0.0,163.0,2207.82,,,,,70084.421718,70084.509688,70084.529724,70084.529724,70084.529742
1789036626.7884,timeline,3,-1,21672,163.0,0.0,164.0,0.087,,,,,70084.530124,70084.682661,70084.704262,70084.704262,70084.704277
1789036626.7856,timeline,0,-1,21669,163.0,0.0,164.0,0.15,,,,,70084.531288,70084.682329,70084.701459,70084.701459,70084.701477
1789036626.7868,timeline,2,-1,21671,163.0,0.0,164.0,0.096,,,,,70084.531819,70084.682353,70084.702716,70084.702716,70084.70273
1789036626.7871,timeline,1,-1,21670,163.0,0.0,164.0,0.104,,,,,70084.532356,70084.682745,70084.702998,70084.702998,70084.703011
1789036629.4404,timeline,0,-1,21669,164.0,0.0,165.0,0.132,,,,,70084.701778,70087.106402,70087.356294,70087.356294,70087.356305
1789036629.4557,timeline,2,-1,21671,164.0,0.0,165.0,0.113,,,,,70084.703125,70087.1063,70087.371588,70087.371588,70087.371598
1789036629.5355,timeline,1,-1,21670,164.0,0.0,165.0,0.092,,,,,70084.703243,70087.106584,70087.451414,70087.451414,70087.451425
1789036629.4553,timeline,3,-1,21672,164.0,0.0,165.0,2313.56,,,,,70087.018101,70087.106611,70087.371164,70087.371164,70087.371177
1789036629.6442,timeline,0,-1,21669,165.0,0.0,166.0,0.134,,,,,70087.356742,70087.538073,70087.560115,70087.560115,70087.560128
1789036629.6433,timeline,3,-1,21672,165.0,0.0,166.0,0.095,,,,,70087.371597,70087.53894,70087.559251,70087.559251,70087.559265
1789036629.6431,timeline,2,-1,21671,165.0,0.0,166.0,0.077,,,,,70087.372059,70087.53812,70087.559022,70087.559022,70087.559036
1789036629.6453,timeline,1,-1,21670,165.0,0.0,166.0,0.09,,,,,70087.451806,70087.539677,70087.561184,70087.561184,70087.561198
1789036631.4912,timeline,2,-1,21671,166.0,0.0,167.0,0.111,,,,,70087.559424,70089.385707,70089.407067,70089.407067,70089.407083
1789036631.5287,timeline,0,-1,21669,166.0,0.0,167.0,0.121,,,,,70087.56071,70089.413767,70089.444557,70089.444557,70089.444581
1789036631.495,timeline,1,-1,21670,166.0,0.0,167.0,0.101,,,,,70087.561713,70089.388395,70089.4109,70089.4109,70089.410917
1789036631.4923,timeline,3,-1,21672,166.0,0.0,167.0,1738.189,,,,,70089.297677,70089.38646,70089.408239,70089.408239,70089.408259
1789036631.9194,timeline,2,-1,21671,167.0,0.0,168.0,0.095,,,,,70089.407456,70089.584308,70089.835327,70089.835327,70089.835338
1789036631.93,timeline,3,-1,21672,167.0,0.0,168.0,0.108,,,,,70089.408698,70089.587926,70089.845923,70089.845923,70089.845937
1789036631.9835,timeline,1,-1,21670,167.0,0.0,168.0,0.103,,,,,70089.411306,70089.586833,70089.899432,70089.899432,70089.899448
1789036631.9285,timeline,0,-1,21669,167.0,0.0,168.0,0.198,,,,,70089.445107,70089.584566,70089.84442,70089.84442,70089.84443
1789036633.566,timeline,2,-1,21671,168.0,0.0,169.0,0.09,,,,,70089.835719,70091.459655,70091.481862,70091.481862,70091.481877
1789036633.5647,timeline,0,-1,21669,168.0,0.0,169.0,0.127,,,,,70089.844721,70091.458159,70091.480593,70091.480593,70091.48062
1789036633.5634,timeline,1,-1,21670,168.0,0.0,169.0,0.092,,,,,70089.899847,70091.457772,70091.479283,70091.479283,70091.479296
1789036633.5612,timeline,3,-1,21672,168.0,0.0,169.0,1522.099,,,,,70091.368294,70091.456343,70091.47713,70091.47713,70091.477146
1789036633.7335,timeline,3,-1,21672,169.0,0.0,170.0,0.093,,,,,70091.477505,70091.629493,70091.6494,70091.6494,70091.649413
1789036633.7443,timeline,1,-1,21670,169.0,0.0,170.0,0.111,,,,,70091.479691,70091.639816,70091.66024,70091.66024,70091.660254
1789036633.7372,timeline,0,-1,21669,169.0,0.0,170.0,0.197,,,,,70091.481268,70091.632137,70091.653084,70091.653084,70091.6531
1789036633.7375,timeline,2,-1,21671,169.0,0.0,170.0,0.1,,,,,70091.482267,70091.632174,70091.653392,70091.653392,70091.653408
1789036636.2329,timeline,2,-1,21671,170.0,0.0,171.0,0.118,,,,,70091.653671,70093.89436,70094.14878,70094.14878,70094.148792
1789036636.2393,timeline,0,-1,21669,170.0,0.0,171.0,0.14,,,,,70091.653725,70093.900231,70094.155166,70094.155166,70094.155177
1789036636.2266,timeline,1,-1,21670,170.0,0.0,171.0,0.098,,,,,70091.660611,70093.894677,70094.142469,70094.142469,70094.142482
1789036636.2437,timeline,3,-1,21672,170.0,0.0,171.0,2137.99,,,,,70093.787612,70093.894605,70094.159621,70094.159621,70094.159632
1789036636.3513,timeline,1,-1,21670,171.0,0.0,172.0,0.117,,,,,70094.142945,70094.246558,70094.267249,70094.267249,70094.267262
1789036636.3509,timeline,2,-1,21671,171.0,0.0,172.0,0.074,,,,,70094.149152,70094.246393,70094.266803,70094.266803,70094.266815
1789036636.3509,timeline,0,-1,21669,171.0,0.0,172.0,0.123,,,,,70094.155586,70094.246381,70094.266802,70094.266802,70094.266817
1789036636.3515,timeline,3,-1,21672,171.0,0.0,172.0,0.081,,,,,70094.160043,70094.247227,70094.267373,70094.267373,70094.267387
1789036637.7095,timeline,2,-1,21671,172.0,0.0,173.0,0.103,,,,,70094.267168,70095.604691,70095.625364,70095.625364,70095.625378
1789036637.7096,timeline,0,-1,21669,172.0,0.0,173.0,0.127,,,,,70094.267367,70095.60499,70095.625468,70095.625468,70095.625485
1789036637.7071,timeline,1,-1,21670,172.0,0.0,173.0,0.097,,,,,70094.267493,70095.602253,70095.622968,70095.622968,70095.622983
1789036637.7083,timeline,3,-1,21672,172.0,0.0,173.0,1247.601,,,,,70095.515191,70095.60254,70095.624242,70095.624242,70095.624256
1789036638.1139,timeline,1,-1,21670,173.0,0.0,174.0,0.098,,,,,70095.623354,70095.774871,70096.029861,70096.029861,70096.029872
1789036638.1307,timeline,3,-1,21672,173.0,0.0,174.0,0.084,,,,,70095.624604,70095.77452,70096.046604,70096.046604,70096.046617
1789036638.1234,timeline,2,-1,21671,173.0,0.0,174.0,0.099,,,,,70095.625781,70095.774275,70096.039347,70096.039347,70096.03936
1789036638.1636,timeline,0,-1,21669,173.0,0.0,174.0,0.138,,,,,70095.625896,70095.774604,70096.079487,70096.079487,70096.079499
1789036639.8385,timeline,1,-1,21670,174.0,0.0,175.0,0.083,,,,,70096.030243,70097.724187,70097.754377,70097.754377,70097.754392
1789036639.8313,timeline,2,-1,21671,174.0,0.0,175.0,0.108,,,,,70096.039786,70097.72633,70097.747251,70097.747251,70097.747266
1789036639.8314,timeline,0,-1,21669,174.0,0.0,175.0,0.128,,,,,70096.080018,70097.726323,70097.747347,70097.747347,70097.747366
1789036639.8301,timeline,3,-1,21672,174.0,0.0,175.0,1590.334,,,,,70097.637175,70097.726144,70097.746014,70097.746014,70097.746028
1789036640.001,timeline,3,-1,21672,175.0,0.0,176.0,0.085,,,,,70097.746383,70097.897591,70097.916957,70097.916957,70097.916973
1789036640.0023,timeline,2,-1,21671,175.0,0.0,176.0,0.097,,,,,70097.747647,70097.897963,70097.918194,70097.918194,70097.918208
1789036640.0021,timeline,0,-1,21669,175.0,0.0,176.0,0.168,,,,,70097.747829,70097.898174,70097.918029,70097.918029,70097.918045
1789036640.002,timeline,1,-1,21670,175.0,0.0,176.0,0.101,,,,,70097.754766,70097.897832,70097.917901,70097.917901,70097.917915
1789036641.8896,timeline,1,-1,21670,176.0,0.0,177.0,0.098,,,,,70097.918258,70099.536438,70099.805501,70099.805501,70099.805512
1789036641.9124,timeline,0,-1,21669,176.0,0.0,177.0,0.133,,,,,70097.91853,70099.53785,70099.828317,70099.828317,70099.82833
1789036641.8891,timeline,2,-1,21671,176.0,0.0,177.0,0.108,,,,,70097.918572,70099.538306,70099.804985,70099.804985,70099.804999
1789036641.8915,timeline,3,-1,21672,176.0,0.0,177.0,1532.302,,,,,70099.449521,70099.539414,70099.80745,70099.80745,70099.807463
1789036642.0203,timeline,2,-1,21671,177.0,0.0,178.0,0.077,,,,,70099.80536,70099.915261,70099.936244,70099.936244,70099.936258
1789036642.0211,timeline,1,-1,21670,177.0,0.0,178.0,0.089,,,,,70099.805882,70099.916172,70099.937036,70099.937036,70099.93705
1789036642.0252,timeline,3,-1,21672,177.0,0.0,178.0,0.229,,,,,70099.807868,70099.916829,70099.941102,70099.941102,70099.941118
1789036642.0195,timeline,0,-1,21669,177.0,0.0,178.0,0.153,,,,,70099.828828,70099.914881,70099.935369,70099.935369,70099.935382
1789036644.2801,timeline,0,-1,21669,178.0,0.0,179.0,0.118,,,,,70099.935639,70102.141072,70102.19599,70102.19599,70102.196023
1789036644.2463,timeline,2,-1,21671,178.0,0.0,179.0,0.116,,,,,70099.936519,70102.141065,70102.16221,70102.16221,70102.162234
1789036644.2443,timeline,1,-1,21670,178.0,0.0,179.0,0.097,,,,,70099.93746,70102.139407,70102.160196,70102.160196,70102.16021
1789036644.2459,timeline,3,-1,21672,178.0,0.0,179.0,2110.156,,,,,70102.05153,70102.140981,70102.161763,70102.161763,70102.16178
1789036644.6965,timeline,1,-1,21670,179.0,0.0,180.0,0.099,,,,,70102.160567,70102.337388,70102.612457,70102.612457,70102.612469
1789036644.6871,timeline,3,-1,21672,179.0,0.0,180.0,0.094,,,,,70102.162033,70102.337302,70102.60297,70102.60297,70102.602985
1789036644.7064,timeline,2,-1,21671,179.0,0.0,180.0,0.117,,,,,70102.162664,70102.336892,70102.622323,70102.622323,70102.622333
1789036644.6751,timeline,0,-1,21669,179.0,0.0,180.0,0.131,,,,,70102.196405,70102.33687,70102.591059,70102.591059,70102.59107
1789036646.7336,timeline,0,-1,21669,180.0,0.0,181.0,0.108,,,,,70102.591337,70104.555625,70104.639984,70104.639984,70104.649561
1789036646.7298,timeline,1,-1,21670,180.0,0.0,181.0,0.083,,,,,70102.612828,70104.554287,70104.639985,70104.639985,70104.645695
1789036646.7297,timeline,2,-1,21671,180.0,0.0,181.0,0.088,,,,,70102.622683,70104.555557,70104.639983,70104.639983,70104.645598
1789036646.7297,timeline,3,-1,21672,180.0,0.0,181.0,1862.601,,,,,70104.465966,70104.556023,70104.639988,70104.639988,70104.64566
1789036646.8432,timeline,2,-1,21671,181.0,0.0,182.0,0.11,,,,,70104.645997,70104.738032,70104.759113,70104.759113,70104.759132
1789036646.8469,timeline,3,-1,21672,181.0,0.0,182.0,0.109,,,,,70104.646028,70104.737912,70104.762775,70104.762775,70104.762799
1789036646.8422,timeline,1,-1,21670,181.0,0.0,182.0,0.104,,,,,70104.646059,70104.737336,70104.758087,70104.758087,70104.758102
1789036646.8413,timeline,0,-1,21669,181.0,0.0,182.0,0.142,,,,,70104.649949,70104.737126,70104.757208,70104.757208,70104.757223
1789036649.7073,timeline,0,-1,21669,182.0,0.0,183.0,0.392,,,,,70104.757871,70107.366161,70107.62322,70107.62322,70107.623233
1789036649.7222,timeline,1,-1,21670,182.0,0.0,183.0,0.087,,,,,70104.758476,70107.365388,70107.638162,70107.638162,70107.638174
1789036649.7045,timeline,2,-1,21671,182.0,0.0,183.0,0.129,,,,,70104.759593,70107.365858,70107.620374,70107.620374,70107.620387
1789036649.7129,timeline,3,-1,21672,182.0,0.0,183.0,2514.321,,,,,70107.277376,70107.365984,70107.628793,70107.628793,70107.628803
1789036649.8314,timeline,2,-1,21671,183.0,0.0,184.0,0.078,,,,,70107.620804,70107.726444,70107.747342,70107.747342,70107.747357
1789036649.8312,timeline,0,-1,21669,183.0,0.0,184.0,0.153,,,,,70107.623686,70107.727031,70107.747143,70107.747143,70107.747159
1789036649.8347,timeline,3,-1,21672,183.0,0.0,184.0,0.079,,,,,70107.629184,70107.727222,70107.750576,70107.750576,70107.750593
1789036649.8317,timeline,1,-1,21670,183.0,0.0,184.0,0.095,,,,,70107.638615,70107.72657,70107.747576,70107.747576,70107.747589
1789036652.1331,timeline,2,-1,21671,184.0,0.0,185.0,0.131,,,,,70107.747802,70110.027711,70110.048992,70110.048992,70110.049008
1789036652.138,timeline,0,-1,21669,184.0,0.0,185.0,0.429,,,,,70107.747881,70110.03331,70110.053863,70110.053863,70110.053882
1789036652.168,timeline,1,-1,21670,184.0,0.0,185.0,0.087,,,,,70107.747968,70110.063061,70110.083868,70110.083868,70110.083887
1789036652.133,timeline,3,-1,21672,184.0,0.0,185.0,2165.918,,,,,70109.916755,70110.027897,70110.048886,70110.048886,70110.048902
1789036652.5747,timeline,3,-1,21672,185.0,0.0,186.0,0.098,,,,,70110.049275,70110.234028,70110.490573,70110.490573,70110.490584
1789036652.5676,timeline,2,-1,21671,185.0,0.0,186.0,0.097,,,,,70110.049393,70110.233802,70110.48351,70110.48351,70110.483522
1789036652.5796,timeline,0,-1,21669,185.0,0.0,186.0,0.186,,,,,70110.054415,70110.233853,70110.495508,70110.495508,70110.495518
1789036652.5668,timeline,1,-1,21670,185.0,0.0,186.0,0.141,,,,,70110.084187,70110.233868,70110.482725,70110.482725,70110.482736
1789036654.2476,timeline,1,-1,21670,186.0,0.0,187.0,0.073,,,,,70110.483137,70112.142823,70112.163533,70112.163533,70112.163552
1789036654.2478,timeline,2,-1,21671,186.0,0.0,187.0,0.093,,,,,70110.483967,70112.142928,70112.163664,70112.163664,70112.16368
1789036654.2475,timeline,0,-1,21669,186.0,0.0,187.0,0.309,,,,,70110.495983,70112.142812,70112.163372,70112.163372,70112.163389
1789036654.2458,timeline,3,-1,21672,186.0,0.0,187.0,1563.435,,,,,70112.05425,70112.141026,70112.161736,70112.161736,70112.161754
1789036654.4195,timeline,3,-1,21672,187.0,0.0,188.0,0.096,,,,,70112.162113,70112.31513,70112.335416,70112.335416,70112.33543
1789036654.421,timeline,0,-1,21669,187.0,0.0,188.0,0.145,,,,,70112.163823,70112.316558,70112.33694,70112.33694,70112.336954
1789036654.4203,timeline,1,-1,21670,187.0,0.0,188.0,0.129,,,,,70112.164236,70112.315467,70112.336188,70112.336188,70112.3362
1789036654.4205,timeline,2,-1,21671,187.0,0.0,188.0,0.093,,,,,70112.164345,70112.315531,70112.336434,70112.336434,70112.336448
1789036656.6349,timeline,1,-1,21670,188.0,0.0,189.0,0.084,,,,,70112.336538,70114.300654,70114.550847,70114.550847,70114.550858
1789036656.6438,timeline,2,-1,21671,188.0,0.0,189.0,0.11,,,,,70112.336808,70114.300883,70114.559705,70114.559705,70114.559715
1789036656.6483,timeline,0,-1,21669,188.0,0.0,189.0,0.126,,,,,70112.337426,70114.301945,70114.564179,70114.564179,70114.56419
1789036656.6446,timeline,3,-1,21672,188.0,0.0,189.0,1878.723,,,,,70114.214384,70114.302438,70114.560546,70114.560546,70114.560558
1789036656.7558,timeline,1,-1,21670,189.0,0.0,190.0,0.09,,,,,70114.55123,70114.651052,70114.671714,70114.671714,70114.671725
1789036656.7556,timeline,2,-1,21671,189.0,0.0,190.0,0.078,,,,,70114.560486,70114.650867,70114.671565,70114.671565,70114.671576
1789036656.7582,timeline,3,-1,21672,189.0,0.0,190.0,0.08,,,,,70114.560787,70114.653705,70114.674142,70114.674142,70114.674158
1789036656.7565,timeline,0,-1,21669,189.0,0.0,190.0,0.129,,,,,70114.564601,70114.651943,70114.672421,70114.672421,70114.672433
1789036658.8665,timeline,2,-1,21671,190.0,0.0,191.0,0.101,,,,,70114.6718,70116.76188,70116.782457,70116.782457,70116.782472
1789036658.8651,timeline,1,-1,21670,190.0,0.0,191.0,0.091,,,,,70114.672297,70116.760026,70116.781036,70116.781036,70116.781051
1789036658.8672,timeline,0,-1,21669,190.0,0.0,191.0,0.117,,,,,70114.672766,70116.762586,70116.783093,70116.783093,70116.783108
1789036658.8655,timeline,3,-1,21672,190.0,0.0,191.0,1997.478,,,,,70116.671858,70116.760552,70116.781414,70116.781414,70116.781429
1789036659.288,timeline,1,-1,21670,191.0,0.0,192.0,0.107,,,,,70116.781421,70116.955416,70117.203935,70117.203935,70117.203946
1789036659.2854,timeline,3,-1,21672,191.0,0.0,192.0,0.101,,,,,70116.78181,70116.949113,70117.201267,70117.201267,70117.20128
1789036659.2936,timeline,2,-1,21671,191.0,0.0,192.0,0.098,,,,,70116.782867,70116.949114,70117.209493,70117.209493,70117.209508
1789036659.309,timeline,0,-1,21669,191.0,0.0,192.0,0.155,,,,,70116.783554,70116.949105,70117.224911,70117.224911,70117.224925
1789036661.1548,timeline,1,-1,21670,192.0,0.0,193.0,0.077,,,,,70117.204167,70119.040265,70119.070674,70119.070674,70119.070687
1789036661.1556,timeline,2,-1,21671,192.0,0.0,193.0,0.102,,,,,70117.209773,70119.039389,70119.071521,70119.071521,70119.071535
1789036661.1445,timeline,0,-1,21669,192.0,0.0,193.0,0.133,,,,,70117.225219,70119.03938,70119.060398,70119.060398,70119.060415
1789036661.144,timeline,3,-1,21672,192.0,0.0,193.0,1725.064,,,,,70118.926579,70119.03921,70119.05989,70119.05989,70119.059904
1789036661.3177,timeline,3,-1,21672,193.0,0.0,194.0,0.114,,,,,70119.060169,70119.212288,70119.233639,70119.233639,70119.233655
1789036661.3171,timeline,0,-1,21669,193.0,0.0,194.0,0.156,,,,,70119.06073,70119.212667,70119.23299,70119.23299,70119.233005
1789036661.3147,timeline,1,-1,21670,193.0,0.0,194.0,0.1,,,,,70119.071059,70119.209924,70119.230637,70119.230637,70119.230652
1789036661.3168,timeline,2,-1,21671,193.0,0.0,194.0,0.093,,,,,70119.071908,70119.211863,70119.232717,70119.232717,70119.232736
1789036663.9868,timeline,1,-1,21670,194.0,0.0,195.0,0.085,,,,,70119.23101,70121.65586,70121.902743,70121.902743,70121.902753
1789036663.9983,timeline,2,-1,21671,194.0,0.0,195.0,0.121,,,,,70119.233137,70121.656939,70121.914245,70121.914245,70121.914259
1789036664.0127,timeline,0,-1,21669,194.0,0.0,195.0,0.15,,,,,70119.233682,70121.656932,70121.928616,70121.928616,70121.928633
1789036664.0253,timeline,3,-1,21672,194.0,0.0,195.0,2334.763,,,,,70121.568656,70121.657082,70121.941246,70121.941246,70121.941262
1789036664.1347,timeline,1,-1,21670,195.0,0.0,196.0,0.084,,,,,70121.90311,70122.027492,70122.05063,70122.05063,70122.050643
1789036664.1336,timeline,2,-1,21671,195.0,0.0,196.0,0.082,,,,,70121.914654,70122.028655,70122.049463,70122.049463,70122.049477
1789036664.1344,timeline,0,-1,21669,195.0,0.0,196.0,0.174,,,,,70121.929179,70122.029815,70122.050312,70122.050312,70122.050325
1789036664.1364,timeline,3,-1,21672,195.0,0.0,196.0,0.102,,,,,70121.941542,70122.031386,70122.052354,70122.052354,70122.052368
1789036666.4653,timeline,2,-1,21671,196.0,0.0,197.0,0.113,,,,,70122.049871,70124.350983,70124.381189,70124.381189,70124.381206
1789036666.4555,timeline,1,-1,21670,196.0,0.0,197.0,0.086,,,,,70122.05086,70124.350552,70124.371457,70124.371457,70124.371471
1789036666.4572,timeline,0,-1,21669,196.0,0.0,197.0,0.15,,,,,70122.050927,70124.35086,70124.373152,70124.373152,70124.373169
1789036666.4584,timeline,3,-1,21672,196.0,0.0,197.0,2208.958,,,,,70124.261621,70124.351067,70124.374312,70124.374312,70124.374334
1789036666.8635,timeline,1,-1,21670,197.0,0.0,198.0,0.114,,,,,70124.371741,70124.523466,70124.779414,70124.779414,70124.779425
1789036666.8695,timeline,0,-1,21669,197.0,0.0,198.0,0.15,,,,,70124.373494,70124.523097,70124.785398,70124.785398,70124.785412
1789036666.8664,timeline,3,-1,21672,197.0,0.0,198.0,0.12,,,,,70124.374638,70124.523874,70124.782332,70124.782332,70124.782346
1789036666.8641,timeline,2,-1,21671,197.0,0.0,198.0,0.101,,,,,70124.381658,70124.523193,70124.779974,70124.779974,70124.779987
1789036668.7346,timeline,1,-1,21670,198.0,0.0,199.0,0.077,,,,,70124.779804,70126.630834,70126.650505,70126.650505,70126.65052
1789036668.7364,timeline,2,-1,21671,198.0,0.0,199.0,0.104,,,,,70124.780414,70126.630714,70126.65226,70126.65226,70126.652278
1789036668.7368,timeline,0,-1,21669,198.0,0.0,199.0,0.152,,,,,70124.785751,70126.631049,70126.652673,70126.652673,70126.652693
1789036668.7351,timeline,3,-1,21672,198.0,0.0,199.0,1757.694,,,,,70126.54046,70126.629974,70126.651029,70126.651029,70126.651046
1789036668.9051,timeline,1,-1,21670,199.0,0.0,200.0,0.106,,,,,70126.650923,70126.801423,70126.821044,70126.821044,70126.821056
1789036668.9091,timeline,3,-1,21672,199.0,0.0,200.0,0.099,,,,,70126.651427,70126.804345,70126.824989,70126.824989,70126.825005
1789036668.9321,timeline,2,-1,21671,199.0,0.0,200.0,0.094,,,,,70126.652547,70126.826186,70126.848045,70126.848045,70126.848065
1789036668.9067,timeline,0,-1,21669,199.0,0.0,200.0,0.162,,,,,70126.653027,70126.80238,70126.822622,70126.822622,70126.82264
1789036671.691,timeline,1,-1,21670,200.0,0.0,201.0,0.08,,,,,70126.821417,70129.263923,70129.597486,70129.597486,70129.606956
1789036671.6951,timeline,0,-1,21669,200.0,0.0,201.0,0.153,,,,,70126.823084,70129.262815,70129.597425,70129.597425,70129.610987
1789036671.691,timeline,2,-1,21671,200.0,0.0,201.0,0.123,,,,,70126.848649,70129.262546,70129.601688,70129.601688,70129.606964
1789036671.6911,timeline,3,-1,21672,200.0,0.0,201.0,2348.023,,,,,70129.173269,70129.262227,70129.597466,70129.597466,70129.606994
1789036671.8014,timeline,1,-1,21670,201.0,0.0,202.0,0.111,,,,,70129.607329,70129.697695,70129.717309,70129.717309,70129.717321
1789036671.8036,timeline,3,-1,21672,201.0,0.0,202.0,0.109,,,,,70129.607386,70129.699172,70129.719502,70129.719502,70129.719514
1789036671.8022,timeline,2,-1,21671,201.0,0.0,202.0,0.113,,,,,70129.607422,70129.698354,70129.718072,70129.718072,70129.718089
1789036671.8017,timeline,0,-1,21669,201.0,0.0,202.0,0.194,,,,,70129.611552,70129.697947,70129.71762,70129.71762,70129.717635
1789036673.6597,timeline,1,-1,21670,202.0,0.0,203.0,0.09,,,,,70129.717658,70131.55575,70131.57559,70131.57559,70131.575609
1789036673.6644,timeline,0,-1,21669,202.0,0.0,203.0,0.139,,,,,70129.718155,70131.561172,70131.580317,70131.580317,70131.580334
1789036673.6648,timeline,2,-1,21671,202.0,0.0,203.0,0.114,,,,,70129.718469,70131.561193,70131.580746,70131.580746,70131.580765
1789036673.6605,timeline,3,-1,21672,202.0,0.0,203.0,1741.292,,,,,70131.461036,70131.555813,70131.576398,70131.576398,70131.576414
1789036674.0614,timeline,1,-1,21670,203.0,0.0,204.0,0.114,,,,,70131.576156,70131.731666,70131.977298,70131.977298,70131.977309
1789036674.0665,timeline,3,-1,21672,203.0,0.0,204.0,0.09,,,,,70131.576755,70131.731047,70131.982379,70131.982379,70131.982394
1789036674.0666,timeline,0,-1,21669,203.0,0.0,204.0,0.142,,,,,70131.580639,70131.731594,70131.982531,70131.982531,70131.982543
1789036674.0669,timeline,2,-1,21671,203.0,0.0,204.0,0.087,,,,,70131.58101,70131.730796,70131.982846,70131.982846,70131.982858
1789036675.9659,timeline,1,-1,21670,204.0,0.0,205.0,0.079,,,,,70131.977688,70133.862055,70133.881815,70133.881815,70133.88183
1789036675.9643,timeline,0,-1,21669,204.0,0.0,205.0,0.15,,,,,70131.983184,70133.859504,70133.880165,70133.880165,70133.88018
1789036675.9638,timeline,2,-1,21671,204.0,0.0,205.0,0.106,,,,,70131.983251,70133.859802,70133.879697,70133.879697,70133.879714
1789036675.9621,timeline,3,-1,21672,204.0,0.0,205.0,1787.903,,,,,70133.77054,70133.857726,70133.878059,70133.878059,70133.878074
1789036676.1388,timeline,3,-1,21672,205.0,0.0,206.0,0.09,,,,,70133.878425,70134.034722,70134.054755,70134.054755,70134.05477
1789036676.1408,timeline,2,-1,21671,205.0,0.0,206.0,0.104,,,,,70133.880114,70134.034297,70134.056673,70134.056673,70134.056687
1789036676.1407,timeline,0,-1,21669,205.0,0.0,206.0,0.142,,,,,70133.880463,70134.03434,70134.056603,70134.056603,70134.056622
1789036676.1356,timeline,1,-1,21670,205.0,0.0,206.0,0.096,,,,,70133.882193,70134.031951,70134.051545,70134.051545,70134.051562
1789036678.4878,timeline,1,-1,21670,206.0,0.0,207.0,0.093,,,,,70134.051801,70136.14213,70136.403725,70136.403725,70136.403736
1789036678.4793,timeline,0,-1,21669,206.0,0.0,207.0,0.155,,,,,70134.056959,70136.136026,70136.395253,70136.395253,70136.395263
1789036678.4742,timeline,2,-1,21671,206.0,0.0,207.0,0.131,,,,,70134.056973,70136.141166,70136.390123,70136.390123,70136.390134
1789036678.4739,timeline,3,-1,21672,206.0,0.0,207.0,1972.605,,,,,70136.027608,70136.136219,70136.389779,70136.389779,70136.38979
1789036678.6006,timeline,3,-1,21672,207.0,0.0,208.0,0.077,,,,,70136.390018,70136.491725,70136.516517,70136.516517,70136.516532
1789036678.5958,timeline,2,-1,21671,207.0,0.0,208.0,0.225,,,,,70136.390509,70136.49125,70136.511683,70136.511683,70136.511695
1789036678.5956,timeline,0,-1,21669,207.0,0.0,208.0,0.277,,,,,70136.3957,70136.49127,70136.511512,70136.511512,70136.511527
1789036678.5947,timeline,1,-1,21670,207.0,0.0,208.0,0.078,,,,,70136.404077,70136.490441,70136.510608,70136.510608,70136.510621
1789036680.9957,timeline,1,-1,21670,208.0,0.0,209.0,0.096,,,,,70136.51097,70138.892148,70138.91158,70138.91158,70138.911593
1789036680.9972,timeline,0,-1,21669,208.0,0.0,209.0,0.144,,,,,70136.511937,70138.89253,70138.913148,70138.913148,70138.913166
1789036680.9966,timeline,2,-1,21671,208.0,0.0,209.0,214.125,,,,,70136.726011,70138.891596,70138.912528,70138.912528,70138.912542
1789036680.9956,timeline,3,-1,21672,208.0,0.0,209.0,2286.253,,,,,70138.803019,70138.891255,70138.911543,70138.911543,70138.911558
1789036681.4026,timeline,3,-1,21672,209.0,0.0,210.0,0.089,,,,,70138.911793,70139.063028,70139.318472,70139.318472,70139.318485
1789036681.4082,timeline,1,-1,21670,209.0,0.0,210.0,0.094,,,,,70138.91199,70139.063517,70139.324103,70139.324103,70139.324113
1789036681.3948,timeline,2,-1,21671,209.0,0.0,210.0,0.092,,,,,70138.912895,70139.063468,70139.310721,70139.310721,70139.310732
1789036681.406,timeline,0,-1,21669,209.0,0.0,210.0,0.167,,,,,70138.913612,70139.063538,70139.321904,70139.321904,70139.321916
1789036683.7265,timeline,0,-1,21669,210.0,0.0,211.0,0.161,,,,,70139.322496,70141.621843,70141.642412,70141.642412,70141.642426
1789036683.7252,timeline,1,-1,21670,210.0,0.0,211.0,0.088,,,,,70139.324336,70141.620897,70141.64112,70141.64112,70141.641138
1789036683.7265,timeline,2,-1,21671,210.0,0.0,211.0,662.378,,,,,70139.973333,70141.621681,70141.642379,70141.642379,70141.642393
1789036683.7257,timeline,3,-1,21672,210.0,0.0,211.0,2213.937,,,,,70141.532658,70141.62166,70141.641623,70141.641623,70141.641639
1789036683.898,timeline,1,-1,21670,211.0,0.0,212.0,0.118,,,,,70141.641535,70141.794365,70141.813946,70141.813946,70141.813962
1789036683.8986,timeline,3,-1,21672,211.0,0.0,212.0,0.094,,,,,70141.642014,70141.795328,70141.814525,70141.814525,70141.814541
1789036683.8982,timeline,2,-1,21671,211.0,0.0,212.0,0.093,,,,,70141.642766,70141.793573,70141.814078,70141.814078,70141.814091
1789036683.8981,timeline,0,-1,21669,211.0,0.0,212.0,0.14,,,,,70141.642826,70141.793861,70141.814031,70141.814031,70141.814046
1789036686.4699,timeline,1,-1,21670,212.0,0.0,213.0,0.1,,,,,70141.814204,70144.086322,70144.385791,70144.385791,70144.385803
1789036686.4515,timeline,0,-1,21669,212.0,0.0,213.0,0.134,,,,,70141.814332,70144.087073,70144.36743,70144.36743,70144.367441
1789036686.4242,timeline,2,-1,21671,212.0,0.0,213.0,810.142,,,,,70142.62443,70144.086289,70144.340072,70144.340072,70144.340082
1789036686.4203,timeline,3,-1,21672,212.0,0.0,213.0,2183.424,,,,,70143.998205,70144.087574,70144.336237,70144.336237,70144.336251
1789036686.5774,timeline,3,-1,21672,213.0,0.0,214.0,0.085,,,,,70144.336678,70144.473664,70144.493343,70144.493343,70144.493358
1789036686.5776,timeline,2,-1,21671,213.0,0.0,214.0,0.08,,,,,70144.340319,70144.473116,70144.493496,70144.493496,70144.49351
1789036686.5771,timeline,0,-1,21669,213.0,0.0,214.0,0.127,,,,,70144.367728,70144.472663,70144.492976,70144.492976,70144.492988
1789036686.5772,timeline,1,-1,21670,213.0,0.0,214.0,0.083,,,,,70144.386145,70144.472999,70144.493096,70144.493096,70144.493114
1789036688.6688,timeline,0,-1,21669,214.0,0.0,215.0,0.13,,,,,70144.493369,70146.564228,70146.584715,70146.584715,70146.584731
1789036688.6675,timeline,1,-1,21670,214.0,0.0,215.0,0.12,,,,,70144.493565,70146.563801,70146.583422,70146.583422,70146.583437
1789036688.6679,timeline,2,-1,21671,214.0,0.0,215.0,551.829,,,,,70145.045813,70146.562683,70146.583847,70146.583847,70146.583865
1789036688.6697,timeline,3,-1,21672,214.0,0.0,215.0,1981.192,,,,,70146.474791,70146.563799,70146.58564,70146.58564,70146.585654
1789036689.067,timeline,1,-1,21670,215.0,0.0,216.0,0.096,,,,,70146.583785,70146.73821,70146.982937,70146.982937,70146.982953
1789036689.0716,timeline,2,-1,21671,215.0,0.0,216.0,0.113,,,,,70146.58429,70146.738079,70146.987525,70146.987525,70146.987542
1789036689.1536,timeline,0,-1,21669,215.0,0.0,216.0,0.156,,,,,70146.585159,70146.738069,70147.069513,70147.069513,70147.069533
1789036689.0891,timeline,3,-1,21672,215.0,0.0,216.0,0.103,,,,,70146.586045,70146.739264,70147.004977,70147.004977,70147.004995
1789036691.5896,timeline,1,-1,21670,216.0,0.0,217.0,0.092,,,,,70146.983359,70149.485283,70149.505486,70149.505486,70149.505506
1789036691.5956,timeline,0,-1,21669,216.0,0.0,217.0,0.178,,,,,70147.070136,70149.48967,70149.511482,70149.511482,70149.51152
1789036691.5926,timeline,2,-1,21671,216.0,0.0,217.0,1103.752,,,,,70148.091596,70149.487173,70149.508555,70149.508555,70149.50857
1789036691.5905,timeline,3,-1,21672,216.0,0.0,217.0,2390.345,,,,,70149.395595,70149.484231,70149.5064,70149.5064,70149.506418
1789036691.779,timeline,1,-1,21670,217.0,0.0,218.0,0.116,,,,,70149.505943,70149.675435,70149.694883,70149.694883,70149.694896
1789036691.7856,timeline,3,-1,21672,217.0,0.0,218.0,0.195,,,,,70149.507158,70149.67592,70149.701464,70149.701464,70149.701487
1789036691.786,timeline,2,-1,21671,217.0,0.0,218.0,0.09,,,,,70149.50894,70149.681792,70149.701912,70149.701912,70149.701927
1789036691.7813,timeline,0,-1,21669,217.0,0.0,218.0,0.264,,,,,70149.512277,70149.675935,70149.697224,70149.697224,70149.697243
1789036693.9058,timeline,1,-1,21670,218.0,0.0,219.0,0.091,,,,,70149.69526,70151.531724,70151.821665,70151.821665,70151.821677
1789036693.8915,timeline,0,-1,21669,218.0,0.0,219.0,0.193,,,,,70149.697806,70151.534536,70151.807399,70151.807399,70151.807413
1789036693.9021,timeline,2,-1,21671,218.0,0.0,219.0,0.108,,,,,70149.702261,70151.533762,70151.818059,70151.818059,70151.818069
1789036693.8752,timeline,3,-1,21672,218.0,0.0,219.0,1742.441,,,,,70151.444327,70151.533505,70151.791101,70151.791101,70151.791116
1789036694.042,timeline,3,-1,21672,219.0,0.0,220.0,0.095,,,,,70151.791688,70151.910649,70151.957951,70151.957951,70151.957967
1789036694.0136,timeline,0,-1,21669,219.0,0.0,220.0,0.175,,,,,70151.807945,70151.909232,70151.929488,70151.929488,70151.929506
1789036694.0145,timeline,2,-1,21671,219.0,0.0,220.0,0.076,,,,,70151.818403,70151.909258,70151.930409,70151.930409,70151.930424
1789036694.0421,timeline,1,-1,21670,219.0,0.0,220.0,0.081,,,,,70151.822009,70151.908653,70151.95802,70151.95802,70151.958034
1789036695.8821,timeline,0,-1,21669,220.0,0.0,221.0,0.145,,,,,70151.929924,70153.702674,70153.787544,70153.787544,70153.79799
1789036695.8776,timeline,2,-1,21671,220.0,0.0,221.0,0.111,,,,,70151.930764,70153.702313,70153.787543,70153.787543,70153.79349
1789036695.8775,timeline,1,-1,21670,220.0,0.0,221.0,0.09,,,,,70151.958378,70153.702386,70153.787507,70153.787507,70153.793403
1789036695.8777,timeline,3,-1,21672,220.0,0.0,221.0,1654.575,,,,,70153.612775,70153.70256,70153.787552,70153.787552,70153.793629
1789036696.2427,timeline,1,-1,21670,221.0,0.0,222.0,0.098,,,,,70153.793755,70153.886118,70154.158582,70154.158582,70154.158595
1789036696.243,timeline,2,-1,21671,221.0,0.0,222.0,0.158,,,,,70153.794013,70153.885978,70154.158947,70154.158947,70154.158958
1789036696.2441,timeline,3,-1,21672,221.0,0.0,222.0,0.29,,,,,70153.794085,70153.887037,70154.160015,70154.160015,70154.16003
1789036696.2295,timeline,0,-1,21669,221.0,0.0,222.0,0.197,,,,,70153.798475,70153.891411,70154.145414,70154.145414,70154.145427
1789036698.0333,timeline,0,-1,21669,222.0,0.0,223.0,0.107,,,,,70154.145825,70155.929575,70155.949233,70155.949233,70155.949247
1789036698.0338,timeline,1,-1,21670,222.0,0.0,223.0,0.085,,,,,70154.158821,70155.929505,70155.949701,70155.949701,70155.949715
1789036698.0331,timeline,2,-1,21671,222.0,0.0,223.0,0.088,,,,,70154.159182,70155.929573,70155.949008,70155.949008,70155.949024
1789036698.0343,timeline,3,-1,21672,222.0,0.0,223.0,1681.076,,,,,70155.841338,70155.929546,70155.950163,70155.950163,70155.950177
1789036698.2052,timeline,2,-1,21671,223.0,0.0,224.0,0.092,,,,,70155.949401,70156.101054,70156.121087,70156.121087,70156.121103
1789036698.2052,timeline,0,-1,21669,223.0,0.0,224.0,0.139,,,,,70155.949619,70156.101039,70156.121139,70156.121139,70156.121154
1789036698.2047,timeline,1,-1,21670,223.0,0.0,224.0,0.098,,,,,70155.950064,70156.101119,70156.120587,70156.120587,70156.1206
1789036698.2068,timeline,3,-1,21672,223.0,0.0,224.0,0.099,,,,,70155.950568,70156.102037,70156.122713,70156.122713,70156.122726
1789036699.9992,timeline,1,-1,21670,224.0,0.0,225.0,0.093,,,,,70156.120965,70157.668969,70157.915154,70157.915154,70157.915165
1789036700.0044,timeline,2,-1,21671,224.0,0.0,225.0,0.111,,,,,70156.121483,70157.670051,70157.92027,70157.92027,70157.920281
1789036700.0128,timeline,0,-1,21669,224.0,0.0,225.0,0.123,,,,,70156.121494,70157.670717,70157.928719,70157.928719,70157.928735
1789036700.0025,timeline,3,-1,21672,224.0,0.0,225.0,1459.148,,,,,70157.582117,70157.670615,70157.918418,70157.918418,70157.918432
1789036700.1189,timeline,1,-1,21670,225.0,0.0,226.0,0.115,,,,,70157.915552,70158.015465,70158.034853,70158.034853,70158.034865
1789036700.121,timeline,3,-1,21672,225.0,0.0,226.0,0.078,,,,,70157.918684,70158.017403,70158.036911,70158.036911,70158.036926
1789036700.1201,timeline,2,-1,21671,225.0,0.0,226.0,0.078,,,,,70157.920661,70158.016107,70158.035983,70158.035983,70158.035996
1789036700.1199,timeline,0,-1,21669,225.0,0.0,226.0,0.172,,,,,70157.929247,70158.016148,70158.035856,70158.035856,70158.035869
1789036702.2114,timeline,1,-1,21670,226.0,0.0,227.0,0.093,,,,,70158.035214,70160.107836,70160.127293,70160.127293,70160.127307
1789036702.2137,timeline,0,-1,21669,226.0,0.0,227.0,0.15,,,,,70158.036278,70160.110007,70160.129587,70160.129587,70160.129603
1789036702.2138,timeline,2,-1,21671,226.0,0.0,227.0,0.105,,,,,70158.036352,70160.109712,70160.129738,70160.129738,70160.129754
1789036702.2153,timeline,3,-1,21672,226.0,0.0,227.0,1981.895,,,,,70160.019054,70160.110651,70160.131187,70160.131187,70160.131204
1789036702.6227,timeline,1,-1,21670,227.0,0.0,228.0,0.098,,,,,70160.12764,70160.297592,70160.538646,70160.538646,70160.538659
1789036702.6332,timeline,2,-1,21671,227.0,0.0,228.0,0.095,,,,,70160.130007,70160.297231,70160.549088,70160.549088,70160.549101
1789036702.6349,timeline,0,-1,21669,227.0,0.0,228.0,0.15,,,,,70160.130175,70160.303622,70160.550853,70160.550853,70160.550865
1789036702.6344,timeline,3,-1,21672,227.0,0.0,228.0,0.099,,,,,70160.131625,70160.297453,70160.550358,70160.550358,70160.550374
1789036704.4432,timeline,1,-1,21670,228.0,0.0,229.0,0.072,,,,,70160.538998,70162.33922,70162.3591,70162.3591,70162.359114
1789036704.4434,timeline,2,-1,21671,228.0,0.0,229.0,0.096,,,,,70160.549512,70162.339469,70162.359306,70162.359306,70162.359321
1789036704.443,timeline,0,-1,21669,228.0,0.0,229.0,0.161,,,,,70160.55149,70162.339636,70162.358915,70162.358915,70162.358935
1789036704.4432,timeline,3,-1,21672,228.0,0.0,229.0,1700.412,,,,,70162.251077,70162.339809,70162.359119,70162.359119,70162.359135
1789036704.6168,timeline,0,-1,21669,229.0,0.0,230.0,0.144,,,,,70162.359374,70162.512511,70162.532691,70162.532691,70162.532711
1789036704.617,timeline,2,-1,21671,229.0,0.0,230.0,0.089,,,,,70162.359569,70162.512413,70162.532902,70162.532902,70162.532917
1789036704.6154,timeline,1,-1,21670,229.0,0.0,230.0,0.099,,,,,70162.359573,70162.512026,70162.531346,70162.531346,70162.531361
1789036704.6148,timeline,3,-1,21672,229.0,0.0,230.0,0.084,,,,,70162.359594,70162.511767,70162.53075,70162.53075,70162.530762
1789036707.1494,timeline,1,-1,21670,230.0,0.0,231.0,0.08,,,,,70162.531678,70164.808115,70165.065343,70165.065343,70165.065355
1789036707.1504,timeline,2,-1,21671,230.0,0.0,231.0,0.108,,,,,70162.533169,70164.811532,70165.066336,70165.066336,70165.066353
1789036707.1709,timeline,0,-1,21669,230.0,0.0,231.0,0.142,,,,,70162.533214,70164.808426,70165.086772,70165.086772,70165.086793
1789036707.1406,timeline,3,-1,21672,230.0,0.0,231.0,2166.14,,,,,70164.697174,70164.808172,70165.056469,70165.056469,70165.056483
1789036707.2813,timeline,3,-1,21672,231.0,0.0,232.0,0.112,,,,,70165.057243,70165.176619,70165.19722,70165.19722,70165.197235
1789036707.2801,timeline,1,-1,21670,231.0,0.0,232.0,0.1,,,,,70165.065759,70165.175963,70165.196011,70165.196011,70165.196026
1789036707.2795,timeline,2,-1,21671,231.0,0.0,232.0,0.091,,,,,70165.066778,70165.175306,70165.195433,70165.195433,70165.195447
1789036707.281,timeline,0,-1,21669,231.0,0.0,232.0,0.17,,,,,70165.087337,70165.175411,70165.196896,70165.196896,70165.196914
1789036709.4243,timeline,2,-1,21671,232.0,0.0,233.0,0.106,,,,,70165.195857,70167.320944,70167.340219,70167.340219,70167.340236
1789036709.4246,timeline,1,-1,21670,232.0,0.0,233.0,0.092,,,,,70165.196667,70167.321016,70167.340535,70167.340535,70167.340552
1789036709.4264,timeline,0,-1,21669,232.0,0.0,233.0,0.194,,,,,70165.197465,70167.321844,70167.342255,70167.342255,70167.342275
1789036709.4255,timeline,3,-1,21672,232.0,0.0,233.0,2018.531,,,,,70167.216023,70167.321083,70167.341428,70167.341428,70167.341444
1789036709.817,timeline,2,-1,21671,233.0,0.0,234.0,0.085,,,,,70167.340597,70167.491554,70167.732926,70167.732926,70167.732943
1789036709.8291,timeline,1,-1,21670,233.0,0.0,234.0,0.11,,,,,70167.340929,70167.493525,70167.745046,70167.745046,70167.745059
1789036709.8314,timeline,3,-1,21672,233.0,0.0,234.0,0.106,,,,,70167.341898,70167.493483,70167.747276,70167.747276,70167.747289
1789036709.8337,timeline,0,-1,21669,233.0,0.0,234.0,0.19,,,,,70167.342773,70167.494019,70167.749634,70167.749634,70167.749648
1789036712.0755,timeline,2,-1,21671,234.0,0.0,235.0,0.102,,,,,70167.733205,70169.969856,70169.991429,70169.991429,70169.991455
1789036712.0742,timeline,1,-1,21670,234.0,0.0,235.0,0.113,,,,,70167.745493,70169.970753,70169.990074,70169.990074,70169.990087
1789036712.0763,timeline,0,-1,21669,234.0,0.0,235.0,0.18,,,,,70167.750166,70169.970557,70169.992226,70169.992226,70169.992243
1789036712.0734,timeline,3,-1,21672,234.0,0.0,235.0,2133.54,,,,,70169.881074,70169.96894,70169.989317,70169.989317,70169.989331
1789036712.2489,timeline,3,-1,21672,235.0,0.0,236.0,0.086,,,,,70169.989675,70170.142898,70170.164814,70170.164814,70170.164831
1789036712.2466,timeline,1,-1,21670,235.0,0.0,236.0,0.102,,,,,70169.990434,70170.142807,70170.162489,70170.162489,70170.162505
1789036712.2577,timeline,2,-1,21671,235.0,0.0,236.0,0.111,,,,,70169.991938,70170.154606,70170.173626,70170.173626,70170.173639
1789036712.2477,timeline,0,-1,21669,235.0,0.0,236.0,0.162,,,,,70169.992578,70170.142992,70170.163629,70170.163629,70170.163644
1789036714.6984,timeline,1,-1,21670,236.0,0.0,237.0,0.085,,,,,70170.162847,70172.362576,70172.614339,70172.614339,70172.614353
1789036714.754,timeline,0,-1,21669,236.0,0.0,237.0,0.143,,,,,70170.164037,70172.370607,70172.669959,70172.669959,70172.66997
1789036714.7355,timeline,2,-1,21671,236.0,0.0,237.0,0.106,,,,,70170.17399,70172.363401,70172.651434,70172.651434,70172.651447
1789036714.7104,timeline,3,-1,21672,236.0,0.0,237.0,2110.332,,,,,70172.275398,70172.36452,70172.62635,70172.62635,70172.626362
1789036714.8713,timeline,1,-1,21670,237.0,0.0,238.0,0.102,,,,,70172.614742,70172.767084,70172.787239,70172.787239,70172.787256
1789036714.8614,timeline,3,-1,21672,237.0,0.0,238.0,0.08,,,,,70172.626762,70172.757685,70172.77727,70172.77727,70172.77728
1789036714.8604,timeline,2,-1,21671,237.0,0.0,238.0,0.081,,,,,70172.651834,70172.756924,70172.77628,70172.77628,70172.776291
1789036714.8622,timeline,0,-1,21669,237.0,0.0,238.0,0.129,,,,,70172.670244,70172.757699,70172.778078,70172.778078,70172.778089
1789036716.9914,timeline,2,-1,21671,238.0,0.0,239.0,0.107,,,,,70172.77664,70174.886643,70174.907277,70174.907277,70174.907292
1789036716.9848,timeline,0,-1,21669,238.0,0.0,239.0,0.125,,,,,70172.778394,70174.878042,70174.900705,70174.900705,70174.900722
1789036716.9832,timeline,1,-1,21670,238.0,0.0,239.0,0.101,,,,,70172.787618,70174.877692,70174.899075,70174.899075,70174.899093
1789036716.9805,timeline,3,-1,21672,238.0,0.0,239.0,2010.909,,,,,70174.788423,70174.876295,70174.896406,70174.896406,70174.896426
1789036717.3982,timeline,3,-1,21672,239.0,0.0,240.0,0.1,,,,,70174.896684,70175.057942,70175.314101,70175.314101,70175.314114
1789036717.4096,timeline,1,-1,21670,239.0,0.0,240.0,0.113,,,,,70174.899372,70175.057705,70175.325478,70175.325478,70175.32549
1789036717.4269,timeline,0,-1,21669,239.0,0.0,240.0,0.144,,,,,70174.90103,70175.058609,70175.342842,70175.342842,70175.342853
1789036717.3945,timeline,2,-1,21671,239.0,0.0,240.0,0.085,,,,,70174.907621,70175.058611,70175.310399,70175.310399,70175.310411
1789036719.7484,timeline,2,-1,21671,240.0,0.0,241.0,0.101,,,,,70175.310801,70177.573457,70177.658592,70177.658592,70177.664353
1789036719.7485,timeline,1,-1,21670,240.0,0.0,241.0,0.073,,,,,70175.325825,70177.575078,70177.658609,70177.658609,70177.664388
1789036719.7527,timeline,0,-1,21669,240.0,0.0,241.0,0.121,,,,,70175.343202,70177.575659,70177.658599,70177.658599,70177.668663
1789036719.7492,timeline,3,-1,21672,240.0,0.0,241.0,2169.512,,,,,70177.483876,70177.572893,70177.658615,70177.658615,70177.66511
1789036719.8627,timeline,2,-1,21671,241.0,0.0,242.0,0.095,,,,,70177.664715,70177.756505,70177.778625,70177.778625,70177.778644
1789036719.8591,timeline,1,-1,21670,241.0,0.0,242.0,0.111,,,,,70177.66476,70177.754443,70177.77501,70177.77501,70177.775026
1789036719.8602,timeline,3,-1,21672,241.0,0.0,242.0,0.147,,,,,70177.665628,70177.756427,70177.776142,70177.776142,70177.776158
1789036719.8819,timeline,0,-1,21669,241.0,0.0,242.0,0.155,,,,,70177.669064,70177.773062,70177.797814,70177.797814,70177.797829
1789036722.1104,timeline,1,-1,21670,242.0,0.0,243.0,0.087,,,,,70177.775349,70179.751291,70180.026312,70180.026312,70180.026325
1789036722.0733,timeline,2,-1,21671,242.0,0.0,243.0,0.126,,,,,70177.77908,70179.737004,70179.989229,70179.989229,70179.989241
1789036722.1013,timeline,0,-1,21669,242.0,0.0,243.0,0.135,,,,,70177.798212,70179.769067,70180.017175,70180.017175,70180.017188
1789036722.0736,timeline,3,-1,21672,242.0,0.0,243.0,1870.091,,,,,70179.646478,70179.739307,70179.989526,70179.989526,70179.989537
1789036722.2192,timeline,2,-1,21671,243.0,0.0,244.0,0.078,,,,,70179.989605,70180.11458,70180.135154,70180.135154,70180.135169
1789036722.2196,timeline,3,-1,21672,243.0,0.0,244.0,0.074,,,,,70179.989935,70180.115436,70180.135522,70180.135522,70180.135537
1789036722.2185,timeline,0,-1,21669,243.0,0.0,244.0,0.15,,,,,70180.017617,70180.114876,70180.134376,70180.134376,70180.134391
1789036722.2198,timeline,1,-1,21670,243.0,0.0,244.0,0.218,,,,,70180.026698,70180.115316,70180.13575,70180.13575,70180.135764
1789036723.7523,timeline,0,-1,21669,244.0,0.0,245.0,0.13,,,,,70180.134777,70181.647405,70181.668182,70181.668182,70181.668205
1789036723.7534,timeline,2,-1,21671,244.0,0.0,245.0,0.117,,,,,70180.135571,70181.647411,70181.669325,70181.669325,70181.669342
1789036723.7528,timeline,1,-1,21670,244.0,0.0,245.0,0.091,,,,,70180.136263,70181.647096,70181.668712,70181.668712,70181.66873
1789036723.7568,timeline,3,-1,21672,244.0,0.0,245.0,1409.544,,,,,70181.545412,70181.653177,70181.67273,70181.67273,70181.672745
1789036724.1643,timeline,0,-1,21669,245.0,0.0,246.0,0.168,,,,,70181.668734,70181.825193,70182.080236,70182.080236,70182.080247
1789036724.1583,timeline,1,-1,21670,245.0,0.0,246.0,0.126,,,,,70181.66916,70181.827411,70182.0742,70182.0742,70182.074211
1789036724.1682,timeline,2,-1,21671,245.0,0.0,246.0,0.098,,,,,70181.669719,70181.826021,70182.0841,70182.0841,70182.084112
1789036724.1646,timeline,3,-1,21672,245.0,0.0,246.0,0.096,,,,,70181.673102,70181.824202,70182.080548,70182.080548,70182.080559
1789036726.7427,timeline,1,-1,21670,246.0,0.0,247.0,0.077,,,,,70182.074556,70184.637766,70184.658643,70184.658643,70184.65866
1789036726.742,timeline,0,-1,21669,246.0,0.0,247.0,0.13,,,,,70182.080532,70184.638421,70184.657891,70184.657891,70184.65791
1789036726.7429,timeline,2,-1,21671,246.0,0.0,247.0,0.094,,,,,70182.084556,70184.638012,70184.658799,70184.658799,70184.658815
1789036726.7406,timeline,3,-1,21672,246.0,0.0,247.0,2468.055,,,,,70184.54886,70184.635738,70184.656527,70184.656527,70184.656541
1789036726.9129,timeline,3,-1,21672,247.0,0.0,248.0,0.094,,,,,70184.656907,70184.809291,70184.828841,70184.828841,70184.828852
1789036726.9125,timeline,0,-1,21669,247.0,0.0,248.0,0.136,,,,,70184.658361,70184.809378,70184.828422,70184.828422,70184.828434
1789036726.9136,timeline,1,-1,21670,247.0,0.0,248.0,0.123,,,,,70184.659088,70184.809225,70184.829541,70184.829541,70184.829553
1789036726.9131,timeline,2,-1,21671,247.0,0.0,248.0,0.097,,,,,70184.659266,70184.808819,70184.828976,70184.828976,70184.828989
1789036729.2717,timeline,0,-1,21669,248.0,0.0,249.0,0.119,,,,,70184.828686,70186.925076,70187.187591,70187.187591,70187.187607
1789036729.261,timeline,2,-1,21671,248.0,0.0,249.0,0.105,,,,,70184.829425,70186.924958,70187.176912,70187.176912,70187.176925
1789036729.2925,timeline,1,-1,21670,248.0,0.0,249.0,0.083,,,,,70184.829773,70186.930755,70187.208412,70187.208412,70187.208424
1789036729.2607,timeline,3,-1,21672,248.0,0.0,249.0,1993.875,,,,,70186.822937,70186.925259,70187.176574,70187.176574,70187.176591
1789036729.4042,timeline,3,-1,21672,249.0,0.0,250.0,0.082,,,,,70187.176995,70187.298879,70187.320072,70187.320072,70187.320086
1789036729.4005,timeline,2,-1,21671,249.0,0.0,250.0,0.081,,,,,70187.177319,70187.29562,70187.316374,70187.316374,70187.316387
1789036729.3998,timeline,0,-1,21669,249.0,0.0,250.0,0.174,,,,,70187.188251,70187.296033,70187.315692,70187.315692,70187.315704
1789036729.4008,timeline,1,-1,21670,249.0,0.0,250.0,0.081,,,,,70187.208781,70187.296047,70187.316691,70187.316691,70187.316703
1789036731.6505,timeline,0,-1,21669,250.0,0.0,251.0,0.122,,,,,70187.316067,70189.545925,70189.566451,70189.566451,70189.566475
1789036731.6509,timeline,2,-1,21671,250.0,0.0,251.0,0.112,,,,,70187.316752,70189.5447,70189.566782,70189.566782,70189.566798
1789036731.6509,timeline,1,-1,21670,250.0,0.0,251.0,0.097,,,,,70187.31702,70189.54552,70189.566814,70189.566814,70189.566833
1789036731.6532,timeline,3,-1,21672,250.0,0.0,251.0,2135.555,,,,,70189.455893,70189.546433,70189.569078,70189.569078,70189.569094
1789036732.0659,timeline,0,-1,21669,251.0,0.0,252.0,0.19,,,,,70189.567032,70189.720603,70189.981859,70189.981859,70189.981869
1789036732.0559,timeline,1,-1,21670,251.0,0.0,252.0,0.119,,,,,70189.567111,70189.720183,70189.971849,70189.971849,70189.97186
1789036732.0524,timeline,2,-1,21671,251.0,0.0,252.0,0.096,,,,,70189.567252,70189.720328,70189.96835,70189.96835,70189.968361
1789036732.0614,timeline,3,-1,21672,251.0,0.0,252.0,0.101,,,,,70189.569487,70189.720977,70189.97728,70189.97728,70189.977295
1789036734.3847,timeline,2,-1,21671,252.0,0.0,253.0,0.092,,,,,70189.968726,70192.280142,70192.300588,70192.300588,70192.300603
1789036734.3847,timeline,1,-1,21670,252.0,0.0,253.0,0.105,,,,,70189.972248,70192.279491,70192.300645,70192.300645,70192.300665
1789036734.3845,timeline,0,-1,21669,252.0,0.0,253.0,0.115,,,,,70189.982193,70192.280125,70192.300408,70192.300408,70192.300424
1789036734.3831,timeline,3,-1,21672,252.0,0.0,253.0,2213.004,,,,,70192.190545,70192.2785,70192.299052,70192.299052,70192.299066
1789036734.5582,timeline,3,-1,21672,253.0,0.0,254.0,0.095,,,,,70192.299429,70192.450276,70192.474129,70192.474129,70192.474144
1789036734.5545,timeline,0,-1,21669,253.0,0.0,254.0,0.14,,,,,70192.300829,70192.449699,70192.470368,70192.470368,70192.470387
1789036734.5541,timeline,1,-1,21670,253.0,0.0,254.0,0.122,,,,,70192.300949,70192.449621,70192.469968,70192.469968,70192.46998
1789036734.5545,timeline,2,-1,21671,253.0,0.0,254.0,0.092,,,,,70192.301032,70192.449699,70192.470368,70192.470368,70192.470386
1789036736.8747,timeline,1,-1,21670,254.0,0.0,255.0,0.096,,,,,70192.470309,70194.530577,70194.790659,70194.790659,70194.79067
1789036736.8773,timeline,0,-1,21669,254.0,0.0,255.0,0.15,,,,,70192.470765,70194.505608,70194.793226,70194.793226,70194.793239
1789036736.853,timeline,2,-1,21671,254.0,0.0,255.0,0.12,,,,,70192.470768,70194.505677,70194.768937,70194.768937,70194.768949
1789036736.8731,timeline,3,-1,21672,254.0,0.0,255.0,1941.421,,,,,70194.415809,70194.537997,70194.789034,70194.789034,70194.789051
1789036736.9885,timeline,2,-1,21671,255.0,0.0,256.0,0.09,,,,,70194.769378,70194.884094,70194.904427,70194.904427,70194.904441
1789036736.9865,timeline,3,-1,21672,255.0,0.0,256.0,0.106,,,,,70194.789628,70194.882159,70194.902417,70194.902417,70194.902431
1789036736.9862,timeline,1,-1,21670,255.0,0.0,256.0,0.086,,,,,70194.791023,70194.880741,70194.902147,70194.902147,70194.902162
1789036736.9845,timeline,0,-1,21669,255.0,0.0,256.0,0.151,,,,,70194.793714,70194.879614,70194.900457,70194.900457,70194.900471
1789036739.272,timeline,0,-1,21669,256.0,0.0,257.0,0.119,,,,,70194.900945,70197.167542,70197.187876,70197.187876,70197.187891
1789036739.2514,timeline,1,-1,21670,256.0,0.0,257.0,0.11,,,,,70194.902544,70197.145679,70197.167308,70197.167308,70197.167328
1789036739.2501,timeline,2,-1,21671,256.0,0.0,257.0,0.113,,,,,70194.904807,70197.145313,70197.166009,70197.166009,70197.166024
1789036739.254,timeline,3,-1,21672,256.0,0.0,257.0,2152.694,,,,,70197.055489,70197.146578,70197.169867,70197.169867,70197.169885
1789036739.7002,timeline,2,-1,21671,257.0,0.0,258.0,0.101,,,,,70197.166275,70197.359763,70197.616136,70197.616136,70197.616152
1789036739.7332,timeline,1,-1,21670,257.0,0.0,258.0,0.113,,,,,70197.167815,70197.36569,70197.649112,70197.649112,70197.649125
1789036739.7164,timeline,3,-1,21672,257.0,0.0,258.0,0.103,,,,,70197.170154,70197.359798,70197.632268,70197.632268,70197.632281
1789036739.6986,timeline,0,-1,21669,257.0,0.0,258.0,0.149,,,,,70197.18819,70197.359711,70197.614494,70197.614494,70197.614506
1789036741.4935,timeline,0,-1,21669,258.0,0.0,259.0,0.124,,,,,70197.614946,70199.388523,70199.409411,70199.409411,70199.409429
1789036741.4733,timeline,2,-1,21671,258.0,0.0,259.0,0.111,,,,,70197.616542,70199.367814,70199.389225,70199.389225,70199.389244
1789036741.4787,timeline,1,-1,21670,258.0,0.0,259.0,0.08,,,,,70197.649348,70199.372742,70199.394648,70199.394648,70199.394664
1789036741.4721,timeline,3,-1,21672,258.0,0.0,259.0,1624.496,,,,,70199.257029,70199.366975,70199.387993,70199.387993,70199.388037
1789036741.6626,timeline,3,-1,21672,259.0,0.0,260.0,0.097,,,,,70199.388293,70199.558438,70199.578484,70199.578484,70199.578498
1789036741.6639,timeline,2,-1,21671,259.0,0.0,260.0,0.103,,,,,70199.389702,70199.559233,70199.579842,70199.579842,70199.579857
1789036741.663,timeline,1,-1,21670,259.0,0.0,260.0,0.116,,,,,70199.394938,70199.558855,70199.578902,70199.578902,70199.578914
1789036741.6646,timeline,0,-1,21669,259.0,0.0,260.0,0.167,,,,,70199.409862,70199.559333,70199.580548,70199.580548,70199.580562
1789036744.3556,timeline,1,-1,21670,260.0,0.0,261.0,0.095,,,,,70199.57929,70201.900384,70202.262028,70202.262028,70202.271517
1789036744.3555,timeline,2,-1,21671,260.0,0.0,261.0,0.124,,,,,70199.580152,70201.900678,70202.266186,70202.266186,70202.271408
1789036744.3594,timeline,0,-1,21669,260.0,0.0,261.0,0.127,,,,,70199.580921,70201.900752,70202.26205,70202.26205,70202.275371
1789036744.3556,timeline,3,-1,21672,260.0,0.0,261.0,2232.394,,,,,70201.811118,70201.900652,70202.262044,70202.262044,70202.271503
1789036744.4675,timeline,2,-1,21671,261.0,0.0,262.0,0.111,,,,,70202.271817,70202.362455,70202.383403,70202.383403,70202.383418
1789036744.4677,timeline,3,-1,21672,261.0,0.0,262.0,0.104,,,,,70202.2719,70202.362767,70202.383649,70202.383649,70202.383664
1789036744.4784,timeline,1,-1,21670,261.0,0.0,262.0,0.159,,,,,70202.272073,70202.373217,70202.39432,70202.39432,70202.394334
1789036744.4678,timeline,0,-1,21669,261.0,0.0,262.0,0.18,,,,,70202.275707,70202.361909,70202.383673,70202.383673,70202.383688
1789036746.0746,timeline,2,-1,21671,262.0,0.0,263.0,0.121,,,,,70202.383828,70203.970342,70203.990516,70203.990516,70203.990533
1789036746.0747,timeline,0,-1,21669,262.0,0.0,263.0,0.137,,,,,70202.384425,70203.96895,70203.990626,70203.990626,70203.990641
1789036746.0751,timeline,1,-1,21670,262.0,0.0,263.0,0.101,,,,,70202.394704,70203.970021,70203.991058,70203.991058,70203.991073
1789036746.0749,timeline,3,-1,21672,262.0,0.0,263.0,1497.237,,,,,70203.881128,70203.970089,70203.990818,70203.990818,70203.990832
1789036746.4799,timeline,2,-1,21671,263.0,0.0,264.0,0.099,,,,,70203.990931,70204.143101,70204.395813,70204.395813,70204.395825
1789036746.4844,timeline,0,-1,21669,263.0,0.0,264.0,0.141,,,,,70203.991008,70204.143104,70204.400309,70204.400309,70204.400321
1789036746.4872,timeline,3,-1,21672,263.0,0.0,264.0,0.096,,,,,70203.991201,70204.145564,70204.403162,70204.403162,70204.403175
1789036746.4792,timeline,1,-1,21670,263.0,0.0,264.0,0.109,,,,,70203.991436,70204.143019,70204.395093,70204.395093,70204.395106
1789036747.9491,timeline,1,-1,21670,264.0,0.0,265.0,0.077,,,,,70204.395557,70205.843288,70205.864987,70205.864987,70205.865005
1789036747.9508,timeline,2,-1,21671,264.0,0.0,265.0,0.33,,,,,70204.396328,70205.846084,70205.866713,70205.866713,70205.866727
1789036747.9489,timeline,0,-1,21669,264.0,0.0,265.0,0.119,,,,,70204.400677,70205.84365,70205.864839,70205.864839,70205.864856
1789036747.952,timeline,3,-1,21672,264.0,0.0,265.0,1351.149,,,,,70205.754693,70205.842093,70205.867886,70205.867886,70205.867902
1789036748.1213,timeline,0,-1,21669,265.0,0.0,266.0,0.139,,,,,70205.865278,70206.016753,70206.037197,70206.037197,70206.037215
1789036748.122,timeline,1,-1,21670,265.0,0.0,266.0,0.124,,,,,70205.865406,70206.017214,70206.037862,70206.037862,70206.037876
1789036748.1214,timeline,2,-1,21671,265.0,0.0,266.0,0.095,,,,,70205.867173,70206.016666,70206.037308,70206.037308,70206.037323
1789036748.126,timeline,3,-1,21672,265.0,0.0,266.0,0.857,,,,,70205.869116,70206.017634,70206.041945,70206.041945,70206.041967
1789036750.4066,timeline,0,-1,21669,266.0,0.0,267.0,0.142,,,,,70206.037522,70208.059723,70208.3225,70208.3225,70208.322513
1789036750.398,timeline,2,-1,21671,266.0,0.0,267.0,0.113,,,,,70206.03758,70208.059834,70208.313933,70208.313933,70208.313946
1789036750.4016,timeline,1,-1,21670,266.0,0.0,267.0,0.101,,,,,70206.038234,70208.059684,70208.317536,70208.317536,70208.317547
1789036750.4216,timeline,3,-1,21672,266.0,0.0,267.0,1928.862,,,,,70207.971091,70208.069462,70208.337497,70208.337497,70208.337513
1789036750.5507,timeline,2,-1,21671,267.0,0.0,268.0,0.095,,,,,70208.314345,70208.445495,70208.466586,70208.466586,70208.466602
1789036750.5506,timeline,1,-1,21670,267.0,0.0,268.0,0.09,,,,,70208.317941,70208.44535,70208.466473,70208.466473,70208.466487
1789036750.5578,timeline,0,-1,21669,267.0,0.0,268.0,0.308,,,,,70208.323026,70208.451431,70208.473723,70208.473723,70208.473743
1789036750.5531,timeline,3,-1,21672,267.0,0.0,268.0,0.094,,,,,70208.338067,70208.445982,70208.469023,70208.469023,70208.46904
1789036753.3041,timeline,2,-1,21671,268.0,0.0,269.0,0.125,,,,,70208.466892,70211.199849,70211.220009,70211.220009,70211.220024
1789036753.2996,timeline,1,-1,21670,268.0,0.0,269.0,0.094,,,,,70208.466896,70211.194084,70211.215464,70211.215464,70211.21548
1789036753.2991,timeline,0,-1,21669,268.0,0.0,269.0,0.159,,,,,70208.474156,70211.194044,70211.215011,70211.215011,70211.215032
1789036753.2988,timeline,3,-1,21672,268.0,0.0,269.0,2618.576,,,,,70211.087869,70211.193924,70211.214754,70211.214754,70211.214773
1789036753.7444,timeline,3,-1,21672,269.0,0.0,270.0,0.095,,,,,70211.215018,70211.370581,70211.660278,70211.660278,70211.660298
1789036753.7105,timeline,0,-1,21669,269.0,0.0,270.0,0.17,,,,,70211.215487,70211.369894,70211.626401,70211.626401,70211.626417
1789036753.7422,timeline,1,-1,21670,269.0,0.0,270.0,0.115,,,,,70211.215881,70211.36934,70211.658158,70211.658158,70211.658172
1789036753.7114,timeline,2,-1,21671,269.0,0.0,270.0,0.094,,,,,70211.220355,70211.369623,70211.627364,70211.627364,70211.627374
1789036755.145,timeline,0,-1,21669,270.0,0.0,271.0,0.121,,,,,70211.626812,70213.040481,70213.060945,70213.060945,70213.06096
1789036755.1445,timeline,2,-1,21671,270.0,0.0,271.0,0.104,,,,,70211.627773,70213.039872,70213.060449,70213.060449,70213.060464
1789036755.1455,timeline,1,-1,21670,270.0,0.0,271.0,0.084,,,,,70211.658556,70213.0403,70213.061412,70213.061412,70213.061428
1789036755.1444,timeline,3,-1,21672,270.0,0.0,271.0,1291.052,,,,,70212.951632,70213.039994,70213.060342,70213.060342,70213.060356
1789036755.3205,timeline,3,-1,21672,271.0,0.0,272.0,0.092,,,,,70213.060703,70213.215932,70213.236373,70213.236373,70213.236391
1789036755.3173,timeline,2,-1,21671,271.0,0.0,272.0,0.099,,,,,70213.060838,70213.212518,70213.233175,70213.233175,70213.233191
1789036755.316,timeline,0,-1,21669,271.0,0.0,272.0,0.141,,,,,70213.061336,70213.211164,70213.231863,70213.231863,70213.23188
1789036755.3184,timeline,1,-1,21670,271.0,0.0,272.0,0.118,,,,,70213.061816,70213.213056,70213.234338,70213.234338,70213.234354
1789036757.9362,timeline,0,-1,21669,272.0,0.0,273.0,0.157,,,,,70213.232215,70215.596985,70215.852088,70215.852088,70215.8521
1789036757.933,timeline,2,-1,21671,272.0,0.0,273.0,0.125,,,,,70213.233609,70215.59701,70215.848945,70215.848945,70215.848956
1789036757.9384,timeline,1,-1,21670,272.0,0.0,273.0,0.09,,,,,70213.234692,70215.597437,70215.854288,70215.854288,70215.854303
1789036757.98,timeline,3,-1,21672,272.0,0.0,273.0,2273.078,,,,,70215.509707,70215.596639,70215.895914,70215.895914,70215.895927
1789036758.1021,timeline,2,-1,21671,273.0,0.0,274.0,0.081,,,,,70215.849334,70215.994911,70216.017989,70216.017989,70216.018011
1789036758.1071,timeline,0,-1,21669,273.0,0.0,274.0,0.164,,,,,70215.852441,70216.001057,70216.023008,70216.023008,70216.023024
1789036758.1004,timeline,1,-1,21670,273.0,0.0,274.0,0.12,,,,,70215.854803,70215.994972,70216.016353,70216.016353,70216.016366
1789036758.0996,timeline,3,-1,21672,273.0,0.0,274.0,0.094,,,,,70215.896387,70215.99499,70216.015494,70216.015494,70216.015508
1789036759.8069,timeline,1,-1,21670,274.0,0.0,275.0,0.089,,,,,70216.0167,70217.701791,70217.722793,70217.722793,70217.722807
1789036759.8073,timeline,2,-1,21671,274.0,0.0,275.0,0.134,,,,,70216.018473,70217.702797,70217.723176,70217.723176,70217.72319
1789036759.8072,timeline,0,-1,21669,274.0,0.0,275.0,0.135,,,,,70216.023418,70217.702312,70217.723067,70217.723067,70217.723082
1789036759.8077,timeline,3,-1,21672,274.0,0.0,275.0,1597.777,,,,,70217.613506,70217.703085,70217.723598,70217.723598,70217.723618
1789036760.2395,timeline,1,-1,21670,275.0,0.0,276.0,0.115,,,,,70217.723271,70217.896745,70218.155435,70218.155435,70218.155447
1789036760.2396,timeline,0,-1,21669,275.0,0.0,276.0,0.139,,,,,70217.723405,70217.902759,70218.155498,70218.155498,70218.155511
1789036760.2401,timeline,2,-1,21671,275.0,0.0,276.0,0.096,,,,,70217.723443,70217.897216,70218.155993,70218.155993,70218.156021
1789036760.2669,timeline,3,-1,21672,275.0,0.0,276.0,0.123,,,,,70217.724225,70217.89681,70218.182786,70218.182786,70218.182798
1789036762.2385,timeline,1,-1,21670,276.0,0.0,277.0,0.087,,,,,70218.155854,70220.133356,70220.154447,70220.154447,70220.154461
1789036762.2702,timeline,0,-1,21669,276.0,0.0,277.0,0.114,,,,,70218.155874,70220.133895,70220.186147,70220.186147,70220.186162
1789036762.2423,timeline,2,-1,21671,276.0,0.0,277.0,0.099,,,,,70218.156417,70220.133912,70220.15816,70220.15816,70220.15818
1789036762.2679,timeline,3,-1,21672,276.0,0.0,277.0,1861.856,,,,,70220.044891,70220.133746,70220.183798,70220.183798,70220.183812
1789036762.4108,timeline,1,-1,21670,277.0,0.0,278.0,0.109,,,,,70220.154848,70220.305972,70220.326727,70220.326727,70220.326741
1789036762.4097,timeline,2,-1,21671,277.0,0.0,278.0,0.101,,,,,70220.158584,70220.305441,70220.325643,70220.325643,70220.325663
1789036762.4101,timeline,3,-1,21672,277.0,0.0,278.0,0.098,,,,,70220.184191,70220.305584,70220.326041,70220.326041,70220.326056
1789036762.4096,timeline,0,-1,21669,277.0,0.0,278.0,0.139,,,,,70220.186566,70220.3055,70220.325513,70220.325513,70220.325529
1789036764.8991,timeline,0,-1,21669,278.0,0.0,279.0,0.133,,,,,70220.3259,70222.501257,70222.81504,70222.81504,70222.815051
1789036764.8637,timeline,2,-1,21671,278.0,0.0,279.0,0.158,,,,,70220.326217,70222.50144,70222.779626,70222.779626,70222.779638
1789036764.8441,timeline,1,-1,21670,278.0,0.0,279.0,0.104,,,,,70220.327127,70222.500406,70222.760021,70222.760021,70222.760036
1789036764.871,timeline,3,-1,21672,278.0,0.0,279.0,2085.767,,,,,70222.412077,70222.500303,70222.786867,70222.786867,70222.786879
1789036765.0069,timeline,1,-1,21670,279.0,0.0,280.0,0.376,,,,,70222.760575,70222.902508,70222.922796,70222.922796,70222.922811
1789036765.0066,timeline,2,-1,21671,279.0,0.0,280.0,0.079,,,,,70222.779867,70222.902573,70222.922483,70222.922483,70222.922495
1789036765.0072,timeline,3,-1,21672,279.0,0.0,280.0,0.079,,,,,70222.787121,70222.902587,70222.923062,70222.923062,70222.923078
1789036765.0066,timeline,0,-1,21669,279.0,0.0,280.0,0.117,,,,,70222.815422,70222.902075,70222.922481,70222.922481,70222.922495
1789036767.0087,timeline,2,-1,21671,280.0,0.0,281.0,0.113,,,,,70222.922744,70224.813938,70224.918997,70224.918997,70224.924659
1789036767.0127,timeline,0,-1,21669,280.0,0.0,281.0,0.139,,,,,70222.922867,70224.835915,70224.918998,70224.918998,70224.928631
1789036767.0088,timeline,1,-1,21670,280.0,0.0,281.0,0.108,,,,,70222.923175,70224.813151,70224.91898,70224.91898,70224.92468
1789036767.0088,timeline,3,-1,21672,280.0,0.0,281.0,1800.234,,,,,70224.72356,70224.813027,70224.91898,70224.91898,70224.924687
1789036767.3644,timeline,2,-1,21671,281.0,0.0,282.0,0.127,,,,,70224.924945,70225.015839,70225.280267,70225.280267,70225.280279
1789036767.3704,timeline,3,-1,21672,281.0,0.0,282.0,0.105,,,,,70224.924949,70225.01752,70225.286267,70225.286267,70225.286286
1789036767.384,timeline,1,-1,21670,281.0,0.0,282.0,0.118,,,,,70224.924952,70225.015986,70225.299891,70225.299891,70225.299902
1789036767.3883,timeline,0,-1,21669,281.0,0.0,282.0,0.17,,,,,70224.929077,70225.016232,70225.30417,70225.30417,70225.304181
1789036769.9453,timeline,2,-1,21671,282.0,0.0,283.0,0.094,,,,,70225.280671,70227.840426,70227.861171,70227.861171,70227.861191
1789036769.9454,timeline,1,-1,21670,282.0,0.0,283.0,0.097,,,,,70225.300282,70227.84029,70227.86128,70227.86128,70227.861296
1789036769.9546,timeline,0,-1,21669,282.0,0.0,283.0,0.109,,,,,70225.304534,70227.840405,70227.870498,70227.870498,70227.870515
1789036769.9454,timeline,3,-1,21672,282.0,0.0,283.0,2458.981,,,,,70227.745516,70227.840452,70227.861301,70227.861301,70227.861318
1789036770.1175,timeline,2,-1,21671,283.0,0.0,284.0,0.102,,,,,70227.861667,70228.012401,70228.033452,70228.033452,70228.033469
1789036770.1191,timeline,1,-1,21670,283.0,0.0,284.0,0.1,,,,,70227.861722,70228.014095,70228.035032,70228.035032,70228.03505
1789036770.1179,timeline,3,-1,21672,283.0,0.0,284.0,0.105,,,,,70227.861779,70228.0136,70228.033797,70228.033797,70228.033812
1789036770.1273,timeline,0,-1,21669,283.0,0.0,284.0,0.159,,,,,70227.870965,70228.013645,70228.043245,70228.043245,70228.043261
1789036773.2022,timeline,2,-1,21671,284.0,0.0,285.0,0.126,,,,,70228.0339,70230.820703,70231.118104,70231.118104,70231.118116
1789036773.1526,timeline,1,-1,21670,284.0,0.0,285.0,0.131,,,,,70228.035531,70230.8184,70231.068467,70231.068467,70231.068478
1789036773.1678,timeline,0,-1,21669,284.0,0.0,285.0,0.131,,,,,70228.04362,70230.821069,70231.083696,70231.083696,70231.08371
1789036773.1583,timeline,3,-1,21672,284.0,0.0,285.0,2698.228,,,,,70230.732268,70230.821056,70231.074196,70231.074196,70231.074209
1789036773.3102,timeline,1,-1,21670,285.0,0.0,286.0,0.084,,,,,70231.068843,70231.205747,70231.226158,70231.226158,70231.226173
1789036773.3098,timeline,3,-1,21672,285.0,0.0,286.0,0.088,,,,,70231.074667,70231.205922,70231.225675,70231.225675,70231.225689
1789036773.3092,timeline,0,-1,21669,285.0,0.0,286.0,0.207,,,,,70231.084265,70231.204697,70231.22512,70231.22512,70231.225134
1789036773.3105,timeline,2,-1,21671,285.0,0.0,286.0,0.081,,,,,70231.118473,70231.206076,70231.226429,70231.226429,70231.226443
1789036775.5615,timeline,0,-1,21669,286.0,0.0,287.0,0.12,,,,,70231.225487,70233.455172,70233.477363,70233.477363,70233.477384
1789036775.5591,timeline,1,-1,21670,286.0,0.0,287.0,0.102,,,,,70231.226501,70233.453595,70233.474987,70233.474987,70233.475001
1789036775.5639,timeline,2,-1,21671,286.0,0.0,287.0,0.116,,,,,70231.226817,70233.455681,70233.479766,70233.479766,70233.479793
1789036775.5603,timeline,3,-1,21672,286.0,0.0,287.0,2140.779,,,,,70233.366695,70233.456189,70233.476208,70233.476208,70233.476225
1789036775.9579,timeline,1,-1,21670,287.0,0.0,288.0,0.103,,,,,70233.475359,70233.628213,70233.873839,70233.873839,70233.873853
1789036775.9608,timeline,3,-1,21672,287.0,0.0,288.0,0.09,,,,,70233.476594,70233.628391,70233.876726,70233.876726,70233.876741
1789036775.9642,timeline,0,-1,21669,287.0,0.0,288.0,0.171,,,,,70233.477869,70233.628328,70233.880134,70233.880134,70233.880146
1789036775.9654,timeline,2,-1,21671,287.0,0.0,288.0,0.171,,,,,70233.480157,70233.62835,70233.881324,70233.881324,70233.881335
1789036777.9723,timeline,1,-1,21670,288.0,0.0,289.0,0.086,,,,,70233.87423,70235.867223,70235.888222,70235.888222,70235.888238
1789036777.9718,timeline,0,-1,21669,288.0,0.0,289.0,0.107,,,,,70233.880551,70235.86708,70235.88774,70235.88774,70235.887757
1789036777.9732,timeline,2,-1,21671,288.0,0.0,289.0,0.125,,,,,70233.881618,70235.866291,70235.889126,70235.889126,70235.889141
1789036777.9684,timeline,3,-1,21672,288.0,0.0,289.0,1900.108,,,,,70235.777084,70235.864732,70235.884322,70235.884322,70235.884335
1789036778.1466,timeline,3,-1,21672,289.0,0.0,290.0,0.084,,,,,70235.884701,70236.040707,70236.062531,70236.062531,70236.062547
1789036778.1441,timeline,0,-1,21669,289.0,0.0,290.0,0.17,,,,,70235.888206,70236.03976,70236.059974,70236.059974,70236.059991
1789036778.1443,timeline,1,-1,21670,289.0,0.0,290.0,0.1,,,,,70235.88861,70236.039172,70236.060218,70236.060218,70236.060231
1789036778.1444,timeline,2,-1,21671,289.0,0.0,290.0,0.095,,,,,70235.889499,70236.039766,70236.060354,70236.060354,70236.060368
1789036780.0724,timeline,0,-1,21669,290.0,0.0,291.0,0.137,,,,,70236.060335,70237.735859,70237.988327,70237.988327,70237.988338
1789036780.0671,timeline,1,-1,21670,290.0,0.0,291.0,0.103,,,,,70236.060614,70237.734835,70237.983057,70237.983057,70237.983069
1789036780.0724,timeline,2,-1,21671,290.0,0.0,291.0,0.108,,,,,70236.060772,70237.736472,70237.98831,70237.98831,70237.988323
1789036780.0664,timeline,3,-1,21672,290.0,0.0,291.0,1585.752,,,,,70237.648532,70237.736805,70237.982314,70237.982314,70237.982329
1789036780.1832,timeline,3,-1,21672,291.0,0.0,292.0,0.075,,,,,70237.982702,70238.076915,70238.099117,70238.099117,70238.099131
1789036780.1843,timeline,1,-1,21670,291.0,0.0,292.0,0.086,,,,,70237.983473,70238.075434,70238.100199,70238.100199,70238.100213
1789036780.1811,timeline,2,-1,21671,291.0,0.0,292.0,0.078,,,,,70237.988676,70238.076553,70238.096995,70238.096995,70238.097008
1789036780.1806,timeline,0,-1,21669,291.0,0.0,292.0,0.124,,,,,70237.988733,70238.076102,70238.096527,70238.096527,70238.096541
1789036782.443,timeline,0,-1,21669,292.0,0.0,293.0,0.15,,,,,70238.096946,70240.338882,70240.358945,70240.358945,70240.358959
1789036782.4429,timeline,2,-1,21671,292.0,0.0,293.0,0.109,,,,,70238.097391,70240.337812,70240.358804,70240.358804,70240.35882
1789036782.4444,timeline,1,-1,21670,292.0,0.0,293.0,0.11,,,,,70238.100614,70240.338261,70240.36027,70240.36027,70240.360285
1789036782.4436,timeline,3,-1,21672,292.0,0.0,293.0,2149.579,,,,,70240.248945,70240.340339,70240.359472,70240.359472,70240.359487
1789036782.8504,timeline,2,-1,21671,293.0,0.0,294.0,0.088,,,,,70240.359195,70240.51245,70240.766335,70240.766335,70240.76635
1789036782.8525,timeline,0,-1,21669,293.0,0.0,294.0,0.146,,,,,70240.359372,70240.512432,70240.768392,70240.768392,70240.768401
1789036782.8457,timeline,3,-1,21672,293.0,0.0,294.0,0.086,,,,,70240.359834,70240.511933,70240.761575,70240.761575,70240.761588
1789036782.8673,timeline,1,-1,21670,293.0,0.0,294.0,0.112,,,,,70240.360694,70240.511758,70240.783192,70240.783192,70240.783206
1789036784.9283,timeline,2,-1,21671,294.0,0.0,295.0,0.246,,,,,70240.766758,70242.823177,70242.84423,70242.84423,70242.844249
1789036784.9274,timeline,0,-1,21669,294.0,0.0,295.0,0.123,,,,,70240.768791,70242.822973,70242.843326,70242.843326,70242.84334
1789036784.9277,timeline,1,-1,21670,294.0,0.0,295.0,0.095,,,,,70240.783451,70242.822635,70242.843658,70242.843658,70242.843674
1789036784.929,timeline,3,-1,21672,294.0,0.0,295.0,1971.312,,,,,70242.733305,70242.822596,70242.844862,70242.844862,70242.844878
1789036785.1114,timeline,0,-1,21669,295.0,0.0,296.0,0.141,,,,,70242.84376,70243.004678,70243.027351,70243.027351,70243.02737
1789036785.1154,timeline,1,-1,21670,295.0,0.0,296.0,0.115,,,,,70242.844095,70243.01072,70243.031272,70243.031272,70243.03129
1789036785.1115,timeline,2,-1,21671,295.0,0.0,296.0,0.106,,,,,70242.844661,70243.004633,70243.027371,70243.027371,70243.027388
1789036785.1116,timeline,3,-1,21672,295.0,0.0,296.0,0.097,,,,,70242.845261,70243.004652,70243.027487,70243.027487,70243.027504
1789036787.5488,timeline,2,-1,21671,296.0,0.0,297.0,0.143,,,,,70243.027854,70245.206915,70245.464664,70245.464664,70245.464684
1789036787.5488,timeline,0,-1,21669,296.0,0.0,297.0,0.149,,,,,70243.027888,70245.212771,70245.464704,70245.464704,70245.464717
1789036787.5789,timeline,1,-1,21670,296.0,0.0,297.0,0.103,,,,,70243.03165,70245.207157,70245.494804,70245.494804,70245.494817
1789036787.5428,timeline,3,-1,21672,296.0,0.0,297.0,2081.244,,,,,70245.109219,70245.207048,70245.458761,70245.458761,70245.458772
1789036787.6882,timeline,3,-1,21672,297.0,0.0,298.0,0.084,,,,,70245.459171,70245.58449,70245.604105,70245.604105,70245.604119
1789036787.7205,timeline,0,-1,21669,297.0,0.0,298.0,0.172,,,,,70245.465227,70245.582003,70245.636398,70245.636398,70245.636416
1789036787.6891,timeline,2,-1,21671,297.0,0.0,298.0,0.121,,,,,70245.465255,70245.582437,70245.604961,70245.604961,70245.604976
1789036787.6878,timeline,1,-1,21670,297.0,0.0,298.0,0.105,,,,,70245.495214,70245.582812,70245.603721,70245.603721,70245.603735
1789036789.8166,timeline,1,-1,21670,298.0,0.0,299.0,0.105,,,,,70245.604084,70247.711205,70247.73253,70247.73253,70247.732546
1789036789.816,timeline,2,-1,21671,298.0,0.0,299.0,0.14,,,,,70245.605399,70247.711764,70247.7319,70247.7319,70247.731915
1789036789.8159,timeline,0,-1,21669,298.0,0.0,299.0,0.16,,,,,70245.63681,70247.711341,70247.731848,70247.731848,70247.731866
1789036789.8136,timeline,3,-1,21672,298.0,0.0,299.0,2018.415,,,,,70247.622786,70247.709731,70247.729542,70247.729542,70247.729559
1789036790.213,timeline,3,-1,21672,299.0,0.0,300.0,0.092,,,,,70247.729932,70247.882945,70248.128914,70248.128914,70248.128929
1789036790.2116,timeline,0,-1,21669,299.0,0.0,300.0,0.165,,,,,70247.732274,70247.883049,70248.127517,70248.127517,70248.127528
1789036790.2156,timeline,2,-1,21671,299.0,0.0,300.0,0.104,,,,,70247.732288,70247.88306,70248.131555,70248.131555,70248.131565
1789036790.2149,timeline,1,-1,21670,299.0,0.0,300.0,0.103,,,,,70247.732922,70247.882456,70248.130788,70248.130788,70248.1308
1789036792.2357,timeline,0,-1,21669,300.0,0.0,301.0,0.131,,,,,70248.127924,70250.058388,70250.142303,70250.142303,70250.151652
1789036792.232,timeline,1,-1,21670,300.0,0.0,301.0,0.083,,,,,70248.131137,70250.058699,70250.142339,70250.142339,70250.147916
1789036792.232,timeline,2,-1,21671,300.0,0.0,301.0,0.099,,,,,70248.131957,70250.058278,70250.142303,70250.142303,70250.147878
1789036792.232,timeline,3,-1,21672,300.0,0.0,301.0,1838.843,,,,,70249.968074,70250.057788,70250.142358,70250.142358,70250.147956
1789036792.3442,timeline,2,-1,21671,301.0,0.0,302.0,0.109,,,,,70250.148133,70250.238798,70250.260126,70250.260126,70250.260143
1789036792.343,timeline,3,-1,21672,301.0,0.0,302.0,0.122,,,,,70250.148265,70250.2395,70250.258915,70250.258915,70250.258931
1789036792.343,timeline,1,-1,21670,301.0,0.0,302.0,0.132,,,,,70250.148307,70250.238773,70250.258921,70250.258921,70250.258938
1789036792.3438,timeline,0,-1,21669,301.0,0.0,302.0,0.138,,,,,70250.152023,70250.238774,70250.259745,70250.259745,70250.259764
1789036795.173,timeline,1,-1,21670,302.0,0.0,303.0,0.104,,,,,70250.259317,70252.815541,70253.088926,70253.088926,70253.088937
1789036795.1721,timeline,0,-1,21669,302.0,0.0,303.0,0.141,,,,,70250.260185,70252.820806,70253.08797,70253.08797,70253.087982
1789036795.1557,timeline,2,-1,21671,302.0,0.0,303.0,0.123,,,,,70250.260547,70252.815166,70253.071625,70253.071625,70253.071636
1789036795.1516,timeline,3,-1,21672,302.0,0.0,303.0,2441.861,,,,,70252.701022,70252.815434,70253.067516,70253.067516,70253.06753
1789036795.2815,timeline,3,-1,21672,303.0,0.0,304.0,0.092,,,,,70253.067966,70253.177392,70253.197429,70253.197429,70253.197446
1789036795.2813,timeline,2,-1,21671,303.0,0.0,304.0,0.08,,,,,70253.072019,70253.176585,70253.197207,70253.197207,70253.19722
1789036795.2918,timeline,0,-1,21669,303.0,0.0,304.0,0.157,,,,,70253.088477,70253.176945,70253.207698,70253.207698,70253.207711
1789036795.2855,timeline,1,-1,21670,303.0,0.0,304.0,0.081,,,,,70253.089296,70253.176864,70253.201415,70253.201415,70253.20143
1789036797.7563,timeline,2,-1,21671,304.0,0.0,305.0,0.111,,,,,70253.197473,70255.65152,70255.672219,70255.672219,70255.672238
1789036797.7569,timeline,1,-1,21670,304.0,0.0,305.0,0.112,,,,,70253.201717,70255.651708,70255.672779,70255.672779,70255.672794
1789036797.7556,timeline,0,-1,21669,304.0,0.0,305.0,0.132,,,,,70253.208084,70255.650985,70255.671516,70255.671516,70255.671536
1789036797.7594,timeline,3,-1,21672,304.0,0.0,305.0,2364.958,,,,,70255.562686,70255.651737,70255.675267,70255.675267,70255.675282
1789036798.1951,timeline,0,-1,21669,305.0,0.0,306.0,0.158,,,,,70255.671983,70255.856521,70256.111014,70256.111014,70256.111026
1789036798.2119,timeline,2,-1,21671,305.0,0.0,306.0,0.099,,,,,70255.672623,70255.850727,70256.127782,70256.127782,70256.127794
1789036798.1876,timeline,1,-1,21670,305.0,0.0,306.0,0.112,,,,,70255.67319,70255.850672,70256.10351,70256.10351,70256.103525
1789036798.1782,timeline,3,-1,21672,305.0,0.0,306.0,0.098,,,,,70255.675536,70255.850724,70256.094074,70256.094074,70256.094085
1789036800.2514,timeline,1,-1,21670,306.0,0.0,307.0,0.101,,,,,70256.103927,70258.146501,70258.167329,70258.167329,70258.167352
1789036800.2529,timeline,0,-1,21669,306.0,0.0,307.0,0.118,,,,,70256.111429,70258.146014,70258.168825,70258.168825,70258.168841
1789036800.2512,timeline,2,-1,21671,306.0,0.0,307.0,0.109,,,,,70256.128301,70258.14638,70258.167094,70258.167094,70258.167109
1789036800.2483,timeline,3,-1,21672,306.0,0.0,307.0,1962.772,,,,,70258.057075,70258.144853,70258.164249,70258.164249,70258.164262
1789036800.4217,timeline,3,-1,21672,307.0,0.0,308.0,0.081,,,,,70258.164605,70258.318624,70258.337574,70258.337574,70258.337587
1789036800.4256,timeline,2,-1,21671,307.0,0.0,308.0,0.102,,,,,70258.167506,70258.318729,70258.341469,70258.341469,70258.341488
1789036800.4235,timeline,1,-1,21670,307.0,0.0,308.0,0.135,,,,,70258.167833,70258.318696,70258.339401,70258.339401,70258.339416
1789036800.4261,timeline,0,-1,21669,307.0,0.0,308.0,0.166,,,,,70258.169293,70258.318765,70258.341996,70258.341996,70258.342012
1789036802.9677,timeline,1,-1,21670,308.0,0.0,309.0,0.113,,,,,70258.339812,70260.599175,70260.883566,70260.883566,70260.883578
1789036802.9977,timeline,2,-1,21671,308.0,0.0,309.0,0.139,,,,,70258.341985,70260.598927,70260.913647,70260.913647,70260.913663
1789036802.9643,timeline,0,-1,21669,308.0,0.0,309.0,0.142,,,,,70258.342529,70260.598998,70260.880194,70260.880194,70260.880207
1789036802.94,timeline,3,-1,21672,308.0,0.0,309.0,2143.528,,,,,70260.481328,70260.599777,70260.855899,70260.855899,70260.85591
1789036803.109,timeline,3,-1,21672,309.0,0.0,310.0,0.078,,,,,70260.856313,70261.005548,70261.024926,70261.024926,70261.024938
1789036803.1165,timeline,0,-1,21669,309.0,0.0,310.0,0.147,,,,,70260.880658,70261.01192,70261.03239,70261.03239,70261.032405
1789036803.1125,timeline,1,-1,21670,309.0,0.0,310.0,0.076,,,,,70260.883912,70261.005577,70261.02844,70261.02844,70261.028452
1789036803.1107,timeline,2,-1,21671,309.0,0.0,310.0,0.088,,,,,70260.914093,70261.005602,70261.026573,70261.026573,70261.026588
1789036804.884,timeline,2,-1,21671,310.0,0.0,311.0,0.119,,,,,70261.026862,70262.778943,70262.799876,70262.799876,70262.799892
1789036804.92,timeline,1,-1,21670,310.0,0.0,311.0,0.098,,,,,70261.028773,70262.779081,70262.835941,70262.835941,70262.835957
1789036804.8914,timeline,0,-1,21669,310.0,0.0,311.0,0.13,,,,,70261.03277,70262.784993,70262.807349,70262.807349,70262.807368
1789036804.8826,timeline,3,-1,21672,310.0,0.0,311.0,1648.646,,,,,70262.673789,70262.779103,70262.798561,70262.798561,70262.798576
1789036805.2858,timeline,3,-1,21672,311.0,0.0,312.0,0.083,,,,,70262.798801,70262.956535,70263.201728,70263.201728,70263.20174
1789036805.3226,timeline,2,-1,21671,311.0,0.0,312.0,0.113,,,,,70262.800163,70262.954956,70263.238508,70263.238508,70263.238518
1789036805.3028,timeline,0,-1,21669,311.0,0.0,312.0,0.15,,,,,70262.807773,70262.956232,70263.218674,70263.218674,70263.218687
1789036805.2928,timeline,1,-1,21670,311.0,0.0,312.0,0.119,,,,,70262.83637,70262.955508,70263.208751,70263.208751,70263.208762
1789036807.0537,timeline,1,-1,21670,312.0,0.0,313.0,0.087,,,,,70263.209113,70264.946612,70264.96957,70264.96957,70264.969587
1789036807.0808,timeline,0,-1,21669,312.0,0.0,313.0,0.112,,,,,70263.219072,70264.976639,70264.996746,70264.996746,70264.996764
1789036807.0531,timeline,2,-1,21671,312.0,0.0,313.0,0.093,,,,,70263.238864,70264.947673,70264.969052,70264.969052,70264.969068
1789036807.052,timeline,3,-1,21672,312.0,0.0,313.0,1656.817,,,,,70264.858781,70264.947712,70264.967892,70264.967892,70264.96791
1789036807.2522,timeline,3,-1,21672,313.0,0.0,314.0,0.104,,,,,70264.968192,70265.148153,70265.168124,70265.168124,70265.16814
1789036807.254,timeline,2,-1,21671,313.0,0.0,314.0,0.097,,,,,70264.969452,70265.147522,70265.169929,70265.169929,70265.169947
1789036807.2527,timeline,1,-1,21670,313.0,0.0,314.0,0.131,,,,,70264.970005,70265.147028,70265.168624,70265.168624,70265.16864
1789036807.2535,timeline,0,-1,21669,313.0,0.0,314.0,0.152,,,,,70264.997171,70265.147486,70265.169444,70265.169444,70265.169467
1789036809.6186,timeline,1,-1,21670,314.0,0.0,315.0,0.09,,,,,70265.16896,70267.28244,70267.534524,70267.534524,70267.534538
1789036809.6305,timeline,0,-1,21669,314.0,0.0,315.0,0.166,,,,,70265.169972,70267.282144,70267.546387,70267.546387,70267.546402
1789036809.6226,timeline,2,-1,21671,314.0,0.0,315.0,0.12,,,,,70265.170394,70267.282547,70267.538471,70267.538471,70267.538482
1789036809.6226,timeline,3,-1,21672,314.0,0.0,315.0,2025.243,,,,,70267.193754,70267.282528,70267.538523,70267.538523,70267.538537
1789036809.741,timeline,1,-1,21670,315.0,0.0,316.0,0.099,,,,,70267.534803,70267.633537,70267.656902,70267.656902,70267.656915
1789036809.7384,timeline,2,-1,21671,315.0,0.0,316.0,0.099,,,,,70267.538897,70267.633815,70267.654291,70267.654291,70267.654303
1789036809.7384,timeline,3,-1,21672,315.0,0.0,316.0,0.115,,,,,70267.538977,70267.634375,70267.654359,70267.654359,70267.654374
1789036809.7383,timeline,0,-1,21669,315.0,0.0,316.0,0.152,,,,,70267.546839,70267.633975,70267.654185,70267.654185,70267.654199
1789036811.7792,timeline,0,-1,21669,316.0,0.0,317.0,0.136,,,,,70267.654556,70269.674399,70269.695116,70269.695116,70269.695132
1789036811.7822,timeline,2,-1,21671,316.0,0.0,317.0,0.109,,,,,70267.654658,70269.674619,70269.698074,70269.698074,70269.69809
1789036811.7825,timeline,1,-1,21670,316.0,0.0,317.0,0.107,,,,,70267.657256,70269.674981,70269.698391,70269.698391,70269.698406
1789036811.7805,timeline,3,-1,21672,316.0,0.0,317.0,1931.017,,,,,70269.585632,70269.675148,70269.696429,70269.696429,70269.696448
1789036812.2194,timeline,0,-1,21669,317.0,0.0,318.0,0.154,,,,,70269.695576,70269.849116,70270.135355,70270.135355,70270.135365
1789036812.1893,timeline,3,-1,21672,317.0,0.0,318.0,0.097,,,,,70269.696981,70269.851645,70270.105258,70270.105258,70270.105274
1789036812.2035,timeline,2,-1,21671,317.0,0.0,318.0,0.091,,,,,70269.698456,70269.848767,70270.119396,70270.119396,70270.119407
1789036812.2188,timeline,1,-1,21670,317.0,0.0,318.0,0.106,,,,,70269.698658,70269.860206,70270.134724,70270.134724,70270.134736
1789036814.4832,timeline,2,-1,21671,318.0,0.0,319.0,0.102,,,,,70270.119801,70272.37761,70272.399054,70272.399054,70272.399077
1789036814.4894,timeline,1,-1,21670,318.0,0.0,319.0,0.081,,,,,70270.13505,70272.379465,70272.405308,70272.405308,70272.405327
1789036814.5,timeline,0,-1,21669,318.0,0.0,319.0,0.12,,,,,70270.135723,70272.395585,70272.415941,70272.415941,70272.415959
1789036814.4846,timeline,3,-1,21672,318.0,0.0,319.0,2183.534,,,,,70272.289073,70272.379426,70272.40054,70272.40054,70272.400555
1789036814.6703,timeline,2,-1,21671,319.0,0.0,320.0,0.11,,,,,70272.399489,70272.565645,70272.586252,70272.586252,70272.586266
1789036814.6725,timeline,3,-1,21672,319.0,0.0,320.0,0.099,,,,,70272.400943,70272.567956,70272.588368,70272.588368,70272.588389
1789036814.6771,timeline,1,-1,21670,319.0,0.0,320.0,0.128,,,,,70272.405772,70272.568564,70272.592991,70272.592991,70272.593007
1789036814.6716,timeline,0,-1,21669,319.0,0.0,320.0,0.181,,,,,70272.416492,70272.567565,70272.587543,70272.587543,70272.587557
1789036817.4366,timeline,2,-1,21671,320.0,0.0,321.0,0.115,,,,,70272.586664,70274.951865,70275.34202,70275.34202,70275.352565
1789036817.4414,timeline,0,-1,21669,320.0,0.0,321.0,0.144,,,,,70272.587935,70274.955925,70275.341972,70275.341972,70275.357334
1789036817.4367,timeline,1,-1,21670,320.0,0.0,321.0,0.108,,,,,70272.593367,70274.951702,70275.347249,70275.347249,70275.35258
1789036817.4367,timeline,3,-1,21672,320.0,0.0,321.0,2273.407,,,,,70274.862058,70274.952131,70275.342037,70275.342037,70275.352626
1789036817.5592,timeline,1,-1,21670,321.0,0.0,322.0,0.121,,,,,70275.352999,70275.453641,70275.475071,70275.475071,70275.475091
1789036817.5576,timeline,3,-1,21672,321.0,0.0,322.0,0.119,,,,,70275.353049,70275.452602,70275.473486,70275.473486,70275.473498
1789036817.5578,timeline,2,-1,21671,321.0,0.0,322.0,0.122,,,,,70275.353069,70275.452415,70275.473719,70275.473719,70275.473734
1789036817.5628,timeline,0,-1,21669,321.0,0.0,322.0,0.309,,,,,70275.35781,70275.458655,70275.478713,70275.478713,70275.478728
1789036819.9045,timeline,2,-1,21671,322.0,0.0,323.0,0.124,,,,,70275.474146,70277.800075,70277.820407,70277.820407,70277.820421
1789036819.9063,timeline,1,-1,21670,322.0,0.0,323.0,0.137,,,,,70275.475539,70277.800594,70277.822252,70277.822252,70277.82227
1789036819.9042,timeline,0,-1,21669,322.0,0.0,323.0,0.144,,,,,70275.479096,70277.799363,70277.820071,70277.820071,70277.820087
1789036819.9035,timeline,3,-1,21672,322.0,0.0,323.0,2237.599,,,,,70277.71131,70277.797969,70277.81941,70277.81941,70277.819424
1789036820.305,timeline,3,-1,21672,323.0,0.0,324.0,0.09,,,,,70277.819784,70277.973077,70278.220952,70278.220952,70278.220965
1789036820.3457,timeline,0,-1,21669,323.0,0.0,324.0,0.135,,,,,70277.820492,70277.973528,70278.261568,70278.261568,70278.261579
1789036820.3252,timeline,2,-1,21671,323.0,0.0,324.0,0.092,,,,,70277.820652,70277.9733,70278.241089,70278.241089,70278.241102
1789036820.3516,timeline,1,-1,21670,323.0,0.0,324.0,0.101,,,,,70277.822646,70277.973869,70278.267559,70278.267559,70278.267571
1789036822.0668,timeline,2,-1,21671,324.0,0.0,325.0,0.093,,,,,70278.241639,70279.961762,70279.982688,70279.982688,70279.982706
1789036822.0669,timeline,0,-1,21669,324.0,0.0,325.0,0.127,,,,,70278.26197,70279.962246,70279.982775,70279.982775,70279.982792
1789036822.0677,timeline,1,-1,21670,324.0,0.0,325.0,0.081,,,,,70278.267883,70279.960586,70279.983572,70279.983572,70279.983587
1789036822.0674,timeline,3,-1,21672,324.0,0.0,325.0,1651.657,,,,,70279.872853,70279.96212,70279.98329,70279.98329,70279.983309
1789036822.2592,timeline,2,-1,21671,325.0,0.0,326.0,0.101,,,,,70279.982982,70280.154617,70280.175083,70280.175083,70280.175097
1789036822.259,timeline,0,-1,21669,325.0,0.0,326.0,0.151,,,,,70279.98327,70280.154634,70280.174915,70280.174915,70280.17493
1789036822.2617,timeline,3,-1,21672,325.0,0.0,326.0,0.11,,,,,70279.983594,70280.15495,70280.177608,70280.177608,70280.177632
1789036822.2645,timeline,1,-1,21670,325.0,0.0,326.0,0.107,,,,,70279.983949,70280.160996,70280.180404,70280.180404,70280.180416
1789036824.8199,timeline,0,-1,21669,326.0,0.0,327.0,0.138,,,,,70280.17529,70282.44489,70282.735823,70282.735823,70282.735835
1789036824.7883,timeline,2,-1,21671,326.0,0.0,327.0,0.112,,,,,70280.175464,70282.444598,70282.70424,70282.70424,70282.704252
1789036824.7766,timeline,1,-1,21670,326.0,0.0,327.0,0.088,,,,,70280.180708,70282.444329,70282.692512,70282.692512,70282.692522
1789036824.7859,timeline,3,-1,21672,326.0,0.0,327.0,2158.288,,,,,70282.336202,70282.449646,70282.701838,70282.701838,70282.701853
1789036824.9389,timeline,1,-1,21670,327.0,0.0,328.0,0.098,,,,,70282.692889,70282.833373,70282.854854,70282.854854,70282.854868
1789036824.9381,timeline,3,-1,21672,327.0,0.0,328.0,0.086,,,,,70282.702239,70282.833464,70282.854044,70282.854044,70282.854059
1789036824.9443,timeline,2,-1,21671,327.0,0.0,328.0,0.078,,,,,70282.704609,70282.839609,70282.86017,70282.86017,70282.860184
1789036824.9378,timeline,0,-1,21669,327.0,0.0,328.0,0.154,,,,,70282.736276,70282.83323,70282.853682,70282.853682,70282.853696
1789036826.7864,timeline,0,-1,21669,328.0,0.0,329.0,0.131,,,,,70282.854165,70284.682228,70284.702326,70284.702326,70284.702343
1789036826.7842,timeline,1,-1,21670,328.0,0.0,329.0,0.104,,,,,70282.855195,70284.680498,70284.700152,70284.700152,70284.700166
1789036826.7866,timeline,2,-1,21671,328.0,0.0,329.0,0.107,,,,,70282.860586,70284.680586,70284.702553,70284.702553,70284.702571
1789036826.7882,timeline,3,-1,21672,328.0,0.0,329.0,1737.65,,,,,70284.591978,70284.679969,70284.704078,70284.704078,70284.704094
1789036827.1841,timeline,1,-1,21670,329.0,0.0,330.0,0.101,,,,,70284.700641,70284.85312,70285.099991,70285.099991,70285.100012
1789036827.2018,timeline,0,-1,21669,329.0,0.0,330.0,0.154,,,,,70284.702814,70284.859533,70285.117713,70285.117713,70285.117726
1789036827.193,timeline,2,-1,21671,329.0,0.0,330.0,0.101,,,,,70284.702971,70284.853664,70285.108946,70285.108946,70285.108957
1789036827.1852,timeline,3,-1,21672,329.0,0.0,330.0,0.101,,,,,70284.704348,70284.853517,70285.101135,70285.101135,70285.101146
1789036829.2957,timeline,1,-1,21670,330.0,0.0,331.0,0.118,,,,,70285.100303,70287.191879,70287.211597,70287.211597,70287.211611
1789036829.2979,timeline,2,-1,21671,330.0,0.0,331.0,0.1,,,,,70285.109356,70287.193181,70287.21377,70287.21377,70287.213784
1789036829.2975,timeline,0,-1,21669,330.0,0.0,331.0,0.154,,,,,70285.118144,70287.193491,70287.213434,70287.213434,70287.213449
1789036829.2976,timeline,3,-1,21672,330.0,0.0,331.0,2002.787,,,,,70287.104176,70287.192998,70287.213487,70287.213487,70287.213501
1789036829.4688,timeline,1,-1,21670,331.0,0.0,332.0,0.099,,,,,70287.211996,70287.365118,70287.384725,70287.384725,70287.38474
1789036829.4694,timeline,3,-1,21672,331.0,0.0,332.0,0.094,,,,,70287.213863,70287.36499,70287.385328,70287.385328,70287.385341
1789036829.4697,timeline,0,-1,21669,331.0,0.0,332.0,0.144,,,,,70287.213894,70287.364724,70287.385579,70287.385579,70287.385596
1789036829.4699,timeline,2,-1,21671,331.0,0.0,332.0,0.101,,,,,70287.214154,70287.364737,70287.385794,70287.385794,70287.385811
1789036831.9243,timeline,1,-1,21670,332.0,0.0,333.0,0.095,,,,,70287.385107,70289.553958,70289.840205,70289.840205,70289.840216
1789036831.892,timeline,0,-1,21669,332.0,0.0,333.0,0.16,,,,,70287.386028,70289.554512,70289.807948,70289.807948,70289.80796
1789036831.8903,timeline,2,-1,21671,332.0,0.0,333.0,0.123,,,,,70287.386221,70289.554308,70289.806244,70289.806244,70289.806259
1789036831.8938,timeline,3,-1,21672,332.0,0.0,333.0,2081.61,,,,,70289.467306,70289.556476,70289.809689,70289.809689,70289.809703
1789036832.0331,timeline,2,-1,21671,333.0,0.0,334.0,0.093,,,,,70289.806675,70289.928542,70289.94906,70289.94906,70289.949073
1789036832.0331,timeline,0,-1,21669,333.0,0.0,334.0,0.174,,,,,70289.808633,70289.928409,70289.949024,70289.949024,70289.94904
1789036832.0332,timeline,3,-1,21672,333.0,0.0,334.0,0.098,,,,,70289.810139,70289.928573,70289.949121,70289.949121,70289.949133
1789036832.0431,timeline,1,-1,21670,333.0,0.0,334.0,0.087,,,,,70289.840637,70289.93959,70289.959061,70289.959061,70289.959073
1789036834.1765,timeline,0,-1,21669,334.0,0.0,335.0,0.134,,,,,70289.949434,70292.069936,70292.092443,70292.092443,70292.09246
1789036834.1806,timeline,2,-1,21671,334.0,0.0,335.0,0.107,,,,,70289.949435,70292.074875,70292.096477,70292.096477,70292.096501
1789036834.1738,timeline,1,-1,21670,334.0,0.0,335.0,0.09,,,,,70289.959376,70292.069908,70292.089701,70292.089701,70292.089715
1789036834.1749,timeline,3,-1,21672,334.0,0.0,335.0,2030.658,,,,,70291.980031,70292.069949,70292.090812,70292.090812,70292.090825
1789036834.6357,timeline,1,-1,21670,335.0,0.0,336.0,0.1,,,,,70292.090072,70292.246757,70292.551621,70292.551621,70292.551635
1789036834.6194,timeline,3,-1,21672,335.0,0.0,336.0,0.096,,,,,70292.091179,70292.246701,70292.535279,70292.535279,70292.535292
1789036834.583,timeline,0,-1,21669,335.0,0.0,336.0,0.155,,,,,70292.092797,70292.246704,70292.49887,70292.49887,70292.49888
1789036834.5826,timeline,2,-1,21671,335.0,0.0,336.0,0.153,,,,,70292.096861,70292.246722,70292.498517,70292.498517,70292.498529
1789036836.6582,timeline,2,-1,21671,336.0,0.0,337.0,0.113,,,,,70292.498948,70294.553534,70294.574103,70294.574103,70294.574117
1789036836.658,timeline,0,-1,21669,336.0,0.0,337.0,0.123,,,,,70292.499278,70294.553566,70294.573921,70294.573921,70294.573936
1789036836.6569,timeline,1,-1,21670,336.0,0.0,337.0,0.083,,,,,70292.552012,70294.552986,70294.572807,70294.572807,70294.572821
1789036836.6592,timeline,3,-1,21672,336.0,0.0,337.0,1929.185,,,,,70294.464726,70294.55354,70294.575128,70294.575128,70294.575142
1789036836.8331,timeline,1,-1,21670,337.0,0.0,338.0,0.115,,,,,70294.573291,70294.727398,70294.748981,70294.748981,70294.748996
1789036836.8332,timeline,0,-1,21669,337.0,0.0,338.0,0.139,,,,,70294.574359,70294.729252,70294.749071,70294.749071,70294.749084
1789036836.8307,timeline,2,-1,21671,337.0,0.0,338.0,0.101,,,,,70294.574491,70294.726482,70294.746611,70294.746611,70294.746624
1789036836.833,timeline,3,-1,21672,337.0,0.0,338.0,0.088,,,,,70294.575497,70294.728109,70294.748929,70294.748929,70294.748945
1789036839.0334,timeline,2,-1,21671,338.0,0.0,339.0,0.117,,,,,70294.746989,70296.66558,70296.949323,70296.949323,70296.949334
1789036839.0459,timeline,1,-1,21670,338.0,0.0,339.0,0.098,,,,,70294.749347,70296.665567,70296.961811,70296.961811,70296.961825
1789036839.0087,timeline,0,-1,21669,338.0,0.0,339.0,0.138,,,,,70294.749423,70296.66603,70296.924572,70296.924572,70296.924586
1789036839.0517,timeline,3,-1,21672,338.0,0.0,339.0,1828.244,,,,,70296.577425,70296.666661,70296.967585,70296.967585,70296.967598
1789036839.1606,timeline,0,-1,21669,339.0,0.0,340.0,0.141,,,,,70296.925035,70297.055084,70297.076517,70297.076517,70297.076539
1789036839.1607,timeline,2,-1,21671,339.0,0.0,340.0,0.201,,,,,70296.949699,70297.055393,70297.0766,70297.0766,70297.076616
1789036839.1595,timeline,1,-1,21670,339.0,0.0,340.0,0.106,,,,,70296.962199,70297.055653,70297.075418,70297.075418,70297.07543
1789036839.1615,timeline,3,-1,21672,339.0,0.0,340.0,0.203,,,,,70296.967972,70297.055088,70297.077368,70297.077368,70297.077379
1789036840.9618,timeline,1,-1,21670,340.0,0.0,341.0,0.085,,,,,70297.075728,70298.778973,70298.871806,70298.871806,70298.877681
1789036840.9658,timeline,0,-1,21669,340.0,0.0,341.0,0.153,,,,,70297.076984,70298.788164,70298.871819,70298.871819,70298.881743
1789036840.9617,timeline,2,-1,21671,340.0,0.0,341.0,0.117,,,,,70297.076999,70298.777635,70298.871821,70298.871821,70298.877646
1789036840.9618,timeline,3,-1,21672,340.0,0.0,341.0,1609.244,,,,,70298.686909,70298.774741,70298.871825,70298.871825,70298.877679
1789036841.3076,timeline,3,-1,21672,341.0,0.0,342.0,0.113,,,,,70298.877938,70298.968929,70299.22353,70299.22353,70299.223544
1789036841.3205,timeline,1,-1,21670,341.0,0.0,342.0,0.119,,,,,70298.877955,70298.968249,70299.236437,70299.236437,70299.236448
1789036841.2995,timeline,2,-1,21671,341.0,0.0,342.0,0.123,,,,,70298.878089,70298.968585,70299.215389,70299.215389,70299.215401
1789036841.3267,timeline,0,-1,21669,341.0,0.0,342.0,0.16,,,,,70298.882139,70298.968576,70299.242657,70299.242657,70299.242668
1789036842.9743,timeline,2,-1,21671,342.0,0.0,343.0,0.093,,,,,70299.215777,70300.870499,70300.890166,70300.890166,70300.890181
1789036842.9755,timeline,1,-1,21670,342.0,0.0,343.0,0.086,,,,,70299.236812,70300.871658,70300.89138,70300.89138,70300.891396
1789036842.9772,timeline,0,-1,21669,342.0,0.0,343.0,0.113,,,,,70299.243012,70300.870741,70300.8931,70300.8931,70300.893113
1789036842.9777,timeline,3,-1,21672,342.0,0.0,343.0,1558.295,,,,,70300.782076,70300.870995,70300.89356,70300.89356,70300.893578
1789036843.1473,timeline,2,-1,21671,343.0,0.0,344.0,0.265,,,,,70300.890621,70301.043449,70301.063172,70301.063172,70301.063189
1789036843.1457,timeline,1,-1,21670,343.0,0.0,344.0,0.106,,,,,70300.891781,70301.041979,70301.061638,70301.061638,70301.061652
1789036843.1477,timeline,0,-1,21669,343.0,0.0,344.0,0.157,,,,,70300.893421,70301.043194,70301.063638,70301.063638,70301.063652
1789036843.1478,timeline,3,-1,21672,343.0,0.0,344.0,0.11,,,,,70300.893853,70301.043391,70301.06376,70301.06376,70301.063774
1789036845.3601,timeline,1,-1,21670,344.0,0.0,345.0,0.111,,,,,70301.062024,70302.981224,70303.276029,70303.276029,70303.276042
1789036845.314,timeline,2,-1,21671,344.0,0.0,345.0,0.107,,,,,70301.063567,70302.986991,70303.229906,70303.229906,70303.229921
1789036845.3397,timeline,0,-1,21669,344.0,0.0,345.0,0.127,,,,,70301.06401,70302.981363,70303.255642,70303.255642,70303.255654
1789036845.3132,timeline,3,-1,21672,344.0,0.0,345.0,1804.524,,,,,70302.868534,70302.981212,70303.229123,70303.229123,70303.229138
1789036845.4749,timeline,3,-1,21672,345.0,0.0,346.0,0.228,,,,,70303.229527,70303.364754,70303.390826,70303.390826,70303.390841
1789036845.4681,timeline,2,-1,21671,345.0,0.0,346.0,0.08,,,,,70303.230159,70303.363929,70303.384048,70303.384048,70303.384063
1789036845.4681,timeline,0,-1,21669,345.0,0.0,346.0,0.128,,,,,70303.255932,70303.36295,70303.384058,70303.384058,70303.384073
1789036845.4673,timeline,1,-1,21670,345.0,0.0,346.0,0.081,,,,,70303.276273,70303.363866,70303.383251,70303.383251,70303.383265
1789036847.9239,timeline,1,-1,21670,346.0,0.0,347.0,0.094,,,,,70303.383582,70305.819719,70305.839823,70305.839823,70305.839839
1789036847.9235,timeline,2,-1,21671,346.0,0.0,347.0,0.117,,,,,70303.384452,70305.820156,70305.839426,70305.839426,70305.839442
1789036847.9248,timeline,0,-1,21669,346.0,0.0,347.0,0.135,,,,,70303.384452,70305.819778,70305.840712,70305.840712,70305.840727
1789036847.9242,timeline,3,-1,21672,346.0,0.0,347.0,2340.778,,,,,70305.731849,70305.819601,70305.84015,70305.84015,70305.840165
1789036848.3297,timeline,2,-1,21671,347.0,0.0,348.0,0.253,,,,,70305.839874,70305.992818,70306.245596,70306.245596,70306.24561
1789036848.3528,timeline,1,-1,21670,347.0,0.0,348.0,0.129,,,,,70305.840123,70305.992653,70306.268667,70306.268667,70306.268678
1789036848.3366,timeline,3,-1,21672,347.0,0.0,348.0,0.097,,,,,70305.840527,70305.993958,70306.252475,70306.252475,70306.252489
1789036848.3536,timeline,0,-1,21669,347.0,0.0,348.0,0.156,,,,,70305.84114,70305.992751,70306.269468,70306.269468,70306.269479
1789036850.3026,timeline,2,-1,21671,348.0,0.0,349.0,0.104,,,,,70306.246007,70308.197329,70308.218467,70308.218467,70308.218484
1789036850.3009,timeline,1,-1,21670,348.0,0.0,349.0,0.083,,,,,70306.26901,70308.196785,70308.216809,70308.216809,70308.216821
1789036850.3022,timeline,0,-1,21669,348.0,0.0,349.0,0.11,,,,,70306.269843,70308.19723,70308.218053,70308.218053,70308.218075
1789036850.3001,timeline,3,-1,21672,348.0,0.0,349.0,1853.925,,,,,70308.106672,70308.194783,70308.216014,70308.216014,70308.21603
1789036850.4947,timeline,3,-1,21672,349.0,0.0,350.0,0.103,,,,,70308.216449,70308.390522,70308.410623,70308.410623,70308.410636
1789036850.4946,timeline,1,-1,21670,349.0,0.0,350.0,0.107,,,,,70308.217205,70308.39044,70308.410497,70308.410497,70308.41051
1789036850.4947,timeline,0,-1,21669,349.0,0.0,350.0,0.173,,,,,70308.218559,70308.390625,70308.410629,70308.410629,70308.410643
1789036850.5005,timeline,2,-1,21671,349.0,0.0,350.0,0.094,,,,,70308.218868,70308.396525,70308.416424,70308.416424,70308.416443
1789036853.0614,timeline,1,-1,21670,350.0,0.0,351.0,0.099,,,,,70308.410854,70310.734612,70310.97731,70310.97731,70310.977325
1789036853.074,timeline,0,-1,21669,350.0,0.0,351.0,0.14,,,,,70308.411003,70310.734747,70310.989901,70310.989901,70310.989912
1789036853.0995,timeline,2,-1,21671,350.0,0.0,351.0,0.118,,,,,70308.416822,70310.734765,70311.015422,70311.015422,70311.015433
1789036853.0986,timeline,3,-1,21672,350.0,0.0,351.0,2235.404,,,,,70310.646246,70310.734746,70311.014502,70311.014502,70311.014516
1789036853.2064,timeline,1,-1,21670,351.0,0.0,352.0,0.108,,,,,70310.97774,70311.102883,70311.12232,70311.12232,70311.122332
1789036853.2196,timeline,0,-1,21669,351.0,0.0,352.0,0.127,,,,,70310.990328,70311.11543,70311.135487,70311.135487,70311.135502
1789036853.2091,timeline,3,-1,21672,351.0,0.0,352.0,0.104,,,,,70311.014805,70311.104021,70311.125016,70311.125016,70311.12503
1789036853.2089,timeline,2,-1,21671,351.0,0.0,352.0,0.317,,,,,70311.015919,70311.103529,70311.124827,70311.124827,70311.124842
1789036855.2835,timeline,1,-1,21670,352.0,0.0,353.0,0.083,,,,,70311.122665,70313.178562,70313.199409,70313.199409,70313.199423
1789036855.2781,timeline,2,-1,21671,352.0,0.0,353.0,0.115,,,,,70311.125234,70313.172455,70313.19399,70313.19399,70313.194009
1789036855.278,timeline,0,-1,21669,352.0,0.0,353.0,0.137,,,,,70311.135861,70313.172403,70313.193939,70313.193939,70313.193957
1789036855.2778,timeline,3,-1,21672,352.0,0.0,353.0,1933.657,,,,,70313.058914,70313.172705,70313.193676,70313.193676,70313.19369
1789036855.7383,timeline,3,-1,21672,353.0,0.0,354.0,0.09,,,,,70313.19406,70313.353368,70313.654248,70313.654248,70313.654263
1789036855.7099,timeline,0,-1,21669,353.0,0.0,354.0,0.161,,,,,70313.194431,70313.370885,70313.625827,70313.625827,70313.625841
1789036855.7439,timeline,2,-1,21671,353.0,0.0,354.0,0.111,,,,,70313.194468,70313.351298,70313.659854,70313.659854,70313.659865
1789036855.6843,timeline,1,-1,21670,353.0,0.0,354.0,0.114,,,,,70313.199806,70313.350447,70313.600259,70313.600259,70313.600273
1789036858.1279,timeline,1,-1,21670,354.0,0.0,355.0,0.11,,,,,70313.600735,70315.996617,70316.043849,70316.043849,70316.043864
1789036858.1015,timeline,0,-1,21669,354.0,0.0,355.0,0.155,,,,,70313.626353,70315.9965,70316.01737,70316.01737,70316.017385
1789036858.1014,timeline,2,-1,21671,354.0,0.0,355.0,0.106,,,,,70313.660358,70315.996503,70316.017306,70316.017306,70316.017322
1789036858.101,timeline,3,-1,21672,354.0,0.0,355.0,2239.244,,,,,70315.893739,70315.996478,70316.016912,70316.016912,70316.016929
1789036858.2945,timeline,3,-1,21672,355.0,0.0,356.0,0.099,,,,,70316.017315,70316.189954,70316.210461,70316.210461,70316.210474
1789036858.2964,timeline,2,-1,21671,355.0,0.0,356.0,0.094,,,,,70316.017715,70316.19235,70316.212275,70316.212275,70316.212288
1789036858.2934,timeline,0,-1,21669,355.0,0.0,356.0,0.143,,,,,70316.017782,70316.189112,70316.209278,70316.209278,70316.209293
1789036858.2923,timeline,1,-1,21670,355.0,0.0,356.0,0.12,,,,,70316.044264,70316.188018,70316.208171,70316.208171,70316.208183
1789036861.0311,timeline,1,-1,21670,356.0,0.0,357.0,0.097,,,,,70316.208495,70318.708012,70318.946986,70318.946986,70318.946997
1789036861.0415,timeline,0,-1,21669,356.0,0.0,357.0,0.135,,,,,70316.209661,70318.70847,70318.957407,70318.957407,70318.957417
1789036861.0414,timeline,2,-1,21671,356.0,0.0,357.0,0.12,,,,,70316.212646,70318.708462,70318.957303,70318.957303,70318.957314
1789036861.0471,timeline,3,-1,21672,356.0,0.0,357.0,2410.362,,,,,70318.621057,70318.709079,70318.963015,70318.963015,70318.963027
1789036861.4821,timeline,1,-1,21670,357.0,0.0,358.0,0.075,,,,,70318.947382,70319.376523,70319.398008,70319.398008,70319.398027
1789036861.4821,timeline,2,-1,21671,357.0,0.0,358.0,0.087,,,,,70318.957686,70319.376534,70319.398041,70319.398041,70319.39806
1789036861.4861,timeline,0,-1,21669,357.0,0.0,358.0,0.116,,,,,70318.957888,70319.381834,70319.402025,70319.402025,70319.402042
1789036861.4829,timeline,3,-1,21672,357.0,0.0,358.0,0.08,,,,,70318.963393,70319.376997,70319.398843,70319.398843,70319.398864
1789036863.1492,timeline,1,-1,21670,358.0,0.0,359.0,0.105,,,,,70319.398458,70321.044701,70321.065105,70321.065105,70321.065123
1789036863.1497,timeline,2,-1,21671,358.0,0.0,359.0,0.113,,,,,70319.398588,70321.044691,70321.065577,70321.065577,70321.065593
1789036863.1524,timeline,0,-1,21669,358.0,0.0,359.0,0.136,,,,,70319.402332,70321.04472,70321.068306,70321.068306,70321.068324
1789036863.1602,timeline,3,-1,21672,358.0,0.0,359.0,1539.037,,,,,70320.938336,70321.051236,70321.076131,70321.076131,70321.076147
1789036863.5957,timeline,1,-1,21670,359.0,0.0,360.0,0.105,,,,,70321.065496,70321.22196,70321.51166,70321.51166,70321.511671
1789036863.5796,timeline,2,-1,21671,359.0,0.0,360.0,0.096,,,,,70321.065991,70321.235983,70321.495531,70321.495531,70321.495542
1789036863.5694,timeline,0,-1,21669,359.0,0.0,360.0,0.151,,,,,70321.068823,70321.223862,70321.485309,70321.485309,70321.48532
1789036863.5607,timeline,3,-1,21672,359.0,0.0,360.0,0.106,,,,,70321.076564,70321.223973,70321.476616,70321.476616,70321.476628
1789036865.4731,timeline,0,-1,21669,360.0,0.0,361.0,0.123,,,,,70321.485606,70323.294704,70323.379111,70323.379111,70323.388988
1789036865.4691,timeline,2,-1,21671,360.0,0.0,361.0,0.089,,,,,70321.495897,70323.294637,70323.379107,70323.379107,70323.385075
1789036865.4692,timeline,1,-1,21670,360.0,0.0,361.0,0.082,,,,,70321.511985,70323.294614,70323.379136,70323.379136,70323.385079
1789036865.4695,timeline,3,-1,21672,360.0,0.0,361.0,1727.31,,,,,70323.204166,70323.295014,70323.379127,70323.379127,70323.385415
1789036865.625,timeline,1,-1,21670,361.0,0.0,362.0,0.101,,,,,70323.385436,70323.521872,70323.540916,70323.540916,70323.540933
1789036865.5934,timeline,2,-1,21671,361.0,0.0,362.0,0.108,,,,,70323.38547,70323.488784,70323.509293,70323.509293,70323.509308
1789036865.6004,timeline,3,-1,21672,361.0,0.0,362.0,0.128,,,,,70323.385821,70323.495274,70323.51635,70323.51635,70323.516368
1789036865.5932,timeline,0,-1,21669,361.0,0.0,362.0,0.159,,,,,70323.389285,70323.488869,70323.509078,70323.509078,70323.509095
1789036867.4779,timeline,0,-1,21669,362.0,0.0,363.0,0.132,,,,,70323.509469,70325.136916,70325.393812,70325.393812,70325.393822
1789036867.4827,timeline,2,-1,21671,362.0,0.0,363.0,0.114,,,,,70323.509679,70325.142842,70325.398595,70325.398595,70325.398606
1789036867.483,timeline,1,-1,21670,362.0,0.0,363.0,0.096,,,,,70323.541256,70325.136933,70325.398949,70325.398949,70325.398963
1789036867.4806,timeline,3,-1,21672,362.0,0.0,363.0,1515.236,,,,,70325.031853,70325.136893,70325.396491,70325.396491,70325.396503
1789036867.59,timeline,0,-1,21669,363.0,0.0,364.0,0.127,,,,,70325.394242,70325.485822,70325.505923,70325.505923,70325.505935
1789036867.5936,timeline,3,-1,21672,363.0,0.0,364.0,0.088,,,,,70325.396915,70325.487058,70325.509548,70325.509548,70325.509566
1789036867.5902,timeline,2,-1,21671,363.0,0.0,364.0,0.085,,,,,70325.398994,70325.485888,70325.506095,70325.506095,70325.506106
1789036867.5896,timeline,1,-1,21670,363.0,0.0,364.0,0.092,,,,,70325.399328,70325.485889,70325.505551,70325.505551,70325.505565
1789036869.9308,timeline,1,-1,21670,364.0,0.0,365.0,0.104,,,,,70325.505806,70327.827026,70327.846663,70327.846663,70327.846683
1789036869.9317,timeline,0,-1,21669,364.0,0.0,365.0,0.118,,,,,70325.50625,70327.82755,70327.847618,70327.847618,70327.847636
1789036869.9325,timeline,2,-1,21671,364.0,0.0,365.0,0.114,,,,,70325.506464,70327.827909,70327.848403,70327.848403,70327.848417
1789036869.9313,timeline,3,-1,21672,364.0,0.0,365.0,2228.964,,,,,70327.738803,70327.826807,70327.847229,70327.847229,70327.847243
1789036870.3416,timeline,1,-1,21670,365.0,0.0,366.0,0.116,,,,,70327.84717,70328.000587,70328.257491,70328.257491,70328.257503
1789036870.3419,timeline,3,-1,21672,365.0,0.0,366.0,0.099,,,,,70327.847494,70328.000759,70328.257789,70328.257789,70328.257804
1789036870.3452,timeline,0,-1,21669,365.0,0.0,366.0,0.148,,,,,70327.847951,70328.000041,70328.261131,70328.261131,70328.261143
1789036870.3661,timeline,2,-1,21671,365.0,0.0,366.0,0.098,,,,,70327.848841,70327.999578,70328.281981,70328.281981,70328.281996
1789036872.5316,timeline,1,-1,21670,366.0,0.0,367.0,0.086,,,,,70328.257842,70330.427528,70330.447497,70330.447497,70330.447517
1789036872.5195,timeline,0,-1,21669,366.0,0.0,367.0,0.132,,,,,70328.261554,70330.413959,70330.435441,70330.435441,70330.435458
1789036872.5195,timeline,2,-1,21671,366.0,0.0,367.0,0.115,,,,,70328.282408,70330.413955,70330.435353,70330.435353,70330.43538
1789036872.517,timeline,3,-1,21672,366.0,0.0,367.0,2065.782,,,,,70330.323833,70330.411923,70330.432867,70330.432867,70330.432881
1789036872.7107,timeline,3,-1,21672,367.0,0.0,368.0,0.092,,,,,70330.433236,70330.599941,70330.626627,70330.626627,70330.626645
1789036872.7024,timeline,2,-1,21671,367.0,0.0,368.0,0.123,,,,,70330.435865,70330.598159,70330.61829,70330.61829,70330.618302
1789036872.7024,timeline,0,-1,21669,367.0,0.0,368.0,0.157,,,,,70330.436049,70330.598132,70330.618293,70330.618293,70330.618306
1789036872.7035,timeline,1,-1,21670,367.0,0.0,368.0,0.138,,,,,70330.447986,70330.598564,70330.61945,70330.61945,70330.619465
1789036875.1741,timeline,2,-1,21671,368.0,0.0,369.0,0.118,,,,,70330.618679,70332.836548,70333.090049,70333.090049,70333.090061
1789036875.1803,timeline,0,-1,21669,368.0,0.0,369.0,0.132,,,,,70330.618701,70332.836997,70333.096203,70333.096203,70333.096218
1789036875.2219,timeline,1,-1,21670,368.0,0.0,369.0,0.111,,,,,70330.619834,70332.835541,70333.137779,70333.137779,70333.137791
1789036875.1746,timeline,3,-1,21672,368.0,0.0,369.0,2120.942,,,,,70332.747839,70332.835901,70333.090498,70333.090498,70333.09051
1789036875.3471,timeline,2,-1,21671,369.0,0.0,370.0,0.079,,,,,70333.09052,70333.241608,70333.262989,70333.262989,70333.263021
1789036875.3459,timeline,3,-1,21672,369.0,0.0,370.0,0.089,,,,,70333.090749,70333.240818,70333.26184,70333.26184,70333.261855
1789036875.3711,timeline,0,-1,21669,369.0,0.0,370.0,0.176,,,,,70333.096758,70333.241002,70333.287029,70333.287029,70333.287045
1789036875.347,timeline,1,-1,21670,369.0,0.0,370.0,0.086,,,,,70333.138174,70333.240726,70333.262909,70333.262909,70333.262928
1789036876.6744,timeline,1,-1,21670,370.0,0.0,371.0,0.145,,,,,70333.263359,70334.569226,70334.590283,70334.590283,70334.5903
1789036876.6799,timeline,2,-1,21671,370.0,0.0,371.0,0.217,,,,,70333.263618,70334.574345,70334.595829,70334.595829,70334.595854
1789036876.6766,timeline,0,-1,21669,370.0,0.0,371.0,0.144,,,,,70333.287445,70334.571357,70334.592502,70334.592502,70334.592528
1789036876.6743,timeline,3,-1,21672,370.0,0.0,371.0,1220.02,,,,,70334.482093,70334.56959,70334.590235,70334.590235,70334.59025
1789036877.0895,timeline,3,-1,21672,371.0,0.0,372.0,0.09,,,,,70334.590483,70334.747001,70335.005389,70335.005389,70335.005402
1789036877.0752,timeline,1,-1,21670,371.0,0.0,372.0,0.124,,,,,70334.590733,70334.746733,70334.991115,70334.991115,70334.991126
1789036877.1464,timeline,0,-1,21669,371.0,0.0,372.0,0.187,,,,,70334.593111,70334.749736,70335.062343,70335.062343,70335.062356
1789036877.1399,timeline,2,-1,21671,371.0,0.0,372.0,0.145,,,,,70334.596352,70334.747178,70335.05584,70335.05584,70335.055854
1789036879.7692,timeline,1,-1,21670,372.0,0.0,373.0,0.082,,,,,70334.991463,70337.663846,70337.685141,70337.685141,70337.685157
1789036879.7876,timeline,2,-1,21671,372.0,0.0,373.0,0.155,,,,,70335.0562,70337.68135,70337.703484,70337.703484,70337.703511
1789036879.7674,timeline,0,-1,21669,372.0,0.0,373.0,0.119,,,,,70335.06275,70337.662159,70337.683313,70337.683313,70337.683328
1789036879.7687,timeline,3,-1,21672,372.0,0.0,373.0,2566.207,,,,,70337.572097,70337.662049,70337.684562,70337.684562,70337.684577
1789036879.957,timeline,0,-1,21669,373.0,0.0,374.0,0.147,,,,,70337.683755,70337.851835,70337.872925,70337.872925,70337.872941
1789036879.9561,timeline,3,-1,21672,373.0,0.0,374.0,0.092,,,,,70337.68492,70337.85223,70337.872029,70337.872029,70337.872045
1789036879.9567,timeline,1,-1,21670,373.0,0.0,374.0,0.111,,,,,70337.685526,70337.851519,70337.872571,70337.872571,70337.872583
1789036879.9595,timeline,2,-1,21671,373.0,0.0,374.0,0.14,,,,,70337.704028,70337.85241,70337.875447,70337.875447,70337.875463
1789036882.1963,timeline,1,-1,21670,374.0,0.0,375.0,0.096,,,,,70337.87293,70339.821768,70340.112254,70340.112254,70340.112268
1789036882.208,timeline,0,-1,21669,374.0,0.0,375.0,0.143,,,,,70337.873352,70339.82269,70340.123948,70340.123948,70340.123958
1789036882.1889,timeline,2,-1,21671,374.0,0.0,375.0,0.146,,,,,70337.875928,70339.824089,70340.104812,70340.104812,70340.10483
1789036882.1595,timeline,3,-1,21672,374.0,0.0,375.0,1862.098,,,,,70339.734358,70339.821162,70340.075445,70340.075445,70340.075457
1789036882.3156,timeline,3,-1,21672,375.0,0.0,376.0,0.079,,,,,70340.0758,70340.211048,70340.231565,70340.231565,70340.231577
1789036882.3177,timeline,2,-1,21671,375.0,0.0,376.0,0.117,,,,,70340.105344,70340.211939,70340.233571,70340.233571,70340.233588
1789036882.3163,timeline,1,-1,21670,375.0,0.0,376.0,0.228,,,,,70340.112648,70340.210649,70340.232245,70340.232245,70340.232257
1789036882.3155,timeline,0,-1,21669,375.0,0.0,376.0,0.127,,,,,70340.124254,70340.211086,70340.231396,70340.231396,70340.23141
1789036884.2472,timeline,0,-1,21669,376.0,0.0,377.0,0.134,,,,,70340.2318,70342.141755,70342.16314,70342.16314,70342.163159
1789036884.2486,timeline,1,-1,21670,376.0,0.0,377.0,0.099,,,,,70340.23249,70342.14052,70342.164512,70342.164512,70342.164527
1789036884.2526,timeline,2,-1,21671,376.0,0.0,377.0,0.162,,,,,70340.23409,70342.145181,70342.168441,70342.168441,70342.16847
1789036884.2452,timeline,3,-1,21672,376.0,0.0,377.0,1820.816,,,,,70342.05262,70342.140155,70342.161106,70342.161106,70342.161121
1789036884.6505,timeline,3,-1,21672,377.0,0.0,378.0,0.094,,,,,70342.161455,70342.318562,70342.56636,70342.56636,70342.566381
1789036884.6811,timeline,0,-1,21669,377.0,0.0,378.0,0.159,,,,,70342.163617,70342.318659,70342.597056,70342.597056,70342.597069
1789036884.6638,timeline,1,-1,21670,377.0,0.0,378.0,0.127,,,,,70342.164929,70342.317728,70342.579664,70342.579664,70342.579677
1789036884.6885,timeline,2,-1,21671,377.0,0.0,378.0,0.155,,,,,70342.169416,70342.317742,70342.604396,70342.604396,70342.604413
1789036885.9486,timeline,1,-1,21670,378.0,0.0,379.0,0.078,,,,,70342.580059,70343.843151,70343.864484,70343.864484,70343.8645
1789036885.9502,timeline,0,-1,21669,378.0,0.0,379.0,0.121,,,,,70342.597514,70343.844153,70343.866096,70343.866096,70343.866112
1789036885.9549,timeline,2,-1,21671,378.0,0.0,379.0,0.124,,,,,70342.605008,70343.848344,70343.870759,70343.870759,70343.870798
1789036885.9519,timeline,3,-1,21672,378.0,0.0,379.0,1184.602,,,,,70343.751485,70343.843148,70343.867763,70343.867763,70343.86778
1789036886.1451,timeline,1,-1,21670,379.0,0.0,380.0,0.117,,,,,70343.864769,70344.040033,70344.061011,70344.061011,70344.061027
1789036886.1501,timeline,0,-1,21669,379.0,0.0,380.0,0.157,,,,,70343.866565,70344.045616,70344.06602,70344.06602,70344.066035
1789036886.145,timeline,3,-1,21672,379.0,0.0,380.0,0.113,,,,,70343.868212,70344.04004,70344.060942,70344.060942,70344.060958
1789036886.1472,timeline,2,-1,21671,379.0,0.0,380.0,0.2,,,,,70343.871649,70344.040476,70344.063094,70344.063094,70344.063133
1789036888.3957,timeline,1,-1,21670,380.0,0.0,381.0,0.099,,,,,70344.061399,70345.952495,70346.306169,70346.306169,70346.311603
1789036888.3957,timeline,2,-1,21671,380.0,0.0,381.0,0.211,,,,,70344.06384,70345.973552,70346.305555,70346.305555,70346.311606
1789036888.3998,timeline,0,-1,21669,380.0,0.0,381.0,0.14,,,,,70344.066443,70345.955906,70346.301583,70346.301583,70346.31573
1789036888.3957,timeline,3,-1,21672,380.0,0.0,381.0,1803.45,,,,,70345.86463,70345.953203,70346.301614,70346.301614,70346.311585
1789036888.5323,timeline,3,-1,21672,381.0,0.0,382.0,0.134,,,,,70346.312068,70346.427799,70346.448228,70346.448228,70346.448242
1789036888.5082,timeline,1,-1,21670,381.0,0.0,382.0,0.163,,,,,70346.312165,70346.403781,70346.424069,70346.424069,70346.424081
1789036888.5081,timeline,2,-1,21671,381.0,0.0,382.0,0.127,,,,,70346.312353,70346.40202,70346.424044,70346.424044,70346.424056
1789036888.5083,timeline,0,-1,21669,381.0,0.0,382.0,0.166,,,,,70346.316199,70346.403842,70346.424253,70346.424253,70346.424266
1789036890.5039,timeline,1,-1,21670,382.0,0.0,383.0,0.1,,,,,70346.424435,70348.398691,70348.419782,70348.419782,70348.419796
1789036890.507,timeline,2,-1,21671,382.0,0.0,383.0,0.132,,,,,70346.424518,70348.400469,70348.422887,70348.422887,70348.422909
1789036890.5034,timeline,0,-1,21669,382.0,0.0,383.0,0.126,,,,,70346.424669,70348.398187,70348.419269,70348.419269,70348.419288
1789036890.5042,timeline,3,-1,21672,382.0,0.0,383.0,1861.692,,,,,70348.31028,70348.399638,70348.420153,70348.420153,70348.420167
1789036890.9224,timeline,0,-1,21669,383.0,0.0,384.0,0.144,,,,,70348.419594,70348.575692,70348.838295,70348.838295,70348.838306
1789036890.9065,timeline,1,-1,21670,383.0,0.0,384.0,0.111,,,,,70348.420188,70348.572633,70348.822457,70348.822457,70348.822469
1789036890.9572,timeline,3,-1,21672,383.0,0.0,384.0,0.088,,,,,70348.420504,70348.57255,70348.873083,70348.873083,70348.873097
1789036890.9474,timeline,2,-1,21671,383.0,0.0,384.0,0.131,,,,,70348.423432,70348.571616,70348.863299,70348.863299,70348.863315
1789036892.5421,timeline,1,-1,21670,384.0,0.0,385.0,0.073,,,,,70348.8228,70350.437028,70350.458038,70350.458038,70350.458054
1789036892.5428,timeline,0,-1,21669,384.0,0.0,385.0,0.124,,,,,70348.838726,70350.438514,70350.458704,70350.458704,70350.458721
1789036892.5444,timeline,2,-1,21671,384.0,0.0,385.0,0.291,,,,,70348.863776,70350.437916,70350.460285,70350.460285,70350.460306
1789036892.5427,timeline,3,-1,21672,384.0,0.0,385.0,1475.645,,,,,70350.349015,70350.437811,70350.458649,70350.458649,70350.458663
1789036892.7153,timeline,1,-1,21670,385.0,0.0,386.0,0.102,,,,,70350.458313,70350.610583,70350.631258,70350.631258,70350.631272
1789036892.7154,timeline,3,-1,21672,385.0,0.0,386.0,0.094,,,,,70350.459038,70350.609983,70350.631282,70350.631282,70350.631298
1789036892.7173,timeline,0,-1,21669,385.0,0.0,386.0,0.143,,,,,70350.459143,70350.612931,70350.633204,70350.633204,70350.633221
1789036892.7165,timeline,2,-1,21671,385.0,0.0,386.0,0.124,,,,,70350.460766,70350.61046,70350.63245,70350.63245,70350.632464
1789036895.6075,timeline,1,-1,21670,386.0,0.0,387.0,0.096,,,,,70350.631628,70352.926378,70353.523419,70353.523419,70353.52343
1789036895.2808,timeline,0,-1,21669,386.0,0.0,387.0,0.154,,,,,70350.633675,70352.928474,70353.196729,70353.196729,70353.196742
1789036895.2876,timeline,2,-1,21671,386.0,0.0,387.0,76.825,,,,,70350.709612,70352.926653,70353.203526,70353.203526,70353.20356
1789036895.2755,timeline,3,-1,21672,386.0,0.0,387.0,2207.043,,,,,70352.838574,70352.927994,70353.191386,70353.191386,70353.191397
1789036895.7163,timeline,3,-1,21672,387.0,0.0,388.0,0.077,,,,,70353.19176,70353.611754,70353.63222,70353.63222,70353.632234
1789036895.7168,timeline,0,-1,21669,387.0,0.0,388.0,0.137,,,,,70353.197213,70353.612566,70353.632751,70353.632751,70353.632767
1789036895.718,timeline,2,-1,21671,387.0,0.0,388.0,0.097,,,,,70353.203987,70353.611513,70353.633952,70353.633952,70353.633965
1789036895.7153,timeline,1,-1,21670,387.0,0.0,388.0,0.081,,,,,70353.523804,70353.609962,70353.631216,70353.631216,70353.631229
1789036897.5935,timeline,1,-1,21670,388.0,0.0,389.0,0.098,,,,,70353.631587,70355.488231,70355.509384,70355.509384,70355.509399
1789036897.5932,timeline,0,-1,21669,388.0,0.0,389.0,0.14,,,,,70353.633186,70355.488236,70355.509141,70355.509141,70355.509163
1789036897.6003,timeline,2,-1,21671,388.0,0.0,389.0,0.148,,,,,70353.634435,70355.493975,70355.516243,70355.516243,70355.516263
1789036897.5944,timeline,3,-1,21672,388.0,0.0,389.0,1748.312,,,,,70355.380771,70355.488803,70355.510282,70355.510282,70355.5103
1789036898.0164,timeline,0,-1,21669,389.0,0.0,390.0,0.153,,,,,70355.509491,70355.67354,70355.932357,70355.932357,70355.932372
1789036898.0084,timeline,1,-1,21670,389.0,0.0,390.0,0.106,,,,,70355.509807,70355.667273,70355.924322,70355.924322,70355.924335
1789036898.0065,timeline,3,-1,21672,389.0,0.0,390.0,0.111,,,,,70355.510721,70355.667262,70355.922417,70355.922417,70355.922429
1789036898.0273,timeline,2,-1,21671,389.0,0.0,390.0,0.123,,,,,70355.51659,70355.667567,70355.94317,70355.94317,70355.943184
1789036900.6852,timeline,1,-1,21670,390.0,0.0,391.0,0.088,,,,,70355.924701,70358.579447,70358.60113,70358.60113,70358.601148
1789036900.6873,timeline,0,-1,21669,390.0,0.0,391.0,0.303,,,,,70355.932871,70358.580091,70358.603245,70358.603245,70358.603265
1789036900.6882,timeline,2,-1,21671,390.0,0.0,391.0,0.125,,,,,70355.943725,70358.580889,70358.604089,70358.604089,70358.604135
1789036900.6982,timeline,3,-1,21672,390.0,0.0,391.0,2214.924,,,,,70358.137602,70358.580522,70358.6141,70358.6141,70358.614115
1789036900.8562,timeline,1,-1,21670,391.0,0.0,392.0,0.128,,,,,70358.601569,70358.751661,70358.77207,70358.77207,70358.772085
1789036900.8584,timeline,0,-1,21669,391.0,0.0,392.0,0.174,,,,,70358.603758,70358.754397,70358.774309,70358.774309,70358.774326
1789036900.8583,timeline,2,-1,21671,391.0,0.0,392.0,0.267,,,,,70358.605593,70358.753885,70358.774164,70358.774164,70358.774186
1789036900.857,timeline,3,-1,21672,391.0,0.0,392.0,0.096,,,,,70358.6145,70358.753512,70358.772877,70358.772877,70358.772889
1789036903.3254,timeline,1,-1,21670,392.0,0.0,393.0,0.104,,,,,70358.772324,70360.931248,70361.241279,70361.241279,70361.241291
1789036903.2746,timeline,2,-1,21671,392.0,0.0,393.0,0.151,,,,,70358.774663,70360.93105,70361.190477,70361.190477,70361.190489
1789036903.3183,timeline,0,-1,21669,392.0,0.0,393.0,0.148,,,,,70358.774745,70360.931254,70361.234202,70361.234202,70361.234213
1789036903.2965,timeline,3,-1,21672,392.0,0.0,393.0,2069.671,,,,,70360.842791,70360.930615,70361.212411,70361.212411,70361.212422
1789036903.7876,timeline,2,-1,21671,393.0,0.0,394.0,0.117,,,,,70361.191125,70361.683015,70361.703479,70361.703479,70361.703499
1789036903.784,timeline,3,-1,21672,393.0,0.0,394.0,0.08,,,,,70361.212795,70361.678216,70361.699885,70361.699885,70361.6999
1789036903.7834,timeline,0,-1,21669,393.0,0.0,394.0,0.137,,,,,70361.234669,70361.677651,70361.699334,70361.699334,70361.699353
1789036903.7826,timeline,1,-1,21670,393.0,0.0,394.0,0.091,,,,,70361.241648,70361.677513,70361.698506,70361.698506,70361.698521
1789036905.095,timeline,1,-1,21670,394.0,0.0,395.0,0.122,,,,,70361.698937,70362.989844,70363.010941,70363.010941,70363.010963
1789036905.0947,timeline,0,-1,21669,394.0,0.0,395.0,0.157,,,,,70361.699908,70362.989861,70363.010606,70363.010606,70363.010624
1789036905.1004,timeline,2,-1,21671,394.0,0.0,395.0,0.139,,,,,70361.703962,70362.995666,70363.016302,70363.016302,70363.016317
1789036905.0938,timeline,3,-1,21672,394.0,0.0,395.0,1182.007,,,,,70362.882164,70362.989832,70363.009702,70363.009702,70363.009722
1789036905.5335,timeline,3,-1,21672,395.0,0.0,396.0,0.095,,,,,70363.010103,70363.166716,70363.449391,70363.449391,70363.449404
1789036905.5604,timeline,0,-1,21669,395.0,0.0,396.0,0.137,,,,,70363.011057,70363.169849,70363.476288,70363.476288,70363.476301
1789036905.5796,timeline,1,-1,21670,395.0,0.0,396.0,0.144,,,,,70363.011436,70363.169205,70363.495514,70363.495514,70363.495526
1789036905.5205,timeline,2,-1,21671,395.0,0.0,396.0,0.101,,,,,70363.016915,70363.168097,70363.436439,70363.436439,70363.436452
1789036907.943,timeline,2,-1,21671,396.0,0.0,397.0,0.108,,,,,70363.436899,70365.837882,70365.858936,70365.858936,70365.858953
1789036907.9429,timeline,0,-1,21669,396.0,0.0,397.0,0.165,,,,,70363.476792,70365.837585,70365.858789,70365.858789,70365.858805
1789036907.9486,timeline,1,-1,21670,396.0,0.0,397.0,0.094,,,,,70363.49576,70365.843772,70365.864481,70365.864481,70365.864498
1789036907.942,timeline,3,-1,21672,396.0,0.0,397.0,2277.073,,,,,70365.726705,70365.837804,70365.857894,70365.857894,70365.857913
1789036908.1195,timeline,3,-1,21672,397.0,0.0,398.0,0.101,,,,,70365.858343,70366.014272,70366.035389,70366.035389,70366.035403
1789036908.1218,timeline,0,-1,21669,397.0,0.0,398.0,0.143,,,,,70365.859262,70366.01697,70366.037666,70366.037666,70366.037684
1789036908.1199,timeline,2,-1,21671,397.0,0.0,398.0,0.113,,,,,70365.859622,70366.014417,70366.035762,70366.035762,70366.03578
1789036908.1199,timeline,1,-1,21670,397.0,0.0,398.0,0.114,,,,,70365.864911,70366.015277,70366.035794,70366.035794,70366.035808
1789036910.7077,timeline,1,-1,21670,398.0,0.0,399.0,0.095,,,,,70366.036055,70368.347028,70368.623658,70368.623658,70368.623669
1789036910.7553,timeline,2,-1,21671,398.0,0.0,399.0,0.188,,,,,70366.036332,70368.348327,70368.671223,70368.671223,70368.671242
1789036910.7402,timeline,0,-1,21669,398.0,0.0,399.0,0.149,,,,,70366.038123,70368.346781,70368.656112,70368.656112,70368.656124
1789036910.7032,timeline,3,-1,21672,398.0,0.0,399.0,2200.405,,,,,70368.236081,70368.346983,70368.619081,70368.619081,70368.619093
1789036910.8654,timeline,3,-1,21672,399.0,0.0,400.0,0.086,,,,,70368.619559,70368.760722,70368.781321,70368.781321,70368.781336
1789036910.8634,timeline,1,-1,21670,399.0,0.0,400.0,0.082,,,,,70368.62403,70368.759663,70368.779287,70368.779287,70368.779304
1789036910.8674,timeline,0,-1,21669,399.0,0.0,400.0,0.131,,,,,70368.656562,70368.759985,70368.783277,70368.783277,70368.783289
1789036910.8678,timeline,2,-1,21671,399.0,0.0,400.0,0.547,,,,,70368.672843,70368.760932,70368.783676,70368.783676,70368.783692
1789036912.5903,timeline,1,-1,21670,400.0,0.0,401.0,0.116,,,,,70368.779679,70370.415087,70370.500425,70370.500425,70370.50619
1789036912.5944,timeline,0,-1,21669,400.0,0.0,401.0,0.115,,,,,70368.783533,70370.414809,70370.500402,70370.500402,70370.510356
1789036912.5905,timeline,2,-1,21671,400.0,0.0,401.0,0.394,,,,,70368.784282,70370.415554,70370.500395,70370.500395,70370.506427
1789036912.5904,timeline,3,-1,21672,400.0,0.0,401.0,1543.398,,,,,70370.324957,70370.414924,70370.500413,70370.500413,70370.506282
1789036912.955,timeline,1,-1,21670,401.0,0.0,402.0,0.131,,,,,70370.506612,70370.617439,70370.870941,70370.870941,70370.870952
1789036912.9634,timeline,3,-1,21672,401.0,0.0,402.0,0.168,,,,,70370.506817,70370.61782,70370.879266,70370.879266,70370.87928
1789036913.0077,timeline,2,-1,21671,401.0,0.0,402.0,0.151,,,,,70370.507461,70370.618874,70370.923588,70370.923588,70370.923608
1789036912.9632,timeline,0,-1,21669,401.0,0.0,402.0,0.207,,,,,70370.510867,70370.617546,70370.879127,70370.879127,70370.879138
1789036914.4357,timeline,1,-1,21670,402.0,0.0,403.0,0.071,,,,,70370.87128,70372.331097,70372.351647,70372.351647,70372.35166
1789036914.4395,timeline,0,-1,21669,402.0,0.0,403.0,0.112,,,,,70370.879534,70372.331825,70372.355412,70372.355412,70372.355427
1789036914.4377,timeline,2,-1,21671,402.0,0.0,403.0,0.214,,,,,70370.924314,70372.332693,70372.353655,70372.353655,70372.353673
1789036914.4368,timeline,3,-1,21672,402.0,0.0,403.0,1363.013,,,,,70372.242547,70372.331923,70372.352692,70372.352692,70372.352711
1789036914.6078,timeline,1,-1,21670,403.0,0.0,404.0,0.105,,,,,70372.352044,70372.503851,70372.523681,70372.523681,70372.523695
1789036914.6073,timeline,3,-1,21672,403.0,0.0,404.0,0.104,,,,,70372.353061,70372.503794,70372.523232,70372.523232,70372.523243
1789036914.6078,timeline,2,-1,21671,403.0,0.0,404.0,0.133,,,,,70372.353973,70372.503459,70372.523677,70372.523677,70372.523691
1789036914.6074,timeline,0,-1,21669,403.0,0.0,404.0,0.155,,,,,70372.355897,70372.503108,70372.523341,70372.523341,70372.523356
1789036917.1366,timeline,0,-1,21669,404.0,0.0,405.0,0.124,,,,,70372.523748,70374.78658,70375.052559,70375.052559,70375.052572
1789036917.1265,timeline,1,-1,21670,404.0,0.0,405.0,0.084,,,,,70372.524042,70374.786052,70375.042423,70375.042423,70375.042434
1789036917.1401,timeline,2,-1,21671,404.0,0.0,405.0,0.137,,,,,70372.52414,70374.785855,70375.056061,70375.056061,70375.056074
1789036917.1243,timeline,3,-1,21672,404.0,0.0,405.0,2174.386,,,,,70374.697831,70374.784938,70375.040161,70375.040161,70375.040179
1789036917.2529,timeline,3,-1,21672,405.0,0.0,406.0,0.093,,,,,70375.040565,70375.145194,70375.168787,70375.168787,70375.168805
1789036917.2478,timeline,1,-1,21670,405.0,0.0,406.0,0.098,,,,,70375.042687,70375.143039,70375.163688,70375.163688,70375.1637
1789036917.2506,timeline,0,-1,21669,405.0,0.0,406.0,0.299,,,,,70375.053052,70375.144696,70375.16654,70375.16654,70375.166555
1789036917.278,timeline,2,-1,21671,405.0,0.0,406.0,0.102,,,,,70375.056336,70375.146008,70375.193885,70375.193885,70375.193921
1789036919.2274,timeline,1,-1,21670,406.0,0.0,407.0,0.091,,,,,70375.163923,70377.12125,70377.143333,70377.143333,70377.143351
1789036919.226,timeline,0,-1,21669,406.0,0.0,407.0,0.146,,,,,70375.166999,70377.121525,70377.141895,70377.141895,70377.14192
1789036919.2286,timeline,2,-1,21671,406.0,0.0,407.0,0.26,,,,,70375.194591,70377.123601,70377.144539,70377.144539,70377.144556
1789036919.2248,timeline,3,-1,21672,406.0,0.0,407.0,1863.147,,,,,70377.032194,70377.119905,70377.140729,70377.140729,70377.140744
1789036919.644,timeline,3,-1,21672,407.0,0.0,408.0,0.098,,,,,70377.141162,70377.298411,70377.559943,70377.559943,70377.559956
1789036919.633,timeline,0,-1,21669,407.0,0.0,408.0,0.173,,,,,70377.142497,70377.294514,70377.548906,70377.548906,70377.548918
1789036919.6748,timeline,1,-1,21670,407.0,0.0,408.0,0.12,,,,,70377.143875,70377.29519,70377.590693,70377.590693,70377.590707
1789036919.6718,timeline,2,-1,21671,407.0,0.0,408.0,0.109,,,,,70377.144948,70377.298569,70377.587713,70377.587713,70377.587727
1789036921.9412,timeline,0,-1,21669,408.0,0.0,409.0,0.138,,,,,70377.549373,70379.834029,70379.857106,70379.857106,70379.857134
1789036921.9386,timeline,2,-1,21671,408.0,0.0,409.0,0.097,,,,,70377.588133,70379.833992,70379.854502,70379.854502,70379.85452
1789036921.9363,timeline,1,-1,21670,408.0,0.0,409.0,0.107,,,,,70377.591123,70379.830567,70379.852168,70379.852168,70379.852185
1789036921.9347,timeline,3,-1,21672,408.0,0.0,409.0,2182.384,,,,,70379.742616,70379.829723,70379.850614,70379.850614,70379.850632
1789036922.1279,timeline,3,-1,21672,409.0,0.0,410.0,0.098,,,,,70379.850993,70380.022467,70380.043833,70380.043833,70380.043848
1789036922.1264,timeline,1,-1,21670,409.0,0.0,410.0,0.129,,,,,70379.852604,70380.022063,70380.042288,70380.042288,70380.042302
1789036922.1274,timeline,2,-1,21671,409.0,0.0,410.0,0.102,,,,,70379.854907,70380.022312,70380.043314,70380.043314,70380.043333
1789036922.1318,timeline,0,-1,21669,409.0,0.0,410.0,0.18,,,,,70379.85764,70380.027964,70380.047721,70380.047721,70380.047736
1789036925.1045,timeline,1,-1,21670,410.0,0.0,411.0,0.094,,,,,70380.042648,70382.743351,70383.020368,70383.020368,70383.020381
1789036925.0861,timeline,2,-1,21671,410.0,0.0,411.0,0.128,,,,,70380.043834,70382.743525,70383.001981,70383.001981,70383.001996
1789036925.1589,timeline,0,-1,21669,410.0,0.0,411.0,0.124,,,,,70380.048296,70382.745399,70383.074805,70383.074805,70383.074817
1789036925.0839,timeline,3,-1,21672,410.0,0.0,411.0,2610.499,,,,,70382.654576,70382.741782,70382.999834,70382.999834,70382.999846
1789036925.2674,timeline,3,-1,21672,411.0,0.0,412.0,0.094,,,,,70383.000096,70383.162781,70383.183334,70383.183334,70383.183347
1789036925.2672,timeline,2,-1,21671,411.0,0.0,412.0,0.096,,,,,70383.002515,70383.162166,70383.183089,70383.183089,70383.183105
1789036925.2667,timeline,1,-1,21670,411.0,0.0,412.0,0.1,,,,,70383.020791,70383.16192,70383.182567,70383.182567,70383.182583
1789036925.2662,timeline,0,-1,21669,411.0,0.0,412.0,0.129,,,,,70383.075094,70383.161644,70383.182104,70383.182104,70383.182123
1789036927.6756,timeline,0,-1,21669,412.0,0.0,413.0,0.143,,,,,70383.182592,70385.572228,70385.591505,70385.591505,70385.591521
1789036927.6706,timeline,1,-1,21670,412.0,0.0,413.0,0.104,,,,,70383.182945,70385.566725,70385.586468,70385.586468,70385.586485
1789036927.6714,timeline,2,-1,21671,412.0,0.0,413.0,0.12,,,,,70383.183507,70385.566374,70385.587306,70385.587306,70385.587328
1789036927.6715,timeline,3,-1,21672,412.0,0.0,413.0,2278.142,,,,,70385.461704,70385.566681,70385.587422,70385.587422,70385.587436
1789036928.0692,timeline,1,-1,21670,413.0,0.0,414.0,0.103,,,,,70385.586859,70385.743068,70385.985079,70385.985079,70385.985091
1789036928.0876,timeline,3,-1,21672,413.0,0.0,414.0,0.098,,,,,70385.587785,70385.745158,70386.003524,70386.003524,70386.00354
1789036928.0835,timeline,2,-1,21671,413.0,0.0,414.0,0.107,,,,,70385.587825,70385.74296,70385.999398,70385.999398,70385.999411
1789036928.0998,timeline,0,-1,21669,413.0,0.0,414.0,0.151,,,,,70385.591939,70385.742485,70386.015711,70386.015711,70386.015722
1789036930.2268,timeline,1,-1,21670,414.0,0.0,415.0,0.07,,,,,70385.985301,70388.123268,70388.142746,70388.142746,70388.14276
1789036930.2299,timeline,2,-1,21671,414.0,0.0,415.0,0.117,,,,,70385.999913,70388.125319,70388.145845,70388.145845,70388.145863
1789036930.2287,timeline,0,-1,21669,414.0,0.0,415.0,0.116,,,,,70386.016314,70388.125197,70388.144627,70388.144627,70388.144643
1789036930.2298,timeline,3,-1,21672,414.0,0.0,415.0,2031.486,,,,,70388.035311,70388.122858,70388.145655,70388.145655,70388.145679
1789036930.3994,timeline,1,-1,21670,415.0,0.0,416.0,0.101,,,,,70388.143209,70388.296107,70388.315306,70388.315306,70388.31532
1789036930.403,timeline,0,-1,21669,415.0,0.0,416.0,0.152,,,,,70388.145061,70388.299189,70388.318906,70388.318906,70388.318921
1789036930.4018,timeline,3,-1,21672,415.0,0.0,416.0,0.108,,,,,70388.146131,70388.29666,70388.317704,70388.317704,70388.317718
1789036930.4046,timeline,2,-1,21671,415.0,0.0,416.0,0.129,,,,,70388.146776,70388.298555,70388.320489,70388.320489,70388.32052
1789036933.001,timeline,1,-1,21670,416.0,0.0,417.0,0.084,,,,,70388.315549,70390.672598,70390.916961,70390.916961,70390.916972
1789036933.0083,timeline,0,-1,21669,416.0,0.0,417.0,0.142,,,,,70388.319361,70390.672872,70390.924179,70390.924179,70390.924189
1789036933.0308,timeline,2,-1,21671,416.0,0.0,417.0,0.184,,,,,70388.320927,70390.684566,70390.946712,70390.946712,70390.946723
1789036933.0076,timeline,3,-1,21672,416.0,0.0,417.0,2266.68,,,,,70390.584666,70390.672861,70390.92353,70390.92353,70390.923542
1789036933.137,timeline,1,-1,21670,417.0,0.0,418.0,0.087,,,,,70390.917327,70391.033706,70391.052961,70391.052961,70391.052973
1789036933.1392,timeline,3,-1,21672,417.0,0.0,418.0,0.078,,,,,70390.923904,70391.034599,70391.055093,70391.055093,70391.055103
1789036933.1377,timeline,0,-1,21669,417.0,0.0,418.0,0.125,,,,,70390.924606,70391.034382,70391.053575,70391.053575,70391.053588
1789036933.138,timeline,2,-1,21671,417.0,0.0,418.0,0.077,,,,,70390.947293,70391.033717,70391.053913,70391.053913,70391.053926
1789036935.6418,timeline,1,-1,21670,418.0,0.0,419.0,0.075,,,,,70391.053245,70393.538161,70393.557713,70393.557713,70393.55773
1789036935.614,timeline,0,-1,21669,418.0,0.0,419.0,0.116,,,,,70391.053946,70393.508677,70393.52988,70393.52988,70393.529903
1789036935.6161,timeline,2,-1,21671,418.0,0.0,419.0,0.118,,,,,70391.054529,70393.508569,70393.532033,70393.532033,70393.532062
1789036935.6381,timeline,3,-1,21672,418.0,0.0,419.0,2360.644,,,,,70393.415974,70393.532972,70393.554035,70393.554035,70393.55405
1789036936.0766,timeline,0,-1,21669,419.0,0.0,420.0,0.172,,,,,70393.530391,70393.723782,70393.992563,70393.992563,70393.992575
1789036936.0796,timeline,2,-1,21671,419.0,0.0,420.0,0.15,,,,,70393.532399,70393.729361,70393.995505,70393.995505,70393.995526
1789036936.0638,timeline,3,-1,21672,419.0,0.0,420.0,0.087,,,,,70393.554387,70393.724072,70393.979681,70393.979681,70393.979697
1789036936.0554,timeline,1,-1,21670,419.0,0.0,420.0,0.113,,,,,70393.558128,70393.724204,70393.971362,70393.971362,70393.971374
1789036937.7803,timeline,1,-1,21670,420.0,0.0,421.0,0.067,,,,,70393.971672,70395.597952,70395.684391,70395.684391,70395.696239
1789036937.7848,timeline,0,-1,21669,420.0,0.0,421.0,0.111,,,,,70393.992974,70395.600646,70395.690618,70395.690618,70395.70068
1789036937.7805,timeline,2,-1,21671,420.0,0.0,421.0,0.132,,,,,70393.996323,70395.601264,70395.684705,70395.684705,70395.696449
1789036937.7804,timeline,3,-1,21672,420.0,0.0,421.0,1528.323,,,,,70395.508262,70395.598455,70395.684386,70395.684386,70395.696344
1789036937.8916,timeline,1,-1,21670,421.0,0.0,422.0,0.103,,,,,70395.696575,70395.78768,70395.807518,70395.807518,70395.80753
1789036937.8933,timeline,3,-1,21672,421.0,0.0,422.0,0.121,,,,,70395.696744,70395.787928,70395.809185,70395.809185,70395.8092
1789036937.8925,timeline,2,-1,21671,421.0,0.0,422.0,0.21,,,,,70395.697391,70395.788106,70395.808368,70395.808368,70395.808382
1789036937.891,timeline,0,-1,21669,421.0,0.0,422.0,0.316,,,,,70395.701149,70395.787538,70395.806921,70395.806921,70395.806934
1789036939.9747,timeline,0,-1,21669,422.0,0.0,423.0,0.12,,,,,70395.807308,70397.638187,70397.890586,70397.890586,70397.890597
1789036939.9761,timeline,1,-1,21670,422.0,0.0,423.0,0.096,,,,,70395.807817,70397.637152,70397.892064,70397.892064,70397.892075
1789036939.9881,timeline,2,-1,21671,422.0,0.0,423.0,0.124,,,,,70395.808661,70397.639593,70397.904,70397.904,70397.904024
1789036939.9834,timeline,3,-1,21672,422.0,0.0,423.0,1741.26,,,,,70397.550689,70397.645793,70397.899353,70397.899353,70397.899364
1789036940.0969,timeline,0,-1,21669,423.0,0.0,424.0,0.155,,,,,70397.89091,70397.992208,70398.012812,70398.012812,70398.012843
1789036940.0969,timeline,1,-1,21670,423.0,0.0,424.0,0.086,,,,,70397.892308,70397.992277,70398.012824,70398.012824,70398.012836
1789036940.0978,timeline,3,-1,21672,423.0,0.0,424.0,0.083,,,,,70397.899613,70397.993065,70398.013673,70398.013673,70398.013686
1789036940.0979,timeline,2,-1,21671,423.0,0.0,424.0,0.131,,,,,70397.90479,70397.992188,70398.013847,70398.013847,70398.013862
1789036942.3073,timeline,1,-1,21670,424.0,0.0,425.0,0.111,,,,,70398.013162,70400.202142,70400.223169,70400.223169,70400.223184
1789036942.3102,timeline,0,-1,21669,424.0,0.0,425.0,0.176,,,,,70398.013458,70400.205545,70400.226127,70400.226127,70400.226143
1789036942.3119,timeline,2,-1,21671,424.0,0.0,425.0,0.13,,,,,70398.014422,70400.206362,70400.227782,70400.227782,70400.227829
1789036942.3237,timeline,3,-1,21672,424.0,0.0,425.0,2099.657,,,,,70400.113745,70400.218882,70400.23957,70400.23957,70400.239584
1789036942.7208,timeline,1,-1,21670,425.0,0.0,426.0,0.102,,,,,70400.223596,70400.391321,70400.636681,70400.636681,70400.636692
1789036942.736,timeline,0,-1,21669,425.0,0.0,426.0,0.166,,,,,70400.226468,70400.391425,70400.651874,70400.651874,70400.651885
1789036942.7466,timeline,2,-1,21671,425.0,0.0,426.0,0.128,,,,,70400.228575,70400.393925,70400.662535,70400.662535,70400.662548
1789036942.7374,timeline,3,-1,21672,425.0,0.0,426.0,0.091,,,,,70400.239945,70400.391639,70400.653343,70400.653343,70400.653362
1789036944.7278,timeline,1,-1,21670,426.0,0.0,427.0,0.08,,,,,70400.636917,70402.622807,70402.643685,70402.643685,70402.643702
1789036944.7301,timeline,0,-1,21669,426.0,0.0,427.0,0.145,,,,,70400.652214,70402.623297,70402.645977,70402.645977,70402.645991
1789036944.7281,timeline,2,-1,21671,426.0,0.0,427.0,0.18,,,,,70400.663129,70402.623494,70402.643966,70402.643966,70402.643983
1789036944.728,timeline,3,-1,21672,426.0,0.0,427.0,1880.465,,,,,70402.534115,70402.62324,70402.643957,70402.643957,70402.643971
1789036944.8978,timeline,3,-1,21672,427.0,0.0,428.0,0.1,,,,,70402.644229,70402.793915,70402.813666,70402.813666,70402.813678
1789036944.8981,timeline,1,-1,21670,427.0,0.0,428.0,0.124,,,,,70402.644277,70402.793926,70402.814044,70402.814044,70402.814055
1789036944.8985,timeline,2,-1,21671,427.0,0.0,428.0,0.107,,,,,70402.644599,70402.794255,70402.81441,70402.81441,70402.814425
1789036944.8983,timeline,0,-1,21669,427.0,0.0,428.0,0.15,,,,,70402.646427,70402.79439,70402.814238,70402.814238,70402.814252
1789036947.2882,timeline,1,-1,21670,428.0,0.0,429.0,0.087,,,,,70402.814338,70404.94843,70405.204094,70405.204094,70405.204105
1789036947.2853,timeline,0,-1,21669,428.0,0.0,429.0,0.124,,,,,70402.814652,70404.947965,70405.20124,70405.20124,70405.20125
1789036947.291,timeline,2,-1,21671,428.0,0.0,429.0,0.112,,,,,70402.814796,70404.948333,70405.206965,70405.206965,70405.206975
1789036947.2899,timeline,3,-1,21672,428.0,0.0,429.0,2046.529,,,,,70404.860406,70404.948623,70405.205808,70405.205808,70405.205821
1789036947.4011,timeline,0,-1,21669,429.0,0.0,430.0,0.119,,,,,70405.201648,70405.294834,70405.317064,70405.317064,70405.317074
1789036947.3988,timeline,1,-1,21670,429.0,0.0,430.0,0.092,,,,,70405.204432,70405.294375,70405.314762,70405.314762,70405.314774
1789036947.3996,timeline,3,-1,21672,429.0,0.0,430.0,0.099,,,,,70405.206323,70405.295314,70405.315503,70405.315503,70405.315514
1789036947.3992,timeline,2,-1,21671,429.0,0.0,430.0,0.077,,,,,70405.207405,70405.294873,70405.315087,70405.315087,70405.315098
1789036950.1214,timeline,1,-1,21670,430.0,0.0,431.0,0.092,,,,,70405.315042,70408.015794,70408.037333,70408.037333,70408.037351
1789036950.1248,timeline,2,-1,21671,430.0,0.0,431.0,0.109,,,,,70405.315444,70408.018325,70408.040703,70408.040703,70408.04072
1789036950.1354,timeline,0,-1,21669,430.0,0.0,431.0,0.116,,,,,70405.317315,70408.017386,70408.051349,70408.051349,70408.051365
1789036950.1217,timeline,3,-1,21672,430.0,0.0,431.0,2612.446,,,,,70407.928173,70408.016948,70408.037581,70408.037581,70408.037596
1789036950.5249,timeline,1,-1,21670,431.0,0.0,432.0,0.113,,,,,70408.037721,70408.190284,70408.440835,70408.440835,70408.440847
1789036950.5358,timeline,3,-1,21672,431.0,0.0,432.0,0.093,,,,,70408.037843,70408.190885,70408.451751,70408.451751,70408.451766
1789036950.5595,timeline,2,-1,21671,431.0,0.0,432.0,0.117,,,,,70408.041255,70408.190919,70408.475419,70408.475419,70408.47543
1789036950.5311,timeline,0,-1,21669,431.0,0.0,432.0,0.148,,,,,70408.051772,70408.190761,70408.446997,70408.446997,70408.447008
1789036952.9567,timeline,1,-1,21670,432.0,0.0,433.0,0.091,,,,,70408.441078,70410.850981,70410.872586,70410.872586,70410.872606
1789036952.9642,timeline,0,-1,21669,432.0,0.0,433.0,0.124,,,,,70408.447417,70410.857068,70410.880124,70410.880124,70410.88014
1789036952.9821,timeline,2,-1,21671,432.0,0.0,433.0,0.096,,,,,70408.4758,70410.851207,70410.898024,70410.898024,70410.89804
1789036952.9585,timeline,3,-1,21672,432.0,0.0,433.0,2284.752,,,,,70410.736763,70410.851393,70410.874373,70410.874373,70410.874389
1789036953.1361,timeline,1,-1,21670,433.0,0.0,434.0,0.118,,,,,70410.87301,70411.031779,70411.052054,70411.052054,70411.052069
1789036953.135,timeline,3,-1,21672,433.0,0.0,434.0,0.099,,,,,70410.874778,70411.031486,70411.050888,70411.050888,70411.0509
1789036953.139,timeline,0,-1,21669,433.0,0.0,434.0,0.127,,,,,70410.880539,70411.032313,70411.054924,70411.054924,70411.054939
1789036953.1371,timeline,2,-1,21671,433.0,0.0,434.0,0.103,,,,,70410.898498,70411.03239,70411.053002,70411.053002,70411.053018
1789036955.7626,timeline,1,-1,21670,434.0,0.0,435.0,0.106,,,,,70411.052404,70413.416951,70413.67848,70413.67848,70413.678496
1789036955.7886,timeline,2,-1,21671,434.0,0.0,435.0,0.136,,,,,70411.053462,70413.418484,70413.704495,70413.704495,70413.704512
1789036955.7746,timeline,0,-1,21669,434.0,0.0,435.0,0.129,,,,,70411.055323,70413.416077,70413.69051,70413.69051,70413.69052
1789036955.7655,timeline,3,-1,21672,434.0,0.0,435.0,2277.262,,,,,70413.328373,70413.419081,70413.6814,70413.6814,70413.681411
1789036955.9231,timeline,1,-1,21670,435.0,0.0,436.0,0.104,,,,,70413.678917,70413.81818,70413.838961,70413.838961,70413.838977
1789036955.8992,timeline,3,-1,21672,435.0,0.0,436.0,0.079,,,,,70413.681779,70413.795032,70413.815105,70413.815105,70413.815119
1789036955.9012,timeline,0,-1,21669,435.0,0.0,436.0,0.119,,,,,70413.690937,70413.794168,70413.817114,70413.817114,70413.817125
1789036955.8995,timeline,2,-1,21671,435.0,0.0,436.0,0.116,,,,,70413.705141,70413.793998,70413.815431,70413.815431,70413.815446
1789036957.8473,timeline,2,-1,21671,436.0,0.0,437.0,0.151,,,,,70413.815964,70415.742097,70415.763179,70415.763179,70415.763196
1789036957.8496,timeline,0,-1,21669,436.0,0.0,437.0,0.123,,,,,70413.817517,70415.743064,70415.765468,70415.765468,70415.765482
1789036957.8485,timeline,1,-1,21670,436.0,0.0,437.0,0.101,,,,,70413.839367,70415.743464,70415.764408,70415.764408,70415.764422
1789036957.8484,timeline,3,-1,21672,436.0,0.0,437.0,1838.989,,,,,70415.654321,70415.741892,70415.764273,70415.764273,70415.764287
1789036958.2534,timeline,2,-1,21671,437.0,0.0,438.0,0.096,,,,,70415.763577,70415.915183,70416.169286,70416.169286,70416.1693
1789036958.2535,timeline,3,-1,21672,437.0,0.0,438.0,0.094,,,,,70415.764673,70415.915401,70416.169391,70416.169391,70416.169404
1789036958.2607,timeline,1,-1,21670,437.0,0.0,438.0,0.102,,,,,70415.764785,70415.91507,70416.176581,70416.176581,70416.176592
1789036958.2727,timeline,0,-1,21669,437.0,0.0,438.0,0.133,,,,,70415.765855,70415.915162,70416.188612,70416.188612,70416.188622
1789036960.2578,timeline,2,-1,21671,438.0,0.0,439.0,0.096,,,,,70416.169705,70418.152511,70418.173734,70418.173734,70418.173749
1789036960.2575,timeline,1,-1,21670,438.0,0.0,439.0,0.1,,,,,70416.176934,70418.152838,70418.17345,70418.17345,70418.173466
1789036960.2574,timeline,0,-1,21669,438.0,0.0,439.0,0.126,,,,,70416.189033,70418.152995,70418.173327,70418.173327,70418.173343
1789036960.2588,timeline,3,-1,21672,438.0,0.0,439.0,1892.937,,,,,70418.062782,70418.153145,70418.174731,70418.174731,70418.174748
1789036960.4475,timeline,0,-1,21669,439.0,0.0,440.0,0.162,,,,,70418.173795,70418.344105,70418.36346,70418.36346,70418.363474
1789036960.4423,timeline,1,-1,21670,439.0,0.0,440.0,0.107,,,,,70418.173835,70418.337829,70418.35824,70418.35824,70418.358253
1789036960.4424,timeline,2,-1,21671,439.0,0.0,440.0,0.093,,,,,70418.173983,70418.337836,70418.358333,70418.358333,70418.358347
1789036960.4423,timeline,3,-1,21672,439.0,0.0,440.0,0.109,,,,,70418.175144,70418.337876,70418.358241,70418.358241,70418.358255
1789036963.3069,timeline,1,-1,21670,440.0,0.0,441.0,0.096,,,,,70418.358576,70420.895545,70421.214979,70421.214979,70421.222823
1789036963.3072,timeline,2,-1,21671,440.0,0.0,441.0,0.11,,,,,70418.358711,70420.901416,70421.217309,70421.217309,70421.22315
1789036963.3109,timeline,0,-1,21669,440.0,0.0,441.0,0.124,,,,,70418.363867,70420.89559,70421.215026,70421.215026,70421.226834
1789036963.3069,timeline,3,-1,21672,440.0,0.0,441.0,2428.163,,,,,70420.786935,70420.895482,70421.21309,70421.21309,70421.222861
1789036963.4171,timeline,1,-1,21670,441.0,0.0,442.0,0.108,,,,,70421.223185,70421.312552,70421.332982,70421.332982,70421.332995
1789036963.4193,timeline,3,-1,21672,441.0,0.0,442.0,0.104,,,,,70421.223241,70421.314976,70421.335252,70421.335252,70421.335267
1789036963.4201,timeline,2,-1,21671,441.0,0.0,442.0,0.243,,,,,70421.223573,70421.314612,70421.335987,70421.335987,70421.336013
1789036963.4197,timeline,0,-1,21669,441.0,0.0,442.0,0.177,,,,,70421.227279,70421.314303,70421.335615,70421.335615,70421.335634
1789036965.4092,timeline,1,-1,21670,442.0,0.0,443.0,0.083,,,,,70421.333298,70423.30444,70423.325078,70423.325078,70423.325094
1789036965.409,timeline,0,-1,21669,442.0,0.0,443.0,0.136,,,,,70421.336141,70423.304371,70423.324885,70423.324885,70423.3249
1789036965.4094,timeline,2,-1,21671,442.0,0.0,443.0,0.15,,,,,70421.336465,70423.304516,70423.325307,70423.325307,70423.325326
1789036965.4075,timeline,3,-1,21672,442.0,0.0,443.0,1878.861,,,,,70423.214582,70423.302494,70423.323397,70423.323397,70423.323412
1789036965.8243,timeline,3,-1,21672,443.0,0.0,444.0,0.103,,,,,70423.323666,70423.479249,70423.740236,70423.740236,70423.74025
1789036965.8188,timeline,0,-1,21669,443.0,0.0,444.0,0.143,,,,,70423.32533,70423.478203,70423.734674,70423.734674,70423.734688
1789036965.8366,timeline,1,-1,21670,443.0,0.0,444.0,0.102,,,,,70423.325473,70423.478468,70423.752546,70423.752546,70423.752559
1789036965.8539,timeline,2,-1,21671,443.0,0.0,444.0,0.135,,,,,70423.325756,70423.479687,70423.769858,70423.769858,70423.769869
1789036967.8848,timeline,0,-1,21669,444.0,0.0,445.0,0.193,,,,,70423.735074,70425.779655,70425.800662,70425.800662,70425.800679
1789036967.8828,timeline,1,-1,21670,444.0,0.0,445.0,0.089,,,,,70423.752786,70425.777192,70425.79869,70425.79869,70425.798707
1789036967.885,timeline,2,-1,21671,444.0,0.0,445.0,0.103,,,,,70423.770136,70425.779732,70425.800936,70425.800936,70425.800957
1789036967.8813,timeline,3,-1,21672,444.0,0.0,445.0,1947.102,,,,,70425.687619,70425.776069,70425.797234,70425.797234,70425.797252
1789036968.056,timeline,3,-1,21672,445.0,0.0,446.0,0.097,,,,,70425.797506,70425.950763,70425.971954,70425.971954,70425.971972
1789036968.0923,timeline,1,-1,21670,445.0,0.0,446.0,0.105,,,,,70425.79896,70425.950373,70426.008168,70426.008168,70426.008191
1789036968.0543,timeline,0,-1,21669,445.0,0.0,446.0,0.154,,,,,70425.80126,70425.950248,70425.970167,70425.970167,70425.970182
1789036968.055,timeline,2,-1,21671,445.0,0.0,446.0,0.122,,,,,70425.801467,70425.950454,70425.970888,70425.970888,70425.970902
1789036970.5368,timeline,0,-1,21669,446.0,0.0,447.0,0.138,,,,,70425.970597,70428.201992,70428.452674,70428.452674,70428.452685
1789036970.552,timeline,2,-1,21671,446.0,0.0,447.0,0.119,,,,,70425.971274,70428.203869,70428.467954,70428.467954,70428.467968
1789036970.5449,timeline,1,-1,21670,446.0,0.0,447.0,0.14,,,,,70426.008701,70428.204376,70428.460828,70428.460828,70428.46084
1789036970.5446,timeline,3,-1,21672,446.0,0.0,447.0,2142.963,,,,,70428.115198,70428.203261,70428.460476,70428.460476,70428.460489
1789036970.6593,timeline,0,-1,21669,447.0,0.0,448.0,0.129,,,,,70428.453113,70428.554745,70428.575256,70428.575256,70428.575269
1789036970.661,timeline,3,-1,21672,447.0,0.0,448.0,0.09,,,,,70428.46089,70428.55619,70428.576882,70428.576882,70428.576896
1789036970.6602,timeline,1,-1,21670,447.0,0.0,448.0,0.089,,,,,70428.46119,70428.555235,70428.576137,70428.576137,70428.57615
1789036970.6636,timeline,2,-1,21671,447.0,0.0,448.0,0.096,,,,,70428.468261,70428.559154,70428.579484,70428.579484,70428.579496
1789036972.1242,timeline,0,-1,21669,448.0,0.0,449.0,0.122,,,,,70428.575643,70430.019738,70430.040161,70430.040161,70430.040175
1789036972.1246,timeline,1,-1,21670,448.0,0.0,449.0,0.11,,,,,70428.576386,70430.020245,70430.040486,70430.040486,70430.040502
1789036972.1243,timeline,2,-1,21671,448.0,0.0,449.0,0.118,,,,,70428.579842,70430.019597,70430.040248,70430.040248,70430.040262
1789036972.1236,timeline,3,-1,21672,448.0,0.0,449.0,1353.722,,,,,70429.930878,70430.018837,70430.039464,70430.039464,70430.039482
1789036972.5363,timeline,3,-1,21672,449.0,0.0,450.0,0.097,,,,,70430.03992,70430.192598,70430.452208,70430.452208,70430.452224
1789036972.5572,timeline,0,-1,21669,449.0,0.0,450.0,0.133,,,,,70430.040465,70430.191979,70430.473077,70430.473077,70430.473087
1789036972.5457,timeline,2,-1,21671,449.0,0.0,450.0,0.091,,,,,70430.040499,70430.191873,70430.461626,70430.461626,70430.461636
1789036972.5436,timeline,1,-1,21670,449.0,0.0,450.0,0.12,,,,,70430.040886,70430.193053,70430.459498,70430.459498,70430.459512
1789036974.6784,timeline,1,-1,21670,450.0,0.0,451.0,0.095,,,,,70430.459949,70432.573485,70432.594335,70432.594335,70432.59435
1789036974.6782,timeline,2,-1,21671,450.0,0.0,451.0,0.102,,,,,70430.462095,70432.573498,70432.594095,70432.594095,70432.594109
1789036974.6774,timeline,0,-1,21669,450.0,0.0,451.0,0.127,,,,,70430.473489,70432.572605,70432.593307,70432.593307,70432.593321
1789036974.6771,timeline,3,-1,21672,450.0,0.0,451.0,2030.94,,,,,70432.483404,70432.57183,70432.593044,70432.593044,70432.59306
1789036974.8672,timeline,3,-1,21672,451.0,0.0,452.0,0.099,,,,,70432.593452,70432.761975,70432.783115,70432.783115,70432.783131
1789036974.8671,timeline,0,-1,21669,451.0,0.0,452.0,0.134,,,,,70432.593757,70432.761792,70432.783051,70432.783051,70432.783068
1789036974.8677,timeline,2,-1,21671,451.0,0.0,452.0,0.092,,,,,70432.594466,70432.761829,70432.783571,70432.783571,70432.783588
1789036974.8724,timeline,1,-1,21670,451.0,0.0,452.0,0.107,,,,,70432.594715,70432.768184,70432.788315,70432.788315,70432.788328
1789036977.1919,timeline,0,-1,21669,452.0,0.0,453.0,0.145,,,,,70432.783517,70434.855271,70435.107796,70435.107796,70435.107807
1789036977.1968,timeline,2,-1,21671,452.0,0.0,453.0,0.123,,,,,70432.783989,70434.855273,70435.112694,70435.112694,70435.112707
1789036977.1874,timeline,1,-1,21670,452.0,0.0,453.0,0.094,,,,,70432.788559,70434.854705,70435.103268,70435.103268,70435.103281
1789036977.1931,timeline,3,-1,21672,452.0,0.0,453.0,1983.382,,,,,70434.766795,70434.855163,70435.109019,70435.109019,70435.109031
1789036977.344,timeline,1,-1,21670,453.0,0.0,454.0,0.126,,,,,70435.103582,70435.201119,70435.25988,70435.25988,70435.259893
1789036977.3049,timeline,0,-1,21669,453.0,0.0,454.0,0.133,,,,,70435.108099,70435.20011,70435.22078,70435.22078,70435.220794
1789036977.308,timeline,3,-1,21672,453.0,0.0,454.0,0.084,,,,,70435.109432,70435.202845,70435.223939,70435.223939,70435.223952
1789036977.3056,timeline,2,-1,21671,453.0,0.0,454.0,0.079,,,,,70435.113071,70435.20049,70435.221461,70435.221461,70435.22148
1789036978.9004,timeline,0,-1,21669,454.0,0.0,455.0,0.131,,,,,70435.221191,70436.793282,70436.816323,70436.816323,70436.816343
1789036978.902,timeline,2,-1,21671,454.0,0.0,455.0,0.115,,,,,70435.221768,70436.793656,70436.817899,70436.817899,70436.817918
1789036978.8964,timeline,1,-1,21670,454.0,0.0,455.0,0.099,,,,,70435.260135,70436.79114,70436.812326,70436.812326,70436.812341
1789036978.8956,timeline,3,-1,21672,454.0,0.0,455.0,1478.756,,,,,70436.702942,70436.790289,70436.811495,70436.811495,70436.811511
1789036979.3216,timeline,3,-1,21672,455.0,0.0,456.0,0.093,,,,,70436.811896,70436.983607,70437.237492,70437.237492,70437.23751
1789036979.3162,timeline,1,-1,21670,455.0,0.0,456.0,0.1,,,,,70436.812692,70436.983424,70437.232162,70437.232162,70437.232174
1789036979.3339,timeline,0,-1,21669,455.0,0.0,456.0,0.163,,,,,70436.816821,70436.984661,70437.249827,70437.249827,70437.249838
1789036979.3281,timeline,2,-1,21671,455.0,0.0,456.0,0.107,,,,,70436.818276,70436.983744,70437.243971,70437.243971,70437.243982
1789036981.4906,timeline,1,-1,21670,456.0,0.0,457.0,0.081,,,,,70437.232512,70439.385446,70439.40652,70439.40652,70439.406535
1789036981.4908,timeline,2,-1,21671,456.0,0.0,457.0,0.109,,,,,70437.244295,70439.385916,70439.406741,70439.406741,70439.406761
1789036981.4901,timeline,0,-1,21669,456.0,0.0,457.0,0.124,,,,,70437.250241,70439.385562,70439.406003,70439.406003,70439.406021
1789036981.49,timeline,3,-1,21672,456.0,0.0,457.0,2058.913,,,,,70439.296677,70439.385109,70439.405906,70439.405906,70439.405925
1789036981.6618,timeline,3,-1,21672,457.0,0.0,458.0,0.098,,,,,70439.406297,70439.557708,70439.577687,70439.577687,70439.577701
1789036981.6608,timeline,0,-1,21669,457.0,0.0,458.0,0.144,,,,,70439.406436,70439.556909,70439.576689,70439.576689,70439.576703
1789036981.6614,timeline,1,-1,21670,457.0,0.0,458.0,0.096,,,,,70439.40689,70439.556811,70439.577275,70439.577275,70439.57729
1789036981.6612,timeline,2,-1,21671,457.0,0.0,458.0,0.109,,,,,70439.407174,70439.556895,70439.57713,70439.57713,70439.577146
1789036984.401,timeline,0,-1,21669,458.0,0.0,459.0,0.128,,,,,70439.577095,70442.055162,70442.316957,70442.316957,70442.316967
1789036984.3893,timeline,2,-1,21671,458.0,0.0,459.0,0.122,,,,,70439.577491,70442.050263,70442.305197,70442.305197,70442.305211
1789036984.4168,timeline,1,-1,21670,458.0,0.0,459.0,0.109,,,,,70439.577638,70442.048712,70442.332734,70442.332734,70442.332745
1789036984.42,timeline,3,-1,21672,458.0,0.0,459.0,2384.066,,,,,70441.961984,70442.049901,70442.335922,70442.335922,70442.335933
1789036984.528,timeline,2,-1,21671,459.0,0.0,460.0,0.083,,,,,70442.305469,70442.423282,70442.443875,70442.443875,70442.443888
1789036984.5281,timeline,0,-1,21669,459.0,0.0,460.0,0.13,,,,,70442.317243,70442.423991,70442.444053,70442.444053,70442.444064
1789036984.5285,timeline,1,-1,21670,459.0,0.0,460.0,0.082,,,,,70442.332967,70442.423817,70442.444387,70442.444387,70442.444399
1789036984.5295,timeline,3,-1,21672,459.0,0.0,460.0,0.083,,,,,70442.33619,70442.423851,70442.445397,70442.445397,70442.445413
1789036986.6079,timeline,2,-1,21671,460.0,0.0,461.0,0.136,,,,,70442.444238,70444.434027,70444.518246,70444.518246,70444.523799
1789036986.6118,timeline,0,-1,21669,460.0,0.0,461.0,0.115,,,,,70442.444619,70444.433835,70444.518247,70444.518247,70444.527693
1789036986.6079,timeline,1,-1,21670,460.0,0.0,461.0,0.093,,,,,70442.444679,70444.434034,70444.518276,70444.518276,70444.523819
1789036986.6086,timeline,3,-1,21672,460.0,0.0,461.0,1896.76,,,,,70444.342427,70444.432747,70444.518248,70444.518248,70444.524478
1789036986.9769,timeline,1,-1,21670,461.0,0.0,462.0,0.107,,,,,70444.52418,70444.615535,70444.892832,70444.892832,70444.892844
1789036986.9572,timeline,2,-1,21671,461.0,0.0,462.0,0.102,,,,,70444.524184,70444.614774,70444.873099,70444.873099,70444.87311
1789036986.9498,timeline,3,-1,21672,461.0,0.0,462.0,0.125,,,,,70444.524909,70444.615781,70444.865672,70444.865672,70444.865689
1789036986.9748,timeline,0,-1,21669,461.0,0.0,462.0,0.164,,,,,70444.528143,70444.615441,70444.890743,70444.890743,70444.890754
1789036989.2434,timeline,2,-1,21671,462.0,0.0,463.0,0.096,,,,,70444.873505,70447.138724,70447.159315,70447.159315,70447.159333
1789036989.253,timeline,0,-1,21669,462.0,0.0,463.0,0.132,,,,,70444.891181,70447.138935,70447.168946,70447.168946,70447.168965
1789036989.2441,timeline,1,-1,21670,462.0,0.0,463.0,0.078,,,,,70444.893163,70447.138459,70447.160042,70447.160042,70447.16006
1789036989.2446,timeline,3,-1,21672,462.0,0.0,463.0,2183.681,,,,,70447.04964,70447.139236,70447.160511,70447.160511,70447.160528
1789036989.4226,timeline,2,-1,21671,463.0,0.0,464.0,0.095,,,,,70447.159714,70447.316862,70447.338557,70447.338557,70447.338573
1789036989.4261,timeline,1,-1,21670,463.0,0.0,464.0,0.109,,,,,70447.160434,70447.321706,70447.342018,70447.342018,70447.342034
1789036989.4212,timeline,3,-1,21672,463.0,0.0,464.0,0.096,,,,,70447.160917,70447.316398,70447.337138,70447.337138,70447.337149
1789036989.4339,timeline,0,-1,21669,463.0,0.0,464.0,0.164,,,,,70447.169443,70447.316753,70447.349792,70447.349792,70447.34981
1789036991.8292,timeline,2,-1,21671,464.0,0.0,465.0,0.12,,,,,70447.338989,70449.488775,70449.745142,70449.745142,70449.745153
1789036991.8294,timeline,1,-1,21670,464.0,0.0,465.0,0.112,,,,,70447.342424,70449.486919,70449.745291,70449.745291,70449.745304
1789036991.8722,timeline,0,-1,21669,464.0,0.0,465.0,0.172,,,,,70447.350154,70449.487521,70449.788097,70449.788097,70449.788109
1789036991.8277,timeline,3,-1,21672,464.0,0.0,465.0,2062.997,,,,,70449.400424,70449.488693,70449.743661,70449.743661,70449.743674
1789036991.9823,timeline,3,-1,21672,465.0,0.0,466.0,0.083,,,,,70449.743912,70449.875689,70449.898237,70449.898237,70449.89825
1789036991.9794,timeline,2,-1,21671,465.0,0.0,466.0,0.081,,,,,70449.74554,70449.874724,70449.895308,70449.895308,70449.895322
1789036991.9803,timeline,1,-1,21670,465.0,0.0,466.0,0.082,,,,,70449.745647,70449.875499,70449.896191,70449.896191,70449.896204
1789036991.9866,timeline,0,-1,21669,465.0,0.0,466.0,0.159,,,,,70449.788567,70449.874902,70449.90253,70449.90253,70449.902542
1789036994.0028,timeline,2,-1,21671,466.0,0.0,467.0,0.115,,,,,70449.895668,70451.898043,70451.918711,70451.918711,70451.918728
1789036994.0041,timeline,1,-1,21670,466.0,0.0,467.0,0.097,,,,,70449.896538,70451.898948,70451.920039,70451.920039,70451.920062
1789036994.0014,timeline,0,-1,21669,466.0,0.0,467.0,0.124,,,,,70449.902912,70451.898233,70451.917357,70451.917357,70451.917373
1789036994.0022,timeline,3,-1,21672,466.0,0.0,467.0,1911.598,,,,,70451.810153,70451.897577,70451.918113,70451.918113,70451.918128
1789036994.4777,timeline,0,-1,21669,467.0,0.0,468.0,0.143,,,,,70451.917796,70452.071169,70452.393658,70452.393658,70452.393669
1789036994.4137,timeline,3,-1,21672,467.0,0.0,468.0,0.087,,,,,70451.918476,70452.071667,70452.329584,70452.329584,70452.329597
1789036994.4152,timeline,2,-1,21671,467.0,0.0,468.0,0.097,,,,,70451.919088,70452.071206,70452.3311,70452.3311,70452.331113
1789036994.4788,timeline,1,-1,21670,467.0,0.0,468.0,0.118,,,,,70451.92045,70452.071601,70452.394691,70452.394691,70452.394702
1789036995.9727,timeline,2,-1,21671,468.0,0.0,469.0,0.102,,,,,70452.331518,70453.867429,70453.888623,70453.888623,70453.888643
1789036995.9711,timeline,0,-1,21669,468.0,0.0,469.0,0.134,,,,,70452.394108,70453.866373,70453.886979,70453.886979,70453.886997
1789036995.9712,timeline,1,-1,21670,468.0,0.0,469.0,0.079,,,,,70452.395056,70453.865892,70453.887154,70453.887154,70453.887168
1789036995.9739,timeline,3,-1,21672,468.0,0.0,469.0,1448.722,,,,,70453.778576,70453.869131,70453.889831,70453.889831,70453.889847
1789036996.1451,timeline,0,-1,21669,469.0,0.0,470.0,0.177,,,,,70453.887501,70454.040944,70454.060963,70454.060963,70454.060983
1789036996.145,timeline,1,-1,21670,469.0,0.0,470.0,0.116,,,,,70453.887542,70454.040381,70454.060899,70454.060899,70454.060913
1789036996.1458,timeline,2,-1,21671,469.0,0.0,470.0,0.111,,,,,70453.888933,70454.040742,70454.061691,70454.061691,70454.061708
1789036996.1459,timeline,3,-1,21672,469.0,0.0,470.0,0.093,,,,,70453.890227,70454.040765,70454.061795,70454.061795,70454.061815
1789036998.9183,timeline,1,-1,21670,470.0,0.0,471.0,0.096,,,,,70454.061151,70456.586136,70456.834192,70456.834192,70456.834207
1789036998.972,timeline,0,-1,21669,470.0,0.0,471.0,0.145,,,,,70454.06149,70456.574209,70456.88789,70456.88789,70456.887901
1789036998.9197,timeline,2,-1,21671,470.0,0.0,471.0,0.135,,,,,70454.061998,70456.575255,70456.835581,70456.835581,70456.835594
1789036998.9081,timeline,3,-1,21672,470.0,0.0,471.0,2422.426,,,,,70456.48452,70456.572926,70456.823974,70456.823974,70456.823985
1789036999.0823,timeline,3,-1,21672,471.0,0.0,472.0,0.075,,,,,70456.82436,70456.977143,70456.99818,70456.99818,70456.998196
1789036999.0812,timeline,1,-1,21670,471.0,0.0,472.0,0.1,,,,,70456.834585,70456.976396,70456.997079,70456.997079,70456.997094
1789036999.0813,timeline,2,-1,21671,471.0,0.0,472.0,0.089,,,,,70456.836058,70456.976688,70456.997215,70456.997215,70456.997227
1789036999.0794,timeline,0,-1,21669,471.0,0.0,472.0,0.138,,,,,70456.888189,70456.975107,70456.995354,70456.995354,70456.995366
1789037000.756,timeline,0,-1,21669,472.0,0.0,473.0,0.123,,,,,70456.995727,70458.652087,70458.671944,70458.671944,70458.671958
1789037000.7565,timeline,1,-1,21670,472.0,0.0,473.0,0.083,,,,,70456.997409,70458.651758,70458.672413,70458.672413,70458.672427
1789037000.7564,timeline,2,-1,21671,472.0,0.0,473.0,0.119,,,,,70456.997611,70458.651624,70458.672301,70458.672301,70458.672316
1789037000.7569,timeline,3,-1,21672,472.0,0.0,473.0,1564.635,,,,,70458.563066,70458.652409,70458.672778,70458.672778,70458.672794
1789037001.1933,timeline,0,-1,21669,473.0,0.0,474.0,0.149,,,,,70458.672415,70458.825833,70459.109232,70459.109232,70459.109243
1789037001.1691,timeline,2,-1,21671,473.0,0.0,474.0,0.094,,,,,70458.672676,70458.826317,70459.085021,70459.085021,70459.085034
1789037001.1549,timeline,1,-1,21670,473.0,0.0,474.0,0.122,,,,,70458.672833,70458.826286,70459.070841,70459.070841,70459.070852
1789037001.1905,timeline,3,-1,21672,473.0,0.0,474.0,0.103,,,,,70458.673058,70458.826552,70459.106413,70459.106413,70459.106429
1789037003.3038,timeline,1,-1,21670,474.0,0.0,475.0,0.071,,,,,70459.07117,70461.198711,70461.219674,70461.219674,70461.219693
1789037003.3032,timeline,2,-1,21671,474.0,0.0,475.0,0.096,,,,,70459.085279,70461.198298,70461.219123,70461.219123,70461.219137
1789037003.303,timeline,0,-1,21669,474.0,0.0,475.0,0.118,,,,,70459.109634,70461.1982,70461.218879,70461.218879,70461.218894
1789037003.302,timeline,3,-1,21672,474.0,0.0,475.0,2002.518,,,,,70461.109183,70461.196651,70461.217889,70461.217889,70461.217906
1789037003.4774,timeline,3,-1,21672,475.0,0.0,476.0,0.103,,,,,70461.218308,70461.370135,70461.393302,70461.393302,70461.393317
1789037003.4735,timeline,0,-1,21669,475.0,0.0,476.0,0.153,,,,,70461.219339,70461.369198,70461.389436,70461.389436,70461.389451
1789037003.4739,timeline,2,-1,21671,475.0,0.0,476.0,0.093,,,,,70461.219497,70461.369241,70461.389785,70461.389785,70461.3898
1789037003.4735,timeline,1,-1,21670,475.0,0.0,476.0,0.125,,,,,70461.220132,70461.368941,70461.389428,70461.389428,70461.389443
1789037005.674,timeline,1,-1,21670,476.0,0.0,477.0,0.11,,,,,70461.38979,70463.337007,70463.589934,70463.589934,70463.589945
1789037005.6899,timeline,0,-1,21669,476.0,0.0,477.0,0.133,,,,,70461.389861,70463.338561,70463.605851,70463.605851,70463.605861
1789037005.7091,timeline,2,-1,21671,476.0,0.0,477.0,0.113,,,,,70461.390174,70463.338043,70463.625059,70463.625059,70463.62507
1789037005.6894,timeline,3,-1,21672,476.0,0.0,477.0,1856.52,,,,,70463.250202,70463.339932,70463.605335,70463.605335,70463.605347
1789037005.8198,timeline,1,-1,21670,477.0,0.0,478.0,0.082,,,,,70463.590294,70463.712109,70463.735744,70463.735744,70463.735758
1789037005.8205,timeline,3,-1,21672,477.0,0.0,478.0,0.085,,,,,70463.605598,70463.714953,70463.736457,70463.736457,70463.736476
1789037005.872,timeline,0,-1,21669,477.0,0.0,478.0,0.136,,,,,70463.606153,70463.713107,70463.787918,70463.787918,70463.787938
1789037005.8202,timeline,2,-1,21671,477.0,0.0,478.0,0.076,,,,,70463.625424,70463.713963,70463.73609,70463.73609,70463.736104
1789037007.8239,timeline,1,-1,21670,478.0,0.0,479.0,0.102,,,,,70463.736026,70465.718382,70465.739848,70465.739848,70465.739862
1789037007.8232,timeline,2,-1,21671,478.0,0.0,479.0,0.111,,,,,70463.736363,70465.718509,70465.739089,70465.739089,70465.739104
1789037007.8231,timeline,0,-1,21669,478.0,0.0,479.0,0.144,,,,,70463.788393,70465.718953,70465.739057,70465.739057,70465.739074
1789037007.8229,timeline,3,-1,21672,478.0,0.0,479.0,1893.228,,,,,70465.629948,70465.718405,70465.738777,70465.738777,70465.738791
1789037008.2336,timeline,3,-1,21672,479.0,0.0,480.0,0.089,,,,,70465.739019,70465.890783,70466.149551,70466.149551,70466.149564
1789037008.2707,timeline,2,-1,21671,479.0,0.0,480.0,0.095,,,,,70465.739461,70465.893366,70466.186661,70466.186661,70466.186672
1789037008.2876,timeline,0,-1,21669,479.0,0.0,480.0,0.148,,,,,70465.739507,70465.889939,70466.203491,70466.203491,70466.203501
1789037008.2164,timeline,1,-1,21670,479.0,0.0,480.0,0.118,,,,,70465.740223,70465.890877,70466.132291,70466.132291,70466.132302
1789037010.4421,timeline,1,-1,21670,480.0,0.0,481.0,0.08,,,,,70466.132601,70468.257419,70468.352362,70468.352362,70468.357978
1789037010.442,timeline,2,-1,21671,480.0,0.0,481.0,0.087,,,,,70466.186999,70468.257851,70468.35236,70468.35236,70468.357913
1789037010.446,timeline,0,-1,21669,480.0,0.0,481.0,0.121,,,,,70466.203858,70468.257347,70468.352368,70468.352368,70468.36193
1789037010.442,timeline,3,-1,21672,480.0,0.0,481.0,2017.134,,,,,70468.166942,70468.256661,70468.352358,70468.352358,70468.357955
1789037010.5537,timeline,2,-1,21671,481.0,0.0,482.0,0.098,,,,,70468.358302,70468.449229,70468.4696,70468.4696,70468.469614
1789037010.5536,timeline,3,-1,21672,481.0,0.0,482.0,0.098,,,,,70468.358327,70468.449055,70468.469496,70468.469496,70468.469514
1789037010.5523,timeline,1,-1,21670,481.0,0.0,482.0,0.127,,,,,70468.358382,70468.447816,70468.468236,70468.468236,70468.468252
1789037010.5518,timeline,0,-1,21669,481.0,0.0,482.0,0.145,,,,,70468.362331,70468.447386,70468.467715,70468.467715,70468.467732
1789037012.626,timeline,0,-1,21669,482.0,0.0,483.0,0.14,,,,,70468.468195,70470.254648,70470.541936,70470.541936,70470.541949
1789037012.5911,timeline,1,-1,21670,482.0,0.0,483.0,0.096,,,,,70468.468571,70470.261707,70470.506988,70470.506988,70470.506998
1789037012.5953,timeline,2,-1,21671,482.0,0.0,483.0,0.106,,,,,70468.46995,70470.254098,70470.511189,70470.511189,70470.511203
1789037012.6222,timeline,3,-1,21672,482.0,0.0,483.0,1695.581,,,,,70470.16534,70470.256515,70470.538134,70470.538134,70470.538149
1789037012.734,timeline,1,-1,21670,483.0,0.0,484.0,0.077,,,,,70470.507321,70470.629431,70470.649939,70470.649939,70470.649953
1789037012.7344,timeline,2,-1,21671,483.0,0.0,484.0,0.088,,,,,70470.511452,70470.629775,70470.650358,70470.650358,70470.650371
1789037012.7346,timeline,3,-1,21672,483.0,0.0,484.0,0.112,,,,,70470.538577,70470.630089,70470.650561,70470.650561,70470.650574
1789037012.7331,timeline,0,-1,21669,483.0,0.0,484.0,0.169,,,,,70470.542443,70470.6282,70470.648962,70470.648962,70470.648981
1789037014.9668,timeline,0,-1,21669,484.0,0.0,485.0,0.148,,,,,70470.649446,70472.862541,70472.882719,70472.882719,70472.882735
1789037014.9673,timeline,1,-1,21670,484.0,0.0,485.0,0.096,,,,,70470.650264,70472.862682,70472.883256,70472.883256,70472.88327
1789037014.9665,timeline,2,-1,21671,484.0,0.0,485.0,290.262,,,,,70470.940856,70472.861239,70472.882395,70472.882395,70472.882415
1789037014.9667,timeline,3,-1,21672,484.0,0.0,485.0,2123.49,,,,,70472.774288,70472.86205,70472.882563,70472.882563,70472.882577
1789037015.6411,timeline,2,-1,21671,485.0,0.0,486.0,0.118,,,,,70472.88285,70473.30217,70473.557015,70473.557015,70473.557027
1789037015.6655,timeline,0,-1,21669,485.0,0.0,486.0,0.16,,,,,70472.883169,70473.301768,70473.581408,70473.581408,70473.581419
1789037015.6337,timeline,1,-1,21670,485.0,0.0,486.0,0.096,,,,,70472.883591,70473.301818,70473.549577,70473.549577,70473.549589
1789037015.6536,timeline,3,-1,21672,485.0,0.0,486.0,331.456,,,,,70473.214308,70473.302128,70473.56955,70473.56955,70473.569562
1789037017.3487,timeline,1,-1,21670,486.0,0.0,487.0,0.085,,,,,70473.549913,70475.243092,70475.264625,70475.264625,70475.264641
1789037017.3492,timeline,2,-1,21671,486.0,0.0,487.0,0.096,,,,,70473.557373,70475.243345,70475.265119,70475.265119,70475.265139
1789037017.3497,timeline,0,-1,21669,486.0,0.0,487.0,0.136,,,,,70473.581833,70475.244758,70475.265599,70475.265599,70475.265626
1789037017.3486,timeline,3,-1,21672,486.0,0.0,487.0,1584.454,,,,,70475.154252,70475.242027,70475.264469,70475.264469,70475.264483
1789037018.246,timeline,1,-1,21670,487.0,0.0,488.0,0.105,,,,,70475.264895,70476.141233,70476.16192,70476.16192,70476.161934
1789037018.2485,timeline,2,-1,21671,487.0,0.0,488.0,0.104,,,,,70475.265548,70476.141506,70476.164399,70476.164399,70476.16442
1789037018.2459,timeline,0,-1,21669,487.0,0.0,488.0,0.192,,,,,70475.266213,70476.141302,70476.161767,70476.161767,70476.161785
1789037018.2489,timeline,3,-1,21672,487.0,0.0,488.0,788.453,,,,,70476.053174,70476.141578,70476.164841,70476.164841,70476.164857
1789037020.5766,timeline,0,-1,21669,488.0,0.0,489.0,0.149,,,,,70476.162253,70478.225676,70478.492555,70478.492555,70478.492565
1789037020.5525,timeline,1,-1,21670,488.0,0.0,489.0,0.1,,,,,70476.162295,70478.222941,70478.468432,70478.468432,70478.468443
1789037020.56,timeline,2,-1,21671,488.0,0.0,489.0,35.604,,,,,70476.200264,70478.222899,70478.47594,70478.47594,70478.475952
1789037020.5946,timeline,3,-1,21672,488.0,0.0,489.0,1949.445,,,,,70478.114542,70478.223038,70478.510478,70478.510478,70478.510493
1789037020.7051,timeline,1,-1,21670,489.0,0.0,490.0,0.082,,,,,70478.468772,70478.598631,70478.620977,70478.620977,70478.620993
1789037020.702,timeline,2,-1,21671,489.0,0.0,490.0,0.077,,,,,70478.47634,70478.597098,70478.617949,70478.617949,70478.617962
1789037020.7018,timeline,0,-1,21669,489.0,0.0,490.0,0.126,,,,,70478.492961,70478.597112,70478.617689,70478.617689,70478.617703
1789037020.707,timeline,3,-1,21672,489.0,0.0,490.0,0.096,,,,,70478.510874,70478.60031,70478.622881,70478.622881,70478.622896
1789037022.688,timeline,0,-1,21669,490.0,0.0,491.0,0.133,,,,,70478.617982,70480.582572,70480.603894,70480.603894,70480.603913
1789037022.6875,timeline,1,-1,21670,490.0,0.0,491.0,0.102,,,,,70478.621257,70480.582258,70480.603443,70480.603443,70480.603461
1789037022.69,timeline,2,-1,21671,490.0,0.0,491.0,134.246,,,,,70478.752722,70480.584861,70480.605902,70480.605902,70480.605922
1789037022.6881,timeline,3,-1,21672,490.0,0.0,491.0,1869.981,,,,,70480.493129,70480.581593,70480.603962,70480.603962,70480.603976
1789037023.6243,timeline,1,-1,21670,491.0,0.0,492.0,0.117,,,,,70480.603841,70481.28341,70481.54022,70481.54022,70481.540231
1789037023.605,timeline,0,-1,21669,491.0,0.0,492.0,0.171,,,,,70480.604282,70481.264014,70481.520867,70481.520867,70481.52088
1789037023.6426,timeline,2,-1,21671,491.0,0.0,492.0,0.113,,,,,70480.606335,70481.269826,70481.558473,70481.558473,70481.558485
1789037023.5965,timeline,3,-1,21672,491.0,0.0,492.0,568.688,,,,,70481.173136,70481.264471,70481.512396,70481.512396,70481.51241
1789037024.7758,timeline,0,-1,21669,492.0,0.0,493.0,0.114,,,,,70481.521293,70482.639561,70482.691752,70482.691752,70482.69177
1789037024.7452,timeline,1,-1,21670,492.0,0.0,493.0,0.096,,,,,70481.540587,70482.638757,70482.66109,70482.66109,70482.661106
1789037024.7468,timeline,2,-1,21671,492.0,0.0,493.0,0.107,,,,,70481.558862,70482.641658,70482.662703,70482.662703,70482.662722
1789037024.745,timeline,3,-1,21672,492.0,0.0,493.0,1036.97,,,,,70482.549621,70482.637809,70482.660938,70482.660938,70482.660957
1789037025.5746,timeline,1,-1,21670,493.0,0.0,494.0,0.113,,,,,70482.661372,70483.46842,70483.490492,70483.490492,70483.490509
1789037025.5779,timeline,2,-1,21671,493.0,0.0,494.0,0.103,,,,,70482.66315,70483.472804,70483.493846,70483.493846,70483.493866
1789037025.5789,timeline,0,-1,21669,493.0,0.0,494.0,0.193,,,,,70482.692138,70483.468909,70483.49481,70483.49481,70483.494826
1789037025.575,timeline,3,-1,21672,493.0,0.0,494.0,720.795,,,,,70483.381966,70483.470302,70483.490951,70483.490951,70483.490969
1789037027.4473,timeline,1,-1,21670,494.0,0.0,495.0,0.11,,,,,70483.490932,70485.123001,70485.363168,70485.363168,70485.363183
1789037027.4561,timeline,0,-1,21669,494.0,0.0,495.0,0.143,,,,,70483.495122,70485.121297,70485.37203,70485.37203,70485.372042
1789037027.4772,timeline,2,-1,21671,494.0,0.0,495.0,305.656,,,,,70483.799775,70485.122141,70485.393163,70485.393163,70485.393174
1789037027.4592,timeline,3,-1,21672,494.0,0.0,495.0,1542.555,,,,,70485.033878,70485.122545,70485.375121,70485.375121,70485.375136
1789037028.0878,timeline,1,-1,21670,495.0,0.0,496.0,0.099,,,,,70485.363588,70485.983212,70486.003702,70486.003702,70486.003715
1789037028.0848,timeline,0,-1,21669,495.0,0.0,496.0,0.136,,,,,70485.37233,70485.97944,70486.000723,70486.000723,70486.000739
1789037028.0863,timeline,2,-1,21671,495.0,0.0,496.0,0.076,,,,,70485.393527,70485.981425,70486.002171,70486.002171,70486.002187
1789037028.0835,timeline,3,-1,21672,495.0,0.0,496.0,513.705,,,,,70485.88906,70485.977764,70485.999382,70485.999382,70485.999396
1789037030.1203,timeline,0,-1,21669,496.0,0.0,497.0,0.142,,,,,70486.001179,70488.015633,70488.036209,70488.036209,70488.036226
1789037030.1217,timeline,1,-1,21670,496.0,0.0,497.0,0.1,,,,,70486.004087,70488.015939,70488.037572,70488.037572,70488.037595
1789037030.1207,timeline,2,-1,21671,496.0,0.0,497.0,274.764,,,,,70486.277178,70488.015647,70488.036576,70488.036576,70488.036592
1789037030.1262,timeline,3,-1,21672,496.0,0.0,497.0,1914.956,,,,,70487.91472,70488.021752,70488.042125,70488.042125,70488.04214
1789037030.5675,timeline,0,-1,21669,497.0,0.0,498.0,0.152,,,,,70488.03665,70488.195133,70488.483367,70488.483367,70488.483379
1789037030.5504,timeline,2,-1,21671,497.0,0.0,498.0,0.102,,,,,70488.037022,70488.194755,70488.466345,70488.466345,70488.466357
1789037030.5355,timeline,1,-1,21670,497.0,0.0,498.0,0.127,,,,,70488.037913,70488.193062,70488.451367,70488.451367,70488.451379
1789037030.5381,timeline,3,-1,21672,497.0,0.0,498.0,0.115,,,,,70488.042528,70488.194602,70488.454037,70488.454037,70488.454051
1789037032.826,timeline,1,-1,21670,498.0,0.0,499.0,0.087,,,,,70488.451742,70490.720723,70490.741935,70490.741935,70490.741952
1789037032.8271,timeline,0,-1,21669,498.0,0.0,499.0,0.132,,,,,70488.483812,70490.723208,70490.743038,70490.743038,70490.743059
1789037032.8256,timeline,2,-1,21671,498.0,0.0,499.0,956.665,,,,,70489.423229,70490.720437,70490.741482,70490.741482,70490.741501
1789037032.8499,timeline,3,-1,21672,498.0,0.0,499.0,2177.502,,,,,70490.631794,70490.720176,70490.765812,70490.765812,70490.765826
1789037033.0151,timeline,2,-1,21671,499.0,0.0,500.0,0.107,,,,,70490.741911,70490.910361,70490.930969,70490.930969,70490.930987
1789037033.0178,timeline,1,-1,21670,499.0,0.0,500.0,0.107,,,,,70490.742329,70490.913112,70490.933741,70490.933741,70490.933756
1789037033.0149,timeline,0,-1,21669,499.0,0.0,500.0,0.17,,,,,70490.743526,70490.910458,70490.930798,70490.930798,70490.930817
1789037033.0152,timeline,3,-1,21672,499.0,0.0,500.0,0.113,,,,,70490.766213,70490.910721,70490.93108,70490.93108,70490.931094
1789037035.6806,timeline,0,-1,21669,500.0,0.0,501.0,0.138,,,,,70490.931109,70493.271435,70493.586708,70493.586708,70493.596576
1789037035.6766,timeline,1,-1,21670,500.0,0.0,501.0,0.107,,,,,70490.934107,70493.263966,70493.58299,70493.58299,70493.592529
1789037035.6766,timeline,2,-1,21671,500.0,0.0,501.0,734.364,,,,,70491.665555,70493.264653,70493.587276,70493.587276,70493.59249
1789037035.6766,timeline,3,-1,21672,500.0,0.0,501.0,2243.964,,,,,70493.175325,70493.264025,70493.586485,70493.586485,70493.592531
1789037035.7896,timeline,1,-1,21670,501.0,0.0,502.0,0.103,,,,,70493.592894,70493.684553,70493.705538,70493.705538,70493.705554
1789037035.787,timeline,2,-1,21671,501.0,0.0,502.0,0.119,,,,,70493.592934,70493.683535,70493.702941,70493.702941,70493.702954
1789037035.7887,timeline,3,-1,21672,501.0,0.0,502.0,0.113,,,,,70493.592946,70493.684026,70493.704621,70493.704621,70493.704635
1789037035.7869,timeline,0,-1,21669,501.0,0.0,502.0,0.185,,,,,70493.59706,70493.683384,70493.702834,70493.702834,70493.702845
1789037038.0039,timeline,0,-1,21669,502.0,0.0,503.0,0.123,,,,,70493.703226,70495.900624,70495.919817,70495.919817,70495.919832
1789037038.0054,timeline,1,-1,21670,502.0,0.0,503.0,0.104,,,,,70493.705909,70495.900427,70495.921287,70495.921287,70495.921302
1789037038.0036,timeline,2,-1,21671,502.0,0.0,503.0,616.056,,,,,70494.319195,70495.900397,70495.919479,70495.919479,70495.919494
1789037038.005,timeline,3,-1,21672,502.0,0.0,503.0,2107.138,,,,,70495.812013,70495.900384,70495.920948,70495.920948,70495.920962
1789037038.4038,timeline,2,-1,21671,503.0,0.0,504.0,0.09,,,,,70495.919892,70496.072035,70496.319682,70496.319682,70496.319695
1789037038.4338,timeline,0,-1,21669,503.0,0.0,504.0,0.161,,,,,70495.920321,70496.074109,70496.349727,70496.349727,70496.349738
1789037038.4202,timeline,3,-1,21672,503.0,0.0,504.0,0.093,,,,,70495.921329,70496.075369,70496.336119,70496.336119,70496.336132
1789037038.4021,timeline,1,-1,21670,503.0,0.0,504.0,0.247,,,,,70495.921706,70496.073134,70496.317977,70496.317977,70496.317989
1789037040.753,timeline,1,-1,21670,504.0,0.0,505.0,0.078,,,,,70496.318208,70498.647355,70498.668916,70498.668916,70498.668931
1789037040.7539,timeline,0,-1,21669,504.0,0.0,505.0,0.121,,,,,70496.35013,70498.650664,70498.669845,70498.669845,70498.669861
1789037040.7507,timeline,2,-1,21671,504.0,0.0,505.0,770.534,,,,,70497.090565,70498.646784,70498.666561,70498.666561,70498.666578
1789037040.7532,timeline,3,-1,21672,504.0,0.0,505.0,2222.417,,,,,70498.558785,70498.648388,70498.669122,70498.669122,70498.669136
1789037040.9298,timeline,2,-1,21671,505.0,0.0,506.0,0.097,,,,,70498.667038,70498.826592,70498.845764,70498.845764,70498.845775
1789037040.9376,timeline,1,-1,21670,505.0,0.0,506.0,0.098,,,,,70498.669308,70498.833139,70498.853544,70498.853544,70498.85356
1789037040.9339,timeline,3,-1,21672,505.0,0.0,506.0,0.093,,,,,70498.669484,70498.827078,70498.849803,70498.849803,70498.84982
1789037040.93,timeline,0,-1,21669,505.0,0.0,506.0,0.133,,,,,70498.670248,70498.826633,70498.845946,70498.845946,70498.845958
1789037043.4687,timeline,0,-1,21669,506.0,0.0,507.0,0.123,,,,,70498.846333,70501.049181,70501.384654,70501.384654,70501.384666
1789037043.4329,timeline,1,-1,21670,506.0,0.0,507.0,0.098,,,,,70498.853956,70501.048785,70501.348787,70501.348787,70501.348799
1789037043.4471,timeline,2,-1,21671,506.0,0.0,507.0,381.758,,,,,70499.227688,70501.049391,70501.362998,70501.362998,70501.363011
1789037043.4346,timeline,3,-1,21672,506.0,0.0,507.0,2110.041,,,,,70500.960133,70501.053582,70501.350539,70501.350539,70501.350554
1789037043.5769,timeline,1,-1,21670,507.0,0.0,508.0,0.091,,,,,70501.349176,70501.472075,70501.492772,70501.492772,70501.492785
1789037043.581,timeline,3,-1,21672,507.0,0.0,508.0,0.088,,,,,70501.350899,70501.472222,70501.496897,70501.496897,70501.496912
1789037043.575,timeline,2,-1,21671,507.0,0.0,508.0,0.074,,,,,70501.363338,70501.471578,70501.490915,70501.490915,70501.490926
1789037043.5754,timeline,0,-1,21669,507.0,0.0,508.0,0.125,,,,,70501.385042,70501.47168,70501.49129,70501.49129,70501.491302
1789037045.0826,timeline,2,-1,21671,508.0,0.0,509.0,0.099,,,,,70501.491227,70502.979043,70502.998532,70502.998532,70502.998548
1789037045.0855,timeline,0,-1,21669,508.0,0.0,509.0,0.128,,,,,70501.491667,70502.978236,70503.001447,70503.001447,70503.001462
1789037045.0843,timeline,1,-1,21670,508.0,0.0,509.0,0.084,,,,,70501.493076,70502.978609,70503.000151,70503.000151,70503.000195
1789037045.0831,timeline,3,-1,21672,508.0,0.0,509.0,1392.799,,,,,70502.889953,70502.978599,70502.999052,70502.999052,70502.999066
1789037046.1557,timeline,2,-1,21671,509.0,0.0,510.0,0.086,,,,,70502.998897,70503.822668,70504.071627,70504.071627,70504.071642
1789037046.1818,timeline,1,-1,21670,509.0,0.0,510.0,0.123,,,,,70503.000588,70503.822913,70504.097759,70504.097759,70504.097771
1789037046.1619,timeline,0,-1,21669,509.0,0.0,510.0,0.138,,,,,70503.001867,70503.828947,70504.077864,70504.077864,70504.077874
1789037046.1569,timeline,3,-1,21672,509.0,0.0,510.0,720.884,,,,,70503.72017,70503.823007,70504.072823,70504.072823,70504.072843
1789037047.5422,timeline,2,-1,21671,510.0,0.0,511.0,0.09,,,,,70504.071894,70505.437715,70505.458079,70505.458079,70505.458095
1789037047.5407,timeline,0,-1,21669,510.0,0.0,511.0,0.114,,,,,70504.078399,70505.436942,70505.456653,70505.456653,70505.456669
1789037047.5422,timeline,1,-1,21670,510.0,0.0,511.0,0.073,,,,,70504.09815,70505.436794,70505.458135,70505.458135,70505.45815
1789037047.5459,timeline,3,-1,21672,510.0,0.0,511.0,1275.109,,,,,70505.34819,70505.44045,70505.461812,70505.461812,70505.461827
1789037048.0079,timeline,0,-1,21669,511.0,0.0,512.0,0.137,,,,,70505.457096,70505.90463,70505.92384,70505.92384,70505.923856
1789037048.0079,timeline,2,-1,21671,511.0,0.0,512.0,0.094,,,,,70505.458449,70505.904501,70505.923822,70505.923822,70505.923837
1789037048.0095,timeline,1,-1,21670,511.0,0.0,512.0,0.119,,,,,70505.458544,70505.90446,70505.925449,70505.925449,70505.925464
1789037048.0134,timeline,3,-1,21672,511.0,0.0,512.0,354.95,,,,,70505.816989,70505.904916,70505.929345,70505.929345,70505.929361
1789037050.482,timeline,0,-1,21669,512.0,0.0,513.0,0.146,,,,,70505.924273,70508.075976,70508.397963,70508.397963,70508.397974
1789037050.4045,timeline,1,-1,21670,512.0,0.0,513.0,0.09,,,,,70505.925798,70508.075622,70508.320398,70508.320398,70508.32041
1789037050.4192,timeline,2,-1,21671,512.0,0.0,513.0,165.014,,,,,70506.08906,70508.076555,70508.335146,70508.335146,70508.335157
1789037050.4243,timeline,3,-1,21672,512.0,0.0,513.0,2058.822,,,,,70507.988408,70508.076521,70508.340183,70508.340183,70508.340199
1789037050.9255,timeline,1,-1,21670,513.0,0.0,514.0,0.092,,,,,70508.320825,70508.820837,70508.841456,70508.841456,70508.841469
1789037050.923,timeline,2,-1,21671,513.0,0.0,514.0,0.077,,,,,70508.335512,70508.818721,70508.838937,70508.838937,70508.838952
1789037050.9243,timeline,0,-1,21669,513.0,0.0,514.0,0.123,,,,,70508.398366,70508.8205,70508.8402,70508.8402,70508.840215
1789037050.9233,timeline,3,-1,21672,513.0,0.0,514.0,389.366,,,,,70508.730031,70508.818211,70508.839171,70508.839171,70508.839188
1789037052.417,timeline,2,-1,21671,514.0,0.0,515.0,0.111,,,,,70508.839336,70510.313421,70510.332881,70510.332881,70510.332895
1789037052.4163,timeline,0,-1,21669,514.0,0.0,515.0,0.135,,,,,70508.840612,70510.312951,70510.332213,70510.332213,70510.332229
1789037052.4189,timeline,1,-1,21670,514.0,0.0,515.0,0.088,,,,,70508.841799,70510.312956,70510.334788,70510.334788,70510.334802
1789037052.4179,timeline,3,-1,21672,514.0,0.0,515.0,1385.786,,,,,70510.225231,70510.313414,70510.333833,70510.333833,70510.333847
1789037053.7347,timeline,0,-1,21669,515.0,0.0,516.0,0.141,,,,,70510.332666,70511.369403,70511.650597,70511.650597,70511.650608
1789037053.7203,timeline,2,-1,21671,515.0,0.0,516.0,0.085,,,,,70510.333233,70511.36964,70511.636245,70511.636245,70511.636257
1789037053.7374,timeline,1,-1,21670,515.0,0.0,516.0,0.106,,,,,70510.33517,70511.391878,70511.653311,70511.653311,70511.653327
1789037053.7144,timeline,3,-1,21672,515.0,0.0,516.0,945.229,,,,,70511.279314,70511.367885,70511.6303,70511.6303,70511.630322
1789037054.8929,timeline,2,-1,21671,516.0,0.0,517.0,0.098,,,,,70511.636656,70512.78735,70512.808815,70512.808815,70512.808831
1789037054.9168,timeline,0,-1,21669,516.0,0.0,517.0,0.111,,,,,70511.65087,70512.787798,70512.832745,70512.832745,70512.832762
1789037054.8906,timeline,1,-1,21670,516.0,0.0,517.0,0.108,,,,,70511.653867,70512.785298,70512.806456,70512.806456,70512.806476
1789037054.8925,timeline,3,-1,21672,516.0,0.0,517.0,1065.865,,,,,70512.696636,70512.787363,70512.808433,70512.808433,70512.808448
1789037055.6454,timeline,1,-1,21670,517.0,0.0,518.0,0.141,,,,,70512.806788,70513.53049,70513.561317,70513.561317,70513.561334
1789037055.6351,timeline,2,-1,21671,517.0,0.0,518.0,0.097,,,,,70512.809222,70513.530571,70513.55097,70513.55097,70513.550983
1789037055.6345,timeline,0,-1,21669,517.0,0.0,518.0,0.134,,,,,70512.833158,70513.530237,70513.55037,70513.55037,70513.550388
1789037055.6347,timeline,3,-1,21672,517.0,0.0,518.0,633.688,,,,,70513.442357,70513.529976,70513.550618,70513.550618,70513.550637
1789037058.1452,timeline,0,-1,21669,518.0,0.0,519.0,0.155,,,,,70513.550852,70515.801985,70516.061136,70516.061136,70516.061149
1789037058.139,timeline,1,-1,21670,518.0,0.0,519.0,0.111,,,,,70513.561747,70515.802062,70516.05492,70516.05492,70516.054931
1789037058.1441,timeline,2,-1,21671,518.0,0.0,519.0,811.58,,,,,70514.363026,70515.802027,70516.060022,70516.060022,70516.060034
1789037058.1469,timeline,3,-1,21672,518.0,0.0,519.0,2149.634,,,,,70515.700556,70515.802116,70516.062811,70516.062811,70516.062823
1789037058.5219,timeline,1,-1,21670,519.0,0.0,520.0,0.082,,,,,70516.055305,70516.417476,70516.437762,70516.437762,70516.437776
1789037058.5224,timeline,2,-1,21671,519.0,0.0,520.0,0.087,,,,,70516.060456,70516.417552,70516.438349,70516.438349,70516.438364
1789037058.5243,timeline,0,-1,21669,519.0,0.0,520.0,0.157,,,,,70516.061616,70516.417595,70516.440198,70516.440198,70516.440212
1789037058.5232,timeline,3,-1,21672,519.0,0.0,520.0,266.276,,,,,70516.329321,70516.417883,70516.439066,70516.439066,70516.439082
1789037060.5551,timeline,1,-1,21670,520.0,0.0,521.0,0.102,,,,,70516.438102,70518.378128,70518.465028,70518.465028,70518.471071
1789037060.559,timeline,0,-1,21669,520.0,0.0,521.0,0.15,,,,,70516.440668,70518.381579,70518.465024,70518.465024,70518.474969
1789037060.5551,timeline,2,-1,21671,520.0,0.0,521.0,772.604,,,,,70517.211296,70518.379821,70518.465049,70518.465049,70518.471005
1789037060.5552,timeline,3,-1,21672,520.0,0.0,521.0,1851.344,,,,,70518.290659,70518.380208,70518.465114,70518.465114,70518.471172
1789037061.1282,timeline,2,-1,21671,521.0,0.0,522.0,0.123,,,,,70518.471285,70518.783151,70519.04408,70519.04408,70519.044096
1789037061.1246,timeline,1,-1,21670,521.0,0.0,522.0,0.119,,,,,70518.471467,70518.783029,70519.040479,70519.040479,70519.040493
1789037061.1505,timeline,0,-1,21669,521.0,0.0,522.0,0.167,,,,,70518.475421,70518.783109,70519.066419,70519.066419,70519.066437
1789037061.1255,timeline,3,-1,21672,521.0,0.0,522.0,222.579,,,,,70518.694004,70518.783167,70519.041374,70519.041374,70519.041386
1789037062.5963,timeline,1,-1,21670,522.0,0.0,523.0,0.102,,,,,70519.041027,70520.491433,70520.51217,70520.51217,70520.512185
1789037062.5962,timeline,0,-1,21669,522.0,0.0,523.0,0.161,,,,,70519.066935,70520.491791,70520.512144,70520.512144,70520.512158
1789037062.599,timeline,2,-1,21671,522.0,0.0,523.0,479.298,,,,,70519.523683,70520.491252,70520.514876,70520.514876,70520.51489
1789037062.5954,timeline,3,-1,21672,522.0,0.0,523.0,1360.942,,,,,70520.402561,70520.490759,70520.511312,70520.511312,70520.511324
1789037063.2807,timeline,0,-1,21669,523.0,0.0,524.0,0.143,,,,,70520.512579,70521.176088,70521.196634,70521.196634,70521.196651
1789037063.2798,timeline,1,-1,21670,523.0,0.0,524.0,0.131,,,,,70520.512589,70521.175388,70521.195703,70521.195703,70521.195717
1789037063.2863,timeline,2,-1,21671,523.0,0.0,524.0,0.095,,,,,70520.515261,70521.176066,70521.202247,70521.202247,70521.202273
1789037063.2805,timeline,3,-1,21672,523.0,0.0,524.0,575.008,,,,,70521.086694,70521.174403,70521.196421,70521.196421,70521.196438
1789037064.9829,timeline,1,-1,21670,524.0,0.0,525.0,0.091,,,,,70521.195957,70522.651358,70522.898805,70522.898805,70522.898818
1789037064.9923,timeline,0,-1,21669,524.0,0.0,525.0,0.151,,,,,70521.197122,70522.651536,70522.908222,70522.908222,70522.908238
1789037064.9984,timeline,2,-1,21671,524.0,0.0,525.0,46.281,,,,,70521.248961,70522.657268,70522.914293,70522.914293,70522.914305
1789037064.999,timeline,3,-1,21672,524.0,0.0,525.0,1343.685,,,,,70522.540368,70522.651719,70522.914899,70522.914899,70522.914913
1789037066.2059,timeline,1,-1,21670,525.0,0.0,526.0,0.093,,,,,70522.899162,70524.100801,70524.121804,70524.121804,70524.12182
1789037066.2057,timeline,0,-1,21669,525.0,0.0,526.0,0.206,,,,,70522.908837,70524.100896,70524.121557,70524.121557,70524.121579
1789037066.2059,timeline,2,-1,21671,525.0,0.0,526.0,0.103,,,,,70522.914593,70524.100908,70524.121772,70524.121772,70524.121789
1789037066.2076,timeline,3,-1,21672,525.0,0.0,526.0,1093.88,,,,,70524.009033,70524.101653,70524.123476,70524.123476,70524.123494
1789037067.0503,timeline,0,-1,21669,526.0,0.0,527.0,0.165,,,,,70524.122105,70524.945964,70524.966198,70524.966198,70524.966214
1789037067.0503,timeline,2,-1,21671,526.0,0.0,527.0,0.118,,,,,70524.122169,70524.945739,70524.966259,70524.966259,70524.966274
1789037067.0509,timeline,1,-1,21670,526.0,0.0,527.0,0.098,,,,,70524.122207,70524.946006,70524.966779,70524.966779,70524.966794
1789037067.0494,timeline,3,-1,21672,526.0,0.0,527.0,734.319,,,,,70524.858054,70524.944973,70524.965354,70524.965354,70524.96537
1789037069.0231,timeline,2,-1,21671,527.0,0.0,528.0,0.108,,,,,70524.966646,70526.6806,70526.93905,70526.93905,70526.93906
1789037069.0199,timeline,0,-1,21669,527.0,0.0,528.0,0.152,,,,,70524.966652,70526.680571,70526.935838,70526.935838,70526.935849
1789037069.0575,timeline,1,-1,21670,527.0,0.0,528.0,0.109,,,,,70524.967177,70526.680422,70526.973375,70526.973375,70526.973392
1789037069.0201,timeline,3,-1,21672,527.0,0.0,528.0,1627.124,,,,,70526.592718,70526.680447,70526.936048,70526.936048,70526.936064
1789037069.9955,timeline,0,-1,21669,528.0,0.0,529.0,0.126,,,,,70526.936135,70527.889075,70527.911451,70527.911451,70527.911468
1789037069.9904,timeline,2,-1,21671,528.0,0.0,529.0,0.09,,,,,70526.939416,70527.883189,70527.906349,70527.906349,70527.90637
1789037069.9909,timeline,1,-1,21670,528.0,0.0,529.0,0.129,,,,,70526.973916,70527.883958,70527.906794,70527.906794,70527.90681
1789037069.988,timeline,3,-1,21672,528.0,0.0,529.0,858.067,,,,,70527.794362,70527.883092,70527.90393,70527.90393,70527.903944
1789037071.1432,timeline,2,-1,21671,529.0,0.0,530.0,0.103,,,,,70527.906789,70529.038144,70529.05907,70529.05907,70529.059086
1789037071.1436,timeline,1,-1,21670,529.0,0.0,530.0,0.113,,,,,70527.907191,70529.038135,70529.059522,70529.059522,70529.059537
1789037071.1487,timeline,0,-1,21669,529.0,0.0,530.0,0.166,,,,,70527.911812,70529.044415,70529.064569,70529.064569,70529.064584
1789037071.1435,timeline,3,-1,21672,529.0,0.0,530.0,1025.935,,,,,70528.930153,70529.038283,70529.05942,70529.05942,70529.059437
1789037072.6306,timeline,2,-1,21671,530.0,0.0,531.0,0.113,,,,,70529.059346,70530.28869,70530.546471,70530.546471,70530.546482
1789037072.634,timeline,1,-1,21670,530.0,0.0,531.0,0.113,,,,,70529.059975,70530.283083,70530.549922,70530.549922,70530.549933
1789037072.6215,timeline,0,-1,21669,530.0,0.0,531.0,0.144,,,,,70529.064878,70530.282925,70530.53737,70530.53737,70530.537382
1789037072.6196,timeline,3,-1,21672,530.0,0.0,531.0,1110.682,,,,,70530.170377,70530.282853,70530.535526,70530.535526,70530.535542
1789037073.5276,timeline,0,-1,21669,531.0,0.0,532.0,0.126,,,,,70530.537805,70531.42279,70531.443474,70531.443474,70531.443489
1789037073.528,timeline,2,-1,21671,531.0,0.0,532.0,0.075,,,,,70530.546842,70531.423446,70531.44395,70531.44395,70531.443963
1789037073.5282,timeline,1,-1,21670,531.0,0.0,532.0,0.094,,,,,70530.550306,70531.422981,70531.444074,70531.444074,70531.444089
1789037073.528,timeline,3,-1,21672,531.0,0.0,532.0,799.036,,,,,70531.334818,70531.423522,70531.443942,70531.443942,70531.443956
1789037074.8495,timeline,0,-1,21669,532.0,0.0,533.0,0.128,,,,,70531.443898,70532.744859,70532.765358,70532.765358,70532.765375
1789037074.8363,timeline,2,-1,21671,532.0,0.0,533.0,0.11,,,,,70531.444336,70532.731221,70532.752225,70532.752225,70532.752241
1789037074.8355,timeline,1,-1,21670,532.0,0.0,533.0,0.112,,,,,70531.444446,70532.730636,70532.751366,70532.751366,70532.751379
1789037074.8389,timeline,3,-1,21672,532.0,0.0,533.0,1198.456,,,,,70532.64266,70532.731484,70532.754825,70532.754825,70532.754841
1789037076.4095,timeline,1,-1,21670,533.0,0.0,534.0,0.109,,,,,70532.751735,70534.072475,70534.325432,70534.325432,70534.325443
1789037076.4127,timeline,2,-1,21671,533.0,0.0,534.0,0.093,,,,,70532.752621,70534.072232,70534.328627,70534.328627,70534.328643
1789037076.4151,timeline,0,-1,21669,533.0,0.0,534.0,0.163,,,,,70532.765839,70534.072505,70534.331018,70534.331018,70534.331033
1789037076.4079,timeline,3,-1,21672,533.0,0.0,534.0,1229.162,,,,,70533.984243,70534.073021,70534.323823,70534.323823,70534.323838
1789037077.4335,timeline,1,-1,21670,534.0,0.0,535.0,0.089,,,,,70534.325808,70535.328452,70535.349413,70535.349413,70535.349428
1789037077.436,timeline,2,-1,21671,534.0,0.0,535.0,0.103,,,,,70534.329062,70535.330493,70535.351892,70535.351892,70535.351907
1789037077.4345,timeline,0,-1,21669,534.0,0.0,535.0,0.143,,,,,70534.331496,70535.328725,70535.350375,70535.350375,70535.350392
1789037077.4416,timeline,3,-1,21672,534.0,0.0,535.0,915.792,,,,,70535.239869,70535.327846,70535.357553,70535.357553,70535.357568
1789037078.8143,timeline,1,-1,21670,535.0,0.0,536.0,0.098,,,,,70535.349824,70536.709403,70536.730249,70536.730249,70536.730263
1789037078.8142,timeline,0,-1,21669,535.0,0.0,536.0,0.152,,,,,70535.350852,70536.709421,70536.730123,70536.730123,70536.730138
1789037078.8142,timeline,2,-1,21671,535.0,0.0,536.0,0.111,,,,,70535.352284,70536.709716,70536.730162,70536.730162,70536.730174
1789037078.826,timeline,3,-1,21672,535.0,0.0,536.0,1263.746,,,,,70536.621699,70536.710394,70536.741893,70536.741893,70536.741911
1789037080.2685,timeline,0,-1,21669,536.0,0.0,537.0,0.134,,,,,70536.73054,70537.929613,70538.184381,70538.184381,70538.184392
1789037080.267,timeline,2,-1,21671,536.0,0.0,537.0,0.111,,,,,70536.730541,70537.929151,70538.1829,70538.1829,70538.182911
1789037080.2594,timeline,1,-1,21670,536.0,0.0,537.0,0.094,,,,,70536.730594,70537.928401,70538.175331,70538.175331,70538.175342
1789037080.2681,timeline,3,-1,21672,536.0,0.0,537.0,1098.991,,,,,70537.84115,70537.930395,70538.18404,70538.18404,70538.184054
1789037081.2411,timeline,1,-1,21670,537.0,0.0,538.0,0.082,,,,,70538.175649,70539.136108,70539.157045,70539.157045,70539.157063
1789037081.252,timeline,2,-1,21671,537.0,0.0,538.0,0.077,,,,,70538.183263,70539.137267,70539.167865,70539.167865,70539.167887
1789037081.2421,timeline,0,-1,21669,537.0,0.0,538.0,0.151,,,,,70538.18485,70539.137309,70539.15805,70539.15805,70539.158068
1789037081.2417,timeline,3,-1,21672,537.0,0.0,538.0,861.864,,,,,70539.046412,70539.137286,70539.157642,70539.157642,70539.157658
1789037082.8871,timeline,1,-1,21670,538.0,0.0,539.0,0.103,,,,,70539.15743,70540.740421,70540.802987,70540.802987,70540.803009
1789037082.8462,timeline,0,-1,21669,538.0,0.0,539.0,0.142,,,,,70539.15853,70540.741757,70540.762123,70540.762123,70540.762138
1789037082.8451,timeline,2,-1,21671,538.0,0.0,539.0,0.149,,,,,70539.168368,70540.741761,70540.761033,70540.761033,70540.761051
1789037082.8481,timeline,3,-1,21672,538.0,0.0,539.0,1495.244,,,,,70540.653155,70540.741736,70540.763962,70540.763962,70540.763977
1789037083.2647,timeline,2,-1,21671,539.0,0.0,540.0,0.088,,,,,70540.761419,70540.916771,70541.180615,70541.180615,70541.180626
1789037083.2576,timeline,0,-1,21669,539.0,0.0,540.0,0.144,,,,,70540.762556,70540.916346,70541.173531,70541.173531,70541.173545
1789037083.2447,timeline,3,-1,21672,539.0,0.0,540.0,0.099,,,,,70540.764243,70540.914005,70541.16064,70541.16064,70541.160653
1789037083.2677,timeline,1,-1,21670,539.0,0.0,540.0,0.131,,,,,70540.803415,70540.912457,70541.183599,70541.183599,70541.183611
1789037085.3714,timeline,0,-1,21669,540.0,0.0,541.0,0.149,,,,,70541.174011,70543.193119,70543.277097,70543.277097,70543.287331
1789037085.367,timeline,1,-1,21670,540.0,0.0,541.0,0.097,,,,,70541.183973,70543.193079,70543.277077,70543.277077,70543.282928
1789037085.3671,timeline,2,-1,21671,540.0,0.0,541.0,760.416,,,,,70541.941255,70543.193841,70543.277087,70543.277087,70543.282984
1789037085.367,timeline,3,-1,21672,540.0,0.0,541.0,1942.01,,,,,70543.102905,70543.192624,70543.277081,70543.277081,70543.282955
1789037085.4809,timeline,3,-1,21672,541.0,0.0,542.0,0.096,,,,,70543.283316,70543.375187,70543.396807,70543.396807,70543.396823
1789037085.479,timeline,1,-1,21670,541.0,0.0,542.0,0.107,,,,,70543.283328,70543.374254,70543.394924,70543.394924,70543.394938
1789037085.4797,timeline,2,-1,21671,541.0,0.0,542.0,0.128,,,,,70543.283395,70543.374958,70543.395562,70543.395562,70543.395577
1789037085.4797,timeline,0,-1,21669,541.0,0.0,542.0,0.344,,,,,70543.287827,70543.375056,70543.395614,70543.395614,70543.395629
1789037088.1703,timeline,1,-1,21670,542.0,0.0,543.0,0.101,,,,,70543.395272,70545.831927,70546.086169,70546.086169,70546.086183
1789037088.1939,timeline,0,-1,21669,542.0,0.0,543.0,0.143,,,,,70543.396045,70545.832981,70546.109837,70546.109837,70546.109849
1789037088.1782,timeline,2,-1,21671,542.0,0.0,543.0,655.361,,,,,70544.051282,70545.833031,70546.094119,70546.094119,70546.094136
1789037088.165,timeline,3,-1,21672,542.0,0.0,543.0,2347.047,,,,,70545.744131,70545.833191,70546.080918,70546.080918,70546.080929
1789037088.3039,timeline,3,-1,21672,543.0,0.0,544.0,0.079,,,,,70546.081295,70546.19914,70546.219825,70546.219825,70546.219839
1789037088.3036,timeline,1,-1,21670,543.0,0.0,544.0,0.121,,,,,70546.086474,70546.198505,70546.21954,70546.21954,70546.219553
1789037088.3035,timeline,2,-1,21671,543.0,0.0,544.0,0.105,,,,,70546.094591,70546.197772,70546.219453,70546.219453,70546.219467
1789037088.308,timeline,0,-1,21669,543.0,0.0,544.0,0.142,,,,,70546.110311,70546.202906,70546.223878,70546.223878,70546.223896
1789037090.7151,timeline,1,-1,21670,544.0,0.0,545.0,0.102,,,,,70546.219877,70548.610354,70548.631009,70548.631009,70548.631026
1789037090.7087,timeline,0,-1,21669,544.0,0.0,545.0,0.176,,,,,70546.224431,70548.604069,70548.624615,70548.624615,70548.624631
1789037090.7091,timeline,2,-1,21671,544.0,0.0,545.0,283.773,,,,,70546.503447,70548.603976,70548.625001,70548.625001,70548.625022
1789037090.7127,timeline,3,-1,21672,544.0,0.0,545.0,2292.941,,,,,70548.513018,70548.604365,70548.628636,70548.628636,70548.62866
1789037091.1187,timeline,0,-1,21669,545.0,0.0,546.0,0.163,,,,,70548.625089,70548.78136,70549.034619,70549.034619,70549.034633
1789037091.1505,timeline,2,-1,21671,545.0,0.0,546.0,0.105,,,,,70548.625465,70548.781348,70549.066416,70549.066416,70549.066428
1789037091.1203,timeline,3,-1,21672,545.0,0.0,546.0,0.121,,,,,70548.629165,70548.78175,70549.036238,70549.036238,70549.036253
1789037091.1134,timeline,1,-1,21670,545.0,0.0,546.0,0.098,,,,,70548.631402,70548.780044,70549.029283,70549.029283,70549.029295
1789037093.2261,timeline,1,-1,21670,546.0,0.0,547.0,0.089,,,,,70549.0298,70551.119442,70551.142035,70551.142035,70551.142052
1789037093.2241,timeline,0,-1,21669,546.0,0.0,547.0,0.121,,,,,70549.035104,70551.119634,70551.140044,70551.140044,70551.14006
1789037093.2244,timeline,2,-1,21671,546.0,0.0,547.0,0.103,,,,,70549.06683,70551.119842,70551.140302,70551.140302,70551.140319
1789037093.2239,timeline,3,-1,21672,546.0,0.0,547.0,1994.352,,,,,70551.030928,70551.11915,70551.139832,70551.139832,70551.139847
1789037093.3985,timeline,3,-1,21672,547.0,0.0,548.0,0.11,,,,,70551.1401,70551.293097,70551.314409,70551.314409,70551.314424
1789037093.3979,timeline,0,-1,21669,547.0,0.0,548.0,0.144,,,,,70551.140368,70551.29389,70551.313846,70551.313846,70551.31386
1789037093.3979,timeline,2,-1,21671,547.0,0.0,548.0,0.121,,,,,70551.140794,70551.293135,70551.313845,70551.313845,70551.31386
1789037093.3953,timeline,1,-1,21670,547.0,0.0,548.0,0.107,,,,,70551.142306,70551.2907,70551.311191,70551.311191,70551.311205
1789037096.0401,timeline,1,-1,21670,548.0,0.0,549.0,0.089,,,,,70551.311501,70553.700339,70553.95602,70553.95602,70553.956031
1789037096.1042,timeline,0,-1,21669,548.0,0.0,549.0,0.145,,,,,70551.314161,70553.700977,70554.020082,70554.020082,70554.020094
1789037096.0476,timeline,2,-1,21671,548.0,0.0,549.0,107.81,,,,,70551.422014,70553.701075,70553.963558,70553.963558,70553.963572
1789037096.0451,timeline,3,-1,21672,548.0,0.0,549.0,2298.25,,,,,70553.612974,70553.700653,70553.960985,70553.960985,70553.960997
1789037096.2143,timeline,1,-1,21670,549.0,0.0,550.0,0.087,,,,,70553.956275,70554.109099,70554.130187,70554.130187,70554.1302
1789037096.2161,timeline,3,-1,21672,549.0,0.0,550.0,0.094,,,,,70553.961414,70554.111567,70554.13206,70554.13206,70554.132075
1789037096.2144,timeline,2,-1,21671,549.0,0.0,550.0,0.216,,,,,70553.963976,70554.108966,70554.130343,70554.130343,70554.130358
1789037096.2143,timeline,0,-1,21669,549.0,0.0,550.0,0.147,,,,,70554.020562,70554.108992,70554.13021,70554.13021,70554.130225
1789037097.9965,timeline,1,-1,21670,550.0,0.0,551.0,0.1,,,,,70554.13063,70555.890901,70555.912375,70555.912375,70555.91239
1789037097.9998,timeline,0,-1,21669,550.0,0.0,551.0,0.155,,,,,70554.13073,70555.891815,70555.915743,70555.915743,70555.915762
1789037097.9981,timeline,2,-1,21671,550.0,0.0,551.0,125.409,,,,,70554.256046,70555.892529,70555.91398,70555.91398,70555.91401
1789037097.9976,timeline,3,-1,21672,550.0,0.0,551.0,1669.385,,,,,70555.801727,70555.892168,70555.913471,70555.913471,70555.913492
1789037098.3994,timeline,1,-1,21670,551.0,0.0,552.0,0.104,,,,,70555.912636,70556.064854,70556.315351,70556.315351,70556.315362
1789037098.4053,timeline,3,-1,21672,551.0,0.0,552.0,0.1,,,,,70555.913762,70556.065508,70556.321167,70556.321167,70556.321182
1789037098.4047,timeline,2,-1,21671,551.0,0.0,552.0,0.158,,,,,70555.914462,70556.065031,70556.320624,70556.320624,70556.320635
1789037098.4045,timeline,0,-1,21669,551.0,0.0,552.0,0.184,,,,,70555.9163,70556.06502,70556.320387,70556.320387,70556.320399
1789037099.7665,timeline,1,-1,21670,552.0,0.0,553.0,0.082,,,,,70556.315766,70557.660919,70557.682445,70557.682445,70557.682461
1789037099.765,timeline,0,-1,21669,552.0,0.0,553.0,0.115,,,,,70556.32084,70557.660969,70557.680939,70557.680939,70557.680954
1789037099.7717,timeline,2,-1,21671,552.0,0.0,553.0,199.853,,,,,70556.520693,70557.666831,70557.687617,70557.687617,70557.68763
1789037099.766,timeline,3,-1,21672,552.0,0.0,553.0,1239.565,,,,,70557.561005,70557.661021,70557.681913,70557.681913,70557.681933
1789037099.9415,timeline,0,-1,21669,553.0,0.0,554.0,0.136,,,,,70557.681378,70557.837609,70557.857417,70557.857417,70557.857436
1789037099.9412,timeline,3,-1,21672,553.0,0.0,554.0,0.102,,,,,70557.682324,70557.835933,70557.857077,70557.857077,70557.857094
1789037099.9428,timeline,1,-1,21670,553.0,0.0,554.0,0.098,,,,,70557.682829,70557.838046,70557.858715,70557.858715,70557.85873
1789037099.9419,timeline,2,-1,21671,553.0,0.0,554.0,0.09,,,,,70557.687869,70557.836597,70557.857844,70557.857844,70557.857862
1789037103.1681,timeline,0,-1,21669,554.0,0.0,555.0,0.146,,,,,70557.857943,70560.834013,70561.083998,70561.083998,70561.084027
1789037103.2022,timeline,1,-1,21670,554.0,0.0,555.0,0.105,,,,,70557.859079,70560.834433,70561.118112,70561.118112,70561.118126
1789037103.1782,timeline,2,-1,21671,554.0,0.0,555.0,1957.885,,,,,70559.815977,70560.833655,70561.094138,70561.094138,70561.09415
1789037103.1763,timeline,3,-1,21672,554.0,0.0,555.0,2888.112,,,,,70560.745457,70560.833264,70561.092216,70561.092216,70561.092229
1789037103.3086,timeline,0,-1,21669,555.0,0.0,556.0,0.158,,,,,70561.084385,70561.204884,70561.224547,70561.224547,70561.224563
1789037103.3408,timeline,3,-1,21672,555.0,0.0,556.0,0.091,,,,,70561.092479,70561.206796,70561.256754,70561.256754,70561.256771
1789037103.3101,timeline,2,-1,21671,555.0,0.0,556.0,0.088,,,,,70561.094627,70561.204924,70561.225968,70561.225968,70561.225982
1789037103.3102,timeline,1,-1,21670,555.0,0.0,556.0,0.093,,,,,70561.118497,70561.206332,70561.226106,70561.226106,70561.226119
1789037105.1642,timeline,0,-1,21669,556.0,0.0,557.0,0.142,,,,,70561.225003,70563.061058,70563.08013,70563.08013,70563.080148
1789037105.1644,timeline,1,-1,21670,556.0,0.0,557.0,0.099,,,,,70561.226418,70563.060917,70563.080265,70563.080265,70563.080285
1789037105.1657,timeline,2,-1,21671,556.0,0.0,557.0,596.147,,,,,70561.822424,70563.061059,70563.081639,70563.081639,70563.081659
1789037105.1657,timeline,3,-1,21672,556.0,0.0,557.0,1714.686,,,,,70562.971698,70563.061035,70563.081598,70563.081598,70563.081615
1789037105.5716,timeline,0,-1,21669,557.0,0.0,558.0,0.149,,,,,70563.080462,70563.233073,70563.487528,70563.487528,70563.487538
1789037105.5613,timeline,1,-1,21670,557.0,0.0,558.0,0.125,,,,,70563.080792,70563.23304,70563.477213,70563.477213,70563.477228
1789037105.5695,timeline,2,-1,21671,557.0,0.0,558.0,0.107,,,,,70563.082071,70563.232362,70563.485411,70563.485411,70563.485428
1789037105.5688,timeline,3,-1,21672,557.0,0.0,558.0,0.115,,,,,70563.082073,70563.233387,70563.484708,70563.484708,70563.484721
1789037107.56,timeline,1,-1,21670,558.0,0.0,559.0,0.116,,,,,70563.477653,70565.456416,70565.475912,70565.475912,70565.475926
1789037107.5596,timeline,0,-1,21669,558.0,0.0,559.0,0.13,,,,,70563.487947,70565.455862,70565.475516,70565.475516,70565.475536
1789037107.5608,timeline,2,-1,21671,558.0,0.0,559.0,1044.811,,,,,70564.530468,70565.455768,70565.476701,70565.476701,70565.476722
1789037107.5611,timeline,3,-1,21672,558.0,0.0,559.0,1882.543,,,,,70565.367509,70565.456417,70565.477059,70565.477059,70565.477073
1789037107.7372,timeline,0,-1,21669,559.0,0.0,560.0,0.175,,,,,70565.476032,70565.62904,70565.653105,70565.653105,70565.653123
1789037107.7318,timeline,1,-1,21670,559.0,0.0,560.0,0.105,,,,,70565.476523,70565.628444,70565.647715,70565.647715,70565.647729
1789037107.7361,timeline,2,-1,21671,559.0,0.0,560.0,0.102,,,,,70565.477265,70565.629067,70565.651958,70565.651958,70565.651982
1789037107.7338,timeline,3,-1,21672,559.0,0.0,560.0,0.088,,,,,70565.477416,70565.628881,70565.649696,70565.649696,70565.649711
1789037110.5755,timeline,1,-1,21670,560.0,0.0,561.0,0.105,,,,,70565.648074,70568.168765,70568.48179,70568.48179,70568.49147
1789037110.5796,timeline,0,-1,21669,560.0,0.0,561.0,0.156,,,,,70565.653552,70568.169492,70568.486076,70568.486076,70568.495481
1789037110.5756,timeline,2,-1,21671,560.0,0.0,561.0,1554.679,,,,,70567.206943,70568.169818,70568.483565,70568.483565,70568.491486
1789037110.5756,timeline,3,-1,21672,560.0,0.0,561.0,2431.002,,,,,70568.080957,70568.169859,70568.481799,70568.481799,70568.491484
1789037110.6855,timeline,1,-1,21670,561.0,0.0,562.0,0.105,,,,,70568.491824,70568.582437,70568.601372,70568.601372,70568.601383
1789037110.6865,timeline,3,-1,21672,561.0,0.0,562.0,0.102,,,,,70568.491862,70568.582385,70568.602426,70568.602426,70568.602438
1789037110.6867,timeline,2,-1,21671,561.0,0.0,562.0,0.11,,,,,70568.491948,70568.581509,70568.602588,70568.602588,70568.6026
1789037110.686,timeline,0,-1,21669,561.0,0.0,562.0,0.182,,,,,70568.4958,70568.581715,70568.60188,70568.60188,70568.601891
1789037112.28,timeline,1,-1,21670,562.0,0.0,563.0,0.094,,,,,70568.601668,70570.176734,70570.195881,70570.195881,70570.195897
1789037112.2819,timeline,0,-1,21669,562.0,0.0,563.0,0.139,,,,,70568.602324,70570.177679,70570.197764,70570.197764,70570.197779
1789037112.2817,timeline,2,-1,21671,562.0,0.0,563.0,822.685,,,,,70569.42548,70570.177245,70570.197572,70570.197572,70570.19759
1789037112.2823,timeline,3,-1,21672,562.0,0.0,563.0,1486.912,,,,,70570.089562,70570.177857,70570.198253,70570.198253,70570.198267
1789037112.6762,timeline,1,-1,21670,563.0,0.0,564.0,0.113,,,,,70570.196306,70570.351233,70570.592097,70570.592097,70570.592109
1789037112.6888,timeline,2,-1,21671,563.0,0.0,564.0,0.092,,,,,70570.197967,70570.35291,70570.604716,70570.604716,70570.604731
1789037112.6908,timeline,0,-1,21669,563.0,0.0,564.0,0.153,,,,,70570.198204,70570.351895,70570.606734,70570.606734,70570.606746
1789037112.6894,timeline,3,-1,21672,563.0,0.0,564.0,0.091,,,,,70570.198619,70570.353157,70570.605321,70570.605321,70570.605333
1789037114.52,timeline,1,-1,21670,564.0,0.0,565.0,0.089,,,,,70570.592478,70572.414951,70572.435907,70572.435907,70572.43592
1789037114.523,timeline,0,-1,21669,564.0,0.0,565.0,0.122,,,,,70570.607197,70572.418735,70572.438923,70572.438923,70572.438938
1789037114.519,timeline,2,-1,21671,564.0,0.0,565.0,1205.805,,,,,70571.810789,70572.414129,70572.434949,70572.434949,70572.434965
1789037114.5192,timeline,3,-1,21672,564.0,0.0,565.0,1721.223,,,,,70572.326794,70572.414369,70572.435137,70572.435137,70572.43515
1789037114.6957,timeline,2,-1,21671,565.0,0.0,566.0,0.092,,,,,70572.435343,70572.590186,70572.611643,70572.611643,70572.611665
1789037114.7003,timeline,3,-1,21672,565.0,0.0,566.0,0.089,,,,,70572.435484,70572.591367,70572.616178,70572.616178,70572.616194
1789037114.6948,timeline,1,-1,21670,565.0,0.0,566.0,0.117,,,,,70572.436285,70572.589962,70572.610709,70572.610709,70572.610724
1789037114.6957,timeline,0,-1,21669,565.0,0.0,566.0,0.145,,,,,70572.43935,70572.590073,70572.611644,70572.611644,70572.611665
1789037117.2824,timeline,1,-1,21670,566.0,0.0,567.0,0.114,,,,,70572.611259,70574.952483,70575.198322,70575.198322,70575.198334
1789037117.2913,timeline,0,-1,21669,566.0,0.0,567.0,0.154,,,,,70572.61247,70574.952911,70575.207172,70575.207172,70575.207183
1789037117.2903,timeline,2,-1,21671,566.0,0.0,567.0,1974.122,,,,,70574.586031,70574.952917,70575.206254,70575.206254,70575.206266
1789037117.2872,timeline,3,-1,21672,566.0,0.0,567.0,2248.795,,,,,70574.865221,70574.953421,70575.20316,70575.20316,70575.203172
1789037117.3981,timeline,1,-1,21670,567.0,0.0,568.0,0.088,,,,,70575.198564,70575.294781,70575.314034,70575.314034,70575.314048
1789037117.3992,timeline,3,-1,21672,567.0,0.0,568.0,0.078,,,,,70575.203554,70575.294893,70575.315136,70575.315136,70575.315148
1789037117.3992,timeline,2,-1,21671,567.0,0.0,568.0,0.08,,,,,70575.2065,70575.294713,70575.315102,70575.315102,70575.315115
1789037117.3987,timeline,0,-1,21669,567.0,0.0,568.0,0.136,,,,,70575.207571,70575.294319,70575.314574,70575.314574,70575.314588
1789037119.8219,timeline,1,-1,21670,568.0,0.0,569.0,0.103,,,,,70575.314421,70577.718433,70577.73779,70577.73779,70577.737807
1789037119.8225,timeline,0,-1,21669,568.0,0.0,569.0,0.13,,,,,70575.315,70577.718409,70577.738428,70577.738428,70577.738443
1789037119.8222,timeline,2,-1,21671,568.0,0.0,569.0,2052.908,,,,,70577.368232,70577.717807,70577.738145,70577.738145,70577.738165
1789037119.8241,timeline,3,-1,21672,568.0,0.0,569.0,2314.237,,,,,70577.629828,70577.718113,70577.740055,70577.740055,70577.74007
1789037120.2215,timeline,1,-1,21670,569.0,0.0,570.0,0.104,,,,,70577.738207,70577.891344,70578.137449,70578.137449,70578.13746
1789037120.2349,timeline,2,-1,21671,569.0,0.0,570.0,0.097,,,,,70577.738422,70577.891299,70578.150781,70578.150781,70578.150792
1789037120.2946,timeline,0,-1,21669,569.0,0.0,570.0,0.15,,,,,70577.738851,70577.89141,70578.210481,70578.210481,70578.210491
1789037120.2373,timeline,3,-1,21672,569.0,0.0,570.0,0.094,,,,,70577.740314,70577.893544,70578.153164,70578.153164,70578.153177
1789037122.0136,timeline,1,-1,21670,570.0,0.0,571.0,0.083,,,,,70578.137834,70579.909818,70579.929452,70579.929452,70579.929472
1789037122.0127,timeline,0,-1,21669,570.0,0.0,571.0,0.118,,,,,70578.210893,70579.908146,70579.928632,70579.928632,70579.92865
1789037122.0129,timeline,2,-1,21671,570.0,0.0,571.0,1613.609,,,,,70579.764621,70579.908198,70579.92885,70579.92885,70579.928863
1789037122.0123,timeline,3,-1,21672,570.0,0.0,571.0,1666.899,,,,,70579.820367,70579.907469,70579.928243,70579.928243,70579.928256
1789037122.1866,timeline,3,-1,21672,571.0,0.0,572.0,0.104,,,,,70579.928494,70580.08171,70580.102518,70580.102518,70580.102536
1789037122.1863,timeline,0,-1,21669,571.0,0.0,572.0,0.134,,,,,70579.928935,70580.080942,70580.102218,70580.102218,70580.102239
1789037122.1869,timeline,2,-1,21671,571.0,0.0,572.0,0.089,,,,,70579.929088,70580.08106,70580.102842,70580.102842,70580.102857
1789037122.1844,timeline,1,-1,21670,571.0,0.0,572.0,0.112,,,,,70579.929904,70580.080814,70580.100274,70580.100274,70580.100288
1789037124.647,timeline,1,-1,21670,572.0,0.0,573.0,0.104,,,,,70580.100745,70582.319764,70582.562945,70582.562945,70582.562956
1789037124.6567,timeline,0,-1,21669,572.0,0.0,573.0,0.15,,,,,70580.102569,70582.32038,70582.572588,70582.572588,70582.572599
1789037124.6579,timeline,2,-1,21671,572.0,0.0,573.0,1907.801,,,,,70582.010974,70582.320463,70582.573798,70582.573798,70582.573808
1789037124.663,timeline,3,-1,21672,572.0,0.0,573.0,2129.338,,,,,70582.232146,70582.321187,70582.578939,70582.578939,70582.578953
1789037124.7695,timeline,1,-1,21670,573.0,0.0,574.0,0.101,,,,,70582.563326,70582.66625,70582.685446,70582.685446,70582.68546
1789037124.7705,timeline,0,-1,21669,573.0,0.0,574.0,0.131,,,,,70582.573001,70582.666018,70582.686433,70582.686433,70582.686445
1789037124.7709,timeline,2,-1,21671,573.0,0.0,574.0,0.073,,,,,70582.574153,70582.666639,70582.68683,70582.68683,70582.686842
1789037124.7731,timeline,3,-1,21672,573.0,0.0,574.0,0.077,,,,,70582.579346,70582.666998,70582.689011,70582.689011,70582.689024
1789037126.8302,timeline,1,-1,21670,574.0,0.0,575.0,0.086,,,,,70582.685831,70584.726074,70584.746117,70584.746117,70584.74614
1789037126.8587,timeline,0,-1,21669,574.0,0.0,575.0,0.113,,,,,70582.686796,70584.725577,70584.774634,70584.774634,70584.774652
1789037126.8305,timeline,2,-1,21671,574.0,0.0,575.0,1861.192,,,,,70584.548273,70584.724632,70584.746367,70584.746367,70584.746387
1789037126.8286,timeline,3,-1,21672,574.0,0.0,575.0,1946.152,,,,,70584.63539,70584.723517,70584.744525,70584.744525,70584.744544
1789037127.2375,timeline,3,-1,21672,575.0,0.0,576.0,0.128,,,,,70584.745043,70584.899814,70585.153408,70585.153408,70585.153421
1789037127.2277,timeline,1,-1,21670,575.0,0.0,576.0,0.125,,,,,70584.746679,70584.896942,70585.143591,70585.143591,70585.143604
1789037127.2351,timeline,2,-1,21671,575.0,0.0,576.0,0.098,,,,,70584.746785,70584.898689,70585.150962,70585.150962,70585.150976
1789037127.2298,timeline,0,-1,21669,575.0,0.0,576.0,0.159,,,,,70584.774966,70584.897089,70585.145759,70585.145759,70585.145771
1789037129.4658,timeline,1,-1,21670,576.0,0.0,577.0,0.097,,,,,70585.14403,70587.361852,70587.381672,70587.381672,70587.381686
1789037129.4664,timeline,0,-1,21669,576.0,0.0,577.0,0.116,,,,,70585.146159,70587.361649,70587.382311,70587.382311,70587.382326
1789037129.4695,timeline,3,-1,21672,576.0,0.0,577.0,1922.494,,,,,70587.076184,70587.364216,70587.385363,70587.385363,70587.385379
1789037129.4648,timeline,2,-1,21671,576.0,0.0,577.0,2121.773,,,,,70587.272967,70587.3597,70587.380669,70587.380669,70587.380685
1789037129.6381,timeline,2,-1,21671,577.0,0.0,578.0,0.094,,,,,70587.381057,70587.533731,70587.554007,70587.554007,70587.55402
1789037129.638,timeline,1,-1,21670,577.0,0.0,578.0,0.097,,,,,70587.38209,70587.534871,70587.553957,70587.553957,70587.553969
1789037129.6379,timeline,0,-1,21669,577.0,0.0,578.0,0.138,,,,,70587.382731,70587.533627,70587.55386,70587.55386,70587.553874
1789037129.6412,timeline,3,-1,21672,577.0,0.0,578.0,0.102,,,,,70587.38579,70587.535884,70587.557113,70587.557113,70587.557128
1789037132.3766,timeline,0,-1,21669,578.0,0.0,579.0,0.131,,,,,70587.55424,70590.031005,70590.292553,70590.292553,70590.292568
1789037132.3565,timeline,1,-1,21670,578.0,0.0,579.0,0.09,,,,,70587.554299,70590.02975,70590.272389,70590.272389,70590.2724
1789037132.3927,timeline,2,-1,21671,578.0,0.0,579.0,2135.578,,,,,70589.689824,70590.030463,70590.308586,70590.308586,70590.308599
1789037132.3692,timeline,3,-1,21672,578.0,0.0,579.0,2384.958,,,,,70589.942581,70590.032702,70590.285085,70590.285085,70590.285097
1789037132.5013,timeline,1,-1,21670,579.0,0.0,580.0,0.084,,,,,70590.272783,70590.395897,70590.417255,70590.417255,70590.417267
1789037132.5014,timeline,3,-1,21672,579.0,0.0,580.0,0.114,,,,,70590.28576,70590.39706,70590.417334,70590.417334,70590.417347
1789037132.5005,timeline,0,-1,21669,579.0,0.0,580.0,0.167,,,,,70590.293178,70590.396019,70590.416389,70590.416389,70590.416403
1789037132.501,timeline,2,-1,21671,579.0,0.0,580.0,0.086,,,,,70590.308851,70590.3956,70590.416893,70590.416893,70590.416904
1789037134.5751,timeline,0,-1,21669,580.0,0.0,581.0,0.128,,,,,70590.416765,70592.39671,70592.481458,70592.481458,70592.491013
1789037134.5711,timeline,1,-1,21670,580.0,0.0,581.0,0.095,,,,,70590.417648,70592.395852,70592.481455,70592.481455,70592.487031
1789037134.5711,timeline,2,-1,21671,580.0,0.0,581.0,1549.435,,,,,70591.966524,70592.396302,70592.481447,70592.481447,70592.487056
1789037134.5711,timeline,3,-1,21672,580.0,0.0,581.0,1889.488,,,,,70592.307063,70592.396731,70592.481457,70592.481457,70592.487072
1789037134.9291,timeline,1,-1,21670,581.0,0.0,582.0,0.098,,,,,70592.487411,70592.577939,70592.845035,70592.845035,70592.845047
1789037134.922,timeline,3,-1,21672,581.0,0.0,582.0,0.096,,,,,70592.487419,70592.579098,70592.837941,70592.837941,70592.837955
1789037134.9132,timeline,2,-1,21671,581.0,0.0,582.0,0.097,,,,,70592.487432,70592.57821,70592.829126,70592.829126,70592.829138
1789037134.9123,timeline,0,-1,21669,581.0,0.0,582.0,0.146,,,,,70592.49141,70592.578188,70592.828237,70592.828237,70592.828249
1789037136.5791,timeline,0,-1,21669,582.0,0.0,583.0,0.108,,,,,70592.828507,70594.474792,70594.49502,70594.49502,70594.495034
1789037136.5782,timeline,1,-1,21670,582.0,0.0,583.0,0.083,,,,,70592.845526,70594.474818,70594.494126,70594.494126,70594.494138
1789037136.5789,timeline,2,-1,21671,582.0,0.0,583.0,934.126,,,,,70593.763478,70594.474044,70594.494766,70594.494766,70594.494784
1789037136.5786,timeline,3,-1,21672,582.0,0.0,583.0,1547.361,,,,,70594.385619,70594.47408,70594.494502,70594.494502,70594.494515
1789037136.7488,timeline,1,-1,21670,583.0,0.0,584.0,0.098,,,,,70594.494529,70594.645431,70594.664703,70594.664703,70594.664718
1789037136.7523,timeline,3,-1,21672,583.0,0.0,584.0,0.088,,,,,70594.494852,70594.647673,70594.668164,70594.668164,70594.668189
1789037136.7504,timeline,2,-1,21671,583.0,0.0,584.0,0.092,,,,,70594.495148,70594.645553,70594.666333,70594.666333,70594.666354
1789037136.7506,timeline,0,-1,21669,583.0,0.0,584.0,0.143,,,,,70594.495436,70594.645913,70594.666513,70594.666513,70594.66653
1789037139.6732,timeline,1,-1,21670,584.0,0.0,585.0,0.098,,,,,70594.665156,70597.344168,70597.589094,70597.589094,70597.589105
1789037139.6847,timeline,0,-1,21669,584.0,0.0,585.0,0.14,,,,,70594.666816,70597.343939,70597.600595,70597.600595,70597.60061
1789037139.6811,timeline,2,-1,21671,584.0,0.0,585.0,2187.798,,,,,70596.854374,70597.343941,70597.597017,70597.597017,70597.597028
1789037139.6853,timeline,3,-1,21672,584.0,0.0,585.0,2587.989,,,,,70597.256447,70597.344613,70597.601195,70597.601195,70597.601208
1789037139.7917,timeline,1,-1,21670,585.0,0.0,586.0,0.08,,,,,70597.589595,70597.688187,70597.707601,70597.707601,70597.707612
1789037139.7954,timeline,2,-1,21671,585.0,0.0,586.0,0.079,,,,,70597.597254,70597.690446,70597.711272,70597.711272,70597.71129
1789037139.8209,timeline,0,-1,21669,585.0,0.0,586.0,0.185,,,,,70597.600967,70597.716434,70597.736849,70597.736849,70597.736862
1789037139.8122,timeline,3,-1,21672,585.0,0.0,586.0,0.084,,,,,70597.601455,70597.707503,70597.728116,70597.728116,70597.72813
1789037142.2871,timeline,1,-1,21670,586.0,0.0,587.0,0.087,,,,,70597.707939,70600.182904,70600.202965,70600.202965,70600.202984
1789037142.2871,timeline,0,-1,21669,586.0,0.0,587.0,0.131,,,,,70597.737235,70600.182717,70600.203028,70600.203028,70600.203046
1789037142.2872,timeline,2,-1,21671,586.0,0.0,587.0,1837.689,,,,,70599.549356,70600.182714,70600.203067,70600.203067,70600.20308
1789037142.2882,timeline,3,-1,21672,586.0,0.0,587.0,2349.858,,,,,70600.078272,70600.183889,70600.204095,70600.204095,70600.204111
1789037142.6881,timeline,1,-1,21670,587.0,0.0,588.0,0.112,,,,,70600.203418,70600.359277,70600.604063,70600.604063,70600.604074
1789037142.693,timeline,2,-1,21671,587.0,0.0,588.0,0.092,,,,,70600.203434,70600.359113,70600.608926,70600.608926,70600.608937
1789037142.6945,timeline,0,-1,21669,587.0,0.0,588.0,0.143,,,,,70600.20345,70600.359182,70600.610439,70600.610439,70600.610448
1789037142.7437,timeline,3,-1,21672,587.0,0.0,588.0,0.127,,,,,70600.204453,70600.365776,70600.659649,70600.659649,70600.659662
1789037144.507,timeline,1,-1,21670,588.0,0.0,589.0,0.169,,,,,70600.604572,70602.403534,70602.422862,70602.422862,70602.422877
1789037144.5081,timeline,0,-1,21669,588.0,0.0,589.0,0.118,,,,,70600.610855,70602.40357,70602.424027,70602.424027,70602.424042
1789037144.5084,timeline,2,-1,21671,588.0,0.0,589.0,1409.146,,,,,70602.018304,70602.403245,70602.424358,70602.424358,70602.424373
1789037144.5152,timeline,3,-1,21672,588.0,0.0,589.0,1654.931,,,,,70602.314909,70602.409945,70602.431133,70602.431133,70602.431153
1789037144.6842,timeline,1,-1,21670,589.0,0.0,590.0,0.099,,,,,70602.423268,70602.580787,70602.600063,70602.600063,70602.600077
1789037144.6861,timeline,0,-1,21669,589.0,0.0,590.0,0.134,,,,,70602.424451,70602.581824,70602.60204,70602.60204,70602.602054
1789037144.6859,timeline,2,-1,21671,589.0,0.0,590.0,0.093,,,,,70602.424723,70602.581083,70602.601789,70602.601789,70602.601805
1789037144.6876,timeline,3,-1,21672,589.0,0.0,590.0,0.125,,,,,70602.431579,70602.583465,70602.603478,70602.603478,70602.603494
1789037147.1904,timeline,1,-1,21670,590.0,0.0,591.0,0.101,,,,,70602.600319,70604.866429,70605.106347,70605.106347,70605.106362
1789037147.2479,timeline,0,-1,21669,590.0,0.0,591.0,0.133,,,,,70602.602446,70604.884083,70605.163783,70605.163783,70605.163794
1789037147.2102,timeline,2,-1,21671,590.0,0.0,591.0,1550.149,,,,,70604.152177,70604.866419,70605.126085,70605.126085,70605.126096
1789037147.2038,timeline,3,-1,21672,590.0,0.0,591.0,2174.2,,,,,70604.777958,70604.866367,70605.11973,70605.11973,70605.119742
1789037147.3563,timeline,1,-1,21670,591.0,0.0,592.0,0.099,,,,,70605.106776,70605.253408,70605.272256,70605.272256,70605.272268
1789037147.3571,timeline,3,-1,21672,591.0,0.0,592.0,0.089,,,,,70605.120045,70605.252059,70605.272968,70605.272968,70605.272984
1789037147.3556,timeline,2,-1,21671,591.0,0.0,592.0,0.079,,,,,70605.126467,70605.250235,70605.271519,70605.271519,70605.271531
1789037147.3543,timeline,0,-1,21669,591.0,0.0,592.0,0.115,,,,,70605.164063,70605.249811,70605.270241,70605.270241,70605.270254
1789037149.3834,timeline,0,-1,21669,592.0,0.0,593.0,0.123,,,,,70605.270513,70607.278531,70607.299286,70607.299286,70607.299308
1789037149.3811,timeline,1,-1,21670,592.0,0.0,593.0,0.099,,,,,70605.272615,70607.277584,70607.297015,70607.297015,70607.29703
1789037149.3831,timeline,2,-1,21671,592.0,0.0,593.0,906.234,,,,,70606.177997,70607.27709,70607.29899,70607.29899,70607.299012
1789037149.3814,timeline,3,-1,21672,592.0,0.0,593.0,1915.302,,,,,70607.188531,70607.276565,70607.297334,70607.297334,70607.297347
1789037149.8188,timeline,1,-1,21670,593.0,0.0,594.0,0.102,,,,,70607.297274,70607.466542,70607.734688,70607.734688,70607.734701
1789037149.8135,timeline,3,-1,21672,593.0,0.0,594.0,0.093,,,,,70607.29759,70607.466554,70607.729418,70607.729418,70607.729433
1789037149.806,timeline,2,-1,21671,593.0,0.0,594.0,0.104,,,,,70607.299401,70607.466362,70607.72191,70607.72191,70607.721922
1789037149.8129,timeline,0,-1,21669,593.0,0.0,594.0,0.182,,,,,70607.299776,70607.472343,70607.728858,70607.728858,70607.728869
1789037151.2548,timeline,0,-1,21669,594.0,0.0,595.0,0.125,,,,,70607.72929,70609.149583,70609.170707,70609.170707,70609.170727
1789037151.2521,timeline,1,-1,21670,594.0,0.0,595.0,0.108,,,,,70607.735159,70609.147976,70609.16803,70609.16803,70609.168049
1789037151.255,timeline,2,-1,21671,594.0,0.0,595.0,332.192,,,,,70608.054348,70609.14967,70609.170908,70609.170908,70609.170925
1789037151.2513,timeline,3,-1,21672,594.0,0.0,595.0,1329.776,,,,,70609.059468,70609.146955,70609.167261,70609.167261,70609.167275
1789037151.4264,timeline,3,-1,21672,595.0,0.0,596.0,0.089,,,,,70609.167632,70609.32219,70609.342287,70609.342287,70609.342302
1789037151.4245,timeline,1,-1,21670,595.0,0.0,596.0,0.104,,,,,70609.168488,70609.321242,70609.340453,70609.340453,70609.340466
1789037151.4263,timeline,0,-1,21669,595.0,0.0,596.0,0.161,,,,,70609.171223,70609.321457,70609.342167,70609.342167,70609.342183
1789037151.426,timeline,2,-1,21671,595.0,0.0,596.0,0.111,,,,,70609.171393,70609.320435,70609.34188,70609.34188,70609.341896
1789037153.7048,timeline,1,-1,21670,596.0,0.0,597.0,0.082,,,,,70609.340827,70611.379303,70611.620677,70611.620677,70611.620688
1789037153.7271,timeline,0,-1,21669,596.0,0.0,597.0,0.134,,,,,70609.342618,70611.379015,70611.643046,70611.643046,70611.643057
1789037153.7163,timeline,2,-1,21671,596.0,0.0,597.0,483.645,,,,,70609.825771,70611.378684,70611.63222,70611.63222,70611.632232
1789037153.7206,timeline,3,-1,21672,596.0,0.0,597.0,1949.603,,,,,70611.292177,70611.380329,70611.636535,70611.636535,70611.636557
1789037153.8389,timeline,1,-1,21670,597.0,0.0,598.0,0.087,,,,,70611.621055,70611.735654,70611.754842,70611.754842,70611.754855
1789037153.835,timeline,2,-1,21671,597.0,0.0,598.0,0.087,,,,,70611.632616,70611.729773,70611.750951,70611.750951,70611.750966
1789037153.8543,timeline,3,-1,21672,597.0,0.0,598.0,0.119,,,,,70611.63705,70611.750575,70611.770185,70611.770185,70611.770199
1789037153.8576,timeline,0,-1,21669,597.0,0.0,598.0,0.153,,,,,70611.643494,70611.753415,70611.773547,70611.773547,70611.77356
1789037155.9027,timeline,1,-1,21670,598.0,0.0,599.0,0.082,,,,,70611.755165,70613.799186,70613.818587,70613.818587,70613.818604
1789037155.9056,timeline,0,-1,21669,598.0,0.0,599.0,0.134,,,,,70611.773969,70613.801062,70613.821497,70613.821497,70613.821514
1789037155.9058,timeline,2,-1,21671,598.0,0.0,599.0,530.59,,,,,70612.28178,70613.801088,70613.821696,70613.821696,70613.82171
1789037155.9065,timeline,3,-1,21672,598.0,0.0,599.0,1940.405,,,,,70613.710831,70613.801148,70613.822439,70613.822439,70613.822455
1789037156.2981,timeline,1,-1,21670,599.0,0.0,600.0,0.112,,,,,70613.819007,70613.973531,70614.214034,70614.214034,70614.214044
1789037156.3155,timeline,0,-1,21669,599.0,0.0,600.0,0.15,,,,,70613.821823,70613.973637,70614.231398,70614.231398,70614.231409
1789037156.3774,timeline,2,-1,21671,599.0,0.0,600.0,0.093,,,,,70613.821947,70613.97389,70614.29327,70614.29327,70614.293282
1789037156.32,timeline,3,-1,21672,599.0,0.0,600.0,0.093,,,,,70613.822706,70613.973703,70614.235905,70614.235905,70614.235923
1789037158.2919,timeline,1,-1,21670,600.0,0.0,601.0,0.069,,,,,70614.214362,70616.112484,70616.19808,70616.19808,70616.207795
1789037158.2957,timeline,0,-1,21669,600.0,0.0,601.0,0.12,,,,,70614.232075,70616.114984,70616.20222,70616.20222,70616.211635
1789037158.2919,timeline,2,-1,21671,600.0,0.0,601.0,0.092,,,,,70614.29363,70616.115156,70616.198117,70616.198117,70616.207807
1789037158.2919,timeline,3,-1,21672,600.0,0.0,601.0,1787.528,,,,,70616.023737,70616.112747,70616.198085,70616.198085,70616.207848
1789037158.4011,timeline,1,-1,21670,601.0,0.0,602.0,0.106,,,,,70616.208175,70616.2981,70616.317044,70616.317044,70616.317057
1789037158.403,timeline,2,-1,21671,601.0,0.0,602.0,0.115,,,,,70616.208199,70616.298499,70616.318952,70616.318952,70616.318967
1789037158.4134,timeline,3,-1,21672,601.0,0.0,602.0,0.137,,,,,70616.208357,70616.299389,70616.329276,70616.329276,70616.329292
1789037158.4031,timeline,0,-1,21669,601.0,0.0,602.0,0.251,,,,,70616.212044,70616.298472,70616.319011,70616.319011,70616.319026
1789037160.888,timeline,1,-1,21670,602.0,0.0,603.0,0.08,,,,,70616.31727,70618.562606,70618.803878,70618.803878,70618.80389
1789037160.911,timeline,0,-1,21669,602.0,0.0,603.0,0.14,,,,,70616.319308,70618.564868,70618.826899,70618.826899,70618.826911
1789037160.914,timeline,2,-1,21671,602.0,0.0,603.0,222.922,,,,,70616.542125,70618.563144,70618.829909,70618.829909,70618.82992
1789037160.9102,timeline,3,-1,21672,602.0,0.0,603.0,2145.978,,,,,70618.475507,70618.564273,70618.826152,70618.826152,70618.826163
1789037161.0544,timeline,1,-1,21670,603.0,0.0,604.0,0.101,,,,,70618.804281,70618.951011,70618.970335,70618.970335,70618.970347
1789037161.055,timeline,3,-1,21672,603.0,0.0,604.0,0.08,,,,,70618.826557,70618.951142,70618.970872,70618.970872,70618.970886
1789037161.0848,timeline,0,-1,21669,603.0,0.0,604.0,0.149,,,,,70618.82737,70618.980178,70619.000704,70619.000704,70619.000718
1789037161.0867,timeline,2,-1,21671,603.0,0.0,604.0,0.078,,,,,70618.83027,70618.980339,70619.002594,70619.002594,70619.002607
1789037163.0334,timeline,1,-1,21670,604.0,0.0,605.0,0.079,,,,,70618.970678,70620.93004,70620.949317,70620.949317,70620.949332
1789037163.0361,timeline,0,-1,21669,604.0,0.0,605.0,0.142,,,,,70619.001142,70620.930726,70620.952054,70620.952054,70620.952073
1789037163.0358,timeline,2,-1,21671,604.0,0.0,605.0,0.105,,,,,70619.002941,70620.929404,70620.951683,70620.951683,70620.951701
1789037163.0377,timeline,3,-1,21672,604.0,0.0,605.0,1870.102,,,,,70620.84122,70620.932281,70620.953637,70620.953637,70620.953654
1789037163.4645,timeline,1,-1,21670,605.0,0.0,606.0,0.102,,,,,70620.94973,70621.103099,70621.380399,70621.380399,70621.380411
1789037163.4671,timeline,2,-1,21671,605.0,0.0,606.0,0.101,,,,,70620.952271,70621.105288,70621.383053,70621.383053,70621.383065
1789037163.4778,timeline,0,-1,21669,605.0,0.0,606.0,0.168,,,,,70620.952533,70621.105337,70621.393725,70621.393725,70621.39374
1789037163.5037,timeline,3,-1,21672,605.0,0.0,606.0,0.106,,,,,70620.95407,70621.106048,70621.41963,70621.41963,70621.419644
1789037165.883,timeline,1,-1,21670,606.0,0.0,607.0,0.068,,,,,70621.380742,70623.779052,70623.79894,70623.79894,70623.798957
1789037165.8852,timeline,0,-1,21669,606.0,0.0,607.0,0.139,,,,,70621.394187,70623.780617,70623.801103,70623.801103,70623.801119
1789037165.8848,timeline,2,-1,21671,606.0,0.0,607.0,295.283,,,,,70621.678626,70623.779627,70623.800753,70623.800753,70623.800773
1789037165.8874,timeline,3,-1,21672,606.0,0.0,607.0,2270.527,,,,,70623.690611,70623.78146,70623.803356,70623.803356,70623.803374
1789037166.0566,timeline,1,-1,21670,607.0,0.0,608.0,0.119,,,,,70623.799237,70623.953319,70623.972522,70623.972522,70623.972537
1789037166.0576,timeline,2,-1,21671,607.0,0.0,608.0,0.103,,,,,70623.801031,70623.953264,70623.973547,70623.973547,70623.97356
1789037166.0575,timeline,0,-1,21669,607.0,0.0,608.0,0.15,,,,,70623.801438,70623.953282,70623.973443,70623.973443,70623.973457
1789037166.0593,timeline,3,-1,21672,607.0,0.0,608.0,0.101,,,,,70623.803653,70623.954124,70623.975194,70623.975194,70623.975212
1789037168.7888,timeline,1,-1,21670,608.0,0.0,609.0,0.099,,,,,70623.972909,70626.438861,70626.704715,70626.704715,70626.704727
1789037168.774,timeline,0,-1,21669,608.0,0.0,609.0,0.125,,,,,70623.973835,70626.432414,70626.689943,70626.689943,70626.689956
1789037168.7777,timeline,2,-1,21671,608.0,0.0,609.0,0.12,,,,,70623.973932,70626.43251,70626.693613,70626.693613,70626.693625
1789037168.7779,timeline,3,-1,21672,608.0,0.0,609.0,2363.63,,,,,70626.339088,70626.4328,70626.693832,70626.693832,70626.693845
1789037168.8967,timeline,0,-1,21669,609.0,0.0,610.0,0.17,,,,,70626.690503,70626.792202,70626.812652,70626.812652,70626.812664
1789037168.8977,timeline,2,-1,21671,609.0,0.0,610.0,0.097,,,,,70626.694044,70626.792443,70626.813594,70626.813594,70626.813605
1789037168.8964,timeline,3,-1,21672,609.0,0.0,610.0,0.085,,,,,70626.694253,70626.792916,70626.812306,70626.812306,70626.81232
1789037168.8951,timeline,1,-1,21670,609.0,0.0,610.0,0.227,,,,,70626.705106,70626.791907,70626.811061,70626.811061,70626.811072
1789037171.174,timeline,1,-1,21670,610.0,0.0,611.0,0.084,,,,,70626.811401,70629.070783,70629.089898,70629.089898,70629.089912
1789037171.1753,timeline,0,-1,21669,610.0,0.0,611.0,0.116,,,,,70626.812924,70629.070944,70629.091187,70629.091187,70629.091202
1789037171.1848,timeline,2,-1,21671,610.0,0.0,611.0,0.114,,,,,70626.81385,70629.070718,70629.100663,70629.100663,70629.100678
1789037171.1764,timeline,3,-1,21672,610.0,0.0,611.0,2168.694,,,,,70628.981503,70629.070506,70629.092351,70629.092351,70629.092372
1789037171.5754,timeline,1,-1,21670,611.0,0.0,612.0,0.109,,,,,70629.090175,70629.242377,70629.491338,70629.491338,70629.49135
1789037171.6447,timeline,0,-1,21669,611.0,0.0,612.0,0.168,,,,,70629.091646,70629.246334,70629.560595,70629.560595,70629.560607
1789037171.5911,timeline,3,-1,21672,611.0,0.0,612.0,0.111,,,,,70629.092657,70629.245869,70629.506986,70629.506986,70629.507007
1789037171.6078,timeline,2,-1,21671,611.0,0.0,612.0,0.107,,,,,70629.101048,70629.243983,70629.523748,70629.523748,70629.523764
1789037173.2035,timeline,1,-1,21670,612.0,0.0,613.0,0.073,,,,,70629.491708,70631.099923,70631.119443,70631.119443,70631.119456
1789037173.2065,timeline,2,-1,21671,612.0,0.0,613.0,0.132,,,,,70629.524292,70631.101801,70631.122446,70631.122446,70631.122461
1789037173.2056,timeline,0,-1,21669,612.0,0.0,613.0,0.122,,,,,70629.561022,70631.100734,70631.121516,70631.121516,70631.121531
1789037173.2058,timeline,3,-1,21672,612.0,0.0,613.0,1504.969,,,,,70631.012259,70631.102361,70631.121699,70631.121699,70631.121712
1789037173.3769,timeline,1,-1,21670,613.0,0.0,614.0,0.109,,,,,70631.119711,70631.273846,70631.29282,70631.29282,70631.292832
1789037173.3782,timeline,0,-1,21669,613.0,0.0,614.0,0.147,,,,,70631.121968,70631.274076,70631.294096,70631.294096,70631.294109
1789037173.3767,timeline,3,-1,21672,613.0,0.0,614.0,0.103,,,,,70631.122095,70631.273921,70631.292623,70631.292623,70631.292634
1789037173.3785,timeline,2,-1,21671,613.0,0.0,614.0,0.096,,,,,70631.122822,70631.274049,70631.294376,70631.294376,70631.294389
1789037175.9038,timeline,1,-1,21670,614.0,0.0,615.0,0.079,,,,,70631.293189,70633.571023,70633.81967,70633.81967,70633.819686
1789037175.9032,timeline,0,-1,21669,614.0,0.0,615.0,0.137,,,,,70631.294525,70633.565007,70633.819152,70633.819152,70633.819166
1789037175.9144,timeline,2,-1,21671,614.0,0.0,615.0,0.112,,,,,70631.294738,70633.565026,70633.830291,70633.830291,70633.830303
1789037175.9148,timeline,3,-1,21672,614.0,0.0,615.0,2162.789,,,,,70633.455785,70633.565221,70633.830744,70633.830744,70633.830758
1789037176.028,timeline,0,-1,21669,615.0,0.0,616.0,0.134,,,,,70633.819607,70633.92337,70633.943899,70633.943899,70633.943912
1789037176.0394,timeline,1,-1,21670,615.0,0.0,616.0,0.103,,,,,70633.820239,70633.936051,70633.95534,70633.95534,70633.955353
1789037176.0431,timeline,2,-1,21671,615.0,0.0,616.0,0.086,,,,,70633.830686,70633.929508,70633.959028,70633.959028,70633.959042
1789037176.0275,timeline,3,-1,21672,615.0,0.0,616.0,0.106,,,,,70633.831273,70633.92354,70633.943455,70633.943455,70633.943466
1789037178.0697,timeline,0,-1,21669,616.0,0.0,617.0,0.146,,,,,70633.94421,70635.964911,70635.985574,70635.985574,70635.985591
1789037178.069,timeline,1,-1,21670,616.0,0.0,617.0,0.096,,,,,70633.955704,70635.965157,70635.9849,70635.9849,70635.984918
1789037178.0792,timeline,2,-1,21671,616.0,0.0,617.0,0.104,,,,,70633.959359,70635.974654,70635.995148,70635.995148,70635.995162
1789037178.0694,timeline,3,-1,21672,616.0,0.0,617.0,1931.961,,,,,70635.875637,70635.965669,70635.985359,70635.985359,70635.985374
1789037178.5004,timeline,1,-1,21670,617.0,0.0,618.0,0.13,,,,,70635.985219,70636.145751,70636.416277,70636.416277,70636.416289
1789037178.4833,timeline,3,-1,21672,617.0,0.0,618.0,0.094,,,,,70635.985715,70636.144807,70636.399197,70636.399197,70636.399209
1789037178.5145,timeline,0,-1,21669,617.0,0.0,618.0,0.146,,,,,70635.98601,70636.145036,70636.430439,70636.430439,70636.430449
1789037178.5079,timeline,2,-1,21671,617.0,0.0,618.0,0.095,,,,,70635.995508,70636.144704,70636.423783,70636.423783,70636.423794
1789037180.6294,timeline,1,-1,21670,618.0,0.0,619.0,0.084,,,,,70636.416513,70638.525628,70638.54529,70638.54529,70638.545305
1789037180.6312,timeline,2,-1,21671,618.0,0.0,619.0,0.099,,,,,70636.424057,70638.526673,70638.547113,70638.547113,70638.547127
1789037180.6304,timeline,0,-1,21669,618.0,0.0,619.0,0.122,,,,,70636.430717,70638.526099,70638.546296,70638.546296,70638.546314
1789037180.6309,timeline,3,-1,21672,618.0,0.0,619.0,2037.846,,,,,70638.437309,70638.52622,70638.546846,70638.546846,70638.54686
1789037180.8192,timeline,1,-1,21670,619.0,0.0,620.0,0.098,,,,,70638.545693,70638.714778,70638.735112,70638.735112,70638.73513
1789037180.8189,timeline,0,-1,21669,619.0,0.0,620.0,0.14,,,,,70638.546713,70638.714655,70638.734822,70638.734822,70638.734839
1789037180.8222,timeline,3,-1,21672,619.0,0.0,620.0,0.09,,,,,70638.5472,70638.714909,70638.738081,70638.738081,70638.738096
1789037180.8193,timeline,2,-1,21671,619.0,0.0,620.0,0.094,,,,,70638.547471,70638.714717,70638.735175,70638.735175,70638.735192
1789037183.8295,timeline,0,-1,21669,620.0,0.0,621.0,0.145,,,,,70638.73514,70641.41114,70641.730362,70641.730362,70641.745402
1789037183.8256,timeline,2,-1,21671,620.0,0.0,621.0,0.126,,,,,70638.735475,70641.410896,70641.730293,70641.730293,70641.741512
1789037183.8256,timeline,1,-1,21670,620.0,0.0,621.0,0.163,,,,,70638.735761,70641.411343,70641.736305,70641.736305,70641.74155
1789037183.8257,timeline,3,-1,21672,620.0,0.0,621.0,2584.258,,,,,70641.322601,70641.411507,70641.730301,70641.730301,70641.741578
1789037183.9385,timeline,2,-1,21671,621.0,0.0,622.0,0.109,,,,,70641.741928,70641.833684,70641.854416,70641.854416,70641.85443
1789037183.9373,timeline,1,-1,21670,621.0,0.0,622.0,0.115,,,,,70641.741951,70641.833587,70641.85324,70641.85324,70641.853255
1789037183.9383,timeline,3,-1,21672,621.0,0.0,622.0,0.103,,,,,70641.741993,70641.833681,70641.854177,70641.854177,70641.85419
1789037183.9378,timeline,0,-1,21669,621.0,0.0,622.0,0.147,,,,,70641.7458,70641.833538,70641.853688,70641.853688,70641.853701
1789037185.5815,timeline,1,-1,21670,622.0,0.0,623.0,0.114,,,,,70641.853605,70643.47658,70643.497399,70643.497399,70643.497416
1789037185.5785,timeline,0,-1,21669,622.0,0.0,623.0,0.132,,,,,70641.854065,70643.474172,70643.494443,70643.494443,70643.494459
1789037185.5793,timeline,2,-1,21671,622.0,0.0,623.0,0.118,,,,,70641.854801,70643.4739,70643.495211,70643.495211,70643.49523
1789037185.5789,timeline,3,-1,21672,622.0,0.0,623.0,1531.093,,,,,70643.385503,70643.473719,70643.49486,70643.49486,70643.494876
1789037186.0292,timeline,0,-1,21669,623.0,0.0,624.0,0.152,,,,,70643.494917,70643.667065,70643.945102,70643.945102,70643.945113
1789037186.0149,timeline,3,-1,21672,623.0,0.0,624.0,0.095,,,,,70643.495258,70643.667516,70643.930777,70643.930777,70643.930791
1789037186.0004,timeline,2,-1,21671,623.0,0.0,624.0,0.104,,,,,70643.495625,70643.667085,70643.916356,70643.916356,70643.91637
1789037186.0153,timeline,1,-1,21670,623.0,0.0,624.0,0.12,,,,,70643.497823,70643.673236,70643.931174,70643.931174,70643.931186
1789037187.6404,timeline,2,-1,21671,624.0,0.0,625.0,0.102,,,,,70643.916783,70645.535423,70645.556343,70645.556343,70645.556368
1789037187.6382,timeline,1,-1,21670,624.0,0.0,625.0,0.072,,,,,70643.931548,70645.532906,70645.554086,70645.554086,70645.554102
1789037187.6383,timeline,0,-1,21669,624.0,0.0,625.0,0.108,,,,,70643.945485,70645.532953,70645.55423,70645.55423,70645.554245
1789037187.6382,timeline,3,-1,21672,624.0,0.0,625.0,1498.8,,,,,70645.429843,70645.53304,70645.554154,70645.554154,70645.55417
1789037187.8096,timeline,1,-1,21670,625.0,0.0,626.0,0.102,,,,,70645.55451,70645.705011,70645.725545,70645.725545,70645.725558
1789037187.8101,timeline,3,-1,21672,625.0,0.0,626.0,0.1,,,,,70645.554527,70645.705372,70645.726055,70645.726055,70645.726069
1789037187.8103,timeline,0,-1,21669,625.0,0.0,626.0,0.146,,,,,70645.554712,70645.705807,70645.72617,70645.72617,70645.726186
1789037187.8103,timeline,2,-1,21671,625.0,0.0,626.0,0.103,,,,,70645.556796,70645.705702,70645.726256,70645.726256,70645.72627
1789037189.7194,timeline,1,-1,21670,626.0,0.0,627.0,0.099,,,,,70645.725968,70647.383429,70647.635346,70647.635346,70647.635361
1789037189.7215,timeline,0,-1,21669,626.0,0.0,627.0,0.143,,,,,70645.726486,70647.381665,70647.637459,70647.637459,70647.63747
1789037189.7124,timeline,2,-1,21671,626.0,0.0,627.0,0.126,,,,,70645.72654,70647.381638,70647.628342,70647.628342,70647.628356
1789037189.7211,timeline,3,-1,21672,626.0,0.0,627.0,1568.111,,,,,70647.294422,70647.383367,70647.636965,70647.636965,70647.636978
1789037189.8293,timeline,2,-1,21671,627.0,0.0,628.0,0.08,,,,,70647.628726,70647.724477,70647.74516,70647.74516,70647.745176
1789037189.8304,timeline,1,-1,21670,627.0,0.0,628.0,0.106,,,,,70647.635844,70647.725131,70647.746274,70647.746274,70647.74629
1789037189.8349,timeline,3,-1,21672,627.0,0.0,628.0,0.104,,,,,70647.637633,70647.727505,70647.750813,70647.750813,70647.750827
1789037189.8292,timeline,0,-1,21669,627.0,0.0,628.0,0.133,,,,,70647.637883,70647.72453,70647.745099,70647.745099,70647.745115
1789037192.1311,timeline,0,-1,21669,628.0,0.0,629.0,0.146,,,,,70647.745556,70650.026567,70650.046959,70650.046959,70650.046976
1789037192.1311,timeline,2,-1,21671,628.0,0.0,629.0,0.119,,,,,70647.745569,70650.026473,70650.047053,70650.047053,70650.047067
1789037192.1322,timeline,1,-1,21670,628.0,0.0,629.0,0.106,,,,,70647.746655,70650.027244,70650.048153,70650.048153,70650.048168
1789037192.1309,timeline,3,-1,21672,628.0,0.0,629.0,2186.611,,,,,70649.937698,70650.025918,70650.046855,70650.046855,70650.04687
1789037192.5914,timeline,3,-1,21672,629.0,0.0,630.0,0.094,,,,,70650.047255,70650.20163,70650.50731,70650.50731,70650.507323
1789037192.5655,timeline,2,-1,21671,629.0,0.0,630.0,0.091,,,,,70650.047427,70650.198525,70650.481389,70650.481389,70650.481401
1789037192.55,timeline,0,-1,21669,629.0,0.0,630.0,0.159,,,,,70650.047436,70650.199127,70650.465955,70650.465955,70650.465968
1789037192.5405,timeline,1,-1,21670,629.0,0.0,630.0,0.12,,,,,70650.048572,70650.199699,70650.456409,70650.456409,70650.456422
1789037194.3817,timeline,1,-1,21670,630.0,0.0,631.0,0.096,,,,,70650.456849,70652.276352,70652.297576,70652.297576,70652.297594
1789037194.3813,timeline,0,-1,21669,630.0,0.0,631.0,0.125,,,,,70650.466407,70652.276668,70652.297236,70652.297236,70652.297253
1789037194.3804,timeline,2,-1,21671,630.0,0.0,631.0,0.099,,,,,70650.481766,70652.275283,70652.296321,70652.296321,70652.296337
1789037194.3808,timeline,3,-1,21672,630.0,0.0,631.0,1679.382,,,,,70652.186928,70652.276023,70652.296666,70652.296666,70652.296682
1789037194.553,timeline,2,-1,21671,631.0,0.0,632.0,0.096,,,,,70652.296955,70652.448527,70652.468877,70652.468877,70652.468891
1789037194.5521,timeline,3,-1,21672,631.0,0.0,632.0,0.101,,,,,70652.297059,70652.447793,70652.468036,70652.468036,70652.468052
1789037194.553,timeline,0,-1,21669,631.0,0.0,632.0,0.151,,,,,70652.297697,70652.448514,70652.468876,70652.468876,70652.468893
1789037194.551,timeline,1,-1,21670,631.0,0.0,632.0,0.143,,,,,70652.298192,70652.446828,70652.466889,70652.466889,70652.466905
1789037196.8686,timeline,1,-1,21670,632.0,0.0,633.0,0.109,,,,,70652.467383,70654.537045,70654.784551,70654.784551,70654.784563
1789037196.8789,timeline,2,-1,21671,632.0,0.0,633.0,0.112,,,,,70652.469285,70654.538692,70654.794808,70654.794808,70654.794822
1789037196.8781,timeline,0,-1,21669,632.0,0.0,633.0,0.149,,,,,70652.469329,70654.538704,70654.794011,70654.794011,70654.794029
1789037196.877,timeline,3,-1,21672,632.0,0.0,633.0,1982.075,,,,,70654.450381,70654.539135,70654.792884,70654.792884,70654.792896
1789037196.9865,timeline,1,-1,21670,633.0,0.0,634.0,0.092,,,,,70654.784948,70654.881643,70654.902373,70654.902373,70654.902386
1789037196.9865,timeline,3,-1,21672,633.0,0.0,634.0,0.077,,,,,70654.793283,70654.882487,70654.902423,70654.902423,70654.902434
1789037196.9869,timeline,0,-1,21669,633.0,0.0,634.0,0.168,,,,,70654.794534,70654.881801,70654.902835,70654.902835,70654.902856
1789037196.9871,timeline,2,-1,21671,633.0,0.0,634.0,0.084,,,,,70654.795224,70654.881964,70654.902992,70654.902992,70654.903008
1789037198.0674,timeline,1,-1,21670,634.0,0.0,635.0,0.098,,,,,70654.902751,70655.962683,70655.983275,70655.983275,70655.983291
1789037198.0664,timeline,0,-1,21669,634.0,0.0,635.0,0.157,,,,,70654.903367,70655.961882,70655.982314,70655.982314,70655.982332
1789037198.0674,timeline,2,-1,21671,634.0,0.0,635.0,0.125,,,,,70654.903436,70655.962766,70655.983279,70655.983279,70655.983298
1789037198.0652,timeline,3,-1,21672,634.0,0.0,635.0,970.705,,,,,70655.873357,70655.96044,70655.981156,70655.981156,70655.981171
1789037198.4925,timeline,3,-1,21672,635.0,0.0,636.0,0.093,,,,,70655.981537,70656.133475,70656.408383,70656.408383,70656.408394
1789037198.4784,timeline,0,-1,21669,635.0,0.0,636.0,0.172,,,,,70655.98279,70656.134076,70656.3943,70656.3943,70656.394312
1789037198.4723,timeline,1,-1,21670,635.0,0.0,636.0,0.106,,,,,70655.98371,70656.134322,70656.388217,70656.388217,70656.388229
1789037198.5058,timeline,2,-1,21671,635.0,0.0,636.0,0.121,,,,,70655.983722,70656.133542,70656.421756,70656.421756,70656.421767
1789037200.3229,timeline,1,-1,21670,636.0,0.0,637.0,0.075,,,,,70656.38859,70658.217821,70658.238829,70658.238829,70658.238844
1789037200.3231,timeline,0,-1,21669,636.0,0.0,637.0,0.127,,,,,70656.394741,70658.2182,70658.238959,70658.238959,70658.238987
1789037200.3232,timeline,2,-1,21671,636.0,0.0,637.0,0.089,,,,,70656.422179,70658.218107,70658.239143,70658.239143,70658.239159
1789037200.3283,timeline,3,-1,21672,636.0,0.0,637.0,1719.867,,,,,70658.128653,70658.220411,70658.244166,70658.244166,70658.244183
1789037200.6217,timeline,1,-1,21670,637.0,0.0,638.0,0.112,,,,,70658.239099,70658.517269,70658.53759,70658.53759,70658.537605
1789037200.6262,timeline,0,-1,21669,637.0,0.0,638.0,0.178,,,,,70658.239449,70658.518187,70658.542069,70658.542069,70658.542083
1789037200.6222,timeline,2,-1,21671,637.0,0.0,638.0,0.113,,,,,70658.239551,70658.517721,70658.538135,70658.538135,70658.53815
1789037200.6224,timeline,3,-1,21672,637.0,0.0,638.0,183.92,,,,,70658.428315,70658.518053,70658.53829,70658.53829,70658.538305
1789037203.0715,timeline,1,-1,21670,638.0,0.0,639.0,0.087,,,,,70658.537957,70660.73852,70660.987382,70660.987382,70660.987393
1789037203.0746,timeline,0,-1,21669,638.0,0.0,639.0,0.133,,,,,70658.542363,70660.737673,70660.990478,70660.990478,70660.990489
1789037203.0845,timeline,2,-1,21671,638.0,0.0,639.0,220.417,,,,,70658.758813,70660.738467,70661.000372,70661.000372,70661.000384
1789037203.0972,timeline,3,-1,21672,638.0,0.0,639.0,2111.601,,,,,70660.650136,70660.739104,70661.013107,70661.013107,70661.01312
1789037203.4448,timeline,1,-1,21670,639.0,0.0,640.0,0.093,,,,,70660.987782,70661.339421,70661.360679,70661.360679,70661.360696
1789037203.4442,timeline,0,-1,21669,639.0,0.0,640.0,0.152,,,,,70660.991013,70661.339654,70661.360069,70661.360069,70661.360085
1789037203.4444,timeline,2,-1,21671,639.0,0.0,640.0,0.106,,,,,70661.000771,70661.339583,70661.360278,70661.360278,70661.360292
1789037203.4454,timeline,3,-1,21672,639.0,0.0,640.0,238.021,,,,,70661.251346,70661.340314,70661.361296,70661.361296,70661.361312
1789037204.9214,timeline,0,-1,21669,640.0,0.0,641.0,0.137,,,,,70661.360391,70662.74294,70662.82701,70662.82701,70662.83736
1789037204.917,timeline,2,-1,21671,640.0,0.0,641.0,0.115,,,,,70661.360742,70662.741605,70662.827008,70662.827008,70662.832945
1789037204.9169,timeline,1,-1,21670,640.0,0.0,641.0,0.097,,,,,70661.360951,70662.742564,70662.827015,70662.827015,70662.832814
1789037204.9169,timeline,3,-1,21672,640.0,0.0,641.0,1291.242,,,,,70662.652803,70662.741486,70662.827051,70662.827051,70662.832872
1789037206.6929,timeline,1,-1,21670,641.0,0.0,642.0,0.123,,,,,70662.833235,70664.358134,70664.608816,70664.608816,70664.60883
1789037206.6986,timeline,2,-1,21671,641.0,0.0,642.0,0.133,,,,,70662.833392,70664.358114,70664.614505,70664.614505,70664.614521
1789037206.6994,timeline,0,-1,21669,641.0,0.0,642.0,0.184,,,,,70662.837821,70664.362652,70664.61532,70664.61532,70664.615332
1789037206.7002,timeline,3,-1,21672,641.0,0.0,642.0,1436.493,,,,,70664.269595,70664.358966,70664.616093,70664.616093,70664.616108
1789037207.3544,timeline,1,-1,21670,642.0,0.0,643.0,0.229,,,,,70664.609215,70665.247765,70665.2703,70665.2703,70665.270314
1789037207.355,timeline,2,-1,21671,642.0,0.0,643.0,0.102,,,,,70664.61495,70665.25007,70665.270946,70665.270946,70665.27096
1789037207.3539,timeline,0,-1,21669,642.0,0.0,643.0,0.12,,,,,70664.615751,70665.249329,70665.269787,70665.269787,70665.269804
1789037207.3552,timeline,3,-1,21672,642.0,0.0,643.0,545.015,,,,,70665.161375,70665.250115,70665.271082,70665.271082,70665.271097
1789037208.1991,timeline,0,-1,21669,643.0,0.0,644.0,0.149,,,,,70665.270118,70666.094345,70666.115016,70666.115016,70666.115031
1789037208.1999,timeline,1,-1,21670,643.0,0.0,644.0,0.111,,,,,70665.270565,70666.094115,70666.115795,70666.115795,70666.115814
1789037208.2074,timeline,2,-1,21671,643.0,0.0,644.0,0.093,,,,,70665.271201,70666.093186,70666.123322,70666.123322,70666.123337
1789037208.2013,timeline,3,-1,21672,643.0,0.0,644.0,734.366,,,,,70666.005707,70666.094658,70666.117245,70666.117245,70666.117261
1789037209.6453,timeline,0,-1,21669,644.0,0.0,645.0,0.135,,,,,70666.115473,70667.301892,70667.56125,70667.56125,70667.561262
1789037209.6696,timeline,1,-1,21670,644.0,0.0,645.0,0.127,,,,,70666.116107,70667.301659,70667.585522,70667.585522,70667.585532
1789037209.669,timeline,2,-1,21671,644.0,0.0,645.0,0.11,,,,,70666.123722,70667.301938,70667.584849,70667.584849,70667.584876
1789037209.6478,timeline,3,-1,21672,644.0,0.0,645.0,1096.863,,,,,70667.214344,70667.301985,70667.563713,70667.563713,70667.563725
1789037210.1168,timeline,0,-1,21669,645.0,0.0,646.0,0.136,,,,,70667.561716,70668.010098,70668.032688,70668.032688,70668.032706
1789037210.116,timeline,2,-1,21671,645.0,0.0,646.0,0.098,,,,,70667.585262,70668.009093,70668.031946,70668.031946,70668.031964
1789037210.116,timeline,1,-1,21670,645.0,0.0,646.0,0.094,,,,,70667.585898,70668.010769,70668.031908,70668.031908,70668.031925
1789037210.1152,timeline,3,-1,21672,645.0,0.0,646.0,358.462,,,,,70667.922513,70668.011604,70668.031114,70668.031114,70668.03113
1789037211.6518,timeline,1,-1,21670,646.0,0.0,647.0,0.116,,,,,70668.032182,70669.537675,70669.567709,70669.567709,70669.567727
1789037211.669,timeline,0,-1,21669,646.0,0.0,647.0,0.177,,,,,70668.033216,70669.537576,70669.584917,70669.584917,70669.584933
1789037211.6441,timeline,2,-1,21671,646.0,0.0,647.0,148.641,,,,,70668.181006,70669.537606,70669.559968,70669.559968,70669.559985
1789037211.6405,timeline,3,-1,21672,646.0,0.0,647.0,1417.806,,,,,70669.44918,70669.537051,70669.55639,70669.55639,70669.556405
1789037212.9515,timeline,2,-1,21671,647.0,0.0,648.0,0.102,,,,,70669.560416,70670.608738,70670.867404,70670.867404,70670.867418
1789037212.9823,timeline,1,-1,21670,647.0,0.0,648.0,0.13,,,,,70669.568132,70670.614462,70670.898199,70670.898199,70670.898214
1789037212.9463,timeline,0,-1,21669,647.0,0.0,648.0,0.144,,,,,70669.585341,70670.608705,70670.862217,70670.862217,70670.862229
1789037212.937,timeline,3,-1,21672,647.0,0.0,648.0,935.45,,,,,70670.492132,70670.608965,70670.852906,70670.852906,70670.852921
1789037214.0266,timeline,0,-1,21669,648.0,0.0,649.0,0.12,,,,,70670.862637,70671.921811,70671.942512,70671.942512,70671.942526
1789037214.0267,timeline,2,-1,21671,648.0,0.0,649.0,0.108,,,,,70670.867846,70671.92186,70671.942574,70671.942574,70671.94259
1789037214.0266,timeline,1,-1,21670,648.0,0.0,649.0,0.091,,,,,70670.898684,70671.92181,70671.942546,70671.942546,70671.942563
1789037214.0232,timeline,3,-1,21672,648.0,0.0,649.0,978.566,,,,,70671.831868,70671.919331,70671.939142,70671.939142,70671.939157
1789037215.9445,timeline,1,-1,21670,649.0,0.0,650.0,0.129,,,,,70671.94296,70673.839676,70673.860429,70673.860429,70673.860447
1789037215.9441,timeline,0,-1,21669,649.0,0.0,650.0,0.14,,,,,70671.942963,70673.839393,70673.860032,70673.860032,70673.860046
1789037215.9428,timeline,2,-1,21671,649.0,0.0,650.0,0.111,,,,,70671.942977,70673.83758,70673.858736,70673.858736,70673.858756
1789037215.941,timeline,3,-1,21672,649.0,0.0,650.0,1809.704,,,,,70673.749073,70673.837393,70673.856872,70673.856872,70673.856887
1789037216.7945,timeline,2,-1,21671,650.0,0.0,651.0,0.136,,,,,70673.859228,70674.452067,70674.71044,70674.71044,70674.710451
1789037216.7916,timeline,0,-1,21669,650.0,0.0,651.0,0.14,,,,,70673.860332,70674.451367,70674.707503,70674.707503,70674.707514
1789037216.8042,timeline,1,-1,21670,650.0,0.0,651.0,0.103,,,,,70673.860895,70674.462437,70674.720119,70674.720119,70674.720131
1789037216.7955,timeline,3,-1,21672,650.0,0.0,651.0,506.123,,,,,70674.36324,70674.451535,70674.71145,70674.71145,70674.711462
1789037218.0253,timeline,0,-1,21669,651.0,0.0,652.0,0.11,,,,,70674.70793,70675.894424,70675.941162,70675.941162,70675.941177
1789037218.0007,timeline,2,-1,21671,651.0,0.0,652.0,0.079,,,,,70674.710685,70675.89453,70675.916591,70675.916591,70675.916609
1789037217.9989,timeline,1,-1,21670,651.0,0.0,652.0,0.108,,,,,70674.720516,70675.893794,70675.914848,70675.914848,70675.914862
1789037217.9977,timeline,3,-1,21672,651.0,0.0,652.0,1092.678,,,,,70675.804403,70675.892409,70675.913604,70675.913604,70675.913621
1789037218.4109,timeline,1,-1,21670,652.0,0.0,653.0,0.094,,,,,70675.915236,70676.306277,70676.32677,70676.32677,70676.326784
1789037218.4116,timeline,2,-1,21671,652.0,0.0,653.0,0.118,,,,,70675.916999,70676.307089,70676.327502,70676.327502,70676.327516
1789037218.4115,timeline,0,-1,21669,652.0,0.0,653.0,0.147,,,,,70675.941579,70676.307033,70676.327366,70676.327366,70676.327382
1789037218.411,timeline,3,-1,21672,652.0,0.0,653.0,305.261,,,,,70676.219091,70676.306813,70676.326949,70676.326949,70676.326963
1789037220.5313,timeline,1,-1,21670,653.0,0.0,654.0,0.101,,,,,70676.327115,70678.170191,70678.447248,70678.447248,70678.447261
1789037220.5046,timeline,0,-1,21669,653.0,0.0,654.0,0.126,,,,,70676.327779,70678.169906,70678.420531,70678.420531,70678.420544
1789037220.5083,timeline,2,-1,21671,653.0,0.0,654.0,0.093,,,,,70676.327878,70678.169456,70678.424226,70678.424226,70678.424237
1789037220.5018,timeline,3,-1,21672,653.0,0.0,654.0,1754.823,,,,,70678.081989,70678.169893,70678.41776,70678.41776,70678.417773
1789037220.897,timeline,0,-1,21669,654.0,0.0,655.0,0.129,,,,,70678.420831,70678.792275,70678.812944,70678.812944,70678.812961
1789037220.8974,timeline,2,-1,21671,654.0,0.0,655.0,0.096,,,,,70678.424641,70678.792255,70678.813285,70678.813285,70678.813298
1789037220.9029,timeline,1,-1,21670,654.0,0.0,655.0,0.084,,,,,70678.447636,70678.798159,70678.81881,70678.81881,70678.81883
1789037220.8971,timeline,3,-1,21672,654.0,0.0,655.0,261.243,,,,,70678.679333,70678.79226,70678.813056,70678.813056,70678.813069
1789037223.0871,timeline,0,-1,21669,655.0,0.0,656.0,0.152,,,,,70678.813402,70680.981651,70681.00297,70681.00297,70681.002988
1789037223.0549,timeline,2,-1,21671,655.0,0.0,656.0,0.104,,,,,70678.813767,70680.949283,70680.970813,70680.970813,70680.970829
1789037223.0924,timeline,1,-1,21670,655.0,0.0,656.0,0.128,,,,,70678.819259,70680.949023,70681.008264,70681.008264,70681.008283
1789037223.0573,timeline,3,-1,21672,655.0,0.0,656.0,2047.322,,,,,70680.860702,70680.950167,70680.973171,70680.973171,70680.973186
1789037223.4827,timeline,2,-1,21671,656.0,0.0,657.0,0.113,,,,,70680.971227,70681.151816,70681.398604,70681.398604,70681.398615
1789037223.4845,timeline,0,-1,21669,656.0,0.0,657.0,0.153,,,,,70681.003429,70681.151784,70681.400437,70681.400437,70681.400448
1789037223.4851,timeline,1,-1,21670,656.0,0.0,657.0,0.11,,,,,70681.008717,70681.151443,70681.401005,70681.401005,70681.401019
1789037223.4942,timeline,3,-1,21672,656.0,0.0,657.0,46.065,,,,,70681.019451,70681.152451,70681.410072,70681.410072,70681.410083
1789037225.2145,timeline,2,-1,21671,657.0,0.0,658.0,0.077,,,,,70681.398984,70683.10672,70683.13041,70683.13041,70683.130435
1789037225.2195,timeline,0,-1,21669,657.0,0.0,658.0,0.132,,,,,70681.400841,70683.112986,70683.135388,70683.135388,70683.135404
1789037225.2103,timeline,1,-1,21670,657.0,0.0,658.0,0.118,,,,,70681.401487,70683.104905,70683.126236,70683.126236,70683.126253
1789037225.2117,timeline,3,-1,21672,657.0,0.0,658.0,1604.183,,,,,70683.014514,70683.103984,70683.127636,70683.127636,70683.127657
1789037225.4208,timeline,1,-1,21670,658.0,0.0,659.0,0.105,,,,,70683.126671,70683.316479,70683.336672,70683.336672,70683.336688
1789037225.4014,timeline,2,-1,21671,658.0,0.0,659.0,0.15,,,,,70683.13093,70683.297265,70683.317354,70683.317354,70683.317369
1789037225.4015,timeline,0,-1,21669,658.0,0.0,659.0,0.166,,,,,70683.135864,70683.297247,70683.317412,70683.317412,70683.317426
1789037225.4038,timeline,3,-1,21672,658.0,0.0,659.0,81.621,,,,,70683.209466,70683.297802,70683.319755,70683.319755,70683.31977
1789037227.2419,timeline,2,-1,21671,659.0,0.0,660.0,0.102,,,,,70683.31776,70684.874203,70685.15784,70685.15784,70685.157852
1789037227.289,timeline,0,-1,21669,659.0,0.0,660.0,0.137,,,,,70683.317781,70684.879776,70685.204914,70685.204914,70685.204929
1789037227.2302,timeline,1,-1,21670,659.0,0.0,660.0,0.121,,,,,70683.337094,70684.874885,70685.146095,70685.146095,70685.146106
1789037227.231,timeline,3,-1,21672,659.0,0.0,660.0,1466.238,,,,,70684.786249,70684.874895,70685.146887,70685.146887,70685.146901
1789037227.7167,timeline,1,-1,21670,660.0,0.0,661.0,0.077,,,,,70685.146457,70685.529857,70685.627028,70685.627028,70685.632598
1789037227.7166,timeline,2,-1,21671,660.0,0.0,661.0,0.098,,,,,70685.158222,70685.529578,70685.615364,70685.615364,70685.63257
1789037227.7206,timeline,0,-1,21669,660.0,0.0,661.0,0.151,,,,,70685.205356,70685.529989,70685.615349,70685.615349,70685.636567
1789037227.7167,timeline,3,-1,21672,660.0,0.0,661.0,294.207,,,,,70685.441355,70685.531768,70685.615351,70685.615351,70685.632624
1789037228.9782,timeline,2,-1,21671,661.0,0.0,662.0,0.114,,,,,70685.632862,70686.872958,70686.894111,70686.894111,70686.894129
1789037228.9776,timeline,1,-1,21670,661.0,0.0,662.0,0.116,,,,,70685.632975,70686.872954,70686.893503,70686.893503,70686.893521
1789037228.9779,timeline,0,-1,21669,661.0,0.0,662.0,0.151,,,,,70685.636957,70686.872905,70686.893843,70686.893843,70686.893858
1789037228.9842,timeline,3,-1,21672,661.0,0.0,662.0,1152.016,,,,,70686.784862,70686.877202,70686.900155,70686.900155,70686.900175
1789037230.2423,timeline,1,-1,21670,662.0,0.0,663.0,0.103,,,,,70686.893885,70687.874439,70688.158177,70688.158177,70688.158192
1789037230.2103,timeline,0,-1,21669,662.0,0.0,663.0,0.141,,,,,70686.894301,70687.874687,70688.126252,70688.126252,70688.126264
1789037230.2254,timeline,2,-1,21671,662.0,0.0,663.0,347.636,,,,,70687.241992,70687.874925,70688.141362,70688.141362,70688.141373
1789037230.2084,timeline,3,-1,21672,662.0,0.0,663.0,886.371,,,,,70687.786786,70687.875294,70688.124334,70688.124334,70688.124347
1789037231.3155,timeline,0,-1,21669,663.0,0.0,664.0,0.128,,,,,70688.126661,70689.210531,70689.231445,70689.231445,70689.231464
1789037231.3146,timeline,2,-1,21671,663.0,0.0,664.0,0.086,,,,,70688.141753,70689.209275,70689.230488,70689.230488,70689.23051
1789037231.3125,timeline,1,-1,21670,663.0,0.0,664.0,0.109,,,,,70688.158667,70689.207305,70689.228392,70689.228392,70689.228408
1789037231.3109,timeline,3,-1,21672,663.0,0.0,664.0,994.699,,,,,70689.119264,70689.206893,70689.226843,70689.226843,70689.226858
1789037232.0927,timeline,1,-1,21670,664.0,0.0,665.0,0.1,,,,,70689.228658,70689.983129,70690.008648,70690.008648,70690.008666
1789037232.0877,timeline,0,-1,21669,664.0,0.0,665.0,0.166,,,,,70689.231936,70689.982956,70690.003638,70690.003638,70690.003654
1789037232.0879,timeline,2,-1,21671,664.0,0.0,665.0,651.827,,,,,70689.882579,70689.982978,70690.003771,70690.003771,70690.003786
1789037232.0886,timeline,3,-1,21672,664.0,0.0,665.0,667.77,,,,,70689.895059,70689.983882,70690.004469,70690.004469,70690.004486
1789037233.5573,timeline,0,-1,21669,665.0,0.0,666.0,0.136,,,,,70690.004086,70691.220204,70691.473263,70691.473263,70691.473275
1789037233.5596,timeline,2,-1,21671,665.0,0.0,666.0,0.089,,,,,70690.004184,70691.220228,70691.47555,70691.47555,70691.475561
1789037233.5883,timeline,1,-1,21670,665.0,0.0,666.0,0.128,,,,,70690.009099,70691.220185,70691.504208,70691.504208,70691.504221
1789037233.5541,timeline,3,-1,21672,665.0,0.0,666.0,1126.7,,,,,70691.131609,70691.219812,70691.470057,70691.470057,70691.470069
1789037234.9818,timeline,0,-1,21669,666.0,0.0,667.0,0.14,,,,,70691.47386,70692.878247,70692.897712,70692.897712,70692.897727
1789037234.9836,timeline,1,-1,21670,666.0,0.0,667.0,0.099,,,,,70691.50463,70692.87635,70692.899516,70692.899516,70692.899531
1789037234.981,timeline,3,-1,21672,666.0,0.0,667.0,1060.798,,,,,70692.531095,70692.877641,70692.89688,70692.89688,70692.896895
1789037234.9819,timeline,2,-1,21671,666.0,0.0,667.0,1313.595,,,,,70692.789383,70692.877146,70692.897844,70692.897844,70692.897858
1789037235.627,timeline,0,-1,21669,667.0,0.0,668.0,0.14,,,,,70692.898174,70693.5238,70693.542951,70693.542951,70693.542966
1789037235.628,timeline,2,-1,21671,667.0,0.0,668.0,0.089,,,,,70692.898211,70693.523321,70693.543929,70693.543929,70693.543944
1789037235.629,timeline,1,-1,21670,667.0,0.0,668.0,0.114,,,,,70692.89991,70693.523502,70693.544895,70693.544895,70693.54491
1789037235.6277,timeline,3,-1,21672,667.0,0.0,668.0,538.277,,,,,70693.435431,70693.523174,70693.543613,70693.543613,70693.543629
1789037237.7137,timeline,0,-1,21669,668.0,0.0,669.0,0.138,,,,,70693.543373,70695.375588,70695.629569,70695.629569,70695.62958
1789037237.7471,timeline,1,-1,21670,668.0,0.0,669.0,0.114,,,,,70693.545319,70695.37856,70695.663006,70695.663006,70695.663023
1789037237.7265,timeline,3,-1,21672,668.0,0.0,669.0,1430.877,,,,,70694.974942,70695.376738,70695.642381,70695.642381,70695.642394
1789037237.7383,timeline,2,-1,21671,668.0,0.0,669.0,1745.133,,,,,70695.28931,70695.37564,70695.654229,70695.654229,70695.654241
1789037238.3961,timeline,0,-1,21669,669.0,0.0,670.0,0.111,,,,,70695.629976,70696.292539,70696.311986,70696.311986,70696.312014
1789037238.3987,timeline,2,-1,21671,669.0,0.0,670.0,0.074,,,,,70695.654697,70696.294035,70696.314636,70696.314636,70696.31465
1789037238.3976,timeline,1,-1,21670,669.0,0.0,670.0,0.133,,,,,70695.66356,70696.293786,70696.313558,70696.313558,70696.313571
1789037238.4074,timeline,3,-1,21672,669.0,0.0,670.0,562.855,,,,,70696.205473,70696.294572,70696.323267,70696.323267,70696.323283
1789037240.4801,timeline,0,-1,21669,670.0,0.0,671.0,0.141,,,,,70696.31241,70698.377065,70698.395981,70698.395981,70698.395996
1789037240.4819,timeline,1,-1,21670,670.0,0.0,671.0,0.101,,,,,70696.31395,70698.376246,70698.39776,70698.39776,70698.397776
1789037240.4796,timeline,3,-1,21672,670.0,0.0,671.0,1927.361,,,,,70698.25087,70698.37629,70698.395527,70698.395527,70698.395544
1789037240.489,timeline,2,-1,21671,670.0,0.0,671.0,1971.971,,,,,70698.286841,70698.374326,70698.404911,70698.404911,70698.404926
1789037240.8862,timeline,3,-1,21672,671.0,0.0,672.0,0.095,,,,,70698.395895,70698.549717,70698.80213,70698.80213,70698.802144
1789037240.8817,timeline,0,-1,21669,671.0,0.0,672.0,0.124,,,,,70698.396418,70698.54962,70698.797626,70698.797626,70698.797638
1789037240.8725,timeline,1,-1,21670,671.0,0.0,672.0,0.109,,,,,70698.398193,70698.549331,70698.788454,70698.788454,70698.788465
1789037240.8846,timeline,2,-1,21671,671.0,0.0,672.0,0.093,,,,,70698.405274,70698.548947,70698.800485,70698.800485,70698.800496
1789037243.1413,timeline,1,-1,21670,672.0,0.0,673.0,0.082,,,,,70698.788821,70701.036949,70701.057219,70701.057219,70701.057233
1789037243.1402,timeline,0,-1,21669,672.0,0.0,673.0,0.114,,,,,70698.797995,70701.036939,70701.056127,70701.056127,70701.056142
1789037243.1418,timeline,2,-1,21671,672.0,0.0,673.0,1933.08,,,,,70700.733805,70701.037082,70701.0577,70701.0577,70701.057715
1789037243.1409,timeline,3,-1,21672,672.0,0.0,673.0,2145.594,,,,,70700.948136,70701.037157,70701.056799,70701.056799,70701.056816
1789037243.3122,timeline,0,-1,21669,673.0,0.0,674.0,0.136,,,,,70701.056558,70701.208756,70701.228127,70701.228127,70701.228141
1789037243.3164,timeline,3,-1,21672,673.0,0.0,674.0,0.095,,,,,70701.057197,70701.209607,70701.232358,70701.232358,70701.232373
1789037243.312,timeline,1,-1,21670,673.0,0.0,674.0,0.101,,,,,70701.057625,70701.208647,70701.227867,70701.227867,70701.22788
1789037243.3139,timeline,2,-1,21671,673.0,0.0,674.0,0.096,,,,,70701.058093,70701.209593,70701.229826,70701.229826,70701.229841
1789037245.8206,timeline,1,-1,21670,674.0,0.0,675.0,0.109,,,,,70701.228131,70703.480753,70703.736539,70703.736539,70703.736552
1789037245.8621,timeline,0,-1,21669,674.0,0.0,675.0,0.131,,,,,70701.228422,70703.478229,70703.778015,70703.778015,70703.778027
1789037245.8218,timeline,2,-1,21671,674.0,0.0,675.0,1672.478,,,,,70702.902538,70703.478239,70703.737698,70703.737698,70703.737711
1789037245.8227,timeline,3,-1,21672,674.0,0.0,675.0,2156.392,,,,,70703.389216,70703.478296,70703.738655,70703.738655,70703.73867
1789037245.9993,timeline,1,-1,21670,675.0,0.0,676.0,0.311,,,,,70703.737047,70703.893978,70703.915175,70703.915175,70703.91519
1789037245.9924,timeline,2,-1,21671,675.0,0.0,676.0,0.077,,,,,70703.737938,70703.887461,70703.908341,70703.908341,70703.908355
1789037245.9922,timeline,3,-1,21672,675.0,0.0,676.0,0.099,,,,,70703.738955,70703.88758,70703.908072,70703.908072,70703.908089
1789037245.9916,timeline,0,-1,21669,675.0,0.0,676.0,0.134,,,,,70703.778439,70703.887731,70703.907559,70703.907559,70703.907572
1789037247.7769,timeline,0,-1,21669,676.0,0.0,677.0,0.144,,,,,70703.907941,70705.672494,70705.692782,70705.692782,70705.692797
1789037247.7771,timeline,1,-1,21670,676.0,0.0,677.0,0.113,,,,,70703.915598,70705.673565,70705.693042,70705.693042,70705.693059
1789037247.7768,timeline,2,-1,21671,676.0,0.0,677.0,1469.725,,,,,70705.378298,70705.671766,70705.692707,70705.692707,70705.692726
1789037247.7779,timeline,3,-1,21672,676.0,0.0,677.0,1676.478,,,,,70705.584805,70705.673782,70705.693799,70705.693799,70705.693815
1789037248.1885,timeline,2,-1,21671,677.0,0.0,678.0,0.102,,,,,70705.693123,70705.845209,70706.104412,70706.104412,70706.104425
1789037248.2249,timeline,0,-1,21669,677.0,0.0,678.0,0.148,,,,,70705.693188,70705.845124,70706.140819,70706.140819,70706.140836
1789037248.1726,timeline,1,-1,21670,677.0,0.0,678.0,0.117,,,,,70705.693474,70705.843649,70706.088513,70706.088513,70706.088525
1789037248.1887,timeline,3,-1,21672,677.0,0.0,678.0,0.097,,,,,70705.694176,70705.848646,70706.104656,70706.104656,70706.104669
1789037250.5708,timeline,1,-1,21670,678.0,0.0,679.0,0.12,,,,,70706.089152,70708.467412,70708.486679,70708.486679,70708.486693
1789037250.5714,timeline,0,-1,21669,678.0,0.0,679.0,0.201,,,,,70706.141336,70708.46685,70708.487318,70708.487318,70708.487336
1789037250.5717,timeline,2,-1,21671,678.0,0.0,679.0,1769.384,,,,,70707.874043,70708.466668,70708.487576,70708.487576,70708.487591
1789037250.5698,timeline,3,-1,21672,678.0,0.0,679.0,2273.55,,,,,70708.378483,70708.465979,70708.485689,70708.485689,70708.485706
1789037250.7414,timeline,3,-1,21672,679.0,0.0,680.0,0.086,,,,,70708.485937,70708.638761,70708.657351,70708.657351,70708.657363
1789037250.7413,timeline,1,-1,21670,679.0,0.0,680.0,0.102,,,,,70708.487065,70708.638178,70708.657182,70708.657182,70708.657195
1789037250.7412,timeline,0,-1,21669,679.0,0.0,680.0,0.153,,,,,70708.487786,70708.637575,70708.657165,70708.657165,70708.657177
1789037250.7415,timeline,2,-1,21671,679.0,0.0,680.0,0.101,,,,,70708.48797,70708.637165,70708.657381,70708.657381,70708.657393
1789037253.6282,timeline,0,-1,21669,680.0,0.0,681.0,0.137,,,,,70708.657516,70711.187007,70711.530531,70711.530531,70711.54414
1789037253.6247,timeline,1,-1,21670,680.0,0.0,681.0,0.096,,,,,70708.657545,70711.187738,70711.534818,70711.534818,70711.540586
1789037253.6243,timeline,2,-1,21671,680.0,0.0,681.0,2152.273,,,,,70710.80988,70711.187178,70711.530524,70711.530524,70711.540221
1789037253.6245,timeline,3,-1,21672,680.0,0.0,681.0,2441.036,,,,,70711.098628,70711.189823,70711.530544,70711.530544,70711.540437
1789037253.7376,timeline,2,-1,21671,681.0,0.0,682.0,0.138,,,,,70711.540699,70711.631828,70711.653491,70711.653491,70711.653506
1789037253.7353,timeline,1,-1,21670,681.0,0.0,682.0,0.108,,,,,70711.540971,70711.631536,70711.651187,70711.651187,70711.651199
1789037253.7358,timeline,3,-1,21672,681.0,0.0,682.0,0.179,,,,,70711.540979,70711.632302,70711.651682,70711.651682,70711.651699
1789037253.7375,timeline,0,-1,21669,681.0,0.0,682.0,0.189,,,,,70711.54465,70711.631593,70711.653453,70711.653453,70711.653467
1789037255.6079,timeline,1,-1,21670,682.0,0.0,683.0,0.092,,,,,70711.651521,70713.504527,70713.523814,70713.523814,70713.523831
1789037255.6087,timeline,0,-1,21669,682.0,0.0,683.0,0.136,,,,,70711.653754,70713.504415,70713.524635,70713.524635,70713.52465
1789037255.6089,timeline,2,-1,21671,682.0,0.0,683.0,1395.798,,,,,70713.049525,70713.504259,70713.524843,70713.524843,70713.524858
1789037255.6077,timeline,3,-1,21672,682.0,0.0,683.0,1763.308,,,,,70713.415234,70713.504239,70713.523621,70713.523621,70713.523639
1789037256.0352,timeline,3,-1,21672,683.0,0.0,684.0,0.091,,,,,70713.523988,70713.704807,70713.951089,70713.951089,70713.951104
1789037256.0394,timeline,1,-1,21670,683.0,0.0,684.0,0.138,,,,,70713.524363,70713.710945,70713.955296,70713.955296,70713.955308
1789037256.0736,timeline,0,-1,21669,683.0,0.0,684.0,0.152,,,,,70713.524955,70713.704639,70713.989488,70713.989488,70713.989499
1789037256.0421,timeline,2,-1,21671,683.0,0.0,684.0,0.098,,,,,70713.525102,70713.704644,70713.958032,70713.958032,70713.958043
1789037258.1053,timeline,1,-1,21670,684.0,0.0,685.0,0.083,,,,,70713.955655,70716.001209,70716.021204,70716.021204,70716.021226
1789037258.1048,timeline,0,-1,21669,684.0,0.0,685.0,0.122,,,,,70713.989764,70716.000668,70716.020702,70716.020702,70716.020717
1789037258.1038,timeline,2,-1,21671,684.0,0.0,685.0,1609.464,,,,,70715.567761,70715.998596,70716.019725,70716.019725,70716.019742
1789037258.103,timeline,3,-1,21672,684.0,0.0,685.0,1960.313,,,,,70715.911671,70715.999258,70716.018926,70716.018926,70716.018941
1789037258.2742,timeline,3,-1,21672,685.0,0.0,686.0,0.088,,,,,70716.019287,70716.17097,70716.190068,70716.190068,70716.190082
1789037258.2749,timeline,2,-1,21671,685.0,0.0,686.0,0.097,,,,,70716.020165,70716.170812,70716.190835,70716.190835,70716.190847
1789037258.2746,timeline,0,-1,21669,685.0,0.0,686.0,0.141,,,,,70716.021005,70716.170896,70716.190562,70716.190562,70716.190576
1789037258.277,timeline,1,-1,21670,685.0,0.0,686.0,0.117,,,,,70716.021653,70716.170728,70716.192856,70716.192856,70716.192883
1789037260.5779,timeline,0,-1,21669,686.0,0.0,687.0,0.129,,,,,70716.190861,70718.203326,70718.4938,70718.4938,70718.493811
1789037260.5506,timeline,1,-1,21670,686.0,0.0,687.0,0.161,,,,,70716.193434,70718.203947,70718.466555,70718.466555,70718.466568
1789037260.5439,timeline,2,-1,21671,686.0,0.0,687.0,1571.04,,,,,70717.762099,70718.202681,70718.459825,70718.459825,70718.459841
1789037260.5482,timeline,3,-1,21672,686.0,0.0,687.0,1925.367,,,,,70718.115893,70718.203831,70718.464061,70718.464061,70718.464077
1789037260.6861,timeline,2,-1,21671,687.0,0.0,688.0,0.131,,,,,70718.460155,70718.580705,70718.601972,70718.601972,70718.601986
1789037260.6895,timeline,3,-1,21672,687.0,0.0,688.0,0.091,,,,,70718.464338,70718.583037,70718.605401,70718.605401,70718.60542
1789037260.7169,timeline,1,-1,21670,687.0,0.0,688.0,0.092,,,,,70718.466956,70718.583111,70718.632762,70718.632762,70718.632777
1789037260.6871,timeline,0,-1,21669,687.0,0.0,688.0,0.123,,,,,70718.494201,70718.581049,70718.60303,70718.60303,70718.603043
1789037262.5574,timeline,0,-1,21669,688.0,0.0,689.0,0.124,,,,,70718.603304,70720.453264,70720.473267,70720.473267,70720.473282
1789037262.5678,timeline,1,-1,21670,688.0,0.0,689.0,0.108,,,,,70718.633032,70720.453456,70720.483684,70720.483684,70720.483697
1789037262.5577,timeline,2,-1,21671,688.0,0.0,689.0,1284.687,,,,,70719.886918,70720.452861,70720.473574,70720.473574,70720.473588
1789037262.5573,timeline,3,-1,21672,688.0,0.0,689.0,1759.806,,,,,70720.365668,70720.452812,70720.473219,70720.473219,70720.473234
1789037262.9765,timeline,3,-1,21672,689.0,0.0,690.0,0.092,,,,,70720.473583,70720.626028,70720.892404,70720.892404,70720.89242
1789037262.9957,timeline,0,-1,21669,689.0,0.0,690.0,0.14,,,,,70720.473719,70720.624546,70720.911569,70720.911569,70720.911579
1789037262.9611,timeline,2,-1,21671,689.0,0.0,690.0,0.094,,,,,70720.473931,70720.624971,70720.877018,70720.877018,70720.877029
1789037262.9993,timeline,1,-1,21670,689.0,0.0,690.0,0.106,,,,,70720.484093,70720.625273,70720.915176,70720.915176,70720.915187
1789037265.0944,timeline,0,-1,21669,690.0,0.0,691.0,0.118,,,,,70720.911948,70722.989779,70723.010306,70723.010306,70723.010322
1789037265.0943,timeline,1,-1,21670,690.0,0.0,691.0,0.086,,,,,70720.915536,70722.988995,70723.010175,70723.010175,70723.01019
1789037265.0942,timeline,2,-1,21671,690.0,0.0,691.0,1396.537,,,,,70722.273959,70722.989616,70723.010152,70723.010152,70723.010165
1789037265.0968,timeline,3,-1,21672,690.0,0.0,691.0,2008.359,,,,,70722.901033,70722.990667,70723.012731,70723.012731,70723.012746
1789037265.2848,timeline,2,-1,21671,691.0,0.0,692.0,0.096,,,,,70723.010411,70723.180098,70723.200698,70723.200698,70723.200713
1789037265.2849,timeline,1,-1,21670,691.0,0.0,692.0,0.108,,,,,70723.010614,70723.180145,70723.200796,70723.200796,70723.200812
1789037265.29,timeline,0,-1,21669,691.0,0.0,692.0,0.147,,,,,70723.010618,70723.186038,70723.205887,70723.205887,70723.2059
1789037265.2854,timeline,3,-1,21672,691.0,0.0,692.0,0.099,,,,,70723.013008,70723.180209,70723.201314,70723.201314,70723.20133
1789037267.7797,timeline,1,-1,21670,692.0,0.0,693.0,0.101,,,,,70723.20132,70725.338056,70725.695624,70725.695624,70725.695635
1789037267.7214,timeline,0,-1,21669,692.0,0.0,693.0,0.142,,,,,70723.206292,70725.343924,70725.637285,70725.637285,70725.637296
1789037267.6786,timeline,2,-1,21671,692.0,0.0,693.0,1210.822,,,,,70724.41177,70725.337903,70725.594551,70725.594551,70725.594567
1789037267.6851,timeline,3,-1,21672,692.0,0.0,693.0,2036.313,,,,,70725.237903,70725.338372,70725.601052,70725.601052,70725.601065
1789037267.8871,timeline,2,-1,21671,693.0,0.0,694.0,0.079,,,,,70725.59497,70725.782188,70725.802966,70725.802966,70725.802982
1789037267.8886,timeline,3,-1,21672,693.0,0.0,694.0,0.238,,,,,70725.601475,70725.783775,70725.804533,70725.804533,70725.804549
1789037267.8903,timeline,0,-1,21669,693.0,0.0,694.0,0.148,,,,,70725.63777,70725.783343,70725.806241,70725.806241,70725.806262
1789037267.8871,timeline,1,-1,21670,693.0,0.0,694.0,0.105,,,,,70725.696033,70725.783071,70725.803004,70725.803004,70725.803016
1789037269.1219,timeline,1,-1,21670,694.0,0.0,695.0,0.092,,,,,70725.80334,70727.017392,70727.03782,70727.03782,70727.037841
1789037269.1209,timeline,0,-1,21669,694.0,0.0,695.0,0.166,,,,,70725.806726,70727.016234,70727.036793,70727.036793,70727.03681
1789037269.1215,timeline,2,-1,21671,694.0,0.0,695.0,920.805,,,,,70726.724049,70727.015893,70727.037405,70727.037405,70727.037419
1789037269.123,timeline,3,-1,21672,694.0,0.0,695.0,1123.228,,,,,70726.928021,70727.01756,70727.038954,70727.038954,70727.038972
1789037269.7259,timeline,0,-1,21669,695.0,0.0,696.0,0.151,,,,,70727.037128,70727.250376,70727.641807,70727.641807,70727.64182
1789037269.6183,timeline,2,-1,21671,695.0,0.0,696.0,0.094,,,,,70727.037652,70727.247805,70727.534189,70727.534189,70727.534201
1789037269.597,timeline,1,-1,21670,695.0,0.0,696.0,0.121,,,,,70727.038122,70727.24856,70727.512891,70727.512891,70727.512902
1789037269.6005,timeline,3,-1,21672,695.0,0.0,696.0,121.749,,,,,70727.160938,70727.249627,70727.516437,70727.516437,70727.516451
1789037271.9121,timeline,1,-1,21670,696.0,0.0,697.0,0.22,,,,,70727.513271,70729.806514,70729.828034,70729.828034,70729.828054
1789037271.9123,timeline,0,-1,21669,696.0,0.0,697.0,0.173,,,,,70727.642345,70729.80627,70729.828164,70729.828164,70729.828183
1789037271.9129,timeline,2,-1,21671,696.0,0.0,697.0,1785.583,,,,,70729.320031,70729.806245,70729.828834,70729.828834,70729.828852
1789037271.9173,timeline,3,-1,21672,696.0,0.0,697.0,2179.897,,,,,70729.696814,70729.812386,70729.833201,70729.833201,70729.833215
1789037272.0982,timeline,1,-1,21670,697.0,0.0,698.0,0.136,,,,,70729.828354,70729.993987,70730.014091,70730.014091,70730.014107
1789037272.0934,timeline,0,-1,21669,697.0,0.0,698.0,0.162,,,,,70729.828517,70729.983318,70730.009284,70730.009284,70730.0093
1789037272.0889,timeline,2,-1,21671,697.0,0.0,698.0,0.11,,,,,70729.829294,70729.983338,70730.00482,70730.00482,70730.004838
1789037272.0932,timeline,3,-1,21672,697.0,0.0,698.0,0.111,,,,,70729.833495,70729.985795,70730.009106,70730.009106,70730.009126
1789037274.9518,timeline,0,-1,21669,698.0,0.0,699.0,0.156,,,,,70730.009749,70732.612966,70732.867759,70732.867759,70732.867769
1789037274.952,timeline,1,-1,21670,698.0,0.0,699.0,0.097,,,,,70730.014477,70732.607606,70732.867869,70732.867869,70732.867887
1789037274.9467,timeline,2,-1,21671,698.0,0.0,699.0,1768.095,,,,,70731.773276,70732.60742,70732.862664,70732.862664,70732.862675
1789037274.9511,timeline,3,-1,21672,698.0,0.0,699.0,2258.04,,,,,70732.267598,70732.607743,70732.867045,70732.867045,70732.867061
1789037275.0689,timeline,2,-1,21671,699.0,0.0,700.0,0.081,,,,,70732.863062,70732.956539,70732.98479,70732.98479,70732.984802
1789037275.0623,timeline,3,-1,21672,699.0,0.0,700.0,0.107,,,,,70732.867483,70732.957608,70732.978257,70732.978257,70732.978269
1789037275.0624,timeline,0,-1,21669,699.0,0.0,700.0,0.139,,,,,70732.868281,70732.958221,70732.978355,70732.978355,70732.978367
1789037275.0684,timeline,1,-1,21670,699.0,0.0,700.0,1.84,,,,,70732.870144,70732.96363,70732.984323,70732.984323,70732.984338
1789037276.6954,timeline,0,-1,21669,700.0,0.0,701.0,0.129,,,,,70732.978691,70734.516322,70734.601199,70734.601199,70734.611345
1789037276.691,timeline,1,-1,21670,700.0,0.0,701.0,0.09,,,,,70732.984671,70734.516589,70734.601198,70734.601198,70734.606896
1789037276.6909,timeline,2,-1,21671,700.0,0.0,701.0,963.262,,,,,70733.94828,70734.516212,70734.601183,70734.601183,70734.606858
1789037276.691,timeline,3,-1,21672,700.0,0.0,701.0,1448.887,,,,,70734.427366,70734.516035,70734.601192,70734.601192,70734.606881
1789037277.0434,timeline,3,-1,21672,701.0,0.0,702.0,0.099,,,,,70734.607222,70734.698943,70734.959271,70734.959271,70734.959284
1789037277.0306,timeline,2,-1,21671,701.0,0.0,702.0,0.093,,,,,70734.607227,70734.698216,70734.946552,70734.946552,70734.946565
1789037277.0404,timeline,1,-1,21670,701.0,0.0,702.0,0.108,,,,,70734.607291,70734.69874,70734.956337,70734.956337,70734.956348
1789037277.0709,timeline,0,-1,21669,701.0,0.0,702.0,0.151,,,,,70734.611637,70734.698196,70734.986832,70734.986832,70734.986848
1789037279.1927,timeline,1,-1,21670,702.0,0.0,703.0,0.09,,,,,70734.956704,70737.086889,70737.108602,70737.108602,70737.10862
1789037279.194,timeline,0,-1,21669,702.0,0.0,703.0,0.132,,,,,70734.987258,70737.088595,70737.109896,70737.109896,70737.109923
1789037279.192,timeline,2,-1,21671,702.0,0.0,703.0,1303.049,,,,,70736.249902,70737.087523,70737.107934,70737.107934,70737.107951
1789037279.1931,timeline,3,-1,21672,702.0,0.0,703.0,2038.746,,,,,70736.998289,70737.087094,70737.109014,70737.109014,70737.109032
1789037279.3623,timeline,2,-1,21671,703.0,0.0,704.0,0.108,,,,,70737.108367,70737.25909,70737.278255,70737.278255,70737.27827
1789037279.3741,timeline,1,-1,21670,703.0,0.0,704.0,0.125,,,,,70737.109049,70737.269929,70737.289987,70737.289987,70737.290001
1789037279.3658,timeline,3,-1,21672,703.0,0.0,704.0,0.105,,,,,70737.109405,70737.261038,70737.281695,70737.281695,70737.281711
1789037279.3649,timeline,0,-1,21669,703.0,0.0,704.0,0.185,,,,,70737.11045,70737.260574,70737.28076,70737.28076,70737.280776
1789037281.9175,timeline,0,-1,21669,704.0,0.0,705.0,0.13,,,,,70737.281194,70739.578958,70739.833409,70739.833409,70739.833419
1789037281.9182,timeline,1,-1,21670,704.0,0.0,705.0,0.099,,,,,70737.29034,70739.578468,70739.834163,70739.834163,70739.834176
1789037281.9109,timeline,2,-1,21671,704.0,0.0,705.0,1694.239,,,,,70738.972726,70739.579024,70739.826854,70739.826854,70739.826867
1789037281.9183,timeline,3,-1,21672,704.0,0.0,705.0,2208.918,,,,,70739.490865,70739.579678,70739.83417,70739.83417,70739.834182
1789037282.0493,timeline,2,-1,21671,705.0,0.0,706.0,0.083,,,,,70739.827255,70739.945774,70739.965233,70739.965233,70739.965246
1789037282.0503,timeline,0,-1,21669,705.0,0.0,706.0,0.139,,,,,70739.83386,70739.945839,70739.966176,70739.966176,70739.966188
1789037282.0821,timeline,1,-1,21670,705.0,0.0,706.0,0.086,,,,,70739.834418,70739.977424,70739.998011,70739.998011,70739.998025
1789037282.0508,timeline,3,-1,21672,705.0,0.0,706.0,0.081,,,,,70739.834427,70739.946034,70739.966706,70739.966706,70739.966718
1789037284.0271,timeline,0,-1,21669,706.0,0.0,707.0,0.127,,,,,70739.966457,70741.922805,70741.942994,70741.942994,70741.94301
1789037284.0283,timeline,1,-1,21670,706.0,0.0,707.0,0.097,,,,,70739.998366,70741.923615,70741.944173,70741.944173,70741.94419
1789037284.0343,timeline,2,-1,21671,706.0,0.0,707.0,1333.474,,,,,70741.298934,70741.921787,70741.950168,70741.950168,70741.950186
1789037284.0264,timeline,3,-1,21672,706.0,0.0,707.0,1867.418,,,,,70741.834533,70741.921798,70741.942343,70741.942343,70741.942359
1789037284.4371,timeline,3,-1,21672,707.0,0.0,708.0,0.088,,,,,70741.942831,70742.095737,70742.352994,70742.352994,70742.353009
1789037284.437,timeline,0,-1,21669,707.0,0.0,708.0,0.148,,,,,70741.943444,70742.095081,70742.352919,70742.352919,70742.35293
1789037284.4495,timeline,1,-1,21670,707.0,0.0,708.0,0.112,,,,,70741.944583,70742.094936,70742.365444,70742.365444,70742.365457
1789037284.435,timeline,2,-1,21671,707.0,0.0,708.0,0.1,,,,,70741.950567,70742.093718,70742.350931,70742.350931,70742.350943
1789037286.5604,timeline,0,-1,21669,708.0,0.0,709.0,0.113,,,,,70742.353302,70744.455742,70744.476305,70744.476305,70744.476323
1789037286.5605,timeline,1,-1,21670,708.0,0.0,709.0,0.09,,,,,70742.365683,70744.455595,70744.476424,70744.476424,70744.476438
1789037286.558,timeline,2,-1,21671,708.0,0.0,709.0,1213.415,,,,,70743.564662,70744.453868,70744.473905,70744.473905,70744.473921
1789037286.5596,timeline,3,-1,21672,708.0,0.0,709.0,2012.515,,,,,70744.365903,70744.45448,70744.475486,70744.475486,70744.475501
1789037286.7307,timeline,2,-1,21671,709.0,0.0,710.0,0.088,,,,,70744.474165,70744.626445,70744.64663,70744.64663,70744.646649
1789037286.731,timeline,3,-1,21672,709.0,0.0,710.0,0.099,,,,,70744.475812,70744.627076,70744.646917,70744.646917,70744.646929
1789037286.732,timeline,0,-1,21669,709.0,0.0,710.0,0.142,,,,,70744.476755,70744.628038,70744.647947,70744.647947,70744.647962
1789037286.7334,timeline,1,-1,21670,709.0,0.0,710.0,0.107,,,,,70744.476919,70744.628584,70744.649294,70744.649294,70744.649309
1789037288.8602,timeline,0,-1,21669,710.0,0.0,711.0,0.138,,,,,70744.648362,70746.519952,70746.776085,70746.776085,70746.776097
1789037288.8574,timeline,1,-1,21670,710.0,0.0,711.0,0.113,,,,,70744.649663,70746.519836,70746.77335,70746.77335,70746.773364
1789037288.8956,timeline,2,-1,21671,710.0,0.0,711.0,1193.943,,,,,70745.840816,70746.526395,70746.811533,70746.811533,70746.811551
1789037288.8995,timeline,3,-1,21672,710.0,0.0,711.0,1781.883,,,,,70746.429028,70746.520066,70746.815414,70746.815414,70746.815427
1789037289.0111,timeline,1,-1,21670,711.0,0.0,712.0,0.11,,,,,70746.773823,70746.90283,70746.927056,70746.927056,70746.927068
1789037289.0319,timeline,0,-1,21669,711.0,0.0,712.0,0.134,,,,,70746.77654,70746.928132,70746.947849,70746.947849,70746.947865
1789037289.0101,timeline,2,-1,21671,711.0,0.0,712.0,0.116,,,,,70746.811859,70746.904583,70746.926059,70746.926059,70746.926075
1789037289.0102,timeline,3,-1,21672,711.0,0.0,712.0,0.092,,,,,70746.815783,70746.905503,70746.926112,70746.926112,70746.926125
1789037291.0562,timeline,1,-1,21670,712.0,0.0,713.0,0.093,,,,,70746.927581,70748.950548,70748.972097,70748.972097,70748.972116
1789037291.0594,timeline,0,-1,21669,712.0,0.0,713.0,0.147,,,,,70746.948401,70748.955931,70748.975323,70748.975323,70748.975337
1789037291.0545,timeline,2,-1,21671,712.0,0.0,713.0,1241.755,,,,,70748.168112,70748.950077,70748.97044,70748.97044,70748.970455
1789037291.0586,timeline,3,-1,21672,712.0,0.0,713.0,1907.35,,,,,70748.833877,70748.953708,70748.974557,70748.974557,70748.974574
1789037291.4616,timeline,2,-1,21671,713.0,0.0,714.0,0.09,,,,,70748.97083,70749.12868,70749.377507,70749.377507,70749.377519
1789037291.4989,timeline,1,-1,21670,713.0,0.0,714.0,0.14,,,,,70748.972636,70749.128844,70749.414811,70749.414811,70749.414825
1789037291.4653,timeline,3,-1,21672,713.0,0.0,714.0,0.106,,,,,70748.974926,70749.128924,70749.381183,70749.381183,70749.381199
1789037291.4708,timeline,0,-1,21669,713.0,0.0,714.0,0.135,,,,,70748.975754,70749.129248,70749.386723,70749.386723,70749.386734
1789037293.2407,timeline,0,-1,21669,714.0,0.0,715.0,0.123,,,,,70749.387207,70751.136548,70751.156628,70751.156628,70751.156644
1789037293.2433,timeline,1,-1,21670,714.0,0.0,715.0,0.1,,,,,70749.415239,70751.136178,70751.159254,70751.159254,70751.159268
1789037293.2385,timeline,2,-1,21671,714.0,0.0,715.0,803.721,,,,,70750.181444,70751.133926,70751.154451,70751.154451,70751.154466
1789037293.2403,timeline,3,-1,21672,714.0,0.0,715.0,1665.36,,,,,70751.046822,70751.135419,70751.156186,70751.156186,70751.1562
1789037293.7851,timeline,2,-1,21671,715.0,0.0,716.0,0.09,,,,,70751.154862,70751.680916,70751.700957,70751.700957,70751.700976
1789037293.7851,timeline,0,-1,21669,715.0,0.0,716.0,0.145,,,,,70751.157063,70751.681217,70751.700957,70751.700957,70751.700979
1789037293.7883,timeline,1,-1,21670,715.0,0.0,716.0,0.1,,,,,70751.159649,70751.681471,70751.704174,70751.704174,70751.704189
1789037293.7861,timeline,3,-1,21672,715.0,0.0,716.0,437.289,,,,,70751.593755,70751.681472,70751.702044,70751.702044,70751.702058
1789037295.9386,timeline,0,-1,21669,716.0,0.0,717.0,0.145,,,,,70751.701426,70753.534569,70753.854554,70753.854554,70753.854568
1789037295.9619,timeline,1,-1,21670,716.0,0.0,717.0,0.112,,,,,70751.70458,70753.530919,70753.877854,70753.877854,70753.877866
1789037295.8829,timeline,2,-1,21671,716.0,0.0,717.0,1186.536,,,,,70752.887739,70753.533306,70753.798773,70753.798773,70753.798785
1789037295.8791,timeline,3,-1,21672,716.0,0.0,717.0,1737.405,,,,,70753.439687,70753.534432,70753.795049,70753.795049,70753.795065
1789037296.7668,timeline,2,-1,21671,717.0,0.0,718.0,0.079,,,,,70753.79915,70754.662096,70754.682704,70754.682704,70754.68272
1789037296.7717,timeline,0,-1,21669,717.0,0.0,718.0,0.127,,,,,70753.855078,70754.667993,70754.687631,70754.687631,70754.687653
1789037296.771,timeline,1,-1,21670,717.0,0.0,718.0,0.08,,,,,70753.878233,70754.662871,70754.686901,70754.686901,70754.686922
1789037296.7681,timeline,3,-1,21672,717.0,0.0,718.0,642.068,,,,,70754.43754,70754.662733,70754.683965,70754.683965,70754.683983
1789037298.3582,timeline,1,-1,21670,718.0,0.0,719.0,0.26,,,,,70754.687374,70756.253176,70756.274087,70756.274087,70756.274103
1789037298.3659,timeline,0,-1,21669,718.0,0.0,719.0,0.152,,,,,70754.688335,70756.257148,70756.281816,70756.281816,70756.281835
1789037298.3587,timeline,2,-1,21671,718.0,0.0,719.0,853.455,,,,,70755.53642,70756.254597,70756.27456,70756.27456,70756.274577
1789037298.361,timeline,3,-1,21672,718.0,0.0,719.0,1481.06,,,,,70756.165323,70756.254182,70756.276876,70756.276876,70756.276926
1789037299.4031,timeline,1,-1,21670,719.0,0.0,720.0,0.115,,,,,70756.274552,70757.036768,70757.319016,70757.319016,70757.319029
1789037299.396,timeline,2,-1,21671,719.0,0.0,720.0,0.109,,,,,70756.274848,70757.05689,70757.311911,70757.311911,70757.311921
1789037299.3817,timeline,0,-1,21669,719.0,0.0,720.0,0.156,,,,,70756.282153,70757.039479,70757.297576,70757.297576,70757.297593
1789037299.3747,timeline,3,-1,21672,719.0,0.0,720.0,671.594,,,,,70756.948751,70757.036404,70757.290587,70757.290587,70757.290602
1789037301.2575,timeline,0,-1,21669,720.0,0.0,721.0,0.166,,,,,70757.298088,70759.044112,70759.163105,70759.163105,70759.173393
1789037301.2531,timeline,1,-1,21670,720.0,0.0,721.0,0.085,,,,,70757.319255,70759.053838,70759.137169,70759.137169,70759.169042
1789037301.2531,timeline,2,-1,21671,720.0,0.0,721.0,1083.605,,,,,70758.395752,70759.042317,70759.137159,70759.137159,70759.168986
1789037301.253,timeline,3,-1,21672,720.0,0.0,721.0,1661.358,,,,,70758.952216,70759.042488,70759.137167,70759.137167,70759.168969
1789037302.0489,timeline,1,-1,21670,721.0,0.0,722.0,0.144,,,,,70759.169472,70759.941488,70759.964779,70759.964779,70759.964796
1789037302.046,timeline,2,-1,21671,721.0,0.0,722.0,0.323,,,,,70759.169477,70759.941362,70759.961939,70759.961939,70759.961958
1789037302.0466,timeline,0,-1,21669,721.0,0.0,722.0,0.382,,,,,70759.173952,70759.942251,70759.962508,70759.962508,70759.962532
1789037302.0442,timeline,3,-1,21672,721.0,0.0,722.0,684.845,,,,,70759.854037,70759.940804,70759.960099,70759.960099,70759.960115
1789037303.5886,timeline,0,-1,21669,722.0,0.0,723.0,0.147,,,,,70759.962937,70761.1444,70761.504475,70761.504475,70761.504487
1789037303.4963,timeline,1,-1,21670,722.0,0.0,723.0,0.12,,,,,70759.965212,70761.141608,70761.412221,70761.412221,70761.412236
1789037303.4782,timeline,3,-1,21672,722.0,0.0,723.0,938.317,,,,,70760.89866,70761.141952,70761.39411,70761.39411,70761.394125
1789037303.4766,timeline,2,-1,21671,722.0,0.0,723.0,1090.7,,,,,70761.052881,70761.1397,70761.392475,70761.392475,70761.392486
1789037303.8053,timeline,2,-1,21671,723.0,0.0,724.0,0.094,,,,,70761.392894,70761.700806,70761.721211,70761.721211,70761.721224
1789037303.8053,timeline,1,-1,21670,723.0,0.0,724.0,0.109,,,,,70761.412664,70761.700254,70761.721222,70761.721222,70761.721235
1789037303.8043,timeline,0,-1,21669,723.0,0.0,724.0,0.129,,,,,70761.504896,70761.699646,70761.72021,70761.72021,70761.720224
1789037303.8043,timeline,3,-1,21672,723.0,0.0,724.0,218.225,,,,,70761.612573,70761.700803,70761.720232,70761.720232,70761.720246
1789037305.7867,timeline,0,-1,21669,724.0,0.0,725.0,0.135,,,,,70761.720594,70763.68229,70763.702632,70763.702632,70763.70265
1789037305.7873,timeline,1,-1,21670,724.0,0.0,725.0,0.108,,,,,70761.721603,70763.682393,70763.703252,70763.703252,70763.703273
1789037305.7858,timeline,3,-1,21672,724.0,0.0,725.0,1588.785,,,,,70763.309252,70763.681864,70763.701724,70763.701724,70763.701742
1789037305.7868,timeline,2,-1,21671,724.0,0.0,725.0,1872.794,,,,,70763.594246,70763.681756,70763.702746,70763.702746,70763.70276
1789037306.6284,timeline,0,-1,21669,725.0,0.0,726.0,0.144,,,,,70763.703072,70764.287489,70764.544271,70764.544271,70764.544285
1789037306.642,timeline,2,-1,21671,725.0,0.0,726.0,0.091,,,,,70763.703111,70764.281253,70764.557903,70764.557903,70764.557917
1789037306.6231,timeline,1,-1,21670,725.0,0.0,726.0,0.141,,,,,70763.703941,70764.281757,70764.539006,70764.539006,70764.539017
1789037306.6267,timeline,3,-1,21672,725.0,0.0,726.0,471.622,,,,,70764.173583,70764.281643,70764.542605,70764.542605,70764.54262
1789037308.4063,timeline,1,-1,21670,726.0,0.0,727.0,0.09,,,,,70764.539244,70766.301444,70766.322175,70766.322175,70766.32219
1789037308.3875,timeline,0,-1,21669,726.0,0.0,727.0,0.128,,,,,70764.54468,70766.282106,70766.303372,70766.303372,70766.30339
1789037308.3845,timeline,3,-1,21672,726.0,0.0,727.0,1313.821,,,,,70765.8567,70766.281035,70766.300414,70766.300414,70766.300429
1789037308.385,timeline,2,-1,21671,726.0,0.0,727.0,1634.562,,,,,70766.192716,70766.281053,70766.300902,70766.300902,70766.300916
1789037309.2679,timeline,2,-1,21671,727.0,0.0,728.0,0.09,,,,,70766.301304,70767.160791,70767.183769,70767.183769,70767.183785
1789037309.2663,timeline,0,-1,21669,727.0,0.0,728.0,0.151,,,,,70766.303807,70767.160836,70767.182237,70767.182237,70767.182255
1789037309.2652,timeline,1,-1,21670,727.0,0.0,728.0,0.122,,,,,70766.322598,70767.159932,70767.181077,70767.181077,70767.181092
1789037309.2632,timeline,3,-1,21672,727.0,0.0,728.0,769.037,,,,,70767.069897,70767.159658,70767.179158,70767.179158,70767.179174
1789037310.7948,timeline,1,-1,21670,728.0,0.0,729.0,0.121,,,,,70767.181501,70768.449702,70768.710661,70768.710661,70768.710679
1789037310.8277,timeline,0,-1,21669,728.0,0.0,729.0,0.16,,,,,70767.182687,70768.450392,70768.743578,70768.743578,70768.74359
1789037310.7935,timeline,3,-1,21672,728.0,0.0,729.0,726.871,,,,,70767.906286,70768.450332,70768.70944,70768.70944,70768.709455
1789037310.7836,timeline,2,-1,21671,728.0,0.0,729.0,1177.341,,,,,70768.361353,70768.448116,70768.699475,70768.699475,70768.699488
1789037311.579,timeline,2,-1,21671,729.0,0.0,730.0,0.09,,,,,70768.699908,70769.473511,70769.494934,70769.494934,70769.494948
1789037311.5825,timeline,1,-1,21670,729.0,0.0,730.0,0.105,,,,,70768.711228,70769.476489,70769.498426,70769.498426,70769.498441
1789037311.5793,timeline,0,-1,21669,729.0,0.0,730.0,0.137,,,,,70768.743881,70769.47454,70769.495213,70769.495213,70769.495234
1789037311.5765,timeline,3,-1,21672,729.0,0.0,730.0,674.53,,,,,70769.384317,70769.472419,70769.492376,70769.492376,70769.49239
1789037313.0268,timeline,0,-1,21669,730.0,0.0,731.0,0.177,,,,,70769.495725,70770.921914,70770.942663,70770.942663,70770.942678
1789037313.0292,timeline,1,-1,21670,730.0,0.0,731.0,0.119,,,,,70769.498995,70770.923112,70770.945088,70770.945088,70770.945107
1789037313.0302,timeline,3,-1,21672,730.0,0.0,731.0,682.68,,,,,70770.175294,70770.924211,70770.946075,70770.946075,70770.946093
1789037313.0256,timeline,2,-1,21671,730.0,0.0,731.0,1337.658,,,,,70770.83294,70770.920443,70770.941494,70770.941494,70770.941508
1789037314.5412,timeline,2,-1,21671,731.0,0.0,732.0,0.093,,,,,70770.941783,70772.18523,70772.45714,70772.45714,70772.45715
1789037314.5315,timeline,0,-1,21669,731.0,0.0,732.0,0.146,,,,,70770.943149,70772.18641,70772.447436,70772.447436,70772.447449
1789037314.5471,timeline,1,-1,21670,731.0,0.0,732.0,0.117,,,,,70770.945587,70772.183979,70772.463018,70772.463018,70772.463031
1789037314.5451,timeline,3,-1,21672,731.0,0.0,732.0,1147.481,,,,,70772.093858,70772.188293,70772.460977,70772.460977,70772.460999
1789037315.4701,timeline,0,-1,21669,732.0,0.0,733.0,0.166,,,,,70772.447823,70773.365318,70773.386027,70773.386027,70773.386044
1789037315.4705,timeline,1,-1,21670,732.0,0.0,733.0,0.111,,,,,70772.463328,70773.364529,70773.38643,70773.38643,70773.386447
1789037315.4718,timeline,3,-1,21672,732.0,0.0,733.0,468.284,,,,,70772.929574,70773.367244,70773.387744,70773.387744,70773.38776
1789037315.4687,timeline,2,-1,21671,732.0,0.0,733.0,818.329,,,,,70773.275701,70773.363763,70773.38466,70773.38466,70773.384673
1789037316.8546,timeline,2,-1,21671,733.0,0.0,734.0,0.092,,,,,70773.38502,70774.749453,70774.770478,70774.770478,70774.770492
1789037316.855,timeline,0,-1,21669,733.0,0.0,734.0,0.141,,,,,70773.386445,70774.750432,70774.770923,70774.770923,70774.77094
1789037316.8552,timeline,1,-1,21670,733.0,0.0,734.0,0.117,,,,,70773.386885,70774.749444,70774.771066,70774.771066,70774.771082
1789037316.8594,timeline,3,-1,21672,733.0,0.0,734.0,1272.162,,,,,70774.660169,70774.752044,70774.775356,70774.775356,70774.775374
1789037318.1893,timeline,0,-1,21669,734.0,0.0,735.0,0.146,,,,,70774.771354,70775.849337,70776.105263,70776.105263,70776.105273
1789037318.2567,timeline,1,-1,21670,734.0,0.0,735.0,0.119,,,,,70774.771491,70775.849479,70776.172598,70776.172598,70776.17261
1789037318.1967,timeline,3,-1,21672,734.0,0.0,735.0,720.636,,,,,70775.496256,70775.84983,70776.112576,70776.112576,70776.112595
1789037318.1852,timeline,2,-1,21671,734.0,0.0,735.0,990.459,,,,,70775.761197,70775.848117,70776.101109,70776.101109,70776.10112
1789037319.3708,timeline,2,-1,21671,735.0,0.0,736.0,0.076,,,,,70776.10149,70777.265867,70777.286749,70777.286749,70777.286767
1789037319.3709,timeline,0,-1,21669,735.0,0.0,736.0,0.12,,,,,70776.105656,70777.266568,70777.286853,70777.286853,70777.28687
1789037319.3714,timeline,1,-1,21670,735.0,0.0,736.0,0.097,,,,,70776.172861,70777.266103,70777.287322,70777.287322,70777.287341
1789037319.3701,timeline,3,-1,21672,735.0,0.0,736.0,1064.297,,,,,70777.17715,70777.265141,70777.286002,70777.286002,70777.286017
1789037320.6759,timeline,0,-1,21669,736.0,0.0,737.0,0.152,,,,,70777.287281,70778.571686,70778.591793,70778.591793,70778.591809
1789037320.6767,timeline,1,-1,21670,736.0,0.0,737.0,0.153,,,,,70777.287855,70778.571521,70778.592631,70778.592631,70778.592648
1789037320.6759,timeline,3,-1,21672,736.0,0.0,737.0,928.157,,,,,70778.21443,70778.570477,70778.591835,70778.591835,70778.591853
1789037320.6757,timeline,2,-1,21671,736.0,0.0,737.0,1195.8,,,,,70778.482786,70778.570835,70778.591583,70778.591583,70778.591597
1789037321.7468,timeline,2,-1,21671,737.0,0.0,738.0,0.092,,,,,70778.591943,70779.410702,70779.662714,70779.662714,70779.662725
1789037321.7553,timeline,0,-1,21669,737.0,0.0,738.0,0.164,,,,,70778.59212,70779.411224,70779.671172,70779.671172,70779.671185
1789037321.7898,timeline,1,-1,21670,737.0,0.0,738.0,0.111,,,,,70778.593021,70779.410862,70779.705699,70779.705699,70779.705711
1789037321.754,timeline,3,-1,21672,737.0,0.0,738.0,728.571,,,,,70779.320685,70779.411415,70779.669886,70779.669886,70779.669899
1789037322.9281,timeline,0,-1,21669,738.0,0.0,739.0,0.136,,,,,70779.671636,70780.822818,70780.843968,70780.843968,70780.843984
1789037322.9277,timeline,1,-1,21670,738.0,0.0,739.0,0.085,,,,,70779.706059,70780.822509,70780.8436,70780.8436,70780.843614
1789037322.9284,timeline,3,-1,21672,738.0,0.0,739.0,796.333,,,,,70780.466613,70780.823238,70780.844275,70780.844275,70780.844294
1789037322.9271,timeline,2,-1,21671,738.0,0.0,739.0,1070.696,,,,,70780.733652,70780.821201,70780.843044,70780.843044,70780.843059
1789037323.783,timeline,2,-1,21671,739.0,0.0,740.0,0.097,,,,,70780.843326,70781.675812,70781.698906,70781.698906,70781.698922
1789037323.7791,timeline,1,-1,21670,739.0,0.0,740.0,0.114,,,,,70780.84406,70781.674243,70781.695055,70781.695055,70781.695069
1789037323.7837,timeline,0,-1,21669,739.0,0.0,740.0,0.143,,,,,70780.844418,70781.677209,70781.699585,70781.699585,70781.699601
1789037323.7809,timeline,3,-1,21672,739.0,0.0,740.0,743.171,,,,,70781.587706,70781.675891,70781.696774,70781.696774,70781.696789
1789037325.7817,timeline,1,-1,21670,740.0,0.0,741.0,0.114,,,,,70781.69533,70783.375225,70783.686813,70783.686813,70783.697637
1789037325.7858,timeline,0,-1,21669,740.0,0.0,741.0,0.152,,,,,70781.700073,70783.375062,70783.690831,70783.690831,70783.701684
1789037325.7818,timeline,3,-1,21672,740.0,0.0,741.0,1425.756,,,,,70783.122791,70783.374245,70783.692156,70783.692156,70783.697695
1789037325.7818,timeline,2,-1,21671,740.0,0.0,741.0,1586.892,,,,,70783.286067,70783.374742,70783.689233,70783.689233,70783.697681
1789037326.6034,timeline,1,-1,21670,741.0,0.0,742.0,0.105,,,,,70783.697878,70784.498061,70784.519287,70784.519287,70784.519305
1789037326.604,timeline,2,-1,21671,741.0,0.0,742.0,0.104,,,,,70783.69794,70784.499212,70784.519933,70784.519933,70784.519951
1789037326.6051,timeline,0,-1,21669,741.0,0.0,742.0,0.143,,,,,70783.702091,70784.500527,70784.52098,70784.52098,70784.520993
1789037326.6038,timeline,3,-1,21672,741.0,0.0,742.0,712.55,,,,,70784.410507,70784.499074,70784.519727,70784.519727,70784.519745
1789037327.8929,timeline,1,-1,21670,742.0,0.0,743.0,0.113,,,,,70784.519701,70785.787392,70785.808806,70785.808806,70785.808822
1789037327.8921,timeline,0,-1,21669,742.0,0.0,743.0,0.134,,,,,70784.521396,70785.787312,70785.808,70785.808,70785.808028
1789037327.8916,timeline,3,-1,21672,742.0,0.0,743.0,722.079,,,,,70785.242056,70785.787182,70785.807462,70785.807462,70785.807482
1789037327.8906,timeline,2,-1,21671,742.0,0.0,743.0,1178.385,,,,,70785.698598,70785.785545,70785.80648,70785.80648,70785.806494
1789037328.5831,timeline,2,-1,21671,743.0,0.0,744.0,0.093,,,,,70785.80686,70786.237646,70786.498964,70786.498964,70786.498977
1789037328.6168,timeline,0,-1,21669,743.0,0.0,744.0,0.135,,,,,70785.808438,70786.238742,70786.532751,70786.532751,70786.532765
1789037328.6257,timeline,1,-1,21670,743.0,0.0,744.0,0.114,,,,,70785.809215,70786.249964,70786.541603,70786.541603,70786.541618
1789037328.5909,timeline,3,-1,21672,743.0,0.0,744.0,341.504,,,,,70786.149377,70786.237901,70786.50677,70786.50677,70786.506782
1789037330.3451,timeline,0,-1,21669,744.0,0.0,745.0,0.127,,,,,70786.533212,70788.241317,70788.260955,70788.260955,70788.260974
1789037330.3474,timeline,1,-1,21670,744.0,0.0,745.0,0.1,,,,,70786.54203,70788.241115,70788.263344,70788.263344,70788.26336
1789037330.347,timeline,3,-1,21672,744.0,0.0,745.0,1000.257,,,,,70787.507275,70788.242198,70788.262895,70788.262895,70788.262911
1789037330.3445,timeline,2,-1,21671,744.0,0.0,745.0,1651.977,,,,,70788.151318,70788.239181,70788.260424,70788.260424,70788.26044
1789037331.2552,timeline,2,-1,21671,745.0,0.0,746.0,0.098,,,,,70788.260694,70789.150195,70789.171103,70789.171103,70789.171124
1789037331.2556,timeline,0,-1,21669,745.0,0.0,746.0,0.144,,,,,70788.261285,70789.152029,70789.171496,70789.171496,70789.171512
1789037331.2573,timeline,1,-1,21670,745.0,0.0,746.0,0.101,,,,,70788.263779,70789.152192,70789.173207,70789.173207,70789.173229
1789037331.2569,timeline,3,-1,21672,745.0,0.0,746.0,799.772,,,,,70789.062942,70789.151749,70789.17277,70789.17277,70789.172787
1789037332.7886,timeline,0,-1,21669,746.0,0.0,747.0,0.148,,,,,70789.171958,70790.402505,70790.704537,70790.704537,70790.704554
1789037332.7514,timeline,1,-1,21670,746.0,0.0,747.0,0.133,,,,,70789.173723,70790.399896,70790.667291,70790.667291,70790.667303
1789037332.7394,timeline,3,-1,21672,746.0,0.0,747.0,587.595,,,,,70789.760711,70790.400359,70790.655269,70790.655269,70790.65528
1789037332.7345,timeline,2,-1,21671,746.0,0.0,747.0,1141.137,,,,,70790.312495,70790.400711,70790.650415,70790.650415,70790.650427
1789037333.9499,timeline,2,-1,21671,747.0,0.0,748.0,0.078,,,,,70790.650804,70791.84413,70791.865803,70791.865803,70791.865819
1789037333.9557,timeline,1,-1,21670,747.0,0.0,748.0,0.091,,,,,70790.667554,70791.849712,70791.87163,70791.87163,70791.871643
1789037333.9492,timeline,0,-1,21669,747.0,0.0,748.0,0.159,,,,,70790.70513,70791.844116,70791.865148,70791.865148,70791.865164
1789037333.9537,timeline,3,-1,21672,747.0,0.0,748.0,847.812,,,,,70791.503324,70791.844671,70791.869596,70791.869596,70791.869611
1789037334.8912,timeline,0,-1,21669,748.0,0.0,749.0,0.147,,,,,70791.865629,70792.787433,70792.807123,70792.807123,70792.807139
1789037334.8929,timeline,1,-1,21670,748.0,0.0,749.0,0.1,,,,,70791.8721,70792.786049,70792.808856,70792.808856,70792.808871
1789037334.8938,timeline,3,-1,21672,748.0,0.0,749.0,106.937,,,,,70791.976752,70792.78826,70792.809722,70792.809722,70792.809741
1789037334.8913,timeline,2,-1,21671,748.0,0.0,749.0,832.77,,,,,70792.698837,70792.786193,70792.807196,70792.807196,70792.80721
1789037336.5287,timeline,2,-1,21671,749.0,0.0,750.0,0.092,,,,,70792.807562,70794.180389,70794.44462,70794.44462,70794.444634
1789037336.5283,timeline,0,-1,21669,749.0,0.0,750.0,0.15,,,,,70792.807566,70794.182735,70794.44426,70794.44426,70794.444274
1789037336.5236,timeline,1,-1,21670,749.0,0.0,750.0,0.121,,,,,70792.80928,70794.181536,70794.439478,70794.439478,70794.439491
1789037336.5548,timeline,3,-1,21672,749.0,0.0,750.0,1280.464,,,,,70794.090457,70794.1796,70794.47076,70794.47076,70794.470772
1789037337.465,timeline,1,-1,21670,750.0,0.0,751.0,0.084,,,,,70794.439874,70795.358096,70795.380885,70795.380885,70795.380904
1789037337.4636,timeline,0,-1,21669,750.0,0.0,751.0,0.148,,,,,70794.444609,70795.358187,70795.37951,70795.37951,70795.379532
1789037337.4685,timeline,3,-1,21672,750.0,0.0,751.0,0.097,,,,,70794.471165,70795.363484,70795.384433,70795.384433,70795.38445
1789037337.4644,timeline,2,-1,21671,750.0,0.0,751.0,560.518,,,,,70795.005368,70795.358211,70795.380305,70795.380305,70795.38032
1789037338.6115,timeline,0,-1,21669,751.0,0.0,752.0,0.233,,,,,70795.380399,70796.479397,70796.527446,70796.527446,70796.527462
1789037338.5848,timeline,2,-1,21671,751.0,0.0,752.0,0.102,,,,,70795.380718,70796.479419,70796.500678,70796.500678,70796.500695
1789037338.5842,timeline,1,-1,21670,751.0,0.0,752.0,0.116,,,,,70795.381303,70796.478615,70796.50011,70796.50011,70796.500127
1789037338.5822,timeline,3,-1,21672,751.0,0.0,752.0,1005.45,,,,,70796.390136,70796.477177,70796.49813,70796.49813,70796.498145
1789037339.4649,timeline,1,-1,21670,752.0,0.0,753.0,0.111,,,,,70796.500536,70797.127581,70797.38082,70797.38082,70797.380832
1789037339.4698,timeline,0,-1,21669,752.0,0.0,753.0,0.158,,,,,70796.527885,70797.127188,70797.385698,70797.385698,70797.38571
1789037339.4762,timeline,3,-1,21672,752.0,0.0,753.0,292.954,,,,,70796.791313,70797.127414,70797.39206,70797.39206,70797.392075
1789037339.4799,timeline,2,-1,21671,752.0,0.0,753.0,520.396,,,,,70797.021481,70797.133293,70797.395811,70797.395811,70797.395823
1789037340.7195,timeline,1,-1,21670,753.0,0.0,754.0,0.222,,,,,70797.381207,70798.614211,70798.63546,70798.63546,70798.635474
1789037340.7187,timeline,0,-1,21669,753.0,0.0,754.0,0.138,,,,,70797.386135,70798.614355,70798.634645,70798.634645,70798.634659
1789037340.7191,timeline,2,-1,21671,753.0,0.0,754.0,0.079,,,,,70797.396199,70798.614317,70798.635,70798.635,70798.635014
1789037340.7222,timeline,3,-1,21672,753.0,0.0,754.0,1132.817,,,,,70798.525155,70798.613246,70798.638078,70798.638078,70798.638097
1789037342.1309,timeline,0,-1,21669,754.0,0.0,755.0,0.144,,,,,70798.635082,70800.026,70800.04684,70800.04684,70800.046855
1789037342.1294,timeline,1,-1,21670,754.0,0.0,755.0,0.104,,,,,70798.635854,70800.023907,70800.04534,70800.04534,70800.045358
1789037342.1305,timeline,3,-1,21672,754.0,0.0,755.0,878.551,,,,,70799.516882,70800.025859,70800.046388,70800.046388,70800.046406
1789037342.1304,timeline,2,-1,21671,754.0,0.0,755.0,1301.711,,,,,70799.936943,70800.025196,70800.046348,70800.046348,70800.046363
1789037343.1997,timeline,1,-1,21670,755.0,0.0,756.0,0.115,,,,,70800.045762,70800.861542,70801.115587,70801.115587,70801.115599
1789037343.1926,timeline,2,-1,21671,755.0,0.0,756.0,0.094,,,,,70800.046752,70800.860065,70801.108541,70801.108541,70801.108555
1789037343.1952,timeline,0,-1,21669,755.0,0.0,756.0,0.142,,,,,70800.047369,70800.861457,70801.111157,70801.111157,70801.111169
1789037343.2034,timeline,3,-1,21672,755.0,0.0,756.0,725.903,,,,,70800.772576,70800.862266,70801.119288,70801.119288,70801.119304
1789037345.111,timeline,0,-1,21669,756.0,0.0,757.0,0.128,,,,,70801.111445,70803.004927,70803.02693,70803.02693,70803.026951
1789037345.1106,timeline,1,-1,21670,756.0,0.0,757.0,0.115,,,,,70801.115887,70803.005,70803.026465,70803.026465,70803.026483
1789037345.1143,timeline,3,-1,21672,756.0,0.0,757.0,813.121,,,,,70801.932681,70803.005628,70803.030229,70803.030229,70803.030244
1789037345.115,timeline,2,-1,21671,756.0,0.0,757.0,1412.311,,,,,70802.521126,70803.010247,70803.030875,70803.030875,70803.03089
1789037345.3226,timeline,1,-1,21670,757.0,0.0,758.0,0.115,,,,,70803.02689,70803.217052,70803.238473,70803.238473,70803.238488
1789037345.3204,timeline,0,-1,21669,757.0,0.0,758.0,0.153,,,,,70803.027396,70803.216398,70803.236283,70803.236283,70803.236297
1789037345.3202,timeline,2,-1,21671,757.0,0.0,758.0,0.091,,,,,70803.031251,70803.215831,70803.236133,70803.236133,70803.236148
1789037345.3207,timeline,3,-1,21672,757.0,0.0,758.0,98.748,,,,,70803.129209,70803.217047,70803.236655,70803.236655,70803.236668
1789037347.0227,timeline,0,-1,21669,758.0,0.0,759.0,0.137,,,,,70803.236575,70804.653674,70804.938592,70804.938592,70804.938605
1789037346.9809,timeline,1,-1,21670,758.0,0.0,759.0,0.11,,,,,70803.238874,70804.653124,70804.896804,70804.896804,70804.896815
1789037347.0037,timeline,3,-1,21672,758.0,0.0,759.0,813.919,,,,,70804.050818,70804.657095,70804.919628,70804.919628,70804.91964
1789037347.0218,timeline,2,-1,21671,758.0,0.0,759.0,1329.332,,,,,70804.565714,70804.652571,70804.937745,70804.937745,70804.937758
1789037347.9673,timeline,1,-1,21670,759.0,0.0,760.0,0.082,,,,,70804.897241,70805.862199,70805.883225,70805.883225,70805.883242
1789037347.9613,timeline,2,-1,21671,759.0,0.0,760.0,0.087,,,,,70804.938144,70805.856124,70805.877223,70805.877223,70805.877239
1789037347.961,timeline,0,-1,21669,759.0,0.0,760.0,0.133,,,,,70804.939008,70805.856102,70805.876888,70805.876888,70805.876905
1789037347.9614,timeline,3,-1,21672,759.0,0.0,760.0,821.88,,,,,70805.741746,70805.856435,70805.877313,70805.877313,70805.877327
1789037349.571,timeline,0,-1,21669,760.0,0.0,761.0,0.146,,,,,70805.877344,70807.371684,70807.476991,70807.476991,70807.486914
1789037349.5671,timeline,1,-1,21670,760.0,0.0,761.0,0.107,,,,,70805.883633,70807.393438,70807.476996,70807.476996,70807.48304
1789037349.5672,timeline,3,-1,21672,760.0,0.0,761.0,957.797,,,,,70806.835389,70807.370419,70807.47699,70807.47699,70807.483127
1789037349.567,timeline,2,-1,21671,760.0,0.0,761.0,1402.705,,,,,70807.2802,70807.369405,70807.476986,70807.476986,70807.482965
1789037350.758,timeline,2,-1,21671,761.0,0.0,762.0,0.095,,,,,70807.483362,70808.417113,70808.673948,70808.673948,70808.673963
1789037350.7508,timeline,1,-1,21670,761.0,0.0,762.0,0.099,,,,,70807.483401,70808.417891,70808.666748,70808.666748,70808.66676
1789037350.7586,timeline,0,-1,21669,761.0,0.0,762.0,0.161,,,,,70807.487342,70808.417348,70808.674502,70808.674502,70808.674514
1789037350.7566,timeline,3,-1,21672,761.0,0.0,762.0,846.707,,,,,70808.330059,70808.419069,70808.672519,70808.672519,70808.672533
1789037352.0994,timeline,1,-1,21670,762.0,0.0,763.0,0.088,,,,,70808.66713,70809.994141,70810.015348,70810.015348,70810.015363
1789037352.0992,timeline,0,-1,21669,762.0,0.0,763.0,0.142,,,,,70808.674968,70809.994698,70810.015143,70810.015143,70810.015161
1789037352.1017,timeline,3,-1,21672,762.0,0.0,763.0,218.636,,,,,70808.891378,70809.995214,70810.017592,70810.017592,70810.017608
1789037352.0976,timeline,2,-1,21671,762.0,0.0,763.0,1231.293,,,,,70809.905503,70809.992505,70810.013485,70810.013485,70810.013499
1789037352.7805,timeline,2,-1,21671,763.0,0.0,764.0,0.091,,,,,70810.013874,70810.649565,70810.696408,70810.696408,70810.696427
1789037352.7532,timeline,0,-1,21669,763.0,0.0,764.0,0.172,,,,,70810.015642,70810.648988,70810.669138,70810.669138,70810.669155
1789037352.7538,timeline,1,-1,21670,763.0,0.0,764.0,0.11,,,,,70810.015886,70810.648885,70810.669728,70810.669728,70810.669741
1789037352.7558,timeline,3,-1,21672,763.0,0.0,764.0,542.617,,,,,70810.560485,70810.649664,70810.671746,70810.671746,70810.671762
1789037354.1298,timeline,0,-1,21669,764.0,0.0,765.0,0.158,,,,,70810.669605,70811.760249,70812.045679,70812.045679,70812.045691
1789037354.0887,timeline,1,-1,21670,764.0,0.0,765.0,0.099,,,,,70810.670107,70811.756275,70812.00458,70812.00458,70812.004594
1789037354.0962,timeline,3,-1,21672,764.0,0.0,765.0,0.093,,,,,70810.672419,70811.76018,70812.012085,70812.012085,70812.012097
1789037354.1004,timeline,2,-1,21671,764.0,0.0,765.0,971.272,,,,,70811.667928,70811.757516,70812.016354,70812.016354,70812.016367
1789037355.451,timeline,1,-1,21670,765.0,0.0,766.0,0.097,,,,,70812.00502,70813.345581,70813.366877,70813.366877,70813.366892
1789037355.4512,timeline,2,-1,21671,765.0,0.0,766.0,0.226,,,,,70812.016852,70813.346103,70813.367095,70813.367095,70813.36711
1789037355.4509,timeline,0,-1,21669,765.0,0.0,766.0,0.137,,,,,70812.045991,70813.345795,70813.366831,70813.366831,70813.366848
1789037355.4489,timeline,3,-1,21672,765.0,0.0,766.0,1244.03,,,,,70813.25644,70813.343782,70813.364847,70813.364847,70813.364861
1789037356.4052,timeline,3,-1,21672,766.0,0.0,767.0,0.094,,,,,70813.365226,70814.300299,70814.321133,70814.321133,70814.321147
1789037356.4036,timeline,1,-1,21670,766.0,0.0,767.0,0.107,,,,,70813.367288,70814.298774,70814.319491,70814.319491,70814.319517
1789037356.4084,timeline,0,-1,21669,766.0,0.0,767.0,0.146,,,,,70813.367289,70814.302365,70814.324282,70814.324282,70814.324307
1789037356.4067,timeline,2,-1,21671,766.0,0.0,767.0,843.436,,,,,70814.210797,70814.299546,70814.322623,70814.322623,70814.32264
1789037357.8308,timeline,1,-1,21670,767.0,0.0,768.0,0.111,,,,,70814.319932,70815.483668,70815.74673,70815.74673,70815.746745
1789037357.8285,timeline,2,-1,21671,767.0,0.0,768.0,0.106,,,,,70814.32305,70815.485163,70815.744424,70815.744424,70815.744438
1789037357.8874,timeline,0,-1,21669,767.0,0.0,768.0,0.189,,,,,70814.324829,70815.485643,70815.803303,70815.803303,70815.803314
1789037357.8299,timeline,3,-1,21672,767.0,0.0,768.0,1073.252,,,,,70815.394645,70815.483209,70815.745827,70815.745827,70815.745838
1789037358.2754,timeline,3,-1,21672,768.0,0.0,769.0,0.319,,,,,70815.746329,70816.170695,70816.191292,70816.191292,70816.191307
1789037358.2745,timeline,1,-1,21670,768.0,0.0,769.0,0.1,,,,,70815.747004,70816.17101,70816.190435,70816.190435,70816.190449
1789037358.2752,timeline,0,-1,21669,768.0,0.0,769.0,0.14,,,,,70815.803774,70816.170854,70816.191088,70816.191088,70816.191101
1789037358.2766,timeline,2,-1,21671,768.0,0.0,769.0,338.48,,,,,70816.083121,70816.171274,70816.192488,70816.192488,70816.1925
1789037359.6127,timeline,1,-1,21670,769.0,0.0,770.0,0.091,,,,,70816.190673,70817.509267,70817.528644,70817.528644,70817.528658
1789037359.62,timeline,0,-1,21669,769.0,0.0,770.0,0.134,,,,,70816.191458,70817.515318,70817.535944,70817.535944,70817.535961
1789037359.6145,timeline,2,-1,21671,769.0,0.0,770.0,0.088,,,,,70816.192846,70817.509424,70817.530422,70817.530422,70817.530443
1789037359.6166,timeline,3,-1,21672,769.0,0.0,770.0,1227.883,,,,,70817.419472,70817.509416,70817.532546,70817.532546,70817.53256
1789037361.2735,timeline,1,-1,21670,770.0,0.0,771.0,0.098,,,,,70817.528995,70818.924814,70819.189464,70819.189464,70819.189475
1789037361.2912,timeline,0,-1,21669,770.0,0.0,771.0,0.166,,,,,70817.536447,70818.915198,70819.207164,70819.207164,70819.207174
1789037361.265,timeline,3,-1,21672,770.0,0.0,771.0,80.836,,,,,70817.61357,70818.916886,70819.180883,70819.180883,70819.180903
1789037361.2809,timeline,2,-1,21671,770.0,0.0,771.0,1295.012,,,,,70818.825967,70818.935472,70819.196781,70819.196781,70819.196793
1789037362.7287,timeline,1,-1,21670,771.0,0.0,772.0,0.084,,,,,70819.189835,70820.623084,70820.644582,70820.644582,70820.644598
1789037362.7337,timeline,2,-1,21671,771.0,0.0,772.0,0.102,,,,,70819.197078,70820.629046,70820.649575,70820.649575,70820.649592
1789037362.7283,timeline,0,-1,21669,771.0,0.0,772.0,0.132,,,,,70819.20757,70820.623216,70820.644239,70820.644239,70820.644255
1789037362.7287,timeline,3,-1,21672,771.0,0.0,772.0,1334.27,,,,,70820.515442,70820.623316,70820.644635,70820.644635,70820.644653
1789037363.6428,timeline,0,-1,21669,772.0,0.0,773.0,0.145,,,,,70820.644708,70821.537659,70821.558751,70821.558751,70821.558768
1789037363.642,timeline,1,-1,21670,772.0,0.0,773.0,0.1,,,,,70820.644974,70821.53716,70821.557942,70821.557942,70821.557957
1789037363.6434,timeline,3,-1,21672,772.0,0.0,773.0,0.097,,,,,70820.645041,70821.537416,70821.559274,70821.559274,70821.559298
1789037363.6428,timeline,2,-1,21671,772.0,0.0,773.0,799.269,,,,,70821.449113,70821.537157,70821.558721,70821.558721,70821.558739
1789037365.5482,timeline,1,-1,21670,773.0,0.0,774.0,0.109,,,,,70821.558351,70823.205523,70823.464059,70823.464059,70823.464074
1789037365.5502,timeline,2,-1,21671,773.0,0.0,774.0,0.103,,,,,70821.559152,70823.20559,70823.466114,70823.466114,70823.466125
1789037365.5482,timeline,0,-1,21669,773.0,0.0,774.0,0.161,,,,,70821.559197,70823.208207,70823.464151,70823.464151,70823.464163
1789037365.5401,timeline,3,-1,21672,773.0,0.0,774.0,1556.348,,,,,70823.115902,70823.205251,70823.45599,70823.45599,70823.456017
1789037366.2605,timeline,3,-1,21672,774.0,0.0,775.0,0.081,,,,,70823.456262,70824.155757,70824.176423,70824.176423,70824.176443
1789037366.2599,timeline,0,-1,21669,774.0,0.0,775.0,0.129,,,,,70823.464455,70824.155367,70824.175812,70824.175812,70824.175826
1789037366.2614,timeline,1,-1,21670,774.0,0.0,775.0,0.109,,,,,70823.464564,70824.156338,70824.177328,70824.177328,70824.177348
1789037366.259,timeline,2,-1,21671,774.0,0.0,775.0,600.479,,,,,70824.066896,70824.153553,70824.174876,70824.174876,70824.17489
1789037367.4076,timeline,2,-1,21671,775.0,0.0,776.0,0.091,,,,,70824.17525,70825.303102,70825.323527,70825.323527,70825.323542
1789037367.4063,timeline,0,-1,21669,775.0,0.0,776.0,0.152,,,,,70824.176217,70825.301754,70825.322202,70825.322202,70825.32222
1789037367.4054,timeline,1,-1,21670,775.0,0.0,776.0,0.124,,,,,70824.177795,70825.300151,70825.321278,70825.321278,70825.321293
1789037367.4058,timeline,3,-1,21672,775.0,0.0,776.0,1036.501,,,,,70825.213174,70825.300924,70825.321719,70825.321719,70825.321733
1789037369.1195,timeline,1,-1,21670,776.0,0.0,777.0,0.105,,,,,70825.321658,70826.770078,70827.03539,70827.03539,70827.035402
1789037369.1376,timeline,3,-1,21672,776.0,0.0,777.0,0.089,,,,,70825.32208,70826.753861,70827.053563,70827.053563,70827.053575
1789037369.0933,timeline,0,-1,21669,776.0,0.0,777.0,0.145,,,,,70825.32263,70826.74766,70827.009254,70827.009254,70827.009265
1789037369.0931,timeline,2,-1,21671,776.0,0.0,777.0,1334.728,,,,,70826.658542,70826.747302,70827.008992,70827.008992,70827.009006
1789037369.2486,timeline,2,-1,21671,777.0,0.0,778.0,0.085,,,,,70827.009424,70827.142809,70827.164479,70827.164479,70827.164495
1789037369.2482,timeline,0,-1,21669,777.0,0.0,778.0,0.126,,,,,70827.00966,70827.142632,70827.16409,70827.16409,70827.164105
1789037369.2455,timeline,1,-1,21670,777.0,0.0,778.0,0.089,,,,,70827.035654,70827.140472,70827.161378,70827.161378,70827.161392
1789037369.2474,timeline,3,-1,21672,777.0,0.0,778.0,0.121,,,,,70827.054006,70827.142968,70827.163341,70827.163341,70827.163357
1789037370.841,timeline,1,-1,21670,778.0,0.0,779.0,0.109,,,,,70827.16175,70828.735798,70828.756927,70828.756927,70828.756943
1789037370.8412,timeline,3,-1,21672,778.0,0.0,779.0,0.096,,,,,70827.163749,70828.734961,70828.757152,70828.757152,70828.757168
1789037370.8413,timeline,0,-1,21669,778.0,0.0,779.0,0.14,,,,,70827.164497,70828.73547,70828.757174,70828.757174,70828.757191
1789037370.8408,timeline,2,-1,21671,778.0,0.0,779.0,1479.841,,,,,70828.644755,70828.733383,70828.756661,70828.756661,70828.756686
1789037372.0656,timeline,2,-1,21671,779.0,0.0,780.0,0.13,,,,,70828.75714,70829.711871,70829.981559,70829.981559,70829.981571
1789037372.0557,timeline,1,-1,21670,779.0,0.0,780.0,0.107,,,,,70828.757324,70829.711561,70829.971656,70829.971656,70829.971667
1789037372.0545,timeline,0,-1,21669,779.0,0.0,780.0,0.161,,,,,70828.757717,70829.712088,70829.970452,70829.970452,70829.970465
1789037372.0535,timeline,3,-1,21672,779.0,0.0,780.0,865.325,,,,,70829.622759,70829.711671,70829.969438,70829.969438,70829.969449
1789037373.656,timeline,3,-1,21672,780.0,0.0,781.0,0.081,,,,,70829.969843,70831.482773,70831.566329,70831.566329,70831.571942
1789037373.66,timeline,0,-1,21669,780.0,0.0,781.0,0.138,,,,,70829.970925,70831.47371,70831.566325,70831.566325,70831.575904
1789037373.6561,timeline,1,-1,21670,780.0,0.0,781.0,0.097,,,,,70829.972092,70831.473508,70831.566376,70831.566376,70831.571979
1789037373.656,timeline,2,-1,21671,780.0,0.0,781.0,1401.006,,,,,70831.382848,70831.472534,70831.566323,70831.566323,70831.571903
1789037374.8676,timeline,2,-1,21671,781.0,0.0,782.0,0.123,,,,,70831.572174,70832.762632,70832.783533,70832.783533,70832.783549
1789037374.868,timeline,1,-1,21670,781.0,0.0,782.0,0.146,,,,,70831.572431,70832.762747,70832.783859,70832.783859,70832.783881
1789037374.8706,timeline,0,-1,21669,781.0,0.0,782.0,0.158,,,,,70831.57632,70832.763144,70832.786546,70832.786546,70832.786561
1789037374.8684,timeline,3,-1,21672,781.0,0.0,782.0,1102.096,,,,,70832.674309,70832.763413,70832.784282,70832.784282,70832.784298
1789037375.9171,timeline,1,-1,21670,782.0,0.0,783.0,0.139,,,,,70832.784183,70833.580355,70833.832984,70833.832984,70833.832995
1789037375.936,timeline,3,-1,21672,782.0,0.0,783.0,0.111,,,,,70832.784701,70833.583673,70833.851905,70833.851905,70833.851924
1789037375.9364,timeline,0,-1,21669,782.0,0.0,783.0,0.136,,,,,70832.786988,70833.579531,70833.852319,70833.852319,70833.852333
1789037375.9153,timeline,2,-1,21671,782.0,0.0,783.0,708.627,,,,,70833.492395,70833.579568,70833.831216,70833.831216,70833.831227
1789037377.4956,timeline,2,-1,21671,783.0,0.0,784.0,0.076,,,,,70833.831601,70835.390441,70835.411555,70835.411555,70835.411571
1789037377.4964,timeline,1,-1,21670,783.0,0.0,784.0,0.085,,,,,70833.833223,70835.391297,70835.412276,70835.412276,70835.412291
1789037377.4954,timeline,0,-1,21669,783.0,0.0,784.0,0.161,,,,,70833.852655,70835.390766,70835.411342,70835.411342,70835.411359
1789037377.5028,timeline,3,-1,21672,783.0,0.0,784.0,1449.974,,,,,70835.302184,70835.389621,70835.418694,70835.418694,70835.418707
1789037377.9488,timeline,0,-1,21669,784.0,0.0,785.0,0.149,,,,,70835.411795,70835.843821,70835.864746,70835.864746,70835.864763
1789037377.949,timeline,1,-1,21670,784.0,0.0,785.0,0.097,,,,,70835.412702,70835.844029,70835.864914,70835.864914,70835.864929
1789037377.9602,timeline,3,-1,21672,784.0,0.0,785.0,0.095,,,,,70835.418943,70835.846448,70835.876131,70835.876131,70835.876153
1789037377.9491,timeline,2,-1,21671,784.0,0.0,785.0,344.836,,,,,70835.756611,70835.844111,70835.865049,70835.865049,70835.865062
1789037380.4365,timeline,0,-1,21669,785.0,0.0,786.0,0.146,,,,,70835.865161,70838.086952,70838.352422,70838.352422,70838.352436
1789037380.4234,timeline,1,-1,21670,785.0,0.0,786.0,0.098,,,,,70835.865298,70838.08793,70838.339309,70838.339309,70838.339322
1789037380.4851,timeline,2,-1,21671,785.0,0.0,786.0,0.457,,,,,70835.865789,70838.106265,70838.401016,70838.401016,70838.401028
1789037380.464,timeline,3,-1,21672,785.0,0.0,786.0,2099.001,,,,,70837.975418,70838.087005,70838.379901,70838.379901,70838.379913
1789037380.5959,timeline,1,-1,21670,786.0,0.0,787.0,0.091,,,,,70838.339571,70838.490453,70838.511797,70838.511797,70838.511813
1789037380.5972,timeline,0,-1,21669,786.0,0.0,787.0,0.169,,,,,70838.352907,70838.489525,70838.513086,70838.513086,70838.513101
1789037380.6063,timeline,3,-1,21672,786.0,0.0,787.0,0.087,,,,,70838.380189,70838.490866,70838.52219,70838.52219,70838.522207
1789037380.595,timeline,2,-1,21671,786.0,0.0,787.0,0.23,,,,,70838.401525,70838.490203,70838.510925,70838.510925,70838.510941
1789037382.776,timeline,2,-1,21671,787.0,0.0,788.0,0.099,,,,,70838.511327,70840.670162,70840.691945,70840.691945,70840.691963
1789037382.7768,timeline,1,-1,21670,787.0,0.0,788.0,0.149,,,,,70838.512128,70840.67116,70840.692736,70840.692736,70840.692758
1789037382.7802,timeline,0,-1,21669,787.0,0.0,788.0,0.151,,,,,70838.513472,70840.675358,70840.696073,70840.696073,70840.696088
1789037382.7842,timeline,3,-1,21672,787.0,0.0,788.0,2036.236,,,,,70840.558697,70840.67002,70840.700094,70840.700094,70840.700111
1789037383.6108,timeline,1,-1,21670,788.0,0.0,789.0,0.159,,,,,70840.693306,70841.272136,70841.526691,70841.526691,70841.526703
1789037383.6119,timeline,0,-1,21669,788.0,0.0,789.0,0.142,,,,,70840.696547,70841.273337,70841.527772,70841.527772,70841.527784
1789037383.6257,timeline,3,-1,21672,788.0,0.0,789.0,0.095,,,,,70840.700456,70841.27395,70841.541639,70841.541639,70841.541651
1789037383.6237,timeline,2,-1,21671,788.0,0.0,789.0,493.018,,,,,70841.185224,70841.273883,70841.539636,70841.539636,70841.53965
1789037385.1607,timeline,1,-1,21670,789.0,0.0,790.0,0.088,,,,,70841.527075,70843.055739,70843.076627,70843.076627,70843.076643
1789037385.1549,timeline,0,-1,21669,789.0,0.0,790.0,0.147,,,,,70841.528452,70843.049835,70843.070763,70843.070763,70843.070781
1789037385.1553,timeline,2,-1,21671,789.0,0.0,790.0,0.116,,,,,70841.539927,70843.049881,70843.071256,70843.071256,70843.071275
1789037385.1651,timeline,3,-1,21672,789.0,0.0,790.0,1396.139,,,,,70842.938037,70843.050261,70843.08099,70843.08099,70843.081008
1789037385.888,timeline,0,-1,21669,790.0,0.0,791.0,0.141,,,,,70843.071196,70843.783224,70843.803928,70843.803928,70843.803942
1789037385.8882,timeline,1,-1,21670,790.0,0.0,791.0,0.108,,,,,70843.076899,70843.783066,70843.804065,70843.804065,70843.80408
1789037385.8995,timeline,3,-1,21672,790.0,0.0,791.0,0.108,,,,,70843.081399,70843.783856,70843.815397,70843.815397,70843.815425
1789037385.8861,timeline,2,-1,21671,790.0,0.0,791.0,622.491,,,,,70843.69401,70843.780994,70843.802019,70843.802019,70843.802033
1789037388.082,timeline,2,-1,21671,791.0,0.0,792.0,0.093,,,,,70843.802457,70845.708474,70845.997887,70845.997887,70845.997897
1789037388.0442,timeline,0,-1,21669,791.0,0.0,792.0,0.138,,,,,70843.804247,70845.7084,70845.960122,70845.960122,70845.960132
1789037388.0458,timeline,1,-1,21670,791.0,0.0,792.0,0.103,,,,,70843.804327,70845.708849,70845.961722,70845.961722,70845.961733
1789037388.0741,timeline,3,-1,21672,791.0,0.0,792.0,1804.723,,,,,70845.620412,70845.711435,70845.990014,70845.990014,70845.990029
1789037388.19,timeline,0,-1,21669,792.0,0.0,793.0,0.127,,,,,70845.960561,70846.085423,70846.105879,70846.105879,70846.10589
1789037388.1905,timeline,1,-1,21670,792.0,0.0,793.0,0.089,,,,,70845.962093,70846.085603,70846.106416,70846.106416,70846.106429
1789037388.2018,timeline,3,-1,21672,792.0,0.0,793.0,0.248,,,,,70845.990463,70846.086703,70846.117759,70846.117759,70846.117773
1789037388.1899,timeline,2,-1,21671,792.0,0.0,793.0,0.093,,,,,70845.998132,70846.085301,70846.105836,70846.105836,70846.105847
1789037389.7772,timeline,2,-1,21671,793.0,0.0,794.0,0.089,,,,,70846.106165,70847.672725,70847.693074,70847.693074,70847.693089
1789037389.7771,timeline,0,-1,21669,793.0,0.0,794.0,0.125,,,,,70846.106245,70847.672698,70847.692984,70847.692984,70847.693001
1789037389.777,timeline,1,-1,21670,793.0,0.0,794.0,0.087,,,,,70846.106784,70847.672106,70847.692872,70847.692872,70847.692886
1789037389.7848,timeline,3,-1,21672,793.0,0.0,794.0,1465.419,,,,,70847.583476,70847.671174,70847.700692,70847.700692,70847.700705
1789037390.1794,timeline,1,-1,21670,794.0,0.0,795.0,0.099,,,,,70847.693224,70847.844378,70848.095291,70848.095291,70848.095307
1789037390.1931,timeline,0,-1,21669,794.0,0.0,795.0,0.147,,,,,70847.693433,70847.844572,70848.108993,70848.108993,70848.109006
1789037390.1908,timeline,2,-1,21671,794.0,0.0,795.0,0.117,,,,,70847.693473,70847.844741,70848.106745,70848.106745,70848.106758
1789037390.1944,timeline,3,-1,21672,794.0,0.0,795.0,0.085,,,,,70847.701022,70847.847287,70848.110271,70848.110271,70848.110285
1789037391.8835,timeline,1,-1,21670,795.0,0.0,796.0,0.098,,,,,70848.0957,70849.778025,70849.799434,70849.799434,70849.799453
1789037391.8823,timeline,2,-1,21671,795.0,0.0,796.0,0.088,,,,,70848.10713,70849.777734,70849.798212,70849.798212,70849.798226
1789037391.8818,timeline,0,-1,21669,795.0,0.0,796.0,0.135,,,,,70848.109425,70849.777408,70849.797735,70849.797735,70849.797753
1789037391.8847,timeline,3,-1,21672,795.0,0.0,796.0,1577.44,,,,,70849.687989,70849.776331,70849.800658,70849.800658,70849.800671
1789037392.3943,timeline,0,-1,21669,796.0,0.0,797.0,0.147,,,,,70849.798171,70850.280879,70850.310259,70850.310259,70850.310273
1789037392.3866,timeline,1,-1,21670,796.0,0.0,797.0,0.125,,,,,70849.799928,70850.280858,70850.302505,70850.302505,70850.302518
1789037392.391,timeline,3,-1,21672,796.0,0.0,797.0,0.091,,,,,70849.801041,70850.286572,70850.306945,70850.306945,70850.306962
1789037392.3857,timeline,2,-1,21671,796.0,0.0,797.0,393.834,,,,,70850.192389,70850.280668,70850.301602,70850.301602,70850.301618
1789037394.7009,timeline,2,-1,21671,797.0,0.0,798.0,0.086,,,,,70850.301954,70852.341087,70852.616861,70852.616861,70852.616874
1789037394.6776,timeline,1,-1,21670,797.0,0.0,798.0,0.099,,,,,70850.302923,70852.341492,70852.593508,70852.593508,70852.593521
1789037394.6798,timeline,0,-1,21669,797.0,0.0,798.0,0.133,,,,,70850.310724,70852.340251,70852.595677,70852.595677,70852.595688
1789037394.6909,timeline,3,-1,21672,797.0,0.0,798.0,1945.467,,,,,70852.252824,70852.344167,70852.606775,70852.606775,70852.606787
1789037394.9051,timeline,1,-1,21670,798.0,0.0,799.0,0.106,,,,,70852.593922,70852.799837,70852.821056,70852.821056,70852.821073
1789037394.9053,timeline,0,-1,21669,798.0,0.0,799.0,0.125,,,,,70852.595965,70852.799709,70852.82125,70852.82125,70852.821267
1789037394.9065,timeline,3,-1,21672,798.0,0.0,799.0,0.079,,,,,70852.607132,70852.801639,70852.822424,70852.822424,70852.82244
1789037394.9049,timeline,2,-1,21671,798.0,0.0,799.0,94.097,,,,,70852.71115,70852.798505,70852.820838,70852.820838,70852.820855
1789037397.3936,timeline,2,-1,21671,799.0,0.0,800.0,0.107,,,,,70852.821131,70855.288082,70855.30947,70855.30947,70855.309492
1789037397.3939,timeline,1,-1,21670,799.0,0.0,800.0,0.115,,,,,70852.821588,70855.287686,70855.309788,70855.309788,70855.309807
1789037397.3977,timeline,0,-1,21669,799.0,0.0,800.0,0.153,,,,,70852.821602,70855.293623,70855.313574,70855.313574,70855.313593
1789037397.3961,timeline,3,-1,21672,799.0,0.0,800.0,2375.966,,,,,70855.198715,70855.288781,70855.311961,70855.311961,70855.311977
1789037397.8744,timeline,2,-1,21671,800.0,0.0,801.0,0.129,,,,,70855.310006,70855.469717,70855.781422,70855.781422,70855.790323
1789037397.8744,timeline,1,-1,21670,800.0,0.0,801.0,0.133,,,,,70855.310238,70855.464542,70855.784878,70855.784878,70855.790321
1789037397.8744,timeline,3,-1,21672,800.0,0.0,801.0,0.101,,,,,70855.312254,70855.468035,70855.78402,70855.78402,70855.790329
1789037397.8784,timeline,0,-1,21669,800.0,0.0,801.0,0.144,,,,,70855.313995,70855.465042,70855.783444,70855.783444,70855.794365
1789037399.4415,timeline,1,-1,21670,801.0,0.0,802.0,0.103,,,,,70855.790563,70857.335732,70857.357448,70857.357448,70857.357462
1789037399.4432,timeline,2,-1,21671,801.0,0.0,802.0,0.114,,,,,70855.790609,70857.337999,70857.359068,70857.359068,70857.359089
1789037399.4395,timeline,0,-1,21669,801.0,0.0,802.0,0.19,,,,,70855.794719,70857.334196,70857.355405,70857.355405,70857.355426
1789037399.4406,timeline,3,-1,21672,801.0,0.0,802.0,1455.608,,,,,70857.246374,70857.335213,70857.356519,70857.356519,70857.356539
1789037399.6124,timeline,0,-1,21669,802.0,0.0,803.0,0.162,,,,,70857.355898,70857.508257,70857.528277,70857.528277,70857.528291
1789037399.6123,timeline,3,-1,21672,802.0,0.0,803.0,0.099,,,,,70857.356934,70857.508437,70857.528242,70857.528242,70857.528253
1789037399.6117,timeline,1,-1,21670,802.0,0.0,803.0,0.107,,,,,70857.357833,70857.506682,70857.527607,70857.527607,70857.52762
1789037399.613,timeline,2,-1,21671,802.0,0.0,803.0,0.133,,,,,70857.35954,70857.508701,70857.528893,70857.528893,70857.528911
1789037402.1027,timeline,1,-1,21670,803.0,0.0,804.0,0.098,,,,,70857.527997,70859.754321,70860.018606,70860.018606,70860.018619
1789037402.1177,timeline,0,-1,21669,803.0,0.0,804.0,0.139,,,,,70857.528578,70859.753185,70860.033628,70860.033628,70860.033642
1789037402.0955,timeline,2,-1,21671,803.0,0.0,804.0,0.096,,,,,70857.529168,70859.754291,70860.011461,70860.011461,70860.011473
1789037402.1019,timeline,3,-1,21672,803.0,0.0,804.0,2135.746,,,,,70859.664498,70859.754242,70860.017771,70860.017771,70860.017783
1789037402.3137,timeline,3,-1,21672,804.0,0.0,805.0,0.084,,,,,70860.018157,70860.208875,70860.229629,70860.229629,70860.229648
1789037402.3139,timeline,1,-1,21670,804.0,0.0,805.0,0.094,,,,,70860.019015,70860.208552,70860.229852,70860.229852,70860.22987
1789037402.3118,timeline,0,-1,21669,804.0,0.0,805.0,0.156,,,,,70860.034115,70860.207342,70860.227674,70860.227674,70860.227687
1789037402.314,timeline,2,-1,21671,804.0,0.0,805.0,108.395,,,,,70860.120158,70860.208443,70860.229872,70860.229872,70860.229884
1789037404.8463,timeline,0,-1,21669,805.0,0.0,806.0,0.143,,,,,70860.228266,70862.7415,70862.762252,70862.762252,70862.76227
1789037404.8517,timeline,2,-1,21671,805.0,0.0,806.0,0.092,,,,,70860.230212,70862.747334,70862.767639,70862.767639,70862.767655
1789037404.8456,timeline,1,-1,21670,805.0,0.0,806.0,0.125,,,,,70860.230317,70862.741014,70862.761522,70862.761522,70862.761541
1789037404.8456,timeline,3,-1,21672,805.0,0.0,806.0,2421.079,,,,,70862.651265,70862.739821,70862.761551,70862.761551,70862.761567
1789037405.2541,timeline,3,-1,21672,806.0,0.0,807.0,0.098,,,,,70862.761962,70862.920286,70863.16998,70863.16998,70863.169992
1789037405.2642,timeline,1,-1,21670,806.0,0.0,807.0,0.129,,,,,70862.762034,70862.917517,70863.180091,70863.180091,70863.180103
1789037405.2512,timeline,0,-1,21669,806.0,0.0,807.0,0.153,,,,,70862.76269,70862.917452,70863.167095,70863.167095,70863.167109
1789037405.2515,timeline,2,-1,21671,806.0,0.0,807.0,0.116,,,,,70862.767929,70862.917157,70863.167371,70863.167371,70863.167382
1789037407.3988,timeline,0,-1,21669,807.0,0.0,808.0,0.15,,,,,70863.167569,70865.266331,70865.314704,70865.314704,70865.314722
1789037407.3731,timeline,2,-1,21671,807.0,0.0,808.0,0.067,,,,,70863.167703,70865.267366,70865.28904,70865.28904,70865.289061
1789037407.3683,timeline,1,-1,21670,807.0,0.0,808.0,0.087,,,,,70863.180483,70865.264108,70865.28424,70865.28424,70865.284255
1789037407.3738,timeline,3,-1,21672,807.0,0.0,808.0,2003.861,,,,,70865.174173,70865.265684,70865.289686,70865.289686,70865.289715
1789037407.5522,timeline,1,-1,21670,808.0,0.0,809.0,0.104,,,,,70865.284654,70865.448201,70865.468118,70865.468118,70865.468134
1789037407.5537,timeline,2,-1,21671,808.0,0.0,809.0,0.126,,,,,70865.289483,70865.448493,70865.469608,70865.469608,70865.469627
1789037407.5592,timeline,3,-1,21672,808.0,0.0,809.0,0.121,,,,,70865.290233,70865.453638,70865.475128,70865.475128,70865.475152
1789037407.5537,timeline,0,-1,21669,808.0,0.0,809.0,0.171,,,,,70865.315088,70865.448465,70865.469608,70865.469608,70865.469627
1789037410.3725,timeline,1,-1,21670,809.0,0.0,810.0,0.096,,,,,70865.46852,70868.043124,70868.288385,70868.288385,70868.288396
1789037410.3814,timeline,2,-1,21671,809.0,0.0,810.0,0.106,,,,,70865.470026,70868.043987,70868.2973,70868.2973,70868.297313
1789037410.3811,timeline,0,-1,21669,809.0,0.0,810.0,0.153,,,,,70865.470079,70868.043433,70868.297039,70868.297039,70868.297051
1789037410.3829,timeline,3,-1,21672,809.0,0.0,810.0,2478.891,,,,,70867.954324,70868.044311,70868.29883,70868.29883,70868.298843
1789037410.4909,timeline,1,-1,21670,810.0,0.0,811.0,0.089,,,,,70868.28863,70868.386787,70868.40686,70868.40686,70868.406873
1789037410.4932,timeline,0,-1,21669,810.0,0.0,811.0,0.143,,,,,70868.297494,70868.387372,70868.409142,70868.409142,70868.409159
1789037410.4932,timeline,2,-1,21671,810.0,0.0,811.0,0.241,,,,,70868.297706,70868.387245,70868.409141,70868.409141,70868.409157
1789037410.492,timeline,3,-1,21672,810.0,0.0,811.0,0.085,,,,,70868.299271,70868.387573,70868.407902,70868.407902,70868.407916
1789037412.4047,timeline,1,-1,21670,811.0,0.0,812.0,0.093,,,,,70868.407106,70870.300355,70870.320648,70870.320648,70870.320668
1789037412.4102,timeline,2,-1,21671,811.0,0.0,812.0,0.106,,,,,70868.409574,70870.300715,70870.32604,70870.32604,70870.326082
1789037412.4289,timeline,0,-1,21669,811.0,0.0,812.0,0.153,,,,,70868.409611,70870.30041,70870.3448,70870.3448,70870.344816
1789037412.4099,timeline,3,-1,21672,811.0,0.0,812.0,1802.588,,,,,70870.210766,70870.303312,70870.325836,70870.325836,70870.325853
1789037412.8303,timeline,1,-1,21670,812.0,0.0,813.0,0.109,,,,,70870.321056,70870.482715,70870.746204,70870.746204,70870.746215
1789037412.8292,timeline,3,-1,21672,812.0,0.0,813.0,0.12,,,,,70870.326289,70870.482271,70870.74512,70870.74512,70870.745132
1789037412.838,timeline,2,-1,21671,812.0,0.0,813.0,0.228,,,,,70870.326677,70870.48275,70870.753905,70870.753905,70870.75392
1789037412.8235,timeline,0,-1,21669,812.0,0.0,813.0,0.149,,,,,70870.345239,70870.481834,70870.739374,70870.739374,70870.739387
1789037414.6646,timeline,0,-1,21669,813.0,0.0,814.0,0.134,,,,,70870.739839,70872.559988,70872.580557,70872.580557,70872.580572
1789037414.6638,timeline,1,-1,21670,813.0,0.0,814.0,0.091,,,,,70870.746603,70872.560061,70872.579671,70872.579671,70872.579685
1789037414.6645,timeline,2,-1,21671,813.0,0.0,814.0,0.108,,,,,70870.754419,70872.560037,70872.580397,70872.580397,70872.580412
1789037414.6646,timeline,3,-1,21672,813.0,0.0,814.0,1716.855,,,,,70872.462219,70872.560075,70872.580474,70872.580474,70872.580488
1789037414.8374,timeline,1,-1,21670,814.0,0.0,815.0,0.104,,,,,70872.580345,70872.733989,70872.753306,70872.753306,70872.753322
1789037414.8388,timeline,2,-1,21671,814.0,0.0,815.0,0.12,,,,,70872.580816,70872.733219,70872.754659,70872.754659,70872.754676
1789037414.8381,timeline,3,-1,21672,814.0,0.0,815.0,0.095,,,,,70872.580843,70872.733126,70872.754024,70872.754024,70872.754038
1789037414.8387,timeline,0,-1,21669,814.0,0.0,815.0,0.146,,,,,70872.580993,70872.73321,70872.754594,70872.754594,70872.75461
1789037417.6018,timeline,1,-1,21670,815.0,0.0,816.0,0.1,,,,,70872.753699,70875.262535,70875.517686,70875.517686,70875.517702
1789037417.622,timeline,0,-1,21669,815.0,0.0,816.0,0.145,,,,,70872.755049,70875.262139,70875.537913,70875.537913,70875.537925
1789037417.6122,timeline,2,-1,21671,815.0,0.0,816.0,0.119,,,,,70872.755083,70875.26185,70875.528087,70875.528087,70875.528099
1789037417.6065,timeline,3,-1,21672,815.0,0.0,816.0,2419.204,,,,,70875.173475,70875.263178,70875.522433,70875.522433,70875.522451
1789037417.7314,timeline,1,-1,21670,816.0,0.0,817.0,0.126,,,,,70875.518224,70875.625261,70875.647284,70875.647284,70875.647297
1789037417.7306,timeline,3,-1,21672,816.0,0.0,817.0,0.092,,,,,70875.522735,70875.625889,70875.646492,70875.646492,70875.646506
1789037417.7318,timeline,2,-1,21671,816.0,0.0,817.0,0.095,,,,,70875.528355,70875.62445,70875.64773,70875.64773,70875.647742
1789037417.7292,timeline,0,-1,21669,816.0,0.0,817.0,0.125,,,,,70875.538199,70875.624527,70875.64512,70875.64512,70875.645136
1789037419.5294,timeline,0,-1,21669,817.0,0.0,818.0,0.138,,,,,70875.645422,70877.423907,70877.445261,70877.445261,70877.445279
1789037419.5262,timeline,1,-1,21670,817.0,0.0,818.0,0.102,,,,,70875.647685,70877.422146,70877.442114,70877.442114,70877.442127
1789037419.5292,timeline,2,-1,21671,817.0,0.0,818.0,0.095,,,,,70875.648384,70877.424502,70877.445139,70877.445139,70877.445157
1789037419.5275,timeline,3,-1,21672,817.0,0.0,818.0,1687.534,,,,,70877.334355,70877.422735,70877.443394,70877.443394,70877.443409
1789037419.9331,timeline,1,-1,21670,818.0,0.0,819.0,0.104,,,,,70877.442491,70877.595469,70877.848968,70877.848968,70877.84898
1789037419.9319,timeline,3,-1,21672,818.0,0.0,819.0,0.092,,,,,70877.44378,70877.59483,70877.847823,70877.847823,70877.847837
1789037419.9256,timeline,2,-1,21671,818.0,0.0,819.0,0.121,,,,,70877.445561,70877.595262,70877.841556,70877.841556,70877.841567
1789037419.9469,timeline,0,-1,21669,818.0,0.0,819.0,0.148,,,,,70877.445689,70877.595256,70877.862842,70877.862842,70877.862855
1789037421.8954,timeline,2,-1,21671,819.0,0.0,820.0,0.078,,,,,70877.841959,70879.790421,70879.811359,70879.811359,70879.811375
1789037421.8935,timeline,1,-1,21670,819.0,0.0,820.0,0.092,,,,,70877.849356,70879.789124,70879.809443,70879.809443,70879.809458
1789037421.895,timeline,0,-1,21669,819.0,0.0,820.0,0.124,,,,,70877.863137,70879.790532,70879.810931,70879.810931,70879.81095
1789037421.8977,timeline,3,-1,21672,819.0,0.0,820.0,1852.689,,,,,70879.700811,70879.79244,70879.813597,70879.813597,70879.813612
1789037422.178,timeline,1,-1,21670,820.0,0.0,821.0,0.105,,,,,70879.809836,70879.987119,70880.088233,70880.088233,70880.093951
1789037422.1818,timeline,0,-1,21669,820.0,0.0,821.0,0.159,,,,,70879.811403,70879.987111,70880.088186,70880.088186,70880.09777
1789037422.1779,timeline,2,-1,21671,820.0,0.0,821.0,0.127,,,,,70879.811812,70879.987886,70880.088161,70880.088161,70880.093853
1789037422.178,timeline,3,-1,21672,820.0,0.0,821.0,0.099,,,,,70879.813855,70880.004125,70880.088225,70880.088225,70880.093928
1789037424.7308,timeline,2,-1,21671,821.0,0.0,822.0,0.094,,,,,70880.09422,70882.394568,70882.646752,70882.646752,70882.646769
1789037424.748,timeline,1,-1,21670,821.0,0.0,822.0,0.151,,,,,70880.094374,70882.394828,70882.663928,70882.663928,70882.663941
1789037424.7459,timeline,0,-1,21669,821.0,0.0,822.0,0.126,,,,,70880.098133,70882.394536,70882.661858,70882.661858,70882.661872
1789037424.7383,timeline,3,-1,21672,821.0,0.0,822.0,2212.345,,,,,70882.306533,70882.394653,70882.654182,70882.654182,70882.654197
1789037424.8555,timeline,2,-1,21671,822.0,0.0,823.0,0.113,,,,,70882.647221,70882.752017,70882.771363,70882.771363,70882.771376
1789037424.8612,timeline,3,-1,21672,822.0,0.0,823.0,0.091,,,,,70882.654639,70882.75338,70882.777078,70882.777078,70882.777099
1789037424.8545,timeline,0,-1,21669,822.0,0.0,823.0,0.148,,,,,70882.662331,70882.75079,70882.770383,70882.770383,70882.770395
1789037424.879,timeline,1,-1,21670,822.0,0.0,823.0,0.1,,,,,70882.664339,70882.773681,70882.794905,70882.794905,70882.794921
1789037427.0218,timeline,0,-1,21669,823.0,0.0,824.0,0.123,,,,,70882.770683,70884.918428,70884.937687,70884.937687,70884.937703
1789037427.0226,timeline,2,-1,21671,823.0,0.0,824.0,0.091,,,,,70882.771719,70884.919202,70884.938463,70884.938463,70884.938481
1789037427.0248,timeline,1,-1,21670,823.0,0.0,824.0,0.116,,,,,70882.795344,70884.919402,70884.940751,70884.940751,70884.940769
1789037427.0232,timeline,3,-1,21672,823.0,0.0,824.0,2052.166,,,,,70884.829562,70884.918904,70884.939117,70884.939117,70884.939135
1789037427.456,timeline,0,-1,21669,824.0,0.0,825.0,0.136,,,,,70884.938123,70885.091899,70885.371868,70885.371868,70885.371878
1789037427.4306,timeline,2,-1,21671,824.0,0.0,825.0,0.136,,,,,70884.938952,70885.092394,70885.346492,70885.346492,70885.346503
1789037427.4387,timeline,3,-1,21672,824.0,0.0,825.0,0.097,,,,,70884.939508,70885.092123,70885.354586,70885.354586,70885.354599
1789037427.4275,timeline,1,-1,21670,824.0,0.0,825.0,0.118,,,,,70884.941172,70885.092305,70885.343455,70885.343455,70885.343468
1789037429.6504,timeline,1,-1,21670,825.0,0.0,826.0,0.094,,,,,70885.34387,70887.545039,70887.566274,70887.566274,70887.566289
1789037429.6499,timeline,2,-1,21671,825.0,0.0,826.0,0.089,,,,,70885.346934,70887.54565,70887.565815,70887.565815,70887.56583
1789037429.6522,timeline,0,-1,21669,825.0,0.0,826.0,0.137,,,,,70885.372167,70887.54565,70887.56812,70887.56812,70887.568138
1789037429.6486,timeline,3,-1,21672,825.0,0.0,826.0,2102.104,,,,,70887.456931,70887.544068,70887.564487,70887.564487,70887.564503
1789037429.8215,timeline,3,-1,21672,826.0,0.0,827.0,0.109,,,,,70887.564865,70887.716894,70887.737367,70887.737367,70887.737382
1789037429.8255,timeline,2,-1,21671,826.0,0.0,827.0,0.113,,,,,70887.566232,70887.719213,70887.741428,70887.741428,70887.741446
1789037429.823,timeline,1,-1,21670,826.0,0.0,827.0,0.105,,,,,70887.566644,70887.71829,70887.738944,70887.738944,70887.738961
1789037429.8558,timeline,0,-1,21669,826.0,0.0,827.0,0.15,,,,,70887.568591,70887.718648,70887.7717,70887.7717,70887.771721
1789037432.004,timeline,1,-1,21670,827.0,0.0,828.0,0.126,,,,,70887.739466,70889.668525,70889.919877,70889.919877,70889.919888
1789037432.0028,timeline,2,-1,21671,827.0,0.0,828.0,0.092,,,,,70887.741856,70889.670687,70889.91869,70889.91869,70889.918701
1789037432.0031,timeline,0,-1,21669,827.0,0.0,828.0,0.158,,,,,70887.772331,70889.670831,70889.919008,70889.919008,70889.919022
1789037432.0096,timeline,3,-1,21672,827.0,0.0,828.0,1843.831,,,,,70889.581464,70889.671403,70889.92555,70889.92555,70889.925562
1789037432.1198,timeline,2,-1,21671,828.0,0.0,829.0,0.106,,,,,70889.919141,70890.015397,70890.035743,70890.035743,70890.035759
1789037432.1218,timeline,0,-1,21669,828.0,0.0,829.0,0.147,,,,,70889.919489,70890.01537,70890.037734,70890.037734,70890.037751
1789037432.1179,timeline,1,-1,21670,828.0,0.0,829.0,0.104,,,,,70889.920418,70890.012647,70890.033841,70890.033841,70890.033854
1789037432.1182,timeline,3,-1,21672,828.0,0.0,829.0,0.079,,,,,70889.925945,70890.013778,70890.034159,70890.034159,70890.034174
1789037434.2092,timeline,1,-1,21670,829.0,0.0,830.0,0.089,,,,,70890.034226,70892.104136,70892.125114,70892.125114,70892.125134
1789037434.2076,timeline,2,-1,21671,829.0,0.0,830.0,0.092,,,,,70890.036331,70892.104369,70892.123545,70892.123545,70892.123559
1789037434.2106,timeline,0,-1,21669,829.0,0.0,830.0,0.15,,,,,70890.038056,70892.104463,70892.126493,70892.126493,70892.126512
1789037434.2125,timeline,3,-1,21672,829.0,0.0,830.0,1980.831,,,,,70892.015245,70892.10407,70892.12845,70892.12845,70892.128466
1789037434.611,timeline,2,-1,21671,830.0,0.0,831.0,0.108,,,,,70892.123824,70892.277136,70892.526945,70892.526945,70892.526957
1789037434.6141,timeline,1,-1,21670,830.0,0.0,831.0,0.129,,,,,70892.12569,70892.277658,70892.529966,70892.529966,70892.529978
1789037434.6162,timeline,0,-1,21669,830.0,0.0,831.0,0.172,,,,,70892.126983,70892.277653,70892.53208,70892.53208,70892.532091
1789037434.6469,timeline,3,-1,21672,830.0,0.0,831.0,0.102,,,,,70892.128831,70892.278643,70892.562848,70892.562848,70892.562862
1789037436.8057,timeline,2,-1,21671,831.0,0.0,832.0,0.078,,,,,70892.527335,70894.700312,70894.721601,70894.721601,70894.721616
1789037436.806,timeline,1,-1,21670,831.0,0.0,832.0,0.072,,,,,70892.530328,70894.700483,70894.721895,70894.721895,70894.72191
1789037436.8124,timeline,0,-1,21669,831.0,0.0,832.0,0.112,,,,,70892.532483,70894.705655,70894.728352,70894.728352,70894.728368
1789037436.8051,timeline,3,-1,21672,831.0,0.0,832.0,2027.133,,,,,70894.590221,70894.700381,70894.72098,70894.72098,70894.720994
1789037436.9834,timeline,3,-1,21672,832.0,0.0,833.0,0.095,,,,,70894.721343,70894.878234,70894.899356,70894.899356,70894.899374
1789037436.9829,timeline,2,-1,21671,832.0,0.0,833.0,0.125,,,,,70894.722017,70894.878085,70894.898802,70894.898802,70894.898817
1789037436.9825,timeline,1,-1,21670,832.0,0.0,833.0,0.109,,,,,70894.72229,70894.877293,70894.898398,70894.898398,70894.898412
1789037436.9849,timeline,0,-1,21669,832.0,0.0,833.0,0.163,,,,,70894.728827,70894.878021,70894.900814,70894.900814,70894.900829
1789037439.6067,timeline,1,-1,21670,833.0,0.0,834.0,0.091,,,,,70894.8988,70897.231378,70897.522608,70897.522608,70897.52262
1789037439.5799,timeline,2,-1,21671,833.0,0.0,834.0,0.108,,,,,70894.899233,70897.231647,70897.49581,70897.49581,70897.495824
1789037439.5687,timeline,0,-1,21669,833.0,0.0,834.0,0.14,,,,,70894.901257,70897.230891,70897.484653,70897.484653,70897.484663
1789037439.5944,timeline,3,-1,21672,833.0,0.0,834.0,2241.899,,,,,70897.1416,70897.232225,70897.510309,70897.510309,70897.510324
1789037439.719,timeline,0,-1,21669,834.0,0.0,835.0,0.135,,,,,70897.485107,70897.611309,70897.634903,70897.634903,70897.634919
1789037439.7165,timeline,2,-1,21671,834.0,0.0,835.0,0.13,,,,,70897.496123,70897.611692,70897.632431,70897.632431,70897.63245
1789037439.7174,timeline,3,-1,21672,834.0,0.0,835.0,0.1,,,,,70897.510603,70897.613027,70897.633344,70897.633344,70897.633361
1789037439.7157,timeline,1,-1,21670,834.0,0.0,835.0,0.083,,,,,70897.522989,70897.610339,70897.63164,70897.63164,70897.631656
1789037441.8049,timeline,1,-1,21670,835.0,0.0,836.0,0.092,,,,,70897.631893,70899.700095,70899.720817,70899.720817,70899.720835
1789037441.8045,timeline,2,-1,21671,835.0,0.0,836.0,0.102,,,,,70897.632713,70899.699893,70899.720379,70899.720379,70899.720395
1789037441.8047,timeline,0,-1,21669,835.0,0.0,836.0,0.137,,,,,70897.635209,70899.699792,70899.720619,70899.720619,70899.720636
1789037441.8038,timeline,3,-1,21672,835.0,0.0,836.0,1977.382,,,,,70899.611004,70899.699438,70899.719686,70899.719686,70899.719705
1789037442.2177,timeline,3,-1,21672,836.0,0.0,837.0,0.112,,,,,70899.720318,70899.872715,70900.133608,70900.133608,70900.133621
1789037442.2136,timeline,2,-1,21671,836.0,0.0,837.0,0.121,,,,,70899.720818,70899.871483,70900.129548,70900.129548,70900.129561
1789037442.2079,timeline,0,-1,21669,836.0,0.0,837.0,0.145,,,,,70899.721056,70899.8718,70900.123795,70900.123795,70900.123808
1789037442.2183,timeline,1,-1,21670,836.0,0.0,837.0,0.131,,,,,70899.721268,70899.8718,70900.134181,70900.134181,70900.134193
1789037444.3567,timeline,0,-1,21669,837.0,0.0,838.0,0.142,,,,,70900.124118,70902.249598,70902.272617,70902.272617,70902.272634
1789037444.3483,timeline,2,-1,21671,837.0,0.0,838.0,0.104,,,,,70900.129858,70902.243008,70902.264225,70902.264225,70902.26424
1789037444.3475,timeline,1,-1,21670,837.0,0.0,838.0,0.078,,,,,70900.134566,70902.24226,70902.26344,70902.26344,70902.263455
1789037444.3462,timeline,3,-1,21672,837.0,0.0,838.0,2019.934,,,,,70902.153796,70902.241552,70902.26213,70902.26213,70902.262144
1789037444.5244,timeline,3,-1,21672,838.0,0.0,839.0,0.093,,,,,70902.262492,70902.419936,70902.440287,70902.440287,70902.440302
1789037444.5258,timeline,1,-1,21670,838.0,0.0,839.0,0.12,,,,,70902.263734,70902.421719,70902.441712,70902.441712,70902.441728
1789037444.5233,timeline,2,-1,21671,838.0,0.0,839.0,0.125,,,,,70902.264662,70902.418903,70902.43919,70902.43919,70902.439202
1789037444.5268,timeline,0,-1,21669,838.0,0.0,839.0,0.154,,,,,70902.273067,70902.420309,70902.442716,70902.442716,70902.442727
1789037446.5295,timeline,2,-1,21671,839.0,0.0,840.0,0.082,,,,,70902.439527,70904.192367,70904.445433,70904.445433,70904.445444
1789037446.5301,timeline,1,-1,21670,839.0,0.0,840.0,0.099,,,,,70902.441974,70904.188536,70904.446062,70904.446062,70904.446074
1789037446.5285,timeline,0,-1,21669,839.0,0.0,840.0,0.118,,,,,70902.442968,70904.18895,70904.444453,70904.444453,70904.444465
1789037446.5302,timeline,3,-1,21672,839.0,0.0,840.0,1659.912,,,,,70904.100468,70904.192147,70904.446084,70904.446084,70904.446096
1789037446.7572,timeline,0,-1,21669,840.0,0.0,841.0,0.146,,,,,70904.444923,70904.535277,70904.663038,70904.663038,70904.67316
1789037446.7535,timeline,2,-1,21671,840.0,0.0,841.0,0.227,,,,,70904.44596,70904.535107,70904.663037,70904.663037,70904.669405
1789037446.7532,timeline,1,-1,21670,840.0,0.0,841.0,0.095,,,,,70904.446447,70904.579954,70904.663032,70904.663032,70904.669095
1789037446.7531,timeline,3,-1,21672,840.0,0.0,841.0,0.085,,,,,70904.446505,70904.537021,70904.663055,70904.663055,70904.668994
1789037449.0065,timeline,1,-1,21670,841.0,0.0,842.0,0.132,,,,,70904.669596,70906.901505,70906.922408,70906.922408,70906.922431
1789037449.0034,timeline,2,-1,21671,841.0,0.0,842.0,0.138,,,,,70904.669866,70906.897707,70906.919306,70906.919306,70906.919322
1789037449.0034,timeline,0,-1,21669,841.0,0.0,842.0,0.168,,,,,70904.673461,70906.89766,70906.919265,70906.919265,70906.919283
1789037449.0011,timeline,3,-1,21672,841.0,0.0,842.0,2140.24,,,,,70906.80946,70906.896507,70906.917003,70906.917003,70906.917019
1789037449.4206,timeline,3,-1,21672,842.0,0.0,843.0,0.093,,,,,70906.917392,70907.075726,70907.336503,70907.336503,70907.336516
1789037449.4094,timeline,2,-1,21671,842.0,0.0,843.0,0.12,,,,,70906.919702,70907.07485,70907.325347,70907.325347,70907.325359
1789037449.4237,timeline,0,-1,21669,842.0,0.0,843.0,0.149,,,,,70906.919708,70907.08159,70907.33959,70907.33959,70907.3396
1789037449.4544,timeline,1,-1,21670,842.0,0.0,843.0,0.112,,,,,70906.92283,70907.073478,70907.370352,70907.370352,70907.370364
1789037451.8872,timeline,2,-1,21671,843.0,0.0,844.0,0.072,,,,,70907.325721,70909.782248,70909.803138,70909.803138,70909.803152
1789037451.8842,timeline,0,-1,21669,843.0,0.0,844.0,0.119,,,,,70907.339991,70909.778683,70909.80014,70909.80014,70909.800158
1789037451.8833,timeline,1,-1,21670,843.0,0.0,844.0,0.083,,,,,70907.370583,70909.77809,70909.79923,70909.79923,70909.799247
1789037451.8866,timeline,3,-1,21672,843.0,0.0,844.0,2352.344,,,,,70909.689119,70909.778305,70909.802475,70909.802475,70909.802489
1789037452.0573,timeline,1,-1,21670,844.0,0.0,845.0,0.117,,,,,70909.799631,70909.953035,70909.973222,70909.973222,70909.973235
1789037452.0596,timeline,0,-1,21669,844.0,0.0,845.0,0.147,,,,,70909.800665,70909.954095,70909.975514,70909.975514,70909.975531
1789037452.057,timeline,3,-1,21672,844.0,0.0,845.0,0.105,,,,,70909.802775,70909.954278,70909.972928,70909.972928,70909.972941
1789037452.0596,timeline,2,-1,21671,844.0,0.0,845.0,0.109,,,,,70909.803563,70909.954121,70909.975518,70909.975518,70909.975533
1789037454.7399,timeline,1,-1,21670,845.0,0.0,846.0,0.1,,,,,70909.973585,70912.408172,70912.655771,70912.655771,70912.655782
1789037454.7715,timeline,2,-1,21671,845.0,0.0,846.0,0.098,,,,,70909.975928,70912.408183,70912.6874,70912.6874,70912.687411
1789037454.7474,timeline,0,-1,21669,845.0,0.0,846.0,0.142,,,,,70909.975966,70912.40821,70912.663323,70912.663323,70912.663335
1789037454.7514,timeline,3,-1,21672,845.0,0.0,846.0,2339.517,,,,,70912.31271,70912.409339,70912.667294,70912.667294,70912.667309
1789037454.8799,timeline,1,-1,21670,846.0,0.0,847.0,0.08,,,,,70912.656149,70912.775271,70912.79585,70912.79585,70912.795862
1789037454.8798,timeline,0,-1,21669,846.0,0.0,847.0,0.125,,,,,70912.663764,70912.774983,70912.795758,70912.795758,70912.795772
1789037454.879,timeline,3,-1,21672,846.0,0.0,847.0,0.094,,,,,70912.667723,70912.775867,70912.794963,70912.794963,70912.794975
1789037454.8804,timeline,2,-1,21671,846.0,0.0,847.0,0.096,,,,,70912.687761,70912.77594,70912.796272,70912.796272,70912.796287
1789037457.7245,timeline,1,-1,21670,847.0,0.0,848.0,0.106,,,,,70912.7961,70915.609678,70915.640451,70915.640451,70915.640465
1789037457.7184,timeline,0,-1,21669,847.0,0.0,848.0,0.135,,,,,70912.796339,70915.612738,70915.634282,70915.634282,70915.6343
1789037457.7216,timeline,2,-1,21671,847.0,0.0,848.0,0.091,,,,,70912.796631,70915.61357,70915.637557,70915.637557,70915.637576
1789037457.7154,timeline,3,-1,21672,847.0,0.0,848.0,2726.716,,,,,70915.521923,70915.611432,70915.631295,70915.631295,70915.631312
1789037458.1214,timeline,3,-1,21672,848.0,0.0,849.0,0.092,,,,,70915.63173,70915.784719,70916.037363,70916.037363,70916.037375
1789037458.1202,timeline,0,-1,21669,848.0,0.0,849.0,0.171,,,,,70915.634793,70915.784585,70916.036159,70916.036159,70916.036175
1789037458.1424,timeline,2,-1,21671,848.0,0.0,849.0,0.136,,,,,70915.638014,70915.784179,70916.058297,70916.058297,70916.058315
1789037458.1385,timeline,1,-1,21670,848.0,0.0,849.0,0.115,,,,,70915.640843,70915.784502,70916.054427,70916.054427,70916.05444
1789037460.1911,timeline,0,-1,21669,849.0,0.0,850.0,0.128,,,,,70916.036627,70918.082813,70918.107022,70918.107022,70918.107041
1789037460.1886,timeline,1,-1,21670,849.0,0.0,850.0,0.228,,,,,70916.054825,70918.082565,70918.10451,70918.10451,70918.104531
1789037460.2179,timeline,2,-1,21671,849.0,0.0,850.0,0.118,,,,,70916.058812,70918.107888,70918.133767,70918.133767,70918.133784
1789037460.1866,timeline,3,-1,21672,849.0,0.0,850.0,1953.026,,,,,70917.990729,70918.081994,70918.102525,70918.102525,70918.102543
1789037460.3891,timeline,3,-1,21672,850.0,0.0,851.0,0.099,,,,,70918.102962,70918.285218,70918.305046,70918.305046,70918.305061
1789037460.3913,timeline,1,-1,21670,850.0,0.0,851.0,0.144,,,,,70918.105005,70918.286747,70918.307223,70918.307223,70918.307237
1789037460.3848,timeline,0,-1,21669,850.0,0.0,851.0,0.179,,,,,70918.107527,70918.280199,70918.300731,70918.300731,70918.300746
1789037460.3848,timeline,2,-1,21671,850.0,0.0,851.0,0.129,,,,,70918.134271,70918.28027,70918.300669,70918.300669,70918.300685
1789037463.0445,timeline,2,-1,21671,851.0,0.0,852.0,0.1,,,,,70918.301112,70920.676267,70920.960447,70920.960447,70920.96046
1789037463.0368,timeline,0,-1,21669,851.0,0.0,852.0,0.132,,,,,70918.301181,70920.676211,70920.952752,70920.952752,70920.952769
1789037463.0675,timeline,1,-1,21670,851.0,0.0,852.0,0.112,,,,,70918.307606,70920.676797,70920.983362,70920.983362,70920.983378
1789037463.038,timeline,3,-1,21672,851.0,0.0,852.0,2282.937,,,,,70920.588235,70920.679367,70920.95387,70920.95387,70920.953881
1789037463.2038,timeline,0,-1,21669,852.0,0.0,853.0,0.169,,,,,70920.953276,70921.09914,70921.119679,70921.119679,70921.119695
1789037463.2045,timeline,3,-1,21672,852.0,0.0,853.0,0.082,,,,,70920.954275,70921.100918,70921.120443,70921.120443,70921.120457
1789037463.2039,timeline,2,-1,21671,852.0,0.0,853.0,0.113,,,,,70920.960909,70921.098838,70921.119853,70921.119853,70921.119865
1789037463.2045,timeline,1,-1,21670,852.0,0.0,853.0,0.141,,,,,70920.983897,70921.099345,70921.120432,70921.120432,70921.120446
1789037464.9757,timeline,0,-1,21669,853.0,0.0,854.0,0.128,,,,,70921.120134,70922.871145,70922.891586,70922.891586,70922.891602
1789037464.9679,timeline,2,-1,21671,853.0,0.0,854.0,0.112,,,,,70921.120235,70922.86247,70922.883844,70922.883844,70922.883864
1789037464.9664,timeline,1,-1,21670,853.0,0.0,854.0,0.096,,,,,70921.120814,70922.861125,70922.882286,70922.882286,70922.882301
1789037464.9671,timeline,3,-1,21672,853.0,0.0,854.0,1652.035,,,,,70922.772905,70922.862143,70922.883045,70922.883045,70922.883061
1789037465.4208,timeline,1,-1,21670,854.0,0.0,855.0,0.101,,,,,70922.882542,70923.044672,70923.336674,70923.336674,70923.336685
1789037465.4541,timeline,3,-1,21672,854.0,0.0,855.0,0.089,,,,,70922.8833,70923.04841,70923.369991,70923.369991,70923.370005
1789037465.412,timeline,2,-1,21671,854.0,0.0,855.0,0.132,,,,,70922.884296,70923.043127,70923.327952,70923.327952,70923.327963
1789037465.3846,timeline,0,-1,21669,854.0,0.0,855.0,0.148,,,,,70922.892075,70923.043174,70923.300518,70923.300518,70923.300531
1789037467.9502,timeline,0,-1,21669,855.0,0.0,856.0,0.121,,,,,70923.300957,70925.845342,70925.866122,70925.866122,70925.866143
1789037467.9497,timeline,2,-1,21671,855.0,0.0,856.0,0.08,,,,,70923.328204,70925.844663,70925.865656,70925.865656,70925.865672
1789037467.9495,timeline,1,-1,21670,855.0,0.0,856.0,0.084,,,,,70923.337064,70925.844625,70925.865422,70925.865422,70925.865437
1789037467.9503,timeline,3,-1,21672,855.0,0.0,856.0,2385.95,,,,,70925.756231,70925.845157,70925.866237,70925.866237,70925.866256
1789037468.1264,timeline,1,-1,21670,856.0,0.0,857.0,0.108,,,,,70925.865956,70926.022305,70926.042362,70926.042362,70926.042374
1789037468.1209,timeline,2,-1,21671,856.0,0.0,857.0,0.123,,,,,70925.866091,70926.016033,70926.036787,70926.036787,70926.036802
1789037468.1215,timeline,3,-1,21672,856.0,0.0,857.0,0.099,,,,,70925.866683,70926.017565,70926.03744,70926.03744,70926.037464
1789037468.1207,timeline,0,-1,21669,856.0,0.0,857.0,0.193,,,,,70925.866707,70926.016651,70926.036597,70926.036597,70926.036613
1789037470.8776,timeline,0,-1,21669,857.0,0.0,858.0,0.155,,,,,70926.037065,70928.498754,70928.793475,70928.793475,70928.793487
1789037470.8761,timeline,2,-1,21671,857.0,0.0,858.0,0.089,,,,,70926.037158,70928.498659,70928.791995,70928.791995,70928.792027
1789037470.8431,timeline,1,-1,21670,857.0,0.0,858.0,0.086,,,,,70926.04259,70928.497672,70928.758988,70928.758988,70928.759
1789037470.8517,timeline,3,-1,21672,857.0,0.0,858.0,2370.828,,,,,70928.408554,70928.499356,70928.767596,70928.767596,70928.767612
1789037470.9875,timeline,1,-1,21670,858.0,0.0,859.0,0.086,,,,,70928.75941,70928.882713,70928.903447,70928.903447,70928.90346
1789037470.9865,timeline,3,-1,21672,858.0,0.0,859.0,0.089,,,,,70928.767883,70928.88287,70928.902365,70928.902365,70928.902378
1789037470.9933,timeline,2,-1,21671,858.0,0.0,859.0,0.106,,,,,70928.792438,70928.888745,70928.909185,70928.909185,70928.9092
1789037470.9878,timeline,0,-1,21669,858.0,0.0,859.0,0.127,,,,,70928.793896,70928.882756,70928.903741,70928.903741,70928.903755
1789037473.3116,timeline,1,-1,21670,859.0,0.0,860.0,0.101,,,,,70928.9038,70931.206503,70931.227478,70931.227478,70931.227494
1789037473.3113,timeline,0,-1,21669,859.0,0.0,860.0,0.138,,,,,70928.904328,70931.206735,70931.227249,70931.227249,70931.227266
1789037473.3134,timeline,2,-1,21671,859.0,0.0,860.0,0.096,,,,,70928.909576,70931.20821,70931.229309,70931.229309,70931.229325
1789037473.3108,timeline,3,-1,21672,859.0,0.0,860.0,2215.451,,,,,70931.118059,70931.207211,70931.226715,70931.226715,70931.226729
1789037473.819,timeline,3,-1,21672,860.0,0.0,861.0,0.088,,,,,70931.227075,70931.38013,70931.725084,70931.725084,70931.734954
1789037473.8235,timeline,0,-1,21669,860.0,0.0,861.0,0.152,,,,,70931.227718,70931.378649,70931.729309,70931.729309,70931.73941
1789037473.8189,timeline,1,-1,21670,860.0,0.0,861.0,0.099,,,,,70931.227852,70931.380022,70931.726141,70931.726141,70931.73487
1789037473.8189,timeline,2,-1,21671,860.0,0.0,861.0,0.108,,,,,70931.229736,70931.378971,70931.725066,70931.725066,70931.734835
1789037475.7721,timeline,1,-1,21670,861.0,0.0,862.0,0.127,,,,,70931.735274,70933.666551,70933.687988,70933.687988,70933.688013
1789037475.7741,timeline,2,-1,21671,861.0,0.0,862.0,0.125,,,,,70931.735284,70933.668481,70933.69004,70933.69004,70933.69006
1789037475.7825,timeline,0,-1,21669,861.0,0.0,862.0,0.158,,,,,70931.739708,70933.677932,70933.698374,70933.698374,70933.69839
1789037475.7722,timeline,3,-1,21672,861.0,0.0,862.0,1843.014,,,,,70933.578241,70933.668095,70933.688068,70933.688068,70933.688082
1789037475.9511,timeline,3,-1,21672,862.0,0.0,863.0,0.092,,,,,70933.688333,70933.847912,70933.867002,70933.867002,70933.867017
1789037475.9538,timeline,1,-1,21670,862.0,0.0,863.0,0.106,,,,,70933.688472,70933.848728,70933.869669,70933.869669,70933.869685
1789037475.9538,timeline,2,-1,21671,862.0,0.0,863.0,0.131,,,,,70933.690363,70933.84837,70933.869706,70933.869706,70933.869722
1789037475.9537,timeline,0,-1,21669,862.0,0.0,863.0,0.15,,,,,70933.698816,70933.848355,70933.869564,70933.869564,70933.869584
1789037478.088,timeline,0,-1,21669,863.0,0.0,864.0,0.154,,,,,70933.870162,70935.744101,70936.003907,70936.003907,70936.003918
1789037478.0842,timeline,2,-1,21671,863.0,0.0,864.0,0.101,,,,,70933.870163,70935.744213,70936.00014,70936.00014,70936.000155
1789037478.0815,timeline,1,-1,21670,863.0,0.0,864.0,0.115,,,,,70933.870251,70935.742475,70935.997431,70935.997431,70935.997445
1789037478.0777,timeline,3,-1,21672,863.0,0.0,864.0,1788.348,,,,,70935.655602,70935.744199,70935.993608,70935.993608,70935.99362
1789037478.1973,timeline,3,-1,21672,864.0,0.0,865.0,0.098,,,,,70935.994101,70936.092285,70936.113257,70936.113257,70936.113275
1789037478.1967,timeline,1,-1,21670,864.0,0.0,865.0,0.101,,,,,70935.997829,70936.091686,70936.112587,70936.112587,70936.1126
1789037478.1967,timeline,2,-1,21671,864.0,0.0,865.0,0.12,,,,,70936.000582,70936.092198,70936.112566,70936.112566,70936.11258
1789037478.204,timeline,0,-1,21669,864.0,0.0,865.0,0.139,,,,,70936.004209,70936.0911,70936.119943,70936.119943,70936.119956
1789037479.9727,timeline,2,-1,21671,865.0,0.0,866.0,0.092,,,,,70936.112944,70937.867542,70937.888659,70937.888659,70937.888674
1789037479.9731,timeline,1,-1,21670,865.0,0.0,866.0,0.099,,,,,70936.112986,70937.867174,70937.889035,70937.889035,70937.88905
1789037479.9724,timeline,0,-1,21669,865.0,0.0,866.0,0.125,,,,,70936.120345,70937.867516,70937.888339,70937.888339,70937.888356
1789037479.9704,timeline,3,-1,21672,865.0,0.0,866.0,1665.049,,,,,70937.778559,70937.867188,70937.886321,70937.886321,70937.886337
1789037480.4237,timeline,3,-1,21672,866.0,0.0,867.0,0.101,,,,,70937.886698,70938.06189,70938.339603,70938.339603,70938.339614
1789037480.4074,timeline,0,-1,21669,866.0,0.0,867.0,0.15,,,,,70937.888797,70938.067187,70938.323293,70938.323293,70938.323307
1789037480.4389,timeline,2,-1,21671,866.0,0.0,867.0,0.126,,,,,70937.889074,70938.061566,70938.354781,70938.354781,70938.354792
1789037480.4267,timeline,1,-1,21670,866.0,0.0,867.0,0.105,,,,,70937.889389,70938.061315,70938.342567,70938.342567,70938.342579
1789037482.1575,timeline,0,-1,21669,867.0,0.0,868.0,0.132,,,,,70938.323743,70940.052824,70940.073392,70940.073392,70940.07341
1789037482.1603,timeline,1,-1,21670,867.0,0.0,868.0,0.081,,,,,70938.342811,70940.053454,70940.076203,70940.076203,70940.076226
1789037482.1577,timeline,2,-1,21671,867.0,0.0,868.0,0.093,,,,,70938.35518,70940.052357,70940.073644,70940.073644,70940.073664
1789037482.1569,timeline,3,-1,21672,867.0,0.0,868.0,1623.93,,,,,70939.963775,70940.051663,70940.072824,70940.072824,70940.072842
1789037482.3377,timeline,3,-1,21672,868.0,0.0,869.0,0.116,,,,,70940.073428,70940.226194,70940.253566,70940.253566,70940.253584
1789037482.3305,timeline,0,-1,21669,868.0,0.0,869.0,0.15,,,,,70940.073836,70940.225294,70940.246371,70940.246371,70940.246388
1789037482.3307,timeline,2,-1,21671,868.0,0.0,869.0,0.152,,,,,70940.07418,70940.225321,70940.246586,70940.246586,70940.2466
1789037482.3353,timeline,1,-1,21670,868.0,0.0,869.0,0.14,,,,,70940.076795,70940.225164,70940.251178,70940.251178,70940.251198
1789037484.8956,timeline,0,-1,21669,869.0,0.0,870.0,0.143,,,,,70940.246854,70942.550879,70942.811556,70942.811556,70942.81157
1789037484.8997,timeline,2,-1,21671,869.0,0.0,870.0,0.094,,,,,70940.246971,70942.570622,70942.81566,70942.81566,70942.815672
1789037484.9226,timeline,1,-1,21670,869.0,0.0,870.0,0.153,,,,,70940.251714,70942.56854,70942.83847,70942.83847,70942.838481
1789037484.8911,timeline,3,-1,21672,869.0,0.0,870.0,2208.465,,,,,70942.462295,70942.552379,70942.807006,70942.807006,70942.807018
1789037485.0327,timeline,3,-1,21672,870.0,0.0,871.0,0.08,,,,,70942.807387,70942.92802,70942.948585,70942.948585,70942.948601
1789037485.0308,timeline,0,-1,21669,870.0,0.0,871.0,0.131,,,,,70942.812032,70942.926487,70942.946677,70942.946677,70942.946691
1789037485.0308,timeline,2,-1,21671,870.0,0.0,871.0,0.106,,,,,70942.816079,70942.925683,70942.94672,70942.94672,70942.946733
1789037485.032,timeline,1,-1,21670,870.0,0.0,871.0,0.094,,,,,70942.838861,70942.927084,70942.947951,70942.947951,70942.947965
1789037487.849,timeline,2,-1,21671,871.0,0.0,872.0,0.091,,,,,70942.946958,70945.744804,70945.764955,70945.764955,70945.76497
1789037487.8493,timeline,0,-1,21669,871.0,0.0,872.0,0.136,,,,,70942.946972,70945.744487,70945.765169,70945.765169,70945.765183
1789037487.8505,timeline,1,-1,21670,871.0,0.0,872.0,0.121,,,,,70942.948361,70945.744678,70945.766393,70945.766393,70945.766409
1789037487.8481,timeline,3,-1,21672,871.0,0.0,872.0,2707.083,,,,,70945.655914,70945.74351,70945.764037,70945.764037,70945.76405
1789037488.2495,timeline,3,-1,21672,872.0,0.0,873.0,0.09,,,,,70945.764435,70945.915721,70946.165421,70946.165421,70946.165434
1789037488.2488,timeline,2,-1,21671,872.0,0.0,873.0,0.106,,,,,70945.765356,70945.91529,70946.164726,70946.164726,70946.164736
1789037488.2498,timeline,0,-1,21669,872.0,0.0,873.0,0.142,,,,,70945.765573,70945.915466,70946.16571,70946.16571,70946.16572
1789037488.2512,timeline,1,-1,21670,872.0,0.0,873.0,0.099,,,,,70945.766796,70945.91646,70946.167117,70946.167117,70946.16713
1789037490.799,timeline,2,-1,21671,873.0,0.0,874.0,0.088,,,,,70946.165098,70948.69411,70948.714896,70948.714896,70948.714911
1789037490.7985,timeline,0,-1,21669,873.0,0.0,874.0,0.115,,,,,70946.166099,70948.693562,70948.714411,70948.714411,70948.71443
1789037490.8023,timeline,1,-1,21670,873.0,0.0,874.0,0.102,,,,,70946.167531,70948.694592,70948.718228,70948.718228,70948.718247
1789037490.7981,timeline,3,-1,21672,873.0,0.0,874.0,2438.998,,,,,70948.604668,70948.693034,70948.713998,70948.713998,70948.714014
1789037490.9729,timeline,3,-1,21672,874.0,0.0,875.0,0.095,,,,,70948.71439,70948.867918,70948.888776,70948.888776,70948.88879
1789037490.9721,timeline,0,-1,21669,874.0,0.0,875.0,0.146,,,,,70948.714861,70948.866868,70948.887971,70948.887971,70948.887985
1789037490.9716,timeline,2,-1,21671,874.0,0.0,875.0,0.109,,,,,70948.715324,70948.86694,70948.887537,70948.887537,70948.887551
1789037490.9712,timeline,1,-1,21670,874.0,0.0,875.0,0.108,,,,,70948.718659,70948.866238,70948.887097,70948.887097,70948.887111
1789037493.2944,timeline,1,-1,21670,875.0,0.0,876.0,0.11,,,,,70948.887485,70950.950187,70951.210283,70951.210283,70951.210298
1789037493.2843,timeline,2,-1,21671,875.0,0.0,876.0,0.106,,,,,70948.887916,70950.950072,70951.200182,70951.200182,70951.200195
1789037493.2928,timeline,0,-1,21669,875.0,0.0,876.0,0.135,,,,,70948.888374,70950.950082,70951.208703,70951.208703,70951.208714
1789037493.3275,timeline,3,-1,21672,875.0,0.0,876.0,1938.075,,,,,70950.827117,70950.950209,70951.243405,70951.243405,70951.243419
1789037493.4353,timeline,2,-1,21671,876.0,0.0,877.0,0.089,,,,,70951.200598,70951.33093,70951.351173,70951.351173,70951.351185
1789037493.4349,timeline,0,-1,21669,876.0,0.0,877.0,0.127,,,,,70951.209005,70951.331113,70951.350816,70951.350816,70951.350828
1789037493.4351,timeline,1,-1,21670,876.0,0.0,877.0,0.103,,,,,70951.210843,70951.330185,70951.351029,70951.351029,70951.351041
1789037493.4357,timeline,3,-1,21672,876.0,0.0,877.0,0.084,,,,,70951.243805,70951.331068,70951.351644,70951.351644,70951.351657
1789037495.3404,timeline,0,-1,21669,877.0,0.0,878.0,0.132,,,,,70951.351207,70953.236156,70953.256275,70953.256275,70953.256289
1789037495.3415,timeline,1,-1,21670,877.0,0.0,878.0,0.123,,,,,70951.351474,70953.236457,70953.257369,70953.257369,70953.257383
1789037495.3407,timeline,2,-1,21671,877.0,0.0,878.0,0.097,,,,,70951.35154,70953.236338,70953.256625,70953.256625,70953.25664
1789037495.3408,timeline,3,-1,21672,877.0,0.0,878.0,1796.101,,,,,70953.14797,70953.235977,70953.256735,70953.256735,70953.256752
1789037495.782,timeline,0,-1,21669,878.0,0.0,879.0,0.143,,,,,70953.256591,70953.409487,70953.697949,70953.697949,70953.69796
1789037495.7503,timeline,2,-1,21671,878.0,0.0,879.0,0.107,,,,,70953.256893,70953.407647,70953.666181,70953.666181,70953.666194
1789037495.7503,timeline,3,-1,21672,878.0,0.0,879.0,0.106,,,,,70953.257037,70953.410202,70953.666235,70953.666235,70953.666249
1789037495.7494,timeline,1,-1,21670,878.0,0.0,879.0,0.087,,,,,70953.257786,70953.409397,70953.665321,70953.665321,70953.665333
1789037497.7116,timeline,1,-1,21670,879.0,0.0,880.0,0.088,,,,,70953.665698,70955.605858,70955.627522,70955.627522,70955.627537
1789037497.7105,timeline,2,-1,21671,879.0,0.0,880.0,0.09,,,,,70953.666583,70955.605754,70955.626411,70955.626411,70955.626425
1789037497.7099,timeline,0,-1,21669,879.0,0.0,880.0,0.127,,,,,70953.698376,70955.605388,70955.625822,70955.625822,70955.625838
1789037497.7119,timeline,3,-1,21672,879.0,0.0,880.0,1850.034,,,,,70955.516727,70955.605853,70955.627759,70955.627759,70955.627777
1789037497.9579,timeline,0,-1,21669,880.0,0.0,881.0,0.147,,,,,70955.626253,70955.778629,70955.864169,70955.864169,70955.873813
1789037497.9544,timeline,2,-1,21671,880.0,0.0,881.0,0.105,,,,,70955.626801,70955.776942,70955.864169,70955.864169,70955.870316
1789037497.9544,timeline,1,-1,21670,880.0,0.0,881.0,0.107,,,,,70955.627787,70955.778894,70955.864171,70955.864171,70955.8703
1789037497.9546,timeline,3,-1,21672,880.0,0.0,881.0,0.104,,,,,70955.628202,70955.780275,70955.864191,70955.864191,70955.870513
1789037500.6958,timeline,1,-1,21670,881.0,0.0,882.0,0.104,,,,,70955.87053,70958.273265,70958.611688,70958.611688,70958.6117
1789037500.605,timeline,2,-1,21671,881.0,0.0,882.0,0.1,,,,,70955.870674,70958.266397,70958.520915,70958.520915,70958.520928
1789037500.6489,timeline,0,-1,21669,881.0,0.0,882.0,0.136,,,,,70955.874198,70958.266445,70958.564818,70958.564818,70958.564828
1789037500.6086,timeline,3,-1,21672,881.0,0.0,882.0,2306.077,,,,,70958.176838,70958.266643,70958.524514,70958.524514,70958.52453
1789037500.8036,timeline,2,-1,21671,882.0,0.0,883.0,0.102,,,,,70958.521328,70958.698832,70958.719519,70958.719519,70958.719532
1789037500.8047,timeline,3,-1,21672,882.0,0.0,883.0,0.086,,,,,70958.524929,70958.699671,70958.720563,70958.720563,70958.720581
1789037500.8033,timeline,0,-1,21669,882.0,0.0,883.0,0.129,,,,,70958.565245,70958.698812,70958.719178,70958.719178,70958.719192
1789037500.8067,timeline,1,-1,21670,882.0,0.0,883.0,0.094,,,,,70958.612108,70958.700058,70958.722634,70958.722634,70958.722648
1789037502.509,timeline,0,-1,21669,883.0,0.0,884.0,0.148,,,,,70958.719611,70960.404683,70960.424911,70960.424911,70960.424927
1789037502.5042,timeline,2,-1,21671,883.0,0.0,884.0,0.11,,,,,70958.719917,70960.398881,70960.420075,70960.420075,70960.420093
1789037502.503,timeline,1,-1,21670,883.0,0.0,884.0,0.115,,,,,70958.723039,70960.398932,70960.418896,70960.418896,70960.418914
1789037502.5045,timeline,3,-1,21672,883.0,0.0,884.0,1582.304,,,,,70960.303147,70960.39913,70960.420446,70960.420446,70960.420464
1789037502.9339,timeline,1,-1,21670,884.0,0.0,885.0,0.113,,,,,70960.419403,70960.575217,70960.849818,70960.849818,70960.849832
1789037502.9142,timeline,2,-1,21671,884.0,0.0,885.0,0.113,,,,,70960.420488,70960.576483,70960.830156,70960.830156,70960.830168
1789037502.9159,timeline,3,-1,21672,884.0,0.0,885.0,0.102,,,,,70960.420862,70960.57737,70960.831765,70960.831765,70960.831778
1789037502.9137,timeline,0,-1,21669,884.0,0.0,885.0,0.148,,,,,70960.425377,70960.575798,70960.829645,70960.829645,70960.82966
1789037505.5035,timeline,0,-1,21669,885.0,0.0,886.0,0.15,,,,,70960.83014,70963.398239,70963.419436,70963.419436,70963.419457
1789037505.5068,timeline,2,-1,21671,885.0,0.0,886.0,0.092,,,,,70960.83054,70963.401026,70963.422728,70963.422728,70963.42275
1789037505.5027,timeline,1,-1,21670,885.0,0.0,886.0,0.107,,,,,70960.850248,70963.398349,70963.418619,70963.418619,70963.418634
1789037505.5021,timeline,3,-1,21672,885.0,0.0,886.0,2477.316,,,,,70963.309327,70963.397083,70963.417975,70963.417975,70963.417989
1789037505.6782,timeline,3,-1,21672,886.0,0.0,887.0,0.094,,,,,70963.418243,70963.572222,70963.594154,70963.594154,70963.59417
1789037505.6973,timeline,1,-1,21670,886.0,0.0,887.0,0.101,,,,,70963.419017,70963.593771,70963.61317,70963.61317,70963.613189
1789037505.7083,timeline,0,-1,21669,886.0,0.0,887.0,0.178,,,,,70963.41997,70963.571925,70963.624214,70963.624214,70963.624236
1789037505.6815,timeline,2,-1,21671,886.0,0.0,887.0,0.133,,,,,70963.423056,70963.571958,70963.597381,70963.597381,70963.597399
1789037508.5111,timeline,2,-1,21671,887.0,0.0,888.0,0.125,,,,,70963.597974,70966.17272,70966.427032,70966.427032,70966.427044
1789037508.502,timeline,1,-1,21670,887.0,0.0,888.0,0.1,,,,,70963.613453,70966.173408,70966.417951,70966.417951,70966.417963
1789037508.5144,timeline,0,-1,21669,887.0,0.0,888.0,0.176,,,,,70963.62473,70966.173214,70966.430284,70966.430284,70966.430296
1789037508.5056,timeline,3,-1,21672,887.0,0.0,888.0,2490.836,,,,,70966.08524,70966.172231,70966.421497,70966.421497,70966.421511
1789037508.6212,timeline,1,-1,21670,888.0,0.0,889.0,0.092,,,,,70966.418343,70966.517251,70966.537104,70966.537104,70966.537118
1789037508.6232,timeline,3,-1,21672,888.0,0.0,889.0,0.071,,,,,70966.421851,70966.518705,70966.539102,70966.539102,70966.539118
1789037508.6548,timeline,2,-1,21671,888.0,0.0,889.0,0.096,,,,,70966.427426,70966.516514,70966.570701,70966.570701,70966.570714
1789037508.6225,timeline,0,-1,21669,888.0,0.0,889.0,0.17,,,,,70966.430821,70966.517174,70966.538366,70966.538366,70966.538381
1789037510.7584,timeline,1,-1,21670,889.0,0.0,890.0,0.085,,,,,70966.537481,70968.653828,70968.674257,70968.674257,70968.674282
1789037510.7609,timeline,0,-1,21669,889.0,0.0,890.0,0.143,,,,,70966.538955,70968.656923,70968.676842,70968.676842,70968.676857
1789037510.7598,timeline,2,-1,21671,889.0,0.0,890.0,0.106,,,,,70966.571077,70968.652357,70968.675706,70968.675706,70968.675728
1789037510.758,timeline,3,-1,21672,889.0,0.0,890.0,2021.734,,,,,70968.561079,70968.652129,70968.673864,70968.673864,70968.673879
1789037511.2279,timeline,3,-1,21672,890.0,0.0,891.0,0.093,,,,,70968.674119,70968.859949,70969.143854,70969.143854,70969.143869
1789037511.2039,timeline,1,-1,21670,890.0,0.0,891.0,0.114,,,,,70968.674817,70968.865449,70969.11976,70969.11976,70969.119775
1789037511.1961,timeline,2,-1,21671,890.0,0.0,891.0,0.161,,,,,70968.676077,70968.859304,70969.111963,70969.111963,70969.111977
1789037511.1971,timeline,0,-1,21669,890.0,0.0,891.0,0.162,,,,,70968.677174,70968.859284,70969.113053,70969.113053,70969.113065
1789037512.6706,timeline,2,-1,21671,891.0,0.0,892.0,0.077,,,,,70969.112514,70970.565236,70970.586508,70970.586508,70970.586523
1789037512.6696,timeline,0,-1,21669,891.0,0.0,892.0,0.113,,,,,70969.113325,70970.565296,70970.585524,70970.585524,70970.58554
1789037512.6687,timeline,1,-1,21670,891.0,0.0,892.0,0.468,,,,,70969.12041,70970.564038,70970.58457,70970.58457,70970.584593
1789037512.6672,timeline,3,-1,21672,891.0,0.0,892.0,1331.411,,,,,70970.475505,70970.563647,70970.583142,70970.583142,70970.583156
1789037512.8386,timeline,3,-1,21672,892.0,0.0,893.0,0.083,,,,,70970.583484,70970.73568,70970.754483,70970.754483,70970.754494
1789037512.841,timeline,1,-1,21670,892.0,0.0,893.0,0.14,,,,,70970.585132,70970.736087,70970.75688,70970.75688,70970.756897
1789037512.8403,timeline,0,-1,21669,892.0,0.0,893.0,0.159,,,,,70970.585982,70970.73567,70970.756165,70970.756165,70970.756182
1789037512.8403,timeline,2,-1,21671,892.0,0.0,893.0,0.169,,,,,70970.587008,70970.735872,70970.756167,70970.756167,70970.756184
1789037515.1974,timeline,2,-1,21671,893.0,0.0,894.0,0.102,,,,,70970.756577,70972.853712,70973.113282,70973.113282,70973.113295
1789037515.2604,timeline,0,-1,21669,893.0,0.0,894.0,0.146,,,,,70970.7566,70972.853843,70973.176269,70973.176269,70973.176279
1789037515.1948,timeline,1,-1,21670,893.0,0.0,894.0,0.116,,,,,70970.757319,70972.853733,70973.110762,70973.110762,70973.110773
1789037515.1895,timeline,3,-1,21672,893.0,0.0,894.0,2010.284,,,,,70972.765187,70972.852212,70973.105419,70973.105419,70973.105432
1789037515.3668,timeline,3,-1,21672,894.0,0.0,895.0,0.079,,,,,70973.105671,70973.263231,70973.282669,70973.282669,70973.282681
1789037515.3738,timeline,1,-1,21670,894.0,0.0,895.0,0.085,,,,,70973.111139,70973.263686,70973.289757,70973.289757,70973.289769
1789037515.3673,timeline,2,-1,21671,894.0,0.0,895.0,0.096,,,,,70973.113677,70973.262833,70973.283199,70973.283199,70973.283211
1789037515.3673,timeline,0,-1,21669,894.0,0.0,895.0,0.128,,,,,70973.176678,70973.263376,70973.283198,70973.283198,70973.283211
1789037516.6135,timeline,0,-1,21669,895.0,0.0,896.0,0.129,,,,,70973.283571,70974.509074,70974.52943,70974.52943,70974.529448
1789037516.6135,timeline,2,-1,21671,895.0,0.0,896.0,0.102,,,,,70973.283572,70974.509277,70974.529431,70974.529431,70974.529448
1789037516.6143,timeline,1,-1,21670,895.0,0.0,896.0,0.097,,,,,70973.290115,70974.509031,70974.530172,70974.530172,70974.530185
1789037516.6142,timeline,3,-1,21672,895.0,0.0,896.0,1137.08,,,,,70974.419984,70974.507636,70974.530144,70974.530144,70974.530159
1789037517.0355,timeline,2,-1,21671,896.0,0.0,897.0,0.109,,,,,70974.529829,70974.67948,70974.951415,70974.951415,70974.951426
1789037517.0182,timeline,0,-1,21669,896.0,0.0,897.0,0.145,,,,,70974.529873,70974.680329,70974.934098,70974.934098,70974.934109
1789037517.0484,timeline,3,-1,21672,896.0,0.0,897.0,0.103,,,,,70974.530553,70974.682325,70974.964277,70974.964277,70974.964289
1789037517.0159,timeline,1,-1,21670,896.0,0.0,897.0,0.104,,,,,70974.530557,70974.679416,70974.931818,70974.931818,70974.931829
1789037519.4246,timeline,1,-1,21670,897.0,0.0,898.0,0.084,,,,,70974.932196,70977.318767,70977.340538,70977.340538,70977.340557
1789037519.4213,timeline,0,-1,21669,897.0,0.0,898.0,0.126,,,,,70974.934514,70977.316578,70977.337236,70977.337236,70977.337254
1789037519.4213,timeline,2,-1,21671,897.0,0.0,898.0,0.084,,,,,70974.951777,70977.316629,70977.337237,70977.337237,70977.337253
1789037519.4241,timeline,3,-1,21672,897.0,0.0,898.0,2262.825,,,,,70977.22756,70977.319815,70977.339975,70977.339975,70977.33999
1789037519.6153,timeline,2,-1,21671,898.0,0.0,899.0,0.109,,,,,70977.337631,70977.510355,70977.531194,70977.531194,70977.531208
1789037519.6153,timeline,0,-1,21669,898.0,0.0,899.0,0.144,,,,,70977.337675,70977.510328,70977.531193,70977.531193,70977.53121
1789037519.617,timeline,3,-1,21672,898.0,0.0,899.0,0.099,,,,,70977.340389,70977.513208,70977.532866,70977.532866,70977.532881
1789037519.6151,timeline,1,-1,21670,898.0,0.0,899.0,0.122,,,,,70977.340989,70977.510156,70977.53097,70977.53097,70977.530984
1789037521.8431,timeline,1,-1,21670,899.0,0.0,900.0,0.115,,,,,70977.531403,70979.49232,70979.758995,70979.758995,70979.759011
1789037521.8394,timeline,2,-1,21671,899.0,0.0,900.0,0.112,,,,,70977.531613,70979.497486,70979.755349,70979.755349,70979.755362
1789037521.8782,timeline,0,-1,21669,899.0,0.0,900.0,0.136,,,,,70977.531642,70979.496482,70979.794103,70979.794103,70979.794115
1789037521.8621,timeline,3,-1,21672,899.0,0.0,900.0,1871.31,,,,,70979.404456,70979.494654,70979.777998,70979.777998,70979.778015
1789037522.0563,timeline,2,-1,21671,900.0,0.0,901.0,0.09,,,,,70979.75576,70979.881548,70979.966524,70979.966524,70979.97225
1789037522.0564,timeline,1,-1,21670,900.0,0.0,901.0,0.101,,,,,70979.759427,70979.883008,70979.966512,70979.966512,70979.972291
1789037522.0564,timeline,3,-1,21672,900.0,0.0,901.0,0.102,,,,,70979.778461,70979.883141,70979.966524,70979.966524,70979.972286
1789037522.0602,timeline,0,-1,21669,900.0,0.0,901.0,0.126,,,,,70979.794501,70979.880609,70979.966525,70979.966525,70979.976162
1789037524.1324,timeline,2,-1,21671,901.0,0.0,902.0,0.102,,,,,70979.972487,70982.026115,70982.048272,70982.048272,70982.048289
1789037524.132,timeline,1,-1,21670,901.0,0.0,902.0,0.115,,,,,70979.972721,70982.026526,70982.047873,70982.047873,70982.047894
1789037524.1321,timeline,0,-1,21669,901.0,0.0,902.0,0.13,,,,,70979.976412,70982.025363,70982.048041,70982.048041,70982.048059
1789037524.1316,timeline,3,-1,21672,901.0,0.0,902.0,1964.103,,,,,70981.936824,70982.027812,70982.047551,70982.047551,70982.047567
1789037524.5355,timeline,3,-1,21672,902.0,0.0,903.0,0.101,,,,,70982.047842,70982.200313,70982.451442,70982.451442,70982.45146
1789037524.588,timeline,0,-1,21669,902.0,0.0,903.0,0.169,,,,,70982.048571,70982.22879,70982.503917,70982.503917,70982.503934
1789037524.5413,timeline,2,-1,21671,902.0,0.0,903.0,0.124,,,,,70982.048677,70982.20184,70982.45725,70982.45725,70982.457263
1789037524.5367,timeline,1,-1,21670,902.0,0.0,903.0,1.875,,,,,70982.050108,70982.199626,70982.452658,70982.452658,70982.45267
1789037526.3994,timeline,1,-1,21670,903.0,0.0,904.0,0.09,,,,,70982.453069,70984.293053,70984.315298,70984.315298,70984.315317
1789037526.3991,timeline,2,-1,21671,903.0,0.0,904.0,0.076,,,,,70982.457627,70984.293066,70984.315014,70984.315014,70984.315032
1789037526.4281,timeline,0,-1,21669,903.0,0.0,904.0,0.132,,,,,70982.504346,70984.293044,70984.344032,70984.344032,70984.344049
1789037526.4025,timeline,3,-1,21672,903.0,0.0,904.0,1735.231,,,,,70984.187022,70984.298902,70984.318461,70984.318461,70984.318475
1789037526.5858,timeline,2,-1,21671,904.0,0.0,905.0,0.112,,,,,70984.315422,70984.481471,70984.501689,70984.501689,70984.501702
1789037526.5859,timeline,1,-1,21670,904.0,0.0,905.0,0.136,,,,,70984.315782,70984.481101,70984.50184,70984.50184,70984.501853
1789037526.586,timeline,3,-1,21672,904.0,0.0,905.0,0.085,,,,,70984.318838,70984.482303,70984.501943,70984.501943,70984.501959
1789037526.5849,timeline,0,-1,21669,904.0,0.0,905.0,0.151,,,,,70984.344351,70984.480574,70984.500788,70984.500788,70984.500806
1789037528.7714,timeline,0,-1,21669,905.0,0.0,906.0,0.128,,,,,70984.501367,70986.365924,70986.687331,70986.687331,70986.687343
1789037528.7112,timeline,2,-1,21671,905.0,0.0,906.0,0.088,,,,,70984.502055,70986.365961,70986.627151,70986.627151,70986.627163
1789037528.7036,timeline,1,-1,21670,905.0,0.0,906.0,0.105,,,,,70984.50224,70986.364568,70986.619514,70986.619514,70986.61953
1789037528.7368,timeline,3,-1,21672,905.0,0.0,906.0,1773.654,,,,,70986.275873,70986.367565,70986.652746,70986.652746,70986.652759
1789037528.8798,timeline,1,-1,21670,906.0,0.0,907.0,0.104,,,,,70986.619776,70986.774411,70986.795742,70986.795742,70986.795754
1789037528.8811,timeline,2,-1,21671,906.0,0.0,907.0,0.097,,,,,70986.627525,70986.77552,70986.79704,70986.79704,70986.797053
1789037528.8813,timeline,3,-1,21672,906.0,0.0,907.0,0.079,,,,,70986.65313,70986.776536,70986.797205,70986.797205,70986.797222
1789037528.881,timeline,0,-1,21669,906.0,0.0,907.0,0.137,,,,,70986.68777,70986.775566,70986.796945,70986.796945,70986.796962
1789037530.7455,timeline,1,-1,21670,907.0,0.0,908.0,0.1,,,,,70986.795986,70988.639819,70988.661447,70988.661447,70988.661462
1789037530.7452,timeline,0,-1,21669,907.0,0.0,908.0,0.152,,,,,70986.797283,70988.64007,70988.661149,70988.661149,70988.661166
1789037530.745,timeline,2,-1,21671,907.0,0.0,908.0,0.097,,,,,70986.797496,70988.640274,70988.660863,70988.660863,70988.660878
1789037530.7436,timeline,3,-1,21672,907.0,0.0,908.0,1754.271,,,,,70988.551719,70988.639332,70988.65953,70988.65953,70988.659545
1789037531.1953,timeline,3,-1,21672,908.0,0.0,909.0,0.118,,,,,70988.659864,70988.814654,70989.111252,70989.111252,70989.111267
1789037531.1956,timeline,2,-1,21671,908.0,0.0,909.0,0.12,,,,,70988.661368,70988.814792,70989.111544,70989.111544,70989.111555
1789037531.1931,timeline,0,-1,21669,908.0,0.0,909.0,0.177,,,,,70988.661652,70988.814138,70989.108979,70989.108979,70989.108991
1789037531.1818,timeline,1,-1,21670,908.0,0.0,909.0,0.115,,,,,70988.66187,70988.812988,70989.097686,70989.097686,70989.0977
1789037532.9842,timeline,1,-1,21670,909.0,0.0,910.0,0.104,,,,,70989.098118,70990.878756,70990.90007,70990.90007,70990.900089
1789037532.9834,timeline,0,-1,21669,909.0,0.0,910.0,0.113,,,,,70989.109439,70990.878456,70990.899273,70990.899273,70990.89929
1789037533.0153,timeline,2,-1,21671,909.0,0.0,910.0,0.078,,,,,70989.111901,70990.877863,70990.931182,70990.931182,70990.931197
1789037532.9837,timeline,3,-1,21672,909.0,0.0,910.0,1677.33,,,,,70990.78884,70990.877966,70990.899658,70990.899658,70990.899673
1789037533.1951,timeline,0,-1,21669,910.0,0.0,911.0,0.154,,,,,70990.899778,70991.089305,70991.110983,70991.110983,70991.111002
1789037533.1937,timeline,3,-1,21672,910.0,0.0,911.0,0.101,,,,,70990.900109,70991.08915,70991.109562,70991.109562,70991.10958
1789037533.195,timeline,1,-1,21670,910.0,0.0,911.0,0.137,,,,,70990.900621,70991.089753,70991.110874,70991.110874,70991.110888
1789037533.2124,timeline,2,-1,21671,910.0,0.0,911.0,0.131,,,,,70990.931704,70991.09506,70991.128298,70991.128298,70991.12832
1789037535.6899,timeline,1,-1,21670,911.0,0.0,912.0,0.108,,,,,70991.111263,70993.341543,70993.605842,70993.605842,70993.605853
1789037535.6798,timeline,0,-1,21669,911.0,0.0,912.0,0.149,,,,,70991.111467,70993.342003,70993.595753,70993.595753,70993.595765
1789037535.6906,timeline,2,-1,21671,911.0,0.0,912.0,0.139,,,,,70991.128811,70993.342144,70993.606516,70993.606516,70993.606529
1789037535.6901,timeline,3,-1,21672,911.0,0.0,912.0,2143.836,,,,,70993.253634,70993.342457,70993.606046,70993.606046,70993.606064
1789037535.8315,timeline,0,-1,21669,912.0,0.0,913.0,0.133,,,,,70993.596218,70993.727221,70993.747403,70993.747403,70993.74742
1789037535.8268,timeline,1,-1,21670,912.0,0.0,913.0,0.09,,,,,70993.606236,70993.721327,70993.742724,70993.742724,70993.742738
1789037535.8271,timeline,3,-1,21672,912.0,0.0,913.0,0.101,,,,,70993.606476,70993.721467,70993.743041,70993.743041,70993.743057
1789037535.8261,timeline,2,-1,21671,912.0,0.0,913.0,0.116,,,,,70993.606949,70993.721169,70993.741975,70993.741975,70993.74199
1789037538.3434,timeline,2,-1,21671,913.0,0.0,914.0,0.11,,,,,70993.742413,70996.238994,70996.259356,70996.259356,70996.259372
1789037538.3416,timeline,1,-1,21670,913.0,0.0,914.0,0.112,,,,,70993.74317,70996.237211,70996.257488,70996.257488,70996.257501
1789037538.3432,timeline,0,-1,21669,913.0,0.0,914.0,0.159,,,,,70993.747929,70996.238731,70996.259133,70996.259133,70996.25915
1789037538.3443,timeline,3,-1,21672,913.0,0.0,914.0,2407.164,,,,,70996.150495,70996.239751,70996.260234,70996.260234,70996.26025
1789037538.77,timeline,1,-1,21670,914.0,0.0,915.0,0.105,,,,,70996.257891,70996.411916,70996.68589,70996.68589,70996.685901
1789037538.7568,timeline,0,-1,21669,914.0,0.0,915.0,0.149,,,,,70996.259618,70996.411658,70996.672716,70996.672716,70996.672731
1789037538.7633,timeline,2,-1,21671,914.0,0.0,915.0,0.123,,,,,70996.259797,70996.411262,70996.679193,70996.679193,70996.679204
1789037538.7606,timeline,3,-1,21672,914.0,0.0,915.0,0.099,,,,,70996.260646,70996.411587,70996.676543,70996.676543,70996.676558
1789037540.0242,timeline,0,-1,21669,915.0,0.0,916.0,0.121,,,,,70996.673177,70997.919805,70997.940141,70997.940141,70997.940161
1789037540.0193,timeline,2,-1,21671,915.0,0.0,916.0,0.096,,,,,70996.679594,70997.914256,70997.935195,70997.935195,70997.935211
1789037540.0189,timeline,1,-1,21670,915.0,0.0,916.0,0.084,,,,,70996.686291,70997.914615,70997.934789,70997.934789,70997.934803
1789037540.0198,timeline,3,-1,21672,915.0,0.0,916.0,1125.708,,,,,70997.802517,70997.914578,70997.935686,70997.935686,70997.935705
1789037540.1941,timeline,1,-1,21670,916.0,0.0,917.0,0.111,,,,,70997.935253,70998.090354,70998.110026,70998.110026,70998.11004
1789037540.1951,timeline,2,-1,21671,916.0,0.0,917.0,0.104,,,,,70997.935479,70998.090426,70998.11104,70998.11104,70998.111055
1789037540.1995,timeline,3,-1,21672,916.0,0.0,917.0,0.107,,,,,70997.935982,70998.091419,70998.115439,70998.115439,70998.115459
1789037540.1951,timeline,0,-1,21669,916.0,0.0,917.0,0.166,,,,,70997.94061,70998.090394,70998.110989,70998.110989,70998.111008
1789037542.6074,timeline,1,-1,21670,917.0,0.0,918.0,0.127,,,,,70998.110504,71000.223338,71000.523313,71000.523313,71000.523328
1789037542.5557,timeline,0,-1,21669,917.0,0.0,918.0,0.146,,,,,70998.111316,71000.21761,71000.471649,71000.471649,71000.47166
1789037542.6098,timeline,2,-1,21671,917.0,0.0,918.0,0.108,,,,,70998.111317,71000.217634,71000.52576,71000.52576,71000.525771
1789037542.5798,timeline,3,-1,21672,917.0,0.0,918.0,2009.105,,,,,71000.124807,71000.217768,71000.495741,71000.495741,71000.495756
1789037542.7179,timeline,0,-1,21669,918.0,0.0,919.0,0.144,,,,,71000.472434,71000.613526,71000.633794,71000.633794,71000.633807
1789037542.7185,timeline,3,-1,21672,918.0,0.0,919.0,0.085,,,,,71000.496303,71000.613845,71000.63437,71000.63437,71000.634386
1789037542.7168,timeline,1,-1,21670,918.0,0.0,919.0,0.104,,,,,71000.523724,71000.613191,71000.632684,71000.632684,71000.632696
1789037542.7177,timeline,2,-1,21671,918.0,0.0,919.0,0.085,,,,,71000.526,71000.613502,71000.633666,71000.633666,71000.633677
1789037544.9453,timeline,1,-1,21670,919.0,0.0,920.0,0.097,,,,,71000.633096,71002.840619,71002.861236,71002.861236,71002.861259
1789037544.9394,timeline,2,-1,21671,919.0,0.0,920.0,0.091,,,,,71000.633999,71002.834577,71002.855291,71002.855291,71002.855306
1789037544.9391,timeline,0,-1,21669,919.0,0.0,920.0,0.129,,,,,71000.634171,71002.834653,71002.854978,71002.854978,71002.854995
1789037544.9398,timeline,3,-1,21672,919.0,0.0,920.0,2083.599,,,,,71002.718233,71002.83471,71002.855711,71002.855711,71002.855725
1789037545.4259,timeline,0,-1,21669,920.0,0.0,921.0,0.144,,,,,71002.855418,71003.011857,71003.328139,71003.328139,71003.341867
1789037545.4218,timeline,2,-1,21671,920.0,0.0,921.0,0.104,,,,,71002.855547,71003.012939,71003.33058,71003.33058,71003.337763
1789037545.4219,timeline,3,-1,21672,920.0,0.0,921.0,0.097,,,,,71002.856386,71003.014271,71003.328195,71003.328195,71003.337825
1789037545.4219,timeline,1,-1,21670,920.0,0.0,921.0,0.13,,,,,71002.861675,71003.014506,71003.332291,71003.332291,71003.337821
1789037547.6414,timeline,2,-1,21671,921.0,0.0,922.0,0.115,,,,,71003.33817,71005.536396,71005.557345,71005.557345,71005.557359
1789037547.6554,timeline,1,-1,21670,921.0,0.0,922.0,0.114,,,,,71003.338207,71005.550316,71005.571325,71005.571325,71005.571345
1789037547.6412,timeline,0,-1,21669,921.0,0.0,922.0,0.138,,,,,71003.342249,71005.53635,71005.557132,71005.557132,71005.557147
1789037547.6449,timeline,3,-1,21672,921.0,0.0,922.0,2108.592,,,,,71005.446679,71005.535331,71005.5608,71005.5608,71005.560817
1789037547.8247,timeline,0,-1,21669,922.0,0.0,923.0,0.148,,,,,71005.557449,71005.720634,71005.740609,71005.740609,71005.740623
1789037547.8241,timeline,2,-1,21671,922.0,0.0,923.0,0.101,,,,,71005.557604,71005.719563,71005.740054,71005.740054,71005.740066
1789037547.8301,timeline,3,-1,21672,922.0,0.0,923.0,0.1,,,,,71005.561213,71005.722556,71005.745963,71005.745963,71005.745985
1789037547.8256,timeline,1,-1,21670,922.0,0.0,923.0,0.13,,,,,71005.57179,71005.720949,71005.741469,71005.741469,71005.741483
1789037550.3658,timeline,2,-1,21671,923.0,0.0,924.0,0.095,,,,,71005.740397,71008.032564,71008.281713,71008.281713,71008.281729
1789037550.3724,timeline,0,-1,21669,923.0,0.0,924.0,0.125,,,,,71005.740979,71008.032523,71008.288338,71008.288338,71008.288351
1789037550.4044,timeline,1,-1,21670,923.0,0.0,924.0,0.099,,,,,71005.741824,71008.032257,71008.320316,71008.320316,71008.320329
1789037550.3741,timeline,3,-1,21672,923.0,0.0,924.0,2198.712,,,,,71007.944962,71008.032629,71008.289994,71008.289994,71008.290008
1789037550.5143,timeline,2,-1,21671,924.0,0.0,925.0,0.117,,,,,71008.282186,71008.408803,71008.43024,71008.43024,71008.430255
1789037550.5139,timeline,0,-1,21669,924.0,0.0,925.0,0.138,,,,,71008.288791,71008.408413,71008.429831,71008.429831,71008.429849
1789037550.5411,timeline,3,-1,21672,924.0,0.0,925.0,0.082,,,,,71008.290431,71008.409103,71008.456966,71008.456966,71008.456983
1789037550.512,timeline,1,-1,21670,924.0,0.0,925.0,0.084,,,,,71008.320681,71008.408091,71008.427929,71008.427929,71008.42794
1789037552.3584,timeline,1,-1,21670,925.0,0.0,926.0,0.097,,,,,71008.428281,71010.253511,71010.274325,71010.274325,71010.27434
1789037552.3573,timeline,0,-1,21669,925.0,0.0,926.0,0.15,,,,,71008.430288,71010.253098,71010.273229,71010.273229,71010.273246
1789037552.3567,timeline,2,-1,21671,925.0,0.0,926.0,0.095,,,,,71008.430631,71010.251673,71010.272647,71010.272647,71010.272667
1789037552.359,timeline,3,-1,21672,925.0,0.0,926.0,1707.615,,,,,71010.164849,71010.253257,71010.274897,71010.274897,71010.274915
1789037552.7605,timeline,2,-1,21671,926.0,0.0,927.0,0.117,,,,,71010.272938,71010.427066,71010.676401,71010.676401,71010.676412
1789037552.7657,timeline,0,-1,21669,926.0,0.0,927.0,0.147,,,,,71010.274031,71010.426707,71010.681587,71010.681587,71010.681598
1789037552.7993,timeline,1,-1,21670,926.0,0.0,927.0,0.105,,,,,71010.274593,71010.426999,71010.715166,71010.715166,71010.715178
1789037552.7616,timeline,3,-1,21672,926.0,0.0,927.0,0.092,,,,,71010.275296,71010.428121,71010.677517,71010.677517,71010.677532
1789037554.7132,timeline,2,-1,21671,927.0,0.0,928.0,0.084,,,,,71010.676864,71012.607397,71012.629064,71012.629064,71012.629081
1789037554.7124,timeline,0,-1,21669,927.0,0.0,928.0,0.126,,,,,71010.681875,71012.607853,71012.628349,71012.628349,71012.628365
1789037554.713,timeline,1,-1,21670,927.0,0.0,928.0,0.085,,,,,71010.715521,71012.607914,71012.628889,71012.628889,71012.628904
1789037554.711,timeline,3,-1,21672,927.0,0.0,928.0,1840.505,,,,,71012.518278,71012.60581,71012.626892,71012.626892,71012.626907
1789037554.9036,timeline,3,-1,21672,928.0,0.0,929.0,0.09,,,,,71012.62726,71012.793681,71012.819471,71012.819471,71012.819492
1789037554.9038,timeline,0,-1,21669,928.0,0.0,929.0,0.159,,,,,71012.628819,71012.799496,71012.81968,71012.81968,71012.819695
1789037554.9135,timeline,1,-1,21670,928.0,0.0,929.0,0.102,,,,,71012.62927,71012.808962,71012.829437,71012.829437,71012.829452
1789037554.8987,timeline,2,-1,21671,928.0,0.0,929.0,0.122,,,,,71012.629526,71012.793476,71012.814579,71012.814579,71012.814595
1789037557.0987,timeline,2,-1,21671,929.0,0.0,930.0,0.096,,,,,71012.814961,71014.72509,71015.014616,71015.014616,71015.014632
1789037557.1429,timeline,0,-1,21669,929.0,0.0,930.0,0.132,,,,,71012.819987,71014.734353,71015.058853,71015.058853,71015.058866
1789037557.0585,timeline,1,-1,21670,929.0,0.0,930.0,0.099,,,,,71012.829695,71014.723291,71014.974412,71014.974412,71014.974425
1789037557.0685,timeline,3,-1,21672,929.0,0.0,930.0,1813.438,,,,,71014.633337,71014.723325,71014.984427,71014.984427,71014.984442
1789037557.2606,timeline,1,-1,21670,930.0,0.0,931.0,0.101,,,,,71014.974688,71015.155426,71015.176539,71015.176539,71015.176554
1789037557.2544,timeline,3,-1,21672,930.0,0.0,931.0,0.083,,,,,71014.984691,71015.149409,71015.170269,71015.170269,71015.170285
1789037557.2563,timeline,2,-1,21671,930.0,0.0,931.0,0.124,,,,,71015.0151,71015.149246,71015.172179,71015.172179,71015.172195
1789037557.2551,timeline,0,-1,21669,930.0,0.0,931.0,0.149,,,,,71015.059199,71015.149258,71015.171008,71015.171008,71015.171027
1789037559.1204,timeline,0,-1,21669,931.0,0.0,932.0,0.156,,,,,71015.171347,71017.015992,71017.036359,71017.036359,71017.036376
1789037559.1204,timeline,2,-1,21671,931.0,0.0,932.0,0.115,,,,,71015.17247,71017.015384,71017.036291,71017.036291,71017.036309
1789037559.1221,timeline,1,-1,21670,931.0,0.0,932.0,0.094,,,,,71015.176988,71017.016511,71017.037973,71017.037973,71017.037989
1789037559.1222,timeline,3,-1,21672,931.0,0.0,932.0,1755.999,,,,,71016.926514,71017.01422,71017.03811,71017.03811,71017.038128
1789037559.5277,timeline,2,-1,21671,932.0,0.0,933.0,0.123,,,,,71017.036724,71017.190199,71017.443588,71017.443588,71017.443604
1789037559.5295,timeline,0,-1,21669,932.0,0.0,933.0,0.146,,,,,71017.036782,71017.189731,71017.445447,71017.445447,71017.445459
1789037559.5593,timeline,1,-1,21670,932.0,0.0,933.0,0.107,,,,,71017.03836,71017.189484,71017.475231,71017.475231,71017.475243
1789037559.5375,timeline,3,-1,21672,932.0,0.0,933.0,0.111,,,,,71017.038549,71017.190778,71017.453369,71017.453369,71017.453381
1789037561.4844,timeline,2,-1,21671,933.0,0.0,934.0,0.11,,,,,71017.444099,71019.38061,71019.400293,71019.400293,71019.40031
1789037561.4847,timeline,0,-1,21669,933.0,0.0,934.0,0.161,,,,,71017.445927,71019.380879,71019.400614,71019.400614,71019.400631
1789037561.4858,timeline,1,-1,21670,933.0,0.0,934.0,0.236,,,,,71017.475634,71019.380995,71019.401732,71019.401732,71019.401747
1789037561.4862,timeline,3,-1,21672,933.0,0.0,934.0,1838.378,,,,,71019.292038,71019.381091,71019.402077,71019.402077,71019.402095
1789037561.66,timeline,2,-1,21671,934.0,0.0,935.0,0.124,,,,,71019.400769,71019.553154,71019.575865,71019.575865,71019.575882
1789037561.6599,timeline,0,-1,21669,934.0,0.0,935.0,0.16,,,,,71019.401066,71019.552747,71019.575848,71019.575848,71019.575865
1789037561.6599,timeline,1,-1,21670,934.0,0.0,935.0,0.117,,,,,71019.402144,71019.554573,71019.575843,71019.575843,71019.575862
1789037561.6643,timeline,3,-1,21672,934.0,0.0,935.0,0.105,,,,,71019.402492,71019.554162,71019.580189,71019.580189,71019.580208
1789037563.7011,timeline,1,-1,21670,935.0,0.0,936.0,0.123,,,,,71019.576173,71021.367208,71021.617057,71021.617057,71021.617067
1789037563.7059,timeline,0,-1,21669,935.0,0.0,936.0,0.166,,,,,71019.576196,71021.368872,71021.621858,71021.621858,71021.62187
1789037563.6954,timeline,2,-1,21671,935.0,0.0,936.0,0.14,,,,,71019.576207,71021.368318,71021.611269,71021.611269,71021.611282
1789037563.7091,timeline,3,-1,21672,935.0,0.0,936.0,1699.979,,,,,71021.280462,71021.369038,71021.625035,71021.625035,71021.625052
1789037563.8197,timeline,2,-1,21671,936.0,0.0,937.0,0.102,,,,,71021.611545,71021.713192,71021.735623,71021.735623,71021.735642
1789037563.8179,timeline,1,-1,21670,936.0,0.0,937.0,0.099,,,,,71021.617308,71021.712642,71021.733859,71021.733859,71021.733871
1789037563.8197,timeline,0,-1,21669,936.0,0.0,937.0,0.15,,,,,71021.62232,71021.71303,71021.735646,71021.735646,71021.735662
1789037563.8228,timeline,3,-1,21672,936.0,0.0,937.0,0.116,,,,,71021.625532,71021.716628,71021.738661,71021.738661,71021.738676
1789037565.4039,timeline,1,-1,21670,937.0,0.0,938.0,0.089,,,,,71021.734221,71023.298106,71023.319842,71023.319842,71023.319861
1789037565.4024,timeline,2,-1,21671,937.0,0.0,938.0,0.091,,,,,71021.736036,71023.296948,71023.318327,71023.318327,71023.318344
1789037565.4015,timeline,0,-1,21669,937.0,0.0,938.0,0.138,,,,,71021.736072,71023.297424,71023.317395,71023.317395,71023.317418
1789037565.4012,timeline,3,-1,21672,937.0,0.0,938.0,1469.081,,,,,71023.20799,71023.295919,71023.317097,71023.317097,71023.317112
1789037565.8457,timeline,3,-1,21672,938.0,0.0,939.0,0.1,,,,,71023.317374,71023.49453,71023.761647,71023.761647,71023.761662
1789037565.9047,timeline,0,-1,21669,938.0,0.0,939.0,0.154,,,,,71023.3179,71023.494316,71023.820639,71023.820639,71023.82065
1789037565.8361,timeline,2,-1,21671,938.0,0.0,939.0,0.111,,,,,71023.318707,71023.499688,71023.751992,71023.751992,71023.752023
1789037565.8309,timeline,1,-1,21670,938.0,0.0,939.0,0.132,,,,,71023.320306,71023.494143,71023.746847,71023.746847,71023.746858
1789037567.5463,timeline,1,-1,21670,939.0,0.0,940.0,0.082,,,,,71023.747217,71025.440914,71025.462177,71025.462177,71025.462194
1789037567.5489,timeline,2,-1,21671,939.0,0.0,940.0,0.08,,,,,71023.752257,71025.443032,71025.464804,71025.464804,71025.464822
1789037567.573,timeline,0,-1,21669,939.0,0.0,940.0,0.128,,,,,71023.821043,71025.467826,71025.488901,71025.488901,71025.488918
1789037567.5485,timeline,3,-1,21672,939.0,0.0,940.0,1589.908,,,,,71025.35183,71025.442826,71025.464412,71025.464412,71025.464427
1789037567.8253,timeline,1,-1,21670,940.0,0.0,941.0,0.103,,,,,71025.462565,71025.646292,71025.735551,71025.735551,71025.741264
1789037567.8256,timeline,3,-1,21672,940.0,0.0,941.0,0.097,,,,,71025.464835,71025.646636,71025.73557,71025.73557,71025.741504
1789037567.8253,timeline,2,-1,21671,940.0,0.0,941.0,0.122,,,,,71025.465245,71025.652469,71025.735559,71025.735559,71025.741255
1789037567.8293,timeline,0,-1,21669,940.0,0.0,941.0,0.149,,,,,71025.489218,71025.646163,71025.73556,71025.73556,71025.745255
1789037570.0572,timeline,2,-1,21671,941.0,0.0,942.0,0.098,,,,,71025.741501,71027.722751,71027.973076,71027.973076,71027.973091
1789037570.056,timeline,1,-1,21670,941.0,0.0,942.0,0.103,,,,,71025.741634,71027.722809,71027.971963,71027.971963,71027.971975
1789037570.0586,timeline,0,-1,21669,941.0,0.0,942.0,0.157,,,,,71025.745678,71027.722719,71027.974483,71027.974483,71027.974496
1789037570.0617,timeline,3,-1,21672,941.0,0.0,942.0,1892.765,,,,,71027.634728,71027.722537,71027.977585,71027.977585,71027.977599
1789037570.1967,timeline,1,-1,21670,942.0,0.0,943.0,0.083,,,,,71027.972216,71028.091489,71028.112662,71028.112662,71028.112675
1789037570.2022,timeline,2,-1,21671,942.0,0.0,943.0,0.098,,,,,71027.973349,71028.097816,71028.118135,71028.118135,71028.118149
1789037570.1963,timeline,0,-1,21669,942.0,0.0,943.0,0.154,,,,,71027.974803,71028.091681,71028.112256,71028.112256,71028.112272
1789037570.2011,timeline,3,-1,21672,942.0,0.0,943.0,0.083,,,,,71027.97798,71028.092348,71028.116964,71028.116964,71028.11698
1789037572.5155,timeline,0,-1,21669,943.0,0.0,944.0,0.148,,,,,71028.112585,71030.41079,71030.43141,71030.43141,71030.431439
1789037572.4779,timeline,1,-1,21670,943.0,0.0,944.0,0.099,,,,,71028.112912,71030.372702,71030.393857,71030.393857,71030.393871
1789037572.4803,timeline,2,-1,21671,943.0,0.0,944.0,0.09,,,,,71028.118525,71030.374136,71030.396203,71030.396203,71030.396219
1789037572.4793,timeline,3,-1,21672,943.0,0.0,944.0,2167.788,,,,,71030.285016,71030.37438,71030.395238,71030.395238,71030.395254
1789037572.9251,timeline,1,-1,21670,944.0,0.0,945.0,0.098,,,,,71030.394109,71030.582488,71030.841021,71030.841021,71030.841032
1789037572.9215,timeline,3,-1,21672,944.0,0.0,945.0,0.092,,,,,71030.395502,71030.582186,71030.837447,71030.837447,71030.83746
1789037573.0057,timeline,2,-1,21671,944.0,0.0,945.0,0.115,,,,,71030.396611,71030.583175,71030.921576,71030.921576,71030.921586
1789037572.9207,timeline,0,-1,21669,944.0,0.0,945.0,0.174,,,,,71030.431909,71030.58225,71030.836569,71030.836569,71030.836584
1789037575.0452,timeline,0,-1,21669,945.0,0.0,946.0,0.153,,,,,71030.837072,71032.940522,71032.961127,71032.961127,71032.961144
1789037575.0456,timeline,1,-1,21670,945.0,0.0,946.0,0.086,,,,,71030.841406,71032.940669,71032.961516,71032.961516,71032.961531
1789037575.0453,timeline,2,-1,21671,945.0,0.0,946.0,0.075,,,,,71030.921956,71032.940633,71032.961204,71032.961204,71032.961219
1789037575.0459,timeline,3,-1,21672,945.0,0.0,946.0,2013.699,,,,,71032.851397,71032.940626,71032.961822,71032.961822,71032.961841
1789037575.2207,timeline,2,-1,21671,946.0,0.0,947.0,0.114,,,,,71032.961607,71033.114376,71033.136621,71033.136621,71033.136637
1789037575.2206,timeline,0,-1,21669,946.0,0.0,947.0,0.175,,,,,71032.961694,71033.114443,71033.136468,71033.136468,71033.136486
1789037575.2185,timeline,1,-1,21670,946.0,0.0,947.0,0.103,,,,,71032.961896,71033.113096,71033.134425,71033.134425,71033.134443
1789037575.2194,timeline,3,-1,21672,946.0,0.0,947.0,0.1,,,,,71032.962259,71033.114383,71033.135334,71033.135334,71033.13535
1789037577.1159,timeline,1,-1,21670,947.0,0.0,948.0,0.108,,,,,71033.134702,71034.780918,71035.031814,71035.031814,71035.031825
1789037577.1209,timeline,0,-1,21669,947.0,0.0,948.0,0.144,,,,,71033.136913,71034.780381,71035.036802,71035.036802,71035.036814
1789037577.1209,timeline,2,-1,21671,947.0,0.0,948.0,0.098,,,,,71033.137001,71034.781993,71035.03681,71035.03681,71035.036821
1789037577.1301,timeline,3,-1,21672,947.0,0.0,948.0,1556.292,,,,,71034.691881,71034.781552,71035.04603,71035.04603,71035.046045
1789037580.8296,timeline,1,-1,21670,948.0,0.0,949.0,0.113,,,,,71035.032257,71038.723835,71038.745553,71038.745553,71038.745574
1789037580.8281,timeline,2,-1,21671,948.0,0.0,949.0,0.095,,,,,71035.037082,71038.723661,71038.743976,71038.743976,71038.743992
1789037580.8281,timeline,0,-1,21669,948.0,0.0,949.0,0.134,,,,,71035.037267,71038.723631,71038.743968,71038.743968,71038.743984
1789037580.8287,timeline,3,-1,21672,948.0,0.0,949.0,0.102,,,,,71035.046553,71038.723742,71038.744614,71038.744614,71038.744629
1789037581.0018,timeline,0,-1,21669,949.0,0.0,950.0,0.141,,,,,71038.744415,71038.896634,71038.917703,71038.917703,71038.917719
1789037581.0025,timeline,2,-1,21671,949.0,0.0,950.0,0.117,,,,,71038.744422,71038.8973,71038.918376,71038.918376,71038.918392
1789037580.9994,timeline,3,-1,21672,949.0,0.0,950.0,0.123,,,,,71038.745039,71038.89451,71038.915331,71038.915331,71038.915344
1789037580.9995,timeline,1,-1,21670,949.0,0.0,950.0,0.131,,,,,71038.746018,71038.894369,71038.915416,71038.915416,71038.91543
1789037581.4061,timeline,3,-1,21672,950.0,0.0,951.0,0.094,,,,,71038.915593,71039.068,71039.321985,71039.321985,71039.322
1789037581.4068,timeline,1,-1,21670,950.0,0.0,951.0,0.101,,,,,71038.915785,71039.068041,71039.32273,71039.32273,71039.322743
1789037581.4037,timeline,0,-1,21669,950.0,0.0,951.0,0.164,,,,,71038.918173,71039.068175,71039.319585,71039.319585,71039.319596
1789037581.4281,timeline,2,-1,21671,950.0,0.0,951.0,0.14,,,,,71038.918846,71039.068135,71039.344058,71039.344058,71039.344068
1789037581.5373,timeline,0,-1,21669,951.0,0.0,952.0,0.112,,,,,71039.319979,71039.432046,71039.453234,71039.453234,71039.453249
1789037581.5445,timeline,3,-1,21672,951.0,0.0,952.0,0.098,,,,,71039.322261,71039.43438,71039.460372,71039.460372,71039.460388
1789037581.5372,timeline,1,-1,21670,951.0,0.0,952.0,0.091,,,,,71039.323098,71039.431876,71039.45313,71039.45313,71039.453144
1789037581.5372,timeline,2,-1,21671,951.0,0.0,952.0,0.086,,,,,71039.344439,71039.432144,71039.453108,71039.453108,71039.453124
1789037581.7371,timeline,2,-1,21671,952.0,0.0,953.0,0.136,,,,,71039.453533,71039.607107,71039.653052,71039.653052,71039.653068
1789037581.7103,timeline,1,-1,21670,952.0,0.0,953.0,0.112,,,,,71039.453539,71039.605594,71039.626245,71039.626245,71039.626258
1789037581.7121,timeline,0,-1,21669,952.0,0.0,953.0,0.145,,,,,71039.453628,71039.607308,71039.627961,71039.627961,71039.627977
1789037581.7169,timeline,3,-1,21672,952.0,0.0,953.0,0.108,,,,,71039.46081,71039.610377,71039.632829,71039.632829,71039.632844
1789037584.7422,timeline,1,-1,21670,953.0,0.0,954.0,0.105,,,,,71039.626632,71042.401878,71042.658092,71042.658092,71042.658108
1789037584.7801,timeline,0,-1,21669,953.0,0.0,954.0,0.147,,,,,71039.62832,71042.443675,71042.696056,71042.696056,71042.696066
1789037584.7653,timeline,2,-1,21671,953.0,0.0,954.0,0.125,,,,,71039.653482,71042.407905,71042.681156,71042.681156,71042.681173
1789037584.7797,timeline,3,-1,21672,953.0,0.0,954.0,2672.145,,,,,71042.305287,71042.402396,71042.69558,71042.69558,71042.695592
1789037584.8905,timeline,1,-1,21670,954.0,0.0,955.0,0.105,,,,,71042.65838,71042.78529,71042.806452,71042.806452,71042.806467
1789037584.8886,timeline,2,-1,21671,954.0,0.0,955.0,0.109,,,,,71042.681611,71042.784186,71042.804502,71042.804502,71042.804516
1789037584.8892,timeline,3,-1,21672,954.0,0.0,955.0,0.088,,,,,71042.696055,71042.784339,71042.805135,71042.805135,71042.805148
1789037584.8886,timeline,0,-1,21669,954.0,0.0,955.0,0.131,,,,,71042.69645,71042.784714,71042.804497,71042.804497,71042.804509
1789037587.6784,timeline,0,-1,21669,955.0,0.0,956.0,0.13,,,,,71042.804898,71045.573983,71045.594268,71045.594268,71045.594283
1789037587.6784,timeline,2,-1,21671,955.0,0.0,956.0,0.112,,,,,71042.804903,71045.57419,71045.594273,71045.594273,71045.594289
1789037587.6778,timeline,1,-1,21670,955.0,0.0,956.0,0.1,,,,,71042.806833,71045.572503,71045.593738,71045.593738,71045.593752
1789037587.681,timeline,3,-1,21672,955.0,0.0,956.0,2679.918,,,,,71045.485309,71045.574227,71045.596947,71045.596947,71045.596962
1789037588.0824,timeline,1,-1,21670,956.0,0.0,957.0,0.109,,,,,71045.594119,71045.748218,71045.998284,71045.998284,71045.998295
1789037588.0883,timeline,2,-1,21671,956.0,0.0,957.0,0.113,,,,,71045.594672,71045.747685,71046.00421,71046.00421,71046.004224
1789037588.0875,timeline,0,-1,21669,956.0,0.0,957.0,0.142,,,,,71045.594681,71045.746718,71046.003392,71046.003392,71046.003407
1789037588.0872,timeline,3,-1,21672,956.0,0.0,957.0,0.105,,,,,71045.597387,71045.747666,71046.003078,71046.003078,71046.00309
1789037590.5129,timeline,1,-1,21670,957.0,0.0,958.0,0.09,,,,,71045.998522,71048.407204,71048.428786,71048.428786,71048.428803
1789037590.5119,timeline,0,-1,21669,957.0,0.0,958.0,0.142,,,,,71046.003881,71048.406996,71048.427772,71048.427772,71048.427792
1789037590.5122,timeline,2,-1,21671,957.0,0.0,958.0,0.118,,,,,71046.004686,71048.407494,71048.428065,71048.428065,71048.428081
1789037590.5128,timeline,3,-1,21672,957.0,0.0,958.0,2315.249,,,,,71048.318594,71048.407852,71048.428678,71048.428678,71048.428698
1789037590.6857,timeline,0,-1,21669,958.0,0.0,959.0,0.177,,,,,71048.428328,71048.580619,71048.601619,71048.601619,71048.601635
1789037590.6857,timeline,2,-1,21671,958.0,0.0,959.0,0.113,,,,,71048.428348,71048.580689,71048.60162,71048.60162,71048.601636
1789037590.6902,timeline,3,-1,21672,958.0,0.0,959.0,0.104,,,,,71048.429117,71048.581496,71048.606073,71048.606073,71048.60609
1789037590.6845,timeline,1,-1,21670,958.0,0.0,959.0,0.093,,,,,71048.429269,71048.579566,71048.600448,71048.600448,71048.600461
1789037593.0965,timeline,1,-1,21670,959.0,0.0,960.0,0.108,,,,,71048.601025,71050.761478,71051.012382,71051.012382,71051.012394
1789037593.1037,timeline,0,-1,21669,959.0,0.0,960.0,0.145,,,,,71048.602047,71050.762935,71051.019645,71051.019645,71051.019656
1789037593.0996,timeline,2,-1,21671,959.0,0.0,960.0,0.132,,,,,71048.602136,71050.762956,71051.015538,71051.015538,71051.015549
1789037593.0963,timeline,3,-1,21672,959.0,0.0,960.0,2068.789,,,,,71050.675115,71050.763739,71051.012184,71051.012184,71051.012196
1789037593.2851,timeline,3,-1,21672,960.0,0.0,961.0,0.085,,,,,71051.012448,71051.111263,71051.195183,71051.195183,71051.201029
1789037593.2849,timeline,1,-1,21670,960.0,0.0,961.0,0.071,,,,,71051.012621,71051.107645,71051.195179,71051.195179,71051.200818
1789037593.2849,timeline,2,-1,21671,960.0,0.0,961.0,0.291,,,,,71051.016024,71051.107886,71051.195187,71051.195187,71051.200804
1789037593.2889,timeline,0,-1,21669,960.0,0.0,961.0,0.115,,,,,71051.020079,71051.108843,71051.195186,71051.195186,71051.204805
1789037596.0037,timeline,1,-1,21670,961.0,0.0,962.0,0.105,,,,,71051.201169,71053.898522,71053.91961,71053.91961,71053.919626
1789037596.0115,timeline,2,-1,21671,961.0,0.0,962.0,0.128,,,,,71051.201222,71053.907354,71053.927428,71053.927428,71053.927442
1789037595.9899,timeline,0,-1,21669,961.0,0.0,962.0,0.156,,,,,71051.205212,71053.885066,71053.905829,71053.905829,71053.905845
1789037595.9906,timeline,3,-1,21672,961.0,0.0,962.0,2594.642,,,,,71053.79592,71053.885385,71053.906491,71053.906491,71053.906507
1789037596.4176,timeline,0,-1,21669,962.0,0.0,963.0,0.133,,,,,71053.906252,71054.07804,71054.333564,71054.333564,71054.333574
1789037596.4423,timeline,3,-1,21672,962.0,0.0,963.0,0.092,,,,,71053.906889,71054.077586,71054.358232,71054.358232,71054.358246
1789037596.4225,timeline,1,-1,21670,962.0,0.0,963.0,0.101,,,,,71053.919994,71054.078478,71054.338366,71054.338366,71054.338378
1789037596.4159,timeline,2,-1,21671,962.0,0.0,963.0,0.093,,,,,71053.927829,71054.077587,71054.331784,71054.331784,71054.331799
1789037598.4215,timeline,2,-1,21671,963.0,0.0,964.0,0.258,,,,,71054.332231,71056.316773,71056.337444,71056.337444,71056.337462
1789037598.4215,timeline,0,-1,21669,963.0,0.0,964.0,0.125,,,,,71054.333963,71056.317155,71056.337444,71056.337444,71056.337462
1789037598.423,timeline,1,-1,21670,963.0,0.0,964.0,0.16,,,,,71054.338688,71056.31749,71056.338883,71056.338883,71056.338904
1789037598.4204,timeline,3,-1,21672,963.0,0.0,964.0,1869.138,,,,,71056.22761,71056.315513,71056.336336,71056.336336,71056.336351
1789037598.6303,timeline,3,-1,21672,964.0,0.0,965.0,0.088,,,,,71056.3367,71056.489488,71056.546252,71056.546252,71056.546268
1789037598.5951,timeline,0,-1,21669,964.0,0.0,965.0,0.146,,,,,71056.337879,71056.490318,71056.510969,71056.510969,71056.510984
1789037598.5947,timeline,2,-1,21671,964.0,0.0,965.0,0.116,,,,,71056.337881,71056.489237,71056.510575,71056.510575,71056.51059
1789037598.6033,timeline,1,-1,21670,964.0,0.0,965.0,0.098,,,,,71056.33931,71056.49871,71056.519246,71056.519246,71056.519258
1789037601.249,timeline,2,-1,21671,965.0,0.0,966.0,0.111,,,,,71056.510984,71058.90825,71059.164943,71059.164943,71059.164957
1789037601.2784,timeline,0,-1,21669,965.0,0.0,966.0,0.147,,,,,71056.511394,71058.908345,71059.194321,71059.194321,71059.194332
1789037601.2368,timeline,1,-1,21670,965.0,0.0,966.0,0.106,,,,,71056.519628,71058.908203,71059.15269,71059.15269,71059.152702
1789037601.2421,timeline,3,-1,21672,965.0,0.0,966.0,2273.662,,,,,71058.82018,71058.908693,71059.157991,71059.157991,71059.158004
1789037601.3879,timeline,1,-1,21670,966.0,0.0,967.0,0.078,,,,,71059.153057,71059.282664,71059.303819,71059.303819,71059.303838
1789037601.3954,timeline,3,-1,21672,966.0,0.0,967.0,0.078,,,,,71059.158514,71059.28346,71059.311285,71059.311285,71059.311303
1789037601.3938,timeline,2,-1,21671,966.0,0.0,967.0,0.109,,,,,71059.165387,71059.281967,71059.30967,71059.30967,71059.309686
1789037601.39,timeline,0,-1,21669,966.0,0.0,967.0,0.137,,,,,71059.194755,71059.283696,71059.305869,71059.305869,71059.305884
1789037603.5177,timeline,1,-1,21670,967.0,0.0,968.0,0.166,,,,,71059.304441,71061.412747,71061.433615,71061.433615,71061.43363
1789037603.5157,timeline,0,-1,21669,967.0,0.0,968.0,0.157,,,,,71059.306384,71061.411031,71061.431629,71061.431629,71061.431645
1789037603.5165,timeline,2,-1,21671,967.0,0.0,968.0,0.119,,,,,71059.310081,71061.410754,71061.432359,71061.432359,71061.432393
1789037603.514,timeline,3,-1,21672,967.0,0.0,968.0,2009.251,,,,,71061.320785,71061.409178,71061.429932,71061.429932,71061.429946
1789037603.9527,timeline,3,-1,21672,968.0,0.0,969.0,0.093,,,,,71061.430184,71061.583926,71061.868639,71061.868639,71061.868653
1789037603.9291,timeline,0,-1,21669,968.0,0.0,969.0,0.159,,,,,71061.431965,71061.584454,71061.845043,71061.845043,71061.845056
1789037603.9547,timeline,2,-1,21671,968.0,0.0,969.0,0.199,,,,,71061.432841,71061.584393,71061.870579,71061.870579,71061.870591
1789037603.9429,timeline,1,-1,21670,968.0,0.0,969.0,0.097,,,,,71061.434072,71061.584915,71061.858818,71061.858818,71061.858829
1789037605.888,timeline,0,-1,21669,969.0,0.0,970.0,0.13,,,,,71061.845452,71063.783374,71063.803939,71063.803939,71063.803954
1789037605.8895,timeline,1,-1,21670,969.0,0.0,970.0,0.104,,,,,71061.859207,71063.784346,71063.805397,71063.805397,71063.805414
1789037605.8888,timeline,2,-1,21671,969.0,0.0,970.0,0.091,,,,,71061.870961,71063.783479,71063.804683,71063.804683,71063.804703
1789037605.8907,timeline,3,-1,21672,969.0,0.0,970.0,1824.22,,,,,71063.693098,71063.781796,71063.806567,71063.806567,71063.806586
1789037606.1047,timeline,0,-1,21669,970.0,0.0,971.0,0.149,,,,,71063.804412,71064.00114,71064.020611,71064.020611,71064.020623
1789037606.0823,timeline,2,-1,21671,970.0,0.0,971.0,0.128,,,,,71063.805114,71063.976971,71063.998251,71063.998251,71063.998263
1789037606.0876,timeline,1,-1,21670,970.0,0.0,971.0,0.108,,,,,71063.805804,71063.983311,71064.00352,71064.00352,71064.003537
1789037606.082,timeline,3,-1,21672,970.0,0.0,971.0,0.13,,,,,71063.807082,71063.977386,71063.997878,71063.997878,71063.997893
1789037608.4712,timeline,2,-1,21671,971.0,0.0,972.0,0.103,,,,,71063.998499,71066.123765,71066.38707,71066.38707,71066.387084
1789037608.4595,timeline,1,-1,21670,971.0,0.0,972.0,0.11,,,,,71064.003901,71066.122913,71066.37543,71066.37543,71066.375442
1789037608.4857,timeline,0,-1,21669,971.0,0.0,972.0,0.126,,,,,71064.020975,71066.132947,71066.401637,71066.401637,71066.401651
1789037608.4879,timeline,3,-1,21672,971.0,0.0,972.0,2037.249,,,,,71066.035389,71066.124634,71066.403794,71066.403794,71066.403807
1789037608.6214,timeline,1,-1,21670,972.0,0.0,973.0,0.074,,,,,71066.375795,71066.518057,71066.537302,71066.537302,71066.537316
1789037608.6164,timeline,2,-1,21671,972.0,0.0,973.0,0.128,,,,,71066.387585,71066.511502,71066.532357,71066.532357,71066.532367
1789037608.6156,timeline,0,-1,21669,972.0,0.0,973.0,0.16,,,,,71066.402111,71066.511491,71066.531466,71066.531466,71066.531477
1789037608.6179,timeline,3,-1,21672,972.0,0.0,973.0,0.083,,,,,71066.404212,71066.512027,71066.533767,71066.533767,71066.533783
1789037611.1211,timeline,0,-1,21669,973.0,0.0,974.0,0.13,,,,,71066.531829,71069.013971,71069.037011,71069.037011,71069.03703
1789037611.1237,timeline,2,-1,21671,973.0,0.0,974.0,0.104,,,,,71066.532744,71069.013311,71069.039606,71069.039606,71069.039622
1789037611.1538,timeline,1,-1,21670,973.0,0.0,974.0,0.098,,,,,71066.537664,71069.015965,71069.069682,71069.069682,71069.069698
1789037611.118,timeline,3,-1,21672,973.0,0.0,974.0,2390.906,,,,,71068.924946,71069.013244,71069.033894,71069.033894,71069.033909
1789037611.5398,timeline,3,-1,21672,974.0,0.0,975.0,0.093,,,,,71069.034246,71069.19454,71069.455724,71069.455724,71069.455741
1789037611.5262,timeline,0,-1,21669,974.0,0.0,975.0,0.171,,,,,71069.037504,71069.190247,71069.442127,71069.442127,71069.442142
1789037611.5494,timeline,2,-1,21671,974.0,0.0,975.0,0.114,,,,,71069.068445,71069.190222,71069.465323,71069.465323,71069.465333
1789037611.5228,timeline,1,-1,21670,974.0,0.0,975.0,0.103,,,,,71069.070173,71069.190097,71069.438738,71069.438738,71069.438751
1789037613.4067,timeline,1,-1,21670,975.0,0.0,976.0,0.088,,,,,71069.439109,71071.302906,71071.322638,71071.322638,71071.322665
1789037613.4054,timeline,0,-1,21669,975.0,0.0,976.0,0.136,,,,,71069.442548,71071.301985,71071.321264,71071.321264,71071.32128
1789037613.406,timeline,2,-1,21671,975.0,0.0,976.0,0.1,,,,,71069.465694,71071.30097,71071.321891,71071.321891,71071.321905
1789037613.4053,timeline,3,-1,21672,975.0,0.0,976.0,1756.895,,,,,71071.212871,71071.300536,71071.321242,71071.321242,71071.321256
1789037613.5818,timeline,3,-1,21672,976.0,0.0,977.0,0.092,,,,,71071.321576,71071.47552,71071.497737,71071.497737,71071.497753
1789037613.5778,timeline,0,-1,21669,976.0,0.0,977.0,0.141,,,,,71071.321673,71071.473936,71071.493732,71071.493732,71071.493747
1789037613.5787,timeline,2,-1,21671,976.0,0.0,977.0,0.096,,,,,71071.322235,71071.47372,71071.494577,71071.494577,71071.494591
1789037613.5768,timeline,1,-1,21670,976.0,0.0,977.0,0.109,,,,,71071.32306,71071.473124,71071.49273,71071.49273,71071.492745
1789037616.0456,timeline,1,-1,21670,977.0,0.0,978.0,0.098,,,,,71071.493102,71073.673429,71073.961508,71073.961508,71073.961519
1789037616.0791,timeline,0,-1,21669,977.0,0.0,978.0,0.137,,,,,71071.494152,71073.675568,71073.994985,71073.994985,71073.994998
1789037616.0242,timeline,2,-1,21671,977.0,0.0,978.0,0.119,,,,,71071.494983,71073.674862,71073.940111,71073.940111,71073.940125
1789037616.0133,timeline,3,-1,21672,977.0,0.0,978.0,2087.641,,,,,71073.585651,71073.674905,71073.929166,71073.929166,71073.929179
1789037616.1874,timeline,3,-1,21672,978.0,0.0,979.0,0.082,,,,,71073.929556,71074.082396,71074.103303,71074.103303,71074.103317
1789037616.1891,timeline,2,-1,21671,978.0,0.0,979.0,0.289,,,,,71073.940626,71074.083096,71074.104979,71074.104979,71074.104996
1789037616.191,timeline,1,-1,21670,978.0,0.0,979.0,0.097,,,,,71073.962003,71074.086261,71074.106866,71074.106866,71074.106882
1789037616.1924,timeline,0,-1,21669,978.0,0.0,979.0,0.15,,,,,71073.995468,71074.087101,71074.108266,71074.108266,71074.10828
1789037617.8874,timeline,2,-1,21671,979.0,0.0,980.0,0.118,,,,,71074.105417,71075.782337,71075.80325,71075.80325,71075.803272
1789037617.8878,timeline,1,-1,21670,979.0,0.0,980.0,0.123,,,,,71074.107278,71075.782603,71075.803704,71075.803704,71075.80372
1789037617.8866,timeline,0,-1,21669,979.0,0.0,980.0,0.147,,,,,71074.108683,71075.781314,71075.802523,71075.802523,71075.802538
1789037617.8854,timeline,3,-1,21672,979.0,0.0,980.0,1589.606,,,,,71075.693146,71075.780261,71075.801283,71075.801283,71075.801298
1789037618.4286,timeline,3,-1,21672,980.0,0.0,981.0,0.093,,,,,71075.801649,71075.981761,71076.334527,71076.334527,71076.344569
1789037618.4326,timeline,0,-1,21669,980.0,0.0,981.0,0.154,,,,,71075.802971,71075.98189,71076.339093,71076.339093,71076.34855
1789037618.4287,timeline,2,-1,21671,980.0,0.0,981.0,0.147,,,,,71075.803901,71075.987603,71076.334507,71076.334507,71076.344632
1789037618.4287,timeline,1,-1,21670,980.0,0.0,981.0,0.12,,,,,71075.804279,71075.981764,71076.334508,71076.334508,71076.344632
1789037620.0553,timeline,2,-1,21671,981.0,0.0,982.0,0.132,,,,,71076.34507,71077.949174,71077.971207,71077.971207,71077.971227
1789037620.054,timeline,1,-1,21670,981.0,0.0,982.0,0.137,,,,,71076.345139,71077.949975,71077.96989,71077.96989,71077.969905
1789037620.0537,timeline,0,-1,21669,981.0,0.0,982.0,0.138,,,,,71076.348823,71077.94935,71077.969607,71077.969607,71077.969623
1789037620.0569,timeline,3,-1,21672,981.0,0.0,982.0,1515.598,,,,,71077.860439,71077.949175,71077.972828,71077.972828,71077.972843
1789037620.2261,timeline,0,-1,21669,982.0,0.0,983.0,0.138,,,,,71077.969919,71078.120026,71078.142052,71078.142052,71078.142071
1789037620.2259,timeline,1,-1,21670,982.0,0.0,983.0,0.125,,,,,71077.970181,71078.12171,71078.1418,71078.1418,71078.141814
1789037620.2269,timeline,2,-1,21671,982.0,0.0,983.0,0.149,,,,,71077.971794,71078.120982,71078.142859,71078.142859,71078.142875
1789037620.2275,timeline,3,-1,21672,982.0,0.0,983.0,0.098,,,,,71077.973091,71078.123226,71078.143358,71078.143358,71078.143379
1789037622.6765,timeline,1,-1,21670,983.0,0.0,984.0,0.123,,,,,71078.142257,71080.349145,71080.59245,71080.59245,71080.592462
1789037622.6888,timeline,0,-1,21669,983.0,0.0,984.0,0.153,,,,,71078.142394,71080.34957,71080.60467,71080.60467,71080.604683
1789037622.6923,timeline,2,-1,21671,983.0,0.0,984.0,0.124,,,,,71078.143365,71080.349272,71080.608196,71080.608196,71080.608208
1789037622.6858,timeline,3,-1,21672,983.0,0.0,984.0,2117.143,,,,,71080.260777,71080.348834,71080.601742,71080.601742,71080.601753
1789037622.8139,timeline,1,-1,21670,984.0,0.0,985.0,0.084,,,,,71080.592811,71080.710219,71080.729786,71080.729786,71080.729799
1789037622.8149,timeline,3,-1,21672,984.0,0.0,985.0,0.082,,,,,71080.602159,71080.710397,71080.730802,71080.730802,71080.730816
1789037622.8149,timeline,0,-1,21669,984.0,0.0,985.0,0.139,,,,,71080.604993,71080.7102,71080.73083,71080.73083,71080.730841
1789037622.8155,timeline,2,-1,21671,984.0,0.0,985.0,0.11,,,,,71080.608617,71080.711145,71080.731463,71080.731463,71080.731474
1789037625.1557,timeline,1,-1,21670,985.0,0.0,986.0,0.1,,,,,71080.730343,71083.051801,71083.071659,71083.071659,71083.071673
1789037625.1559,timeline,0,-1,21669,985.0,0.0,986.0,0.126,,,,,71080.731172,71083.051578,71083.071837,71083.071837,71083.071853
1789037625.1562,timeline,2,-1,21671,985.0,0.0,986.0,0.103,,,,,71080.731802,71083.051272,71083.072084,71083.072084,71083.072099
1789037625.1549,timeline,3,-1,21672,985.0,0.0,986.0,2231.801,,,,,71082.962835,71083.050418,71083.070826,71083.070826,71083.07084
1789037625.5629,timeline,3,-1,21672,986.0,0.0,987.0,0.087,,,,,71083.071162,71083.223479,71083.478771,71083.478771,71083.478787
1789037625.5648,timeline,1,-1,21670,986.0,0.0,987.0,0.104,,,,,71083.07206,71083.223532,71083.480758,71083.480758,71083.480769
1789037625.6322,timeline,0,-1,21669,986.0,0.0,987.0,0.165,,,,,71083.072175,71083.224103,71083.548123,71083.548123,71083.548133
1789037625.5739,timeline,2,-1,21671,986.0,0.0,987.0,0.136,,,,,71083.072545,71083.224433,71083.489829,71083.489829,71083.489843
1789037627.4179,timeline,1,-1,21670,987.0,0.0,988.0,0.072,,,,,71083.481128,71085.31342,71085.333806,71085.333806,71085.333824
1789037627.4044,timeline,2,-1,21671,987.0,0.0,988.0,0.24,,,,,71083.49024,71085.298734,71085.320282,71085.320282,71085.320298
1789037627.4319,timeline,0,-1,21669,987.0,0.0,988.0,0.112,,,,,71083.548507,71085.327394,71085.347861,71085.347861,71085.347875
1789037627.4034,timeline,3,-1,21672,987.0,0.0,988.0,1729.262,,,,,71085.208312,71085.298381,71085.31931,71085.31931,71085.319326
1789037627.6068,timeline,3,-1,21672,988.0,0.0,989.0,0.094,,,,,71085.319738,71085.498533,71085.522683,71085.522683,71085.522703
1789037627.6019,timeline,2,-1,21671,988.0,0.0,989.0,0.12,,,,,71085.320732,71085.496676,71085.517775,71085.517775,71085.517794
1789037627.6007,timeline,1,-1,21670,988.0,0.0,989.0,0.107,,,,,71085.334194,71085.497358,71085.516648,71085.516648,71085.516661
1789037627.6021,timeline,0,-1,21669,988.0,0.0,989.0,0.158,,,,,71085.348193,71085.497479,71085.518013,71085.518013,71085.51803
1789037629.6945,timeline,1,-1,21670,989.0,0.0,990.0,0.082,,,,,71085.517016,71087.346535,71087.610385,71087.610385,71087.610397
1789037629.7173,timeline,2,-1,21671,989.0,0.0,990.0,0.131,,,,,71085.518283,71087.346893,71087.633177,71087.633177,71087.633192
1789037629.7007,timeline,0,-1,21669,989.0,0.0,990.0,0.166,,,,,71085.518469,71087.347094,71087.616633,71087.616633,71087.616645
1789037629.6932,timeline,3,-1,21672,989.0,0.0,990.0,1734.728,,,,,71087.257966,71087.348053,71087.60909,71087.60909,71087.609102
1789037629.8257,timeline,3,-1,21672,990.0,0.0,991.0,0.077,,,,,71087.609455,71087.720934,71087.741664,71087.741664,71087.741677
1789037629.8474,timeline,1,-1,21670,990.0,0.0,991.0,0.103,,,,,71087.610834,71087.743013,71087.76331,71087.76331,71087.763325
1789037629.8252,timeline,0,-1,21669,990.0,0.0,991.0,0.129,,,,,71087.616955,71087.72036,71087.741076,71087.741076,71087.741092
1789037629.825,timeline,2,-1,21671,990.0,0.0,991.0,0.117,,,,,71087.633479,71087.720361,71087.740944,71087.740944,71087.740958
1789037632.1359,timeline,2,-1,21671,991.0,0.0,992.0,0.108,,,,,71087.741322,71090.031044,71090.051771,71090.051771,71090.051787
1789037632.1342,timeline,0,-1,21669,991.0,0.0,992.0,0.146,,,,,71087.741493,71090.030231,71090.050067,71090.050067,71090.050086
1789037632.1355,timeline,1,-1,21670,991.0,0.0,992.0,0.121,,,,,71087.763711,71090.030232,71090.051379,71090.051379,71090.051395
1789037632.1344,timeline,3,-1,21672,991.0,0.0,992.0,2199.365,,,,,71089.941272,71090.028667,71090.05032,71090.05032,71090.050335
1789037632.5372,timeline,0,-1,21669,992.0,0.0,993.0,0.284,,,,,71090.050559,71090.202996,71090.453097,71090.453097,71090.453109
1789037632.5541,timeline,3,-1,21672,992.0,0.0,993.0,0.097,,,,,71090.050591,71090.204216,71090.470056,71090.470056,71090.47007
1789037632.567,timeline,1,-1,21670,992.0,0.0,993.0,0.121,,,,,71090.051814,71090.203386,71090.482926,71090.482926,71090.482939
1789037632.5532,timeline,2,-1,21671,992.0,0.0,993.0,0.145,,,,,71090.052451,71090.203182,71090.469088,71090.469088,71090.469099
1789037634.2685,timeline,0,-1,21669,993.0,0.0,994.0,0.133,,,,,71090.453577,71092.165068,71092.184442,71092.184442,71092.18446
1789037634.2685,timeline,2,-1,21671,993.0,0.0,994.0,0.093,,,,,71090.469341,71092.163432,71092.184387,71092.184387,71092.184402
1789037634.2694,timeline,1,-1,21670,993.0,0.0,994.0,0.088,,,,,71090.483337,71092.163968,71092.185283,71092.185283,71092.185303
1789037634.2696,timeline,3,-1,21672,993.0,0.0,994.0,1603.118,,,,,71092.073427,71092.16375,71092.185493,71092.185493,71092.185508
1789037634.4754,timeline,0,-1,21669,994.0,0.0,995.0,0.167,,,,,71092.184788,71092.370313,71092.39126,71092.39126,71092.391279
1789037634.4749,timeline,2,-1,21671,994.0,0.0,995.0,0.122,,,,,71092.184864,71092.3695,71092.390784,71092.390784,71092.390802
1789037634.4747,timeline,1,-1,21670,994.0,0.0,995.0,0.134,,,,,71092.185602,71092.369793,71092.390565,71092.390565,71092.39058
1789037634.4736,timeline,3,-1,21672,994.0,0.0,995.0,0.097,,,,,71092.185848,71092.369479,71092.389495,71092.389495,71092.389508
1789037636.8488,timeline,1,-1,21670,995.0,0.0,996.0,0.111,,,,,71092.390958,71094.432689,71094.764743,71094.764743,71094.764757
1789037636.7731,timeline,2,-1,21671,995.0,0.0,996.0,0.145,,,,,71092.391261,71094.433383,71094.688999,71094.688999,71094.689011
1789037636.7664,timeline,0,-1,21669,995.0,0.0,996.0,0.18,,,,,71092.391785,71094.432983,71094.68231,71094.68231,71094.682326
1789037636.7778,timeline,3,-1,21672,995.0,0.0,996.0,1952.095,,,,,71094.342049,71094.433072,71094.693755,71094.693755,71094.693772
1789037636.9569,timeline,0,-1,21669,996.0,0.0,997.0,0.206,,,,,71094.682761,71094.853467,71094.87285,71094.87285,71094.872864
1789037636.9578,timeline,2,-1,21671,996.0,0.0,997.0,0.113,,,,,71094.689283,71094.853195,71094.873728,71094.873728,71094.873741
1789037636.9586,timeline,3,-1,21672,996.0,0.0,997.0,0.113,,,,,71094.69421,71094.853838,71094.874494,71094.874494,71094.87451
1789037636.9582,timeline,1,-1,21670,996.0,0.0,997.0,0.107,,,,,71094.765174,71094.853439,71094.874116,71094.874116,71094.874132
1789037639.0348,timeline,0,-1,21669,997.0,0.0,998.0,0.142,,,,,71094.873367,71096.930449,71096.950714,71096.950714,71096.950731
1789037639.0371,timeline,2,-1,21671,997.0,0.0,998.0,0.1,,,,,71094.874148,71096.931553,71096.953001,71096.953001,71096.953017
1789037639.0349,timeline,1,-1,21670,997.0,0.0,998.0,0.119,,,,,71094.874567,71096.929941,71096.95082,71096.95082,71096.950834
1789037639.0394,timeline,3,-1,21672,997.0,0.0,998.0,1966.223,,,,,71096.841004,71096.93441,71096.955266,71096.955266,71096.955282
1789037639.4585,timeline,0,-1,21669,998.0,0.0,999.0,0.144,,,,,71096.951041,71097.129383,71097.374447,71097.374447,71097.374457
1789037639.4707,timeline,1,-1,21670,998.0,0.0,999.0,0.102,,,,,71096.951086,71097.124126,71097.386608,71097.386608,71097.386619
1789037639.4569,timeline,2,-1,21671,998.0,0.0,999.0,0.105,,,,,71096.95341,71097.124043,71097.372796,71097.372796,71097.372807
1789037639.4595,timeline,3,-1,21672,998.0,0.0,999.0,0.1,,,,,71096.955654,71097.125764,71097.375368,71097.375368,71097.375385
1789037641.7316,timeline,2,-1,21671,999.0,0.0,1000.0,0.089,,,,,71097.373182,71099.627021,71099.647545,71099.647545,71099.647558
1789037641.7304,timeline,0,-1,21669,999.0,0.0,1000.0,0.128,,,,,71097.374856,71099.626696,71099.64628,71099.64628,71099.646295
1789037641.7318,timeline,1,-1,21670,999.0,0.0,1000.0,0.086,,,,,71097.3871,71099.626852,71099.647704,71099.647704,71099.647719
1789037641.7314,timeline,3,-1,21672,999.0,0.0,1000.0,2162.682,,,,,71099.53834,71099.626825,71099.647267,71099.647267,71099.647282
1789037641.9785,timeline,0,-1,21669,1000.0,0.0,1001.0,0.145,,,,,71099.646736,71099.799714,71099.884467,71099.884467,71099.894394
1789037641.9742,timeline,3,-1,21672,1000.0,0.0,1001.0,0.098,,,,,71099.64762,71099.799851,71099.884452,71099.884452,71099.890105
1789037641.9742,timeline,2,-1,21671,1000.0,0.0,1001.0,0.104,,,,,71099.647911,71099.799577,71099.884464,71099.884464,71099.890131
1789037641.9741,timeline,1,-1,21670,1000.0,0.0,1001.0,0.105,,,,,71099.648381,71099.799946,71099.884476,71099.884476,71099.890074
1789037644.062,timeline,1,-1,21670,1001.0,0.0,1002.0,0.111,,,,,71099.890444,71101.721142,71101.977928,71101.977928,71101.977943
1789037644.0689,timeline,2,-1,21671,1001.0,0.0,1002.0,0.126,,,,,71099.89055,71101.721106,71101.98481,71101.98481,71101.984826
1789037644.0977,timeline,0,-1,21669,1001.0,0.0,1002.0,0.135,,,,,71099.894788,71101.721041,71102.013608,71102.013608,71102.01362
1789037644.0719,timeline,3,-1,21672,1001.0,0.0,1002.0,1728.777,,,,,71101.619348,71101.726854,71101.987827,71101.987827,71101.987847
1789037644.2061,timeline,1,-1,21670,1002.0,0.0,1003.0,0.087,,,,,71101.97835,71102.101348,71102.122006,71102.122006,71102.122019
1789037644.2057,timeline,2,-1,21671,1002.0,0.0,1003.0,0.249,,,,,71101.985251,71102.10167,71102.121638,71102.121638,71102.121653
1789037644.206,timeline,3,-1,21672,1002.0,0.0,1003.0,0.126,,,,,71101.988148,71102.101667,71102.121894,71102.121894,71102.121912
1789037644.2058,timeline,0,-1,21669,1002.0,0.0,1003.0,0.148,,,,,71102.013945,71102.101439,71102.121678,71102.121678,71102.121694
1789037646.9384,timeline,0,-1,21669,1003.0,0.0,1004.0,0.143,,,,,71102.12198,71104.833493,71104.854268,71104.854268,71104.854287
1789037646.9395,timeline,2,-1,21671,1003.0,0.0,1004.0,0.106,,,,,71102.122074,71104.835854,71104.855391,71104.855391,71104.855412
1789037646.9434,timeline,1,-1,21670,1003.0,0.0,1004.0,0.109,,,,,71102.122277,71104.836042,71104.859284,71104.859284,71104.859302
1789037646.9403,timeline,3,-1,21672,1003.0,0.0,1004.0,2624.005,,,,,71104.746194,71104.835577,71104.856227,71104.856227,71104.856245
1789037647.3462,timeline,0,-1,21669,1004.0,0.0,1005.0,0.145,,,,,71104.854736,71105.009195,71105.262088,71105.262088,71105.262098
1789037647.3416,timeline,2,-1,21671,1004.0,0.0,1005.0,0.118,,,,,71104.855844,71105.008967,71105.257537,71105.257537,71105.25755
1789037647.3561,timeline,3,-1,21672,1004.0,0.0,1005.0,0.101,,,,,71104.85663,71105.008689,71105.272009,71105.272009,71105.272024
1789037647.3447,timeline,1,-1,21670,1004.0,0.0,1005.0,0.116,,,,,71104.859699,71105.007898,71105.260591,71105.260591,71105.260607
1789037649.3583,timeline,2,-1,21671,1005.0,0.0,1006.0,0.118,,,,,71105.258008,71107.254382,71107.274258,71107.274258,71107.274275
1789037649.3597,timeline,1,-1,21670,1005.0,0.0,1006.0,0.102,,,,,71105.261019,71107.25486,71107.275658,71107.275658,71107.275675
1789037649.3602,timeline,0,-1,21669,1005.0,0.0,1006.0,0.121,,,,,71105.262507,71107.25571,71107.276093,71107.276093,71107.276111
1789037649.3599,timeline,3,-1,21672,1005.0,0.0,1006.0,1873.455,,,,,71107.145759,71107.254787,71107.275849,71107.275849,71107.275863
1789037649.5299,timeline,2,-1,21671,1006.0,0.0,1007.0,0.094,,,,,71107.274704,71107.426387,71107.445813,71107.445813,71107.445827
1789037649.5315,timeline,1,-1,21670,1006.0,0.0,1007.0,0.107,,,,,71107.276075,71107.427245,71107.44743,71107.44743,71107.447443
1789037649.5307,timeline,3,-1,21672,1006.0,0.0,1007.0,0.113,,,,,71107.276131,71107.426714,71107.446652,71107.446652,71107.446662
1789037649.5312,timeline,0,-1,21669,1006.0,0.0,1007.0,0.165,,,,,71107.276439,71107.426999,71107.447081,71107.447081,71107.447095
1789037651.4276,timeline,2,-1,21671,1007.0,0.0,1008.0,0.121,,,,,71107.446236,71109.095063,71109.343487,71109.343487,71109.343498
1789037651.4566,timeline,0,-1,21669,1007.0,0.0,1008.0,0.137,,,,,71107.447482,71109.095306,71109.372531,71109.372531,71109.372544
1789037651.4691,timeline,1,-1,21670,1007.0,0.0,1008.0,0.096,,,,,71107.447794,71109.094713,71109.38501,71109.38501,71109.385025
1789037651.4313,timeline,3,-1,21672,1007.0,0.0,1008.0,1558.747,,,,,71109.005639,71109.095595,71109.347222,71109.347222,71109.347236
1789037651.5798,timeline,2,-1,21671,1008.0,0.0,1009.0,0.081,,,,,71109.343736,71109.47555,71109.495712,71109.495712,71109.495727
1789037651.5847,timeline,3,-1,21672,1008.0,0.0,1009.0,0.077,,,,,71109.347628,71109.475972,71109.500628,71109.500628,71109.500647
1789037651.5803,timeline,0,-1,21669,1008.0,0.0,1009.0,0.152,,,,,71109.372878,71109.475016,71109.49621,71109.49621,71109.496226
1789037651.5784,timeline,1,-1,21670,1008.0,0.0,1009.0,0.11,,,,,71109.385452,71109.473053,71109.494287,71109.494287,71109.494304
1789037653.9063,timeline,1,-1,21670,1009.0,0.0,1010.0,0.099,,,,,71109.494535,71111.800894,71111.822231,71111.822231,71111.822246
1789037653.9055,timeline,2,-1,21671,1009.0,0.0,1010.0,0.111,,,,,71109.495998,71111.800803,71111.821374,71111.821374,71111.821391
1789037653.9096,timeline,0,-1,21669,1009.0,0.0,1010.0,0.147,,,,,71109.496658,71111.806345,71111.825462,71111.825462,71111.825481
1789037653.9067,timeline,3,-1,21672,1009.0,0.0,1010.0,2182.271,,,,,71111.683178,71111.801226,71111.822653,71111.822653,71111.82267
1789037654.3543,timeline,2,-1,21671,1010.0,0.0,1011.0,0.096,,,,,71111.821651,71111.978067,71112.27021,71112.27021,71112.270221
1789037654.3543,timeline,1,-1,21670,1010.0,0.0,1011.0,0.112,,,,,71111.822689,71111.979237,71112.270262,71112.270262,71112.270273
1789037654.329,timeline,3,-1,21672,1010.0,0.0,1011.0,0.102,,,,,71111.822939,71111.979767,71112.244864,71112.244864,71112.244879
1789037654.3212,timeline,0,-1,21669,1010.0,0.0,1011.0,0.165,,,,,71111.825927,71111.979046,71112.237103,71112.237103,71112.237119
1789037655.7097,timeline,0,-1,21669,1011.0,0.0,1012.0,0.184,,,,,71112.237829,71113.602755,71113.625587,71113.625587,71113.625601
1789037655.7089,timeline,2,-1,21671,1011.0,0.0,1012.0,0.091,,,,,71112.270561,71113.602285,71113.624801,71113.624801,71113.624819
1789037655.7074,timeline,1,-1,21670,1011.0,0.0,1012.0,0.08,,,,,71112.270612,71113.602357,71113.623335,71113.623335,71113.62335
1789037655.707,timeline,3,-1,21672,1011.0,0.0,1012.0,1268.504,,,,,71113.513619,71113.601984,71113.62295,71113.62295,71113.622965
1789037655.8811,timeline,3,-1,21672,1012.0,0.0,1013.0,0.097,,,,,71113.623334,71113.775694,71113.796962,71113.796962,71113.796979
1789037655.8787,timeline,1,-1,21670,1012.0,0.0,1013.0,0.117,,,,,71113.623731,71113.773748,71113.794571,71113.794571,71113.794585
1789037655.8844,timeline,2,-1,21671,1012.0,0.0,1013.0,0.089,,,,,71113.625306,71113.775171,71113.800333,71113.800333,71113.80035
1789037655.8845,timeline,0,-1,21669,1012.0,0.0,1013.0,0.129,,,,,71113.625975,71113.775062,71113.800428,71113.800428,71113.800443
1789037658.4586,timeline,1,-1,21670,1013.0,0.0,1014.0,0.101,,,,,71113.794946,71116.097842,71116.37453,71116.37453,71116.374542
1789037658.4539,timeline,0,-1,21669,1013.0,0.0,1014.0,0.145,,,,,71113.800735,71116.097861,71116.36978,71116.36978,71116.369794
1789037658.4738,timeline,2,-1,21671,1013.0,0.0,1014.0,0.11,,,,,71113.800898,71116.097941,71116.389719,71116.389719,71116.389731
1789037658.4336,timeline,3,-1,21672,1013.0,0.0,1014.0,2212.849,,,,,71116.010077,71116.097615,71116.349534,71116.349534,71116.349548
1789037658.5838,timeline,3,-1,21672,1014.0,0.0,1015.0,0.079,,,,,71116.349914,71116.477579,71116.499712,71116.499712,71116.499733
1789037658.5853,timeline,0,-1,21669,1014.0,0.0,1015.0,0.148,,,,,71116.370255,71116.481196,71116.501222,71116.501222,71116.501238
1789037658.5843,timeline,1,-1,21670,1014.0,0.0,1015.0,0.083,,,,,71116.375005,71116.479643,71116.500215,71116.500215,71116.500228
1789037658.5856,timeline,2,-1,21671,1014.0,0.0,1015.0,0.08,,,,,71116.390084,71116.478088,71116.501479,71116.501479,71116.501492
1789037660.8094,timeline,1,-1,21670,1015.0,0.0,1016.0,0.099,,,,,71116.500464,71118.7045,71118.725316,71118.725316,71118.725331
1789037660.8082,timeline,0,-1,21669,1015.0,0.0,1016.0,0.129,,,,,71116.501613,71118.704897,71118.72415,71118.72415,71118.724168
1789037660.8117,timeline,2,-1,21671,1015.0,0.0,1016.0,0.105,,,,,71116.501876,71118.7034,71118.72763,71118.72763,71118.727644
1789037660.8128,timeline,3,-1,21672,1015.0,0.0,1016.0,2115.662,,,,,71118.615639,71118.705111,71118.728739,71118.728739,71118.728755
1789037661.2101,timeline,0,-1,21669,1016.0,0.0,1017.0,0.135,,,,,71118.724569,71118.876616,71119.125996,71119.125996,71119.126008
1789037661.2124,timeline,1,-1,21670,1016.0,0.0,1017.0,0.108,,,,,71118.725712,71118.876895,71119.128291,71119.128291,71119.128303
1789037661.2177,timeline,2,-1,21671,1016.0,0.0,1017.0,0.09,,,,,71118.727988,71118.877019,71119.133578,71119.133578,71119.133593
1789037661.2072,timeline,3,-1,21672,1016.0,0.0,1017.0,0.101,,,,,71118.729152,71118.87764,71119.123115,71119.123115,71119.123132
1789037663.4735,timeline,0,-1,21669,1017.0,0.0,1018.0,0.116,,,,,71119.126405,71121.370122,71121.389406,71121.389406,71121.389421
1789037663.4752,timeline,1,-1,21670,1017.0,0.0,1018.0,0.076,,,,,71119.128653,71121.370497,71121.39113,71121.39113,71121.391145
1789037663.4773,timeline,2,-1,21671,1017.0,0.0,1018.0,0.118,,,,,71119.134023,71121.369748,71121.393249,71121.393249,71121.393263
1789037663.4746,timeline,3,-1,21672,1017.0,0.0,1018.0,2157.589,,,,,71121.281034,71121.369596,71121.390546,71121.390546,71121.390561
1789037663.6461,timeline,0,-1,21669,1018.0,0.0,1019.0,0.149,,,,,71121.389845,71121.542765,71121.562023,71121.562023,71121.56204
1789037663.6495,timeline,3,-1,21672,1018.0,0.0,1019.0,0.101,,,,,71121.390955,71121.543325,71121.56546,71121.56546,71121.565474
1789037663.6467,timeline,1,-1,21670,1018.0,0.0,1019.0,0.109,,,,,71121.391537,71121.542522,71121.562582,71121.562582,71121.562595
1789037663.6466,timeline,2,-1,21671,1018.0,0.0,1019.0,0.089,,,,,71121.393611,71121.543002,71121.562452,71121.562452,71121.562477
1789037665.9283,timeline,0,-1,21669,1019.0,0.0,1020.0,0.138,,,,,71121.562471,71123.591183,71123.844169,71123.844169,71123.84418
1789037665.9204,timeline,2,-1,21671,1019.0,0.0,1020.0,0.13,,,,,71121.562773,71123.590482,71123.83631,71123.83631,71123.836325
1789037665.9224,timeline,1,-1,21670,1019.0,0.0,1020.0,0.085,,,,,71121.562929,71123.590982,71123.838284,71123.838284,71123.838294
1789037665.9389,timeline,3,-1,21672,1019.0,0.0,1020.0,1936.983,,,,,71123.50269,71123.590588,71123.854761,71123.854761,71123.854775
1789037666.1417,timeline,2,-1,21671,1020.0,0.0,1021.0,0.086,,,,,71123.836586,71123.942191,71124.051756,71124.051756,71124.057598
1789037666.1416,timeline,1,-1,21670,1020.0,0.0,1021.0,0.156,,,,,71123.838603,71123.94358,71124.051739,71124.051739,71124.057544
1789037666.146,timeline,0,-1,21669,1020.0,0.0,1021.0,0.13,,,,,71123.844596,71123.969319,71124.051751,71124.051751,71124.061877
1789037666.1416,timeline,3,-1,21672,1020.0,0.0,1021.0,0.101,,,,,71123.855212,71123.9453,71124.051724,71124.051724,71124.057564
1789037667.761,timeline,1,-1,21670,1021.0,0.0,1022.0,0.094,,,,,71124.057885,71125.656126,71125.676944,71125.676944,71125.67696
1789037667.7604,timeline,2,-1,21671,1021.0,0.0,1022.0,0.164,,,,,71124.058093,71125.657143,71125.676267,71125.676267,71125.676282
1789037667.7611,timeline,0,-1,21669,1021.0,0.0,1022.0,0.149,,,,,71124.062159,71125.657101,71125.677007,71125.677007,71125.677021
1789037667.7619,timeline,3,-1,21672,1021.0,0.0,1022.0,1511.246,,,,,71125.569017,71125.657305,71125.677812,71125.677812,71125.677826
1789037668.2204,timeline,2,-1,21671,1022.0,0.0,1023.0,0.094,,,,,71125.676653,71125.830241,71126.136282,71126.136282,71126.136293
1789037668.167,timeline,1,-1,21670,1022.0,0.0,1023.0,0.117,,,,,71125.677351,71125.829782,71126.082905,71126.082905,71126.082916
1789037668.2039,timeline,0,-1,21669,1022.0,0.0,1023.0,0.139,,,,,71125.677401,71125.829642,71126.119772,71126.119772,71126.119784
1789037668.1742,timeline,3,-1,21672,1022.0,0.0,1023.0,0.092,,,,,71125.678164,71125.830097,71126.090119,71126.090119,71126.090133
1789037670.3074,timeline,1,-1,21670,1023.0,0.0,1024.0,0.077,,,,,71126.083249,71128.202031,71128.223326,71128.223326,71128.223347
1789037670.3094,timeline,0,-1,21669,1023.0,0.0,1024.0,0.114,,,,,71126.120179,71128.202256,71128.225339,71128.225339,71128.225356
1789037670.325,timeline,2,-1,21671,1023.0,0.0,1024.0,0.092,,,,,71126.136628,71128.215149,71128.24087,71128.24087,71128.240884
1789037670.3076,timeline,3,-1,21672,1023.0,0.0,1024.0,2009.4,,,,,71128.099812,71128.20218,71128.223545,71128.223545,71128.223562
1789037670.4898,timeline,3,-1,21672,1024.0,0.0,1025.0,0.098,,,,,71128.223811,71128.385722,71128.40572,71128.40572,71128.405733
1789037670.4896,timeline,1,-1,21670,1024.0,0.0,1025.0,0.13,,,,,71128.223826,71128.385278,71128.405513,71128.405513,71128.405529
1789037670.4916,timeline,0,-1,21669,1024.0,0.0,1025.0,0.145,,,,,71128.225657,71128.38565,71128.407462,71128.407462,71128.407477
1789037670.5006,timeline,2,-1,21671,1024.0,0.0,1025.0,0.086,,,,,71128.241219,71128.386038,71128.416541,71128.416541,71128.416556
1789037673.0637,timeline,1,-1,21670,1025.0,0.0,1026.0,0.101,,,,,71128.40602,71130.730739,71130.979644,71130.979644,71130.979657
1789037673.0667,timeline,0,-1,21669,1025.0,0.0,1026.0,0.144,,,,,71128.407905,71130.730861,71130.982578,71130.982578,71130.982588
1789037673.0662,timeline,2,-1,21671,1025.0,0.0,1026.0,0.101,,,,,71128.416887,71130.735458,71130.982119,71130.982119,71130.982134
1789037673.0665,timeline,3,-1,21672,1025.0,0.0,1026.0,2237.229,,,,,71130.643184,71130.731143,71130.982421,71130.982421,71130.982438
1789037673.1759,timeline,1,-1,21670,1026.0,0.0,1027.0,0.095,,,,,71130.980048,71131.070985,71131.091852,71131.091852,71131.091864
1789037673.1747,timeline,2,-1,21671,1026.0,0.0,1027.0,0.094,,,,,71130.982548,71131.070952,71131.090657,71131.090657,71131.090671
1789037673.1803,timeline,3,-1,21672,1026.0,0.0,1027.0,0.085,,,,,71130.98284,71131.074866,71131.096211,71131.096211,71131.096226
1789037673.1755,timeline,0,-1,21669,1026.0,0.0,1027.0,0.14,,,,,71130.983034,71131.070938,71131.091449,71131.091449,71131.091462
1789037675.0556,timeline,2,-1,21671,1027.0,0.0,1028.0,0.098,,,,,71131.091019,71132.952036,71132.971509,71132.971509,71132.971525
1789037675.0565,timeline,0,-1,21669,1027.0,0.0,1028.0,0.131,,,,,71131.091848,71132.951766,71132.972369,71132.972369,71132.972384
1789037675.0574,timeline,1,-1,21670,1027.0,0.0,1028.0,0.107,,,,,71131.092206,71132.952122,71132.973308,71132.973308,71132.97333
1789037675.0595,timeline,3,-1,21672,1027.0,0.0,1028.0,1766.254,,,,,71132.862938,71132.952713,71132.975456,71132.975456,71132.975471
1789037675.5627,timeline,2,-1,21671,1028.0,0.0,1029.0,0.104,,,,,71132.971923,71133.14344,71133.478586,71133.478586,71133.478603
1789037675.4857,timeline,0,-1,21669,1028.0,0.0,1029.0,0.153,,,,,71132.972792,71133.143177,71133.401591,71133.401591,71133.401602
1789037675.4755,timeline,1,-1,21670,1028.0,0.0,1029.0,0.125,,,,,71132.973811,71133.142932,71133.39146,71133.39146,71133.391472
1789037675.4763,timeline,3,-1,21672,1028.0,0.0,1029.0,0.1,,,,,71132.975839,71133.143101,71133.392203,71133.392203,71133.392216
1789037677.9471,timeline,1,-1,21670,1029.0,0.0,1030.0,0.071,,,,,71133.391811,71135.814452,71135.863044,71135.863044,71135.863058
1789037677.9445,timeline,0,-1,21669,1029.0,0.0,1030.0,0.129,,,,,71133.402002,71135.839139,71135.860365,71135.860365,71135.860386
1789037677.9206,timeline,2,-1,21671,1029.0,0.0,1030.0,0.109,,,,,71133.479036,71135.814528,71135.836473,71135.836473,71135.836494
1789037677.9206,timeline,3,-1,21672,1029.0,0.0,1030.0,2302.957,,,,,71135.69544,71135.814933,71135.836516,71135.836516,71135.836531
1789037678.1158,timeline,2,-1,21671,1030.0,0.0,1031.0,0.095,,,,,71135.836783,71136.009917,71136.031744,71136.031744,71136.031762
1789037678.1154,timeline,3,-1,21672,1030.0,0.0,1031.0,0.099,,,,,71135.836791,71136.009876,71136.031344,71136.031344,71136.031361
1789037678.1248,timeline,0,-1,21669,1030.0,0.0,1031.0,0.178,,,,,71135.860974,71136.009903,71136.040701,71136.040701,71136.040717
1789037678.1132,timeline,1,-1,21670,1030.0,0.0,1031.0,0.101,,,,,71135.863418,71136.008728,71136.02909,71136.02909,71136.02911
1789037680.9188,timeline,1,-1,21670,1031.0,0.0,1032.0,0.088,,,,,71136.029336,71138.568229,71138.83468,71138.83468,71138.834692
1789037680.9024,timeline,2,-1,21671,1031.0,0.0,1032.0,0.111,,,,,71136.032337,71138.56703,71138.818356,71138.818356,71138.818369
1789037680.9061,timeline,0,-1,21669,1031.0,0.0,1032.0,0.145,,,,,71136.041179,71138.568283,71138.82198,71138.82198,71138.821991
1789037680.9065,timeline,3,-1,21672,1031.0,0.0,1032.0,2447.648,,,,,71138.479281,71138.568555,71138.822378,71138.822378,71138.822392
1789037681.0271,timeline,2,-1,21671,1032.0,0.0,1033.0,0.083,,,,,71138.818763,71138.923435,71138.942965,71138.942965,71138.942979
1789037681.0278,timeline,0,-1,21669,1032.0,0.0,1033.0,0.124,,,,,71138.822261,71138.923404,71138.943712,71138.943712,71138.943729
1789037681.0283,timeline,3,-1,21672,1032.0,0.0,1033.0,0.078,,,,,71138.822625,71138.923637,71138.944185,71138.944185,71138.944199
1789037681.0258,timeline,1,-1,21670,1032.0,0.0,1033.0,0.085,,,,,71138.834919,71138.92103,71138.941728,71138.941728,71138.941741
1789037683.456,timeline,1,-1,21670,1033.0,0.0,1034.0,0.106,,,,,71138.942092,71141.350616,71141.371903,71141.371903,71141.371922
1789037683.4577,timeline,2,-1,21671,1033.0,0.0,1034.0,0.111,,,,,71138.943363,71141.354432,71141.373587,71141.373587,71141.373604
1789037683.4571,timeline,0,-1,21669,1033.0,0.0,1034.0,0.157,,,,,71138.944341,71141.351982,71141.373025,71141.373025,71141.373051
1789037683.4561,timeline,3,-1,21672,1033.0,0.0,1034.0,2318.96,,,,,71141.263432,71141.350998,71141.372032,71141.372032,71141.372047
1789037683.9102,timeline,1,-1,21670,1034.0,0.0,1035.0,0.111,,,,,71141.372336,71141.525872,71141.826101,71141.826101,71141.826113
1789037683.8601,timeline,3,-1,21672,1034.0,0.0,1035.0,0.088,,,,,71141.372441,71141.525695,71141.775983,71141.775983,71141.775994
1789037683.8662,timeline,0,-1,21669,1034.0,0.0,1035.0,0.136,,,,,71141.373468,71141.524076,71141.782156,71141.782156,71141.782168
1789037683.8958,timeline,2,-1,21671,1034.0,0.0,1035.0,0.101,,,,,71141.374019,71141.526143,71141.811669,71141.811669,71141.81168
1789037685.7219,timeline,0,-1,21669,1035.0,0.0,1036.0,0.14,,,,,71141.782652,71143.615556,71143.637797,71143.637797,71143.637816
1789037685.7235,timeline,2,-1,21671,1035.0,0.0,1036.0,0.26,,,,,71141.812091,71143.617671,71143.639361,71143.639361,71143.639383
1789037685.7211,timeline,1,-1,21670,1035.0,0.0,1036.0,0.084,,,,,71141.826456,71143.615429,71143.637022,71143.637022,71143.637038
1789037685.7207,timeline,3,-1,21672,1035.0,0.0,1036.0,1750.165,,,,,71143.526457,71143.615216,71143.636595,71143.636595,71143.636609
1789037685.8938,timeline,3,-1,21672,1036.0,0.0,1037.0,0.095,,,,,71143.636967,71143.789125,71143.809743,71143.809743,71143.809758
1789037685.8942,timeline,1,-1,21670,1036.0,0.0,1037.0,0.118,,,,,71143.637454,71143.789417,71143.810124,71143.810124,71143.81014
1789037685.8935,timeline,0,-1,21669,1036.0,0.0,1037.0,0.16,,,,,71143.63832,71143.788936,71143.809441,71143.809441,71143.809456
1789037685.8932,timeline,2,-1,21671,1036.0,0.0,1037.0,0.147,,,,,71143.639914,71143.789038,71143.809085,71143.809085,71143.8091
1789037688.9439,timeline,2,-1,21671,1037.0,0.0,1038.0,0.134,,,,,71143.809511,71146.605539,71146.859783,71146.859783,71146.859794
1789037688.9515,timeline,0,-1,21669,1037.0,0.0,1038.0,0.115,,,,,71143.809804,71146.611469,71146.867376,71146.867376,71146.867385
1789037688.9815,timeline,1,-1,21670,1037.0,0.0,1038.0,0.105,,,,,71143.810513,71146.634411,71146.897399,71146.897399,71146.897415
1789037688.9461,timeline,3,-1,21672,1037.0,0.0,1038.0,2678.461,,,,,71146.488476,71146.605838,71146.862001,71146.862001,71146.862015
1789037689.0922,timeline,2,-1,21671,1038.0,0.0,1039.0,0.081,,,,,71146.860043,71146.986641,71147.008092,71147.008092,71147.008107
1789037689.0928,timeline,3,-1,21672,1038.0,0.0,1039.0,0.095,,,,,71146.862269,71146.987608,71147.00869,71147.00869,71147.008705
1789037689.0922,timeline,0,-1,21669,1038.0,0.0,1039.0,0.125,,,,,71146.867797,71146.986763,71147.00807,71147.00807,71147.008085
1789037689.0919,timeline,1,-1,21670,1038.0,0.0,1039.0,0.099,,,,,71146.897814,71146.987216,71147.007768,71147.007768,71147.007786
1789037691.1569,timeline,1,-1,21670,1039.0,0.0,1040.0,0.148,,,,,71147.008092,71149.051337,71149.072852,71149.072852,71149.072869
1789037691.1613,timeline,0,-1,21669,1039.0,0.0,1040.0,0.134,,,,,71147.008595,71149.05694,71149.077245,71149.077245,71149.077258
1789037691.1564,timeline,2,-1,21671,1039.0,0.0,1040.0,0.13,,,,,71147.008601,71149.051092,71149.072275,71149.072275,71149.072302
1789037691.1569,timeline,3,-1,21672,1039.0,0.0,1040.0,1937.172,,,,,71148.946121,71149.051191,71149.072788,71149.072788,71149.072806
1789037691.6663,timeline,2,-1,21671,1040.0,0.0,1041.0,0.106,,,,,71149.072564,71149.227565,71149.57271,71149.57271,71149.582235
1789037691.6666,timeline,3,-1,21672,1040.0,0.0,1041.0,0.109,,,,,71149.073213,71149.228441,71149.572635,71149.572635,71149.582487
1789037691.6663,timeline,1,-1,21670,1040.0,0.0,1041.0,0.119,,,,,71149.073286,71149.227105,71149.576884,71149.576884,71149.582194
1789037691.6703,timeline,0,-1,21669,1040.0,0.0,1041.0,0.141,,,,,71149.077666,71149.2285,71149.576333,71149.576333,71149.586238
1789037693.3805,timeline,1,-1,21670,1041.0,0.0,1042.0,0.092,,,,,71149.582531,71151.275221,71151.296427,71151.296427,71151.296443
1789037693.381,timeline,2,-1,21671,1041.0,0.0,1042.0,0.144,,,,,71149.582746,71151.276227,71151.296928,71151.296928,71151.296943
1789037693.3808,timeline,0,-1,21669,1041.0,0.0,1042.0,0.136,,,,,71149.586611,71151.276191,71151.296747,71151.296747,71151.296763
1789037693.3798,timeline,3,-1,21672,1041.0,0.0,1042.0,1604.892,,,,,71151.187642,71151.27476,71151.295739,71151.295739,71151.295757
1789037693.5581,timeline,3,-1,21672,1042.0,0.0,1043.0,0.095,,,,,71151.295998,71151.447971,71151.474017,71151.474017,71151.474035
1789037693.5522,timeline,1,-1,21670,1042.0,0.0,1043.0,0.108,,,,,71151.296812,71151.447495,71151.468102,71151.468102,71151.468118
1789037693.5528,timeline,0,-1,21669,1042.0,0.0,1043.0,0.135,,,,,71151.297187,71151.4474,71151.468721,71151.468721,71151.468736
1789037693.5526,timeline,2,-1,21671,1042.0,0.0,1043.0,0.093,,,,,71151.297306,71151.447259,71151.468546,71151.468546,71151.468562
1789037695.4165,timeline,1,-1,21670,1043.0,0.0,1044.0,0.108,,,,,71151.468471,71153.081954,71153.33237,71153.33237,71153.332382
1789037695.4198,timeline,2,-1,21671,1043.0,0.0,1044.0,0.12,,,,,71151.468979,71153.081268,71153.335701,71153.335701,71153.335712
1789037695.4213,timeline,0,-1,21669,1043.0,0.0,1044.0,0.129,,,,,71151.469117,71153.080674,71153.337182,71153.337182,71153.337193
1789037695.4529,timeline,3,-1,21672,1043.0,0.0,1044.0,1519.313,,,,,71152.993643,71153.082788,71153.368851,71153.368851,71153.368865
1789037695.5609,timeline,1,-1,21670,1044.0,0.0,1045.0,0.084,,,,,71153.332735,71153.455903,71153.476793,71153.476793,71153.476806
1789037695.5642,timeline,2,-1,21671,1044.0,0.0,1045.0,0.082,,,,,71153.33636,71153.457128,71153.480076,71153.480076,71153.480091
1789037695.5802,timeline,0,-1,21669,1044.0,0.0,1045.0,0.121,,,,,71153.337601,71153.475541,71153.496112,71153.496112,71153.496127
1789037695.562,timeline,3,-1,21672,1044.0,0.0,1045.0,0.129,,,,,71153.369383,71153.456971,71153.477903,71153.477903,71153.477916
1789037697.96,timeline,1,-1,21670,1045.0,0.0,1046.0,0.097,,,,,71153.477133,71155.854767,71155.875892,71155.875892,71155.875906
1789037697.9596,timeline,2,-1,21671,1045.0,0.0,1046.0,0.121,,,,,71153.480367,71155.85398,71155.87547,71155.87547,71155.875486
1789037697.9736,timeline,0,-1,21669,1045.0,0.0,1046.0,0.131,,,,,71153.4965,71155.869081,71155.889543,71155.889543,71155.889558
1789037697.9641,timeline,3,-1,21672,1045.0,0.0,1046.0,2287.958,,,,,71155.766098,71155.856259,71155.879992,71155.879992,71155.88002
1789037698.3819,timeline,2,-1,21671,1046.0,0.0,1047.0,0.098,,,,,71155.875743,71156.037819,71156.297859,71156.297859,71156.29787
1789037698.3715,timeline,1,-1,21670,1046.0,0.0,1047.0,0.12,,,,,71155.876174,71156.039687,71156.287378,71156.287378,71156.28739
1789037698.4267,timeline,0,-1,21669,1046.0,0.0,1047.0,0.165,,,,,71155.890013,71156.039295,71156.342584,71156.342584,71156.342593
1789037698.3775,timeline,3,-1,21672,1046.0,0.0,1047.0,52.926,,,,,71155.933145,71156.039243,71156.29342,71156.29342,71156.293433
1789037700.2721,timeline,1,-1,21670,1047.0,0.0,1048.0,0.088,,,,,71156.287764,71158.166627,71158.187991,71158.187991,71158.188017
1789037700.2722,timeline,2,-1,21671,1047.0,0.0,1048.0,0.092,,,,,71156.298112,71158.166551,71158.188127,71158.188127,71158.188141
1789037700.2718,timeline,0,-1,21669,1047.0,0.0,1048.0,0.118,,,,,71156.34301,71158.167211,71158.187695,71158.187695,71158.187709
1789037700.2719,timeline,3,-1,21672,1047.0,0.0,1048.0,1784.028,,,,,71158.077705,71158.167064,71158.187823,71158.187823,71158.187837
1789037700.8342,timeline,1,-1,21670,1048.0,0.0,1049.0,0.117,,,,,71158.18829,71158.728228,71158.750055,71158.750055,71158.750073
1789037700.843,timeline,0,-1,21669,1048.0,0.0,1049.0,0.155,,,,,71158.18838,71158.738529,71158.758923,71158.758923,71158.758939
1789037700.8338,timeline,2,-1,21671,1048.0,0.0,1049.0,0.092,,,,,71158.18848,71158.728314,71158.74975,71158.74975,71158.749768
1789037700.8347,timeline,3,-1,21672,1048.0,0.0,1049.0,431.784,,,,,71158.619826,71158.728659,71158.750654,71158.750654,71158.750671
1789037702.664,timeline,2,-1,21671,1049.0,0.0,1050.0,0.113,,,,,71158.75018,71160.327188,71160.579892,71160.579892,71160.579902
1789037702.6692,timeline,1,-1,21670,1049.0,0.0,1050.0,0.106,,,,,71158.750481,71160.326863,71160.585078,71160.585078,71160.585093
1789037702.6855,timeline,0,-1,21669,1049.0,0.0,1050.0,0.149,,,,,71158.759235,71160.327521,71160.601431,71160.601431,71160.60145
1789037702.6683,timeline,3,-1,21672,1049.0,0.0,1050.0,1487.257,,,,,71160.238163,71160.327403,71160.584214,71160.584214,71160.584226
1789037702.9721,timeline,2,-1,21671,1050.0,0.0,1051.0,0.08,,,,,71160.580129,71160.866871,71160.887987,71160.887987,71160.888014
1789037702.9705,timeline,1,-1,21670,1050.0,0.0,1051.0,0.135,,,,,71160.585617,71160.864885,71160.88645,71160.88645,71160.886464
1789037702.9722,timeline,0,-1,21669,1050.0,0.0,1051.0,0.198,,,,,71160.602039,71160.867636,71160.888113,71160.888113,71160.888129
1789037702.9713,timeline,3,-1,21672,1050.0,0.0,1051.0,194.03,,,,,71160.77846,71160.86656,71160.887251,71160.887251,71160.887264
1789037704.4517,timeline,1,-1,21670,1051.0,0.0,1052.0,0.096,,,,,71160.886712,71162.346181,71162.367616,71162.367616,71162.367633
1789037704.4512,timeline,2,-1,21671,1051.0,0.0,1052.0,0.111,,,,,71160.888407,71162.346157,71162.367126,71162.367126,71162.367139
1789037704.4505,timeline,0,-1,21669,1051.0,0.0,1052.0,0.184,,,,,71160.888686,71162.346264,71162.366436,71162.366436,71162.366451
1789037704.4504,timeline,3,-1,21672,1051.0,0.0,1052.0,1370.755,,,,,71162.258239,71162.34588,71162.366275,71162.366275,71162.36629
1789037705.9145,timeline,0,-1,21669,1052.0,0.0,1053.0,0.153,,,,,71162.366954,71163.564251,71163.830379,71163.830379,71163.83039
1789037705.9023,timeline,2,-1,21671,1052.0,0.0,1053.0,0.092,,,,,71162.367368,71163.564474,71163.818173,71163.818173,71163.818185
1789037705.9087,timeline,1,-1,21670,1052.0,0.0,1053.0,0.135,,,,,71162.368282,71163.570625,71163.824619,71163.824619,71163.82463
1789037705.8997,timeline,3,-1,21672,1052.0,0.0,1053.0,1108.481,,,,,71163.475115,71163.562589,71163.815573,71163.815573,71163.815584
1789037707.3571,timeline,2,-1,21671,1053.0,0.0,1054.0,0.258,,,,,71163.8186,71165.243147,71165.273036,71165.273036,71165.27305
1789037707.3478,timeline,1,-1,21670,1053.0,0.0,1054.0,0.076,,,,,71163.824844,71165.242976,71165.263723,71165.263723,71165.263738
1789037707.3476,timeline,0,-1,21669,1053.0,0.0,1054.0,0.114,,,,,71163.830764,71165.243515,71165.263506,71165.263506,71165.26352
1789037707.3479,timeline,3,-1,21672,1053.0,0.0,1054.0,1338.835,,,,,71165.154663,71165.243173,71165.263859,71165.263859,71165.263873
1789037708.0216,timeline,0,-1,21669,1054.0,0.0,1055.0,0.146,,,,,71165.263965,71165.917199,71165.937476,71165.937476,71165.937492
1789037707.9958,timeline,1,-1,21670,1054.0,0.0,1055.0,0.106,,,,,71165.264325,71165.890612,71165.911733,71165.911733,71165.911749
1789037708.006,timeline,2,-1,21671,1054.0,0.0,1055.0,0.098,,,,,71165.27342,71165.890957,71165.921937,71165.921937,71165.921953
1789037707.9987,timeline,3,-1,21672,1054.0,0.0,1055.0,539.062,,,,,71165.803152,71165.893113,71165.914641,71165.914641,71165.914656
1789037710.4097,timeline,1,-1,21670,1055.0,0.0,1056.0,0.102,,,,,71165.912121,71168.044996,71168.325594,71168.325594,71168.325607
1789037710.3858,timeline,2,-1,21671,1055.0,0.0,1056.0,0.122,,,,,71165.922347,71168.044744,71168.301748,71168.301748,71168.301763
1789037710.401,timeline,0,-1,21669,1055.0,0.0,1056.0,0.145,,,,,71165.937792,71168.044719,71168.31696,71168.31696,71168.316971
1789037710.4086,timeline,3,-1,21672,1055.0,0.0,1056.0,2041.82,,,,,71167.956718,71168.043175,71168.32452,71168.32452,71168.324532
1789037710.5181,timeline,2,-1,21671,1056.0,0.0,1057.0,0.095,,,,,71168.302181,71168.412274,71168.434055,71168.434055,71168.434067
1789037710.5168,timeline,0,-1,21669,1056.0,0.0,1057.0,0.13,,,,,71168.317392,71168.412212,71168.432754,71168.432754,71168.432769
1789037710.5174,timeline,3,-1,21672,1056.0,0.0,1057.0,0.086,,,,,71168.324872,71168.412915,71168.433278,71168.433278,71168.43329
1789037710.5167,timeline,1,-1,21670,1056.0,0.0,1057.0,0.094,,,,,71168.32598,71168.412409,71168.43266,71168.43266,71168.432672
1789037712.3103,timeline,1,-1,21670,1057.0,0.0,1058.0,0.088,,,,,71168.432893,71170.205443,71170.226227,71170.226227,71170.226242
1789037712.3092,timeline,0,-1,21669,1057.0,0.0,1058.0,0.135,,,,,71168.433058,71170.203641,71170.225057,71170.225057,71170.225079
1789037712.3117,timeline,2,-1,21671,1057.0,0.0,1058.0,0.112,,,,,71168.43448,71170.203315,71170.227584,71170.227584,71170.227599
1789037712.3078,timeline,3,-1,21672,1057.0,0.0,1058.0,1680.519,,,,,71170.114274,71170.202628,71170.223758,71170.223758,71170.223772
1789037712.7171,timeline,3,-1,21672,1058.0,0.0,1059.0,0.091,,,,,71170.224305,71170.377111,71170.632967,71170.632967,71170.63298
1789037712.7562,timeline,0,-1,21669,1058.0,0.0,1059.0,0.164,,,,,71170.225407,71170.377546,71170.672159,71170.672159,71170.672172
1789037712.7164,timeline,1,-1,21670,1058.0,0.0,1059.0,0.115,,,,,71170.226667,71170.377266,71170.632284,71170.632284,71170.632298
1789037712.7202,timeline,2,-1,21671,1058.0,0.0,1059.0,0.098,,,,,71170.227844,71170.377659,71170.636077,71170.636077,71170.636091
1789037714.3568,timeline,1,-1,21670,1059.0,0.0,1060.0,0.091,,,,,71170.632686,71172.251622,71172.272698,71172.272698,71172.272718
1789037714.3576,timeline,2,-1,21671,1059.0,0.0,1060.0,0.106,,,,,71170.636527,71172.252607,71172.273524,71172.273524,71172.27354
1789037714.3573,timeline,0,-1,21669,1059.0,0.0,1060.0,0.132,,,,,71170.672577,71172.252654,71172.273224,71172.273224,71172.273242
1789037714.3568,timeline,3,-1,21672,1059.0,0.0,1060.0,1529.649,,,,,71172.162887,71172.250628,71172.272747,71172.272747,71172.272763
1789037714.7446,timeline,1,-1,21670,1060.0,0.0,1061.0,0.134,,,,,71172.273186,71172.565708,71172.654614,71172.654614,71172.660493
1789037714.7488,timeline,0,-1,21669,1060.0,0.0,1061.0,0.172,,,,,71172.273706,71172.571476,71172.654625,71172.654625,71172.664744
1789037714.7447,timeline,2,-1,21671,1060.0,0.0,1061.0,0.121,,,,,71172.274451,71172.56601,71172.654628,71172.654628,71172.660585
1789037714.7445,timeline,3,-1,21672,1060.0,0.0,1061.0,181.836,,,,,71172.454811,71172.565959,71172.654599,71172.654599,71172.660452
1789037717.0333,timeline,1,-1,21670,1061.0,0.0,1062.0,0.102,,,,,71172.660839,71174.699369,71174.949215,71174.949215,71174.949227
1789037717.0344,timeline,2,-1,21671,1061.0,0.0,1062.0,0.148,,,,,71172.661019,71174.698797,71174.950287,71174.950287,71174.950299
1789037717.0424,timeline,0,-1,21669,1061.0,0.0,1062.0,0.168,,,,,71172.665175,71174.701095,71174.958283,71174.958283,71174.958294
1789037717.0657,timeline,3,-1,21672,1061.0,0.0,1062.0,1951.017,,,,,71174.611716,71174.702271,71174.981602,71174.981602,71174.981617
1789037717.1742,timeline,1,-1,21670,1062.0,0.0,1063.0,0.087,,,,,71174.949593,71175.069032,71175.090093,71175.090093,71175.090109
1789037717.1738,timeline,2,-1,21671,1062.0,0.0,1063.0,0.077,,,,,71174.950672,71175.06903,71175.089723,71175.089723,71175.089738
1789037717.1739,timeline,0,-1,21669,1062.0,0.0,1063.0,0.142,,,,,71174.958751,71175.069606,71175.089812,71175.089812,71175.089826
1789037717.1741,timeline,3,-1,21672,1062.0,0.0,1063.0,0.096,,,,,71174.982009,71175.068833,71175.089959,71175.089959,71175.089976
1789037719.8649,timeline,2,-1,21671,1063.0,0.0,1064.0,0.111,,,,,71175.090177,71177.757684,71177.780809,71177.780809,71177.780824
1789037719.8625,timeline,0,-1,21669,1063.0,0.0,1064.0,0.143,,,,,71175.090249,71177.757486,71177.778438,71177.778438,71177.778456
1789037719.8909,timeline,1,-1,21670,1063.0,0.0,1064.0,0.109,,,,,71175.090499,71177.758193,71177.806843,71177.806843,71177.806858
1789037719.8638,timeline,3,-1,21672,1063.0,0.0,1064.0,2275.24,,,,,71177.365464,71177.757932,71177.779751,71177.779751,71177.779767
1789037720.2705,timeline,0,-1,21669,1064.0,0.0,1065.0,0.144,,,,,71177.778887,71177.931024,71178.186392,71178.186392,71178.186406
1789037720.2668,timeline,3,-1,21672,1064.0,0.0,1065.0,0.11,,,,,71177.780215,71177.931454,71178.182667,71178.182667,71178.18268
1789037720.2667,timeline,2,-1,21671,1064.0,0.0,1065.0,0.101,,,,,71177.781224,71177.931563,71178.182568,71178.182568,71178.182584
1789037720.262,timeline,1,-1,21670,1064.0,0.0,1065.0,0.119,,,,,71177.807232,71177.931077,71178.177945,71178.177945,71178.177958
1789037721.2122,timeline,1,-1,21670,1065.0,0.0,1066.0,0.082,,,,,71178.178295,71179.10667,71179.128092,71179.128092,71179.128106
1789037721.2167,timeline,2,-1,21671,1065.0,0.0,1066.0,0.116,,,,,71178.183036,71179.112197,71179.13259,71179.13259,71179.132604
1789037721.2119,timeline,0,-1,21669,1065.0,0.0,1066.0,0.149,,,,,71178.18695,71179.106734,71179.127818,71179.127818,71179.127835
1789037721.2129,timeline,3,-1,21672,1065.0,0.0,1066.0,810.966,,,,,71178.993881,71179.106895,71179.128819,71179.128819,71179.128839
1789037721.6508,timeline,0,-1,21669,1066.0,0.0,1067.0,0.184,,,,,71179.1282,71179.544393,71179.566747,71179.566747,71179.566763
1789037721.6483,timeline,1,-1,21670,1066.0,0.0,1067.0,0.104,,,,,71179.128494,71179.543534,71179.56422,71179.56422,71179.564234
1789037721.6493,timeline,2,-1,21671,1066.0,0.0,1067.0,0.091,,,,,71179.132955,71179.544689,71179.565258,71179.565258,71179.565276
1789037721.6503,timeline,3,-1,21672,1066.0,0.0,1067.0,326.904,,,,,71179.455977,71179.544522,71179.566173,71179.566173,71179.566189
1789037724.2335,timeline,1,-1,21670,1067.0,0.0,1068.0,0.103,,,,,71179.564577,71181.895188,71182.149417,71182.149417,71182.149431
1789037724.2354,timeline,2,-1,21671,1067.0,0.0,1068.0,0.124,,,,,71179.565712,71181.894675,71182.151277,71182.151277,71182.151288
1789037724.2351,timeline,0,-1,21669,1067.0,0.0,1068.0,0.178,,,,,71179.567258,71181.894652,71182.151048,71182.151048,71182.15106
1789037724.235,timeline,3,-1,21672,1067.0,0.0,1068.0,2240.301,,,,,71181.806739,71181.895359,71182.150926,71182.150926,71182.150945
1789037724.3702,timeline,1,-1,21670,1068.0,0.0,1069.0,0.093,,,,,71182.149663,71182.265442,71182.286067,71182.286067,71182.286082
1789037724.3467,timeline,3,-1,21672,1068.0,0.0,1069.0,0.085,,,,,71182.151196,71182.241589,71182.262575,71182.262575,71182.262588
1789037724.3436,timeline,0,-1,21669,1068.0,0.0,1069.0,0.133,,,,,71182.151355,71182.238986,71182.259497,71182.259497,71182.259509
1789037724.3438,timeline,2,-1,21671,1068.0,0.0,1069.0,0.08,,,,,71182.151693,71182.239027,71182.25975,71182.25975,71182.259762
1789037726.5835,timeline,0,-1,21669,1069.0,0.0,1070.0,0.132,,,,,71182.259903,71184.441314,71184.499441,71184.499441,71184.499459
1789037726.5503,timeline,2,-1,21671,1069.0,0.0,1070.0,0.11,,,,,71182.260388,71184.441315,71184.466192,71184.466192,71184.466212
1789037726.5474,timeline,1,-1,21670,1069.0,0.0,1070.0,0.091,,,,,71182.286416,71184.44169,71184.463311,71184.463311,71184.463331
1789037726.5483,timeline,3,-1,21672,1069.0,0.0,1070.0,2087.141,,,,,71184.349931,71184.439246,71184.464176,71184.464176,71184.464191
1789037727.1334,timeline,1,-1,21670,1070.0,0.0,1071.0,0.126,,,,,71184.463756,71184.796285,71185.049363,71185.049363,71185.049376
1789037727.1485,timeline,2,-1,21671,1070.0,0.0,1071.0,0.108,,,,,71184.466631,71184.802485,71185.064413,71185.064413,71185.064425
1789037727.1343,timeline,0,-1,21669,1070.0,0.0,1071.0,0.153,,,,,71184.499876,71184.796558,71185.050247,71185.050247,71185.050265
1789037727.1265,timeline,3,-1,21672,1070.0,0.0,1071.0,217.038,,,,,71184.681427,71184.796414,71185.042404,71185.042404,71185.042418
1789037729.2679,timeline,1,-1,21670,1071.0,0.0,1072.0,0.077,,,,,71185.049717,71187.162469,71187.183764,71187.183764,71187.183782
1789037729.2671,timeline,0,-1,21669,1071.0,0.0,1072.0,0.134,,,,,71185.050717,71187.162148,71187.183042,71187.183042,71187.183058
1789037729.2728,timeline,2,-1,21671,1071.0,0.0,1072.0,0.104,,,,,71185.064835,71187.168197,71187.188737,71187.188737,71187.188755
1789037729.2681,timeline,3,-1,21672,1071.0,0.0,1072.0,2018.858,,,,,71187.061698,71187.162463,71187.18398,71187.18398,71187.183996
1789037729.4788,timeline,0,-1,21669,1072.0,0.0,1073.0,0.147,,,,,71187.183487,71187.365666,71187.39472,71187.39472,71187.394733
1789037729.4742,timeline,1,-1,21670,1072.0,0.0,1073.0,0.121,,,,,71187.184226,71187.369598,71187.390104,71187.390104,71187.390118
1789037729.4684,timeline,2,-1,21671,1072.0,0.0,1073.0,0.092,,,,,71187.189129,71187.364082,71187.384322,71187.384322,71187.384339
1789037729.4701,timeline,3,-1,21672,1072.0,0.0,1073.0,93.517,,,,,71187.277707,71187.364738,71187.386055,71187.386055,71187.38607
1789037732.0094,timeline,2,-1,21671,1073.0,0.0,1074.0,0.115,,,,,71187.384762,71189.67058,71189.925361,71189.925361,71189.925374
1789037732.1028,timeline,1,-1,21670,1073.0,0.0,1074.0,0.093,,,,,71187.390454,71189.671343,71190.018665,71190.018665,71190.018679
1789037732.0424,timeline,0,-1,21669,1073.0,0.0,1074.0,0.119,,,,,71187.395101,71189.670231,71189.9583,71189.9583,71189.958311
1789037732.0161,timeline,3,-1,21672,1073.0,0.0,1074.0,2196.413,,,,,71189.582709,71189.671739,71189.931995,71189.931995,71189.93202
1789037732.2346,timeline,2,-1,21671,1074.0,0.0,1075.0,0.324,,,,,71189.925862,71190.129833,71190.150546,71190.150546,71190.150559
1789037732.2285,timeline,3,-1,21672,1074.0,0.0,1075.0,0.1,,,,,71189.932318,71190.123597,71190.144404,71190.144404,71190.144416
1789037732.2287,timeline,0,-1,21669,1074.0,0.0,1075.0,0.125,,,,,71189.958704,71190.123556,71190.144633,71190.144633,71190.144646
1789037732.2291,timeline,1,-1,21670,1074.0,0.0,1075.0,0.121,,,,,71190.019191,71190.123554,71190.145061,71190.145061,71190.145073
1789037733.4742,timeline,0,-1,21669,1075.0,0.0,1076.0,0.124,,,,,71190.145025,71191.369835,71191.39007,71191.39007,71191.390085
1789037733.4751,timeline,1,-1,21670,1075.0,0.0,1076.0,0.085,,,,,71190.145438,71191.370162,71191.391015,71191.391015,71191.391031
1789037733.475,timeline,2,-1,21671,1075.0,0.0,1076.0,0.111,,,,,71190.150927,71191.370506,71191.390879,71191.390879,71191.390893
1789037733.4748,timeline,3,-1,21672,1075.0,0.0,1076.0,1136.987,,,,,71191.2816,71191.369991,71191.390687,71191.390687,71191.390701
1789037734.7504,timeline,0,-1,21669,1076.0,0.0,1077.0,0.145,,,,,71191.390511,71192.407172,71192.666271,71192.666271,71192.666287
1789037734.7449,timeline,2,-1,21671,1076.0,0.0,1077.0,0.095,,,,,71191.391221,71192.400891,71192.660785,71192.660785,71192.660797
1789037734.7717,timeline,1,-1,21670,1076.0,0.0,1077.0,0.129,,,,,71191.391432,71192.40124,71192.687635,71192.687635,71192.687647
1789037734.7362,timeline,3,-1,21672,1076.0,0.0,1077.0,920.694,,,,,71192.311604,71192.401213,71192.652157,71192.652157,71192.652169
1789037735.7345,timeline,2,-1,21671,1077.0,0.0,1078.0,0.111,,,,,71192.661219,71193.629303,71193.650446,71193.650446,71193.650461
1789037735.7338,timeline,0,-1,21669,1077.0,0.0,1078.0,0.148,,,,,71192.666704,71193.629014,71193.649741,71193.649741,71193.649759
1789037735.7343,timeline,1,-1,21670,1077.0,0.0,1078.0,0.075,,,,,71192.688033,71193.629283,71193.650203,71193.650203,71193.650217
1789037735.7321,timeline,3,-1,21672,1077.0,0.0,1078.0,887.023,,,,,71193.539422,71193.626948,71193.648026,71193.648026,71193.648039
1789037736.8438,timeline,0,-1,21669,1078.0,0.0,1079.0,0.16,,,,,71193.650425,71194.737875,71194.759668,71194.759668,71194.759684
1789037736.8285,timeline,1,-1,21670,1078.0,0.0,1079.0,0.103,,,,,71193.650583,71194.723242,71194.744433,71194.744433,71194.744447
1789037736.8317,timeline,2,-1,21671,1078.0,0.0,1079.0,0.101,,,,,71193.650851,71194.72391,71194.747578,71194.747578,71194.7476
1789037736.828,timeline,3,-1,21672,1078.0,0.0,1079.0,985.183,,,,,71194.63342,71194.722798,71194.743957,71194.743957,71194.743976
1789037738.5525,timeline,1,-1,21670,1079.0,0.0,1080.0,0.103,,,,,71194.744828,71196.212162,71196.46841,71196.46841,71196.468421
1789037738.5494,timeline,2,-1,21671,1079.0,0.0,1080.0,0.129,,,,,71194.748078,71196.211817,71196.465321,71196.465321,71196.465333
1789037738.5535,timeline,0,-1,21669,1079.0,0.0,1080.0,0.156,,,,,71194.760114,71196.212158,71196.469399,71196.469399,71196.46941
1789037738.5488,timeline,3,-1,21672,1079.0,0.0,1080.0,1380.07,,,,,71196.124298,71196.212566,71196.464712,71196.464712,71196.464725
1789037739.638,timeline,2,-1,21671,1080.0,0.0,1081.0,0.128,,,,,71196.46565,71197.465317,71197.54849,71197.54849,71197.55393
1789037739.638,timeline,1,-1,21670,1080.0,0.0,1081.0,0.083,,,,,71196.468785,71197.463154,71197.548494,71197.548494,71197.553956
1789037739.6432,timeline,0,-1,21669,1080.0,0.0,1081.0,0.149,,,,,71196.469857,71197.465427,71197.548497,71197.548497,71197.559086
1789037739.638,timeline,3,-1,21672,1080.0,0.0,1081.0,908.532,,,,,71197.37349,71197.461762,71197.548486,71197.548486,71197.553927
1789037740.8533,timeline,1,-1,21670,1081.0,0.0,1082.0,0.107,,,,,71197.554323,71198.748384,71198.76925,71198.76925,71198.769269
1789037740.853,timeline,2,-1,21671,1081.0,0.0,1082.0,0.138,,,,,71197.554394,71198.747981,71198.768908,71198.768908,71198.768928
1789037740.8535,timeline,0,-1,21669,1081.0,0.0,1082.0,0.173,,,,,71197.559564,71198.748968,71198.769447,71198.769447,71198.769462
1789037740.8532,timeline,3,-1,21672,1081.0,0.0,1082.0,1099.728,,,,,71198.653875,71198.748044,71198.769072,71198.769072,71198.769088
1789037742.6077,timeline,2,-1,21671,1082.0,0.0,1083.0,0.121,,,,,71198.76941,71200.273449,71200.523605,71200.523605,71200.523617
1789037742.5972,timeline,1,-1,21670,1082.0,0.0,1083.0,0.118,,,,,71198.769649,71200.273989,71200.513154,71200.513154,71200.513167
1789037742.6162,timeline,0,-1,21669,1082.0,0.0,1083.0,0.147,,,,,71198.769874,71200.276246,71200.532151,71200.532151,71200.532166
1789037742.6122,timeline,3,-1,21672,1082.0,0.0,1083.0,1416.597,,,,,71200.18592,71200.276305,71200.528084,71200.528084,71200.528099
1789037743.0498,timeline,1,-1,21670,1083.0,0.0,1084.0,0.078,,,,,71200.513386,71200.945072,71200.965697,71200.965697,71200.965712
1789037743.0492,timeline,2,-1,21671,1083.0,0.0,1084.0,0.101,,,,,71200.523878,71200.944395,71200.965091,71200.965091,71200.965106
1789037743.0488,timeline,0,-1,21669,1083.0,0.0,1084.0,0.173,,,,,71200.532771,71200.944202,71200.964748,71200.964748,71200.964765
1789037743.0498,timeline,3,-1,21672,1083.0,0.0,1084.0,328.455,,,,,71200.856795,71200.944983,71200.965703,71200.965703,71200.965717
1789037744.7689,timeline,0,-1,21669,1084.0,0.0,1085.0,0.158,,,,,71200.965201,71202.663033,71202.684787,71202.684787,71202.684804
1789037744.7688,timeline,2,-1,21671,1084.0,0.0,1085.0,0.104,,,,,71200.965525,71202.661688,71202.68471,71202.68471,71202.684727
1789037744.7658,timeline,1,-1,21670,1084.0,0.0,1085.0,0.113,,,,,71200.965966,71202.660223,71202.681693,71202.681693,71202.681708
1789037744.764,timeline,3,-1,21672,1084.0,0.0,1085.0,1605.448,,,,,71202.571382,71202.65903,71202.679905,71202.679905,71202.679918
1789037745.48,timeline,1,-1,21670,1085.0,0.0,1086.0,0.113,,,,,71202.682103,71203.135275,71203.395898,71203.395898,71203.395912
1789037745.4736,timeline,2,-1,21671,1085.0,0.0,1086.0,0.116,,,,,71202.685145,71203.134879,71203.389523,71203.389523,71203.389534
1789037745.4808,timeline,0,-1,21669,1085.0,0.0,1086.0,0.166,,,,,71202.685249,71203.140913,71203.396696,71203.396696,71203.396707
1789037745.4721,timeline,3,-1,21672,1085.0,0.0,1086.0,347.698,,,,,71203.02783,71203.135283,71203.387981,71203.387981,71203.387994
1789037747.0565,timeline,2,-1,21671,1086.0,0.0,1087.0,0.099,,,,,71203.389793,71204.951163,71204.97242,71204.97242,71204.972435
1789037747.058,timeline,1,-1,21670,1086.0,0.0,1087.0,0.123,,,,,71203.396189,71204.953053,71204.973906,71204.973906,71204.973921
1789037747.0559,timeline,0,-1,21669,1086.0,0.0,1087.0,0.137,,,,,71203.397152,71204.951217,71204.971777,71204.971777,71204.971792
1789037747.0558,timeline,3,-1,21672,1086.0,0.0,1087.0,1474.871,,,,,71204.863125,71204.95054,71204.971673,71204.971673,71204.971689
1789037747.7395,timeline,0,-1,21669,1087.0,0.0,1088.0,0.147,,,,,71204.972101,71205.635126,71205.65541,71205.65541,71205.655428
1789037747.74,timeline,2,-1,21671,1087.0,0.0,1088.0,0.109,,,,,71204.972796,71205.63491,71205.655899,71205.655899,71205.655914
1789037747.7394,timeline,1,-1,21670,1087.0,0.0,1088.0,0.125,,,,,71204.974333,71205.634391,71205.655319,71205.655319,71205.655334
1789037747.7439,timeline,3,-1,21672,1087.0,0.0,1088.0,573.915,,,,,71205.545826,71205.635181,71205.659814,71205.659814,71205.65983
1789037749.35,timeline,1,-1,21670,1088.0,0.0,1089.0,0.112,,,,,71205.655717,71207.011435,71207.265952,71207.265952,71207.265966
1789037749.3505,timeline,0,-1,21669,1088.0,0.0,1089.0,0.148,,,,,71205.65585,71207.011318,71207.266413,71207.266413,71207.266426
1789037749.3512,timeline,2,-1,21671,1088.0,0.0,1089.0,0.116,,,,,71205.656306,71207.01086,71207.267081,71207.267081,71207.267092
1789037749.3524,timeline,3,-1,21672,1088.0,0.0,1089.0,1263.252,,,,,71206.923347,71207.010681,71207.268267,71207.268267,71207.26828
1789037750.3668,timeline,1,-1,21670,1089.0,0.0,1090.0,0.112,,,,,71207.266391,71208.261624,71208.282716,71208.282716,71208.282729
1789037750.3664,timeline,0,-1,21669,1089.0,0.0,1090.0,0.134,,,,,71207.266858,71208.26189,71208.28227,71208.28227,71208.282286
1789037750.3669,timeline,2,-1,21671,1089.0,0.0,1090.0,0.096,,,,,71207.267482,71208.261812,71208.282807,71208.282807,71208.282821
1789037750.3666,timeline,3,-1,21672,1089.0,0.0,1090.0,904.555,,,,,71208.173116,71208.261775,71208.282501,71208.282501,71208.282515
1789037751.7472,timeline,0,-1,21669,1090.0,0.0,1091.0,0.149,,,,,71208.282738,71209.642913,71209.663115,71209.663115,71209.66313
1789037751.7444,timeline,1,-1,21670,1090.0,0.0,1091.0,0.108,,,,,71208.283098,71209.638406,71209.660316,71209.660316,71209.660332
1789037751.7454,timeline,2,-1,21671,1090.0,0.0,1091.0,0.107,,,,,71208.283213,71209.639779,71209.661282,71209.661282,71209.661298
1789037751.7446,timeline,3,-1,21672,1090.0,0.0,1091.0,1267.747,,,,,71209.550475,71209.639374,71209.660505,71209.660505,71209.66052
1789037753.1148,timeline,1,-1,21670,1091.0,0.0,1092.0,0.123,,,,,71209.66061,71210.764698,71211.030689,71211.030689,71211.030699
1789037753.1036,timeline,2,-1,21671,1091.0,0.0,1092.0,0.121,,,,,71209.661724,71210.767061,71211.019502,71211.019502,71211.019514
1789037753.1034,timeline,0,-1,21669,1091.0,0.0,1092.0,0.151,,,,,71209.663432,71210.761297,71211.019314,71211.019314,71211.019327
1789037753.1084,timeline,3,-1,21672,1091.0,0.0,1092.0,994.211,,,,,71210.654946,71210.761227,71211.024266,71211.024266,71211.024279
1789037754.4825,timeline,2,-1,21671,1092.0,0.0,1093.0,0.081,,,,,71211.019746,71212.377447,71212.398437,71212.398437,71212.398452
1789037754.4821,timeline,0,-1,21669,1092.0,0.0,1093.0,0.127,,,,,71211.019756,71212.377269,71212.398002,71212.398002,71212.398019
1789037754.4831,timeline,1,-1,21670,1092.0,0.0,1093.0,0.081,,,,,71211.030931,71212.377689,71212.399057,71212.399057,71212.399076
1789037754.4828,timeline,3,-1,21672,1092.0,0.0,1093.0,1263.522,,,,,71212.288068,71212.376319,71212.398666,71212.398666,71212.398683
1789037755.94,timeline,0,-1,21669,1093.0,0.0,1094.0,0.15,,,,,71212.398473,71213.835182,71213.855956,71213.855956,71213.855975
1789037755.9402,timeline,2,-1,21671,1093.0,0.0,1094.0,0.124,,,,,71212.398869,71213.835194,71213.856121,71213.856121,71213.856134
1789037755.9406,timeline,1,-1,21670,1093.0,0.0,1094.0,0.13,,,,,71212.399502,71213.834952,71213.856475,71213.856475,71213.856492
1789037755.942,timeline,3,-1,21672,1093.0,0.0,1094.0,1348.519,,,,,71213.747455,71213.837222,71213.857905,71213.857905,71213.857924
1789037757.384,timeline,0,-1,21669,1094.0,0.0,1095.0,0.149,,,,,71213.856439,71215.041085,71215.299939,71215.299939,71215.299954
1789037757.3776,timeline,2,-1,21671,1094.0,0.0,1095.0,0.096,,,,,71213.856505,71215.040392,71215.293542,71215.293542,71215.293553
1789037757.4013,timeline,1,-1,21670,1094.0,0.0,1095.0,0.112,,,,,71213.856907,71215.041246,71215.317177,71215.317177,71215.31719
1789037757.3779,timeline,3,-1,21672,1094.0,0.0,1095.0,1095.163,,,,,71214.953306,71215.041224,71215.293855,71215.293855,71215.29387
1789037757.9913,timeline,2,-1,21671,1095.0,0.0,1096.0,0.105,,,,,71215.293984,71215.885314,71215.907165,71215.907165,71215.907182
1789037757.9938,timeline,0,-1,21669,1095.0,0.0,1096.0,0.14,,,,,71215.300254,71215.888056,71215.909679,71215.909679,71215.909697
1789037757.9895,timeline,1,-1,21670,1095.0,0.0,1096.0,0.105,,,,,71215.317464,71215.883779,71215.905448,71215.905448,71215.905464
1789037757.9901,timeline,3,-1,21672,1095.0,0.0,1096.0,502.213,,,,,71215.796338,71215.884958,71215.906048,71215.906048,71215.906066
1789037759.4677,timeline,1,-1,21670,1096.0,0.0,1097.0,0.105,,,,,71215.905894,71217.362149,71217.383624,71217.383624,71217.383639
1789037759.467,timeline,2,-1,21671,1096.0,0.0,1097.0,0.104,,,,,71215.907612,71217.361688,71217.382891,71217.382891,71217.382906
1789037759.4663,timeline,0,-1,21669,1096.0,0.0,1097.0,0.151,,,,,71215.910194,71217.361766,71217.382252,71217.382252,71217.382267
1789037759.4655,timeline,3,-1,21672,1096.0,0.0,1097.0,1367.402,,,,,71217.27368,71217.36082,71217.38142,71217.38142,71217.381435
1789037760.8268,timeline,0,-1,21669,1097.0,0.0,1098.0,0.149,,,,,71217.382575,71218.489139,71218.742693,71218.742693,71218.742708
1789037760.8309,timeline,2,-1,21671,1097.0,0.0,1098.0,0.116,,,,,71217.383165,71218.494834,71218.746858,71218.746858,71218.746873
1789037760.8457,timeline,1,-1,21670,1097.0,0.0,1098.0,0.121,,,,,71217.383913,71218.48922,71218.76159,71218.76159,71218.761603
1789037760.8219,timeline,3,-1,21672,1097.0,0.0,1098.0,991.341,,,,,71218.373216,71218.489303,71218.737789,71218.737789,71218.737803
1789037761.5257,timeline,0,-1,21669,1098.0,0.0,1099.0,0.137,,,,,71218.74302,71219.420393,71219.441568,71219.441568,71219.441584
1789037761.5261,timeline,2,-1,21671,1098.0,0.0,1099.0,0.099,,,,,71218.747299,71219.421022,71219.442007,71219.442007,71219.44202
1789037761.5269,timeline,1,-1,21670,1098.0,0.0,1099.0,0.071,,,,,71218.761934,71219.41992,71219.442809,71219.442809,71219.442825
1789037761.523,timeline,3,-1,21672,1098.0,0.0,1099.0,590.918,,,,,71219.328941,71219.417849,71219.438948,71219.438948,71219.438969
1789037762.6574,timeline,0,-1,21669,1099.0,0.0,1100.0,0.16,,,,,71219.442197,71220.552685,71220.573278,71220.573278,71220.573295
1789037762.6585,timeline,2,-1,21671,1099.0,0.0,1100.0,0.111,,,,,71219.442394,71220.552694,71220.57443,71220.57443,71220.574449
1789037762.6585,timeline,1,-1,21670,1099.0,0.0,1100.0,0.106,,,,,71219.443184,71220.553446,71220.574373,71220.574373,71220.574386
1789037762.6561,timeline,3,-1,21672,1099.0,0.0,1100.0,1025.43,,,,,71220.464638,71220.551333,71220.571964,71220.571964,71220.571978
1789037764.5718,timeline,0,-1,21669,1100.0,0.0,1101.0,0.145,,,,,71220.573725,71222.159041,71222.477174,71222.477174,71222.487708
1789037764.5676,timeline,1,-1,21670,1100.0,0.0,1101.0,0.112,,,,,71220.574792,71222.159192,71222.478022,71222.478022,71222.483488
1789037764.5677,timeline,2,-1,21671,1100.0,0.0,1101.0,0.113,,,,,71220.574902,71222.159064,71222.477259,71222.477259,71222.483645
1789037764.5676,timeline,3,-1,21672,1100.0,0.0,1101.0,1495.518,,,,,71222.06772,71222.159076,71222.47766,71222.47766,71222.483518
1789037765.3369,timeline,1,-1,21670,1101.0,0.0,1102.0,0.152,,,,,71222.484056,71223.232779,71223.252783,71223.252783,71223.252798
1789037765.3389,timeline,2,-1,21671,1101.0,0.0,1102.0,0.204,,,,,71222.484205,71223.233119,71223.254809,71223.254809,71223.25483
1789037765.3389,timeline,0,-1,21669,1101.0,0.0,1102.0,0.211,,,,,71222.48823,71223.23293,71223.254806,71223.254806,71223.25483
1789037765.336,timeline,3,-1,21672,1101.0,0.0,1102.0,660.195,,,,,71223.143938,71223.230792,71223.251893,71223.251893,71223.25191
1789037766.3217,timeline,1,-1,21670,1102.0,0.0,1103.0,0.101,,,,,71223.253034,71224.217651,71224.237607,71224.237607,71224.23762
1789037766.3229,timeline,2,-1,21671,1102.0,0.0,1103.0,0.105,,,,,71223.255282,71224.217689,71224.238784,71224.238784,71224.238799
1789037766.3226,timeline,0,-1,21669,1102.0,0.0,1103.0,0.157,,,,,71223.255289,71224.217806,71224.238549,71224.238549,71224.238565
1789037766.3227,timeline,3,-1,21672,1102.0,0.0,1103.0,877.103,,,,,71224.129249,71224.217678,71224.238638,71224.238638,71224.238652
1789037768.1647,timeline,1,-1,21670,1103.0,0.0,1104.0,0.104,,,,,71224.237981,71225.829765,71226.080651,71226.080651,71226.080664
1789037768.1795,timeline,0,-1,21669,1103.0,0.0,1104.0,0.174,,,,,71224.239051,71225.832334,71226.09545,71226.09545,71226.095465
1789037768.1876,timeline,2,-1,21671,1103.0,0.0,1104.0,0.113,,,,,71224.239166,71225.853604,71226.103505,71226.103505,71226.103522
1789037768.1628,timeline,3,-1,21672,1103.0,0.0,1104.0,1503.875,,,,,71225.742759,71225.829649,71226.078736,71226.078736,71226.078748
1789037768.4695,timeline,1,-1,21670,1104.0,0.0,1105.0,0.089,,,,,71226.081049,71226.365762,71226.385453,71226.385453,71226.385465
1789037768.4765,timeline,0,-1,21669,1104.0,0.0,1105.0,0.151,,,,,71226.095953,71226.371912,71226.392416,71226.392416,71226.392431
1789037768.4734,timeline,2,-1,21671,1104.0,0.0,1105.0,0.088,,,,,71226.103939,71226.368058,71226.389271,71226.389271,71226.389289
1789037768.4736,timeline,3,-1,21672,1104.0,0.0,1105.0,200.684,,,,,71226.279672,71226.368583,71226.389543,71226.389543,71226.389558
1789037770.8234,timeline,1,-1,21670,1105.0,0.0,1106.0,0.095,,,,,71226.385779,71228.719711,71228.739273,71228.739273,71228.739291
1789037770.824,timeline,2,-1,21671,1105.0,0.0,1106.0,0.111,,,,,71226.389668,71228.719145,71228.739902,71228.739902,71228.739915
1789037770.8238,timeline,0,-1,21669,1105.0,0.0,1106.0,0.136,,,,,71226.39283,71228.719456,71228.739755,71228.739755,71228.739773
1789037770.8225,timeline,3,-1,21672,1105.0,0.0,1106.0,2241.494,,,,,71228.631294,71228.717484,71228.738368,71228.738368,71228.738381
1789037771.459,timeline,1,-1,21670,1106.0,0.0,1107.0,0.11,,,,,71228.739543,71229.126028,71229.37491,71229.37491,71229.374924
1789037771.4635,timeline,0,-1,21669,1106.0,0.0,1107.0,0.182,,,,,71228.74012,71229.125952,71229.379364,71229.379364,71229.379377
1789037771.4608,timeline,2,-1,21671,1106.0,0.0,1107.0,0.109,,,,,71228.740335,71229.126458,71229.376732,71229.376732,71229.376744
1789037771.4645,timeline,3,-1,21672,1106.0,0.0,1107.0,298.842,,,,,71229.037686,71229.126415,71229.380451,71229.380451,71229.380462
1789037772.6822,timeline,1,-1,21670,1107.0,0.0,1108.0,0.102,,,,,71229.375179,71230.57834,71230.598125,71230.598125,71230.59814
1789037772.6822,timeline,2,-1,21671,1107.0,0.0,1108.0,0.101,,,,,71229.377122,71230.577033,71230.598114,71230.598114,71230.598129
1789037772.6823,timeline,0,-1,21669,1107.0,0.0,1108.0,0.164,,,,,71229.37986,71230.577895,71230.598258,71230.598258,71230.598272
1789037772.6811,timeline,3,-1,21672,1107.0,0.0,1108.0,1107.777,,,,,71230.488475,71230.576053,71230.596995,71230.596995,71230.597009
1789037773.4233,timeline,2,-1,21671,1108.0,0.0,1109.0,0.093,,,,,71230.598485,71231.31801,71231.339173,71231.339173,71231.339187
1789037773.4492,timeline,1,-1,21670,1108.0,0.0,1109.0,0.115,,,,,71230.598555,71231.344557,71231.365086,71231.365086,71231.365105
1789037773.4289,timeline,0,-1,21669,1108.0,0.0,1109.0,0.164,,,,,71230.598751,71231.323924,71231.344793,71231.344793,71231.344809
1789037773.424,timeline,3,-1,21672,1108.0,0.0,1109.0,613.374,,,,,71231.210606,71231.318601,71231.339938,71231.339938,71231.339953
1789037775.5712,timeline,2,-1,21671,1109.0,0.0,1110.0,0.099,,,,,71231.339554,71233.22062,71233.487089,71233.487089,71233.487103
1789037775.5918,timeline,0,-1,21669,1109.0,0.0,1110.0,0.146,,,,,71231.345203,71233.246712,71233.507694,71233.507694,71233.507706
1789037775.553,timeline,1,-1,21670,1109.0,0.0,1110.0,0.124,,,,,71231.365574,71233.219523,71233.468931,71233.468931,71233.468945
1789037775.5585,timeline,3,-1,21672,1109.0,0.0,1110.0,1792.622,,,,,71233.132835,71233.222446,71233.474375,71233.474375,71233.474386
1789037776.0349,timeline,1,-1,21670,1110.0,0.0,1111.0,0.088,,,,,71233.469333,71233.929917,71233.950765,71233.950765,71233.95078
1789037776.037,timeline,2,-1,21671,1110.0,0.0,1111.0,0.102,,,,,71233.487583,71233.931614,71233.952864,71233.952864,71233.952882
1789037776.0451,timeline,0,-1,21669,1110.0,0.0,1111.0,0.127,,,,,71233.508518,71233.931217,71233.961057,71233.961057,71233.961074
1789037776.0361,timeline,3,-1,21672,1110.0,0.0,1111.0,367.363,,,,,71233.841976,71233.931462,71233.952035,71233.952035,71233.95205
1789037777.5436,timeline,1,-1,21670,1111.0,0.0,1112.0,0.096,,,,,71233.951151,71235.43572,71235.459481,71235.459481,71235.459496
1789037777.5357,timeline,2,-1,21671,1111.0,0.0,1112.0,0.115,,,,,71233.953306,71235.42978,71235.45164,71235.45164,71235.451657
1789037777.5354,timeline,0,-1,21669,1111.0,0.0,1112.0,0.156,,,,,71233.961411,71235.429688,71235.451306,71235.451306,71235.45133
1789037777.5346,timeline,3,-1,21672,1111.0,0.0,1112.0,1374.027,,,,,71235.326307,71235.429613,71235.450464,71235.450464,71235.45048
1789037778.1388,timeline,0,-1,21669,1112.0,0.0,1113.0,0.161,,,,,71235.451822,71235.799407,71236.054739,71236.054739,71236.054751
1789037778.1349,timeline,2,-1,21671,1112.0,0.0,1113.0,0.111,,,,,71235.452149,71235.799319,71236.050775,71236.050775,71236.05079
1789037778.1337,timeline,1,-1,21670,1112.0,0.0,1113.0,0.106,,,,,71235.459875,71235.799058,71236.049614,71236.049614,71236.049625
1789037778.1313,timeline,3,-1,21672,1112.0,0.0,1113.0,260.778,,,,,71235.711458,71235.799325,71236.047211,71236.047211,71236.047227
1789037780.0527,timeline,1,-1,21670,1113.0,0.0,1114.0,0.086,,,,,71236.049976,71237.947031,71237.968656,71237.968656,71237.968672
1789037780.0378,timeline,2,-1,21671,1113.0,0.0,1114.0,0.107,,,,,71236.051224,71237.932306,71237.953753,71237.953753,71237.953769
1789037780.0393,timeline,0,-1,21669,1113.0,0.0,1114.0,0.138,,,,,71236.055173,71237.934578,71237.955198,71237.955198,71237.955215
1789037780.0383,timeline,3,-1,21672,1113.0,0.0,1114.0,1796.492,,,,,71237.843974,71237.933278,71237.954247,71237.954247,71237.954263
1789037780.7514,timeline,2,-1,21671,1114.0,0.0,1115.0,0.092,,,,,71237.954153,71238.646732,71238.667281,71238.667281,71238.667297
1789037780.7516,timeline,0,-1,21669,1114.0,0.0,1115.0,0.144,,,,,71237.955625,71238.647302,71238.667479,71238.667479,71238.667492
1789037780.752,timeline,1,-1,21670,1114.0,0.0,1115.0,0.122,,,,,71237.969083,71238.646999,71238.667953,71238.667953,71238.667967
1789037780.7514,timeline,3,-1,21672,1114.0,0.0,1115.0,603.796,,,,,71238.558264,71238.646763,71238.667271,71238.667271,71238.667285
1789037782.4386,timeline,2,-1,21671,1115.0,0.0,1116.0,0.103,,,,,71238.667692,71240.102066,71240.35456,71240.35456,71240.354572
1789037782.4712,timeline,0,-1,21669,1115.0,0.0,1116.0,0.143,,,,,71238.667859,71240.102075,71240.387111,71240.387111,71240.387123
1789037782.4726,timeline,1,-1,21670,1115.0,0.0,1116.0,0.108,,,,,71238.668359,71240.102017,71240.388513,71240.388513,71240.388524
1789037782.4387,timeline,3,-1,21672,1115.0,0.0,1116.0,1346.265,,,,,71240.013815,71240.10179,71240.354662,71240.354662,71240.354675
1789037783.1902,timeline,2,-1,21671,1116.0,0.0,1117.0,0.096,,,,,71240.354971,71241.085038,71241.106151,71241.106151,71241.106165
1789037783.1908,timeline,0,-1,21669,1116.0,0.0,1117.0,0.122,,,,,71240.387496,71241.085899,71241.106702,71241.106702,71241.106718
1789037783.1903,timeline,1,-1,21670,1116.0,0.0,1117.0,0.091,,,,,71240.388878,71241.085096,71241.106186,71241.106186,71241.106199
1789037783.1893,timeline,3,-1,21672,1116.0,0.0,1117.0,641.864,,,,,71240.996801,71241.084032,71241.105211,71241.105211,71241.105228
1789037784.5265,timeline,1,-1,21670,1117.0,0.0,1118.0,0.094,,,,,71241.106537,71242.421291,71242.442383,71242.442383,71242.442402
1789037784.5257,timeline,2,-1,21671,1117.0,0.0,1118.0,0.111,,,,,71241.10657,71242.420955,71242.441596,71242.441596,71242.441611
1789037784.5262,timeline,0,-1,21669,1117.0,0.0,1118.0,0.141,,,,,71241.107071,71242.421689,71242.442121,71242.442121,71242.442138
1789037784.5282,timeline,3,-1,21672,1117.0,0.0,1118.0,1228.145,,,,,71242.333609,71242.420994,71242.44408,71242.44408,71242.444095
1789037785.7213,timeline,2,-1,21671,1118.0,0.0,1119.0,0.116,,,,,71242.442019,71243.332122,71243.637183,71243.637183,71243.637195
1789037785.7081,timeline,0,-1,21669,1118.0,0.0,1119.0,0.138,,,,,71242.442517,71243.333134,71243.623994,71243.623994,71243.624019
1789037785.6725,timeline,1,-1,21670,1118.0,0.0,1119.0,0.133,,,,,71242.442809,71243.331002,71243.588417,71243.588417,71243.58843
1789037785.6745,timeline,3,-1,21672,1118.0,0.0,1119.0,799.859,,,,,71243.244166,71243.334735,71243.590408,71243.590408,71243.59042
1789037787.3753,timeline,1,-1,21670,1119.0,0.0,1120.0,0.123,,,,,71243.588908,71245.269682,71245.291258,71245.291258,71245.291273
1789037787.3742,timeline,0,-1,21669,1119.0,0.0,1120.0,0.136,,,,,71243.624431,71245.269184,71245.290075,71245.290075,71245.290089
1789037787.374,timeline,2,-1,21671,1119.0,0.0,1120.0,0.106,,,,,71243.6376,71245.269154,71245.289947,71245.289947,71245.289962
1789037787.3799,timeline,3,-1,21672,1119.0,0.0,1120.0,1571.9,,,,,71245.162785,71245.275296,71245.295846,71245.295846,71245.295862
1789037787.6365,timeline,2,-1,21671,1120.0,0.0,1121.0,0.097,,,,,71245.290352,71245.44741,71245.547037,71245.547037,71245.552385
1789037787.6408,timeline,0,-1,21669,1120.0,0.0,1121.0,0.142,,,,,71245.290469,71245.446411,71245.534917,71245.534917,71245.55672
1789037787.6366,timeline,1,-1,21670,1120.0,0.0,1121.0,0.103,,,,,71245.291653,71245.447167,71245.534908,71245.534908,71245.552507
1789037787.6366,timeline,3,-1,21672,1120.0,0.0,1121.0,0.118,,,,,71245.296127,71245.450603,71245.534938,71245.534938,71245.552546
1789037789.6615,timeline,2,-1,21671,1121.0,0.0,1122.0,0.111,,,,,71245.552763,71247.315509,71247.577435,71247.577435,71247.57745
1789037789.6563,timeline,1,-1,21670,1121.0,0.0,1122.0,0.1,,,,,71245.552844,71247.315399,71247.572225,71247.572225,71247.572238
1789037789.6591,timeline,0,-1,21669,1121.0,0.0,1122.0,0.139,,,,,71245.557052,71247.31581,71247.575045,71247.575045,71247.575057
1789037789.659,timeline,3,-1,21672,1121.0,0.0,1122.0,1674.898,,,,,71247.227678,71247.316286,71247.574912,71247.574912,71247.574925
1789037789.7786,timeline,1,-1,21670,1122.0,0.0,1123.0,0.089,,,,,71247.572597,71247.673397,71247.694547,71247.694547,71247.69456
1789037789.7692,timeline,3,-1,21672,1122.0,0.0,1123.0,0.082,,,,,71247.575307,71247.664579,71247.685156,71247.685156,71247.685167
1789037789.7944,timeline,0,-1,21669,1122.0,0.0,1123.0,0.142,,,,,71247.575471,71247.689784,71247.710348,71247.710348,71247.71036
1789037789.7717,timeline,2,-1,21671,1122.0,0.0,1123.0,0.133,,,,,71247.577919,71247.666022,71247.687613,71247.687613,71247.687627
1789037792.1064,timeline,2,-1,21671,1123.0,0.0,1124.0,0.117,,,,,71247.688026,71250.000616,71250.022325,71250.022325,71250.02235
1789037792.1062,timeline,1,-1,21670,1123.0,0.0,1124.0,0.097,,,,,71247.694893,71250.001086,71250.022085,71250.022085,71250.0221
1789037792.1064,timeline,0,-1,21669,1123.0,0.0,1124.0,0.139,,,,,71247.710703,71250.001091,71250.022316,71250.022316,71250.022337
1789037792.1044,timeline,3,-1,21672,1123.0,0.0,1124.0,2225.796,,,,,71249.911181,71249.999705,71250.020353,71250.020353,71250.020366
1789037792.5048,timeline,3,-1,21672,1124.0,0.0,1125.0,0.094,,,,,71250.020717,71250.173191,71250.420702,71250.420702,71250.420714
1789037792.5054,timeline,1,-1,21670,1124.0,0.0,1125.0,0.112,,,,,71250.022512,71250.172851,71250.421363,71250.421363,71250.421373
1789037792.503,timeline,2,-1,21671,1124.0,0.0,1125.0,0.116,,,,,71250.022806,71250.172124,71250.418942,71250.418942,71250.418954
1789037792.5057,timeline,0,-1,21669,1124.0,0.0,1125.0,0.177,,,,,71250.022816,71250.172764,71250.421584,71250.421584,71250.421594
1789037794.3829,timeline,2,-1,21671,1125.0,0.0,1126.0,0.105,,,,,71250.419427,71252.278144,71252.298837,71252.298837,71252.298853
1789037794.3837,timeline,1,-1,21670,1125.0,0.0,1126.0,0.088,,,,,71250.42172,71252.278184,71252.29957,71252.29957,71252.299588
1789037794.383,timeline,0,-1,21669,1125.0,0.0,1126.0,0.13,,,,,71250.421957,71252.278107,71252.298926,71252.298926,71252.298947
1789037794.3827,timeline,3,-1,21672,1125.0,0.0,1126.0,1754.882,,,,,71252.175817,71252.278171,71252.298593,71252.298593,71252.298607
1789037794.5534,timeline,3,-1,21672,1126.0,0.0,1127.0,0.086,,,,,71252.298925,71252.449458,71252.469285,71252.469285,71252.469297
1789037794.5532,timeline,2,-1,21671,1126.0,0.0,1127.0,0.11,,,,,71252.299283,71252.449323,71252.469118,71252.469118,71252.46913
1789037794.5536,timeline,0,-1,21669,1126.0,0.0,1127.0,0.171,,,,,71252.299403,71252.450022,71252.469556,71252.469556,71252.469567
1789037794.5543,timeline,1,-1,21670,1126.0,0.0,1127.0,0.117,,,,,71252.300032,71252.449081,71252.470256,71252.470256,71252.470269
1789037797.1869,timeline,2,-1,21671,1127.0,0.0,1128.0,0.093,,,,,71252.469346,71254.853004,71255.102854,71255.102854,71255.102865
1789037797.1939,timeline,0,-1,21669,1127.0,0.0,1128.0,0.124,,,,,71252.46987,71254.853724,71255.109821,71255.109821,71255.109832
1789037797.1942,timeline,1,-1,21670,1127.0,0.0,1128.0,0.114,,,,,71252.470642,71254.853547,71255.110067,71255.110067,71255.110082
1789037797.1874,timeline,3,-1,21672,1127.0,0.0,1128.0,2295.715,,,,,71254.765221,71254.853906,71255.103273,71255.103273,71255.103284
1789037797.3016,timeline,2,-1,21671,1128.0,0.0,1129.0,0.084,,,,,71255.103249,71255.197075,71255.217536,71255.217536,71255.217549
1789037797.3034,timeline,3,-1,21672,1128.0,0.0,1129.0,0.076,,,,,71255.103629,71255.197992,71255.219297,71255.219297,71255.219313
1789037797.302,timeline,0,-1,21669,1128.0,0.0,1129.0,0.131,,,,,71255.110326,71255.197473,71255.217891,71255.217891,71255.217904
1789037797.3022,timeline,1,-1,21670,1128.0,0.0,1129.0,0.103,,,,,71255.110544,71255.197429,71255.218106,71255.218106,71255.218119
1789037800.1896,timeline,2,-1,21671,1129.0,0.0,1130.0,0.114,,,,,71255.217944,71258.084515,71258.105467,71258.105467,71258.105481
1789037800.1892,timeline,0,-1,21669,1129.0,0.0,1130.0,0.14,,,,,71255.218259,71258.08471,71258.105138,71258.105138,71258.105155
1789037800.1944,timeline,1,-1,21670,1129.0,0.0,1130.0,0.112,,,,,71255.218481,71258.088763,71258.110266,71258.110266,71258.110285
1789037800.1891,timeline,3,-1,21672,1129.0,0.0,1130.0,2776.395,,,,,71257.995944,71258.08437,71258.104976,71258.104976,71258.104989
1789037800.634,timeline,3,-1,21672,1130.0,0.0,1131.0,0.087,,,,,71258.105307,71258.26233,71258.549939,71258.549939,71258.549953
1789037800.6121,timeline,0,-1,21669,1130.0,0.0,1131.0,0.152,,,,,71258.105591,71258.265117,71258.527971,71258.527971,71258.527983
1789037800.6315,timeline,2,-1,21671,1130.0,0.0,1131.0,0.093,,,,,71258.105841,71258.259817,71258.547373,71258.547373,71258.547384
1789037800.5881,timeline,1,-1,21670,1130.0,0.0,1131.0,0.104,,,,,71258.110655,71258.263527,71258.503973,71258.503973,71258.503985
1789037802.8307,timeline,1,-1,21670,1131.0,0.0,1132.0,0.09,,,,,71258.504349,71260.725193,71260.746569,71260.746569,71260.746585
1789037802.8334,timeline,0,-1,21669,1131.0,0.0,1132.0,0.131,,,,,71258.528278,71260.728531,71260.749278,71260.749278,71260.749296
1789037802.8366,timeline,2,-1,21671,1131.0,0.0,1132.0,0.092,,,,,71258.547748,71260.731896,71260.752556,71260.752556,71260.752571
1789037802.8372,timeline,3,-1,21672,1131.0,0.0,1132.0,2071.372,,,,,71260.621577,71260.732197,71260.753075,71260.753075,71260.753093
1789037803.0066,timeline,1,-1,21670,1132.0,0.0,1133.0,0.106,,,,,71260.746991,71260.903039,71260.922491,71260.922491,71260.922505
1789037803.0068,timeline,0,-1,21669,1132.0,0.0,1133.0,0.148,,,,,71260.7497,71260.902768,71260.922741,71260.922741,71260.922755
1789037803.0069,timeline,2,-1,21671,1132.0,0.0,1133.0,0.089,,,,,71260.75292,71260.902688,71260.922847,71260.922847,71260.92286
1789037803.0072,timeline,3,-1,21672,1132.0,0.0,1133.0,0.094,,,,,71260.753464,71260.903555,71260.923106,71260.923106,71260.923119
1789037805.7837,timeline,1,-1,21670,1133.0,0.0,1134.0,0.102,,,,,71260.922886,71263.424688,71263.699566,71263.699566,71263.699579
1789037805.7538,timeline,2,-1,21671,1133.0,0.0,1134.0,0.101,,,,,71260.923087,71263.406281,71263.669731,71263.669731,71263.669746
1789037805.8022,timeline,0,-1,21669,1133.0,0.0,1134.0,0.286,,,,,71260.923217,71263.431534,71263.718073,71263.718073,71263.718085
1789037805.7544,timeline,3,-1,21672,1133.0,0.0,1134.0,2123.058,,,,,71263.046384,71263.406021,71263.670338,71263.670338,71263.670353
1789037805.9108,timeline,2,-1,21671,1134.0,0.0,1135.0,0.077,,,,,71263.670107,71263.805638,71263.826676,71263.826676,71263.82669
1789037805.9149,timeline,3,-1,21672,1134.0,0.0,1135.0,0.082,,,,,71263.670755,71263.808587,71263.830763,71263.830763,71263.83078
1789037805.913,timeline,1,-1,21670,1134.0,0.0,1135.0,0.077,,,,,71263.699944,71263.807378,71263.828879,71263.828879,71263.828893
1789037805.9103,timeline,0,-1,21669,1134.0,0.0,1135.0,0.126,,,,,71263.718448,71263.806052,71263.826248,71263.826248,71263.826262
1789037807.7049,timeline,0,-1,21669,1135.0,0.0,1136.0,0.142,,,,,71263.82665,71265.597794,71265.620855,71265.620855,71265.620872
1789037807.7099,timeline,2,-1,21671,1135.0,0.0,1136.0,0.109,,,,,71263.826937,71265.604107,71265.625802,71265.625802,71265.625819
1789037807.7061,timeline,1,-1,21670,1135.0,0.0,1136.0,0.102,,,,,71263.829246,71265.5974,71265.622038,71265.622038,71265.622062
1789037807.7076,timeline,3,-1,21672,1135.0,0.0,1136.0,1394.154,,,,,71265.225192,71265.602949,71265.623472,71265.623472,71265.62349
1789037808.1445,timeline,0,-1,21669,1136.0,0.0,1137.0,0.157,,,,,71265.621198,71265.801244,71266.060406,71266.060406,71266.060417
1789037808.1736,timeline,1,-1,21670,1136.0,0.0,1137.0,0.166,,,,,71265.622446,71265.800927,71266.089554,71266.089554,71266.089565
1789037808.1615,timeline,3,-1,21672,1136.0,0.0,1137.0,0.1,,,,,71265.623755,71265.800509,71266.077434,71266.077434,71266.07745
1789037808.1397,timeline,2,-1,21671,1136.0,0.0,1137.0,0.102,,,,,71265.626192,71265.799983,71266.055572,71266.055572,71266.05559
1789037809.3054,timeline,2,-1,21671,1137.0,0.0,1138.0,0.107,,,,,71266.056058,71267.200228,71267.221324,71267.221324,71267.221338
1789037809.3053,timeline,0,-1,21669,1137.0,0.0,1138.0,0.141,,,,,71266.060831,71267.200317,71267.22119,71267.22119,71267.221206
1789037809.3045,timeline,1,-1,21670,1137.0,0.0,1138.0,0.086,,,,,71266.089941,71267.199376,71267.220442,71267.220442,71267.220455
1789037809.3044,timeline,3,-1,21672,1137.0,0.0,1138.0,1032.207,,,,,71267.110094,71267.199062,71267.220336,71267.220336,71267.220351
1789037809.4754,timeline,1,-1,21670,1138.0,0.0,1139.0,0.112,,,,,71267.22071,71267.370456,71267.391267,71267.391267,71267.391282
1789037809.4751,timeline,3,-1,21672,1138.0,0.0,1139.0,0.099,,,,,71267.22095,71267.371512,71267.391049,71267.391049,71267.391062
1789037809.4751,timeline,0,-1,21669,1138.0,0.0,1139.0,0.142,,,,,71267.221615,71267.371297,71267.390993,71267.390993,71267.391006
1789037809.4752,timeline,2,-1,21671,1138.0,0.0,1139.0,0.097,,,,,71267.221803,71267.370952,71267.391113,71267.391113,71267.391127
1789037811.7097,timeline,0,-1,21669,1139.0,0.0,1140.0,0.124,,,,,71267.391263,71269.368626,71269.62558,71269.62558,71269.62559
1789037811.7096,timeline,2,-1,21671,1139.0,0.0,1140.0,0.107,,,,,71267.391365,71269.368504,71269.625505,71269.625505,71269.625516
1789037811.7004,timeline,1,-1,21670,1139.0,0.0,1140.0,0.108,,,,,71267.391541,71269.368349,71269.616312,71269.616312,71269.616323
1789037811.708,timeline,3,-1,21672,1139.0,0.0,1140.0,1888.556,,,,,71269.27984,71269.368041,71269.62395,71269.62395,71269.623964
1789037811.8911,timeline,1,-1,21670,1140.0,0.0,1141.0,0.088,,,,,71269.61666,71269.713603,71269.801415,71269.801415,71269.807047
1789037811.8911,timeline,3,-1,21672,1140.0,0.0,1141.0,0.102,,,,,71269.624428,71269.717922,71269.801417,71269.801417,71269.807068
1789037811.8911,timeline,2,-1,21671,1140.0,0.0,1141.0,0.087,,,,,71269.625921,71269.713611,71269.80145,71269.80145,71269.80703
1789037811.8951,timeline,0,-1,21669,1140.0,0.0,1141.0,0.127,,,,,71269.62595,71269.714045,71269.801415,71269.801415,71269.811031
1789037813.8446,timeline,1,-1,21670,1141.0,0.0,1142.0,0.102,,,,,71269.807406,71271.739081,71271.760508,71271.760508,71271.760526
1789037813.8495,timeline,2,-1,21671,1141.0,0.0,1142.0,0.119,,,,,71269.807414,71271.744521,71271.765402,71271.765402,71271.76542
1789037813.8445,timeline,0,-1,21669,1141.0,0.0,1142.0,0.13,,,,,71269.811351,71271.739318,71271.760436,71271.760436,71271.760452
1789037813.8453,timeline,3,-1,21672,1141.0,0.0,1142.0,1560.774,,,,,71271.368076,71271.739513,71271.761256,71271.761256,71271.761272
1789037814.2579,timeline,1,-1,21670,1142.0,0.0,1143.0,0.113,,,,,71271.760933,71271.91509,71272.173773,71272.173773,71272.173784
1789037814.2587,timeline,0,-1,21669,1142.0,0.0,1143.0,0.159,,,,,71271.76096,71271.915821,71272.174642,71272.174642,71272.174655
1789037814.2493,timeline,3,-1,21672,1142.0,0.0,1143.0,0.106,,,,,71271.761754,71271.916367,71272.165175,71272.165175,71272.165189
1789037814.2531,timeline,2,-1,21671,1142.0,0.0,1143.0,0.101,,,,,71271.765671,71271.915582,71272.169017,71272.169017,71272.16903
1789037815.5281,timeline,2,-1,21671,1143.0,0.0,1144.0,0.109,,,,,71272.169592,71273.423023,71273.444016,71273.444016,71273.44403
1789037815.5306,timeline,1,-1,21670,1143.0,0.0,1144.0,0.091,,,,,71272.174195,71273.424155,71273.446522,71273.446522,71273.44654
1789037815.528,timeline,0,-1,21669,1143.0,0.0,1144.0,0.135,,,,,71272.174951,71273.423519,71273.443943,71273.443943,71273.443962
1789037815.5268,timeline,3,-1,21672,1143.0,0.0,1144.0,1169.156,,,,,71273.334614,71273.421752,71273.442676,71273.442676,71273.442692
1789037815.9136,timeline,2,-1,21671,1144.0,0.0,1145.0,0.098,,,,,71273.444275,71273.809084,71273.829559,71273.829559,71273.829574
1789037815.908,timeline,0,-1,21669,1144.0,0.0,1145.0,0.149,,,,,71273.4443,71273.803372,71273.823884,71273.823884,71273.8239
1789037815.9086,timeline,1,-1,21670,1144.0,0.0,1145.0,0.129,,,,,71273.447018,71273.803251,71273.824467,71273.824467,71273.824485
1789037815.9086,timeline,3,-1,21672,1144.0,0.0,1145.0,251.232,,,,,71273.694137,71273.803514,71273.824466,71273.824466,71273.824486
1789037818.03,timeline,0,-1,21669,1145.0,0.0,1146.0,0.184,,,,,71273.824371,71275.686763,71275.945886,71275.945886,71275.945899
1789037818.0555,timeline,1,-1,21670,1145.0,0.0,1146.0,0.116,,,,,71273.824896,71275.686494,71275.971409,71275.971409,71275.971422
1789037818.024,timeline,2,-1,21671,1145.0,0.0,1146.0,0.106,,,,,71273.829939,71275.687142,71275.939937,71275.939937,71275.939952
1789037818.0199,timeline,3,-1,21672,1145.0,0.0,1146.0,1773.628,,,,,71275.598349,71275.686716,71275.935777,71275.935777,71275.93579
1789037818.7098,timeline,2,-1,21671,1146.0,0.0,1147.0,0.099,,,,,71275.940437,71276.6048,71276.625744,71276.625744,71276.62576
1789037818.7101,timeline,0,-1,21669,1146.0,0.0,1147.0,0.141,,,,,71275.946318,71276.605651,71276.626049,71276.626049,71276.626063
1789037818.7114,timeline,1,-1,21670,1146.0,0.0,1147.0,0.111,,,,,71275.971848,71276.605871,71276.627296,71276.627296,71276.627312
1789037818.7144,timeline,3,-1,21672,1146.0,0.0,1147.0,579.028,,,,,71276.515129,71276.605516,71276.630268,71276.630268,71276.63029
1789037821.1987,timeline,2,-1,21671,1147.0,0.0,1148.0,0.128,,,,,71276.62615,71279.093531,71279.114559,71279.114559,71279.114577
1789037821.2037,timeline,0,-1,21669,1147.0,0.0,1148.0,0.145,,,,,71276.626434,71279.099184,71279.119576,71279.119576,71279.119591
1789037821.1998,timeline,1,-1,21670,1147.0,0.0,1148.0,0.103,,,,,71276.627672,71279.09368,71279.115729,71279.115729,71279.115744
1789037821.1985,timeline,3,-1,21672,1147.0,0.0,1148.0,2335.699,,,,,71278.966441,71279.093714,71279.114436,71279.114436,71279.11445
1789037821.6101,timeline,3,-1,21672,1148.0,0.0,1149.0,0.105,,,,,71279.114787,71279.271392,71279.526052,71279.526052,71279.526068
1789037821.6582,timeline,2,-1,21671,1148.0,0.0,1149.0,0.091,,,,,71279.114911,71279.26927,71279.57415,71279.57415,71279.574167
1789037821.6591,timeline,1,-1,21670,1148.0,0.0,1149.0,0.117,,,,,71279.116148,71279.270141,71279.575034,71279.575034,71279.575045
1789037821.6107,timeline,0,-1,21669,1148.0,0.0,1149.0,0.159,,,,,71279.119974,71279.270056,71279.526562,71279.526562,71279.526578
1789037823.3537,timeline,0,-1,21669,1149.0,0.0,1150.0,0.162,,,,,71279.526915,71281.245344,71281.269621,71281.269621,71281.26964
1789037823.3523,timeline,2,-1,21671,1149.0,0.0,1150.0,0.119,,,,,71279.574593,71281.245383,71281.268189,71281.268189,71281.268208
1789037823.35,timeline,1,-1,21670,1149.0,0.0,1150.0,0.079,,,,,71279.575407,71281.24438,71281.265877,71281.265877,71281.265892
1789037823.348,timeline,3,-1,21672,1149.0,0.0,1150.0,1629.167,,,,,71281.155492,71281.242876,71281.263936,71281.263936,71281.26395
1789037824.5227,timeline,1,-1,21670,1150.0,0.0,1151.0,0.115,,,,,71281.266288,71282.417529,71282.438588,71282.438588,71282.438601
1789037824.5244,timeline,2,-1,21671,1150.0,0.0,1151.0,0.13,,,,,71281.268626,71282.419724,71282.440356,71282.440356,71282.440372
1789037824.5241,timeline,0,-1,21669,1150.0,0.0,1151.0,0.18,,,,,71281.270134,71282.419885,71282.439973,71282.439973,71282.439988
1789037824.5231,timeline,3,-1,21672,1150.0,0.0,1151.0,1066.026,,,,,71282.330214,71282.418379,71282.438988,71282.438988,71282.439002
1789037826.2463,timeline,1,-1,21670,1151.0,0.0,1152.0,0.087,,,,,71282.438947,71283.907964,71284.162237,71284.162237,71284.16225
1789037826.2445,timeline,0,-1,21669,1151.0,0.0,1152.0,0.132,,,,,71282.440389,71283.908276,71284.160416,71284.160416,71284.160428
1789037826.2682,timeline,2,-1,21671,1151.0,0.0,1152.0,0.12,,,,,71282.440733,71283.928528,71284.184087,71284.184087,71284.184098
1789037826.2459,timeline,3,-1,21672,1151.0,0.0,1152.0,1380.438,,,,,71283.819672,71283.906558,71284.161842,71284.161842,71284.161854
1789037827.3227,timeline,0,-1,21669,1152.0,0.0,1153.0,0.136,,,,,71284.160729,71285.218044,71285.238625,71285.238625,71285.238642
1789037827.324,timeline,1,-1,21670,1152.0,0.0,1153.0,0.247,,,,,71284.162647,71285.218522,71285.239892,71285.239892,71285.239911
1789037827.3234,timeline,2,-1,21671,1152.0,0.0,1153.0,0.081,,,,,71284.184335,71285.218615,71285.239308,71285.239308,71285.239324
1789037827.3214,timeline,3,-1,21672,1152.0,0.0,1153.0,967.028,,,,,71285.129122,71285.216474,71285.237344,71285.237344,71285.237357
1789037827.8097,timeline,0,-1,21669,1153.0,0.0,1154.0,0.141,,,,,71285.239078,71285.705606,71285.72562,71285.72562,71285.725635
1789037827.8103,timeline,2,-1,21671,1153.0,0.0,1154.0,0.112,,,,,71285.239723,71285.705539,71285.726242,71285.726242,71285.72626
1789037827.8105,timeline,1,-1,21670,1153.0,0.0,1154.0,0.109,,,,,71285.240208,71285.705497,71285.726445,71285.726445,71285.72646
1789037827.8095,timeline,3,-1,21672,1153.0,0.0,1154.0,380.42,,,,,71285.617995,71285.705012,71285.725395,71285.725395,71285.725409
1789037830.2112,timeline,0,-1,21669,1154.0,0.0,1155.0,0.149,,,,,71285.726082,71287.867345,71288.127089,71288.127089,71288.127102
1789037830.2155,timeline,2,-1,21671,1154.0,0.0,1155.0,0.112,,,,,71285.726607,71287.866934,71288.13138,71288.13138,71288.131394
1789037830.2109,timeline,1,-1,21670,1154.0,0.0,1155.0,0.108,,,,,71285.726831,71287.869167,71288.126779,71288.126779,71288.126797
1789037830.2218,timeline,3,-1,21672,1154.0,0.0,1155.0,2052.594,,,,,71287.778227,71287.867876,71288.137708,71288.137708,71288.137722
1789037830.3318,timeline,1,-1,21670,1155.0,0.0,1156.0,0.109,,,,,71288.127261,71288.22627,71288.247666,71288.247666,71288.247679
1789037830.3352,timeline,0,-1,21669,1155.0,0.0,1156.0,0.147,,,,,71288.127643,71288.231457,71288.251162,71288.251162,71288.251175
1789037830.3313,timeline,2,-1,21671,1155.0,0.0,1156.0,0.108,,,,,71288.131799,71288.226202,71288.247255,71288.247255,71288.247269
1789037830.3316,timeline,3,-1,21672,1155.0,0.0,1156.0,0.09,,,,,71288.138125,71288.226898,71288.247499,71288.247499,71288.247513
1789037832.14,timeline,2,-1,21671,1156.0,0.0,1157.0,0.115,,,,,71288.247641,71290.035322,71290.055891,71290.055891,71290.055911
1789037832.1383,timeline,1,-1,21670,1156.0,0.0,1157.0,0.112,,,,,71288.248363,71290.032799,71290.054215,71290.054215,71290.054229
1789037832.1382,timeline,0,-1,21669,1156.0,0.0,1157.0,0.149,,,,,71288.251585,71290.034548,71290.054075,71290.054075,71290.05409
1789037832.1358,timeline,3,-1,21672,1156.0,0.0,1157.0,1696.211,,,,,71289.943955,71290.031159,71290.051758,71290.051758,71290.051771
1789037832.5586,timeline,3,-1,21672,1157.0,0.0,1158.0,0.092,,,,,71290.052032,71290.209107,71290.474485,71290.474485,71290.474499
1789037832.5637,timeline,0,-1,21669,1157.0,0.0,1158.0,0.129,,,,,71290.054512,71290.205761,71290.479638,71290.479638,71290.479649
1789037832.5796,timeline,1,-1,21670,1157.0,0.0,1158.0,0.09,,,,,71290.0546,71290.207026,71290.49547,71290.49547,71290.495481
1789037832.5418,timeline,2,-1,21671,1157.0,0.0,1158.0,0.131,,,,,71290.05642,71290.206029,71290.457753,71290.457753,71290.457766
1789037834.5529,timeline,2,-1,21671,1158.0,0.0,1159.0,0.095,,,,,71290.458145,71292.448148,71292.468765,71292.468765,71292.468779
1789037834.5516,timeline,0,-1,21669,1158.0,0.0,1159.0,0.114,,,,,71290.480041,71292.447843,71292.467539,71292.467539,71292.467557
1789037834.5532,timeline,1,-1,21670,1158.0,0.0,1159.0,0.098,,,,,71290.495871,71292.447943,71292.469089,71292.469089,71292.469105
1789037834.5543,timeline,3,-1,21672,1158.0,0.0,1159.0,1883.916,,,,,71292.358821,71292.449533,71292.470171,71292.470171,71292.470185
1789037834.7241,timeline,0,-1,21669,1159.0,0.0,1160.0,0.141,,,,,71292.467867,71292.620129,71292.640026,71292.640026,71292.640041
1789037834.7259,timeline,2,-1,21671,1159.0,0.0,1160.0,0.11,,,,,71292.469034,71292.620911,71292.64178,71292.64178,71292.641795
1789037834.7284,timeline,1,-1,21670,1159.0,0.0,1160.0,0.101,,,,,71292.469483,71292.622506,71292.644317,71292.644317,71292.644339
1789037834.7259,timeline,3,-1,21672,1159.0,0.0,1160.0,0.096,,,,,71292.47055,71292.621575,71292.641836,71292.641836,71292.641851
1789037837.3785,timeline,0,-1,21669,1160.0,0.0,1161.0,0.135,,,,,71292.64033,71294.938252,71295.285142,71295.285142,71295.29442
1789037837.3746,timeline,2,-1,21671,1160.0,0.0,1161.0,0.11,,,,,71292.642156,71294.939681,71295.280658,71295.280658,71295.290524
1789037837.3746,timeline,1,-1,21670,1160.0,0.0,1161.0,0.225,,,,,71292.645025,71294.939489,71295.280614,71295.280614,71295.290523
1789037837.3747,timeline,3,-1,21672,1160.0,0.0,1161.0,2207.774,,,,,71294.849865,71294.939507,71295.280692,71295.280692,71295.290603
1789037837.4865,timeline,2,-1,21671,1161.0,0.0,1162.0,0.113,,,,,71295.29092,71295.381878,71295.402415,71295.402415,71295.402429
1789037837.5274,timeline,1,-1,21670,1161.0,0.0,1162.0,0.13,,,,,71295.290948,71295.382526,71295.443344,71295.443344,71295.443362
1789037837.4875,timeline,3,-1,21672,1161.0,0.0,1162.0,0.15,,,,,71295.291083,71295.382752,71295.403427,71295.403427,71295.403443
1789037837.4884,timeline,0,-1,21669,1161.0,0.0,1162.0,0.152,,,,,71295.294824,71295.382372,71295.404356,71295.404356,71295.404369
1789037839.7218,timeline,2,-1,21671,1162.0,0.0,1163.0,0.105,,,,,71295.40278,71297.617,71297.6377,71297.6377,71297.637715
1789037839.7215,timeline,0,-1,21669,1162.0,0.0,1163.0,0.137,,,,,71295.404746,71297.616815,71297.637394,71297.637394,71297.637408
1789037839.723,timeline,1,-1,21670,1162.0,0.0,1163.0,0.117,,,,,71295.44378,71297.617705,71297.638888,71297.638888,71297.638908
1789037839.7202,timeline,3,-1,21672,1162.0,0.0,1163.0,2124.978,,,,,71297.528651,71297.615349,71297.636118,71297.636118,71297.636132
1789037840.1304,timeline,3,-1,21672,1163.0,0.0,1164.0,0.09,,,,,71297.636469,71297.791965,71298.046307,71298.046307,71298.04632
1789037840.1247,timeline,0,-1,21669,1163.0,0.0,1164.0,0.143,,,,,71297.637834,71297.78944,71298.040576,71298.040576,71298.040587
1789037840.1282,timeline,2,-1,21671,1163.0,0.0,1164.0,0.104,,,,,71297.637962,71297.788693,71298.044088,71298.044088,71298.044099
1789037840.1278,timeline,1,-1,21670,1163.0,0.0,1164.0,0.123,,,,,71297.639335,71297.789541,71298.043668,71298.043668,71298.04368
1789037841.9214,timeline,0,-1,21669,1164.0,0.0,1165.0,0.12,,,,,71298.040946,71299.816886,71299.837282,71299.837282,71299.837298
1789037841.9227,timeline,1,-1,21670,1164.0,0.0,1165.0,0.084,,,,,71298.043906,71299.81715,71299.838631,71299.838631,71299.838645
1789037841.9225,timeline,2,-1,21671,1164.0,0.0,1165.0,0.084,,,,,71298.044411,71299.817756,71299.838368,71299.838368,71299.838383
1789037841.9221,timeline,3,-1,21672,1164.0,0.0,1165.0,1681.642,,,,,71299.728385,71299.817328,71299.838036,71299.838036,71299.838051
1789037842.093,timeline,0,-1,21669,1165.0,0.0,1166.0,0.144,,,,,71299.837732,71299.988509,71300.008866,71300.008866,71300.008881
1789037842.0981,timeline,3,-1,21672,1165.0,0.0,1166.0,0.095,,,,,71299.838403,71299.989909,71300.01398,71300.01398,71300.013997
1789037842.096,timeline,2,-1,21671,1165.0,0.0,1166.0,0.126,,,,,71299.838778,71299.991464,71300.011869,71300.011869,71300.011885
1789037842.0951,timeline,1,-1,21670,1165.0,0.0,1166.0,0.104,,,,,71299.839027,71299.990323,71300.011027,71300.011027,71300.011039
1789037844.4981,timeline,0,-1,21669,1166.0,0.0,1167.0,0.136,,,,,71300.009264,71302.156876,71302.414008,71302.414008,71302.41402
1789037844.5057,timeline,1,-1,21670,1166.0,0.0,1167.0,0.1,,,,,71300.0114,71302.156182,71302.421569,71302.421569,71302.42158
1789037844.5163,timeline,2,-1,21671,1166.0,0.0,1167.0,0.123,,,,,71300.012255,71302.157756,71302.432262,71302.432262,71302.432276
1789037844.4994,timeline,3,-1,21672,1166.0,0.0,1167.0,2051.439,,,,,71302.065669,71302.155152,71302.415341,71302.415341,71302.415352
1789037844.6281,timeline,0,-1,21669,1167.0,0.0,1168.0,0.129,,,,,71302.414432,71302.523105,71302.543981,71302.543981,71302.543996
1789037844.627,timeline,3,-1,21672,1167.0,0.0,1168.0,0.079,,,,,71302.415709,71302.522037,71302.542935,71302.542935,71302.54295
1789037844.6679,timeline,1,-1,21670,1167.0,0.0,1168.0,0.092,,,,,71302.421956,71302.554109,71302.583769,71302.583769,71302.583782
1789037844.6652,timeline,2,-1,21671,1167.0,0.0,1168.0,0.102,,,,,71302.432683,71302.554497,71302.581099,71302.581099,71302.581117
1789037846.3155,timeline,0,-1,21669,1168.0,0.0,1169.0,0.152,,,,,71302.544401,71304.210873,71304.23139,71304.23139,71304.231406
1789037846.3161,timeline,2,-1,21671,1168.0,0.0,1169.0,0.124,,,,,71302.581418,71304.210838,71304.231975,71304.231975,71304.231989
1789037846.3269,timeline,1,-1,21670,1168.0,0.0,1169.0,0.105,,,,,71302.584364,71304.212358,71304.24282,71304.24282,71304.24284
1789037846.315,timeline,3,-1,21672,1168.0,0.0,1169.0,1579.344,,,,,71304.122523,71304.209888,71304.23094,71304.23094,71304.230956
1789037846.7304,timeline,3,-1,21672,1169.0,0.0,1170.0,0.091,,,,,71304.23121,71304.384969,71304.646292,71304.646292,71304.646304
1789037846.7291,timeline,0,-1,21669,1169.0,0.0,1170.0,0.153,,,,,71304.231718,71304.383362,71304.644968,71304.644968,71304.644979
1789037846.7559,timeline,2,-1,21671,1169.0,0.0,1170.0,0.117,,,,,71304.232267,71304.3851,71304.67181,71304.67181,71304.671826
1789037846.7146,timeline,1,-1,21670,1169.0,0.0,1170.0,0.129,,,,,71304.243289,71304.38517,71304.630495,71304.630495,71304.630507
1789037848.3989,timeline,1,-1,21670,1170.0,0.0,1171.0,0.091,,,,,71304.630874,71306.292638,71306.314775,71306.314775,71306.314799
1789037848.3969,timeline,0,-1,21669,1170.0,0.0,1171.0,0.193,,,,,71304.645494,71306.29254,71306.312857,71306.312857,71306.312872
1789037848.3972,timeline,2,-1,21671,1170.0,0.0,1171.0,0.116,,,,,71304.672127,71306.292585,71306.313126,71306.313126,71306.313141
1789037848.3977,timeline,3,-1,21672,1170.0,0.0,1171.0,1532.551,,,,,71306.179094,71306.292697,71306.313618,71306.313618,71306.313642
1789037848.5698,timeline,0,-1,21669,1171.0,0.0,1172.0,0.147,,,,,71306.313316,71306.465425,71306.485708,71306.485708,71306.485723
1789037848.5701,timeline,2,-1,21671,1171.0,0.0,1172.0,0.111,,,,,71306.313511,71306.465901,71306.485975,71306.485975,71306.485987
1789037848.5733,timeline,3,-1,21672,1171.0,0.0,1172.0,0.116,,,,,71306.314036,71306.466781,71306.489211,71306.489211,71306.489227
1789037848.5707,timeline,1,-1,21670,1171.0,0.0,1172.0,0.133,,,,,71306.315372,71306.465693,71306.486649,71306.486649,71306.486665
1789037851.183,timeline,0,-1,21669,1172.0,0.0,1173.0,0.135,,,,,71306.486076,71308.837904,71309.098906,71309.098906,71309.098917
1789037851.1822,timeline,2,-1,21671,1172.0,0.0,1173.0,0.1,,,,,71306.486298,71308.837799,71309.098123,71309.098123,71309.098135
1789037851.1731,timeline,1,-1,21670,1172.0,0.0,1173.0,0.102,,,,,71306.487049,71308.836297,71309.088978,71309.088978,71309.088989
1789037851.1898,timeline,3,-1,21672,1172.0,0.0,1173.0,2260.581,,,,,71308.75006,71308.847585,71309.105703,71309.105703,71309.105715
1789037851.2983,timeline,1,-1,21670,1173.0,0.0,1174.0,0.086,,,,,71309.089216,71309.192993,71309.214205,71309.214205,71309.214217
1789037851.3231,timeline,2,-1,21671,1173.0,0.0,1174.0,0.111,,,,,71309.098605,71309.194094,71309.239037,71309.239037,71309.23905
1789037851.299,timeline,0,-1,21669,1173.0,0.0,1174.0,0.129,,,,,71309.099293,71309.194203,71309.214877,71309.214877,71309.214891
1789037851.2996,timeline,3,-1,21672,1173.0,0.0,1174.0,0.101,,,,,71309.105978,71309.194464,71309.215528,71309.215528,71309.215544
1789037853.8247,timeline,1,-1,21670,1174.0,0.0,1175.0,0.095,,,,,71309.21462,71311.71578,71311.740656,71311.740656,71311.74067
1789037853.821,timeline,0,-1,21669,1174.0,0.0,1175.0,0.147,,,,,71309.215181,71311.715792,71311.736926,71311.736926,71311.736945
1789037853.821,timeline,2,-1,21671,1174.0,0.0,1175.0,0.103,,,,,71309.239398,71311.716413,71311.736948,71311.736948,71311.736962
1789037853.8212,timeline,3,-1,21672,1174.0,0.0,1175.0,2411.613,,,,,71311.627419,71311.715042,71311.737056,71311.737056,71311.737076
1789037854.2261,timeline,2,-1,21671,1175.0,0.0,1176.0,0.11,,,,,71311.737353,71311.887465,71312.141962,71312.141962,71312.141978
1789037854.2287,timeline,0,-1,21669,1175.0,0.0,1176.0,0.164,,,,,71311.737377,71311.887902,71312.14466,71312.14466,71312.144672
1789037854.2244,timeline,3,-1,21672,1175.0,0.0,1176.0,0.117,,,,,71311.737498,71311.888537,71312.140354,71312.140354,71312.140369
1789037854.2208,timeline,1,-1,21670,1175.0,0.0,1176.0,0.105,,,,,71311.741026,71311.888265,71312.136761,71312.136761,71312.136774
1789037856.1104,timeline,1,-1,21670,1176.0,0.0,1177.0,0.094,,,,,71312.137158,71314.005218,71314.026325,71314.026325,71314.02634
1789037856.1096,timeline,2,-1,21671,1176.0,0.0,1177.0,0.088,,,,,71312.142352,71314.005191,71314.025537,71314.025537,71314.025552
1789037856.1085,timeline,0,-1,21669,1176.0,0.0,1177.0,0.21,,,,,71312.14504,71314.003179,71314.024382,71314.024382,71314.024396
1789037856.1136,timeline,3,-1,21672,1176.0,0.0,1177.0,1774.692,,,,,71313.915312,71314.005221,71314.029528,71314.029528,71314.029545
1789037856.2816,timeline,0,-1,21669,1177.0,0.0,1178.0,0.159,,,,,71314.024818,71314.177318,71314.197511,71314.197511,71314.197525
1789037856.2818,timeline,2,-1,21671,1177.0,0.0,1178.0,0.106,,,,,71314.025928,71314.177708,71314.197737,71314.197737,71314.197752
1789037856.2818,timeline,1,-1,21670,1177.0,0.0,1178.0,0.106,,,,,71314.026741,71314.17719,71314.197708,71314.197708,71314.197721
1789037856.281,timeline,3,-1,21672,1177.0,0.0,1178.0,0.105,,,,,71314.029947,71314.177075,71314.196923,71314.196923,71314.196936
1789037859.3373,timeline,0,-1,21669,1178.0,0.0,1179.0,0.133,,,,,71314.197891,71316.953833,71317.25325,71317.25325,71317.253264
1789037859.2931,timeline,1,-1,21670,1178.0,0.0,1179.0,0.101,,,,,71314.19805,71316.953651,71317.208973,71317.208973,71317.208991
1789037859.3043,timeline,2,-1,21671,1178.0,0.0,1179.0,0.104,,,,,71314.198103,71316.953922,71317.220176,71317.220176,71317.22019
1789037859.2887,timeline,3,-1,21672,1178.0,0.0,1179.0,2666.933,,,,,71316.864141,71316.951966,71317.204599,71317.204599,71317.20461
1789037859.446,timeline,3,-1,21672,1179.0,0.0,1180.0,0.079,,,,,71317.204996,71317.341417,71317.361895,71317.361895,71317.361908
1789037859.4485,timeline,1,-1,21670,1179.0,0.0,1180.0,0.149,,,,,71317.209927,71317.341689,71317.36441,71317.36441,71317.364426
1789037859.4459,timeline,2,-1,21671,1179.0,0.0,1180.0,0.09,,,,,71317.220433,71317.340994,71317.361803,71317.361803,71317.361814
1789037859.4454,timeline,0,-1,21669,1179.0,0.0,1180.0,0.165,,,,,71317.253716,71317.341479,71317.361331,71317.361331,71317.361342
1789037862.1605,timeline,0,-1,21669,1180.0,0.0,1181.0,0.12,,,,,71317.361663,71319.977808,71320.06695,71320.06695,71320.076461
1789037862.1567,timeline,2,-1,21671,1180.0,0.0,1181.0,0.103,,,,,71317.362142,71319.977603,71320.066939,71320.066939,71320.07261
1789037862.1566,timeline,1,-1,21670,1180.0,0.0,1181.0,0.113,,,,,71317.364694,71319.980112,71320.066974,71320.066974,71320.072573
1789037862.1567,timeline,3,-1,21672,1180.0,0.0,1181.0,2485.3,,,,,71319.847648,71319.983023,71320.066967,71320.066967,71320.072659
1789037862.4989,timeline,1,-1,21670,1181.0,0.0,1182.0,0.118,,,,,71320.072927,71320.164055,71320.414861,71320.414861,71320.414871
1789037862.5225,timeline,2,-1,21671,1181.0,0.0,1182.0,0.102,,,,,71320.072982,71320.163798,71320.438445,71320.438445,71320.438458
1789037862.504,timeline,3,-1,21672,1181.0,0.0,1182.0,0.118,,,,,71320.073049,71320.164302,71320.41988,71320.41988,71320.419893
1789037862.5009,timeline,0,-1,21669,1181.0,0.0,1182.0,0.179,,,,,71320.076784,71320.163658,71320.416797,71320.416797,71320.41681
1789037864.8141,timeline,1,-1,21670,1182.0,0.0,1183.0,0.073,,,,,71320.415188,71322.70921,71322.730001,71322.730001,71322.730019
1789037864.8106,timeline,0,-1,21669,1182.0,0.0,1183.0,0.135,,,,,71320.417285,71322.704843,71322.726498,71322.726498,71322.726512
1789037864.8103,timeline,2,-1,21671,1182.0,0.0,1183.0,0.094,,,,,71320.438778,71322.70523,71322.726168,71322.726168,71322.726187
1789037864.8095,timeline,3,-1,21672,1182.0,0.0,1183.0,2195.838,,,,,71322.61596,71322.704478,71322.725415,71322.725415,71322.725429
1789037864.9899,timeline,3,-1,21672,1183.0,0.0,1184.0,0.091,,,,,71322.725765,71322.880688,71322.905793,71322.905793,71322.905811
1789037864.9842,timeline,2,-1,21671,1183.0,0.0,1184.0,0.098,,,,,71322.726564,71322.879269,71322.900077,71322.900077,71322.900089
1789037864.9835,timeline,0,-1,21669,1183.0,0.0,1184.0,0.151,,,,,71322.726915,71322.878471,71322.899464,71322.899464,71322.899476
1789037864.9876,timeline,1,-1,21670,1183.0,0.0,1184.0,0.107,,,,,71322.730267,71322.880384,71322.903526,71322.903526,71322.903543
1789037867.2685,timeline,0,-1,21669,1184.0,0.0,1185.0,0.124,,,,,71322.899731,71324.933588,71325.184365,71325.184365,71325.18438
1789037867.269,timeline,2,-1,21671,1184.0,0.0,1185.0,0.106,,,,,71322.900419,71324.927794,71325.184863,71325.184863,71325.184877
1789037867.2966,timeline,1,-1,21670,1184.0,0.0,1185.0,0.105,,,,,71322.903883,71324.927599,71325.212564,71325.212564,71325.212575
1789037867.3196,timeline,3,-1,21672,1184.0,0.0,1185.0,1932.826,,,,,71324.838889,71324.949652,71325.235467,71325.235467,71325.235481
1789037867.4496,timeline,0,-1,21669,1185.0,0.0,1186.0,0.128,,,,,71325.184787,71325.344367,71325.365541,71325.365541,71325.365559
1789037867.4736,timeline,2,-1,21671,1185.0,0.0,1186.0,0.093,,,,,71325.185309,71325.33817,71325.389467,71325.389467,71325.389489
1789037867.4431,timeline,1,-1,21670,1185.0,0.0,1186.0,0.086,,,,,71325.212906,71325.337812,71325.35904,71325.35904,71325.359052
1789037867.4435,timeline,3,-1,21672,1185.0,0.0,1186.0,0.106,,,,,71325.23576,71325.338112,71325.359416,71325.359416,71325.359431
1789037869.4683,timeline,1,-1,21670,1186.0,0.0,1187.0,0.089,,,,,71325.359346,71327.363167,71327.384156,71327.384156,71327.384181
1789037869.4651,timeline,0,-1,21669,1186.0,0.0,1187.0,0.148,,,,,71325.366058,71327.360171,71327.380963,71327.380963,71327.380979
1789037869.4685,timeline,2,-1,21671,1186.0,0.0,1187.0,0.12,,,,,71325.389912,71327.361146,71327.384371,71327.384371,71327.384386
1789037869.4659,timeline,3,-1,21672,1186.0,0.0,1187.0,1912.097,,,,,71327.2718,71327.361042,71327.381783,71327.381783,71327.381799
1789037869.8708,timeline,0,-1,21669,1187.0,0.0,1188.0,0.15,,,,,71327.381428,71327.536316,71327.786746,71327.786746,71327.786758
1789037869.8776,timeline,3,-1,21672,1187.0,0.0,1188.0,0.101,,,,,71327.382162,71327.53747,71327.793507,71327.793507,71327.79352
1789037869.9106,timeline,1,-1,21670,1187.0,0.0,1188.0,0.132,,,,,71327.38461,71327.535076,71327.826515,71327.826515,71327.826526
1789037869.908,timeline,2,-1,21671,1187.0,0.0,1188.0,0.096,,,,,71327.384748,71327.537529,71327.823942,71327.823942,71327.823953
1789037871.7646,timeline,0,-1,21669,1188.0,0.0,1189.0,0.135,,,,,71327.787148,71329.657006,71329.680493,71329.680493,71329.680509
1789037871.7604,timeline,2,-1,21671,1188.0,0.0,1189.0,0.116,,,,,71327.82441,71329.650857,71329.676264,71329.676264,71329.676283
1789037871.757,timeline,1,-1,21670,1188.0,0.0,1189.0,0.077,,,,,71327.826863,71329.650779,71329.672883,71329.672883,71329.672899
1789037871.756,timeline,3,-1,21672,1188.0,0.0,1189.0,1757.196,,,,,71329.550969,71329.650906,71329.671916,71329.671916,71329.671928
1789037871.9379,timeline,3,-1,21672,1189.0,0.0,1190.0,0.096,,,,,71329.672184,71329.829188,71329.853831,71329.853831,71329.853848
1789037871.9332,timeline,1,-1,21670,1189.0,0.0,1190.0,0.145,,,,,71329.673336,71329.827842,71329.849108,71329.849108,71329.849121
1789037871.934,timeline,2,-1,21671,1189.0,0.0,1190.0,0.103,,,,,71329.676767,71329.826833,71329.849899,71329.849899,71329.849913
1789037871.9321,timeline,0,-1,21669,1189.0,0.0,1190.0,0.156,,,,,71329.680827,71329.82791,71329.84805,71329.84805,71329.848065
1789037874.5882,timeline,0,-1,21669,1190.0,0.0,1191.0,0.142,,,,,71329.848536,71332.216513,71332.504082,71332.504082,71332.504094
1789037874.6012,timeline,1,-1,21670,1190.0,0.0,1191.0,0.101,,,,,71329.84958,71332.223206,71332.51715,71332.51715,71332.517164
1789037874.5935,timeline,2,-1,21671,1190.0,0.0,1191.0,0.113,,,,,71329.850246,71332.21694,71332.509458,71332.509458,71332.509472
1789037874.5804,timeline,3,-1,21672,1190.0,0.0,1191.0,2273.994,,,,,71332.128116,71332.217742,71332.496289,71332.496289,71332.496303
1789037874.7092,timeline,3,-1,21672,1191.0,0.0,1192.0,0.078,,,,,71332.49666,71332.604723,71332.625135,71332.625135,71332.625148
1789037874.7101,timeline,0,-1,21669,1191.0,0.0,1192.0,0.13,,,,,71332.504499,71332.604689,71332.626035,71332.626035,71332.626052
1789037874.7143,timeline,2,-1,21671,1191.0,0.0,1192.0,0.094,,,,,71332.509898,71332.604716,71332.630229,71332.630229,71332.630243
1789037874.7094,timeline,1,-1,21670,1191.0,0.0,1192.0,0.106,,,,,71332.517565,71332.604562,71332.625289,71332.625289,71332.625302
1789037876.4516,timeline,1,-1,21670,1192.0,0.0,1193.0,0.087,,,,,71332.62562,71334.346391,71334.367498,71334.367498,71334.367513
1789037876.4515,timeline,0,-1,21669,1192.0,0.0,1193.0,0.139,,,,,71332.626427,71334.346706,71334.367425,71334.367425,71334.367445
1789037876.4517,timeline,2,-1,21671,1192.0,0.0,1193.0,0.113,,,,,71332.630606,71334.346293,71334.367609,71334.367609,71334.367626
1789037876.4566,timeline,3,-1,21672,1192.0,0.0,1193.0,1609.788,,,,,71334.23532,71334.352046,71334.372533,71334.372533,71334.372549
1789037876.8625,timeline,1,-1,21670,1193.0,0.0,1194.0,0.112,,,,,71334.367886,71334.523607,71334.778373,71334.778373,71334.778384
1789037876.8807,timeline,0,-1,21669,1193.0,0.0,1194.0,0.177,,,,,71334.36793,71334.524706,71334.796658,71334.796658,71334.796671
1789037876.8659,timeline,2,-1,21671,1193.0,0.0,1194.0,0.094,,,,,71334.367976,71334.524154,71334.781843,71334.781843,71334.781855
1789037876.8782,timeline,3,-1,21672,1193.0,0.0,1194.0,0.103,,,,,71334.372917,71334.524983,71334.794132,71334.794132,71334.794147
1789037878.9549,timeline,1,-1,21670,1194.0,0.0,1195.0,0.071,,,,,71334.778722,71336.851063,71336.870812,71336.870812,71336.870824
1789037878.9579,timeline,2,-1,21671,1194.0,0.0,1195.0,0.087,,,,,71334.782216,71336.851044,71336.873827,71336.873827,71336.873841
1789037878.9694,timeline,0,-1,21669,1194.0,0.0,1195.0,0.111,,,,,71334.796926,71336.864992,71336.885316,71336.885316,71336.885331
1789037878.9671,timeline,3,-1,21672,1194.0,0.0,1195.0,1943.523,,,,,71336.73819,71336.857926,71336.882969,71336.882969,71336.882992
1789037879.139,timeline,1,-1,21670,1195.0,0.0,1196.0,0.102,,,,,71336.871208,71337.035006,71337.05493,71337.05493,71337.054947
1789037879.1421,timeline,2,-1,21671,1195.0,0.0,1196.0,0.1,,,,,71336.874182,71337.035201,71337.05806,71337.05806,71337.058074
1789037879.1419,timeline,3,-1,21672,1195.0,0.0,1196.0,0.133,,,,,71336.883479,71337.037438,71337.057775,71337.057775,71337.057791
1789037879.141,timeline,0,-1,21669,1195.0,0.0,1196.0,0.154,,,,,71336.885734,71337.036587,71337.056898,71337.056898,71337.056913
1789037881.5516,timeline,1,-1,21670,1196.0,0.0,1197.0,0.108,,,,,71337.055356,71339.2067,71339.467535,71339.467535,71339.467546
1789037881.5888,timeline,0,-1,21669,1196.0,0.0,1197.0,0.155,,,,,71337.057335,71339.208773,71339.504662,71339.504662,71339.504675
1789037881.5551,timeline,2,-1,21671,1196.0,0.0,1197.0,0.099,,,,,71337.058406,71339.208442,71339.471062,71339.471062,71339.471074
1789037881.5539,timeline,3,-1,21672,1196.0,0.0,1197.0,2060.506,,,,,71339.118844,71339.208651,71339.469785,71339.469785,71339.469796
1789037881.7212,timeline,1,-1,21670,1197.0,0.0,1198.0,0.101,,,,,71339.468122,71339.61652,71339.637107,71339.637107,71339.637121
1789037881.7211,timeline,3,-1,21672,1197.0,0.0,1198.0,0.084,,,,,71339.470183,71339.616296,71339.637063,71339.637063,71339.637076
1789037881.7149,timeline,2,-1,21671,1197.0,0.0,1198.0,0.1,,,,,71339.4715,71339.610245,71339.630767,71339.630767,71339.63078
1789037881.7403,timeline,0,-1,21669,1197.0,0.0,1198.0,0.171,,,,,71339.505152,71339.636128,71339.656204,71339.656204,71339.656216
1789037883.723,timeline,2,-1,21671,1198.0,0.0,1199.0,0.099,,,,,71339.631022,71341.617486,71341.638896,71341.638896,71341.638914
1789037883.7232,timeline,1,-1,21670,1198.0,0.0,1199.0,0.092,,,,,71339.637471,71341.617879,71341.639104,71341.639104,71341.63912
1789037883.7221,timeline,0,-1,21669,1198.0,0.0,1199.0,0.145,,,,,71339.656572,71341.618068,71341.638039,71341.638039,71341.638053
1789037883.7223,timeline,3,-1,21672,1198.0,0.0,1199.0,1891.849,,,,,71341.529147,71341.617512,71341.638208,71341.638208,71341.638221
1789037884.1649,timeline,3,-1,21672,1199.0,0.0,1200.0,0.094,,,,,71341.638454,71341.791978,71342.080758,71342.080758,71342.080775
1789037884.1689,timeline,0,-1,21669,1199.0,0.0,1200.0,0.153,,,,,71341.638519,71341.791292,71342.084836,71342.084836,71342.084849
1789037884.1305,timeline,2,-1,21671,1199.0,0.0,1200.0,0.104,,,,,71341.639265,71341.790947,71342.04645,71342.04645,71342.046463
1789037884.1286,timeline,1,-1,21670,1199.0,0.0,1200.0,0.113,,,,,71341.639517,71341.790456,71342.04449,71342.04449,71342.044504
1789037885.994,timeline,1,-1,21670,1200.0,0.0,1201.0,0.082,,,,,71342.044744,71343.819107,71343.904269,71343.904269,71343.909929
1789037885.994,timeline,2,-1,21671,1200.0,0.0,1201.0,0.092,,,,,71342.046709,71343.821567,71343.904292,71343.904292,71343.909914
1789037885.9981,timeline,0,-1,21669,1200.0,0.0,1201.0,0.138,,,,,71342.085266,71343.819849,71343.90427,71343.90427,71343.914016
1789037885.994,timeline,3,-1,21672,1200.0,0.0,1201.0,1648.581,,,,,71343.729614,71343.819969,71343.904322,71343.904322,71343.909953
1789037886.1069,timeline,1,-1,21670,1201.0,0.0,1202.0,0.114,,,,,71343.910321,71344.001345,71344.022822,71344.022822,71344.022837
1789037886.1055,timeline,2,-1,21671,1201.0,0.0,1202.0,0.114,,,,,71343.910324,71344.001747,71344.021373,71344.021373,71344.021387
1789037886.1056,timeline,3,-1,21672,1201.0,0.0,1202.0,0.151,,,,,71343.91042,71344.001477,71344.021501,71344.021501,71344.021513
1789037886.1052,timeline,0,-1,21669,1201.0,0.0,1202.0,0.162,,,,,71343.914453,71344.000738,71344.021108,71344.021108,71344.021122
1789037889.1284,timeline,0,-1,21669,1202.0,0.0,1203.0,0.132,,,,,71344.021502,71346.756057,71347.04436,71347.04436,71347.044371
1789037889.1014,timeline,2,-1,21671,1202.0,0.0,1203.0,0.115,,,,,71344.021644,71346.754746,71347.017263,71347.017263,71347.017277
1789037889.1443,timeline,1,-1,21670,1202.0,0.0,1203.0,0.096,,,,,71344.023116,71346.758357,71347.060167,71347.060167,71347.060186
1789037889.095,timeline,3,-1,21672,1202.0,0.0,1203.0,2643.693,,,,,71346.665446,71346.754889,71347.010882,71347.010882,71347.010895
1789037889.2548,timeline,3,-1,21672,1203.0,0.0,1204.0,0.08,,,,,71347.011291,71347.149193,71347.170681,71347.170681,71347.1707
1789037889.2563,timeline,2,-1,21671,1203.0,0.0,1204.0,0.094,,,,,71347.017707,71347.151334,71347.172211,71347.172211,71347.172226
1789037889.2569,timeline,0,-1,21669,1203.0,0.0,1204.0,0.129,,,,,71347.04475,71347.150719,71347.172837,71347.172837,71347.172852
1789037889.2553,timeline,1,-1,21670,1203.0,0.0,1204.0,0.13,,,,,71347.060649,71347.149026,71347.171186,71347.171186,71347.171198
1789037891.4431,timeline,1,-1,21670,1204.0,0.0,1205.0,0.102,,,,,71347.171539,71349.33736,71349.359041,71349.359041,71349.359058
1789037891.4478,timeline,2,-1,21671,1204.0,0.0,1205.0,0.115,,,,,71347.17249,71349.342623,71349.363681,71349.363681,71349.363697
1789037891.4461,timeline,0,-1,21669,1204.0,0.0,1205.0,0.148,,,,,71347.173144,71349.341118,71349.36205,71349.36205,71349.362067
1789037891.447,timeline,3,-1,21672,1204.0,0.0,1205.0,2078.914,,,,,71349.249866,71349.339892,71349.362865,71349.362865,71349.362883
1789037891.8855,timeline,1,-1,21670,1205.0,0.0,1206.0,0.12,,,,,71349.359461,71349.515062,71349.801426,71349.801426,71349.801437
1789037891.902,timeline,0,-1,21669,1205.0,0.0,1206.0,0.172,,,,,71349.362519,71349.522387,71349.817961,71349.817961,71349.817972
1789037891.8544,timeline,3,-1,21672,1205.0,0.0,1206.0,0.107,,,,,71349.36337,71349.516893,71349.770324,71349.770324,71349.770338
1789037891.8623,timeline,2,-1,21671,1205.0,0.0,1206.0,0.099,,,,,71349.363957,71349.515198,71349.778181,71349.778181,71349.778197
1789037893.7879,timeline,2,-1,21671,1206.0,0.0,1207.0,0.121,,,,,71349.778487,71351.682642,71351.703794,71351.703794,71351.703809
1789037893.772,timeline,1,-1,21670,1206.0,0.0,1207.0,0.081,,,,,71349.8018,71351.666073,71351.68794,71351.68794,71351.687953
1789037893.7729,timeline,0,-1,21669,1206.0,0.0,1207.0,0.112,,,,,71349.818378,71351.667456,71351.688796,71351.688796,71351.688816
1789037893.7711,timeline,3,-1,21672,1206.0,0.0,1207.0,1806.313,,,,,71351.577115,71351.665742,71351.687014,71351.687014,71351.687029
1789037893.9613,timeline,3,-1,21672,1207.0,0.0,1208.0,0.09,,,,,71351.687272,71351.856042,71351.87724,71351.87724,71351.877259
1789037893.9604,timeline,1,-1,21670,1207.0,0.0,1208.0,0.103,,,,,71351.688212,71351.854918,71351.876335,71351.876335,71351.876352
1789037893.9587,timeline,0,-1,21669,1207.0,0.0,1208.0,0.168,,,,,71351.689155,71351.854041,71351.874578,71351.874578,71351.874597
1789037893.9592,timeline,2,-1,21671,1207.0,0.0,1208.0,0.104,,,,,71351.704095,71351.854042,71351.875115,71351.875115,71351.875133
1789037896.7402,timeline,0,-1,21669,1208.0,0.0,1209.0,0.144,,,,,71351.875022,71354.396942,71354.656088,71354.656088,71354.6561
1789037896.74,timeline,2,-1,21671,1208.0,0.0,1209.0,0.144,,,,,71351.875619,71354.396334,71354.655867,71354.655867,71354.655879
1789037896.788,timeline,1,-1,21670,1208.0,0.0,1209.0,0.117,,,,,71351.87677,71354.397212,71354.703909,71354.703909,71354.703921
1789037896.7368,timeline,3,-1,21672,1208.0,0.0,1209.0,2430.751,,,,,71354.308259,71354.395478,71354.652734,71354.652734,71354.652752
1789037896.8995,timeline,3,-1,21672,1209.0,0.0,1210.0,0.1,,,,,71354.653238,71354.794268,71354.815433,71354.815433,71354.815451
1789037896.8962,timeline,2,-1,21671,1209.0,0.0,1210.0,0.085,,,,,71354.656277,71354.791619,71354.812128,71354.812128,71354.812147
1789037896.9012,timeline,0,-1,21669,1209.0,0.0,1210.0,0.138,,,,,71354.656511,71354.79702,71354.817125,71354.817125,71354.817144
1789037896.8965,timeline,1,-1,21670,1209.0,0.0,1210.0,0.101,,,,,71354.704161,71354.791485,71354.812415,71354.812415,71354.812427
1789037899.0217,timeline,2,-1,21671,1210.0,0.0,1211.0,0.114,,,,,71354.81256,71356.91764,71356.937576,71356.937576,71356.937595
1789037899.0285,timeline,1,-1,21670,1210.0,0.0,1211.0,0.084,,,,,71354.812758,71356.923584,71356.944392,71356.944392,71356.944408
1789037899.0225,timeline,0,-1,21669,1210.0,0.0,1211.0,0.179,,,,,71354.817622,71356.917967,71356.938359,71356.938359,71356.938377
1789037899.0224,timeline,3,-1,21672,1210.0,0.0,1211.0,2013.303,,,,,71356.828974,71356.9172,71356.93834,71356.93834,71356.938359
1789037899.431,timeline,2,-1,21671,1211.0,0.0,1212.0,0.088,,,,,71356.937941,71357.095658,71357.346889,71357.346889,71357.346902
1789037899.4353,timeline,3,-1,21672,1211.0,0.0,1212.0,0.097,,,,,71356.938752,71357.096828,71357.3512,71357.3512,71357.351219
1789037899.444,timeline,0,-1,21669,1211.0,0.0,1212.0,0.152,,,,,71356.938769,71357.095812,71357.359945,71357.359945,71357.359958
1789037899.4317,timeline,1,-1,21670,1211.0,0.0,1212.0,0.105,,,,,71356.944653,71357.097042,71357.347592,71357.347592,71357.347605
1789037901.7939,timeline,2,-1,21671,1212.0,0.0,1213.0,0.087,,,,,71357.347252,71359.690413,71359.709772,71359.709772,71359.709788
1789037901.7956,timeline,1,-1,21670,1212.0,0.0,1213.0,0.084,,,,,71357.347937,71359.689929,71359.711517,71359.711517,71359.711533
1789037901.7942,timeline,0,-1,21669,1212.0,0.0,1213.0,0.143,,,,,71357.360363,71359.689865,71359.710067,71359.710067,71359.710083
1789037901.798,timeline,3,-1,21672,1212.0,0.0,1213.0,2249.423,,,,,71359.600916,71359.689978,71359.713864,71359.713864,71359.713879
1789037901.9663,timeline,2,-1,21671,1213.0,0.0,1214.0,0.086,,,,,71359.710168,71359.862867,71359.882182,71359.882182,71359.882197
1789037901.9672,timeline,0,-1,21669,1213.0,0.0,1214.0,0.181,,,,,71359.710534,71359.863172,71359.883093,71359.883093,71359.88311
1789037901.9676,timeline,1,-1,21670,1213.0,0.0,1214.0,0.114,,,,,71359.711957,71359.862703,71359.883547,71359.883547,71359.883561
1789037901.9675,timeline,3,-1,21672,1213.0,0.0,1214.0,0.115,,,,,71359.714304,71359.863287,71359.883412,71359.883412,71359.883428
1789037904.4377,timeline,2,-1,21671,1214.0,0.0,1215.0,0.104,,,,,71359.882574,71362.101438,71362.353587,71362.353587,71362.3536
1789037904.4542,timeline,0,-1,21669,1214.0,0.0,1215.0,0.134,,,,,71359.883473,71362.102384,71362.370075,71362.370075,71362.370089
1789037904.4732,timeline,1,-1,21670,1214.0,0.0,1215.0,0.103,,,,,71359.8839,71362.101934,71362.389116,71362.389116,71362.389131
1789037904.453,timeline,3,-1,21672,1214.0,0.0,1215.0,2129.366,,,,,71362.01327,71362.102725,71362.368906,71362.368906,71362.368925
1789037904.5969,timeline,2,-1,21671,1215.0,0.0,1216.0,0.086,,,,,71362.353994,71362.49381,71362.512782,71362.512782,71362.512794
1789037904.5947,timeline,3,-1,21672,1215.0,0.0,1216.0,0.103,,,,,71362.36939,71362.48872,71362.510589,71362.510589,71362.510606
1789037904.5919,timeline,0,-1,21669,1215.0,0.0,1216.0,0.185,,,,,71362.370646,71362.487495,71362.507806,71362.507806,71362.507821
1789037904.5931,timeline,1,-1,21670,1215.0,0.0,1216.0,0.091,,,,,71362.389366,71362.487574,71362.509006,71362.509006,71362.509018
1789037906.5375,timeline,0,-1,21669,1216.0,0.0,1217.0,0.143,,,,,71362.508117,71364.431686,71364.453455,71364.453455,71364.453472
1789037906.5423,timeline,1,-1,21670,1216.0,0.0,1217.0,0.102,,,,,71362.509336,71364.434428,71364.458238,71364.458238,71364.458254
1789037906.5354,timeline,2,-1,21671,1216.0,0.0,1217.0,0.097,,,,,71362.51314,71364.431704,71364.45128,71364.45128,71364.451295
1789037906.5377,timeline,3,-1,21672,1216.0,0.0,1217.0,1831.001,,,,,71364.34189,71364.431554,71364.453616,71364.453616,71364.45364
1789037906.9704,timeline,2,-1,21671,1217.0,0.0,1218.0,0.088,,,,,71364.451656,71364.608785,71364.886268,71364.886268,71364.88628
1789037906.9854,timeline,0,-1,21669,1217.0,0.0,1218.0,0.149,,,,,71364.453911,71364.609778,71364.901324,71364.901324,71364.901335
1789037906.9541,timeline,3,-1,21672,1217.0,0.0,1218.0,0.101,,,,,71364.454066,71364.608317,71364.870031,71364.870031,71364.870046
1789037906.9668,timeline,1,-1,21670,1217.0,0.0,1218.0,0.115,,,,,71364.458659,71364.605276,71364.882738,71364.882738,71364.882752
1789037909.0399,timeline,1,-1,21670,1218.0,0.0,1219.0,0.103,,,,,71364.883249,71366.934569,71366.955794,71366.955794,71366.955808
1789037909.0383,timeline,2,-1,21671,1218.0,0.0,1219.0,0.106,,,,,71364.886664,71366.934127,71366.95425,71366.95425,71366.954267
1789037909.0403,timeline,0,-1,21669,1218.0,0.0,1219.0,0.127,,,,,71364.901737,71366.934154,71366.956163,71366.956163,71366.956182
1789037909.042,timeline,3,-1,21672,1218.0,0.0,1219.0,1973.441,,,,,71366.844087,71366.933051,71366.957909,71366.957909,71366.957926
1789037909.2115,timeline,2,-1,21671,1219.0,0.0,1220.0,0.104,,,,,71366.954534,71367.106886,71367.12742,71367.12742,71367.127438
1789037909.2115,timeline,1,-1,21670,1219.0,0.0,1220.0,0.113,,,,,71366.956085,71367.106431,71367.127434,71367.127434,71367.12745
1789037909.2126,timeline,0,-1,21669,1219.0,0.0,1220.0,0.176,,,,,71366.956535,71367.107271,71367.128537,71367.128537,71367.128553
1789037909.2137,timeline,3,-1,21672,1219.0,0.0,1220.0,0.116,,,,,71366.958207,71367.10726,71367.12962,71367.12962,71367.129635
1789037912.07,timeline,1,-1,21670,1220.0,0.0,1221.0,0.102,,,,,71367.127801,71369.598976,71369.974881,71369.974881,71369.985944
1789037912.0701,timeline,2,-1,21671,1220.0,0.0,1221.0,0.104,,,,,71367.127809,71369.598696,71369.980414,71369.980414,71369.986021
1789037912.0755,timeline,0,-1,21669,1220.0,0.0,1221.0,0.153,,,,,71367.128953,71369.598696,71369.979275,71369.979275,71369.991382
1789037912.07,timeline,3,-1,21672,1220.0,0.0,1221.0,2378.408,,,,,71369.508299,71369.598392,71369.974868,71369.974868,71369.985901
1789037912.1844,timeline,3,-1,21672,1221.0,0.0,1222.0,0.106,,,,,71369.986311,71370.079807,71370.100321,71370.100321,71370.100334
1789037912.1847,timeline,1,-1,21670,1221.0,0.0,1222.0,0.116,,,,,71369.986333,71370.079792,71370.100649,71370.100649,71370.100668
1789037912.1884,timeline,2,-1,21671,1221.0,0.0,1222.0,0.157,,,,,71369.986568,71370.080074,71370.104354,71370.104354,71370.10437
1789037912.1876,timeline,0,-1,21669,1221.0,0.0,1222.0,0.169,,,,,71369.991824,71370.078936,71370.103474,71370.103474,71370.10349
1789037914.0349,timeline,1,-1,21670,1222.0,0.0,1223.0,0.095,,,,,71370.10091,71371.929646,71371.950849,71371.950849,71371.950865
1789037914.0352,timeline,0,-1,21669,1222.0,0.0,1223.0,0.14,,,,,71370.103791,71371.929811,71371.951078,71371.951078,71371.951094
1789037914.0695,timeline,2,-1,21671,1222.0,0.0,1223.0,0.147,,,,,71370.104967,71371.964286,71371.985388,71371.985388,71371.985422
1789037914.0372,timeline,3,-1,21672,1222.0,0.0,1223.0,1738.636,,,,,71371.839211,71371.929716,71371.953149,71371.953149,71371.953167
1789037914.4683,timeline,1,-1,21670,1223.0,0.0,1224.0,0.099,,,,,71371.95124,71372.135618,71372.384174,71372.384174,71372.384187
1789037914.5138,timeline,0,-1,21669,1223.0,0.0,1224.0,0.149,,,,,71371.951519,71372.136593,71372.429681,71372.429681,71372.429692
1789037914.4857,timeline,3,-1,21672,1223.0,0.0,1224.0,0.107,,,,,71371.953469,71372.136669,71372.401658,71372.401658,71372.401673
1789037914.5104,timeline,2,-1,21671,1223.0,0.0,1224.0,0.177,,,,,71371.985969,71372.137111,71372.426317,71372.426317,71372.426339
1789037916.5298,timeline,1,-1,21670,1224.0,0.0,1225.0,0.084,,,,,71372.384524,71374.424424,71374.445688,71374.445688,71374.445703
1789037916.5317,timeline,2,-1,21671,1224.0,0.0,1225.0,0.322,,,,,71372.426914,71374.425433,71374.447518,71374.447518,71374.447571
1789037916.5295,timeline,0,-1,21669,1224.0,0.0,1225.0,0.123,,,,,71372.430096,71374.424478,71374.445452,71374.445452,71374.445468
1789037916.5293,timeline,3,-1,21672,1224.0,0.0,1225.0,1931.094,,,,,71374.333032,71374.424203,71374.445246,71374.445246,71374.445265
1789037916.7036,timeline,3,-1,21672,1225.0,0.0,1226.0,0.098,,,,,71374.445638,71374.598513,71374.619473,71374.619473,71374.619487
1789037916.7049,timeline,0,-1,21669,1225.0,0.0,1226.0,0.159,,,,,71374.445936,71374.598811,71374.620821,71374.620821,71374.620839
1789037916.701,timeline,1,-1,21670,1225.0,0.0,1226.0,0.094,,,,,71374.446087,71374.596015,71374.616908,71374.616908,71374.616921
1789037916.7081,timeline,2,-1,21671,1225.0,0.0,1226.0,0.231,,,,,71374.448321,71374.601303,71374.624018,71374.624018,71374.624035
1789037919.6928,timeline,1,-1,21670,1226.0,0.0,1227.0,0.088,,,,,71374.617234,71377.292971,71377.608729,71377.608729,71377.608746
1789037919.6541,timeline,0,-1,21669,1226.0,0.0,1227.0,0.161,,,,,71374.621304,71377.298727,71377.570008,71377.570008,71377.570021
1789037919.6449,timeline,2,-1,21671,1226.0,0.0,1227.0,0.169,,,,,71374.624579,71377.292785,71377.560831,71377.560831,71377.560845
1789037919.6459,timeline,3,-1,21672,1226.0,0.0,1227.0,2575.617,,,,,71377.195394,71377.29294,71377.561849,71377.561849,71377.561865
1789037919.8024,timeline,2,-1,21671,1227.0,0.0,1228.0,0.106,,,,,71377.561352,71377.697871,71377.718265,71377.718265,71377.718279
1789037919.8019,timeline,3,-1,21672,1227.0,0.0,1228.0,0.258,,,,,71377.562309,71377.697334,71377.717772,71377.717772,71377.717785
1789037919.8021,timeline,0,-1,21669,1227.0,0.0,1228.0,0.167,,,,,71377.57054,71377.697736,71377.718058,71377.718058,71377.718072
1789037919.8026,timeline,1,-1,21670,1227.0,0.0,1228.0,0.103,,,,,71377.60915,71377.697685,71377.718502,71377.718502,71377.718515
1789037921.841,timeline,0,-1,21669,1228.0,0.0,1229.0,0.143,,,,,71377.718627,71379.735368,71379.756956,71379.756956,71379.756975
1789037921.8681,timeline,2,-1,21671,1228.0,0.0,1229.0,0.11,,,,,71377.718718,71379.735252,71379.784026,71379.784026,71379.784042
1789037921.8392,timeline,1,-1,21670,1228.0,0.0,1229.0,0.083,,,,,71377.718837,71379.73549,71379.75509,71379.75509,71379.755108
1789037921.8408,timeline,3,-1,21672,1228.0,0.0,1229.0,1926.64,,,,,71379.644664,71379.73442,71379.756722,71379.756722,71379.756746
1789037922.2355,timeline,1,-1,21670,1229.0,0.0,1230.0,0.116,,,,,71379.755526,71379.908521,71380.151396,71380.151396,71380.151407
1789037922.2494,timeline,3,-1,21672,1229.0,0.0,1230.0,0.122,,,,,71379.757306,71379.908301,71380.165349,71380.165349,71380.165361
1789037922.2502,timeline,0,-1,21669,1229.0,0.0,1230.0,0.149,,,,,71379.75742,71379.908185,71380.166152,71380.166152,71380.166162
1789037922.2436,timeline,2,-1,21671,1229.0,0.0,1230.0,0.105,,,,,71379.7844,71379.908189,71380.159534,71380.159534,71380.15955
1789037924.3337,timeline,1,-1,21670,1230.0,0.0,1231.0,0.075,,,,,71380.151762,71382.229629,71382.24958,71382.24958,71382.249599
1789037924.3225,timeline,2,-1,21671,1230.0,0.0,1231.0,0.099,,,,,71380.159936,71382.216449,71382.238364,71382.238364,71382.23838
1789037924.3136,timeline,0,-1,21669,1230.0,0.0,1231.0,0.152,,,,,71380.166588,71382.208084,71382.229544,71382.229544,71382.229569
1789037924.3135,timeline,3,-1,21672,1230.0,0.0,1231.0,1942.372,,,,,71382.10799,71382.207941,71382.229439,71382.229439,71382.229465
1789037924.5082,timeline,3,-1,21672,1231.0,0.0,1232.0,0.099,,,,,71382.229893,71382.402284,71382.4241,71382.4241,71382.424114
1789037924.5049,timeline,0,-1,21669,1231.0,0.0,1232.0,0.158,,,,,71382.230029,71382.400508,71382.420777,71382.420777,71382.420794
1789037924.5088,timeline,2,-1,21671,1231.0,0.0,1232.0,0.12,,,,,71382.238678,71382.404334,71382.424726,71382.424726,71382.424745
1789037924.5044,timeline,1,-1,21670,1231.0,0.0,1232.0,0.121,,,,,71382.250041,71382.400686,71382.420335,71382.420335,71382.420348
1789037926.8996,timeline,1,-1,21670,1232.0,0.0,1233.0,0.082,,,,,71382.420691,71384.547176,71384.815551,71384.815551,71384.815564
1789037926.8918,timeline,0,-1,21669,1232.0,0.0,1233.0,0.141,,,,,71382.421194,71384.546895,71384.807715,71384.807715,71384.807729
1789037926.8927,timeline,2,-1,21671,1232.0,0.0,1233.0,0.122,,,,,71382.425144,71384.547642,71384.808566,71384.808566,71384.808578
1789037926.9036,timeline,3,-1,21672,1232.0,0.0,1233.0,2002.114,,,,,71384.426688,71384.552444,71384.81954,71384.81954,71384.819552
1789037927.012,timeline,0,-1,21669,1233.0,0.0,1234.0,0.184,,,,,71384.808305,71384.907497,71384.927913,71384.927913,71384.927927
1789037927.0319,timeline,2,-1,21671,1233.0,0.0,1234.0,0.123,,,,,71384.809068,71384.927526,71384.947809,71384.947809,71384.947821
1789037927.011,timeline,1,-1,21670,1233.0,0.0,1234.0,0.156,,,,,71384.816526,71384.907259,71384.92694,71384.92694,71384.926952
1789037927.0189,timeline,3,-1,21672,1233.0,0.0,1234.0,0.081,,,,,71384.819938,71384.913546,71384.934806,71384.934806,71384.934822
1789037929.3699,timeline,1,-1,21670,1234.0,0.0,1235.0,0.089,,,,,71384.927184,71387.26635,71387.285771,71387.285771,71387.285785
1789037929.3704,timeline,0,-1,21669,1234.0,0.0,1235.0,0.152,,,,,71384.928212,71387.266231,71387.286347,71387.286347,71387.286363
1789037929.3709,timeline,2,-1,21671,1234.0,0.0,1235.0,0.099,,,,,71384.948167,71387.266581,71387.286774,71387.286774,71387.286788
1789037929.3715,timeline,3,-1,21672,1234.0,0.0,1235.0,2241.574,,,,,71387.176658,71387.266636,71387.287409,71387.287409,71387.287423
1789037929.8125,timeline,1,-1,21670,1235.0,0.0,1236.0,0.106,,,,,71387.286152,71387.438658,71387.728445,71387.728445,71387.728457
1789037929.7716,timeline,0,-1,21669,1235.0,0.0,1236.0,0.135,,,,,71387.286781,71387.438064,71387.687554,71387.687554,71387.687566
1789037929.7772,timeline,2,-1,21671,1235.0,0.0,1236.0,0.107,,,,,71387.287203,71387.438563,71387.693101,71387.693101,71387.693111
1789037929.7845,timeline,3,-1,21672,1235.0,0.0,1236.0,0.095,,,,,71387.287798,71387.439109,71387.700428,71387.700428,71387.700446
1789037931.6275,timeline,0,-1,21669,1236.0,0.0,1237.0,0.11,,,,,71387.687933,71389.514455,71389.543376,71389.543376,71389.54339
1789037931.618,timeline,2,-1,21671,1236.0,0.0,1237.0,0.084,,,,,71387.693455,71389.512742,71389.533879,71389.533879,71389.533895
1789037931.6214,timeline,1,-1,21670,1236.0,0.0,1237.0,0.076,,,,,71387.728834,71389.514934,71389.537293,71389.537293,71389.537313
1789037931.6192,timeline,3,-1,21672,1236.0,0.0,1237.0,1724.517,,,,,71389.425216,71389.514291,71389.535135,71389.535135,71389.535149
1789037931.7938,timeline,2,-1,21671,1237.0,0.0,1238.0,0.109,,,,,71389.534166,71389.687075,71389.709722,71389.709722,71389.709741
1789037931.7922,timeline,3,-1,21672,1237.0,0.0,1238.0,0.091,,,,,71389.535382,71389.687675,71389.708136,71389.708136,71389.70815
1789037931.8031,timeline,1,-1,21670,1237.0,0.0,1238.0,0.138,,,,,71389.537758,71389.698226,71389.719034,71389.719034,71389.719052
1789037931.8025,timeline,0,-1,21669,1237.0,0.0,1238.0,0.131,,,,,71389.543798,71389.686533,71389.718384,71389.718384,71389.718406
1789037933.7935,timeline,2,-1,21671,1238.0,0.0,1239.0,0.131,,,,,71389.710054,71391.447888,71391.709403,71391.709403,71391.709414
1789037933.7901,timeline,0,-1,21669,1238.0,0.0,1239.0,0.171,,,,,71389.718764,71391.44923,71391.705982,71391.705982,71391.705994
1789037933.8765,timeline,1,-1,21670,1238.0,0.0,1239.0,0.088,,,,,71389.719292,71391.449168,71391.792429,71391.792429,71391.792441
1789037933.7904,timeline,3,-1,21672,1238.0,0.0,1239.0,1651.923,,,,,71391.360356,71391.450458,71391.706273,71391.706273,71391.70629
1789037934.0113,timeline,0,-1,21669,1239.0,0.0,1240.0,0.131,,,,,71391.706403,71391.905588,71391.9272,71391.9272,71391.927218
1789037934.0102,timeline,3,-1,21672,1239.0,0.0,1240.0,0.08,,,,,71391.706694,71391.905378,71391.926151,71391.926151,71391.926168
1789037934.0335,timeline,2,-1,21671,1239.0,0.0,1240.0,0.091,,,,,71391.70966,71391.905746,71391.949373,71391.949373,71391.949393
1789037934.0155,timeline,1,-1,21670,1239.0,0.0,1240.0,0.09,,,,,71391.792886,71391.910863,71391.931416,71391.931416,71391.931432
1789037935.4829,timeline,0,-1,21669,1240.0,0.0,1241.0,0.138,,,,,71391.927609,71393.304209,71393.388589,71393.388589,71393.398807
1789037935.4786,timeline,1,-1,21670,1240.0,0.0,1241.0,0.104,,,,,71391.931802,71393.304044,71393.388565,71393.388565,71393.394532
1789037935.4786,timeline,2,-1,21671,1240.0,0.0,1241.0,0.108,,,,,71391.949771,71393.304375,71393.388587,71393.388587,71393.394565
1789037935.4786,timeline,3,-1,21672,1240.0,0.0,1241.0,1286.62,,,,,71393.213229,71393.303395,71393.388539,71393.388539,71393.394536
1789037935.8368,timeline,3,-1,21672,1241.0,0.0,1242.0,0.096,,,,,71393.394894,71393.488147,71393.752718,71393.752718,71393.752733
1789037935.8598,timeline,1,-1,21670,1241.0,0.0,1242.0,0.114,,,,,71393.394927,71393.487726,71393.775678,71393.775678,71393.775691
1789037935.8389,timeline,2,-1,21671,1241.0,0.0,1242.0,0.191,,,,,71393.39511,71393.488437,71393.754847,71393.754847,71393.754863
1789037935.8271,timeline,0,-1,21669,1241.0,0.0,1242.0,0.189,,,,,71393.399248,71393.488781,71393.743009,71393.743009,71393.743022
1789037937.8926,timeline,0,-1,21669,1242.0,0.0,1243.0,0.113,,,,,71393.743414,71395.786094,71395.80854,71395.80854,71395.808559
1789037937.8967,timeline,2,-1,21671,1242.0,0.0,1243.0,0.108,,,,,71393.755261,71395.787565,71395.812592,71395.812592,71395.812615
1789037937.8932,timeline,1,-1,21670,1242.0,0.0,1243.0,0.095,,,,,71393.77594,71395.787681,71395.809126,71395.809126,71395.809149
1789037937.8906,timeline,3,-1,21672,1242.0,0.0,1243.0,1945.238,,,,,71395.698211,71395.785744,71395.806521,71395.806521,71395.806534
1789037938.0628,timeline,3,-1,21672,1243.0,0.0,1244.0,0.089,,,,,71395.806897,71395.958593,71395.978744,71395.978744,71395.978754
1789037938.0634,timeline,0,-1,21669,1243.0,0.0,1244.0,0.162,,,,,71395.809036,71395.95946,71395.979281,71395.979281,71395.979296
1789037938.066,timeline,1,-1,21670,1243.0,0.0,1244.0,0.135,,,,,71395.8096,71395.960389,71395.981911,71395.981911,71395.981926
1789037938.0652,timeline,2,-1,21671,1243.0,0.0,1244.0,0.16,,,,,71395.813185,71395.959488,71395.981067,71395.981067,71395.981081
1789037940.2987,timeline,0,-1,21669,1244.0,0.0,1245.0,0.136,,,,,71395.979696,71397.95548,71398.214623,71398.214623,71398.214636
1789037940.2945,timeline,2,-1,21671,1244.0,0.0,1245.0,0.114,,,,,71395.981341,71397.955184,71398.210364,71398.210364,71398.210382
1789037940.3319,timeline,1,-1,21670,1244.0,0.0,1245.0,0.101,,,,,71395.982372,71397.955356,71398.247804,71398.247804,71398.247819
1789037940.2916,timeline,3,-1,21672,1244.0,0.0,1245.0,1888.06,,,,,71397.867087,71397.955338,71398.207515,71398.207515,71398.207534
1789037940.4444,timeline,3,-1,21672,1245.0,0.0,1246.0,0.088,,,,,71398.207957,71398.336179,71398.360327,71398.360327,71398.360349
1789037940.4439,timeline,2,-1,21671,1245.0,0.0,1246.0,0.104,,,,,71398.210795,71398.338238,71398.359835,71398.359835,71398.359853
1789037940.4763,timeline,0,-1,21669,1245.0,0.0,1246.0,0.147,,,,,71398.215086,71398.339233,71398.392241,71398.392241,71398.392261
1789037940.4415,timeline,1,-1,21670,1245.0,0.0,1246.0,0.175,,,,,71398.248182,71398.336071,71398.357373,71398.357373,71398.357393
1789037943.1963,timeline,1,-1,21670,1246.0,0.0,1247.0,0.167,,,,,71398.357935,71401.091152,71401.112214,71401.112214,71401.11223
1789037943.1952,timeline,2,-1,21671,1246.0,0.0,1247.0,0.136,,,,,71398.360273,71401.090818,71401.111121,71401.111121,71401.111136
1789037943.1955,timeline,0,-1,21669,1246.0,0.0,1247.0,0.175,,,,,71398.392755,71401.090814,71401.111418,71401.111418,71401.111436
1789037943.1942,timeline,3,-1,21672,1246.0,0.0,1247.0,2641.471,,,,,71401.002079,71401.089559,71401.110078,71401.110078,71401.110094
1789037943.6086,timeline,3,-1,21672,1247.0,0.0,1248.0,0.094,,,,,71401.110483,71401.262555,71401.52448,71401.52448,71401.524491
1789037943.6309,timeline,2,-1,21671,1247.0,0.0,1248.0,0.113,,,,,71401.111536,71401.266399,71401.546821,71401.546821,71401.546831
1789037943.6076,timeline,0,-1,21669,1247.0,0.0,1248.0,0.173,,,,,71401.111933,71401.263347,71401.523477,71401.523477,71401.523491
1789037943.6414,timeline,1,-1,21670,1247.0,0.0,1248.0,0.128,,,,,71401.11253,71401.263609,71401.557339,71401.557339,71401.55735
1789037945.4795,timeline,0,-1,21669,1248.0,0.0,1249.0,0.134,,,,,71401.523791,71403.374537,71403.395369,71403.395369,71403.395387
1789037945.5039,timeline,2,-1,21671,1248.0,0.0,1249.0,0.094,,,,,71401.547345,71403.374927,71403.419797,71403.419797,71403.419813
1789037945.4796,timeline,1,-1,21670,1248.0,0.0,1249.0,0.075,,,,,71401.557688,71403.374245,71403.395477,71403.395477,71403.395492
1789037945.4784,timeline,3,-1,21672,1248.0,0.0,1249.0,1760.842,,,,,71403.285576,71403.373088,71403.394306,71403.394306,71403.394321
1789037945.6757,timeline,3,-1,21672,1249.0,0.0,1250.0,0.091,,,,,71403.394701,71403.567925,71403.591608,71403.591608,71403.591628
1789037945.6716,timeline,0,-1,21669,1249.0,0.0,1250.0,0.16,,,,,71403.395836,71403.567274,71403.587507,71403.587507,71403.587523
1789037945.6726,timeline,1,-1,21670,1249.0,0.0,1250.0,0.104,,,,,71403.395857,71403.567896,71403.588515,71403.588515,71403.58853
1789037945.6712,timeline,2,-1,21671,1249.0,0.0,1250.0,0.104,,,,,71403.420283,71403.56661,71403.587098,71403.587098,71403.587115
1789037948.2298,timeline,2,-1,21671,1250.0,0.0,1251.0,0.129,,,,,71403.587511,71405.895951,71406.145711,71406.145711,71406.145724
1789037948.2089,timeline,0,-1,21669,1250.0,0.0,1251.0,0.151,,,,,71403.587932,71405.871299,71406.124825,71406.124825,71406.124837
1789037948.1977,timeline,1,-1,21670,1250.0,0.0,1251.0,0.115,,,,,71403.588799,71405.868911,71406.113592,71406.113592,71406.113603
1789037948.2021,timeline,3,-1,21672,1250.0,0.0,1251.0,2190.77,,,,,71405.782676,71405.870521,71406.118031,71406.118031,71406.118047
1789037948.378,timeline,1,-1,21670,1251.0,0.0,1252.0,0.082,,,,,71406.113969,71406.274629,71406.293908,71406.293908,71406.29392
1789037948.3739,timeline,3,-1,21672,1251.0,0.0,1252.0,0.114,,,,,71406.118508,71406.2687,71406.289806,71406.289806,71406.289823
1789037948.3724,timeline,0,-1,21669,1251.0,0.0,1252.0,0.183,,,,,71406.125407,71406.268096,71406.288362,71406.288362,71406.288374
1789037948.3727,timeline,2,-1,21671,1251.0,0.0,1252.0,0.107,,,,,71406.146127,71406.268045,71406.28861,71406.28861,71406.288621
1789037950.1085,timeline,0,-1,21669,1252.0,0.0,1253.0,0.128,,,,,71406.28864,71408.002791,71408.024369,71408.024369,71408.024387
1789037950.1037,timeline,2,-1,21671,1252.0,0.0,1253.0,0.101,,,,,71406.288927,71407.99686,71408.019622,71408.019622,71408.019641
1789037950.101,timeline,1,-1,21670,1252.0,0.0,1253.0,0.091,,,,,71406.294275,71407.997279,71408.016917,71408.016917,71408.016932
1789037950.1024,timeline,3,-1,21672,1252.0,0.0,1253.0,1616.409,,,,,71407.906515,71407.997354,71408.018333,71408.018333,71408.01835
1789037950.5001,timeline,1,-1,21670,1253.0,0.0,1254.0,0.1,,,,,71408.017296,71408.174384,71408.416038,71408.416038,71408.41605
1789037950.5092,timeline,3,-1,21672,1253.0,0.0,1254.0,0.099,,,,,71408.018763,71408.174996,71408.425113,71408.425113,71408.425127
1789037950.5182,timeline,2,-1,21671,1253.0,0.0,1254.0,0.129,,,,,71408.020122,71408.17368,71408.434123,71408.434123,71408.434137
1789037950.5168,timeline,0,-1,21669,1253.0,0.0,1254.0,0.169,,,,,71408.024848,71408.174584,71408.432679,71408.432679,71408.432692
1789037952.3726,timeline,1,-1,21670,1254.0,0.0,1255.0,0.087,,,,,71408.416407,71410.268924,71410.288468,71410.288468,71410.288483
1789037952.3734,timeline,0,-1,21669,1254.0,0.0,1255.0,0.137,,,,,71408.433078,71410.268443,71410.289353,71410.289353,71410.289368
1789037952.3733,timeline,2,-1,21671,1254.0,0.0,1255.0,0.124,,,,,71408.434437,71410.268631,71410.289161,71410.289161,71410.289177
1789037952.3728,timeline,3,-1,21672,1254.0,0.0,1255.0,1753.911,,,,,71410.179296,71410.268104,71410.28867,71410.28867,71410.288684
1789037952.5449,timeline,1,-1,21670,1255.0,0.0,1256.0,0.108,,,,,71410.288858,71410.44178,71410.460769,71410.460769,71410.460784
1789037952.5454,timeline,3,-1,21672,1255.0,0.0,1256.0,0.095,,,,,71410.289073,71410.441695,71410.461293,71410.461293,71410.461305
1789037952.5448,timeline,0,-1,21669,1255.0,0.0,1256.0,0.146,,,,,71410.289669,71410.441113,71410.460732,71410.460732,71410.460746
1789037952.5449,timeline,2,-1,21671,1255.0,0.0,1256.0,0.121,,,,,71410.289739,71410.441094,71410.460809,71410.460809,71410.460822
1789037955.2594,timeline,0,-1,21669,1256.0,0.0,1257.0,0.125,,,,,71410.461223,71412.915726,71413.175273,71413.175273,71413.175284
1789037955.2545,timeline,2,-1,21671,1256.0,0.0,1257.0,0.101,,,,,71410.461224,71412.916052,71413.170445,71413.170445,71413.170456
1789037955.2929,timeline,1,-1,21670,1256.0,0.0,1257.0,0.093,,,,,71410.461279,71412.915126,71413.208843,71413.208843,71413.208854
1789037955.2503,timeline,3,-1,21672,1256.0,0.0,1257.0,2366.429,,,,,71412.827946,71412.916199,71413.166202,71413.166202,71413.166213
1789037955.4008,timeline,3,-1,21672,1257.0,0.0,1258.0,0.076,,,,,71413.166584,71413.296313,71413.316681,71413.316681,71413.316691
1789037955.4012,timeline,2,-1,21671,1257.0,0.0,1258.0,0.094,,,,,71413.170835,71413.29687,71413.317122,71413.317122,71413.317134
1789037955.4009,timeline,0,-1,21669,1257.0,0.0,1258.0,0.128,,,,,71413.175693,71413.296642,71413.316815,71413.316815,71413.316827
1789037955.4002,timeline,1,-1,21670,1257.0,0.0,1258.0,0.21,,,,,71413.209282,71413.29685,71413.316083,71413.316083,71413.316096
1789037957.9258,timeline,1,-1,21670,1258.0,0.0,1259.0,0.099,,,,,71413.316466,71415.822249,71415.841717,71415.841717,71415.841736
1789037957.9249,timeline,0,-1,21669,1258.0,0.0,1259.0,0.126,,,,,71413.317144,71415.819958,71415.840777,71415.840777,71415.840799
1789037957.9249,timeline,2,-1,21671,1258.0,0.0,1259.0,0.1,,,,,71413.317444,71415.82048,71415.840827,71415.840827,71415.840844
1789037957.9252,timeline,3,-1,21672,1258.0,0.0,1259.0,2415.727,,,,,71415.732623,71415.820312,71415.841093,71415.841093,71415.841108
1789037958.3338,timeline,2,-1,21671,1259.0,0.0,1260.0,0.109,,,,,71415.841103,71415.994447,71416.249698,71416.249698,71416.249709
1789037958.3354,timeline,0,-1,21669,1259.0,0.0,1260.0,0.146,,,,,71415.841104,71415.993872,71416.251355,71416.251355,71416.251365
1789037958.3605,timeline,3,-1,21672,1259.0,0.0,1260.0,0.097,,,,,71415.841372,71415.993919,71416.276454,71416.276454,71416.276465
1789037958.3348,timeline,1,-1,21670,1259.0,0.0,1260.0,0.144,,,,,71415.842046,71415.994277,71416.25071,71416.25071,71416.250721
1789037960.2345,timeline,2,-1,21671,1260.0,0.0,1261.0,0.086,,,,,71416.250063,71418.059067,71418.144155,71418.144155,71418.150464
1789037960.2346,timeline,1,-1,21670,1260.0,0.0,1261.0,0.091,,,,,71416.251088,71418.061295,71418.144165,71418.144165,71418.150551
1789037960.2395,timeline,0,-1,21669,1260.0,0.0,1261.0,0.118,,,,,71416.251709,71418.05859,71418.144181,71418.144181,71418.155438
1789037960.2348,timeline,3,-1,21672,1260.0,0.0,1261.0,1692.876,,,,,71417.969591,71418.05904,71418.144215,71418.144215,71418.150752
1789037960.3473,timeline,2,-1,21671,1261.0,0.0,1262.0,0.132,,,,,71418.150772,71418.242739,71418.263195,71418.263195,71418.263209
1789037960.4097,timeline,1,-1,21670,1261.0,0.0,1262.0,0.143,,,,,71418.151084,71418.27563,71418.325594,71418.325594,71418.325611
1789037960.356,timeline,3,-1,21672,1261.0,0.0,1262.0,0.172,,,,,71418.151208,71418.246559,71418.27187,71418.27187,71418.271886
1789037960.3468,timeline,0,-1,21669,1261.0,0.0,1262.0,0.263,,,,,71418.155842,71418.242778,71418.26267,71418.26267,71418.262686
1789037962.7235,timeline,0,-1,21669,1262.0,0.0,1263.0,0.136,,,,,71418.262975,71420.387642,71420.639403,71420.639403,71420.639413
1789037962.723,timeline,2,-1,21671,1262.0,0.0,1263.0,0.089,,,,,71418.263531,71420.387118,71420.638874,71420.638874,71420.638888
1789037962.757,timeline,1,-1,21670,1262.0,0.0,1263.0,0.117,,,,,71418.326024,71420.387895,71420.672933,71420.672933,71420.672944
1789037962.7232,timeline,3,-1,21672,1262.0,0.0,1263.0,2027.643,,,,,71420.299792,71420.388059,71420.63914,71420.63914,71420.639151
1789037962.8653,timeline,2,-1,21671,1263.0,0.0,1264.0,0.098,,,,,71420.639161,71420.760868,71420.78119,71420.78119,71420.781203
1789037962.8654,timeline,3,-1,21672,1263.0,0.0,1264.0,0.082,,,,,71420.639541,71420.760272,71420.781333,71420.781333,71420.781344
1789037962.8648,timeline,0,-1,21669,1263.0,0.0,1264.0,0.118,,,,,71420.639811,71420.760783,71420.780761,71420.780761,71420.780773
1789037962.865,timeline,1,-1,21670,1263.0,0.0,1264.0,0.085,,,,,71420.673311,71420.76065,71420.780957,71420.780957,71420.780969
1789037965.0893,timeline,0,-1,21669,1264.0,0.0,1265.0,0.136,,,,,71420.781163,71422.975392,71423.005241,71423.005241,71423.005259
1789037965.079,timeline,1,-1,21670,1264.0,0.0,1265.0,0.097,,,,,71420.781332,71422.973727,71422.994956,71422.994956,71422.994969
1789037965.0796,timeline,2,-1,21671,1264.0,0.0,1265.0,0.107,,,,,71420.781541,71422.9742,71422.995504,71422.995504,71422.99552
1789037965.084,timeline,3,-1,21672,1264.0,0.0,1265.0,2104.482,,,,,71422.886064,71422.974356,71422.999877,71422.999877,71422.999899
1789037965.5313,timeline,1,-1,21670,1265.0,0.0,1266.0,0.103,,,,,71422.995352,71423.148557,71423.447196,71423.447196,71423.44721
1789037965.4976,timeline,2,-1,21671,1265.0,0.0,1266.0,0.114,,,,,71422.99591,71423.149146,71423.413468,71423.413468,71423.413485
1789037965.4921,timeline,3,-1,21672,1265.0,0.0,1266.0,0.116,,,,,71423.000223,71423.149999,71423.407996,71423.407996,71423.408029
1789037965.5524,timeline,0,-1,21669,1265.0,0.0,1266.0,0.15,,,,,71423.005571,71423.179193,71423.468285,71423.468285,71423.468297
1789037967.1063,timeline,2,-1,21671,1266.0,0.0,1267.0,0.108,,,,,71423.413753,71425.001258,71425.022177,71425.022177,71425.022192
1789037967.1064,timeline,1,-1,21670,1266.0,0.0,1267.0,0.095,,,,,71423.447638,71425.001317,71425.022355,71425.022355,71425.022371
1789037967.1067,timeline,0,-1,21669,1266.0,0.0,1267.0,0.127,,,,,71423.468694,71425.00188,71425.022647,71425.022647,71425.022666
1789037967.1045,timeline,3,-1,21672,1266.0,0.0,1267.0,1503.511,,,,,71424.911813,71424.999307,71425.020369,71425.020369,71425.020384
1789037967.2773,timeline,3,-1,21672,1267.0,0.0,1268.0,0.092,,,,,71425.020731,71425.173123,71425.193203,71425.193203,71425.193215
1789037967.2764,timeline,2,-1,21671,1267.0,0.0,1268.0,0.112,,,,,71425.022567,71425.171917,71425.192315,71425.192315,71425.19233
1789037967.2773,timeline,1,-1,21670,1267.0,0.0,1268.0,0.118,,,,,71425.022808,71425.172985,71425.193259,71425.193259,71425.193272
1789037967.2767,timeline,0,-1,21669,1267.0,0.0,1268.0,0.176,,,,,71425.023141,71425.172185,71425.192596,71425.192596,71425.192611
1789037969.3625,timeline,2,-1,21671,1268.0,0.0,1269.0,0.11,,,,,71425.192728,71427.02542,71427.278452,71427.278452,71427.278466
1789037969.3661,timeline,0,-1,21669,1268.0,0.0,1269.0,0.144,,,,,71425.192994,71427.024713,71427.282051,71427.282051,71427.282064
1789037969.365,timeline,1,-1,21670,1268.0,0.0,1269.0,0.105,,,,,71425.193655,71427.022963,71427.280918,71427.280918,71427.280932
1789037969.3619,timeline,3,-1,21672,1268.0,0.0,1269.0,1742.985,,,,,71426.936561,71427.023814,71427.277832,71427.277832,71427.277846
1789037969.4768,timeline,3,-1,21672,1269.0,0.0,1270.0,0.089,,,,,71427.278263,71427.370225,71427.392701,71427.392701,71427.392716
1789037969.4737,timeline,2,-1,21671,1269.0,0.0,1270.0,0.119,,,,,71427.27892,71427.368662,71427.389646,71427.389646,71427.389662
1789037969.4746,timeline,1,-1,21670,1269.0,0.0,1270.0,0.127,,,,,71427.281449,71427.369747,71427.390536,71427.390536,71427.390548
1789037969.4744,timeline,0,-1,21669,1269.0,0.0,1270.0,0.166,,,,,71427.282557,71427.369682,71427.390277,71427.390277,71427.390293
1789037972.2371,timeline,2,-1,21671,1270.0,0.0,1271.0,0.114,,,,,71427.38994,71430.132253,71430.152984,71430.152984,71430.153
1789037972.237,timeline,0,-1,21669,1270.0,0.0,1271.0,0.157,,,,,71427.390601,71430.132338,71430.152912,71430.152912,71430.152929
1789037972.2377,timeline,1,-1,21670,1270.0,0.0,1271.0,0.105,,,,,71427.39079,71430.133034,71430.153587,71430.153587,71430.153601
1789037972.2366,timeline,3,-1,21672,1270.0,0.0,1271.0,2649.95,,,,,71430.042904,71430.131558,71430.152491,71430.152491,71430.152505
1789037972.6474,timeline,3,-1,21672,1271.0,0.0,1272.0,0.094,,,,,71430.15287,71430.31011,71430.5633,71430.5633,71430.563317
1789037972.6407,timeline,2,-1,21671,1271.0,0.0,1272.0,0.115,,,,,71430.153365,71430.305789,71430.556579,71430.556579,71430.556593
1789037972.6659,timeline,0,-1,21669,1271.0,0.0,1272.0,0.155,,,,,71430.15337,71430.305581,71430.581771,71430.581771,71430.581781
1789037972.6713,timeline,1,-1,21670,1271.0,0.0,1272.0,0.108,,,,,71430.153989,71430.305419,71430.587228,71430.587228,71430.587239
1789037974.1349,timeline,2,-1,21671,1272.0,0.0,1273.0,0.083,,,,,71430.556973,71432.029908,71432.050787,71432.050787,71432.050802
1789037974.1352,timeline,0,-1,21669,1272.0,0.0,1273.0,0.127,,,,,71430.582165,71432.030666,71432.051129,71432.051129,71432.051144
1789037974.1347,timeline,1,-1,21670,1272.0,0.0,1273.0,0.084,,,,,71430.587595,71432.029534,71432.050565,71432.050565,71432.050581
1789037974.1337,timeline,3,-1,21672,1272.0,0.0,1273.0,1377.432,,,,,71431.94116,71432.028804,71432.049655,71432.049655,71432.049669
1789037974.3066,timeline,3,-1,21672,1273.0,0.0,1274.0,0.093,,,,,71432.049996,71432.201676,71432.22251,71432.22251,71432.222528
1789037974.3065,timeline,1,-1,21670,1273.0,0.0,1274.0,0.107,,,,,71432.05096,71432.201965,71432.222374,71432.222374,71432.222389
1789037974.3077,timeline,2,-1,21671,1273.0,0.0,1274.0,0.106,,,,,71432.051143,71432.201455,71432.223602,71432.223602,71432.22362
1789037974.309,timeline,0,-1,21669,1273.0,0.0,1274.0,0.166,,,,,71432.051599,71432.2025,71432.22493,71432.22493,71432.224947
1789037976.9223,timeline,1,-1,21670,1274.0,0.0,1275.0,0.106,,,,,71432.222767,71434.577626,71434.838168,71434.838168,71434.838183
1789037976.9399,timeline,2,-1,21671,1274.0,0.0,1275.0,0.1,,,,,71432.224012,71434.576052,71434.855842,71434.855842,71434.855853
1789037976.9392,timeline,0,-1,21669,1274.0,0.0,1275.0,0.163,,,,,71432.225408,71434.601465,71434.855094,71434.855094,71434.855111
1789037976.9307,timeline,3,-1,21672,1274.0,0.0,1275.0,2264.874,,,,,71434.487627,71434.575718,71434.846619,71434.846619,71434.846632
1789037977.0475,timeline,1,-1,21670,1275.0,0.0,1276.0,0.104,,,,,71434.838452,71434.942745,71434.963457,71434.963457,71434.963471
1789037977.0481,timeline,3,-1,21672,1275.0,0.0,1276.0,0.306,,,,,71434.84713,71434.943563,71434.963974,71434.963974,71434.963985
1789037977.0474,timeline,0,-1,21669,1275.0,0.0,1276.0,0.193,,,,,71434.855688,71434.942819,71434.963316,71434.963316,71434.963329
1789037977.0476,timeline,2,-1,21671,1275.0,0.0,1276.0,0.103,,,,,71434.856222,71434.942916,71434.963485,71434.963485,71434.963497
1789037979.181,timeline,0,-1,21669,1276.0,0.0,1277.0,0.139,,,,,71434.963668,71437.075938,71437.096895,71437.096895,71437.096913
1789037979.2036,timeline,2,-1,21671,1276.0,0.0,1277.0,0.092,,,,,71434.963828,71437.098552,71437.11954,71437.11954,71437.119558
1789037979.1812,timeline,1,-1,21670,1276.0,0.0,1277.0,0.114,,,,,71434.96384,71437.075814,71437.097116,71437.097116,71437.09714
1789037979.1861,timeline,3,-1,21672,1276.0,0.0,1277.0,2010.459,,,,,71436.974719,71437.081888,71437.102045,71437.102045,71437.102061
1789037979.6024,timeline,0,-1,21669,1277.0,0.0,1278.0,0.148,,,,,71437.097241,71437.268472,71437.518327,71437.518327,71437.518338
1789037979.6082,timeline,1,-1,21670,1277.0,0.0,1278.0,0.163,,,,,71437.097505,71437.269325,71437.524117,71437.524117,71437.524129
1789037979.6131,timeline,3,-1,21672,1277.0,0.0,1278.0,0.092,,,,,71437.102336,71437.268614,71437.529002,71437.529002,71437.529018
1789037979.6058,timeline,2,-1,21671,1277.0,0.0,1278.0,0.114,,,,,71437.119916,71437.269014,71437.521763,71437.521763,71437.521774
1789037981.8454,timeline,0,-1,21669,1278.0,0.0,1279.0,0.115,,,,,71437.518663,71439.740844,71439.761283,71439.761283,71439.761299
1789037981.8459,timeline,2,-1,21671,1278.0,0.0,1279.0,0.074,,,,,71437.522123,71439.740948,71439.761794,71439.761794,71439.761809
1789037981.8462,timeline,1,-1,21670,1278.0,0.0,1279.0,0.072,,,,,71437.524469,71439.74093,71439.76207,71439.76207,71439.762088
1789037981.8434,timeline,3,-1,21672,1278.0,0.0,1279.0,2121.909,,,,,71439.651166,71439.739429,71439.759347,71439.759347,71439.759363
1789037982.0219,timeline,3,-1,21672,1279.0,0.0,1280.0,0.086,,,,,71439.759689,71439.913517,71439.9378,71439.9378,71439.937818
1789037982.0176,timeline,0,-1,21669,1279.0,0.0,1280.0,0.157,,,,,71439.761714,71439.912418,71439.933528,71439.933528,71439.933548
1789037982.018,timeline,2,-1,21671,1279.0,0.0,1280.0,0.108,,,,,71439.762177,71439.912773,71439.933891,71439.933891,71439.933907
1789037982.0174,timeline,1,-1,21670,1279.0,0.0,1280.0,0.12,,,,,71439.762499,71439.912965,71439.93333,71439.93333,71439.933345
1789037985.3701,timeline,1,-1,21670,1280.0,0.0,1281.0,0.111,,,,,71439.933731,71442.966758,71443.276324,71443.276324,71443.286053
1789037985.3741,timeline,0,-1,21669,1280.0,0.0,1281.0,0.142,,,,,71439.933966,71442.966687,71443.280632,71443.280632,71443.289992
1789037985.3701,timeline,2,-1,21671,1280.0,0.0,1281.0,0.122,,,,,71439.934304,71442.967354,71443.279345,71443.279345,71443.286066
1789037985.3707,timeline,3,-1,21672,1280.0,0.0,1281.0,2939.62,,,,,71442.877698,71442.966719,71443.276811,71443.276811,71443.286647
1789037985.4823,timeline,1,-1,21670,1281.0,0.0,1282.0,0.11,,,,,71443.286419,71443.37724,71443.398187,71443.398187,71443.398201
1789037985.4823,timeline,2,-1,21671,1281.0,0.0,1282.0,0.137,,,,,71443.286509,71443.376736,71443.3982,71443.3982,71443.398213
1789037985.4835,timeline,3,-1,21672,1281.0,0.0,1282.0,0.346,,,,,71443.287225,71443.378342,71443.399448,71443.399448,71443.399465
1789037985.4907,timeline,0,-1,21669,1281.0,0.0,1282.0,0.157,,,,,71443.290374,71443.376825,71443.40658,71443.40658,71443.406592
1789037987.2439,timeline,1,-1,21670,1282.0,0.0,1283.0,0.082,,,,,71443.398647,71445.137726,71445.159829,71445.159829,71445.159847
1789037987.2434,timeline,2,-1,21671,1282.0,0.0,1283.0,0.152,,,,,71443.398781,71445.138166,71445.159273,71445.159273,71445.159295
1789037987.2428,timeline,0,-1,21669,1282.0,0.0,1283.0,0.124,,,,,71443.406909,71445.137537,71445.158671,71445.158671,71445.158692
1789037987.2423,timeline,3,-1,21672,1282.0,0.0,1283.0,1648.324,,,,,71445.04827,71445.138472,71445.158251,71445.158251,71445.158265
1789037987.6551,timeline,3,-1,21672,1283.0,0.0,1284.0,0.09,,,,,71445.158598,71445.323654,71445.571001,71445.571001,71445.571012
1789037987.6662,timeline,0,-1,21669,1283.0,0.0,1284.0,0.149,,,,,71445.159128,71445.330364,71445.582086,71445.582086,71445.582097
1789037987.6615,timeline,2,-1,21671,1283.0,0.0,1284.0,0.151,,,,,71445.159829,71445.32391,71445.577363,71445.577363,71445.577378
1789037987.6802,timeline,1,-1,21670,1283.0,0.0,1284.0,0.149,,,,,71445.160172,71445.323794,71445.596154,71445.596154,71445.596166
1789037989.8799,timeline,2,-1,21671,1284.0,0.0,1285.0,0.09,,,,,71445.577625,71447.774555,71447.795852,71447.795852,71447.795867
1789037989.8799,timeline,0,-1,21669,1284.0,0.0,1285.0,0.122,,,,,71445.58246,71447.774945,71447.795855,71447.795855,71447.795872
1789037989.8986,timeline,1,-1,21670,1284.0,0.0,1285.0,0.315,,,,,71445.596655,71447.793345,71447.814491,71447.814491,71447.814508
1789037989.8765,timeline,3,-1,21672,1284.0,0.0,1285.0,2112.778,,,,,71447.68406,71447.773104,71447.792406,71447.792406,71447.79242
1789037990.0731,timeline,3,-1,21672,1285.0,0.0,1286.0,0.083,,,,,71447.792741,71447.964416,71447.988985,71447.988985,71447.989004
1789037990.069,timeline,2,-1,21671,1285.0,0.0,1286.0,0.126,,,,,71447.796276,71447.964323,71447.984955,71447.984955,71447.98497
1789037990.069,timeline,0,-1,21669,1285.0,0.0,1286.0,0.165,,,,,71447.796281,71447.964188,71447.984947,71447.984947,71447.984963
1789037990.0731,timeline,1,-1,21670,1285.0,0.0,1286.0,0.119,,,,,71447.814788,71447.964513,71447.989006,71447.989006,71447.989025
1789037992.2548,timeline,2,-1,21671,1286.0,0.0,1287.0,0.11,,,,,71447.98532,71449.888325,71450.170705,71450.170705,71450.170716
1789037992.2381,timeline,0,-1,21669,1286.0,0.0,1287.0,0.147,,,,,71447.985336,71449.894093,71450.154019,71450.154019,71450.154031
1789037992.2793,timeline,1,-1,21670,1286.0,0.0,1287.0,0.123,,,,,71447.989459,71449.888682,71450.195201,71450.195201,71450.195215
1789037992.2287,timeline,3,-1,21672,1286.0,0.0,1287.0,1794.227,,,,,71449.783485,71449.888358,71450.144596,71450.144596,71450.144609
1789037992.3928,timeline,3,-1,21672,1287.0,0.0,1288.0,0.075,,,,,71450.144969,71450.283525,71450.308714,71450.308714,71450.308731
1789037992.3875,timeline,0,-1,21669,1287.0,0.0,1288.0,0.148,,,,,71450.154577,71450.28268,71450.303375,71450.303375,71450.303387
1789037992.3879,timeline,2,-1,21671,1287.0,0.0,1288.0,0.086,,,,,71450.17106,71450.283045,71450.303804,71450.303804,71450.303815
1789037992.432,timeline,1,-1,21670,1287.0,0.0,1288.0,0.122,,,,,71450.195633,71450.317102,71450.347951,71450.347951,71450.347968
1789037994.2841,timeline,0,-1,21669,1288.0,0.0,1289.0,0.128,,,,,71450.303727,71452.178207,71452.20003,71452.20003,71452.200044
1789037994.2834,timeline,2,-1,21671,1288.0,0.0,1289.0,0.087,,,,,71450.304289,71452.178517,71452.199284,71452.199284,71452.199302
1789037994.2862,timeline,1,-1,21670,1288.0,0.0,1289.0,0.12,,,,,71450.348385,71452.178006,71452.2021,71452.2021,71452.202114
1789037994.2829,timeline,3,-1,21672,1288.0,0.0,1289.0,1780.229,,,,,71452.089363,71452.178641,71452.198839,71452.198839,71452.198855
1789037994.6808,timeline,3,-1,21672,1289.0,0.0,1290.0,0.093,,,,,71452.199232,71452.35272,71452.596697,71452.596697,71452.596712
1789037994.6869,timeline,2,-1,21671,1289.0,0.0,1290.0,0.114,,,,,71452.19974,71452.353503,71452.60281,71452.60281,71452.602823
1789037994.6918,timeline,0,-1,21669,1289.0,0.0,1290.0,0.152,,,,,71452.200461,71452.351958,71452.607738,71452.607738,71452.607749
1789037994.6865,timeline,1,-1,21670,1289.0,0.0,1290.0,0.104,,,,,71452.202476,71452.350883,71452.602402,71452.602402,71452.602413
1789037996.5501,timeline,1,-1,21670,1290.0,0.0,1291.0,0.091,,,,,71452.602776,71454.442307,71454.466018,71454.466018,71454.466036
1789037996.5471,timeline,2,-1,21671,1290.0,0.0,1291.0,0.088,,,,,71452.60319,71454.442124,71454.463015,71454.463015,71454.46303
1789037996.5469,timeline,0,-1,21669,1290.0,0.0,1291.0,0.14,,,,,71452.608163,71454.442261,71454.462764,71454.462764,71454.462784
1789037996.5461,timeline,3,-1,21672,1290.0,0.0,1291.0,1755.233,,,,,71454.352182,71454.442366,71454.461972,71454.461972,71454.461989
1789037996.7207,timeline,3,-1,21672,1291.0,0.0,1292.0,0.095,,,,,71454.462388,71454.616983,71454.636566,71454.636566,71454.636582
1789037996.7194,timeline,0,-1,21669,1291.0,0.0,1292.0,0.166,,,,,71454.463243,71454.614455,71454.635342,71454.635342,71454.635355
1789037996.7189,timeline,2,-1,21671,1291.0,0.0,1292.0,0.115,,,,,71454.463429,71454.614018,71454.634843,71454.634843,71454.634859
1789037996.7239,timeline,1,-1,21670,1291.0,0.0,1292.0,0.098,,,,,71454.466403,71454.614005,71454.639827,71454.639827,71454.639842
1789037998.8149,timeline,2,-1,21671,1292.0,0.0,1293.0,0.113,,,,,71454.635222,71456.478193,71456.730777,71456.730777,71456.730798
1789037998.815,timeline,0,-1,21669,1292.0,0.0,1293.0,0.137,,,,,71454.635808,71456.477458,71456.730886,71456.730886,71456.730897
1789037998.8093,timeline,1,-1,21670,1292.0,0.0,1293.0,0.117,,,,,71454.640236,71456.478806,71456.725234,71456.725234,71456.725246
1789037998.809,timeline,3,-1,21672,1292.0,0.0,1293.0,1752.94,,,,,71456.38975,71456.478903,71456.724928,71456.724928,71456.72494
1789037998.9262,timeline,3,-1,21672,1293.0,0.0,1294.0,0.095,,,,,71456.725344,71456.819774,71456.84212,71456.84212,71456.842136
1789037998.9273,timeline,1,-1,21670,1293.0,0.0,1294.0,0.243,,,,,71456.725693,71456.81918,71456.84318,71456.84318,71456.843193
1789037998.9251,timeline,2,-1,21671,1293.0,0.0,1294.0,0.228,,,,,71456.731206,71456.819849,71456.841043,71456.841043,71456.841058
1789037998.9251,timeline,0,-1,21669,1293.0,0.0,1294.0,0.142,,,,,71456.731316,71456.819679,71456.840971,71456.840971,71456.840987
1789038000.6108,timeline,0,-1,21669,1294.0,0.0,1295.0,0.14,,,,,71456.841383,71458.506506,71458.52672,71458.52672,71458.526741
1789038000.61,timeline,2,-1,21671,1294.0,0.0,1295.0,0.103,,,,,71456.841403,71458.505041,71458.525942,71458.525942,71458.52596
1789038000.6139,timeline,1,-1,21670,1294.0,0.0,1295.0,0.087,,,,,71456.843561,71458.50599,71458.529852,71458.529852,71458.52987
1789038000.6098,timeline,3,-1,21672,1294.0,0.0,1295.0,1574.638,,,,,71458.417007,71458.506638,71458.525732,71458.525732,71458.525746
1789038001.0244,timeline,3,-1,21672,1295.0,0.0,1296.0,0.086,,,,,71458.526069,71458.678686,71458.940317,71458.940317,71458.940331
1789038001.0199,timeline,2,-1,21671,1295.0,0.0,1296.0,0.122,,,,,71458.526364,71458.678803,71458.935812,71458.935812,71458.935823
1789038001.0173,timeline,0,-1,21669,1295.0,0.0,1296.0,0.166,,,,,71458.527175,71458.678785,71458.93322,71458.93322,71458.933232
1789038001.0056,timeline,1,-1,21670,1295.0,0.0,1296.0,0.104,,,,,71458.530266,71458.679011,71458.921469,71458.921469,71458.921481
1789038003.1076,timeline,1,-1,21670,1296.0,0.0,1297.0,0.119,,,,,71458.921764,71460.999692,71461.023468,71461.023468,71461.023481
1789038003.1135,timeline,0,-1,21669,1296.0,0.0,1297.0,0.129,,,,,71458.933682,71460.999752,71461.029444,71461.029444,71461.029458
1789038003.1045,timeline,2,-1,21671,1296.0,0.0,1297.0,0.076,,,,,71458.936153,71460.999596,71461.020375,71461.020375,71461.020395
1789038003.1018,timeline,3,-1,21672,1296.0,0.0,1297.0,1969.395,,,,,71460.909968,71460.997733,71461.017726,71461.017726,71461.017741
1789038003.2743,timeline,3,-1,21672,1297.0,0.0,1298.0,0.092,,,,,71461.018095,71461.171442,71461.19025,71461.19025,71461.190264
1789038003.2761,timeline,2,-1,21671,1297.0,0.0,1298.0,0.131,,,,,71461.020868,71461.171772,71461.192055,71461.192055,71461.192073
1789038003.2784,timeline,1,-1,21670,1297.0,0.0,1298.0,0.094,,,,,71461.023857,71461.171855,71461.194271,71461.194271,71461.194284
1789038003.2847,timeline,0,-1,21669,1297.0,0.0,1298.0,0.141,,,,,71461.029887,71461.170457,71461.200651,71461.200651,71461.200665
1789038005.7618,timeline,2,-1,21671,1298.0,0.0,1299.0,0.1,,,,,71461.192404,71463.418292,71463.677754,71463.677754,71463.677766
1789038005.7448,timeline,1,-1,21670,1298.0,0.0,1299.0,0.098,,,,,71461.194644,71463.416401,71463.660693,71463.660693,71463.660704
1789038005.8115,timeline,0,-1,21669,1298.0,0.0,1299.0,0.134,,,,,71461.201011,71463.41713,71463.727378,71463.727378,71463.72739
1789038005.7569,timeline,3,-1,21672,1298.0,0.0,1299.0,2138.237,,,,,71463.328704,71463.41594,71463.67278,71463.67278,71463.672793
1789038005.9246,timeline,1,-1,21670,1299.0,0.0,1300.0,0.091,,,,,71463.661083,71463.816658,71463.840493,71463.840493,71463.840506
1789038005.9193,timeline,3,-1,21672,1299.0,0.0,1300.0,0.077,,,,,71463.673144,71463.815802,71463.83526,71463.83526,71463.835276
1789038005.9216,timeline,2,-1,21671,1299.0,0.0,1300.0,0.115,,,,,71463.678219,71463.817062,71463.837526,71463.837526,71463.83754
1789038005.9206,timeline,0,-1,21669,1299.0,0.0,1300.0,0.14,,,,,71463.727815,71463.815839,71463.836488,71463.836488,71463.836501
1789038007.6226,timeline,0,-1,21669,1300.0,0.0,1301.0,0.136,,,,,71463.83679,71465.443727,71465.528127,71465.528127,71465.53851
1789038007.6179,timeline,2,-1,21671,1300.0,0.0,1301.0,0.098,,,,,71463.837898,71465.443206,71465.528107,71465.528107,71465.533807
1789038007.6179,timeline,1,-1,21670,1300.0,0.0,1301.0,0.102,,,,,71463.840878,71465.443403,71465.528147,71465.528147,71465.533823
1789038007.6179,timeline,3,-1,21672,1300.0,0.0,1301.0,1519.093,,,,,71465.354608,71465.443005,71465.528125,71465.528125,71465.533819
1789038007.9601,timeline,3,-1,21672,1301.0,0.0,1302.0,0.11,,,,,71465.534174,71465.626654,71465.876058,71465.876058,71465.87607
1789038007.9583,timeline,1,-1,21670,1301.0,0.0,1302.0,0.12,,,,,71465.534218,71465.625681,71465.874193,71465.874193,71465.874206
1789038007.9634,timeline,2,-1,21671,1301.0,0.0,1302.0,0.136,,,,,71465.534261,71465.62562,71465.879276,71465.879276,71465.879287
1789038007.9633,timeline,0,-1,21669,1301.0,0.0,1302.0,0.149,,,,,71465.53889,71465.625596,71465.879263,71465.879263,71465.879276
1789038010.2299,timeline,1,-1,21670,1302.0,0.0,1303.0,0.089,,,,,71465.874567,71468.118778,71468.145799,71468.145799,71468.145817
1789038010.2226,timeline,2,-1,21671,1302.0,0.0,1303.0,0.075,,,,,71465.879626,71468.117474,71468.138465,71468.138465,71468.138482
1789038010.2228,timeline,0,-1,21669,1302.0,0.0,1303.0,0.123,,,,,71465.879628,71468.118269,71468.138685,71468.138685,71468.1387
1789038010.2206,timeline,3,-1,21672,1302.0,0.0,1303.0,2152.76,,,,,71468.029316,71468.11664,71468.136481,71468.136481,71468.136496
1789038010.3922,timeline,3,-1,21672,1303.0,0.0,1304.0,0.087,,,,,71468.136738,71468.2891,71468.308124,71468.308124,71468.308139
1789038010.394,timeline,2,-1,21671,1303.0,0.0,1304.0,0.121,,,,,71468.138763,71468.289473,71468.309894,71468.309894,71468.309908
1789038010.394,timeline,0,-1,21669,1303.0,0.0,1304.0,0.145,,,,,71468.139095,71468.289849,71468.309895,71468.309895,71468.309908
1789038010.4001,timeline,1,-1,21670,1303.0,0.0,1304.0,0.121,,,,,71468.146092,71468.290107,71468.316028,71468.316028,71468.316044
1789038012.8868,timeline,0,-1,21669,1304.0,0.0,1305.0,0.122,,,,,71468.31026,71470.513308,71470.802758,71470.802758,71470.80277
1789038012.8579,timeline,2,-1,21671,1304.0,0.0,1305.0,0.093,,,,,71468.310261,71470.514545,71470.773795,71470.773795,71470.773811
1789038012.8617,timeline,1,-1,21670,1304.0,0.0,1305.0,0.093,,,,,71468.316416,71470.514616,71470.777646,71470.777646,71470.77766
1789038012.8547,timeline,3,-1,21672,1304.0,0.0,1305.0,2117.038,,,,,71470.425418,71470.515134,71470.770625,71470.770625,71470.770637
1789038013.04,timeline,3,-1,21672,1305.0,0.0,1306.0,0.077,,,,,71470.770991,71470.936422,71470.95594,71470.95594,71470.955953
1789038013.0408,timeline,2,-1,21671,1305.0,0.0,1306.0,0.104,,,,,71470.774255,71470.936127,71470.956703,71470.956703,71470.956716
1789038013.047,timeline,1,-1,21670,1305.0,0.0,1306.0,0.12,,,,,71470.778162,71470.942495,71470.962902,71470.962902,71470.962915
1789038013.0407,timeline,0,-1,21669,1305.0,0.0,1306.0,0.167,,,,,71470.803531,71470.936211,71470.956652,71470.956652,71470.956664
1789038014.3317,timeline,0,-1,21669,1306.0,0.0,1307.0,0.133,,,,,71470.956991,71472.227452,71472.247575,71472.247575,71472.24759
1789038014.3313,timeline,2,-1,21671,1306.0,0.0,1307.0,0.091,,,,,71470.957014,71472.226549,71472.247249,71472.247249,71472.247265
1789038014.3362,timeline,1,-1,21670,1306.0,0.0,1307.0,0.087,,,,,71470.963269,71472.227851,71472.252123,71472.252123,71472.252138
1789038014.3289,timeline,3,-1,21672,1306.0,0.0,1307.0,1182.385,,,,,71472.138583,71472.225574,71472.244822,71472.244822,71472.244835
1789038014.9594,timeline,2,-1,21671,1307.0,0.0,1308.0,0.113,,,,,71472.24766,71472.612418,71472.875293,71472.875293,71472.875306
1789038015.0158,timeline,0,-1,21669,1307.0,0.0,1308.0,0.137,,,,,71472.247981,71472.611932,71472.931714,71472.931714,71472.931725
1789038014.9399,timeline,1,-1,21670,1307.0,0.0,1308.0,0.109,,,,,71472.252544,71472.611653,71472.855851,71472.855851,71472.855863
1789038014.9424,timeline,3,-1,21672,1307.0,0.0,1308.0,279.321,,,,,71472.524371,71472.61274,71472.85836,71472.85836,71472.858375
1789038017.4332,timeline,1,-1,21670,1308.0,0.0,1309.0,0.086,,,,,71472.856237,71475.329235,71475.349114,71475.349114,71475.349131
1789038017.4343,timeline,2,-1,21671,1308.0,0.0,1309.0,0.079,,,,,71472.875678,71475.32919,71475.350214,71475.350214,71475.350227
1789038017.4339,timeline,0,-1,21669,1308.0,0.0,1309.0,0.114,,,,,71472.932,71475.32921,71475.349829,71475.349829,71475.349847
1789038017.4383,timeline,3,-1,21672,1308.0,0.0,1309.0,2366.948,,,,,71475.225548,71475.335164,71475.35425,71475.35425,71475.354264
1789038017.6098,timeline,1,-1,21670,1309.0,0.0,1310.0,0.109,,,,,71475.349497,71475.506308,71475.52568,71475.52568,71475.525693
1789038017.6111,timeline,0,-1,21669,1309.0,0.0,1310.0,0.157,,,,,71475.350265,71475.506285,71475.52696,71475.52696,71475.526981
1789038017.6113,timeline,2,-1,21671,1309.0,0.0,1310.0,0.108,,,,,71475.350473,71475.506623,71475.527167,71475.527167,71475.527181
1789038017.6144,timeline,3,-1,21672,1309.0,0.0,1310.0,0.096,,,,,71475.354581,71475.50773,71475.53034,71475.53034,71475.530359
1789038019.9944,timeline,1,-1,21670,1310.0,0.0,1311.0,0.081,,,,,71475.526019,71477.669842,71477.910335,71477.910335,71477.910346
1789038020.0417,timeline,0,-1,21669,1310.0,0.0,1311.0,0.141,,,,,71475.527406,71477.67279,71477.957571,71477.957571,71477.957582
1789038020.01,timeline,2,-1,21671,1310.0,0.0,1311.0,0.094,,,,,71475.527485,71477.670852,71477.92592,71477.92592,71477.925933
1789038020.0212,timeline,3,-1,21672,1310.0,0.0,1311.0,2052.27,,,,,71477.582957,71477.692574,71477.937133,71477.937133,71477.937146
1789038020.1541,timeline,1,-1,21670,1311.0,0.0,1312.0,0.086,,,,,71477.910692,71478.045047,71478.069985,71478.069985,71478.069999
1789038020.1495,timeline,2,-1,21671,1311.0,0.0,1312.0,0.097,,,,,71477.926298,71478.044941,71478.065399,71478.065399,71478.065413
1789038020.1497,timeline,3,-1,21672,1311.0,0.0,1312.0,0.084,,,,,71477.937468,71478.045144,71478.065661,71478.065661,71478.065676
1789038020.1491,timeline,0,-1,21669,1311.0,0.0,1312.0,0.139,,,,,71477.958013,71478.044661,71478.065025,71478.065025,71478.065039
1789038022.2363,timeline,0,-1,21669,1312.0,0.0,1313.0,0.139,,,,,71478.065412,71480.12207,71480.152153,71480.152153,71480.152172
1789038022.227,timeline,2,-1,21671,1312.0,0.0,1313.0,0.091,,,,,71478.065696,71480.122579,71480.142891,71480.142891,71480.142909
1789038022.2324,timeline,1,-1,21670,1312.0,0.0,1313.0,0.084,,,,,71478.070221,71480.122929,71480.14826,71480.14826,71480.148282
1789038022.2243,timeline,3,-1,21672,1312.0,0.0,1313.0,1967.452,,,,,71480.033361,71480.120861,71480.140252,71480.140252,71480.140267
1789038022.8298,timeline,2,-1,21671,1313.0,0.0,1314.0,0.12,,,,,71480.143306,71480.498875,71480.74574,71480.74574,71480.745753
1789038022.8961,timeline,1,-1,21670,1313.0,0.0,1314.0,0.13,,,,,71480.148573,71480.49751,71480.812014,71480.812014,71480.812027
1789038022.8635,timeline,0,-1,21669,1313.0,0.0,1314.0,0.173,,,,,71480.152653,71480.515504,71480.779414,71480.779414,71480.779428
1789038022.8342,timeline,3,-1,21672,1313.0,0.0,1314.0,269.666,,,,,71480.410151,71480.498821,71480.750089,71480.750089,71480.750101
1789038024.4939,timeline,2,-1,21671,1314.0,0.0,1315.0,0.079,,,,,71480.745993,71482.389051,71482.409781,71482.409781,71482.409795
1789038024.4937,timeline,0,-1,21669,1314.0,0.0,1315.0,0.177,,,,,71480.779921,71482.388972,71482.409592,71482.409592,71482.409607
1789038024.495,timeline,1,-1,21670,1314.0,0.0,1315.0,0.142,,,,,71480.812559,71482.390015,71482.410924,71482.410924,71482.410939
1789038024.4908,timeline,3,-1,21672,1314.0,0.0,1315.0,1549.132,,,,,71482.299485,71482.387337,71482.406729,71482.406729,71482.406742
1789038024.8473,timeline,0,-1,21669,1315.0,0.0,1316.0,0.17,,,,,71482.410121,71482.742489,71482.763219,71482.763219,71482.763237
1789038024.8482,timeline,2,-1,21671,1315.0,0.0,1316.0,0.116,,,,,71482.4103,71482.743066,71482.764093,71482.764093,71482.764108
1789038024.8763,timeline,1,-1,21670,1315.0,0.0,1316.0,0.11,,,,,71482.411305,71482.772624,71482.792181,71482.792181,71482.792204
1789038024.8457,timeline,3,-1,21672,1315.0,0.0,1316.0,248.242,,,,,71482.65518,71482.742348,71482.761635,71482.761635,71482.761649
1789038026.5787,timeline,0,-1,21669,1316.0,0.0,1317.0,0.15,,,,,71482.763675,71484.201669,71484.494584,71484.494584,71484.494595
1789038026.5423,timeline,2,-1,21671,1316.0,0.0,1317.0,0.095,,,,,71482.764445,71484.20152,71484.458245,71484.458245,71484.458258
1789038026.5498,timeline,1,-1,21670,1316.0,0.0,1317.0,0.096,,,,,71482.792613,71484.201134,71484.465719,71484.465719,71484.46573
1789038026.5482,timeline,3,-1,21672,1316.0,0.0,1317.0,1351.781,,,,,71484.113636,71484.201702,71484.46412,71484.46412,71484.464133
1789038027.235,timeline,2,-1,21671,1317.0,0.0,1318.0,0.107,,,,,71484.458524,71485.130283,71485.150872,71485.150872,71485.150887
1789038027.236,timeline,1,-1,21670,1317.0,0.0,1318.0,0.102,,,,,71484.466099,71485.128975,71485.151863,71485.151863,71485.151882
1789038027.2351,timeline,0,-1,21669,1317.0,0.0,1318.0,0.129,,,,,71484.495005,71485.130164,71485.151057,71485.151057,71485.151074
1789038027.2343,timeline,3,-1,21672,1317.0,0.0,1318.0,576.712,,,,,71485.041059,71485.130694,71485.150203,71485.150203,71485.150216
1789038028.4365,timeline,2,-1,21671,1318.0,0.0,1319.0,0.101,,,,,71485.151244,71486.33203,71486.352368,71486.352368,71486.352389
1789038028.4367,timeline,0,-1,21669,1318.0,0.0,1319.0,0.146,,,,,71485.151487,71486.332467,71486.352658,71486.352658,71486.352673
1789038028.4367,timeline,1,-1,21670,1318.0,0.0,1319.0,0.121,,,,,71485.152181,71486.332028,71486.35259,71486.35259,71486.352605
1789038028.4353,timeline,3,-1,21672,1318.0,0.0,1319.0,1093.603,,,,,71486.244038,71486.332059,71486.3512,71486.3512,71486.351214
1789038029.8171,timeline,2,-1,21671,1319.0,0.0,1320.0,0.124,,,,,71486.352689,71487.48297,71487.73299,71487.73299,71487.733004
1789038029.8838,timeline,1,-1,21670,1319.0,0.0,1320.0,0.117,,,,,71486.35287,71487.481338,71487.799729,71487.799729,71487.799741
1789038029.8236,timeline,0,-1,21669,1319.0,0.0,1320.0,0.139,,,,,71486.352962,71487.48295,71487.739506,71487.739506,71487.739516
1789038029.8188,timeline,3,-1,21672,1319.0,0.0,1320.0,1043.235,,,,,71487.394651,71487.48305,71487.734741,71487.734741,71487.734757
1789038031.1652,timeline,2,-1,21671,1320.0,0.0,1321.0,0.084,,,,,71487.73336,71488.986859,71489.075396,71489.075396,71489.08111
1789038031.1693,timeline,0,-1,21669,1320.0,0.0,1321.0,0.131,,,,,71487.73993,71488.992884,71489.075401,71489.075401,71489.085181
1789038031.1653,timeline,1,-1,21670,1320.0,0.0,1321.0,0.09,,,,,71487.80032,71488.986818,71489.075444,71489.075444,71489.081194
1789038031.1652,timeline,3,-1,21672,1320.0,0.0,1321.0,1144.162,,,,,71488.879178,71488.98709,71489.07539,71489.07539,71489.0811
1789038031.9602,timeline,2,-1,21671,1321.0,0.0,1322.0,0.111,,,,,71489.081468,71489.856843,71489.876101,71489.876101,71489.876116
1789038031.96,timeline,1,-1,21670,1321.0,0.0,1322.0,0.118,,,,,71489.081553,71489.856905,71489.875957,71489.875957,71489.875969
1789038031.9612,timeline,0,-1,21669,1321.0,0.0,1322.0,0.141,,,,,71489.08557,71489.857187,71489.877132,71489.877132,71489.877147
1789038031.9603,timeline,3,-1,21672,1321.0,0.0,1322.0,687.661,,,,,71489.768961,71489.856816,71489.876201,71489.876201,71489.876218
1789038033.5953,timeline,1,-1,21670,1322.0,0.0,1323.0,0.097,,,,,71489.876217,71491.255209,71491.511257,71491.511257,71491.511268
1789038033.6142,timeline,2,-1,21671,1322.0,0.0,1323.0,0.087,,,,,71489.876454,71491.256491,71491.530104,71491.530104,71491.530121
1789038033.6389,timeline,0,-1,21669,1322.0,0.0,1323.0,0.144,,,,,71489.877558,71491.260097,71491.554834,71491.554834,71491.554847
1789038033.5972,timeline,3,-1,21672,1322.0,0.0,1323.0,1289.781,,,,,71491.16641,71491.256991,71491.513071,71491.513071,71491.513082
1789038034.245,timeline,1,-1,21670,1323.0,0.0,1324.0,0.085,,,,,71491.511699,71492.138616,71492.160895,71492.160895,71492.16091
1789038034.2418,timeline,2,-1,21671,1323.0,0.0,1324.0,0.115,,,,,71491.530574,71492.138521,71492.157673,71492.157673,71492.157687
1789038034.2527,timeline,0,-1,21669,1323.0,0.0,1324.0,0.174,,,,,71491.555351,71492.138632,71492.168563,71492.168563,71492.168578
1789038034.2437,timeline,3,-1,21672,1323.0,0.0,1324.0,536.907,,,,,71492.050203,71492.13919,71492.159648,71492.159648,71492.159669
1789038035.9032,timeline,2,-1,21671,1324.0,0.0,1325.0,0.088,,,,,71492.158045,71493.799157,71493.81908,71493.81908,71493.819096
1789038035.9041,timeline,1,-1,21670,1324.0,0.0,1325.0,0.11,,,,,71492.161296,71493.799859,71493.819989,71493.819989,71493.820022
1789038035.9158,timeline,0,-1,21669,1324.0,0.0,1325.0,0.146,,,,,71492.168986,71493.801447,71493.831739,71493.831739,71493.831764
1789038035.9029,timeline,3,-1,21672,1324.0,0.0,1325.0,1548.872,,,,,71493.70878,71493.79901,71493.818788,71493.818788,71493.818802
1789038036.7764,timeline,2,-1,21671,1325.0,0.0,1326.0,0.114,,,,,71493.819551,71494.449614,71494.692297,71494.692297,71494.69231
1789038036.783,timeline,1,-1,21670,1325.0,0.0,1326.0,0.102,,,,,71493.820272,71494.45004,71494.698867,71494.698867,71494.698882
1789038036.791,timeline,0,-1,21669,1325.0,0.0,1326.0,0.202,,,,,71493.832154,71494.450064,71494.706868,71494.706868,71494.706879
1789038036.7761,timeline,3,-1,21672,1325.0,0.0,1326.0,542.669,,,,,71494.361679,71494.44945,71494.692058,71494.692058,71494.692071
1789038038.0923,timeline,2,-1,21671,1326.0,0.0,1327.0,0.224,,,,,71494.6927,71495.989062,71496.008175,71496.008175,71496.00819
1789038038.0868,timeline,1,-1,21670,1326.0,0.0,1327.0,0.101,,,,,71494.699397,71495.983217,71496.002693,71496.002693,71496.002707
1789038038.0886,timeline,0,-1,21669,1326.0,0.0,1327.0,0.127,,,,,71494.707307,71495.983456,71496.004534,71496.004534,71496.004552
1789038038.0876,timeline,3,-1,21672,1326.0,0.0,1327.0,1184.889,,,,,71495.877182,71495.983507,71496.00347,71496.00347,71496.003486
1789038039.2976,timeline,1,-1,21670,1327.0,0.0,1328.0,0.096,,,,,71496.003097,71497.194137,71497.213486,71497.213486,71497.213506
1789038039.2942,timeline,0,-1,21669,1327.0,0.0,1328.0,0.17,,,,,71496.0049,71497.189492,71497.210138,71497.210138,71497.210154
1789038039.2923,timeline,2,-1,21671,1327.0,0.0,1328.0,0.099,,,,,71496.008429,71497.188412,71497.208202,71497.208202,71497.208218
1789038039.2922,timeline,3,-1,21672,1327.0,0.0,1328.0,1087.476,,,,,71497.091295,71497.188586,71497.208107,71497.208107,71497.208122
1789038040.7844,timeline,2,-1,21671,1328.0,0.0,1329.0,0.088,,,,,71497.208587,71498.449872,71498.700295,71498.700295,71498.700309
1789038040.7887,timeline,0,-1,21669,1328.0,0.0,1329.0,0.145,,,,,71497.210578,71498.4497,71498.704647,71498.704647,71498.704661
1789038040.7771,timeline,1,-1,21670,1328.0,0.0,1329.0,0.124,,,,,71497.213797,71498.44993,71498.693038,71498.693038,71498.693049
1789038040.7856,timeline,3,-1,21672,1328.0,0.0,1329.0,1153.418,,,,,71498.361953,71498.450105,71498.701511,71498.701511,71498.701524
1789038041.7343,timeline,1,-1,21670,1329.0,0.0,1330.0,0.096,,,,,71498.693405,71499.63056,71499.650222,71499.650222,71499.650236
1789038041.7347,timeline,2,-1,21671,1329.0,0.0,1330.0,0.244,,,,,71498.700727,71499.630496,71499.650654,71499.650654,71499.65067
1789038041.7412,timeline,0,-1,21669,1329.0,0.0,1330.0,0.19,,,,,71498.705266,71499.636392,71499.657157,71499.657157,71499.657173
1789038041.7341,timeline,3,-1,21672,1329.0,0.0,1330.0,838.892,,,,,71499.540678,71499.63059,71499.650058,71499.650058,71499.650072
1789038043.0521,timeline,1,-1,21670,1330.0,0.0,1331.0,0.101,,,,,71499.650602,71500.946866,71500.96796,71500.96796,71500.967978
1789038043.05,timeline,2,-1,21671,1330.0,0.0,1331.0,0.092,,,,,71499.651042,71500.946606,71500.96592,71500.96592,71500.965938
1789038043.051,timeline,0,-1,21669,1330.0,0.0,1331.0,0.145,,,,,71499.657466,71500.946628,71500.966872,71500.966872,71500.966889
1789038043.0504,timeline,3,-1,21672,1330.0,0.0,1331.0,1208.31,,,,,71500.858616,71500.947284,71500.966309,71500.966309,71500.966324
1789038044.1955,timeline,2,-1,21671,1331.0,0.0,1332.0,0.099,,,,,71500.966304,71501.864683,71502.111455,71502.111455,71502.111466
1789038044.2032,timeline,0,-1,21669,1331.0,0.0,1332.0,0.146,,,,,71500.967284,71501.864636,71502.119091,71502.119091,71502.119101
1789038044.1962,timeline,1,-1,21670,1331.0,0.0,1332.0,0.143,,,,,71500.968311,71501.864489,71502.112109,71502.112109,71502.11212
1789038044.2111,timeline,3,-1,21672,1331.0,0.0,1332.0,810.327,,,,,71501.776862,71501.865516,71502.12698,71502.12698,71502.126992
1789038045.5909,timeline,2,-1,21671,1332.0,0.0,1333.0,0.078,,,,,71502.111705,71503.487346,71503.506803,71503.506803,71503.506817
1789038045.5912,timeline,1,-1,21670,1332.0,0.0,1333.0,0.092,,,,,71502.112505,71503.486234,71503.507076,71503.507076,71503.507092
1789038045.5913,timeline,0,-1,21669,1332.0,0.0,1333.0,0.129,,,,,71502.119528,71503.486671,71503.507179,71503.507179,71503.507193
1789038045.5899,timeline,3,-1,21672,1332.0,0.0,1333.0,1268.792,,,,,71503.396049,71503.486385,71503.505776,71503.505776,71503.50579
1789038046.9303,timeline,2,-1,21671,1333.0,0.0,1334.0,0.114,,,,,71503.507207,71504.826358,71504.846248,71504.846248,71504.846269
1789038046.9372,timeline,1,-1,21670,1333.0,0.0,1334.0,0.101,,,,,71503.507455,71504.832385,71504.853154,71504.853154,71504.853171
1789038046.9312,timeline,0,-1,21669,1333.0,0.0,1334.0,0.144,,,,,71503.507607,71504.826677,71504.847083,71504.847083,71504.847099
1789038046.9304,timeline,3,-1,21672,1333.0,0.0,1334.0,1231.897,,,,,71504.737907,71504.826524,71504.846273,71504.846273,71504.846288
1789038048.2454,timeline,2,-1,21671,1334.0,0.0,1335.0,0.096,,,,,71504.846663,71505.915515,71506.161356,71506.161356,71506.161371
1789038048.2455,timeline,0,-1,21669,1334.0,0.0,1335.0,0.149,,,,,71504.847532,71505.915346,71506.161384,71506.161384,71506.161394
1789038048.2461,timeline,1,-1,21670,1334.0,0.0,1335.0,0.098,,,,,71504.85352,71505.915224,71506.16198,71506.16198,71506.161992
1789038048.2427,timeline,3,-1,21672,1334.0,0.0,1335.0,980.07,,,,,71505.826576,71505.916139,71506.158648,71506.158648,71506.158663
1789038050.0086,timeline,0,-1,21669,1335.0,0.0,1336.0,0.141,,,,,71506.161829,71507.903714,71507.924514,71507.924514,71507.924533
1789038050.0296,timeline,2,-1,21671,1335.0,0.0,1336.0,0.131,,,,,71506.161829,71507.925385,71507.945472,71507.945472,71507.945489
1789038050.0097,timeline,1,-1,21670,1335.0,0.0,1336.0,0.086,,,,,71506.162213,71507.903822,71507.925651,71507.925651,71507.925667
1789038050.0137,timeline,3,-1,21672,1335.0,0.0,1336.0,1639.736,,,,,71507.798803,71507.909622,71507.929615,71507.929615,71507.92963
1789038050.1993,timeline,0,-1,21669,1336.0,0.0,1337.0,0.134,,,,,71507.92483,71508.09517,71508.11523,71508.11523,71508.115244
1789038050.2003,timeline,1,-1,21670,1336.0,0.0,1337.0,0.097,,,,,71507.926028,71508.095827,71508.11625,71508.11625,71508.116264
1789038050.199,timeline,3,-1,21672,1336.0,0.0,1337.0,0.126,,,,,71507.929915,71508.095515,71508.114941,71508.114941,71508.114956
1789038050.1992,timeline,2,-1,21671,1336.0,0.0,1337.0,0.092,,,,,71507.945855,71508.095587,71508.115139,71508.115139,71508.115155
1789038052.5803,timeline,2,-1,21671,1337.0,0.0,1338.0,0.11,,,,,71508.11554,71510.231775,71510.496243,71510.496243,71510.496254
1789038052.5774,timeline,0,-1,21669,1337.0,0.0,1338.0,0.145,,,,,71508.115633,71510.231767,71510.4933,71510.4933,71510.493312
1789038052.5705,timeline,1,-1,21670,1337.0,0.0,1338.0,0.102,,,,,71508.116612,71510.231772,71510.486449,71510.486449,71510.48646
1789038052.5683,timeline,3,-1,21672,1337.0,0.0,1338.0,2028.227,,,,,71510.143605,71510.230394,71510.48424,71510.48424,71510.484252
1789038052.907,timeline,1,-1,21670,1338.0,0.0,1339.0,0.081,,,,,71510.486706,71510.801929,71510.822961,71510.822961,71510.822974
1789038052.907,timeline,0,-1,21669,1338.0,0.0,1339.0,0.138,,,,,71510.49378,71510.801714,71510.822911,71510.822911,71510.822929
1789038052.9066,timeline,2,-1,21671,1338.0,0.0,1339.0,0.08,,,,,71510.496638,71510.801766,71510.82247,71510.82247,71510.822487
1789038052.9055,timeline,3,-1,21672,1338.0,0.0,1339.0,229.445,,,,,71510.713929,71510.801229,71510.821457,71510.821457,71510.821471
1789038055.2577,timeline,2,-1,21671,1339.0,0.0,1340.0,0.115,,,,,71510.82288,71513.153417,71513.173642,71513.173642,71513.173663
1789038055.2828,timeline,0,-1,21669,1339.0,0.0,1340.0,0.157,,,,,71510.823352,71513.147815,71513.198702,71513.198702,71513.198719
1789038055.2541,timeline,1,-1,21670,1339.0,0.0,1340.0,0.118,,,,,71510.823361,71513.148329,71513.169959,71513.169959,71513.169978
1789038055.2528,timeline,3,-1,21672,1339.0,0.0,1340.0,2215.044,,,,,71513.036736,71513.148056,71513.168762,71513.168762,71513.168776
1789038055.9602,timeline,1,-1,21670,1340.0,0.0,1341.0,0.104,,,,,71513.170358,71513.503965,71513.86617,71513.86617,71513.876087
1789038055.9602,timeline,2,-1,21671,1340.0,0.0,1341.0,0.114,,,,,71513.174064,71513.505301,71513.870696,71513.870696,71513.876084
1789038055.9648,timeline,0,-1,21669,1340.0,0.0,1341.0,0.152,,,,,71513.199241,71513.515429,71513.866162,71513.866162,71513.880731
1789038055.9602,timeline,3,-1,21672,1340.0,0.0,1341.0,247.12,,,,,71513.41609,71513.505559,71513.866204,71513.866204,71513.876115
1789038057.4799,timeline,2,-1,21671,1341.0,0.0,1342.0,0.123,,,,,71513.876499,71515.375342,71515.395804,71515.395804,71515.39582
1789038057.4791,timeline,1,-1,21670,1341.0,0.0,1342.0,0.156,,,,,71513.876624,71515.375557,71515.395019,71515.395019,71515.395033
1789038057.4798,timeline,0,-1,21669,1341.0,0.0,1342.0,0.155,,,,,71513.881159,71515.375243,71515.395743,71515.395743,71515.395758
1789038057.4794,timeline,3,-1,21672,1341.0,0.0,1342.0,1410.915,,,,,71515.287237,71515.374934,71515.395283,71515.395283,71515.395297
1789038058.2077,timeline,1,-1,21670,1342.0,0.0,1343.0,0.1,,,,,71515.395412,71516.104359,71516.123603,71516.123603,71516.123617
1789038058.2037,timeline,2,-1,21671,1342.0,0.0,1343.0,0.099,,,,,71515.396258,71516.098588,71516.119647,71516.119647,71516.11967
1789038058.2041,timeline,0,-1,21669,1342.0,0.0,1343.0,0.173,,,,,71515.396284,71516.098829,71516.120048,71516.120048,71516.120067
1789038058.205,timeline,3,-1,21672,1342.0,0.0,1343.0,593.047,,,,,71515.988537,71516.098978,71516.120931,71516.120931,71516.120947
1789038060.0558,timeline,2,-1,21671,1343.0,0.0,1344.0,0.128,,,,,71516.120153,71517.716736,71517.971737,71517.971737,71517.97175
1789038060.0603,timeline,0,-1,21669,1343.0,0.0,1344.0,0.181,,,,,71516.120549,71517.717074,71517.97621,71517.97621,71517.976222
1789038060.0426,timeline,1,-1,21670,1343.0,0.0,1344.0,0.097,,,,,71516.123975,71517.715496,71517.958474,71517.958474,71517.958486
1789038060.0521,timeline,3,-1,21672,1343.0,0.0,1344.0,1507.714,,,,,71517.628886,71517.717019,71517.967984,71517.967984,71517.967998
1789038060.7297,timeline,1,-1,21670,1344.0,0.0,1345.0,0.086,,,,,71517.958828,71518.626088,71518.645605,71518.645605,71518.645618
1789038060.7627,timeline,2,-1,21671,1344.0,0.0,1345.0,0.094,,,,,71517.972199,71518.626176,71518.678601,71518.678601,71518.678615
1789038060.7338,timeline,0,-1,21669,1344.0,0.0,1345.0,0.176,,,,,71517.976716,71518.629052,71518.649748,71518.649748,71518.649765
1789038060.7355,timeline,3,-1,21672,1344.0,0.0,1345.0,570.437,,,,,71518.538723,71518.629039,71518.65136,71518.65136,71518.651377
1789038062.0072,timeline,1,-1,21670,1345.0,0.0,1346.0,0.098,,,,,71518.646006,71519.903533,71519.923119,71519.923119,71519.923132
1789038062.0085,timeline,0,-1,21669,1345.0,0.0,1346.0,0.174,,,,,71518.650323,71519.903189,71519.92436,71519.92436,71519.924379
1789038062.0099,timeline,2,-1,21671,1345.0,0.0,1346.0,0.117,,,,,71518.678995,71519.904985,71519.925762,71519.925762,71519.92578
1789038062.0099,timeline,3,-1,21672,1345.0,0.0,1346.0,1163.647,,,,,71519.81525,71519.904382,71519.925771,71519.925771,71519.925787
1789038063.2202,timeline,1,-1,21670,1346.0,0.0,1347.0,0.096,,,,,71519.923474,71520.877187,71521.136148,71521.136148,71521.13616
1789038063.2486,timeline,0,-1,21669,1346.0,0.0,1347.0,0.174,,,,,71519.92489,71520.87716,71521.164506,71521.164506,71521.164518
1789038063.2528,timeline,2,-1,21671,1346.0,0.0,1347.0,0.107,,,,,71519.926183,71520.882891,71521.168735,71521.168735,71521.168749
1789038063.2186,timeline,3,-1,21672,1346.0,0.0,1347.0,860.399,,,,,71520.786414,71520.87742,71521.134518,71521.134518,71521.13453
1789038064.3342,timeline,1,-1,21670,1347.0,0.0,1348.0,0.084,,,,,71521.13665,71522.230767,71522.250134,71522.250134,71522.250147
1789038064.3343,timeline,0,-1,21669,1347.0,0.0,1348.0,0.246,,,,,71521.16493,71522.229893,71522.25017,71522.25017,71522.250186
1789038064.3343,timeline,2,-1,21671,1347.0,0.0,1348.0,0.117,,,,,71521.169265,71522.229588,71522.250171,71522.250171,71522.250186
1789038064.3336,timeline,3,-1,21672,1347.0,0.0,1348.0,1005.949,,,,,71522.14072,71522.228922,71522.249538,71522.249538,71522.249551
1789038065.8167,timeline,1,-1,21670,1348.0,0.0,1349.0,0.103,,,,,71522.250516,71523.712777,71523.73264,71523.73264,71523.732656
1789038065.8185,timeline,2,-1,21671,1348.0,0.0,1349.0,0.097,,,,,71522.250581,71523.71271,71523.734395,71523.734395,71523.73442
1789038065.8198,timeline,0,-1,21669,1348.0,0.0,1349.0,0.143,,,,,71522.250595,71523.71223,71523.735714,71523.735714,71523.735737
1789038065.8192,timeline,3,-1,21672,1348.0,0.0,1349.0,1374.556,,,,,71523.624319,71523.713382,71523.735075,71523.735075,71523.735092
1789038067.1604,timeline,1,-1,21670,1349.0,0.0,1350.0,0.112,,,,,71523.73295,71524.828947,71525.076351,71525.076351,71525.076365
1789038067.1614,timeline,2,-1,21671,1349.0,0.0,1350.0,0.157,,,,,71523.734949,71524.827345,71525.077305,71525.077305,71525.077316
1789038067.1597,timeline,0,-1,21669,1349.0,0.0,1350.0,0.221,,,,,71523.736154,71524.827807,71525.075595,71525.075595,71525.075608
1789038067.1611,timeline,3,-1,21672,1349.0,0.0,1350.0,1005.213,,,,,71524.740544,71524.830409,71525.077037,71525.077037,71525.077051
1789038068.2658,timeline,0,-1,21669,1350.0,0.0,1351.0,0.129,,,,,71525.076032,71526.161679,71526.181716,71526.181716,71526.181731
1789038068.2651,timeline,1,-1,21670,1350.0,0.0,1351.0,0.103,,,,,71525.07675,71526.161813,71526.181029,71526.181029,71526.181043
1789038068.266,timeline,2,-1,21671,1350.0,0.0,1351.0,0.083,,,,,71525.0777,71526.161336,71526.181944,71526.181944,71526.181958
1789038068.266,timeline,3,-1,21672,1350.0,0.0,1351.0,996.09,,,,,71526.073377,71526.16075,71526.181916,71526.181916,71526.181929
1789038069.4076,timeline,1,-1,21670,1351.0,0.0,1352.0,0.104,,,,,71526.181431,71527.304158,71527.323518,71527.323518,71527.323535
1789038069.4312,timeline,0,-1,21669,1351.0,0.0,1352.0,0.141,,,,,71526.18212,71527.324473,71527.347114,71527.347114,71527.34713
1789038069.4061,timeline,2,-1,21671,1351.0,0.0,1352.0,0.116,,,,,71526.182456,71527.30102,71527.322009,71527.322009,71527.322025
1789038069.4069,timeline,3,-1,21672,1351.0,0.0,1352.0,1030.21,,,,,71527.212354,71527.301716,71527.322802,71527.322802,71527.322819
