/usr/local/python3.12.13/lib/python3.12/site-packages/transformers/loss/loss_for_object_detection.py:27: UserWarning: A NumPy version >=1.22.4 and <2.3.0 is required for this version of SciPy (detected version 2.4.6)
  from scipy.optimize import linear_sum_assignment
/usr/local/python3.12.13/lib/python3.12/site-packages/transformers/loss/loss_for_object_detection.py:27: UserWarning: A NumPy version >=1.22.4 and <2.3.0 is required for this version of SciPy (detected version 2.4.6)
  from scipy.optimize import linear_sum_assignment
/usr/local/python3.12.13/lib/python3.12/site-packages/transformers/loss/loss_for_object_detection.py:27: UserWarning: A NumPy version >=1.22.4 and <2.3.0 is required for this version of SciPy (detected version 2.4.6)
  from scipy.optimize import linear_sum_assignment
/usr/local/python3.12.13/lib/python3.12/site-packages/transformers/loss/loss_for_object_detection.py:27: UserWarning: A NumPy version >=1.22.4 and <2.3.0 is required for this version of SciPy (detected version 2.4.6)
  from scipy.optimize import linear_sum_assignment
[timeout] aclrtSetOpExecuteTimeOut(0) rc=0
           INFO     get env TERM = xterm                      patch_getenv.py:15
[02:56:23] INFO     get env LOCAL_RANK = 0                    patch_getenv.py:15
[timeout] aclrtSetOpExecuteTimeOut(0) rc=0
[timeout] aclrtSetOpExecuteTimeOut(0) rc=0
[02:56:24] INFO     get env WORLD_SIZE = 4                    patch_getenv.py:15
           INFO     get env MASTER_ADDR =                     patch_getenv.py:15
                    localhost.localdomain                                       
           INFO     get env MASTER_PORT = 46873               patch_getenv.py:15
           INFO     get env TORCHELASTIC_USE_AGENT_STORE =    patch_getenv.py:15
                    True                                                        
           INFO     Started distributed with local_rank=0,    distributed.py:165
                    dp_size=4, sp_size=1                                        
           INFO     get env PATH =                            patch_getenv.py:15
                    /usr/local/Ascend/nnal/atb/latest/atb/cxx                   
                    _abi_1/bin:/usr/local/Ascend/cann-9.0.0/t                   
                    ools/bishengir/bin:/usr/local/Ascend/cann                   
                    -9.0.0/bin:/usr/local/Ascend/cann-9.0.0/t                   
                    ools/ccec_compiler/bin:/usr/local/Ascend/                   
                    cann-9.0.0/tools/profiler/bin:/usr/local/                   
                    Ascend/cann-9.0.0/tools/ascend_system_adv                   
                    isor/asys:/usr/local/Ascend/cann-9.0.0/to                   
                    ols/show_kernel_debug_data:/usr/local/Asc                   
                    end/cann-9.0.0/tools/msobjdump:/home/y500                   
                    63564/node_modules/.bin:/usr/local/Ascend                   
                    /nnal/atb/latest/atb/cxx_abi_1/bin:/usr/l                   
                    ocal/Ascend/nnal/atb/latest/atb/cxx_abi_1                   
                    /bin:/usr/local/Ascend/ascend-toolkit/lat                   
                    est/bin:/usr/local/Ascend/ascend-toolkit/                   
                    latest/compiler/ccec_compiler/bin:/usr/lo                   
                    cal/Ascend/ascend-toolkit/latest/tools/cc                   
                    ec_compiler/bin:/usr/local/python3.12.13/                   
                    bin:/usr/local/sbin:/usr/local/bin:/usr/s                   
                    bin:/usr/bin:/sbin:/bin:/usr/local/go/bin                   
           INFO     Loading vocab mappings from                     train.py:236
                    '/home/y50063564/data/open_perfectblend_qwen3_4             
                    b_700k/d2t.npy' and                                         
                    '/home/y50063564/data/open_perfectblend_qwen3_4             
                    b_700k/t2d.npy'                                             
           INFO     All 5 draft layers using sliding window         train.py:396
                    attention (window=2048). To use full attention              
                    on specific layers, pass                                    
                    '--full-attention-indices <layer_ids>'.                     
[timeout] aclrtSetOpExecuteTimeOut(0) rc=0
[02:56:25] WARNING  Added <|MASK|> to tokenizer,                     utils.py:49
                    mask_token_id=151669 (tokenizer len=151670,                 
                    vocab_size=151936)                                          
[02:56:25] INFO     Started distributed with local_rank=2,    distributed.py:165
                    dp_size=4, sp_size=1                                        
[02:56:25] INFO     Started distributed with local_rank=1,    distributed.py:165
                    dp_size=4, sp_size=1                                        
[02:56:25] INFO     Started distributed with local_rank=3,    distributed.py:165
                    dp_size=4, sp_size=1                                        
2026-09-11 02:56:39.152 | INFO     | speculators.utils.loading:_resolve_file:136 - Loading from local directory: /home/y50063564/Qwen3-4B
2026-09-11 02:56:39.153 | WARNING  | speculators.utils.loading:load_model_layers:104 - Tensor 'lm_head.weight' not found in weight_map.
2026-09-11 02:56:39.153 | INFO     | speculators.utils.loading:_resolve_file:136 - Loading from local directory: /home/y50063564/Qwen3-4B
2026-09-11 02:56:39.154 | INFO     | speculators.utils.loading:_resolve_file:136 - Loading from local directory: /home/y50063564/Qwen3-4B
2026-09-11 02:56:39.537 | INFO     | speculators.utils.loading:_resolve_file:136 - Loading from local directory: /home/y50063564/Qwen3-4B
2026-09-11 02:56:39.538 | WARNING  | speculators.utils.loading:load_model_layers:104 - Tensor 'lm_head.weight' not found in weight_map.
2026-09-11 02:56:39.538 | INFO     | speculators.utils.loading:_resolve_file:136 - Loading from local directory: /home/y50063564/Qwen3-4B
2026-09-11 02:56:39.541 | INFO     | speculators.utils.loading:_resolve_file:136 - Loading from local directory: /home/y50063564/Qwen3-4B
2026-09-11 02:56:40.223 | INFO     | speculators.utils.loading:_resolve_file:136 - Loading from local directory: /home/y50063564/Qwen3-4B
2026-09-11 02:56:40.224 | WARNING  | speculators.utils.loading:load_model_layers:104 - Tensor 'lm_head.weight' not found in weight_map.
2026-09-11 02:56:40.224 | INFO     | speculators.utils.loading:_resolve_file:136 - Loading from local directory: /home/y50063564/Qwen3-4B
2026-09-11 02:56:40.226 | INFO     | speculators.utils.loading:_resolve_file:136 - Loading from local directory: /home/y50063564/Qwen3-4B
2026-09-11 02:56:40.717 | INFO     | speculators.utils.loading:_resolve_file:136 - Loading from local directory: /home/y50063564/Qwen3-4B
2026-09-11 02:56:40.718 | WARNING  | speculators.utils.loading:load_model_layers:104 - Tensor 'lm_head.weight' not found in weight_map.
2026-09-11 02:56:40.718 | INFO     | speculators.utils.loading:_resolve_file:136 - Loading from local directory: /home/y50063564/Qwen3-4B
2026-09-11 02:56:40.720 | INFO     | speculators.utils.loading:_resolve_file:136 - Loading from local directory: /home/y50063564/Qwen3-4B
[02:56:53] INFO     get env SAMP_SEED = 42                    patch_getenv.py:15
           INFO     get env DL_IN_ORDER = 1                   patch_getenv.py:15
           INFO     No previous training checkpoint found in      trainer.py:299
                    '/home/y50063564/dataloader_diag/exp/E6_perm_               
                    rev/checkpoints'. Starting fresh training                   
                    run.                                                        
[02:56:59] INFO     Muon optimizer: 39 2D params via Muon, 23   optimizers.py:76
                    params via AdamW.                                           
           INFO     get env SAMP_BALANCE = off                patch_getenv.py:15
           INFO     get env SAMP_RANK_PERM = 3,2,1,0          patch_getenv.py:15
[timeout] aclrtSetOpExecuteTimeOut(0) rc=0
[timeout] aclrtSetOpExecuteTimeOut(0) rc=0
[timeout] aclrtSetOpExecuteTimeOut(0) rc=0
[02:57:04] INFO     Training epoch 1/1 started                    trainer.py:734
[timeout] aclrtSetOpExecuteTimeOut(0) rc=0
/usr/local/python3.12.13/lib/python3.12/site-packages/torch/_dynamo/_trace_wrapped_higher_order_op.py:147: UserWarning: Cannot create tensor with interal format while allow_internel_format=False, tensor will be created with base format. (Triggered internally at ../torch_npu/csrc/aten/common/TensorFactories.cpp:340.)
  return func(*args, **(kwargs or {}))
/usr/local/python3.12.13/lib/python3.12/site-packages/torch/_dynamo/_trace_wrapped_higher_order_op.py:147: UserWarning: Cannot create tensor with interal format while allow_internel_format=False, tensor will be created with base format. (Triggered internally at ../torch_npu/csrc/aten/common/TensorFactories.cpp:340.)
  return func(*args, **(kwargs or {}))
/usr/local/python3.12.13/lib/python3.12/site-packages/torch/_dynamo/_trace_wrapped_higher_order_op.py:147: UserWarning: Cannot create tensor with interal format while allow_internel_format=False, tensor will be created with base format. (Triggered internally at ../torch_npu/csrc/aten/common/TensorFactories.cpp:340.)
  return func(*args, **(kwargs or {}))
/usr/local/python3.12.13/lib/python3.12/site-packages/torch/_dynamo/_trace_wrapped_higher_order_op.py:147: UserWarning: Cannot create tensor with interal format while allow_internel_format=False, tensor will be created with base format. (Triggered internally at ../torch_npu/csrc/aten/common/TensorFactories.cpp:340.)
  return func(*args, **(kwargs or {}))
[02:57:09] INFO     train/confidence_loss=0.459,                  trainer.py:584
                    train/confidence_abs_error=0.325,                           
                    train/confidence_pred_mean=0.326,                           
                    train/confidence_cumprod_bias=0.192,                        
                    train/loss=0.609, train/ce_loss=2.350,                      
                    train/tv_loss=0.214,                                        
                    train/accept_rate=3.35e-04,                                 
                    train/accept_len=1.000,                                     
                    train/full_acc=0.00e+00,                                    
                    train/position_1_acc=0.00e+00,                              
                    train/position_2_acc=0.00e+00,                              
                    train/position_3_acc=0.00e+00,                              
                    train/position_4_acc=0.00e+00,                              
                    train/position_5_acc=0.00e+00,                              
                    train/position_6_acc=0.00e+00,                              
                    train/position_7_acc=0.00e+00,                              
                    profile/fetch_ms=3.58e+03,                                  
                    profile/fwd_ms=1.30e+03,                                    
                    profile/bwd_ms=345.364, profile/opt_ms=0.138,               
                    profile/step_ms=5.23e+03,                                   
                    profile/tokens_per_s=768.391,                               
                    profile/fetch_frac=0.684, epoch=0,                          
                    lr/Muon=0.00e+00, lr/AdamW=0.00e+00,                        
                    global_step=0                                               
[02:57:32] INFO     train/confidence_loss=0.059,                  trainer.py:584
                    train/confidence_abs_error=0.058,                           
                    train/confidence_pred_mean=0.059,                           
                    train/confidence_cumprod_bias=0.017,                        
                    train/loss=0.444, train/ce_loss=2.275,                      
                    train/tv_loss=0.214,                                        
                    train/accept_rate=3.92e-04,                                 
                    train/accept_len=1.000,                                     
                    train/full_acc=0.00e+00,                                    
                    train/position_1_acc=0.00e+00,                              
                    train/position_2_acc=0.00e+00,                              
                    train/position_3_acc=0.00e+00,                              
                    train/position_4_acc=0.00e+00,                              
                    train/position_5_acc=0.00e+00,                              
                    train/position_6_acc=0.00e+00,                              
                    train/position_7_acc=0.00e+00,                              
                    profile/fetch_ms=1.42e+03,                                  
                    profile/fwd_ms=226.830,                                     
                    profile/bwd_ms=93.969,                                      
                    profile/opt_ms=261.211,                                     
                    profile/step_ms=2.00e+03,                                   
                    profile/tokens_per_s=1.87e+03,                              
                    profile/fetch_frac=0.709, epoch=0,                          
                    lr/Muon=4.37e-04, lr/AdamW=4.37e-05,                        
                    global_step=20                                              
[02:57:57] INFO     train/confidence_loss=0.172,                  trainer.py:584
                    train/confidence_abs_error=0.025,                           
                    train/confidence_pred_mean=4.69e-04,                        
                    train/confidence_cumprod_bias=-0.007,                       
                    train/loss=0.412, train/ce_loss=1.587,                      
                    train/tv_loss=0.205, train/accept_rate=0.044,               
                    train/accept_len=1.049, train/full_acc=0.084,               
                    train/position_1_acc=0.081,                                 
                    train/position_2_acc=0.090,                                 
                    train/position_3_acc=0.083,                                 
                    train/position_4_acc=0.078,                                 
                    train/position_5_acc=0.083,                                 
                    train/position_6_acc=0.087,                                 
                    train/position_7_acc=0.085,                                 
                    profile/fetch_ms=1.78e+03,                                  
                    profile/fwd_ms=90.921, profile/bwd_ms=96.835,               
                    profile/opt_ms=0.029,                                       
                    profile/step_ms=1.97e+03,                                   
                    profile/tokens_per_s=1.83e+03,                              
                    profile/fetch_frac=0.905, epoch=0,                          
                    lr/Muon=8.12e-04, lr/AdamW=8.12e-05,                        
                    global_step=40                                              
[02:58:21] INFO     train/confidence_loss=0.126,                  trainer.py:584
                    train/confidence_abs_error=0.041,                           
                    train/confidence_pred_mean=0.025,                           
                    train/confidence_cumprod_bias=-0.004,                       
                    train/loss=0.366, train/ce_loss=1.356,                      
                    train/tv_loss=0.200, train/accept_rate=0.064,               
                    train/accept_len=1.071, train/full_acc=0.114,               
                    train/position_1_acc=0.102,                                 
                    train/position_2_acc=0.133,                                 
                    train/position_3_acc=0.110,                                 
                    train/position_4_acc=0.117,                                 
                    train/position_5_acc=0.102,                                 
                    train/position_6_acc=0.115,                                 
                    train/position_7_acc=0.117,                                 
                    profile/fetch_ms=1.55e+03,                                  
                    profile/fwd_ms=96.147, profile/bwd_ms=90.202,               
                    profile/opt_ms=0.065,                                       
                    profile/step_ms=1.74e+03,                                   
                    profile/tokens_per_s=2.24e+03,                              
                    profile/fetch_frac=0.893, epoch=0,                          
                    lr/Muon=0.001, lr/AdamW=1.25e-04,                           
                    global_step=60                                              
[02:58:48] INFO     train/confidence_loss=0.145,                  trainer.py:584
                    train/confidence_abs_error=0.042,                           
                    train/confidence_pred_mean=0.013,                           
                    train/confidence_cumprod_bias=-0.010,                       
                    train/loss=0.381, train/ce_loss=1.444,                      
                    train/tv_loss=0.199, train/accept_rate=0.070,               
                    train/accept_len=1.092, train/full_acc=0.095,               
                    train/position_1_acc=0.106,                                 
                    train/position_2_acc=0.085,                                 
                    train/position_3_acc=0.093,                                 
                    train/position_4_acc=0.081,                                 
                    train/position_5_acc=0.105,                                 
                    train/position_6_acc=0.100,                                 
                    train/position_7_acc=0.100,                                 
                    profile/fetch_ms=2.07e+03,                                  
                    profile/fwd_ms=134.431,                                     
                    profile/bwd_ms=93.776,                                      
                    profile/opt_ms=256.662,                                     
                    profile/step_ms=2.55e+03,                                   
                    profile/tokens_per_s=1.51e+03,                              
                    profile/fetch_frac=0.810, epoch=0,                          
                    lr/Muon=0.002, lr/AdamW=1.69e-04,                           
                    global_step=80                                              
[02:59:12] INFO     train/confidence_loss=0.191,                  trainer.py:584
                    train/confidence_abs_error=0.114,                           
                    train/confidence_pred_mean=0.115,                           
                    train/confidence_cumprod_bias=0.014,                        
                    train/loss=0.378, train/ce_loss=1.344,                      
                    train/tv_loss=0.187, train/accept_rate=0.123,               
                    train/accept_len=1.219, train/full_acc=0.148,               
                    train/position_1_acc=0.155,                                 
                    train/position_2_acc=0.157,                                 
                    train/position_3_acc=0.144,                                 
                    train/position_4_acc=0.149,                                 
                    train/position_5_acc=0.144,                                 
                    train/position_6_acc=0.133,                                 
                    train/position_7_acc=0.156,                                 
                    profile/fetch_ms=67.499,                                    
                    profile/fwd_ms=96.000, profile/bwd_ms=88.413,               
                    profile/opt_ms=0.194,                                       
                    profile/step_ms=252.106,                                    
                    profile/tokens_per_s=1.60e+04,                              
                    profile/fetch_frac=0.268, epoch=0,                          
                    lr/Muon=0.002, lr/AdamW=2.06e-04,                           
                    global_step=100                                             
[02:59:37] INFO     train/confidence_loss=0.238,                  trainer.py:584
                    train/confidence_abs_error=0.090,                           
                    train/confidence_pred_mean=0.041,                           
                    train/confidence_cumprod_bias=-0.028,                       
                    train/loss=0.386, train/ce_loss=1.294,                      
                    train/tv_loss=0.179, train/accept_rate=0.160,               
                    train/accept_len=1.279, train/full_acc=0.193,               
                    train/position_1_acc=0.203,                                 
                    train/position_2_acc=0.197,                                 
                    train/position_3_acc=0.192,                                 
                    train/position_4_acc=0.202,                                 
                    train/position_5_acc=0.199,                                 
                    train/position_6_acc=0.180,                                 
                    train/position_7_acc=0.178,                                 
                    profile/fetch_ms=3.293,                                     
                    profile/fwd_ms=88.633, profile/bwd_ms=94.586,               
                    profile/opt_ms=0.099,                                       
                    profile/step_ms=186.612,                                    
                    profile/tokens_per_s=2.18e+04,                              
                    profile/fetch_frac=0.018, epoch=0,                          
                    lr/Muon=0.002, lr/AdamW=2.50e-04,                           
                    global_step=120                                             
[03:00:03] INFO     train/confidence_loss=0.236,                  trainer.py:584
                    train/confidence_abs_error=0.097,                           
                    train/confidence_pred_mean=0.053,                           
                    train/confidence_cumprod_bias=-0.031,                       
                    train/loss=0.378, train/ce_loss=1.269,                      
                    train/tv_loss=0.173, train/accept_rate=0.183,               
                    train/accept_len=1.357, train/full_acc=0.224,               
                    train/position_1_acc=0.247,                                 
                    train/position_2_acc=0.222,                                 
                    train/position_3_acc=0.236,                                 
                    train/position_4_acc=0.204,                                 
                    train/position_5_acc=0.208,                                 
                    train/position_6_acc=0.234,                                 
                    train/position_7_acc=0.215,                                 
                    profile/fetch_ms=73.235,                                    
                    profile/fwd_ms=91.344,                                      
                    profile/bwd_ms=120.808,                                     
                    profile/opt_ms=242.305,                                     
                    profile/step_ms=527.692,                                    
                    profile/tokens_per_s=7.58e+03,                              
                    profile/fetch_frac=0.139, epoch=0,                          
                    lr/Muon=0.003, lr/AdamW=2.94e-04,                           
                    global_step=140                                             
[03:00:29] INFO     train/confidence_loss=0.248,                  trainer.py:584
                    train/confidence_abs_error=0.146,                           
                    train/confidence_pred_mean=0.180,                           
                    train/confidence_cumprod_bias=0.025,                        
                    train/loss=0.366, train/ce_loss=1.156,                      
                    train/tv_loss=0.168, train/accept_rate=0.211,               
                    train/accept_len=1.391, train/full_acc=0.245,               
                    train/position_1_acc=0.256,                                 
                    train/position_2_acc=0.258,                                 
                    train/position_3_acc=0.244,                                 
                    train/position_4_acc=0.252,                                 
                    train/position_5_acc=0.245,                                 
                    train/position_6_acc=0.234,                                 
                    train/position_7_acc=0.225,                                 
                    profile/fetch_ms=65.997,                                    
                    profile/fwd_ms=96.258, profile/bwd_ms=86.877,               
                    profile/opt_ms=0.063,                                       
                    profile/step_ms=249.195,                                    
                    profile/tokens_per_s=1.58e+04,                              
                    profile/fetch_frac=0.265, epoch=0,                          
                    lr/Muon=0.003, lr/AdamW=3.31e-04,                           
                    global_step=160                                             
[03:00:55] INFO     train/confidence_loss=0.238,                  trainer.py:584
                    train/confidence_abs_error=0.108,                           
                    train/confidence_pred_mean=0.088,                           
                    train/confidence_cumprod_bias=-0.034,                       
                    train/loss=0.361, train/ce_loss=1.163,                      
                    train/tv_loss=0.166, train/accept_rate=0.208,               
                    train/accept_len=1.532, train/full_acc=0.246,               
                    train/position_1_acc=0.316,                                 
                    train/position_2_acc=0.266,                                 
                    train/position_3_acc=0.246,                                 
                    train/position_4_acc=0.231,                                 
                    train/position_5_acc=0.212,                                 
                    train/position_6_acc=0.217,                                 
                    train/position_7_acc=0.230,                                 
                    profile/fetch_ms=39.415,                                    
                    profile/fwd_ms=96.984, profile/bwd_ms=91.449,               
                    profile/opt_ms=0.067,                                       
                    profile/step_ms=227.914,                                    
                    profile/tokens_per_s=1.46e+04,                              
                    profile/fetch_frac=0.173, epoch=0,                          
                    lr/Muon=0.004, lr/AdamW=3.75e-04,                           
                    global_step=180                                             
[03:01:20] INFO     train/confidence_loss=0.252,                  trainer.py:584
                    train/confidence_abs_error=0.108,                           
                    train/confidence_pred_mean=0.103,                           
                    train/confidence_cumprod_bias=-0.029,                       
                    train/loss=0.356, train/ce_loss=1.100,                      
                    train/tv_loss=0.161, train/accept_rate=0.220,               
                    train/accept_len=1.604, train/full_acc=0.265,               
                    train/position_1_acc=0.376,                                 
                    train/position_2_acc=0.325,                                 
                    train/position_3_acc=0.244,                                 
                    train/position_4_acc=0.225,                                 
                    train/position_5_acc=0.228,                                 
                    train/position_6_acc=0.226,                                 
                    train/position_7_acc=0.228,                                 
                    profile/fetch_ms=71.224,                                    
                    profile/fwd_ms=91.852, profile/bwd_ms=94.845,               
                    profile/opt_ms=235.534,                                     
                    profile/step_ms=493.455,                                    
                    profile/tokens_per_s=7.64e+03,                              
                    profile/fetch_frac=0.144, epoch=0,                          
                    lr/Muon=0.004, lr/AdamW=4.19e-04,                           
                    global_step=200                                             
[03:01:44] INFO     train/confidence_loss=0.262,                  trainer.py:584
                    train/confidence_abs_error=0.145,                           
                    train/confidence_pred_mean=0.175,                           
                    train/confidence_cumprod_bias=0.019,                        
                    train/loss=0.364, train/ce_loss=1.131,                      
                    train/tv_loss=0.162, train/accept_rate=0.210,               
                    train/accept_len=1.594, train/full_acc=0.234,               
                    train/position_1_acc=0.410,                                 
                    train/position_2_acc=0.251,                                 
                    train/position_3_acc=0.223,                                 
                    train/position_4_acc=0.211,                                 
                    train/position_5_acc=0.194,                                 
                    train/position_6_acc=0.166,                                 
                    train/position_7_acc=0.182,                                 
                    profile/fetch_ms=69.426,                                    
                    profile/fwd_ms=92.535, profile/bwd_ms=97.685,               
                    profile/opt_ms=4.747,                                       
                    profile/step_ms=264.392,                                    
                    profile/tokens_per_s=1.52e+04,                              
                    profile/fetch_frac=0.263, epoch=0,                          
                    lr/Muon=0.005, lr/AdamW=4.56e-04,                           
                    global_step=220                                             
[03:02:10] INFO     train/confidence_loss=0.229,                  trainer.py:584
                    train/confidence_abs_error=0.105,                           
                    train/confidence_pred_mean=0.109,                           
                    train/confidence_cumprod_bias=-0.033,                       
                    train/loss=0.339, train/ce_loss=1.062,                      
                    train/tv_loss=0.159, train/accept_rate=0.219,               
                    train/accept_len=1.740, train/full_acc=0.252,               
                    train/position_1_acc=0.477,                                 
                    train/position_2_acc=0.261,                                 
                    train/position_3_acc=0.236,                                 
                    train/position_4_acc=0.212,                                 
                    train/position_5_acc=0.208,                                 
                    train/position_6_acc=0.177,                                 
                    train/position_7_acc=0.189,                                 
                    profile/fetch_ms=97.850,                                    
                    profile/fwd_ms=126.898,                                     
                    profile/bwd_ms=91.203, profile/opt_ms=0.071,                
                    profile/step_ms=316.022,                                    
                    profile/tokens_per_s=1.21e+04,                              
                    profile/fetch_frac=0.310, epoch=0,                          
                    lr/Muon=0.005, lr/AdamW=5.00e-04,                           
                    global_step=240                                             
[03:02:33] INFO     train/confidence_loss=0.254,                  trainer.py:584
                    train/confidence_abs_error=0.112,                           
                    train/confidence_pred_mean=0.134,                           
                    train/confidence_cumprod_bias=-0.043,                       
                    train/loss=0.306, train/ce_loss=0.844,                      
                    train/tv_loss=0.134, train/accept_rate=0.314,               
                    train/accept_len=2.160, train/full_acc=0.348,               
                    train/position_1_acc=0.612,                                 
                    train/position_2_acc=0.430,                                 
                    train/position_3_acc=0.314,                                 
                    train/position_4_acc=0.304,                                 
                    train/position_5_acc=0.275,                                 
                    train/position_6_acc=0.270,                                 
                    train/position_7_acc=0.228,                                 
                    profile/fetch_ms=71.629,                                    
                    profile/fwd_ms=121.320,                                     
                    profile/bwd_ms=93.617,                                      
                    profile/opt_ms=269.801,                                     
                    profile/step_ms=556.367,                                    
                    profile/tokens_per_s=6.69e+03,                              
                    profile/fetch_frac=0.129, epoch=0,                          
                    lr/Muon=0.005, lr/AdamW=5.44e-04,                           
                    global_step=260                                             
[03:02:59] INFO     train/confidence_loss=0.209,                  trainer.py:584
                    train/confidence_abs_error=0.109,                           
                    train/confidence_pred_mean=0.152,                           
                    train/confidence_cumprod_bias=0.019,                        
                    train/loss=0.341, train/ce_loss=1.150,                      
                    train/tv_loss=0.156, train/accept_rate=0.223,               
                    train/accept_len=1.777, train/full_acc=0.260,               
                    train/position_1_acc=0.490,                                 
                    train/position_2_acc=0.296,                                 
                    train/position_3_acc=0.238,                                 
                    train/position_4_acc=0.191,                                 
                    train/position_5_acc=0.201,                                 
                    train/position_6_acc=0.204,                                 
                    train/position_7_acc=0.196,                                 
                    profile/fetch_ms=70.691,                                    
                    profile/fwd_ms=91.237, profile/bwd_ms=93.268,               
                    profile/opt_ms=0.068,                                       
                    profile/step_ms=255.263,                                    
                    profile/tokens_per_s=1.48e+04,                              
                    profile/fetch_frac=0.277, epoch=0,                          
                    lr/Muon=0.006, lr/AdamW=5.81e-04,                           
                    global_step=280                                             
[03:03:24] INFO     train/confidence_loss=0.250,                  trainer.py:584
                    train/confidence_abs_error=0.123,                           
                    train/confidence_pred_mean=0.178,                           
                    train/confidence_cumprod_bias=-0.038,                       
                    train/loss=0.280, train/ce_loss=0.713,                      
                    train/tv_loss=0.120, train/accept_rate=0.377,               
                    train/accept_len=2.407, train/full_acc=0.417,               
                    train/position_1_acc=0.700,                                 
                    train/position_2_acc=0.481,                                 
                    train/position_3_acc=0.411,                                 
                    train/position_4_acc=0.352,                                 
                    train/position_5_acc=0.342,                                 
                    train/position_6_acc=0.321,                                 
                    train/position_7_acc=0.307,                                 
                    profile/fetch_ms=50.848,                                    
                    profile/fwd_ms=104.061,                                     
                    profile/bwd_ms=91.219, profile/opt_ms=0.062,                
                    profile/step_ms=246.190,                                    
                    profile/tokens_per_s=1.58e+04,                              
                    profile/fetch_frac=0.207, epoch=0,                          
                    lr/Muon=0.006, lr/AdamW=6.00e-04,                           
                    global_step=300                                             
[03:03:48] INFO     train/confidence_loss=0.254,                  trainer.py:584
                    train/confidence_abs_error=0.146,                           
                    train/confidence_pred_mean=0.223,                           
                    train/confidence_cumprod_bias=0.050,                        
                    train/loss=0.327, train/ce_loss=0.950,                      
                    train/tv_loss=0.144, train/accept_rate=0.272,               
                    train/accept_len=1.912, train/full_acc=0.306,               
                    train/position_1_acc=0.580,                                 
                    train/position_2_acc=0.346,                                 
                    train/position_3_acc=0.287,                                 
                    train/position_4_acc=0.253,                                 
                    train/position_5_acc=0.236,                                 
                    train/position_6_acc=0.210,                                 
                    train/position_7_acc=0.225,                                 
                    profile/fetch_ms=67.603,                                    
                    profile/fwd_ms=92.743, profile/bwd_ms=93.757,               
                    profile/opt_ms=361.243,                                     
                    profile/step_ms=615.346,                                    
                    profile/tokens_per_s=6.04e+03,                              
                    profile/fetch_frac=0.110, epoch=0,                          
                    lr/Muon=0.006, lr/AdamW=5.99e-04,                           
                    global_step=320                                             
[03:04:12] INFO     train/confidence_loss=0.236,                  trainer.py:584
                    train/confidence_abs_error=0.114,                           
                    train/confidence_pred_mean=0.162,                           
                    train/confidence_cumprod_bias=-0.033,                       
                    train/loss=0.287, train/ce_loss=0.784,                      
                    train/tv_loss=0.128, train/accept_rate=0.335,               
                    train/accept_len=2.298, train/full_acc=0.372,               
                    train/position_1_acc=0.686,                                 
                    train/position_2_acc=0.430,                                 
                    train/position_3_acc=0.363,                                 
                    train/position_4_acc=0.297,                                 
                    train/position_5_acc=0.313,                                 
                    train/position_6_acc=0.266,                                 
                    train/position_7_acc=0.251,                                 
                    profile/fetch_ms=73.075,                                    
                    profile/fwd_ms=91.491, profile/bwd_ms=93.845,               
                    profile/opt_ms=0.058,                                       
                    profile/step_ms=258.470,                                    
                    profile/tokens_per_s=1.45e+04,                              
                    profile/fetch_frac=0.283, epoch=0,                          
                    lr/Muon=0.006, lr/AdamW=5.99e-04,                           
                    global_step=340                                             
[03:04:38] INFO     train/confidence_loss=0.244,                  trainer.py:584
                    train/confidence_abs_error=0.130,                           
                    train/confidence_pred_mean=0.222,                           
                    train/confidence_cumprod_bias=0.028,                        
                    train/loss=0.297, train/ce_loss=0.819,                      
                    train/tv_loss=0.131, train/accept_rate=0.324,               
                    train/accept_len=2.248, train/full_acc=0.355,               
                    train/position_1_acc=0.667,                                 
                    train/position_2_acc=0.420,                                 
                    train/position_3_acc=0.331,                                 
                    train/position_4_acc=0.295,                                 
                    train/position_5_acc=0.263,                                 
                    train/position_6_acc=0.258,                                 
                    train/position_7_acc=0.250,                                 
                    profile/fetch_ms=78.179,                                    
                    profile/fwd_ms=97.170, profile/bwd_ms=91.078,               
                    profile/opt_ms=0.060,                                       
                    profile/step_ms=266.487,                                    
                    profile/tokens_per_s=1.47e+04,                              
                    profile/fetch_frac=0.293, epoch=0,                          
                    lr/Muon=0.006, lr/AdamW=5.98e-04,                           
                    global_step=360                                             
[03:05:05] INFO     train/confidence_loss=0.229,                  trainer.py:584
                    train/confidence_abs_error=0.118,                           
                    train/confidence_pred_mean=0.198,                           
                    train/confidence_cumprod_bias=0.014,                        
                    train/loss=0.300, train/ce_loss=0.894,                      
                    train/tv_loss=0.133, train/accept_rate=0.320,               
                    train/accept_len=2.210, train/full_acc=0.353,               
                    train/position_1_acc=0.653,                                 
                    train/position_2_acc=0.408,                                 
                    train/position_3_acc=0.325,                                 
                    train/position_4_acc=0.288,                                 
                    train/position_5_acc=0.294,                                 
                    train/position_6_acc=0.264,                                 
                    train/position_7_acc=0.236,                                 
                    profile/fetch_ms=67.906,                                    
                    profile/fwd_ms=129.725,                                     
                    profile/bwd_ms=93.070,                                      
                    profile/opt_ms=289.896,                                     
                    profile/step_ms=580.597,                                    
                    profile/tokens_per_s=6.88e+03,                              
                    profile/fetch_frac=0.117, epoch=0,                          
                    lr/Muon=0.006, lr/AdamW=5.98e-04,                           
                    global_step=380                                             
[03:05:27] INFO     train/confidence_loss=0.232,                  trainer.py:584
                    train/confidence_abs_error=0.108,                           
                    train/confidence_pred_mean=0.164,                           
                    train/confidence_cumprod_bias=-0.014,                       
                    train/loss=0.297, train/ce_loss=0.856,                      
                    train/tv_loss=0.133, train/accept_rate=0.317,               
                    train/accept_len=2.213, train/full_acc=0.348,               
                    train/position_1_acc=0.643,                                 
                    train/position_2_acc=0.412,                                 
                    train/position_3_acc=0.349,                                 
                    train/position_4_acc=0.280,                                 
                    train/position_5_acc=0.263,                                 
                    train/position_6_acc=0.251,                                 
                    train/position_7_acc=0.238,                                 
                    profile/fetch_ms=72.557,                                    
                    profile/fwd_ms=91.865, profile/bwd_ms=92.712,               
                    profile/opt_ms=0.054,                                       
                    profile/step_ms=257.188,                                    
                    profile/tokens_per_s=1.54e+04,                              
                    profile/fetch_frac=0.282, epoch=0,                          
                    lr/Muon=0.006, lr/AdamW=5.98e-04,                           
                    global_step=400                                             
[03:05:53] INFO     train/confidence_loss=0.254,                  trainer.py:584
                    train/confidence_abs_error=0.139,                           
                    train/confidence_pred_mean=0.218,                           
                    train/confidence_cumprod_bias=0.019,                        
                    train/loss=0.297, train/ce_loss=0.806,                      
                    train/tv_loss=0.129, train/accept_rate=0.329,               
                    train/accept_len=2.201, train/full_acc=0.365,               
                    train/position_1_acc=0.667,                                 
                    train/position_2_acc=0.444,                                 
                    train/position_3_acc=0.356,                                 
                    train/position_4_acc=0.293,                                 
                    train/position_5_acc=0.275,                                 
                    train/position_6_acc=0.266,                                 
                    train/position_7_acc=0.250,                                 
                    profile/fetch_ms=38.586,                                    
                    profile/fwd_ms=95.387, profile/bwd_ms=92.644,               
                    profile/opt_ms=0.062,                                       
                    profile/step_ms=226.680,                                    
                    profile/tokens_per_s=1.61e+04,                              
                    profile/fetch_frac=0.170, epoch=0,                          
                    lr/Muon=0.006, lr/AdamW=5.97e-04,                           
                    global_step=420                                             
[03:06:20] INFO     train/confidence_loss=0.230,                  trainer.py:584
                    train/confidence_abs_error=0.124,                           
                    train/confidence_pred_mean=0.201,                           
                    train/confidence_cumprod_bias=0.024,                        
                    train/loss=0.311, train/ce_loss=0.963,                      
                    train/tv_loss=0.137, train/accept_rate=0.301,               
                    train/accept_len=2.099, train/full_acc=0.332,               
                    train/position_1_acc=0.605,                                 
                    train/position_2_acc=0.389,                                 
                    train/position_3_acc=0.298,                                 
                    train/position_4_acc=0.296,                                 
                    train/position_5_acc=0.256,                                 
                    train/position_6_acc=0.240,                                 
                    train/position_7_acc=0.237,                                 
                    profile/fetch_ms=79.073,                                    
                    profile/fwd_ms=91.221, profile/bwd_ms=92.570,               
                    profile/opt_ms=279.600,                                     
                    profile/step_ms=542.464,                                    
                    profile/tokens_per_s=7.42e+03,                              
                    profile/fetch_frac=0.146, epoch=0,                          
                    lr/Muon=0.006, lr/AdamW=5.97e-04,                           
                    global_step=440                                             
[03:06:46] INFO     train/confidence_loss=0.252,                  trainer.py:584
                    train/confidence_abs_error=0.119,                           
                    train/confidence_pred_mean=0.184,                           
                    train/confidence_cumprod_bias=-0.018,                       
                    train/loss=0.283, train/ce_loss=0.738,                      
                    train/tv_loss=0.122, train/accept_rate=0.358,               
                    train/accept_len=2.417, train/full_acc=0.392,               
                    train/position_1_acc=0.726,                                 
                    train/position_2_acc=0.481,                                 
                    train/position_3_acc=0.401,                                 
                    train/position_4_acc=0.326,                                 
                    train/position_5_acc=0.294,                                 
                    train/position_6_acc=0.271,                                 
                    train/position_7_acc=0.242,                                 
                    profile/fetch_ms=74.415,                                    
                    profile/fwd_ms=93.561, profile/bwd_ms=96.328,               
                    profile/opt_ms=0.104,                                       
                    profile/step_ms=264.408,                                    
                    profile/tokens_per_s=1.49e+04,                              
                    profile/fetch_frac=0.281, epoch=0,                          
                    lr/Muon=0.006, lr/AdamW=5.96e-04,                           
                    global_step=460                                             
[03:07:11] INFO     train/confidence_loss=0.246,                  trainer.py:584
                    train/confidence_abs_error=0.129,                           
                    train/confidence_pred_mean=0.207,                           
                    train/confidence_cumprod_bias=0.003,                        
                    train/loss=0.297, train/ce_loss=0.806,                      
                    train/tv_loss=0.128, train/accept_rate=0.336,               
                    train/accept_len=2.253, train/full_acc=0.370,               
                    train/position_1_acc=0.674,                                 
                    train/position_2_acc=0.410,                                 
                    train/position_3_acc=0.360,                                 
                    train/position_4_acc=0.310,                                 
                    train/position_5_acc=0.309,                                 
                    train/position_6_acc=0.254,                                 
                    train/position_7_acc=0.267,                                 
                    profile/fetch_ms=60.636,                                    
                    profile/fwd_ms=109.618,                                     
                    profile/bwd_ms=95.211, profile/opt_ms=0.053,                
                    profile/step_ms=265.518,                                    
                    profile/tokens_per_s=1.35e+04,                              
                    profile/fetch_frac=0.228, epoch=0,                          
                    lr/Muon=0.006, lr/AdamW=5.96e-04,                           
                    global_step=480                                             
[03:07:36] INFO     train/confidence_loss=0.242,                  trainer.py:584
                    train/confidence_abs_error=0.132,                           
                    train/confidence_pred_mean=0.242,                           
                    train/confidence_cumprod_bias=0.009,                        
                    train/loss=0.266, train/ce_loss=0.666,                      
                    train/tv_loss=0.113, train/accept_rate=0.395,               
                    train/accept_len=2.584, train/full_acc=0.429,               
                    train/position_1_acc=0.746,                                 
                    train/position_2_acc=0.549,                                 
                    train/position_3_acc=0.430,                                 
                    train/position_4_acc=0.379,                                 
                    train/position_5_acc=0.336,                                 
                    train/position_6_acc=0.288,                                 
                    train/position_7_acc=0.274,                                 
                    profile/fetch_ms=72.722,                                    
                    profile/fwd_ms=95.617, profile/bwd_ms=94.295,               
                    profile/opt_ms=226.310,                                     
                    profile/step_ms=488.944,                                    
                    profile/tokens_per_s=7.66e+03,                              
                    profile/fetch_frac=0.149, epoch=0,                          
                    lr/Muon=0.006, lr/AdamW=5.96e-04,                           
                    global_step=500                                             
[03:08:01] INFO     train/confidence_loss=0.287,                  trainer.py:584
                    train/confidence_abs_error=0.128,                           
                    train/confidence_pred_mean=0.144,                           
                    train/confidence_cumprod_bias=-0.055,                       
                    train/loss=0.295, train/ce_loss=0.719,                      
                    train/tv_loss=0.122, train/accept_rate=0.360,               
                    train/accept_len=2.330, train/full_acc=0.392,               
                    train/position_1_acc=0.725,                                 
                    train/position_2_acc=0.473,                                 
                    train/position_3_acc=0.379,                                 
                    train/position_4_acc=0.329,                                 
                    train/position_5_acc=0.307,                                 
                    train/position_6_acc=0.255,                                 
                    train/position_7_acc=0.276,                                 
                    profile/fetch_ms=74.623,                                    
                    profile/fwd_ms=90.046, profile/bwd_ms=92.240,               
                    profile/opt_ms=0.033,                                       
                    profile/step_ms=256.942,                                    
                    profile/tokens_per_s=1.53e+04,                              
                    profile/fetch_frac=0.290, epoch=0,                          
                    lr/Muon=0.006, lr/AdamW=5.95e-04,                           
                    global_step=520                                             
[03:08:26] INFO     train/confidence_loss=0.244,                  trainer.py:584
                    train/confidence_abs_error=0.136,                           
                    train/confidence_pred_mean=0.241,                           
                    train/confidence_cumprod_bias=-0.010,                       
                    train/loss=0.267, train/ce_loss=0.675,                      
                    train/tv_loss=0.113, train/accept_rate=0.399,               
                    train/accept_len=2.674, train/full_acc=0.425,               
                    train/position_1_acc=0.734,                                 
                    train/position_2_acc=0.521,                                 
                    train/position_3_acc=0.431,                                 
                    train/position_4_acc=0.376,                                 
                    train/position_5_acc=0.317,                                 
                    train/position_6_acc=0.319,                                 
                    train/position_7_acc=0.271,                                 
                    profile/fetch_ms=78.835,                                    
                    profile/fwd_ms=101.024,                                     
                    profile/bwd_ms=91.442, profile/opt_ms=0.075,                
                    profile/step_ms=271.376,                                    
                    profile/tokens_per_s=1.47e+04,                              
                    profile/fetch_frac=0.291, epoch=0,                          
                    lr/Muon=0.006, lr/AdamW=5.95e-04,                           
                    global_step=540                                             
[03:08:52] INFO     train/confidence_loss=0.246,                  trainer.py:584
                    train/confidence_abs_error=0.128,                           
                    train/confidence_pred_mean=0.194,                           
                    train/confidence_cumprod_bias=0.019,                        
                    train/loss=0.297, train/ce_loss=0.812,                      
                    train/tv_loss=0.130, train/accept_rate=0.323,               
                    train/accept_len=2.151, train/full_acc=0.366,               
                    train/position_1_acc=0.685,                                 
                    train/position_2_acc=0.422,                                 
                    train/position_3_acc=0.348,                                 
                    train/position_4_acc=0.300,                                 
                    train/position_5_acc=0.273,                                 
                    train/position_6_acc=0.273,                                 
                    train/position_7_acc=0.255,                                 
                    profile/fetch_ms=69.722,                                    
                    profile/fwd_ms=91.044, profile/bwd_ms=93.801,               
                    profile/opt_ms=264.840,                                     
                    profile/step_ms=519.406,                                    
                    profile/tokens_per_s=7.60e+03,                              
                    profile/fetch_frac=0.134, epoch=0,                          
                    lr/Muon=0.006, lr/AdamW=5.94e-04,                           
                    global_step=560                                             
[03:09:17] INFO     train/confidence_loss=0.237,                  trainer.py:584
                    train/confidence_abs_error=0.116,                           
                    train/confidence_pred_mean=0.221,                           
                    train/confidence_cumprod_bias=-0.008,                       
                    train/loss=0.256, train/ce_loss=0.625,                      
                    train/tv_loss=0.109, train/accept_rate=0.417,               
                    train/accept_len=2.751, train/full_acc=0.450,               
                    train/position_1_acc=0.768,                                 
                    train/position_2_acc=0.532,                                 
                    train/position_3_acc=0.476,                                 
                    train/position_4_acc=0.397,                                 
                    train/position_5_acc=0.321,                                 
                    train/position_6_acc=0.334,                                 
                    train/position_7_acc=0.318,                                 
                    profile/fetch_ms=68.566,                                    
                    profile/fwd_ms=104.929,                                     
                    profile/bwd_ms=92.386, profile/opt_ms=0.073,                
                    profile/step_ms=265.954,                                    
                    profile/tokens_per_s=1.50e+04,                              
                    profile/fetch_frac=0.258, epoch=0,                          
                    lr/Muon=0.006, lr/AdamW=5.94e-04,                           
                    global_step=580                                             
[03:09:41] INFO     train/confidence_loss=0.246,                  trainer.py:584
                    train/confidence_abs_error=0.137,                           
                    train/confidence_pred_mean=0.236,                           
                    train/confidence_cumprod_bias=0.031,                        
                    train/loss=0.291, train/ce_loss=0.806,                      
                    train/tv_loss=0.123, train/accept_rate=0.357,               
                    train/accept_len=2.313, train/full_acc=0.384,               
                    train/position_1_acc=0.672,                                 
                    train/position_2_acc=0.457,                                 
                    train/position_3_acc=0.388,                                 
                    train/position_4_acc=0.312,                                 
                    train/position_5_acc=0.299,                                 
                    train/position_6_acc=0.296,                                 
                    train/position_7_acc=0.264,                                 
                    profile/fetch_ms=3.432,                                     
                    profile/fwd_ms=90.488, profile/bwd_ms=91.369,               
                    profile/opt_ms=0.078,                                       
                    profile/step_ms=185.368,                                    
                    profile/tokens_per_s=2.06e+04,                              
                    profile/fetch_frac=0.019, epoch=0,                          
                    lr/Muon=0.006, lr/AdamW=5.93e-04,                           
                    global_step=600                                             
[03:10:06] INFO     train/confidence_loss=0.254,                  trainer.py:584
                    train/confidence_abs_error=0.140,                           
                    train/confidence_pred_mean=0.279,                           
                    train/confidence_cumprod_bias=0.038,                        
                    train/loss=0.259, train/ce_loss=0.619,                      
                    train/tv_loss=0.109, train/accept_rate=0.416,               
                    train/accept_len=2.735, train/full_acc=0.446,               
                    train/position_1_acc=0.789,                                 
                    train/position_2_acc=0.538,                                 
                    train/position_3_acc=0.469,                                 
                    train/position_4_acc=0.357,                                 
                    train/position_5_acc=0.342,                                 
                    train/position_6_acc=0.315,                                 
                    train/position_7_acc=0.310,                                 
                    profile/fetch_ms=63.121,                                    
                    profile/fwd_ms=93.992, profile/bwd_ms=92.143,               
                    profile/opt_ms=295.941,                                     
                    profile/step_ms=545.197,                                    
                    profile/tokens_per_s=7.28e+03,                              
                    profile/fetch_frac=0.116, epoch=0,                          
                    lr/Muon=0.006, lr/AdamW=5.93e-04,                           
                    global_step=620                                             
[03:10:30] INFO     train/confidence_loss=0.250,                  trainer.py:584
                    train/confidence_abs_error=0.137,                           
                    train/confidence_pred_mean=0.266,                           
                    train/confidence_cumprod_bias=0.035,                        
                    train/loss=0.270, train/ce_loss=0.694,                      
                    train/tv_loss=0.113, train/accept_rate=0.402,               
                    train/accept_len=2.606, train/full_acc=0.434,               
                    train/position_1_acc=0.732,                                 
                    train/position_2_acc=0.513,                                 
                    train/position_3_acc=0.435,                                 
                    train/position_4_acc=0.374,                                 
                    train/position_5_acc=0.338,                                 
                    train/position_6_acc=0.339,                                 
                    train/position_7_acc=0.303,                                 
                    profile/fetch_ms=51.909,                                    
                    profile/fwd_ms=128.546,                                     
                    profile/bwd_ms=91.326, profile/opt_ms=0.089,                
                    profile/step_ms=271.870,                                    
                    profile/tokens_per_s=1.41e+04,                              
                    profile/fetch_frac=0.191, epoch=0,                          
                    lr/Muon=0.006, lr/AdamW=5.93e-04,                           
                    global_step=640                                             
[03:10:56] INFO     train/confidence_loss=0.239,                  trainer.py:584
                    train/confidence_abs_error=0.116,                           
                    train/confidence_pred_mean=0.175,                           
                    train/confidence_cumprod_bias=-0.032,                       
                    train/loss=0.284, train/ce_loss=0.781,                      
                    train/tv_loss=0.122, train/accept_rate=0.367,               
                    train/accept_len=2.406, train/full_acc=0.392,               
                    train/position_1_acc=0.664,                                 
                    train/position_2_acc=0.456,                                 
                    train/position_3_acc=0.389,                                 
                    train/position_4_acc=0.343,                                 
                    train/position_5_acc=0.315,                                 
                    train/position_6_acc=0.291,                                 
                    train/position_7_acc=0.283,                                 
                    profile/fetch_ms=3.207,                                     
                    profile/fwd_ms=91.492, profile/bwd_ms=90.461,               
                    profile/opt_ms=0.048,                                       
                    profile/step_ms=185.209,                                    
                    profile/tokens_per_s=2.17e+04,                              
                    profile/fetch_frac=0.017, epoch=0,                          
                    lr/Muon=0.006, lr/AdamW=5.92e-04,                           
                    global_step=660                                             
[03:11:19] INFO     train/confidence_loss=0.252,                  trainer.py:584
                    train/confidence_abs_error=0.119,                           
                    train/confidence_pred_mean=0.188,                           
                    train/confidence_cumprod_bias=-0.030,                       
                    train/loss=0.269, train/ce_loss=0.650,                      
                    train/tv_loss=0.114, train/accept_rate=0.400,               
                    train/accept_len=2.568, train/full_acc=0.439,               
                    train/position_1_acc=0.738,                                 
                    train/position_2_acc=0.524,                                 
                    train/position_3_acc=0.402,                                 
                    train/position_4_acc=0.389,                                 
                    train/position_5_acc=0.352,                                 
                    train/position_6_acc=0.350,                                 
                    train/position_7_acc=0.313,                                 
                    profile/fetch_ms=63.290,                                    
                    profile/fwd_ms=101.572,                                     
                    profile/bwd_ms=89.117,                                      
                    profile/opt_ms=280.355,                                     
                    profile/step_ms=534.333,                                    
                    profile/tokens_per_s=7.21e+03,                              
                    profile/fetch_frac=0.118, epoch=0,                          
                    lr/Muon=0.006, lr/AdamW=5.92e-04,                           
                    global_step=680                                             
[03:11:43] INFO     train/confidence_loss=0.244,                  trainer.py:584
                    train/confidence_abs_error=0.134,                           
                    train/confidence_pred_mean=0.233,                           
                    train/confidence_cumprod_bias=0.011,                        
                    train/loss=0.287, train/ce_loss=0.800,                      
                    train/tv_loss=0.122, train/accept_rate=0.365,               
                    train/accept_len=2.429, train/full_acc=0.397,               
                    train/position_1_acc=0.703,                                 
                    train/position_2_acc=0.479,                                 
                    train/position_3_acc=0.369,                                 
                    train/position_4_acc=0.341,                                 
                    train/position_5_acc=0.327,                                 
                    train/position_6_acc=0.289,                                 
                    train/position_7_acc=0.268,                                 
                    profile/fetch_ms=116.627,                                   
                    profile/fwd_ms=106.343,                                     
                    profile/bwd_ms=91.639, profile/opt_ms=0.067,                
                    profile/step_ms=314.676,                                    
                    profile/tokens_per_s=1.28e+04,                              
                    profile/fetch_frac=0.371, epoch=0,                          
                    lr/Muon=0.006, lr/AdamW=5.91e-04,                           
                    global_step=700                                             
[03:12:10] INFO     train/confidence_loss=0.236,                  trainer.py:584
                    train/confidence_abs_error=0.128,                           
                    train/confidence_pred_mean=0.247,                           
                    train/confidence_cumprod_bias=-0.019,                       
                    train/loss=0.250, train/ce_loss=0.625,                      
                    train/tv_loss=0.103, train/accept_rate=0.437,               
                    train/accept_len=2.896, train/full_acc=0.468,               
                    train/position_1_acc=0.804,                                 
                    train/position_2_acc=0.567,                                 
                    train/position_3_acc=0.473,                                 
                    train/position_4_acc=0.406,                                 
                    train/position_5_acc=0.358,                                 
                    train/position_6_acc=0.346,                                 
                    train/position_7_acc=0.316,                                 
                    profile/fetch_ms=1.61e+03,                                  
                    profile/fwd_ms=94.474, profile/bwd_ms=91.253,               
                    profile/opt_ms=0.088,                                       
                    profile/step_ms=1.80e+03,                                   
                    profile/tokens_per_s=2.27e+03,                              
                    profile/fetch_frac=0.897, epoch=0,                          
                    lr/Muon=0.006, lr/AdamW=5.91e-04,                           
                    global_step=720                                             
[03:12:36] INFO     train/confidence_loss=0.256,                  trainer.py:584
                    train/confidence_abs_error=0.124,                           
                    train/confidence_pred_mean=0.195,                           
                    train/confidence_cumprod_bias=-0.048,                       
                    train/loss=0.253, train/ce_loss=0.575,                      
                    train/tv_loss=0.103, train/accept_rate=0.440,               
                    train/accept_len=2.800, train/full_acc=0.485,               
                    train/position_1_acc=0.784,                                 
                    train/position_2_acc=0.594,                                 
                    train/position_3_acc=0.485,                                 
                    train/position_4_acc=0.424,                                 
                    train/position_5_acc=0.404,                                 
                    train/position_6_acc=0.362,                                 
                    train/position_7_acc=0.339,                                 
                    profile/fetch_ms=1.33e+03,                                  
                    profile/fwd_ms=143.883,                                     
                    profile/bwd_ms=94.908,                                      
                    profile/opt_ms=302.105,                                     
                    profile/step_ms=1.87e+03,                                   
                    profile/tokens_per_s=1.78e+03,                              
                    profile/fetch_frac=0.711, epoch=0,                          
                    lr/Muon=0.006, lr/AdamW=5.91e-04,                           
                    global_step=740                                             
[03:13:02] INFO     train/confidence_loss=0.254,                  trainer.py:584
                    train/confidence_abs_error=0.139,                           
                    train/confidence_pred_mean=0.249,                           
                    train/confidence_cumprod_bias=0.013,                        
                    train/loss=0.275, train/ce_loss=0.691,                      
                    train/tv_loss=0.113, train/accept_rate=0.399,               
                    train/accept_len=2.544, train/full_acc=0.435,               
                    train/position_1_acc=0.751,                                 
                    train/position_2_acc=0.512,                                 
                    train/position_3_acc=0.422,                                 
                    train/position_4_acc=0.388,                                 
                    train/position_5_acc=0.360,                                 
                    train/position_6_acc=0.320,                                 
                    train/position_7_acc=0.292,                                 
                    profile/fetch_ms=1.64e+03,                                  
                    profile/fwd_ms=102.351,                                     
                    profile/bwd_ms=95.568, profile/opt_ms=0.096,                
                    profile/step_ms=1.84e+03,                                   
                    profile/tokens_per_s=2.10e+03,                              
                    profile/fetch_frac=0.892, epoch=0,                          
                    lr/Muon=0.006, lr/AdamW=5.90e-04,                           
                    global_step=760                                             
[03:13:27] INFO     train/confidence_loss=0.240,                  trainer.py:584
                    train/confidence_abs_error=0.134,                           
                    train/confidence_pred_mean=0.249,                           
                    train/confidence_cumprod_bias=0.025,                        
                    train/loss=0.283, train/ce_loss=0.775,                      
                    train/tv_loss=0.123, train/accept_rate=0.356,               
                    train/accept_len=2.454, train/full_acc=0.391,               
                    train/position_1_acc=0.725,                                 
                    train/position_2_acc=0.459,                                 
                    train/position_3_acc=0.373,                                 
                    train/position_4_acc=0.337,                                 
                    train/position_5_acc=0.292,                                 
                    train/position_6_acc=0.274,                                 
                    train/position_7_acc=0.272,                                 
                    profile/fetch_ms=1.73e+03,                                  
                    profile/fwd_ms=92.593,                                      
                    profile/bwd_ms=141.618, profile/opt_ms=0.061,               
                    profile/step_ms=1.96e+03,                                   
                    profile/tokens_per_s=1.95e+03,                              
                    profile/fetch_frac=0.881, epoch=0,                          
                    lr/Muon=0.006, lr/AdamW=5.90e-04,                           
                    global_step=780                                             
[03:13:51] INFO     train/confidence_loss=0.244,                  trainer.py:584
                    train/confidence_abs_error=0.130,                           
                    train/confidence_pred_mean=0.284,                           
                    train/confidence_cumprod_bias=0.044,                        
                    train/loss=0.256, train/ce_loss=0.628,                      
                    train/tv_loss=0.106, train/accept_rate=0.431,               
                    train/accept_len=2.803, train/full_acc=0.459,               
                    train/position_1_acc=0.771,                                 
                    train/position_2_acc=0.569,                                 
                    train/position_3_acc=0.436,                                 
                    train/position_4_acc=0.404,                                 
                    train/position_5_acc=0.363,                                 
                    train/position_6_acc=0.343,                                 
                    train/position_7_acc=0.323,                                 
                    profile/fetch_ms=68.848,                                    
                    profile/fwd_ms=94.882, profile/bwd_ms=95.177,               
                    profile/opt_ms=308.771,                                     
                    profile/step_ms=567.678,                                    
                    profile/tokens_per_s=7.07e+03,                              
                    profile/fetch_frac=0.121, epoch=0,                          
                    lr/Muon=0.006, lr/AdamW=5.89e-04,                           
                    global_step=800                                             
[03:14:17] INFO     train/confidence_loss=0.258,                  trainer.py:584
                    train/confidence_abs_error=0.123,                           
                    train/confidence_pred_mean=0.192,                           
                    train/confidence_cumprod_bias=-0.025,                       
                    train/loss=0.275, train/ce_loss=0.688,                      
                    train/tv_loss=0.113, train/accept_rate=0.398,               
                    train/accept_len=2.553, train/full_acc=0.435,               
                    train/position_1_acc=0.745,                                 
                    train/position_2_acc=0.524,                                 
                    train/position_3_acc=0.437,                                 
                    train/position_4_acc=0.376,                                 
                    train/position_5_acc=0.336,                                 
                    train/position_6_acc=0.326,                                 
                    train/position_7_acc=0.297,                                 
                    profile/fetch_ms=586.231,                                   
                    profile/fwd_ms=94.181, profile/bwd_ms=89.359,               
                    profile/opt_ms=0.058,                                       
                    profile/step_ms=769.830,                                    
                    profile/tokens_per_s=4.75e+03,                              
                    profile/fetch_frac=0.762, epoch=0,                          
                    lr/Muon=0.006, lr/AdamW=5.89e-04,                           
                    global_step=820                                             
[03:14:42] INFO     train/confidence_loss=0.248,                  trainer.py:584
                    train/confidence_abs_error=0.137,                           
                    train/confidence_pred_mean=0.270,                           
                    train/confidence_cumprod_bias=0.031,                        
                    train/loss=0.264, train/ce_loss=0.650,                      
                    train/tv_loss=0.112, train/accept_rate=0.399,               
                    train/accept_len=2.664, train/full_acc=0.431,               
                    train/position_1_acc=0.787,                                 
                    train/position_2_acc=0.512,                                 
                    train/position_3_acc=0.416,                                 
                    train/position_4_acc=0.354,                                 
                    train/position_5_acc=0.326,                                 
                    train/position_6_acc=0.323,                                 
                    train/position_7_acc=0.294,                                 
                    profile/fetch_ms=6.489,                                     
                    profile/fwd_ms=96.282,                                      
                    profile/bwd_ms=107.576, profile/opt_ms=0.088,               
                    profile/step_ms=210.435,                                    
                    profile/tokens_per_s=1.59e+04,                              
                    profile/fetch_frac=0.031, epoch=0,                          
                    lr/Muon=0.006, lr/AdamW=5.88e-04,                           
                    global_step=840                                             
[03:15:09] INFO     train/confidence_loss=0.234,                  trainer.py:584
                    train/confidence_abs_error=0.125,                           
                    train/confidence_pred_mean=0.257,                           
                    train/confidence_cumprod_bias=-0.005,                       
                    train/loss=0.244, train/ce_loss=0.581,                      
                    train/tv_loss=0.102, train/accept_rate=0.450,               
                    train/accept_len=2.942, train/full_acc=0.480,               
                    train/position_1_acc=0.783,                                 
                    train/position_2_acc=0.611,                                 
                    train/position_3_acc=0.495,                                 
                    train/position_4_acc=0.416,                                 
                    train/position_5_acc=0.361,                                 
                    train/position_6_acc=0.350,                                 
                    train/position_7_acc=0.342,                                 
                    profile/fetch_ms=68.175,                                    
                    profile/fwd_ms=129.112,                                     
                    profile/bwd_ms=99.411,                                      
                    profile/opt_ms=313.055,                                     
                    profile/step_ms=609.753,                                    
                    profile/tokens_per_s=6.52e+03,                              
                    profile/fetch_frac=0.112, epoch=0,                          
                    lr/Muon=0.006, lr/AdamW=5.88e-04,                           
                    global_step=860                                             
[03:15:35] INFO     train/confidence_loss=0.240,                  trainer.py:584
                    train/confidence_abs_error=0.126,                           
                    train/confidence_pred_mean=0.264,                           
                    train/confidence_cumprod_bias=0.027,                        
                    train/loss=0.259, train/ce_loss=0.656,                      
                    train/tv_loss=0.109, train/accept_rate=0.414,               
                    train/accept_len=2.735, train/full_acc=0.445,               
                    train/position_1_acc=0.781,                                 
                    train/position_2_acc=0.534,                                 
                    train/position_3_acc=0.429,                                 
                    train/position_4_acc=0.390,                                 
                    train/position_5_acc=0.338,                                 
                    train/position_6_acc=0.335,                                 
                    train/position_7_acc=0.307,                                 
                    profile/fetch_ms=71.886,                                    
                    profile/fwd_ms=93.710, profile/bwd_ms=91.248,               
                    profile/opt_ms=0.112,                                       
                    profile/step_ms=256.956,                                    
                    profile/tokens_per_s=1.56e+04,                              
                    profile/fetch_frac=0.280, epoch=0,                          
                    lr/Muon=0.006, lr/AdamW=5.88e-04,                           
                    global_step=880                                             
[03:16:00] INFO     train/confidence_loss=0.247,                  trainer.py:584
                    train/confidence_abs_error=0.121,                           
                    train/confidence_pred_mean=0.193,                           
                    train/confidence_cumprod_bias=-0.036,                       
                    train/loss=0.272, train/ce_loss=0.716,                      
                    train/tv_loss=0.114, train/accept_rate=0.399,               
                    train/accept_len=2.573, train/full_acc=0.431,               
                    train/position_1_acc=0.732,                                 
                    train/position_2_acc=0.502,                                 
                    train/position_3_acc=0.445,                                 
                    train/position_4_acc=0.378,                                 
                    train/position_5_acc=0.335,                                 
                    train/position_6_acc=0.315,                                 
                    train/position_7_acc=0.308,                                 
                    profile/fetch_ms=71.623,                                    
                    profile/fwd_ms=96.588, profile/bwd_ms=92.772,               
                    profile/opt_ms=0.082,                                       
                    profile/step_ms=261.065,                                    
                    profile/tokens_per_s=1.45e+04,                              
                    profile/fetch_frac=0.274, epoch=0,                          
                    lr/Muon=0.006, lr/AdamW=5.87e-04,                           
                    global_step=900                                             
[03:16:24] INFO     train/confidence_loss=0.262,                  trainer.py:584
                    train/confidence_abs_error=0.123,                           
                    train/confidence_pred_mean=0.194,                           
                    train/confidence_cumprod_bias=-0.036,                       
                    train/loss=0.269, train/ce_loss=0.644,                      
                    train/tv_loss=0.111, train/accept_rate=0.411,               
                    train/accept_len=2.648, train/full_acc=0.441,               
                    train/position_1_acc=0.792,                                 
                    train/position_2_acc=0.514,                                 
                    train/position_3_acc=0.407,                                 
                    train/position_4_acc=0.376,                                 
                    train/position_5_acc=0.353,                                 
                    train/position_6_acc=0.341,                                 
                    train/position_7_acc=0.300,                                 
                    profile/fetch_ms=66.247,                                    
                    profile/fwd_ms=98.266, profile/bwd_ms=89.083,               
                    profile/opt_ms=288.297,                                     
                    profile/step_ms=541.893,                                    
                    profile/tokens_per_s=6.82e+03,                              
                    profile/fetch_frac=0.122, epoch=0,                          
                    lr/Muon=0.006, lr/AdamW=5.87e-04,                           
                    global_step=920                                             
[03:16:51] INFO     train/confidence_loss=0.252,                  trainer.py:584
                    train/confidence_abs_error=0.135,                           
                    train/confidence_pred_mean=0.281,                           
                    train/confidence_cumprod_bias=0.033,                        
                    train/loss=0.259, train/ce_loss=0.622,                      
                    train/tv_loss=0.106, train/accept_rate=0.432,               
                    train/accept_len=2.785, train/full_acc=0.460,               
                    train/position_1_acc=0.782,                                 
                    train/position_2_acc=0.533,                                 
                    train/position_3_acc=0.466,                                 
                    train/position_4_acc=0.409,                                 
                    train/position_5_acc=0.384,                                 
                    train/position_6_acc=0.311,                                 
                    train/position_7_acc=0.332,                                 
                    profile/fetch_ms=69.038,                                    
                    profile/fwd_ms=131.198,                                     
                    profile/bwd_ms=92.175, profile/opt_ms=0.075,                
                    profile/step_ms=292.487,                                    
                    profile/tokens_per_s=1.31e+04,                              
                    profile/fetch_frac=0.236, epoch=0,                          
                    lr/Muon=0.006, lr/AdamW=5.86e-04,                           
                    global_step=940                                             
[03:17:17] INFO     train/confidence_loss=0.247,                  trainer.py:584
                    train/confidence_abs_error=0.120,                           
                    train/confidence_pred_mean=0.197,                           
                    train/confidence_cumprod_bias=-0.041,                       
                    train/loss=0.263, train/ce_loss=0.653,                      
                    train/tv_loss=0.110, train/accept_rate=0.412,               
                    train/accept_len=2.746, train/full_acc=0.447,               
                    train/position_1_acc=0.763,                                 
                    train/position_2_acc=0.544,                                 
                    train/position_3_acc=0.441,                                 
                    train/position_4_acc=0.395,                                 
                    train/position_5_acc=0.345,                                 
                    train/position_6_acc=0.330,                                 
                    train/position_7_acc=0.308,                                 
                    profile/fetch_ms=3.230,                                     
                    profile/fwd_ms=126.877,                                     
                    profile/bwd_ms=96.935, profile/opt_ms=0.120,                
                    profile/step_ms=227.162,                                    
                    profile/tokens_per_s=1.76e+04,                              
                    profile/fetch_frac=0.014, epoch=0,                          
                    lr/Muon=0.006, lr/AdamW=5.86e-04,                           
                    global_step=960                                             
[03:17:42] INFO     train/confidence_loss=0.236,                  trainer.py:584
                    train/confidence_abs_error=0.130,                           
                    train/confidence_pred_mean=0.250,                           
                    train/confidence_cumprod_bias=-0.037,                       
                    train/loss=0.231, train/ce_loss=0.537,                      
                    train/tv_loss=0.094, train/accept_rate=0.482,               
                    train/accept_len=3.146, train/full_acc=0.513,               
                    train/position_1_acc=0.836,                                 
                    train/position_2_acc=0.652,                                 
                    train/position_3_acc=0.524,                                 
                    train/position_4_acc=0.411,                                 
                    train/position_5_acc=0.413,                                 
                    train/position_6_acc=0.399,                                 
                    train/position_7_acc=0.354,                                 
                    profile/fetch_ms=75.377,                                    
                    profile/fwd_ms=93.733, profile/bwd_ms=93.960,               
                    profile/opt_ms=273.841,                                     
                    profile/step_ms=536.912,                                    
                    profile/tokens_per_s=7.37e+03,                              
                    profile/fetch_frac=0.140, epoch=0,                          
                    lr/Muon=0.006, lr/AdamW=5.85e-04,                           
                    global_step=980                                             
[03:18:08] INFO     train/confidence_loss=0.243,                  trainer.py:584
                    train/confidence_abs_error=0.137,                           
                    train/confidence_pred_mean=0.304,                           
                    train/confidence_cumprod_bias=0.026,                        
                    train/loss=0.230, train/ce_loss=0.522,                      
                    train/tv_loss=0.089, train/accept_rate=0.505,               
                    train/accept_len=3.175, train/full_acc=0.538,               
                    train/position_1_acc=0.853,                                 
                    train/position_2_acc=0.645,                                 
                    train/position_3_acc=0.515,                                 
                    train/position_4_acc=0.496,                                 
                    train/position_5_acc=0.465,                                 
                    train/position_6_acc=0.400,                                 
                    train/position_7_acc=0.385,                                 
                    profile/fetch_ms=75.503,                                    
                    profile/fwd_ms=90.650, profile/bwd_ms=91.887,               
                    profile/opt_ms=0.057,                                       
                    profile/step_ms=258.098,                                    
                    profile/tokens_per_s=1.54e+04,                              
                    profile/fetch_frac=0.293, epoch=0,                          
                    lr/Muon=0.006, lr/AdamW=5.85e-04,                           
                    global_step=1000                                            
[03:18:34] INFO     train/confidence_loss=0.234,                  trainer.py:584
                    train/confidence_abs_error=0.125,                           
                    train/confidence_pred_mean=0.227,                           
                    train/confidence_cumprod_bias=-0.007,                       
                    train/loss=0.259, train/ce_loss=0.666,                      
                    train/tv_loss=0.110, train/accept_rate=0.416,               
                    train/accept_len=2.678, train/full_acc=0.445,               
                    train/position_1_acc=0.755,                                 
                    train/position_2_acc=0.502,                                 
                    train/position_3_acc=0.447,                                 
                    train/position_4_acc=0.398,                                 
                    train/position_5_acc=0.378,                                 
                    train/position_6_acc=0.326,                                 
                    train/position_7_acc=0.305,                                 
                    profile/fetch_ms=3.453,                                     
                    profile/fwd_ms=90.872, profile/bwd_ms=93.972,               
                    profile/opt_ms=0.069,                                       
                    profile/step_ms=188.366,                                    
                    profile/tokens_per_s=1.75e+04,                              
                    profile/fetch_frac=0.018, epoch=0,                          
                    lr/Muon=0.006, lr/AdamW=5.85e-04,                           
                    global_step=1020                                            
[03:19:00] INFO     train/confidence_loss=0.229,                  trainer.py:584
                    train/confidence_abs_error=0.126,                           
                    train/confidence_pred_mean=0.274,                           
                    train/confidence_cumprod_bias=-0.044,                       
                    train/loss=0.211, train/ce_loss=0.444,                      
                    train/tv_loss=0.083, train/accept_rate=0.532,               
                    train/accept_len=3.459, train/full_acc=0.564,               
                    train/position_1_acc=0.867,                                 
                    train/position_2_acc=0.694,                                 
                    train/position_3_acc=0.588,                                 
                    train/position_4_acc=0.524,                                 
                    train/position_5_acc=0.450,                                 
                    train/position_6_acc=0.424,                                 
                    train/position_7_acc=0.396,                                 
                    profile/fetch_ms=69.629,                                    
                    profile/fwd_ms=93.095, profile/bwd_ms=91.833,               
                    profile/opt_ms=294.449,                                     
                    profile/step_ms=549.006,                                    
                    profile/tokens_per_s=6.71e+03,                              
                    profile/fetch_frac=0.127, epoch=0,                          
                    lr/Muon=0.006, lr/AdamW=5.84e-04,                           
                    global_step=1040                                            
[03:19:26] INFO     train/confidence_loss=0.258,                  trainer.py:584
                    train/confidence_abs_error=0.132,                           
                    train/confidence_pred_mean=0.253,                           
                    train/confidence_cumprod_bias=-0.021,                       
                    train/loss=0.237, train/ce_loss=0.519,                      
                    train/tv_loss=0.092, train/accept_rate=0.500,               
                    train/accept_len=3.090, train/full_acc=0.530,               
                    train/position_1_acc=0.822,                                 
                    train/position_2_acc=0.641,                                 
                    train/position_3_acc=0.534,                                 
                    train/position_4_acc=0.460,                                 
                    train/position_5_acc=0.424,                                 
                    train/position_6_acc=0.418,                                 
                    train/position_7_acc=0.408,                                 
                    profile/fetch_ms=70.253,                                    
                    profile/fwd_ms=91.697, profile/bwd_ms=93.125,               
                    profile/opt_ms=0.053,                                       
                    profile/step_ms=255.129,                                    
                    profile/tokens_per_s=1.56e+04,                              
                    profile/fetch_frac=0.275, epoch=0,                          
                    lr/Muon=0.006, lr/AdamW=5.84e-04,                           
                    global_step=1060                                            
[03:19:52] INFO     train/confidence_loss=0.242,                  trainer.py:584
                    train/confidence_abs_error=0.134,                           
                    train/confidence_pred_mean=0.300,                           
                    train/confidence_cumprod_bias=0.038,                        
                    train/loss=0.247, train/ce_loss=0.594,                      
                    train/tv_loss=0.100, train/accept_rate=0.465,               
                    train/accept_len=2.967, train/full_acc=0.495,               
                    train/position_1_acc=0.779,                                 
                    train/position_2_acc=0.602,                                 
                    train/position_3_acc=0.492,                                 
                    train/position_4_acc=0.445,                                 
                    train/position_5_acc=0.393,                                 
                    train/position_6_acc=0.376,                                 
                    train/position_7_acc=0.374,                                 
                    profile/fetch_ms=3.286,                                     
                    profile/fwd_ms=147.521,                                     
                    profile/bwd_ms=97.194, profile/opt_ms=0.062,                
                    profile/step_ms=248.062,                                    
                    profile/tokens_per_s=1.56e+04,                              
                    profile/fetch_frac=0.013, epoch=0,                          
                    lr/Muon=0.006, lr/AdamW=5.83e-04,                           
                    global_step=1080                                            
[03:20:16] INFO     train/confidence_loss=0.250,                  trainer.py:584
                    train/confidence_abs_error=0.133,                           
                    train/confidence_pred_mean=0.268,                           
                    train/confidence_cumprod_bias=0.028,                        
                    train/loss=0.259, train/ce_loss=0.625,                      
                    train/tv_loss=0.107, train/accept_rate=0.431,               
                    train/accept_len=2.698, train/full_acc=0.460,               
                    train/position_1_acc=0.771,                                 
                    train/position_2_acc=0.543,                                 
                    train/position_3_acc=0.440,                                 
                    train/position_4_acc=0.416,                                 
                    train/position_5_acc=0.361,                                 
                    train/position_6_acc=0.346,                                 
                    train/position_7_acc=0.340,                                 
                    profile/fetch_ms=88.639,                                    
                    profile/fwd_ms=93.993, profile/bwd_ms=92.177,               
                    profile/opt_ms=284.598,                                     
                    profile/step_ms=559.408,                                    
                    profile/tokens_per_s=7.08e+03,                              
                    profile/fetch_frac=0.158, epoch=0,                          
                    lr/Muon=0.006, lr/AdamW=5.83e-04,                           
                    global_step=1100                                            
[03:20:41] INFO     train/confidence_loss=0.246,                  trainer.py:584
                    train/confidence_abs_error=0.122,                           
                    train/confidence_pred_mean=0.210,                           
                    train/confidence_cumprod_bias=-0.038,                       
                    train/loss=0.259, train/ce_loss=0.644,                      
                    train/tv_loss=0.106, train/accept_rate=0.433,               
                    train/accept_len=2.779, train/full_acc=0.465,               
                    train/position_1_acc=0.761,                                 
                    train/position_2_acc=0.557,                                 
                    train/position_3_acc=0.473,                                 
                    train/position_4_acc=0.409,                                 
                    train/position_5_acc=0.380,                                 
                    train/position_6_acc=0.355,                                 
                    train/position_7_acc=0.316,                                 
                    profile/fetch_ms=69.118,                                    
                    profile/fwd_ms=97.288, profile/bwd_ms=98.096,               
                    profile/opt_ms=0.076,                                       
                    profile/step_ms=264.578,                                    
                    profile/tokens_per_s=1.45e+04,                              
                    profile/fetch_frac=0.261, epoch=0,                          
                    lr/Muon=0.006, lr/AdamW=5.83e-04,                           
                    global_step=1120                                            
[03:21:07] INFO     train/confidence_loss=0.254,                  trainer.py:584
                    train/confidence_abs_error=0.139,                           
                    train/confidence_pred_mean=0.291,                           
                    train/confidence_cumprod_bias=0.039,                        
                    train/loss=0.259, train/ce_loss=0.631,                      
                    train/tv_loss=0.105, train/accept_rate=0.438,               
                    train/accept_len=2.795, train/full_acc=0.470,               
                    train/position_1_acc=0.758,                                 
                    train/position_2_acc=0.566,                                 
                    train/position_3_acc=0.467,                                 
                    train/position_4_acc=0.430,                                 
                    train/position_5_acc=0.374,                                 
                    train/position_6_acc=0.365,                                 
                    train/position_7_acc=0.329,                                 
                    profile/fetch_ms=11.601,                                    
                    profile/fwd_ms=94.932,                                      
                    profile/bwd_ms=118.102, profile/opt_ms=0.070,               
                    profile/step_ms=224.705,                                    
                    profile/tokens_per_s=1.72e+04,                              
                    profile/fetch_frac=0.052, epoch=0,                          
                    lr/Muon=0.006, lr/AdamW=5.82e-04,                           
                    global_step=1140                                            
[03:21:33] INFO     train/confidence_loss=0.249,                  trainer.py:584
                    train/confidence_abs_error=0.135,                           
                    train/confidence_pred_mean=0.286,                           
                    train/confidence_cumprod_bias=0.007,                        
                    train/loss=0.245, train/ce_loss=0.553,                      
                    train/tv_loss=0.099, train/accept_rate=0.461,               
                    train/accept_len=2.940, train/full_acc=0.495,               
                    train/position_1_acc=0.806,                                 
                    train/position_2_acc=0.607,                                 
                    train/position_3_acc=0.484,                                 
                    train/position_4_acc=0.448,                                 
                    train/position_5_acc=0.404,                                 
                    train/position_6_acc=0.362,                                 
                    train/position_7_acc=0.347,                                 
                    profile/fetch_ms=73.216,                                    
                    profile/fwd_ms=118.544,                                     
                    profile/bwd_ms=93.386,                                      
                    profile/opt_ms=309.933,                                     
                    profile/step_ms=595.079,                                    
                    profile/tokens_per_s=6.40e+03,                              
                    profile/fetch_frac=0.123, epoch=0,                          
                    lr/Muon=0.006, lr/AdamW=5.82e-04,                           
                    global_step=1160                                            
[03:21:58] INFO     train/confidence_loss=0.234,                  trainer.py:584
                    train/confidence_abs_error=0.123,                           
                    train/confidence_pred_mean=0.249,                           
                    train/confidence_cumprod_bias=-0.025,                       
                    train/loss=0.237, train/ce_loss=0.562,                      
                    train/tv_loss=0.097, train/accept_rate=0.475,               
                    train/accept_len=3.033, train/full_acc=0.505,               
                    train/position_1_acc=0.789,                                 
                    train/position_2_acc=0.587,                                 
                    train/position_3_acc=0.495,                                 
                    train/position_4_acc=0.457,                                 
                    train/position_5_acc=0.435,                                 
                    train/position_6_acc=0.400,                                 
                    train/position_7_acc=0.367,                                 
                    profile/fetch_ms=68.825,                                    
                    profile/fwd_ms=92.507, profile/bwd_ms=94.658,               
                    profile/opt_ms=0.085,                                       
                    profile/step_ms=256.074,                                    
                    profile/tokens_per_s=1.58e+04,                              
                    profile/fetch_frac=0.269, epoch=0,                          
                    lr/Muon=0.006, lr/AdamW=5.81e-04,                           
                    global_step=1180                                            
[03:22:23] INFO     train/confidence_loss=0.238,                  trainer.py:584
                    train/confidence_abs_error=0.128,                           
                    train/confidence_pred_mean=0.334,                           
                    train/confidence_cumprod_bias=0.031,                        
                    train/loss=0.219, train/ce_loss=0.459,                      
                    train/tv_loss=0.087, train/accept_rate=0.520,               
                    train/accept_len=3.429, train/full_acc=0.550,               
                    train/position_1_acc=0.863,                                 
                    train/position_2_acc=0.676,                                 
                    train/position_3_acc=0.574,                                 
                    train/position_4_acc=0.496,                                 
                    train/position_5_acc=0.470,                                 
                    train/position_6_acc=0.410,                                 
                    train/position_7_acc=0.358,                                 
                    profile/fetch_ms=39.662,                                    
                    profile/fwd_ms=100.782,                                     
                    profile/bwd_ms=94.739, profile/opt_ms=0.070,                
                    profile/step_ms=235.253,                                    
                    profile/tokens_per_s=1.70e+04,                              
                    profile/fetch_frac=0.169, epoch=0,                          
                    lr/Muon=0.006, lr/AdamW=5.81e-04,                           
                    global_step=1200                                            
[03:22:50] INFO     train/confidence_loss=0.234,                  trainer.py:584
                    train/confidence_abs_error=0.131,                           
                    train/confidence_pred_mean=0.296,                           
                    train/confidence_cumprod_bias=0.022,                        
                    train/loss=0.244, train/ce_loss=0.600,                      
                    train/tv_loss=0.101, train/accept_rate=0.460,               
                    train/accept_len=2.972, train/full_acc=0.489,               
                    train/position_1_acc=0.774,                                 
                    train/position_2_acc=0.598,                                 
                    train/position_3_acc=0.518,                                 
                    train/position_4_acc=0.427,                                 
                    train/position_5_acc=0.389,                                 
                    train/position_6_acc=0.357,                                 
                    train/position_7_acc=0.354,                                 
                    profile/fetch_ms=63.138,                                    
                    profile/fwd_ms=95.533,                                      
                    profile/bwd_ms=101.282,                                     
                    profile/opt_ms=300.359,                                     
                    profile/step_ms=560.312,                                    
                    profile/tokens_per_s=7.18e+03,                              
                    profile/fetch_frac=0.113, epoch=0,                          
                    lr/Muon=0.006, lr/AdamW=5.80e-04,                           
                    global_step=1220                                            
[03:23:13] INFO     train/confidence_loss=0.250,                  trainer.py:584
                    train/confidence_abs_error=0.133,                           
                    train/confidence_pred_mean=0.263,                           
                    train/confidence_cumprod_bias=0.025,                        
                    train/loss=0.267, train/ce_loss=0.681,                      
                    train/tv_loss=0.109, train/accept_rate=0.415,               
                    train/accept_len=2.627, train/full_acc=0.448,               
                    train/position_1_acc=0.768,                                 
                    train/position_2_acc=0.519,                                 
                    train/position_3_acc=0.446,                                 
                    train/position_4_acc=0.399,                                 
                    train/position_5_acc=0.356,                                 
                    train/position_6_acc=0.330,                                 
                    train/position_7_acc=0.313,                                 
                    profile/fetch_ms=73.513,                                    
                    profile/fwd_ms=129.429,                                     
                    profile/bwd_ms=114.772, profile/opt_ms=0.054,               
                    profile/step_ms=317.768,                                    
                    profile/tokens_per_s=1.15e+04,                              
                    profile/fetch_frac=0.231, epoch=0,                          
                    lr/Muon=0.006, lr/AdamW=5.80e-04,                           
                    global_step=1240                                            
[03:23:39] INFO     train/confidence_loss=0.237,                  trainer.py:584
                    train/confidence_abs_error=0.127,                           
                    train/confidence_pred_mean=0.279,                           
                    train/confidence_cumprod_bias=-0.008,                       
                    train/loss=0.222, train/ce_loss=0.466,                      
                    train/tv_loss=0.090, train/accept_rate=0.493,               
                    train/accept_len=3.227, train/full_acc=0.527,               
                    train/position_1_acc=0.873,                                 
                    train/position_2_acc=0.658,                                 
                    train/position_3_acc=0.531,                                 
                    train/position_4_acc=0.478,                                 
                    train/position_5_acc=0.422,                                 
                    train/position_6_acc=0.369,                                 
                    train/position_7_acc=0.358,                                 
                    profile/fetch_ms=7.860,                                     
                    profile/fwd_ms=140.051,                                     
                    profile/bwd_ms=97.117, profile/opt_ms=0.061,                
                    profile/step_ms=245.090,                                    
                    profile/tokens_per_s=1.53e+04,                              
                    profile/fetch_frac=0.032, epoch=0,                          
                    lr/Muon=0.006, lr/AdamW=5.80e-04,                           
                    global_step=1260                                            
[03:24:05] INFO     train/confidence_loss=0.254,                  trainer.py:584
                    train/confidence_abs_error=0.134,                           
                    train/confidence_pred_mean=0.243,                           
                    train/confidence_cumprod_bias=-0.021,                       
                    train/loss=0.244, train/ce_loss=0.537,                      
                    train/tv_loss=0.097, train/accept_rate=0.465,               
                    train/accept_len=2.914, train/full_acc=0.498,               
                    train/position_1_acc=0.835,                                 
                    train/position_2_acc=0.603,                                 
                    train/position_3_acc=0.518,                                 
                    train/position_4_acc=0.450,                                 
                    train/position_5_acc=0.393,                                 
                    train/position_6_acc=0.361,                                 
                    train/position_7_acc=0.322,                                 
                    profile/fetch_ms=55.508,                                    
                    profile/fwd_ms=93.698, profile/bwd_ms=92.580,               
                    profile/opt_ms=281.888,                                     
                    profile/step_ms=523.674,                                    
                    profile/tokens_per_s=7.80e+03,                              
                    profile/fetch_frac=0.106, epoch=0,                          
                    lr/Muon=0.006, lr/AdamW=5.79e-04,                           
                    global_step=1280                                            
[03:24:30] INFO     train/confidence_loss=0.242,                  trainer.py:584
                    train/confidence_abs_error=0.132,                           
                    train/confidence_pred_mean=0.271,                           
                    train/confidence_cumprod_bias=0.010,                        
                    train/loss=0.253, train/ce_loss=0.606,                      
                    train/tv_loss=0.105, train/accept_rate=0.441,               
                    train/accept_len=2.901, train/full_acc=0.473,               
                    train/position_1_acc=0.767,                                 
                    train/position_2_acc=0.584,                                 
                    train/position_3_acc=0.469,                                 
                    train/position_4_acc=0.415,                                 
                    train/position_5_acc=0.369,                                 
                    train/position_6_acc=0.360,                                 
                    train/position_7_acc=0.349,                                 
                    profile/fetch_ms=99.993,                                    
                    profile/fwd_ms=120.686,                                     
                    profile/bwd_ms=92.922, profile/opt_ms=0.049,                
                    profile/step_ms=313.649,                                    
                    profile/tokens_per_s=1.27e+04,                              
                    profile/fetch_frac=0.319, epoch=0,                          
                    lr/Muon=0.006, lr/AdamW=5.79e-04,                           
                    global_step=1300                                            
[03:24:55] INFO     train/confidence_loss=0.242,                  trainer.py:584
                    train/confidence_abs_error=0.130,                           
                    train/confidence_pred_mean=0.269,                           
                    train/confidence_cumprod_bias=-0.027,                       
                    train/loss=0.228, train/ce_loss=0.494,                      
                    train/tv_loss=0.090, train/accept_rate=0.508,               
                    train/accept_len=3.197, train/full_acc=0.545,               
                    train/position_1_acc=0.828,                                 
                    train/position_2_acc=0.642,                                 
                    train/position_3_acc=0.532,                                 
                    train/position_4_acc=0.502,                                 
                    train/position_5_acc=0.469,                                 
                    train/position_6_acc=0.430,                                 
                    train/position_7_acc=0.407,                                 
                    profile/fetch_ms=3.511,                                     
                    profile/fwd_ms=95.828, profile/bwd_ms=94.654,               
                    profile/opt_ms=0.083,                                       
                    profile/step_ms=194.076,                                    
                    profile/tokens_per_s=1.91e+04,                              
                    profile/fetch_frac=0.018, epoch=0,                          
                    lr/Muon=0.006, lr/AdamW=5.78e-04,                           
                    global_step=1320                                            
[03:25:22] INFO     train/confidence_loss=0.246,                  trainer.py:584
                    train/confidence_abs_error=0.122,                           
                    train/confidence_pred_mean=0.239,                           
                    train/confidence_cumprod_bias=-0.007,                       
                    train/loss=0.253, train/ce_loss=0.616,                      
                    train/tv_loss=0.103, train/accept_rate=0.451,               
                    train/accept_len=2.824, train/full_acc=0.483,               
                    train/position_1_acc=0.749,                                 
                    train/position_2_acc=0.551,                                 
                    train/position_3_acc=0.502,                                 
                    train/position_4_acc=0.436,                                 
                    train/position_5_acc=0.394,                                 
                    train/position_6_acc=0.388,                                 
                    train/position_7_acc=0.362,                                 
                    profile/fetch_ms=71.295,                                    
                    profile/fwd_ms=91.434, profile/bwd_ms=95.476,               
                    profile/opt_ms=253.655,                                     
                    profile/step_ms=511.860,                                    
                    profile/tokens_per_s=7.79e+03,                              
                    profile/fetch_frac=0.139, epoch=0,                          
                    lr/Muon=0.006, lr/AdamW=5.78e-04,                           
                    global_step=1340                                            
[03:25:47] INFO     train/confidence_loss=0.237,                  trainer.py:584
                    train/confidence_abs_error=0.129,                           
                    train/confidence_pred_mean=0.296,                           
                    train/confidence_cumprod_bias=0.016,                        
                    train/loss=0.236, train/ce_loss=0.550,                      
                    train/tv_loss=0.096, train/accept_rate=0.482,               
                    train/accept_len=3.011, train/full_acc=0.511,               
                    train/position_1_acc=0.804,                                 
                    train/position_2_acc=0.616,                                 
                    train/position_3_acc=0.510,                                 
                    train/position_4_acc=0.466,                                 
                    train/position_5_acc=0.424,                                 
                    train/position_6_acc=0.377,                                 
                    train/position_7_acc=0.376,                                 
                    profile/fetch_ms=107.862,                                   
                    profile/fwd_ms=119.671,                                     
                    profile/bwd_ms=91.911, profile/opt_ms=0.056,                
                    profile/step_ms=319.501,                                    
                    profile/tokens_per_s=1.25e+04,                              
                    profile/fetch_frac=0.338, epoch=0,                          
                    lr/Muon=0.006, lr/AdamW=5.78e-04,                           
                    global_step=1360                                            
[03:26:12] INFO     train/confidence_loss=0.244,                  trainer.py:584
                    train/confidence_abs_error=0.131,                           
                    train/confidence_pred_mean=0.271,                           
                    train/confidence_cumprod_bias=-0.031,                       
                    train/loss=0.222, train/ce_loss=0.469,                      
                    train/tv_loss=0.086, train/accept_rate=0.526,               
                    train/accept_len=3.310, train/full_acc=0.564,               
                    train/position_1_acc=0.843,                                 
                    train/position_2_acc=0.668,                                 
                    train/position_3_acc=0.585,                                 
                    train/position_4_acc=0.534,                                 
                    train/position_5_acc=0.496,                                 
                    train/position_6_acc=0.430,                                 
                    train/position_7_acc=0.388,                                 
                    profile/fetch_ms=10.430,                                    
                    profile/fwd_ms=98.950,                                      
                    profile/bwd_ms=126.134, profile/opt_ms=0.080,               
                    profile/step_ms=235.595,                                    
                    profile/tokens_per_s=1.56e+04,                              
                    profile/fetch_frac=0.044, epoch=0,                          
                    lr/Muon=0.006, lr/AdamW=5.77e-04,                           
                    global_step=1380                                            
[03:26:39] INFO     train/confidence_loss=0.236,                  trainer.py:584
                    train/confidence_abs_error=0.123,                           
                    train/confidence_pred_mean=0.259,                           
                    train/confidence_cumprod_bias=9.22e-04,                     
                    train/loss=0.245, train/ce_loss=0.597,                      
                    train/tv_loss=0.100, train/accept_rate=0.458,               
                    train/accept_len=2.932, train/full_acc=0.487,               
                    train/position_1_acc=0.798,                                 
                    train/position_2_acc=0.587,                                 
                    train/position_3_acc=0.494,                                 
                    train/position_4_acc=0.412,                                 
                    train/position_5_acc=0.395,                                 
                    train/position_6_acc=0.379,                                 
                    train/position_7_acc=0.336,                                 
                    profile/fetch_ms=65.772,                                    
                    profile/fwd_ms=91.070, profile/bwd_ms=96.386,               
                    profile/opt_ms=288.686,                                     
                    profile/step_ms=541.914,                                    
                    profile/tokens_per_s=7.33e+03,                              
                    profile/fetch_frac=0.121, epoch=0,                          
                    lr/Muon=0.006, lr/AdamW=5.77e-04,                           
                    global_step=1400                                            
[03:27:05] INFO     train/confidence_loss=0.240,                  trainer.py:584
                    train/confidence_abs_error=0.131,                           
                    train/confidence_pred_mean=0.262,                           
                    train/confidence_cumprod_bias=-0.040,                       
                    train/loss=0.222, train/ce_loss=0.456,                      
                    train/tv_loss=0.087, train/accept_rate=0.509,               
                    train/accept_len=3.276, train/full_acc=0.549,               
                    train/position_1_acc=0.858,                                 
                    train/position_2_acc=0.691,                                 
                    train/position_3_acc=0.583,                                 
                    train/position_4_acc=0.518,                                 
                    train/position_5_acc=0.439,                                 
                    train/position_6_acc=0.394,                                 
                    train/position_7_acc=0.353,                                 
                    profile/fetch_ms=70.494,                                    
                    profile/fwd_ms=97.945, profile/bwd_ms=91.952,               
                    profile/opt_ms=0.113,                                       
                    profile/step_ms=260.504,                                    
                    profile/tokens_per_s=1.52e+04,                              
                    profile/fetch_frac=0.271, epoch=0,                          
                    lr/Muon=0.006, lr/AdamW=5.76e-04,                           
                    global_step=1420                                            
[03:27:29] INFO     train/confidence_loss=0.516,                  trainer.py:584
                    train/confidence_abs_error=0.163,                           
                    train/confidence_pred_mean=0.319,                           
                    train/confidence_cumprod_bias=0.107,                        
                    train/loss=0.350, train/ce_loss=0.609,                      
                    train/tv_loss=0.094, train/accept_rate=0.499,               
                    train/accept_len=3.019, train/full_acc=0.529,               
                    train/position_1_acc=0.778,                                 
                    train/position_2_acc=0.617,                                 
                    train/position_3_acc=0.537,                                 
                    train/position_4_acc=0.499,                                 
                    train/position_5_acc=0.443,                                 
                    train/position_6_acc=0.416,                                 
                    train/position_7_acc=0.414,                                 
                    profile/fetch_ms=18.366,                                    
                    profile/fwd_ms=99.906, profile/bwd_ms=95.249,               
                    profile/opt_ms=0.067,                                       
                    profile/step_ms=213.589,                                    
                    profile/tokens_per_s=1.86e+04,                              
                    profile/fetch_frac=0.086, epoch=0,                          
                    lr/Muon=0.006, lr/AdamW=5.76e-04,                           
                    global_step=1440                                            
[03:27:54] INFO     train/confidence_loss=0.244,                  trainer.py:584
                    train/confidence_abs_error=0.129,                           
                    train/confidence_pred_mean=0.254,                           
                    train/confidence_cumprod_bias=-0.010,                       
                    train/loss=0.250, train/ce_loss=0.600,                      
                    train/tv_loss=0.103, train/accept_rate=0.444,               
                    train/accept_len=2.854, train/full_acc=0.475,               
                    train/position_1_acc=0.802,                                 
                    train/position_2_acc=0.562,                                 
                    train/position_3_acc=0.490,                                 
                    train/position_4_acc=0.408,                                 
                    train/position_5_acc=0.371,                                 
                    train/position_6_acc=0.359,                                 
                    train/position_7_acc=0.331,                                 
                    profile/fetch_ms=68.964,                                    
                    profile/fwd_ms=90.916, profile/bwd_ms=93.647,               
                    profile/opt_ms=331.085,                                     
                    profile/step_ms=584.612,                                    
                    profile/tokens_per_s=6.81e+03,                              
                    profile/fetch_frac=0.118, epoch=0,                          
                    lr/Muon=0.006, lr/AdamW=5.75e-04,                           
                    global_step=1460                                            
[03:28:21] INFO     train/confidence_loss=0.239,                  trainer.py:584
                    train/confidence_abs_error=0.126,                           
                    train/confidence_pred_mean=0.269,                           
                    train/confidence_cumprod_bias=0.025,                        
                    train/loss=0.256, train/ce_loss=0.653,                      
                    train/tv_loss=0.108, train/accept_rate=0.433,               
                    train/accept_len=2.782, train/full_acc=0.466,               
                    train/position_1_acc=0.742,                                 
                    train/position_2_acc=0.531,                                 
                    train/position_3_acc=0.488,                                 
                    train/position_4_acc=0.420,                                 
                    train/position_5_acc=0.382,                                 
                    train/position_6_acc=0.362,                                 
                    train/position_7_acc=0.334,                                 
                    profile/fetch_ms=74.308,                                    
                    profile/fwd_ms=93.102,                                      
                    profile/bwd_ms=109.149, profile/opt_ms=0.094,               
                    profile/step_ms=276.653,                                    
                    profile/tokens_per_s=1.47e+04,                              
                    profile/fetch_frac=0.269, epoch=0,                          
                    lr/Muon=0.006, lr/AdamW=5.75e-04,                           
                    global_step=1480                                            
[03:28:46] INFO     DL_MAX_STEPS=1500 reached (local_step=1501);  trainer.py:484
                    stopping epoch early.                                       
Epoch 0   5% ━                      1,500/28,909  [ 0:31:42 < 9:46:16 , 1 it/s ]
           INFO     Training epoch 1/1 completed                  trainer.py:736
           INFO     DL_MAX_STEPS reached — exiting after this     trainer.py:739
                    epoch (skipping checkpoint/validation).                     
[03:28:48] INFO     Destroyed distributed process group       distributed.py:182
[03:28:48] INFO     Destroyed distributed process group       distributed.py:182
[03:28:48] INFO     Destroyed distributed process group       distributed.py:182
[03:28:48] INFO     Destroyed distributed process group       distributed.py:182
