/usr/local/python3.12.13/lib/python3.12/site-packages/transformers/loss/loss_for_object_detection.py:27: UserWarning: A NumPy version >=1.22.4 and <2.3.0 is required for this version of SciPy (detected version 2.4.6)
  from scipy.optimize import linear_sum_assignment
/usr/local/python3.12.13/lib/python3.12/site-packages/transformers/loss/loss_for_object_detection.py:27: UserWarning: A NumPy version >=1.22.4 and <2.3.0 is required for this version of SciPy (detected version 2.4.6)
  from scipy.optimize import linear_sum_assignment
/usr/local/python3.12.13/lib/python3.12/site-packages/transformers/loss/loss_for_object_detection.py:27: UserWarning: A NumPy version >=1.22.4 and <2.3.0 is required for this version of SciPy (detected version 2.4.6)
  from scipy.optimize import linear_sum_assignment
/usr/local/python3.12.13/lib/python3.12/site-packages/transformers/loss/loss_for_object_detection.py:27: UserWarning: A NumPy version >=1.22.4 and <2.3.0 is required for this version of SciPy (detected version 2.4.6)
  from scipy.optimize import linear_sum_assignment
[timeout] aclrtSetOpExecuteTimeOut(0) rc=0
           INFO     get env TERM = xterm                      patch_getenv.py:15
[05:23:26] INFO     get env LOCAL_RANK = 0                    patch_getenv.py:15
[timeout] aclrtSetOpExecuteTimeOut(0) rc=0
[timeout] aclrtSetOpExecuteTimeOut(0) rc=0
[timeout] aclrtSetOpExecuteTimeOut(0) rc=0
[05:23:27] INFO     get env WORLD_SIZE = 4                    patch_getenv.py:15
           INFO     get env MASTER_ADDR =                     patch_getenv.py:15
                    localhost.localdomain                                       
           INFO     get env MASTER_PORT = 41177               patch_getenv.py:15
           INFO     get env TORCHELASTIC_USE_AGENT_STORE =    patch_getenv.py:15
                    True                                                        
           INFO     Started distributed with local_rank=0,    distributed.py:165
                    dp_size=4, sp_size=1                                        
           INFO     get env PATH =                            patch_getenv.py:15
                    /usr/local/Ascend/nnal/atb/latest/atb/cxx                   
                    _abi_1/bin:/usr/local/Ascend/cann-9.0.0/t                   
                    ools/bishengir/bin:/usr/local/Ascend/cann                   
                    -9.0.0/bin:/usr/local/Ascend/cann-9.0.0/t                   
                    ools/ccec_compiler/bin:/usr/local/Ascend/                   
                    cann-9.0.0/tools/profiler/bin:/usr/local/                   
                    Ascend/cann-9.0.0/tools/ascend_system_adv                   
                    isor/asys:/usr/local/Ascend/cann-9.0.0/to                   
                    ols/show_kernel_debug_data:/usr/local/Asc                   
                    end/cann-9.0.0/tools/msobjdump:/home/y500                   
                    63564/node_modules/.bin:/usr/local/Ascend                   
                    /nnal/atb/latest/atb/cxx_abi_1/bin:/usr/l                   
                    ocal/Ascend/nnal/atb/latest/atb/cxx_abi_1                   
                    /bin:/usr/local/Ascend/ascend-toolkit/lat                   
                    est/bin:/usr/local/Ascend/ascend-toolkit/                   
                    latest/compiler/ccec_compiler/bin:/usr/lo                   
                    cal/Ascend/ascend-toolkit/latest/tools/cc                   
                    ec_compiler/bin:/usr/local/python3.12.13/                   
                    bin:/usr/local/sbin:/usr/local/bin:/usr/s                   
                    bin:/usr/bin:/sbin:/bin:/usr/local/go/bin                   
           INFO     Loading vocab mappings from                     train.py:236
                    '/home/y50063564/data/open_perfectblend_qwen3_4             
                    b_700k/d2t.npy' and                                         
                    '/home/y50063564/data/open_perfectblend_qwen3_4             
                    b_700k/t2d.npy'                                             
           INFO     All 5 draft layers using sliding window         train.py:396
                    attention (window=2048). To use full attention              
                    on specific layers, pass                                    
                    '--full-attention-indices <layer_ids>'.                     
[05:23:27] INFO     Started distributed with local_rank=3,    distributed.py:165
                    dp_size=4, sp_size=1                                        
[05:23:27] INFO     Started distributed with local_rank=1,    distributed.py:165
                    dp_size=4, sp_size=1                                        
           WARNING  Added <|MASK|> to tokenizer,                     utils.py:49
                    mask_token_id=151669 (tokenizer len=151670,                 
                    vocab_size=151936)                                          
[05:23:27] INFO     Started distributed with local_rank=2,    distributed.py:165
                    dp_size=4, sp_size=1                                        
2026-09-11 05:23:41.629 | INFO     | speculators.utils.loading:_resolve_file:136 - Loading from local directory: /home/y50063564/Qwen3-4B
2026-09-11 05:23:41.630 | WARNING  | speculators.utils.loading:load_model_layers:104 - Tensor 'lm_head.weight' not found in weight_map.
2026-09-11 05:23:41.630 | INFO     | speculators.utils.loading:_resolve_file:136 - Loading from local directory: /home/y50063564/Qwen3-4B
2026-09-11 05:23:41.632 | INFO     | speculators.utils.loading:_resolve_file:136 - Loading from local directory: /home/y50063564/Qwen3-4B
2026-09-11 05:23:41.935 | INFO     | speculators.utils.loading:_resolve_file:136 - Loading from local directory: /home/y50063564/Qwen3-4B
2026-09-11 05:23:41.936 | WARNING  | speculators.utils.loading:load_model_layers:104 - Tensor 'lm_head.weight' not found in weight_map.
2026-09-11 05:23:41.936 | INFO     | speculators.utils.loading:_resolve_file:136 - Loading from local directory: /home/y50063564/Qwen3-4B
2026-09-11 05:23:41.937 | INFO     | speculators.utils.loading:_resolve_file:136 - Loading from local directory: /home/y50063564/Qwen3-4B
2026-09-11 05:23:41.978 | INFO     | speculators.utils.loading:_resolve_file:136 - Loading from local directory: /home/y50063564/Qwen3-4B
2026-09-11 05:23:41.979 | WARNING  | speculators.utils.loading:load_model_layers:104 - Tensor 'lm_head.weight' not found in weight_map.
2026-09-11 05:23:41.979 | INFO     | speculators.utils.loading:_resolve_file:136 - Loading from local directory: /home/y50063564/Qwen3-4B
2026-09-11 05:23:41.980 | INFO     | speculators.utils.loading:_resolve_file:136 - Loading from local directory: /home/y50063564/Qwen3-4B
2026-09-11 05:23:42.329 | INFO     | speculators.utils.loading:_resolve_file:136 - Loading from local directory: /home/y50063564/Qwen3-4B
2026-09-11 05:23:42.330 | WARNING  | speculators.utils.loading:load_model_layers:104 - Tensor 'lm_head.weight' not found in weight_map.
2026-09-11 05:23:42.330 | INFO     | speculators.utils.loading:_resolve_file:136 - Loading from local directory: /home/y50063564/Qwen3-4B
2026-09-11 05:23:42.332 | INFO     | speculators.utils.loading:_resolve_file:136 - Loading from local directory: /home/y50063564/Qwen3-4B
[05:23:55] INFO     get env SAMP_SEED = 42                    patch_getenv.py:15
           INFO     get env DL_IN_ORDER = 1                   patch_getenv.py:15
           INFO     No previous training checkpoint found in      trainer.py:299
                    '/home/y50063564/dataloader_diag/exp/E3_w1_pf               
                    4/checkpoints'. Starting fresh training run.                
[05:24:00] INFO     Muon optimizer: 39 2D params via Muon, 23   optimizers.py:76
                    params via AdamW.                                           
           INFO     get env SAMP_BALANCE = off                patch_getenv.py:15
[timeout] aclrtSetOpExecuteTimeOut(0) rc=0
[timeout] aclrtSetOpExecuteTimeOut(0) rc=0
[timeout] aclrtSetOpExecuteTimeOut(0) rc=0
[timeout] aclrtSetOpExecuteTimeOut(0) rc=0
[05:24:04] INFO     Training epoch 1/1 started                    trainer.py:734
/usr/local/python3.12.13/lib/python3.12/site-packages/torch/_dynamo/_trace_wrapped_higher_order_op.py:147: UserWarning: Cannot create tensor with interal format while allow_internel_format=False, tensor will be created with base format. (Triggered internally at ../torch_npu/csrc/aten/common/TensorFactories.cpp:340.)
  return func(*args, **(kwargs or {}))
/usr/local/python3.12.13/lib/python3.12/site-packages/torch/_dynamo/_trace_wrapped_higher_order_op.py:147: UserWarning: Cannot create tensor with interal format while allow_internel_format=False, tensor will be created with base format. (Triggered internally at ../torch_npu/csrc/aten/common/TensorFactories.cpp:340.)
  return func(*args, **(kwargs or {}))
/usr/local/python3.12.13/lib/python3.12/site-packages/torch/_dynamo/_trace_wrapped_higher_order_op.py:147: UserWarning: Cannot create tensor with interal format while allow_internel_format=False, tensor will be created with base format. (Triggered internally at ../torch_npu/csrc/aten/common/TensorFactories.cpp:340.)
  return func(*args, **(kwargs or {}))
/usr/local/python3.12.13/lib/python3.12/site-packages/torch/_dynamo/_trace_wrapped_higher_order_op.py:147: UserWarning: Cannot create tensor with interal format while allow_internel_format=False, tensor will be created with base format. (Triggered internally at ../torch_npu/csrc/aten/common/TensorFactories.cpp:340.)
  return func(*args, **(kwargs or {}))
[05:24:09] INFO     train/confidence_loss=0.457,                  trainer.py:584
                    train/confidence_abs_error=0.325,                           
                    train/confidence_pred_mean=0.326,                           
                    train/confidence_cumprod_bias=0.192,                        
                    train/loss=0.613, train/ce_loss=2.362,                      
                    train/tv_loss=0.214,                                        
                    train/accept_rate=3.35e-04,                                 
                    train/accept_len=1.000,                                     
                    train/full_acc=0.00e+00,                                    
                    train/position_1_acc=0.00e+00,                              
                    train/position_2_acc=0.00e+00,                              
                    train/position_3_acc=0.00e+00,                              
                    train/position_4_acc=0.00e+00,                              
                    train/position_5_acc=0.00e+00,                              
                    train/position_6_acc=0.00e+00,                              
                    train/position_7_acc=0.00e+00,                              
                    profile/fetch_ms=2.64e+03,                                  
                    profile/fwd_ms=1.33e+03,                                    
                    profile/bwd_ms=278.094, profile/opt_ms=0.111,               
                    profile/step_ms=4.25e+03,                                   
                    profile/tokens_per_s=962.136,                               
                    profile/fetch_frac=0.622, epoch=0,                          
                    lr/Muon=0.00e+00, lr/AdamW=0.00e+00,                        
                    global_step=0                                               
[05:24:45] INFO     train/confidence_loss=0.059,                  trainer.py:584
                    train/confidence_abs_error=0.058,                           
                    train/confidence_pred_mean=0.058,                           
                    train/confidence_cumprod_bias=0.017,                        
                    train/loss=0.444, train/ce_loss=2.275,                      
                    train/tv_loss=0.214,                                        
                    train/accept_rate=3.92e-04,                                 
                    train/accept_len=1.000,                                     
                    train/full_acc=0.00e+00,                                    
                    train/position_1_acc=0.00e+00,                              
                    train/position_2_acc=0.00e+00,                              
                    train/position_3_acc=0.00e+00,                              
                    train/position_4_acc=0.00e+00,                              
                    train/position_5_acc=0.00e+00,                              
                    train/position_6_acc=0.00e+00,                              
                    train/position_7_acc=0.00e+00,                              
                    profile/fetch_ms=67.876,                                    
                    profile/fwd_ms=1.91e+03,                                    
                    profile/bwd_ms=93.201,                                      
                    profile/opt_ms=260.360,                                     
                    profile/step_ms=2.33e+03,                                   
                    profile/tokens_per_s=1.66e+03,                              
                    profile/fetch_frac=0.029, epoch=0,                          
                    lr/Muon=4.37e-04, lr/AdamW=4.37e-05,                        
                    global_step=20                                              
[05:25:27] INFO     train/confidence_loss=0.172,                  trainer.py:584
                    train/confidence_abs_error=0.025,                           
                    train/confidence_pred_mean=4.60e-04,                        
                    train/confidence_cumprod_bias=-0.007,                       
                    train/loss=0.412, train/ce_loss=1.594,                      
                    train/tv_loss=0.205, train/accept_rate=0.044,               
                    train/accept_len=1.049, train/full_acc=0.084,               
                    train/position_1_acc=0.080,                                 
                    train/position_2_acc=0.088,                                 
                    train/position_3_acc=0.083,                                 
                    train/position_4_acc=0.076,                                 
                    train/position_5_acc=0.084,                                 
                    train/position_6_acc=0.088,                                 
                    train/position_7_acc=0.085,                                 
                    profile/fetch_ms=71.138,                                    
                    profile/fwd_ms=1.92e+03,                                    
                    profile/bwd_ms=86.783, profile/opt_ms=0.031,                
                    profile/step_ms=2.08e+03,                                   
                    profile/tokens_per_s=1.74e+03,                              
                    profile/fetch_frac=0.034, epoch=0,                          
                    lr/Muon=8.12e-04, lr/AdamW=8.12e-05,                        
                    global_step=40                                              
[05:26:05] INFO     train/confidence_loss=0.125,                  trainer.py:584
                    train/confidence_abs_error=0.042,                           
                    train/confidence_pred_mean=0.026,                           
                    train/confidence_cumprod_bias=-0.003,                       
                    train/loss=0.366, train/ce_loss=1.356,                      
                    train/tv_loss=0.200, train/accept_rate=0.064,               
                    train/accept_len=1.071, train/full_acc=0.113,               
                    train/position_1_acc=0.099,                                 
                    train/position_2_acc=0.135,                                 
                    train/position_3_acc=0.108,                                 
                    train/position_4_acc=0.116,                                 
                    train/position_5_acc=0.100,                                 
                    train/position_6_acc=0.116,                                 
                    train/position_7_acc=0.116,                                 
                    profile/fetch_ms=43.219,                                    
                    profile/fwd_ms=1.24e+03,                                    
                    profile/bwd_ms=115.595, profile/opt_ms=0.043,               
                    profile/step_ms=1.40e+03,                                   
                    profile/tokens_per_s=2.78e+03,                              
                    profile/fetch_frac=0.031, epoch=0,                          
                    lr/Muon=0.001, lr/AdamW=1.25e-04,                           
                    global_step=60                                              
[05:26:46] INFO     train/confidence_loss=0.146,                  trainer.py:584
                    train/confidence_abs_error=0.042,                           
                    train/confidence_pred_mean=0.013,                           
                    train/confidence_cumprod_bias=-0.010,                       
                    train/loss=0.381, train/ce_loss=1.444,                      
                    train/tv_loss=0.199, train/accept_rate=0.070,               
                    train/accept_len=1.092, train/full_acc=0.095,               
                    train/position_1_acc=0.106,                                 
                    train/position_2_acc=0.084,                                 
                    train/position_3_acc=0.094,                                 
                    train/position_4_acc=0.080,                                 
                    train/position_5_acc=0.105,                                 
                    train/position_6_acc=0.100,                                 
                    train/position_7_acc=0.098,                                 
                    profile/fetch_ms=73.698,                                    
                    profile/fwd_ms=2.05e+03,                                    
                    profile/bwd_ms=89.729,                                      
                    profile/opt_ms=229.082,                                     
                    profile/step_ms=2.44e+03,                                   
                    profile/tokens_per_s=1.60e+03,                              
                    profile/fetch_frac=0.030, epoch=0,                          
                    lr/Muon=0.002, lr/AdamW=1.69e-04,                           
                    global_step=80                                              
[05:27:26] INFO     train/confidence_loss=0.193,                  trainer.py:584
                    train/confidence_abs_error=0.116,                           
                    train/confidence_pred_mean=0.118,                           
                    train/confidence_cumprod_bias=0.016,                        
                    train/loss=0.380, train/ce_loss=1.337,                      
                    train/tv_loss=0.187, train/accept_rate=0.124,               
                    train/accept_len=1.221, train/full_acc=0.147,               
                    train/position_1_acc=0.157,                                 
                    train/position_2_acc=0.153,                                 
                    train/position_3_acc=0.144,                                 
                    train/position_4_acc=0.145,                                 
                    train/position_5_acc=0.142,                                 
                    train/position_6_acc=0.133,                                 
                    train/position_7_acc=0.152,                                 
                    profile/fetch_ms=65.610,                                    
                    profile/fwd_ms=1.70e+03,                                    
                    profile/bwd_ms=89.058, profile/opt_ms=0.100,                
                    profile/step_ms=1.85e+03,                                   
                    profile/tokens_per_s=2.19e+03,                              
                    profile/fetch_frac=0.035, epoch=0,                          
                    lr/Muon=0.002, lr/AdamW=2.06e-04,                           
                    global_step=100                                             
[05:28:06] INFO     train/confidence_loss=0.241,                  trainer.py:584
                    train/confidence_abs_error=0.091,                           
                    train/confidence_pred_mean=0.040,                           
                    train/confidence_cumprod_bias=-0.028,                       
                    train/loss=0.386, train/ce_loss=1.300,                      
                    train/tv_loss=0.179, train/accept_rate=0.161,               
                    train/accept_len=1.280, train/full_acc=0.193,               
                    train/position_1_acc=0.206,                                 
                    train/position_2_acc=0.198,                                 
                    train/position_3_acc=0.194,                                 
                    train/position_4_acc=0.198,                                 
                    train/position_5_acc=0.197,                                 
                    train/position_6_acc=0.179,                                 
                    train/position_7_acc=0.178,                                 
                    profile/fetch_ms=3.314,                                     
                    profile/fwd_ms=1.82e+03,                                    
                    profile/bwd_ms=88.615, profile/opt_ms=0.040,                
                    profile/step_ms=1.91e+03,                                   
                    profile/tokens_per_s=2.12e+03,                              
                    profile/fetch_frac=0.002, epoch=0,                          
                    lr/Muon=0.002, lr/AdamW=2.50e-04,                           
                    global_step=120                                             
[05:28:46] INFO     train/confidence_loss=0.237,                  trainer.py:584
                    train/confidence_abs_error=0.097,                           
                    train/confidence_pred_mean=0.053,                           
                    train/confidence_cumprod_bias=-0.031,                       
                    train/loss=0.380, train/ce_loss=1.275,                      
                    train/tv_loss=0.173, train/accept_rate=0.183,               
                    train/accept_len=1.356, train/full_acc=0.222,               
                    train/position_1_acc=0.239,                                 
                    train/position_2_acc=0.220,                                 
                    train/position_3_acc=0.234,                                 
                    train/position_4_acc=0.204,                                 
                    train/position_5_acc=0.208,                                 
                    train/position_6_acc=0.235,                                 
                    train/position_7_acc=0.214,                                 
                    profile/fetch_ms=73.567,                                    
                    profile/fwd_ms=1.51e+03,                                    
                    profile/bwd_ms=92.528,                                      
                    profile/opt_ms=307.431,                                     
                    profile/step_ms=1.98e+03,                                   
                    profile/tokens_per_s=1.97e+03,                              
                    profile/fetch_frac=0.037, epoch=0,                          
                    lr/Muon=0.003, lr/AdamW=2.94e-04,                           
                    global_step=140                                             
[05:29:26] INFO     train/confidence_loss=0.248,                  trainer.py:584
                    train/confidence_abs_error=0.144,                           
                    train/confidence_pred_mean=0.178,                           
                    train/confidence_cumprod_bias=0.024,                        
                    train/loss=0.366, train/ce_loss=1.156,                      
                    train/tv_loss=0.168, train/accept_rate=0.211,               
                    train/accept_len=1.394, train/full_acc=0.246,               
                    train/position_1_acc=0.258,                                 
                    train/position_2_acc=0.260,                                 
                    train/position_3_acc=0.245,                                 
                    train/position_4_acc=0.254,                                 
                    train/position_5_acc=0.253,                                 
                    train/position_6_acc=0.230,                                 
                    train/position_7_acc=0.224,                                 
                    profile/fetch_ms=71.288,                                    
                    profile/fwd_ms=1.77e+03,                                    
                    profile/bwd_ms=91.057, profile/opt_ms=0.041,                
                    profile/step_ms=1.94e+03,                                   
                    profile/tokens_per_s=2.04e+03,                              
                    profile/fetch_frac=0.037, epoch=0,                          
                    lr/Muon=0.003, lr/AdamW=3.31e-04,                           
                    global_step=160                                             
[05:30:06] INFO     train/confidence_loss=0.238,                  trainer.py:584
                    train/confidence_abs_error=0.108,                           
                    train/confidence_pred_mean=0.088,                           
                    train/confidence_cumprod_bias=-0.033,                       
                    train/loss=0.361, train/ce_loss=1.169,                      
                    train/tv_loss=0.166, train/accept_rate=0.208,               
                    train/accept_len=1.525, train/full_acc=0.246,               
                    train/position_1_acc=0.315,                                 
                    train/position_2_acc=0.265,                                 
                    train/position_3_acc=0.243,                                 
                    train/position_4_acc=0.237,                                 
                    train/position_5_acc=0.213,                                 
                    train/position_6_acc=0.222,                                 
                    train/position_7_acc=0.226,                                 
                    profile/fetch_ms=50.137,                                    
                    profile/fwd_ms=1.38e+03,                                    
                    profile/bwd_ms=91.529, profile/opt_ms=0.059,                
                    profile/step_ms=1.52e+03,                                   
                    profile/tokens_per_s=2.19e+03,                              
                    profile/fetch_frac=0.033, epoch=0,                          
                    lr/Muon=0.004, lr/AdamW=3.75e-04,                           
                    global_step=180                                             
[05:30:48] INFO     train/confidence_loss=0.246,                  trainer.py:584
                    train/confidence_abs_error=0.108,                           
                    train/confidence_pred_mean=0.102,                           
                    train/confidence_cumprod_bias=-0.029,                       
                    train/loss=0.356, train/ce_loss=1.100,                      
                    train/tv_loss=0.163, train/accept_rate=0.214,               
                    train/accept_len=1.585, train/full_acc=0.260,               
                    train/position_1_acc=0.372,                                 
                    train/position_2_acc=0.320,                                 
                    train/position_3_acc=0.236,                                 
                    train/position_4_acc=0.223,                                 
                    train/position_5_acc=0.228,                                 
                    train/position_6_acc=0.216,                                 
                    train/position_7_acc=0.225,                                 
                    profile/fetch_ms=65.739,                                    
                    profile/fwd_ms=2.25e+03,                                    
                    profile/bwd_ms=92.329,                                      
                    profile/opt_ms=222.128,                                     
                    profile/step_ms=2.63e+03,                                   
                    profile/tokens_per_s=1.42e+03,                              
                    profile/fetch_frac=0.025, epoch=0,                          
                    lr/Muon=0.004, lr/AdamW=4.19e-04,                           
                    global_step=200                                             
[05:31:27] INFO     train/confidence_loss=0.266,                  trainer.py:584
                    train/confidence_abs_error=0.152,                           
                    train/confidence_pred_mean=0.190,                           
                    train/confidence_cumprod_bias=0.030,                        
                    train/loss=0.366, train/ce_loss=1.137,                      
                    train/tv_loss=0.163, train/accept_rate=0.204,               
                    train/accept_len=1.592, train/full_acc=0.224,               
                    train/position_1_acc=0.397,                                 
                    train/position_2_acc=0.250,                                 
                    train/position_3_acc=0.207,                                 
                    train/position_4_acc=0.192,                                 
                    train/position_5_acc=0.189,                                 
                    train/position_6_acc=0.170,                                 
                    train/position_7_acc=0.165,                                 
                    profile/fetch_ms=57.531,                                    
                    profile/fwd_ms=1.59e+03,                                    
                    profile/bwd_ms=86.481, profile/opt_ms=0.086,                
                    profile/step_ms=1.73e+03,                                   
                    profile/tokens_per_s=2.17e+03,                              
                    profile/fetch_frac=0.033, epoch=0,                          
                    lr/Muon=0.005, lr/AdamW=4.56e-04,                           
                    global_step=220                                             
[05:32:07] INFO     train/confidence_loss=0.228,                  trainer.py:584
                    train/confidence_abs_error=0.104,                           
                    train/confidence_pred_mean=0.105,                           
                    train/confidence_cumprod_bias=-0.037,                       
                    train/loss=0.338, train/ce_loss=1.050,                      
                    train/tv_loss=0.158, train/accept_rate=0.222,               
                    train/accept_len=1.744, train/full_acc=0.260,               
                    train/position_1_acc=0.484,                                 
                    train/position_2_acc=0.276,                                 
                    train/position_3_acc=0.236,                                 
                    train/position_4_acc=0.212,                                 
                    train/position_5_acc=0.208,                                 
                    train/position_6_acc=0.203,                                 
                    train/position_7_acc=0.197,                                 
                    profile/fetch_ms=3.789,                                     
                    profile/fwd_ms=1.22e+03,                                    
                    profile/bwd_ms=87.402, profile/opt_ms=0.064,                
                    profile/step_ms=1.31e+03,                                   
                    profile/tokens_per_s=2.87e+03,                              
                    profile/fetch_frac=0.003, epoch=0,                          
                    lr/Muon=0.005, lr/AdamW=5.00e-04,                           
                    global_step=240                                             
[05:32:44] INFO     train/confidence_loss=0.254,                  trainer.py:584
                    train/confidence_abs_error=0.111,                           
                    train/confidence_pred_mean=0.130,                           
                    train/confidence_cumprod_bias=-0.049,                       
                    train/loss=0.308, train/ce_loss=0.844,                      
                    train/tv_loss=0.136, train/accept_rate=0.311,               
                    train/accept_len=2.154, train/full_acc=0.351,               
                    train/position_1_acc=0.618,                                 
                    train/position_2_acc=0.440,                                 
                    train/position_3_acc=0.310,                                 
                    train/position_4_acc=0.299,                                 
                    train/position_5_acc=0.274,                                 
                    train/position_6_acc=0.270,                                 
                    train/position_7_acc=0.241,                                 
                    profile/fetch_ms=63.934,                                    
                    profile/fwd_ms=2.04e+03,                                    
                    profile/bwd_ms=92.837,                                      
                    profile/opt_ms=247.527,                                     
                    profile/step_ms=2.45e+03,                                   
                    profile/tokens_per_s=1.52e+03,                              
                    profile/fetch_frac=0.026, epoch=0,                          
                    lr/Muon=0.005, lr/AdamW=5.44e-04,                           
                    global_step=260                                             
[05:33:23] INFO     train/confidence_loss=0.212,                  trainer.py:584
                    train/confidence_abs_error=0.107,                           
                    train/confidence_pred_mean=0.148,                           
                    train/confidence_cumprod_bias=0.021,                        
                    train/loss=0.339, train/ce_loss=1.144,                      
                    train/tv_loss=0.158, train/accept_rate=0.218,               
                    train/accept_len=1.749, train/full_acc=0.258,               
                    train/position_1_acc=0.489,                                 
                    train/position_2_acc=0.286,                                 
                    train/position_3_acc=0.237,                                 
                    train/position_4_acc=0.184,                                 
                    train/position_5_acc=0.205,                                 
                    train/position_6_acc=0.207,                                 
                    train/position_7_acc=0.198,                                 
                    profile/fetch_ms=67.933,                                    
                    profile/fwd_ms=1.54e+03,                                    
                    profile/bwd_ms=90.144, profile/opt_ms=0.064,                
                    profile/step_ms=1.70e+03,                                   
                    profile/tokens_per_s=2.26e+03,                              
                    profile/fetch_frac=0.040, epoch=0,                          
                    lr/Muon=0.006, lr/AdamW=5.81e-04,                           
                    global_step=280                                             
[05:34:02] INFO     train/confidence_loss=0.250,                  trainer.py:584
                    train/confidence_abs_error=0.123,                           
                    train/confidence_pred_mean=0.184,                           
                    train/confidence_cumprod_bias=-0.026,                       
                    train/loss=0.278, train/ce_loss=0.709,                      
                    train/tv_loss=0.120, train/accept_rate=0.375,               
                    train/accept_len=2.407, train/full_acc=0.408,               
                    train/position_1_acc=0.689,                                 
                    train/position_2_acc=0.478,                                 
                    train/position_3_acc=0.415,                                 
                    train/position_4_acc=0.334,                                 
                    train/position_5_acc=0.327,                                 
                    train/position_6_acc=0.296,                                 
                    train/position_7_acc=0.314,                                 
                    profile/fetch_ms=35.089,                                    
                    profile/fwd_ms=1.81e+03,                                    
                    profile/bwd_ms=91.390, profile/opt_ms=0.067,                
                    profile/step_ms=1.94e+03,                                   
                    profile/tokens_per_s=1.96e+03,                              
                    profile/fetch_frac=0.018, epoch=0,                          
                    lr/Muon=0.006, lr/AdamW=6.00e-04,                           
                    global_step=300                                             
[05:34:40] INFO     train/confidence_loss=0.250,                  trainer.py:584
                    train/confidence_abs_error=0.105,                           
                    train/confidence_pred_mean=0.103,                           
                    train/confidence_cumprod_bias=-0.035,                       
                    train/loss=0.325, train/ce_loss=0.950,                      
                    train/tv_loss=0.144, train/accept_rate=0.270,               
                    train/accept_len=1.914, train/full_acc=0.304,               
                    train/position_1_acc=0.568,                                 
                    train/position_2_acc=0.342,                                 
                    train/position_3_acc=0.295,                                 
                    train/position_4_acc=0.250,                                 
                    train/position_5_acc=0.239,                                 
                    train/position_6_acc=0.217,                                 
                    train/position_7_acc=0.214,                                 
                    profile/fetch_ms=72.669,                                    
                    profile/fwd_ms=1.48e+03,                                    
                    profile/bwd_ms=107.792,                                     
                    profile/opt_ms=222.557,                                     
                    profile/step_ms=1.88e+03,                                   
                    profile/tokens_per_s=2.01e+03,                              
                    profile/fetch_frac=0.039, epoch=0,                          
                    lr/Muon=0.006, lr/AdamW=5.99e-04,                           
                    global_step=320                                             
[05:35:17] INFO     train/confidence_loss=0.252,                  trainer.py:584
                    train/confidence_abs_error=0.142,                           
                    train/confidence_pred_mean=0.254,                           
                    train/confidence_cumprod_bias=0.044,                        
                    train/loss=0.291, train/ce_loss=0.781,                      
                    train/tv_loss=0.124, train/accept_rate=0.351,               
                    train/accept_len=2.349, train/full_acc=0.390,               
                    train/position_1_acc=0.688,                                 
                    train/position_2_acc=0.457,                                 
                    train/position_3_acc=0.382,                                 
                    train/position_4_acc=0.325,                                 
                    train/position_5_acc=0.316,                                 
                    train/position_6_acc=0.289,                                 
                    train/position_7_acc=0.272,                                 
                    profile/fetch_ms=72.099,                                    
                    profile/fwd_ms=1.61e+03,                                    
                    profile/bwd_ms=91.323, profile/opt_ms=0.034,                
                    profile/step_ms=1.78e+03,                                   
                    profile/tokens_per_s=2.18e+03,                              
                    profile/fetch_frac=0.041, epoch=0,                          
                    lr/Muon=0.006, lr/AdamW=5.99e-04,                           
                    global_step=340                                             
[05:35:57] INFO     train/confidence_loss=0.246,                  trainer.py:584
                    train/confidence_abs_error=0.113,                           
                    train/confidence_pred_mean=0.149,                           
                    train/confidence_cumprod_bias=-0.030,                       
                    train/loss=0.297, train/ce_loss=0.819,                      
                    train/tv_loss=0.131, train/accept_rate=0.324,               
                    train/accept_len=2.227, train/full_acc=0.358,               
                    train/position_1_acc=0.663,                                 
                    train/position_2_acc=0.422,                                 
                    train/position_3_acc=0.338,                                 
                    train/position_4_acc=0.307,                                 
                    train/position_5_acc=0.262,                                 
                    train/position_6_acc=0.257,                                 
                    train/position_7_acc=0.256,                                 
                    profile/fetch_ms=37.392,                                    
                    profile/fwd_ms=1.57e+03,                                    
                    profile/bwd_ms=85.086, profile/opt_ms=0.041,                
                    profile/step_ms=1.69e+03,                                   
                    profile/tokens_per_s=2.31e+03,                              
                    profile/fetch_frac=0.022, epoch=0,                          
                    lr/Muon=0.006, lr/AdamW=5.98e-04,                           
                    global_step=360                                             
[05:36:38] INFO     train/confidence_loss=0.237,                  trainer.py:584
                    train/confidence_abs_error=0.108,                           
                    train/confidence_pred_mean=0.138,                           
                    train/confidence_cumprod_bias=-0.040,                       
                    train/loss=0.302, train/ce_loss=0.875,                      
                    train/tv_loss=0.133, train/accept_rate=0.320,               
                    train/accept_len=2.231, train/full_acc=0.359,               
                    train/position_1_acc=0.657,                                 
                    train/position_2_acc=0.401,                                 
                    train/position_3_acc=0.337,                                 
                    train/position_4_acc=0.287,                                 
                    train/position_5_acc=0.296,                                 
                    train/position_6_acc=0.280,                                 
                    train/position_7_acc=0.253,                                 
                    profile/fetch_ms=72.010,                                    
                    profile/fwd_ms=2.21e+03,                                    
                    profile/bwd_ms=92.172,                                      
                    profile/opt_ms=269.626,                                     
                    profile/step_ms=2.64e+03,                                   
                    profile/tokens_per_s=1.46e+03,                              
                    profile/fetch_frac=0.027, epoch=0,                          
                    lr/Muon=0.006, lr/AdamW=5.98e-04,                           
                    global_step=380                                             
[05:37:14] INFO     train/confidence_loss=0.244,                  trainer.py:584
                    train/confidence_abs_error=0.133,                           
                    train/confidence_pred_mean=0.236,                           
                    train/confidence_cumprod_bias=0.041,                        
                    train/loss=0.303, train/ce_loss=0.863,                      
                    train/tv_loss=0.133, train/accept_rate=0.321,               
                    train/accept_len=2.198, train/full_acc=0.348,               
                    train/position_1_acc=0.637,                                 
                    train/position_2_acc=0.406,                                 
                    train/position_3_acc=0.346,                                 
                    train/position_4_acc=0.291,                                 
                    train/position_5_acc=0.271,                                 
                    train/position_6_acc=0.250,                                 
                    train/position_7_acc=0.233,                                 
                    profile/fetch_ms=72.356,                                    
                    profile/fwd_ms=1.91e+03,                                    
                    profile/bwd_ms=90.113, profile/opt_ms=0.037,                
                    profile/step_ms=2.07e+03,                                   
                    profile/tokens_per_s=1.90e+03,                              
                    profile/fetch_frac=0.035, epoch=0,                          
                    lr/Muon=0.006, lr/AdamW=5.98e-04,                           
                    global_step=400                                             
[05:37:55] INFO     train/confidence_loss=0.246,                  trainer.py:584
                    train/confidence_abs_error=0.113,                           
                    train/confidence_pred_mean=0.154,                           
                    train/confidence_cumprod_bias=-0.017,                       
                    train/loss=0.297, train/ce_loss=0.794,                      
                    train/tv_loss=0.131, train/accept_rate=0.319,               
                    train/accept_len=2.189, train/full_acc=0.357,               
                    train/position_1_acc=0.666,                                 
                    train/position_2_acc=0.449,                                 
                    train/position_3_acc=0.341,                                 
                    train/position_4_acc=0.278,                                 
                    train/position_5_acc=0.282,                                 
                    train/position_6_acc=0.240,                                 
                    train/position_7_acc=0.240,                                 
                    profile/fetch_ms=3.270,                                     
                    profile/fwd_ms=1.79e+03,                                    
                    profile/bwd_ms=89.252, profile/opt_ms=0.093,                
                    profile/step_ms=1.89e+03,                                   
                    profile/tokens_per_s=1.91e+03,                              
                    profile/fetch_frac=0.002, epoch=0,                          
                    lr/Muon=0.006, lr/AdamW=5.97e-04,                           
                    global_step=420                                             
[05:38:35] INFO     train/confidence_loss=0.230,                  trainer.py:584
                    train/confidence_abs_error=0.110,                           
                    train/confidence_pred_mean=0.151,                           
                    train/confidence_cumprod_bias=-0.017,                       
                    train/loss=0.309, train/ce_loss=0.925,                      
                    train/tv_loss=0.138, train/accept_rate=0.301,               
                    train/accept_len=2.109, train/full_acc=0.335,               
                    train/position_1_acc=0.607,                                 
                    train/position_2_acc=0.394,                                 
                    train/position_3_acc=0.304,                                 
                    train/position_4_acc=0.302,                                 
                    train/position_5_acc=0.254,                                 
                    train/position_6_acc=0.252,                                 
                    train/position_7_acc=0.227,                                 
                    profile/fetch_ms=72.231,                                    
                    profile/fwd_ms=2.19e+03,                                    
                    profile/bwd_ms=93.196,                                      
                    profile/opt_ms=292.013,                                     
                    profile/step_ms=2.64e+03,                                   
                    profile/tokens_per_s=1.54e+03,                              
                    profile/fetch_frac=0.027, epoch=0,                          
                    lr/Muon=0.006, lr/AdamW=5.97e-04,                           
                    global_step=440                                             
[05:39:15] INFO     train/confidence_loss=0.254,                  trainer.py:584
                    train/confidence_abs_error=0.139,                           
                    train/confidence_pred_mean=0.248,                           
                    train/confidence_cumprod_bias=0.030,                        
                    train/loss=0.287, train/ce_loss=0.762,                      
                    train/tv_loss=0.122, train/accept_rate=0.355,               
                    train/accept_len=2.432, train/full_acc=0.385,               
                    train/position_1_acc=0.712,                                 
                    train/position_2_acc=0.473,                                 
                    train/position_3_acc=0.411,                                 
                    train/position_4_acc=0.314,                                 
                    train/position_5_acc=0.284,                                 
                    train/position_6_acc=0.271,                                 
                    train/position_7_acc=0.229,                                 
                    profile/fetch_ms=96.701,                                    
                    profile/fwd_ms=1.65e+03,                                    
                    profile/bwd_ms=91.786, profile/opt_ms=0.085,                
                    profile/step_ms=1.84e+03,                                   
                    profile/tokens_per_s=2.17e+03,                              
                    profile/fetch_frac=0.053, epoch=0,                          
                    lr/Muon=0.006, lr/AdamW=5.96e-04,                           
                    global_step=460                                             
[05:39:57] INFO     train/confidence_loss=0.246,                  trainer.py:584
                    train/confidence_abs_error=0.114,                           
                    train/confidence_pred_mean=0.161,                           
                    train/confidence_cumprod_bias=-0.021,                       
                    train/loss=0.294, train/ce_loss=0.806,                      
                    train/tv_loss=0.130, train/accept_rate=0.333,               
                    train/accept_len=2.263, train/full_acc=0.372,               
                    train/position_1_acc=0.679,                                 
                    train/position_2_acc=0.432,                                 
                    train/position_3_acc=0.350,                                 
                    train/position_4_acc=0.327,                                 
                    train/position_5_acc=0.316,                                 
                    train/position_6_acc=0.242,                                 
                    train/position_7_acc=0.254,                                 
                    profile/fetch_ms=3.369,                                     
                    profile/fwd_ms=1.52e+03,                                    
                    profile/bwd_ms=89.590, profile/opt_ms=0.051,                
                    profile/step_ms=1.61e+03,                                   
                    profile/tokens_per_s=2.28e+03,                              
                    profile/fetch_frac=0.002, epoch=0,                          
                    lr/Muon=0.006, lr/AdamW=5.96e-04,                           
                    global_step=480                                             
[05:40:37] INFO     train/confidence_loss=0.248,                  trainer.py:584
                    train/confidence_abs_error=0.120,                           
                    train/confidence_pred_mean=0.193,                           
                    train/confidence_cumprod_bias=-0.020,                       
                    train/loss=0.267, train/ce_loss=0.666,                      
                    train/tv_loss=0.113, train/accept_rate=0.393,               
                    train/accept_len=2.592, train/full_acc=0.428,               
                    train/position_1_acc=0.772,                                 
                    train/position_2_acc=0.532,                                 
                    train/position_3_acc=0.429,                                 
                    train/position_4_acc=0.359,                                 
                    train/position_5_acc=0.345,                                 
                    train/position_6_acc=0.285,                                 
                    train/position_7_acc=0.268,                                 
                    profile/fetch_ms=72.391,                                    
                    profile/fwd_ms=1.89e+03,                                    
                    profile/bwd_ms=93.929,                                      
                    profile/opt_ms=253.805,                                     
                    profile/step_ms=2.31e+03,                                   
                    profile/tokens_per_s=1.60e+03,                              
                    profile/fetch_frac=0.031, epoch=0,                          
                    lr/Muon=0.006, lr/AdamW=5.96e-04,                           
                    global_step=500                                             
[05:41:17] INFO     train/confidence_loss=0.254,                  trainer.py:584
                    train/confidence_abs_error=0.142,                           
                    train/confidence_pred_mean=0.234,                           
                    train/confidence_cumprod_bias=0.006,                        
                    train/loss=0.281, train/ce_loss=0.719,                      
                    train/tv_loss=0.120, train/accept_rate=0.368,               
                    train/accept_len=2.372, train/full_acc=0.402,               
                    train/position_1_acc=0.737,                                 
                    train/position_2_acc=0.499,                                 
                    train/position_3_acc=0.399,                                 
                    train/position_4_acc=0.333,                                 
                    train/position_5_acc=0.311,                                 
                    train/position_6_acc=0.248,                                 
                    train/position_7_acc=0.282,                                 
                    profile/fetch_ms=71.109,                                    
                    profile/fwd_ms=1.76e+03,                                    
                    profile/bwd_ms=91.315, profile/opt_ms=0.036,                
                    profile/step_ms=1.93e+03,                                   
                    profile/tokens_per_s=2.05e+03,                              
                    profile/fetch_frac=0.037, epoch=0,                          
                    lr/Muon=0.006, lr/AdamW=5.95e-04,                           
                    global_step=520                                             
[05:41:55] INFO     train/confidence_loss=0.244,                  trainer.py:584
                    train/confidence_abs_error=0.123,                           
                    train/confidence_pred_mean=0.202,                           
                    train/confidence_cumprod_bias=-0.037,                       
                    train/loss=0.266, train/ce_loss=0.672,                      
                    train/tv_loss=0.112, train/accept_rate=0.405,               
                    train/accept_len=2.707, train/full_acc=0.440,               
                    train/position_1_acc=0.754,                                 
                    train/position_2_acc=0.531,                                 
                    train/position_3_acc=0.432,                                 
                    train/position_4_acc=0.392,                                 
                    train/position_5_acc=0.346,                                 
                    train/position_6_acc=0.335,                                 
                    train/position_7_acc=0.286,                                 
                    profile/fetch_ms=38.111,                                    
                    profile/fwd_ms=2.12e+03,                                    
                    profile/bwd_ms=86.120, profile/opt_ms=0.063,                
                    profile/step_ms=2.25e+03,                                   
                    profile/tokens_per_s=1.77e+03,                              
                    profile/fetch_frac=0.017, epoch=0,                          
                    lr/Muon=0.006, lr/AdamW=5.95e-04,                           
                    global_step=540                                             
[05:42:34] INFO     train/confidence_loss=0.252,                  trainer.py:584
                    train/confidence_abs_error=0.118,                           
                    train/confidence_pred_mean=0.161,                           
                    train/confidence_cumprod_bias=-0.012,                       
                    train/loss=0.297, train/ce_loss=0.797,                      
                    train/tv_loss=0.130, train/accept_rate=0.320,               
                    train/accept_len=2.178, train/full_acc=0.370,               
                    train/position_1_acc=0.702,                                 
                    train/position_2_acc=0.431,                                 
                    train/position_3_acc=0.352,                                 
                    train/position_4_acc=0.314,                                 
                    train/position_5_acc=0.268,                                 
                    train/position_6_acc=0.275,                                 
                    train/position_7_acc=0.248,                                 
                    profile/fetch_ms=72.266,                                    
                    profile/fwd_ms=1.58e+03,                                    
                    profile/bwd_ms=93.446,                                      
                    profile/opt_ms=219.017,                                     
                    profile/step_ms=1.96e+03,                                   
                    profile/tokens_per_s=2.01e+03,                              
                    profile/fetch_frac=0.037, epoch=0,                          
                    lr/Muon=0.006, lr/AdamW=5.94e-04,                           
                    global_step=560                                             
[05:43:12] INFO     train/confidence_loss=0.240,                  trainer.py:584
                    train/confidence_abs_error=0.130,                           
                    train/confidence_pred_mean=0.272,                           
                    train/confidence_cumprod_bias=0.024,                        
                    train/loss=0.256, train/ce_loss=0.628,                      
                    train/tv_loss=0.109, train/accept_rate=0.419,               
                    train/accept_len=2.755, train/full_acc=0.452,               
                    train/position_1_acc=0.774,                                 
                    train/position_2_acc=0.533,                                 
                    train/position_3_acc=0.464,                                 
                    train/position_4_acc=0.397,                                 
                    train/position_5_acc=0.330,                                 
                    train/position_6_acc=0.341,                                 
                    train/position_7_acc=0.321,                                 
                    profile/fetch_ms=71.985,                                    
                    profile/fwd_ms=2.36e+03,                                    
                    profile/bwd_ms=88.965, profile/opt_ms=0.105,                
                    profile/step_ms=2.52e+03,                                   
                    profile/tokens_per_s=1.55e+03,                              
                    profile/fetch_frac=0.029, epoch=0,                          
                    lr/Muon=0.006, lr/AdamW=5.94e-04,                           
                    global_step=580                                             
[05:43:51] INFO     train/confidence_loss=0.243,                  trainer.py:584
                    train/confidence_abs_error=0.120,                           
                    train/confidence_pred_mean=0.185,                           
                    train/confidence_cumprod_bias=-0.004,                       
                    train/loss=0.287, train/ce_loss=0.784,                      
                    train/tv_loss=0.123, train/accept_rate=0.357,               
                    train/accept_len=2.320, train/full_acc=0.389,               
                    train/position_1_acc=0.669,                                 
                    train/position_2_acc=0.470,                                 
                    train/position_3_acc=0.393,                                 
                    train/position_4_acc=0.332,                                 
                    train/position_5_acc=0.305,                                 
                    train/position_6_acc=0.284,                                 
                    train/position_7_acc=0.266,                                 
                    profile/fetch_ms=68.111,                                    
                    profile/fwd_ms=1.19e+03,                                    
                    profile/bwd_ms=86.168, profile/opt_ms=0.054,                
                    profile/step_ms=1.35e+03,                                   
                    profile/tokens_per_s=2.96e+03,                              
                    profile/fetch_frac=0.051, epoch=0,                          
                    lr/Muon=0.006, lr/AdamW=5.93e-04,                           
                    global_step=600                                             
[05:44:29] INFO     train/confidence_loss=0.248,                  trainer.py:584
                    train/confidence_abs_error=0.119,                           
                    train/confidence_pred_mean=0.209,                           
                    train/confidence_cumprod_bias=-0.017,                       
                    train/loss=0.256, train/ce_loss=0.600,                      
                    train/tv_loss=0.109, train/accept_rate=0.413,               
                    train/accept_len=2.737, train/full_acc=0.452,               
                    train/position_1_acc=0.784,                                 
                    train/position_2_acc=0.566,                                 
                    train/position_3_acc=0.480,                                 
                    train/position_4_acc=0.370,                                 
                    train/position_5_acc=0.336,                                 
                    train/position_6_acc=0.331,                                 
                    train/position_7_acc=0.297,                                 
                    profile/fetch_ms=72.077,                                    
                    profile/fwd_ms=1.90e+03,                                    
                    profile/bwd_ms=87.974,                                      
                    profile/opt_ms=221.945,                                     
                    profile/step_ms=2.28e+03,                                   
                    profile/tokens_per_s=1.75e+03,                              
                    profile/fetch_frac=0.032, epoch=0,                          
                    lr/Muon=0.006, lr/AdamW=5.93e-04,                           
                    global_step=620                                             
[05:45:06] INFO     train/confidence_loss=0.249,                  trainer.py:584
                    train/confidence_abs_error=0.136,                           
                    train/confidence_pred_mean=0.268,                           
                    train/confidence_cumprod_bias=0.033,                        
                    train/loss=0.269, train/ce_loss=0.681,                      
                    train/tv_loss=0.113, train/accept_rate=0.401,               
                    train/accept_len=2.600, train/full_acc=0.435,               
                    train/position_1_acc=0.738,                                 
                    train/position_2_acc=0.523,                                 
                    train/position_3_acc=0.429,                                 
                    train/position_4_acc=0.376,                                 
                    train/position_5_acc=0.337,                                 
                    train/position_6_acc=0.337,                                 
                    train/position_7_acc=0.304,                                 
                    profile/fetch_ms=70.774,                                    
                    profile/fwd_ms=1.87e+03,                                    
                    profile/bwd_ms=92.656, profile/opt_ms=0.073,                
                    profile/step_ms=2.04e+03,                                   
                    profile/tokens_per_s=1.94e+03,                              
                    profile/fetch_frac=0.035, epoch=0,                          
                    lr/Muon=0.006, lr/AdamW=5.93e-04,                           
                    global_step=640                                             
[05:45:46] INFO     train/confidence_loss=0.244,                  trainer.py:584
                    train/confidence_abs_error=0.113,                           
                    train/confidence_pred_mean=0.168,                           
                    train/confidence_cumprod_bias=-0.028,                       
                    train/loss=0.287, train/ce_loss=0.781,                      
                    train/tv_loss=0.122, train/accept_rate=0.365,               
                    train/accept_len=2.393, train/full_acc=0.391,               
                    train/position_1_acc=0.666,                                 
                    train/position_2_acc=0.459,                                 
                    train/position_3_acc=0.382,                                 
                    train/position_4_acc=0.339,                                 
                    train/position_5_acc=0.315,                                 
                    train/position_6_acc=0.290,                                 
                    train/position_7_acc=0.283,                                 
                    profile/fetch_ms=22.299,                                    
                    profile/fwd_ms=1.28e+03,                                    
                    profile/bwd_ms=91.618, profile/opt_ms=0.049,                
                    profile/step_ms=1.40e+03,                                   
                    profile/tokens_per_s=2.85e+03,                              
                    profile/fetch_frac=0.016, epoch=0,                          
                    lr/Muon=0.006, lr/AdamW=5.92e-04,                           
                    global_step=660                                             
[05:46:24] INFO     train/confidence_loss=0.248,                  trainer.py:584
                    train/confidence_abs_error=0.117,                           
                    train/confidence_pred_mean=0.190,                           
                    train/confidence_cumprod_bias=-0.026,                       
                    train/loss=0.267, train/ce_loss=0.653,                      
                    train/tv_loss=0.114, train/accept_rate=0.396,               
                    train/accept_len=2.559, train/full_acc=0.440,               
                    train/position_1_acc=0.751,                                 
                    train/position_2_acc=0.522,                                 
                    train/position_3_acc=0.396,                                 
                    train/position_4_acc=0.384,                                 
                    train/position_5_acc=0.367,                                 
                    train/position_6_acc=0.354,                                 
                    train/position_7_acc=0.300,                                 
                    profile/fetch_ms=71.002,                                    
                    profile/fwd_ms=1.90e+03,                                    
                    profile/bwd_ms=93.073,                                      
                    profile/opt_ms=245.474,                                     
                    profile/step_ms=2.31e+03,                                   
                    profile/tokens_per_s=1.68e+03,                              
                    profile/fetch_frac=0.031, epoch=0,                          
                    lr/Muon=0.006, lr/AdamW=5.92e-04,                           
                    global_step=680                                             
[05:47:03] INFO     train/confidence_loss=0.246,                  trainer.py:584
                    train/confidence_abs_error=0.137,                           
                    train/confidence_pred_mean=0.241,                           
                    train/confidence_cumprod_bias=0.020,                        
                    train/loss=0.291, train/ce_loss=0.800,                      
                    train/tv_loss=0.123, train/accept_rate=0.361,               
                    train/accept_len=2.417, train/full_acc=0.390,               
                    train/position_1_acc=0.686,                                 
                    train/position_2_acc=0.468,                                 
                    train/position_3_acc=0.363,                                 
                    train/position_4_acc=0.348,                                 
                    train/position_5_acc=0.310,                                 
                    train/position_6_acc=0.285,                                 
                    train/position_7_acc=0.271,                                 
                    profile/fetch_ms=70.363,                                    
                    profile/fwd_ms=1.64e+03,                                    
                    profile/bwd_ms=90.199, profile/opt_ms=0.035,                
                    profile/step_ms=1.80e+03,                                   
                    profile/tokens_per_s=2.24e+03,                              
                    profile/fetch_frac=0.039, epoch=0,                          
                    lr/Muon=0.006, lr/AdamW=5.91e-04,                           
                    global_step=700                                             
[05:47:41] INFO     train/confidence_loss=0.235,                  trainer.py:584
                    train/confidence_abs_error=0.127,                           
                    train/confidence_pred_mean=0.232,                           
                    train/confidence_cumprod_bias=-0.043,                       
                    train/loss=0.248, train/ce_loss=0.622,                      
                    train/tv_loss=0.103, train/accept_rate=0.443,               
                    train/accept_len=2.962, train/full_acc=0.481,               
                    train/position_1_acc=0.814,                                 
                    train/position_2_acc=0.591,                                 
                    train/position_3_acc=0.478,                                 
                    train/position_4_acc=0.414,                                 
                    train/position_5_acc=0.379,                                 
                    train/position_6_acc=0.352,                                 
                    train/position_7_acc=0.335,                                 
                    profile/fetch_ms=69.957,                                    
                    profile/fwd_ms=2.13e+03,                                    
                    profile/bwd_ms=91.204, profile/opt_ms=0.054,                
                    profile/step_ms=2.29e+03,                                   
                    profile/tokens_per_s=1.75e+03,                              
                    profile/fetch_frac=0.031, epoch=0,                          
                    lr/Muon=0.006, lr/AdamW=5.91e-04,                           
                    global_step=720                                             
[05:48:20] INFO     train/confidence_loss=0.248,                  trainer.py:584
                    train/confidence_abs_error=0.126,                           
                    train/confidence_pred_mean=0.212,                           
                    train/confidence_cumprod_bias=-0.039,                       
                    train/loss=0.252, train/ce_loss=0.591,                      
                    train/tv_loss=0.104, train/accept_rate=0.438,               
                    train/accept_len=2.812, train/full_acc=0.475,               
                    train/position_1_acc=0.784,                                 
                    train/position_2_acc=0.586,                                 
                    train/position_3_acc=0.462,                                 
                    train/position_4_acc=0.411,                                 
                    train/position_5_acc=0.394,                                 
                    train/position_6_acc=0.359,                                 
                    train/position_7_acc=0.324,                                 
                    profile/fetch_ms=69.263,                                    
                    profile/fwd_ms=1.79e+03,                                    
                    profile/bwd_ms=91.449,                                      
                    profile/opt_ms=251.230,                                     
                    profile/step_ms=2.20e+03,                                   
                    profile/tokens_per_s=1.54e+03,                              
                    profile/fetch_frac=0.031, epoch=0,                          
                    lr/Muon=0.006, lr/AdamW=5.91e-04,                           
                    global_step=740                                             
[05:48:57] INFO     train/confidence_loss=0.254,                  trainer.py:584
                    train/confidence_abs_error=0.134,                           
                    train/confidence_pred_mean=0.243,                           
                    train/confidence_cumprod_bias=0.013,                        
                    train/loss=0.272, train/ce_loss=0.681,                      
                    train/tv_loss=0.113, train/accept_rate=0.399,               
                    train/accept_len=2.559, train/full_acc=0.432,               
                    train/position_1_acc=0.750,                                 
                    train/position_2_acc=0.520,                                 
                    train/position_3_acc=0.409,                                 
                    train/position_4_acc=0.394,                                 
                    train/position_5_acc=0.358,                                 
                    train/position_6_acc=0.309,                                 
                    train/position_7_acc=0.285,                                 
                    profile/fetch_ms=66.738,                                    
                    profile/fwd_ms=1.75e+03,                                    
                    profile/bwd_ms=90.468, profile/opt_ms=0.085,                
                    profile/step_ms=1.91e+03,                                   
                    profile/tokens_per_s=2.05e+03,                              
                    profile/fetch_frac=0.035, epoch=0,                          
                    lr/Muon=0.006, lr/AdamW=5.90e-04,                           
                    global_step=760                                             
[05:49:36] INFO     train/confidence_loss=0.242,                  trainer.py:584
                    train/confidence_abs_error=0.138,                           
                    train/confidence_pred_mean=0.256,                           
                    train/confidence_cumprod_bias=0.029,                        
                    train/loss=0.284, train/ce_loss=0.784,                      
                    train/tv_loss=0.122, train/accept_rate=0.362,               
                    train/accept_len=2.441, train/full_acc=0.390,               
                    train/position_1_acc=0.717,                                 
                    train/position_2_acc=0.464,                                 
                    train/position_3_acc=0.381,                                 
                    train/position_4_acc=0.322,                                 
                    train/position_5_acc=0.289,                                 
                    train/position_6_acc=0.275,                                 
                    train/position_7_acc=0.281,                                 
                    profile/fetch_ms=41.269,                                    
                    profile/fwd_ms=1.44e+03,                                    
                    profile/bwd_ms=102.599, profile/opt_ms=9.796,               
                    profile/step_ms=1.59e+03,                                   
                    profile/tokens_per_s=2.46e+03,                              
                    profile/fetch_frac=0.026, epoch=0,                          
                    lr/Muon=0.006, lr/AdamW=5.90e-04,                           
                    global_step=780                                             
[05:50:14] INFO     train/confidence_loss=0.244,                  trainer.py:584
                    train/confidence_abs_error=0.131,                           
                    train/confidence_pred_mean=0.286,                           
                    train/confidence_cumprod_bias=0.044,                        
                    train/loss=0.256, train/ce_loss=0.631,                      
                    train/tv_loss=0.106, train/accept_rate=0.431,               
                    train/accept_len=2.818, train/full_acc=0.458,               
                    train/position_1_acc=0.778,                                 
                    train/position_2_acc=0.562,                                 
                    train/position_3_acc=0.436,                                 
                    train/position_4_acc=0.402,                                 
                    train/position_5_acc=0.358,                                 
                    train/position_6_acc=0.346,                                 
                    train/position_7_acc=0.317,                                 
                    profile/fetch_ms=67.680,                                    
                    profile/fwd_ms=2.02e+03,                                    
                    profile/bwd_ms=130.715,                                     
                    profile/opt_ms=228.993,                                     
                    profile/step_ms=2.45e+03,                                   
                    profile/tokens_per_s=1.64e+03,                              
                    profile/fetch_frac=0.028, epoch=0,                          
                    lr/Muon=0.006, lr/AdamW=5.89e-04,                           
                    global_step=800                                             
[05:50:53] INFO     train/confidence_loss=0.262,                  trainer.py:584
                    train/confidence_abs_error=0.123,                           
                    train/confidence_pred_mean=0.188,                           
                    train/confidence_cumprod_bias=-0.027,                       
                    train/loss=0.273, train/ce_loss=0.669,                      
                    train/tv_loss=0.113, train/accept_rate=0.401,               
                    train/accept_len=2.549, train/full_acc=0.434,               
                    train/position_1_acc=0.752,                                 
                    train/position_2_acc=0.512,                                 
                    train/position_3_acc=0.436,                                 
                    train/position_4_acc=0.379,                                 
                    train/position_5_acc=0.319,                                 
                    train/position_6_acc=0.339,                                 
                    train/position_7_acc=0.298,                                 
                    profile/fetch_ms=72.566,                                    
                    profile/fwd_ms=1.85e+03,                                    
                    profile/bwd_ms=87.713, profile/opt_ms=0.042,                
                    profile/step_ms=2.01e+03,                                   
                    profile/tokens_per_s=1.83e+03,                              
                    profile/fetch_frac=0.036, epoch=0,                          
                    lr/Muon=0.006, lr/AdamW=5.89e-04,                           
                    global_step=820                                             
[05:51:30] INFO     train/confidence_loss=0.240,                  trainer.py:584
                    train/confidence_abs_error=0.131,                           
                    train/confidence_pred_mean=0.254,                           
                    train/confidence_cumprod_bias=0.010,                        
                    train/loss=0.259, train/ce_loss=0.650,                      
                    train/tv_loss=0.111, train/accept_rate=0.402,               
                    train/accept_len=2.697, train/full_acc=0.430,               
                    train/position_1_acc=0.787,                                 
                    train/position_2_acc=0.517,                                 
                    train/position_3_acc=0.422,                                 
                    train/position_4_acc=0.347,                                 
                    train/position_5_acc=0.326,                                 
                    train/position_6_acc=0.308,                                 
                    train/position_7_acc=0.301,                                 
                    profile/fetch_ms=3.954,                                     
                    profile/fwd_ms=1.29e+03,                                    
                    profile/bwd_ms=89.678, profile/opt_ms=0.054,                
                    profile/step_ms=1.39e+03,                                   
                    profile/tokens_per_s=2.43e+03,                              
                    profile/fetch_frac=0.003, epoch=0,                          
                    lr/Muon=0.006, lr/AdamW=5.88e-04,                           
                    global_step=840                                             
[05:52:09] INFO     train/confidence_loss=0.236,                  trainer.py:584
                    train/confidence_abs_error=0.121,                           
                    train/confidence_pred_mean=0.255,                           
                    train/confidence_cumprod_bias=-0.007,                       
                    train/loss=0.242, train/ce_loss=0.578,                      
                    train/tv_loss=0.100, train/accept_rate=0.454,               
                    train/accept_len=3.009, train/full_acc=0.489,               
                    train/position_1_acc=0.795,                                 
                    train/position_2_acc=0.640,                                 
                    train/position_3_acc=0.502,                                 
                    train/position_4_acc=0.407,                                 
                    train/position_5_acc=0.376,                                 
                    train/position_6_acc=0.352,                                 
                    train/position_7_acc=0.349,                                 
                    profile/fetch_ms=97.512,                                    
                    profile/fwd_ms=1.61e+03,                                    
                    profile/bwd_ms=92.402,                                      
                    profile/opt_ms=243.247,                                     
                    profile/step_ms=2.05e+03,                                   
                    profile/tokens_per_s=1.95e+03,                              
                    profile/fetch_frac=0.048, epoch=0,                          
                    lr/Muon=0.006, lr/AdamW=5.88e-04,                           
                    global_step=860                                             
[05:52:48] INFO     train/confidence_loss=0.243,                  trainer.py:584
                    train/confidence_abs_error=0.128,                           
                    train/confidence_pred_mean=0.269,                           
                    train/confidence_cumprod_bias=0.034,                        
                    train/loss=0.263, train/ce_loss=0.656,                      
                    train/tv_loss=0.109, train/accept_rate=0.413,               
                    train/accept_len=2.729, train/full_acc=0.443,               
                    train/position_1_acc=0.778,                                 
                    train/position_2_acc=0.545,                                 
                    train/position_3_acc=0.424,                                 
                    train/position_4_acc=0.383,                                 
                    train/position_5_acc=0.339,                                 
                    train/position_6_acc=0.333,                                 
                    train/position_7_acc=0.294,                                 
                    profile/fetch_ms=67.081,                                    
                    profile/fwd_ms=1.74e+03,                                    
                    profile/bwd_ms=92.874, profile/opt_ms=0.038,                
                    profile/step_ms=1.90e+03,                                   
                    profile/tokens_per_s=2.03e+03,                              
                    profile/fetch_frac=0.035, epoch=0,                          
                    lr/Muon=0.006, lr/AdamW=5.88e-04,                           
                    global_step=880                                             
[05:53:27] INFO     train/confidence_loss=0.240,                  trainer.py:584
                    train/confidence_abs_error=0.120,                           
                    train/confidence_pred_mean=0.194,                           
                    train/confidence_cumprod_bias=-0.031,                       
                    train/loss=0.270, train/ce_loss=0.719,                      
                    train/tv_loss=0.114, train/accept_rate=0.401,               
                    train/accept_len=2.582, train/full_acc=0.430,               
                    train/position_1_acc=0.723,                                 
                    train/position_2_acc=0.517,                                 
                    train/position_3_acc=0.435,                                 
                    train/position_4_acc=0.375,                                 
                    train/position_5_acc=0.338,                                 
                    train/position_6_acc=0.316,                                 
                    train/position_7_acc=0.303,                                 
                    profile/fetch_ms=12.231,                                    
                    profile/fwd_ms=1.85e+03,                                    
                    profile/bwd_ms=91.566, profile/opt_ms=0.028,                
                    profile/step_ms=1.95e+03,                                   
                    profile/tokens_per_s=1.92e+03,                              
                    profile/fetch_frac=0.006, epoch=0,                          
                    lr/Muon=0.006, lr/AdamW=5.87e-04,                           
                    global_step=900                                             
[05:54:05] INFO     train/confidence_loss=0.262,                  trainer.py:584
                    train/confidence_abs_error=0.123,                           
                    train/confidence_pred_mean=0.190,                           
                    train/confidence_cumprod_bias=-0.036,                       
                    train/loss=0.269, train/ce_loss=0.650,                      
                    train/tv_loss=0.111, train/accept_rate=0.410,               
                    train/accept_len=2.640, train/full_acc=0.438,               
                    train/position_1_acc=0.779,                                 
                    train/position_2_acc=0.513,                                 
                    train/position_3_acc=0.404,                                 
                    train/position_4_acc=0.384,                                 
                    train/position_5_acc=0.351,                                 
                    train/position_6_acc=0.330,                                 
                    train/position_7_acc=0.303,                                 
                    profile/fetch_ms=72.524,                                    
                    profile/fwd_ms=1.57e+03,                                    
                    profile/bwd_ms=93.360,                                      
                    profile/opt_ms=226.280,                                     
                    profile/step_ms=1.96e+03,                                   
                    profile/tokens_per_s=1.88e+03,                              
                    profile/fetch_frac=0.037, epoch=0,                          
                    lr/Muon=0.006, lr/AdamW=5.87e-04,                           
                    global_step=920                                             
[05:54:45] INFO     train/confidence_loss=0.252,                  trainer.py:584
                    train/confidence_abs_error=0.132,                           
                    train/confidence_pred_mean=0.274,                           
                    train/confidence_cumprod_bias=0.025,                        
                    train/loss=0.259, train/ce_loss=0.625,                      
                    train/tv_loss=0.106, train/accept_rate=0.432,               
                    train/accept_len=2.789, train/full_acc=0.462,               
                    train/position_1_acc=0.776,                                 
                    train/position_2_acc=0.541,                                 
                    train/position_3_acc=0.464,                                 
                    train/position_4_acc=0.405,                                 
                    train/position_5_acc=0.402,                                 
                    train/position_6_acc=0.315,                                 
                    train/position_7_acc=0.329,                                 
                    profile/fetch_ms=72.019,                                    
                    profile/fwd_ms=1.93e+03,                                    
                    profile/bwd_ms=93.215, profile/opt_ms=0.029,                
                    profile/step_ms=2.09e+03,                                   
                    profile/tokens_per_s=1.82e+03,                              
                    profile/fetch_frac=0.034, epoch=0,                          
                    lr/Muon=0.006, lr/AdamW=5.86e-04,                           
                    global_step=940                                             
[05:55:23] INFO     train/confidence_loss=0.248,                  trainer.py:584
                    train/confidence_abs_error=0.119,                           
                    train/confidence_pred_mean=0.197,                           
                    train/confidence_cumprod_bias=-0.040,                       
                    train/loss=0.266, train/ce_loss=0.659,                      
                    train/tv_loss=0.110, train/accept_rate=0.410,               
                    train/accept_len=2.725, train/full_acc=0.443,               
                    train/position_1_acc=0.770,                                 
                    train/position_2_acc=0.535,                                 
                    train/position_3_acc=0.435,                                 
                    train/position_4_acc=0.380,                                 
                    train/position_5_acc=0.344,                                 
                    train/position_6_acc=0.333,                                 
                    train/position_7_acc=0.300,                                 
                    profile/fetch_ms=3.223,                                     
                    profile/fwd_ms=1.58e+03,                                    
                    profile/bwd_ms=90.455, profile/opt_ms=0.048,                
                    profile/step_ms=1.68e+03,                                   
                    profile/tokens_per_s=2.37e+03,                              
                    profile/fetch_frac=0.002, epoch=0,                          
                    lr/Muon=0.006, lr/AdamW=5.86e-04,                           
                    global_step=960                                             
[05:56:01] INFO     train/confidence_loss=0.246,                  trainer.py:584
                    train/confidence_abs_error=0.137,                           
                    train/confidence_pred_mean=0.249,                           
                    train/confidence_cumprod_bias=-0.050,                       
                    train/loss=0.234, train/ce_loss=0.537,                      
                    train/tv_loss=0.093, train/accept_rate=0.491,               
                    train/accept_len=3.188, train/full_acc=0.523,               
                    train/position_1_acc=0.835,                                 
                    train/position_2_acc=0.639,                                 
                    train/position_3_acc=0.537,                                 
                    train/position_4_acc=0.442,                                 
                    train/position_5_acc=0.415,                                 
                    train/position_6_acc=0.404,                                 
                    train/position_7_acc=0.387,                                 
                    profile/fetch_ms=69.487,                                    
                    profile/fwd_ms=1.37e+03,                                    
                    profile/bwd_ms=94.972,                                      
                    profile/opt_ms=271.758,                                     
                    profile/step_ms=1.81e+03,                                   
                    profile/tokens_per_s=2.24e+03,                              
                    profile/fetch_frac=0.038, epoch=0,                          
                    lr/Muon=0.006, lr/AdamW=5.85e-04,                           
                    global_step=980                                             
[05:56:39] INFO     train/confidence_loss=0.244,                  trainer.py:584
                    train/confidence_abs_error=0.138,                           
                    train/confidence_pred_mean=0.317,                           
                    train/confidence_cumprod_bias=0.040,                        
                    train/loss=0.230, train/ce_loss=0.519,                      
                    train/tv_loss=0.091, train/accept_rate=0.497,               
                    train/accept_len=3.172, train/full_acc=0.525,               
                    train/position_1_acc=0.856,                                 
                    train/position_2_acc=0.645,                                 
                    train/position_3_acc=0.520,                                 
                    train/position_4_acc=0.486,                                 
                    train/position_5_acc=0.438,                                 
                    train/position_6_acc=0.365,                                 
                    train/position_7_acc=0.356,                                 
                    profile/fetch_ms=71.787,                                    
                    profile/fwd_ms=1.86e+03,                                    
                    profile/bwd_ms=91.351, profile/opt_ms=0.030,                
                    profile/step_ms=2.02e+03,                                   
                    profile/tokens_per_s=2.00e+03,                              
                    profile/fetch_frac=0.036, epoch=0,                          
                    lr/Muon=0.006, lr/AdamW=5.85e-04,                           
                    global_step=1000                                            
[05:57:18] INFO     train/confidence_loss=0.236,                  trainer.py:584
                    train/confidence_abs_error=0.125,                           
                    train/confidence_pred_mean=0.229,                           
                    train/confidence_cumprod_bias=-0.012,                       
                    train/loss=0.258, train/ce_loss=0.656,                      
                    train/tv_loss=0.109, train/accept_rate=0.419,               
                    train/accept_len=2.714, train/full_acc=0.452,               
                    train/position_1_acc=0.770,                                 
                    train/position_2_acc=0.515,                                 
                    train/position_3_acc=0.457,                                 
                    train/position_4_acc=0.404,                                 
                    train/position_5_acc=0.378,                                 
                    train/position_6_acc=0.336,                                 
                    train/position_7_acc=0.306,                                 
                    profile/fetch_ms=7.350,                                     
                    profile/fwd_ms=1.51e+03,                                    
                    profile/bwd_ms=92.180, profile/opt_ms=0.062,                
                    profile/step_ms=1.61e+03,                                   
                    profile/tokens_per_s=2.05e+03,                              
                    profile/fetch_frac=0.005, epoch=0,                          
                    lr/Muon=0.006, lr/AdamW=5.85e-04,                           
                    global_step=1020                                            
[05:57:56] INFO     train/confidence_loss=0.228,                  trainer.py:584
                    train/confidence_abs_error=0.127,                           
                    train/confidence_pred_mean=0.278,                           
                    train/confidence_cumprod_bias=-0.039,                       
                    train/loss=0.209, train/ce_loss=0.441,                      
                    train/tv_loss=0.083, train/accept_rate=0.534,               
                    train/accept_len=3.455, train/full_acc=0.564,               
                    train/position_1_acc=0.864,                                 
                    train/position_2_acc=0.706,                                 
                    train/position_3_acc=0.574,                                 
                    train/position_4_acc=0.521,                                 
                    train/position_5_acc=0.444,                                 
                    train/position_6_acc=0.434,                                 
                    train/position_7_acc=0.402,                                 
                    profile/fetch_ms=71.352,                                    
                    profile/fwd_ms=2.15e+03,                                    
                    profile/bwd_ms=92.483,                                      
                    profile/opt_ms=321.378,                                     
                    profile/step_ms=2.63e+03,                                   
                    profile/tokens_per_s=1.41e+03,                              
                    profile/fetch_frac=0.027, epoch=0,                          
                    lr/Muon=0.006, lr/AdamW=5.84e-04,                           
                    global_step=1040                                            
[05:58:35] INFO     train/confidence_loss=0.258,                  trainer.py:584
                    train/confidence_abs_error=0.140,                           
                    train/confidence_pred_mean=0.316,                           
                    train/confidence_cumprod_bias=0.046,                        
                    train/loss=0.237, train/ce_loss=0.516,                      
                    train/tv_loss=0.092, train/accept_rate=0.502,               
                    train/accept_len=3.068, train/full_acc=0.531,               
                    train/position_1_acc=0.821,                                 
                    train/position_2_acc=0.643,                                 
                    train/position_3_acc=0.529,                                 
                    train/position_4_acc=0.453,                                 
                    train/position_5_acc=0.436,                                 
                    train/position_6_acc=0.429,                                 
                    train/position_7_acc=0.403,                                 
                    profile/fetch_ms=73.804,                                    
                    profile/fwd_ms=2.18e+03,                                    
                    profile/bwd_ms=93.317, profile/opt_ms=0.075,                
                    profile/step_ms=2.35e+03,                                   
                    profile/tokens_per_s=1.63e+03,                              
                    profile/fetch_frac=0.031, epoch=0,                          
                    lr/Muon=0.006, lr/AdamW=5.84e-04,                           
                    global_step=1060                                            
[05:59:13] INFO     train/confidence_loss=0.238,                  trainer.py:584
                    train/confidence_abs_error=0.122,                           
                    train/confidence_pred_mean=0.243,                           
                    train/confidence_cumprod_bias=-0.015,                       
                    train/loss=0.242, train/ce_loss=0.588,                      
                    train/tv_loss=0.099, train/accept_rate=0.467,               
                    train/accept_len=2.969, train/full_acc=0.498,               
                    train/position_1_acc=0.790,                                 
                    train/position_2_acc=0.600,                                 
                    train/position_3_acc=0.494,                                 
                    train/position_4_acc=0.454,                                 
                    train/position_5_acc=0.393,                                 
                    train/position_6_acc=0.374,                                 
                    train/position_7_acc=0.375,                                 
                    profile/fetch_ms=3.284,                                     
                    profile/fwd_ms=1.85e+03,                                    
                    profile/bwd_ms=84.847, profile/opt_ms=0.038,                
                    profile/step_ms=1.94e+03,                                   
                    profile/tokens_per_s=2.03e+03,                              
                    profile/fetch_frac=0.002, epoch=0,                          
                    lr/Muon=0.006, lr/AdamW=5.83e-04,                           
                    global_step=1080                                            
[05:59:51] INFO     train/confidence_loss=0.247,                  trainer.py:584
                    train/confidence_abs_error=0.123,                           
                    train/confidence_pred_mean=0.216,                           
                    train/confidence_cumprod_bias=-0.020,                       
                    train/loss=0.258, train/ce_loss=0.628,                      
                    train/tv_loss=0.107, train/accept_rate=0.427,               
                    train/accept_len=2.705, train/full_acc=0.462,               
                    train/position_1_acc=0.775,                                 
                    train/position_2_acc=0.540,                                 
                    train/position_3_acc=0.455,                                 
                    train/position_4_acc=0.412,                                 
                    train/position_5_acc=0.364,                                 
                    train/position_6_acc=0.352,                                 
                    train/position_7_acc=0.330,                                 
                    profile/fetch_ms=72.014,                                    
                    profile/fwd_ms=2.02e+03,                                    
                    profile/bwd_ms=88.969,                                      
                    profile/opt_ms=276.454,                                     
                    profile/step_ms=2.46e+03,                                   
                    profile/tokens_per_s=1.65e+03,                              
                    profile/fetch_frac=0.029, epoch=0,                          
                    lr/Muon=0.006, lr/AdamW=5.83e-04,                           
                    global_step=1100                                            
[06:00:30] INFO     train/confidence_loss=0.242,                  trainer.py:584
                    train/confidence_abs_error=0.133,                           
                    train/confidence_pred_mean=0.273,                           
                    train/confidence_cumprod_bias=0.011,                        
                    train/loss=0.256, train/ce_loss=0.641,                      
                    train/tv_loss=0.106, train/accept_rate=0.436,               
                    train/accept_len=2.796, train/full_acc=0.463,               
                    train/position_1_acc=0.761,                                 
                    train/position_2_acc=0.560,                                 
                    train/position_3_acc=0.465,                                 
                    train/position_4_acc=0.398,                                 
                    train/position_5_acc=0.381,                                 
                    train/position_6_acc=0.351,                                 
                    train/position_7_acc=0.322,                                 
                    profile/fetch_ms=69.728,                                    
                    profile/fwd_ms=1.77e+03,                                    
                    profile/bwd_ms=93.162, profile/opt_ms=0.039,                
                    profile/step_ms=1.93e+03,                                   
                    profile/tokens_per_s=2.03e+03,                              
                    profile/fetch_frac=0.036, epoch=0,                          
                    lr/Muon=0.006, lr/AdamW=5.83e-04,                           
                    global_step=1120                                            
[06:01:07] INFO     train/confidence_loss=0.250,                  trainer.py:584
                    train/confidence_abs_error=0.132,                           
                    train/confidence_pred_mean=0.278,                           
                    train/confidence_cumprod_bias=0.033,                        
                    train/loss=0.258, train/ce_loss=0.631,                      
                    train/tv_loss=0.105, train/accept_rate=0.435,               
                    train/accept_len=2.776, train/full_acc=0.469,               
                    train/position_1_acc=0.763,                                 
                    train/position_2_acc=0.559,                                 
                    train/position_3_acc=0.470,                                 
                    train/position_4_acc=0.428,                                 
                    train/position_5_acc=0.370,                                 
                    train/position_6_acc=0.349,                                 
                    train/position_7_acc=0.344,                                 
                    profile/fetch_ms=15.589,                                    
                    profile/fwd_ms=1.16e+03,                                    
                    profile/bwd_ms=90.455, profile/opt_ms=0.033,                
                    profile/step_ms=1.26e+03,                                   
                    profile/tokens_per_s=3.22e+03,                              
                    profile/fetch_frac=0.012, epoch=0,                          
                    lr/Muon=0.006, lr/AdamW=5.82e-04,                           
                    global_step=1140                                            
[06:01:48] INFO     train/confidence_loss=0.248,                  trainer.py:584
                    train/confidence_abs_error=0.133,                           
                    train/confidence_pred_mean=0.290,                           
                    train/confidence_cumprod_bias=0.016,                        
                    train/loss=0.242, train/ce_loss=0.544,                      
                    train/tv_loss=0.099, train/accept_rate=0.460,               
                    train/accept_len=2.946, train/full_acc=0.494,               
                    train/position_1_acc=0.818,                                 
                    train/position_2_acc=0.605,                                 
                    train/position_3_acc=0.479,                                 
                    train/position_4_acc=0.429,                                 
                    train/position_5_acc=0.405,                                 
                    train/position_6_acc=0.371,                                 
                    train/position_7_acc=0.345,                                 
                    profile/fetch_ms=73.309,                                    
                    profile/fwd_ms=1.66e+03,                                    
                    profile/bwd_ms=94.051,                                      
                    profile/opt_ms=294.615,                                     
                    profile/step_ms=2.13e+03,                                   
                    profile/tokens_per_s=1.81e+03,                              
                    profile/fetch_frac=0.034, epoch=0,                          
                    lr/Muon=0.006, lr/AdamW=5.82e-04,                           
                    global_step=1160                                            
[06:02:26] INFO     train/confidence_loss=0.236,                  trainer.py:584
                    train/confidence_abs_error=0.124,                           
                    train/confidence_pred_mean=0.250,                           
                    train/confidence_cumprod_bias=-0.022,                       
                    train/loss=0.237, train/ce_loss=0.556,                      
                    train/tv_loss=0.097, train/accept_rate=0.477,               
                    train/accept_len=3.037, train/full_acc=0.510,               
                    train/position_1_acc=0.796,                                 
                    train/position_2_acc=0.598,                                 
                    train/position_3_acc=0.490,                                 
                    train/position_4_acc=0.453,                                 
                    train/position_5_acc=0.445,                                 
                    train/position_6_acc=0.402,                                 
                    train/position_7_acc=0.385,                                 
                    profile/fetch_ms=73.393,                                    
                    profile/fwd_ms=2.58e+03,                                    
                    profile/bwd_ms=93.109, profile/opt_ms=0.061,                
                    profile/step_ms=2.75e+03,                                   
                    profile/tokens_per_s=1.42e+03,                              
                    profile/fetch_frac=0.027, epoch=0,                          
                    lr/Muon=0.006, lr/AdamW=5.81e-04,                           
                    global_step=1180                                            
[06:03:02] INFO     DL_MAX_STEPS=1200 reached (local_step=1201);  trainer.py:484
                    stopping epoch early.                                       
Epoch 0   4% ╸                     1,200/28,909  [ 0:38:57 < 14:41:24 , 1 it/s ]
           INFO     Training epoch 1/1 completed                  trainer.py:736
           INFO     DL_MAX_STEPS reached — exiting after this     trainer.py:739
                    epoch (skipping checkpoint/validation).                     
[06:03:04] INFO     Destroyed distributed process group       distributed.py:182
[06:03:04] INFO     Destroyed distributed process group       distributed.py:182
[06:03:04] INFO     Destroyed distributed process group       distributed.py:182
[06:03:06] INFO     Destroyed distributed process group       distributed.py:182
