/usr/local/python3.12.13/lib/python3.12/site-packages/transformers/loss/loss_for_object_detection.py:27: UserWarning: A NumPy version >=1.22.4 and <2.3.0 is required for this version of SciPy (detected version 2.4.6)
  from scipy.optimize import linear_sum_assignment
/usr/local/python3.12.13/lib/python3.12/site-packages/transformers/loss/loss_for_object_detection.py:27: UserWarning: A NumPy version >=1.22.4 and <2.3.0 is required for this version of SciPy (detected version 2.4.6)
  from scipy.optimize import linear_sum_assignment
/usr/local/python3.12.13/lib/python3.12/site-packages/transformers/loss/loss_for_object_detection.py:27: UserWarning: A NumPy version >=1.22.4 and <2.3.0 is required for this version of SciPy (detected version 2.4.6)
  from scipy.optimize import linear_sum_assignment
/usr/local/python3.12.13/lib/python3.12/site-packages/transformers/loss/loss_for_object_detection.py:27: UserWarning: A NumPy version >=1.22.4 and <2.3.0 is required for this version of SciPy (detected version 2.4.6)
  from scipy.optimize import linear_sum_assignment
[timeout] aclrtSetOpExecuteTimeOut(0) rc=0
[timeout] aclrtSetOpExecuteTimeOut(0) rc=0
           INFO     get env TERM = xterm                      patch_getenv.py:15
[10:04:26] INFO     get env LOCAL_RANK = 0                    patch_getenv.py:15
[timeout] aclrtSetOpExecuteTimeOut(0) rc=0
[timeout] aclrtSetOpExecuteTimeOut(0) rc=0
[10:04:26] INFO     Started distributed with local_rank=3,    distributed.py:165
                    dp_size=4, sp_size=1                                        
[10:04:27] INFO     get env WORLD_SIZE = 4                    patch_getenv.py:15
           INFO     get env MASTER_ADDR =                     patch_getenv.py:15
                    localhost.localdomain                                       
           INFO     get env MASTER_PORT = 40343               patch_getenv.py:15
           INFO     get env TORCHELASTIC_USE_AGENT_STORE =    patch_getenv.py:15
                    True                                                        
           INFO     Started distributed with local_rank=0,    distributed.py:165
                    dp_size=4, sp_size=1                                        
           INFO     get env PATH =                            patch_getenv.py:15
                    /usr/local/Ascend/nnal/atb/latest/atb/cxx                   
                    _abi_1/bin:/usr/local/Ascend/cann-9.0.0/t                   
                    ools/bishengir/bin:/usr/local/Ascend/cann                   
                    -9.0.0/bin:/usr/local/Ascend/cann-9.0.0/t                   
                    ools/ccec_compiler/bin:/usr/local/Ascend/                   
                    cann-9.0.0/tools/profiler/bin:/usr/local/                   
                    Ascend/cann-9.0.0/tools/ascend_system_adv                   
                    isor/asys:/usr/local/Ascend/cann-9.0.0/to                   
                    ols/show_kernel_debug_data:/usr/local/Asc                   
                    end/cann-9.0.0/tools/msobjdump:/home/y500                   
                    63564/node_modules/.bin:/usr/local/Ascend                   
                    /nnal/atb/latest/atb/cxx_abi_1/bin:/usr/l                   
                    ocal/Ascend/nnal/atb/latest/atb/cxx_abi_1                   
                    /bin:/usr/local/Ascend/ascend-toolkit/lat                   
                    est/bin:/usr/local/Ascend/ascend-toolkit/                   
                    latest/compiler/ccec_compiler/bin:/usr/lo                   
                    cal/Ascend/ascend-toolkit/latest/tools/cc                   
                    ec_compiler/bin:/usr/local/python3.12.13/                   
                    bin:/usr/local/sbin:/usr/local/bin:/usr/s                   
                    bin:/usr/bin:/sbin:/bin:/usr/local/go/bin                   
           INFO     Loading vocab mappings from                     train.py:236
                    '/home/y50063564/data/open_perfectblend_qwen3_4             
                    b_band600_800/d2t.npy' and                                  
                    '/home/y50063564/data/open_perfectblend_qwen3_4             
                    b_band600_800/t2d.npy'                                      
           INFO     All 5 draft layers using sliding window         train.py:396
                    attention (window=2048). To use full attention              
                    on specific layers, pass                                    
                    '--full-attention-indices <layer_ids>'.                     
[10:04:27] INFO     Started distributed with local_rank=1,    distributed.py:165
                    dp_size=4, sp_size=1                                        
[10:04:27] INFO     Started distributed with local_rank=2,    distributed.py:165
                    dp_size=4, sp_size=1                                        
           WARNING  Added <|MASK|> to tokenizer,                     utils.py:49
                    mask_token_id=151669 (tokenizer len=151670,                 
                    vocab_size=151936)                                          
2026-09-11 10:04:41.061 | INFO     | speculators.utils.loading:_resolve_file:136 - Loading from local directory: /home/y50063564/Qwen3-4B
2026-09-11 10:04:41.062 | WARNING  | speculators.utils.loading:load_model_layers:104 - Tensor 'lm_head.weight' not found in weight_map.
2026-09-11 10:04:41.062 | INFO     | speculators.utils.loading:_resolve_file:136 - Loading from local directory: /home/y50063564/Qwen3-4B
2026-09-11 10:04:41.064 | INFO     | speculators.utils.loading:_resolve_file:136 - Loading from local directory: /home/y50063564/Qwen3-4B
2026-09-11 10:04:41.248 | INFO     | speculators.utils.loading:_resolve_file:136 - Loading from local directory: /home/y50063564/Qwen3-4B
2026-09-11 10:04:41.249 | WARNING  | speculators.utils.loading:load_model_layers:104 - Tensor 'lm_head.weight' not found in weight_map.
2026-09-11 10:04:41.249 | INFO     | speculators.utils.loading:_resolve_file:136 - Loading from local directory: /home/y50063564/Qwen3-4B
2026-09-11 10:04:41.251 | INFO     | speculators.utils.loading:_resolve_file:136 - Loading from local directory: /home/y50063564/Qwen3-4B
2026-09-11 10:04:41.626 | INFO     | speculators.utils.loading:_resolve_file:136 - Loading from local directory: /home/y50063564/Qwen3-4B
2026-09-11 10:04:41.627 | WARNING  | speculators.utils.loading:load_model_layers:104 - Tensor 'lm_head.weight' not found in weight_map.
2026-09-11 10:04:41.627 | INFO     | speculators.utils.loading:_resolve_file:136 - Loading from local directory: /home/y50063564/Qwen3-4B
2026-09-11 10:04:41.629 | INFO     | speculators.utils.loading:_resolve_file:136 - Loading from local directory: /home/y50063564/Qwen3-4B
2026-09-11 10:04:42.317 | INFO     | speculators.utils.loading:_resolve_file:136 - Loading from local directory: /home/y50063564/Qwen3-4B
2026-09-11 10:04:42.317 | WARNING  | speculators.utils.loading:load_model_layers:104 - Tensor 'lm_head.weight' not found in weight_map.
2026-09-11 10:04:42.318 | INFO     | speculators.utils.loading:_resolve_file:136 - Loading from local directory: /home/y50063564/Qwen3-4B
2026-09-11 10:04:42.320 | INFO     | speculators.utils.loading:_resolve_file:136 - Loading from local directory: /home/y50063564/Qwen3-4B
[10:04:43] INFO     get env SAMP_SEED = 42                    patch_getenv.py:15
           INFO     get env DL_IN_ORDER = 1                   patch_getenv.py:15
           INFO     No previous training checkpoint found in      trainer.py:299
                    '/home/y50063564/dataloader_diag/exp/E7b_band               
                    _w2/checkpoints'. Starting fresh training                   
                    run.                                                        
[10:04:48] INFO     Muon optimizer: 39 2D params via Muon, 23   optimizers.py:76
                    params via AdamW.                                           
           INFO     get env SAMP_BALANCE = off                patch_getenv.py:15
[timeout] aclrtSetOpExecuteTimeOut(0) rc=0
[timeout] aclrtSetOpExecuteTimeOut(0) rc=0
[timeout] aclrtSetOpExecuteTimeOut(0) rc=0
[timeout] aclrtSetOpExecuteTimeOut(0) rc=0
[10:04:49] INFO     Training epoch 1/1 started                    trainer.py:734
/usr/local/python3.12.13/lib/python3.12/site-packages/torch/_dynamo/_trace_wrapped_higher_order_op.py:147: UserWarning: Cannot create tensor with interal format while allow_internel_format=False, tensor will be created with base format. (Triggered internally at ../torch_npu/csrc/aten/common/TensorFactories.cpp:340.)
  return func(*args, **(kwargs or {}))
/usr/local/python3.12.13/lib/python3.12/site-packages/torch/_dynamo/_trace_wrapped_higher_order_op.py:147: UserWarning: Cannot create tensor with interal format while allow_internel_format=False, tensor will be created with base format. (Triggered internally at ../torch_npu/csrc/aten/common/TensorFactories.cpp:340.)
  return func(*args, **(kwargs or {}))
/usr/local/python3.12.13/lib/python3.12/site-packages/torch/_dynamo/_trace_wrapped_higher_order_op.py:147: UserWarning: Cannot create tensor with interal format while allow_internel_format=False, tensor will be created with base format. (Triggered internally at ../torch_npu/csrc/aten/common/TensorFactories.cpp:340.)
  return func(*args, **(kwargs or {}))
/usr/local/python3.12.13/lib/python3.12/site-packages/torch/_dynamo/_trace_wrapped_higher_order_op.py:147: UserWarning: Cannot create tensor with interal format while allow_internel_format=False, tensor will be created with base format. (Triggered internally at ../torch_npu/csrc/aten/common/TensorFactories.cpp:340.)
  return func(*args, **(kwargs or {}))
[10:04:54] INFO     train/confidence_loss=0.412,                  trainer.py:584
                    train/confidence_abs_error=0.302,                           
                    train/confidence_pred_mean=0.302,                           
                    train/confidence_cumprod_bias=0.165,                        
                    train/loss=0.597, train/ce_loss=2.375,                      
                    train/tv_loss=0.212,                                        
                    train/accept_rate=3.00e-04,                                 
                    train/accept_len=1.000,                                     
                    train/full_acc=0.00e+00,                                    
                    train/position_1_acc=0.00e+00,                              
                    train/position_2_acc=0.00e+00,                              
                    train/position_3_acc=0.00e+00,                              
                    train/position_4_acc=0.00e+00,                              
                    train/position_5_acc=0.00e+00,                              
                    train/position_6_acc=0.00e+00,                              
                    train/position_7_acc=0.00e+00,                              
                    profile/fetch_ms=3.27e+03,                                  
                    profile/fwd_ms=1.42e+03,                                    
                    profile/bwd_ms=296.228, profile/opt_ms=0.144,               
                    profile/step_ms=4.99e+03,                                   
                    profile/tokens_per_s=716.626,                               
                    profile/fetch_frac=0.655, epoch=0,                          
                    lr/Muon=0.00e+00, lr/AdamW=0.00e+00,                        
                    global_step=0                                               
[10:05:16] INFO     train/confidence_loss=0.209,                  trainer.py:584
                    train/confidence_abs_error=0.037,                           
                    train/confidence_pred_mean=0.005,                           
                    train/confidence_cumprod_bias=-0.009,                       
                    train/loss=0.441, train/ce_loss=1.762,                      
                    train/tv_loss=0.200, train/accept_rate=0.061,               
                    train/accept_len=1.072, train/full_acc=0.103,               
                    train/position_1_acc=0.103,                                 
                    train/position_2_acc=0.104,                                 
                    train/position_3_acc=0.104,                                 
                    train/position_4_acc=0.102,                                 
                    train/position_5_acc=0.104,                                 
                    train/position_6_acc=0.103,                                 
                    train/position_7_acc=0.098,                                 
                    profile/fetch_ms=1.81e+03,                                  
                    profile/fwd_ms=497.009,                                     
                    profile/bwd_ms=93.338,                                      
                    profile/opt_ms=245.405,                                     
                    profile/step_ms=2.65e+03,                                   
                    profile/tokens_per_s=1.54e+03,                              
                    profile/fetch_frac=0.685, epoch=0,                          
                    lr/Muon=0.006, lr/AdamW=5.98e-04,                           
                    global_step=20                                              
[10:05:39] INFO     train/confidence_loss=0.241,                  trainer.py:584
                    train/confidence_abs_error=0.140,                           
                    train/confidence_pred_mean=0.134,                           
                    train/confidence_cumprod_bias=0.013,                        
                    train/loss=0.384, train/ce_loss=1.294,                      
                    train/tv_loss=0.176, train/accept_rate=0.170,               
                    train/accept_len=1.252, train/full_acc=0.198,               
                    train/position_1_acc=0.201,                                 
                    train/position_2_acc=0.212,                                 
                    train/position_3_acc=0.191,                                 
                    train/position_4_acc=0.216,                                 
                    train/position_5_acc=0.206,                                 
                    train/position_6_acc=0.184,                                 
                    train/position_7_acc=0.180,                                 
                    profile/fetch_ms=1.75e+03,                                  
                    profile/fwd_ms=521.382,                                     
                    profile/bwd_ms=95.375, profile/opt_ms=0.056,                
                    profile/step_ms=2.37e+03,                                   
                    profile/tokens_per_s=1.46e+03,                              
                    profile/fetch_frac=0.740, epoch=0,                          
                    lr/Muon=0.006, lr/AdamW=5.91e-04,                           
                    global_step=40                                              
[10:06:02] INFO     train/confidence_loss=0.320,                  trainer.py:584
                    train/confidence_abs_error=0.098,                           
                    train/confidence_pred_mean=0.020,                           
                    train/confidence_cumprod_bias=-0.034,                       
                    train/loss=0.406, train/ce_loss=1.231,                      
                    train/tv_loss=0.175, train/accept_rate=0.177,               
                    train/accept_len=1.271, train/full_acc=0.219,               
                    train/position_1_acc=0.232,                                 
                    train/position_2_acc=0.229,                                 
                    train/position_3_acc=0.246,                                 
                    train/position_4_acc=0.215,                                 
                    train/position_5_acc=0.211,                                 
                    train/position_6_acc=0.190,                                 
                    train/position_7_acc=0.212,                                 
                    profile/fetch_ms=1.83e+03,                                  
                    profile/fwd_ms=87.305, profile/bwd_ms=95.281,               
                    profile/opt_ms=0.027,                                       
                    profile/step_ms=2.01e+03,                                   
                    profile/tokens_per_s=1.75e+03,                              
                    profile/fetch_frac=0.909, epoch=0,                          
                    lr/Muon=0.006, lr/AdamW=5.84e-04,                           
                    global_step=60                                              
[10:06:25] INFO     train/confidence_loss=0.244,                  trainer.py:584
                    train/confidence_abs_error=0.097,                           
                    train/confidence_pred_mean=0.043,                           
                    train/confidence_cumprod_bias=-0.024,                       
                    train/loss=0.388, train/ce_loss=1.288,                      
                    train/tv_loss=0.178, train/accept_rate=0.167,               
                    train/accept_len=1.251, train/full_acc=0.201,               
                    train/position_1_acc=0.204,                                 
                    train/position_2_acc=0.202,                                 
                    train/position_3_acc=0.192,                                 
                    train/position_4_acc=0.184,                                 
                    train/position_5_acc=0.205,                                 
                    train/position_6_acc=0.214,                                 
                    train/position_7_acc=0.207,                                 
                    profile/fetch_ms=1.60e+03,                                  
                    profile/fwd_ms=87.172, profile/bwd_ms=95.086,               
                    profile/opt_ms=227.479,                                     
                    profile/step_ms=2.01e+03,                                   
                    profile/tokens_per_s=1.74e+03,                              
                    profile/fetch_frac=0.796, epoch=0,                          
                    lr/Muon=0.006, lr/AdamW=5.76e-04,                           
                    global_step=80                                              
[10:06:47] INFO     train/confidence_loss=0.260,                  trainer.py:584
                    train/confidence_abs_error=0.152,                           
                    train/confidence_pred_mean=0.182,                           
                    train/confidence_cumprod_bias=0.037,                        
                    train/loss=0.381, train/ce_loss=1.169,                      
                    train/tv_loss=0.176, train/accept_rate=0.172,               
                    train/accept_len=1.288, train/full_acc=0.211,               
                    train/position_1_acc=0.234,                                 
                    train/position_2_acc=0.219,                                 
                    train/position_3_acc=0.212,                                 
                    train/position_4_acc=0.210,                                 
                    train/position_5_acc=0.195,                                 
                    train/position_6_acc=0.200,                                 
                    train/position_7_acc=0.209,                                 
                    profile/fetch_ms=1.51e+03,                                  
                    profile/fwd_ms=101.510,                                     
                    profile/bwd_ms=97.870, profile/opt_ms=0.030,                
                    profile/step_ms=1.71e+03,                                   
                    profile/tokens_per_s=2.05e+03,                              
                    profile/fetch_frac=0.884, epoch=0,                          
                    lr/Muon=0.006, lr/AdamW=5.70e-04,                           
                    global_step=100                                             
[10:07:11] INFO     train/confidence_loss=0.238,                  trainer.py:584
                    train/confidence_abs_error=0.100,                           
                    train/confidence_pred_mean=0.080,                           
                    train/confidence_cumprod_bias=-0.029,                       
                    train/loss=0.361, train/ce_loss=1.125,                      
                    train/tv_loss=0.169, train/accept_rate=0.200,               
                    train/accept_len=1.397, train/full_acc=0.237,               
                    train/position_1_acc=0.279,                                 
                    train/position_2_acc=0.236,                                 
                    train/position_3_acc=0.256,                                 
                    train/position_4_acc=0.237,                                 
                    train/position_5_acc=0.232,                                 
                    train/position_6_acc=0.217,                                 
                    train/position_7_acc=0.204,                                 
                    profile/fetch_ms=785.235,                                   
                    profile/fwd_ms=86.819, profile/bwd_ms=94.350,               
                    profile/opt_ms=0.053,                                       
                    profile/step_ms=966.457,                                    
                    profile/tokens_per_s=4.18e+03,                              
                    profile/fetch_frac=0.812, epoch=0,                          
                    lr/Muon=0.006, lr/AdamW=5.62e-04,                           
                    global_step=120                                             
[10:07:33] INFO     train/confidence_loss=0.273,                  trainer.py:584
                    train/confidence_abs_error=0.120,                           
                    train/confidence_pred_mean=0.113,                           
                    train/confidence_cumprod_bias=-0.048,                       
                    train/loss=0.338, train/ce_loss=0.919,                      
                    train/tv_loss=0.152, train/accept_rate=0.270,               
                    train/accept_len=1.681, train/full_acc=0.310,               
                    train/position_1_acc=0.425,                                 
                    train/position_2_acc=0.355,                                 
                    train/position_3_acc=0.292,                                 
                    train/position_4_acc=0.264,                                 
                    train/position_5_acc=0.284,                                 
                    train/position_6_acc=0.280,                                 
                    train/position_7_acc=0.270,                                 
                    profile/fetch_ms=67.143,                                    
                    profile/fwd_ms=88.316, profile/bwd_ms=92.678,               
                    profile/opt_ms=262.844,                                     
                    profile/step_ms=510.982,                                    
                    profile/tokens_per_s=6.90e+03,                              
                    profile/fetch_frac=0.131, epoch=0,                          
                    lr/Muon=0.006, lr/AdamW=5.55e-04,                           
                    global_step=140                                             
[10:07:55] INFO     train/confidence_loss=0.236,                  trainer.py:584
                    train/confidence_abs_error=0.114,                           
                    train/confidence_pred_mean=0.130,                           
                    train/confidence_cumprod_bias=-0.001,                       
                    train/loss=0.356, train/ce_loss=1.119,                      
                    train/tv_loss=0.165, train/accept_rate=0.205,               
                    train/accept_len=1.531, train/full_acc=0.236,               
                    train/position_1_acc=0.347,                                 
                    train/position_2_acc=0.259,                                 
                    train/position_3_acc=0.217,                                 
                    train/position_4_acc=0.213,                                 
                    train/position_5_acc=0.209,                                 
                    train/position_6_acc=0.203,                                 
                    train/position_7_acc=0.201,                                 
                    profile/fetch_ms=885.591,                                   
                    profile/fwd_ms=87.489, profile/bwd_ms=93.930,               
                    profile/opt_ms=0.051,                                       
                    profile/step_ms=1.07e+03,                                   
                    profile/tokens_per_s=3.27e+03,                              
                    profile/fetch_frac=0.830, epoch=0,                          
                    lr/Muon=0.005, lr/AdamW=5.48e-04,                           
                    global_step=160                                             
[10:08:19] INFO     train/confidence_loss=0.258,                  trainer.py:584
                    train/confidence_abs_error=0.114,                           
                    train/confidence_pred_mean=0.122,                           
                    train/confidence_cumprod_bias=-0.045,                       
                    train/loss=0.319, train/ce_loss=0.863,                      
                    train/tv_loss=0.145, train/accept_rate=0.275,               
                    train/accept_len=1.921, train/full_acc=0.321,               
                    train/position_1_acc=0.549,                                 
                    train/position_2_acc=0.377,                                 
                    train/position_3_acc=0.294,                                 
                    train/position_4_acc=0.266,                                 
                    train/position_5_acc=0.263,                                 
                    train/position_6_acc=0.251,                                 
                    train/position_7_acc=0.242,                                 
                    profile/fetch_ms=2.09e+03,                                  
                    profile/fwd_ms=89.422, profile/bwd_ms=93.740,               
                    profile/opt_ms=0.055,                                       
                    profile/step_ms=2.27e+03,                                   
                    profile/tokens_per_s=1.79e+03,                              
                    profile/fetch_frac=0.919, epoch=0,                          
                    lr/Muon=0.005, lr/AdamW=5.41e-04,                           
                    global_step=180                                             
[10:08:42] INFO     train/confidence_loss=0.250,                  trainer.py:584
                    train/confidence_abs_error=0.115,                           
                    train/confidence_pred_mean=0.129,                           
                    train/confidence_cumprod_bias=-0.036,                       
                    train/loss=0.317, train/ce_loss=0.875,                      
                    train/tv_loss=0.143, train/accept_rate=0.283,               
                    train/accept_len=1.953, train/full_acc=0.328,               
                    train/position_1_acc=0.552,                                 
                    train/position_2_acc=0.377,                                 
                    train/position_3_acc=0.301,                                 
                    train/position_4_acc=0.291,                                 
                    train/position_5_acc=0.282,                                 
                    train/position_6_acc=0.237,                                 
                    train/position_7_acc=0.254,                                 
                    profile/fetch_ms=2.11e+03,                                  
                    profile/fwd_ms=87.401, profile/bwd_ms=95.423,               
                    profile/opt_ms=258.290,                                     
                    profile/step_ms=2.55e+03,                                   
                    profile/tokens_per_s=1.57e+03,                              
                    profile/fetch_frac=0.827, epoch=0,                          
                    lr/Muon=0.005, lr/AdamW=5.33e-04,                           
                    global_step=200                                             
[10:09:04] INFO     train/confidence_loss=0.262,                  trainer.py:584
                    train/confidence_abs_error=0.145,                           
                    train/confidence_pred_mean=0.233,                           
                    train/confidence_cumprod_bias=0.037,                        
                    train/loss=0.311, train/ce_loss=0.844,                      
                    train/tv_loss=0.135, train/accept_rate=0.316,               
                    train/accept_len=2.126, train/full_acc=0.351,               
                    train/position_1_acc=0.629,                                 
                    train/position_2_acc=0.388,                                 
                    train/position_3_acc=0.320,                                 
                    train/position_4_acc=0.284,                                 
                    train/position_5_acc=0.303,                                 
                    train/position_6_acc=0.279,                                 
                    train/position_7_acc=0.255,                                 
                    profile/fetch_ms=1.14e+03,                                  
                    profile/fwd_ms=87.394, profile/bwd_ms=94.967,               
                    profile/opt_ms=0.025,                                       
                    profile/step_ms=1.32e+03,                                   
                    profile/tokens_per_s=2.63e+03,                              
                    profile/fetch_frac=0.862, epoch=0,                          
                    lr/Muon=0.005, lr/AdamW=5.27e-04,                           
                    global_step=220                                             
[10:09:27] INFO     train/confidence_loss=0.242,                  trainer.py:584
                    train/confidence_abs_error=0.106,                           
                    train/confidence_pred_mean=0.133,                           
                    train/confidence_cumprod_bias=-0.024,                       
                    train/loss=0.311, train/ce_loss=0.869,                      
                    train/tv_loss=0.141, train/accept_rate=0.288,               
                    train/accept_len=2.025, train/full_acc=0.325,               
                    train/position_1_acc=0.572,                                 
                    train/position_2_acc=0.390,                                 
                    train/position_3_acc=0.300,                                 
                    train/position_4_acc=0.276,                                 
                    train/position_5_acc=0.254,                                 
                    train/position_6_acc=0.246,                                 
                    train/position_7_acc=0.236,                                 
                    profile/fetch_ms=1.61e+03,                                  
                    profile/fwd_ms=87.159, profile/bwd_ms=94.132,               
                    profile/opt_ms=0.031,                                       
                    profile/step_ms=1.79e+03,                                   
                    profile/tokens_per_s=1.98e+03,                              
                    profile/fetch_frac=0.899, epoch=0,                          
                    lr/Muon=0.005, lr/AdamW=5.19e-04,                           
                    global_step=240                                             
[10:09:50] INFO     train/confidence_loss=0.236,                  trainer.py:584
                    train/confidence_abs_error=0.112,                           
                    train/confidence_pred_mean=0.148,                           
                    train/confidence_cumprod_bias=-0.019,                       
                    train/loss=0.302, train/ce_loss=0.831,                      
                    train/tv_loss=0.136, train/accept_rate=0.310,               
                    train/accept_len=2.092, train/full_acc=0.342,               
                    train/position_1_acc=0.597,                                 
                    train/position_2_acc=0.392,                                 
                    train/position_3_acc=0.320,                                 
                    train/position_4_acc=0.266,                                 
                    train/position_5_acc=0.288,                                 
                    train/position_6_acc=0.285,                                 
                    train/position_7_acc=0.245,                                 
                    profile/fetch_ms=1.76e+03,                                  
                    profile/fwd_ms=88.928, profile/bwd_ms=94.312,               
                    profile/opt_ms=301.285,                                     
                    profile/step_ms=2.24e+03,                                   
                    profile/tokens_per_s=1.57e+03,                              
                    profile/fetch_frac=0.784, epoch=0,                          
                    lr/Muon=0.005, lr/AdamW=5.12e-04,                           
                    global_step=260                                             
[10:10:11] INFO     train/confidence_loss=0.238,                  trainer.py:584
                    train/confidence_abs_error=0.131,                           
                    train/confidence_pred_mean=0.228,                           
                    train/confidence_cumprod_bias=0.012,                        
                    train/loss=0.291, train/ce_loss=0.797,                      
                    train/tv_loss=0.128, train/accept_rate=0.341,               
                    train/accept_len=2.301, train/full_acc=0.376,               
                    train/position_1_acc=0.648,                                 
                    train/position_2_acc=0.448,                                 
                    train/position_3_acc=0.372,                                 
                    train/position_4_acc=0.323,                                 
                    train/position_5_acc=0.303,                                 
                    train/position_6_acc=0.265,                                 
                    train/position_7_acc=0.273,                                 
                    profile/fetch_ms=1.64e+03,                                  
                    profile/fwd_ms=107.189,                                     
                    profile/bwd_ms=122.457, profile/opt_ms=0.056,               
                    profile/step_ms=1.87e+03,                                   
                    profile/tokens_per_s=1.89e+03,                              
                    profile/fetch_frac=0.877, epoch=0,                          
                    lr/Muon=0.005, lr/AdamW=5.05e-04,                           
                    global_step=280                                             
[10:10:33] INFO     train/confidence_loss=0.242,                  trainer.py:584
                    train/confidence_abs_error=0.113,                           
                    train/confidence_pred_mean=0.153,                           
                    train/confidence_cumprod_bias=-0.024,                       
                    train/loss=0.297, train/ce_loss=0.812,                      
                    train/tv_loss=0.133, train/accept_rate=0.317,               
                    train/accept_len=2.166, train/full_acc=0.351,               
                    train/position_1_acc=0.647,                                 
                    train/position_2_acc=0.411,                                 
                    train/position_3_acc=0.366,                                 
                    train/position_4_acc=0.289,                                 
                    train/position_5_acc=0.257,                                 
                    train/position_6_acc=0.226,                                 
                    train/position_7_acc=0.257,                                 
                    profile/fetch_ms=564.320,                                   
                    profile/fwd_ms=98.361, profile/bwd_ms=86.175,               
                    profile/opt_ms=0.044,                                       
                    profile/step_ms=748.900,                                    
                    profile/tokens_per_s=4.71e+03,                              
                    profile/fetch_frac=0.754, epoch=0,                          
                    lr/Muon=0.005, lr/AdamW=4.98e-04,                           
                    global_step=300                                             
[10:10:55] INFO     train/confidence_loss=0.235,                  trainer.py:584
                    train/confidence_abs_error=0.112,                           
                    train/confidence_pred_mean=0.169,                           
                    train/confidence_cumprod_bias=-0.021,                       
                    train/loss=0.286, train/ce_loss=0.772,                      
                    train/tv_loss=0.127, train/accept_rate=0.347,               
                    train/accept_len=2.312, train/full_acc=0.385,               
                    train/position_1_acc=0.679,                                 
                    train/position_2_acc=0.425,                                 
                    train/position_3_acc=0.390,                                 
                    train/position_4_acc=0.321,                                 
                    train/position_5_acc=0.313,                                 
                    train/position_6_acc=0.292,                                 
                    train/position_7_acc=0.271,                                 
                    profile/fetch_ms=71.904,                                    
                    profile/fwd_ms=88.015, profile/bwd_ms=93.514,               
                    profile/opt_ms=232.653,                                     
                    profile/step_ms=486.087,                                    
                    profile/tokens_per_s=8.34e+03,                              
                    profile/fetch_frac=0.148, epoch=0,                          
                    lr/Muon=0.005, lr/AdamW=4.90e-04,                           
                    global_step=320                                             
[10:11:18] INFO     train/confidence_loss=0.238,                  trainer.py:584
                    train/confidence_abs_error=0.127,                           
                    train/confidence_pred_mean=0.242,                           
                    train/confidence_cumprod_bias=0.026,                        
                    train/loss=0.275, train/ce_loss=0.725,                      
                    train/tv_loss=0.119, train/accept_rate=0.378,               
                    train/accept_len=2.483, train/full_acc=0.419,               
                    train/position_1_acc=0.709,                                 
                    train/position_2_acc=0.503,                                 
                    train/position_3_acc=0.408,                                 
                    train/position_4_acc=0.345,                                 
                    train/position_5_acc=0.339,                                 
                    train/position_6_acc=0.302,                                 
                    train/position_7_acc=0.322,                                 
                    profile/fetch_ms=73.434,                                    
                    profile/fwd_ms=120.071,                                     
                    profile/bwd_ms=85.410, profile/opt_ms=0.027,                
                    profile/step_ms=278.942,                                    
                    profile/tokens_per_s=1.25e+04,                              
                    profile/fetch_frac=0.263, epoch=0,                          
                    lr/Muon=0.005, lr/AdamW=4.84e-04,                           
                    global_step=340                                             
[10:11:41] INFO     train/confidence_loss=0.236,                  trainer.py:584
                    train/confidence_abs_error=0.109,                           
                    train/confidence_pred_mean=0.143,                           
                    train/confidence_cumprod_bias=-0.016,                       
                    train/loss=0.306, train/ce_loss=0.863,                      
                    train/tv_loss=0.139, train/accept_rate=0.287,               
                    train/accept_len=2.057, train/full_acc=0.324,               
                    train/position_1_acc=0.623,                                 
                    train/position_2_acc=0.380,                                 
                    train/position_3_acc=0.299,                                 
                    train/position_4_acc=0.271,                                 
                    train/position_5_acc=0.244,                                 
                    train/position_6_acc=0.234,                                 
                    train/position_7_acc=0.214,                                 
                    profile/fetch_ms=15.470,                                    
                    profile/fwd_ms=93.746,                                      
                    profile/bwd_ms=100.287, profile/opt_ms=0.039,               
                    profile/step_ms=209.542,                                    
                    profile/tokens_per_s=1.66e+04,                              
                    profile/fetch_frac=0.074, epoch=0,                          
                    lr/Muon=0.005, lr/AdamW=4.76e-04,                           
                    global_step=360                                             
[10:12:05] INFO     train/confidence_loss=0.250,                  trainer.py:584
                    train/confidence_abs_error=0.122,                           
                    train/confidence_pred_mean=0.188,                           
                    train/confidence_cumprod_bias=-0.024,                       
                    train/loss=0.273, train/ce_loss=0.675,                      
                    train/tv_loss=0.119, train/accept_rate=0.381,               
                    train/accept_len=2.461, train/full_acc=0.415,               
                    train/position_1_acc=0.712,                                 
                    train/position_2_acc=0.504,                                 
                    train/position_3_acc=0.401,                                 
                    train/position_4_acc=0.355,                                 
                    train/position_5_acc=0.329,                                 
                    train/position_6_acc=0.303,                                 
                    train/position_7_acc=0.301,                                 
                    profile/fetch_ms=72.025,                                    
                    profile/fwd_ms=87.077, profile/bwd_ms=94.758,               
                    profile/opt_ms=219.306,                                     
                    profile/step_ms=473.166,                                    
                    profile/tokens_per_s=8.57e+03,                              
                    profile/fetch_frac=0.152, epoch=0,                          
                    lr/Muon=0.005, lr/AdamW=4.69e-04,                           
                    global_step=380                                             
[10:12:28] INFO     train/confidence_loss=0.240,                  trainer.py:584
                    train/confidence_abs_error=0.132,                           
                    train/confidence_pred_mean=0.247,                           
                    train/confidence_cumprod_bias=0.025,                        
                    train/loss=0.278, train/ce_loss=0.725,                      
                    train/tv_loss=0.120, train/accept_rate=0.374,               
                    train/accept_len=2.461, train/full_acc=0.404,               
                    train/position_1_acc=0.677,                                 
                    train/position_2_acc=0.499,                                 
                    train/position_3_acc=0.403,                                 
                    train/position_4_acc=0.354,                                 
                    train/position_5_acc=0.304,                                 
                    train/position_6_acc=0.325,                                 
                    train/position_7_acc=0.265,                                 
                    profile/fetch_ms=71.467,                                    
                    profile/fwd_ms=87.940, profile/bwd_ms=97.450,               
                    profile/opt_ms=0.028,                                       
                    profile/step_ms=256.885,                                    
                    profile/tokens_per_s=1.59e+04,                              
                    profile/fetch_frac=0.278, epoch=0,                          
                    lr/Muon=0.005, lr/AdamW=4.62e-04,                           
                    global_step=400                                             
[10:12:50] INFO     train/confidence_loss=0.229,                  trainer.py:584
                    train/confidence_abs_error=0.119,                           
                    train/confidence_pred_mean=0.208,                           
                    train/confidence_cumprod_bias=-0.021,                       
                    train/loss=0.263, train/ce_loss=0.672,                      
                    train/tv_loss=0.114, train/accept_rate=0.397,               
                    train/accept_len=2.627, train/full_acc=0.435,               
                    train/position_1_acc=0.713,                                 
                    train/position_2_acc=0.523,                                 
                    train/position_3_acc=0.430,                                 
                    train/position_4_acc=0.383,                                 
                    train/position_5_acc=0.346,                                 
                    train/position_6_acc=0.332,                                 
                    train/position_7_acc=0.315,                                 
                    profile/fetch_ms=3.133,                                     
                    profile/fwd_ms=89.563,                                      
                    profile/bwd_ms=102.020, profile/opt_ms=0.050,               
                    profile/step_ms=194.765,                                    
                    profile/tokens_per_s=1.82e+04,                              
                    profile/fetch_frac=0.016, epoch=0,                          
                    lr/Muon=0.005, lr/AdamW=4.55e-04,                           
                    global_step=420                                             
[10:13:12] INFO     train/confidence_loss=0.236,                  trainer.py:584
                    train/confidence_abs_error=0.120,                           
                    train/confidence_pred_mean=0.198,                           
                    train/confidence_cumprod_bias=-0.015,                       
                    train/loss=0.272, train/ce_loss=0.703,                      
                    train/tv_loss=0.119, train/accept_rate=0.375,               
                    train/accept_len=2.487, train/full_acc=0.403,               
                    train/position_1_acc=0.686,                                 
                    train/position_2_acc=0.493,                                 
                    train/position_3_acc=0.411,                                 
                    train/position_4_acc=0.344,                                 
                    train/position_5_acc=0.318,                                 
                    train/position_6_acc=0.292,                                 
                    train/position_7_acc=0.276,                                 
                    profile/fetch_ms=71.708,                                    
                    profile/fwd_ms=110.140,                                     
                    profile/bwd_ms=92.876,                                      
                    profile/opt_ms=246.686,                                     
                    profile/step_ms=521.410,                                    
                    profile/tokens_per_s=6.63e+03,                              
                    profile/fetch_frac=0.138, epoch=0,                          
                    lr/Muon=0.004, lr/AdamW=4.47e-04,                           
                    global_step=440                                             
[10:13:36] INFO     train/confidence_loss=0.247,                  trainer.py:584
                    train/confidence_abs_error=0.136,                           
                    train/confidence_pred_mean=0.261,                           
                    train/confidence_cumprod_bias=0.030,                        
                    train/loss=0.270, train/ce_loss=0.675,                      
                    train/tv_loss=0.115, train/accept_rate=0.392,               
                    train/accept_len=2.556, train/full_acc=0.425,               
                    train/position_1_acc=0.731,                                 
                    train/position_2_acc=0.506,                                 
                    train/position_3_acc=0.409,                                 
                    train/position_4_acc=0.367,                                 
                    train/position_5_acc=0.354,                                 
                    train/position_6_acc=0.331,                                 
                    train/position_7_acc=0.276,                                 
                    profile/fetch_ms=72.812,                                    
                    profile/fwd_ms=87.665, profile/bwd_ms=92.638,               
                    profile/opt_ms=0.053,                                       
                    profile/step_ms=253.167,                                    
                    profile/tokens_per_s=1.62e+04,                              
                    profile/fetch_frac=0.288, epoch=0,                          
                    lr/Muon=0.004, lr/AdamW=4.41e-04,                           
                    global_step=460                                             
[10:13:59] INFO     train/confidence_loss=0.247,                  trainer.py:584
                    train/confidence_abs_error=0.122,                           
                    train/confidence_pred_mean=0.198,                           
                    train/confidence_cumprod_bias=-0.004,                       
                    train/loss=0.280, train/ce_loss=0.722,                      
                    train/tv_loss=0.122, train/accept_rate=0.363,               
                    train/accept_len=2.373, train/full_acc=0.398,               
                    train/position_1_acc=0.710,                                 
                    train/position_2_acc=0.463,                                 
                    train/position_3_acc=0.375,                                 
                    train/position_4_acc=0.357,                                 
                    train/position_5_acc=0.317,                                 
                    train/position_6_acc=0.278,                                 
                    train/position_7_acc=0.282,                                 
                    profile/fetch_ms=42.866,                                    
                    profile/fwd_ms=96.320, profile/bwd_ms=91.146,               
                    profile/opt_ms=0.057,                                       
                    profile/step_ms=230.388,                                    
                    profile/tokens_per_s=1.77e+04,                              
                    profile/fetch_frac=0.186, epoch=0,                          
                    lr/Muon=0.004, lr/AdamW=4.33e-04,                           
                    global_step=480                                             
[10:14:21] INFO     train/confidence_loss=0.231,                  trainer.py:584
                    train/confidence_abs_error=0.111,                           
                    train/confidence_pred_mean=0.178,                           
                    train/confidence_cumprod_bias=-0.021,                       
                    train/loss=0.278, train/ce_loss=0.741,                      
                    train/tv_loss=0.124, train/accept_rate=0.354,               
                    train/accept_len=2.376, train/full_acc=0.393,               
                    train/position_1_acc=0.705,                                 
                    train/position_2_acc=0.458,                                 
                    train/position_3_acc=0.371,                                 
                    train/position_4_acc=0.332,                                 
                    train/position_5_acc=0.320,                                 
                    train/position_6_acc=0.285,                                 
                    train/position_7_acc=0.278,                                 
                    profile/fetch_ms=71.393,                                    
                    profile/fwd_ms=90.111, profile/bwd_ms=92.688,               
                    profile/opt_ms=261.880,                                     
                    profile/step_ms=516.072,                                    
                    profile/tokens_per_s=6.88e+03,                              
                    profile/fetch_frac=0.138, epoch=0,                          
                    lr/Muon=0.004, lr/AdamW=4.26e-04,                           
                    global_step=500                                             
[10:14:43] INFO     train/confidence_loss=0.246,                  trainer.py:584
                    train/confidence_abs_error=0.135,                           
                    train/confidence_pred_mean=0.268,                           
                    train/confidence_cumprod_bias=0.015,                        
                    train/loss=0.253, train/ce_loss=0.594,                      
                    train/tv_loss=0.106, train/accept_rate=0.424,               
                    train/accept_len=2.748, train/full_acc=0.461,               
                    train/position_1_acc=0.784,                                 
                    train/position_2_acc=0.574,                                 
                    train/position_3_acc=0.484,                                 
                    train/position_4_acc=0.399,                                 
                    train/position_5_acc=0.332,                                 
                    train/position_6_acc=0.339,                                 
                    train/position_7_acc=0.313,                                 
                    profile/fetch_ms=70.782,                                    
                    profile/fwd_ms=87.821, profile/bwd_ms=94.253,               
                    profile/opt_ms=0.037,                                       
                    profile/step_ms=252.893,                                    
                    profile/tokens_per_s=1.40e+04,                              
                    profile/fetch_frac=0.280, epoch=0,                          
                    lr/Muon=0.004, lr/AdamW=4.19e-04,                           
                    global_step=520                                             
[10:15:07] INFO     train/confidence_loss=0.234,                  trainer.py:584
                    train/confidence_abs_error=0.122,                           
                    train/confidence_pred_mean=0.237,                           
                    train/confidence_cumprod_bias=-0.024,                       
                    train/loss=0.241, train/ce_loss=0.547,                      
                    train/tv_loss=0.101, train/accept_rate=0.454,               
                    train/accept_len=2.920, train/full_acc=0.487,               
                    train/position_1_acc=0.788,                                 
                    train/position_2_acc=0.619,                                 
                    train/position_3_acc=0.490,                                 
                    train/position_4_acc=0.423,                                 
                    train/position_5_acc=0.414,                                 
                    train/position_6_acc=0.331,                                 
                    train/position_7_acc=0.340,                                 
                    profile/fetch_ms=3.349,                                     
                    profile/fwd_ms=89.337, profile/bwd_ms=89.778,               
                    profile/opt_ms=0.036,                                       
                    profile/step_ms=182.500,                                    
                    profile/tokens_per_s=1.90e+04,                              
                    profile/fetch_frac=0.018, epoch=0,                          
                    lr/Muon=0.004, lr/AdamW=4.12e-04,                           
                    global_step=540                                             
[10:15:29] INFO     train/confidence_loss=0.247,                  trainer.py:584
                    train/confidence_abs_error=0.127,                           
                    train/confidence_pred_mean=0.226,                           
                    train/confidence_cumprod_bias=-0.034,                       
                    train/loss=0.244, train/ce_loss=0.553,                      
                    train/tv_loss=0.102, train/accept_rate=0.454,               
                    train/accept_len=2.902, train/full_acc=0.491,               
                    train/position_1_acc=0.789,                                 
                    train/position_2_acc=0.597,                                 
                    train/position_3_acc=0.488,                                 
                    train/position_4_acc=0.425,                                 
                    train/position_5_acc=0.383,                                 
                    train/position_6_acc=0.394,                                 
                    train/position_7_acc=0.358,                                 
                    profile/fetch_ms=79.193,                                    
                    profile/fwd_ms=88.170, profile/bwd_ms=94.085,               
                    profile/opt_ms=296.659,                                     
                    profile/step_ms=558.106,                                    
                    profile/tokens_per_s=6.39e+03,                              
                    profile/fetch_frac=0.142, epoch=0,                          
                    lr/Muon=0.004, lr/AdamW=4.04e-04,                           
                    global_step=560                                             
[10:15:51] INFO     train/confidence_loss=0.244,                  trainer.py:584
                    train/confidence_abs_error=0.133,                           
                    train/confidence_pred_mean=0.239,                           
                    train/confidence_cumprod_bias=0.029,                        
                    train/loss=0.284, train/ce_loss=0.775,                      
                    train/tv_loss=0.122, train/accept_rate=0.358,               
                    train/accept_len=2.406, train/full_acc=0.385,               
                    train/position_1_acc=0.688,                                 
                    train/position_2_acc=0.484,                                 
                    train/position_3_acc=0.379,                                 
                    train/position_4_acc=0.328,                                 
                    train/position_5_acc=0.289,                                 
                    train/position_6_acc=0.258,                                 
                    train/position_7_acc=0.266,                                 
                    profile/fetch_ms=68.845,                                    
                    profile/fwd_ms=90.368, profile/bwd_ms=93.014,               
                    profile/opt_ms=0.056,                                       
                    profile/step_ms=252.283,                                    
                    profile/tokens_per_s=1.62e+04,                              
                    profile/fetch_frac=0.273, epoch=0,                          
                    lr/Muon=0.004, lr/AdamW=3.98e-04,                           
                    global_step=580                                             
[10:16:15] INFO     train/confidence_loss=0.230,                  trainer.py:584
                    train/confidence_abs_error=0.114,                           
                    train/confidence_pred_mean=0.211,                           
                    train/confidence_cumprod_bias=-0.015,                       
                    train/loss=0.263, train/ce_loss=0.669,                      
                    train/tv_loss=0.113, train/accept_rate=0.398,               
                    train/accept_len=2.664, train/full_acc=0.432,               
                    train/position_1_acc=0.738,                                 
                    train/position_2_acc=0.523,                                 
                    train/position_3_acc=0.412,                                 
                    train/position_4_acc=0.376,                                 
                    train/position_5_acc=0.356,                                 
                    train/position_6_acc=0.314,                                 
                    train/position_7_acc=0.302,                                 
                    profile/fetch_ms=3.160,                                     
                    profile/fwd_ms=89.241, profile/bwd_ms=91.087,               
                    profile/opt_ms=0.035,                                       
                    profile/step_ms=183.523,                                    
                    profile/tokens_per_s=2.20e+04,                              
                    profile/fetch_frac=0.017, epoch=0,                          
                    lr/Muon=0.004, lr/AdamW=3.90e-04,                           
                    global_step=600                                             
[10:16:39] INFO     train/confidence_loss=0.229,                  trainer.py:584
                    train/confidence_abs_error=0.121,                           
                    train/confidence_pred_mean=0.246,                           
                    train/confidence_cumprod_bias=-0.017,                       
                    train/loss=0.237, train/ce_loss=0.569,                      
                    train/tv_loss=0.100, train/accept_rate=0.462,               
                    train/accept_len=2.956, train/full_acc=0.497,               
                    train/position_1_acc=0.773,                                 
                    train/position_2_acc=0.595,                                 
                    train/position_3_acc=0.506,                                 
                    train/position_4_acc=0.442,                                 
                    train/position_5_acc=0.417,                                 
                    train/position_6_acc=0.377,                                 
                    train/position_7_acc=0.363,                                 
                    profile/fetch_ms=71.059,                                    
                    profile/fwd_ms=90.584, profile/bwd_ms=92.511,               
                    profile/opt_ms=290.949,                                     
                    profile/step_ms=545.103,                                    
                    profile/tokens_per_s=6.54e+03,                              
                    profile/fetch_frac=0.130, epoch=0,                          
                    lr/Muon=0.004, lr/AdamW=3.83e-04,                           
                    global_step=620                                             
[10:17:02] INFO     train/confidence_loss=0.232,                  trainer.py:584
                    train/confidence_abs_error=0.125,                           
                    train/confidence_pred_mean=0.265,                           
                    train/confidence_cumprod_bias=0.016,                        
                    train/loss=0.250, train/ce_loss=0.600,                      
                    train/tv_loss=0.108, train/accept_rate=0.425,               
                    train/accept_len=2.761, train/full_acc=0.460,               
                    train/position_1_acc=0.761,                                 
                    train/position_2_acc=0.533,                                 
                    train/position_3_acc=0.465,                                 
                    train/position_4_acc=0.404,                                 
                    train/position_5_acc=0.362,                                 
                    train/position_6_acc=0.342,                                 
                    train/position_7_acc=0.351,                                 
                    profile/fetch_ms=70.249,                                    
                    profile/fwd_ms=89.607, profile/bwd_ms=94.369,               
                    profile/opt_ms=0.056,                                       
                    profile/step_ms=254.281,                                    
                    profile/tokens_per_s=1.43e+04,                              
                    profile/fetch_frac=0.276, epoch=0,                          
                    lr/Muon=0.004, lr/AdamW=3.76e-04,                           
                    global_step=640                                             
[10:17:25] INFO     train/confidence_loss=0.244,                  trainer.py:584
                    train/confidence_abs_error=0.127,                           
                    train/confidence_pred_mean=0.230,                           
                    train/confidence_cumprod_bias=-0.023,                       
                    train/loss=0.248, train/ce_loss=0.572,                      
                    train/tv_loss=0.103, train/accept_rate=0.440,               
                    train/accept_len=2.809, train/full_acc=0.483,               
                    train/position_1_acc=0.786,                                 
                    train/position_2_acc=0.589,                                 
                    train/position_3_acc=0.491,                                 
                    train/position_4_acc=0.436,                                 
                    train/position_5_acc=0.411,                                 
                    train/position_6_acc=0.358,                                 
                    train/position_7_acc=0.307,                                 
                    profile/fetch_ms=7.874,                                     
                    profile/fwd_ms=93.049, profile/bwd_ms=94.359,               
                    profile/opt_ms=0.088,                                       
                    profile/step_ms=195.370,                                    
                    profile/tokens_per_s=1.82e+04,                              
                    profile/fetch_frac=0.040, epoch=0,                          
                    lr/Muon=0.004, lr/AdamW=3.69e-04,                           
                    global_step=660                                             
[10:17:47] INFO     train/confidence_loss=0.240,                  trainer.py:584
                    train/confidence_abs_error=0.122,                           
                    train/confidence_pred_mean=0.241,                           
                    train/confidence_cumprod_bias=-0.025,                       
                    train/loss=0.239, train/ce_loss=0.537,                      
                    train/tv_loss=0.100, train/accept_rate=0.456,               
                    train/accept_len=2.953, train/full_acc=0.493,               
                    train/position_1_acc=0.805,                                 
                    train/position_2_acc=0.589,                                 
                    train/position_3_acc=0.497,                                 
                    train/position_4_acc=0.447,                                 
                    train/position_5_acc=0.380,                                 
                    train/position_6_acc=0.375,                                 
                    train/position_7_acc=0.351,                                 
                    profile/fetch_ms=72.173,                                    
                    profile/fwd_ms=114.955,                                     
                    profile/bwd_ms=93.136,                                      
                    profile/opt_ms=249.137,                                     
                    profile/step_ms=529.402,                                    
                    profile/tokens_per_s=6.60e+03,                              
                    profile/fetch_frac=0.136, epoch=0,                          
                    lr/Muon=0.004, lr/AdamW=3.61e-04,                           
                    global_step=680                                             
[10:18:10] INFO     train/confidence_loss=0.236,                  trainer.py:584
                    train/confidence_abs_error=0.128,                           
                    train/confidence_pred_mean=0.278,                           
                    train/confidence_cumprod_bias=0.035,                        
                    train/loss=0.248, train/ce_loss=0.581,                      
                    train/tv_loss=0.106, train/accept_rate=0.429,               
                    train/accept_len=2.787, train/full_acc=0.466,               
                    train/position_1_acc=0.789,                                 
                    train/position_2_acc=0.584,                                 
                    train/position_3_acc=0.443,                                 
                    train/position_4_acc=0.402,                                 
                    train/position_5_acc=0.367,                                 
                    train/position_6_acc=0.345,                                 
                    train/position_7_acc=0.327,                                 
                    profile/fetch_ms=73.866,                                    
                    profile/fwd_ms=86.916, profile/bwd_ms=93.215,               
                    profile/opt_ms=0.037,                                       
                    profile/step_ms=254.035,                                    
                    profile/tokens_per_s=1.36e+04,                              
                    profile/fetch_frac=0.291, epoch=0,                          
                    lr/Muon=0.004, lr/AdamW=3.55e-04,                           
                    global_step=700                                             
[10:18:32] INFO     train/confidence_loss=0.240,                  trainer.py:584
                    train/confidence_abs_error=0.122,                           
                    train/confidence_pred_mean=0.247,                           
                    train/confidence_cumprod_bias=-0.024,                       
                    train/loss=0.234, train/ce_loss=0.512,                      
                    train/tv_loss=0.098, train/accept_rate=0.467,               
                    train/accept_len=3.020, train/full_acc=0.502,               
                    train/position_1_acc=0.805,                                 
                    train/position_2_acc=0.608,                                 
                    train/position_3_acc=0.506,                                 
                    train/position_4_acc=0.458,                                 
                    train/position_5_acc=0.410,                                 
                    train/position_6_acc=0.370,                                 
                    train/position_7_acc=0.355,                                 
                    profile/fetch_ms=3.171,                                     
                    profile/fwd_ms=86.909, profile/bwd_ms=92.561,               
                    profile/opt_ms=0.031,                                       
                    profile/step_ms=182.673,                                    
                    profile/tokens_per_s=1.93e+04,                              
                    profile/fetch_frac=0.017, epoch=0,                          
                    lr/Muon=0.003, lr/AdamW=3.47e-04,                           
                    global_step=720                                             
[10:18:55] INFO     train/confidence_loss=0.231,                  trainer.py:584
                    train/confidence_abs_error=0.114,                           
                    train/confidence_pred_mean=0.221,                           
                    train/confidence_cumprod_bias=-0.013,                       
                    train/loss=0.255, train/ce_loss=0.634,                      
                    train/tv_loss=0.109, train/accept_rate=0.419,               
                    train/accept_len=2.758, train/full_acc=0.456,               
                    train/position_1_acc=0.746,                                 
                    train/position_2_acc=0.541,                                 
                    train/position_3_acc=0.457,                                 
                    train/position_4_acc=0.403,                                 
                    train/position_5_acc=0.382,                                 
                    train/position_6_acc=0.366,                                 
                    train/position_7_acc=0.299,                                 
                    profile/fetch_ms=74.686,                                    
                    profile/fwd_ms=106.647,                                     
                    profile/bwd_ms=93.363,                                      
                    profile/opt_ms=229.339,                                     
                    profile/step_ms=504.034,                                    
                    profile/tokens_per_s=6.85e+03,                              
                    profile/fetch_frac=0.148, epoch=0,                          
                    lr/Muon=0.003, lr/AdamW=3.40e-04,                           
                    global_step=740                                             
[10:19:17] INFO     train/confidence_loss=0.242,                  trainer.py:584
                    train/confidence_abs_error=0.127,                           
                    train/confidence_pred_mean=0.276,                           
                    train/confidence_cumprod_bias=0.009,                        
                    train/loss=0.242, train/ce_loss=0.544,                      
                    train/tv_loss=0.101, train/accept_rate=0.455,               
                    train/accept_len=2.931, train/full_acc=0.495,               
                    train/position_1_acc=0.802,                                 
                    train/position_2_acc=0.594,                                 
                    train/position_3_acc=0.499,                                 
                    train/position_4_acc=0.425,                                 
                    train/position_5_acc=0.414,                                 
                    train/position_6_acc=0.387,                                 
                    train/position_7_acc=0.343,                                 
                    profile/fetch_ms=73.637,                                    
                    profile/fwd_ms=87.742, profile/bwd_ms=93.347,               
                    profile/opt_ms=0.058,                                       
                    profile/step_ms=254.784,                                    
                    profile/tokens_per_s=1.36e+04,                              
                    profile/fetch_frac=0.289, epoch=0,                          
                    lr/Muon=0.003, lr/AdamW=3.33e-04,                           
                    global_step=760                                             
[10:19:41] INFO     train/confidence_loss=0.232,                  trainer.py:584
                    train/confidence_abs_error=0.120,                           
                    train/confidence_pred_mean=0.219,                           
                    train/confidence_cumprod_bias=-0.018,                       
                    train/loss=0.256, train/ce_loss=0.641,                      
                    train/tv_loss=0.111, train/accept_rate=0.410,               
                    train/accept_len=2.712, train/full_acc=0.446,               
                    train/position_1_acc=0.753,                                 
                    train/position_2_acc=0.543,                                 
                    train/position_3_acc=0.453,                                 
                    train/position_4_acc=0.362,                                 
                    train/position_5_acc=0.348,                                 
                    train/position_6_acc=0.328,                                 
                    train/position_7_acc=0.333,                                 
                    profile/fetch_ms=27.097,                                    
                    profile/fwd_ms=93.128, profile/bwd_ms=92.608,               
                    profile/opt_ms=0.066,                                       
                    profile/step_ms=212.900,                                    
                    profile/tokens_per_s=1.68e+04,                              
                    profile/fetch_frac=0.127, epoch=0,                          
                    lr/Muon=0.003, lr/AdamW=3.26e-04,                           
                    global_step=780                                             
[10:20:02] INFO     train/confidence_loss=0.229,                  trainer.py:584
                    train/confidence_abs_error=0.119,                           
                    train/confidence_pred_mean=0.229,                           
                    train/confidence_cumprod_bias=-0.014,                       
                    train/loss=0.255, train/ce_loss=0.634,                      
                    train/tv_loss=0.109, train/accept_rate=0.419,               
                    train/accept_len=2.775, train/full_acc=0.450,               
                    train/position_1_acc=0.767,                                 
                    train/position_2_acc=0.521,                                 
                    train/position_3_acc=0.425,                                 
                    train/position_4_acc=0.405,                                 
                    train/position_5_acc=0.371,                                 
                    train/position_6_acc=0.333,                                 
                    train/position_7_acc=0.327,                                 
                    profile/fetch_ms=72.807,                                    
                    profile/fwd_ms=90.881, profile/bwd_ms=97.807,               
                    profile/opt_ms=249.414,                                     
                    profile/step_ms=510.908,                                    
                    profile/tokens_per_s=6.89e+03,                              
                    profile/fetch_frac=0.143, epoch=0,                          
                    lr/Muon=0.003, lr/AdamW=3.18e-04,                           
                    global_step=800                                             
[10:20:26] INFO     train/confidence_loss=0.234,                  trainer.py:584
                    train/confidence_abs_error=0.127,                           
                    train/confidence_pred_mean=0.270,                           
                    train/confidence_cumprod_bias=0.011,                        
                    train/loss=0.250, train/ce_loss=0.603,                      
                    train/tv_loss=0.106, train/accept_rate=0.430,               
                    train/accept_len=2.875, train/full_acc=0.468,               
                    train/position_1_acc=0.773,                                 
                    train/position_2_acc=0.564,                                 
                    train/position_3_acc=0.481,                                 
                    train/position_4_acc=0.394,                                 
                    train/position_5_acc=0.376,                                 
                    train/position_6_acc=0.348,                                 
                    train/position_7_acc=0.339,                                 
                    profile/fetch_ms=66.712,                                    
                    profile/fwd_ms=88.821, profile/bwd_ms=93.560,               
                    profile/opt_ms=0.033,                                       
                    profile/step_ms=249.126,                                    
                    profile/tokens_per_s=1.63e+04,                              
                    profile/fetch_frac=0.268, epoch=0,                          
                    lr/Muon=0.003, lr/AdamW=3.12e-04,                           
                    global_step=820                                             
[10:20:48] INFO     train/confidence_loss=0.223,                  trainer.py:584
                    train/confidence_abs_error=0.117,                           
                    train/confidence_pred_mean=0.280,                           
                    train/confidence_cumprod_bias=-0.015,                       
                    train/loss=0.217, train/ce_loss=0.469,                      
                    train/tv_loss=0.090, train/accept_rate=0.506,               
                    train/accept_len=3.310, train/full_acc=0.540,               
                    train/position_1_acc=0.825,                                 
                    train/position_2_acc=0.649,                                 
                    train/position_3_acc=0.559,                                 
                    train/position_4_acc=0.494,                                 
                    train/position_5_acc=0.456,                                 
                    train/position_6_acc=0.412,                                 
                    train/position_7_acc=0.380,                                 
                    profile/fetch_ms=14.384,                                    
                    profile/fwd_ms=92.777,                                      
                    profile/bwd_ms=102.821, profile/opt_ms=0.328,               
                    profile/step_ms=210.309,                                    
                    profile/tokens_per_s=1.64e+04,                              
                    profile/fetch_frac=0.068, epoch=0,                          
                    lr/Muon=0.003, lr/AdamW=3.04e-04,                           
                    global_step=840                                             
[10:21:09] INFO     train/confidence_loss=0.238,                  trainer.py:584
                    train/confidence_abs_error=0.123,                           
                    train/confidence_pred_mean=0.254,                           
                    train/confidence_cumprod_bias=-0.024,                       
                    train/loss=0.234, train/ce_loss=0.509,                      
                    train/tv_loss=0.097, train/accept_rate=0.469,               
                    train/accept_len=3.048, train/full_acc=0.502,               
                    train/position_1_acc=0.818,                                 
                    train/position_2_acc=0.594,                                 
                    train/position_3_acc=0.507,                                 
                    train/position_4_acc=0.455,                                 
                    train/position_5_acc=0.405,                                 
                    train/position_6_acc=0.386,                                 
                    train/position_7_acc=0.344,                                 
                    profile/fetch_ms=72.578,                                    
                    profile/fwd_ms=88.202, profile/bwd_ms=92.663,               
                    profile/opt_ms=263.158,                                     
                    profile/step_ms=516.601,                                    
                    profile/tokens_per_s=6.74e+03,                              
                    profile/fetch_frac=0.140, epoch=0,                          
                    lr/Muon=0.003, lr/AdamW=2.97e-04,                           
                    global_step=860                                             
[10:21:32] INFO     train/confidence_loss=0.225,                  trainer.py:584
                    train/confidence_abs_error=0.123,                           
                    train/confidence_pred_mean=0.325,                           
                    train/confidence_cumprod_bias=0.002,                        
                    train/loss=0.200, train/ce_loss=0.397,                      
                    train/tv_loss=0.079, train/accept_rate=0.559,               
                    train/accept_len=3.601, train/full_acc=0.590,               
                    train/position_1_acc=0.862,                                 
                    train/position_2_acc=0.697,                                 
                    train/position_3_acc=0.598,                                 
                    train/position_4_acc=0.545,                                 
                    train/position_5_acc=0.506,                                 
                    train/position_6_acc=0.486,                                 
                    train/position_7_acc=0.433,                                 
                    profile/fetch_ms=86.686,                                    
                    profile/fwd_ms=87.804, profile/bwd_ms=92.571,               
                    profile/opt_ms=0.038,                                       
                    profile/step_ms=267.099,                                    
                    profile/tokens_per_s=1.53e+04,                              
                    profile/fetch_frac=0.325, epoch=0,                          
                    lr/Muon=0.003, lr/AdamW=2.90e-04,                           
                    global_step=880                                             
[10:21:56] INFO     train/confidence_loss=0.236,                  trainer.py:584
                    train/confidence_abs_error=0.123,                           
                    train/confidence_pred_mean=0.262,                           
                    train/confidence_cumprod_bias=-0.017,                       
                    train/loss=0.228, train/ce_loss=0.487,                      
                    train/tv_loss=0.094, train/accept_rate=0.486,               
                    train/accept_len=3.098, train/full_acc=0.520,               
                    train/position_1_acc=0.820,                                 
                    train/position_2_acc=0.622,                                 
                    train/position_3_acc=0.537,                                 
                    train/position_4_acc=0.452,                                 
                    train/position_5_acc=0.426,                                 
                    train/position_6_acc=0.408,                                 
                    train/position_7_acc=0.372,                                 
                    profile/fetch_ms=22.492,                                    
                    profile/fwd_ms=112.218,                                     
                    profile/bwd_ms=98.150, profile/opt_ms=0.028,                
                    profile/step_ms=232.887,                                    
                    profile/tokens_per_s=1.50e+04,                              
                    profile/fetch_frac=0.097, epoch=0,                          
                    lr/Muon=0.003, lr/AdamW=2.83e-04,                           
                    global_step=900                                             
[10:22:19] INFO     train/confidence_loss=0.236,                  trainer.py:584
                    train/confidence_abs_error=0.116,                           
                    train/confidence_pred_mean=0.219,                           
                    train/confidence_cumprod_bias=-0.008,                       
                    train/loss=0.266, train/ce_loss=0.656,                      
                    train/tv_loss=0.116, train/accept_rate=0.389,               
                    train/accept_len=2.578, train/full_acc=0.420,               
                    train/position_1_acc=0.708,                                 
                    train/position_2_acc=0.496,                                 
                    train/position_3_acc=0.419,                                 
                    train/position_4_acc=0.382,                                 
                    train/position_5_acc=0.332,                                 
                    train/position_6_acc=0.318,                                 
                    train/position_7_acc=0.277,                                 
                    profile/fetch_ms=70.901,                                    
                    profile/fwd_ms=88.928, profile/bwd_ms=93.776,               
                    profile/opt_ms=349.127,                                     
                    profile/step_ms=602.731,                                    
                    profile/tokens_per_s=5.83e+03,                              
                    profile/fetch_frac=0.118, epoch=0,                          
                    lr/Muon=0.003, lr/AdamW=2.75e-04,                           
                    global_step=920                                             
[10:22:41] INFO     train/confidence_loss=0.240,                  trainer.py:584
                    train/confidence_abs_error=0.125,                           
                    train/confidence_pred_mean=0.277,                           
                    train/confidence_cumprod_bias=0.011,                        
                    train/loss=0.239, train/ce_loss=0.534,                      
                    train/tv_loss=0.099, train/accept_rate=0.464,               
                    train/accept_len=2.974, train/full_acc=0.501,               
                    train/position_1_acc=0.795,                                 
                    train/position_2_acc=0.613,                                 
                    train/position_3_acc=0.514,                                 
                    train/position_4_acc=0.439,                                 
                    train/position_5_acc=0.421,                                 
                    train/position_6_acc=0.380,                                 
                    train/position_7_acc=0.344,                                 
                    profile/fetch_ms=72.446,                                    
                    profile/fwd_ms=87.516, profile/bwd_ms=93.007,               
                    profile/opt_ms=0.064,                                       
                    profile/step_ms=253.033,                                    
                    profile/tokens_per_s=1.60e+04,                              
                    profile/fetch_frac=0.286, epoch=0,                          
                    lr/Muon=0.003, lr/AdamW=2.69e-04,                           
                    global_step=940                                             
[10:23:04] INFO     train/confidence_loss=0.234,                  trainer.py:584
                    train/confidence_abs_error=0.121,                           
                    train/confidence_pred_mean=0.255,                           
                    train/confidence_cumprod_bias=0.005,                        
                    train/loss=0.252, train/ce_loss=0.606,                      
                    train/tv_loss=0.108, train/accept_rate=0.425,               
                    train/accept_len=2.775, train/full_acc=0.460,               
                    train/position_1_acc=0.770,                                 
                    train/position_2_acc=0.564,                                 
                    train/position_3_acc=0.447,                                 
                    train/position_4_acc=0.408,                                 
                    train/position_5_acc=0.369,                                 
                    train/position_6_acc=0.342,                                 
                    train/position_7_acc=0.319,                                 
                    profile/fetch_ms=14.726,                                    
                    profile/fwd_ms=114.860,                                     
                    profile/bwd_ms=84.966, profile/opt_ms=0.032,                
                    profile/step_ms=214.584,                                    
                    profile/tokens_per_s=1.64e+04,                              
                    profile/fetch_frac=0.069, epoch=0,                          
                    lr/Muon=0.003, lr/AdamW=2.61e-04,                           
                    global_step=960                                             
[10:23:26] INFO     train/confidence_loss=0.236,                  trainer.py:584
                    train/confidence_abs_error=0.127,                           
                    train/confidence_pred_mean=0.276,                           
                    train/confidence_cumprod_bias=-0.006,                       
                    train/loss=0.234, train/ce_loss=0.522,                      
                    train/tv_loss=0.098, train/accept_rate=0.470,               
                    train/accept_len=3.049, train/full_acc=0.511,               
                    train/position_1_acc=0.806,                                 
                    train/position_2_acc=0.629,                                 
                    train/position_3_acc=0.508,                                 
                    train/position_4_acc=0.453,                                 
                    train/position_5_acc=0.416,                                 
                    train/position_6_acc=0.391,                                 
                    train/position_7_acc=0.368,                                 
                    profile/fetch_ms=74.192,                                    
                    profile/fwd_ms=87.252, profile/bwd_ms=93.618,               
                    profile/opt_ms=262.908,                                     
                    profile/step_ms=517.970,                                    
                    profile/tokens_per_s=6.77e+03,                              
                    profile/fetch_frac=0.143, epoch=0,                          
                    lr/Muon=0.003, lr/AdamW=2.54e-04,                           
                    global_step=980                                             
[10:23:49] INFO     train/confidence_loss=0.232,                  trainer.py:584
                    train/confidence_abs_error=0.121,                           
                    train/confidence_pred_mean=0.285,                           
                    train/confidence_cumprod_bias=0.003,                        
                    train/loss=0.225, train/ce_loss=0.481,                      
                    train/tv_loss=0.092, train/accept_rate=0.497,               
                    train/accept_len=3.188, train/full_acc=0.534,               
                    train/position_1_acc=0.820,                                 
                    train/position_2_acc=0.610,                                 
                    train/position_3_acc=0.550,                                 
                    train/position_4_acc=0.478,                                 
                    train/position_5_acc=0.467,                                 
                    train/position_6_acc=0.411,                                 
                    train/position_7_acc=0.399,                                 
                    profile/fetch_ms=72.793,                                    
                    profile/fwd_ms=88.253, profile/bwd_ms=92.826,               
                    profile/opt_ms=0.080,                                       
                    profile/step_ms=253.952,                                    
                    profile/tokens_per_s=1.38e+04,                              
                    profile/fetch_frac=0.287, epoch=0,                          
                    lr/Muon=0.002, lr/AdamW=2.47e-04,                           
                    global_step=1000                                            
[10:24:13] INFO     train/confidence_loss=0.234,                  trainer.py:584
                    train/confidence_abs_error=0.128,                           
                    train/confidence_pred_mean=0.314,                           
                    train/confidence_cumprod_bias=0.014,                        
                    train/loss=0.217, train/ce_loss=0.453,                      
                    train/tv_loss=0.087, train/accept_rate=0.516,               
                    train/accept_len=3.385, train/full_acc=0.551,               
                    train/position_1_acc=0.869,                                 
                    train/position_2_acc=0.658,                                 
                    train/position_3_acc=0.584,                                 
                    train/position_4_acc=0.495,                                 
                    train/position_5_acc=0.444,                                 
                    train/position_6_acc=0.417,                                 
                    train/position_7_acc=0.386,                                 
                    profile/fetch_ms=32.262,                                    
                    profile/fwd_ms=92.564, profile/bwd_ms=92.268,               
                    profile/opt_ms=0.034,                                       
                    profile/step_ms=217.128,                                    
                    profile/tokens_per_s=1.89e+04,                              
                    profile/fetch_frac=0.149, epoch=0,                          
                    lr/Muon=0.002, lr/AdamW=2.40e-04,                           
                    global_step=1020                                            
[10:24:37] INFO     train/confidence_loss=0.225,                  trainer.py:584
                    train/confidence_abs_error=0.124,                           
                    train/confidence_pred_mean=0.325,                           
                    train/confidence_cumprod_bias=0.012,                        
                    train/loss=0.205, train/ce_loss=0.416,                      
                    train/tv_loss=0.082, train/accept_rate=0.540,               
                    train/accept_len=3.515, train/full_acc=0.577,               
                    train/position_1_acc=0.854,                                 
                    train/position_2_acc=0.684,                                 
                    train/position_3_acc=0.596,                                 
                    train/position_4_acc=0.546,                                 
                    train/position_5_acc=0.498,                                 
                    train/position_6_acc=0.446,                                 
                    train/position_7_acc=0.408,                                 
                    profile/fetch_ms=71.961,                                    
                    profile/fwd_ms=89.215, profile/bwd_ms=94.785,               
                    profile/opt_ms=223.199,                                     
                    profile/step_ms=479.160,                                    
                    profile/tokens_per_s=8.49e+03,                              
                    profile/fetch_frac=0.150, epoch=0,                          
                    lr/Muon=0.002, lr/AdamW=2.32e-04,                           
                    global_step=1040                                            
[10:25:00] INFO     train/confidence_loss=0.225,                  trainer.py:584
                    train/confidence_abs_error=0.123,                           
                    train/confidence_pred_mean=0.313,                           
                    train/confidence_cumprod_bias=-0.020,                       
                    train/loss=0.196, train/ce_loss=0.369,                      
                    train/tv_loss=0.077, train/accept_rate=0.568,               
                    train/accept_len=3.631, train/full_acc=0.605,               
                    train/position_1_acc=0.858,                                 
                    train/position_2_acc=0.716,                                 
                    train/position_3_acc=0.623,                                 
                    train/position_4_acc=0.562,                                 
                    train/position_5_acc=0.529,                                 
                    train/position_6_acc=0.491,                                 
                    train/position_7_acc=0.450,                                 
                    profile/fetch_ms=75.868,                                    
                    profile/fwd_ms=88.544, profile/bwd_ms=93.290,               
                    profile/opt_ms=0.027,                                       
                    profile/step_ms=257.729,                                    
                    profile/tokens_per_s=1.35e+04,                              
                    profile/fetch_frac=0.294, epoch=0,                          
                    lr/Muon=0.002, lr/AdamW=2.26e-04,                           
                    global_step=1060                                            
[10:25:23] INFO     train/confidence_loss=0.222,                  trainer.py:584
                    train/confidence_abs_error=0.120,                           
                    train/confidence_pred_mean=0.327,                           
                    train/confidence_cumprod_bias=0.017,                        
                    train/loss=0.206, train/ce_loss=0.431,                      
                    train/tv_loss=0.083, train/accept_rate=0.537,               
                    train/accept_len=3.504, train/full_acc=0.573,               
                    train/position_1_acc=0.858,                                 
                    train/position_2_acc=0.686,                                 
                    train/position_3_acc=0.560,                                 
                    train/position_4_acc=0.545,                                 
                    train/position_5_acc=0.493,                                 
                    train/position_6_acc=0.439,                                 
                    train/position_7_acc=0.429,                                 
                    profile/fetch_ms=11.554,                                    
                    profile/fwd_ms=125.933,                                     
                    profile/bwd_ms=90.199, profile/opt_ms=0.025,                
                    profile/step_ms=227.710,                                    
                    profile/tokens_per_s=1.80e+04,                              
                    profile/fetch_frac=0.051, epoch=0,                          
                    lr/Muon=0.002, lr/AdamW=2.18e-04,                           
                    global_step=1080                                            
[10:25:47] INFO     train/confidence_loss=0.234,                  trainer.py:584
                    train/confidence_abs_error=0.120,                           
                    train/confidence_pred_mean=0.293,                           
                    train/confidence_cumprod_bias=0.014,                        
                    train/loss=0.228, train/ce_loss=0.494,                      
                    train/tv_loss=0.094, train/accept_rate=0.491,               
                    train/accept_len=3.144, train/full_acc=0.527,               
                    train/position_1_acc=0.814,                                 
                    train/position_2_acc=0.635,                                 
                    train/position_3_acc=0.519,                                 
                    train/position_4_acc=0.477,                                 
                    train/position_5_acc=0.432,                                 
                    train/position_6_acc=0.418,                                 
                    train/position_7_acc=0.395,                                 
                    profile/fetch_ms=72.953,                                    
                    profile/fwd_ms=88.833, profile/bwd_ms=99.813,               
                    profile/opt_ms=267.060,                                     
                    profile/step_ms=528.660,                                    
                    profile/tokens_per_s=7.71e+03,                              
                    profile/fetch_frac=0.138, epoch=0,                          
                    lr/Muon=0.002, lr/AdamW=2.11e-04,                           
                    global_step=1100                                            
[10:26:10] INFO     train/confidence_loss=0.232,                  trainer.py:584
                    train/confidence_abs_error=0.122,                           
                    train/confidence_pred_mean=0.298,                           
                    train/confidence_cumprod_bias=-0.012,                       
                    train/loss=0.208, train/ce_loss=0.406,                      
                    train/tv_loss=0.083, train/accept_rate=0.540,               
                    train/accept_len=3.432, train/full_acc=0.576,               
                    train/position_1_acc=0.850,                                 
                    train/position_2_acc=0.676,                                 
                    train/position_3_acc=0.600,                                 
                    train/position_4_acc=0.537,                                 
                    train/position_5_acc=0.493,                                 
                    train/position_6_acc=0.444,                                 
                    train/position_7_acc=0.424,                                 
                    profile/fetch_ms=72.933,                                    
                    profile/fwd_ms=89.405,                                      
                    profile/bwd_ms=100.706, profile/opt_ms=0.029,               
                    profile/step_ms=263.073,                                    
                    profile/tokens_per_s=1.52e+04,                              
                    profile/fetch_frac=0.277, epoch=0,                          
                    lr/Muon=0.002, lr/AdamW=2.04e-04,                           
                    global_step=1120                                            
[10:26:34] INFO     train/confidence_loss=0.234,                  trainer.py:584
                    train/confidence_abs_error=0.123,                           
                    train/confidence_pred_mean=0.281,                           
                    train/confidence_cumprod_bias=0.003,                        
                    train/loss=0.234, train/ce_loss=0.531,                      
                    train/tv_loss=0.098, train/accept_rate=0.475,               
                    train/accept_len=3.016, train/full_acc=0.512,               
                    train/position_1_acc=0.775,                                 
                    train/position_2_acc=0.588,                                 
                    train/position_3_acc=0.542,                                 
                    train/position_4_acc=0.480,                                 
                    train/position_5_acc=0.440,                                 
                    train/position_6_acc=0.378,                                 
                    train/position_7_acc=0.375,                                 
                    profile/fetch_ms=11.852,                                    
                    profile/fwd_ms=92.043, profile/bwd_ms=92.602,               
                    profile/opt_ms=0.032,                                       
                    profile/step_ms=196.529,                                    
                    profile/tokens_per_s=1.80e+04,                              
                    profile/fetch_frac=0.060, epoch=0,                          
                    lr/Muon=0.002, lr/AdamW=1.97e-04,                           
                    global_step=1140                                            
[10:26:58] INFO     train/confidence_loss=0.230,                  trainer.py:584
                    train/confidence_abs_error=0.121,                           
                    train/confidence_pred_mean=0.289,                           
                    train/confidence_cumprod_bias=-0.002,                       
                    train/loss=0.220, train/ce_loss=0.475,                      
                    train/tv_loss=0.090, train/accept_rate=0.508,               
                    train/accept_len=3.272, train/full_acc=0.538,               
                    train/position_1_acc=0.821,                                 
                    train/position_2_acc=0.637,                                 
                    train/position_3_acc=0.532,                                 
                    train/position_4_acc=0.505,                                 
                    train/position_5_acc=0.459,                                 
                    train/position_6_acc=0.416,                                 
                    train/position_7_acc=0.393,                                 
                    profile/fetch_ms=67.552,                                    
                    profile/fwd_ms=115.481,                                     
                    profile/bwd_ms=87.010,                                      
                    profile/opt_ms=355.978,                                     
                    profile/step_ms=626.021,                                    
                    profile/tokens_per_s=5.61e+03,                              
                    profile/fetch_frac=0.108, epoch=0,                          
                    lr/Muon=0.002, lr/AdamW=1.89e-04,                           
                    global_step=1160                                            
[10:27:20] INFO     train/confidence_loss=0.233,                  trainer.py:584
                    train/confidence_abs_error=0.119,                           
                    train/confidence_pred_mean=0.257,                           
                    train/confidence_cumprod_bias=-0.011,                       
                    train/loss=0.237, train/ce_loss=0.541,                      
                    train/tv_loss=0.099, train/accept_rate=0.470,               
                    train/accept_len=2.993, train/full_acc=0.508,               
                    train/position_1_acc=0.780,                                 
                    train/position_2_acc=0.600,                                 
                    train/position_3_acc=0.502,                                 
                    train/position_4_acc=0.455,                                 
                    train/position_5_acc=0.429,                                 
                    train/position_6_acc=0.385,                                 
                    train/position_7_acc=0.400,                                 
                    profile/fetch_ms=86.016,                                    
                    profile/fwd_ms=839.577,                                     
                    profile/bwd_ms=88.966, profile/opt_ms=0.036,                
                    profile/step_ms=1.01e+03,                                   
                    profile/tokens_per_s=4.00e+03,                              
                    profile/fetch_frac=0.085, epoch=0,                          
                    lr/Muon=0.002, lr/AdamW=1.83e-04,                           
                    global_step=1180                                            
[10:27:42] INFO     DL_MAX_STEPS=1200 reached (local_step=1201);  trainer.py:484
                    stopping epoch early.                                       
Epoch 0  71% ━━━━━━━━━━━━━━━━        1,200/1,689  [ 0:22:53 < 0:09:24 , 1 it/s ]
           INFO     Training epoch 1/1 completed                  trainer.py:736
           INFO     DL_MAX_STEPS reached — exiting after this     trainer.py:739
                    epoch (skipping checkpoint/validation).                     
[10:27:44] INFO     Destroyed distributed process group       distributed.py:182
[10:27:44] INFO     Destroyed distributed process group       distributed.py:182
[10:27:45] INFO     Destroyed distributed process group       distributed.py:182
[10:27:45] INFO     Destroyed distributed process group       distributed.py:182
