/usr/local/python3.12.13/lib/python3.12/site-packages/transformers/loss/loss_for_object_detection.py:27: UserWarning: A NumPy version >=1.22.4 and <2.3.0 is required for this version of SciPy (detected version 2.4.6)
  from scipy.optimize import linear_sum_assignment
/usr/local/python3.12.13/lib/python3.12/site-packages/transformers/loss/loss_for_object_detection.py:27: UserWarning: A NumPy version >=1.22.4 and <2.3.0 is required for this version of SciPy (detected version 2.4.6)
  from scipy.optimize import linear_sum_assignment
/usr/local/python3.12.13/lib/python3.12/site-packages/transformers/loss/loss_for_object_detection.py:27: UserWarning: A NumPy version >=1.22.4 and <2.3.0 is required for this version of SciPy (detected version 2.4.6)
  from scipy.optimize import linear_sum_assignment
/usr/local/python3.12.13/lib/python3.12/site-packages/transformers/loss/loss_for_object_detection.py:27: UserWarning: A NumPy version >=1.22.4 and <2.3.0 is required for this version of SciPy (detected version 2.4.6)
  from scipy.optimize import linear_sum_assignment
[timeout] aclrtSetOpExecuteTimeOut(0) rc=0
[timeout] aclrtSetOpExecuteTimeOut(0) rc=0
           INFO     get env TERM = xterm                      patch_getenv.py:15
[07:33:15] INFO     get env LOCAL_RANK = 0                    patch_getenv.py:15
[timeout] aclrtSetOpExecuteTimeOut(0) rc=0
[timeout] aclrtSetOpExecuteTimeOut(0) rc=0
[07:33:15] INFO     Started distributed with local_rank=2,    distributed.py:165
                    dp_size=4, sp_size=1                                        
[07:33:16] INFO     get env WORLD_SIZE = 4                    patch_getenv.py:15
           INFO     get env MASTER_ADDR =                     patch_getenv.py:15
                    localhost.localdomain                                       
           INFO     get env MASTER_PORT = 39951               patch_getenv.py:15
           INFO     get env TORCHELASTIC_USE_AGENT_STORE =    patch_getenv.py:15
                    True                                                        
           INFO     Started distributed with local_rank=0,    distributed.py:165
                    dp_size=4, sp_size=1                                        
           INFO     get env PATH =                            patch_getenv.py:15
                    /usr/local/Ascend/nnal/atb/latest/atb/cxx                   
                    _abi_1/bin:/usr/local/Ascend/cann-9.0.0/t                   
                    ools/bishengir/bin:/usr/local/Ascend/cann                   
                    -9.0.0/bin:/usr/local/Ascend/cann-9.0.0/t                   
                    ools/ccec_compiler/bin:/usr/local/Ascend/                   
                    cann-9.0.0/tools/profiler/bin:/usr/local/                   
                    Ascend/cann-9.0.0/tools/ascend_system_adv                   
                    isor/asys:/usr/local/Ascend/cann-9.0.0/to                   
                    ols/show_kernel_debug_data:/usr/local/Asc                   
                    end/cann-9.0.0/tools/msobjdump:/home/y500                   
                    63564/node_modules/.bin:/usr/local/Ascend                   
                    /nnal/atb/latest/atb/cxx_abi_1/bin:/usr/l                   
                    ocal/Ascend/nnal/atb/latest/atb/cxx_abi_1                   
                    /bin:/usr/local/Ascend/ascend-toolkit/lat                   
                    est/bin:/usr/local/Ascend/ascend-toolkit/                   
                    latest/compiler/ccec_compiler/bin:/usr/lo                   
                    cal/Ascend/ascend-toolkit/latest/tools/cc                   
                    ec_compiler/bin:/usr/local/python3.12.13/                   
                    bin:/usr/local/sbin:/usr/local/bin:/usr/s                   
                    bin:/usr/bin:/sbin:/bin:/usr/local/go/bin                   
           INFO     Loading vocab mappings from                     train.py:236
                    '/home/y50063564/data/open_perfectblend_qwen3_4             
                    b_700k/d2t.npy' and                                         
                    '/home/y50063564/data/open_perfectblend_qwen3_4             
                    b_700k/t2d.npy'                                             
           INFO     All 5 draft layers using sliding window         train.py:396
                    attention (window=2048). To use full attention              
                    on specific layers, pass                                    
                    '--full-attention-indices <layer_ids>'.                     
[07:33:16] INFO     Started distributed with local_rank=3,    distributed.py:165
                    dp_size=4, sp_size=1                                        
[07:33:16] INFO     Started distributed with local_rank=1,    distributed.py:165
                    dp_size=4, sp_size=1                                        
[07:33:17] WARNING  Added <|MASK|> to tokenizer,                     utils.py:49
                    mask_token_id=151669 (tokenizer len=151670,                 
                    vocab_size=151936)                                          
2026-09-11 07:33:30.050 | INFO     | speculators.utils.loading:_resolve_file:136 - Loading from local directory: /home/y50063564/Qwen3-4B
2026-09-11 07:33:30.050 | WARNING  | speculators.utils.loading:load_model_layers:104 - Tensor 'lm_head.weight' not found in weight_map.
2026-09-11 07:33:30.050 | INFO     | speculators.utils.loading:_resolve_file:136 - Loading from local directory: /home/y50063564/Qwen3-4B
2026-09-11 07:33:30.052 | INFO     | speculators.utils.loading:_resolve_file:136 - Loading from local directory: /home/y50063564/Qwen3-4B
2026-09-11 07:33:30.738 | INFO     | speculators.utils.loading:_resolve_file:136 - Loading from local directory: /home/y50063564/Qwen3-4B
2026-09-11 07:33:30.738 | WARNING  | speculators.utils.loading:load_model_layers:104 - Tensor 'lm_head.weight' not found in weight_map.
2026-09-11 07:33:30.738 | INFO     | speculators.utils.loading:_resolve_file:136 - Loading from local directory: /home/y50063564/Qwen3-4B
2026-09-11 07:33:30.739 | INFO     | speculators.utils.loading:_resolve_file:136 - Loading from local directory: /home/y50063564/Qwen3-4B
2026-09-11 07:33:31.036 | INFO     | speculators.utils.loading:_resolve_file:136 - Loading from local directory: /home/y50063564/Qwen3-4B
2026-09-11 07:33:31.038 | WARNING  | speculators.utils.loading:load_model_layers:104 - Tensor 'lm_head.weight' not found in weight_map.
2026-09-11 07:33:31.038 | INFO     | speculators.utils.loading:_resolve_file:136 - Loading from local directory: /home/y50063564/Qwen3-4B
2026-09-11 07:33:31.040 | INFO     | speculators.utils.loading:_resolve_file:136 - Loading from local directory: /home/y50063564/Qwen3-4B
2026-09-11 07:33:31.957 | INFO     | speculators.utils.loading:_resolve_file:136 - Loading from local directory: /home/y50063564/Qwen3-4B
2026-09-11 07:33:31.958 | WARNING  | speculators.utils.loading:load_model_layers:104 - Tensor 'lm_head.weight' not found in weight_map.
2026-09-11 07:33:31.958 | INFO     | speculators.utils.loading:_resolve_file:136 - Loading from local directory: /home/y50063564/Qwen3-4B
2026-09-11 07:33:31.960 | INFO     | speculators.utils.loading:_resolve_file:136 - Loading from local directory: /home/y50063564/Qwen3-4B
[07:33:47] INFO     get env SAMP_SEED = 42                    patch_getenv.py:15
           INFO     get env DL_IN_ORDER = 1                   patch_getenv.py:15
           INFO     No previous training checkpoint found in      trainer.py:299
                    '/home/y50063564/dataloader_diag/exp/E4C_w8_t               
                    ok32768/checkpoints'. Starting fresh training               
                    run.                                                        
[07:33:54] INFO     Muon optimizer: 39 2D params via Muon, 23   optimizers.py:76
                    params via AdamW.                                           
           INFO     get env SAMP_BALANCE = off                patch_getenv.py:15
[timeout] aclrtSetOpExecuteTimeOut(0) rc=0
[timeout] aclrtSetOpExecuteTimeOut(0) rc=0
[timeout] aclrtSetOpExecuteTimeOut(0) rc=0
[07:33:58] INFO     Training epoch 1/1 started                    trainer.py:734
[timeout] aclrtSetOpExecuteTimeOut(0) rc=0
/usr/local/python3.12.13/lib/python3.12/site-packages/torch/_dynamo/_trace_wrapped_higher_order_op.py:147: UserWarning: Cannot create tensor with interal format while allow_internel_format=False, tensor will be created with base format. (Triggered internally at ../torch_npu/csrc/aten/common/TensorFactories.cpp:340.)
  return func(*args, **(kwargs or {}))
/usr/local/python3.12.13/lib/python3.12/site-packages/torch/_dynamo/_trace_wrapped_higher_order_op.py:147: UserWarning: Cannot create tensor with interal format while allow_internel_format=False, tensor will be created with base format. (Triggered internally at ../torch_npu/csrc/aten/common/TensorFactories.cpp:340.)
  return func(*args, **(kwargs or {}))
/usr/local/python3.12.13/lib/python3.12/site-packages/torch/_dynamo/_trace_wrapped_higher_order_op.py:147: UserWarning: Cannot create tensor with interal format while allow_internel_format=False, tensor will be created with base format. (Triggered internally at ../torch_npu/csrc/aten/common/TensorFactories.cpp:340.)
  return func(*args, **(kwargs or {}))
/usr/local/python3.12.13/lib/python3.12/site-packages/torch/_dynamo/_trace_wrapped_higher_order_op.py:147: UserWarning: Cannot create tensor with interal format while allow_internel_format=False, tensor will be created with base format. (Triggered internally at ../torch_npu/csrc/aten/common/TensorFactories.cpp:340.)
  return func(*args, **(kwargs or {}))
[07:34:08] INFO     train/confidence_loss=0.457,                  trainer.py:584
                    train/confidence_abs_error=0.325,                           
                    train/confidence_pred_mean=0.326,                           
                    train/confidence_cumprod_bias=0.192,                        
                    train/loss=0.613, train/ce_loss=2.362,                      
                    train/tv_loss=0.214,                                        
                    train/accept_rate=3.34e-04,                                 
                    train/accept_len=1.000,                                     
                    train/full_acc=0.00e+00,                                    
                    train/position_1_acc=0.00e+00,                              
                    train/position_2_acc=0.00e+00,                              
                    train/position_3_acc=0.00e+00,                              
                    train/position_4_acc=0.00e+00,                              
                    train/position_5_acc=0.00e+00,                              
                    train/position_6_acc=0.00e+00,                              
                    train/position_7_acc=0.00e+00,                              
                    profile/fetch_ms=8.49e+03,                                  
                    profile/fwd_ms=1.45e+03,                                    
                    profile/bwd_ms=329.781, profile/opt_ms=0.046,               
                    profile/step_ms=1.03e+04,                                   
                    profile/tokens_per_s=398.512,                               
                    profile/fetch_frac=0.827, epoch=0,                          
                    lr/Muon=0.00e+00, lr/AdamW=0.00e+00,                        
                    global_step=0                                               
[07:34:22] INFO     train/confidence_loss=0.059,                  trainer.py:584
                    train/confidence_abs_error=0.059,                           
                    train/confidence_pred_mean=0.059,                           
                    train/confidence_cumprod_bias=0.017,                        
                    train/loss=0.444, train/ce_loss=2.275,                      
                    train/tv_loss=0.214,                                        
                    train/accept_rate=3.92e-04,                                 
                    train/accept_len=1.000,                                     
                    train/full_acc=0.00e+00,                                    
                    train/position_1_acc=0.00e+00,                              
                    train/position_2_acc=0.00e+00,                              
                    train/position_3_acc=0.00e+00,                              
                    train/position_4_acc=0.00e+00,                              
                    train/position_5_acc=0.00e+00,                              
                    train/position_6_acc=0.00e+00,                              
                    train/position_7_acc=0.00e+00,                              
                    profile/fetch_ms=72.356,                                    
                    profile/fwd_ms=93.572, profile/bwd_ms=94.047,               
                    profile/opt_ms=273.012,                                     
                    profile/step_ms=532.987,                                    
                    profile/tokens_per_s=7.24e+03,                              
                    profile/fetch_frac=0.136, epoch=0,                          
                    lr/Muon=4.37e-04, lr/AdamW=4.37e-05,                        
                    global_step=20                                              
[07:34:38] INFO     train/confidence_loss=0.172,                  trainer.py:584
                    train/confidence_abs_error=0.025,                           
                    train/confidence_pred_mean=4.65e-04,                        
                    train/confidence_cumprod_bias=-0.007,                       
                    train/loss=0.412, train/ce_loss=1.594,                      
                    train/tv_loss=0.205, train/accept_rate=0.044,               
                    train/accept_len=1.049, train/full_acc=0.084,               
                    train/position_1_acc=0.081,                                 
                    train/position_2_acc=0.091,                                 
                    train/position_3_acc=0.082,                                 
                    train/position_4_acc=0.077,                                 
                    train/position_5_acc=0.084,                                 
                    train/position_6_acc=0.089,                                 
                    train/position_7_acc=0.085,                                 
                    profile/fetch_ms=87.373,                                    
                    profile/fwd_ms=133.644,                                     
                    profile/bwd_ms=90.761, profile/opt_ms=0.113,                
                    profile/step_ms=311.891,                                    
                    profile/tokens_per_s=1.16e+04,                              
                    profile/fetch_frac=0.280, epoch=0,                          
                    lr/Muon=8.12e-04, lr/AdamW=8.12e-05,                        
                    global_step=40                                              
[07:34:56] INFO     train/confidence_loss=0.127,                  trainer.py:584
                    train/confidence_abs_error=0.041,                           
                    train/confidence_pred_mean=0.025,                           
                    train/confidence_cumprod_bias=-0.004,                       
                    train/loss=0.366, train/ce_loss=1.350,                      
                    train/tv_loss=0.200, train/accept_rate=0.064,               
                    train/accept_len=1.071, train/full_acc=0.114,               
                    train/position_1_acc=0.099,                                 
                    train/position_2_acc=0.136,                                 
                    train/position_3_acc=0.110,                                 
                    train/position_4_acc=0.116,                                 
                    train/position_5_acc=0.102,                                 
                    train/position_6_acc=0.117,                                 
                    train/position_7_acc=0.118,                                 
                    profile/fetch_ms=3.596,                                     
                    profile/fwd_ms=95.871, profile/bwd_ms=89.961,               
                    profile/opt_ms=0.040,                                       
                    profile/step_ms=189.468,                                    
                    profile/tokens_per_s=2.06e+04,                              
                    profile/fetch_frac=0.019, epoch=0,                          
                    lr/Muon=0.001, lr/AdamW=1.25e-04,                           
                    global_step=60                                              
[07:35:11] INFO     train/confidence_loss=0.146,                  trainer.py:584
                    train/confidence_abs_error=0.042,                           
                    train/confidence_pred_mean=0.013,                           
                    train/confidence_cumprod_bias=-0.010,                       
                    train/loss=0.381, train/ce_loss=1.444,                      
                    train/tv_loss=0.199, train/accept_rate=0.070,               
                    train/accept_len=1.092, train/full_acc=0.097,               
                    train/position_1_acc=0.107,                                 
                    train/position_2_acc=0.085,                                 
                    train/position_3_acc=0.097,                                 
                    train/position_4_acc=0.081,                                 
                    train/position_5_acc=0.107,                                 
                    train/position_6_acc=0.100,                                 
                    train/position_7_acc=0.101,                                 
                    profile/fetch_ms=72.289,                                    
                    profile/fwd_ms=91.711, profile/bwd_ms=93.833,               
                    profile/opt_ms=231.142,                                     
                    profile/step_ms=488.975,                                    
                    profile/tokens_per_s=7.99e+03,                              
                    profile/fetch_frac=0.148, epoch=0,                          
                    lr/Muon=0.002, lr/AdamW=1.69e-04,                           
                    global_step=80                                              
[07:35:32] INFO     train/confidence_loss=0.191,                  trainer.py:584
                    train/confidence_abs_error=0.114,                           
                    train/confidence_pred_mean=0.115,                           
                    train/confidence_cumprod_bias=0.014,                        
                    train/loss=0.378, train/ce_loss=1.337,                      
                    train/tv_loss=0.187, train/accept_rate=0.123,               
                    train/accept_len=1.220, train/full_acc=0.147,               
                    train/position_1_acc=0.155,                                 
                    train/position_2_acc=0.156,                                 
                    train/position_3_acc=0.143,                                 
                    train/position_4_acc=0.148,                                 
                    train/position_5_acc=0.139,                                 
                    train/position_6_acc=0.133,                                 
                    train/position_7_acc=0.153,                                 
                    profile/fetch_ms=77.820,                                    
                    profile/fwd_ms=88.508, profile/bwd_ms=93.110,               
                    profile/opt_ms=0.039,                                       
                    profile/step_ms=259.476,                                    
                    profile/tokens_per_s=1.56e+04,                              
                    profile/fetch_frac=0.300, epoch=0,                          
                    lr/Muon=0.002, lr/AdamW=2.06e-04,                           
                    global_step=100                                             
[07:35:47] INFO     train/confidence_loss=0.238,                  trainer.py:584
                    train/confidence_abs_error=0.091,                           
                    train/confidence_pred_mean=0.042,                           
                    train/confidence_cumprod_bias=-0.027,                       
                    train/loss=0.384, train/ce_loss=1.288,                      
                    train/tv_loss=0.179, train/accept_rate=0.160,               
                    train/accept_len=1.279, train/full_acc=0.193,               
                    train/position_1_acc=0.207,                                 
                    train/position_2_acc=0.199,                                 
                    train/position_3_acc=0.188,                                 
                    train/position_4_acc=0.199,                                 
                    train/position_5_acc=0.198,                                 
                    train/position_6_acc=0.180,                                 
                    train/position_7_acc=0.181,                                 
                    profile/fetch_ms=34.901,                                    
                    profile/fwd_ms=93.786, profile/bwd_ms=93.051,               
                    profile/opt_ms=0.099,                                       
                    profile/step_ms=221.837,                                    
                    profile/tokens_per_s=1.83e+04,                              
                    profile/fetch_frac=0.157, epoch=0,                          
                    lr/Muon=0.002, lr/AdamW=2.50e-04,                           
                    global_step=120                                             
[07:36:06] INFO     train/confidence_loss=0.238,                  trainer.py:584
                    train/confidence_abs_error=0.097,                           
                    train/confidence_pred_mean=0.053,                           
                    train/confidence_cumprod_bias=-0.032,                       
                    train/loss=0.380, train/ce_loss=1.269,                      
                    train/tv_loss=0.173, train/accept_rate=0.183,               
                    train/accept_len=1.357, train/full_acc=0.225,               
                    train/position_1_acc=0.249,                                 
                    train/position_2_acc=0.219,                                 
                    train/position_3_acc=0.235,                                 
                    train/position_4_acc=0.207,                                 
                    train/position_5_acc=0.208,                                 
                    train/position_6_acc=0.238,                                 
                    train/position_7_acc=0.219,                                 
                    profile/fetch_ms=72.240,                                    
                    profile/fwd_ms=103.396,                                     
                    profile/bwd_ms=142.543,                                     
                    profile/opt_ms=229.073,                                     
                    profile/step_ms=547.252,                                    
                    profile/tokens_per_s=7.14e+03,                              
                    profile/fetch_frac=0.132, epoch=0,                          
                    lr/Muon=0.003, lr/AdamW=2.94e-04,                           
                    global_step=140                                             
[07:36:21] INFO     train/confidence_loss=0.246,                  trainer.py:584
                    train/confidence_abs_error=0.144,                           
                    train/confidence_pred_mean=0.176,                           
                    train/confidence_cumprod_bias=0.022,                        
                    train/loss=0.366, train/ce_loss=1.150,                      
                    train/tv_loss=0.168, train/accept_rate=0.211,               
                    train/accept_len=1.393, train/full_acc=0.246,               
                    train/position_1_acc=0.255,                                 
                    train/position_2_acc=0.259,                                 
                    train/position_3_acc=0.243,                                 
                    train/position_4_acc=0.255,                                 
                    train/position_5_acc=0.247,                                 
                    train/position_6_acc=0.230,                                 
                    train/position_7_acc=0.229,                                 
                    profile/fetch_ms=72.063,                                    
                    profile/fwd_ms=89.406, profile/bwd_ms=91.456,               
                    profile/opt_ms=0.072,                                       
                    profile/step_ms=252.997,                                    
                    profile/tokens_per_s=1.56e+04,                              
                    profile/fetch_frac=0.285, epoch=0,                          
                    lr/Muon=0.003, lr/AdamW=3.31e-04,                           
                    global_step=160                                             
[07:36:38] INFO     train/confidence_loss=0.236,                  trainer.py:584
                    train/confidence_abs_error=0.108,                           
                    train/confidence_pred_mean=0.089,                           
                    train/confidence_cumprod_bias=-0.033,                       
                    train/loss=0.361, train/ce_loss=1.163,                      
                    train/tv_loss=0.166, train/accept_rate=0.209,               
                    train/accept_len=1.533, train/full_acc=0.247,               
                    train/position_1_acc=0.315,                                 
                    train/position_2_acc=0.273,                                 
                    train/position_3_acc=0.247,                                 
                    train/position_4_acc=0.232,                                 
                    train/position_5_acc=0.211,                                 
                    train/position_6_acc=0.221,                                 
                    train/position_7_acc=0.228,                                 
                    profile/fetch_ms=53.127,                                    
                    profile/fwd_ms=101.147,                                     
                    profile/bwd_ms=105.708, profile/opt_ms=0.031,               
                    profile/step_ms=260.013,                                    
                    profile/tokens_per_s=1.28e+04,                              
                    profile/fetch_frac=0.204, epoch=0,                          
                    lr/Muon=0.004, lr/AdamW=3.75e-04,                           
                    global_step=180                                             
[07:36:52] INFO     train/confidence_loss=0.252,                  trainer.py:584
                    train/confidence_abs_error=0.108,                           
                    train/confidence_pred_mean=0.106,                           
                    train/confidence_cumprod_bias=-0.027,                       
                    train/loss=0.355, train/ce_loss=1.094,                      
                    train/tv_loss=0.161, train/accept_rate=0.220,               
                    train/accept_len=1.606, train/full_acc=0.265,               
                    train/position_1_acc=0.373,                                 
                    train/position_2_acc=0.319,                                 
                    train/position_3_acc=0.251,                                 
                    train/position_4_acc=0.224,                                 
                    train/position_5_acc=0.232,                                 
                    train/position_6_acc=0.217,                                 
                    train/position_7_acc=0.237,                                 
                    profile/fetch_ms=77.920,                                    
                    profile/fwd_ms=88.967, profile/bwd_ms=95.064,               
                    profile/opt_ms=229.087,                                     
                    profile/step_ms=491.037,                                    
                    profile/tokens_per_s=7.58e+03,                              
                    profile/fetch_frac=0.159, epoch=0,                          
                    lr/Muon=0.004, lr/AdamW=4.19e-04,                           
                    global_step=200                                             
[07:37:07] INFO     train/confidence_loss=0.256,                  trainer.py:584
                    train/confidence_abs_error=0.142,                           
                    train/confidence_pred_mean=0.172,                           
                    train/confidence_cumprod_bias=0.018,                        
                    train/loss=0.362, train/ce_loss=1.125,                      
                    train/tv_loss=0.162, train/accept_rate=0.207,               
                    train/accept_len=1.596, train/full_acc=0.230,               
                    train/position_1_acc=0.414,                                 
                    train/position_2_acc=0.248,                                 
                    train/position_3_acc=0.212,                                 
                    train/position_4_acc=0.203,                                 
                    train/position_5_acc=0.185,                                 
                    train/position_6_acc=0.171,                                 
                    train/position_7_acc=0.178,                                 
                    profile/fetch_ms=65.540,                                    
                    profile/fwd_ms=101.539,                                     
                    profile/bwd_ms=92.178, profile/opt_ms=0.057,                
                    profile/step_ms=259.314,                                    
                    profile/tokens_per_s=1.45e+04,                              
                    profile/fetch_frac=0.253, epoch=0,                          
                    lr/Muon=0.005, lr/AdamW=4.56e-04,                           
                    global_step=220                                             
[07:37:23] INFO     train/confidence_loss=0.233,                  trainer.py:584
                    train/confidence_abs_error=0.107,                           
                    train/confidence_pred_mean=0.113,                           
                    train/confidence_cumprod_bias=-0.030,                       
                    train/loss=0.341, train/ce_loss=1.050,                      
                    train/tv_loss=0.158, train/accept_rate=0.225,               
                    train/accept_len=1.743, train/full_acc=0.259,               
                    train/position_1_acc=0.474,                                 
                    train/position_2_acc=0.275,                                 
                    train/position_3_acc=0.250,                                 
                    train/position_4_acc=0.217,                                 
                    train/position_5_acc=0.215,                                 
                    train/position_6_acc=0.194,                                 
                    train/position_7_acc=0.188,                                 
                    profile/fetch_ms=25.332,                                    
                    profile/fwd_ms=92.196, profile/bwd_ms=93.192,               
                    profile/opt_ms=0.091,                                       
                    profile/step_ms=210.811,                                    
                    profile/tokens_per_s=1.79e+04,                              
                    profile/fetch_frac=0.120, epoch=0,                          
                    lr/Muon=0.005, lr/AdamW=5.00e-04,                           
                    global_step=240                                             
[07:37:39] INFO     train/confidence_loss=0.239,                  trainer.py:584
                    train/confidence_abs_error=0.121,                           
                    train/confidence_pred_mean=0.201,                           
                    train/confidence_cumprod_bias=0.021,                        
                    train/loss=0.300, train/ce_loss=0.844,                      
                    train/tv_loss=0.135, train/accept_rate=0.309,               
                    train/accept_len=2.188, train/full_acc=0.351,               
                    train/position_1_acc=0.626,                                 
                    train/position_2_acc=0.441,                                 
                    train/position_3_acc=0.311,                                 
                    train/position_4_acc=0.284,                                 
                    train/position_5_acc=0.289,                                 
                    train/position_6_acc=0.265,                                 
                    train/position_7_acc=0.236,                                 
                    profile/fetch_ms=69.458,                                    
                    profile/fwd_ms=1.94e+03,                                    
                    profile/bwd_ms=98.764,                                      
                    profile/opt_ms=273.990,                                     
                    profile/step_ms=2.38e+03,                                   
                    profile/tokens_per_s=1.56e+03,                              
                    profile/fetch_frac=0.029, epoch=0,                          
                    lr/Muon=0.005, lr/AdamW=5.44e-04,                           
                    global_step=260                                             
[07:37:52] INFO     train/confidence_loss=0.228,                  trainer.py:584
                    train/confidence_abs_error=0.088,                           
                    train/confidence_pred_mean=0.074,                           
                    train/confidence_cumprod_bias=-0.037,                       
                    train/loss=0.347, train/ce_loss=1.144,                      
                    train/tv_loss=0.158, train/accept_rate=0.215,               
                    train/accept_len=1.749, train/full_acc=0.251,               
                    train/position_1_acc=0.505,                                 
                    train/position_2_acc=0.277,                                 
                    train/position_3_acc=0.239,                                 
                    train/position_4_acc=0.167,                                 
                    train/position_5_acc=0.195,                                 
                    train/position_6_acc=0.187,                                 
                    train/position_7_acc=0.187,                                 
                    profile/fetch_ms=71.445,                                    
                    profile/fwd_ms=90.680, profile/bwd_ms=91.459,               
                    profile/opt_ms=0.055,                                       
                    profile/step_ms=253.639,                                    
                    profile/tokens_per_s=1.52e+04,                              
                    profile/fetch_frac=0.282, epoch=0,                          
                    lr/Muon=0.006, lr/AdamW=5.81e-04,                           
                    global_step=280                                             
[07:38:07] INFO     train/confidence_loss=0.256,                  trainer.py:584
                    train/confidence_abs_error=0.145,                           
                    train/confidence_pred_mean=0.254,                           
                    train/confidence_cumprod_bias=0.027,                        
                    train/loss=0.281, train/ce_loss=0.719,                      
                    train/tv_loss=0.119, train/accept_rate=0.380,               
                    train/accept_len=2.426, train/full_acc=0.418,               
                    train/position_1_acc=0.710,                                 
                    train/position_2_acc=0.489,                                 
                    train/position_3_acc=0.413,                                 
                    train/position_4_acc=0.346,                                 
                    train/position_5_acc=0.345,                                 
                    train/position_6_acc=0.300,                                 
                    train/position_7_acc=0.317,                                 
                    profile/fetch_ms=43.004,                                    
                    profile/fwd_ms=504.976,                                     
                    profile/bwd_ms=91.637, profile/opt_ms=0.056,                
                    profile/step_ms=639.674,                                    
                    profile/tokens_per_s=5.95e+03,                              
                    profile/fetch_frac=0.067, epoch=0,                          
                    lr/Muon=0.006, lr/AdamW=6.00e-04,                           
                    global_step=300                                             
[07:38:22] INFO     train/confidence_loss=0.248,                  trainer.py:584
                    train/confidence_abs_error=0.139,                           
                    train/confidence_pred_mean=0.205,                           
                    train/confidence_cumprod_bias=0.025,                        
                    train/loss=0.322, train/ce_loss=0.950,                      
                    train/tv_loss=0.144, train/accept_rate=0.271,               
                    train/accept_len=1.912, train/full_acc=0.304,               
                    train/position_1_acc=0.569,                                 
                    train/position_2_acc=0.330,                                 
                    train/position_3_acc=0.298,                                 
                    train/position_4_acc=0.261,                                 
                    train/position_5_acc=0.230,                                 
                    train/position_6_acc=0.224,                                 
                    train/position_7_acc=0.216,                                 
                    profile/fetch_ms=71.981,                                    
                    profile/fwd_ms=89.626, profile/bwd_ms=93.650,               
                    profile/opt_ms=626.278,                                     
                    profile/step_ms=881.535,                                    
                    profile/tokens_per_s=4.29e+03,                              
                    profile/fetch_frac=0.082, epoch=0,                          
                    lr/Muon=0.006, lr/AdamW=5.99e-04,                           
                    global_step=320                                             
[07:38:37] INFO     train/confidence_loss=0.242,                  trainer.py:584
                    train/confidence_abs_error=0.116,                           
                    train/confidence_pred_mean=0.156,                           
                    train/confidence_cumprod_bias=-0.036,                       
                    train/loss=0.291, train/ce_loss=0.791,                      
                    train/tv_loss=0.127, train/accept_rate=0.339,               
                    train/accept_len=2.312, train/full_acc=0.375,               
                    train/position_1_acc=0.673,                                 
                    train/position_2_acc=0.444,                                 
                    train/position_3_acc=0.369,                                 
                    train/position_4_acc=0.306,                                 
                    train/position_5_acc=0.303,                                 
                    train/position_6_acc=0.277,                                 
                    train/position_7_acc=0.251,                                 
                    profile/fetch_ms=67.531,                                    
                    profile/fwd_ms=114.315,                                     
                    profile/bwd_ms=91.974, profile/opt_ms=0.041,                
                    profile/step_ms=273.860,                                    
                    profile/tokens_per_s=1.41e+04,                              
                    profile/fetch_frac=0.247, epoch=0,                          
                    lr/Muon=0.006, lr/AdamW=5.99e-04,                           
                    global_step=340                                             
[07:38:52] INFO     train/confidence_loss=0.246,                  trainer.py:584
                    train/confidence_abs_error=0.132,                           
                    train/confidence_pred_mean=0.222,                           
                    train/confidence_cumprod_bias=0.028,                        
                    train/loss=0.297, train/ce_loss=0.825,                      
                    train/tv_loss=0.130, train/accept_rate=0.329,               
                    train/accept_len=2.242, train/full_acc=0.360,               
                    train/position_1_acc=0.661,                                 
                    train/position_2_acc=0.425,                                 
                    train/position_3_acc=0.348,                                 
                    train/position_4_acc=0.302,                                 
                    train/position_5_acc=0.262,                                 
                    train/position_6_acc=0.264,                                 
                    train/position_7_acc=0.253,                                 
                    profile/fetch_ms=28.583,                                    
                    profile/fwd_ms=95.172, profile/bwd_ms=96.461,               
                    profile/opt_ms=0.046,                                       
                    profile/step_ms=220.262,                                    
                    profile/tokens_per_s=1.78e+04,                              
                    profile/fetch_frac=0.130, epoch=0,                          
                    lr/Muon=0.006, lr/AdamW=5.98e-04,                           
                    global_step=360                                             
[07:39:09] INFO     train/confidence_loss=0.231,                  trainer.py:584
                    train/confidence_abs_error=0.130,                           
                    train/confidence_pred_mean=0.226,                           
                    train/confidence_cumprod_bias=0.029,                        
                    train/loss=0.302, train/ce_loss=0.894,                      
                    train/tv_loss=0.132, train/accept_rate=0.323,               
                    train/accept_len=2.226, train/full_acc=0.357,               
                    train/position_1_acc=0.657,                                 
                    train/position_2_acc=0.419,                                 
                    train/position_3_acc=0.322,                                 
                    train/position_4_acc=0.290,                                 
                    train/position_5_acc=0.284,                                 
                    train/position_6_acc=0.277,                                 
                    train/position_7_acc=0.245,                                 
                    profile/fetch_ms=70.207,                                    
                    profile/fwd_ms=90.751,                                      
                    profile/bwd_ms=118.482,                                     
                    profile/opt_ms=250.247,                                     
                    profile/step_ms=529.687,                                    
                    profile/tokens_per_s=7.31e+03,                              
                    profile/fetch_frac=0.133, epoch=0,                          
                    lr/Muon=0.006, lr/AdamW=5.98e-04,                           
                    global_step=380                                             
[07:39:19] INFO     train/confidence_loss=0.236,                  trainer.py:584
                    train/confidence_abs_error=0.107,                           
                    train/confidence_pred_mean=0.153,                           
                    train/confidence_cumprod_bias=-0.018,                       
                    train/loss=0.302, train/ce_loss=0.863,                      
                    train/tv_loss=0.134, train/accept_rate=0.317,               
                    train/accept_len=2.188, train/full_acc=0.349,               
                    train/position_1_acc=0.639,                                 
                    train/position_2_acc=0.413,                                 
                    train/position_3_acc=0.338,                                 
                    train/position_4_acc=0.293,                                 
                    train/position_5_acc=0.268,                                 
                    train/position_6_acc=0.254,                                 
                    train/position_7_acc=0.234,                                 
                    profile/fetch_ms=70.485,                                    
                    profile/fwd_ms=91.075, profile/bwd_ms=93.479,               
                    profile/opt_ms=0.084,                                       
                    profile/step_ms=255.124,                                    
                    profile/tokens_per_s=1.55e+04,                              
                    profile/fetch_frac=0.276, epoch=0,                          
                    lr/Muon=0.006, lr/AdamW=5.98e-04,                           
                    global_step=400                                             
[07:39:39] INFO     train/confidence_loss=0.256,                  trainer.py:584
                    train/confidence_abs_error=0.142,                           
                    train/confidence_pred_mean=0.235,                           
                    train/confidence_cumprod_bias=0.031,                        
                    train/loss=0.297, train/ce_loss=0.800,                      
                    train/tv_loss=0.129, train/accept_rate=0.330,               
                    train/accept_len=2.198, train/full_acc=0.364,               
                    train/position_1_acc=0.662,                                 
                    train/position_2_acc=0.450,                                 
                    train/position_3_acc=0.356,                                 
                    train/position_4_acc=0.288,                                 
                    train/position_5_acc=0.277,                                 
                    train/position_6_acc=0.265,                                 
                    train/position_7_acc=0.250,                                 
                    profile/fetch_ms=3.308,                                     
                    profile/fwd_ms=463.632,                                     
                    profile/bwd_ms=88.130, profile/opt_ms=0.051,                
                    profile/step_ms=555.121,                                    
                    profile/tokens_per_s=6.49e+03,                              
                    profile/fetch_frac=0.006, epoch=0,                          
                    lr/Muon=0.006, lr/AdamW=5.97e-04,                           
                    global_step=420                                             
[07:39:53] INFO     train/confidence_loss=0.226,                  trainer.py:584
                    train/confidence_abs_error=0.116,                           
                    train/confidence_pred_mean=0.181,                           
                    train/confidence_cumprod_bias=0.007,                        
                    train/loss=0.309, train/ce_loss=0.950,                      
                    train/tv_loss=0.139, train/accept_rate=0.294,               
                    train/accept_len=2.087, train/full_acc=0.331,               
                    train/position_1_acc=0.602,                                 
                    train/position_2_acc=0.385,                                 
                    train/position_3_acc=0.300,                                 
                    train/position_4_acc=0.297,                                 
                    train/position_5_acc=0.249,                                 
                    train/position_6_acc=0.248,                                 
                    train/position_7_acc=0.234,                                 
                    profile/fetch_ms=70.517,                                    
                    profile/fwd_ms=89.530, profile/bwd_ms=94.995,               
                    profile/opt_ms=266.390,                                     
                    profile/step_ms=521.432,                                    
                    profile/tokens_per_s=7.81e+03,                              
                    profile/fetch_frac=0.135, epoch=0,                          
                    lr/Muon=0.006, lr/AdamW=5.97e-04,                           
                    global_step=440                                             
[07:40:09] INFO     train/confidence_loss=0.250,                  trainer.py:584
                    train/confidence_abs_error=0.121,                           
                    train/confidence_pred_mean=0.192,                           
                    train/confidence_cumprod_bias=-0.007,                       
                    train/loss=0.283, train/ce_loss=0.750,                      
                    train/tv_loss=0.122, train/accept_rate=0.356,               
                    train/accept_len=2.386, train/full_acc=0.394,               
                    train/position_1_acc=0.709,                                 
                    train/position_2_acc=0.486,                                 
                    train/position_3_acc=0.406,                                 
                    train/position_4_acc=0.330,                                 
                    train/position_5_acc=0.306,                                 
                    train/position_6_acc=0.284,                                 
                    train/position_7_acc=0.237,                                 
                    profile/fetch_ms=68.816,                                    
                    profile/fwd_ms=115.361,                                     
                    profile/bwd_ms=92.358, profile/opt_ms=0.064,                
                    profile/step_ms=276.598,                                    
                    profile/tokens_per_s=1.45e+04,                              
                    profile/fetch_frac=0.249, epoch=0,                          
                    lr/Muon=0.006, lr/AdamW=5.96e-04,                           
                    global_step=460                                             
[07:40:20] INFO     train/confidence_loss=0.244,                  trainer.py:584
                    train/confidence_abs_error=0.134,                           
                    train/confidence_pred_mean=0.222,                           
                    train/confidence_cumprod_bias=0.014,                        
                    train/loss=0.295, train/ce_loss=0.812,                      
                    train/tv_loss=0.128, train/accept_rate=0.335,               
                    train/accept_len=2.259, train/full_acc=0.367,               
                    train/position_1_acc=0.683,                                 
                    train/position_2_acc=0.410,                                 
                    train/position_3_acc=0.339,                                 
                    train/position_4_acc=0.306,                                 
                    train/position_5_acc=0.308,                                 
                    train/position_6_acc=0.257,                                 
                    train/position_7_acc=0.264,                                 
                    profile/fetch_ms=35.865,                                    
                    profile/fwd_ms=96.496, profile/bwd_ms=91.332,               
                    profile/opt_ms=0.134,                                       
                    profile/step_ms=223.826,                                    
                    profile/tokens_per_s=1.64e+04,                              
                    profile/fetch_frac=0.160, epoch=0,                          
                    lr/Muon=0.006, lr/AdamW=5.96e-04,                           
                    global_step=480                                             
[07:40:37] INFO     train/confidence_loss=0.248,                  trainer.py:584
                    train/confidence_abs_error=0.137,                           
                    train/confidence_pred_mean=0.245,                           
                    train/confidence_cumprod_bias=0.005,                        
                    train/loss=0.269, train/ce_loss=0.662,                      
                    train/tv_loss=0.113, train/accept_rate=0.399,               
                    train/accept_len=2.594, train/full_acc=0.438,               
                    train/position_1_acc=0.765,                                 
                    train/position_2_acc=0.538,                                 
                    train/position_3_acc=0.430,                                 
                    train/position_4_acc=0.389,                                 
                    train/position_5_acc=0.350,                                 
                    train/position_6_acc=0.295,                                 
                    train/position_7_acc=0.297,                                 
                    profile/fetch_ms=91.629,                                    
                    profile/fwd_ms=90.299,                                      
                    profile/bwd_ms=110.681,                                     
                    profile/opt_ms=336.275,                                     
                    profile/step_ms=628.885,                                    
                    profile/tokens_per_s=5.88e+03,                              
                    profile/fetch_frac=0.146, epoch=0,                          
                    lr/Muon=0.006, lr/AdamW=5.96e-04,                           
                    global_step=500                                             
[07:40:52] INFO     train/confidence_loss=0.266,                  trainer.py:584
                    train/confidence_abs_error=0.130,                           
                    train/confidence_pred_mean=0.166,                           
                    train/confidence_cumprod_bias=-0.049,                       
                    train/loss=0.286, train/ce_loss=0.719,                      
                    train/tv_loss=0.120, train/accept_rate=0.365,               
                    train/accept_len=2.386, train/full_acc=0.401,               
                    train/position_1_acc=0.738,                                 
                    train/position_2_acc=0.492,                                 
                    train/position_3_acc=0.400,                                 
                    train/position_4_acc=0.337,                                 
                    train/position_5_acc=0.312,                                 
                    train/position_6_acc=0.252,                                 
                    train/position_7_acc=0.277,                                 
                    profile/fetch_ms=84.372,                                    
                    profile/fwd_ms=94.331, profile/bwd_ms=89.306,               
                    profile/opt_ms=0.091,                                       
                    profile/step_ms=268.099,                                    
                    profile/tokens_per_s=1.47e+04,                              
                    profile/fetch_frac=0.315, epoch=0,                          
                    lr/Muon=0.006, lr/AdamW=5.95e-04,                           
                    global_step=520                                             
[07:41:07] INFO     train/confidence_loss=0.243,                  trainer.py:584
                    train/confidence_abs_error=0.139,                           
                    train/confidence_pred_mean=0.243,                           
                    train/confidence_cumprod_bias=-0.004,                       
                    train/loss=0.266, train/ce_loss=0.672,                      
                    train/tv_loss=0.112, train/accept_rate=0.402,               
                    train/accept_len=2.640, train/full_acc=0.432,               
                    train/position_1_acc=0.742,                                 
                    train/position_2_acc=0.536,                                 
                    train/position_3_acc=0.436,                                 
                    train/position_4_acc=0.362,                                 
                    train/position_5_acc=0.342,                                 
                    train/position_6_acc=0.327,                                 
                    train/position_7_acc=0.278,                                 
                    profile/fetch_ms=3.241,                                     
                    profile/fwd_ms=88.589,                                      
                    profile/bwd_ms=117.926, profile/opt_ms=0.039,               
                    profile/step_ms=209.794,                                    
                    profile/tokens_per_s=1.89e+04,                              
                    profile/fetch_frac=0.015, epoch=0,                          
                    lr/Muon=0.006, lr/AdamW=5.95e-04,                           
                    global_step=540                                             
[07:41:20] INFO     train/confidence_loss=0.243,                  trainer.py:584
                    train/confidence_abs_error=0.125,                           
                    train/confidence_pred_mean=0.195,                           
                    train/confidence_cumprod_bias=0.013,                        
                    train/loss=0.295, train/ce_loss=0.806,                      
                    train/tv_loss=0.130, train/accept_rate=0.323,               
                    train/accept_len=2.192, train/full_acc=0.365,               
                    train/position_1_acc=0.697,                                 
                    train/position_2_acc=0.422,                                 
                    train/position_3_acc=0.363,                                 
                    train/position_4_acc=0.312,                                 
                    train/position_5_acc=0.252,                                 
                    train/position_6_acc=0.266,                                 
                    train/position_7_acc=0.239,                                 
                    profile/fetch_ms=65.456,                                    
                    profile/fwd_ms=92.650, profile/bwd_ms=97.339,               
                    profile/opt_ms=239.223,                                     
                    profile/step_ms=494.669,                                    
                    profile/tokens_per_s=7.95e+03,                              
                    profile/fetch_frac=0.132, epoch=0,                          
                    lr/Muon=0.006, lr/AdamW=5.94e-04,                           
                    global_step=560                                             
[07:41:39] INFO     train/confidence_loss=0.242,                  trainer.py:584
                    train/confidence_abs_error=0.115,                           
                    train/confidence_pred_mean=0.198,                           
                    train/confidence_cumprod_bias=-0.031,                       
                    train/loss=0.256, train/ce_loss=0.613,                      
                    train/tv_loss=0.109, train/accept_rate=0.419,               
                    train/accept_len=2.746, train/full_acc=0.463,               
                    train/position_1_acc=0.765,                                 
                    train/position_2_acc=0.559,                                 
                    train/position_3_acc=0.460,                                 
                    train/position_4_acc=0.417,                                 
                    train/position_5_acc=0.343,                                 
                    train/position_6_acc=0.356,                                 
                    train/position_7_acc=0.340,                                 
                    profile/fetch_ms=64.718,                                    
                    profile/fwd_ms=856.952,                                     
                    profile/bwd_ms=88.429, profile/opt_ms=0.047,                
                    profile/step_ms=1.01e+03,                                   
                    profile/tokens_per_s=3.88e+03,                              
                    profile/fetch_frac=0.064, epoch=0,                          
                    lr/Muon=0.006, lr/AdamW=5.94e-04,                           
                    global_step=580                                             
[07:41:53] INFO     train/confidence_loss=0.247,                  trainer.py:584
                    train/confidence_abs_error=0.134,                           
                    train/confidence_pred_mean=0.237,                           
                    train/confidence_cumprod_bias=0.034,                        
                    train/loss=0.291, train/ce_loss=0.800,                      
                    train/tv_loss=0.123, train/accept_rate=0.358,               
                    train/accept_len=2.335, train/full_acc=0.389,               
                    train/position_1_acc=0.673,                                 
                    train/position_2_acc=0.485,                                 
                    train/position_3_acc=0.389,                                 
                    train/position_4_acc=0.333,                                 
                    train/position_5_acc=0.304,                                 
                    train/position_6_acc=0.287,                                 
                    train/position_7_acc=0.250,                                 
                    profile/fetch_ms=10.097,                                    
                    profile/fwd_ms=93.598, profile/bwd_ms=91.070,               
                    profile/opt_ms=0.028,                                       
                    profile/step_ms=194.793,                                    
                    profile/tokens_per_s=2.05e+04,                              
                    profile/fetch_frac=0.052, epoch=0,                          
                    lr/Muon=0.006, lr/AdamW=5.93e-04,                           
                    global_step=600                                             
[07:42:10] INFO     train/confidence_loss=0.262,                  trainer.py:584
                    train/confidence_abs_error=0.145,                           
                    train/confidence_pred_mean=0.293,                           
                    train/confidence_cumprod_bias=0.051,                        
                    train/loss=0.263, train/ce_loss=0.616,                      
                    train/tv_loss=0.107, train/accept_rate=0.421,               
                    train/accept_len=2.766, train/full_acc=0.456,               
                    train/position_1_acc=0.788,                                 
                    train/position_2_acc=0.542,                                 
                    train/position_3_acc=0.482,                                 
                    train/position_4_acc=0.352,                                 
                    train/position_5_acc=0.369,                                 
                    train/position_6_acc=0.333,                                 
                    train/position_7_acc=0.322,                                 
                    profile/fetch_ms=71.079,                                    
                    profile/fwd_ms=3.78e+03,                                    
                    profile/bwd_ms=86.922,                                      
                    profile/opt_ms=303.951,                                     
                    profile/step_ms=4.24e+03,                                   
                    profile/tokens_per_s=942.988,                               
                    profile/fetch_frac=0.017, epoch=0,                          
                    lr/Muon=0.006, lr/AdamW=5.93e-04,                           
                    global_step=620                                             
[07:42:23] INFO     train/confidence_loss=0.254,                  trainer.py:584
                    train/confidence_abs_error=0.143,                           
                    train/confidence_pred_mean=0.276,                           
                    train/confidence_cumprod_bias=0.033,                        
                    train/loss=0.272, train/ce_loss=0.681,                      
                    train/tv_loss=0.113, train/accept_rate=0.401,               
                    train/accept_len=2.601, train/full_acc=0.437,               
                    train/position_1_acc=0.736,                                 
                    train/position_2_acc=0.526,                                 
                    train/position_3_acc=0.425,                                 
                    train/position_4_acc=0.377,                                 
                    train/position_5_acc=0.331,                                 
                    train/position_6_acc=0.356,                                 
                    train/position_7_acc=0.303,                                 
                    profile/fetch_ms=73.274,                                    
                    profile/fwd_ms=90.472, profile/bwd_ms=92.985,               
                    profile/opt_ms=0.043,                                       
                    profile/step_ms=256.775,                                    
                    profile/tokens_per_s=1.54e+04,                              
                    profile/fetch_frac=0.285, epoch=0,                          
                    lr/Muon=0.006, lr/AdamW=5.93e-04,                           
                    global_step=640                                             
[07:42:37] INFO     train/confidence_loss=0.236,                  trainer.py:584
                    train/confidence_abs_error=0.114,                           
                    train/confidence_pred_mean=0.182,                           
                    train/confidence_cumprod_bias=-0.025,                       
                    train/loss=0.283, train/ce_loss=0.784,                      
                    train/tv_loss=0.122, train/accept_rate=0.364,               
                    train/accept_len=2.407, train/full_acc=0.391,               
                    train/position_1_acc=0.657,                                 
                    train/position_2_acc=0.451,                                 
                    train/position_3_acc=0.390,                                 
                    train/position_4_acc=0.350,                                 
                    train/position_5_acc=0.310,                                 
                    train/position_6_acc=0.297,                                 
                    train/position_7_acc=0.279,                                 
                    profile/fetch_ms=3.155,                                     
                    profile/fwd_ms=3.23e+03,                                    
                    profile/bwd_ms=92.953, profile/opt_ms=0.057,                
                    profile/step_ms=3.32e+03,                                   
                    profile/tokens_per_s=1.20e+03,                              
                    profile/fetch_frac=9.49e-04, epoch=0,                       
                    lr/Muon=0.006, lr/AdamW=5.92e-04,                           
                    global_step=660                                             
[07:42:51] INFO     train/confidence_loss=0.250,                  trainer.py:584
                    train/confidence_abs_error=0.117,                           
                    train/confidence_pred_mean=0.186,                           
                    train/confidence_cumprod_bias=-0.030,                       
                    train/loss=0.267, train/ce_loss=0.653,                      
                    train/tv_loss=0.114, train/accept_rate=0.398,               
                    train/accept_len=2.563, train/full_acc=0.430,               
                    train/position_1_acc=0.751,                                 
                    train/position_2_acc=0.510,                                 
                    train/position_3_acc=0.405,                                 
                    train/position_4_acc=0.370,                                 
                    train/position_5_acc=0.337,                                 
                    train/position_6_acc=0.342,                                 
                    train/position_7_acc=0.293,                                 
                    profile/fetch_ms=93.433,                                    
                    profile/fwd_ms=91.494,                                      
                    profile/bwd_ms=107.207,                                     
                    profile/opt_ms=253.964,                                     
                    profile/step_ms=546.097,                                    
                    profile/tokens_per_s=7.11e+03,                              
                    profile/fetch_frac=0.171, epoch=0,                          
                    lr/Muon=0.006, lr/AdamW=5.92e-04,                           
                    global_step=680                                             
[07:43:08] INFO     train/confidence_loss=0.248,                  trainer.py:584
                    train/confidence_abs_error=0.135,                           
                    train/confidence_pred_mean=0.241,                           
                    train/confidence_cumprod_bias=0.023,                        
                    train/loss=0.291, train/ce_loss=0.806,                      
                    train/tv_loss=0.123, train/accept_rate=0.365,               
                    train/accept_len=2.421, train/full_acc=0.397,               
                    train/position_1_acc=0.688,                                 
                    train/position_2_acc=0.475,                                 
                    train/position_3_acc=0.365,                                 
                    train/position_4_acc=0.359,                                 
                    train/position_5_acc=0.329,                                 
                    train/position_6_acc=0.290,                                 
                    train/position_7_acc=0.271,                                 
                    profile/fetch_ms=72.117,                                    
                    profile/fwd_ms=4.87e+03,                                    
                    profile/bwd_ms=85.928, profile/opt_ms=0.119,                
                    profile/step_ms=5.03e+03,                                   
                    profile/tokens_per_s=802.460,                               
                    profile/fetch_frac=0.014, epoch=0,                          
                    lr/Muon=0.006, lr/AdamW=5.91e-04,                           
                    global_step=700                                             
[07:43:20] INFO     train/confidence_loss=0.235,                  trainer.py:584
                    train/confidence_abs_error=0.125,                           
                    train/confidence_pred_mean=0.233,                           
                    train/confidence_cumprod_bias=-0.034,                       
                    train/loss=0.248, train/ce_loss=0.619,                      
                    train/tv_loss=0.103, train/accept_rate=0.444,               
                    train/accept_len=2.940, train/full_acc=0.476,               
                    train/position_1_acc=0.800,                                 
                    train/position_2_acc=0.590,                                 
                    train/position_3_acc=0.463,                                 
                    train/position_4_acc=0.402,                                 
                    train/position_5_acc=0.372,                                 
                    train/position_6_acc=0.363,                                 
                    train/position_7_acc=0.338,                                 
                    profile/fetch_ms=3.222,                                     
                    profile/fwd_ms=89.215,                                      
                    profile/bwd_ms=116.972, profile/opt_ms=0.035,               
                    profile/step_ms=209.444,                                    
                    profile/tokens_per_s=1.91e+04,                              
                    profile/fetch_frac=0.015, epoch=0,                          
                    lr/Muon=0.006, lr/AdamW=5.91e-04,                           
                    global_step=720                                             
[07:43:38] INFO     train/confidence_loss=0.250,                  trainer.py:584
                    train/confidence_abs_error=0.128,                           
                    train/confidence_pred_mean=0.215,                           
                    train/confidence_cumprod_bias=-0.032,                       
                    train/loss=0.250, train/ce_loss=0.588,                      
                    train/tv_loss=0.102, train/accept_rate=0.446,               
                    train/accept_len=2.801, train/full_acc=0.493,               
                    train/position_1_acc=0.790,                                 
                    train/position_2_acc=0.589,                                 
                    train/position_3_acc=0.497,                                 
                    train/position_4_acc=0.437,                                 
                    train/position_5_acc=0.426,                                 
                    train/position_6_acc=0.379,                                 
                    train/position_7_acc=0.330,                                 
                    profile/fetch_ms=69.690,                                    
                    profile/fwd_ms=4.12e+03,                                    
                    profile/bwd_ms=93.029,                                      
                    profile/opt_ms=248.406,                                     
                    profile/step_ms=4.53e+03,                                   
                    profile/tokens_per_s=745.454,                               
                    profile/fetch_frac=0.015, epoch=0,                          
                    lr/Muon=0.006, lr/AdamW=5.91e-04,                           
                    global_step=740                                             
[07:43:51] INFO     train/confidence_loss=0.250,                  trainer.py:584
                    train/confidence_abs_error=0.138,                           
                    train/confidence_pred_mean=0.245,                           
                    train/confidence_cumprod_bias=0.004,                        
                    train/loss=0.270, train/ce_loss=0.678,                      
                    train/tv_loss=0.113, train/accept_rate=0.397,               
                    train/accept_len=2.570, train/full_acc=0.429,               
                    train/position_1_acc=0.756,                                 
                    train/position_2_acc=0.519,                                 
                    train/position_3_acc=0.415,                                 
                    train/position_4_acc=0.385,                                 
                    train/position_5_acc=0.343,                                 
                    train/position_6_acc=0.305,                                 
                    train/position_7_acc=0.279,                                 
                    profile/fetch_ms=75.267,                                    
                    profile/fwd_ms=89.677, profile/bwd_ms=92.547,               
                    profile/opt_ms=0.034,                                       
                    profile/step_ms=257.525,                                    
                    profile/tokens_per_s=1.52e+04,                              
                    profile/fetch_frac=0.292, epoch=0,                          
                    lr/Muon=0.006, lr/AdamW=5.90e-04,                           
                    global_step=760                                             
[07:44:06] INFO     train/confidence_loss=0.240,                  trainer.py:584
                    train/confidence_abs_error=0.130,                           
                    train/confidence_pred_mean=0.244,                           
                    train/confidence_cumprod_bias=0.023,                        
                    train/loss=0.287, train/ce_loss=0.797,                      
                    train/tv_loss=0.124, train/accept_rate=0.351,               
                    train/accept_len=2.444, train/full_acc=0.384,               
                    train/position_1_acc=0.704,                                 
                    train/position_2_acc=0.468,                                 
                    train/position_3_acc=0.373,                                 
                    train/position_4_acc=0.328,                                 
                    train/position_5_acc=0.283,                                 
                    train/position_6_acc=0.267,                                 
                    train/position_7_acc=0.266,                                 
                    profile/fetch_ms=3.400,                                     
                    profile/fwd_ms=3.24e+03,                                    
                    profile/bwd_ms=94.833, profile/opt_ms=0.069,                
                    profile/step_ms=3.34e+03,                                   
                    profile/tokens_per_s=1.17e+03,                              
                    profile/fetch_frac=0.001, epoch=0,                          
                    lr/Muon=0.006, lr/AdamW=5.90e-04,                           
                    global_step=780                                             
[07:44:19] INFO     train/confidence_loss=0.248,                  trainer.py:584
                    train/confidence_abs_error=0.131,                           
                    train/confidence_pred_mean=0.287,                           
                    train/confidence_cumprod_bias=0.051,                        
                    train/loss=0.259, train/ce_loss=0.634,                      
                    train/tv_loss=0.108, train/accept_rate=0.424,               
                    train/accept_len=2.774, train/full_acc=0.456,               
                    train/position_1_acc=0.757,                                 
                    train/position_2_acc=0.564,                                 
                    train/position_3_acc=0.454,                                 
                    train/position_4_acc=0.405,                                 
                    train/position_5_acc=0.356,                                 
                    train/position_6_acc=0.343,                                 
                    train/position_7_acc=0.308,                                 
                    profile/fetch_ms=74.314,                                    
                    profile/fwd_ms=110.932,                                     
                    profile/bwd_ms=92.823,                                      
                    profile/opt_ms=245.503,                                     
                    profile/step_ms=523.572,                                    
                    profile/tokens_per_s=7.67e+03,                              
                    profile/fetch_frac=0.142, epoch=0,                          
                    lr/Muon=0.006, lr/AdamW=5.89e-04,                           
                    global_step=800                                             
[07:44:38] INFO     train/confidence_loss=0.256,                  trainer.py:584
                    train/confidence_abs_error=0.121,                           
                    train/confidence_pred_mean=0.195,                           
                    train/confidence_cumprod_bias=-0.022,                       
                    train/loss=0.273, train/ce_loss=0.694,                      
                    train/tv_loss=0.113, train/accept_rate=0.400,               
                    train/accept_len=2.569, train/full_acc=0.436,               
                    train/position_1_acc=0.753,                                 
                    train/position_2_acc=0.525,                                 
                    train/position_3_acc=0.441,                                 
                    train/position_4_acc=0.378,                                 
                    train/position_5_acc=0.333,                                 
                    train/position_6_acc=0.328,                                 
                    train/position_7_acc=0.289,                                 
                    profile/fetch_ms=68.837,                                    
                    profile/fwd_ms=4.74e+03,                                    
                    profile/bwd_ms=101.491, profile/opt_ms=0.065,               
                    profile/step_ms=4.91e+03,                                   
                    profile/tokens_per_s=748.569,                               
                    profile/fetch_frac=0.014, epoch=0,                          
                    lr/Muon=0.006, lr/AdamW=5.89e-04,                           
                    global_step=820                                             
[07:44:50] INFO     train/confidence_loss=0.250,                  trainer.py:584
                    train/confidence_abs_error=0.140,                           
                    train/confidence_pred_mean=0.272,                           
                    train/confidence_cumprod_bias=0.026,                        
                    train/loss=0.264, train/ce_loss=0.644,                      
                    train/tv_loss=0.111, train/accept_rate=0.402,               
                    train/accept_len=2.696, train/full_acc=0.433,               
                    train/position_1_acc=0.790,                                 
                    train/position_2_acc=0.510,                                 
                    train/position_3_acc=0.406,                                 
                    train/position_4_acc=0.362,                                 
                    train/position_5_acc=0.326,                                 
                    train/position_6_acc=0.321,                                 
                    train/position_7_acc=0.314,                                 
                    profile/fetch_ms=3.353,                                     
                    profile/fwd_ms=88.318, profile/bwd_ms=93.535,               
                    profile/opt_ms=0.032,                                       
                    profile/step_ms=185.237,                                    
                    profile/tokens_per_s=1.82e+04,                              
                    profile/fetch_frac=0.018, epoch=0,                          
                    lr/Muon=0.006, lr/AdamW=5.88e-04,                           
                    global_step=840                                             
[07:45:06] INFO     train/confidence_loss=0.236,                  trainer.py:584
                    train/confidence_abs_error=0.125,                           
                    train/confidence_pred_mean=0.273,                           
                    train/confidence_cumprod_bias=0.023,                        
                    train/loss=0.244, train/ce_loss=0.588,                      
                    train/tv_loss=0.102, train/accept_rate=0.448,               
                    train/accept_len=2.950, train/full_acc=0.475,               
                    train/position_1_acc=0.796,                                 
                    train/position_2_acc=0.607,                                 
                    train/position_3_acc=0.486,                                 
                    train/position_4_acc=0.410,                                 
                    train/position_5_acc=0.352,                                 
                    train/position_6_acc=0.340,                                 
                    train/position_7_acc=0.328,                                 
                    profile/fetch_ms=75.249,                                    
                    profile/fwd_ms=3.71e+03,                                    
                    profile/bwd_ms=119.330,                                     
                    profile/opt_ms=306.944,                                     
                    profile/step_ms=4.21e+03,                                   
                    profile/tokens_per_s=947.062,                               
                    profile/fetch_frac=0.018, epoch=0,                          
                    lr/Muon=0.006, lr/AdamW=5.88e-04,                           
                    global_step=860                                             
[07:45:18] INFO     train/confidence_loss=0.242,                  trainer.py:584
                    train/confidence_abs_error=0.118,                           
                    train/confidence_pred_mean=0.208,                           
                    train/confidence_cumprod_bias=-0.028,                       
                    train/loss=0.259, train/ce_loss=0.653,                      
                    train/tv_loss=0.109, train/accept_rate=0.416,               
                    train/accept_len=2.745, train/full_acc=0.442,               
                    train/position_1_acc=0.771,                                 
                    train/position_2_acc=0.530,                                 
                    train/position_3_acc=0.430,                                 
                    train/position_4_acc=0.390,                                 
                    train/position_5_acc=0.332,                                 
                    train/position_6_acc=0.346,                                 
                    train/position_7_acc=0.292,                                 
                    profile/fetch_ms=71.476,                                    
                    profile/fwd_ms=89.874,                                      
                    profile/bwd_ms=110.503, profile/opt_ms=0.030,               
                    profile/step_ms=271.882,                                    
                    profile/tokens_per_s=1.42e+04,                              
                    profile/fetch_frac=0.263, epoch=0,                          
                    lr/Muon=0.006, lr/AdamW=5.88e-04,                           
                    global_step=880                                             
[07:45:36] INFO     train/confidence_loss=0.241,                  trainer.py:584
                    train/confidence_abs_error=0.126,                           
                    train/confidence_pred_mean=0.243,                           
                    train/confidence_cumprod_bias=0.017,                        
                    train/loss=0.270, train/ce_loss=0.722,                      
                    train/tv_loss=0.113, train/accept_rate=0.402,               
                    train/accept_len=2.598, train/full_acc=0.437,               
                    train/position_1_acc=0.728,                                 
                    train/position_2_acc=0.521,                                 
                    train/position_3_acc=0.448,                                 
                    train/position_4_acc=0.372,                                 
                    train/position_5_acc=0.337,                                 
                    train/position_6_acc=0.332,                                 
                    train/position_7_acc=0.314,                                 
                    profile/fetch_ms=83.231,                                    
                    profile/fwd_ms=240.110,                                     
                    profile/bwd_ms=97.175, profile/opt_ms=0.153,                
                    profile/step_ms=420.669,                                    
                    profile/tokens_per_s=8.89e+03,                              
                    profile/fetch_frac=0.198, epoch=0,                          
                    lr/Muon=0.006, lr/AdamW=5.87e-04,                           
                    global_step=900                                             
[07:45:50] INFO     train/confidence_loss=0.262,                  trainer.py:584
                    train/confidence_abs_error=0.139,                           
                    train/confidence_pred_mean=0.270,                           
                    train/confidence_cumprod_bias=0.021,                        
                    train/loss=0.269, train/ce_loss=0.644,                      
                    train/tv_loss=0.109, train/accept_rate=0.412,               
                    train/accept_len=2.655, train/full_acc=0.439,               
                    train/position_1_acc=0.781,                                 
                    train/position_2_acc=0.526,                                 
                    train/position_3_acc=0.408,                                 
                    train/position_4_acc=0.382,                                 
                    train/position_5_acc=0.350,                                 
                    train/position_6_acc=0.331,                                 
                    train/position_7_acc=0.291,                                 
                    profile/fetch_ms=71.124,                                    
                    profile/fwd_ms=89.790, profile/bwd_ms=92.335,               
                    profile/opt_ms=239.213,                                     
                    profile/step_ms=492.461,                                    
                    profile/tokens_per_s=7.48e+03,                              
                    profile/fetch_frac=0.144, epoch=0,                          
                    lr/Muon=0.006, lr/AdamW=5.87e-04,                           
                    global_step=920                                             
[07:46:06] INFO     train/confidence_loss=0.254,                  trainer.py:584
                    train/confidence_abs_error=0.124,                           
                    train/confidence_pred_mean=0.230,                           
                    train/confidence_cumprod_bias=-0.009,                       
                    train/loss=0.259, train/ce_loss=0.619,                      
                    train/tv_loss=0.106, train/accept_rate=0.430,               
                    train/accept_len=2.792, train/full_acc=0.463,               
                    train/position_1_acc=0.786,                                 
                    train/position_2_acc=0.543,                                 
                    train/position_3_acc=0.463,                                 
                    train/position_4_acc=0.411,                                 
                    train/position_5_acc=0.401,                                 
                    train/position_6_acc=0.320,                                 
                    train/position_7_acc=0.311,                                 
                    profile/fetch_ms=68.796,                                    
                    profile/fwd_ms=90.981, profile/bwd_ms=90.610,               
                    profile/opt_ms=0.071,                                       
                    profile/step_ms=250.459,                                    
                    profile/tokens_per_s=1.52e+04,                              
                    profile/fetch_frac=0.275, epoch=0,                          
                    lr/Muon=0.006, lr/AdamW=5.86e-04,                           
                    global_step=940                                             
[07:46:19] INFO     train/confidence_loss=0.248,                  trainer.py:584
                    train/confidence_abs_error=0.134,                           
                    train/confidence_pred_mean=0.274,                           
                    train/confidence_cumprod_bias=0.030,                        
                    train/loss=0.266, train/ce_loss=0.662,                      
                    train/tv_loss=0.111, train/accept_rate=0.411,               
                    train/accept_len=2.703, train/full_acc=0.443,               
                    train/position_1_acc=0.763,                                 
                    train/position_2_acc=0.530,                                 
                    train/position_3_acc=0.434,                                 
                    train/position_4_acc=0.394,                                 
                    train/position_5_acc=0.336,                                 
                    train/position_6_acc=0.342,                                 
                    train/position_7_acc=0.301,                                 
                    profile/fetch_ms=24.638,                                    
                    profile/fwd_ms=94.175, profile/bwd_ms=94.654,               
                    profile/opt_ms=0.032,                                       
                    profile/step_ms=213.499,                                    
                    profile/tokens_per_s=1.86e+04,                              
                    profile/fetch_frac=0.115, epoch=0,                          
                    lr/Muon=0.006, lr/AdamW=5.86e-04,                           
                    global_step=960                                             
[07:46:36] INFO     train/confidence_loss=0.244,                  trainer.py:584
                    train/confidence_abs_error=0.140,                           
                    train/confidence_pred_mean=0.294,                           
                    train/confidence_cumprod_bias=0.011,                        
                    train/loss=0.237, train/ce_loss=0.541,                      
                    train/tv_loss=0.095, train/accept_rate=0.478,               
                    train/accept_len=3.143, train/full_acc=0.518,               
                    train/position_1_acc=0.836,                                 
                    train/position_2_acc=0.635,                                 
                    train/position_3_acc=0.541,                                 
                    train/position_4_acc=0.436,                                 
                    train/position_5_acc=0.419,                                 
                    train/position_6_acc=0.390,                                 
                    train/position_7_acc=0.370,                                 
                    profile/fetch_ms=91.503,                                    
                    profile/fwd_ms=89.303, profile/bwd_ms=94.777,               
                    profile/opt_ms=236.294,                                     
                    profile/step_ms=511.877,                                    
                    profile/tokens_per_s=7.88e+03,                              
                    profile/fetch_frac=0.179, epoch=0,                          
                    lr/Muon=0.006, lr/AdamW=5.85e-04,                           
                    global_step=980                                             
[07:46:48] INFO     train/confidence_loss=0.248,                  trainer.py:584
                    train/confidence_abs_error=0.131,                           
                    train/confidence_pred_mean=0.262,                           
                    train/confidence_cumprod_bias=-0.017,                       
                    train/loss=0.231, train/ce_loss=0.512,                      
                    train/tv_loss=0.090, train/accept_rate=0.504,               
                    train/accept_len=3.199, train/full_acc=0.536,               
                    train/position_1_acc=0.861,                                 
                    train/position_2_acc=0.649,                                 
                    train/position_3_acc=0.526,                                 
                    train/position_4_acc=0.489,                                 
                    train/position_5_acc=0.450,                                 
                    train/position_6_acc=0.395,                                 
                    train/position_7_acc=0.380,                                 
                    profile/fetch_ms=73.079,                                    
                    profile/fwd_ms=88.092, profile/bwd_ms=93.423,               
                    profile/opt_ms=0.027,                                       
                    profile/step_ms=254.621,                                    
                    profile/tokens_per_s=1.59e+04,                              
                    profile/fetch_frac=0.287, epoch=0,                          
                    lr/Muon=0.006, lr/AdamW=5.85e-04,                           
                    global_step=1000                                            
[07:47:03] INFO     train/confidence_loss=0.237,                  trainer.py:584
                    train/confidence_abs_error=0.126,                           
                    train/confidence_pred_mean=0.236,                           
                    train/confidence_cumprod_bias=-0.003,                       
                    train/loss=0.259, train/ce_loss=0.656,                      
                    train/tv_loss=0.110, train/accept_rate=0.418,               
                    train/accept_len=2.709, train/full_acc=0.448,               
                    train/position_1_acc=0.761,                                 
                    train/position_2_acc=0.508,                                 
                    train/position_3_acc=0.446,                                 
                    train/position_4_acc=0.402,                                 
                    train/position_5_acc=0.384,                                 
                    train/position_6_acc=0.334,                                 
                    train/position_7_acc=0.303,                                 
                    profile/fetch_ms=3.329,                                     
                    profile/fwd_ms=88.672, profile/bwd_ms=91.733,               
                    profile/opt_ms=0.031,                                       
                    profile/step_ms=183.765,                                    
                    profile/tokens_per_s=1.80e+04,                              
                    profile/fetch_frac=0.018, epoch=0,                          
                    lr/Muon=0.006, lr/AdamW=5.85e-04,                           
                    global_step=1020                                            
[07:47:16] INFO     train/confidence_loss=0.229,                  trainer.py:584
                    train/confidence_abs_error=0.130,                           
                    train/confidence_pred_mean=0.334,                           
                    train/confidence_cumprod_bias=0.037,                        
                    train/loss=0.211, train/ce_loss=0.438,                      
                    train/tv_loss=0.083, train/accept_rate=0.533,               
                    train/accept_len=3.434, train/full_acc=0.564,               
                    train/position_1_acc=0.870,                                 
                    train/position_2_acc=0.696,                                 
                    train/position_3_acc=0.585,                                 
                    train/position_4_acc=0.532,                                 
                    train/position_5_acc=0.449,                                 
                    train/position_6_acc=0.424,                                 
                    train/position_7_acc=0.391,                                 
                    profile/fetch_ms=73.996,                                    
                    profile/fwd_ms=88.574, profile/bwd_ms=94.780,               
                    profile/opt_ms=225.708,                                     
                    profile/step_ms=483.059,                                    
                    profile/tokens_per_s=7.66e+03,                              
                    profile/fetch_frac=0.153, epoch=0,                          
                    lr/Muon=0.006, lr/AdamW=5.84e-04,                           
                    global_step=1040                                            
[07:47:35] INFO     train/confidence_loss=0.256,                  trainer.py:584
                    train/confidence_abs_error=0.133,                           
                    train/confidence_pred_mean=0.251,                           
                    train/confidence_cumprod_bias=-0.022,                       
                    train/loss=0.236, train/ce_loss=0.503,                      
                    train/tv_loss=0.092, train/accept_rate=0.499,               
                    train/accept_len=3.072, train/full_acc=0.534,               
                    train/position_1_acc=0.826,                                 
                    train/position_2_acc=0.632,                                 
                    train/position_3_acc=0.531,                                 
                    train/position_4_acc=0.458,                                 
                    train/position_5_acc=0.441,                                 
                    train/position_6_acc=0.428,                                 
                    train/position_7_acc=0.416,                                 
                    profile/fetch_ms=68.557,                                    
                    profile/fwd_ms=2.85e+03,                                    
                    profile/bwd_ms=93.547, profile/opt_ms=0.039,                
                    profile/step_ms=3.01e+03,                                   
                    profile/tokens_per_s=1.27e+03,                              
                    profile/fetch_frac=0.023, epoch=0,                          
                    lr/Muon=0.006, lr/AdamW=5.84e-04,                           
                    global_step=1060                                            
[07:47:50] INFO     train/confidence_loss=0.238,                  trainer.py:584
                    train/confidence_abs_error=0.133,                           
                    train/confidence_pred_mean=0.295,                           
                    train/confidence_cumprod_bias=0.031,                        
                    train/loss=0.244, train/ce_loss=0.594,                      
                    train/tv_loss=0.098, train/accept_rate=0.470,               
                    train/accept_len=2.970, train/full_acc=0.500,               
                    train/position_1_acc=0.791,                                 
                    train/position_2_acc=0.605,                                 
                    train/position_3_acc=0.511,                                 
                    train/position_4_acc=0.432,                                 
                    train/position_5_acc=0.406,                                 
                    train/position_6_acc=0.374,                                 
                    train/position_7_acc=0.377,                                 
                    profile/fetch_ms=3.286,                                     
                    profile/fwd_ms=90.124, profile/bwd_ms=90.856,               
                    profile/opt_ms=0.078,                                       
                    profile/step_ms=184.343,                                    
                    profile/tokens_per_s=2.13e+04,                              
                    profile/fetch_frac=0.018, epoch=0,                          
                    lr/Muon=0.006, lr/AdamW=5.83e-04,                           
                    global_step=1080                                            
[07:48:07] INFO     train/confidence_loss=0.248,                  trainer.py:584
                    train/confidence_abs_error=0.132,                           
                    train/confidence_pred_mean=0.262,                           
                    train/confidence_cumprod_bias=0.017,                        
                    train/loss=0.258, train/ce_loss=0.622,                      
                    train/tv_loss=0.107, train/accept_rate=0.431,               
                    train/accept_len=2.706, train/full_acc=0.463,               
                    train/position_1_acc=0.771,                                 
                    train/position_2_acc=0.536,                                 
                    train/position_3_acc=0.466,                                 
                    train/position_4_acc=0.415,                                 
                    train/position_5_acc=0.355,                                 
                    train/position_6_acc=0.357,                                 
                    train/position_7_acc=0.335,                                 
                    profile/fetch_ms=62.143,                                    
                    profile/fwd_ms=4.16e+03,                                    
                    profile/bwd_ms=124.274,                                     
                    profile/opt_ms=286.948,                                     
                    profile/step_ms=4.63e+03,                                   
                    profile/tokens_per_s=875.936,                               
                    profile/fetch_frac=0.013, epoch=0,                          
                    lr/Muon=0.006, lr/AdamW=5.83e-04,                           
                    global_step=1100                                            
[07:48:18] INFO     train/confidence_loss=0.248,                  trainer.py:584
                    train/confidence_abs_error=0.121,                           
                    train/confidence_pred_mean=0.206,                           
                    train/confidence_cumprod_bias=-0.042,                       
                    train/loss=0.259, train/ce_loss=0.641,                      
                    train/tv_loss=0.106, train/accept_rate=0.437,               
                    train/accept_len=2.814, train/full_acc=0.466,               
                    train/position_1_acc=0.764,                                 
                    train/position_2_acc=0.558,                                 
                    train/position_3_acc=0.464,                                 
                    train/position_4_acc=0.407,                                 
                    train/position_5_acc=0.387,                                 
                    train/position_6_acc=0.357,                                 
                    train/position_7_acc=0.323,                                 
                    profile/fetch_ms=73.434,                                    
                    profile/fwd_ms=109.540,                                     
                    profile/bwd_ms=94.606, profile/opt_ms=0.036,                
                    profile/step_ms=277.616,                                    
                    profile/tokens_per_s=1.41e+04,                              
                    profile/fetch_frac=0.265, epoch=0,                          
                    lr/Muon=0.006, lr/AdamW=5.83e-04,                           
                    global_step=1120                                            
[07:48:34] INFO     train/confidence_loss=0.250,                  trainer.py:584
                    train/confidence_abs_error=0.136,                           
                    train/confidence_pred_mean=0.284,                           
                    train/confidence_cumprod_bias=0.026,                        
                    train/loss=0.258, train/ce_loss=0.625,                      
                    train/tv_loss=0.105, train/accept_rate=0.435,               
                    train/accept_len=2.818, train/full_acc=0.471,               
                    train/position_1_acc=0.760,                                 
                    train/position_2_acc=0.574,                                 
                    train/position_3_acc=0.471,                                 
                    train/position_4_acc=0.416,                                 
                    train/position_5_acc=0.373,                                 
                    train/position_6_acc=0.351,                                 
                    train/position_7_acc=0.350,                                 
                    profile/fetch_ms=27.076,                                    
                    profile/fwd_ms=2.41e+03,                                    
                    profile/bwd_ms=93.176, profile/opt_ms=0.036,                
                    profile/step_ms=2.53e+03,                                   
                    profile/tokens_per_s=1.61e+03,                              
                    profile/fetch_frac=0.011, epoch=0,                          
                    lr/Muon=0.006, lr/AdamW=5.82e-04,                           
                    global_step=1140                                            
[07:48:48] INFO     train/confidence_loss=0.250,                  trainer.py:584
                    train/confidence_abs_error=0.134,                           
                    train/confidence_pred_mean=0.285,                           
                    train/confidence_cumprod_bias=0.008,                        
                    train/loss=0.244, train/ce_loss=0.541,                      
                    train/tv_loss=0.099, train/accept_rate=0.465,               
                    train/accept_len=2.936, train/full_acc=0.494,               
                    train/position_1_acc=0.802,                                 
                    train/position_2_acc=0.612,                                 
                    train/position_3_acc=0.477,                                 
                    train/position_4_acc=0.445,                                 
                    train/position_5_acc=0.400,                                 
                    train/position_6_acc=0.370,                                 
                    train/position_7_acc=0.350,                                 
                    profile/fetch_ms=75.706,                                    
                    profile/fwd_ms=89.500, profile/bwd_ms=97.033,               
                    profile/opt_ms=230.507,                                     
                    profile/step_ms=492.745,                                    
                    profile/tokens_per_s=7.81e+03,                              
                    profile/fetch_frac=0.154, epoch=0,                          
                    lr/Muon=0.006, lr/AdamW=5.82e-04,                           
                    global_step=1160                                            
[07:49:05] INFO     train/confidence_loss=0.237,                  trainer.py:584
                    train/confidence_abs_error=0.125,                           
                    train/confidence_pred_mean=0.249,                           
                    train/confidence_cumprod_bias=-0.023,                       
                    train/loss=0.237, train/ce_loss=0.559,                      
                    train/tv_loss=0.097, train/accept_rate=0.478,               
                    train/accept_len=3.040, train/full_acc=0.510,               
                    train/position_1_acc=0.798,                                 
                    train/position_2_acc=0.601,                                 
                    train/position_3_acc=0.500,                                 
                    train/position_4_acc=0.451,                                 
                    train/position_5_acc=0.432,                                 
                    train/position_6_acc=0.406,                                 
                    train/position_7_acc=0.382,                                 
                    profile/fetch_ms=90.980,                                    
                    profile/fwd_ms=4.39e+03,                                    
                    profile/bwd_ms=122.867, profile/opt_ms=6.980,               
                    profile/step_ms=4.61e+03,                                   
                    profile/tokens_per_s=846.581,                               
                    profile/fetch_frac=0.020, epoch=0,                          
                    lr/Muon=0.006, lr/AdamW=5.81e-04,                           
                    global_step=1180                                            
[07:49:20] INFO     DL_MAX_STEPS=1200 reached (local_step=1201);  trainer.py:484
                    stopping epoch early.                                       
Epoch 0   4% ╸                      1,200/28,909  [ 0:15:21 < 6:05:45 , 1 it/s ]
           INFO     Training epoch 1/1 completed                  trainer.py:736
           INFO     DL_MAX_STEPS reached — exiting after this     trainer.py:739
                    epoch (skipping checkpoint/validation).                     
[07:49:22] INFO     Destroyed distributed process group       distributed.py:182
[07:49:22] INFO     Destroyed distributed process group       distributed.py:182
[07:49:22] INFO     Destroyed distributed process group       distributed.py:182
[07:49:22] INFO     Destroyed distributed process group       distributed.py:182
