global_step,epoch,train/loss,train/accept_len,train/accept_rate
0,0,1.562,1.0,0.000255
1,0,1.461,1.0,0.000343
2,0,1.5,1.0,0.000352
3,0,1.422,1.0,2.7e-05
4,0,1.531,1.0,0.000469
5,0,1.664,1.0,0.000235
6,0,1.516,1.0,0.000352
7,0,1.469,1.0,8.94e-05
8,0,1.5,1.0,0.000202
9,0,1.484,1.0,8.34e-05
10,0,1.578,1.0,0.000485
11,0,1.562,1.0,0.000221
12,0,1.469,1.0,0.000145
13,0,1.516,1.0,0.000206
14,0,1.586,1.0,0.000347
15,0,1.461,1.0,0.000209
16,0,1.523,1.001,0.000821
17,0,1.5,1.0,0.00045
18,0,1.555,1.0,0.000315
19,0,1.547,1.0,0.000368
20,0,1.438,1.0,0.000323
21,0,1.562,1.0,0.000156
22,0,1.469,1.0,0.000487
23,0,1.266,1.0,0.000358
24,0,1.367,1.0,0.000438
25,0,1.312,1.0,0.00022
26,0,1.328,1.001,0.000698
27,0,1.266,1.0,0.000356
28,0,1.281,1.0,0.000147
29,0,1.234,1.0,0.000103
30,0,1.266,1.0,0.000121
31,0,1.258,1.0,0.000382
32,0,1.297,1.0,0.000273
33,0,1.344,1.001,0.000446
34,0,1.297,1.0,0.000251
35,0,1.094,1.0,0.000445
36,0,1.086,1.0,0.000565
37,0,1.102,1.001,0.000506
38,0,1.109,1.0,0.000427
39,0,1.086,1.0,0.000221
40,0,1.086,1.0,0.00028
41,0,1.094,1.0,0.000392
42,0,1.086,1.0,0.000427
43,0,1.109,1.001,0.00056
44,0,1.102,1.0,0.000518
45,0,1.062,1.0,0.000245
46,0,1.102,1.001,0.000751
47,0,0.965,1.001,0.00093
48,0,0.977,1.001,0.001
49,0,0.977,1.001,0.001
50,0,1.023,1.0,0.000431
51,0,0.938,1.001,0.002
52,0,1.016,1.007,0.006
53,0,0.949,1.001,0.001
54,0,0.977,1.002,0.001
55,0,0.98,1.001,0.000978
56,0,0.969,1.002,0.002
57,0,1.023,1.001,0.000913
58,0,0.996,1.001,0.001
59,0,1.016,1.012,0.013
60,0,1.086,1.047,0.049
61,0,1.031,1.026,0.032
62,0,1.062,1.044,0.043
63,0,1.0,1.009,0.013
64,0,1.031,1.029,0.027
65,0,1.023,1.017,0.014
66,0,1.016,1.037,0.028
67,0,0.977,1.011,0.012
68,0,0.988,1.024,0.026
69,0,1.109,1.069,0.073
70,0,0.992,1.025,0.021
71,0,1.008,1.024,0.023
72,0,1.0,1.024,0.02
73,0,1.016,1.038,0.031
74,0,0.926,1.023,0.02
75,0,0.984,1.029,0.029
76,0,0.992,1.01,0.01
77,0,0.941,1.021,0.02
78,0,0.996,1.025,0.022
79,0,0.988,1.017,0.015
80,0,0.949,1.025,0.022
81,0,1.031,1.049,0.031
82,0,1.016,1.021,0.022
83,0,0.957,1.029,0.025
84,0,0.965,1.046,0.049
85,0,0.98,1.038,0.033
86,0,0.961,1.025,0.025
87,0,0.961,1.022,0.024
88,0,0.965,1.027,0.027
89,0,0.957,1.015,0.016
90,0,0.949,1.039,0.028
91,0,0.965,1.027,0.021
92,0,1.047,1.056,0.049
93,0,0.961,1.034,0.032
94,0,0.922,1.035,0.034
95,0,0.977,1.034,0.036
96,0,0.977,1.042,0.031
97,0,1.0,1.033,0.03
98,0,0.945,1.025,0.027
99,0,0.965,1.026,0.025
100,0,0.945,1.107,0.069
101,0,1.008,1.031,0.03
102,0,0.977,1.016,0.018
103,0,0.977,1.039,0.036
104,0,0.941,1.033,0.027
105,0,0.953,1.02,0.017
106,0,1.031,1.033,0.038
107,0,0.977,1.048,0.033
108,0,0.988,1.105,0.075
109,0,0.984,1.117,0.088
110,0,0.914,1.028,0.029
111,0,0.969,1.028,0.024
112,0,0.941,1.05,0.045
113,0,0.934,1.04,0.036
114,0,0.93,1.098,0.072
115,0,0.945,1.036,0.029
116,0,1.0,1.041,0.055
117,0,0.984,1.089,0.064
118,0,1.0,1.067,0.066
119,0,1.062,1.1,0.068
120,0,1.008,1.161,0.119
121,0,1.016,1.116,0.09
122,0,0.984,1.127,0.132
123,0,1.047,1.076,0.07
124,0,1.07,1.113,0.074
125,0,1.031,1.084,0.081
126,0,0.996,1.113,0.095
127,0,1.039,1.121,0.091
128,0,1.039,1.102,0.075
129,0,1.0,1.149,0.107
130,0,1.008,1.147,0.104
131,0,1.039,1.07,0.063
132,0,1.055,1.126,0.08
133,0,1.008,1.087,0.079
134,0,1.016,1.101,0.072
135,0,0.992,1.095,0.082
136,0,1.031,1.168,0.123
137,0,1.0,1.054,0.047
138,0,1.055,1.156,0.13
139,0,1.031,1.1,0.093
140,0,1.039,1.117,0.101
141,0,0.992,1.097,0.098
142,0,1.023,1.071,0.06
143,0,1.016,1.088,0.071
144,0,1.031,1.094,0.072
145,0,0.984,1.092,0.084
146,0,1.062,1.1,0.076
147,0,1.062,1.094,0.074
148,0,1.062,1.069,0.059
149,0,0.953,1.143,0.132
150,0,1.078,1.045,0.038
151,0,1.047,1.083,0.072
152,0,1.047,1.074,0.067
153,0,1.0,1.168,0.123
154,0,1.031,1.152,0.093
155,0,1.031,1.119,0.087
156,0,1.016,1.2,0.164
157,0,0.984,1.131,0.104
158,0,1.039,1.115,0.099
159,0,0.988,1.068,0.05
160,0,0.98,1.1,0.082
161,0,1.023,1.067,0.057
162,0,1.0,1.123,0.113
163,0,1.047,1.16,0.114
164,0,0.992,1.088,0.061
165,0,1.016,1.071,0.051
166,0,1.039,1.146,0.113
167,0,1.008,1.115,0.08
168,0,1.047,1.093,0.079
169,0,1.023,1.197,0.105
170,0,1.039,1.13,0.086
171,0,1.016,1.173,0.147
172,0,1.016,1.154,0.105
173,0,0.938,1.102,0.07
174,0,1.023,1.102,0.092
175,0,1.016,1.201,0.144
176,0,1.023,1.217,0.16
177,0,0.98,1.227,0.12
178,0,1.047,1.192,0.147
179,0,1.094,1.155,0.119
180,0,0.969,1.186,0.138
181,0,1.0,1.166,0.103
182,0,1.07,1.326,0.196
183,0,1.07,1.282,0.195
184,0,1.016,1.05,0.05
185,0,1.062,1.202,0.164
186,0,1.062,1.163,0.129
187,0,1.0,1.144,0.104
188,0,1.047,1.142,0.104
189,0,1.062,1.186,0.154
190,0,1.008,1.173,0.133
191,0,1.109,1.15,0.111
192,0,1.023,1.163,0.125
193,0,1.008,1.274,0.17
194,0,1.023,1.124,0.095
195,0,0.977,1.148,0.116
196,0,1.0,1.111,0.089
197,0,1.008,1.187,0.129
198,0,0.953,1.173,0.127
199,0,1.0,1.171,0.139
200,0,1.0,1.2,0.134
201,0,0.992,1.296,0.163
202,0,1.023,1.154,0.118
203,0,1.031,1.124,0.091
204,0,1.023,1.193,0.147
205,0,1.047,1.217,0.126
206,0,1.047,1.081,0.052
207,0,1.016,1.107,0.103
208,0,1.07,1.174,0.125
209,0,1.07,1.27,0.177
210,0,1.062,1.142,0.123
211,0,0.953,1.097,0.083
212,0,1.07,1.157,0.12
213,0,1.016,1.039,0.042
214,0,1.039,1.149,0.102
215,0,1.023,1.154,0.107
216,0,1.008,1.246,0.179
217,0,1.016,1.204,0.151
218,0,1.047,1.196,0.137
219,0,1.0,1.287,0.172
220,0,1.047,1.064,0.076
221,0,0.984,1.163,0.116
222,0,1.047,1.109,0.105
223,0,1.023,1.224,0.121
224,0,1.0,1.196,0.138
225,0,1.062,1.098,0.08
226,0,1.016,1.182,0.122
227,0,1.047,1.303,0.197
228,0,1.055,1.244,0.177
229,0,1.008,1.271,0.159
230,0,1.062,1.297,0.169
231,0,1.078,1.132,0.112
232,0,1.039,1.286,0.168
233,0,1.0,1.179,0.107
234,0,1.078,1.403,0.255
235,0,1.047,1.16,0.116
236,0,1.055,1.219,0.147
237,0,1.039,1.178,0.13
238,0,1.016,1.215,0.139
239,0,1.023,1.152,0.113
240,0,1.016,1.117,0.107
241,0,1.008,1.353,0.22
242,0,1.016,1.221,0.141
243,0,1.016,1.349,0.199
244,0,0.961,1.462,0.262
245,0,1.078,1.175,0.129
246,0,1.0,1.139,0.102
247,0,1.023,1.344,0.217
248,0,1.039,1.138,0.133
249,0,1.0,1.183,0.117
250,0,1.023,1.271,0.215
251,0,1.031,1.336,0.237
252,0,0.926,1.06,0.04
253,0,1.039,1.378,0.229
254,0,1.031,1.218,0.146
255,0,1.023,1.252,0.143
256,0,1.086,1.214,0.152
257,0,1.07,1.329,0.201
258,0,1.031,1.15,0.113
259,0,1.055,1.315,0.209
260,0,1.125,1.174,0.141
261,0,1.039,1.275,0.163
262,0,1.039,1.26,0.187
263,0,1.102,1.08,0.063
264,0,1.016,1.266,0.176
265,0,1.031,1.295,0.192
266,0,1.039,1.133,0.108
267,0,1.094,1.259,0.187
268,0,1.047,1.105,0.095
269,0,1.023,1.375,0.234
270,0,1.062,1.22,0.138
271,0,1.039,1.237,0.171
272,0,1.039,1.206,0.136
273,0,1.031,1.276,0.146
274,0,1.039,1.19,0.137
275,0,1.047,1.253,0.158
276,0,1.023,1.264,0.183
277,0,1.062,1.194,0.135
278,0,1.023,1.127,0.101
279,0,1.0,1.152,0.124
280,0,0.996,1.15,0.107
281,0,1.031,1.299,0.171
282,0,1.016,1.284,0.172
283,0,1.031,1.256,0.167
284,0,1.078,1.343,0.219
285,0,1.016,1.309,0.165
286,0,1.039,1.155,0.134
287,0,1.031,1.247,0.169
288,0,1.047,1.173,0.128
289,0,0.961,1.417,0.242
290,0,1.047,1.157,0.126
291,0,1.008,1.28,0.176
292,0,1.109,1.118,0.07
293,0,1.008,1.262,0.177
294,0,0.949,1.438,0.262
295,0,0.996,1.234,0.158
296,0,1.031,1.14,0.126
297,0,1.062,1.163,0.117
298,0,0.984,1.298,0.185
299,0,1.062,1.182,0.124
300,0,1.055,1.208,0.156
301,0,1.047,1.234,0.144
302,0,0.965,1.236,0.144
303,0,0.977,1.19,0.156
304,0,1.0,1.07,0.092
305,0,0.93,1.334,0.223
306,0,1.062,1.143,0.104
307,0,1.008,1.099,0.089
308,0,1.031,1.083,0.08
309,0,1.0,1.358,0.21
310,0,1.047,1.169,0.129
311,0,1.062,1.142,0.106
312,0,1.156,1.145,0.099
313,0,1.023,1.261,0.151
314,0,0.961,1.553,0.266
315,0,1.047,1.208,0.149
316,0,1.031,1.176,0.126
317,0,0.988,1.412,0.266
318,0,1.039,1.23,0.144
319,0,1.031,1.32,0.18
320,0,1.055,1.106,0.09
321,0,1.047,1.13,0.1
322,0,1.0,1.309,0.176
323,0,0.988,1.264,0.155
324,0,0.961,1.285,0.17
325,0,0.977,1.202,0.149
326,0,0.992,1.196,0.164
327,0,0.973,1.174,0.137
328,0,0.988,1.155,0.118
329,0,0.984,1.049,0.064
330,0,0.98,1.241,0.137
331,0,1.031,1.138,0.112
332,0,1.016,1.204,0.127
333,0,0.961,1.242,0.201
334,0,1.016,1.245,0.164
335,0,1.086,1.126,0.109
336,0,1.055,1.118,0.106
337,0,1.016,1.222,0.136
338,0,1.016,1.313,0.184
339,0,1.031,1.193,0.149
340,0,0.992,1.381,0.19
341,0,1.086,1.21,0.131
342,0,1.023,1.32,0.159
343,0,1.023,1.35,0.219
344,0,1.008,1.351,0.177
345,0,1.062,1.299,0.185
346,0,1.031,1.326,0.203
347,0,0.977,1.275,0.18
348,0,0.969,1.248,0.146
349,0,0.984,1.31,0.153
350,0,0.969,1.378,0.206
351,0,0.945,1.236,0.149
352,0,0.875,1.128,0.109
353,0,0.957,1.247,0.165
354,0,1.039,1.196,0.136
355,0,1.0,1.191,0.12
356,0,1.023,1.167,0.126
357,0,0.996,1.27,0.181
358,0,0.988,1.174,0.122
359,0,1.062,1.152,0.124
360,0,0.992,1.171,0.122
361,0,0.973,1.35,0.196
362,0,1.078,1.206,0.158
363,0,1.047,1.146,0.107
364,0,0.992,1.242,0.165
365,0,0.984,1.276,0.185
366,0,1.039,1.307,0.172
367,0,1.0,1.337,0.176
368,0,1.016,1.319,0.172
369,0,1.0,1.273,0.181
370,0,0.984,1.302,0.19
371,0,0.961,1.275,0.169
372,0,0.93,1.27,0.168
373,0,0.98,1.19,0.118
374,0,0.984,1.229,0.17
375,0,0.977,1.252,0.143
376,0,0.969,1.363,0.226
377,0,1.0,1.182,0.13
378,0,0.992,1.191,0.152
379,0,0.938,1.159,0.126
380,0,0.922,1.298,0.215
381,0,0.953,1.33,0.198
382,0,0.973,1.171,0.129
383,0,0.977,1.241,0.149
384,0,0.949,1.237,0.167
385,0,0.91,1.403,0.243
386,0,1.016,1.199,0.129
387,0,0.969,1.191,0.143
388,0,0.984,1.272,0.159
389,0,0.914,1.453,0.3
390,0,0.988,1.142,0.094
391,0,0.984,1.304,0.185
392,0,0.977,1.268,0.18
393,0,0.969,1.203,0.146
394,0,0.961,1.181,0.15
395,0,0.91,1.416,0.232
396,0,0.879,1.085,0.081
397,0,0.953,1.354,0.236
398,0,0.961,1.22,0.159
399,0,0.98,1.158,0.12
400,0,0.957,1.235,0.159
401,0,0.992,1.122,0.104
402,0,0.957,1.327,0.182
403,0,0.961,1.361,0.206
404,0,0.93,1.434,0.242
405,0,0.941,1.334,0.179
406,0,0.938,1.422,0.243
407,0,0.988,1.142,0.099
408,0,0.926,1.425,0.256
409,0,0.996,1.115,0.105
410,0,0.961,1.208,0.152
411,0,0.969,1.35,0.198
412,0,0.914,1.428,0.25
413,0,0.898,1.376,0.253
414,0,0.98,1.165,0.159
415,0,0.875,2.156,0.346
416,0,0.953,1.287,0.186
417,0,0.926,1.445,0.235
418,0,1.141,1.266,0.296
419,0,0.957,1.177,0.127
420,0,0.945,1.21,0.154
421,0,0.883,1.461,0.239
422,0,0.992,1.133,0.102
423,0,0.973,1.126,0.113
424,0,0.984,1.175,0.124
425,0,0.93,1.368,0.203
426,0,0.918,1.352,0.202
427,0,0.945,1.196,0.122
428,0,0.93,1.226,0.138
429,0,0.922,1.378,0.214
430,0,0.965,1.156,0.12
431,0,1.008,1.116,0.119
432,0,0.996,1.148,0.109
433,0,0.945,1.298,0.213
434,0,0.961,1.37,0.217
435,0,0.938,1.439,0.233
436,0,0.992,1.241,0.163
437,0,0.984,1.304,0.186
438,0,0.945,1.478,0.259
439,0,0.961,1.275,0.175
440,0,0.961,1.159,0.128
441,0,0.977,1.353,0.201
442,0,0.961,1.355,0.198
443,0,0.953,1.253,0.151
444,0,0.98,1.168,0.146
445,0,0.938,1.365,0.235
446,0,0.973,1.303,0.196
447,0,0.922,1.352,0.249
448,0,0.914,1.506,0.25
449,0,0.961,1.286,0.186
450,0,0.953,1.276,0.198
451,0,0.938,1.272,0.169
452,0,0.918,1.446,0.229
453,0,0.992,1.254,0.163
454,0,0.953,1.281,0.182
455,0,0.938,1.338,0.181
456,0,0.945,1.465,0.223
457,0,0.93,1.345,0.192
458,0,0.984,1.148,0.124
459,0,0.906,1.53,0.268
460,0,0.953,1.329,0.217
461,0,0.973,1.343,0.175
462,0,0.961,1.223,0.162
463,0,0.938,1.437,0.208
464,0,0.859,1.497,0.287
465,0,0.938,1.331,0.211
466,0,0.957,1.333,0.173
467,0,0.918,1.283,0.167
468,0,0.941,1.207,0.171
469,0,0.91,1.39,0.2
470,0,0.965,1.245,0.135
471,0,0.898,1.492,0.221
472,0,0.926,1.333,0.178
473,0,0.863,1.187,0.17
474,0,0.961,1.223,0.14
475,0,0.938,1.317,0.197
476,0,0.945,1.403,0.215
477,0,0.945,1.27,0.13
478,0,0.953,1.233,0.151
479,0,0.945,1.258,0.172
480,0,0.949,1.294,0.158
481,0,0.953,1.187,0.146
482,0,0.883,1.558,0.298
483,0,1.031,1.132,0.075
484,0,0.93,1.362,0.201
485,0,0.973,1.344,0.191
486,0,0.969,1.278,0.147
487,0,0.852,1.548,0.312
488,0,0.953,1.26,0.207
489,0,0.961,1.2,0.138
490,0,0.836,1.649,0.327
491,0,0.984,1.114,0.135
492,0,0.91,1.356,0.176
493,0,1.0,1.253,0.149
494,0,0.891,1.424,0.241
495,0,0.918,1.415,0.234
496,0,0.961,1.226,0.164
497,0,0.953,1.288,0.152
498,0,0.949,1.289,0.167
499,0,0.977,1.176,0.135
500,0,0.969,1.213,0.134
501,0,0.926,1.332,0.188
502,0,0.926,1.239,0.169
503,0,0.93,1.496,0.231
504,0,0.93,1.38,0.19
505,0,0.977,1.197,0.141
506,0,0.98,1.237,0.164
507,0,0.93,1.368,0.209
508,0,0.957,1.22,0.148
509,0,1.016,1.23,0.128
510,0,1.008,1.25,0.134
511,0,0.875,1.478,0.255
512,0,0.977,1.237,0.143
513,0,1.0,1.225,0.131
514,0,0.957,1.234,0.159
515,0,0.973,1.189,0.132
516,0,0.934,1.291,0.144
517,0,0.953,1.259,0.15
518,0,0.855,1.545,0.234
519,0,0.941,1.267,0.168
520,0,0.859,1.464,0.25
521,0,0.895,1.367,0.2
522,0,0.922,1.28,0.168
523,0,0.926,1.271,0.182
524,0,0.844,1.557,0.273
525,0,0.965,1.205,0.137
526,0,0.961,1.168,0.111
527,0,1.008,1.203,0.125
528,0,0.961,1.329,0.187
529,0,0.957,1.201,0.149
530,0,0.953,1.299,0.195
531,0,1.023,1.199,0.148
532,0,0.934,1.268,0.168
533,0,0.953,1.396,0.203
534,0,0.84,1.648,0.274
535,0,0.953,1.246,0.166
536,0,0.93,1.386,0.197
537,0,0.898,1.46,0.264
538,0,0.957,1.379,0.201
539,0,0.902,1.357,0.2
540,0,0.859,1.375,0.249
541,0,0.934,1.373,0.197
542,0,0.891,1.171,0.13
543,0,0.82,1.594,0.305
544,0,0.848,1.533,0.253
545,0,0.93,1.282,0.164
546,0,0.969,1.268,0.169
547,0,0.914,1.255,0.145
548,0,0.984,1.301,0.141
549,0,0.906,1.406,0.231
550,0,0.93,1.32,0.177
551,0,0.902,1.378,0.196
552,0,0.926,1.318,0.185
553,0,0.949,1.216,0.138
554,0,0.996,1.155,0.096
555,0,0.879,1.383,0.186
556,0,0.875,1.531,0.248
557,0,0.934,1.276,0.168
558,0,0.859,1.459,0.231
559,0,0.961,1.219,0.121
560,0,0.953,1.33,0.177
561,0,0.945,1.266,0.173
562,0,0.992,1.204,0.144
563,0,0.953,1.389,0.188
564,0,0.914,1.475,0.23
565,0,0.977,1.225,0.152
566,0,0.895,1.376,0.211
567,0,0.945,1.265,0.158
568,0,0.945,1.283,0.172
569,0,0.914,1.401,0.232
570,0,0.93,1.289,0.182
571,0,0.949,1.282,0.166
572,0,0.938,1.37,0.195
573,0,0.938,1.331,0.215
574,0,0.941,1.106,0.077
575,0,0.844,1.626,0.285
576,0,0.965,1.263,0.152
577,0,0.898,1.364,0.226
578,0,0.926,1.29,0.175
579,0,0.898,1.317,0.207
580,0,0.969,1.274,0.153
581,0,0.945,1.379,0.196
582,0,0.828,1.575,0.301
583,0,0.918,1.425,0.208
584,0,0.945,1.35,0.188
585,0,0.867,1.583,0.237
586,0,0.93,1.304,0.159
587,0,0.965,1.273,0.142
588,0,0.844,1.658,0.281
589,0,0.965,1.268,0.164
590,0,0.934,1.37,0.174
591,0,0.98,1.236,0.144
592,0,0.957,1.255,0.144
593,0,0.898,1.381,0.208
594,0,0.859,1.302,0.22
595,0,0.953,1.198,0.144
596,0,0.867,1.446,0.223
597,0,0.934,1.3,0.179
598,0,0.918,1.421,0.21
599,0,0.934,1.366,0.191
600,0,0.875,1.422,0.223
601,0,0.898,1.424,0.215
602,0,0.961,1.271,0.169
603,0,0.961,1.259,0.154
604,0,0.902,1.327,0.2
605,0,0.922,1.309,0.186
606,0,0.965,1.259,0.156
607,0,1.008,1.21,0.139
608,0,0.918,1.311,0.201
609,0,0.938,1.23,0.144
610,0,0.977,1.171,0.132
611,0,0.949,1.211,0.166
612,0,0.875,1.48,0.25
613,0,0.914,1.309,0.166
614,0,0.824,1.508,0.277
615,0,0.84,1.635,0.262
616,0,0.891,1.467,0.219
617,0,0.906,1.36,0.198
618,0,0.945,1.295,0.149
619,0,0.898,1.572,0.247
620,0,0.844,1.535,0.272
621,0,0.984,1.205,0.136
622,0,0.918,1.31,0.179
623,0,0.875,1.589,0.309
624,0,0.836,1.654,0.293
625,0,0.879,1.502,0.252
626,0,0.867,1.418,0.222
627,0,0.898,1.471,0.233
628,0,0.867,1.558,0.24
629,0,0.867,1.616,0.274
630,0,0.918,1.387,0.199
631,0,0.883,1.459,0.232
632,0,0.855,1.511,0.257
633,0,0.867,1.529,0.246
634,0,0.906,1.52,0.25
635,0,0.93,1.413,0.202
636,0,0.945,1.376,0.19
637,0,0.941,1.328,0.189
638,0,0.922,1.351,0.206
639,0,0.867,1.505,0.227
640,0,0.898,1.66,0.321
641,0,0.891,1.37,0.226
642,0,0.934,1.388,0.213
643,0,0.941,1.233,0.161
644,0,0.82,1.484,0.249
645,0,0.945,1.342,0.189
646,0,0.926,1.756,0.411
647,0,0.891,1.502,0.197
648,0,0.906,1.412,0.205
649,0,0.891,1.501,0.257
650,0,0.828,1.612,0.311
651,0,0.953,1.221,0.137
652,0,0.949,1.125,0.089
653,0,0.883,1.337,0.229
654,0,0.93,1.349,0.166
655,0,0.973,1.279,0.169
656,0,0.898,1.534,0.228
657,0,0.961,1.411,0.229
658,0,0.918,1.459,0.21
659,0,0.852,1.548,0.261
660,0,0.836,1.647,0.286
661,0,0.91,1.415,0.185
662,0,0.898,1.369,0.189
663,0,0.859,1.595,0.298
664,0,0.918,1.301,0.174
665,0,0.922,1.265,0.169
666,0,0.859,1.647,0.287
667,0,0.953,1.214,0.146
668,0,0.934,1.27,0.185
669,0,0.891,1.433,0.208
670,0,0.852,1.613,0.277
671,0,0.883,1.529,0.244
672,0,0.973,1.216,0.148
673,0,0.93,1.355,0.223
674,0,0.875,1.552,0.245
675,0,0.953,1.322,0.195
676,0,0.867,1.531,0.248
677,0,0.992,1.258,0.151
678,0,0.949,1.203,0.131
679,0,0.918,1.262,0.179
680,0,0.922,1.33,0.198
681,0,0.777,2.02,0.38
682,0,0.906,1.381,0.194
683,0,0.961,1.131,0.107
684,0,0.895,1.408,0.225
685,0,0.914,1.398,0.199
686,0,0.926,1.287,0.165
687,0,0.93,1.271,0.15
688,0,0.844,1.573,0.278
689,0,0.859,1.486,0.259
690,0,0.992,1.164,0.118
691,0,0.879,1.369,0.221
692,0,0.895,1.348,0.239
693,0,0.891,1.446,0.222
694,0,0.895,1.351,0.196
695,0,0.867,1.542,0.258
696,0,0.859,1.528,0.275
697,0,0.895,1.454,0.223
698,0,0.805,1.898,0.317
699,0,0.918,1.355,0.171
700,0,0.883,1.433,0.217
701,0,0.922,1.227,0.145
702,0,0.914,1.415,0.217
703,0,0.891,1.535,0.25
704,0,0.883,1.492,0.238
705,0,0.898,1.533,0.233
706,0,0.93,1.362,0.162
707,0,0.914,1.322,0.198
708,0,0.93,1.249,0.16
709,0,0.887,1.499,0.24
710,0,0.812,1.756,0.334
711,0,0.891,1.374,0.225
712,0,0.887,1.482,0.227
713,0,0.828,1.769,0.287
714,0,0.875,1.51,0.226
715,0,0.922,1.491,0.202
716,0,0.812,1.884,0.323
717,0,0.914,1.375,0.203
718,0,0.902,1.43,0.193
719,0,0.934,1.397,0.171
720,0,0.871,1.528,0.239
721,0,0.906,1.57,0.288
722,0,0.945,1.328,0.175
723,0,0.852,1.622,0.254
724,0,0.891,1.532,0.255
725,0,0.891,1.543,0.25
726,0,0.918,1.334,0.184
727,0,0.914,1.298,0.22
728,0,0.859,1.56,0.254
729,0,0.914,1.484,0.242
730,0,0.887,1.588,0.245
731,0,0.922,1.411,0.184
732,0,0.895,1.402,0.179
733,0,0.883,1.51,0.224
734,0,0.926,1.295,0.183
735,0,0.867,1.443,0.291
736,0,0.938,1.447,0.207
737,0,0.887,1.468,0.207
738,0,1.039,1.139,0.084
739,0,0.938,1.395,0.196
740,0,0.914,1.422,0.235
741,0,0.84,1.714,0.295
742,0,0.773,2.117,0.369
743,0,0.805,1.868,0.336
744,0,0.898,1.201,0.157
745,0,0.961,1.309,0.172
746,0,0.895,1.307,0.171
747,0,0.902,1.413,0.221
748,0,0.977,1.166,0.108
749,0,0.914,1.42,0.219
750,0,0.867,1.466,0.229
751,0,0.922,1.393,0.236
752,0,0.82,1.725,0.298
753,0,0.781,1.873,0.356
754,0,0.93,1.411,0.185
755,0,0.949,1.376,0.176
756,0,0.852,1.568,0.285
757,0,0.848,1.668,0.298
758,0,0.961,1.197,0.122
759,0,0.867,1.622,0.25
760,0,0.965,1.167,0.122
761,0,0.965,1.163,0.127
762,0,0.875,1.525,0.243
763,0,0.883,1.427,0.23
764,0,0.957,1.323,0.174
765,0,0.922,1.236,0.137
766,0,1.023,1.152,0.134
767,0,0.82,1.639,0.293
768,0,0.883,1.423,0.238
769,0,0.859,1.603,0.252
770,0,0.867,1.643,0.248
771,0,0.941,1.38,0.196
772,0,0.941,1.349,0.173
773,0,0.91,1.455,0.188
774,0,0.938,1.343,0.19
775,0,0.844,1.526,0.266
776,0,0.926,1.251,0.152
777,0,0.949,1.281,0.172
778,0,0.844,1.54,0.269
779,0,0.898,1.386,0.215
780,0,0.918,1.226,0.159
781,0,0.938,1.309,0.186
782,0,0.883,1.502,0.221
783,0,0.898,1.492,0.261
784,0,0.922,1.338,0.19
785,0,0.867,1.614,0.244
786,0,0.938,1.208,0.157
787,0,0.891,1.441,0.191
788,0,0.914,1.335,0.161
789,0,0.867,1.531,0.241
790,0,0.867,1.594,0.234
791,0,0.957,1.206,0.129
792,0,0.863,1.397,0.16
793,0,0.891,1.453,0.227
794,0,0.949,1.464,0.198
795,0,0.883,1.523,0.237
796,0,0.859,1.63,0.271
797,0,0.977,1.353,0.185
798,0,0.953,1.26,0.151
799,0,0.883,1.43,0.262
800,0,0.844,1.699,0.288
801,0,0.828,1.735,0.307
802,0,0.84,1.698,0.317
803,0,0.941,1.274,0.163
804,0,0.836,1.7,0.295
805,0,0.844,1.692,0.286
806,0,0.902,1.374,0.199
807,0,0.852,1.56,0.242
808,0,0.875,1.429,0.214
809,0,0.828,1.674,0.309
810,0,0.938,1.158,0.094
811,0,0.812,1.83,0.29
812,0,0.883,1.426,0.247
813,0,0.906,1.497,0.204
814,0,0.852,1.647,0.275
815,0,0.914,1.347,0.188
816,0,0.836,1.558,0.279
817,0,0.883,1.44,0.224
818,0,0.93,1.246,0.164
819,0,0.879,1.504,0.24
820,0,0.773,1.871,0.346
821,0,0.879,1.461,0.23
822,0,0.914,1.409,0.208
823,0,0.836,1.686,0.277
824,0,0.875,1.609,0.25
825,0,0.922,1.368,0.171
826,0,0.938,1.334,0.194
827,0,0.922,1.385,0.186
828,0,0.793,1.886,0.353
829,0,0.953,1.307,0.164
830,0,0.93,1.339,0.227
831,0,0.961,1.258,0.15
832,0,0.879,1.248,0.128
833,0,0.973,1.27,0.166
834,0,0.875,1.613,0.277
835,0,0.836,1.782,0.292
836,0,0.957,1.269,0.15
837,0,0.938,1.435,0.191
838,0,0.883,1.583,0.254
839,0,0.906,1.523,0.251
840,0,0.867,1.568,0.245
841,0,0.711,2.236,0.405
842,0,0.797,1.82,0.329
843,0,0.871,1.477,0.232
844,0,0.77,1.949,0.377
845,0,0.977,1.261,0.144
846,0,0.93,1.391,0.199
847,0,0.828,1.658,0.295
848,0,0.824,1.762,0.292
849,0,0.938,1.46,0.213
850,0,0.734,1.974,0.375
851,0,0.859,1.799,0.338
852,0,0.859,1.623,0.261
853,0,0.93,1.475,0.236
854,0,0.941,1.297,0.161
855,0,0.906,1.253,0.147
856,0,0.887,1.499,0.216
857,0,0.93,1.378,0.201
858,0,0.883,1.535,0.231
859,0,0.891,1.493,0.237
860,0,0.82,1.892,0.349
861,0,0.836,1.736,0.287
862,0,0.812,1.803,0.326
863,0,0.883,1.617,0.233
864,0,0.871,1.574,0.275
865,0,0.914,1.42,0.208
866,0,0.867,1.571,0.272
867,0,0.914,1.356,0.177
868,0,0.91,1.495,0.239
869,0,0.875,1.554,0.233
870,0,0.875,1.488,0.221
871,0,0.844,1.756,0.308
872,0,0.848,1.653,0.255
873,0,0.891,1.513,0.229
874,0,0.922,1.312,0.186
875,0,0.844,1.778,0.285
876,0,0.914,1.355,0.208
877,0,0.922,1.381,0.21
878,0,0.914,1.385,0.167
879,0,0.836,1.669,0.287
880,0,0.812,1.837,0.309
881,0,0.918,1.409,0.179
882,0,0.961,1.182,0.138
883,0,0.883,1.559,0.258
884,0,0.906,1.475,0.229
885,0,0.922,1.431,0.214
886,0,0.875,1.558,0.222
887,0,0.965,1.264,0.139
888,0,0.895,1.486,0.207
889,0,0.855,1.665,0.271
890,0,0.859,1.697,0.282
891,0,0.945,1.235,0.149
892,0,0.824,1.733,0.299
893,0,0.859,1.539,0.238
894,0,0.926,1.268,0.15
895,0,0.914,1.427,0.238
896,0,0.906,1.372,0.187
897,0,0.812,1.813,0.313
898,0,0.797,1.923,0.345
899,0,0.93,1.261,0.136
900,0,0.836,1.668,0.278
901,0,0.883,1.5,0.225
902,0,0.883,1.47,0.237
903,0,0.93,1.302,0.155
904,0,0.664,3.464,0.566
905,0,0.891,1.423,0.187
906,0,0.852,1.688,0.299
907,0,0.953,1.279,0.14
908,0,0.875,1.525,0.238
909,0,0.938,1.306,0.156
910,0,0.922,1.34,0.178
911,0,0.855,1.585,0.262
912,0,0.855,1.608,0.263
913,0,0.828,1.719,0.273
914,0,0.883,1.495,0.237
915,0,0.918,1.388,0.189
916,0,0.898,1.463,0.211
917,0,0.965,1.27,0.145
918,0,0.891,1.555,0.237
919,0,0.898,1.475,0.237
920,0,0.828,1.801,0.283
921,0,0.895,1.432,0.228
922,0,0.887,1.459,0.227
923,0,0.766,1.999,0.367
924,0,0.934,1.295,0.157
925,0,0.84,1.627,0.282
926,0,0.875,1.517,0.218
927,0,0.844,1.757,0.295
928,0,0.898,1.554,0.222
929,0,0.953,1.273,0.156
930,0,0.934,1.37,0.158
931,0,0.797,1.811,0.313
932,0,0.812,1.799,0.326
933,0,0.867,1.683,0.286
934,0,0.922,1.306,0.156
935,0,0.781,1.938,0.352
936,0,0.887,1.582,0.22
937,0,0.906,1.503,0.211
938,0,0.848,1.655,0.29
939,0,0.883,1.527,0.216
940,0,0.812,1.946,0.324
941,0,0.891,1.528,0.223
942,0,0.805,1.894,0.319
943,0,0.914,1.481,0.213
944,0,0.773,2.022,0.367
945,0,0.906,1.453,0.218
946,0,0.859,1.644,0.283
947,0,0.883,1.457,0.221
948,0,0.812,1.877,0.299
949,0,0.887,1.434,0.195
950,0,0.922,1.274,0.158
951,0,0.781,1.954,0.344
952,0,0.953,1.271,0.162
953,0,0.82,1.609,0.268
954,0,0.836,1.815,0.294
955,0,0.781,1.978,0.35
956,0,0.863,1.595,0.247
957,0,0.863,1.564,0.231
958,0,0.875,1.552,0.239
959,0,0.812,1.666,0.285
960,0,0.926,1.452,0.213
961,0,0.938,1.337,0.164
962,0,0.742,1.826,0.326
963,0,0.844,1.655,0.251
964,0,0.93,1.539,0.222
965,0,0.852,1.585,0.242
966,0,0.961,1.25,0.143
967,0,0.953,1.272,0.153
968,0,0.875,1.542,0.234
969,0,0.828,1.726,0.317
970,0,0.934,1.278,0.159
971,0,0.926,1.492,0.187
972,0,0.902,1.614,0.234
973,0,0.93,1.372,0.2
974,0,0.863,1.591,0.26
975,0,0.852,1.624,0.238
976,0,0.926,1.335,0.17
977,0,0.969,1.236,0.146
978,0,0.93,1.267,0.155
979,0,0.805,1.794,0.304
980,0,0.895,1.468,0.203
981,0,0.883,1.624,0.246
982,0,0.844,1.605,0.231
983,0,0.875,1.567,0.241
984,0,0.902,1.282,0.165
985,0,0.812,1.716,0.308
986,0,0.852,1.619,0.249
987,0,0.812,1.821,0.297
988,0,0.93,1.555,0.222
989,0,0.875,1.554,0.262
990,0,0.793,1.793,0.335
991,0,0.949,1.147,0.096
992,0,0.957,1.278,0.139
993,0,0.75,1.881,0.37
994,0,0.906,1.539,0.231
995,0,0.727,1.818,0.367
996,0,0.781,1.955,0.336
997,0,0.844,1.795,0.275
998,0,0.844,1.708,0.252
999,0,0.906,1.401,0.181
1000,0,0.891,1.539,0.224
1001,0,0.875,1.597,0.256
1002,0,0.766,2.008,0.362
1003,0,0.809,1.737,0.344
1004,0,0.855,1.622,0.249
1005,0,0.891,1.329,0.132
1006,0,0.777,1.982,0.352
1007,0,0.75,2.21,0.396
1008,0,0.844,1.761,0.325
1009,0,0.801,1.89,0.397
1010,0,0.719,2.17,0.437
1011,0,0.875,1.48,0.227
1012,0,0.824,1.941,0.323
1013,0,0.898,1.331,0.187
1014,0,0.852,1.595,0.264
1015,0,0.852,1.738,0.254
1016,0,0.93,1.266,0.169
1017,0,0.852,1.722,0.27
1018,0,0.891,1.59,0.243
1019,0,0.895,1.463,0.216
1020,0,0.824,1.7,0.302
1021,0,0.875,1.669,0.274
1022,0,0.93,1.322,0.169
1023,0,0.891,1.516,0.206
1024,0,0.852,1.588,0.255
1025,0,0.75,2.063,0.367
1026,0,0.859,1.547,0.24
1027,0,0.91,1.441,0.197
1028,0,0.922,1.368,0.193
1029,0,0.898,1.445,0.208
1030,0,0.902,1.429,0.19
1031,0,0.875,1.612,0.245
1032,0,0.766,1.89,0.34
1033,0,0.984,1.449,0.193
1034,0,0.84,1.701,0.266
1035,0,0.859,1.764,0.282
1036,0,0.852,1.7,0.276
1037,0,0.914,1.581,0.21
1038,0,0.969,1.212,0.092
1039,0,0.828,1.87,0.316
1040,0,0.828,1.928,0.303
1041,0,0.781,1.942,0.33
1042,0,0.785,1.744,0.302
1043,0,0.91,1.491,0.219
1044,0,0.867,1.463,0.199
1045,0,0.793,1.824,0.307
1046,0,0.836,1.769,0.274
1047,0,0.898,1.612,0.221
1048,0,0.844,1.751,0.303
1049,0,0.875,1.557,0.235
1050,0,0.863,1.703,0.252
1051,0,0.859,1.576,0.252
1052,0,0.879,1.467,0.232
1053,0,0.906,1.541,0.238
1054,0,0.938,1.325,0.183
1055,0,0.816,1.732,0.297
1056,0,0.914,1.437,0.19
1057,0,0.902,1.386,0.192
1058,0,0.836,1.771,0.302
1059,0,0.875,1.425,0.217
1060,0,0.898,1.451,0.224
1061,0,0.922,1.357,0.213
1062,0,0.891,1.594,0.254
1063,0,0.777,2.047,0.359
1064,0,0.836,1.667,0.253
1065,0,0.93,1.353,0.178
1066,0,0.949,1.324,0.162
1067,0,0.828,1.639,0.272
1068,0,0.867,1.592,0.232
1069,0,0.793,1.83,0.319
1070,0,0.926,1.321,0.162
1071,0,0.906,1.467,0.225
1072,0,0.809,1.91,0.307
1073,0,0.93,1.327,0.179
1074,0,0.867,1.593,0.255
1075,0,0.832,1.77,0.287
1076,0,0.797,1.927,0.33
1077,0,0.828,1.795,0.274
1078,0,0.941,1.372,0.158
1079,0,0.949,1.255,0.147
1080,0,0.883,1.526,0.247
1081,0,0.824,1.71,0.307
1082,0,0.871,1.569,0.221
1083,0,0.906,1.482,0.23
1084,0,0.828,1.764,0.293
1085,0,1.062,1.005,0.005
1086,0,0.855,1.663,0.3
1087,0,0.875,1.565,0.243
1088,0,0.871,1.613,0.238
1089,0,0.785,2.043,0.361
1090,0,0.867,1.608,0.244
1091,0,0.898,1.481,0.209
1092,0,0.789,1.826,0.314
1093,0,0.805,1.835,0.332
1094,0,0.898,1.392,0.176
1095,0,0.926,1.36,0.164
1096,0,0.891,1.523,0.245
1097,0,0.863,1.561,0.213
1098,0,0.82,1.832,0.265
1099,0,0.84,1.84,0.309
1100,0,0.844,1.561,0.277
1101,0,0.766,1.869,0.353
1102,0,0.809,1.808,0.278
1103,0,0.895,1.531,0.223
1104,0,0.828,1.739,0.278
1105,0,0.82,1.773,0.29
1106,0,0.805,1.856,0.34
1107,0,0.82,1.842,0.294
1108,0,0.875,1.505,0.238
1109,0,0.898,1.37,0.183
1110,0,0.828,1.879,0.319
1111,0,0.887,1.507,0.231
1112,0,0.82,1.819,0.307
1113,0,0.949,1.267,0.157
1114,0,0.789,1.727,0.324
1115,0,0.844,1.624,0.227
1116,0,0.871,1.536,0.228
1117,0,0.73,2.245,0.396
1118,0,0.77,2.096,0.396
1119,0,0.957,1.32,0.177
1120,0,0.984,1.206,0.104
1121,0,0.836,1.706,0.287
1122,0,0.949,1.391,0.222
1123,0,0.867,1.58,0.251
1124,0,0.93,1.342,0.197
1125,0,0.934,1.352,0.165
1126,0,0.852,1.753,0.276
1127,0,0.82,1.661,0.275
1128,0,0.93,1.359,0.163
1129,0,0.82,1.82,0.295
1130,0,0.898,1.39,0.219
1131,0,0.805,1.942,0.305
1132,0,0.867,1.598,0.26
1133,0,0.766,2.017,0.347
1134,0,0.766,1.915,0.344
1135,0,0.914,1.491,0.214
1136,0,0.719,2.074,0.396
1137,0,0.82,1.342,0.177
1138,0,0.828,1.784,0.275
1139,0,0.789,1.928,0.324
1140,0,0.883,1.418,0.189
1141,0,0.852,1.602,0.252
1142,0,0.914,1.459,0.181
1143,0,0.836,1.696,0.272
1144,0,0.82,1.822,0.292
1145,0,0.82,1.726,0.26
1146,0,0.789,1.863,0.317
1147,0,0.926,1.357,0.205
1148,0,0.961,1.173,0.11
1149,0,0.906,1.45,0.216
1150,0,0.859,1.619,0.248
1151,0,0.77,1.977,0.348
1152,0,0.973,1.293,0.137
1153,0,0.902,1.541,0.217
1154,0,0.926,1.385,0.196
1155,0,0.922,1.479,0.194
1156,0,0.773,2.028,0.364
1157,0,0.969,1.285,0.144
1158,0,0.746,2.196,0.366
1159,0,0.848,1.605,0.252
1160,0,0.93,1.417,0.186
1161,0,0.805,1.807,0.352
1162,0,0.742,1.977,0.387
1163,0,0.789,1.981,0.323
1164,0,0.844,1.64,0.276
1165,0,0.91,1.358,0.18
1166,0,0.93,1.403,0.201
1167,0,0.906,1.363,0.166
1168,0,0.816,1.716,0.305
1169,0,0.898,1.505,0.208
1170,0,0.836,1.633,0.248
1171,0,0.781,1.877,0.34
1172,0,0.734,1.888,0.36
1173,0,0.824,1.772,0.273
1174,0,0.766,1.912,0.392
1175,0,0.949,1.277,0.139
1176,0,0.883,1.456,0.232
1177,0,0.75,1.864,0.353
1178,0,0.883,1.615,0.252
1179,0,0.93,1.318,0.185
1180,0,0.836,1.833,0.276
1181,0,0.883,1.523,0.219
1182,0,0.812,1.807,0.295
1183,0,0.836,1.816,0.304
1184,0,0.82,1.601,0.207
1185,0,0.738,2.166,0.37
1186,0,0.812,1.903,0.318
1187,0,0.781,1.943,0.318
1188,0,0.789,1.863,0.302
1189,0,0.918,1.409,0.189
1190,0,0.84,1.661,0.264
1191,0,0.875,1.643,0.243
1192,0,0.754,1.896,0.378
1193,0,0.93,1.219,0.117
1194,0,0.84,1.66,0.244
1195,0,0.891,1.652,0.24
1196,0,0.844,1.575,0.256
1197,0,0.895,1.468,0.223
1198,0,0.926,1.186,0.099
1199,0,0.879,1.568,0.228
1200,0,0.957,1.235,0.154
1201,0,0.859,1.654,0.245
1202,0,0.867,1.479,0.216
1203,0,0.828,1.86,0.274
1204,0,0.828,1.678,0.294
1205,0,0.809,1.919,0.312
1206,0,0.695,2.195,0.423
1207,0,0.898,1.471,0.219
1208,0,0.891,1.486,0.207
1209,0,0.867,1.596,0.24
1210,0,0.812,1.842,0.3
1211,0,0.922,1.328,0.18
1212,0,0.953,1.329,0.174
1213,0,0.879,1.535,0.226
1214,0,0.875,1.618,0.217
1215,0,0.875,1.531,0.208
1216,0,0.914,1.456,0.196
1217,0,0.887,1.582,0.229
1218,0,0.938,1.324,0.184
1219,0,0.844,1.706,0.286
1220,0,0.797,1.919,0.323
1221,0,0.887,1.434,0.202
1222,0,0.961,1.463,0.188
1223,0,0.797,1.846,0.324
1224,0,0.922,1.462,0.197
1225,0,0.852,1.713,0.26
1226,0,0.766,2.033,0.325
1227,0,0.789,1.891,0.336
1228,0,0.812,1.868,0.311
1229,0,0.848,1.562,0.252
1230,0,0.828,1.815,0.296
1231,0,0.789,1.967,0.342
1232,0,0.812,1.802,0.293
1233,0,0.875,1.728,0.315
1234,0,0.797,1.822,0.314
1235,0,0.82,1.791,0.277
1236,0,0.855,1.594,0.263
1237,0,0.797,1.927,0.318
1238,0,0.871,1.64,0.275
1239,0,0.895,1.51,0.187
1240,0,0.855,1.695,0.259
1241,0,0.883,1.499,0.225
1242,0,0.914,1.351,0.176
1243,0,0.82,1.719,0.264
1244,0,0.738,2.082,0.4
1245,0,0.766,2.014,0.365
1246,0,0.797,1.868,0.308
1247,0,0.883,1.454,0.207
1248,0,0.766,2.095,0.352
1249,0,0.895,1.529,0.236
1250,0,0.84,1.732,0.292
1251,0,0.844,1.714,0.244
1252,0,0.898,1.591,0.222
1253,0,0.867,1.48,0.206
1254,0,0.871,1.649,0.228
1255,0,0.746,2.131,0.376
1256,0,0.766,1.947,0.34
1257,0,0.875,1.685,0.263
1258,0,0.902,1.444,0.179
1259,0,0.875,1.647,0.226
1260,0,0.742,2.165,0.375
1261,0,0.891,1.619,0.22
1262,0,0.844,1.651,0.267
1263,0,0.777,1.953,0.34
1264,0,0.887,1.58,0.232
1265,0,0.91,1.447,0.186
1266,0,0.852,1.715,0.259
1267,0,0.867,1.584,0.268
1268,0,0.859,1.661,0.239
1269,0,0.879,1.508,0.225
1270,0,0.863,1.622,0.25
1271,0,0.867,1.711,0.25
1272,0,0.836,1.637,0.245
1273,0,0.875,1.804,0.327
1274,0,0.914,1.467,0.218
1275,0,0.914,1.386,0.19
1276,0,0.875,1.545,0.25
1277,0,0.863,1.675,0.257
1278,0,0.859,1.697,0.259
1279,0,0.965,1.202,0.096
1280,0,0.883,1.538,0.228
1281,0,0.859,1.644,0.256
1282,0,0.898,1.503,0.211
1283,0,0.914,1.372,0.206
1284,0,0.738,2.188,0.389
1285,0,0.859,1.647,0.247
1286,0,0.801,1.92,0.329
1287,0,0.832,1.795,0.274
1288,0,0.922,1.286,0.164
1289,0,0.934,1.338,0.169
1290,0,0.855,1.457,0.221
1291,0,0.918,1.361,0.185
1292,0,0.758,2.064,0.357
1293,0,0.777,1.785,0.351
1294,0,0.883,1.518,0.206
1295,0,0.891,1.512,0.248
1296,0,0.852,1.759,0.263
1297,0,0.836,1.713,0.285
1298,0,0.781,1.937,0.346
1299,0,0.875,1.499,0.252
1300,0,0.672,2.449,0.441
1301,0,0.867,1.715,0.267
1302,0,0.828,1.821,0.269
1303,0,0.93,1.387,0.193
1304,0,0.922,1.46,0.189
1305,0,0.879,1.431,0.218
1306,0,0.766,1.882,0.354
1307,0,0.824,1.705,0.278
1308,0,0.852,1.614,0.271
1309,0,0.898,1.465,0.214
1310,0,0.855,1.685,0.272
1311,0,0.855,1.633,0.246
1312,0,0.891,1.472,0.214
1313,0,0.898,1.455,0.24
1314,0,0.844,1.668,0.284
1315,0,0.84,1.725,0.253
1316,0,0.77,1.923,0.333
1317,0,0.836,1.721,0.284
1318,0,0.891,1.562,0.293
1319,0,0.914,1.471,0.214
1320,0,0.773,1.852,0.326
1321,0,0.734,2.178,0.397
1322,0,0.805,1.768,0.29
1323,0,0.836,1.777,0.286
1324,0,0.855,1.67,0.224
1325,0,0.828,1.823,0.303
1326,0,0.762,1.993,0.355
1327,0,0.859,1.7,0.265
1328,0,0.836,1.8,0.288
1329,0,0.891,1.495,0.219
1330,0,0.871,1.71,0.237
1331,0,0.805,1.938,0.311
1332,0,0.875,1.563,0.22
1333,0,0.871,1.659,0.272
1334,0,0.84,1.595,0.282
1335,0,0.805,1.678,0.245
1336,0,0.797,2.034,0.321
1337,0,0.73,2.724,0.448
1338,0,0.883,1.419,0.206
1339,0,0.754,2.098,0.366
1340,0,0.664,2.407,0.441
1341,0,0.715,2.198,0.385
1342,0,0.785,2.002,0.345
1343,0,0.703,2.336,0.42
1344,0,0.949,1.317,0.15
1345,0,0.805,1.859,0.303
1346,0,0.785,2.016,0.328
1347,0,0.766,2.133,0.339
1348,0,0.906,1.681,0.254
1349,0,0.898,1.472,0.204
1350,0,0.723,2.066,0.336
1351,0,0.789,1.87,0.315
1352,0,0.797,1.949,0.324
1353,0,0.781,2.035,0.318
1354,0,1.648,1.03,0.013
1355,0,0.844,1.716,0.255
1356,0,0.887,1.488,0.19
1357,0,0.809,1.854,0.308
1358,0,0.727,2.212,0.403
1359,0,0.848,1.698,0.288
1360,0,0.918,1.408,0.177
1361,0,0.867,1.584,0.242
1362,0,0.82,1.71,0.288
1363,0,0.781,1.963,0.341
1364,0,0.672,2.446,0.424
1365,0,0.797,1.82,0.329
1366,0,0.793,1.988,0.303
1367,0,0.836,1.744,0.269
1368,0,0.984,1.264,0.136
1369,0,0.824,1.799,0.294
1370,0,0.797,2.02,0.346
1371,0,0.758,2.12,0.372
1372,0,0.871,1.573,0.249
1373,0,0.703,2.282,0.412
1374,0,0.836,1.824,0.299
1375,0,0.918,1.369,0.184
1376,0,0.867,1.661,0.263
1377,0,0.773,1.975,0.337
1378,0,0.84,1.665,0.283
1379,0,0.938,1.322,0.174
1380,0,0.859,1.61,0.267
1381,0,0.828,1.742,0.299
1382,0,0.887,1.65,0.257
1383,0,0.84,1.843,0.287
1384,0,0.836,1.709,0.264
1385,0,0.773,2.053,0.344
1386,0,0.844,1.706,0.256
1387,0,0.891,1.54,0.221
1388,0,0.805,1.827,0.28
1389,0,0.855,1.68,0.263
1390,0,0.797,1.911,0.334
1391,0,0.945,1.294,0.149
1392,0,0.816,1.709,0.288
1393,0,0.91,1.533,0.2
1394,0,0.863,1.708,0.28
1395,0,0.828,1.83,0.29
1396,0,0.898,1.446,0.209
1397,0,0.844,1.806,0.287
1398,0,0.797,1.954,0.302
1399,0,0.812,1.905,0.325
1400,0,0.844,1.73,0.256
1401,0,0.844,1.642,0.282
1402,0,0.879,1.675,0.266
1403,0,0.801,1.855,0.292
1404,0,0.75,2.147,0.367
1405,0,0.828,1.77,0.288
1406,0,0.816,1.852,0.292
1407,0,0.812,2.059,0.331
1408,0,0.797,1.905,0.312
1409,0,0.934,1.204,0.105
1410,0,0.758,1.943,0.331
1411,0,0.727,2.326,0.404
1412,0,0.859,1.619,0.235
1413,0,0.883,1.571,0.239
1414,0,0.891,1.44,0.197
1415,0,0.836,1.619,0.247
1416,0,0.73,2.127,0.383
1417,0,0.742,2.169,0.355
1418,0,0.805,1.871,0.294
1419,0,0.793,1.765,0.305
1420,0,0.754,2.182,0.358
1421,0,0.859,1.575,0.248
1422,0,0.715,2.295,0.391
1423,0,0.797,2.089,0.359
1424,0,0.797,1.942,0.312
1425,0,0.867,1.563,0.244
1426,0,0.859,1.657,0.228
1427,0,0.887,1.476,0.214
1428,0,0.82,1.728,0.288
1429,0,0.711,2.15,0.428
1430,0,0.938,1.297,0.169
1431,0,0.84,1.701,0.261
1432,0,0.742,1.957,0.365
1433,0,0.832,1.734,0.299
1434,0,0.766,2.075,0.37
1435,0,0.828,1.723,0.266
1436,0,0.797,1.888,0.296
1437,0,0.879,1.579,0.237
1438,0,0.844,1.756,0.277
1439,0,0.75,2.107,0.361
1440,0,0.844,1.656,0.273
1441,0,0.852,1.731,0.249
1442,0,0.797,1.899,0.304
1443,0,0.867,1.567,0.247
1444,0,0.766,2.115,0.371
1445,0,0.855,1.527,0.218
1446,0,0.836,1.766,0.286
1447,0,0.859,1.841,0.273
1448,0,0.809,1.986,0.318
1449,0,0.934,1.278,0.153
1450,0,0.809,1.817,0.308
1451,0,0.789,2.098,0.358
1452,0,0.891,1.596,0.24
1453,0,0.984,1.255,0.106
1454,0,0.844,1.685,0.24
1455,0,0.758,2.2,0.366
1456,0,0.984,1.31,0.188
1457,0,0.836,1.735,0.27
1458,0,0.965,1.344,0.175
1459,0,0.867,1.693,0.254
1460,0,0.73,2.251,0.391
1461,0,0.914,1.397,0.165
1462,0,0.844,1.697,0.249
1463,0,0.812,1.803,0.294
1464,0,0.875,1.529,0.246
1465,0,0.949,1.225,0.139
1466,0,0.852,1.737,0.297
1467,0,0.828,1.751,0.286
1468,0,0.773,2.063,0.351
1469,0,0.859,1.739,0.264
1470,0,0.789,1.969,0.347
1471,0,0.863,1.607,0.256
1472,0,0.82,1.834,0.291
1473,0,0.82,1.877,0.299
1474,0,0.68,2.346,0.419
1475,0,0.844,1.711,0.282
1476,0,0.871,1.498,0.224
1477,0,0.883,1.575,0.236
1478,0,0.855,1.691,0.26
1479,0,0.895,1.302,0.168
1480,0,0.734,2.195,0.389
1481,0,0.715,2.264,0.377
1482,0,0.75,2.174,0.346
1483,0,0.844,1.76,0.254
1484,0,0.734,2.057,0.356
1485,0,0.836,1.684,0.269
1486,0,0.801,1.881,0.32
1487,0,0.828,1.806,0.283
1488,0,0.871,1.59,0.241
1489,0,0.805,1.847,0.341
1490,0,0.715,2.276,0.408
1491,0,0.824,1.848,0.302
1492,0,0.887,1.587,0.235
1493,0,0.781,2.124,0.335
1494,0,0.742,2.117,0.373
1495,0,0.859,1.673,0.219
1496,0,0.734,2.234,0.368
1497,0,0.801,1.812,0.286
1498,0,0.859,1.641,0.227
1499,0,0.734,1.754,0.329
1500,0,0.812,1.912,0.293
1501,0,0.766,2.053,0.35
1502,0,0.965,1.216,0.103
1503,0,0.879,1.592,0.229
1504,0,0.926,1.41,0.196
1505,0,0.945,1.383,0.166
1506,0,0.883,1.542,0.199
1507,0,0.91,1.386,0.202
1508,0,0.789,1.917,0.312
1509,0,0.816,1.895,0.305
1510,0,0.848,1.75,0.289
1511,0,0.953,1.476,0.223
1512,0,0.855,1.406,0.207
1513,0,0.875,1.626,0.245
1514,0,0.828,1.704,0.294
1515,0,0.77,2.066,0.359
1516,0,0.738,2.399,0.395
1517,0,0.91,1.435,0.227
1518,0,0.906,1.436,0.183
1519,0,0.898,1.617,0.237
1520,0,0.836,1.752,0.287
1521,0,0.695,2.388,0.411
1522,0,0.668,2.21,0.418
1523,0,0.922,1.346,0.155
1524,0,0.875,1.474,0.234
1525,0,0.828,1.804,0.301
1526,0,0.859,1.633,0.267
1527,0,0.984,1.232,0.101
1528,0,0.875,1.551,0.244
1529,0,0.719,2.223,0.39
1530,0,0.688,2.5,0.447
1531,0,0.852,1.72,0.274
1532,0,0.82,1.762,0.301
1533,0,0.719,2.226,0.411
1534,0,0.797,1.986,0.322
1535,0,0.77,2.029,0.341
1536,0,0.734,2.235,0.372
1537,0,0.902,1.513,0.206
1538,0,0.883,1.524,0.201
1539,0,0.738,2.13,0.387
1540,0,0.742,2.186,0.372
1541,0,0.891,1.585,0.246
1542,0,0.777,2.115,0.369
1543,0,0.938,1.359,0.172
1544,0,0.883,1.582,0.227
1545,0,0.867,1.547,0.281
1546,0,0.812,1.892,0.324
1547,0,0.867,1.638,0.248
1548,0,0.73,2.281,0.386
1549,0,0.812,1.868,0.302
1550,0,0.688,2.369,0.432
1551,0,0.828,1.808,0.276
1552,0,0.859,1.675,0.243
1553,0,0.75,2.072,0.368
1554,0,0.75,2.1,0.365
1555,0,0.93,1.462,0.195
1556,0,0.68,2.302,0.468
1557,0,0.77,1.903,0.291
1558,0,0.906,1.518,0.2
1559,0,0.816,1.727,0.292
1560,0,0.633,2.824,0.489
1561,0,0.68,2.426,0.406
1562,0,0.871,1.592,0.239
1563,0,0.871,1.558,0.243
1564,0,0.91,1.423,0.196
1565,0,0.875,1.615,0.233
1566,0,0.84,1.834,0.293
1567,0,0.773,2.033,0.348
1568,0,0.758,2.115,0.358
1569,0,0.754,2.179,0.367
1570,0,0.934,1.496,0.208
1571,0,0.824,1.8,0.299
1572,0,0.844,1.752,0.266
1573,0,0.711,2.364,0.42
1574,0,0.766,2.107,0.341
1575,0,0.914,1.389,0.183
1576,0,0.773,1.965,0.341
1577,0,0.789,2.039,0.341
1578,0,0.754,2.09,0.366
1579,0,0.875,1.545,0.26
1580,0,0.695,2.328,0.416
1581,0,0.82,1.804,0.292
1582,0,0.848,1.75,0.283
1583,0,0.844,1.677,0.263
1584,0,0.785,2.013,0.306
1585,0,0.785,1.937,0.353
1586,0,0.906,1.566,0.261
1587,0,0.875,1.605,0.242
1588,0,0.828,2.116,0.371
1589,0,0.867,1.642,0.258
1590,0,0.852,1.694,0.256
1591,0,0.742,2.077,0.368
1592,0,0.934,1.366,0.189
1593,0,0.852,1.725,0.272
1594,0,0.836,1.791,0.245
1595,0,0.711,2.23,0.384
1596,0,0.922,1.535,0.279
1597,0,0.859,1.519,0.237
1598,0,0.859,1.942,0.322
1599,0,0.863,1.606,0.245
1600,0,0.809,1.942,0.333
1601,0,0.852,1.693,0.274
1602,0,0.902,1.464,0.206
1603,0,0.871,1.636,0.24
1604,0,0.82,1.849,0.304
1605,0,0.758,2.065,0.354
1606,0,0.762,1.987,0.336
1607,0,0.922,1.432,0.206
1608,0,0.793,1.897,0.333
1609,0,0.648,2.549,0.442
1610,0,0.625,2.585,0.481
1611,0,0.887,1.492,0.211
1612,0,0.781,2.037,0.335
1613,0,0.859,1.735,0.244
1614,0,0.914,1.518,0.241
1615,0,0.91,1.476,0.178
1616,0,0.918,1.385,0.175
1617,0,0.812,1.69,0.264
1618,0,0.887,1.547,0.202
1619,0,0.875,1.655,0.23
1620,0,0.766,2.148,0.357
1621,0,0.773,1.885,0.316
1622,0,0.844,1.738,0.266
1623,0,0.875,1.693,0.244
1624,0,0.664,2.581,0.459
1625,0,0.84,1.745,0.272
1626,0,0.812,1.819,0.3
1627,0,0.812,1.795,0.282
1628,0,0.789,1.976,0.341
1629,0,0.75,2.141,0.358
1630,0,0.824,1.841,0.303
1631,0,0.848,1.779,0.261
1632,0,0.773,1.944,0.342
1633,0,0.953,1.316,0.163
1634,0,0.73,2.213,0.374
1635,0,0.742,2.099,0.348
1636,0,0.82,1.769,0.301
1637,0,0.914,1.453,0.199
1638,0,0.934,1.273,0.127
1639,0,0.844,1.567,0.253
1640,0,0.875,1.499,0.23
1641,0,0.828,1.903,0.292
1642,0,0.789,1.982,0.336
1643,0,0.82,1.712,0.272
1644,0,0.781,1.925,0.324
1645,0,0.734,2.168,0.373
1646,0,0.781,2.03,0.33
1647,0,0.711,2.217,0.368
1648,0,0.824,1.757,0.285
1649,0,0.766,2.086,0.365
1650,0,0.785,1.993,0.311
1651,0,0.836,1.74,0.243
1652,0,0.754,2.121,0.34
1653,0,0.848,1.888,0.381
1654,0,0.859,1.707,0.287
1655,0,0.828,1.654,0.258
1656,0,0.844,1.699,0.26
1657,0,0.758,2.101,0.355
1658,0,0.82,1.931,0.298
1659,0,0.957,1.321,0.115
1660,0,0.883,1.342,0.189
1661,0,0.777,1.885,0.321
1662,0,0.82,1.71,0.284
1663,0,0.797,1.77,0.288
1664,0,0.801,2.005,0.303
1665,0,0.828,1.679,0.263
1666,0,0.871,1.629,0.268
1667,0,0.801,1.97,0.31
1668,0,0.816,1.821,0.297
1669,0,0.723,2.13,0.355
1670,0,0.789,1.955,0.307
1671,0,0.855,1.554,0.241
1672,0,0.883,1.56,0.206
1673,0,0.73,2.08,0.374
1674,0,0.781,1.828,0.295
1675,0,0.742,2.026,0.353
1676,0,0.812,1.817,0.295
1677,0,0.789,1.926,0.331
1678,0,0.816,1.809,0.268
1679,0,0.832,1.609,0.311
1680,0,0.805,1.864,0.311
1681,0,0.688,2.514,0.431
1682,0,0.773,2.086,0.363
1683,0,0.789,1.893,0.33
1684,0,0.816,1.796,0.291
1685,0,0.797,1.937,0.315
1686,0,0.82,1.879,0.29
1687,0,0.789,2.12,0.315
1688,0,0.82,1.837,0.296
1689,0,0.766,2.024,0.321
1690,0,0.836,1.787,0.303
1691,0,0.891,1.537,0.201
1692,0,0.688,2.38,0.418
1693,0,0.879,1.596,0.234
1694,0,0.75,2.193,0.379
1695,0,0.852,1.594,0.249
1696,0,0.789,1.889,0.338
1697,0,0.773,2.011,0.35
1698,0,0.844,1.751,0.272
1699,0,0.914,1.406,0.193
1700,0,0.879,1.611,0.257
1701,0,0.91,1.513,0.204
1702,0,0.848,1.714,0.285
1703,0,0.859,1.665,0.241
1704,0,0.867,1.561,0.228
1705,0,0.824,1.791,0.26
1706,0,0.938,1.285,0.183
1707,0,0.801,2.026,0.312
1708,0,0.812,1.817,0.265
1709,0,0.785,2.107,0.343
1710,0,0.773,2.051,0.345
1711,0,0.82,1.663,0.262
1712,0,0.812,1.786,0.305
1713,0,0.836,1.846,0.297
1714,0,0.797,1.877,0.312
1715,0,0.852,1.665,0.254
1716,0,0.828,1.863,0.314
1717,0,0.734,2.13,0.368
1718,0,0.852,1.665,0.264
1719,0,0.75,2.111,0.358
1720,0,0.828,1.745,0.267
1721,0,0.816,1.892,0.297
1722,0,0.859,1.649,0.244
1723,0,0.773,2.02,0.326
1724,0,0.742,2.152,0.359
1725,0,0.828,1.785,0.289
1726,0,0.828,1.894,0.292
1727,0,0.875,1.6,0.228
1728,0,0.812,1.751,0.262
1729,0,0.707,2.357,0.411
1730,0,0.82,1.823,0.308
1731,0,0.875,1.482,0.212
1732,0,0.898,1.508,0.209
1733,0,0.871,1.592,0.232
1734,0,0.859,1.707,0.236
1735,0,0.75,2.105,0.347
1736,0,0.836,1.787,0.278
1737,0,0.875,1.583,0.249
1738,0,0.93,1.442,0.189
1739,0,0.844,1.756,0.275
1740,0,0.891,1.392,0.2
1741,0,0.871,1.669,0.238
1742,0,0.918,1.409,0.183
1743,0,0.828,1.701,0.268
1744,0,0.77,1.912,0.311
1745,0,0.773,1.993,0.325
1746,0,0.738,2.174,0.374
1747,0,0.844,1.634,0.264
1748,0,0.871,1.457,0.223
1749,0,0.844,1.61,0.248
1750,0,0.848,1.692,0.244
1751,0,0.871,1.565,0.245
1752,0,0.867,1.618,0.23
1753,0,0.832,1.924,0.305
1754,0,0.844,1.676,0.284
1755,0,0.898,1.509,0.204
1756,0,0.844,1.756,0.258
1757,0,0.82,1.78,0.281
1758,0,0.879,1.704,0.26
1759,0,0.656,2.409,0.444
1760,0,0.789,1.965,0.316
1761,0,0.82,1.813,0.285
1762,0,0.867,1.595,0.25
1763,0,0.73,2.203,0.409
1764,0,0.758,2.183,0.344
1765,0,0.812,1.884,0.286
1766,0,0.793,1.972,0.319
1767,0,0.762,1.961,0.334
1768,0,0.906,1.473,0.203
1769,0,0.883,1.577,0.239
1770,0,0.766,2.098,0.347
1771,0,0.91,1.589,0.239
1772,0,0.812,1.946,0.328
1773,0,0.719,2.202,0.378
1774,0,0.871,1.692,0.236
1775,0,0.883,1.484,0.209
1776,0,0.773,1.713,0.297
1777,0,0.855,1.679,0.261
1778,0,0.914,1.395,0.192
1779,0,0.781,2.169,0.367
1780,0,0.867,1.616,0.247
1781,0,0.762,1.894,0.333
1782,0,0.738,1.975,0.362
1783,0,0.75,2.034,0.344
1784,0,0.855,1.608,0.23
1785,0,0.914,1.406,0.2
1786,0,0.836,1.685,0.27
1787,0,0.773,1.984,0.337
1788,0,0.766,2.009,0.317
1789,0,0.723,2.265,0.377
1790,0,0.734,2.199,0.382
1791,0,0.723,2.168,0.375
1792,0,0.801,1.93,0.333
1793,0,0.812,1.755,0.303
1794,0,0.77,2.111,0.343
1795,0,0.711,2.199,0.389
1796,0,0.84,1.794,0.261
1797,0,0.836,1.733,0.294
1798,0,0.727,2.267,0.387
1799,0,0.789,1.929,0.325
1800,0,0.891,1.452,0.204
1801,0,0.773,1.994,0.329
1802,0,0.727,2.172,0.39
1803,0,0.891,1.454,0.183
1804,0,0.859,1.68,0.24
1805,0,0.773,2.035,0.346
1806,0,0.789,1.972,0.318
1807,0,0.711,2.32,0.408
1808,0,0.797,1.926,0.311
1809,0,0.82,1.883,0.273
1810,0,0.914,1.408,0.191
1811,0,0.809,1.891,0.282
1812,0,0.789,2.066,0.322
1813,0,0.75,2.253,0.374
1814,0,0.68,2.406,0.45
1815,0,0.734,2.157,0.357
1816,0,0.781,1.902,0.304
1817,0,0.676,2.479,0.42
1818,0,0.883,1.513,0.244
1819,0,0.82,1.784,0.284
1820,0,0.734,2.056,0.372
1821,0,0.855,1.669,0.273
1822,0,0.758,2.023,0.355
1823,0,0.812,1.816,0.278
1824,0,0.781,2.048,0.328
1825,0,0.711,2.372,0.382
1826,0,0.883,1.557,0.233
1827,0,0.953,1.578,0.233
1828,0,0.844,1.714,0.248
1829,0,0.711,2.268,0.374
1830,0,0.852,1.738,0.264
1831,0,0.805,1.879,0.306
1832,0,0.801,1.814,0.3
1833,0,0.898,1.518,0.229
1834,0,0.887,1.693,0.404
1835,0,0.867,1.571,0.237
1836,0,0.891,1.528,0.231
1837,0,0.805,1.747,0.272
1838,0,0.898,1.52,0.219
1839,0,0.875,1.575,0.224
1840,0,0.805,1.901,0.302
1841,0,0.828,1.705,0.256
1842,0,0.859,1.659,0.251
1843,0,0.68,2.466,0.415
1844,0,0.863,1.598,0.254
1845,0,0.789,1.895,0.313
1846,0,0.809,1.806,0.278
1847,0,0.773,2.176,0.354
1848,0,0.77,2.113,0.35
1849,0,0.855,1.714,0.248
1850,0,0.773,2.021,0.297
1851,0,0.789,1.871,0.315
1852,0,0.812,1.788,0.27
1853,0,0.898,1.378,0.18
1854,0,0.77,2.014,0.339
1855,0,0.867,1.517,0.219
1856,0,0.617,2.867,0.468
1857,0,0.949,1.377,0.183
1858,0,0.855,1.698,0.253
1859,0,0.805,1.879,0.265
1860,0,0.727,2.09,0.373
1861,0,0.828,1.823,0.291
1862,0,0.836,1.726,0.275
1863,0,0.914,1.359,0.192
1864,0,0.797,1.553,0.362
1865,0,0.691,2.206,0.426
1866,0,0.871,1.5,0.235
1867,0,0.922,1.391,0.2
1868,0,0.859,1.507,0.238
1869,0,0.734,2.038,0.357
1870,0,0.719,2.095,0.346
1871,0,0.82,1.766,0.278
1872,0,0.848,1.726,0.292
1873,0,0.797,1.899,0.302
1874,0,0.734,2.125,0.38
1875,0,0.906,1.43,0.187
1876,0,0.77,2.113,0.345
1877,0,0.875,1.582,0.219
1878,0,0.703,2.237,0.386
1879,0,0.801,1.766,0.299
1880,0,0.859,1.654,0.262
1881,0,0.816,1.765,0.279
1882,0,0.797,1.843,0.3
1883,0,0.852,1.709,0.252
1884,0,0.789,1.903,0.319
1885,0,0.805,1.84,0.308
1886,0,0.781,1.863,0.328
1887,0,0.793,1.907,0.317
1888,0,0.766,2.048,0.354
1889,0,0.672,2.353,0.444
1890,0,0.695,2.425,0.419
1891,0,0.832,1.786,0.293
1892,0,0.777,1.912,0.32
1893,0,0.793,1.891,0.297
1894,0,0.73,2.133,0.388
1895,0,0.727,2.321,0.408
1896,0,0.883,1.552,0.263
1897,0,0.988,1.569,0.185
1898,0,0.812,1.998,0.327
1899,0,0.836,1.56,0.292
1900,0,0.797,2.032,0.32
1901,0,0.883,1.484,0.223
1902,0,0.805,1.842,0.31
1903,0,0.832,1.827,0.323
1904,0,0.742,2.158,0.363
1905,0,0.703,2.338,0.404
1906,0,0.758,2.08,0.368
1907,0,0.715,2.328,0.399
1908,0,0.773,2.02,0.346
1909,0,0.902,1.377,0.208
1910,0,0.773,2.028,0.349
1911,0,0.758,2.085,0.358
1912,0,0.844,1.675,0.241
1913,0,0.699,2.366,0.43
1914,0,0.805,1.824,0.322
1915,0,0.824,1.787,0.284
1916,0,0.68,2.412,0.437
1917,0,0.863,1.463,0.189
1918,0,0.648,2.481,0.471
1919,0,0.859,1.682,0.253
1920,0,0.812,1.76,0.283
1921,0,0.648,2.721,0.459
1922,0,0.711,2.249,0.396
1923,0,1.148,1.154,0.06
1924,0,0.809,1.808,0.285
1925,0,0.828,1.715,0.271
1926,0,0.695,2.394,0.411
1927,0,0.75,2.089,0.353
1928,0,0.742,2.057,0.375
1929,0,0.672,2.465,0.42
1930,0,0.781,2.067,0.335
1931,0,0.859,1.66,0.242
1932,0,0.793,1.964,0.309
1933,0,0.719,2.263,0.396
1934,0,0.93,1.316,0.146
1935,0,0.703,2.228,0.412
1936,0,0.812,1.955,0.326
1937,0,0.859,1.593,0.264
1938,0,0.895,1.66,0.245
1939,0,0.891,1.503,0.219
1940,0,0.797,1.906,0.308
1941,0,0.766,1.992,0.304
1942,0,0.875,1.56,0.229
1943,0,0.852,1.652,0.273
1944,0,0.703,2.255,0.393
1945,0,0.789,1.785,0.29
1946,0,0.84,1.711,0.276
1947,0,0.836,1.91,0.297
1948,0,0.812,1.834,0.296
1949,0,0.648,2.524,0.461
1950,0,0.75,2.41,0.429
1951,0,0.828,1.818,0.287
1952,0,0.789,1.972,0.323
1953,0,0.719,2.085,0.369
1954,0,0.797,1.934,0.324
1955,0,0.758,2.064,0.358
1956,0,0.82,1.913,0.328
1957,0,0.625,2.795,0.483
1958,0,0.828,1.791,0.272
1959,0,0.754,2.176,0.354
1960,0,0.891,1.555,0.232
1961,0,0.809,1.808,0.285
1962,0,0.867,1.676,0.232
1963,0,0.82,1.765,0.271
1964,0,0.781,1.995,0.312
1965,0,0.734,2.183,0.385
1966,0,0.77,1.988,0.332
1967,0,0.828,1.732,0.276
1968,0,0.789,1.873,0.311
1969,0,0.727,2.264,0.381
1970,0,0.906,1.499,0.236
1971,0,0.789,1.908,0.33
1972,0,0.75,2.159,0.371
1973,0,0.898,1.365,0.212
1974,0,0.938,1.345,0.172
1975,0,0.781,2.025,0.331
1976,0,0.75,1.999,0.35
1977,0,0.844,1.821,0.25
1978,0,0.672,2.466,0.458
1979,0,0.809,1.854,0.322
1980,0,0.805,1.986,0.328
1981,0,0.934,1.332,0.162
1982,0,0.859,1.579,0.256
1983,0,0.766,2.03,0.337
1984,0,0.711,2.403,0.384
1985,0,0.852,1.582,0.252
1986,0,0.906,1.465,0.218
1987,0,0.691,2.217,0.408
1988,0,0.852,1.729,0.254
1989,0,0.836,1.848,0.324
1990,0,0.859,1.601,0.227
1991,0,0.805,1.79,0.308
1992,0,0.867,1.543,0.247
1993,0,0.805,1.95,0.325
1994,0,0.82,1.874,0.32
1995,0,0.75,2.091,0.358
1996,0,0.797,1.83,0.279
1997,0,0.859,1.501,0.239
1998,0,0.875,1.425,0.205
1999,0,0.801,1.806,0.308
2000,0,0.879,1.382,0.21
2001,0,0.805,1.755,0.276
2002,0,0.695,2.364,0.43
2003,0,0.805,1.888,0.293
2004,0,0.703,2.161,0.392
2005,0,0.844,1.715,0.254
2006,0,0.828,1.785,0.28
2007,0,0.875,1.54,0.23
2008,0,0.82,1.878,0.283
2009,0,0.859,1.68,0.252
2010,0,0.727,2.15,0.377
2011,0,0.703,2.324,0.416
2012,0,0.863,1.633,0.241
2013,0,0.793,1.879,0.284
2014,0,0.773,1.984,0.305
2015,0,0.781,1.969,0.298
2016,0,0.926,1.495,0.209
2017,0,0.797,2.063,0.333
2018,0,0.742,2.284,0.377
2019,0,0.773,2.074,0.351
2020,0,0.781,2.005,0.341
2021,0,0.773,1.98,0.343
2022,0,0.871,1.511,0.231
2023,0,0.855,1.701,0.286
2024,0,0.871,1.733,0.231
2025,0,0.688,2.402,0.405
2026,0,0.758,2.086,0.362
2027,0,0.781,2.121,0.343
2028,0,0.77,2.112,0.352
2029,0,0.781,1.949,0.331
2030,0,0.789,1.986,0.311
2031,0,0.777,1.939,0.326
2032,0,0.844,1.774,0.275
2033,0,0.758,2.024,0.342
2034,0,0.711,2.396,0.414
2035,0,0.836,1.715,0.274
2036,0,0.781,2.024,0.365
2037,0,0.801,1.906,0.288
2038,0,0.887,1.44,0.2
2039,0,0.926,1.652,0.222
2040,0,0.742,2.144,0.364
2041,0,0.797,1.919,0.329
2042,0,0.758,2.04,0.355
2043,0,0.902,1.421,0.214
2044,0,0.875,1.618,0.233
2045,0,0.703,2.42,0.428
2046,0,0.75,2.191,0.372
2047,0,0.742,2.249,0.364
2048,0,0.801,1.902,0.333
2049,0,0.809,1.769,0.298
2050,0,0.859,1.544,0.247
2051,0,0.75,2.081,0.353
2052,0,0.766,2.094,0.351
2053,0,0.953,1.383,0.185
2054,0,0.867,1.706,0.269
2055,0,0.84,1.634,0.232
2056,0,0.871,1.481,0.203
2057,0,0.859,1.637,0.264
2058,0,0.902,1.379,0.182
2059,0,0.758,1.99,0.337
2060,0,0.777,1.954,0.324
2061,0,0.75,2.089,0.353
2062,0,0.812,1.912,0.3
2063,0,0.691,2.259,0.417
2064,0,0.773,2.04,0.328
2065,0,0.883,1.545,0.254
2066,0,0.766,2.158,0.372
2067,0,0.82,1.795,0.297
2068,0,0.918,1.449,0.213
2069,0,0.766,1.991,0.345
2070,0,0.867,1.817,0.289
2071,0,0.742,2.142,0.364
2072,0,0.883,1.505,0.228
2073,0,0.832,1.876,0.309
2074,0,0.898,1.559,0.227
2075,0,0.93,1.625,0.197
2076,0,0.789,2.059,0.343
2077,0,0.742,2.155,0.361
2078,0,0.777,2.044,0.334
2079,0,0.883,1.65,0.261
2080,0,0.824,1.777,0.296
2081,0,0.711,2.335,0.379
2082,0,0.836,1.778,0.273
2083,0,0.727,2.299,0.369
2084,0,0.699,2.439,0.422
2085,0,0.875,1.771,0.292
2086,0,0.73,2.181,0.379
2087,0,0.742,2.092,0.351
2088,0,0.758,2.167,0.369
2089,0,0.812,1.944,0.322
2090,0,0.812,1.892,0.269
2091,0,0.695,2.36,0.413
2092,0,0.961,1.494,0.215
2093,0,0.758,2.077,0.335
2094,0,0.832,1.572,0.249
2095,0,0.734,2.109,0.365
2096,0,0.719,2.295,0.404
2097,0,0.754,2.183,0.365
2098,0,0.859,1.673,0.267
2099,0,0.848,1.695,0.272
2100,0,0.844,1.707,0.308
2101,0,0.715,2.301,0.393
2102,0,0.82,1.78,0.282
2103,0,0.758,2.088,0.337
2104,0,0.684,2.3,0.429
2105,0,0.863,1.721,0.261
2106,0,0.719,2.18,0.393
2107,0,0.742,2.152,0.369
2108,0,0.676,2.575,0.465
2109,0,0.766,1.866,0.3
2110,0,0.812,1.802,0.318
2111,0,0.773,1.938,0.31
2112,0,0.844,1.609,0.265
2113,0,0.852,1.768,0.268
2114,0,0.816,1.866,0.291
2115,0,0.684,2.484,0.432
2116,0,0.703,2.231,0.423
2117,0,0.832,1.825,0.32
2118,0,0.848,1.745,0.252
2119,0,0.93,1.562,0.229
2120,0,0.742,2.17,0.37
2121,0,0.848,1.827,0.291
2122,0,0.863,1.688,0.251
2123,0,0.832,1.724,0.275
2124,0,0.672,2.469,0.444
2125,0,0.77,2.124,0.322
2126,0,0.684,2.367,0.419
2127,0,0.848,1.762,0.274
2128,0,0.863,1.587,0.248
2129,0,0.777,2.054,0.361
2130,0,0.855,1.63,0.253
2131,0,0.836,1.737,0.277
2132,0,0.719,2.258,0.371
2133,0,0.844,1.669,0.261
2134,0,0.918,1.481,0.194
2135,0,0.703,2.255,0.379
2136,0,0.727,2.251,0.379
2137,0,0.82,1.804,0.277
2138,0,0.828,1.878,0.307
2139,0,0.816,2.045,0.347
2140,0,0.758,1.894,0.348
2141,0,0.781,2.024,0.359
2142,0,0.836,1.701,0.262
2143,0,0.801,1.917,0.307
2144,0,0.859,1.589,0.257
2145,0,0.977,1.632,0.305
2146,0,0.773,2.085,0.344
2147,0,0.812,1.875,0.311
2148,0,0.73,2.278,0.36
2149,0,0.781,1.964,0.322
2150,0,0.746,2.098,0.358
2151,0,0.867,1.62,0.238
2152,0,0.746,2.005,0.354
2153,0,0.773,2.063,0.34
2154,0,0.766,1.994,0.336
2155,0,0.812,1.989,0.321
2156,0,0.836,1.731,0.321
2157,0,0.844,1.713,0.274
2158,0,0.789,1.96,0.315
2159,0,0.727,2.203,0.388
2160,0,0.691,2.4,0.411
2161,0,0.707,2.353,0.399
2162,0,0.855,1.633,0.264
2163,0,0.773,2.024,0.353
2164,0,0.848,1.622,0.26
2165,0,0.758,2.071,0.369
2166,0,0.898,1.536,0.237
2167,0,0.887,1.575,0.218
2168,0,0.758,2.202,0.363
2169,0,0.75,2.126,0.36
2170,0,0.91,1.447,0.211
2171,0,0.797,1.999,0.326
2172,0,0.695,2.358,0.408
2173,0,0.758,2.205,0.371
2174,0,0.742,2.131,0.352
2175,0,0.703,2.2,0.385
2176,0,0.734,2.209,0.392
2177,0,0.855,1.742,0.267
2178,0,0.742,2.13,0.348
2179,0,0.883,1.612,0.23
2180,0,0.727,2.088,0.374
2181,0,0.773,1.748,0.242
2182,0,0.789,1.99,0.324
2183,0,0.727,2.252,0.419
2184,0,0.797,1.941,0.295
2185,0,0.773,1.954,0.337
2186,0,0.832,1.738,0.272
2187,0,0.844,1.777,0.265
2188,0,0.695,2.389,0.411
2189,0,0.625,2.658,0.461
2190,0,0.824,1.773,0.271
2191,0,0.828,1.669,0.269
2192,0,0.758,2.087,0.361
2193,0,0.828,1.823,0.293
2194,0,0.781,1.917,0.308
2195,0,0.812,1.725,0.274
2196,0,0.773,2.092,0.349
2197,0,0.812,1.878,0.279
2198,0,0.859,1.477,0.233
2199,0,0.875,1.442,0.18
2200,0,0.805,1.888,0.32
2201,0,0.781,1.968,0.348
2202,0,0.758,2.155,0.344
2203,0,0.707,2.383,0.41
2204,0,0.527,3.408,0.592
2205,0,0.828,1.769,0.301
2206,0,0.734,2.283,0.367
2207,0,0.734,2.104,0.357
2208,0,0.734,2.244,0.388
2209,0,0.793,1.981,0.329
2210,0,0.77,1.982,0.295
2211,0,0.695,2.352,0.393
2212,0,0.734,2.165,0.38
2213,0,0.812,1.766,0.304
2214,0,0.855,1.686,0.253
2215,0,0.789,1.917,0.301
2216,0,0.766,2.117,0.365
2217,0,0.906,1.452,0.191
2218,0,0.656,2.356,0.438
2219,0,0.859,1.612,0.255
2220,0,0.695,2.498,0.42
2221,0,0.789,2.12,0.347
2222,0,0.793,1.921,0.298
2223,0,0.688,2.428,0.427
2224,0,0.738,2.244,0.362
2225,0,0.816,1.786,0.294
2226,0,0.75,2.1,0.362
2227,0,0.672,2.558,0.432
2228,0,0.934,1.435,0.193
2229,0,0.766,2.082,0.363
2230,0,0.719,2.281,0.383
2231,0,0.707,2.382,0.41
2232,0,0.922,1.701,0.244
2233,0,0.781,2.088,0.324
2234,0,0.934,1.347,0.13
2235,0,0.695,2.404,0.398
2236,0,0.836,1.868,0.293
2237,0,0.711,2.354,0.399
2238,0,0.762,2.141,0.34
2239,0,0.773,1.996,0.318
2240,0,0.914,1.59,0.249
2241,0,0.754,2.069,0.362
2242,0,0.93,1.339,0.18
2243,0,0.695,2.303,0.397
2244,0,0.801,1.798,0.304
2245,0,0.664,2.451,0.443
2246,0,0.773,2.0,0.325
2247,0,0.789,2.012,0.322
2248,0,0.805,1.828,0.293
2249,0,0.711,2.351,0.4
2250,0,0.758,2.204,0.376
2251,0,0.684,2.41,0.433
2252,0,0.742,2.175,0.352
2253,0,0.738,2.267,0.387
2254,0,0.82,1.712,0.285
2255,0,0.891,1.516,0.212
2256,0,0.648,2.504,0.466
2257,0,0.75,2.196,0.362
2258,0,0.812,1.784,0.309
2259,0,0.727,2.287,0.373
2260,0,0.805,1.782,0.289
2261,0,0.824,1.68,0.267
2262,0,0.984,1.321,0.118
2263,0,0.797,1.816,0.301
2264,0,0.789,1.89,0.333
2265,0,0.75,2.137,0.382
2266,0,0.793,1.948,0.327
2267,0,0.82,1.864,0.282
2268,0,0.836,1.706,0.265
2269,0,0.719,2.429,0.403
2270,0,0.879,1.621,0.259
2271,0,0.633,2.654,0.469
2272,0,0.789,1.978,0.301
2273,0,0.727,2.254,0.377
2274,0,0.734,2.203,0.36
2275,0,0.812,1.727,0.255
2276,0,0.82,1.873,0.293
2277,0,0.715,2.286,0.38
2278,0,0.883,1.466,0.201
2279,0,0.766,2.072,0.369
2280,0,0.805,1.858,0.307
2281,0,0.945,1.347,0.157
2282,0,0.812,1.839,0.296
2283,0,0.855,1.657,0.241
2284,0,0.785,2.005,0.325
2285,0,0.711,2.329,0.404
2286,0,0.82,1.786,0.29
2287,0,0.672,2.466,0.421
2288,0,0.781,1.933,0.322
2289,0,0.859,1.642,0.247
2290,0,0.742,2.203,0.37
2291,0,0.773,2.045,0.35
2292,0,0.809,1.869,0.31
2293,0,0.75,2.207,0.375
2294,0,0.82,1.752,0.262
2295,0,0.727,2.265,0.395
2296,0,0.75,2.066,0.34
2297,0,0.797,1.942,0.306
2298,0,0.789,1.933,0.329
2299,0,0.797,1.758,0.295
2300,0,0.738,2.273,0.367
2301,0,0.82,1.785,0.274
2302,0,0.684,2.606,0.43
2303,0,0.789,1.929,0.3
2304,0,0.59,2.982,0.54
2305,0,0.938,1.374,0.105
2306,0,0.883,1.467,0.21
2307,0,0.832,1.84,0.296
2308,0,0.75,2.028,0.36
2309,0,0.82,1.795,0.299
2310,0,0.758,2.135,0.35
2311,0,0.805,1.952,0.33
2312,0,0.672,2.367,0.432
2313,0,0.797,1.996,0.333
2314,0,0.836,1.797,0.301
2315,0,0.824,1.756,0.294
2316,0,0.742,2.166,0.372
2317,0,0.719,2.24,0.401
2318,0,0.891,1.553,0.232
2319,0,0.758,2.014,0.37
2320,0,0.766,2.104,0.339
2321,0,0.879,1.543,0.22
2322,0,0.852,1.808,0.28
2323,0,0.82,1.733,0.286
2324,0,0.875,1.442,0.224
2325,0,0.84,1.653,0.249
2326,0,0.859,1.592,0.248
2327,0,0.797,2.052,0.341
2328,0,0.797,1.965,0.334
2329,0,0.789,1.999,0.335
2330,0,0.719,2.385,0.396
2331,0,0.812,1.929,0.306
2332,0,0.691,2.348,0.411
2333,0,0.742,2.153,0.358
2334,0,0.723,2.261,0.406
2335,0,0.883,1.5,0.218
2336,0,0.789,1.952,0.332
2337,0,0.766,2.062,0.338
2338,0,0.828,1.838,0.292
2339,0,0.836,1.492,0.234
2340,0,0.82,1.87,0.283
2341,0,0.828,1.752,0.288
2342,0,0.734,2.183,0.379
2343,0,0.859,1.788,0.268
2344,0,0.707,2.278,0.391
2345,0,0.766,2.094,0.35
2346,0,0.797,1.908,0.303
2347,0,0.742,1.982,0.343
2348,0,0.801,1.884,0.282
2349,0,0.793,1.866,0.273
2350,0,0.742,2.069,0.367
2351,0,0.797,1.908,0.304
2352,0,0.738,2.278,0.393
2353,0,0.773,1.967,0.301
2354,0,0.875,1.591,0.211
2355,0,0.906,1.542,0.188
2356,0,0.727,2.209,0.367
2357,0,0.781,2.011,0.339
2358,0,0.676,2.472,0.431
2359,0,0.766,2.147,0.385
2360,0,0.773,2.063,0.323
2361,0,0.777,2.061,0.323
2362,0,0.867,1.693,0.274
2363,0,0.691,2.493,0.423
2364,0,0.766,2.182,0.355
2365,0,0.809,1.744,0.273
2366,0,0.812,1.816,0.292
2367,0,0.805,1.857,0.299
2368,0,0.695,2.403,0.423
2369,0,0.805,1.902,0.304
2370,0,0.918,1.375,0.213
2371,0,0.766,2.153,0.336
2372,0,0.828,1.912,0.301
2373,0,0.773,2.079,0.359
2374,0,0.75,2.123,0.359
2375,0,0.816,1.852,0.299
2376,0,0.875,1.541,0.224
2377,0,0.762,1.987,0.363
2378,0,0.762,2.032,0.342
2379,0,1.078,1.308,0.183
2380,0,0.762,2.089,0.367
2381,0,0.812,1.876,0.3
2382,0,0.875,1.493,0.218
2383,0,0.852,1.729,0.274
2384,0,0.789,1.826,0.316
2385,0,0.645,2.455,0.467
2386,0,0.703,2.29,0.393
2387,0,0.68,2.7,0.445
2388,0,0.785,2.029,0.339
2389,0,0.742,2.181,0.368
2390,0,0.844,1.746,0.265
2391,0,0.895,1.457,0.192
2392,0,0.848,1.705,0.287
2393,0,0.789,1.941,0.292
2394,0,0.875,1.648,0.275
2395,0,0.688,2.507,0.454
2396,0,0.719,2.202,0.383
2397,0,0.812,1.816,0.289
2398,0,0.777,1.884,0.366
2399,0,0.82,1.84,0.285
2400,0,0.809,1.82,0.288
2401,0,0.82,1.877,0.278
2402,0,0.793,1.938,0.304
2403,0,0.859,1.52,0.251
2404,0,0.789,1.877,0.35
2405,0,0.859,1.72,0.271
2406,0,0.844,1.803,0.29
2407,0,0.672,2.358,0.413
2408,0,0.68,2.38,0.418
2409,0,0.836,1.746,0.286
2410,0,0.82,1.87,0.302
2411,0,0.711,2.284,0.38
2412,0,0.836,1.744,0.273
2413,0,0.742,2.226,0.364
2414,0,0.836,1.912,0.285
2415,0,0.68,2.347,0.407
2416,0,0.797,1.879,0.306
2417,0,0.75,2.022,0.334
2418,0,0.867,1.497,0.229
2419,0,0.723,2.227,0.382
2420,0,0.828,1.756,0.294
2421,0,0.812,1.757,0.288
2422,0,0.727,2.175,0.386
2423,0,0.867,1.571,0.227
2424,0,0.867,1.674,0.243
2425,0,0.656,2.573,0.444
2426,0,0.859,1.716,0.26
2427,0,0.812,1.966,0.331
2428,0,0.75,2.011,0.336
2429,0,0.812,1.778,0.306
2430,0,0.789,2.004,0.32
2431,0,0.828,1.857,0.309
2432,0,0.848,1.775,0.275
2433,0,0.836,1.751,0.261
2434,0,0.875,1.531,0.226
2435,0,0.758,2.02,0.35
2436,0,0.648,2.587,0.488
2437,0,0.91,1.518,0.208
2438,0,1.0,1.116,0.066
2439,0,0.766,2.083,0.355
2440,0,0.766,2.091,0.344
2441,0,0.762,2.012,0.33
2442,0,0.891,1.49,0.2
2443,0,0.742,2.137,0.359
2444,0,0.633,2.769,0.468
2445,0,0.676,2.531,0.429
2446,0,0.699,2.334,0.393
2447,0,0.742,2.302,0.36
2448,0,0.82,1.839,0.286
2449,0,0.832,1.782,0.29
2450,0,0.797,1.794,0.301
2451,0,0.812,1.746,0.308
2452,0,0.855,1.806,0.276
2453,0,0.703,2.336,0.413
2454,0,0.766,2.037,0.332
2455,0,0.672,2.377,0.412
2456,0,0.809,1.876,0.296
2457,0,0.758,2.205,0.371
2458,0,0.828,1.786,0.295
2459,0,0.672,2.446,0.418
2460,0,0.719,2.318,0.37
2461,0,0.766,1.997,0.337
2462,0,0.797,1.829,0.286
2463,0,0.734,2.146,0.361
2464,0,0.824,1.787,0.297
2465,0,0.691,2.414,0.423
2466,0,0.57,2.901,0.515
2467,0,0.863,1.57,0.227
2468,0,0.805,1.835,0.309
2469,0,0.812,1.814,0.275
2470,0,0.785,2.095,0.33
2471,0,0.695,2.422,0.422
2472,0,0.68,2.355,0.419
2473,0,0.727,2.018,0.362
2474,0,0.703,2.382,0.388
2475,0,0.695,2.344,0.387
2476,0,0.68,2.431,0.421
2477,0,0.715,2.319,0.388
2478,0,0.758,2.056,0.358
2479,0,0.828,1.706,0.246
2480,0,0.805,1.878,0.296
2481,0,0.695,2.365,0.415
2482,0,0.816,1.782,0.283
2483,0,0.836,1.669,0.254
2484,0,0.695,2.385,0.41
2485,0,0.812,1.909,0.295
2486,0,0.789,1.868,0.307
2487,0,0.734,2.33,0.361
2488,0,0.727,2.208,0.362
2489,0,0.805,1.888,0.322
2490,0,0.828,1.837,0.3
2491,0,0.875,1.543,0.231
2492,0,0.785,1.885,0.327
2493,0,0.824,1.761,0.246
2494,0,0.773,2.111,0.345
2495,0,0.828,1.787,0.293
2496,0,0.672,2.647,0.476
2497,0,0.734,2.312,0.356
2498,0,0.828,1.743,0.291
2499,0,0.812,1.916,0.293
2500,0,0.812,1.849,0.3
2501,0,0.828,1.859,0.273
2502,0,0.812,1.543,0.187
2503,0,0.809,1.829,0.291
2504,0,0.547,3.313,0.55
2505,0,0.855,1.631,0.247
2506,0,0.773,1.991,0.305
2507,0,0.703,2.417,0.408
2508,0,0.797,2.008,0.348
2509,0,0.629,2.711,0.462
2510,0,0.941,1.287,0.163
2511,0,0.727,2.117,0.371
2512,0,0.863,1.651,0.246
2513,0,0.75,2.081,0.344
2514,0,0.805,1.891,0.302
2515,0,0.887,1.53,0.232
2516,0,0.836,1.752,0.26
2517,0,0.75,2.2,0.352
2518,0,0.852,1.601,0.264
2519,0,0.812,1.715,0.308
2520,0,0.648,2.573,0.452
2521,0,0.898,1.414,0.195
2522,0,0.711,2.305,0.374
2523,0,0.82,1.865,0.296
2524,0,0.812,1.835,0.294
2525,0,0.883,1.558,0.227
2526,0,0.742,2.165,0.374
2527,0,0.703,2.35,0.382
2528,0,0.672,2.629,0.424
2529,0,0.656,2.62,0.448
2530,0,0.789,1.974,0.306
2531,0,0.875,1.514,0.233
2532,0,0.809,1.806,0.28
2533,0,0.688,2.568,0.426
2534,0,0.883,1.78,0.331
2535,0,0.75,1.745,0.249
2536,0,0.848,1.561,0.255
2537,0,0.859,1.592,0.249
2538,0,0.855,1.666,0.246
2539,0,0.801,1.811,0.282
2540,0,0.824,2.133,0.356
2541,0,0.742,2.204,0.366
2542,0,0.797,1.898,0.288
2543,0,0.805,1.868,0.327
2544,0,0.648,2.603,0.43
2545,0,0.812,1.796,0.278
2546,0,0.902,1.577,0.226
2547,0,0.672,2.365,0.404
2548,0,0.82,1.821,0.276
2549,0,0.77,1.953,0.325
2550,0,0.621,2.838,0.467
2551,0,0.75,2.097,0.362
2552,0,0.695,2.317,0.414
2553,0,0.797,1.988,0.299
2554,0,0.828,1.685,0.252
2555,0,0.805,1.88,0.292
2556,0,0.84,1.709,0.248
2557,0,0.672,2.583,0.454
2558,0,0.68,2.655,0.462
2559,0,0.68,2.494,0.424
2560,0,0.852,1.562,0.253
2561,0,0.902,1.739,0.227
2562,0,0.84,1.688,0.269
2563,0,0.871,1.548,0.229
2564,0,0.746,2.222,0.376
2565,0,0.695,2.251,0.388
2566,0,0.703,2.504,0.438
2567,0,0.875,1.584,0.228
2568,0,0.715,2.285,0.383
2569,0,0.672,2.399,0.43
2570,0,0.602,2.646,0.478
2571,0,0.891,1.542,0.194
2572,0,0.734,2.099,0.364
2573,0,0.812,1.8,0.293
2574,0,0.656,2.572,0.444
2575,0,0.82,1.884,0.283
2576,0,0.723,2.263,0.375
2577,0,0.641,2.584,0.445
2578,0,0.766,1.994,0.31
2579,0,0.93,1.398,0.177
2580,0,0.789,1.927,0.279
2581,0,0.812,1.823,0.329
2582,0,0.82,1.836,0.316
2583,0,0.941,1.393,0.189
2584,0,0.836,1.697,0.236
2585,0,0.805,1.919,0.327
2586,0,0.758,2.106,0.339
2587,0,0.734,2.265,0.377
2588,0,1.188,1.217,0.061
2589,0,0.852,1.767,0.264
2590,0,0.883,1.711,0.233
2591,0,0.797,1.858,0.281
2592,0,0.695,2.405,0.403
2593,0,0.867,1.526,0.25
2594,0,0.812,1.841,0.29
2595,0,0.898,1.405,0.187
2596,0,0.75,2.061,0.355
2597,0,0.719,2.335,0.413
2598,0,0.781,1.82,0.32
2599,0,0.738,2.334,0.409
2600,0,0.809,1.808,0.319
2601,0,0.668,2.495,0.431
2602,0,0.711,2.389,0.39
2603,0,0.812,1.828,0.282
2604,0,0.824,1.728,0.28
2605,0,0.832,1.839,0.286
2606,0,0.711,2.25,0.383
2607,0,0.914,1.373,0.197
2608,0,0.711,2.313,0.394
2609,0,0.773,2.099,0.335
2610,0,0.781,2.543,0.502
2611,0,0.918,1.461,0.213
2612,0,0.836,1.768,0.264
2613,0,0.656,2.777,0.468
2614,0,0.867,1.499,0.227
2615,0,0.82,1.739,0.302
2616,0,0.68,2.387,0.414
2617,0,0.848,1.628,0.268
2618,0,0.852,1.704,0.28
2619,0,0.797,1.634,0.202
2620,0,0.73,2.206,0.375
2621,0,0.773,1.976,0.335
2622,0,0.852,1.587,0.237
2623,0,0.617,2.687,0.484
2624,0,0.828,1.811,0.273
2625,0,0.75,2.085,0.355
2626,0,0.754,2.047,0.343
2627,0,0.602,2.836,0.493
2628,0,0.852,1.651,0.253
2629,0,0.875,1.598,0.262
2630,0,0.812,1.845,0.281
2631,0,0.797,1.91,0.315
2632,0,0.82,1.743,0.285
2633,0,0.789,1.869,0.28
2634,0,0.648,2.654,0.436
2635,0,0.824,1.807,0.287
2636,0,0.766,2.038,0.357
2637,0,0.891,1.551,0.242
2638,0,0.914,1.515,0.212
2639,0,0.773,2.087,0.326
2640,0,0.648,2.63,0.439
2641,0,0.75,2.184,0.328
2642,0,0.742,2.088,0.343
2643,0,0.898,1.513,0.224
2644,0,0.609,2.729,0.485
2645,0,0.711,2.248,0.413
2646,0,0.82,1.816,0.28
2647,0,0.875,1.738,0.251
2648,0,0.984,1.204,0.071
2649,0,0.754,2.11,0.364
2650,0,0.91,1.454,0.197
2651,0,0.797,1.896,0.321
2652,0,0.711,2.52,0.453
2653,0,0.734,2.159,0.361
2654,0,0.781,1.979,0.316
2655,0,0.727,2.423,0.434
2656,0,0.773,2.08,0.349
2657,0,0.812,1.885,0.299
2658,0,0.672,2.495,0.438
2659,0,0.812,1.774,0.264
2660,0,0.809,1.845,0.293
2661,0,0.742,2.045,0.341
2662,0,0.766,2.076,0.332
2663,0,0.75,2.16,0.396
2664,0,0.805,1.959,0.327
2665,0,0.781,2.017,0.336
2666,0,0.703,2.438,0.426
2667,0,0.816,1.835,0.314
2668,0,0.602,2.829,0.483
2669,0,0.84,1.619,0.259
2670,0,0.777,1.933,0.333
2671,0,0.895,1.546,0.235
2672,0,0.836,1.889,0.293
2673,0,0.789,1.988,0.333
2674,0,0.832,1.548,0.254
2675,0,0.867,1.628,0.251
2676,0,0.781,2.03,0.341
2677,0,0.789,1.87,0.3
2678,0,0.77,2.044,0.343
2679,0,0.664,2.572,0.444
2680,0,0.789,1.965,0.32
2681,0,0.828,1.784,0.283
2682,0,1.07,1.234,0.076
2683,0,0.641,2.77,0.482
2684,0,0.883,1.71,0.259
2685,0,0.742,2.114,0.355
2686,0,0.738,2.206,0.343
2687,0,0.73,2.33,0.367
2688,0,0.855,1.674,0.234
2689,0,0.719,2.243,0.379
2690,0,0.734,2.349,0.382
2691,0,0.695,2.251,0.433
2692,0,0.828,1.827,0.287
2693,0,0.75,2.011,0.352
2694,0,0.738,2.122,0.368
2695,0,0.781,1.911,0.338
2696,0,0.66,2.5,0.46
2697,0,0.824,1.685,0.273
2698,0,0.789,2.068,0.37
2699,0,0.715,2.284,0.387
2700,0,0.867,1.536,0.264
2701,0,0.75,2.274,0.363
2702,0,0.848,1.625,0.273
2703,0,0.699,2.364,0.402
2704,0,0.852,1.645,0.233
2705,0,0.785,2.081,0.333
2706,0,0.77,2.101,0.36
2707,0,0.703,2.265,0.398
2708,0,0.758,2.06,0.357
2709,0,0.836,1.672,0.265
2710,0,0.852,1.691,0.248
2711,0,0.82,1.799,0.305
2712,0,0.805,1.861,0.301
2713,0,0.758,2.007,0.325
2714,0,0.766,2.041,0.371
2715,0,0.812,1.849,0.302
2716,0,0.82,1.857,0.301
2717,0,0.859,1.677,0.245
2718,0,0.781,1.973,0.337
2719,0,0.805,1.759,0.276
2720,0,0.805,1.741,0.285
2721,0,0.816,1.832,0.278
2722,0,0.789,2.138,0.324
2723,0,0.812,1.746,0.317
2724,0,0.875,1.491,0.193
2725,0,0.746,2.261,0.354
2726,0,0.766,2.208,0.355
2727,0,0.766,2.031,0.365
2728,0,0.859,1.693,0.262
2729,0,0.734,2.305,0.389
2730,0,0.723,2.356,0.397
2731,0,0.852,1.621,0.254
2732,0,0.828,1.835,0.289
2733,0,0.801,1.926,0.33
2734,0,0.863,1.56,0.221
2735,0,0.895,1.464,0.203
2736,0,0.703,2.308,0.407
2737,0,0.695,2.366,0.397
2738,0,0.914,1.437,0.197
2739,0,0.805,1.774,0.296
2740,0,0.859,1.685,0.253
2741,0,0.879,1.381,0.213
2742,0,0.816,1.807,0.297
2743,0,0.684,2.337,0.391
2744,0,0.922,1.416,0.212
2745,0,0.742,2.1,0.36
2746,0,0.781,1.927,0.321
2747,0,0.676,2.419,0.426
2748,0,0.742,2.158,0.371
2749,0,0.809,1.805,0.3
2750,0,0.797,1.944,0.297
2751,0,0.781,2.072,0.342
2752,0,0.766,2.035,0.337
2753,0,0.738,2.207,0.365
2754,0,0.844,1.738,0.292
2755,0,0.824,1.819,0.273
2756,0,0.789,1.864,0.321
2757,0,0.773,2.096,0.342
2758,0,0.695,2.52,0.42
2759,0,0.887,1.46,0.233
2760,0,0.629,2.696,0.455
2761,0,0.898,1.507,0.215
2762,0,0.773,2.006,0.355
2763,0,0.801,1.963,0.313
2764,0,0.836,1.682,0.259
2765,0,0.812,1.88,0.306
2766,0,0.695,2.42,0.45
2767,0,0.824,1.733,0.276
2768,0,0.586,3.065,0.517
2769,0,0.832,1.653,0.246
2770,0,0.727,2.318,0.381
2771,0,0.688,2.404,0.421
2772,0,0.848,1.556,0.233
2773,0,0.816,1.926,0.292
2774,0,0.766,2.064,0.343
2775,0,0.734,2.469,0.39
2776,0,0.656,2.626,0.432
2777,0,0.777,1.988,0.328
2778,0,0.766,2.018,0.333
2779,0,1.0,1.258,0.171
2780,0,0.766,1.992,0.321
2781,0,0.852,1.676,0.271
2782,0,0.801,1.994,0.332
2783,0,0.734,2.235,0.366
2784,0,0.828,1.827,0.276
2785,0,0.75,2.081,0.366
2786,0,0.652,2.698,0.453
2787,0,0.852,1.599,0.263
2788,0,0.789,2.018,0.324
2789,0,0.852,1.7,0.262
2790,0,0.742,2.267,0.365
2791,0,0.785,1.903,0.311
2792,0,0.844,1.75,0.271
2793,0,0.844,1.927,0.282
2794,0,0.629,2.729,0.481
2795,0,0.816,1.84,0.297
2796,0,0.766,2.062,0.347
2797,0,0.855,1.602,0.212
2798,0,0.852,1.658,0.287
2799,0,0.703,2.585,0.406
2800,0,0.828,1.723,0.272
2801,0,0.797,1.932,0.319
2802,0,0.625,2.825,0.472
2803,0,0.809,1.9,0.304
2804,0,0.82,1.823,0.297
2805,0,0.793,1.921,0.318
2806,0,0.801,1.945,0.324
2807,0,0.789,2.009,0.314
2808,0,0.746,2.205,0.373
2809,0,0.762,2.104,0.363
2810,0,0.684,2.48,0.42
2811,0,0.836,1.777,0.265
2812,0,0.703,2.302,0.392
2813,0,0.867,1.675,0.262
2814,0,0.82,1.881,0.288
2815,0,0.785,1.933,0.322
2816,0,0.75,2.121,0.379
2817,0,0.75,2.118,0.367
2818,0,0.703,2.243,0.4
2819,0,0.672,2.585,0.439
2820,0,0.734,2.224,0.365
2821,0,0.797,1.904,0.306
2822,0,0.664,2.389,0.409
2823,0,0.676,2.514,0.432
2824,0,0.828,1.726,0.268
2825,0,0.832,1.937,0.263
2826,0,0.664,2.534,0.442
2827,0,0.711,2.28,0.386
2828,0,0.738,2.155,0.36
2829,0,0.75,2.162,0.367
2830,0,0.625,2.783,0.495
2831,0,0.812,1.806,0.297
2832,0,0.852,1.585,0.242
2833,0,0.625,2.757,0.476
2834,0,0.812,1.819,0.282
2835,0,0.762,2.084,0.359
2836,0,0.824,1.741,0.283
2837,0,0.789,1.872,0.306
2838,0,0.738,2.077,0.355
2839,0,0.793,1.862,0.292
2840,0,0.703,2.43,0.41
2841,0,0.836,1.785,0.278
2842,0,0.711,2.254,0.394
2843,0,0.684,2.32,0.415
2844,0,0.797,1.809,0.287
2845,0,0.867,1.573,0.243
2846,0,0.867,1.485,0.217
2847,0,0.816,1.758,0.248
2848,0,0.719,2.44,0.414
2849,0,0.871,1.668,0.225
2850,0,0.758,2.111,0.338
2851,0,0.82,1.884,0.288
2852,0,0.766,2.073,0.33
2853,0,0.82,1.742,0.278
2854,0,0.758,1.999,0.375
2855,0,0.734,2.024,0.396
2856,0,0.734,2.265,0.382
2857,0,0.844,1.747,0.295
2858,0,0.816,1.875,0.329
2859,0,0.758,2.114,0.354
2860,0,0.895,1.454,0.194
2861,0,0.988,1.246,0.112
2862,0,0.848,1.775,0.302
2863,0,0.652,2.698,0.465
2864,0,0.766,2.126,0.351
2865,0,0.594,2.922,0.505
2866,0,0.797,1.957,0.298
2867,0,0.734,2.184,0.367
2868,0,0.734,2.273,0.38
2869,0,0.703,2.36,0.399
2870,0,0.746,2.173,0.375
2871,0,0.832,1.712,0.253
2872,0,0.633,2.615,0.468
2873,0,0.688,2.441,0.419
2874,0,0.812,1.81,0.29
2875,0,0.766,2.015,0.305
2876,0,0.789,1.84,0.311
2877,0,0.895,1.338,0.193
2878,0,0.82,1.83,0.306
2879,0,0.941,1.386,0.171
2880,0,0.844,1.731,0.268
2881,0,0.805,1.825,0.293
2882,0,0.805,1.966,0.308
2883,0,0.863,1.554,0.241
2884,0,0.812,1.75,0.294
2885,0,0.629,2.668,0.451
2886,0,0.812,1.911,0.318
2887,0,0.773,2.087,0.323
2888,0,0.727,2.275,0.39
2889,0,0.684,2.388,0.397
2890,0,0.758,2.176,0.333
2891,0,0.73,2.355,0.376
2892,0,0.711,2.136,0.419
2893,0,0.719,2.223,0.392
2894,0,0.82,1.744,0.269
2895,0,0.805,1.934,0.306
2896,0,0.836,1.693,0.278
2897,0,0.641,2.671,0.46
2898,0,0.797,1.943,0.305
2899,0,0.77,2.061,0.349
2900,0,0.781,2.052,0.309
2901,0,0.805,1.964,0.349
2902,0,0.891,1.494,0.215
2903,0,0.703,2.334,0.389
2904,0,0.781,1.942,0.35
2905,0,0.809,1.926,0.306
2906,0,0.742,2.17,0.373
2907,0,0.486,3.473,0.627
2908,0,0.879,1.515,0.206
2909,0,0.742,2.142,0.365
2910,0,0.688,2.469,0.403
2911,0,0.793,1.95,0.324
2912,0,0.684,2.559,0.46
2913,0,0.766,1.96,0.338
2914,0,0.793,1.884,0.299
2915,0,0.711,2.225,0.379
2916,0,0.672,2.616,0.437
2917,0,0.824,1.784,0.29
2918,0,0.773,2.103,0.332
2919,0,0.711,2.382,0.403
2920,0,0.855,1.653,0.263
2921,0,0.781,1.792,0.285
2922,0,0.801,1.882,0.294
2923,0,0.75,2.041,0.343
2924,0,0.645,2.576,0.44
2925,0,0.773,2.049,0.332
2926,0,0.734,2.147,0.357
2927,0,0.699,2.435,0.42
2928,0,0.828,1.707,0.303
2929,0,0.656,2.502,0.414
2930,0,0.711,2.296,0.4
2931,0,0.805,1.949,0.307
2932,0,0.785,1.703,0.348
2933,0,0.781,1.989,0.334
2934,0,0.848,1.649,0.263
2935,0,0.836,1.742,0.26
2936,0,0.828,1.73,0.286
2937,0,0.793,1.834,0.309
2938,0,0.75,2.048,0.358
2939,0,0.664,2.633,0.445
2940,0,0.691,2.38,0.371
2941,0,0.719,2.358,0.389
2942,0,0.844,1.755,0.293
2943,0,0.848,1.648,0.369
2944,0,0.777,2.018,0.334
2945,0,0.852,1.716,0.262
2946,0,0.703,2.276,0.378
2947,0,0.816,1.929,0.287
2948,0,0.703,2.422,0.403
2949,0,0.82,1.712,0.295
2950,0,0.656,2.696,0.434
2951,0,0.895,1.411,0.201
2952,0,0.68,2.558,0.414
2953,0,0.633,2.721,0.465
2954,0,0.859,1.55,0.233
2955,0,0.668,2.519,0.449
2956,0,0.742,2.274,0.382
2957,0,0.648,2.537,0.46
2958,0,0.566,2.953,0.514
2959,0,0.797,1.88,0.309
2960,0,0.734,2.268,0.374
2961,0,0.723,2.281,0.387
2962,0,0.836,1.751,0.251
2963,0,0.656,2.736,0.445
2964,0,0.828,1.747,0.266
2965,0,0.695,2.474,0.396
2966,0,0.703,2.397,0.37
2967,0,0.891,1.56,0.249
2968,0,0.914,1.464,0.247
2969,0,0.688,2.463,0.452
2970,0,0.789,2.002,0.339
2971,0,0.828,1.872,0.308
2972,0,0.777,1.969,0.321
2973,0,0.926,1.44,0.182
2974,0,0.836,1.876,0.299
2975,0,0.676,2.564,0.434
2976,0,0.801,2.007,0.327
2977,0,0.711,2.185,0.391
2978,0,0.668,2.548,0.456
2979,0,0.684,2.401,0.42
2980,0,0.75,2.166,0.354
2981,0,0.738,2.374,0.38
2982,0,0.773,2.052,0.328
2983,0,0.809,1.856,0.307
2984,0,0.777,2.131,0.344
2985,0,0.672,2.498,0.44
2986,0,0.805,1.888,0.41
2987,0,0.781,2.018,0.336
2988,0,0.785,1.957,0.31
2989,0,0.844,1.737,0.255
2990,0,0.637,2.618,0.453
2991,0,0.617,2.896,0.478
2992,0,0.699,2.433,0.42
2993,0,0.957,1.591,0.18
2994,0,0.715,2.339,0.388
2995,0,0.793,2.0,0.333
2996,0,0.762,1.637,0.269
2997,0,0.859,1.88,0.289
2998,0,0.727,2.39,0.386
2999,0,0.734,1.733,0.266
3000,0,0.742,2.203,0.358
3001,0,0.836,1.799,0.285
3002,0,0.762,2.075,0.335
3003,0,0.758,2.183,0.33
3004,0,0.926,1.194,0.098
3005,0,0.699,2.396,0.407
3006,0,0.691,2.528,0.423
3007,0,0.789,1.906,0.314
3008,0,0.695,2.389,0.398
3009,0,0.848,1.686,0.255
3010,0,0.848,1.773,0.256
3011,0,0.738,2.202,0.356
3012,0,0.711,2.395,0.419
3013,0,0.797,1.96,0.301
3014,0,0.781,1.933,0.34
3015,0,0.82,1.864,0.275
3016,0,0.758,2.132,0.383
3017,0,0.695,2.44,0.428
3018,0,0.77,2.052,0.34
3019,0,0.66,2.677,0.458
3020,0,0.727,2.284,0.379
3021,0,0.871,1.508,0.241
3022,0,0.883,1.464,0.191
3023,0,0.707,2.45,0.413
3024,0,0.812,1.898,0.3
3025,0,0.836,1.85,0.326
3026,0,0.688,2.544,0.428
3027,0,0.742,2.233,0.362
3028,0,0.805,1.966,0.308
3029,0,0.691,2.475,0.412
3030,0,0.719,2.422,0.371
3031,0,0.801,1.813,0.29
3032,0,0.875,1.442,0.232
3033,0,0.82,1.782,0.289
3034,0,0.766,2.044,0.343
3035,0,0.66,2.609,0.454
3036,0,0.863,1.581,0.245
3037,0,0.797,1.903,0.306
3038,0,0.789,1.956,0.318
3039,0,0.723,2.247,0.383
3040,0,0.777,1.899,0.328
3041,0,0.812,1.87,0.297
3042,0,0.895,1.441,0.234
3043,0,0.789,2.013,0.347
3044,0,0.809,1.958,0.308
3045,0,0.73,2.299,0.375
3046,0,0.711,2.148,0.401
3047,0,0.879,1.571,0.238
3048,0,0.82,2.038,0.336
3049,0,0.793,1.893,0.294
3050,0,0.805,1.955,0.307
3051,0,0.684,2.466,0.413
3052,0,0.742,2.325,0.377
3053,0,0.766,2.042,0.335
3054,0,0.863,1.632,0.259
3055,0,0.688,2.413,0.441
3056,0,0.75,2.359,0.357
3057,0,0.742,2.215,0.364
3058,0,0.836,1.813,0.275
3059,0,0.758,2.085,0.325
3060,0,0.719,2.234,0.366
3061,0,0.836,1.783,0.287
3062,0,0.617,2.848,0.489
3063,0,0.68,2.497,0.461
3064,0,0.734,2.227,0.352
3065,0,0.805,1.836,0.308
3066,0,0.781,2.069,0.306
3067,0,0.844,1.671,0.278
3068,0,0.797,1.86,0.31
3069,0,0.746,2.249,0.373
3070,0,0.648,2.618,0.461
3071,0,0.77,2.079,0.356
3072,0,0.664,2.623,0.423
3073,0,0.727,2.303,0.378
3074,0,0.711,2.341,0.401
3075,0,0.809,1.877,0.292
3076,0,0.805,1.878,0.299
3077,0,0.727,2.278,0.393
3078,0,0.781,1.986,0.317
3079,0,0.801,1.861,0.331
3080,0,0.719,2.242,0.356
3081,0,0.824,1.622,0.246
3082,0,0.82,1.851,0.294
3083,0,0.645,2.623,0.463
3084,0,0.762,1.494,0.13
3085,0,0.746,2.199,0.349
3086,0,0.773,2.07,0.328
3087,0,0.789,1.898,0.337
3088,0,0.82,1.881,0.301
3089,0,0.945,1.515,0.209
3090,0,0.684,2.466,0.413
3091,0,0.82,1.709,0.291
3092,0,0.852,1.631,0.264
3093,0,0.844,1.706,0.278
3094,0,0.918,1.413,0.178
3095,0,0.82,1.65,0.242
3096,0,0.758,2.102,0.341
3097,0,0.719,2.336,0.367
3098,0,0.688,2.394,0.409
3099,0,0.824,1.823,0.282
3100,0,0.785,2.035,0.319
3101,0,0.746,2.176,0.329
3102,0,0.613,2.876,0.503
3103,0,0.766,1.898,0.324
3104,0,0.699,2.453,0.431
3105,0,0.797,2.023,0.343
3106,0,0.785,2.074,0.312
3107,0,0.832,1.828,0.268
3108,0,0.773,2.059,0.336
3109,0,0.828,1.834,0.28
3110,0,0.812,1.667,0.26
3111,0,0.844,1.724,0.29
3112,0,0.855,1.866,0.27
3113,0,0.656,2.585,0.455
3114,0,0.84,1.848,0.285
3115,0,0.844,1.699,0.276
3116,0,0.789,1.993,0.337
3117,0,0.863,1.596,0.224
3118,0,0.711,2.428,0.392
3119,0,0.711,2.397,0.389
3120,0,0.781,1.948,0.305
3121,0,0.812,1.772,0.31
3122,0,0.656,2.662,0.46
3123,0,0.844,1.564,0.241
3124,0,0.816,1.819,0.288
3125,0,0.703,2.547,0.42
3126,0,0.629,2.731,0.508
3127,0,0.824,1.849,0.287
3128,0,0.82,1.848,0.294
3129,0,0.586,3.004,0.536
3130,0,0.832,1.608,0.239
3131,0,0.734,2.221,0.374
3132,0,0.797,1.811,0.302
3133,0,0.766,2.081,0.329
3134,0,0.715,2.232,0.376
3135,0,0.695,2.425,0.408
3136,0,0.953,1.501,0.116
3137,0,0.734,2.197,0.369
3138,0,0.836,1.669,0.254
3139,0,0.754,2.151,0.332
3140,0,0.805,1.773,0.286
3141,0,0.922,1.365,0.18
3142,0,0.762,2.011,0.348
3143,0,0.777,2.075,0.337
3144,0,0.73,2.144,0.36
3145,0,0.727,2.355,0.381
3146,0,0.797,2.003,0.362
3147,0,0.82,1.866,0.29
3148,0,0.801,1.978,0.332
3149,0,0.852,1.763,0.271
3150,0,0.746,2.154,0.361
3151,0,0.566,2.964,0.548
3152,0,0.633,2.742,0.473
3153,0,0.871,1.75,0.28
3154,0,0.695,2.418,0.422
3155,0,0.727,2.304,0.369
3156,0,0.695,2.522,0.399
3157,0,0.867,1.575,0.225
3158,0,0.75,2.055,0.371
3159,0,0.684,2.444,0.424
3160,0,0.797,1.931,0.298
3161,0,0.742,2.147,0.347
3162,0,0.828,1.828,0.276
3163,0,0.781,2.184,0.354
3164,0,0.797,1.899,0.303
3165,0,0.727,2.352,0.373
3166,0,0.605,2.908,0.472
3167,0,0.789,1.833,0.311
3168,0,0.797,1.858,0.31
3169,0,0.734,2.123,0.385
3170,0,0.703,2.37,0.41
3171,0,0.648,2.639,0.463
3172,0,0.805,1.708,0.334
3173,0,0.773,2.091,0.33
3174,0,0.637,2.749,0.457
3175,0,0.828,1.779,0.286
3176,0,0.797,1.887,0.318
3177,0,0.594,3.013,0.5
3178,0,0.789,1.981,0.317
3179,0,0.828,1.697,0.251
3180,0,0.719,2.382,0.387
3181,0,0.723,2.372,0.388
3182,0,0.809,1.8,0.284
3183,0,0.734,2.049,0.355
3184,0,0.789,1.941,0.298
3185,0,0.719,2.4,0.392
3186,0,0.785,2.016,0.327
3187,0,0.828,1.813,0.294
3188,0,0.828,1.729,0.297
3189,0,0.797,2.056,0.35
3190,0,0.648,2.6,0.461
3191,0,0.805,1.881,0.313
3192,0,0.75,2.18,0.354
3193,0,0.871,1.706,0.271
3194,0,0.656,2.81,0.481
3195,0,0.75,2.239,0.367
3196,0,0.789,2.009,0.317
3197,0,0.801,1.867,0.319
3198,0,0.656,2.652,0.47
3199,0,0.859,1.607,0.244
3200,0,0.77,2.033,0.338
3201,0,0.875,1.594,0.272
3202,0,0.773,1.99,0.331
3203,0,0.621,2.771,0.479
3204,0,0.809,1.826,0.304
3205,0,0.73,2.215,0.373
3206,0,0.742,2.199,0.39
3207,0,0.797,1.915,0.318
3208,0,0.707,2.357,0.39
3209,0,0.602,2.812,0.51
3210,0,0.859,1.67,0.249
3211,0,0.785,2.023,0.329
3212,0,0.754,2.036,0.331
3213,0,0.797,1.95,0.307
3214,0,0.727,2.3,0.39
3215,0,0.789,2.147,0.337
3216,0,0.625,2.805,0.476
3217,0,0.805,1.884,0.343
3218,0,0.746,2.198,0.356
3219,0,0.574,2.749,0.511
3220,0,0.676,2.391,0.432
3221,0,0.66,2.592,0.429
3222,0,0.922,1.906,0.31
3223,0,0.75,2.256,0.377
3224,0,0.781,2.024,0.339
3225,0,0.578,3.111,0.528
3226,0,0.773,2.199,0.385
3227,0,0.812,1.91,0.289
3228,0,0.742,2.202,0.376
3229,0,0.656,2.595,0.448
3230,0,0.852,1.663,0.265
3231,0,0.773,1.959,0.303
3232,0,0.719,2.436,0.38
3233,0,0.859,1.689,0.249
3234,0,0.812,1.779,0.318
3235,0,0.551,3.31,0.556
3236,0,0.777,1.991,0.324
3237,0,0.75,2.143,0.363
3238,0,0.777,2.007,0.346
3239,0,0.738,2.138,0.374
3240,0,0.672,2.643,0.464
3241,0,0.719,2.37,0.38
3242,0,0.703,2.388,0.387
3243,0,0.562,3.081,0.561
3244,0,0.773,2.071,0.333
3245,0,0.766,2.054,0.355
3246,0,0.68,2.558,0.435
3247,0,0.84,1.674,0.259
3248,0,0.695,2.44,0.413
3249,0,0.621,2.903,0.487
3250,0,0.758,2.149,0.362
3251,0,0.68,2.579,0.433
3252,0,0.879,1.665,0.239
3253,0,0.594,3.112,0.533
3254,0,0.734,2.291,0.354
3255,0,0.805,2.027,0.32
3256,0,0.785,1.919,0.319
3257,0,0.91,1.287,0.15
3258,0,0.656,2.589,0.448
3259,0,0.68,2.465,0.415
3260,0,0.711,2.501,0.409
3261,0,0.719,2.288,0.392
3262,0,0.727,2.296,0.363
3263,0,0.727,2.3,0.379
3264,0,0.852,1.749,0.277
3265,0,0.805,1.955,0.325
3266,0,0.859,1.682,0.262
3267,0,0.703,2.413,0.408
3268,0,0.719,2.451,0.403
3269,0,0.836,1.76,0.312
3270,0,0.672,2.5,0.433
3271,0,0.828,1.824,0.311
3272,0,0.805,1.923,0.313
3273,0,0.812,1.81,0.281
3274,0,0.883,1.559,0.237
3275,0,0.879,1.547,0.234
3276,0,0.578,2.979,0.526
3277,0,0.828,1.66,0.281
3278,0,0.742,2.151,0.382
3279,0,0.844,1.672,0.254
3280,0,0.691,2.545,0.424
3281,0,0.512,3.481,0.591
3282,0,0.805,1.977,0.317
3283,0,0.703,2.476,0.407
3284,0,0.758,1.691,0.352
3285,0,0.629,2.732,0.479
3286,0,0.703,2.494,0.408
3287,0,0.766,2.044,0.341
3288,0,0.836,1.697,0.269
3289,0,0.688,2.482,0.413
3290,0,0.812,1.908,0.302
3291,0,0.664,2.596,0.446
3292,0,0.785,2.061,0.345
3293,0,0.719,2.27,0.389
3294,0,0.645,2.581,0.452
3295,0,0.688,2.451,0.41
3296,0,0.727,2.225,0.371
3297,0,0.852,1.688,0.248
3298,0,0.781,1.977,0.306
3299,0,0.727,2.187,0.367
3300,0,0.688,2.543,0.428
3301,0,0.73,2.216,0.4
3302,0,0.695,2.437,0.43
3303,0,0.766,1.994,0.318
3304,0,0.734,2.209,0.383
3305,0,0.906,1.387,0.196
3306,0,1.469,1.26,0.218
3307,0,0.77,2.044,0.344
3308,0,0.707,2.398,0.376
3309,0,0.848,1.651,0.25
3310,0,0.785,1.946,0.323
3311,0,0.824,1.76,0.276
3312,0,0.836,1.726,0.248
3313,0,0.609,2.864,0.513
3314,0,0.695,2.328,0.414
3315,0,0.691,2.515,0.46
3316,0,0.715,2.412,0.383
3317,0,0.844,1.773,0.254
3318,0,1.289,1.011,0.002
3319,0,0.797,1.789,0.263
3320,0,0.727,2.239,0.356
3321,0,0.617,2.76,0.451
3322,0,0.656,2.655,0.466
3323,0,0.621,2.75,0.478
3324,0,0.727,2.183,0.367
3325,0,0.734,2.235,0.382
3326,0,0.688,2.497,0.424
3327,0,0.789,1.931,0.336
3328,0,0.824,1.787,0.274
3329,0,0.887,1.468,0.203
3330,0,0.789,1.905,0.298
3331,0,0.664,2.604,0.444
3332,0,0.789,1.943,0.328
3333,0,0.781,1.946,0.335
3334,0,0.648,2.668,0.462
3335,0,0.695,2.323,0.429
3336,0,0.742,2.043,0.349
3337,0,0.562,3.056,0.534
3338,0,0.785,1.982,0.322
3339,0,0.883,1.527,0.228
3340,0,0.918,1.342,0.15
3341,0,0.754,2.067,0.372
3342,0,0.664,2.635,0.449
3343,0,0.746,2.134,0.358
3344,0,0.695,2.503,0.454
3345,0,0.711,2.35,0.391
3346,0,0.672,2.523,0.415
3347,0,0.867,1.66,0.258
3348,0,0.793,2.087,0.328
3349,0,0.633,2.755,0.46
3350,0,0.715,2.319,0.398
3351,0,0.785,2.053,0.334
3352,0,0.688,2.516,0.396
3353,0,0.754,2.073,0.385
3354,0,0.711,2.426,0.403
3355,0,0.75,2.228,0.371
3356,0,0.848,1.572,0.273
3357,0,0.742,2.301,0.405
3358,0,0.863,1.671,0.258
3359,0,0.633,2.826,0.47
3360,0,0.844,1.741,0.26
3361,0,0.82,1.824,0.283
3362,0,0.715,2.435,0.392
3363,0,0.742,2.146,0.391
3364,0,0.719,2.296,0.363
3365,0,0.84,1.812,0.287
3366,0,0.844,1.595,0.241
3367,0,0.844,1.786,0.344
3368,0,0.75,2.115,0.364
3369,0,0.844,2.015,0.37
3370,0,0.59,2.965,0.516
3371,0,0.664,2.665,0.454
3372,0,0.688,2.496,0.414
3373,0,0.824,1.826,0.274
3374,0,0.844,1.722,0.292
3375,0,0.855,1.766,0.264
3376,0,0.75,2.215,0.363
3377,0,0.789,2.01,0.332
3378,0,0.664,2.748,0.5
3379,0,0.648,2.513,0.451
3380,0,0.812,1.933,0.297
3381,0,0.703,2.315,0.399
3382,0,1.078,1.273,0.138
3383,0,0.875,1.682,0.27
3384,0,0.812,1.868,0.314
3385,0,0.883,1.544,0.234
3386,0,0.555,3.196,0.558
3387,0,0.781,2.089,0.323
3388,0,0.812,1.833,0.271
3389,0,0.734,2.014,0.402
3390,0,0.668,2.468,0.399
3391,0,0.715,2.274,0.397
3392,0,0.676,2.544,0.422
3393,0,0.812,1.927,0.309
3394,0,0.734,2.169,0.359
3395,0,0.633,2.753,0.471
3396,0,0.758,2.121,0.365
3397,0,0.699,2.378,0.419
3398,0,0.828,1.796,0.282
3399,0,0.734,2.298,0.375
3400,0,0.652,2.618,0.444
3401,0,0.828,1.578,0.284
3402,0,0.852,1.662,0.254
3403,0,0.734,2.335,0.367
3404,0,0.781,2.01,0.331
3405,0,0.777,2.029,0.344
3406,0,0.758,1.945,0.299
3407,0,0.609,2.822,0.466
3408,0,0.719,2.325,0.396
3409,0,0.73,2.404,0.381
3410,0,0.793,1.892,0.303
3411,0,0.711,2.365,0.38
3412,0,0.633,2.568,0.437
3413,0,0.758,2.156,0.329
3414,0,0.711,2.444,0.408
3415,0,0.852,1.714,0.264
3416,0,0.797,2.007,0.292
3417,0,0.875,1.555,0.205
3418,0,0.852,1.619,0.251
3419,0,0.781,2.028,0.35
3420,0,0.664,2.698,0.45
3421,0,0.773,2.109,0.333
3422,0,0.844,1.625,0.248
3423,0,0.891,1.536,0.233
3424,0,0.805,2.118,0.324
3425,0,0.676,2.547,0.433
3426,0,0.641,2.796,0.463
3427,0,0.781,1.885,0.307
3428,0,0.742,2.066,0.343
3429,0,0.711,2.419,0.391
3430,0,0.785,1.949,0.296
3431,0,0.879,1.514,0.231
3432,0,0.852,1.678,0.267
3433,0,0.719,2.359,0.39
3434,0,0.75,2.178,0.386
3435,0,0.758,2.172,0.345
3436,0,0.883,1.51,0.231
3437,0,0.68,2.562,0.417
3438,0,0.777,2.129,0.331
3439,0,0.898,1.723,0.266
3440,0,0.828,1.89,0.309
3441,0,0.805,1.942,0.307
3442,0,0.75,2.263,0.356
3443,0,0.629,2.584,0.458
3444,0,0.688,2.356,0.405
3445,0,0.691,2.484,0.424
3446,0,0.871,1.531,0.237
3447,0,0.848,1.654,0.273
3448,0,0.672,2.633,0.445
3449,0,0.852,1.823,0.279
3450,0,0.859,1.661,0.252
3451,0,0.625,2.746,0.469
3452,0,0.742,2.312,0.386
3453,0,0.797,1.902,0.293
3454,0,0.766,2.202,0.341
3455,0,0.891,1.454,0.213
3456,0,0.621,2.874,0.482
3457,0,0.66,2.608,0.471
3458,0,0.719,2.215,0.381
3459,0,0.695,2.464,0.426
3460,0,0.773,2.056,0.333
3461,0,0.707,2.312,0.395
3462,0,0.738,2.188,0.357
3463,0,0.762,2.08,0.328
3464,0,0.859,1.698,0.252
3465,0,0.75,2.12,0.348
3466,0,0.691,2.487,0.405
3467,0,0.598,3.086,0.509
3468,0,0.867,1.684,0.244
3469,0,0.742,2.181,0.363
3470,0,0.641,2.907,0.49
3471,0,0.664,2.664,0.462
3472,0,0.781,1.79,0.309
3473,0,0.742,2.4,0.375
3474,0,0.715,2.427,0.406
3475,0,0.633,2.691,0.468
3476,0,0.777,1.985,0.353
3477,0,0.824,1.7,0.301
3478,0,0.715,2.436,0.39
3479,0,0.797,1.974,0.309
3480,0,0.871,1.595,0.251
3481,0,0.73,2.201,0.351
3482,0,0.801,1.877,0.326
3483,0,0.75,2.136,0.36
3484,0,0.703,2.413,0.399
3485,0,0.695,2.406,0.406
3486,0,0.727,2.224,0.371
3487,0,0.82,1.9,0.314
3488,0,0.773,2.051,0.337
3489,0,0.711,2.346,0.381
3490,0,0.711,2.364,0.397
3491,0,0.617,2.795,0.482
3492,0,0.754,2.063,0.38
3493,0,0.695,2.437,0.409
3494,0,0.773,2.113,0.326
3495,0,0.82,1.841,0.299
3496,0,0.867,1.666,0.256
3497,0,0.539,3.306,0.571
3498,0,0.73,2.336,0.396
3499,0,0.773,1.865,0.315
3500,0,0.727,2.126,0.403
3501,0,0.875,1.513,0.222
3502,0,0.848,1.717,0.261
3503,0,0.746,2.204,0.357
3504,0,0.676,2.459,0.417
3505,0,0.859,1.765,0.286
3506,0,0.77,1.981,0.296
3507,0,0.75,2.162,0.363
3508,0,0.781,1.951,0.327
3509,0,0.789,1.878,0.305
3510,0,0.641,2.755,0.464
3511,0,0.801,1.765,0.293
3512,0,0.691,2.534,0.419
3513,0,0.633,2.718,0.477
3514,0,0.867,1.699,0.265
3515,0,0.863,1.648,0.26
3516,0,0.699,2.393,0.401
3517,0,0.625,2.796,0.465
3518,0,0.883,1.588,0.237
3519,0,0.836,1.863,0.307
3520,0,0.617,2.933,0.496
3521,0,0.66,2.659,0.438
3522,0,0.715,2.345,0.382
3523,0,0.801,1.991,0.299
3524,0,0.82,1.871,0.296
3525,0,0.891,1.489,0.212
3526,0,0.812,1.835,0.29
3527,0,0.688,2.479,0.43
3528,0,0.844,1.764,0.264
3529,0,0.766,2.158,0.358
3530,0,0.617,2.803,0.477
3531,0,0.75,2.183,0.37
3532,0,0.785,1.917,0.318
3533,0,0.656,2.662,0.443
3534,0,0.801,1.943,0.333
3535,0,0.668,2.662,0.434
3536,0,0.898,1.461,0.233
3537,0,0.609,2.823,0.492
3538,0,0.762,2.116,0.339
3539,0,0.711,2.379,0.398
3540,0,0.742,2.468,0.377
3541,0,0.664,2.603,0.456
3542,0,0.793,1.82,0.314
3543,0,0.758,2.244,0.346
3544,0,0.66,2.754,0.45
3545,0,0.75,2.252,0.36
3546,0,0.742,2.28,0.378
3547,0,0.797,1.93,0.295
3548,0,0.711,2.43,0.392
3549,0,0.789,1.908,0.302
3550,0,0.773,2.191,0.366
3551,0,0.695,2.53,0.419
3552,0,0.727,2.374,0.402
3553,0,0.797,1.905,0.305
3554,0,0.762,2.199,0.357
3555,0,0.883,1.515,0.231
3556,0,0.789,2.021,0.318
3557,0,0.742,2.264,0.386
3558,0,0.828,1.761,0.263
3559,0,0.609,2.918,0.501
3560,0,0.691,2.413,0.408
3561,0,0.766,2.024,0.332
3562,0,0.719,2.458,0.383
3563,0,0.812,2.168,0.349
3564,0,0.781,1.984,0.349
3565,0,0.711,2.446,0.393
3566,0,0.75,2.224,0.38
3567,0,0.816,2.24,0.336
3568,0,1.125,1.607,0.14
3569,0,0.793,2.014,0.34
3570,0,0.734,2.235,0.349
3571,0,0.641,2.853,0.475
3572,0,0.906,1.611,0.247
3573,0,0.805,1.941,0.314
3574,0,0.719,2.284,0.379
3575,0,0.895,1.506,0.219
3576,0,0.738,2.127,0.335
3577,0,0.672,2.429,0.426
3578,0,0.844,1.639,0.272
3579,0,0.68,2.525,0.412
3580,0,0.715,2.243,0.399
3581,0,0.664,2.542,0.443
3582,0,0.727,2.344,0.391
3583,0,0.746,2.156,0.339
3584,0,0.641,2.692,0.487
3585,0,0.73,2.24,0.402
3586,0,0.664,2.632,0.426
3587,0,0.711,2.25,0.4
3588,0,0.766,1.973,0.326
3589,0,0.84,1.672,0.247
3590,0,0.84,1.593,0.268
3591,0,0.758,2.095,0.354
3592,0,0.672,2.611,0.433
3593,0,0.816,1.812,0.283
3594,0,0.801,1.844,0.295
3595,0,0.781,2.233,0.344
3596,0,0.91,1.614,0.304
3597,0,0.672,2.586,0.438
3598,0,0.57,3.204,0.548
3599,0,0.812,1.867,0.307
3600,0,0.695,2.434,0.427
3601,0,0.719,2.361,0.37
3602,0,0.742,2.33,0.384
3603,0,0.672,2.602,0.438
3604,0,0.879,1.683,0.253
3605,0,0.766,1.946,0.334
3606,0,0.711,2.218,0.365
3607,0,0.809,1.932,0.277
3608,0,0.812,1.858,0.303
3609,0,0.711,2.418,0.396
3610,0,0.828,1.68,0.257
3611,0,0.812,1.913,0.287
3612,0,0.648,2.741,0.447
3613,0,0.582,3.069,0.525
3614,0,0.734,2.305,0.375
3615,0,0.734,2.149,0.375
3616,0,0.645,2.864,0.489
3617,0,0.703,2.455,0.443
3618,0,0.609,2.878,0.499
3619,0,0.844,1.669,0.253
3620,0,0.773,2.031,0.326
3621,0,0.672,2.565,0.43
3622,0,0.812,1.778,0.298
3623,0,0.762,2.053,0.335
3624,0,0.656,2.645,0.437
3625,0,0.836,1.676,0.252
3626,0,0.785,2.053,0.333
3627,0,0.766,2.072,0.324
3628,0,0.836,1.725,0.274
3629,0,0.809,1.854,0.282
3630,0,0.762,1.934,0.351
3631,0,0.75,2.219,0.343
3632,0,0.766,2.003,0.31
3633,0,0.773,2.09,0.349
3634,0,0.766,2.152,0.362
3635,0,0.82,1.882,0.303
3636,0,0.645,2.707,0.464
3637,0,0.816,1.845,0.264
3638,0,0.691,2.529,0.419
3639,0,0.688,2.498,0.433
3640,0,0.734,2.253,0.399
3641,0,0.629,2.765,0.464
3642,0,0.832,1.853,0.292
3643,0,0.773,2.115,0.341
3644,0,0.691,2.622,0.472
3645,0,0.75,2.133,0.354
3646,0,0.715,2.437,0.395
3647,0,0.703,2.49,0.437
3648,0,0.672,2.669,0.453
3649,0,0.734,2.262,0.389
3650,0,0.625,2.837,0.481
3651,0,0.668,2.651,0.459
3652,0,0.852,1.89,0.298
3653,0,0.656,2.779,0.488
3654,0,0.715,2.26,0.413
3655,0,0.805,1.879,0.295
3656,0,0.357,5.867,0.766
3657,0,0.801,1.939,0.32
3658,0,0.621,2.984,0.487
3659,0,0.781,1.997,0.322
3660,0,0.852,1.887,0.282
3661,0,0.625,2.768,0.487
3662,0,0.852,1.633,0.274
3663,0,0.742,2.331,0.374
3664,0,0.707,2.387,0.417
3665,0,0.789,1.962,0.34
3666,0,0.723,2.342,0.392
3667,0,0.797,2.003,0.33
3668,0,0.859,1.591,0.241
3669,0,0.801,2.048,0.315
3670,0,0.645,2.676,0.484
3671,0,0.809,1.871,0.317
3672,0,0.637,2.641,0.47
3673,0,0.926,1.336,0.189
3674,0,0.734,2.169,0.381
3675,0,0.719,2.439,0.421
3676,0,0.633,2.764,0.476
3677,0,0.801,1.928,0.302
3678,0,0.664,2.651,0.455
3679,0,0.641,2.722,0.453
3680,0,0.66,2.628,0.45
3681,0,0.898,1.51,0.216
3682,0,0.844,1.729,0.259
3683,0,0.68,2.501,0.433
3684,0,0.766,2.153,0.347
3685,0,0.844,1.699,0.271
3686,0,0.855,1.539,0.247
3687,0,0.695,2.685,0.432
3688,0,0.727,2.316,0.39
3689,0,0.797,1.95,0.306
3690,0,0.539,3.368,0.577
3691,0,0.836,1.812,0.267
3692,0,0.734,2.366,0.396
3693,0,0.758,2.271,0.385
3694,0,0.664,2.602,0.438
3695,0,0.742,2.168,0.384
3696,0,0.781,1.921,0.334
3697,0,0.789,1.892,0.316
3698,0,0.84,1.568,0.242
3699,0,0.789,1.811,0.272
3700,0,0.648,2.818,0.47
3701,0,0.762,2.181,0.363
3702,0,0.832,1.673,0.284
3703,0,0.789,2.029,0.331
3704,0,0.789,1.958,0.3
3705,0,0.672,2.454,0.443
3706,0,0.723,2.402,0.369
3707,0,0.77,2.084,0.326
3708,0,0.836,1.825,0.279
3709,0,0.652,2.817,0.45
3710,0,0.852,1.629,0.262
3711,0,0.82,1.882,0.337
3712,0,0.828,1.688,0.256
3713,0,0.828,1.972,0.316
3714,0,0.688,2.44,0.427
3715,0,0.852,1.551,0.261
3716,0,0.762,2.016,0.376
3717,0,0.734,2.36,0.384
3718,0,0.734,2.303,0.398
3719,0,0.594,3.034,0.531
3720,0,0.547,3.249,0.558
3721,0,0.695,2.45,0.403
3722,0,0.836,1.756,0.262
3723,0,0.82,1.817,0.295
3724,0,0.797,1.976,0.338
3725,0,0.82,1.762,0.283
3726,0,0.734,2.359,0.398
3727,0,0.766,2.132,0.339
3728,0,0.734,2.234,0.379
3729,0,0.758,2.112,0.327
3730,0,0.68,2.507,0.435
3731,0,0.688,2.363,0.432
3732,0,0.695,2.421,0.431
3733,0,0.648,2.634,0.45
3734,0,0.785,2.027,0.302
3735,0,0.785,2.119,0.336
3736,0,0.82,1.887,0.278
3737,0,0.719,2.249,0.377
3738,0,0.703,2.476,0.417
3739,0,0.742,2.256,0.394
3740,0,0.797,2.008,0.322
3741,0,0.633,2.837,0.484
3742,0,0.695,2.467,0.417
3743,0,0.766,2.199,0.339
3744,0,1.039,1.507,0.331
3745,0,0.82,1.609,0.298
3746,0,0.789,2.011,0.318
3747,0,0.828,1.735,0.28
3748,0,0.848,1.728,0.286
3749,0,0.848,1.646,0.247
3750,0,0.805,1.899,0.317
3751,0,0.773,2.071,0.336
3752,0,0.586,3.172,0.533
3753,0,0.648,2.712,0.451
3754,0,0.742,2.211,0.384
3755,0,0.805,1.816,0.293
3756,0,0.711,2.602,0.394
3757,0,0.832,1.897,0.286
3758,0,0.859,1.716,0.287
3759,0,0.664,2.603,0.444
3760,0,0.789,1.863,0.288
3761,0,0.734,2.179,0.39
3762,0,0.879,1.638,0.243
3763,0,0.859,1.666,0.269
3764,0,0.715,2.22,0.39
3765,0,0.719,2.488,0.41
3766,0,0.68,2.451,0.443
3767,0,0.781,2.267,0.361
3768,0,0.684,2.51,0.411
3769,0,0.742,2.18,0.375
3770,0,0.648,2.603,0.457
3771,0,0.688,2.532,0.42
3772,0,0.703,2.359,0.376
3773,0,0.891,1.572,0.235
3774,0,0.793,1.987,0.317
3775,0,0.766,2.131,0.348
3776,0,0.699,2.421,0.409
3777,0,0.867,1.54,0.228
3778,0,0.602,2.961,0.494
3779,0,0.641,2.844,0.468
3780,0,0.855,1.713,0.265
3781,0,0.75,2.378,0.379
3782,0,0.703,2.417,0.406
3783,0,0.699,2.33,0.39
3784,0,0.707,2.417,0.394
3785,0,0.699,2.399,0.403
3786,0,0.711,2.267,0.392
3787,0,0.75,2.088,0.342
3788,0,0.629,2.764,0.5
3789,0,0.66,2.595,0.449
3790,0,0.719,2.294,0.411
3791,0,0.707,2.371,0.432
3792,0,0.805,1.836,0.304
3793,0,0.754,2.338,0.41
3794,0,0.602,3.017,0.511
3795,0,0.832,1.843,0.287
3796,0,0.812,1.941,0.315
3797,0,0.836,1.747,0.265
3798,0,0.695,2.599,0.429
3799,0,0.758,2.222,0.374
3800,0,0.832,1.759,0.275
3801,0,0.676,2.638,0.457
3802,0,0.82,1.886,0.3
3803,0,0.785,2.025,0.335
3804,0,0.633,2.776,0.466
3805,0,0.801,1.906,0.322
3806,0,0.797,2.028,0.336
3807,0,0.82,1.878,0.302
3808,0,0.875,1.542,0.236
3809,0,0.672,2.635,0.448
3810,0,0.906,1.659,0.231
3811,0,0.723,2.293,0.378
3812,0,0.703,2.3,0.388
3813,0,0.805,1.842,0.319
3814,0,0.867,1.543,0.224
3815,0,0.68,2.605,0.412
3816,0,0.848,1.64,0.251
3817,0,0.727,2.135,0.379
3818,0,0.773,2.028,0.32
3819,0,0.602,2.768,0.536
3820,0,0.742,2.225,0.346
3821,0,0.758,1.997,0.386
3822,0,0.789,2.088,0.327
3823,0,0.59,2.973,0.518
3824,0,0.766,2.224,0.337
3825,0,0.711,2.346,0.395
3826,0,0.598,3.051,0.497
3827,0,0.648,2.759,0.468
3828,0,0.805,1.954,0.312
3829,0,0.812,1.796,0.29
3830,0,0.625,2.859,0.477
3831,0,0.766,2.176,0.31
3832,0,0.703,2.466,0.395
3833,0,0.801,1.88,0.305
3834,0,0.816,1.824,0.303
3835,0,0.723,2.365,0.358
3836,0,0.66,2.799,0.466
3837,0,0.711,2.398,0.399
3838,0,0.648,2.769,0.454
3839,0,0.746,2.131,0.366
3840,0,0.812,1.811,0.298
3841,0,0.668,2.626,0.435
3842,0,0.602,2.919,0.502
3843,0,0.746,2.061,0.369
3844,0,0.672,2.547,0.432
3845,0,0.797,1.895,0.325
3846,0,0.664,2.686,0.43
3847,0,0.711,2.533,0.414
3848,0,0.82,1.824,0.318
3849,0,0.727,2.477,0.401
3850,0,0.57,3.008,0.542
3851,0,0.883,1.716,0.286
3852,0,0.898,1.377,0.177
3853,0,0.82,1.803,0.284
3854,0,0.703,2.489,0.418
3855,0,0.836,1.8,0.295
3856,0,0.758,2.055,0.347
3857,0,0.797,1.86,0.295
3858,0,0.82,1.762,0.286
3859,0,0.68,2.632,0.418
3860,0,0.715,2.364,0.397
3861,0,0.891,1.513,0.215
3862,0,0.836,1.898,0.294
3863,0,0.797,1.866,0.28
3864,0,0.852,1.718,0.255
3865,0,0.617,2.789,0.487
3866,0,0.617,2.797,0.489
3867,0,0.73,2.262,0.379
3868,0,0.758,2.003,0.329
3869,0,0.805,1.782,0.292
3870,0,0.66,2.564,0.446
3871,0,0.777,1.872,0.321
3872,0,0.594,2.897,0.516
3873,0,0.727,2.437,0.403
3874,0,0.734,2.141,0.374
3875,0,0.672,2.481,0.432
3876,0,0.789,1.962,0.312
3877,0,0.758,2.188,0.365
3878,0,0.707,2.428,0.415
3879,0,0.762,2.143,0.352
3880,0,0.793,1.939,0.322
3881,0,0.871,1.996,0.313
3882,0,0.656,2.662,0.466
3883,0,0.609,2.889,0.489
3884,0,0.766,2.091,0.348
3885,0,0.684,2.645,0.428
3886,0,0.703,2.413,0.412
3887,0,0.602,2.825,0.504
3888,0,0.727,2.183,0.377
3889,0,0.867,1.603,0.212
3890,0,0.723,2.315,0.392
3891,0,0.734,2.308,0.372
3892,0,0.715,2.242,0.391
3893,0,0.711,2.228,0.387
3894,0,0.82,1.756,0.304
3895,0,0.82,1.839,0.291
3896,0,0.766,2.128,0.344
3897,0,0.719,2.253,0.403
3898,0,0.719,2.346,0.387
3899,0,0.66,2.695,0.441
3900,0,0.586,3.129,0.53
3901,0,0.617,2.869,0.491
3902,0,0.703,2.383,0.398
3903,0,0.594,3.02,0.507
3904,0,0.734,2.259,0.394
3905,0,0.754,2.173,0.358
3906,0,0.797,1.808,0.326
3907,0,0.641,2.434,0.451
3908,0,0.738,2.219,0.381
3909,0,0.754,2.178,0.345
3910,0,0.75,2.101,0.374
3911,0,0.711,2.344,0.394
3912,0,0.781,1.943,0.319
3913,0,0.711,2.435,0.395
3914,0,0.637,2.756,0.489
3915,0,0.754,1.983,0.34
3916,0,0.66,2.582,0.462
3917,0,0.727,2.294,0.386
3918,0,0.781,2.092,0.311
3919,0,0.719,2.324,0.389
3920,0,0.734,2.11,0.346
3921,0,0.785,2.03,0.334
3922,0,0.793,1.82,0.266
3923,0,0.652,2.745,0.446
3924,0,0.914,1.462,0.211
3925,0,0.719,2.358,0.392
3926,0,0.727,2.3,0.386
3927,0,0.797,1.974,0.327
3928,0,0.781,1.866,0.306
3929,0,0.773,2.059,0.345
3930,0,0.805,1.838,0.293
3931,0,0.723,2.22,0.377
3932,0,0.738,2.265,0.389
3933,0,0.781,2.078,0.363
3934,0,0.734,2.195,0.383
3935,0,0.773,1.986,0.315
3936,0,0.781,2.037,0.321
3937,0,0.75,2.149,0.328
3938,0,0.816,1.741,0.287
3939,0,0.633,2.793,0.468
3940,0,0.785,1.951,0.313
3941,0,0.82,1.67,0.276
3942,0,0.73,2.086,0.351
3943,0,0.742,1.888,0.337
3944,0,0.883,1.612,0.236
3945,0,0.672,2.473,0.424
3946,0,0.734,2.196,0.363
3947,0,0.641,2.67,0.458
3948,0,0.758,2.135,0.351
3949,0,0.844,1.666,0.258
3950,0,0.562,3.043,0.526
3951,0,0.699,2.366,0.405
3952,0,0.762,2.092,0.351
3953,0,0.695,2.507,0.415
3954,0,0.789,2.01,0.336
3955,0,0.617,2.789,0.471
3956,0,0.672,2.603,0.439
3957,0,0.738,2.194,0.372
3958,0,0.617,2.992,0.499
3959,0,0.781,2.014,0.328
3960,0,0.711,2.477,0.414
3961,0,0.695,2.493,0.416
3962,0,0.883,1.586,0.255
3963,0,0.805,1.617,0.287
3964,0,0.812,2.061,0.311
3965,0,0.664,2.531,0.461
3966,0,0.633,2.925,0.492
3967,0,0.742,2.173,0.364
3968,0,0.695,2.377,0.42
3969,0,0.629,2.853,0.469
3970,0,0.789,1.943,0.32
3971,0,0.766,2.096,0.359
3972,0,0.758,2.177,0.366
3973,0,0.703,2.517,0.426
3974,0,0.494,3.513,0.584
3975,0,0.711,2.376,0.401
3976,0,0.762,2.119,0.354
3977,0,0.672,2.532,0.416
3978,0,0.664,2.715,0.445
3979,0,0.781,2.079,0.325
3980,0,0.656,2.726,0.449
3981,0,0.797,1.983,0.293
3982,0,0.891,1.661,0.27
3983,0,0.832,1.682,0.267
3984,0,0.641,2.421,0.39
3985,0,0.578,3.019,0.536
3986,0,0.785,2.062,0.334
3987,0,0.707,2.314,0.413
3988,0,0.805,1.758,0.291
3989,0,0.711,2.382,0.404
3990,0,0.781,1.878,0.328
3991,0,0.844,1.824,0.285
3992,0,0.879,1.587,0.245
3993,0,0.781,2.127,0.345
3994,0,0.602,2.855,0.486
3995,0,0.805,1.852,0.28
3996,0,0.586,2.984,0.529
3997,0,0.953,1.184,0.118
3998,0,0.602,3.033,0.522
3999,0,0.789,1.888,0.296
4000,0,0.672,2.593,0.425
4001,0,0.711,2.313,0.38
4002,0,0.844,1.632,0.26
4003,0,0.797,1.882,0.302
4004,0,0.758,2.25,0.372
4005,0,0.637,2.758,0.474
4006,0,0.719,2.12,0.365
4007,0,0.742,2.227,0.385
4008,0,0.793,2.01,0.319
4009,0,0.719,2.337,0.39
4010,0,0.641,2.64,0.472
4011,0,0.797,1.87,0.325
4012,0,0.781,1.98,0.337
4013,0,0.633,2.709,0.472
4014,0,0.742,1.888,0.287
4015,0,0.707,2.355,0.401
4016,0,0.734,2.228,0.379
4017,0,0.555,3.249,0.543
4018,0,0.602,2.905,0.483
4019,0,0.562,3.0,0.553
4020,0,0.711,2.443,0.39
4021,0,0.746,2.306,0.346
4022,0,0.844,1.648,0.251
4023,0,0.676,2.49,0.444
4024,0,0.648,2.715,0.457
4025,0,0.664,2.527,0.465
4026,0,0.688,2.409,0.386
4027,0,0.711,2.39,0.4
4028,0,0.656,2.629,0.455
4029,0,0.695,2.433,0.413
4030,0,0.789,1.917,0.295
4031,0,0.629,2.743,0.453
4032,0,0.633,2.724,0.462
4033,0,0.703,2.383,0.394
4034,0,0.738,2.046,0.35
4035,0,0.805,1.715,0.294
4036,0,0.656,2.809,0.502
4037,0,0.641,2.725,0.474
4038,0,0.746,2.163,0.366
4039,0,0.762,2.039,0.353
4040,0,0.711,2.405,0.396
4041,0,0.75,2.144,0.344
4042,0,0.805,1.787,0.295
4043,0,0.844,1.607,0.246
4044,0,0.852,1.692,0.257
4045,0,0.762,2.046,0.342
4046,0,0.688,2.574,0.416
4047,0,0.719,2.399,0.38
4048,0,0.82,1.737,0.32
4049,0,0.785,2.087,0.322
4050,0,0.812,1.879,0.303
4051,0,0.598,2.923,0.492
4052,0,0.609,2.86,0.487
4053,0,0.789,2.009,0.344
4054,0,0.723,2.388,0.38
4055,0,0.812,1.794,0.281
4056,0,0.781,2.007,0.342
4057,0,0.828,1.703,0.282
4058,0,0.773,2.148,0.378
4059,0,0.746,2.278,0.37
4060,0,0.688,2.436,0.418
4061,0,0.641,2.852,0.484
4062,0,0.68,2.597,0.425
4063,0,0.75,1.778,0.33
4064,0,0.668,2.566,0.411
4065,0,0.703,2.481,0.444
4066,0,0.738,2.349,0.384
4067,0,0.691,2.522,0.426
4068,0,0.773,2.031,0.335
4069,0,0.805,1.968,0.353
4070,0,0.496,3.492,0.6
4071,0,0.621,2.886,0.506
4072,0,0.836,1.808,0.288
4073,0,0.633,2.646,0.528
4074,0,0.684,2.476,0.42
4075,0,0.809,1.913,0.34
4076,0,0.703,2.457,0.402
4077,0,0.781,2.052,0.34
4078,0,0.824,1.725,0.298
4079,0,0.738,2.265,0.376
4080,0,0.898,1.667,0.251
4081,0,0.695,2.578,0.431
4082,0,0.848,1.621,0.251
4083,0,0.805,2.078,0.315
4084,0,0.805,1.819,0.279
4085,0,0.719,2.169,0.353
4086,0,0.648,2.652,0.425
4087,0,0.777,2.137,0.348
4088,0,0.676,2.562,0.438
4089,0,0.789,1.775,0.312
4090,0,0.824,1.75,0.284
4091,0,0.672,2.445,0.431
4092,0,0.766,2.168,0.354
4093,0,0.844,1.79,0.265
4094,0,0.586,3.003,0.525
4095,0,0.914,1.587,0.257
4096,0,0.82,1.814,0.303
4097,0,0.789,1.889,0.316
4098,0,0.766,1.936,0.336
4099,0,0.754,2.024,0.352
4100,0,0.727,2.252,0.377
4101,0,0.75,2.088,0.361
4102,0,0.875,1.628,0.274
4103,0,0.75,2.292,0.367
4104,0,0.816,1.813,0.311
4105,0,0.848,1.833,0.273
4106,0,0.797,2.022,0.351
4107,0,0.797,1.967,0.334
4108,0,0.867,1.656,0.24
4109,0,0.727,2.141,0.374
4110,0,0.641,2.66,0.452
4111,0,0.805,1.916,0.326
4112,0,0.773,2.031,0.313
4113,0,0.859,1.571,0.222
4114,0,0.836,1.743,0.257
4115,0,0.844,1.541,0.259
4116,0,0.605,2.931,0.503
4117,0,0.816,1.718,0.289
4118,0,0.719,2.27,0.384
4119,0,0.703,2.334,0.404
4120,0,0.785,2.106,0.318
4121,0,0.738,2.237,0.359
4122,0,0.805,1.896,0.292
4123,0,0.82,1.814,0.31
4124,0,0.766,2.097,0.348
4125,0,0.742,2.213,0.376
4126,0,0.723,2.336,0.381
4127,0,0.734,2.331,0.373
4128,0,0.859,1.549,0.254
4129,0,0.793,1.972,0.325
4130,0,0.824,1.913,0.309
4131,0,0.766,1.997,0.409
4132,0,0.789,1.907,0.319
4133,0,0.719,2.387,0.389
4134,0,0.621,2.758,0.431
4135,0,0.773,2.096,0.357
4136,0,0.828,1.766,0.292
4137,0,0.781,1.97,0.325
4138,0,0.727,2.253,0.403
4139,0,0.68,2.492,0.42
4140,0,0.758,2.095,0.355
4141,0,0.891,1.726,0.261
4142,0,0.852,1.555,0.25
4143,0,0.648,2.837,0.463
4144,0,0.68,2.587,0.424
4145,0,0.797,1.982,0.34
4146,0,0.684,2.384,0.421
4147,0,0.797,1.865,0.288
4148,0,0.805,1.994,0.302
4149,0,0.758,2.153,0.361
4150,0,0.695,2.4,0.431
4151,0,0.719,2.311,0.395
4152,0,0.723,2.238,0.377
4153,0,0.676,2.524,0.419
4154,0,0.684,2.389,0.422
4155,0,0.867,1.461,0.208
4156,0,0.703,2.492,0.444
4157,0,0.762,1.989,0.328
4158,0,0.758,2.136,0.355
4159,0,0.719,2.359,0.4
4160,0,0.805,1.899,0.299
4161,0,0.758,2.12,0.345
4162,0,0.656,2.681,0.454
4163,0,0.836,1.714,0.253
4164,0,0.766,2.01,0.342
4165,0,0.863,1.584,0.265
4166,0,0.891,1.448,0.21
4167,0,0.629,2.849,0.485
4168,0,0.648,2.541,0.468
4169,0,0.73,2.29,0.393
4170,0,0.891,1.392,0.227
4171,0,1.047,1.329,0.112
4172,0,0.664,2.565,0.442
4173,0,0.719,2.385,0.374
4174,0,0.848,1.795,0.289
4175,0,0.641,2.52,0.455
4176,0,0.672,2.566,0.446
4177,0,0.82,1.86,0.292
4178,0,0.797,2.197,0.458
4179,0,0.816,1.712,0.29
4180,0,0.629,2.707,0.475
4181,0,0.602,3.061,0.497
4182,0,0.566,3.143,0.548
4183,0,0.742,2.241,0.35
4184,0,0.68,2.459,0.427
4185,0,0.68,2.551,0.454
4186,0,0.867,1.604,0.257
4187,0,0.711,2.357,0.414
4188,0,0.82,1.811,0.279
4189,0,0.68,2.646,0.459
4190,0,0.828,1.798,0.317
4191,0,0.738,2.342,0.396
4192,0,0.797,1.921,0.327
4193,0,0.617,2.89,0.504
4194,0,0.758,2.093,0.347
4195,0,0.812,1.802,0.296
4196,0,0.734,2.365,0.417
4197,0,0.762,2.142,0.338
4198,0,0.703,2.443,0.404
4199,0,0.816,1.786,0.294
4200,0,0.688,2.43,0.405
4201,0,0.727,2.285,0.364
4202,0,0.594,3.021,0.504
4203,0,0.723,2.295,0.389
4204,0,0.715,2.357,0.396
4205,0,0.766,2.029,0.34
4206,0,0.82,1.842,0.292
4207,0,0.617,2.937,0.5
4208,0,0.703,2.38,0.395
4209,0,0.617,2.57,0.454
4210,0,0.555,3.24,0.563
4211,0,0.703,2.452,0.395
4212,0,0.754,2.303,0.369
4213,0,0.664,2.541,0.424
4214,0,0.789,1.849,0.328
4215,0,0.758,2.064,0.341
4216,0,0.828,1.751,0.252
4217,0,0.766,2.146,0.352
4218,0,0.68,2.537,0.424
4219,0,0.867,1.654,0.253
4220,0,0.773,2.13,0.355
4221,0,0.785,1.998,0.333
4222,0,0.859,1.522,0.225
4223,0,0.723,2.213,0.383
4224,0,0.809,1.853,0.271
4225,0,0.621,2.887,0.477
4226,0,0.75,2.088,0.384
4227,0,0.84,1.711,0.266
4228,0,0.883,1.507,0.229
4229,0,0.781,2.042,0.338
4230,0,0.758,2.144,0.356
4231,0,0.66,2.636,0.444
4232,0,0.75,2.007,0.376
4233,0,0.801,1.821,0.306
4234,0,0.609,3.017,0.502
4235,0,0.766,2.182,0.343
4236,0,0.684,2.594,0.429
4237,0,0.68,2.644,0.442
4238,0,0.613,2.872,0.488
4239,0,0.664,2.479,0.468
4240,0,0.543,3.25,0.553
4241,0,0.844,2.07,0.342
4242,0,0.629,2.738,0.466
4243,0,0.766,2.174,0.361
4244,0,0.871,1.561,0.229
4245,0,0.723,2.336,0.412
4246,0,0.828,1.834,0.303
4247,0,0.715,2.336,0.401
4248,0,0.789,1.931,0.301
4249,0,0.789,1.998,0.319
4250,0,0.664,2.586,0.432
4251,0,0.754,2.31,0.383
4252,0,0.703,2.423,0.408
4253,0,0.719,2.44,0.427
4254,0,0.711,2.343,0.398
4255,0,0.812,1.892,0.312
4256,0,0.758,2.165,0.355
4257,0,0.852,1.725,0.267
4258,0,0.727,2.444,0.446
4259,0,0.828,1.752,0.319
4260,0,0.758,2.066,0.368
4261,0,0.672,2.602,0.436
4262,0,0.664,2.587,0.453
4263,0,0.789,2.035,0.346
4264,0,0.688,2.357,0.422
4265,0,0.789,1.906,0.335
4266,0,0.672,2.626,0.437
4267,0,0.703,2.54,0.407
4268,0,0.742,2.308,0.381
4269,0,0.699,2.406,0.413
4270,0,0.711,2.352,0.379
4271,0,0.75,2.151,0.366
4272,0,0.734,2.178,0.387
4273,0,0.688,2.44,0.412
4274,0,0.734,2.232,0.404
4275,0,0.684,2.539,0.438
4276,0,0.816,1.785,0.306
4277,0,0.602,2.882,0.466
4278,0,0.797,1.831,0.314
4279,0,0.738,2.271,0.392
4280,0,0.703,2.428,0.405
4281,0,0.719,2.174,0.397
4282,0,0.715,2.312,0.371
4283,0,0.68,2.573,0.427
4284,0,0.789,1.895,0.317
4285,0,0.641,2.654,0.46
4286,0,0.773,2.122,0.346
4287,0,0.73,2.225,0.366
4288,0,0.82,1.836,0.301
4289,0,0.703,2.553,0.43
4290,0,0.719,2.371,0.394
4291,0,0.617,2.886,0.484
4292,0,0.727,2.319,0.391
4293,0,0.785,2.17,0.342
4294,0,0.695,2.509,0.414
4295,0,0.805,1.9,0.308
4296,0,0.82,1.912,0.309
4297,0,0.703,2.392,0.398
4298,0,0.711,2.427,0.406
4299,0,0.695,2.541,0.402
4300,0,0.625,2.656,0.468
4301,0,0.859,1.49,0.181
4302,0,0.68,2.671,0.441
4303,0,0.656,2.657,0.451
4304,0,0.789,1.928,0.346
4305,0,0.852,1.579,0.26
4306,0,0.734,2.385,0.367
4307,0,0.785,1.958,0.327
4308,0,0.758,2.137,0.353
4309,0,0.734,2.126,0.378
4310,0,0.637,2.668,0.464
4311,0,0.719,2.316,0.396
4312,0,0.766,2.129,0.337
4313,0,0.547,3.33,0.547
4314,0,0.859,1.475,0.213
4315,0,0.715,2.317,0.383
4316,0,0.699,2.355,0.404
4317,0,0.727,2.13,0.363
4318,0,0.711,2.272,0.397
4319,0,0.73,2.332,0.364
4320,0,0.773,2.017,0.336
4321,0,0.641,2.738,0.444
4322,0,0.621,2.837,0.484
4323,0,0.648,2.546,0.456
4324,0,0.734,2.255,0.378
4325,0,0.828,1.749,0.291
4326,0,0.703,2.225,0.383
4327,0,0.75,2.113,0.351
4328,0,0.715,2.504,0.396
4329,0,0.836,1.583,0.215
4330,0,0.566,3.166,0.543
4331,0,0.734,2.199,0.348
4332,0,0.711,2.376,0.39
4333,0,0.598,2.982,0.509
4334,0,0.781,1.859,0.293
4335,0,0.766,1.952,0.353
4336,0,0.82,2.067,0.399
4337,0,0.773,1.914,0.312
4338,0,0.609,2.934,0.471
4339,0,0.688,2.47,0.393
4340,0,0.707,2.445,0.392
4341,0,0.641,2.693,0.463
4342,0,0.781,1.87,0.308
4343,0,0.742,2.212,0.369
4344,0,0.734,2.277,0.375
4345,0,0.629,2.827,0.458
4346,0,0.773,2.019,0.331
4347,0,0.695,2.356,0.417
4348,0,0.785,1.984,0.329
4349,0,0.859,1.507,0.258
4350,0,0.656,2.575,0.449
4351,0,0.703,2.356,0.391
4352,0,0.84,1.711,0.266
4353,0,0.711,2.411,0.394
4354,0,0.695,2.451,0.427
4355,0,0.828,1.649,0.267
4356,0,0.762,2.095,0.348
4357,0,0.836,1.726,0.279
4358,0,0.781,1.95,0.33
4359,0,0.68,2.539,0.458
4360,0,0.703,2.268,0.393
4361,0,0.766,2.095,0.358
4362,0,0.539,3.354,0.56
4363,0,0.578,3.341,0.553
4364,0,0.77,1.97,0.343
4365,0,0.742,2.373,0.36
4366,0,0.797,1.849,0.314
4367,0,0.809,1.909,0.338
4368,0,0.75,2.095,0.336
4369,0,0.766,2.032,0.319
4370,0,0.613,2.907,0.509
4371,0,0.848,1.748,0.266
4372,0,0.727,2.378,0.359
4373,0,0.672,2.634,0.433
4374,0,0.691,2.489,0.421
4375,0,0.75,2.119,0.355
4376,0,0.797,1.903,0.309
4377,0,0.664,2.593,0.439
4378,0,0.785,1.906,0.333
4379,0,0.734,2.266,0.358
4380,0,0.773,2.074,0.325
4381,0,0.789,1.99,0.329
4382,0,0.711,2.323,0.383
4383,0,0.797,1.852,0.293
4384,0,0.617,2.831,0.495
4385,0,0.641,2.78,0.484
4386,0,0.711,2.402,0.396
4387,0,0.578,2.973,0.531
4388,0,0.82,1.639,0.271
4389,0,0.805,1.7,0.292
4390,0,0.582,3.039,0.53
4391,0,0.57,2.683,0.496
4392,0,0.766,2.099,0.338
4393,0,0.797,1.861,0.306
4394,0,0.793,1.961,0.318
4395,0,0.68,2.659,0.444
4396,0,0.754,2.093,0.347
4397,0,0.766,2.106,0.327
4398,0,0.844,1.687,0.274
4399,0,0.727,2.356,0.381
4400,0,0.598,2.919,0.49
4401,0,0.742,2.162,0.369
4402,0,0.742,2.057,0.373
4403,0,0.715,2.566,0.415
4404,0,0.742,2.232,0.382
4405,0,0.734,2.214,0.368
4406,0,0.617,2.861,0.487
4407,0,0.555,3.227,0.567
4408,0,0.656,2.746,0.456
4409,0,0.801,2.059,0.309
4410,0,0.641,2.458,0.447
4411,0,0.672,2.64,0.458
4412,0,0.812,1.896,0.312
4413,0,0.629,2.82,0.492
4414,0,0.801,2.111,0.345
4415,0,0.73,2.261,0.414
4416,0,0.84,1.698,0.281
4417,0,0.797,1.938,0.313
4418,0,0.777,1.794,0.316
4419,0,0.703,2.317,0.408
4420,0,0.711,2.28,0.411
4421,0,0.812,1.777,0.315
4422,0,0.762,2.059,0.333
4423,0,0.773,2.06,0.332
4424,0,0.633,2.93,0.479
4425,0,0.68,2.461,0.425
4426,0,0.812,1.917,0.32
4427,0,0.844,1.682,0.257
4428,0,0.828,1.732,0.301
4429,0,0.641,2.731,0.468
4430,0,0.602,3.039,0.514
4431,0,0.75,2.153,0.368
4432,0,0.742,2.33,0.366
4433,0,0.719,2.457,0.368
4434,0,0.805,2.064,0.332
4435,0,0.836,1.711,0.294
4436,0,0.773,2.003,0.34
4437,0,0.656,2.759,0.449
4438,0,0.723,2.393,0.387
4439,0,0.781,1.886,0.297
4440,0,0.773,2.161,0.365
4441,0,0.773,2.079,0.376
4442,0,0.703,2.374,0.413
4443,0,0.656,2.719,0.427
4444,0,0.75,2.13,0.374
4445,0,0.789,1.933,0.324
4446,0,0.633,2.817,0.473
4447,0,0.57,2.917,0.539
4448,0,0.734,2.426,0.373
4449,0,0.625,2.899,0.498
4450,0,0.652,2.646,0.453
4451,0,0.766,1.994,0.36
4452,0,0.75,2.264,0.392
4453,0,0.762,2.119,0.351
4454,0,0.883,1.558,0.255
4455,0,0.688,2.358,0.401
4456,0,0.703,2.415,0.411
4457,0,0.695,2.493,0.422
4458,0,0.652,2.583,0.45
4459,0,0.805,1.913,0.31
4460,0,0.867,1.552,0.26
4461,0,0.648,2.856,0.469
4462,0,0.637,2.691,0.473
4463,0,0.836,1.724,0.3
4464,0,0.582,2.956,0.521
4465,0,0.633,2.776,0.522
4466,0,0.77,2.135,0.321
4467,0,0.688,2.511,0.402
4468,0,0.586,2.951,0.499
4469,0,0.773,1.93,0.409
4470,0,0.547,3.219,0.546
4471,0,0.688,2.505,0.422
4472,0,0.555,3.115,0.533
4473,0,0.883,1.59,0.222
4474,0,0.828,1.87,0.267
4475,0,0.688,2.495,0.437
4476,0,0.695,2.51,0.424
4477,0,0.555,3.07,0.547
4478,0,0.699,2.45,0.443
4479,0,0.582,3.244,0.53
4480,0,0.75,2.125,0.369
4481,0,0.641,2.673,0.463
4482,0,0.828,1.798,0.274
4483,0,0.602,3.083,0.518
4484,0,0.758,2.154,0.36
4485,0,0.742,2.337,0.38
4486,0,0.711,2.446,0.417
4487,0,0.828,1.713,0.253
4488,0,0.602,3.039,0.501
4489,0,0.836,1.726,0.279
4490,0,0.789,1.917,0.321
4491,0,0.629,2.773,0.476
4492,0,0.824,1.789,0.257
4493,0,0.707,2.439,0.383
4494,0,0.641,2.726,0.449
4495,0,0.68,2.466,0.452
4496,0,0.727,2.283,0.396
4497,0,0.766,2.032,0.323
4498,0,0.66,2.662,0.456
4499,0,0.797,1.968,0.343
4500,0,0.648,2.766,0.434
4501,0,0.691,2.479,0.393
4502,0,0.625,2.799,0.49
4503,0,0.625,2.727,0.477
4504,0,0.746,2.181,0.361
4505,0,0.629,2.866,0.477
4506,0,0.785,1.926,0.315
4507,0,0.75,2.027,0.339
4508,0,0.758,2.109,0.371
4509,0,0.688,2.469,0.406
4510,0,0.625,2.812,0.492
4511,0,0.676,2.608,0.409
4512,0,0.758,1.802,0.278
4513,0,0.695,2.518,0.409
4514,0,0.762,2.139,0.345
4515,0,0.766,1.977,0.335
4516,0,0.844,1.623,0.254
4517,0,0.695,2.518,0.438
4518,0,0.859,1.649,0.202
4519,0,0.625,2.808,0.476
4520,0,0.617,2.885,0.486
4521,0,0.82,1.704,0.268
4522,0,0.746,2.124,0.348
4523,0,0.797,1.906,0.287
4524,0,0.832,1.748,0.301
4525,0,0.773,1.92,0.311
4526,0,0.766,2.036,0.349
4527,0,0.512,3.65,0.591
4528,0,0.703,2.446,0.387
4529,0,0.672,2.577,0.429
4530,0,0.68,2.391,0.404
4531,0,0.66,2.565,0.462
4532,0,0.742,2.105,0.362
4533,0,0.77,2.086,0.321
4534,0,0.707,2.365,0.379
4535,0,0.805,1.922,0.29
4536,0,0.703,2.531,0.377
4537,0,0.633,2.666,0.462
4538,0,0.664,2.639,0.431
4539,0,0.719,2.339,0.382
4540,0,0.633,2.805,0.485
4541,0,0.688,2.5,0.392
4542,0,0.742,2.205,0.359
4543,0,0.762,2.032,0.309
4544,0,0.742,2.151,0.372
4545,0,0.695,2.398,0.377
4546,0,0.719,2.233,0.374
4547,0,0.512,3.507,0.575
4548,0,0.816,1.795,0.285
4549,0,0.633,2.879,0.469
4550,0,0.609,2.854,0.497
4551,0,0.656,2.701,0.424
4552,0,0.891,1.358,0.195
4553,0,0.547,3.155,0.525
4554,0,0.727,2.346,0.386
4555,0,0.816,1.839,0.276
4556,0,0.695,2.43,0.418
4557,0,0.738,2.136,0.344
4558,0,0.68,2.564,0.414
4559,0,0.629,2.827,0.482
4560,0,0.75,2.084,0.345
4561,0,0.68,2.572,0.418
4562,0,0.703,2.357,0.39
4563,0,0.672,2.746,0.439
4564,0,0.605,2.918,0.486
4565,0,0.855,1.567,0.24
4566,0,0.789,1.884,0.295
4567,0,0.582,3.141,0.542
4568,0,0.859,1.654,0.265
4569,0,0.828,1.581,0.268
4570,0,0.598,2.862,0.496
4571,0,0.672,2.66,0.436
4572,0,0.758,2.164,0.343
4573,0,0.695,2.495,0.423
4574,0,0.664,2.459,0.441
4575,0,0.648,2.736,0.447
4576,0,0.668,2.643,0.445
4577,0,0.703,2.441,0.404
4578,0,0.371,5.729,0.756
4579,0,0.777,1.854,0.318
4580,0,0.699,2.372,0.393
4581,0,0.609,2.969,0.485
4582,0,0.859,1.557,0.245
4583,0,0.828,1.692,0.283
4584,0,0.629,2.9,0.465
4585,0,0.875,1.451,0.184
4586,0,0.652,2.734,0.451
4587,0,0.789,1.947,0.305
4588,0,0.656,2.818,0.451
4589,0,0.66,2.683,0.451
4590,0,0.793,1.937,0.318
4591,0,0.75,2.248,0.349
4592,0,0.758,2.01,0.367
4593,0,0.617,2.956,0.488
4594,0,0.82,1.94,0.317
4595,0,0.734,2.22,0.391
4596,0,0.883,1.44,0.21
4597,0,0.664,2.48,0.458
4598,0,0.875,1.469,0.23
4599,0,0.578,3.088,0.532
4600,0,0.793,2.004,0.34
4601,0,0.656,2.629,0.449
4602,0,1.062,1.086,0.03
4603,0,0.844,1.775,0.268
4604,0,0.684,2.385,0.388
4605,0,0.742,2.128,0.37
4606,0,0.57,3.059,0.541
4607,0,0.621,2.841,0.487
4608,0,0.734,1.89,0.437
4609,0,0.695,2.414,0.423
4610,0,0.688,2.506,0.424
4611,0,0.719,2.402,0.386
4612,0,0.75,2.225,0.361
4613,0,0.754,2.087,0.358
4614,0,0.688,2.573,0.441
4615,0,0.738,2.258,0.364
4616,0,0.645,2.656,0.462
4617,0,0.609,2.805,0.505
4618,0,0.844,1.779,0.293
4619,0,0.695,2.455,0.409
4620,0,0.719,2.287,0.406
4621,0,0.734,2.227,0.378
4622,0,0.703,2.328,0.382
4623,0,0.715,2.385,0.419
4624,0,0.82,1.756,0.252
4625,0,0.648,2.689,0.451
4626,0,0.797,1.817,0.316
4627,0,0.844,1.548,0.259
4628,0,0.852,1.802,0.311
4629,0,0.727,2.387,0.393
4630,0,0.609,2.964,0.483
4631,0,0.59,2.92,0.545
4632,0,0.816,1.925,0.311
4633,0,0.641,2.728,0.468
4634,0,0.625,2.807,0.483
4635,0,0.816,1.79,0.248
4636,0,0.695,2.42,0.444
4637,0,0.75,2.071,0.331
4638,0,0.824,1.812,0.32
4639,0,0.617,2.831,0.488
4640,0,0.609,2.869,0.471
4641,0,0.766,2.256,0.345
4642,0,0.734,2.295,0.382
4643,0,0.594,3.126,0.509
4644,0,0.633,2.783,0.471
4645,0,0.738,2.157,0.359
4646,0,0.727,2.24,0.391
4647,0,0.719,2.361,0.414
4648,0,0.555,3.207,0.536
4649,0,0.734,2.242,0.37
4650,0,0.738,2.154,0.366
4651,0,0.789,2.006,0.321
4652,0,0.742,2.166,0.341
4653,0,0.645,2.867,0.474
4654,0,0.73,2.193,0.359
4655,0,0.758,2.06,0.348
4656,0,0.656,2.657,0.446
4657,0,0.57,3.005,0.529
4658,0,0.645,2.822,0.454
4659,0,0.676,2.634,0.443
4660,0,0.688,2.538,0.43
4661,0,0.734,2.216,0.385
4662,0,0.801,1.918,0.3
4663,0,0.688,2.464,0.41
4664,0,0.652,2.612,0.47
4665,0,0.68,2.592,0.425
4666,0,0.723,2.335,0.381
4667,0,0.742,2.2,0.383
4668,0,0.754,2.145,0.355
4669,0,0.844,1.603,0.257
4670,0,0.582,3.124,0.529
4671,0,0.684,2.626,0.428
4672,0,0.812,1.884,0.313
4673,0,0.812,1.855,0.33
4674,0,0.801,1.79,0.312
4675,0,0.82,1.856,0.306
4676,0,0.496,3.558,0.595
4677,0,0.805,1.755,0.302
4678,0,0.828,1.845,0.296
4679,0,0.723,2.431,0.373
4680,0,0.727,2.338,0.383
4681,0,0.859,1.951,0.33
4682,0,0.59,3.337,0.526
4683,0,0.855,1.547,0.236
4684,0,0.719,2.423,0.383
4685,0,0.652,2.794,0.452
4686,0,0.809,1.891,0.29
4687,0,0.758,2.154,0.366
4688,0,0.801,1.895,0.314
4689,0,0.742,2.217,0.378
4690,0,0.855,1.603,0.266
4691,0,0.641,2.791,0.453
4692,0,0.656,2.681,0.451
4693,0,0.75,2.115,0.334
4694,0,0.852,2.124,0.324
4695,0,0.57,3.147,0.524
4696,0,0.684,2.522,0.415
4697,0,0.793,1.878,0.331
4698,0,0.828,1.844,0.307
4699,0,0.758,2.154,0.354
4700,0,0.633,2.7,0.511
4701,0,0.625,2.853,0.503
4702,0,0.605,2.911,0.487
4703,0,0.844,1.57,0.269
4704,0,0.828,1.748,0.293
4705,0,0.648,2.67,0.45
4706,0,0.707,2.452,0.399
4707,0,0.609,2.964,0.527
4708,0,0.656,2.497,0.447
4709,0,0.574,3.133,0.524
4710,0,0.734,2.307,0.383
4711,0,0.816,1.792,0.293
4712,0,0.707,2.424,0.412
4713,0,0.766,2.117,0.352
4714,0,0.75,2.108,0.357
4715,0,0.758,1.996,0.35
4716,0,0.695,2.557,0.43
4717,0,0.734,1.678,0.325
4718,0,0.746,2.138,0.366
4719,0,0.77,2.165,0.345
4720,0,0.828,1.983,0.307
4721,0,0.789,1.735,0.378
4722,0,0.832,1.842,0.289
4723,0,0.672,2.576,0.419
4724,0,0.648,2.787,0.468
4725,0,0.684,2.739,0.431
4726,0,0.773,1.941,0.335
4727,0,0.746,2.194,0.368
4728,0,0.609,2.94,0.5
4729,0,0.586,3.023,0.511
4730,0,0.727,2.211,0.356
4731,0,0.57,3.112,0.54
4732,0,0.734,2.412,0.372
4733,0,0.602,2.954,0.509
4734,0,0.719,2.545,0.377
4735,0,0.734,2.389,0.396
4736,0,0.617,2.859,0.493
4737,0,0.777,2.013,0.317
4738,0,0.781,2.049,0.346
4739,0,0.621,2.866,0.495
4740,0,0.656,2.716,0.471
4741,0,0.742,2.261,0.377
4742,0,0.734,2.212,0.367
4743,0,0.695,2.406,0.409
4744,0,0.633,2.883,0.47
4745,0,0.805,1.712,0.281
4746,0,0.766,2.098,0.341
4747,0,0.758,2.256,0.375
4748,0,0.891,1.57,0.208
4749,0,0.617,2.754,0.466
4750,0,0.656,2.667,0.454
4751,0,0.652,2.655,0.471
4752,0,0.547,3.111,0.562
4753,0,0.508,3.635,0.587
4754,0,0.844,1.494,0.169
4755,0,0.82,1.809,0.275
4756,0,0.738,2.176,0.35
4757,0,0.672,2.621,0.417
4758,0,0.676,2.561,0.422
4759,0,0.703,2.356,0.396
4760,0,0.766,2.029,0.34
4761,0,0.777,1.943,0.325
4762,0,0.883,1.695,0.283
4763,0,0.703,2.531,0.42
4764,0,0.781,2.087,0.316
4765,0,0.773,2.189,0.326
4766,0,0.789,2.097,0.332
4767,0,0.68,2.688,0.441
4768,0,0.641,2.853,0.478
4769,0,0.734,2.25,0.375
4770,0,0.656,2.658,0.458
4771,0,0.719,2.181,0.407
4772,0,0.812,1.895,0.286
4773,0,0.734,2.339,0.368
4774,0,0.68,2.574,0.42
4775,0,0.586,3.027,0.521
4776,0,0.758,2.083,0.347
4777,0,0.711,2.474,0.402
4778,0,0.711,2.38,0.4
4779,0,0.68,2.599,0.425
4780,0,0.688,2.64,0.439
4781,0,0.586,3.086,0.513
4782,0,0.848,1.605,0.246
4783,0,0.59,3.133,0.518
4784,0,0.719,2.38,0.386
4785,0,0.812,1.804,0.283
4786,0,0.887,1.505,0.218
4787,0,0.633,2.816,0.476
4788,0,0.688,2.431,0.418
4789,0,0.68,2.481,0.415
4790,0,0.758,2.048,0.345
4791,0,0.805,1.888,0.293
4792,0,0.82,1.983,0.301
4793,0,0.68,2.517,0.437
4794,0,0.707,2.352,0.417
4795,0,0.594,3.055,0.492
4796,0,0.664,2.56,0.428
4797,0,0.789,1.94,0.34
4798,0,0.539,3.195,0.544
4799,0,0.754,2.08,0.362
4800,0,0.793,2.001,0.321
4801,0,0.75,2.086,0.348
4802,0,0.617,2.831,0.485
4803,0,0.828,1.835,0.309
4804,0,0.734,2.349,0.385
4805,0,0.77,1.9,0.285
4806,0,0.562,3.339,0.544
4807,0,0.527,3.489,0.579
4808,0,0.625,2.887,0.465
4809,0,0.703,2.475,0.409
4810,0,0.562,2.849,0.52
4811,0,0.789,2.054,0.33
4812,0,0.734,2.399,0.386
4813,0,0.793,2.045,0.306
4814,0,0.488,3.669,0.621
4815,0,0.73,2.268,0.362
4816,0,0.617,3.004,0.494
4817,0,0.844,1.756,0.257
4818,0,0.789,1.932,0.276
4819,0,0.52,3.361,0.565
4820,0,0.754,2.048,0.351
4821,0,0.75,2.185,0.36
4822,0,0.633,2.8,0.457
4823,0,0.68,2.632,0.424
4824,0,0.629,2.868,0.483
4825,0,0.703,2.55,0.388
4826,0,0.484,3.669,0.608
4827,0,0.773,2.19,0.348
4828,0,0.789,1.73,0.312
4829,0,0.707,2.447,0.396
4830,0,0.59,3.151,0.513
4831,0,0.582,3.15,0.517
4832,0,0.723,2.122,0.374
4833,0,0.812,1.723,0.309
4834,0,0.828,1.652,0.277
4835,0,0.551,3.199,0.544
4836,0,0.68,2.513,0.419
4837,0,0.84,1.774,0.261
4838,0,0.734,2.6,0.432
4839,0,0.648,2.687,0.457
4840,0,0.672,2.603,0.448
4841,0,0.609,3.07,0.483
4842,0,0.629,2.691,0.471
4843,0,0.742,2.23,0.375
4844,0,0.812,1.824,0.323
4845,0,0.656,2.579,0.456
4846,0,0.781,2.08,0.335
4847,0,0.801,1.748,0.281
4848,0,0.715,2.431,0.395
4849,0,0.812,1.665,0.274
4850,0,0.949,1.476,0.177
4851,0,0.516,3.297,0.595
4852,0,0.68,2.55,0.412
4853,0,0.645,2.594,0.479
4854,0,0.727,2.29,0.398
4855,0,0.789,2.004,0.327
4856,0,0.648,2.644,0.466
4857,0,0.656,2.561,0.449
4858,0,0.84,1.69,0.25
4859,0,0.766,2.066,0.302
4860,0,0.711,2.302,0.396
4861,0,0.734,2.338,0.385
4862,0,0.828,1.787,0.28
4863,0,0.75,2.219,0.373
4864,0,0.605,2.838,0.505
4865,0,0.852,1.621,0.234
4866,0,0.656,2.563,0.452
4867,0,0.793,1.859,0.322
4868,0,0.527,3.451,0.583
4869,0,0.609,2.932,0.494
4870,0,0.781,2.084,0.336
4871,0,0.711,2.344,0.406
4872,0,0.723,2.381,0.371
4873,0,0.816,2.015,0.294
4874,0,0.703,2.437,0.41
4875,0,0.699,2.355,0.409
4876,0,0.805,1.861,0.283
4877,0,0.699,2.522,0.414
4878,0,0.797,1.892,0.311
4879,0,0.672,2.737,0.448
4880,0,0.766,2.097,0.354
4881,0,0.82,1.966,0.291
4882,0,0.504,3.583,0.581
4883,0,0.852,1.733,0.269
4884,0,0.711,2.463,0.419
4885,0,0.773,2.049,0.338
4886,0,0.82,1.937,0.293
4887,0,0.707,2.408,0.414
4888,0,0.758,2.139,0.328
4889,0,0.836,1.741,0.265
4890,0,0.637,2.876,0.486
4891,0,0.57,3.278,0.559
4892,0,0.691,2.51,0.406
4893,0,0.797,1.834,0.302
4894,0,0.531,3.479,0.571
4895,0,0.789,1.97,0.318
4896,0,0.57,3.186,0.541
4897,0,0.605,2.908,0.505
4898,0,0.625,2.917,0.474
4899,0,0.629,2.857,0.484
4900,0,0.75,2.144,0.34
4901,0,0.781,2.047,0.361
4902,0,0.836,1.699,0.28
4903,0,0.719,2.389,0.397
4904,0,0.742,2.163,0.368
4905,0,0.75,2.362,0.363
4906,0,0.797,1.929,0.297
4907,0,0.684,2.602,0.42
4908,0,0.859,1.623,0.244
4909,0,0.836,1.699,0.259
4910,0,0.66,2.76,0.436
4911,0,0.762,2.045,0.322
4912,0,0.742,2.325,0.364
4913,0,0.82,1.811,0.298
4914,0,0.668,2.654,0.436
4915,0,0.688,2.481,0.414
4916,0,0.555,3.307,0.56
4917,0,0.805,1.882,0.295
4918,0,0.777,2.123,0.374
4919,0,0.773,2.151,0.334
4920,0,0.609,2.825,0.513
4921,0,0.754,2.095,0.353
4922,0,0.617,2.888,0.497
4923,0,0.758,2.009,0.354
4924,0,0.664,2.698,0.444
4925,0,0.531,3.37,0.574
4926,0,0.688,2.399,0.414
4927,0,0.797,2.074,0.299
4928,0,0.633,2.853,0.477
4929,0,0.664,2.547,0.425
4930,0,0.805,1.949,0.307
4931,0,0.539,3.359,0.554
4932,0,0.621,2.898,0.465
4933,0,0.531,3.332,0.581
4934,0,0.699,2.461,0.425
4935,0,0.793,1.928,0.307
4936,0,0.766,1.956,0.327
4937,0,0.641,2.784,0.467
4938,0,0.742,2.131,0.36
4939,0,0.68,2.545,0.449
4940,0,0.836,1.614,0.255
4941,0,0.742,2.029,0.359
4942,0,0.797,1.968,0.315
4943,0,0.773,1.897,0.329
4944,0,0.777,1.942,0.343
4945,0,0.789,1.88,0.33
4946,0,0.797,1.765,0.28
4947,0,0.77,2.068,0.31
4948,0,0.797,1.989,0.305
4949,0,0.723,2.225,0.381
4950,0,0.828,1.696,0.286
4951,0,0.727,2.41,0.381
4952,0,0.715,2.404,0.392
4953,0,0.641,2.875,0.479
4954,0,0.711,2.22,0.397
4955,0,0.73,2.343,0.387
4956,0,0.75,2.221,0.374
4957,0,0.617,2.52,0.512
4958,0,0.812,1.918,0.334
4959,0,0.734,2.213,0.387
4960,0,0.633,2.791,0.495
4961,0,0.656,2.579,0.441
4962,0,0.707,2.393,0.39
4963,0,0.605,2.937,0.478
4964,0,0.531,3.258,0.565
4965,0,0.734,2.17,0.394
4966,0,0.555,3.29,0.555
4967,0,0.734,2.221,0.377
4968,0,0.723,2.296,0.388
4969,0,0.641,2.774,0.461
4970,0,0.727,2.31,0.375
4971,0,0.656,2.622,0.464
4972,0,0.539,3.255,0.57
4973,0,0.664,2.661,0.434
4974,0,0.68,2.683,0.448
4975,0,0.789,2.025,0.308
4976,0,0.797,1.776,0.3
4977,0,0.688,2.469,0.402
4978,0,0.73,2.36,0.369
4979,0,0.586,3.072,0.53
4980,0,0.664,2.582,0.47
4981,0,0.922,1.357,0.183
4982,0,0.82,1.72,0.293
4983,0,0.703,2.521,0.431
4984,0,0.684,2.533,0.423
4985,0,0.486,3.738,0.624
4986,0,0.609,2.871,0.496
4987,0,0.691,2.459,0.428
4988,0,0.84,1.812,0.285
4989,0,0.828,1.836,0.282
4990,0,0.734,2.341,0.362
4991,0,0.711,2.332,0.408
4992,0,0.688,2.454,0.426
4993,0,0.57,3.189,0.545
4994,0,0.648,2.706,0.483
4995,0,0.797,2.057,0.309
4996,0,0.809,1.825,0.294
4997,0,0.738,2.122,0.367
4998,0,0.734,2.13,0.368
4999,0,0.805,1.844,0.3
5000,0,0.824,1.757,0.267
5001,0,0.719,2.484,0.4
5002,0,0.664,2.572,0.454
5003,0,0.766,1.921,0.337
5004,0,0.719,2.293,0.365
5005,0,0.676,2.539,0.433
5006,0,0.73,2.289,0.391
5007,0,0.844,1.644,0.271
5008,0,0.715,2.351,0.388
5009,0,0.617,2.51,0.514
5010,0,0.664,2.575,0.413
5011,0,0.812,1.784,0.297
5012,0,0.648,2.563,0.391
5013,0,0.645,2.862,0.481
5014,0,0.781,1.997,0.33
5015,0,0.812,1.846,0.317
5016,0,0.695,2.459,0.426
5017,0,0.688,2.489,0.41
5018,0,0.523,3.438,0.572
5019,0,0.688,2.56,0.432
5020,0,0.574,3.253,0.518
5021,0,0.699,2.527,0.384
5022,0,0.605,3.032,0.51
5023,0,0.676,2.469,0.418
5024,0,0.766,2.102,0.339
5025,0,0.734,2.339,0.392
5026,0,0.852,1.768,0.26
5027,0,0.633,2.75,0.461
5028,0,0.547,3.255,0.544
5029,0,0.676,2.463,0.424
5030,0,0.754,2.052,0.341
5031,0,0.656,2.568,0.439
5032,0,0.699,2.495,0.394
5033,0,0.715,2.362,0.389
5034,0,0.812,1.792,0.299
5035,0,0.719,2.31,0.378
5036,0,0.707,2.437,0.394
5037,0,0.688,2.577,0.413
5038,0,0.836,1.655,0.264
5039,0,0.828,1.588,0.242
5040,0,0.812,1.885,0.291
5041,0,0.824,1.855,0.265
5042,0,0.68,2.607,0.423
5043,0,0.57,3.143,0.525
5044,0,0.727,2.384,0.362
5045,0,0.586,2.976,0.5
5046,0,0.734,2.296,0.393
5047,0,0.77,2.123,0.336
5048,0,0.727,2.316,0.393
5049,0,0.648,2.653,0.47
5050,0,0.688,2.59,0.438
5051,0,0.617,2.82,0.512
5052,0,0.867,1.477,0.23
5053,0,0.672,2.515,0.449
5054,0,0.621,2.897,0.504
5055,0,0.812,1.801,0.297
5056,0,0.734,2.18,0.374
5057,0,0.633,2.895,0.488
5058,0,0.699,2.383,0.407
5059,0,0.715,2.501,0.418
5060,0,0.836,1.547,0.226
5061,0,0.57,3.259,0.553
5062,0,0.641,2.817,0.474
5063,0,0.766,2.092,0.351
5064,0,0.641,2.741,0.476
5065,0,0.719,2.251,0.368
5066,0,0.602,2.95,0.487
5067,0,0.66,2.638,0.44
5068,0,0.738,2.324,0.378
5069,0,0.668,2.634,0.439
5070,0,0.711,2.33,0.39
5071,0,0.625,2.793,0.473
5072,0,0.703,2.411,0.393
5073,0,0.633,2.984,0.447
5074,0,0.723,2.425,0.382
5075,0,0.754,2.161,0.364
5076,0,0.668,2.545,0.415
5077,0,0.926,1.551,0.129
5078,0,0.723,2.236,0.374
5079,0,0.605,3.065,0.51
5080,0,0.676,2.532,0.416
5081,0,0.734,2.228,0.358
5082,0,0.758,1.973,0.335
5083,0,0.703,2.344,0.395
5084,0,0.707,2.473,0.423
5085,0,0.84,1.584,0.197
5086,0,0.68,2.453,0.421
5087,0,0.711,2.42,0.371
5088,0,0.758,2.174,0.346
5089,0,0.648,2.69,0.452
5090,0,0.867,1.493,0.227
5091,0,0.785,2.0,0.311
5092,0,0.574,3.198,0.525
5093,0,0.773,2.058,0.321
5094,0,0.602,2.85,0.485
5095,0,0.754,2.512,0.388
5096,0,0.758,2.107,0.354
5097,0,0.656,2.661,0.465
5098,0,0.73,2.368,0.391
5099,0,0.816,1.775,0.29
5100,0,0.723,2.132,0.39
5101,0,0.777,1.96,0.293
5102,0,0.695,2.513,0.416
5103,0,0.746,2.156,0.347
5104,0,0.68,2.489,0.417
5105,0,0.781,1.858,0.305
5106,0,0.789,1.934,0.324
5107,0,0.789,1.99,0.322
5108,0,0.609,2.858,0.475
5109,0,0.656,2.618,0.442
5110,0,0.723,2.274,0.352
5111,0,0.617,2.776,0.495
5112,0,0.645,2.785,0.488
5113,0,0.75,2.179,0.368
5114,0,0.594,3.043,0.506
5115,0,0.656,2.68,0.436
5116,0,0.715,2.529,0.386
5117,0,0.68,2.646,0.448
5118,0,0.664,2.572,0.429
5119,0,0.594,2.981,0.516
5120,0,0.605,3.039,0.509
5121,0,0.688,2.506,0.405
5122,0,0.602,2.929,0.483
5123,0,0.617,3.034,0.509
5124,0,0.773,1.798,0.341
5125,0,0.562,3.292,0.541
5126,0,0.797,1.989,0.326
5127,0,0.75,2.101,0.345
5128,0,0.742,2.063,0.363
5129,0,0.734,2.233,0.405
5130,0,0.789,1.943,0.342
5131,0,0.711,2.431,0.404
5132,0,0.793,1.81,0.305
5133,0,0.742,2.445,0.361
5134,0,0.648,2.653,0.46
5135,0,0.766,2.183,0.348
5136,0,0.785,1.967,0.321
5137,0,0.582,3.019,0.511
5138,0,0.656,2.525,0.467
5139,0,0.766,2.022,0.355
5140,0,0.68,2.598,0.437
5141,0,0.801,1.846,0.306
5142,0,0.625,2.822,0.486
5143,0,0.73,2.392,0.391
5144,0,0.664,2.596,0.449
5145,0,0.586,2.901,0.523
5146,0,0.676,2.442,0.394
5147,0,0.602,2.9,0.503
5148,0,0.68,2.573,0.406
5149,0,0.656,2.661,0.457
5150,0,0.75,2.183,0.362
5151,0,0.727,2.426,0.384
5152,0,0.852,1.426,0.132
5153,0,0.812,1.851,0.314
5154,0,0.793,1.873,0.332
5155,0,0.699,2.351,0.406
5156,0,1.0,1.354,0.203
5157,0,0.828,1.822,0.294
5158,0,0.578,3.06,0.548
5159,0,0.898,1.541,0.214
5160,0,0.395,4.154,0.668
5161,0,0.797,1.922,0.357
5162,0,0.789,2.027,0.332
5163,0,0.789,1.906,0.3
5164,0,0.797,1.865,0.282
5165,0,0.801,1.969,0.315
5166,0,0.734,2.332,0.366
5167,0,0.727,2.217,0.363
5168,0,0.68,2.628,0.408
5169,0,0.711,2.405,0.371
5170,0,0.812,1.801,0.254
5171,0,0.73,2.316,0.408
5172,0,0.766,2.038,0.334
5173,0,0.793,1.981,0.33
5174,0,0.82,1.787,0.306
5175,0,0.465,3.953,0.632
5176,0,0.613,3.039,0.473
5177,0,0.777,1.96,0.325
5178,0,0.676,2.487,0.439
5179,0,0.801,1.833,0.296
5180,0,0.508,3.451,0.591
5181,0,0.711,2.331,0.371
5182,0,0.75,2.218,0.38
5183,0,0.672,2.678,0.442
5184,0,0.648,2.499,0.45
5185,0,0.723,2.314,0.395
5186,0,0.875,1.592,0.234
5187,0,0.812,1.773,0.291
5188,0,0.711,2.401,0.398
5189,0,0.645,2.818,0.453
5190,0,0.719,2.266,0.395
5191,0,0.844,1.577,0.262
5192,0,0.57,3.248,0.549
5193,0,0.664,2.674,0.441
5194,0,0.871,1.56,0.235
5195,0,0.547,3.168,0.535
5196,0,0.77,1.937,0.321
5197,0,0.789,1.958,0.338
5198,0,0.797,1.892,0.326
5199,0,0.738,2.292,0.393
5200,0,0.789,2.199,0.355
5201,0,0.57,3.232,0.54
5202,0,0.742,2.395,0.387
5203,0,0.652,2.61,0.442
5204,0,0.75,2.215,0.363
5205,0,0.805,1.899,0.335
5206,0,0.855,1.703,0.264
5207,0,0.562,2.961,0.552
5208,0,0.789,1.907,0.319
5209,0,0.742,2.116,0.35
5210,0,0.715,2.281,0.377
5211,0,0.699,2.426,0.408
5212,0,0.809,1.917,0.288
5213,0,0.562,3.233,0.537
5214,0,0.871,1.609,0.267
5215,0,0.684,2.482,0.402
5216,0,0.793,1.917,0.316
5217,0,0.723,2.354,0.371
5218,0,0.719,2.257,0.386
5219,0,0.523,3.374,0.563
5220,0,0.703,2.41,0.398
5221,0,0.672,2.491,0.429
5222,0,0.816,1.726,0.306
5223,0,0.664,2.589,0.444
5224,0,0.738,2.054,0.378
5225,0,0.672,2.511,0.416
5226,0,0.75,2.136,0.362
5227,0,0.836,1.622,0.262
5228,0,0.562,3.063,0.541
5229,0,0.746,2.145,0.34
5230,0,0.711,2.268,0.378
5231,0,0.812,1.836,0.321
5232,0,0.512,3.529,0.606
5233,0,0.672,2.529,0.44
5234,0,0.773,2.065,0.346
5235,0,0.703,2.506,0.415
5236,0,0.609,2.845,0.514
5237,0,0.77,1.974,0.349
5238,0,0.746,2.123,0.321
5239,0,0.594,2.953,0.515
5240,0,0.758,1.965,0.314
5241,0,0.859,1.511,0.226
5242,0,0.805,1.866,0.303
5243,0,0.82,1.743,0.295
5244,0,0.555,3.27,0.546
5245,0,0.742,2.345,0.375
5246,0,0.863,1.669,0.258
5247,0,0.688,2.452,0.416
5248,0,0.656,2.646,0.456
5249,0,0.754,2.252,0.358
5250,0,0.719,2.468,0.43
5251,0,0.695,2.383,0.401
5252,0,0.695,2.298,0.342
5253,0,0.625,2.864,0.484
5254,0,0.863,1.547,0.231
5255,0,0.742,2.151,0.362
5256,0,0.684,2.571,0.409
5257,0,0.758,2.219,0.351
5258,0,0.734,2.237,0.367
5259,0,0.738,2.163,0.352
5260,0,0.324,5.53,0.724
5261,0,0.516,3.595,0.586
5262,0,0.781,1.952,0.315
5263,0,0.656,2.877,0.48
5264,0,0.672,2.506,0.403
5265,0,0.594,2.761,0.476
5266,0,0.594,3.023,0.519
5267,0,0.703,2.396,0.399
5268,0,0.625,2.929,0.467
5269,0,0.652,2.673,0.437
5270,0,0.75,2.059,0.339
5271,0,0.758,2.128,0.344
5272,0,0.797,1.879,0.304
5273,0,0.688,2.305,0.422
5274,0,0.75,2.181,0.364
5275,0,0.648,2.741,0.45
5276,0,0.5,3.661,0.605
5277,0,0.758,2.109,0.341
5278,0,0.754,1.941,0.362
5279,0,0.711,2.276,0.383
5280,0,0.781,1.88,0.299
5281,0,0.629,2.695,0.463
5282,0,0.691,2.614,0.426
5283,0,0.605,2.914,0.505
5284,0,0.766,2.085,0.345
5285,0,0.723,2.346,0.392
5286,0,0.723,2.354,0.394
5287,0,0.648,2.681,0.452
5288,0,0.43,3.951,0.656
5289,0,0.855,1.789,0.292
5290,0,0.703,2.319,0.37
5291,0,0.812,1.827,0.299
5292,0,0.82,1.803,0.279
5293,0,0.703,2.371,0.419
5294,0,0.734,2.275,0.366
5295,0,0.719,2.223,0.403
5296,0,0.699,2.496,0.41
5297,0,0.789,2.003,0.326
5298,0,0.824,1.772,0.286
5299,0,0.492,3.7,0.608
5300,0,0.789,2.356,0.407
5301,0,0.625,2.853,0.476
5302,0,0.586,2.994,0.524
5303,0,0.695,2.51,0.42
5304,0,0.621,2.899,0.49
5305,0,0.789,2.005,0.323
5306,0,0.781,1.951,0.33
5307,0,0.766,2.015,0.356
5308,0,0.559,3.171,0.506
5309,0,0.66,2.557,0.449
5310,0,0.664,2.639,0.442
5311,0,0.656,2.683,0.44
5312,0,0.578,3.051,0.534
5313,0,0.719,2.313,0.387
5314,0,0.652,2.74,0.447
5315,0,0.789,1.999,0.306
5316,0,0.738,2.297,0.379
5317,0,0.859,1.637,0.278
5318,0,0.812,1.75,0.282
5319,0,0.672,2.606,0.438
5320,0,0.766,2.021,0.35
5321,0,0.781,1.853,0.33
5322,0,0.672,2.601,0.45
5323,0,0.641,2.827,0.485
5324,0,0.617,3.021,0.487
5325,0,0.75,2.152,0.364
5326,0,0.781,2.053,0.309
5327,0,0.668,2.752,0.45
5328,0,0.805,1.976,0.327
5329,0,0.664,2.643,0.436
5330,0,0.828,1.924,0.325
5331,0,0.559,3.365,0.535
5332,0,0.695,2.413,0.39
5333,0,0.723,2.26,0.404
5334,0,0.594,3.239,0.509
5335,0,0.49,3.236,0.593
5336,0,0.613,2.878,0.493
5337,0,0.781,2.047,0.318
5338,0,0.773,1.959,0.332
5339,0,0.75,2.166,0.368
5340,0,0.625,2.838,0.475
5341,0,0.57,3.183,0.539
5342,0,0.82,1.805,0.281
5343,0,0.543,3.464,0.569
5344,0,0.766,2.127,0.343
5345,0,0.695,2.453,0.419
5346,0,0.551,3.275,0.559
5347,0,0.609,3.025,0.486
5348,0,0.82,1.659,0.289
5349,0,0.719,2.259,0.378
5350,0,0.742,2.05,0.362
5351,0,0.711,2.349,0.408
5352,0,0.656,2.727,0.442
5353,0,0.805,1.825,0.293
5354,0,0.625,2.784,0.49
5355,0,0.801,1.776,0.314
5356,0,0.578,3.12,0.523
5357,0,0.75,2.171,0.351
5358,0,0.793,1.923,0.306
5359,0,0.82,1.873,0.298
5360,0,0.902,1.92,0.256
5361,0,0.559,3.252,0.534
5362,0,0.68,2.582,0.442
5363,0,0.52,3.374,0.592
5364,0,0.812,1.744,0.293
5365,0,0.656,2.745,0.464
5366,0,0.805,1.802,0.287
5367,0,0.746,2.041,0.336
5368,0,0.633,2.685,0.457
5369,0,0.852,1.62,0.263
5370,0,0.707,2.311,0.44
5371,0,0.652,2.609,0.449
5372,0,0.734,2.225,0.365
5373,0,0.766,1.895,0.36
5374,0,0.766,2.133,0.353
5375,0,0.789,1.943,0.312
5376,0,0.598,2.955,0.5
5377,0,0.836,1.67,0.274
5378,0,0.816,1.786,0.292
5379,0,0.773,2.083,0.348
5380,0,0.773,2.007,0.323
5381,0,0.605,3.036,0.486
5382,0,0.797,1.931,0.326
5383,0,0.773,2.033,0.345
5384,0,0.719,2.218,0.372
5385,0,0.758,2.04,0.322
5386,0,0.695,2.472,0.403
5387,0,0.758,2.792,0.565
5388,0,0.641,2.815,0.474
5389,0,0.633,2.773,0.465
5390,0,0.758,1.971,0.347
5391,0,0.75,2.014,0.334
5392,0,0.719,2.24,0.359
5393,0,0.797,1.886,0.322
5394,0,0.805,1.937,0.325
5395,0,0.68,2.564,0.446
5396,0,0.711,2.346,0.391
5397,0,0.719,2.249,0.374
5398,0,0.77,1.929,0.325
5399,0,0.68,2.74,0.44
5400,0,0.648,2.663,0.454
5401,0,0.566,3.159,0.547
5402,0,0.852,1.503,0.203
5403,0,0.68,2.45,0.401
5404,0,0.684,2.545,0.409
5405,0,0.648,2.712,0.462
5406,0,0.594,3.053,0.505
5407,0,0.695,2.5,0.419
5408,0,0.645,2.633,0.453
5409,0,0.484,3.589,0.603
5410,0,0.688,2.544,0.439
5411,0,0.648,2.731,0.472
5412,0,0.797,1.952,0.323
5413,0,0.719,2.404,0.397
5414,0,0.789,1.97,0.313
5415,0,0.781,2.071,0.354
5416,0,0.555,3.328,0.553
5417,0,0.629,2.838,0.485
5418,0,0.672,2.52,0.446
5419,0,0.566,3.135,0.55
5420,0,0.688,2.543,0.398
5421,0,0.664,2.722,0.421
5422,0,0.531,3.345,0.584
5423,0,0.773,2.146,0.353
5424,0,0.602,3.019,0.502
5425,0,0.719,2.393,0.384
5426,0,0.695,2.45,0.423
5427,0,0.75,2.299,0.354
5428,0,0.828,1.762,0.29
5429,0,0.758,2.053,0.339
5430,0,0.75,2.129,0.324
5431,0,0.59,3.083,0.527
5432,0,0.766,2.103,0.348
5433,0,0.742,2.335,0.361
5434,0,0.707,2.321,0.403
5435,0,0.723,2.321,0.389
5436,0,0.602,3.008,0.519
5437,0,0.742,2.167,0.366
5438,0,0.531,3.353,0.566
5439,0,0.711,2.28,0.388
5440,0,0.684,2.525,0.429
5441,0,0.695,2.473,0.439
5442,0,0.734,2.201,0.361
5443,0,0.699,2.405,0.412
5444,0,0.816,1.814,0.292
5445,0,0.602,2.976,0.491
5446,0,0.727,2.311,0.379
5447,0,0.812,1.764,0.284
5448,0,0.656,2.59,0.443
5449,0,0.812,1.699,0.281
5450,0,0.617,2.86,0.498
5451,0,0.824,1.89,0.278
5452,0,0.555,3.238,0.558
5453,0,0.785,2.022,0.329
5454,0,0.672,2.601,0.438
5455,0,0.734,2.275,0.351
5456,0,0.586,3.12,0.539
5457,0,0.43,3.898,0.661
5458,0,0.746,2.154,0.361
5459,0,0.707,2.411,0.409
5460,0,0.797,1.979,0.29
5461,0,0.734,2.207,0.375
5462,0,0.633,2.8,0.475
5463,0,0.781,1.939,0.314
5464,0,0.703,2.148,0.379
5465,0,0.832,1.847,0.291
5466,0,0.789,2.007,0.33
5467,0,0.734,2.334,0.396
5468,0,0.719,2.226,0.385
5469,0,0.719,2.195,0.378
5470,0,0.844,1.75,0.296
5471,0,0.812,1.909,0.312
5472,0,0.641,2.643,0.459
5473,0,0.75,2.073,0.368
5474,0,0.656,2.628,0.448
5475,0,0.664,2.515,0.45
5476,0,0.703,2.152,0.433
5477,0,0.555,3.367,0.564
5478,0,0.59,2.982,0.522
5479,0,0.711,2.336,0.397
5480,0,0.734,2.312,0.39
5481,0,0.504,3.631,0.606
5482,0,0.605,2.809,0.472
5483,0,0.688,2.322,0.397
5484,0,0.797,1.806,0.289
5485,0,0.75,2.012,0.364
5486,0,0.691,2.577,0.423
5487,0,0.574,3.263,0.547
5488,0,0.758,1.957,0.345
5489,0,0.773,1.923,0.323
5490,0,0.738,2.254,0.356
5491,0,0.496,3.529,0.59
5492,0,0.586,3.095,0.521
5493,0,0.672,2.635,0.429
5494,0,0.539,3.324,0.553
5495,0,0.68,2.493,0.436
5496,0,0.734,2.325,0.4
5497,0,0.602,2.964,0.512
5498,0,0.625,2.884,0.473
5499,0,0.688,2.569,0.397
5500,0,0.871,1.572,0.237
5501,0,0.797,1.849,0.31
5502,0,0.629,2.805,0.476
5503,0,0.746,2.214,0.343
5504,0,0.785,1.963,0.319
5505,0,1.156,1.146,0.111
5506,0,0.617,3.03,0.503
5507,0,0.75,2.236,0.388
5508,0,0.57,3.162,0.524
5509,0,0.703,2.419,0.411
5510,0,0.57,3.199,0.533
5511,0,0.695,2.508,0.419
5512,0,0.82,1.872,0.289
5513,0,0.625,2.84,0.47
5514,0,0.758,2.105,0.351
5515,0,0.664,2.659,0.451
5516,0,0.789,1.955,0.318
5517,0,0.613,3.018,0.5
5518,0,0.801,1.811,0.284
5519,0,0.578,3.007,0.53
5520,0,0.781,2.028,0.338
5521,0,0.75,1.916,0.366
5522,0,0.617,2.94,0.493
5523,0,0.609,2.956,0.507
5524,0,0.762,2.165,0.323
5525,0,0.742,2.279,0.368
5526,0,0.773,2.024,0.319
5527,0,0.621,2.95,0.491
5528,0,0.586,3.079,0.545
5529,0,0.742,2.181,0.369
5530,0,0.672,2.658,0.435
5531,0,0.703,2.412,0.415
5532,0,0.695,2.499,0.412
5533,0,0.664,2.672,0.455
5534,0,0.629,2.804,0.469
5535,0,0.77,2.043,0.349
5536,0,0.578,3.156,0.516
5537,0,0.703,2.49,0.413
5538,0,0.648,2.787,0.455
5539,0,0.773,2.04,0.36
5540,0,0.664,2.555,0.445
5541,0,0.797,1.981,0.301
5542,0,0.664,2.692,0.428
5543,0,0.719,2.351,0.363
5544,0,0.633,2.762,0.482
5545,0,0.742,2.167,0.376
5546,0,0.641,2.768,0.468
5547,0,0.742,2.163,0.351
5548,0,0.758,2.193,0.358
5549,0,0.859,1.675,0.277
5550,0,0.656,2.57,0.442
5551,0,0.73,2.325,0.371
5552,0,0.738,2.065,0.363
5553,0,0.801,1.89,0.344
5554,0,0.523,3.465,0.584
5555,0,0.688,2.52,0.425
5556,0,0.828,2.113,0.345
5557,0,0.668,2.494,0.417
5558,0,0.59,3.19,0.5
5559,0,0.703,2.534,0.42
5560,0,0.734,2.266,0.38
5561,0,0.594,3.075,0.518
5562,0,0.695,2.463,0.395
5563,0,0.812,1.751,0.269
5564,0,0.762,2.056,0.356
5565,0,0.602,3.115,0.513
5566,0,0.633,2.951,0.472
5567,0,0.676,2.588,0.454
5568,0,0.684,2.491,0.439
5569,0,0.789,1.815,0.285
5570,0,0.719,2.337,0.392
5571,0,0.664,2.713,0.44
5572,0,0.711,2.429,0.408
5573,0,0.82,1.786,0.289
5574,0,0.797,1.937,0.286
5575,0,0.766,2.15,0.34
5576,0,0.68,2.534,0.407
5577,0,0.711,2.494,0.415
5578,0,0.766,2.073,0.334
5579,0,0.828,1.744,0.279
5580,0,0.773,1.757,0.299
5581,0,0.773,1.921,0.324
5582,0,0.727,2.244,0.384
5583,0,0.547,3.151,0.55
5584,0,0.652,2.72,0.46
5585,0,0.648,2.885,0.459
5586,0,0.801,1.947,0.303
5587,0,0.828,1.634,0.283
5588,0,0.707,2.497,0.395
5589,0,0.555,3.368,0.556
5590,0,0.758,2.211,0.367
5591,0,0.742,2.18,0.366
5592,0,0.871,1.527,0.223
5593,0,0.789,1.984,0.317
5594,0,0.699,2.466,0.411
5595,0,0.656,2.78,0.46
5596,0,0.625,3.023,0.485
5597,0,0.641,2.877,0.449
5598,0,0.688,2.483,0.433
5599,0,0.77,2.061,0.341
5600,0,0.688,2.422,0.401
5601,0,0.805,1.708,0.295
5602,0,0.668,2.481,0.419
5603,0,0.586,3.13,0.519
5604,0,0.797,1.88,0.304
5605,0,0.672,2.842,0.457
5606,0,0.668,2.789,0.451
5607,0,0.812,1.781,0.279
5608,0,0.445,3.748,0.634
5609,0,0.781,2.03,0.365
5610,0,0.84,1.673,0.279
5611,0,0.68,2.533,0.44
5612,0,0.637,2.725,0.456
5613,0,0.766,2.141,0.366
5614,0,0.625,3.038,0.466
5615,0,0.855,1.581,0.242
5616,0,0.492,3.756,0.622
5617,0,0.82,2.068,0.297
5618,0,0.555,3.234,0.542
5619,0,0.641,2.785,0.456
5620,0,0.625,2.607,0.491
5621,0,0.812,1.812,0.289
5622,0,0.73,2.319,0.369
5623,0,0.742,2.206,0.387
5624,0,0.688,2.491,0.412
5625,0,0.734,2.4,0.386
5626,0,0.652,2.632,0.466
5627,0,0.609,2.954,0.496
5628,0,0.703,2.422,0.418
5629,0,0.746,2.216,0.341
5630,0,0.773,2.092,0.326
5631,0,0.609,2.919,0.521
5632,0,0.508,3.43,0.614
5633,0,0.699,2.359,0.429
5634,0,0.648,2.635,0.466
5635,0,0.734,2.246,0.369
5636,0,0.672,2.543,0.446
5637,0,0.867,1.592,0.231
5638,0,0.664,2.571,0.44
5639,0,0.758,2.104,0.308
5640,0,0.844,1.735,0.267
5641,0,0.484,3.693,0.611
5642,0,0.633,2.879,0.46
5643,0,0.645,2.802,0.451
5644,0,0.723,2.296,0.402
5645,0,0.672,2.677,0.452
5646,0,0.789,1.876,0.333
5647,0,0.773,1.942,0.336
5648,0,0.645,2.623,0.464
5649,0,0.836,1.606,0.274
5650,0,0.781,1.927,0.342
5651,0,0.789,1.899,0.275
5652,0,0.707,2.152,0.392
5653,0,0.516,3.575,0.586
5654,0,0.602,3.113,0.503
5655,0,0.77,1.967,0.339
5656,0,0.699,2.39,0.429
5657,0,0.672,2.445,0.434
5658,0,0.938,1.479,0.109
5659,0,0.742,2.408,0.396
5660,0,0.617,2.747,0.482
5661,0,0.715,2.378,0.378
5662,0,0.633,2.855,0.481
5663,0,0.703,2.419,0.405
5664,0,0.688,2.506,0.406
5665,0,0.719,2.267,0.38
5666,0,0.828,1.816,0.303
5667,0,0.598,3.11,0.496
5668,0,0.82,1.802,0.278
5669,0,0.652,2.602,0.397
5670,0,0.859,1.491,0.241
5671,0,0.809,1.817,0.324
5672,0,0.773,2.159,0.342
5673,0,0.633,2.88,0.473
5674,0,0.562,3.14,0.536
5675,0,0.797,2.06,0.309
5676,0,0.797,1.911,0.297
5677,0,0.789,1.986,0.332
5678,0,0.455,3.841,0.639
5679,0,0.773,1.797,0.297
5680,0,0.645,2.797,0.477
5681,0,0.57,3.005,0.526
5682,0,0.695,2.456,0.417
5683,0,0.941,1.428,0.202
5684,0,0.488,3.676,0.586
5685,0,0.703,2.483,0.416
5686,0,0.633,2.623,0.46
5687,0,0.734,2.287,0.408
5688,0,0.742,2.239,0.37
5689,0,0.629,2.99,0.471
5690,0,0.824,1.697,0.264
5691,0,0.688,2.558,0.418
5692,0,0.672,2.606,0.428
5693,0,0.625,2.953,0.483
5694,0,0.75,2.14,0.353
5695,0,0.676,2.445,0.403
5696,0,0.73,2.181,0.365
5697,0,0.75,2.022,0.35
5698,0,0.594,3.209,0.531
5699,0,0.766,2.057,0.339
5700,0,0.672,2.705,0.439
5701,0,0.75,2.04,0.33
5702,0,0.695,2.31,0.393
5703,0,0.672,2.428,0.41
5704,0,0.688,2.436,0.407
5705,0,0.633,2.782,0.478
5706,0,0.582,3.058,0.516
5707,0,0.707,2.317,0.4
5708,0,0.703,2.396,0.413
5709,0,0.617,2.855,0.486
5710,0,0.77,2.257,0.34
5711,0,0.512,3.48,0.581
5712,0,0.75,2.099,0.349
5713,0,0.793,1.825,0.348
5714,0,0.688,2.488,0.425
5715,0,0.664,2.692,0.442
5716,0,0.727,2.252,0.381
5717,0,0.699,2.579,0.424
5718,0,0.75,2.273,0.347
5719,0,0.781,2.132,0.35
5720,0,0.641,2.835,0.469
5721,0,0.547,3.407,0.559
5722,0,0.562,3.164,0.536
5723,0,0.75,2.264,0.382
5724,0,0.676,2.594,0.433
5725,0,0.648,2.791,0.455
5726,0,0.75,2.153,0.349
5727,0,0.797,1.838,0.295
5728,0,0.742,2.136,0.359
5729,0,0.582,3.075,0.511
5730,0,0.637,2.657,0.48
5731,0,0.773,1.927,0.319
5732,0,0.68,2.56,0.415
5733,0,0.742,2.072,0.362
5734,0,0.805,1.742,0.308
5735,0,0.609,2.9,0.489
5736,0,0.812,1.738,0.29
5737,0,0.723,2.309,0.39
5738,0,0.785,1.975,0.327
5739,0,0.602,2.964,0.481
5740,0,0.648,2.658,0.441
5741,0,0.734,2.132,0.384
5742,0,0.719,2.542,0.414
5743,0,0.645,2.691,0.46
5744,0,0.75,2.125,0.341
5745,0,0.633,2.846,0.484
5746,0,0.641,2.741,0.447
5747,0,0.762,2.045,0.353
5748,0,0.621,2.992,0.49
5749,0,0.758,2.082,0.346
5750,0,0.852,1.585,0.232
5751,0,0.621,2.805,0.486
5752,0,0.812,1.758,0.275
5753,0,0.609,2.879,0.502
5754,0,0.82,1.65,0.272
5755,0,0.609,3.07,0.52
5756,0,0.824,1.819,0.298
5757,0,0.68,2.558,0.423
5758,0,0.68,2.63,0.429
5759,0,0.609,2.914,0.495
5760,0,0.68,2.478,0.44
5761,0,0.586,3.082,0.499
5762,0,0.52,3.499,0.59
5763,0,0.582,3.136,0.513
5764,0,0.734,2.378,0.376
5765,0,0.781,2.031,0.331
5766,0,0.562,3.289,0.534
5767,0,0.641,2.592,0.445
5768,0,0.562,3.278,0.532
5769,0,0.656,2.61,0.442
5770,0,0.719,2.158,0.387
5771,0,0.727,2.319,0.394
5772,0,0.633,2.829,0.479
5773,0,0.766,1.887,0.358
5774,0,0.531,3.555,0.559
5775,0,0.609,3.016,0.488
5776,0,0.719,2.292,0.399
5777,0,0.621,2.773,0.483
5778,0,0.566,3.23,0.528
5779,0,0.602,2.915,0.478
5780,0,0.75,1.949,0.355
5781,0,0.797,1.834,0.321
5782,0,0.602,2.962,0.508
5783,0,0.812,1.799,0.275
5784,0,0.812,1.761,0.283
5785,0,0.852,2.438,0.356
5786,0,0.602,3.12,0.505
5787,0,0.684,2.41,0.404
5788,0,0.734,2.192,0.364
5789,0,0.672,2.561,0.459
5790,0,0.68,2.575,0.429
5791,0,0.766,2.061,0.328
5792,0,0.719,2.331,0.391
5793,0,0.781,1.929,0.346
5794,0,0.773,2.02,0.361
5795,0,0.758,2.096,0.37
5796,0,0.566,3.254,0.536
5797,0,0.824,1.623,0.274
5798,0,0.727,2.255,0.382
5799,0,0.609,2.982,0.503
5800,0,0.773,1.852,0.325
5801,0,0.625,2.869,0.49
5802,0,0.742,2.076,0.366
5803,0,0.672,2.705,0.454
5804,0,0.715,2.379,0.412
5805,0,0.852,1.52,0.244
5806,0,0.633,2.85,0.472
5807,0,0.547,3.186,0.543
5808,0,0.789,1.956,0.327
5809,0,0.605,2.883,0.519
5810,0,0.547,3.297,0.533
5811,0,0.684,2.53,0.42
5812,0,0.703,2.347,0.392
5813,0,0.625,2.773,0.493
5814,0,0.59,3.049,0.494
5815,0,0.711,2.287,0.401
5816,0,0.672,2.539,0.452
5817,0,0.68,2.631,0.432
5818,0,0.789,2.005,0.34
5819,0,0.734,2.281,0.365
5820,0,0.621,3.035,0.477
5821,0,0.824,1.918,0.312
5822,0,0.844,1.663,0.243
5823,0,0.734,2.178,0.377
5824,0,0.578,3.212,0.537
5825,0,0.781,2.128,0.327
5826,0,0.727,2.33,0.385
5827,0,0.727,2.272,0.374
5828,0,0.777,2.024,0.328
5829,0,0.785,1.976,0.292
5830,0,0.719,2.353,0.386
5831,0,0.73,2.365,0.39
5832,0,0.641,2.815,0.478
5833,0,0.566,3.177,0.526
5834,0,0.648,2.686,0.468
5835,0,0.734,2.203,0.394
5836,0,0.832,1.873,0.313
5837,0,0.703,2.305,0.39
5838,0,0.633,2.781,0.452
5839,0,0.703,2.362,0.382
5840,0,0.471,3.838,0.623
5841,0,0.688,2.341,0.41
5842,0,0.766,1.95,0.356
5843,0,0.703,2.477,0.403
5844,0,0.918,1.582,0.23
5845,0,0.801,1.879,0.302
5846,0,0.539,3.447,0.586
5847,0,0.785,1.912,0.314
5848,0,0.598,2.985,0.513
5849,0,0.68,2.441,0.417
5850,0,0.633,2.778,0.469
5851,0,0.578,3.181,0.538
5852,0,0.551,3.138,0.568
5853,0,0.73,2.307,0.393
5854,0,0.594,3.114,0.501
5855,0,0.684,2.484,0.441
5856,0,0.789,1.913,0.306
5857,0,0.668,2.703,0.435
5858,0,0.84,1.611,0.249
5859,0,0.688,2.527,0.413
5860,0,0.664,2.685,0.437
5861,0,0.773,2.091,0.321
5862,0,0.773,2.061,0.347
5863,0,0.844,1.674,0.279
5864,0,0.602,2.878,0.511
5865,0,0.844,1.649,0.266
5866,0,0.723,2.366,0.377
5867,0,0.715,2.408,0.405
5868,0,0.82,1.801,0.303
5869,0,0.824,1.948,0.311
5870,0,0.734,2.228,0.398
5871,0,0.68,2.58,0.429
5872,0,0.723,2.369,0.396
5873,0,0.574,3.06,0.498
5874,0,0.656,2.526,0.455
5875,0,0.578,3.182,0.521
5876,0,0.734,2.163,0.367
5877,0,0.656,2.771,0.457
5878,0,0.578,3.139,0.517
5879,0,0.648,2.699,0.447
5880,0,0.625,2.821,0.465
5881,0,0.613,2.915,0.48
5882,0,0.672,2.48,0.421
5883,0,0.605,2.987,0.494
5884,0,0.656,2.722,0.458
5885,0,0.719,2.397,0.385
5886,0,0.691,2.47,0.411
5887,0,0.742,1.985,0.371
5888,0,0.602,2.847,0.498
5889,0,0.742,2.174,0.377
5890,0,0.738,2.259,0.365
5891,0,0.73,2.216,0.366
5892,0,0.672,2.616,0.457
5893,0,0.617,2.762,0.494
5894,0,0.789,1.835,0.313
5895,0,0.812,1.863,0.304
5896,0,0.68,2.631,0.419
5897,0,0.773,1.799,0.323
5898,0,0.609,2.774,0.498
5899,0,0.785,1.866,0.264
5900,0,0.84,1.664,0.27
5901,0,0.773,2.059,0.327
5902,0,0.641,2.817,0.455
5903,0,0.703,2.384,0.407
5904,0,0.562,3.214,0.523
5905,0,0.766,2.023,0.341
5906,0,0.715,2.363,0.379
5907,0,0.754,2.141,0.361
5908,0,0.805,1.71,0.316
5909,0,0.816,1.883,0.287
5910,0,0.727,2.305,0.372
5911,0,0.703,2.425,0.389
5912,0,0.711,2.386,0.405
5913,0,0.621,2.874,0.47
5914,0,0.812,1.821,0.281
5915,0,0.742,2.215,0.357
5916,0,0.719,2.429,0.381
5917,0,0.57,3.184,0.516
5918,0,0.883,1.812,0.231
5919,0,0.594,3.041,0.527
5920,0,0.527,3.514,0.592
5921,0,0.848,1.691,0.307
5922,0,0.734,2.288,0.385
5923,0,0.672,2.672,0.439
5924,0,0.711,2.384,0.39
5925,0,0.641,2.617,0.458
5926,0,0.812,1.796,0.302
5927,0,0.719,2.232,0.389
5928,0,0.711,2.408,0.383
5929,0,0.555,3.159,0.527
5930,0,0.633,2.799,0.469
5931,0,0.613,2.941,0.488
5932,0,0.676,2.635,0.426
5933,0,0.664,2.579,0.404
5934,0,0.773,1.974,0.334
5935,0,0.555,3.343,0.552
5936,0,0.494,3.693,0.605
5937,0,0.676,2.542,0.429
5938,0,0.695,2.488,0.389
5939,0,0.471,3.831,0.629
5940,0,0.684,2.467,0.441
5941,0,0.688,2.651,0.455
5942,0,0.691,2.537,0.41
5943,0,0.613,2.718,0.495
5944,0,0.633,2.891,0.473
5945,0,0.68,2.592,0.443
5946,0,0.82,1.755,0.29
5947,0,0.691,2.756,0.448
5948,0,0.551,3.285,0.566
5949,0,0.695,2.407,0.398
5950,0,0.699,2.554,0.404
5951,0,0.82,1.623,0.251
5952,0,0.746,2.085,0.348
5953,0,0.781,1.858,0.296
5954,0,0.789,1.878,0.329
5955,0,0.617,2.936,0.492
5956,0,0.797,1.827,0.311
5957,0,0.812,1.806,0.285
5958,0,0.676,2.52,0.42
5959,0,0.621,3.02,0.475
5960,0,0.691,2.494,0.437
5961,0,0.574,3.061,0.516
5962,0,0.594,3.159,0.503
5963,0,0.449,4.211,0.708
5964,0,0.66,2.595,0.421
5965,0,0.66,2.702,0.446
5966,0,0.688,2.467,0.416
5967,0,0.688,2.444,0.409
5968,0,0.641,2.711,0.459
5969,0,0.805,1.883,0.299
5970,0,0.715,2.306,0.378
5971,0,0.727,2.329,0.371
5972,0,0.75,2.223,0.387
5973,0,0.734,2.1,0.371
5974,0,0.75,2.171,0.349
5975,0,0.648,2.843,0.48
5976,0,0.672,2.491,0.448
5977,0,0.797,1.826,0.297
5978,0,0.555,3.304,0.519
5979,0,0.727,2.353,0.381
5980,0,0.57,3.244,0.525
5981,0,0.66,2.638,0.444
5982,0,0.641,2.753,0.47
5983,0,0.746,2.257,0.373
5984,0,0.734,2.265,0.385
5985,0,0.484,3.756,0.606
5986,0,0.734,2.35,0.381
5987,0,0.762,2.045,0.36
5988,0,0.719,2.421,0.397
5989,0,0.734,2.09,0.384
5990,0,0.742,2.141,0.377
5991,0,0.676,2.554,0.411
5992,0,0.656,2.589,0.443
5993,0,0.688,2.452,0.435
5994,0,0.633,2.829,0.49
5995,0,0.555,3.311,0.554
5996,0,0.773,2.078,0.368
5997,0,0.742,2.091,0.368
5998,0,0.703,2.357,0.404
5999,0,0.766,2.143,0.34
6000,0,0.512,3.471,0.593
6001,0,0.723,2.372,0.394
6002,0,0.719,2.299,0.404
6003,0,0.695,2.538,0.416
6004,0,0.75,2.05,0.371
6005,0,0.637,2.737,0.45
6006,0,0.656,2.669,0.441
6007,0,0.695,2.514,0.406
6008,0,0.742,1.932,0.347
6009,0,0.547,3.368,0.561
6010,0,0.703,2.419,0.396
6011,0,0.547,3.324,0.55
6012,0,0.523,3.512,0.574
6013,0,0.789,1.871,0.333
6014,0,0.793,1.763,0.3
6015,0,0.812,1.708,0.29
6016,0,0.793,1.839,0.322
6017,0,0.633,2.778,0.475
6018,0,0.695,2.437,0.397
6019,0,0.75,2.146,0.356
6020,0,0.68,2.546,0.42
6021,0,0.793,1.844,0.328
6022,0,0.652,2.678,0.463
6023,0,0.609,2.821,0.501
6024,0,0.711,2.264,0.41
6025,0,0.672,2.544,0.431
6026,0,0.68,2.527,0.443
6027,0,0.727,2.185,0.361
6028,0,0.77,1.87,0.331
6029,0,0.68,2.336,0.424
6030,0,0.941,1.311,0.116
6031,0,0.547,3.405,0.534
6032,0,0.703,2.338,0.412
6033,0,0.656,2.539,0.43
6034,0,0.781,1.77,0.293
6035,0,0.648,2.666,0.432
6036,0,0.586,3.076,0.523
6037,0,0.742,2.237,0.367
6038,0,0.617,2.899,0.496
6039,0,0.598,3.084,0.474
6040,0,0.652,2.702,0.458
6041,0,0.777,1.911,0.329
6042,0,0.82,1.703,0.255
6043,0,0.539,3.423,0.559
6044,0,0.82,1.7,0.284
6045,0,0.75,1.996,0.35
6046,0,0.621,2.93,0.494
6047,0,0.695,2.472,0.438
6048,0,0.742,2.152,0.347
6049,0,0.836,1.637,0.281
6050,0,0.77,1.993,0.331
6051,0,0.672,2.478,0.438
6052,0,0.848,1.809,0.287
6053,0,0.742,2.311,0.407
6054,0,0.656,2.655,0.449
6055,0,0.664,2.293,0.426
6056,0,0.797,1.883,0.309
6057,0,0.668,2.582,0.432
6058,0,0.781,1.824,0.322
6059,0,0.625,2.787,0.494
6060,0,0.785,2.036,0.333
6061,0,0.719,2.304,0.39
6062,0,0.773,1.966,0.324
6063,0,0.836,1.825,0.272
6064,0,0.555,3.252,0.529
6065,0,0.555,3.246,0.557
6066,0,0.633,2.565,0.425
6067,0,0.883,1.446,0.236
6068,0,0.797,1.949,0.301
6069,0,0.844,1.562,0.267
6070,0,0.586,3.166,0.504
6071,0,0.695,2.433,0.401
6072,0,0.625,2.857,0.492
6073,0,0.641,2.619,0.48
6074,0,0.75,2.145,0.354
6075,0,0.617,2.962,0.511
6076,0,0.648,2.757,0.459
6077,0,0.691,2.592,0.438
6078,0,0.641,2.801,0.468
6079,0,0.734,2.234,0.376
6080,0,0.531,3.539,0.586
6081,0,0.723,2.262,0.381
6082,0,0.594,3.066,0.503
6083,0,0.613,2.947,0.477
6084,0,0.57,3.243,0.52
6085,0,0.641,2.581,0.399
6086,0,0.777,2.036,0.316
6087,0,0.742,2.219,0.358
6088,0,0.648,2.929,0.465
6089,0,0.766,2.033,0.344
6090,0,0.586,3.083,0.519
6091,0,0.672,2.542,0.432
6092,0,0.703,2.333,0.4
6093,0,0.73,2.143,0.36
6094,0,0.73,2.219,0.374
6095,0,0.648,2.71,0.441
6096,0,0.617,2.9,0.486
6097,0,0.734,2.253,0.367
6098,0,0.684,2.51,0.418
6099,0,0.555,3.229,0.539
6100,0,0.594,3.092,0.508
6101,0,0.727,2.191,0.37
6102,0,0.664,2.489,0.446
6103,0,0.734,2.149,0.376
6104,0,0.66,2.728,0.463
6105,0,0.684,2.529,0.433
6106,0,0.672,2.541,0.422
6107,0,0.828,1.637,0.262
6108,0,0.742,2.235,0.354
6109,0,0.629,2.94,0.448
6110,0,0.559,3.304,0.54
6111,0,0.703,2.371,0.391
6112,0,0.801,1.904,0.3
6113,0,0.742,2.049,0.372
6114,0,0.559,3.259,0.523
6115,0,0.59,3.065,0.493
6116,0,0.594,3.05,0.502
6117,0,0.617,2.804,0.5
6118,0,0.703,2.56,0.425
6119,0,0.73,2.222,0.383
6120,0,0.883,1.531,0.221
6121,0,0.461,4.449,0.662
6122,0,0.719,2.257,0.39
6123,0,0.781,2.069,0.332
6124,0,0.699,2.333,0.374
6125,0,0.547,3.347,0.572
6126,0,0.648,2.639,0.444
6127,0,0.801,1.783,0.311
6128,0,0.656,2.671,0.456
6129,0,0.508,3.706,0.61
6130,0,0.566,3.197,0.535
6131,0,0.637,2.649,0.475
6132,0,0.664,2.859,0.49
6133,0,0.664,2.572,0.446
6134,0,0.777,1.82,0.316
6135,0,0.633,2.946,0.476
6136,0,0.77,2.085,0.372
6137,0,0.734,2.323,0.359
6138,0,0.602,3.136,0.501
6139,0,0.707,2.318,0.388
6140,0,0.727,2.072,0.37
6141,0,0.773,1.955,0.336
6142,0,0.676,2.582,0.433
6143,0,0.695,2.251,0.394
6144,0,0.742,2.257,0.375
6145,0,0.715,2.214,0.393
6146,0,0.836,1.757,0.288
6147,0,0.621,2.887,0.5
6148,0,0.727,2.226,0.368
6149,0,0.613,2.979,0.497
6150,0,0.664,2.71,0.442
6151,0,0.621,2.914,0.468
6152,0,0.809,1.888,0.302
6153,0,0.656,2.702,0.468
6154,0,0.641,2.832,0.486
6155,0,0.52,3.528,0.581
6156,0,0.672,2.542,0.418
6157,0,0.719,2.277,0.377
6158,0,0.652,2.712,0.462
6159,0,0.633,2.859,0.457
6160,0,0.59,3.024,0.51
6161,0,0.602,2.736,0.491
6162,0,0.844,1.652,0.262
6163,0,0.641,2.758,0.466
6164,0,0.578,3.024,0.536
6165,0,0.699,2.401,0.423
6166,0,0.723,2.296,0.39
6167,0,0.504,3.548,0.593
6168,0,0.656,2.717,0.446
6169,0,0.84,1.644,0.252
6170,0,0.758,2.147,0.347
6171,0,0.723,2.152,0.376
6172,0,0.703,2.398,0.41
6173,0,0.676,2.571,0.433
6174,0,0.801,1.893,0.31
6175,0,0.648,2.593,0.444
6176,0,0.68,2.456,0.446
6177,0,0.688,2.359,0.415
6178,0,0.82,1.57,0.246
6179,0,0.734,2.291,0.364
6180,0,0.555,3.076,0.539
6181,0,0.773,1.896,0.331
6182,0,0.758,2.061,0.365
6183,0,0.75,2.025,0.354
6184,0,0.766,2.156,0.364
6185,0,0.656,2.72,0.446
6186,0,0.652,2.718,0.448
6187,0,0.758,2.071,0.321
6188,0,0.68,2.599,0.419
6189,0,0.75,2.05,0.343
6190,0,0.672,2.512,0.431
6191,0,0.516,3.648,0.579
6192,0,0.703,2.475,0.431
6193,0,0.758,1.963,0.325
6194,0,0.648,2.787,0.464
6195,0,0.613,2.951,0.482
6196,0,0.586,3.073,0.503
6197,0,0.781,1.801,0.323
6198,0,0.562,3.116,0.549
6199,0,0.781,2.085,0.333
6200,0,0.742,2.066,0.364
6201,0,0.68,2.533,0.416
6202,0,0.723,2.173,0.396
6203,0,0.68,2.543,0.418
6204,0,0.664,2.584,0.458
6205,0,0.742,2.144,0.363
6206,0,0.77,1.821,0.326
6207,0,0.816,1.808,0.285
6208,0,0.82,1.782,0.323
6209,0,0.73,2.226,0.378
6210,0,0.586,3.061,0.529
6211,0,0.523,3.417,0.572
6212,0,0.75,2.111,0.37
6213,0,0.707,2.459,0.408
6214,0,0.828,1.786,0.299
6215,0,0.664,2.612,0.445
6216,0,0.586,2.954,0.516
6217,0,0.746,2.199,0.377
6218,0,0.758,2.002,0.342
6219,0,0.719,2.47,0.41
6220,0,0.594,2.939,0.528
6221,0,0.797,1.852,0.313
6222,0,0.773,1.995,0.344
6223,0,0.648,2.77,0.463
6224,0,0.703,2.454,0.391
6225,0,0.52,3.375,0.576
6226,0,0.578,3.163,0.53
6227,0,0.711,2.172,0.406
6228,0,0.77,1.901,0.35
6229,0,0.473,3.6,0.632
6230,0,0.699,2.486,0.405
6231,0,0.5,3.737,0.59
6232,0,0.617,2.909,0.484
6233,0,0.648,2.612,0.453
6234,0,0.891,1.401,0.2
6235,0,0.695,2.421,0.427
6236,0,0.672,2.487,0.435
6237,0,0.777,2.051,0.339
6238,0,0.703,2.422,0.387
6239,0,0.832,1.76,0.265
6240,0,0.699,2.337,0.403
6241,0,0.574,3.233,0.527
6242,0,0.699,2.209,0.428
6243,0,0.598,2.913,0.503
6244,0,0.75,2.112,0.326
6245,0,0.742,2.057,0.348
6246,0,0.703,2.256,0.387
6247,0,0.695,2.254,0.402
6248,0,0.594,2.986,0.503
6249,0,0.617,2.893,0.484
6250,0,0.758,2.116,0.353
6251,0,0.473,3.684,0.606
6252,0,0.977,1.631,0.242
6253,0,0.742,2.255,0.38
6254,0,0.641,2.782,0.473
6255,0,0.68,2.516,0.433
6256,0,0.523,3.499,0.584
6257,0,0.695,2.543,0.418
6258,0,0.699,2.278,0.414
6259,0,0.629,2.89,0.482
6260,0,0.613,2.819,0.501
6261,0,0.781,1.846,0.318
6262,0,0.805,1.788,0.293
6263,0,0.594,3.124,0.504
6264,0,0.781,1.932,0.32
6265,0,0.758,2.087,0.337
6266,0,0.652,2.661,0.442
6267,0,0.664,2.723,0.453
6268,0,0.652,2.717,0.448
6269,0,0.594,2.996,0.519
6270,0,0.82,1.714,0.301
6271,0,0.781,1.963,0.348
6272,0,0.715,2.371,0.406
6273,0,0.562,3.198,0.523
6274,0,0.531,3.426,0.57
6275,0,0.738,2.204,0.351
6276,0,0.598,2.934,0.497
6277,0,0.633,2.785,0.486
6278,0,0.664,2.662,0.434
6279,0,0.707,2.371,0.396
6280,0,0.648,2.773,0.454
6281,0,0.668,2.578,0.433
6282,0,0.633,2.842,0.476
6283,0,0.555,3.223,0.532
6284,0,0.52,3.356,0.553
6285,0,0.711,2.389,0.37
6286,0,0.68,2.645,0.428
6287,0,0.609,2.853,0.49
6288,0,0.734,2.2,0.369
6289,0,0.773,1.947,0.322
6290,0,0.715,2.335,0.393
6291,0,0.836,1.706,0.253
6292,0,0.855,1.728,0.266
6293,0,0.586,3.035,0.516
6294,0,0.762,1.983,0.335
6295,0,0.641,2.621,0.467
6296,0,0.684,2.598,0.396
6297,0,0.551,3.325,0.537
6298,0,0.648,2.739,0.483
6299,0,0.789,1.972,0.317
6300,0,0.891,1.568,0.253
6301,0,0.727,2.315,0.42
6302,0,0.688,2.48,0.41
6303,0,0.812,1.836,0.309
6304,0,0.672,2.611,0.455
6305,0,0.609,2.923,0.51
6306,0,0.516,3.636,0.578
6307,0,0.734,2.306,0.355
6308,0,0.617,2.859,0.489
6309,0,0.531,3.273,0.584
6310,0,0.562,3.173,0.539
6311,0,0.773,1.994,0.343
6312,0,0.613,2.941,0.513
6313,0,0.742,2.24,0.363
6314,0,0.652,2.759,0.437
6315,0,0.668,2.549,0.429
6316,0,0.48,3.996,0.624
6317,0,0.68,2.751,0.446
6318,0,0.57,3.174,0.533
6319,0,0.586,3.145,0.512
6320,0,0.664,2.467,0.437
6321,0,0.828,1.647,0.271
6322,0,0.695,2.477,0.389
6323,0,0.781,1.907,0.323
6324,0,0.488,3.548,0.595
6325,0,0.602,2.968,0.49
6326,0,0.648,2.586,0.459
6327,0,0.688,2.414,0.436
6328,0,0.471,3.677,0.624
6329,0,0.75,2.088,0.354
6330,0,0.68,2.562,0.427
6331,0,0.602,3.004,0.502
6332,0,0.4,4.399,0.734
6333,0,0.586,2.937,0.512
6334,0,0.707,2.521,0.401
6335,0,0.785,1.966,0.325
6336,0,0.727,2.262,0.364
6337,0,0.715,2.327,0.396
6338,0,0.816,1.72,0.269
6339,0,0.504,3.499,0.587
6340,0,0.691,2.509,0.412
6341,0,0.703,2.513,0.411
6342,0,0.664,2.608,0.436
6343,0,0.672,2.615,0.428
6344,0,0.633,2.922,0.504
6345,0,0.727,2.223,0.381
6346,0,0.781,2.02,0.323
6347,0,0.648,2.793,0.458
6348,0,0.57,3.133,0.513
6349,0,0.695,2.29,0.391
6350,0,0.801,1.982,0.331
6351,0,0.711,2.328,0.381
6352,0,0.656,2.591,0.453
6353,0,0.742,2.1,0.364
6354,0,0.672,2.596,0.422
6355,0,0.77,1.995,0.343
6356,0,0.871,1.625,0.258
6357,0,0.527,3.516,0.579
6358,0,0.742,2.197,0.348
6359,0,0.758,2.105,0.335
6360,0,0.766,2.076,0.343
6361,0,0.559,3.265,0.546
6362,0,0.562,3.062,0.525
6363,0,0.586,3.237,0.557
6364,0,0.766,2.057,0.32
6365,0,0.676,2.542,0.427
6366,0,0.625,2.844,0.481
6367,0,0.629,2.798,0.476
6368,0,0.777,2.029,0.337
6369,0,0.598,2.975,0.522
6370,0,0.695,2.417,0.402
6371,0,0.648,2.561,0.447
6372,0,0.68,2.523,0.412
6373,0,0.711,2.327,0.395
6374,0,0.57,3.052,0.547
6375,0,0.688,2.445,0.426
6376,0,0.727,2.336,0.371
6377,0,0.688,2.542,0.425
6378,0,0.641,2.85,0.465
6379,0,0.656,2.633,0.44
6380,0,0.504,3.564,0.584
6381,0,0.805,1.704,0.258
6382,0,0.785,1.978,0.312
6383,0,0.695,2.565,0.414
6384,0,0.676,2.584,0.413
6385,0,0.57,3.15,0.528
6386,0,0.727,2.262,0.393
6387,0,0.746,2.195,0.366
6388,0,0.609,2.917,0.511
6389,0,0.664,2.573,0.463
6390,0,0.566,3.455,0.549
6391,0,0.77,1.921,0.315
6392,0,0.594,3.106,0.532
6393,0,0.711,2.306,0.389
6394,0,0.684,2.572,0.442
6395,0,0.727,2.441,0.402
6396,0,0.75,2.138,0.358
6397,0,0.488,3.702,0.612
6398,0,0.629,2.794,0.477
6399,0,0.602,3.059,0.49
6400,0,0.859,1.617,0.264
6401,0,0.742,2.265,0.385
6402,0,0.605,3.084,0.497
6403,0,0.688,2.52,0.408
6404,0,0.688,2.494,0.403
6405,0,0.742,2.131,0.369
6406,0,0.742,2.119,0.381
6407,0,0.695,2.361,0.395
6408,0,0.805,1.973,0.327
6409,0,0.578,3.146,0.521
6410,0,0.82,1.842,0.266
6411,0,0.633,2.77,0.48
6412,0,0.617,2.9,0.486
6413,0,0.711,2.339,0.406
6414,0,0.602,3.162,0.51
6415,0,0.531,3.479,0.568
6416,0,0.664,2.671,0.449
6417,0,0.824,1.802,0.274
6418,0,0.766,2.005,0.335
6419,0,0.57,3.061,0.517
6420,0,0.695,2.378,0.409
6421,0,0.707,2.451,0.397
6422,0,0.75,2.085,0.33
6423,0,0.617,2.954,0.492
6424,0,0.664,2.461,0.442
6425,0,0.715,2.4,0.398
6426,0,0.621,2.916,0.474
6427,0,0.602,2.883,0.504
6428,0,0.594,2.984,0.521
6429,0,0.676,2.711,0.422
6430,0,0.691,2.496,0.435
6431,0,0.703,2.449,0.403
6432,0,0.715,2.337,0.398
6433,0,0.719,2.327,0.381
6434,0,0.719,2.283,0.38
6435,0,0.602,2.94,0.475
6436,0,0.762,2.132,0.325
6437,0,0.742,2.184,0.359
6438,0,0.719,2.406,0.358
6439,0,0.633,2.895,0.474
6440,0,0.574,3.132,0.513
6441,0,0.645,2.633,0.492
6442,0,0.75,2.187,0.344
6443,0,0.66,2.765,0.462
6444,0,0.668,2.539,0.422
6445,0,0.547,3.332,0.55
6446,0,0.719,2.301,0.42
6447,0,0.719,2.285,0.39
6448,0,0.719,2.329,0.372
6449,0,0.57,3.12,0.508
6450,0,0.668,2.57,0.449
6451,0,0.77,2.009,0.357
6452,0,0.59,2.88,0.511
6453,0,0.664,2.535,0.437
6454,0,0.438,3.749,0.648
6455,0,0.742,1.952,0.354
6456,0,0.746,2.155,0.341
6457,0,0.648,2.674,0.452
6458,0,0.734,2.125,0.365
6459,0,0.727,2.435,0.35
6460,0,0.59,2.892,0.491
6461,0,0.766,1.938,0.32
6462,0,0.695,2.242,0.403
6463,0,0.789,1.904,0.32
6464,0,0.648,2.732,0.47
6465,0,0.695,2.271,0.418
6466,0,0.652,2.63,0.437
6467,0,0.531,3.328,0.57
6468,0,0.578,3.045,0.5
6469,0,0.633,2.785,0.486
6470,0,0.562,3.196,0.547
6471,0,0.508,3.508,0.596
6472,0,0.586,3.1,0.509
6473,0,0.789,1.998,0.319
6474,0,0.828,1.712,0.289
6475,0,0.75,2.023,0.355
6476,0,0.758,2.004,0.35
6477,0,0.57,3.164,0.523
6478,0,0.762,1.972,0.333
6479,0,0.684,2.579,0.41
6480,0,0.758,1.993,0.361
6481,0,0.555,3.434,0.535
6482,0,0.449,3.951,0.657
6483,0,0.703,2.343,0.402
6484,0,0.648,2.724,0.447
6485,0,0.664,2.544,0.443
6486,0,0.727,2.164,0.361
6487,0,0.789,2.044,0.312
6488,0,0.688,2.56,0.412
6489,0,0.602,3.148,0.525
6490,0,0.617,2.895,0.488
6491,0,0.648,2.703,0.454
6492,0,0.734,2.281,0.367
6493,0,0.66,2.55,0.432
6494,0,0.797,1.898,0.313
6495,0,0.758,2.042,0.329
6496,0,0.609,2.934,0.48
6497,0,0.559,3.213,0.539
6498,0,0.719,2.419,0.386
6499,0,0.664,2.579,0.459
6500,0,0.574,3.229,0.542
6501,0,0.586,3.196,0.525
6502,0,0.75,2.066,0.351
6503,0,0.543,3.307,0.55
6504,0,0.609,2.926,0.485
6505,0,0.559,3.114,0.523
6506,0,0.797,1.963,0.32
6507,0,0.711,2.258,0.375
6508,0,0.562,3.059,0.521
6509,0,0.727,2.181,0.381
6510,0,0.648,2.672,0.445
6511,0,0.602,2.999,0.507
6512,0,0.777,1.992,0.333
6513,0,0.68,2.427,0.43
6514,0,0.723,2.284,0.379
6515,0,0.688,2.444,0.442
6516,0,0.598,3.193,0.522
6517,0,0.711,2.248,0.398
6518,0,0.648,2.779,0.462
6519,0,0.703,2.429,0.379
6520,0,0.789,1.975,0.313
6521,0,0.602,2.993,0.515
6522,0,0.68,2.472,0.414
6523,0,0.555,3.391,0.561
6524,0,0.672,2.511,0.426
6525,0,0.797,1.848,0.32
6526,0,0.672,2.474,0.437
6527,0,0.734,2.0,0.357
6528,0,0.727,2.152,0.381
6529,0,0.566,3.214,0.508
6530,0,0.758,2.186,0.346
6531,0,0.684,2.673,0.439
6532,0,0.633,2.726,0.476
6533,0,0.688,2.639,0.396
6534,0,0.594,3.022,0.494
6535,0,0.648,2.661,0.454
6536,0,0.645,2.784,0.461
6537,0,0.617,2.903,0.47
6538,0,0.742,2.14,0.361
6539,0,0.746,2.235,0.37
6540,0,0.781,1.694,0.326
6541,0,0.656,2.78,0.458
6542,0,0.672,2.511,0.438
6543,0,0.805,1.835,0.313
6544,0,0.711,2.423,0.379
6545,0,0.734,2.16,0.387
6546,0,0.688,2.527,0.41
6547,0,0.617,2.737,0.477
6548,0,0.602,3.075,0.502
6549,0,0.727,2.458,0.371
6550,0,0.68,2.504,0.425
6551,0,0.531,3.444,0.567
6552,0,0.664,2.566,0.437
6553,0,0.805,1.79,0.303
6554,0,0.672,2.718,0.44
6555,0,0.734,2.226,0.402
6556,0,0.672,2.604,0.443
6557,0,0.633,2.868,0.461
6558,0,0.781,1.875,0.334
6559,0,0.625,2.883,0.483
6560,0,0.805,1.703,0.277
6561,0,0.75,2.099,0.351
6562,0,0.656,2.715,0.448
6563,0,0.582,3.233,0.548
6564,0,0.703,2.294,0.409
6565,0,0.664,2.609,0.438
6566,0,0.688,2.374,0.413
6567,0,0.723,2.199,0.367
6568,0,0.602,3.144,0.494
6569,0,0.508,3.388,0.584
6570,0,0.805,1.944,0.287
6571,0,0.863,1.536,0.241
6572,0,0.781,2.065,0.359
6573,0,0.629,2.921,0.469
6574,0,0.805,1.964,0.352
6575,0,0.766,1.926,0.311
6576,0,0.75,2.174,0.355
6577,0,0.758,2.097,0.355
6578,0,0.703,2.414,0.397
6579,0,0.695,2.475,0.385
6580,0,0.828,1.677,0.28
6581,0,0.762,2.061,0.342
6582,0,0.785,1.874,0.33
6583,0,0.578,3.092,0.516
6584,0,0.449,3.869,0.618
6585,0,0.805,1.872,0.297
6586,0,0.789,1.845,0.327
6587,0,0.805,1.9,0.293
6588,0,0.75,2.081,0.356
6589,0,0.66,2.632,0.447
6590,0,0.676,2.152,0.394
6591,0,0.664,2.82,0.456
6592,0,0.715,2.376,0.381
6593,0,0.797,1.72,0.291
6594,0,0.469,3.873,0.619
6595,0,0.59,3.184,0.532
6596,0,0.621,2.722,0.471
6597,0,0.49,3.682,0.595
6598,0,0.559,3.268,0.536
6599,0,0.785,1.974,0.334
6600,0,0.711,2.558,0.385
6601,0,0.676,2.392,0.422
6602,0,0.805,1.801,0.316
6603,0,0.711,2.375,0.379
6604,0,0.68,2.426,0.441
6605,0,0.738,2.134,0.375
6606,0,0.676,2.586,0.441
6607,0,0.727,2.253,0.372
6608,0,0.73,2.199,0.395
6609,0,0.773,1.914,0.343
6610,0,0.805,1.689,0.294
6611,0,0.594,2.983,0.515
6612,0,0.68,2.587,0.406
6613,0,0.754,2.001,0.351
6614,0,0.617,2.827,0.466
6615,0,0.656,2.543,0.457
6616,0,0.691,2.42,0.416
6617,0,0.637,2.743,0.457
6618,0,0.664,2.813,0.447
6619,0,0.594,3.051,0.502
6620,0,0.742,2.283,0.373
6621,0,0.633,2.7,0.471
6622,0,0.703,2.298,0.392
6623,0,0.777,2.18,0.337
6624,0,0.641,2.913,0.462
6625,0,0.676,2.571,0.437
6626,0,0.617,2.988,0.527
6627,0,0.625,2.847,0.502
6628,0,0.703,2.544,0.427
6629,0,0.656,2.683,0.465
6630,0,0.594,3.119,0.506
6631,0,0.531,3.298,0.571
6632,0,0.711,2.173,0.394
6633,0,0.715,2.6,0.398
6634,0,0.789,2.06,0.34
6635,0,0.652,2.775,0.475
6636,0,0.57,3.226,0.539
6637,0,0.82,1.804,0.283
6638,0,0.531,3.418,0.557
6639,0,0.688,2.477,0.413
6640,0,0.641,2.612,0.454
6641,0,0.66,2.702,0.45
6642,0,0.719,2.211,0.375
6643,0,0.703,2.359,0.395
6644,0,0.805,1.872,0.313
6645,0,0.711,2.434,0.425
6646,0,0.68,2.482,0.425
6647,0,0.746,1.971,0.35
6648,0,0.547,3.235,0.553
6649,0,0.711,2.245,0.384
6650,0,0.781,1.932,0.337
6651,0,0.613,2.983,0.492
6652,0,0.711,2.489,0.38
6653,0,0.719,2.238,0.379
6654,0,0.461,3.965,0.628
6655,0,0.797,1.876,0.312
6656,0,0.801,1.913,0.341
6657,0,0.586,3.131,0.521
6658,0,0.562,3.198,0.528
6659,0,0.68,2.511,0.406
6660,0,0.746,2.182,0.354
6661,0,0.594,3.042,0.519
6662,0,0.68,2.608,0.437
6663,0,0.758,2.159,0.377
6664,0,0.605,3.018,0.491
6665,0,0.695,2.469,0.437
6666,0,0.664,2.47,0.416
6667,0,0.656,2.678,0.463
6668,0,0.688,2.612,0.418
6669,0,0.648,2.689,0.459
6670,0,0.609,2.895,0.487
6671,0,0.586,3.224,0.535
6672,0,0.457,3.811,0.643
6673,0,0.555,3.336,0.56
6674,0,0.773,2.179,0.354
6675,0,0.758,2.1,0.357
6676,0,0.57,3.078,0.526
6677,0,0.516,3.532,0.574
6678,0,0.625,2.892,0.481
6679,0,0.578,3.045,0.541
6680,0,0.695,2.297,0.394
6681,0,0.609,2.94,0.503
6682,0,0.617,3.006,0.492
6683,0,0.875,1.577,0.228
6684,0,0.637,2.759,0.475
6685,0,0.613,2.987,0.479
6686,0,0.629,2.952,0.493
6687,0,0.547,3.407,0.567
6688,0,0.68,2.522,0.448
6689,0,0.711,2.565,0.417
6690,0,0.66,2.602,0.419
6691,0,0.523,3.184,0.555
6692,0,0.781,1.97,0.314
6693,0,0.633,2.817,0.48
6694,0,0.672,2.633,0.421
6695,0,0.629,2.803,0.477
6696,0,0.641,2.751,0.459
6697,0,0.742,2.094,0.368
6698,0,0.785,1.859,0.312
6699,0,0.641,2.784,0.451
6700,0,0.633,2.782,0.444
6701,0,0.475,3.725,0.595
6702,0,0.586,3.105,0.525
6703,0,0.711,2.442,0.386
6704,0,0.82,1.872,0.289
6705,0,0.59,2.726,0.483
6706,0,0.801,1.785,0.295
6707,0,0.75,2.183,0.355
6708,0,0.797,1.89,0.319
6709,0,0.754,2.016,0.341
6710,0,0.711,2.299,0.389
6711,0,0.719,2.431,0.384
6712,0,0.672,2.626,0.437
6713,0,0.688,2.39,0.44
6714,0,0.75,2.193,0.341
6715,0,0.734,2.283,0.371
6716,0,0.684,2.712,0.43
6717,0,0.672,2.582,0.431
6718,0,0.68,2.468,0.419
6719,0,0.75,2.096,0.359
6720,0,0.543,3.275,0.567
6721,0,0.582,3.186,0.518
6722,0,0.785,1.884,0.314
6723,0,0.766,1.884,0.333
6724,0,0.707,2.416,0.379
6725,0,0.773,1.919,0.332
6726,0,0.598,2.766,0.483
6727,0,0.695,2.309,0.382
6728,0,0.578,3.129,0.513
6729,0,0.73,2.233,0.357
6730,0,0.719,2.324,0.38
6731,0,0.586,3.124,0.513
6732,0,0.531,3.434,0.564
6733,0,0.758,2.09,0.332
6734,0,0.742,2.16,0.374
6735,0,0.758,2.075,0.353
6736,0,0.59,3.081,0.518
6737,0,0.68,2.662,0.416
6738,0,0.703,2.55,0.376
6739,0,0.633,2.748,0.469
6740,0,0.715,2.39,0.398
6741,0,0.602,2.89,0.482
6742,0,0.68,2.745,0.434
6743,0,0.746,2.113,0.378
6744,0,0.617,2.925,0.484
6745,0,0.648,2.703,0.465
6746,0,0.734,2.198,0.392
6747,0,0.598,3.189,0.519
6748,0,0.805,1.842,0.304
6749,0,0.586,3.042,0.503
6750,0,0.637,2.765,0.468
6751,0,0.742,2.166,0.352
6752,0,0.52,3.511,0.583
6753,0,0.789,1.932,0.323
6754,0,0.633,2.718,0.468
6755,0,0.711,2.357,0.38
6756,0,0.586,3.098,0.53
6757,0,0.758,2.095,0.36
6758,0,0.688,2.557,0.417
6759,0,0.773,1.878,0.331
6760,0,0.66,2.731,0.45
6761,0,0.684,2.595,0.427
6762,0,0.465,3.929,0.658
6763,0,0.793,1.971,0.34
6764,0,0.758,2.276,0.376
6765,0,0.719,2.241,0.362
6766,0,0.766,2.068,0.334
6767,0,0.633,2.878,0.492
6768,0,0.844,1.546,0.254
6769,0,0.867,1.606,0.247
6770,0,0.766,2.095,0.353
6771,0,0.742,2.089,0.348
6772,0,0.695,2.378,0.407
6773,0,0.715,2.334,0.382
6774,0,0.703,2.485,0.39
6775,0,0.602,2.928,0.51
6776,0,0.496,3.57,0.584
6777,0,0.547,3.159,0.563
6778,0,0.672,2.72,0.426
6779,0,0.855,1.61,0.249
6780,0,0.742,1.971,0.331
6781,0,0.523,4.111,0.643
6782,0,0.68,2.715,0.442
6783,0,0.598,2.953,0.524
6784,0,0.785,2.008,0.331
6785,0,0.703,2.397,0.388
6786,0,0.66,2.676,0.431
6787,0,0.766,2.073,0.338
6788,0,0.812,1.812,0.306
6789,0,0.609,2.866,0.491
6790,0,0.727,2.254,0.406
6791,0,0.586,3.014,0.503
6792,0,0.75,2.151,0.369
6793,0,0.617,2.883,0.503
6794,0,0.688,2.467,0.41
6795,0,0.828,1.8,0.271
6796,0,0.57,3.275,0.532
6797,0,0.621,2.863,0.475
6798,0,0.852,1.615,0.26
6799,0,0.574,3.31,0.534
6800,0,0.613,2.889,0.5
6801,0,0.695,2.497,0.439
6802,0,0.543,3.379,0.534
6803,0,0.578,3.149,0.516
6804,0,0.621,2.918,0.486
6805,0,0.77,1.867,0.322
6806,0,0.828,1.582,0.235
6807,0,0.641,2.694,0.466
6808,0,0.723,2.2,0.384
6809,0,0.672,2.686,0.445
6810,0,0.684,2.56,0.419
6811,0,0.75,2.242,0.384
6812,0,0.527,3.49,0.581
6813,0,0.816,1.67,0.246
6814,0,0.5,3.76,0.61
6815,0,0.66,2.706,0.451
6816,0,0.488,3.652,0.6
6817,0,0.469,3.834,0.655
6818,0,0.734,2.127,0.372
6819,0,0.617,2.974,0.485
6820,0,0.703,2.332,0.394
6821,0,0.418,4.139,0.656
6822,0,0.852,1.614,0.264
6823,0,0.766,2.288,0.369
6824,0,0.688,2.419,0.407
6825,0,0.727,1.959,0.386
6826,0,0.664,2.557,0.444
6827,0,0.551,3.263,0.537
6828,0,0.719,2.293,0.373
6829,0,0.766,2.059,0.326
6830,0,0.719,2.449,0.386
6831,0,0.719,2.373,0.398
6832,0,0.645,2.675,0.45
6833,0,0.578,3.159,0.515
6834,0,0.766,2.039,0.335
6835,0,0.555,3.322,0.546
6836,0,0.711,2.419,0.394
6837,0,0.555,3.265,0.541
6838,0,0.617,3.047,0.49
6839,0,0.531,3.449,0.554
6840,0,0.809,1.698,0.294
6841,0,0.652,2.809,0.454
6842,0,0.656,2.564,0.431
6843,0,0.773,1.982,0.306
6844,0,0.719,2.299,0.382
6845,0,0.59,3.044,0.507
6846,0,0.664,2.928,0.418
6847,0,0.75,2.071,0.37
6848,0,0.832,1.649,0.223
6849,0,1.297,1.179,0.092
6850,0,0.574,3.311,0.533
6851,0,0.68,2.529,0.44
6852,0,0.75,2.011,0.355
6853,0,0.711,2.363,0.381
6854,0,0.492,3.7,0.61
6855,0,0.836,1.729,0.296
6856,0,0.676,2.6,0.422
6857,0,0.703,2.456,0.402
6858,0,0.613,2.632,0.487
6859,0,0.633,2.836,0.483
6860,0,0.605,2.96,0.483
6861,0,0.758,2.138,0.346
6862,0,0.82,1.788,0.29
6863,0,0.73,2.248,0.361
6864,0,0.504,3.562,0.6
6865,0,0.711,2.189,0.398
6866,0,0.629,2.89,0.468
6867,0,0.691,2.536,0.408
6868,0,0.617,2.852,0.5
6869,0,0.727,2.244,0.382
6870,0,0.812,1.744,0.295
6871,0,0.59,3.147,0.522
6872,0,0.578,3.16,0.543
6873,0,0.637,2.81,0.465
6874,0,0.773,2.112,0.326
6875,0,0.641,2.771,0.473
6876,0,0.664,2.731,0.441
6877,0,0.711,2.343,0.384
6878,0,0.531,3.515,0.57
6879,0,0.672,2.557,0.414
6880,0,0.57,3.209,0.525
6881,0,0.766,2.05,0.338
6882,0,0.727,2.124,0.376
6883,0,0.699,2.384,0.415
6884,0,0.562,3.125,0.548
6885,0,0.695,2.369,0.388
6886,0,0.672,2.37,0.424
6887,0,0.715,2.254,0.38
6888,0,0.75,2.201,0.36
6889,0,0.633,2.855,0.499
6890,0,0.68,2.531,0.415
6891,0,0.656,2.698,0.468
6892,0,0.648,2.824,0.475
6893,0,0.695,2.549,0.401
6894,0,0.555,3.227,0.545
6895,0,0.742,2.162,0.36
6896,0,0.57,3.099,0.534
6897,0,0.617,2.841,0.482
6898,0,0.707,2.435,0.414
6899,0,0.762,2.011,0.357
6900,0,0.715,2.349,0.4
6901,0,0.715,2.322,0.385
6902,0,0.57,3.192,0.531
6903,0,0.547,3.246,0.556
6904,0,0.672,2.664,0.413
6905,0,0.613,2.899,0.488
6906,0,0.672,2.581,0.423
6907,0,0.688,2.555,0.43
6908,0,0.68,2.547,0.425
6909,0,0.668,2.728,0.464
6910,0,0.357,4.396,0.704
6911,0,0.742,2.29,0.374
6912,0,0.781,2.013,0.338
6913,0,0.641,2.908,0.451
6914,0,0.668,2.664,0.435
6915,0,0.695,2.535,0.431
6916,0,0.758,2.105,0.326
6917,0,0.652,2.715,0.44
6918,0,0.586,3.227,0.544
6919,0,0.672,2.605,0.414
6920,0,0.695,2.443,0.398
6921,0,0.797,1.945,0.322
6922,0,0.746,2.264,0.359
6923,0,0.797,2.061,0.338
6924,0,0.723,2.531,0.383
6925,0,0.656,2.607,0.449
6926,0,0.789,1.849,0.323
6927,0,0.758,2.136,0.375
6928,0,0.68,2.507,0.438
6929,0,0.0,0.0,0.0
6930,0,0.793,1.865,0.301
6931,0,0.637,2.832,0.464
6932,0,0.594,3.135,0.503
6933,0,0.707,2.44,0.394
6934,0,0.625,2.878,0.466
6935,0,0.602,3.0,0.498
6936,0,0.688,2.599,0.434
6937,0,0.719,2.139,0.382
6938,0,0.625,2.943,0.462
6939,0,0.625,3.032,0.482
6940,0,0.715,2.345,0.369
6941,0,0.691,2.57,0.411
6942,0,0.734,2.349,0.377
6943,0,0.562,3.219,0.537
6944,0,0.523,3.476,0.582
6945,0,0.828,1.688,0.287
6946,0,0.656,2.65,0.455
6947,0,0.508,3.645,0.593
6948,0,0.641,2.926,0.463
6949,0,0.746,2.082,0.373
6950,0,0.824,1.76,0.269
6951,0,0.629,2.744,0.478
6952,0,0.648,2.669,0.463
6953,0,0.486,3.765,0.619
6954,0,0.594,2.986,0.52
6955,0,0.711,2.39,0.406
6956,0,0.656,2.595,0.443
6957,0,0.777,1.871,0.33
6958,0,0.633,2.996,0.51
6959,0,0.672,2.284,0.408
6960,0,0.617,2.892,0.493
6961,0,0.785,1.834,0.336
6962,0,0.551,3.29,0.553
6963,0,0.656,2.69,0.44
6964,0,0.668,2.559,0.449
6965,0,0.676,2.643,0.467
6966,0,0.609,2.955,0.496
6967,0,0.742,2.153,0.371
6968,0,0.754,2.126,0.345
6969,0,0.758,2.161,0.339
6970,0,0.668,2.715,0.447
6971,0,0.609,2.888,0.472
6972,0,0.59,3.21,0.508
6973,0,0.617,2.883,0.496
6974,0,0.734,2.313,0.379
6975,0,0.656,2.713,0.48
6976,0,0.641,2.729,0.487
6977,0,0.727,2.271,0.411
6978,0,0.621,2.843,0.488
6979,0,0.574,3.01,0.524
6980,0,0.254,5.975,0.784
6981,0,0.488,3.771,0.611
6982,0,0.602,3.032,0.505
6983,0,0.766,2.169,0.365
6984,0,0.734,2.18,0.369
6985,0,0.641,2.533,0.448
6986,0,0.445,3.873,0.633
6987,0,0.582,3.108,0.524
6988,0,0.629,2.909,0.469
6989,0,0.672,2.697,0.453
6990,0,0.727,2.202,0.384
6991,0,0.439,4.019,0.639
6992,0,0.719,2.292,0.384
6993,0,0.719,2.357,0.391
6994,0,0.719,2.448,0.401
6995,0,0.656,2.765,0.433
6996,0,0.668,2.643,0.452
6997,0,0.609,3.013,0.517
6998,0,0.508,3.5,0.584
6999,0,0.602,3.057,0.491
7000,0,0.617,2.893,0.482
7001,0,0.676,2.468,0.444
7002,0,0.574,3.182,0.524
7003,0,0.625,2.888,0.478
7004,0,0.785,1.918,0.302
7005,0,0.602,2.887,0.474
7006,0,0.664,2.531,0.451
7007,0,0.711,2.416,0.392
7008,0,0.586,3.108,0.519
7009,0,0.727,2.273,0.376
7010,0,0.758,1.919,0.33
7011,0,0.711,2.17,0.394
7012,0,0.746,2.162,0.372
7013,0,0.859,1.76,0.309
7014,0,0.68,2.654,0.422
7015,0,0.711,2.462,0.409
7016,0,0.57,3.256,0.53
7017,0,0.727,2.31,0.372
7018,0,0.855,1.845,0.295
7019,0,0.828,1.912,0.301
7020,0,0.672,2.527,0.446
7021,0,0.547,3.378,0.573
7022,0,0.656,2.642,0.436
7023,0,0.68,2.501,0.418
7024,0,0.602,3.03,0.483
7025,0,0.586,3.235,0.519
7026,0,0.637,2.778,0.476
7027,0,0.695,2.309,0.405
7028,0,0.742,2.068,0.338
7029,0,0.711,2.349,0.394
7030,0,0.957,1.57,0.206
7031,0,0.695,2.303,0.403
7032,0,0.684,2.377,0.413
7033,0,0.754,2.129,0.358
7034,0,0.812,1.812,0.288
7035,0,0.594,2.987,0.498
7036,0,0.676,2.595,0.43
7037,0,0.695,2.589,0.397
7038,0,0.59,3.064,0.495
7039,0,0.867,1.625,0.26
7040,0,0.656,2.549,0.445
7041,0,0.707,2.485,0.412
7042,0,0.715,2.447,0.381
7043,0,0.719,2.245,0.381
7044,0,0.641,2.652,0.416
7045,0,0.828,1.73,0.311
7046,0,0.719,2.303,0.369
7047,0,0.688,2.4,0.429
7048,0,0.668,2.614,0.43
7049,0,0.555,3.237,0.531
7050,0,0.555,3.263,0.548
7051,0,0.574,3.145,0.514
7052,0,0.629,2.833,0.479
7053,0,0.648,2.706,0.446
7054,0,0.531,3.414,0.567
7055,0,0.758,2.191,0.34
7056,0,0.641,2.783,0.466
7057,0,0.393,4.344,0.685
7058,0,0.594,3.013,0.505
7059,0,0.645,2.671,0.461
7060,0,0.395,4.527,0.688
7061,0,0.848,1.666,0.278
7062,0,0.52,3.64,0.566
7063,0,0.672,2.641,0.43
7064,0,0.684,2.428,0.421
7065,0,0.676,2.553,0.419
7066,0,0.594,2.998,0.5
7067,0,0.547,3.917,0.542
7068,0,0.812,1.757,0.281
7069,0,0.656,2.657,0.441
7070,0,0.672,2.669,0.433
7071,0,0.656,2.718,0.447
7072,0,0.469,3.694,0.616
7073,0,0.816,1.756,0.289
7074,0,0.898,1.805,0.34
7075,0,0.676,2.684,0.439
7076,0,0.432,4.047,0.66
7077,0,0.5,3.557,0.599
7078,0,0.805,1.815,0.315
7079,0,0.676,2.582,0.441
7080,0,0.488,3.673,0.606
7081,0,0.648,2.616,0.443
7082,0,0.688,2.494,0.428
7083,0,0.656,2.56,0.473
7084,0,0.68,2.599,0.436
7085,0,0.699,2.455,0.404
7086,0,0.508,3.5,0.601
7087,0,0.75,2.092,0.345
7088,0,0.594,3.06,0.527
7089,0,0.613,2.903,0.494
7090,0,0.453,3.833,0.633
7091,0,0.734,2.199,0.37
7092,0,0.723,2.427,0.402
7093,0,0.641,2.741,0.455
7094,0,0.676,2.674,0.438
7095,0,0.75,2.163,0.367
7096,0,0.641,2.706,0.47
7097,0,0.699,2.475,0.399
7098,0,0.652,2.806,0.465
7099,0,0.617,3.031,0.477
7100,0,0.777,1.882,0.315
7101,0,0.797,1.749,0.297
7102,0,0.664,2.532,0.422
7103,0,0.711,2.323,0.388
7104,0,0.621,2.861,0.465
7105,0,0.574,3.126,0.514
7106,0,0.797,1.995,0.324
7107,0,0.68,2.627,0.437
7108,0,0.656,2.789,0.449
7109,0,0.578,3.057,0.529
7110,0,0.801,2.037,0.345
7111,0,0.773,2.092,0.342
7112,0,0.586,3.137,0.491
7113,0,0.652,2.781,0.481
7114,0,0.664,2.552,0.462
7115,0,0.578,3.088,0.531
7116,0,0.637,2.667,0.476
7117,0,0.547,3.545,0.549
7118,0,0.641,2.712,0.464
7119,0,0.668,2.692,0.448
7120,0,0.711,2.338,0.393
7121,0,0.555,3.295,0.546
7122,0,0.773,2.068,0.342
7123,0,0.652,2.559,0.446
7124,0,0.512,3.28,0.58
7125,0,0.586,3.241,0.508
7126,0,0.516,3.532,0.605
7127,0,0.406,4.857,0.721
7128,0,0.617,2.887,0.496
7129,0,0.652,2.798,0.46
7130,0,0.664,2.688,0.446
7131,0,1.016,1.505,0.251
7132,0,0.633,2.851,0.478
7133,0,0.852,1.516,0.272
7134,0,0.82,1.79,0.299
7135,0,0.594,3.084,0.498
7136,0,0.652,2.646,0.444
7137,0,0.625,2.888,0.491
7138,0,0.711,2.349,0.394
7139,0,0.566,3.302,0.526
7140,0,0.668,2.629,0.436
7141,0,0.699,2.41,0.412
7142,0,0.727,2.254,0.368
7143,0,0.746,2.217,0.364
7144,0,0.562,3.337,0.55
7145,0,0.703,2.198,0.391
7146,0,0.535,3.381,0.556
7147,0,0.719,2.311,0.39
7148,0,0.617,2.959,0.471
7149,0,0.641,2.779,0.45
7150,0,0.498,3.723,0.626
7151,0,0.602,3.104,0.507
7152,0,0.738,2.127,0.374
7153,0,0.742,2.058,0.365
7154,0,0.762,2.09,0.346
7155,0,0.664,2.676,0.433
7156,0,0.77,1.96,0.332
7157,0,0.672,2.6,0.427
7158,0,0.734,2.194,0.371
7159,0,0.629,3.014,0.484
7160,0,0.734,2.492,0.381
7161,0,0.766,1.985,0.321
7162,0,0.598,3.077,0.496
7163,0,0.605,2.957,0.516
7164,0,0.742,2.122,0.351
7165,0,0.723,2.324,0.379
7166,0,0.547,3.252,0.544
7167,0,0.52,3.427,0.579
7168,0,0.762,2.004,0.334
7169,0,0.574,3.118,0.526
7170,0,0.625,2.887,0.485
7171,0,0.711,2.463,0.412
7172,0,0.605,2.974,0.499
7173,0,0.516,3.438,0.587
7174,0,0.75,2.145,0.348
7175,0,0.547,3.479,0.548
7176,0,0.73,2.233,0.364
7177,0,0.719,2.26,0.384
7178,0,0.586,3.085,0.516
7179,0,0.723,2.56,0.39
7180,0,0.641,2.652,0.475
7181,0,0.789,1.844,0.307
7182,0,0.695,2.462,0.416
7183,0,0.52,3.642,0.593
7184,0,0.629,2.908,0.503
7185,0,0.656,2.585,0.451
7186,0,0.773,2.007,0.327
7187,0,0.703,2.462,0.4
7188,0,0.672,2.662,0.457
7189,0,0.668,2.61,0.428
7190,0,0.668,2.595,0.443
7191,0,0.668,2.603,0.454
7192,0,0.633,3.008,0.496
7193,0,0.625,2.837,0.49
7194,0,0.543,3.328,0.544
7195,0,0.625,2.976,0.461
7196,0,0.711,2.342,0.372
7197,0,0.602,3.069,0.49
7198,0,0.66,2.546,0.464
7199,0,0.66,2.755,0.447
7200,0,0.617,2.781,0.478
7201,0,0.75,2.255,0.356
7202,0,0.598,2.935,0.503
7203,0,0.66,2.753,0.454
7204,0,0.629,2.974,0.457
7205,0,0.578,3.193,0.533
7206,0,0.617,2.976,0.482
7207,0,0.625,2.989,0.469
7208,0,0.828,1.608,0.251
7209,0,0.754,2.228,0.398
7210,0,0.586,3.102,0.511
7211,0,0.766,1.939,0.34
7212,0,0.711,2.424,0.392
7213,0,0.789,1.973,0.311
7214,0,0.703,2.363,0.387
7215,0,0.516,3.583,0.581
7216,0,0.73,2.016,0.321
7217,0,0.773,1.96,0.332
7218,0,0.75,2.164,0.359
7219,0,0.617,2.851,0.487
7220,0,0.695,2.549,0.42
7221,0,0.598,2.968,0.499
7222,0,0.781,1.92,0.325
7223,0,0.633,2.855,0.467
7224,0,0.77,2.149,0.337
7225,0,0.766,2.028,0.336
7226,0,0.742,2.281,0.369
7227,0,0.645,2.776,0.468
7228,0,0.75,2.164,0.364
7229,0,0.609,3.014,0.503
7230,0,0.617,2.874,0.471
7231,0,0.762,1.94,0.353
7232,0,0.832,1.841,0.321
7233,0,0.734,2.442,0.359
7234,0,0.594,3.158,0.506
7235,0,0.797,1.891,0.307
7236,0,0.742,2.159,0.353
7237,0,0.605,2.601,0.455
7238,0,0.648,2.485,0.463
7239,0,0.914,1.334,0.141
7240,0,0.703,2.214,0.357
7241,0,0.562,3.21,0.533
7242,0,0.613,2.865,0.477
7243,0,0.664,2.657,0.445
7244,0,0.688,2.502,0.413
7245,0,0.738,2.049,0.348
7246,0,0.715,2.246,0.389
7247,0,0.555,3.314,0.547
7248,0,0.688,2.558,0.416
7249,0,0.68,2.684,0.44
7250,0,0.586,3.117,0.532
7251,0,0.734,2.196,0.372
7252,0,0.617,2.895,0.494
7253,0,0.664,2.68,0.44
7254,0,0.49,3.786,0.606
7255,0,0.633,2.746,0.446
7256,0,0.805,1.82,0.283
7257,0,0.781,2.042,0.341
7258,0,0.625,2.947,0.485
7259,0,0.664,2.728,0.446
7260,0,0.75,2.025,0.344
7261,0,0.742,2.084,0.366
7262,0,0.68,2.434,0.418
7263,0,0.691,2.576,0.43
7264,0,0.656,2.672,0.436
7265,0,0.703,2.335,0.402
7266,0,0.781,1.893,0.307
7267,0,0.504,3.421,0.575
7268,0,0.801,1.803,0.322
7269,0,0.512,3.557,0.587
7270,0,0.75,2.036,0.344
7271,0,0.734,2.317,0.373
7272,0,0.617,2.908,0.482
7273,0,0.809,1.903,0.316
7274,0,0.734,2.295,0.369
7275,0,0.719,2.333,0.382
7276,0,0.711,2.341,0.407
7277,0,0.469,3.883,0.628
7278,0,0.432,4.06,0.651
7279,0,0.656,2.727,0.443
7280,0,0.773,2.001,0.354
7281,0,0.723,2.304,0.391
7282,0,0.609,2.806,0.481
7283,0,0.691,2.321,0.4
7284,0,0.789,2.01,0.324
7285,0,0.652,2.621,0.462
7286,0,0.482,3.859,0.651
7287,0,0.68,2.551,0.427
7288,0,0.664,2.598,0.458
7289,0,0.609,3.048,0.503
7290,0,0.637,2.938,0.478
7291,0,0.555,3.326,0.528
7292,0,0.758,2.143,0.362
7293,0,0.695,2.553,0.419
7294,0,0.797,1.868,0.293
7295,0,0.523,3.681,0.59
7296,0,0.484,3.86,0.621
7297,0,0.789,1.889,0.314
7298,0,0.594,3.114,0.511
7299,0,0.605,2.815,0.473
7300,0,0.781,2.053,0.329
7301,0,0.562,3.188,0.543
7302,0,0.68,2.645,0.451
7303,0,0.555,3.123,0.501
7304,0,0.672,2.645,0.438
7305,0,0.523,3.455,0.582
7306,0,0.625,2.817,0.488
7307,0,0.387,4.442,0.696
7308,0,0.652,2.674,0.434
7309,0,0.59,3.17,0.525
7310,0,0.578,2.976,0.493
7311,0,0.809,1.751,0.305
7312,0,0.609,2.932,0.49
7313,0,0.656,2.611,0.423
7314,0,0.648,2.747,0.468
7315,0,0.691,2.568,0.417
7316,0,0.898,1.502,0.214
7317,0,0.578,3.094,0.511
7318,0,0.773,2.107,0.352
7319,0,0.867,1.463,0.225
7320,0,0.879,1.893,0.568
7321,0,0.477,3.482,0.663
7322,0,0.645,2.541,0.423
7323,0,0.703,2.457,0.423
7324,0,0.672,2.437,0.451
7325,0,0.758,2.228,0.384
7326,0,0.727,2.311,0.383
7327,0,0.754,1.955,0.338
7328,0,0.531,3.346,0.556
7329,0,0.645,2.628,0.465
7330,0,0.812,1.909,0.303
7331,0,0.746,2.224,0.367
7332,0,0.734,2.268,0.392
7333,0,0.457,3.951,0.632
7334,0,0.641,2.821,0.472
7335,0,0.656,2.554,0.451
7336,0,0.715,2.379,0.387
7337,0,0.859,1.494,0.201
7338,0,0.773,2.049,0.348
7339,0,0.73,2.155,0.374
7340,0,0.746,2.163,0.353
7341,0,0.672,2.562,0.428
7342,0,0.73,2.204,0.374
7343,0,0.602,3.079,0.497
7344,0,0.664,2.615,0.458
7345,0,0.535,3.52,0.556
7346,0,0.625,2.882,0.476
7347,0,0.641,2.916,0.514
7348,0,0.742,2.217,0.351
7349,0,0.637,2.8,0.461
7350,0,0.727,2.374,0.405
7351,0,0.75,2.185,0.365
7352,0,0.789,2.099,0.318
7353,0,0.602,2.993,0.495
7354,0,0.41,4.284,0.706
7355,0,0.797,2.016,0.312
7356,0,0.711,2.282,0.397
7357,0,0.781,1.911,0.34
7358,0,0.727,2.139,0.376
7359,0,0.586,3.058,0.532
7360,0,0.656,2.777,0.448
7361,0,0.73,2.309,0.368
7362,0,0.617,2.951,0.485
7363,0,0.531,3.414,0.564
7364,0,0.789,1.863,0.314
7365,0,0.598,3.006,0.495
7366,0,0.711,2.339,0.4
7367,0,0.633,2.875,0.465
7368,0,0.621,2.922,0.474
7369,0,0.832,1.675,0.267
7370,0,0.287,5.487,0.791
7371,0,0.543,3.31,0.54
7372,0,0.471,3.944,0.6
7373,0,0.668,2.451,0.425
7374,0,0.699,2.483,0.415
7375,0,0.586,2.948,0.531
7376,0,0.551,3.382,0.551
7377,0,0.711,2.364,0.394
7378,0,0.699,2.331,0.382
7379,0,0.664,2.618,0.446
7380,0,0.598,3.039,0.495
7381,0,0.559,3.28,0.551
7382,0,0.789,1.961,0.331
7383,0,0.648,2.793,0.455
7384,0,0.598,3.025,0.504
7385,0,0.719,2.271,0.379
7386,0,0.547,3.366,0.542
7387,0,0.656,2.736,0.436
7388,0,0.719,2.325,0.383
7389,0,0.699,2.406,0.393
7390,0,0.578,3.207,0.53
7391,0,0.656,2.601,0.466
7392,0,0.633,2.687,0.451
7393,0,0.688,2.622,0.43
7394,0,0.527,3.425,0.567
7395,0,0.625,2.918,0.465
7396,0,0.652,2.663,0.451
7397,0,0.754,1.949,0.344
7398,0,0.633,2.746,0.471
7399,0,0.746,2.188,0.372
7400,0,0.641,2.934,0.485
7401,0,0.652,2.77,0.462
7402,0,0.703,2.331,0.406
7403,0,0.664,2.627,0.426
7404,0,0.781,1.855,0.324
7405,0,0.664,2.656,0.443
7406,0,0.734,2.217,0.379
7407,0,0.68,2.555,0.436
7408,0,0.707,2.414,0.406
7409,0,0.625,2.892,0.463
7410,0,0.719,2.198,0.363
7411,0,0.742,2.176,0.387
7412,0,0.656,2.708,0.453
7413,0,0.785,1.809,0.311
7414,0,0.738,2.234,0.344
7415,0,0.672,2.68,0.431
7416,0,0.695,2.562,0.433
7417,0,0.742,2.239,0.373
7418,0,0.68,2.663,0.448
7419,0,0.668,2.624,0.449
7420,0,0.656,2.789,0.468
7421,0,0.758,2.206,0.38
7422,0,0.594,3.063,0.527
7423,0,0.566,3.156,0.527
7424,0,0.609,3.006,0.504
7425,0,0.727,2.302,0.395
7426,0,0.766,2.212,0.373
7427,0,0.805,1.818,0.289
7428,0,0.656,2.558,0.434
7429,0,0.652,2.837,0.473
7430,0,0.828,1.796,0.292
7431,0,0.703,2.439,0.391
7432,0,0.523,3.534,0.573
7433,0,0.562,3.294,0.529
7434,0,0.535,3.332,0.578
7435,0,0.719,2.373,0.38
7436,0,0.443,3.902,0.638
7437,0,0.578,3.227,0.528
7438,0,0.73,2.242,0.382
7439,0,0.66,2.666,0.437
7440,0,0.656,2.558,0.448
7441,0,0.586,3.14,0.538
7442,0,0.703,2.235,0.397
7443,0,0.652,2.683,0.44
7444,0,0.648,2.639,0.445
7445,0,0.555,3.296,0.528
7446,0,0.762,2.146,0.34
7447,0,0.703,2.469,0.398
7448,0,0.605,2.914,0.502
7449,0,0.746,2.116,0.337
7450,0,0.602,3.189,0.517
7451,0,0.641,2.658,0.487
7452,0,0.828,1.64,0.283
7453,0,0.711,2.363,0.42
7454,0,0.648,2.823,0.454
7455,0,0.625,2.908,0.483
7456,0,0.574,3.229,0.517
7457,0,0.684,2.46,0.428
7458,0,0.641,2.674,0.454
7459,0,0.711,2.3,0.389
7460,0,0.594,3.161,0.523
7461,0,0.42,4.231,0.673
7462,0,0.672,2.678,0.45
7463,0,0.773,2.047,0.332
7464,0,0.664,2.637,0.419
7465,0,0.477,3.73,0.61
7466,0,0.668,2.607,0.429
7467,0,0.703,2.443,0.403
7468,0,0.719,2.227,0.376
7469,0,0.562,3.252,0.545
7470,0,0.531,3.589,0.563
7471,0,0.883,1.935,0.298
7472,0,0.48,3.813,0.632
7473,0,0.75,2.223,0.345
7474,0,0.695,2.575,0.421
7475,0,0.734,2.115,0.387
7476,0,0.508,3.583,0.6
7477,0,0.875,1.903,0.246
7478,0,0.699,2.428,0.406
7479,0,0.785,2.079,0.334
7480,0,0.734,2.182,0.387
7481,0,0.691,2.58,0.406
7482,0,0.531,3.261,0.593
7483,0,0.789,1.84,0.313
7484,0,0.77,1.996,0.322
7485,0,0.547,3.347,0.559
7486,0,0.68,2.605,0.411
7487,0,0.789,1.841,0.284
7488,0,0.754,2.183,0.369
7489,0,0.742,2.281,0.366
7490,0,0.531,3.407,0.57
7491,0,0.699,2.277,0.389
7492,0,0.645,2.849,0.457
7493,0,0.719,2.214,0.387
7494,0,0.672,2.644,0.419
7495,0,0.695,2.492,0.397
7496,0,0.488,3.679,0.611
7497,0,0.75,2.082,0.346
7498,0,0.633,2.859,0.468
7499,0,0.594,3.002,0.525
7500,0,0.664,2.712,0.448
7501,0,0.574,3.318,0.543
7502,0,0.711,2.3,0.415
7503,0,0.547,3.193,0.551
7504,0,0.656,2.738,0.444
7505,0,0.699,2.532,0.436
7506,0,0.648,2.826,0.469
7507,0,0.742,2.206,0.371
7508,0,0.664,2.821,0.434
7509,0,0.758,2.071,0.342
7510,0,0.57,3.161,0.543
7511,0,0.75,2.265,0.351
7512,0,0.797,2.039,0.312
7513,0,0.781,1.985,0.337
7514,0,0.551,3.402,0.569
7515,0,0.668,2.451,0.428
7516,0,0.562,3.395,0.542
7517,0,0.719,2.296,0.383
7518,0,0.496,3.801,0.617
7519,0,0.531,3.23,0.581
7520,0,0.469,3.815,0.63
7521,0,0.969,1.104,0.049
7522,0,0.727,2.286,0.389
7523,0,0.664,2.564,0.43
7524,0,0.555,3.351,0.551
7525,0,0.656,2.84,0.442
7526,0,0.812,1.711,0.281
7527,0,0.711,2.238,0.394
7528,0,0.672,2.584,0.427
7529,0,0.621,2.887,0.51
7530,0,0.609,2.937,0.474
7531,0,0.555,3.301,0.532
7532,0,0.703,2.41,0.41
7533,0,0.516,3.549,0.595
7534,0,0.566,3.189,0.524
7535,0,0.648,2.838,0.49
7536,0,0.617,2.933,0.487
7537,0,0.742,2.173,0.367
7538,0,0.617,2.87,0.461
7539,0,0.781,1.918,0.329
7540,0,0.703,2.48,0.421
7541,0,0.668,2.695,0.441
7542,0,0.648,2.749,0.463
7543,0,0.42,4.105,0.653
7544,0,0.723,2.161,0.391
7545,0,0.711,2.359,0.42
7546,0,0.789,1.942,0.346
7547,0,0.695,2.365,0.408
7548,0,0.703,2.526,0.407
7549,0,0.641,2.79,0.45
7550,0,0.711,2.345,0.409
7551,0,0.656,2.783,0.453
7552,0,0.586,3.184,0.526
7553,0,0.75,2.19,0.333
7554,0,0.719,2.224,0.375
7555,0,0.68,2.538,0.434
7556,0,0.758,2.272,0.327
7557,0,0.445,3.826,0.61
7558,0,0.625,2.87,0.488
7559,0,0.578,3.262,0.55
7560,0,0.711,2.459,0.411
7561,0,0.789,2.005,0.337
7562,0,0.703,2.477,0.435
7563,0,0.594,3.09,0.509
7564,0,0.625,2.883,0.475
7565,0,0.75,2.145,0.366
7566,0,0.785,1.942,0.327
7567,0,0.688,2.484,0.402
7568,0,0.652,2.673,0.441
7569,0,0.703,2.585,0.421
7570,0,0.719,2.315,0.385
7571,0,0.688,2.693,0.4
7572,0,0.578,3.056,0.523
7573,0,0.742,2.34,0.381
7574,0,0.852,1.887,0.299
7575,0,0.645,2.812,0.465
7576,0,0.727,2.126,0.359
7577,0,0.711,2.401,0.38
7578,0,0.688,2.509,0.419
7579,0,0.727,2.158,0.386
7580,0,0.746,2.262,0.362
7581,0,0.498,3.677,0.605
7582,0,0.453,3.861,0.63
7583,0,0.738,2.269,0.365
7584,0,0.625,2.768,0.467
7585,0,0.703,2.393,0.381
7586,0,0.668,2.626,0.441
7587,0,0.641,2.61,0.455
7588,0,0.633,2.654,0.455
7589,0,0.582,3.22,0.518
7590,0,0.602,2.987,0.504
7591,0,0.002,2.0,1.0
7592,0,0.797,1.939,0.3
7593,0,0.688,2.526,0.427
7594,0,0.66,2.576,0.471
7595,0,0.566,3.228,0.539
7596,0,0.695,2.47,0.427
7597,0,0.664,2.437,0.422
7598,0,0.711,2.325,0.417
7599,0,0.629,2.864,0.47
7600,0,0.672,2.515,0.422
7601,0,0.598,2.873,0.501
7602,0,0.766,2.018,0.348
7603,0,0.805,1.842,0.314
7604,0,0.766,2.084,0.357
7605,0,0.602,3.054,0.538
7606,0,0.467,3.795,0.639
7607,0,0.777,1.851,0.323
7608,0,0.711,2.325,0.398
7609,0,0.672,2.529,0.428
7610,0,0.68,2.471,0.418
7611,0,0.664,2.561,0.443
7612,0,0.664,2.585,0.463
7613,0,0.609,3.024,0.497
7614,0,0.691,2.511,0.433
7615,0,0.508,3.461,0.573
7616,0,0.594,2.952,0.501
7617,0,0.797,1.801,0.313
7618,0,0.758,2.077,0.338
7619,0,0.742,2.175,0.382
7620,0,0.719,2.321,0.401
7621,0,0.562,3.164,0.536
7622,0,0.512,3.721,0.596
7623,0,0.633,2.891,0.484
7624,0,0.793,1.974,0.318
7625,0,0.715,2.307,0.397
7626,0,0.711,2.474,0.396
7627,0,0.52,3.31,0.567
7628,0,0.727,2.206,0.339
7629,0,0.742,2.129,0.36
7630,0,0.641,2.709,0.474
7631,0,0.477,3.855,0.616
7632,0,0.648,2.536,0.428
7633,0,0.633,2.771,0.468
7634,0,0.648,2.816,0.447
7635,0,0.555,3.288,0.552
7636,0,0.617,3.073,0.504
7637,0,0.664,2.703,0.447
7638,0,0.789,1.922,0.331
7639,0,0.562,3.148,0.531
7640,0,0.609,2.918,0.488
7641,0,0.648,2.706,0.457
7642,0,0.75,1.9,0.357
7643,0,0.566,3.174,0.559
7644,0,0.703,2.423,0.399
7645,0,0.695,2.416,0.392
7646,0,0.797,2.027,0.348
7647,0,0.766,2.072,0.351
7648,0,0.59,3.172,0.512
7649,0,0.59,3.163,0.522
7650,0,0.68,2.579,0.434
7651,0,0.543,3.372,0.551
7652,0,0.719,2.272,0.388
7653,0,0.766,2.091,0.364
7654,0,0.586,3.091,0.516
7655,0,0.734,2.276,0.396
7656,0,0.496,3.558,0.611
7657,0,0.594,3.028,0.502
7658,0,0.727,2.264,0.403
7659,0,0.742,2.131,0.372
7660,0,0.547,3.403,0.542
7661,0,0.758,2.051,0.332
7662,0,0.551,3.23,0.545
7663,0,0.691,2.464,0.397
7664,0,0.719,2.247,0.376
7665,0,0.727,2.336,0.398
7666,0,0.547,3.187,0.534
7667,0,0.719,2.293,0.382
7668,0,0.555,3.258,0.547
7669,0,0.672,2.443,0.416
7670,0,0.652,2.592,0.447
7671,0,0.641,2.75,0.445
7672,0,0.648,2.64,0.457
7673,0,0.57,3.198,0.526
7674,0,0.59,3.11,0.522
7675,0,0.645,2.738,0.465
7676,0,0.809,1.653,0.309
7677,0,0.711,2.344,0.401
7678,0,0.578,3.055,0.533
7679,0,0.602,2.942,0.484
7680,0,0.664,2.579,0.449
7681,0,0.629,2.965,0.488
7682,0,0.664,2.62,0.438
7683,0,0.59,3.223,0.525
7684,0,0.508,3.554,0.601
7685,0,0.785,2.032,0.333
7686,0,0.734,2.198,0.374
7687,0,0.621,2.92,0.474
7688,0,0.688,2.536,0.424
7689,0,0.641,2.574,0.426
7690,0,0.566,3.193,0.544
7691,0,0.463,3.807,0.62
7692,0,0.531,3.261,0.556
7693,0,0.766,1.94,0.322
7694,0,0.477,3.746,0.623
7695,0,0.812,1.774,0.306
7696,0,0.699,2.357,0.391
7697,0,0.797,1.843,0.308
7698,0,0.746,2.319,0.532
7699,0,0.547,3.439,0.566
7700,0,0.594,3.072,0.531
7701,0,0.734,2.15,0.357
7702,0,0.652,2.751,0.442
7703,0,0.539,3.471,0.563
7704,0,0.566,3.249,0.538
7705,0,0.703,2.619,0.41
7706,0,0.66,2.441,0.397
7707,0,0.539,3.416,0.569
7708,0,0.621,2.901,0.476
7709,0,0.555,3.186,0.539
7710,0,0.703,2.465,0.42
7711,0,0.711,2.375,0.384
7712,0,0.656,2.646,0.47
7713,0,0.664,2.663,0.444
7714,0,0.539,3.379,0.557
7715,0,0.641,2.795,0.461
7716,0,0.727,2.186,0.378
7717,0,0.719,2.348,0.383
7718,0,0.738,2.165,0.386
7719,0,0.711,2.342,0.391
7720,0,0.57,3.149,0.528
7721,0,0.641,2.834,0.499
7722,0,0.57,3.13,0.521
7723,0,0.516,3.452,0.57
7724,0,0.656,2.506,0.444
7725,0,0.602,2.932,0.468
7726,0,0.605,2.952,0.505
7727,0,0.758,1.983,0.322
7728,0,0.73,2.224,0.373
7729,0,0.555,3.231,0.542
7730,0,0.742,2.171,0.357
7731,0,0.547,3.264,0.56
7732,0,0.555,3.314,0.541
7733,0,0.703,2.246,0.41
7734,0,0.781,1.995,0.366
7735,0,0.688,2.407,0.431
7736,0,0.516,3.567,0.579
7737,0,0.719,2.341,0.384
7738,0,0.859,1.487,0.24
7739,0,0.457,3.829,0.61
7740,0,0.781,1.975,0.306
7741,0,0.633,2.801,0.46
7742,0,0.664,2.509,0.457
7743,0,0.766,2.169,0.359
7744,0,0.414,4.35,0.671
7745,0,0.594,3.168,0.494
7746,0,0.73,2.213,0.373
7747,0,0.766,1.942,0.337
7748,0,0.648,2.536,0.445
7749,0,0.672,2.792,0.454
7750,0,0.715,2.339,0.395
7751,0,0.652,2.622,0.465
7752,0,0.742,2.19,0.416
7753,0,0.711,2.391,0.408
7754,0,0.734,2.311,0.38
7755,0,0.578,3.067,0.546
7756,0,0.688,2.715,0.426
7757,0,0.781,1.899,0.32
7758,0,0.656,2.892,0.464
7759,0,0.691,2.497,0.426
7760,0,0.797,1.859,0.317
7761,0,0.609,2.976,0.488
7762,0,0.562,3.277,0.552
7763,0,0.586,3.07,0.527
7764,0,0.562,3.05,0.544
7765,0,0.812,1.83,0.291
7766,0,0.645,2.76,0.453
7767,0,0.664,2.597,0.466
7768,0,0.77,2.069,0.338
7769,0,0.668,2.523,0.441
7770,0,0.742,2.217,0.359
7771,0,0.555,3.335,0.529
7772,0,0.633,2.908,0.49
7773,0,0.758,2.087,0.352
7774,0,0.672,2.591,0.43
7775,0,0.719,2.333,0.384
7776,0,0.586,3.008,0.506
7777,0,0.699,2.381,0.403
7778,0,0.68,2.458,0.425
7779,0,0.812,1.85,0.309
7780,0,0.559,3.214,0.532
7781,0,0.719,2.426,0.406
7782,0,0.703,2.377,0.402
7783,0,0.625,3.078,0.501
7784,0,0.691,2.649,0.431
7785,0,0.812,1.848,0.252
7786,0,0.656,2.604,0.447
7787,0,0.781,1.971,0.334
7788,0,0.766,1.958,0.316
7789,0,0.641,2.734,0.466
7790,0,0.648,2.653,0.463
7791,0,0.605,3.008,0.481
7792,0,0.555,3.303,0.563
7793,0,0.766,2.016,0.338
7794,0,0.723,2.327,0.386
7795,0,0.789,1.893,0.313
7796,0,0.68,2.489,0.415
7797,0,0.684,2.542,0.441
7798,0,0.789,2.011,0.321
7799,0,0.504,3.605,0.581
7800,0,0.77,2.079,0.352
7801,0,0.68,2.586,0.425
7802,0,0.684,2.493,0.421
7803,0,0.645,2.78,0.44
7804,0,0.617,2.899,0.513
7805,0,0.66,2.334,0.395
7806,0,0.625,2.862,0.493
7807,0,0.758,2.079,0.348
7808,0,0.555,3.333,0.54
7809,0,0.699,2.459,0.431
7810,0,0.535,3.342,0.565
7811,0,0.824,1.732,0.286
7812,0,0.734,2.273,0.389
7813,0,0.691,2.485,0.404
7814,0,0.656,2.5,0.443
7815,0,0.539,3.363,0.548
7816,0,0.707,2.304,0.373
7817,0,0.711,2.368,0.392
7818,0,0.582,3.137,0.523
7819,0,0.637,2.716,0.446
7820,0,0.766,1.998,0.33
7821,0,0.602,2.912,0.494
7822,0,0.672,2.105,0.378
7823,0,0.754,1.995,0.348
7824,0,0.625,2.774,0.459
7825,0,0.727,2.286,0.385
7826,0,0.66,2.61,0.436
7827,0,0.523,3.569,0.586
7828,0,0.566,3.287,0.541
7829,0,0.516,3.655,0.571
7830,0,0.82,1.789,0.286
7831,0,0.578,3.242,0.535
7832,0,0.844,1.646,0.237
7833,0,0.645,2.747,0.456
7834,0,0.844,1.625,0.248
7835,0,0.492,4.022,0.637
7836,0,0.719,2.228,0.386
7837,0,0.602,3.026,0.512
7838,0,0.672,2.482,0.408
7839,0,0.867,1.583,0.225
7840,0,0.734,2.325,0.401
7841,0,0.711,2.394,0.432
7842,0,0.594,3.149,0.506
7843,0,0.695,2.66,0.425
7844,0,0.836,1.748,0.304
7845,0,0.672,2.516,0.442
7846,0,0.625,2.889,0.491
7847,0,0.629,2.72,0.461
7848,0,0.539,3.419,0.576
7849,0,0.637,2.9,0.448
7850,0,0.609,3.114,0.512
7851,0,0.641,2.682,0.46
7852,0,0.73,2.452,0.393
7853,0,0.594,2.948,0.502
7854,0,0.727,2.242,0.363
7855,0,0.68,2.413,0.421
7856,0,0.57,3.258,0.525
7857,0,0.621,3.047,0.487
7858,0,0.602,3.054,0.501
7859,0,0.664,2.696,0.432
7860,0,0.719,2.196,0.38
7861,0,0.711,2.296,0.374
7862,0,0.406,4.146,0.696
7863,0,0.711,2.323,0.388
7864,0,0.645,2.77,0.46
7865,0,0.504,3.642,0.584
7866,0,0.727,2.28,0.369
7867,0,0.82,1.736,0.253
7868,0,0.785,1.799,0.303
7869,0,0.758,2.072,0.353
7870,0,0.66,2.633,0.45
7871,0,0.758,2.091,0.357
7872,0,0.633,2.64,0.452
7873,0,0.68,2.465,0.427
7874,0,0.68,2.499,0.402
7875,0,0.504,3.504,0.592
7876,0,0.602,3.111,0.525
7877,0,0.586,3.173,0.53
7878,0,0.602,3.061,0.528
7879,0,0.695,2.39,0.406
7880,0,0.664,2.638,0.443
7881,0,0.734,2.309,0.363
7882,0,0.574,3.2,0.517
7883,0,0.719,2.401,0.394
7884,0,0.609,2.906,0.495
7885,0,0.75,2.154,0.343
7886,0,0.648,2.741,0.439
7887,0,0.773,1.997,0.346
7888,0,0.641,2.956,0.472
7889,0,0.641,2.835,0.483
7890,0,0.418,4.241,0.686
7891,0,0.848,1.545,0.26
7892,0,0.5,3.747,0.575
7893,0,0.711,2.438,0.41
7894,0,0.516,3.658,0.588
7895,0,0.625,2.761,0.486
7896,0,0.75,2.286,0.388
7897,0,0.742,2.212,0.381
7898,0,0.824,1.707,0.278
7899,0,0.781,2.072,0.358
7900,0,0.711,2.467,0.389
7901,0,0.711,2.5,0.415
7902,0,0.617,2.93,0.486
7903,0,0.469,3.705,0.617
7904,0,0.797,1.991,0.31
7905,0,0.598,2.818,0.51
7906,0,0.508,3.582,0.587
7907,0,0.531,3.479,0.568
7908,0,0.582,3.259,0.515
7909,0,0.648,2.709,0.448
7910,0,0.477,3.882,0.635
7911,0,0.703,2.439,0.423
7912,0,0.578,3.025,0.508
7913,0,0.695,2.506,0.413
7914,0,0.719,2.279,0.422
7915,0,0.699,2.409,0.422
7916,0,0.52,3.573,0.578
7917,0,0.566,3.109,0.527
7918,0,0.75,2.129,0.353
7919,0,0.629,2.581,0.426
7920,0,0.59,2.961,0.521
7921,0,0.523,3.379,0.554
7922,0,0.75,2.028,0.331
7923,0,0.773,1.925,0.346
7924,0,0.586,3.192,0.502
7925,0,0.734,2.138,0.352
7926,0,0.543,3.414,0.555
7927,0,0.625,2.949,0.469
7928,0,0.723,2.3,0.395
7929,0,0.695,2.314,0.392
7930,0,0.688,2.455,0.431
7931,0,0.578,3.048,0.513
7932,0,0.492,3.855,0.598
7933,0,0.617,2.931,0.472
7934,0,0.465,3.888,0.615
7935,0,0.766,2.046,0.327
7936,0,0.551,3.198,0.534
7937,0,0.73,2.182,0.388
7938,0,0.824,2.042,0.365
7939,0,0.48,3.71,0.619
7940,0,0.59,2.972,0.505
7941,0,0.633,2.734,0.462
7942,0,0.738,2.306,0.38
7943,0,0.539,3.255,0.553
7944,0,0.82,1.699,0.27
7945,0,0.586,3.149,0.53
7946,0,0.496,3.647,0.582
7947,0,0.609,2.945,0.476
7948,0,0.582,3.432,0.591
7949,0,0.766,2.091,0.341
7950,0,0.812,1.776,0.314
7951,0,0.531,3.361,0.556
7952,0,0.602,2.976,0.499
7953,0,0.695,2.445,0.433
7954,0,0.773,2.051,0.303
7955,0,0.617,2.883,0.502
7956,0,0.734,2.23,0.37
7957,0,0.605,2.982,0.499
7958,0,0.594,2.873,0.493
7959,0,0.656,2.699,0.437
7960,0,0.508,3.644,0.581
7961,0,0.602,3.084,0.519
7962,0,0.617,2.945,0.479
7963,0,0.68,2.504,0.425
7964,0,0.727,2.192,0.361
7965,0,0.555,3.355,0.565
7966,0,0.715,2.405,0.393
7967,0,0.684,2.62,0.421
7968,0,0.672,2.631,0.432
7969,0,0.668,2.584,0.437
7970,0,0.617,3.003,0.505
7971,0,0.621,2.908,0.475
7972,0,0.719,2.292,0.355
7973,0,0.699,2.663,0.434
7974,0,0.488,3.865,0.602
7975,0,0.711,2.301,0.396
7976,0,0.738,2.285,0.363
7977,0,0.602,3.035,0.488
7978,0,0.633,2.845,0.486
7979,0,0.801,1.88,0.311
7980,0,0.684,2.722,0.409
7981,0,0.52,3.558,0.562
7982,0,0.832,1.709,0.246
7983,0,0.828,1.729,0.288
7984,0,0.719,2.309,0.382
7985,0,0.789,2.011,0.317
7986,0,0.447,4.005,0.657
7987,0,0.586,3.132,0.529
7988,0,0.781,1.778,0.316
7989,0,0.566,3.193,0.523
7990,0,0.672,2.6,0.408
7991,0,0.699,2.224,0.391
7992,0,0.539,3.53,0.553
7993,0,0.773,2.024,0.323
7994,0,0.805,1.874,0.325
7995,0,0.758,2.077,0.347
7996,0,0.652,2.558,0.444
7997,0,0.688,2.419,0.402
7998,0,0.594,3.074,0.521
7999,0,0.91,1.466,0.22
8000,0,0.555,3.289,0.537
8001,0,0.789,1.871,0.311
8002,0,0.695,2.464,0.411
8003,0,0.867,1.589,0.146
8004,0,0.66,2.668,0.429
8005,0,0.539,3.361,0.579
8006,0,0.727,2.213,0.37
8007,0,0.613,2.839,0.485
8008,0,0.75,2.08,0.335
8009,0,0.562,3.152,0.554
8010,0,0.508,3.643,0.593
8011,0,0.602,2.806,0.51
8012,0,0.797,1.842,0.298
8013,0,0.652,2.84,0.465
8014,0,0.703,2.323,0.397
8015,0,0.648,2.794,0.463
8016,0,0.457,4.042,0.637
8017,0,0.656,2.787,0.46
8018,0,0.523,3.393,0.582
8019,0,0.508,3.531,0.582
8020,0,0.555,3.27,0.541
8021,0,0.598,3.036,0.504
8022,0,0.781,1.972,0.338
8023,0,0.695,2.45,0.418
8024,0,0.715,2.234,0.367
8025,0,0.617,2.974,0.486
8026,0,0.586,3.227,0.522
8027,0,0.641,2.777,0.469
8028,0,0.762,2.022,0.324
8029,0,0.742,2.205,0.364
8030,0,0.672,2.545,0.441
8031,0,0.512,3.502,0.595
8032,0,0.492,3.587,0.59
8033,0,0.734,2.3,0.412
8034,0,0.777,1.875,0.329
8035,0,0.637,2.797,0.488
8036,0,0.742,2.18,0.36
8037,0,0.66,2.707,0.444
8038,0,0.641,2.847,0.465
8039,0,0.598,3.089,0.503
8040,0,0.656,2.599,0.453
8041,0,0.656,2.751,0.437
8042,0,0.574,3.218,0.505
8043,0,0.625,2.952,0.469
8044,0,0.598,3.045,0.493
8045,0,0.773,2.012,0.336
8046,0,0.633,2.74,0.494
8047,0,0.719,2.336,0.404
8048,0,0.648,2.712,0.449
8049,0,0.555,3.244,0.524
8050,0,0.539,3.323,0.528
8051,0,0.355,4.541,0.725
8052,0,0.625,2.795,0.465
8053,0,0.617,2.62,0.46
8054,0,0.668,2.607,0.432
8055,0,0.719,2.22,0.41
8056,0,0.59,3.127,0.513
8057,0,0.664,2.44,0.412
8058,0,0.734,2.394,0.403
8059,0,0.664,2.659,0.441
8060,0,0.719,2.245,0.37
8061,0,0.711,2.486,0.41
8062,0,0.98,1.587,0.219
8063,0,0.828,1.617,0.278
8064,0,0.746,2.062,0.36
8065,0,0.562,3.278,0.531
8066,0,0.707,2.372,0.375
8067,0,0.672,2.504,0.416
8068,0,0.648,2.711,0.442
8069,0,0.617,2.939,0.482
8070,0,0.641,2.82,0.462
8071,0,0.711,2.25,0.416
8072,0,0.559,3.043,0.53
8073,0,0.723,2.176,0.367
8074,0,0.531,3.405,0.568
8075,0,0.656,2.58,0.452
8076,0,0.812,1.8,0.318
8077,0,0.641,2.778,0.461
8078,0,0.4,4.342,0.687
8079,0,0.723,2.185,0.393
8080,0,0.559,3.277,0.548
8081,0,0.539,3.153,0.555
8082,0,0.547,3.291,0.561
8083,0,0.625,2.918,0.482
8084,0,0.516,3.612,0.585
8085,0,0.477,3.811,0.625
8086,0,0.66,2.71,0.455
8087,0,0.781,1.889,0.319
8088,0,0.625,2.712,0.454
8089,0,0.73,2.017,0.368
8090,0,0.633,2.655,0.451
8091,0,0.727,2.157,0.357
8092,0,0.68,2.442,0.419
8093,0,0.641,2.64,0.461
8094,0,0.645,2.603,0.459
8095,0,0.805,1.932,0.317
8096,0,0.68,2.443,0.412
8097,0,0.629,2.878,0.48
8098,0,0.465,3.91,0.613
8099,0,0.703,2.456,0.425
8100,0,0.609,2.854,0.489
8101,0,0.578,3.229,0.555
8102,0,0.82,1.747,0.299
8103,0,0.633,2.796,0.472
8104,0,0.664,2.491,0.446
8105,0,0.578,3.256,0.502
8106,0,0.855,1.632,0.267
8107,0,0.551,3.31,0.542
8108,0,0.695,2.439,0.425
8109,0,0.609,2.973,0.482
8110,0,0.656,2.797,0.436
8111,0,0.68,2.377,0.392
8112,0,0.594,3.171,0.497
8113,0,0.617,2.969,0.479
8114,0,0.527,3.457,0.561
8115,0,0.602,2.949,0.509
8116,0,0.586,3.189,0.506
8117,0,0.57,3.087,0.526
8118,0,0.539,3.38,0.57
8119,0,0.711,2.305,0.392
8120,0,0.762,2.065,0.334
8121,0,0.672,2.478,0.452
8122,0,0.73,2.083,0.382
8123,0,0.617,2.924,0.496
8124,0,0.742,2.259,0.366
8125,0,0.57,3.095,0.541
8126,0,0.535,3.291,0.564
8127,0,0.578,3.092,0.517
8128,0,0.625,2.853,0.483
8129,0,0.621,2.982,0.473
8130,0,0.672,2.595,0.46
8131,0,0.625,2.906,0.464
8132,0,0.664,2.467,0.435
8133,0,0.629,2.865,0.46
8134,0,0.703,2.457,0.384
8135,0,0.734,2.133,0.345
8136,0,0.586,3.119,0.544
8137,0,0.531,3.433,0.557
8138,0,0.723,2.259,0.402
8139,0,0.914,1.527,0.22
8140,0,0.758,2.125,0.345
8141,0,0.652,2.616,0.431
8142,0,0.703,2.396,0.407
8143,0,0.688,2.335,0.438
8144,0,0.809,1.726,0.281
8145,0,0.562,3.228,0.535
8146,0,0.688,2.589,0.419
8147,0,0.543,3.374,0.556
8148,0,0.445,4.049,0.657
8149,0,0.488,3.907,0.612
8150,0,0.715,2.485,0.402
8151,0,0.762,1.977,0.361
8152,0,0.512,3.462,0.58
8153,0,0.586,3.107,0.517
8154,0,0.602,3.064,0.494
8155,0,0.602,3.017,0.497
8156,0,0.605,2.935,0.498
8157,0,0.664,2.644,0.431
8158,0,0.656,2.772,0.455
8159,0,0.625,2.971,0.49
8160,0,0.703,2.395,0.382
8161,0,0.766,2.003,0.327
8162,0,0.688,2.437,0.4
8163,0,0.656,2.679,0.432
8164,0,0.637,2.618,0.457
8165,0,0.617,2.917,0.478
8166,0,0.547,3.335,0.54
8167,0,0.691,2.395,0.408
8168,0,0.629,2.794,0.475
8169,0,0.656,2.734,0.445
8170,0,0.711,2.281,0.401
8171,0,0.555,3.386,0.542
8172,0,0.459,4.181,0.63
8173,0,0.594,3.142,0.511
8174,0,0.656,2.729,0.436
8175,0,0.648,2.709,0.471
8176,0,0.758,2.119,0.358
8177,0,0.789,1.844,0.312
8178,0,0.711,2.425,0.418
8179,0,0.715,2.367,0.405
8180,0,0.602,2.995,0.487
8181,0,0.586,3.15,0.539
8182,0,0.742,2.288,0.374
8183,0,0.625,2.784,0.495
8184,0,0.617,2.749,0.479
8185,0,0.578,3.097,0.51
8186,0,0.707,2.356,0.397
8187,0,0.562,3.334,0.536
8188,0,0.676,2.244,0.448
8189,0,0.609,2.914,0.497
8190,0,0.527,3.448,0.555
8191,0,0.777,2.024,0.361
8192,0,0.688,2.368,0.424
8193,0,0.641,2.919,0.48
8194,0,0.453,3.647,0.647
8195,0,0.625,2.741,0.485
8196,0,0.809,1.763,0.263
8197,0,0.734,2.087,0.361
8198,0,0.598,2.991,0.488
8199,0,0.535,3.345,0.549
8200,0,0.617,2.749,0.482
8201,0,0.734,2.201,0.361
8202,0,0.688,2.423,0.419
8203,0,0.617,2.911,0.479
8204,0,0.715,2.464,0.389
8205,0,0.758,2.015,0.352
8206,0,0.715,2.266,0.382
8207,0,0.699,2.495,0.4
8208,0,0.617,3.085,0.5
8209,0,0.84,1.616,0.246
8210,0,0.664,2.663,0.432
8211,0,0.715,2.381,0.38
8212,0,0.586,3.167,0.508
8213,0,0.543,3.325,0.551
8214,0,0.578,3.185,0.503
8215,0,0.738,2.249,0.369
8216,0,0.684,2.616,0.423
8217,0,0.562,2.965,0.539
8218,0,0.844,1.789,0.257
8219,0,0.59,3.165,0.509
8220,0,0.453,4.007,0.646
8221,0,0.555,3.153,0.538
8222,0,0.555,3.244,0.537
8223,0,0.711,2.449,0.392
8224,0,0.543,3.34,0.543
8225,0,0.68,2.421,0.455
8226,0,0.473,3.862,0.615
8227,0,0.719,2.076,0.389
8228,0,0.676,2.571,0.41
8229,0,0.664,2.587,0.433
8230,0,0.633,2.704,0.495
8231,0,0.641,2.859,0.471
8232,0,0.711,2.377,0.374
8233,0,0.531,3.39,0.57
8234,0,0.766,2.122,0.335
8235,0,0.621,2.88,0.474
8236,0,1.039,1.231,0.068
8237,0,0.668,2.53,0.436
8238,0,0.613,2.973,0.478
8239,0,0.699,2.25,0.39
8240,0,0.742,2.279,0.376
8241,0,0.438,4.008,0.664
8242,0,0.703,2.44,0.391
8243,0,0.375,4.469,0.7
8244,0,0.66,2.57,0.462
8245,0,0.625,2.789,0.475
8246,0,0.539,3.32,0.575
8247,0,0.727,2.471,0.381
8248,0,0.633,2.76,0.473
8249,0,0.742,2.334,0.37
8250,0,0.707,2.44,0.393
8251,0,0.777,2.027,0.322
8252,0,0.766,1.871,0.343
8253,0,0.664,2.822,0.451
8254,0,0.73,2.312,0.366
8255,0,0.586,3.118,0.509
8256,0,0.836,1.589,0.237
8257,0,0.477,3.839,0.625
8258,0,0.773,2.034,0.352
8259,0,0.555,3.24,0.538
8260,0,0.477,3.705,0.626
8261,0,0.707,2.286,0.393
8262,0,0.711,2.305,0.37
8263,0,0.672,2.547,0.429
8264,0,0.781,1.941,0.323
8265,0,0.52,3.503,0.588
8266,0,0.562,3.177,0.55
8267,0,0.617,2.969,0.485
8268,0,0.719,2.269,0.397
8269,0,0.723,2.306,0.374
8270,0,0.633,2.916,0.464
8271,0,0.586,3.054,0.508
8272,0,0.617,2.962,0.489
8273,0,0.559,3.309,0.547
8274,0,0.727,2.255,0.407
8275,0,0.445,3.947,0.649
8276,0,0.5,3.628,0.602
8277,0,0.668,2.606,0.424
8278,0,0.77,1.791,0.325
8279,0,0.73,2.189,0.373
8280,0,0.672,2.594,0.458
8281,0,0.637,2.76,0.466
8282,0,0.57,3.044,0.517
8283,0,0.766,2.25,0.327
8284,0,0.578,3.187,0.5
8285,0,0.734,2.239,0.381
8286,0,0.742,2.321,0.38
8287,0,0.625,2.541,0.479
8288,0,0.488,3.85,0.626
8289,0,0.758,2.094,0.379
8290,0,0.555,3.453,0.561
8291,0,0.5,3.726,0.603
8292,0,0.617,3.018,0.483
8293,0,0.609,3.03,0.495
8294,0,0.586,3.115,0.515
8295,0,0.711,2.453,0.396
8296,0,0.734,2.524,0.453
8297,0,0.562,3.217,0.546
8298,0,0.656,2.523,0.448
8299,0,0.812,1.796,0.287
8300,0,0.332,4.789,0.749
8301,0,0.625,2.814,0.48
8302,0,0.719,2.356,0.38
8303,0,0.699,2.397,0.402
8304,0,0.516,3.499,0.582
8305,0,0.555,3.304,0.545
8306,0,0.516,3.541,0.58
8307,0,0.676,2.505,0.428
8308,0,0.617,2.927,0.486
8309,0,0.836,1.645,0.264
8310,0,0.684,2.492,0.418
8311,0,0.648,2.842,0.447
8312,0,0.68,2.494,0.416
8313,0,0.703,2.457,0.39
8314,0,0.82,1.695,0.282
8315,0,0.633,2.886,0.479
8316,0,0.586,3.025,0.511
8317,0,0.477,3.764,0.61
8318,0,0.605,2.928,0.502
8319,0,0.688,2.721,0.434
8320,0,0.625,3.052,0.499
8321,0,0.609,2.846,0.49
8322,0,0.648,2.804,0.456
8323,0,0.711,2.409,0.397
8324,0,0.477,3.889,0.629
8325,0,0.859,1.892,0.381
8326,0,0.672,2.456,0.42
8327,0,0.828,1.669,0.279
8328,0,0.695,2.464,0.397
8329,0,0.68,2.592,0.405
8330,0,0.953,1.839,0.258
8331,0,0.789,1.965,0.344
8332,0,0.641,2.918,0.461
8333,0,0.621,2.815,0.47
8334,0,0.75,2.081,0.369
8335,0,0.746,1.964,0.361
8336,0,0.609,3.093,0.504
8337,0,0.516,3.474,0.583
8338,0,0.633,2.969,0.477
8339,0,0.758,2.051,0.324
8340,0,0.656,2.633,0.431
8341,0,0.535,3.469,0.559
8342,0,0.785,1.919,0.337
8343,0,0.727,2.174,0.376
8344,0,0.672,2.658,0.433
8345,0,0.75,2.26,0.375
8346,0,0.562,3.301,0.523
8347,0,0.68,2.567,0.431
8348,0,0.656,2.696,0.438
8349,0,0.668,2.692,0.424
8350,0,0.645,2.506,0.442
8351,0,0.703,2.396,0.393
8352,0,0.727,2.354,0.375
8353,0,0.777,1.962,0.327
8354,0,0.707,2.498,0.415
8355,0,0.617,2.963,0.494
8356,0,0.754,1.903,0.334
8357,0,0.574,3.173,0.522
8358,0,0.617,2.896,0.487
8359,0,0.617,2.885,0.48
8360,0,0.508,3.606,0.592
8361,0,0.875,1.689,0.276
8362,0,0.668,2.605,0.427
8363,0,0.762,1.87,0.326
8364,0,0.492,3.484,0.597
8365,0,0.457,3.805,0.62
8366,0,0.59,3.105,0.507
8367,0,0.742,2.089,0.366
8368,0,0.742,2.182,0.363
8369,0,0.742,2.092,0.36
8370,0,0.617,2.842,0.48
8371,0,0.473,3.835,0.609
8372,0,0.664,2.45,0.414
8373,0,0.527,3.408,0.59
8374,0,0.742,2.172,0.366
8375,0,0.496,3.708,0.598
8376,0,0.543,3.431,0.583
8377,0,0.42,4.273,0.677
8378,0,0.594,2.987,0.493
8379,0,0.637,2.773,0.473
8380,0,0.594,2.973,0.492
8381,0,0.664,2.726,0.458
8382,0,0.734,2.2,0.382
8383,0,0.617,2.939,0.479
8384,0,0.664,2.48,0.453
8385,0,0.609,2.982,0.495
8386,0,0.531,3.37,0.563
8387,0,0.664,2.61,0.436
8388,0,0.656,2.736,0.45
8389,0,0.68,2.398,0.439
8390,0,0.523,3.408,0.572
8391,0,0.648,2.706,0.454
8392,0,0.559,3.211,0.522
8393,0,0.879,1.413,0.205
8394,0,0.625,2.797,0.451
8395,0,0.781,1.611,0.499
8396,0,0.594,3.089,0.525
8397,0,0.766,2.019,0.338
8398,0,0.57,3.209,0.539
8399,0,0.773,2.082,0.342
8400,0,0.75,2.179,0.352
8401,0,0.723,2.351,0.378
8402,0,0.594,3.08,0.481
8403,0,0.363,4.872,0.724
8404,0,0.578,3.112,0.517
8405,0,0.555,3.154,0.574
8406,0,0.727,2.458,0.4
8407,0,0.789,1.922,0.319
8408,0,0.633,2.881,0.456
8409,0,0.555,3.294,0.546
8410,0,0.719,2.381,0.415
8411,0,0.695,2.502,0.417
8412,0,0.57,3.291,0.534
8413,0,0.512,3.593,0.577
8414,0,0.664,2.511,0.437
8415,0,0.594,2.999,0.497
8416,0,0.508,3.528,0.594
8417,0,0.656,2.699,0.461
8418,0,0.695,2.455,0.396
8419,0,0.742,2.1,0.354
8420,0,0.551,3.223,0.545
8421,0,0.457,3.928,0.641
8422,0,0.656,2.405,0.421
8423,0,0.707,2.316,0.396
8424,0,0.516,3.408,0.575
8425,0,0.645,2.648,0.447
8426,0,0.391,4.457,0.7
8427,0,0.711,2.263,0.393
8428,0,0.781,2.004,0.323
8429,0,0.621,3.051,0.518
8430,0,0.77,1.84,0.342
8431,0,0.754,2.11,0.366
8432,0,0.562,3.198,0.539
8433,0,0.512,3.618,0.592
8434,0,0.766,1.964,0.343
8435,0,0.738,2.245,0.364
8436,0,0.637,2.918,0.456
8437,0,0.508,3.578,0.591
8438,0,1.008,1.388,0.121
8439,0,0.477,3.839,0.622
8440,0,0.605,2.95,0.497
8441,0,0.703,2.316,0.409
8442,0,0.727,2.284,0.383
8443,0,0.629,2.951,0.481
8444,0,0.516,3.605,0.577
8445,0,0.859,1.456,0.217
8446,0,0.801,1.884,0.336
8447,0,0.781,1.867,0.334
8448,0,0.582,3.181,0.527
8449,0,0.711,2.169,0.371
8450,0,0.734,2.453,0.399
8451,0,0.621,2.901,0.471
8452,0,0.512,3.663,0.592
8453,0,0.527,3.487,0.566
8454,0,0.52,3.606,0.559
8455,0,0.652,2.76,0.454
8456,0,0.656,2.538,0.443
8457,0,0.773,2.096,0.324
8458,0,0.762,1.994,0.319
8459,0,0.656,2.695,0.448
8460,0,0.512,3.757,0.602
8461,0,0.758,2.119,0.358
8462,0,0.742,2.114,0.372
8463,0,0.391,4.258,0.703
8464,0,0.629,2.617,0.568
8465,0,0.656,2.796,0.458
8466,0,0.613,2.929,0.502
8467,0,0.758,2.035,0.335
8468,0,0.547,3.473,0.568
8469,0,0.801,1.934,0.309
8470,0,0.664,2.644,0.449
8471,0,0.578,3.184,0.542
8472,0,0.641,2.623,0.456
8473,0,0.531,3.409,0.563
8474,0,0.594,2.96,0.508
8475,0,0.641,2.873,0.474
8476,0,0.656,2.633,0.47
8477,0,0.34,4.778,0.748
8478,0,0.375,4.239,0.669
8479,0,0.621,2.895,0.48
8480,0,0.457,3.791,0.645
8481,0,0.742,2.21,0.374
8482,0,0.758,1.937,0.355
8483,0,0.5,3.565,0.604
8484,0,0.664,2.663,0.445
8485,0,0.695,2.469,0.408
8486,0,0.613,2.96,0.486
8487,0,0.57,3.24,0.54
8488,0,0.594,2.928,0.493
8489,0,0.461,3.81,0.627
8490,0,0.727,2.146,0.38
8491,0,0.777,1.902,0.318
8492,0,0.586,3.118,0.501
8493,0,0.523,3.457,0.581
8494,0,0.766,2.04,0.322
8495,0,0.332,4.724,0.738
8496,0,0.66,2.534,0.432
8497,0,0.559,3.226,0.536
8498,0,0.789,1.896,0.323
8499,0,0.535,3.446,0.578
8500,0,0.773,1.77,0.325
8501,0,0.648,2.688,0.458
8502,0,0.605,2.98,0.513
8503,0,0.547,3.471,0.557
8504,0,0.73,2.235,0.363
8505,0,0.797,1.721,0.315
8506,0,0.719,2.386,0.378
8507,0,0.723,2.241,0.394
8508,0,0.664,2.771,0.428
8509,0,0.504,3.537,0.574
8510,0,0.711,2.49,0.405
8511,0,0.617,3.064,0.481
8512,0,0.547,3.357,0.556
8513,0,0.629,2.843,0.494
8514,0,0.793,2.017,0.313
8515,0,0.598,2.992,0.497
8516,0,0.797,1.827,0.32
8517,0,0.672,2.712,0.44
8518,0,0.652,2.755,0.444
8519,0,0.57,3.304,0.539
8520,0,0.586,2.869,0.495
8521,0,0.547,3.262,0.557
8522,0,0.664,2.696,0.445
8523,0,0.766,2.08,0.342
8524,0,0.719,2.472,0.419
8525,0,0.781,1.969,0.311
8526,0,0.531,3.375,0.571
8527,0,0.789,1.942,0.282
8528,0,0.547,3.433,0.548
8529,0,0.758,2.196,0.307
8530,0,0.641,2.751,0.456
8531,0,0.605,2.911,0.502
8532,0,0.859,1.545,0.242
8533,0,0.48,3.713,0.606
8534,0,0.734,2.218,0.385
8535,0,0.727,2.242,0.367
8536,0,0.73,2.349,0.365
8537,0,0.75,2.232,0.35
8538,0,0.613,3.028,0.486
8539,0,0.594,3.23,0.526
8540,0,0.496,3.687,0.591
8541,0,0.375,4.545,0.709
8542,0,0.633,2.749,0.442
8543,0,0.641,2.791,0.475
8544,0,0.82,1.734,0.316
8545,0,0.684,2.367,0.394
8546,0,0.734,2.216,0.365
8547,0,0.758,2.232,0.346
8548,0,0.559,3.161,0.53
8549,0,0.727,2.187,0.375
8550,0,0.68,2.473,0.443
8551,0,0.969,1.501,0.133
8552,0,0.598,3.127,0.532
8553,0,0.484,3.795,0.611
8554,0,0.625,2.665,0.457
8555,0,0.531,3.562,0.581
8556,0,0.633,2.454,0.399
8557,0,0.625,2.782,0.469
8558,0,0.809,1.665,0.282
8559,0,0.734,2.219,0.368
8560,0,0.668,2.721,0.439
8561,0,0.812,1.919,0.317
8562,0,0.711,2.474,0.389
8563,0,0.711,2.147,0.371
8564,0,0.602,2.81,0.472
8565,0,0.605,2.983,0.498
8566,0,0.559,3.279,0.527
8567,0,0.617,2.839,0.483
8568,0,0.562,3.198,0.526
8569,0,0.602,3.104,0.513
8570,0,0.719,2.372,0.369
8571,0,0.438,3.931,0.658
8572,0,0.773,2.053,0.339
8573,0,0.711,2.288,0.403
8574,0,0.477,3.665,0.633
8575,0,0.711,2.341,0.402
8576,0,0.75,2.121,0.356
8577,0,0.594,3.067,0.508
8578,0,0.566,3.21,0.53
8579,0,0.633,3.066,0.48
8580,0,0.645,2.715,0.459
8581,0,0.645,2.593,0.449
8582,0,0.68,2.585,0.444
8583,0,0.812,1.758,0.278
8584,0,0.555,3.216,0.535
8585,0,0.777,1.954,0.329
8586,0,0.648,2.705,0.439
8587,0,0.578,3.241,0.523
8588,0,0.703,2.538,0.406
8589,0,0.527,3.406,0.548
8590,0,0.73,2.187,0.356
8591,0,0.773,1.854,0.327
8592,0,0.66,2.596,0.444
8593,0,0.539,3.367,0.553
8594,0,0.648,2.799,0.457
8595,0,0.723,2.265,0.398
8596,0,0.75,2.119,0.367
8597,0,0.594,3.118,0.51
8598,0,0.539,3.454,0.579
8599,0,0.516,3.38,0.592
8600,0,0.641,2.986,0.474
8601,0,0.617,2.878,0.488
8602,0,0.746,1.917,0.339
8603,0,0.586,3.099,0.528
8604,0,0.766,2.248,0.328
8605,0,0.719,2.316,0.385
8606,0,0.621,2.615,0.451
8607,0,0.703,2.415,0.404
8608,0,0.516,3.611,0.589
8609,0,0.664,2.515,0.423
8610,0,0.566,3.253,0.539
8611,0,0.66,2.437,0.442
8612,0,0.75,2.116,0.345
8613,0,0.805,1.766,0.286
8614,0,0.68,2.464,0.439
8615,0,0.66,2.753,0.421
8616,0,0.719,2.423,0.362
8617,0,0.656,2.806,0.443
8618,0,0.484,3.771,0.623
8619,0,0.396,4.312,0.706
8620,0,0.629,2.821,0.481
8621,0,0.625,2.989,0.494
8622,0,0.637,2.746,0.444
8623,0,0.641,2.827,0.472
8624,0,0.855,1.663,0.241
8625,0,0.463,3.87,0.62
8626,0,0.883,2.239,0.316
8627,0,0.664,2.538,0.434
8628,0,0.688,2.452,0.417
8629,0,0.641,2.599,0.468
8630,0,0.656,2.511,0.455
8631,0,0.625,2.985,0.489
8632,0,0.73,2.232,0.381
8633,0,0.703,2.479,0.415
8634,0,0.633,2.698,0.463
8635,0,0.652,2.747,0.447
8636,0,0.59,2.844,0.457
8637,0,0.75,1.945,0.374
8638,0,0.707,2.29,0.392
8639,0,0.574,3.138,0.53
8640,0,0.719,2.211,0.397
8641,0,0.727,2.155,0.358
8642,0,0.727,2.078,0.37
8643,0,0.789,1.994,0.323
8644,0,0.727,2.258,0.392
8645,0,0.5,3.614,0.581
8646,0,0.934,1.461,0.171
8647,0,0.594,3.15,0.528
8648,0,0.547,3.209,0.553
8649,0,0.742,2.251,0.356
8650,0,0.777,2.107,0.324
8651,0,0.609,2.863,0.48
8652,0,0.586,3.066,0.506
8653,0,0.609,3.0,0.506
8654,0,0.68,2.496,0.437
8655,0,0.695,2.324,0.387
8656,0,0.688,2.459,0.411
8657,0,0.781,1.898,0.343
8658,0,0.695,2.571,0.391
8659,0,0.586,3.054,0.501
8660,0,0.672,2.584,0.433
8661,0,0.543,3.211,0.509
8662,0,0.562,3.369,0.527
8663,0,0.633,2.736,0.462
8664,0,0.688,2.296,0.433
8665,0,0.719,2.461,0.406
8666,0,0.498,3.689,0.601
8667,0,0.664,2.5,0.42
8668,0,0.734,2.152,0.369
8669,0,0.711,2.129,0.373
8670,0,0.656,2.691,0.446
8671,0,0.539,3.361,0.552
8672,0,0.492,3.678,0.6
8673,0,0.695,2.388,0.424
8674,0,0.66,2.7,0.423
8675,0,0.75,2.194,0.356
8676,0,0.547,3.266,0.548
8677,0,0.578,3.09,0.513
8678,0,0.672,2.579,0.44
8679,0,0.555,3.288,0.539
8680,0,0.586,3.071,0.493
8681,0,0.645,2.724,0.437
8682,0,0.637,2.894,0.477
8683,0,0.68,2.535,0.419
8684,0,0.434,4.07,0.66
8685,0,0.637,2.78,0.47
8686,0,0.523,3.536,0.576
8687,0,0.461,2.889,0.621
8688,0,0.688,2.489,0.41
8689,0,0.695,2.314,0.417
8690,0,0.594,3.016,0.513
8691,0,0.512,3.448,0.592
8692,0,0.664,2.792,0.449
8693,0,0.719,2.235,0.425
8694,0,0.672,2.566,0.454
8695,0,0.68,2.506,0.405
8696,0,0.777,2.05,0.359
8697,0,0.547,3.328,0.535
8698,0,0.676,2.656,0.427
8699,0,0.539,3.383,0.55
8700,0,0.562,3.256,0.525
8701,0,0.602,2.972,0.505
8702,0,0.742,2.301,0.366
8703,0,0.727,2.305,0.381
8704,0,0.766,1.962,0.326
8705,0,0.738,2.211,0.368
8706,0,0.609,2.972,0.503
8707,0,0.695,2.458,0.394
8708,0,0.441,4.103,0.644
8709,0,0.688,2.628,0.437
8710,0,0.453,3.87,0.623
8711,0,0.676,2.675,0.423
8712,0,0.734,2.328,0.386
8713,0,0.539,3.354,0.576
8714,0,0.73,2.287,0.389
8715,0,0.695,2.515,0.399
8716,0,0.762,2.093,0.374
8717,0,0.594,3.021,0.509
8718,0,0.641,2.767,0.438
8719,0,0.695,2.386,0.395
8720,0,0.684,2.603,0.429
8721,0,0.734,2.217,0.391
8722,0,0.57,3.227,0.538
8723,0,0.707,2.438,0.413
8724,0,0.586,3.24,0.499
8725,0,0.703,2.373,0.412
8726,0,0.531,3.438,0.582
8727,0,0.578,3.25,0.518
8728,0,0.656,2.698,0.449
8729,0,0.547,3.458,0.545
8730,0,0.479,3.959,0.631
8731,0,0.672,2.568,0.426
8732,0,0.578,3.157,0.526
8733,0,0.645,2.74,0.45
8734,0,0.805,1.785,0.315
8735,0,0.664,2.642,0.433
8736,0,0.594,3.058,0.502
8737,0,0.723,2.238,0.373
8738,0,0.422,4.281,0.668
8739,0,0.5,3.649,0.6
8740,0,0.766,1.865,0.341
8741,0,0.773,1.854,0.335
8742,0,0.727,2.246,0.387
8743,0,0.734,2.23,0.352
8744,0,0.902,1.6,0.218
8745,0,0.816,1.858,0.278
8746,0,0.672,2.485,0.441
8747,0,0.578,3.28,0.53
8748,0,0.719,2.244,0.394
8749,0,0.613,2.926,0.495
8750,0,0.609,2.946,0.47
8751,0,0.594,3.08,0.514
8752,0,0.691,2.372,0.414
8753,0,0.664,2.687,0.452
8754,0,0.508,3.572,0.591
8755,0,0.609,3.057,0.488
8756,0,0.75,2.132,0.357
8757,0,0.668,2.726,0.446
8758,0,0.664,2.716,0.441
8759,0,0.598,3.065,0.506
8760,0,0.371,4.306,0.713
8761,0,0.695,2.505,0.403
8762,0,0.805,1.703,0.269
8763,0,0.699,2.507,0.402
8764,0,0.652,2.641,0.437
8765,0,0.602,2.87,0.465
8766,0,0.582,3.182,0.526
8767,0,0.609,3.026,0.516
8768,0,0.492,3.735,0.594
8769,0,0.652,2.736,0.447
8770,0,0.664,2.626,0.437
8771,0,0.629,2.834,0.473
8772,0,0.719,2.394,0.394
8773,0,0.656,2.688,0.444
8774,0,0.551,3.031,0.512
8775,0,0.617,2.891,0.48
8776,0,0.625,2.819,0.5
8777,0,0.555,3.465,0.571
8778,0,0.734,2.189,0.391
8779,0,0.742,2.055,0.34
8780,0,0.727,2.178,0.385
8781,0,0.664,2.615,0.42
8782,0,0.621,2.977,0.493
8783,0,0.688,2.629,0.422
8784,0,0.469,3.871,0.63
8785,0,0.711,2.465,0.397
8786,0,0.531,3.628,0.558
8787,0,0.68,2.527,0.444
8788,0,0.742,2.086,0.347
8789,0,0.574,3.286,0.55
8790,0,0.766,2.005,0.323
8791,0,0.699,2.543,0.419
8792,0,0.648,2.797,0.46
8793,0,0.734,2.098,0.329
8794,0,0.625,2.88,0.491
8795,0,0.664,2.582,0.459
8796,0,0.605,3.07,0.494
8797,0,0.539,3.514,0.566
8798,0,0.699,2.435,0.423
8799,0,0.734,2.216,0.382
8800,0,0.625,2.783,0.446
8801,0,0.715,2.286,0.383
8802,0,0.617,2.897,0.497
8803,0,0.742,2.233,0.35
8804,0,0.75,1.797,0.374
8805,0,0.781,2.032,0.331
8806,0,0.742,2.302,0.39
8807,0,0.617,2.958,0.491
8808,0,0.68,2.409,0.404
8809,0,0.473,3.897,0.633
8810,0,0.555,3.151,0.54
8811,0,0.461,3.891,0.624
8812,0,0.609,3.067,0.503
8813,0,0.535,3.452,0.551
8814,0,0.598,3.092,0.487
8815,0,0.742,2.228,0.36
8816,0,0.672,2.766,0.432
8817,0,0.707,2.459,0.408
8818,0,0.672,2.617,0.434
8819,0,0.609,2.971,0.494
8820,0,0.652,2.425,0.408
8821,0,0.648,2.821,0.451
8822,0,0.508,3.525,0.607
8823,0,0.523,3.634,0.57
8824,0,0.664,2.683,0.438
8825,0,0.668,2.518,0.419
8826,0,0.742,2.2,0.349
8827,0,0.586,2.997,0.506
8828,0,0.641,2.83,0.485
8829,0,0.746,2.299,0.37
8830,0,0.562,3.323,0.554
8831,0,0.652,2.791,0.45
8832,0,0.758,2.018,0.335
8833,0,0.688,2.373,0.421
8834,0,0.578,3.301,0.531
8835,0,0.406,4.348,0.652
8836,0,0.672,2.499,0.439
8837,0,0.645,2.756,0.451
8838,0,0.773,1.906,0.297
8839,0,0.66,2.698,0.439
8840,0,0.535,3.41,0.558
8841,0,0.672,2.678,0.446
8842,0,0.664,2.433,0.416
8843,0,0.684,2.489,0.421
8844,0,0.609,2.959,0.488
8845,0,0.691,2.558,0.386
8846,0,0.77,2.056,0.331
8847,0,0.602,2.94,0.481
8848,0,0.734,2.311,0.375
8849,0,0.758,1.883,0.333
8850,0,0.691,2.465,0.44
8851,0,0.688,2.582,0.432
8852,0,0.699,2.42,0.428
8853,0,0.555,3.386,0.531
8854,0,0.68,2.621,0.42
8855,0,0.48,3.781,0.603
8856,0,0.539,3.362,0.55
8857,0,0.52,3.581,0.578
8858,0,0.598,2.943,0.499
8859,0,0.691,2.438,0.41
8860,0,0.543,3.316,0.54
8861,0,0.408,4.205,0.689
8862,0,0.688,2.436,0.432
8863,0,0.789,2.013,0.326
8864,0,0.486,3.714,0.599
8865,0,0.832,1.728,0.237
8866,0,0.797,1.487,0.235
8867,0,0.633,2.907,0.513
8868,0,0.547,3.499,0.555
8869,0,0.49,3.859,0.611
8870,0,0.727,2.23,0.396
8871,0,0.531,3.499,0.561
8872,0,0.574,3.118,0.531
8873,0,0.738,2.165,0.388
8874,0,0.602,3.052,0.501
8875,0,0.562,3.168,0.534
8876,0,0.691,2.439,0.397
8877,0,0.621,2.912,0.488
8878,0,0.637,2.711,0.453
8879,0,0.82,1.604,0.273
8880,0,0.742,2.129,0.346
8881,0,0.574,3.382,0.518
8882,0,0.551,3.245,0.537
8883,0,0.539,3.481,0.555
8884,0,0.5,3.579,0.589
8885,0,0.691,2.344,0.404
8886,0,0.586,2.681,0.537
8887,0,0.418,3.979,0.67
8888,0,0.512,3.565,0.585
8889,0,0.523,3.666,0.568
8890,0,0.523,3.486,0.56
8891,0,0.758,2.03,0.353
8892,0,0.602,3.008,0.499
8893,0,0.625,2.749,0.493
8894,0,0.734,2.124,0.353
8895,0,0.688,2.461,0.436
8896,0,0.562,3.361,0.538
8897,0,0.742,2.241,0.348
8898,0,0.742,2.16,0.362
8899,0,0.703,2.417,0.415
8900,0,0.551,3.39,0.554
8901,0,0.734,2.135,0.363
8902,0,0.781,1.92,0.303
8903,0,0.449,3.968,0.644
8904,0,0.648,2.664,0.463
8905,0,0.754,2.112,0.352
8906,0,0.723,2.319,0.382
8907,0,0.609,2.853,0.489
8908,0,0.492,3.735,0.608
8909,0,0.758,2.125,0.359
8910,0,0.488,3.918,0.616
8911,0,0.621,2.811,0.47
8912,0,0.695,2.516,0.426
8913,0,0.805,1.675,0.281
8914,0,0.785,1.889,0.32
8915,0,0.742,2.017,0.35
8916,0,0.598,3.038,0.486
8917,0,0.562,3.09,0.532
8918,0,0.781,2.112,0.35
8919,0,0.75,2.064,0.34
8920,0,0.734,2.289,0.367
8921,0,0.648,2.678,0.449
8922,0,0.746,2.088,0.353
8923,0,0.582,3.137,0.514
8924,0,0.695,2.51,0.414
8925,0,0.633,2.701,0.446
8926,0,0.605,2.861,0.483
8927,0,0.602,2.978,0.493
8928,0,0.582,3.039,0.51
8929,0,0.457,3.865,0.638
8930,0,0.645,2.869,0.453
8931,0,0.455,3.958,0.628
8932,0,0.801,1.784,0.306
8933,0,0.641,2.606,0.452
8934,0,0.797,1.838,0.308
8935,0,0.52,3.343,0.581
8936,0,0.68,2.557,0.418
8937,0,0.621,3.069,0.485
8938,0,0.617,2.961,0.478
8939,0,0.531,3.35,0.546
8940,0,0.559,3.279,0.522
8941,0,0.656,2.592,0.425
8942,0,0.641,2.771,0.463
8943,0,0.609,2.796,0.501
8944,0,0.594,3.029,0.519
8945,0,0.637,2.745,0.463
8946,0,0.68,2.526,0.413
8947,0,0.711,2.36,0.377
8948,0,0.621,2.823,0.473
8949,0,0.637,2.667,0.459
8950,0,0.727,2.227,0.351
8951,0,0.785,1.758,0.302
8952,0,0.492,3.62,0.608
8953,0,0.805,2.018,0.317
8954,0,0.672,2.574,0.436
8955,0,0.48,3.705,0.605
8956,0,1.227,1.192,0.076
8957,0,0.734,2.21,0.353
8958,0,0.723,2.291,0.373
8959,0,0.719,2.975,0.458
8960,0,0.609,2.744,0.487
8961,0,0.734,2.027,0.372
8962,0,0.727,2.173,0.371
8963,0,0.695,2.466,0.405
8964,0,0.695,2.473,0.401
8965,0,0.555,3.344,0.537
8966,0,0.75,2.187,0.372
8967,0,0.498,3.679,0.593
8968,0,0.57,3.063,0.533
8969,0,0.605,3.009,0.502
8970,0,0.469,3.909,0.627
8971,0,0.688,2.511,0.423
8972,0,0.699,2.351,0.396
8973,0,0.75,1.954,0.33
8974,0,0.625,2.845,0.456
8975,0,0.711,2.23,0.377
8976,0,0.66,2.68,0.44
8977,0,0.594,3.065,0.499
8978,0,0.488,3.584,0.606
8979,0,0.48,3.856,0.614
8980,0,0.496,3.669,0.612
8981,0,0.781,1.741,0.286
8982,0,0.633,2.809,0.489
8983,0,0.664,2.688,0.448
8984,0,0.812,1.891,0.314
8985,0,0.578,3.106,0.526
8986,0,0.625,2.918,0.474
8987,0,0.711,2.475,0.417
8988,0,0.457,3.845,0.627
8989,0,0.586,3.165,0.528
8990,0,0.734,2.37,0.385
8991,0,0.369,4.64,0.704
8992,0,0.672,2.434,0.411
8993,0,0.5,3.663,0.595
8994,0,0.664,2.523,0.434
8995,0,0.535,3.553,0.553
8996,0,0.625,2.972,0.475
8997,0,0.734,2.068,0.363
8998,0,0.699,2.304,0.384
8999,0,0.609,2.928,0.482
9000,0,0.707,2.503,0.401
9001,0,0.531,3.61,0.562
9002,0,0.688,2.285,0.41
9003,0,0.711,2.402,0.407
9004,0,0.602,2.925,0.508
9005,0,0.73,2.208,0.371
9006,0,0.676,2.595,0.429
9007,0,0.672,2.429,0.423
9008,0,0.746,2.02,0.392
9009,0,0.578,3.06,0.505
9010,0,0.484,3.695,0.615
9011,0,0.555,3.178,0.537
9012,0,0.453,4.015,0.658
9013,0,0.73,2.179,0.375
9014,0,0.402,4.224,0.679
9015,0,0.641,2.86,0.461
9016,0,0.516,3.541,0.594
9017,0,0.652,2.727,0.461
9018,0,0.703,2.506,0.406
9019,0,0.75,2.274,0.355
9020,0,0.629,2.72,0.495
9021,0,0.734,2.351,0.36
9022,0,0.688,2.408,0.417
9023,0,0.43,4.161,0.662
9024,0,0.516,3.703,0.571
9025,0,0.578,3.177,0.514
9026,0,0.465,3.837,0.623
9027,0,0.809,1.813,0.284
9028,0,0.754,2.123,0.361
9029,0,0.695,2.507,0.401
9030,0,0.539,3.472,0.584
9031,0,0.57,3.208,0.537
9032,0,0.715,2.279,0.398
9033,0,0.449,3.92,0.644
9034,0,1.266,1.604,0.311
9035,0,0.773,2.07,0.342
9036,0,0.453,3.968,0.643
9037,0,0.715,2.226,0.382
9038,0,0.453,3.944,0.625
9039,0,0.582,3.174,0.519
9040,0,0.82,1.726,0.277
9041,0,0.57,3.141,0.53
9042,0,0.723,2.371,0.383
9043,0,0.562,3.385,0.542
9044,0,0.512,3.572,0.59
9045,0,0.535,3.493,0.562
9046,0,0.57,3.088,0.519
9047,0,0.562,3.296,0.527
9048,0,0.602,3.208,0.496
9049,0,0.465,3.954,0.627
9050,0,0.594,3.033,0.509
9051,0,0.625,2.823,0.467
9052,0,0.715,2.289,0.374
9053,0,0.559,3.26,0.528
9054,0,0.73,2.22,0.368
9055,0,0.613,2.834,0.469
9056,0,0.629,2.731,0.462
9057,0,0.52,3.573,0.57
9058,0,0.516,3.698,0.591
9059,0,0.43,3.985,0.666
9060,0,0.516,3.537,0.576
9061,0,0.578,3.043,0.607
9062,0,0.602,3.001,0.511
9063,0,0.719,2.347,0.381
9064,0,0.609,3.006,0.501
9065,0,0.664,2.646,0.435
9066,0,0.695,2.414,0.407
9067,0,0.535,3.277,0.542
9068,0,0.742,1.987,0.353
9069,0,0.781,2.054,0.341
9070,0,0.512,3.638,0.585
9071,0,0.609,2.968,0.478
9072,0,0.758,2.096,0.356
9073,0,0.559,3.239,0.522
9074,0,0.469,3.619,0.585
9075,0,0.516,2.33,0.596
9076,0,0.758,2.076,0.365
9077,0,0.617,2.919,0.492
9078,0,0.668,2.747,0.415
9079,0,0.633,2.891,0.482
9080,0,0.59,3.068,0.514
9081,0,0.715,2.391,0.373
9082,0,0.555,3.438,0.564
9083,0,0.664,2.66,0.453
9084,0,0.516,3.683,0.574
9085,0,0.754,2.075,0.346
9086,0,0.535,3.424,0.568
9087,0,0.859,1.538,0.26
9088,0,0.475,3.883,0.628
9089,0,0.727,2.268,0.381
9090,0,0.648,2.609,0.435
9091,0,0.633,2.916,0.453
9092,0,0.531,3.439,0.56
9093,0,0.703,2.461,0.414
9094,0,0.711,2.271,0.373
9095,0,0.801,1.789,0.327
9096,0,0.797,1.763,0.311
9097,0,0.574,3.214,0.518
9098,0,0.609,3.064,0.497
9099,0,0.598,2.885,0.498
9100,0,0.734,2.144,0.36
9101,0,0.66,2.736,0.461
9102,0,0.434,4.049,0.648
9103,0,0.719,2.391,0.408
9104,0,0.555,3.13,0.558
9105,0,0.59,3.119,0.516
9106,0,0.656,2.641,0.463
9107,0,0.688,2.479,0.423
9108,0,0.664,2.589,0.435
9109,0,0.828,1.705,0.284
9110,0,0.625,3.175,0.491
9111,0,0.734,2.104,0.36
9112,1,0.543,3.395,0.557
9113,1,0.648,2.773,0.471
9114,1,0.477,4.003,0.638
9115,1,0.664,2.662,0.433
9116,1,0.656,2.703,0.45
9117,1,0.578,3.078,0.555
9118,1,0.496,3.666,0.606
9119,1,0.711,2.29,0.383
9120,1,0.746,2.211,0.373
9121,1,0.547,3.438,0.572
9122,1,0.504,3.661,0.603
9123,1,0.445,3.799,0.632
9124,1,0.523,3.565,0.582
9125,1,0.711,2.173,0.392
9126,1,0.59,3.183,0.497
9127,1,0.734,2.167,0.363
9128,1,0.742,2.288,0.399
9129,1,0.801,1.863,0.298
9130,1,0.688,2.574,0.427
9131,1,0.684,2.534,0.429
9132,1,0.66,2.758,0.453
9133,1,0.746,2.21,0.355
9134,1,0.719,2.237,0.408
9135,1,0.562,2.995,0.518
9136,1,0.68,2.482,0.438
9137,1,0.66,2.626,0.429
9138,1,0.668,2.673,0.411
9139,1,0.57,3.25,0.533
9140,1,0.609,2.929,0.479
9141,1,0.586,3.205,0.53
9142,1,0.633,2.888,0.493
9143,1,0.609,3.004,0.497
9144,1,0.645,2.839,0.443
9145,1,0.707,2.418,0.394
9146,1,0.594,2.971,0.493
9147,1,0.703,2.499,0.418
9148,1,0.428,4.036,0.665
9149,1,0.629,2.876,0.489
9150,1,0.68,2.434,0.433
9151,1,0.68,2.669,0.426
9152,1,0.531,3.422,0.577
9153,1,0.625,2.907,0.497
9154,1,0.723,2.288,0.387
9155,1,0.516,3.562,0.572
9156,1,0.57,3.183,0.536
9157,1,0.508,3.582,0.583
9158,1,0.656,2.683,0.459
9159,1,0.555,3.219,0.521
9160,1,0.742,2.289,0.346
9161,1,0.719,2.389,0.394
9162,1,0.641,2.871,0.456
9163,1,0.547,3.446,0.541
9164,1,0.508,3.751,0.613
9165,1,0.465,3.995,0.626
9166,1,0.719,2.392,0.364
9167,1,0.809,1.72,0.3
9168,1,0.586,2.856,0.512
9169,1,0.684,2.717,0.44
9170,1,0.602,3.022,0.496
9171,1,0.672,2.625,0.441
9172,1,0.57,3.2,0.56
9173,1,0.432,4.273,0.68
9174,1,0.754,2.151,0.359
9175,1,0.797,1.872,0.326
9176,1,0.508,3.611,0.593
9177,1,0.691,2.346,0.389
9178,1,0.773,2.352,0.367
9179,1,0.617,3.141,0.52
9180,1,0.688,2.409,0.424
9181,1,0.482,3.711,0.603
9182,1,0.605,2.971,0.523
9183,1,0.727,2.098,0.373
9184,1,0.633,2.729,0.434
9185,1,0.465,3.937,0.632
9186,1,0.445,4.047,0.637
9187,1,0.508,3.63,0.578
9188,1,0.594,2.978,0.513
9189,1,0.594,3.075,0.517
9190,1,0.727,2.206,0.385
9191,1,0.59,3.094,0.504
9192,1,0.656,2.538,0.451
9193,1,0.629,2.864,0.466
9194,1,0.707,2.289,0.388
9195,1,0.438,4.227,0.665
9196,1,0.773,2.078,0.309
9197,1,0.633,2.802,0.463
9198,1,0.617,2.91,0.499
9199,1,0.656,2.58,0.447
9200,1,0.723,2.158,0.393
9201,1,0.527,3.606,0.551
9202,1,0.625,2.768,0.46
9203,1,0.656,2.741,0.454
9204,1,0.641,2.678,0.465
9205,1,0.578,3.016,0.5
9206,1,0.719,2.272,0.383
9207,1,0.594,2.988,0.491
9208,1,0.494,3.659,0.591
9209,1,0.738,2.068,0.354
9210,1,0.805,1.802,0.319
9211,1,0.68,2.703,0.428
9212,1,0.711,2.295,0.394
9213,1,0.594,2.991,0.502
9214,1,0.477,3.801,0.617
9215,1,0.598,2.956,0.504
9216,1,0.715,2.4,0.369
9217,1,0.742,2.183,0.347
9218,1,0.508,3.557,0.573
9219,1,0.66,2.576,0.426
9220,1,0.641,2.725,0.45
9221,1,0.746,2.084,0.35
9222,1,0.602,2.96,0.505
9223,1,0.621,3.019,0.474
9224,1,0.742,2.047,0.358
9225,1,0.629,2.72,0.47
9226,1,0.656,2.685,0.427
9227,1,0.656,2.589,0.435
9228,1,0.473,3.786,0.633
9229,1,0.539,3.337,0.557
9230,1,0.645,2.739,0.446
9231,1,0.613,2.878,0.459
9232,1,0.602,3.073,0.506
9233,1,0.73,2.337,0.396
9234,1,0.672,2.58,0.437
9235,1,0.637,2.769,0.497
9236,1,0.586,2.984,0.502
9237,1,0.625,2.751,0.479
9238,1,0.719,2.237,0.39
9239,1,0.688,2.551,0.402
9240,1,0.656,2.781,0.463
9241,1,0.5,3.7,0.608
9242,1,0.59,3.007,0.485
9243,1,0.566,3.277,0.542
9244,1,0.492,3.528,0.591
9245,1,0.594,2.985,0.506
9246,1,0.719,2.445,0.391
9247,1,0.582,3.167,0.503
9248,1,0.688,2.4,0.392
9249,1,0.641,2.682,0.449
9250,1,0.516,3.497,0.588
9251,1,0.453,3.846,0.624
9252,1,0.586,3.113,0.511
9253,1,0.539,3.39,0.571
9254,1,0.516,3.477,0.585
9255,1,0.527,3.473,0.567
9256,1,0.652,2.717,0.447
9257,1,0.539,3.36,0.557
9258,1,0.582,2.674,0.51
9259,1,0.609,2.99,0.501
9260,1,0.486,3.741,0.622
9261,1,0.75,2.236,0.416
9262,1,0.562,3.331,0.529
9263,1,0.742,2.224,0.368
9264,1,0.684,2.459,0.426
9265,1,0.648,2.637,0.458
9266,1,0.617,2.792,0.481
9267,1,0.547,3.333,0.555
9268,1,0.68,2.629,0.421
9269,1,0.543,3.258,0.569
9270,1,0.688,2.454,0.411
9271,1,0.77,1.885,0.327
9272,1,0.711,2.406,0.406
9273,1,0.562,3.147,0.522
9274,1,0.797,1.78,0.305
9275,1,0.727,2.216,0.383
9276,1,0.672,2.718,0.444
9277,1,0.738,2.268,0.387
9278,1,0.531,3.558,0.568
9279,1,0.605,3.023,0.484
9280,1,0.75,1.928,0.346
9281,1,0.406,4.336,0.665
9282,1,0.598,2.939,0.499
9283,1,0.387,4.607,0.688
9284,1,0.758,2.05,0.344
9285,1,0.766,1.973,0.327
9286,1,0.688,2.63,0.414
9287,1,0.719,2.378,0.397
9288,1,0.645,2.72,0.475
9289,1,0.742,2.221,0.369
9290,1,0.75,2.074,0.38
9291,1,0.734,2.287,0.36
9292,1,0.781,1.801,0.315
9293,1,0.559,3.448,0.533
9294,1,0.633,2.693,0.456
9295,1,0.301,5.13,0.767
9296,1,0.633,2.804,0.488
9297,1,0.523,3.58,0.565
9298,1,0.629,2.905,0.474
9299,1,0.75,2.08,0.401
9300,1,0.641,2.89,0.464
9301,1,0.609,3.022,0.489
9302,1,0.688,2.444,0.416
9303,1,0.602,2.896,0.487
9304,1,0.586,3.151,0.503
9305,1,0.633,2.76,0.468
9306,1,0.441,4.08,0.653
9307,1,0.609,2.973,0.503
9308,1,0.602,2.976,0.509
9309,1,0.688,2.452,0.439
9310,1,0.727,2.086,0.405
9311,1,0.594,2.973,0.488
9312,1,0.672,2.601,0.458
9313,1,0.719,2.268,0.408
9314,1,0.676,2.564,0.424
9315,1,0.578,3.201,0.547
9316,1,0.531,3.581,0.575
9317,1,0.641,2.857,0.451
9318,1,0.562,3.243,0.537
9319,1,0.504,3.597,0.592
9320,1,0.66,2.61,0.44
9321,1,0.602,3.068,0.498
9322,1,0.559,3.346,0.575
9323,1,0.5,3.533,0.589
9324,1,0.562,3.293,0.534
9325,1,0.656,2.863,0.441
9326,1,0.727,2.21,0.379
9327,1,0.719,2.153,0.372
9328,1,0.711,2.33,0.42
9329,1,0.75,2.063,0.327
9330,1,0.586,3.154,0.511
9331,1,0.428,4.023,0.653
9332,1,0.586,3.008,0.507
9333,1,0.645,2.846,0.453
9334,1,0.68,2.524,0.431
9335,1,0.66,2.636,0.43
9336,1,0.734,2.197,0.357
9337,1,0.645,2.66,0.451
9338,1,0.812,1.812,0.293
9339,1,0.449,3.889,0.63
9340,1,0.609,2.992,0.48
9341,1,0.496,3.834,0.626
9342,1,0.652,2.611,0.444
9343,1,0.633,2.829,0.485
9344,1,0.578,3.328,0.53
9345,1,0.535,3.445,0.58
9346,1,0.656,2.582,0.425
9347,1,0.738,2.163,0.368
9348,1,0.594,3.252,0.513
9349,1,0.641,2.682,0.46
9350,1,0.496,3.725,0.613
9351,1,0.762,1.942,0.314
9352,1,0.49,3.786,0.607
9353,1,0.656,2.7,0.428
9354,1,0.523,3.558,0.572
9355,1,0.57,3.14,0.536
9356,1,0.68,2.394,0.394
9357,1,0.625,3.047,0.489
9358,1,0.555,3.41,0.543
9359,1,0.711,2.255,0.39
9360,1,0.605,2.908,0.501
9361,1,0.707,2.42,0.393
9362,1,0.539,3.46,0.557
9363,1,0.719,2.239,0.395
9364,1,0.523,3.434,0.562
9365,1,0.707,2.361,0.415
9366,1,0.715,2.396,0.391
9367,1,0.629,2.899,0.479
9368,1,0.477,3.846,0.629
9369,1,0.633,2.856,0.464
9370,1,0.613,3.017,0.471
9371,1,0.68,2.516,0.412
9372,1,0.621,2.841,0.496
9373,1,0.555,3.31,0.546
9374,1,0.609,2.961,0.496
9375,1,0.746,2.117,0.354
9376,1,0.539,3.307,0.572
9377,1,0.68,2.554,0.428
9378,1,0.695,2.436,0.411
9379,1,0.504,3.601,0.581
9380,1,0.672,2.526,0.421
9381,1,0.711,2.336,0.377
9382,1,0.676,2.605,0.441
9383,1,0.484,3.639,0.61
9384,1,0.688,2.505,0.412
9385,1,0.473,3.962,0.629
9386,1,0.551,3.381,0.562
9387,1,0.562,3.217,0.542
9388,1,0.617,2.868,0.475
9389,1,0.664,2.51,0.443
9390,1,0.734,2.13,0.367
9391,1,0.625,3.065,0.491
9392,1,0.602,3.058,0.512
9393,1,0.676,2.569,0.407
9394,1,0.641,2.777,0.454
9395,1,0.656,2.559,0.446
9396,1,0.445,4.052,0.645
9397,1,0.703,2.297,0.389
9398,1,0.734,2.183,0.383
9399,1,0.414,4.456,0.681
9400,1,0.559,3.115,0.524
9401,1,0.738,2.181,0.376
9402,1,0.664,2.54,0.414
9403,1,0.715,2.033,0.38
9404,1,0.664,2.513,0.439
9405,1,0.699,2.34,0.406
9406,1,0.441,3.928,0.648
9407,1,0.406,4.251,0.678
9408,1,0.5,3.461,0.583
9409,1,0.652,2.659,0.449
9410,1,0.77,2.042,0.322
9411,1,0.734,2.033,0.35
9412,1,0.609,2.879,0.498
9413,1,0.535,3.432,0.566
9414,1,0.617,2.965,0.476
9415,1,0.699,2.375,0.417
9416,1,0.688,2.32,0.402
9417,1,0.641,2.589,0.452
9418,1,0.473,3.65,0.606
9419,1,0.738,2.181,0.37
9420,1,0.461,3.848,0.631
9421,1,0.605,3.043,0.482
9422,1,0.586,3.159,0.522
9423,1,0.656,2.624,0.447
9424,1,0.594,3.102,0.513
9425,1,0.656,2.664,0.442
9426,1,0.648,2.587,0.473
9427,1,0.77,1.932,0.355
9428,1,0.758,2.125,0.375
9429,1,0.742,2.229,0.375
9430,1,0.535,3.592,0.561
9431,1,0.648,2.767,0.442
9432,1,0.688,2.355,0.417
9433,1,0.734,2.353,0.366
9434,1,0.695,2.485,0.419
9435,1,0.734,2.052,0.367
9436,1,0.699,2.237,0.392
9437,1,0.777,2.227,0.319
9438,1,0.793,1.924,0.308
9439,1,0.742,1.958,0.363
9440,1,0.598,2.926,0.485
9441,1,0.668,2.663,0.448
9442,1,0.508,3.589,0.583
9443,1,0.727,2.226,0.363
9444,1,0.68,2.565,0.41
9445,1,0.617,2.896,0.486
9446,1,0.551,3.421,0.533
9447,1,0.664,2.46,0.437
9448,1,0.617,2.818,0.468
9449,1,0.773,1.77,0.302
9450,1,0.461,3.908,0.624
9451,1,0.605,3.004,0.458
9452,1,0.75,2.096,0.367
9453,1,0.441,4.003,0.643
9454,1,0.75,2.009,0.354
9455,1,0.609,3.01,0.478
9456,1,0.496,3.597,0.602
9457,1,0.707,2.359,0.376
9458,1,0.512,3.608,0.587
9459,1,0.363,4.853,0.707
9460,1,0.727,2.255,0.394
9461,1,0.609,3.005,0.491
9462,1,0.443,3.905,0.654
9463,1,0.75,1.981,0.325
9464,1,0.727,2.27,0.396
9465,1,0.508,3.689,0.58
9466,1,0.578,3.265,0.527
9467,1,0.73,2.237,0.359
9468,1,0.562,3.115,0.523
9469,1,0.641,2.721,0.445
9470,1,0.574,3.23,0.549
9471,1,0.453,3.881,0.635
9472,1,0.664,2.482,0.44
9473,1,0.625,2.829,0.464
9474,1,0.527,3.559,0.56
9475,1,0.562,3.09,0.548
9476,1,0.57,3.224,0.532
9477,1,0.664,2.653,0.448
9478,1,0.672,2.645,0.421
9479,1,0.641,2.839,0.465
9480,1,0.711,2.407,0.392
9481,1,0.641,2.528,0.435
9482,1,0.777,1.961,0.323
9483,1,0.738,2.183,0.362
9484,1,0.473,3.998,0.628
9485,1,0.633,2.847,0.476
9486,1,0.539,3.302,0.524
9487,1,0.645,2.782,0.462
9488,1,0.633,2.821,0.472
9489,1,0.68,2.431,0.42
9490,1,0.508,3.671,0.59
9491,1,0.527,3.498,0.576
9492,1,0.457,3.873,0.618
9493,1,0.508,3.628,0.578
9494,1,0.602,2.897,0.483
9495,1,0.609,2.93,0.479
9496,1,0.59,3.08,0.517
9497,1,0.562,3.168,0.533
9498,1,0.451,3.891,0.633
9499,1,0.648,2.627,0.446
9500,1,0.656,2.632,0.423
9501,1,0.727,2.207,0.374
9502,1,0.645,2.762,0.432
9503,1,0.68,2.468,0.412
9504,1,0.547,3.172,0.557
9505,1,0.617,2.929,0.487
9506,1,0.633,2.737,0.462
9507,1,0.297,5.129,0.768
9508,1,0.602,2.918,0.495
9509,1,0.703,2.552,0.431
9510,1,0.719,2.23,0.397
9511,1,0.539,3.36,0.562
9512,1,0.789,1.862,0.318
9513,1,0.48,3.759,0.611
9514,1,0.711,2.379,0.401
9515,1,0.59,3.074,0.501
9516,1,0.75,2.05,0.351
9517,1,0.531,3.427,0.571
9518,1,0.734,2.116,0.398
9519,1,0.852,1.747,0.277
9520,1,0.695,2.316,0.401
9521,1,0.812,1.82,0.308
9522,1,0.711,2.458,0.387
9523,1,0.531,3.472,0.567
9524,1,0.586,3.121,0.514
9525,1,0.551,3.272,0.541
9526,1,0.547,3.267,0.558
9527,1,0.578,3.023,0.517
9528,1,0.621,2.777,0.469
9529,1,0.648,2.763,0.46
9530,1,0.746,2.029,0.372
9531,1,0.707,2.156,0.411
9532,1,0.486,3.6,0.611
9533,1,0.602,3.16,0.501
9534,1,0.352,4.606,0.711
9535,1,0.586,3.21,0.513
9536,1,0.734,2.229,0.36
9537,1,0.508,3.602,0.605
9538,1,0.547,3.301,0.542
9539,1,0.617,3.055,0.497
9540,1,0.766,2.009,0.345
9541,1,0.617,2.781,0.496
9542,1,0.641,2.695,0.458
9543,1,0.617,2.854,0.503
9544,1,0.555,3.272,0.547
9545,1,0.484,3.756,0.622
9546,1,0.617,2.877,0.493
9547,1,0.562,3.242,0.545
9548,1,0.562,3.278,0.548
9549,1,0.52,3.643,0.581
9550,1,0.777,1.911,0.315
9551,1,0.527,3.52,0.558
9552,1,0.656,2.792,0.456
9553,1,0.459,3.948,0.646
9554,1,0.746,2.068,0.358
9555,1,0.406,3.913,0.677
9556,1,0.57,3.177,0.537
9557,1,0.598,2.831,0.492
9558,1,0.488,3.725,0.602
9559,1,0.695,2.253,0.39
9560,1,0.664,2.764,0.454
9561,1,0.641,2.783,0.463
9562,1,0.492,3.661,0.605
9563,1,0.707,2.368,0.398
9564,1,0.672,2.549,0.445
9565,1,0.672,2.568,0.437
9566,1,0.648,2.637,0.447
9567,1,0.49,3.688,0.614
9568,1,0.605,2.832,0.479
9569,1,0.539,3.442,0.564
9570,1,0.789,1.93,0.318
9571,1,0.523,3.458,0.582
9572,1,0.637,2.71,0.45
9573,1,0.602,2.903,0.495
9574,1,0.396,4.567,0.712
9575,1,0.789,1.944,0.323
9576,1,0.578,3.139,0.516
9577,1,0.727,2.402,0.395
9578,1,0.664,2.646,0.454
9579,1,0.609,3.155,0.479
9580,1,0.346,4.739,0.724
9581,1,0.766,2.132,0.34
9582,1,0.355,4.376,0.705
9583,1,0.453,3.992,0.64
9584,1,0.789,1.886,0.318
9585,1,0.57,3.174,0.536
9586,1,0.523,3.581,0.57
9587,1,0.516,3.602,0.574
9588,1,0.547,3.446,0.559
9589,1,0.805,1.744,0.291
9590,1,0.512,3.586,0.591
9591,1,0.633,2.805,0.469
9592,1,0.547,3.362,0.552
9593,1,0.555,3.32,0.55
9594,1,0.594,3.213,0.495
9595,1,0.586,2.971,0.504
9596,1,0.617,2.774,0.498
9597,1,0.68,2.516,0.421
9598,1,0.555,3.24,0.564
9599,1,0.633,2.688,0.468
9600,1,0.695,2.288,0.393
9601,1,0.684,2.535,0.422
9602,1,0.75,2.018,0.351
9603,1,0.746,2.049,0.374
9604,1,0.789,1.793,0.305
9605,1,0.832,1.59,0.27
9606,1,0.457,3.871,0.627
9607,1,0.648,2.73,0.44
9608,1,0.68,2.482,0.427
9609,1,0.75,1.875,0.361
9610,1,0.406,4.066,0.681
9611,1,0.609,2.94,0.488
9612,1,0.645,2.866,0.464
9613,1,0.664,2.491,0.439
9614,1,0.625,2.869,0.476
9615,1,0.641,2.633,0.471
9616,1,0.547,3.311,0.545
9617,1,0.625,2.792,0.462
9618,1,0.451,4.097,0.644
9619,1,0.648,2.817,0.441
9620,1,0.645,2.597,0.463
9621,1,0.625,2.884,0.485
9622,1,0.59,2.922,0.557
9623,1,0.656,2.637,0.442
9624,1,0.609,2.877,0.488
9625,1,0.719,2.263,0.377
9626,1,0.758,2.141,0.358
9627,1,0.758,1.933,0.354
9628,1,0.363,4.9,0.718
9629,1,0.715,2.29,0.393
9630,1,0.641,2.558,0.46
9631,1,0.703,2.36,0.385
9632,1,0.672,2.539,0.445
9633,1,0.621,2.902,0.483
9634,1,0.586,2.98,0.517
9635,1,0.461,4.058,0.618
9636,1,0.602,3.004,0.509
9637,1,0.695,2.543,0.422
9638,1,0.73,2.198,0.36
9639,1,0.645,2.71,0.468
9640,1,0.57,3.246,0.529
9641,1,0.516,3.537,0.58
9642,1,0.625,2.858,0.475
9643,1,0.539,3.459,0.571
9644,1,0.645,2.659,0.433
9645,1,0.648,2.697,0.453
9646,1,0.852,1.893,0.309
9647,1,0.613,2.796,0.475
9648,1,0.602,2.894,0.513
9649,1,0.562,3.174,0.526
9650,1,0.742,2.14,0.351
9651,1,0.609,2.971,0.483
9652,1,0.602,2.96,0.5
9653,1,0.555,3.264,0.557
9654,1,0.57,3.021,0.513
9655,1,0.477,3.782,0.604
9656,1,0.688,2.402,0.419
9657,1,0.66,2.746,0.444
9658,1,0.641,2.79,0.446
9659,1,0.637,2.71,0.47
9660,1,0.48,3.841,0.612
9661,1,0.637,2.756,0.467
9662,1,0.645,2.662,0.461
9663,1,0.633,2.829,0.467
9664,1,0.508,3.715,0.565
9665,1,0.723,2.144,0.381
9666,1,0.758,2.024,0.362
9667,1,0.602,3.007,0.494
9668,1,0.641,2.742,0.451
9669,1,0.703,2.363,0.411
9670,1,0.582,3.033,0.503
9671,1,0.648,2.776,0.451
9672,1,0.547,3.77,0.619
9673,1,0.5,3.728,0.618
9674,1,0.68,2.465,0.43
9675,1,0.641,2.599,0.455
9676,1,0.641,2.714,0.451
9677,1,0.59,2.984,0.506
9678,1,0.461,3.873,0.633
9679,1,0.734,2.214,0.38
9680,1,0.52,3.468,0.592
9681,1,0.719,2.248,0.364
9682,1,0.547,3.393,0.535
9683,1,0.59,2.943,0.499
9684,1,0.609,2.829,0.488
9685,1,0.488,3.611,0.581
9686,1,0.695,2.428,0.412
9687,1,0.613,2.912,0.465
9688,1,0.738,2.123,0.368
9689,1,0.762,1.942,0.351
9690,1,0.695,2.342,0.399
9691,1,0.73,2.394,0.411
9692,1,0.652,2.651,0.433
9693,1,0.551,3.523,0.548
9694,1,0.609,2.896,0.496
9695,1,0.617,2.88,0.489
9696,1,0.32,4.843,0.748
9697,1,0.551,3.367,0.549
9698,1,0.594,2.936,0.495
9699,1,0.633,2.777,0.467
9700,1,0.547,3.354,0.542
9701,1,0.711,2.304,0.41
9702,1,0.535,3.399,0.562
9703,1,0.672,2.554,0.431
9704,1,0.664,2.434,0.443
9705,1,0.797,1.984,0.312
9706,1,0.605,3.077,0.505
9707,1,0.707,2.358,0.388
9708,1,0.477,3.907,0.615
9709,1,0.602,2.836,0.498
9710,1,0.742,2.033,0.34
9711,1,0.695,2.368,0.409
9712,1,0.621,2.988,0.456
9713,1,0.828,1.745,0.299
9714,1,0.695,2.521,0.43
9715,1,0.465,3.851,0.636
9716,1,0.461,3.783,0.632
9717,1,0.641,2.771,0.45
9718,1,0.648,2.814,0.453
9719,1,0.688,2.402,0.406
9720,1,0.637,2.789,0.482
9721,1,0.578,3.205,0.513
9722,1,0.578,3.179,0.521
9723,1,0.781,2.048,0.321
9724,1,0.523,3.415,0.582
9725,1,0.609,2.864,0.495
9726,1,1.047,1.924,0.401
9727,1,0.609,3.003,0.496
9728,1,0.484,3.829,0.596
9729,1,0.75,2.154,0.354
9730,1,0.477,3.679,0.619
9731,1,0.5,3.663,0.596
9732,1,0.516,3.491,0.572
9733,1,0.555,3.277,0.529
9734,1,0.664,2.721,0.423
9735,1,0.711,2.265,0.406
9736,1,0.551,3.307,0.537
9737,1,0.672,2.61,0.434
9738,1,0.688,2.464,0.437
9739,1,0.641,2.603,0.466
9740,1,0.424,4.099,0.656
9741,1,0.762,2.071,0.353
9742,1,0.586,2.991,0.519
9743,1,0.496,3.609,0.584
9744,1,0.586,3.069,0.52
9745,1,0.484,3.723,0.619
9746,1,0.684,2.365,0.405
9747,1,0.43,4.149,0.663
9748,1,0.734,2.286,0.387
9749,1,0.562,3.085,0.53
9750,1,0.562,3.251,0.54
9751,1,0.445,3.994,0.639
9752,1,0.781,1.982,0.316
9753,1,0.672,2.522,0.444
9754,1,0.582,3.153,0.535
9755,1,0.668,2.374,0.419
9756,1,0.648,2.6,0.46
9757,1,0.594,2.979,0.513
9758,1,0.539,3.441,0.554
9759,1,0.508,3.633,0.575
9760,1,0.586,3.213,0.528
9761,1,0.648,2.735,0.44
9762,1,0.672,2.623,0.425
9763,1,0.59,3.021,0.508
9764,1,0.609,2.998,0.495
9765,1,0.504,3.655,0.573
9766,1,0.555,3.317,0.537
9767,1,0.598,3.018,0.506
9768,1,0.562,3.223,0.551
9769,1,0.609,3.138,0.489
9770,1,0.723,2.258,0.38
9771,1,0.594,3.18,0.487
9772,1,0.578,3.285,0.516
9773,1,0.734,2.019,0.357
9774,1,0.707,2.405,0.382
9775,1,0.676,2.571,0.438
9776,1,0.555,3.328,0.564
9777,1,0.598,3.042,0.476
9778,1,0.664,2.556,0.423
9779,1,0.766,1.872,0.371
9780,1,0.57,3.169,0.523
9781,1,0.66,2.528,0.44
9782,1,0.461,3.91,0.633
9783,1,0.656,2.82,0.451
9784,1,0.625,2.967,0.474
9785,1,0.625,2.86,0.476
9786,1,0.641,2.568,0.457
9787,1,0.812,1.832,0.299
9788,1,0.641,2.851,0.45
9789,1,0.633,2.815,0.448
9790,1,0.625,2.858,0.478
9791,1,0.473,3.796,0.618
9792,1,0.789,1.916,0.323
9793,1,0.633,2.89,0.469
9794,1,0.617,2.91,0.484
9795,1,0.719,2.36,0.396
9796,1,0.602,3.095,0.491
9797,1,0.543,3.367,0.56
9798,1,0.664,2.657,0.444
9799,1,0.539,3.324,0.557
9800,1,0.602,3.004,0.502
9801,1,0.68,2.546,0.436
9802,1,0.609,2.844,0.487
9803,1,0.758,2.007,0.355
9804,1,0.447,3.807,0.624
9805,1,0.578,3.241,0.52
9806,1,0.664,2.672,0.439
9807,1,0.57,3.208,0.526
9808,1,0.656,2.632,0.447
9809,1,0.629,2.847,0.505
9810,1,0.707,2.342,0.413
9811,1,0.652,2.537,0.441
9812,1,0.852,1.575,0.26
9813,1,0.578,2.821,0.429
9814,1,0.695,2.473,0.425
9815,1,0.5,3.7,0.609
9816,1,0.57,3.214,0.536
9817,1,0.711,2.294,0.392
9818,1,0.59,3.061,0.53
9819,1,0.695,2.411,0.415
9820,1,0.602,2.887,0.492
9821,1,0.586,3.193,0.523
9822,1,0.656,2.631,0.432
9823,1,0.539,3.448,0.572
9824,1,0.641,2.724,0.455
9825,1,0.617,2.946,0.478
9826,1,0.711,2.394,0.411
9827,1,0.594,3.081,0.506
9828,1,0.652,2.724,0.454
9829,1,0.742,2.076,0.361
9830,1,0.75,2.014,0.338
9831,1,0.797,1.847,0.312
9832,1,0.781,1.824,0.302
9833,1,0.617,2.903,0.485
9834,1,0.727,2.22,0.35
9835,1,0.699,2.219,0.39
9836,1,0.711,2.201,0.416
9837,1,0.605,2.838,0.499
9838,1,0.59,3.152,0.512
9839,1,0.688,2.35,0.419
9840,1,0.68,2.522,0.426
9841,1,0.711,2.214,0.413
9842,1,0.551,3.158,0.54
9843,1,0.742,1.96,0.346
9844,1,0.578,3.161,0.526
9845,1,0.711,2.28,0.393
9846,1,0.582,3.076,0.5
9847,1,0.773,1.941,0.343
9848,1,0.773,1.871,0.317
9849,1,0.633,2.717,0.448
9850,1,0.551,3.422,0.547
9851,1,0.602,3.114,0.497
9852,1,0.578,3.206,0.516
9853,1,0.578,3.141,0.516
9854,1,0.742,2.149,0.355
9855,1,0.613,3.007,0.485
9856,1,0.516,3.506,0.567
9857,1,0.609,3.019,0.484
9858,1,0.5,3.646,0.592
9859,1,0.711,2.307,0.39
9860,1,0.656,2.644,0.438
9861,1,0.664,2.664,0.452
9862,1,0.586,3.09,0.51
9863,1,0.471,3.856,0.633
9864,1,0.789,1.858,0.317
9865,1,0.641,2.783,0.44
9866,1,0.562,3.181,0.554
9867,1,0.746,1.949,0.325
9868,1,0.66,2.406,0.423
9869,1,0.742,2.249,0.368
9870,1,0.703,2.393,0.418
9871,1,0.766,2.081,0.353
9872,1,0.688,2.45,0.419
9873,1,0.816,1.746,0.283
9874,1,0.586,3.201,0.531
9875,1,0.562,3.29,0.529
9876,1,0.504,3.824,0.599
9877,1,0.621,2.978,0.454
9878,1,0.621,2.835,0.477
9879,1,0.609,2.723,0.468
9880,1,0.766,2.033,0.376
9881,1,0.832,1.715,0.278
9882,1,0.574,3.155,0.528
9883,1,0.602,2.768,0.492
9884,1,0.527,3.422,0.582
9885,1,0.621,2.845,0.469
9886,1,0.719,2.2,0.365
9887,1,0.645,2.976,0.461
9888,1,0.617,2.826,0.467
9889,1,0.668,2.39,0.439
9890,1,0.336,4.934,0.71
9891,1,0.539,3.424,0.572
9892,1,0.672,2.545,0.422
9893,1,0.773,1.83,0.316
9894,1,0.773,2.045,0.347
9895,1,0.684,2.441,0.433
9896,1,0.656,2.601,0.449
9897,1,0.613,3.072,0.472
9898,1,0.5,3.673,0.585
9899,1,0.633,2.822,0.475
9900,1,0.594,2.891,0.496
9901,1,0.602,2.969,0.499
9902,1,0.812,1.715,0.311
9903,1,0.672,2.474,0.449
9904,1,0.465,4.003,0.625
9905,1,0.75,1.989,0.343
9906,1,0.539,3.442,0.562
9907,1,0.5,3.697,0.574
9908,1,0.695,2.384,0.389
9909,1,0.574,3.171,0.517
9910,1,0.641,2.759,0.455
9911,1,0.598,3.16,0.492
9912,1,0.688,2.447,0.429
9913,1,0.566,3.191,0.552
9914,1,0.699,2.367,0.435
9915,1,0.57,3.074,0.534
9916,1,0.5,3.557,0.601
9917,1,0.625,2.803,0.481
9918,1,0.648,2.528,0.628
9919,1,0.488,3.764,0.596
9920,1,0.48,3.793,0.601
9921,1,0.711,2.417,0.408
9922,1,0.562,3.269,0.548
9923,1,0.605,2.964,0.495
9924,1,0.508,3.544,0.591
9925,1,0.469,3.817,0.634
9926,1,0.363,4.299,0.705
9927,1,0.574,3.086,0.531
9928,1,0.566,3.276,0.515
9929,1,0.609,2.857,0.455
9930,1,0.566,3.316,0.535
9931,1,0.648,2.671,0.449
9932,1,0.637,2.797,0.461
9933,1,0.672,2.124,0.42
9934,1,0.562,3.151,0.53
9935,1,0.629,2.9,0.477
9936,1,0.672,2.566,0.413
9937,1,0.453,3.818,0.639
9938,1,0.734,2.199,0.374
9939,1,0.398,4.236,0.687
9940,1,0.531,3.683,0.565
9941,1,0.523,3.338,0.571
9942,1,0.531,3.362,0.556
9943,1,0.494,3.596,0.594
9944,1,0.621,2.874,0.488
9945,1,0.781,1.94,0.321
9946,1,0.676,2.627,0.425
9947,1,0.668,2.668,0.444
9948,1,0.535,3.457,0.581
9949,1,0.559,3.265,0.532
9950,1,0.555,3.308,0.525
9951,1,0.652,2.739,0.445
9952,1,0.559,3.38,0.544
9953,1,0.645,2.87,0.478
9954,1,0.797,2.012,0.337
9955,1,0.605,2.838,0.486
9956,1,0.469,3.729,0.629
9957,1,0.594,3.004,0.508
9958,1,0.516,3.622,0.568
9959,1,0.68,2.499,0.41
9960,1,0.75,2.022,0.347
9961,1,0.484,3.742,0.617
9962,1,0.43,4.085,0.67
9963,1,0.574,3.386,0.52
9964,1,0.672,2.547,0.444
9965,1,0.641,2.878,0.466
9966,1,0.48,3.633,0.6
9967,1,0.605,2.972,0.501
9968,1,0.734,2.329,0.393
9969,1,0.488,3.792,0.599
9970,1,0.688,2.369,0.429
9971,1,0.578,3.148,0.517
9972,1,0.395,4.194,0.685
9973,1,0.648,2.607,0.464
9974,1,0.645,2.781,0.472
9975,1,0.719,2.223,0.399
9976,1,0.465,3.804,0.621
9977,1,0.727,2.381,0.399
9978,1,0.598,3.017,0.504
9979,1,0.428,3.975,0.659
9980,1,0.754,2.107,0.359
9981,1,0.523,3.467,0.577
9982,1,0.447,4.078,0.651
9983,1,0.734,2.147,0.356
9984,1,0.449,3.976,0.63
9985,1,0.578,3.074,0.533
9986,1,0.656,2.798,0.444
9987,1,0.656,2.514,0.455
9988,1,0.652,2.661,0.453
9989,1,0.688,2.349,0.401
9990,1,0.824,1.686,0.3
9991,1,0.633,2.694,0.452
9992,1,0.625,2.85,0.511
9993,1,0.492,3.765,0.604
9994,1,0.547,3.32,0.525
9995,1,0.578,3.187,0.533
9996,1,0.412,3.958,0.662
9997,1,0.617,3.016,0.485
9998,1,0.578,3.196,0.519
9999,1,0.652,2.699,0.435
10000,1,0.578,3.117,0.516
10001,1,0.48,3.813,0.617
10002,1,0.32,5.163,0.761
10003,1,0.633,2.732,0.473
10004,1,0.742,2.172,0.36
10005,1,0.719,2.261,0.399
10006,1,0.578,3.173,0.504
10007,1,0.656,2.654,0.448
10008,1,0.457,3.884,0.631
10009,1,0.477,3.921,0.642
10010,1,0.57,3.163,0.534
10011,1,0.488,3.803,0.609
10012,1,0.562,3.285,0.535
10013,1,0.488,3.779,0.619
10014,1,0.711,2.249,0.395
10015,1,0.688,2.331,0.42
10016,1,0.547,3.415,0.549
10017,1,0.488,3.743,0.606
10018,1,0.711,2.16,0.386
10019,1,0.688,2.594,0.414
10020,1,0.555,3.203,0.543
10021,1,0.641,2.821,0.457
10022,1,0.562,3.205,0.544
10023,1,0.523,3.322,0.57
10024,1,0.494,3.696,0.589
10025,1,0.617,2.945,0.474
10026,1,0.723,2.286,0.382
10027,1,0.648,2.694,0.499
10028,1,0.336,4.76,0.737
10029,1,0.445,4.087,0.654
10030,1,0.742,2.182,0.39
10031,1,0.516,3.543,0.591
10032,1,0.727,2.28,0.391
10033,1,0.891,1.723,0.376
10034,1,0.766,2.098,0.317
10035,1,0.441,4.064,0.65
10036,1,0.586,3.003,0.531
10037,1,0.463,3.91,0.65
10038,1,0.605,2.908,0.507
10039,1,0.428,4.072,0.662
10040,1,0.469,3.971,0.597
10041,1,0.828,1.786,0.297
10042,1,0.68,2.523,0.424
10043,1,0.602,2.957,0.497
10044,1,0.457,3.872,0.63
10045,1,0.441,4.126,0.647
10046,1,0.439,4.033,0.652
10047,1,0.574,3.194,0.52
10048,1,0.633,2.905,0.464
10049,1,0.469,4.026,0.622
10050,1,0.648,2.705,0.433
10051,1,0.641,2.763,0.461
10052,1,0.613,2.973,0.481
10053,1,0.609,2.92,0.478
10054,1,0.695,2.212,0.409
10055,1,0.57,3.237,0.53
10056,1,0.617,2.946,0.519
10057,1,0.285,5.433,0.777
10058,1,0.711,2.297,0.377
10059,1,0.422,4.003,0.658
10060,1,0.727,2.163,0.381
10061,1,0.578,3.217,0.519
10062,1,0.555,3.314,0.55
10063,1,0.645,2.593,0.452
10064,1,0.68,2.548,0.414
10065,1,0.59,3.046,0.485
10066,1,0.49,3.812,0.632
10067,1,0.719,2.27,0.392
10068,1,0.625,2.839,0.484
10069,1,0.75,1.947,0.351
10070,1,0.637,2.735,0.46
10071,1,0.504,3.592,0.599
10072,1,0.547,3.337,0.572
10073,1,0.734,2.204,0.378
10074,1,0.641,2.808,0.465
10075,1,0.516,3.574,0.579
10076,1,0.416,4.488,0.657
10077,1,0.531,3.444,0.553
10078,1,0.805,1.787,0.311
10079,1,0.578,3.19,0.509
10080,1,0.363,4.672,0.712
10081,1,0.625,2.833,0.482
10082,1,0.43,4.123,0.658
10083,1,0.504,3.658,0.583
10084,1,0.57,3.242,0.515
10085,1,0.496,3.664,0.614
10086,1,0.688,2.337,0.417
10087,1,0.551,3.311,0.542
10088,1,0.441,3.985,0.652
10089,1,0.648,2.805,0.475
10090,1,0.734,2.353,0.394
10091,1,0.516,3.65,0.585
10092,1,0.586,3.025,0.509
10093,1,0.598,3.115,0.504
10094,1,0.68,2.481,0.421
10095,1,0.441,4.218,0.675
10096,1,0.613,2.968,0.475
10097,1,0.727,2.153,0.369
10098,1,0.633,2.66,0.451
10099,1,0.734,2.28,0.372
10100,1,0.357,4.574,0.726
10101,1,0.57,3.146,0.516
10102,1,0.617,2.864,0.47
10103,1,0.609,2.945,0.496
10104,1,0.801,1.728,0.318
10105,1,0.617,2.894,0.473
10106,1,0.559,3.145,0.546
10107,1,0.672,2.626,0.447
10108,1,0.562,3.248,0.525
10109,1,0.633,2.816,0.475
10110,1,0.582,3.042,0.504
10111,1,0.707,2.392,0.412
10112,1,0.52,3.59,0.577
10113,1,0.703,2.231,0.418
10114,1,0.5,3.533,0.615
10115,1,0.617,2.935,0.476
10116,1,0.457,4.073,0.635
10117,1,0.703,2.372,0.408
10118,1,0.527,2.78,0.52
10119,1,0.746,2.128,0.36
10120,1,0.562,3.26,0.542
10121,1,0.641,2.744,0.47
10122,1,0.715,2.35,0.395
10123,1,0.715,2.198,0.393
10124,1,0.486,3.739,0.615
10125,1,0.777,1.842,0.293
10126,1,0.625,2.971,0.468
10127,1,0.484,3.708,0.626
10128,1,0.742,2.199,0.371
10129,1,0.578,3.167,0.536
10130,1,0.734,2.326,0.375
10131,1,0.488,3.247,0.576
10132,1,0.496,3.671,0.596
10133,1,0.75,2.081,0.358
10134,1,0.562,3.314,0.521
10135,1,0.664,2.593,0.415
10136,1,0.742,2.21,0.393
10137,1,0.494,3.73,0.605
10138,1,0.715,2.291,0.399
10139,1,0.727,2.176,0.385
10140,1,0.492,3.773,0.615
10141,1,0.711,2.39,0.407
10142,1,0.605,3.081,0.499
10143,1,0.617,2.914,0.479
10144,1,0.48,3.79,0.644
10145,1,0.68,2.555,0.388
10146,1,0.805,1.75,0.278
10147,1,0.648,2.637,0.432
10148,1,0.641,2.796,0.459
10149,1,0.719,2.337,0.35
10150,1,0.5,3.645,0.602
10151,1,0.562,3.291,0.53
10152,1,0.562,3.32,0.531
10153,1,0.57,3.238,0.513
10154,1,0.711,2.417,0.41
10155,1,0.5,3.575,0.589
10156,1,0.844,1.651,0.265
10157,1,0.801,1.787,0.303
10158,1,0.598,2.965,0.486
10159,1,0.699,2.545,0.413
10160,1,0.516,3.503,0.593
10161,1,0.617,2.668,0.495
10162,1,0.656,2.734,0.463
10163,1,0.75,2.077,0.351
10164,1,0.68,2.461,0.416
10165,1,0.555,3.262,0.559
10166,1,0.523,3.562,0.571
10167,1,0.516,3.47,0.59
10168,1,0.742,2.102,0.332
10169,1,0.793,1.807,0.291
10170,1,0.641,2.828,0.452
10171,1,0.49,3.678,0.607
10172,1,0.633,2.701,0.461
10173,1,0.547,3.355,0.561
10174,1,0.711,2.308,0.402
10175,1,0.742,1.971,0.362
10176,1,0.5,3.661,0.609
10177,1,0.703,2.386,0.4
10178,1,0.617,3.059,0.497
10179,1,0.676,2.705,0.421
10180,1,0.605,3.048,0.487
10181,1,0.613,3.021,0.489
10182,1,0.805,1.873,0.298
10183,1,0.746,2.094,0.367
10184,1,0.715,2.185,0.416
10185,1,0.609,2.948,0.479
10186,1,0.609,2.985,0.471
10187,1,0.582,3.104,0.512
10188,1,0.621,2.786,0.5
10189,1,0.766,1.997,0.353
10190,1,0.656,2.601,0.467
10191,1,0.664,2.58,0.44
10192,1,0.617,2.678,0.482
10193,1,0.492,3.774,0.605
10194,1,0.5,3.717,0.58
10195,1,0.746,2.424,0.334
10196,1,0.695,2.253,0.395
10197,1,0.773,1.886,0.313
10198,1,0.516,3.598,0.572
10199,1,0.551,3.338,0.579
10200,1,0.559,3.233,0.543
10201,1,0.443,4.082,0.637
10202,1,0.602,3.019,0.507
10203,1,0.594,2.956,0.516
10204,1,0.641,2.73,0.463
10205,1,0.574,3.062,0.514
10206,1,0.684,2.382,0.394
10207,1,0.57,3.236,0.509
10208,1,0.539,3.278,0.555
10209,1,0.742,2.346,0.407
10210,1,0.535,3.441,0.573
10211,1,0.652,2.839,0.446
10212,1,0.66,2.754,0.433
10213,1,0.641,2.723,0.453
10214,1,0.711,2.351,0.364
10215,1,0.711,2.29,0.394
10216,1,0.465,3.787,0.632
10217,1,0.734,2.191,0.375
10218,1,0.562,3.192,0.527
10219,1,0.602,2.993,0.491
10220,1,0.703,2.37,0.398
10221,1,0.473,3.696,0.619
10222,1,0.555,3.276,0.539
10223,1,0.438,4.149,0.663
10224,1,0.734,2.201,0.364
10225,1,0.719,2.153,0.369
10226,1,0.586,3.247,0.511
10227,1,0.742,2.02,0.349
10228,1,0.652,2.734,0.438
10229,1,0.508,3.595,0.6
10230,1,0.828,1.657,0.281
10231,1,0.598,3.102,0.529
10232,1,0.656,2.472,0.438
10233,1,0.75,1.944,0.358
10234,1,0.355,4.741,0.717
10235,1,0.609,2.936,0.506
10236,1,0.676,2.502,0.434
10237,1,0.656,2.735,0.448
10238,1,0.695,2.488,0.421
10239,1,0.414,4.293,0.689
10240,1,0.648,2.661,0.452
10241,1,0.586,3.015,0.511
10242,1,0.535,3.501,0.561
10243,1,0.652,2.718,0.466
10244,1,0.664,2.483,0.431
10245,1,0.602,2.929,0.515
10246,1,0.773,1.991,0.334
10247,1,0.453,3.921,0.632
10248,1,0.562,3.239,0.531
10249,1,0.629,2.629,0.517
10250,1,0.797,1.808,0.299
10251,1,0.625,2.754,0.484
10252,1,0.5,3.565,0.592
10253,1,0.586,3.121,0.511
10254,1,0.562,3.378,0.532
10255,1,0.48,3.704,0.615
10256,1,0.641,2.684,0.481
10257,1,0.562,3.231,0.538
10258,1,0.605,3.037,0.5
10259,1,0.727,2.194,0.362
10260,1,0.457,3.972,0.628
10261,1,0.629,2.798,0.457
10262,1,0.559,3.367,0.54
10263,1,0.695,2.484,0.406
10264,1,0.664,2.614,0.422
10265,1,0.566,3.154,0.509
10266,1,0.711,2.357,0.406
10267,1,0.574,3.289,0.496
10268,1,0.652,2.609,0.453
10269,1,0.582,3.027,0.514
10270,1,0.48,3.729,0.612
10271,1,0.898,2.228,0.478
10272,1,0.535,3.623,0.566
10273,1,0.625,2.898,0.483
10274,1,0.773,1.942,0.309
10275,1,0.551,3.281,0.549
10276,1,0.555,3.278,0.519
10277,1,0.633,2.681,0.446
10278,1,0.574,3.078,0.516
10279,1,0.547,3.308,0.55
10280,1,0.508,3.624,0.582
10281,1,0.482,3.781,0.618
10282,1,0.467,3.828,0.626
10283,1,0.59,2.783,0.441
10284,1,0.773,1.882,0.33
10285,1,0.441,4.045,0.681
10286,1,0.664,2.652,0.42
10287,1,0.5,3.527,0.582
10288,1,0.555,3.343,0.54
10289,1,0.633,2.854,0.455
10290,1,0.516,3.513,0.567
10291,1,0.746,2.336,0.364
10292,1,0.492,3.774,0.61
10293,1,0.684,2.469,0.423
10294,1,0.613,2.949,0.478
10295,1,0.539,3.16,0.531
10296,1,0.566,3.41,0.554
10297,1,0.672,2.396,0.418
10298,1,0.586,3.061,0.534
10299,1,0.471,3.623,0.595
10300,1,0.727,2.262,0.382
10301,1,0.594,2.913,0.51
10302,1,0.543,3.468,0.565
10303,1,0.723,2.232,0.356
10304,1,0.551,3.181,0.55
10305,1,0.688,2.398,0.393
10306,1,0.68,2.449,0.444
10307,1,0.562,3.196,0.53
10308,1,0.512,3.568,0.593
10309,1,0.719,2.28,0.378
10310,1,0.629,2.926,0.468
10311,1,0.602,3.062,0.506
10312,1,0.516,3.402,0.582
10313,1,0.516,3.462,0.564
10314,1,0.562,3.286,0.534
10315,1,0.594,2.872,0.507
10316,1,0.715,2.287,0.377
10317,1,0.625,2.833,0.466
10318,1,0.516,3.623,0.58
10319,1,0.488,3.752,0.605
10320,1,0.711,2.505,0.421
10321,1,0.471,3.859,0.636
10322,1,0.703,2.263,0.372
10323,1,0.625,2.749,0.483
10324,1,0.457,4.026,0.641
10325,1,0.676,2.445,0.432
10326,1,0.469,3.861,0.62
10327,1,0.566,3.334,0.541
10328,1,0.664,2.513,0.433
10329,1,0.691,2.418,0.414
10330,1,0.578,3.094,0.506
10331,1,0.547,3.408,0.555
10332,1,0.738,2.094,0.373
10333,1,0.57,3.198,0.516
10334,1,0.57,3.248,0.536
10335,1,0.75,2.106,0.342
10336,1,0.633,2.697,0.446
10337,1,0.363,4.58,0.716
10338,1,0.691,2.521,0.427
10339,1,0.473,3.865,0.616
10340,1,0.773,2.007,0.324
10341,1,0.559,3.308,0.548
10342,1,0.664,2.614,0.43
10343,1,0.695,2.257,0.444
10344,1,0.719,2.302,0.382
10345,1,0.715,2.333,0.398
10346,1,0.715,2.31,0.381
10347,1,0.648,2.676,0.444
10348,1,0.703,2.461,0.402
10349,1,0.648,2.712,0.43
10350,1,0.578,3.152,0.505
10351,1,0.734,2.16,0.406
10352,1,0.789,1.836,0.31
10353,1,0.486,3.699,0.612
10354,1,0.625,2.811,0.465
10355,1,0.672,2.511,0.411
10356,1,0.543,3.337,0.547
10357,1,0.703,2.588,0.414
10358,1,0.523,3.452,0.547
10359,1,0.625,2.795,0.458
10360,1,0.598,3.117,0.506
10361,1,0.535,3.589,0.556
10362,1,0.703,2.379,0.378
10363,1,0.688,2.526,0.431
10364,1,0.449,3.747,0.688
10365,1,0.492,3.631,0.603
10366,1,0.582,3.192,0.526
10367,1,0.453,4.114,0.635
10368,1,0.617,2.901,0.482
10369,1,0.645,2.736,0.43
10370,1,0.742,2.103,0.377
10371,1,0.637,2.728,0.449
10372,1,0.668,2.587,0.447
10373,1,0.672,2.77,0.43
10374,1,0.48,3.767,0.612
10375,1,0.652,2.616,0.441
10376,1,0.664,2.713,0.436
10377,1,0.48,3.806,0.601
10378,1,0.789,1.857,0.31
10379,1,0.516,3.431,0.572
10380,1,0.535,3.335,0.556
10381,1,0.555,3.13,0.539
10382,1,0.5,3.653,0.581
10383,1,0.539,3.528,0.551
10384,1,0.574,3.175,0.537
10385,1,0.613,3.005,0.503
10386,1,0.648,2.767,0.45
10387,1,0.648,2.715,0.458
10388,1,0.641,2.833,0.445
10389,1,0.586,3.056,0.528
10390,1,0.746,2.12,0.353
10391,1,0.719,2.222,0.37
10392,1,0.68,2.492,0.43
10393,1,0.668,2.475,0.429
10394,1,0.396,4.662,0.685
10395,1,0.68,2.417,0.41
10396,1,0.609,2.874,0.472
10397,1,0.711,2.107,0.382
10398,1,0.727,2.373,0.37
10399,1,0.594,3.01,0.497
10400,1,0.539,3.394,0.561
10401,1,0.57,3.342,0.53
10402,1,0.68,2.461,0.422
10403,1,0.609,2.947,0.499
10404,1,0.498,3.608,0.598
10405,1,0.672,2.528,0.429
10406,1,0.648,2.656,0.46
10407,1,0.656,2.599,0.445
10408,1,0.559,3.268,0.525
10409,1,0.648,2.612,0.445
10410,1,0.707,2.3,0.428
10411,1,0.586,2.934,0.505
10412,1,0.656,2.646,0.444
10413,1,0.602,2.918,0.494
10414,1,0.641,2.745,0.462
10415,1,0.258,5.57,0.781
10416,1,0.539,3.289,0.539
10417,1,0.641,2.872,0.468
10418,1,0.414,4.139,0.661
10419,1,0.656,2.698,0.445
10420,1,0.672,2.706,0.482
10421,1,0.633,2.713,0.475
10422,1,0.617,2.793,0.477
10423,1,0.547,3.304,0.547
10424,1,0.641,2.757,0.433
10425,1,0.57,3.352,0.531
10426,1,0.602,3.056,0.499
10427,1,0.785,1.753,0.318
10428,1,0.367,4.46,0.699
10429,1,0.469,3.72,0.606
10430,1,0.406,4.072,0.67
10431,1,0.703,2.387,0.396
10432,1,0.828,1.827,0.313
10433,1,0.672,2.623,0.442
10434,1,0.719,2.16,0.377
10435,1,0.562,3.285,0.514
10436,1,0.922,1.494,0.197
10437,1,0.742,2.069,0.384
10438,1,0.57,3.296,0.523
10439,1,0.562,3.275,0.532
10440,1,0.656,2.446,0.438
10441,1,0.633,2.74,0.464
10442,1,0.637,2.843,0.46
10443,1,0.551,3.464,0.54
10444,1,0.695,2.483,0.41
10445,1,0.625,2.761,0.482
10446,1,0.621,2.906,0.475
10447,1,0.578,2.984,0.509
10448,1,0.688,2.457,0.401
10449,1,0.602,2.971,0.462
10450,1,0.664,2.485,0.445
10451,1,0.578,3.159,0.501
10452,1,0.719,2.112,0.366
10453,1,0.398,4.319,0.687
10454,1,0.723,2.28,0.387
10455,1,0.695,2.35,0.399
10456,1,0.613,2.692,0.474
10457,1,0.586,3.007,0.503
10458,1,0.574,3.192,0.529
10459,1,0.555,3.324,0.559
10460,1,0.656,2.618,0.443
10461,1,0.695,2.193,0.417
10462,1,0.645,2.838,0.448
10463,1,0.617,3.024,0.476
10464,1,0.609,3.077,0.491
10465,1,0.773,1.908,0.311
10466,1,0.492,3.637,0.589
10467,1,0.547,3.321,0.553
10468,1,0.648,2.855,0.457
10469,1,0.609,3.048,0.483
10470,1,0.688,2.503,0.411
10471,1,0.586,3.014,0.483
10472,1,0.641,2.691,0.455
10473,1,0.648,2.678,0.484
10474,1,0.699,2.286,0.407
10475,1,0.641,2.763,0.447
10476,1,0.547,3.281,0.557
10477,1,0.711,2.286,0.406
10478,1,0.613,2.945,0.493
10479,1,0.414,4.288,0.685
10480,1,0.578,3.226,0.536
10481,1,0.504,3.594,0.596
10482,1,0.471,3.932,0.627
10483,1,0.602,2.999,0.505
10484,1,0.523,3.746,0.563
10485,1,0.641,2.834,0.48
10486,1,0.734,2.119,0.365
10487,1,0.766,1.972,0.329
10488,1,0.734,2.239,0.376
10489,1,0.512,3.576,0.589
10490,1,0.723,2.251,0.372
10491,1,0.781,1.947,0.314
10492,1,0.734,2.179,0.361
10493,1,0.75,1.855,0.353
10494,1,0.656,2.699,0.442
10495,1,0.57,3.177,0.529
10496,1,0.57,3.173,0.518
10497,1,0.633,2.786,0.484
10498,1,0.68,2.543,0.431
10499,1,0.684,2.554,0.4
10500,1,0.625,2.869,0.479
10501,1,0.508,3.525,0.6
10502,1,0.531,3.318,0.574
10503,1,0.688,2.391,0.442
10504,1,0.664,2.706,0.453
10505,1,0.68,2.507,0.417
10506,1,0.648,2.754,0.459
10507,1,0.66,2.593,0.447
10508,1,0.465,3.885,0.613
10509,1,0.656,2.617,0.434
10510,1,0.461,3.893,0.632
10511,1,0.527,3.45,0.56
10512,1,0.68,2.49,0.407
10513,1,0.684,2.36,0.417
10514,1,0.512,3.701,0.577
10515,1,0.512,3.562,0.567
10516,1,0.633,2.749,0.459
10517,1,0.742,2.257,0.384
10518,1,0.66,2.598,0.429
10519,1,0.715,2.545,0.416
10520,1,0.531,3.517,0.57
10521,1,0.523,3.338,0.574
10522,1,0.562,3.11,0.532
10523,1,0.727,2.319,0.389
10524,1,0.891,1.851,0.385
10525,1,0.602,2.939,0.507
10526,1,0.609,2.938,0.474
10527,1,0.688,2.176,0.385
10528,1,0.656,2.467,0.451
10529,1,0.621,2.812,0.472
10530,1,0.555,3.289,0.546
10531,1,0.578,3.084,0.489
10532,1,0.457,3.728,0.632
10533,1,0.727,2.308,0.374
10534,1,0.648,2.639,0.456
10535,1,0.609,2.905,0.468
10536,1,0.953,1.04,0.1
10537,1,0.672,2.53,0.426
10538,1,0.672,2.434,0.408
10539,1,0.465,3.89,0.618
10540,1,0.672,2.52,0.433
10541,1,0.727,2.284,0.366
10542,1,0.633,2.771,0.474
10543,1,0.688,2.387,0.415
10544,1,0.742,2.064,0.365
10545,1,0.648,2.739,0.464
10546,1,0.621,2.814,0.471
10547,1,0.508,3.68,0.607
10548,1,0.469,3.984,0.654
10549,1,0.535,3.468,0.552
10550,1,0.586,3.069,0.514
10551,1,0.539,3.427,0.56
10552,1,0.586,3.122,0.517
10553,1,0.57,3.079,0.523
10554,1,0.516,3.494,0.574
10555,1,0.664,2.694,0.447
10556,1,0.562,3.124,0.526
10557,1,0.633,2.867,0.493
10558,1,0.508,3.527,0.573
10559,1,0.613,3.04,0.472
10560,1,0.547,3.329,0.561
10561,1,0.578,3.201,0.538
10562,1,0.645,2.751,0.441
10563,1,0.73,2.256,0.37
10564,1,0.52,3.599,0.577
10565,1,0.516,3.567,0.581
10566,1,0.672,2.38,0.435
10567,1,0.574,3.166,0.544
10568,1,0.57,3.281,0.53
10569,1,0.656,2.695,0.447
10570,1,0.688,2.483,0.411
10571,1,0.482,3.716,0.59
10572,1,0.812,1.694,0.285
10573,1,0.41,4.055,0.636
10574,1,0.535,3.389,0.572
10575,1,0.719,2.183,0.363
10576,1,0.699,2.361,0.39
10577,1,0.594,2.959,0.5
10578,1,0.695,2.454,0.413
10579,1,0.68,2.57,0.411
10580,1,0.645,2.777,0.447
10581,1,0.539,3.328,0.559
10582,1,0.648,2.72,0.465
10583,1,0.68,2.314,0.41
10584,1,0.598,3.051,0.49
10585,1,0.656,2.623,0.438
10586,1,0.477,3.772,0.629
10587,1,0.727,2.199,0.375
10588,1,0.582,3.124,0.499
10589,1,0.637,2.888,0.462
10590,1,0.551,3.371,0.551
10591,1,0.656,2.627,0.448
10592,1,0.531,3.54,0.563
10593,1,0.742,2.199,0.356
10594,1,0.49,3.703,0.594
10595,1,0.68,2.512,0.392
10596,1,0.578,3.174,0.539
10597,1,0.477,3.891,0.604
10598,1,0.656,2.67,0.447
10599,1,0.703,2.344,0.395
10600,1,0.531,3.433,0.568
10601,1,0.672,2.527,0.429
10602,1,0.672,2.567,0.433
10603,1,0.727,2.117,0.381
10604,1,0.5,3.699,0.581
10605,1,0.609,2.894,0.497
10606,1,0.785,1.801,0.326
10607,1,0.527,3.496,0.576
10608,1,0.781,1.868,0.325
10609,1,0.625,2.933,0.462
10610,1,0.621,2.792,0.463
10611,1,0.443,4.029,0.639
10612,1,0.531,3.394,0.563
10613,1,0.641,2.746,0.458
10614,1,0.516,3.57,0.582
10615,1,0.379,4.54,0.706
10616,1,0.516,3.418,0.641
10617,1,0.75,2.08,0.358
10618,1,0.727,2.319,0.404
10619,1,0.672,2.656,0.435
10620,1,0.299,4.855,0.755
10621,1,0.73,2.195,0.381
10622,1,0.594,3.138,0.524
10623,1,0.703,2.146,0.4
10624,1,0.426,4.199,0.668
10625,1,0.637,2.803,0.457
10626,1,0.617,2.915,0.495
10627,1,0.719,2.157,0.367
10628,1,0.738,2.06,0.354
10629,1,0.609,3.063,0.477
10630,1,0.633,2.816,0.462
10631,1,0.742,2.047,0.371
10632,1,0.715,2.262,0.385
10633,1,0.691,2.519,0.397
10634,1,0.703,2.27,0.395
10635,1,0.494,3.601,0.59
10636,1,0.652,2.615,0.456
10637,1,0.656,2.596,0.436
10638,1,0.609,2.901,0.478
10639,1,0.459,3.908,0.644
10640,1,0.648,2.727,0.453
10641,1,0.539,3.396,0.545
10642,1,0.5,3.54,0.599
10643,1,0.648,2.87,0.438
10644,1,0.664,2.431,0.431
10645,1,0.75,2.126,0.339
10646,1,0.41,4.334,0.687
10647,1,0.475,3.747,0.62
10648,1,0.48,3.843,0.625
10649,1,0.727,2.119,0.369
10650,1,0.52,3.497,0.592
10651,1,0.512,3.566,0.586
10652,1,0.582,3.158,0.528
10653,1,0.594,3.106,0.469
10654,1,0.711,2.38,0.392
10655,1,0.645,2.649,0.475
10656,1,0.57,3.245,0.528
10657,1,0.574,3.171,0.531
10658,1,0.52,3.575,0.564
10659,1,0.703,2.46,0.389
10660,1,0.617,2.954,0.491
10661,1,0.695,2.372,0.382
10662,1,0.633,2.851,0.467
10663,1,0.508,3.7,0.577
10664,1,0.457,3.969,0.618
10665,1,0.715,2.242,0.358
10666,1,0.711,2.251,0.396
10667,1,0.766,1.845,0.315
10668,1,0.457,3.983,0.642
10669,1,0.59,3.025,0.491
10670,1,0.543,3.31,0.552
10671,1,0.555,3.325,0.55
10672,1,0.586,3.133,0.503
10673,1,0.75,2.058,0.342
10674,1,0.719,2.277,0.375
10675,1,0.578,3.103,0.524
10676,1,0.68,2.499,0.425
10677,1,0.562,3.243,0.521
10678,1,0.75,1.962,0.342
10679,1,0.586,3.103,0.518
10680,1,0.734,2.153,0.378
10681,1,0.508,3.727,0.582
10682,1,0.742,2.186,0.378
10683,1,0.598,3.024,0.5
10684,1,0.734,2.164,0.351
10685,1,0.359,4.593,0.719
10686,1,0.426,4.15,0.633
10687,1,0.672,2.552,0.432
10688,1,0.479,3.774,0.613
10689,1,0.555,3.372,0.545
10690,1,0.68,2.453,0.42
10691,1,0.574,3.333,0.501
10692,1,0.734,2.308,0.352
10693,1,0.691,2.625,0.408
10694,1,0.609,2.929,0.501
10695,1,0.602,3.012,0.495
10696,1,0.469,3.948,0.618
10697,1,0.469,3.888,0.625
10698,1,0.785,1.976,0.325
10699,1,0.441,3.924,0.643
10700,1,0.648,2.689,0.456
10701,1,0.473,3.752,0.616
10702,1,0.734,2.263,0.386
10703,1,0.555,3.227,0.55
10704,1,0.672,2.563,0.416
10705,1,0.652,2.6,0.429
10706,1,0.547,3.268,0.547
10707,1,0.695,2.461,0.458
10708,1,0.664,2.454,0.438
10709,1,0.578,3.161,0.517
10710,1,0.516,3.465,0.578
10711,1,0.586,2.922,0.533
10712,1,0.633,2.883,0.443
10713,1,0.766,1.905,0.319
10714,1,0.672,2.509,0.428
10715,1,0.547,3.409,0.562
10716,1,0.488,3.75,0.591
10717,1,0.523,3.433,0.555
10718,1,0.727,2.28,0.367
10719,1,0.641,2.872,0.472
10720,1,0.625,2.983,0.464
10721,1,0.621,2.889,0.452
10722,1,0.695,2.449,0.437
10723,1,0.547,3.398,0.551
10724,1,0.633,2.738,0.467
10725,1,0.605,2.949,0.49
10726,1,0.586,3.227,0.544
10727,1,0.562,3.408,0.56
10728,1,0.609,2.944,0.486
10729,1,0.465,3.92,0.626
10730,1,0.629,2.88,0.482
10731,1,0.688,2.565,0.436
10732,1,0.617,2.788,0.453
10733,1,0.664,2.309,0.423
10734,1,0.547,3.261,0.554
10735,1,0.652,2.615,0.426
10736,1,0.684,2.537,0.39
10737,1,0.703,2.343,0.403
10738,1,0.523,3.397,0.577
10739,1,0.547,3.337,0.547
10740,1,0.617,2.775,0.476
10741,1,0.578,3.261,0.504
10742,1,0.68,2.569,0.442
10743,1,0.746,2.177,0.369
10744,1,0.688,2.415,0.432
10745,1,0.672,2.581,0.404
10746,1,0.703,2.522,0.384
10747,1,0.318,5.208,0.748
10748,1,0.723,2.362,0.389
10749,1,0.49,3.733,0.611
10750,1,0.465,3.953,0.645
10751,1,0.746,2.172,0.35
10752,1,0.648,2.734,0.457
10753,1,0.789,1.939,0.321
10754,1,0.609,2.951,0.491
10755,1,0.439,4.191,0.648
10756,1,0.836,1.53,0.236
10757,1,0.535,3.511,0.564
10758,1,0.652,2.696,0.447
10759,1,0.578,3.163,0.522
10760,1,0.486,3.741,0.613
10761,1,0.479,4.063,0.616
10762,1,0.688,2.392,0.412
10763,1,0.566,3.175,0.53
10764,1,0.773,1.902,0.326
10765,1,0.617,3.093,0.499
10766,1,0.586,3.117,0.52
10767,1,0.703,2.481,0.407
10768,1,0.504,3.645,0.603
10769,1,0.586,3.018,0.528
10770,1,0.57,3.278,0.533
10771,1,0.695,2.456,0.422
10772,1,0.414,4.229,0.674
10773,1,0.605,2.982,0.494
10774,1,0.562,3.317,0.561
10775,1,0.664,2.655,0.433
10776,1,0.695,2.283,0.396
10777,1,0.281,5.193,0.764
10778,1,0.648,2.673,0.447
10779,1,0.691,2.55,0.393
10780,1,0.754,1.962,0.343
10781,1,0.508,3.687,0.571
10782,1,0.617,2.984,0.471
10783,1,0.582,2.925,0.493
10784,1,0.621,2.844,0.466
10785,1,0.602,2.971,0.5
10786,1,0.531,3.563,0.575
10787,1,0.68,2.407,0.41
10788,1,0.66,2.515,0.428
10789,1,0.586,3.312,0.503
10790,1,0.766,2.068,0.341
10791,1,0.734,2.022,0.353
10792,1,0.562,3.151,0.548
10793,1,0.602,3.114,0.478
10794,1,0.602,3.028,0.511
10795,1,0.715,2.353,0.39
10796,1,0.508,3.594,0.584
10797,1,0.496,3.784,0.581
10798,1,0.664,2.366,0.429
10799,1,0.617,2.843,0.493
10800,1,0.645,2.599,0.451
10801,1,0.711,2.31,0.392
10802,1,0.672,2.598,0.423
10803,1,0.57,3.128,0.515
10804,1,0.703,2.237,0.4
10805,1,0.562,3.33,0.529
10806,1,0.555,3.291,0.539
10807,1,0.688,2.587,0.429
10808,1,0.455,3.942,0.612
10809,1,0.645,2.802,0.471
10810,1,0.508,3.617,0.579
10811,1,0.648,2.559,0.431
10812,1,0.586,3.088,0.522
10813,1,0.496,3.703,0.598
10814,1,0.672,2.591,0.419
10815,1,0.633,2.868,0.473
10816,1,0.633,2.758,0.458
10817,1,0.605,2.942,0.477
10818,1,0.395,4.39,0.69
10819,1,0.738,2.212,0.352
10820,1,0.613,2.757,0.481
10821,1,0.461,4.033,0.646
10822,1,0.773,1.823,0.32
10823,1,1.203,2.002,0.364
10824,1,0.66,2.625,0.446
10825,1,0.469,3.867,0.625
10826,1,0.672,2.482,0.422
10827,1,0.57,3.246,0.514
10828,1,0.609,2.999,0.487
10829,1,0.793,1.911,0.314
10830,1,0.758,2.098,0.334
10831,1,0.645,2.742,0.461
10832,1,0.445,4.071,0.652
10833,1,0.688,2.443,0.395
10834,1,0.664,2.536,0.436
10835,1,0.609,2.983,0.496
10836,1,0.641,2.733,0.452
10837,1,0.758,2.069,0.364
10838,1,0.582,3.08,0.519
10839,1,0.605,3.198,0.488
10840,1,0.406,4.279,0.7
10841,1,0.574,3.254,0.537
10842,1,0.617,2.881,0.483
10843,1,0.68,2.444,0.422
10844,1,0.508,3.426,0.565
10845,1,0.516,3.483,0.56
10846,1,0.648,2.716,0.448
10847,1,0.371,4.454,0.705
10848,1,0.766,1.971,0.343
10849,1,0.539,3.381,0.547
10850,1,0.781,1.878,0.316
10851,1,0.461,3.845,0.647
10852,1,0.664,2.121,0.509
10853,1,0.504,3.618,0.61
10854,1,0.52,3.569,0.572
10855,1,0.48,3.824,0.584
10856,1,0.602,2.99,0.499
10857,1,0.656,2.754,0.471
10858,1,0.648,2.699,0.482
10859,1,0.453,3.918,0.636
10860,1,0.594,2.971,0.509
10861,1,0.508,3.714,0.574
10862,1,0.52,3.477,0.569
10863,1,0.586,2.946,0.508
10864,1,0.559,3.262,0.527
10865,1,0.574,3.009,0.499
10866,1,0.578,3.285,0.521
10867,1,0.59,2.978,0.488
10868,1,0.738,2.091,0.388
10869,1,0.633,2.759,0.462
10870,1,0.695,2.43,0.384
10871,1,0.617,2.822,0.488
10872,1,0.0,0.0,0.0
10873,1,0.418,4.07,0.667
10874,1,0.621,2.873,0.472
10875,1,0.566,3.215,0.53
10876,1,0.488,3.779,0.599
10877,1,0.492,3.709,0.602
10878,1,0.672,2.419,0.427
10879,1,0.547,3.334,0.551
10880,1,0.508,3.572,0.588
10881,1,0.707,2.259,0.389
10882,1,0.219,5.854,0.829
10883,1,0.633,2.907,0.447
10884,1,0.457,3.977,0.618
10885,1,0.539,3.385,0.545
10886,1,0.711,2.3,0.394
10887,1,0.754,2.017,0.34
10888,1,0.707,2.325,0.388
10889,1,0.594,3.108,0.515
10890,1,0.664,2.856,0.448
10891,1,0.633,2.717,0.479
10892,1,0.484,3.611,0.618
10893,1,0.559,3.348,0.543
10894,1,0.641,2.895,0.461
10895,1,0.766,1.933,0.341
10896,1,0.613,3.041,0.489
10897,1,0.648,2.765,0.467
10898,1,0.648,2.734,0.445
10899,1,0.52,3.508,0.58
10900,1,0.684,2.455,0.411
10901,1,0.688,2.456,0.415
10902,1,0.602,2.908,0.497
10903,1,0.75,2.178,0.366
10904,1,0.377,4.936,0.73
10905,1,0.742,2.166,0.374
10906,1,0.781,1.806,0.333
10907,1,0.719,2.519,0.381
10908,1,0.586,3.086,0.516
10909,1,0.711,2.053,0.373
10910,1,0.668,2.652,0.448
10911,1,0.562,3.168,0.537
10912,1,0.449,3.796,0.656
10913,1,0.566,3.415,0.525
10914,1,0.668,2.661,0.44
10915,1,0.758,2.12,0.347
10916,1,0.707,2.15,0.403
10917,1,0.75,1.886,0.324
10918,1,0.703,2.493,0.368
10919,1,0.613,2.861,0.473
10920,1,0.738,1.975,0.38
10921,1,0.672,2.583,0.443
10922,1,0.562,3.264,0.528
10923,1,0.57,3.203,0.524
10924,1,0.504,3.757,0.597
10925,1,0.711,2.437,0.412
10926,1,0.742,2.116,0.36
10927,1,0.789,2.032,0.334
10928,1,0.406,4.186,0.664
10929,1,0.672,2.655,0.44
10930,1,0.688,2.443,0.423
10931,1,0.562,3.052,0.505
10932,1,0.482,3.713,0.614
10933,1,0.508,3.683,0.606
10934,1,0.266,5.578,0.796
10935,1,0.68,2.518,0.436
10936,1,0.648,2.709,0.458
10937,1,0.527,3.608,0.574
10938,1,0.688,2.406,0.423
10939,1,0.652,2.577,0.476
10940,1,0.445,4.129,0.645
10941,1,0.688,2.496,0.4
10942,1,0.602,3.028,0.486
10943,1,0.719,2.15,0.365
10944,1,0.688,2.227,0.416
10945,1,0.68,2.67,0.424
10946,1,0.598,3.189,0.509
10947,1,0.656,2.599,0.451
10948,1,0.824,1.709,0.3
10949,1,0.539,3.253,0.577
10950,1,0.664,2.639,0.426
10951,1,0.613,2.901,0.48
10952,1,0.496,3.75,0.604
10953,1,0.594,3.033,0.509
10954,1,0.531,3.631,0.585
10955,1,0.586,3.076,0.509
10956,1,0.703,2.345,0.384
10957,1,0.617,2.779,0.48
10958,1,0.609,2.915,0.479
10959,1,0.574,3.28,0.508
10960,1,0.637,2.83,0.443
10961,1,0.602,2.909,0.481
10962,1,0.609,3.094,0.5
10963,1,0.578,3.387,0.533
10964,1,0.602,3.042,0.512
10965,1,0.578,2.634,0.463
10966,1,0.629,2.85,0.484
10967,1,0.75,2.174,0.38
10968,1,0.719,2.283,0.379
10969,1,0.465,4.014,0.642
10970,1,0.652,2.55,0.431
10971,1,0.633,2.766,0.471
10972,1,0.664,2.523,0.435
10973,1,0.719,2.227,0.374
10974,1,0.672,2.539,0.425
10975,1,0.555,3.364,0.55
10976,1,0.59,3.232,0.509
10977,1,0.48,3.914,0.626
10978,1,0.633,2.689,0.471
10979,1,0.457,3.862,0.641
10980,1,0.455,4.009,0.652
10981,1,0.621,2.812,0.468
10982,1,0.586,3.177,0.515
10983,1,0.75,2.097,0.345
10984,1,0.664,2.518,0.443
10985,1,0.684,2.481,0.43
10986,1,0.395,4.41,0.677
10987,1,0.695,2.31,0.383
10988,1,0.578,3.191,0.521
10989,1,0.633,2.955,0.456
10990,1,0.742,2.237,0.37
10991,1,0.523,3.607,0.564
10992,1,0.512,3.537,0.564
10993,1,0.479,3.885,0.625
10994,1,0.531,3.356,0.549
10995,1,0.648,2.729,0.461
10996,1,0.621,2.903,0.504
10997,1,0.57,3.231,0.52
10998,1,0.594,2.908,0.501
10999,1,0.664,2.699,0.467
11000,1,0.812,1.727,0.284
11001,1,0.656,2.656,0.449
11002,1,0.609,2.877,0.502
11003,1,0.479,3.889,0.625
11004,1,0.539,3.433,0.563
11005,1,0.543,3.413,0.56
11006,1,0.688,2.529,0.41
11007,1,0.688,2.499,0.41
11008,1,0.66,2.7,0.426
11009,1,0.625,2.853,0.47
11010,1,0.727,2.241,0.395
11011,1,0.482,3.792,0.581
11012,1,0.531,3.513,0.561
11013,1,0.531,3.521,0.556
11014,1,0.75,2.07,0.354
11015,1,0.648,2.68,0.457
11016,1,0.633,2.64,0.481
11017,1,0.648,2.796,0.444
11018,1,0.664,2.668,0.458
11019,1,0.578,3.185,0.505
11020,1,0.57,3.274,0.547
11021,1,0.547,3.369,0.553
11022,1,0.48,3.701,0.608
11023,1,0.527,3.364,0.566
11024,1,0.527,3.307,0.561
11025,1,0.531,3.47,0.555
11026,1,0.574,3.217,0.516
11027,1,0.641,2.779,0.449
11028,1,0.555,3.339,0.561
11029,1,0.609,2.841,0.471
11030,1,0.531,3.512,0.574
11031,1,0.617,2.82,0.485
11032,1,0.672,2.53,0.432
11033,1,0.539,3.437,0.551
11034,1,0.602,3.165,0.527
11035,1,0.523,3.501,0.57
11036,1,0.494,3.744,0.592
11037,1,0.547,3.331,0.555
11038,1,0.82,1.94,0.322
11039,1,0.418,4.161,0.675
11040,1,0.551,3.182,0.548
11041,1,0.625,2.843,0.477
11042,1,0.703,2.283,0.399
11043,1,0.613,2.952,0.49
11044,1,0.516,3.528,0.577
11045,1,0.566,3.301,0.529
11046,1,0.625,2.744,0.467
11047,1,0.539,3.439,0.545
11048,1,0.785,1.958,0.326
11049,1,0.668,2.6,0.417
11050,1,0.629,2.79,0.47
11051,1,0.727,2.298,0.379
11052,1,0.469,3.842,0.616
11053,1,0.754,1.936,0.354
11054,1,0.711,2.415,0.398
11055,1,0.414,4.192,0.664
11056,1,0.422,4.234,0.66
11057,1,0.473,3.908,0.634
11058,1,0.508,3.471,0.576
11059,1,0.656,2.429,0.456
11060,1,0.586,3.165,0.495
11061,1,0.703,2.363,0.4
11062,1,0.617,2.922,0.486
11063,1,0.594,3.132,0.511
11064,1,0.496,3.801,0.602
11065,1,0.656,2.68,0.461
11066,1,0.562,3.288,0.542
11067,1,0.777,1.799,0.323
11068,1,0.613,2.961,0.483
11069,1,0.496,3.637,0.571
11070,1,0.645,2.685,0.427
11071,1,0.684,2.333,0.427
11072,1,0.586,3.102,0.502
11073,1,0.562,3.329,0.543
11074,1,0.711,2.122,0.367
11075,1,0.734,2.123,0.364
11076,1,0.539,3.341,0.563
11077,1,0.508,3.598,0.573
11078,1,0.432,4.19,0.649
11079,1,0.543,3.333,0.543
11080,1,0.531,3.482,0.571
11081,1,0.531,3.454,0.582
11082,1,0.617,3.075,0.483
11083,1,0.68,2.386,0.424
11084,1,0.598,3.134,0.5
11085,1,0.781,2.008,0.323
11086,1,0.455,3.98,0.644
11087,1,0.711,2.341,0.398
11088,1,0.605,3.017,0.499
11089,1,0.641,2.648,0.475
11090,1,0.586,3.044,0.508
11091,1,0.75,2.34,0.392
11092,1,0.625,2.747,0.461
11093,1,0.484,3.763,0.593
11094,1,0.555,3.222,0.532
11095,1,0.684,2.305,0.422
11096,1,0.48,3.229,0.603
11097,1,0.648,2.848,0.468
11098,1,0.57,3.155,0.519
11099,1,0.488,3.67,0.592
11100,1,0.375,4.635,0.704
11101,1,0.508,3.602,0.594
11102,1,0.676,2.534,0.425
11103,1,0.672,2.612,0.433
11104,1,0.484,3.859,0.61
11105,1,0.641,2.873,0.458
11106,1,0.688,2.483,0.422
11107,1,0.754,1.977,0.361
11108,1,0.719,2.387,0.376
11109,1,0.508,3.623,0.562
11110,1,0.742,2.121,0.358
11111,1,0.633,2.74,0.476
11112,1,0.547,3.425,0.557
11113,1,0.471,3.955,0.613
11114,1,0.486,3.711,0.61
11115,1,0.516,3.389,0.567
11116,1,0.578,3.065,0.533
11117,1,0.566,3.29,0.516
11118,1,0.508,3.632,0.586
11119,1,0.703,2.274,0.396
11120,1,0.379,4.586,0.693
11121,1,0.582,3.05,0.502
11122,1,0.648,2.715,0.483
11123,1,0.641,2.735,0.447
11124,1,0.539,3.537,0.592
11125,1,0.688,2.28,0.408
11126,1,0.547,3.41,0.565
11127,1,0.527,3.25,0.573
11128,1,0.613,2.847,0.495
11129,1,0.746,2.137,0.393
11130,1,0.578,3.021,0.529
11131,1,0.719,2.209,0.385
11132,1,0.535,3.348,0.557
11133,1,0.336,4.818,0.741
11134,1,0.66,2.61,0.447
11135,1,0.348,4.58,0.707
11136,1,0.531,3.404,0.556
11137,1,0.75,2.137,0.352
11138,1,0.609,2.993,0.491
11139,1,0.59,3.171,0.498
11140,1,0.566,3.225,0.504
11141,1,0.684,2.565,0.424
11142,1,0.664,2.595,0.419
11143,1,1.25,1.768,0.309
11144,1,0.656,2.667,0.455
11145,1,0.578,3.921,0.63
11146,1,0.648,2.646,0.45
11147,1,0.469,3.846,0.618
11148,1,0.727,2.063,0.341
11149,1,0.625,2.896,0.48
11150,1,0.719,2.153,0.382
11151,1,0.691,2.539,0.418
11152,1,0.656,2.596,0.426
11153,1,0.688,2.501,0.403
11154,1,0.668,2.648,0.428
11155,1,0.43,4.161,0.67
11156,1,0.645,2.751,0.472
11157,1,0.484,3.743,0.601
11158,1,0.562,3.343,0.533
11159,1,0.684,2.473,0.41
11160,1,0.48,3.99,0.608
11161,1,0.516,3.576,0.569
11162,1,0.508,3.56,0.575
11163,1,0.617,2.904,0.476
11164,1,0.625,2.688,0.471
11165,1,0.543,3.379,0.562
11166,1,0.488,3.749,0.613
11167,1,0.656,2.537,0.439
11168,1,0.49,3.801,0.606
11169,1,0.789,1.89,0.32
11170,1,0.613,3.038,0.457
11171,1,0.645,2.796,0.455
11172,1,0.543,3.499,0.536
11173,1,0.648,2.733,0.448
11174,1,0.57,3.118,0.51
11175,1,0.668,2.764,0.432
11176,1,0.625,2.721,0.479
11177,1,0.676,2.609,0.424
11178,1,0.723,2.158,0.358
11179,1,0.543,3.411,0.563
11180,1,0.617,2.97,0.475
11181,1,0.586,3.086,0.52
11182,1,0.594,2.622,0.507
11183,1,0.629,2.726,0.456
11184,1,0.633,2.8,0.466
11185,1,0.758,2.04,0.348
11186,1,0.695,2.353,0.404
11187,1,0.617,2.972,0.496
11188,1,0.539,3.517,0.573
11189,1,0.645,2.703,0.435
11190,1,0.719,2.368,0.38
11191,1,0.637,2.704,0.459
11192,1,0.652,2.494,0.446
11193,1,0.703,2.292,0.376
11194,1,0.539,3.359,0.559
11195,1,0.703,2.596,0.411
11196,1,0.656,2.559,0.46
11197,1,0.703,2.535,0.411
11198,1,0.512,3.583,0.589
11199,1,0.523,3.565,0.584
11200,1,0.605,2.968,0.508
11201,1,0.578,3.197,0.521
11202,1,0.766,1.869,0.318
11203,1,0.758,1.984,0.359
11204,1,0.676,2.54,0.421
11205,1,0.691,2.432,0.389
11206,1,0.582,3.155,0.502
11207,1,0.48,3.624,0.578
11208,1,0.738,2.112,0.349
11209,1,0.551,3.291,0.553
11210,1,0.555,3.254,0.54
11211,1,0.582,3.159,0.516
11212,1,0.617,2.949,0.494
11213,1,0.703,2.333,0.417
11214,1,0.719,2.3,0.401
11215,1,0.648,2.607,0.437
11216,1,0.484,3.914,0.628
11217,1,0.672,2.385,0.416
11218,1,0.602,2.889,0.505
11219,1,0.49,3.784,0.599
11220,1,0.66,2.634,0.45
11221,1,0.613,2.993,0.493
11222,1,0.656,2.562,0.44
11223,1,0.555,3.276,0.543
11224,1,0.621,2.864,0.489
11225,1,0.516,3.601,0.593
11226,1,0.613,3.074,0.481
11227,1,0.703,2.359,0.384
11228,1,0.75,1.976,0.351
11229,1,0.59,2.883,0.51
11230,1,0.523,3.472,0.569
11231,1,0.492,3.718,0.591
11232,1,0.531,3.361,0.58
11233,1,0.586,3.091,0.509
11234,1,0.402,4.319,0.67
11235,1,0.43,4.27,0.661
11236,1,0.68,2.703,0.434
11237,1,0.562,3.387,0.546
11238,1,0.613,2.73,0.498
11239,1,0.586,3.1,0.524
11240,1,0.559,3.411,0.542
11241,1,0.59,3.068,0.523
11242,1,0.641,2.61,0.465
11243,1,0.648,2.722,0.443
11244,1,0.488,3.823,0.611
11245,1,0.547,3.264,0.546
11246,1,0.494,3.7,0.597
11247,1,0.445,4.005,0.637
11248,1,0.602,3.061,0.522
11249,1,0.625,3.024,0.483
11250,1,0.555,3.352,0.531
11251,1,0.602,3.02,0.504
11252,1,0.621,2.611,0.445
11253,1,0.475,3.916,0.619
11254,1,0.574,3.164,0.528
11255,1,0.688,2.431,0.396
11256,1,0.625,2.818,0.469
11257,1,0.559,3.303,0.531
11258,1,0.492,3.752,0.604
11259,1,0.508,3.628,0.604
11260,1,0.617,2.965,0.486
11261,1,0.789,1.999,0.349
11262,1,0.52,3.542,0.584
11263,1,0.789,3.179,0.567
11264,1,0.5,3.727,0.605
11265,1,0.672,2.576,0.427
11266,1,0.418,4.172,0.676
11267,1,0.617,2.941,0.492
11268,1,0.605,2.962,0.505
11269,1,0.523,3.43,0.585
11270,1,0.578,3.116,0.526
11271,1,0.613,2.963,0.499
11272,1,0.629,2.81,0.475
11273,1,0.547,3.437,0.542
11274,1,0.641,2.871,0.453
11275,1,0.656,2.678,0.444
11276,1,0.672,2.656,0.431
11277,1,0.746,2.02,0.349
11278,1,0.703,2.422,0.402
11279,1,0.742,2.147,0.366
11280,1,0.664,2.663,0.44
11281,1,0.625,2.941,0.478
11282,1,0.691,2.431,0.402
11283,1,0.648,2.782,0.447
11284,1,0.586,3.173,0.513
11285,1,0.438,4.121,0.654
11286,1,0.637,2.727,0.45
11287,1,0.449,4.093,0.634
11288,1,0.602,3.008,0.484
11289,1,0.613,2.966,0.486
11290,1,0.42,4.205,0.661
11291,1,0.789,2.027,0.307
11292,1,0.707,2.351,0.407
11293,1,0.719,2.305,0.384
11294,1,0.77,2.152,0.349
11295,1,0.754,1.921,0.355
11296,1,0.602,3.074,0.508
11297,1,0.789,1.96,0.29
11298,1,0.723,2.243,0.39
11299,1,0.668,2.525,0.424
11300,1,0.664,2.454,0.444
11301,1,0.684,2.437,0.424
11302,1,0.703,2.438,0.409
11303,1,0.586,3.139,0.508
11304,1,0.578,3.256,0.512
11305,1,0.523,3.549,0.585
11306,1,0.633,2.835,0.474
11307,1,0.531,3.317,0.554
11308,1,0.609,3.011,0.488
11309,1,0.633,2.857,0.47
11310,1,0.438,4.032,0.654
11311,1,0.633,2.69,0.457
11312,1,0.641,2.76,0.467
11313,1,0.695,2.246,0.419
11314,1,0.578,3.099,0.511
11315,1,0.498,3.842,0.603
11316,1,0.504,3.594,0.581
11317,1,0.641,2.863,0.455
11318,1,0.656,2.627,0.443
11319,1,0.703,2.377,0.414
11320,1,0.641,2.807,0.464
11321,1,0.57,3.264,0.526
11322,1,0.711,2.305,0.414
11323,1,0.57,3.024,0.457
11324,1,0.496,3.84,0.61
11325,1,0.629,2.864,0.475
11326,1,0.477,3.747,0.62
11327,1,0.383,4.367,0.704
11328,1,0.805,1.796,0.299
11329,1,0.387,4.411,0.676
11330,1,0.562,3.329,0.519
11331,1,0.609,3.023,0.474
11332,1,0.566,3.215,0.513
11333,1,0.637,2.665,0.455
11334,1,0.609,2.975,0.501
11335,1,0.332,4.83,0.727
11336,1,0.672,2.533,0.432
11337,1,0.461,4.006,0.623
11338,1,0.672,2.489,0.44
11339,1,0.613,2.972,0.483
11340,1,0.5,3.719,0.616
11341,1,0.605,3.0,0.492
11342,1,0.426,4.218,0.661
11343,1,0.828,1.716,0.272
11344,1,0.613,2.968,0.491
11345,1,0.637,2.708,0.452
11346,1,0.656,2.629,0.439
11347,1,0.49,3.688,0.603
11348,1,0.434,4.05,0.654
11349,1,0.523,3.548,0.59
11350,1,0.703,2.412,0.392
11351,1,0.5,3.788,0.585
11352,1,0.594,2.98,0.512
11353,1,0.742,2.19,0.373
11354,1,0.715,2.326,0.409
11355,1,0.746,2.187,0.336
11356,1,0.617,2.721,0.476
11357,1,0.68,2.587,0.418
11358,1,0.734,2.058,0.352
11359,1,0.664,2.429,0.443
11360,1,0.547,3.383,0.572
11361,1,0.52,3.509,0.581
11362,1,0.691,2.369,0.395
11363,1,0.582,2.914,0.488
11364,1,0.688,2.37,0.406
11365,1,0.633,2.739,0.469
11366,1,0.523,3.526,0.56
11367,1,0.49,3.651,0.605
11368,1,0.404,4.283,0.675
11369,1,0.625,2.97,0.482
11370,1,0.625,2.903,0.463
11371,1,0.516,3.742,0.572
11372,1,0.668,2.754,0.441
11373,1,0.531,3.5,0.575
11374,1,0.695,2.445,0.436
11375,1,0.668,2.531,0.434
11376,1,0.66,2.603,0.43
11377,1,0.441,4.058,0.648
11378,1,0.758,2.0,0.335
11379,1,0.742,1.998,0.35
11380,1,0.645,2.544,0.476
11381,1,0.52,3.557,0.571
11382,1,0.711,2.328,0.38
11383,1,0.664,2.544,0.43
11384,1,0.395,4.349,0.684
11385,1,0.633,2.78,0.479
11386,1,0.461,4.012,0.634
11387,1,0.508,3.361,0.591
11388,1,0.551,3.332,0.564
11389,1,0.621,2.632,0.447
11390,1,0.613,2.749,0.472
11391,1,0.531,3.547,0.588
11392,1,0.609,3.042,0.482
11393,1,0.719,2.945,0.5
11394,1,0.445,4.171,0.659
11395,1,0.633,2.711,0.45
11396,1,0.656,2.603,0.432
11397,1,0.547,3.381,0.564
11398,1,0.664,2.703,0.462
11399,1,0.641,2.813,0.477
11400,1,0.566,3.282,0.519
11401,1,0.482,3.837,0.617
11402,1,0.492,3.673,0.593
11403,1,0.688,2.519,0.414
11404,1,0.605,2.995,0.482
11405,1,0.633,2.722,0.476
11406,1,0.703,2.33,0.399
11407,1,0.641,2.742,0.464
11408,1,0.664,2.344,0.451
11409,1,0.512,3.577,0.585
11410,1,0.578,3.069,0.524
11411,1,0.598,3.229,0.504
11412,1,0.789,1.895,0.316
11413,1,0.605,2.862,0.491
11414,1,0.449,3.994,0.637
11415,1,0.727,2.218,0.385
11416,1,0.668,2.521,0.439
11417,1,0.633,2.707,0.469
11418,1,0.742,2.546,0.446
11419,1,0.648,2.598,0.471
11420,1,0.586,3.106,0.534
11421,1,0.504,3.556,0.598
11422,1,0.422,4.26,0.658
11423,1,0.504,3.753,0.579
11424,1,0.555,3.212,0.53
11425,1,0.531,3.526,0.56
11426,1,0.695,2.462,0.409
11427,1,0.75,2.056,0.356
11428,1,0.5,3.746,0.597
11429,1,0.398,4.491,0.668
11430,1,0.539,3.445,0.562
11431,1,0.578,3.087,0.517
11432,1,0.703,2.359,0.405
11433,1,0.672,2.518,0.406
11434,1,0.633,2.453,0.402
11435,1,0.488,3.789,0.625
11436,1,0.703,2.467,0.407
11437,1,0.633,2.924,0.487
11438,1,0.625,2.869,0.483
11439,1,0.504,3.552,0.586
11440,1,0.516,3.43,0.573
11441,1,0.387,4.408,0.698
11442,1,0.625,2.852,0.471
11443,1,0.75,2.0,0.356
11444,1,0.57,3.097,0.506
11445,1,0.691,2.457,0.429
11446,1,0.445,4.016,0.636
11447,1,0.645,2.922,0.478
11448,1,0.676,2.478,0.433
11449,1,0.547,3.432,0.559
11450,1,0.801,1.784,0.293
11451,1,0.652,2.801,0.435
11452,1,0.691,2.423,0.41
11453,1,0.648,2.792,0.45
11454,1,0.75,2.11,0.335
11455,1,0.512,3.164,0.531
11456,1,0.488,3.768,0.608
11457,1,0.781,2.223,0.49
11458,1,0.672,2.561,0.449
11459,1,0.574,3.228,0.517
11460,1,0.691,2.513,0.436
11461,1,0.598,3.108,0.498
11462,1,0.539,3.389,0.564
11463,1,0.742,2.098,0.377
11464,1,0.672,2.507,0.43
11465,1,0.578,3.169,0.517
11466,1,0.711,2.227,0.392
11467,1,0.758,1.916,0.345
11468,1,0.703,2.355,0.399
11469,1,0.773,2.009,0.327
11470,1,0.539,3.446,0.557
11471,1,0.602,3.243,0.494
11472,1,0.516,3.553,0.582
11473,1,0.629,2.879,0.473
11474,1,0.723,2.16,0.379
11475,1,0.492,3.684,0.603
11476,1,0.496,3.619,0.583
11477,1,0.688,2.445,0.437
11478,1,0.539,3.412,0.562
11479,1,0.828,2.152,0.337
11480,1,0.605,3.043,0.502
11481,1,0.629,2.713,0.485
11482,1,0.594,3.031,0.504
11483,1,0.492,3.666,0.605
11484,1,0.68,2.459,0.423
11485,1,0.457,3.858,0.643
11486,1,0.52,3.469,0.586
11487,1,0.488,3.726,0.604
11488,1,0.664,2.636,0.459
11489,1,0.703,2.472,0.387
11490,1,0.637,2.723,0.452
11491,1,0.57,3.212,0.515
11492,1,0.672,2.715,0.432
11493,1,0.68,2.508,0.453
11494,1,0.578,3.034,0.516
11495,1,0.664,2.532,0.437
11496,1,0.555,3.304,0.545
11497,1,0.539,3.441,0.532
11498,1,0.656,2.647,0.449
11499,1,0.496,3.73,0.591
11500,1,0.711,2.238,0.376
11501,1,0.562,3.202,0.54
11502,1,0.418,4.23,0.63
11503,1,0.637,2.928,0.479
11504,1,0.586,3.161,0.521
11505,1,0.57,3.153,0.53
11506,1,0.75,2.137,0.364
11507,1,0.734,2.278,0.395
11508,1,0.648,2.59,0.455
11509,1,0.516,3.446,0.586
11510,1,0.688,2.552,0.397
11511,1,0.543,3.411,0.573
11512,1,0.688,2.395,0.403
11513,1,0.527,3.563,0.563
11514,1,0.586,3.162,0.513
11515,1,0.527,3.492,0.578
11516,1,0.652,2.627,0.447
11517,1,0.719,2.309,0.38
11518,1,0.656,2.552,0.455
11519,1,0.586,3.169,0.513
11520,1,0.562,3.272,0.528
11521,1,0.395,4.411,0.693
11522,1,0.482,3.752,0.608
11523,1,0.477,3.857,0.628
11524,1,0.633,2.894,0.486
11525,1,0.758,1.975,0.325
11526,1,0.562,3.412,0.557
11527,1,0.641,2.737,0.455
11528,1,0.688,2.425,0.413
11529,1,0.512,3.629,0.581
11530,1,0.527,3.503,0.56
11531,1,0.723,2.175,0.377
11532,1,0.707,2.581,0.401
11533,1,0.559,3.174,0.533
11534,1,0.637,2.693,0.467
11535,1,0.494,3.894,0.601
11536,1,0.508,3.648,0.588
11537,1,0.715,2.352,0.362
11538,1,0.711,2.368,0.399
11539,1,0.457,3.961,0.63
11540,1,0.625,2.837,0.474
11541,1,0.516,3.595,0.578
11542,1,0.438,4.072,0.649
11543,1,0.719,2.35,0.384
11544,1,0.383,4.569,0.701
11545,1,0.734,2.202,0.373
11546,1,0.711,2.177,0.396
11547,1,0.547,3.415,0.554
11548,1,0.656,2.778,0.471
11549,1,0.605,2.953,0.482
11550,1,0.488,3.962,0.611
11551,1,0.566,3.034,0.537
11552,1,0.469,3.697,0.602
11553,1,0.613,3.062,0.466
11554,1,0.602,2.955,0.479
11555,1,0.492,3.796,0.606
11556,1,0.477,3.758,0.629
11557,1,0.578,3.12,0.523
11558,1,0.441,4.075,0.655
11559,1,0.48,3.87,0.607
11560,1,1.289,1.686,0.364
11561,1,0.566,3.191,0.531
11562,1,0.602,2.886,0.488
11563,1,0.586,3.107,0.526
11564,1,0.691,2.348,0.403
11565,1,0.578,3.187,0.506
11566,1,0.523,3.473,0.575
11567,1,0.672,2.624,0.441
11568,1,0.789,1.839,0.315
11569,1,0.609,3.421,0.623
11570,1,0.594,3.279,0.514
11571,1,0.734,2.157,0.358
11572,1,0.719,2.145,0.394
11573,1,0.586,2.533,0.417
11574,1,0.469,3.895,0.608
11575,1,0.625,2.958,0.479
11576,1,0.539,3.295,0.533
11577,1,0.508,3.561,0.569
11578,1,0.613,2.991,0.492
11579,1,0.816,1.825,0.307
11580,1,0.57,3.371,0.593
11581,1,0.352,4.7,0.717
11582,1,0.68,2.414,0.435
11583,1,0.695,2.513,0.441
11584,1,0.52,3.614,0.583
11585,1,0.582,3.237,0.535
11586,1,0.523,3.484,0.558
11587,1,0.512,3.492,0.587
11588,1,0.734,2.147,0.362
11589,1,0.57,3.142,0.513
11590,1,0.523,3.435,0.563
11591,1,0.598,3.024,0.515
11592,1,0.602,2.892,0.51
11593,1,0.555,3.297,0.544
11594,1,0.695,2.304,0.436
11595,1,0.559,3.195,0.529
11596,1,0.648,2.558,0.473
11597,1,0.648,2.655,0.455
11598,1,0.742,2.039,0.351
11599,1,0.49,3.793,0.616
11600,1,0.617,2.919,0.461
11601,1,0.492,3.598,0.612
11602,1,0.551,3.255,0.539
11603,1,0.672,2.625,0.42
11604,1,0.504,3.697,0.599
11605,1,0.523,3.437,0.57
11606,1,0.547,3.32,0.57
11607,1,0.445,4.12,0.662
11608,1,0.617,3.06,0.499
11609,1,0.773,1.87,0.327
11610,1,0.523,3.346,0.556
11611,1,0.688,2.461,0.402
11612,1,0.539,3.441,0.563
11613,1,0.797,1.906,0.327
11614,1,0.465,3.963,0.635
11615,1,0.695,2.575,0.421
11616,1,0.738,2.093,0.367
11617,1,0.688,2.506,0.398
11618,1,0.645,2.483,0.442
11619,1,0.621,2.876,0.477
11620,1,0.535,3.426,0.534
11621,1,0.523,3.444,0.556
11622,1,0.742,2.123,0.383
11623,1,0.75,2.053,0.384
11624,1,0.758,1.907,0.357
11625,1,0.68,2.509,0.398
11626,1,0.688,2.6,0.405
11627,1,0.629,2.93,0.474
11628,1,0.613,2.834,0.486
11629,1,0.43,4.273,0.657
11630,1,0.711,2.237,0.37
11631,1,0.559,3.193,0.543
11632,1,0.625,3.03,0.463
11633,1,0.672,2.523,0.435
11634,1,0.633,2.918,0.464
11635,1,0.648,2.745,0.459
11636,1,0.59,2.899,0.504
11637,1,0.527,3.519,0.584
11638,1,0.633,3.029,0.495
11639,1,0.766,1.907,0.33
11640,1,0.229,5.844,0.794
11641,1,0.695,2.512,0.404
11642,1,0.4,4.374,0.693
11643,1,0.75,1.914,0.361
11644,1,0.59,3.157,0.502
11645,1,0.566,3.38,0.514
11646,1,0.555,3.284,0.542
11647,1,0.482,3.813,0.586
11648,1,0.508,3.45,0.585
11649,1,0.734,2.185,0.411
11650,1,0.816,1.637,0.232
11651,1,0.648,2.734,0.46
11652,1,0.656,2.687,0.438
11653,1,0.512,3.67,0.574
11654,1,0.48,3.755,0.612
11655,1,0.539,3.445,0.536
11656,1,0.484,3.828,0.602
11657,1,0.473,4.01,0.614
11658,1,0.664,2.493,0.42
11659,1,0.613,2.941,0.483
11660,1,0.531,3.445,0.571
11661,1,0.625,2.803,0.455
11662,1,0.523,3.49,0.563
11663,1,0.594,3.134,0.507
11664,1,0.531,3.449,0.552
11665,1,0.672,2.446,0.433
11666,1,0.641,2.71,0.476
11667,1,0.625,2.741,0.471
11668,1,0.594,3.062,0.523
11669,1,0.656,2.522,0.436
11670,1,0.652,2.656,0.455
11671,1,0.652,2.541,0.445
11672,1,0.426,4.254,0.665
11673,1,0.664,2.486,0.439
11674,1,0.867,1.513,0.22
11675,1,0.629,2.788,0.469
11676,1,0.547,3.293,0.547
11677,1,0.641,2.784,0.454
11678,1,0.477,3.886,0.625
11679,1,0.605,3.075,0.498
11680,1,0.605,3.076,0.48
11681,1,0.836,1.66,0.264
11682,1,0.52,3.517,0.563
11683,1,0.379,4.425,0.707
11684,1,0.516,3.665,0.58
11685,1,0.695,2.386,0.409
11686,1,0.586,3.125,0.517
11687,1,0.539,3.349,0.561
11688,1,0.609,2.74,0.497
11689,1,0.754,2.223,0.363
11690,1,0.574,3.198,0.537
11691,1,0.504,3.626,0.611
11692,1,0.551,3.543,0.548
11693,1,0.625,2.805,0.471
11694,1,0.57,3.225,0.53
11695,1,0.641,2.689,0.467
11696,1,0.578,3.141,0.523
11697,1,0.68,2.428,0.435
11698,1,0.547,3.418,0.567
11699,1,0.773,1.974,0.323
11700,1,0.438,3.998,0.63
11701,1,0.801,1.751,0.282
11702,1,0.73,2.023,0.365
11703,1,0.625,2.892,0.477
11704,1,0.523,3.445,0.572
11705,1,0.707,2.439,0.402
11706,1,0.637,2.692,0.464
11707,1,0.711,2.351,0.415
11708,1,0.68,2.543,0.442
11709,1,0.656,2.57,0.432
11710,1,0.672,2.707,0.417
11711,1,0.465,3.937,0.638
11712,1,0.719,2.294,0.382
11713,1,0.508,3.694,0.598
11714,1,0.5,3.659,0.592
11715,1,0.734,2.214,0.366
11716,1,0.695,2.299,0.406
11717,1,0.594,3.22,0.518
11718,1,0.57,3.25,0.492
11719,1,0.625,2.986,0.459
11720,1,0.758,1.879,0.348
11721,1,0.695,2.553,0.424
11722,1,0.438,4.123,0.644
11723,1,0.613,2.869,0.485
11724,1,0.52,3.663,0.564
11725,1,0.688,2.484,0.401
11726,1,0.789,1.839,0.301
11727,1,0.633,2.722,0.474
11728,1,0.617,3.036,0.481
11729,1,0.455,3.998,0.644
11730,1,0.633,2.81,0.48
11731,1,0.648,2.669,0.461
11732,1,0.508,3.603,0.581
11733,1,0.723,2.243,0.402
11734,1,0.734,2.071,0.377
11735,1,0.523,3.559,0.57
11736,1,0.664,2.61,0.435
11737,1,0.629,2.903,0.469
11738,1,0.426,4.131,0.654
11739,1,0.609,3.002,0.496
11740,1,0.555,3.385,0.52
11741,1,0.602,3.064,0.508
11742,1,0.859,1.644,0.209
11743,1,0.293,4.879,0.756
11744,1,0.648,2.558,0.461
11745,1,0.586,3.203,0.524
11746,1,0.352,4.979,0.742
11747,1,0.695,2.331,0.403
11748,1,0.68,2.563,0.434
11749,1,0.645,2.651,0.466
11750,1,0.664,2.712,0.463
11751,1,0.547,3.466,0.55
11752,1,0.57,3.217,0.554
11753,1,0.547,3.349,0.56
11754,1,0.66,2.523,0.423
11755,1,0.609,3.115,0.489
11756,1,0.621,2.864,0.47
11757,1,0.555,3.361,0.544
11758,1,0.629,2.853,0.467
11759,1,0.711,2.308,0.393
11760,1,0.594,3.005,0.513
11761,1,0.523,3.488,0.574
11762,1,0.492,3.86,0.618
11763,1,0.426,4.255,0.657
11764,1,0.555,3.234,0.538
11765,1,0.504,3.638,0.589
11766,1,0.656,2.846,0.45
11767,1,0.762,2.0,0.333
11768,1,0.707,2.468,0.404
11769,1,0.641,2.735,0.466
11770,1,0.605,2.95,0.491
11771,1,0.656,2.758,0.454
11772,1,0.605,3.007,0.502
11773,1,0.504,3.611,0.584
11774,1,0.68,2.343,0.457
11775,1,0.688,2.325,0.413
11776,1,0.719,2.205,0.381
11777,1,0.746,2.032,0.347
11778,1,0.629,2.929,0.458
11779,1,0.586,3.107,0.505
11780,1,0.475,3.897,0.609
11781,1,0.742,2.086,0.37
11782,1,0.66,2.603,0.462
11783,1,0.648,2.668,0.452
11784,1,0.539,3.514,0.577
11785,1,0.66,2.672,0.448
11786,1,0.719,2.088,0.386
11787,1,0.516,3.687,0.562
11788,1,0.633,2.984,0.464
11789,1,0.758,1.965,0.347
11790,1,0.656,2.38,0.44
11791,1,0.57,2.995,0.479
11792,1,0.664,2.558,0.441
11793,1,0.539,3.262,0.563
11794,1,0.508,3.641,0.592
11795,1,0.445,4.052,0.64
11796,1,0.555,3.262,0.549
11797,1,0.562,3.222,0.512
11798,1,0.539,3.413,0.556
11799,1,0.469,3.798,0.629
11800,1,0.355,4.588,0.745
11801,1,0.57,3.192,0.518
11802,1,0.652,2.603,0.442
11803,1,0.586,3.085,0.513
11804,1,0.496,3.492,0.594
11805,1,0.684,2.476,0.422
11806,1,0.57,3.247,0.535
11807,1,0.416,4.208,0.67
11808,1,0.508,3.601,0.604
11809,1,0.688,2.445,0.41
11810,1,0.57,3.276,0.519
11811,1,0.73,2.084,0.378
11812,1,0.621,2.894,0.477
11813,1,0.461,3.938,0.609
11814,1,0.594,3.115,0.527
11815,1,0.695,2.313,0.403
11816,1,0.715,2.3,0.397
11817,1,0.668,2.518,0.444
11818,1,0.641,2.941,0.448
11819,1,0.684,2.664,0.417
11820,1,0.41,3.589,0.655
11821,1,0.75,1.909,0.342
11822,1,0.449,4.005,0.658
11823,1,0.559,3.246,0.548
11824,1,0.75,2.061,0.378
11825,1,0.451,4.008,0.671
11826,1,0.562,3.201,0.524
11827,1,0.703,2.398,0.374
11828,1,0.479,3.867,0.621
11829,1,0.391,4.419,0.69
11830,1,0.455,3.924,0.629
11831,1,0.574,3.316,0.516
11832,1,0.473,3.71,0.627
11833,1,0.512,3.7,0.58
11834,1,0.586,3.056,0.502
11835,1,0.605,3.138,0.503
11836,1,0.463,3.948,0.609
11837,1,0.609,2.952,0.489
11838,1,0.68,2.528,0.42
11839,1,0.664,2.507,0.43
11840,1,0.859,1.522,0.22
11841,1,0.316,4.953,0.726
11842,1,0.637,2.635,0.444
11843,1,0.547,3.393,0.551
11844,1,0.621,2.807,0.48
11845,1,0.621,3.025,0.478
11846,1,0.625,2.949,0.479
11847,1,0.73,2.177,0.376
11848,1,0.535,3.34,0.562
11849,1,0.422,4.149,0.671
11850,1,0.633,2.749,0.476
11851,1,0.758,2.032,0.347
11852,1,0.754,2.003,0.336
11853,1,0.406,4.376,0.688
11854,1,0.738,2.211,0.352
11855,1,0.398,4.314,0.679
11856,1,0.457,3.737,0.627
11857,1,0.711,2.368,0.401
11858,1,0.617,3.002,0.471
11859,1,0.75,2.047,0.359
11860,1,0.363,4.712,0.735
11861,1,0.609,2.724,0.489
11862,1,0.449,3.953,0.65
11863,1,0.641,2.654,0.464
11864,1,0.664,2.523,0.452
11865,1,0.703,2.48,0.402
11866,1,0.562,3.19,0.526
11867,1,0.719,2.184,0.377
11868,1,0.559,3.233,0.544
11869,1,0.539,3.355,0.564
11870,1,0.602,2.969,0.489
11871,1,0.48,3.915,0.617
11872,1,0.578,3.189,0.521
11873,1,0.703,2.387,0.405
11874,1,0.605,2.971,0.501
11875,1,0.773,1.978,0.301
11876,1,0.586,3.055,0.508
11877,1,0.562,3.16,0.559
11878,1,0.582,3.151,0.514
11879,1,0.504,3.731,0.584
11880,1,1.227,1.823,0.454
11881,1,0.523,3.399,0.583
11882,1,0.648,2.761,0.498
11883,1,0.742,2.24,0.386
11884,1,0.609,3.078,0.502
11885,1,0.703,2.501,0.415
11886,1,0.684,2.656,0.429
11887,1,0.617,2.987,0.484
11888,1,0.59,3.122,0.511
11889,1,0.711,2.431,0.407
11890,1,0.496,3.865,0.593
11891,1,0.641,2.739,0.469
11892,1,0.59,3.152,0.503
11893,1,0.672,2.538,0.435
11894,1,0.695,2.385,0.401
11895,1,0.676,2.441,0.431
11896,1,0.691,2.471,0.421
11897,1,0.711,3.317,0.564
11898,1,0.559,3.247,0.529
11899,1,0.473,3.851,0.616
11900,1,0.711,2.331,0.394
11901,1,0.562,3.299,0.514
11902,1,0.711,2.231,0.386
11903,1,0.656,2.673,0.46
11904,1,0.672,2.614,0.423
11905,1,0.656,2.525,0.422
11906,1,0.535,3.505,0.554
11907,1,0.57,3.17,0.516
11908,1,0.828,1.739,0.283
11909,1,0.451,4.067,0.651
11910,1,0.707,2.345,0.402
11911,1,0.602,3.023,0.494
11912,1,0.766,2.116,0.328
11913,1,0.742,2.201,0.387
11914,1,0.625,2.862,0.486
11915,1,0.684,2.443,0.418
11916,1,0.562,3.196,0.542
11917,1,0.414,4.217,0.673
11918,1,0.723,2.18,0.394
11919,1,0.441,3.944,0.645
11920,1,0.68,2.369,0.418
11921,1,0.508,3.581,0.602
11922,1,0.406,4.521,0.671
11923,1,0.641,2.638,0.45
11924,1,0.578,3.046,0.521
11925,1,0.469,3.958,0.617
11926,1,0.711,2.183,0.398
11927,1,0.453,3.991,0.634
11928,1,0.695,2.407,0.406
11929,1,0.578,3.138,0.527
11930,1,0.656,2.8,0.448
11931,1,0.57,3.159,0.53
11932,1,0.664,2.43,0.428
11933,1,0.402,4.163,0.685
11934,1,0.633,2.92,0.462
11935,1,0.688,2.458,0.426
11936,1,0.508,3.689,0.585
11937,1,0.492,3.695,0.608
11938,1,0.734,2.198,0.373
11939,1,0.543,3.344,0.562
11940,1,0.695,2.338,0.494
11941,1,0.48,3.756,0.625
11942,1,0.471,3.842,0.633
11943,1,0.645,2.557,0.461
11944,1,0.691,2.479,0.408
11945,1,0.727,2.364,0.369
11946,1,0.496,3.679,0.612
11947,1,0.688,2.467,0.4
11948,1,0.727,1.991,0.376
11949,1,0.539,3.534,0.573
11950,1,0.699,2.2,0.394
11951,1,0.719,2.218,0.37
11952,1,0.695,2.283,0.437
11953,1,0.586,2.994,0.516
11954,1,0.602,3.064,0.496
11955,1,0.68,2.666,0.425
11956,1,0.645,2.664,0.451
11957,1,0.781,1.912,0.332
11958,1,0.605,3.074,0.489
11959,1,0.711,2.305,0.385
11960,1,0.479,3.891,0.604
11961,1,0.672,2.558,0.44
11962,1,0.473,3.148,0.631
11963,1,0.494,3.511,0.583
11964,1,0.789,1.703,0.31
11965,1,0.602,2.862,0.482
11966,1,0.727,2.262,0.375
11967,1,0.641,2.825,0.459
11968,1,0.602,2.887,0.511
11969,1,0.688,2.542,0.432
11970,1,0.594,3.01,0.534
11971,1,0.516,3.435,0.547
11972,1,0.436,4.079,0.649
11973,1,0.574,3.353,0.539
11974,1,0.742,1.996,0.374
11975,1,0.676,2.51,0.402
11976,1,0.742,2.073,0.347
11977,1,0.578,3.153,0.504
11978,1,0.621,2.929,0.49
11979,1,0.367,4.591,0.72
11980,1,0.672,2.637,0.45
11981,1,0.672,2.564,0.429
11982,1,0.711,2.453,0.396
11983,1,0.465,3.97,0.627
11984,1,0.574,3.226,0.537
11985,1,0.668,2.635,0.444
11986,1,0.656,2.451,0.391
11987,1,0.656,2.727,0.449
11988,1,0.0,0.0,0.0
11989,1,0.664,2.466,0.435
11990,1,0.766,2.106,0.359
11991,1,0.688,2.442,0.417
11992,1,0.23,5.964,0.808
11993,1,0.492,3.709,0.591
11994,1,0.672,2.604,0.432
11995,1,0.539,3.446,0.567
11996,1,0.531,3.425,0.556
11997,1,0.688,2.277,0.403
11998,1,0.719,2.293,0.384
11999,1,0.617,2.714,0.477
12000,1,0.641,2.857,0.465
12001,1,0.473,3.756,0.615
12002,1,0.48,3.925,0.62
12003,1,0.617,2.939,0.518
12004,1,0.703,2.269,0.403
12005,1,0.68,2.519,0.429
12006,1,0.555,3.45,0.557
12007,1,0.531,3.57,0.589
12008,1,0.641,2.829,0.455
12009,1,0.539,3.517,0.558
12010,1,0.617,3.033,0.485
12011,1,0.395,4.662,0.695
12012,1,0.75,2.283,0.358
12013,1,0.672,2.625,0.423
12014,1,0.676,2.661,0.416
12015,1,0.688,2.405,0.414
12016,1,0.439,4.006,0.659
12017,1,0.57,2.989,0.525
12018,1,0.633,2.914,0.462
12019,1,0.648,2.687,0.459
12020,1,0.762,1.976,0.343
12021,1,0.465,3.895,0.626
12022,1,0.508,3.73,0.588
12023,1,0.641,2.867,0.477
12024,1,0.5,3.597,0.601
12025,1,0.711,2.427,0.404
12026,1,0.465,3.893,0.625
12027,1,0.766,1.953,0.347
12028,1,0.496,3.797,0.604
12029,1,0.758,1.98,0.356
12030,1,0.688,2.542,0.401
12031,1,0.52,3.641,0.585
12032,1,0.715,2.299,0.398
12033,1,0.479,3.845,0.627
12034,1,0.68,2.496,0.442
12035,1,0.467,3.942,0.633
12036,1,0.695,2.429,0.389
12037,1,0.719,2.195,0.369
12038,1,0.5,3.589,0.607
12039,1,0.555,3.276,0.544
12040,1,0.516,3.637,0.576
12041,1,0.648,2.69,0.451
12042,1,0.664,2.706,0.436
12043,1,0.664,2.848,0.434
12044,1,0.777,2.014,0.331
12045,1,0.688,2.198,0.401
12046,1,0.68,2.66,0.422
12047,1,0.516,3.594,0.587
12048,1,0.656,2.898,0.455
12049,1,0.656,2.74,0.442
12050,1,0.672,2.517,0.42
12051,1,0.836,1.693,0.265
12052,1,0.625,2.661,0.445
12053,1,0.633,2.693,0.436
12054,1,0.508,3.618,0.573
12055,1,0.547,3.305,0.557
12056,1,0.688,2.328,0.436
12057,1,0.535,3.419,0.57
12058,1,0.418,4.33,0.664
12059,1,0.449,4.09,0.647
12060,1,0.668,2.572,0.428
12061,1,0.688,2.375,0.409
12062,1,0.672,2.617,0.451
12063,1,0.477,3.845,0.616
12064,1,0.5,3.536,0.594
12065,1,0.516,3.486,0.579
12066,1,0.602,3.03,0.527
12067,1,0.578,3.088,0.519
12068,1,0.566,3.272,0.533
12069,1,0.449,3.969,0.63
12070,1,0.578,2.803,0.475
12071,1,0.477,3.748,0.632
12072,1,0.688,2.469,0.401
12073,1,0.691,2.475,0.407
12074,1,0.508,3.608,0.603
12075,1,0.402,3.738,0.68
12076,1,0.684,2.442,0.401
12077,1,0.629,2.879,0.458
12078,1,0.641,2.75,0.443
12079,1,0.559,3.282,0.526
12080,1,0.637,2.56,0.464
12081,1,0.562,3.102,0.532
12082,1,0.512,3.606,0.602
12083,1,0.656,2.595,0.449
12084,1,0.613,2.794,0.471
12085,1,0.602,3.017,0.486
12086,1,0.455,3.935,0.635
12087,1,0.562,3.162,0.559
12088,1,0.766,2.031,0.345
12089,1,0.703,2.422,0.406
12090,1,0.719,2.226,0.376
12091,1,0.703,2.309,0.384
12092,1,0.609,2.899,0.473
12093,1,0.75,1.942,0.362
12094,1,0.41,4.278,0.669
12095,1,0.469,3.854,0.62
12096,1,0.457,3.978,0.631
12097,1,0.441,3.95,0.642
12098,1,0.734,2.145,0.363
12099,1,0.543,3.357,0.539
12100,1,0.711,2.38,0.413
12101,1,0.508,3.587,0.582
12102,1,0.52,3.454,0.564
12103,1,0.82,1.622,0.262
12104,1,0.539,3.329,0.553
12105,1,0.586,3.064,0.505
12106,1,0.633,2.928,0.477
12107,1,0.32,5.06,0.762
12108,1,0.621,2.908,0.492
12109,1,0.688,2.409,0.408
12110,1,0.746,2.154,0.397
12111,1,0.75,2.093,0.333
12112,1,0.719,2.114,0.385
12113,1,0.66,2.572,0.425
12114,1,0.559,3.253,0.532
12115,1,0.711,2.396,0.396
12116,1,0.645,2.947,0.471
12117,1,0.676,2.312,0.389
12118,1,0.406,4.623,0.678
12119,1,0.695,2.406,0.404
12120,1,0.496,3.821,0.596
12121,1,0.688,2.348,0.425
12122,1,0.578,3.047,0.511
12123,1,0.59,3.162,0.507
12124,1,0.412,4.132,0.666
12125,1,0.633,2.781,0.473
12126,1,0.512,3.652,0.592
12127,1,0.523,3.532,0.575
12128,1,0.633,2.906,0.462
12129,1,0.637,2.801,0.477
12130,1,0.543,3.359,0.554
12131,1,0.648,2.725,0.452
12132,1,0.625,2.778,0.468
12133,1,0.684,2.677,0.425
12134,1,0.609,3.076,0.469
12135,1,0.648,2.66,0.456
12136,1,0.602,3.022,0.493
12137,1,0.625,2.841,0.466
12138,1,0.578,3.188,0.508
12139,1,0.684,2.364,0.407
12140,1,0.57,3.148,0.53
12141,1,0.797,1.902,0.353
12142,1,0.641,2.708,0.476
12143,1,0.672,2.472,0.415
12144,1,0.379,4.323,0.685
12145,1,0.832,1.63,0.259
12146,1,0.711,2.375,0.37
12147,1,0.586,3.125,0.507
12148,1,0.609,2.874,0.476
12149,1,0.539,3.43,0.555
12150,1,0.695,2.535,0.409
12151,1,0.562,3.209,0.516
12152,1,0.531,3.498,0.568
12153,1,0.531,3.401,0.561
12154,1,0.656,2.597,0.431
12155,1,0.562,3.288,0.52
12156,1,0.664,2.68,0.437
12157,1,0.504,3.662,0.581
12158,1,0.695,2.108,0.396
12159,1,0.455,3.919,0.632
12160,1,0.625,2.853,0.475
12161,1,0.559,3.331,0.536
12162,1,0.547,3.398,0.56
12163,1,0.547,3.525,0.554
12164,1,0.633,2.729,0.463
12165,1,0.648,2.571,0.448
12166,1,0.531,3.464,0.549
12167,1,0.426,4.168,0.659
12168,1,0.539,3.247,0.563
12169,1,0.75,2.103,0.362
12170,1,0.602,2.97,0.515
12171,1,0.586,3.112,0.523
12172,1,0.516,3.558,0.596
12173,1,0.672,2.586,0.436
12174,1,0.473,3.774,0.615
12175,1,0.395,4.296,0.698
12176,1,0.328,6.437,0.834
12177,1,0.559,3.252,0.548
12178,1,0.664,2.533,0.447
12179,1,0.633,2.81,0.449
12180,1,0.695,2.311,0.405
12181,1,0.625,2.694,0.486
12182,1,0.664,2.584,0.435
12183,1,0.707,2.397,0.406
12184,1,0.586,3.074,0.532
12185,1,0.5,3.709,0.591
12186,1,0.512,3.603,0.562
12187,1,0.52,3.402,0.56
12188,1,0.703,2.335,0.379
12189,1,0.348,4.711,0.732
12190,1,0.52,3.191,0.56
12191,1,0.477,3.935,0.628
12192,1,0.578,3.086,0.502
12193,1,0.66,2.31,0.438
12194,1,0.633,2.758,0.466
12195,1,0.582,3.037,0.507
12196,1,0.707,2.177,0.396
12197,1,0.309,4.813,0.738
12198,1,0.688,2.356,0.435
12199,1,0.547,3.416,0.542
12200,1,0.781,1.855,0.292
12201,1,0.672,2.7,0.432
12202,1,0.543,3.485,0.571
12203,1,0.555,3.205,0.544
12204,1,0.504,3.594,0.603
12205,1,0.711,2.258,0.399
12206,1,0.648,2.719,0.441
12207,1,0.496,3.558,0.59
12208,1,0.625,2.93,0.466
12209,1,0.516,3.552,0.554
12210,1,0.656,2.715,0.463
12211,1,0.498,3.655,0.605
12212,1,0.633,2.855,0.46
12213,1,0.695,2.47,0.396
12214,1,0.66,2.485,0.44
12215,1,0.691,2.255,0.422
12216,1,0.711,2.255,0.391
12217,1,0.684,2.495,0.416
12218,1,0.59,3.073,0.509
12219,1,0.648,2.814,0.451
12220,1,0.445,3.953,0.662
12221,1,0.398,4.353,0.677
12222,1,0.516,3.432,0.592
12223,1,0.52,3.679,0.597
12224,1,0.707,2.292,0.386
12225,1,0.973,1.819,0.272
12226,1,0.5,3.712,0.597
12227,1,0.293,5.97,0.827
12228,1,0.465,3.954,0.627
12229,1,0.578,3.16,0.504
12230,1,0.578,3.157,0.516
12231,1,0.543,3.213,0.543
12232,1,0.641,2.715,0.463
12233,1,0.699,2.343,0.389
12234,1,0.523,3.598,0.594
12235,1,0.66,2.511,0.419
12236,1,0.648,2.789,0.45
12237,1,0.742,2.066,0.349
12238,1,0.656,2.751,0.443
12239,1,0.441,3.961,0.659
12240,1,0.445,3.978,0.629
12241,1,0.766,1.957,0.348
12242,1,0.656,2.585,0.442
12243,1,0.484,3.801,0.61
12244,1,0.57,3.214,0.55
12245,1,0.551,3.243,0.547
12246,1,0.617,2.771,0.487
12247,1,0.531,3.4,0.57
12248,1,0.4,4.269,0.679
12249,1,0.617,3.09,0.52
12250,1,0.52,3.717,0.57
12251,1,0.742,2.409,0.331
12252,1,0.746,2.036,0.349
12253,1,0.617,2.789,0.487
12254,1,0.688,2.573,0.393
12255,1,0.695,2.507,0.401
12256,1,0.547,3.308,0.555
12257,1,0.5,3.656,0.602
12258,1,0.488,3.799,0.614
12259,1,0.508,3.653,0.588
12260,1,0.664,2.508,0.437
12261,1,0.363,4.442,0.736
12262,1,0.688,2.253,0.406
12263,1,0.586,3.069,0.512
12264,1,0.723,2.346,0.379
12265,1,0.594,3.139,0.522
12266,1,0.621,2.828,0.458
12267,1,0.59,3.04,0.497
12268,1,0.496,3.614,0.582
12269,1,0.613,2.883,0.481
12270,1,0.578,2.961,0.502
12271,1,0.381,4.468,0.688
12272,1,0.523,3.519,0.551
12273,1,0.523,3.62,0.562
12274,1,0.691,2.437,0.415
12275,1,0.605,2.932,0.475
12276,1,0.648,2.734,0.456
12277,1,0.406,4.538,0.685
12278,1,0.523,3.487,0.576
12279,1,0.467,3.908,0.618
12280,1,0.758,1.999,0.365
12281,1,0.438,4.15,0.665
12282,1,0.539,3.494,0.546
12283,1,0.395,4.445,0.7
12284,1,0.586,2.92,0.519
12285,1,0.516,3.642,0.569
12286,1,0.711,2.25,0.396
12287,1,0.418,4.371,0.676
12288,1,0.535,3.375,0.56
12289,1,0.52,3.593,0.576
12290,1,0.668,2.566,0.414
12291,1,0.688,2.463,0.419
12292,1,0.562,3.351,0.545
12293,1,0.723,2.181,0.38
12294,1,0.734,2.244,0.359
12295,1,0.734,2.138,0.365
12296,1,0.656,2.802,0.46
12297,1,0.695,2.318,0.404
12298,1,0.59,3.006,0.502
12299,1,0.598,3.038,0.49
12300,1,0.389,4.546,0.705
12301,1,0.281,5.017,0.772
12302,1,0.664,2.436,0.455
12303,1,0.57,3.144,0.533
12304,1,0.672,2.468,0.409
12305,1,0.676,2.273,0.424
12306,1,0.652,2.561,0.434
12307,1,0.695,2.452,0.402
12308,1,0.711,2.315,0.409
12309,1,0.408,4.247,0.65
12310,1,0.566,3.229,0.532
12311,1,0.48,3.811,0.6
12312,1,0.35,5.111,0.736
12313,1,0.742,2.284,0.352
12314,1,0.641,2.848,0.458
12315,1,0.637,2.77,0.476
12316,1,0.641,2.773,0.473
12317,1,0.633,2.815,0.466
12318,1,0.586,3.151,0.532
12319,1,0.727,2.084,0.347
12320,1,0.41,4.275,0.677
12321,1,0.703,2.218,0.404
12322,1,0.559,3.318,0.539
12323,1,0.73,2.04,0.372
12324,1,0.625,2.685,0.469
12325,1,0.703,2.389,0.387
12326,1,0.867,1.585,0.269
12327,1,0.516,3.61,0.587
12328,1,0.609,2.887,0.506
12329,1,0.664,2.502,0.442
12330,1,0.48,3.787,0.627
12331,1,0.648,2.565,0.442
12332,1,0.383,4.554,0.692
12333,1,0.672,2.461,0.44
12334,1,0.617,2.817,0.475
12335,1,0.52,3.727,0.581
12336,1,0.625,2.97,0.473
12337,1,0.672,2.475,0.406
12338,1,0.598,3.113,0.496
12339,1,0.582,3.18,0.523
12340,1,0.434,4.015,0.648
12341,1,0.578,2.94,0.528
12342,1,0.531,3.312,0.559
12343,1,0.539,3.344,0.539
12344,1,0.496,3.674,0.603
12345,1,0.449,4.007,0.651
12346,1,0.492,3.692,0.604
12347,1,0.555,3.284,0.532
12348,1,0.488,3.856,0.63
12349,1,0.365,4.892,0.711
12350,1,0.43,3.917,0.636
12351,1,0.4,4.215,0.683
12352,1,0.75,2.076,0.346
12353,1,0.578,3.223,0.516
12354,1,0.621,2.787,0.495
12355,1,0.617,2.892,0.472
12356,1,0.641,2.839,0.442
12357,1,0.621,2.573,0.468
12358,1,0.707,2.231,0.376
12359,1,0.625,3.044,0.485
12360,1,0.641,2.82,0.453
12361,1,0.41,4.27,0.692
12362,1,0.539,3.365,0.536
12363,1,0.633,2.972,0.467
12364,1,0.348,4.795,0.715
12365,1,0.512,3.699,0.582
12366,1,0.465,3.82,0.627
12367,1,0.656,2.84,0.451
12368,1,0.562,3.305,0.536
12369,1,0.605,3.037,0.495
12370,1,0.598,3.009,0.51
12371,1,0.555,3.305,0.535
12372,1,0.68,2.5,0.439
12373,1,0.508,3.62,0.592
12374,1,0.445,4.002,0.636
12375,1,0.475,3.815,0.619
12376,1,0.555,3.343,0.539
12377,1,0.484,3.755,0.624
12378,1,0.645,2.735,0.443
12379,1,0.453,3.966,0.629
12380,1,0.68,2.505,0.409
12381,1,0.398,4.437,0.649
12382,1,0.594,3.115,0.505
12383,1,0.562,3.112,0.533
12384,1,0.492,3.716,0.603
12385,1,0.695,2.495,0.407
12386,1,0.672,2.542,0.424
12387,1,0.566,3.091,0.528
12388,1,0.75,2.049,0.342
12389,1,0.648,2.644,0.434
12390,1,0.508,3.622,0.587
12391,1,0.633,2.749,0.476
12392,1,0.475,4.02,0.62
12393,1,0.688,2.316,0.414
12394,1,0.641,2.741,0.469
12395,1,0.625,2.826,0.489
12396,1,0.57,3.202,0.539
12397,1,0.535,3.394,0.574
12398,1,0.434,4.056,0.645
12399,1,0.508,3.602,0.587
12400,1,0.473,3.905,0.627
12401,1,0.633,2.81,0.468
12402,1,0.828,1.627,0.28
12403,1,0.402,4.278,0.683
12404,1,0.664,2.398,0.457
12405,1,0.629,2.761,0.468
12406,1,0.523,3.466,0.559
12407,1,0.668,2.614,0.418
12408,1,0.57,3.119,0.539
12409,1,0.449,3.992,0.653
12410,1,0.664,2.621,0.447
12411,1,0.738,2.244,0.392
12412,1,0.645,2.707,0.453
12413,1,0.703,2.325,0.392
12414,1,0.688,2.523,0.416
12415,1,0.504,3.629,0.594
12416,1,0.695,2.214,0.387
12417,1,0.656,2.699,0.432
12418,1,0.555,3.085,0.521
12419,1,0.455,3.979,0.635
12420,1,0.41,4.214,0.668
12421,1,0.633,2.888,0.468
12422,1,0.578,3.004,0.498
12423,1,0.428,4.138,0.652
12424,1,0.48,3.959,0.613
12425,1,0.68,2.543,0.432
12426,1,0.516,3.548,0.567
12427,1,0.727,2.325,0.362
12428,1,0.648,2.784,0.45
12429,1,0.57,3.191,0.521
12430,1,0.656,2.65,0.427
12431,1,0.73,2.031,0.353
12432,1,0.805,1.788,0.291
12433,1,0.695,2.479,0.415
12434,1,0.758,1.982,0.344
12435,1,0.422,4.29,0.689
12436,1,0.711,2.348,0.385
12437,1,0.715,2.337,0.388
12438,1,0.602,2.971,0.493
12439,1,0.688,2.437,0.411
12440,1,0.535,3.401,0.562
12441,1,0.609,3.025,0.508
12442,1,0.289,4.8,0.824
12443,1,0.496,3.73,0.574
12444,1,0.393,4.548,0.677
12445,1,0.633,2.785,0.469
12446,1,0.508,3.642,0.588
12447,1,0.594,3.005,0.494
12448,1,0.656,2.667,0.459
12449,1,0.711,2.227,0.374
12450,1,0.535,3.457,0.554
12451,1,0.68,2.495,0.424
12452,1,0.633,2.889,0.484
12453,1,0.691,2.391,0.415
12454,1,0.621,2.799,0.485
12455,1,0.797,1.865,0.319
12456,1,0.605,2.869,0.483
12457,1,0.664,2.322,0.437
12458,1,0.707,2.642,0.4
12459,1,0.68,2.49,0.42
12460,1,0.617,2.787,0.489
12461,1,0.449,4.055,0.635
12462,1,0.641,2.862,0.463
12463,1,0.664,2.707,0.43
12464,1,0.523,3.664,0.573
12465,1,0.566,3.232,0.531
12466,1,0.711,2.25,0.382
12467,1,0.555,3.339,0.541
12468,1,0.455,3.884,0.619
12469,1,0.727,2.237,0.374
12470,1,0.379,4.344,0.706
12471,1,0.508,3.563,0.604
12472,1,0.57,3.2,0.519
12473,1,0.543,3.383,0.554
12474,1,0.781,1.986,0.338
12475,1,0.555,3.364,0.537
12476,1,0.547,3.357,0.557
12477,1,0.719,2.339,0.38
12478,1,0.602,3.06,0.489
12479,1,0.578,3.101,0.52
12480,1,0.801,1.851,0.318
12481,1,0.672,2.622,0.428
12482,1,0.57,3.033,0.549
12483,1,0.695,2.465,0.47
12484,1,0.48,3.712,0.614
12485,1,0.438,4.128,0.658
12486,1,0.57,3.159,0.536
12487,1,0.695,2.347,0.414
12488,1,0.508,3.52,0.568
12489,1,0.594,3.022,0.492
12490,1,0.582,3.149,0.521
12491,1,0.562,3.289,0.534
12492,1,0.754,1.997,0.344
12493,1,0.707,2.349,0.422
12494,1,0.641,2.919,0.452
12495,1,0.668,2.348,0.424
12496,1,0.543,3.423,0.542
12497,1,0.68,2.626,0.412
12498,1,0.516,3.633,0.56
12499,1,0.656,2.715,0.453
12500,1,0.586,3.174,0.506
12501,1,0.602,3.073,0.494
12502,1,0.5,3.68,0.597
12503,1,0.594,3.025,0.503
12504,1,0.516,3.702,0.582
12505,1,0.625,2.953,0.491
12506,1,0.473,3.687,0.616
12507,1,0.57,3.058,0.498
12508,1,0.488,3.829,0.616
12509,1,0.781,1.879,0.33
12510,1,0.418,4.311,0.694
12511,1,0.602,2.946,0.479
12512,1,0.617,2.909,0.459
12513,1,0.719,2.191,0.391
12514,1,0.574,3.291,0.515
12515,1,0.5,3.814,0.592
12516,1,0.609,2.924,0.501
12517,1,0.66,2.484,0.439
12518,1,0.426,4.079,0.654
12519,1,0.652,2.598,0.453
12520,1,0.68,2.487,0.414
12521,1,0.648,2.537,0.449
12522,1,0.523,3.467,0.565
12523,1,0.43,4.118,0.656
12524,1,0.699,2.464,0.409
12525,1,0.75,1.999,0.343
12526,1,0.488,3.401,0.596
12527,1,0.48,3.799,0.625
12528,1,0.461,4.035,0.636
12529,1,0.789,1.792,0.304
12530,1,0.617,2.848,0.508
12531,1,0.648,2.741,0.452
12532,1,0.463,3.853,0.631
12533,1,0.531,3.203,0.575
12534,1,0.455,3.88,0.642
12535,1,0.789,1.867,0.311
12536,1,0.531,3.322,0.563
12537,1,0.633,2.783,0.499
12538,1,0.625,2.842,0.466
12539,1,0.547,3.315,0.54
12540,1,0.676,2.57,0.422
12541,1,0.766,2.103,0.337
12542,1,0.629,2.912,0.472
12543,1,0.641,2.863,0.47
12544,1,0.82,1.683,0.259
12545,1,0.367,4.497,0.703
12546,1,0.625,2.886,0.479
12547,1,0.598,3.126,0.499
12548,1,0.68,2.974,0.481
12549,1,0.566,3.164,0.533
12550,1,0.455,4.1,0.612
12551,1,0.455,3.888,0.636
12552,1,0.629,2.791,0.472
12553,1,0.586,3.164,0.526
12554,1,0.512,3.538,0.561
12555,1,0.648,2.7,0.442
12556,1,0.602,3.004,0.498
12557,1,0.535,3.42,0.553
12558,1,0.578,3.134,0.515
12559,1,0.727,2.002,0.387
12560,1,0.676,2.547,0.434
12561,1,0.461,3.872,0.649
12562,1,0.641,2.786,0.456
12563,1,0.543,3.298,0.548
12564,1,0.594,2.913,0.501
12565,1,0.555,3.182,0.535
12566,1,0.441,4.004,0.657
12567,1,0.629,2.739,0.464
12568,1,0.625,2.838,0.465
12569,1,0.52,3.453,0.558
12570,1,0.52,3.608,0.562
12571,1,0.621,2.912,0.484
12572,1,0.738,2.205,0.359
12573,1,0.504,3.693,0.576
12574,1,0.385,4.487,0.695
12575,1,0.625,2.926,0.491
12576,1,0.559,3.349,0.545
12577,1,0.656,2.616,0.432
12578,1,0.723,2.186,0.365
12579,1,0.734,2.125,0.369
12580,1,0.543,3.41,0.538
12581,1,0.734,2.184,0.379
12582,1,0.734,2.057,0.381
12583,1,0.82,1.834,0.307
12584,1,0.719,2.051,0.357
12585,1,0.498,3.681,0.592
12586,1,0.738,2.087,0.357
12587,1,0.633,2.712,0.477
12588,1,0.469,3.98,0.619
12589,1,0.648,2.671,0.44
12590,1,0.664,2.664,0.437
12591,1,0.746,2.216,0.356
12592,1,0.684,2.536,0.419
12593,1,0.508,3.609,0.587
12594,1,0.598,2.83,0.504
12595,1,0.617,2.815,0.464
12596,1,0.57,3.179,0.533
12597,1,0.461,3.964,0.63
12598,1,0.594,3.032,0.491
12599,1,0.625,2.942,0.478
12600,1,0.719,2.325,0.382
12601,1,0.566,3.229,0.535
12602,1,0.766,1.995,0.343
12603,1,0.75,1.949,0.332
12604,1,0.609,2.827,0.466
12605,1,0.559,3.25,0.557
12606,1,0.727,2.178,0.394
12607,1,0.523,3.583,0.55
12608,1,0.551,3.381,0.541
12609,1,0.59,3.03,0.506
12610,1,0.586,3.12,0.507
12611,1,0.719,2.079,0.39
12612,1,0.426,4.327,0.665
12613,1,0.703,2.285,0.431
12614,1,0.672,2.624,0.449
12615,1,0.391,4.505,0.734
12616,1,0.664,2.687,0.428
12617,1,0.641,2.779,0.449
12618,1,0.738,2.157,0.357
12619,1,0.602,3.031,0.489
12620,1,0.621,2.853,0.476
12621,1,0.387,4.435,0.706
12622,1,0.516,3.497,0.581
12623,1,0.418,4.329,0.664
12624,1,0.543,3.262,0.559
12625,1,0.609,2.876,0.506
12626,1,0.473,3.908,0.626
12627,1,0.523,3.601,0.55
12628,1,0.463,3.97,0.62
12629,1,0.488,3.66,0.593
12630,1,0.668,2.677,0.422
12631,1,0.535,3.442,0.539
12632,1,0.562,3.261,0.539
12633,1,0.477,3.834,0.622
12634,1,0.695,2.344,0.416
12635,1,0.492,3.721,0.614
12636,1,0.586,2.987,0.518
12637,1,0.527,3.692,0.564
12638,1,0.676,2.477,0.416
12639,1,0.582,2.981,0.507
12640,1,0.586,3.195,0.51
12641,1,0.613,2.665,0.479
12642,1,0.711,2.238,0.359
12643,1,0.664,2.711,0.431
12644,1,0.574,3.249,0.517
12645,1,0.387,4.475,0.705
12646,1,0.365,4.626,0.715
12647,1,0.711,2.595,0.393
12648,1,0.598,3.128,0.487
12649,1,0.645,2.855,0.465
12650,1,0.648,2.62,0.436
12651,1,0.543,3.452,0.556
12652,1,0.543,3.56,0.544
12653,1,0.633,2.851,0.464
12654,1,0.578,3.053,0.505
12655,1,0.578,3.207,0.513
12656,1,0.734,2.02,0.379
12657,1,0.609,2.801,0.489
12658,1,0.738,2.233,0.349
12659,1,0.641,2.856,0.463
12660,1,0.539,3.369,0.563
12661,1,0.551,3.334,0.547
12662,1,0.59,3.141,0.504
12663,1,0.66,2.521,0.474
12664,1,0.617,2.893,0.476
12665,1,0.648,2.664,0.451
12666,1,0.66,2.605,0.455
12667,1,0.711,3.681,0.634
12668,1,0.508,3.631,0.576
12669,1,0.594,3.113,0.508
12670,1,0.578,3.297,0.504
12671,1,0.68,2.474,0.422
12672,1,0.531,3.607,0.551
12673,1,0.594,3.342,0.508
12674,1,0.346,4.827,0.727
12675,1,0.602,3.013,0.498
12676,1,0.594,3.058,0.511
12677,1,0.68,2.492,0.416
12678,1,0.422,4.182,0.653
12679,1,0.422,4.066,0.652
12680,1,0.73,2.517,0.361
12681,1,0.625,2.985,0.5
12682,1,0.562,3.192,0.51
12683,1,0.539,3.43,0.554
12684,1,0.555,3.27,0.537
12685,1,0.598,2.983,0.494
12686,1,0.598,3.205,0.484
12687,1,0.641,2.555,0.481
12688,1,0.68,2.55,0.443
12689,1,0.633,2.801,0.456
12690,1,0.668,2.556,0.429
12691,1,0.547,3.409,0.544
12692,1,0.508,3.691,0.595
12693,1,0.5,3.536,0.6
12694,1,0.484,3.788,0.636
12695,1,0.371,4.527,0.71
12696,1,0.629,2.912,0.474
12697,1,0.781,2.005,0.326
12698,1,0.422,4.292,0.666
12699,1,0.637,2.575,0.474
12700,1,0.617,2.794,0.487
12701,1,0.633,2.743,0.434
12702,1,0.562,3.433,0.529
12703,1,0.652,3.604,0.528
12704,1,0.445,4.076,0.665
12705,1,0.42,4.163,0.654
12706,1,0.625,2.628,0.428
12707,1,0.504,3.66,0.594
12708,1,0.609,3.127,0.489
12709,1,0.617,2.877,0.476
12710,1,0.605,2.977,0.509
12711,1,0.734,2.272,0.361
12712,1,0.648,2.79,0.471
12713,1,0.617,2.936,0.478
12714,1,0.551,3.228,0.54
12715,1,0.504,3.676,0.58
12716,1,0.691,2.496,0.426
12717,1,0.414,4.213,0.679
12718,1,0.648,2.683,0.447
12719,1,0.621,2.832,0.492
12720,1,0.734,2.109,0.35
12721,1,0.82,1.846,0.269
12722,1,0.609,3.157,0.486
12723,1,0.531,3.604,0.566
12724,1,0.664,2.624,0.438
12725,1,0.527,3.504,0.568
12726,1,0.656,2.572,0.442
12727,1,0.453,4.143,0.636
12728,1,0.734,2.198,0.38
12729,1,0.582,3.031,0.532
12730,1,0.727,2.275,0.356
12731,1,0.648,2.846,0.433
12732,1,0.498,3.57,0.594
12733,1,0.547,3.438,0.538
12734,1,0.539,3.503,0.568
12735,1,0.539,3.266,0.543
12736,1,0.727,2.171,0.382
12737,1,0.625,3.041,0.489
12738,1,0.602,3.047,0.49
12739,1,0.465,3.983,0.625
12740,1,0.594,3.059,0.512
12741,1,0.414,4.204,0.68
12742,1,0.555,3.307,0.551
12743,1,0.539,3.521,0.552
12744,1,0.508,3.674,0.585
12745,1,0.617,2.851,0.476
12746,1,0.633,2.771,0.464
12747,1,0.516,3.599,0.575
12748,1,0.625,2.984,0.49
12749,1,0.602,2.883,0.491
12750,1,0.562,3.26,0.521
12751,1,0.527,3.481,0.565
12752,1,0.586,3.084,0.506
12753,1,0.57,3.288,0.524
12754,1,0.582,3.132,0.507
12755,1,0.512,3.636,0.586
12756,1,0.445,4.051,0.664
12757,1,0.578,3.33,0.518
12758,1,0.531,3.528,0.546
12759,1,0.547,3.565,0.565
12760,1,0.734,2.191,0.372
12761,1,0.641,2.798,0.486
12762,1,0.602,3.176,0.517
12763,1,0.711,2.349,0.397
12764,1,0.711,2.306,0.38
12765,1,0.641,2.831,0.466
12766,1,0.508,3.681,0.581
12767,1,0.438,4.136,0.635
12768,1,0.41,4.282,0.679
12769,1,0.617,2.871,0.484
12770,1,0.703,2.39,0.398
12771,1,0.688,2.468,0.407
12772,1,0.396,4.325,0.695
12773,1,0.578,3.201,0.506
12774,1,0.742,1.96,0.345
12775,1,0.465,3.961,0.631
12776,1,0.73,2.105,0.368
12777,1,0.645,2.654,0.443
12778,1,0.527,3.358,0.574
12779,1,0.68,2.593,0.414
12780,1,0.648,2.89,0.465
12781,1,0.699,2.46,0.409
12782,1,0.688,2.467,0.434
12783,1,0.688,2.395,0.409
12784,1,0.691,2.413,0.427
12785,1,0.523,3.341,0.585
12786,1,0.504,3.77,0.579
12787,1,0.441,3.992,0.64
12788,1,0.719,2.388,0.397
12789,1,0.504,3.511,0.595
12790,1,0.684,2.341,0.414
12791,1,0.32,4.828,0.739
12792,1,0.586,3.118,0.51
12793,1,0.586,3.01,0.497
12794,1,0.535,3.449,0.574
12795,1,0.578,3.117,0.514
12796,1,0.648,2.711,0.462
12797,1,0.621,3.015,0.474
12798,1,0.496,3.754,0.587
12799,1,0.578,3.134,0.521
12800,1,0.547,3.293,0.564
12801,1,0.695,2.277,0.41
12802,1,0.711,2.188,0.409
12803,1,0.461,3.998,0.63
12804,1,0.465,3.958,0.617
12805,1,0.695,2.426,0.425
12806,1,0.68,2.529,0.414
12807,1,0.617,2.905,0.464
12808,1,0.707,2.111,0.404
12809,1,0.574,3.108,0.518
12810,1,0.719,2.342,0.396
12811,1,0.617,3.008,0.468
12812,1,0.719,2.125,0.392
12813,1,0.672,2.455,0.427
12814,1,0.535,3.45,0.561
12815,1,0.602,2.945,0.498
12816,1,0.383,4.119,0.706
12817,1,0.641,2.575,0.472
12818,1,0.52,3.542,0.585
12819,1,0.719,2.245,0.365
12820,1,0.715,2.268,0.382
12821,1,0.719,2.39,0.427
12822,1,0.447,3.923,0.698
12823,1,0.543,3.437,0.543
12824,1,0.734,2.227,0.379
12825,1,0.562,3.364,0.549
12826,1,0.617,2.962,0.46
12827,1,0.508,3.573,0.576
12828,1,0.641,2.839,0.462
12829,1,0.602,2.897,0.508
12830,1,0.734,2.258,0.379
12831,1,0.617,3.07,0.467
12832,1,0.68,2.414,0.425
12833,1,0.699,2.508,0.405
12834,1,0.648,2.622,0.45
12835,1,0.691,2.431,0.416
12836,1,0.637,2.728,0.459
12837,1,0.758,2.055,0.328
12838,1,0.562,3.212,0.55
12839,1,0.648,2.826,0.447
12840,1,0.656,2.528,0.436
12841,1,0.578,3.129,0.514
12842,1,0.684,2.657,0.435
12843,1,0.57,3.2,0.516
12844,1,0.486,4.021,0.605
12845,1,0.738,1.969,0.352
12846,1,0.746,2.058,0.337
12847,1,0.582,3.055,0.511
12848,1,0.447,4.23,0.64
12849,1,0.488,3.849,0.613
12850,1,0.406,4.301,0.678
12851,1,0.574,2.625,0.564
12852,1,0.613,3.078,0.497
12853,1,0.523,3.47,0.546
12854,1,0.504,3.641,0.595
12855,1,0.777,1.964,0.33
12856,1,0.711,2.306,0.388
12857,1,0.496,3.639,0.612
12858,1,0.578,3.18,0.526
12859,1,0.672,2.283,0.435
12860,1,0.562,3.095,0.539
12861,1,0.703,2.603,0.412
12862,1,0.645,2.655,0.455
12863,1,0.355,4.772,0.714
12864,1,0.477,3.801,0.608
12865,1,0.562,3.233,0.529
12866,1,0.582,3.013,0.502
12867,1,0.586,2.979,0.528
12868,1,0.664,2.371,0.433
12869,1,0.438,4.023,0.641
12870,1,0.461,3.911,0.637
12871,1,0.785,1.931,0.317
12872,1,0.434,4.168,0.672
12873,1,0.809,1.824,0.298
12874,1,0.711,2.231,0.405
12875,1,0.633,2.837,0.445
12876,1,0.467,3.805,0.596
12877,1,0.578,3.296,0.515
12878,1,0.531,3.474,0.564
12879,1,0.766,1.85,0.326
12880,1,0.496,3.634,0.603
12881,1,0.52,3.461,0.574
12882,1,0.695,2.366,0.4
12883,1,0.711,2.089,0.37
12884,1,0.566,3.264,0.554
12885,1,0.244,5.581,0.8
12886,1,0.688,2.546,0.403
12887,1,0.629,2.731,0.472
12888,1,0.66,2.536,0.455
12889,1,0.527,3.483,0.557
12890,1,0.418,4.275,0.675
12891,1,0.781,1.784,0.327
12892,1,0.617,2.883,0.471
12893,1,0.672,2.373,0.419
12894,1,0.52,3.52,0.577
12895,1,0.641,2.684,0.459
12896,1,0.555,3.428,0.542
12897,1,0.715,2.401,0.414
12898,1,0.508,3.535,0.59
12899,1,0.703,2.135,0.385
12900,1,0.174,6.597,0.855
12901,1,0.602,2.911,0.483
12902,1,0.652,2.585,0.452
12903,1,0.461,3.781,0.626
12904,1,0.703,2.43,0.406
12905,1,0.609,2.974,0.497
12906,1,0.492,3.763,0.604
12907,1,0.699,2.394,0.401
12908,1,0.637,2.733,0.456
12909,1,0.342,4.681,0.732
12910,1,0.75,2.058,0.33
12911,1,0.719,2.225,0.392
12912,1,0.637,2.653,0.468
12913,1,0.734,2.264,0.379
12914,1,0.668,2.601,0.422
12915,1,0.664,2.633,0.447
12916,1,0.523,3.541,0.56
12917,1,0.562,3.197,0.526
12918,1,0.539,3.48,0.556
12919,1,0.551,3.301,0.55
12920,1,0.602,3.012,0.483
12921,1,0.559,3.152,0.532
12922,1,0.539,3.362,0.555
12923,1,0.625,2.887,0.476
12924,1,0.641,2.902,0.469
12925,1,0.707,2.145,0.392
12926,1,0.578,3.113,0.514
12927,1,0.555,3.139,0.569
12928,1,0.414,4.062,0.656
12929,1,0.609,2.789,0.47
12930,1,0.479,3.666,0.61
12931,1,0.73,2.101,0.385
12932,1,0.416,4.222,0.67
12933,1,0.727,2.221,0.374
12934,1,0.434,4.21,0.661
12935,1,0.719,2.311,0.395
12936,1,0.656,2.627,0.458
12937,1,0.695,2.468,0.421
12938,1,0.625,2.808,0.49
12939,1,0.75,1.989,0.352
12940,1,0.699,2.375,0.394
12941,1,0.559,3.323,0.529
12942,1,0.68,2.686,0.442
12943,1,0.688,2.281,0.409
12944,1,0.598,3.227,0.498
12945,1,0.66,2.736,0.444
12946,1,0.5,3.642,0.586
12947,1,0.727,2.152,0.391
12948,1,0.578,3.302,0.514
12949,1,0.707,2.464,0.389
12950,1,0.578,3.164,0.529
12951,1,0.648,2.64,0.457
12952,1,0.416,4.214,0.672
12953,1,0.488,3.802,0.627
12954,1,0.672,2.783,0.446
12955,1,0.652,3.673,0.688
12956,1,0.695,2.431,0.402
12957,1,0.75,2.032,0.371
12958,1,0.482,3.613,0.592
12959,1,0.488,3.845,0.602
12960,1,0.625,2.879,0.461
12961,1,0.766,1.967,0.341
12962,1,0.684,2.516,0.42
12963,1,0.656,2.779,0.451
12964,1,0.609,2.975,0.482
12965,1,0.443,4.074,0.643
12966,1,0.492,3.704,0.611
12967,1,0.656,2.439,0.454
12968,1,0.688,2.516,0.418
12969,1,0.367,4.51,0.715
12970,1,0.578,3.121,0.527
12971,1,0.461,4.035,0.621
12972,1,0.527,3.574,0.548
12973,1,0.719,2.239,0.39
12974,1,0.68,2.518,0.42
12975,1,0.504,3.652,0.578
12976,1,0.711,2.033,0.384
12977,1,0.758,1.883,0.323
12978,1,0.617,2.874,0.495
12979,1,0.57,3.131,0.512
12980,1,0.496,3.628,0.593
12981,1,0.672,2.521,0.432
12982,1,0.633,2.649,0.44
12983,1,0.617,2.873,0.483
12984,1,0.656,2.624,0.449
12985,1,0.574,3.22,0.537
12986,1,0.645,2.624,0.453
12987,1,0.664,2.729,0.462
12988,1,0.461,3.865,0.63
12989,1,0.535,3.291,0.554
12990,1,0.773,2.027,0.337
12991,1,0.582,3.166,0.528
12992,1,0.676,2.473,0.413
12993,1,0.5,3.665,0.593
12994,1,0.766,1.879,0.343
12995,1,0.594,2.876,0.483
12996,1,0.477,3.852,0.624
12997,1,0.645,2.676,0.465
12998,1,0.609,2.891,0.492
12999,1,0.656,2.728,0.435
13000,1,0.68,2.489,0.402
13001,1,0.582,3.023,0.519
13002,1,0.512,3.527,0.582
13003,1,0.418,4.223,0.673
13004,1,0.465,3.943,0.603
13005,1,0.629,2.85,0.481
13006,1,0.574,3.187,0.534
13007,1,0.703,2.506,0.4
13008,1,0.602,3.098,0.5
13009,1,0.656,2.708,0.428
13010,1,0.586,3.128,0.523
13011,1,0.453,3.911,0.652
13012,1,0.703,2.424,0.384
13013,1,0.703,2.474,0.41
13014,1,0.676,2.518,0.428
13015,1,0.598,2.954,0.508
13016,1,0.414,4.247,0.663
13017,1,0.594,3.05,0.502
13018,1,0.574,3.188,0.516
13019,1,0.613,2.904,0.482
13020,1,0.586,3.118,0.497
13021,1,0.453,4.062,0.648
13022,1,0.383,4.731,0.688
13023,1,0.617,2.773,0.478
13024,1,0.57,3.1,0.503
13025,1,0.566,3.279,0.514
13026,1,0.652,2.689,0.424
13027,1,0.402,4.355,0.691
13028,1,0.193,6.469,0.887
13029,1,0.57,3.155,0.535
13030,1,0.602,2.971,0.503
13031,1,0.758,2.119,0.349
13032,1,0.598,3.067,0.501
13033,1,0.594,3.074,0.493
13034,1,0.516,3.664,0.574
13035,1,0.711,2.158,0.374
13036,1,0.547,3.39,0.55
13037,1,0.445,4.122,0.651
13038,1,0.479,3.768,0.613
13039,1,0.461,3.962,0.64
13040,1,0.68,2.431,0.429
13041,1,0.68,2.528,0.438
13042,1,0.609,2.922,0.488
13043,1,0.574,3.35,0.53
13044,1,0.574,4.224,0.622
13045,1,0.492,3.7,0.615
13046,1,0.559,3.292,0.535
13047,1,0.418,4.237,0.671
13048,1,0.488,3.74,0.599
13049,1,0.688,2.415,0.379
13050,1,0.586,3.16,0.507
13051,1,0.605,2.989,0.49
13052,1,0.0,0.0,0.0
13053,1,0.402,4.363,0.675
13054,1,0.609,2.746,0.493
13055,1,0.672,2.586,0.436
13056,1,0.641,2.801,0.472
13057,1,0.656,2.695,0.437
13058,1,0.59,2.961,0.512
13059,1,0.488,3.677,0.613
13060,1,0.566,3.277,0.512
13061,1,0.516,3.532,0.558
13062,1,0.57,3.159,0.53
13063,1,0.377,4.612,0.711
13064,1,0.688,2.442,0.448
13065,1,0.574,3.15,0.526
13066,1,0.402,4.453,0.679
13067,1,0.527,3.409,0.568
13068,1,0.475,3.667,0.602
13069,1,0.633,2.736,0.478
13070,1,0.438,3.982,0.653
13071,1,0.566,3.136,0.517
13072,1,0.512,3.55,0.571
13073,1,0.73,2.186,0.349
13074,1,0.439,4.042,0.647
13075,1,0.594,2.977,0.523
13076,1,0.641,2.676,0.431
13077,1,0.531,3.485,0.571
13078,1,0.377,4.537,0.711
13079,1,0.477,3.902,0.62
13080,1,0.484,3.827,0.601
13081,1,0.469,3.861,0.621
13082,1,0.605,3.075,0.494
13083,1,0.352,4.65,0.712
13084,1,0.617,2.881,0.475
13085,1,0.676,2.538,0.427
13086,1,0.602,2.948,0.513
13087,1,0.59,3.066,0.505
13088,1,0.5,3.748,0.594
13089,1,0.559,3.278,0.58
13090,1,0.621,2.93,0.457
13091,1,0.578,3.148,0.516
13092,1,0.531,3.426,0.563
13093,1,0.385,4.437,0.697
13094,1,0.766,1.949,0.339
13095,1,0.574,3.232,0.513
13096,1,0.617,2.892,0.461
13097,1,0.414,4.238,0.666
13098,1,0.281,5.441,0.782
13099,1,0.801,1.952,0.323
13100,1,0.352,4.712,0.73
13101,1,0.602,2.937,0.489
13102,1,0.379,4.66,0.703
13103,1,0.656,2.606,0.444
13104,1,0.582,2.204,0.597
13105,1,0.543,3.373,0.563
13106,1,0.516,3.6,0.578
13107,1,0.641,2.609,0.454
13108,1,0.621,2.79,0.483
13109,1,0.609,2.848,0.483
13110,1,0.699,2.246,0.457
13111,1,0.684,2.475,0.411
13112,1,0.441,4.017,0.636
13113,1,0.418,4.139,0.672
13114,1,0.633,2.758,0.468
13115,1,0.684,2.437,0.4
13116,1,0.613,2.954,0.491
13117,1,0.609,2.844,0.466
13118,1,0.695,2.48,0.39
13119,1,0.664,2.778,0.451
13120,1,0.555,3.326,0.541
13121,1,0.625,2.755,0.459
13122,1,0.547,3.316,0.547
13123,1,0.484,3.814,0.606
13124,1,0.555,3.439,0.541
13125,1,0.773,1.955,0.334
13126,1,0.613,2.942,0.483
13127,1,0.648,2.629,0.439
13128,1,0.645,2.395,0.354
13129,1,0.547,3.187,0.543
13130,1,0.504,3.809,0.607
13131,1,0.645,2.793,0.454
13132,1,0.633,2.841,0.483
13133,1,0.625,2.888,0.484
13134,1,0.734,2.106,0.359
13135,1,0.363,4.692,0.711
13136,1,0.711,2.329,0.409
13137,1,0.586,2.923,0.504
13138,1,0.445,4.075,0.627
13139,1,0.672,2.378,0.432
13140,1,0.602,2.823,0.504
13141,1,0.629,2.792,0.47
13142,1,0.531,3.285,0.558
13143,1,0.586,3.255,0.518
13144,1,0.598,3.066,0.489
13145,1,0.555,3.367,0.555
13146,1,0.656,2.455,0.429
13147,1,0.406,4.33,0.678
13148,1,0.457,4.282,0.658
13149,1,0.641,2.773,0.469
13150,1,0.711,2.278,0.393
13151,1,0.625,2.991,0.478
13152,1,0.547,3.264,0.533
13153,1,0.797,1.841,0.327
13154,1,0.578,3.245,0.521
13155,1,0.52,3.494,0.573
13156,1,0.516,3.688,0.565
13157,1,0.59,2.971,0.519
13158,1,0.695,2.412,0.414
13159,1,0.699,2.432,0.393
13160,1,0.594,3.131,0.492
13161,1,0.539,3.395,0.541
13162,1,0.648,2.584,0.476
13163,1,0.648,2.714,0.443
13164,1,0.715,2.276,0.393
13165,1,0.432,4.274,0.655
13166,1,0.57,2.738,0.574
13167,1,0.594,2.924,0.5
13168,1,0.742,2.044,0.362
13169,1,0.719,2.324,0.374
13170,1,0.434,4.165,0.647
13171,1,0.422,4.158,0.655
13172,1,0.746,1.919,0.342
13173,1,0.527,3.415,0.552
13174,1,0.719,2.21,0.378
13175,1,0.648,2.758,0.445
13176,1,0.707,2.259,0.416
13177,1,0.432,4.148,0.633
13178,1,0.414,4.274,0.665
13179,1,0.516,3.501,0.56
13180,1,0.68,2.447,0.43
13181,1,0.695,2.257,0.382
13182,1,0.43,4.022,0.647
13183,1,0.602,3.078,0.495
13184,1,0.703,2.333,0.39
13185,1,0.414,4.567,0.688
13186,1,0.52,3.505,0.577
13187,1,0.492,3.738,0.607
13188,1,0.484,3.615,0.593
13189,1,0.633,2.776,0.466
13190,1,0.719,2.245,0.383
13191,1,0.695,2.282,0.4
13192,1,0.594,3.059,0.522
13193,1,0.574,3.241,0.508
13194,1,0.684,2.623,0.418
13195,1,0.602,2.988,0.496
13196,1,0.641,2.777,0.455
13197,1,0.48,3.872,0.621
13198,1,0.535,3.663,0.536
13199,1,0.594,3.004,0.503
13200,1,0.734,2.322,0.41
13201,1,0.555,3.362,0.542
13202,1,0.641,2.794,0.464
13203,1,0.457,3.855,0.625
13204,1,0.688,2.291,0.403
13205,1,0.492,3.73,0.589
13206,1,0.711,2.297,0.422
13207,1,0.426,4.139,0.649
13208,1,0.59,3.156,0.52
13209,1,0.641,2.989,0.499
13210,1,0.668,2.651,0.461
13211,1,0.656,2.487,0.431
13212,1,0.617,2.951,0.482
13213,1,0.695,2.339,0.394
13214,1,0.438,4.042,0.64
13215,1,0.766,1.965,0.32
13216,1,0.48,3.788,0.608
13217,1,0.625,2.896,0.472
13218,1,0.629,2.845,0.448
13219,1,0.426,4.08,0.651
13220,1,0.781,1.914,0.342
13221,1,0.469,3.791,0.641
13222,1,0.68,2.639,0.442
13223,1,0.512,3.582,0.579
13224,1,0.473,3.838,0.619
13225,1,0.691,2.483,0.407
13226,1,0.59,3.068,0.506
13227,1,0.43,4.232,0.64
13228,1,0.668,2.589,0.434
13229,1,0.695,2.484,0.416
13230,1,0.479,3.896,0.609
13231,1,0.547,3.362,0.565
13232,1,0.381,4.462,0.701
13233,1,0.688,2.46,0.4
13234,1,0.602,3.063,0.502
13235,1,0.68,2.446,0.447
13236,1,0.475,3.893,0.623
13237,1,0.551,2.816,0.477
13238,1,0.523,3.531,0.586
13239,1,0.574,3.042,0.522
13240,1,0.684,2.309,0.413
13241,1,0.482,3.812,0.632
13242,1,0.613,2.85,0.465
13243,1,0.648,2.724,0.451
13244,1,0.398,4.249,0.677
13245,1,0.672,2.395,0.431
13246,1,0.672,2.52,0.415
13247,1,0.445,3.988,0.628
13248,1,0.348,4.869,0.724
13249,1,0.609,3.027,0.493
13250,1,0.531,3.439,0.546
13251,1,0.688,2.456,0.426
13252,1,0.594,3.046,0.502
13253,1,0.648,2.652,0.444
13254,1,0.445,4.017,0.639
13255,1,0.449,4.019,0.638
13256,1,0.484,3.865,0.622
13257,1,0.416,4.339,0.672
13258,1,0.387,4.473,0.705
13259,1,0.742,2.126,0.385
13260,1,0.699,2.538,0.42
13261,1,0.699,2.389,0.394
13262,1,0.314,4.528,0.747
13263,1,0.625,2.761,0.476
13264,1,0.695,2.426,0.399
13265,1,0.551,3.135,0.536
13266,1,0.688,2.516,0.418
13267,1,0.586,3.143,0.514
13268,1,0.598,2.877,0.485
13269,1,0.66,2.601,0.439
13270,1,0.5,3.715,0.594
13271,1,0.395,4.303,0.692
13272,1,0.75,1.925,0.354
13273,1,0.719,2.343,0.372
13274,1,0.633,2.653,0.45
13275,1,0.691,2.51,0.395
13276,1,0.668,2.644,0.44
13277,1,0.766,2.12,0.353
13278,1,0.436,4.132,0.661
13279,1,0.543,3.442,0.557
13280,1,0.457,3.938,0.617
13281,1,0.66,2.769,0.453
13282,1,0.719,2.243,0.384
13283,1,0.648,2.754,0.46
13284,1,0.426,4.078,0.676
13285,1,0.664,2.596,0.438
13286,1,0.594,3.018,0.484
13287,1,0.469,3.829,0.619
13288,1,0.477,3.747,0.611
13289,1,0.711,2.134,0.367
13290,1,0.727,2.246,0.369
13291,1,0.508,3.564,0.581
13292,1,0.625,2.885,0.48
13293,1,0.695,2.302,0.379
13294,1,0.68,2.487,0.412
13295,1,0.594,3.063,0.49
13296,1,0.471,3.868,0.603
13297,1,0.555,3.153,0.531
13298,1,0.602,3.155,0.52
13299,1,0.504,3.719,0.591
13300,1,0.594,3.172,0.505
13301,1,0.609,2.869,0.477
13302,1,0.699,2.475,0.407
13303,1,0.672,2.66,0.442
13304,1,0.504,3.795,0.603
13305,1,0.582,3.245,0.509
13306,1,0.738,2.142,0.383
13307,1,0.594,3.08,0.517
13308,1,0.617,2.751,0.495
13309,1,0.66,2.809,0.426
13310,1,0.625,2.865,0.471
13311,1,0.516,3.426,0.563
13312,1,0.439,4.126,0.651
13313,1,0.609,2.887,0.498
13314,1,0.684,2.469,0.407
13315,1,0.648,2.74,0.424
13316,1,0.469,3.9,0.613
13317,1,0.586,3.104,0.515
13318,1,0.578,3.2,0.531
13319,1,0.609,2.977,0.49
13320,1,0.633,2.783,0.47
13321,1,0.348,4.695,0.721
13322,1,0.656,2.642,0.437
13323,1,0.578,3.242,0.522
13324,1,0.613,3.012,0.495
13325,1,0.578,3.163,0.517
13326,1,0.539,3.582,0.535
13327,1,0.488,3.84,0.614
13328,1,0.637,2.861,0.464
13329,1,0.508,3.718,0.587
13330,1,0.719,2.058,0.384
13331,1,0.57,3.206,0.538
13332,1,0.684,2.524,0.427
13333,1,0.492,3.709,0.601
13334,1,0.648,2.749,0.441
13335,1,0.598,3.06,0.511
13336,1,1.109,1.535,0.114
13337,1,0.562,3.366,0.529
13338,1,0.471,3.836,0.618
13339,1,0.703,2.304,0.372
13340,1,0.398,4.223,0.699
13341,1,0.344,4.616,0.739
13342,1,0.551,3.282,0.538
13343,1,0.574,3.163,0.496
13344,1,0.174,6.435,0.875
13345,1,0.547,3.294,0.561
13346,1,0.52,3.563,0.59
13347,1,0.734,2.347,0.363
13348,1,0.68,2.494,0.431
13349,1,0.75,2.073,0.372
13350,1,0.633,2.797,0.465
13351,1,0.625,2.768,0.485
13352,1,0.479,3.842,0.621
13353,1,0.484,3.934,0.607
13354,1,0.625,2.685,0.468
13355,1,0.734,2.116,0.385
13356,1,0.586,3.202,0.491
13357,1,0.461,3.896,0.614
13358,1,0.621,2.756,0.484
13359,1,0.629,2.843,0.457
13360,1,0.68,2.583,0.429
13361,1,0.508,3.695,0.577
13362,1,0.617,2.891,0.458
13363,1,0.609,2.86,0.489
13364,1,0.594,3.01,0.505
13365,1,0.648,2.558,0.468
13366,1,0.652,2.607,0.458
13367,1,0.344,4.702,0.733
13368,1,0.578,3.109,0.533
13369,1,0.652,2.701,0.439
13370,1,0.812,1.768,0.277
13371,1,0.59,3.127,0.517
13372,1,0.41,4.371,0.676
13373,1,0.664,2.664,0.436
13374,1,0.625,2.932,0.473
13375,1,0.555,3.288,0.533
13376,1,0.578,3.02,0.507
13377,1,0.461,4.041,0.636
13378,1,0.766,1.906,0.304
13379,1,0.633,2.667,0.456
13380,1,0.645,2.762,0.444
13381,1,0.527,3.487,0.561
13382,1,0.688,2.464,0.45
13383,1,0.523,3.592,0.571
13384,1,0.562,3.211,0.53
13385,1,0.621,2.903,0.472
13386,1,0.656,2.64,0.418
13387,1,0.742,2.042,0.38
13388,1,0.543,3.369,0.543
13389,1,0.672,2.562,0.434
13390,1,0.746,2.188,0.337
13391,1,0.484,3.806,0.607
13392,1,0.566,3.124,0.539
13393,1,0.465,3.861,0.61
13394,1,0.625,3.022,0.482
13395,1,0.648,2.628,0.456
13396,1,0.648,2.71,0.477
13397,1,0.695,2.391,0.397
13398,1,0.664,2.573,0.414
13399,1,0.617,2.747,0.509
13400,1,0.617,2.945,0.479
13401,1,0.471,3.839,0.617
13402,1,0.436,4.16,0.664
13403,1,0.574,3.204,0.523
13404,1,0.605,2.932,0.49
13405,1,0.5,3.652,0.62
13406,1,0.625,2.785,0.468
13407,1,0.373,4.828,0.711
13408,1,0.836,1.704,0.283
13409,1,0.68,2.614,0.43
13410,1,0.68,2.383,0.41
13411,1,0.648,2.775,0.443
13412,1,0.566,3.302,0.52
13413,1,0.789,2.035,0.349
13414,1,0.664,2.503,0.429
13415,1,0.664,2.649,0.43
13416,1,0.395,4.167,0.693
13417,1,0.535,3.364,0.56
13418,1,0.621,2.819,0.479
13419,1,0.396,4.506,0.685
13420,1,0.676,2.432,0.442
13421,1,0.473,3.91,0.597
13422,1,0.602,3.105,0.502
13423,1,0.695,2.356,0.425
13424,1,0.715,2.259,0.383
13425,1,0.326,4.78,0.752
13426,1,0.574,3.106,0.519
13427,1,0.68,2.385,0.406
13428,1,0.471,4.18,0.617
13429,1,0.539,3.455,0.541
13430,1,0.609,2.852,0.488
13431,1,0.459,3.962,0.636
13432,1,0.668,2.25,0.43
13433,1,0.582,3.174,0.502
13434,1,0.508,3.646,0.592
13435,1,0.699,2.222,0.382
13436,1,0.578,3.01,0.521
13437,1,0.688,2.556,0.415
13438,1,0.57,3.322,0.519
13439,1,0.57,3.149,0.54
13440,1,0.562,3.21,0.524
13441,1,0.594,3.032,0.506
13442,1,0.543,3.553,0.57
13443,1,0.562,3.243,0.539
13444,1,0.566,3.053,0.512
13445,1,0.566,3.06,0.523
13446,1,0.695,2.522,0.415
13447,1,0.703,2.162,0.379
13448,1,0.59,3.041,0.491
13449,1,0.453,3.861,0.616
13450,1,0.432,4.24,0.652
13451,1,0.531,3.486,0.58
13452,1,0.633,2.617,0.472
13453,1,0.562,3.196,0.529
13454,1,0.707,2.205,0.405
13455,1,0.555,3.332,0.522
13456,1,0.586,3.002,0.499
13457,1,0.609,3.059,0.487
13458,1,0.562,3.424,0.526
13459,1,0.527,3.365,0.566
13460,1,0.625,2.871,0.466
13461,1,0.68,2.548,0.424
13462,1,0.715,2.143,0.393
13463,1,0.494,3.731,0.568
13464,1,0.473,3.911,0.59
13465,1,0.434,3.953,0.66
13466,1,0.367,4.598,0.72
13467,1,0.637,2.709,0.464
13468,1,0.773,1.954,0.337
13469,1,0.621,2.971,0.473
13470,1,0.594,3.09,0.497
13471,1,0.434,4.073,0.652
13472,1,0.5,3.664,0.591
13473,1,0.488,3.681,0.603
13474,1,0.562,3.272,0.514
13475,1,0.459,3.999,0.63
13476,1,0.438,4.124,0.651
13477,1,0.574,3.124,0.522
13478,1,0.59,3.132,0.498
13479,1,0.512,3.513,0.586
13480,1,0.508,3.653,0.579
13481,1,0.625,2.739,0.485
13482,1,0.484,3.751,0.609
13483,1,0.484,3.969,0.616
13484,1,0.342,4.826,0.735
13485,1,0.664,2.689,0.428
13486,1,0.539,3.357,0.539
13487,1,0.719,2.18,0.384
13488,1,0.684,2.582,0.408
13489,1,0.531,3.462,0.552
13490,1,0.574,3.085,0.499
13491,1,0.656,2.479,0.434
13492,1,0.625,2.729,0.464
13493,1,0.676,2.475,0.397
13494,1,0.531,3.372,0.552
13495,1,0.605,3.053,0.465
13496,1,0.684,2.45,0.412
13497,1,0.508,3.775,0.578
13498,1,0.523,3.569,0.556
13499,1,0.453,4.004,0.645
13500,1,0.625,2.863,0.463
13501,1,0.609,2.775,0.474
13502,1,0.566,3.067,0.514
13503,1,0.625,2.759,0.474
13504,1,0.582,3.101,0.499
13505,1,0.625,2.721,0.483
13506,1,0.453,3.99,0.649
13507,1,0.385,4.353,0.696
13508,1,0.578,2.986,0.527
13509,1,0.512,3.608,0.585
13510,1,0.508,3.674,0.564
13511,1,0.422,4.316,0.677
13512,1,0.303,5.256,0.76
13513,1,0.621,2.875,0.472
13514,1,0.434,4.099,0.635
13515,1,0.566,3.325,0.518
13516,1,0.699,2.49,0.406
13517,1,0.516,3.576,0.583
13518,1,0.555,3.293,0.531
13519,1,0.512,3.348,0.584
13520,1,0.449,4.035,0.642
13521,1,0.758,1.97,0.337
13522,1,0.672,2.523,0.443
13523,1,0.555,3.262,0.545
13524,1,0.746,2.003,0.328
13525,1,0.617,2.864,0.483
13526,1,0.281,5.449,0.791
13527,1,0.547,3.411,0.567
13528,1,0.625,2.803,0.485
13529,1,0.492,3.644,0.582
13530,1,0.668,2.433,0.42
13531,1,0.57,3.141,0.526
13532,1,0.613,2.831,0.47
13533,1,0.527,3.566,0.556
13534,1,0.57,3.289,0.532
13535,1,0.484,3.889,0.601
13536,1,0.711,2.263,0.399
13537,1,0.703,2.319,0.397
13538,1,0.574,3.175,0.523
13539,1,0.645,2.672,0.432
13540,1,0.516,3.41,0.546
13541,1,0.672,2.904,0.454
13542,1,0.668,2.567,0.441
13543,1,0.547,3.263,0.542
13544,1,0.578,3.139,0.532
13545,1,0.273,5.34,0.8
13546,1,0.422,4.202,0.649
13547,1,0.516,3.544,0.573
13548,1,0.629,2.788,0.473
13549,1,0.428,4.19,0.656
13550,1,0.586,3.108,0.514
13551,1,0.617,2.831,0.479
13552,1,0.656,2.493,0.432
13553,1,0.539,3.476,0.547
13554,1,0.531,3.433,0.56
13555,1,0.578,3.236,0.516
13556,1,0.57,3.218,0.534
13557,1,0.664,2.765,0.461
13558,1,0.578,3.101,0.512
13559,1,0.688,2.377,0.408
13560,1,0.656,2.506,0.418
13561,1,0.652,2.662,0.441
13562,1,0.676,2.57,0.422
13563,1,0.496,3.714,0.605
13564,1,0.633,2.742,0.471
13565,1,0.543,3.477,0.555
13566,1,0.391,4.382,0.694
13567,1,0.66,2.65,0.452
13568,1,0.535,3.615,0.544
13569,1,0.633,2.991,0.464
13570,1,0.488,3.669,0.605
13571,1,0.574,3.201,0.514
13572,1,0.711,2.419,0.397
13573,1,0.578,3.092,0.495
13574,1,0.562,3.066,0.529
13575,1,0.633,2.804,0.484
13576,1,0.432,4.187,0.639
13577,1,0.617,2.992,0.463
13578,1,0.617,2.91,0.481
13579,1,0.516,3.428,0.586
13580,1,0.426,2.415,0.63
13581,1,0.621,2.781,0.496
13582,1,0.465,3.895,0.624
13583,1,0.762,2.131,0.346
13584,1,0.543,3.302,0.524
13585,1,0.416,4.286,0.679
13586,1,0.594,3.073,0.478
13587,1,0.447,3.926,0.633
13588,1,0.459,3.898,0.642
13589,1,0.605,2.876,0.497
13590,1,0.385,4.147,0.688
13591,1,0.727,2.182,0.36
13592,1,0.516,3.635,0.572
13593,1,0.424,4.262,0.651
13594,1,0.723,2.024,0.368
13595,1,0.428,4.074,0.646
13596,1,0.359,4.627,0.716
13597,1,0.652,2.747,0.46
13598,1,0.439,4.082,0.632
13599,1,0.391,4.505,0.688
13600,1,0.613,2.827,0.508
13601,1,0.602,2.958,0.504
13602,1,0.734,2.186,0.34
13603,1,0.566,3.291,0.531
13604,1,0.531,3.544,0.57
13605,1,0.426,4.081,0.661
13606,1,0.758,2.005,0.322
13607,1,0.412,4.292,0.678
13608,1,0.645,2.658,0.445
13609,1,0.574,3.264,0.517
13610,1,0.539,3.424,0.555
13611,1,0.547,3.395,0.546
13612,1,0.52,3.427,0.575
13613,1,0.57,3.203,0.54
13614,1,0.516,3.493,0.567
13615,1,0.453,4.133,0.629
13616,1,0.559,3.236,0.539
13617,1,0.359,4.722,0.725
13618,1,0.625,2.98,0.477
13619,1,0.664,2.518,0.443
13620,1,0.426,4.159,0.673
13621,1,0.617,2.811,0.483
13622,1,0.664,2.769,0.457
13623,1,0.617,2.924,0.486
13624,1,0.602,2.851,0.468
13625,1,0.727,2.274,0.4
13626,1,0.402,4.392,0.669
13627,1,0.562,3.224,0.542
13628,1,0.582,3.137,0.519
13629,1,0.445,4.049,0.646
13630,1,0.574,3.229,0.521
13631,1,0.598,3.051,0.507
13632,1,0.535,3.37,0.541
13633,1,0.656,2.611,0.437
13634,1,0.406,4.259,0.68
13635,1,0.539,3.324,0.536
13636,1,0.645,2.718,0.445
13637,1,0.703,2.411,0.408
13638,1,0.508,3.491,0.57
13639,1,0.664,2.426,0.434
13640,1,0.586,3.092,0.507
13641,1,0.535,3.529,0.557
13642,1,0.395,4.387,0.692
13643,1,0.719,2.353,0.373
13644,1,0.566,3.279,0.538
13645,1,0.676,2.483,0.443
13646,1,0.293,5.345,0.796
13647,1,0.656,2.706,0.431
13648,1,0.555,3.348,0.545
13649,1,0.637,2.792,0.469
13650,1,0.652,2.558,0.456
13651,1,0.695,2.436,0.41
13652,1,0.578,3.009,0.49
13653,1,0.664,2.614,0.452
13654,1,0.68,2.56,0.426
13655,1,0.641,2.738,0.459
13656,1,0.668,2.589,0.407
13657,1,0.703,2.264,0.387
13658,1,0.527,3.535,0.554
13659,1,0.621,2.831,0.467
13660,1,0.389,4.379,0.694
13661,1,0.508,3.652,0.591
13662,1,0.648,2.576,0.463
13663,1,0.645,2.755,0.46
13664,1,0.734,2.112,0.367
13665,1,0.547,3.339,0.548
13666,1,0.691,2.509,0.424
13667,1,0.492,3.774,0.593
13668,1,0.68,2.592,0.426
13669,1,0.785,1.928,0.319
13670,1,0.699,2.42,0.4
13671,1,0.688,2.473,0.404
13672,1,0.633,2.764,0.471
13673,1,0.422,4.13,0.653
13674,1,0.441,3.905,0.643
13675,1,0.383,4.47,0.711
13676,1,0.637,2.693,0.463
13677,1,0.531,3.407,0.561
13678,1,0.617,2.767,0.492
13679,1,0.656,2.592,0.457
13680,1,0.512,3.644,0.58
13681,1,0.547,3.299,0.545
13682,1,0.688,2.452,0.397
13683,1,0.711,2.202,0.395
13684,1,0.68,2.645,0.428
13685,1,0.691,2.179,0.426
13686,1,0.547,3.415,0.556
13687,1,0.641,2.699,0.467
13688,1,0.664,2.73,0.435
13689,1,0.498,3.755,0.588
13690,1,0.562,3.273,0.54
13691,1,0.551,3.35,0.537
13692,1,0.613,2.756,0.486
13693,1,0.617,2.9,0.482
13694,1,0.629,2.912,0.44
13695,1,0.578,3.26,0.524
13696,1,0.633,2.72,0.461
13697,1,0.613,2.931,0.505
13698,1,0.241,5.774,0.816
13699,1,0.664,2.629,0.438
13700,1,0.625,3.013,0.476
13701,1,0.555,3.188,0.558
13702,1,0.477,3.743,0.619
13703,1,0.766,1.917,0.33
13704,1,0.578,3.02,0.521
13705,1,0.602,2.998,0.499
13706,1,0.641,2.694,0.441
13707,1,0.512,3.549,0.567
13708,1,0.633,2.866,0.466
13709,1,0.609,3.088,0.499
13710,1,0.551,3.372,0.541
13711,1,0.555,3.286,0.547
13712,1,0.742,2.147,0.361
13713,1,0.656,2.604,0.431
13714,1,0.594,3.072,0.501
13715,1,0.586,3.208,0.505
13716,1,0.629,2.914,0.46
13717,1,0.586,3.121,0.527
13718,1,0.707,2.495,0.37
13719,1,0.508,3.694,0.579
13720,1,0.57,3.214,0.524
13721,1,0.379,4.437,0.71
13722,1,0.43,4.028,0.659
13723,1,0.445,4.044,0.633
13724,1,0.578,3.03,0.525
13725,1,0.578,3.169,0.512
13726,1,0.57,3.13,0.519
13727,1,0.688,2.428,0.406
13728,1,0.57,3.193,0.533
13729,1,0.711,2.359,0.366
13730,1,0.781,1.784,0.308
13731,1,0.377,4.565,0.702
13732,1,0.414,4.201,0.656
13733,1,0.531,3.436,0.567
13734,1,0.586,3.095,0.5
13735,1,0.574,3.284,0.509
13736,1,0.633,2.859,0.464
13737,1,0.457,3.958,0.622
13738,1,0.566,3.089,0.525
13739,1,0.617,2.722,0.495
13740,1,0.594,3.168,0.513
13741,1,0.586,3.015,0.504
13742,1,0.605,2.848,0.492
13743,1,0.664,2.476,0.425
13744,1,0.59,3.078,0.484
13745,1,0.582,2.952,0.497
13746,1,0.398,4.38,0.686
13747,1,0.48,3.745,0.619
13748,1,0.365,4.597,0.722
13749,1,0.586,3.063,0.494
13750,1,0.633,2.922,0.469
13751,1,0.578,3.191,0.494
13752,1,0.512,3.715,0.564
13753,1,0.551,3.32,0.536
13754,1,0.551,3.271,0.551
13755,1,0.488,3.667,0.594
13756,1,0.48,3.911,0.611
13757,1,0.508,3.502,0.571
13758,1,0.609,2.916,0.498
13759,1,0.562,3.367,0.543
13760,1,0.322,5.01,0.757
13761,1,0.566,3.048,0.539
13762,1,0.393,4.424,0.695
13763,1,0.574,3.207,0.507
13764,1,0.582,3.215,0.521
13765,1,0.691,2.426,0.395
13766,1,0.781,1.977,0.301
13767,1,0.699,2.491,0.415
13768,1,0.703,2.364,0.415
13769,1,0.758,1.952,0.346
13770,1,0.754,2.182,0.319
13771,1,0.652,2.601,0.451
13772,1,0.574,3.227,0.514
13773,1,0.508,3.728,0.577
13774,1,0.543,3.534,0.543
13775,1,0.598,3.007,0.482
13776,1,0.453,3.498,0.643
13777,1,0.414,4.255,0.677
13778,1,0.508,3.716,0.586
13779,1,0.395,4.392,0.692
13780,1,0.773,1.883,0.33
13781,1,0.287,4.967,0.762
13782,1,0.711,2.216,0.352
13783,1,0.668,2.45,0.44
13784,1,0.594,3.118,0.486
13785,1,0.688,2.189,0.411
13786,1,0.719,2.054,0.409
13787,1,0.797,1.941,0.323
13788,1,0.371,4.638,0.715
13789,1,0.695,2.27,0.389
13790,1,0.742,2.064,0.344
13791,1,0.57,3.112,0.524
13792,1,0.559,3.316,0.543
13793,1,0.695,2.348,0.375
13794,1,0.434,4.279,0.64
13795,1,0.602,3.147,0.48
13796,1,0.695,2.397,0.413
13797,1,0.43,4.234,0.644
13798,1,0.574,2.991,0.523
13799,1,0.609,2.789,0.479
13800,1,0.668,2.418,0.438
13801,1,0.543,3.32,0.552
13802,1,0.688,2.795,0.437
13803,1,0.664,2.682,0.435
13804,1,0.711,2.077,0.391
13805,1,0.602,2.87,0.518
13806,1,0.574,3.087,0.53
13807,1,0.406,4.392,0.689
13808,1,0.402,4.3,0.702
13809,1,0.742,2.017,0.355
13810,1,0.719,2.299,0.384
13811,1,0.602,2.911,0.499
13812,1,0.562,3.294,0.539
13813,1,0.562,3.195,0.541
13814,1,0.762,2.008,0.328
13815,1,0.465,4.092,0.639
13816,1,0.578,3.082,0.506
13817,1,0.68,2.403,0.416
13818,1,0.488,3.642,0.584
13819,1,0.711,2.253,0.387
13820,1,0.672,2.543,0.43
13821,1,0.57,3.223,0.525
13822,1,0.617,2.867,0.474
13823,1,0.504,3.605,0.587
13824,1,0.455,3.986,0.61
13825,1,0.594,3.131,0.51
13826,1,0.498,3.587,0.595
13827,1,0.621,2.914,0.474
13828,1,0.645,2.655,0.428
13829,1,0.48,3.767,0.613
13830,1,0.75,2.05,0.329
13831,1,0.633,2.724,0.475
13832,1,0.5,3.714,0.596
13833,1,0.559,3.356,0.539
13834,1,0.555,3.164,0.538
13835,1,0.695,2.43,0.426
13836,1,0.461,3.993,0.67
13837,1,0.539,3.39,0.55
13838,1,0.602,3.036,0.492
13839,1,0.688,2.426,0.427
13840,1,0.371,4.597,0.712
13841,1,0.688,2.454,0.412
13842,1,0.484,3.762,0.612
13843,1,0.453,4.008,0.636
13844,1,0.645,2.769,0.439
13845,1,0.314,5.174,0.754
13846,1,0.406,4.401,0.67
13847,1,0.479,3.783,0.626
13848,1,0.727,2.126,0.371
13849,1,0.668,2.596,0.418
13850,1,0.75,2.175,0.375
13851,1,0.547,3.241,0.54
13852,1,0.371,4.577,0.714
13853,1,0.5,3.582,0.602
13854,1,0.719,2.291,0.352
13855,1,0.512,3.467,0.563
13856,1,0.75,2.023,0.364
13857,1,0.578,3.206,0.509
13858,1,0.477,3.837,0.62
13859,1,0.574,3.068,0.514
13860,1,0.48,3.846,0.596
13861,1,0.516,3.675,0.572
13862,1,0.453,4.093,0.664
13863,1,0.48,3.8,0.621
13864,1,0.477,3.871,0.621
13865,1,0.516,3.597,0.59
13866,1,0.562,3.198,0.53
13867,1,0.426,4.062,0.637
13868,1,0.414,4.149,0.666
13869,1,0.434,4.129,0.649
13870,1,0.648,2.713,0.441
13871,1,0.508,3.04,0.626
13872,1,0.566,3.104,0.536
13873,1,0.652,2.798,0.429
13874,1,0.789,2.029,0.31
13875,1,0.578,3.072,0.503
13876,1,0.672,2.51,0.401
13877,1,0.719,2.298,0.407
13878,1,0.566,3.25,0.544
13879,1,0.586,3.202,0.517
13880,1,0.773,1.929,0.303
13881,1,0.672,2.522,0.419
13882,1,0.672,2.522,0.442
13883,1,0.523,3.381,0.575
13884,1,0.555,3.311,0.53
13885,1,0.562,3.173,0.547
13886,1,0.719,2.175,0.363
13887,1,0.688,2.388,0.395
13888,1,0.559,3.381,0.516
13889,1,0.52,3.466,0.572
13890,1,0.551,3.111,0.527
13891,1,0.609,3.032,0.473
13892,1,0.672,2.53,0.446
13893,1,0.703,2.533,0.398
13894,1,0.684,2.396,0.397
13895,1,0.695,2.25,0.389
13896,1,0.664,2.504,0.444
13897,1,0.586,2.96,0.517
13898,1,0.637,2.732,0.455
13899,1,0.523,3.642,0.582
13900,1,0.309,5.349,0.75
13901,1,0.473,3.91,0.616
13902,1,0.385,4.587,0.713
13903,1,0.773,1.899,0.324
13904,1,0.473,3.993,0.626
13905,1,0.41,4.408,0.668
13906,1,0.48,3.711,0.614
13907,1,0.621,2.788,0.471
13908,1,0.633,2.706,0.456
13909,1,0.535,3.43,0.564
13910,1,0.664,2.559,0.476
13911,1,0.449,3.915,0.627
13912,1,0.406,4.344,0.667
13913,1,0.664,2.542,0.451
13914,1,0.48,3.74,0.611
13915,1,0.637,2.753,0.455
13916,1,0.562,3.205,0.541
13917,1,0.594,2.132,0.474
13918,1,0.68,2.434,0.395
13919,1,0.504,3.62,0.598
13920,1,0.656,2.695,0.447
13921,1,0.641,2.429,0.447
13922,1,0.445,4.141,0.624
13923,1,0.523,3.506,0.566
13924,1,0.633,2.823,0.458
13925,1,0.605,3.0,0.48
13926,1,0.391,4.544,0.677
13927,1,0.633,2.845,0.457
13928,1,0.57,3.388,0.531
13929,1,0.668,2.591,0.431
13930,1,0.57,3.195,0.523
13931,1,0.219,5.973,0.835
13932,1,0.695,2.326,0.399
13933,1,0.488,3.711,0.593
13934,1,0.535,3.408,0.56
13935,1,0.613,2.989,0.494
13936,1,0.727,2.318,0.389
13937,1,0.648,2.764,0.439
13938,1,0.508,3.588,0.6
13939,1,0.508,3.759,0.587
13940,1,0.496,3.745,0.586
13941,1,0.551,3.23,0.538
13942,1,0.508,3.581,0.588
13943,1,0.629,2.79,0.462
13944,1,0.57,3.057,0.515
13945,1,0.445,4.169,0.664
13946,1,0.688,2.53,0.405
13947,1,0.641,2.787,0.449
13948,1,0.475,3.775,0.605
13949,1,0.432,4.192,0.668
13950,1,0.512,3.671,0.564
13951,1,0.523,3.492,0.584
13952,1,0.496,3.641,0.585
13953,1,0.613,2.999,0.469
13954,1,0.672,2.449,0.429
13955,1,0.578,2.683,0.518
13956,1,0.602,3.079,0.499
13957,1,0.539,3.377,0.562
13958,1,0.672,2.428,0.411
13959,1,0.676,2.421,0.433
13960,1,0.324,5.815,0.818
13961,1,0.438,4.082,0.652
13962,1,0.492,3.694,0.581
13963,1,0.512,3.588,0.563
13964,1,0.488,3.678,0.616
13965,1,0.5,3.617,0.594
13966,1,0.637,2.692,0.464
13967,1,0.648,2.523,0.455
13968,1,0.547,3.349,0.559
13969,1,0.703,2.396,0.397
13970,1,0.539,3.344,0.538
13971,1,0.539,3.434,0.561
13972,1,0.609,2.994,0.503
13973,1,0.59,3.052,0.494
13974,1,0.309,4.974,0.782
13975,1,0.551,3.388,0.558
13976,1,0.531,3.602,0.567
13977,1,0.629,2.763,0.469
13978,1,0.228,5.894,0.832
13979,1,0.383,4.831,0.698
13980,1,0.609,2.827,0.49
13981,1,0.484,3.796,0.603
13982,1,0.383,4.323,0.7
13983,1,0.441,3.916,0.638
13984,1,0.68,2.515,0.422
13985,1,0.738,2.115,0.343
13986,1,0.648,2.567,0.42
13987,1,0.574,3.25,0.544
13988,1,0.379,4.506,0.697
13989,1,0.633,2.764,0.459
13990,1,0.789,1.833,0.324
13991,1,0.301,5.299,0.766
13992,1,0.621,2.745,0.461
13993,1,0.613,2.834,0.478
13994,1,0.473,3.948,0.612
13995,1,0.656,2.644,0.429
13996,1,0.484,3.802,0.605
13997,1,0.648,2.516,0.466
13998,1,0.559,3.22,0.53
13999,1,0.582,3.17,0.533
14000,1,0.617,2.782,0.499
14001,1,0.52,3.628,0.576
14002,1,0.389,4.533,0.696
14003,1,0.625,2.865,0.469
14004,1,0.734,2.257,0.352
14005,1,0.688,2.379,0.413
14006,1,0.262,5.095,0.793
14007,1,0.742,2.081,0.35
14008,1,0.68,2.419,0.398
14009,1,0.555,3.25,0.526
14010,1,0.605,3.121,0.496
14011,1,0.656,2.598,0.429
14012,1,0.555,3.236,0.533
14013,1,0.508,3.584,0.57
14014,1,0.496,3.54,0.599
14015,1,0.566,3.257,0.522
14016,1,0.562,3.177,0.527
14017,1,0.641,2.887,0.489
14018,1,0.559,3.132,0.528
14019,1,0.723,2.057,0.386
14020,1,0.668,2.541,0.423
14021,1,0.625,2.857,0.475
14022,1,0.434,4.186,0.654
14023,1,0.484,3.906,0.62
14024,1,0.551,3.396,0.546
14025,1,0.547,3.424,0.554
14026,1,0.738,2.147,0.37
14027,1,0.582,3.124,0.508
14028,1,0.504,3.715,0.584
14029,1,0.5,3.717,0.592
14030,1,0.66,2.661,0.431
14031,1,0.434,4.037,0.657
14032,1,0.617,2.877,0.469
14033,1,0.594,2.973,0.498
14034,1,0.562,3.219,0.535
14035,1,0.373,4.552,0.707
14036,1,0.508,3.67,0.585
14037,1,0.602,3.067,0.49
14038,1,0.477,3.832,0.611
14039,1,0.555,3.426,0.509
14040,1,0.562,3.294,0.523
14041,1,0.68,2.405,0.415
14042,1,0.447,4.069,0.628
14043,1,0.477,3.829,0.611
14044,1,0.539,3.383,0.553
14045,1,0.389,4.361,0.707
14046,1,0.367,4.316,0.677
14047,1,0.672,2.59,0.435
14048,1,0.359,4.796,0.718
14049,1,0.594,3.11,0.497
14050,1,0.605,2.943,0.516
14051,1,0.645,2.926,0.44
14052,1,0.648,2.664,0.457
14053,1,0.57,3.211,0.506
14054,1,0.547,3.372,0.547
14055,1,0.228,5.748,0.821
14056,1,0.617,2.791,0.502
14057,1,0.598,3.166,0.502
14058,1,0.574,3.194,0.526
14059,1,0.625,2.79,0.484
14060,1,0.492,3.479,0.574
14061,1,0.605,3.039,0.492
14062,1,0.551,3.314,0.543
14063,1,0.719,2.181,0.368
14064,1,0.664,2.663,0.449
14065,1,0.641,2.745,0.442
14066,1,0.477,3.846,0.584
14067,1,0.57,2.946,0.52
14068,1,0.373,4.635,0.675
14069,1,0.68,2.622,0.423
14070,1,0.719,2.306,0.389
14071,1,0.199,6.524,0.856
14072,1,0.52,3.58,0.569
14073,1,0.562,3.314,0.531
14074,1,0.363,4.596,0.716
14075,1,0.566,3.261,0.539
14076,1,0.633,2.825,0.473
14077,1,0.574,3.077,0.525
14078,1,0.539,3.392,0.541
14079,1,0.523,3.569,0.578
14080,1,0.547,3.339,0.553
14081,1,0.258,5.563,0.807
14082,1,0.562,3.265,0.533
14083,1,0.586,3.015,0.522
14084,1,0.531,3.405,0.574
14085,1,0.648,2.822,0.448
14086,1,0.602,2.962,0.486
14087,1,0.418,4.261,0.656
14088,1,0.547,3.319,0.561
14089,1,0.707,2.381,0.405
14090,1,0.508,3.48,0.566
14091,1,0.52,3.601,0.582
14092,1,0.504,3.569,0.58
14093,1,0.602,3.013,0.491
14094,1,0.467,3.951,0.625
14095,1,0.613,2.993,0.484
14096,1,0.523,3.549,0.574
14097,1,0.5,3.944,0.567
14098,1,0.656,2.709,0.449
14099,1,0.562,3.176,0.55
14100,1,0.547,3.413,0.619
14101,1,0.668,2.66,0.426
14102,1,0.609,2.977,0.5
14103,1,0.734,2.256,0.372
14104,1,0.617,2.845,0.476
14105,1,0.676,2.502,0.419
14106,1,0.688,2.435,0.41
14107,1,0.719,2.237,0.398
14108,1,0.789,1.839,0.321
14109,1,0.789,1.964,0.333
14110,1,0.371,4.908,0.696
14111,1,0.676,2.371,0.422
14112,1,0.582,3.181,0.518
14113,1,0.451,4.251,0.634
14114,1,0.34,4.876,0.745
14115,1,0.574,3.221,0.513
14116,1,0.609,2.947,0.484
14117,1,0.672,2.644,0.443
14118,1,0.562,3.102,0.535
14119,1,0.633,2.736,0.466
14120,1,0.52,3.483,0.576
14121,1,0.688,2.518,0.418
14122,1,0.523,3.558,0.567
14123,1,0.578,3.087,0.526
14124,1,0.379,4.583,0.699
14125,1,0.703,2.321,0.412
14126,1,0.461,4.204,0.665
14127,1,0.523,3.54,0.56
14128,1,0.641,2.857,0.464
14129,1,0.672,2.562,0.434
14130,1,0.256,5.626,0.797
14131,1,0.594,3.179,0.492
14132,1,0.562,3.252,0.522
14133,1,0.441,4.127,0.652
14134,1,0.539,3.465,0.539
14135,1,0.494,3.568,0.591
14136,1,0.422,4.306,0.649
14137,1,0.539,3.331,0.536
14138,1,0.68,2.296,0.41
14139,1,0.469,3.862,0.622
14140,1,0.424,4.301,0.663
14141,1,0.434,4.218,0.646
14142,1,0.523,3.592,0.588
14143,1,0.594,3.038,0.524
14144,1,0.551,3.453,0.547
14145,1,0.578,3.126,0.514
14146,1,0.496,3.809,0.587
14147,1,0.586,3.075,0.501
14148,1,0.523,3.453,0.562
14149,1,0.547,3.46,0.565
14150,1,0.641,2.817,0.461
14151,1,0.68,2.675,0.427
14152,1,0.496,3.8,0.577
14153,1,0.688,2.36,0.376
14154,1,0.668,2.575,0.405
14155,1,0.645,2.66,0.441
14156,1,0.482,3.829,0.602
14157,1,0.477,3.845,0.618
14158,1,0.594,3.12,0.494
14159,1,0.57,3.072,0.516
14160,1,0.734,2.114,0.367
14161,1,0.379,4.564,0.707
14162,1,0.609,3.064,0.475
14163,1,0.711,2.375,0.377
14164,1,0.41,4.318,0.682
14165,1,0.566,3.332,0.536
14166,1,0.578,3.181,0.515
14167,1,0.617,2.921,0.497
14168,1,0.551,3.345,0.559
14169,1,0.617,2.929,0.5
14170,1,0.613,3.04,0.472
14171,1,0.594,3.161,0.513
14172,1,0.523,3.609,0.579
14173,1,0.605,3.152,0.477
14174,1,0.34,4.838,0.724
14175,1,0.656,2.346,0.494
14176,1,0.531,2.918,0.569
14177,1,0.656,2.851,0.523
14178,1,0.539,3.291,0.553
14179,1,0.609,2.885,0.507
14180,1,0.445,4.005,0.649
14181,1,0.488,3.687,0.606
14182,1,0.551,3.187,0.531
14183,1,0.695,2.296,0.398
14184,1,0.688,2.453,0.411
14185,1,0.719,2.141,0.376
14186,1,0.648,2.623,0.463
14187,1,0.527,3.48,0.571
14188,1,0.484,3.762,0.609
14189,1,0.625,2.865,0.479
14190,1,0.555,3.341,0.547
14191,1,0.424,4.129,0.652
14192,1,0.562,3.08,0.494
14193,1,0.641,2.75,0.466
14194,1,0.68,2.672,0.496
14195,1,0.447,3.928,0.646
14196,1,0.617,2.823,0.491
14197,1,0.414,4.218,0.667
14198,1,0.598,3.057,0.505
14199,1,0.559,3.319,0.521
14200,1,0.633,2.646,0.44
14201,1,0.516,3.627,0.582
14202,1,0.512,3.614,0.569
14203,1,0.766,2.002,0.325
14204,1,0.443,4.063,0.648
14205,1,0.348,4.762,0.73
14206,1,0.322,4.973,0.734
14207,1,0.383,4.309,0.699
14208,1,0.586,3.267,0.507
14209,1,0.664,2.606,0.437
14210,1,0.547,3.317,0.543
14211,1,0.688,2.461,0.429
14212,1,0.656,2.589,0.425
14213,1,0.547,3.596,0.553
14214,1,0.461,3.923,0.632
14215,1,0.566,3.047,0.527
14216,1,0.633,2.743,0.441
14217,1,0.562,3.482,0.519
14218,1,0.633,2.651,0.466
14219,1,0.492,3.741,0.59
14220,1,0.625,2.925,0.483
14221,1,0.512,3.634,0.575
14222,1,0.598,3.019,0.504
14223,1,0.559,3.359,0.525
14224,1,0.346,4.806,0.74
14225,1,0.695,2.314,0.419
14226,1,0.562,3.197,0.502
14227,1,0.562,3.318,0.541
14228,1,0.594,3.1,0.505
14229,1,0.695,2.505,0.413
14230,1,0.656,2.746,0.441
14231,1,0.363,4.584,0.724
14232,1,0.676,2.523,0.432
14233,1,0.404,4.201,0.672
14234,1,0.66,2.686,0.441
14235,1,0.625,2.827,0.481
14236,1,0.602,2.811,0.492
14237,1,0.637,2.842,0.465
14238,1,0.688,2.34,0.391
14239,1,0.758,2.016,0.356
14240,1,0.609,3.101,0.489
14241,1,0.475,3.905,0.622
14242,1,0.566,3.245,0.53
14243,1,0.574,2.425,0.534
14244,1,0.656,2.696,0.437
14245,1,0.504,3.665,0.603
14246,1,0.664,2.576,0.442
14247,1,0.57,3.332,0.522
14248,1,0.562,3.207,0.54
14249,1,0.473,3.912,0.619
14250,1,0.742,2.109,0.345
14251,1,0.719,2.25,0.399
14252,1,0.785,1.857,0.341
14253,1,0.664,2.39,0.4
14254,1,0.531,3.474,0.565
14255,1,0.625,2.745,0.462
14256,1,0.441,3.996,0.642
14257,1,0.465,3.934,0.614
14258,1,0.625,2.853,0.471
14259,1,0.516,3.535,0.567
14260,1,0.586,3.171,0.515
14261,1,0.688,2.609,0.408
14262,1,0.453,3.892,0.639
14263,1,0.629,2.742,0.471
14264,1,0.42,4.269,0.677
14265,1,0.346,4.959,0.748
14266,1,0.438,4.005,0.645
14267,1,0.424,4.019,0.655
14268,1,0.547,3.275,0.541
14269,1,0.57,3.265,0.511
14270,1,0.641,2.847,0.457
14271,1,0.547,3.273,0.552
14272,1,0.52,3.494,0.577
14273,1,0.641,2.74,0.465
14274,1,0.539,3.619,0.565
14275,1,0.688,2.511,0.393
14276,1,0.594,3.038,0.486
14277,1,0.582,3.087,0.501
14278,1,0.688,2.517,0.425
14279,1,0.633,2.637,0.468
14280,1,0.727,2.009,0.374
14281,1,0.523,3.343,0.547
14282,1,0.715,2.248,0.396
14283,1,0.613,2.833,0.49
14284,1,0.684,2.573,0.422
14285,1,0.586,2.844,0.512
14286,1,0.559,2.726,0.586
14287,1,0.789,1.905,0.327
14288,1,0.723,2.126,0.368
14289,1,0.629,2.746,0.48
14290,1,0.676,2.547,0.433
14291,1,0.664,2.507,0.435
14292,1,0.602,3.034,0.493
14293,1,0.523,3.53,0.578
14294,1,0.402,4.357,0.687
14295,1,0.492,3.675,0.608
14296,1,0.527,3.439,0.572
14297,1,0.523,3.452,0.577
14298,1,0.5,3.621,0.597
14299,1,0.449,4.036,0.651
14300,1,0.613,2.926,0.468
14301,1,0.461,3.834,0.628
14302,1,0.477,3.731,0.595
14303,1,0.707,2.227,0.378
14304,1,0.602,2.876,0.479
14305,1,0.449,4.025,0.644
14306,1,0.695,2.446,0.396
14307,1,0.508,3.47,0.572
14308,1,0.445,4.085,0.635
14309,1,0.508,3.698,0.585
14310,1,0.559,3.422,0.527
14311,1,0.461,3.919,0.623
14312,1,0.715,2.254,0.39
14313,1,0.582,2.882,0.505
14314,1,0.691,2.392,0.417
14315,1,0.539,3.425,0.559
14316,1,0.551,3.301,0.542
14317,1,0.531,3.551,0.578
14318,1,0.594,3.008,0.504
14319,1,0.742,2.093,0.357
14320,1,0.625,3.15,0.477
14321,1,0.578,2.998,0.502
14322,1,0.691,2.321,0.416
14323,1,0.43,4.107,0.642
14324,1,0.773,1.993,0.33
14325,1,0.715,2.196,0.382
14326,1,0.668,2.466,0.432
14327,1,0.695,2.294,0.401
14328,1,0.773,2.014,0.368
14329,1,0.672,2.546,0.43
14330,1,0.57,3.194,0.515
14331,1,0.547,3.409,0.563
14332,1,0.445,4.128,0.64
14333,1,0.762,2.064,0.317
14334,1,0.547,3.304,0.559
14335,1,0.676,2.505,0.413
14336,1,0.492,3.762,0.598
14337,1,0.418,3.868,0.613
14338,1,0.562,3.357,0.518
14339,1,0.512,3.616,0.567
14340,1,0.488,3.743,0.599
14341,1,0.73,2.006,0.366
14342,1,0.605,2.816,0.491
14343,1,0.598,3.014,0.491
14344,1,0.375,4.468,0.691
14345,1,0.422,4.158,0.659
14346,1,0.664,2.535,0.427
14347,1,0.562,3.276,0.546
14348,1,0.566,3.131,0.514
14349,1,0.455,4.062,0.64
14350,1,0.539,3.398,0.552
14351,1,0.727,2.224,0.354
14352,1,0.613,2.822,0.497
14353,1,0.516,3.401,0.555
14354,1,0.482,3.731,0.626
14355,1,0.402,4.346,0.685
14356,1,0.539,3.375,0.544
14357,1,0.551,3.318,0.552
14358,1,0.652,2.716,0.444
14359,1,0.523,3.614,0.566
14360,1,0.68,2.234,0.408
14361,1,0.516,3.558,0.599
14362,1,0.422,4.339,0.649
14363,1,0.625,2.76,0.46
14364,1,0.746,2.044,0.355
14365,1,0.381,4.566,0.686
14366,1,0.469,3.894,0.608
14367,1,0.641,2.926,0.459
14368,1,0.359,5.048,0.743
14369,1,0.332,4.461,0.718
14370,1,0.523,3.588,0.545
14371,1,0.664,2.642,0.439
14372,1,0.508,3.661,0.586
14373,1,0.449,3.975,0.629
14374,1,0.668,2.543,0.43
14375,1,0.416,4.219,0.666
14376,1,0.391,4.481,0.672
14377,1,0.57,3.305,0.507
14378,1,0.68,2.524,0.437
14379,1,0.578,3.065,0.51
14380,1,0.52,3.496,0.566
14381,1,0.555,3.317,0.534
14382,1,0.387,4.425,0.689
14383,1,0.711,2.383,0.384
14384,1,0.68,2.372,0.424
14385,1,0.637,2.677,0.455
14386,1,0.582,2.969,0.51
14387,1,0.719,2.479,0.39
14388,1,0.512,3.678,0.584
14389,1,0.562,3.253,0.546
14390,1,0.385,4.394,0.695
14391,1,0.625,2.836,0.475
14392,1,0.432,4.162,0.65
14393,1,0.586,3.126,0.495
14394,1,0.598,2.984,0.483
14395,1,0.625,2.825,0.475
14396,1,0.566,3.236,0.521
14397,1,0.555,3.274,0.549
14398,1,0.496,3.794,0.583
14399,1,0.629,2.817,0.496
14400,1,0.436,4.125,0.658
14401,1,0.531,3.552,0.557
14402,1,0.535,3.388,0.574
14403,1,0.66,2.688,0.439
14404,1,0.594,3.095,0.518
14405,1,0.551,3.222,0.541
14406,1,0.641,2.654,0.47
14407,1,0.578,2.783,0.477
14408,1,0.711,2.24,0.369
14409,1,0.426,4.141,0.636
14410,1,0.504,3.671,0.596
14411,1,0.703,2.36,0.387
14412,1,0.523,3.257,0.566
14413,1,0.672,2.455,0.431
14414,1,0.57,3.26,0.537
14415,1,0.463,3.87,0.636
14416,1,0.711,2.198,0.376
14417,1,0.338,5.033,0.751
14418,1,0.766,1.953,0.348
14419,1,0.656,2.819,0.463
14420,1,0.66,2.481,0.445
14421,1,0.547,3.303,0.54
14422,1,0.695,2.197,0.401
14423,1,0.438,4.097,0.667
14424,1,0.766,2.084,0.329
14425,1,0.648,2.851,0.446
14426,1,0.602,2.877,0.484
14427,1,0.566,3.095,0.517
14428,1,0.633,2.718,0.459
14429,1,0.551,3.298,0.539
14430,1,0.32,5.161,0.735
14431,1,0.66,2.708,0.421
14432,1,0.68,2.589,0.438
14433,1,0.535,3.41,0.539
14434,1,0.629,2.82,0.456
14435,1,0.455,3.858,0.618
14436,1,0.656,2.633,0.463
14437,1,0.617,2.948,0.491
14438,1,0.809,1.825,0.255
14439,1,0.75,2.037,0.354
14440,1,0.473,3.969,0.639
14441,1,0.582,3.121,0.5
14442,1,0.5,3.74,0.589
14443,1,0.656,2.625,0.409
14444,1,0.711,2.307,0.406
14445,1,0.652,2.539,0.436
14446,1,0.707,2.251,0.395
14447,1,0.664,2.663,0.442
14448,1,0.416,4.28,0.667
14449,1,0.496,3.747,0.593
14450,1,0.598,3.088,0.483
14451,1,0.656,2.758,0.404
14452,1,0.523,3.536,0.558
14453,1,0.379,4.532,0.723
14454,1,0.664,2.328,0.425
14455,1,0.547,3.311,0.548
14456,1,0.605,2.78,0.484
14457,1,0.34,4.585,0.736
14458,1,0.324,4.612,0.727
14459,1,0.641,2.773,0.454
14460,1,0.555,3.344,0.526
14461,1,0.422,4.23,0.643
14462,1,0.422,4.131,0.665
14463,1,0.598,2.953,0.494
14464,1,0.715,2.377,0.384
14465,1,0.594,2.898,0.509
14466,1,0.484,3.742,0.585
14467,1,0.516,3.601,0.569
14468,1,0.523,3.442,0.563
14469,1,0.617,2.951,0.478
14470,1,0.711,2.316,0.375
14471,1,0.559,3.31,0.532
14472,1,0.426,4.167,0.672
14473,1,0.746,2.106,0.36
14474,1,0.449,4.093,0.637
14475,1,0.414,4.333,0.665
14476,1,0.633,2.903,0.469
14477,1,0.547,3.487,0.557
14478,1,0.578,3.337,0.5
14479,1,0.742,2.238,0.368
14480,1,0.637,2.711,0.452
14481,1,0.434,4.106,0.656
14482,1,0.367,4.452,0.696
14483,1,0.594,3.028,0.504
14484,1,0.641,2.541,0.452
14485,1,0.41,4.291,0.658
14486,1,0.578,3.327,0.526
14487,1,0.586,3.037,0.51
14488,1,0.582,3.165,0.523
14489,1,0.664,2.689,0.419
14490,1,0.723,2.27,0.363
14491,1,0.617,2.919,0.473
14492,1,0.625,2.815,0.496
14493,1,0.445,3.997,0.632
14494,1,0.555,3.313,0.533
14495,1,0.453,3.976,0.624
14496,1,0.344,4.842,0.725
14497,1,0.656,2.568,0.445
14498,1,0.609,2.959,0.493
14499,1,0.459,3.898,0.624
14500,1,0.648,2.53,0.459
14501,1,0.609,2.976,0.509
14502,1,0.539,3.288,0.542
14503,1,0.758,2.02,0.334
14504,1,0.625,2.781,0.474
14505,1,0.574,3.342,0.519
14506,1,0.508,3.712,0.572
14507,1,0.629,2.864,0.484
14508,1,0.602,3.026,0.49
14509,1,0.609,2.913,0.469
14510,1,0.672,2.303,0.413
14511,1,0.562,3.264,0.567
14512,1,0.625,2.747,0.482
14513,1,0.629,2.76,0.485
14514,1,0.668,2.607,0.434
14515,1,0.609,2.921,0.485
14516,1,0.766,2.274,0.343
14517,1,0.699,2.435,0.407
14518,1,0.566,3.381,0.531
14519,1,0.742,2.323,0.375
14520,1,0.479,3.871,0.583
14521,1,0.684,2.535,0.403
14522,1,0.498,3.642,0.598
14523,1,0.641,2.711,0.466
14524,1,0.559,3.474,0.539
14525,1,0.455,3.971,0.622
14526,1,0.672,2.571,0.451
14527,1,0.539,3.299,0.542
14528,1,0.508,3.59,0.597
14529,1,0.5,3.575,0.59
14530,1,0.459,4.11,0.619
14531,1,0.805,1.816,0.317
14532,1,0.703,2.131,0.391
14533,1,0.559,3.349,0.545
14534,1,0.723,2.332,0.447
14535,1,0.617,2.754,0.486
14536,1,0.672,2.586,0.44
14537,1,0.508,3.641,0.576
14538,1,0.527,3.459,0.56
14539,1,0.457,4.021,0.636
14540,1,0.633,2.679,0.453
14541,1,0.625,2.519,0.605
14542,1,0.352,4.67,0.733
14543,1,0.551,3.483,0.54
14544,1,0.492,3.569,0.574
14545,1,0.629,2.834,0.469
14546,1,0.312,4.94,0.754
14547,1,0.562,3.245,0.528
14548,1,0.742,2.046,0.353
14549,1,0.469,4.019,0.636
14550,1,0.703,2.414,0.387
14551,1,0.547,3.471,0.548
14552,1,0.633,2.609,0.473
14553,1,0.664,2.67,0.446
14554,1,0.465,3.981,0.631
14555,1,0.688,2.424,0.377
14556,1,0.465,4.0,0.616
14557,1,0.82,1.712,0.293
14558,1,0.594,3.022,0.52
14559,1,0.578,3.018,0.504
14560,1,0.523,3.569,0.568
14561,1,0.512,3.763,0.609
14562,1,0.586,3.088,0.518
14563,1,0.512,3.593,0.588
14564,1,0.527,3.471,0.591
14565,1,0.57,3.104,0.528
14566,1,0.781,1.999,0.33
14567,1,0.486,3.5,0.602
14568,1,0.531,3.405,0.568
14569,1,0.539,3.412,0.56
14570,1,0.672,2.579,0.42
14571,1,0.383,4.443,0.685
14572,1,0.703,2.283,0.399
14573,1,0.609,2.832,0.492
14574,1,0.566,3.305,0.519
14575,1,0.523,3.587,0.567
14576,1,0.656,2.59,0.432
14577,1,0.797,1.802,0.313
14578,1,0.5,3.648,0.587
14579,1,0.652,2.676,0.444
14580,1,0.656,2.522,0.426
14581,1,0.574,3.159,0.531
14582,1,0.508,3.58,0.567
14583,1,0.547,3.41,0.536
14584,1,0.475,3.61,0.592
14585,1,0.703,2.18,0.379
14586,1,0.594,2.986,0.489
14587,1,0.512,3.664,0.578
14588,1,0.672,2.566,0.421
14589,1,0.527,3.385,0.56
14590,1,0.562,3.14,0.538
14591,1,0.547,2.985,0.491
14592,1,0.562,3.394,0.527
14593,1,0.551,3.401,0.541
14594,1,0.668,2.618,0.443
14595,1,0.453,3.99,0.617
14596,1,0.373,4.524,0.69
14597,1,0.617,2.804,0.472
14598,1,0.555,3.201,0.685
14599,1,0.602,2.94,0.508
14600,1,0.633,2.734,0.463
14601,1,0.578,3.132,0.518
14602,1,0.471,3.926,0.625
14603,1,0.422,4.269,0.67
14604,1,0.547,3.341,0.556
14605,1,0.379,4.539,0.699
14606,1,0.295,5.344,0.772
14607,1,0.523,3.504,0.569
14608,1,0.703,2.382,0.393
14609,1,0.637,2.744,0.456
14610,1,0.672,2.537,0.443
14611,1,0.633,2.81,0.469
14612,1,0.656,2.588,0.439
14613,1,0.531,3.598,0.561
14614,1,0.57,3.127,0.53
14615,1,0.586,2.988,0.504
14616,1,0.555,3.446,0.567
14617,1,0.578,3.21,0.52
14618,1,0.668,2.366,0.428
14619,1,0.578,3.205,0.527
14620,1,0.523,3.433,0.571
14621,1,0.559,3.325,0.537
14622,1,0.656,2.753,0.435
14623,1,0.711,2.456,0.385
14624,1,0.492,3.707,0.609
14625,1,0.625,2.799,0.468
14626,1,0.562,3.278,0.552
14627,1,0.404,4.32,0.684
14628,1,0.621,2.919,0.474
14629,1,0.535,3.419,0.565
14630,1,0.449,3.96,0.649
14631,1,0.613,3.098,0.487
14632,1,0.508,3.465,0.565
14633,1,0.688,2.281,0.41
14634,1,0.699,2.327,0.41
14635,1,0.617,2.896,0.483
14636,1,0.586,3.155,0.521
14637,1,0.438,4.091,0.64
14638,1,0.602,3.192,0.496
14639,1,0.754,2.046,0.345
14640,1,0.523,3.667,0.551
14641,1,0.781,1.936,0.326
14642,1,0.727,2.122,0.39
14643,1,0.494,3.545,0.597
14644,1,0.555,3.245,0.547
14645,1,0.457,3.981,0.619
14646,1,0.695,2.305,0.391
14647,1,0.486,3.84,0.601
14648,1,0.465,3.885,0.605
14649,1,0.66,2.624,0.437
14650,1,0.59,3.272,0.492
14651,1,0.504,3.664,0.587
14652,1,0.609,2.901,0.476
14653,1,0.266,5.4,0.798
14654,1,0.463,3.749,0.633
14655,1,0.395,4.423,0.701
14656,1,0.512,3.592,0.569
14657,1,0.578,2.957,0.507
14658,1,0.59,3.114,0.489
14659,1,0.469,3.893,0.606
14660,1,0.484,3.858,0.615
14661,1,0.508,3.768,0.594
14662,1,0.734,2.122,0.34
14663,1,0.562,3.389,0.523
14664,1,0.672,2.403,0.417
14665,1,0.676,2.512,0.41
14666,1,0.453,4.028,0.641
14667,1,0.59,2.952,0.498
14668,1,0.531,3.458,0.55
14669,1,0.746,2.367,0.386
14670,1,0.719,2.143,0.392
14671,1,0.477,3.684,0.63
14672,1,0.469,3.55,0.64
14673,1,0.5,3.635,0.588
14674,1,0.734,2.208,0.37
14675,1,0.471,3.977,0.6
14676,1,0.652,2.715,0.436
14677,1,0.559,3.042,0.518
14678,1,0.5,3.644,0.604
14679,1,0.625,2.795,0.467
14680,1,0.656,2.706,0.463
14681,1,0.422,4.14,0.671
14682,1,0.465,3.96,0.631
14683,1,0.617,2.941,0.446
14684,1,0.656,2.586,0.446
14685,1,0.664,2.573,0.429
14686,1,0.625,2.958,0.481
14687,1,0.555,3.125,0.517
14688,1,0.723,2.208,0.382
14689,1,0.488,3.904,0.598
14690,1,0.648,2.795,0.475
14691,1,0.594,2.564,0.466
14692,1,0.566,3.303,0.552
14693,1,0.516,3.643,0.569
14694,1,0.672,2.463,0.419
14695,1,0.621,2.803,0.482
14696,1,0.445,4.078,0.651
14697,1,0.617,2.944,0.495
14698,1,0.469,3.97,0.623
14699,1,0.48,3.755,0.607
14700,1,0.508,3.599,0.586
14701,1,0.531,3.328,0.541
14702,1,0.406,4.425,0.681
14703,1,0.664,2.381,0.444
14704,1,0.617,3.002,0.48
14705,1,0.777,1.895,0.329
14706,1,0.602,3.005,0.487
14707,1,0.633,2.92,0.464
14708,1,0.535,3.599,0.566
14709,1,0.352,4.789,0.703
14710,1,0.527,3.365,0.549
14711,1,0.381,4.309,0.699
14712,1,0.344,4.749,0.736
14713,1,0.625,2.852,0.473
14714,1,0.609,2.883,0.486
14715,1,0.621,2.986,0.47
14716,1,0.547,3.517,0.549
14717,1,0.641,2.607,0.442
14718,1,0.617,2.76,0.468
14719,1,0.676,2.478,0.419
14720,1,0.621,2.917,0.482
14721,1,0.586,3.088,0.525
14722,1,0.539,3.4,0.53
14723,1,0.531,3.452,0.568
14724,1,0.354,4.638,0.716
14725,1,0.727,2.282,0.382
14726,1,0.48,3.689,0.6
14727,1,0.578,3.087,0.528
14728,1,0.672,2.504,0.412
14729,1,0.426,4.242,0.666
14730,1,0.49,3.899,0.621
14731,1,0.688,2.327,0.411
14732,1,0.508,3.589,0.548
14733,1,0.605,2.837,0.481
14734,1,0.637,2.815,0.467
14735,1,0.676,2.409,0.44
14736,1,0.621,2.912,0.482
14737,1,0.66,2.728,0.414
14738,1,0.602,2.799,0.537
14739,1,0.594,3.06,0.521
14740,1,0.625,2.871,0.478
14741,1,0.539,3.33,0.537
14742,1,0.523,3.447,0.579
14743,1,0.629,2.891,0.475
14744,1,0.434,4.123,0.642
14745,1,0.652,2.687,0.445
14746,1,0.641,2.798,0.456
14747,1,0.453,4.008,0.624
14748,1,0.453,3.714,0.589
14749,1,1.18,1.264,0.076
14750,1,0.672,2.43,0.424
14751,1,0.719,2.299,0.385
14752,1,0.508,3.558,0.584
14753,1,0.695,2.461,0.403
14754,1,0.531,3.463,0.574
14755,1,0.586,3.187,0.518
14756,1,0.441,3.94,0.646
14757,1,0.68,2.604,0.43
14758,1,0.492,3.881,0.612
14759,1,0.516,3.475,0.564
14760,1,0.617,2.855,0.45
14761,1,0.562,3.406,0.54
14762,1,0.443,4.066,0.644
14763,1,0.562,3.359,0.524
14764,1,0.656,2.537,0.426
14765,1,0.766,1.966,0.316
14766,1,0.57,3.223,0.536
14767,1,0.418,4.244,0.661
14768,1,0.508,3.475,0.572
14769,1,0.586,3.226,0.489
14770,1,0.516,3.49,0.594
14771,1,0.672,2.444,0.423
14772,1,0.461,4.046,0.613
14773,1,0.467,3.945,0.628
14774,1,0.492,3.371,0.549
14775,1,0.598,3.082,0.503
14776,1,0.422,4.258,0.664
14777,1,0.711,2.216,0.387
14778,1,0.566,3.148,0.518
14779,1,0.594,2.922,0.472
14780,1,0.633,2.681,0.443
14781,1,0.373,4.583,0.719
14782,1,0.504,3.683,0.589
14783,1,0.68,2.448,0.434
14784,1,0.691,2.334,0.417
14785,1,0.377,4.557,0.707
14786,1,0.494,3.572,0.576
14787,1,0.676,2.458,0.404
14788,1,0.559,3.314,0.544
14789,1,0.59,3.142,0.506
14790,1,0.512,3.666,0.579
14791,1,0.371,4.528,0.706
14792,1,0.551,3.436,0.554
14793,1,0.404,4.38,0.676
14794,1,0.641,2.786,0.447
14795,1,0.594,3.079,0.493
14796,1,0.684,2.246,0.398
14797,1,0.645,2.595,0.462
14798,1,0.52,3.579,0.584
14799,1,0.742,2.134,0.358
14800,1,0.402,4.456,0.682
14801,1,0.5,3.768,0.579
14802,1,0.609,3.023,0.484
14803,1,0.555,3.478,0.548
14804,1,0.672,2.447,0.425
14805,1,0.41,4.375,0.667
14806,1,0.551,3.335,0.554
14807,1,0.766,1.909,0.332
14808,1,0.711,2.181,0.387
14809,1,0.617,2.903,0.484
14810,1,0.504,3.684,0.589
14811,1,0.367,4.704,0.721
14812,1,0.648,2.511,0.451
14813,1,0.707,2.362,0.388
14814,1,0.283,5.33,0.787
14815,1,0.516,3.445,0.57
14816,1,0.609,2.885,0.498
14817,1,0.613,2.995,0.472
14818,1,0.57,3.231,0.537
14819,1,0.621,3.515,0.549
14820,1,0.711,2.282,0.386
14821,1,0.457,3.938,0.632
14822,1,0.551,3.453,0.546
14823,1,0.707,2.442,0.39
14824,1,0.605,3.018,0.495
14825,1,0.68,2.587,0.432
14826,1,0.664,2.666,0.451
14827,1,0.586,3.187,0.498
14828,1,0.455,4.017,0.656
14829,1,0.461,3.914,0.626
14830,1,0.574,3.198,0.534
14831,1,0.547,3.123,0.562
14832,1,0.555,3.398,0.553
14833,1,0.387,4.454,0.694
14834,1,0.457,3.998,0.609
14835,1,0.582,2.961,0.501
14836,1,0.285,5.448,0.788
14837,1,0.539,3.38,0.556
14838,1,0.613,2.81,0.466
14839,1,0.566,3.237,0.545
14840,1,0.59,3.202,0.477
14841,1,0.695,2.617,0.445
14842,1,0.57,3.311,0.522
14843,1,0.463,3.847,0.618
14844,1,0.562,3.389,0.545
14845,1,0.609,2.857,0.495
14846,1,0.652,2.606,0.43
14847,1,0.633,2.759,0.458
14848,1,0.547,3.327,0.537
14849,1,0.664,2.489,0.441
14850,1,0.559,3.332,0.527
14851,1,0.328,4.834,0.734
14852,1,0.629,2.605,0.449
14853,1,0.404,4.382,0.674
14854,1,0.57,3.256,0.521
14855,1,0.539,3.438,0.556
14856,1,0.617,2.812,0.48
14857,1,0.516,3.689,0.583
14858,1,0.633,2.631,0.475
14859,1,0.691,2.459,0.436
14860,1,0.68,2.594,0.429
14861,1,0.672,2.716,0.448
14862,1,0.41,4.356,0.678
14863,1,0.656,2.637,0.452
14864,1,0.445,4.045,0.654
14865,1,0.699,2.781,0.441
14866,1,0.426,4.201,0.673
14867,1,0.68,2.669,0.422
14868,1,0.59,3.138,0.512
14869,1,0.555,3.183,0.539
14870,1,0.625,2.84,0.485
14871,1,0.578,3.148,0.52
14872,1,0.352,4.8,0.738
14873,1,0.645,2.636,0.485
14874,1,0.496,3.707,0.585
14875,1,0.508,3.586,0.58
14876,1,0.375,4.594,0.7
14877,1,0.633,2.932,0.436
14878,1,0.664,2.402,0.433
14879,1,0.711,2.309,0.38
14880,1,0.473,3.92,0.604
14881,1,0.688,2.491,0.413
14882,1,0.578,3.107,0.505
14883,1,0.656,2.673,0.436
14884,1,0.648,2.67,0.455
14885,1,0.672,2.593,0.442
14886,1,0.488,3.694,0.593
14887,1,0.539,3.464,0.564
14888,1,0.484,3.928,0.608
14889,1,0.684,2.439,0.421
14890,1,0.602,3.017,0.522
14891,1,0.672,2.548,0.417
14892,1,0.527,3.654,0.56
14893,1,0.547,3.268,0.55
14894,1,0.508,3.568,0.588
14895,1,0.469,3.967,0.637
14896,1,0.617,3.028,0.484
14897,1,0.539,3.453,0.559
14898,1,0.609,3.026,0.498
14899,1,0.609,3.139,0.498
14900,1,0.508,3.626,0.595
14901,1,0.531,3.419,0.562
14902,1,0.578,3.133,0.52
14903,1,0.57,3.32,0.529
14904,1,0.695,2.707,0.422
14905,1,0.613,2.991,0.477
14906,1,0.68,2.578,0.403
14907,1,0.703,2.463,0.419
14908,1,0.629,2.727,0.465
14909,1,0.371,4.739,0.71
14910,1,0.459,4.008,0.64
14911,1,0.629,2.795,0.459
14912,1,0.637,2.811,0.487
14913,1,0.672,2.64,0.433
14914,1,0.672,2.882,0.475
14915,1,0.531,3.441,0.562
14916,1,0.414,4.132,0.644
14917,1,0.559,3.298,0.533
14918,1,0.605,2.887,0.499
14919,1,0.488,3.755,0.619
14920,1,0.602,2.918,0.513
14921,1,0.684,2.439,0.428
14922,1,0.707,2.209,0.384
14923,1,0.426,4.299,0.653
14924,1,0.645,2.673,0.469
14925,1,0.57,3.279,0.552
14926,1,0.484,3.928,0.603
14927,1,0.695,2.422,0.394
14928,1,0.516,3.726,0.566
14929,1,0.715,2.286,0.391
14930,1,0.602,3.013,0.492
14931,1,0.516,3.611,0.582
14932,1,0.555,3.402,0.536
14933,1,0.625,2.822,0.489
14934,1,0.523,3.467,0.582
14935,1,0.586,3.051,0.488
14936,1,0.439,4.129,0.67
14937,1,0.531,3.381,0.574
14938,1,0.367,4.69,0.729
14939,1,0.703,2.226,0.395
14940,1,0.523,3.445,0.575
14941,1,0.727,2.309,0.383
14942,1,0.531,3.481,0.561
14943,1,0.4,4.297,0.682
14944,1,0.562,3.313,0.529
14945,1,0.422,4.214,0.673
14946,1,0.578,3.178,0.52
14947,1,0.5,3.663,0.593
14948,1,0.383,4.559,0.686
14949,1,0.443,4.118,0.641
14950,1,0.586,3.301,0.507
14951,1,0.562,3.286,0.527
14952,1,0.578,3.23,0.513
14953,1,0.672,2.488,0.444
14954,1,0.377,4.65,0.705
14955,1,0.652,2.727,0.435
14956,1,0.609,2.781,0.49
14957,1,0.688,2.457,0.415
14958,1,0.723,2.624,0.559
14959,1,0.688,2.607,0.436
14960,1,0.633,2.868,0.48
14961,1,0.68,2.631,0.43
14962,1,0.488,3.675,0.601
14963,1,0.617,2.738,0.484
14964,1,0.688,2.343,0.416
14965,1,0.648,2.681,0.463
14966,1,0.547,3.266,0.56
14967,1,0.562,3.238,0.514
14968,1,0.664,2.515,0.452
14969,1,0.668,2.459,0.442
14970,1,0.535,3.478,0.552
14971,1,0.424,4.293,0.643
14972,1,0.625,2.91,0.468
14973,1,0.32,5.069,0.734
14974,1,0.379,4.57,0.698
14975,1,0.703,2.327,0.378
14976,1,0.566,3.364,0.547
14977,1,0.652,2.683,0.462
14978,1,0.305,5.75,0.815
14979,1,0.555,3.318,0.532
14980,1,0.473,3.861,0.617
14981,1,0.535,3.434,0.544
14982,1,0.418,4.212,0.668
14983,1,0.742,2.186,0.347
14984,1,0.465,3.818,0.627
14985,1,0.723,2.096,0.368
14986,1,0.562,3.291,0.525
14987,1,0.629,2.719,0.474
14988,1,0.66,2.763,0.443
14989,1,0.715,2.114,0.375
14990,1,0.539,3.345,0.56
14991,1,0.543,3.26,0.562
14992,1,0.609,3.042,0.494
14993,1,0.535,3.496,0.556
14994,1,0.555,3.334,0.543
14995,1,0.484,3.727,0.586
14996,1,0.633,2.637,0.44
14997,1,0.656,2.873,0.432
14998,1,0.555,3.012,0.501
14999,1,0.68,2.255,0.412
15000,1,0.41,4.299,0.661
15001,1,0.633,2.705,0.447
15002,1,0.629,2.751,0.476
15003,1,0.645,2.643,0.451
15004,1,0.562,3.294,0.543
15005,1,0.656,2.765,0.439
15006,1,0.648,2.62,0.434
15007,1,0.527,3.471,0.57
15008,1,0.547,3.499,0.549
15009,1,0.609,2.709,0.486
15010,1,0.57,3.174,0.543
15011,1,0.664,2.683,0.414
15012,1,0.547,3.451,0.56
15013,1,0.516,3.542,0.601
15014,1,0.781,1.892,0.316
15015,1,0.465,3.641,0.591
15016,1,0.535,3.524,0.57
15017,1,0.648,2.683,0.471
15018,1,0.504,3.732,0.591
15019,1,0.574,3.119,0.517
15020,1,0.523,3.433,0.566
15021,1,0.641,2.852,0.451
15022,1,0.547,3.172,0.506
15023,1,0.539,3.429,0.534
15024,1,0.656,2.639,0.419
15025,1,0.586,2.994,0.53
15026,1,0.273,5.536,0.783
15027,1,0.445,4.138,0.642
15028,1,0.656,2.701,0.437
15029,1,0.566,3.303,0.523
15030,1,0.574,3.167,0.51
15031,1,0.559,3.202,0.546
15032,1,0.641,2.883,0.453
15033,1,0.57,3.188,0.505
15034,1,0.486,3.851,0.621
15035,1,0.656,2.621,0.448
15036,1,0.4,4.261,0.69
15037,1,0.344,4.55,0.718
15038,1,0.586,2.977,0.491
15039,1,0.645,2.617,0.463
15040,1,0.324,4.869,0.759
15041,1,0.266,5.597,0.8
15042,1,0.574,3.272,0.506
15043,1,0.445,4.236,0.65
15044,1,0.359,4.702,0.71
15045,1,0.652,2.758,0.452
15046,1,0.637,2.813,0.45
15047,1,0.695,2.32,0.408
15048,1,0.656,2.581,0.451
15049,1,0.559,3.409,0.532
15050,1,0.57,3.184,0.518
15051,1,0.426,4.407,0.645
15052,1,0.609,3.055,0.482
15053,1,0.387,4.486,0.703
15054,1,0.434,4.067,0.639
15055,1,0.527,3.453,0.564
15056,1,0.578,3.247,0.519
15057,1,0.441,4.008,0.641
15058,1,0.539,3.475,0.554
15059,1,0.562,3.372,0.563
15060,1,0.535,3.35,0.532
15061,1,0.699,2.361,0.394
15062,1,0.594,3.272,0.501
15063,1,0.645,2.802,0.454
15064,1,0.523,3.704,0.586
15065,1,0.531,3.47,0.567
15066,1,0.516,3.49,0.584
15067,1,0.496,3.541,0.586
15068,1,0.605,2.989,0.505
15069,1,0.457,3.976,0.631
15070,1,0.375,4.531,0.705
15071,1,0.625,2.776,0.497
15072,1,0.523,3.626,0.584
15073,1,0.436,4.073,0.645
15074,1,0.547,3.374,0.55
15075,1,0.727,2.102,0.357
15076,1,0.523,3.568,0.572
15077,1,0.535,3.464,0.545
15078,1,0.703,2.241,0.39
15079,1,0.582,3.071,0.514
15080,1,0.645,2.738,0.444
15081,1,0.633,2.709,0.449
15082,1,0.434,4.096,0.656
15083,1,0.465,4.142,0.637
15084,1,0.605,2.804,0.487
15085,1,0.438,4.111,0.605
15086,1,0.605,2.992,0.469
15087,1,0.555,3.342,0.509
15088,1,0.43,4.128,0.638
15089,1,0.52,3.447,0.566
15090,1,0.531,3.531,0.576
15091,1,0.664,2.443,0.416
15092,1,0.68,2.556,0.446
15093,1,0.555,3.305,0.529
15094,1,0.656,2.64,0.438
15095,1,0.426,4.178,0.66
15096,1,0.547,3.377,0.556
15097,1,0.641,2.563,0.449
15098,1,0.547,3.444,0.546
15099,1,0.742,2.154,0.348
15100,1,0.57,3.178,0.533
15101,1,0.59,3.129,0.508
15102,1,0.648,2.881,0.456
15103,1,0.59,3.07,0.512
15104,1,0.656,2.729,0.447
15105,1,0.727,2.209,0.382
15106,1,0.75,2.03,0.349
15107,1,0.641,2.691,0.464
15108,1,0.699,2.383,0.397
15109,1,0.664,2.652,0.441
15110,1,0.578,3.094,0.501
15111,1,0.432,4.201,0.653
15112,1,0.496,3.66,0.607
15113,1,0.617,2.921,0.463
15114,1,0.59,3.125,0.509
15115,1,0.676,2.608,0.421
15116,1,0.473,3.739,0.609
15117,1,0.52,3.549,0.589
15118,1,0.414,4.21,0.675
15119,1,0.613,2.899,0.48
15120,1,0.594,2.815,0.495
15121,1,0.723,2.147,0.369
15122,1,0.656,2.59,0.451
15123,1,0.594,3.056,0.504
15124,1,0.586,2.968,0.507
15125,1,0.664,2.601,0.431
15126,1,0.773,1.884,0.312
15127,1,0.488,3.777,0.598
15128,1,0.633,2.837,0.446
15129,1,0.656,2.828,0.44
15130,1,0.434,4.206,0.608
15131,1,0.758,1.992,0.342
15132,1,0.672,2.647,0.432
15133,1,0.723,2.239,0.391
15134,1,0.719,2.201,0.396
15135,1,0.582,3.01,0.495
15136,1,0.516,3.628,0.58
15137,1,0.383,4.531,0.701
15138,1,0.535,3.492,0.529
15139,1,0.445,3.878,0.644
15140,1,0.641,2.791,0.472
15141,1,0.562,3.269,0.54
15142,1,0.484,3.807,0.583
15143,1,0.578,3.099,0.534
15144,1,0.664,2.488,0.467
15145,1,0.539,3.414,0.557
15146,1,0.668,2.587,0.408
15147,1,0.711,2.5,0.426
15148,1,0.629,2.653,0.473
15149,1,0.602,3.101,0.487
15150,1,0.59,3.021,0.511
15151,1,0.539,3.414,0.57
15152,1,0.711,2.206,0.397
15153,1,0.473,3.821,0.598
15154,1,0.695,2.489,0.387
15155,1,0.539,3.36,0.563
15156,1,0.664,2.585,0.438
15157,1,0.641,2.735,0.462
15158,1,0.582,3.086,0.489
15159,1,0.543,3.504,0.561
15160,1,0.363,4.601,0.716
15161,1,0.418,4.259,0.659
15162,1,0.676,2.596,0.44
15163,1,0.512,3.746,0.571
15164,1,0.508,3.776,0.583
15165,1,0.758,2.053,0.329
15166,1,0.562,3.318,0.516
15167,1,0.543,3.34,0.552
15168,1,0.539,3.264,0.549
15169,1,0.5,3.726,0.591
15170,1,0.555,3.235,0.518
15171,1,0.477,3.851,0.619
15172,1,0.617,2.988,0.484
15173,1,0.414,4.297,0.653
15174,1,0.453,3.93,0.637
15175,1,0.59,2.987,0.514
15176,1,0.316,5.175,0.763
15177,1,0.523,3.544,0.58
15178,1,0.723,2.387,0.362
15179,1,0.664,2.519,0.424
15180,1,0.418,4.367,0.662
15181,1,0.465,3.854,0.625
15182,1,0.562,3.24,0.548
15183,1,0.641,2.798,0.447
15184,1,0.578,3.184,0.524
15185,1,0.625,2.83,0.464
15186,1,0.457,4.039,0.639
15187,1,0.504,3.698,0.578
15188,1,0.379,4.498,0.699
15189,1,0.484,3.657,0.6
15190,1,0.508,3.674,0.574
15191,1,0.648,2.789,0.476
15192,1,0.637,2.613,0.443
15193,1,0.77,1.917,0.333
15194,1,0.559,3.196,0.522
15195,1,0.535,3.462,0.563
15196,1,0.504,3.709,0.594
15197,1,0.695,2.318,0.401
15198,1,0.4,4.293,0.671
15199,1,0.527,3.471,0.564
15200,1,0.645,2.595,0.449
15201,1,0.332,4.87,0.753
15202,1,0.52,3.597,0.582
15203,1,0.48,3.756,0.611
15204,1,0.586,3.094,0.514
15205,1,0.422,4.19,0.646
15206,1,0.617,3.062,0.481
15207,1,0.594,2.941,0.483
15208,1,0.633,2.773,0.487
15209,1,0.465,3.884,0.608
15210,1,0.266,5.662,0.839
15211,1,0.633,2.856,0.487
15212,1,0.625,2.904,0.489
15213,1,0.523,3.521,0.577
15214,1,0.633,2.79,0.49
15215,1,0.562,3.186,0.525
15216,1,0.68,2.312,0.404
15217,1,0.451,3.999,0.668
15218,1,0.508,3.609,0.596
15219,1,0.629,2.617,0.484
15220,1,0.602,3.015,0.496
15221,1,0.688,2.386,0.418
15222,1,0.645,2.638,0.452
15223,1,0.27,5.433,0.791
15224,1,0.504,3.68,0.587
15225,1,0.617,2.738,0.475
15226,1,0.473,4.08,0.622
15227,1,0.498,3.748,0.592
15228,1,0.504,3.726,0.586
15229,1,0.609,3.013,0.496
15230,1,0.578,3.246,0.528
15231,1,0.68,2.526,0.433
15232,1,0.555,3.337,0.539
15233,1,0.508,3.516,0.584
15234,1,0.418,4.287,0.672
15235,1,0.703,2.248,0.389
15236,1,0.457,3.915,0.622
15237,1,0.539,3.225,0.565
15238,1,0.641,2.773,0.463
15239,1,0.617,2.781,0.505
15240,1,0.664,2.378,0.449
15241,1,0.453,3.887,0.634
15242,1,0.453,4.045,0.635
15243,1,0.586,3.168,0.516
15244,1,0.676,2.52,0.43
15245,1,0.598,2.927,0.503
15246,1,0.688,2.44,0.41
15247,1,0.723,2.174,0.376
15248,1,0.492,3.864,0.602
15249,1,0.578,3.216,0.531
15250,1,0.547,3.216,0.544
15251,1,0.562,3.291,0.508
15252,1,0.594,3.143,0.499
15253,1,0.672,2.372,0.427
15254,1,0.613,2.797,0.472
15255,1,0.625,2.815,0.474
15256,1,0.656,2.607,0.428
15257,1,0.668,2.62,0.433
15258,1,0.582,3.151,0.509
15259,1,0.539,3.488,0.569
15260,1,0.594,2.978,0.5
15261,1,0.52,3.621,0.566
15262,1,0.488,3.73,0.613
15263,1,0.703,2.344,0.409
15264,1,0.617,3.002,0.475
15265,1,0.562,3.348,0.552
15266,1,0.59,2.891,0.494
15267,1,0.586,3.113,0.523
15268,1,0.461,3.988,0.633
15269,1,0.555,3.266,0.55
15270,1,0.559,3.514,0.532
15271,1,0.617,3.05,0.5
15272,1,0.471,3.822,0.614
15273,1,0.562,3.157,0.538
15274,1,0.633,2.741,0.475
15275,1,0.586,3.144,0.482
15276,1,0.594,2.938,0.504
15277,1,0.547,3.363,0.532
15278,1,0.551,3.339,0.54
15279,1,0.711,2.302,0.391
15280,1,0.531,3.564,0.565
15281,1,0.641,2.779,0.476
15282,1,0.496,3.641,0.596
15283,1,0.68,2.478,0.401
15284,1,0.504,3.646,0.587
15285,1,0.598,3.112,0.494
15286,1,0.441,4.242,0.645
15287,1,0.68,2.415,0.421
15288,1,0.578,3.097,0.516
15289,1,0.578,3.235,0.525
15290,1,0.602,2.902,0.5
15291,1,0.672,2.483,0.429
15292,1,0.625,2.917,0.473
15293,1,0.516,3.546,0.579
15294,1,0.5,3.777,0.605
15295,1,0.547,3.371,0.537
15296,1,0.578,3.215,0.506
15297,1,0.711,2.364,0.406
15298,1,0.449,4.126,0.645
15299,1,0.605,3.149,0.484
15300,1,0.57,3.194,0.52
15301,1,0.602,2.974,0.501
15302,1,0.582,3.188,0.525
15303,1,0.695,2.274,0.413
15304,1,0.598,3.11,0.495
15305,1,0.652,2.62,0.46
15306,1,0.66,2.684,0.438
15307,1,0.742,2.087,0.348
15308,1,0.574,2.995,0.533
15309,1,0.551,3.402,0.539
15310,1,0.43,4.11,0.643
15311,1,0.602,2.887,0.483
15312,1,0.377,4.13,0.691
15313,1,0.539,3.326,0.548
15314,1,0.656,2.679,0.458
15315,1,0.719,2.13,0.371
15316,1,0.734,2.253,0.36
15317,1,0.379,4.708,0.688
15318,1,0.633,2.695,0.455
15319,1,0.602,2.739,0.486
15320,1,0.559,3.201,0.564
15321,1,0.641,2.697,0.458
15322,1,0.586,3.214,0.518
15323,1,0.555,3.326,0.506
15324,1,0.617,2.905,0.442
15325,1,0.645,2.743,0.434
15326,1,0.652,2.603,0.431
15327,1,0.416,4.165,0.679
15328,1,0.551,3.319,0.535
15329,1,0.633,2.699,0.456
15330,1,0.711,2.419,0.399
15331,1,0.504,3.675,0.593
15332,1,0.664,2.542,0.432
15333,1,0.449,3.841,0.663
15334,1,0.473,3.937,0.604
15335,1,0.734,2.038,0.365
15336,1,0.408,4.363,0.66
15337,1,0.68,2.439,0.418
15338,1,0.531,3.577,0.564
15339,1,0.498,3.557,0.603
15340,1,0.562,3.252,0.531
15341,1,0.602,3.08,0.495
15342,1,0.648,2.625,0.441
15343,1,0.404,4.39,0.664
15344,1,0.453,3.963,0.634
15345,1,0.699,2.532,0.412
15346,1,0.461,3.952,0.629
15347,1,0.438,4.074,0.644
15348,1,0.695,2.399,0.39
15349,1,0.233,5.374,0.824
15350,1,0.605,2.945,0.508
15351,1,0.379,4.579,0.706
15352,1,0.621,2.878,0.486
15353,1,0.703,2.203,0.395
15354,1,0.422,4.31,0.679
15355,1,0.57,3.18,0.541
15356,1,0.445,4.051,0.643
15357,1,0.516,3.654,0.566
15358,1,0.754,1.965,0.346
15359,1,0.641,2.459,0.455
15360,1,0.602,2.975,0.514
15361,1,0.617,2.994,0.496
15362,1,0.445,4.134,0.641
15363,1,0.543,3.408,0.543
15364,1,0.637,2.626,0.452
15365,1,0.707,2.268,0.405
15366,1,0.652,2.607,0.47
15367,1,0.4,4.389,0.683
15368,1,0.57,3.265,0.518
15369,1,0.598,2.898,0.499
15370,1,0.66,2.696,0.413
15371,1,0.441,4.242,0.64
15372,1,0.418,4.392,0.674
15373,1,0.727,2.41,0.407
15374,1,0.391,4.787,0.739
15375,1,0.688,2.574,0.418
15376,1,0.664,2.605,0.444
15377,1,0.723,2.279,0.381
15378,1,0.609,3.057,0.484
15379,1,0.443,3.988,0.638
15380,1,0.785,1.819,0.313
15381,1,0.494,3.78,0.607
15382,1,0.381,4.61,0.704
15383,1,0.477,3.728,0.61
15384,1,0.672,2.675,0.427
15385,1,0.656,2.703,0.459
15386,1,0.578,3.178,0.532
15387,1,0.523,3.516,0.583
15388,1,0.629,2.845,0.475
15389,1,0.406,4.299,0.677
15390,1,0.457,3.961,0.653
15391,1,0.57,3.156,0.524
15392,1,0.445,4.025,0.624
15393,1,0.273,5.698,0.81
15394,1,0.594,3.237,0.516
15395,1,0.594,3.076,0.496
15396,1,0.418,4.265,0.669
15397,1,0.641,2.684,0.459
15398,1,0.555,3.365,0.542
15399,1,0.633,2.668,0.457
15400,1,0.629,2.678,0.476
15401,1,0.445,4.333,0.637
15402,1,0.648,2.653,0.461
15403,1,0.594,3.022,0.495
15404,1,0.48,3.929,0.616
15405,1,0.375,4.562,0.712
15406,1,0.809,1.783,0.278
15407,1,0.652,2.641,0.451
15408,1,0.531,3.517,0.567
15409,1,0.57,3.179,0.521
15410,1,0.463,3.969,0.638
15411,1,0.527,3.483,0.578
15412,1,0.283,5.272,0.773
15413,1,0.426,4.122,0.658
15414,1,0.52,3.51,0.559
15415,1,0.535,3.409,0.556
15416,1,0.535,3.534,0.549
15417,1,0.637,2.831,0.45
15418,1,0.641,2.726,0.459
15419,1,0.648,2.683,0.441
15420,1,0.543,3.406,0.539
15421,1,0.461,3.956,0.61
15422,1,0.566,3.256,0.537
15423,1,0.348,4.748,0.734
15424,1,0.711,2.381,0.382
15425,1,0.555,3.272,0.548
15426,1,0.629,2.636,0.468
15427,1,0.773,1.915,0.328
15428,1,0.527,3.455,0.549
15429,1,0.598,3.052,0.498
15430,1,0.539,3.341,0.552
15431,1,0.629,2.788,0.47
15432,1,0.559,3.081,0.51
15433,1,0.439,4.117,0.652
15434,1,0.355,4.716,0.724
15435,1,0.648,2.659,0.456
15436,1,0.574,3.221,0.536
15437,1,0.617,2.715,0.456
15438,1,0.418,4.251,0.652
15439,1,0.52,3.533,0.579
15440,1,0.582,3.114,0.499
15441,1,0.621,2.943,0.467
15442,1,0.625,2.849,0.492
15443,1,0.734,2.179,0.359
15444,1,0.719,2.276,0.362
15445,1,0.621,2.924,0.477
15446,1,0.66,2.569,0.45
15447,1,0.578,3.106,0.524
15448,1,0.434,4.124,0.631
15449,1,0.475,3.821,0.6
15450,1,0.633,2.73,0.458
15451,1,0.648,2.681,0.453
15452,1,0.547,3.402,0.538
15453,1,0.766,2.076,0.365
15454,1,0.434,4.085,0.651
15455,1,0.738,2.163,0.365
15456,1,0.684,2.412,0.418
15457,1,0.512,3.692,0.587
15458,1,0.492,3.621,0.595
15459,1,0.473,3.932,0.633
15460,1,0.52,3.448,0.58
15461,1,0.641,2.57,0.465
15462,1,0.463,3.979,0.634
15463,1,0.334,4.805,0.745
15464,1,0.57,3.231,0.528
15465,1,0.617,3.014,0.481
15466,1,0.461,4.005,0.62
15467,1,0.539,3.465,0.555
15468,1,0.672,2.594,0.414
15469,1,0.664,2.673,0.431
15470,1,0.555,3.28,0.543
15471,1,0.648,2.799,0.459
15472,1,0.609,2.869,0.502
15473,1,0.633,2.792,0.462
15474,1,0.516,3.644,0.574
15475,1,0.312,5.236,0.757
15476,1,0.157,6.749,0.927
15477,1,0.438,4.202,0.639
15478,1,0.57,3.163,0.524
15479,1,0.648,2.677,0.459
15480,1,0.482,3.779,0.592
15481,1,0.57,3.416,0.572
15482,1,0.672,2.687,0.427
15483,1,0.535,3.596,0.566
15484,1,0.625,2.839,0.471
15485,1,0.676,2.458,0.404
15486,1,0.445,4.064,0.654
15487,1,0.66,2.464,0.435
15488,1,0.703,2.253,0.386
15489,1,0.344,4.457,0.71
15490,1,0.648,2.623,0.45
15491,1,0.598,2.958,0.511
15492,1,0.414,4.292,0.657
15493,1,0.781,1.906,0.334
15494,1,0.295,5.303,0.74
15495,1,0.609,3.025,0.506
15496,1,0.488,3.662,0.589
15497,1,0.688,2.41,0.393
15498,1,0.688,2.307,0.399
15499,1,0.492,3.767,0.61
15500,1,0.551,3.434,0.546
15501,1,0.531,3.54,0.554
15502,1,0.641,2.933,0.455
15503,1,0.621,2.791,0.478
15504,1,0.586,3.061,0.511
15505,1,0.863,1.553,0.205
15506,1,0.531,3.346,0.564
15507,1,0.758,1.975,0.332
15508,1,0.453,3.938,0.624
15509,1,0.648,2.56,0.457
15510,1,0.688,2.554,0.412
15511,1,0.539,3.565,0.558
15512,1,0.475,3.948,0.603
15513,1,0.625,2.81,0.486
15514,1,0.637,2.846,0.461
15515,1,0.625,2.805,0.465
15516,1,0.613,2.831,0.467
15517,1,0.508,3.736,0.576
15518,1,0.436,3.962,0.66
15519,1,0.539,3.226,0.555
15520,1,0.465,3.909,0.61
15521,1,0.648,2.643,0.435
15522,1,0.688,2.475,0.399
15523,1,0.434,4.286,0.656
15524,1,0.508,3.569,0.583
15525,1,0.75,1.966,0.32
15526,1,0.516,3.81,0.58
15527,1,0.336,4.882,0.742
15528,1,0.551,3.253,0.553
15529,1,0.586,3.027,0.514
15530,1,0.574,3.146,0.526
15531,1,0.504,3.749,0.586
15532,1,0.523,3.347,0.578
15533,1,0.531,3.505,0.56
15534,1,0.426,4.223,0.657
15535,1,0.555,3.369,0.526
15536,1,0.676,2.5,0.446
15537,1,0.68,2.378,0.409
15538,1,0.484,3.966,0.606
15539,1,0.613,2.708,0.475
15540,1,0.641,2.717,0.453
15541,1,0.455,4.098,0.645
15542,1,0.594,2.871,0.48
15543,1,0.473,3.782,0.624
15544,1,0.416,4.323,0.66
15545,1,0.422,4.125,0.658
15546,1,0.484,3.79,0.597
15547,1,0.664,2.77,0.443
15548,1,0.547,3.573,0.56
15549,1,0.357,4.7,0.726
15550,1,0.246,5.628,0.812
15551,1,0.484,3.652,0.596
15552,1,0.486,3.747,0.616
15553,1,0.582,2.936,0.505
15554,1,0.486,3.884,0.605
15555,1,0.352,4.634,0.721
15556,1,0.594,3.117,0.518
15557,1,0.648,2.705,0.475
15558,1,0.559,3.3,0.529
15559,1,0.426,4.14,0.659
15560,1,0.727,2.164,0.38
15561,1,0.586,3.0,0.521
15562,1,0.438,4.192,0.645
15563,1,0.441,4.135,0.637
15564,1,0.594,2.973,0.508
15565,1,0.641,2.736,0.459
15566,1,0.547,3.571,0.54
15567,1,0.633,2.831,0.449
15568,1,0.508,3.613,0.577
15569,1,0.652,2.699,0.424
15570,1,0.379,4.605,0.712
15571,1,0.5,3.674,0.597
15572,1,0.477,3.894,0.632
15573,1,0.227,6.183,0.827
15574,1,0.426,4.161,0.665
15575,1,0.461,4.074,0.623
15576,1,0.703,2.441,0.402
15577,1,0.527,3.564,0.566
15578,1,0.467,3.95,0.606
15579,1,0.621,2.874,0.493
15580,1,0.238,5.353,0.797
15581,1,0.672,2.534,0.423
15582,1,0.613,2.811,0.484
15583,1,0.52,3.399,0.558
15584,1,0.602,3.029,0.488
15585,1,0.551,3.324,0.535
15586,1,0.523,3.472,0.571
15587,1,0.574,3.066,0.514
15588,1,0.59,3.024,0.52
15589,1,0.57,3.115,0.526
15590,1,0.805,1.802,0.302
15591,1,0.668,2.577,0.428
15592,1,0.479,3.853,0.621
15593,1,0.508,3.613,0.596
15594,1,0.359,4.405,0.695
15595,1,0.547,3.406,0.538
15596,1,0.598,2.919,0.484
15597,1,0.371,4.359,0.694
15598,1,0.672,2.281,0.407
15599,1,0.578,3.159,0.496
15600,1,0.711,2.291,0.363
15601,1,0.566,3.174,0.527
15602,1,0.711,2.243,0.403
15603,1,0.57,3.225,0.524
15604,1,0.414,4.293,0.666
15605,1,0.734,2.216,0.374
15606,1,0.441,4.091,0.653
15607,1,0.531,3.445,0.553
15608,1,0.547,3.317,0.545
15609,1,0.758,1.969,0.334
15610,1,0.562,3.155,0.535
15611,1,0.475,3.942,0.601
15612,1,0.336,4.846,0.761
15613,1,0.436,4.033,0.649
15614,1,0.488,3.731,0.594
15615,1,0.508,3.241,0.568
15616,1,0.668,2.63,0.44
15617,1,0.691,2.355,0.399
15618,1,0.738,2.02,0.37
15619,1,0.441,4.032,0.648
15620,1,0.559,3.461,0.539
15621,1,0.68,2.395,0.413
15622,1,0.648,2.725,0.451
15623,1,0.492,3.732,0.606
15624,1,0.598,2.95,0.501
15625,1,0.57,3.497,0.525
15626,1,0.463,3.986,0.614
15627,1,0.516,3.533,0.582
15628,1,0.66,2.389,0.441
15629,1,0.617,2.982,0.474
15630,1,0.402,4.395,0.673
15631,1,0.617,2.704,0.459
15632,1,0.602,2.902,0.489
15633,1,0.57,3.353,0.528
15634,1,0.359,4.752,0.7
15635,1,0.695,2.428,0.405
15636,1,0.641,2.688,0.464
15637,1,0.551,3.326,0.533
15638,1,0.684,2.341,0.404
15639,1,0.539,3.426,0.557
15640,1,0.609,3.041,0.475
15641,1,0.508,3.639,0.592
15642,1,0.656,2.578,0.448
15643,1,0.562,3.291,0.523
15644,1,0.625,2.86,0.456
15645,1,0.441,4.062,0.65
15646,1,0.621,3.011,0.501
15647,1,0.406,4.479,0.675
15648,1,0.516,3.661,0.585
15649,1,0.59,3.01,0.499
15650,1,0.555,3.08,0.495
15651,1,0.711,2.358,0.402
15652,1,0.695,2.336,0.412
15653,1,0.375,4.66,0.71
15654,1,0.688,2.511,0.417
15655,1,0.594,3.016,0.502
15656,1,0.602,2.946,0.499
15657,1,0.504,3.763,0.589
15658,1,0.285,5.395,0.78
15659,1,0.594,3.032,0.511
15660,1,0.566,3.161,0.51
15661,1,0.418,4.168,0.68
15662,1,0.617,2.433,0.474
15663,1,0.688,2.511,0.412
15664,1,0.719,2.216,0.375
15665,1,0.609,2.978,0.484
15666,1,0.527,3.479,0.548
15667,1,0.719,2.226,0.392
15668,1,0.641,2.723,0.467
15669,1,0.418,4.298,0.662
15670,1,0.68,2.509,0.414
15671,1,0.652,2.655,0.446
15672,1,0.484,3.978,0.61
15673,1,0.594,2.952,0.513
15674,1,0.695,2.468,0.419
15675,1,0.605,2.935,0.477
15676,1,0.465,3.796,0.636
15677,1,0.641,2.639,0.45
15678,1,0.336,4.906,0.736
15679,1,0.676,2.547,0.412
15680,1,0.602,2.994,0.498
15681,1,0.695,2.278,0.398
15682,1,0.566,3.257,0.53
15683,1,0.516,3.539,0.584
15684,1,0.625,2.884,0.455
15685,1,0.602,2.867,0.517
15686,1,0.359,4.783,0.705
15687,1,0.512,3.619,0.571
15688,1,0.656,2.806,0.432
15689,1,0.559,3.297,0.532
15690,1,0.586,2.985,0.501
15691,1,0.613,2.864,0.472
15692,1,0.457,3.981,0.63
15693,1,0.473,3.855,0.622
15694,1,0.555,3.602,0.579
15695,1,0.555,3.311,0.53
15696,1,0.695,2.357,0.407
15697,1,0.727,2.121,0.35
15698,1,0.688,2.518,0.414
15699,1,0.461,3.969,0.606
15700,1,0.797,1.723,0.309
15701,1,0.336,5.016,0.731
15702,1,0.699,2.418,0.394
15703,1,0.439,4.26,0.663
15704,1,0.57,3.329,0.538
15705,1,0.562,3.251,0.524
15706,1,0.738,2.167,0.372
15707,1,0.555,3.399,0.526
15708,1,0.5,3.648,0.579
15709,1,0.758,1.895,0.331
15710,1,0.387,4.461,0.688
15711,1,0.555,3.203,0.549
15712,1,0.695,2.463,0.393
15713,1,0.539,3.482,0.545
15714,1,0.404,4.321,0.682
15715,1,0.463,3.93,0.628
15716,1,0.434,4.215,0.641
15717,1,0.516,3.614,0.589
15718,1,0.508,3.527,0.581
15719,1,0.539,3.141,0.559
15720,1,0.512,3.515,0.577
15721,1,0.484,3.873,0.62
15722,1,0.562,3.388,0.513
15723,1,0.266,5.482,0.797
15724,1,0.672,2.501,0.43
15725,1,0.566,3.15,0.524
15726,1,0.633,2.85,0.465
15727,1,0.703,2.358,0.395
15728,1,0.535,3.416,0.567
15729,1,0.52,3.648,0.563
15730,1,0.531,3.54,0.559
15731,1,0.57,3.046,0.524
15732,1,0.664,2.523,0.434
15733,1,0.443,3.867,0.647
15734,1,0.586,2.843,0.495
15735,1,0.672,2.53,0.435
15736,1,0.527,3.349,0.557
15737,1,0.625,2.935,0.485
15738,1,0.609,2.799,0.478
15739,1,0.695,3.02,0.602
15740,1,0.617,2.908,0.499
15741,1,0.715,2.141,0.392
15742,1,0.668,2.397,0.429
15743,1,0.695,2.375,0.419
15744,1,0.414,4.304,0.686
15745,1,0.574,3.568,0.504
15746,1,0.5,3.532,0.589
15747,1,0.494,3.785,0.598
15748,1,0.684,2.432,0.406
15749,1,0.326,5.334,0.739
15750,1,0.824,1.637,0.29
15751,1,0.789,1.91,0.313
15752,1,0.555,3.295,0.531
15753,1,0.496,3.719,0.601
15754,1,0.676,2.424,0.415
15755,1,0.582,3.162,0.514
15756,1,0.414,4.245,0.666
15757,1,0.547,3.2,0.541
15758,1,0.578,3.086,0.507
15759,1,0.498,3.657,0.584
15760,1,0.68,2.433,0.402
15761,1,0.453,3.995,0.645
15762,1,0.379,4.321,0.697
15763,1,0.492,3.685,0.595
15764,1,0.617,2.93,0.482
15765,1,0.451,4.006,0.64
15766,1,0.77,1.795,0.351
15767,1,0.676,2.446,0.419
15768,1,0.559,3.402,0.546
15769,1,0.711,2.309,0.406
15770,1,0.295,5.302,0.782
15771,1,0.406,4.415,0.68
15772,1,0.68,2.308,0.435
15773,1,0.523,3.516,0.572
15774,1,0.566,3.14,0.528
15775,1,0.426,4.14,0.685
15776,1,0.613,2.722,0.504
15777,1,0.516,3.736,0.581
15778,1,0.543,3.513,0.527
15779,1,0.539,3.391,0.548
15780,1,0.641,2.595,0.467
15781,1,0.648,2.888,0.457
15782,1,0.727,2.4,0.387
15783,1,0.656,2.723,0.438
15784,1,0.527,3.428,0.561
15785,1,0.477,3.836,0.619
15786,1,0.609,2.939,0.478
15787,1,0.656,2.579,0.445
15788,1,0.625,2.725,0.466
15789,1,0.402,4.229,0.687
15790,1,0.523,3.585,0.568
15791,1,0.641,2.605,0.458
15792,1,0.562,3.223,0.543
15793,1,0.641,2.875,0.462
15794,1,0.531,3.642,0.586
15795,1,0.551,3.207,0.547
15796,1,0.355,4.793,0.734
15797,1,0.551,3.197,0.551
15798,1,0.586,3.193,0.518
15799,1,0.656,2.722,0.44
15800,1,0.656,2.681,0.432
15801,1,0.535,3.345,0.564
15802,1,0.734,2.292,0.383
15803,1,0.559,3.247,0.54
15804,1,0.328,5.048,0.738
15805,1,0.617,2.771,0.464
15806,1,0.602,2.755,0.5
15807,1,0.57,3.299,0.526
15808,1,0.367,4.529,0.72
15809,1,0.57,3.307,0.538
15810,1,0.531,3.272,0.555
15811,1,0.82,1.699,0.304
15812,1,0.428,4.196,0.657
15813,1,0.436,4.03,0.649
15814,1,0.645,2.577,0.435
15815,1,0.574,3.236,0.537
15816,1,0.523,3.551,0.573
15817,1,0.57,3.181,0.539
15818,1,0.527,3.503,0.567
15819,1,0.605,2.887,0.472
15820,1,0.314,5.57,0.766
15821,1,0.633,2.903,0.461
15822,1,0.543,3.581,0.561
15823,1,0.586,3.055,0.506
15824,1,0.49,3.811,0.593
15825,1,0.586,3.063,0.506
15826,1,0.566,3.218,0.546
15827,1,0.406,4.413,0.678
15828,1,0.498,3.784,0.578
15829,1,0.508,3.484,0.583
15830,1,0.711,2.163,0.378
15831,1,0.57,3.215,0.523
15832,1,0.488,3.833,0.592
15833,1,0.451,4.041,0.638
15834,1,0.281,5.238,0.792
15835,1,0.68,2.592,0.412
15836,1,0.75,2.029,0.354
15837,1,0.539,3.501,0.568
15838,1,0.664,2.51,0.437
15839,1,0.258,5.779,0.811
15840,1,0.648,2.627,0.439
15841,1,0.412,4.218,0.679
15842,1,0.992,1.844,0.416
15843,1,0.383,4.589,0.708
15844,1,0.523,3.612,0.582
15845,1,0.602,3.029,0.503
15846,1,0.531,3.443,0.558
15847,1,0.449,3.976,0.646
15848,1,0.496,3.729,0.609
15849,1,0.57,3.177,0.516
15850,1,0.688,2.602,0.429
15851,1,0.617,2.842,0.488
15852,1,0.586,3.121,0.49
15853,1,0.625,2.815,0.468
15854,1,0.648,2.693,0.47
15855,1,0.508,3.744,0.57
15856,1,0.664,2.479,0.442
15857,1,0.492,3.79,0.613
15858,1,0.559,3.279,0.539
15859,1,0.598,3.213,0.493
15860,1,0.758,1.96,0.323
15861,1,0.609,2.945,0.494
15862,1,0.484,3.754,0.591
15863,1,0.539,3.463,0.537
15864,1,0.469,3.891,0.614
15865,1,0.555,3.285,0.521
15866,1,0.617,2.935,0.468
15867,1,0.609,3.178,0.485
15868,1,0.609,2.93,0.489
15869,1,0.516,3.669,0.582
15870,1,0.559,3.269,0.533
15871,1,0.719,2.034,0.366
15872,1,0.363,4.999,0.718
15873,1,0.621,2.648,0.476
15874,1,0.617,2.874,0.464
15875,1,0.498,3.637,0.601
15876,1,0.621,3.206,0.505
15877,1,0.695,2.325,0.386
15878,1,0.297,5.405,0.772
15879,1,0.539,3.278,0.536
15880,1,0.379,4.525,0.702
15881,1,0.559,3.279,0.529
15882,1,0.711,2.298,0.371
15883,1,0.598,2.928,0.5
15884,1,0.523,3.447,0.581
15885,1,0.648,2.731,0.448
15886,1,0.492,3.714,0.608
15887,1,0.816,1.677,0.273
15888,1,0.648,2.826,0.458
15889,1,0.512,3.685,0.598
15890,1,0.609,2.872,0.462
15891,1,0.408,4.193,0.667
15892,1,0.719,2.307,0.393
15893,1,0.586,3.097,0.513
15894,1,0.441,4.017,0.65
15895,1,0.664,2.684,0.424
15896,1,0.527,3.239,0.544
15897,1,0.594,3.019,0.51
15898,1,0.477,3.814,0.609
15899,1,0.457,3.821,0.618
15900,1,0.578,3.171,0.511
15901,1,0.727,2.075,0.382
15902,1,0.559,3.346,0.547
15903,1,0.758,1.922,0.336
15904,1,0.625,2.777,0.463
15905,1,0.412,4.181,0.664
15906,1,0.248,5.915,0.831
15907,1,0.684,2.437,0.406
15908,1,0.664,2.602,0.41
15909,1,0.672,2.208,0.417
15910,1,0.641,2.632,0.46
15911,1,0.688,2.585,0.42
15912,1,0.398,4.422,0.69
15913,1,0.727,2.257,0.482
15914,1,0.43,4.24,0.657
15915,1,0.82,1.709,0.293
15916,1,0.727,2.176,0.38
15917,1,0.344,5.052,0.718
15918,1,0.445,4.051,0.621
15919,1,0.645,2.346,0.45
15920,1,0.527,3.499,0.557
15921,1,0.463,3.848,0.626
15922,1,0.436,4.067,0.645
15923,1,0.598,3.016,0.495
15924,1,0.758,1.973,0.333
15925,1,0.375,4.634,0.706
15926,1,0.492,3.867,0.625
15927,1,0.52,3.593,0.584
15928,1,0.582,2.923,0.507
15929,1,0.418,4.358,0.668
15930,1,0.57,3.113,0.531
15931,1,0.602,3.083,0.479
15932,1,0.719,2.288,0.406
15933,1,0.432,4.231,0.673
15934,1,0.602,2.89,0.49
15935,1,0.59,3.16,0.506
15936,1,0.523,3.429,0.567
15937,1,0.555,3.167,0.538
15938,1,0.516,3.666,0.573
15939,1,0.703,2.216,0.382
15940,1,0.555,3.256,0.545
15941,1,0.48,3.747,0.615
15942,1,0.398,4.417,0.708
15943,1,0.719,2.214,0.363
15944,1,0.307,5.118,0.76
15945,1,0.754,1.994,0.357
15946,1,0.652,2.941,0.468
15947,1,0.793,1.9,0.322
15948,1,0.605,2.996,0.497
15949,1,0.469,4.006,0.643
15950,1,0.68,2.542,0.409
15951,1,0.625,2.956,0.479
15952,1,0.594,2.958,0.519
15953,1,0.543,3.443,0.564
15954,1,0.457,3.976,0.624
15955,1,0.48,3.897,0.584
15956,1,0.473,4.005,0.679
15957,1,0.594,3.091,0.508
15958,1,0.494,3.635,0.603
15959,1,0.652,2.464,0.441
15960,1,0.594,3.132,0.499
15961,1,0.703,2.44,0.403
15962,1,0.625,2.881,0.46
15963,1,0.617,2.841,0.5
15964,1,0.316,5.215,0.744
15965,1,0.523,3.386,0.554
15966,1,0.547,3.52,0.545
15967,1,0.758,1.97,0.338
15968,1,0.625,2.9,0.472
15969,1,0.566,3.333,0.529
15970,1,0.676,2.348,0.425
15971,1,0.328,4.862,0.723
15972,1,0.395,4.606,0.69
15973,1,0.629,2.935,0.478
15974,1,0.734,2.046,0.371
15975,1,0.68,2.315,0.435
15976,1,0.594,3.012,0.524
15977,1,0.531,3.413,0.567
15978,1,0.641,2.657,0.457
15979,1,0.629,2.724,0.457
15980,1,0.516,3.475,0.563
15981,1,0.418,4.133,0.659
15982,1,0.494,3.854,0.593
15983,1,0.762,2.108,0.357
15984,1,0.57,3.276,0.538
15985,1,0.371,4.857,0.701
15986,1,0.402,4.402,0.678
15987,1,0.609,2.866,0.507
15988,1,0.57,3.18,0.514
15989,1,0.578,3.186,0.508
15990,1,0.391,4.438,0.685
15991,1,0.414,4.258,0.666
15992,1,0.465,4.044,0.633
15993,1,0.609,3.003,0.466
15994,1,0.316,5.004,0.755
15995,1,0.473,3.751,0.625
15996,1,0.428,4.154,0.649
15997,1,0.4,4.34,0.685
15998,1,0.578,3.191,0.509
15999,1,0.477,3.871,0.606
16000,1,0.33,4.806,0.754
16001,1,0.414,4.43,0.681
16002,1,0.527,3.57,0.559
16003,1,0.523,3.398,0.555
16004,1,0.527,3.477,0.59
16005,1,0.703,2.128,0.393
16006,1,0.508,3.336,0.558
16007,1,0.637,2.719,0.462
16008,1,0.746,2.137,0.338
16009,1,0.531,3.505,0.554
16010,1,0.613,2.947,0.463
16011,1,0.691,2.478,0.388
16012,1,0.633,2.802,0.458
16013,1,0.605,2.899,0.494
16014,1,0.406,4.367,0.667
16015,1,0.57,3.252,0.544
16016,1,0.402,4.274,0.68
16017,1,0.617,2.871,0.479
16018,1,0.469,3.839,0.615
16019,1,0.574,3.037,0.504
16020,1,0.562,3.163,0.531
16021,1,0.508,3.608,0.555
16022,1,0.648,2.755,0.43
16023,1,0.629,3.065,0.473
16024,1,0.5,3.771,0.578
16025,1,0.418,4.211,0.654
16026,1,0.543,3.34,0.544
16027,1,0.418,4.31,0.676
16028,1,0.656,2.755,0.464
16029,1,0.426,4.358,0.671
16030,1,0.473,3.959,0.617
16031,1,0.383,4.534,0.693
16032,1,0.727,2.341,0.379
16033,1,0.582,3.113,0.532
16034,1,0.68,2.673,0.439
16035,1,0.539,3.5,0.558
16036,1,0.695,2.294,0.393
16037,1,0.68,2.47,0.433
16038,1,0.727,2.185,0.387
16039,1,0.352,4.89,0.733
16040,1,0.68,2.265,0.422
16041,1,0.438,4.136,0.645
16042,1,0.578,3.012,0.484
16043,1,0.566,3.227,0.527
16044,1,0.617,3.002,0.493
16045,1,0.463,4.152,0.638
16046,1,0.562,3.193,0.51
16047,1,0.727,2.117,0.384
16048,1,0.449,3.954,0.62
16049,1,0.574,2.711,0.505
16050,1,0.482,3.897,0.609
16051,1,0.734,2.155,0.365
16052,1,0.582,3.046,0.502
16053,1,0.57,3.082,0.534
16054,1,0.539,3.366,0.553
16055,1,0.664,2.708,0.443
16056,1,0.586,3.095,0.511
16057,1,0.742,2.059,0.347
16058,1,0.555,3.314,0.537
16059,1,0.383,3.956,0.691
16060,1,0.443,4.056,0.65
16061,1,0.547,3.427,0.539
16062,1,0.648,2.779,0.455
16063,1,0.527,3.499,0.555
16064,1,0.527,3.612,0.585
16065,1,0.393,4.439,0.688
16066,1,0.307,5.194,0.771
16067,1,0.244,5.791,0.807
16068,1,0.566,3.411,0.53
16069,1,0.547,3.388,0.531
16070,1,0.551,3.336,0.52
16071,1,0.562,3.22,0.506
16072,1,0.594,3.067,0.509
16073,1,0.52,3.599,0.595
16074,1,0.385,4.534,0.698
16075,1,0.383,4.489,0.705
16076,1,0.236,5.723,0.805
16077,1,0.633,2.885,0.469
16078,1,0.445,4.017,0.666
16079,1,0.582,3.229,0.533
16080,1,0.742,2.165,0.358
16081,1,0.688,2.253,0.426
16082,1,0.758,2.027,0.335
16083,1,0.66,2.669,0.447
16084,1,0.535,3.481,0.575
16085,1,0.633,2.785,0.464
16086,1,0.492,3.828,0.614
16087,1,0.664,2.452,0.425
16088,1,0.625,2.652,0.477
16089,1,0.625,2.751,0.453
16090,1,0.469,3.781,0.627
16091,1,0.688,2.39,0.428
16092,1,0.398,4.398,0.685
16093,1,0.578,3.07,0.518
16094,1,0.641,2.712,0.483
16095,1,0.451,4.03,0.644
16096,1,0.637,2.654,0.455
16097,1,0.494,3.753,0.606
16098,1,0.436,4.211,0.636
16099,1,0.723,2.279,0.364
16100,1,0.695,2.293,0.41
16101,1,0.531,3.615,0.538
16102,1,0.609,2.904,0.494
16103,1,0.406,4.437,0.672
16104,1,0.551,3.45,0.541
16105,1,0.625,2.869,0.463
16106,1,0.66,2.583,0.429
16107,1,0.633,2.74,0.462
16108,1,0.703,2.37,0.382
16109,1,0.68,2.467,0.416
16110,1,0.68,2.512,0.411
16111,1,0.555,3.317,0.543
16112,1,0.275,5.528,0.783
16113,1,0.377,4.372,0.708
16114,1,0.488,3.604,0.584
16115,1,0.547,3.307,0.536
16116,1,0.695,2.394,0.393
16117,1,0.641,2.732,0.458
16118,1,0.539,3.376,0.568
16119,1,0.459,3.905,0.633
16120,1,0.41,4.157,0.657
16121,1,0.57,3.145,0.517
16122,1,0.539,3.393,0.563
16123,1,0.711,2.16,0.392
16124,1,0.496,3.709,0.577
16125,1,0.266,5.378,0.781
16126,1,0.605,3.173,0.496
16127,1,0.711,2.369,0.399
16128,1,0.41,3.594,0.653
16129,1,0.656,2.664,0.534
16130,1,0.477,3.913,0.602
16131,1,0.336,4.927,0.743
16132,1,0.559,3.318,0.544
16133,1,0.582,3.21,0.499
16134,1,0.656,2.661,0.445
16135,1,0.672,2.477,0.424
16136,1,0.625,2.772,0.472
16137,1,0.404,4.308,0.701
16138,1,0.664,2.598,0.444
16139,1,0.555,3.203,0.541
16140,1,0.482,3.788,0.61
16141,1,0.49,3.701,0.601
16142,1,0.688,2.438,0.399
16143,1,0.131,6.407,0.904
16144,1,0.68,2.434,0.432
16145,1,0.73,2.06,0.384
16146,1,0.59,3.069,0.512
16147,1,0.555,3.366,0.547
16148,1,0.467,3.977,0.617
16149,1,0.43,4.086,0.648
16150,1,0.578,3.195,0.507
16151,1,0.461,3.988,0.639
16152,1,0.318,4.84,0.753
16153,1,0.645,2.71,0.453
16154,1,0.57,3.196,0.506
16155,1,0.703,2.345,0.376
16156,1,0.629,2.882,0.455
16157,1,0.441,4.017,0.638
16158,1,0.664,2.427,0.439
16159,1,0.602,3.058,0.511
16160,1,0.648,2.608,0.459
16161,1,0.672,2.558,0.427
16162,1,0.656,2.609,0.444
16163,1,0.57,3.082,0.534
16164,1,0.695,2.376,0.412
16165,1,0.75,2.103,0.345
16166,1,0.418,4.293,0.658
16167,1,0.727,2.176,0.377
16168,1,0.441,4.054,0.646
16169,1,0.539,3.454,0.541
16170,1,0.633,2.817,0.445
16171,1,0.4,4.387,0.683
16172,1,0.633,2.853,0.479
16173,1,0.469,3.785,0.634
16174,1,0.363,4.655,0.716
16175,1,0.582,3.274,0.512
16176,1,0.512,3.523,0.58
16177,1,0.629,2.848,0.448
16178,1,0.648,2.598,0.434
16179,1,0.578,3.35,0.504
16180,1,0.48,3.808,0.605
16181,1,0.609,2.94,0.481
16182,1,0.469,3.926,0.621
16183,1,0.375,4.606,0.715
16184,1,0.535,3.391,0.563
16185,1,0.727,2.202,0.368
16186,1,0.586,3.15,0.518
16187,1,0.703,2.341,0.384
16188,1,0.676,2.394,0.424
16189,1,0.547,3.406,0.538
16190,1,0.641,2.863,0.451
16191,1,0.617,2.68,0.476
16192,1,0.691,2.283,0.392
16193,1,0.5,3.651,0.591
16194,1,0.559,3.348,0.529
16195,1,0.512,3.755,0.592
16196,1,0.508,3.492,0.588
16197,1,0.57,3.279,0.531
16198,1,0.523,3.622,0.567
16199,1,0.711,2.343,0.393
16200,1,0.719,2.366,0.377
16201,1,0.41,4.524,0.678
16202,1,0.652,2.496,0.447
16203,1,0.609,2.851,0.468
16204,1,0.641,2.783,0.465
16205,1,0.637,2.599,0.431
16206,1,0.578,3.199,0.522
16207,1,0.633,2.654,0.467
16208,1,0.648,2.705,0.477
16209,1,0.57,3.263,0.517
16210,1,0.395,4.395,0.701
16211,1,0.68,2.433,0.438
16212,1,0.617,2.861,0.473
16213,1,0.645,2.741,0.447
16214,1,0.648,2.613,0.429
16215,1,0.66,2.675,0.443
16216,1,0.637,2.698,0.461
16217,1,0.504,3.616,0.601
16218,1,0.582,3.198,0.502
16219,1,0.479,3.814,0.615
16220,1,0.445,3.965,0.633
16221,1,0.5,3.678,0.599
16222,1,0.582,3.078,0.492
16223,1,0.672,2.253,0.408
16224,1,0.375,4.957,0.692
16225,1,0.594,3.026,0.488
16226,1,0.551,3.192,0.537
16227,1,0.645,2.746,0.437
16228,1,0.715,2.086,0.374
16229,1,0.703,2.27,0.395
16230,1,0.547,3.332,0.547
16231,1,0.316,4.787,0.747
16232,1,0.508,3.644,0.581
16233,1,0.664,2.488,0.428
16234,1,0.512,3.595,0.569
16235,1,0.828,1.681,0.257
16236,1,0.32,4.638,0.733
16237,1,0.68,2.515,0.416
16238,1,0.555,3.312,0.567
16239,1,0.645,2.663,0.456
16240,1,0.727,2.204,0.37
16241,1,0.703,2.313,0.408
16242,1,0.334,5.028,0.728
16243,1,0.438,4.199,0.659
16244,1,0.539,3.476,0.552
16245,1,0.473,3.924,0.62
16246,1,0.555,3.334,0.539
16247,1,0.68,2.478,0.416
16248,1,0.586,3.21,0.493
16249,1,0.543,3.418,0.545
16250,1,0.578,3.093,0.507
16251,1,0.457,4.005,0.607
16252,1,0.633,2.804,0.491
16253,1,0.605,2.942,0.495
16254,1,0.621,2.87,0.494
16255,1,0.57,3.132,0.523
16256,1,0.617,2.895,0.502
16257,1,0.637,2.743,0.471
16258,1,0.562,3.269,0.524
16259,1,0.426,4.16,0.651
16260,1,0.586,2.916,0.504
16261,1,0.566,3.183,0.532
16262,1,0.523,4.02,0.643
16263,1,0.586,3.072,0.506
16264,1,0.508,3.582,0.58
16265,1,0.516,3.603,0.582
16266,1,0.439,4.062,0.651
16267,1,0.547,3.349,0.532
16268,1,0.492,3.771,0.598
16269,1,0.492,3.737,0.598
16270,1,0.426,4.184,0.665
16271,1,0.475,3.888,0.613
16272,1,0.762,1.964,0.323
16273,1,0.629,2.725,0.484
16274,1,0.609,3.048,0.467
16275,1,0.75,1.948,0.359
16276,1,0.355,4.672,0.716
16277,1,0.531,3.501,0.551
16278,1,0.711,2.234,0.395
16279,1,0.543,3.391,0.533
16280,1,0.562,3.315,0.543
16281,1,0.738,2.124,0.383
16282,1,0.59,2.986,0.51
16283,1,0.559,3.344,0.513
16284,1,0.434,4.161,0.644
16285,1,0.531,3.502,0.569
16286,1,0.867,2.174,0.392
16287,1,0.711,2.423,0.379
16288,1,0.418,4.165,0.651
16289,1,0.555,3.335,0.524
16290,1,0.633,2.737,0.458
16291,1,0.352,4.918,0.722
16292,1,0.547,3.31,0.55
16293,1,0.461,3.531,0.591
16294,1,0.656,2.509,0.459
16295,1,0.617,2.911,0.495
16296,1,0.504,3.715,0.565
16297,1,0.359,4.668,0.722
16298,1,0.719,2.289,0.403
16299,1,0.633,2.889,0.445
16300,1,0.479,3.839,0.614
16301,1,0.629,2.848,0.468
16302,1,0.531,3.449,0.555
16303,1,0.49,3.545,0.543
16304,1,0.633,2.674,0.46
16305,1,0.438,4.121,0.629
16306,1,0.484,3.802,0.601
16307,1,0.555,3.217,0.542
16308,1,0.672,2.418,0.436
16309,1,0.344,4.448,0.702
16310,1,0.496,3.867,0.597
16311,1,0.465,3.961,0.626
16312,1,0.555,3.295,0.548
16313,1,0.633,2.837,0.444
16314,1,0.586,3.109,0.527
16315,1,0.424,4.202,0.661
16316,1,0.582,3.161,0.513
16317,1,0.516,3.691,0.589
16318,1,0.602,2.926,0.493
16319,1,0.555,3.226,0.547
16320,1,0.527,3.425,0.588
16321,1,0.609,3.041,0.515
16322,1,0.688,2.547,0.43
16323,1,0.672,2.517,0.412
16324,1,0.594,3.019,0.509
16325,1,0.469,4.035,0.621
16326,1,1.219,1.642,0.183
16327,1,0.453,3.994,0.643
16328,1,0.539,3.535,0.552
16329,1,0.371,4.593,0.725
16330,1,0.523,3.553,0.55
16331,1,0.57,3.347,0.529
16332,1,0.633,2.83,0.472
16333,1,0.504,3.628,0.584
16334,1,0.602,3.12,0.485
16335,1,0.5,3.727,0.587
16336,1,0.398,4.44,0.674
16337,1,0.695,2.408,0.403
16338,1,0.375,4.591,0.713
16339,1,0.629,2.841,0.479
16340,1,0.59,2.99,0.497
16341,1,0.268,5.516,0.785
16342,1,0.691,2.416,0.423
16343,1,0.52,3.554,0.576
16344,1,0.535,3.305,0.552
16345,1,0.523,3.552,0.576
16346,1,0.48,3.859,0.617
16347,1,0.387,4.562,0.697
16348,1,0.57,3.148,0.527
16349,1,0.5,3.713,0.588
16350,1,0.27,5.722,0.793
16351,1,0.781,1.961,0.32
16352,1,0.49,3.658,0.592
16353,1,0.387,4.54,0.695
16354,1,0.492,3.776,0.602
16355,1,0.582,3.137,0.502
16356,1,0.555,3.311,0.539
16357,1,0.428,4.18,0.642
16358,1,0.59,3.049,0.496
16359,1,0.766,2.047,0.33
16360,1,0.664,2.568,0.439
16361,1,0.516,3.66,0.574
16362,1,0.555,3.205,0.529
16363,1,0.625,2.902,0.482
16364,1,0.648,2.708,0.429
16365,1,0.773,1.936,0.331
16366,1,0.648,2.757,0.432
16367,1,0.59,3.058,0.493
16368,1,0.239,5.737,0.813
16369,1,0.672,2.57,0.432
16370,1,0.68,2.33,0.422
16371,1,0.578,3.247,0.527
16372,1,0.664,2.52,0.435
16373,1,0.688,2.483,0.433
16374,1,0.346,4.763,0.723
16375,1,0.617,2.815,0.481
16376,1,0.621,2.915,0.491
16377,1,0.734,2.156,0.348
16378,1,0.512,3.642,0.592
16379,1,0.664,2.788,0.442
16380,1,0.688,2.351,0.411
16381,1,0.934,1.589,0.251
16382,1,0.461,4.043,0.625
16383,1,0.609,3.012,0.501
16384,1,0.711,2.356,0.406
16385,1,0.719,2.243,0.388
16386,1,0.586,3.209,0.493
16387,1,0.633,2.911,0.474
16388,1,0.453,4.114,0.629
16389,1,0.625,2.789,0.473
16390,1,0.586,3.024,0.513
16391,1,0.617,2.94,0.49
16392,1,0.484,3.92,0.613
16393,1,0.625,2.967,0.469
16394,1,0.629,2.869,0.484
16395,1,0.602,3.016,0.499
16396,1,0.629,2.66,0.451
16397,1,0.602,2.96,0.485
16398,1,0.664,2.478,0.43
16399,1,0.629,2.67,0.467
16400,1,0.594,2.979,0.516
16401,1,0.633,2.805,0.474
16402,1,0.578,3.11,0.521
16403,1,0.555,3.166,0.543
16404,1,0.516,3.688,0.574
16405,1,0.527,3.46,0.573
16406,1,0.562,3.327,0.528
16407,1,0.625,2.875,0.473
16408,1,0.555,3.49,0.544
16409,1,0.613,2.892,0.48
16410,1,0.512,3.64,0.577
16411,1,0.664,2.511,0.465
16412,1,0.703,2.207,0.411
16413,1,0.391,4.459,0.704
16414,1,0.379,4.666,0.689
16415,1,0.75,1.989,0.354
16416,1,0.633,3.01,0.433
16417,1,0.363,4.657,0.705
16418,1,0.688,2.547,0.396
16419,1,0.719,2.122,0.4
16420,1,0.672,2.434,0.424
16421,1,0.668,2.561,0.426
16422,1,0.594,2.689,0.474
16423,1,0.461,3.94,0.633
16424,1,0.711,2.296,0.38
16425,1,0.555,3.252,0.522
16426,1,0.742,2.133,0.349
16427,1,0.523,3.415,0.561
16428,1,0.57,3.376,0.539
16429,1,0.809,1.702,0.302
16430,1,0.578,3.091,0.501
16431,1,0.508,3.585,0.589
16432,1,0.375,4.638,0.699
16433,1,0.57,3.343,0.514
16434,1,0.68,2.324,0.418
16435,1,0.656,2.704,0.432
16436,1,0.475,3.898,0.628
16437,1,0.617,2.89,0.48
16438,1,0.648,2.754,0.443
16439,1,0.543,3.384,0.543
16440,1,0.602,3.097,0.483
16441,1,0.465,3.866,0.602
16442,1,0.453,4.102,0.651
16443,1,0.586,2.888,0.515
16444,1,0.648,2.634,0.458
16445,1,1.258,2.932,0.525
16446,1,0.504,3.749,0.592
16447,1,0.605,2.856,0.495
16448,1,0.48,3.89,0.612
16449,1,0.539,3.535,0.553
16450,1,0.656,2.497,0.446
16451,1,0.562,3.095,0.509
16452,1,0.445,4.015,0.643
16453,1,0.527,3.56,0.547
16454,1,0.594,2.922,0.512
16455,1,0.447,4.118,0.643
16456,1,0.723,2.179,0.403
16457,1,0.68,2.451,0.408
16458,1,0.559,3.375,0.541
16459,1,0.543,3.278,0.562
16460,1,0.648,2.638,0.472
16461,1,0.637,2.514,0.446
16462,1,0.562,3.29,0.528
16463,1,0.602,3.1,0.481
16464,1,0.613,2.908,0.488
16465,1,0.531,3.407,0.553
16466,1,0.508,3.674,0.594
16467,1,0.488,3.783,0.611
16468,1,0.656,2.57,0.453
16469,1,0.637,2.711,0.443
16470,1,0.656,2.544,0.448
16471,1,0.498,3.738,0.594
16472,1,0.484,3.861,0.597
16473,1,0.637,2.801,0.453
16474,1,0.43,4.399,0.681
16475,1,0.451,3.589,0.609
16476,1,0.648,2.847,0.46
16477,1,0.547,3.53,0.545
16478,1,0.594,3.093,0.493
16479,1,0.594,2.991,0.487
16480,1,0.648,2.787,0.473
16481,1,0.648,2.641,0.454
16482,1,0.434,4.227,0.668
16483,1,0.381,4.437,0.702
16484,1,0.52,3.701,0.586
16485,1,0.375,4.727,0.687
16486,1,0.668,2.384,0.443
16487,1,0.543,3.347,0.553
16488,1,0.688,2.354,0.408
16489,1,0.355,4.726,0.707
16490,1,0.648,2.689,0.445
16491,1,0.404,4.585,0.695
16492,1,0.664,2.527,0.424
16493,1,0.297,5.275,0.75
16494,1,0.504,3.68,0.596
16495,1,0.432,4.31,0.672
16496,1,0.598,3.16,0.502
16497,1,0.559,3.309,0.54
16498,1,0.629,2.794,0.452
16499,1,0.393,4.391,0.675
16500,1,0.508,3.688,0.586
16501,1,0.629,2.845,0.448
16502,1,0.422,4.292,0.666
16503,1,0.473,4.027,0.622
16504,1,0.426,4.213,0.653
16505,1,0.316,5.072,0.757
16506,1,0.57,3.145,0.524
16507,1,0.453,3.96,0.648
16508,1,0.402,4.359,0.674
16509,1,0.508,3.669,0.569
16510,1,0.434,4.09,0.644
16511,1,0.594,3.053,0.481
16512,1,0.586,3.18,0.507
16513,1,0.594,2.916,0.506
16514,1,0.707,2.386,0.414
16515,1,0.512,3.716,0.555
16516,1,0.34,4.768,0.737
16517,1,0.625,2.86,0.459
16518,1,0.66,2.672,0.452
16519,1,0.504,3.504,0.597
16520,1,0.414,4.373,0.697
16521,1,0.633,2.563,0.409
16522,1,0.363,4.558,0.716
16523,1,0.467,3.946,0.633
16524,1,0.594,3.066,0.505
16525,1,0.512,3.594,0.585
16526,1,0.559,3.18,0.547
16527,1,0.43,4.209,0.674
16528,1,0.586,2.98,0.525
16529,1,0.617,2.801,0.496
16530,1,0.432,4.183,0.655
16531,1,0.578,3.143,0.525
16532,1,0.566,3.227,0.522
16533,1,0.664,2.608,0.451
16534,1,0.625,2.83,0.456
16535,1,0.516,3.56,0.578
16536,1,0.441,4.141,0.647
16537,1,0.531,3.571,0.551
16538,1,0.711,2.377,0.392
16539,1,0.422,4.213,0.682
16540,1,0.402,4.513,0.694
16541,1,0.547,3.404,0.55
16542,1,0.422,4.259,0.67
16543,1,0.562,3.324,0.539
16544,1,0.527,3.479,0.562
16545,1,0.316,5.35,0.764
16546,1,0.555,3.273,0.546
16547,1,0.742,2.07,0.36
16548,1,0.594,3.118,0.508
16549,1,0.633,2.666,0.457
16550,1,0.551,3.202,0.53
16551,1,0.477,3.882,0.598
16552,1,0.703,2.377,0.394
16553,1,0.641,2.887,0.456
16554,1,0.523,3.681,0.577
16555,1,0.594,3.101,0.518
16556,1,0.672,2.579,0.434
16557,1,0.578,3.065,0.516
16558,1,0.742,2.048,0.341
16559,1,0.508,3.761,0.568
16560,1,0.473,3.845,0.618
16561,1,0.465,3.907,0.628
16562,1,0.479,3.947,0.611
16563,1,0.578,3.23,0.52
16564,1,0.457,3.965,0.626
16565,1,0.326,4.61,0.743
16566,1,0.516,3.473,0.559
16567,1,0.418,4.211,0.664
16568,1,0.703,2.394,0.407
16569,1,0.664,2.765,0.441
16570,1,0.391,4.47,0.701
16571,1,0.326,5.018,0.764
16572,1,0.641,2.761,0.454
16573,1,0.422,4.144,0.653
16574,1,0.719,2.075,0.376
16575,1,0.371,4.608,0.715
16576,1,0.492,3.695,0.594
16577,1,0.566,3.323,0.528
16578,1,0.547,3.392,0.559
16579,1,0.543,3.521,0.555
16580,1,0.516,3.653,0.565
16581,1,0.504,3.627,0.575
16582,1,0.531,3.481,0.564
16583,1,0.633,2.91,0.477
16584,1,0.711,2.362,0.412
16585,1,0.68,2.215,0.406
16586,1,0.613,6.869,0.876
16587,1,0.508,3.627,0.593
16588,1,0.406,4.369,0.672
16589,1,0.664,2.501,0.449
16590,1,0.543,3.489,0.536
16591,1,0.523,3.485,0.567
16592,1,0.566,3.346,0.53
16593,1,0.613,3.112,0.483
16594,1,0.52,3.554,0.574
16595,1,0.688,2.396,0.393
16596,1,0.594,2.96,0.502
16597,1,0.68,2.517,0.416
16598,1,0.68,2.42,0.407
16599,1,0.602,3.015,0.485
16600,1,0.664,2.564,0.44
16601,1,0.66,2.611,0.439
16602,1,0.531,3.588,0.562
16603,1,0.648,2.608,0.46
16604,1,0.484,3.791,0.62
16605,1,0.586,2.977,0.504
16606,1,0.42,4.244,0.663
16607,1,0.527,3.484,0.589
16608,1,0.711,2.314,0.393
16609,1,0.469,3.95,0.639
16610,1,0.49,3.674,0.602
16611,1,0.668,2.599,0.43
16612,1,0.625,2.841,0.467
16613,1,0.637,2.811,0.473
16614,1,0.602,2.884,0.488
16615,1,0.57,3.166,0.551
16616,1,0.477,3.76,0.6
16617,1,0.758,1.921,0.334
16618,1,0.633,2.713,0.46
16619,1,0.703,2.462,0.384
16620,1,0.66,2.589,0.425
16621,1,0.66,2.67,0.459
16622,1,0.594,3.047,0.515
16623,1,0.498,3.633,0.604
16624,1,0.57,3.279,0.522
16625,1,0.656,2.612,0.439
16626,1,0.441,4.061,0.646
16627,1,0.477,3.732,0.602
16628,1,0.562,3.292,0.535
16629,1,0.461,3.956,0.63
16630,1,0.703,2.268,0.393
16631,1,0.727,2.069,0.371
16632,1,0.641,2.704,0.437
16633,1,0.367,4.504,0.703
16634,1,0.621,2.951,0.464
16635,1,0.461,3.936,0.639
16636,1,0.223,5.576,0.803
16637,1,0.645,2.698,0.457
16638,1,0.539,3.393,0.559
16639,1,0.594,2.927,0.505
16640,1,0.562,2.984,0.536
16641,1,0.516,3.706,0.567
16642,1,0.648,2.722,0.454
16643,1,0.73,2.219,0.371
16644,1,0.668,2.486,0.428
16645,1,0.738,2.194,0.359
16646,1,0.609,2.845,0.483
16647,1,0.609,2.876,0.479
16648,1,0.766,2.924,0.446
16649,1,0.656,2.641,0.424
16650,1,0.68,2.513,0.421
16651,1,0.691,3.626,0.595
16652,1,0.758,2.001,0.348
16653,1,0.359,4.719,0.721
16654,1,0.703,2.369,0.413
16655,1,0.547,3.447,0.54
16656,1,0.75,2.06,0.329
16657,1,0.375,4.548,0.689
16658,1,0.5,3.722,0.585
16659,1,0.711,2.216,0.367
16660,1,0.539,3.412,0.557
16661,1,0.398,4.431,0.687
16662,1,0.426,4.114,0.65
16663,1,0.414,4.422,0.689
16664,1,0.648,2.692,0.461
16665,1,0.609,3.038,0.48
16666,1,0.609,3.112,0.48
16667,1,0.594,3.119,0.515
16668,1,0.648,2.686,0.454
16669,1,0.766,1.993,0.344
16670,1,0.57,3.199,0.519
16671,1,0.398,4.292,0.678
16672,1,0.494,3.543,0.609
16673,1,0.336,4.786,0.749
16674,1,0.531,3.49,0.58
16675,1,0.668,2.375,0.383
16676,1,0.59,3.096,0.507
16677,1,0.656,2.667,0.452
16678,1,0.555,3.391,0.554
16679,1,0.625,2.669,0.463
16680,1,0.625,3.184,0.495
16681,1,0.648,2.635,0.453
16682,1,0.578,3.193,0.518
16683,1,0.59,3.008,0.497
16684,1,0.441,4.032,0.641
16685,1,0.249,5.804,0.823
16686,1,0.512,3.94,0.596
16687,1,0.66,2.557,0.451
16688,1,0.777,1.803,0.342
16689,1,0.426,4.092,0.656
16690,1,0.438,4.137,0.643
16691,1,0.578,3.273,0.521
16692,1,0.539,3.437,0.535
16693,1,0.371,4.636,0.718
16694,1,0.57,3.189,0.513
16695,1,0.5,3.673,0.589
16696,1,0.594,3.044,0.505
16697,1,0.734,2.318,0.378
16698,1,0.49,3.884,0.606
16699,1,0.488,3.672,0.613
16700,1,0.52,3.498,0.571
16701,1,0.496,3.869,0.595
16702,1,0.461,3.912,0.627
16703,1,0.473,3.96,0.632
16704,1,0.496,3.714,0.568
16705,1,0.354,4.786,0.731
16706,1,0.598,3.307,0.498
16707,1,0.172,6.567,0.861
16708,1,0.695,2.416,0.42
16709,1,0.68,2.384,0.403
16710,1,0.57,3.131,0.529
16711,1,0.48,3.843,0.606
16712,1,0.59,3.079,0.506
16713,1,0.641,2.696,0.433
16714,1,0.742,2.051,0.345
16715,1,0.715,2.172,0.365
16716,1,0.445,3.991,0.635
16717,1,0.656,2.73,0.452
16718,1,0.648,2.618,0.449
16719,1,0.453,4.13,0.622
16720,1,0.613,2.845,0.47
16721,1,0.664,2.557,0.441
16722,1,0.488,3.828,0.598
16723,1,0.664,2.717,0.452
16724,1,0.598,2.937,0.489
16725,1,0.461,3.96,0.64
16726,1,0.68,2.316,0.417
16727,1,0.508,3.594,0.592
16728,1,0.523,3.56,0.561
16729,1,0.73,2.208,0.388
16730,1,0.496,3.928,0.591
16731,1,0.299,5.254,0.777
16732,1,0.562,3.247,0.544
16733,1,0.307,5.206,0.733
16734,1,0.574,3.153,0.519
16735,1,0.68,2.378,0.427
16736,1,0.361,4.761,0.693
16737,1,0.727,2.209,0.357
16738,1,0.473,4.013,0.589
16739,1,0.59,3.057,0.503
16740,1,0.438,4.156,0.65
16741,1,0.773,1.998,0.339
16742,1,0.672,2.5,0.438
16743,1,0.609,3.034,0.471
16744,1,0.68,2.289,0.407
16745,1,0.391,4.548,0.678
16746,1,0.449,3.978,0.638
16747,1,0.475,3.864,0.593
16748,1,0.562,3.207,0.521
16749,1,0.391,4.487,0.702
16750,1,0.617,2.719,0.472
16751,1,0.43,4.017,0.65
16752,1,0.695,2.343,0.45
16753,1,0.602,3.022,0.504
16754,1,0.625,2.916,0.451
16755,1,0.648,2.672,0.456
16756,1,0.49,3.845,0.601
16757,1,0.348,4.724,0.723
16758,1,0.559,3.29,0.528
16759,1,0.676,2.5,0.418
16760,1,0.508,3.706,0.571
16761,1,0.439,4.099,0.642
16762,1,0.617,2.852,0.471
16763,1,0.727,2.186,0.389
16764,1,0.443,4.112,0.642
16765,1,0.602,3.099,0.497
16766,1,0.214,5.561,0.809
16767,1,0.418,4.393,0.673
16768,1,0.641,2.862,0.464
16769,1,0.82,1.619,0.264
16770,1,0.449,4.121,0.635
16771,1,0.656,3.388,0.482
16772,1,0.703,2.304,0.396
16773,1,0.75,2.279,0.365
16774,1,0.383,4.694,0.731
16775,1,0.711,2.132,0.363
16776,1,0.57,3.176,0.512
16777,1,0.383,4.441,0.694
16778,1,0.645,2.63,0.445
16779,1,0.404,4.344,0.671
16780,1,0.672,2.316,0.431
16781,1,0.656,2.742,0.458
16782,1,0.531,3.651,0.567
16783,1,0.617,2.784,0.471
16784,1,0.691,2.484,0.403
16785,1,0.688,2.516,0.422
16786,1,0.562,3.257,0.544
16787,1,0.641,2.763,0.468
16788,1,0.664,2.571,0.448
16789,1,0.656,2.502,0.441
16790,1,0.547,3.362,0.546
16791,1,0.41,4.369,0.668
16792,1,0.629,2.82,0.463
16793,1,0.695,2.499,0.416
16794,1,0.438,4.137,0.628
16795,1,0.379,4.521,0.708
16796,1,0.504,3.668,0.57
16797,1,0.719,2.291,0.382
16798,1,0.645,2.766,0.481
16799,1,0.496,3.789,0.59
16800,1,0.531,3.606,0.561
16801,1,0.676,2.523,0.414
16802,1,0.629,2.912,0.464
16803,1,0.586,3.255,0.494
16804,1,0.66,2.491,0.435
16805,1,0.641,2.669,0.474
16806,1,0.336,4.909,0.751
16807,1,0.469,3.835,0.606
16808,1,0.508,3.474,0.601
16809,1,0.531,3.555,0.557
16810,1,0.547,3.334,0.54
16811,1,0.445,3.867,0.634
16812,1,0.562,3.152,0.508
16813,1,0.492,3.681,0.585
16814,1,0.586,3.08,0.482
16815,1,0.703,2.363,0.403
16816,1,0.305,5.041,0.764
16817,1,0.387,4.733,0.679
16818,1,0.488,3.855,0.597
16819,1,0.406,4.434,0.679
16820,1,0.451,3.947,0.641
16821,1,0.758,1.953,0.347
16822,1,0.422,4.177,0.679
16823,1,0.559,3.317,0.556
16824,1,0.656,2.631,0.45
16825,1,0.531,3.573,0.572
16826,1,0.432,4.21,0.649
16827,1,0.68,2.415,0.425
16828,1,0.562,3.367,0.519
16829,1,0.754,2.022,0.367
16830,1,0.535,3.54,0.56
16831,1,0.523,3.557,0.597
16832,1,0.672,2.408,0.441
16833,1,0.516,3.667,0.577
16834,1,0.629,2.583,0.456
16835,1,0.75,2.064,0.353
16836,1,0.547,3.297,0.545
16837,1,0.742,2.078,0.374
16838,1,0.578,3.159,0.524
16839,1,0.527,3.467,0.582
16840,1,0.451,4.097,0.645
16841,1,0.348,4.715,0.724
16842,1,0.555,3.262,0.546
16843,1,0.535,3.468,0.558
16844,1,0.594,3.165,0.512
16845,1,0.166,6.437,0.866
16846,1,0.484,3.808,0.608
16847,1,0.633,2.78,0.493
16848,1,0.594,3.083,0.506
16849,1,0.629,2.944,0.467
16850,1,0.633,2.831,0.466
16851,1,0.539,3.397,0.551
16852,1,0.438,4.151,0.622
16853,1,0.652,2.717,0.427
16854,1,0.586,3.121,0.502
16855,1,0.574,3.232,0.527
16856,1,0.336,4.991,0.737
16857,1,0.578,3.151,0.514
16858,1,0.738,2.077,0.376
16859,1,0.578,3.244,0.535
16860,1,0.617,2.988,0.499
16861,1,0.453,3.81,0.628
16862,1,0.566,3.244,0.52
16863,1,0.426,4.239,0.647
16864,1,0.566,3.273,0.511
16865,1,0.477,3.938,0.618
16866,1,0.434,4.035,0.678
16867,1,0.59,3.134,0.496
16868,1,0.609,2.951,0.49
16869,1,0.594,2.935,0.514
16870,1,0.684,2.422,0.434
16871,1,0.426,4.1,0.656
16872,1,0.539,3.394,0.555
16873,1,0.625,2.848,0.476
16874,1,0.383,4.797,0.687
16875,1,0.412,4.147,0.669
16876,1,0.562,3.297,0.541
16877,1,0.609,3.002,0.494
16878,1,0.645,2.693,0.449
16879,1,0.562,3.339,0.523
16880,1,0.691,2.458,0.428
16881,1,0.555,3.197,0.53
16882,1,0.562,3.138,0.542
16883,1,0.641,2.739,0.441
16884,1,0.527,3.454,0.573
16885,1,0.602,3.015,0.521
16886,1,0.617,2.845,0.479
16887,1,0.562,3.387,0.512
16888,1,0.551,3.425,0.54
16889,1,0.566,3.169,0.52
16890,1,0.609,2.972,0.483
16891,1,0.566,3.255,0.526
16892,1,0.496,3.881,0.581
16893,1,0.447,3.935,0.644
16894,1,0.641,2.545,0.45
16895,1,0.598,2.948,0.487
16896,1,0.605,3.007,0.501
16897,1,0.57,3.11,0.53
16898,1,0.594,3.059,0.517
16899,1,0.672,2.529,0.425
16900,1,0.477,3.714,0.614
16901,1,0.738,2.322,0.377
16902,1,0.664,2.476,0.445
16903,1,0.48,3.792,0.614
16904,1,0.621,2.667,0.48
16905,1,0.523,3.635,0.562
16906,1,0.688,2.417,0.393
16907,1,0.477,3.777,0.61
16908,1,0.648,2.695,0.436
16909,1,0.578,3.028,0.525
16910,1,0.48,3.798,0.61
16911,1,0.684,2.43,0.425
16912,1,0.467,3.932,0.611
16913,1,0.816,1.714,0.272
16914,1,0.598,3.114,0.519
16915,1,0.535,3.527,0.556
16916,1,0.57,3.25,0.519
16917,1,0.555,3.399,0.55
16918,1,0.535,3.765,0.593
16919,1,0.451,3.932,0.645
16920,1,0.359,4.805,0.723
16921,1,0.578,3.162,0.513
16922,1,0.434,4.191,0.661
16923,1,0.424,4.134,0.682
16924,1,0.547,3.479,0.529
16925,1,0.512,3.668,0.585
16926,1,0.301,5.003,0.752
16927,1,0.559,3.435,0.538
16928,1,0.449,4.053,0.639
16929,1,0.609,2.955,0.486
16930,1,0.699,2.488,0.398
16931,1,0.801,1.818,0.317
16932,1,0.66,2.624,0.438
16933,1,0.656,2.796,0.453
16934,1,0.531,3.477,0.54
16935,1,0.57,3.213,0.519
16936,1,0.559,3.301,0.539
16937,1,0.664,2.389,0.436
16938,1,0.539,3.48,0.543
16939,1,0.535,3.26,0.572
16940,1,0.711,2.183,0.404
16941,1,0.566,3.196,0.542
16942,1,0.656,2.519,0.447
16943,1,0.543,3.293,0.549
16944,1,0.527,3.44,0.571
16945,1,0.559,3.244,0.521
16946,1,0.531,2.931,0.47
16947,1,0.711,2.358,0.385
16948,1,0.574,3.151,0.526
16949,1,0.594,3.013,0.492
16950,1,0.586,3.106,0.503
16951,1,0.539,3.412,0.56
16952,1,0.303,5.202,0.762
16953,1,0.609,3.107,0.475
16954,1,0.508,3.511,0.565
16955,1,0.395,4.459,0.71
16956,1,0.469,3.793,0.619
16957,1,0.582,3.152,0.53
16958,1,0.488,3.876,0.593
16959,1,0.369,4.676,0.714
16960,1,0.516,3.658,0.583
16961,1,0.688,2.18,0.476
16962,1,0.68,2.459,0.419
16963,1,0.664,2.588,0.454
16964,1,0.473,3.8,0.607
16965,1,0.52,3.318,0.564
16966,1,0.428,4.202,0.664
16967,1,0.566,3.193,0.533
16968,1,0.602,2.994,0.504
16969,1,0.508,3.565,0.576
16970,1,0.602,2.911,0.514
16971,1,0.57,3.311,0.533
16972,1,0.484,3.764,0.6
16973,1,0.283,5.486,0.81
16974,1,0.586,3.08,0.518
16975,1,0.734,2.176,0.359
16976,1,0.508,3.731,0.562
16977,1,0.641,2.793,0.472
16978,1,0.688,2.484,0.413
16979,1,0.145,6.961,0.924
16980,1,0.629,2.902,0.449
16981,1,0.434,4.141,0.657
16982,1,0.609,3.023,0.494
16983,1,0.535,3.425,0.539
16984,1,0.691,2.523,0.396
16985,1,0.535,3.534,0.557
16986,1,0.633,2.816,0.483
16987,1,0.498,3.69,0.598
16988,1,0.412,4.38,0.68
16989,1,0.617,2.668,0.482
16990,1,0.57,3.297,0.52
16991,1,0.352,4.67,0.725
16992,1,0.645,2.467,0.45
16993,1,0.617,2.73,0.455
16994,1,0.711,2.319,0.413
16995,1,0.359,4.571,0.732
16996,1,0.316,4.921,0.768
16997,1,0.652,2.757,0.445
16998,1,0.633,2.836,0.496
16999,1,0.22,5.822,0.847
17000,1,0.467,3.852,0.614
17001,1,0.492,3.782,0.593
17002,1,0.336,4.837,0.74
17003,1,0.352,4.898,0.732
17004,1,0.547,3.278,0.538
17005,1,0.395,4.436,0.684
17006,1,0.412,4.266,0.651
17007,1,0.496,3.666,0.604
17008,1,0.617,2.862,0.489
17009,1,0.512,3.635,0.576
17010,1,0.449,4.15,0.639
17011,1,0.248,5.6,0.806
17012,1,0.465,3.915,0.636
17013,1,0.385,4.514,0.698
17014,1,0.301,5.186,0.748
17015,1,0.609,2.944,0.498
17016,1,0.494,3.569,0.598
17017,1,0.539,3.451,0.543
17018,1,0.357,4.365,0.703
17019,1,0.516,3.676,0.583
17020,1,0.439,4.187,0.644
17021,1,0.641,2.658,0.455
17022,1,0.438,4.125,0.655
17023,1,0.555,3.487,0.513
17024,1,0.688,2.396,0.411
17025,1,0.633,2.792,0.463
17026,1,0.539,3.502,0.549
17027,1,0.602,2.968,0.472
17028,1,0.516,3.497,0.583
17029,1,0.602,2.957,0.499
17030,1,0.453,3.986,0.625
17031,1,0.645,2.785,0.434
17032,1,0.367,4.587,0.704
17033,1,0.617,3.066,0.482
17034,1,0.711,2.304,0.381
17035,1,0.664,2.676,0.411
17036,1,0.539,3.414,0.554
17037,1,0.602,3.035,0.507
17038,1,0.438,4.217,0.657
17039,1,0.633,2.686,0.45
17040,1,0.451,4.117,0.635
17041,1,0.672,2.633,0.431
17042,1,0.465,3.904,0.626
17043,1,0.688,2.408,0.426
17044,1,1.266,2.275,0.507
17045,1,0.426,4.403,0.648
17046,1,0.504,3.382,0.541
17047,1,0.578,3.146,0.505
17048,1,0.711,2.184,0.391
17049,1,0.633,2.797,0.478
17050,1,0.742,1.957,0.341
17051,1,0.438,4.081,0.648
17052,1,0.602,2.94,0.491
17053,1,0.672,2.44,0.417
17054,1,0.613,2.905,0.49
17055,1,0.645,2.541,0.429
17056,1,0.664,2.408,0.47
17057,1,0.387,4.62,0.7
17058,1,0.703,2.391,0.397
17059,1,0.547,3.23,0.543
17060,1,0.664,2.317,0.409
17061,1,0.52,3.56,0.563
17062,1,0.555,3.354,0.547
17063,1,0.672,2.41,0.417
17064,1,0.727,2.349,0.408
17065,1,0.414,4.256,0.679
17066,1,0.551,3.302,0.534
17067,1,0.338,4.781,0.737
17068,1,0.551,3.373,0.532
17069,1,0.602,2.954,0.526
17070,1,0.57,3.289,0.518
17071,1,0.602,2.937,0.503
17072,1,0.312,5.122,0.747
17073,1,0.57,3.282,0.51
17074,1,0.508,3.779,0.583
17075,1,0.656,2.62,0.435
17076,1,0.742,1.955,0.35
17077,1,0.59,3.015,0.512
17078,1,0.664,2.519,0.428
17079,1,0.68,2.646,0.399
17080,1,0.5,3.637,0.611
17081,1,0.469,3.926,0.625
17082,1,0.555,3.359,0.542
17083,1,0.457,3.99,0.628
17084,1,0.484,3.783,0.595
17085,1,0.672,2.543,0.421
17086,1,0.715,2.223,0.382
17087,1,0.455,4.014,0.626
17088,1,0.445,4.032,0.648
17089,1,0.285,5.231,0.752
17090,1,0.641,2.627,0.44
17091,1,0.467,3.812,0.635
17092,1,0.578,3.194,0.521
17093,1,0.539,3.379,0.557
17094,1,0.594,2.883,0.521
17095,1,0.562,3.141,0.554
17096,1,0.49,3.84,0.597
17097,1,0.473,3.925,0.612
17098,1,0.449,4.159,0.654
17099,1,0.562,3.249,0.548
17100,1,0.629,2.685,0.472
17101,1,0.617,2.616,0.458
17102,1,0.75,2.009,0.354
17103,1,0.492,3.842,0.611
17104,1,0.562,3.101,0.546
17105,1,0.59,2.953,0.506
17106,1,0.641,2.903,0.458
17107,1,0.463,4.033,0.626
17108,1,0.43,4.281,0.659
17109,1,0.539,3.293,0.556
17110,1,0.539,3.483,0.548
17111,1,0.559,3.173,0.536
17112,1,0.719,2.082,0.388
17113,1,0.711,2.459,0.392
17114,1,0.461,3.917,0.619
17115,1,0.672,2.526,0.455
17116,1,0.75,1.915,0.337
17117,1,0.594,2.954,0.51
17118,1,0.475,3.84,0.63
17119,1,0.432,4.114,0.646
17120,1,0.594,3.045,0.508
17121,1,0.535,3.357,0.554
17122,1,0.547,3.247,0.539
17123,1,0.562,3.14,0.527
17124,1,0.316,5.3,0.751
17125,1,0.734,2.018,0.372
17126,1,0.582,2.986,0.506
17127,1,0.59,3.218,0.494
17128,1,0.68,2.462,0.459
17129,1,0.387,4.587,0.708
17130,1,0.68,2.309,0.428
17131,1,0.488,3.697,0.599
17132,1,0.303,5.032,0.769
17133,1,0.574,3.262,0.518
17134,1,0.551,3.452,0.544
17135,1,0.355,4.464,0.72
17136,1,0.551,3.37,0.547
17137,1,0.504,3.54,0.57
17138,1,0.641,2.547,0.452
17139,1,0.4,4.554,0.698
17140,1,0.535,3.383,0.548
17141,1,0.523,3.591,0.584
17142,1,0.594,2.976,0.509
17143,1,0.621,2.742,0.482
17144,1,0.488,3.795,0.596
17145,1,0.656,2.734,0.459
17146,1,0.598,2.988,0.507
17147,1,0.719,2.172,0.376
17148,1,0.52,3.556,0.58
17149,1,0.539,3.465,0.544
17150,1,0.617,2.913,0.482
17151,1,0.443,4.205,0.64
17152,1,0.492,3.908,0.597
17153,1,0.633,3.014,0.461
17154,1,0.398,4.375,0.678
17155,1,0.797,1.732,0.285
17156,1,0.498,3.589,0.607
17157,1,0.746,2.062,0.37
17158,1,0.66,2.561,0.426
17159,1,0.594,3.123,0.496
17160,1,0.406,4.208,0.666
17161,1,0.594,3.162,0.496
17162,1,0.359,4.623,0.716
17163,1,0.629,2.76,0.479
17164,1,0.516,3.298,0.575
17165,1,0.457,3.947,0.634
17166,1,0.676,2.53,0.438
17167,1,0.75,2.11,0.332
17168,1,0.477,3.76,0.627
17169,1,0.594,3.005,0.5
17170,1,0.594,3.086,0.512
17171,1,0.586,2.915,0.518
17172,1,0.68,2.678,0.484
17173,1,0.547,3.244,0.538
17174,1,0.625,2.799,0.523
17175,1,0.633,2.697,0.45
17176,1,0.523,3.467,0.565
17177,1,0.672,2.549,0.413
17178,1,0.586,2.962,0.512
17179,1,0.57,3.267,0.524
17180,1,0.484,3.771,0.59
17181,1,0.391,4.344,0.681
17182,1,0.598,2.842,0.487
17183,1,0.492,3.74,0.585
17184,1,0.5,3.487,0.579
17185,1,0.59,3.225,0.512
17186,1,0.594,3.136,0.498
17187,1,0.447,4.137,0.639
17188,1,0.551,3.324,0.529
17189,1,0.605,2.874,0.499
17190,1,0.625,2.757,0.465
17191,1,0.5,3.688,0.588
17192,1,0.453,4.074,0.641
17193,1,0.5,3.538,0.575
17194,1,0.449,4.083,0.64
17195,1,0.602,2.846,0.494
17196,1,0.715,2.24,0.393
17197,1,0.52,3.583,0.583
17198,1,0.734,2.144,0.365
17199,1,0.625,2.585,0.464
17200,1,0.762,1.978,0.348
17201,1,0.449,4.063,0.641
17202,1,0.453,4.13,0.629
17203,1,0.609,2.803,0.482
17204,1,0.535,3.444,0.563
17205,1,0.559,3.307,0.546
17206,1,0.516,3.503,0.585
17207,1,0.727,1.995,0.426
17208,1,0.338,4.742,0.738
17209,1,0.711,2.274,0.391
17210,1,0.426,4.139,0.663
17211,1,0.672,2.551,0.448
17212,1,0.266,5.513,0.812
17213,1,0.586,3.023,0.526
17214,1,0.418,4.213,0.663
17215,1,0.672,2.296,0.43
17216,1,0.512,3.582,0.556
17217,1,0.672,2.465,0.426
17218,1,0.539,3.554,0.548
17219,1,0.562,3.256,0.562
17220,1,0.555,3.457,0.545
17221,1,0.613,2.966,0.489
17222,1,0.578,3.249,0.51
17223,1,0.656,2.723,0.459
17224,1,0.523,3.346,0.526
17225,1,0.523,3.339,0.58
17226,1,0.559,3.127,0.521
17227,1,0.66,2.57,0.447
17228,1,0.293,5.178,0.775
17229,1,0.688,2.271,0.428
17230,1,0.605,2.869,0.484
17231,1,0.402,4.356,0.697
17232,1,0.469,3.965,0.608
17233,1,0.447,4.112,0.644
17234,1,0.477,3.872,0.62
17235,1,0.562,3.151,0.53
17236,1,0.594,3.205,0.504
17237,1,0.34,4.833,0.727
17238,1,0.355,4.714,0.719
17239,1,0.594,3.069,0.493
17240,1,0.348,4.842,0.737
17241,1,0.578,3.079,0.526
17242,1,0.688,2.533,0.42
17243,1,0.457,4.038,0.64
17244,1,0.613,2.928,0.483
17245,1,0.441,4.054,0.646
17246,1,0.457,4.191,0.645
17247,1,0.402,4.587,0.681
17248,1,0.535,3.431,0.55
17249,1,0.664,2.779,0.436
17250,1,0.318,5.091,0.766
17251,1,0.469,3.877,0.612
17252,1,0.648,2.561,0.48
17253,1,0.551,3.208,0.546
17254,1,0.441,4.036,0.64
17255,1,0.512,3.692,0.582
17256,1,0.531,3.486,0.562
17257,1,0.641,2.705,0.461
17258,1,0.586,3.125,0.52
17259,1,0.684,2.364,0.397
17260,1,0.273,5.523,0.781
17261,1,0.57,3.215,0.513
17262,1,0.535,3.11,0.535
17263,1,0.379,4.652,0.714
17264,1,0.488,3.73,0.596
17265,1,0.359,4.947,0.701
17266,1,0.367,4.544,0.719
17267,1,0.5,3.674,0.61
17268,1,0.633,2.648,0.443
17269,1,0.574,3.249,0.514
17270,1,0.578,3.356,0.492
17271,1,0.373,4.678,0.71
17272,1,0.586,3.146,0.503
17273,1,0.648,2.633,0.448
17274,1,0.574,3.132,0.507
17275,1,0.57,3.145,0.516
17276,1,0.602,3.036,0.492
17277,1,0.328,4.926,0.738
17278,1,0.617,3.022,0.516
17279,1,0.695,2.325,0.404
17280,1,1.477,1.702,0.212
17281,1,0.461,4.082,0.631
17282,1,0.395,4.315,0.696
17283,1,0.684,2.518,0.408
17284,1,0.402,4.469,0.691
17285,1,0.342,4.665,0.726
17286,1,0.57,3.266,0.527
17287,1,0.461,4.018,0.623
17288,1,0.318,5.043,0.768
17289,1,0.316,4.99,0.754
17290,1,0.641,2.706,0.431
17291,1,0.391,4.381,0.693
17292,1,0.715,2.281,0.383
17293,1,0.469,3.876,0.606
17294,1,0.375,4.562,0.714
17295,1,0.609,2.94,0.491
17296,1,0.59,2.908,0.504
17297,1,0.672,2.192,0.419
17298,1,0.562,3.212,0.532
17299,1,0.49,3.823,0.598
17300,1,0.469,3.843,0.62
17301,1,0.43,4.209,0.668
17302,1,0.617,3.025,0.485
17303,1,0.672,2.654,0.432
17304,1,0.664,2.431,0.43
17305,1,0.482,3.912,0.599
17306,1,0.43,3.975,0.648
17307,1,0.617,2.994,0.484
17308,1,0.566,3.088,0.529
17309,1,0.5,3.684,0.57
17310,1,0.539,3.356,0.54
17311,1,0.781,1.879,0.32
17312,1,0.395,4.503,0.683
17313,1,0.381,4.533,0.698
17314,1,0.562,3.141,0.518
17315,1,0.338,4.824,0.727
17316,1,0.633,2.783,0.47
17317,1,0.594,3.037,0.48
17318,1,0.434,4.202,0.652
17319,1,0.465,3.962,0.632
17320,1,0.414,4.154,0.676
17321,1,0.609,2.868,0.493
17322,1,0.723,2.217,0.389
17323,1,0.656,2.635,0.448
17324,1,0.68,2.515,0.426
17325,1,0.648,2.346,0.426
17326,1,0.236,5.929,0.802
17327,1,0.453,4.166,0.632
17328,1,0.365,4.719,0.702
17329,1,0.57,3.201,0.537
17330,1,0.344,4.7,0.706
17331,1,0.229,5.92,0.82
17332,1,0.641,2.632,0.449
17333,1,0.484,3.848,0.622
17334,1,0.535,3.552,0.558
17335,1,0.691,2.197,0.409
17336,1,0.508,3.597,0.581
17337,1,0.52,3.601,0.568
17338,1,0.531,3.321,0.572
17339,1,0.598,2.943,0.473
17340,1,0.387,4.523,0.698
17341,1,0.406,4.338,0.675
17342,1,0.414,4.475,0.658
17343,1,0.305,5.13,0.761
17344,1,0.727,2.049,0.359
17345,1,0.539,3.297,0.556
17346,1,0.672,2.501,0.428
17347,1,0.57,3.24,0.519
17348,1,0.4,4.376,0.677
17349,1,0.672,2.468,0.434
17350,1,0.395,4.415,0.689
17351,1,0.422,4.417,0.667
17352,1,0.551,3.324,0.536
17353,1,0.473,3.915,0.611
17354,1,0.645,2.768,0.457
17355,1,0.562,3.107,0.546
17356,1,0.398,4.342,0.688
17357,1,0.562,3.135,0.529
17358,1,0.59,3.123,0.521
17359,1,0.355,4.797,0.723
17360,1,0.555,3.514,0.549
17361,1,0.463,3.792,0.614
17362,1,0.617,3.034,0.48
17363,1,0.676,2.501,0.434
17364,1,0.562,3.251,0.541
17365,1,0.543,3.475,0.551
17366,1,0.547,3.407,0.557
17367,1,0.477,3.621,0.631
17368,1,0.5,3.673,0.584
17369,1,0.523,3.341,0.537
17370,1,0.664,2.416,0.44
17371,1,0.633,2.804,0.455
17372,1,0.699,2.206,0.403
17373,1,0.648,2.55,0.437
17374,1,0.605,3.156,0.482
17375,1,0.609,2.901,0.51
17376,1,0.727,2.306,0.368
17377,1,0.688,2.363,0.417
17378,1,0.418,4.234,0.662
17379,1,0.574,3.226,0.513
17380,1,0.373,4.553,0.709
17381,1,0.82,2.38,0.435
17382,1,0.59,3.033,0.494
17383,1,0.648,2.77,0.455
17384,1,0.484,3.883,0.627
17385,1,0.551,3.429,0.562
17386,1,0.625,2.609,0.47
17387,1,0.727,2.282,0.378
17388,1,0.652,2.756,0.45
17389,1,0.664,2.55,0.438
17390,1,0.562,3.228,0.522
17391,1,0.68,2.556,0.438
17392,1,0.539,3.416,0.556
17393,1,0.672,2.413,0.445
17394,1,0.504,3.6,0.592
17395,1,0.488,3.844,0.605
17396,1,0.617,2.939,0.481
17397,1,0.469,3.913,0.609
17398,1,0.703,2.197,0.394
17399,1,0.531,3.525,0.573
17400,1,0.625,2.816,0.486
17401,1,0.547,3.297,0.533
17402,1,0.461,4.016,0.62
17403,1,0.57,3.133,0.541
17404,1,0.586,3.173,0.493
17405,1,0.602,3.131,0.514
17406,1,0.52,3.632,0.591
17407,1,0.613,3.011,0.482
17408,1,0.453,3.993,0.648
17409,1,0.352,4.767,0.741
17410,1,0.781,1.924,0.313
17411,1,0.719,2.131,0.37
17412,1,0.555,3.273,0.55
17413,1,0.566,3.507,0.522
17414,1,0.543,3.327,0.561
17415,1,0.539,3.443,0.542
17416,1,0.688,2.55,0.42
17417,1,0.438,4.262,0.639
17418,1,0.473,3.97,0.628
17419,1,0.348,4.96,0.739
17420,1,0.375,4.619,0.716
17421,1,0.543,3.206,0.547
17422,1,0.68,2.484,0.436
17423,1,0.648,2.694,0.437
17424,1,0.531,3.371,0.556
17425,1,0.49,2.98,0.644
17426,1,0.688,2.638,0.423
17427,1,0.715,2.238,0.399
17428,1,0.766,2.01,0.349
17429,1,0.473,3.796,0.623
17430,1,0.484,3.868,0.622
17431,1,0.531,3.524,0.56
17432,1,0.625,2.729,0.473
17433,1,0.555,3.344,0.548
17434,1,0.578,3.247,0.513
17435,1,0.266,5.449,0.778
17436,1,0.652,2.383,0.452
17437,1,0.531,3.486,0.567
17438,1,0.547,3.5,0.545
17439,1,0.555,3.341,0.526
17440,1,0.512,3.616,0.587
17441,1,0.68,2.46,0.409
17442,1,0.672,2.294,0.412
17443,1,0.594,3.002,0.492
17444,1,0.602,2.915,0.51
17445,1,0.602,2.963,0.499
17446,1,0.543,3.444,0.546
17447,1,0.531,3.474,0.545
17448,1,0.555,3.378,0.521
17449,1,0.414,4.25,0.668
17450,1,0.578,3.183,0.521
17451,1,0.648,2.681,0.453
17452,1,0.742,2.121,0.368
17453,1,0.547,3.349,0.57
17454,1,0.715,2.251,0.39
17455,1,0.309,5.024,0.772
17456,1,0.408,4.301,0.673
17457,1,0.602,2.938,0.487
17458,1,0.531,3.355,0.567
17459,1,0.484,3.807,0.594
17460,1,0.389,4.552,0.697
17461,1,0.297,4.966,0.778
17462,1,0.598,3.096,0.492
17463,1,0.641,2.795,0.46
17464,1,0.73,2.22,0.36
17465,1,0.543,3.46,0.542
17466,1,0.602,3.035,0.516
17467,1,0.477,3.774,0.602
17468,1,0.594,3.171,0.498
17469,1,0.504,3.77,0.575
17470,1,0.543,3.464,0.543
17471,1,0.664,2.393,0.445
17472,1,0.162,6.275,0.87
17473,1,0.559,3.193,0.557
17474,1,0.551,3.45,0.551
17475,1,0.359,4.644,0.707
17476,1,0.711,2.173,0.412
17477,1,0.453,4.024,0.627
17478,1,0.523,3.474,0.557
17479,1,0.664,2.568,0.436
17480,1,0.52,3.502,0.576
17481,1,0.496,3.613,0.595
17482,1,0.633,2.77,0.484
17483,1,0.482,3.697,0.593
17484,1,0.59,3.056,0.506
17485,1,0.217,5.975,0.844
17486,1,0.445,4.003,0.627
17487,1,0.52,3.609,0.585
17488,1,0.594,3.065,0.503
17489,1,0.412,4.15,0.659
17490,1,0.578,3.108,0.528
17491,1,0.637,2.836,0.472
17492,1,0.531,3.449,0.561
17493,1,0.781,1.895,0.32
17494,1,0.547,3.33,0.544
17495,1,0.578,3.167,0.522
17496,1,0.547,3.338,0.538
17497,1,0.625,2.903,0.456
17498,1,0.699,2.507,0.407
17499,1,0.68,2.479,0.414
17500,1,0.594,2.934,0.535
17501,1,0.699,2.217,0.39
17502,1,0.641,2.788,0.468
17503,1,0.676,2.442,0.432
17504,1,0.484,3.715,0.603
17505,1,0.449,3.982,0.643
17506,1,0.625,2.886,0.482
17507,1,0.402,4.398,0.687
17508,1,0.578,3.23,0.509
17509,1,0.447,4.119,0.636
17510,1,0.328,4.999,0.763
17511,1,0.734,2.179,0.362
17512,1,0.523,3.464,0.578
17513,1,0.555,3.335,0.555
17514,1,0.523,3.502,0.56
17515,1,0.531,3.459,0.568
17516,1,0.582,3.025,0.507
17517,1,0.57,3.247,0.524
17518,1,0.523,3.511,0.565
17519,1,0.645,2.779,0.439
17520,1,0.531,3.498,0.576
17521,1,0.633,3.038,0.496
17522,1,0.527,3.468,0.552
17523,1,0.742,1.953,0.325
17524,1,0.664,2.372,0.438
17525,1,0.516,3.469,0.574
17526,1,0.559,3.319,0.543
17527,1,0.602,2.936,0.474
17528,1,0.547,3.318,0.537
17529,1,0.438,4.224,0.659
17530,1,0.684,2.375,0.405
17531,1,0.602,3.077,0.498
17532,1,0.543,3.44,0.553
17533,1,0.594,2.786,0.516
17534,1,0.547,3.248,0.532
17535,1,0.484,3.718,0.596
17536,1,0.43,4.104,0.662
17537,1,0.57,3.119,0.514
17538,1,0.633,3.021,0.462
17539,1,0.711,2.26,0.366
17540,1,0.531,3.366,0.558
17541,1,0.617,2.786,0.482
17542,1,0.492,3.9,0.604
17543,1,0.652,2.629,0.418
17544,1,0.656,2.634,0.46
17545,1,0.629,2.792,0.449
17546,1,0.672,2.622,0.41
17547,1,0.602,2.993,0.5
17548,1,0.326,5.033,0.729
17549,1,0.57,3.291,0.516
17550,1,0.695,2.511,0.421
17551,1,0.523,3.441,0.567
17552,1,0.479,3.763,0.614
17553,1,0.602,2.79,0.523
17554,1,0.414,4.427,0.68
17555,1,0.348,4.671,0.716
17556,1,0.602,3.006,0.486
17557,1,0.426,4.274,0.644
17558,1,0.578,3.041,0.523
17559,1,0.59,3.053,0.508
17560,1,0.492,3.831,0.605
17561,1,0.648,2.567,0.441
17562,1,0.367,4.768,0.717
17563,1,0.52,3.577,0.566
17564,1,0.574,3.046,0.521
17565,1,0.52,3.54,0.566
17566,1,0.406,4.305,0.678
17567,1,0.566,3.031,0.5
17568,1,0.535,3.435,0.551
17569,1,0.441,4.148,0.635
17570,1,0.547,3.499,0.543
17571,1,0.711,2.294,0.381
17572,1,0.652,2.575,0.437
17573,1,0.598,2.994,0.491
17574,1,0.668,2.452,0.409
17575,1,0.539,3.415,0.544
17576,1,0.531,3.386,0.566
17577,1,0.648,2.66,0.434
17578,1,0.477,3.731,0.611
17579,1,0.566,3.191,0.514
17580,1,0.57,3.275,0.534
17581,1,0.734,2.297,0.362
17582,1,0.68,2.485,0.404
17583,1,0.617,3.165,0.466
17584,1,0.324,5.22,0.736
17585,1,0.461,3.898,0.621
17586,1,0.461,3.773,0.628
17587,1,0.484,3.716,0.62
17588,1,0.504,3.624,0.582
17589,1,0.617,2.813,0.464
17590,1,0.598,3.127,0.506
17591,1,0.424,4.165,0.656
17592,1,0.43,4.174,0.65
17593,1,0.641,2.65,0.458
17594,1,0.512,3.577,0.584
17595,1,0.641,2.657,0.471
17596,1,0.633,2.624,0.437
17597,1,0.562,3.215,0.529
17598,1,0.457,4.058,0.624
17599,1,0.555,3.342,0.531
17600,1,0.547,3.256,0.53
17601,1,0.703,2.375,0.39
17602,1,0.283,5.172,0.787
17603,1,0.598,2.807,0.497
17604,1,0.578,3.116,0.531
17605,1,0.641,2.534,0.459
17606,1,0.676,2.497,0.42
17607,1,0.523,3.469,0.566
17608,1,0.562,3.182,0.533
17609,1,0.484,3.759,0.601
17610,1,0.617,2.495,0.465
17611,1,0.633,2.808,0.463
17612,1,0.492,3.772,0.593
17613,1,0.625,2.742,0.457
17614,1,0.459,3.919,0.635
17615,1,0.26,5.507,0.816
17616,1,0.602,2.967,0.486
17617,1,0.617,2.757,0.502
17618,1,0.703,2.183,0.377
17619,1,0.48,3.9,0.598
17620,1,0.324,4.893,0.754
17621,1,0.539,3.31,0.522
17622,1,0.48,3.847,0.6
17623,1,0.516,3.491,0.558
17624,1,0.75,2.049,0.357
17625,1,0.664,2.487,0.428
17626,1,0.408,4.424,0.674
17627,1,0.648,2.665,0.436
17628,1,0.672,2.597,0.449
17629,1,0.332,5.13,0.758
17630,1,0.609,2.853,0.489
17631,1,0.617,2.767,0.477
17632,1,0.562,3.226,0.506
17633,1,0.465,3.941,0.619
17634,1,0.457,3.962,0.625
17635,1,0.625,2.694,0.476
17636,1,0.467,3.93,0.626
17637,1,0.645,2.525,0.462
17638,1,0.531,3.44,0.626
17639,1,0.633,2.76,0.46
17640,1,0.578,2.746,0.503
17641,1,0.539,3.329,0.557
17642,1,0.344,4.903,0.72
17643,1,0.594,3.123,0.514
17644,1,0.723,2.125,0.363
17645,1,0.664,2.419,0.45
17646,1,0.445,4.166,0.621
17647,1,0.578,3.197,0.517
17648,1,0.461,4.001,0.618
17649,1,0.539,3.407,0.559
17650,1,0.523,3.485,0.578
17651,1,0.48,3.708,0.599
17652,1,0.4,4.466,0.66
17653,1,0.676,2.416,0.429
17654,1,0.625,2.856,0.481
17655,1,0.648,2.716,0.449
17656,1,0.5,3.616,0.593
17657,1,0.527,3.436,0.569
17658,1,0.307,5.165,0.758
17659,1,0.527,3.531,0.557
17660,1,0.445,4.109,0.631
17661,1,0.406,4.332,0.677
17662,1,0.527,3.549,0.564
17663,1,0.527,3.657,0.533
17664,1,0.637,2.768,0.45
17665,1,0.373,4.588,0.711
17666,1,0.566,3.204,0.55
17667,1,0.516,3.733,0.589
17668,1,0.508,3.759,0.594
17669,1,0.598,2.975,0.507
17670,1,0.578,3.23,0.503
17671,1,0.578,3.236,0.523
17672,1,0.402,4.228,0.68
17673,1,0.727,2.153,0.372
17674,1,0.695,2.316,0.411
17675,1,0.598,2.987,0.501
17676,1,0.633,2.862,0.46
17677,1,0.664,2.579,0.425
17678,1,0.453,4.174,0.65
17679,1,0.453,4.064,0.648
17680,1,0.527,3.515,0.564
17681,1,0.43,4.228,0.635
17682,1,0.457,3.991,0.637
17683,1,0.539,5.173,0.732
17684,1,0.562,3.283,0.54
17685,1,0.66,2.57,0.424
17686,1,0.602,3.142,0.492
17687,1,0.445,4.032,0.643
17688,1,0.562,3.129,0.529
17689,1,0.645,2.793,0.46
17690,1,0.41,4.197,0.668
17691,1,0.66,2.586,0.424
17692,1,0.32,5.076,0.75
17693,1,0.535,3.465,0.548
17694,1,0.664,2.501,0.423
17695,1,0.52,3.551,0.578
17696,1,0.656,2.516,0.456
17697,1,0.539,3.487,0.558
17698,1,0.432,4.11,0.621
17699,1,0.473,3.788,0.616
17700,1,0.594,3.026,0.5
17701,1,0.523,3.539,0.57
17702,1,0.57,3.139,0.538
17703,1,0.57,3.277,0.526
17704,1,0.613,2.756,0.475
17705,1,0.578,3.118,0.501
17706,1,0.609,2.85,0.497
17707,1,0.586,3.014,0.502
17708,1,0.672,2.609,0.434
17709,1,0.445,4.032,0.631
17710,1,0.621,2.861,0.486
17711,1,0.617,2.77,0.497
17712,1,0.684,2.419,0.411
17713,1,0.562,3.341,0.537
17714,1,0.531,3.551,0.564
17715,1,0.43,4.188,0.651
17716,1,0.594,3.177,0.484
17717,1,0.424,4.203,0.66
17718,1,0.547,3.096,0.539
17719,1,0.574,3.306,0.523
17720,1,0.357,4.722,0.72
17721,1,0.555,3.452,0.56
17722,1,0.523,3.515,0.562
17723,1,0.609,2.974,0.485
17724,1,0.676,2.544,0.428
17725,1,0.41,3.766,0.668
17726,1,0.555,3.275,0.544
17727,1,0.48,3.83,0.611
17728,1,0.598,3.027,0.493
17729,1,0.527,3.527,0.576
17730,1,0.432,4.171,0.662
17731,1,0.664,2.62,0.434
17732,1,0.57,3.208,0.519
17733,1,0.305,5.058,0.768
17734,1,0.688,2.912,0.694
17735,1,0.432,4.228,0.66
17736,1,0.68,2.54,0.412
17737,1,0.652,2.591,0.441
17738,1,0.531,3.572,0.564
17739,1,0.375,4.482,0.716
17740,1,0.389,4.331,0.688
17741,1,0.432,4.09,0.66
17742,1,0.527,3.523,0.565
17743,1,0.508,3.589,0.582
17744,1,0.461,3.922,0.636
17745,1,0.629,2.872,0.455
17746,1,0.699,2.394,0.411
17747,1,0.539,3.339,0.555
17748,1,0.52,3.625,0.577
17749,1,0.461,3.884,0.622
17750,1,0.527,3.541,0.576
17751,1,0.508,3.719,0.57
17752,1,0.715,2.348,0.402
17753,1,0.672,2.6,0.443
17754,1,0.754,2.099,0.338
17755,1,0.543,3.443,0.544
17756,1,0.422,4.216,0.667
17757,1,0.648,2.636,0.453
17758,1,0.559,3.372,0.541
17759,1,0.621,2.72,0.472
17760,1,0.555,3.358,0.541
17761,1,0.562,3.278,0.518
17762,1,0.602,2.867,0.499
17763,1,0.578,3.142,0.511
17764,1,0.539,3.448,0.543
17765,1,0.535,3.385,0.555
17766,1,0.43,4.035,0.648
17767,1,0.625,2.918,0.465
17768,1,0.494,3.827,0.595
17769,1,0.445,4.154,0.638
17770,1,0.551,3.437,0.543
17771,1,0.488,3.884,0.597
17772,1,0.488,3.717,0.597
17773,1,0.668,2.613,0.411
17774,1,0.264,5.57,0.789
17775,1,0.539,3.417,0.558
17776,1,0.492,3.948,0.588
17777,1,0.477,3.726,0.614
17778,1,0.578,3.096,0.522
17779,1,0.664,2.693,0.441
17780,1,0.648,2.59,0.451
17781,1,0.57,3.198,0.522
17782,1,0.625,2.812,0.473
17783,1,0.586,2.922,0.514
17784,1,0.488,3.785,0.596
17785,1,0.562,3.29,0.537
17786,1,0.516,3.569,0.568
17787,1,0.144,6.713,0.888
17788,1,0.703,2.349,0.392
17789,1,0.477,3.829,0.605
17790,1,0.266,5.22,0.772
17791,1,0.496,3.674,0.604
17792,1,0.555,3.306,0.548
17793,1,0.414,4.271,0.658
17794,1,0.609,2.892,0.481
17795,1,0.555,3.098,0.503
17796,1,0.629,2.752,0.472
17797,1,0.523,3.559,0.571
17798,1,0.734,2.166,0.362
17799,1,0.404,4.238,0.67
17800,1,0.672,2.623,0.427
17801,1,0.555,3.264,0.54
17802,1,0.391,4.392,0.694
17803,1,0.707,2.306,0.41
17804,1,0.613,2.95,0.504
17805,1,0.641,2.809,0.448
17806,1,0.676,2.698,0.426
17807,1,0.523,3.613,0.583
17808,1,0.688,2.559,0.416
17809,1,0.5,3.526,0.604
17810,1,1.086,1.807,0.317
17811,1,0.602,2.89,0.501
17812,1,0.621,2.882,0.469
17813,1,0.562,3.375,0.525
17814,1,0.543,3.411,0.569
17815,1,0.508,3.695,0.577
17816,1,0.516,3.582,0.577
17817,1,0.586,3.015,0.509
17818,1,0.641,2.672,0.454
17819,1,0.512,3.68,0.595
17820,1,0.535,3.494,0.543
17821,1,0.477,3.772,0.615
17822,1,0.578,3.139,0.505
17823,1,0.465,3.829,0.607
17824,1,0.516,3.585,0.594
17825,1,0.688,2.351,0.397
17826,1,0.559,3.327,0.537
17827,1,0.504,3.758,0.583
17828,1,0.586,3.081,0.515
17829,1,0.562,3.188,0.518
17830,1,0.461,3.826,0.631
17831,1,0.648,2.716,0.427
17832,1,0.555,3.528,0.546
17833,1,0.586,3.073,0.529
17834,1,0.68,2.323,0.403
17835,1,0.469,3.969,0.617
17836,1,0.512,3.773,0.579
17837,1,0.734,2.022,0.379
17838,1,0.672,2.508,0.409
17839,1,0.516,3.585,0.572
17840,1,0.57,3.348,0.514
17841,1,0.414,4.162,0.684
17842,1,0.531,3.425,0.575
17843,1,0.508,3.645,0.587
17844,1,0.719,2.256,0.39
17845,1,0.793,2.051,0.323
17846,1,0.406,4.39,0.668
17847,1,0.492,3.822,0.583
17848,1,0.539,3.44,0.549
17849,1,0.629,2.834,0.475
17850,1,0.469,3.924,0.611
17851,1,0.486,3.929,0.619
17852,1,0.316,5.245,0.669
17853,1,0.703,2.265,0.411
17854,1,0.346,4.635,0.736
17855,1,0.617,2.93,0.459
17856,1,0.68,2.323,0.417
17857,1,0.559,3.326,0.534
17858,1,0.465,4.084,0.607
17859,1,0.539,3.153,0.55
17860,1,0.453,4.207,0.629
17861,1,0.715,2.221,0.383
17862,1,0.559,3.232,0.545
17863,1,0.602,2.852,0.473
17864,1,0.445,4.086,0.669
17865,1,0.633,2.517,0.468
17866,1,0.547,3.38,0.561
17867,1,0.326,5.017,0.75
17868,1,0.49,3.658,0.602
17869,1,0.455,4.058,0.619
17870,1,0.547,3.346,0.541
17871,1,0.594,2.982,0.498
17872,1,0.652,2.597,0.442
17873,1,0.357,4.648,0.702
17874,1,0.676,2.778,0.43
17875,1,0.531,3.487,0.561
17876,1,0.57,3.093,0.543
17877,1,0.625,2.772,0.481
17878,1,0.625,2.861,0.483
17879,1,0.602,3.067,0.501
17880,1,0.531,3.555,0.565
17881,1,0.582,3.237,0.508
17882,1,0.602,2.949,0.498
17883,1,0.523,3.396,0.57
17884,1,0.535,3.452,0.563
17885,1,0.447,3.902,0.648
17886,1,0.27,5.487,0.79
17887,1,0.391,4.449,0.695
17888,1,0.398,4.419,0.685
17889,1,0.73,2.162,0.373
17890,1,0.602,2.806,0.477
17891,1,0.461,4.01,0.625
17892,1,0.516,3.513,0.572
17893,1,0.559,3.241,0.531
17894,1,0.703,2.455,0.404
17895,1,0.531,3.366,0.546
17896,1,0.609,2.839,0.477
17897,1,0.578,3.117,0.521
17898,1,0.688,2.376,0.425
17899,1,0.703,2.227,0.398
17900,1,0.555,3.272,0.543
17901,1,0.582,3.017,0.525
17902,1,0.586,3.157,0.522
17903,1,0.664,2.554,0.445
17904,1,0.629,2.83,0.49
17905,1,0.625,2.813,0.482
17906,1,0.719,2.254,0.38
17907,1,0.641,2.704,0.46
17908,1,0.547,3.398,0.526
17909,1,0.566,3.23,0.527
17910,1,0.375,4.607,0.704
17911,1,0.237,6.038,0.851
17912,1,0.594,3.021,0.503
17913,1,0.57,3.207,0.521
17914,1,0.711,2.303,0.377
17915,1,0.438,4.1,0.669
17916,1,0.641,2.78,0.444
17917,1,0.523,3.487,0.555
17918,1,0.451,3.997,0.637
17919,1,0.293,5.158,0.772
17920,1,0.547,3.434,0.553
17921,1,0.449,4.071,0.663
17922,1,0.523,3.626,0.569
17923,1,0.762,1.984,0.341
17924,1,0.453,3.972,0.645
17925,1,0.414,4.371,0.673
17926,1,0.559,3.107,0.535
17927,1,0.467,3.857,0.616
17928,1,0.602,3.027,0.491
17929,1,0.363,4.954,0.721
17930,1,0.475,3.924,0.613
17931,1,0.426,4.256,0.668
17932,1,0.625,2.834,0.486
17933,1,0.504,3.764,0.594
17934,1,0.467,3.899,0.613
17935,1,0.375,4.732,0.699
17936,1,0.363,4.616,0.724
17937,1,0.586,3.083,0.499
17938,1,0.369,4.592,0.734
17939,1,0.688,2.307,0.413
17940,1,0.5,3.777,0.585
17941,1,0.441,4.246,0.639
17942,1,0.496,3.692,0.577
17943,1,0.688,2.475,0.408
17944,1,0.375,4.657,0.691
17945,1,0.688,2.327,0.419
17946,1,0.484,3.821,0.607
17947,1,0.648,2.673,0.46
17948,1,0.586,2.97,0.534
17949,1,0.547,3.298,0.528
17950,1,0.566,3.332,0.539
17951,1,0.527,3.449,0.56
17952,1,0.52,3.619,0.562
17953,1,0.484,3.852,0.604
17954,1,0.332,4.919,0.74
17955,1,0.539,3.73,0.575
17956,1,0.605,3.071,0.468
17957,1,0.578,3.089,0.518
17958,1,0.555,3.459,0.555
17959,1,0.602,3.151,0.494
17960,1,0.562,3.587,0.521
17961,1,0.578,2.942,0.51
17962,1,0.523,3.51,0.556
17963,1,0.609,2.925,0.466
17964,1,0.492,3.752,0.578
17965,1,0.361,4.706,0.707
17966,1,0.424,4.351,0.679
17967,1,0.547,3.389,0.562
17968,1,0.395,4.586,0.677
17969,1,0.539,3.248,0.57
17970,1,0.664,2.517,0.427
17971,1,0.664,2.641,0.427
17972,1,0.428,4.158,0.655
17973,1,0.445,4.141,0.633
17974,1,0.625,2.638,0.461
17975,1,0.629,2.697,0.473
17976,1,0.781,1.887,0.326
17977,1,0.68,2.524,0.408
17978,1,0.555,3.309,0.548
17979,1,0.609,2.818,0.486
17980,1,0.504,3.699,0.573
17981,1,0.488,3.816,0.599
17982,1,0.723,2.071,0.374
17983,1,0.695,2.222,0.377
17984,1,0.586,2.942,0.534
17985,1,0.609,3.144,0.475
17986,1,0.477,3.868,0.632
17987,1,0.633,2.57,0.483
17988,1,0.594,3.088,0.5
17989,1,0.531,3.439,0.57
17990,1,0.766,2.078,0.338
17991,1,0.539,3.582,0.555
17992,1,0.617,3.036,0.495
17993,1,0.383,4.509,0.71
17994,1,0.93,1.761,0.335
17995,1,0.57,3.145,0.529
17996,1,0.594,3.121,0.504
17997,1,0.402,4.767,0.685
17998,1,0.326,4.908,0.749
17999,1,0.387,4.576,0.684
18000,1,0.539,3.515,0.556
18001,1,0.609,2.782,0.488
18002,1,0.656,2.77,0.451
18003,1,0.719,2.124,0.376
18004,1,0.465,4.024,0.627
18005,1,0.523,3.561,0.567
18006,1,0.418,4.279,0.691
18007,1,0.305,5.397,0.756
18008,1,0.664,2.693,0.451
18009,1,0.369,4.563,0.701
18010,1,0.609,2.887,0.484
18011,1,0.633,2.66,0.455
18012,1,0.348,4.752,0.728
18013,1,0.555,3.353,0.559
18014,1,0.656,2.699,0.44
18015,1,0.424,4.294,0.663
18016,1,0.516,3.475,0.591
18017,1,0.559,3.331,0.545
18018,1,0.629,2.701,0.465
18019,1,0.633,2.673,0.495
18020,1,0.684,2.38,0.424
18021,1,0.68,2.503,0.416
18022,1,0.316,5.012,0.76
18023,1,0.578,3.095,0.535
18024,1,0.586,3.102,0.521
18025,1,0.527,3.573,0.557
18026,1,0.496,3.816,0.581
18027,1,0.598,3.035,0.489
18028,1,0.465,4.07,0.616
18029,1,0.625,2.732,0.501
18030,1,0.742,2.193,0.343
18031,1,0.609,3.155,0.489
18032,1,0.688,2.576,0.403
18033,1,0.414,4.169,0.665
18034,1,0.531,3.46,0.552
18035,1,0.377,4.564,0.691
18036,1,0.469,3.935,0.618
18037,1,0.438,4.276,0.646
18038,1,0.57,3.321,0.523
18039,1,0.543,3.343,0.564
18040,1,0.617,2.81,0.499
18041,1,0.322,5.15,0.761
18042,1,0.551,3.248,0.539
18043,1,0.688,2.38,0.414
18044,1,0.531,3.53,0.539
18045,1,0.332,4.993,0.744
18046,1,0.766,1.929,0.332
18047,1,0.68,2.438,0.439
18048,1,0.641,2.638,0.458
18049,1,0.793,1.889,0.292
18050,1,0.527,3.495,0.564
18051,1,0.402,4.385,0.683
18052,1,0.248,5.834,0.806
18053,1,0.648,2.628,0.43
18054,1,0.449,4.021,0.646
18055,1,0.504,3.72,0.572
18056,1,0.52,3.2,0.542
18057,1,0.428,4.06,0.659
18058,1,0.512,3.553,0.569
18059,1,0.648,2.382,0.46
18060,1,0.469,3.901,0.631
18061,1,0.742,2.082,0.348
18062,1,0.68,2.487,0.413
18063,1,0.602,3.007,0.472
18064,1,0.543,3.361,0.545
18065,1,0.562,3.221,0.544
18066,1,0.473,3.778,0.602
18067,1,0.5,3.656,0.59
18068,1,0.473,3.951,0.606
18069,1,0.531,3.577,0.562
18070,1,0.334,4.798,0.742
18071,1,0.609,3.015,0.495
18072,1,0.422,4.254,0.667
18073,1,0.625,2.582,0.483
18074,1,0.602,3.072,0.493
18075,1,0.465,4.042,0.626
18076,1,0.355,4.766,0.716
18077,1,0.484,3.886,0.609
18078,1,0.359,4.919,0.732
18079,1,0.57,3.288,0.536
18080,1,0.613,2.911,0.492
18081,1,0.311,5.002,0.752
18082,1,0.625,2.778,0.452
18083,1,0.539,3.375,0.569
18084,1,0.578,3.135,0.511
18085,1,0.598,3.805,0.709
18086,1,0.203,6.084,0.849
18087,1,0.637,2.894,0.472
18088,1,0.402,4.352,0.682
18089,1,0.383,4.543,0.698
18090,1,0.482,3.792,0.603
18091,1,0.449,3.838,0.641
18092,1,0.641,2.671,0.453
18093,1,0.447,4.105,0.64
18094,1,0.641,2.714,0.44
18095,1,0.613,2.839,0.481
18096,1,0.711,2.183,0.399
18097,1,0.688,2.497,0.415
18098,1,0.727,2.133,0.361
18099,1,0.459,4.005,0.625
18100,1,0.609,2.703,0.488
18101,1,0.527,3.532,0.581
18102,1,0.543,3.39,0.553
18103,1,0.504,3.666,0.585
18104,1,0.467,4.017,0.628
18105,1,0.766,1.934,0.333
18106,1,0.406,4.119,0.672
18107,1,0.194,6.266,0.864
18108,1,0.789,1.765,0.319
18109,1,0.633,2.929,0.452
18110,1,0.41,4.249,0.679
18111,1,0.492,3.899,0.618
18112,1,0.523,3.502,0.569
18113,1,0.393,4.507,0.682
18114,1,0.578,3.246,0.525
18115,1,0.688,2.464,0.422
18116,1,0.488,3.723,0.582
18117,1,0.512,3.69,0.599
18118,1,0.637,2.703,0.459
18119,1,0.594,3.053,0.497
18120,1,0.391,4.333,0.671
18121,1,0.439,4.209,0.657
18122,1,0.812,1.813,0.311
18123,1,0.656,2.682,0.452
18124,1,0.52,3.497,0.568
18125,1,0.512,3.686,0.567
18126,1,0.547,3.248,0.526
18127,1,0.498,3.618,0.609
18128,1,0.578,3.207,0.52
18129,1,0.527,3.424,0.561
18130,1,0.4,4.391,0.688
18131,1,0.66,2.71,0.458
18132,1,0.609,2.857,0.484
18133,1,0.711,2.229,0.382
18134,1,0.414,4.333,0.679
18135,1,0.52,3.524,0.567
18136,1,0.324,5.009,0.762
18137,1,0.664,2.612,0.442
18138,1,0.711,2.27,0.389
18139,1,0.641,2.716,0.45
18140,1,0.5,3.734,0.579
18141,1,0.398,4.45,0.68
18142,1,0.672,2.431,0.411
18143,1,0.57,3.199,0.514
18144,1,0.523,3.461,0.599
18145,1,0.504,3.715,0.588
18146,1,0.586,3.193,0.517
18147,1,0.652,2.463,0.434
18148,1,0.523,3.515,0.563
18149,1,0.598,2.952,0.501
18150,1,0.539,3.456,0.546
18151,1,0.602,3.014,0.489
18152,1,0.645,2.803,0.446
18153,1,0.578,2.941,0.51
18154,1,0.613,2.908,0.48
18155,1,0.609,2.873,0.457
18156,1,0.586,3.184,0.481
18157,1,0.492,3.784,0.595
18158,1,0.449,4.256,0.633
18159,1,0.275,5.307,0.805
18160,1,0.574,3.204,0.518
18161,1,0.359,4.969,0.717
18162,1,0.486,3.696,0.593
18163,1,0.41,4.26,0.671
18164,1,0.309,5.24,0.737
18165,1,0.488,3.76,0.589
18166,1,0.637,2.667,0.434
18167,1,0.609,2.884,0.492
18168,1,0.504,3.847,0.597
18169,1,0.477,3.715,0.601
18170,1,0.617,2.887,0.473
18171,1,0.574,3.151,0.516
18172,1,0.336,4.7,0.732
18173,1,0.469,3.956,0.607
18174,1,0.59,2.969,0.501
18175,1,0.781,1.946,0.333
18176,1,0.555,3.239,0.551
18177,1,0.594,3.13,0.496
18178,1,0.469,3.956,0.63
18179,1,0.645,2.497,0.442
18180,1,0.637,2.754,0.444
18181,1,0.555,3.565,0.547
18182,1,0.559,3.298,0.522
18183,1,0.578,3.149,0.5
18184,1,0.385,4.409,0.68
18185,1,0.539,3.437,0.556
18186,1,0.57,3.218,0.523
18187,1,0.523,3.576,0.564
18188,1,0.656,2.574,0.438
18189,1,0.324,4.923,0.734
18190,1,0.508,3.699,0.59
18191,1,0.461,4.029,0.636
18192,1,0.656,2.684,0.434
18193,1,0.688,2.541,0.401
18194,1,0.406,4.266,0.664
18195,1,0.492,3.885,0.612
18196,1,0.602,2.99,0.501
18197,1,0.887,1.628,0.494
18198,1,0.711,2.258,0.384
18199,1,0.578,3.057,0.527
18200,1,0.594,2.894,0.504
18201,1,0.412,4.11,0.672
18202,1,0.516,3.476,0.571
18203,1,0.52,3.643,0.571
18204,1,0.625,2.833,0.469
18205,1,0.531,3.415,0.576
18206,1,0.449,3.996,0.635
18207,1,0.594,2.957,0.53
18208,1,0.498,3.618,0.599
18209,1,0.453,4.1,0.63
18210,1,0.332,4.923,0.748
18211,1,0.496,3.818,0.588
18212,1,0.34,4.976,0.717
18213,1,0.633,2.833,0.457
18214,1,0.691,2.293,0.403
18215,1,0.543,3.365,0.541
18216,1,0.703,2.197,0.386
18217,1,0.609,2.921,0.498
18218,1,0.389,4.637,0.69
18219,1,0.547,3.377,0.55
18220,1,0.469,3.979,0.636
18221,1,0.582,2.962,0.508
18222,1,0.439,4.222,0.646
18223,1,0.531,3.443,0.564
18224,1,0.625,2.788,0.477
18225,1,0.387,4.674,0.707
18226,1,0.688,2.319,0.408
18227,1,0.492,3.511,0.562
18228,1,0.746,2.056,0.352
18229,1,0.447,3.818,0.639
18230,1,0.359,4.786,0.714
18231,1,0.629,2.839,0.467
18232,1,0.471,3.844,0.617
18233,1,0.4,4.346,0.675
18234,1,0.551,3.198,0.556
18235,1,0.516,3.778,0.576
18236,1,0.566,3.096,0.529
18237,1,0.336,4.908,0.742
18238,1,0.594,3.015,0.503
18239,1,0.617,2.888,0.486
18240,1,0.57,3.252,0.522
18241,1,0.633,2.712,0.46
18242,1,0.668,2.606,0.435
18243,1,0.672,2.583,0.406
18244,1,0.504,3.566,0.596
18245,2,0.479,3.906,0.615
18246,2,0.516,3.644,0.579
18247,2,0.367,4.604,0.709
18248,2,0.547,3.335,0.534
18249,2,0.488,3.607,0.59
18250,2,0.48,3.663,0.584
18251,2,0.359,4.575,0.722
18252,2,0.578,3.13,0.528
18253,2,0.578,3.225,0.503
18254,2,0.428,4.323,0.66
18255,2,0.719,2.186,0.384
18256,2,0.383,4.561,0.693
18257,2,0.412,4.362,0.658
18258,2,0.504,3.568,0.58
18259,2,0.602,2.869,0.492
18260,2,0.182,6.258,0.881
18261,2,0.574,3.228,0.504
18262,2,0.703,2.319,0.387
18263,2,0.363,4.522,0.69
18264,2,0.578,3.22,0.503
18265,2,0.734,2.184,0.378
18266,2,0.469,3.835,0.6
18267,2,0.539,3.476,0.543
18268,2,0.543,3.259,0.542
18269,2,0.555,3.365,0.528
18270,2,0.484,3.935,0.603
18271,2,0.594,3.049,0.502
18272,2,0.398,4.451,0.677
18273,2,0.609,3.029,0.479
18274,2,0.414,4.256,0.675
18275,2,0.492,3.81,0.609
18276,2,0.594,3.3,0.51
18277,2,0.656,2.691,0.445
18278,2,0.531,3.467,0.572
18279,2,0.602,2.939,0.517
18280,2,0.578,3.263,0.519
18281,2,0.57,3.197,0.518
18282,2,0.555,3.301,0.55
18283,2,0.633,2.9,0.487
18284,2,0.449,4.021,0.649
18285,2,0.559,3.127,0.543
18286,2,0.539,3.367,0.533
18287,2,0.492,3.781,0.605
18288,2,0.609,3.07,0.484
18289,2,0.633,2.744,0.465
18290,2,0.48,3.766,0.613
18291,2,0.453,3.992,0.654
18292,2,0.348,4.808,0.73
18293,2,0.461,4.026,0.642
18294,2,0.602,2.747,0.486
18295,2,0.438,4.115,0.636
18296,2,0.551,3.289,0.538
18297,2,0.479,3.794,0.614
18298,2,0.52,3.588,0.57
18299,2,0.295,5.189,0.768
18300,2,0.508,3.533,0.579
18301,2,0.594,2.611,0.515
18302,2,0.355,4.795,0.721
18303,2,0.406,4.387,0.679
18304,2,0.465,3.905,0.596
18305,2,0.773,1.946,0.33
18306,2,0.539,3.43,0.551
18307,2,0.516,3.601,0.573
18308,2,0.5,3.679,0.588
18309,2,0.703,2.404,0.396
18310,2,0.523,3.51,0.579
18311,2,0.555,3.111,0.544
18312,2,0.57,3.294,0.534
18313,2,0.479,3.733,0.618
18314,2,0.547,3.345,0.557
18315,2,0.516,3.533,0.577
18316,2,0.594,2.976,0.506
18317,2,0.527,3.372,0.545
18318,2,0.443,4.218,0.649
18319,2,0.463,4.067,0.637
18320,2,0.645,2.666,0.462
18321,2,0.373,4.478,0.704
18322,2,0.609,3.032,0.478
18323,2,0.488,4.126,0.615
18324,2,0.443,4.231,0.654
18325,2,0.492,3.777,0.595
18326,2,0.562,3.206,0.52
18327,2,0.539,3.391,0.571
18328,2,0.416,4.874,0.71
18329,2,0.703,2.285,0.4
18330,2,0.57,3.219,0.505
18331,2,0.672,2.344,0.426
18332,2,0.633,2.749,0.467
18333,2,0.439,4.379,0.679
18334,2,0.477,3.764,0.608
18335,2,0.594,2.977,0.502
18336,2,0.301,3.574,0.724
18337,2,0.406,4.3,0.67
18338,2,0.492,3.766,0.586
18339,2,0.449,4.127,0.627
18340,2,0.672,2.434,0.43
18341,2,0.445,4.028,0.646
18342,2,0.598,2.705,0.511
18343,2,0.273,5.406,0.783
18344,2,0.562,3.304,0.529
18345,2,0.711,2.138,0.389
18346,2,0.531,3.442,0.561
18347,2,0.516,3.537,0.597
18348,2,0.578,3.216,0.501
18349,2,0.363,4.847,0.718
18350,2,0.5,3.652,0.585
18351,2,0.648,2.651,0.456
18352,2,0.393,4.5,0.693
18353,2,0.531,3.539,0.566
18354,2,0.68,2.368,0.414
18355,2,0.672,2.521,0.42
18356,2,0.543,3.428,0.54
18357,2,0.324,4.952,0.749
18358,2,0.531,3.533,0.562
18359,2,0.57,3.314,0.531
18360,2,0.547,3.341,0.55
18361,2,0.352,4.856,0.731
18362,2,0.4,4.577,0.681
18363,2,0.475,4.089,0.623
18364,2,0.377,4.625,0.688
18365,2,0.609,3.0,0.476
18366,2,0.432,4.258,0.653
18367,2,0.629,2.912,0.472
18368,2,0.512,3.684,0.599
18369,2,0.625,2.823,0.486
18370,2,0.488,3.787,0.614
18371,2,0.602,2.937,0.482
18372,2,0.527,3.55,0.557
18373,2,0.609,2.929,0.475
18374,2,0.605,3.037,0.481
18375,2,0.625,2.834,0.454
18376,2,0.672,2.518,0.439
18377,2,0.664,2.555,0.43
18378,2,0.582,2.901,0.5
18379,2,0.434,4.217,0.64
18380,2,0.602,2.765,0.501
18381,2,0.535,3.416,0.556
18382,2,0.523,3.473,0.554
18383,2,0.398,4.397,0.692
18384,2,0.451,4.143,0.628
18385,2,0.371,4.602,0.709
18386,2,0.531,3.37,0.549
18387,2,0.531,3.398,0.566
18388,2,0.703,2.269,0.401
18389,2,0.488,3.67,0.609
18390,2,0.527,3.435,0.572
18391,2,0.457,4.019,0.642
18392,2,0.312,5.053,0.759
18393,2,0.66,2.556,0.425
18394,2,0.482,3.737,0.594
18395,2,0.402,4.461,0.672
18396,2,0.422,4.368,0.665
18397,2,0.398,4.344,0.655
18398,2,0.516,3.372,0.599
18399,2,0.684,2.345,0.423
18400,2,0.352,4.805,0.718
18401,2,0.598,2.964,0.508
18402,2,0.531,3.372,0.545
18403,2,0.59,3.096,0.504
18404,2,0.574,3.168,0.535
18405,2,0.695,2.286,0.39
18406,2,0.566,3.352,0.52
18407,2,0.527,3.488,0.553
18408,2,0.305,5.212,0.756
18409,2,0.602,3.057,0.494
18410,2,0.688,2.435,0.416
18411,2,1.609,2.205,0.401
18412,2,0.609,2.773,0.492
18413,2,0.465,3.877,0.622
18414,2,0.629,2.782,0.483
18415,2,0.555,3.373,0.546
18416,2,0.516,3.588,0.589
18417,2,0.391,4.438,0.688
18418,2,0.445,4.118,0.638
18419,2,0.637,2.647,0.477
18420,2,0.602,3.013,0.492
18421,2,0.594,2.94,0.506
18422,2,0.391,4.52,0.695
18423,2,0.531,3.449,0.577
18424,2,0.496,3.636,0.594
18425,2,0.609,2.852,0.489
18426,2,0.486,3.572,0.596
18427,2,0.508,3.586,0.581
18428,2,0.492,3.808,0.59
18429,2,0.82,1.712,0.279
18430,2,0.617,2.908,0.487
18431,2,0.551,3.237,0.529
18432,2,0.562,3.154,0.53
18433,2,0.789,1.897,0.309
18434,2,0.396,4.467,0.666
18435,2,0.629,2.752,0.456
18436,2,0.508,3.718,0.575
18437,2,0.473,3.837,0.614
18438,2,0.498,3.569,0.568
18439,2,0.451,3.836,0.637
18440,2,0.625,2.73,0.466
18441,2,0.445,4.149,0.636
18442,2,0.449,3.893,0.643
18443,2,0.387,4.485,0.689
18444,2,0.438,4.184,0.649
18445,2,0.508,3.697,0.582
18446,2,0.426,4.096,0.647
18447,2,0.672,2.274,0.414
18448,2,0.691,2.273,0.39
18449,2,0.149,6.853,0.883
18450,2,0.48,3.93,0.607
18451,2,0.551,3.234,0.526
18452,2,0.48,3.807,0.612
18453,2,0.5,3.184,0.562
18454,2,0.451,4.053,0.622
18455,2,0.527,3.428,0.573
18456,2,0.379,4.578,0.699
18457,2,0.559,3.277,0.552
18458,2,0.672,2.545,0.433
18459,2,0.598,2.987,0.508
18460,2,0.535,3.285,0.581
18461,2,0.482,3.882,0.593
18462,2,0.457,3.948,0.635
18463,2,0.395,4.482,0.695
18464,2,0.551,3.413,0.55
18465,2,0.793,1.853,0.325
18466,2,0.633,2.696,0.463
18467,2,0.551,3.467,0.539
18468,2,0.43,4.183,0.65
18469,2,0.523,3.491,0.563
18470,2,0.613,2.763,0.473
18471,2,0.439,4.106,0.637
18472,2,0.715,2.205,0.39
18473,2,0.684,2.247,0.421
18474,2,0.695,2.265,0.436
18475,2,0.303,5.157,0.76
18476,2,0.531,3.551,0.551
18477,2,0.367,4.844,0.711
18478,2,0.543,3.559,0.563
18479,2,0.625,2.744,0.482
18480,2,0.539,3.586,0.557
18481,2,0.531,3.464,0.562
18482,2,0.523,3.458,0.567
18483,2,0.582,3.092,0.5
18484,2,0.641,2.711,0.452
18485,2,0.438,4.141,0.637
18486,2,0.434,4.197,0.634
18487,2,0.656,2.63,0.441
18488,2,0.625,2.746,0.473
18489,2,0.625,2.787,0.459
18490,2,0.57,3.192,0.53
18491,2,0.688,2.39,0.424
18492,2,0.711,2.198,0.371
18493,2,0.303,5.533,0.766
18494,2,0.373,4.645,0.714
18495,2,0.711,2.154,0.407
18496,2,0.539,3.414,0.554
18497,2,0.625,2.938,0.472
18498,2,0.273,5.272,0.812
18499,2,0.451,3.751,0.606
18500,2,0.609,2.868,0.478
18501,2,0.508,3.759,0.567
18502,2,0.498,3.233,0.526
18503,2,0.672,2.479,0.442
18504,2,0.547,3.187,0.538
18505,2,0.516,3.761,0.573
18506,2,0.555,3.349,0.526
18507,2,0.469,3.867,0.616
18508,2,0.617,2.815,0.485
18509,2,0.594,3.15,0.503
18510,2,0.418,4.237,0.66
18511,2,0.672,2.581,0.432
18512,2,0.33,5.146,0.656
18513,2,0.535,3.394,0.557
18514,2,0.441,4.025,0.644
18515,2,0.418,4.334,0.659
18516,2,0.617,2.907,0.487
18517,2,0.559,3.156,0.543
18518,2,0.695,2.427,0.395
18519,2,0.512,3.498,0.585
18520,2,0.539,3.421,0.547
18521,2,0.578,2.924,0.528
18522,2,0.441,3.978,0.637
18523,2,0.254,5.912,0.815
18524,2,0.613,2.992,0.483
18525,2,0.668,2.618,0.439
18526,2,0.32,5.07,0.747
18527,2,0.621,2.991,0.462
18528,2,0.609,3.001,0.506
18529,2,0.492,3.819,0.592
18530,2,0.602,2.943,0.5
18531,2,0.523,3.452,0.562
18532,2,0.247,5.892,0.808
18533,2,0.359,4.795,0.723
18534,2,0.516,3.516,0.574
18535,2,0.434,4.202,0.646
18536,2,0.5,3.556,0.588
18537,2,0.578,3.188,0.52
18538,2,0.248,5.607,0.829
18539,2,0.336,4.902,0.743
18540,2,0.621,2.788,0.473
18541,2,0.527,3.638,0.571
18542,2,0.594,3.198,0.5
18543,2,0.43,4.223,0.649
18544,2,0.641,2.557,0.469
18545,2,0.504,3.711,0.58
18546,2,0.516,3.308,0.554
18547,2,0.555,3.175,0.536
18548,2,0.52,3.542,0.564
18549,2,0.551,3.408,0.553
18550,2,0.457,4.421,0.635
18551,2,0.672,2.341,0.422
18552,2,0.543,3.381,0.551
18553,2,0.365,4.632,0.716
18554,2,0.402,4.249,0.679
18555,2,0.496,3.726,0.599
18556,2,0.453,3.953,0.619
18557,2,0.734,2.126,0.343
18558,2,0.496,3.696,0.6
18559,2,0.273,5.603,0.785
18560,2,0.523,3.561,0.558
18561,2,0.277,5.094,0.762
18562,2,0.551,3.293,0.545
18563,2,0.547,3.362,0.558
18564,2,0.617,2.927,0.494
18565,2,0.465,3.984,0.632
18566,2,0.465,4.039,0.633
18567,2,0.451,4.095,0.639
18568,2,0.494,3.697,0.574
18569,2,0.836,1.669,0.273
18570,2,0.664,2.657,0.416
18571,2,0.43,4.126,0.656
18572,2,0.434,4.138,0.648
18573,2,0.598,3.02,0.494
18574,2,0.293,5.2,0.75
18575,2,0.488,3.859,0.581
18576,2,0.508,3.672,0.568
18577,2,0.594,2.981,0.505
18578,2,0.551,3.367,0.536
18579,2,0.586,2.989,0.524
18580,2,0.43,4.313,0.66
18581,2,0.57,3.243,0.507
18582,2,0.547,3.378,0.541
18583,2,0.625,2.86,0.468
18584,2,0.586,3.124,0.505
18585,2,0.496,3.716,0.604
18586,2,0.504,3.646,0.582
18587,2,0.43,4.429,0.662
18588,2,0.664,2.487,0.434
18589,2,0.562,3.275,0.534
18590,2,0.555,3.233,0.522
18591,2,0.582,3.179,0.519
18592,2,0.539,3.433,0.569
18593,2,0.477,3.881,0.611
18594,2,0.277,5.654,0.774
18595,2,0.641,2.863,0.452
18596,2,0.566,3.139,0.538
18597,2,0.441,3.976,0.639
18598,2,0.324,4.849,0.743
18599,2,0.562,3.318,0.535
18600,2,0.363,4.629,0.723
18601,2,0.547,3.475,0.555
18602,2,0.43,4.158,0.657
18603,2,0.479,3.788,0.598
18604,2,0.562,3.094,0.526
18605,2,0.574,3.229,0.504
18606,2,0.34,4.787,0.719
18607,2,0.469,3.769,0.614
18608,2,0.695,2.384,0.408
18609,2,0.633,2.83,0.485
18610,2,0.602,2.816,0.487
18611,2,0.484,3.786,0.615
18612,2,0.496,3.665,0.595
18613,2,0.57,3.135,0.52
18614,2,0.387,4.458,0.688
18615,2,0.547,3.26,0.547
18616,2,0.672,2.397,0.455
18617,2,0.758,2.572,0.443
18618,2,0.652,2.357,0.458
18619,2,0.555,3.318,0.545
18620,2,0.621,2.714,0.477
18621,2,0.523,3.327,0.579
18622,2,0.49,3.584,0.612
18623,2,0.445,4.182,0.632
18624,2,0.605,2.926,0.482
18625,2,0.357,4.771,0.712
18626,2,0.672,2.282,0.404
18627,2,0.348,4.632,0.736
18628,2,0.371,4.661,0.702
18629,2,0.785,1.866,0.334
18630,2,0.625,2.703,0.477
18631,2,0.316,4.887,0.749
18632,2,0.496,3.663,0.584
18633,2,0.449,4.152,0.632
18634,2,0.629,2.801,0.463
18635,2,0.406,4.287,0.68
18636,2,0.664,2.58,0.428
18637,2,0.656,2.914,0.609
18638,2,0.449,3.909,0.64
18639,2,0.703,2.36,0.384
18640,2,0.375,4.448,0.698
18641,2,0.498,3.698,0.592
18642,2,0.531,3.535,0.571
18643,2,0.562,3.207,0.537
18644,2,0.496,3.569,0.593
18645,2,0.703,2.331,0.385
18646,2,0.543,3.215,0.549
18647,2,0.555,3.388,0.546
18648,2,0.393,4.399,0.682
18649,2,0.498,3.833,0.596
18650,2,0.432,4.286,0.651
18651,2,0.381,4.433,0.701
18652,2,0.523,3.485,0.57
18653,2,0.523,3.49,0.556
18654,2,0.477,3.911,0.606
18655,2,0.445,4.093,0.651
18656,2,0.463,4.041,0.631
18657,2,0.398,4.507,0.695
18658,2,0.395,4.507,0.7
18659,2,0.516,3.234,0.652
18660,2,0.453,3.971,0.636
18661,2,0.34,5.118,0.741
18662,2,0.625,2.801,0.473
18663,2,0.367,4.705,0.7
18664,2,0.387,4.499,0.706
18665,2,0.301,4.914,0.734
18666,2,0.758,1.875,0.333
18667,2,0.871,1.439,0.158
18668,2,0.711,2.246,0.387
18669,2,0.453,4.067,0.63
18670,2,0.461,3.838,0.608
18671,2,0.422,4.3,0.67
18672,2,0.578,3.216,0.517
18673,2,0.543,3.351,0.541
18674,2,0.438,4.08,0.651
18675,2,0.469,3.792,0.613
18676,2,0.609,3.416,0.634
18677,2,0.441,4.203,0.656
18678,2,0.486,3.843,0.608
18679,2,0.492,3.751,0.595
18680,2,0.387,4.564,0.702
18681,2,0.504,3.675,0.591
18682,2,0.412,4.296,0.669
18683,2,0.566,3.347,0.506
18684,2,0.719,2.138,0.376
18685,2,0.578,3.091,0.502
18686,2,0.432,4.166,0.634
18687,2,0.418,4.22,0.668
18688,2,0.602,3.009,0.484
18689,2,0.449,4.135,0.627
18690,2,0.318,5.331,0.75
18691,2,0.531,3.404,0.577
18692,2,0.672,2.392,0.431
18693,2,0.143,6.686,0.897
18694,2,0.344,4.876,0.73
18695,2,0.504,3.623,0.588
18696,2,0.4,4.366,0.683
18697,2,0.535,3.529,0.551
18698,2,0.641,2.808,0.443
18699,2,0.402,4.337,0.693
18700,2,0.633,2.932,0.474
18701,2,0.455,4.036,0.627
18702,2,0.633,2.708,0.453
18703,2,0.398,4.314,0.677
18704,2,0.527,3.424,0.562
18705,2,0.297,4.964,0.775
18706,2,0.438,4.186,0.644
18707,2,0.727,2.252,0.369
18708,2,0.578,3.253,0.505
18709,2,0.602,2.876,0.5
18710,2,0.609,3.031,0.471
18711,2,0.328,4.837,0.74
18712,2,0.348,4.717,0.736
18713,2,0.652,2.689,0.459
18714,2,0.498,3.783,0.59
18715,2,0.492,3.861,0.6
18716,2,0.508,3.707,0.592
18717,2,0.625,2.889,0.476
18718,2,0.0,0.0,0.0
18719,2,0.523,3.612,0.568
18720,2,0.527,3.457,0.578
18721,2,0.578,3.171,0.528
18722,2,0.531,3.326,0.569
18723,2,0.625,2.83,0.477
18724,2,0.555,3.282,0.552
18725,2,0.535,3.295,0.55
18726,2,0.625,2.72,0.461
18727,2,0.633,2.639,0.475
18728,2,0.586,2.99,0.49
18729,2,0.578,3.151,0.512
18730,2,0.492,3.688,0.574
18731,2,0.562,3.122,0.526
18732,2,0.451,3.962,0.617
18733,2,0.352,4.557,0.706
18734,2,0.523,3.516,0.584
18735,2,0.555,3.242,0.522
18736,2,0.551,3.141,0.535
18737,2,0.562,3.23,0.526
18738,2,0.508,3.693,0.583
18739,2,0.57,3.28,0.519
18740,2,0.512,3.649,0.579
18741,2,0.598,3.074,0.492
18742,2,0.789,1.819,0.328
18743,2,0.727,2.195,0.374
18744,2,0.391,4.444,0.691
18745,2,0.715,1.928,0.359
18746,2,0.32,5.103,0.749
18747,2,0.414,4.306,0.665
18748,2,0.418,4.278,0.637
18749,2,0.48,3.761,0.596
18750,2,0.609,2.87,0.497
18751,2,0.492,3.692,0.587
18752,2,0.367,4.517,0.71
18753,2,0.578,2.972,0.511
18754,2,0.656,2.672,0.426
18755,2,0.648,2.773,0.436
18756,2,0.516,3.51,0.578
18757,2,0.703,2.179,0.379
18758,2,0.523,3.544,0.571
18759,2,0.516,3.731,0.6
18760,2,0.605,2.842,0.487
18761,2,0.594,3.162,0.505
18762,2,0.574,3.291,0.541
18763,2,0.574,3.091,0.51
18764,2,0.637,2.721,0.439
18765,2,0.582,3.082,0.493
18766,2,0.562,3.343,0.537
18767,2,0.617,2.839,0.486
18768,2,0.574,3.229,0.516
18769,2,0.516,3.572,0.58
18770,2,0.262,5.458,0.808
18771,2,0.41,4.26,0.669
18772,2,0.664,2.637,0.427
18773,2,0.297,5.115,0.772
18774,2,0.486,3.726,0.602
18775,2,0.473,3.919,0.619
18776,2,0.438,4.07,0.645
18777,2,0.383,4.581,0.711
18778,2,0.574,3.243,0.511
18779,2,0.539,3.407,0.553
18780,2,0.637,2.604,0.469
18781,2,0.488,3.872,0.605
18782,2,0.703,2.221,0.415
18783,2,0.57,3.093,0.52
18784,2,0.336,4.944,0.721
18785,2,0.457,3.932,0.631
18786,2,0.479,3.835,0.603
18787,2,0.426,4.184,0.664
18788,2,0.586,3.092,0.513
18789,2,0.539,3.412,0.562
18790,2,0.711,2.146,0.396
18791,2,0.344,4.97,0.733
18792,2,0.578,2.991,0.497
18793,2,0.496,3.819,0.59
18794,2,0.656,2.453,0.434
18795,2,0.621,2.7,0.487
18796,2,0.641,2.81,0.457
18797,2,0.641,2.737,0.458
18798,2,0.637,2.868,0.433
18799,2,0.312,5.135,0.761
18800,2,0.256,5.22,0.769
18801,2,0.52,3.566,0.582
18802,2,0.559,3.242,0.526
18803,2,0.379,4.687,0.799
18804,2,0.406,4.465,0.664
18805,2,0.398,4.488,0.679
18806,2,0.488,3.639,0.591
18807,2,0.594,2.873,0.483
18808,2,0.467,4.003,0.623
18809,2,0.566,3.214,0.547
18810,2,0.574,3.052,0.516
18811,2,0.465,3.903,0.615
18812,2,0.387,4.6,0.7
18813,2,0.59,2.871,0.507
18814,2,0.504,3.614,0.591
18815,2,0.414,4.137,0.661
18816,2,0.734,2.757,0.435
18817,2,0.457,3.913,0.637
18818,2,0.34,4.835,0.729
18819,2,0.473,3.84,0.633
18820,2,0.531,3.646,0.555
18821,2,0.586,2.979,0.479
18822,2,0.57,3.138,0.515
18823,2,0.359,4.695,0.727
18824,2,0.547,3.182,0.541
18825,2,0.551,3.424,0.54
18826,2,0.168,6.493,0.865
18827,2,0.418,4.274,0.671
18828,2,0.486,3.855,0.595
18829,2,0.543,3.276,0.551
18830,2,0.539,3.485,0.579
18831,2,0.453,3.99,0.633
18832,2,0.504,3.61,0.582
18833,2,0.418,4.304,0.647
18834,2,0.562,3.211,0.523
18835,2,0.471,3.983,0.62
18836,2,0.527,3.422,0.562
18837,2,0.543,3.339,0.539
18838,2,0.539,3.43,0.542
18839,2,0.504,3.697,0.605
18840,2,0.516,3.548,0.586
18841,2,0.512,3.601,0.59
18842,2,0.453,3.943,0.628
18843,2,0.543,3.284,0.555
18844,2,0.49,3.736,0.605
18845,2,0.652,2.59,0.448
18846,2,0.648,2.472,0.429
18847,2,0.266,5.542,0.815
18848,2,0.504,3.716,0.584
18849,2,0.523,3.576,0.574
18850,2,0.543,3.476,0.557
18851,2,0.539,3.412,0.536
18852,2,0.625,2.83,0.475
18853,2,0.566,3.336,0.532
18854,2,0.598,2.989,0.505
18855,2,0.527,3.458,0.562
18856,2,0.562,3.137,0.532
18857,2,0.602,2.851,0.49
18858,2,0.531,3.373,0.549
18859,2,0.379,4.607,0.699
18860,2,0.523,3.422,0.577
18861,2,0.316,5.074,0.756
18862,2,0.586,3.091,0.538
18863,2,0.633,2.771,0.456
18864,2,0.434,4.165,0.666
18865,2,0.371,4.596,0.706
18866,2,0.398,4.462,0.687
18867,2,0.57,3.118,0.518
18868,2,0.75,2.119,0.373
18869,2,0.467,3.659,0.63
18870,2,0.531,3.46,0.538
18871,2,0.641,2.923,0.452
18872,2,0.57,3.12,0.528
18873,2,0.562,3.272,0.542
18874,2,0.445,3.957,0.646
18875,2,0.609,2.97,0.482
18876,2,0.297,5.305,0.763
18877,2,0.336,4.713,0.727
18878,2,0.68,2.394,0.429
18879,2,0.355,4.776,0.731
18880,2,0.609,2.706,0.505
18881,2,0.664,2.546,0.439
18882,2,0.516,3.68,0.566
18883,2,0.543,3.417,0.545
18884,2,0.5,3.73,0.601
18885,2,0.414,4.334,0.678
18886,2,0.49,3.828,0.592
18887,2,0.57,3.127,0.527
18888,2,0.566,3.136,0.534
18889,2,0.445,4.054,0.639
18890,2,0.488,3.772,0.604
18891,2,0.598,3.056,0.498
18892,2,0.656,2.503,0.424
18893,2,0.414,4.188,0.676
18894,2,0.617,2.801,0.457
18895,2,0.609,2.938,0.488
18896,2,0.453,3.947,0.632
18897,2,0.539,3.285,0.557
18898,2,0.443,4.032,0.635
18899,2,0.609,2.824,0.483
18900,2,0.494,3.684,0.593
18901,2,0.578,3.068,0.503
18902,2,0.734,2.085,0.365
18903,2,0.309,5.241,0.762
18904,2,0.465,3.945,0.616
18905,2,0.578,3.216,0.517
18906,2,0.527,3.475,0.544
18907,2,0.371,4.589,0.707
18908,2,0.578,3.106,0.514
18909,2,0.379,4.54,0.696
18910,2,0.586,2.793,0.524
18911,2,0.492,3.719,0.604
18912,2,0.486,3.887,0.616
18913,2,0.434,4.02,0.639
18914,2,0.656,2.616,0.432
18915,2,0.727,2.21,0.39
18916,2,0.602,3.028,0.493
18917,2,0.57,3.273,0.508
18918,2,0.617,2.852,0.475
18919,2,0.395,4.382,0.685
18920,2,0.527,3.511,0.545
18921,2,0.508,3.8,0.585
18922,2,0.492,3.625,0.598
18923,2,0.523,3.565,0.559
18924,2,0.498,3.608,0.593
18925,2,0.688,2.309,0.411
18926,2,0.602,3.079,0.486
18927,2,0.582,2.984,0.504
18928,2,0.742,1.981,0.356
18929,2,0.566,3.365,0.518
18930,2,0.457,4.058,0.639
18931,2,0.684,2.306,0.398
18932,2,0.57,3.139,0.535
18933,2,0.648,2.693,0.454
18934,2,0.316,4.864,0.744
18935,2,0.52,3.513,0.575
18936,2,0.574,3.209,0.501
18937,2,0.641,2.727,0.456
18938,2,0.605,3.05,0.484
18939,2,0.539,3.525,0.555
18940,2,0.469,4.064,0.62
18941,2,0.463,3.958,0.636
18942,2,0.609,2.848,0.48
18943,2,0.539,3.268,0.552
18944,2,0.488,2.97,0.676
18945,2,0.672,2.541,0.42
18946,2,0.412,4.276,0.665
18947,2,0.641,2.716,0.461
18948,2,0.443,4.539,0.721
18949,2,0.402,4.3,0.678
18950,2,0.547,3.134,0.541
18951,2,0.461,3.959,0.631
18952,2,0.516,3.543,0.575
18953,2,0.594,3.132,0.519
18954,2,0.598,2.948,0.472
18955,2,0.551,3.149,0.547
18956,2,0.438,3.958,0.623
18957,2,0.441,4.189,0.635
18958,2,0.504,3.663,0.594
18959,2,0.48,3.811,0.582
18960,2,0.746,2.022,0.36
18961,2,0.373,4.551,0.708
18962,2,0.539,3.405,0.549
18963,2,0.469,3.885,0.622
18964,2,0.695,2.438,0.418
18965,2,0.633,2.804,0.474
18966,2,0.547,3.255,0.555
18967,2,0.648,2.722,0.456
18968,2,0.664,2.412,0.434
18969,2,0.396,4.51,0.652
18970,2,0.5,3.692,0.567
18971,2,0.414,4.366,0.66
18972,2,0.57,3.122,0.509
18973,2,0.484,3.68,0.598
18974,2,0.494,3.666,0.594
18975,2,0.551,3.414,0.536
18976,2,0.598,3.19,0.499
18977,2,0.512,3.491,0.579
18978,2,0.625,2.675,0.471
18979,2,0.539,3.31,0.552
18980,2,0.285,5.32,0.776
18981,2,0.539,3.283,0.552
18982,2,0.41,4.411,0.666
18983,2,0.656,2.656,0.455
18984,2,0.547,3.548,0.543
18985,2,0.574,3.178,0.511
18986,2,0.504,3.699,0.594
18987,2,0.484,3.685,0.594
18988,2,0.535,3.278,0.554
18989,2,0.398,4.448,0.679
18990,2,0.633,2.858,0.473
18991,2,0.551,3.272,0.552
18992,2,0.586,3.163,0.503
18993,2,0.547,3.38,0.538
18994,2,0.467,3.974,0.608
18995,2,0.555,3.406,0.542
18996,2,0.672,2.254,0.433
18997,2,0.359,4.751,0.711
18998,2,0.504,3.673,0.593
18999,2,0.617,3.011,0.604
19000,2,0.57,3.177,0.518
19001,2,0.424,4.21,0.672
19002,2,0.586,3.016,0.522
19003,2,0.496,3.688,0.593
19004,2,0.602,3.102,0.488
19005,2,0.609,2.852,0.484
19006,2,0.367,4.667,0.709
19007,2,0.406,4.35,0.663
19008,2,0.5,3.684,0.585
19009,2,0.359,5.184,0.742
19010,2,0.359,4.697,0.723
19011,2,0.496,3.667,0.609
19012,2,0.35,4.758,0.718
19013,2,0.625,2.844,0.484
19014,2,0.594,3.085,0.495
19015,2,0.543,3.259,0.546
19016,2,0.375,4.628,0.711
19017,2,0.477,3.808,0.614
19018,2,0.422,4.153,0.673
19019,2,0.531,3.397,0.569
19020,2,0.586,3.143,0.505
19021,2,0.68,2.418,0.403
19022,2,0.16,6.404,0.877
19023,2,0.551,3.291,0.541
19024,2,0.484,3.585,0.603
19025,2,0.609,2.935,0.499
19026,2,0.516,3.621,0.594
19027,2,0.484,3.857,0.632
19028,2,0.391,4.397,0.687
19029,2,0.469,3.92,0.594
19030,2,0.387,4.646,0.689
19031,2,0.586,3.066,0.509
19032,2,0.543,3.542,0.552
19033,2,0.426,4.117,0.653
19034,2,0.652,2.549,0.453
19035,2,0.57,3.107,0.529
19036,2,0.508,3.619,0.586
19037,2,0.5,3.734,0.589
19038,2,0.508,3.5,0.594
19039,2,0.605,3.01,0.485
19040,2,0.418,4.16,0.643
19041,2,0.539,3.293,0.544
19042,2,0.609,2.997,0.496
19043,2,0.695,2.471,0.417
19044,2,0.633,2.78,0.439
19045,2,0.59,3.064,0.509
19046,2,0.703,2.242,0.393
19047,2,0.578,3.209,0.534
19048,2,0.461,3.957,0.626
19049,2,0.332,4.835,0.736
19050,2,0.391,4.532,0.695
19051,2,0.637,2.651,0.478
19052,2,0.605,2.936,0.487
19053,2,0.535,3.347,0.554
19054,2,0.391,4.422,0.681
19055,2,0.461,3.912,0.627
19056,2,0.555,3.394,0.529
19057,2,0.523,3.44,0.563
19058,2,0.416,4.212,0.658
19059,2,0.516,3.506,0.581
19060,2,0.488,3.863,0.589
19061,2,0.57,3.294,0.528
19062,2,0.268,5.672,0.796
19063,2,0.688,2.311,0.422
19064,2,0.295,5.223,0.784
19065,2,0.59,3.139,0.516
19066,2,0.535,3.483,0.55
19067,2,0.641,2.656,0.447
19068,2,0.672,2.418,0.419
19069,2,0.5,3.754,0.586
19070,2,0.531,3.546,0.541
19071,2,0.508,3.503,0.568
19072,2,0.49,3.702,0.592
19073,2,0.469,3.777,0.618
19074,2,0.477,3.926,0.618
19075,2,0.547,3.445,0.556
19076,2,0.57,3.223,0.512
19077,2,0.555,3.32,0.535
19078,2,0.641,2.699,0.447
19079,2,0.656,2.608,0.433
19080,2,0.633,2.713,0.462
19081,2,0.498,3.707,0.585
19082,2,0.363,4.632,0.71
19083,2,0.57,3.236,0.526
19084,2,0.586,2.953,0.529
19085,2,0.566,3.319,0.53
19086,2,0.629,2.692,0.465
19087,2,0.49,3.708,0.589
19088,2,0.703,2.342,0.404
19089,2,0.566,3.207,0.508
19090,2,0.578,3.187,0.523
19091,2,0.625,2.853,0.469
19092,2,0.535,3.467,0.554
19093,2,0.523,3.397,0.558
19094,2,0.352,4.614,0.704
19095,2,0.457,4.08,0.627
19096,2,0.633,2.811,0.474
19097,2,0.214,5.909,0.844
19098,2,0.605,3.102,0.473
19099,2,0.52,3.522,0.58
19100,2,0.445,4.143,0.651
19101,2,0.408,4.312,0.681
19102,2,0.711,2.092,0.374
19103,2,0.707,2.261,0.389
19104,2,0.555,3.313,0.527
19105,2,0.504,3.618,0.559
19106,2,0.441,4.063,0.649
19107,2,0.578,2.914,0.516
19108,2,0.559,3.178,0.539
19109,2,0.445,4.093,0.627
19110,2,0.617,2.813,0.47
19111,2,0.562,3.349,0.513
19112,2,0.594,3.054,0.501
19113,2,0.648,2.56,0.444
19114,2,0.531,3.342,0.566
19115,2,0.602,2.821,0.488
19116,2,0.695,2.254,0.41
19117,2,0.504,3.189,0.54
19118,2,0.477,4.037,0.632
19119,2,0.477,3.939,0.61
19120,2,0.375,4.66,0.726
19121,2,0.586,2.899,0.503
19122,2,0.68,2.405,0.416
19123,2,0.459,3.91,0.624
19124,2,0.453,4.002,0.614
19125,2,0.555,3.271,0.533
19126,2,0.602,2.721,0.489
19127,2,0.52,3.513,0.576
19128,2,0.527,3.501,0.579
19129,2,0.383,4.533,0.691
19130,2,0.531,3.394,0.562
19131,2,0.539,3.469,0.551
19132,2,0.531,3.394,0.547
19133,2,0.531,3.558,0.543
19134,2,0.412,4.104,0.659
19135,2,0.398,4.103,0.696
19136,2,0.512,3.496,0.565
19137,2,0.516,3.62,0.589
19138,2,0.695,2.264,0.424
19139,2,0.578,3.044,0.527
19140,2,0.508,3.524,0.576
19141,2,0.648,2.65,0.436
19142,2,0.664,2.643,0.459
19143,2,0.441,4.08,0.642
19144,2,0.574,3.155,0.507
19145,2,0.422,4.243,0.646
19146,2,0.426,4.151,0.636
19147,2,0.609,3.038,0.487
19148,2,0.516,3.596,0.563
19149,2,0.516,3.67,0.566
19150,2,0.473,3.772,0.61
19151,2,0.652,2.687,0.45
19152,2,0.66,2.452,0.425
19153,2,0.488,3.134,0.55
19154,2,0.273,5.353,0.784
19155,2,0.613,2.909,0.497
19156,2,0.562,3.146,0.518
19157,2,0.688,2.484,0.411
19158,2,0.602,2.964,0.485
19159,2,0.652,2.499,0.439
19160,2,0.484,3.738,0.599
19161,2,0.617,2.846,0.484
19162,2,0.494,3.768,0.581
19163,2,0.609,3.012,0.484
19164,2,0.414,4.357,0.653
19165,2,0.461,3.957,0.632
19166,2,0.551,3.318,0.548
19167,2,0.566,3.174,0.515
19168,2,0.477,3.834,0.604
19169,2,0.449,4.054,0.641
19170,2,0.574,3.087,0.525
19171,2,0.539,3.489,0.558
19172,2,0.332,4.988,0.738
19173,2,0.609,2.836,0.469
19174,2,0.617,2.822,0.492
19175,2,0.504,3.685,0.598
19176,2,0.402,3.666,0.663
19177,2,0.516,3.622,0.567
19178,2,0.562,3.017,0.532
19179,2,0.625,2.924,0.463
19180,2,0.209,6.304,0.835
19181,2,0.402,4.315,0.678
19182,2,0.484,3.863,0.603
19183,2,0.418,4.291,0.666
19184,2,0.594,3.087,0.507
19185,2,0.617,2.929,0.493
19186,2,0.49,3.576,0.611
19187,2,0.418,4.206,0.668
19188,2,0.641,2.566,0.476
19189,2,0.324,4.939,0.748
19190,2,0.633,2.716,0.461
19191,2,0.438,4.176,0.643
19192,2,0.486,3.837,0.6
19193,2,0.539,3.335,0.56
19194,2,0.547,3.114,0.524
19195,2,0.672,2.453,0.435
19196,2,0.586,2.933,0.502
19197,2,0.633,3.579,0.66
19198,2,0.527,3.465,0.553
19199,2,0.268,5.505,0.802
19200,2,0.605,2.968,0.501
19201,2,0.641,2.681,0.448
19202,2,0.582,3.068,0.502
19203,2,0.352,4.671,0.721
19204,2,0.354,4.877,0.725
19205,2,0.369,4.632,0.712
19206,2,0.633,2.79,0.462
19207,2,0.531,3.296,0.543
19208,2,0.375,4.658,0.704
19209,2,0.57,3.15,0.531
19210,2,0.531,3.521,0.561
19211,2,0.523,3.501,0.581
19212,2,0.359,4.737,0.714
19213,2,0.434,4.127,0.653
19214,2,0.582,3.05,0.508
19215,2,0.578,3.261,0.521
19216,2,0.59,3.042,0.505
19217,2,0.57,3.207,0.532
19218,2,0.617,2.85,0.477
19219,2,0.475,3.712,0.608
19220,2,0.719,2.17,0.379
19221,2,0.461,3.886,0.621
19222,2,0.465,3.848,0.614
19223,2,0.473,3.884,0.618
19224,2,0.691,2.431,0.427
19225,2,0.281,5.366,0.774
19226,2,0.355,4.816,0.73
19227,2,0.703,2.219,0.378
19228,2,0.389,4.599,0.685
19229,2,0.305,4.962,0.757
19230,2,0.488,3.943,0.593
19231,2,0.594,3.094,0.497
19232,2,0.574,3.087,0.505
19233,2,0.418,4.351,0.664
19234,2,0.656,2.549,0.431
19235,2,0.504,3.608,0.57
19236,2,0.547,3.308,0.54
19237,2,0.578,3.218,0.521
19238,2,0.57,3.016,0.529
19239,2,0.455,4.088,0.636
19240,2,0.391,4.372,0.702
19241,2,0.445,4.065,0.63
19242,2,0.531,3.395,0.545
19243,2,0.566,3.197,0.518
19244,2,0.328,5.111,0.763
19245,2,0.68,2.533,0.408
19246,2,0.547,3.447,0.548
19247,2,0.445,4.058,0.643
19248,2,0.535,3.401,0.551
19249,2,0.471,3.995,0.617
19250,2,0.402,4.183,0.66
19251,2,0.492,3.679,0.614
19252,2,0.314,4.985,0.74
19253,2,0.562,3.216,0.551
19254,2,0.5,3.71,0.578
19255,2,0.285,5.446,0.764
19256,2,0.512,3.598,0.573
19257,2,0.41,4.344,0.682
19258,2,0.436,4.026,0.663
19259,2,0.445,4.264,0.64
19260,2,0.594,3.135,0.509
19261,2,0.285,5.328,0.773
19262,2,0.629,2.877,0.443
19263,2,0.625,2.69,0.466
19264,2,0.383,4.563,0.693
19265,2,0.586,3.066,0.513
19266,2,0.594,2.704,0.503
19267,2,0.43,4.227,0.66
19268,2,0.699,2.486,0.414
19269,2,0.633,2.839,0.456
19270,2,0.344,4.86,0.739
19271,2,0.479,3.837,0.61
19272,2,0.516,3.462,0.581
19273,2,0.455,3.894,0.622
19274,2,0.715,2.432,0.399
19275,2,0.463,3.98,0.635
19276,2,0.406,4.526,0.673
19277,2,0.355,4.784,0.724
19278,2,0.453,3.631,0.645
19279,2,0.613,2.808,0.483
19280,2,0.371,4.593,0.71
19281,2,0.258,5.285,0.784
19282,2,0.594,2.887,0.492
19283,2,0.5,3.71,0.585
19284,2,0.637,2.609,0.469
19285,2,0.531,3.393,0.571
19286,2,0.648,2.699,0.455
19287,2,0.43,4.162,0.664
19288,2,0.496,3.629,0.588
19289,2,0.516,3.578,0.561
19290,2,0.625,2.738,0.465
19291,2,0.578,3.081,0.518
19292,2,0.602,2.952,0.503
19293,2,0.422,4.1,0.659
19294,2,0.68,2.43,0.434
19295,2,0.711,2.124,0.389
19296,2,0.629,2.811,0.458
19297,2,0.664,2.413,0.452
19298,2,0.395,4.529,0.673
19299,2,0.498,3.959,0.604
19300,2,0.645,2.706,0.442
19301,2,0.381,4.427,0.704
19302,2,0.504,3.685,0.59
19303,2,0.613,2.716,0.505
19304,2,0.398,4.543,0.697
19305,2,0.494,3.823,0.606
19306,2,0.387,4.429,0.701
19307,2,0.734,2.09,0.368
19308,2,0.432,3.609,0.598
19309,2,0.531,3.449,0.552
19310,2,0.703,2.232,0.394
19311,2,0.508,3.741,0.579
19312,2,0.414,4.295,0.655
19313,2,0.404,4.385,0.673
19314,2,0.5,3.571,0.602
19315,2,0.5,3.771,0.597
19316,2,0.504,3.599,0.573
19317,2,0.422,4.314,0.665
19318,2,0.598,2.954,0.495
19319,2,0.566,3.284,0.504
19320,2,0.664,2.488,0.425
19321,2,0.48,3.817,0.606
19322,2,0.805,1.786,0.308
19323,2,0.621,2.782,0.479
19324,2,0.582,3.052,0.513
19325,2,0.453,4.017,0.619
19326,2,0.621,2.962,0.462
19327,2,0.305,5.106,0.764
19328,2,0.656,2.519,0.44
19329,2,0.312,5.124,0.765
19330,2,0.676,2.445,0.415
19331,2,0.523,3.429,0.562
19332,2,0.586,3.09,0.524
19333,2,0.426,4.281,0.671
19334,2,0.602,3.044,0.496
19335,2,0.574,3.268,0.513
19336,2,0.508,3.674,0.572
19337,2,0.398,4.439,0.694
19338,2,0.676,2.495,0.413
19339,2,0.379,4.552,0.705
19340,2,0.527,3.417,0.545
19341,2,0.605,2.942,0.488
19342,2,0.508,3.511,0.589
19343,2,0.621,2.695,0.487
19344,2,0.531,3.406,0.561
19345,2,0.574,3.1,0.51
19346,2,0.348,4.742,0.733
19347,2,0.66,2.46,0.435
19348,2,0.32,5.031,0.741
19349,2,0.562,3.348,0.531
19350,2,0.68,2.227,0.441
19351,2,0.566,3.166,0.52
19352,2,0.457,3.92,0.618
19353,2,0.277,5.763,0.791
19354,2,0.582,3.124,0.513
19355,2,0.436,4.122,0.651
19356,2,0.582,3.13,0.513
19357,2,0.273,4.537,0.781
19358,2,0.668,2.753,0.442
19359,2,0.641,2.81,0.438
19360,2,0.613,2.821,0.472
19361,2,0.453,3.96,0.625
19362,2,0.5,3.724,0.592
19363,2,0.516,3.519,0.584
19364,2,0.256,5.673,0.805
19365,2,0.625,3.016,0.461
19366,2,0.523,3.581,0.555
19367,2,0.465,3.944,0.613
19368,2,0.621,2.855,0.465
19369,2,0.457,3.929,0.671
19370,2,0.43,4.287,0.674
19371,2,0.66,2.655,0.417
19372,2,0.494,3.785,0.603
19373,2,0.391,4.497,0.687
19374,2,0.625,2.804,0.487
19375,2,0.387,4.522,0.7
19376,2,0.688,2.29,0.415
19377,2,0.578,3.086,0.522
19378,2,0.555,3.319,0.561
19379,2,0.508,3.601,0.572
19380,2,0.471,3.933,0.608
19381,2,0.539,3.442,0.567
19382,2,0.547,3.233,0.54
19383,2,0.676,2.56,0.414
19384,2,0.641,2.774,0.466
19385,2,0.637,2.69,0.462
19386,2,0.59,3.02,0.505
19387,2,0.527,3.459,0.554
19388,2,0.508,3.608,0.581
19389,2,0.617,2.897,0.483
19390,2,0.605,3.109,0.52
19391,2,0.32,4.981,0.754
19392,2,0.707,2.045,0.384
19393,2,0.531,3.348,0.572
19394,2,0.5,3.57,0.588
19395,2,0.766,1.879,0.333
19396,2,0.68,2.466,0.426
19397,2,0.672,2.551,0.422
19398,2,0.734,2.023,0.358
19399,2,0.523,3.418,0.55
19400,2,0.734,2.244,0.366
19401,2,0.723,2.213,0.373
19402,2,0.547,3.355,0.533
19403,2,0.512,3.746,0.597
19404,2,0.559,3.201,0.548
19405,2,0.625,2.796,0.475
19406,2,0.449,4.008,0.624
19407,2,0.641,2.614,0.455
19408,2,0.551,3.45,0.531
19409,2,0.193,6.047,0.855
19410,2,0.4,4.366,0.669
19411,2,0.252,5.641,0.779
19412,2,0.594,3.091,0.508
19413,2,0.438,4.222,0.657
19414,2,0.625,2.685,0.474
19415,2,0.535,3.381,0.55
19416,2,0.461,4.071,0.626
19417,2,0.516,3.591,0.576
19418,2,0.426,4.075,0.665
19419,2,0.523,3.402,0.56
19420,2,0.562,3.208,0.528
19421,2,0.539,3.341,0.563
19422,2,0.492,3.644,0.599
19423,2,0.641,2.738,0.45
19424,2,0.326,4.893,0.731
19425,2,0.641,2.648,0.454
19426,2,0.189,6.293,0.86
19427,2,0.656,2.739,0.446
19428,2,0.463,3.888,0.628
19429,2,0.465,3.957,0.615
19430,2,0.641,2.866,0.44
19431,2,0.488,3.743,0.601
19432,2,0.777,1.856,0.333
19433,2,0.586,3.035,0.529
19434,2,0.59,3.019,0.512
19435,2,0.439,4.108,0.641
19436,2,0.602,2.967,0.492
19437,2,0.406,4.337,0.68
19438,2,0.504,3.566,0.594
19439,2,0.41,4.364,0.669
19440,2,0.359,4.84,0.716
19441,2,0.5,3.486,0.587
19442,2,0.484,3.821,0.609
19443,2,0.633,2.657,0.466
19444,2,0.463,3.735,0.616
19445,2,0.539,3.363,0.534
19446,2,0.641,2.606,0.469
19447,2,0.398,4.358,0.66
19448,2,0.473,3.891,0.631
19449,2,0.586,3.057,0.497
19450,2,0.617,2.851,0.478
19451,2,0.346,4.786,0.738
19452,2,0.641,3.578,0.582
19453,2,0.451,3.969,0.628
19454,2,0.492,3.672,0.599
19455,2,0.328,4.915,0.744
19456,2,0.48,3.766,0.599
19457,2,0.432,4.227,0.644
19458,2,0.734,2.084,0.377
19459,2,0.535,3.659,0.553
19460,2,0.324,4.9,0.76
19461,2,0.551,3.256,0.543
19462,2,0.48,3.768,0.611
19463,2,0.539,3.143,0.542
19464,2,0.574,2.995,0.511
19465,2,0.32,5.565,0.838
19466,2,0.498,3.753,0.595
19467,2,0.641,2.672,0.447
19468,2,0.625,2.8,0.493
19469,2,0.402,4.454,0.687
19470,2,0.5,3.903,0.591
19471,2,0.656,2.563,0.439
19472,2,0.5,3.677,0.589
19473,2,0.531,3.502,0.571
19474,2,0.633,2.809,0.482
19475,2,0.43,4.153,0.681
19476,2,0.508,3.691,0.607
19477,2,0.715,2.214,0.376
19478,2,0.439,4.108,0.644
19479,2,0.539,3.304,0.551
19480,2,0.578,3.082,0.516
19481,2,0.496,3.772,0.603
19482,2,0.5,3.75,0.583
19483,2,0.301,5.145,0.778
19484,2,0.484,3.824,0.61
19485,2,0.574,3.131,0.534
19486,2,0.602,2.899,0.511
19487,2,0.41,4.83,0.753
19488,2,0.48,3.806,0.614
19489,2,0.648,2.511,0.442
19490,2,0.41,4.221,0.668
19491,2,0.52,3.537,0.566
19492,2,0.531,3.556,0.552
19493,2,0.602,2.991,0.512
19494,2,0.266,5.692,0.787
19495,2,0.447,4.061,0.65
19496,2,0.469,3.868,0.627
19497,2,0.414,4.269,0.667
19498,2,0.453,4.098,0.64
19499,2,0.406,4.344,0.678
19500,2,0.609,2.887,0.486
19501,2,0.332,4.892,0.73
19502,2,0.316,5.256,0.759
19503,2,0.512,3.469,0.563
19504,2,0.523,3.556,0.557
19505,2,0.539,3.497,0.567
19506,2,0.555,3.231,0.531
19507,2,0.5,3.644,0.589
19508,2,0.332,4.874,0.747
19509,2,0.477,3.736,0.596
19510,2,0.711,2.457,0.393
19511,2,0.633,2.573,0.442
19512,2,0.672,2.383,0.439
19513,2,0.727,2.301,0.375
19514,2,0.396,4.376,0.674
19515,2,0.523,3.447,0.574
19516,2,0.617,2.795,0.483
19517,2,0.703,2.242,0.391
19518,2,0.377,4.63,0.708
19519,2,0.57,3.11,0.533
19520,2,0.379,4.558,0.703
19521,2,0.668,2.645,0.434
19522,2,0.477,3.77,0.614
19523,2,0.566,3.27,0.529
19524,2,0.609,2.827,0.479
19525,2,0.516,3.524,0.573
19526,2,0.555,3.298,0.532
19527,2,0.406,4.372,0.658
19528,2,0.375,4.616,0.715
19529,2,0.57,3.053,0.52
19530,2,0.551,3.352,0.543
19531,2,0.504,3.625,0.58
19532,2,0.287,5.264,0.78
19533,2,0.641,2.569,0.454
19534,2,0.578,3.234,0.515
19535,2,0.387,4.458,0.685
19536,2,0.535,3.544,0.565
19537,2,0.504,3.65,0.572
19538,2,0.641,2.626,0.467
19539,2,0.402,4.314,0.686
19540,2,0.213,6.012,0.835
19541,2,0.412,4.221,0.657
19542,2,0.594,2.995,0.497
19543,2,0.432,4.14,0.642
19544,2,0.434,4.133,0.646
19545,2,0.387,4.448,0.687
19546,2,0.312,5.048,0.759
19547,2,0.68,2.5,0.431
19548,2,0.469,3.491,0.557
19549,2,0.324,4.866,0.742
19550,2,0.418,4.156,0.66
19551,2,0.477,3.869,0.592
19552,2,0.727,2.162,0.369
19553,2,0.389,4.379,0.693
19554,2,0.605,2.877,0.498
19555,2,0.527,3.475,0.558
19556,2,0.598,2.975,0.485
19557,2,0.488,3.803,0.567
19558,2,0.494,3.652,0.597
19559,2,0.637,2.849,0.463
19560,2,0.332,4.912,0.752
19561,2,0.59,3.086,0.479
19562,2,0.609,2.928,0.48
19563,2,0.535,3.525,0.564
19564,2,0.461,4.039,0.623
19565,2,0.355,4.706,0.727
19566,2,0.625,2.8,0.485
19567,2,0.492,3.703,0.605
19568,2,0.656,2.592,0.44
19569,2,0.617,2.894,0.487
19570,2,0.418,4.232,0.679
19571,2,0.484,3.674,0.613
19572,2,0.414,4.354,0.677
19573,2,0.477,3.896,0.597
19574,2,0.455,4.016,0.628
19575,2,0.574,3.18,0.504
19576,2,0.428,4.138,0.652
19577,2,0.387,4.469,0.695
19578,2,0.578,3.108,0.499
19579,2,0.471,3.871,0.609
19580,2,0.391,4.436,0.674
19581,2,0.484,3.823,0.592
19582,2,0.59,2.945,0.483
19583,2,0.359,4.562,0.717
19584,2,0.387,4.439,0.699
19585,2,0.4,4.4,0.681
19586,2,0.562,3.205,0.518
19587,2,0.703,2.207,0.415
19588,2,0.348,4.894,0.714
19589,2,0.57,3.205,0.508
19590,2,0.641,2.789,0.481
19591,2,0.457,3.864,0.62
19592,2,0.504,3.786,0.595
19593,2,0.365,4.704,0.72
19594,2,0.379,4.482,0.69
19595,2,0.656,2.527,0.44
19596,2,0.342,4.769,0.736
19597,2,0.625,2.808,0.494
19598,2,0.488,3.718,0.588
19599,2,0.449,4.168,0.627
19600,2,0.488,3.727,0.607
19601,2,0.512,3.599,0.578
19602,2,0.48,3.91,0.616
19603,2,0.473,3.992,0.618
19604,2,0.486,3.821,0.583
19605,2,0.539,3.325,0.555
19606,2,0.383,4.513,0.694
19607,2,0.492,3.763,0.613
19608,2,0.641,2.864,0.458
19609,2,0.543,3.386,0.57
19610,2,0.477,3.836,0.615
19611,2,0.35,4.788,0.712
19612,2,0.49,3.814,0.602
19613,2,0.434,4.09,0.655
19614,2,0.457,3.914,0.635
19615,2,0.539,3.453,0.553
19616,2,0.453,4.163,0.633
19617,2,0.297,4.956,0.759
19618,2,0.504,3.598,0.582
19619,2,0.412,4.408,0.664
19620,2,0.664,2.422,0.436
19621,2,0.523,3.476,0.571
19622,2,0.484,3.822,0.604
19623,2,0.52,3.594,0.581
19624,2,0.547,3.31,0.536
19625,2,0.586,2.918,0.5
19626,2,0.543,3.339,0.537
19627,2,0.633,2.774,0.478
19628,2,0.66,2.415,0.43
19629,2,0.59,3.096,0.513
19630,2,0.473,3.949,0.616
19631,2,0.559,3.16,0.524
19632,2,0.598,2.856,0.51
19633,2,0.539,3.218,0.541
19634,2,0.641,2.735,0.458
19635,2,0.727,2.244,0.374
19636,2,0.57,3.121,0.52
19637,2,0.203,6.316,0.834
19638,2,0.418,4.248,0.676
19639,2,0.402,4.374,0.683
19640,2,0.434,4.015,0.649
19641,2,0.465,4.026,0.634
19642,2,0.305,5.14,0.772
19643,2,0.508,3.578,0.581
19644,2,0.633,2.689,0.46
19645,2,0.609,2.794,0.493
19646,2,0.562,3.248,0.533
19647,2,0.539,3.369,0.542
19648,2,0.531,3.371,0.558
19649,2,0.445,4.109,0.657
19650,2,0.189,6.111,0.865
19651,2,0.418,4.343,0.668
19652,2,0.371,4.821,0.726
19653,2,0.465,4.008,0.627
19654,2,0.66,2.449,0.436
19655,2,0.68,2.458,0.425
19656,2,0.625,2.735,0.46
19657,2,0.531,3.507,0.55
19658,2,0.539,3.466,0.543
19659,2,0.598,2.974,0.493
19660,2,0.428,4.215,0.639
19661,2,0.539,3.511,0.546
19662,2,0.598,3.089,0.499
19663,2,0.516,3.501,0.583
19664,2,0.43,4.216,0.652
19665,2,0.418,4.287,0.648
19666,2,0.625,2.766,0.456
19667,2,0.459,4.09,0.62
19668,2,0.664,2.362,0.429
19669,2,0.395,4.412,0.678
19670,2,0.262,5.523,0.808
19671,2,0.641,2.54,0.446
19672,2,0.516,3.458,0.573
19673,2,0.555,3.283,0.532
19674,2,0.492,3.589,0.587
19675,2,0.48,3.817,0.591
19676,2,0.375,4.566,0.696
19677,2,0.289,5.072,0.765
19678,2,0.523,3.625,0.573
19679,2,0.391,4.345,0.677
19680,2,0.287,5.247,0.773
19681,2,0.441,4.269,0.632
19682,2,0.566,3.297,0.52
19683,2,0.508,3.719,0.588
19684,2,0.551,3.335,0.54
19685,2,0.617,2.903,0.468
19686,2,0.445,4.019,0.657
19687,2,0.555,3.244,0.538
19688,2,0.488,3.778,0.609
19689,2,0.451,4.0,0.635
19690,2,0.543,3.374,0.553
19691,2,0.516,3.49,0.563
19692,2,0.668,2.364,0.427
19693,2,0.594,3.099,0.511
19694,2,0.633,2.843,0.466
19695,2,0.373,4.628,0.707
19696,2,0.719,2.273,0.37
19697,2,0.543,3.392,0.553
19698,2,0.695,2.427,0.42
19699,2,0.57,3.163,0.518
19700,2,0.5,3.758,0.604
19701,2,0.473,4.027,0.636
19702,2,0.57,3.256,0.519
19703,2,0.328,4.959,0.736
19704,2,0.547,3.195,0.534
19705,2,0.695,2.163,0.369
19706,2,0.245,5.568,0.808
19707,2,0.539,3.469,0.559
19708,2,0.652,2.75,0.443
19709,2,0.539,3.361,0.537
19710,2,0.539,3.221,0.55
19711,2,0.467,4.04,0.61
19712,2,0.408,4.326,0.685
19713,2,0.562,3.112,0.527
19714,2,0.348,4.732,0.722
19715,2,0.566,3.158,0.519
19716,2,0.625,2.682,0.473
19717,2,0.539,3.394,0.549
19718,2,0.633,2.809,0.459
19719,2,0.365,4.64,0.717
19720,2,0.758,2.058,0.354
19721,2,0.594,3.091,0.487
19722,2,0.492,3.736,0.596
19723,2,0.531,3.487,0.556
19724,2,0.523,3.594,0.571
19725,2,0.695,2.434,0.393
19726,2,0.434,4.057,0.644
19727,2,0.465,3.913,0.624
19728,2,0.562,3.298,0.522
19729,2,0.559,3.331,0.521
19730,2,0.562,3.307,0.53
19731,2,0.5,3.625,0.573
19732,2,0.547,3.367,0.532
19733,2,0.312,4.966,0.771
19734,2,0.676,2.516,0.465
19735,2,0.648,2.775,0.453
19736,2,0.512,3.715,0.582
19737,2,0.75,2.067,0.329
19738,2,0.412,4.367,0.656
19739,2,0.365,4.636,0.705
19740,2,0.357,4.694,0.725
19741,2,0.449,4.09,0.625
19742,2,0.516,3.468,0.585
19743,2,0.355,4.655,0.723
19744,2,0.239,5.783,0.806
19745,2,0.434,4.24,0.634
19746,2,0.363,4.618,0.721
19747,2,0.594,3.093,0.521
19748,2,0.461,3.976,0.625
19749,2,0.412,4.3,0.682
19750,2,0.459,3.867,0.629
19751,2,0.508,3.742,0.578
19752,2,0.574,3.227,0.529
19753,2,0.504,3.635,0.589
19754,2,0.531,3.557,0.568
19755,2,0.254,5.74,0.81
19756,2,0.578,3.096,0.502
19757,2,0.648,2.694,0.439
19758,2,0.48,3.821,0.605
19759,2,0.582,3.166,0.494
19760,2,0.562,3.349,0.538
19761,2,0.559,3.454,0.53
19762,2,0.602,2.94,0.493
19763,2,0.66,2.38,0.431
19764,2,0.457,3.922,0.639
19765,2,0.504,3.719,0.575
19766,2,0.523,3.653,0.564
19767,2,0.512,3.575,0.582
19768,2,0.473,3.941,0.625
19769,2,0.43,4.258,0.658
19770,2,0.605,2.887,0.484
19771,2,0.34,4.756,0.709
19772,2,0.527,3.392,0.575
19773,2,0.512,3.375,0.58
19774,2,0.547,3.437,0.557
19775,2,0.582,3.086,0.504
19776,2,0.598,2.87,0.497
19777,2,0.633,2.783,0.486
19778,2,0.434,4.259,0.653
19779,2,0.395,4.474,0.678
19780,2,0.547,3.407,0.539
19781,2,0.504,3.506,0.593
19782,2,0.566,3.14,0.507
19783,2,0.727,2.142,0.379
19784,2,0.449,4.24,0.662
19785,2,0.496,3.679,0.58
19786,2,0.648,2.651,0.453
19787,2,0.523,3.451,0.558
19788,2,0.482,3.834,0.581
19789,2,0.586,3.224,0.485
19790,2,0.531,3.465,0.574
19791,2,0.555,3.236,0.552
19792,2,0.467,3.89,0.618
19793,2,0.492,3.694,0.585
19794,2,0.555,3.396,0.537
19795,2,0.648,2.659,0.453
19796,2,0.387,4.478,0.708
19797,2,0.527,3.453,0.565
19798,2,0.539,3.566,0.545
19799,2,0.727,2.158,0.367
19800,2,0.363,4.635,0.71
19801,2,0.609,2.812,0.484
19802,2,0.531,3.246,0.562
19803,2,0.467,3.913,0.617
19804,2,0.508,3.733,0.583
19805,2,0.617,2.735,0.474
19806,2,0.516,3.539,0.56
19807,2,0.531,3.57,0.547
19808,2,0.562,3.355,0.533
19809,2,0.684,2.296,0.403
19810,2,0.574,3.195,0.537
19811,2,0.426,4.234,0.662
19812,2,0.547,3.359,0.539
19813,2,0.365,4.699,0.712
19814,2,0.664,2.518,0.43
19815,2,0.617,2.878,0.484
19816,2,0.453,4.044,0.643
19817,2,0.637,2.696,0.458
19818,2,0.486,3.792,0.606
19819,2,0.469,3.829,0.595
19820,2,0.531,3.429,0.578
19821,2,0.602,2.894,0.476
19822,2,0.352,4.79,0.728
19823,2,0.555,3.439,0.535
19824,2,0.719,2.226,0.386
19825,2,0.582,3.081,0.52
19826,2,0.645,2.816,0.45
19827,2,0.516,3.514,0.579
19828,2,0.404,4.365,0.675
19829,2,0.488,3.591,0.6
19830,2,0.602,2.99,0.508
19831,2,0.633,2.734,0.468
19832,2,0.523,3.591,0.559
19833,2,0.391,4.603,0.679
19834,2,0.469,3.898,0.614
19835,2,0.496,3.695,0.592
19836,2,0.652,2.781,0.441
19837,2,0.434,4.124,0.647
19838,2,0.672,2.527,0.438
19839,2,0.59,3.037,0.516
19840,2,0.664,2.629,0.439
19841,2,0.371,4.616,0.698
19842,2,0.531,3.427,0.563
19843,2,0.43,4.313,0.661
19844,2,0.52,3.566,0.556
19845,2,0.559,3.231,0.538
19846,2,0.523,3.512,0.571
19847,2,0.641,2.883,0.472
19848,2,0.562,3.348,0.537
19849,2,0.641,2.801,0.545
19850,2,0.057,7.441,0.963
19851,2,0.562,3.274,0.534
19852,2,0.309,5.016,0.769
19853,2,0.57,2.911,0.518
19854,2,0.414,4.301,0.683
19855,2,0.516,3.443,0.576
19856,2,0.574,3.177,0.522
19857,2,0.602,3.027,0.504
19858,2,0.441,4.094,0.629
19859,2,0.656,2.665,0.435
19860,2,0.43,4.117,0.656
19861,2,0.482,3.779,0.605
19862,2,0.262,5.381,0.804
19863,2,0.271,5.604,0.797
19864,2,0.393,4.55,0.686
19865,2,0.24,5.856,0.827
19866,2,0.41,4.114,0.681
19867,2,0.641,2.733,0.45
19868,2,0.625,2.883,0.465
19869,2,0.477,3.789,0.608
19870,2,0.547,3.354,0.526
19871,2,0.633,2.72,0.46
19872,2,0.303,5.196,0.768
19873,2,0.527,3.628,0.543
19874,2,0.371,4.556,0.698
19875,2,0.412,4.242,0.662
19876,2,0.379,4.525,0.702
19877,2,0.354,4.746,0.722
19878,2,0.48,3.773,0.597
19879,2,0.43,4.212,0.64
19880,2,0.672,2.55,0.42
19881,2,0.488,3.64,0.595
19882,2,0.438,4.068,0.653
19883,2,0.586,2.958,0.527
19884,2,0.633,2.687,0.448
19885,2,0.641,2.617,0.465
19886,2,0.539,3.278,0.569
19887,2,0.57,3.046,0.534
19888,2,0.27,5.586,0.795
19889,2,0.578,3.097,0.503
19890,2,0.578,3.04,0.509
19891,2,0.459,4.004,0.617
19892,2,0.625,2.782,0.466
19893,2,0.482,3.937,0.614
19894,2,0.354,4.844,0.749
19895,2,0.422,4.157,0.655
19896,2,0.57,3.012,0.529
19897,2,0.457,4.02,0.634
19898,2,0.641,2.813,0.456
19899,2,0.727,2.046,0.351
19900,2,0.492,3.806,0.607
19901,2,0.305,5.106,0.766
19902,2,0.285,5.381,0.807
19903,2,0.539,3.294,0.563
19904,2,0.312,5.17,0.751
19905,2,0.531,3.476,0.572
19906,2,0.508,3.566,0.588
19907,2,0.613,2.862,0.49
19908,2,0.688,2.331,0.403
19909,2,0.49,3.761,0.591
19910,2,0.285,5.232,0.772
19911,2,0.555,3.342,0.516
19912,2,0.633,2.893,0.468
19913,2,0.389,4.422,0.703
19914,2,0.59,3.078,0.5
19915,2,0.555,3.352,0.548
19916,2,0.488,3.683,0.601
19917,2,0.352,4.728,0.721
19918,2,0.668,2.376,0.432
19919,2,0.492,3.676,0.593
19920,2,0.398,4.384,0.692
19921,2,0.605,2.785,0.508
19922,2,0.543,3.383,0.533
19923,2,0.703,2.222,0.394
19924,2,0.436,4.122,0.662
19925,2,0.656,2.668,0.448
19926,2,0.582,3.104,0.519
19927,2,0.531,3.134,0.561
19928,2,0.443,4.026,0.644
19929,2,0.531,3.521,0.57
19930,2,0.395,4.385,0.684
19931,2,0.562,3.297,0.521
19932,2,0.633,2.827,0.46
19933,2,0.543,3.262,0.555
19934,2,0.385,4.456,0.686
19935,2,0.559,3.163,0.545
19936,2,0.57,3.097,0.538
19937,2,0.535,3.417,0.557
19938,2,0.672,2.36,0.42
19939,2,0.441,4.233,0.629
19940,2,0.57,3.24,0.527
19941,2,0.551,3.233,0.539
19942,2,0.578,3.159,0.538
19943,2,0.516,3.563,0.562
19944,2,0.348,4.715,0.726
19945,2,0.66,2.668,0.452
19946,2,0.469,3.87,0.6
19947,2,0.369,4.648,0.696
19948,2,0.672,2.435,0.41
19949,2,0.406,4.763,0.675
19950,2,0.492,3.635,0.592
19951,2,0.586,2.991,0.5
19952,2,0.566,3.212,0.534
19953,2,0.477,3.891,0.604
19954,2,0.508,3.476,0.573
19955,2,0.648,2.738,0.445
19956,2,0.648,2.658,0.454
19957,2,0.586,2.935,0.5
19958,2,0.617,2.902,0.48
19959,2,0.547,3.209,0.563
19960,2,0.496,3.712,0.574
19961,2,0.605,2.9,0.493
19962,2,0.617,2.83,0.478
19963,2,0.594,3.022,0.483
19964,2,0.539,3.392,0.559
19965,2,0.342,4.95,0.741
19966,2,0.703,2.259,0.393
19967,2,0.258,5.497,0.8
19968,2,0.656,2.613,0.422
19969,2,0.42,4.254,0.656
19970,2,0.391,4.486,0.692
19971,2,0.459,3.99,0.643
19972,2,0.723,2.198,0.382
19973,2,0.426,4.091,0.653
19974,2,0.434,4.167,0.656
19975,2,0.559,3.387,0.526
19976,2,0.559,3.34,0.535
19977,2,0.5,3.602,0.595
19978,2,0.555,3.37,0.536
19979,2,0.354,4.951,0.729
19980,2,0.625,2.997,0.493
19981,2,0.531,3.446,0.551
19982,2,0.547,3.345,0.548
19983,2,0.586,3.071,0.527
19984,2,0.463,3.849,0.612
19985,2,0.531,3.433,0.567
19986,2,0.641,2.799,0.471
19987,2,0.645,2.724,0.448
19988,2,0.496,3.729,0.582
19989,2,0.621,2.946,0.443
19990,2,0.48,3.738,0.607
19991,2,0.625,2.913,0.448
19992,2,0.555,3.333,0.54
19993,2,0.648,2.707,0.444
19994,2,0.562,3.353,0.534
19995,2,0.531,3.299,0.569
19996,2,0.41,4.371,0.646
19997,2,0.531,3.505,0.559
19998,2,0.625,2.75,0.467
19999,2,0.656,2.412,0.449
20000,2,0.441,4.078,0.637
20001,2,0.535,3.219,0.542
20002,2,0.656,2.652,0.441
20003,2,0.426,4.165,0.664
20004,2,0.531,3.458,0.568
20005,2,0.586,2.98,0.486
20006,2,0.566,3.246,0.508
20007,2,0.488,3.568,0.606
20008,2,0.395,4.461,0.68
20009,2,0.656,2.437,0.431
20010,2,0.35,4.83,0.717
20011,2,0.594,3.095,0.497
20012,2,0.539,3.475,0.562
20013,2,0.602,2.988,0.484
20014,2,0.42,4.21,0.665
20015,2,0.578,3.19,0.515
20016,2,0.461,4.062,0.628
20017,2,0.348,4.758,0.725
20018,2,0.523,3.525,0.585
20019,2,0.633,2.628,0.443
20020,2,0.598,2.964,0.48
20021,2,0.473,3.991,0.612
20022,2,0.467,3.896,0.607
20023,2,0.5,3.602,0.59
20024,2,0.574,3.201,0.546
20025,2,0.523,3.473,0.583
20026,2,0.664,2.565,0.438
20027,2,0.473,3.876,0.629
20028,2,0.41,4.05,0.668
20029,2,0.488,3.726,0.608
20030,2,0.279,5.27,0.798
20031,2,0.609,2.99,0.5
20032,2,0.539,3.404,0.548
20033,2,0.43,4.15,0.644
20034,2,0.438,4.114,0.652
20035,2,0.387,4.49,0.692
20036,2,0.453,3.948,0.621
20037,2,0.402,4.516,0.675
20038,2,0.508,3.589,0.571
20039,2,0.625,2.773,0.453
20040,2,0.305,5.143,0.761
20041,2,0.773,1.846,0.332
20042,2,0.555,3.231,0.542
20043,2,0.492,3.602,0.59
20044,2,0.609,2.882,0.489
20045,2,0.555,3.096,0.53
20046,2,0.293,5.342,0.755
20047,2,0.523,3.515,0.549
20048,2,0.578,3.125,0.508
20049,2,0.445,3.879,0.631
20050,2,0.582,3.104,0.511
20051,2,0.594,3.014,0.473
20052,2,0.324,4.973,0.758
20053,2,0.617,2.957,0.486
20054,2,0.648,2.454,0.429
20055,2,0.598,2.981,0.48
20056,2,0.594,2.963,0.509
20057,2,0.398,4.505,0.684
20058,2,0.57,3.423,0.514
20059,2,0.52,3.66,0.581
20060,2,0.508,3.711,0.579
20061,2,0.355,4.562,0.715
20062,2,0.711,2.264,0.386
20063,2,0.184,6.364,0.86
20064,2,0.664,2.413,0.454
20065,2,0.668,2.321,0.426
20066,2,0.633,2.668,0.466
20067,2,0.594,3.017,0.471
20068,2,0.602,2.962,0.476
20069,2,0.609,2.707,0.483
20070,2,0.562,3.257,0.53
20071,2,0.559,3.253,0.545
20072,2,0.248,5.743,0.801
20073,2,0.621,2.584,0.474
20074,2,0.523,3.467,0.548
20075,2,0.516,3.687,0.575
20076,2,0.426,4.218,0.677
20077,2,0.418,4.214,0.66
20078,2,0.578,2.998,0.524
20079,2,0.539,3.431,0.556
20080,2,0.629,2.722,0.466
20081,2,0.467,3.863,0.62
20082,2,0.318,5.131,0.752
20083,2,0.547,3.313,0.538
20084,2,0.367,4.678,0.719
20085,2,0.555,3.343,0.513
20086,2,0.574,2.978,0.524
20087,2,0.395,4.142,0.66
20088,2,0.531,3.443,0.542
20089,2,0.742,2.156,0.345
20090,2,0.672,2.66,0.41
20091,2,0.555,3.371,0.526
20092,2,0.523,3.356,0.567
20093,2,0.406,4.4,0.666
20094,2,0.453,3.94,0.634
20095,2,0.543,3.301,0.546
20096,2,0.582,2.898,0.485
20097,2,0.621,2.926,0.476
20098,2,0.602,2.839,0.484
20099,2,0.645,2.736,0.461
20100,2,0.416,4.344,0.683
20101,2,0.508,3.654,0.581
20102,2,0.547,3.255,0.565
20103,2,0.52,3.463,0.569
20104,2,0.426,4.256,0.656
20105,2,0.414,4.423,0.667
20106,2,0.594,3.117,0.505
20107,2,0.586,3.175,0.534
20108,2,0.402,4.458,0.667
20109,2,0.471,4.014,0.605
20110,2,0.336,4.922,0.733
20111,2,0.395,4.52,0.675
20112,2,0.551,3.292,0.537
20113,2,0.406,4.292,0.672
20114,2,0.504,3.565,0.601
20115,2,0.594,2.931,0.504
20116,2,0.379,4.628,0.704
20117,2,0.609,3.016,0.484
20118,2,0.52,3.561,0.584
20119,2,0.656,2.665,0.432
20120,2,0.508,3.594,0.587
20121,2,0.477,3.946,0.603
20122,2,0.527,3.365,0.556
20123,2,0.43,4.174,0.658
20124,2,0.648,2.836,0.454
20125,2,0.328,4.854,0.744
20126,2,0.641,2.513,0.481
20127,2,0.465,3.907,0.617
20128,2,0.461,3.539,0.579
20129,2,0.445,3.983,0.644
20130,2,0.547,3.433,0.547
20131,2,0.463,4.017,0.612
20132,2,0.504,3.667,0.595
20133,2,0.488,3.802,0.614
20134,2,0.508,3.656,0.574
20135,2,0.461,3.939,0.611
20136,2,0.477,4.123,0.616
20137,2,0.375,4.504,0.705
20138,2,0.625,2.801,0.476
20139,2,0.293,5.148,0.774
20140,2,0.562,2.921,0.553
20141,2,0.32,5.143,0.754
20142,2,0.428,4.213,0.642
20143,2,0.586,2.884,0.504
20144,2,0.387,4.519,0.669
20145,2,0.633,2.544,0.44
20146,2,0.469,4.067,0.623
20147,2,0.461,3.996,0.62
20148,2,0.559,3.324,0.551
20149,2,0.225,5.954,0.821
20150,2,0.424,4.257,0.652
20151,2,0.492,3.519,0.598
20152,2,0.504,3.659,0.579
20153,2,0.547,3.259,0.552
20154,2,0.34,4.891,0.738
20155,2,0.461,3.99,0.618
20156,2,0.508,3.474,0.59
20157,2,0.273,5.476,0.798
20158,2,0.609,2.88,0.487
20159,2,0.539,3.396,0.559
20160,2,0.516,3.393,0.584
20161,2,0.34,4.958,0.738
20162,2,0.441,4.134,0.63
20163,2,0.424,4.14,0.659
20164,2,0.379,4.734,0.7
20165,2,0.494,3.833,0.588
20166,2,0.426,4.242,0.648
20167,2,0.641,2.673,0.441
20168,2,0.578,3.306,0.516
20169,2,0.398,4.464,0.712
20170,2,0.371,4.579,0.699
20171,2,0.516,3.681,0.563
20172,2,0.523,3.466,0.565
20173,2,0.586,3.048,0.519
20174,2,0.469,4.034,0.667
20175,2,0.531,3.496,0.552
20176,2,0.363,4.487,0.727
20177,2,0.609,2.819,0.504
20178,2,0.33,4.947,0.734
20179,2,0.461,3.861,0.636
20180,2,0.609,2.829,0.497
20181,2,0.578,3.19,0.508
20182,2,0.406,4.25,0.651
20183,2,0.652,2.576,0.433
20184,2,0.309,5.019,0.739
20185,2,0.43,4.194,0.663
20186,2,0.805,1.691,0.264
20187,2,0.322,4.982,0.739
20188,2,0.539,3.305,0.546
20189,2,0.312,5.154,0.76
20190,2,0.633,2.741,0.462
20191,2,0.496,3.692,0.599
20192,2,0.359,4.694,0.717
20193,2,0.453,3.961,0.622
20194,2,0.586,3.109,0.498
20195,2,0.428,4.146,0.668
20196,2,0.539,3.303,0.556
20197,2,0.719,2.27,0.368
20198,2,0.406,4.323,0.683
20199,2,0.562,3.209,0.534
20200,2,0.633,2.591,0.477
20201,2,0.439,4.086,0.639
20202,2,0.609,2.88,0.478
20203,2,0.57,3.203,0.512
20204,2,0.648,2.619,0.438
20205,2,0.391,4.491,0.673
20206,2,0.465,3.929,0.613
20207,2,0.582,3.178,0.501
20208,2,0.625,2.65,0.468
20209,2,0.434,4.069,0.645
20210,2,0.215,6.038,0.865
20211,2,0.5,3.736,0.576
20212,2,0.402,4.397,0.68
20213,2,0.512,3.523,0.575
20214,2,0.484,3.786,0.597
20215,2,0.299,5.048,0.764
20216,2,0.539,3.446,0.552
20217,2,0.504,3.555,0.58
20218,2,0.41,4.274,0.66
20219,2,0.586,2.79,0.504
20220,2,0.641,2.773,0.413
20221,2,0.316,5.11,0.759
20222,2,0.436,4.295,0.656
20223,2,0.471,3.916,0.609
20224,2,0.445,4.149,0.649
20225,2,0.475,3.81,0.619
20226,2,0.418,4.337,0.657
20227,2,0.656,2.58,0.436
20228,2,0.289,5.339,0.771
20229,2,0.441,4.124,0.64
20230,2,0.555,3.257,0.526
20231,2,0.418,4.2,0.664
20232,2,0.277,5.456,0.788
20233,2,0.391,4.329,0.702
20234,2,0.664,2.524,0.447
20235,2,0.355,4.702,0.705
20236,2,0.387,4.439,0.672
20237,2,0.645,2.658,0.459
20238,2,0.562,3.334,0.533
20239,2,0.395,4.379,0.677
20240,2,0.488,3.654,0.6
20241,2,0.562,3.297,0.526
20242,2,0.418,4.165,0.657
20243,2,0.27,5.434,0.777
20244,2,0.547,3.349,0.565
20245,2,0.547,3.237,0.533
20246,2,0.404,4.324,0.697
20247,2,0.578,3.036,0.519
20248,2,0.402,4.363,0.693
20249,2,0.68,2.476,0.397
20250,2,0.586,3.055,0.521
20251,2,0.516,3.579,0.572
20252,2,0.43,4.184,0.649
20253,2,0.738,2.077,0.365
20254,2,0.494,3.661,0.582
20255,2,0.641,2.617,0.459
20256,2,0.486,3.862,0.605
20257,2,0.586,3.04,0.506
20258,2,0.633,2.596,0.469
20259,2,0.523,3.471,0.562
20260,2,0.531,3.461,0.565
20261,2,0.531,3.518,0.562
20262,2,0.387,4.458,0.701
20263,2,0.672,2.357,0.43
20264,2,0.617,2.727,0.475
20265,2,0.527,3.689,0.565
20266,2,0.543,3.294,0.573
20267,2,0.676,2.502,0.425
20268,2,0.484,3.722,0.607
20269,2,0.447,4.045,0.631
20270,2,0.648,2.557,0.439
20271,2,0.352,4.876,0.731
20272,2,0.598,2.909,0.508
20273,2,0.312,4.999,0.758
20274,2,0.402,4.355,0.64
20275,2,0.465,3.867,0.622
20276,2,0.543,3.45,0.564
20277,2,0.336,4.837,0.736
20278,2,0.508,3.493,0.593
20279,2,0.57,3.13,0.517
20280,2,0.223,5.63,0.817
20281,2,0.434,4.17,0.668
20282,2,0.441,4.217,0.66
20283,2,0.703,2.207,0.406
20284,2,0.539,3.149,0.528
20285,2,0.535,3.315,0.569
20286,2,0.453,3.941,0.619
20287,2,0.379,4.509,0.701
20288,2,0.613,2.8,0.474
20289,2,0.508,3.57,0.594
20290,2,0.344,4.889,0.729
20291,2,0.625,2.686,0.456
20292,2,0.641,2.816,0.474
20293,2,0.432,4.14,0.659
20294,2,0.432,4.078,0.651
20295,2,0.465,3.928,0.63
20296,2,0.488,3.929,0.627
20297,2,0.406,4.268,0.678
20298,2,0.578,3.101,0.511
20299,2,0.473,3.851,0.617
20300,2,0.43,4.274,0.652
20301,2,0.742,2.029,0.351
20302,2,0.449,4.081,0.638
20303,2,0.266,5.552,0.787
20304,2,0.469,3.843,0.622
20305,2,0.516,3.562,0.569
20306,2,0.309,5.15,0.754
20307,2,0.512,3.686,0.581
20308,2,0.535,3.424,0.569
20309,2,0.43,4.145,0.658
20310,2,0.547,3.373,0.548
20311,2,0.547,3.482,0.523
20312,2,0.457,3.919,0.635
20313,2,0.664,2.547,0.45
20314,2,0.469,4.066,0.607
20315,2,0.35,4.72,0.726
20316,2,0.586,2.956,0.501
20317,2,0.562,3.226,0.53
20318,2,0.516,3.577,0.584
20319,2,0.621,2.651,0.485
20320,2,0.482,3.764,0.598
20321,2,0.625,2.513,0.46
20322,2,0.383,4.501,0.714
20323,2,0.594,2.818,0.509
20324,2,0.504,3.399,0.589
20325,2,0.418,4.155,0.666
20326,2,0.582,3.123,0.491
20327,2,0.625,2.779,0.477
20328,2,0.52,3.456,0.577
20329,2,0.645,2.647,0.435
20330,2,0.672,2.559,0.455
20331,2,0.523,3.536,0.56
20332,2,0.516,3.633,0.592
20333,2,0.668,2.61,0.43
20334,2,0.555,3.196,0.55
20335,2,0.633,2.498,0.458
20336,2,0.559,3.364,0.52
20337,2,0.641,2.859,0.453
20338,2,0.547,3.433,0.538
20339,2,0.68,2.461,0.412
20340,2,0.355,4.801,0.72
20341,2,0.402,4.427,0.685
20342,2,0.648,2.73,0.45
20343,2,0.582,2.951,0.513
20344,2,0.586,3.203,0.51
20345,2,0.488,3.839,0.573
20346,2,0.463,3.869,0.64
20347,2,0.5,3.7,0.585
20348,2,0.625,2.888,0.472
20349,2,0.621,2.829,0.493
20350,2,0.371,4.618,0.721
20351,2,0.672,2.325,0.443
20352,2,0.602,2.885,0.482
20353,2,0.562,3.247,0.539
20354,2,0.418,4.178,0.656
20355,2,0.439,4.174,0.653
20356,2,0.645,2.713,0.453
20357,2,0.297,5.228,0.777
20358,2,0.375,4.665,0.699
20359,2,0.488,3.754,0.611
20360,2,0.555,3.316,0.552
20361,2,0.42,4.228,0.658
20362,2,0.594,3.094,0.511
20363,2,0.551,3.466,0.538
20364,2,0.547,3.29,0.548
20365,2,0.5,3.628,0.593
20366,2,0.508,3.531,0.592
20367,2,0.621,2.745,0.471
20368,2,0.344,4.784,0.735
20369,2,0.676,2.474,0.424
20370,2,0.625,2.698,0.486
20371,2,0.719,2.32,0.395
20372,2,0.574,3.087,0.539
20373,2,0.418,4.123,0.645
20374,2,0.379,4.615,0.717
20375,2,0.248,5.521,0.816
20376,2,0.477,3.808,0.611
20377,2,0.301,4.951,0.756
20378,2,0.531,3.382,0.576
20379,2,0.305,5.097,0.775
20380,2,0.41,4.53,0.673
20381,2,0.305,5.311,0.75
20382,2,0.357,4.727,0.734
20383,2,0.609,2.694,0.478
20384,2,0.566,3.144,0.531
20385,2,0.285,5.376,0.766
20386,2,0.562,3.299,0.53
20387,2,0.648,2.817,0.454
20388,2,0.52,3.568,0.575
20389,2,0.57,3.16,0.526
20390,2,0.508,3.524,0.569
20391,2,0.52,3.55,0.548
20392,2,0.664,2.253,0.417
20393,2,0.477,3.841,0.615
20394,2,0.391,4.478,0.683
20395,2,1.047,2.818,0.568
20396,2,0.371,4.586,0.689
20397,2,0.301,5.056,0.758
20398,2,0.742,1.925,0.352
20399,2,0.648,2.583,0.429
20400,2,0.293,5.448,0.783
20401,2,0.715,2.122,0.377
20402,2,0.605,3.026,0.494
20403,2,0.531,3.135,0.552
20404,2,0.359,4.683,0.708
20405,2,0.504,3.677,0.597
20406,2,0.598,2.928,0.485
20407,2,0.326,5.0,0.743
20408,2,0.414,4.166,0.665
20409,2,0.512,3.659,0.563
20410,2,0.531,3.588,0.549
20411,2,0.695,2.358,0.392
20412,2,0.57,3.055,0.527
20413,2,0.496,3.739,0.589
20414,2,0.473,3.82,0.617
20415,2,0.688,2.449,0.405
20416,2,0.586,3.122,0.519
20417,2,0.418,4.327,0.66
20418,2,0.438,4.15,0.654
20419,2,0.633,2.771,0.46
20420,2,0.52,3.58,0.583
20421,2,0.625,2.672,0.458
20422,2,0.379,4.566,0.7
20423,2,0.648,2.696,0.443
20424,2,0.602,2.923,0.507
20425,2,0.418,4.151,0.657
20426,2,0.609,2.913,0.497
20427,2,0.586,2.86,0.501
20428,2,0.598,3.12,0.511
20429,2,0.396,4.425,0.679
20430,2,0.395,4.358,0.683
20431,2,0.523,3.594,0.564
20432,2,0.555,3.273,0.547
20433,2,0.305,5.051,0.753
20434,2,0.594,3.193,0.548
20435,2,0.434,4.231,0.653
20436,2,0.707,2.301,0.397
20437,2,0.707,2.352,0.399
20438,2,0.531,3.471,0.552
20439,2,0.719,2.17,0.375
20440,2,0.127,6.818,0.904
20441,2,0.625,2.763,0.462
20442,2,0.586,3.046,0.502
20443,2,0.477,3.787,0.612
20444,2,0.52,3.599,0.566
20445,2,0.355,4.825,0.728
20446,2,0.496,3.671,0.589
20447,2,0.781,1.952,0.306
20448,2,0.758,2.056,0.355
20449,2,0.33,5.001,0.739
20450,2,0.617,2.758,0.493
20451,2,0.527,3.493,0.554
20452,2,0.57,3.269,0.509
20453,2,0.531,3.619,0.551
20454,2,0.453,3.936,0.639
20455,2,0.617,2.833,0.468
20456,2,0.555,3.282,0.535
20457,2,0.445,4.136,0.633
20458,2,0.57,3.015,0.529
20459,2,0.449,4.042,0.635
20460,2,0.245,5.745,0.813
20461,2,0.516,3.433,0.58
20462,2,0.531,3.469,0.541
20463,2,0.535,3.444,0.549
20464,2,0.531,3.306,0.56
20465,2,0.566,3.192,0.511
20466,2,0.354,4.803,0.715
20467,2,0.633,2.771,0.464
20468,2,0.609,2.919,0.51
20469,2,0.473,3.741,0.626
20470,2,0.586,3.016,0.516
20471,2,0.594,3.143,0.519
20472,2,0.453,3.965,0.626
20473,2,0.57,3.175,0.52
20474,2,0.309,5.096,0.772
20475,2,0.377,4.547,0.706
20476,2,0.605,2.867,0.474
20477,2,0.586,3.186,0.5
20478,2,0.516,3.53,0.56
20479,2,0.664,2.571,0.448
20480,2,0.602,2.81,0.506
20481,2,0.252,5.431,0.818
20482,2,0.625,2.805,0.479
20483,2,0.547,3.222,0.553
20484,2,0.586,3.156,0.52
20485,2,0.41,4.365,0.672
20486,2,0.57,3.235,0.52
20487,2,0.699,2.196,0.405
20488,2,0.516,3.599,0.567
20489,2,0.582,3.175,0.495
20490,2,0.742,1.999,0.332
20491,2,0.641,2.711,0.459
20492,2,0.461,3.989,0.63
20493,2,0.543,3.519,0.537
20494,2,0.357,4.637,0.73
20495,2,0.711,2.335,0.402
20496,2,0.547,3.45,0.558
20497,2,0.582,3.054,0.494
20498,2,0.539,3.377,0.549
20499,2,0.224,5.874,0.84
20500,2,0.766,2.05,0.331
20501,2,0.512,3.547,0.58
20502,2,0.609,2.887,0.474
20503,2,0.469,4.081,0.615
20504,2,0.453,4.048,0.638
20505,2,0.562,3.319,0.526
20506,2,0.398,4.39,0.681
20507,2,0.205,6.019,0.839
20508,2,0.656,2.612,0.418
20509,2,0.695,2.506,0.402
20510,2,0.523,3.565,0.573
20511,2,0.57,3.322,0.531
20512,2,0.547,3.191,0.532
20513,2,0.645,2.671,0.452
20514,2,0.617,2.853,0.491
20515,2,0.594,2.925,0.503
20516,2,0.465,3.96,0.622
20517,2,0.625,2.739,0.464
20518,2,0.531,3.408,0.552
20519,2,0.531,3.484,0.555
20520,2,0.436,4.158,0.654
20521,2,0.527,3.516,0.566
20522,2,0.473,3.881,0.609
20523,2,0.389,4.436,0.69
20524,2,0.498,3.846,0.584
20525,2,0.633,2.701,0.465
20526,2,0.645,2.771,0.458
20527,2,0.369,4.595,0.719
20528,2,0.416,4.213,0.667
20529,2,0.5,3.692,0.592
20530,2,0.504,3.525,0.589
20531,2,0.469,3.832,0.634
20532,2,0.42,4.193,0.658
20533,2,0.641,2.71,0.444
20534,2,0.371,4.757,0.718
20535,2,0.361,4.693,0.719
20536,2,0.383,4.543,0.687
20537,2,0.621,2.704,0.466
20538,2,0.719,2.33,0.394
20539,2,0.457,3.912,0.614
20540,2,0.434,4.189,0.66
20541,2,0.35,4.813,0.743
20542,2,0.617,2.696,0.474
20543,2,0.391,4.449,0.7
20544,2,0.652,2.967,0.581
20545,2,0.57,3.268,0.511
20546,2,0.535,3.448,0.552
20547,2,0.5,3.601,0.608
20548,2,0.453,3.824,0.641
20549,2,0.648,2.634,0.445
20550,2,0.451,3.987,0.64
20551,2,0.68,2.405,0.409
20552,2,0.484,3.716,0.592
20553,2,0.555,3.212,0.538
20554,2,0.488,3.89,0.621
20555,2,0.367,4.675,0.714
20556,2,0.652,2.757,0.423
20557,2,0.645,2.853,0.432
20558,2,0.539,3.338,0.552
20559,2,0.57,3.235,0.533
20560,2,0.348,4.739,0.723
20561,2,0.348,4.859,0.731
20562,2,0.641,2.743,0.455
20563,2,0.547,3.234,0.545
20564,2,0.699,2.391,0.388
20565,2,0.594,3.062,0.493
20566,2,0.555,3.256,0.551
20567,2,0.328,4.971,0.748
20568,2,0.418,4.0,0.645
20569,2,0.424,4.236,0.664
20570,2,0.555,3.214,0.55
20571,2,0.453,3.938,0.637
20572,2,0.484,3.64,0.593
20573,2,0.656,2.663,0.44
20574,2,0.609,2.856,0.499
20575,2,0.617,2.772,0.459
20576,2,0.484,3.798,0.613
20577,2,0.531,3.323,0.56
20578,2,0.418,4.046,0.669
20579,2,0.555,3.288,0.535
20580,2,0.566,3.312,0.518
20581,2,0.566,3.096,0.54
20582,2,0.562,3.224,0.524
20583,2,0.475,3.927,0.618
20584,2,0.375,4.632,0.704
20585,2,0.527,3.574,0.562
20586,2,0.22,5.293,0.821
20587,2,0.715,2.152,0.389
20588,2,0.711,2.249,0.399
20589,2,0.598,2.893,0.497
20590,2,0.465,4.075,0.644
20591,2,0.566,3.096,0.538
20592,2,0.359,4.686,0.717
20593,2,0.629,2.901,0.484
20594,2,0.398,4.267,0.674
20595,2,0.555,3.273,0.543
20596,2,0.492,3.787,0.589
20597,2,0.559,3.372,0.537
20598,2,0.609,2.798,0.484
20599,2,0.543,3.332,0.533
20600,2,0.516,3.516,0.572
20601,2,0.613,2.708,0.479
20602,2,0.324,4.983,0.752
20603,2,1.25,1.709,0.504
20604,2,0.711,2.176,0.386
20605,2,0.484,3.674,0.602
20606,2,0.586,3.052,0.523
20607,2,0.586,3.076,0.493
20608,2,0.5,3.564,0.594
20609,2,0.469,3.981,0.631
20610,2,0.496,3.714,0.59
20611,2,0.625,2.869,0.492
20612,2,0.637,2.746,0.454
20613,2,0.562,3.079,0.527
20614,2,0.426,4.239,0.656
20615,2,0.309,5.093,0.769
20616,2,0.637,2.717,0.451
20617,2,0.416,4.121,0.653
20618,2,0.602,3.071,0.496
20619,2,0.355,4.65,0.735
20620,2,0.516,3.526,0.578
20621,2,0.482,3.944,0.61
20622,2,0.434,4.187,0.623
20623,2,0.375,4.676,0.701
20624,2,0.527,3.59,0.55
20625,2,0.426,4.174,0.666
20626,2,0.516,3.487,0.573
20627,2,0.473,3.858,0.611
20628,2,0.531,3.457,0.558
20629,2,0.311,5.053,0.756
20630,2,0.434,4.184,0.663
20631,2,0.371,4.716,0.733
20632,2,0.484,3.605,0.618
20633,2,0.695,2.39,0.397
20634,2,0.434,4.094,0.652
20635,2,0.625,2.719,0.444
20636,2,0.633,2.831,0.474
20637,2,0.332,5.014,0.753
20638,2,0.605,3.558,0.65
20639,2,0.396,4.441,0.673
20640,2,0.578,2.957,0.51
20641,2,0.531,3.495,0.552
20642,2,0.352,4.661,0.726
20643,2,0.523,3.639,0.568
20644,2,0.688,2.388,0.427
20645,2,0.348,4.857,0.743
20646,2,0.727,2.198,0.364
20647,2,0.348,4.847,0.722
20648,2,0.535,3.37,0.538
20649,2,0.52,3.533,0.565
20650,2,0.516,3.453,0.579
20651,2,0.609,2.896,0.465
20652,2,0.641,2.714,0.449
20653,2,0.508,3.582,0.589
20654,2,0.68,2.22,0.401
20655,2,0.672,2.572,0.424
20656,2,0.322,5.126,0.753
20657,2,0.613,2.878,0.468
20658,2,0.402,4.435,0.682
20659,2,0.43,4.28,0.656
20660,2,0.641,2.708,0.465
20661,2,0.266,5.432,0.81
20662,2,0.451,4.087,0.632
20663,2,0.508,3.633,0.577
20664,2,0.484,3.779,0.616
20665,2,0.676,2.644,0.408
20666,2,0.547,3.327,0.533
20667,2,0.4,4.407,0.681
20668,2,0.434,4.261,0.645
20669,2,0.523,3.461,0.568
20670,2,0.402,4.449,0.681
20671,2,0.637,2.724,0.453
20672,2,0.668,2.502,0.434
20673,2,0.406,4.381,0.676
20674,2,0.602,3.096,0.485
20675,2,0.426,4.241,0.663
20676,2,0.273,5.46,0.794
20677,2,0.445,4.04,0.635
20678,2,0.641,2.651,0.462
20679,2,0.637,2.814,0.456
20680,2,0.477,3.809,0.601
20681,2,0.441,4.041,0.644
20682,2,0.652,2.614,0.427
20683,2,0.266,5.526,0.801
20684,2,0.719,2.116,0.402
20685,2,0.453,3.998,0.639
20686,2,0.594,3.011,0.474
20687,2,0.566,3.192,0.541
20688,2,0.469,3.93,0.644
20689,2,0.426,4.143,0.669
20690,2,0.527,3.642,0.577
20691,2,0.475,3.885,0.605
20692,2,0.543,3.401,0.539
20693,2,0.432,4.132,0.651
20694,2,0.4,4.472,0.678
20695,2,0.457,3.931,0.626
20696,2,0.451,4.048,0.652
20697,2,0.672,2.393,0.422
20698,2,0.609,2.775,0.479
20699,2,0.523,3.415,0.553
20700,2,0.336,4.841,0.74
20701,2,0.578,3.105,0.505
20702,2,0.457,3.966,0.629
20703,2,0.398,4.318,0.688
20704,2,0.594,3.043,0.486
20705,2,0.527,3.606,0.563
20706,2,0.381,4.603,0.688
20707,2,0.703,2.3,0.397
20708,2,0.4,4.429,0.672
20709,2,0.451,4.027,0.629
20710,2,0.52,3.579,0.581
20711,2,0.494,3.702,0.607
20712,2,0.562,3.2,0.536
20713,2,0.586,2.873,0.517
20714,2,0.617,2.661,0.471
20715,2,0.465,3.808,0.611
20716,2,0.383,4.571,0.692
20717,2,0.523,3.208,0.542
20718,2,0.562,3.045,0.515
20719,2,0.555,3.125,0.542
20720,2,0.578,2.97,0.53
20721,2,0.473,3.821,0.603
20722,2,0.43,4.211,0.638
20723,2,0.367,4.528,0.711
20724,2,0.477,3.735,0.611
20725,2,0.57,3.276,0.534
20726,2,0.379,4.45,0.696
20727,2,0.59,2.95,0.508
20728,2,0.664,2.501,0.436
20729,2,0.625,2.747,0.465
20730,2,0.488,3.758,0.595
20731,2,0.441,4.159,0.64
20732,2,0.438,3.933,0.656
20733,2,0.547,3.439,0.537
20734,2,0.625,2.966,0.455
20735,2,0.652,2.589,0.451
20736,2,0.504,3.678,0.577
20737,2,0.305,5.427,0.754
20738,2,0.535,3.295,0.55
20739,2,0.439,3.984,0.641
20740,2,0.361,4.802,0.709
20741,2,0.586,3.125,0.513
20742,2,0.5,3.779,0.604
20743,2,0.443,4.133,0.641
20744,2,0.57,3.176,0.519
20745,2,0.396,4.52,0.68
20746,2,0.473,3.889,0.625
20747,2,0.539,3.38,0.565
20748,2,0.625,2.768,0.471
20749,2,0.41,4.254,0.677
20750,2,0.426,4.244,0.669
20751,2,0.523,3.424,0.549
20752,2,0.527,3.535,0.56
20753,2,0.625,2.842,0.477
20754,2,0.672,2.513,0.442
20755,2,0.648,2.746,0.453
20756,2,0.555,3.325,0.531
20757,2,0.797,1.798,0.322
20758,2,0.516,3.491,0.579
20759,2,0.648,2.706,0.45
20760,2,0.625,2.779,0.479
20761,2,0.465,3.753,0.621
20762,2,0.402,4.289,0.697
20763,2,0.641,2.721,0.447
20764,2,0.508,3.707,0.576
20765,2,0.508,3.559,0.578
20766,2,0.402,4.411,0.68
20767,2,0.414,4.327,0.66
20768,2,0.352,4.693,0.735
20769,2,0.48,3.82,0.613
20770,2,0.539,3.475,0.546
20771,2,0.543,3.314,0.547
20772,2,0.586,2.963,0.53
20773,2,0.555,3.323,0.539
20774,2,0.43,4.188,0.679
20775,2,0.562,3.357,0.545
20776,2,0.453,4.011,0.652
20777,2,0.359,4.92,0.713
20778,2,0.602,2.956,0.478
20779,2,0.73,2.087,0.352
20780,2,0.523,3.425,0.582
20781,2,0.57,2.979,0.545
20782,2,0.539,3.277,0.56
20783,2,0.629,2.708,0.495
20784,2,0.445,3.993,0.647
20785,2,0.539,3.463,0.55
20786,2,0.578,2.975,0.521
20787,2,0.434,4.148,0.639
20788,2,0.723,2.228,0.356
20789,2,0.594,2.892,0.503
20790,2,0.555,3.166,0.533
20791,2,0.316,5.083,0.74
20792,2,0.482,3.759,0.608
20793,2,0.555,3.377,0.521
20794,2,0.5,3.693,0.61
20795,2,0.389,4.927,0.682
20796,2,0.512,3.664,0.576
20797,2,0.625,2.785,0.459
20798,2,0.52,3.446,0.57
20799,2,0.598,2.934,0.526
20800,2,0.475,3.748,0.608
20801,2,0.734,2.114,0.364
20802,2,0.766,1.91,0.339
20803,2,0.586,3.299,0.511
20804,2,0.367,4.623,0.7
20805,2,0.602,3.019,0.473
20806,2,0.398,4.48,0.656
20807,2,0.594,2.893,0.493
20808,2,0.461,3.952,0.624
20809,2,0.547,3.227,0.554
20810,2,0.404,4.326,0.67
20811,2,0.566,2.982,0.531
20812,2,0.338,4.85,0.751
20813,2,0.539,3.513,0.552
20814,2,0.492,3.76,0.601
20815,2,0.664,2.631,0.438
20816,2,0.586,2.778,0.502
20817,2,0.473,3.867,0.612
20818,2,0.473,4.04,0.605
20819,2,0.641,2.723,0.457
20820,2,0.625,2.748,0.478
20821,2,0.453,4.013,0.632
20822,2,0.484,3.802,0.617
20823,2,0.309,5.132,0.775
20824,2,0.664,2.466,0.445
20825,2,0.492,3.789,0.599
20826,2,0.426,4.321,0.658
20827,2,0.5,3.782,0.589
20828,2,0.344,5.115,0.741
20829,2,0.375,4.605,0.696
20830,2,0.41,4.245,0.672
20831,2,0.633,2.726,0.471
20832,2,0.531,3.447,0.545
20833,2,0.641,2.741,0.462
20834,2,0.441,3.915,0.639
20835,2,0.586,2.983,0.519
20836,2,0.641,2.666,0.457
20837,2,0.551,3.276,0.554
20838,2,0.66,2.523,0.457
20839,2,0.52,3.418,0.57
20840,2,0.314,5.064,0.76
20841,2,0.594,3.056,0.508
20842,2,0.459,3.952,0.622
20843,2,0.406,4.458,0.67
20844,2,0.691,2.378,0.402
20845,2,0.586,3.231,0.52
20846,2,0.377,4.553,0.703
20847,2,0.578,3.361,0.527
20848,2,0.461,3.874,0.627
20849,2,0.648,2.554,0.453
20850,2,0.463,3.916,0.613
20851,2,0.443,3.983,0.652
20852,2,0.426,4.322,0.658
20853,2,0.328,4.782,0.739
20854,2,0.33,4.855,0.729
20855,2,0.57,3.094,0.537
20856,2,0.432,4.511,0.668
20857,2,0.484,3.601,0.599
20858,2,0.352,4.704,0.72
20859,2,0.527,3.474,0.556
20860,2,0.629,2.639,0.463
20861,2,0.543,3.361,0.55
20862,2,0.605,2.575,0.471
20863,2,0.637,2.776,0.491
20864,2,0.613,2.845,0.484
20865,2,0.516,3.461,0.57
20866,2,0.688,2.519,0.419
20867,2,0.562,3.123,0.526
20868,2,0.559,3.242,0.527
20869,2,0.328,5.15,0.726
20870,2,0.695,2.424,0.407
20871,2,0.391,4.483,0.678
20872,2,0.555,3.28,0.538
20873,2,0.602,3.019,0.518
20874,2,0.602,2.96,0.495
20875,2,0.158,6.682,0.888
20876,2,0.602,3.035,0.496
20877,2,0.543,3.328,0.541
20878,2,0.527,3.415,0.554
20879,2,0.355,4.809,0.726
20880,2,0.566,3.262,0.517
20881,2,0.391,4.53,0.692
20882,2,0.676,2.443,0.418
20883,2,0.504,3.578,0.598
20884,2,0.516,3.432,0.559
20885,2,0.656,2.641,0.426
20886,2,0.57,3.167,0.531
20887,2,0.504,3.665,0.585
20888,2,0.617,2.924,0.49
20889,2,0.469,3.853,0.619
20890,2,0.441,4.018,0.627
20891,2,0.602,3.089,0.499
20892,2,0.574,3.063,0.507
20893,2,0.424,4.19,0.654
20894,2,0.629,2.817,0.444
20895,2,0.617,2.787,0.481
20896,2,0.527,3.235,0.563
20897,2,0.453,4.07,0.641
20898,2,0.457,4.007,0.62
20899,2,0.395,4.316,0.69
20900,2,0.43,4.09,0.64
20901,2,0.305,5.083,0.763
20902,2,0.516,3.659,0.58
20903,2,0.625,2.86,0.471
20904,2,0.785,1.705,0.299
20905,2,0.348,5.069,0.756
20906,2,0.457,3.94,0.615
20907,2,0.652,2.65,0.431
20908,2,0.492,3.469,0.582
20909,2,0.602,2.874,0.48
20910,2,0.389,4.466,0.689
20911,2,0.426,4.045,0.654
20912,2,0.432,4.137,0.648
20913,2,0.328,4.954,0.742
20914,2,0.648,2.617,0.437
20915,2,0.398,4.366,0.693
20916,2,0.527,3.431,0.565
20917,2,0.629,2.603,0.471
20918,2,0.498,3.732,0.591
20919,2,0.471,3.647,0.609
20920,2,0.426,4.113,0.665
20921,2,0.578,3.24,0.513
20922,2,0.465,3.887,0.636
20923,2,0.656,2.564,0.446
20924,2,0.539,3.372,0.538
20925,2,0.539,3.541,0.541
20926,2,0.496,3.789,0.59
20927,2,0.609,2.965,0.473
20928,2,0.457,3.725,0.608
20929,2,0.785,1.783,0.329
20930,2,0.488,3.811,0.611
20931,2,0.543,3.395,0.535
20932,2,0.633,2.744,0.473
20933,2,0.566,3.279,0.526
20934,2,0.574,3.132,0.533
20935,2,0.543,3.525,0.563
20936,2,0.594,2.967,0.491
20937,2,0.656,2.43,0.425
20938,2,0.467,3.853,0.621
20939,2,0.629,2.893,0.494
20940,2,0.531,3.4,0.567
20941,2,0.543,3.392,0.561
20942,2,0.434,4.134,0.657
20943,2,0.664,2.548,0.437
20944,2,0.447,4.073,0.633
20945,2,0.633,2.761,0.475
20946,2,0.291,5.201,0.775
20947,2,0.57,3.227,0.518
20948,2,0.504,3.797,0.567
20949,2,0.605,3.035,0.477
20950,2,0.707,2.391,0.406
20951,2,0.527,3.493,0.554
20952,2,0.477,3.876,0.616
20953,2,0.535,3.358,0.565
20954,2,0.594,3.039,0.5
20955,2,0.57,3.113,0.52
20956,2,0.43,4.237,0.664
20957,2,0.594,3.075,0.503
20958,2,0.488,3.812,0.586
20959,2,0.633,2.742,0.465
20960,2,0.396,4.447,0.693
20961,2,0.605,2.698,0.499
20962,2,0.398,4.486,0.687
20963,2,0.5,3.707,0.589
20964,2,0.652,2.687,0.451
20965,2,0.453,3.914,0.617
20966,2,0.527,3.494,0.566
20967,2,0.383,4.678,0.689
20968,2,0.688,2.484,0.41
20969,2,0.395,4.406,0.677
20970,2,0.57,3.203,0.515
20971,2,0.562,3.435,0.528
20972,2,0.562,3.255,0.534
20973,2,0.664,2.467,0.442
20974,2,0.668,2.471,0.422
20975,2,0.359,4.691,0.725
20976,2,0.578,2.985,0.524
20977,2,0.559,3.34,0.53
20978,2,0.426,4.209,0.645
20979,2,0.52,3.598,0.571
20980,2,0.457,3.573,0.619
20981,2,0.48,3.799,0.689
20982,2,0.426,4.147,0.651
20983,2,0.436,4.087,0.649
20984,2,0.52,3.699,0.559
20985,2,0.625,2.631,0.471
20986,2,0.361,4.81,0.698
20987,2,0.21,6.126,0.852
20988,2,0.758,1.941,0.351
20989,2,0.385,4.488,0.697
20990,2,0.719,2.145,0.393
20991,2,0.539,3.528,0.539
20992,2,0.469,3.782,0.619
20993,2,0.412,4.329,0.67
20994,2,0.586,2.906,0.499
20995,2,0.602,2.985,0.495
20996,2,0.641,2.75,0.463
20997,2,0.543,3.371,0.55
20998,2,0.609,2.912,0.487
20999,2,0.475,3.797,0.624
21000,2,0.453,4.089,0.634
21001,2,0.582,2.969,0.509
21002,2,0.488,3.666,0.609
21003,2,0.559,3.11,0.543
21004,2,0.404,4.571,0.678
21005,2,0.508,3.72,0.598
21006,2,0.285,5.41,0.763
21007,2,0.586,2.941,0.496
21008,2,0.461,3.878,0.624
21009,2,0.516,3.619,0.583
21010,2,0.465,4.053,0.617
21011,2,0.672,2.487,0.424
21012,2,0.633,2.618,0.472
21013,2,0.582,3.188,0.528
21014,2,0.289,5.34,0.78
21015,2,0.57,3.142,0.524
21016,2,0.193,6.102,0.86
21017,2,0.594,3.017,0.499
21018,2,0.547,3.051,0.53
21019,2,0.396,4.401,0.682
21020,2,0.224,5.818,0.835
21021,2,0.322,4.781,0.739
21022,2,0.324,4.875,0.767
21023,2,0.336,5.093,0.736
21024,2,0.5,3.687,0.592
21025,2,0.703,2.167,0.364
21026,2,0.379,4.621,0.671
21027,2,0.438,4.215,0.655
21028,2,0.465,3.905,0.608
21029,2,0.52,3.521,0.562
21030,2,0.523,3.51,0.571
21031,2,0.441,4.124,0.641
21032,2,0.641,2.759,0.458
21033,2,0.4,4.399,0.692
21034,2,0.395,4.51,0.687
21035,2,0.523,3.508,0.561
21036,2,0.523,3.445,0.581
21037,2,0.539,3.371,0.539
21038,2,0.582,2.984,0.497
21039,2,0.59,2.947,0.511
21040,2,0.43,4.124,0.646
21041,2,0.508,3.592,0.572
21042,2,0.641,2.488,0.467
21043,2,0.441,3.788,0.649
21044,2,0.523,3.492,0.568
21045,2,0.641,2.644,0.46
21046,2,0.488,3.779,0.606
21047,2,0.41,4.426,0.677
21048,2,0.516,3.55,0.575
21049,2,0.625,2.54,0.491
21050,2,0.703,2.325,0.399
21051,2,0.551,3.301,0.533
21052,2,0.523,3.607,0.569
21053,2,0.551,3.315,0.539
21054,2,0.605,2.709,0.493
21055,2,0.594,3.14,0.493
21056,2,0.605,2.765,0.503
21057,2,0.469,3.963,0.611
21058,2,0.475,3.949,0.629
21059,2,0.488,3.819,0.618
21060,2,0.225,5.774,0.832
21061,2,0.379,4.495,0.706
21062,2,0.369,4.64,0.717
21063,2,0.5,3.834,0.569
21064,2,0.434,3.78,0.743
21065,2,0.57,3.196,0.513
21066,2,0.637,2.667,0.465
21067,2,0.605,3.063,0.495
21068,2,0.348,4.552,0.673
21069,2,0.465,3.81,0.594
21070,2,0.656,2.727,0.438
21071,2,0.594,2.968,0.498
21072,2,0.562,3.239,0.53
21073,2,0.637,2.803,0.463
21074,2,0.367,4.723,0.715
21075,2,0.68,2.509,0.409
21076,2,0.555,3.177,0.526
21077,2,0.531,3.432,0.558
21078,2,0.594,3.025,0.512
21079,2,0.523,3.428,0.548
21080,2,0.555,3.195,0.546
21081,2,0.496,3.712,0.606
21082,2,0.348,5.167,0.708
21083,2,0.445,4.049,0.634
21084,2,0.367,4.685,0.69
21085,2,0.551,3.37,0.559
21086,2,0.574,3.144,0.521
21087,2,0.445,4.065,0.64
21088,2,0.363,4.502,0.71
21089,2,0.617,2.971,0.49
21090,2,0.416,4.174,0.667
21091,2,0.586,3.064,0.523
21092,2,0.387,4.602,0.683
21093,2,0.656,2.599,0.444
21094,2,0.477,3.932,0.613
21095,2,0.531,3.562,0.555
21096,2,0.209,5.997,0.851
21097,2,0.543,3.397,0.562
21098,2,0.469,3.825,0.616
21099,2,0.441,4.099,0.656
21100,2,0.645,2.704,0.441
21101,2,0.457,4.068,0.637
21102,2,0.348,4.736,0.736
21103,2,0.336,4.905,0.742
21104,2,0.453,4.092,0.638
21105,2,0.586,3.114,0.502
21106,2,0.738,2.195,0.348
21107,2,0.297,5.39,0.758
21108,2,0.5,3.647,0.592
21109,2,0.543,3.295,0.535
21110,2,0.396,4.419,0.69
21111,2,0.482,3.798,0.606
21112,2,0.463,3.957,0.625
21113,2,0.445,4.062,0.635
21114,2,0.695,2.504,0.396
21115,2,0.281,5.289,0.786
21116,2,0.264,5.522,0.8
21117,2,0.453,4.118,0.622
21118,2,0.547,3.493,0.543
21119,2,0.633,2.926,0.466
21120,2,0.559,3.129,0.53
21121,2,0.492,3.635,0.603
21122,2,0.453,3.977,0.63
21123,2,0.512,3.689,0.57
21124,2,0.566,3.259,0.526
21125,2,0.617,2.792,0.472
21126,2,0.625,2.904,0.495
21127,2,0.322,5.164,0.741
21128,2,0.715,2.153,0.379
21129,2,0.637,2.576,0.451
21130,2,0.48,3.877,0.595
21131,2,0.459,4.059,0.625
21132,2,0.172,6.593,0.866
21133,2,0.52,3.483,0.576
21134,2,0.459,4.014,0.631
21135,2,0.543,3.317,0.564
21136,2,0.48,3.867,0.589
21137,2,0.277,5.323,0.794
21138,2,0.359,4.862,0.713
21139,2,0.361,4.627,0.701
21140,2,0.406,4.382,0.671
21141,2,0.547,3.374,0.558
21142,2,0.539,3.229,0.557
21143,2,0.492,3.682,0.596
21144,2,0.516,3.651,0.583
21145,2,0.52,3.473,0.576
21146,2,0.703,2.314,0.419
21147,2,0.539,3.304,0.553
21148,2,0.414,4.249,0.676
21149,2,0.523,3.502,0.563
21150,2,0.625,2.775,0.459
21151,2,0.68,2.475,0.411
21152,2,0.547,3.45,0.561
21153,2,0.369,4.749,0.707
21154,2,0.463,3.869,0.602
21155,2,0.445,4.015,0.632
21156,2,0.695,2.45,0.448
21157,2,0.656,2.58,0.441
21158,2,0.547,3.097,0.529
21159,2,0.57,3.176,0.513
21160,2,0.555,3.132,0.532
21161,2,0.438,4.161,0.633
21162,2,0.645,2.578,0.438
21163,2,0.281,5.155,0.784
21164,2,0.168,6.041,0.853
21165,2,0.59,2.973,0.5
21166,2,0.523,3.563,0.559
21167,2,0.559,3.212,0.543
21168,2,0.449,4.048,0.636
21169,2,0.625,2.775,0.471
21170,2,0.543,3.399,0.552
21171,2,0.332,4.759,0.736
21172,2,0.363,4.539,0.683
21173,2,0.543,3.35,0.555
21174,2,0.355,4.67,0.742
21175,2,0.418,4.303,0.678
21176,2,0.562,3.157,0.526
21177,2,0.578,3.2,0.497
21178,2,0.222,5.428,0.818
21179,2,0.477,3.935,0.61
21180,2,0.293,5.197,0.775
21181,2,0.516,3.575,0.582
21182,2,0.535,3.539,0.555
21183,2,0.402,4.433,0.694
21184,2,0.328,4.718,0.71
21185,2,0.531,3.303,0.558
21186,2,0.609,2.963,0.478
21187,2,0.582,2.985,0.513
21188,2,0.625,2.883,0.474
21189,2,0.504,3.65,0.599
21190,2,0.664,2.573,0.433
21191,2,0.307,5.103,0.759
21192,2,0.475,3.821,0.605
21193,2,0.412,4.242,0.672
21194,2,0.648,2.733,0.44
21195,2,0.602,2.949,0.497
21196,2,0.613,2.829,0.485
21197,2,0.414,4.144,0.661
21198,2,0.406,4.498,0.669
21199,2,0.594,3.143,0.504
21200,2,0.598,2.898,0.508
21201,2,0.426,4.141,0.646
21202,2,0.314,5.001,0.76
21203,2,0.449,4.154,0.643
21204,2,0.547,3.388,0.537
21205,2,0.402,4.467,0.686
21206,2,0.672,2.435,0.438
21207,2,0.395,4.342,0.683
21208,2,0.381,4.527,0.707
21209,2,0.527,3.438,0.559
21210,2,0.504,3.742,0.609
21211,2,0.555,3.182,0.547
21212,2,0.488,3.844,0.606
21213,2,0.602,3.001,0.505
21214,2,0.5,3.764,0.59
21215,2,0.508,3.549,0.591
21216,2,0.475,3.871,0.599
21217,2,0.457,3.904,0.619
21218,2,0.303,4.973,0.766
21219,2,0.516,3.54,0.576
21220,2,0.438,4.028,0.638
21221,2,0.594,2.829,0.502
21222,2,0.539,3.307,0.576
21223,2,0.41,4.254,0.663
21224,2,0.652,2.719,0.44
21225,2,0.598,3.014,0.485
21226,2,0.508,3.611,0.571
21227,2,0.314,5.006,0.767
21228,2,0.535,3.406,0.576
21229,2,0.609,2.949,0.487
21230,2,0.34,4.874,0.744
21231,2,0.676,2.42,0.449
21232,2,0.175,6.361,0.866
21233,2,0.197,6.133,0.849
21234,2,0.543,3.542,0.542
21235,2,0.578,2.992,0.492
21236,2,0.582,3.11,0.531
21237,2,0.625,2.776,0.455
21238,2,0.508,3.565,0.591
21239,2,0.508,3.7,0.58
21240,2,0.531,3.476,0.562
21241,2,0.648,2.566,0.442
21242,2,0.418,4.28,0.661
21243,2,0.473,3.984,0.601
21244,2,0.539,3.43,0.557
21245,2,0.469,3.946,0.614
21246,2,0.277,5.297,0.784
21247,2,0.359,4.584,0.724
21248,2,0.559,3.358,0.538
21249,2,0.52,3.499,0.579
21250,2,0.373,4.681,0.715
21251,2,0.543,3.321,0.544
21252,2,0.508,3.646,0.592
21253,2,0.332,4.983,0.736
21254,2,0.328,5.054,0.744
21255,2,0.254,5.625,0.807
21256,2,0.664,2.622,0.434
21257,2,0.566,3.023,0.534
21258,2,0.641,2.578,0.463
21259,2,0.656,2.525,0.423
21260,2,0.465,3.723,0.639
21261,2,0.363,4.597,0.71
21262,2,0.396,4.172,0.661
21263,2,0.273,5.536,0.792
21264,2,0.424,4.231,0.655
21265,2,0.402,4.796,0.653
21266,2,0.5,3.531,0.592
21267,2,0.531,3.463,0.542
21268,2,0.426,4.186,0.671
21269,2,0.461,3.871,0.618
21270,2,0.52,3.599,0.574
21271,2,0.414,4.352,0.663
21272,2,0.402,4.266,0.675
21273,2,0.633,2.755,0.461
21274,2,0.57,3.043,0.529
21275,2,0.471,3.866,0.611
21276,2,0.516,3.607,0.58
21277,2,0.539,3.419,0.56
21278,2,0.531,3.478,0.561
21279,2,0.342,4.785,0.747
21280,2,0.695,2.129,0.39
21281,2,0.484,3.709,0.608
21282,2,0.547,3.23,0.532
21283,2,0.641,2.627,0.439
21284,2,0.469,3.859,0.615
21285,2,0.562,3.302,0.545
21286,2,0.527,3.303,0.567
21287,2,0.516,3.449,0.582
21288,2,0.449,3.965,0.624
21289,2,0.523,3.347,0.562
21290,2,0.664,2.251,0.42
21291,2,0.664,2.653,0.41
21292,2,0.465,3.887,0.619
21293,2,0.406,4.152,0.668
21294,2,0.447,4.004,0.631
21295,2,0.594,3.137,0.505
21296,2,0.42,4.504,0.724
21297,2,0.5,3.59,0.573
21298,2,0.68,2.426,0.413
21299,2,0.535,3.373,0.561
21300,2,0.535,3.497,0.569
21301,2,0.539,3.271,0.555
21302,2,0.465,3.999,0.619
21303,2,0.625,2.697,0.458
21304,2,0.504,3.535,0.575
21305,2,0.492,3.674,0.592
21306,2,0.625,2.65,0.453
21307,2,0.516,3.005,0.523
21308,2,0.617,3.015,0.478
21309,2,0.359,4.64,0.717
21310,2,0.523,3.517,0.56
21311,2,0.305,5.131,0.765
21312,2,0.516,3.492,0.579
21313,2,0.562,3.25,0.519
21314,2,0.531,3.642,0.545
21315,2,0.508,3.493,0.574
21316,2,0.617,2.815,0.476
21317,2,0.684,2.597,0.39
21318,2,0.422,4.044,0.674
21319,2,0.57,3.0,0.496
21320,2,0.371,4.606,0.711
21321,2,0.613,2.897,0.502
21322,2,0.289,4.991,0.754
21323,2,0.727,2.094,0.358
21324,2,0.508,3.555,0.591
21325,2,0.578,3.368,0.504
21326,2,0.68,2.439,0.435
21327,2,0.361,4.926,0.716
21328,2,0.602,3.143,0.508
21329,2,0.586,3.135,0.498
21330,2,0.547,3.354,0.55
21331,2,0.258,5.557,0.806
21332,2,0.516,3.586,0.569
21333,2,0.641,2.558,0.462
21334,2,0.559,3.364,0.533
21335,2,0.758,1.911,0.346
21336,2,0.633,2.755,0.474
21337,2,0.547,3.209,0.544
21338,2,0.455,3.896,0.64
21339,2,0.443,3.929,0.619
21340,2,0.535,3.271,0.547
21341,2,0.68,2.319,0.401
21342,2,0.531,3.447,0.566
21343,2,0.609,2.891,0.472
21344,2,0.363,4.691,0.728
21345,2,0.43,4.277,0.644
21346,2,0.256,5.68,0.792
21347,2,0.516,3.634,0.582
21348,2,0.637,2.634,0.448
21349,2,0.551,3.245,0.538
21350,2,0.367,4.674,0.72
21351,2,0.555,3.342,0.542
21352,2,0.422,4.262,0.651
21353,2,0.512,3.659,0.573
21354,2,0.473,3.887,0.608
21355,2,0.367,4.61,0.692
21356,2,0.391,4.586,0.683
21357,2,0.609,2.994,0.497
21358,2,0.789,1.81,0.313
21359,2,0.357,4.701,0.709
21360,2,0.451,3.945,0.642
21361,2,0.461,3.873,0.617
21362,2,0.441,4.13,0.648
21363,2,0.391,4.588,0.693
21364,2,0.605,2.794,0.488
21365,2,0.324,4.872,0.753
21366,2,0.299,5.176,0.766
21367,2,0.57,3.232,0.54
21368,2,0.461,3.954,0.613
21369,2,0.562,3.271,0.526
21370,2,0.488,3.832,0.601
21371,2,0.617,2.779,0.472
21372,2,0.512,3.577,0.582
21373,2,0.379,4.608,0.703
21374,2,0.523,3.575,0.549
21375,2,0.426,4.13,0.657
21376,2,0.672,2.565,0.43
21377,2,0.383,4.58,0.696
21378,2,0.508,3.569,0.595
21379,2,0.539,3.104,0.537
21380,2,0.371,4.489,0.72
21381,2,0.465,3.809,0.613
21382,2,0.49,3.711,0.6
21383,2,0.178,6.003,0.854
21384,2,0.652,2.617,0.425
21385,2,0.527,3.486,0.582
21386,2,0.602,3.021,0.49
21387,2,0.578,2.955,0.502
21388,2,0.562,3.262,0.524
21389,2,0.664,2.469,0.417
21390,2,0.648,2.559,0.447
21391,2,0.268,5.317,0.793
21392,2,0.389,4.393,0.691
21393,2,0.494,3.813,0.593
21394,2,0.504,3.682,0.588
21395,2,0.578,3.067,0.522
21396,2,0.57,3.142,0.513
21397,2,0.508,3.644,0.584
21398,2,0.695,2.245,0.411
21399,2,0.559,3.355,0.519
21400,2,0.5,3.718,0.567
21401,2,0.445,3.938,0.644
21402,2,0.523,3.496,0.543
21403,2,0.578,3.015,0.508
21404,2,0.539,3.42,0.543
21405,2,0.535,3.379,0.573
21406,2,0.461,3.952,0.609
21407,2,0.508,3.109,0.524
21408,2,0.605,2.878,0.488
21409,2,0.443,4.124,0.628
21410,2,0.512,3.402,0.588
21411,2,0.484,3.698,0.628
21412,2,0.66,2.608,0.438
21413,2,0.57,2.991,0.533
21414,2,0.695,2.259,0.401
21415,2,0.387,4.4,0.707
21416,2,0.531,3.365,0.573
21417,2,0.449,3.959,0.635
21418,2,0.426,4.21,0.659
21419,2,0.236,5.78,0.824
21420,2,0.438,3.988,0.646
21421,2,0.68,2.396,0.44
21422,2,0.328,4.957,0.751
21423,2,0.414,4.175,0.682
21424,2,0.436,4.171,0.632
21425,2,0.451,4.09,0.635
21426,2,0.273,5.424,0.808
21427,2,0.504,3.536,0.573
21428,2,0.609,2.879,0.482
21429,2,0.531,3.502,0.577
21430,2,0.586,2.924,0.496
21431,2,0.418,4.287,0.662
21432,2,0.578,3.261,0.506
21433,2,0.617,2.953,0.465
21434,2,0.508,3.716,0.585
21435,2,0.617,3.027,0.477
21436,2,0.375,4.589,0.705
21437,2,0.438,4.173,0.635
21438,2,0.375,4.86,0.732
21439,2,0.48,3.628,0.587
21440,2,0.605,3.07,0.485
21441,2,0.488,3.799,0.616
21442,2,0.459,4.029,0.619
21443,2,0.562,3.162,0.521
21444,2,0.43,4.15,0.655
21445,2,0.617,2.891,0.487
21446,2,0.418,4.182,0.669
21447,2,0.457,3.999,0.629
21448,2,0.5,3.757,0.58
21449,2,0.26,5.529,0.794
21450,2,0.633,2.502,0.487
21451,2,0.184,6.303,0.87
21452,2,0.617,2.907,0.496
21453,2,0.594,2.947,0.516
21454,2,0.582,3.071,0.52
21455,2,0.57,3.385,0.502
21456,2,0.387,4.418,0.694
21457,2,0.32,5.074,0.741
21458,2,0.359,4.658,0.715
21459,2,0.609,2.849,0.494
21460,2,0.48,3.797,0.607
21461,2,0.422,4.122,0.659
21462,2,0.602,3.009,0.507
21463,2,0.633,2.683,0.464
21464,2,0.34,4.896,0.748
21465,2,0.555,3.287,0.541
21466,2,0.418,4.267,0.653
21467,2,0.551,3.118,0.522
21468,2,0.559,3.254,0.532
21469,2,0.68,2.42,0.431
21470,2,0.492,3.808,0.597
21471,2,0.488,3.819,0.613
21472,2,0.531,3.347,0.557
21473,2,0.477,3.737,0.604
21474,2,0.594,2.829,0.497
21475,2,0.504,3.589,0.584
21476,2,0.547,3.652,0.558
21477,2,0.461,3.982,0.619
21478,2,0.406,4.265,0.657
21479,2,0.254,5.669,0.799
21480,2,0.547,3.434,0.547
21481,2,0.41,4.469,0.678
21482,2,0.586,3.039,0.504
21483,2,0.582,2.892,0.504
21484,2,0.539,3.355,0.544
21485,2,0.613,2.777,0.459
21486,2,0.648,2.706,0.446
21487,2,0.449,3.95,0.641
21488,2,0.311,5.19,0.773
21489,2,0.617,2.774,0.479
21490,2,0.668,2.536,0.43
21491,2,0.508,3.63,0.591
21492,2,0.52,3.475,0.591
21493,2,0.354,4.634,0.721
21494,2,0.551,3.374,0.547
21495,2,0.226,5.985,0.819
21496,2,0.703,2.174,0.373
21497,2,0.531,3.517,0.544
21498,2,0.379,4.397,0.689
21499,2,0.648,2.648,0.464
21500,2,0.664,2.452,0.431
21501,2,0.348,4.713,0.74
21502,2,0.594,3.048,0.497
21503,2,0.594,2.97,0.513
21504,2,0.391,4.495,0.701
21505,2,0.613,2.672,0.482
21506,2,0.402,4.445,0.681
21507,2,0.609,2.753,0.487
21508,2,0.754,2.038,0.351
21509,2,0.398,4.328,0.683
21510,2,0.633,2.682,0.468
21511,2,0.656,2.659,0.427
21512,2,0.305,4.953,0.764
21513,2,0.484,3.829,0.611
21514,2,0.516,3.613,0.551
21515,2,0.59,3.136,0.502
21516,2,0.594,2.81,0.493
21517,2,0.482,3.851,0.587
21518,2,0.625,2.865,0.483
21519,2,0.648,2.69,0.46
21520,2,0.605,2.84,0.488
21521,2,0.672,2.489,0.418
21522,2,0.453,3.983,0.634
21523,2,0.68,2.448,0.413
21524,2,0.535,3.348,0.55
21525,2,0.609,2.779,0.485
21526,2,0.664,2.517,0.434
21527,2,0.451,3.981,0.626
21528,2,0.535,3.62,0.561
21529,2,0.41,4.282,0.671
21530,2,0.551,3.377,0.545
21531,2,0.406,4.324,0.672
21532,2,0.562,3.023,0.527
21533,2,0.562,3.233,0.534
21534,2,0.5,3.681,0.593
21535,2,0.496,3.676,0.597
21536,2,0.465,3.884,0.616
21537,2,0.432,4.252,0.66
21538,2,0.512,3.727,0.555
21539,2,0.633,2.692,0.463
21540,2,0.68,2.439,0.431
21541,2,0.547,3.354,0.554
21542,2,0.633,2.764,0.471
21543,2,0.0,0.0,0.0
21544,2,0.641,2.649,0.452
21545,2,0.32,5.014,0.754
21546,2,0.258,5.805,0.795
21547,2,0.547,3.388,0.518
21548,2,0.539,3.581,0.557
21549,2,0.664,2.595,0.44
21550,2,0.531,3.455,0.556
21551,2,0.559,3.076,0.527
21552,2,0.418,4.324,0.66
21553,2,0.547,3.046,0.555
21554,2,0.539,3.556,0.547
21555,2,0.734,2.12,0.383
21556,2,0.238,5.497,0.807
21557,2,0.492,3.79,0.604
21558,2,0.494,3.746,0.576
21559,2,0.527,3.371,0.557
21560,2,0.516,3.349,0.561
21561,2,0.672,2.432,0.433
21562,2,0.547,3.266,0.514
21563,2,0.348,4.703,0.714
21564,2,0.441,4.012,0.655
21565,2,0.414,4.339,0.66
21566,2,0.408,4.256,0.668
21567,2,0.652,2.641,0.451
21568,2,0.426,4.298,0.662
21569,2,0.361,4.765,0.712
21570,2,0.262,5.331,0.792
21571,2,0.389,4.548,0.695
21572,2,0.48,3.692,0.613
21573,2,0.59,2.942,0.499
21574,2,0.625,2.558,0.473
21575,2,0.43,4.102,0.645
21576,2,0.492,3.718,0.603
21577,2,0.531,3.584,0.556
21578,2,0.621,2.85,0.465
21579,2,0.672,2.397,0.444
21580,2,0.543,3.25,0.546
21581,2,0.574,3.16,0.516
21582,2,0.48,3.994,0.593
21583,2,0.562,3.27,0.526
21584,2,0.52,3.532,0.581
21585,2,0.621,2.639,0.48
21586,2,0.641,2.678,0.461
21587,2,0.348,4.743,0.734
21588,2,0.664,2.518,0.431
21589,2,0.57,3.204,0.529
21590,2,0.59,2.848,0.507
21591,2,0.475,3.767,0.62
21592,2,0.268,5.331,0.798
21593,2,0.656,2.526,0.422
21594,2,0.609,2.683,0.488
21595,2,0.371,4.602,0.712
21596,2,0.523,3.464,0.574
21597,2,0.594,3.241,0.514
21598,2,0.562,3.382,0.533
21599,2,0.469,3.893,0.623
21600,2,0.578,3.079,0.531
21601,2,0.531,3.536,0.564
21602,2,0.648,2.709,0.448
21603,2,0.602,2.828,0.496
21604,2,0.617,2.814,0.479
21605,2,0.535,3.365,0.538
21606,2,0.453,4.004,0.632
21607,2,0.586,3.032,0.529
21608,2,0.49,3.672,0.591
21609,2,0.523,3.447,0.557
21610,2,0.438,4.086,0.64
21611,2,0.438,4.033,0.644
21612,2,0.633,2.464,0.457
21613,2,0.488,3.721,0.6
21614,2,0.609,2.843,0.468
21615,2,0.375,4.479,0.699
21616,2,0.336,5.134,0.737
21617,2,0.414,4.176,0.662
21618,2,0.289,5.576,0.787
21619,2,0.438,4.123,0.636
21620,2,0.164,6.595,0.867
21621,2,0.42,4.078,0.673
21622,2,0.467,3.981,0.619
21623,2,0.43,4.213,0.641
21624,2,0.365,4.712,0.718
21625,2,0.527,3.484,0.551
21626,2,0.289,5.234,0.776
21627,2,0.188,6.337,0.864
21628,2,0.516,3.67,0.56
21629,2,0.547,3.335,0.548
21630,2,0.523,3.564,0.567
21631,2,0.648,2.673,0.424
21632,2,0.57,3.143,0.514
21633,2,0.539,3.474,0.558
21634,2,0.48,3.822,0.602
21635,2,0.758,2.078,0.345
21636,2,0.504,3.432,0.551
21637,2,0.543,3.295,0.551
21638,2,0.617,2.709,0.499
21639,2,0.566,3.131,0.527
21640,2,0.445,4.036,0.643
21641,2,0.602,2.893,0.495
21642,2,0.617,2.873,0.457
21643,2,0.621,3.364,0.554
21644,2,0.473,3.855,0.617
21645,2,0.625,2.854,0.475
21646,2,0.227,5.765,0.826
21647,2,0.605,2.708,0.49
21648,2,0.648,2.46,0.447
21649,2,0.486,3.677,0.596
21650,2,0.539,3.377,0.557
21651,2,0.445,4.102,0.648
21652,2,0.617,3.014,0.485
21653,2,0.621,2.82,0.461
21654,2,0.719,2.081,0.365
21655,2,0.633,2.779,0.466
21656,2,0.547,3.337,0.55
21657,2,0.314,4.948,0.754
21658,2,0.641,2.5,0.459
21659,2,0.59,3.193,0.485
21660,2,0.412,4.254,0.67
21661,2,0.531,3.533,0.546
21662,2,0.393,4.293,0.683
21663,2,0.574,3.01,0.53
21664,2,0.391,4.513,0.698
21665,2,0.402,4.194,0.668
21666,2,0.354,4.721,0.731
21667,2,0.48,3.705,0.584
21668,2,0.422,4.232,0.66
21669,2,0.574,3.274,0.51
21670,2,0.5,3.688,0.597
21671,2,0.498,3.611,0.598
21672,2,0.398,4.383,0.681
21673,2,0.131,6.903,0.902
21674,2,0.594,2.992,0.485
21675,2,0.289,5.626,0.772
21676,2,0.166,6.37,0.894
21677,2,0.527,3.316,0.56
21678,2,0.486,3.811,0.591
21679,2,0.494,3.869,0.596
21680,2,0.512,3.496,0.585
21681,2,0.605,2.868,0.479
21682,2,0.434,4.064,0.638
21683,2,0.297,5.224,0.757
21684,2,0.535,3.442,0.53
21685,2,0.48,3.908,0.586
21686,2,0.449,3.964,0.637
21687,2,0.68,2.379,0.421
21688,2,0.586,3.042,0.513
21689,2,0.32,5.054,0.751
21690,2,0.539,3.266,0.544
21691,2,0.648,2.704,0.455
21692,2,0.59,3.194,0.511
21693,2,0.439,3.96,0.631
21694,2,0.547,3.446,0.545
21695,2,0.523,3.492,0.588
21696,2,0.52,3.585,0.578
21697,2,0.516,3.433,0.571
21698,2,0.312,4.97,0.746
21699,2,0.57,3.181,0.528
21700,2,0.33,4.881,0.746
21701,2,0.449,4.057,0.622
21702,2,0.498,3.772,0.59
21703,2,0.484,3.794,0.615
21704,2,0.664,2.527,0.435
21705,2,0.535,3.287,0.56
21706,2,0.598,3.003,0.507
21707,2,0.625,2.815,0.464
21708,2,0.402,4.59,0.682
21709,2,0.648,2.619,0.461
21710,2,0.202,6.176,0.829
21711,2,0.531,3.257,0.558
21712,2,0.531,3.56,0.545
21713,2,0.5,3.676,0.592
21714,2,0.334,4.931,0.725
21715,2,0.496,3.424,0.55
21716,2,0.625,2.749,0.478
21717,2,0.355,4.737,0.722
21718,2,0.617,2.784,0.48
21719,2,0.414,4.192,0.654
21720,2,0.531,3.231,0.566
21721,2,0.602,3.118,0.491
21722,2,0.398,4.363,0.672
21723,2,0.445,4.044,0.641
21724,2,0.504,3.652,0.578
21725,2,0.068,7.428,0.945
21726,2,0.633,2.809,0.474
21727,2,0.633,2.635,0.461
21728,2,0.727,2.205,0.39
21729,2,0.254,5.478,0.805
21730,2,0.656,2.652,0.434
21731,2,0.66,2.508,0.43
21732,2,0.52,3.621,0.576
21733,2,0.414,3.825,0.629
21734,2,0.504,3.631,0.588
21735,2,0.609,2.841,0.48
21736,2,0.508,3.707,0.574
21737,2,0.633,2.582,0.454
21738,2,0.648,2.712,0.424
21739,2,0.504,3.545,0.56
21740,2,0.477,3.858,0.599
21741,2,0.473,4.128,0.611
21742,2,0.371,4.584,0.705
21743,2,0.75,1.963,0.34
21744,2,0.672,2.413,0.421
21745,2,0.578,3.11,0.508
21746,2,0.418,4.36,0.674
21747,2,0.68,2.517,0.417
21748,2,0.426,4.366,0.663
21749,2,0.309,5.046,0.756
21750,2,0.516,3.409,0.573
21751,2,0.488,3.789,0.585
21752,2,0.461,4.012,0.615
21753,2,0.43,4.173,0.653
21754,2,0.68,2.35,0.409
21755,2,0.463,4.039,0.624
21756,2,0.484,3.721,0.612
21757,2,0.375,4.553,0.719
21758,2,0.57,3.321,0.512
21759,2,0.586,3.028,0.517
21760,2,0.486,3.821,0.601
21761,2,0.363,4.604,0.706
21762,2,0.465,3.912,0.61
21763,2,0.531,3.49,0.552
21764,2,0.48,3.49,0.603
21765,2,0.656,2.585,0.419
21766,2,0.523,3.504,0.563
21767,2,0.355,4.681,0.717
21768,2,0.342,5.031,0.735
21769,2,0.59,2.957,0.516
21770,2,0.504,3.652,0.598
21771,2,0.273,5.336,0.785
21772,2,0.664,2.617,0.442
21773,2,0.264,5.473,0.801
21774,2,0.637,2.644,0.442
21775,2,0.473,3.751,0.611
21776,2,0.445,4.085,0.644
21777,2,0.508,3.616,0.586
21778,2,0.453,4.019,0.625
21779,2,0.648,2.459,0.457
21780,2,0.426,4.156,0.64
21781,2,0.336,4.877,0.74
21782,2,0.504,3.691,0.576
21783,2,0.605,2.827,0.483
21784,2,0.664,2.464,0.455
21785,2,0.609,2.994,0.491
21786,2,0.562,3.058,0.54
21787,2,0.516,3.575,0.576
21788,2,0.482,3.757,0.591
21789,2,0.488,3.875,0.625
21790,2,0.527,3.297,0.554
21791,2,0.484,3.79,0.609
21792,2,0.469,3.656,0.607
21793,2,0.633,2.852,0.455
21794,2,0.609,2.796,0.491
21795,2,0.207,6.158,0.837
21796,2,0.218,5.812,0.846
21797,2,0.605,2.985,0.479
21798,2,0.559,3.289,0.529
21799,2,0.531,3.312,0.57
21800,2,0.73,2.156,0.366
21801,2,0.562,3.127,0.556
21802,2,0.371,4.578,0.706
21803,2,0.562,3.322,0.552
21804,2,0.359,4.573,0.719
21805,2,0.453,4.187,0.636
21806,2,0.273,5.401,0.795
21807,2,0.43,4.176,0.651
21808,2,0.352,4.726,0.73
21809,2,0.363,4.617,0.702
21810,2,0.527,3.443,0.567
21811,2,0.398,4.52,0.68
21812,2,0.512,3.677,0.554
21813,2,0.57,3.243,0.515
21814,2,0.504,3.63,0.589
21815,2,0.508,3.599,0.582
21816,2,0.305,5.052,0.774
21817,2,0.57,3.137,0.512
21818,2,0.5,3.505,0.58
21819,2,0.188,6.23,0.858
21820,2,0.504,3.726,0.578
21821,2,0.527,3.281,0.557
21822,2,0.512,3.693,0.584
21823,2,0.586,3.177,0.522
21824,2,0.656,2.638,0.437
21825,2,0.262,5.198,0.781
21826,2,0.293,5.215,0.789
21827,2,0.539,3.557,0.553
21828,2,0.201,6.078,0.849
21829,2,0.586,3.137,0.523
21830,2,0.531,3.305,0.564
21831,2,0.305,5.133,0.772
21832,2,0.406,4.565,0.691
21833,2,0.461,3.859,0.621
21834,2,0.516,3.684,0.577
21835,2,0.232,5.621,0.811
21836,2,0.609,2.96,0.5
21837,2,0.395,4.529,0.698
21838,2,0.711,2.175,0.369
21839,2,0.598,2.85,0.472
21840,2,0.434,4.228,0.649
21841,2,0.48,3.81,0.609
21842,2,0.594,2.868,0.487
21843,2,0.396,4.362,0.677
21844,2,0.473,3.794,0.601
21845,2,0.422,4.262,0.654
21846,2,0.523,3.472,0.573
21847,2,0.438,3.959,0.633
21848,2,0.512,3.603,0.569
21849,2,0.531,3.373,0.563
21850,2,0.438,4.156,0.645
21851,2,0.385,4.444,0.701
21852,2,0.395,4.37,0.683
21853,2,0.555,3.176,0.549
21854,2,0.535,3.405,0.55
21855,2,0.602,2.761,0.514
21856,2,0.152,6.593,0.89
21857,2,0.422,4.295,0.647
21858,2,0.408,4.245,0.684
21859,2,0.34,4.898,0.736
21860,2,0.461,3.921,0.623
21861,2,0.562,3.251,0.538
21862,2,0.523,3.509,0.567
21863,2,0.453,4.099,0.63
21864,2,0.359,4.767,0.71
21865,2,0.656,2.666,0.448
21866,2,0.426,4.31,0.716
21867,2,0.449,4.116,0.653
21868,2,0.691,2.295,0.409
21869,2,0.562,3.207,0.533
21870,2,0.648,2.554,0.442
21871,2,0.445,4.144,0.638
21872,2,0.543,3.346,0.553
21873,2,0.406,4.342,0.682
21874,2,0.52,3.79,0.568
21875,2,0.555,3.321,0.547
21876,2,0.482,3.972,0.587
21877,2,0.547,3.394,0.559
21878,2,0.652,2.499,0.454
21879,2,0.48,3.766,0.618
21880,2,0.645,2.571,0.453
21881,2,0.617,2.825,0.493
21882,2,0.432,4.137,0.645
21883,2,0.562,3.203,0.513
21884,2,0.602,3.099,0.522
21885,2,0.516,3.456,0.56
21886,2,0.449,4.154,0.647
21887,2,0.443,4.081,0.64
21888,2,0.375,4.618,0.71
21889,2,0.641,2.647,0.443
21890,2,0.625,2.865,0.493
21891,2,0.559,3.115,0.533
21892,2,0.471,3.981,0.622
21893,2,0.434,4.096,0.654
21894,2,0.428,4.17,0.652
21895,2,0.402,4.354,0.679
21896,2,0.422,4.251,0.665
21897,2,0.367,4.671,0.714
21898,2,0.641,2.627,0.462
21899,2,0.641,2.674,0.452
21900,2,0.416,4.182,0.679
21901,2,0.625,2.708,0.467
21902,2,0.273,5.409,0.794
21903,2,0.727,2.167,0.387
21904,2,0.539,3.362,0.568
21905,2,0.609,2.981,0.49
21906,2,0.523,3.445,0.554
21907,2,0.5,3.569,0.583
21908,2,0.369,4.773,0.695
21909,2,0.77,1.909,0.337
21910,2,0.477,3.364,0.565
21911,2,0.215,6.073,0.834
21912,2,0.562,3.258,0.544
21913,2,0.488,3.927,0.605
21914,2,0.617,2.688,0.471
21915,2,0.438,4.091,0.664
21916,2,0.652,2.622,0.435
21917,2,0.461,3.919,0.61
21918,2,0.684,2.554,0.421
21919,2,0.385,4.592,0.698
21920,2,0.66,2.642,0.425
21921,2,0.508,3.646,0.589
21922,2,0.594,2.949,0.49
21923,2,0.531,3.566,0.55
21924,2,0.539,3.382,0.553
21925,2,0.555,3.085,0.548
21926,2,0.34,4.637,0.719
21927,2,0.543,3.448,0.562
21928,2,0.562,3.154,0.53
21929,2,0.562,3.328,0.521
21930,2,0.523,3.558,0.567
21931,2,0.463,3.875,0.608
21932,2,0.602,3.124,0.489
21933,2,0.328,4.955,0.75
21934,2,0.66,2.606,0.451
21935,2,0.426,4.114,0.651
21936,2,0.508,3.584,0.575
21937,2,0.441,4.216,0.645
21938,2,0.551,3.428,0.535
21939,2,0.492,3.849,0.577
21940,2,0.578,2.955,0.52
21941,2,0.598,2.706,0.515
21942,2,0.398,4.117,0.65
21943,2,0.715,2.256,0.387
21944,2,0.457,4.055,0.622
21945,2,0.338,4.891,0.719
21946,2,0.562,3.394,0.523
21947,2,0.441,4.037,0.651
21948,2,0.535,3.567,0.554
21949,2,0.488,3.705,0.601
21950,2,0.359,4.732,0.708
21951,2,0.551,3.333,0.541
21952,2,0.352,4.945,0.732
21953,2,0.555,3.19,0.535
21954,2,0.547,3.329,0.564
21955,2,0.379,4.479,0.686
21956,2,0.488,3.828,0.605
21957,2,0.387,4.66,0.682
21958,2,0.664,2.44,0.453
21959,2,0.402,4.356,0.682
21960,2,0.523,3.572,0.558
21961,2,0.494,3.645,0.594
21962,2,0.465,4.074,0.628
21963,2,0.504,3.667,0.584
21964,2,0.578,3.14,0.523
21965,2,0.43,4.033,0.655
21966,2,0.297,5.292,0.766
21967,2,0.49,3.731,0.602
21968,2,0.68,2.586,0.43
21969,2,0.438,4.295,0.647
21970,2,0.496,3.713,0.609
21971,2,0.469,3.88,0.62
21972,2,0.225,5.432,0.811
21973,2,0.586,2.986,0.508
21974,2,0.512,3.46,0.576
21975,2,0.404,4.369,0.682
21976,2,0.586,3.216,0.494
21977,2,0.625,2.699,0.481
21978,2,0.316,5.042,0.759
21979,2,0.41,4.374,0.669
21980,2,0.641,2.791,0.462
21981,2,0.328,4.909,0.742
21982,2,0.281,5.258,0.781
21983,2,0.5,3.67,0.581
21984,2,0.318,5.007,0.75
21985,2,0.543,3.092,0.539
21986,2,0.531,3.493,0.572
21987,2,0.547,3.355,0.569
21988,2,0.559,3.407,0.54
21989,2,0.578,3.113,0.5
21990,2,0.459,4.076,0.64
21991,2,0.547,3.095,0.533
21992,2,0.598,3.093,0.497
21993,2,0.68,2.314,0.446
21994,2,0.586,3.017,0.52
21995,2,0.453,3.957,0.636
21996,2,0.52,3.388,0.556
21997,2,0.426,4.262,0.668
21998,2,0.475,3.972,0.604
21999,2,0.48,3.667,0.605
22000,2,0.418,4.475,0.662
22001,2,0.625,2.653,0.474
22002,2,0.629,2.817,0.462
22003,2,0.676,2.423,0.419
22004,2,0.494,3.631,0.587
22005,2,0.385,4.337,0.695
22006,2,0.488,3.388,0.544
22007,2,0.512,3.604,0.578
22008,2,0.531,3.476,0.557
22009,2,0.57,3.166,0.524
22010,2,0.395,4.44,0.698
22011,2,0.609,2.939,0.493
22012,2,0.375,4.596,0.69
22013,2,0.57,2.937,0.511
22014,2,0.535,3.401,0.559
22015,2,0.496,3.761,0.592
22016,2,0.555,3.359,0.533
22017,2,0.381,4.573,0.692
22018,2,0.371,4.684,0.706
22019,2,0.414,4.074,0.663
22020,2,0.719,2.001,0.386
22021,2,0.441,4.094,0.646
22022,2,0.633,2.63,0.45
22023,2,0.578,3.056,0.501
22024,2,0.551,3.222,0.545
22025,2,0.645,2.749,0.433
22026,2,0.637,2.711,0.486
22027,2,0.455,4.109,0.613
22028,2,0.516,3.351,0.577
22029,2,0.469,3.983,0.613
22030,2,0.328,4.932,0.732
22031,2,0.547,3.304,0.555
22032,2,0.648,2.616,0.451
22033,2,0.621,2.688,0.471
22034,2,0.523,3.439,0.576
22035,2,0.555,3.159,0.518
22036,2,0.301,5.258,0.773
22037,2,0.66,2.587,0.424
22038,2,0.122,6.813,0.905
22039,2,0.484,3.779,0.597
22040,2,0.559,3.304,0.542
22041,2,0.633,2.723,0.459
22042,2,0.578,3.12,0.524
22043,2,0.357,4.718,0.728
22044,2,0.324,4.93,0.739
22045,2,0.475,3.721,0.615
22046,2,0.465,3.968,0.616
22047,2,0.68,2.467,0.411
22048,2,0.512,3.558,0.585
22049,2,0.441,4.018,0.65
22050,2,0.336,4.85,0.734
22051,2,0.543,3.212,0.538
22052,2,0.625,2.603,0.45
22053,2,0.328,4.943,0.738
22054,2,0.451,4.067,0.642
22055,2,0.453,3.904,0.645
22056,2,0.578,3.071,0.51
22057,2,0.633,2.638,0.473
22058,2,0.422,4.245,0.64
22059,2,0.66,2.672,0.448
22060,2,0.361,4.673,0.705
22061,2,0.273,5.399,0.792
22062,2,0.418,3.845,0.623
22063,2,0.418,4.342,0.668
22064,2,0.648,2.664,0.442
22065,2,0.344,4.884,0.72
22066,2,0.684,2.541,0.421
22067,2,0.482,3.93,0.585
22068,2,0.602,2.937,0.475
22069,2,0.656,2.484,0.432
22070,2,0.406,4.373,0.668
22071,2,0.463,3.935,0.616
22072,2,0.422,4.211,0.653
22073,2,0.441,4.147,0.662
22074,2,0.625,2.848,0.457
22075,2,0.578,2.976,0.532
22076,2,0.562,3.296,0.533
22077,2,0.691,2.413,0.406
22078,2,0.602,2.879,0.478
22079,2,0.484,3.886,0.603
22080,2,0.346,4.887,0.723
22081,2,0.613,2.754,0.473
22082,2,0.484,3.641,0.602
22083,2,0.134,6.821,0.905
22084,2,0.762,2.013,0.326
22085,2,0.234,5.665,0.823
22086,2,0.516,3.453,0.576
22087,2,0.586,3.082,0.519
22088,2,0.375,4.477,0.715
22089,2,0.438,4.082,0.644
22090,2,0.379,4.539,0.689
22091,2,0.57,2.931,0.516
22092,2,0.453,3.949,0.614
22093,2,0.248,5.563,0.801
22094,2,0.578,3.127,0.536
22095,2,0.555,3.324,0.534
22096,2,0.48,3.779,0.619
22097,2,0.578,3.163,0.515
22098,2,0.512,3.568,0.58
22099,2,0.625,2.73,0.489
22100,2,0.547,3.311,0.549
22101,2,0.461,4.203,0.635
22102,2,0.373,4.633,0.704
22103,2,0.539,3.332,0.566
22104,2,0.32,5.023,0.756
22105,2,0.387,4.776,0.67
22106,2,0.539,3.488,0.568
22107,2,0.527,3.465,0.571
22108,2,0.449,4.166,0.645
22109,2,0.562,3.156,0.53
22110,2,0.309,5.29,0.736
22111,2,0.586,2.991,0.5
22112,2,0.574,3.13,0.51
22113,2,0.432,4.198,0.661
22114,2,0.68,2.428,0.41
22115,2,0.559,3.276,0.541
22116,2,0.428,4.243,0.657
22117,2,0.605,2.888,0.494
22118,2,0.543,3.274,0.54
22119,2,0.512,3.379,0.574
22120,2,0.621,2.842,0.453
22121,2,0.711,2.194,0.402
22122,2,0.445,4.005,0.632
22123,2,0.373,4.579,0.695
22124,2,0.602,2.932,0.512
22125,2,0.469,3.733,0.634
22126,2,0.357,5.01,0.713
22127,2,0.41,4.37,0.674
22128,2,0.727,2.201,0.383
22129,2,0.43,3.689,0.619
22130,2,0.594,2.997,0.508
22131,2,0.422,4.275,0.643
22132,2,0.348,4.797,0.727
22133,2,0.465,4.028,0.62
22134,2,0.402,4.407,0.676
22135,2,0.609,2.893,0.493
22136,2,0.672,2.535,0.401
22137,2,0.369,4.558,0.691
22138,2,0.605,2.838,0.484
22139,2,0.455,4.152,0.618
22140,2,0.5,3.656,0.573
22141,2,0.625,2.481,0.448
22142,2,0.711,2.363,0.395
22143,2,0.459,3.963,0.629
22144,2,0.59,3.127,0.495
22145,2,0.602,3.061,0.485
22146,2,0.648,2.61,0.443
22147,2,0.494,3.797,0.591
22148,2,0.641,2.39,0.462
22149,2,0.492,3.725,0.604
22150,2,0.418,4.273,0.669
22151,2,0.232,5.507,0.819
22152,2,0.562,3.155,0.54
22153,2,0.703,2.142,0.397
22154,2,0.479,3.369,0.572
22155,2,0.68,2.43,0.408
22156,2,0.523,3.515,0.55
22157,2,0.42,4.248,0.659
22158,2,0.199,6.087,0.847
22159,2,0.539,3.348,0.554
22160,2,0.57,3.087,0.541
22161,2,0.715,2.123,0.377
22162,2,0.254,5.479,0.807
22163,2,0.559,3.233,0.538
22164,2,0.574,3.26,0.516
22165,2,0.59,3.005,0.489
22166,2,0.449,3.979,0.632
22167,2,0.361,4.714,0.704
22168,2,0.602,2.843,0.495
22169,2,0.508,3.585,0.57
22170,2,0.578,3.212,0.509
22171,2,0.543,3.337,0.555
22172,2,0.371,4.622,0.719
22173,2,0.711,2.204,0.37
22174,2,0.594,2.925,0.506
22175,2,0.578,3.154,0.493
22176,2,0.535,3.458,0.557
22177,2,0.516,3.554,0.555
22178,2,0.586,3.068,0.522
22179,2,0.412,4.388,0.666
22180,2,0.984,2.062,0.402
22181,2,0.361,4.651,0.701
22182,2,0.383,4.531,0.694
22183,2,0.641,2.581,0.465
22184,2,0.574,3.13,0.528
22185,2,0.633,2.777,0.446
22186,2,0.396,4.431,0.689
22187,2,0.633,2.829,0.471
22188,2,0.609,2.724,0.496
22189,2,0.578,3.189,0.489
22190,2,0.359,4.691,0.708
22191,2,0.406,4.274,0.667
22192,2,0.457,3.966,0.624
22193,2,0.443,4.161,0.635
22194,2,0.527,3.525,0.555
22195,2,0.555,3.316,0.537
22196,2,0.447,3.905,0.64
22197,2,0.695,2.326,0.387
22198,2,0.641,2.541,0.466
22199,2,0.711,2.189,0.387
22200,2,0.672,2.387,0.422
22201,2,0.469,3.968,0.607
22202,2,0.512,3.813,0.578
22203,2,0.531,3.334,0.548
22204,2,0.617,2.957,0.495
22205,2,0.465,4.044,0.615
22206,2,0.547,3.289,0.547
22207,2,0.551,3.281,0.552
22208,2,0.605,3.225,0.468
22209,2,0.266,5.55,0.8
22210,2,0.391,4.458,0.692
22211,2,0.625,2.695,0.46
22212,2,0.562,3.216,0.53
22213,2,0.633,2.709,0.479
22214,2,0.508,3.574,0.567
22215,2,0.48,3.8,0.59
22216,2,0.633,2.794,0.453
22217,2,0.531,3.467,0.554
22218,2,0.574,3.184,0.507
22219,2,0.48,3.662,0.62
22220,2,0.641,2.499,0.456
22221,2,0.609,2.921,0.469
22222,2,0.398,4.324,0.671
22223,2,0.449,4.02,0.642
22224,2,0.559,3.25,0.529
22225,2,0.496,3.514,0.587
22226,2,0.602,2.963,0.495
22227,2,0.605,2.939,0.482
22228,2,0.598,2.949,0.5
22229,2,0.173,6.446,0.888
22230,2,0.393,4.491,0.684
22231,2,0.625,2.763,0.464
22232,2,0.438,4.058,0.648
22233,2,0.426,4.3,0.668
22234,2,0.531,3.443,0.546
22235,2,0.445,4.169,0.632
22236,2,0.602,3.008,0.488
22237,2,0.578,3.129,0.533
22238,2,0.539,3.348,0.554
22239,2,0.676,2.37,0.421
22240,2,0.648,2.7,0.447
22241,2,0.512,3.489,0.579
22242,2,0.562,3.159,0.513
22243,2,0.625,2.662,0.473
22244,2,0.68,2.368,0.419
22245,2,0.531,3.531,0.562
22246,2,0.461,3.653,0.626
22247,2,0.539,3.375,0.542
22248,2,0.438,4.053,0.647
22249,2,0.562,3.144,0.539
22250,2,0.453,4.021,0.627
22251,2,0.527,3.398,0.57
22252,2,0.723,2.061,0.384
22253,2,0.512,3.569,0.561
22254,2,0.5,3.684,0.59
22255,2,0.523,3.29,0.56
22256,2,0.508,3.652,0.579
22257,2,0.527,3.399,0.561
22258,2,0.57,2.97,0.496
22259,2,0.309,5.293,0.754
22260,2,0.547,3.184,0.554
22261,2,0.475,3.903,0.611
22262,2,0.508,3.591,0.56
22263,2,0.416,4.27,0.678
22264,2,0.625,2.666,0.475
22265,2,0.539,3.446,0.546
22266,2,0.578,3.106,0.529
22267,2,0.516,3.554,0.575
22268,2,0.457,3.882,0.625
22269,2,0.479,3.792,0.6
22270,2,0.324,4.909,0.74
22271,2,0.324,5.077,0.744
22272,2,0.527,3.498,0.551
22273,2,0.59,3.158,0.504
22274,2,0.617,2.883,0.498
22275,2,0.613,2.898,0.456
22276,2,0.35,4.713,0.721
22277,2,0.672,2.464,0.434
22278,2,0.299,5.22,0.775
22279,2,0.25,5.501,0.808
22280,2,0.664,2.405,0.443
22281,2,0.445,4.12,0.619
22282,2,0.48,3.916,0.6
22283,2,0.547,3.37,0.552
22284,2,0.672,2.518,0.429
22285,2,0.488,3.58,0.584
22286,2,0.113,6.991,0.913
22287,2,0.57,3.269,0.519
22288,2,0.648,2.696,0.438
22289,2,0.699,2.288,0.411
22290,2,0.338,4.872,0.738
22291,2,0.254,5.636,0.796
22292,2,0.391,4.511,0.68
22293,2,0.428,4.189,0.653
22294,2,0.637,2.649,0.465
22295,2,0.459,3.994,0.62
22296,2,0.492,3.765,0.588
22297,2,0.578,2.876,0.517
22298,2,0.316,4.959,0.754
22299,2,0.42,4.315,0.674
22300,2,0.57,3.082,0.528
22301,2,0.301,5.46,0.764
22302,2,0.641,2.793,0.453
22303,2,0.566,3.168,0.52
22304,2,0.633,2.699,0.445
22305,2,0.605,2.966,0.466
22306,2,0.328,4.824,0.748
22307,2,0.527,3.462,0.557
22308,2,0.5,3.582,0.578
22309,2,0.707,2.249,0.392
22310,2,0.57,2.944,0.553
22311,2,0.609,2.795,0.493
22312,2,0.594,3.019,0.497
22313,2,0.539,3.456,0.553
22314,2,0.621,2.878,0.445
22315,2,0.492,3.719,0.602
22316,2,0.535,3.385,0.555
22317,2,0.484,3.925,0.613
22318,2,0.324,5.036,0.763
22319,2,0.312,5.089,0.744
22320,2,0.443,4.062,0.644
22321,2,0.379,4.475,0.703
22322,2,0.398,4.405,0.679
22323,2,0.402,4.327,0.682
22324,2,0.469,3.964,0.611
22325,2,0.586,3.083,0.492
22326,2,0.531,3.448,0.564
22327,2,0.455,4.074,0.643
22328,2,0.43,4.17,0.646
22329,2,0.508,3.496,0.59
22330,2,0.305,4.977,0.743
22331,2,0.742,2.152,0.368
22332,2,0.48,3.806,0.615
22333,2,0.531,3.289,0.564
22334,2,0.656,2.619,0.438
22335,2,0.174,6.354,0.879
22336,2,0.508,3.668,0.575
22337,2,0.391,4.45,0.689
22338,2,0.5,3.487,0.585
22339,2,0.621,2.836,0.477
22340,2,0.59,2.894,0.517
22341,2,0.344,4.798,0.734
22342,2,0.613,2.751,0.449
22343,2,0.535,3.212,0.55
22344,2,0.205,6.182,0.835
22345,2,0.473,3.883,0.625
22346,2,0.609,2.851,0.491
22347,2,0.455,3.873,0.623
22348,2,0.508,3.599,0.585
22349,2,0.734,2.17,0.368
22350,2,0.535,3.303,0.541
22351,2,0.621,2.714,0.476
22352,2,0.492,3.611,0.587
22353,2,0.43,4.105,0.659
22354,2,0.445,4.001,0.707
22355,2,0.309,5.364,0.785
22356,2,0.465,3.819,0.618
22357,2,0.441,4.062,0.648
22358,2,0.473,3.884,0.599
22359,2,0.727,2.057,0.373
22360,2,0.169,6.478,0.865
22361,2,0.555,3.402,0.529
22362,2,0.637,2.477,0.463
22363,2,0.473,3.711,0.635
22364,2,0.531,3.432,0.555
22365,2,0.602,2.773,0.497
22366,2,0.266,5.639,0.795
22367,2,0.232,6.011,0.8
22368,2,0.539,3.457,0.543
22369,2,0.543,3.344,0.547
22370,2,0.439,3.946,0.641
22371,2,0.508,3.664,0.586
22372,2,0.547,3.279,0.544
22373,2,0.602,2.992,0.505
22374,2,0.645,2.773,0.431
22375,2,0.391,4.577,0.682
22376,2,0.523,3.472,0.574
22377,2,0.32,5.042,0.757
22378,2,0.547,3.156,0.558
22379,2,0.449,3.021,0.676
22380,2,0.496,3.801,0.606
22381,2,0.496,3.851,0.614
22382,2,0.555,3.261,0.545
22383,2,0.672,2.296,0.419
22384,2,0.637,2.769,0.45
22385,2,0.523,3.369,0.567
22386,2,0.57,3.15,0.514
22387,2,0.445,4.232,0.641
22388,2,0.5,3.762,0.565
22389,2,0.66,2.424,0.429
22390,2,0.49,3.718,0.601
22391,2,0.359,4.672,0.719
22392,2,0.453,4.052,0.645
22393,2,0.52,3.439,0.559
22394,2,0.609,2.746,0.475
22395,2,0.547,3.241,0.539
22396,2,0.641,2.522,0.443
22397,2,0.492,3.663,0.607
22398,2,0.539,3.55,0.538
22399,2,0.508,3.59,0.574
22400,2,0.297,5.316,0.768
22401,2,0.586,3.023,0.517
22402,2,0.516,3.353,0.565
22403,2,0.609,2.756,0.471
22404,2,0.406,4.311,0.68
22405,2,0.438,4.193,0.647
22406,2,0.602,2.963,0.492
22407,2,0.332,5.121,0.731
22408,2,0.512,3.51,0.563
22409,2,0.414,4.305,0.666
22410,2,0.598,3.005,0.49
22411,2,0.445,4.207,0.634
22412,2,0.453,3.991,0.65
22413,2,0.451,4.088,0.622
22414,2,0.496,3.648,0.583
22415,2,0.504,3.614,0.572
22416,2,0.488,3.683,0.595
22417,2,0.383,4.522,0.685
22418,2,0.365,4.688,0.708
22419,2,0.223,5.781,0.841
22420,2,0.402,4.263,0.626
22421,2,0.387,4.451,0.691
22422,2,0.547,3.321,0.573
22423,2,0.52,3.586,0.582
22424,2,0.594,3.068,0.483
22425,2,0.633,2.659,0.48
22426,2,0.404,4.347,0.689
22427,2,0.5,3.419,0.574
22428,2,0.167,6.357,0.872
22429,2,0.617,2.861,0.48
22430,2,0.471,3.944,0.615
22431,2,0.5,3.733,0.591
22432,2,0.391,4.533,0.683
22433,2,0.707,2.242,0.39
22434,2,0.434,3.993,0.666
22435,2,0.457,3.939,0.621
22436,2,0.473,3.873,0.6
22437,2,0.426,4.222,0.64
22438,2,0.516,3.425,0.569
22439,2,0.664,2.456,0.411
22440,2,0.57,3.008,0.516
22441,2,0.523,3.441,0.566
22442,2,0.465,3.871,0.602
22443,2,0.461,3.997,0.621
22444,2,0.539,3.248,0.571
22445,2,0.582,3.214,0.526
22446,2,0.445,4.068,0.645
22447,2,0.48,3.812,0.621
22448,2,0.602,2.989,0.505
22449,2,0.578,3.095,0.507
22450,2,0.543,3.439,0.531
22451,2,0.404,4.34,0.666
22452,2,0.395,4.442,0.681
22453,2,0.434,4.153,0.656
22454,2,0.613,2.888,0.475
22455,2,0.455,3.982,0.618
22456,2,0.391,4.49,0.693
22457,2,0.496,3.598,0.592
22458,2,0.699,2.217,0.392
22459,2,0.254,5.573,0.807
22460,2,0.375,4.761,0.715
22461,2,0.617,2.942,0.479
22462,2,0.395,4.383,0.686
22463,2,0.602,2.968,0.486
22464,2,0.426,4.28,0.659
22465,2,0.395,4.452,0.69
22466,2,0.562,2.999,0.531
22467,2,0.688,2.359,0.403
22468,2,0.629,2.712,0.476
22469,2,0.492,3.896,0.575
22470,2,0.453,4.011,0.626
22471,2,0.594,2.781,0.498
22472,2,0.547,3.304,0.554
22473,2,0.391,4.488,0.689
22474,2,0.5,3.489,0.598
22475,2,0.57,2.866,0.52
22476,2,0.703,2.236,0.406
22477,2,0.5,3.397,0.601
22478,2,0.301,4.924,0.767
22479,2,0.387,4.436,0.704
22480,2,0.586,2.898,0.494
22481,2,0.578,3.115,0.506
22482,2,0.426,4.132,0.663
22483,2,0.523,3.32,0.564
22484,2,0.645,2.635,0.436
22485,2,0.516,3.451,0.564
22486,2,0.547,3.192,0.558
22487,2,0.68,2.269,0.404
22488,2,0.49,3.603,0.602
22489,2,0.453,4.004,0.64
22490,2,0.645,2.808,0.462
22491,2,0.469,3.961,0.616
22492,2,0.348,4.75,0.738
22493,2,0.555,3.377,0.534
22494,2,0.656,2.548,0.447
22495,2,0.467,3.865,0.627
22496,2,0.574,2.917,0.51
22497,2,0.598,2.804,0.497
22498,2,0.695,2.385,0.39
22499,2,0.637,2.604,0.446
22500,2,0.508,3.566,0.589
22501,2,0.633,2.698,0.461
22502,2,0.656,2.666,0.443
22503,2,0.559,3.201,0.516
22504,2,0.758,2.556,0.53
22505,2,0.656,2.544,0.442
22506,2,0.578,3.149,0.513
22507,2,0.348,4.762,0.711
22508,2,0.387,4.262,0.641
22509,2,0.688,2.405,0.425
22510,2,0.559,3.068,0.514
22511,2,0.5,3.696,0.583
22512,2,0.531,3.384,0.56
22513,2,0.334,4.92,0.738
22514,2,0.594,3.081,0.501
22515,2,0.516,3.451,0.563
22516,2,0.57,3.196,0.518
22517,2,0.5,3.586,0.586
22518,2,0.703,2.08,0.399
22519,2,0.715,2.278,0.369
22520,2,0.367,4.766,0.724
22521,2,0.523,3.496,0.56
22522,2,0.482,3.792,0.607
22523,2,0.469,3.886,0.617
22524,2,0.555,3.458,0.525
22525,2,0.324,4.826,0.738
22526,2,0.332,4.946,0.753
22527,2,0.539,3.526,0.546
22528,2,0.57,3.151,0.524
22529,2,0.547,3.407,0.556
22530,2,0.426,4.077,0.642
22531,2,0.551,3.196,0.547
22532,2,0.621,2.848,0.461
22533,2,0.379,4.539,0.684
22534,2,0.504,3.736,0.565
22535,2,0.578,2.998,0.501
22536,2,0.621,2.842,0.498
22537,2,0.492,3.681,0.586
22538,2,0.5,3.695,0.587
22539,2,0.498,3.717,0.573
22540,2,0.598,2.775,0.504
22541,2,0.672,2.491,0.415
22542,2,0.477,3.715,0.583
22543,2,0.473,3.838,0.609
22544,2,0.48,3.739,0.613
22545,2,0.605,2.896,0.501
22546,2,0.459,4.043,0.624
22547,2,0.479,3.771,0.598
22548,2,0.488,3.834,0.614
22549,2,0.379,4.486,0.687
22550,2,0.664,2.535,0.425
22551,2,0.602,2.907,0.487
22552,2,0.516,3.617,0.575
22553,2,0.309,5.259,0.771
22554,2,0.422,4.235,0.669
22555,2,0.625,2.71,0.463
22556,2,0.582,3.167,0.493
22557,2,0.539,3.39,0.549
22558,2,0.613,2.915,0.485
22559,2,0.361,4.659,0.72
22560,2,0.551,3.315,0.554
22561,2,0.637,2.63,0.449
22562,2,0.414,4.259,0.655
22563,2,0.441,4.108,0.637
22564,2,0.467,3.954,0.607
22565,2,0.248,5.751,0.807
22566,2,0.602,2.977,0.489
22567,2,0.523,3.521,0.557
22568,2,0.324,4.991,0.746
22569,2,0.625,2.914,0.475
22570,2,0.406,4.303,0.657
22571,2,0.309,5.315,0.76
22572,2,0.469,3.876,0.609
22573,2,0.641,2.556,0.453
22574,2,0.453,4.029,0.621
22575,2,0.418,4.255,0.673
22576,2,0.488,3.813,0.589
22577,2,0.809,1.893,0.275
22578,2,0.539,3.191,0.538
22579,2,0.469,3.901,0.616
22580,2,0.57,3.367,0.514
22581,2,0.469,3.812,0.618
22582,2,0.426,4.237,0.66
22583,2,0.438,4.034,0.633
22584,2,0.396,4.526,0.689
22585,2,0.656,2.662,0.469
22586,2,0.527,3.273,0.562
22587,2,0.398,4.472,0.683
22588,2,0.438,4.124,0.636
22589,2,0.395,4.606,0.673
22590,2,0.629,2.734,0.476
22591,2,0.531,3.388,0.553
22592,2,0.473,3.839,0.6
22593,2,0.512,3.47,0.574
22594,2,0.301,5.301,0.752
22595,2,0.562,3.254,0.545
22596,2,0.445,4.083,0.636
22597,2,0.648,2.743,0.437
22598,2,0.338,4.909,0.738
22599,2,0.508,3.603,0.587
22600,2,0.602,2.673,0.486
22601,2,0.633,2.735,0.46
22602,2,0.477,3.785,0.616
22603,2,0.566,3.18,0.525
22604,2,0.381,4.571,0.688
22605,2,0.482,3.857,0.602
22606,2,0.57,3.164,0.523
22607,2,0.531,3.308,0.564
22608,2,0.449,4.033,0.613
22609,2,0.711,2.156,0.392
22610,2,0.648,2.742,0.454
22611,2,0.297,5.211,0.789
22612,2,0.555,3.408,0.523
22613,2,0.613,2.912,0.474
22614,2,0.361,4.68,0.721
22615,2,0.49,3.684,0.605
22616,2,0.355,4.729,0.723
22617,2,0.594,3.026,0.5
22618,2,0.605,2.901,0.494
22619,2,0.43,4.284,0.639
22620,2,0.543,3.119,0.545
22621,2,0.523,3.553,0.565
22622,2,0.473,3.878,0.629
22623,2,0.551,3.232,0.542
22624,2,0.539,3.336,0.542
22625,2,0.273,5.762,0.793
22626,2,0.562,3.374,0.506
22627,2,0.5,3.619,0.6
22628,2,0.602,2.966,0.494
22629,2,0.289,5.387,0.784
22630,2,0.641,2.493,0.435
22631,2,0.508,3.549,0.565
22632,2,0.543,3.174,0.555
22633,2,0.414,4.26,0.661
22634,2,0.438,4.108,0.656
22635,2,0.547,3.35,0.572
22636,2,0.547,3.251,0.549
22637,2,0.455,4.101,0.64
22638,2,0.742,1.994,0.35
22639,2,0.508,3.473,0.566
22640,2,0.617,2.886,0.474
22641,2,0.43,4.194,0.656
22642,2,0.645,2.594,0.481
22643,2,0.578,3.012,0.504
22644,2,0.445,4.022,0.637
22645,2,0.469,3.865,0.621
22646,2,0.527,3.318,0.577
22647,2,0.648,2.474,0.459
22648,2,0.461,3.59,0.584
22649,2,0.383,4.502,0.683
22650,2,0.422,4.259,0.658
22651,2,0.188,6.087,0.871
22652,2,0.516,3.617,0.567
22653,2,0.633,2.634,0.448
22654,2,0.539,3.383,0.561
22655,2,0.574,3.152,0.51
22656,2,0.406,4.336,0.675
22657,2,0.582,3.058,0.542
22658,2,0.543,3.386,0.544
22659,2,0.289,5.312,0.791
22660,2,0.215,5.784,0.831
22661,2,0.344,4.854,0.724
22662,2,0.258,6.342,0.859
22663,2,0.617,2.834,0.476
22664,2,0.229,5.889,0.832
22665,2,0.492,3.75,0.599
22666,2,0.668,2.399,0.445
22667,2,0.57,3.311,0.531
22668,2,0.562,3.198,0.528
22669,2,0.508,3.57,0.58
22670,2,0.52,3.88,0.596
22671,2,0.531,3.577,0.565
22672,2,0.469,3.839,0.628
22673,2,0.672,2.436,0.42
22674,2,0.445,3.905,0.653
22675,2,0.488,3.767,0.596
22676,2,0.242,6.113,0.827
22677,2,0.453,3.999,0.636
22678,2,0.562,3.203,0.538
22679,2,0.414,4.313,0.672
22680,2,0.562,3.075,0.541
22681,2,0.562,3.318,0.531
22682,2,0.523,3.471,0.568
22683,2,0.248,5.702,0.802
22684,2,0.508,3.455,0.579
22685,2,0.387,4.344,0.689
22686,2,0.508,3.624,0.569
22687,2,0.672,2.318,0.43
22688,2,0.574,3.207,0.498
22689,2,0.441,4.182,0.643
22690,2,0.217,5.724,0.822
22691,2,0.461,3.979,0.631
22692,2,0.41,4.313,0.664
22693,2,0.465,3.889,0.625
22694,2,0.484,3.988,0.595
22695,2,0.617,2.781,0.473
22696,2,0.598,2.784,0.505
22697,2,0.508,3.685,0.575
22698,2,0.602,2.903,0.498
22699,2,0.547,3.412,0.567
22700,2,0.475,3.872,0.609
22701,2,0.389,4.414,0.702
22702,2,0.555,3.467,0.581
22703,2,0.578,2.992,0.512
22704,2,0.41,4.289,0.67
22705,2,0.303,5.03,0.763
22706,2,0.535,3.604,0.549
22707,2,0.555,3.116,0.535
22708,2,0.527,3.41,0.574
22709,2,0.467,3.849,0.628
22710,2,0.594,3.084,0.51
22711,2,0.438,4.206,0.642
22712,2,0.719,2.184,0.381
22713,2,0.438,4.064,0.651
22714,2,0.555,3.246,0.542
22715,2,0.249,5.684,0.811
22716,2,0.473,3.932,0.623
22717,2,0.441,4.117,0.635
22718,2,0.418,4.336,0.664
22719,2,0.602,2.924,0.489
22720,2,0.189,6.189,0.853
22721,2,0.578,2.934,0.498
22722,2,0.281,5.409,0.795
22723,2,0.379,4.547,0.701
22724,2,0.59,3.052,0.511
22725,2,0.479,3.796,0.599
22726,2,0.449,4.129,0.63
22727,2,0.486,3.917,0.597
22728,2,0.613,2.995,0.483
22729,2,0.418,4.328,0.685
22730,2,0.479,3.753,0.604
22731,2,0.504,3.75,0.568
22732,2,0.465,3.953,0.625
22733,2,0.699,2.534,0.409
22734,2,0.434,4.114,0.648
22735,2,0.488,3.563,0.587
22736,2,0.369,4.476,0.703
22737,2,0.438,4.114,0.647
22738,2,0.52,3.525,0.575
22739,2,0.512,3.717,0.596
22740,2,0.5,3.584,0.588
22741,2,0.562,3.12,0.539
22742,2,0.367,4.66,0.711
22743,2,0.695,2.282,0.379
22744,2,0.508,3.561,0.582
22745,2,0.445,4.157,0.655
22746,2,0.41,4.305,0.677
22747,2,0.418,4.15,0.65
22748,2,0.389,4.502,0.691
22749,2,0.594,2.953,0.472
22750,2,0.602,2.926,0.482
22751,2,0.504,3.702,0.593
22752,2,0.566,3.065,0.507
22753,2,0.5,3.631,0.59
22754,2,0.215,6.19,0.833
22755,2,0.457,3.9,0.599
22756,2,0.434,4.189,0.664
22757,2,0.5,3.624,0.609
22758,2,0.488,3.731,0.595
22759,2,0.68,2.364,0.436
22760,2,0.383,4.485,0.696
22761,2,0.215,6.123,0.832
22762,2,0.539,3.346,0.555
22763,2,0.648,2.551,0.463
22764,2,0.516,3.414,0.568
22765,2,0.617,2.887,0.499
22766,2,0.555,3.354,0.561
22767,2,0.633,2.844,0.46
22768,2,0.445,4.098,0.637
22769,2,0.445,4.009,0.618
22770,2,0.648,2.636,0.459
22771,2,0.539,3.316,0.553
22772,2,0.555,3.222,0.529
22773,2,0.508,3.536,0.59
22774,2,0.305,5.083,0.759
22775,2,0.59,3.31,0.474
22776,2,0.535,3.435,0.543
22777,2,0.562,3.235,0.524
22778,2,0.438,4.168,0.647
22779,2,0.5,3.521,0.596
22780,2,0.381,4.608,0.693
22781,2,0.668,2.589,0.447
22782,2,0.625,2.841,0.46
22783,2,0.387,4.693,0.793
22784,2,0.602,3.102,0.495
22785,2,0.543,3.642,0.543
22786,2,0.508,3.729,0.575
22787,2,0.664,2.564,0.426
22788,2,0.586,3.079,0.514
22789,2,0.617,2.858,0.468
22790,2,0.375,4.728,0.708
22791,2,0.582,2.972,0.514
22792,2,0.531,3.321,0.542
22793,2,0.5,3.676,0.586
22794,2,0.633,2.651,0.461
22795,2,0.523,3.515,0.566
22796,2,0.578,3.08,0.531
22797,2,0.578,2.986,0.511
22798,2,0.539,3.403,0.55
22799,2,0.562,3.327,0.533
22800,2,0.523,3.578,0.568
22801,2,0.586,2.936,0.509
22802,2,0.438,4.044,0.638
22803,2,0.598,2.946,0.476
22804,2,0.535,3.16,0.547
22805,2,0.758,1.945,0.333
22806,2,0.617,2.922,0.489
22807,2,0.363,4.695,0.722
22808,2,0.547,3.336,0.534
22809,2,0.594,2.894,0.5
22810,2,0.664,2.624,0.439
22811,2,0.492,3.69,0.586
22812,2,0.371,4.611,0.709
22813,2,0.496,3.634,0.584
22814,2,0.625,2.648,0.483
22815,2,0.555,3.317,0.539
22816,2,0.473,3.807,0.619
22817,2,0.535,3.445,0.561
22818,2,0.445,4.015,0.621
22819,2,0.492,3.765,0.597
22820,2,0.535,3.354,0.545
22821,2,0.613,2.908,0.49
22822,2,0.316,5.283,0.756
22823,2,0.348,4.745,0.741
22824,2,0.309,5.175,0.76
22825,2,0.52,3.435,0.556
22826,2,0.641,2.616,0.438
22827,2,0.43,4.132,0.654
22828,2,0.361,4.613,0.729
22829,2,0.566,3.243,0.52
22830,2,0.225,6.061,0.819
22831,2,0.57,3.212,0.522
22832,2,0.273,5.707,0.82
22833,2,0.453,4.016,0.632
22834,2,0.578,3.182,0.504
22835,2,0.387,4.717,0.685
22836,2,0.254,5.802,0.813
22837,2,0.555,3.486,0.538
22838,2,0.648,2.82,0.454
22839,2,0.309,5.063,0.762
22840,2,0.465,3.946,0.63
22841,2,0.482,3.91,0.617
22842,2,0.332,4.895,0.73
22843,2,0.633,2.819,0.47
22844,2,0.551,3.295,0.527
22845,2,0.512,3.512,0.563
22846,2,0.531,3.573,0.563
22847,2,0.562,3.314,0.535
22848,2,0.594,2.894,0.504
22849,2,0.504,3.721,0.574
22850,2,0.412,4.261,0.676
22851,2,0.562,3.266,0.535
22852,2,0.512,3.55,0.588
22853,2,0.422,4.142,0.664
22854,2,0.303,5.17,0.77
22855,2,0.512,3.53,0.549
22856,2,0.656,2.599,0.444
22857,2,0.332,4.898,0.732
22858,2,0.492,3.566,0.599
22859,2,0.539,3.135,0.547
22860,2,0.508,3.599,0.576
22861,2,0.494,3.751,0.593
22862,2,0.594,2.997,0.512
22863,2,0.414,4.247,0.661
22864,2,0.496,3.713,0.581
22865,2,0.467,3.969,0.61
22866,2,0.645,2.578,0.446
22867,2,0.34,4.919,0.731
22868,2,0.445,4.011,0.625
22869,2,0.391,4.58,0.698
22870,2,0.508,3.59,0.603
22871,2,0.641,2.619,0.43
22872,2,0.602,3.056,0.489
22873,2,0.455,4.054,0.623
22874,2,0.625,2.575,0.485
22875,2,0.664,2.464,0.411
22876,2,0.443,4.087,0.64
22877,2,0.539,3.423,0.541
22878,2,0.625,2.769,0.475
22879,2,0.52,3.588,0.557
22880,2,0.594,2.885,0.493
22881,2,0.547,3.416,0.563
22882,2,0.535,3.472,0.55
22883,2,0.578,3.152,0.505
22884,2,0.562,3.315,0.524
22885,2,0.383,4.469,0.683
22886,2,0.609,2.847,0.48
22887,2,0.59,3.053,0.513
22888,2,0.504,3.679,0.582
22889,2,0.523,3.483,0.554
22890,2,0.359,4.722,0.709
22891,2,0.555,3.229,0.54
22892,2,0.422,4.261,0.654
22893,2,0.645,2.578,0.443
22894,2,0.277,5.286,0.777
22895,2,0.578,3.19,0.52
22896,2,0.609,2.897,0.488
22897,2,0.5,3.689,0.563
22898,2,0.535,3.514,0.541
22899,2,0.404,4.434,0.678
22900,2,0.395,4.383,0.681
22901,2,0.48,3.695,0.59
22902,2,0.531,3.419,0.568
22903,2,0.469,3.898,0.605
22904,2,0.281,5.471,0.802
22905,2,0.66,2.499,0.415
22906,2,0.461,4.046,0.627
22907,2,0.547,3.458,0.555
22908,2,0.508,3.621,0.587
22909,2,0.547,3.383,0.548
22910,2,0.641,2.579,0.46
22911,2,0.359,4.653,0.717
22912,2,0.531,3.273,0.555
22913,2,0.5,3.586,0.579
22914,2,0.645,2.627,0.463
22915,2,0.477,3.921,0.599
22916,2,0.633,2.708,0.483
22917,2,0.516,3.489,0.576
22918,2,0.57,3.159,0.52
22919,2,0.32,5.083,0.754
22920,2,0.527,3.273,0.559
22921,2,0.371,4.791,0.725
22922,2,0.449,4.13,0.628
22923,2,0.391,4.538,0.683
22924,2,0.453,3.954,0.633
22925,2,0.699,2.188,0.406
22926,2,0.539,3.464,0.549
22927,2,0.42,4.077,0.666
22928,2,0.449,3.989,0.633
22929,2,0.551,3.012,0.541
22930,2,0.609,2.672,0.458
22931,2,0.664,2.482,0.437
22932,2,0.371,4.631,0.694
22933,2,0.43,4.254,0.63
22934,2,0.566,3.027,0.523
22935,2,0.418,4.287,0.673
22936,2,0.408,4.359,0.694
22937,2,0.189,6.256,0.857
22938,2,0.516,3.618,0.57
22939,2,0.703,2.243,0.41
22940,2,0.391,3.526,0.657
22941,2,0.379,4.573,0.697
22942,2,0.484,3.814,0.597
22943,2,0.457,3.871,0.631
22944,2,0.57,3.156,0.508
22945,2,0.367,4.72,0.715
22946,2,0.535,3.37,0.547
22947,2,0.471,3.828,0.605
22948,2,0.586,3.076,0.525
22949,2,0.609,2.969,0.469
22950,2,0.727,2.035,0.355
22951,2,0.539,3.512,0.532
22952,2,0.434,4.158,0.648
22953,2,0.436,4.211,0.644
22954,2,0.453,3.964,0.638
22955,2,0.602,2.958,0.492
22956,2,0.488,3.685,0.598
22957,2,0.641,2.764,0.452
22958,2,0.719,2.196,0.364
22959,2,0.535,3.417,0.542
22960,2,0.477,3.851,0.604
22961,2,0.602,2.803,0.49
22962,2,0.523,3.504,0.561
22963,2,0.699,2.285,0.4
22964,2,0.309,4.88,0.748
22965,2,0.566,3.315,0.508
22966,2,0.285,5.473,0.784
22967,2,0.742,2.059,0.37
22968,2,0.586,2.921,0.492
22969,2,0.473,3.836,0.61
22970,2,0.43,4.218,0.646
22971,2,0.414,4.325,0.668
22972,2,0.59,3.069,0.522
22973,2,0.516,3.536,0.562
22974,2,0.379,4.633,0.696
22975,2,0.451,4.049,0.629
22976,2,0.688,2.403,0.437
22977,2,0.504,3.759,0.58
22978,2,0.416,4.222,0.652
22979,2,0.531,3.465,0.578
22980,2,0.527,3.525,0.566
22981,2,0.379,4.589,0.701
22982,2,0.52,3.502,0.566
22983,2,0.52,3.51,0.554
22984,2,0.758,1.972,0.343
22985,2,0.496,3.449,0.585
22986,2,0.758,1.967,0.338
22987,2,0.688,2.329,0.418
22988,2,0.498,3.754,0.585
22989,2,0.43,4.139,0.666
22990,2,0.551,3.074,0.534
22991,2,0.41,4.252,0.7
22992,2,0.404,4.18,0.665
22993,2,0.438,4.126,0.639
22994,2,0.441,4.162,0.658
22995,2,0.451,4.08,0.637
22996,2,0.453,4.025,0.626
22997,2,0.414,4.26,0.666
22998,2,0.262,5.662,0.809
22999,2,0.57,3.169,0.52
23000,2,0.395,4.378,0.666
23001,2,0.539,3.493,0.553
23002,2,0.49,3.743,0.596
23003,2,0.354,4.701,0.742
23004,2,0.5,3.602,0.601
23005,2,0.516,3.592,0.576
23006,2,0.453,3.966,0.64
23007,2,0.641,2.742,0.472
23008,2,0.566,3.115,0.509
23009,2,0.629,2.592,0.455
23010,2,0.473,3.794,0.639
23011,2,0.404,4.145,0.669
23012,2,0.66,2.544,0.414
23013,2,0.668,2.582,0.408
23014,2,0.613,2.941,0.484
23015,2,0.68,2.273,0.411
23016,2,0.605,2.873,0.476
23017,2,0.406,4.408,0.662
23018,2,0.617,2.756,0.464
23019,2,0.641,2.661,0.456
23020,2,0.393,4.438,0.685
23021,2,0.547,3.332,0.546
23022,2,0.426,4.001,0.608
23023,2,0.57,3.169,0.526
23024,2,0.463,3.953,0.609
23025,2,0.562,3.321,0.556
23026,2,0.5,3.628,0.595
23027,2,0.551,3.299,0.538
23028,2,0.5,3.691,0.602
23029,2,0.656,2.735,0.442
23030,2,0.602,3.011,0.473
23031,2,0.547,3.447,0.55
23032,2,0.395,4.601,0.683
23033,2,0.473,3.923,0.619
23034,2,0.633,2.831,0.46
23035,2,0.566,3.22,0.516
23036,2,0.625,2.839,0.462
23037,2,0.289,5.308,0.769
23038,2,0.367,4.59,0.698
23039,2,0.26,5.528,0.807
23040,2,0.375,4.6,0.694
23041,2,0.373,4.606,0.713
23042,2,0.609,2.805,0.463
23043,2,0.531,3.374,0.554
23044,2,0.531,3.489,0.555
23045,2,0.57,3.275,0.509
23046,2,0.551,3.346,0.533
23047,2,0.566,3.189,0.525
23048,2,0.441,4.026,0.646
23049,2,0.316,5.076,0.763
23050,2,0.414,4.324,0.682
23051,2,0.367,4.611,0.679
23052,2,0.516,3.613,0.575
23053,2,0.586,2.887,0.524
23054,2,0.594,2.882,0.508
23055,2,0.68,2.387,0.433
23056,2,0.199,6.067,0.846
23057,2,0.523,3.574,0.556
23058,2,0.547,3.278,0.535
23059,2,0.586,2.888,0.516
23060,2,0.359,4.689,0.714
23061,2,0.602,2.763,0.467
23062,2,0.369,4.578,0.709
23063,2,0.395,4.311,0.669
23064,2,0.609,2.997,0.483
23065,2,0.475,3.761,0.621
23066,2,0.578,2.981,0.506
23067,2,0.711,2.334,0.415
23068,2,0.338,5.079,0.731
23069,2,0.523,3.708,0.555
23070,2,0.586,3.034,0.501
23071,2,0.439,4.215,0.646
23072,2,0.516,3.461,0.566
23073,2,0.395,4.528,0.675
23074,2,0.371,4.683,0.709
23075,2,0.555,3.329,0.55
23076,2,0.451,3.724,0.608
23077,2,0.277,5.747,0.792
23078,2,0.258,5.516,0.808
23079,2,0.527,3.408,0.56
23080,2,0.516,3.557,0.564
23081,2,0.318,5.057,0.752
23082,2,0.527,3.512,0.548
23083,2,0.609,2.993,0.483
23084,2,0.375,4.642,0.703
23085,2,0.555,3.247,0.539
23086,2,0.605,2.979,0.477
23087,2,0.523,3.294,0.569
23088,2,0.52,3.495,0.573
23089,2,0.492,3.655,0.594
23090,2,0.438,4.081,0.638
23091,2,0.477,3.794,0.607
23092,2,0.648,2.727,0.428
23093,2,0.271,5.288,0.796
23094,2,0.477,3.804,0.613
23095,2,0.641,2.716,0.474
23096,2,0.535,3.475,0.563
23097,2,0.414,4.286,0.66
23098,2,0.461,3.892,0.619
23099,2,0.609,2.913,0.481
23100,2,0.461,3.87,0.633
23101,2,0.398,4.301,0.679
23102,2,0.303,5.285,0.757
23103,2,0.695,2.335,0.411
23104,2,0.531,3.515,0.543
23105,2,0.508,3.487,0.576
23106,2,0.379,4.597,0.69
23107,2,0.212,5.935,0.841
23108,2,0.367,4.613,0.8
23109,2,0.229,5.729,0.82
23110,2,0.52,3.579,0.56
23111,2,0.457,4.004,0.629
23112,2,0.262,5.694,0.778
23113,2,0.348,4.855,0.721
23114,2,0.531,3.377,0.548
23115,2,0.465,3.909,0.618
23116,2,0.582,3.133,0.511
23117,2,0.402,4.393,0.657
23118,2,0.633,2.809,0.476
23119,2,0.609,2.844,0.486
23120,2,0.441,4.079,0.645
23121,2,0.389,4.505,0.683
23122,2,0.305,5.152,0.757
23123,2,0.543,3.323,0.538
23124,2,0.43,4.259,0.661
23125,2,0.539,3.385,0.535
23126,2,0.609,3.104,0.489
23127,2,0.562,3.051,0.515
23128,2,0.328,4.953,0.746
23129,2,0.516,3.573,0.573
23130,2,0.66,2.4,0.447
23131,2,0.492,3.692,0.587
23132,2,0.684,2.437,0.406
23133,2,0.418,4.172,0.664
23134,2,0.379,4.595,0.695
23135,2,0.457,4.121,0.623
23136,2,0.379,4.565,0.69
23137,2,0.633,2.722,0.456
23138,2,0.492,3.691,0.602
23139,2,0.559,3.295,0.538
23140,2,0.582,3.131,0.497
23141,2,0.465,3.943,0.647
23142,2,0.406,4.313,0.675
23143,2,0.43,4.442,0.63
23144,2,0.393,4.371,0.69
23145,2,0.555,3.276,0.538
23146,2,0.566,3.246,0.541
23147,2,0.496,3.782,0.586
23148,2,0.48,3.783,0.593
23149,2,0.469,3.784,0.621
23150,2,0.326,4.943,0.744
23151,2,0.617,2.562,0.477
23152,2,0.684,2.352,0.422
23153,2,0.488,3.845,0.592
23154,2,0.555,3.233,0.535
23155,2,0.656,2.507,0.426
23156,2,0.648,2.508,0.424
23157,2,0.543,3.265,0.536
23158,2,0.305,5.36,0.753
23159,2,0.443,4.119,0.627
23160,2,0.578,3.033,0.504
23161,2,0.527,3.422,0.564
23162,2,0.406,4.397,0.677
23163,2,0.43,4.143,0.656
23164,2,0.426,4.215,0.653
23165,2,0.469,3.962,0.614
23166,2,0.633,2.571,0.446
23167,2,0.602,2.978,0.483
23168,2,0.617,2.884,0.498
23169,2,0.35,4.855,0.709
23170,2,0.641,2.748,0.439
23171,2,0.562,3.051,0.533
23172,2,0.609,2.75,0.482
23173,2,0.539,3.419,0.566
23174,2,0.656,2.499,0.443
23175,2,0.508,3.412,0.593
23176,2,0.555,3.302,0.527
23177,2,0.496,3.606,0.593
23178,2,0.562,3.217,0.533
23179,2,0.473,3.957,0.601
23180,2,0.633,2.957,0.483
23181,2,0.57,3.197,0.52
23182,2,0.594,3.159,0.514
23183,2,0.496,3.42,0.576
23184,2,0.379,4.613,0.706
23185,2,0.684,2.385,0.421
23186,2,0.578,3.249,0.506
23187,2,0.637,2.827,0.45
23188,2,0.402,4.517,0.663
23189,2,0.617,2.778,0.471
23190,2,0.354,4.802,0.725
23191,2,0.488,3.65,0.593
23192,2,0.445,4.116,0.654
23193,2,0.34,4.703,0.735
23194,2,0.449,3.923,0.627
23195,2,0.398,4.781,0.755
23196,2,0.375,4.614,0.695
23197,2,0.346,4.909,0.727
23198,2,0.625,2.832,0.484
23199,2,0.395,4.267,0.687
23200,2,0.457,4.06,0.627
23201,2,0.418,4.212,0.654
23202,2,0.412,4.175,0.656
23203,2,0.504,3.718,0.587
23204,2,0.531,3.58,0.559
23205,2,0.633,2.794,0.463
23206,2,0.186,6.59,0.845
23207,2,0.711,2.106,0.362
23208,2,0.562,3.095,0.543
23209,2,0.535,3.517,0.537
23210,2,0.672,2.565,0.421
23211,2,0.633,2.739,0.454
23212,2,0.465,4.051,0.626
23213,2,0.508,3.657,0.57
23214,2,0.237,5.558,0.817
23215,2,0.303,5.26,0.806
23216,2,0.582,2.991,0.497
23217,2,0.633,2.665,0.472
23218,2,0.492,3.885,0.585
23219,2,0.594,3.036,0.503
23220,2,0.312,5.034,0.75
23221,2,0.578,2.957,0.515
23222,2,0.57,3.09,0.515
23223,2,0.383,4.611,0.697
23224,2,0.586,2.975,0.497
23225,2,0.609,3.034,0.476
23226,2,0.574,3.332,0.521
23227,2,0.4,4.453,0.686
23228,2,0.617,2.808,0.47
23229,2,0.516,3.34,0.571
23230,2,0.508,3.586,0.564
23231,2,0.498,3.697,0.576
23232,2,0.488,3.651,0.595
23233,2,0.471,3.846,0.607
23234,2,0.574,3.018,0.523
23235,2,0.262,7.863,0.988
23236,2,0.238,5.661,0.823
23237,2,0.555,2.902,0.536
23238,2,0.258,5.71,0.792
23239,2,0.414,4.319,0.656
23240,2,0.391,4.518,0.683
23241,2,0.467,3.868,0.599
23242,2,0.555,3.402,0.539
23243,2,0.504,3.736,0.592
23244,2,0.602,2.708,0.488
23245,2,0.633,2.732,0.478
23246,2,0.422,4.332,0.654
23247,2,0.609,2.83,0.502
23248,2,0.52,3.568,0.575
23249,2,0.566,3.217,0.52
23250,2,0.181,6.149,0.859
23251,2,0.422,4.29,0.659
23252,2,0.508,3.552,0.577
23253,2,0.408,4.217,0.672
23254,2,0.613,2.678,0.487
23255,2,0.531,3.413,0.55
23256,2,0.539,3.462,0.541
23257,2,0.617,2.901,0.474
23258,2,0.547,3.381,0.532
23259,2,0.516,3.663,0.573
23260,2,0.408,4.33,0.679
23261,2,0.482,3.734,0.603
23262,2,0.449,4.115,0.641
23263,2,0.484,3.707,0.607
23264,2,0.398,4.52,0.678
23265,2,0.424,4.202,0.657
23266,2,0.488,3.702,0.598
23267,2,0.443,4.156,0.622
23268,2,0.381,4.541,0.709
23269,2,0.256,5.812,0.783
23270,2,0.555,3.46,0.507
23271,2,0.609,2.973,0.483
23272,2,0.633,2.605,0.475
23273,2,0.578,3.217,0.512
23274,2,0.59,3.056,0.488
23275,2,0.59,2.796,0.499
23276,2,0.414,4.283,0.684
23277,2,0.316,4.58,0.766
23278,2,0.477,3.824,0.623
23279,2,0.559,3.002,0.526
23280,2,0.535,3.477,0.552
23281,2,0.527,3.466,0.577
23282,2,0.672,2.465,0.43
23283,2,0.297,5.206,0.762
23284,2,0.398,4.468,0.696
23285,2,0.527,3.555,0.561
23286,2,0.418,4.148,0.672
23287,2,0.43,4.129,0.654
23288,2,0.441,4.034,0.647
23289,2,0.645,2.599,0.435
23290,2,0.609,2.879,0.468
23291,2,0.285,4.647,0.741
23292,2,0.57,3.13,0.519
23293,2,0.602,2.867,0.48
23294,2,0.373,4.609,0.693
23295,2,0.357,4.699,0.721
23296,2,0.57,3.155,0.522
23297,2,0.449,3.958,0.64
23298,2,0.484,3.877,0.598
23299,2,0.527,3.583,0.566
23300,2,0.5,3.582,0.595
23301,2,0.359,4.723,0.717
23302,2,0.711,2.242,0.394
23303,2,0.582,3.063,0.512
23304,2,0.539,3.436,0.555
23305,2,0.5,3.67,0.582
23306,2,0.395,4.468,0.67
23307,2,0.438,4.214,0.639
23308,2,0.508,3.626,0.593
23309,2,0.449,4.142,0.645
23310,2,0.332,4.982,0.74
23311,2,0.594,3.068,0.505
23312,2,0.531,3.46,0.555
23313,2,0.625,2.795,0.474
23314,2,0.494,3.719,0.577
23315,2,0.535,3.474,0.556
23316,2,0.562,3.4,0.526
23317,2,0.488,3.691,0.582
23318,2,0.469,3.957,0.623
23319,2,0.562,3.31,0.54
23320,2,0.416,4.447,0.677
23321,2,0.424,4.185,0.661
23322,2,0.508,3.594,0.59
23323,2,0.234,5.751,0.842
23324,2,0.416,4.399,0.671
23325,2,0.479,4.02,0.618
23326,2,0.562,3.228,0.51
23327,2,0.418,4.181,0.643
23328,2,0.535,3.492,0.538
23329,2,0.297,5.219,0.768
23330,2,0.42,4.171,0.665
23331,2,0.516,3.756,0.579
23332,2,0.578,3.179,0.529
23333,2,0.547,3.547,0.548
23334,2,0.504,3.671,0.565
23335,2,0.287,5.08,0.767
23336,2,0.672,2.354,0.41
23337,2,0.566,3.106,0.509
23338,2,0.422,4.24,0.654
23339,2,0.508,3.688,0.573
23340,2,0.574,3.12,0.517
23341,2,0.613,2.777,0.483
23342,2,0.469,3.927,0.614
23343,2,0.297,5.246,0.778
23344,2,0.594,2.955,0.511
23345,2,0.461,3.583,0.59
23346,2,0.459,4.092,0.624
23347,2,0.473,3.901,0.608
23348,2,0.445,4.157,0.65
23349,2,0.566,3.3,0.532
23350,2,0.312,5.274,0.745
23351,2,0.613,2.804,0.473
23352,2,0.539,3.193,0.551
23353,2,0.656,2.689,0.448
23354,2,0.562,3.106,0.517
23355,2,0.625,2.921,0.471
23356,2,0.516,3.606,0.579
23357,2,0.648,2.656,0.44
23358,2,0.516,3.54,0.547
23359,2,0.387,4.515,0.682
23360,2,0.531,3.513,0.562
23361,2,0.385,4.48,0.67
23362,2,0.426,4.309,0.646
23363,2,0.367,4.662,0.712
23364,2,0.656,2.461,0.451
23365,2,0.562,3.225,0.525
23366,2,0.508,3.563,0.587
23367,2,0.703,2.352,0.41
23368,2,0.547,3.458,0.541
23369,2,0.566,3.329,0.523
23370,2,0.312,5.152,0.766
23371,2,0.523,3.505,0.551
23372,2,0.295,5.132,0.767
23373,2,0.209,6.225,0.844
23374,2,0.375,4.52,0.705
23375,2,0.5,3.566,0.584
23376,2,0.449,3.877,0.641
23377,2,0.613,2.856,0.481
23378,2,0.59,3.077,0.491
23379,2,0.32,5.074,0.748
23380,2,0.484,3.803,0.618
23381,2,0.625,2.797,0.48
23382,2,0.543,3.45,0.548
23383,2,0.574,3.155,0.509
23384,2,0.531,3.101,0.552
23385,2,0.602,2.893,0.505
23386,2,0.504,3.626,0.591
23387,2,0.387,4.434,0.689
23388,2,0.602,2.851,0.487
23389,2,0.465,4.029,0.603
23390,2,0.395,4.349,0.678
23391,2,0.523,3.419,0.56
23392,2,0.531,3.445,0.569
23393,2,0.668,2.505,0.409
23394,2,0.406,4.365,0.661
23395,2,0.578,3.162,0.511
23396,2,0.254,5.483,0.802
23397,2,0.578,3.169,0.524
23398,2,0.32,4.986,0.752
23399,2,0.562,3.316,0.521
23400,2,0.42,4.235,0.658
23401,2,0.602,2.983,0.484
23402,2,0.471,3.949,0.611
23403,2,0.582,3.212,0.501
23404,2,0.52,3.544,0.568
23405,2,0.586,3.123,0.527
23406,2,0.602,2.92,0.493
23407,2,0.373,4.652,0.696
23408,2,0.539,3.373,0.533
23409,2,0.34,4.908,0.728
23410,2,0.555,3.315,0.545
23411,2,0.504,3.55,0.581
23412,2,0.352,4.685,0.724
23413,2,0.691,2.262,0.41
23414,2,0.516,3.572,0.572
23415,2,0.648,2.111,0.311
23416,2,0.57,3.006,0.534
23417,2,0.395,4.345,0.686
23418,2,0.57,3.222,0.526
23419,2,0.656,2.585,0.443
23420,2,0.609,2.667,0.5
23421,2,0.547,3.302,0.535
23422,2,0.609,2.846,0.489
23423,2,0.387,4.433,0.678
23424,2,0.574,3.15,0.512
23425,2,0.75,3.443,0.651
23426,2,0.551,3.315,0.535
23427,2,0.523,3.505,0.554
23428,2,0.578,3.031,0.49
23429,2,0.613,2.916,0.48
23430,2,0.539,3.385,0.538
23431,2,0.473,3.98,0.607
23432,2,0.473,3.86,0.604
23433,2,0.363,4.669,0.708
23434,2,0.363,4.68,0.721
23435,2,0.691,2.261,0.414
23436,2,0.357,4.7,0.716
23437,2,0.734,2.187,0.423
23438,2,0.475,3.834,0.623
23439,2,0.465,3.908,0.615
23440,2,0.617,2.815,0.478
23441,2,0.418,4.323,0.669
23442,2,0.385,4.461,0.706
23443,2,0.586,3.004,0.484
23444,2,0.322,4.968,0.744
23445,2,0.445,4.056,0.732
23446,2,0.396,4.356,0.677
23447,2,0.602,3.055,0.493
23448,2,0.711,2.168,0.391
23449,2,0.291,5.403,0.775
23450,2,0.703,2.227,0.42
23451,2,0.504,3.676,0.578
23452,2,0.543,3.356,0.548
23453,2,0.641,2.626,0.445
23454,2,0.359,4.765,0.708
23455,2,0.641,2.702,0.463
23456,2,0.047,7.555,0.97
23457,2,0.68,2.494,0.414
23458,2,0.574,3.103,0.529
23459,2,0.416,4.164,0.648
23460,2,0.602,2.791,0.499
23461,2,0.355,4.712,0.715
23462,2,0.504,3.672,0.588
23463,2,0.496,3.576,0.606
23464,2,0.617,3.014,0.487
23465,2,0.633,2.621,0.46
23466,2,0.539,3.425,0.557
23467,2,0.605,3.061,0.484
23468,2,0.402,4.311,0.678
23469,2,0.539,3.403,0.566
23470,2,0.703,2.197,0.397
23471,2,0.498,3.513,0.59
23472,2,0.34,4.853,0.74
23473,2,0.32,5.047,0.754
23474,2,0.336,5.204,0.737
23475,2,0.629,2.704,0.458
23476,2,0.375,4.607,0.698
23477,2,0.656,2.604,0.43
23478,2,0.385,4.413,0.681
23479,2,0.441,4.091,0.635
23480,2,0.539,3.337,0.551
23481,2,0.5,3.761,0.573
23482,2,0.52,3.51,0.567
23483,2,0.633,2.764,0.483
23484,2,0.457,3.962,0.638
23485,2,0.482,3.871,0.586
23486,2,0.414,4.225,0.673
23487,2,0.477,3.779,0.61
23488,2,0.475,3.862,0.623
23489,2,0.57,3.111,0.524
23490,2,0.637,2.616,0.479
23491,2,0.566,3.176,0.53
23492,2,0.559,3.229,0.544
23493,2,0.479,3.925,0.606
23494,2,0.475,3.887,0.599
23495,2,0.562,3.293,0.531
23496,2,0.398,4.432,0.671
23497,2,0.432,4.205,0.662
23498,2,0.609,2.797,0.471
23499,2,0.453,3.949,0.633
23500,2,0.664,2.488,0.437
23501,2,0.373,4.734,0.711
23502,2,0.547,3.318,0.525
23503,2,0.574,2.745,0.523
23504,2,0.395,4.381,0.696
23505,2,0.426,4.291,0.659
23506,2,0.398,4.393,0.676
23507,2,0.617,2.866,0.486
23508,2,0.395,4.435,0.687
23509,2,0.539,3.515,0.548
23510,2,0.578,3.169,0.516
23511,2,0.426,3.983,0.675
23512,2,0.352,4.759,0.72
23513,2,0.473,3.717,0.623
23514,2,0.645,2.685,0.462
23515,2,0.543,3.421,0.552
23516,2,0.609,3.085,0.482
23517,2,0.436,4.161,0.657
23518,2,0.371,4.702,0.688
23519,2,0.539,3.342,0.555
23520,2,0.664,2.153,0.496
23521,2,0.461,4.048,0.606
23522,2,0.566,3.355,0.505
23523,2,0.656,2.48,0.469
23524,2,0.703,2.172,0.401
23525,2,0.621,2.943,0.467
23526,2,0.617,2.91,0.485
23527,2,0.406,4.343,0.675
23528,2,0.324,5.091,0.746
23529,2,0.535,3.42,0.543
23530,2,0.574,3.138,0.526
23531,2,0.508,3.665,0.586
23532,2,0.461,3.998,0.621
23533,2,0.57,3.074,0.526
23534,2,0.473,3.796,0.586
23535,2,0.49,3.784,0.591
23536,2,0.52,3.383,0.577
23537,2,0.633,2.764,0.483
23538,2,0.613,2.836,0.497
23539,2,0.414,4.222,0.666
23540,2,0.488,3.747,0.589
23541,2,0.414,4.326,0.65
23542,2,0.391,4.53,0.706
23543,2,0.594,3.232,0.479
23544,2,0.578,3.016,0.507
23545,2,0.451,3.936,0.627
23546,2,0.424,4.268,0.672
23547,2,0.625,2.737,0.466
23548,2,0.633,2.587,0.456
23549,2,0.398,4.407,0.671
23550,2,0.15,6.597,0.888
23551,2,0.389,4.529,0.686
23552,2,0.422,4.198,0.666
23553,2,0.412,4.209,0.66
23554,2,0.566,3.143,0.504
23555,2,0.375,4.59,0.691
23556,2,0.633,2.828,0.471
23557,2,0.496,3.738,0.594
23558,2,0.436,4.102,0.64
23559,2,0.539,3.253,0.552
23560,2,0.59,2.992,0.507
23561,2,0.439,4.196,0.626
23562,2,0.574,3.098,0.495
23563,2,0.707,2.196,0.393
23564,2,0.664,2.482,0.449
23565,2,0.578,3.035,0.502
23566,2,0.473,3.816,0.609
23567,2,0.479,3.89,0.6
23568,2,0.445,4.061,0.624
23569,2,0.249,5.624,0.813
23570,2,0.5,3.562,0.571
23571,2,0.543,3.447,0.549
23572,2,0.586,3.217,0.527
23573,2,0.543,3.35,0.555
23574,2,0.547,3.359,0.542
23575,2,0.387,4.421,0.703
23576,2,0.625,2.729,0.471
23577,2,0.488,3.672,0.607
23578,2,0.613,2.865,0.478
23579,2,0.5,3.531,0.58
23580,2,0.389,4.587,0.692
23581,2,0.594,2.993,0.494
23582,2,0.449,4.07,0.646
23583,2,0.609,2.97,0.485
23584,2,0.492,3.671,0.606
23585,2,0.279,5.399,0.789
23586,2,0.578,2.731,0.512
23587,2,0.159,6.609,0.885
23588,2,0.719,2.321,0.374
23589,2,0.379,4.528,0.696
23590,2,0.383,4.456,0.713
23591,2,0.539,3.259,0.535
23592,2,0.555,3.236,0.522
23593,2,0.566,3.222,0.515
23594,2,0.52,3.387,0.563
23595,2,0.602,3.13,0.507
23596,2,0.473,3.854,0.597
23597,2,0.41,4.343,0.656
23598,2,0.621,2.714,0.474
23599,2,0.441,4.125,0.634
23600,2,0.459,3.766,0.614
23601,2,0.566,3.283,0.53
23602,2,0.398,4.208,0.678
23603,2,0.641,2.623,0.449
23604,2,0.664,2.569,0.418
23605,2,0.363,4.557,0.733
23606,2,0.305,5.163,0.764
23607,2,0.22,6.041,0.818
23608,2,0.625,2.861,0.475
23609,2,0.641,2.344,0.442
23610,2,0.625,2.696,0.484
23611,2,0.445,4.081,0.632
23612,2,0.387,4.585,0.7
23613,2,0.531,3.404,0.566
23614,2,0.812,1.716,0.272
23615,2,0.613,2.821,0.49
23616,2,0.426,3.833,0.622
23617,2,0.555,3.377,0.528
23618,2,0.539,3.442,0.539
23619,2,0.291,5.241,0.773
23620,2,0.656,2.54,0.444
23621,2,0.457,4.001,0.628
23622,2,0.531,3.581,0.568
23623,2,0.527,3.399,0.577
23624,2,0.49,3.58,0.59
23625,2,0.482,3.791,0.601
23626,2,0.633,2.603,0.487
23627,2,0.672,2.481,0.407
23628,2,0.256,5.438,0.804
23629,2,0.543,3.455,0.56
23630,2,0.473,3.789,0.6
23631,2,0.383,4.518,0.695
23632,2,0.402,4.312,0.682
23633,2,0.578,2.941,0.53
23634,2,0.504,3.737,0.594
23635,2,0.598,3.024,0.499
23636,2,0.508,3.662,0.573
23637,2,0.395,4.408,0.681
23638,2,0.408,4.396,0.675
23639,2,0.438,4.2,0.623
23640,2,0.297,5.174,0.773
23641,2,0.186,6.276,0.86
23642,2,0.49,3.685,0.578
23643,2,0.52,3.516,0.562
23644,2,0.447,4.006,0.622
23645,2,0.332,4.843,0.745
23646,2,0.566,3.162,0.53
23647,2,0.354,4.76,0.719
23648,2,0.617,2.801,0.491
23649,2,0.523,3.685,0.548
23650,2,0.155,6.43,0.889
23651,2,0.389,4.739,0.682
23652,2,0.551,3.089,0.522
23653,2,0.523,3.48,0.567
23654,2,0.5,3.734,0.587
23655,2,0.633,2.734,0.472
23656,2,0.287,5.346,0.779
23657,2,0.416,4.208,0.674
23658,2,0.594,2.94,0.507
23659,2,0.289,5.385,0.785
23660,2,0.551,3.099,0.544
23661,2,0.594,2.767,0.505
23662,2,0.645,2.57,0.463
23663,2,0.543,3.263,0.547
23664,2,0.566,3.37,0.519
23665,2,0.496,3.679,0.602
23666,2,0.625,2.726,0.476
23667,2,0.625,2.819,0.464
23668,2,0.504,3.654,0.587
23669,2,0.352,4.705,0.722
23670,2,0.457,4.026,0.645
23671,2,0.578,3.148,0.516
23672,2,0.486,3.324,0.6
23673,2,0.41,4.424,0.659
23674,2,0.338,4.879,0.776
23675,2,0.463,4.008,0.612
23676,2,0.543,3.361,0.543
23677,2,0.465,3.783,0.622
23678,2,0.482,3.795,0.618
23679,2,0.432,4.304,0.674
23680,2,0.387,4.465,0.682
23681,2,0.375,4.601,0.701
23682,2,0.432,4.2,0.656
23683,2,0.598,2.875,0.493
23684,2,0.473,3.776,0.586
23685,2,0.381,4.441,0.702
23686,2,0.617,2.693,0.468
23687,2,0.428,4.259,0.664
23688,2,0.672,2.436,0.427
23689,2,0.5,3.661,0.586
23690,2,0.602,2.749,0.484
23691,2,0.59,3.195,0.484
23692,2,0.617,2.796,0.47
23693,2,0.531,3.384,0.544
23694,2,0.695,2.206,0.415
23695,2,0.551,3.27,0.524
23696,2,0.357,4.704,0.717
23697,2,0.154,6.614,0.89
23698,2,0.535,3.492,0.554
23699,2,0.633,2.679,0.468
23700,2,0.555,3.105,0.533
23701,2,0.275,5.517,0.777
23702,2,0.617,2.605,0.482
23703,2,0.301,5.493,0.793
23704,2,0.398,4.442,0.694
23705,2,0.656,2.618,0.433
23706,2,0.531,3.469,0.557
23707,2,0.547,3.176,0.549
23708,2,0.688,2.318,0.399
23709,2,0.482,3.805,0.587
23710,2,0.41,4.368,0.686
23711,2,0.324,4.875,0.743
23712,2,0.504,3.635,0.592
23713,2,0.309,5.058,0.756
23714,2,0.578,3.077,0.508
23715,2,0.672,2.374,0.406
23716,2,0.633,2.809,0.445
23717,2,0.389,4.458,0.684
23718,2,0.359,4.84,0.712
23719,2,0.527,3.227,0.551
23720,2,0.363,4.712,0.705
23721,2,0.309,4.99,0.763
23722,2,0.562,3.158,0.523
23723,2,0.402,4.358,0.66
23724,2,0.703,2.12,0.385
23725,2,0.559,3.314,0.527
23726,2,0.422,4.33,0.663
23727,2,0.236,5.715,0.829
23728,2,0.457,4.015,0.624
23729,2,0.648,2.707,0.441
23730,2,0.578,2.631,0.63
23731,2,0.363,4.709,0.718
23732,2,0.336,4.892,0.739
23733,2,0.484,3.949,0.596
23734,2,0.383,4.538,0.701
23735,2,0.383,4.556,0.697
23736,2,0.395,4.377,0.696
23737,2,0.193,6.235,0.852
23738,2,0.688,2.408,0.413
23739,2,0.566,3.172,0.54
23740,2,0.455,3.981,0.626
23741,2,0.68,2.452,0.413
23742,2,0.404,4.236,0.679
23743,2,0.531,3.521,0.56
23744,2,0.453,3.889,0.619
23745,2,0.711,2.182,0.375
23746,2,0.738,4.804,0.836
23747,2,0.578,3.146,0.512
23748,2,0.289,5.2,0.767
23749,2,0.309,4.767,0.728
23750,2,0.441,4.08,0.659
23751,2,0.496,3.614,0.582
23752,2,0.12,6.881,0.913
23753,2,0.0,0.0,0.0
23754,2,0.418,4.264,0.676
23755,2,0.453,3.983,0.625
23756,2,0.59,3.3,0.513
23757,2,0.359,4.455,0.696
23758,2,0.32,5.021,0.751
23759,2,0.684,2.341,0.417
23760,2,0.578,2.975,0.509
23761,2,0.695,2.459,0.406
23762,2,0.344,4.733,0.707
23763,2,0.625,2.482,0.477
23764,2,0.578,3.067,0.512
23765,2,0.367,4.505,0.713
23766,2,0.277,5.645,0.779
23767,2,0.455,3.975,0.633
23768,2,0.59,2.667,0.509
23769,2,0.363,4.692,0.707
23770,2,0.594,3.066,0.503
23771,2,0.371,4.672,0.71
23772,2,0.609,2.868,0.475
23773,2,0.617,2.94,0.491
23774,2,0.598,2.831,0.504
23775,2,0.494,3.754,0.581
23776,2,0.574,3.153,0.518
23777,2,0.555,3.215,0.533
23778,2,0.363,4.609,0.711
23779,2,0.422,4.213,0.66
23780,2,0.547,3.332,0.536
23781,2,0.492,3.72,0.611
23782,2,0.57,3.213,0.517
23783,2,0.594,3.011,0.494
23784,2,0.539,3.463,0.549
23785,2,0.617,2.927,0.493
23786,2,0.467,3.82,0.622
23787,2,0.551,3.528,0.544
23788,2,0.254,5.568,0.809
23789,2,0.418,4.254,0.665
23790,2,0.578,3.014,0.507
23791,2,0.482,3.725,0.619
23792,2,0.293,5.225,0.757
23793,2,0.68,2.231,0.433
23794,2,0.637,2.512,0.459
23795,2,0.367,4.606,0.71
23796,2,0.68,2.254,0.419
23797,2,0.441,4.158,0.636
23798,2,0.467,4.0,0.616
23799,2,0.312,5.143,0.756
23800,2,0.586,2.955,0.524
23801,2,0.613,2.713,0.471
23802,2,0.559,3.089,0.522
23803,2,0.531,3.538,0.558
23804,2,0.625,2.624,0.471
23805,2,0.369,4.715,0.702
23806,2,0.492,3.588,0.591
23807,2,0.443,4.175,0.652
23808,2,0.215,5.994,0.826
23809,2,0.391,4.545,0.701
23810,2,0.33,4.92,0.743
23811,2,0.43,4.202,0.646
23812,2,0.484,3.724,0.597
23813,2,0.547,3.352,0.542
23814,2,0.477,3.868,0.611
23815,2,0.43,4.16,0.645
23816,2,0.449,4.117,0.619
23817,2,0.463,4.052,0.613
23818,2,0.453,4.101,0.622
23819,2,0.488,3.606,0.611
23820,2,0.633,2.643,0.464
23821,2,0.303,5.43,0.794
23822,2,0.48,3.914,0.614
23823,2,0.371,4.511,0.719
23824,2,0.498,3.646,0.572
23825,2,0.482,3.776,0.604
23826,2,0.271,5.42,0.789
23827,2,0.586,2.998,0.51
23828,2,0.295,5.457,0.784
23829,2,0.594,2.914,0.485
23830,2,0.445,4.002,0.638
23831,2,0.562,3.018,0.534
23832,2,0.334,4.906,0.733
23833,2,0.379,4.577,0.69
23834,2,0.648,2.675,0.441
23835,2,0.613,2.968,0.494
23836,2,0.475,3.768,0.63
23837,2,0.52,3.411,0.571
23838,2,0.488,3.688,0.611
23839,2,0.559,3.301,0.519
23840,2,0.243,5.899,0.809
23841,2,0.672,2.543,0.417
23842,2,0.395,4.475,0.684
23843,2,0.578,2.95,0.516
23844,2,0.232,6.46,0.836
23845,2,0.461,3.897,0.619
23846,2,0.312,5.125,0.749
23847,2,0.543,3.295,0.56
23848,2,0.469,3.785,0.616
23849,2,0.516,3.553,0.586
23850,2,0.582,3.045,0.501
23851,2,0.52,3.485,0.571
23852,2,0.459,3.972,0.619
23853,2,0.617,2.904,0.489
23854,2,0.201,6.035,0.852
23855,2,0.33,4.865,0.741
23856,2,0.465,3.842,0.615
23857,2,0.641,2.854,0.453
23858,2,0.609,2.895,0.494
23859,2,0.414,4.285,0.655
23860,2,0.42,4.289,0.663
23861,2,0.555,3.217,0.549
23862,2,0.652,2.778,0.464
23863,2,0.625,2.774,0.461
23864,2,0.645,2.398,0.451
23865,2,0.594,3.04,0.493
23866,2,0.461,3.795,0.617
23867,2,0.469,3.875,0.617
23868,2,0.434,4.026,0.645
23869,2,0.145,6.059,0.876
23870,2,0.434,4.094,0.631
23871,2,0.547,3.322,0.553
23872,2,0.473,3.74,0.607
23873,2,0.543,3.418,0.541
23874,2,0.539,3.372,0.558
23875,2,0.498,3.482,0.563
23876,2,0.617,2.697,0.491
23877,2,0.48,3.706,0.598
23878,2,0.609,2.785,0.483
23879,2,0.492,3.764,0.603
23880,2,0.494,3.701,0.588
23881,2,0.609,2.808,0.482
23882,2,0.387,4.344,0.683
23883,2,0.473,3.921,0.605
23884,2,0.475,3.925,0.598
23885,2,0.586,3.062,0.511
23886,2,0.492,3.484,0.57
23887,2,0.629,2.72,0.484
23888,2,0.531,3.487,0.55
23889,2,0.547,3.413,0.527
23890,2,0.539,3.356,0.55
23891,2,0.496,3.807,0.583
23892,2,0.352,4.683,0.72
23893,2,0.582,3.022,0.502
23894,2,0.5,3.704,0.581
23895,2,0.488,3.696,0.602
23896,2,0.574,3.069,0.513
23897,2,0.398,4.313,0.65
23898,2,0.41,4.368,0.676
23899,2,0.336,5.033,0.728
23900,2,0.656,2.503,0.437
23901,2,0.742,2.047,0.343
23902,2,0.332,4.998,0.743
23903,2,0.395,4.469,0.683
23904,2,0.49,3.838,0.591
23905,2,0.387,4.439,0.693
23906,2,0.432,4.226,0.648
23907,2,0.523,3.453,0.565
23908,2,0.328,5.021,0.753
23909,2,0.68,2.475,0.431
23910,2,0.391,4.373,0.698
23911,2,0.66,2.336,0.429
23912,2,0.48,3.665,0.601
23913,2,0.57,3.106,0.529
23914,2,0.57,3.191,0.525
23915,2,0.578,3.102,0.524
23916,2,0.453,4.011,0.638
23917,2,0.273,5.745,0.785
23918,2,0.543,3.274,0.539
23919,2,0.555,3.09,0.522
23920,2,0.555,3.192,0.537
23921,2,0.365,4.764,0.7
23922,2,0.463,3.976,0.627
23923,2,0.504,3.69,0.588
23924,2,0.391,4.565,0.678
23925,2,0.602,3.063,0.495
23926,2,0.559,3.077,0.531
23927,2,0.379,4.591,0.704
23928,2,0.459,4.024,0.627
23929,2,0.508,3.413,0.584
23930,2,0.516,3.623,0.545
23931,2,0.281,5.538,0.762
23932,2,0.461,3.907,0.625
23933,2,0.473,4.0,0.616
23934,2,0.68,2.46,0.433
23935,2,0.484,3.715,0.61
23936,2,0.43,4.205,0.656
23937,2,0.48,3.879,0.595
23938,2,0.434,3.989,0.628
23939,2,0.477,3.85,0.595
23940,2,0.57,3.133,0.52
23941,2,0.516,3.669,0.568
23942,2,0.664,2.364,0.435
23943,2,0.531,3.338,0.542
23944,2,0.531,3.466,0.566
23945,2,0.0,0.0,0.0
23946,2,0.41,4.248,0.672
23947,2,0.602,3.222,0.504
23948,2,0.43,4.123,0.644
23949,2,0.48,3.812,0.606
23950,2,0.625,2.714,0.479
23951,2,0.504,3.637,0.572
23952,2,0.582,2.971,0.506
23953,2,0.672,2.432,0.412
23954,2,0.547,3.257,0.522
23955,2,0.449,3.99,0.638
23956,2,0.492,3.687,0.594
23957,2,0.641,2.75,0.457
23958,2,0.441,3.952,0.644
23959,2,0.441,4.218,0.652
23960,2,0.277,5.465,0.798
23961,2,0.609,2.792,0.48
23962,2,0.377,4.575,0.695
23963,2,0.4,4.307,0.679
23964,2,0.629,2.537,0.437
23965,2,0.465,3.9,0.607
23966,2,0.52,3.311,0.565
23967,2,0.656,2.415,0.43
23968,2,0.371,4.608,0.715
23969,2,0.449,3.985,0.637
23970,2,0.531,3.43,0.565
23971,2,0.523,3.67,0.545
23972,2,0.59,3.065,0.52
23973,2,0.287,5.279,0.796
23974,2,0.434,4.088,0.689
23975,2,0.633,2.806,0.486
23976,2,0.418,4.282,0.662
23977,2,0.652,2.571,0.427
23978,2,0.434,4.164,0.645
23979,2,0.516,3.351,0.574
23980,2,0.262,5.535,0.802
23981,2,0.516,3.58,0.563
23982,2,0.617,2.778,0.471
23983,2,0.445,4.152,0.638
23984,2,0.469,3.922,0.604
23985,2,0.688,2.243,0.406
23986,2,0.586,2.922,0.502
23987,2,0.414,4.272,0.656
23988,2,0.605,2.739,0.497
23989,2,0.547,3.37,0.546
23990,2,0.598,3.069,0.485
23991,2,0.383,4.528,0.695
23992,2,0.523,3.405,0.565
23993,2,0.469,3.659,0.617
23994,2,0.578,3.096,0.524
23995,2,0.387,4.462,0.703
23996,2,0.699,2.203,0.404
23997,2,0.617,2.922,0.477
23998,2,0.324,4.943,0.754
23999,2,0.523,3.572,0.564
24000,2,0.594,2.879,0.488
24001,2,0.508,3.646,0.58
24002,2,0.273,5.513,0.791
24003,2,0.711,2.161,0.369
24004,2,0.539,3.386,0.55
24005,2,0.457,3.989,0.614
24006,2,0.48,3.807,0.613
24007,2,0.539,3.369,0.558
24008,2,0.531,3.436,0.556
24009,2,0.551,3.394,0.506
24010,2,0.508,3.618,0.576
24011,2,0.562,3.312,0.548
24012,2,0.68,2.557,0.405
24013,2,0.512,3.6,0.572
24014,2,0.469,4.109,0.614
24015,2,0.656,2.477,0.444
24016,2,0.246,5.584,0.819
24017,2,0.492,3.935,0.601
24018,2,0.57,3.309,0.503
24019,2,0.32,5.165,0.758
24020,2,0.586,3.002,0.525
24021,2,0.457,3.957,0.628
24022,2,0.434,4.169,0.642
24023,2,0.539,3.277,0.577
24024,2,0.539,3.372,0.566
24025,2,0.414,4.386,0.656
24026,2,0.418,4.196,0.658
24027,2,0.609,2.815,0.467
24028,2,0.586,3.112,0.507
24029,2,0.602,2.995,0.476
24030,2,0.424,4.21,0.656
24031,2,0.387,4.542,0.685
24032,2,0.32,5.026,0.747
24033,2,0.625,2.857,0.474
24034,2,0.523,3.496,0.557
24035,2,0.262,5.56,0.795
24036,2,0.605,2.964,0.49
24037,2,0.547,3.339,0.562
24038,2,0.57,3.073,0.539
24039,2,0.492,3.636,0.597
24040,2,0.547,3.423,0.549
24041,2,0.436,4.162,0.656
24042,2,0.508,3.33,0.568
24043,2,0.637,2.681,0.456
24044,2,0.463,3.977,0.636
24045,2,0.582,3.008,0.498
24046,2,0.465,3.94,0.626
24047,2,0.672,2.405,0.399
24048,2,0.523,3.418,0.568
24049,2,0.516,3.567,0.567
24050,2,0.301,5.233,0.77
24051,2,0.543,3.215,0.562
24052,2,0.256,5.435,0.798
24053,2,0.322,4.981,0.737
24054,2,0.516,3.626,0.586
24055,2,0.574,3.145,0.516
24056,2,0.504,3.498,0.587
24057,2,0.469,3.935,0.63
24058,2,0.543,3.391,0.532
24059,2,0.535,3.245,0.554
24060,2,0.52,3.48,0.566
24061,2,0.523,3.433,0.565
24062,2,0.41,4.31,0.674
24063,2,0.428,4.311,0.657
24064,2,0.49,3.571,0.598
24065,2,0.566,2.969,0.526
24066,2,0.512,3.453,0.572
24067,2,0.355,4.775,0.716
24068,2,0.305,5.217,0.768
24069,2,0.699,2.387,0.406
24070,2,0.395,4.415,0.686
24071,2,0.594,3.153,0.498
24072,2,0.523,3.464,0.575
24073,2,0.467,3.999,0.614
24074,2,0.68,2.272,0.419
24075,2,0.254,5.673,0.809
24076,2,0.504,3.777,0.6
24077,2,0.312,5.028,0.773
24078,2,0.594,2.932,0.5
24079,2,0.484,3.765,0.598
24080,2,0.201,6.237,0.85
24081,2,0.363,4.674,0.711
24082,2,0.633,2.699,0.466
24083,2,0.367,4.654,0.708
24084,2,0.202,6.234,0.836
24085,2,0.445,4.056,0.646
24086,2,0.322,4.997,0.743
24087,2,0.633,2.678,0.459
24088,2,0.477,3.817,0.596
24089,2,0.543,3.442,0.545
24090,2,0.387,4.545,0.691
24091,2,0.758,3.331,0.665
24092,2,0.652,2.531,0.447
24093,2,0.664,2.458,0.414
24094,2,0.359,4.675,0.718
24095,2,0.5,3.713,0.596
24096,2,0.344,4.996,0.728
24097,2,0.252,5.617,0.809
24098,2,0.424,4.148,0.658
24099,2,0.523,3.453,0.555
24100,2,0.633,2.508,0.466
24101,2,0.52,3.503,0.567
24102,2,0.598,3.088,0.466
24103,2,0.555,3.287,0.539
24104,2,0.457,3.998,0.62
24105,2,0.578,3.07,0.519
24106,2,0.625,2.709,0.489
24107,2,0.395,4.472,0.653
24108,2,0.656,2.342,0.447
24109,2,0.406,4.38,0.67
24110,2,0.57,3.251,0.534
24111,2,0.586,3.124,0.509
24112,2,0.436,4.151,0.639
24113,2,0.496,3.808,0.574
24114,2,0.406,4.355,0.674
24115,2,0.41,4.279,0.652
24116,2,0.311,5.057,0.759
24117,2,0.268,5.362,0.786
24118,2,0.174,6.49,0.866
24119,2,0.586,3.149,0.507
24120,2,0.482,3.69,0.594
24121,2,0.441,4.117,0.657
24122,2,0.582,3.129,0.491
24123,2,0.523,3.506,0.576
24124,2,0.326,5.005,0.741
24125,2,0.586,2.887,0.495
24126,2,0.539,3.365,0.553
24127,2,0.676,2.411,0.434
24128,2,0.395,4.516,0.701
24129,2,0.566,3.155,0.506
24130,2,0.285,5.344,0.782
24131,2,0.49,3.704,0.608
24132,2,0.359,4.597,0.718
24133,2,0.586,3.043,0.535
24134,2,0.539,3.527,0.555
24135,2,0.555,3.283,0.529
24136,2,0.443,4.015,0.632
24137,2,0.711,2.183,0.426
24138,2,0.516,3.5,0.553
24139,2,0.504,3.73,0.577
24140,2,0.594,3.138,0.504
24141,2,0.562,3.145,0.523
24142,2,0.492,3.783,0.598
24143,2,0.602,3.065,0.495
24144,2,0.562,3.241,0.521
24145,2,0.52,3.484,0.571
24146,2,0.582,3.123,0.502
24147,2,0.594,2.961,0.488
24148,2,0.455,3.923,0.62
24149,2,0.484,3.743,0.591
24150,2,0.695,2.239,0.398
24151,2,0.527,3.358,0.577
24152,2,0.486,3.795,0.608
24153,2,0.488,3.709,0.606
24154,2,0.404,4.441,0.673
24155,2,0.385,4.458,0.705
24156,2,0.328,4.966,0.744
24157,2,0.17,6.108,0.854
24158,2,0.504,3.395,0.57
24159,2,0.285,5.4,0.787
24160,2,0.547,3.356,0.541
24161,2,0.562,3.153,0.539
24162,2,0.494,3.705,0.598
24163,2,0.785,1.781,0.311
24164,2,0.531,3.598,0.556
24165,2,0.508,3.535,0.586
24166,2,0.586,3.111,0.517
24167,2,0.461,3.877,0.626
24168,2,0.512,3.582,0.588
24169,2,0.49,3.819,0.584
24170,2,0.609,2.797,0.485
24171,2,0.293,5.244,0.781
24172,2,0.586,2.934,0.491
24173,2,0.473,3.857,0.621
24174,2,0.539,3.402,0.552
24175,2,0.582,3.238,0.522
24176,2,0.248,5.672,0.819
24177,2,0.566,3.166,0.514
24178,2,0.484,3.766,0.598
24179,2,0.633,2.542,0.497
24180,2,0.602,2.839,0.509
24181,2,0.602,2.928,0.488
24182,2,0.361,4.883,0.733
24183,2,0.539,3.192,0.544
24184,2,0.543,3.248,0.544
24185,2,0.434,4.134,0.653
24186,2,0.34,4.677,0.725
24187,2,0.742,2.039,0.352
24188,2,0.609,2.993,0.459
24189,2,0.508,3.634,0.587
24190,2,0.324,5.0,0.766
24191,2,0.439,3.994,0.627
24192,2,0.625,2.751,0.469
24193,2,0.531,3.176,0.567
24194,2,0.578,3.016,0.512
24195,2,0.562,3.176,0.515
24196,2,0.461,3.883,0.617
24197,2,0.342,4.819,0.73
24198,2,0.271,5.599,0.789
24199,2,0.387,4.5,0.707
24200,2,0.453,4.116,0.633
24201,2,0.625,2.689,0.458
24202,2,0.469,4.015,0.617
24203,2,0.484,3.754,0.618
24204,2,0.244,5.471,0.81
24205,2,0.559,3.379,0.537
24206,2,0.617,2.871,0.481
24207,2,0.434,4.195,0.655
24208,2,0.496,3.791,0.592
24209,2,0.359,4.719,0.714
24210,2,0.555,3.156,0.544
24211,2,0.508,3.741,0.588
24212,2,0.621,2.89,0.491
24213,2,0.328,4.903,0.748
24214,2,0.582,2.965,0.507
24215,2,0.221,5.954,0.827
24216,2,0.625,2.788,0.469
24217,2,0.484,3.753,0.622
24218,2,0.645,2.815,0.461
24219,2,0.477,3.766,0.6
24220,2,0.445,4.021,0.62
24221,2,0.543,3.472,0.538
24222,2,0.562,3.144,0.516
24223,2,0.617,2.705,0.48
24224,2,0.555,3.12,0.527
24225,2,0.418,4.364,0.658
24226,2,0.648,2.617,0.436
24227,2,0.516,3.587,0.57
24228,2,0.492,3.72,0.589
24229,2,0.496,3.738,0.592
24230,2,0.66,2.639,0.424
24231,2,0.402,4.285,0.672
24232,2,0.268,5.452,0.786
24233,2,0.566,3.128,0.532
24234,2,0.477,3.803,0.605
24235,2,0.416,4.361,0.641
24236,2,0.52,3.308,0.561
24237,2,0.395,4.504,0.696
24238,2,0.492,3.548,0.601
24239,2,0.371,4.726,0.704
24240,2,0.672,2.552,0.427
24241,2,0.492,3.53,0.601
24242,2,0.586,3.012,0.501
24243,2,0.473,3.951,0.617
24244,2,0.463,3.88,0.616
24245,2,0.5,3.602,0.596
24246,2,0.617,2.865,0.465
24247,2,0.449,4.171,0.635
24248,2,0.531,3.61,0.553
24249,2,0.527,3.471,0.587
24250,2,0.594,3.154,0.489
24251,2,0.312,5.145,0.754
24252,2,0.652,2.6,0.425
24253,2,0.48,3.852,0.615
24254,2,0.594,3.051,0.487
24255,2,0.574,3.113,0.534
24256,2,0.32,5.033,0.745
24257,2,0.436,4.224,0.655
24258,2,0.348,4.79,0.723
24259,2,0.66,2.382,0.435
24260,2,0.324,5.007,0.726
24261,2,0.527,3.398,0.557
24262,2,0.719,2.232,0.363
24263,2,0.594,3.059,0.501
24264,2,0.535,3.489,0.559
24265,2,0.562,3.205,0.511
24266,2,0.449,4.13,0.633
24267,2,0.211,5.945,0.835
24268,2,0.539,3.402,0.54
24269,2,0.719,2.184,0.381
24270,2,0.48,3.736,0.593
24271,2,0.459,3.976,0.618
24272,2,0.602,2.94,0.497
24273,2,0.391,4.458,0.687
24274,2,0.316,5.041,0.759
24275,2,0.449,4.011,0.645
24276,2,0.637,2.567,0.43
24277,2,0.512,3.62,0.569
24278,2,0.361,4.645,0.71
24279,2,0.539,3.375,0.55
24280,2,0.465,3.871,0.619
24281,2,0.422,4.248,0.658
24282,2,0.312,5.188,0.748
24283,2,0.547,3.388,0.547
24284,2,0.422,4.117,0.645
24285,2,0.711,2.446,0.392
24286,2,0.523,3.24,0.558
24287,2,0.562,3.067,0.511
24288,2,0.523,3.532,0.574
24289,2,0.652,2.61,0.437
24290,2,0.555,3.19,0.521
24291,2,0.539,3.442,0.564
24292,2,0.59,3.058,0.506
24293,2,0.539,3.404,0.541
24294,2,0.512,3.6,0.568
24295,2,0.438,4.1,0.645
24296,2,0.543,3.214,0.54
24297,2,0.395,4.558,0.678
24298,2,0.57,3.076,0.53
24299,2,0.523,3.54,0.561
24300,2,0.57,3.313,0.523
24301,2,0.5,3.668,0.587
24302,2,0.629,2.606,0.482
24303,2,0.156,6.286,0.885
24304,2,0.559,2.956,0.563
24305,2,0.488,3.659,0.588
24306,2,0.214,6.045,0.831
24307,2,0.488,3.819,0.596
24308,2,0.703,2.327,0.402
24309,2,0.492,3.622,0.59
24310,2,0.539,3.234,0.55
24311,2,0.516,3.538,0.568
24312,2,0.5,3.585,0.583
24313,2,0.488,3.763,0.583
24314,2,0.52,3.594,0.575
24315,2,0.293,5.063,0.778
24316,2,0.303,5.182,0.768
24317,2,0.801,1.716,0.263
24318,2,0.574,2.842,0.496
24319,2,0.484,3.767,0.604
24320,2,0.398,4.425,0.677
24321,2,0.426,4.118,0.643
24322,2,0.412,4.232,0.658
24323,2,0.402,4.432,0.692
24324,2,0.582,3.088,0.508
24325,2,0.57,3.292,0.517
24326,2,0.594,3.091,0.504
24327,2,0.586,3.139,0.505
24328,2,0.387,4.511,0.696
24329,2,0.504,3.611,0.586
24330,2,0.57,3.088,0.531
24331,2,0.543,3.43,0.555
24332,2,0.277,5.438,0.78
24333,2,0.512,3.829,0.602
24334,2,0.523,3.377,0.561
24335,2,0.734,2.153,0.358
24336,2,0.605,2.838,0.49
24337,2,0.301,5.09,0.774
24338,2,0.41,4.38,0.667
24339,2,0.555,3.252,0.548
24340,2,0.562,3.256,0.532
24341,2,0.531,3.266,0.547
24342,2,0.461,3.853,0.618
24343,2,0.504,3.684,0.589
24344,2,0.455,3.933,0.619
24345,2,0.562,3.128,0.53
24346,2,0.539,3.373,0.537
24347,2,0.223,5.953,0.844
24348,2,0.59,2.971,0.527
24349,2,0.594,3.017,0.492
24350,2,0.656,2.637,0.444
24351,2,0.602,2.956,0.51
24352,2,0.418,4.14,0.649
24353,2,0.398,4.443,0.685
24354,2,0.451,3.936,0.625
24355,2,0.461,4.162,0.627
24356,2,0.676,2.522,0.429
24357,2,0.479,3.898,0.621
24358,2,0.57,3.254,0.54
24359,2,0.602,2.992,0.5
24360,2,0.773,1.916,0.342
24361,2,0.465,4.076,0.614
24362,2,0.467,3.964,0.618
24363,2,0.238,5.838,0.813
24364,2,0.555,3.315,0.536
24365,2,0.191,6.314,0.83
24366,2,0.445,4.038,0.645
24367,2,0.578,3.041,0.51
24368,2,0.562,3.174,0.551
24369,2,0.447,4.192,0.635
24370,2,0.355,4.712,0.719
24371,2,0.582,3.159,0.507
24372,2,0.359,4.712,0.708
24373,2,0.258,5.673,0.789
24374,2,0.332,4.982,0.717
24375,2,0.41,4.409,0.672
24376,2,0.484,3.849,0.607
24377,2,0.486,3.88,0.607
24378,2,0.664,2.51,0.439
24379,2,0.465,3.928,0.632
24380,2,0.465,3.881,0.603
24381,2,0.359,4.671,0.716
24382,2,0.609,2.938,0.482
24383,2,0.512,3.708,0.589
24384,2,0.32,5.068,0.753
24385,2,0.385,4.506,0.697
24386,2,0.547,3.195,0.572
24387,2,0.434,4.123,0.649
24388,2,0.305,5.13,0.757
24389,2,0.512,3.476,0.586
24390,2,0.363,4.589,0.705
24391,2,0.578,3.03,0.536
24392,2,0.418,4.351,0.664
24393,2,0.523,3.373,0.588
24394,2,0.578,3.004,0.539
24395,2,0.396,4.347,0.675
24396,2,0.578,3.03,0.486
24397,2,0.637,2.724,0.453
24398,2,0.594,2.969,0.511
24399,2,0.539,3.32,0.54
24400,2,0.379,4.523,0.687
24401,2,0.543,3.206,0.557
24402,2,0.457,4.147,0.632
24403,2,0.516,3.69,0.56
24404,2,0.543,3.157,0.556
24405,2,0.594,3.099,0.498
24406,2,0.617,2.806,0.474
24407,2,0.508,3.512,0.566
24408,2,0.57,3.187,0.522
24409,2,0.641,2.78,0.459
24410,2,0.479,3.867,0.622
24411,2,0.453,3.905,0.634
24412,2,0.562,3.189,0.533
24413,2,0.488,3.716,0.6
24414,2,0.504,3.641,0.586
24415,2,0.516,3.514,0.578
24416,2,0.475,3.885,0.618
24417,2,0.512,3.611,0.579
24418,2,0.598,3.012,0.489
24419,2,0.527,3.498,0.557
24420,2,0.232,5.78,0.817
24421,2,0.469,3.981,0.619
24422,2,0.414,4.357,0.67
24423,2,0.482,3.997,0.58
24424,2,0.594,2.37,0.506
24425,2,0.4,4.333,0.683
24426,2,0.516,3.524,0.558
24427,2,0.504,3.485,0.582
24428,2,0.719,2.07,0.38
24429,2,0.535,3.481,0.546
24430,2,0.688,2.541,0.414
24431,2,0.463,3.87,0.611
24432,2,0.465,3.927,0.625
24433,2,0.508,3.659,0.581
24434,2,0.523,3.59,0.583
24435,2,0.59,2.844,0.502
24436,2,0.578,3.021,0.502
24437,2,0.463,3.987,0.63
24438,2,0.297,5.279,0.776
24439,2,0.465,3.849,0.646
24440,2,0.461,3.978,0.629
24441,2,0.539,3.307,0.55
24442,2,0.633,2.833,0.445
24443,2,0.547,3.288,0.545
24444,2,0.57,3.031,0.507
24445,2,0.723,2.139,0.367
24446,2,0.582,3.126,0.509
24447,2,0.492,3.568,0.603
24448,2,0.59,2.88,0.504
24449,2,0.574,3.1,0.523
24450,2,0.645,2.677,0.452
24451,2,0.482,3.894,0.618
24452,2,0.648,2.604,0.424
24453,2,0.488,3.664,0.598
24454,2,0.578,3.087,0.512
24455,2,0.318,4.945,0.749
24456,2,0.555,3.201,0.549
24457,2,0.471,3.908,0.6
24458,2,0.309,5.036,0.76
24459,2,0.516,3.298,0.567
24460,2,0.586,2.995,0.513
24461,2,0.344,4.886,0.727
24462,2,0.357,4.633,0.702
24463,2,0.398,4.367,0.697
24464,2,0.461,4.104,0.626
24465,2,0.586,3.157,0.506
24466,2,0.449,4.091,0.631
24467,2,0.551,3.29,0.537
24468,2,0.582,3.029,0.502
24469,2,0.363,4.545,0.709
24470,2,0.326,5.024,0.734
24471,2,0.18,6.197,0.874
24472,2,0.547,3.277,0.551
24473,2,0.555,3.287,0.511
24474,2,0.348,4.72,0.727
24475,2,0.492,3.716,0.578
24476,2,0.428,4.15,0.654
24477,2,0.52,3.429,0.576
24478,2,0.562,3.328,0.521
24479,2,0.434,4.231,0.646
24480,2,0.475,3.838,0.613
24481,2,0.52,3.629,0.573
24482,2,0.605,3.039,0.491
24483,2,0.555,3.434,0.556
24484,2,0.641,2.73,0.465
24485,2,0.625,2.711,0.484
24486,2,0.496,3.641,0.587
24487,2,0.672,2.407,0.437
24488,2,0.508,3.592,0.582
24489,2,0.402,4.475,0.689
24490,2,0.396,4.529,0.674
24491,2,0.359,4.638,0.701
24492,2,0.574,3.151,0.526
24493,2,0.602,3.007,0.475
24494,2,0.602,3.108,0.502
24495,2,0.475,3.887,0.617
24496,2,0.648,2.663,0.437
24497,2,0.312,5.051,0.756
24498,2,0.57,3.238,0.53
24499,2,0.605,2.861,0.483
24500,2,0.508,3.668,0.587
24501,2,0.484,3.727,0.604
24502,2,0.547,3.322,0.523
24503,2,0.473,3.89,0.611
24504,2,0.633,2.56,0.459
24505,2,0.516,3.554,0.57
24506,2,0.52,3.364,0.561
24507,2,0.5,3.643,0.601
24508,2,0.367,4.601,0.709
24509,2,0.416,4.241,0.656
24510,2,0.398,4.431,0.664
24511,2,0.625,2.676,0.477
24512,2,0.512,3.465,0.578
24513,2,0.484,3.633,0.589
24514,2,0.527,3.474,0.535
24515,2,0.43,4.129,0.657
24516,2,0.609,2.917,0.485
24517,2,0.395,4.389,0.692
24518,2,0.605,2.955,0.48
24519,2,0.5,3.668,0.588
24520,2,0.434,4.23,0.644
24521,2,0.641,2.653,0.48
24522,2,0.602,2.926,0.487
24523,2,0.586,3.179,0.505
24524,2,0.555,3.251,0.549
24525,2,0.555,3.186,0.55
24526,2,0.387,4.471,0.692
24527,2,0.527,3.352,0.57
24528,2,0.664,2.48,0.411
24529,2,0.664,2.443,0.429
24530,2,0.574,3.021,0.513
24531,2,0.543,3.431,0.53
24532,2,0.578,3.015,0.517
24533,2,0.508,3.781,0.584
24534,2,0.508,3.612,0.595
24535,2,0.258,5.498,0.779
24536,2,0.484,3.758,0.598
24537,2,0.461,3.993,0.627
24538,2,0.555,3.207,0.538
24539,2,0.139,6.544,0.896
24540,2,0.219,6.134,0.843
24541,2,0.414,4.246,0.668
24542,2,0.531,3.517,0.547
24543,2,0.484,3.665,0.595
24544,2,0.295,5.425,0.758
24545,2,0.598,3.044,0.494
24546,2,0.373,4.525,0.709
24547,2,0.617,2.873,0.466
24548,2,0.453,3.967,0.65
24549,2,0.547,3.273,0.532
24550,2,0.535,3.403,0.563
24551,2,0.551,3.072,0.527
24552,2,0.617,2.781,0.494
24553,2,0.309,5.017,0.764
24554,2,0.645,2.622,0.438
24555,2,0.344,5.09,0.709
24556,2,0.617,2.961,0.486
24557,2,0.586,2.959,0.516
24558,2,0.428,4.146,0.624
24559,2,0.457,3.75,0.618
24560,2,0.17,6.458,0.858
24561,2,0.531,3.509,0.565
24562,2,0.523,3.467,0.54
24563,2,0.492,3.819,0.596
24564,2,0.711,2.15,0.373
24565,2,0.277,5.405,0.777
24566,2,0.43,4.134,0.634
24567,2,0.414,4.395,0.67
24568,2,0.562,3.092,0.507
24569,2,0.197,6.201,0.852
24570,2,0.629,2.805,0.445
24571,2,0.535,3.309,0.554
24572,2,0.539,3.318,0.555
24573,2,0.461,3.984,0.612
24574,2,0.486,3.822,0.581
24575,2,0.586,3.164,0.497
24576,2,0.586,3.188,0.518
24577,2,0.609,2.756,0.474
24578,2,0.477,3.869,0.602
24579,2,0.5,3.606,0.578
24580,2,0.672,2.229,0.414
24581,2,0.332,5.105,0.729
24582,2,0.648,2.599,0.441
24583,2,0.441,3.979,0.626
24584,2,0.387,4.579,0.689
24585,2,0.266,5.593,0.801
24586,2,0.385,4.444,0.695
24587,2,0.34,4.87,0.726
24588,2,0.672,2.395,0.435
24589,2,0.383,4.564,0.689
24590,2,0.539,3.333,0.553
24591,2,0.566,3.112,0.542
24592,2,0.555,3.09,0.53
24593,2,0.25,5.68,0.783
24594,2,0.473,3.966,0.61
24595,2,0.363,4.695,0.708
24596,2,0.605,2.963,0.49
24597,2,0.605,3.01,0.485
24598,2,0.268,5.528,0.767
24599,2,0.508,3.651,0.577
24600,2,0.594,2.969,0.5
24601,2,0.641,2.697,0.465
24602,2,0.539,3.233,0.552
24603,2,0.445,4.19,0.636
24604,2,0.379,4.614,0.697
24605,2,0.196,5.79,0.831
24606,2,0.309,5.061,0.752
24607,2,0.637,2.74,0.46
24608,2,0.453,3.973,0.634
24609,2,0.244,5.643,0.816
24610,2,0.656,2.603,0.434
24611,2,0.609,2.975,0.48
24612,2,0.43,4.32,0.653
24613,2,0.484,3.787,0.601
24614,2,0.602,2.619,0.484
24615,2,0.43,4.196,0.641
24616,2,0.492,3.706,0.605
24617,2,0.441,4.133,0.646
24618,2,0.492,3.699,0.585
24619,2,0.488,3.829,0.596
24620,2,0.656,2.387,0.441
24621,2,0.443,4.115,0.643
24622,2,0.477,3.849,0.587
24623,2,0.484,3.7,0.601
24624,2,0.387,4.525,0.683
24625,2,0.59,2.957,0.513
24626,2,0.52,3.521,0.564
24627,2,0.293,5.325,0.776
24628,2,0.406,4.431,0.667
24629,2,0.4,4.491,0.673
24630,2,0.566,3.208,0.524
24631,2,0.332,4.897,0.74
24632,2,0.582,3.218,0.52
24633,2,0.531,3.332,0.575
24634,2,0.586,3.107,0.497
24635,2,0.492,3.747,0.597
24636,2,0.441,4.05,0.637
24637,2,0.33,4.862,0.739
24638,2,0.539,3.393,0.555
24639,2,0.445,4.136,0.651
24640,2,0.57,3.153,0.547
24641,2,0.633,2.546,0.456
24642,2,0.455,3.933,0.607
24643,2,0.414,4.286,0.657
24644,2,0.297,4.956,0.756
24645,2,0.555,3.231,0.522
24646,2,0.434,3.949,0.657
24647,2,0.602,2.919,0.488
24648,2,0.531,3.468,0.566
24649,2,0.354,4.895,0.717
24650,2,0.633,2.696,0.47
24651,2,0.543,3.438,0.531
24652,2,0.562,3.32,0.52
24653,2,0.508,3.494,0.564
24654,2,0.352,4.81,0.713
24655,2,0.508,3.557,0.585
24656,2,0.527,3.493,0.556
24657,2,0.471,3.988,0.626
24658,2,0.408,4.237,0.678
24659,2,0.496,3.835,0.592
24660,2,0.439,4.17,0.643
24661,2,0.648,2.694,0.433
24662,2,0.617,2.997,0.477
24663,2,0.498,3.652,0.568
24664,2,0.473,3.959,0.619
24665,2,0.395,4.604,0.694
24666,2,0.578,2.935,0.528
24667,2,0.586,2.978,0.49
24668,2,0.508,3.601,0.596
24669,2,0.539,3.42,0.553
24670,2,0.656,2.52,0.442
24671,2,0.633,2.643,0.454
24672,2,0.393,4.431,0.677
24673,2,0.547,3.37,0.545
24674,2,0.363,4.61,0.702
24675,2,0.551,3.012,0.546
24676,2,0.383,4.516,0.688
24677,2,0.473,3.532,0.584
24678,2,0.484,3.918,0.588
24679,2,0.469,3.688,0.629
24680,2,0.383,4.447,0.7
24681,2,0.609,2.821,0.52
24682,2,0.27,5.494,0.797
24683,2,0.496,3.753,0.592
24684,2,0.586,3.074,0.511
24685,2,0.684,2.431,0.43
24686,2,0.688,2.267,0.416
24687,2,0.52,3.606,0.575
24688,2,0.539,3.326,0.56
24689,2,0.418,4.296,0.677
24690,2,0.664,2.426,0.417
24691,2,0.598,3.182,0.503
24692,2,0.715,2.276,0.393
24693,2,0.57,3.091,0.519
24694,2,0.391,4.412,0.709
24695,2,0.293,5.177,0.785
24696,2,0.438,4.148,0.641
24697,2,0.465,3.634,0.632
24698,2,0.457,4.105,0.622
24699,2,0.398,4.63,0.682
24700,2,0.477,3.831,0.604
24701,2,0.391,4.544,0.69
24702,2,0.621,2.902,0.466
24703,2,0.449,4.03,0.628
24704,2,0.41,4.32,0.672
24705,2,0.465,3.849,0.612
24706,2,0.465,4.048,0.618
24707,2,0.488,3.666,0.59
24708,2,0.551,3.301,0.538
24709,2,0.434,3.985,0.654
24710,2,0.402,4.431,0.673
24711,2,0.312,5.078,0.764
24712,2,0.32,5.031,0.76
24713,2,0.387,4.444,0.7
24714,2,0.484,3.757,0.583
24715,2,0.328,4.919,0.729
24716,2,0.617,2.887,0.492
24717,2,0.512,3.62,0.574
24718,2,0.57,2.975,0.528
24719,2,0.656,2.485,0.44
24720,2,0.641,2.688,0.461
24721,2,0.531,3.465,0.551
24722,2,0.34,4.947,0.731
24723,2,0.459,3.976,0.636
24724,2,0.396,4.528,0.684
24725,2,0.5,3.646,0.575
24726,2,0.672,2.462,0.439
24727,2,0.443,4.177,0.634
24728,2,0.492,3.691,0.59
24729,2,0.395,4.459,0.701
24730,2,0.52,3.481,0.576
24731,2,0.344,4.867,0.725
24732,2,0.477,3.766,0.613
24733,2,0.57,3.178,0.521
24734,2,0.471,3.844,0.61
24735,2,0.213,5.678,0.827
24736,2,0.379,4.617,0.704
24737,2,0.404,4.351,0.659
24738,2,0.516,3.607,0.57
24739,2,0.641,2.649,0.431
24740,2,0.586,3.205,0.509
24741,2,0.609,2.742,0.486
24742,2,0.555,3.362,0.53
24743,2,0.613,2.805,0.493
24744,2,0.291,5.262,0.761
24745,2,0.27,5.362,0.796
24746,2,0.303,5.214,0.766
24747,2,0.609,2.925,0.49
24748,2,0.371,4.74,0.691
24749,2,0.434,4.156,0.645
24750,2,0.275,5.388,0.783
24751,2,0.719,2.213,0.38
24752,2,0.566,3.265,0.52
24753,2,0.484,3.741,0.604
24754,2,0.438,4.072,0.643
24755,2,0.57,3.207,0.522
24756,2,0.664,2.496,0.425
24757,2,0.305,5.117,0.757
24758,2,0.648,2.742,0.443
24759,2,0.555,3.315,0.546
24760,2,0.699,2.32,0.403
24761,2,0.371,4.556,0.704
24762,2,0.754,2.066,0.324
24763,2,0.477,4.065,0.617
24764,2,0.324,4.887,0.742
24765,2,0.422,4.316,0.659
24766,2,0.141,6.725,0.897
24767,2,0.602,3.022,0.481
24768,2,0.164,6.598,0.879
24769,2,0.656,2.709,0.453
24770,2,0.617,3.027,0.483
24771,2,0.332,4.93,0.738
24772,2,0.469,3.733,0.604
24773,2,0.449,4.05,0.637
24774,2,0.212,5.798,0.826
24775,2,0.531,3.213,0.572
24776,2,0.609,2.767,0.48
24777,2,0.273,5.489,0.784
24778,2,0.311,5.11,0.772
24779,2,0.547,3.376,0.559
24780,2,0.648,2.566,0.439
24781,2,0.648,2.569,0.449
24782,2,0.391,4.63,0.687
24783,2,0.461,4.006,0.618
24784,2,0.637,2.601,0.45
24785,2,0.508,3.627,0.576
24786,2,0.469,3.873,0.602
24787,2,0.527,3.482,0.544
24788,2,0.602,3.047,0.492
24789,2,0.469,3.961,0.601
24790,2,0.672,2.424,0.416
24791,2,0.531,3.222,0.558
24792,2,0.578,3.156,0.509
24793,2,0.328,4.894,0.746
24794,2,0.488,3.676,0.61
24795,2,0.582,3.224,0.505
24796,2,0.562,3.194,0.532
24797,2,0.434,4.214,0.644
24798,2,0.332,5.058,0.762
24799,2,0.594,2.947,0.505
24800,2,0.32,5.058,0.761
24801,2,0.5,3.648,0.594
24802,2,0.273,5.572,0.783
24803,2,0.465,3.912,0.617
24804,2,0.307,5.164,0.76
24805,2,0.414,4.331,0.659
24806,2,0.672,2.26,0.448
24807,2,0.32,4.882,0.713
24808,2,0.443,4.081,0.637
24809,2,0.396,4.534,0.679
24810,2,0.531,4.024,0.709
24811,2,0.426,4.339,0.663
24812,2,0.451,4.016,0.641
24813,2,0.293,5.261,0.776
24814,2,0.555,3.314,0.528
24815,2,0.578,3.054,0.501
24816,2,0.52,3.449,0.576
24817,2,0.504,3.55,0.585
24818,2,0.66,2.634,0.453
24819,2,0.516,3.262,0.569
24820,2,0.633,2.699,0.459
24821,2,0.383,4.545,0.7
24822,2,0.48,3.922,0.597
24823,2,0.512,3.578,0.576
24824,2,0.416,4.281,0.67
24825,2,0.516,3.531,0.578
24826,2,0.656,2.496,0.44
24827,2,0.57,3.228,0.53
24828,2,0.586,3.048,0.507
24829,2,0.566,3.199,0.53
24830,2,0.641,2.668,0.456
24831,2,0.516,3.502,0.579
24832,2,0.508,3.571,0.583
24833,2,0.473,3.812,0.604
24834,2,0.598,2.955,0.482
24835,2,0.232,5.89,0.825
24836,2,0.566,3.221,0.508
24837,2,0.605,2.951,0.493
24838,2,0.453,3.916,0.621
24839,2,0.586,2.999,0.504
24840,2,0.391,4.347,0.68
24841,2,0.598,3.043,0.506
24842,2,0.555,3.406,0.53
24843,2,0.637,2.869,0.454
24844,2,0.359,4.675,0.702
24845,2,0.543,3.26,0.545
24846,2,0.443,4.094,0.634
24847,2,0.512,3.539,0.565
24848,2,0.574,3.293,0.51
24849,2,0.498,3.637,0.587
24850,2,0.641,2.747,0.464
24851,2,0.449,4.215,0.647
24852,2,0.332,4.869,0.737
24853,2,0.453,3.974,0.623
24854,2,0.512,3.47,0.58
24855,2,0.391,4.474,0.691
24856,2,0.562,3.13,0.539
24857,2,0.605,2.988,0.491
24858,2,0.609,2.925,0.488
24859,2,0.465,3.804,0.617
24860,2,0.301,5.253,0.769
24861,2,0.367,4.63,0.703
24862,2,0.598,2.826,0.51
24863,2,0.656,2.53,0.435
24864,2,0.303,5.347,0.761
24865,2,0.539,3.428,0.558
24866,2,0.727,2.117,0.364
24867,2,0.625,2.738,0.468
24868,2,0.578,2.964,0.513
24869,2,0.352,4.675,0.712
24870,2,0.383,4.49,0.682
24871,2,0.441,4.009,0.646
24872,2,0.57,3.158,0.526
24873,2,0.445,4.042,0.646
24874,2,0.629,2.821,0.442
24875,2,0.637,2.718,0.445
24876,2,0.443,3.992,0.645
24877,2,0.387,4.502,0.683
24878,2,0.625,2.693,0.457
24879,2,0.617,2.832,0.484
24880,2,0.145,5.954,0.876
24881,2,0.527,3.459,0.555
24882,2,0.566,3.128,0.52
24883,2,0.562,3.287,0.517
24884,2,0.479,3.828,0.616
24885,2,0.479,3.784,0.608
24886,2,0.289,5.366,0.743
24887,2,0.41,4.209,0.675
24888,2,0.547,3.294,0.535
24889,2,0.246,5.858,0.808
24890,2,0.59,2.916,0.483
24891,2,0.523,3.167,0.545
24892,2,0.535,3.505,0.544
24893,2,0.586,2.968,0.509
24894,2,0.475,4.032,0.601
24895,2,0.332,4.781,0.742
24896,2,0.672,2.502,0.422
24897,2,0.562,3.228,0.521
24898,2,0.562,3.082,0.552
24899,2,0.727,2.08,0.359
24900,2,0.457,3.955,0.63
24901,2,0.48,3.846,0.6
24902,2,0.586,3.044,0.498
24903,2,0.383,4.6,0.7
24904,2,0.383,4.585,0.695
24905,2,0.609,2.949,0.492
24906,2,0.539,3.177,0.563
24907,2,0.426,4.243,0.64
24908,2,0.344,4.819,0.723
24909,2,0.305,5.055,0.765
24910,2,0.352,4.674,0.713
24911,2,0.531,3.295,0.561
24912,2,0.43,4.205,0.655
24913,2,0.562,3.077,0.53
24914,2,0.594,3.037,0.48
24915,2,0.562,2.965,0.532
24916,2,0.398,4.372,0.677
24917,2,0.357,4.737,0.701
24918,2,0.52,3.38,0.574
24919,2,0.5,3.77,0.573
24920,2,0.418,4.299,0.662
24921,2,0.191,6.374,0.855
24922,2,0.418,4.253,0.665
24923,2,0.367,4.651,0.698
24924,2,0.453,4.024,0.631
24925,2,0.301,5.258,0.772
24926,2,0.574,3.071,0.517
24927,2,0.398,4.334,0.677
24928,2,0.523,3.463,0.553
24929,2,0.348,4.688,0.725
24930,2,0.625,2.78,0.484
24931,2,0.547,3.376,0.576
24932,2,0.422,4.246,0.669
24933,2,0.241,5.795,0.825
24934,2,0.332,4.928,0.741
24935,2,0.562,3.242,0.535
24936,2,0.68,2.461,0.405
24937,2,0.371,4.559,0.713
24938,2,0.539,3.373,0.537
24939,2,0.531,3.324,0.571
24940,2,0.479,3.809,0.611
24941,2,0.445,4.136,0.634
24942,2,0.395,4.418,0.693
24943,2,0.312,5.28,0.746
24944,2,0.426,4.281,0.647
24945,2,0.539,3.126,0.563
24946,2,0.426,4.292,0.642
24947,2,0.512,3.528,0.593
24948,2,0.5,3.644,0.574
24949,2,0.609,3.046,0.529
24950,2,0.447,4.156,0.638
24951,2,0.5,3.778,0.588
24952,2,0.578,3.258,0.503
24953,2,0.586,3.041,0.486
24954,2,0.68,2.402,0.432
24955,2,0.249,5.725,0.791
24956,2,0.441,4.122,0.646
24957,2,0.586,3.145,0.497
24958,2,0.605,2.907,0.475
24959,2,0.602,3.074,0.514
24960,2,0.57,3.1,0.533
24961,2,0.488,3.678,0.596
24962,2,0.609,2.83,0.48
24963,2,0.379,4.543,0.7
24964,2,0.531,3.313,0.552
24965,2,0.578,2.926,0.51
24966,2,0.543,3.316,0.535
24967,2,0.322,5.017,0.76
24968,2,0.617,2.705,0.47
24969,2,0.59,2.971,0.503
24970,2,0.645,2.439,0.459
24971,2,0.363,4.466,0.7
24972,2,0.414,4.38,0.663
24973,2,0.441,3.996,0.624
24974,2,0.438,4.102,0.648
24975,2,0.43,4.094,0.646
24976,2,0.594,3.051,0.521
24977,2,0.656,2.408,0.444
24978,2,0.523,3.466,0.559
24979,2,0.457,4.016,0.624
24980,2,0.633,2.712,0.478
24981,2,0.516,3.551,0.57
24982,2,0.465,3.899,0.627
24983,2,0.328,5.028,0.756
24984,2,0.258,5.738,0.809
24985,2,0.422,4.14,0.652
24986,2,0.354,4.842,0.716
24987,2,0.414,4.4,0.66
24988,2,0.539,3.296,0.547
24989,2,0.578,3.147,0.526
24990,2,0.629,2.853,0.414
24991,2,0.57,3.21,0.515
24992,2,0.43,4.256,0.652
24993,2,0.695,2.43,0.409
24994,2,0.434,4.258,0.655
24995,2,0.467,4.004,0.619
24996,2,0.625,2.836,0.463
24997,2,0.486,3.53,0.612
24998,2,0.348,4.595,0.723
24999,2,0.428,4.216,0.656
25000,2,0.617,2.748,0.473
25001,2,0.48,3.737,0.618
25002,2,0.613,2.829,0.476
25003,2,0.602,3.017,0.503
25004,2,0.516,3.499,0.555
25005,2,0.432,4.148,0.649
25006,2,0.412,4.069,0.622
25007,2,0.387,4.472,0.693
25008,2,0.516,3.468,0.565
25009,2,0.559,3.171,0.534
25010,2,0.459,3.928,0.602
25011,2,0.578,3.069,0.516
25012,2,0.375,4.553,0.692
25013,2,0.559,3.188,0.532
25014,2,0.531,3.423,0.555
25015,2,0.465,3.774,0.623
25016,2,0.416,4.226,0.66
25017,2,0.383,4.404,0.691
25018,2,0.547,3.341,0.565
25019,2,0.424,4.09,0.652
25020,2,0.254,5.617,0.805
25021,2,0.625,2.879,0.462
25022,2,0.496,3.73,0.601
25023,2,0.637,2.543,0.451
25024,2,0.348,4.755,0.732
25025,2,0.656,2.388,0.41
25026,2,0.5,3.788,0.625
25027,2,0.551,3.421,0.522
25028,2,0.457,3.955,0.632
25029,2,0.539,3.356,0.555
25030,2,0.523,3.38,0.567
25031,2,0.57,3.065,0.521
25032,2,0.512,3.449,0.59
25033,2,0.424,4.072,0.662
25034,2,0.594,2.923,0.485
25035,2,0.453,3.966,0.623
25036,2,0.438,4.195,0.658
25037,2,0.578,3.031,0.537
25038,2,0.398,4.453,0.673
25039,2,0.617,2.934,0.487
25040,2,0.578,3.027,0.522
25041,2,0.398,4.399,0.66
25042,2,0.385,4.693,0.677
25043,2,0.48,3.842,0.604
25044,2,0.492,3.653,0.599
25045,2,0.543,3.259,0.537
25046,2,0.539,3.206,0.55
25047,2,0.432,4.243,0.653
25048,2,0.617,2.687,0.47
25049,2,0.375,4.624,0.708
25050,2,0.162,6.602,0.878
25051,2,0.531,3.554,0.556
25052,2,0.293,5.202,0.775
25053,2,0.586,3.125,0.497
25054,2,0.168,5.886,0.869
25055,2,0.455,4.048,0.617
25056,2,0.484,3.688,0.6
25057,2,0.283,5.188,0.784
25058,2,0.166,6.484,0.882
25059,2,0.459,3.973,0.639
25060,2,0.609,2.894,0.482
25061,2,0.498,3.61,0.584
25062,2,0.498,3.648,0.591
25063,2,0.609,2.988,0.486
25064,2,0.57,3.253,0.521
25065,2,0.247,5.661,0.812
25066,2,0.602,2.988,0.487
25067,2,0.316,5.089,0.766
25068,2,0.293,5.143,0.775
25069,2,0.496,3.629,0.59
25070,2,0.367,4.641,0.706
25071,2,0.498,3.674,0.584
25072,2,0.277,5.47,0.796
25073,2,0.555,2.988,0.54
25074,2,0.539,3.31,0.537
25075,2,0.473,3.995,0.609
25076,2,0.508,3.388,0.58
25077,2,0.34,5.011,0.727
25078,2,0.406,4.045,0.645
25079,2,0.142,6.615,0.898
25080,2,0.52,3.524,0.559
25081,2,0.418,4.325,0.661
25082,2,0.633,2.669,0.445
25083,2,0.555,3.298,0.529
25084,2,0.617,2.805,0.466
25085,2,0.426,4.13,0.666
25086,2,0.314,5.147,0.744
25087,2,0.465,3.905,0.629
25088,2,0.633,2.57,0.481
25089,2,0.357,4.773,0.718
25090,2,0.434,4.138,0.634
25091,2,0.625,2.828,0.468
25092,2,0.348,4.779,0.723
25093,2,0.758,1.978,0.344
25094,2,0.41,4.3,0.68
25095,2,0.539,3.615,0.551
25096,2,0.668,2.35,0.435
25097,2,0.426,4.231,0.666
25098,2,0.295,5.239,0.78
25099,2,0.602,2.803,0.496
25100,2,0.426,4.243,0.65
25101,2,0.418,4.179,0.667
25102,2,0.459,3.855,0.624
25103,2,0.18,6.386,0.862
25104,2,0.469,4.02,0.621
25105,2,0.504,3.736,0.589
25106,2,0.562,3.205,0.542
25107,2,0.41,4.189,0.642
25108,2,0.477,3.702,0.611
25109,2,0.352,4.816,0.74
25110,2,0.617,2.857,0.481
25111,2,0.379,4.632,0.686
25112,2,0.445,4.143,0.635
25113,2,0.459,4.047,0.637
25114,2,0.637,2.745,0.441
25115,2,0.488,3.722,0.618
25116,2,0.479,3.902,0.614
25117,2,0.57,3.157,0.52
25118,2,0.412,4.238,0.663
25119,2,0.617,2.662,0.464
25120,2,0.57,3.305,0.542
25121,2,0.465,3.918,0.623
25122,2,0.605,2.979,0.496
25123,2,0.484,3.545,0.616
25124,2,0.434,4.126,0.648
25125,2,0.676,2.568,0.429
25126,2,0.461,3.748,0.631
25127,2,0.496,3.617,0.599
25128,2,0.359,4.672,0.717
25129,2,0.707,2.186,0.385
25130,2,0.439,4.115,0.637
25131,2,0.531,3.412,0.557
25132,2,0.555,3.151,0.543
25133,2,0.402,4.428,0.678
25134,2,0.477,3.907,0.602
25135,2,0.633,2.577,0.458
25136,2,0.49,3.6,0.59
25137,2,0.41,4.361,0.666
25138,2,0.486,3.939,0.601
25139,2,0.68,2.369,0.443
25140,2,0.594,2.918,0.489
25141,2,0.408,4.335,0.663
25142,2,0.594,3.006,0.497
25143,2,0.73,2.232,0.404
25144,2,0.344,4.802,0.729
25145,2,0.4,4.433,0.688
25146,2,0.414,4.21,0.651
25147,2,0.508,3.616,0.591
25148,2,0.598,3.099,0.489
25149,2,0.562,3.384,0.504
25150,2,0.492,3.583,0.58
25151,2,0.523,3.515,0.561
25152,2,0.781,1.818,0.312
25153,2,0.465,3.953,0.607
25154,2,0.645,2.423,0.44
25155,2,0.344,4.857,0.744
25156,2,0.625,2.572,0.482
25157,2,0.354,4.616,0.716
25158,2,0.443,4.09,0.625
25159,2,0.684,2.361,0.415
25160,2,0.371,4.743,0.703
25161,2,0.309,4.937,0.768
25162,2,0.443,4.134,0.632
25163,2,0.562,3.182,0.544
25164,2,0.5,3.666,0.577
25165,2,0.43,4.232,0.647
25166,2,0.559,3.188,0.537
25167,2,0.578,3.176,0.529
25168,2,0.512,3.705,0.58
25169,2,0.426,4.223,0.634
25170,2,0.406,4.287,0.663
25171,2,0.516,3.458,0.573
25172,2,0.656,2.59,0.435
25173,2,0.477,3.837,0.605
25174,2,0.352,4.738,0.707
25175,2,0.539,3.464,0.557
25176,2,0.498,3.619,0.597
25177,2,0.457,3.978,0.627
25178,2,0.258,5.696,0.809
25179,2,0.449,4.04,0.632
25180,2,0.566,3.165,0.519
25181,2,0.465,3.884,0.616
25182,2,0.578,3.124,0.535
25183,2,0.447,4.231,0.631
25184,2,0.463,3.878,0.629
25185,2,0.459,3.92,0.631
25186,2,0.385,4.443,0.682
25187,2,0.301,5.064,0.758
25188,2,0.172,6.356,0.866
25189,2,0.52,3.466,0.566
25190,2,0.5,3.757,0.592
25191,2,0.523,3.631,0.577
25192,2,0.359,4.739,0.715
25193,2,0.516,3.519,0.579
25194,2,0.439,3.937,0.609
25195,2,0.578,3.03,0.533
25196,2,0.314,5.09,0.75
25197,2,0.562,3.138,0.531
25198,2,0.5,3.427,0.59
25199,2,0.482,3.133,0.609
25200,2,0.566,3.345,0.51
25201,2,0.57,3.113,0.502
25202,2,0.551,3.393,0.529
25203,2,0.488,3.814,0.589
25204,2,0.586,3.074,0.506
25205,2,0.477,3.752,0.624
25206,2,0.426,4.074,0.655
25207,2,0.594,3.054,0.494
25208,2,0.516,3.597,0.579
25209,2,0.531,3.373,0.55
25210,2,0.352,4.792,0.727
25211,2,0.539,3.278,0.567
25212,2,0.52,3.485,0.552
25213,2,0.195,6.353,0.858
25214,2,0.355,4.678,0.716
25215,2,0.402,4.342,0.665
25216,2,0.566,3.086,0.544
25217,2,0.441,3.933,0.649
25218,2,0.562,3.176,0.527
25219,2,0.316,4.877,0.752
25220,2,0.367,4.613,0.707
25221,2,0.248,5.398,0.789
25222,2,0.527,3.409,0.559
25223,2,0.326,4.984,0.739
25224,2,0.473,3.922,0.604
25225,2,0.516,3.567,0.561
25226,2,0.5,3.929,0.729
25227,2,0.594,2.966,0.502
25228,2,0.375,4.574,0.701
25229,2,0.527,3.523,0.544
25230,2,0.486,3.73,0.602
25231,2,0.383,4.422,0.704
25232,2,0.395,4.694,0.695
25233,2,0.461,3.868,0.615
25234,2,0.562,3.333,0.517
25235,2,0.461,4.036,0.632
25236,2,0.459,3.92,0.624
25237,2,0.516,3.463,0.553
25238,2,0.602,2.938,0.504
25239,2,0.482,3.827,0.597
25240,2,0.617,2.748,0.489
25241,2,0.342,4.7,0.708
25242,2,0.562,3.131,0.524
25243,2,0.414,4.248,0.648
25244,2,0.494,3.659,0.589
25245,2,0.695,2.402,0.398
25246,2,0.547,3.339,0.552
25247,2,0.57,3.259,0.516
25248,2,0.48,3.751,0.604
25249,2,0.48,3.588,0.596
25250,2,0.559,3.276,0.524
25251,2,0.461,3.852,0.633
25252,2,0.496,3.67,0.605
25253,2,0.402,4.423,0.668
25254,2,0.594,3.029,0.487
25255,2,0.441,4.063,0.627
25256,2,0.5,3.627,0.582
25257,2,0.66,2.581,0.432
25258,2,0.418,4.256,0.672
25259,2,0.43,4.13,0.658
25260,2,0.562,3.188,0.553
25261,2,0.244,5.79,0.809
25262,2,0.393,4.444,0.694
25263,2,0.285,5.472,0.795
25264,2,0.41,4.344,0.665
25265,2,0.586,3.206,0.507
25266,2,0.426,4.271,0.667
25267,2,0.441,4.214,0.635
25268,2,0.578,2.986,0.524
25269,2,0.566,3.087,0.519
25270,2,0.633,2.595,0.46
25271,2,0.523,3.545,0.544
25272,2,0.68,2.58,0.412
25273,2,0.539,3.35,0.541
25274,2,0.344,4.824,0.732
25275,2,0.42,4.072,0.663
25276,2,0.574,2.927,0.498
25277,2,0.547,3.268,0.565
25278,2,0.531,3.432,0.567
25279,2,0.426,4.377,0.678
25280,2,0.617,3.087,0.462
25281,2,0.578,2.943,0.511
25282,2,0.449,3.954,0.624
25283,2,0.555,3.389,0.532
25284,2,0.471,3.892,0.628
25285,2,0.508,3.488,0.568
25286,2,0.625,2.645,0.469
25287,2,0.609,2.953,0.488
25288,2,0.562,3.21,0.518
25289,2,0.578,3.271,0.511
25290,2,0.508,3.45,0.575
25291,2,0.547,3.292,0.536
25292,2,0.445,3.957,0.646
25293,2,0.664,2.611,0.45
25294,2,0.285,5.204,0.763
25295,2,0.424,4.221,0.654
25296,2,0.449,3.972,0.619
25297,2,0.387,4.437,0.687
25298,2,0.41,4.271,0.657
25299,2,0.391,4.441,0.706
25300,2,0.562,3.303,0.514
25301,2,0.459,4.019,0.624
25302,2,0.539,3.267,0.562
25303,2,0.625,2.785,0.467
25304,2,0.363,4.536,0.696
25305,2,0.656,2.7,0.429
25306,2,0.428,4.295,0.659
25307,2,0.428,4.295,0.649
25308,2,0.535,3.335,0.544
25309,2,0.473,3.666,0.602
25310,2,0.48,3.815,0.61
25311,2,0.445,4.172,0.645
25312,2,0.441,4.346,0.666
25313,2,0.555,3.323,0.554
25314,2,0.766,1.935,0.327
25315,2,0.441,4.018,0.646
25316,2,0.52,3.725,0.548
25317,2,0.414,4.304,0.661
25318,2,0.523,3.627,0.567
25319,2,0.457,4.04,0.628
25320,2,0.496,3.841,0.599
25321,2,0.484,3.724,0.592
25322,2,0.562,3.208,0.52
25323,2,0.477,3.882,0.611
25324,2,0.617,2.832,0.479
25325,2,0.293,5.219,0.781
25326,2,0.346,4.85,0.746
25327,2,0.578,2.895,0.515
25328,2,0.605,2.969,0.492
25329,2,0.512,3.456,0.555
25330,2,0.469,3.892,0.611
25331,2,0.449,3.978,0.615
25332,2,0.418,4.26,0.658
25333,2,0.443,4.055,0.644
25334,2,0.602,3.014,0.506
25335,2,0.402,4.374,0.676
25336,2,0.602,2.831,0.483
25337,2,0.586,3.0,0.517
25338,2,0.5,3.674,0.598
25339,2,0.516,3.301,0.571
25340,2,0.621,2.61,0.48
25341,2,0.328,4.855,0.735
25342,2,0.352,4.763,0.722
25343,2,0.484,3.637,0.602
25344,2,0.395,4.458,0.664
25345,2,0.309,5.029,0.761
25346,2,0.486,3.751,0.61
25347,2,0.512,3.682,0.581
25348,2,0.57,3.084,0.521
25349,2,0.523,3.589,0.57
25350,2,0.461,3.923,0.629
25351,2,0.406,4.407,0.664
25352,2,0.594,2.911,0.509
25353,2,0.33,4.864,0.756
25354,2,0.609,3.674,0.734
25355,2,0.451,3.969,0.65
25356,2,0.451,4.086,0.638
25357,2,0.578,3.134,0.514
25358,2,0.32,4.961,0.742
25359,2,0.457,3.973,0.634
25360,2,0.602,2.958,0.49
25361,2,0.496,3.749,0.598
25362,2,0.395,4.339,0.699
25363,2,0.438,4.221,0.628
25364,2,0.516,3.561,0.585
25365,2,0.594,2.917,0.497
25366,2,0.311,4.978,0.761
25367,2,0.629,2.677,0.478
25368,2,0.473,3.823,0.618
25369,2,0.381,4.562,0.693
25370,2,0.621,2.671,0.459
25371,2,0.602,2.739,0.493
25372,2,0.348,4.74,0.72
25373,2,0.566,3.193,0.529
25374,2,0.48,3.891,0.598
25375,2,0.367,4.669,0.715
25376,2,0.496,3.765,0.597
25377,2,0.508,3.627,0.587
25378,2,0.578,3.044,0.51
25379,2,0.57,3.225,0.529
25380,2,0.602,2.754,0.505
25381,2,0.68,2.699,0.446
25382,2,0.625,2.822,0.48
25383,2,0.633,2.774,0.459
25384,2,0.562,3.243,0.527
25385,2,0.24,5.581,0.826
25386,2,0.719,2.305,0.403
25387,2,0.391,4.55,0.697
25388,2,0.559,3.119,0.528
25389,2,0.41,4.468,0.665
25390,2,0.594,3.032,0.494
25391,2,0.527,3.41,0.556
25392,2,0.516,3.784,0.627
25393,2,0.41,4.275,0.675
25394,2,0.52,3.502,0.571
25395,2,0.613,3.096,0.454
25396,2,0.676,2.57,0.382
25397,2,0.354,4.774,0.709
25398,2,0.475,3.841,0.602
25399,2,0.418,4.192,0.671
25400,2,0.594,2.938,0.49
25401,2,0.551,3.288,0.519
25402,2,0.342,4.939,0.713
25403,2,0.582,2.914,0.501
25404,2,0.305,5.139,0.757
25405,2,0.496,3.806,0.608
25406,2,0.484,3.539,0.597
25407,2,0.527,3.387,0.547
25408,2,0.379,4.525,0.706
25409,2,0.402,4.427,0.679
25410,2,0.363,4.718,0.715
25411,2,0.383,4.569,0.697
25412,2,0.219,5.968,0.832
25413,2,0.621,2.781,0.478
25414,2,0.617,2.798,0.48
25415,2,0.387,4.327,0.706
25416,2,0.625,2.761,0.493
25417,2,0.496,3.798,0.587
25418,2,0.555,3.046,0.527
25419,2,0.182,5.911,0.858
25420,2,0.398,4.537,0.679
25421,2,0.586,3.156,0.515
25422,2,0.723,2.135,0.387
25423,2,0.633,2.649,0.461
25424,2,0.328,5.035,0.732
25425,2,0.424,4.334,0.637
25426,2,0.373,4.569,0.703
25427,2,0.613,2.788,0.483
25428,2,0.625,2.813,0.458
25429,2,0.504,3.701,0.574
25430,2,0.365,4.701,0.709
25431,2,0.695,2.309,0.407
25432,2,0.266,5.509,0.792
25433,2,0.398,4.335,0.689
25434,2,0.602,2.979,0.501
25435,2,0.648,2.772,0.437
25436,2,0.621,2.768,0.467
25437,2,0.5,3.63,0.596
25438,2,0.293,5.211,0.784
25439,2,0.189,6.136,0.859
25440,2,0.488,3.838,0.6
25441,2,0.535,3.267,0.562
25442,2,0.574,2.926,0.504
25443,2,0.605,2.953,0.482
25444,2,0.512,3.537,0.561
25445,2,0.414,4.405,0.673
25446,2,0.305,5.075,0.764
25447,2,0.508,3.495,0.573
25448,2,0.625,2.899,0.471
25449,2,0.625,2.897,0.469
25450,2,0.535,3.267,0.555
25451,2,0.496,3.583,0.588
25452,2,0.543,3.335,0.547
25453,2,0.402,4.243,0.686
25454,2,0.352,4.842,0.706
25455,2,0.613,2.863,0.487
25456,2,0.633,2.838,0.476
25457,2,0.594,3.08,0.499
25458,2,0.398,4.305,0.693
25459,2,0.426,4.219,0.632
25460,2,0.314,5.009,0.755
25461,2,0.562,3.08,0.524
25462,2,0.625,2.748,0.471
25463,2,0.555,3.294,0.529
25464,2,0.531,3.636,0.563
25465,2,0.477,3.885,0.627
25466,2,0.346,4.877,0.739
25467,2,0.484,3.653,0.597
25468,2,0.516,3.697,0.585
25469,2,0.194,6.061,0.856
25470,2,0.42,4.177,0.651
25471,2,0.324,4.986,0.746
25472,2,0.402,4.341,0.688
25473,2,0.531,3.343,0.555
25474,2,0.543,3.327,0.538
25475,2,0.594,3.153,0.506
25476,2,0.243,5.648,0.807
25477,2,0.531,3.473,0.558
25478,2,0.424,4.295,0.649
25479,2,0.516,3.547,0.577
25480,2,0.406,4.295,0.666
25481,2,0.461,3.924,0.628
25482,2,0.668,2.318,0.44
25483,2,0.324,5.062,0.75
25484,2,0.512,3.576,0.581
25485,2,0.512,3.65,0.574
25486,2,0.324,5.049,0.76
25487,2,0.406,4.422,0.67
25488,2,0.625,2.763,0.451
25489,2,0.66,2.318,0.43
25490,2,0.617,2.794,0.47
25491,2,0.262,5.404,0.796
25492,2,0.633,2.712,0.442
25493,2,0.449,3.997,0.637
25494,2,0.301,5.129,0.759
25495,2,0.465,4.008,0.621
25496,2,0.48,3.782,0.608
25497,2,0.449,3.943,0.637
25498,2,0.641,2.769,0.47
25499,2,0.406,4.278,0.659
25500,2,0.5,3.584,0.586
25501,2,0.488,3.734,0.603
25502,2,0.395,4.216,0.693
25503,2,0.516,3.364,0.552
25504,2,0.477,3.863,0.601
25505,2,0.406,4.339,0.673
25506,2,0.312,5.074,0.768
25507,2,0.328,4.961,0.738
25508,2,0.516,3.527,0.567
25509,2,0.469,3.944,0.614
25510,2,0.32,5.072,0.757
25511,2,0.434,4.214,0.633
25512,2,0.389,4.505,0.679
25513,2,0.449,4.039,0.625
25514,2,0.441,3.981,0.641
25515,2,0.57,2.905,0.516
25516,2,0.602,3.092,0.503
25517,2,0.408,4.479,0.674
25518,2,0.484,3.841,0.605
25519,2,0.457,4.05,0.61
25520,2,0.719,2.249,0.383
25521,2,0.551,3.329,0.537
25522,2,0.508,3.532,0.581
25523,2,0.594,3.116,0.496
25524,2,0.633,2.653,0.449
25525,2,0.516,3.546,0.56
25526,2,0.424,4.242,0.651
25527,2,0.516,3.54,0.565
25528,2,0.359,4.683,0.703
25529,2,0.551,3.031,0.505
25530,2,0.391,4.436,0.683
25531,2,0.426,4.232,0.657
25532,2,0.633,2.537,0.462
25533,2,0.467,3.932,0.611
25534,2,0.441,4.08,0.632
25535,2,0.48,3.881,0.627
25536,2,0.416,4.323,0.67
25537,2,0.48,3.689,0.593
25538,2,0.531,3.4,0.579
25539,2,0.609,2.833,0.471
25540,2,0.375,4.645,0.704
25541,2,0.26,5.634,0.792
25542,2,0.389,4.523,0.697
25543,2,0.562,3.249,0.545
25544,2,0.348,4.769,0.726
25545,2,0.299,5.34,0.761
25546,2,0.543,3.361,0.544
25547,2,0.406,3.605,0.626
25548,2,0.547,3.416,0.528
25549,2,0.508,3.447,0.58
25550,2,0.547,3.283,0.545
25551,2,0.434,4.067,0.648
25552,2,0.355,4.762,0.721
25553,2,0.617,2.742,0.452
25554,2,0.488,3.794,0.608
25555,2,0.508,3.592,0.584
25556,2,0.641,2.758,0.451
25557,2,0.352,4.745,0.719
25558,2,0.531,3.357,0.554
25559,2,0.641,2.766,0.464
25560,2,0.467,4.02,0.614
25561,2,0.451,4.196,0.648
25562,2,0.656,2.566,0.438
25563,2,0.523,3.373,0.568
25564,2,0.594,2.874,0.48
25565,2,0.4,4.441,0.668
25566,2,0.469,3.888,0.622
25567,2,0.375,4.633,0.698
25568,2,0.5,3.647,0.596
25569,2,0.617,2.921,0.473
25570,2,0.578,3.166,0.507
25571,2,0.594,2.861,0.501
25572,2,0.414,4.287,0.649
25573,2,0.516,3.546,0.568
25574,2,0.469,3.799,0.613
25575,2,0.447,4.14,0.649
25576,2,0.59,3.057,0.508
25577,2,0.412,4.178,0.654
25578,2,0.562,2.993,0.51
25579,2,0.357,4.711,0.716
25580,2,0.379,4.505,0.682
25581,2,0.443,4.217,0.641
25582,2,0.605,2.919,0.491
25583,2,0.586,3.074,0.493
25584,2,0.617,2.726,0.475
25585,2,0.574,3.052,0.531
25586,2,0.469,3.878,0.606
25587,2,0.711,2.269,0.402
25588,2,0.641,2.517,0.44
25589,2,0.508,3.617,0.578
25590,2,0.648,2.759,0.458
25591,2,0.371,4.545,0.699
25592,2,0.498,3.491,0.584
25593,2,0.586,3.111,0.51
25594,2,0.602,2.921,0.479
25595,2,0.648,2.675,0.463
25596,2,0.594,2.961,0.492
25597,2,0.307,5.066,0.753
25598,2,0.387,4.697,0.7
25599,2,0.469,3.919,0.617
25600,2,0.59,3.021,0.473
25601,2,0.539,3.484,0.569
25602,2,0.439,4.076,0.65
25603,2,0.641,2.639,0.459
25604,2,0.465,3.963,0.631
25605,2,0.57,3.019,0.518
25606,2,0.594,3.054,0.505
25607,2,0.477,3.91,0.616
25608,2,0.59,2.909,0.496
25609,2,0.471,3.851,0.619
25610,2,0.664,2.488,0.415
25611,2,0.625,2.588,0.452
25612,2,0.531,3.647,0.551
25613,2,0.57,3.168,0.502
25614,2,0.459,3.921,0.645
25615,2,0.355,4.781,0.717
25616,2,0.512,3.673,0.58
25617,2,0.451,4.077,0.617
25618,2,0.539,3.37,0.544
25619,2,0.488,3.794,0.594
25620,2,0.283,5.536,0.784
25621,2,0.531,3.561,0.546
25622,2,0.461,3.817,0.609
25623,2,0.336,4.871,0.722
25624,2,0.445,4.275,0.678
25625,2,0.354,4.779,0.715
25626,2,0.641,2.628,0.459
25627,2,0.664,2.516,0.424
25628,2,0.365,4.682,0.717
25629,2,0.5,3.856,0.585
25630,2,0.457,4.072,0.641
25631,2,0.371,4.584,0.7
25632,2,0.59,3.13,0.497
25633,2,0.371,4.574,0.707
25634,2,0.482,3.676,0.598
25635,2,0.578,3.177,0.498
25636,2,0.385,4.573,0.667
25637,2,0.307,5.313,0.756
25638,2,0.523,3.567,0.563
25639,2,0.547,3.14,0.557
25640,2,0.359,4.604,0.711
25641,2,0.516,3.467,0.573
25642,2,0.555,2.915,0.523
25643,2,0.602,2.695,0.501
25644,2,0.586,3.008,0.515
25645,2,0.245,5.804,0.804
25646,2,0.475,3.935,0.615
25647,2,0.19,6.185,0.861
25648,2,0.531,3.222,0.556
25649,2,0.221,6.008,0.823
25650,2,0.508,3.567,0.584
25651,2,0.461,3.928,0.636
25652,2,0.391,4.412,0.698
25653,2,0.547,3.412,0.531
25654,2,0.574,3.2,0.519
25655,2,0.494,3.446,0.579
25656,2,0.625,2.812,0.466
25657,2,0.439,4.035,0.646
25658,2,0.467,4.091,0.609
25659,2,0.434,4.108,0.655
25660,2,0.488,3.807,0.602
25661,2,0.461,3.773,0.612
25662,2,0.332,5.041,0.733
25663,2,0.336,4.961,0.735
25664,2,0.531,3.469,0.556
25665,2,0.469,3.924,0.62
25666,2,0.531,3.505,0.551
25667,2,0.566,3.176,0.532
25668,2,0.445,4.025,0.629
25669,2,0.301,5.199,0.77
25670,2,0.504,3.501,0.576
25671,2,0.443,4.217,0.643
25672,2,0.475,3.797,0.625
25673,2,0.543,3.275,0.547
25674,2,0.459,3.941,0.62
25675,2,0.34,4.941,0.735
25676,2,0.551,3.405,0.545
25677,2,0.52,3.572,0.567
25678,2,0.566,3.366,0.528
25679,2,0.578,3.085,0.517
25680,2,0.422,4.265,0.658
25681,2,0.48,3.735,0.604
25682,2,0.52,3.332,0.559
25683,2,0.492,3.578,0.583
25684,2,0.543,3.315,0.548
25685,2,0.637,2.672,0.449
25686,2,0.328,4.88,0.74
25687,2,0.547,3.351,0.538
25688,2,0.512,3.453,0.568
25689,2,0.426,4.122,0.655
25690,2,0.451,4.105,0.636
25691,2,0.547,3.306,0.526
25692,2,0.389,4.472,0.7
25693,2,0.379,4.424,0.683
25694,2,0.707,2.227,0.416
25695,2,0.656,2.484,0.41
25696,2,0.547,3.432,0.551
25697,2,0.621,2.856,0.458
25698,2,0.455,3.872,0.638
25699,2,0.49,3.756,0.594
25700,2,0.516,3.64,0.581
25701,2,0.578,3.156,0.513
25702,2,0.559,3.304,0.521
25703,2,0.418,4.338,0.652
25704,2,0.617,2.812,0.46
25705,2,0.668,2.236,0.425
25706,2,0.447,4.062,0.641
25707,2,0.406,4.382,0.661
25708,2,0.727,2.203,0.375
25709,2,0.5,3.863,0.596
25710,2,0.57,2.902,0.528
25711,2,0.406,3.929,0.664
25712,2,0.414,4.494,0.656
25713,2,0.381,4.439,0.698
25714,2,0.461,3.963,0.621
25715,2,0.408,4.319,0.674
25716,2,0.555,3.28,0.557
25717,2,0.633,2.659,0.451
25718,2,0.547,3.256,0.542
25719,2,0.508,3.575,0.585
25720,2,0.383,4.439,0.685
25721,2,0.461,4.015,0.608
25722,2,0.49,3.648,0.59
25723,2,0.383,4.608,0.687
25724,2,0.326,4.986,0.752
25725,2,0.389,4.387,0.692
25726,2,0.387,4.526,0.694
25727,2,0.586,2.94,0.501
25728,2,0.383,4.525,0.69
25729,2,0.516,3.665,0.569
25730,2,0.469,3.765,0.618
25731,2,0.562,3.349,0.514
25732,2,0.547,3.309,0.533
25733,2,0.426,4.279,0.66
25734,2,0.496,3.768,0.587
25735,2,0.469,3.775,0.612
25736,2,0.43,4.132,0.641
25737,2,0.479,3.762,0.605
25738,2,0.586,3.015,0.492
25739,2,0.473,3.712,0.618
25740,2,0.363,4.674,0.706
25741,2,0.648,2.553,0.435
25742,2,0.457,3.874,0.62
25743,2,0.445,3.987,0.639
25744,2,0.535,3.398,0.569
25745,2,0.496,3.813,0.586
25746,2,0.578,2.9,0.512
25747,2,0.566,3.123,0.521
25748,2,0.371,4.673,0.7
25749,2,0.305,5.042,0.762
25750,2,0.23,6.081,0.816
25751,2,0.461,4.024,0.624
25752,2,0.648,2.624,0.451
25753,2,0.402,4.355,0.68
25754,2,0.27,5.595,0.779
25755,2,0.344,4.888,0.728
25756,2,0.586,3.134,0.494
25757,2,0.594,3.006,0.502
25758,2,0.199,6.151,0.847
25759,2,0.438,4.161,0.647
25760,2,0.641,2.688,0.442
25761,2,0.648,2.592,0.456
25762,2,0.332,4.842,0.746
25763,2,0.48,3.823,0.614
25764,2,0.539,3.293,0.55
25765,2,0.629,2.916,0.451
25766,2,0.449,4.032,0.617
25767,2,0.312,5.098,0.766
25768,2,0.469,3.662,0.566
25769,2,0.457,3.838,0.618
25770,2,0.594,2.874,0.492
25771,2,0.463,4.039,0.622
25772,2,0.473,3.911,0.605
25773,2,0.449,4.102,0.645
25774,2,0.574,2.997,0.504
25775,2,0.617,2.853,0.477
25776,2,0.309,5.277,0.772
25777,2,0.332,5.066,0.739
25778,2,0.398,4.462,0.675
25779,2,0.586,2.96,0.501
25780,2,0.473,3.87,0.622
25781,2,0.629,2.812,0.45
25782,2,0.336,4.919,0.745
25783,2,0.512,3.584,0.573
25784,2,0.383,4.485,0.694
25785,2,0.578,3.15,0.506
25786,2,0.531,3.589,0.559
25787,2,0.152,6.528,0.886
25788,2,0.436,3.98,0.647
25789,2,0.531,3.248,0.55
25790,2,0.344,4.774,0.745
25791,2,0.625,2.736,0.48
25792,2,0.328,4.959,0.747
25793,2,0.656,2.627,0.421
25794,2,0.414,4.319,0.67
25795,2,0.492,3.629,0.59
25796,2,0.482,3.662,0.607
25797,2,0.711,2.09,0.38
25798,2,0.484,3.844,0.594
25799,2,0.469,4.027,0.604
25800,2,0.531,3.547,0.544
25801,2,0.539,3.444,0.564
25802,2,0.355,4.736,0.71
25803,2,0.586,3.0,0.479
25804,2,0.387,4.403,0.686
25805,2,0.363,4.763,0.704
25806,2,0.193,6.024,0.856
25807,2,0.311,5.234,0.753
25808,2,0.52,3.669,0.567
25809,2,0.578,2.943,0.511
25810,2,0.457,4.057,0.616
25811,2,0.5,3.683,0.592
25812,2,0.551,3.066,0.561
25813,2,0.551,3.19,0.554
25814,2,0.562,3.327,0.527
25815,2,0.539,3.305,0.538
25816,2,0.504,3.681,0.581
25817,2,0.383,4.589,0.696
25818,2,0.547,3.345,0.532
25819,2,0.227,5.696,0.832
25820,2,0.355,4.556,0.698
25821,2,0.258,5.563,0.807
25822,2,0.512,3.569,0.562
25823,2,0.445,3.878,0.633
25824,2,0.482,3.765,0.607
25825,2,0.219,5.958,0.824
25826,2,0.5,3.387,0.589
25827,2,0.184,6.167,0.857
25828,2,0.355,4.813,0.722
25829,2,0.496,3.762,0.583
25830,2,0.5,3.608,0.579
25831,2,0.5,3.612,0.585
25832,2,0.547,3.217,0.522
25833,2,0.609,2.886,0.474
25834,2,0.281,5.346,0.785
25835,2,0.142,6.71,0.897
25836,2,0.668,2.598,0.421
25837,2,0.492,3.779,0.591
25838,2,0.617,2.941,0.657
25839,2,0.586,2.989,0.503
25840,2,0.492,3.73,0.598
25841,2,0.566,2.782,0.525
25842,2,0.547,3.262,0.549
25843,2,0.402,4.456,0.667
25844,2,0.43,4.051,0.636
25845,2,0.455,3.702,0.64
25846,2,0.332,4.992,0.739
25847,2,0.523,3.483,0.554
25848,2,0.711,2.267,0.378
25849,2,0.461,3.99,0.621
25850,2,0.379,4.526,0.706
25851,2,0.695,2.231,0.406
25852,2,0.465,3.96,0.605
25853,2,0.457,4.037,0.626
25854,2,0.523,3.638,0.549
25855,2,0.459,3.901,0.616
25856,2,0.467,3.95,0.609
25857,2,0.547,3.208,0.54
25858,2,0.539,3.392,0.545
25859,2,0.496,3.618,0.59
25860,2,0.562,3.106,0.528
25861,2,0.547,3.133,0.549
25862,2,0.484,3.839,0.588
25863,2,0.438,4.083,0.654
25864,2,0.523,3.515,0.567
25865,2,0.369,4.56,0.704
25866,2,0.512,3.585,0.581
25867,2,0.473,3.822,0.601
25868,2,0.645,2.405,0.443
25869,2,0.609,2.793,0.493
25870,2,0.412,4.387,0.67
25871,2,0.551,3.298,0.515
25872,2,0.566,3.007,0.512
25873,2,0.391,4.441,0.675
25874,2,0.543,3.399,0.546
25875,2,0.465,4.099,0.618
25876,2,0.672,2.326,0.429
25877,2,0.57,3.099,0.538
25878,2,0.504,3.481,0.585
25879,2,0.465,3.833,0.624
25880,2,0.289,5.245,0.789
25881,2,0.617,2.693,0.457
25882,2,0.59,3.007,0.492
25883,2,0.479,3.62,0.588
25884,2,0.504,3.619,0.598
25885,2,0.508,3.469,0.57
25886,2,0.488,3.766,0.582
25887,2,0.338,5.065,0.754
25888,2,0.457,3.884,0.647
25889,2,0.492,3.566,0.592
25890,2,0.617,3.0,0.467
25891,2,0.434,4.184,0.65
25892,2,0.424,4.228,0.661
25893,2,0.477,3.833,0.614
25894,2,0.234,5.719,0.823
25895,2,0.547,3.186,0.556
25896,2,0.551,3.158,0.535
25897,2,0.484,3.78,0.599
25898,2,0.539,3.251,0.567
25899,2,0.457,3.865,0.644
25900,2,0.637,2.623,0.458
25901,2,0.475,3.91,0.623
25902,2,0.305,5.094,0.765
25903,2,0.539,3.285,0.557
25904,2,0.621,2.724,0.464
25905,2,0.656,2.606,0.421
25906,2,0.531,3.483,0.557
25907,2,0.617,2.924,0.498
25908,2,0.252,5.804,0.809
25909,2,0.633,2.533,0.445
25910,2,0.531,3.411,0.554
25911,2,0.578,3.059,0.506
25912,2,0.66,2.432,0.416
25913,2,0.441,4.002,0.628
25914,2,0.484,3.738,0.611
25915,2,0.438,4.2,0.636
25916,2,0.52,3.462,0.569
25917,2,0.381,4.555,0.706
25918,2,0.367,4.632,0.698
25919,2,0.406,4.418,0.657
25920,2,0.447,4.057,0.627
25921,2,0.648,2.747,0.452
25922,2,0.633,2.559,0.447
25923,2,0.475,3.879,0.598
25924,2,0.418,4.31,0.669
25925,2,0.492,3.738,0.588
25926,2,0.473,3.88,0.609
25927,2,0.492,3.57,0.609
25928,2,0.453,4.199,0.615
25929,2,0.703,2.214,0.401
25930,2,0.695,2.105,0.401
25931,2,0.68,2.275,0.412
25932,2,0.703,2.135,0.405
25933,2,0.252,5.404,0.81
25934,2,0.734,2.073,0.36
25935,2,0.594,2.904,0.498
25936,2,0.5,3.694,0.587
25937,2,0.385,4.431,0.692
25938,2,0.516,3.652,0.583
25939,2,0.4,4.284,0.674
25940,2,0.5,3.476,0.581
25941,2,0.508,3.571,0.571
25942,2,0.555,3.294,0.552
25943,2,0.555,3.101,0.539
25944,2,0.617,2.994,0.497
25945,2,0.559,3.336,0.51
25946,2,0.543,3.228,0.549
25947,2,0.598,2.957,0.493
25948,2,0.539,3.317,0.559
25949,2,0.547,3.237,0.541
25950,2,0.523,3.467,0.577
25951,2,0.461,3.947,0.628
25952,2,0.555,3.272,0.52
25953,2,0.602,3.054,0.502
25954,2,0.479,3.751,0.615
25955,2,0.393,4.44,0.674
25956,2,0.406,4.267,0.663
25957,2,0.163,6.391,0.874
25958,2,0.516,3.494,0.564
25959,2,0.408,4.354,0.662
25960,2,0.512,3.62,0.559
25961,2,0.186,6.173,0.86
25962,2,0.42,4.25,0.669
25963,2,0.273,5.713,0.79
25964,2,0.43,4.314,0.661
25965,2,0.672,2.473,0.403
25966,2,0.664,2.275,0.43
25967,2,0.551,3.33,0.535
25968,2,0.359,4.248,0.675
25969,2,0.504,3.703,0.577
25970,2,0.57,3.115,0.521
25971,2,0.422,4.176,0.636
25972,2,0.664,2.475,0.441
25973,2,0.602,2.902,0.486
25974,2,0.414,4.321,0.665
25975,2,0.471,3.802,0.624
25976,2,0.625,2.903,0.475
25977,2,0.664,2.607,0.424
25978,2,0.332,4.923,0.738
25979,2,0.4,4.501,0.673
25980,2,0.404,4.382,0.669
25981,2,0.363,4.658,0.726
25982,2,0.586,3.0,0.521
25983,2,0.473,3.773,0.606
25984,2,0.252,5.634,0.788
25985,2,0.609,2.927,0.483
25986,2,0.586,2.876,0.502
25987,2,0.602,3.038,0.483
25988,2,0.625,2.702,0.454
25989,2,0.41,4.253,0.673
25990,2,0.467,3.982,0.611
25991,2,0.504,3.632,0.579
25992,2,0.295,5.238,0.765
25993,2,0.535,3.579,0.548
25994,2,0.578,2.926,0.522
25995,2,0.555,3.366,0.53
25996,2,0.445,4.053,0.639
25997,2,0.609,2.769,0.494
25998,2,0.637,2.647,0.45
25999,2,0.605,2.897,0.481
26000,2,0.463,3.985,0.618
26001,2,0.516,3.737,0.577
26002,2,0.641,2.667,0.466
26003,2,0.395,4.528,0.683
26004,2,0.457,4.04,0.626
26005,2,0.247,5.583,0.82
26006,2,0.59,3.11,0.501
26007,2,0.406,4.252,0.656
26008,2,0.527,3.494,0.553
26009,2,0.455,3.948,0.619
26010,2,0.547,3.326,0.557
26011,2,0.428,4.063,0.656
26012,2,0.422,4.262,0.68
26013,2,0.664,2.525,0.422
26014,2,0.477,3.694,0.599
26015,2,0.418,4.256,0.647
26016,2,0.406,4.241,0.686
26017,2,0.516,3.223,0.573
26018,2,0.414,4.255,0.658
26019,2,0.457,3.854,0.636
26020,2,0.523,3.425,0.56
26021,2,0.418,4.251,0.661
26022,2,0.307,5.068,0.776
26023,2,0.316,5.011,0.742
26024,2,0.422,4.255,0.653
26025,2,0.598,2.805,0.485
26026,2,0.699,2.202,0.391
26027,2,0.414,3.994,0.651
26028,2,0.602,2.763,0.496
26029,2,0.551,3.345,0.522
26030,2,0.402,4.396,0.664
26031,2,0.352,4.83,0.726
26032,2,0.355,4.759,0.713
26033,2,0.406,4.259,0.678
26034,2,0.459,3.985,0.628
26035,2,0.535,3.504,0.548
26036,2,0.406,4.27,0.691
26037,2,0.301,5.092,0.755
26038,2,0.523,3.461,0.55
26039,2,0.582,3.185,0.517
26040,2,0.488,3.529,0.61
26041,2,0.641,2.591,0.447
26042,2,0.527,3.535,0.55
26043,2,0.484,3.598,0.594
26044,2,0.404,4.4,0.684
26045,2,0.617,2.8,0.488
26046,2,0.404,4.301,0.679
26047,2,0.512,3.705,0.571
26048,2,0.703,2.333,0.404
26049,2,0.277,5.537,0.757
26050,2,0.334,4.938,0.72
26051,2,0.492,3.795,0.58
26052,2,0.438,4.146,0.642
26053,2,0.393,4.412,0.686
26054,2,0.393,4.382,0.677
26055,2,0.625,2.725,0.454
26056,2,0.434,4.093,0.67
26057,2,0.496,3.806,0.579
26058,2,0.486,3.767,0.607
26059,2,0.531,3.442,0.541
26060,2,0.656,2.471,0.429
26061,2,0.676,2.238,0.414
26062,2,0.395,4.463,0.688
26063,2,0.477,3.796,0.61
26064,2,0.699,2.245,0.399
26065,2,0.48,3.647,0.607
26066,2,0.41,4.407,0.675
26067,2,0.216,5.795,0.833
26068,2,0.496,3.701,0.581
26069,2,0.633,2.692,0.44
26070,2,0.424,4.202,0.659
26071,2,0.48,3.826,0.595
26072,2,0.477,3.785,0.62
26073,2,0.574,2.826,0.495
26074,2,0.562,3.081,0.524
26075,2,0.555,3.319,0.539
26076,2,0.625,2.707,0.478
26077,2,0.473,3.876,0.607
26078,2,0.68,2.622,0.396
26079,2,0.445,4.021,0.646
26080,2,0.324,4.971,0.722
26081,2,0.656,2.267,0.435
26082,2,0.633,2.566,0.452
26083,2,0.348,4.776,0.731
26084,2,0.645,2.626,0.452
26085,2,0.309,5.09,0.762
26086,2,0.5,3.741,0.592
26087,2,0.586,2.965,0.503
26088,2,0.543,3.251,0.533
26089,2,0.656,2.468,0.451
26090,2,0.139,6.689,0.891
26091,2,0.214,6.023,0.839
26092,2,0.578,2.891,0.502
26093,2,0.504,3.694,0.578
26094,2,0.57,3.078,0.513
26095,2,0.508,3.463,0.572
26096,2,0.562,3.124,0.518
26097,2,0.656,2.451,0.43
26098,2,0.471,3.821,0.608
26099,2,0.471,3.941,0.627
26100,2,0.426,4.076,0.663
26101,2,0.59,2.997,0.487
26102,2,0.574,3.197,0.53
26103,2,0.434,4.153,0.644
26104,2,0.535,3.437,0.538
26105,2,0.336,4.921,0.74
26106,2,0.473,3.673,0.615
26107,2,0.477,3.801,0.608
26108,2,0.434,4.077,0.657
26109,2,0.586,3.198,0.5
26110,2,0.258,5.472,0.818
26111,2,0.629,2.446,0.474
26112,2,0.516,3.478,0.566
26113,2,0.434,4.235,0.64
26114,2,0.443,4.038,0.642
26115,2,0.773,1.9,0.334
26116,2,0.285,5.237,0.786
26117,2,0.664,2.544,0.43
26118,2,0.641,2.624,0.445
26119,2,0.416,4.275,0.651
26120,2,0.41,4.152,0.661
26121,2,0.559,3.009,0.518
26122,2,0.482,3.9,0.602
26123,2,0.609,3.042,0.481
26124,2,0.625,2.622,0.473
26125,2,0.551,3.321,0.525
26126,2,0.5,3.648,0.579
26127,2,0.578,3.094,0.546
26128,2,0.365,4.684,0.718
26129,2,0.562,3.242,0.546
26130,2,0.285,5.357,0.783
26131,2,0.402,4.451,0.67
26132,2,0.648,2.621,0.435
26133,2,0.508,3.558,0.576
26134,2,0.566,2.932,0.524
26135,2,0.484,3.624,0.599
26136,2,0.504,3.649,0.604
26137,2,0.578,3.293,0.51
26138,2,0.453,3.896,0.631
26139,2,0.441,3.869,0.652
26140,2,0.447,4.11,0.641
26141,2,0.432,4.289,0.65
26142,2,0.363,4.634,0.694
26143,2,0.492,3.823,0.598
26144,2,0.406,4.394,0.659
26145,2,0.41,4.167,0.682
26146,2,0.387,4.51,0.703
26147,2,0.438,4.138,0.646
26148,2,0.309,4.892,0.746
26149,2,0.652,2.593,0.449
26150,2,0.602,2.828,0.492
26151,2,0.703,2.362,0.391
26152,2,0.215,5.911,0.835
26153,2,0.418,4.223,0.668
26154,2,0.299,5.133,0.777
26155,2,0.387,4.543,0.687
26156,2,0.426,4.142,0.652
26157,2,0.523,3.351,0.566
26158,2,0.508,3.416,0.587
26159,2,0.273,5.458,0.798
26160,2,0.357,4.765,0.73
26161,2,0.371,4.672,0.7
26162,2,0.691,2.148,0.41
26163,2,0.383,4.597,0.696
26164,2,0.703,2.13,0.385
26165,2,0.059,7.582,0.97
26166,2,0.52,3.472,0.56
26167,2,0.559,2.932,0.526
26168,2,0.539,3.346,0.534
26169,2,0.543,3.366,0.534
26170,2,0.367,4.618,0.695
26171,2,0.5,3.462,0.584
26172,2,0.406,4.449,0.69
26173,2,0.641,2.563,0.427
26174,2,0.582,2.897,0.488
26175,2,0.418,4.0,0.6
26176,2,0.574,3.111,0.546
26177,2,0.461,3.939,0.606
26178,2,0.309,4.937,0.769
26179,2,0.578,3.034,0.514
26180,2,0.445,4.001,0.632
26181,2,0.555,3.215,0.541
26182,2,0.477,3.753,0.605
26183,2,0.49,3.756,0.6
26184,2,0.555,3.375,0.522
26185,2,0.547,3.259,0.55
26186,2,0.395,4.351,0.682
26187,2,0.5,3.808,0.596
26188,2,0.625,2.73,0.468
26189,2,0.68,2.354,0.439
26190,2,0.48,3.665,0.603
26191,2,0.398,4.342,0.68
26192,2,0.594,2.991,0.545
26193,2,0.512,3.633,0.573
26194,2,0.562,3.204,0.536
26195,2,0.609,2.774,0.5
26196,2,0.363,4.648,0.716
26197,2,0.508,3.558,0.57
26198,2,0.436,4.049,0.65
26199,2,0.301,5.1,0.768
26200,2,0.285,5.031,0.744
26201,2,0.609,2.977,0.501
26202,2,0.562,3.326,0.522
26203,2,0.516,3.527,0.556
26204,2,0.398,4.342,0.676
26205,2,0.5,3.474,0.593
26206,2,0.57,3.235,0.519
26207,2,0.172,6.445,0.876
26208,2,0.469,3.916,0.627
26209,2,0.375,4.519,0.703
26210,2,0.539,3.36,0.547
26211,2,0.562,3.253,0.555
26212,2,0.41,4.489,0.657
26213,2,0.426,4.315,0.656
26214,2,0.477,3.701,0.583
26215,2,0.523,3.455,0.573
26216,2,0.262,5.572,0.789
26217,2,0.395,4.372,0.671
26218,2,0.32,4.935,0.759
26219,2,0.5,3.635,0.582
26220,2,0.547,3.233,0.523
26221,2,0.492,3.602,0.603
26222,2,0.516,3.535,0.567
26223,2,0.441,4.054,0.639
26224,2,0.488,3.835,0.593
26225,2,0.41,4.291,0.664
26226,2,0.527,3.546,0.578
26227,2,0.398,4.445,0.703
26228,2,0.367,4.486,0.699
26229,2,0.334,4.98,0.738
26230,2,0.594,2.935,0.52
26231,2,0.43,4.203,0.642
26232,2,0.281,5.381,0.784
26233,2,0.395,4.286,0.683
26234,2,0.551,3.256,0.537
26235,2,0.42,4.108,0.648
26236,2,0.508,3.585,0.59
26237,2,0.523,3.294,0.553
26238,2,0.367,4.539,0.708
26239,2,0.547,3.339,0.543
26240,2,0.469,3.804,0.602
26241,2,0.439,4.037,0.635
26242,2,0.559,3.229,0.546
26243,2,0.656,2.598,0.464
26244,2,0.633,2.528,0.478
26245,2,0.469,3.771,0.626
26246,2,0.479,3.829,0.602
26247,2,0.727,2.949,0.505
26248,2,0.531,3.382,0.569
26249,2,0.312,4.988,0.76
26250,2,0.602,2.85,0.499
26251,2,0.389,3.811,0.685
26252,2,0.404,4.235,0.674
26253,2,0.57,3.034,0.534
26254,2,0.205,5.907,0.842
26255,2,0.52,3.407,0.588
26256,2,0.512,3.383,0.569
26257,2,0.609,2.924,0.471
26258,2,0.395,4.336,0.678
26259,2,0.208,6.097,0.844
26260,2,0.475,3.869,0.614
26261,2,0.449,4.121,0.641
26262,2,0.512,3.386,0.571
26263,2,0.57,3.153,0.521
26264,2,0.477,3.64,0.608
26265,2,0.559,3.203,0.52
26266,2,0.461,4.057,0.618
26267,2,0.245,5.667,0.819
26268,2,0.617,2.862,0.471
26269,2,0.301,5.185,0.769
26270,2,0.381,4.59,0.682
26271,2,0.566,3.282,0.511
26272,2,0.602,2.978,0.502
26273,2,0.484,3.712,0.596
26274,2,0.359,4.752,0.725
26275,2,0.543,3.4,0.535
26276,2,0.461,4.05,0.611
26277,2,0.594,3.003,0.508
26278,2,0.393,3.913,0.739
26279,2,0.641,2.56,0.459
26280,2,0.57,3.253,0.509
26281,2,0.516,3.581,0.568
26282,2,0.504,3.626,0.593
26283,2,0.443,3.947,0.619
26284,2,0.209,5.819,0.84
26285,2,0.594,3.05,0.478
26286,2,0.566,3.129,0.527
26287,2,0.424,4.014,0.65
26288,2,0.258,5.452,0.8
26289,2,0.535,3.438,0.552
26290,2,0.555,3.485,0.613
26291,2,0.539,3.371,0.531
26292,2,0.625,2.654,0.465
26293,2,0.777,1.873,0.474
26294,2,0.617,2.961,0.481
26295,2,0.535,3.351,0.54
26296,2,0.428,4.149,0.658
26297,2,0.367,4.547,0.706
26298,2,0.559,3.223,0.537
26299,2,0.414,4.163,0.668
26300,2,0.594,3.069,0.518
26301,2,0.477,3.777,0.605
26302,2,0.398,4.462,0.672
26303,2,0.167,6.4,0.881
26304,2,0.465,3.913,0.628
26305,2,0.652,2.555,0.465
26306,2,0.262,5.467,0.802
26307,2,0.416,4.108,0.673
26308,2,0.574,3.017,0.516
26309,2,0.598,2.895,0.509
26310,2,0.613,2.934,0.467
26311,2,0.461,4.06,0.611
26312,2,0.555,3.186,0.542
26313,2,0.25,5.555,0.809
26314,2,0.461,3.957,0.623
26315,2,0.449,4.186,0.635
26316,2,0.457,4.046,0.641
26317,2,0.492,3.695,0.588
26318,2,0.482,3.879,0.584
26319,2,0.453,4.091,0.633
26320,2,0.43,4.269,0.677
26321,2,0.463,3.93,0.62
26322,2,0.492,3.799,0.595
26323,2,0.539,3.199,0.564
26324,2,0.393,4.544,0.685
26325,2,0.512,3.507,0.58
26326,2,0.551,3.301,0.534
26327,2,0.396,4.516,0.684
26328,2,0.559,3.251,0.534
26329,2,0.504,3.648,0.576
26330,2,0.621,2.759,0.471
26331,2,0.336,4.844,0.739
26332,2,0.453,4.026,0.628
26333,2,0.609,2.595,0.495
26334,2,0.648,2.75,0.463
26335,2,0.562,3.188,0.54
26336,2,0.438,4.099,0.648
26337,2,0.424,4.228,0.652
26338,2,0.551,3.323,0.539
26339,2,0.516,3.516,0.571
26340,2,0.457,3.945,0.635
26341,2,0.371,4.628,0.701
26342,2,0.473,3.844,0.623
26343,2,0.395,4.402,0.68
26344,2,0.5,3.716,0.577
26345,2,0.441,4.014,0.648
26346,2,0.49,3.742,0.602
26347,2,0.543,3.114,0.538
26348,2,0.395,4.534,0.685
26349,2,0.52,3.575,0.565
26350,2,0.143,6.746,0.911
26351,2,0.426,4.334,0.687
26352,2,0.523,3.322,0.545
26353,2,0.453,4.002,0.653
26354,2,0.594,2.651,0.509
26355,2,0.206,6.269,0.848
26356,2,0.57,2.843,0.522
26357,2,0.498,3.778,0.599
26358,2,0.625,2.658,0.46
26359,2,0.498,3.513,0.588
26360,2,0.461,4.035,0.629
26361,2,0.348,4.837,0.721
26362,2,0.609,2.808,0.47
26363,2,0.463,3.979,0.619
26364,2,0.434,4.176,0.644
26365,2,0.473,3.836,0.624
26366,2,0.422,4.201,0.669
26367,2,0.547,3.322,0.526
26368,2,0.672,2.227,0.427
26369,2,0.258,5.802,0.832
26370,2,0.617,2.742,0.499
26371,2,0.594,2.828,0.473
26372,2,0.367,4.606,0.709
26373,2,0.633,2.867,0.454
26374,2,0.641,2.694,0.465
26375,2,0.609,2.906,0.489
26376,2,0.355,4.704,0.713
26377,2,0.621,2.714,0.463
26378,2,0.441,4.207,0.653
26379,2,0.516,3.483,0.572
26380,2,0.672,2.525,0.41
26381,2,0.586,3.091,0.507
26382,2,0.625,2.669,0.466
26383,2,0.355,4.696,0.719
26384,2,0.43,4.097,0.643
26385,2,0.512,3.615,0.584
26386,2,0.371,4.51,0.703
26387,2,0.555,3.065,0.519
26388,2,0.43,4.173,0.643
26389,2,0.332,4.82,0.731
26390,2,0.496,3.81,0.598
26391,2,0.672,2.541,0.435
26392,2,0.441,4.154,0.627
26393,2,0.43,4.234,0.653
26394,2,0.527,3.597,0.552
26395,2,0.605,3.026,0.486
26396,2,0.402,4.443,0.673
26397,2,0.441,4.061,0.614
26398,2,0.465,3.944,0.628
26399,2,0.436,4.156,0.643
26400,2,0.504,3.507,0.583
26401,2,0.586,2.841,0.513
26402,2,0.617,2.764,0.473
26403,2,0.496,3.802,0.596
26404,2,0.641,2.756,0.467
26405,2,0.547,3.176,0.538
26406,2,0.652,2.51,0.431
26407,2,0.465,3.883,0.615
26408,2,0.539,3.364,0.539
26409,2,0.426,4.308,0.642
26410,2,0.523,3.572,0.556
26411,2,0.598,3.065,0.491
26412,2,0.523,3.428,0.586
26413,2,0.59,3.071,0.503
26414,2,0.59,2.794,0.48
26415,2,0.367,4.514,0.704
26416,2,0.438,4.173,0.657
26417,2,0.412,4.345,0.67
26418,2,0.48,3.857,0.605
26419,2,0.543,3.348,0.534
26420,2,0.52,3.457,0.566
26421,2,0.188,6.28,0.847
26422,2,0.52,3.391,0.567
26423,2,0.412,4.279,0.671
26424,2,0.672,2.41,0.403
26425,2,0.688,2.463,0.402
26426,2,0.424,4.285,0.676
26427,2,0.574,3.176,0.502
26428,2,0.355,4.752,0.718
26429,2,0.57,3.032,0.51
26430,2,0.539,3.464,0.543
26431,2,0.338,4.992,0.742
26432,2,0.609,2.848,0.479
26433,2,0.312,5.116,0.762
26434,2,0.586,3.046,0.516
26435,2,0.453,4.046,0.607
26436,2,0.605,2.798,0.496
26437,2,0.566,3.097,0.543
26438,2,0.547,3.214,0.536
26439,2,0.516,3.369,0.568
26440,2,0.469,4.006,0.62
26441,2,0.551,3.34,0.525
26442,2,0.316,5.018,0.754
26443,2,0.459,3.962,0.632
26444,2,0.328,4.907,0.736
26445,2,0.5,3.705,0.582
26446,2,0.398,4.506,0.682
26447,2,0.41,4.224,0.647
26448,2,0.562,3.196,0.522
26449,2,0.4,4.339,0.676
26450,2,0.438,4.263,0.641
26451,2,0.387,4.498,0.698
26452,2,0.14,6.676,0.895
26453,2,0.484,3.79,0.595
26454,2,0.504,3.553,0.601
26455,2,0.605,2.742,0.485
26456,2,0.641,2.857,0.48
26457,2,0.5,3.561,0.586
26458,2,0.578,2.994,0.485
26459,2,0.363,4.876,0.701
26460,2,0.504,3.802,0.572
26461,2,0.516,3.52,0.574
26462,2,0.436,4.073,0.632
26463,2,0.371,4.637,0.709
26464,2,0.344,4.79,0.744
26465,2,0.613,2.576,0.493
26466,2,0.594,2.913,0.487
26467,2,0.656,2.491,0.443
26468,2,0.457,3.936,0.637
26469,2,0.135,6.615,0.88
26470,2,0.439,3.975,0.643
26471,2,0.367,4.698,0.699
26472,2,0.359,4.639,0.695
26473,2,0.438,4.121,0.628
26474,2,0.516,3.494,0.572
26475,2,0.602,2.813,0.482
26476,2,0.527,3.34,0.566
26477,2,0.354,4.789,0.735
26478,2,0.594,3.205,0.486
26479,2,0.562,3.299,0.515
26480,2,0.539,3.404,0.531
26481,2,0.684,2.283,0.386
26482,2,0.555,3.356,0.531
26483,2,0.49,3.352,0.593
26484,2,0.49,3.608,0.598
26485,2,0.383,4.562,0.697
26486,2,0.486,3.529,0.589
26487,2,0.406,4.332,0.667
26488,2,0.703,2.236,0.382
26489,2,0.57,3.084,0.503
26490,2,0.355,4.869,0.725
26491,2,0.652,2.519,0.437
26492,2,0.562,3.248,0.538
26493,2,0.512,3.657,0.582
26494,2,0.605,2.951,0.483
26495,2,0.594,2.949,0.49
26496,2,0.531,3.397,0.553
26497,2,0.594,2.956,0.488
26498,2,0.539,3.265,0.533
26499,2,0.602,2.836,0.479
26500,2,0.422,4.19,0.651
26501,2,0.547,3.269,0.521
26502,2,0.391,4.421,0.693
26503,2,0.535,3.308,0.54
26504,2,0.641,2.679,0.449
26505,2,0.656,2.371,0.427
26506,2,0.312,5.208,0.745
26507,2,0.523,3.501,0.576
26508,2,0.301,5.099,0.767
26509,2,0.531,3.417,0.569
26510,2,0.484,3.758,0.601
26511,2,0.582,3.252,0.524
26512,2,0.516,3.541,0.579
26513,2,0.586,3.011,0.518
26514,2,0.531,3.336,0.566
26515,2,0.508,3.513,0.57
26516,2,0.438,4.186,0.633
26517,2,0.266,5.401,0.795
26518,2,0.562,3.199,0.56
26519,2,0.498,3.634,0.589
26520,2,0.49,3.597,0.609
26521,2,0.371,4.438,0.697
26522,2,0.307,5.328,0.75
26523,2,0.5,3.798,0.595
26524,2,0.605,2.868,0.48
26525,2,0.547,3.378,0.543
26526,2,0.434,4.222,0.654
26527,2,0.641,2.47,0.472
26528,2,0.594,2.922,0.487
26529,2,0.508,3.675,0.594
26530,2,0.578,3.161,0.511
26531,2,0.535,3.45,0.552
26532,2,0.586,2.836,0.513
26533,2,0.625,2.707,0.463
26534,2,0.393,4.357,0.681
26535,2,0.289,5.239,0.78
26536,2,0.266,5.373,0.786
26537,2,0.336,4.822,0.73
26538,2,0.389,4.439,0.691
26539,2,0.438,4.046,0.638
26540,2,0.594,2.906,0.507
26541,2,0.379,4.432,0.703
26542,2,0.508,3.664,0.588
26543,2,0.336,4.942,0.736
26544,2,0.247,5.787,0.807
26545,2,0.508,3.573,0.576
26546,2,0.438,4.204,0.631
26547,2,0.516,3.456,0.561
26548,2,0.531,3.426,0.576
26549,2,0.516,3.566,0.579
26550,2,0.547,3.242,0.525
26551,2,0.34,4.978,0.724
26552,2,0.594,2.889,0.5
26553,2,0.465,3.877,0.615
26554,2,0.539,3.234,0.563
26555,2,0.535,3.525,0.555
26556,2,0.441,4.018,0.643
26557,2,0.449,3.94,0.647
26558,2,0.316,5.047,0.759
26559,2,0.648,2.783,0.444
26560,2,0.262,6.235,0.851
26561,2,0.41,4.409,0.658
26562,2,0.164,6.628,0.882
26563,2,0.574,2.903,0.509
26564,2,0.66,2.63,0.434
26565,2,0.4,4.223,0.667
26566,2,0.547,3.291,0.53
26567,2,0.566,3.207,0.519
26568,2,0.48,3.797,0.6
26569,2,0.494,3.646,0.592
26570,2,0.578,3.311,0.54
26571,2,0.516,3.557,0.572
26572,2,0.688,2.362,0.405
26573,2,0.498,3.767,0.593
26574,2,0.402,4.593,0.708
26575,2,0.508,3.737,0.569
26576,2,0.457,3.854,0.636
26577,2,0.539,3.392,0.544
26578,2,0.504,3.754,0.582
26579,2,0.562,3.216,0.514
26580,2,0.359,4.669,0.7
26581,2,0.41,4.317,0.685
26582,2,0.523,3.368,0.582
26583,2,0.465,3.02,0.66
26584,2,0.594,2.902,0.494
26585,2,0.562,3.085,0.529
26586,2,0.461,4.001,0.605
26587,2,0.516,3.59,0.567
26588,2,0.463,3.883,0.636
26589,2,0.512,3.509,0.579
26590,2,0.434,4.04,0.651
26591,2,0.566,2.959,0.534
26592,2,0.664,2.542,0.467
26593,2,0.398,4.279,0.668
26594,2,0.453,4.067,0.629
26595,2,0.578,2.997,0.498
26596,2,0.574,2.873,0.508
26597,2,0.467,3.914,0.608
26598,2,0.551,3.363,0.553
26599,2,0.363,4.661,0.715
26600,2,0.531,3.483,0.57
26601,2,0.547,3.21,0.531
26602,2,0.5,3.746,0.591
26603,2,0.508,3.63,0.578
26604,2,0.457,3.873,0.625
26605,2,0.441,4.002,0.649
26606,2,0.346,4.852,0.723
26607,2,0.414,4.14,0.655
26608,2,0.547,3.224,0.543
26609,2,0.438,4.142,0.644
26610,2,0.512,3.613,0.587
26611,2,0.504,3.545,0.586
26612,2,0.436,4.139,0.647
26613,2,0.479,3.829,0.611
26614,2,0.535,3.452,0.554
26615,2,0.477,3.842,0.603
26616,2,0.443,4.041,0.618
26617,2,0.527,3.373,0.566
26618,2,0.461,3.962,0.621
26619,2,0.305,5.077,0.76
26620,2,0.562,3.123,0.513
26621,2,0.346,4.779,0.724
26622,2,0.453,3.937,0.622
26623,2,0.367,4.74,0.714
26624,2,0.49,3.674,0.607
26625,2,0.246,5.841,0.82
26626,2,0.402,4.334,0.677
26627,2,0.59,3.021,0.502
26628,2,0.633,2.752,0.458
26629,2,0.34,4.8,0.737
26630,2,0.516,3.53,0.563
26631,2,0.539,3.431,0.535
26632,2,0.613,2.828,0.461
26633,2,0.311,4.975,0.757
26634,2,0.492,3.798,0.6
26635,2,0.734,2.025,0.363
26636,2,0.457,3.944,0.626
26637,2,0.605,2.595,0.488
26638,2,0.336,4.965,0.735
26639,2,0.508,3.598,0.584
26640,2,0.598,3.088,0.493
26641,2,0.461,3.796,0.631
26642,2,0.488,3.801,0.596
26643,2,0.387,4.49,0.698
26644,2,0.254,5.603,0.822
26645,2,0.445,4.02,0.608
26646,2,0.477,3.847,0.62
26647,2,0.473,3.823,0.591
26648,2,0.602,2.899,0.476
26649,2,0.578,2.913,0.527
26650,2,0.367,4.657,0.714
26651,2,0.342,4.795,0.73
26652,2,0.145,6.66,0.897
26653,2,0.359,4.66,0.71
26654,2,0.367,4.682,0.71
26655,2,0.656,2.554,0.436
26656,2,0.57,3.175,0.518
26657,2,0.494,3.621,0.595
26658,2,0.379,4.67,0.71
26659,2,0.303,5.448,0.763
26660,2,0.547,3.199,0.548
26661,2,0.547,3.387,0.531
26662,2,0.43,4.176,0.651
26663,2,0.449,4.132,0.621
26664,2,0.539,3.479,0.552
26665,2,0.479,3.465,0.606
26666,2,0.711,2.157,0.378
26667,2,0.383,3.654,0.714
26668,2,0.445,4.051,0.639
26669,2,0.451,4.086,0.621
26670,2,0.344,4.849,0.727
26671,2,0.424,4.328,0.66
26672,2,0.535,3.434,0.556
26673,2,0.418,4.175,0.66
26674,2,0.5,3.467,0.576
26675,2,0.348,4.649,0.712
26676,2,0.363,5.095,0.717
26677,2,0.441,4.184,0.649
26678,2,0.555,3.219,0.544
26679,2,0.484,3.83,0.601
26680,2,0.531,3.376,0.559
26681,2,0.385,4.432,0.7
26682,2,0.5,3.53,0.606
26683,2,0.453,3.893,0.611
26684,2,0.379,4.531,0.686
26685,2,0.555,3.239,0.513
26686,2,0.453,3.986,0.645
26687,2,0.461,3.994,0.619
26688,2,0.398,4.412,0.665
26689,2,0.469,3.745,0.612
26690,2,0.375,4.611,0.68
26691,2,0.486,3.88,0.584
26692,2,0.578,3.183,0.516
26693,2,0.742,2.048,0.354
26694,2,0.441,4.01,0.636
26695,2,0.338,4.888,0.726
26696,2,0.562,3.254,0.525
26697,2,0.625,2.782,0.454
26698,2,0.355,4.614,0.711
26699,2,0.617,2.789,0.465
26700,2,0.312,5.167,0.75
26701,2,0.578,3.094,0.514
26702,2,0.594,3.025,0.503
26703,2,0.57,3.137,0.532
26704,2,0.582,3.102,0.528
26705,2,0.344,4.758,0.742
26706,2,0.543,3.3,0.532
26707,2,0.625,2.821,0.46
26708,2,0.301,5.091,0.777
26709,2,0.508,3.58,0.583
26710,2,0.449,4.036,0.637
26711,2,0.277,5.504,0.79
26712,2,0.26,5.531,0.809
26713,2,0.277,5.364,0.793
26714,2,0.496,3.65,0.59
26715,2,0.523,3.302,0.581
26716,2,0.633,2.601,0.475
26717,2,0.41,4.33,0.675
26718,2,0.527,3.417,0.544
26719,2,0.465,3.98,0.626
26720,2,0.422,4.1,0.647
26721,2,0.426,4.22,0.639
26722,2,0.703,2.18,0.389
26723,2,0.617,2.699,0.479
26724,2,0.641,2.781,0.47
26725,2,0.488,3.864,0.587
26726,2,0.523,3.408,0.574
26727,2,0.664,2.606,0.433
26728,2,0.633,2.688,0.448
26729,2,0.617,2.76,0.468
26730,2,0.34,4.907,0.728
26731,2,0.727,2.199,0.381
26732,2,0.605,2.684,0.47
26733,2,0.473,3.964,0.6
26734,2,0.461,3.963,0.634
26735,2,0.496,3.575,0.597
26736,2,0.414,4.305,0.667
26737,2,0.367,4.51,0.731
26738,2,0.4,4.415,0.671
26739,2,0.508,3.467,0.58
26740,2,0.465,3.984,0.627
26741,2,0.369,4.668,0.715
26742,2,0.428,4.142,0.66
26743,2,0.492,3.877,0.583
26744,2,0.324,5.063,0.763
26745,2,0.551,3.288,0.537
26746,2,0.539,3.337,0.558
26747,2,0.539,3.498,0.549
26748,2,0.531,3.377,0.554
26749,2,0.602,2.926,0.491
26750,2,0.504,3.504,0.585
26751,2,0.527,3.278,0.569
26752,2,0.344,4.785,0.733
26753,2,0.453,4.089,0.615
26754,2,0.375,4.58,0.707
26755,2,0.195,6.088,0.846
26756,2,0.479,3.859,0.614
26757,2,0.387,4.384,0.689
26758,2,0.551,3.085,0.546
26759,2,0.498,3.698,0.585
26760,2,0.586,2.896,0.501
26761,2,0.52,3.428,0.568
26762,2,0.498,3.697,0.564
26763,2,0.633,2.742,0.461
26764,2,0.582,3.341,0.533
26765,2,0.243,5.702,0.821
26766,2,0.5,3.72,0.595
26767,2,0.551,3.105,0.539
26768,2,0.582,3.071,0.49
26769,2,0.578,3.097,0.51
26770,2,0.33,4.881,0.728
26771,2,0.402,4.237,0.672
26772,2,0.543,3.16,0.547
26773,2,0.594,3.165,0.501
26774,2,0.461,4.892,0.766
26775,2,0.34,4.754,0.74
26776,2,0.484,3.754,0.586
26777,2,0.562,3.228,0.527
26778,2,0.625,2.554,0.464
26779,2,0.664,2.493,0.439
26780,2,0.418,4.179,0.665
26781,2,0.438,4.112,0.646
26782,2,0.523,3.462,0.563
26783,2,0.496,3.576,0.58
26784,2,0.383,4.581,0.691
26785,2,0.387,4.506,0.692
26786,2,0.535,3.354,0.559
26787,2,0.488,3.812,0.59
26788,2,0.469,3.858,0.617
26789,2,0.613,2.771,0.487
26790,2,0.473,3.872,0.629
26791,2,0.25,5.497,0.812
26792,2,0.449,3.999,0.641
26793,2,0.547,3.243,0.528
26794,2,0.527,3.51,0.543
26795,2,0.68,2.352,0.403
26796,2,0.578,3.188,0.524
26797,2,0.402,4.381,0.681
26798,2,0.582,3.026,0.518
26799,2,0.326,4.908,0.748
26800,2,0.414,4.188,0.648
26801,2,0.719,2.155,0.39
26802,2,0.48,3.876,0.6
26803,2,0.586,2.989,0.528
26804,2,0.656,2.436,0.433
26805,2,0.488,3.772,0.581
26806,2,0.617,2.761,0.509
26807,2,0.551,3.482,0.543
26808,2,0.66,2.401,0.427
26809,2,0.645,2.616,0.451
26810,2,0.652,2.607,0.448
26811,2,0.309,5.086,0.752
26812,2,0.316,4.981,0.752
26813,2,0.285,5.261,0.774
26814,2,0.52,3.615,0.554
26815,2,0.508,3.633,0.576
26816,2,0.547,3.322,0.549
26817,2,0.5,3.566,0.571
26818,2,0.449,3.832,0.637
26819,2,0.424,4.245,0.65
26820,2,0.609,2.712,0.489
26821,2,0.734,2.089,0.383
26822,2,0.301,5.414,0.777
26823,2,0.406,4.293,0.647
26824,2,0.42,4.31,0.658
26825,2,0.602,2.875,0.494
26826,2,0.387,4.549,0.692
26827,2,0.508,3.598,0.575
26828,2,0.463,3.912,0.622
26829,2,0.475,3.883,0.599
26830,2,0.402,4.358,0.679
26831,2,0.562,3.209,0.531
26832,2,0.447,4.064,0.636
26833,2,0.453,3.945,0.637
26834,2,0.664,2.433,0.42
26835,2,0.648,2.44,0.448
26836,2,0.375,4.548,0.706
26837,2,0.375,4.696,0.709
26838,2,0.41,4.389,0.66
26839,2,0.605,3.075,0.485
26840,2,0.48,3.731,0.606
26841,2,0.602,3.051,0.493
26842,2,0.648,2.628,0.444
26843,2,0.471,3.77,0.614
26844,2,0.182,6.441,0.86
26845,2,0.648,2.484,0.448
26846,2,0.555,3.088,0.538
26847,2,0.578,3.069,0.504
26848,2,0.387,4.737,0.701
26849,2,0.498,3.571,0.588
26850,2,0.445,4.113,0.651
26851,2,0.57,3.131,0.554
26852,2,0.496,3.639,0.599
26853,2,0.527,3.369,0.57
26854,2,0.516,3.458,0.582
26855,2,0.602,2.832,0.489
26856,2,0.637,2.515,0.418
26857,2,0.5,3.59,0.59
26858,2,0.535,3.373,0.541
26859,2,0.539,3.333,0.533
26860,2,0.523,3.66,0.561
26861,2,0.605,2.815,0.501
26862,2,0.57,3.054,0.516
26863,2,0.516,3.641,0.589
26864,2,0.512,3.644,0.576
26865,2,0.535,3.413,0.554
26866,2,0.57,3.23,0.521
26867,2,0.547,3.521,0.546
26868,2,0.496,3.74,0.586
26869,2,0.289,5.145,0.776
26870,2,0.57,3.059,0.532
26871,2,0.562,3.177,0.525
26872,2,0.395,4.377,0.69
26873,2,0.5,3.654,0.563
26874,2,0.695,2.282,0.401
26875,2,0.602,3.045,0.498
26876,2,0.703,2.292,0.388
26877,2,0.395,4.423,0.683
26878,2,0.508,3.627,0.572
26879,2,0.445,4.009,0.616
26880,2,0.582,3.006,0.526
26881,2,0.303,5.112,0.766
26882,2,0.496,3.776,0.555
26883,2,0.578,3.052,0.513
26884,2,0.477,3.887,0.609
26885,2,0.441,4.019,0.631
26886,2,0.539,3.335,0.537
26887,2,0.723,2.125,0.367
26888,2,0.449,4.098,0.631
26889,2,0.68,2.498,0.423
26890,2,0.562,3.151,0.517
26891,2,0.246,5.661,0.815
26892,2,0.547,3.211,0.568
26893,2,0.539,3.459,0.551
26894,2,0.408,4.325,0.674
26895,2,0.395,4.495,0.686
26896,2,0.406,4.296,0.668
26897,2,0.633,2.692,0.47
26898,2,0.512,3.298,0.567
26899,2,0.5,3.653,0.587
26900,2,0.484,3.72,0.6
26901,2,0.492,3.628,0.604
26902,2,0.225,5.713,0.824
26903,2,0.566,3.324,0.511
26904,2,0.494,3.806,0.592
26905,2,0.477,3.71,0.593
26906,2,0.609,2.852,0.491
26907,2,0.393,4.358,0.68
26908,2,0.41,4.252,0.657
26909,2,0.498,3.554,0.578
26910,2,0.512,3.549,0.575
26911,2,0.75,1.859,0.459
26912,2,0.328,4.838,0.738
26913,2,0.498,3.531,0.587
26914,2,0.449,3.959,0.642
26915,2,0.555,3.232,0.528
26916,2,0.379,4.639,0.7
26917,2,0.559,3.269,0.545
26918,2,0.645,2.742,0.435
26919,2,0.504,3.567,0.557
26920,2,0.484,3.942,0.585
26921,2,0.555,3.221,0.533
26922,2,0.32,4.965,0.753
26923,2,0.684,2.182,0.43
26924,2,0.59,2.947,0.526
26925,2,0.512,3.593,0.593
26926,2,0.508,3.533,0.576
26927,2,0.48,3.88,0.599
26928,2,0.535,3.382,0.555
26929,2,0.457,4.005,0.639
26930,2,0.504,3.605,0.582
26931,2,0.547,3.183,0.531
26932,2,0.5,3.783,0.57
26933,2,0.498,3.826,0.587
26934,2,0.406,4.17,0.671
26935,2,0.43,4.06,0.658
26936,2,0.496,3.71,0.591
26937,2,0.594,3.017,0.478
26938,2,0.523,3.462,0.554
26939,2,0.424,4.191,0.633
26940,2,0.424,4.239,0.663
26941,2,0.408,4.283,0.678
26942,2,0.447,4.153,0.612
26943,2,0.426,4.336,0.653
26944,2,0.461,3.811,0.611
26945,2,0.559,3.164,0.535
26946,2,0.441,4.161,0.639
26947,2,0.535,3.223,0.554
26948,2,0.379,4.433,0.702
26949,2,0.562,3.144,0.517
26950,2,0.496,3.751,0.612
26951,2,0.482,3.795,0.596
26952,2,0.332,4.87,0.743
26953,2,0.332,4.94,0.731
26954,2,0.391,4.405,0.682
26955,2,0.402,4.312,0.685
26956,2,0.441,3.958,0.628
26957,2,0.445,4.094,0.624
26958,2,0.527,3.484,0.574
26959,2,0.4,4.346,0.665
26960,2,0.355,4.597,0.72
26961,2,0.361,4.508,0.703
26962,2,0.336,4.948,0.731
26963,2,0.488,3.599,0.604
26964,2,0.447,3.941,0.586
26965,2,0.52,3.527,0.564
26966,2,0.57,3.219,0.523
26967,2,0.293,5.14,0.763
26968,2,0.488,3.515,0.604
26969,2,0.508,3.421,0.586
26970,2,0.586,3.065,0.497
26971,2,0.648,2.28,0.492
26972,2,0.461,3.962,0.632
26973,2,0.562,3.194,0.528
26974,2,0.309,5.304,0.765
26975,2,0.641,2.668,0.443
26976,2,0.68,2.53,0.431
26977,2,0.527,3.45,0.561
26978,2,0.504,3.372,0.614
26979,2,0.684,2.421,0.421
26980,2,0.467,3.863,0.607
26981,2,0.535,3.432,0.563
26982,2,0.426,4.263,0.652
26983,2,0.551,3.121,0.544
26984,2,0.699,2.342,0.405
26985,2,0.59,3.196,0.496
26986,2,0.406,4.442,0.666
26987,2,0.457,3.911,0.626
26988,2,0.352,4.743,0.725
26989,2,0.555,3.276,0.527
26990,2,0.465,3.853,0.617
26991,2,0.562,3.032,0.526
26992,2,0.602,2.967,0.495
26993,2,0.348,4.808,0.711
26994,2,0.512,3.65,0.588
26995,2,0.625,2.757,0.473
26996,2,0.194,6.017,0.844
26997,2,0.609,2.94,0.481
26998,2,0.449,3.918,0.637
26999,2,0.204,6.157,0.844
27000,2,0.182,6.321,0.86
27001,2,0.383,4.542,0.698
27002,2,0.488,3.801,0.582
27003,2,0.453,4.055,0.625
27004,2,0.346,4.824,0.73
27005,2,0.617,2.855,0.466
27006,2,0.309,5.047,0.774
27007,2,0.459,3.98,0.621
27008,2,0.539,3.333,0.555
27009,2,0.508,3.51,0.588
27010,2,0.559,3.239,0.532
27011,2,0.602,2.86,0.507
27012,2,0.496,3.611,0.586
27013,2,0.223,5.829,0.82
27014,2,0.346,4.715,0.741
27015,2,0.562,3.121,0.529
27016,2,0.289,5.299,0.775
27017,2,0.494,3.679,0.595
27018,2,0.404,4.338,0.666
27019,2,0.443,4.093,0.641
27020,2,0.5,3.607,0.587
27021,2,0.574,3.084,0.525
27022,2,0.396,4.35,0.683
27023,2,0.504,3.535,0.577
27024,2,0.41,4.357,0.667
27025,2,0.402,4.234,0.682
27026,2,0.426,4.215,0.662
27027,2,0.578,2.998,0.502
27028,2,0.535,3.498,0.562
27029,2,0.586,2.894,0.509
27030,2,0.547,3.303,0.543
27031,2,0.32,5.129,0.749
27032,2,0.398,4.425,0.678
27033,2,0.414,4.284,0.667
27034,2,0.664,2.48,0.436
27035,2,0.418,4.161,0.668
27036,2,0.547,3.277,0.563
27037,2,0.441,4.069,0.647
27038,2,0.32,4.96,0.757
27039,2,0.285,5.208,0.775
27040,2,0.543,3.353,0.543
27041,2,0.492,3.691,0.603
27042,2,0.355,4.785,0.719
27043,2,0.5,3.654,0.587
27044,2,0.57,3.182,0.539
27045,2,0.586,3.085,0.508
27046,2,0.656,2.58,0.446
27047,2,0.438,4.19,0.637
27048,2,0.461,3.899,0.62
27049,2,0.539,3.351,0.556
27050,2,0.535,3.467,0.566
27051,2,0.609,2.752,0.488
27052,2,0.488,3.576,0.598
27053,2,0.445,4.01,0.647
27054,2,0.488,3.754,0.591
27055,2,0.559,2.95,0.524
27056,2,0.695,2.245,0.39
27057,2,0.453,3.901,0.627
27058,2,0.461,3.952,0.639
27059,2,0.555,3.171,0.539
27060,2,0.438,4.004,0.649
27061,2,0.211,6.025,0.847
27062,2,0.617,2.787,0.475
27063,2,0.395,4.538,0.675
27064,2,0.453,4.113,0.628
27065,2,0.504,3.805,0.582
27066,2,0.543,3.415,0.57
27067,2,0.447,3.932,0.636
27068,2,0.672,2.474,0.448
27069,2,0.422,4.232,0.65
27070,2,0.625,2.703,0.46
27071,2,0.766,1.818,0.339
27072,2,0.383,4.525,0.683
27073,2,0.562,3.091,0.517
27074,2,0.664,2.475,0.424
27075,2,0.455,3.858,0.634
27076,2,0.451,4.121,0.627
27077,2,0.508,3.408,0.591
27078,2,0.648,2.575,0.458
27079,2,0.379,4.651,0.707
27080,2,0.531,3.405,0.557
27081,2,0.652,2.475,0.437
27082,2,0.383,4.538,0.685
27083,2,0.469,3.979,0.61
27084,2,0.609,2.943,0.492
27085,2,0.617,2.9,0.469
27086,2,0.43,4.239,0.636
27087,2,0.473,3.853,0.616
27088,2,0.463,4.052,0.619
27089,2,0.25,5.789,0.802
27090,2,0.496,3.687,0.575
27091,2,0.555,3.376,0.533
27092,2,0.434,4.149,0.658
27093,2,0.543,3.446,0.537
27094,2,0.609,3.008,0.464
27095,2,0.34,4.867,0.729
27096,2,0.664,2.363,0.414
27097,2,0.613,2.86,0.489
27098,2,0.539,3.271,0.569
27099,2,0.355,4.617,0.723
27100,2,0.342,4.892,0.746
27101,2,0.465,3.786,0.624
27102,2,0.578,3.23,0.5
27103,2,0.305,5.2,0.763
27104,2,0.469,3.82,0.607
27105,2,0.471,3.825,0.621
27106,2,0.535,3.317,0.551
27107,2,0.23,5.803,0.822
27108,2,0.516,3.613,0.566
27109,2,0.672,2.501,0.434
27110,2,0.57,3.185,0.522
27111,2,0.613,2.864,0.487
27112,2,0.496,4.077,0.748
27113,2,0.609,2.639,0.468
27114,2,0.52,3.392,0.569
27115,2,0.385,4.626,0.68
27116,2,0.426,4.422,0.66
27117,2,0.664,2.563,0.415
27118,2,0.562,3.18,0.532
27119,2,0.602,2.864,0.479
27120,2,0.516,3.422,0.577
27121,2,0.477,3.688,0.615
27122,2,0.473,3.763,0.61
27123,2,0.43,4.169,0.642
27124,2,0.449,4.008,0.621
27125,2,0.57,3.119,0.531
27126,2,0.664,2.536,0.43
27127,2,0.711,2.268,0.386
27128,2,0.457,4.036,0.636
27129,2,0.418,4.177,0.656
27130,2,0.664,2.264,0.424
27131,2,0.719,2.286,0.376
27132,2,0.547,3.166,0.543
27133,2,0.648,2.615,0.445
27134,2,0.324,4.932,0.743
27135,2,0.371,4.667,0.707
27136,2,0.609,2.899,0.495
27137,2,0.641,2.653,0.447
27138,2,0.539,3.326,0.557
27139,2,0.555,3.289,0.552
27140,2,0.365,4.727,0.723
27141,2,0.57,3.063,0.525
27142,2,0.578,3.111,0.51
27143,2,0.613,2.854,0.485
27144,2,0.688,2.15,0.42
27145,2,0.535,3.491,0.54
27146,2,0.492,3.746,0.585
27147,2,0.418,4.223,0.666
27148,2,0.355,4.705,0.715
27149,2,0.398,4.33,0.689
27150,2,0.508,3.639,0.581
27151,2,0.613,2.728,0.475
27152,2,0.586,2.943,0.494
27153,2,0.346,4.731,0.718
27154,2,0.543,3.174,0.542
27155,2,0.617,2.849,0.486
27156,2,0.426,4.212,0.644
27157,2,0.539,3.494,0.557
27158,2,0.422,4.195,0.661
27159,2,0.412,4.188,0.646
27160,2,0.648,2.795,0.458
27161,2,0.555,3.261,0.544
27162,2,0.602,2.759,0.501
27163,2,0.135,6.731,0.892
27164,2,0.471,3.872,0.635
27165,2,0.57,3.229,0.517
27166,2,0.469,4.014,0.612
27167,2,0.531,3.45,0.56
27168,2,0.68,2.351,0.416
27169,2,0.391,4.494,0.687
27170,2,0.391,4.4,0.685
27171,2,0.527,3.465,0.565
27172,2,0.512,3.672,0.586
27173,2,0.496,3.731,0.583
27174,2,0.398,4.471,0.67
27175,2,0.441,4.063,0.645
27176,2,0.641,2.638,0.46
27177,2,0.41,4.43,0.657
27178,2,0.389,4.599,0.695
27179,2,0.664,2.562,0.424
27180,2,0.57,3.006,0.506
27181,2,0.359,4.713,0.73
27182,2,0.387,4.445,0.701
27183,2,0.656,2.546,0.459
27184,2,0.404,4.491,0.685
27185,2,0.555,3.281,0.539
27186,2,0.543,3.164,0.569
27187,2,0.5,3.808,0.583
27188,2,0.426,4.222,0.648
27189,2,0.359,4.587,0.713
27190,2,0.527,3.337,0.574
27191,2,0.551,3.366,0.533
27192,2,0.439,4.142,0.642
27193,2,0.578,3.184,0.508
27194,2,0.318,4.966,0.763
27195,2,0.547,3.316,0.539
27196,2,0.434,4.15,0.65
27197,2,0.52,3.632,0.561
27198,2,0.496,3.677,0.58
27199,2,0.377,4.69,0.682
27200,2,0.371,4.669,0.664
27201,2,0.578,3.071,0.511
27202,2,0.434,4.191,0.637
27203,2,0.508,3.633,0.576
27204,2,0.23,5.878,0.828
27205,2,0.52,3.553,0.547
27206,2,0.43,4.159,0.659
27207,2,0.49,3.636,0.611
27208,2,0.477,3.976,0.596
27209,2,0.574,3.274,0.516
27210,2,0.457,3.981,0.636
27211,2,0.578,3.087,0.523
27212,2,0.57,3.16,0.532
27213,2,0.441,3.994,0.619
27214,2,0.494,3.639,0.59
27215,2,0.547,3.272,0.534
27216,2,0.574,3.249,0.511
27217,2,0.414,4.303,0.673
27218,2,0.459,3.87,0.626
27219,2,0.551,3.333,0.543
27220,2,0.492,3.689,0.608
27221,2,0.688,2.509,0.425
27222,2,0.441,4.056,0.656
27223,2,0.289,5.301,0.787
27224,2,0.496,3.594,0.582
27225,2,0.48,3.688,0.617
27226,2,0.727,2.036,0.369
27227,2,0.508,3.567,0.586
27228,2,0.562,3.392,0.537
27229,2,0.551,3.334,0.536
27230,2,0.469,3.844,0.62
27231,2,0.516,3.421,0.568
27232,2,0.5,3.6,0.596
27233,2,0.535,3.495,0.548
27234,2,0.656,2.412,0.438
27235,2,0.473,3.849,0.599
27236,2,0.508,3.628,0.581
27237,2,0.445,3.959,0.629
27238,2,0.508,3.553,0.602
27239,2,0.453,3.952,0.623
27240,2,0.609,2.943,0.503
27241,2,0.114,6.994,0.926
27242,2,0.559,3.461,0.516
27243,2,0.467,3.94,0.612
27244,2,0.414,4.331,0.666
27245,2,0.342,5.079,0.733
27246,2,0.477,3.791,0.6
27247,2,0.648,2.8,0.48
27248,2,0.66,2.526,0.405
27249,2,0.562,3.236,0.533
27250,2,0.434,4.105,0.653
27251,2,0.457,3.883,0.602
27252,2,0.652,2.484,0.438
27253,2,0.512,3.562,0.562
27254,2,0.453,4.06,0.628
27255,2,0.492,3.701,0.578
27256,2,0.523,3.381,0.562
27257,2,0.441,4.145,0.637
27258,2,0.486,3.695,0.598
27259,2,0.258,6.076,0.819
27260,2,0.75,1.968,0.356
27261,2,0.641,2.715,0.474
27262,2,0.461,4.141,0.636
27263,2,0.656,2.449,0.442
27264,2,0.535,3.466,0.542
27265,2,0.5,3.599,0.576
27266,2,0.363,4.597,0.711
27267,2,0.543,3.415,0.549
27268,2,0.59,2.696,0.515
27269,2,0.48,3.773,0.609
27270,2,0.484,3.936,0.608
27271,2,0.508,3.717,0.56
27272,2,0.309,5.043,0.755
27273,2,0.273,5.218,0.781
27274,2,0.531,3.293,0.551
27275,2,0.441,4.094,0.656
27276,2,0.48,3.728,0.601
27277,2,0.463,3.975,0.611
27278,2,0.461,3.723,0.628
27279,2,0.27,5.486,0.774
27280,2,0.656,2.69,0.443
27281,2,0.578,2.893,0.497
27282,2,0.5,3.669,0.566
27283,2,0.43,4.224,0.654
27284,2,0.504,3.549,0.587
27285,2,0.664,2.289,0.415
27286,2,0.316,4.989,0.749
27287,2,0.461,3.992,0.616
27288,2,0.602,3.049,0.486
27289,2,0.543,3.105,0.54
27290,2,0.508,3.628,0.581
27291,2,0.547,3.279,0.534
27292,2,0.422,4.207,0.651
27293,2,0.498,3.663,0.584
27294,2,0.523,3.512,0.575
27295,2,0.578,2.862,0.518
27296,2,0.48,3.939,0.592
27297,2,0.508,3.575,0.574
27298,2,0.625,2.735,0.448
27299,2,0.357,4.87,0.718
27300,2,0.398,4.398,0.68
27301,2,0.531,3.415,0.559
27302,2,0.547,3.128,0.539
27303,2,0.508,3.617,0.574
27304,2,0.508,3.477,0.563
27305,2,0.498,3.76,0.597
27306,2,0.33,5.029,0.739
27307,2,0.605,2.798,0.493
27308,2,0.641,2.512,0.461
27309,2,0.457,4.052,0.633
27310,2,0.543,3.551,0.561
27311,2,0.699,2.311,0.392
27312,2,0.383,4.558,0.691
27313,2,0.617,2.716,0.497
27314,2,0.264,5.193,0.78
27315,2,0.523,3.505,0.55
27316,2,0.146,6.635,0.897
27317,2,0.535,3.209,0.55
27318,2,0.578,2.991,0.514
27319,2,0.527,3.509,0.559
27320,2,0.457,3.901,0.625
27321,2,0.629,2.866,0.468
27322,2,0.402,4.218,0.674
27323,2,0.535,3.47,0.54
27324,2,0.363,4.733,0.72
27325,2,0.625,2.803,0.47
27326,2,0.35,4.779,0.723
27327,2,0.438,3.952,0.644
27328,2,0.465,3.953,0.612
27329,2,0.453,3.94,0.628
27330,2,0.52,3.661,0.579
27331,2,0.574,3.101,0.532
27332,2,0.441,4.181,0.629
27333,2,0.457,4.549,0.651
27334,2,0.602,3.048,0.486
27335,2,0.531,3.404,0.553
27336,2,0.637,2.291,0.455
27337,2,0.52,3.569,0.566
27338,2,0.463,3.909,0.635
27339,2,0.293,5.332,0.778
27340,2,0.535,3.469,0.552
27341,2,0.496,3.622,0.583
27342,2,0.578,3.162,0.521
27343,2,0.617,2.563,0.464
27344,2,0.492,3.694,0.59
27345,2,0.414,4.34,0.672
27346,2,0.246,5.659,0.81
27347,2,0.523,3.26,0.568
27348,2,0.598,3.038,0.51
27349,2,0.625,2.74,0.449
27350,2,0.277,5.445,0.786
27351,2,0.703,2.213,0.384
27352,2,0.617,2.581,0.491
27353,2,0.363,4.697,0.715
27354,2,0.496,3.757,0.612
27355,2,0.594,2.96,0.477
27356,2,0.727,2.146,0.381
27357,2,0.559,3.071,0.514
27358,2,0.504,3.582,0.584
27359,2,0.555,3.231,0.52
27360,2,0.594,3.053,0.483
27361,2,0.422,4.073,0.658
