t,kind,rank,worker,pid,global_step,epoch,local_step,load_ms,index,wall_ms,cpu_ms,ok,n_in,seq_len,t_batch,t_fwd,t_bwd,t_opt,t_end
1789039866.1067,load,3,-1,29432,0.0,0.0,1.0,2674.124,,,,,,,,,,,
1789039868.2317,load,3,-1,29432,1.0,0.0,2.0,0.244,,,,,,,,,,,
1789039868.3528,load,3,-1,29432,2.0,0.0,3.0,0.1,,,,,,,,,,,
1789039869.4199,load,3,-1,29432,3.0,0.0,4.0,0.107,,,,,,,,,,,
1789039870.6108,load,3,-1,29432,4.0,0.0,5.0,940.094,,,,,,,,,,,
1789039871.7397,load,3,-1,29432,5.0,0.0,6.0,259.598,,,,,,,,,,,
1789039872.7303,load,3,-1,29432,6.0,0.0,7.0,258.597,,,,,,,,,,,
1789039874.6765,load,3,-1,29432,7.0,0.0,8.0,596.549,,,,,,,,,,,
1789039874.8237,load,3,-1,29432,8.0,0.0,9.0,0.097,,,,,,,,,,,
1789039877.1591,load,3,-1,29432,9.0,0.0,10.0,503.073,,,,,,,,,,,
1789039877.3648,load,3,-1,29432,10.0,0.0,11.0,75.171,,,,,,,,,,,
1789039879.6956,load,3,-1,29432,11.0,0.0,12.0,1211.762,,,,,,,,,,,
1789039880.4213,load,3,-1,29432,12.0,0.0,13.0,0.123,,,,,,,,,,,
1789039882.1199,load,3,-1,29432,13.0,0.0,14.0,1119.483,,,,,,,,,,,
1789039882.8196,load,3,-1,29432,14.0,0.0,15.0,508.045,,,,,,,,,,,
1789039884.4544,load,3,-1,29432,15.0,0.0,16.0,1292.458,,,,,,,,,,,
1789039885.0919,load,3,-1,29432,16.0,0.0,17.0,454.142,,,,,,,,,,,
1789039886.6184,load,3,-1,29432,17.0,0.0,18.0,1378.313,,,,,,,,,,,
1789039887.8564,load,3,-1,29432,18.0,0.0,19.0,666.86,,,,,,,,,,,
1789039889.9796,load,3,-1,29432,19.0,0.0,20.0,1910.681,,,,,,,,,,,
1789039890.4151,load,3,-1,29432,20.0,0.0,21.0,324.084,,,,,,,,,,,
1789039892.4898,load,3,-1,29432,21.0,0.0,22.0,1587.357,,,,,,,,,,,
1789039893.4618,load,3,-1,29432,22.0,0.0,23.0,836.791,,,,,,,,,,,
1789039894.1784,load,3,-1,29432,23.0,0.0,24.0,605.325,,,,,,,,,,,
1789039895.7532,load,3,-1,29432,24.0,0.0,25.0,1197.762,,,,,,,,,,,
1789039897.1994,load,3,-1,29432,25.0,0.0,26.0,1334.949,,,,,,,,,,,
1789039897.4133,load,3,-1,29432,26.0,0.0,27.0,83.187,,,,,,,,,,,
1789039899.9498,load,3,-1,29432,27.0,0.0,28.0,2171.882,,,,,,,,,,,
1789039900.0818,load,3,-1,29432,28.0,0.0,29.0,0.103,,,,,,,,,,,
1789039902.4335,load,3,-1,29432,29.0,0.0,30.0,2169.21,,,,,,,,,,,
1789039902.9061,load,3,-1,29432,30.0,0.0,31.0,129.284,,,,,,,,,,,
1789039905.1195,load,3,-1,29432,31.0,0.0,32.0,2101.491,,,,,,,,,,,
1789039905.2431,load,3,-1,29432,32.0,0.0,33.0,0.106,,,,,,,,,,,
1789039907.5199,load,3,-1,29432,33.0,0.0,34.0,1872.03,,,,,,,,,,,
1789039908.1567,load,3,-1,29432,34.0,0.0,35.0,526.75,,,,,,,,,,,
1789039909.8785,load,3,-1,29432,35.0,0.0,36.0,1606.752,,,,,,,,,,,
1789039910.5234,load,3,-1,29432,36.0,0.0,37.0,282.091,,,,,,,,,,,
1789039912.1092,load,3,-1,29432,37.0,0.0,38.0,1475.273,,,,,,,,,,,
1789039912.9775,load,3,-1,29432,38.0,0.0,39.0,758.637,,,,,,,,,,,
1789039914.7593,load,3,-1,29432,39.0,0.0,40.0,1424.542,,,,,,,,,,,
1789039915.777,load,3,-1,29432,40.0,0.0,41.0,908.235,,,,,,,,,,,
1789039917.0529,load,3,-1,29432,41.0,0.0,42.0,1086.605,,,,,,,,,,,
1789039918.3266,load,3,-1,29432,42.0,0.0,43.0,933.137,,,,,,,,,,,
1789039918.9875,load,3,-1,29432,43.0,0.0,44.0,551.699,,,,,,,,,,,
1789039920.7572,load,3,-1,29432,44.0,0.0,45.0,1659.462,,,,,,,,,,,
1789039921.2963,load,3,-1,29432,45.0,0.0,46.0,176.305,,,,,,,,,,,
1789039923.1054,load,3,-1,29432,46.0,0.0,47.0,1699.409,,,,,,,,,,,
1789039924.2128,load,3,-1,29432,47.0,0.0,48.0,997.757,,,,,,,,,,,
1789039924.9276,load,3,-1,29432,48.0,0.0,49.0,374.886,,,,,,,,,,,
1789039926.7704,load,3,-1,29432,49.0,0.0,50.0,1734.928,,,,,,,,,,,
1789039926.903,load,3,-1,29432,50.0,0.0,51.0,0.126,,,,,,,,,,,
1789039929.7526,load,3,-1,29432,51.0,0.0,52.0,2448.718,,,,,,,,,,,
1789039929.8783,load,3,-1,29432,52.0,0.0,53.0,0.095,,,,,,,,,,,
1789039932.3486,load,3,-1,29432,53.0,0.0,54.0,2288.023,,,,,,,,,,,
1789039932.7295,load,3,-1,29432,54.0,0.0,55.0,0.115,,,,,,,,,,,
1789039934.6436,load,3,-1,29432,55.0,0.0,56.0,1800.359,,,,,,,,,,,
1789039934.7873,load,3,-1,29432,56.0,0.0,57.0,0.113,,,,,,,,,,,
1789039937.0705,load,3,-1,29432,57.0,0.0,58.0,1877.861,,,,,,,,,,,
1789039937.4078,load,3,-1,29432,58.0,0.0,59.0,226.906,,,,,,,,,,,
1789039939.3728,load,3,-1,29432,59.0,0.0,60.0,1831.505,,,,,,,,,,,
1789039939.7509,load,3,-1,29432,60.0,0.0,61.0,0.084,,,,,,,,,,,
1789039942.0246,load,3,-1,29432,61.0,0.0,62.0,2047.563,,,,,,,,,,,
1789039942.6705,load,3,-1,29432,62.0,0.0,63.0,529.524,,,,,,,,,,,
1789039944.974,load,3,-1,29432,63.0,0.0,64.0,1956.412,,,,,,,,,,,
1789039945.4564,load,3,-1,29432,64.0,0.0,65.0,368.504,,,,,,,,,,,
1789039947.1888,load,3,-1,29432,65.0,0.0,66.0,1621.178,,,,,,,,,,,
1789039947.6354,load,3,-1,29432,66.0,0.0,67.0,83.465,,,,,,,,,,,
1789039949.7408,load,3,-1,29432,67.0,0.0,68.0,1993.484,,,,,,,,,,,
1789039950.0027,load,3,-1,29432,68.0,0.0,69.0,148.67,,,,,,,,,,,
1789039951.7344,load,3,-1,29432,69.0,0.0,70.0,1383.52,,,,,,,,,,,
1789039952.1314,load,3,-1,29432,70.0,0.0,71.0,284.461,,,,,,,,,,,
1789039954.2027,load,3,-1,29432,71.0,0.0,72.0,1959.239,,,,,,,,,,,
1789039954.7799,load,3,-1,29432,72.0,0.0,73.0,242.999,,,,,,,,,,,
1789039957.0498,load,3,-1,29432,73.0,0.0,74.0,2138.178,,,,,,,,,,,
1789039957.1936,load,3,-1,29432,74.0,0.0,75.0,0.108,,,,,,,,,,,
1789039959.3627,load,3,-1,29432,75.0,0.0,76.0,1723.124,,,,,,,,,,,
1789039959.7956,load,3,-1,29432,76.0,0.0,77.0,321.933,,,,,,,,,,,
1789039961.6266,load,3,-1,29432,77.0,0.0,78.0,1719.259,,,,,,,,,,,
1789039962.0053,load,3,-1,29432,78.0,0.0,79.0,0.213,,,,,,,,,,,
1789039963.9581,load,3,-1,29432,79.0,0.0,80.0,1841.061,,,,,,,,,,,
1789039964.1362,load,3,-1,29432,80.0,0.0,81.0,67.279,,,,,,,,,,,
1789039965.8954,load,3,-1,29432,81.0,0.0,82.0,1247.981,,,,,,,,,,,
1789039966.9876,load,3,-1,29432,82.0,0.0,83.0,980.212,,,,,,,,,,,
1789039968.607,load,3,-1,29432,83.0,0.0,84.0,1508.653,,,,,,,,,,,
1789039969.9597,load,3,-1,29432,84.0,0.0,85.0,1013.333,,,,,,,,,,,
1789039971.044,load,3,-1,29432,85.0,0.0,86.0,973.407,,,,,,,,,,,
1789039971.6662,load,3,-1,29432,86.0,0.0,87.0,510.085,,,,,,,,,,,
1789039973.3016,load,3,-1,29432,87.0,0.0,88.0,1295.27,,,,,,,,,,,
1789039974.2084,load,3,-1,29432,88.0,0.0,89.0,797.05,,,,,,,,,,,
1789039975.1507,load,3,-1,29432,89.0,0.0,90.0,831.834,,,,,,,,,,,
1789039976.4157,load,3,-1,29432,90.0,0.0,91.0,925.797,,,,,,,,,,,
1789039978.1162,load,3,-1,29432,91.0,0.0,92.0,1582.275,,,,,,,,,,,
1789039978.5357,load,3,-1,29432,92.0,0.0,93.0,307.384,,,,,,,,,,,
1789039979.9251,load,3,-1,29432,93.0,0.0,94.0,1052.501,,,,,,,,,,,
1789039980.8334,load,3,-1,29432,94.0,0.0,95.0,798.2,,,,,,,,,,,
1789039982.1818,load,3,-1,29432,95.0,0.0,96.0,1238.515,,,,,,,,,,,
1789039983.8504,load,3,-1,29432,96.0,0.0,97.0,1330.711,,,,,,,,,,,
1789039984.2367,load,3,-1,29432,97.0,0.0,98.0,276.385,,,,,,,,,,,
1789039986.5145,load,3,-1,29432,98.0,0.0,99.0,2142.919,,,,,,,,,,,
1789039986.9182,load,3,-1,29432,99.0,0.0,100.0,0.107,,,,,,,,,,,
1789039989.2676,load,3,-1,29432,100.0,0.0,101.0,2237.517,,,,,,,,,,,
1789039989.4841,load,3,-1,29432,101.0,0.0,102.0,0.11,,,,,,,,,,,
1789039991.9326,load,3,-1,29432,102.0,0.0,103.0,2071.249,,,,,,,,,,,
1789039992.1157,load,3,-1,29432,103.0,0.0,104.0,73.236,,,,,,,,,,,
1789039994.4248,load,3,-1,29432,104.0,0.0,105.0,2199.565,,,,,,,,,,,
1789039994.8553,load,3,-1,29432,105.0,0.0,106.0,0.086,,,,,,,,,,,
1789039996.5669,load,3,-1,29432,106.0,0.0,107.0,1601.596,,,,,,,,,,,
1789039996.7484,load,3,-1,29432,107.0,0.0,108.0,71.066,,,,,,,,,,,
1789039999.2336,load,3,-1,29432,108.0,0.0,109.0,2123.939,,,,,,,,,,,
1789039999.4552,load,3,-1,29432,109.0,0.0,110.0,108.379,,,,,,,,,,,
1789040002.2395,load,3,-1,29432,110.0,0.0,111.0,2675.671,,,,,,,,,,,
1789040002.6088,load,3,-1,29432,111.0,0.0,112.0,0.095,,,,,,,,,,,
1789040004.3344,load,3,-1,29432,112.0,0.0,113.0,1549.267,,,,,,,,,,,
1789040004.9045,load,3,-1,29432,113.0,0.0,114.0,457.702,,,,,,,,,,,
1789040007.2942,load,3,-1,29432,114.0,0.0,115.0,2054.753,,,,,,,,,,,
1789040007.4388,load,3,-1,29432,115.0,0.0,116.0,0.103,,,,,,,,,,,
1789040009.6742,load,3,-1,29432,116.0,0.0,117.0,2060.042,,,,,,,,,,,
1789040010.0667,load,3,-1,29432,117.0,0.0,118.0,0.1,,,,,,,,,,,
1789040012.081,load,3,-1,29432,118.0,0.0,119.0,1888.047,,,,,,,,,,,
1789040012.4938,load,3,-1,29432,119.0,0.0,120.0,292.133,,,,,,,,,,,
1789040014.5392,load,3,-1,29432,120.0,0.0,121.0,1705.122,,,,,,,,,,,
1789040015.0137,load,3,-1,29432,121.0,0.0,122.0,286.699,,,,,,,,,,,
1789040016.8504,load,3,-1,29432,122.0,0.0,123.0,1727.287,,,,,,,,,,,
1789040017.2239,load,3,-1,29432,123.0,0.0,124.0,0.081,,,,,,,,,,,
1789040019.0528,load,3,-1,29432,124.0,0.0,125.0,1690.761,,,,,,,,,,,
1789040019.2771,load,3,-1,29432,125.0,0.0,126.0,114.421,,,,,,,,,,,
1789040021.2648,load,3,-1,29432,126.0,0.0,127.0,1651.095,,,,,,,,,,,
1789040021.7144,load,3,-1,29432,127.0,0.0,128.0,340.364,,,,,,,,,,,
1789040023.7267,load,3,-1,29432,128.0,0.0,129.0,1900.487,,,,,,,,,,,
1789040024.1223,load,3,-1,29432,129.0,0.0,130.0,0.085,,,,,,,,,,,
1789040026.1026,load,3,-1,29432,130.0,0.0,131.0,1859.487,,,,,,,,,,,
1789040026.2679,load,3,-1,29432,131.0,0.0,132.0,51.386,,,,,,,,,,,
1789040028.8164,load,3,-1,29432,132.0,0.0,133.0,2180.254,,,,,,,,,,,
1789040028.9607,load,3,-1,29432,133.0,0.0,134.0,0.118,,,,,,,,,,,
1789040031.4602,load,3,-1,29432,134.0,0.0,135.0,2322.945,,,,,,,,,,,
1789040031.8324,load,3,-1,29432,135.0,0.0,136.0,0.099,,,,,,,,,,,
1789040033.9856,load,3,-1,29432,136.0,0.0,137.0,2040.399,,,,,,,,,,,
1789040034.1295,load,3,-1,29432,137.0,0.0,138.0,0.111,,,,,,,,,,,
1789040036.0991,load,3,-1,29432,138.0,0.0,139.0,1544.488,,,,,,,,,,,
1789040036.8182,load,3,-1,29432,139.0,0.0,140.0,607.422,,,,,,,,,,,
1789040038.1386,load,3,-1,29432,140.0,0.0,141.0,1182.443,,,,,,,,,,,
1789040038.811,load,3,-1,29432,141.0,0.0,142.0,262.183,,,,,,,,,,,
1789040040.8891,load,3,-1,29432,142.0,0.0,143.0,1967.438,,,,,,,,,,,
1789040041.1761,load,3,-1,29432,143.0,0.0,144.0,175.963,,,,,,,,,,,
1789040043.3524,load,3,-1,29432,144.0,0.0,145.0,1831.529,,,,,,,,,,,
1789040043.4991,load,3,-1,29432,145.0,0.0,146.0,0.1,,,,,,,,,,,
1789040045.6415,load,3,-1,29432,146.0,0.0,147.0,1964.456,,,,,,,,,,,
1789040046.0331,load,3,-1,29432,147.0,0.0,148.0,0.092,,,,,,,,,,,
1789040048.3329,load,3,-1,29432,148.0,0.0,149.0,2189.272,,,,,,,,,,,
1789040048.7202,load,3,-1,29432,149.0,0.0,150.0,273.31,,,,,,,,,,,
1789040050.3401,load,3,-1,29432,150.0,0.0,151.0,1283.286,,,,,,,,,,,
1789040051.5467,load,3,-1,29432,151.0,0.0,152.0,1094.822,,,,,,,,,,,
1789040052.8194,load,3,-1,29432,152.0,0.0,153.0,1162.612,,,,,,,,,,,
1789040054.401,load,3,-1,29432,153.0,0.0,154.0,1237.196,,,,,,,,,,,
1789040054.8529,load,3,-1,29432,154.0,0.0,155.0,337.885,,,,,,,,,,,
1789040057.0968,load,3,-1,29432,155.0,0.0,156.0,2134.571,,,,,,,,,,,
1789040057.4915,load,3,-1,29432,156.0,0.0,157.0,0.087,,,,,,,,,,,
1789040059.1959,load,3,-1,29432,157.0,0.0,158.0,1572.15,,,,,,,,,,,
1789040060.1356,load,3,-1,29432,158.0,0.0,159.0,826.125,,,,,,,,,,,
1789040061.428,load,3,-1,29432,159.0,0.0,160.0,924.499,,,,,,,,,,,
1789040062.3388,load,3,-1,29432,160.0,0.0,161.0,798.423,,,,,,,,,,,
1789040063.9702,load,3,-1,29432,161.0,0.0,162.0,1444.466,,,,,,,,,,,
1789040064.6259,load,3,-1,29432,162.0,0.0,163.0,313.845,,,,,,,,,,,
1789040066.6712,load,3,-1,29432,163.0,0.0,164.0,1935.058,,,,,,,,,,,
1789040066.9407,load,3,-1,29432,164.0,0.0,165.0,159.394,,,,,,,,,,,
1789040068.9741,load,3,-1,29432,165.0,0.0,166.0,1692.76,,,,,,,,,,,
1789040069.3124,load,3,-1,29432,166.0,0.0,167.0,227.373,,,,,,,,,,,
1789040071.3725,load,3,-1,29432,167.0,0.0,168.0,1928.247,,,,,,,,,,,
1789040071.7887,load,3,-1,29432,168.0,0.0,169.0,0.086,,,,,,,,,,,
1789040073.5976,load,3,-1,29432,169.0,0.0,170.0,1685.593,,,,,,,,,,,
1789040073.7206,load,3,-1,29432,170.0,0.0,171.0,0.113,,,,,,,,,,,
1789040075.7507,load,3,-1,29432,171.0,0.0,172.0,1604.461,,,,,,,,,,,
1789040076.1539,load,3,-1,29432,172.0,0.0,173.0,291.293,,,,,,,,,,,
1789040077.524,load,3,-1,29432,173.0,0.0,174.0,1260.172,,,,,,,,,,,
1789040078.1103,load,3,-1,29432,174.0,0.0,175.0,244.778,,,,,,,,,,,
1789040079.591,load,3,-1,29432,175.0,0.0,176.0,1371.062,,,,,,,,,,,
1789040080.3096,load,3,-1,29432,176.0,0.0,177.0,609.416,,,,,,,,,,,
1789040081.6948,load,3,-1,29432,177.0,0.0,178.0,1044.465,,,,,,,,,,,
1789040083.0917,load,3,-1,29432,178.0,0.0,179.0,1257.141,,,,,,,,,,,
1789040083.8839,load,3,-1,29432,179.0,0.0,180.0,682.964,,,,,,,,,,,
1789040085.7779,load,3,-1,29432,180.0,0.0,181.0,1510.757,,,,,,,,,,,
1789040087.2014,load,3,-1,29432,181.0,0.0,182.0,1233.702,,,,,,,,,,,
1789040088.1853,load,3,-1,29432,182.0,0.0,183.0,873.234,,,,,,,,,,,
1789040089.412,load,3,-1,29432,183.0,0.0,184.0,860.19,,,,,,,,,,,
1789040090.5904,load,3,-1,29432,184.0,0.0,185.0,1066.083,,,,,,,,,,,
1789040091.7488,load,3,-1,29432,185.0,0.0,186.0,1048.814,,,,,,,,,,,
1789040093.0772,load,3,-1,29432,186.0,0.0,187.0,990.669,,,,,,,,,,,
1789040093.2206,load,3,-1,29432,187.0,0.0,188.0,0.102,,,,,,,,,,,
1789040095.7845,load,3,-1,29432,188.0,0.0,189.0,2388.919,,,,,,,,,,,
1789040096.161,load,3,-1,29432,189.0,0.0,190.0,0.094,,,,,,,,,,,
1789040098.0867,load,3,-1,29432,190.0,0.0,191.0,1765.953,,,,,,,,,,,
1789040098.5401,load,3,-1,29432,191.0,0.0,192.0,342.742,,,,,,,,,,,
1789040100.3208,load,3,-1,29432,192.0,0.0,193.0,1428.503,,,,,,,,,,,
1789040100.7618,load,3,-1,29432,193.0,0.0,194.0,329.927,,,,,,,,,,,
1789040103.0339,load,3,-1,29432,194.0,0.0,195.0,2161.449,,,,,,,,,,,
1789040103.4247,load,3,-1,29432,195.0,0.0,196.0,0.099,,,,,,,,,,,
1789040105.5078,load,3,-1,29432,196.0,0.0,197.0,1972.923,,,,,,,,,,,
1789040105.7842,load,3,-1,29432,197.0,0.0,198.0,165.267,,,,,,,,,,,
1789040107.569,load,3,-1,29432,198.0,0.0,199.0,1439.133,,,,,,,,,,,
1789040107.8235,load,3,-1,29432,199.0,0.0,200.0,143.865,,,,,,,,,,,
1789040109.8674,load,3,-1,29432,200.0,0.0,201.0,1927.575,,,,,,,,,,,
1789040110.4511,load,3,-1,29432,201.0,0.0,202.0,109.883,,,,,,,,,,,
1789040112.2016,load,3,-1,29432,202.0,0.0,203.0,1642.109,,,,,,,,,,,
1789040112.6719,load,3,-1,29432,203.0,0.0,204.0,361.488,,,,,,,,,,,
1789040114.8855,load,3,-1,29432,204.0,0.0,205.0,1872.767,,,,,,,,,,,
1789040115.0269,load,3,-1,29432,205.0,0.0,206.0,0.094,,,,,,,,,,,
1789040117.2829,load,3,-1,29432,206.0,0.0,207.0,2078.013,,,,,,,,,,,
1789040117.643,load,3,-1,29432,207.0,0.0,208.0,0.115,,,,,,,,,,,
1789040119.7102,load,3,-1,29432,208.0,0.0,209.0,1928.87,,,,,,,,,,,
1789040120.0587,load,3,-1,29432,209.0,0.0,210.0,238.508,,,,,,,,,,,
1789040122.4286,load,3,-1,29432,210.0,0.0,211.0,2040.537,,,,,,,,,,,
1789040123.0826,load,3,-1,29432,211.0,0.0,212.0,540.682,,,,,,,,,,,
1789040125.1292,load,3,-1,29432,212.0,0.0,213.0,1938.04,,,,,,,,,,,
1789040125.5279,load,3,-1,29432,213.0,0.0,214.0,0.083,,,,,,,,,,,
1789040127.7093,load,3,-1,29432,214.0,0.0,215.0,2072.105,,,,,,,,,,,
1789040127.841,load,3,-1,29432,215.0,0.0,216.0,0.112,,,,,,,,,,,
1789040130.1858,load,3,-1,29432,216.0,0.0,217.0,1892.848,,,,,,,,,,,
1789040130.9073,load,3,-1,29432,217.0,0.0,218.0,583.985,,,,,,,,,,,
1789040132.281,load,3,-1,29432,218.0,0.0,219.0,1263.229,,,,,,,,,,,
1789040132.7119,load,3,-1,29432,219.0,0.0,220.0,81.89,,,,,,,,,,,
1789040134.5792,load,3,-1,29432,220.0,0.0,221.0,1757.334,,,,,,,,,,,
1789040134.8203,load,3,-1,29432,221.0,0.0,222.0,52.829,,,,,,,,,,,
1789040136.7489,load,3,-1,29432,222.0,0.0,223.0,1593.622,,,,,,,,,,,
1789040137.0872,load,3,-1,29432,223.0,0.0,224.0,226.743,,,,,,,,,,,
1789040138.838,load,3,-1,29432,224.0,0.0,225.0,1642.425,,,,,,,,,,,
1789040139.2486,load,3,-1,29432,225.0,0.0,226.0,0.087,,,,,,,,,,,
1789040141.0488,load,3,-1,29432,226.0,0.0,227.0,1690.854,,,,,,,,,,,
1789040142.1438,load,3,-1,29432,227.0,0.0,228.0,981.998,,,,,,,,,,,
1789040143.0511,load,3,-1,29432,228.0,0.0,229.0,569.173,,,,,,,,,,,
1789040144.4664,load,3,-1,29432,229.0,0.0,230.0,1302.604,,,,,,,,,,,
1789040145.4912,load,3,-1,29432,230.0,0.0,231.0,905.927,,,,,,,,,,,
1789040146.5132,load,3,-1,29432,231.0,0.0,232.0,683.702,,,,,,,,,,,
1789040147.9387,load,3,-1,29432,232.0,0.0,233.0,1314.423,,,,,,,,,,,
1789040149.1624,load,3,-1,29432,233.0,0.0,234.0,1111.737,,,,,,,,,,,
1789040150.6229,load,3,-1,29432,234.0,0.0,235.0,1122.988,,,,,,,,,,,
1789040151.6318,load,3,-1,29432,235.0,0.0,236.0,864.914,,,,,,,,,,,
1789040153.3433,load,3,-1,29432,236.0,0.0,237.0,1599.446,,,,,,,,,,,
1789040153.7406,load,3,-1,29432,237.0,0.0,238.0,48.555,,,,,,,,,,,
1789040155.5209,load,3,-1,29432,238.0,0.0,239.0,1627.706,,,,,,,,,,,
1789040155.7701,load,3,-1,29432,239.0,0.0,240.0,139.4,,,,,,,,,,,
1789040157.9002,load,3,-1,29432,240.0,0.0,241.0,1795.154,,,,,,,,,,,
1789040158.1486,load,3,-1,29432,241.0,0.0,242.0,61.275,,,,,,,,,,,
1789040160.2774,load,3,-1,29432,242.0,0.0,243.0,2016.946,,,,,,,,,,,
1789040160.695,load,3,-1,29432,243.0,0.0,244.0,0.081,,,,,,,,,,,
1789040162.5744,load,3,-1,29432,244.0,0.0,245.0,1770.653,,,,,,,,,,,
1789040163.3836,load,3,-1,29432,245.0,0.0,246.0,698.744,,,,,,,,,,,
1789040164.8769,load,3,-1,29432,246.0,0.0,247.0,1110.256,,,,,,,,,,,
1789040165.7424,load,3,-1,29432,247.0,0.0,248.0,754.774,,,,,,,,,,,
1789040167.0934,load,3,-1,29432,248.0,0.0,249.0,1240.654,,,,,,,,,,,
1789040168.2465,load,3,-1,29432,249.0,0.0,250.0,798.071,,,,,,,,,,,
1789040169.6733,load,3,-1,29432,250.0,0.0,251.0,1315.694,,,,,,,,,,,
1789040170.476,load,3,-1,29432,251.0,0.0,252.0,693.523,,,,,,,,,,,
1789040172.386,load,3,-1,29432,252.0,0.0,253.0,1563.838,,,,,,,,,,,
1789040172.7005,load,3,-1,29432,253.0,0.0,254.0,176.01,,,,,,,,,,,
1789040174.7318,load,3,-1,29432,254.0,0.0,255.0,1889.366,,,,,,,,,,,
1789040175.2816,load,3,-1,29432,255.0,0.0,256.0,211.32,,,,,,,,,,,
1789040177.3997,load,3,-1,29432,256.0,0.0,257.0,2007.696,,,,,,,,,,,
1789040177.6382,load,3,-1,29432,257.0,0.0,258.0,114.558,,,,,,,,,,,
1789040179.4769,load,3,-1,29432,258.0,0.0,259.0,1479.151,,,,,,,,,,,
1789040180.1985,load,3,-1,29432,259.0,0.0,260.0,597.085,,,,,,,,,,,
1789040181.6945,load,3,-1,29432,260.0,0.0,261.0,1385.159,,,,,,,,,,,
1789040182.3584,load,3,-1,29432,261.0,0.0,262.0,151.231,,,,,,,,,,,
1789040183.8351,load,3,-1,29432,262.0,0.0,263.0,1366.811,,,,,,,,,,,
1789040185.4793,load,3,-1,29432,263.0,0.0,264.0,1531.437,,,,,,,,,,,
1789040185.8783,load,3,-1,29432,264.0,0.0,265.0,0.119,,,,,,,,,,,
1789040187.4471,load,3,-1,29432,265.0,0.0,266.0,1458.543,,,,,,,,,,,
1789040187.6705,load,3,-1,29432,266.0,0.0,267.0,114.207,,,,,,,,,,,
1789040190.307,load,3,-1,29432,267.0,0.0,268.0,2300.653,,,,,,,,,,,
1789040190.641,load,3,-1,29432,268.0,0.0,269.0,224.658,,,,,,,,,,,
1789040192.3062,load,3,-1,29432,269.0,0.0,270.0,1513.012,,,,,,,,,,,
1789040192.9565,load,3,-1,29432,270.0,0.0,271.0,311.298,,,,,,,,,,,
1789040194.8667,load,3,-1,29432,271.0,0.0,272.0,1796.987,,,,,,,,,,,
1789040195.6314,load,3,-1,29432,272.0,0.0,273.0,652.215,,,,,,,,,,,
1789040197.3091,load,3,-1,29432,273.0,0.0,274.0,1301.716,,,,,,,,,,,
1789040197.4502,load,3,-1,29432,274.0,0.0,275.0,0.114,,,,,,,,,,,
1789040199.7215,load,3,-1,29432,275.0,0.0,276.0,2116.962,,,,,,,,,,,
1789040200.1266,load,3,-1,29432,276.0,0.0,277.0,0.117,,,,,,,,,,,
1789040202.0696,load,3,-1,29432,277.0,0.0,278.0,1831.174,,,,,,,,,,,
1789040202.2061,load,3,-1,29432,278.0,0.0,279.0,0.11,,,,,,,,,,,
1789040204.3569,load,3,-1,29432,279.0,0.0,280.0,1738.993,,,,,,,,,,,
1789040204.5508,load,3,-1,29432,280.0,0.0,281.0,81.406,,,,,,,,,,,
1789040206.847,load,3,-1,29432,281.0,0.0,282.0,2109.673,,,,,,,,,,,
1789040207.3117,load,3,-1,29432,282.0,0.0,283.0,119.774,,,,,,,,,,,
1789040209.4328,load,3,-1,29432,283.0,0.0,284.0,2009.177,,,,,,,,,,,
1789040210.3085,load,3,-1,29432,284.0,0.0,285.0,763.174,,,,,,,,,,,
1789040212.3887,load,3,-1,29432,285.0,0.0,286.0,1737.809,,,,,,,,,,,
1789040213.1736,load,3,-1,29432,286.0,0.0,287.0,671.69,,,,,,,,,,,
1789040214.6104,load,3,-1,29432,287.0,0.0,288.0,1324.087,,,,,,,,,,,
1789040215.1101,load,3,-1,29432,288.0,0.0,289.0,162.025,,,,,,,,,,,
1789040216.8892,load,3,-1,29432,289.0,0.0,290.0,1665.472,,,,,,,,,,,
1789040217.0272,load,3,-1,29432,290.0,0.0,291.0,0.099,,,,,,,,,,,
1789040219.2283,load,3,-1,29432,291.0,0.0,292.0,1801.629,,,,,,,,,,,
1789040219.4509,load,3,-1,29432,292.0,0.0,293.0,109.582,,,,,,,,,,,
1789040221.6252,load,3,-1,29432,293.0,0.0,294.0,2062.611,,,,,,,,,,,
1789040222.0214,load,3,-1,29432,294.0,0.0,295.0,56.118,,,,,,,,,,,
1789040224.4699,load,3,-1,29432,295.0,0.0,296.0,2340.546,,,,,,,,,,,
1789040224.6108,load,3,-1,29432,296.0,0.0,297.0,0.1,,,,,,,,,,,
1789040226.9341,load,3,-1,29432,297.0,0.0,298.0,1921.061,,,,,,,,,,,
1789040227.162,load,3,-1,29432,298.0,0.0,299.0,117.835,,,,,,,,,,,
1789040229.273,load,3,-1,29432,299.0,0.0,300.0,2001.924,,,,,,,,,,,
1789040229.776,load,3,-1,29432,300.0,0.0,301.0,167.154,,,,,,,,,,,
1789040231.4703,load,3,-1,29432,301.0,0.0,302.0,1507.673,,,,,,,,,,,
1789040232.5523,load,3,-1,29432,302.0,0.0,303.0,972.232,,,,,,,,,,,
1789040233.7903,load,3,-1,29432,303.0,0.0,304.0,863.046,,,,,,,,,,,
1789040235.2143,load,3,-1,29432,304.0,0.0,305.0,1313.831,,,,,,,,,,,
1789040236.2161,load,3,-1,29432,305.0,0.0,306.0,892.61,,,,,,,,,,,
1789040237.841,load,3,-1,29432,306.0,0.0,307.0,1287.721,,,,,,,,,,,
1789040238.9384,load,3,-1,29432,307.0,0.0,308.0,987.544,,,,,,,,,,,
1789040240.2954,load,3,-1,29432,308.0,0.0,309.0,1248.91,,,,,,,,,,,
1789040241.141,load,3,-1,29432,309.0,0.0,310.0,511.122,,,,,,,,,,,
1789040242.9349,load,3,-1,29432,310.0,0.0,311.0,1684.619,,,,,,,,,,,
1789040243.9164,load,3,-1,29432,311.0,0.0,312.0,871.675,,,,,,,,,,,
1789040245.1426,load,3,-1,29432,312.0,0.0,313.0,895.251,,,,,,,,,,,
1789040246.852,load,3,-1,29432,313.0,0.0,314.0,1579.095,,,,,,,,,,,
1789040247.5814,load,3,-1,29432,314.0,0.0,315.0,620.377,,,,,,,,,,,
1789040248.9767,load,3,-1,29432,315.0,0.0,316.0,1056.011,,,,,,,,,,,
1789040250.1349,load,3,-1,29432,316.0,0.0,317.0,1047.663,,,,,,,,,,,
1789040251.2084,load,3,-1,29432,317.0,0.0,318.0,963.931,,,,,,,,,,,
1789040252.5774,load,3,-1,29432,318.0,0.0,319.0,1029.984,,,,,,,,,,,
1789040253.8167,load,3,-1,29432,319.0,0.0,320.0,1128.744,,,,,,,,,,,
1789040255.149,load,3,-1,29432,320.0,0.0,321.0,1221.84,,,,,,,,,,,
1789040256.3824,load,3,-1,29432,321.0,0.0,322.0,752.543,,,,,,,,,,,
1789040258.097,load,3,-1,29432,322.0,0.0,323.0,1605.484,,,,,,,,,,,
1789040258.2136,load,3,-1,29432,323.0,0.0,324.0,0.097,,,,,,,,,,,
1789040260.3473,load,3,-1,29432,324.0,0.0,325.0,1732.551,,,,,,,,,,,
1789040260.7852,load,3,-1,29432,325.0,0.0,326.0,329.437,,,,,,,,,,,
1789040262.6946,load,3,-1,29432,326.0,0.0,327.0,1800.292,,,,,,,,,,,
1789040263.3535,load,3,-1,29432,327.0,0.0,328.0,322.564,,,,,,,,,,,
1789040264.9955,load,3,-1,29432,328.0,0.0,329.0,1534.478,,,,,,,,,,,
1789040265.8176,load,3,-1,29432,329.0,0.0,330.0,712.755,,,,,,,,,,,
1789040266.909,load,3,-1,29432,330.0,0.0,331.0,758.756,,,,,,,,,,,
1789040268.6881,load,3,-1,29432,331.0,0.0,332.0,1670.081,,,,,,,,,,,
1789040269.4393,load,3,-1,29432,332.0,0.0,333.0,642.944,,,,,,,,,,,
1789040270.5204,load,3,-1,29432,333.0,0.0,334.0,744.761,,,,,,,,,,,
1789040271.8085,load,3,-1,29432,334.0,0.0,335.0,1177.867,,,,,,,,,,,
1789040273.3028,load,3,-1,29432,335.0,0.0,336.0,1385.824,,,,,,,,,,,
1789040274.3163,load,3,-1,29432,336.0,0.0,337.0,681.78,,,,,,,,,,,
1789040276.145,load,3,-1,29432,337.0,0.0,338.0,1720.029,,,,,,,,,,,
1789040276.5998,load,3,-1,29432,338.0,0.0,339.0,345.479,,,,,,,,,,,
1789040278.4642,load,3,-1,29432,339.0,0.0,340.0,1526.458,,,,,,,,,,,
1789040278.8781,load,3,-1,29432,340.0,0.0,341.0,302.885,,,,,,,,,,,
1789040280.2205,load,3,-1,29432,341.0,0.0,342.0,1156.43,,,,,,,,,,,
1789040281.1305,load,3,-1,29432,342.0,0.0,343.0,575.742,,,,,,,,,,,
1789040282.5148,load,3,-1,29432,343.0,0.0,344.0,1265.401,,,,,,,,,,,
1789040283.3362,load,3,-1,29432,344.0,0.0,345.0,708.411,,,,,,,,,,,
1789040284.7242,load,3,-1,29432,345.0,0.0,346.0,1051.878,,,,,,,,,,,
1789040286.1441,load,3,-1,29432,346.0,0.0,347.0,1308.302,,,,,,,,,,,
1789040287.5195,load,3,-1,29432,347.0,0.0,348.0,1266.634,,,,,,,,,,,
1789040288.903,load,3,-1,29432,348.0,0.0,349.0,1020.093,,,,,,,,,,,
1789040290.1365,load,3,-1,29432,349.0,0.0,350.0,1123.413,,,,,,,,,,,
1789040291.8815,load,3,-1,29432,350.0,0.0,351.0,1635.157,,,,,,,,,,,
1789040292.2726,load,3,-1,29432,351.0,0.0,352.0,49.757,,,,,,,,,,,
1789040294.4103,load,3,-1,29432,352.0,0.0,353.0,2000.0,,,,,,,,,,,
1789040294.7542,load,3,-1,29432,353.0,0.0,354.0,224.867,,,,,,,,,,,
1789040297.1235,load,3,-1,29432,354.0,0.0,355.0,2035.847,,,,,,,,,,,
1789040297.9037,load,3,-1,29432,355.0,0.0,356.0,669.66,,,,,,,,,,,
1789040299.4641,load,3,-1,29432,356.0,0.0,357.0,1451.307,,,,,,,,,,,
1789040300.9242,load,3,-1,29432,357.0,0.0,358.0,1110.057,,,,,,,,,,,
1789040301.8609,load,3,-1,29432,358.0,0.0,359.0,827.046,,,,,,,,,,,
1789040303.6093,load,3,-1,29432,359.0,0.0,360.0,1640.511,,,,,,,,,,,
1789040304.4149,load,3,-1,29432,360.0,0.0,361.0,470.863,,,,,,,,,,,
1789040306.2195,load,3,-1,29432,361.0,0.0,362.0,1618.248,,,,,,,,,,,
1789040306.362,load,3,-1,29432,362.0,0.0,363.0,0.096,,,,,,,,,,,
1789040308.6663,load,3,-1,29432,363.0,0.0,364.0,1898.632,,,,,,,,,,,
1789040308.9806,load,3,-1,29432,364.0,0.0,365.0,200.579,,,,,,,,,,,
1789040311.2201,load,3,-1,29432,365.0,0.0,366.0,2127.264,,,,,,,,,,,
1789040311.5888,load,3,-1,29432,366.0,0.0,367.0,0.084,,,,,,,,,,,
1789040313.787,load,3,-1,29432,367.0,0.0,368.0,1748.566,,,,,,,,,,,
1789040313.9343,load,3,-1,29432,368.0,0.0,369.0,0.1,,,,,,,,,,,
1789040315.6418,load,3,-1,29432,369.0,0.0,370.0,1306.083,,,,,,,,,,,
1789040316.3809,load,3,-1,29432,370.0,0.0,371.0,629.649,,,,,,,,,,,
1789040318.3651,load,3,-1,29432,371.0,0.0,372.0,1867.994,,,,,,,,,,,
1789040318.7579,load,3,-1,29432,372.0,0.0,373.0,0.096,,,,,,,,,,,
1789040320.7209,load,3,-1,29432,373.0,0.0,374.0,1852.249,,,,,,,,,,,
1789040320.8715,load,3,-1,29432,374.0,0.0,375.0,31.377,,,,,,,,,,,
1789040323.3276,load,3,-1,29432,375.0,0.0,376.0,2078.492,,,,,,,,,,,
1789040323.7147,load,3,-1,29432,376.0,0.0,377.0,274.668,,,,,,,,,,,
1789040325.788,load,3,-1,29432,377.0,0.0,378.0,1962.358,,,,,,,,,,,
1789040326.1773,load,3,-1,29432,378.0,0.0,379.0,0.097,,,,,,,,,,,
1789040328.0307,load,3,-1,29432,379.0,0.0,380.0,1710.502,,,,,,,,,,,
1789040328.1796,load,3,-1,29432,380.0,0.0,381.0,0.111,,,,,,,,,,,
1789040330.061,load,3,-1,29432,381.0,0.0,382.0,1108.76,,,,,,,,,,,
1789040331.0701,load,3,-1,29432,382.0,0.0,383.0,894.068,,,,,,,,,,,
1789040332.4265,load,3,-1,29432,383.0,0.0,384.0,1243.275,,,,,,,,,,,
1789040333.4475,load,3,-1,29432,384.0,0.0,385.0,653.185,,,,,,,,,,,
1789040334.5888,load,3,-1,29432,385.0,0.0,386.0,699.184,,,,,,,,,,,
1789040335.9784,load,3,-1,29432,386.0,0.0,387.0,1281.231,,,,,,,,,,,
1789040337.2677,load,3,-1,29432,387.0,0.0,388.0,939.388,,,,,,,,,,,
1789040338.3538,load,3,-1,29432,388.0,0.0,389.0,975.975,,,,,,,,,,,
1789040339.9026,load,3,-1,29432,389.0,0.0,390.0,1439.618,,,,,,,,,,,
1789040340.7157,load,3,-1,29432,390.0,0.0,391.0,476.827,,,,,,,,,,,
1789040342.5231,load,3,-1,29432,391.0,0.0,392.0,1697.151,,,,,,,,,,,
1789040343.1917,load,3,-1,29432,392.0,0.0,393.0,267.519,,,,,,,,,,,
1789040344.1566,load,3,-1,29432,393.0,0.0,394.0,627.721,,,,,,,,,,,
1789040345.7087,load,3,-1,29432,394.0,0.0,395.0,1440.095,,,,,,,,,,,
1789040347.2348,load,3,-1,29432,395.0,0.0,396.0,1417.135,,,,,,,,,,,
1789040348.1487,load,3,-1,29432,396.0,0.0,397.0,573.632,,,,,,,,,,,
1789040349.3405,load,3,-1,29432,397.0,0.0,398.0,1081.951,,,,,,,,,,,
1789040350.1937,load,3,-1,29432,398.0,0.0,399.0,742.372,,,,,,,,,,,
1789040352.2396,load,3,-1,29432,399.0,0.0,400.0,1707.453,,,,,,,,,,,
1789040352.3843,load,3,-1,29432,400.0,0.0,401.0,0.13,,,,,,,,,,,
1789040354.1421,load,3,-1,29432,401.0,0.0,402.0,1500.792,,,,,,,,,,,
1789040354.5845,load,3,-1,29432,402.0,0.0,403.0,104.608,,,,,,,,,,,
1789040356.7308,load,3,-1,29432,403.0,0.0,404.0,2036.422,,,,,,,,,,,
1789040356.916,load,3,-1,29432,404.0,0.0,405.0,74.543,,,,,,,,,,,
1789040358.9615,load,3,-1,29432,405.0,0.0,406.0,1665.815,,,,,,,,,,,
1789040360.279,load,3,-1,29432,406.0,0.0,407.0,1204.193,,,,,,,,,,,
1789040361.1418,load,3,-1,29432,407.0,0.0,408.0,752.643,,,,,,,,,,,
1789040362.7972,load,3,-1,29432,408.0,0.0,409.0,1316.955,,,,,,,,,,,
1789040363.8184,load,3,-1,29432,409.0,0.0,410.0,909.397,,,,,,,,,,,
1789040365.5698,load,3,-1,29432,410.0,0.0,411.0,1625.573,,,,,,,,,,,
1789040365.952,load,3,-1,29432,411.0,0.0,412.0,0.089,,,,,,,,,,,
1789040368.2941,load,3,-1,29432,412.0,0.0,413.0,2209.664,,,,,,,,,,,
1789040369.0401,load,3,-1,29432,413.0,0.0,414.0,634.312,,,,,,,,,,,
1789040370.8625,load,3,-1,29432,414.0,0.0,415.0,1482.98,,,,,,,,,,,
1789040371.2113,load,3,-1,29432,415.0,0.0,416.0,238.702,,,,,,,,,,,
1789040373.4398,load,3,-1,29432,416.0,0.0,417.0,2114.701,,,,,,,,,,,
1789040374.1129,load,3,-1,29432,417.0,0.0,418.0,303.053,,,,,,,,,,,
1789040376.2196,load,3,-1,29432,418.0,0.0,419.0,1995.579,,,,,,,,,,,
1789040376.5155,load,3,-1,29432,419.0,0.0,420.0,184.279,,,,,,,,,,,
1789040378.1405,load,3,-1,29432,420.0,0.0,421.0,1264.227,,,,,,,,,,,
1789040378.3897,load,3,-1,29432,421.0,0.0,422.0,0.141,,,,,,,,,,,
1789040380.0979,load,3,-1,29432,422.0,0.0,423.0,1595.668,,,,,,,,,,,
1789040380.519,load,3,-1,29432,423.0,0.0,424.0,0.104,,,,,,,,,,,
1789040381.9759,load,3,-1,29432,424.0,0.0,425.0,1340.415,,,,,,,,,,,
1789040382.7208,load,3,-1,29432,425.0,0.0,426.0,634.902,,,,,,,,,,,
1789040384.269,load,3,-1,29432,426.0,0.0,427.0,1209.117,,,,,,,,,,,
1789040385.0093,load,3,-1,29432,427.0,0.0,428.0,629.776,,,,,,,,,,,
1789040386.6827,load,3,-1,29432,428.0,0.0,429.0,1559.103,,,,,,,,,,,
1789040387.0597,load,3,-1,29432,429.0,0.0,430.0,0.244,,,,,,,,,,,
1789040389.5508,load,3,-1,29432,430.0,0.0,431.0,2343.347,,,,,,,,,,,
1789040389.9898,load,3,-1,29432,431.0,0.0,432.0,329.384,,,,,,,,,,,
1789040391.911,load,3,-1,29432,432.0,0.0,433.0,1576.624,,,,,,,,,,,
1789040392.9842,load,3,-1,29432,433.0,0.0,434.0,963.485,,,,,,,,,,,
1789040394.591,load,3,-1,29432,434.0,0.0,435.0,1497.068,,,,,,,,,,,
1789040395.8451,load,3,-1,29432,435.0,0.0,436.0,905.593,,,,,,,,,,,
1789040397.1938,load,3,-1,29432,436.0,0.0,437.0,1233.623,,,,,,,,,,,
1789040397.9514,load,3,-1,29432,437.0,0.0,438.0,644.685,,,,,,,,,,,
1789040399.6455,load,3,-1,29432,438.0,0.0,439.0,1306.889,,,,,,,,,,,
1789040400.5204,load,3,-1,29432,439.0,0.0,440.0,730.396,,,,,,,,,,,
1789040402.4812,load,3,-1,29432,440.0,0.0,441.0,1823.585,,,,,,,,,,,
1789040402.9837,load,3,-1,29432,441.0,0.0,442.0,0.133,,,,,,,,,,,
1789040404.5685,load,3,-1,29432,442.0,0.0,443.0,1472.999,,,,,,,,,,,
1789040405.5227,load,3,-1,29432,443.0,0.0,444.0,825.766,,,,,,,,,,,
1789040406.8477,load,3,-1,29432,444.0,0.0,445.0,985.709,,,,,,,,,,,
1789040408.1905,load,3,-1,29432,445.0,0.0,446.0,1232.471,,,,,,,,,,,
1789040409.0746,load,3,-1,29432,446.0,0.0,447.0,773.994,,,,,,,,,,,
1789040410.182,load,3,-1,29432,447.0,0.0,448.0,745.503,,,,,,,,,,,
1789040411.1898,load,3,-1,29432,448.0,0.0,449.0,885.549,,,,,,,,,,,
1789040412.5454,load,3,-1,29432,449.0,0.0,450.0,1237.991,,,,,,,,,,,
1789040413.6024,load,3,-1,29432,450.0,0.0,451.0,721.312,,,,,,,,,,,
1789040415.0161,load,3,-1,29432,451.0,0.0,452.0,1295.761,,,,,,,,,,,
1789040415.55,load,3,-1,29432,452.0,0.0,453.0,423.648,,,,,,,,,,,
1789040417.1598,load,3,-1,29432,453.0,0.0,454.0,1274.616,,,,,,,,,,,
1789040417.3089,load,3,-1,29432,454.0,0.0,455.0,0.101,,,,,,,,,,,
1789040419.3016,load,3,-1,29432,455.0,0.0,456.0,1849.345,,,,,,,,,,,
1789040419.8363,load,3,-1,29432,456.0,0.0,457.0,164.073,,,,,,,,,,,
1789040422.3565,load,3,-1,29432,457.0,0.0,458.0,2411.35,,,,,,,,,,,
1789040422.5716,load,3,-1,29432,458.0,0.0,459.0,77.202,,,,,,,,,,,
1789040424.9301,load,3,-1,29432,459.0,0.0,460.0,2024.048,,,,,,,,,,,
1789040425.7506,load,3,-1,29432,460.0,0.0,461.0,710.218,,,,,,,,,,,
1789040426.9919,load,3,-1,29432,461.0,0.0,462.0,1052.009,,,,,,,,,,,
1789040428.5224,load,3,-1,29432,462.0,0.0,463.0,1139.944,,,,,,,,,,,
1789040429.2808,load,3,-1,29432,463.0,0.0,464.0,649.125,,,,,,,,,,,
1789040430.625,load,3,-1,29432,464.0,0.0,465.0,1235.142,,,,,,,,,,,
1789040431.3705,load,3,-1,29432,465.0,0.0,466.0,409.854,,,,,,,,,,,
1789040433.1065,load,3,-1,29432,466.0,0.0,467.0,1626.837,,,,,,,,,,,
1789040433.9473,load,3,-1,29432,467.0,0.0,468.0,704.362,,,,,,,,,,,
1789040435.0746,load,3,-1,29432,468.0,0.0,469.0,788.975,,,,,,,,,,,
1789040436.8453,load,3,-1,29432,469.0,0.0,470.0,1660.911,,,,,,,,,,,
1789040438.0449,load,3,-1,29432,470.0,0.0,471.0,1089.125,,,,,,,,,,,
1789040439.3103,load,3,-1,29432,471.0,0.0,472.0,926.737,,,,,,,,,,,
1789040440.2316,load,3,-1,29432,472.0,0.0,473.0,807.438,,,,,,,,,,,
1789040441.9996,load,3,-1,29432,473.0,0.0,474.0,1657.352,,,,,,,,,,,
1789040442.4845,load,3,-1,29432,474.0,0.0,475.0,144.867,,,,,,,,,,,
1789040444.5818,load,3,-1,29432,475.0,0.0,476.0,1983.882,,,,,,,,,,,
1789040444.8624,load,3,-1,29432,476.0,0.0,477.0,170.178,,,,,,,,,,,
1789040446.7125,load,3,-1,29432,477.0,0.0,478.0,1505.268,,,,,,,,,,,
1789040447.4815,load,3,-1,29432,478.0,0.0,479.0,657.652,,,,,,,,,,,
1789040449.0713,load,3,-1,29432,479.0,0.0,480.0,1482.669,,,,,,,,,,,
1789040450.086,load,3,-1,29432,480.0,0.0,481.0,682.13,,,,,,,,,,,
1789040451.9565,load,3,-1,29432,481.0,0.0,482.0,1683.36,,,,,,,,,,,
1789040452.0729,load,3,-1,29432,482.0,0.0,483.0,0.093,,,,,,,,,,,
1789040454.4711,load,3,-1,29432,483.0,0.0,484.0,1976.272,,,,,,,,,,,
1789040454.9181,load,3,-1,29432,484.0,0.0,485.0,337.485,,,,,,,,,,,
1789040457.4496,load,3,-1,29432,485.0,0.0,486.0,2402.424,,,,,,,,,,,
1789040457.8276,load,3,-1,29432,486.0,0.0,487.0,0.108,,,,,,,,,,,
1789040460.1768,load,3,-1,29432,487.0,0.0,488.0,2168.19,,,,,,,,,,,
1789040460.3172,load,3,-1,29432,488.0,0.0,489.0,0.102,,,,,,,,,,,
1789040462.4877,load,3,-1,29432,489.0,0.0,490.0,1765.843,,,,,,,,,,,
1789040462.6906,load,3,-1,29432,490.0,0.0,491.0,94.48,,,,,,,,,,,
1789040464.8962,load,3,-1,29432,491.0,0.0,492.0,2098.379,,,,,,,,,,,
1789040465.2392,load,3,-1,29432,492.0,0.0,493.0,0.082,,,,,,,,,,,
1789040467.2329,load,3,-1,29432,493.0,0.0,494.0,1885.146,,,,,,,,,,,
1789040467.5841,load,3,-1,29432,494.0,0.0,495.0,241.103,,,,,,,,,,,
1789040470.1682,load,3,-1,29432,495.0,0.0,496.0,2230.272,,,,,,,,,,,
1789040470.5319,load,3,-1,29432,496.0,0.0,497.0,252.812,,,,,,,,,,,
1789040472.5083,load,3,-1,29432,497.0,0.0,498.0,1865.614,,,,,,,,,,,
1789040472.8756,load,3,-1,29432,498.0,0.0,499.0,0.094,,,,,,,,,,,
1789040475.4579,load,3,-1,29432,499.0,0.0,500.0,2473.261,,,,,,,,,,,
1789040475.5971,load,3,-1,29432,500.0,0.0,501.0,0.117,,,,,,,,,,,
1789040477.8603,load,3,-1,29432,501.0,0.0,502.0,1738.169,,,,,,,,,,,
1789040478.0187,load,3,-1,29432,502.0,0.0,503.0,0.123,,,,,,,,,,,
1789040480.5843,load,3,-1,29432,503.0,0.0,504.0,2380.919,,,,,,,,,,,
1789040480.9518,load,3,-1,29432,504.0,0.0,505.0,0.083,,,,,,,,,,,
1789040482.7699,load,3,-1,29432,505.0,0.0,506.0,1709.239,,,,,,,,,,,
1789040483.2574,load,3,-1,29432,506.0,0.0,507.0,378.348,,,,,,,,,,,
1789040485.3423,load,3,-1,29432,507.0,0.0,508.0,1748.661,,,,,,,,,,,
1789040486.513,load,3,-1,29432,508.0,0.0,509.0,1059.686,,,,,,,,,,,
1789040487.9807,load,3,-1,29432,509.0,0.0,510.0,1357.923,,,,,,,,,,,
1789040489.0284,load,3,-1,29432,510.0,0.0,511.0,702.191,,,,,,,,,,,
1789040489.8089,load,3,-1,29432,511.0,0.0,512.0,638.013,,,,,,,,,,,
1789040491.6302,load,3,-1,29432,512.0,0.0,513.0,1712.038,,,,,,,,,,,
1789040492.8858,load,3,-1,29432,513.0,0.0,514.0,906.864,,,,,,,,,,,
1789040494.0569,load,3,-1,29432,514.0,0.0,515.0,1061.15,,,,,,,,,,,
1789040494.9061,load,3,-1,29432,515.0,0.0,516.0,738.533,,,,,,,,,,,
1789040496.5101,load,3,-1,29432,516.0,0.0,517.0,1266.539,,,,,,,,,,,
1789040496.9014,load,3,-1,29432,517.0,0.0,518.0,282.077,,,,,,,,,,,
1789040499.4358,load,3,-1,29432,518.0,0.0,519.0,2416.843,,,,,,,,,,,
1789040499.88,load,3,-1,29432,519.0,0.0,520.0,0.086,,,,,,,,,,,
1789040501.9512,load,3,-1,29432,520.0,0.0,521.0,1948.902,,,,,,,,,,,
1789040502.2922,load,3,-1,29432,521.0,0.0,522.0,152.418,,,,,,,,,,,
1789040503.9198,load,3,-1,29432,522.0,0.0,523.0,1278.616,,,,,,,,,,,
1789040504.6914,load,3,-1,29432,523.0,0.0,524.0,661.673,,,,,,,,,,,
1789040505.9948,load,3,-1,29432,524.0,0.0,525.0,1194.523,,,,,,,,,,,
1789040507.4942,load,3,-1,29432,525.0,0.0,526.0,1161.732,,,,,,,,,,,
1789040508.0525,load,3,-1,29432,526.0,0.0,527.0,410.647,,,,,,,,,,,
1789040510.152,load,3,-1,29432,527.0,0.0,528.0,1989.88,,,,,,,,,,,
1789040511.4056,load,3,-1,29432,528.0,0.0,529.0,909.897,,,,,,,,,,,
1789040512.1984,load,3,-1,29432,529.0,0.0,530.0,682.91,,,,,,,,,,,
1789040513.4506,load,3,-1,29432,530.0,0.0,531.0,1142.244,,,,,,,,,,,
1789040514.731,load,3,-1,29432,531.0,0.0,532.0,938.426,,,,,,,,,,,
1789040515.3427,load,3,-1,29432,532.0,0.0,533.0,502.052,,,,,,,,,,,
1789040517.5749,load,3,-1,29432,533.0,0.0,534.0,2122.361,,,,,,,,,,,
1789040517.9486,load,3,-1,29432,534.0,0.0,535.0,0.092,,,,,,,,,,,
1789040519.9086,load,3,-1,29432,535.0,0.0,536.0,1825.598,,,,,,,,,,,
1789040520.3262,load,3,-1,29432,536.0,0.0,537.0,307.6,,,,,,,,,,,
1789040522.4663,load,3,-1,29432,537.0,0.0,538.0,1798.025,,,,,,,,,,,
1789040522.8547,load,3,-1,29432,538.0,0.0,539.0,278.062,,,,,,,,,,,
1789040523.472,load,3,-1,29432,539.0,0.0,540.0,477.725,,,,,,,,,,,
1789040525.5138,load,3,-1,29432,540.0,0.0,541.0,1679.564,,,,,,,,,,,
1789040525.9688,load,3,-1,29432,541.0,0.0,542.0,266.543,,,,,,,,,,,
1789040527.4241,load,3,-1,29432,542.0,0.0,543.0,1305.764,,,,,,,,,,,
1789040528.5028,load,3,-1,29432,543.0,0.0,544.0,722.417,,,,,,,,,,,
1789040530.1865,load,3,-1,29432,544.0,0.0,545.0,1574.416,,,,,,,,,,,
1789040530.3827,load,3,-1,29432,545.0,0.0,546.0,82.24,,,,,,,,,,,
1789040532.7148,load,3,-1,29432,546.0,0.0,547.0,1983.205,,,,,,,,,,,
1789040533.2293,load,3,-1,29432,547.0,0.0,548.0,402.731,,,,,,,,,,,
1789040535.3035,load,3,-1,29432,548.0,0.0,549.0,1963.242,,,,,,,,,,,
1789040535.8287,load,3,-1,29432,549.0,0.0,550.0,184.725,,,,,,,,,,,
1789040537.6376,load,3,-1,29432,550.0,0.0,551.0,1699.151,,,,,,,,,,,
1789040537.7767,load,3,-1,29432,551.0,0.0,552.0,0.107,,,,,,,,,,,
1789040539.8497,load,3,-1,29432,552.0,0.0,553.0,1672.131,,,,,,,,,,,
1789040540.1743,load,3,-1,29432,553.0,0.0,554.0,214.429,,,,,,,,,,,
1789040542.5707,load,3,-1,29432,554.0,0.0,555.0,2278.429,,,,,,,,,,,
1789040542.9757,load,3,-1,29432,555.0,0.0,556.0,0.093,,,,,,,,,,,
1789040544.8498,load,3,-1,29432,556.0,0.0,557.0,1760.74,,,,,,,,,,,
1789040544.9834,load,3,-1,29432,557.0,0.0,558.0,0.104,,,,,,,,,,,
1789040547.5038,load,3,-1,29432,558.0,0.0,559.0,2115.476,,,,,,,,,,,
1789040547.9825,load,3,-1,29432,559.0,0.0,560.0,367.837,,,,,,,,,,,
1789040549.5786,load,3,-1,29432,560.0,0.0,561.0,1481.449,,,,,,,,,,,
1789040550.7737,load,3,-1,29432,561.0,0.0,562.0,760.618,,,,,,,,,,,
1789040551.6796,load,3,-1,29432,562.0,0.0,563.0,795.015,,,,,,,,,,,
1789040552.925,load,3,-1,29432,563.0,0.0,564.0,1134.26,,,,,,,,,,,
1789040554.0378,load,3,-1,29432,564.0,0.0,565.0,767.613,,,,,,,,,,,
1789040554.9104,load,3,-1,29432,565.0,0.0,566.0,763.624,,,,,,,,,,,
1789040556.5715,load,3,-1,29432,566.0,0.0,567.0,1550.834,,,,,,,,,,,
1789040557.7278,load,3,-1,29432,567.0,0.0,568.0,803.552,,,,,,,,,,,
1789040558.8989,load,3,-1,29432,568.0,0.0,569.0,1061.435,,,,,,,,,,,
1789040559.8443,load,3,-1,29432,569.0,0.0,570.0,836.43,,,,,,,,,,,
1789040561.2482,load,3,-1,29432,570.0,0.0,571.0,1062.619,,,,,,,,,,,
1789040561.7617,load,3,-1,29432,571.0,0.0,572.0,403.56,,,,,,,,,,,
1789040563.7283,load,3,-1,29432,572.0,0.0,573.0,1856.97,,,,,,,,,,,
1789040564.4305,load,3,-1,29432,573.0,0.0,574.0,351.177,,,,,,,,,,,
1789040566.2663,load,3,-1,29432,574.0,0.0,575.0,1725.788,,,,,,,,,,,
1789040566.4101,load,3,-1,29432,575.0,0.0,576.0,32.493,,,,,,,,,,,
1789040568.944,load,3,-1,29432,576.0,0.0,577.0,2158.833,,,,,,,,,,,
1789040569.0828,load,3,-1,29432,577.0,0.0,578.0,0.138,,,,,,,,,,,
1789040571.6513,load,3,-1,29432,578.0,0.0,579.0,2392.134,,,,,,,,,,,
1789040572.0418,load,3,-1,29432,579.0,0.0,580.0,47.576,,,,,,,,,,,
1789040573.8106,load,3,-1,29432,580.0,0.0,581.0,1654.231,,,,,,,,,,,
1789040574.1566,load,3,-1,29432,581.0,0.0,582.0,136.648,,,,,,,,,,,
1789040575.6191,load,3,-1,29432,582.0,0.0,583.0,1129.978,,,,,,,,,,,
1789040576.3303,load,3,-1,29432,583.0,0.0,584.0,600.829,,,,,,,,,,,
1789040578.2916,load,3,-1,29432,584.0,0.0,585.0,1849.763,,,,,,,,,,,
1789040578.6543,load,3,-1,29432,585.0,0.0,586.0,0.099,,,,,,,,,,,
1789040580.923,load,3,-1,29432,586.0,0.0,587.0,2128.463,,,,,,,,,,,
1789040581.1303,load,3,-1,29432,587.0,0.0,588.0,96.421,,,,,,,,,,,
1789040583.7111,load,3,-1,29432,588.0,0.0,589.0,2245.116,,,,,,,,,,,
1789040583.8556,load,3,-1,29432,589.0,0.0,590.0,0.112,,,,,,,,,,,
1789040585.5825,load,3,-1,29432,590.0,0.0,591.0,1521.576,,,,,,,,,,,
1789040586.2724,load,3,-1,29432,591.0,0.0,592.0,320.099,,,,,,,,,,,
1789040588.0273,load,3,-1,29432,592.0,0.0,593.0,1644.183,,,,,,,,,,,
1789040588.9872,load,3,-1,29432,593.0,0.0,594.0,849.516,,,,,,,,,,,
1789040590.0289,load,3,-1,29432,594.0,0.0,595.0,703.049,,,,,,,,,,,
1789040591.6208,load,3,-1,29432,595.0,0.0,596.0,1481.037,,,,,,,,,,,
1789040592.2593,load,3,-1,29432,596.0,0.0,597.0,515.396,,,,,,,,,,,
1789040594.099,load,3,-1,29432,597.0,0.0,598.0,1499.593,,,,,,,,,,,
1789040594.5418,load,3,-1,29432,598.0,0.0,599.0,332.325,,,,,,,,,,,
1789040596.5943,load,3,-1,29432,599.0,0.0,600.0,1942.137,,,,,,,,,,,
1789040597.0035,load,3,-1,29432,600.0,0.0,601.0,0.23,,,,,,,,,,,
1789040599.3426,load,3,-1,29432,601.0,0.0,602.0,2134.774,,,,,,,,,,,
1789040599.4772,load,3,-1,29432,602.0,0.0,603.0,0.104,,,,,,,,,,,
1789040601.5447,load,3,-1,29432,603.0,0.0,604.0,1640.127,,,,,,,,,,,
1789040602.0794,load,3,-1,29432,604.0,0.0,605.0,424.19,,,,,,,,,,,
1789040604.4818,load,3,-1,29432,605.0,0.0,606.0,2293.233,,,,,,,,,,,
1789040604.8704,load,3,-1,29432,606.0,0.0,607.0,0.084,,,,,,,,,,,
1789040606.8056,load,3,-1,29432,607.0,0.0,608.0,1823.5,,,,,,,,,,,
1789040607.1413,load,3,-1,29432,608.0,0.0,609.0,227.042,,,,,,,,,,,
1789040609.2113,load,3,-1,29432,609.0,0.0,610.0,1737.614,,,,,,,,,,,
1789040610.0521,load,3,-1,29432,610.0,0.0,611.0,731.078,,,,,,,,,,,
1789040611.2366,load,3,-1,29432,611.0,0.0,612.0,1052.318,,,,,,,,,,,
1789040612.5524,load,3,-1,29432,612.0,0.0,613.0,981.371,,,,,,,,,,,
1789040613.6785,load,3,-1,29432,613.0,0.0,614.0,980.072,,,,,,,,,,,
1789040615.0038,load,3,-1,29432,614.0,0.0,615.0,1215.16,,,,,,,,,,,
1789040616.0967,load,3,-1,29432,615.0,0.0,616.0,747.309,,,,,,,,,,,
1789040617.3606,load,3,-1,29432,616.0,0.0,617.0,1151.191,,,,,,,,,,,
1789040618.0196,load,3,-1,29432,617.0,0.0,618.0,548.988,,,,,,,,,,,
1789040620.1109,load,3,-1,29432,618.0,0.0,619.0,1755.108,,,,,,,,,,,
1789040620.6025,load,3,-1,29432,619.0,0.0,620.0,380.446,,,,,,,,,,,
1789040622.5255,load,3,-1,29432,620.0,0.0,621.0,1813.053,,,,,,,,,,,
1789040623.0598,load,3,-1,29432,621.0,0.0,622.0,0.111,,,,,,,,,,,
1789040625.019,load,3,-1,29432,622.0,0.0,623.0,1845.717,,,,,,,,,,,
1789040625.1742,load,3,-1,29432,623.0,0.0,624.0,0.141,,,,,,,,,,,
1789040626.6912,load,3,-1,29432,624.0,0.0,625.0,1138.618,,,,,,,,,,,
1789040627.3218,load,3,-1,29432,625.0,0.0,626.0,519.656,,,,,,,,,,,
1789040628.9954,load,3,-1,29432,626.0,0.0,627.0,1563.757,,,,,,,,,,,
1789040629.3869,load,3,-1,29432,627.0,0.0,628.0,0.101,,,,,,,,,,,
1789040631.5411,load,3,-1,29432,628.0,0.0,629.0,2043.275,,,,,,,,,,,
1789040631.7256,load,3,-1,29432,629.0,0.0,630.0,72.242,,,,,,,,,,,
1789040633.672,load,3,-1,29432,630.0,0.0,631.0,1594.973,,,,,,,,,,,
1789040634.3179,load,3,-1,29432,631.0,0.0,632.0,535.612,,,,,,,,,,,
1789040636.3695,load,3,-1,29432,632.0,0.0,633.0,1941.91,,,,,,,,,,,
1789040636.7708,load,3,-1,29432,633.0,0.0,634.0,60.663,,,,,,,,,,,
1789040638.7057,load,3,-1,29432,634.0,0.0,635.0,1824.972,,,,,,,,,,,
1789040639.1967,load,3,-1,29432,635.0,0.0,636.0,381.607,,,,,,,,,,,
1789040641.4148,load,3,-1,29432,636.0,0.0,637.0,1878.11,,,,,,,,,,,
1789040641.5564,load,3,-1,29432,637.0,0.0,638.0,0.121,,,,,,,,,,,
1789040643.9067,load,3,-1,29432,638.0,0.0,639.0,2175.625,,,,,,,,,,,
1789040644.309,load,3,-1,29432,639.0,0.0,640.0,0.141,,,,,,,,,,,
1789040645.8488,load,3,-1,29432,640.0,0.0,641.0,1428.579,,,,,,,,,,,
1789040647.0376,load,3,-1,29432,641.0,0.0,642.0,998.495,,,,,,,,,,,
1789040647.4331,load,3,-1,29432,642.0,0.0,643.0,0.094,,,,,,,,,,,
1789040649.3093,load,3,-1,29432,643.0,0.0,644.0,1762.594,,,,,,,,,,,
1789040649.6271,load,3,-1,29432,644.0,0.0,645.0,205.707,,,,,,,,,,,
1789040651.5592,load,3,-1,29432,645.0,0.0,646.0,1589.866,,,,,,,,,,,
1789040652.1158,load,3,-1,29432,646.0,0.0,647.0,436.889,,,,,,,,,,,
1789040653.791,load,3,-1,29432,647.0,0.0,648.0,1563.982,,,,,,,,,,,
1789040654.4073,load,3,-1,29432,648.0,0.0,649.0,273.441,,,,,,,,,,,
1789040656.5414,load,3,-1,29432,649.0,0.0,650.0,2023.733,,,,,,,,,,,
1789040657.4411,load,3,-1,29432,650.0,0.0,651.0,789.389,,,,,,,,,,,
1789040658.6284,load,3,-1,29432,651.0,0.0,652.0,842.673,,,,,,,,,,,
1789040659.8154,load,3,-1,29432,652.0,0.0,653.0,1077.419,,,,,,,,,,,
1789040660.8964,load,3,-1,29432,653.0,0.0,654.0,970.215,,,,,,,,,,,
1789040662.1343,load,3,-1,29432,654.0,0.0,655.0,892.37,,,,,,,,,,,
1789040663.368,load,3,-1,29432,655.0,0.0,656.0,1123.371,,,,,,,,,,,
1789040664.014,load,3,-1,29432,656.0,0.0,657.0,536.26,,,,,,,,,,,
1789040665.8408,load,3,-1,29432,657.0,0.0,658.0,1486.764,,,,,,,,,,,
1789040666.8141,load,3,-1,29432,658.0,0.0,659.0,863.1,,,,,,,,,,,
1789040667.8096,load,3,-1,29432,659.0,0.0,660.0,882.659,,,,,,,,,,,
1789040669.399,load,3,-1,29432,660.0,0.0,661.0,1244.598,,,,,,,,,,,
1789040669.6146,load,3,-1,29432,661.0,0.0,662.0,27.915,,,,,,,,,,,
1789040671.7495,load,3,-1,29432,662.0,0.0,663.0,2027.307,,,,,,,,,,,
1789040672.1174,load,3,-1,29432,663.0,0.0,664.0,0.093,,,,,,,,,,,
1789040673.7525,load,3,-1,29432,664.0,0.0,665.0,1524.535,,,,,,,,,,,
1789040674.3998,load,3,-1,29432,665.0,0.0,666.0,537.336,,,,,,,,,,,
1789040676.4133,load,3,-1,29432,666.0,0.0,667.0,1631.966,,,,,,,,,,,
1789040676.771,load,3,-1,29432,667.0,0.0,668.0,241.062,,,,,,,,,,,
1789040679.2416,load,3,-1,29432,668.0,0.0,669.0,2357.067,,,,,,,,,,,
1789040679.6215,load,3,-1,29432,669.0,0.0,670.0,0.109,,,,,,,,,,,
1789040681.6702,load,3,-1,29432,670.0,0.0,671.0,1936.045,,,,,,,,,,,
1789040682.7535,load,3,-1,29432,671.0,0.0,672.0,973.121,,,,,,,,,,,
1789040684.4842,load,3,-1,29432,672.0,0.0,673.0,1392.066,,,,,,,,,,,
1789040684.6256,load,3,-1,29432,673.0,0.0,674.0,0.095,,,,,,,,,,,
1789040686.8292,load,3,-1,29432,674.0,0.0,675.0,2031.378,,,,,,,,,,,
1789040687.2164,load,3,-1,29432,675.0,0.0,676.0,0.088,,,,,,,,,,,
1789040688.9926,load,3,-1,29432,676.0,0.0,677.0,1666.2,,,,,,,,,,,
1789040689.1219,load,3,-1,29432,677.0,0.0,678.0,0.103,,,,,,,,,,,
1789040691.5857,load,3,-1,29432,678.0,0.0,679.0,2064.987,,,,,,,,,,,
1789040691.7308,load,3,-1,29432,679.0,0.0,680.0,0.101,,,,,,,,,,,
1789040694.3805,load,3,-1,29432,680.0,0.0,681.0,2462.174,,,,,,,,,,,
1789040694.8335,load,3,-1,29432,681.0,0.0,682.0,0.116,,,,,,,,,,,
1789040696.9203,load,3,-1,29432,682.0,0.0,683.0,1973.966,,,,,,,,,,,
1789040697.1416,load,3,-1,29432,683.0,0.0,684.0,107.894,,,,,,,,,,,
1789040698.9529,load,3,-1,29432,684.0,0.0,685.0,1468.923,,,,,,,,,,,
1789040699.8437,load,3,-1,29432,685.0,0.0,686.0,780.843,,,,,,,,,,,
1789040701.1171,load,3,-1,29432,686.0,0.0,687.0,1164.148,,,,,,,,,,,
1789040702.3671,load,3,-1,29432,687.0,0.0,688.0,904.109,,,,,,,,,,,
1789040703.3113,load,3,-1,29432,688.0,0.0,689.0,829.216,,,,,,,,,,,
1789040704.4697,load,3,-1,29432,689.0,0.0,690.0,1048.871,,,,,,,,,,,
1789040705.6382,load,3,-1,29432,690.0,0.0,691.0,832.096,,,,,,,,,,,
1789040706.7968,load,3,-1,29432,691.0,0.0,692.0,1046.156,,,,,,,,,,,
1789040708.2513,load,3,-1,29432,692.0,0.0,693.0,1325.674,,,,,,,,,,,
1789040709.5306,load,3,-1,29432,693.0,0.0,694.0,935.271,,,,,,,,,,,
1789040710.3242,load,3,-1,29432,694.0,0.0,695.0,683.822,,,,,,,,,,,
1789040711.4781,load,3,-1,29432,695.0,0.0,696.0,1026.86,,,,,,,,,,,
1789040712.8402,load,3,-1,29432,696.0,0.0,697.0,1021.925,,,,,,,,,,,
1789040714.6446,load,3,-1,29432,697.0,0.0,698.0,1695.248,,,,,,,,,,,
1789040715.4917,load,3,-1,29432,698.0,0.0,699.0,735.85,,,,,,,,,,,
1789040716.9704,load,3,-1,29432,699.0,0.0,700.0,1136.342,,,,,,,,,,,
1789040717.6834,load,3,-1,29432,700.0,0.0,701.0,603.163,,,,,,,,,,,
1789040718.6639,load,3,-1,29432,701.0,0.0,702.0,763.601,,,,,,,,,,,
1789040720.2651,load,3,-1,29432,702.0,0.0,703.0,1261.516,,,,,,,,,,,
1789040721.174,load,3,-1,29432,703.0,0.0,704.0,799.489,,,,,,,,,,,
1789040722.7729,load,3,-1,29432,704.0,0.0,705.0,1479.069,,,,,,,,,,,
1789040723.497,load,3,-1,29432,705.0,0.0,706.0,379.0,,,,,,,,,,,
1789040725.3799,load,3,-1,29432,706.0,0.0,707.0,1761.195,,,,,,,,,,,
1789040726.1777,load,3,-1,29432,707.0,0.0,708.0,687.547,,,,,,,,,,,
1789040727.8641,load,3,-1,29432,708.0,0.0,709.0,1325.686,,,,,,,,,,,
1789040728.6017,load,3,-1,29432,709.0,0.0,710.0,602.338,,,,,,,,,,,
1789040730.0258,load,3,-1,29432,710.0,0.0,711.0,1316.45,,,,,,,,,,,
1789040731.1656,load,3,-1,29432,711.0,0.0,712.0,796.86,,,,,,,,,,,
1789040732.3991,load,3,-1,29432,712.0,0.0,713.0,1123.174,,,,,,,,,,,
1789040733.31,load,3,-1,29432,713.0,0.0,714.0,801.419,,,,,,,,,,,
1789040734.4207,load,3,-1,29432,714.0,0.0,715.0,761.114,,,,,,,,,,,
1789040736.1586,load,3,-1,29432,715.0,0.0,716.0,1623.804,,,,,,,,,,,
1789040737.0693,load,3,-1,29432,716.0,0.0,717.0,800.264,,,,,,,,,,,
1789040738.6627,load,3,-1,29432,717.0,0.0,718.0,1235.269,,,,,,,,,,,
1789040739.9133,load,3,-1,29432,718.0,0.0,719.0,1139.191,,,,,,,,,,,
1789040741.1248,load,3,-1,29432,719.0,0.0,720.0,1088.407,,,,,,,,,,,
1789040742.753,load,3,-1,29432,720.0,0.0,721.0,1289.107,,,,,,,,,,,
1789040744.1022,load,3,-1,29432,721.0,0.0,722.0,1159.743,,,,,,,,,,,
1789040745.084,load,3,-1,29432,722.0,0.0,723.0,871.777,,,,,,,,,,,
1789040745.9447,load,3,-1,29432,723.0,0.0,724.0,517.469,,,,,,,,,,,
1789040747.4945,load,3,-1,29432,724.0,0.0,725.0,1439.561,,,,,,,,,,,
1789040748.2633,load,3,-1,29432,725.0,0.0,726.0,657.534,,,,,,,,,,,
1789040750.4547,load,3,-1,29432,726.0,0.0,727.0,1858.927,,,,,,,,,,,
1789040751.6631,load,3,-1,29432,727.0,0.0,728.0,1070.683,,,,,,,,,,,
1789040752.5346,load,3,-1,29432,728.0,0.0,729.0,761.221,,,,,,,,,,,
1789040754.1087,load,3,-1,29432,729.0,0.0,730.0,1226.396,,,,,,,,,,,
1789040754.8261,load,3,-1,29432,730.0,0.0,731.0,607.939,,,,,,,,,,,
1789040756.6323,load,3,-1,29432,731.0,0.0,732.0,1697.83,,,,,,,,,,,
1789040757.3273,load,3,-1,29432,732.0,0.0,733.0,355.369,,,,,,,,,,,
1789040759.3336,load,3,-1,29432,733.0,0.0,734.0,1895.939,,,,,,,,,,,
1789040759.7343,load,3,-1,29432,734.0,0.0,735.0,291.649,,,,,,,,,,,
1789040761.8378,load,3,-1,29432,735.0,0.0,736.0,1751.887,,,,,,,,,,,
1789040762.2355,load,3,-1,29432,736.0,0.0,737.0,288.575,,,,,,,,,,,
1789040764.2935,load,3,-1,29432,737.0,0.0,738.0,1949.972,,,,,,,,,,,
1789040764.7402,load,3,-1,29432,738.0,0.0,739.0,0.09,,,,,,,,,,,
1789040766.3709,load,3,-1,29432,739.0,0.0,740.0,1497.185,,,,,,,,,,,
1789040767.3486,load,3,-1,29432,740.0,0.0,741.0,867.358,,,,,,,,,,,
1789040768.9546,load,3,-1,29432,741.0,0.0,742.0,1137.928,,,,,,,,,,,
1789040769.7084,load,3,-1,29432,742.0,0.0,743.0,624.154,,,,,,,,,,,
1789040770.9151,load,3,-1,29432,743.0,0.0,744.0,849.243,,,,,,,,,,,
1789040772.0899,load,3,-1,29432,744.0,0.0,745.0,808.979,,,,,,,,,,,
1789040773.7746,load,3,-1,29432,745.0,0.0,746.0,1571.237,,,,,,,,,,,
1789040774.5866,load,3,-1,29432,746.0,0.0,747.0,697.51,,,,,,,,,,,
1789040776.6147,load,3,-1,29432,747.0,0.0,748.0,1672.266,,,,,,,,,,,
1789040777.0576,load,3,-1,29432,748.0,0.0,749.0,327.101,,,,,,,,,,,
1789040779.156,load,3,-1,29432,749.0,0.0,750.0,1981.298,,,,,,,,,,,
1789040779.5302,load,3,-1,29432,750.0,0.0,751.0,0.124,,,,,,,,,,,
1789040781.429,load,3,-1,29432,751.0,0.0,752.0,1494.895,,,,,,,,,,,
1789040781.7739,load,3,-1,29432,752.0,0.0,753.0,232.973,,,,,,,,,,,
1789040783.7759,load,3,-1,29432,753.0,0.0,754.0,1664.569,,,,,,,,,,,
1789040784.6881,load,3,-1,29432,754.0,0.0,755.0,550.443,,,,,,,,,,,
1789040785.6795,load,3,-1,29432,755.0,0.0,756.0,881.411,,,,,,,,,,,
1789040787.194,load,3,-1,29432,756.0,0.0,757.0,1179.785,,,,,,,,,,,
1789040788.1921,load,3,-1,29432,757.0,0.0,758.0,852.025,,,,,,,,,,,
1789040789.3497,load,3,-1,29432,758.0,0.0,759.0,1048.265,,,,,,,,,,,
1789040790.6998,load,3,-1,29432,759.0,0.0,760.0,976.843,,,,,,,,,,,
1789040792.4468,load,3,-1,29432,760.0,0.0,761.0,1637.543,,,,,,,,,,,
1789040792.9856,load,3,-1,29432,761.0,0.0,762.0,346.876,,,,,,,,,,,
1789040794.5939,load,3,-1,29432,762.0,0.0,763.0,1264.964,,,,,,,,,,,
1789040794.9802,load,3,-1,29432,763.0,0.0,764.0,252.745,,,,,,,,,,,
1789040795.8966,load,3,-1,29432,764.0,0.0,765.0,803.231,,,,,,,,,,,
1789040797.6243,load,3,-1,29432,765.0,0.0,766.0,1316.049,,,,,,,,,,,
1789040798.4454,load,3,-1,29432,766.0,0.0,767.0,710.057,,,,,,,,,,,
1789040799.5162,load,3,-1,29432,767.0,0.0,768.0,959.206,,,,,,,,,,,
1789040800.4649,load,3,-1,29432,768.0,0.0,769.0,609.182,,,,,,,,,,,
1789040801.3314,load,3,-1,29432,769.0,0.0,770.0,754.254,,,,,,,,,,,
1789040803.1517,load,3,-1,29432,770.0,0.0,771.0,1710.637,,,,,,,,,,,
1789040804.1106,load,3,-1,29432,771.0,0.0,772.0,619.783,,,,,,,,,,,
1789040805.7037,load,3,-1,29432,772.0,0.0,773.0,1482.456,,,,,,,,,,,
1789040806.9315,load,3,-1,29432,773.0,0.0,774.0,1096.223,,,,,,,,,,,
1789040808.2996,load,3,-1,29432,774.0,0.0,775.0,1023.89,,,,,,,,,,,
1789040809.1158,load,3,-1,29432,775.0,0.0,776.0,705.007,,,,,,,,,,,
1789040810.7549,load,3,-1,29432,776.0,0.0,777.0,1519.196,,,,,,,,,,,
1789040811.1286,load,3,-1,29432,777.0,0.0,778.0,0.091,,,,,,,,,,,
1789040812.9032,load,3,-1,29432,778.0,0.0,779.0,1663.125,,,,,,,,,,,
1789040813.6537,load,3,-1,29432,779.0,0.0,780.0,641.14,,,,,,,,,,,
1789040815.3628,load,3,-1,29432,780.0,0.0,781.0,1371.477,,,,,,,,,,,
1789040816.1617,load,3,-1,29432,781.0,0.0,782.0,610.35,,,,,,,,,,,
1789040818.061,load,3,-1,29432,782.0,0.0,783.0,1789.828,,,,,,,,,,,
1789040819.0216,load,3,-1,29432,783.0,0.0,784.0,593.83,,,,,,,,,,,
1789040820.6996,load,3,-1,29432,784.0,0.0,785.0,1565.947,,,,,,,,,,,
1789040821.5873,load,3,-1,29432,785.0,0.0,786.0,776.589,,,,,,,,,,,
1789040823.4311,load,3,-1,29432,786.0,0.0,787.0,1509.921,,,,,,,,,,,
1789040824.2598,load,3,-1,29432,787.0,0.0,788.0,718.191,,,,,,,,,,,
1789040826.1382,load,3,-1,29432,788.0,0.0,789.0,1767.814,,,,,,,,,,,
1789040826.5232,load,3,-1,29432,789.0,0.0,790.0,37.222,,,,,,,,,,,
1789040828.5452,load,3,-1,29432,790.0,0.0,791.0,1896.745,,,,,,,,,,,
1789040829.3279,load,3,-1,29432,791.0,0.0,792.0,672.008,,,,,,,,,,,
1789040830.975,load,3,-1,29432,792.0,0.0,793.0,1307.389,,,,,,,,,,,
1789040831.2372,load,3,-1,29432,793.0,0.0,794.0,149.89,,,,,,,,,,,
1789040832.7889,load,3,-1,29432,794.0,0.0,795.0,1440.256,,,,,,,,,,,
1789040833.4424,load,3,-1,29432,795.0,0.0,796.0,318.187,,,,,,,,,,,
1789040835.048,load,3,-1,29432,796.0,0.0,797.0,1486.047,,,,,,,,,,,
1789040835.4181,load,3,-1,29432,797.0,0.0,798.0,259.914,,,,,,,,,,,
1789040837.604,load,3,-1,29432,798.0,0.0,799.0,1847.69,,,,,,,,,,,
1789040838.0859,load,3,-1,29432,799.0,0.0,800.0,370.224,,,,,,,,,,,
1789040839.6801,load,3,-1,29432,800.0,0.0,801.0,1483.725,,,,,,,,,,,
1789040840.3265,load,3,-1,29432,801.0,0.0,802.0,203.809,,,,,,,,,,,
1789040842.2843,load,3,-1,29432,802.0,0.0,803.0,1847.101,,,,,,,,,,,
1789040842.9718,load,3,-1,29432,803.0,0.0,804.0,578.555,,,,,,,,,,,
1789040845.31,load,3,-1,29432,804.0,0.0,805.0,1990.623,,,,,,,,,,,
1789040845.4523,load,3,-1,29432,805.0,0.0,806.0,0.117,,,,,,,,,,,
1789040847.7371,load,3,-1,29432,806.0,0.0,807.0,2108.218,,,,,,,,,,,
1789040848.1277,load,3,-1,29432,807.0,0.0,808.0,0.119,,,,,,,,,,,
1789040850.6314,load,3,-1,29432,808.0,0.0,809.0,2382.376,,,,,,,,,,,
1789040850.7727,load,3,-1,29432,809.0,0.0,810.0,0.124,,,,,,,,,,,
1789040852.9732,load,3,-1,29432,810.0,0.0,811.0,1785.017,,,,,,,,,,,
1789040853.3359,load,3,-1,29432,811.0,0.0,812.0,250.159,,,,,,,,,,,
1789040855.3352,load,3,-1,29432,812.0,0.0,813.0,1888.218,,,,,,,,,,,
1789040855.7424,load,3,-1,29432,813.0,0.0,814.0,0.095,,,,,,,,,,,
1789040857.6162,load,3,-1,29432,814.0,0.0,815.0,1762.884,,,,,,,,,,,
1789040858.6644,load,3,-1,29432,815.0,0.0,816.0,936.431,,,,,,,,,,,
1789040859.5803,load,3,-1,29432,816.0,0.0,817.0,568.552,,,,,,,,,,,
1789040861.1603,load,3,-1,29432,817.0,0.0,818.0,1469.741,,,,,,,,,,,
1789040861.776,load,3,-1,29432,818.0,0.0,819.0,504.461,,,,,,,,,,,
1789040863.3984,load,3,-1,29432,819.0,0.0,820.0,1241.869,,,,,,,,,,,
1789040864.5232,load,3,-1,29432,820.0,0.0,821.0,1012.446,,,,,,,,,,,
1789040865.9833,load,3,-1,29432,821.0,0.0,822.0,1271.151,,,,,,,,,,,
1789040866.861,load,3,-1,29432,822.0,0.0,823.0,530.526,,,,,,,,,,,
1789040868.1574,load,3,-1,29432,823.0,0.0,824.0,1161.708,,,,,,,,,,,
1789040869.0871,load,3,-1,29432,824.0,0.0,825.0,818.319,,,,,,,,,,,
1789040871.1122,load,3,-1,29432,825.0,0.0,826.0,1649.884,,,,,,,,,,,
1789040871.5549,load,3,-1,29432,826.0,0.0,827.0,327.868,,,,,,,,,,,
1789040873.1176,load,3,-1,29432,827.0,0.0,828.0,1452.859,,,,,,,,,,,
1789040873.7303,load,3,-1,29432,828.0,0.0,829.0,263.818,,,,,,,,,,,
1789040875.4769,load,3,-1,29432,829.0,0.0,830.0,1635.283,,,,,,,,,,,
1789040876.5755,load,3,-1,29432,830.0,0.0,831.0,984.533,,,,,,,,,,,
1789040877.8439,load,3,-1,29432,831.0,0.0,832.0,923.26,,,,,,,,,,,
1789040878.8787,load,3,-1,29432,832.0,0.0,833.0,923.647,,,,,,,,,,,
1789040880.2107,load,3,-1,29432,833.0,0.0,834.0,1221.541,,,,,,,,,,,
1789040881.5938,load,3,-1,29432,834.0,0.0,835.0,1036.407,,,,,,,,,,,
1789040882.8051,load,3,-1,29432,835.0,0.0,836.0,1100.282,,,,,,,,,,,
1789040883.5473,load,3,-1,29432,836.0,0.0,837.0,630.976,,,,,,,,,,,
1789040884.9862,load,3,-1,29432,837.0,0.0,838.0,1087.143,,,,,,,,,,,
1789040886.027,load,3,-1,29432,838.0,0.0,839.0,927.86,,,,,,,,,,,
1789040886.8916,load,3,-1,29432,839.0,0.0,840.0,753.442,,,,,,,,,,,
1789040888.4336,load,3,-1,29432,840.0,0.0,841.0,1171.323,,,,,,,,,,,
1789040889.8526,load,3,-1,29432,841.0,0.0,842.0,1231.244,,,,,,,,,,,
1789040890.29,load,3,-1,29432,842.0,0.0,843.0,326.025,,,,,,,,,,,
1789040892.6162,load,3,-1,29432,843.0,0.0,844.0,1982.221,,,,,,,,,,,
1789040892.8621,load,3,-1,29432,844.0,0.0,845.0,134.956,,,,,,,,,,,
1789040894.9451,load,3,-1,29432,845.0,0.0,846.0,1974.43,,,,,,,,,,,
1789040895.3867,load,3,-1,29432,846.0,0.0,847.0,0.087,,,,,,,,,,,
1789040897.3889,load,3,-1,29432,847.0,0.0,848.0,1867.512,,,,,,,,,,,
1789040898.1339,load,3,-1,29432,848.0,0.0,849.0,634.278,,,,,,,,,,,
1789040899.5432,load,3,-1,29432,849.0,0.0,850.0,1051.542,,,,,,,,,,,
1789040900.5129,load,3,-1,29432,850.0,0.0,851.0,833.099,,,,,,,,,,,
1789040902.3133,load,3,-1,29432,851.0,0.0,852.0,1688.431,,,,,,,,,,,
1789040903.0215,load,3,-1,29432,852.0,0.0,853.0,367.122,,,,,,,,,,,
1789040904.7729,load,3,-1,29432,853.0,0.0,854.0,1638.962,,,,,,,,,,,
1789040905.9601,load,3,-1,29432,854.0,0.0,855.0,1076.213,,,,,,,,,,,
1789040907.7669,load,3,-1,29432,855.0,0.0,856.0,1425.406,,,,,,,,,,,
1789040908.5497,load,3,-1,29432,856.0,0.0,857.0,670.718,,,,,,,,,,,
1789040910.3642,load,3,-1,29432,857.0,0.0,858.0,1703.332,,,,,,,,,,,
1789040910.8483,load,3,-1,29432,858.0,0.0,859.0,62.361,,,,,,,,,,,
1789040913.0556,load,3,-1,29432,859.0,0.0,860.0,2084.178,,,,,,,,,,,
1789040913.3237,load,3,-1,29432,860.0,0.0,861.0,155.299,,,,,,,,,,,
1789040915.7296,load,3,-1,29432,861.0,0.0,862.0,1980.215,,,,,,,,,,,
1789040916.1227,load,3,-1,29432,862.0,0.0,863.0,280.324,,,,,,,,,,,
1789040917.7213,load,3,-1,29432,863.0,0.0,864.0,1461.523,,,,,,,,,,,
1789040918.403,load,3,-1,29432,864.0,0.0,865.0,331.516,,,,,,,,,,,
1789040919.9907,load,3,-1,29432,865.0,0.0,866.0,1472.421,,,,,,,,,,,
1789040920.4492,load,3,-1,29432,866.0,0.0,867.0,347.847,,,,,,,,,,,
1789040922.2931,load,3,-1,29432,867.0,0.0,868.0,1475.441,,,,,,,,,,,
1789040923.2434,load,3,-1,29432,868.0,0.0,869.0,839.658,,,,,,,,,,,
1789040924.8483,load,3,-1,29432,869.0,0.0,870.0,1494.331,,,,,,,,,,,
1789040925.5974,load,3,-1,29432,870.0,0.0,871.0,377.88,,,,,,,,,,,
1789040927.5373,load,3,-1,29432,871.0,0.0,872.0,1828.795,,,,,,,,,,,
1789040927.6891,load,3,-1,29432,872.0,0.0,873.0,0.105,,,,,,,,,,,
1789040929.5329,load,3,-1,29432,873.0,0.0,874.0,1417.294,,,,,,,,,,,
1789040930.7458,load,3,-1,29432,874.0,0.0,875.0,1101.267,,,,,,,,,,,
1789040931.7952,load,3,-1,29432,875.0,0.0,876.0,938.186,,,,,,,,,,,
1789040932.6073,load,3,-1,29432,876.0,0.0,877.0,464.506,,,,,,,,,,,
1789040934.1569,load,3,-1,29432,877.0,0.0,878.0,1438.464,,,,,,,,,,,
1789040934.9046,load,3,-1,29432,878.0,0.0,879.0,636.353,,,,,,,,,,,
1789040936.4767,load,3,-1,29432,879.0,0.0,880.0,1231.886,,,,,,,,,,,
1789040937.0761,load,3,-1,29432,880.0,0.0,881.0,488.481,,,,,,,,,,,
1789040938.9231,load,3,-1,29432,881.0,0.0,882.0,1654.071,,,,,,,,,,,
1789040940.073,load,3,-1,29432,882.0,0.0,883.0,802.632,,,,,,,,,,,
1789040941.2884,load,3,-1,29432,883.0,0.0,884.0,1104.102,,,,,,,,,,,
1789040942.81,load,3,-1,29432,884.0,0.0,885.0,1411.139,,,,,,,,,,,
1789040944.3834,load,3,-1,29432,885.0,0.0,886.0,1224.526,,,,,,,,,,,
1789040945.1876,load,3,-1,29432,886.0,0.0,887.0,693.009,,,,,,,,,,,
1789040946.8685,load,3,-1,29432,887.0,0.0,888.0,1570.835,,,,,,,,,,,
1789040948.012,load,3,-1,29432,888.0,0.0,889.0,781.049,,,,,,,,,,,
1789040949.2205,load,3,-1,29432,889.0,0.0,890.0,1096.548,,,,,,,,,,,
1789040950.7762,load,3,-1,29432,890.0,0.0,891.0,1444.166,,,,,,,,,,,
1789040951.2749,load,3,-1,29432,891.0,0.0,892.0,155.668,,,,,,,,,,,
1789040952.8994,load,3,-1,29432,892.0,0.0,893.0,1513.281,,,,,,,,,,,
1789040953.9013,load,3,-1,29432,893.0,0.0,894.0,889.977,,,,,,,,,,,
1789040955.0095,load,3,-1,29432,894.0,0.0,895.0,773.666,,,,,,,,,,,
1789040955.4255,load,3,-1,29432,895.0,0.0,896.0,305.429,,,,,,,,,,,
1789040957.6952,load,3,-1,29432,896.0,0.0,897.0,2138.37,,,,,,,,,,,
1789040958.1028,load,3,-1,29432,897.0,0.0,898.0,63.571,,,,,,,,,,,
1789040960.3509,load,3,-1,29432,898.0,0.0,899.0,2109.336,,,,,,,,,,,
1789040960.4825,load,3,-1,29432,899.0,0.0,900.0,0.106,,,,,,,,,,,
1789040962.4386,load,3,-1,29432,900.0,0.0,901.0,1503.095,,,,,,,,,,,
1789040963.5246,load,3,-1,29432,901.0,0.0,902.0,879.266,,,,,,,,,,,
1789040964.8416,load,3,-1,29432,902.0,0.0,903.0,1206.609,,,,,,,,,,,
1789040965.6216,load,3,-1,29432,903.0,0.0,904.0,382.844,,,,,,,,,,,
1789040967.2828,load,3,-1,29432,904.0,0.0,905.0,1543.764,,,,,,,,,,,
1789040967.7051,load,3,-1,29432,905.0,0.0,906.0,308.899,,,,,,,,,,,
1789040969.237,load,3,-1,29432,906.0,0.0,907.0,1164.057,,,,,,,,,,,
1789040970.383,load,3,-1,29432,907.0,0.0,908.0,1035.941,,,,,,,,,,,
1789040971.5468,load,3,-1,29432,908.0,0.0,909.0,1054.107,,,,,,,,,,,
1789040972.8478,load,3,-1,29432,909.0,0.0,910.0,963.944,,,,,,,,,,,
1789040973.6262,load,3,-1,29432,910.0,0.0,911.0,661.218,,,,,,,,,,,
1789040975.2196,load,3,-1,29432,911.0,0.0,912.0,1485.035,,,,,,,,,,,
1789040976.5382,load,3,-1,29432,912.0,0.0,913.0,933.284,,,,,,,,,,,
1789040977.985,load,3,-1,29432,913.0,0.0,914.0,1336.189,,,,,,,,,,,
1789040979.4348,load,3,-1,29432,914.0,0.0,915.0,1339.526,,,,,,,,,,,
1789040979.8445,load,3,-1,29432,915.0,0.0,916.0,0.102,,,,,,,,,,,
1789040981.8737,load,3,-1,29432,916.0,0.0,917.0,1906.599,,,,,,,,,,,
1789040982.1402,load,3,-1,29432,917.0,0.0,918.0,149.939,,,,,,,,,,,
1789040984.4191,load,3,-1,29432,918.0,0.0,919.0,1928.915,,,,,,,,,,,
1789040984.8087,load,3,-1,29432,919.0,0.0,920.0,278.933,,,,,,,,,,,
1789040986.846,load,3,-1,29432,920.0,0.0,921.0,1926.953,,,,,,,,,,,
1789040987.4648,load,3,-1,29432,921.0,0.0,922.0,132.431,,,,,,,,,,,
1789040988.9817,load,3,-1,29432,922.0,0.0,923.0,1406.908,,,,,,,,,,,
1789040989.9804,load,3,-1,29432,923.0,0.0,924.0,887.446,,,,,,,,,,,
1789040991.6653,load,3,-1,29432,924.0,0.0,925.0,1342.27,,,,,,,,,,,
1789040992.1383,load,3,-1,29432,925.0,0.0,926.0,349.771,,,,,,,,,,,
1789040993.7397,load,3,-1,29432,926.0,0.0,927.0,1487.541,,,,,,,,,,,
1789040994.3386,load,3,-1,29432,927.0,0.0,928.0,181.421,,,,,,,,,,,
1789040995.8681,load,3,-1,29432,928.0,0.0,929.0,1416.907,,,,,,,,,,,
1789040996.9764,load,3,-1,29432,929.0,0.0,930.0,996.201,,,,,,,,,,,
1789040998.0455,load,3,-1,29432,930.0,0.0,931.0,669.811,,,,,,,,,,,
1789040999.3437,load,3,-1,29432,931.0,0.0,932.0,1189.83,,,,,,,,,,,
1789041000.4653,load,3,-1,29432,932.0,0.0,933.0,1013.015,,,,,,,,,,,
1789041001.7575,load,3,-1,29432,933.0,0.0,934.0,956.187,,,,,,,,,,,
1789041002.6094,load,3,-1,29432,934.0,0.0,935.0,718.312,,,,,,,,,,,
1789041003.5919,load,3,-1,29432,935.0,0.0,936.0,872.569,,,,,,,,,,,
1789041005.3287,load,3,-1,29432,936.0,0.0,937.0,1358.92,,,,,,,,,,,
1789041005.4666,load,3,-1,29432,937.0,0.0,938.0,0.11,,,,,,,,,,,
1789041007.1617,load,3,-1,29432,938.0,0.0,939.0,1519.726,,,,,,,,,,,
1789041007.5921,load,3,-1,29432,939.0,0.0,940.0,87.454,,,,,,,,,,,
1789041009.4992,load,3,-1,29432,940.0,0.0,941.0,1798.397,,,,,,,,,,,
1789041009.8255,load,3,-1,29432,941.0,0.0,942.0,135.946,,,,,,,,,,,
1789041011.5518,load,3,-1,29432,942.0,0.0,943.0,1393.467,,,,,,,,,,,
1789041012.4185,load,3,-1,29432,943.0,0.0,944.0,755.689,,,,,,,,,,,
1789041014.0016,load,3,-1,29432,944.0,0.0,945.0,1474.438,,,,,,,,,,,
1789041015.0272,load,3,-1,29432,945.0,0.0,946.0,689.222,,,,,,,,,,,
1789041016.4043,load,3,-1,29432,946.0,0.0,947.0,1241.809,,,,,,,,,,,
1789041016.7118,load,3,-1,29432,947.0,0.0,948.0,195.672,,,,,,,,,,,
1789041019.1058,load,3,-1,29432,948.0,0.0,949.0,2055.492,,,,,,,,,,,
1789041019.2616,load,3,-1,29432,949.0,0.0,950.0,0.115,,,,,,,,,,,
1789041021.3596,load,3,-1,29432,950.0,0.0,951.0,1922.58,,,,,,,,,,,
1789041021.7231,load,3,-1,29432,951.0,0.0,952.0,0.139,,,,,,,,,,,
1789041023.9462,load,3,-1,29432,952.0,0.0,953.0,2092.946,,,,,,,,,,,
1789041024.7789,load,3,-1,29432,953.0,0.0,954.0,723.859,,,,,,,,,,,
1789041026.7505,load,3,-1,29432,954.0,0.0,955.0,1630.145,,,,,,,,,,,
1789041027.6974,load,3,-1,29432,955.0,0.0,956.0,836.103,,,,,,,,,,,
1789041029.0814,load,3,-1,29432,956.0,0.0,957.0,1274.159,,,,,,,,,,,
1789041030.5378,load,3,-1,29432,957.0,0.0,958.0,1115.272,,,,,,,,,,,
1789041031.8857,load,3,-1,29432,958.0,0.0,959.0,1238.106,,,,,,,,,,,
1789041033.055,load,3,-1,29432,959.0,0.0,960.0,1061.137,,,,,,,,,,,
1789041033.9359,load,3,-1,29432,960.0,0.0,961.0,537.293,,,,,,,,,,,
1789041035.7783,load,3,-1,29432,961.0,0.0,962.0,1654.624,,,,,,,,,,,
1789041036.0126,load,3,-1,29432,962.0,0.0,963.0,121.253,,,,,,,,,,,
1789041038.4116,load,3,-1,29432,963.0,0.0,964.0,2059.861,,,,,,,,,,,
1789041038.7598,load,3,-1,29432,964.0,0.0,965.0,232.426,,,,,,,,,,,
1789041041.0073,load,3,-1,29432,965.0,0.0,966.0,2137.211,,,,,,,,,,,
1789041041.5203,load,3,-1,29432,966.0,0.0,967.0,171.424,,,,,,,,,,,
1789041043.6818,load,3,-1,29432,967.0,0.0,968.0,2046.199,,,,,,,,,,,
1789041044.1024,load,3,-1,29432,968.0,0.0,969.0,311.288,,,,,,,,,,,
1789041046.2062,load,3,-1,29432,969.0,0.0,970.0,1731.577,,,,,,,,,,,
1789041046.7053,load,3,-1,29432,970.0,0.0,971.0,385.493,,,,,,,,,,,
1789041048.698,load,3,-1,29432,971.0,0.0,972.0,1834.856,,,,,,,,,,,
1789041049.2504,load,3,-1,29432,972.0,0.0,973.0,208.702,,,,,,,,,,,
1789041051.5315,load,3,-1,29432,973.0,0.0,974.0,2170.506,,,,,,,,,,,
1789041051.6814,load,3,-1,29432,974.0,0.0,975.0,0.112,,,,,,,,,,,
1789041053.8223,load,3,-1,29432,975.0,0.0,976.0,1732.059,,,,,,,,,,,
1789041054.1633,load,3,-1,29432,976.0,0.0,977.0,204.91,,,,,,,,,,,
1789041056.4871,load,3,-1,29432,977.0,0.0,978.0,2214.428,,,,,,,,,,,
1789041056.8909,load,3,-1,29432,978.0,0.0,979.0,0.107,,,,,,,,,,,
1789041058.8879,load,3,-1,29432,979.0,0.0,980.0,1875.548,,,,,,,,,,,
1789041059.0197,load,3,-1,29432,980.0,0.0,981.0,0.131,,,,,,,,,,,
1789041061.1774,load,3,-1,29432,981.0,0.0,982.0,1580.296,,,,,,,,,,,
1789041061.5951,load,3,-1,29432,982.0,0.0,983.0,307.184,,,,,,,,,,,
1789041063.7815,load,3,-1,29432,983.0,0.0,984.0,2045.235,,,,,,,,,,,
1789041064.796,load,3,-1,29432,984.0,0.0,985.0,643.39,,,,,,,,,,,
1789041066.0842,load,3,-1,29432,985.0,0.0,986.0,1178.348,,,,,,,,,,,
1789041067.3045,load,3,-1,29432,986.0,0.0,987.0,1108.734,,,,,,,,,,,
1789041068.0323,load,3,-1,29432,987.0,0.0,988.0,381.821,,,,,,,,,,,
1789041069.2781,load,3,-1,29432,988.0,0.0,989.0,1134.37,,,,,,,,,,,
1789041070.0348,load,3,-1,29432,989.0,0.0,990.0,646.996,,,,,,,,,,,
1789041071.6072,load,3,-1,29432,990.0,0.0,991.0,1233.959,,,,,,,,,,,
1789041073.2383,load,3,-1,29432,991.0,0.0,992.0,1516.495,,,,,,,,,,,
1789041074.3217,load,3,-1,29432,992.0,0.0,993.0,967.762,,,,,,,,,,,
1789041075.6213,load,3,-1,29432,993.0,0.0,994.0,960.288,,,,,,,,,,,
1789041076.6867,load,3,-1,29432,994.0,0.0,995.0,955.58,,,,,,,,,,,
1789041077.7606,load,3,-1,29432,995.0,0.0,996.0,929.616,,,,,,,,,,,
1789041078.8575,load,3,-1,29432,996.0,0.0,997.0,760.8,,,,,,,,,,,
1789041079.9085,load,3,-1,29432,997.0,0.0,998.0,940.53,,,,,,,,,,,
1789041081.7225,load,3,-1,29432,998.0,0.0,999.0,1703.963,,,,,,,,,,,
1789041082.6823,load,3,-1,29432,999.0,0.0,1000.0,620.093,,,,,,,,,,,
1789039865.9563,load,1,-1,29430,0.0,0.0,1.0,2545.443,,,,,,,,,,,
1789039868.2318,load,1,-1,29430,1.0,0.0,2.0,0.22,,,,,,,,,,,
1789039868.6047,load,1,-1,29430,2.0,0.0,3.0,256.449,,,,,,,,,,,
1789039869.3797,load,1,-1,29430,3.0,0.0,4.0,0.091,,,,,,,,,,,
1789039871.3283,load,1,-1,29430,4.0,0.0,5.0,1663.413,,,,,,,,,,,
1789039871.606,load,1,-1,29430,5.0,0.0,6.0,134.17,,,,,,,,,,,
1789039873.9628,load,1,-1,29430,6.0,0.0,7.0,1513.213,,,,,,,,,,,
1789039874.1007,load,1,-1,29430,7.0,0.0,8.0,0.104,,,,,,,,,,,
1789039876.2564,load,1,-1,29430,8.0,0.0,9.0,1383.475,,,,,,,,,,,
1789039876.6125,load,1,-1,29430,9.0,0.0,10.0,0.09,,,,,,,,,,,
1789039878.3655,load,1,-1,29430,10.0,0.0,11.0,1078.219,,,,,,,,,,,
1789039878.5505,load,1,-1,29430,11.0,0.0,12.0,70.949,,,,,,,,,,,
1789039880.8859,load,1,-1,29430,12.0,0.0,13.0,542.602,,,,,,,,,,,
1789039881.5391,load,1,-1,29430,13.0,0.0,14.0,539.797,,,,,,,,,,,
1789039882.6146,load,1,-1,29430,14.0,0.0,15.0,299.942,,,,,,,,,,,
1789039883.5346,load,1,-1,29430,15.0,0.0,16.0,375.569,,,,,,,,,,,
1789039885.1296,load,1,-1,29430,16.0,0.0,17.0,490.285,,,,,,,,,,,
1789039885.4496,load,1,-1,29430,17.0,0.0,18.0,208.947,,,,,,,,,,,
1789039887.3886,load,1,-1,29430,18.0,0.0,19.0,206.85,,,,,,,,,,,
1789039888.4233,load,1,-1,29430,19.0,0.0,20.0,354.569,,,,,,,,,,,
1789039890.0916,load,1,-1,29430,20.0,0.0,21.0,0.103,,,,,,,,,,,
1789039891.0206,load,1,-1,29430,21.0,0.0,22.0,118.118,,,,,,,,,,,
1789039892.6261,load,1,-1,29430,22.0,0.0,23.0,0.161,,,,,,,,,,,
1789039893.5736,load,1,-1,29430,23.0,0.0,24.0,0.112,,,,,,,,,,,
1789039894.5396,load,1,-1,29430,24.0,0.0,25.0,0.088,,,,,,,,,,,
1789039895.8675,load,1,-1,29430,25.0,0.0,26.0,0.115,,,,,,,,,,,
1789039897.3427,load,1,-1,29430,26.0,0.0,27.0,0.114,,,,,,,,,,,
1789039897.7595,load,1,-1,29430,27.0,0.0,28.0,0.1,,,,,,,,,,,
1789039900.0848,load,1,-1,29430,28.0,0.0,29.0,0.103,,,,,,,,,,,
1789039900.2654,load,1,-1,29430,29.0,0.0,30.0,0.126,,,,,,,,,,,
1789039902.7733,load,1,-1,29430,30.0,0.0,31.0,0.093,,,,,,,,,,,
1789039903.0186,load,1,-1,29430,31.0,0.0,32.0,0.112,,,,,,,,,,,
1789039905.2403,load,1,-1,29430,32.0,0.0,33.0,0.145,,,,,,,,,,,
1789039905.6425,load,1,-1,29430,33.0,0.0,34.0,0.124,,,,,,,,,,,
1789039907.6334,load,1,-1,29430,34.0,0.0,35.0,0.109,,,,,,,,,,,
1789039908.2702,load,1,-1,29430,35.0,0.0,36.0,0.118,,,,,,,,,,,
1789039910.2087,load,1,-1,29430,36.0,0.0,37.0,0.091,,,,,,,,,,,
1789039910.6362,load,1,-1,29430,37.0,0.0,38.0,0.113,,,,,,,,,,,
1789039912.2209,load,1,-1,29430,38.0,0.0,39.0,0.106,,,,,,,,,,,
1789039913.3226,load,1,-1,29430,39.0,0.0,40.0,0.098,,,,,,,,,,,
1789039914.8736,load,1,-1,29430,40.0,0.0,41.0,0.122,,,,,,,,,,,
1789039915.9663,load,1,-1,29430,41.0,0.0,42.0,0.135,,,,,,,,,,,
1789039917.4128,load,1,-1,29430,42.0,0.0,43.0,0.085,,,,,,,,,,,
1789039918.4391,load,1,-1,29430,43.0,0.0,44.0,0.106,,,,,,,,,,,
1789039919.1007,load,1,-1,29430,44.0,0.0,45.0,0.107,,,,,,,,,,,
1789039921.1264,load,1,-1,29430,45.0,0.0,46.0,0.094,,,,,,,,,,,
1789039921.4116,load,1,-1,29430,46.0,0.0,47.0,0.115,,,,,,,,,,,
1789039923.2189,load,1,-1,29430,47.0,0.0,48.0,0.117,,,,,,,,,,,
1789039924.5735,load,1,-1,29430,48.0,0.0,49.0,0.102,,,,,,,,,,,
1789039925.0373,load,1,-1,29430,49.0,0.0,50.0,0.098,,,,,,,,,,,
1789039926.9003,load,1,-1,29430,50.0,0.0,51.0,0.145,,,,,,,,,,,
1789039927.2999,load,1,-1,29430,51.0,0.0,52.0,0.087,,,,,,,,,,,
1789039929.8747,load,1,-1,29430,52.0,0.0,53.0,0.098,,,,,,,,,,,
1789039930.069,load,1,-1,29430,53.0,0.0,54.0,0.088,,,,,,,,,,,
1789039932.6982,load,1,-1,29430,54.0,0.0,55.0,0.087,,,,,,,,,,,
1789039932.8484,load,1,-1,29430,55.0,0.0,56.0,0.096,,,,,,,,,,,
1789039934.7935,load,1,-1,29430,56.0,0.0,57.0,0.224,,,,,,,,,,,
1789039935.1906,load,1,-1,29430,57.0,0.0,58.0,0.101,,,,,,,,,,,
1789039937.1834,load,1,-1,29430,58.0,0.0,59.0,0.097,,,,,,,,,,,
1789039937.5434,load,1,-1,29430,59.0,0.0,60.0,0.092,,,,,,,,,,,
1789039939.7718,load,1,-1,29430,60.0,0.0,61.0,0.101,,,,,,,,,,,
1789039939.9772,load,1,-1,29430,61.0,0.0,62.0,0.115,,,,,,,,,,,
1789039942.1455,load,1,-1,29430,62.0,0.0,63.0,0.117,,,,,,,,,,,
1789039943.0247,load,1,-1,29430,63.0,0.0,64.0,0.088,,,,,,,,,,,
1789039945.0931,load,1,-1,29430,64.0,0.0,65.0,0.104,,,,,,,,,,,
1789039945.5676,load,1,-1,29430,65.0,0.0,66.0,0.108,,,,,,,,,,,
1789039947.5701,load,1,-1,29430,66.0,0.0,67.0,0.096,,,,,,,,,,,
1789039947.7496,load,1,-1,29430,67.0,0.0,68.0,0.125,,,,,,,,,,,
1789039949.8569,load,1,-1,29430,68.0,0.0,69.0,0.13,,,,,,,,,,,
1789039950.3777,load,1,-1,29430,69.0,0.0,70.0,0.086,,,,,,,,,,,
1789039951.8491,load,1,-1,29430,70.0,0.0,71.0,0.118,,,,,,,,,,,
1789039952.2422,load,1,-1,29430,71.0,0.0,72.0,0.101,,,,,,,,,,,
1789039954.5617,load,1,-1,29430,72.0,0.0,73.0,0.083,,,,,,,,,,,
1789039954.9096,load,1,-1,29430,73.0,0.0,74.0,0.097,,,,,,,,,,,
1789039957.1909,load,1,-1,29430,74.0,0.0,75.0,0.126,,,,,,,,,,,
1789039957.6523,load,1,-1,29430,75.0,0.0,76.0,0.102,,,,,,,,,,,
1789039959.4752,load,1,-1,29430,76.0,0.0,77.0,0.099,,,,,,,,,,,
1789039959.9077,load,1,-1,29430,77.0,0.0,78.0,0.106,,,,,,,,,,,
1789039961.9633,load,1,-1,29430,78.0,0.0,79.0,0.088,,,,,,,,,,,
1789039962.1189,load,1,-1,29430,79.0,0.0,80.0,0.096,,,,,,,,,,,
1789039964.0716,load,1,-1,29430,80.0,0.0,81.0,0.104,,,,,,,,,,,
1789039964.6479,load,1,-1,29430,81.0,0.0,82.0,0.114,,,,,,,,,,,
1789039966.0103,load,1,-1,29430,82.0,0.0,83.0,0.122,,,,,,,,,,,
1789039967.099,load,1,-1,29430,83.0,0.0,84.0,0.103,,,,,,,,,,,
1789039968.9802,load,1,-1,29430,84.0,0.0,85.0,0.108,,,,,,,,,,,
1789039970.0743,load,1,-1,29430,85.0,0.0,86.0,0.112,,,,,,,,,,,
1789039971.1563,load,1,-1,29430,86.0,0.0,87.0,0.139,,,,,,,,,,,
1789039971.9974,load,1,-1,29430,87.0,0.0,88.0,0.11,,,,,,,,,,,
1789039973.4141,load,1,-1,29430,88.0,0.0,89.0,0.103,,,,,,,,,,,
1789039974.3205,load,1,-1,29430,89.0,0.0,90.0,0.113,,,,,,,,,,,
1789039975.4862,load,1,-1,29430,90.0,0.0,91.0,0.083,,,,,,,,,,,
1789039976.5304,load,1,-1,29430,91.0,0.0,92.0,0.1,,,,,,,,,,,
1789039978.2284,load,1,-1,29430,92.0,0.0,93.0,0.105,,,,,,,,,,,
1789039978.9065,load,1,-1,29430,93.0,0.0,94.0,0.093,,,,,,,,,,,
1789039980.0388,load,1,-1,29430,94.0,0.0,95.0,0.104,,,,,,,,,,,
1789039980.9451,load,1,-1,29430,95.0,0.0,96.0,0.106,,,,,,,,,,,
1789039982.5273,load,1,-1,29430,96.0,0.0,97.0,0.087,,,,,,,,,,,
1789039983.9625,load,1,-1,29430,97.0,0.0,98.0,0.125,,,,,,,,,,,
1789039984.3798,load,1,-1,29430,98.0,0.0,99.0,0.098,,,,,,,,,,,
1789039986.8882,load,1,-1,29430,99.0,0.0,100.0,0.111,,,,,,,,,,,
1789039987.0322,load,1,-1,29430,100.0,0.0,101.0,0.089,,,,,,,,,,,
1789039989.484,load,1,-1,29430,101.0,0.0,102.0,0.106,,,,,,,,,,,
1789039989.8197,load,1,-1,29430,102.0,0.0,103.0,0.078,,,,,,,,,,,
1789039992.0454,load,1,-1,29430,103.0,0.0,104.0,0.098,,,,,,,,,,,
1789039992.2275,load,1,-1,29430,104.0,0.0,105.0,0.093,,,,,,,,,,,
1789039994.8159,load,1,-1,29430,105.0,0.0,106.0,0.081,,,,,,,,,,,
1789039994.9654,load,1,-1,29430,106.0,0.0,107.0,0.086,,,,,,,,,,,
1789039996.6801,load,1,-1,29430,107.0,0.0,108.0,0.117,,,,,,,,,,,
1789039997.1107,load,1,-1,29430,108.0,0.0,109.0,0.089,,,,,,,,,,,
1789039999.3482,load,1,-1,29430,109.0,0.0,110.0,0.099,,,,,,,,,,,
1789039999.5658,load,1,-1,29430,110.0,0.0,111.0,0.096,,,,,,,,,,,
1789040002.6688,load,1,-1,29430,111.0,0.0,112.0,0.136,,,,,,,,,,,
1789040002.79,load,1,-1,29430,112.0,0.0,113.0,0.217,,,,,,,,,,,
1789040004.4516,load,1,-1,29430,113.0,0.0,114.0,0.146,,,,,,,,,,,
1789040005.2758,load,1,-1,29430,114.0,0.0,115.0,0.093,,,,,,,,,,,
1789040007.4346,load,1,-1,29430,115.0,0.0,116.0,0.101,,,,,,,,,,,
1789040007.6125,load,1,-1,29430,116.0,0.0,117.0,0.087,,,,,,,,,,,
1789040010.0787,load,1,-1,29430,117.0,0.0,118.0,0.228,,,,,,,,,,,
1789040010.1938,load,1,-1,29430,118.0,0.0,119.0,0.101,,,,,,,,,,,
1789040012.1964,load,1,-1,29430,119.0,0.0,120.0,0.127,,,,,,,,,,,
1789040012.8608,load,1,-1,29430,120.0,0.0,121.0,0.102,,,,,,,,,,,
1789040014.7272,load,1,-1,29430,121.0,0.0,122.0,0.103,,,,,,,,,,,
1789040015.1243,load,1,-1,29430,122.0,0.0,123.0,0.1,,,,,,,,,,,
1789040017.2184,load,1,-1,29430,123.0,0.0,124.0,0.085,,,,,,,,,,,
1789040017.364,load,1,-1,29430,124.0,0.0,125.0,0.104,,,,,,,,,,,
1789040019.1663,load,1,-1,29430,125.0,0.0,126.0,0.115,,,,,,,,,,,
1789040019.6009,load,1,-1,29430,126.0,0.0,127.0,0.09,,,,,,,,,,,
1789040021.3778,load,1,-1,29430,127.0,0.0,128.0,0.121,,,,,,,,,,,
1789040021.8272,load,1,-1,29430,128.0,0.0,129.0,0.111,,,,,,,,,,,
1789040024.0634,load,1,-1,29430,129.0,0.0,130.0,0.09,,,,,,,,,,,
1789040024.2357,load,1,-1,29430,130.0,0.0,131.0,0.12,,,,,,,,,,,
1789040026.2198,load,1,-1,29430,131.0,0.0,132.0,0.109,,,,,,,,,,,
1789040026.6661,load,1,-1,29430,132.0,0.0,133.0,0.234,,,,,,,,,,,
1789040028.9609,load,1,-1,29430,133.0,0.0,134.0,0.115,,,,,,,,,,,
1789040029.1407,load,1,-1,29430,134.0,0.0,135.0,0.097,,,,,,,,,,,
1789040031.8233,load,1,-1,29430,135.0,0.0,136.0,0.102,,,,,,,,,,,
1789040031.9779,load,1,-1,29430,136.0,0.0,137.0,0.101,,,,,,,,,,,
1789040034.1306,load,1,-1,29430,137.0,0.0,138.0,0.102,,,,,,,,,,,
1789040034.5554,load,1,-1,29430,138.0,0.0,139.0,0.083,,,,,,,,,,,
1789040036.2147,load,1,-1,29430,139.0,0.0,140.0,0.101,,,,,,,,,,,
1789040036.9696,load,1,-1,29430,140.0,0.0,141.0,0.111,,,,,,,,,,,
1789040038.549,load,1,-1,29430,141.0,0.0,142.0,0.108,,,,,,,,,,,
1789040038.9262,load,1,-1,29430,142.0,0.0,143.0,0.114,,,,,,,,,,,
1789040041.0049,load,1,-1,29430,143.0,0.0,144.0,0.138,,,,,,,,,,,
1789040041.5507,load,1,-1,29430,144.0,0.0,145.0,0.082,,,,,,,,,,,
1789040043.4947,load,1,-1,29430,145.0,0.0,146.0,0.099,,,,,,,,,,,
1789040043.6777,load,1,-1,29430,146.0,0.0,147.0,0.096,,,,,,,,,,,
1789040045.999,load,1,-1,29430,147.0,0.0,148.0,0.084,,,,,,,,,,,
1789040046.1436,load,1,-1,29430,148.0,0.0,149.0,0.09,,,,,,,,,,,
1789040048.4459,load,1,-1,29430,149.0,0.0,150.0,0.098,,,,,,,,,,,
1789040049.0516,load,1,-1,29430,150.0,0.0,151.0,0.209,,,,,,,,,,,
1789040050.4526,load,1,-1,29430,151.0,0.0,152.0,0.108,,,,,,,,,,,
1789040051.6575,load,1,-1,29430,152.0,0.0,153.0,0.101,,,,,,,,,,,
1789040053.154,load,1,-1,29430,153.0,0.0,154.0,0.098,,,,,,,,,,,
1789040054.5138,load,1,-1,29430,154.0,0.0,155.0,0.117,,,,,,,,,,,
1789040054.963,load,1,-1,29430,155.0,0.0,156.0,0.099,,,,,,,,,,,
1789040057.4482,load,1,-1,29430,156.0,0.0,157.0,0.097,,,,,,,,,,,
1789040057.625,load,1,-1,29430,157.0,0.0,158.0,0.104,,,,,,,,,,,
1789040059.3084,load,1,-1,29430,158.0,0.0,159.0,0.109,,,,,,,,,,,
1789040060.5008,load,1,-1,29430,159.0,0.0,160.0,0.083,,,,,,,,,,,
1789040061.5418,load,1,-1,29430,160.0,0.0,161.0,0.113,,,,,,,,,,,
1789040062.5259,load,1,-1,29430,161.0,0.0,162.0,0.1,,,,,,,,,,,
1789040064.2992,load,1,-1,29430,162.0,0.0,163.0,0.09,,,,,,,,,,,
1789040064.7388,load,1,-1,29430,163.0,0.0,164.0,0.104,,,,,,,,,,,
1789040066.7843,load,1,-1,29430,164.0,0.0,165.0,0.111,,,,,,,,,,,
1789040067.2639,load,1,-1,29430,165.0,0.0,166.0,0.08,,,,,,,,,,,
1789040069.0883,load,1,-1,29430,166.0,0.0,167.0,0.117,,,,,,,,,,,
1789040069.4792,load,1,-1,29430,167.0,0.0,168.0,0.102,,,,,,,,,,,
1789040071.7347,load,1,-1,29430,168.0,0.0,169.0,0.085,,,,,,,,,,,
1789040071.9141,load,1,-1,29430,169.0,0.0,170.0,0.089,,,,,,,,,,,
1789040073.711,load,1,-1,29430,170.0,0.0,171.0,0.102,,,,,,,,,,,
1789040074.1513,load,1,-1,29430,171.0,0.0,172.0,0.079,,,,,,,,,,,
1789040075.8629,load,1,-1,29430,172.0,0.0,173.0,0.105,,,,,,,,,,,
1789040076.266,load,1,-1,29430,173.0,0.0,174.0,0.101,,,,,,,,,,,
1789040077.8703,load,1,-1,29430,174.0,0.0,175.0,0.21,,,,,,,,,,,
1789040078.2217,load,1,-1,29430,175.0,0.0,176.0,0.113,,,,,,,,,,,
1789040079.7043,load,1,-1,29430,176.0,0.0,177.0,0.129,,,,,,,,,,,
1789040080.6661,load,1,-1,29430,177.0,0.0,178.0,0.091,,,,,,,,,,,
1789040081.8353,load,1,-1,29430,178.0,0.0,179.0,0.115,,,,,,,,,,,
1789040083.204,load,1,-1,29430,179.0,0.0,180.0,0.101,,,,,,,,,,,
1789040084.2523,load,1,-1,29430,180.0,0.0,181.0,0.123,,,,,,,,,,,
1789040085.9679,load,1,-1,29430,181.0,0.0,182.0,0.109,,,,,,,,,,,
1789040087.3128,load,1,-1,29430,182.0,0.0,183.0,0.101,,,,,,,,,,,
1789040088.5183,load,1,-1,29430,183.0,0.0,184.0,0.084,,,,,,,,,,,
1789040089.5252,load,1,-1,29430,184.0,0.0,185.0,0.118,,,,,,,,,,,
1789040090.7023,load,1,-1,29430,185.0,0.0,186.0,0.099,,,,,,,,,,,
1789040092.0793,load,1,-1,29430,186.0,0.0,187.0,0.082,,,,,,,,,,,
1789040093.2174,load,1,-1,29430,187.0,0.0,188.0,0.098,,,,,,,,,,,
1789040093.3969,load,1,-1,29430,188.0,0.0,189.0,0.087,,,,,,,,,,,
1789040096.2102,load,1,-1,29430,189.0,0.0,190.0,0.084,,,,,,,,,,,
1789040096.3227,load,1,-1,29430,190.0,0.0,191.0,0.092,,,,,,,,,,,
1789040098.2004,load,1,-1,29430,191.0,0.0,192.0,0.109,,,,,,,,,,,
1789040098.906,load,1,-1,29430,192.0,0.0,193.0,0.092,,,,,,,,,,,
1789040100.4351,load,1,-1,29430,193.0,0.0,194.0,0.105,,,,,,,,,,,
1789040100.873,load,1,-1,29430,194.0,0.0,195.0,0.103,,,,,,,,,,,
1789040103.3678,load,1,-1,29430,195.0,0.0,196.0,0.09,,,,,,,,,,,
1789040103.5369,load,1,-1,29430,196.0,0.0,197.0,0.092,,,,,,,,,,,
1789040105.6221,load,1,-1,29430,197.0,0.0,198.0,0.101,,,,,,,,,,,
1789040106.1529,load,1,-1,29430,198.0,0.0,199.0,0.103,,,,,,,,,,,
1789040107.6823,load,1,-1,29430,199.0,0.0,200.0,0.099,,,,,,,,,,,
1789040107.9432,load,1,-1,29430,200.0,0.0,201.0,0.095,,,,,,,,,,,
1789040110.3414,load,1,-1,29430,201.0,0.0,202.0,0.1,,,,,,,,,,,
1789040110.5628,load,1,-1,29430,202.0,0.0,203.0,0.095,,,,,,,,,,,
1789040112.3146,load,1,-1,29430,203.0,0.0,204.0,0.096,,,,,,,,,,,
1789040113.0263,load,1,-1,29430,204.0,0.0,205.0,0.082,,,,,,,,,,,
1789040115.025,load,1,-1,29430,205.0,0.0,206.0,0.097,,,,,,,,,,,
1789040115.2066,load,1,-1,29430,206.0,0.0,207.0,0.1,,,,,,,,,,,
1789040117.6111,load,1,-1,29430,207.0,0.0,208.0,0.085,,,,,,,,,,,
1789040117.7832,load,1,-1,29430,208.0,0.0,209.0,0.101,,,,,,,,,,,
1789040119.8231,load,1,-1,29430,209.0,0.0,210.0,0.117,,,,,,,,,,,
1789040120.392,load,1,-1,29430,210.0,0.0,211.0,0.081,,,,,,,,,,,
1789040122.5746,load,1,-1,29430,211.0,0.0,212.0,0.129,,,,,,,,,,,
1789040123.1938,load,1,-1,29430,212.0,0.0,213.0,0.098,,,,,,,,,,,
1789040125.4652,load,1,-1,29430,213.0,0.0,214.0,0.087,,,,,,,,,,,
1789040125.6407,load,1,-1,29430,214.0,0.0,215.0,0.103,,,,,,,,,,,
1789040127.8213,load,1,-1,29430,215.0,0.0,216.0,0.098,,,,,,,,,,,
1789040128.3419,load,1,-1,29430,216.0,0.0,217.0,0.085,,,,,,,,,,,
1789040130.3217,load,1,-1,29430,217.0,0.0,218.0,0.103,,,,,,,,,,,
1789040131.0187,load,1,-1,29430,218.0,0.0,219.0,0.097,,,,,,,,,,,
1789040132.6149,load,1,-1,29430,219.0,0.0,220.0,0.084,,,,,,,,,,,
1789040132.824,load,1,-1,29430,220.0,0.0,221.0,0.096,,,,,,,,,,,
1789040134.7677,load,1,-1,29430,221.0,0.0,222.0,0.107,,,,,,,,,,,
1789040135.1815,load,1,-1,29430,222.0,0.0,223.0,0.08,,,,,,,,,,,
1789040136.8636,load,1,-1,29430,223.0,0.0,224.0,0.097,,,,,,,,,,,
1789040137.1982,load,1,-1,29430,224.0,0.0,225.0,0.095,,,,,,,,,,,
1789040139.2055,load,1,-1,29430,225.0,0.0,226.0,0.086,,,,,,,,,,,
1789040139.3599,load,1,-1,29430,226.0,0.0,227.0,0.089,,,,,,,,,,,
1789040141.1642,load,1,-1,29430,227.0,0.0,228.0,0.122,,,,,,,,,,,
1789040142.4783,load,1,-1,29430,228.0,0.0,229.0,0.086,,,,,,,,,,,
1789040143.1635,load,1,-1,29430,229.0,0.0,230.0,0.103,,,,,,,,,,,
1789040144.5773,load,1,-1,29430,230.0,0.0,231.0,0.1,,,,,,,,,,,
1789040145.8131,load,1,-1,29430,231.0,0.0,232.0,0.091,,,,,,,,,,,
1789040146.6231,load,1,-1,29430,232.0,0.0,233.0,0.094,,,,,,,,,,,
1789040148.0495,load,1,-1,29430,233.0,0.0,234.0,0.099,,,,,,,,,,,
1789040149.4896,load,1,-1,29430,234.0,0.0,235.0,0.083,,,,,,,,,,,
1789040150.7671,load,1,-1,29430,235.0,0.0,236.0,0.114,,,,,,,,,,,
1789040151.7479,load,1,-1,29430,236.0,0.0,237.0,0.102,,,,,,,,,,,
1789040153.6837,load,1,-1,29430,237.0,0.0,238.0,0.097,,,,,,,,,,,
1789040153.8938,load,1,-1,29430,238.0,0.0,239.0,0.094,,,,,,,,,,,
1789040155.6331,load,1,-1,29430,239.0,0.0,240.0,0.105,,,,,,,,,,,
1789040156.0961,load,1,-1,29430,240.0,0.0,241.0,0.093,,,,,,,,,,,
1789040158.0874,load,1,-1,29430,241.0,0.0,242.0,0.097,,,,,,,,,,,
1789040158.2617,load,1,-1,29430,242.0,0.0,243.0,0.088,,,,,,,,,,,
1789040160.6132,load,1,-1,29430,243.0,0.0,244.0,0.083,,,,,,,,,,,
1789040160.8052,load,1,-1,29430,244.0,0.0,245.0,0.086,,,,,,,,,,,
1789040162.6847,load,1,-1,29430,245.0,0.0,246.0,0.097,,,,,,,,,,,
1789040163.7619,load,1,-1,29430,246.0,0.0,247.0,0.085,,,,,,,,,,,
1789040164.9873,load,1,-1,29430,247.0,0.0,248.0,0.098,,,,,,,,,,,
1789040165.854,load,1,-1,29430,248.0,0.0,249.0,0.108,,,,,,,,,,,
1789040167.4264,load,1,-1,29430,249.0,0.0,250.0,0.21,,,,,,,,,,,
1789040168.358,load,1,-1,29430,250.0,0.0,251.0,0.102,,,,,,,,,,,
1789040169.7837,load,1,-1,29430,251.0,0.0,252.0,0.096,,,,,,,,,,,
1789040170.8112,load,1,-1,29430,252.0,0.0,253.0,0.103,,,,,,,,,,,
1789040172.5248,load,1,-1,29430,253.0,0.0,254.0,0.102,,,,,,,,,,,
1789040172.8436,load,1,-1,29430,254.0,0.0,255.0,0.136,,,,,,,,,,,
1789040175.112,load,1,-1,29430,255.0,0.0,256.0,0.092,,,,,,,,,,,
1789040175.3921,load,1,-1,29430,256.0,0.0,257.0,0.115,,,,,,,,,,,
1789040177.5238,load,1,-1,29430,257.0,0.0,258.0,0.118,,,,,,,,,,,
1789040178.0442,load,1,-1,29430,258.0,0.0,259.0,0.083,,,,,,,,,,,
1789040179.621,load,1,-1,29430,259.0,0.0,260.0,0.104,,,,,,,,,,,
1789040180.3103,load,1,-1,29430,260.0,0.0,261.0,0.107,,,,,,,,,,,
1789040182.2074,load,1,-1,29430,261.0,0.0,262.0,0.123,,,,,,,,,,,
1789040182.4699,load,1,-1,29430,262.0,0.0,263.0,0.106,,,,,,,,,,,
1789040183.9504,load,1,-1,29430,263.0,0.0,264.0,0.113,,,,,,,,,,,
1789040185.8333,load,1,-1,29430,264.0,0.0,265.0,0.086,,,,,,,,,,,
1789040185.9905,load,1,-1,29430,265.0,0.0,266.0,0.101,,,,,,,,,,,
1789040187.5593,load,1,-1,29430,266.0,0.0,267.0,0.104,,,,,,,,,,,
1789040188.0062,load,1,-1,29430,267.0,0.0,268.0,0.09,,,,,,,,,,,
1789040190.4215,load,1,-1,29430,268.0,0.0,269.0,0.118,,,,,,,,,,,
1789040190.7924,load,1,-1,29430,269.0,0.0,270.0,0.123,,,,,,,,,,,
1789040192.6429,load,1,-1,29430,270.0,0.0,271.0,0.097,,,,,,,,,,,
1789040193.071,load,1,-1,29430,271.0,0.0,272.0,0.103,,,,,,,,,,,
1789040194.9779,load,1,-1,29430,272.0,0.0,273.0,0.1,,,,,,,,,,,
1789040195.9901,load,1,-1,29430,273.0,0.0,274.0,0.109,,,,,,,,,,,
1789040197.4234,load,1,-1,29430,274.0,0.0,275.0,0.134,,,,,,,,,,,
1789040197.6036,load,1,-1,29430,275.0,0.0,276.0,0.099,,,,,,,,,,,
1789040200.1094,load,1,-1,29430,276.0,0.0,277.0,0.09,,,,,,,,,,,
1789040200.2374,load,1,-1,29430,277.0,0.0,278.0,0.098,,,,,,,,,,,
1789040202.2009,load,1,-1,29430,278.0,0.0,279.0,0.102,,,,,,,,,,,
1789040202.6127,load,1,-1,29430,279.0,0.0,280.0,0.087,,,,,,,,,,,
1789040204.4699,load,1,-1,29430,280.0,0.0,281.0,0.101,,,,,,,,,,,
1789040204.7375,load,1,-1,29430,281.0,0.0,282.0,0.1,,,,,,,,,,,
1789040207.2475,load,1,-1,29430,282.0,0.0,283.0,0.097,,,,,,,,,,,
1789040207.4237,load,1,-1,29430,283.0,0.0,284.0,0.104,,,,,,,,,,,
1789040209.5464,load,1,-1,29430,284.0,0.0,285.0,0.109,,,,,,,,,,,
1789040210.7322,load,1,-1,29430,285.0,0.0,286.0,0.086,,,,,,,,,,,
1789040212.5009,load,1,-1,29430,286.0,0.0,287.0,0.1,,,,,,,,,,,
1789040213.2854,load,1,-1,29430,287.0,0.0,288.0,0.1,,,,,,,,,,,
1789040214.945,load,1,-1,29430,288.0,0.0,289.0,0.085,,,,,,,,,,,
1789040215.2223,load,1,-1,29430,289.0,0.0,290.0,0.106,,,,,,,,,,,
1789040217.0222,load,1,-1,29430,290.0,0.0,291.0,0.105,,,,,,,,,,,
1789040217.4336,load,1,-1,29430,291.0,0.0,292.0,0.08,,,,,,,,,,,
1789040219.3419,load,1,-1,29430,292.0,0.0,293.0,0.103,,,,,,,,,,,
1789040219.5615,load,1,-1,29430,293.0,0.0,294.0,0.1,,,,,,,,,,,
1789040221.9613,load,1,-1,29430,294.0,0.0,295.0,0.086,,,,,,,,,,,
1789040222.1331,load,1,-1,29430,295.0,0.0,296.0,0.104,,,,,,,,,,,
1789040224.609,load,1,-1,29430,296.0,0.0,297.0,0.127,,,,,,,,,,,
1789040225.036,load,1,-1,29430,297.0,0.0,298.0,0.082,,,,,,,,,,,
1789040227.0479,load,1,-1,29430,298.0,0.0,299.0,0.107,,,,,,,,,,,
1789040227.2731,load,1,-1,29430,299.0,0.0,300.0,0.107,,,,,,,,,,,
1789040229.6373,load,1,-1,29430,300.0,0.0,301.0,0.113,,,,,,,,,,,
1789040229.9628,load,1,-1,29430,301.0,0.0,302.0,0.099,,,,,,,,,,,
1789040231.5841,load,1,-1,29430,302.0,0.0,303.0,0.116,,,,,,,,,,,
1789040232.9568,load,1,-1,29430,303.0,0.0,304.0,0.091,,,,,,,,,,,
1789040233.9121,load,1,-1,29430,304.0,0.0,305.0,0.103,,,,,,,,,,,
1789040235.3345,load,1,-1,29430,305.0,0.0,306.0,0.102,,,,,,,,,,,
1789040236.5516,load,1,-1,29430,306.0,0.0,307.0,0.083,,,,,,,,,,,
1789040237.9538,load,1,-1,29430,307.0,0.0,308.0,0.099,,,,,,,,,,,
1789040239.0503,load,1,-1,29430,308.0,0.0,309.0,0.103,,,,,,,,,,,
1789040240.6268,load,1,-1,29430,309.0,0.0,310.0,0.084,,,,,,,,,,,
1789040241.2531,load,1,-1,29430,310.0,0.0,311.0,0.095,,,,,,,,,,,
1789040243.0462,load,1,-1,29430,311.0,0.0,312.0,0.094,,,,,,,,,,,
1789040244.2462,load,1,-1,29430,312.0,0.0,313.0,0.083,,,,,,,,,,,
1789040245.2733,load,1,-1,29430,313.0,0.0,314.0,0.096,,,,,,,,,,,
1789040246.9628,load,1,-1,29430,314.0,0.0,315.0,0.111,,,,,,,,,,,
1789040247.9022,load,1,-1,29430,315.0,0.0,316.0,0.084,,,,,,,,,,,
1789040249.0903,load,1,-1,29430,316.0,0.0,317.0,0.103,,,,,,,,,,,
1789040250.2729,load,1,-1,29430,317.0,0.0,318.0,0.128,,,,,,,,,,,
1789040251.5864,load,1,-1,29430,318.0,0.0,319.0,0.118,,,,,,,,,,,
1789040252.6909,load,1,-1,29430,319.0,0.0,320.0,0.103,,,,,,,,,,,
1789040253.9298,load,1,-1,29430,320.0,0.0,321.0,0.108,,,,,,,,,,,
1789040255.6301,load,1,-1,29430,321.0,0.0,322.0,0.121,,,,,,,,,,,
1789040256.4977,load,1,-1,29430,322.0,0.0,323.0,0.107,,,,,,,,,,,
1789040258.2115,load,1,-1,29430,323.0,0.0,324.0,0.128,,,,,,,,,,,
1789040258.6646,load,1,-1,29430,324.0,0.0,325.0,0.094,,,,,,,,,,,
1789040260.4604,load,1,-1,29430,325.0,0.0,326.0,0.15,,,,,,,,,,,
1789040260.8998,load,1,-1,29430,326.0,0.0,327.0,0.105,,,,,,,,,,,
1789040263.1233,load,1,-1,29430,327.0,0.0,328.0,0.083,,,,,,,,,,,
1789040263.465,load,1,-1,29430,328.0,0.0,329.0,0.118,,,,,,,,,,,
1789040265.1121,load,1,-1,29430,329.0,0.0,330.0,0.1,,,,,,,,,,,
1789040266.2427,load,1,-1,29430,330.0,0.0,331.0,0.099,,,,,,,,,,,
1789040267.0277,load,1,-1,29430,331.0,0.0,332.0,0.111,,,,,,,,,,,
1789040268.8003,load,1,-1,29430,332.0,0.0,333.0,0.118,,,,,,,,,,,
1789040269.8293,load,1,-1,29430,333.0,0.0,334.0,0.112,,,,,,,,,,,
1789040270.6359,load,1,-1,29430,334.0,0.0,335.0,0.107,,,,,,,,,,,
1789040271.9241,load,1,-1,29430,335.0,0.0,336.0,0.108,,,,,,,,,,,
1789040273.6691,load,1,-1,29430,336.0,0.0,337.0,0.087,,,,,,,,,,,
1789040274.4343,load,1,-1,29430,337.0,0.0,338.0,0.119,,,,,,,,,,,
1789040276.2598,load,1,-1,29430,338.0,0.0,339.0,0.118,,,,,,,,,,,
1789040277.044,load,1,-1,29430,339.0,0.0,340.0,0.105,,,,,,,,,,,
1789040278.583,load,1,-1,29430,340.0,0.0,341.0,0.131,,,,,,,,,,,
1789040279.0643,load,1,-1,29430,341.0,0.0,342.0,0.123,,,,,,,,,,,
1789040280.5901,load,1,-1,29430,342.0,0.0,343.0,0.083,,,,,,,,,,,
1789040281.2436,load,1,-1,29430,343.0,0.0,344.0,0.124,,,,,,,,,,,
1789040282.6268,load,1,-1,29430,344.0,0.0,345.0,0.112,,,,,,,,,,,
1789040283.6908,load,1,-1,29430,345.0,0.0,346.0,0.081,,,,,,,,,,,
1789040284.8365,load,1,-1,29430,346.0,0.0,347.0,0.115,,,,,,,,,,,
1789040286.2563,load,1,-1,29430,347.0,0.0,348.0,0.113,,,,,,,,,,,
1789040287.9187,load,1,-1,29430,348.0,0.0,349.0,0.091,,,,,,,,,,,
1789040289.0155,load,1,-1,29430,349.0,0.0,350.0,0.116,,,,,,,,,,,
1789040290.2484,load,1,-1,29430,350.0,0.0,351.0,0.112,,,,,,,,,,,
1789040292.2204,load,1,-1,29430,351.0,0.0,352.0,0.109,,,,,,,,,,,
1789040292.4131,load,1,-1,29430,352.0,0.0,353.0,0.096,,,,,,,,,,,
1789040294.5361,load,1,-1,29430,353.0,0.0,354.0,0.116,,,,,,,,,,,
1789040295.0752,load,1,-1,29430,354.0,0.0,355.0,0.084,,,,,,,,,,,
1789040297.2366,load,1,-1,29430,355.0,0.0,356.0,0.106,,,,,,,,,,,
1789040298.0167,load,1,-1,29430,356.0,0.0,357.0,0.106,,,,,,,,,,,
1789040299.8039,load,1,-1,29430,357.0,0.0,358.0,0.088,,,,,,,,,,,
1789040301.0368,load,1,-1,29430,358.0,0.0,359.0,0.236,,,,,,,,,,,
1789040301.9723,load,1,-1,29430,359.0,0.0,360.0,0.116,,,,,,,,,,,
1789040303.9748,load,1,-1,29430,360.0,0.0,361.0,0.091,,,,,,,,,,,
1789040304.6017,load,1,-1,29430,361.0,0.0,362.0,0.113,,,,,,,,,,,
1789040306.3591,load,1,-1,29430,362.0,0.0,363.0,0.152,,,,,,,,,,,
1789040306.7996,load,1,-1,29430,363.0,0.0,364.0,0.088,,,,,,,,,,,
1789040308.7765,load,1,-1,29430,364.0,0.0,365.0,0.101,,,,,,,,,,,
1789040309.1061,load,1,-1,29430,365.0,0.0,366.0,0.18,,,,,,,,,,,
1789040311.627,load,1,-1,29430,366.0,0.0,367.0,0.096,,,,,,,,,,,
1789040312.035,load,1,-1,29430,367.0,0.0,368.0,0.115,,,,,,,,,,,
1789040313.928,load,1,-1,29430,368.0,0.0,369.0,0.119,,,,,,,,,,,
1789040314.3336,load,1,-1,29430,369.0,0.0,370.0,0.085,,,,,,,,,,,
1789040315.7542,load,1,-1,29430,370.0,0.0,371.0,0.13,,,,,,,,,,,
1789040316.4992,load,1,-1,29430,371.0,0.0,372.0,0.115,,,,,,,,,,,
1789040318.748,load,1,-1,29430,372.0,0.0,373.0,0.089,,,,,,,,,,,
1789040318.8705,load,1,-1,29430,373.0,0.0,374.0,0.092,,,,,,,,,,,
1789040320.8316,load,1,-1,29430,374.0,0.0,375.0,0.103,,,,,,,,,,,
1789040321.2619,load,1,-1,29430,375.0,0.0,376.0,0.235,,,,,,,,,,,
1789040323.4414,load,1,-1,29430,376.0,0.0,377.0,0.095,,,,,,,,,,,
1789040323.8277,load,1,-1,29430,377.0,0.0,378.0,0.09,,,,,,,,,,,
1789040326.2071,load,1,-1,29430,378.0,0.0,379.0,0.093,,,,,,,,,,,
1789040326.3187,load,1,-1,29430,379.0,0.0,380.0,0.113,,,,,,,,,,,
1789040328.1435,load,1,-1,29430,380.0,0.0,381.0,0.11,,,,,,,,,,,
1789040328.9524,load,1,-1,29430,381.0,0.0,382.0,0.114,,,,,,,,,,,
1789040330.1733,load,1,-1,29430,382.0,0.0,383.0,0.102,,,,,,,,,,,
1789040331.1816,load,1,-1,29430,383.0,0.0,384.0,0.104,,,,,,,,,,,
1789040332.759,load,1,-1,29430,384.0,0.0,385.0,0.082,,,,,,,,,,,
1789040333.8929,load,1,-1,29430,385.0,0.0,386.0,0.102,,,,,,,,,,,
1789040334.7004,load,1,-1,29430,386.0,0.0,387.0,0.109,,,,,,,,,,,
1789040336.3616,load,1,-1,29430,387.0,0.0,388.0,0.241,,,,,,,,,,,
1789040337.3796,load,1,-1,29430,388.0,0.0,389.0,0.103,,,,,,,,,,,
1789040338.4663,load,1,-1,29430,389.0,0.0,390.0,0.133,,,,,,,,,,,
1789040340.239,load,1,-1,29430,390.0,0.0,391.0,0.085,,,,,,,,,,,
1789040340.8272,load,1,-1,29430,391.0,0.0,392.0,0.096,,,,,,,,,,,
1789040342.9233,load,1,-1,29430,392.0,0.0,393.0,0.107,,,,,,,,,,,
1789040343.5283,load,1,-1,29430,393.0,0.0,394.0,0.094,,,,,,,,,,,
1789040344.2927,load,1,-1,29430,394.0,0.0,395.0,0.103,,,,,,,,,,,
1789040345.8199,load,1,-1,29430,395.0,0.0,396.0,0.095,,,,,,,,,,,
1789040347.5711,load,1,-1,29430,396.0,0.0,397.0,0.087,,,,,,,,,,,
1789040348.2617,load,1,-1,29430,397.0,0.0,398.0,0.103,,,,,,,,,,,
1789040349.4533,load,1,-1,29430,398.0,0.0,399.0,0.104,,,,,,,,,,,
1789040350.5665,load,1,-1,29430,399.0,0.0,400.0,0.096,,,,,,,,,,,
1789040352.3804,load,1,-1,29430,400.0,0.0,401.0,0.103,,,,,,,,,,,
1789040352.6415,load,1,-1,29430,401.0,0.0,402.0,0.111,,,,,,,,,,,
1789040354.4764,load,1,-1,29430,402.0,0.0,403.0,0.1,,,,,,,,,,,
1789040354.6957,load,1,-1,29430,403.0,0.0,404.0,0.093,,,,,,,,,,,
1789040356.8451,load,1,-1,29430,404.0,0.0,405.0,0.108,,,,,,,,,,,
1789040357.2899,load,1,-1,29430,405.0,0.0,406.0,0.112,,,,,,,,,,,
1789040359.1051,load,1,-1,29430,406.0,0.0,407.0,0.104,,,,,,,,,,,
1789040360.3905,load,1,-1,29430,407.0,0.0,408.0,0.1,,,,,,,,,,,
1789040361.4715,load,1,-1,29430,408.0,0.0,409.0,0.085,,,,,,,,,,,
1789040362.9098,load,1,-1,29430,409.0,0.0,410.0,0.101,,,,,,,,,,,
1789040363.9457,load,1,-1,29430,410.0,0.0,411.0,0.134,,,,,,,,,,,
1789040365.9429,load,1,-1,29430,411.0,0.0,412.0,0.107,,,,,,,,,,,
1789040366.09,load,1,-1,29430,412.0,0.0,413.0,0.098,,,,,,,,,,,
1789040368.4103,load,1,-1,29430,413.0,0.0,414.0,0.114,,,,,,,,,,,
1789040369.4563,load,1,-1,29430,414.0,0.0,415.0,0.119,,,,,,,,,,,
1789040370.9753,load,1,-1,29430,415.0,0.0,416.0,0.102,,,,,,,,,,,
1789040371.3226,load,1,-1,29430,416.0,0.0,417.0,0.102,,,,,,,,,,,
1789040373.8037,load,1,-1,29430,417.0,0.0,418.0,0.088,,,,,,,,,,,
1789040374.229,load,1,-1,29430,418.0,0.0,419.0,0.122,,,,,,,,,,,
1789040376.3338,load,1,-1,29430,419.0,0.0,420.0,0.106,,,,,,,,,,,
1789040376.8801,load,1,-1,29430,420.0,0.0,421.0,0.106,,,,,,,,,,,
1789040378.3897,load,1,-1,29430,421.0,0.0,422.0,0.138,,,,,,,,,,,
1789040378.5031,load,1,-1,29430,422.0,0.0,423.0,0.088,,,,,,,,,,,
1789040380.4328,load,1,-1,29430,423.0,0.0,424.0,0.085,,,,,,,,,,,
1789040380.6296,load,1,-1,29430,424.0,0.0,425.0,0.091,,,,,,,,,,,
1789040382.0878,load,1,-1,29430,425.0,0.0,426.0,0.095,,,,,,,,,,,
1789040383.0527,load,1,-1,29430,426.0,0.0,427.0,0.088,,,,,,,,,,,
1789040384.382,load,1,-1,29430,427.0,0.0,428.0,0.121,,,,,,,,,,,
1789040385.1202,load,1,-1,29430,428.0,0.0,429.0,0.105,,,,,,,,,,,
1789040387.0375,load,1,-1,29430,429.0,0.0,430.0,0.119,,,,,,,,,,,
1789040387.2095,load,1,-1,29430,430.0,0.0,431.0,0.092,,,,,,,,,,,
1789040389.6626,load,1,-1,29430,431.0,0.0,432.0,0.095,,,,,,,,,,,
1789040390.3155,load,1,-1,29430,432.0,0.0,433.0,0.083,,,,,,,,,,,
1789040392.0214,load,1,-1,29430,433.0,0.0,434.0,0.092,,,,,,,,,,,
1789040393.0955,load,1,-1,29430,434.0,0.0,435.0,0.097,,,,,,,,,,,
1789040394.9605,load,1,-1,29430,435.0,0.0,436.0,0.216,,,,,,,,,,,
1789040395.9577,load,1,-1,29430,436.0,0.0,437.0,0.103,,,,,,,,,,,
1789040397.308,load,1,-1,29430,437.0,0.0,438.0,0.118,,,,,,,,,,,
1789040398.3285,load,1,-1,29430,438.0,0.0,439.0,0.096,,,,,,,,,,,
1789040399.7875,load,1,-1,29430,439.0,0.0,440.0,0.12,,,,,,,,,,,
1789040400.6576,load,1,-1,29430,440.0,0.0,441.0,0.102,,,,,,,,,,,
1789040402.9835,load,1,-1,29430,441.0,0.0,442.0,0.119,,,,,,,,,,,
1789040403.0971,load,1,-1,29430,442.0,0.0,443.0,0.087,,,,,,,,,,,
1789040404.6979,load,1,-1,29430,443.0,0.0,444.0,0.094,,,,,,,,,,,
1789040405.8589,load,1,-1,29430,444.0,0.0,445.0,0.088,,,,,,,,,,,
1789040406.9598,load,1,-1,29430,445.0,0.0,446.0,0.114,,,,,,,,,,,
1789040408.3043,load,1,-1,29430,446.0,0.0,447.0,0.125,,,,,,,,,,,
1789040409.4353,load,1,-1,29430,447.0,0.0,448.0,0.091,,,,,,,,,,,
1789040410.3117,load,1,-1,29430,448.0,0.0,449.0,0.12,,,,,,,,,,,
1789040411.2996,load,1,-1,29430,449.0,0.0,450.0,0.097,,,,,,,,,,,
1789040412.9394,load,1,-1,29430,450.0,0.0,451.0,0.084,,,,,,,,,,,
1789040413.7118,load,1,-1,29430,451.0,0.0,452.0,0.095,,,,,,,,,,,
1789040415.127,load,1,-1,29430,452.0,0.0,453.0,0.098,,,,,,,,,,,
1789040415.8787,load,1,-1,29430,453.0,0.0,454.0,0.083,,,,,,,,,,,
1789040417.2706,load,1,-1,29430,454.0,0.0,455.0,0.095,,,,,,,,,,,
1789040417.4506,load,1,-1,29430,455.0,0.0,456.0,0.086,,,,,,,,,,,
1789040419.6296,load,1,-1,29430,456.0,0.0,457.0,0.09,,,,,,,,,,,
1789040419.9474,load,1,-1,29430,457.0,0.0,458.0,0.125,,,,,,,,,,,
1789040422.4969,load,1,-1,29430,458.0,0.0,459.0,0.118,,,,,,,,,,,
1789040422.9091,load,1,-1,29430,459.0,0.0,460.0,0.086,,,,,,,,,,,
1789040425.0423,load,1,-1,29430,460.0,0.0,461.0,0.11,,,,,,,,,,,
1789040425.9397,load,1,-1,29430,461.0,0.0,462.0,0.148,,,,,,,,,,,
1789040427.338,load,1,-1,29430,462.0,0.0,463.0,0.087,,,,,,,,,,,
1789040428.636,load,1,-1,29430,463.0,0.0,464.0,0.1,,,,,,,,,,,
1789040429.3911,load,1,-1,29430,464.0,0.0,465.0,0.096,,,,,,,,,,,
1789040430.9661,load,1,-1,29430,465.0,0.0,466.0,0.084,,,,,,,,,,,
1789040431.4813,load,1,-1,29430,466.0,0.0,467.0,0.105,,,,,,,,,,,
1789040433.2451,load,1,-1,29430,467.0,0.0,468.0,0.106,,,,,,,,,,,
1789040434.286,load,1,-1,29430,468.0,0.0,469.0,0.572,,,,,,,,,,,
1789040435.189,load,1,-1,29430,469.0,0.0,470.0,0.109,,,,,,,,,,,
1789040436.9579,load,1,-1,29430,470.0,0.0,471.0,0.112,,,,,,,,,,,
1789040438.3691,load,1,-1,29430,471.0,0.0,472.0,0.086,,,,,,,,,,,
1789040439.4632,load,1,-1,29430,472.0,0.0,473.0,0.134,,,,,,,,,,,
1789040440.344,load,1,-1,29430,473.0,0.0,474.0,0.099,,,,,,,,,,,
1789040442.3794,load,1,-1,29430,474.0,0.0,475.0,0.087,,,,,,,,,,,
1789040442.5963,load,1,-1,29430,475.0,0.0,476.0,0.112,,,,,,,,,,,
1789040444.6947,load,1,-1,29430,476.0,0.0,477.0,0.109,,,,,,,,,,,
1789040445.186,load,1,-1,29430,477.0,0.0,478.0,0.083,,,,,,,,,,,
1789040446.8273,load,1,-1,29430,478.0,0.0,479.0,0.103,,,,,,,,,,,
1789040447.5916,load,1,-1,29430,479.0,0.0,480.0,0.094,,,,,,,,,,,
1789040449.4048,load,1,-1,29430,480.0,0.0,481.0,0.085,,,,,,,,,,,
1789040450.2734,load,1,-1,29430,481.0,0.0,482.0,0.103,,,,,,,,,,,
1789040452.0684,load,1,-1,29430,482.0,0.0,483.0,0.103,,,,,,,,,,,
1789040452.4923,load,1,-1,29430,483.0,0.0,484.0,0.081,,,,,,,,,,,
1789040454.5842,load,1,-1,29430,484.0,0.0,485.0,0.135,,,,,,,,,,,
1789040455.0501,load,1,-1,29430,485.0,0.0,486.0,0.108,,,,,,,,,,,
1789040457.9003,load,1,-1,29430,486.0,0.0,487.0,0.115,,,,,,,,,,,
1789040458.0119,load,1,-1,29430,487.0,0.0,488.0,0.119,,,,,,,,,,,
1789040460.3152,load,1,-1,29430,488.0,0.0,489.0,0.114,,,,,,,,,,,
1789040460.757,load,1,-1,29430,489.0,0.0,490.0,0.123,,,,,,,,,,,
1789040462.6006,load,1,-1,29430,490.0,0.0,491.0,0.102,,,,,,,,,,,
1789040462.8011,load,1,-1,29430,491.0,0.0,492.0,0.095,,,,,,,,,,,
1789040465.2344,load,1,-1,29430,492.0,0.0,493.0,0.083,,,,,,,,,,,
1789040465.3491,load,1,-1,29430,493.0,0.0,494.0,0.091,,,,,,,,,,,
1789040467.3449,load,1,-1,29430,494.0,0.0,495.0,0.094,,,,,,,,,,,
1789040467.931,load,1,-1,29430,495.0,0.0,496.0,0.076,,,,,,,,,,,
1789040470.2789,load,1,-1,29430,496.0,0.0,497.0,0.093,,,,,,,,,,,
1789040470.6422,load,1,-1,29430,497.0,0.0,498.0,0.094,,,,,,,,,,,
1789040472.8352,load,1,-1,29430,498.0,0.0,499.0,0.233,,,,,,,,,,,
1789040472.9857,load,1,-1,29430,499.0,0.0,500.0,0.094,,,,,,,,,,,
1789040475.5922,load,1,-1,29430,500.0,0.0,501.0,0.12,,,,,,,,,,,
1789040476.121,load,1,-1,29430,501.0,0.0,502.0,0.115,,,,,,,,,,,
1789040478.0149,load,1,-1,29430,502.0,0.0,503.0,0.115,,,,,,,,,,,
1789040478.1967,load,1,-1,29430,503.0,0.0,504.0,0.103,,,,,,,,,,,
1789040480.9445,load,1,-1,29430,504.0,0.0,505.0,0.097,,,,,,,,,,,
1789040481.0639,load,1,-1,29430,505.0,0.0,506.0,0.099,,,,,,,,,,,
1789040482.8859,load,1,-1,29430,506.0,0.0,507.0,0.145,,,,,,,,,,,
1789040483.6602,load,1,-1,29430,507.0,0.0,508.0,0.094,,,,,,,,,,,
1789040485.458,load,1,-1,29430,508.0,0.0,509.0,0.1,,,,,,,,,,,
1789040486.6246,load,1,-1,29430,509.0,0.0,510.0,0.106,,,,,,,,,,,
1789040488.3638,load,1,-1,29430,510.0,0.0,511.0,0.081,,,,,,,,,,,
1789040489.1742,load,1,-1,29430,511.0,0.0,512.0,0.105,,,,,,,,,,,
1789040489.9203,load,1,-1,29430,512.0,0.0,513.0,0.101,,,,,,,,,,,
1789040492.022,load,1,-1,29430,513.0,0.0,514.0,0.085,,,,,,,,,,,
1789040492.9972,load,1,-1,29430,514.0,0.0,515.0,0.103,,,,,,,,,,,
1789040494.1696,load,1,-1,29430,515.0,0.0,516.0,0.117,,,,,,,,,,,
1789040495.2402,load,1,-1,29430,516.0,0.0,517.0,0.098,,,,,,,,,,,
1789040496.6239,load,1,-1,29430,517.0,0.0,518.0,0.1,,,,,,,,,,,
1789040497.0226,load,1,-1,29430,518.0,0.0,519.0,0.105,,,,,,,,,,,
1789040499.8905,load,1,-1,29430,519.0,0.0,520.0,0.091,,,,,,,,,,,
1789040500.0461,load,1,-1,29430,520.0,0.0,521.0,0.117,,,,,,,,,,,
1789040502.14,load,1,-1,29430,521.0,0.0,522.0,0.125,,,,,,,,,,,
1789040502.632,load,1,-1,29430,522.0,0.0,523.0,0.085,,,,,,,,,,,
1789040504.0329,load,1,-1,29430,523.0,0.0,524.0,0.104,,,,,,,,,,,
1789040504.8024,load,1,-1,29430,524.0,0.0,525.0,0.104,,,,,,,,,,,
1789040506.3298,load,1,-1,29430,525.0,0.0,526.0,0.109,,,,,,,,,,,
1789040507.6741,load,1,-1,29430,526.0,0.0,527.0,0.23,,,,,,,,,,,
1789040508.1628,load,1,-1,29430,527.0,0.0,528.0,0.098,,,,,,,,,,,
1789040510.5091,load,1,-1,29430,528.0,0.0,529.0,0.084,,,,,,,,,,,
1789040511.5176,load,1,-1,29430,529.0,0.0,530.0,0.097,,,,,,,,,,,
1789040512.3085,load,1,-1,29430,530.0,0.0,531.0,0.109,,,,,,,,,,,
1789040513.8086,load,1,-1,29430,531.0,0.0,532.0,0.1,,,,,,,,,,,
1789040514.8453,load,1,-1,29430,532.0,0.0,533.0,0.11,,,,,,,,,,,
1789040515.4553,load,1,-1,29430,533.0,0.0,534.0,0.104,,,,,,,,,,,
1789040517.9449,load,1,-1,29430,534.0,0.0,535.0,0.115,,,,,,,,,,,
1789040518.0833,load,1,-1,29430,535.0,0.0,536.0,0.097,,,,,,,,,,,
1789040520.0199,load,1,-1,29430,536.0,0.0,537.0,0.119,,,,,,,,,,,
1789040520.6669,load,1,-1,29430,537.0,0.0,538.0,0.089,,,,,,,,,,,
1789040522.5774,load,1,-1,29430,538.0,0.0,539.0,0.099,,,,,,,,,,,
1789040522.9937,load,1,-1,29430,539.0,0.0,540.0,0.097,,,,,,,,,,,
1789040523.8186,load,1,-1,29430,540.0,0.0,541.0,0.084,,,,,,,,,,,
1789040525.7023,load,1,-1,29430,541.0,0.0,542.0,0.099,,,,,,,,,,,
1789040526.1259,load,1,-1,29430,542.0,0.0,543.0,0.103,,,,,,,,,,,
1789040527.771,load,1,-1,29430,543.0,0.0,544.0,0.095,,,,,,,,,,,
1789040528.6141,load,1,-1,29430,544.0,0.0,545.0,0.112,,,,,,,,,,,
1789040530.2991,load,1,-1,29430,545.0,0.0,546.0,0.12,,,,,,,,,,,
1789040530.7579,load,1,-1,29430,546.0,0.0,547.0,0.096,,,,,,,,,,,
1789040532.8299,load,1,-1,29430,547.0,0.0,548.0,0.144,,,,,,,,,,,
1789040533.341,load,1,-1,29430,548.0,0.0,549.0,0.106,,,,,,,,,,,
1789040535.6791,load,1,-1,29430,549.0,0.0,550.0,0.087,,,,,,,,,,,
1789040535.9394,load,1,-1,29430,550.0,0.0,551.0,0.103,,,,,,,,,,,
1789040537.7739,load,1,-1,29430,551.0,0.0,552.0,0.102,,,,,,,,,,,
1789040538.2072,load,1,-1,29430,552.0,0.0,553.0,0.085,,,,,,,,,,,
1789040539.9625,load,1,-1,29430,553.0,0.0,554.0,0.097,,,,,,,,,,,
1789040540.3227,load,1,-1,29430,554.0,0.0,555.0,0.102,,,,,,,,,,,
1789040542.9794,load,1,-1,29430,555.0,0.0,556.0,0.086,,,,,,,,,,,
1789040543.0925,load,1,-1,29430,556.0,0.0,557.0,0.1,,,,,,,,,,,
1789040544.963,load,1,-1,29430,557.0,0.0,558.0,0.111,,,,,,,,,,,
1789040545.4132,load,1,-1,29430,558.0,0.0,559.0,0.079,,,,,,,,,,,
1789040547.619,load,1,-1,29430,559.0,0.0,560.0,0.114,,,,,,,,,,,
1789040548.1076,load,1,-1,29430,560.0,0.0,561.0,0.117,,,,,,,,,,,
1789040550.0132,load,1,-1,29430,561.0,0.0,562.0,0.129,,,,,,,,,,,
1789040550.8885,load,1,-1,29430,562.0,0.0,563.0,0.179,,,,,,,,,,,
1789040551.792,load,1,-1,29430,563.0,0.0,564.0,0.103,,,,,,,,,,,
1789040553.2569,load,1,-1,29430,564.0,0.0,565.0,0.089,,,,,,,,,,,
1789040554.1494,load,1,-1,29430,565.0,0.0,566.0,0.099,,,,,,,,,,,
1789040555.0208,load,1,-1,29430,566.0,0.0,567.0,0.106,,,,,,,,,,,
1789040556.9781,load,1,-1,29430,567.0,0.0,568.0,0.092,,,,,,,,,,,
1789040557.85,load,1,-1,29430,568.0,0.0,569.0,0.105,,,,,,,,,,,
1789040559.0114,load,1,-1,29430,569.0,0.0,570.0,0.13,,,,,,,,,,,
1789040560.2103,load,1,-1,29430,570.0,0.0,571.0,0.096,,,,,,,,,,,
1789040561.3605,load,1,-1,29430,571.0,0.0,572.0,0.109,,,,,,,,,,,
1789040561.8724,load,1,-1,29430,572.0,0.0,573.0,0.419,,,,,,,,,,,
1789040564.1181,load,1,-1,29430,573.0,0.0,574.0,0.117,,,,,,,,,,,
1789040564.5415,load,1,-1,29430,574.0,0.0,575.0,0.097,,,,,,,,,,,
1789040566.38,load,1,-1,29430,575.0,0.0,576.0,0.129,,,,,,,,,,,
1789040566.7895,load,1,-1,29430,576.0,0.0,577.0,0.083,,,,,,,,,,,
1789040569.0794,load,1,-1,29430,577.0,0.0,578.0,0.101,,,,,,,,,,,
1789040569.2611,load,1,-1,29430,578.0,0.0,579.0,0.09,,,,,,,,,,,
1789040572.0388,load,1,-1,29430,579.0,0.0,580.0,0.09,,,,,,,,,,,
1789040572.1588,load,1,-1,29430,580.0,0.0,581.0,0.093,,,,,,,,,,,
1789040574.0201,load,1,-1,29430,581.0,0.0,582.0,0.121,,,,,,,,,,,
1789040574.5068,load,1,-1,29430,582.0,0.0,583.0,0.088,,,,,,,,,,,
1789040575.7316,load,1,-1,29430,583.0,0.0,584.0,0.103,,,,,,,,,,,
1789040576.4438,load,1,-1,29430,584.0,0.0,585.0,0.11,,,,,,,,,,,
1789040578.6852,load,1,-1,29430,585.0,0.0,586.0,0.1,,,,,,,,,,,
1789040578.7972,load,1,-1,29430,586.0,0.0,587.0,0.094,,,,,,,,,,,
1789040581.051,load,1,-1,29430,587.0,0.0,588.0,0.116,,,,,,,,,,,
1789040581.4643,load,1,-1,29430,588.0,0.0,589.0,0.086,,,,,,,,,,,
1789040583.8824,load,1,-1,29430,589.0,0.0,590.0,0.111,,,,,,,,,,,
1789040584.0649,load,1,-1,29430,590.0,0.0,591.0,0.132,,,,,,,,,,,
1789040585.9224,load,1,-1,29430,591.0,0.0,592.0,0.089,,,,,,,,,,,
1789040586.3839,load,1,-1,29430,592.0,0.0,593.0,0.098,,,,,,,,,,,
1789040588.1389,load,1,-1,29430,593.0,0.0,594.0,0.103,,,,,,,,,,,
1789040589.3215,load,1,-1,29430,594.0,0.0,595.0,0.085,,,,,,,,,,,
1789040590.1415,load,1,-1,29430,595.0,0.0,596.0,0.101,,,,,,,,,,,
1789040591.7523,load,1,-1,29430,596.0,0.0,597.0,0.106,,,,,,,,,,,
1789040592.6525,load,1,-1,29430,597.0,0.0,598.0,0.082,,,,,,,,,,,
1789040594.2143,load,1,-1,29430,598.0,0.0,599.0,0.119,,,,,,,,,,,
1789040594.6589,load,1,-1,29430,599.0,0.0,600.0,0.109,,,,,,,,,,,
1789040596.9733,load,1,-1,29430,600.0,0.0,601.0,0.11,,,,,,,,,,,
1789040597.2078,load,1,-1,29430,601.0,0.0,602.0,0.127,,,,,,,,,,,
1789040599.4949,load,1,-1,29430,602.0,0.0,603.0,0.137,,,,,,,,,,,
1789040599.9168,load,1,-1,29430,603.0,0.0,604.0,0.087,,,,,,,,,,,
1789040601.6585,load,1,-1,29430,604.0,0.0,605.0,0.103,,,,,,,,,,,
1789040602.1919,load,1,-1,29430,605.0,0.0,606.0,0.108,,,,,,,,,,,
1789040604.8731,load,1,-1,29430,606.0,0.0,607.0,0.086,,,,,,,,,,,
1789040604.9852,load,1,-1,29430,607.0,0.0,608.0,0.108,,,,,,,,,,,
1789040606.9214,load,1,-1,29430,608.0,0.0,609.0,0.128,,,,,,,,,,,
1789040607.4742,load,1,-1,29430,609.0,0.0,610.0,0.085,,,,,,,,,,,
1789040609.3251,load,1,-1,29430,610.0,0.0,611.0,0.107,,,,,,,,,,,
1789040610.1892,load,1,-1,29430,611.0,0.0,612.0,0.119,,,,,,,,,,,
1789040611.5631,load,1,-1,29430,612.0,0.0,613.0,0.091,,,,,,,,,,,
1789040612.6971,load,1,-1,29430,613.0,0.0,614.0,0.1,,,,,,,,,,,
1789040613.789,load,1,-1,29430,614.0,0.0,615.0,0.103,,,,,,,,,,,
1789040615.3487,load,1,-1,29430,615.0,0.0,616.0,0.105,,,,,,,,,,,
1789040616.2096,load,1,-1,29430,616.0,0.0,617.0,0.105,,,,,,,,,,,
1789040617.4724,load,1,-1,29430,617.0,0.0,618.0,0.141,,,,,,,,,,,
1789040618.357,load,1,-1,29430,618.0,0.0,619.0,0.089,,,,,,,,,,,
1789040620.2226,load,1,-1,29430,619.0,0.0,620.0,0.105,,,,,,,,,,,
1789040620.7127,load,1,-1,29430,620.0,0.0,621.0,0.091,,,,,,,,,,,
1789040623.0598,load,1,-1,29430,621.0,0.0,622.0,0.105,,,,,,,,,,,
1789040623.1727,load,1,-1,29430,622.0,0.0,623.0,0.087,,,,,,,,,,,
1789040625.1313,load,1,-1,29430,623.0,0.0,624.0,0.102,,,,,,,,,,,
1789040625.5388,load,1,-1,29430,624.0,0.0,625.0,0.087,,,,,,,,,,,
1789040626.8037,load,1,-1,29430,625.0,0.0,626.0,0.105,,,,,,,,,,,
1789040627.4307,load,1,-1,29430,626.0,0.0,627.0,0.093,,,,,,,,,,,
1789040629.3393,load,1,-1,29430,627.0,0.0,628.0,0.09,,,,,,,,,,,
1789040629.4987,load,1,-1,29430,628.0,0.0,629.0,0.099,,,,,,,,,,,
1789040631.6522,load,1,-1,29430,629.0,0.0,630.0,0.121,,,,,,,,,,,
1789040632.0622,load,1,-1,29430,630.0,0.0,631.0,0.132,,,,,,,,,,,
1789040633.7831,load,1,-1,29430,631.0,0.0,632.0,0.098,,,,,,,,,,,
1789040634.4274,load,1,-1,29430,632.0,0.0,633.0,0.095,,,,,,,,,,,
1789040636.7,load,1,-1,29430,633.0,0.0,634.0,0.086,,,,,,,,,,,
1789040636.8812,load,1,-1,29430,634.0,0.0,635.0,0.09,,,,,,,,,,,
1789040638.8162,load,1,-1,29430,635.0,0.0,636.0,0.112,,,,,,,,,,,
1789040639.5297,load,1,-1,29430,636.0,0.0,637.0,0.084,,,,,,,,,,,
1789040641.5512,load,1,-1,29430,637.0,0.0,638.0,0.097,,,,,,,,,,,
1789040641.731,load,1,-1,29430,638.0,0.0,639.0,0.091,,,,,,,,,,,
1789040644.2367,load,1,-1,29430,639.0,0.0,640.0,0.088,,,,,,,,,,,
1789040644.4192,load,1,-1,29430,640.0,0.0,641.0,0.09,,,,,,,,,,,
1789040646.0392,load,1,-1,29430,641.0,0.0,642.0,0.107,,,,,,,,,,,
1789040647.4285,load,1,-1,29430,642.0,0.0,643.0,0.197,,,,,,,,,,,
1789040647.5442,load,1,-1,29430,643.0,0.0,644.0,0.1,,,,,,,,,,,
1789040649.4312,load,1,-1,29430,644.0,0.0,645.0,0.103,,,,,,,,,,,
1789040650.0123,load,1,-1,29430,645.0,0.0,646.0,0.116,,,,,,,,,,,
1789040651.6723,load,1,-1,29430,646.0,0.0,647.0,0.107,,,,,,,,,,,
1789040652.2266,load,1,-1,29430,647.0,0.0,648.0,0.097,,,,,,,,,,,
1789040654.1639,load,1,-1,29430,648.0,0.0,649.0,0.105,,,,,,,,,,,
1789040654.5188,load,1,-1,29430,649.0,0.0,650.0,0.091,,,,,,,,,,,
1789040656.6527,load,1,-1,29430,650.0,0.0,651.0,0.096,,,,,,,,,,,
1789040657.7691,load,1,-1,29430,651.0,0.0,652.0,0.082,,,,,,,,,,,
1789040658.739,load,1,-1,29430,652.0,0.0,653.0,0.096,,,,,,,,,,,
1789040659.9262,load,1,-1,29430,653.0,0.0,654.0,0.097,,,,,,,,,,,
1789040661.2253,load,1,-1,29430,654.0,0.0,655.0,0.094,,,,,,,,,,,
1789040662.2461,load,1,-1,29430,655.0,0.0,656.0,0.097,,,,,,,,,,,
1789040663.4784,load,1,-1,29430,656.0,0.0,657.0,0.098,,,,,,,,,,,
1789040664.3462,load,1,-1,29430,657.0,0.0,658.0,0.083,,,,,,,,,,,
1789040665.9526,load,1,-1,29430,658.0,0.0,659.0,0.101,,,,,,,,,,,
1789040666.9255,load,1,-1,29430,659.0,0.0,660.0,0.1,,,,,,,,,,,
1789040668.1424,load,1,-1,29430,660.0,0.0,661.0,0.228,,,,,,,,,,,
1789040669.5868,load,1,-1,29430,661.0,0.0,662.0,0.107,,,,,,,,,,,
1789040669.7231,load,1,-1,29430,662.0,0.0,663.0,0.092,,,,,,,,,,,
1789040672.1186,load,1,-1,29430,663.0,0.0,664.0,0.103,,,,,,,,,,,
1789040672.2289,load,1,-1,29430,664.0,0.0,665.0,0.106,,,,,,,,,,,
1789040673.8648,load,1,-1,29430,665.0,0.0,666.0,0.11,,,,,,,,,,,
1789040674.7267,load,1,-1,29430,666.0,0.0,667.0,0.088,,,,,,,,,,,
1789040676.5279,load,1,-1,29430,667.0,0.0,668.0,0.124,,,,,,,,,,,
1789040676.8813,load,1,-1,29430,668.0,0.0,669.0,0.091,,,,,,,,,,,
1789040679.5694,load,1,-1,29430,669.0,0.0,670.0,0.088,,,,,,,,,,,
1789040679.7363,load,1,-1,29430,670.0,0.0,671.0,0.09,,,,,,,,,,,
1789040681.7819,load,1,-1,29430,671.0,0.0,672.0,0.096,,,,,,,,,,,
1789040683.0943,load,1,-1,29430,672.0,0.0,673.0,0.08,,,,,,,,,,,
1789040684.5961,load,1,-1,29430,673.0,0.0,674.0,0.103,,,,,,,,,,,
1789040684.8002,load,1,-1,29430,674.0,0.0,675.0,0.088,,,,,,,,,,,
1789040687.1618,load,1,-1,29430,675.0,0.0,676.0,0.087,,,,,,,,,,,
1789040687.3351,load,1,-1,29430,676.0,0.0,677.0,0.137,,,,,,,,,,,
1789040689.1037,load,1,-1,29430,677.0,0.0,678.0,0.105,,,,,,,,,,,
1789040689.5178,load,1,-1,29430,678.0,0.0,679.0,0.083,,,,,,,,,,,
1789040691.7388,load,1,-1,29430,679.0,0.0,680.0,0.103,,,,,,,,,,,
1789040691.9229,load,1,-1,29430,680.0,0.0,681.0,0.099,,,,,,,,,,,
1789040694.8335,load,1,-1,29430,681.0,0.0,682.0,0.122,,,,,,,,,,,
1789040694.9479,load,1,-1,29430,682.0,0.0,683.0,0.1,,,,,,,,,,,
1789040697.0357,load,1,-1,29430,683.0,0.0,684.0,0.115,,,,,,,,,,,
1789040697.4736,load,1,-1,29430,684.0,0.0,685.0,0.087,,,,,,,,,,,
1789040699.0671,load,1,-1,29430,685.0,0.0,686.0,0.123,,,,,,,,,,,
1789040699.9543,load,1,-1,29430,686.0,0.0,687.0,0.101,,,,,,,,,,,
1789040701.4524,load,1,-1,29430,687.0,0.0,688.0,0.081,,,,,,,,,,,
1789040702.4797,load,1,-1,29430,688.0,0.0,689.0,0.103,,,,,,,,,,,
1789040703.4229,load,1,-1,29430,689.0,0.0,690.0,0.099,,,,,,,,,,,
1789040704.7925,load,1,-1,29430,690.0,0.0,691.0,0.082,,,,,,,,,,,
1789040705.755,load,1,-1,29430,691.0,0.0,692.0,0.097,,,,,,,,,,,
1789040706.9243,load,1,-1,29430,692.0,0.0,693.0,0.099,,,,,,,,,,,
1789040708.6421,load,1,-1,29430,693.0,0.0,694.0,0.083,,,,,,,,,,,
1789040709.6436,load,1,-1,29430,694.0,0.0,695.0,0.11,,,,,,,,,,,
1789040710.4536,load,1,-1,29430,695.0,0.0,696.0,0.101,,,,,,,,,,,
1789040711.8057,load,1,-1,29430,696.0,0.0,697.0,0.097,,,,,,,,,,,
1789040712.9529,load,1,-1,29430,697.0,0.0,698.0,0.101,,,,,,,,,,,
1789040714.7573,load,1,-1,29430,698.0,0.0,699.0,0.109,,,,,,,,,,,
1789040715.8267,load,1,-1,29430,699.0,0.0,700.0,0.23,,,,,,,,,,,
1789040717.0837,load,1,-1,29430,700.0,0.0,701.0,0.105,,,,,,,,,,,
1789040717.9005,load,1,-1,29430,701.0,0.0,702.0,0.101,,,,,,,,,,,
1789040718.9943,load,1,-1,29430,702.0,0.0,703.0,0.099,,,,,,,,,,,
1789040720.3773,load,1,-1,29430,703.0,0.0,704.0,0.104,,,,,,,,,,,
1789040721.2925,load,1,-1,29430,704.0,0.0,705.0,0.104,,,,,,,,,,,
1789040723.1039,load,1,-1,29430,705.0,0.0,706.0,0.117,,,,,,,,,,,
1789040723.612,load,1,-1,29430,706.0,0.0,707.0,0.1,,,,,,,,,,,
1789040725.4932,load,1,-1,29430,707.0,0.0,708.0,0.103,,,,,,,,,,,
1789040726.5585,load,1,-1,29430,708.0,0.0,709.0,0.084,,,,,,,,,,,
1789040728.0015,load,1,-1,29430,709.0,0.0,710.0,0.096,,,,,,,,,,,
1789040728.7136,load,1,-1,29430,710.0,0.0,711.0,0.093,,,,,,,,,,,
1789040730.3597,load,1,-1,29430,711.0,0.0,712.0,0.083,,,,,,,,,,,
1789040731.2794,load,1,-1,29430,712.0,0.0,713.0,0.102,,,,,,,,,,,
1789040732.5121,load,1,-1,29430,713.0,0.0,714.0,0.128,,,,,,,,,,,
1789040733.6376,load,1,-1,29430,714.0,0.0,715.0,0.094,,,,,,,,,,,
1789040734.5336,load,1,-1,29430,715.0,0.0,716.0,0.12,,,,,,,,,,,
1789040736.2746,load,1,-1,29430,716.0,0.0,717.0,0.108,,,,,,,,,,,
1789040737.423,load,1,-1,29430,717.0,0.0,718.0,0.087,,,,,,,,,,,
1789040738.7786,load,1,-1,29430,718.0,0.0,719.0,0.11,,,,,,,,,,,
1789040740.0401,load,1,-1,29430,719.0,0.0,720.0,0.123,,,,,,,,,,,
1789040741.4948,load,1,-1,29430,720.0,0.0,721.0,0.09,,,,,,,,,,,
1789040742.9427,load,1,-1,29430,721.0,0.0,722.0,0.107,,,,,,,,,,,
1789040744.2139,load,1,-1,29430,722.0,0.0,723.0,0.11,,,,,,,,,,,
1789040745.4592,load,1,-1,29430,723.0,0.0,724.0,0.088,,,,,,,,,,,
1789040746.0566,load,1,-1,29430,724.0,0.0,725.0,0.115,,,,,,,,,,,
1789040747.6095,load,1,-1,29430,725.0,0.0,726.0,0.103,,,,,,,,,,,
1789040748.6025,load,1,-1,29430,726.0,0.0,727.0,0.084,,,,,,,,,,,
1789040750.6017,load,1,-1,29430,727.0,0.0,728.0,0.113,,,,,,,,,,,
1789040751.7759,load,1,-1,29430,728.0,0.0,729.0,0.112,,,,,,,,,,,
1789040752.9276,load,1,-1,29430,729.0,0.0,730.0,0.105,,,,,,,,,,,
1789040754.2223,load,1,-1,29430,730.0,0.0,731.0,0.103,,,,,,,,,,,
1789040754.937,load,1,-1,29430,731.0,0.0,732.0,0.104,,,,,,,,,,,
1789040757.0658,load,1,-1,29430,732.0,0.0,733.0,0.092,,,,,,,,,,,
1789040757.4427,load,1,-1,29430,733.0,0.0,734.0,0.112,,,,,,,,,,,
1789040759.4467,load,1,-1,29430,734.0,0.0,735.0,0.129,,,,,,,,,,,
1789040760.1046,load,1,-1,29430,735.0,0.0,736.0,0.093,,,,,,,,,,,
1789040761.9526,load,1,-1,29430,736.0,0.0,737.0,0.119,,,,,,,,,,,
1789040762.3541,load,1,-1,29430,737.0,0.0,738.0,0.099,,,,,,,,,,,
1789040764.6826,load,1,-1,29430,738.0,0.0,739.0,0.093,,,,,,,,,,,
1789040764.8754,load,1,-1,29430,739.0,0.0,740.0,0.115,,,,,,,,,,,
1789040766.4847,load,1,-1,29430,740.0,0.0,741.0,0.109,,,,,,,,,,,
1789040767.8168,load,1,-1,29430,741.0,0.0,742.0,0.129,,,,,,,,,,,
1789040769.0855,load,1,-1,29430,742.0,0.0,743.0,0.105,,,,,,,,,,,
1789040770.0693,load,1,-1,29430,743.0,0.0,744.0,0.1,,,,,,,,,,,
1789040771.2889,load,1,-1,29430,744.0,0.0,745.0,0.09,,,,,,,,,,,
1789040772.2013,load,1,-1,29430,745.0,0.0,746.0,0.098,,,,,,,,,,,
1789040773.8851,load,1,-1,29430,746.0,0.0,747.0,0.101,,,,,,,,,,,
1789040774.9323,load,1,-1,29430,747.0,0.0,748.0,0.102,,,,,,,,,,,
1789040776.7296,load,1,-1,29430,748.0,0.0,749.0,0.128,,,,,,,,,,,
1789040777.1732,load,1,-1,29430,749.0,0.0,750.0,0.106,,,,,,,,,,,
1789040779.5238,load,1,-1,29430,750.0,0.0,751.0,0.127,,,,,,,,,,,
1789040779.9386,load,1,-1,29430,751.0,0.0,752.0,0.107,,,,,,,,,,,
1789040781.5442,load,1,-1,29430,752.0,0.0,753.0,0.108,,,,,,,,,,,
1789040782.2149,load,1,-1,29430,753.0,0.0,754.0,0.128,,,,,,,,,,,
1789040784.1357,load,1,-1,29430,754.0,0.0,755.0,0.108,,,,,,,,,,,
1789040784.8043,load,1,-1,29430,755.0,0.0,756.0,0.101,,,,,,,,,,,
1789040786.0533,load,1,-1,29430,756.0,0.0,757.0,0.086,,,,,,,,,,,
1789040787.3756,load,1,-1,29430,757.0,0.0,758.0,0.126,,,,,,,,,,,
1789040788.307,load,1,-1,29430,758.0,0.0,759.0,0.115,,,,,,,,,,,
1789040789.7683,load,1,-1,29430,759.0,0.0,760.0,0.126,,,,,,,,,,,
1789040790.8134,load,1,-1,29430,760.0,0.0,761.0,0.108,,,,,,,,,,,
1789040792.6388,load,1,-1,29430,761.0,0.0,762.0,0.125,,,,,,,,,,,
1789040793.362,load,1,-1,29430,762.0,0.0,763.0,0.084,,,,,,,,,,,
1789040794.729,load,1,-1,29430,763.0,0.0,764.0,0.11,,,,,,,,,,,
1789040795.0921,load,1,-1,29430,764.0,0.0,765.0,0.103,,,,,,,,,,,
1789040796.2564,load,1,-1,29430,765.0,0.0,766.0,0.09,,,,,,,,,,,
1789040797.7368,load,1,-1,29430,766.0,0.0,767.0,0.106,,,,,,,,,,,
1789040798.5568,load,1,-1,29430,767.0,0.0,768.0,0.116,,,,,,,,,,,
1789040799.8511,load,1,-1,29430,768.0,0.0,769.0,0.089,,,,,,,,,,,
1789040800.5777,load,1,-1,29430,769.0,0.0,770.0,0.141,,,,,,,,,,,
1789040801.4417,load,1,-1,29430,770.0,0.0,771.0,0.104,,,,,,,,,,,
1789040803.4815,load,1,-1,29430,771.0,0.0,772.0,0.085,,,,,,,,,,,
1789040804.2247,load,1,-1,29430,772.0,0.0,773.0,0.098,,,,,,,,,,,
1789040805.8418,load,1,-1,29430,773.0,0.0,774.0,0.099,,,,,,,,,,,
1789040807.2873,load,1,-1,29430,774.0,0.0,775.0,0.109,,,,,,,,,,,
1789040808.4111,load,1,-1,29430,775.0,0.0,776.0,0.1,,,,,,,,,,,
1789040809.2374,load,1,-1,29430,776.0,0.0,777.0,0.104,,,,,,,,,,,
1789040811.1032,load,1,-1,29430,777.0,0.0,778.0,0.107,,,,,,,,,,,
1789040811.2404,load,1,-1,29430,778.0,0.0,779.0,0.106,,,,,,,,,,,
1789040813.0148,load,1,-1,29430,779.0,0.0,780.0,0.109,,,,,,,,,,,
1789040814.0176,load,1,-1,29430,780.0,0.0,781.0,0.115,,,,,,,,,,,
1789040815.5514,load,1,-1,29430,781.0,0.0,782.0,0.127,,,,,,,,,,,
1789040816.2731,load,1,-1,29430,782.0,0.0,783.0,0.097,,,,,,,,,,,
1789040818.3939,load,1,-1,29430,783.0,0.0,784.0,0.089,,,,,,,,,,,
1789040819.1351,load,1,-1,29430,784.0,0.0,785.0,0.098,,,,,,,,,,,
1789040820.8127,load,1,-1,29430,785.0,0.0,786.0,0.1,,,,,,,,,,,
1789040821.9192,load,1,-1,29430,786.0,0.0,787.0,0.084,,,,,,,,,,,
1789040823.5459,load,1,-1,29430,787.0,0.0,788.0,0.107,,,,,,,,,,,
1789040824.3716,load,1,-1,29430,788.0,0.0,789.0,0.102,,,,,,,,,,,
1789040826.4789,load,1,-1,29430,789.0,0.0,790.0,0.102,,,,,,,,,,,
1789040826.6496,load,1,-1,29430,790.0,0.0,791.0,0.1,,,,,,,,,,,
1789040828.6587,load,1,-1,29430,791.0,0.0,792.0,0.116,,,,,,,,,,,
1789040829.6593,load,1,-1,29430,792.0,0.0,793.0,0.091,,,,,,,,,,,
1789040831.0945,load,1,-1,29430,793.0,0.0,794.0,0.098,,,,,,,,,,,
1789040831.3536,load,1,-1,29430,794.0,0.0,795.0,0.144,,,,,,,,,,,
1789040833.1199,load,1,-1,29430,795.0,0.0,796.0,0.086,,,,,,,,,,,
1789040833.5642,load,1,-1,29430,796.0,0.0,797.0,0.094,,,,,,,,,,,
1789040835.1606,load,1,-1,29430,797.0,0.0,798.0,0.098,,,,,,,,,,,
1789040835.7533,load,1,-1,29430,798.0,0.0,799.0,0.081,,,,,,,,,,,
1789040837.7185,load,1,-1,29430,799.0,0.0,800.0,0.098,,,,,,,,,,,
1789040838.1967,load,1,-1,29430,800.0,0.0,801.0,0.096,,,,,,,,,,,
1789040840.1229,load,1,-1,29430,801.0,0.0,802.0,0.108,,,,,,,,,,,
1789040840.4398,load,1,-1,29430,802.0,0.0,803.0,0.109,,,,,,,,,,,
1789040842.398,load,1,-1,29430,803.0,0.0,804.0,0.107,,,,,,,,,,,
1789040843.3199,load,1,-1,29430,804.0,0.0,805.0,0.254,,,,,,,,,,,
1789040845.45,load,1,-1,29430,805.0,0.0,806.0,0.108,,,,,,,,,,,
1789040845.6307,load,1,-1,29430,806.0,0.0,807.0,0.094,,,,,,,,,,,
1789040848.077,load,1,-1,29430,807.0,0.0,808.0,0.108,,,,,,,,,,,
1789040848.2517,load,1,-1,29430,808.0,0.0,809.0,0.1,,,,,,,,,,,
1789040850.8022,load,1,-1,29430,809.0,0.0,810.0,0.124,,,,,,,,,,,
1789040851.1898,load,1,-1,29430,810.0,0.0,811.0,0.09,,,,,,,,,,,
1789040853.0914,load,1,-1,29430,811.0,0.0,812.0,0.105,,,,,,,,,,,
1789040853.4495,load,1,-1,29430,812.0,0.0,813.0,0.115,,,,,,,,,,,
1789040855.6768,load,1,-1,29430,813.0,0.0,814.0,0.104,,,,,,,,,,,
1789040855.8548,load,1,-1,29430,814.0,0.0,815.0,0.117,,,,,,,,,,,
1789040857.73,load,1,-1,29430,815.0,0.0,816.0,0.106,,,,,,,,,,,
1789040859.0062,load,1,-1,29430,816.0,0.0,817.0,0.118,,,,,,,,,,,
1789040859.6971,load,1,-1,29430,817.0,0.0,818.0,0.105,,,,,,,,,,,
1789040861.2796,load,1,-1,29430,818.0,0.0,819.0,0.108,,,,,,,,,,,
1789040862.1132,load,1,-1,29430,819.0,0.0,820.0,0.08,,,,,,,,,,,
1789040863.5162,load,1,-1,29430,820.0,0.0,821.0,0.108,,,,,,,,,,,
1789040864.7123,load,1,-1,29430,821.0,0.0,822.0,0.114,,,,,,,,,,,
1789040866.3233,load,1,-1,29430,822.0,0.0,823.0,0.096,,,,,,,,,,,
1789040866.9995,load,1,-1,29430,823.0,0.0,824.0,0.104,,,,,,,,,,,
1789040868.2727,load,1,-1,29430,824.0,0.0,825.0,0.129,,,,,,,,,,,
1789040869.436,load,1,-1,29430,825.0,0.0,826.0,0.11,,,,,,,,,,,
1789040871.2275,load,1,-1,29430,826.0,0.0,827.0,0.111,,,,,,,,,,,
1789040871.6664,load,1,-1,29430,827.0,0.0,828.0,0.097,,,,,,,,,,,
1789040873.4549,load,1,-1,29430,828.0,0.0,829.0,0.108,,,,,,,,,,,
1789040873.8424,load,1,-1,29430,829.0,0.0,830.0,0.096,,,,,,,,,,,
1789040875.5924,load,1,-1,29430,830.0,0.0,831.0,0.13,,,,,,,,,,,
1789040876.9072,load,1,-1,29430,831.0,0.0,832.0,0.087,,,,,,,,,,,
1789040877.9566,load,1,-1,29430,832.0,0.0,833.0,0.101,,,,,,,,,,,
1789040878.9929,load,1,-1,29430,833.0,0.0,834.0,0.122,,,,,,,,,,,
1789040880.5948,load,1,-1,29430,834.0,0.0,835.0,0.099,,,,,,,,,,,
1789040881.7081,load,1,-1,29430,835.0,0.0,836.0,0.109,,,,,,,,,,,
1789040882.9178,load,1,-1,29430,836.0,0.0,837.0,0.11,,,,,,,,,,,
1789040883.9202,load,1,-1,29430,837.0,0.0,838.0,0.121,,,,,,,,,,,
1789040885.0988,load,1,-1,29430,838.0,0.0,839.0,0.105,,,,,,,,,,,
1789040886.1388,load,1,-1,29430,839.0,0.0,840.0,0.137,,,,,,,,,,,
1789040887.2674,load,1,-1,29430,840.0,0.0,841.0,0.087,,,,,,,,,,,
1789040888.6217,load,1,-1,29430,841.0,0.0,842.0,0.129,,,,,,,,,,,
1789040889.9639,load,1,-1,29430,842.0,0.0,843.0,0.109,,,,,,,,,,,
1789040890.6282,load,1,-1,29430,843.0,0.0,844.0,0.088,,,,,,,,,,,
1789040892.7286,load,1,-1,29430,844.0,0.0,845.0,0.1,,,,,,,,,,,
1789040892.9744,load,1,-1,29430,845.0,0.0,846.0,0.094,,,,,,,,,,,
1789040895.3045,load,1,-1,29430,846.0,0.0,847.0,0.087,,,,,,,,,,,
1789040895.5298,load,1,-1,29430,847.0,0.0,848.0,0.112,,,,,,,,,,,
1789040897.5019,load,1,-1,29430,848.0,0.0,849.0,0.108,,,,,,,,,,,
1789040898.4983,load,1,-1,29430,849.0,0.0,850.0,0.233,,,,,,,,,,,
1789040899.6815,load,1,-1,29430,850.0,0.0,851.0,0.112,,,,,,,,,,,
1789040900.626,load,1,-1,29430,851.0,0.0,852.0,0.11,,,,,,,,,,,
1789040902.6884,load,1,-1,29430,852.0,0.0,853.0,0.116,,,,,,,,,,,
1789040903.1332,load,1,-1,29430,853.0,0.0,854.0,0.099,,,,,,,,,,,
1789040904.9125,load,1,-1,29430,854.0,0.0,855.0,0.111,,,,,,,,,,,
1789040906.4027,load,1,-1,29430,855.0,0.0,856.0,0.087,,,,,,,,,,,
1789040907.8808,load,1,-1,29430,856.0,0.0,857.0,0.108,,,,,,,,,,,
1789040908.6621,load,1,-1,29430,857.0,0.0,858.0,0.107,,,,,,,,,,,
1789040910.7228,load,1,-1,29430,858.0,0.0,859.0,0.089,,,,,,,,,,,
1789040910.9724,load,1,-1,29430,859.0,0.0,860.0,0.111,,,,,,,,,,,
1789040913.1691,load,1,-1,29430,860.0,0.0,861.0,0.104,,,,,,,,,,,
1789040913.7494,load,1,-1,29430,861.0,0.0,862.0,0.118,,,,,,,,,,,
1789040915.8436,load,1,-1,29430,862.0,0.0,863.0,0.123,,,,,,,,,,,
1789040916.2663,load,1,-1,29430,863.0,0.0,864.0,0.112,,,,,,,,,,,
1789040918.0494,load,1,-1,29430,864.0,0.0,865.0,0.094,,,,,,,,,,,
1789040918.5247,load,1,-1,29430,865.0,0.0,866.0,0.097,,,,,,,,,,,
1789040920.1024,load,1,-1,29430,866.0,0.0,867.0,0.143,,,,,,,,,,,
1789040920.8105,load,1,-1,29430,867.0,0.0,868.0,0.086,,,,,,,,,,,
1789040922.4057,load,1,-1,29430,868.0,0.0,869.0,0.103,,,,,,,,,,,
1789040923.3526,load,1,-1,29430,869.0,0.0,870.0,0.088,,,,,,,,,,,
1789040925.2617,load,1,-1,29430,870.0,0.0,871.0,0.085,,,,,,,,,,,
1789040925.7085,load,1,-1,29430,871.0,0.0,872.0,0.117,,,,,,,,,,,
1789040927.6947,load,1,-1,29430,872.0,0.0,873.0,0.105,,,,,,,,,,,
1789040928.1542,load,1,-1,29430,873.0,0.0,874.0,0.088,,,,,,,,,,,
1789040929.6483,load,1,-1,29430,874.0,0.0,875.0,0.123,,,,,,,,,,,
1789040930.8585,load,1,-1,29430,875.0,0.0,876.0,0.105,,,,,,,,,,,
1789040932.1619,load,1,-1,29430,876.0,0.0,877.0,0.356,,,,,,,,,,,
1789040932.7225,load,1,-1,29430,877.0,0.0,878.0,0.12,,,,,,,,,,,
1789040934.2688,load,1,-1,29430,878.0,0.0,879.0,0.109,,,,,,,,,,,
1789040935.2445,load,1,-1,29430,879.0,0.0,880.0,0.128,,,,,,,,,,,
1789040936.5905,load,1,-1,29430,880.0,0.0,881.0,0.109,,,,,,,,,,,
1789040937.2692,load,1,-1,29430,881.0,0.0,882.0,0.112,,,,,,,,,,,
1789040939.3113,load,1,-1,29430,882.0,0.0,883.0,0.094,,,,,,,,,,,
1789040940.189,load,1,-1,29430,883.0,0.0,884.0,0.119,,,,,,,,,,,
1789040941.3998,load,1,-1,29430,884.0,0.0,885.0,0.124,,,,,,,,,,,
1789040943.1897,load,1,-1,29430,885.0,0.0,886.0,0.092,,,,,,,,,,,
1789040944.498,load,1,-1,29430,886.0,0.0,887.0,0.113,,,,,,,,,,,
1789040945.3002,load,1,-1,29430,887.0,0.0,888.0,0.102,,,,,,,,,,,
1789040947.2659,load,1,-1,29430,888.0,0.0,889.0,0.098,,,,,,,,,,,
1789040948.1279,load,1,-1,29430,889.0,0.0,890.0,0.142,,,,,,,,,,,
1789040949.333,load,1,-1,29430,890.0,0.0,891.0,0.1,,,,,,,,,,,
1789040951.1238,load,1,-1,29430,891.0,0.0,892.0,0.091,,,,,,,,,,,
1789040951.3884,load,1,-1,29430,892.0,0.0,893.0,0.108,,,,,,,,,,,
1789040953.0173,load,1,-1,29430,893.0,0.0,894.0,0.129,,,,,,,,,,,
1789040954.2449,load,1,-1,29430,894.0,0.0,895.0,0.208,,,,,,,,,,,
1789040955.1234,load,1,-1,29430,895.0,0.0,896.0,0.107,,,,,,,,,,,
1789040955.561,load,1,-1,29430,896.0,0.0,897.0,0.108,,,,,,,,,,,
1789040958.0711,load,1,-1,29430,897.0,0.0,898.0,0.094,,,,,,,,,,,
1789040958.2505,load,1,-1,29430,898.0,0.0,899.0,0.116,,,,,,,,,,,
1789040960.4714,load,1,-1,29430,899.0,0.0,900.0,0.112,,,,,,,,,,,
1789040960.9172,load,1,-1,29430,900.0,0.0,901.0,0.091,,,,,,,,,,,
1789040962.6456,load,1,-1,29430,901.0,0.0,902.0,0.12,,,,,,,,,,,
1789040963.637,load,1,-1,29430,902.0,0.0,903.0,0.141,,,,,,,,,,,
1789040965.2116,load,1,-1,29430,903.0,0.0,904.0,0.095,,,,,,,,,,,
1789040965.741,load,1,-1,29430,904.0,0.0,905.0,0.109,,,,,,,,,,,
1789040967.3967,load,1,-1,29430,905.0,0.0,906.0,0.107,,,,,,,,,,,
1789040968.07,load,1,-1,29430,906.0,0.0,907.0,0.091,,,,,,,,,,,
1789040969.3501,load,1,-1,29430,907.0,0.0,908.0,0.104,,,,,,,,,,,
1789040970.497,load,1,-1,29430,908.0,0.0,909.0,0.101,,,,,,,,,,,
1789040971.8798,load,1,-1,29430,909.0,0.0,910.0,0.1,,,,,,,,,,,
1789040972.9633,load,1,-1,29430,910.0,0.0,911.0,0.106,,,,,,,,,,,
1789040973.7374,load,1,-1,29430,911.0,0.0,912.0,0.098,,,,,,,,,,,
1789040975.5587,load,1,-1,29430,912.0,0.0,913.0,0.25,,,,,,,,,,,
1789040976.6522,load,1,-1,29430,913.0,0.0,914.0,0.127,,,,,,,,,,,
1789040978.0956,load,1,-1,29430,914.0,0.0,915.0,0.111,,,,,,,,,,,
1789040979.7664,load,1,-1,29430,915.0,0.0,916.0,0.095,,,,,,,,,,,
1789040979.974,load,1,-1,29430,916.0,0.0,917.0,0.1,,,,,,,,,,,
1789040981.9964,load,1,-1,29430,917.0,0.0,918.0,0.121,,,,,,,,,,,
1789040982.4818,load,1,-1,29430,918.0,0.0,919.0,0.083,,,,,,,,,,,
1789040984.5309,load,1,-1,29430,919.0,0.0,920.0,0.101,,,,,,,,,,,
1789040984.9181,load,1,-1,29430,920.0,0.0,921.0,0.091,,,,,,,,,,,
1789040987.3326,load,1,-1,29430,921.0,0.0,922.0,0.116,,,,,,,,,,,
1789040987.5776,load,1,-1,29430,922.0,0.0,923.0,0.103,,,,,,,,,,,
1789040989.094,load,1,-1,29430,923.0,0.0,924.0,0.1,,,,,,,,,,,
1789040990.3163,load,1,-1,29430,924.0,0.0,925.0,0.084,,,,,,,,,,,
1789040991.7896,load,1,-1,29430,925.0,0.0,926.0,0.114,,,,,,,,,,,
1789040992.2505,load,1,-1,29430,926.0,0.0,927.0,0.115,,,,,,,,,,,
1789040994.0655,load,1,-1,29430,927.0,0.0,928.0,0.097,,,,,,,,,,,
1789040994.4941,load,1,-1,29430,928.0,0.0,929.0,0.126,,,,,,,,,,,
1789040995.9813,load,1,-1,29430,929.0,0.0,930.0,0.112,,,,,,,,,,,
1789040997.3374,load,1,-1,29430,930.0,0.0,931.0,0.121,,,,,,,,,,,
1789040998.1597,load,1,-1,29430,931.0,0.0,932.0,0.11,,,,,,,,,,,
1789040999.455,load,1,-1,29430,932.0,0.0,933.0,0.101,,,,,,,,,,,
1789041000.811,load,1,-1,29430,933.0,0.0,934.0,0.087,,,,,,,,,,,
1789041001.9005,load,1,-1,29430,934.0,0.0,935.0,0.107,,,,,,,,,,,
1789041002.7219,load,1,-1,29430,935.0,0.0,936.0,0.102,,,,,,,,,,,
1789041003.9688,load,1,-1,29430,936.0,0.0,937.0,0.084,,,,,,,,,,,
1789041005.4649,load,1,-1,29430,937.0,0.0,938.0,0.109,,,,,,,,,,,
1789041005.6453,load,1,-1,29430,938.0,0.0,939.0,0.095,,,,,,,,,,,
1789041007.5416,load,1,-1,29430,939.0,0.0,940.0,0.28,,,,,,,,,,,
1789041007.7044,load,1,-1,29430,940.0,0.0,941.0,0.111,,,,,,,,,,,
1789041009.6897,load,1,-1,29430,941.0,0.0,942.0,0.148,,,,,,,,,,,
1789041010.1672,load,1,-1,29430,942.0,0.0,943.0,0.091,,,,,,,,,,,
1789041011.6654,load,1,-1,29430,943.0,0.0,944.0,0.102,,,,,,,,,,,
1789041012.5292,load,1,-1,29430,944.0,0.0,945.0,0.101,,,,,,,,,,,
1789041014.3302,load,1,-1,29430,945.0,0.0,946.0,0.092,,,,,,,,,,,
1789041015.1646,load,1,-1,29430,946.0,0.0,947.0,0.101,,,,,,,,,,,
1789041016.5183,load,1,-1,29430,947.0,0.0,948.0,0.245,,,,,,,,,,,
1789041017.0484,load,1,-1,29430,948.0,0.0,949.0,0.093,,,,,,,,,,,
1789041019.2597,load,1,-1,29430,949.0,0.0,950.0,0.13,,,,,,,,,,,
1789041019.4413,load,1,-1,29430,950.0,0.0,951.0,0.099,,,,,,,,,,,
1789041021.728,load,1,-1,29430,951.0,0.0,952.0,0.115,,,,,,,,,,,
1789041021.8562,load,1,-1,29430,952.0,0.0,953.0,0.129,,,,,,,,,,,
1789041024.0585,load,1,-1,29430,953.0,0.0,954.0,0.106,,,,,,,,,,,
1789041025.1396,load,1,-1,29430,954.0,0.0,955.0,0.089,,,,,,,,,,,
1789041026.8644,load,1,-1,29430,955.0,0.0,956.0,0.099,,,,,,,,,,,
1789041027.809,load,1,-1,29430,956.0,0.0,957.0,0.098,,,,,,,,,,,
1789041029.4203,load,1,-1,29430,957.0,0.0,958.0,0.249,,,,,,,,,,,
1789041030.6489,load,1,-1,29430,958.0,0.0,959.0,0.095,,,,,,,,,,,
1789041031.997,load,1,-1,29430,959.0,0.0,960.0,0.114,,,,,,,,,,,
1789041033.3883,load,1,-1,29430,960.0,0.0,961.0,0.113,,,,,,,,,,,
1789041034.1238,load,1,-1,29430,961.0,0.0,962.0,0.103,,,,,,,,,,,
1789041035.8936,load,1,-1,29430,962.0,0.0,963.0,0.106,,,,,,,,,,,
1789041036.347,load,1,-1,29430,963.0,0.0,964.0,0.089,,,,,,,,,,,
1789041038.5422,load,1,-1,29430,964.0,0.0,965.0,0.094,,,,,,,,,,,
1789041038.87,load,1,-1,29430,965.0,0.0,966.0,0.087,,,,,,,,,,,
1789041041.338,load,1,-1,29430,966.0,0.0,967.0,0.086,,,,,,,,,,,
1789041041.6387,load,1,-1,29430,967.0,0.0,968.0,0.096,,,,,,,,,,,
1789041043.7949,load,1,-1,29430,968.0,0.0,969.0,0.104,,,,,,,,,,,
1789041044.4625,load,1,-1,29430,969.0,0.0,970.0,0.237,,,,,,,,,,,
1789041046.3601,load,1,-1,29430,970.0,0.0,971.0,0.154,,,,,,,,,,,
1789041046.8556,load,1,-1,29430,971.0,0.0,972.0,0.143,,,,,,,,,,,
1789041049.0721,load,1,-1,29430,972.0,0.0,973.0,0.092,,,,,,,,,,,
1789041049.363,load,1,-1,29430,973.0,0.0,974.0,0.108,,,,,,,,,,,
1789041051.68,load,1,-1,29430,974.0,0.0,975.0,0.138,,,,,,,,,,,
1789041052.0856,load,1,-1,29430,975.0,0.0,976.0,0.093,,,,,,,,,,,
1789041053.9604,load,1,-1,29430,976.0,0.0,977.0,0.104,,,,,,,,,,,
1789041054.2802,load,1,-1,29430,977.0,0.0,978.0,0.14,,,,,,,,,,,
1789041056.9008,load,1,-1,29430,978.0,0.0,979.0,0.462,,,,,,,,,,,
1789041057.0136,load,1,-1,29430,979.0,0.0,980.0,0.094,,,,,,,,,,,
1789041059.0026,load,1,-1,29430,980.0,0.0,981.0,0.132,,,,,,,,,,,
1789041059.5974,load,1,-1,29430,981.0,0.0,982.0,0.122,,,,,,,,,,,
1789041061.2926,load,1,-1,29430,982.0,0.0,983.0,0.143,,,,,,,,,,,
1789041061.7383,load,1,-1,29430,983.0,0.0,984.0,0.115,,,,,,,,,,,
1789041064.1547,load,1,-1,29430,984.0,0.0,985.0,0.09,,,,,,,,,,,
1789041064.9085,load,1,-1,29430,985.0,0.0,986.0,0.105,,,,,,,,,,,
1789041066.1967,load,1,-1,29430,986.0,0.0,987.0,0.11,,,,,,,,,,,
1789041067.6825,load,1,-1,29430,987.0,0.0,988.0,0.092,,,,,,,,,,,
1789041068.1474,load,1,-1,29430,988.0,0.0,989.0,0.108,,,,,,,,,,,
1789041069.3957,load,1,-1,29430,989.0,0.0,990.0,0.108,,,,,,,,,,,
1789041070.3718,load,1,-1,29430,990.0,0.0,991.0,0.102,,,,,,,,,,,
1789041071.72,load,1,-1,29430,991.0,0.0,992.0,0.116,,,,,,,,,,,
1789041073.355,load,1,-1,29430,992.0,0.0,993.0,0.12,,,,,,,,,,,
1789041074.6611,load,1,-1,29430,993.0,0.0,994.0,0.103,,,,,,,,,,,
1789041075.7333,load,1,-1,29430,994.0,0.0,995.0,0.114,,,,,,,,,,,
1789041076.8597,load,1,-1,29430,995.0,0.0,996.0,0.113,,,,,,,,,,,
1789041078.097,load,1,-1,29430,996.0,0.0,997.0,0.089,,,,,,,,,,,
1789041078.9734,load,1,-1,29430,997.0,0.0,998.0,0.104,,,,,,,,,,,
1789041080.0245,load,1,-1,29430,998.0,0.0,999.0,0.116,,,,,,,,,,,
1789041082.1101,load,1,-1,29430,999.0,0.0,1000.0,0.101,,,,,,,,,,,
1789039866.6085,load,2,-1,29431,0.0,0.0,1.0,3147.509,,,,,,,,,,,
1789039868.2318,load,2,-1,29431,1.0,0.0,2.0,0.233,,,,,,,,,,,
1789039868.6423,load,2,-1,29431,2.0,0.0,3.0,292.608,,,,,,,,,,,
1789039869.5514,load,2,-1,29431,3.0,0.0,4.0,125.441,,,,,,,,,,,
1789039871.3564,load,2,-1,29431,4.0,0.0,5.0,1691.524,,,,,,,,,,,
1789039872.1204,load,2,-1,29431,5.0,0.0,6.0,651.172,,,,,,,,,,,
1789039873.468,load,2,-1,29431,6.0,0.0,7.0,1011.137,,,,,,,,,,,
1789039874.7102,load,2,-1,29431,7.0,0.0,8.0,637.548,,,,,,,,,,,
1789039875.673,load,2,-1,29431,8.0,0.0,9.0,854.114,,,,,,,,,,,
1789039877.1683,load,2,-1,29431,9.0,0.0,10.0,571.834,,,,,,,,,,,
1789039877.2905,load,2,-1,29431,10.0,0.0,11.0,0.526,,,,,,,,,,,
1789039879.9971,load,2,-1,29431,11.0,0.0,12.0,1465.135,,,,,,,,,,,
1789039880.3602,load,2,-1,29431,12.0,0.0,13.0,0.098,,,,,,,,,,,
1789039882.2026,load,2,-1,29431,13.0,0.0,14.0,1201.139,,,,,,,,,,,
1789039882.8285,load,2,-1,29431,14.0,0.0,15.0,514.368,,,,,,,,,,,
1789039884.5259,load,2,-1,29431,15.0,0.0,16.0,1348.203,,,,,,,,,,,
1789039885.124,load,2,-1,29431,16.0,0.0,17.0,486.75,,,,,,,,,,,
1789039886.8214,load,2,-1,29431,17.0,0.0,18.0,1580.012,,,,,,,,,,,
1789039887.9558,load,2,-1,29431,18.0,0.0,19.0,782.97,,,,,,,,,,,
1789039889.8478,load,2,-1,29431,19.0,0.0,20.0,1780.295,,,,,,,,,,,
1789039890.4353,load,2,-1,29431,20.0,0.0,21.0,344.531,,,,,,,,,,,
1789039892.2478,load,2,-1,29431,21.0,0.0,22.0,1345.317,,,,,,,,,,,
1789039892.6266,load,2,-1,29431,22.0,0.0,23.0,0.112,,,,,,,,,,,
1789039894.2003,load,2,-1,29431,23.0,0.0,24.0,627.409,,,,,,,,,,,
1789039895.2203,load,2,-1,29431,24.0,0.0,25.0,680.3,,,,,,,,,,,
1789039896.1793,load,2,-1,29431,25.0,0.0,26.0,313.087,,,,,,,,,,,
1789039897.3377,load,2,-1,29431,26.0,0.0,27.0,0.139,,,,,,,,,,,
1789039899.1012,load,2,-1,29431,27.0,0.0,28.0,1349.404,,,,,,,,,,,
1789039900.0835,load,2,-1,29431,28.0,0.0,29.0,0.11,,,,,,,,,,,
1789039901.7641,load,2,-1,29431,29.0,0.0,30.0,1498.914,,,,,,,,,,,
1789039902.7734,load,2,-1,29431,30.0,0.0,31.0,0.095,,,,,,,,,,,
1789039903.6809,load,2,-1,29431,31.0,0.0,32.0,662.844,,,,,,,,,,,
1789039905.239,load,2,-1,29431,32.0,0.0,33.0,0.113,,,,,,,,,,,
1789039906.7122,load,2,-1,29431,33.0,0.0,34.0,1064.629,,,,,,,,,,,
1789039907.6323,load,2,-1,29431,34.0,0.0,35.0,0.135,,,,,,,,,,,
1789039909.0248,load,2,-1,29431,35.0,0.0,36.0,755.817,,,,,,,,,,,
1789039910.2228,load,2,-1,29431,36.0,0.0,37.0,0.115,,,,,,,,,,,
1789039911.1139,load,2,-1,29431,37.0,0.0,38.0,478.838,,,,,,,,,,,
1789039912.2223,load,2,-1,29431,38.0,0.0,39.0,0.112,,,,,,,,,,,
1789039913.7438,load,2,-1,29431,39.0,0.0,40.0,402.479,,,,,,,,,,,
1789039914.8734,load,2,-1,29431,40.0,0.0,41.0,0.113,,,,,,,,,,,
1789039915.9664,load,2,-1,29431,41.0,0.0,42.0,0.136,,,,,,,,,,,
1789039917.4337,load,2,-1,29431,42.0,0.0,43.0,0.091,,,,,,,,,,,
1789039918.441,load,2,-1,29431,43.0,0.0,44.0,0.122,,,,,,,,,,,
1789039919.7441,load,2,-1,29431,44.0,0.0,45.0,644.689,,,,,,,,,,,
1789039921.1206,load,2,-1,29431,45.0,0.0,46.0,0.133,,,,,,,,,,,
1789039922.011,load,2,-1,29431,46.0,0.0,47.0,603.151,,,,,,,,,,,
1789039923.2184,load,2,-1,29431,47.0,0.0,48.0,0.111,,,,,,,,,,,
1789039924.5748,load,2,-1,29431,48.0,0.0,49.0,0.091,,,,,,,,,,,
1789039925.04,load,2,-1,29431,49.0,0.0,50.0,0.115,,,,,,,,,,,
1789039926.8982,load,2,-1,29431,50.0,0.0,51.0,0.118,,,,,,,,,,,
1789039927.317,load,2,-1,29431,51.0,0.0,52.0,0.096,,,,,,,,,,,
1789039929.8759,load,2,-1,29431,52.0,0.0,53.0,0.121,,,,,,,,,,,
1789039930.0625,load,2,-1,29431,53.0,0.0,54.0,0.113,,,,,,,,,,,
1789039932.7061,load,2,-1,29431,54.0,0.0,55.0,0.138,,,,,,,,,,,
1789039932.841,load,2,-1,29431,55.0,0.0,56.0,0.128,,,,,,,,,,,
1789039934.7857,load,2,-1,29431,56.0,0.0,57.0,0.122,,,,,,,,,,,
1789039935.2044,load,2,-1,29431,57.0,0.0,58.0,0.092,,,,,,,,,,,
1789039937.1847,load,2,-1,29431,58.0,0.0,59.0,0.119,,,,,,,,,,,
1789039937.5441,load,2,-1,29431,59.0,0.0,60.0,0.12,,,,,,,,,,,
1789039939.7375,load,2,-1,29431,60.0,0.0,61.0,0.094,,,,,,,,,,,
1789039939.9774,load,2,-1,29431,61.0,0.0,62.0,0.127,,,,,,,,,,,
1789039942.1488,load,2,-1,29431,62.0,0.0,63.0,0.16,,,,,,,,,,,
1789039943.0835,load,2,-1,29431,63.0,0.0,64.0,0.124,,,,,,,,,,,
1789039945.0889,load,2,-1,29431,64.0,0.0,65.0,0.125,,,,,,,,,,,
1789039945.568,load,2,-1,29431,65.0,0.0,66.0,0.112,,,,,,,,,,,
1789039947.5585,load,2,-1,29431,66.0,0.0,67.0,0.094,,,,,,,,,,,
1789039947.7487,load,2,-1,29431,67.0,0.0,68.0,0.133,,,,,,,,,,,
1789039949.861,load,2,-1,29431,68.0,0.0,69.0,0.158,,,,,,,,,,,
1789039950.3611,load,2,-1,29431,69.0,0.0,70.0,0.122,,,,,,,,,,,
1789039951.8474,load,2,-1,29431,70.0,0.0,71.0,0.106,,,,,,,,,,,
1789039952.245,load,2,-1,29431,71.0,0.0,72.0,0.116,,,,,,,,,,,
1789039954.5497,load,2,-1,29431,72.0,0.0,73.0,0.09,,,,,,,,,,,
1789039954.9112,load,2,-1,29431,73.0,0.0,74.0,0.107,,,,,,,,,,,
1789039957.192,load,2,-1,29431,74.0,0.0,75.0,0.107,,,,,,,,,,,
1789039957.6071,load,2,-1,29431,75.0,0.0,76.0,0.087,,,,,,,,,,,
1789039959.4759,load,2,-1,29431,76.0,0.0,77.0,0.107,,,,,,,,,,,
1789039959.907,load,2,-1,29431,77.0,0.0,78.0,0.106,,,,,,,,,,,
1789039962.0074,load,2,-1,29431,78.0,0.0,79.0,0.109,,,,,,,,,,,
1789039962.1205,load,2,-1,29431,79.0,0.0,80.0,0.135,,,,,,,,,,,
1789039964.0707,load,2,-1,29431,80.0,0.0,81.0,0.119,,,,,,,,,,,
1789039964.6476,load,2,-1,29431,81.0,0.0,82.0,0.122,,,,,,,,,,,
1789039966.0084,load,2,-1,29431,82.0,0.0,83.0,0.11,,,,,,,,,,,
1789039967.0996,load,2,-1,29431,83.0,0.0,84.0,0.108,,,,,,,,,,,
1789039968.9807,load,2,-1,29431,84.0,0.0,85.0,0.092,,,,,,,,,,,
1789039970.1129,load,2,-1,29431,85.0,0.0,86.0,0.123,,,,,,,,,,,
1789039971.1569,load,2,-1,29431,86.0,0.0,87.0,0.108,,,,,,,,,,,
1789039972.035,load,2,-1,29431,87.0,0.0,88.0,0.092,,,,,,,,,,,
1789039973.4166,load,2,-1,29431,88.0,0.0,89.0,0.281,,,,,,,,,,,
1789039974.3216,load,2,-1,29431,89.0,0.0,90.0,0.113,,,,,,,,,,,
1789039975.4992,load,2,-1,29431,90.0,0.0,91.0,0.138,,,,,,,,,,,
1789039976.53,load,2,-1,29431,91.0,0.0,92.0,0.104,,,,,,,,,,,
1789039978.2278,load,2,-1,29431,92.0,0.0,93.0,0.116,,,,,,,,,,,
1789039978.8883,load,2,-1,29431,93.0,0.0,94.0,0.089,,,,,,,,,,,
1789039980.0396,load,2,-1,29431,94.0,0.0,95.0,0.117,,,,,,,,,,,
1789039980.9477,load,2,-1,29431,95.0,0.0,96.0,0.25,,,,,,,,,,,
1789039982.5551,load,2,-1,29431,96.0,0.0,97.0,0.089,,,,,,,,,,,
1789039983.9673,load,2,-1,29431,97.0,0.0,98.0,0.132,,,,,,,,,,,
1789039984.3731,load,2,-1,29431,98.0,0.0,99.0,0.124,,,,,,,,,,,
1789039986.9207,load,2,-1,29431,99.0,0.0,100.0,0.097,,,,,,,,,,,
1789039987.0646,load,2,-1,29431,100.0,0.0,101.0,0.102,,,,,,,,,,,
1789039989.4842,load,2,-1,29431,101.0,0.0,102.0,0.123,,,,,,,,,,,
1789039989.8337,load,2,-1,29431,102.0,0.0,103.0,0.107,,,,,,,,,,,
1789039992.0463,load,2,-1,29431,103.0,0.0,104.0,0.108,,,,,,,,,,,
1789039992.2277,load,2,-1,29431,104.0,0.0,105.0,0.106,,,,,,,,,,,
1789039994.7963,load,2,-1,29431,105.0,0.0,106.0,0.093,,,,,,,,,,,
1789039994.9746,load,2,-1,29431,106.0,0.0,107.0,0.101,,,,,,,,,,,
1789039996.7107,load,2,-1,29431,107.0,0.0,108.0,0.111,,,,,,,,,,,
1789039997.1097,load,2,-1,29431,108.0,0.0,109.0,0.235,,,,,,,,,,,
1789039999.3478,load,2,-1,29431,109.0,0.0,110.0,0.11,,,,,,,,,,,
1789039999.565,load,2,-1,29431,110.0,0.0,111.0,0.095,,,,,,,,,,,
1789040002.6761,load,2,-1,29431,111.0,0.0,112.0,0.127,,,,,,,,,,,
1789040002.7875,load,2,-1,29431,112.0,0.0,113.0,0.105,,,,,,,,,,,
1789040004.4487,load,2,-1,29431,113.0,0.0,114.0,0.115,,,,,,,,,,,
1789040005.2821,load,2,-1,29431,114.0,0.0,115.0,0.092,,,,,,,,,,,
1789040007.4334,load,2,-1,29431,115.0,0.0,116.0,0.109,,,,,,,,,,,
1789040007.6129,load,2,-1,29431,116.0,0.0,117.0,0.102,,,,,,,,,,,
1789040010.0827,load,2,-1,29431,117.0,0.0,118.0,0.128,,,,,,,,,,,
1789040010.1936,load,2,-1,29431,118.0,0.0,119.0,0.102,,,,,,,,,,,
1789040012.1936,load,2,-1,29431,119.0,0.0,120.0,0.117,,,,,,,,,,,
1789040012.8524,load,2,-1,29431,120.0,0.0,121.0,0.092,,,,,,,,,,,
1789040014.7273,load,2,-1,29431,121.0,0.0,122.0,0.114,,,,,,,,,,,
1789040015.1236,load,2,-1,29431,122.0,0.0,123.0,0.105,,,,,,,,,,,
1789040017.2002,load,2,-1,29431,123.0,0.0,124.0,0.285,,,,,,,,,,,
1789040017.3633,load,2,-1,29431,124.0,0.0,125.0,0.101,,,,,,,,,,,
1789040019.1662,load,2,-1,29431,125.0,0.0,126.0,0.121,,,,,,,,,,,
1789040019.6215,load,2,-1,29431,126.0,0.0,127.0,0.106,,,,,,,,,,,
1789040021.3792,load,2,-1,29431,127.0,0.0,128.0,0.104,,,,,,,,,,,
1789040021.8273,load,2,-1,29431,128.0,0.0,129.0,0.104,,,,,,,,,,,
1789040024.0703,load,2,-1,29431,129.0,0.0,130.0,0.087,,,,,,,,,,,
1789040024.2338,load,2,-1,29431,130.0,0.0,131.0,0.112,,,,,,,,,,,
1789040026.2175,load,2,-1,29431,131.0,0.0,132.0,0.116,,,,,,,,,,,
1789040026.6303,load,2,-1,29431,132.0,0.0,133.0,0.089,,,,,,,,,,,
1789040028.9573,load,2,-1,29431,133.0,0.0,134.0,0.124,,,,,,,,,,,
1789040029.1371,load,2,-1,29431,134.0,0.0,135.0,0.096,,,,,,,,,,,
1789040031.8341,load,2,-1,29431,135.0,0.0,136.0,0.11,,,,,,,,,,,
1789040031.9439,load,2,-1,29431,136.0,0.0,137.0,0.105,,,,,,,,,,,
1789040034.125,load,2,-1,29431,137.0,0.0,138.0,0.105,,,,,,,,,,,
1789040034.5515,load,2,-1,29431,138.0,0.0,139.0,0.092,,,,,,,,,,,
1789040036.2128,load,2,-1,29431,139.0,0.0,140.0,0.109,,,,,,,,,,,
1789040036.9575,load,2,-1,29431,140.0,0.0,141.0,0.11,,,,,,,,,,,
1789040038.5492,load,2,-1,29431,141.0,0.0,142.0,0.118,,,,,,,,,,,
1789040038.9223,load,2,-1,29431,142.0,0.0,143.0,0.1,,,,,,,,,,,
1789040041.0036,load,2,-1,29431,143.0,0.0,144.0,0.121,,,,,,,,,,,
1789040041.513,load,2,-1,29431,144.0,0.0,145.0,0.095,,,,,,,,,,,
1789040043.4951,load,2,-1,29431,145.0,0.0,146.0,0.126,,,,,,,,,,,
1789040043.6761,load,2,-1,29431,146.0,0.0,147.0,0.096,,,,,,,,,,,
1789040045.9831,load,2,-1,29431,147.0,0.0,148.0,0.094,,,,,,,,,,,
1789040046.1442,load,2,-1,29431,148.0,0.0,149.0,0.098,,,,,,,,,,,
1789040048.4486,load,2,-1,29431,149.0,0.0,150.0,0.109,,,,,,,,,,,
1789040049.0575,load,2,-1,29431,150.0,0.0,151.0,0.252,,,,,,,,,,,
1789040050.4535,load,2,-1,29431,151.0,0.0,152.0,0.113,,,,,,,,,,,
1789040051.6585,load,2,-1,29431,152.0,0.0,153.0,0.11,,,,,,,,,,,
1789040053.1527,load,2,-1,29431,153.0,0.0,154.0,0.11,,,,,,,,,,,
1789040054.5152,load,2,-1,29431,154.0,0.0,155.0,0.128,,,,,,,,,,,
1789040054.9661,load,2,-1,29431,155.0,0.0,156.0,0.101,,,,,,,,,,,
1789040057.515,load,2,-1,29431,156.0,0.0,157.0,0.087,,,,,,,,,,,
1789040057.6254,load,2,-1,29431,157.0,0.0,158.0,0.098,,,,,,,,,,,
1789040059.31,load,2,-1,29431,158.0,0.0,159.0,0.121,,,,,,,,,,,
1789040060.5165,load,2,-1,29431,159.0,0.0,160.0,0.237,,,,,,,,,,,
1789040061.5829,load,2,-1,29431,160.0,0.0,161.0,0.114,,,,,,,,,,,
1789040062.5261,load,2,-1,29431,161.0,0.0,162.0,0.13,,,,,,,,,,,
1789040064.3171,load,2,-1,29431,162.0,0.0,163.0,0.089,,,,,,,,,,,
1789040064.7459,load,2,-1,29431,163.0,0.0,164.0,0.105,,,,,,,,,,,
1789040066.7851,load,2,-1,29431,164.0,0.0,165.0,0.112,,,,,,,,,,,
1789040067.2787,load,2,-1,29431,165.0,0.0,166.0,0.089,,,,,,,,,,,
1789040069.0883,load,2,-1,29431,166.0,0.0,167.0,0.109,,,,,,,,,,,
1789040069.4484,load,2,-1,29431,167.0,0.0,168.0,0.121,,,,,,,,,,,
1789040071.7863,load,2,-1,29431,168.0,0.0,169.0,0.248,,,,,,,,,,,
1789040071.9164,load,2,-1,29431,169.0,0.0,170.0,0.102,,,,,,,,,,,
1789040073.7095,load,2,-1,29431,170.0,0.0,171.0,0.112,,,,,,,,,,,
1789040074.1596,load,2,-1,29431,171.0,0.0,172.0,0.089,,,,,,,,,,,
1789040075.8649,load,2,-1,29431,172.0,0.0,173.0,0.116,,,,,,,,,,,
1789040076.2655,load,2,-1,29431,173.0,0.0,174.0,0.109,,,,,,,,,,,
1789040077.8675,load,2,-1,29431,174.0,0.0,175.0,0.136,,,,,,,,,,,
1789040078.2245,load,2,-1,29431,175.0,0.0,176.0,0.107,,,,,,,,,,,
1789040079.7031,load,2,-1,29431,176.0,0.0,177.0,0.112,,,,,,,,,,,
1789040080.6851,load,2,-1,29431,177.0,0.0,178.0,0.092,,,,,,,,,,,
1789040081.8355,load,2,-1,29431,178.0,0.0,179.0,0.107,,,,,,,,,,,
1789040083.2038,load,2,-1,29431,179.0,0.0,180.0,0.116,,,,,,,,,,,
1789040084.267,load,2,-1,29431,180.0,0.0,181.0,0.09,,,,,,,,,,,
1789040085.968,load,2,-1,29431,181.0,0.0,182.0,0.112,,,,,,,,,,,
1789040087.3138,load,2,-1,29431,182.0,0.0,183.0,0.115,,,,,,,,,,,
1789040088.5429,load,2,-1,29431,183.0,0.0,184.0,0.134,,,,,,,,,,,
1789040089.5256,load,2,-1,29431,184.0,0.0,185.0,0.121,,,,,,,,,,,
1789040090.7019,load,2,-1,29431,185.0,0.0,186.0,0.11,,,,,,,,,,,
1789040092.0941,load,2,-1,29431,186.0,0.0,187.0,0.091,,,,,,,,,,,
1789040093.2166,load,2,-1,29431,187.0,0.0,188.0,0.111,,,,,,,,,,,
1789040093.3974,load,2,-1,29431,188.0,0.0,189.0,0.109,,,,,,,,,,,
1789040096.1796,load,2,-1,29431,189.0,0.0,190.0,0.131,,,,,,,,,,,
1789040096.3232,load,2,-1,29431,190.0,0.0,191.0,0.115,,,,,,,,,,,
1789040098.1995,load,2,-1,29431,191.0,0.0,192.0,0.112,,,,,,,,,,,
1789040098.8858,load,2,-1,29431,192.0,0.0,193.0,0.122,,,,,,,,,,,
1789040100.4364,load,2,-1,29431,193.0,0.0,194.0,0.118,,,,,,,,,,,
1789040100.8728,load,2,-1,29431,194.0,0.0,195.0,0.107,,,,,,,,,,,
1789040103.4182,load,2,-1,29431,195.0,0.0,196.0,0.094,,,,,,,,,,,
1789040103.5368,load,2,-1,29431,196.0,0.0,197.0,0.103,,,,,,,,,,,
1789040105.623,load,2,-1,29431,197.0,0.0,198.0,0.122,,,,,,,,,,,
1789040106.175,load,2,-1,29431,198.0,0.0,199.0,0.284,,,,,,,,,,,
1789040107.6841,load,2,-1,29431,199.0,0.0,200.0,0.131,,,,,,,,,,,
1789040107.9477,load,2,-1,29431,200.0,0.0,201.0,0.107,,,,,,,,,,,
1789040110.3416,load,2,-1,29431,201.0,0.0,202.0,0.116,,,,,,,,,,,
1789040110.5627,load,2,-1,29431,202.0,0.0,203.0,0.111,,,,,,,,,,,
1789040112.3143,load,2,-1,29431,203.0,0.0,204.0,0.109,,,,,,,,,,,
1789040113.023,load,2,-1,29431,204.0,0.0,205.0,0.088,,,,,,,,,,,
1789040115.0245,load,2,-1,29431,205.0,0.0,206.0,0.112,,,,,,,,,,,
1789040115.2053,load,2,-1,29431,206.0,0.0,207.0,0.103,,,,,,,,,,,
1789040117.6229,load,2,-1,29431,207.0,0.0,208.0,0.087,,,,,,,,,,,
1789040117.781,load,2,-1,29431,208.0,0.0,209.0,0.096,,,,,,,,,,,
1789040119.8237,load,2,-1,29431,209.0,0.0,210.0,0.11,,,,,,,,,,,
1789040120.3936,load,2,-1,29431,210.0,0.0,211.0,0.096,,,,,,,,,,,
1789040122.5426,load,2,-1,29431,211.0,0.0,212.0,0.15,,,,,,,,,,,
1789040123.1934,load,2,-1,29431,212.0,0.0,213.0,0.102,,,,,,,,,,,
1789040125.5183,load,2,-1,29431,213.0,0.0,214.0,0.09,,,,,,,,,,,
1789040125.6387,load,2,-1,29431,214.0,0.0,215.0,0.097,,,,,,,,,,,
1789040127.822,load,2,-1,29431,215.0,0.0,216.0,0.108,,,,,,,,,,,
1789040128.3442,load,2,-1,29431,216.0,0.0,217.0,0.086,,,,,,,,,,,
1789040130.3145,load,2,-1,29431,217.0,0.0,218.0,0.11,,,,,,,,,,,
1789040131.0183,load,2,-1,29431,218.0,0.0,219.0,0.103,,,,,,,,,,,
1789040132.6204,load,2,-1,29431,219.0,0.0,220.0,0.091,,,,,,,,,,,
1789040132.8216,load,2,-1,29431,220.0,0.0,221.0,0.099,,,,,,,,,,,
1789040134.7678,load,2,-1,29431,221.0,0.0,222.0,0.111,,,,,,,,,,,
1789040135.1886,load,2,-1,29431,222.0,0.0,223.0,0.567,,,,,,,,,,,
1789040136.8621,load,2,-1,29431,223.0,0.0,224.0,0.116,,,,,,,,,,,
1789040137.2149,load,2,-1,29431,224.0,0.0,225.0,0.107,,,,,,,,,,,
1789040139.1799,load,2,-1,29431,225.0,0.0,226.0,0.34,,,,,,,,,,,
1789040139.359,load,2,-1,29431,226.0,0.0,227.0,0.102,,,,,,,,,,,
1789040141.1614,load,2,-1,29431,227.0,0.0,228.0,0.133,,,,,,,,,,,
1789040142.4871,load,2,-1,29431,228.0,0.0,229.0,0.108,,,,,,,,,,,
1789040143.1709,load,2,-1,29431,229.0,0.0,230.0,0.11,,,,,,,,,,,
1789040144.5799,load,2,-1,29431,230.0,0.0,231.0,0.107,,,,,,,,,,,
1789040145.8297,load,2,-1,29431,231.0,0.0,232.0,0.088,,,,,,,,,,,
1789040146.6253,load,2,-1,29431,232.0,0.0,233.0,0.103,,,,,,,,,,,
1789040148.0506,load,2,-1,29431,233.0,0.0,234.0,0.108,,,,,,,,,,,
1789040149.5058,load,2,-1,29431,234.0,0.0,235.0,0.095,,,,,,,,,,,
1789040150.7681,load,2,-1,29431,235.0,0.0,236.0,0.108,,,,,,,,,,,
1789040151.7718,load,2,-1,29431,236.0,0.0,237.0,0.121,,,,,,,,,,,
1789040153.7453,load,2,-1,29431,237.0,0.0,238.0,0.095,,,,,,,,,,,
1789040153.8959,load,2,-1,29431,238.0,0.0,239.0,0.108,,,,,,,,,,,
1789040155.636,load,2,-1,29431,239.0,0.0,240.0,0.121,,,,,,,,,,,
1789040156.1159,load,2,-1,29431,240.0,0.0,241.0,0.102,,,,,,,,,,,
1789040158.0876,load,2,-1,29431,241.0,0.0,242.0,0.127,,,,,,,,,,,
1789040158.2624,load,2,-1,29431,242.0,0.0,243.0,0.137,,,,,,,,,,,
1789040160.6303,load,2,-1,29431,243.0,0.0,244.0,0.09,,,,,,,,,,,
1789040160.8063,load,2,-1,29431,244.0,0.0,245.0,0.098,,,,,,,,,,,
1789040162.6869,load,2,-1,29431,245.0,0.0,246.0,0.11,,,,,,,,,,,
1789040163.7913,load,2,-1,29431,246.0,0.0,247.0,0.089,,,,,,,,,,,
1789040164.9895,load,2,-1,29431,247.0,0.0,248.0,0.11,,,,,,,,,,,
1789040165.8553,load,2,-1,29431,248.0,0.0,249.0,0.115,,,,,,,,,,,
1789040167.4367,load,2,-1,29431,249.0,0.0,250.0,0.093,,,,,,,,,,,
1789040168.3579,load,2,-1,29431,250.0,0.0,251.0,0.102,,,,,,,,,,,
1789040169.7851,load,2,-1,29431,251.0,0.0,252.0,0.107,,,,,,,,,,,
1789040170.8316,load,2,-1,29431,252.0,0.0,253.0,0.252,,,,,,,,,,,
1789040172.5253,load,2,-1,29431,253.0,0.0,254.0,0.115,,,,,,,,,,,
1789040172.8491,load,2,-1,29431,254.0,0.0,255.0,0.103,,,,,,,,,,,
1789040175.1231,load,2,-1,29431,255.0,0.0,256.0,0.111,,,,,,,,,,,
1789040175.3929,load,2,-1,29431,256.0,0.0,257.0,0.113,,,,,,,,,,,
1789040177.5254,load,2,-1,29431,257.0,0.0,258.0,0.123,,,,,,,,,,,
1789040177.9844,load,2,-1,29431,258.0,0.0,259.0,0.131,,,,,,,,,,,
1789040179.6004,load,2,-1,29431,259.0,0.0,260.0,0.118,,,,,,,,,,,
1789040180.3095,load,2,-1,29431,260.0,0.0,261.0,0.112,,,,,,,,,,,
1789040182.2075,load,2,-1,29431,261.0,0.0,262.0,0.142,,,,,,,,,,,
1789040182.4694,load,2,-1,29431,262.0,0.0,263.0,0.105,,,,,,,,,,,
1789040183.9483,load,2,-1,29431,263.0,0.0,264.0,0.124,,,,,,,,,,,
1789040185.8096,load,2,-1,29431,264.0,0.0,265.0,0.091,,,,,,,,,,,
1789040185.9908,load,2,-1,29431,265.0,0.0,266.0,0.111,,,,,,,,,,,
1789040187.5607,load,2,-1,29431,266.0,0.0,267.0,0.114,,,,,,,,,,,
1789040188.0093,load,2,-1,29431,267.0,0.0,268.0,0.093,,,,,,,,,,,
1789040190.4212,load,2,-1,29431,268.0,0.0,269.0,0.122,,,,,,,,,,,
1789040190.7974,load,2,-1,29431,269.0,0.0,270.0,0.117,,,,,,,,,,,
1789040192.6535,load,2,-1,29431,270.0,0.0,271.0,0.11,,,,,,,,,,,
1789040193.0678,load,2,-1,29431,271.0,0.0,272.0,0.136,,,,,,,,,,,
1789040194.98,load,2,-1,29431,272.0,0.0,273.0,0.114,,,,,,,,,,,
1789040195.9895,load,2,-1,29431,273.0,0.0,274.0,0.089,,,,,,,,,,,
1789040197.4233,load,2,-1,29431,274.0,0.0,275.0,0.113,,,,,,,,,,,
1789040197.603,load,2,-1,29431,275.0,0.0,276.0,0.104,,,,,,,,,,,
1789040200.0918,load,2,-1,29431,276.0,0.0,277.0,0.093,,,,,,,,,,,
1789040200.2371,load,2,-1,29431,277.0,0.0,278.0,0.107,,,,,,,,,,,
1789040202.2001,load,2,-1,29431,278.0,0.0,279.0,0.109,,,,,,,,,,,
1789040202.6097,load,2,-1,29431,279.0,0.0,280.0,0.085,,,,,,,,,,,
1789040204.4706,load,2,-1,29431,280.0,0.0,281.0,0.119,,,,,,,,,,,
1789040204.7377,load,2,-1,29431,281.0,0.0,282.0,0.13,,,,,,,,,,,
1789040207.1851,load,2,-1,29431,282.0,0.0,283.0,0.105,,,,,,,,,,,
1789040207.4224,load,2,-1,29431,283.0,0.0,284.0,0.107,,,,,,,,,,,
1789040209.5454,load,2,-1,29431,284.0,0.0,285.0,0.109,,,,,,,,,,,
1789040210.6826,load,2,-1,29431,285.0,0.0,286.0,0.112,,,,,,,,,,,
1789040212.5015,load,2,-1,29431,286.0,0.0,287.0,0.135,,,,,,,,,,,
1789040213.286,load,2,-1,29431,287.0,0.0,288.0,0.121,,,,,,,,,,,
1789040214.9473,load,2,-1,29431,288.0,0.0,289.0,0.089,,,,,,,,,,,
1789040215.2208,load,2,-1,29431,289.0,0.0,290.0,0.101,,,,,,,,,,,
1789040217.021,load,2,-1,29431,290.0,0.0,291.0,0.111,,,,,,,,,,,
1789040217.4277,load,2,-1,29431,291.0,0.0,292.0,0.087,,,,,,,,,,,
1789040219.3414,load,2,-1,29431,292.0,0.0,293.0,0.107,,,,,,,,,,,
1789040219.5614,load,2,-1,29431,293.0,0.0,294.0,0.101,,,,,,,,,,,
1789040221.9659,load,2,-1,29431,294.0,0.0,295.0,0.091,,,,,,,,,,,
1789040222.1317,load,2,-1,29431,295.0,0.0,296.0,0.097,,,,,,,,,,,
1789040224.6076,load,2,-1,29431,296.0,0.0,297.0,0.117,,,,,,,,,,,
1789040225.08,load,2,-1,29431,297.0,0.0,298.0,0.108,,,,,,,,,,,
1789040227.0486,load,2,-1,29431,298.0,0.0,299.0,0.112,,,,,,,,,,,
1789040227.2733,load,2,-1,29431,299.0,0.0,300.0,0.111,,,,,,,,,,,
1789040229.6162,load,2,-1,29431,300.0,0.0,301.0,0.122,,,,,,,,,,,
1789040229.963,load,2,-1,29431,301.0,0.0,302.0,0.124,,,,,,,,,,,
1789040231.584,load,2,-1,29431,302.0,0.0,303.0,0.112,,,,,,,,,,,
1789040232.9604,load,2,-1,29431,303.0,0.0,304.0,0.09,,,,,,,,,,,
1789040233.9039,load,2,-1,29431,304.0,0.0,305.0,0.11,,,,,,,,,,,
1789040235.3268,load,2,-1,29431,305.0,0.0,306.0,0.109,,,,,,,,,,,
1789040236.5527,load,2,-1,29431,306.0,0.0,307.0,0.092,,,,,,,,,,,
1789040238.0167,load,2,-1,29431,307.0,0.0,308.0,0.128,,,,,,,,,,,
1789040239.0508,load,2,-1,29431,308.0,0.0,309.0,0.122,,,,,,,,,,,
1789040240.6503,load,2,-1,29431,309.0,0.0,310.0,0.111,,,,,,,,,,,
1789040241.253,load,2,-1,29431,310.0,0.0,311.0,0.172,,,,,,,,,,,
1789040243.0482,load,2,-1,29431,311.0,0.0,312.0,0.113,,,,,,,,,,,
1789040244.2587,load,2,-1,29431,312.0,0.0,313.0,0.089,,,,,,,,,,,
1789040245.2747,load,2,-1,29431,313.0,0.0,314.0,0.112,,,,,,,,,,,
1789040246.9645,load,2,-1,29431,314.0,0.0,315.0,0.112,,,,,,,,,,,
1789040247.9191,load,2,-1,29431,315.0,0.0,316.0,0.084,,,,,,,,,,,
1789040249.0914,load,2,-1,29431,316.0,0.0,317.0,0.129,,,,,,,,,,,
1789040250.2474,load,2,-1,29431,317.0,0.0,318.0,0.116,,,,,,,,,,,
1789040251.5623,load,2,-1,29431,318.0,0.0,319.0,0.114,,,,,,,,,,,
1789040252.6913,load,2,-1,29431,319.0,0.0,320.0,0.137,,,,,,,,,,,
1789040253.9282,load,2,-1,29431,320.0,0.0,321.0,0.108,,,,,,,,,,,
1789040255.6302,load,2,-1,29431,321.0,0.0,322.0,0.131,,,,,,,,,,,
1789040256.4956,load,2,-1,29431,322.0,0.0,323.0,0.113,,,,,,,,,,,
1789040258.2087,load,2,-1,29431,323.0,0.0,324.0,0.107,,,,,,,,,,,
1789040258.6172,load,2,-1,29431,324.0,0.0,325.0,0.086,,,,,,,,,,,
1789040260.461,load,2,-1,29431,325.0,0.0,326.0,0.115,,,,,,,,,,,
1789040260.8986,load,2,-1,29431,326.0,0.0,327.0,0.106,,,,,,,,,,,
1789040263.0395,load,2,-1,29431,327.0,0.0,328.0,0.274,,,,,,,,,,,
1789040263.4659,load,2,-1,29431,328.0,0.0,329.0,0.106,,,,,,,,,,,
1789040265.109,load,2,-1,29431,329.0,0.0,330.0,0.134,,,,,,,,,,,
1789040266.1938,load,2,-1,29431,330.0,0.0,331.0,0.093,,,,,,,,,,,
1789040267.0217,load,2,-1,29431,331.0,0.0,332.0,0.108,,,,,,,,,,,
1789040268.8016,load,2,-1,29431,332.0,0.0,333.0,0.116,,,,,,,,,,,
1789040269.7851,load,2,-1,29431,333.0,0.0,334.0,0.089,,,,,,,,,,,
1789040270.6328,load,2,-1,29431,334.0,0.0,335.0,0.108,,,,,,,,,,,
1789040271.9222,load,2,-1,29431,335.0,0.0,336.0,0.116,,,,,,,,,,,
1789040273.6394,load,2,-1,29431,336.0,0.0,337.0,0.251,,,,,,,,,,,
1789040274.4289,load,2,-1,29431,337.0,0.0,338.0,0.115,,,,,,,,,,,
1789040276.259,load,2,-1,29431,338.0,0.0,339.0,0.123,,,,,,,,,,,
1789040276.9536,load,2,-1,29431,339.0,0.0,340.0,0.107,,,,,,,,,,,
1789040278.5783,load,2,-1,29431,340.0,0.0,341.0,0.116,,,,,,,,,,,
1789040279.0643,load,2,-1,29431,341.0,0.0,342.0,0.12,,,,,,,,,,,
1789040280.5629,load,2,-1,29431,342.0,0.0,343.0,0.122,,,,,,,,,,,
1789040281.244,load,2,-1,29431,343.0,0.0,344.0,0.11,,,,,,,,,,,
1789040282.628,load,2,-1,29431,344.0,0.0,345.0,0.109,,,,,,,,,,,
1789040283.6738,load,2,-1,29431,345.0,0.0,346.0,0.089,,,,,,,,,,,
1789040284.8379,load,2,-1,29431,346.0,0.0,347.0,0.111,,,,,,,,,,,
1789040286.256,load,2,-1,29431,347.0,0.0,348.0,0.109,,,,,,,,,,,
1789040287.8809,load,2,-1,29431,348.0,0.0,349.0,0.089,,,,,,,,,,,
1789040289.0165,load,2,-1,29431,349.0,0.0,350.0,0.125,,,,,,,,,,,
1789040290.2496,load,2,-1,29431,350.0,0.0,351.0,0.115,,,,,,,,,,,
1789040292.3013,load,2,-1,29431,351.0,0.0,352.0,0.277,,,,,,,,,,,
1789040292.412,load,2,-1,29431,352.0,0.0,353.0,0.094,,,,,,,,,,,
1789040294.5468,load,2,-1,29431,353.0,0.0,354.0,0.109,,,,,,,,,,,
1789040295.0912,load,2,-1,29431,354.0,0.0,355.0,0.121,,,,,,,,,,,
1789040297.2431,load,2,-1,29431,355.0,0.0,356.0,0.106,,,,,,,,,,,
1789040298.025,load,2,-1,29431,356.0,0.0,357.0,0.114,,,,,,,,,,,
1789040299.818,load,2,-1,29431,357.0,0.0,358.0,0.097,,,,,,,,,,,
1789040301.0375,load,2,-1,29431,358.0,0.0,359.0,0.131,,,,,,,,,,,
1789040301.9719,load,2,-1,29431,359.0,0.0,360.0,0.11,,,,,,,,,,,
1789040303.9473,load,2,-1,29431,360.0,0.0,361.0,0.09,,,,,,,,,,,
1789040304.6013,load,2,-1,29431,361.0,0.0,362.0,0.15,,,,,,,,,,,
1789040306.358,load,2,-1,29431,362.0,0.0,363.0,0.118,,,,,,,,,,,
1789040306.7862,load,2,-1,29431,363.0,0.0,364.0,0.09,,,,,,,,,,,
1789040308.7804,load,2,-1,29431,364.0,0.0,365.0,0.105,,,,,,,,,,,
1789040309.0981,load,2,-1,29431,365.0,0.0,366.0,0.132,,,,,,,,,,,
1789040311.5866,load,2,-1,29431,366.0,0.0,367.0,0.109,,,,,,,,,,,
1789040312.0349,load,2,-1,29431,367.0,0.0,368.0,0.126,,,,,,,,,,,
1789040313.9268,load,2,-1,29431,368.0,0.0,369.0,0.107,,,,,,,,,,,
1789040314.3419,load,2,-1,29431,369.0,0.0,370.0,0.092,,,,,,,,,,,
1789040315.7551,load,2,-1,29431,370.0,0.0,371.0,0.114,,,,,,,,,,,
1789040316.4985,load,2,-1,29431,371.0,0.0,372.0,0.11,,,,,,,,,,,
1789040318.6991,load,2,-1,29431,372.0,0.0,373.0,0.094,,,,,,,,,,,
1789040318.8684,load,2,-1,29431,373.0,0.0,374.0,0.094,,,,,,,,,,,
1789040320.8347,load,2,-1,29431,374.0,0.0,375.0,0.114,,,,,,,,,,,
1789040321.2701,load,2,-1,29431,375.0,0.0,376.0,0.098,,,,,,,,,,,
1789040323.4432,load,2,-1,29431,376.0,0.0,377.0,0.118,,,,,,,,,,,
1789040323.8252,load,2,-1,29431,377.0,0.0,378.0,0.102,,,,,,,,,,,
1789040326.1496,load,2,-1,29431,378.0,0.0,379.0,0.111,,,,,,,,,,,
1789040326.3488,load,2,-1,29431,379.0,0.0,380.0,0.128,,,,,,,,,,,
1789040328.1435,load,2,-1,29431,380.0,0.0,381.0,0.137,,,,,,,,,,,
1789040328.9527,load,2,-1,29431,381.0,0.0,382.0,0.139,,,,,,,,,,,
1789040330.1744,load,2,-1,29431,382.0,0.0,383.0,0.115,,,,,,,,,,,
1789040331.1822,load,2,-1,29431,383.0,0.0,384.0,0.115,,,,,,,,,,,
1789040332.7648,load,2,-1,29431,384.0,0.0,385.0,0.092,,,,,,,,,,,
1789040333.9156,load,2,-1,29431,385.0,0.0,386.0,0.119,,,,,,,,,,,
1789040334.7003,load,2,-1,29431,386.0,0.0,387.0,0.125,,,,,,,,,,,
1789040336.4312,load,2,-1,29431,387.0,0.0,388.0,0.1,,,,,,,,,,,
1789040337.3788,load,2,-1,29431,388.0,0.0,389.0,0.105,,,,,,,,,,,
1789040338.4922,load,2,-1,29431,389.0,0.0,390.0,0.117,,,,,,,,,,,
1789040340.242,load,2,-1,29431,390.0,0.0,391.0,0.101,,,,,,,,,,,
1789040340.8359,load,2,-1,29431,391.0,0.0,392.0,0.111,,,,,,,,,,,
1789040342.9252,load,2,-1,29431,392.0,0.0,393.0,0.15,,,,,,,,,,,
1789040343.5397,load,2,-1,29431,393.0,0.0,394.0,0.101,,,,,,,,,,,
1789040344.2697,load,2,-1,29431,394.0,0.0,395.0,0.152,,,,,,,,,,,
1789040345.8227,load,2,-1,29431,395.0,0.0,396.0,0.116,,,,,,,,,,,
1789040347.5986,load,2,-1,29431,396.0,0.0,397.0,0.091,,,,,,,,,,,
1789040348.2609,load,2,-1,29431,397.0,0.0,398.0,0.107,,,,,,,,,,,
1789040349.4542,load,2,-1,29431,398.0,0.0,399.0,0.107,,,,,,,,,,,
1789040350.5691,load,2,-1,29431,399.0,0.0,400.0,0.091,,,,,,,,,,,
1789040352.3828,load,2,-1,29431,400.0,0.0,401.0,0.124,,,,,,,,,,,
1789040352.6419,load,2,-1,29431,401.0,0.0,402.0,0.198,,,,,,,,,,,
1789040354.4883,load,2,-1,29431,402.0,0.0,403.0,0.097,,,,,,,,,,,
1789040354.6958,load,2,-1,29431,403.0,0.0,404.0,0.111,,,,,,,,,,,
1789040356.8455,load,2,-1,29431,404.0,0.0,405.0,0.118,,,,,,,,,,,
1789040357.2944,load,2,-1,29431,405.0,0.0,406.0,0.093,,,,,,,,,,,
1789040359.0756,load,2,-1,29431,406.0,0.0,407.0,0.11,,,,,,,,,,,
1789040360.3915,load,2,-1,29431,407.0,0.0,408.0,0.111,,,,,,,,,,,
1789040361.5325,load,2,-1,29431,408.0,0.0,409.0,0.102,,,,,,,,,,,
1789040362.9115,load,2,-1,29431,409.0,0.0,410.0,0.13,,,,,,,,,,,
1789040363.946,load,2,-1,29431,410.0,0.0,411.0,0.134,,,,,,,,,,,
1789040365.9262,load,2,-1,29431,411.0,0.0,412.0,0.131,,,,,,,,,,,
1789040366.1327,load,2,-1,29431,412.0,0.0,413.0,0.116,,,,,,,,,,,
1789040368.4112,load,2,-1,29431,413.0,0.0,414.0,0.12,,,,,,,,,,,
1789040369.3878,load,2,-1,29431,414.0,0.0,415.0,0.095,,,,,,,,,,,
1789040370.9783,load,2,-1,29431,415.0,0.0,416.0,0.115,,,,,,,,,,,
1789040371.3243,load,2,-1,29431,416.0,0.0,417.0,0.126,,,,,,,,,,,
1789040373.8102,load,2,-1,29431,417.0,0.0,418.0,0.089,,,,,,,,,,,
1789040374.2244,load,2,-1,29431,418.0,0.0,419.0,0.108,,,,,,,,,,,
1789040376.3356,load,2,-1,29431,419.0,0.0,420.0,0.118,,,,,,,,,,,
1789040376.8749,load,2,-1,29431,420.0,0.0,421.0,0.096,,,,,,,,,,,
1789040378.3901,load,2,-1,29431,421.0,0.0,422.0,0.167,,,,,,,,,,,
1789040378.5042,load,2,-1,29431,422.0,0.0,423.0,0.137,,,,,,,,,,,
1789040380.4773,load,2,-1,29431,423.0,0.0,424.0,0.108,,,,,,,,,,,
1789040380.6391,load,2,-1,29431,424.0,0.0,425.0,0.128,,,,,,,,,,,
1789040382.0899,load,2,-1,29431,425.0,0.0,426.0,0.108,,,,,,,,,,,
1789040383.106,load,2,-1,29431,426.0,0.0,427.0,0.084,,,,,,,,,,,
1789040384.3853,load,2,-1,29431,427.0,0.0,428.0,0.114,,,,,,,,,,,
1789040385.1232,load,2,-1,29431,428.0,0.0,429.0,0.113,,,,,,,,,,,
1789040387.061,load,2,-1,29431,429.0,0.0,430.0,0.096,,,,,,,,,,,
1789040387.2039,load,2,-1,29431,430.0,0.0,431.0,0.104,,,,,,,,,,,
1789040389.6653,load,2,-1,29431,431.0,0.0,432.0,0.108,,,,,,,,,,,
1789040390.3369,load,2,-1,29431,432.0,0.0,433.0,0.087,,,,,,,,,,,
1789040392.0243,load,2,-1,29431,433.0,0.0,434.0,0.108,,,,,,,,,,,
1789040393.0959,load,2,-1,29431,434.0,0.0,435.0,0.107,,,,,,,,,,,
1789040394.9328,load,2,-1,29431,435.0,0.0,436.0,0.09,,,,,,,,,,,
1789040395.9604,load,2,-1,29431,436.0,0.0,437.0,0.139,,,,,,,,,,,
1789040397.3064,load,2,-1,29431,437.0,0.0,438.0,0.109,,,,,,,,,,,
1789040398.3322,load,2,-1,29431,438.0,0.0,439.0,0.123,,,,,,,,,,,
1789040399.7873,load,2,-1,29431,439.0,0.0,440.0,0.107,,,,,,,,,,,
1789040400.6627,load,2,-1,29431,440.0,0.0,441.0,0.122,,,,,,,,,,,
1789040402.9837,load,2,-1,29431,441.0,0.0,442.0,0.14,,,,,,,,,,,
1789040403.0981,load,2,-1,29431,442.0,0.0,443.0,0.097,,,,,,,,,,,
1789040404.6998,load,2,-1,29431,443.0,0.0,444.0,0.131,,,,,,,,,,,
1789040405.8579,load,2,-1,29431,444.0,0.0,445.0,0.088,,,,,,,,,,,
1789040406.9617,load,2,-1,29431,445.0,0.0,446.0,0.106,,,,,,,,,,,
1789040408.3042,load,2,-1,29431,446.0,0.0,447.0,0.111,,,,,,,,,,,
1789040409.4395,load,2,-1,29431,447.0,0.0,448.0,0.092,,,,,,,,,,,
1789040410.3093,load,2,-1,29431,448.0,0.0,449.0,0.112,,,,,,,,,,,
1789040411.3028,load,2,-1,29431,449.0,0.0,450.0,0.124,,,,,,,,,,,
1789040412.8936,load,2,-1,29431,450.0,0.0,451.0,0.142,,,,,,,,,,,
1789040413.7146,load,2,-1,29431,451.0,0.0,452.0,0.112,,,,,,,,,,,
1789040415.1281,load,2,-1,29431,452.0,0.0,453.0,0.113,,,,,,,,,,,
1789040415.8896,load,2,-1,29431,453.0,0.0,454.0,0.124,,,,,,,,,,,
1789040417.2736,load,2,-1,29431,454.0,0.0,455.0,0.107,,,,,,,,,,,
1789040417.4506,load,2,-1,29431,455.0,0.0,456.0,0.099,,,,,,,,,,,
1789040419.6384,load,2,-1,29431,456.0,0.0,457.0,0.093,,,,,,,,,,,
1789040419.9477,load,2,-1,29431,457.0,0.0,458.0,0.105,,,,,,,,,,,
1789040422.4965,load,2,-1,29431,458.0,0.0,459.0,0.117,,,,,,,,,,,
1789040422.9119,load,2,-1,29431,459.0,0.0,460.0,0.088,,,,,,,,,,,
1789040425.0449,load,2,-1,29431,460.0,0.0,461.0,0.116,,,,,,,,,,,
1789040425.9397,load,2,-1,29431,461.0,0.0,462.0,0.117,,,,,,,,,,,
1789040427.3307,load,2,-1,29431,462.0,0.0,463.0,0.107,,,,,,,,,,,
1789040428.636,load,2,-1,29431,463.0,0.0,464.0,0.112,,,,,,,,,,,
1789040429.3945,load,2,-1,29431,464.0,0.0,465.0,0.109,,,,,,,,,,,
1789040430.9652,load,2,-1,29431,465.0,0.0,466.0,0.096,,,,,,,,,,,
1789040431.4808,load,2,-1,29431,466.0,0.0,467.0,0.113,,,,,,,,,,,
1789040433.2444,load,2,-1,29431,467.0,0.0,468.0,0.127,,,,,,,,,,,
1789040434.2954,load,2,-1,29431,468.0,0.0,469.0,0.095,,,,,,,,,,,
1789040435.1892,load,2,-1,29431,469.0,0.0,470.0,0.149,,,,,,,,,,,
1789040436.9574,load,2,-1,29431,470.0,0.0,471.0,0.123,,,,,,,,,,,
1789040438.383,load,2,-1,29431,471.0,0.0,472.0,0.094,,,,,,,,,,,
1789040439.4234,load,2,-1,29431,472.0,0.0,473.0,0.118,,,,,,,,,,,
1789040440.3449,load,2,-1,29431,473.0,0.0,474.0,0.114,,,,,,,,,,,
1789040442.3669,load,2,-1,29431,474.0,0.0,475.0,0.09,,,,,,,,,,,
1789040442.5966,load,2,-1,29431,475.0,0.0,476.0,0.099,,,,,,,,,,,
1789040444.6944,load,2,-1,29431,476.0,0.0,477.0,0.11,,,,,,,,,,,
1789040445.1958,load,2,-1,29431,477.0,0.0,478.0,0.087,,,,,,,,,,,
1789040446.8273,load,2,-1,29431,478.0,0.0,479.0,0.107,,,,,,,,,,,
1789040447.5935,load,2,-1,29431,479.0,0.0,480.0,0.104,,,,,,,,,,,
1789040449.4116,load,2,-1,29431,480.0,0.0,481.0,0.256,,,,,,,,,,,
1789040450.2735,load,2,-1,29431,481.0,0.0,482.0,0.116,,,,,,,,,,,
1789040452.0965,load,2,-1,29431,482.0,0.0,483.0,0.125,,,,,,,,,,,
1789040452.5236,load,2,-1,29431,483.0,0.0,484.0,0.103,,,,,,,,,,,
1789040454.5855,load,2,-1,29431,484.0,0.0,485.0,0.125,,,,,,,,,,,
1789040455.0512,load,2,-1,29431,485.0,0.0,486.0,0.13,,,,,,,,,,,
1789040457.8189,load,2,-1,29431,486.0,0.0,487.0,0.112,,,,,,,,,,,
1789040458.0111,load,2,-1,29431,487.0,0.0,488.0,0.102,,,,,,,,,,,
1789040460.3146,load,2,-1,29431,488.0,0.0,489.0,0.112,,,,,,,,,,,
1789040460.7617,load,2,-1,29431,489.0,0.0,490.0,0.108,,,,,,,,,,,
1789040462.6097,load,2,-1,29431,490.0,0.0,491.0,0.113,,,,,,,,,,,
1789040462.8003,load,2,-1,29431,491.0,0.0,492.0,0.11,,,,,,,,,,,
1789040465.2369,load,2,-1,29431,492.0,0.0,493.0,0.091,,,,,,,,,,,
1789040465.3504,load,2,-1,29431,493.0,0.0,494.0,0.103,,,,,,,,,,,
1789040467.3466,load,2,-1,29431,494.0,0.0,495.0,0.112,,,,,,,,,,,
1789040467.9433,load,2,-1,29431,495.0,0.0,496.0,0.089,,,,,,,,,,,
1789040470.2824,load,2,-1,29431,496.0,0.0,497.0,0.108,,,,,,,,,,,
1789040470.6435,load,2,-1,29431,497.0,0.0,498.0,0.104,,,,,,,,,,,
1789040472.8461,load,2,-1,29431,498.0,0.0,499.0,0.09,,,,,,,,,,,
1789040472.9867,load,2,-1,29431,499.0,0.0,500.0,0.102,,,,,,,,,,,
1789040475.5933,load,2,-1,29431,500.0,0.0,501.0,0.126,,,,,,,,,,,
1789040476.1211,load,2,-1,29431,501.0,0.0,502.0,0.129,,,,,,,,,,,
1789040478.0063,load,2,-1,29431,502.0,0.0,503.0,0.117,,,,,,,,,,,
1789040478.1927,load,2,-1,29431,503.0,0.0,504.0,0.098,,,,,,,,,,,
1789040480.9256,load,2,-1,29431,504.0,0.0,505.0,0.101,,,,,,,,,,,
1789040481.0851,load,2,-1,29431,505.0,0.0,506.0,0.107,,,,,,,,,,,
1789040482.8834,load,2,-1,29431,506.0,0.0,507.0,0.114,,,,,,,,,,,
1789040483.625,load,2,-1,29431,507.0,0.0,508.0,0.107,,,,,,,,,,,
1789040485.455,load,2,-1,29431,508.0,0.0,509.0,0.113,,,,,,,,,,,
1789040486.6248,load,2,-1,29431,509.0,0.0,510.0,0.109,,,,,,,,,,,
1789040488.3206,load,2,-1,29431,510.0,0.0,511.0,0.099,,,,,,,,,,,
1789040489.1787,load,2,-1,29431,511.0,0.0,512.0,0.126,,,,,,,,,,,
1789040489.9202,load,2,-1,29431,512.0,0.0,513.0,0.121,,,,,,,,,,,
1789040491.9732,load,2,-1,29431,513.0,0.0,514.0,0.092,,,,,,,,,,,
1789040492.9991,load,2,-1,29431,514.0,0.0,515.0,0.111,,,,,,,,,,,
1789040494.1689,load,2,-1,29431,515.0,0.0,516.0,0.109,,,,,,,,,,,
1789040495.2491,load,2,-1,29431,516.0,0.0,517.0,0.091,,,,,,,,,,,
1789040496.6247,load,2,-1,29431,517.0,0.0,518.0,0.112,,,,,,,,,,,
1789040497.0169,load,2,-1,29431,518.0,0.0,519.0,0.112,,,,,,,,,,,
1789040499.7764,load,2,-1,29431,519.0,0.0,520.0,0.092,,,,,,,,,,,
1789040500.0052,load,2,-1,29431,520.0,0.0,521.0,0.111,,,,,,,,,,,
1789040502.1401,load,2,-1,29431,521.0,0.0,522.0,0.117,,,,,,,,,,,
1789040502.6376,load,2,-1,29431,522.0,0.0,523.0,0.089,,,,,,,,,,,
1789040504.0326,load,2,-1,29431,523.0,0.0,524.0,0.112,,,,,,,,,,,
1789040504.8026,load,2,-1,29431,524.0,0.0,525.0,0.109,,,,,,,,,,,
1789040506.3646,load,2,-1,29431,525.0,0.0,526.0,0.096,,,,,,,,,,,
1789040507.6431,load,2,-1,29431,526.0,0.0,527.0,0.112,,,,,,,,,,,
1789040508.1625,load,2,-1,29431,527.0,0.0,528.0,0.103,,,,,,,,,,,
1789040510.5111,load,2,-1,29431,528.0,0.0,529.0,0.11,,,,,,,,,,,
1789040511.5196,load,2,-1,29431,529.0,0.0,530.0,0.116,,,,,,,,,,,
1789040512.3097,load,2,-1,29431,530.0,0.0,531.0,0.111,,,,,,,,,,,
1789040513.8278,load,2,-1,29431,531.0,0.0,532.0,0.101,,,,,,,,,,,
1789040514.8454,load,2,-1,29431,532.0,0.0,533.0,0.117,,,,,,,,,,,
1789040515.4583,load,2,-1,29431,533.0,0.0,534.0,0.117,,,,,,,,,,,
1789040517.9193,load,2,-1,29431,534.0,0.0,535.0,0.124,,,,,,,,,,,
1789040518.0838,load,2,-1,29431,535.0,0.0,536.0,0.099,,,,,,,,,,,
1789040520.0217,load,2,-1,29431,536.0,0.0,537.0,0.11,,,,,,,,,,,
1789040520.668,load,2,-1,29431,537.0,0.0,538.0,0.095,,,,,,,,,,,
1789040522.5783,load,2,-1,29431,538.0,0.0,539.0,0.104,,,,,,,,,,,
1789040522.9985,load,2,-1,29431,539.0,0.0,540.0,0.098,,,,,,,,,,,
1789040523.8258,load,2,-1,29431,540.0,0.0,541.0,0.091,,,,,,,,,,,
1789040525.7024,load,2,-1,29431,541.0,0.0,542.0,0.115,,,,,,,,,,,
1789040526.1181,load,2,-1,29431,542.0,0.0,543.0,0.1,,,,,,,,,,,
1789040527.788,load,2,-1,29431,543.0,0.0,544.0,0.089,,,,,,,,,,,
1789040528.6137,load,2,-1,29431,544.0,0.0,545.0,0.103,,,,,,,,,,,
1789040530.3263,load,2,-1,29431,545.0,0.0,546.0,0.109,,,,,,,,,,,
1789040530.7486,load,2,-1,29431,546.0,0.0,547.0,0.092,,,,,,,,,,,
1789040532.8279,load,2,-1,29431,547.0,0.0,548.0,0.105,,,,,,,,,,,
1789040533.3397,load,2,-1,29431,548.0,0.0,549.0,0.103,,,,,,,,,,,
1789040535.67,load,2,-1,29431,549.0,0.0,550.0,0.092,,,,,,,,,,,
1789040535.9384,load,2,-1,29431,550.0,0.0,551.0,0.095,,,,,,,,,,,
1789040537.7723,load,2,-1,29431,551.0,0.0,552.0,0.131,,,,,,,,,,,
1789040538.1797,load,2,-1,29431,552.0,0.0,553.0,0.088,,,,,,,,,,,
1789040539.9637,load,2,-1,29431,553.0,0.0,554.0,0.118,,,,,,,,,,,
1789040540.2916,load,2,-1,29431,554.0,0.0,555.0,0.108,,,,,,,,,,,
1789040542.9279,load,2,-1,29431,555.0,0.0,556.0,0.109,,,,,,,,,,,
1789040543.0889,load,2,-1,29431,556.0,0.0,557.0,0.098,,,,,,,,,,,
1789040544.9632,load,2,-1,29431,557.0,0.0,558.0,0.107,,,,,,,,,,,
1789040545.3869,load,2,-1,29431,558.0,0.0,559.0,0.118,,,,,,,,,,,
1789040547.6181,load,2,-1,29431,559.0,0.0,560.0,0.114,,,,,,,,,,,
1789040548.0972,load,2,-1,29431,560.0,0.0,561.0,0.105,,,,,,,,,,,
1789040550.0132,load,2,-1,29431,561.0,0.0,562.0,0.121,,,,,,,,,,,
1789040550.8881,load,2,-1,29431,562.0,0.0,563.0,0.106,,,,,,,,,,,
1789040551.7923,load,2,-1,29431,563.0,0.0,564.0,0.113,,,,,,,,,,,
1789040553.3545,load,2,-1,29431,564.0,0.0,565.0,0.097,,,,,,,,,,,
1789040554.1504,load,2,-1,29431,565.0,0.0,566.0,0.11,,,,,,,,,,,
1789040555.0224,load,2,-1,29431,566.0,0.0,567.0,0.114,,,,,,,,,,,
1789040556.9153,load,2,-1,29431,567.0,0.0,568.0,0.092,,,,,,,,,,,
1789040557.8393,load,2,-1,29431,568.0,0.0,569.0,0.103,,,,,,,,,,,
1789040559.0112,load,2,-1,29431,569.0,0.0,570.0,0.112,,,,,,,,,,,
1789040560.2347,load,2,-1,29431,570.0,0.0,571.0,0.099,,,,,,,,,,,
1789040561.362,load,2,-1,29431,571.0,0.0,572.0,0.139,,,,,,,,,,,
1789040561.8735,load,2,-1,29431,572.0,0.0,573.0,0.113,,,,,,,,,,,
1789040564.0797,load,2,-1,29431,573.0,0.0,574.0,0.113,,,,,,,,,,,
1789040564.5424,load,2,-1,29431,574.0,0.0,575.0,0.115,,,,,,,,,,,
1789040566.3808,load,2,-1,29431,575.0,0.0,576.0,0.117,,,,,,,,,,,
1789040566.7883,load,2,-1,29431,576.0,0.0,577.0,0.095,,,,,,,,,,,
1789040569.079,load,2,-1,29431,577.0,0.0,578.0,0.112,,,,,,,,,,,
1789040569.2619,load,2,-1,29431,578.0,0.0,579.0,0.107,,,,,,,,,,,
1789040572.0472,load,2,-1,29431,579.0,0.0,580.0,0.276,,,,,,,,,,,
1789040572.1597,load,2,-1,29431,580.0,0.0,581.0,0.109,,,,,,,,,,,
1789040574.0202,load,2,-1,29431,581.0,0.0,582.0,0.192,,,,,,,,,,,
1789040574.5478,load,2,-1,29431,582.0,0.0,583.0,0.102,,,,,,,,,,,
1789040575.734,load,2,-1,29431,583.0,0.0,584.0,0.137,,,,,,,,,,,
1789040576.4431,load,2,-1,29431,584.0,0.0,585.0,0.117,,,,,,,,,,,
1789040578.6414,load,2,-1,29431,585.0,0.0,586.0,0.093,,,,,,,,,,,
1789040578.7951,load,2,-1,29431,586.0,0.0,587.0,0.101,,,,,,,,,,,
1789040581.0373,load,2,-1,29431,587.0,0.0,588.0,0.116,,,,,,,,,,,
1789040581.4763,load,2,-1,29431,588.0,0.0,589.0,0.09,,,,,,,,,,,
1789040583.8498,load,2,-1,29431,589.0,0.0,590.0,0.111,,,,,,,,,,,
1789040584.0717,load,2,-1,29431,590.0,0.0,591.0,0.101,,,,,,,,,,,
1789040585.9294,load,2,-1,29431,591.0,0.0,592.0,0.094,,,,,,,,,,,
1789040586.3836,load,2,-1,29431,592.0,0.0,593.0,0.108,,,,,,,,,,,
1789040588.1415,load,2,-1,29431,593.0,0.0,594.0,0.121,,,,,,,,,,,
1789040589.3747,load,2,-1,29431,594.0,0.0,595.0,0.241,,,,,,,,,,,
1789040590.1428,load,2,-1,29431,595.0,0.0,596.0,0.127,,,,,,,,,,,
1789040591.7456,load,2,-1,29431,596.0,0.0,597.0,0.121,,,,,,,,,,,
1789040592.6165,load,2,-1,29431,597.0,0.0,598.0,0.128,,,,,,,,,,,
1789040594.2137,load,2,-1,29431,598.0,0.0,599.0,0.118,,,,,,,,,,,
1789040594.6531,load,2,-1,29431,599.0,0.0,600.0,0.115,,,,,,,,,,,
1789040596.9378,load,2,-1,29431,600.0,0.0,601.0,0.092,,,,,,,,,,,
1789040597.2078,load,2,-1,29431,601.0,0.0,602.0,0.111,,,,,,,,,,,
1789040599.4732,load,2,-1,29431,602.0,0.0,603.0,0.12,,,,,,,,,,,
1789040599.9082,load,2,-1,29431,603.0,0.0,604.0,0.084,,,,,,,,,,,
1789040601.6593,load,2,-1,29431,604.0,0.0,605.0,0.111,,,,,,,,,,,
1789040602.1915,load,2,-1,29431,605.0,0.0,606.0,0.107,,,,,,,,,,,
1789040604.8321,load,2,-1,29431,606.0,0.0,607.0,0.1,,,,,,,,,,,
1789040604.9849,load,2,-1,29431,607.0,0.0,608.0,0.11,,,,,,,,,,,
1789040606.9213,load,2,-1,29431,608.0,0.0,609.0,0.14,,,,,,,,,,,
1789040607.4926,load,2,-1,29431,609.0,0.0,610.0,0.1,,,,,,,,,,,
1789040609.328,load,2,-1,29431,610.0,0.0,611.0,0.147,,,,,,,,,,,
1789040610.1952,load,2,-1,29431,611.0,0.0,612.0,0.118,,,,,,,,,,,
1789040611.5684,load,2,-1,29431,612.0,0.0,613.0,0.096,,,,,,,,,,,
1789040612.7003,load,2,-1,29431,613.0,0.0,614.0,0.146,,,,,,,,,,,
1789040613.7899,load,2,-1,29431,614.0,0.0,615.0,0.111,,,,,,,,,,,
1789040615.344,load,2,-1,29431,615.0,0.0,616.0,0.094,,,,,,,,,,,
1789040616.2141,load,2,-1,29431,616.0,0.0,617.0,0.119,,,,,,,,,,,
1789040617.4786,load,2,-1,29431,617.0,0.0,618.0,0.127,,,,,,,,,,,
1789040618.3611,load,2,-1,29431,618.0,0.0,619.0,0.095,,,,,,,,,,,
1789040620.2281,load,2,-1,29431,619.0,0.0,620.0,0.142,,,,,,,,,,,
1789040620.7236,load,2,-1,29431,620.0,0.0,621.0,0.113,,,,,,,,,,,
1789040623.0602,load,2,-1,29431,621.0,0.0,622.0,0.38,,,,,,,,,,,
1789040623.1764,load,2,-1,29431,622.0,0.0,623.0,0.158,,,,,,,,,,,
1789040625.1331,load,2,-1,29431,623.0,0.0,624.0,0.117,,,,,,,,,,,
1789040625.582,load,2,-1,29431,624.0,0.0,625.0,0.093,,,,,,,,,,,
1789040626.805,load,2,-1,29431,625.0,0.0,626.0,0.135,,,,,,,,,,,
1789040627.4336,load,2,-1,29431,626.0,0.0,627.0,0.123,,,,,,,,,,,
1789040629.3433,load,2,-1,29431,627.0,0.0,628.0,0.087,,,,,,,,,,,
1789040629.4983,load,2,-1,29431,628.0,0.0,629.0,0.101,,,,,,,,,,,
1789040631.6549,load,2,-1,29431,629.0,0.0,630.0,0.11,,,,,,,,,,,
1789040632.1083,load,2,-1,29431,630.0,0.0,631.0,0.107,,,,,,,,,,,
1789040633.786,load,2,-1,29431,631.0,0.0,632.0,0.115,,,,,,,,,,,
1789040634.4315,load,2,-1,29431,632.0,0.0,633.0,0.123,,,,,,,,,,,
1789040636.7664,load,2,-1,29431,633.0,0.0,634.0,0.097,,,,,,,,,,,
1789040636.8823,load,2,-1,29431,634.0,0.0,635.0,0.106,,,,,,,,,,,
1789040638.8172,load,2,-1,29431,635.0,0.0,636.0,0.128,,,,,,,,,,,
1789040639.5352,load,2,-1,29431,636.0,0.0,637.0,0.117,,,,,,,,,,,
1789040641.5514,load,2,-1,29431,637.0,0.0,638.0,0.134,,,,,,,,,,,
1789040641.7309,load,2,-1,29431,638.0,0.0,639.0,0.096,,,,,,,,,,,
1789040644.249,load,2,-1,29431,639.0,0.0,640.0,0.099,,,,,,,,,,,
1789040644.4205,load,2,-1,29431,640.0,0.0,641.0,0.101,,,,,,,,,,,
1789040646.0394,load,2,-1,29431,641.0,0.0,642.0,0.265,,,,,,,,,,,
1789040647.4072,load,2,-1,29431,642.0,0.0,643.0,0.091,,,,,,,,,,,
1789040647.5441,load,2,-1,29431,643.0,0.0,644.0,0.139,,,,,,,,,,,
1789040649.4233,load,2,-1,29431,644.0,0.0,645.0,0.111,,,,,,,,,,,
1789040649.9686,load,2,-1,29431,645.0,0.0,646.0,0.169,,,,,,,,,,,
1789040651.6783,load,2,-1,29431,646.0,0.0,647.0,0.137,,,,,,,,,,,
1789040652.2302,load,2,-1,29431,647.0,0.0,648.0,0.127,,,,,,,,,,,
1789040654.1309,load,2,-1,29431,648.0,0.0,649.0,0.125,,,,,,,,,,,
1789040654.5505,load,2,-1,29431,649.0,0.0,650.0,0.106,,,,,,,,,,,
1789040656.6688,load,2,-1,29431,650.0,0.0,651.0,0.172,,,,,,,,,,,
1789040657.7954,load,2,-1,29431,651.0,0.0,652.0,0.108,,,,,,,,,,,
1789040658.7412,load,2,-1,29431,652.0,0.0,653.0,0.121,,,,,,,,,,,
1789040659.9277,load,2,-1,29431,653.0,0.0,654.0,0.114,,,,,,,,,,,
1789040661.2433,load,2,-1,29431,654.0,0.0,655.0,0.102,,,,,,,,,,,
1789040662.2492,load,2,-1,29431,655.0,0.0,656.0,0.125,,,,,,,,,,,
1789040663.5103,load,2,-1,29431,656.0,0.0,657.0,0.153,,,,,,,,,,,
1789040664.3546,load,2,-1,29431,657.0,0.0,658.0,0.136,,,,,,,,,,,
1789040665.9543,load,2,-1,29431,658.0,0.0,659.0,0.105,,,,,,,,,,,
1789040666.9264,load,2,-1,29431,659.0,0.0,660.0,0.115,,,,,,,,,,,
1789040668.1569,load,2,-1,29431,660.0,0.0,661.0,0.099,,,,,,,,,,,
1789040669.587,load,2,-1,29431,661.0,0.0,662.0,0.141,,,,,,,,,,,
1789040669.7244,load,2,-1,29431,662.0,0.0,663.0,0.105,,,,,,,,,,,
1789040672.0937,load,2,-1,29431,663.0,0.0,664.0,0.267,,,,,,,,,,,
1789040672.2302,load,2,-1,29431,664.0,0.0,665.0,0.105,,,,,,,,,,,
1789040673.8662,load,2,-1,29431,665.0,0.0,666.0,0.124,,,,,,,,,,,
1789040674.7409,load,2,-1,29431,666.0,0.0,667.0,0.09,,,,,,,,,,,
1789040676.5274,load,2,-1,29431,667.0,0.0,668.0,0.139,,,,,,,,,,,
1789040676.8828,load,2,-1,29431,668.0,0.0,669.0,0.113,,,,,,,,,,,
1789040679.6247,load,2,-1,29431,669.0,0.0,670.0,0.096,,,,,,,,,,,
1789040679.7369,load,2,-1,29431,670.0,0.0,671.0,0.116,,,,,,,,,,,
1789040681.7829,load,2,-1,29431,671.0,0.0,672.0,0.12,,,,,,,,,,,
1789040683.0899,load,2,-1,29431,672.0,0.0,673.0,0.09,,,,,,,,,,,
1789040684.5974,load,2,-1,29431,673.0,0.0,674.0,0.119,,,,,,,,,,,
1789040684.8143,load,2,-1,29431,674.0,0.0,675.0,0.117,,,,,,,,,,,
1789040687.1858,load,2,-1,29431,675.0,0.0,676.0,0.145,,,,,,,,,,,
1789040687.3279,load,2,-1,29431,676.0,0.0,677.0,0.103,,,,,,,,,,,
1789040689.1072,load,2,-1,29431,677.0,0.0,678.0,0.129,,,,,,,,,,,
1789040689.5793,load,2,-1,29431,678.0,0.0,679.0,0.168,,,,,,,,,,,
1789040691.7344,load,2,-1,29431,679.0,0.0,680.0,0.181,,,,,,,,,,,
1789040691.9216,load,2,-1,29431,680.0,0.0,681.0,0.179,,,,,,,,,,,
1789040694.8336,load,2,-1,29431,681.0,0.0,682.0,0.161,,,,,,,,,,,
1789040694.9544,load,2,-1,29431,682.0,0.0,683.0,0.214,,,,,,,,,,,
1789040697.0409,load,2,-1,29431,683.0,0.0,684.0,0.211,,,,,,,,,,,
1789040697.5583,load,2,-1,29431,684.0,0.0,685.0,0.169,,,,,,,,,,,
1789040699.0711,load,2,-1,29431,685.0,0.0,686.0,0.203,,,,,,,,,,,
1789040699.9604,load,2,-1,29431,686.0,0.0,687.0,0.203,,,,,,,,,,,
1789040701.5078,load,2,-1,29431,687.0,0.0,688.0,0.161,,,,,,,,,,,
1789040702.4819,load,2,-1,29431,688.0,0.0,689.0,0.151,,,,,,,,,,,
1789040703.4219,load,2,-1,29431,689.0,0.0,690.0,0.106,,,,,,,,,,,
1789040704.8418,load,2,-1,29431,690.0,0.0,691.0,0.099,,,,,,,,,,,
1789040705.7521,load,2,-1,29431,691.0,0.0,692.0,0.131,,,,,,,,,,,
1789040706.9237,load,2,-1,29431,692.0,0.0,693.0,0.11,,,,,,,,,,,
1789040708.5949,load,2,-1,29431,693.0,0.0,694.0,0.329,,,,,,,,,,,
1789040709.644,load,2,-1,29431,694.0,0.0,695.0,0.123,,,,,,,,,,,
1789040710.4787,load,2,-1,29431,695.0,0.0,696.0,0.129,,,,,,,,,,,
1789040711.8794,load,2,-1,29431,696.0,0.0,697.0,0.097,,,,,,,,,,,
1789040712.954,load,2,-1,29431,697.0,0.0,698.0,0.163,,,,,,,,,,,
1789040714.7582,load,2,-1,29431,698.0,0.0,699.0,0.139,,,,,,,,,,,
1789040715.8837,load,2,-1,29431,699.0,0.0,700.0,0.098,,,,,,,,,,,
1789040717.0918,load,2,-1,29431,700.0,0.0,701.0,0.335,,,,,,,,,,,
1789040717.9016,load,2,-1,29431,701.0,0.0,702.0,0.198,,,,,,,,,,,
1789040719.0091,load,2,-1,29431,702.0,0.0,703.0,0.115,,,,,,,,,,,
1789040720.39,load,2,-1,29431,703.0,0.0,704.0,0.253,,,,,,,,,,,
1789040721.296,load,2,-1,29431,704.0,0.0,705.0,0.198,,,,,,,,,,,
1789040723.1869,load,2,-1,29431,705.0,0.0,706.0,0.156,,,,,,,,,,,
1789040723.6186,load,2,-1,29431,706.0,0.0,707.0,0.207,,,,,,,,,,,
1789040725.5005,load,2,-1,29431,707.0,0.0,708.0,0.204,,,,,,,,,,,
1789040726.5614,load,2,-1,29431,708.0,0.0,709.0,0.213,,,,,,,,,,,
1789040728.0036,load,2,-1,29431,709.0,0.0,710.0,0.283,,,,,,,,,,,
1789040728.7401,load,2,-1,29431,710.0,0.0,711.0,0.255,,,,,,,,,,,
1789040730.4333,load,2,-1,29431,711.0,0.0,712.0,0.307,,,,,,,,,,,
1789040731.2855,load,2,-1,29431,712.0,0.0,713.0,0.135,,,,,,,,,,,
1789040732.5115,load,2,-1,29431,713.0,0.0,714.0,0.126,,,,,,,,,,,
1789040733.6465,load,2,-1,29431,714.0,0.0,715.0,0.105,,,,,,,,,,,
1789040734.5341,load,2,-1,29431,715.0,0.0,716.0,0.121,,,,,,,,,,,
1789040736.2707,load,2,-1,29431,716.0,0.0,717.0,0.121,,,,,,,,,,,
1789040737.4658,load,2,-1,29431,717.0,0.0,718.0,0.173,,,,,,,,,,,
1789040738.7832,load,2,-1,29431,718.0,0.0,719.0,0.241,,,,,,,,,,,
1789040740.0367,load,2,-1,29431,719.0,0.0,720.0,0.188,,,,,,,,,,,
1789040741.5574,load,2,-1,29431,720.0,0.0,721.0,0.284,,,,,,,,,,,
1789040742.9429,load,2,-1,29431,721.0,0.0,722.0,0.238,,,,,,,,,,,
1789040744.2178,load,2,-1,29431,722.0,0.0,723.0,0.704,,,,,,,,,,,
1789040745.4463,load,2,-1,29431,723.0,0.0,724.0,0.32,,,,,,,,,,,
1789040746.0591,load,2,-1,29431,724.0,0.0,725.0,0.214,,,,,,,,,,,
1789040747.6099,load,2,-1,29431,725.0,0.0,726.0,0.136,,,,,,,,,,,
1789040748.6055,load,2,-1,29431,726.0,0.0,727.0,0.105,,,,,,,,,,,
1789040750.6029,load,2,-1,29431,727.0,0.0,728.0,0.413,,,,,,,,,,,
1789040751.7847,load,2,-1,29431,728.0,0.0,729.0,0.291,,,,,,,,,,,
1789040752.9229,load,2,-1,29431,729.0,0.0,730.0,0.134,,,,,,,,,,,
1789040754.2289,load,2,-1,29431,730.0,0.0,731.0,0.228,,,,,,,,,,,
1789040754.9488,load,2,-1,29431,731.0,0.0,732.0,0.185,,,,,,,,,,,
1789040756.9864,load,2,-1,29431,732.0,0.0,733.0,0.128,,,,,,,,,,,
1789040757.4465,load,2,-1,29431,733.0,0.0,734.0,0.187,,,,,,,,,,,
1789040759.4538,load,2,-1,29431,734.0,0.0,735.0,0.165,,,,,,,,,,,
1789040760.1697,load,2,-1,29431,735.0,0.0,736.0,0.129,,,,,,,,,,,
1789040761.9598,load,2,-1,29431,736.0,0.0,737.0,0.19,,,,,,,,,,,
1789040762.3573,load,2,-1,29431,737.0,0.0,738.0,0.197,,,,,,,,,,,
1789040764.7175,load,2,-1,29431,738.0,0.0,739.0,0.135,,,,,,,,,,,
1789040764.876,load,2,-1,29431,739.0,0.0,740.0,0.123,,,,,,,,,,,
1789040766.4857,load,2,-1,29431,740.0,0.0,741.0,0.139,,,,,,,,,,,
1789040767.8171,load,2,-1,29431,741.0,0.0,742.0,0.159,,,,,,,,,,,
1789040769.088,load,2,-1,29431,742.0,0.0,743.0,0.134,,,,,,,,,,,
1789040770.0661,load,2,-1,29431,743.0,0.0,744.0,0.172,,,,,,,,,,,
1789040771.3186,load,2,-1,29431,744.0,0.0,745.0,0.162,,,,,,,,,,,
1789040772.2085,load,2,-1,29431,745.0,0.0,746.0,0.691,,,,,,,,,,,
1789040773.8897,load,2,-1,29431,746.0,0.0,747.0,0.298,,,,,,,,,,,
1789040774.979,load,2,-1,29431,747.0,0.0,748.0,0.127,,,,,,,,,,,
1789040776.7332,load,2,-1,29431,748.0,0.0,749.0,0.137,,,,,,,,,,,
1789040777.1763,load,2,-1,29431,749.0,0.0,750.0,0.143,,,,,,,,,,,
1789040779.5183,load,2,-1,29431,750.0,0.0,751.0,0.129,,,,,,,,,,,
1789040779.9392,load,2,-1,29431,751.0,0.0,752.0,0.118,,,,,,,,,,,
1789040781.5438,load,2,-1,29431,752.0,0.0,753.0,0.153,,,,,,,,,,,
1789040782.1261,load,2,-1,29431,753.0,0.0,754.0,0.134,,,,,,,,,,,
1789040784.1364,load,2,-1,29431,754.0,0.0,755.0,0.344,,,,,,,,,,,
1789040784.803,load,2,-1,29431,755.0,0.0,756.0,0.149,,,,,,,,,,,
1789040786.044,load,2,-1,29431,756.0,0.0,757.0,0.246,,,,,,,,,,,
1789040787.3692,load,2,-1,29431,757.0,0.0,758.0,0.124,,,,,,,,,,,
1789040788.3068,load,2,-1,29431,758.0,0.0,759.0,0.119,,,,,,,,,,,
1789040789.6903,load,2,-1,29431,759.0,0.0,760.0,0.096,,,,,,,,,,,
1789040790.8143,load,2,-1,29431,760.0,0.0,761.0,0.113,,,,,,,,,,,
1789040792.6391,load,2,-1,29431,761.0,0.0,762.0,0.213,,,,,,,,,,,
1789040793.3317,load,2,-1,29431,762.0,0.0,763.0,0.1,,,,,,,,,,,
1789040794.7323,load,2,-1,29431,763.0,0.0,764.0,0.121,,,,,,,,,,,
1789040795.092,load,2,-1,29431,764.0,0.0,765.0,0.11,,,,,,,,,,,
1789040796.2435,load,2,-1,29431,765.0,0.0,766.0,0.101,,,,,,,,,,,
1789040797.7402,load,2,-1,29431,766.0,0.0,767.0,0.127,,,,,,,,,,,
1789040798.5583,load,2,-1,29431,767.0,0.0,768.0,0.159,,,,,,,,,,,
1789040799.8701,load,2,-1,29431,768.0,0.0,769.0,0.112,,,,,,,,,,,
1789040800.577,load,2,-1,29431,769.0,0.0,770.0,0.11,,,,,,,,,,,
1789040801.4585,load,2,-1,29431,770.0,0.0,771.0,0.131,,,,,,,,,,,
1789040803.5056,load,2,-1,29431,771.0,0.0,772.0,0.108,,,,,,,,,,,
1789040804.2258,load,2,-1,29431,772.0,0.0,773.0,0.124,,,,,,,,,,,
1789040805.8357,load,2,-1,29431,773.0,0.0,774.0,0.121,,,,,,,,,,,
1789040807.2889,load,2,-1,29431,774.0,0.0,775.0,0.105,,,,,,,,,,,
1789040808.4184,load,2,-1,29431,775.0,0.0,776.0,0.124,,,,,,,,,,,
1789040809.2431,load,2,-1,29431,776.0,0.0,777.0,0.113,,,,,,,,,,,
1789040811.0942,load,2,-1,29431,777.0,0.0,778.0,0.093,,,,,,,,,,,
1789040811.2411,load,2,-1,29431,778.0,0.0,779.0,0.11,,,,,,,,,,,
1789040813.0178,load,2,-1,29431,779.0,0.0,780.0,0.116,,,,,,,,,,,
1789040814.0073,load,2,-1,29431,780.0,0.0,781.0,0.112,,,,,,,,,,,
1789040815.5515,load,2,-1,29431,781.0,0.0,782.0,0.138,,,,,,,,,,,
1789040816.2748,load,2,-1,29431,782.0,0.0,783.0,0.14,,,,,,,,,,,
1789040818.4019,load,2,-1,29431,783.0,0.0,784.0,0.104,,,,,,,,,,,
1789040819.1358,load,2,-1,29431,784.0,0.0,785.0,0.108,,,,,,,,,,,
1789040820.8118,load,2,-1,29431,785.0,0.0,786.0,0.112,,,,,,,,,,,
1789040821.9284,load,2,-1,29431,786.0,0.0,787.0,0.096,,,,,,,,,,,
1789040823.5452,load,2,-1,29431,787.0,0.0,788.0,0.118,,,,,,,,,,,
1789040824.3721,load,2,-1,29431,788.0,0.0,789.0,0.118,,,,,,,,,,,
1789040826.5278,load,2,-1,29431,789.0,0.0,790.0,0.298,,,,,,,,,,,
1789040826.6777,load,2,-1,29431,790.0,0.0,791.0,0.127,,,,,,,,,,,
1789040828.6631,load,2,-1,29431,791.0,0.0,792.0,0.168,,,,,,,,,,,
1789040829.6836,load,2,-1,29431,792.0,0.0,793.0,0.102,,,,,,,,,,,
1789040831.0894,load,2,-1,29431,793.0,0.0,794.0,0.111,,,,,,,,,,,
1789040831.3491,load,2,-1,29431,794.0,0.0,795.0,0.108,,,,,,,,,,,
1789040833.155,load,2,-1,29431,795.0,0.0,796.0,0.099,,,,,,,,,,,
1789040833.569,load,2,-1,29431,796.0,0.0,797.0,0.133,,,,,,,,,,,
1789040835.1619,load,2,-1,29431,797.0,0.0,798.0,0.115,,,,,,,,,,,
1789040835.8112,load,2,-1,29431,798.0,0.0,799.0,0.117,,,,,,,,,,,
1789040837.7195,load,2,-1,29431,799.0,0.0,800.0,0.114,,,,,,,,,,,
1789040838.1968,load,2,-1,29431,800.0,0.0,801.0,0.108,,,,,,,,,,,
1789040840.1231,load,2,-1,29431,801.0,0.0,802.0,0.129,,,,,,,,,,,
1789040840.4387,load,2,-1,29431,802.0,0.0,803.0,0.1,,,,,,,,,,,
1789040842.409,load,2,-1,29431,803.0,0.0,804.0,0.134,,,,,,,,,,,
1789040843.3252,load,2,-1,29431,804.0,0.0,805.0,0.095,,,,,,,,,,,
1789040845.4489,load,2,-1,29431,805.0,0.0,806.0,0.114,,,,,,,,,,,
1789040845.6317,load,2,-1,29431,806.0,0.0,807.0,0.113,,,,,,,,,,,
1789040848.0827,load,2,-1,29431,807.0,0.0,808.0,0.114,,,,,,,,,,,
1789040848.2539,load,2,-1,29431,808.0,0.0,809.0,0.101,,,,,,,,,,,
1789040850.7677,load,2,-1,29431,809.0,0.0,810.0,0.114,,,,,,,,,,,
1789040851.1789,load,2,-1,29431,810.0,0.0,811.0,0.098,,,,,,,,,,,
1789040853.0888,load,2,-1,29431,811.0,0.0,812.0,0.138,,,,,,,,,,,
1789040853.4485,load,2,-1,29431,812.0,0.0,813.0,0.114,,,,,,,,,,,
1789040855.6865,load,2,-1,29431,813.0,0.0,814.0,0.118,,,,,,,,,,,
1789040855.8551,load,2,-1,29431,814.0,0.0,815.0,0.116,,,,,,,,,,,
1789040857.7296,load,2,-1,29431,815.0,0.0,816.0,0.115,,,,,,,,,,,
1789040859.0517,load,2,-1,29431,816.0,0.0,817.0,0.088,,,,,,,,,,,
1789040859.6936,load,2,-1,29431,817.0,0.0,818.0,0.113,,,,,,,,,,,
1789040861.2791,load,2,-1,29431,818.0,0.0,819.0,0.121,,,,,,,,,,,
1789040862.1927,load,2,-1,29431,819.0,0.0,820.0,0.094,,,,,,,,,,,
1789040863.5142,load,2,-1,29431,820.0,0.0,821.0,0.119,,,,,,,,,,,
1789040864.7125,load,2,-1,29431,821.0,0.0,822.0,0.132,,,,,,,,,,,
1789040866.3244,load,2,-1,29431,822.0,0.0,823.0,0.097,,,,,,,,,,,
1789040867.0053,load,2,-1,29431,823.0,0.0,824.0,0.115,,,,,,,,,,,
1789040868.2708,load,2,-1,29431,824.0,0.0,825.0,0.121,,,,,,,,,,,
1789040869.4395,load,2,-1,29431,825.0,0.0,826.0,0.115,,,,,,,,,,,
1789040871.2298,load,2,-1,29431,826.0,0.0,827.0,0.128,,,,,,,,,,,
1789040871.6664,load,2,-1,29431,827.0,0.0,828.0,0.103,,,,,,,,,,,
1789040873.4605,load,2,-1,29431,828.0,0.0,829.0,0.12,,,,,,,,,,,
1789040873.8424,load,2,-1,29431,829.0,0.0,830.0,0.122,,,,,,,,,,,
1789040875.6277,load,2,-1,29431,830.0,0.0,831.0,0.158,,,,,,,,,,,
1789040876.917,load,2,-1,29431,831.0,0.0,832.0,0.093,,,,,,,,,,,
1789040877.9561,load,2,-1,29431,832.0,0.0,833.0,0.104,,,,,,,,,,,
1789040878.9898,load,2,-1,29431,833.0,0.0,834.0,0.104,,,,,,,,,,,
1789040880.582,load,2,-1,29431,834.0,0.0,835.0,0.091,,,,,,,,,,,
1789040881.7082,load,2,-1,29431,835.0,0.0,836.0,0.131,,,,,,,,,,,
1789040882.9176,load,2,-1,29431,836.0,0.0,837.0,0.113,,,,,,,,,,,
1789040883.9299,load,2,-1,29431,837.0,0.0,838.0,0.093,,,,,,,,,,,
1789040885.1024,load,2,-1,29431,838.0,0.0,839.0,0.134,,,,,,,,,,,
1789040886.1402,load,2,-1,29431,839.0,0.0,840.0,0.158,,,,,,,,,,,
1789040887.2869,load,2,-1,29431,840.0,0.0,841.0,0.114,,,,,,,,,,,
1789040888.6217,load,2,-1,29431,841.0,0.0,842.0,0.137,,,,,,,,,,,
1789040889.9651,load,2,-1,29431,842.0,0.0,843.0,0.117,,,,,,,,,,,
1789040890.6368,load,2,-1,29431,843.0,0.0,844.0,0.097,,,,,,,,,,,
1789040892.7294,load,2,-1,29431,844.0,0.0,845.0,0.115,,,,,,,,,,,
1789040892.9743,load,2,-1,29431,845.0,0.0,846.0,0.104,,,,,,,,,,,
1789040895.3029,load,2,-1,29431,846.0,0.0,847.0,0.09,,,,,,,,,,,
1789040895.5221,load,2,-1,29431,847.0,0.0,848.0,0.097,,,,,,,,,,,
1789040897.503,load,2,-1,29431,848.0,0.0,849.0,0.111,,,,,,,,,,,
1789040898.5027,load,2,-1,29431,849.0,0.0,850.0,0.093,,,,,,,,,,,
1789040899.6868,load,2,-1,29431,850.0,0.0,851.0,0.128,,,,,,,,,,,
1789040900.6274,load,2,-1,29431,851.0,0.0,852.0,0.27,,,,,,,,,,,
1789040902.6682,load,2,-1,29431,852.0,0.0,853.0,0.111,,,,,,,,,,,
1789040903.1359,load,2,-1,29431,853.0,0.0,854.0,0.138,,,,,,,,,,,
1789040904.8869,load,2,-1,29431,854.0,0.0,855.0,0.114,,,,,,,,,,,
1789040906.3865,load,2,-1,29431,855.0,0.0,856.0,0.109,,,,,,,,,,,
1789040907.8834,load,2,-1,29431,856.0,0.0,857.0,0.142,,,,,,,,,,,
1789040908.684,load,2,-1,29431,857.0,0.0,858.0,0.107,,,,,,,,,,,
1789040910.7309,load,2,-1,29431,858.0,0.0,859.0,0.095,,,,,,,,,,,
1789040910.994,load,2,-1,29431,859.0,0.0,860.0,0.109,,,,,,,,,,,
1789040913.1691,load,2,-1,29431,860.0,0.0,861.0,0.113,,,,,,,,,,,
1789040913.7494,load,2,-1,29431,861.0,0.0,862.0,0.114,,,,,,,,,,,
1789040915.8469,load,2,-1,29431,862.0,0.0,863.0,0.12,,,,,,,,,,,
1789040916.261,load,2,-1,29431,863.0,0.0,864.0,0.112,,,,,,,,,,,
1789040918.0721,load,2,-1,29431,864.0,0.0,865.0,0.113,,,,,,,,,,,
1789040918.5201,load,2,-1,29431,865.0,0.0,866.0,0.12,,,,,,,,,,,
1789040920.1066,load,2,-1,29431,866.0,0.0,867.0,0.119,,,,,,,,,,,
1789040920.8832,load,2,-1,29431,867.0,0.0,868.0,0.115,,,,,,,,,,,
1789040922.4363,load,2,-1,29431,868.0,0.0,869.0,0.412,,,,,,,,,,,
1789040923.3588,load,2,-1,29431,869.0,0.0,870.0,0.13,,,,,,,,,,,
1789040925.1903,load,2,-1,29431,870.0,0.0,871.0,0.106,,,,,,,,,,,
1789040925.7099,load,2,-1,29431,871.0,0.0,872.0,0.113,,,,,,,,,,,
1789040927.7168,load,2,-1,29431,872.0,0.0,873.0,0.111,,,,,,,,,,,
1789040928.1138,load,2,-1,29431,873.0,0.0,874.0,0.085,,,,,,,,,,,
1789040929.6476,load,2,-1,29431,874.0,0.0,875.0,0.115,,,,,,,,,,,
1789040930.8584,load,2,-1,29431,875.0,0.0,876.0,0.115,,,,,,,,,,,
1789040932.1437,load,2,-1,29431,876.0,0.0,877.0,0.101,,,,,,,,,,,
1789040932.7221,load,2,-1,29431,877.0,0.0,878.0,0.117,,,,,,,,,,,
1789040934.2699,load,2,-1,29431,878.0,0.0,879.0,0.11,,,,,,,,,,,
1789040935.2468,load,2,-1,29431,879.0,0.0,880.0,0.101,,,,,,,,,,,
1789040936.591,load,2,-1,29431,880.0,0.0,881.0,0.117,,,,,,,,,,,
1789040937.2694,load,2,-1,29431,881.0,0.0,882.0,0.132,,,,,,,,,,,
1789040939.2649,load,2,-1,29431,882.0,0.0,883.0,0.112,,,,,,,,,,,
1789040940.1883,load,2,-1,29431,883.0,0.0,884.0,0.137,,,,,,,,,,,
1789040941.4021,load,2,-1,29431,884.0,0.0,885.0,0.122,,,,,,,,,,,
1789040943.1581,load,2,-1,29431,885.0,0.0,886.0,0.093,,,,,,,,,,,
1789040944.4979,load,2,-1,29431,886.0,0.0,887.0,0.277,,,,,,,,,,,
1789040945.3003,load,2,-1,29431,887.0,0.0,888.0,0.134,,,,,,,,,,,
1789040947.2357,load,2,-1,29431,888.0,0.0,889.0,0.09,,,,,,,,,,,
1789040948.1278,load,2,-1,29431,889.0,0.0,890.0,0.112,,,,,,,,,,,
1789040949.3332,load,2,-1,29431,890.0,0.0,891.0,0.109,,,,,,,,,,,
1789040951.1244,load,2,-1,29431,891.0,0.0,892.0,0.094,,,,,,,,,,,
1789040951.3858,load,2,-1,29431,892.0,0.0,893.0,0.101,,,,,,,,,,,
1789040953.0155,load,2,-1,29431,893.0,0.0,894.0,0.118,,,,,,,,,,,
1789040954.2424,load,2,-1,29431,894.0,0.0,895.0,0.101,,,,,,,,,,,
1789040955.1236,load,2,-1,29431,895.0,0.0,896.0,0.118,,,,,,,,,,,
1789040955.5627,load,2,-1,29431,896.0,0.0,897.0,0.12,,,,,,,,,,,
1789040958.0437,load,2,-1,29431,897.0,0.0,898.0,0.116,,,,,,,,,,,
1789040958.2484,load,2,-1,29431,898.0,0.0,899.0,0.117,,,,,,,,,,,
1789040960.4976,load,2,-1,29431,899.0,0.0,900.0,0.133,,,,,,,,,,,
1789040960.8998,load,2,-1,29431,900.0,0.0,901.0,0.095,,,,,,,,,,,
1789040962.6457,load,2,-1,29431,901.0,0.0,902.0,0.152,,,,,,,,,,,
1789040963.637,load,2,-1,29431,902.0,0.0,903.0,0.112,,,,,,,,,,,
1789040965.2343,load,2,-1,29431,903.0,0.0,904.0,0.097,,,,,,,,,,,
1789040965.7454,load,2,-1,29431,904.0,0.0,905.0,0.111,,,,,,,,,,,
1789040967.3957,load,2,-1,29431,905.0,0.0,906.0,0.111,,,,,,,,,,,
1789040968.0739,load,2,-1,29431,906.0,0.0,907.0,0.093,,,,,,,,,,,
1789040969.3504,load,2,-1,29431,907.0,0.0,908.0,0.116,,,,,,,,,,,
1789040970.4943,load,2,-1,29431,908.0,0.0,909.0,0.107,,,,,,,,,,,
1789040971.8904,load,2,-1,29431,909.0,0.0,910.0,0.093,,,,,,,,,,,
1789040972.9631,load,2,-1,29431,910.0,0.0,911.0,0.123,,,,,,,,,,,
1789040973.7378,load,2,-1,29431,911.0,0.0,912.0,0.125,,,,,,,,,,,
1789040975.5645,load,2,-1,29431,912.0,0.0,913.0,0.103,,,,,,,,,,,
1789040976.6515,load,2,-1,29431,913.0,0.0,914.0,0.11,,,,,,,,,,,
1789040978.0988,load,2,-1,29431,914.0,0.0,915.0,0.114,,,,,,,,,,,
1789040979.7794,load,2,-1,29431,915.0,0.0,916.0,0.107,,,,,,,,,,,
1789040979.9682,load,2,-1,29431,916.0,0.0,917.0,0.101,,,,,,,,,,,
1789040981.9918,load,2,-1,29431,917.0,0.0,918.0,0.116,,,,,,,,,,,
1789040982.485,load,2,-1,29431,918.0,0.0,919.0,0.107,,,,,,,,,,,
1789040984.5382,load,2,-1,29431,919.0,0.0,920.0,0.128,,,,,,,,,,,
1789040984.9209,load,2,-1,29431,920.0,0.0,921.0,0.108,,,,,,,,,,,
1789040987.3327,load,2,-1,29431,921.0,0.0,922.0,0.12,,,,,,,,,,,
1789040987.5785,load,2,-1,29431,922.0,0.0,923.0,0.105,,,,,,,,,,,
1789040989.0948,load,2,-1,29431,923.0,0.0,924.0,0.109,,,,,,,,,,,
1789040990.3218,load,2,-1,29431,924.0,0.0,925.0,0.091,,,,,,,,,,,
1789040991.8034,load,2,-1,29431,925.0,0.0,926.0,0.11,,,,,,,,,,,
1789040992.2507,load,2,-1,29431,926.0,0.0,927.0,0.113,,,,,,,,,,,
1789040994.1341,load,2,-1,29431,927.0,0.0,928.0,0.092,,,,,,,,,,,
1789040994.4787,load,2,-1,29431,928.0,0.0,929.0,0.121,,,,,,,,,,,
1789040995.9847,load,2,-1,29431,929.0,0.0,930.0,0.121,,,,,,,,,,,
1789040997.3265,load,2,-1,29431,930.0,0.0,931.0,0.092,,,,,,,,,,,
1789040998.1592,load,2,-1,29431,931.0,0.0,932.0,0.112,,,,,,,,,,,
1789040999.4555,load,2,-1,29431,932.0,0.0,933.0,0.111,,,,,,,,,,,
1789041000.8299,load,2,-1,29431,933.0,0.0,934.0,0.111,,,,,,,,,,,
1789041001.8938,load,2,-1,29431,934.0,0.0,935.0,0.115,,,,,,,,,,,
1789041002.7215,load,2,-1,29431,935.0,0.0,936.0,0.111,,,,,,,,,,,
1789041003.9374,load,2,-1,29431,936.0,0.0,937.0,0.097,,,,,,,,,,,
1789041005.464,load,2,-1,29431,937.0,0.0,938.0,0.12,,,,,,,,,,,
1789041005.6451,load,2,-1,29431,938.0,0.0,939.0,0.107,,,,,,,,,,,
1789041007.5625,load,2,-1,29431,939.0,0.0,940.0,0.103,,,,,,,,,,,
1789041007.7034,load,2,-1,29431,940.0,0.0,941.0,0.105,,,,,,,,,,,
1789041009.6898,load,2,-1,29431,941.0,0.0,942.0,0.127,,,,,,,,,,,
1789041010.1659,load,2,-1,29431,942.0,0.0,943.0,0.087,,,,,,,,,,,
1789041011.667,load,2,-1,29431,943.0,0.0,944.0,0.108,,,,,,,,,,,
1789041012.5305,load,2,-1,29431,944.0,0.0,945.0,0.113,,,,,,,,,,,
1789041014.3425,load,2,-1,29431,945.0,0.0,946.0,0.091,,,,,,,,,,,
1789041015.1647,load,2,-1,29431,946.0,0.0,947.0,0.127,,,,,,,,,,,
1789041016.5175,load,2,-1,29431,947.0,0.0,948.0,0.113,,,,,,,,,,,
1789041017.0557,load,2,-1,29431,948.0,0.0,949.0,0.091,,,,,,,,,,,
1789041019.2578,load,2,-1,29431,949.0,0.0,950.0,0.108,,,,,,,,,,,
1789041019.4392,load,2,-1,29431,950.0,0.0,951.0,0.104,,,,,,,,,,,
1789041021.721,load,2,-1,29431,951.0,0.0,952.0,0.26,,,,,,,,,,,
1789041021.8531,load,2,-1,29431,952.0,0.0,953.0,0.106,,,,,,,,,,,
1789041024.0606,load,2,-1,29431,953.0,0.0,954.0,0.133,,,,,,,,,,,
1789041025.1374,load,2,-1,29431,954.0,0.0,955.0,0.112,,,,,,,,,,,
1789041026.8666,load,2,-1,29431,955.0,0.0,956.0,0.129,,,,,,,,,,,
1789041027.8102,load,2,-1,29431,956.0,0.0,957.0,0.115,,,,,,,,,,,
1789041029.43,load,2,-1,29431,957.0,0.0,958.0,0.091,,,,,,,,,,,
1789041030.6519,load,2,-1,29431,958.0,0.0,959.0,0.109,,,,,,,,,,,
1789041032.0082,load,2,-1,29431,959.0,0.0,960.0,0.133,,,,,,,,,,,
1789041033.4328,load,2,-1,29431,960.0,0.0,961.0,0.091,,,,,,,,,,,
1789041034.1241,load,2,-1,29431,961.0,0.0,962.0,0.135,,,,,,,,,,,
1789041035.8906,load,2,-1,29431,962.0,0.0,963.0,0.103,,,,,,,,,,,
1789041036.3441,load,2,-1,29431,963.0,0.0,964.0,0.101,,,,,,,,,,,
1789041038.5266,load,2,-1,29431,964.0,0.0,965.0,0.104,,,,,,,,,,,
1789041038.8698,load,2,-1,29431,965.0,0.0,966.0,0.1,,,,,,,,,,,
1789041041.3595,load,2,-1,29431,966.0,0.0,967.0,0.088,,,,,,,,,,,
1789041041.631,load,2,-1,29431,967.0,0.0,968.0,0.099,,,,,,,,,,,
1789041043.7938,load,2,-1,29431,968.0,0.0,969.0,0.104,,,,,,,,,,,
1789041044.4972,load,2,-1,29431,969.0,0.0,970.0,0.092,,,,,,,,,,,
1789041046.3203,load,2,-1,29431,970.0,0.0,971.0,0.124,,,,,,,,,,,
1789041046.858,load,2,-1,29431,971.0,0.0,972.0,0.111,,,,,,,,,,,
1789041049.0743,load,2,-1,29431,972.0,0.0,973.0,0.104,,,,,,,,,,,
1789041049.3609,load,2,-1,29431,973.0,0.0,974.0,0.104,,,,,,,,,,,
1789041051.6751,load,2,-1,29431,974.0,0.0,975.0,0.122,,,,,,,,,,,
1789041052.0777,load,2,-1,29431,975.0,0.0,976.0,0.087,,,,,,,,,,,
1789041053.9642,load,2,-1,29431,976.0,0.0,977.0,0.158,,,,,,,,,,,
1789041054.2761,load,2,-1,29431,977.0,0.0,978.0,0.118,,,,,,,,,,,
1789041056.8506,load,2,-1,29431,978.0,0.0,979.0,0.094,,,,,,,,,,,
1789041057.0138,load,2,-1,29431,979.0,0.0,980.0,0.11,,,,,,,,,,,
1789041059.0004,load,2,-1,29431,980.0,0.0,981.0,0.109,,,,,,,,,,,
1789041059.5974,load,2,-1,29431,981.0,0.0,982.0,0.114,,,,,,,,,,,
1789041061.2922,load,2,-1,29431,982.0,0.0,983.0,0.111,,,,,,,,,,,
1789041061.7757,load,2,-1,29431,983.0,0.0,984.0,0.132,,,,,,,,,,,
1789041064.2244,load,2,-1,29431,984.0,0.0,985.0,0.101,,,,,,,,,,,
1789041064.9091,load,2,-1,29431,985.0,0.0,986.0,0.116,,,,,,,,,,,
1789041066.1988,load,2,-1,29431,986.0,0.0,987.0,0.113,,,,,,,,,,,
1789041067.6535,load,2,-1,29431,987.0,0.0,988.0,0.099,,,,,,,,,,,
1789041068.1451,load,2,-1,29431,988.0,0.0,989.0,0.123,,,,,,,,,,,
1789041069.392,load,2,-1,29431,989.0,0.0,990.0,0.138,,,,,,,,,,,
1789041070.3882,load,2,-1,29431,990.0,0.0,991.0,0.09,,,,,,,,,,,
1789041071.7202,load,2,-1,29431,991.0,0.0,992.0,0.114,,,,,,,,,,,
1789041073.3504,load,2,-1,29431,992.0,0.0,993.0,0.111,,,,,,,,,,,
1789041074.6799,load,2,-1,29431,993.0,0.0,994.0,0.094,,,,,,,,,,,
1789041075.7346,load,2,-1,29431,994.0,0.0,995.0,0.121,,,,,,,,,,,
1789041076.833,load,2,-1,29431,995.0,0.0,996.0,0.11,,,,,,,,,,,
1789041078.1019,load,2,-1,29431,996.0,0.0,997.0,0.116,,,,,,,,,,,
1789041078.9712,load,2,-1,29431,997.0,0.0,998.0,0.11,,,,,,,,,,,
1789041080.0205,load,2,-1,29431,998.0,0.0,999.0,0.111,,,,,,,,,,,
1789041082.0883,load,2,-1,29431,999.0,0.0,1000.0,0.102,,,,,,,,,,,
1789039865.8311,load,0,-1,29429,0.0,0.0,1.0,2525.112,,,,,,,,,,,
1789039868.236,load,0,-1,29429,1.0,0.0,2.0,0.298,,,,,,,,,,,
1789039868.371,load,0,-1,29429,2.0,0.0,3.0,0.156,,,,,,,,,,,
1789039869.4251,load,0,-1,29429,3.0,0.0,4.0,0.193,,,,,,,,,,,
1789039869.6831,load,0,-1,29429,4.0,0.0,5.0,0.152,,,,,,,,,,,
1789039871.5217,load,0,-1,29429,5.0,0.0,6.0,0.144,,,,,,,,,,,
1789039872.4578,load,0,-1,29429,6.0,0.0,7.0,0.122,,,,,,,,,,,
1789039874.0748,load,0,-1,29429,7.0,0.0,8.0,0.148,,,,,,,,,,,
1789039874.8235,load,0,-1,29429,8.0,0.0,9.0,0.143,,,,,,,,,,,
1789039876.613,load,0,-1,29429,9.0,0.0,10.0,0.121,,,,,,,,,,,
1789039877.2851,load,0,-1,29429,10.0,0.0,11.0,0.177,,,,,,,,,,,
1789039878.4789,load,0,-1,29429,11.0,0.0,12.0,0.153,,,,,,,,,,,
1789039880.4162,load,0,-1,29429,12.0,0.0,13.0,0.149,,,,,,,,,,,
1789039881.0015,load,0,-1,29429,13.0,0.0,14.0,0.161,,,,,,,,,,,
1789039882.3139,load,0,-1,29429,14.0,0.0,15.0,0.173,,,,,,,,,,,
1789039883.1679,load,0,-1,29429,15.0,0.0,16.0,0.14,,,,,,,,,,,
1789039884.64,load,0,-1,29429,16.0,0.0,17.0,0.135,,,,,,,,,,,
1789039885.2421,load,0,-1,29429,17.0,0.0,18.0,0.143,,,,,,,,,,,
1789039887.1985,load,0,-1,29429,18.0,0.0,19.0,0.114,,,,,,,,,,,
1789039888.0675,load,0,-1,29429,19.0,0.0,20.0,0.146,,,,,,,,,,,
1789039890.0896,load,0,-1,29429,20.0,0.0,21.0,0.133,,,,,,,,,,,
1789039890.9062,load,0,-1,29429,21.0,0.0,22.0,0.146,,,,,,,,,,,
1789039892.6253,load,0,-1,29429,22.0,0.0,23.0,0.139,,,,,,,,,,,
1789039893.5726,load,0,-1,29429,23.0,0.0,24.0,0.134,,,,,,,,,,,
1789039894.5603,load,0,-1,29429,24.0,0.0,25.0,0.117,,,,,,,,,,,
1789039895.8668,load,0,-1,29429,25.0,0.0,26.0,0.147,,,,,,,,,,,
1789039897.3316,load,0,-1,29429,26.0,0.0,27.0,0.133,,,,,,,,,,,
1789039897.7489,load,0,-1,29429,27.0,0.0,28.0,0.163,,,,,,,,,,,
1789039900.0889,load,0,-1,29429,28.0,0.0,29.0,0.133,,,,,,,,,,,
1789039900.2642,load,0,-1,29429,29.0,0.0,30.0,0.138,,,,,,,,,,,
1789039902.791,load,0,-1,29429,30.0,0.0,31.0,0.116,,,,,,,,,,,
1789039903.0163,load,0,-1,29429,31.0,0.0,32.0,0.122,,,,,,,,,,,
1789039905.239,load,0,-1,29429,32.0,0.0,33.0,0.148,,,,,,,,,,,
1789039905.6477,load,0,-1,29429,33.0,0.0,34.0,0.115,,,,,,,,,,,
1789039907.6331,load,0,-1,29429,34.0,0.0,35.0,0.132,,,,,,,,,,,
1789039908.2662,load,0,-1,29429,35.0,0.0,36.0,0.121,,,,,,,,,,,
1789039910.2488,load,0,-1,29429,36.0,0.0,37.0,0.128,,,,,,,,,,,
1789039910.6352,load,0,-1,29429,37.0,0.0,38.0,0.14,,,,,,,,,,,
1789039912.2224,load,0,-1,29429,38.0,0.0,39.0,0.144,,,,,,,,,,,
1789039913.3475,load,0,-1,29429,39.0,0.0,40.0,0.123,,,,,,,,,,,
1789039914.8717,load,0,-1,29429,40.0,0.0,41.0,0.142,,,,,,,,,,,
1789039915.9702,load,0,-1,29429,41.0,0.0,42.0,0.144,,,,,,,,,,,
1789039917.3891,load,0,-1,29429,42.0,0.0,43.0,0.12,,,,,,,,,,,
1789039918.4374,load,0,-1,29429,43.0,0.0,44.0,0.137,,,,,,,,,,,
1789039919.0971,load,0,-1,29429,44.0,0.0,45.0,0.137,,,,,,,,,,,
1789039921.1296,load,0,-1,29429,45.0,0.0,46.0,0.123,,,,,,,,,,,
1789039921.4082,load,0,-1,29429,46.0,0.0,47.0,0.141,,,,,,,,,,,
1789039923.219,load,0,-1,29429,47.0,0.0,48.0,0.142,,,,,,,,,,,
1789039924.5748,load,0,-1,29429,48.0,0.0,49.0,0.151,,,,,,,,,,,
1789039925.0398,load,0,-1,29429,49.0,0.0,50.0,0.161,,,,,,,,,,,
1789039926.9002,load,0,-1,29429,50.0,0.0,51.0,0.209,,,,,,,,,,,
1789039927.3227,load,0,-1,29429,51.0,0.0,52.0,0.119,,,,,,,,,,,
1789039929.8753,load,0,-1,29429,52.0,0.0,53.0,0.139,,,,,,,,,,,
1789039930.0679,load,0,-1,29429,53.0,0.0,54.0,0.128,,,,,,,,,,,
1789039932.6912,load,0,-1,29429,54.0,0.0,55.0,0.121,,,,,,,,,,,
1789039932.8416,load,0,-1,29429,55.0,0.0,56.0,0.122,,,,,,,,,,,
1789039934.7839,load,0,-1,29429,56.0,0.0,57.0,0.138,,,,,,,,,,,
1789039935.2396,load,0,-1,29429,57.0,0.0,58.0,0.119,,,,,,,,,,,
1789039937.185,load,0,-1,29429,58.0,0.0,59.0,0.134,,,,,,,,,,,
1789039937.5497,load,0,-1,29429,59.0,0.0,60.0,0.151,,,,,,,,,,,
1789039939.791,load,0,-1,29429,60.0,0.0,61.0,0.15,,,,,,,,,,,
1789039939.9809,load,0,-1,29429,61.0,0.0,62.0,0.138,,,,,,,,,,,
1789039942.1438,load,0,-1,29429,62.0,0.0,63.0,0.147,,,,,,,,,,,
1789039943.0457,load,0,-1,29429,63.0,0.0,64.0,0.125,,,,,,,,,,,
1789039945.0924,load,0,-1,29429,64.0,0.0,65.0,0.168,,,,,,,,,,,
1789039945.5672,load,0,-1,29429,65.0,0.0,66.0,0.129,,,,,,,,,,,
1789039947.5742,load,0,-1,29429,66.0,0.0,67.0,0.117,,,,,,,,,,,
1789039947.7484,load,0,-1,29429,67.0,0.0,68.0,0.145,,,,,,,,,,,
1789039949.8574,load,0,-1,29429,68.0,0.0,69.0,0.155,,,,,,,,,,,
1789039950.3778,load,0,-1,29429,69.0,0.0,70.0,0.128,,,,,,,,,,,
1789039951.8487,load,0,-1,29429,70.0,0.0,71.0,0.153,,,,,,,,,,,
1789039952.2422,load,0,-1,29429,71.0,0.0,72.0,0.135,,,,,,,,,,,
1789039954.5607,load,0,-1,29429,72.0,0.0,73.0,0.153,,,,,,,,,,,
1789039954.9105,load,0,-1,29429,73.0,0.0,74.0,0.141,,,,,,,,,,,
1789039957.1897,load,0,-1,29429,74.0,0.0,75.0,0.131,,,,,,,,,,,
1789039957.642,load,0,-1,29429,75.0,0.0,76.0,0.124,,,,,,,,,,,
1789039959.4755,load,0,-1,29429,76.0,0.0,77.0,0.134,,,,,,,,,,,
1789039959.907,load,0,-1,29429,77.0,0.0,78.0,0.132,,,,,,,,,,,
1789039961.9617,load,0,-1,29429,78.0,0.0,79.0,0.112,,,,,,,,,,,
1789039962.1165,load,0,-1,29429,79.0,0.0,80.0,0.124,,,,,,,,,,,
1789039964.071,load,0,-1,29429,80.0,0.0,81.0,0.135,,,,,,,,,,,
1789039964.6515,load,0,-1,29429,81.0,0.0,82.0,0.174,,,,,,,,,,,
1789039966.0086,load,0,-1,29429,82.0,0.0,83.0,0.147,,,,,,,,,,,
1789039967.0998,load,0,-1,29429,83.0,0.0,84.0,0.139,,,,,,,,,,,
1789039968.9504,load,0,-1,29429,84.0,0.0,85.0,0.141,,,,,,,,,,,
1789039970.095,load,0,-1,29429,85.0,0.0,86.0,0.137,,,,,,,,,,,
1789039971.1553,load,0,-1,29429,86.0,0.0,87.0,0.148,,,,,,,,,,,
1789039972.0191,load,0,-1,29429,87.0,0.0,88.0,0.145,,,,,,,,,,,
1789039973.4138,load,0,-1,29429,88.0,0.0,89.0,0.143,,,,,,,,,,,
1789039974.3232,load,0,-1,29429,89.0,0.0,90.0,0.128,,,,,,,,,,,
1789039975.4917,load,0,-1,29429,90.0,0.0,91.0,0.117,,,,,,,,,,,
1789039976.5294,load,0,-1,29429,91.0,0.0,92.0,0.134,,,,,,,,,,,
1789039978.2265,load,0,-1,29429,92.0,0.0,93.0,0.137,,,,,,,,,,,
1789039978.8765,load,0,-1,29429,93.0,0.0,94.0,0.122,,,,,,,,,,,
1789039980.0376,load,0,-1,29429,94.0,0.0,95.0,0.135,,,,,,,,,,,
1789039980.9451,load,0,-1,29429,95.0,0.0,96.0,0.134,,,,,,,,,,,
1789039982.533,load,0,-1,29429,96.0,0.0,97.0,0.126,,,,,,,,,,,
1789039983.9629,load,0,-1,29429,97.0,0.0,98.0,0.135,,,,,,,,,,,
1789039984.3729,load,0,-1,29429,98.0,0.0,99.0,0.133,,,,,,,,,,,
1789039986.9078,load,0,-1,29429,99.0,0.0,100.0,0.119,,,,,,,,,,,
1789039987.0304,load,0,-1,29429,100.0,0.0,101.0,0.121,,,,,,,,,,,
1789039989.4878,load,0,-1,29429,101.0,0.0,102.0,0.146,,,,,,,,,,,
1789039989.8587,load,0,-1,29429,102.0,0.0,103.0,0.118,,,,,,,,,,,
1789039992.0448,load,0,-1,29429,103.0,0.0,104.0,0.136,,,,,,,,,,,
1789039992.2253,load,0,-1,29429,104.0,0.0,105.0,0.133,,,,,,,,,,,
1789039994.7935,load,0,-1,29429,105.0,0.0,106.0,0.137,,,,,,,,,,,
1789039994.9657,load,0,-1,29429,106.0,0.0,107.0,0.124,,,,,,,,,,,
1789039996.6789,load,0,-1,29429,107.0,0.0,108.0,0.166,,,,,,,,,,,
1789039997.1469,load,0,-1,29429,108.0,0.0,109.0,0.125,,,,,,,,,,,
1789039999.3457,load,0,-1,29429,109.0,0.0,110.0,0.134,,,,,,,,,,,
1789039999.5655,load,0,-1,29429,110.0,0.0,111.0,0.129,,,,,,,,,,,
1789040002.6063,load,0,-1,29429,111.0,0.0,112.0,0.122,,,,,,,,,,,
1789040002.7862,load,0,-1,29429,112.0,0.0,113.0,0.122,,,,,,,,,,,
1789040004.4463,load,0,-1,29429,113.0,0.0,114.0,0.128,,,,,,,,,,,
1789040005.2407,load,0,-1,29429,114.0,0.0,115.0,0.115,,,,,,,,,,,
1789040007.4326,load,0,-1,29429,115.0,0.0,116.0,0.128,,,,,,,,,,,
1789040007.6134,load,0,-1,29429,116.0,0.0,117.0,0.127,,,,,,,,,,,
1789040010.0387,load,0,-1,29429,117.0,0.0,118.0,0.112,,,,,,,,,,,
1789040010.1923,load,0,-1,29429,118.0,0.0,119.0,0.128,,,,,,,,,,,
1789040012.1943,load,0,-1,29429,119.0,0.0,120.0,0.133,,,,,,,,,,,
1789040012.8602,load,0,-1,29429,120.0,0.0,121.0,0.119,,,,,,,,,,,
1789040014.7313,load,0,-1,29429,121.0,0.0,122.0,0.16,,,,,,,,,,,
1789040015.124,load,0,-1,29429,122.0,0.0,123.0,0.159,,,,,,,,,,,
1789040017.253,load,0,-1,29429,123.0,0.0,124.0,0.123,,,,,,,,,,,
1789040017.3636,load,0,-1,29429,124.0,0.0,125.0,0.12,,,,,,,,,,,
1789040019.1657,load,0,-1,29429,125.0,0.0,126.0,0.138,,,,,,,,,,,
1789040019.6086,load,0,-1,29429,126.0,0.0,127.0,0.134,,,,,,,,,,,
1789040021.378,load,0,-1,29429,127.0,0.0,128.0,0.154,,,,,,,,,,,
1789040021.8268,load,0,-1,29429,128.0,0.0,129.0,0.124,,,,,,,,,,,
1789040024.064,load,0,-1,29429,129.0,0.0,130.0,0.12,,,,,,,,,,,
1789040024.2332,load,0,-1,29429,130.0,0.0,131.0,0.128,,,,,,,,,,,
1789040026.2167,load,0,-1,29429,131.0,0.0,132.0,0.136,,,,,,,,,,,
1789040026.6922,load,0,-1,29429,132.0,0.0,133.0,0.11,,,,,,,,,,,
1789040028.9558,load,0,-1,29429,133.0,0.0,134.0,0.139,,,,,,,,,,,
1789040029.1368,load,0,-1,29429,134.0,0.0,135.0,0.116,,,,,,,,,,,
1789040031.8168,load,0,-1,29429,135.0,0.0,136.0,0.114,,,,,,,,,,,
1789040031.9548,load,0,-1,29429,136.0,0.0,137.0,0.141,,,,,,,,,,,
1789040034.1252,load,0,-1,29429,137.0,0.0,138.0,0.146,,,,,,,,,,,
1789040034.5725,load,0,-1,29429,138.0,0.0,139.0,0.114,,,,,,,,,,,
1789040036.2375,load,0,-1,29429,139.0,0.0,140.0,0.141,,,,,,,,,,,
1789040036.9579,load,0,-1,29429,140.0,0.0,141.0,0.133,,,,,,,,,,,
1789040038.5541,load,0,-1,29429,141.0,0.0,142.0,0.167,,,,,,,,,,,
1789040038.9548,load,0,-1,29429,142.0,0.0,143.0,0.139,,,,,,,,,,,
1789040041.0013,load,0,-1,29429,143.0,0.0,144.0,0.156,,,,,,,,,,,
1789040041.5489,load,0,-1,29429,144.0,0.0,145.0,0.148,,,,,,,,,,,
1789040043.4998,load,0,-1,29429,145.0,0.0,146.0,0.167,,,,,,,,,,,
1789040043.6754,load,0,-1,29429,146.0,0.0,147.0,0.133,,,,,,,,,,,
1789040046.0158,load,0,-1,29429,147.0,0.0,148.0,0.121,,,,,,,,,,,
1789040046.1436,load,0,-1,29429,148.0,0.0,149.0,0.129,,,,,,,,,,,
1789040048.4463,load,0,-1,29429,149.0,0.0,150.0,0.139,,,,,,,,,,,
1789040049.0574,load,0,-1,29429,150.0,0.0,151.0,0.113,,,,,,,,,,,
1789040050.4537,load,0,-1,29429,151.0,0.0,152.0,0.148,,,,,,,,,,,
1789040051.6581,load,0,-1,29429,152.0,0.0,153.0,0.135,,,,,,,,,,,
1789040053.1565,load,0,-1,29429,153.0,0.0,154.0,0.118,,,,,,,,,,,
1789040054.513,load,0,-1,29429,154.0,0.0,155.0,0.14,,,,,,,,,,,
1789040054.9619,load,0,-1,29429,155.0,0.0,156.0,0.126,,,,,,,,,,,
1789040057.4448,load,0,-1,29429,156.0,0.0,157.0,0.116,,,,,,,,,,,
1789040057.6249,load,0,-1,29429,157.0,0.0,158.0,0.125,,,,,,,,,,,
1789040059.3087,load,0,-1,29429,158.0,0.0,159.0,0.143,,,,,,,,,,,
1789040060.5027,load,0,-1,29429,159.0,0.0,160.0,0.12,,,,,,,,,,,
1789040061.5423,load,0,-1,29429,160.0,0.0,161.0,0.132,,,,,,,,,,,
1789040062.5295,load,0,-1,29429,161.0,0.0,162.0,0.131,,,,,,,,,,,
1789040064.3156,load,0,-1,29429,162.0,0.0,163.0,0.145,,,,,,,,,,,
1789040064.7367,load,0,-1,29429,163.0,0.0,164.0,0.122,,,,,,,,,,,
1789040066.7854,load,0,-1,29429,164.0,0.0,165.0,0.156,,,,,,,,,,,
1789040067.2808,load,0,-1,29429,165.0,0.0,166.0,0.12,,,,,,,,,,,
1789040069.0866,load,0,-1,29429,166.0,0.0,167.0,0.143,,,,,,,,,,,
1789040069.4446,load,0,-1,29429,167.0,0.0,168.0,0.15,,,,,,,,,,,
1789040071.7644,load,0,-1,29429,168.0,0.0,169.0,0.175,,,,,,,,,,,
1789040071.914,load,0,-1,29429,169.0,0.0,170.0,0.122,,,,,,,,,,,
1789040073.7089,load,0,-1,29429,170.0,0.0,171.0,0.136,,,,,,,,,,,
1789040074.1429,load,0,-1,29429,171.0,0.0,172.0,0.108,,,,,,,,,,,
1789040075.8642,load,0,-1,29429,172.0,0.0,173.0,0.152,,,,,,,,,,,
1789040076.2652,load,0,-1,29429,173.0,0.0,174.0,0.137,,,,,,,,,,,
1789040077.923,load,0,-1,29429,174.0,0.0,175.0,0.123,,,,,,,,,,,
1789040078.2217,load,0,-1,29429,175.0,0.0,176.0,0.135,,,,,,,,,,,
1789040079.7021,load,0,-1,29429,176.0,0.0,177.0,0.139,,,,,,,,,,,
1789040080.6885,load,0,-1,29429,177.0,0.0,178.0,0.121,,,,,,,,,,,
1789040081.8364,load,0,-1,29429,178.0,0.0,179.0,0.193,,,,,,,,,,,
1789040083.203,load,0,-1,29429,179.0,0.0,180.0,0.14,,,,,,,,,,,
1789040084.2606,load,0,-1,29429,180.0,0.0,181.0,0.145,,,,,,,,,,,
1789040085.9716,load,0,-1,29429,181.0,0.0,182.0,0.146,,,,,,,,,,,
1789040087.3143,load,0,-1,29429,182.0,0.0,183.0,0.124,,,,,,,,,,,
1789040088.522,load,0,-1,29429,183.0,0.0,184.0,0.12,,,,,,,,,,,
1789040089.5243,load,0,-1,29429,184.0,0.0,185.0,0.149,,,,,,,,,,,
1789040090.7019,load,0,-1,29429,185.0,0.0,186.0,0.132,,,,,,,,,,,
1789040092.0849,load,0,-1,29429,186.0,0.0,187.0,0.109,,,,,,,,,,,
1789040093.2155,load,0,-1,29429,187.0,0.0,188.0,0.134,,,,,,,,,,,
1789040093.3964,load,0,-1,29429,188.0,0.0,189.0,0.125,,,,,,,,,,,
1789040096.198,load,0,-1,29429,189.0,0.0,190.0,0.279,,,,,,,,,,,
1789040096.3481,load,0,-1,29429,190.0,0.0,191.0,0.128,,,,,,,,,,,
1789040098.1997,load,0,-1,29429,191.0,0.0,192.0,0.152,,,,,,,,,,,
1789040098.8783,load,0,-1,29429,192.0,0.0,193.0,0.115,,,,,,,,,,,
1789040100.4336,load,0,-1,29429,193.0,0.0,194.0,0.16,,,,,,,,,,,
1789040100.8725,load,0,-1,29429,194.0,0.0,195.0,0.124,,,,,,,,,,,
1789040103.3806,load,0,-1,29429,195.0,0.0,196.0,0.134,,,,,,,,,,,
1789040103.5512,load,0,-1,29429,196.0,0.0,197.0,0.131,,,,,,,,,,,
1789040105.6216,load,0,-1,29429,197.0,0.0,198.0,0.132,,,,,,,,,,,
1789040106.1224,load,0,-1,29429,198.0,0.0,199.0,0.112,,,,,,,,,,,
1789040107.6819,load,0,-1,29429,199.0,0.0,200.0,0.128,,,,,,,,,,,
1789040107.9416,load,0,-1,29429,200.0,0.0,201.0,0.127,,,,,,,,,,,
1789040110.3452,load,0,-1,29429,201.0,0.0,202.0,0.14,,,,,,,,,,,
1789040110.5618,load,0,-1,29429,202.0,0.0,203.0,0.129,,,,,,,,,,,
1789040112.3194,load,0,-1,29429,203.0,0.0,204.0,0.147,,,,,,,,,,,
1789040113.0219,load,0,-1,29429,204.0,0.0,205.0,0.142,,,,,,,,,,,
1789040115.0242,load,0,-1,29429,205.0,0.0,206.0,0.137,,,,,,,,,,,
1789040115.2051,load,0,-1,29429,206.0,0.0,207.0,0.123,,,,,,,,,,,
1789040117.6711,load,0,-1,29429,207.0,0.0,208.0,0.146,,,,,,,,,,,
1789040117.7841,load,0,-1,29429,208.0,0.0,209.0,0.18,,,,,,,,,,,
1789040119.8231,load,0,-1,29429,209.0,0.0,210.0,0.13,,,,,,,,,,,
1789040120.3937,load,0,-1,29429,210.0,0.0,211.0,0.112,,,,,,,,,,,
1789040122.5405,load,0,-1,29429,211.0,0.0,212.0,0.135,,,,,,,,,,,
1789040123.1932,load,0,-1,29429,212.0,0.0,213.0,0.124,,,,,,,,,,,
1789040125.4798,load,0,-1,29429,213.0,0.0,214.0,0.256,,,,,,,,,,,
1789040125.638,load,0,-1,29429,214.0,0.0,215.0,0.121,,,,,,,,,,,
1789040127.8227,load,0,-1,29429,215.0,0.0,216.0,0.143,,,,,,,,,,,
1789040128.2889,load,0,-1,29429,216.0,0.0,217.0,0.109,,,,,,,,,,,
1789040130.3146,load,0,-1,29429,217.0,0.0,218.0,0.127,,,,,,,,,,,
1789040131.0176,load,0,-1,29429,218.0,0.0,219.0,0.123,,,,,,,,,,,
1789040132.6509,load,0,-1,29429,219.0,0.0,220.0,0.133,,,,,,,,,,,
1789040132.8219,load,0,-1,29429,220.0,0.0,221.0,0.124,,,,,,,,,,,
1789040134.7716,load,0,-1,29429,221.0,0.0,222.0,0.177,,,,,,,,,,,
1789040135.171,load,0,-1,29429,222.0,0.0,223.0,0.114,,,,,,,,,,,
1789040136.8636,load,0,-1,29429,223.0,0.0,224.0,0.144,,,,,,,,,,,
1789040137.2002,load,0,-1,29429,224.0,0.0,225.0,0.136,,,,,,,,,,,
1789040139.1797,load,0,-1,29429,225.0,0.0,226.0,0.114,,,,,,,,,,,
1789040139.3608,load,0,-1,29429,226.0,0.0,227.0,0.124,,,,,,,,,,,
1789040141.1607,load,0,-1,29429,227.0,0.0,228.0,0.138,,,,,,,,,,,
1789040142.5036,load,0,-1,29429,228.0,0.0,229.0,0.114,,,,,,,,,,,
1789040143.168,load,0,-1,29429,229.0,0.0,230.0,0.129,,,,,,,,,,,
1789040144.5824,load,0,-1,29429,230.0,0.0,231.0,0.326,,,,,,,,,,,
1789040145.8555,load,0,-1,29429,231.0,0.0,232.0,0.164,,,,,,,,,,,
1789040146.6251,load,0,-1,29429,232.0,0.0,233.0,0.125,,,,,,,,,,,
1789040148.0478,load,0,-1,29429,233.0,0.0,234.0,0.124,,,,,,,,,,,
1789040149.4911,load,0,-1,29429,234.0,0.0,235.0,0.116,,,,,,,,,,,
1789040150.7667,load,0,-1,29429,235.0,0.0,236.0,0.128,,,,,,,,,,,
1789040151.7472,load,0,-1,29429,236.0,0.0,237.0,0.125,,,,,,,,,,,
1789040153.6817,load,0,-1,29429,237.0,0.0,238.0,0.149,,,,,,,,,,,
1789040153.8939,load,0,-1,29429,238.0,0.0,239.0,0.128,,,,,,,,,,,
1789040155.6314,load,0,-1,29429,239.0,0.0,240.0,0.147,,,,,,,,,,,
1789040156.1,load,0,-1,29429,240.0,0.0,241.0,0.16,,,,,,,,,,,
1789040158.0911,load,0,-1,29429,241.0,0.0,242.0,0.13,,,,,,,,,,,
1789040158.2662,load,0,-1,29429,242.0,0.0,243.0,0.12,,,,,,,,,,,
1789040160.6079,load,0,-1,29429,243.0,0.0,244.0,0.108,,,,,,,,,,,
1789040160.8043,load,0,-1,29429,244.0,0.0,245.0,0.123,,,,,,,,,,,
1789040162.6845,load,0,-1,29429,245.0,0.0,246.0,0.125,,,,,,,,,,,
1789040163.7163,load,0,-1,29429,246.0,0.0,247.0,0.128,,,,,,,,,,,
1789040164.9883,load,0,-1,29429,247.0,0.0,248.0,0.135,,,,,,,,,,,
1789040165.8536,load,0,-1,29429,248.0,0.0,249.0,0.188,,,,,,,,,,,
1789040167.4659,load,0,-1,29429,249.0,0.0,250.0,0.168,,,,,,,,,,,
1789040168.3581,load,0,-1,29429,250.0,0.0,251.0,0.131,,,,,,,,,,,
1789040169.7843,load,0,-1,29429,251.0,0.0,252.0,0.159,,,,,,,,,,,
1789040170.8183,load,0,-1,29429,252.0,0.0,253.0,0.115,,,,,,,,,,,
1789040172.532,load,0,-1,29429,253.0,0.0,254.0,0.149,,,,,,,,,,,
1789040172.8433,load,0,-1,29429,254.0,0.0,255.0,0.125,,,,,,,,,,,
1789040175.0739,load,0,-1,29429,255.0,0.0,256.0,0.114,,,,,,,,,,,
1789040175.3918,load,0,-1,29429,256.0,0.0,257.0,0.131,,,,,,,,,,,
1789040177.5249,load,0,-1,29429,257.0,0.0,258.0,0.143,,,,,,,,,,,
1789040177.9801,load,0,-1,29429,258.0,0.0,259.0,0.128,,,,,,,,,,,
1789040179.6073,load,0,-1,29429,259.0,0.0,260.0,0.16,,,,,,,,,,,
1789040180.308,load,0,-1,29429,260.0,0.0,261.0,0.129,,,,,,,,,,,
1789040182.2112,load,0,-1,29429,261.0,0.0,262.0,0.182,,,,,,,,,,,
1789040182.4677,load,0,-1,29429,262.0,0.0,263.0,0.119,,,,,,,,,,,
1789040183.9462,load,0,-1,29429,263.0,0.0,264.0,0.135,,,,,,,,,,,
1789040185.8534,load,0,-1,29429,264.0,0.0,265.0,0.12,,,,,,,,,,,
1789040185.9872,load,0,-1,29429,265.0,0.0,266.0,0.112,,,,,,,,,,,
1789040187.5868,load,0,-1,29429,266.0,0.0,267.0,0.12,,,,,,,,,,,
1789040188.011,load,0,-1,29429,267.0,0.0,268.0,0.11,,,,,,,,,,,
1789040190.42,load,0,-1,29429,268.0,0.0,269.0,0.146,,,,,,,,,,,
1789040190.7912,load,0,-1,29429,269.0,0.0,270.0,0.145,,,,,,,,,,,
1789040192.6458,load,0,-1,29429,270.0,0.0,271.0,0.132,,,,,,,,,,,
1789040193.0672,load,0,-1,29429,271.0,0.0,272.0,0.13,,,,,,,,,,,
1789040194.9763,load,0,-1,29429,272.0,0.0,273.0,0.151,,,,,,,,,,,
1789040195.9825,load,0,-1,29429,273.0,0.0,274.0,0.155,,,,,,,,,,,
1789040197.4188,load,0,-1,29429,274.0,0.0,275.0,0.126,,,,,,,,,,,
1789040197.6003,load,0,-1,29429,275.0,0.0,276.0,0.112,,,,,,,,,,,
1789040200.0937,load,0,-1,29429,276.0,0.0,277.0,0.114,,,,,,,,,,,
1789040200.2363,load,0,-1,29429,277.0,0.0,278.0,0.138,,,,,,,,,,,
1789040202.1998,load,0,-1,29429,278.0,0.0,279.0,0.127,,,,,,,,,,,
1789040202.6039,load,0,-1,29429,279.0,0.0,280.0,0.124,,,,,,,,,,,
1789040204.4689,load,0,-1,29429,280.0,0.0,281.0,0.124,,,,,,,,,,,
1789040204.7414,load,0,-1,29429,281.0,0.0,282.0,0.171,,,,,,,,,,,
1789040207.1906,load,0,-1,29429,282.0,0.0,283.0,0.13,,,,,,,,,,,
1789040207.4213,load,0,-1,29429,283.0,0.0,284.0,0.126,,,,,,,,,,,
1789040209.546,load,0,-1,29429,284.0,0.0,285.0,0.155,,,,,,,,,,,
1789040210.7199,load,0,-1,29429,285.0,0.0,286.0,0.141,,,,,,,,,,,
1789040212.5008,load,0,-1,29429,286.0,0.0,287.0,0.155,,,,,,,,,,,
1789040213.2835,load,0,-1,29429,287.0,0.0,288.0,0.135,,,,,,,,,,,
1789040214.9503,load,0,-1,29429,288.0,0.0,289.0,0.121,,,,,,,,,,,
1789040215.2209,load,0,-1,29429,289.0,0.0,290.0,0.123,,,,,,,,,,,
1789040217.0206,load,0,-1,29429,290.0,0.0,291.0,0.144,,,,,,,,,,,
1789040217.4277,load,0,-1,29429,291.0,0.0,292.0,0.112,,,,,,,,,,,
1789040219.3409,load,0,-1,29429,292.0,0.0,293.0,0.14,,,,,,,,,,,
1789040219.5595,load,0,-1,29429,293.0,0.0,294.0,0.123,,,,,,,,,,,
1789040221.9625,load,0,-1,29429,294.0,0.0,295.0,0.125,,,,,,,,,,,
1789040222.1325,load,0,-1,29429,295.0,0.0,296.0,0.123,,,,,,,,,,,
1789040224.6073,load,0,-1,29429,296.0,0.0,297.0,0.142,,,,,,,,,,,
1789040225.0735,load,0,-1,29429,297.0,0.0,298.0,0.148,,,,,,,,,,,
1789040227.0742,load,0,-1,29429,298.0,0.0,299.0,0.15,,,,,,,,,,,
1789040227.2719,load,0,-1,29429,299.0,0.0,300.0,0.142,,,,,,,,,,,
1789040229.6161,load,0,-1,29429,300.0,0.0,301.0,0.142,,,,,,,,,,,
1789040229.9665,load,0,-1,29429,301.0,0.0,302.0,0.131,,,,,,,,,,,
1789040231.5812,load,0,-1,29429,302.0,0.0,303.0,0.148,,,,,,,,,,,
1789040232.919,load,0,-1,29429,303.0,0.0,304.0,0.124,,,,,,,,,,,
1789040233.9027,load,0,-1,29429,304.0,0.0,305.0,0.13,,,,,,,,,,,
1789040235.3249,load,0,-1,29429,305.0,0.0,306.0,0.13,,,,,,,,,,,
1789040236.5542,load,0,-1,29429,306.0,0.0,307.0,0.114,,,,,,,,,,,
1789040237.9534,load,0,-1,29429,307.0,0.0,308.0,0.555,,,,,,,,,,,
1789040239.0484,load,0,-1,29429,308.0,0.0,309.0,0.137,,,,,,,,,,,
1789040240.6665,load,0,-1,29429,309.0,0.0,310.0,0.113,,,,,,,,,,,
1789040241.2536,load,0,-1,29429,310.0,0.0,311.0,0.146,,,,,,,,,,,
1789040243.0472,load,0,-1,29429,311.0,0.0,312.0,0.142,,,,,,,,,,,
1789040244.2556,load,0,-1,29429,312.0,0.0,313.0,0.122,,,,,,,,,,,
1789040245.2741,load,0,-1,29429,313.0,0.0,314.0,0.142,,,,,,,,,,,
1789040246.9628,load,0,-1,29429,314.0,0.0,315.0,0.148,,,,,,,,,,,
1789040247.96,load,0,-1,29429,315.0,0.0,316.0,0.14,,,,,,,,,,,
1789040249.0896,load,0,-1,29429,316.0,0.0,317.0,0.168,,,,,,,,,,,
1789040250.2464,load,0,-1,29429,317.0,0.0,318.0,0.157,,,,,,,,,,,
1789040251.5546,load,0,-1,29429,318.0,0.0,319.0,0.113,,,,,,,,,,,
1789040252.6889,load,0,-1,29429,319.0,0.0,320.0,0.163,,,,,,,,,,,
1789040253.9283,load,0,-1,29429,320.0,0.0,321.0,0.141,,,,,,,,,,,
1789040255.6337,load,0,-1,29429,321.0,0.0,322.0,0.144,,,,,,,,,,,
1789040256.4935,load,0,-1,29429,322.0,0.0,323.0,0.129,,,,,,,,,,,
1789040258.2157,load,0,-1,29429,323.0,0.0,324.0,0.126,,,,,,,,,,,
1789040258.6323,load,0,-1,29429,324.0,0.0,325.0,0.107,,,,,,,,,,,
1789040260.4598,load,0,-1,29429,325.0,0.0,326.0,0.126,,,,,,,,,,,
1789040260.897,load,0,-1,29429,326.0,0.0,327.0,0.124,,,,,,,,,,,
1789040263.0583,load,0,-1,29429,327.0,0.0,328.0,0.141,,,,,,,,,,,
1789040263.4645,load,0,-1,29429,328.0,0.0,329.0,0.147,,,,,,,,,,,
1789040265.1083,load,0,-1,29429,329.0,0.0,330.0,0.159,,,,,,,,,,,
1789040266.1674,load,0,-1,29429,330.0,0.0,331.0,0.142,,,,,,,,,,,
1789040267.0238,load,0,-1,29429,331.0,0.0,332.0,0.136,,,,,,,,,,,
1789040268.801,load,0,-1,29429,332.0,0.0,333.0,0.173,,,,,,,,,,,
1789040269.8024,load,0,-1,29429,333.0,0.0,334.0,0.113,,,,,,,,,,,
1789040270.6332,load,0,-1,29429,334.0,0.0,335.0,0.144,,,,,,,,,,,
1789040271.921,load,0,-1,29429,335.0,0.0,336.0,0.14,,,,,,,,,,,
1789040273.6403,load,0,-1,29429,336.0,0.0,337.0,0.117,,,,,,,,,,,
1789040274.4292,load,0,-1,29429,337.0,0.0,338.0,0.148,,,,,,,,,,,
1789040276.2552,load,0,-1,29429,338.0,0.0,339.0,0.13,,,,,,,,,,,
1789040276.9397,load,0,-1,29429,339.0,0.0,340.0,0.112,,,,,,,,,,,
1789040278.5762,load,0,-1,29429,340.0,0.0,341.0,0.144,,,,,,,,,,,
1789040279.0683,load,0,-1,29429,341.0,0.0,342.0,0.18,,,,,,,,,,,
1789040280.5729,load,0,-1,29429,342.0,0.0,343.0,0.138,,,,,,,,,,,
1789040281.2437,load,0,-1,29429,343.0,0.0,344.0,0.136,,,,,,,,,,,
1789040282.6257,load,0,-1,29429,344.0,0.0,345.0,0.143,,,,,,,,,,,
1789040283.706,load,0,-1,29429,345.0,0.0,346.0,0.141,,,,,,,,,,,
1789040284.8368,load,0,-1,29429,346.0,0.0,347.0,0.161,,,,,,,,,,,
1789040286.256,load,0,-1,29429,347.0,0.0,348.0,0.145,,,,,,,,,,,
1789040287.8952,load,0,-1,29429,348.0,0.0,349.0,0.115,,,,,,,,,,,
1789040289.0168,load,0,-1,29429,349.0,0.0,350.0,0.139,,,,,,,,,,,
1789040290.2482,load,0,-1,29429,350.0,0.0,351.0,0.152,,,,,,,,,,,
1789040292.2267,load,0,-1,29429,351.0,0.0,352.0,0.125,,,,,,,,,,,
1789040292.4116,load,0,-1,29429,352.0,0.0,353.0,0.127,,,,,,,,,,,
1789040294.5283,load,0,-1,29429,353.0,0.0,354.0,0.136,,,,,,,,,,,
1789040295.0983,load,0,-1,29429,354.0,0.0,355.0,0.123,,,,,,,,,,,
1789040297.2364,load,0,-1,29429,355.0,0.0,356.0,0.134,,,,,,,,,,,
1789040298.016,load,0,-1,29429,356.0,0.0,357.0,0.157,,,,,,,,,,,
1789040299.8182,load,0,-1,29429,357.0,0.0,358.0,0.15,,,,,,,,,,,
1789040301.0361,load,0,-1,29429,358.0,0.0,359.0,0.134,,,,,,,,,,,
1789040301.9723,load,0,-1,29429,359.0,0.0,360.0,0.135,,,,,,,,,,,
1789040303.9592,load,0,-1,29429,360.0,0.0,361.0,0.116,,,,,,,,,,,
1789040304.605,load,0,-1,29429,361.0,0.0,362.0,0.131,,,,,,,,,,,
1789040306.3566,load,0,-1,29429,362.0,0.0,363.0,0.134,,,,,,,,,,,
1789040306.795,load,0,-1,29429,363.0,0.0,364.0,0.115,,,,,,,,,,,
1789040308.7769,load,0,-1,29429,364.0,0.0,365.0,0.131,,,,,,,,,,,
1789040309.0893,load,0,-1,29429,365.0,0.0,366.0,0.117,,,,,,,,,,,
1789040311.9234,load,0,-1,29429,366.0,0.0,367.0,0.126,,,,,,,,,,,
1789040312.0306,load,0,-1,29429,367.0,0.0,368.0,0.114,,,,,,,,,,,
1789040313.9243,load,0,-1,29429,368.0,0.0,369.0,0.144,,,,,,,,,,,
1789040314.3514,load,0,-1,29429,369.0,0.0,370.0,0.112,,,,,,,,,,,
1789040315.7552,load,0,-1,29429,370.0,0.0,371.0,0.168,,,,,,,,,,,
1789040316.5017,load,0,-1,29429,371.0,0.0,372.0,0.124,,,,,,,,,,,
1789040318.7432,load,0,-1,29429,372.0,0.0,373.0,0.11,,,,,,,,,,,
1789040318.8676,load,0,-1,29429,373.0,0.0,374.0,0.12,,,,,,,,,,,
1789040320.8308,load,0,-1,29429,374.0,0.0,375.0,0.124,,,,,,,,,,,
1789040321.2356,load,0,-1,29429,375.0,0.0,376.0,0.115,,,,,,,,,,,
1789040323.4411,load,0,-1,29429,376.0,0.0,377.0,0.14,,,,,,,,,,,
1789040323.8256,load,0,-1,29429,377.0,0.0,378.0,0.131,,,,,,,,,,,
1789040326.1462,load,0,-1,29429,378.0,0.0,379.0,0.116,,,,,,,,,,,
1789040326.3165,load,0,-1,29429,379.0,0.0,380.0,0.131,,,,,,,,,,,
1789040328.1404,load,0,-1,29429,380.0,0.0,381.0,0.126,,,,,,,,,,,
1789040328.9564,load,0,-1,29429,381.0,0.0,382.0,0.149,,,,,,,,,,,
1789040330.1712,load,0,-1,29429,382.0,0.0,383.0,0.125,,,,,,,,,,,
1789040331.1792,load,0,-1,29429,383.0,0.0,384.0,0.129,,,,,,,,,,,
1789040332.7587,load,0,-1,29429,384.0,0.0,385.0,0.126,,,,,,,,,,,
1789040333.8905,load,0,-1,29429,385.0,0.0,386.0,0.133,,,,,,,,,,,
1789040334.6973,load,0,-1,29429,386.0,0.0,387.0,0.13,,,,,,,,,,,
1789040336.3172,load,0,-1,29429,387.0,0.0,388.0,0.146,,,,,,,,,,,
1789040337.378,load,0,-1,29429,388.0,0.0,389.0,0.134,,,,,,,,,,,
1789040338.4638,load,0,-1,29429,389.0,0.0,390.0,0.129,,,,,,,,,,,
1789040340.2373,load,0,-1,29429,390.0,0.0,391.0,0.168,,,,,,,,,,,
1789040340.8236,load,0,-1,29429,391.0,0.0,392.0,0.134,,,,,,,,,,,
1789040342.9232,load,0,-1,29429,392.0,0.0,393.0,0.13,,,,,,,,,,,
1789040343.5271,load,0,-1,29429,393.0,0.0,394.0,0.109,,,,,,,,,,,
1789040344.2687,load,0,-1,29429,394.0,0.0,395.0,0.17,,,,,,,,,,,
1789040345.8212,load,0,-1,29429,395.0,0.0,396.0,0.141,,,,,,,,,,,
1789040347.5699,load,0,-1,29429,396.0,0.0,397.0,0.113,,,,,,,,,,,
1789040348.2809,load,0,-1,29429,397.0,0.0,398.0,0.133,,,,,,,,,,,
1789040349.4515,load,0,-1,29429,398.0,0.0,399.0,0.134,,,,,,,,,,,
1789040350.5686,load,0,-1,29429,399.0,0.0,400.0,0.12,,,,,,,,,,,
1789040352.3796,load,0,-1,29429,400.0,0.0,401.0,0.135,,,,,,,,,,,
1789040352.6454,load,0,-1,29429,401.0,0.0,402.0,0.138,,,,,,,,,,,
1789040354.4879,load,0,-1,29429,402.0,0.0,403.0,0.118,,,,,,,,,,,
1789040354.6941,load,0,-1,29429,403.0,0.0,404.0,0.126,,,,,,,,,,,
1789040356.8645,load,0,-1,29429,404.0,0.0,405.0,0.15,,,,,,,,,,,
1789040357.2991,load,0,-1,29429,405.0,0.0,406.0,0.264,,,,,,,,,,,
1789040359.0763,load,0,-1,29429,406.0,0.0,407.0,0.177,,,,,,,,,,,
1789040360.3914,load,0,-1,29429,407.0,0.0,408.0,0.147,,,,,,,,,,,
1789040361.5133,load,0,-1,29429,408.0,0.0,409.0,0.155,,,,,,,,,,,
1789040362.9096,load,0,-1,29429,409.0,0.0,410.0,0.135,,,,,,,,,,,
1789040363.9454,load,0,-1,29429,410.0,0.0,411.0,0.138,,,,,,,,,,,
1789040365.91,load,0,-1,29429,411.0,0.0,412.0,0.127,,,,,,,,,,,
1789040366.0928,load,0,-1,29429,412.0,0.0,413.0,0.132,,,,,,,,,,,
1789040368.4063,load,0,-1,29429,413.0,0.0,414.0,0.141,,,,,,,,,,,
1789040369.3861,load,0,-1,29429,414.0,0.0,415.0,0.13,,,,,,,,,,,
1789040370.9761,load,0,-1,29429,415.0,0.0,416.0,0.137,,,,,,,,,,,
1789040371.3222,load,0,-1,29429,416.0,0.0,417.0,0.13,,,,,,,,,,,
1789040373.8352,load,0,-1,29429,417.0,0.0,418.0,0.115,,,,,,,,,,,
1789040374.2249,load,0,-1,29429,418.0,0.0,419.0,0.134,,,,,,,,,,,
1789040376.3325,load,0,-1,29429,419.0,0.0,420.0,0.136,,,,,,,,,,,
1789040376.8578,load,0,-1,29429,420.0,0.0,421.0,0.106,,,,,,,,,,,
1789040378.3935,load,0,-1,29429,421.0,0.0,422.0,0.143,,,,,,,,,,,
1789040378.5056,load,0,-1,29429,422.0,0.0,423.0,0.152,,,,,,,,,,,
1789040380.4662,load,0,-1,29429,423.0,0.0,424.0,0.121,,,,,,,,,,,
1789040380.6303,load,0,-1,29429,424.0,0.0,425.0,0.135,,,,,,,,,,,
1789040382.0889,load,0,-1,29429,425.0,0.0,426.0,0.146,,,,,,,,,,,
1789040383.0628,load,0,-1,29429,426.0,0.0,427.0,0.125,,,,,,,,,,,
1789040384.3829,load,0,-1,29429,427.0,0.0,428.0,0.146,,,,,,,,,,,
1789040385.1199,load,0,-1,29429,428.0,0.0,429.0,0.143,,,,,,,,,,,
1789040387.0438,load,0,-1,29429,429.0,0.0,430.0,0.152,,,,,,,,,,,
1789040387.2024,load,0,-1,29429,430.0,0.0,431.0,0.125,,,,,,,,,,,
1789040389.6605,load,0,-1,29429,431.0,0.0,432.0,0.152,,,,,,,,,,,
1789040390.319,load,0,-1,29429,432.0,0.0,433.0,0.107,,,,,,,,,,,
1789040392.023,load,0,-1,29429,433.0,0.0,434.0,0.136,,,,,,,,,,,
1789040393.0947,load,0,-1,29429,434.0,0.0,435.0,0.14,,,,,,,,,,,
1789040394.9399,load,0,-1,29429,435.0,0.0,436.0,0.11,,,,,,,,,,,
1789040395.9562,load,0,-1,29429,436.0,0.0,437.0,0.133,,,,,,,,,,,
1789040397.3038,load,0,-1,29429,437.0,0.0,438.0,0.128,,,,,,,,,,,
1789040398.3232,load,0,-1,29429,438.0,0.0,439.0,0.122,,,,,,,,,,,
1789040399.7859,load,0,-1,29429,439.0,0.0,440.0,0.136,,,,,,,,,,,
1789040400.6564,load,0,-1,29429,440.0,0.0,441.0,0.133,,,,,,,,,,,
1789040402.9871,load,0,-1,29429,441.0,0.0,442.0,0.148,,,,,,,,,,,
1789040403.0959,load,0,-1,29429,442.0,0.0,443.0,0.12,,,,,,,,,,,
1789040404.6976,load,0,-1,29429,443.0,0.0,444.0,0.155,,,,,,,,,,,
1789040405.8697,load,0,-1,29429,444.0,0.0,445.0,0.565,,,,,,,,,,,
1789040406.9612,load,0,-1,29429,445.0,0.0,446.0,0.158,,,,,,,,,,,
1789040408.301,load,0,-1,29429,446.0,0.0,447.0,0.135,,,,,,,,,,,
1789040409.4455,load,0,-1,29429,447.0,0.0,448.0,0.148,,,,,,,,,,,
1789040410.3062,load,0,-1,29429,448.0,0.0,449.0,0.142,,,,,,,,,,,
1789040411.3033,load,0,-1,29429,449.0,0.0,450.0,0.175,,,,,,,,,,,
1789040412.8923,load,0,-1,29429,450.0,0.0,451.0,0.144,,,,,,,,,,,
1789040413.7153,load,0,-1,29429,451.0,0.0,452.0,0.143,,,,,,,,,,,
1789040415.1295,load,0,-1,29429,452.0,0.0,453.0,0.143,,,,,,,,,,,
1789040415.8862,load,0,-1,29429,453.0,0.0,454.0,0.116,,,,,,,,,,,
1789040417.272,load,0,-1,29429,454.0,0.0,455.0,0.134,,,,,,,,,,,
1789040417.4517,load,0,-1,29429,455.0,0.0,456.0,0.118,,,,,,,,,,,
1789040419.6418,load,0,-1,29429,456.0,0.0,457.0,0.116,,,,,,,,,,,
1789040419.9483,load,0,-1,29429,457.0,0.0,458.0,0.132,,,,,,,,,,,
1789040422.5008,load,0,-1,29429,458.0,0.0,459.0,0.131,,,,,,,,,,,
1789040422.903,load,0,-1,29429,459.0,0.0,460.0,0.107,,,,,,,,,,,
1789040425.0434,load,0,-1,29429,460.0,0.0,461.0,0.126,,,,,,,,,,,
1789040425.9445,load,0,-1,29429,461.0,0.0,462.0,0.239,,,,,,,,,,,
1789040427.3372,load,0,-1,29429,462.0,0.0,463.0,0.121,,,,,,,,,,,
1789040428.6359,load,0,-1,29429,463.0,0.0,464.0,0.346,,,,,,,,,,,
1789040429.3918,load,0,-1,29429,464.0,0.0,465.0,0.174,,,,,,,,,,,
1789040430.9632,load,0,-1,29429,465.0,0.0,466.0,0.13,,,,,,,,,,,
1789040431.4823,load,0,-1,29429,466.0,0.0,467.0,0.14,,,,,,,,,,,
1789040433.2483,load,0,-1,29429,467.0,0.0,468.0,0.134,,,,,,,,,,,
1789040434.2876,load,0,-1,29429,468.0,0.0,469.0,0.148,,,,,,,,,,,
1789040435.1885,load,0,-1,29429,469.0,0.0,470.0,0.166,,,,,,,,,,,
1789040436.9573,load,0,-1,29429,470.0,0.0,471.0,0.133,,,,,,,,,,,
1789040438.4012,load,0,-1,29429,471.0,0.0,472.0,0.132,,,,,,,,,,,
1789040439.4232,load,0,-1,29429,472.0,0.0,473.0,0.134,,,,,,,,,,,
1789040440.3698,load,0,-1,29429,473.0,0.0,474.0,0.23,,,,,,,,,,,
1789040442.3841,load,0,-1,29429,474.0,0.0,475.0,0.111,,,,,,,,,,,
1789040442.5946,load,0,-1,29429,475.0,0.0,476.0,0.118,,,,,,,,,,,
1789040444.6952,load,0,-1,29429,476.0,0.0,477.0,0.133,,,,,,,,,,,
1789040445.2028,load,0,-1,29429,477.0,0.0,478.0,0.11,,,,,,,,,,,
1789040446.8255,load,0,-1,29429,478.0,0.0,479.0,0.134,,,,,,,,,,,
1789040447.5926,load,0,-1,29429,479.0,0.0,480.0,0.134,,,,,,,,,,,
1789040449.406,load,0,-1,29429,480.0,0.0,481.0,0.107,,,,,,,,,,,
1789040450.2772,load,0,-1,29429,481.0,0.0,482.0,0.128,,,,,,,,,,,
1789040452.0698,load,0,-1,29429,482.0,0.0,483.0,0.155,,,,,,,,,,,
1789040452.5195,load,0,-1,29429,483.0,0.0,484.0,0.14,,,,,,,,,,,
1789040454.5829,load,0,-1,29429,484.0,0.0,485.0,0.144,,,,,,,,,,,
1789040455.0559,load,0,-1,29429,485.0,0.0,486.0,0.151,,,,,,,,,,,
1789040457.8242,load,0,-1,29429,486.0,0.0,487.0,0.15,,,,,,,,,,,
1789040458.0101,load,0,-1,29429,487.0,0.0,488.0,0.134,,,,,,,,,,,
1789040460.3144,load,0,-1,29429,488.0,0.0,489.0,0.181,,,,,,,,,,,
1789040460.738,load,0,-1,29429,489.0,0.0,490.0,0.12,,,,,,,,,,,
1789040462.5998,load,0,-1,29429,490.0,0.0,491.0,0.142,,,,,,,,,,,
1789040462.8003,load,0,-1,29429,491.0,0.0,492.0,0.137,,,,,,,,,,,
1789040465.2349,load,0,-1,29429,492.0,0.0,493.0,0.121,,,,,,,,,,,
1789040465.3491,load,0,-1,29429,493.0,0.0,494.0,0.127,,,,,,,,,,,
1789040467.3449,load,0,-1,29429,494.0,0.0,495.0,0.138,,,,,,,,,,,
1789040467.9444,load,0,-1,29429,495.0,0.0,496.0,0.109,,,,,,,,,,,
1789040470.2819,load,0,-1,29429,496.0,0.0,497.0,0.143,,,,,,,,,,,
1789040470.643,load,0,-1,29429,497.0,0.0,498.0,0.131,,,,,,,,,,,
1789040472.8511,load,0,-1,29429,498.0,0.0,499.0,0.125,,,,,,,,,,,
1789040472.9861,load,0,-1,29429,499.0,0.0,500.0,0.125,,,,,,,,,,,
1789040475.5933,load,0,-1,29429,500.0,0.0,501.0,0.19,,,,,,,,,,,
1789040476.1248,load,0,-1,29429,501.0,0.0,502.0,0.191,,,,,,,,,,,
1789040478.0057,load,0,-1,29429,502.0,0.0,503.0,0.152,,,,,,,,,,,
1789040478.1933,load,0,-1,29429,503.0,0.0,504.0,0.132,,,,,,,,,,,
1789040480.9254,load,0,-1,29429,504.0,0.0,505.0,0.121,,,,,,,,,,,
1789040481.0603,load,0,-1,29429,505.0,0.0,506.0,0.144,,,,,,,,,,,
1789040482.8837,load,0,-1,29429,506.0,0.0,507.0,0.146,,,,,,,,,,,
1789040483.5973,load,0,-1,29429,507.0,0.0,508.0,0.124,,,,,,,,,,,
1789040485.4591,load,0,-1,29429,508.0,0.0,509.0,0.144,,,,,,,,,,,
1789040486.6248,load,0,-1,29429,509.0,0.0,510.0,0.144,,,,,,,,,,,
1789040488.3114,load,0,-1,29429,510.0,0.0,511.0,0.146,,,,,,,,,,,
1789040489.1736,load,0,-1,29429,511.0,0.0,512.0,0.133,,,,,,,,,,,
1789040489.9204,load,0,-1,29429,512.0,0.0,513.0,0.14,,,,,,,,,,,
1789040492.0095,load,0,-1,29429,513.0,0.0,514.0,0.15,,,,,,,,,,,
1789040493.0079,load,0,-1,29429,514.0,0.0,515.0,0.146,,,,,,,,,,,
1789040494.1756,load,0,-1,29429,515.0,0.0,516.0,0.156,,,,,,,,,,,
1789040495.2449,load,0,-1,29429,516.0,0.0,517.0,0.126,,,,,,,,,,,
1789040496.6221,load,0,-1,29429,517.0,0.0,518.0,0.141,,,,,,,,,,,
1789040497.0203,load,0,-1,29429,518.0,0.0,519.0,0.143,,,,,,,,,,,
1789040499.7774,load,0,-1,29429,519.0,0.0,520.0,0.113,,,,,,,,,,,
1789040500.0034,load,0,-1,29429,520.0,0.0,521.0,0.144,,,,,,,,,,,
1789040502.1435,load,0,-1,29429,521.0,0.0,522.0,0.137,,,,,,,,,,,
1789040502.71,load,0,-1,29429,522.0,0.0,523.0,0.113,,,,,,,,,,,
1789040504.0329,load,0,-1,29429,523.0,0.0,524.0,0.13,,,,,,,,,,,
1789040504.8027,load,0,-1,29429,524.0,0.0,525.0,0.137,,,,,,,,,,,
1789040506.3804,load,0,-1,29429,525.0,0.0,526.0,0.115,,,,,,,,,,,
1789040507.6376,load,0,-1,29429,526.0,0.0,527.0,0.138,,,,,,,,,,,
1789040508.1631,load,0,-1,29429,527.0,0.0,528.0,0.133,,,,,,,,,,,
1789040510.4949,load,0,-1,29429,528.0,0.0,529.0,0.131,,,,,,,,,,,
1789040511.5195,load,0,-1,29429,529.0,0.0,530.0,0.15,,,,,,,,,,,
1789040512.3145,load,0,-1,29429,530.0,0.0,531.0,0.153,,,,,,,,,,,
1789040513.7935,load,0,-1,29429,531.0,0.0,532.0,0.168,,,,,,,,,,,
1789040514.8512,load,0,-1,29429,532.0,0.0,533.0,0.138,,,,,,,,,,,
1789040515.4611,load,0,-1,29429,533.0,0.0,534.0,0.143,,,,,,,,,,,
1789040517.9149,load,0,-1,29429,534.0,0.0,535.0,0.125,,,,,,,,,,,
1789040518.0844,load,0,-1,29429,535.0,0.0,536.0,0.154,,,,,,,,,,,
1789040520.0206,load,0,-1,29429,536.0,0.0,537.0,0.141,,,,,,,,,,,
1789040520.6765,load,0,-1,29429,537.0,0.0,538.0,0.117,,,,,,,,,,,
1789040522.5783,load,0,-1,29429,538.0,0.0,539.0,0.131,,,,,,,,,,,
1789040522.9954,load,0,-1,29429,539.0,0.0,540.0,0.15,,,,,,,,,,,
1789040523.8358,load,0,-1,29429,540.0,0.0,541.0,0.272,,,,,,,,,,,
1789040525.7063,load,0,-1,29429,541.0,0.0,542.0,0.168,,,,,,,,,,,
1789040526.1203,load,0,-1,29429,542.0,0.0,543.0,0.142,,,,,,,,,,,
1789040527.7659,load,0,-1,29429,543.0,0.0,544.0,0.163,,,,,,,,,,,
1789040528.6168,load,0,-1,29429,544.0,0.0,545.0,0.147,,,,,,,,,,,
1789040530.3445,load,0,-1,29429,545.0,0.0,546.0,0.409,,,,,,,,,,,
1789040530.7446,load,0,-1,29429,546.0,0.0,547.0,0.12,,,,,,,,,,,
1789040532.8287,load,0,-1,29429,547.0,0.0,548.0,0.14,,,,,,,,,,,
1789040533.3404,load,0,-1,29429,548.0,0.0,549.0,0.136,,,,,,,,,,,
1789040535.6466,load,0,-1,29429,549.0,0.0,550.0,0.133,,,,,,,,,,,
1789040535.9398,load,0,-1,29429,550.0,0.0,551.0,0.13,,,,,,,,,,,
1789040537.7725,load,0,-1,29429,551.0,0.0,552.0,0.14,,,,,,,,,,,
1789040538.1811,load,0,-1,29429,552.0,0.0,553.0,0.119,,,,,,,,,,,
1789040539.9885,load,0,-1,29429,553.0,0.0,554.0,0.143,,,,,,,,,,,
1789040540.2971,load,0,-1,29429,554.0,0.0,555.0,0.167,,,,,,,,,,,
1789040542.9782,load,0,-1,29429,555.0,0.0,556.0,0.169,,,,,,,,,,,
1789040543.0912,load,0,-1,29429,556.0,0.0,557.0,0.137,,,,,,,,,,,
1789040544.9629,load,0,-1,29429,557.0,0.0,558.0,0.181,,,,,,,,,,,
1789040545.426,load,0,-1,29429,558.0,0.0,559.0,0.147,,,,,,,,,,,
1789040547.6185,load,0,-1,29429,559.0,0.0,560.0,0.162,,,,,,,,,,,
1789040548.0972,load,0,-1,29429,560.0,0.0,561.0,0.134,,,,,,,,,,,
1789040550.0174,load,0,-1,29429,561.0,0.0,562.0,0.162,,,,,,,,,,,
1789040550.8887,load,0,-1,29429,562.0,0.0,563.0,0.159,,,,,,,,,,,
1789040551.7914,load,0,-1,29429,563.0,0.0,564.0,0.144,,,,,,,,,,,
1789040553.2915,load,0,-1,29429,564.0,0.0,565.0,0.12,,,,,,,,,,,
1789040554.1498,load,0,-1,29429,565.0,0.0,566.0,0.142,,,,,,,,,,,
1789040555.0211,load,0,-1,29429,566.0,0.0,567.0,0.138,,,,,,,,,,,
1789040556.935,load,0,-1,29429,567.0,0.0,568.0,0.261,,,,,,,,,,,
1789040557.8412,load,0,-1,29429,568.0,0.0,569.0,0.139,,,,,,,,,,,
1789040559.0089,load,0,-1,29429,569.0,0.0,570.0,0.131,,,,,,,,,,,
1789040560.1923,load,0,-1,29429,570.0,0.0,571.0,0.155,,,,,,,,,,,
1789040561.3608,load,0,-1,29429,571.0,0.0,572.0,0.159,,,,,,,,,,,
1789040561.8718,load,0,-1,29429,572.0,0.0,573.0,0.145,,,,,,,,,,,
1789040564.0777,load,0,-1,29429,573.0,0.0,574.0,0.159,,,,,,,,,,,
1789040564.5425,load,0,-1,29429,574.0,0.0,575.0,0.13,,,,,,,,,,,
1789040566.3784,load,0,-1,29429,575.0,0.0,576.0,0.147,,,,,,,,,,,
1789040566.7916,load,0,-1,29429,576.0,0.0,577.0,0.137,,,,,,,,,,,
1789040569.079,load,0,-1,29429,577.0,0.0,578.0,0.145,,,,,,,,,,,
1789040569.2614,load,0,-1,29429,578.0,0.0,579.0,0.136,,,,,,,,,,,
1789040571.9877,load,0,-1,29429,579.0,0.0,580.0,0.123,,,,,,,,,,,
1789040572.155,load,0,-1,29429,580.0,0.0,581.0,0.114,,,,,,,,,,,
1789040574.0241,load,0,-1,29429,581.0,0.0,582.0,0.304,,,,,,,,,,,
1789040574.4909,load,0,-1,29429,582.0,0.0,583.0,0.107,,,,,,,,,,,
1789040575.7383,load,0,-1,29429,583.0,0.0,584.0,0.127,,,,,,,,,,,
1789040576.4463,load,0,-1,29429,584.0,0.0,585.0,0.137,,,,,,,,,,,
1789040578.6248,load,0,-1,29429,585.0,0.0,586.0,0.119,,,,,,,,,,,
1789040578.8465,load,0,-1,29429,586.0,0.0,587.0,0.149,,,,,,,,,,,
1789040581.0371,load,0,-1,29429,587.0,0.0,588.0,0.134,,,,,,,,,,,
1789040581.4674,load,0,-1,29429,588.0,0.0,589.0,0.123,,,,,,,,,,,
1789040583.8474,load,0,-1,29429,589.0,0.0,590.0,0.128,,,,,,,,,,,
1789040584.062,load,0,-1,29429,590.0,0.0,591.0,0.135,,,,,,,,,,,
1789040585.9182,load,0,-1,29429,591.0,0.0,592.0,0.118,,,,,,,,,,,
1789040586.3824,load,0,-1,29429,592.0,0.0,593.0,0.142,,,,,,,,,,,
1789040588.1386,load,0,-1,29429,593.0,0.0,594.0,0.133,,,,,,,,,,,
1789040589.3258,load,0,-1,29429,594.0,0.0,595.0,0.149,,,,,,,,,,,
1789040590.1385,load,0,-1,29429,595.0,0.0,596.0,0.13,,,,,,,,,,,
1789040591.7445,load,0,-1,29429,596.0,0.0,597.0,0.164,,,,,,,,,,,
1789040592.5996,load,0,-1,29429,597.0,0.0,598.0,0.122,,,,,,,,,,,
1789040594.2107,load,0,-1,29429,598.0,0.0,599.0,0.132,,,,,,,,,,,
1789040594.6506,load,0,-1,29429,599.0,0.0,600.0,0.117,,,,,,,,,,,
1789040596.9312,load,0,-1,29429,600.0,0.0,601.0,0.128,,,,,,,,,,,
1789040597.2121,load,0,-1,29429,601.0,0.0,602.0,0.14,,,,,,,,,,,
1789040599.4718,load,0,-1,29429,602.0,0.0,603.0,0.134,,,,,,,,,,,
1789040599.9193,load,0,-1,29429,603.0,0.0,604.0,0.113,,,,,,,,,,,
1789040601.6556,load,0,-1,29429,604.0,0.0,605.0,0.131,,,,,,,,,,,
1789040602.1878,load,0,-1,29429,605.0,0.0,606.0,0.13,,,,,,,,,,,
1789040604.821,load,0,-1,29429,606.0,0.0,607.0,0.129,,,,,,,,,,,
1789040604.9854,load,0,-1,29429,607.0,0.0,608.0,0.159,,,,,,,,,,,
1789040606.9188,load,0,-1,29429,608.0,0.0,609.0,0.153,,,,,,,,,,,
1789040607.5134,load,0,-1,29429,609.0,0.0,610.0,0.127,,,,,,,,,,,
1789040609.3236,load,0,-1,29429,610.0,0.0,611.0,0.162,,,,,,,,,,,
1789040610.1849,load,0,-1,29429,611.0,0.0,612.0,0.152,,,,,,,,,,,
1789040611.5712,load,0,-1,29429,612.0,0.0,613.0,0.144,,,,,,,,,,,
1789040612.6981,load,0,-1,29429,613.0,0.0,614.0,0.131,,,,,,,,,,,
1789040613.7885,load,0,-1,29429,614.0,0.0,615.0,0.149,,,,,,,,,,,
1789040615.3476,load,0,-1,29429,615.0,0.0,616.0,0.128,,,,,,,,,,,
1789040616.2331,load,0,-1,29429,616.0,0.0,617.0,0.132,,,,,,,,,,,
1789040617.4728,load,0,-1,29429,617.0,0.0,618.0,0.126,,,,,,,,,,,
1789040618.4223,load,0,-1,29429,618.0,0.0,619.0,0.121,,,,,,,,,,,
1789040620.2236,load,0,-1,29429,619.0,0.0,620.0,0.14,,,,,,,,,,,
1789040620.714,load,0,-1,29429,620.0,0.0,621.0,0.131,,,,,,,,,,,
1789040623.0634,load,0,-1,29429,621.0,0.0,622.0,0.153,,,,,,,,,,,
1789040623.1723,load,0,-1,29429,622.0,0.0,623.0,0.126,,,,,,,,,,,
1789040625.1319,load,0,-1,29429,623.0,0.0,624.0,0.151,,,,,,,,,,,
1789040625.5606,load,0,-1,29429,624.0,0.0,625.0,0.155,,,,,,,,,,,
1789040626.8343,load,0,-1,29429,625.0,0.0,626.0,0.161,,,,,,,,,,,
1789040627.433,load,0,-1,29429,626.0,0.0,627.0,0.178,,,,,,,,,,,
1789040629.345,load,0,-1,29429,627.0,0.0,628.0,0.129,,,,,,,,,,,
1789040629.499,load,0,-1,29429,628.0,0.0,629.0,0.123,,,,,,,,,,,
1789040631.6505,load,0,-1,29429,629.0,0.0,630.0,0.127,,,,,,,,,,,
1789040632.1039,load,0,-1,29429,630.0,0.0,631.0,0.115,,,,,,,,,,,
1789040633.7828,load,0,-1,29429,631.0,0.0,632.0,0.122,,,,,,,,,,,
1789040634.4306,load,0,-1,29429,632.0,0.0,633.0,0.156,,,,,,,,,,,
1789040636.7101,load,0,-1,29429,633.0,0.0,634.0,0.243,,,,,,,,,,,
1789040636.8831,load,0,-1,29429,634.0,0.0,635.0,0.148,,,,,,,,,,,
1789040638.825,load,0,-1,29429,635.0,0.0,636.0,0.137,,,,,,,,,,,
1789040639.5454,load,0,-1,29429,636.0,0.0,637.0,0.277,,,,,,,,,,,
1789040641.5527,load,0,-1,29429,637.0,0.0,638.0,0.157,,,,,,,,,,,
1789040641.7323,load,0,-1,29429,638.0,0.0,639.0,0.283,,,,,,,,,,,
1789040644.2597,load,0,-1,29429,639.0,0.0,640.0,0.157,,,,,,,,,,,
1789040644.422,load,0,-1,29429,640.0,0.0,641.0,0.149,,,,,,,,,,,
1789040646.047,load,0,-1,29429,641.0,0.0,642.0,0.532,,,,,,,,,,,
1789040647.4307,load,0,-1,29429,642.0,0.0,643.0,0.142,,,,,,,,,,,
1789040647.5474,load,0,-1,29429,643.0,0.0,644.0,0.167,,,,,,,,,,,
1789040649.4272,load,0,-1,29429,644.0,0.0,645.0,0.142,,,,,,,,,,,
1789040649.9674,load,0,-1,29429,645.0,0.0,646.0,0.116,,,,,,,,,,,
1789040651.6736,load,0,-1,29429,646.0,0.0,647.0,0.144,,,,,,,,,,,
1789040652.2283,load,0,-1,29429,647.0,0.0,648.0,0.158,,,,,,,,,,,
1789040654.1685,load,0,-1,29429,648.0,0.0,649.0,0.136,,,,,,,,,,,
1789040654.5204,load,0,-1,29429,649.0,0.0,650.0,0.145,,,,,,,,,,,
1789040656.6528,load,0,-1,29429,650.0,0.0,651.0,0.143,,,,,,,,,,,
1789040657.7826,load,0,-1,29429,651.0,0.0,652.0,0.124,,,,,,,,,,,
1789040658.741,load,0,-1,29429,652.0,0.0,653.0,0.148,,,,,,,,,,,
1789040659.928,load,0,-1,29429,653.0,0.0,654.0,0.15,,,,,,,,,,,
1789040661.2454,load,0,-1,29429,654.0,0.0,655.0,0.133,,,,,,,,,,,
1789040662.247,load,0,-1,29429,655.0,0.0,656.0,0.143,,,,,,,,,,,
1789040663.4796,load,0,-1,29429,656.0,0.0,657.0,0.137,,,,,,,,,,,
1789040664.3509,load,0,-1,29429,657.0,0.0,658.0,0.123,,,,,,,,,,,
1789040665.9531,load,0,-1,29429,658.0,0.0,659.0,0.195,,,,,,,,,,,
1789040666.9268,load,0,-1,29429,659.0,0.0,660.0,0.264,,,,,,,,,,,
1789040668.1803,load,0,-1,29429,660.0,0.0,661.0,0.174,,,,,,,,,,,
1789040669.5906,load,0,-1,29429,661.0,0.0,662.0,0.145,,,,,,,,,,,
1789040669.7241,load,0,-1,29429,662.0,0.0,663.0,0.129,,,,,,,,,,,
1789040672.0926,load,0,-1,29429,663.0,0.0,664.0,0.123,,,,,,,,,,,
1789040672.2293,load,0,-1,29429,664.0,0.0,665.0,0.133,,,,,,,,,,,
1789040673.8746,load,0,-1,29429,665.0,0.0,666.0,0.138,,,,,,,,,,,
1789040674.7398,load,0,-1,29429,666.0,0.0,667.0,0.115,,,,,,,,,,,
1789040676.5277,load,0,-1,29429,667.0,0.0,668.0,0.128,,,,,,,,,,,
1789040676.8831,load,0,-1,29429,668.0,0.0,669.0,0.127,,,,,,,,,,,
1789040679.5792,load,0,-1,29429,669.0,0.0,670.0,0.118,,,,,,,,,,,
1789040679.7376,load,0,-1,29429,670.0,0.0,671.0,0.127,,,,,,,,,,,
1789040681.7828,load,0,-1,29429,671.0,0.0,672.0,0.131,,,,,,,,,,,
1789040683.0863,load,0,-1,29429,672.0,0.0,673.0,0.147,,,,,,,,,,,
1789040684.5979,load,0,-1,29429,673.0,0.0,674.0,0.163,,,,,,,,,,,
1789040684.801,load,0,-1,29429,674.0,0.0,675.0,0.131,,,,,,,,,,,
1789040687.2151,load,0,-1,29429,675.0,0.0,676.0,0.16,,,,,,,,,,,
1789040687.3277,load,0,-1,29429,676.0,0.0,677.0,0.143,,,,,,,,,,,
1789040689.1053,load,0,-1,29429,677.0,0.0,678.0,0.165,,,,,,,,,,,
1789040689.5326,load,0,-1,29429,678.0,0.0,679.0,0.134,,,,,,,,,,,
1789040691.7321,load,0,-1,29429,679.0,0.0,680.0,0.144,,,,,,,,,,,
1789040691.9249,load,0,-1,29429,680.0,0.0,681.0,0.141,,,,,,,,,,,
1789040694.8371,load,0,-1,29429,681.0,0.0,682.0,0.137,,,,,,,,,,,
1789040694.947,load,0,-1,29429,682.0,0.0,683.0,0.119,,,,,,,,,,,
1789040697.0641,load,0,-1,29429,683.0,0.0,684.0,0.163,,,,,,,,,,,
1789040697.484,load,0,-1,29429,684.0,0.0,685.0,0.107,,,,,,,,,,,
1789040699.0654,load,0,-1,29429,685.0,0.0,686.0,0.135,,,,,,,,,,,
1789040699.9546,load,0,-1,29429,686.0,0.0,687.0,0.139,,,,,,,,,,,
1789040701.4804,load,0,-1,29429,687.0,0.0,688.0,0.134,,,,,,,,,,,
1789040702.4796,load,0,-1,29429,688.0,0.0,689.0,0.135,,,,,,,,,,,
1789040703.4226,load,0,-1,29429,689.0,0.0,690.0,0.132,,,,,,,,,,,
1789040704.8495,load,0,-1,29429,690.0,0.0,691.0,0.151,,,,,,,,,,,
1789040705.7526,load,0,-1,29429,691.0,0.0,692.0,0.147,,,,,,,,,,,
1789040706.9288,load,0,-1,29429,692.0,0.0,693.0,0.157,,,,,,,,,,,
1789040708.592,load,0,-1,29429,693.0,0.0,694.0,0.139,,,,,,,,,,,
1789040709.6526,load,0,-1,29429,694.0,0.0,695.0,0.135,,,,,,,,,,,
1789040710.4587,load,0,-1,29429,695.0,0.0,696.0,0.137,,,,,,,,,,,
1789040711.8128,load,0,-1,29429,696.0,0.0,697.0,0.116,,,,,,,,,,,
1789040712.9525,load,0,-1,29429,697.0,0.0,698.0,0.136,,,,,,,,,,,
1789040714.7554,load,0,-1,29429,698.0,0.0,699.0,0.136,,,,,,,,,,,
1789040715.8573,load,0,-1,29429,699.0,0.0,700.0,0.123,,,,,,,,,,,
1789040717.0855,load,0,-1,29429,700.0,0.0,701.0,0.13,,,,,,,,,,,
1789040717.9042,load,0,-1,29429,701.0,0.0,702.0,0.171,,,,,,,,,,,
1789040719.0491,load,0,-1,29429,702.0,0.0,703.0,0.116,,,,,,,,,,,
1789040720.3765,load,0,-1,29429,703.0,0.0,704.0,0.129,,,,,,,,,,,
1789040721.297,load,0,-1,29429,704.0,0.0,705.0,0.126,,,,,,,,,,,
1789040723.1537,load,0,-1,29429,705.0,0.0,706.0,0.132,,,,,,,,,,,
1789040723.6123,load,0,-1,29429,706.0,0.0,707.0,0.159,,,,,,,,,,,
1789040725.4926,load,0,-1,29429,707.0,0.0,708.0,0.149,,,,,,,,,,,
1789040726.7942,load,0,-1,29429,708.0,0.0,709.0,0.131,,,,,,,,,,,
1789040728.0064,load,0,-1,29429,709.0,0.0,710.0,0.134,,,,,,,,,,,
1789040728.7136,load,0,-1,29429,710.0,0.0,711.0,0.137,,,,,,,,,,,
1789040730.3724,load,0,-1,29429,711.0,0.0,712.0,0.117,,,,,,,,,,,
1789040731.2786,load,0,-1,29429,712.0,0.0,713.0,0.15,,,,,,,,,,,
1789040732.5103,load,0,-1,29429,713.0,0.0,714.0,0.142,,,,,,,,,,,
1789040733.6808,load,0,-1,29429,714.0,0.0,715.0,0.118,,,,,,,,,,,
1789040734.5348,load,0,-1,29429,715.0,0.0,716.0,0.163,,,,,,,,,,,
1789040736.2754,load,0,-1,29429,716.0,0.0,717.0,0.137,,,,,,,,,,,
1789040737.4542,load,0,-1,29429,717.0,0.0,718.0,0.116,,,,,,,,,,,
1789040738.776,load,0,-1,29429,718.0,0.0,719.0,0.134,,,,,,,,,,,
1789040740.0334,load,0,-1,29429,719.0,0.0,720.0,0.147,,,,,,,,,,,
1789040741.4677,load,0,-1,29429,720.0,0.0,721.0,0.142,,,,,,,,,,,
1789040742.9477,load,0,-1,29429,721.0,0.0,722.0,0.165,,,,,,,,,,,
1789040744.2151,load,0,-1,29429,722.0,0.0,723.0,0.173,,,,,,,,,,,
1789040745.4604,load,0,-1,29429,723.0,0.0,724.0,0.128,,,,,,,,,,,
1789040746.0561,load,0,-1,29429,724.0,0.0,725.0,0.136,,,,,,,,,,,
1789040747.6097,load,0,-1,29429,725.0,0.0,726.0,0.144,,,,,,,,,,,
1789040748.6049,load,0,-1,29429,726.0,0.0,727.0,0.175,,,,,,,,,,,
1789040750.5956,load,0,-1,29429,727.0,0.0,728.0,0.132,,,,,,,,,,,
1789040751.7746,load,0,-1,29429,728.0,0.0,729.0,0.138,,,,,,,,,,,
1789040752.8766,load,0,-1,29429,729.0,0.0,730.0,0.129,,,,,,,,,,,
1789040754.2224,load,0,-1,29429,730.0,0.0,731.0,0.136,,,,,,,,,,,
1789040754.9373,load,0,-1,29429,731.0,0.0,732.0,0.141,,,,,,,,,,,
1789040756.9706,load,0,-1,29429,732.0,0.0,733.0,0.115,,,,,,,,,,,
1789040757.4416,load,0,-1,29429,733.0,0.0,734.0,0.136,,,,,,,,,,,
1789040759.4448,load,0,-1,29429,734.0,0.0,735.0,0.125,,,,,,,,,,,
1789040760.0727,load,0,-1,29429,735.0,0.0,736.0,0.144,,,,,,,,,,,
1789040761.9507,load,0,-1,29429,736.0,0.0,737.0,0.144,,,,,,,,,,,
1789040762.3495,load,0,-1,29429,737.0,0.0,738.0,0.141,,,,,,,,,,,
1789040764.6798,load,0,-1,29429,738.0,0.0,739.0,0.156,,,,,,,,,,,
1789040764.876,load,0,-1,29429,739.0,0.0,740.0,0.127,,,,,,,,,,,
1789040766.4844,load,0,-1,29429,740.0,0.0,741.0,0.141,,,,,,,,,,,
1789040767.8207,load,0,-1,29429,741.0,0.0,742.0,0.185,,,,,,,,,,,
1789040769.0915,load,0,-1,29429,742.0,0.0,743.0,0.132,,,,,,,,,,,
1789040770.0649,load,0,-1,29429,743.0,0.0,744.0,0.148,,,,,,,,,,,
1789040771.2852,load,0,-1,29429,744.0,0.0,745.0,0.113,,,,,,,,,,,
1789040772.203,load,0,-1,29429,745.0,0.0,746.0,0.136,,,,,,,,,,,
1789040773.887,load,0,-1,29429,746.0,0.0,747.0,0.14,,,,,,,,,,,
1789040774.9253,load,0,-1,29429,747.0,0.0,748.0,0.118,,,,,,,,,,,
1789040776.7297,load,0,-1,29429,748.0,0.0,749.0,0.145,,,,,,,,,,,
1789040777.1709,load,0,-1,29429,749.0,0.0,750.0,0.145,,,,,,,,,,,
1789040779.5598,load,0,-1,29429,750.0,0.0,751.0,0.117,,,,,,,,,,,
1789040779.9334,load,0,-1,29429,751.0,0.0,752.0,0.14,,,,,,,,,,,
1789040781.5744,load,0,-1,29429,752.0,0.0,753.0,0.147,,,,,,,,,,,
1789040782.1273,load,0,-1,29429,753.0,0.0,754.0,0.127,,,,,,,,,,,
1789040784.1607,load,0,-1,29429,754.0,0.0,755.0,0.155,,,,,,,,,,,
1789040784.8087,load,0,-1,29429,755.0,0.0,756.0,0.166,,,,,,,,,,,
1789040786.0285,load,0,-1,29429,756.0,0.0,757.0,0.131,,,,,,,,,,,
1789040787.3405,load,0,-1,29429,757.0,0.0,758.0,0.14,,,,,,,,,,,
1789040788.3158,load,0,-1,29429,758.0,0.0,759.0,0.165,,,,,,,,,,,
1789040789.6929,load,0,-1,29429,759.0,0.0,760.0,0.135,,,,,,,,,,,
1789040790.8127,load,0,-1,29429,760.0,0.0,761.0,0.139,,,,,,,,,,,
1789040792.6422,load,0,-1,29429,761.0,0.0,762.0,0.144,,,,,,,,,,,
1789040793.3286,load,0,-1,29429,762.0,0.0,763.0,0.133,,,,,,,,,,,
1789040794.7282,load,0,-1,29429,763.0,0.0,764.0,0.139,,,,,,,,,,,
1789040795.0915,load,0,-1,29429,764.0,0.0,765.0,0.141,,,,,,,,,,,
1789040796.237,load,0,-1,29429,765.0,0.0,766.0,0.113,,,,,,,,,,,
1789040797.7367,load,0,-1,29429,766.0,0.0,767.0,0.14,,,,,,,,,,,
1789040798.5581,load,0,-1,29429,767.0,0.0,768.0,0.141,,,,,,,,,,,
1789040799.8894,load,0,-1,29429,768.0,0.0,769.0,0.114,,,,,,,,,,,
1789040800.5792,load,0,-1,29429,769.0,0.0,770.0,0.137,,,,,,,,,,,
1789040801.4656,load,0,-1,29429,770.0,0.0,771.0,0.144,,,,,,,,,,,
1789040803.5021,load,0,-1,29429,771.0,0.0,772.0,0.121,,,,,,,,,,,
1789040804.2244,load,0,-1,29429,772.0,0.0,773.0,0.181,,,,,,,,,,,
1789040805.8387,load,0,-1,29429,773.0,0.0,774.0,0.189,,,,,,,,,,,
1789040807.2834,load,0,-1,29429,774.0,0.0,775.0,0.12,,,,,,,,,,,
1789040808.4144,load,0,-1,29429,775.0,0.0,776.0,0.219,,,,,,,,,,,
1789040809.2381,load,0,-1,29429,776.0,0.0,777.0,0.159,,,,,,,,,,,
1789040811.1035,load,0,-1,29429,777.0,0.0,778.0,0.157,,,,,,,,,,,
1789040811.2404,load,0,-1,29429,778.0,0.0,779.0,0.131,,,,,,,,,,,
1789040813.0156,load,0,-1,29429,779.0,0.0,780.0,0.142,,,,,,,,,,,
1789040814.0166,load,0,-1,29429,780.0,0.0,781.0,0.121,,,,,,,,,,,
1789040815.5576,load,0,-1,29429,781.0,0.0,782.0,0.223,,,,,,,,,,,
1789040816.2726,load,0,-1,29429,782.0,0.0,783.0,0.142,,,,,,,,,,,
1789040818.4034,load,0,-1,29429,783.0,0.0,784.0,0.119,,,,,,,,,,,
1789040819.1384,load,0,-1,29429,784.0,0.0,785.0,0.134,,,,,,,,,,,
1789040820.8103,load,0,-1,29429,785.0,0.0,786.0,0.133,,,,,,,,,,,
1789040821.9299,load,0,-1,29429,786.0,0.0,787.0,0.119,,,,,,,,,,,
1789040823.5435,load,0,-1,29429,787.0,0.0,788.0,0.135,,,,,,,,,,,
1789040824.3719,load,0,-1,29429,788.0,0.0,789.0,0.143,,,,,,,,,,,
1789040826.5375,load,0,-1,29429,789.0,0.0,790.0,0.149,,,,,,,,,,,
1789040826.649,load,0,-1,29429,790.0,0.0,791.0,0.156,,,,,,,,,,,
1789040828.6653,load,0,-1,29429,791.0,0.0,792.0,0.177,,,,,,,,,,,
1789040829.6827,load,0,-1,29429,792.0,0.0,793.0,0.153,,,,,,,,,,,
1789040831.0886,load,0,-1,29429,793.0,0.0,794.0,0.143,,,,,,,,,,,
1789040831.3512,load,0,-1,29429,794.0,0.0,795.0,0.15,,,,,,,,,,,
1789040833.1553,load,0,-1,29429,795.0,0.0,796.0,0.115,,,,,,,,,,,
1789040833.5663,load,0,-1,29429,796.0,0.0,797.0,0.146,,,,,,,,,,,
1789040835.1605,load,0,-1,29429,797.0,0.0,798.0,0.141,,,,,,,,,,,
1789040835.7633,load,0,-1,29429,798.0,0.0,799.0,0.297,,,,,,,,,,,
1789040837.7182,load,0,-1,29429,799.0,0.0,800.0,0.151,,,,,,,,,,,
1789040838.1981,load,0,-1,29429,800.0,0.0,801.0,0.164,,,,,,,,,,,
1789040840.127,load,0,-1,29429,801.0,0.0,802.0,0.188,,,,,,,,,,,
1789040840.4377,load,0,-1,29429,802.0,0.0,803.0,0.137,,,,,,,,,,,
1789040842.3977,load,0,-1,29429,803.0,0.0,804.0,0.142,,,,,,,,,,,
1789040843.3389,load,0,-1,29429,804.0,0.0,805.0,0.123,,,,,,,,,,,
1789040845.4488,load,0,-1,29429,805.0,0.0,806.0,0.137,,,,,,,,,,,
1789040845.6298,load,0,-1,29429,806.0,0.0,807.0,0.136,,,,,,,,,,,
1789040848.1397,load,0,-1,29429,807.0,0.0,808.0,0.121,,,,,,,,,,,
1789040848.2515,load,0,-1,29429,808.0,0.0,809.0,0.124,,,,,,,,,,,
1789040850.7674,load,0,-1,29429,809.0,0.0,810.0,0.153,,,,,,,,,,,
1789040851.1874,load,0,-1,29429,810.0,0.0,811.0,0.131,,,,,,,,,,,
1789040853.0875,load,0,-1,29429,811.0,0.0,812.0,0.164,,,,,,,,,,,
1789040853.4465,load,0,-1,29429,812.0,0.0,813.0,0.137,,,,,,,,,,,
1789040855.6788,load,0,-1,29429,813.0,0.0,814.0,0.151,,,,,,,,,,,
1789040855.8527,load,0,-1,29429,814.0,0.0,815.0,0.127,,,,,,,,,,,
1789040857.7288,load,0,-1,29429,815.0,0.0,816.0,0.148,,,,,,,,,,,
1789040859.0034,load,0,-1,29429,816.0,0.0,817.0,0.115,,,,,,,,,,,
1789040859.6917,load,0,-1,29429,817.0,0.0,818.0,0.143,,,,,,,,,,,
1789040861.2732,load,0,-1,29429,818.0,0.0,819.0,0.141,,,,,,,,,,,
1789040862.1161,load,0,-1,29429,819.0,0.0,820.0,0.371,,,,,,,,,,,
1789040863.512,load,0,-1,29429,820.0,0.0,821.0,0.137,,,,,,,,,,,
1789040864.7162,load,0,-1,29429,821.0,0.0,822.0,0.165,,,,,,,,,,,
1789040866.3552,load,0,-1,29429,822.0,0.0,823.0,0.151,,,,,,,,,,,
1789040866.9968,load,0,-1,29429,823.0,0.0,824.0,0.149,,,,,,,,,,,
1789040868.2711,load,0,-1,29429,824.0,0.0,825.0,0.147,,,,,,,,,,,
1789040869.431,load,0,-1,29429,825.0,0.0,826.0,0.155,,,,,,,,,,,
1789040871.228,load,0,-1,29429,826.0,0.0,827.0,0.151,,,,,,,,,,,
1789040871.6657,load,0,-1,29429,827.0,0.0,828.0,0.177,,,,,,,,,,,
1789040873.4929,load,0,-1,29429,828.0,0.0,829.0,0.116,,,,,,,,,,,
1789040873.843,load,0,-1,29429,829.0,0.0,830.0,0.134,,,,,,,,,,,
1789040875.6089,load,0,-1,29429,830.0,0.0,831.0,0.145,,,,,,,,,,,
1789040876.9315,load,0,-1,29429,831.0,0.0,832.0,0.122,,,,,,,,,,,
1789040877.9563,load,0,-1,29429,832.0,0.0,833.0,0.136,,,,,,,,,,,
1789040878.9913,load,0,-1,29429,833.0,0.0,834.0,0.143,,,,,,,,,,,
1789040880.5747,load,0,-1,29429,834.0,0.0,835.0,0.134,,,,,,,,,,,
1789040881.7071,load,0,-1,29429,835.0,0.0,836.0,0.149,,,,,,,,,,,
1789040882.9181,load,0,-1,29429,836.0,0.0,837.0,0.138,,,,,,,,,,,
1789040883.9114,load,0,-1,29429,837.0,0.0,838.0,0.155,,,,,,,,,,,
1789040885.101,load,0,-1,29429,838.0,0.0,839.0,0.165,,,,,,,,,,,
1789040886.1407,load,0,-1,29429,839.0,0.0,840.0,0.177,,,,,,,,,,,
1789040887.2983,load,0,-1,29429,840.0,0.0,841.0,0.118,,,,,,,,,,,
1789040888.6257,load,0,-1,29429,841.0,0.0,842.0,0.154,,,,,,,,,,,
1789040889.9639,load,0,-1,29429,842.0,0.0,843.0,0.143,,,,,,,,,,,
1789040890.6266,load,0,-1,29429,843.0,0.0,844.0,0.115,,,,,,,,,,,
1789040892.7294,load,0,-1,29429,844.0,0.0,845.0,0.139,,,,,,,,,,,
1789040892.9996,load,0,-1,29429,845.0,0.0,846.0,0.124,,,,,,,,,,,
1789040895.3031,load,0,-1,29429,846.0,0.0,847.0,0.118,,,,,,,,,,,
1789040895.522,load,0,-1,29429,847.0,0.0,848.0,0.13,,,,,,,,,,,
1789040897.5113,load,0,-1,29429,848.0,0.0,849.0,0.125,,,,,,,,,,,
1789040898.5418,load,0,-1,29429,849.0,0.0,850.0,0.127,,,,,,,,,,,
1789040899.681,load,0,-1,29429,850.0,0.0,851.0,0.145,,,,,,,,,,,
1789040900.627,load,0,-1,29429,851.0,0.0,852.0,0.17,,,,,,,,,,,
1789040902.6804,load,0,-1,29429,852.0,0.0,853.0,0.155,,,,,,,,,,,
1789040903.1333,load,0,-1,29429,853.0,0.0,854.0,0.128,,,,,,,,,,,
1789040904.8838,load,0,-1,29429,854.0,0.0,855.0,0.135,,,,,,,,,,,
1789040906.337,load,0,-1,29429,855.0,0.0,856.0,0.129,,,,,,,,,,,
1789040907.8817,load,0,-1,29429,856.0,0.0,857.0,0.142,,,,,,,,,,,
1789040908.6617,load,0,-1,29429,857.0,0.0,858.0,0.142,,,,,,,,,,,
1789040910.7355,load,0,-1,29429,858.0,0.0,859.0,0.145,,,,,,,,,,,
1789040910.9711,load,0,-1,29429,859.0,0.0,860.0,0.143,,,,,,,,,,,
1789040913.1697,load,0,-1,29429,860.0,0.0,861.0,0.17,,,,,,,,,,,
1789040913.7533,load,0,-1,29429,861.0,0.0,862.0,0.144,,,,,,,,,,,
1789040915.8442,load,0,-1,29429,862.0,0.0,863.0,0.17,,,,,,,,,,,
1789040916.2615,load,0,-1,29429,863.0,0.0,864.0,0.143,,,,,,,,,,,
1789040918.0523,load,0,-1,29429,864.0,0.0,865.0,0.117,,,,,,,,,,,
1789040918.5193,load,0,-1,29429,865.0,0.0,866.0,0.126,,,,,,,,,,,
1789040920.1204,load,0,-1,29429,866.0,0.0,867.0,0.159,,,,,,,,,,,
1789040920.83,load,0,-1,29429,867.0,0.0,868.0,0.131,,,,,,,,,,,
1789040922.4059,load,0,-1,29429,868.0,0.0,869.0,0.135,,,,,,,,,,,
1789040923.3557,load,0,-1,29429,869.0,0.0,870.0,0.143,,,,,,,,,,,
1789040925.188,load,0,-1,29429,870.0,0.0,871.0,0.169,,,,,,,,,,,
1789040925.7099,load,0,-1,29429,871.0,0.0,872.0,0.143,,,,,,,,,,,
1789040927.6844,load,0,-1,29429,872.0,0.0,873.0,0.152,,,,,,,,,,,
1789040928.1179,load,0,-1,29429,873.0,0.0,874.0,0.126,,,,,,,,,,,
1789040929.6471,load,0,-1,29429,874.0,0.0,875.0,0.156,,,,,,,,,,,
1789040930.8573,load,0,-1,29429,875.0,0.0,876.0,0.147,,,,,,,,,,,
1789040932.1347,load,0,-1,29429,876.0,0.0,877.0,0.118,,,,,,,,,,,
1789040932.7223,load,0,-1,29429,877.0,0.0,878.0,0.139,,,,,,,,,,,
1789040934.2684,load,0,-1,29429,878.0,0.0,879.0,0.142,,,,,,,,,,,
1789040935.2925,load,0,-1,29429,879.0,0.0,880.0,0.118,,,,,,,,,,,
1789040936.5894,load,0,-1,29429,880.0,0.0,881.0,0.144,,,,,,,,,,,
1789040937.2732,load,0,-1,29429,881.0,0.0,882.0,0.146,,,,,,,,,,,
1789040939.2694,load,0,-1,29429,882.0,0.0,883.0,0.138,,,,,,,,,,,
1789040940.1875,load,0,-1,29429,883.0,0.0,884.0,0.178,,,,,,,,,,,
1789040941.4005,load,0,-1,29429,884.0,0.0,885.0,0.185,,,,,,,,,,,
1789040943.1871,load,0,-1,29429,885.0,0.0,886.0,0.157,,,,,,,,,,,
1789040944.4973,load,0,-1,29429,886.0,0.0,887.0,0.149,,,,,,,,,,,
1789040945.2986,load,0,-1,29429,887.0,0.0,888.0,0.146,,,,,,,,,,,
1789040947.2498,load,0,-1,29429,888.0,0.0,889.0,0.134,,,,,,,,,,,
1789040948.1388,load,0,-1,29429,889.0,0.0,890.0,0.174,,,,,,,,,,,
1789040949.3328,load,0,-1,29429,890.0,0.0,891.0,0.153,,,,,,,,,,,
1789040951.1253,load,0,-1,29429,891.0,0.0,892.0,0.129,,,,,,,,,,,
1789040951.3868,load,0,-1,29429,892.0,0.0,893.0,0.139,,,,,,,,,,,
1789040953.0135,load,0,-1,29429,893.0,0.0,894.0,0.148,,,,,,,,,,,
1789040954.2454,load,0,-1,29429,894.0,0.0,895.0,0.129,,,,,,,,,,,
1789040955.1222,load,0,-1,29429,895.0,0.0,896.0,0.165,,,,,,,,,,,
1789040955.5573,load,0,-1,29429,896.0,0.0,897.0,0.144,,,,,,,,,,,
1789040958.0538,load,0,-1,29429,897.0,0.0,898.0,0.169,,,,,,,,,,,
1789040958.2427,load,0,-1,29429,898.0,0.0,899.0,0.134,,,,,,,,,,,
1789040960.4635,load,0,-1,29429,899.0,0.0,900.0,0.146,,,,,,,,,,,
1789040960.8914,load,0,-1,29429,900.0,0.0,901.0,0.12,,,,,,,,,,,
1789040962.6497,load,0,-1,29429,901.0,0.0,902.0,0.307,,,,,,,,,,,
1789040963.6371,load,0,-1,29429,902.0,0.0,903.0,0.151,,,,,,,,,,,
1789040965.224,load,0,-1,29429,903.0,0.0,904.0,0.118,,,,,,,,,,,
1789040965.7396,load,0,-1,29429,904.0,0.0,905.0,0.139,,,,,,,,,,,
1789040967.3934,load,0,-1,29429,905.0,0.0,906.0,0.145,,,,,,,,,,,
1789040968.0912,load,0,-1,29429,906.0,0.0,907.0,0.368,,,,,,,,,,,
1789040969.3809,load,0,-1,29429,907.0,0.0,908.0,0.134,,,,,,,,,,,
1789040970.4948,load,0,-1,29429,908.0,0.0,909.0,0.147,,,,,,,,,,,
1789040971.8943,load,0,-1,29429,909.0,0.0,910.0,0.124,,,,,,,,,,,
1789040972.9602,load,0,-1,29429,910.0,0.0,911.0,0.181,,,,,,,,,,,
1789040973.7477,load,0,-1,29429,911.0,0.0,912.0,0.191,,,,,,,,,,,
1789040975.5677,load,0,-1,29429,912.0,0.0,913.0,0.128,,,,,,,,,,,
1789040976.6513,load,0,-1,29429,913.0,0.0,914.0,0.159,,,,,,,,,,,
1789040978.097,load,0,-1,29429,914.0,0.0,915.0,0.154,,,,,,,,,,,
1789040979.8227,load,0,-1,29429,915.0,0.0,916.0,0.125,,,,,,,,,,,
1789040979.9688,load,0,-1,29429,916.0,0.0,917.0,0.135,,,,,,,,,,,
1789040981.9943,load,0,-1,29429,917.0,0.0,918.0,0.129,,,,,,,,,,,
1789040982.4876,load,0,-1,29429,918.0,0.0,919.0,0.109,,,,,,,,,,,
1789040984.5324,load,0,-1,29429,919.0,0.0,920.0,0.124,,,,,,,,,,,
1789040984.9188,load,0,-1,29429,920.0,0.0,921.0,0.134,,,,,,,,,,,
1789040987.3365,load,0,-1,29429,921.0,0.0,922.0,0.139,,,,,,,,,,,
1789040987.5742,load,0,-1,29429,922.0,0.0,923.0,0.119,,,,,,,,,,,
1789040989.0954,load,0,-1,29429,923.0,0.0,924.0,0.15,,,,,,,,,,,
1789040990.3275,load,0,-1,29429,924.0,0.0,925.0,0.111,,,,,,,,,,,
1789040991.7886,load,0,-1,29429,925.0,0.0,926.0,0.133,,,,,,,,,,,
1789040992.2493,load,0,-1,29429,926.0,0.0,927.0,0.138,,,,,,,,,,,
1789040994.0795,load,0,-1,29429,927.0,0.0,928.0,0.121,,,,,,,,,,,
1789040994.4505,load,0,-1,29429,928.0,0.0,929.0,0.15,,,,,,,,,,,
1789040995.983,load,0,-1,29429,929.0,0.0,930.0,0.175,,,,,,,,,,,
1789040997.3101,load,0,-1,29429,930.0,0.0,931.0,0.12,,,,,,,,,,,
1789040998.1604,load,0,-1,29429,931.0,0.0,932.0,0.174,,,,,,,,,,,
1789040999.4554,load,0,-1,29429,932.0,0.0,933.0,0.152,,,,,,,,,,,
1789041000.8475,load,0,-1,29429,933.0,0.0,934.0,0.13,,,,,,,,,,,
1789041001.8928,load,0,-1,29429,934.0,0.0,935.0,0.15,,,,,,,,,,,
1789041002.7182,load,0,-1,29429,935.0,0.0,936.0,0.132,,,,,,,,,,,
1789041003.9233,load,0,-1,29429,936.0,0.0,937.0,0.124,,,,,,,,,,,
1789041005.4616,load,0,-1,29429,937.0,0.0,938.0,0.135,,,,,,,,,,,
1789041005.6437,load,0,-1,29429,938.0,0.0,939.0,0.127,,,,,,,,,,,
1789041007.51,load,0,-1,29429,939.0,0.0,940.0,0.173,,,,,,,,,,,
1789041007.7025,load,0,-1,29429,940.0,0.0,941.0,0.128,,,,,,,,,,,
1789041009.6941,load,0,-1,29429,941.0,0.0,942.0,0.195,,,,,,,,,,,
1789041010.1679,load,0,-1,29429,942.0,0.0,943.0,0.109,,,,,,,,,,,
1789041011.6654,load,0,-1,29429,943.0,0.0,944.0,0.138,,,,,,,,,,,
1789041012.5302,load,0,-1,29429,944.0,0.0,945.0,0.138,,,,,,,,,,,
1789041014.3639,load,0,-1,29429,945.0,0.0,946.0,0.113,,,,,,,,,,,
1789041015.1694,load,0,-1,29429,946.0,0.0,947.0,0.139,,,,,,,,,,,
1789041016.519,load,0,-1,29429,947.0,0.0,948.0,0.134,,,,,,,,,,,
1789041017.0683,load,0,-1,29429,948.0,0.0,949.0,0.124,,,,,,,,,,,
1789041019.2571,load,0,-1,29429,949.0,0.0,950.0,0.146,,,,,,,,,,,
1789041019.4418,load,0,-1,29429,950.0,0.0,951.0,0.13,,,,,,,,,,,
1789041021.7428,load,0,-1,29429,951.0,0.0,952.0,0.121,,,,,,,,,,,
1789041021.8541,load,0,-1,29429,952.0,0.0,953.0,0.128,,,,,,,,,,,
1789041024.0588,load,0,-1,29429,953.0,0.0,954.0,0.153,,,,,,,,,,,
1789041025.1181,load,0,-1,29429,954.0,0.0,955.0,0.142,,,,,,,,,,,
1789041026.8642,load,0,-1,29429,955.0,0.0,956.0,0.147,,,,,,,,,,,
1789041027.8058,load,0,-1,29429,956.0,0.0,957.0,0.129,,,,,,,,,,,
1789041029.4239,load,0,-1,29429,957.0,0.0,958.0,0.162,,,,,,,,,,,
1789041030.6495,load,0,-1,29429,958.0,0.0,959.0,0.133,,,,,,,,,,,
1789041031.995,load,0,-1,29429,959.0,0.0,960.0,0.13,,,,,,,,,,,
1789041033.3882,load,0,-1,29429,960.0,0.0,961.0,0.135,,,,,,,,,,,
1789041034.1277,load,0,-1,29429,961.0,0.0,962.0,0.133,,,,,,,,,,,
1789041035.8899,load,0,-1,29429,962.0,0.0,963.0,0.139,,,,,,,,,,,
1789041036.347,load,0,-1,29429,963.0,0.0,964.0,0.113,,,,,,,,,,,
1789041038.5261,load,0,-1,29429,964.0,0.0,965.0,0.133,,,,,,,,,,,
1789041038.8693,load,0,-1,29429,965.0,0.0,966.0,0.115,,,,,,,,,,,
1789041041.3468,load,0,-1,29429,966.0,0.0,967.0,0.136,,,,,,,,,,,
1789041041.6312,load,0,-1,29429,967.0,0.0,968.0,0.269,,,,,,,,,,,
1789041043.794,load,0,-1,29429,968.0,0.0,969.0,0.162,,,,,,,,,,,
1789041044.4768,load,0,-1,29429,969.0,0.0,970.0,0.295,,,,,,,,,,,
1789041046.32,load,0,-1,29429,970.0,0.0,971.0,0.183,,,,,,,,,,,
1789041046.8543,load,0,-1,29429,971.0,0.0,972.0,0.14,,,,,,,,,,,
1789041049.0395,load,0,-1,29429,972.0,0.0,973.0,0.119,,,,,,,,,,,
1789041049.3647,load,0,-1,29429,973.0,0.0,974.0,0.17,,,,,,,,,,,
1789041051.677,load,0,-1,29429,974.0,0.0,975.0,0.156,,,,,,,,,,,
1789041052.0892,load,0,-1,29429,975.0,0.0,976.0,0.121,,,,,,,,,,,
1789041053.9593,load,0,-1,29429,976.0,0.0,977.0,0.128,,,,,,,,,,,
1789041054.2749,load,0,-1,29429,977.0,0.0,978.0,0.129,,,,,,,,,,,
1789041056.8631,load,0,-1,29429,978.0,0.0,979.0,0.123,,,,,,,,,,,
1789041057.0126,load,0,-1,29429,979.0,0.0,980.0,0.14,,,,,,,,,,,
1789041059.0008,load,0,-1,29429,980.0,0.0,981.0,0.137,,,,,,,,,,,
1789041059.601,load,0,-1,29429,981.0,0.0,982.0,0.144,,,,,,,,,,,
1789041061.2913,load,0,-1,29429,982.0,0.0,983.0,0.131,,,,,,,,,,,
1789041061.7373,load,0,-1,29429,983.0,0.0,984.0,0.134,,,,,,,,,,,
1789041064.1528,load,0,-1,29429,984.0,0.0,985.0,0.126,,,,,,,,,,,
1789041064.9092,load,0,-1,29429,985.0,0.0,986.0,0.127,,,,,,,,,,,
1789041066.1964,load,0,-1,29429,986.0,0.0,987.0,0.142,,,,,,,,,,,
1789041067.6453,load,0,-1,29429,987.0,0.0,988.0,0.474,,,,,,,,,,,
1789041068.1443,load,0,-1,29429,988.0,0.0,989.0,0.134,,,,,,,,,,,
1789041069.3907,load,0,-1,29429,989.0,0.0,990.0,0.141,,,,,,,,,,,
1789041070.3721,load,0,-1,29429,990.0,0.0,991.0,0.164,,,,,,,,,,,
1789041071.7203,load,0,-1,29429,991.0,0.0,992.0,0.156,,,,,,,,,,,
1789041073.3497,load,0,-1,29429,992.0,0.0,993.0,0.13,,,,,,,,,,,
1789041074.6873,load,0,-1,29429,993.0,0.0,994.0,0.114,,,,,,,,,,,
1789041075.7325,load,0,-1,29429,994.0,0.0,995.0,0.13,,,,,,,,,,,
1789041076.8277,load,0,-1,29429,995.0,0.0,996.0,0.13,,,,,,,,,,,
1789041078.0989,load,0,-1,29429,996.0,0.0,997.0,0.262,,,,,,,,,,,
1789041078.9708,load,0,-1,29429,997.0,0.0,998.0,0.132,,,,,,,,,,,
1789041080.0195,load,0,-1,29429,998.0,0.0,999.0,0.136,,,,,,,,,,,
1789041082.1015,load,0,-1,29429,999.0,0.0,1000.0,0.128,,,,,,,,,,,
