global_step,epoch,epoch_frac,train/loss,train/accept_len,train/accept_rate
0,0,0.000000,0.529,1.0,0.0005
1,0,0.000106,0.529,1.0,0.000291
2,0,0.000213,0.533,1.0,0.000389
3,0,0.000319,0.522,1.0,0.000294
4,0,0.000425,0.518,1.0,0.00039
5,0,0.000531,0.507,1.0,0.000288
6,0,0.000638,0.5,1.0,0.000316
7,0,0.000744,0.471,1.0,0.000305
8,0,0.000850,0.45,1.0,0.000336
9,0,0.000957,0.436,1.0,0.000329
10,0,0.001063,0.417,1.0,0.000418
11,0,0.001169,0.399,1.0,0.000319
12,0,0.001275,0.384,1.0,0.000404
13,0,0.001382,0.375,1.0,0.000398
14,0,0.001488,0.364,1.0,0.00043
15,0,0.001594,0.355,1.001,0.000698
16,0,0.001700,0.349,1.001,0.001
17,0,0.001807,0.336,1.002,0.003
18,0,0.001913,0.336,1.007,0.007
19,0,0.002019,0.336,1.017,0.016
20,0,0.002126,0.353,1.03,0.028
21,0,0.002232,0.364,1.031,0.03
22,0,0.002338,0.373,1.041,0.039
23,0,0.002444,0.373,1.043,0.038
24,0,0.002551,0.368,1.049,0.041
25,0,0.002657,0.357,1.035,0.035
26,0,0.002763,0.336,1.043,0.041
27,0,0.002870,0.327,1.043,0.039
28,0,0.002976,0.324,1.042,0.036
29,0,0.003082,0.327,1.041,0.038
30,0,0.003188,0.322,1.057,0.051
31,0,0.003295,0.329,1.076,0.065
32,0,0.003401,0.331,1.076,0.069
33,0,0.003507,0.333,1.082,0.069
34,0,0.003614,0.331,1.093,0.079
35,0,0.003720,0.327,1.103,0.088
36,0,0.003826,0.333,1.1,0.082
37,0,0.003932,0.331,1.088,0.07
38,0,0.004039,0.329,1.154,0.117
39,0,0.004145,0.336,1.116,0.092
40,0,0.004251,0.329,1.158,0.111
41,0,0.004358,0.331,1.161,0.115
42,0,0.004464,0.333,1.157,0.109
43,0,0.004570,0.335,1.163,0.117
44,0,0.004676,0.325,1.164,0.11
45,0,0.004783,0.335,1.188,0.128
46,0,0.004889,0.335,1.205,0.125
47,0,0.004995,0.329,1.187,0.132
48,0,0.005101,0.329,1.274,0.171
49,0,0.005208,0.331,1.206,0.129
50,0,0.005314,0.338,1.202,0.131
51,0,0.005420,0.331,1.167,0.121
52,0,0.005527,0.336,1.202,0.133
53,0,0.005633,0.329,1.211,0.129
54,0,0.005739,0.333,1.245,0.15
55,0,0.005845,0.329,1.264,0.157
56,0,0.005952,0.336,1.189,0.133
57,0,0.006058,0.331,1.239,0.149
58,0,0.006164,0.335,1.249,0.154
59,0,0.006271,0.324,1.277,0.165
60,0,0.006377,0.329,1.29,0.18
61,0,0.006483,0.327,1.268,0.161
62,0,0.006589,0.331,1.242,0.14
63,0,0.006696,0.32,1.288,0.159
64,0,0.006802,0.325,1.337,0.191
65,0,0.006908,0.322,1.342,0.184
66,0,0.007015,0.32,1.412,0.204
67,0,0.007121,0.318,1.379,0.194
68,0,0.007227,0.331,1.259,0.158
69,0,0.007333,0.322,1.3,0.182
70,0,0.007440,0.32,1.43,0.214
71,0,0.007546,0.325,1.32,0.177
72,0,0.007652,0.324,1.336,0.188
73,0,0.007759,0.322,1.346,0.183
74,0,0.007865,0.324,1.338,0.186
75,0,0.007971,0.312,1.431,0.221
76,0,0.008077,0.322,1.359,0.195
77,0,0.008184,0.312,1.435,0.212
78,0,0.008290,0.316,1.393,0.206
79,0,0.008396,0.318,1.325,0.185
80,0,0.008502,0.311,1.419,0.217
81,0,0.008609,0.311,1.427,0.211
82,0,0.008715,0.312,1.482,0.226
83,0,0.008821,0.3,1.544,0.254
84,0,0.008928,0.32,1.414,0.2
85,0,0.009034,0.312,1.407,0.211
86,0,0.009140,0.311,1.452,0.221
87,0,0.009246,0.309,1.499,0.23
88,0,0.009353,0.314,1.442,0.203
89,0,0.009459,0.312,1.445,0.209
90,0,0.009565,0.307,1.549,0.241
91,0,0.009672,0.309,1.504,0.228
92,0,0.009778,0.298,1.58,0.266
93,0,0.009884,0.303,1.54,0.235
94,0,0.009990,0.305,1.52,0.221
95,0,0.010097,0.311,1.6,0.24
96,0,0.010203,0.3,1.641,0.262
97,0,0.010309,0.301,1.575,0.249
98,0,0.010416,0.301,1.546,0.225
99,0,0.010522,0.303,1.561,0.235
100,0,0.010628,0.303,1.541,0.233
101,0,0.010734,0.305,1.55,0.239
102,0,0.010841,0.309,1.579,0.238
103,0,0.010947,0.296,1.659,0.259
104,0,0.011053,0.296,1.646,0.249
105,0,0.011160,0.29,1.773,0.282
106,0,0.011266,0.3,1.561,0.235
107,0,0.011372,0.294,1.675,0.262
108,0,0.011478,0.303,1.552,0.232
109,0,0.011585,0.301,1.618,0.236
110,0,0.011691,0.3,1.604,0.234
111,0,0.011797,0.294,1.701,0.263
112,0,0.011903,0.296,1.657,0.252
113,0,0.012010,0.296,1.668,0.263
114,0,0.012116,0.298,1.622,0.248
115,0,0.012222,0.278,1.893,0.318
116,0,0.012329,0.307,1.537,0.227
117,0,0.012435,0.294,1.732,0.273
118,0,0.012541,0.289,1.721,0.265
119,0,0.012647,0.3,1.596,0.239
120,0,0.012754,0.292,1.714,0.267
121,0,0.012860,0.281,1.911,0.308
122,0,0.012966,0.294,1.691,0.259
123,0,0.013073,0.278,1.886,0.297
124,0,0.013179,0.298,1.631,0.243
125,0,0.013285,0.285,1.838,0.287
126,0,0.013391,0.285,1.827,0.288
127,0,0.013498,0.292,1.782,0.278
128,0,0.013604,0.287,1.796,0.274
129,0,0.013710,0.287,1.807,0.284
130,0,0.013817,0.285,1.781,0.283
131,0,0.013923,0.281,1.889,0.308
132,0,0.014029,0.281,1.902,0.301
133,0,0.014135,0.274,1.984,0.326
134,0,0.014242,0.285,1.769,0.268
135,0,0.014348,0.281,1.813,0.284
136,0,0.014454,0.278,1.87,0.305
137,0,0.014561,0.289,1.786,0.273
138,0,0.014667,0.285,1.872,0.299
139,0,0.014773,0.294,1.771,0.262
140,0,0.014879,0.278,1.877,0.294
141,0,0.014986,0.267,2.267,0.354
142,0,0.015092,0.283,1.804,0.288
143,0,0.015198,0.278,1.913,0.303
144,0,0.015304,0.279,1.857,0.296
145,0,0.015411,0.276,2.041,0.321
146,0,0.015517,0.278,1.996,0.326
147,0,0.015623,0.287,1.817,0.288
148,0,0.015730,0.274,1.949,0.317
149,0,0.015836,0.281,1.878,0.302
150,0,0.015942,0.289,1.786,0.267
151,0,0.016048,0.278,1.936,0.315
152,0,0.016155,0.268,2.049,0.337
153,0,0.016261,0.27,2.012,0.336
154,0,0.016367,0.276,1.986,0.311
155,0,0.016474,0.279,1.923,0.301
156,0,0.016580,0.267,2.046,0.331
157,0,0.016686,0.289,1.805,0.286
158,0,0.016792,0.276,1.941,0.307
159,0,0.016899,0.267,2.051,0.33
160,0,0.017005,0.274,2.009,0.319
161,0,0.017111,0.287,1.811,0.276
162,0,0.017218,0.276,1.976,0.317
163,0,0.017324,0.281,1.894,0.3
164,0,0.017430,0.27,2.015,0.333
165,0,0.017536,0.29,1.772,0.276
166,0,0.017643,0.278,1.918,0.305
167,0,0.017749,0.274,1.988,0.319
168,0,0.017855,0.272,2.068,0.336
169,0,0.017962,0.268,2.083,0.343
170,0,0.018068,0.263,2.132,0.347
171,0,0.018174,0.274,1.977,0.306
172,0,0.018280,0.267,2.105,0.339
173,0,0.018387,0.263,2.121,0.347
174,0,0.018493,0.283,1.915,0.294
175,0,0.018599,0.29,1.769,0.277
176,0,0.018705,0.272,2.0,0.321
177,0,0.018812,0.265,2.092,0.332
178,0,0.018918,0.268,2.04,0.325
179,0,0.019024,0.268,2.074,0.34
180,0,0.019131,0.265,2.129,0.356
181,0,0.019237,0.279,1.957,0.321
182,0,0.019343,0.274,1.992,0.317
183,0,0.019449,0.276,1.965,0.315
184,0,0.019556,0.261,2.173,0.359
185,0,0.019662,0.281,1.871,0.3
186,0,0.019768,0.278,1.945,0.307
187,0,0.019875,0.292,1.807,0.29
188,0,0.019981,0.285,1.855,0.279
189,0,0.020087,0.279,1.914,0.302
190,0,0.020193,0.268,2.047,0.341
191,0,0.020300,0.27,2.077,0.344
192,0,0.020406,0.261,2.17,0.353
193,0,0.020512,0.274,2.039,0.325
194,0,0.020619,0.283,1.896,0.293
195,0,0.020725,0.283,1.98,0.313
196,0,0.020831,0.259,2.225,0.367
197,0,0.020937,0.272,2.073,0.329
198,0,0.021044,0.279,1.894,0.303
199,0,0.021150,0.259,2.269,0.375
200,0,0.021256,0.287,1.86,0.288
201,0,0.021363,0.279,1.948,0.312
202,0,0.021469,0.272,2.075,0.326
203,0,0.021575,0.267,2.138,0.355
204,0,0.021681,0.27,2.051,0.336
205,0,0.021788,0.263,2.162,0.355
206,0,0.021894,0.279,1.97,0.309
207,0,0.022000,0.261,2.214,0.356
208,0,0.022106,0.278,1.978,0.319
209,0,0.022213,0.276,1.99,0.32
210,0,0.022319,0.261,2.169,0.354
211,0,0.022425,0.268,2.162,0.353
212,0,0.022532,0.276,2.005,0.325
213,0,0.022638,0.279,1.922,0.311
215,0,0.022850,0.281,1.937,0.304
216,0,0.022957,0.265,2.165,0.357
217,0,0.023063,0.272,2.065,0.327
218,0,0.023169,0.268,2.106,0.349
219,0,0.023276,0.265,2.212,0.354
220,0,0.023382,0.268,2.153,0.357
221,0,0.023488,0.276,2.077,0.352
222,0,0.023594,0.27,2.087,0.336
223,0,0.023701,0.272,2.115,0.339
224,0,0.023807,0.276,2.048,0.319
225,0,0.023913,0.276,2.108,0.34
226,0,0.024020,0.265,2.143,0.36
227,0,0.024126,0.283,1.945,0.312
228,0,0.024232,0.261,2.198,0.367
229,0,0.024338,0.268,2.133,0.347
230,0,0.024445,0.261,2.227,0.372
231,0,0.024551,0.274,2.084,0.336
232,0,0.024657,0.272,2.01,0.33
233,0,0.024764,0.278,1.946,0.312
234,0,0.024870,0.274,2.027,0.322
235,0,0.024976,0.268,2.146,0.354
236,0,0.025082,0.265,2.222,0.358
237,0,0.025189,0.274,2.069,0.343
238,0,0.025295,0.267,2.172,0.357
239,0,0.025401,0.265,2.17,0.348
240,0,0.025507,0.276,2.013,0.32
241,0,0.025614,0.257,2.289,0.376
242,0,0.025720,0.267,2.179,0.36
243,0,0.025826,0.27,2.109,0.339
244,0,0.025933,0.268,2.109,0.348
245,0,0.026039,0.27,2.138,0.347
246,0,0.026145,0.278,2.047,0.326
247,0,0.026251,0.267,2.17,0.35
248,0,0.026358,0.265,2.188,0.349
249,0,0.026464,0.254,2.419,0.406
250,0,0.026570,0.268,2.154,0.345
251,0,0.026677,0.268,2.157,0.343
252,0,0.026783,0.254,2.336,0.381
253,0,0.026889,0.272,2.132,0.358
254,0,0.026995,0.272,2.012,0.33
255,0,0.027102,0.265,2.227,0.364
256,0,0.027208,0.27,2.085,0.34
257,0,0.027314,0.259,2.327,0.376
258,0,0.027421,0.268,2.116,0.347
259,0,0.027527,0.254,2.366,0.384
260,0,0.027633,0.257,2.361,0.392
261,0,0.027739,0.256,2.354,0.384
262,0,0.027846,0.267,2.184,0.354
263,0,0.027952,0.263,2.248,0.367
264,0,0.028058,0.259,2.264,0.374
265,0,0.028165,0.263,2.219,0.364
266,0,0.028271,0.257,2.34,0.38
267,0,0.028377,0.272,2.116,0.35
268,0,0.028483,0.272,2.114,0.338
269,0,0.028590,0.272,2.096,0.348
270,0,0.028696,0.272,2.081,0.326
271,0,0.028802,0.265,2.235,0.359
272,0,0.028908,0.257,2.232,0.37
273,0,0.029015,0.276,2.096,0.328
274,0,0.029121,0.272,2.13,0.343
275,0,0.029227,0.267,2.24,0.367
276,0,0.029334,0.257,2.306,0.376
277,0,0.029440,0.265,2.19,0.354
278,0,0.029546,0.259,2.3,0.379
279,0,0.029652,0.248,2.45,0.406
280,0,0.029759,0.27,2.103,0.34
281,0,0.029865,0.283,1.972,0.317
282,0,0.029971,0.265,2.19,0.362
283,0,0.030078,0.267,2.244,0.372
284,0,0.030184,0.259,2.261,0.37
285,0,0.030290,0.265,2.255,0.371
286,0,0.030396,0.265,2.209,0.353
287,0,0.030503,0.267,2.19,0.363
288,0,0.030609,0.261,2.284,0.375
289,0,0.030715,0.27,2.063,0.345
290,0,0.030822,0.261,2.303,0.371
291,0,0.030928,0.256,2.339,0.384
292,0,0.031034,0.257,2.285,0.371
293,0,0.031140,0.27,2.142,0.348
294,0,0.031247,0.254,2.391,0.389
295,0,0.031353,0.27,2.155,0.355
296,0,0.031459,0.267,2.141,0.361
297,0,0.031566,0.256,2.339,0.394
298,0,0.031672,0.257,2.279,0.384
299,0,0.031778,0.257,2.328,0.383
300,0,0.031884,0.265,2.2,0.365
301,0,0.031991,0.276,2.137,0.353
302,0,0.032097,0.252,2.395,0.391
303,0,0.032203,0.261,2.279,0.383
304,0,0.032309,0.259,2.273,0.383
305,0,0.032416,0.261,2.265,0.372
306,0,0.032522,0.261,2.253,0.364
307,0,0.032628,0.256,2.305,0.37
308,0,0.032735,0.27,2.111,0.346
309,0,0.032841,0.248,2.502,0.409
310,0,0.032947,0.263,2.253,0.361
311,0,0.033053,0.274,2.076,0.337
312,0,0.033160,0.265,2.173,0.352
313,0,0.033266,0.268,2.17,0.355
314,0,0.033372,0.268,2.146,0.351
315,0,0.033479,0.276,2.079,0.338
316,0,0.033585,0.244,2.547,0.425
317,0,0.033691,0.257,2.293,0.365
318,0,0.033797,0.235,2.619,0.447
319,0,0.033904,0.257,2.328,0.386
320,0,0.034010,0.254,2.369,0.394
321,0,0.034116,0.25,2.543,0.419
322,0,0.034223,0.257,2.338,0.378
323,0,0.034329,0.243,2.499,0.41
324,0,0.034435,0.265,2.198,0.353
325,0,0.034541,0.261,2.26,0.38
326,0,0.034648,0.257,2.343,0.381
327,0,0.034754,0.265,2.287,0.372
328,0,0.034860,0.267,2.187,0.351
329,0,0.034967,0.27,2.117,0.343
330,0,0.035073,0.259,2.334,0.388
331,0,0.035179,0.252,2.439,0.408
332,0,0.035285,0.265,2.173,0.353
333,0,0.035392,0.257,2.314,0.374
334,0,0.035498,0.265,2.231,0.361
335,0,0.035604,0.257,2.356,0.383
336,0,0.035710,0.268,2.159,0.355
337,0,0.035817,0.268,2.188,0.359
338,0,0.035923,0.259,2.245,0.374
339,0,0.036029,0.267,2.265,0.366
340,0,0.036136,0.274,2.146,0.345
341,0,0.036242,0.268,2.178,0.349
342,0,0.036348,0.268,2.187,0.357
343,0,0.036454,0.254,2.409,0.397
344,0,0.036561,0.281,2.163,0.341
345,0,0.036667,0.281,2.324,0.374
346,0,0.036773,0.252,2.46,0.413
347,0,0.036880,0.257,2.353,0.382
348,0,0.036986,0.25,2.441,0.384
349,0,0.037092,0.25,2.426,0.399
350,0,0.037198,0.267,2.157,0.349
351,0,0.037305,0.248,2.507,0.405
352,0,0.037411,0.254,2.424,0.398
353,0,0.037517,0.257,2.302,0.384
354,0,0.037624,0.241,2.594,0.417
355,0,0.037730,0.259,2.292,0.38
356,0,0.037836,0.254,2.415,0.397
357,0,0.037942,0.259,2.278,0.375
358,0,0.038049,0.263,2.254,0.371
359,0,0.038155,0.256,2.335,0.396
360,0,0.038261,0.232,2.709,0.452
361,0,0.038368,0.256,2.335,0.392
362,0,0.038474,0.237,2.628,0.439
363,0,0.038580,0.261,2.272,0.365
364,0,0.038686,0.244,2.417,0.404
365,0,0.038793,0.243,2.534,0.419
366,0,0.038899,0.254,2.406,0.396
367,0,0.039005,0.25,2.369,0.392
368,0,0.039111,0.25,2.499,0.417
369,0,0.039218,0.254,2.415,0.393
370,0,0.039324,0.246,2.481,0.407
371,0,0.039430,0.25,2.402,0.398
372,0,0.039537,0.246,2.538,0.421
373,0,0.039643,0.265,2.251,0.378
374,0,0.039749,0.256,2.379,0.394
375,0,0.039855,0.256,2.356,0.395
376,0,0.039962,0.256,2.331,0.382
377,0,0.040068,0.243,2.509,0.418
378,0,0.040174,0.256,2.351,0.382
379,0,0.040281,0.235,2.619,0.438
380,0,0.040387,0.274,2.087,0.327
381,0,0.040493,0.256,2.324,0.381
382,0,0.040599,0.267,2.254,0.367
383,0,0.040706,0.256,2.388,0.378
384,0,0.040812,0.25,2.397,0.389
385,0,0.040918,0.244,2.516,0.416
386,0,0.041025,0.259,2.333,0.386
387,0,0.041131,0.25,2.499,0.413
388,0,0.041237,0.243,2.573,0.421
389,0,0.041343,0.244,2.48,0.405
390,0,0.041450,0.241,2.56,0.426
391,0,0.041556,0.25,2.457,0.395
392,0,0.041662,0.243,2.654,0.44
393,0,0.041769,0.248,2.451,0.404
394,0,0.041875,0.259,2.305,0.379
395,0,0.041981,0.263,2.236,0.367
396,0,0.042087,0.257,2.253,0.386
397,0,0.042194,0.257,2.341,0.388
398,0,0.042300,0.248,2.508,0.409
399,0,0.042406,0.246,2.563,0.42
400,0,0.042512,0.25,2.481,0.413
401,0,0.042619,0.259,2.274,0.372
402,0,0.042725,0.265,2.211,0.369
403,0,0.042831,0.267,2.186,0.353
404,0,0.042938,0.246,2.473,0.409
405,0,0.043044,0.267,2.178,0.37
406,0,0.043150,0.246,2.501,0.409
407,0,0.043256,0.229,2.758,0.457
408,0,0.043363,0.235,2.64,0.419
409,0,0.043469,0.235,2.67,0.442
410,0,0.043575,0.25,2.392,0.394
411,0,0.043682,0.243,2.575,0.418
412,0,0.043788,0.233,2.76,0.453
413,0,0.043894,0.233,2.774,0.45
414,0,0.044000,0.243,2.543,0.422
415,0,0.044107,0.252,2.433,0.395
416,0,0.044213,0.241,2.595,0.427
417,0,0.044319,0.252,2.402,0.386
418,0,0.044426,0.246,2.485,0.41
419,0,0.044532,0.231,2.789,0.456
420,0,0.044638,0.25,2.474,0.393
421,0,0.044744,0.248,2.457,0.399
422,0,0.044851,0.248,2.474,0.401
423,0,0.044957,0.234,2.649,0.437
424,0,0.045063,0.244,2.524,0.414
425,0,0.045170,0.261,2.286,0.378
426,0,0.045276,0.243,2.587,0.423
427,0,0.045382,0.233,2.678,0.442
428,0,0.045488,0.243,2.574,0.419
429,0,0.045595,0.239,2.657,0.429
430,0,0.045701,0.252,2.461,0.404
431,0,0.045807,0.244,2.513,0.407
432,0,0.045913,0.244,2.505,0.413
433,0,0.046020,0.241,2.588,0.431
434,0,0.046126,0.252,2.417,0.395
435,0,0.046232,0.241,2.572,0.42
436,0,0.046339,0.257,2.288,0.375
437,0,0.046445,0.237,2.661,0.438
438,0,0.046551,0.233,2.657,0.442
439,0,0.046657,0.244,2.461,0.412
440,0,0.046764,0.241,2.677,0.438
441,0,0.046870,0.228,2.829,0.463
442,0,0.046976,0.246,2.502,0.414
443,0,0.047083,0.261,2.234,0.361
444,0,0.047189,0.243,2.539,0.418
445,0,0.047295,0.246,2.521,0.415
446,0,0.047401,0.256,2.381,0.394
447,0,0.047508,0.225,2.857,0.466
448,0,0.047614,0.244,2.491,0.413
449,0,0.047720,0.246,2.49,0.408
450,0,0.047827,0.222,2.894,0.477
451,0,0.047933,0.231,2.743,0.458
452,0,0.048039,0.246,2.531,0.418
453,0,0.048145,0.237,2.704,0.443
454,0,0.048252,0.25,2.449,0.401
455,0,0.048358,0.254,2.383,0.394
456,0,0.048464,0.239,2.58,0.432
457,0,0.048571,0.25,2.421,0.401
458,0,0.048677,0.222,2.972,0.48
459,0,0.048783,0.241,2.59,0.422
460,0,0.048889,0.244,2.536,0.416
461,0,0.048996,0.234,2.712,0.446
462,0,0.049102,0.25,2.426,0.4
463,0,0.049208,0.232,2.721,0.451
464,0,0.049314,0.237,2.608,0.427
465,0,0.049421,0.235,2.7,0.442
466,0,0.049527,0.246,2.51,0.414
467,0,0.049633,0.261,2.269,0.37
468,0,0.049740,0.241,2.591,0.431
469,0,0.049846,0.241,2.527,0.417
470,0,0.049952,0.228,2.76,0.465
471,0,0.050058,0.228,2.836,0.464
472,0,0.050165,0.234,2.764,0.45
473,0,0.050271,0.244,2.555,0.408
474,0,0.050377,0.241,2.598,0.428
475,0,0.050484,0.248,2.515,0.414
476,0,0.050590,0.248,2.527,0.411
477,0,0.050696,0.263,2.284,0.366
478,0,0.050802,0.257,2.36,0.382
479,0,0.050909,0.237,2.582,0.43
480,0,0.051015,0.239,2.6,0.429
481,0,0.051121,0.234,2.69,0.446
482,0,0.051228,0.259,2.301,0.382
483,0,0.051334,0.228,2.829,0.461
484,0,0.051440,0.243,2.57,0.419
485,0,0.051546,0.234,2.73,0.441
486,0,0.051653,0.235,2.723,0.452
487,0,0.051759,0.243,2.603,0.425
488,0,0.051865,0.239,2.614,0.438
489,0,0.051972,0.239,2.683,0.436
490,0,0.052078,0.225,2.844,0.462
491,0,0.052184,0.246,2.444,0.406
492,0,0.052290,0.248,2.487,0.407
493,0,0.052397,0.226,2.862,0.472
494,0,0.052503,0.225,2.842,0.469
495,0,0.052609,0.239,2.599,0.423
496,0,0.052715,0.248,2.502,0.414
497,0,0.052822,0.241,2.619,0.427
498,0,0.052928,0.248,2.449,0.395
499,0,0.053034,0.252,2.393,0.388
500,0,0.053141,0.239,2.566,0.424
501,0,0.053247,0.248,2.495,0.4
502,0,0.053353,0.241,2.595,0.424
503,0,0.053459,0.254,2.372,0.39
504,0,0.053566,0.235,2.667,0.448
505,0,0.053672,0.25,2.419,0.403
506,0,0.053778,0.246,2.491,0.406
507,0,0.053885,0.241,2.655,0.439
508,0,0.053991,0.232,2.728,0.446
509,0,0.054097,0.237,2.653,0.447
510,0,0.054203,0.227,2.852,0.466
511,0,0.054310,0.235,2.626,0.449
512,0,0.054416,0.239,2.625,0.438
513,0,0.054522,0.239,2.637,0.427
514,0,0.054629,0.226,2.815,0.466
515,0,0.054735,0.248,2.523,0.414
516,0,0.054841,0.239,2.636,0.432
517,0,0.054947,0.235,2.704,0.443
518,0,0.055054,0.246,2.557,0.42
519,0,0.055160,0.223,2.909,0.476
520,0,0.055266,0.246,2.528,0.418
521,0,0.055373,0.243,2.522,0.425
522,0,0.055479,0.233,2.701,0.448
523,0,0.055585,0.232,2.774,0.454
524,0,0.055691,0.243,2.544,0.421
525,0,0.055798,0.243,2.62,0.43
526,0,0.055904,0.239,2.596,0.424
527,0,0.056010,0.234,2.688,0.442
528,0,0.056116,0.241,2.597,0.425
529,0,0.056223,0.226,2.848,0.474
530,0,0.056329,0.234,2.74,0.448
531,0,0.056435,0.23,2.748,0.455
532,0,0.056542,0.233,2.742,0.457
533,0,0.056648,0.235,2.647,0.432
534,0,0.056754,0.225,2.826,0.462
535,0,0.056860,0.233,2.782,0.456
536,0,0.056967,0.235,2.616,0.442
537,0,0.057073,0.235,2.77,0.455
538,0,0.057179,0.233,2.708,0.447
539,0,0.057286,0.25,2.518,0.414
540,0,0.057392,0.252,2.512,0.403
541,0,0.057498,0.235,2.668,0.448
542,0,0.057604,0.243,2.587,0.427
543,0,0.057711,0.248,2.452,0.41
544,0,0.057817,0.248,2.505,0.396
545,0,0.057923,0.232,2.706,0.441
546,0,0.058030,0.229,2.754,0.452
547,0,0.058136,0.235,2.672,0.439
548,0,0.058242,0.22,2.903,0.485
549,0,0.058348,0.235,2.711,0.443
550,0,0.058455,0.241,2.587,0.425
551,0,0.058561,0.215,3.024,0.5
552,0,0.058667,0.224,2.832,0.469
553,0,0.058774,0.227,2.921,0.465
554,0,0.058880,0.237,2.639,0.44
555,0,0.058986,0.226,2.911,0.475
556,0,0.059092,0.222,2.929,0.482
557,0,0.059199,0.233,2.687,0.44
558,0,0.059305,0.227,2.815,0.459
559,0,0.059411,0.228,2.905,0.467
560,0,0.059517,0.227,2.814,0.465
561,0,0.059624,0.222,2.908,0.484
562,0,0.059730,0.239,2.604,0.435
563,0,0.059836,0.241,2.572,0.43
564,0,0.059943,0.244,2.516,0.404
565,0,0.060049,0.239,2.616,0.434
566,0,0.060155,0.233,2.687,0.444
567,0,0.060261,0.221,2.918,0.48
568,0,0.060368,0.231,2.729,0.454
569,0,0.060474,0.237,2.667,0.434
570,0,0.060580,0.219,2.961,0.488
571,0,0.060687,0.237,2.709,0.442
572,0,0.060793,0.233,2.688,0.439
573,0,0.060899,0.23,2.732,0.447
574,0,0.061005,0.231,2.778,0.456
575,0,0.061112,0.21,3.122,0.507
576,0,0.061218,0.222,2.989,0.483
577,0,0.061324,0.231,2.786,0.46
578,0,0.061431,0.232,2.807,0.45
579,0,0.061537,0.234,2.706,0.443
580,0,0.061643,0.235,2.627,0.435
581,0,0.061749,0.225,2.845,0.473
582,0,0.061856,0.239,2.639,0.444
583,0,0.061962,0.222,2.903,0.479
584,0,0.062068,0.237,2.674,0.446
585,0,0.062175,0.217,2.968,0.497
586,0,0.062281,0.225,2.826,0.457
587,0,0.062387,0.235,2.668,0.432
588,0,0.062493,0.239,2.638,0.425
589,0,0.062600,0.254,2.372,0.395
590,0,0.062706,0.235,2.679,0.433
591,0,0.062812,0.228,2.78,0.461
592,0,0.062918,0.222,2.92,0.477
593,0,0.063025,0.239,2.644,0.43
594,0,0.063131,0.233,2.736,0.446
595,0,0.063237,0.235,2.65,0.438
596,0,0.063344,0.222,2.906,0.475
597,0,0.063450,0.209,3.215,0.52
598,0,0.063556,0.254,2.396,0.389
599,0,0.063662,0.231,2.749,0.45
600,0,0.063769,0.232,2.749,0.456
601,0,0.063875,0.234,2.717,0.447
602,0,0.063981,0.232,2.752,0.455
603,0,0.064088,0.244,2.584,0.421
604,0,0.064194,0.244,2.565,0.415
605,0,0.064300,0.233,2.732,0.452
606,0,0.064406,0.248,2.453,0.401
607,0,0.064513,0.227,2.749,0.455
608,0,0.064619,0.248,2.499,0.412
609,0,0.064725,0.221,2.977,0.477
610,0,0.064832,0.241,2.52,0.425
611,0,0.064938,0.235,2.679,0.44
612,0,0.065044,0.224,2.847,0.462
613,0,0.065150,0.239,2.627,0.429
614,0,0.065257,0.222,2.925,0.474
615,0,0.065363,0.237,2.689,0.443
616,0,0.065469,0.23,2.866,0.474
617,0,0.065576,0.214,3.0,0.497
618,0,0.065682,0.239,2.613,0.423
619,0,0.065788,0.237,2.664,0.439
620,0,0.065894,0.237,2.713,0.438
621,0,0.066001,0.222,2.856,0.464
622,0,0.066107,0.223,2.895,0.47
623,0,0.066213,0.225,2.845,0.471
624,0,0.066319,0.224,2.914,0.478
625,0,0.066426,0.233,2.749,0.451
626,0,0.066532,0.225,2.931,0.472
627,0,0.066638,0.246,2.618,0.413
628,0,0.066745,0.244,2.533,0.421
629,0,0.066851,0.222,2.9,0.471
630,0,0.066957,0.243,2.635,0.428
631,0,0.067063,0.232,2.77,0.451
632,0,0.067170,0.232,2.774,0.449
633,0,0.067276,0.23,2.816,0.456
634,0,0.067382,0.223,2.899,0.48
635,0,0.067489,0.224,2.891,0.471
636,0,0.067595,0.241,2.549,0.421
637,0,0.067701,0.227,2.907,0.468
638,0,0.067807,0.248,2.512,0.416
639,0,0.067914,0.235,2.755,0.439
640,0,0.068020,0.239,2.647,0.435
641,0,0.068126,0.252,2.46,0.404
642,0,0.068233,0.21,3.105,0.503
643,0,0.068339,0.231,2.765,0.455
644,0,0.068445,0.235,2.678,0.436
645,0,0.068551,0.224,2.861,0.477
646,0,0.068658,0.233,2.766,0.452
647,0,0.068764,0.224,2.825,0.472
648,0,0.068870,0.232,2.798,0.452
649,0,0.068977,0.257,2.375,0.393
650,0,0.069083,0.227,2.838,0.472
651,0,0.069189,0.239,2.605,0.44
652,0,0.069295,0.257,2.308,0.386
653,0,0.069402,0.211,3.118,0.506
654,0,0.069508,0.241,2.608,0.424
655,0,0.069614,0.226,2.819,0.462
656,0,0.069720,0.227,2.885,0.464
657,0,0.069827,0.219,3.062,0.492
658,0,0.069933,0.224,2.866,0.469
659,0,0.070039,0.219,3.02,0.487
660,0,0.070146,0.234,2.691,0.445
661,0,0.070252,0.21,3.133,0.507
662,0,0.070358,0.246,2.609,0.424
663,0,0.070464,0.231,2.745,0.45
664,0,0.070571,0.233,2.701,0.442
665,0,0.070677,0.23,2.831,0.464
666,0,0.070783,0.239,2.666,0.431
667,0,0.070890,0.214,3.101,0.488
668,0,0.070996,0.229,2.866,0.467
669,0,0.071102,0.235,2.661,0.439
670,0,0.071208,0.223,2.956,0.478
671,0,0.071315,0.233,2.774,0.452
672,0,0.071421,0.235,2.645,0.435
673,0,0.071527,0.228,2.867,0.464
674,0,0.071634,0.239,2.622,0.434
675,0,0.071740,0.21,3.13,0.521
676,0,0.071846,0.221,2.932,0.482
677,0,0.071952,0.239,2.665,0.431
678,0,0.072059,0.227,2.801,0.462
679,0,0.072165,0.203,3.274,0.528
680,0,0.072271,0.212,3.073,0.492
681,0,0.072378,0.233,2.747,0.445
682,0,0.072484,0.217,3.049,0.502
683,0,0.072590,0.243,2.546,0.421
684,0,0.072696,0.228,2.843,0.462
685,0,0.072803,0.219,2.985,0.484
686,0,0.072909,0.235,2.642,0.439
687,0,0.073015,0.233,2.73,0.447
688,0,0.073121,0.225,2.826,0.467
689,0,0.073228,0.231,2.776,0.46
690,0,0.073334,0.234,2.678,0.441
691,0,0.073440,0.221,2.945,0.481
692,0,0.073547,0.241,2.594,0.417
693,0,0.073653,0.237,2.676,0.441
694,0,0.073759,0.228,2.835,0.463
695,0,0.073865,0.235,2.648,0.44
696,0,0.073972,0.232,2.706,0.452
697,0,0.074078,0.211,3.168,0.507
698,0,0.074184,0.222,2.923,0.481
699,0,0.074291,0.231,2.742,0.449
700,0,0.074397,0.216,3.017,0.489
701,0,0.074503,0.233,2.729,0.453
702,0,0.074609,0.224,2.868,0.472
703,0,0.074716,0.222,2.974,0.485
704,0,0.074822,0.215,3.027,0.496
705,0,0.074928,0.235,2.643,0.433
706,0,0.075035,0.25,2.605,0.427
707,0,0.075141,0.231,2.736,0.45
708,0,0.075247,0.244,2.568,0.41
709,0,0.075353,0.218,3.07,0.493
710,0,0.075460,0.218,3.011,0.483
711,0,0.075566,0.223,2.922,0.471
712,0,0.075672,0.235,2.716,0.444
713,0,0.075779,0.23,2.855,0.463
714,0,0.075885,0.235,2.705,0.45
715,0,0.075991,0.234,2.752,0.454
716,0,0.076097,0.216,3.044,0.495
717,0,0.076204,0.208,3.209,0.519
718,0,0.076310,0.232,2.788,0.457
719,0,0.076416,0.228,2.849,0.465
720,0,0.076522,0.228,2.783,0.46
721,0,0.076629,0.218,3.025,0.49
722,0,0.076735,0.231,2.815,0.46
723,0,0.076841,0.226,2.827,0.473
724,0,0.076948,0.232,2.753,0.454
725,0,0.077054,0.222,2.941,0.484
726,0,0.077160,0.217,3.03,0.499
727,0,0.077266,0.228,2.873,0.469
728,0,0.077373,0.232,2.709,0.45
729,0,0.077479,0.217,3.046,0.492
730,0,0.077585,0.218,3.086,0.496
731,0,0.077692,0.228,2.854,0.46
732,0,0.077798,0.222,2.865,0.475
733,0,0.077904,0.214,3.045,0.497
734,0,0.078010,0.215,3.066,0.492
735,0,0.078117,0.235,2.734,0.443
736,0,0.078223,0.237,2.674,0.441
737,0,0.078329,0.226,2.831,0.461
738,0,0.078436,0.224,2.882,0.469
739,0,0.078542,0.226,2.847,0.463
740,0,0.078648,0.243,2.555,0.421
741,0,0.078754,0.226,2.81,0.46
742,0,0.078861,0.231,2.802,0.457
743,0,0.078967,0.228,2.849,0.467
744,0,0.079073,0.219,3.039,0.493
745,0,0.079180,0.205,3.248,0.525
746,0,0.079286,0.218,2.969,0.484
747,0,0.079392,0.235,2.685,0.441
748,0,0.079498,0.235,2.794,0.459
749,0,0.079605,0.225,2.885,0.476
750,0,0.079711,0.226,2.834,0.466
751,0,0.079817,0.216,3.117,0.496
752,0,0.079923,0.22,2.975,0.491
753,0,0.080030,0.213,3.134,0.499
754,0,0.080136,0.233,2.704,0.445
755,0,0.080242,0.229,2.779,0.455
756,0,0.080349,0.212,3.062,0.498
757,0,0.080455,0.233,2.73,0.447
758,0,0.080561,0.219,3.011,0.487
759,0,0.080667,0.213,3.092,0.495
760,0,0.080774,0.233,2.689,0.456
761,0,0.080880,0.222,2.918,0.474
762,0,0.080986,0.221,3.056,0.478
763,0,0.081093,0.225,2.834,0.466
764,0,0.081199,0.221,2.922,0.486
765,0,0.081305,0.22,2.981,0.482
766,0,0.081411,0.22,2.972,0.488
767,0,0.081518,0.229,2.835,0.465
768,0,0.081624,0.239,2.697,0.44
769,0,0.081730,0.224,2.908,0.475
770,0,0.081837,0.232,2.772,0.459
771,0,0.081943,0.226,2.878,0.467
772,0,0.082049,0.217,3.054,0.498
773,0,0.082155,0.219,2.943,0.48
774,0,0.082262,0.254,2.458,0.4
775,0,0.082368,0.23,2.796,0.456
776,0,0.082474,0.235,2.737,0.446
777,0,0.082581,0.211,3.128,0.505
778,0,0.082687,0.215,3.139,0.503
779,0,0.082793,0.22,2.947,0.479
780,0,0.082899,0.208,3.163,0.513
781,0,0.083006,0.222,2.963,0.482
782,0,0.083112,0.217,3.064,0.497
783,0,0.083218,0.246,2.492,0.412
784,0,0.083324,0.231,2.771,0.462
785,0,0.083431,0.235,2.67,0.441
786,0,0.083537,0.212,3.048,0.498
787,0,0.083643,0.231,2.777,0.448
788,0,0.083750,0.212,3.139,0.506
789,0,0.083856,0.209,3.213,0.516
790,0,0.083962,0.222,2.909,0.478
791,0,0.084068,0.215,2.993,0.491
792,0,0.084175,0.222,2.894,0.474
793,0,0.084281,0.22,2.936,0.484
794,0,0.084387,0.225,2.837,0.468
795,0,0.084494,0.231,2.87,0.474
796,0,0.084600,0.243,2.525,0.424
797,0,0.084706,0.225,2.903,0.475
798,0,0.084812,0.217,3.074,0.495
799,0,0.084919,0.213,3.104,0.503
800,0,0.085025,0.228,2.83,0.461
801,0,0.085131,0.223,2.879,0.476
802,0,0.085238,0.212,3.098,0.506
803,0,0.085344,0.222,2.921,0.474
804,0,0.085450,0.227,2.849,0.467
805,0,0.085556,0.219,2.948,0.478
806,0,0.085663,0.222,2.935,0.48
807,0,0.085769,0.239,2.597,0.423
808,0,0.085875,0.222,2.928,0.478
809,0,0.085982,0.229,2.775,0.461
810,0,0.086088,0.224,2.786,0.467
811,0,0.086194,0.213,3.059,0.509
812,0,0.086300,0.228,2.848,0.466
813,0,0.086407,0.206,3.22,0.515
814,0,0.086513,0.219,3.012,0.486
815,0,0.086619,0.206,3.268,0.521
816,0,0.086725,0.23,2.854,0.462
817,0,0.086832,0.235,2.616,0.441
818,0,0.086938,0.231,2.772,0.455
819,0,0.087044,0.213,3.078,0.503
820,0,0.087151,0.202,3.323,0.532
821,0,0.087257,0.221,3.079,0.503
822,0,0.087363,0.202,3.13,0.529
823,0,0.087469,0.223,2.852,0.471
824,0,0.087576,0.213,3.052,0.493
825,0,0.087682,0.202,3.312,0.53
826,0,0.087788,0.21,3.167,0.513
827,0,0.087895,0.222,2.95,0.481
828,0,0.088001,0.221,3.004,0.486
829,0,0.088107,0.199,3.432,0.545
830,0,0.088213,0.215,3.047,0.492
831,0,0.088320,0.212,3.155,0.504
832,0,0.088426,0.224,2.924,0.47
833,0,0.088532,0.211,3.12,0.504
834,0,0.088639,0.225,2.906,0.469
835,0,0.088745,0.228,2.828,0.466
836,0,0.088851,0.232,2.752,0.459
837,0,0.088957,0.233,2.672,0.444
838,0,0.089064,0.223,2.943,0.487
839,0,0.089170,0.23,2.788,0.448
840,0,0.089276,0.21,3.136,0.509
841,0,0.089383,0.232,2.79,0.455
842,0,0.089489,0.233,2.737,0.451
843,0,0.089595,0.215,3.052,0.503
844,0,0.089701,0.216,3.099,0.497
845,0,0.089808,0.235,2.677,0.436
846,0,0.089914,0.212,3.115,0.5
847,0,0.090020,0.218,2.983,0.488
848,0,0.090126,0.199,3.361,0.54
849,0,0.090233,0.243,2.624,0.428
850,0,0.090339,0.21,3.165,0.515
851,0,0.090445,0.208,3.167,0.515
852,0,0.090552,0.222,2.978,0.474
853,0,0.090658,0.215,3.0,0.486
854,0,0.090764,0.214,3.091,0.504
855,0,0.090870,0.224,2.876,0.465
856,0,0.090977,0.219,3.001,0.496
857,0,0.091083,0.221,2.939,0.475
858,0,0.091189,0.212,3.155,0.507
859,0,0.091296,0.243,2.499,0.424
860,0,0.091402,0.217,3.024,0.494
861,0,0.091508,0.22,2.949,0.478
862,0,0.091614,0.237,2.636,0.435
863,0,0.091721,0.205,3.248,0.524
864,0,0.091827,0.231,2.788,0.45
865,0,0.091933,0.21,3.151,0.511
866,0,0.092040,0.215,3.045,0.493
867,0,0.092146,0.213,3.056,0.496
868,0,0.092252,0.22,2.979,0.498
869,0,0.092358,0.221,2.868,0.488
870,0,0.092465,0.222,2.904,0.48
871,0,0.092571,0.222,2.928,0.471
872,0,0.092677,0.211,3.101,0.501
873,0,0.092784,0.225,2.924,0.479
874,0,0.092890,0.222,3.064,0.486
875,0,0.092996,0.223,2.923,0.477
876,0,0.093102,0.226,2.858,0.472
877,0,0.093209,0.217,3.062,0.492
878,0,0.093315,0.22,2.975,0.483
879,0,0.093421,0.231,2.754,0.45
880,0,0.093527,0.224,3.1,0.493
881,0,0.093634,0.221,2.964,0.481
882,0,0.093740,0.202,3.265,0.529
883,0,0.093846,0.226,2.875,0.46
884,0,0.093953,0.23,2.787,0.449
885,0,0.094059,0.237,2.695,0.449
886,0,0.094165,0.215,3.065,0.494
887,0,0.094271,0.215,3.056,0.498
888,0,0.094378,0.221,2.948,0.488
889,0,0.094484,0.224,2.966,0.483
890,0,0.094590,0.222,2.943,0.479
891,0,0.094697,0.217,3.048,0.494
892,0,0.094803,0.237,2.665,0.444
893,0,0.094909,0.216,2.953,0.494
894,0,0.095015,0.199,3.365,0.542
895,0,0.095122,0.207,3.232,0.517
896,0,0.095228,0.222,2.924,0.478
897,0,0.095334,0.209,3.129,0.506
898,0,0.095441,0.215,3.087,0.499
899,0,0.095547,0.221,2.95,0.473
900,0,0.095653,0.21,3.123,0.505
901,0,0.095759,0.214,3.103,0.504
902,0,0.095866,0.21,3.128,0.508
903,0,0.095972,0.239,2.65,0.435
904,0,0.096078,0.2,3.297,0.535
905,0,0.096185,0.227,2.826,0.462
906,0,0.096291,0.222,2.9,0.475
907,0,0.096397,0.206,3.262,0.524
908,0,0.096503,0.206,3.203,0.52
909,0,0.096610,0.215,3.105,0.501
910,0,0.096716,0.21,3.112,0.504
911,0,0.096822,0.223,2.893,0.477
912,0,0.096928,0.206,3.232,0.522
913,0,0.097035,0.214,3.065,0.497
914,0,0.097141,0.191,3.482,0.56
915,0,0.097247,0.218,3.025,0.493
916,0,0.097354,0.219,2.999,0.482
917,0,0.097460,0.213,3.101,0.499
918,0,0.097566,0.219,3.009,0.488
919,0,0.097672,0.217,2.991,0.489
920,0,0.097779,0.233,2.743,0.442
921,0,0.097885,0.208,3.188,0.515
922,0,0.097991,0.22,2.941,0.479
923,0,0.098098,0.208,3.154,0.514
924,0,0.098204,0.221,2.969,0.48
925,0,0.098310,0.201,3.337,0.532
926,0,0.098416,0.228,2.85,0.472
927,0,0.098523,0.222,2.953,0.48
928,0,0.098629,0.216,3.071,0.489
929,0,0.098735,0.222,2.917,0.476
930,0,0.098842,0.21,3.133,0.498
931,0,0.098948,0.206,3.247,0.523
932,0,0.099054,0.216,3.162,0.498
933,0,0.099160,0.223,2.832,0.473
934,0,0.099267,0.204,3.249,0.524
935,0,0.099373,0.209,3.177,0.509
936,0,0.099479,0.227,2.822,0.46
937,0,0.099586,0.214,3.058,0.497
938,0,0.099692,0.218,3.036,0.483
939,0,0.099798,0.206,3.249,0.534
940,0,0.099904,0.204,3.23,0.526
941,0,0.100011,0.229,2.804,0.46
942,0,0.100117,0.214,3.119,0.503
943,0,0.100223,0.199,3.384,0.545
944,0,0.100329,0.214,3.009,0.493
945,0,0.100436,0.214,3.117,0.5
946,0,0.100542,0.228,2.858,0.458
947,0,0.100648,0.222,2.961,0.478
948,0,0.100755,0.221,2.976,0.475
949,0,0.100861,0.221,2.941,0.485
950,0,0.100967,0.217,3.013,0.495
951,0,0.101073,0.215,3.113,0.499
952,0,0.101180,0.224,2.875,0.468
953,0,0.101286,0.216,3.044,0.491
954,0,0.101392,0.202,3.31,0.532
955,0,0.101499,0.206,3.227,0.522
956,0,0.101605,0.243,2.641,0.436
957,0,0.101711,0.241,2.912,0.49
958,0,0.101817,0.221,2.963,0.482
959,0,0.101924,0.202,3.25,0.534
960,0,0.102030,0.232,2.81,0.453
961,0,0.102136,0.214,3.098,0.504
962,0,0.102243,0.228,2.863,0.47
963,0,0.102349,0.215,3.068,0.501
964,0,0.102455,0.222,2.933,0.475
965,0,0.102561,0.222,3.032,0.487
966,0,0.102668,0.222,2.885,0.471
967,0,0.102774,0.21,3.149,0.513
968,0,0.102880,0.224,2.934,0.476
969,0,0.102987,0.209,3.18,0.513
970,0,0.103093,0.205,3.225,0.523
971,0,0.103199,0.221,2.992,0.483
972,0,0.103305,0.205,3.292,0.524
973,0,0.103412,0.225,2.937,0.474
974,0,0.103518,0.22,3.035,0.492
975,0,0.103624,0.204,3.208,0.524
976,0,0.103730,0.21,3.176,0.507
977,0,0.103837,0.211,3.119,0.501
978,0,0.103943,0.219,2.995,0.48
979,0,0.104049,0.231,2.819,0.461
980,0,0.104156,0.206,3.293,0.523
981,0,0.104262,0.207,3.253,0.517
982,0,0.104368,0.205,3.303,0.519
983,0,0.104474,0.222,2.909,0.475
984,0,0.104581,0.205,3.298,0.523
985,0,0.104687,0.237,2.893,0.463
986,0,0.104793,0.211,3.139,0.504
987,0,0.104900,0.21,3.185,0.507
988,0,0.105006,0.2,3.25,0.531
989,0,0.105112,0.22,2.984,0.488
990,0,0.105218,0.211,3.155,0.512
991,0,0.105325,0.202,3.325,0.527
992,0,0.105431,0.227,2.906,0.475
993,0,0.105537,0.204,3.273,0.519
994,0,0.105644,0.233,2.769,0.447
995,0,0.105750,0.223,2.936,0.482
996,0,0.105856,0.202,3.37,0.535
997,0,0.105962,0.206,3.278,0.526
998,0,0.106069,0.227,3.071,0.491
999,0,0.106175,0.217,3.051,0.485
1000,0,0.106281,0.209,3.14,0.513
1001,0,0.106388,0.222,2.922,0.473
1002,0,0.106494,0.22,2.986,0.484
1003,0,0.106600,0.215,3.116,0.503
1004,0,0.106706,0.223,3.013,0.481
1005,0,0.106813,0.217,3.058,0.498
1006,0,0.106919,0.223,2.943,0.477
1007,0,0.107025,0.235,2.821,0.464
1008,0,0.107131,0.218,2.999,0.483
1009,0,0.107238,0.21,3.213,0.514
1010,0,0.107344,0.22,2.951,0.49
1011,0,0.107450,0.229,2.791,0.461
1012,0,0.107557,0.216,3.057,0.499
1013,0,0.107663,0.221,2.976,0.485
1014,0,0.107769,0.221,2.969,0.482
1015,0,0.107875,0.222,2.919,0.479
1016,0,0.107982,0.23,2.806,0.462
1017,0,0.108088,0.246,2.555,0.424
1018,0,0.108194,0.211,3.193,0.516
1019,0,0.108301,0.217,3.085,0.505
1020,0,0.108407,0.21,3.174,0.513
1021,0,0.108513,0.219,3.019,0.488
1022,0,0.108619,0.2,3.316,0.54
1023,0,0.108726,0.204,3.252,0.519
1024,0,0.108832,0.22,3.017,0.492
1025,0,0.108938,0.228,2.887,0.465
1026,0,0.109045,0.222,3.06,0.486
1027,0,0.109151,0.205,3.222,0.529
1028,0,0.109257,0.218,2.992,0.491
1029,0,0.109363,0.201,3.329,0.527
1030,0,0.109470,0.2,3.324,0.535
1031,0,0.109576,0.198,3.351,0.543
1032,0,0.109682,0.211,3.133,0.508
1033,0,0.109789,0.209,3.241,0.517
1034,0,0.109895,0.207,3.245,0.524
1035,0,0.110001,0.225,2.875,0.464
1036,0,0.110107,0.218,3.026,0.483
1037,0,0.110214,0.21,3.207,0.51
1038,0,0.110320,0.222,2.97,0.475
1039,0,0.110426,0.21,3.128,0.509
1040,0,0.110532,0.221,3.04,0.483
1041,0,0.110639,0.209,3.175,0.508
1042,0,0.110745,0.211,3.124,0.51
1043,0,0.110851,0.21,3.198,0.513
1044,0,0.110958,0.198,3.349,0.527
1045,0,0.111064,0.218,3.047,0.493
1046,0,0.111170,0.213,3.141,0.503
1047,0,0.111276,0.219,2.966,0.487
1048,0,0.111383,0.212,3.112,0.499
1049,0,0.111489,0.211,3.197,0.506
1050,0,0.111595,0.208,3.264,0.521
1051,0,0.111702,0.211,3.119,0.507
1052,0,0.111808,0.204,3.276,0.53
1053,0,0.111914,0.232,2.931,0.467
1054,0,0.112020,0.209,3.147,0.51
1055,0,0.112127,0.203,3.308,0.529
1056,0,0.112233,0.216,3.065,0.498
1057,0,0.112339,0.209,3.203,0.513
1058,0,0.112446,0.228,2.907,0.461
1059,0,0.112552,0.216,3.024,0.496
1060,0,0.112658,0.212,3.096,0.507
1061,0,0.112764,0.227,2.917,0.472
1062,0,0.112871,0.215,3.117,0.506
1063,0,0.112977,0.207,3.272,0.517
1064,0,0.113083,0.232,2.814,0.447
1065,0,0.113189,0.243,2.662,0.432
1066,0,0.113296,0.225,2.855,0.471
1067,0,0.113402,0.211,3.178,0.53
1068,0,0.113508,0.206,3.284,0.527
1069,0,0.113615,0.22,2.942,0.487
1070,0,0.113721,0.212,3.13,0.507
1071,0,0.113827,0.202,3.303,0.525
1072,0,0.113933,0.201,3.373,0.536
1073,0,0.114040,0.197,3.42,0.549
1074,0,0.114146,0.222,3.109,0.501
1075,0,0.114252,0.207,3.23,0.518
1076,0,0.114359,0.204,3.24,0.522
1077,0,0.114465,0.218,3.045,0.489
1078,0,0.114571,0.232,2.783,0.454
1079,0,0.114677,0.207,3.205,0.52
1080,0,0.114784,0.205,3.259,0.522
1081,0,0.114890,0.222,2.943,0.481
1082,0,0.114996,0.21,3.163,0.508
1083,0,0.115103,0.219,3.007,0.495
1084,0,0.115209,0.21,3.18,0.509
1085,0,0.115315,0.235,2.7,0.443
1086,0,0.115421,0.207,3.278,0.524
1087,0,0.115528,0.2,3.339,0.535
1088,0,0.115634,0.196,3.458,0.551
1089,0,0.115740,0.214,3.058,0.498
1090,0,0.115847,0.203,3.281,0.525
1091,0,0.115953,0.211,3.128,0.508
1092,0,0.116059,0.206,3.283,0.521
1093,0,0.116165,0.213,3.159,0.505
1094,0,0.116272,0.225,2.901,0.47
1095,0,0.116378,0.233,2.773,0.444
1096,0,0.116484,0.214,3.054,0.497
1097,0,0.116590,0.208,3.192,0.522
1098,0,0.116697,0.207,3.228,0.511
1099,0,0.116803,0.193,3.466,0.547
1100,0,0.116909,0.244,2.848,0.455
1101,0,0.117016,0.213,3.161,0.508
1102,0,0.117122,0.205,3.264,0.531
1103,0,0.117228,0.221,2.951,0.484
1104,0,0.117334,0.209,3.266,0.518
1105,0,0.117441,0.187,3.578,0.576
1106,0,0.117547,0.202,3.304,0.521
1107,0,0.117653,0.205,3.303,0.512
1108,0,0.117760,0.188,3.567,0.566
1109,0,0.117866,0.227,2.814,0.462
1110,0,0.117972,0.211,3.115,0.505
1111,0,0.118078,0.208,3.202,0.512
1112,0,0.118185,0.192,3.538,0.558
1113,0,0.118291,0.216,3.032,0.498
1114,0,0.118397,0.219,2.887,0.485
1115,0,0.118504,0.227,3.137,0.495
1116,0,0.118610,0.221,2.966,0.485
1117,0,0.118716,0.221,2.971,0.483
1118,0,0.118822,0.206,3.273,0.534
1119,0,0.118929,0.21,3.154,0.507
1120,0,0.119035,0.223,3.017,0.489
1121,0,0.119141,0.203,3.493,0.532
1122,0,0.119248,0.194,3.478,0.561
1123,0,0.119354,0.221,2.934,0.484
1124,0,0.119460,0.207,3.219,0.515
1125,0,0.119566,0.221,2.971,0.481
1126,0,0.119673,0.19,3.601,0.564
1127,0,0.119779,0.209,3.173,0.511
1128,0,0.119885,0.226,2.809,0.459
1129,0,0.119991,0.22,2.969,0.489
1130,0,0.120098,0.219,3.033,0.491
1131,0,0.120204,0.215,3.084,0.495
1132,0,0.120310,0.192,3.522,0.564
1133,0,0.120417,0.214,3.093,0.497
1134,0,0.120523,0.204,3.313,0.522
1135,0,0.120629,0.217,3.084,0.485
1136,0,0.120735,0.219,2.955,0.484
1137,0,0.120842,0.221,2.944,0.486
1138,0,0.120948,0.222,2.924,0.478
1139,0,0.121054,0.195,3.475,0.553
1140,0,0.121161,0.195,3.472,0.552
1141,0,0.121267,0.217,3.085,0.498
1142,0,0.121373,0.222,2.899,0.475
1143,0,0.121479,0.215,3.066,0.494
1144,0,0.121586,0.235,2.676,0.442
1145,0,0.121692,0.206,3.201,0.516
1146,0,0.121798,0.21,3.104,0.509
1147,0,0.121905,0.214,3.072,0.503
1148,0,0.122011,0.206,3.25,0.52
1149,0,0.122117,0.176,3.838,0.6
1150,0,0.122223,0.232,3.004,0.481
1151,0,0.122330,0.21,3.188,0.505
1152,0,0.122436,0.206,3.265,0.517
1153,0,0.122542,0.224,2.938,0.474
1154,0,0.122649,0.188,3.639,0.57
1155,0,0.122755,0.199,3.355,0.543
1156,0,0.122861,0.202,3.277,0.527
1157,0,0.122967,0.213,3.084,0.497
1158,0,0.123074,0.218,3.015,0.49
1159,0,0.123180,0.208,3.201,0.504
1160,0,0.123286,0.212,3.119,0.503
1161,0,0.123392,0.21,3.165,0.508
1162,0,0.123499,0.221,3.009,0.486
1163,0,0.123605,0.211,3.151,0.511
1164,0,0.123711,0.225,2.858,0.472
1165,0,0.123818,0.203,3.264,0.528
1166,0,0.123924,0.207,3.23,0.516
1167,0,0.124030,0.232,2.777,0.449
1168,0,0.124136,0.204,3.208,0.515
1169,0,0.124243,0.209,3.19,0.509
1170,0,0.124349,0.189,3.562,0.556
1171,0,0.124455,0.25,3.138,0.501
1172,0,0.124562,0.216,3.002,0.485
1173,0,0.124668,0.214,3.061,0.501
1174,0,0.124774,0.223,3.111,0.505
1175,0,0.124880,0.203,3.277,0.525
1176,0,0.124987,0.208,3.216,0.524
1177,0,0.125093,0.196,3.399,0.548
1178,0,0.125199,0.2,3.34,0.536
1179,0,0.125306,0.207,3.271,0.515
1180,0,0.125412,0.206,3.198,0.519
1181,0,0.125518,0.203,3.312,0.524
1182,0,0.125624,0.208,3.241,0.51
1183,0,0.125731,0.21,3.232,0.518
1184,0,0.125837,0.212,3.238,0.515
1185,0,0.125943,0.216,3.031,0.495
1186,0,0.126050,0.21,3.211,0.516
1187,0,0.126156,0.208,3.205,0.525
1188,0,0.126262,0.199,3.339,0.537
1189,0,0.126368,0.212,3.128,0.507
1190,0,0.126475,0.203,3.344,0.536
1191,0,0.126581,0.21,3.175,0.512
1192,0,0.126687,0.21,3.12,0.505
1193,0,0.126793,0.199,3.284,0.544
1194,0,0.126900,0.2,3.352,0.53
1195,0,0.127006,0.204,3.238,0.523
1196,0,0.127112,0.204,3.27,0.527
1197,0,0.127219,0.213,3.089,0.497
1198,0,0.127325,0.212,3.133,0.5
1199,0,0.127431,0.188,3.584,0.568
1200,0,0.127537,0.209,3.346,0.53
1201,0,0.127644,0.21,3.115,0.515
1202,0,0.127750,0.201,3.32,0.534
1203,0,0.127856,0.201,3.28,0.527
1204,0,0.127963,0.197,3.434,0.54
1205,0,0.128069,0.182,3.653,0.584
1206,0,0.128175,0.202,3.391,0.524
1207,0,0.128281,0.235,2.668,0.434
1208,0,0.128388,0.221,2.931,0.478
1209,0,0.128494,0.193,3.551,0.55
1210,0,0.128600,0.206,3.278,0.526
1211,0,0.128707,0.21,3.161,0.504
1212,0,0.128813,0.203,3.309,0.53
1213,0,0.128919,0.203,3.311,0.531
1214,0,0.129025,0.207,3.21,0.521
1215,0,0.129132,0.22,3.063,0.489
1216,0,0.129238,0.212,3.184,0.51
1217,0,0.129344,0.21,3.168,0.506
1218,0,0.129451,0.195,3.475,0.547
1219,0,0.129557,0.215,3.088,0.495
1220,0,0.129663,0.191,3.559,0.555
1221,0,0.129769,0.209,3.128,0.506
1222,0,0.129876,0.199,3.354,0.534
1223,0,0.129982,0.23,2.79,0.455
1224,0,0.130088,0.207,3.215,0.518
1225,0,0.130194,0.199,3.354,0.53
1226,0,0.130301,0.203,3.323,0.532
1227,0,0.130407,0.214,3.099,0.492
1228,0,0.130513,0.217,3.065,0.499
1229,0,0.130620,0.195,3.475,0.554
1230,0,0.130726,0.189,3.601,0.565
1231,0,0.130832,0.204,3.282,0.532
1232,0,0.130938,0.197,3.412,0.539
1233,0,0.131045,0.215,3.011,0.495
1234,0,0.131151,0.199,3.38,0.545
1235,0,0.131257,0.194,3.48,0.555
1236,0,0.131364,0.214,3.082,0.495
1237,0,0.131470,0.189,3.543,0.561
1238,0,0.131576,0.206,3.257,0.524
1239,0,0.131682,0.211,3.143,0.506
1240,0,0.131789,0.209,3.236,0.513
1241,0,0.131895,0.228,2.966,0.474
1242,0,0.132001,0.192,3.535,0.552
1243,0,0.132108,0.209,3.198,0.515
1244,0,0.132214,0.213,3.066,0.501
1245,0,0.132320,0.192,3.501,0.56
1246,0,0.132426,0.218,2.992,0.488
1247,0,0.132533,0.218,3.002,0.491
1248,0,0.132639,0.204,3.34,0.519
1249,0,0.132745,0.204,3.333,0.534
1250,0,0.132852,0.222,2.968,0.478
1251,0,0.132958,0.21,3.197,0.514
1252,0,0.133064,0.203,3.295,0.528
1253,0,0.133170,0.202,3.389,0.53
1254,0,0.133277,0.21,3.124,0.513
1255,0,0.133383,0.2,3.394,0.544
1256,0,0.133489,0.191,3.558,0.553
1257,0,0.133595,0.213,3.1,0.502
1258,0,0.133702,0.208,3.202,0.512
1259,0,0.133808,0.211,3.111,0.503
1260,0,0.133914,0.207,3.233,0.518
1261,0,0.134021,0.208,3.201,0.517
1262,0,0.134127,0.21,3.154,0.513
1263,0,0.134233,0.222,2.954,0.476
1264,0,0.134339,0.203,3.322,0.52
1265,0,0.134446,0.204,3.302,0.528
1266,0,0.134552,0.212,3.157,0.513
1267,0,0.134658,0.194,3.462,0.555
1268,0,0.134765,0.227,2.86,0.467
1269,0,0.134871,0.217,3.065,0.497
1270,0,0.134977,0.19,3.596,0.56
1271,0,0.135083,0.198,3.386,0.539
1272,0,0.135190,0.222,2.938,0.474
1273,0,0.135296,0.188,3.572,0.57
1274,0,0.135402,0.21,3.14,0.506
1275,0,0.135509,0.196,3.48,0.541
1276,0,0.135615,0.218,3.025,0.49
1277,0,0.135721,0.212,3.143,0.498
1278,0,0.135827,0.201,3.338,0.527
1279,0,0.135934,0.188,3.539,0.566
1280,0,0.136040,0.199,3.337,0.537
1281,0,0.136146,0.206,3.249,0.519
1282,0,0.136253,0.213,3.089,0.498
1283,0,0.136359,0.194,3.47,0.548
1284,0,0.136465,0.222,2.897,0.48
1285,0,0.136571,0.195,3.44,0.55
1286,0,0.136678,0.219,3.054,0.486
1287,0,0.136784,0.202,3.355,0.533
1288,0,0.136890,0.219,3.009,0.483
1289,0,0.136996,0.206,3.27,0.526
1290,0,0.137103,0.212,3.165,0.506
1291,0,0.137209,0.199,3.339,0.534
1292,0,0.137315,0.215,3.35,0.528
1293,0,0.137422,0.188,3.589,0.563
1294,0,0.137528,0.207,3.178,0.513
1295,0,0.137634,0.217,3.013,0.481
1296,0,0.137740,0.205,3.239,0.518
1297,0,0.137847,0.211,3.162,0.513
1298,0,0.137953,0.203,3.322,0.532
1299,0,0.138059,0.197,3.33,0.537
1300,0,0.138166,0.195,3.395,0.55
1301,0,0.138272,0.202,3.318,0.531
1302,0,0.138378,0.2,3.327,0.536
1303,0,0.138484,0.203,3.23,0.52
1304,0,0.138591,0.2,3.325,0.539
1305,0,0.138697,0.203,3.257,0.52
1306,0,0.138803,0.208,3.199,0.518
1307,0,0.138910,0.203,3.291,0.526
1308,0,0.139016,0.205,3.269,0.53
1309,0,0.139122,0.189,3.536,0.561
1310,0,0.139228,0.205,3.296,0.529
1311,0,0.139335,0.222,3.323,0.537
1312,0,0.139441,0.199,3.376,0.537
1313,0,0.139547,0.202,3.309,0.523
1314,0,0.139654,0.2,3.316,0.533
1315,0,0.139760,0.208,3.217,0.518
1316,0,0.139866,0.204,3.305,0.532
1317,0,0.139972,0.221,3.198,0.531
1318,0,0.140079,0.18,3.767,0.591
1319,0,0.140185,0.197,3.417,0.543
1320,0,0.140291,0.197,3.438,0.547
1321,0,0.140397,0.214,3.081,0.495
1322,0,0.140504,0.201,3.332,0.531
1323,0,0.140610,0.219,3.096,0.491
1324,0,0.140716,0.209,3.221,0.514
1325,0,0.140823,0.215,3.142,0.497
1326,0,0.140929,0.201,3.403,0.534
1327,0,0.141035,0.222,2.931,0.478
1328,0,0.141141,0.209,3.125,0.512
1329,0,0.141248,0.217,3.069,0.493
1330,0,0.141354,0.248,3.099,0.498
1331,0,0.141460,0.199,3.421,0.532
1332,0,0.141567,0.202,3.254,0.524
1333,0,0.141673,0.202,3.251,0.536
1334,0,0.141779,0.208,3.245,0.521
1335,0,0.141885,0.194,3.542,0.556
1336,0,0.141992,0.203,3.33,0.53
1337,0,0.142098,0.211,3.259,0.518
1338,0,0.142204,0.214,3.125,0.502
1339,0,0.142311,0.218,3.045,0.491
1340,0,0.142417,0.203,3.291,0.524
1341,0,0.142523,0.224,2.941,0.47
1342,0,0.142629,0.244,2.954,0.48
1343,0,0.142736,0.21,3.272,0.519
1344,0,0.142842,0.194,3.493,0.552
1345,0,0.142948,0.199,3.445,0.547
1346,0,0.143055,0.2,3.363,0.536
1347,0,0.143161,0.194,3.465,0.554
1348,0,0.143267,0.215,3.092,0.499
1349,0,0.143373,0.199,3.424,0.55
1350,0,0.143480,0.214,3.178,0.515
1351,0,0.143586,0.216,3.073,0.499
1352,0,0.143692,0.209,3.251,0.513
1353,0,0.143798,0.21,3.247,0.518
1354,0,0.143905,0.201,3.391,0.527
1355,0,0.144011,0.197,3.517,0.546
1356,0,0.144117,0.211,3.15,0.509
1357,0,0.144224,0.211,3.18,0.511
1358,0,0.144330,0.207,3.306,0.521
1359,0,0.144436,0.21,3.179,0.507
1360,0,0.144542,0.22,3.024,0.486
1361,0,0.144649,0.21,3.176,0.513
1362,0,0.144755,0.188,3.601,0.56
1363,0,0.144861,0.211,3.114,0.506
1364,0,0.144968,0.208,3.256,0.528
1365,0,0.145074,0.2,3.357,0.534
1366,0,0.145180,0.2,3.333,0.539
1367,0,0.145286,0.197,3.419,0.537
1368,0,0.145393,0.22,2.957,0.479
1369,0,0.145499,0.185,3.65,0.571
1370,0,0.145605,0.201,3.337,0.526
1371,0,0.145712,0.208,3.227,0.516
1372,0,0.145818,0.202,3.348,0.539
1373,0,0.145924,0.186,3.689,0.577
1374,0,0.146030,0.216,3.074,0.495
1375,0,0.146137,0.21,3.167,0.512
1376,0,0.146243,0.191,3.497,0.55
1377,0,0.146349,0.203,3.235,0.522
1378,0,0.146456,0.218,3.0,0.487
1379,0,0.146562,0.202,3.313,0.537
1380,0,0.146668,0.202,3.34,0.53
1381,0,0.146774,0.206,3.262,0.521
1382,0,0.146881,0.213,3.1,0.506
1383,0,0.146987,0.218,3.172,0.503
1384,0,0.147093,0.192,3.44,0.557
1385,0,0.147199,0.209,3.161,0.508
1386,0,0.147306,0.2,3.355,0.536
1387,0,0.147412,0.191,3.544,0.557
1388,0,0.147518,0.204,3.336,0.529
1389,0,0.147625,0.204,3.255,0.526
1390,0,0.147731,0.198,3.419,0.538
1391,0,0.147837,0.196,3.496,0.552
1392,0,0.147943,0.196,3.432,0.548
1393,0,0.148050,0.181,3.676,0.574
1394,0,0.148156,0.192,3.491,0.555
1395,0,0.148262,0.202,3.35,0.527
1396,0,0.148369,0.217,3.007,0.488
1397,0,0.148475,0.208,3.212,0.518
1398,0,0.148581,0.204,3.317,0.517
1399,0,0.148687,0.194,3.448,0.552
1400,0,0.148794,0.187,3.662,0.568
1401,0,0.148900,0.207,3.254,0.517
1402,0,0.149006,0.233,2.784,0.445
1403,0,0.149113,0.174,3.839,0.596
1404,0,0.149219,0.191,3.481,0.547
1405,0,0.149325,0.185,3.595,0.575
1406,0,0.149431,0.213,3.127,0.503
1407,0,0.149538,0.206,3.272,0.523
1408,0,0.149644,0.208,3.17,0.515
1409,0,0.149750,0.21,3.111,0.501
1410,0,0.149857,0.215,3.058,0.502
1411,0,0.149963,0.207,3.25,0.522
1412,0,0.150069,0.204,3.27,0.525
1413,0,0.150175,0.208,3.171,0.519
1414,0,0.150282,0.204,3.259,0.531
1415,0,0.150388,0.203,3.32,0.522
1416,0,0.150494,0.17,3.91,0.613
1417,0,0.150600,0.198,3.485,0.551
1418,0,0.150707,0.196,3.412,0.55
1419,0,0.150813,0.218,3.05,0.491
1420,0,0.150919,0.197,3.438,0.538
1421,0,0.151026,0.204,3.314,0.525
1422,0,0.151132,0.206,3.252,0.524
1423,0,0.151238,0.202,3.359,0.534
1424,0,0.151344,0.202,3.274,0.525
1425,0,0.151451,0.205,3.277,0.517
1426,0,0.151557,0.196,3.455,0.546
1427,0,0.151663,0.195,3.445,0.546
1428,0,0.151770,0.203,3.315,0.523
1429,0,0.151876,0.227,2.876,0.47
1430,0,0.151982,0.198,3.426,0.543
1431,0,0.152088,0.209,3.315,0.522
1432,0,0.152195,0.191,3.515,0.553
1433,0,0.152301,0.185,3.596,0.571
1434,0,0.152407,0.215,3.056,0.497
1435,0,0.152514,0.196,3.424,0.541
1436,0,0.152620,0.208,3.227,0.517
1437,0,0.152726,0.194,3.503,0.551
1438,0,0.152832,0.222,2.957,0.483
1439,0,0.152939,0.183,3.657,0.579
1440,0,0.153045,0.214,3.086,0.496
1441,0,0.153151,0.178,3.76,0.599
1442,0,0.153258,0.199,3.348,0.544
1443,0,0.153364,0.206,3.243,0.521
1444,0,0.153470,0.192,3.531,0.557
1445,0,0.153576,0.206,3.245,0.524
1446,0,0.153683,0.205,3.326,0.522
1447,0,0.153789,0.193,3.464,0.557
1448,0,0.153895,0.215,3.101,0.496
1449,0,0.154001,0.204,3.26,0.533
1450,0,0.154108,0.196,3.296,0.548
1451,0,0.154214,0.216,3.065,0.497
1452,0,0.154320,0.225,2.854,0.464
1453,0,0.154427,0.199,3.389,0.538
1454,0,0.154533,0.215,3.104,0.494
1455,0,0.154639,0.2,3.355,0.534
1456,0,0.154745,0.199,3.343,0.535
1457,0,0.154852,0.21,3.191,0.509
1458,0,0.154958,0.201,3.343,0.536
1459,0,0.155064,0.191,3.506,0.555
1460,0,0.155171,0.193,3.477,0.548
1461,0,0.155277,0.202,3.403,0.533
1462,0,0.155383,0.195,3.461,0.55
1463,0,0.155489,0.202,3.338,0.529
1464,0,0.155596,0.199,3.354,0.535
1465,0,0.155702,0.195,3.46,0.544
1466,0,0.155808,0.224,3.03,0.482
1467,0,0.155915,0.181,3.728,0.585
1468,0,0.156021,0.194,3.448,0.549
1469,0,0.156127,0.194,3.505,0.548
1470,0,0.156233,0.213,3.149,0.503
1471,0,0.156340,0.213,3.111,0.503
1472,0,0.156446,0.209,3.191,0.508
1473,0,0.156552,0.2,3.319,0.535
1474,0,0.156659,0.199,3.378,0.534
1475,0,0.156765,0.224,3.129,0.495
1476,0,0.156871,0.211,3.171,0.504
1477,0,0.156977,0.188,3.599,0.567
1478,0,0.157084,0.212,3.186,0.524
1479,0,0.157190,0.199,3.403,0.541
1480,0,0.157296,0.219,3.231,0.497
1481,0,0.157402,0.212,3.066,0.496
1482,0,0.157509,0.186,3.68,0.575
1483,0,0.157615,0.197,3.5,0.553
1484,0,0.157721,0.209,3.21,0.519
1485,0,0.157828,0.199,3.401,0.54
1486,0,0.157934,0.205,3.259,0.525
1487,0,0.158040,0.204,3.3,0.528
1488,0,0.158146,0.199,3.381,0.55
1489,0,0.158253,0.199,3.409,0.54
1490,0,0.158359,0.201,3.372,0.541
1491,0,0.158465,0.185,3.728,0.569
1492,0,0.158572,0.207,3.255,0.523
1493,0,0.158678,0.2,3.341,0.533
1494,0,0.158784,0.189,3.566,0.565
1495,0,0.158890,0.208,3.281,0.52
1496,0,0.158997,0.197,3.469,0.538
1497,0,0.159103,0.2,3.369,0.529
1498,0,0.159209,0.2,3.324,0.531
1499,0,0.159316,0.222,2.986,0.489
1500,0,0.159422,0.211,3.153,0.506
1501,0,0.159528,0.233,3.074,0.498
1502,0,0.159634,0.199,3.383,0.533
1503,0,0.159741,0.2,3.29,0.529
1504,0,0.159847,0.171,3.93,0.601
1505,0,0.159953,0.21,3.189,0.513
1506,0,0.160060,0.213,3.086,0.504
1507,0,0.160166,0.232,2.789,0.459
1508,0,0.160272,0.209,3.244,0.513
1509,0,0.160378,0.191,3.5,0.562
1510,0,0.160485,0.198,3.468,0.545
1511,0,0.160591,0.181,3.708,0.581
1512,0,0.160697,0.217,3.087,0.497
1513,0,0.160803,0.204,3.287,0.526
1514,0,0.160910,0.201,3.346,0.532
1515,0,0.161016,0.202,3.295,0.531
1516,0,0.161122,0.183,3.715,0.58
1517,0,0.161229,0.188,3.649,0.579
1518,0,0.161335,0.202,3.381,0.536
1519,0,0.161441,0.23,2.787,0.461
1520,0,0.161547,0.19,3.57,0.555
1521,0,0.161654,0.221,3.003,0.476
1522,0,0.161760,0.174,3.934,0.6
1523,0,0.161866,0.205,3.305,0.524
1524,0,0.161973,0.201,3.411,0.53
1525,0,0.162079,0.206,3.236,0.517
1526,0,0.162185,0.191,3.547,0.554
1527,0,0.162291,0.202,3.318,0.525
1528,0,0.162398,0.199,3.364,0.539
1529,0,0.162504,0.19,3.574,0.567
1530,0,0.162610,0.193,3.486,0.556
1531,0,0.162717,0.209,3.194,0.517
1532,0,0.162823,0.212,3.16,0.513
1533,0,0.162929,0.185,3.658,0.581
1534,0,0.163035,0.188,3.581,0.564
1535,0,0.163142,0.191,3.574,0.562
1536,0,0.163248,0.204,3.255,0.526
1537,0,0.163354,0.2,3.38,0.54
1538,0,0.163461,0.199,3.346,0.543
1539,0,0.163567,0.19,3.566,0.559
1540,0,0.163673,0.217,3.059,0.492
1541,0,0.163779,0.198,3.372,0.535
1542,0,0.163886,0.204,3.326,0.534
1543,0,0.163992,0.193,3.477,0.556
1544,0,0.164098,0.216,3.001,0.492
1545,0,0.164204,0.192,3.547,0.558
1546,0,0.164311,0.187,3.598,0.573
1547,0,0.164417,0.213,3.067,0.497
1548,0,0.164523,0.178,3.735,0.584
1549,0,0.164630,0.199,3.399,0.529
1550,0,0.164736,0.193,3.465,0.547
1551,0,0.164842,0.207,3.245,0.518
1552,0,0.164948,0.211,3.108,0.498
1553,0,0.165055,0.177,3.804,0.596
1554,0,0.165161,0.178,3.791,0.586
1555,0,0.165267,0.206,3.231,0.523
1556,0,0.165374,0.175,3.858,0.602
1557,0,0.165480,0.201,3.305,0.53
1558,0,0.165586,0.2,3.357,0.531
1559,0,0.165692,0.215,3.163,0.499
1560,0,0.165799,0.202,3.307,0.532
1561,0,0.165905,0.176,3.841,0.597
1562,0,0.166011,0.208,3.202,0.516
1563,0,0.166118,0.201,3.344,0.54
1564,0,0.166224,0.192,3.584,0.554
1565,0,0.166330,0.21,3.137,0.509
1566,0,0.166436,0.21,3.204,0.516
1567,0,0.166543,0.212,3.136,0.511
1568,0,0.166649,0.199,3.351,0.537
1569,0,0.166755,0.195,3.463,0.552
1570,0,0.166862,0.191,3.533,0.551
1571,0,0.166968,0.205,3.246,0.514
1572,0,0.167074,0.199,3.367,0.535
1573,0,0.167180,0.233,2.844,0.46
1574,0,0.167287,0.197,3.408,0.543
1575,0,0.167393,0.202,3.294,0.524
1576,0,0.167499,0.203,3.458,0.563
1577,0,0.167605,0.226,2.843,0.455
1578,0,0.167712,0.198,3.412,0.541
1579,0,0.167818,0.203,3.298,0.526
1580,0,0.167924,0.197,3.407,0.544
1581,0,0.168031,0.204,3.31,0.529
1582,0,0.168137,0.189,3.544,0.56
1583,0,0.168243,0.21,3.144,0.511
1584,0,0.168349,0.192,3.538,0.562
1585,0,0.168456,0.206,3.272,0.518
1586,0,0.168562,0.179,3.798,0.591
1587,0,0.168668,0.213,3.106,0.506
1588,0,0.168775,0.194,3.541,0.557
1589,0,0.168881,0.199,3.388,0.543
1590,0,0.168987,0.206,3.261,0.525
1591,0,0.169093,0.196,3.414,0.543
1592,0,0.169200,0.197,3.45,0.544
1593,0,0.169306,0.212,3.139,0.505
1594,0,0.169412,0.195,3.419,0.553
1595,0,0.169519,0.194,3.445,0.547
1596,0,0.169625,0.215,3.075,0.498
1597,0,0.169731,0.2,3.383,0.537
1598,0,0.169837,0.194,3.499,0.547
1599,0,0.169944,0.188,3.575,0.564
1600,0,0.170050,0.191,3.457,0.563
1601,0,0.170156,0.211,3.159,0.508
1602,0,0.170263,0.189,3.551,0.562
1603,0,0.170369,0.192,3.531,0.553
1604,0,0.170475,0.192,3.5,0.557
1605,0,0.170581,0.204,3.271,0.536
1606,0,0.170688,0.18,3.792,0.591
1607,0,0.170794,0.221,3.031,0.487
1608,0,0.170900,0.204,3.286,0.529
1609,0,0.171006,0.184,3.699,0.58
1610,0,0.171113,0.208,3.209,0.515
1611,0,0.171219,0.211,3.171,0.5
1612,0,0.171325,0.188,3.628,0.57
1613,0,0.171432,0.194,3.443,0.543
1614,0,0.171538,0.217,2.974,0.493
1615,0,0.171644,0.201,3.338,0.527
1616,0,0.171750,0.184,3.696,0.579
1617,0,0.171857,0.179,3.746,0.583
1618,0,0.171963,0.204,3.297,0.525
1619,0,0.172069,0.199,3.42,0.539
1620,0,0.172176,0.199,3.371,0.545
1621,0,0.172282,0.204,3.256,0.528
1622,0,0.172388,0.178,3.771,0.588
1623,0,0.172494,0.213,3.066,0.504
1624,0,0.172601,0.196,3.417,0.546
1625,0,0.172707,0.199,3.43,0.549
1626,0,0.172813,0.199,3.422,0.539
1627,0,0.172920,0.213,3.106,0.506
1628,0,0.173026,0.166,4.047,0.612
1629,0,0.173132,0.188,3.576,0.558
1630,0,0.173238,0.199,3.312,0.533
1631,0,0.173345,0.21,3.184,0.505
1632,0,0.173451,0.187,3.639,0.572
1633,0,0.173557,0.184,3.748,0.568
1634,0,0.173664,0.199,3.404,0.534
1635,0,0.173770,0.183,3.72,0.586
1636,0,0.173876,0.178,3.808,0.588
1637,0,0.173982,0.198,3.47,0.545
1638,0,0.174089,0.22,3.021,0.481
1639,0,0.174195,0.196,3.435,0.546
1640,0,0.174301,0.187,3.614,0.562
1641,0,0.174407,0.198,3.458,0.542
1642,0,0.174514,0.198,3.419,0.538
1643,0,0.174620,0.21,3.189,0.515
1644,0,0.174726,0.189,3.504,0.56
1645,0,0.174833,0.19,3.505,0.567
1646,0,0.174939,0.207,3.218,0.516
1647,0,0.175045,0.195,3.442,0.544
1648,0,0.175151,0.21,3.138,0.51
1649,0,0.175258,0.211,3.161,0.505
1650,0,0.175364,0.199,3.321,0.534
1651,0,0.175470,0.206,3.255,0.524
1652,0,0.175577,0.197,3.469,0.551
1653,0,0.175683,0.184,3.608,0.576
1654,0,0.175789,0.177,3.832,0.585
1655,0,0.175895,0.211,3.183,0.502
1656,0,0.176002,0.209,3.056,0.508
1657,0,0.176108,0.207,3.237,0.522
1658,0,0.176214,0.175,3.846,0.595
1659,0,0.176321,0.196,3.45,0.549
1660,0,0.176427,0.202,3.27,0.528
1661,0,0.176533,0.21,3.215,0.505
1662,0,0.176639,0.207,3.238,0.518
1663,0,0.176746,0.199,3.39,0.542
1664,0,0.176852,0.188,3.577,0.558
1665,0,0.176958,0.204,3.244,0.521
1666,0,0.177065,0.21,3.18,0.512
1667,0,0.177171,0.188,3.608,0.562
1668,0,0.177277,0.198,3.405,0.541
1669,0,0.177383,0.199,3.336,0.54
1670,0,0.177490,0.211,3.215,0.513
1671,0,0.177596,0.195,3.467,0.561
1672,0,0.177702,0.203,3.316,0.53
1673,0,0.177808,0.209,3.214,0.511
1674,0,0.177915,0.193,3.504,0.555
1675,0,0.178021,0.177,3.787,0.593
1676,0,0.178127,0.195,3.525,0.548
1677,0,0.178234,0.188,3.596,0.559
1678,0,0.178340,0.202,3.362,0.536
1679,0,0.178446,0.21,3.241,0.515
1680,0,0.178552,0.196,3.437,0.55
1681,0,0.178659,0.188,3.568,0.564
1682,0,0.178765,0.193,3.538,0.561
1683,0,0.178871,0.193,3.539,0.552
1684,0,0.178978,0.195,3.4,0.548
1685,0,0.179084,0.212,3.092,0.501
1686,0,0.179190,0.184,3.675,0.572
1687,0,0.179296,0.181,3.743,0.582
1688,0,0.179403,0.199,3.488,0.557
1689,0,0.179509,0.188,3.589,0.568
1690,0,0.179615,0.175,3.846,0.596
1691,0,0.179722,0.185,3.642,0.573
1692,0,0.179828,0.195,3.446,0.55
1693,0,0.179934,0.183,3.706,0.587
1694,0,0.180040,0.207,3.213,0.518
1695,0,0.180147,0.212,3.141,0.507
1696,0,0.180253,0.199,3.429,0.546
1697,0,0.180359,0.202,3.365,0.536
1698,0,0.180466,0.212,3.148,0.498
1699,0,0.180572,0.205,3.316,0.532
1700,0,0.180678,0.199,3.45,0.539
1701,0,0.180784,0.185,3.673,0.576
1702,0,0.180891,0.199,3.354,0.542
1703,0,0.180997,0.207,3.262,0.524
1704,0,0.181103,0.21,3.153,0.505
1705,0,0.181209,0.194,3.529,0.553
1706,0,0.181316,0.186,3.637,0.575
1707,0,0.181422,0.206,3.256,0.523
1708,0,0.181528,0.202,3.291,0.528
1709,0,0.181635,0.192,3.52,0.557
1710,0,0.181741,0.199,3.423,0.546
1711,0,0.181847,0.213,3.184,0.509
1712,0,0.181953,0.196,3.476,0.553
1713,0,0.182060,0.2,3.401,0.539
1714,0,0.182166,0.188,3.608,0.569
1715,0,0.182272,0.211,3.15,0.508
1716,0,0.182379,0.217,3.098,0.502
1717,0,0.182485,0.191,3.524,0.558
1718,0,0.182591,0.192,3.536,0.554
1719,0,0.182697,0.188,3.695,0.577
1720,0,0.182804,0.195,3.469,0.548
1721,0,0.182910,0.182,3.708,0.578
1722,0,0.183016,0.201,3.325,0.524
1723,0,0.183123,0.189,3.609,0.564
1724,0,0.183229,0.179,3.86,0.593
1725,0,0.183335,0.21,3.209,0.511
1726,0,0.183441,0.189,3.588,0.563
1727,0,0.183548,0.2,3.437,0.532
1728,0,0.183654,0.188,3.547,0.57
1729,0,0.183760,0.184,3.659,0.569
1730,0,0.183867,0.193,3.522,0.551
1731,0,0.183973,0.201,3.351,0.538
1732,0,0.184079,0.199,3.397,0.538
1733,0,0.184185,0.2,3.308,0.531
1734,0,0.184292,0.182,3.706,0.585
1735,0,0.184398,0.203,3.318,0.529
1736,0,0.184504,0.203,3.306,0.536
1737,0,0.184610,0.201,3.375,0.533
1738,0,0.184717,0.213,3.163,0.503
1739,0,0.184823,0.205,3.25,0.529
1740,0,0.184929,0.193,3.46,0.546
1741,0,0.185036,0.199,3.39,0.537
1742,0,0.185142,0.202,3.338,0.532
1743,0,0.185248,0.192,3.558,0.557
1744,0,0.185354,0.195,3.412,0.553
1745,0,0.185461,0.198,3.4,0.54
1746,0,0.185567,0.175,3.925,0.598
1748,0,0.185780,0.189,3.537,0.563
1749,0,0.185886,0.217,3.046,0.491
1750,0,0.185992,0.189,3.543,0.567
1751,0,0.186098,0.222,2.994,0.483
1752,0,0.186205,0.178,3.777,0.592
1753,0,0.186311,0.186,3.605,0.572
1754,0,0.186417,0.206,3.288,0.518
1755,0,0.186524,0.188,3.604,0.567
1756,0,0.186630,0.191,3.575,0.562
1757,0,0.186736,0.188,3.664,0.564
1758,0,0.186842,0.208,3.188,0.515
1759,0,0.186949,0.2,3.388,0.536
1760,0,0.187055,0.196,3.466,0.546
1762,0,0.187268,0.192,3.471,0.549
1763,0,0.187374,0.174,3.864,0.602
1764,0,0.187480,0.207,3.23,0.521
1765,0,0.187586,0.204,3.289,0.526
1766,0,0.187693,0.21,3.234,0.512
1767,0,0.187799,0.188,3.582,0.567
1768,0,0.187905,0.198,3.428,0.538
1769,0,0.188011,0.201,3.28,0.529
1770,0,0.188118,0.208,3.222,0.517
1771,0,0.188224,0.183,3.64,0.583
1772,0,0.188330,0.198,3.461,0.54
1773,0,0.188437,0.189,3.595,0.561
1774,0,0.188543,0.188,3.559,0.566
1775,0,0.188649,0.189,3.552,0.558
1776,0,0.188755,0.174,3.88,0.602
1777,0,0.188862,0.186,3.645,0.575
1778,0,0.188968,0.199,3.426,0.54
1779,0,0.189074,0.18,3.818,0.592
1780,0,0.189181,0.197,3.417,0.537
1781,0,0.189287,0.206,3.203,0.525
1782,0,0.189393,0.199,3.454,0.543
1783,0,0.189499,0.186,3.69,0.574
1784,0,0.189606,0.205,3.247,0.52
1785,0,0.189712,0.193,3.423,0.553
1786,0,0.189818,0.203,3.34,0.527
1787,0,0.189925,0.185,3.649,0.576
1788,0,0.190031,0.195,3.473,0.546
1789,0,0.190137,0.189,3.568,0.561
1790,0,0.190243,0.182,3.686,0.58
1791,0,0.190350,0.214,3.147,0.509
1792,0,0.190456,0.206,3.226,0.525
1793,0,0.190562,0.214,3.101,0.493
1794,0,0.190669,0.188,3.603,0.565
1795,0,0.190775,0.199,3.409,0.54
1796,0,0.190881,0.188,3.544,0.567
1797,0,0.190987,0.206,3.254,0.52
1798,0,0.191094,0.199,3.399,0.533
1799,0,0.191200,0.186,3.621,0.57
1800,0,0.191306,0.175,3.808,0.602
1801,0,0.191412,0.199,3.367,0.529
1802,0,0.191519,0.197,3.441,0.539
1803,0,0.191625,0.199,3.392,0.535
1804,0,0.191731,0.199,3.358,0.538
1805,0,0.191838,0.198,3.376,0.547
1806,0,0.191944,0.187,3.61,0.57
1807,0,0.192050,0.181,3.747,0.583
1808,0,0.192156,0.192,3.485,0.56
1809,0,0.192263,0.185,3.651,0.569
1810,0,0.192369,0.191,3.547,0.554
1811,0,0.192475,0.189,3.561,0.562
1812,0,0.192582,0.19,3.534,0.561
1813,0,0.192688,0.189,3.54,0.565
1814,0,0.192794,0.189,3.462,0.557
1815,0,0.192900,0.204,3.309,0.518
1816,0,0.193007,0.189,3.596,0.555
1817,0,0.193113,0.21,3.151,0.509
1818,0,0.193219,0.195,3.44,0.545
1819,0,0.193326,0.181,3.704,0.581
1820,0,0.193432,0.195,3.468,0.551
1821,0,0.193538,0.187,3.698,0.577
1822,0,0.193644,0.195,3.438,0.543
1823,0,0.193751,0.219,3.026,0.486
1824,0,0.193857,0.2,3.404,0.537
1825,0,0.193963,0.188,3.637,0.569
1826,0,0.194070,0.212,3.155,0.511
1827,0,0.194176,0.175,3.868,0.601
1828,0,0.194282,0.188,3.646,0.571
1829,0,0.194388,0.201,3.327,0.535
1830,0,0.194495,0.195,3.505,0.55
1831,0,0.194601,0.21,3.199,0.506
1832,0,0.194707,0.199,3.395,0.539
1833,0,0.194813,0.179,3.752,0.589
1834,0,0.194920,0.195,3.458,0.549
1835,0,0.195026,0.193,3.507,0.55
1836,0,0.195132,0.201,3.398,0.538
1837,0,0.195239,0.171,3.932,0.609
1838,0,0.195345,0.2,3.298,0.536
1839,0,0.195451,0.183,3.673,0.58
1840,0,0.195557,0.201,3.305,0.529
1841,0,0.195664,0.181,3.759,0.578
1842,0,0.195770,0.2,3.388,0.531
1843,0,0.195876,0.198,3.455,0.539
1844,0,0.195983,0.188,3.596,0.564
1845,0,0.196089,0.199,3.48,0.551
1846,0,0.196195,0.195,3.488,0.543
1847,0,0.196301,0.176,3.708,0.597
1848,0,0.196408,0.204,3.291,0.528
1849,0,0.196514,0.19,3.569,0.561
1850,0,0.196620,0.182,3.783,0.582
1851,0,0.196727,0.19,3.6,0.564
1852,0,0.196833,0.2,3.356,0.535
1853,0,0.196939,0.188,3.581,0.571
1854,0,0.197045,0.193,3.47,0.553
1855,0,0.197152,0.188,3.642,0.571
1856,0,0.197258,0.196,3.431,0.536
1857,0,0.197364,0.208,3.184,0.519
1858,0,0.197471,0.191,3.478,0.552
1859,0,0.197577,0.195,3.489,0.551
1860,0,0.197683,0.194,3.513,0.553
1861,0,0.197789,0.211,3.337,0.536
1862,0,0.197896,0.169,3.994,0.614
1863,0,0.198002,0.182,3.684,0.581
1864,0,0.198108,0.195,3.438,0.551
1865,0,0.198214,0.189,3.584,0.559
1866,0,0.198321,0.203,3.307,0.532
1867,0,0.198427,0.18,3.792,0.586
1868,0,0.198533,0.224,2.845,0.473
1869,0,0.198640,0.192,3.46,0.556
1870,0,0.198746,0.195,3.461,0.552
1871,0,0.198852,0.193,3.444,0.553
1872,0,0.198958,0.184,3.663,0.579
1873,0,0.199065,0.182,3.705,0.581
1874,0,0.199171,0.188,3.708,0.569
1875,0,0.199277,0.189,3.598,0.559
1876,0,0.199384,0.194,3.466,0.552
1877,0,0.199490,0.198,3.449,0.543
1878,0,0.199596,0.184,3.69,0.57
1879,0,0.199702,0.204,3.262,0.52
1880,0,0.199809,0.199,3.405,0.541
1881,0,0.199915,0.177,3.865,0.597
1882,0,0.200021,0.2,3.446,0.544
1883,0,0.200128,0.207,3.261,0.516
1884,0,0.200234,0.195,3.481,0.549
1885,0,0.200340,0.187,3.61,0.574
1886,0,0.200446,0.197,3.437,0.545
1887,0,0.200553,0.192,3.496,0.559
1888,0,0.200659,0.187,3.686,0.571
1889,0,0.200765,0.188,3.608,0.569
1890,0,0.200872,0.196,3.417,0.546
1891,0,0.200978,0.189,3.545,0.551
1892,0,0.201084,0.202,3.334,0.537
1893,0,0.201190,0.199,3.435,0.55
1894,0,0.201297,0.204,3.292,0.526
1895,0,0.201403,0.192,3.409,0.549
1896,0,0.201509,0.194,3.467,0.554
1897,0,0.201615,0.231,2.977,0.484
1898,0,0.201722,0.172,3.953,0.604
1899,0,0.201828,0.197,3.404,0.544
1900,0,0.201934,0.179,3.702,0.59
1901,0,0.202041,0.173,3.909,0.605
1902,0,0.202147,0.194,3.551,0.558
1903,0,0.202253,0.209,3.315,0.513
1904,0,0.202359,0.175,3.89,0.61
1905,0,0.202466,0.215,3.104,0.503
1906,0,0.202572,0.195,3.405,0.547
1907,0,0.202678,0.2,3.327,0.534
1908,0,0.202785,0.191,3.491,0.56
1909,0,0.202891,0.176,3.92,0.614
1910,0,0.202997,0.18,3.64,0.582
1911,0,0.203103,0.208,3.181,0.513
1912,0,0.203210,0.199,3.399,0.538
1913,0,0.203316,0.189,3.59,0.571
1914,0,0.203422,0.216,3.06,0.492
1915,0,0.203529,0.206,3.298,0.522
1916,0,0.203635,0.187,3.603,0.572
1917,0,0.203741,0.202,3.32,0.534
1918,0,0.203847,0.2,3.376,0.535
1919,0,0.203954,0.188,3.594,0.579
1920,0,0.204060,0.186,3.708,0.57
1921,0,0.204166,0.199,3.375,0.537
1922,0,0.204273,0.2,3.365,0.536
1923,0,0.204379,0.178,3.8,0.596
1924,0,0.204485,0.194,3.453,0.556
1925,0,0.204591,0.197,3.587,0.554
1926,0,0.204698,0.189,3.575,0.565
1927,0,0.204804,0.214,3.163,0.502
1928,0,0.204910,0.193,3.495,0.55
1929,0,0.205016,0.2,3.364,0.535
1930,0,0.205123,0.175,3.872,0.609
1931,0,0.205229,0.237,3.318,0.505
1932,0,0.205335,0.177,3.786,0.591
1933,0,0.205442,0.199,3.358,0.531
1934,0,0.205548,0.197,3.476,0.548
1935,0,0.205654,0.186,3.679,0.575
1936,0,0.205760,0.183,3.7,0.585
1937,0,0.205867,0.2,3.424,0.539
1938,0,0.205973,0.21,3.249,0.515
1939,0,0.206079,0.176,3.82,0.588
1940,0,0.206186,0.217,3.043,0.495
1941,0,0.206292,0.178,3.583,0.582
1942,0,0.206398,0.222,3.035,0.489
1943,0,0.206504,0.183,3.702,0.582
1944,0,0.206611,0.196,3.417,0.545
1945,0,0.206717,0.202,3.321,0.53
1946,0,0.206823,0.197,3.431,0.542
1947,0,0.206930,0.194,3.458,0.551
1948,0,0.207036,0.188,3.626,0.574
1949,0,0.207142,0.183,3.725,0.581
1950,0,0.207248,0.198,3.397,0.549
1951,0,0.207355,0.189,3.623,0.561
1952,0,0.207461,0.171,3.953,0.611
1953,0,0.207567,0.185,3.667,0.575
1954,0,0.207674,0.204,3.25,0.531
1955,0,0.207780,0.178,3.775,0.594
1956,0,0.207886,0.222,3.211,0.514
1957,0,0.207992,0.167,4.051,0.618
1958,0,0.208099,0.188,3.642,0.565
1959,0,0.208205,0.173,3.871,0.603
1960,0,0.208311,0.189,3.593,0.563
1961,0,0.208417,0.197,3.425,0.547
1962,0,0.208524,0.214,3.211,0.514
1963,0,0.208630,0.21,3.186,0.519
1964,0,0.208736,0.199,3.358,0.537
1965,0,0.208843,0.219,3.095,0.494
1966,0,0.208949,0.198,3.35,0.546
1967,0,0.209055,0.178,3.734,0.589
1968,0,0.209161,0.189,3.602,0.565
1969,0,0.209268,0.182,3.732,0.577
1970,0,0.209374,0.198,3.484,0.548
1971,0,0.209480,0.18,3.815,0.588
1972,0,0.209587,0.195,3.486,0.546
1973,0,0.209693,0.191,3.586,0.564
1974,0,0.209799,0.2,3.391,0.541
1975,0,0.209905,0.178,3.752,0.595
1976,0,0.210012,0.222,2.913,0.477
1977,0,0.210118,0.179,3.764,0.592
1978,0,0.210224,0.188,3.622,0.562
1979,0,0.210331,0.176,3.907,0.608
1980,0,0.210437,0.188,3.611,0.564
1981,0,0.210543,0.165,4.103,0.637
1982,0,0.210649,0.196,3.47,0.551
1983,0,0.210756,0.208,3.237,0.515
1984,0,0.210862,0.197,3.431,0.55
1985,0,0.210968,0.193,3.458,0.563
1986,0,0.211075,0.199,3.377,0.536
1987,0,0.211181,0.204,3.359,0.524
1988,0,0.211287,0.185,3.673,0.574
1989,0,0.211393,0.176,3.873,0.595
1990,0,0.211500,0.171,3.977,0.611
1991,0,0.211606,0.199,3.366,0.528
1992,0,0.211712,0.216,3.062,0.497
1993,0,0.211818,0.186,3.646,0.577
1994,0,0.211925,0.185,3.704,0.575
1995,0,0.212031,0.186,3.573,0.571
1996,0,0.212137,0.204,3.288,0.525
1997,0,0.212244,0.197,3.511,0.547
1998,0,0.212350,0.199,3.417,0.542
1999,0,0.212456,0.186,3.665,0.577
2000,0,0.212562,0.184,3.625,0.579
2001,0,0.212669,0.197,3.445,0.542
2002,0,0.212775,0.181,3.744,0.583
2003,0,0.212881,0.2,3.341,0.538
2004,0,0.212988,0.2,3.31,0.53
2005,0,0.213094,0.201,3.352,0.534
2006,0,0.213200,0.178,3.797,0.594
2007,0,0.213306,0.186,3.667,0.572
2008,0,0.213413,0.194,3.495,0.557
2009,0,0.213519,0.178,3.776,0.583
2010,0,0.213625,0.197,3.44,0.549
2011,0,0.213732,0.193,3.518,0.558
2012,0,0.213838,0.207,3.244,0.52
2013,0,0.213944,0.211,3.145,0.503
2014,0,0.214050,0.217,3.434,0.543
2015,0,0.214157,0.189,3.564,0.562
2016,0,0.214263,0.202,3.378,0.532
2017,0,0.214369,0.213,3.274,0.536
2018,0,0.214476,0.195,3.461,0.551
2019,0,0.214582,0.19,3.556,0.56
2020,0,0.214688,0.193,3.537,0.559
2021,0,0.214794,0.199,3.418,0.538
2022,0,0.214901,0.197,3.42,0.546
2023,0,0.215007,0.211,3.191,0.506
2024,0,0.215113,0.188,3.633,0.575
2025,0,0.215219,0.205,3.319,0.534
2026,0,0.215326,0.197,3.447,0.553
2027,0,0.215432,0.195,3.484,0.552
2028,0,0.215538,0.203,3.303,0.53
2029,0,0.215645,0.191,3.518,0.555
2030,0,0.215751,0.195,3.482,0.554
2031,0,0.215857,0.183,3.676,0.582
2032,0,0.215963,0.188,3.649,0.559
2033,0,0.216070,0.201,3.383,0.532
2034,0,0.216176,0.181,3.723,0.59
2035,0,0.216282,0.195,3.489,0.547
2036,0,0.216389,0.18,3.754,0.583
2037,0,0.216495,0.219,3.022,0.495
2038,0,0.216601,0.181,3.769,0.581
2039,0,0.216707,0.185,3.59,0.571
2040,0,0.216814,0.196,3.43,0.552
2041,0,0.216920,0.185,3.616,0.578
2042,0,0.217026,0.172,3.864,0.611
2043,0,0.217133,0.195,3.478,0.547
2044,0,0.217239,0.202,3.385,0.539
2045,0,0.217345,0.188,3.564,0.566
2046,0,0.217451,0.201,3.344,0.534
2047,0,0.217558,0.188,3.59,0.571
2048,0,0.217664,0.195,3.477,0.552
2049,0,0.217770,0.202,3.358,0.535
2050,0,0.217877,0.168,4.225,0.645
2051,0,0.217983,0.192,3.515,0.56
2052,0,0.218089,0.199,3.392,0.54
2053,0,0.218195,0.2,3.384,0.53
2054,0,0.218302,0.179,3.781,0.589
2055,0,0.218408,0.189,3.563,0.559
2056,0,0.218514,0.203,3.346,0.53
2057,0,0.218620,0.203,3.367,0.538
2058,0,0.218727,0.209,3.177,0.518
2059,0,0.218833,0.193,3.532,0.553
2060,0,0.218939,0.182,3.698,0.578
2061,0,0.219046,0.196,3.452,0.545
2062,0,0.219152,0.178,3.822,0.59
2063,0,0.219258,0.19,3.537,0.562
2064,0,0.219364,0.181,3.777,0.589
2065,0,0.219471,0.181,3.725,0.589
2066,0,0.219577,0.199,3.384,0.54
2067,0,0.219683,0.188,3.583,0.565
2068,0,0.219790,0.217,3.119,0.509
2069,0,0.219896,0.195,3.469,0.559
2070,0,0.220002,0.204,3.233,0.521
2071,0,0.220108,0.173,3.89,0.606
2072,0,0.220215,0.195,3.485,0.556
2073,0,0.220321,0.18,3.756,0.588
2074,0,0.220427,0.193,3.515,0.555
2075,0,0.220534,0.204,3.365,0.536
2076,0,0.220640,0.232,3.106,0.515
2077,0,0.220746,0.193,3.49,0.553
2078,0,0.220852,0.199,3.374,0.544
2079,0,0.220959,0.2,3.411,0.536
2080,0,0.221065,0.21,3.198,0.515
2081,0,0.221171,0.197,3.432,0.55
2082,0,0.221278,0.206,3.429,0.556
2083,0,0.221384,0.188,3.598,0.567
2084,0,0.221490,0.207,3.183,0.511
2085,0,0.221596,0.199,3.437,0.54
2086,0,0.221703,0.17,4.029,0.612
2087,0,0.221809,0.177,3.835,0.593
2088,0,0.221915,0.202,3.313,0.53
2089,0,0.222021,0.189,3.519,0.569
2090,0,0.222128,0.186,3.636,0.573
2091,0,0.222234,0.18,3.786,0.587
2092,0,0.222340,0.202,3.32,0.526
2093,0,0.222447,0.206,3.225,0.522
2094,0,0.222553,0.196,3.412,0.547
2095,0,0.222659,0.185,3.616,0.57
2096,0,0.222765,0.188,3.569,0.567
2097,0,0.222872,0.182,3.801,0.591
2098,0,0.222978,0.188,3.537,0.566
2099,0,0.223084,0.173,3.867,0.604
2100,0,0.223191,0.17,3.994,0.615
2101,0,0.223297,0.188,3.585,0.567
2102,0,0.223403,0.188,3.653,0.57
2103,0,0.223509,0.18,3.758,0.585
2104,0,0.223616,0.173,3.901,0.606
2105,0,0.223722,0.197,3.385,0.542
2106,0,0.223828,0.188,3.646,0.57
2107,0,0.223935,0.199,3.382,0.536
2108,0,0.224041,0.179,3.815,0.586
2109,0,0.224147,0.182,3.634,0.585
2110,0,0.224253,0.183,3.695,0.58
2111,0,0.224360,0.204,3.298,0.53
2112,0,0.224466,0.197,3.399,0.544
2113,0,0.224572,0.206,3.231,0.523
2114,0,0.224678,0.188,3.605,0.571
2115,0,0.224785,0.203,3.341,0.525
2116,0,0.224891,0.178,3.815,0.594
2117,0,0.224997,0.187,3.625,0.57
2118,0,0.225104,0.189,3.597,0.562
2119,0,0.225210,0.2,3.4,0.539
2120,0,0.225316,0.197,3.369,0.54
2121,0,0.225422,0.219,2.975,0.493
2122,0,0.225529,0.184,3.712,0.576
2123,0,0.225635,0.207,3.262,0.519
2124,0,0.225741,0.194,3.387,0.548
2125,0,0.225848,0.202,3.365,0.529
2126,0,0.225954,0.192,3.499,0.552
2127,0,0.226060,0.185,3.62,0.572
2128,0,0.226166,0.202,3.294,0.531
2129,0,0.226273,0.199,3.398,0.529
2130,0,0.226379,0.184,3.639,0.575
2131,0,0.226485,0.186,3.572,0.57
2132,0,0.226592,0.184,3.665,0.573
2133,0,0.226698,0.195,3.477,0.551
2134,0,0.226804,0.18,3.727,0.585
2135,0,0.226910,0.21,3.155,0.507
2136,0,0.227017,0.183,3.682,0.579
2137,0,0.227123,0.191,3.496,0.556
2138,0,0.227229,0.209,3.199,0.513
2139,0,0.227336,0.185,3.611,0.576
2140,0,0.227442,0.198,3.396,0.547
2141,0,0.227548,0.186,3.648,0.577
2142,0,0.227654,0.198,3.395,0.54
2143,0,0.227761,0.197,3.371,0.542
2144,0,0.227867,0.204,3.289,0.529
2145,0,0.227973,0.184,3.663,0.581
2146,0,0.228079,0.188,3.651,0.563
2147,0,0.228186,0.176,3.808,0.59
2148,0,0.228292,0.194,3.499,0.548
2149,0,0.228398,0.189,3.515,0.561
2150,0,0.228505,0.188,3.631,0.57
2151,0,0.228611,0.199,3.364,0.537
2152,0,0.228717,0.193,3.537,0.552
2153,0,0.228823,0.2,3.305,0.53
2154,0,0.228930,0.179,3.761,0.591
2155,0,0.229036,0.196,3.392,0.548
2156,0,0.229142,0.18,3.692,0.587
2157,0,0.229249,0.193,3.482,0.561
2158,0,0.229355,0.184,3.648,0.578
2159,0,0.229461,0.173,3.98,0.623
2160,0,0.229567,0.195,3.506,0.552
2161,0,0.229674,0.188,3.574,0.557
2162,0,0.229780,0.182,3.748,0.583
2163,0,0.229886,0.172,3.939,0.607
2164,0,0.229993,0.184,3.712,0.578
2165,0,0.230099,0.173,3.924,0.602
2166,0,0.230205,0.189,3.578,0.562
2167,0,0.230311,0.188,3.56,0.568
2168,0,0.230418,0.197,3.473,0.545
2169,0,0.230524,0.185,3.68,0.579
2170,0,0.230630,0.199,3.39,0.538
2171,0,0.230737,0.215,3.131,0.51
2172,0,0.230843,0.188,3.531,0.558
2173,0,0.230949,0.18,3.745,0.588
2174,0,0.231055,0.157,4.202,0.644
2175,0,0.231162,0.195,3.451,0.546
2176,0,0.231268,0.207,3.192,0.522
2177,0,0.231374,0.188,3.548,0.569
2178,0,0.231480,0.203,3.365,0.536
2179,0,0.231587,0.189,3.596,0.563
2180,0,0.231693,0.194,3.533,0.557
2181,0,0.231799,0.19,3.519,0.565
2182,0,0.231906,0.198,3.413,0.541
2183,0,0.232012,0.175,3.873,0.596
2184,0,0.232118,0.194,3.485,0.55
2185,0,0.232224,0.181,3.71,0.581
2186,0,0.232331,0.196,3.401,0.538
2187,0,0.232437,0.184,3.695,0.576
2188,0,0.232543,0.207,3.574,0.556
2189,0,0.232650,0.197,3.375,0.546
2190,0,0.232756,0.165,4.106,0.618
2191,0,0.232862,0.192,3.534,0.566
2192,0,0.232968,0.193,3.513,0.555
2193,0,0.233075,0.182,3.754,0.583
2194,0,0.233181,0.196,3.455,0.544
2195,0,0.233287,0.189,3.543,0.56
2196,0,0.233394,0.185,3.701,0.57
2197,0,0.233500,0.193,3.45,0.555
2198,0,0.233606,0.191,3.549,0.557
2199,0,0.233712,0.194,3.492,0.551
2200,0,0.233819,0.199,3.373,0.533
2201,0,0.233925,0.186,3.595,0.572
2202,0,0.234031,0.199,3.39,0.536
2203,0,0.234138,0.171,3.907,0.608
2204,0,0.234244,0.203,3.236,0.516
2205,0,0.234350,0.196,3.474,0.54
2206,0,0.234456,0.212,3.083,0.502
2207,0,0.234563,0.168,4.005,0.618
2208,0,0.234669,0.189,3.511,0.559
2209,0,0.234775,0.179,3.807,0.591
2210,0,0.234881,0.186,3.577,0.57
2211,0,0.234988,0.189,3.594,0.564
2212,0,0.235094,0.2,3.341,0.535
2213,0,0.235200,0.202,3.43,0.536
2214,0,0.235307,0.19,3.52,0.561
2215,0,0.235413,0.194,3.462,0.545
2216,0,0.235519,0.18,3.731,0.579
2217,0,0.235625,0.212,3.115,0.508
2218,0,0.235732,0.199,3.348,0.541
2219,0,0.235838,0.205,3.257,0.527
2220,0,0.235944,0.179,3.729,0.583
2221,0,0.236051,0.191,3.562,0.567
2222,0,0.236157,0.201,3.315,0.526
2223,0,0.236263,0.187,3.601,0.568
2224,0,0.236369,0.2,3.382,0.536
2225,0,0.236476,0.208,3.226,0.527
2226,0,0.236582,0.161,4.157,0.638
2227,0,0.236688,0.201,3.381,0.531
2228,0,0.236795,0.2,3.31,0.534
2229,0,0.236901,0.19,3.454,0.554
2230,0,0.237007,0.183,3.714,0.586
2231,0,0.237113,0.17,3.943,0.609
2232,0,0.237220,0.188,3.557,0.562
2233,0,0.237326,0.205,3.357,0.536
2234,0,0.237432,0.212,3.15,0.503
2235,0,0.237539,0.185,3.652,0.573
2236,0,0.237645,0.177,3.823,0.59
2237,0,0.237751,0.188,3.6,0.568
2238,0,0.237857,0.19,3.485,0.557
2239,0,0.237964,0.188,3.591,0.568
2240,0,0.238070,0.195,3.499,0.551
2241,0,0.238176,0.188,3.633,0.577
2242,0,0.238282,0.191,3.504,0.554
2243,0,0.238389,0.174,3.896,0.602
2244,0,0.238495,0.17,3.915,0.607
2245,0,0.238601,0.179,3.734,0.588
2246,0,0.238708,0.199,3.393,0.539
2247,0,0.238814,0.176,3.82,0.601
2248,0,0.238920,0.172,3.882,0.602
2249,0,0.239026,0.195,3.504,0.554
2250,0,0.239133,0.179,3.752,0.591
2251,0,0.239239,0.186,3.618,0.567
2252,0,0.239345,0.176,3.806,0.596
2253,0,0.239452,0.204,3.237,0.527
2254,0,0.239558,0.199,3.407,0.543
2255,0,0.239664,0.188,3.552,0.567
2256,0,0.239770,0.183,3.673,0.575
2257,0,0.239877,0.158,4.25,0.641
2258,0,0.239983,0.191,3.52,0.563
2259,0,0.240089,0.193,3.492,0.555
2260,0,0.240196,0.197,3.42,0.542
2261,0,0.240302,0.189,3.592,0.569
2262,0,0.240408,0.175,3.938,0.602
2263,0,0.240514,0.206,3.261,0.522
2264,0,0.240621,0.197,3.473,0.551
2265,0,0.240727,0.189,3.552,0.561
2266,0,0.240833,0.165,4.057,0.627
2267,0,0.240940,0.183,3.613,0.574
2268,0,0.241046,0.185,3.726,0.583
2269,0,0.241152,0.186,3.633,0.574
2270,0,0.241258,0.186,3.677,0.571
2271,0,0.241365,0.186,3.623,0.576
2272,0,0.241471,0.178,3.821,0.592
2273,0,0.241577,0.183,3.719,0.582
2274,0,0.241683,0.18,3.812,0.588
2275,0,0.241790,0.169,3.924,0.621
2276,0,0.241896,0.153,4.267,0.651
2277,0,0.242002,0.199,3.445,0.543
2278,0,0.242109,0.178,3.764,0.591
2279,0,0.242215,0.187,3.619,0.571
2280,0,0.242321,0.16,4.206,0.639
2281,0,0.242427,0.202,3.297,0.532
2282,0,0.242534,0.187,3.678,0.571
2283,0,0.242640,0.191,3.56,0.564
2284,0,0.242746,0.18,3.715,0.586
2285,0,0.242853,0.184,3.74,0.582
2286,0,0.242959,0.185,3.671,0.579
2287,0,0.243065,0.194,3.487,0.549
2288,0,0.243171,0.18,3.823,0.59
2289,0,0.243278,0.198,3.389,0.544
2290,0,0.243384,0.194,3.491,0.549
2291,0,0.243490,0.176,3.887,0.603
2292,0,0.243597,0.194,3.503,0.534
2293,0,0.243703,0.178,3.853,0.596
2294,0,0.243809,0.187,3.596,0.568
2295,0,0.243915,0.177,3.748,0.587
2296,0,0.244022,0.18,3.734,0.585
2297,0,0.244128,0.185,3.697,0.576
2298,0,0.244234,0.199,3.421,0.547
2299,0,0.244341,0.193,3.494,0.555
2300,0,0.244447,0.192,3.529,0.557
2301,0,0.244553,0.216,3.126,0.496
2302,0,0.244659,0.188,3.598,0.569
2303,0,0.244766,0.203,3.296,0.531
2304,0,0.244872,0.182,3.699,0.583
2305,0,0.244978,0.176,3.824,0.599
2306,0,0.245084,0.188,3.609,0.571
2307,0,0.245191,0.182,3.718,0.584
2308,0,0.245297,0.178,3.764,0.585
2309,0,0.245403,0.175,3.912,0.601
2310,0,0.245510,0.19,3.594,0.559
2311,0,0.245616,0.18,3.801,0.587
2312,0,0.245722,0.204,3.309,0.527
2313,0,0.245828,0.206,3.275,0.525
2314,0,0.245935,0.195,3.472,0.556
2315,0,0.246041,0.183,3.718,0.585
2316,0,0.246147,0.181,3.755,0.585
2317,0,0.246254,0.161,4.155,0.633
2318,0,0.246360,0.208,3.62,0.582
2319,0,0.246466,0.189,3.611,0.568
2320,0,0.246572,0.201,3.377,0.531
2321,0,0.246679,0.19,3.525,0.559
2322,0,0.246785,0.211,3.291,0.526
2323,0,0.246891,0.176,3.861,0.599
2324,0,0.246998,0.19,3.538,0.555
2325,0,0.247104,0.21,3.178,0.509
2326,0,0.247210,0.197,3.481,0.546
2327,0,0.247316,0.192,3.57,0.561
2328,0,0.247423,0.188,3.634,0.564
2329,0,0.247529,0.209,3.22,0.516
2330,0,0.247635,0.184,3.666,0.581
2331,0,0.247742,0.188,3.624,0.568
2332,0,0.247848,0.184,3.664,0.583
2333,0,0.247954,0.204,3.361,0.524
2334,0,0.248060,0.173,3.907,0.605
2335,0,0.248167,0.167,4.076,0.626
2336,0,0.248273,0.196,3.454,0.549
2337,0,0.248379,0.195,3.442,0.548
2338,0,0.248485,0.191,3.58,0.557
2339,0,0.248592,0.175,3.896,0.599
2340,0,0.248698,0.195,3.509,0.556
2341,0,0.248804,0.19,3.561,0.561
2342,0,0.248911,0.197,3.545,0.555
2343,0,0.249017,0.198,3.403,0.544
2344,0,0.249123,0.198,3.411,0.544
2345,0,0.249229,0.18,3.823,0.584
2346,0,0.249336,0.207,3.231,0.519
2347,0,0.249442,0.194,3.526,0.554
2348,0,0.249548,0.189,3.572,0.557
2349,0,0.249655,0.198,3.379,0.55
2350,0,0.249761,0.181,3.759,0.589
2351,0,0.249867,0.19,3.553,0.563
2352,0,0.249973,0.182,3.693,0.584
2353,0,0.250080,0.186,3.587,0.571
2354,0,0.250186,0.199,3.338,0.541
2355,0,0.250292,0.193,3.526,0.559
2356,0,0.250399,0.176,3.818,0.602
2357,0,0.250505,0.184,3.693,0.585
2358,0,0.250611,0.188,3.613,0.574
2359,0,0.250717,0.208,3.211,0.52
2360,0,0.250824,0.178,3.829,0.594
2361,0,0.250930,0.192,3.479,0.554
2362,0,0.251036,0.2,3.365,0.538
2363,0,0.251143,0.164,4.096,0.622
2364,0,0.251249,0.18,3.656,0.589
2365,0,0.251355,0.199,3.353,0.531
2366,0,0.251461,0.211,3.176,0.51
2367,0,0.251568,0.204,3.33,0.524
2368,0,0.251674,0.187,3.635,0.581
2369,0,0.251780,0.194,3.475,0.55
2370,0,0.251886,0.191,3.49,0.558
2371,0,0.251993,0.208,3.19,0.512
2372,0,0.252099,0.18,3.832,0.591
2373,0,0.252205,0.19,3.499,0.561
2374,0,0.252312,0.199,3.447,0.539
2375,0,0.252418,0.174,3.947,0.607
2376,0,0.252524,0.179,3.753,0.592
2377,0,0.252630,0.188,3.597,0.572
2378,0,0.252737,0.196,3.427,0.552
2379,0,0.252843,0.199,3.375,0.546
2380,0,0.252949,0.188,3.52,0.565
2381,0,0.253056,0.178,3.78,0.587
2382,0,0.253162,0.18,3.798,0.588
2383,0,0.253268,0.184,3.695,0.579
2384,0,0.253374,0.203,3.321,0.529
2385,0,0.253481,0.188,3.591,0.565
2386,0,0.253587,0.175,3.844,0.598
2387,0,0.253693,0.189,3.536,0.559
2388,0,0.253800,0.187,3.558,0.571
2389,0,0.253906,0.209,3.169,0.51
2390,0,0.254012,0.208,3.231,0.531
2391,0,0.254118,0.173,3.917,0.611
2392,0,0.254225,0.189,3.588,0.561
2393,0,0.254331,0.195,3.494,0.551
2394,0,0.254437,0.169,4.015,0.612
2395,0,0.254544,0.175,3.833,0.598
2396,0,0.254650,0.182,3.706,0.583
2397,0,0.254756,0.197,3.426,0.541
2398,0,0.254862,0.2,3.322,0.534
2399,0,0.254969,0.198,3.532,0.571
2400,0,0.255075,0.17,3.984,0.615
2401,0,0.255181,0.198,3.414,0.533
2402,0,0.255287,0.176,3.775,0.586
2403,0,0.255394,0.168,3.98,0.614
2404,0,0.255500,0.206,3.248,0.526
2405,0,0.255606,0.186,3.668,0.576
2406,0,0.255713,0.189,3.566,0.556
2407,0,0.255819,0.176,3.785,0.595
2408,0,0.255925,0.204,3.297,0.528
2409,0,0.256031,0.194,3.509,0.551
2410,0,0.256138,0.196,3.776,0.577
2411,0,0.256244,0.177,3.741,0.591
2412,0,0.256350,0.18,3.789,0.584
2413,0,0.256457,0.171,3.947,0.605
2414,0,0.256563,0.203,3.325,0.532
2415,0,0.256669,0.191,3.52,0.554
2416,0,0.256775,0.199,3.446,0.535
2417,0,0.256882,0.195,3.534,0.561
2418,0,0.256988,0.199,3.344,0.539
2419,0,0.257094,0.189,3.604,0.564
2420,0,0.257201,0.189,3.587,0.559
2421,0,0.257307,0.188,3.613,0.569
2422,0,0.257413,0.179,3.814,0.588
2423,0,0.257519,0.202,3.367,0.531
2424,0,0.257626,0.179,3.782,0.585
2425,0,0.257732,0.185,3.754,0.569
2426,0,0.257838,0.189,3.559,0.561
2427,0,0.257945,0.21,3.419,0.532
2428,0,0.258051,0.181,3.691,0.583
2429,0,0.258157,0.178,3.789,0.592
2430,0,0.258263,0.189,3.629,0.579
2431,0,0.258370,0.178,3.95,0.603
2432,0,0.258476,0.177,3.863,0.6
2433,0,0.258582,0.174,3.935,0.611
2434,0,0.258688,0.197,3.418,0.544
2435,0,0.258795,0.156,4.355,0.647
2436,0,0.258901,0.206,3.399,0.536
2437,0,0.259007,0.183,3.761,0.589
2438,0,0.259114,0.192,3.572,0.562
2439,0,0.259220,0.187,3.648,0.576
2440,0,0.259326,0.21,3.241,0.521
2441,0,0.259432,0.187,3.709,0.573
2442,0,0.259539,0.186,3.74,0.581
2443,0,0.259645,0.187,3.648,0.58
2444,0,0.259751,0.186,3.608,0.578
2445,0,0.259858,0.17,3.954,0.612
2446,0,0.259964,0.222,2.975,0.486
2447,0,0.260070,0.179,3.803,0.586
2448,0,0.260176,0.194,3.542,0.557
2449,0,0.260283,0.215,3.075,0.497
2450,0,0.260389,0.202,3.603,0.573
2451,0,0.260495,0.165,4.094,0.621
2452,0,0.260602,0.195,3.466,0.55
2453,0,0.260708,0.186,3.678,0.574
2454,0,0.260814,0.193,3.712,0.576
2455,0,0.260920,0.204,3.358,0.532
2456,0,0.261027,0.176,3.894,0.602
2457,0,0.261133,0.188,3.637,0.574
2458,0,0.261239,0.197,3.443,0.548
2459,0,0.261346,0.176,3.844,0.599
2460,0,0.261452,0.197,3.544,0.546
2461,0,0.261558,0.196,3.449,0.549
2462,0,0.261664,0.185,3.759,0.571
2463,0,0.261771,0.198,3.382,0.542
2464,0,0.261877,0.21,3.183,0.513
2465,0,0.261983,0.187,3.607,0.571
2466,0,0.262089,0.176,3.813,0.599
2467,0,0.262196,0.202,3.367,0.532
2468,0,0.262302,0.176,3.854,0.598
2469,0,0.262408,0.201,3.353,0.537
2470,0,0.262515,0.197,3.392,0.552
2471,0,0.262621,0.177,3.873,0.596
2472,0,0.262727,0.187,3.626,0.569
2473,0,0.262833,0.193,3.49,0.558
2474,0,0.262940,0.198,3.411,0.541
2475,0,0.263046,0.18,3.76,0.585
2476,0,0.263152,0.206,3.229,0.524
2477,0,0.263259,0.169,3.942,0.615
2478,0,0.263365,0.177,3.965,0.612
2479,0,0.263471,0.168,3.986,0.615
2480,0,0.263577,0.224,3.12,0.508
2481,0,0.263684,0.191,3.515,0.553
2482,0,0.263790,0.182,3.729,0.589
2483,0,0.263896,0.185,3.62,0.576
2484,0,0.264003,0.183,3.689,0.576
2485,0,0.264109,0.18,3.81,0.581
2486,0,0.264215,0.195,3.459,0.554
2487,0,0.264321,0.186,3.656,0.576
2488,0,0.264428,0.191,3.546,0.564
2489,0,0.264534,0.203,3.32,0.526
2490,0,0.264640,0.187,3.655,0.575
2491,0,0.264747,0.189,3.574,0.566
2492,0,0.264853,0.185,3.722,0.584
2493,0,0.264959,0.182,3.745,0.585
2494,0,0.265065,0.206,3.253,0.522
2495,0,0.265172,0.194,3.481,0.538
2496,0,0.265278,0.182,3.768,0.575
2497,0,0.265384,0.19,3.555,0.557
2498,0,0.265490,0.175,3.849,0.603
2499,0,0.265597,0.188,3.655,0.566
2500,0,0.265703,0.195,3.454,0.548
2501,0,0.265809,0.192,3.598,0.56
2502,0,0.265916,0.192,3.506,0.552
2503,0,0.266022,0.182,3.73,0.579
2504,0,0.266128,0.181,3.774,0.584
2505,0,0.266234,0.198,3.422,0.544
2506,0,0.266341,0.174,3.919,0.606
2507,0,0.266447,0.192,3.487,0.55
2508,0,0.266553,0.18,3.786,0.586
2509,0,0.266660,0.187,3.571,0.564
2510,0,0.266766,0.199,3.384,0.531
2511,0,0.266872,0.173,3.965,0.606
2512,0,0.266978,0.2,3.403,0.536
2513,0,0.267085,0.188,3.621,0.575
2514,0,0.267191,0.184,3.674,0.579
2515,0,0.267297,0.19,3.53,0.561
2516,0,0.267404,0.186,3.596,0.571
2517,0,0.267510,0.189,3.553,0.564
2518,0,0.267616,0.185,3.658,0.574
2519,0,0.267722,0.188,3.7,0.572
2520,0,0.267829,0.199,3.371,0.536
2521,0,0.267935,0.213,3.057,0.499
2522,0,0.268041,0.185,3.689,0.577
2523,0,0.268148,0.197,3.452,0.549
2524,0,0.268254,0.188,3.594,0.569
2525,0,0.268360,0.188,3.597,0.567
2526,0,0.268466,0.176,3.825,0.587
2527,0,0.268573,0.191,3.555,0.564
2528,0,0.268679,0.193,3.492,0.556
2529,0,0.268785,0.19,3.586,0.57
2530,0,0.268891,0.181,3.702,0.582
2531,0,0.268998,0.195,3.456,0.546
2532,0,0.269104,0.168,3.997,0.616
2533,0,0.269210,0.184,3.657,0.576
2534,0,0.269317,0.193,3.46,0.556
2535,0,0.269423,0.199,3.408,0.544
2536,0,0.269529,0.184,3.659,0.58
2537,0,0.269635,0.212,3.146,0.505
2538,0,0.269742,0.181,3.748,0.588
2539,0,0.269848,0.196,3.45,0.545
2540,0,0.269954,0.202,3.272,0.528
2541,0,0.270061,0.19,3.727,0.587
2542,0,0.270167,0.179,3.754,0.59
2543,0,0.270273,0.152,4.384,0.651
2544,0,0.270379,0.192,3.512,0.559
2545,0,0.270486,0.2,3.32,0.532
2546,0,0.270592,0.178,3.77,0.59
2547,0,0.270698,0.177,3.784,0.595
2548,0,0.270805,0.186,3.652,0.575
2549,0,0.270911,0.2,3.301,0.54
2550,0,0.271017,0.185,3.614,0.574
2551,0,0.271123,0.184,3.673,0.581
2552,0,0.271230,0.207,3.287,0.515
2553,0,0.271336,0.188,3.653,0.568
2554,0,0.271442,0.174,3.906,0.603
2555,0,0.271549,0.191,3.527,0.558
2556,0,0.271655,0.178,3.74,0.589
2557,0,0.271761,0.177,3.825,0.598
2558,0,0.271867,0.193,3.528,0.561
2559,0,0.271974,0.165,3.93,0.632
2560,0,0.272080,0.195,3.486,0.554
2561,0,0.272186,0.171,3.988,0.607
2562,0,0.272292,0.201,3.315,0.53
2563,0,0.272399,0.184,3.686,0.577
2564,0,0.272505,0.168,3.911,0.617
2565,0,0.272611,0.183,3.721,0.578
2566,0,0.272718,0.188,3.547,0.571
2567,0,0.272824,0.197,3.355,0.539
2568,0,0.272930,0.22,3.036,0.491
2569,0,0.273036,0.196,3.461,0.55
2570,0,0.273143,0.178,3.805,0.595
2571,0,0.273249,0.165,4.001,0.617
2572,0,0.273355,0.17,3.9,0.608
2573,0,0.273462,0.182,3.714,0.585
2574,0,0.273568,0.192,3.451,0.554
2575,0,0.273674,0.203,3.614,0.571
2576,0,0.273780,0.185,3.661,0.571
2577,0,0.273887,0.173,3.917,0.604
2578,0,0.273993,0.188,3.612,0.562
2579,0,0.274099,0.21,3.156,0.509
2580,0,0.274206,0.189,3.586,0.565
2581,0,0.274312,0.189,3.561,0.568
2582,0,0.274418,0.182,3.702,0.585
2583,0,0.274524,0.189,3.623,0.564
2584,0,0.274631,0.188,3.588,0.561
2585,0,0.274737,0.184,3.639,0.572
2586,0,0.274843,0.186,3.686,0.579
2587,0,0.274950,0.169,4.039,0.616
2588,0,0.275056,0.175,3.824,0.595
2589,0,0.275162,0.199,3.414,0.543
2590,0,0.275268,0.16,4.116,0.637
2591,0,0.275375,0.181,3.753,0.588
2592,0,0.275481,0.185,3.689,0.575
2593,0,0.275587,0.18,3.765,0.588
2594,0,0.275693,0.174,3.902,0.6
2595,0,0.275800,0.196,3.442,0.554
2596,0,0.275906,0.207,3.321,0.518
2597,0,0.276012,0.195,3.419,0.547
2598,0,0.276119,0.193,3.492,0.563
2599,0,0.276225,0.194,3.498,0.554
2600,0,0.276331,0.193,3.488,0.554
2601,0,0.276437,0.177,3.743,0.592
2602,0,0.276544,0.184,3.641,0.577
2603,0,0.276650,0.222,3.054,0.488
2604,0,0.276756,0.188,3.619,0.563
2605,0,0.276863,0.19,3.564,0.56
2606,0,0.276969,0.192,3.448,0.56
2607,0,0.277075,0.192,3.405,0.561
2608,0,0.277181,0.184,3.657,0.58
2609,0,0.277288,0.189,3.629,0.569
2610,0,0.277394,0.175,3.852,0.6
2611,0,0.277500,0.177,3.78,0.593
2612,0,0.277607,0.169,4.029,0.617
2613,0,0.277713,0.188,3.641,0.569
2614,0,0.277819,0.2,3.422,0.538
2615,0,0.277925,0.185,3.649,0.585
2616,0,0.278032,0.178,3.806,0.592
2617,0,0.278138,0.196,3.448,0.548
2618,0,0.278244,0.19,3.613,0.564
2619,0,0.278351,0.18,3.705,0.579
2620,0,0.278457,0.187,3.606,0.571
2621,0,0.278563,0.182,3.706,0.589
2622,0,0.278669,0.186,3.616,0.574
2623,0,0.278776,0.193,3.525,0.555
2624,0,0.278882,0.186,3.646,0.582
2625,0,0.278988,0.202,3.343,0.534
2626,0,0.279094,0.174,3.903,0.612
2627,0,0.279201,0.167,4.03,0.618
2628,0,0.279307,0.188,3.518,0.562
2629,0,0.279413,0.18,3.689,0.578
2630,0,0.279520,0.177,3.88,0.6
2631,0,0.279626,0.179,3.811,0.599
2632,0,0.279732,0.165,4.218,0.637
2633,0,0.279838,0.191,3.505,0.558
2634,0,0.279945,0.182,3.658,0.577
2635,0,0.280051,0.16,4.143,0.639
2636,0,0.280157,0.186,3.725,0.589
2637,0,0.280264,0.192,3.528,0.556
2638,0,0.280370,0.149,4.36,0.66
2639,0,0.280476,0.201,3.35,0.539
2640,0,0.280582,0.188,3.636,0.567
2641,0,0.280689,0.183,3.649,0.582
2642,0,0.280795,0.183,3.715,0.584
2643,0,0.280901,0.185,3.692,0.58
2644,0,0.281008,0.204,3.329,0.528
2645,0,0.281114,0.169,3.959,0.613
2646,0,0.281220,0.211,3.099,0.506
2647,0,0.281326,0.194,3.502,0.552
2648,0,0.281433,0.177,3.772,0.589
2649,0,0.281539,0.196,3.476,0.545
2650,0,0.281645,0.175,3.801,0.599
2651,0,0.281752,0.16,4.164,0.639
2652,0,0.281858,0.192,3.468,0.55
2653,0,0.281964,0.198,3.39,0.542
2654,0,0.282070,0.181,3.707,0.587
2655,0,0.282177,0.186,3.608,0.569
2656,0,0.282283,0.184,3.66,0.579
2657,0,0.282389,0.194,3.503,0.551
2658,0,0.282495,0.182,3.738,0.584
2659,0,0.282602,0.197,3.408,0.543
2660,0,0.282708,0.192,3.553,0.562
2661,0,0.282814,0.204,3.294,0.528
2662,0,0.282921,0.185,3.659,0.573
2663,0,0.283027,0.212,3.155,0.504
2664,0,0.283133,0.186,3.627,0.571
2665,0,0.283239,0.185,3.712,0.578
2666,0,0.283346,0.199,3.412,0.537
2667,0,0.283452,0.192,3.505,0.559
2668,0,0.283558,0.174,3.882,0.598
2669,0,0.283665,0.195,3.431,0.538
2670,0,0.283771,0.142,4.537,0.683
2671,0,0.283877,0.185,3.668,0.573
2672,0,0.283983,0.184,3.654,0.575
2673,0,0.284090,0.195,3.417,0.545
2674,0,0.284196,0.162,4.205,0.63
2675,0,0.284302,0.202,3.297,0.53
2676,0,0.284409,0.185,3.637,0.572
2677,0,0.284515,0.186,3.641,0.572
2678,0,0.284621,0.171,3.92,0.614
2679,0,0.284727,0.182,3.682,0.587
2680,0,0.284834,0.168,3.976,0.614
2681,0,0.284940,0.183,3.688,0.581
2682,0,0.285046,0.177,3.961,0.602
2683,0,0.285153,0.194,3.501,0.557
2684,0,0.285259,0.185,3.592,0.571
2685,0,0.285365,0.194,3.455,0.551
2686,0,0.285471,0.188,3.661,0.57
2687,0,0.285578,0.169,3.978,0.612
2688,0,0.285684,0.178,3.754,0.595
2689,0,0.285790,0.191,3.569,0.555
2690,0,0.285896,0.186,3.693,0.583
2691,0,0.286003,0.181,3.734,0.584
2692,0,0.286109,0.186,3.675,0.58
2693,0,0.286215,0.177,3.786,0.586
2694,0,0.286322,0.179,3.74,0.591
2695,0,0.286428,0.171,3.904,0.61
2696,0,0.286534,0.179,3.758,0.588
2697,0,0.286640,0.2,3.3,0.534
2698,0,0.286747,0.146,4.448,0.672
2699,0,0.286853,0.153,4.245,0.648
2700,0,0.286959,0.187,3.656,0.569
2701,0,0.287066,0.175,3.862,0.603
2702,0,0.287172,0.171,3.924,0.611
2703,0,0.287278,0.162,4.214,0.627
2704,0,0.287384,0.21,3.178,0.521
2705,0,0.287491,0.18,3.761,0.582
2706,0,0.287597,0.177,3.8,0.596
2707,0,0.287703,0.176,3.877,0.597
2708,0,0.287810,0.173,3.882,0.608
2709,0,0.287916,0.18,3.732,0.584
2710,0,0.288022,0.176,3.874,0.594
2711,0,0.288128,0.187,3.581,0.582
2712,0,0.288235,0.184,3.735,0.582
2713,0,0.288341,0.189,3.567,0.56
2714,0,0.288447,0.194,3.449,0.547
2715,0,0.288554,0.189,3.577,0.562
2716,0,0.288660,0.166,4.034,0.624
2717,0,0.288766,0.187,3.645,0.568
2718,0,0.288872,0.188,3.606,0.568
2719,0,0.288979,0.179,3.726,0.587
2720,0,0.289085,0.176,3.929,0.605
2721,0,0.289191,0.177,3.831,0.602
2722,0,0.289297,0.202,3.323,0.529
2723,0,0.289404,0.171,3.912,0.608
2724,0,0.289510,0.201,3.349,0.53
2725,0,0.289616,0.177,3.769,0.593
2726,0,0.289723,0.186,3.65,0.576
2727,0,0.289829,0.184,3.691,0.579
2728,0,0.289935,0.198,3.419,0.542
2729,0,0.290041,0.18,3.756,0.591
2730,0,0.290148,0.188,3.644,0.568
2731,0,0.290254,0.189,3.613,0.555
2732,0,0.290360,0.183,3.711,0.578
2733,0,0.290467,0.174,3.82,0.599
2734,0,0.290573,0.193,3.445,0.553
2735,0,0.290679,0.166,4.015,0.622
2736,0,0.290785,0.184,3.605,0.571
2737,0,0.290892,0.186,3.652,0.574
2738,0,0.290998,0.205,3.32,0.528
2739,0,0.291104,0.201,3.345,0.532
2740,0,0.291211,0.186,3.593,0.567
2742,0,0.291423,0.193,3.512,0.558
2743,0,0.291529,0.193,3.564,0.569
2744,0,0.291636,0.194,3.468,0.549
2745,0,0.291742,0.184,3.689,0.572
2746,0,0.291848,0.185,3.628,0.576
2747,0,0.291955,0.179,3.708,0.586
2748,0,0.292061,0.179,3.7,0.588
2749,0,0.292167,0.171,3.992,0.618
2750,0,0.292273,0.191,3.534,0.556
2751,0,0.292380,0.189,3.537,0.565
2752,0,0.292486,0.184,3.684,0.578
2753,0,0.292592,0.172,3.919,0.613
2754,0,0.292698,0.157,4.249,0.642
2755,0,0.292805,0.199,3.382,0.544
2756,0,0.292911,0.178,3.852,0.591
2757,0,0.293017,0.189,3.517,0.561
2758,0,0.293124,0.185,3.648,0.573
2759,0,0.293230,0.181,3.737,0.586
2760,0,0.293336,0.178,3.815,0.587
2761,0,0.293442,0.176,3.785,0.597
2762,0,0.293549,0.19,3.514,0.554
2763,0,0.293655,0.183,3.669,0.585
2764,0,0.293761,0.183,3.723,0.577
2765,0,0.293868,0.187,3.588,0.568
2766,0,0.293974,0.183,3.714,0.584
2767,0,0.294080,0.193,3.519,0.549
2768,0,0.294186,0.176,3.84,0.598
2769,0,0.294293,0.19,3.534,0.56
2770,0,0.294399,0.199,3.378,0.542
2771,0,0.294505,0.187,3.573,0.566
2772,0,0.294612,0.179,3.751,0.585
2773,0,0.294718,0.172,3.914,0.596
2774,0,0.294824,0.193,3.502,0.558
2775,0,0.294930,0.181,3.704,0.587
2776,0,0.295037,0.194,3.478,0.545
2777,0,0.295143,0.172,3.946,0.609
2778,0,0.295249,0.173,3.84,0.601
2779,0,0.295356,0.169,3.939,0.61
2780,0,0.295462,0.184,3.686,0.572
2781,0,0.295568,0.194,3.486,0.555
2782,0,0.295674,0.186,3.686,0.569
2783,0,0.295781,0.165,4.141,0.62
2784,0,0.295887,0.156,4.263,0.652
2785,0,0.295993,0.181,3.752,0.585
2786,0,0.296099,0.169,3.966,0.61
2787,0,0.296206,0.175,3.839,0.602
2788,0,0.296312,0.188,3.571,0.561
2789,0,0.296418,0.197,3.408,0.545
2790,0,0.296525,0.2,3.356,0.536
2791,0,0.296631,0.182,3.691,0.582
2792,0,0.296737,0.192,3.556,0.548
2793,0,0.296843,0.197,3.382,0.544
2794,0,0.296950,0.173,3.957,0.607
2795,0,0.297056,0.165,3.98,0.623
2796,0,0.297162,0.182,3.721,0.58
2797,0,0.297269,0.188,3.571,0.566
2798,0,0.297375,0.173,3.822,0.606
2799,0,0.297481,0.172,3.926,0.611
2800,0,0.297587,0.205,3.247,0.516
2801,0,0.297694,0.173,3.901,0.605
2802,0,0.297800,0.189,3.583,0.559
2803,0,0.297906,0.165,4.074,0.628
2804,0,0.298013,0.171,3.932,0.613
2805,0,0.298119,0.186,3.654,0.567
2806,0,0.298225,0.177,3.752,0.585
2807,0,0.298331,0.185,3.65,0.575
2808,0,0.298438,0.176,3.788,0.594
2809,0,0.298544,0.181,3.747,0.588
2810,0,0.298650,0.186,3.589,0.571
2811,0,0.298757,0.173,3.913,0.601
2812,0,0.298863,0.186,3.617,0.565
2813,0,0.298969,0.17,3.93,0.606
2814,0,0.299075,0.17,3.969,0.614
2815,0,0.299182,0.184,3.723,0.585
2816,0,0.299288,0.177,3.82,0.593
2817,0,0.299394,0.173,3.868,0.607
2818,0,0.299500,0.179,3.822,0.589
2819,0,0.299607,0.18,3.774,0.591
2820,0,0.299713,0.183,3.685,0.581
2821,0,0.299819,0.156,4.224,0.645
2822,0,0.299926,0.176,3.792,0.599
2823,0,0.300032,0.189,3.593,0.568
2824,0,0.300138,0.194,3.514,0.559
2825,0,0.300244,0.181,3.697,0.581
2826,0,0.300351,0.172,3.911,0.602
2827,0,0.300457,0.184,3.63,0.58
2828,0,0.300563,0.188,3.593,0.564
2829,0,0.300670,0.182,3.707,0.579
2830,0,0.300776,0.184,3.658,0.577
2831,0,0.300882,0.18,3.781,0.587
2832,0,0.300988,0.163,4.167,0.627
2833,0,0.301095,0.172,3.98,0.61
2834,0,0.301201,0.177,3.8,0.59
2835,0,0.301307,0.185,3.6,0.574
2836,0,0.301414,0.169,3.911,0.612
2837,0,0.301520,0.173,3.944,0.6
2838,0,0.301626,0.181,3.749,0.583
2839,0,0.301732,0.193,3.47,0.556
2840,0,0.301839,0.193,3.499,0.557
2841,0,0.301945,0.186,3.637,0.571
2842,0,0.302051,0.189,3.661,0.565
2843,0,0.302158,0.178,3.758,0.588
2844,0,0.302264,0.188,3.589,0.564
2845,0,0.302370,0.192,3.476,0.557
2846,0,0.302476,0.192,3.475,0.551
2847,0,0.302583,0.194,3.445,0.547
2848,0,0.302689,0.172,3.951,0.611
2849,0,0.302795,0.156,4.228,0.646
2850,0,0.302901,0.184,3.617,0.57
2851,0,0.303008,0.184,3.621,0.578
2852,0,0.303114,0.208,3.211,0.519
2853,0,0.303220,0.176,3.813,0.594
2854,0,0.303327,0.181,3.73,0.586
2855,0,0.303433,0.182,3.705,0.581
2856,0,0.303539,0.17,3.935,0.615
2857,0,0.303645,0.189,3.561,0.561
2858,0,0.303752,0.172,3.842,0.606
2859,0,0.303858,0.179,3.903,0.595
2860,0,0.303964,0.189,3.533,0.559
2861,0,0.304071,0.189,3.502,0.56
2862,0,0.304177,0.189,3.592,0.565
2863,0,0.304283,0.194,3.504,0.549
2864,0,0.304389,0.193,3.534,0.555
2865,0,0.304496,0.188,3.588,0.568
2866,0,0.304602,0.188,3.548,0.562
2867,0,0.304708,0.186,3.613,0.578
2868,0,0.304815,0.215,3.181,0.507
2869,0,0.304921,0.202,3.333,0.531
2870,0,0.305027,0.173,3.901,0.61
2871,0,0.305133,0.185,3.719,0.578
2872,0,0.305240,0.182,3.711,0.581
2873,0,0.305346,0.165,4.088,0.622
2874,0,0.305452,0.163,4.037,0.631
2875,0,0.305559,0.193,3.469,0.55
2876,0,0.305665,0.21,3.157,0.516
2877,0,0.305771,0.191,3.62,0.562
2878,0,0.305877,0.162,4.141,0.632
2879,0,0.305984,0.185,3.66,0.576
2880,0,0.306090,0.176,3.801,0.598
2881,0,0.306196,0.165,4.063,0.618
2882,0,0.306302,0.193,3.478,0.552
2883,0,0.306409,0.178,3.779,0.593
2884,0,0.306515,0.193,3.451,0.55
2885,0,0.306621,0.193,3.524,0.554
2886,0,0.306728,0.185,3.643,0.571
2887,0,0.306834,0.182,3.683,0.579
2888,0,0.306940,0.19,3.51,0.557
2889,0,0.307046,0.184,3.66,0.578
2890,0,0.307153,0.199,3.34,0.534
2891,0,0.307259,0.182,3.719,0.582
2892,0,0.307365,0.188,3.567,0.566
2893,0,0.307472,0.184,3.629,0.574
2894,0,0.307578,0.167,4.044,0.621
2895,0,0.307684,0.185,3.602,0.573
2896,0,0.307790,0.193,3.529,0.556
2897,0,0.307897,0.176,3.878,0.591
2898,0,0.308003,0.166,3.984,0.622
2899,0,0.308109,0.172,3.887,0.607
2900,0,0.308216,0.188,3.598,0.564
2901,0,0.308322,0.188,3.522,0.563
2902,0,0.308428,0.191,3.542,0.557
2903,0,0.308534,0.175,3.825,0.604
2904,0,0.308641,0.171,3.923,0.609
2905,0,0.308747,0.167,3.905,0.616
2906,0,0.308853,0.184,3.626,0.576
2907,0,0.308960,0.177,3.824,0.595
2908,0,0.309066,0.137,4.625,0.69
2909,0,0.309172,0.188,3.552,0.573
2910,0,0.309278,0.186,3.659,0.575
2911,0,0.309385,0.195,3.467,0.551
2912,0,0.309491,0.169,4.024,0.613
2913,0,0.309597,0.178,3.744,0.588
2914,0,0.309703,0.155,4.211,0.651
2915,0,0.309810,0.18,3.726,0.585
2916,0,0.309916,0.162,4.126,0.634
2917,0,0.310022,0.185,3.643,0.574
2918,0,0.310129,0.166,4.015,0.616
2919,0,0.310235,0.189,3.529,0.566
2920,0,0.310341,0.191,3.479,0.557
2921,0,0.310447,0.176,3.824,0.587
2922,0,0.310554,0.199,3.321,0.538
2923,0,0.310660,0.175,3.795,0.598
2924,0,0.310766,0.199,3.396,0.545
2925,0,0.310873,0.175,3.789,0.595
2926,0,0.310979,0.188,3.606,0.566
2927,0,0.311085,0.198,3.367,0.542
2928,0,0.311191,0.172,3.958,0.606
2929,0,0.311298,0.176,3.809,0.595
2930,0,0.311404,0.193,3.512,0.553
2931,0,0.311510,0.18,3.773,0.589
2932,0,0.311617,0.169,3.93,0.609
2933,0,0.311723,0.178,3.775,0.588
2934,0,0.311829,0.182,3.692,0.582
2935,0,0.311935,0.176,3.791,0.596
2936,0,0.312042,0.181,3.795,0.585
2937,0,0.312148,0.19,3.574,0.567
2938,0,0.312254,0.2,3.647,0.585
2939,0,0.312361,0.183,3.618,0.581
2940,0,0.312467,0.171,3.935,0.606
2941,0,0.312573,0.171,3.95,0.602
2942,0,0.312679,0.189,3.575,0.559
2943,0,0.312786,0.188,3.652,0.562
2944,0,0.312892,0.188,3.604,0.569
2945,0,0.312998,0.182,3.744,0.581
2946,0,0.313104,0.188,3.57,0.558
2947,0,0.313211,0.158,4.163,0.641
2948,0,0.313317,0.188,3.538,0.569
2949,0,0.313423,0.173,3.932,0.609
2950,0,0.313530,0.184,3.692,0.58
2951,0,0.313636,0.195,3.453,0.541
2952,0,0.313742,0.17,3.999,0.618
2953,0,0.313848,0.157,4.219,0.649
2954,0,0.313955,0.182,3.754,0.582
2955,0,0.314061,0.178,3.768,0.59
2956,0,0.314167,0.188,3.65,0.571
2957,0,0.314274,0.176,3.794,0.594
2958,0,0.314380,0.176,3.798,0.597
2959,0,0.314486,0.186,3.63,0.581
2960,0,0.314592,0.177,3.846,0.594
2961,0,0.314699,0.201,3.343,0.527
2962,0,0.314805,0.198,3.378,0.544
2963,0,0.314911,0.167,4.02,0.624
2964,0,0.315018,0.186,3.635,0.579
2965,0,0.315124,0.185,3.635,0.571
2966,0,0.315230,0.194,3.49,0.55
2967,0,0.315336,0.185,3.649,0.575
2968,0,0.315443,0.157,4.255,0.642
2969,0,0.315549,0.186,3.611,0.568
2970,0,0.315655,0.177,3.801,0.592
2971,0,0.315762,0.178,3.766,0.59
2972,0,0.315868,0.186,3.624,0.568
2973,0,0.315974,0.171,4.013,0.605
2974,0,0.316080,0.191,3.513,0.563
2975,0,0.316187,0.181,3.724,0.586
2976,0,0.316293,0.163,4.112,0.626
2977,0,0.316399,0.171,3.897,0.617
2978,0,0.316505,0.199,3.398,0.539
2979,0,0.316612,0.17,3.963,0.613
2980,0,0.316718,0.186,3.656,0.576
2981,0,0.316824,0.17,3.918,0.615
2982,0,0.316931,0.186,3.664,0.582
2983,0,0.317037,0.199,3.482,0.549
2984,0,0.317143,0.171,3.93,0.613
2985,0,0.317249,0.188,3.549,0.571
2986,0,0.317356,0.211,3.654,0.593
2987,0,0.317462,0.178,3.777,0.59
2988,0,0.317568,0.182,3.702,0.581
2989,0,0.317675,0.181,3.729,0.59
2990,0,0.317781,0.182,3.716,0.591
2991,0,0.317887,0.192,3.454,0.557
2992,0,0.317993,0.184,3.735,0.583
2993,0,0.318100,0.19,3.519,0.562
2994,0,0.318206,0.165,4.018,0.625
2995,0,0.318312,0.206,3.29,0.53
2996,0,0.318419,0.188,3.703,0.585
2997,0,0.318525,0.193,3.482,0.56
2998,0,0.318631,0.172,3.948,0.61
2999,0,0.318737,0.189,3.549,0.562
3000,0,0.318844,0.197,3.411,0.547
3001,0,0.318950,0.185,3.699,0.579
3002,0,0.319056,0.185,3.694,0.579
3003,0,0.319163,0.168,4.024,0.618
3004,0,0.319269,0.192,3.484,0.556
3005,0,0.319375,0.182,3.707,0.578
3006,0,0.319481,0.215,3.607,0.557
3007,0,0.319588,0.188,3.616,0.57
3008,0,0.319694,0.181,3.697,0.583
3009,0,0.319800,0.187,3.606,0.572
3010,0,0.319906,0.187,3.632,0.575
3011,0,0.320013,0.176,3.827,0.6
3012,0,0.320119,0.175,3.857,0.601
3013,0,0.320225,0.178,3.801,0.597
3014,0,0.320332,0.188,3.692,0.575
3015,0,0.320438,0.17,3.96,0.618
3016,0,0.320544,0.185,3.667,0.584
3017,0,0.320650,0.19,3.617,0.558
3018,0,0.320757,0.181,3.74,0.59
3019,0,0.320863,0.164,4.14,0.629
3020,0,0.320969,0.169,3.987,0.624
3021,0,0.321076,0.176,3.867,0.606
3022,0,0.321182,0.215,3.457,0.548
3023,0,0.321288,0.176,3.983,0.615
3024,0,0.321394,0.178,3.796,0.593
3025,0,0.321501,0.201,3.354,0.54
3026,0,0.321607,0.185,3.701,0.578
3027,0,0.321713,0.188,3.654,0.566
3028,0,0.321820,0.183,3.716,0.583
3029,0,0.321926,0.19,3.575,0.571
3030,0,0.322032,0.183,3.769,0.578
3031,0,0.322138,0.21,3.28,0.53
3032,0,0.322245,0.172,3.937,0.606
3033,0,0.322351,0.195,3.487,0.555
3034,0,0.322457,0.164,4.146,0.636
3035,0,0.322564,0.208,3.231,0.515
3036,0,0.322670,0.176,3.848,0.606
3037,0,0.322776,0.196,3.489,0.557
3038,0,0.322882,0.171,3.966,0.606
3039,0,0.322989,0.231,3.176,0.52
3040,0,0.323095,0.179,3.731,0.585
3041,0,0.323201,0.172,3.964,0.61
3042,0,0.323307,0.191,3.551,0.564
3043,0,0.323414,0.19,3.554,0.562
3044,0,0.323520,0.185,3.713,0.589
3045,0,0.323626,0.202,3.347,0.534
3046,0,0.323733,0.199,3.411,0.541
3047,0,0.323839,0.193,3.62,0.563
3048,0,0.323945,0.176,3.877,0.596
3049,0,0.324051,0.179,3.803,0.592
3050,0,0.324158,0.183,3.728,0.581
3051,0,0.324264,0.173,3.934,0.615
3052,0,0.324370,0.179,3.69,0.589
3053,0,0.324477,0.174,3.912,0.604
3054,0,0.324583,0.193,3.526,0.551
3055,0,0.324689,0.171,4.015,0.611
3056,0,0.324795,0.165,4.02,0.627
3057,0,0.324902,0.192,3.497,0.552
3058,0,0.325008,0.19,3.59,0.569
3059,0,0.325114,0.187,3.653,0.574
3060,0,0.325221,0.176,3.846,0.602
3061,0,0.325327,0.169,3.949,0.61
3062,0,0.325433,0.169,4.044,0.616
3063,0,0.325539,0.172,3.934,0.61
3064,0,0.325646,0.192,3.488,0.56
3065,0,0.325752,0.189,3.628,0.571
3067,0,0.325965,0.165,4.054,0.631
3068,0,0.326071,0.175,3.906,0.611
3069,0,0.326177,0.185,3.657,0.577
3070,0,0.326283,0.188,3.599,0.57
3071,0,0.326390,0.169,4.073,0.616
3072,0,0.326496,0.18,3.74,0.583
3073,0,0.326602,0.199,3.402,0.544
3074,0,0.326708,0.188,3.53,0.571
3075,0,0.326815,0.174,3.896,0.608
3076,0,0.326921,0.176,3.823,0.6
3077,0,0.327027,0.195,3.482,0.546
3078,0,0.327134,0.182,3.777,0.578
3079,0,0.327240,0.196,3.489,0.565
3080,0,0.327346,0.172,3.943,0.612
3081,0,0.327452,0.186,3.648,0.571
3082,0,0.327559,0.19,3.526,0.559
3083,0,0.327665,0.168,3.981,0.617
3084,0,0.327771,0.187,3.676,0.567
3085,0,0.327878,0.178,3.816,0.596
3086,0,0.327984,0.176,3.886,0.607
3087,0,0.328090,0.175,3.838,0.597
3088,0,0.328196,0.166,4.055,0.618
3089,0,0.328303,0.188,3.562,0.568
3090,0,0.328409,0.168,3.965,0.621
3091,0,0.328515,0.165,4.261,0.641
3092,0,0.328622,0.177,3.824,0.596
3093,0,0.328728,0.172,3.902,0.607
3094,0,0.328834,0.172,3.934,0.602
3095,0,0.328940,0.178,3.758,0.592
3096,0,0.329047,0.204,3.297,0.528
3097,0,0.329153,0.197,3.395,0.546
3098,0,0.329259,0.179,3.696,0.588
3099,0,0.329366,0.188,3.557,0.566
3100,0,0.329472,0.18,3.697,0.585
3101,0,0.329578,0.18,3.694,0.583
3102,0,0.329684,0.186,3.68,0.581
3103,0,0.329791,0.163,4.127,0.625
3104,0,0.329897,0.159,4.166,0.64
3105,0,0.330003,0.188,3.616,0.568
3106,0,0.330109,0.175,3.794,0.6
3107,0,0.330216,0.177,3.786,0.59
3108,0,0.330322,0.18,3.756,0.583
3109,0,0.330428,0.171,3.883,0.606
3110,0,0.330535,0.163,4.084,0.623
3111,0,0.330641,0.177,3.795,0.585
3112,0,0.330747,0.182,3.672,0.579
3113,0,0.330853,0.165,4.091,0.624
3114,0,0.330960,0.161,4.133,0.635
3115,0,0.331066,0.168,3.989,0.618
3116,0,0.331172,0.182,3.757,0.581
3117,0,0.331279,0.163,4.109,0.631
3118,0,0.331385,0.19,3.561,0.557
3119,0,0.331491,0.184,3.657,0.575
3120,0,0.331597,0.171,3.902,0.608
3121,0,0.331704,0.175,3.812,0.597
3122,0,0.331810,0.193,3.519,0.556
3123,0,0.331916,0.177,3.775,0.586
3124,0,0.332023,0.169,3.965,0.611
3125,0,0.332129,0.178,3.711,0.597
3126,0,0.332235,0.183,3.693,0.586
3127,0,0.332341,0.172,3.849,0.608
3128,0,0.332448,0.194,3.47,0.552
3129,0,0.332554,0.166,4.044,0.621
3130,0,0.332660,0.164,4.097,0.621
3131,0,0.332767,0.189,3.509,0.564
3132,0,0.332873,0.165,4.069,0.625
3133,0,0.332979,0.171,4.0,0.611
3134,0,0.333085,0.178,3.787,0.594
3135,0,0.333192,0.188,3.575,0.57
3136,0,0.333298,0.191,3.5,0.566
3137,0,0.333404,0.193,3.469,0.552
3138,0,0.333510,0.172,3.961,0.608
3139,0,0.333617,0.177,3.81,0.594
3140,0,0.333723,0.184,3.651,0.58
3141,0,0.333829,0.164,4.092,0.631
3142,0,0.333936,0.169,3.961,0.614
3143,0,0.334042,0.168,3.942,0.622
3144,0,0.334148,0.164,4.097,0.625
3145,0,0.334254,0.188,3.549,0.563
3146,0,0.334361,0.186,3.603,0.573
3147,0,0.334467,0.17,3.99,0.609
3148,0,0.334573,0.179,3.683,0.579
3149,0,0.334680,0.163,4.151,0.629
3150,0,0.334786,0.174,3.873,0.604
3151,0,0.334892,0.163,4.043,0.617
3152,0,0.334998,0.185,3.643,0.575
3153,0,0.335105,0.172,3.899,0.61
3154,0,0.335211,0.185,3.712,0.574
3155,0,0.335317,0.178,3.781,0.591
3156,0,0.335424,0.173,3.832,0.602
3157,0,0.335530,0.187,3.591,0.576
3158,0,0.335636,0.145,4.423,0.673
3159,0,0.335742,0.182,3.692,0.582
3160,0,0.335849,0.179,3.767,0.582
3161,0,0.335955,0.178,3.76,0.592
3162,0,0.336061,0.188,3.595,0.566
3163,0,0.336167,0.167,4.051,0.618
3164,0,0.336274,0.189,3.531,0.559
3165,0,0.336380,0.192,3.509,0.556
3166,0,0.336486,0.188,3.653,0.569
3167,0,0.336593,0.171,3.904,0.609
3168,0,0.336699,0.18,3.775,0.589
3169,0,0.336805,0.187,3.568,0.571
3170,0,0.336911,0.178,3.767,0.595
3171,0,0.337018,0.171,3.936,0.607
3172,0,0.337124,0.183,3.618,0.583
3173,0,0.337230,0.143,4.531,0.675
3174,0,0.337337,0.177,3.779,0.591
3175,0,0.337443,0.161,4.118,0.641
3176,0,0.337549,0.197,3.35,0.541
3177,0,0.337655,0.18,3.714,0.588
3178,0,0.337762,0.17,3.934,0.616
3179,0,0.337868,0.203,3.317,0.53
3180,0,0.337974,0.176,3.826,0.593
3181,0,0.338081,0.168,4.018,0.617
3182,0,0.338187,0.176,3.768,0.6
3183,0,0.338293,0.175,3.891,0.601
3184,0,0.338399,0.173,3.899,0.608
3185,0,0.338506,0.198,3.466,0.535
3186,0,0.338612,0.157,4.193,0.644
3187,0,0.338718,0.175,3.853,0.602
3188,0,0.338825,0.175,3.848,0.6
3189,0,0.338931,0.198,3.418,0.547
3190,0,0.339037,0.162,4.184,0.632
3191,0,0.339143,0.171,4.033,0.615
3192,0,0.339250,0.174,3.917,0.605
3193,0,0.339356,0.206,3.332,0.517
3194,0,0.339462,0.165,4.087,0.628
3195,0,0.339568,0.178,3.761,0.591
3196,0,0.339675,0.159,4.232,0.639
3197,0,0.339781,0.178,3.824,0.598
3198,0,0.339887,0.176,3.776,0.592
3199,0,0.339994,0.191,3.567,0.562
3200,0,0.340100,0.184,3.666,0.579
3201,0,0.340206,0.174,3.928,0.603
3202,0,0.340312,0.189,3.483,0.56
3203,0,0.340419,0.191,3.686,0.57
3204,0,0.340525,0.174,3.78,0.595
3205,0,0.340631,0.187,3.621,0.577
3206,0,0.340738,0.222,2.893,0.48
3207,0,0.340844,0.179,3.767,0.585
3208,0,0.340950,0.151,4.405,0.663
3209,0,0.341056,0.194,3.512,0.55
3210,0,0.341163,0.178,3.876,0.595
3211,0,0.341269,0.16,4.174,0.64
3212,0,0.341375,0.18,3.703,0.586
3213,0,0.341482,0.188,3.586,0.567
3214,0,0.341588,0.159,4.115,0.643
3215,0,0.341694,0.186,3.555,0.576
3216,0,0.341800,0.185,3.703,0.584
3217,0,0.341907,0.176,3.768,0.598
3218,0,0.342013,0.188,3.616,0.575
3219,0,0.342119,0.186,3.569,0.574
3220,0,0.342226,0.189,3.589,0.567
3221,0,0.342332,0.192,3.52,0.562
3222,0,0.342438,0.199,3.37,0.544
3223,0,0.342544,0.188,3.888,0.601
3224,0,0.342651,0.197,3.396,0.548
3225,0,0.342757,0.186,3.656,0.573
3226,0,0.342863,0.177,3.848,0.596
3227,0,0.342969,0.171,3.854,0.616
3228,0,0.343076,0.188,3.582,0.57
3229,0,0.343182,0.195,3.468,0.55
3230,0,0.343288,0.16,4.203,0.648
3231,0,0.343395,0.186,3.624,0.564
3232,0,0.343501,0.191,3.499,0.561
3233,0,0.343607,0.176,3.803,0.593
3234,0,0.343713,0.188,3.653,0.567
3235,0,0.343820,0.184,3.667,0.583
3236,0,0.343926,0.176,3.905,0.598
3237,0,0.344032,0.175,3.845,0.6
3238,0,0.344139,0.166,4.07,0.62
3239,0,0.344245,0.169,3.96,0.613
3240,0,0.344351,0.193,3.528,0.556
3241,0,0.344457,0.166,4.024,0.619
3242,0,0.344564,0.195,3.459,0.551
3243,0,0.344670,0.188,3.553,0.569
3244,0,0.344776,0.189,3.547,0.563
3245,0,0.344883,0.173,3.882,0.608
3246,0,0.344989,0.191,3.494,0.559
3247,0,0.345095,0.196,3.428,0.549
3248,0,0.345201,0.172,3.775,0.604
3249,0,0.345308,0.201,3.306,0.526
3250,0,0.345414,0.191,3.544,0.558
3251,0,0.345520,0.184,3.692,0.577
3252,0,0.345627,0.186,3.638,0.574
3253,0,0.345733,0.188,3.604,0.574
3254,0,0.345839,0.165,4.068,0.62
3255,0,0.345945,0.175,3.795,0.594
3256,0,0.346052,0.19,3.57,0.568
3257,0,0.346158,0.167,4.106,0.621
3258,0,0.346264,0.167,3.969,0.623
3259,0,0.346370,0.178,3.831,0.598
3260,0,0.346477,0.154,4.228,0.65
3261,0,0.346583,0.167,3.93,0.614
3262,0,0.346689,0.167,3.986,0.615
3263,0,0.346796,0.199,3.358,0.537
3264,0,0.346902,0.194,3.514,0.56
3265,0,0.347008,0.191,3.573,0.56
3266,0,0.347114,0.194,3.472,0.548
3267,0,0.347221,0.167,3.975,0.62
3268,0,0.347327,0.164,4.107,0.627
3269,0,0.347433,0.166,3.999,0.621
3270,0,0.347540,0.174,3.882,0.601
3271,0,0.347646,0.174,3.886,0.6
3272,0,0.347752,0.167,3.987,0.62
3273,0,0.347858,0.175,3.796,0.599
3274,0,0.347965,0.163,4.154,0.634
3275,0,0.348071,0.171,3.957,0.611
3276,0,0.348177,0.175,3.895,0.601
3277,0,0.348284,0.177,3.809,0.586
3278,0,0.348390,0.169,3.947,0.612
3279,0,0.348496,0.175,3.831,0.599
3280,0,0.348602,0.192,3.521,0.553
3281,0,0.348709,0.174,3.897,0.606
3282,0,0.348815,0.186,3.593,0.574
3283,0,0.348921,0.176,3.854,0.602
3284,0,0.349028,0.172,3.919,0.607
3285,0,0.349134,0.197,3.418,0.542
3286,0,0.349240,0.171,3.927,0.61
3287,0,0.349346,0.177,3.797,0.591
3288,0,0.349453,0.173,3.901,0.609
3289,0,0.349559,0.194,3.468,0.552
3290,0,0.349665,0.191,3.522,0.559
3291,0,0.349771,0.156,4.159,0.644
3292,0,0.349878,0.153,4.288,0.657
3293,0,0.349984,0.16,4.106,0.642
3294,0,0.350090,0.169,3.973,0.615
3295,0,0.350197,0.18,3.785,0.592
3296,0,0.350303,0.179,3.797,0.59
3297,0,0.350409,0.194,3.435,0.553
3298,0,0.350515,0.174,3.859,0.597
3299,0,0.350622,0.159,4.174,0.634
3300,0,0.350728,0.193,3.446,0.552
3301,0,0.350834,0.165,4.045,0.621
3302,0,0.350941,0.175,3.842,0.597
3303,0,0.351047,0.188,3.577,0.556
3304,0,0.351153,0.182,3.706,0.574
3305,0,0.351259,0.184,3.637,0.581
3306,0,0.351366,0.181,3.667,0.58
3307,0,0.351472,0.165,3.989,0.623
3308,0,0.351578,0.201,3.377,0.532
3309,0,0.351685,0.147,4.456,0.664
3310,0,0.351791,0.16,4.163,0.638
3311,0,0.351897,0.188,3.565,0.56
3312,0,0.352003,0.182,3.715,0.585
3313,0,0.352110,0.187,3.576,0.572
3314,0,0.352216,0.167,3.996,0.615
3315,0,0.352322,0.184,3.648,0.58
3316,0,0.352429,0.177,3.778,0.593
3317,0,0.352535,0.182,3.736,0.584
3318,0,0.352641,0.179,3.806,0.588
3319,0,0.352747,0.193,3.493,0.56
3320,0,0.352854,0.178,3.787,0.592
3321,0,0.352960,0.18,3.735,0.593
3322,0,0.353066,0.176,3.846,0.591
3323,0,0.353172,0.193,3.511,0.555
3324,0,0.353279,0.185,3.708,0.58
3325,0,0.353385,0.176,3.797,0.593
3326,0,0.353491,0.155,4.273,0.649
3327,0,0.353598,0.184,3.678,0.58
3328,0,0.353704,0.182,3.727,0.585
3329,0,0.353810,0.184,3.635,0.572
3330,0,0.353916,0.163,4.064,0.631
3331,0,0.354023,0.173,3.872,0.605
3332,0,0.354129,0.169,4.02,0.617
3333,0,0.354235,0.176,3.776,0.592
3334,0,0.354342,0.174,3.901,0.609
3335,0,0.354448,0.177,3.84,0.592
3336,0,0.354554,0.151,4.32,0.661
3337,0,0.354660,0.189,3.525,0.562
3338,0,0.354767,0.152,4.329,0.651
3339,0,0.354873,0.191,3.539,0.557
3340,0,0.354979,0.18,3.746,0.593
3341,0,0.355086,0.171,3.935,0.608
3342,0,0.355192,0.171,3.903,0.606
3343,0,0.355298,0.196,3.455,0.552
3344,0,0.355404,0.148,4.413,0.663
3345,0,0.355511,0.18,3.734,0.589
3346,0,0.355617,0.172,3.877,0.605
3347,0,0.355723,0.176,3.868,0.596
3348,0,0.355830,0.197,3.348,0.543
3349,0,0.355936,0.175,3.801,0.602
3350,0,0.356042,0.171,3.913,0.609
3351,0,0.356148,0.185,3.648,0.578
3352,0,0.356255,0.164,4.083,0.628
3353,0,0.356361,0.16,4.156,0.636
3354,0,0.356467,0.171,3.953,0.617
3355,0,0.356573,0.167,3.962,0.614
3356,0,0.356680,0.187,3.624,0.573
3357,0,0.356786,0.159,4.111,0.641
3358,0,0.356892,0.176,3.803,0.595
3359,0,0.356999,0.191,3.509,0.553
3360,0,0.357105,0.185,3.612,0.576
3361,0,0.357211,0.179,3.732,0.582
3362,0,0.357317,0.179,3.693,0.582
3363,0,0.357424,0.193,3.4,0.552
3364,0,0.357530,0.142,4.552,0.68
3365,0,0.357636,0.18,3.715,0.588
3366,0,0.357743,0.187,3.584,0.569
3367,0,0.357849,0.176,3.825,0.592
3368,0,0.357955,0.191,3.549,0.555
3369,0,0.358061,0.164,4.046,0.625
3370,0,0.358168,0.163,4.087,0.639
3371,0,0.358274,0.188,3.488,0.564
3372,0,0.358380,0.181,3.688,0.575
3373,0,0.358487,0.159,4.127,0.643
3374,0,0.358593,0.162,4.15,0.628
3375,0,0.358699,0.183,3.669,0.577
3376,0,0.358805,0.178,3.795,0.591
3377,0,0.358912,0.176,3.862,0.599
3378,0,0.359018,0.18,3.707,0.587
3379,0,0.359124,0.178,3.739,0.591
3380,0,0.359231,0.163,4.109,0.626
3381,0,0.359337,0.184,3.655,0.574
3382,0,0.359443,0.172,3.881,0.603
3383,0,0.359549,0.176,3.813,0.594
3384,0,0.359656,0.171,3.913,0.608
3385,0,0.359762,0.173,3.884,0.605
3386,0,0.359868,0.199,3.416,0.54
3387,0,0.359974,0.18,3.75,0.592
3388,0,0.360081,0.174,3.846,0.601
3389,0,0.360187,0.178,3.819,0.585
3390,0,0.360293,0.158,4.193,0.642
3391,0,0.360400,0.162,4.136,0.631
3392,0,0.360506,0.169,4.026,0.622
3393,0,0.360612,0.153,4.331,0.65
3394,0,0.360718,0.176,3.876,0.597
3395,0,0.360825,0.171,3.934,0.607
3396,0,0.360931,0.199,3.359,0.536
3397,0,0.361037,0.177,3.783,0.598
3398,0,0.361144,0.178,3.79,0.591
3399,0,0.361250,0.181,3.72,0.581
3400,0,0.361356,0.18,3.733,0.583
3401,0,0.361462,0.188,3.563,0.568
3402,0,0.361569,0.186,3.613,0.566
3403,0,0.361675,0.197,3.48,0.545
3404,0,0.361781,0.171,3.904,0.605
3405,0,0.361888,0.2,3.316,0.535
3406,0,0.361994,0.184,3.686,0.582
3407,0,0.362100,0.189,3.591,0.563
3408,0,0.362206,0.191,3.549,0.558
3409,0,0.362313,0.194,3.504,0.56
3410,0,0.362419,0.156,4.257,0.64
3411,0,0.362525,0.175,3.899,0.599
3412,0,0.362632,0.188,3.638,0.572
3413,0,0.362738,0.169,4.0,0.611
3414,0,0.362844,0.183,3.715,0.578
3415,0,0.362950,0.189,3.555,0.562
3416,0,0.363057,0.171,3.918,0.613
3417,0,0.363163,0.175,3.888,0.605
3418,0,0.363269,0.193,3.499,0.567
3419,0,0.363375,0.157,4.218,0.641
3420,0,0.363482,0.172,3.909,0.602
3421,0,0.363588,0.174,3.855,0.602
3422,0,0.363694,0.197,3.436,0.542
3423,0,0.363801,0.186,3.605,0.566
3424,0,0.363907,0.172,3.889,0.608
3425,0,0.364013,0.175,3.902,0.607
3426,0,0.364119,0.194,3.492,0.547
3427,0,0.364226,0.177,3.783,0.596
3428,0,0.364332,0.175,3.809,0.599
3429,0,0.364438,0.165,4.107,0.621
3430,0,0.364545,0.178,3.805,0.592
3431,0,0.364651,0.189,3.802,0.593
3432,0,0.364757,0.189,3.546,0.558
3433,0,0.364863,0.166,4.0,0.622
3434,0,0.364970,0.171,3.993,0.611
3435,0,0.365076,0.16,4.133,0.633
3436,0,0.365182,0.169,4.004,0.622
3437,0,0.365289,0.187,3.566,0.573
3438,0,0.365395,0.18,3.715,0.589
3439,0,0.365501,0.188,3.579,0.569
3440,0,0.365607,0.163,4.121,0.627
3441,0,0.365714,0.176,3.882,0.6
3442,0,0.365820,0.186,3.65,0.568
3443,0,0.365926,0.171,3.949,0.605
3444,0,0.366033,0.182,3.722,0.583
3445,0,0.366139,0.19,3.527,0.56
3446,0,0.366245,0.198,3.352,0.537
3447,0,0.366351,0.18,3.708,0.586
3448,0,0.366458,0.18,3.777,0.586
3449,0,0.366564,0.149,4.387,0.663
3450,0,0.366670,0.176,3.749,0.596
3451,0,0.366776,0.192,3.516,0.548
3452,0,0.366883,0.172,3.914,0.609
3453,0,0.366989,0.182,3.716,0.574
3454,0,0.367095,0.158,4.235,0.647
3455,0,0.367202,0.161,4.142,0.639
3456,0,0.367308,0.182,3.688,0.576
3457,0,0.367414,0.166,4.05,0.623
3458,0,0.367520,0.175,3.859,0.599
3459,0,0.367627,0.194,3.454,0.539
3460,0,0.367733,0.165,4.048,0.624
3461,0,0.367839,0.174,3.848,0.594
3462,0,0.367946,0.191,3.511,0.56
3463,0,0.368052,0.182,3.713,0.577
3464,0,0.368158,0.206,3.218,0.526
3465,0,0.368264,0.183,3.693,0.577
3466,0,0.368371,0.175,3.89,0.618
3467,0,0.368477,0.186,3.618,0.572
3468,0,0.368583,0.174,3.931,0.601
3469,0,0.368690,0.177,3.838,0.595
3470,0,0.368796,0.185,3.618,0.574
3471,0,0.368902,0.177,3.776,0.595
3472,0,0.369008,0.185,3.627,0.574
3473,0,0.369115,0.182,3.641,0.581
3474,0,0.369221,0.18,3.753,0.587
3475,0,0.369327,0.189,3.56,0.561
3476,0,0.369434,0.166,4.035,0.617
3477,0,0.369540,0.187,3.64,0.57
3478,0,0.369646,0.175,3.839,0.601
3479,0,0.369752,0.19,3.46,0.558
3480,0,0.369859,0.165,4.069,0.626
3481,0,0.369965,0.158,4.164,0.64
3482,0,0.370071,0.164,4.074,0.623
3483,0,0.370177,0.16,4.184,0.633
3484,0,0.370284,0.177,3.83,0.593
3485,0,0.370390,0.186,3.591,0.57
3486,0,0.370496,0.156,4.27,0.644
3487,0,0.370603,0.188,3.525,0.562
3488,0,0.370709,0.186,3.593,0.565
3489,0,0.370815,0.167,3.976,0.616
3490,0,0.370921,0.167,3.996,0.617
3491,0,0.371028,0.171,3.862,0.61
3492,0,0.371134,0.204,3.186,0.515
3493,0,0.371240,0.17,3.912,0.612
3494,0,0.371347,0.192,3.474,0.555
3495,0,0.371453,0.183,3.673,0.581
3496,0,0.371559,0.173,3.841,0.607
3497,0,0.371665,0.184,3.661,0.576
3498,0,0.371772,0.171,3.919,0.609
3499,0,0.371878,0.195,3.436,0.552
3500,0,0.371984,0.186,3.664,0.571
3501,0,0.372091,0.176,3.905,0.597
3502,0,0.372197,0.185,3.647,0.573
3503,0,0.372303,0.165,4.032,0.617
3504,0,0.372409,0.177,3.79,0.59
3505,0,0.372516,0.167,4.038,0.623
3506,0,0.372622,0.154,4.273,0.646
3507,0,0.372728,0.176,3.826,0.591
3508,0,0.372835,0.183,3.734,0.582
3509,0,0.372941,0.168,3.918,0.613
3510,0,0.373047,0.171,3.931,0.608
3511,0,0.373153,0.181,3.697,0.584
3512,0,0.373260,0.198,3.383,0.543
3513,0,0.373366,0.183,3.734,0.582
3514,0,0.373472,0.169,3.958,0.609
3515,0,0.373578,0.171,3.936,0.602
3516,0,0.373685,0.184,3.718,0.578
3517,0,0.373791,0.163,4.086,0.628
3518,0,0.373897,0.166,4.051,0.614
3519,0,0.374004,0.176,3.788,0.592
3520,0,0.374110,0.188,3.546,0.558
3521,0,0.374216,0.152,4.356,0.658
3522,0,0.374322,0.173,3.892,0.603
3523,0,0.374429,0.199,3.337,0.534
3524,0,0.374535,0.17,3.894,0.607
3525,0,0.374641,0.179,3.728,0.589
3526,0,0.374748,0.177,3.798,0.594
3527,0,0.374854,0.183,3.627,0.576
3528,0,0.374960,0.175,3.832,0.602
3529,0,0.375066,0.182,3.823,0.596
3530,0,0.375173,0.19,3.479,0.559
3531,0,0.375279,0.187,3.558,0.568
3532,0,0.375385,0.202,3.795,0.578
3533,0,0.375492,0.183,3.675,0.588
3534,0,0.375598,0.189,3.495,0.558
3535,0,0.375704,0.169,3.938,0.618
3536,0,0.375810,0.177,3.808,0.592
3537,0,0.375917,0.169,3.987,0.619
3538,0,0.376023,0.17,3.942,0.614
3539,0,0.376129,0.174,3.961,0.609
3540,0,0.376236,0.19,3.555,0.558
3541,0,0.376342,0.186,3.625,0.575
3542,0,0.376448,0.164,4.127,0.63
3543,0,0.376554,0.164,4.086,0.628
3544,0,0.376661,0.177,3.847,0.597
3545,0,0.376767,0.186,3.63,0.571
3546,0,0.376873,0.186,3.672,0.569
3547,0,0.376979,0.188,3.95,0.61
3548,0,0.377086,0.171,3.87,0.612
3549,0,0.377192,0.18,3.689,0.588
3550,0,0.377298,0.18,3.784,0.588
3551,0,0.377405,0.198,3.413,0.545
3552,0,0.377511,0.193,3.513,0.557
3553,0,0.377617,0.158,4.198,0.639
3554,0,0.377723,0.182,3.666,0.577
3555,0,0.377830,0.174,3.87,0.602
3556,0,0.377936,0.191,3.526,0.55
3557,0,0.378042,0.182,3.774,0.586
3558,0,0.378149,0.176,3.893,0.598
3559,0,0.378255,0.17,4.018,0.613
3560,0,0.378361,0.163,4.125,0.632
3561,0,0.378467,0.161,4.174,0.636
3562,0,0.378574,0.16,4.139,0.638
3563,0,0.378680,0.188,3.586,0.571
3564,0,0.378786,0.174,3.838,0.605
3565,0,0.378893,0.188,3.582,0.57
3566,0,0.378999,0.178,3.776,0.586
3567,0,0.379105,0.199,3.327,0.538
3568,0,0.379211,0.19,3.538,0.559
3569,0,0.379318,0.179,3.679,0.585
3570,0,0.379424,0.178,3.756,0.589
3571,0,0.379530,0.178,3.756,0.593
3572,0,0.379637,0.175,3.88,0.605
3573,0,0.379743,0.193,3.582,0.567
3574,0,0.379849,0.184,3.687,0.582
3575,0,0.379955,0.17,3.918,0.614
3576,0,0.380062,0.177,3.831,0.59
3577,0,0.380168,0.177,3.837,0.596
3578,0,0.380274,0.179,3.751,0.582
3579,0,0.380380,0.166,4.036,0.625
3580,0,0.380487,0.164,4.023,0.628
3581,0,0.380593,0.187,3.635,0.573
3582,0,0.380699,0.173,3.893,0.608
3583,0,0.380806,0.176,3.697,0.591
3584,0,0.380912,0.173,3.861,0.605
3585,0,0.381018,0.195,3.472,0.552
3586,0,0.381124,0.176,3.874,0.602
3587,0,0.381231,0.176,3.824,0.6
3588,0,0.381337,0.175,3.9,0.592
3589,0,0.381443,0.163,4.096,0.636
3590,0,0.381550,0.178,3.854,0.592
3591,0,0.381656,0.17,3.916,0.61
3592,0,0.381762,0.184,3.65,0.575
3593,0,0.381868,0.161,4.116,0.638
3594,0,0.381975,0.186,3.638,0.57
3595,0,0.382081,0.164,4.018,0.627
3596,0,0.382187,0.188,3.629,0.567
3597,0,0.382294,0.197,3.434,0.545
3598,0,0.382400,0.198,3.378,0.543
3599,0,0.382506,0.189,3.574,0.56
3600,0,0.382612,0.196,3.415,0.55
3601,0,0.382719,0.183,3.708,0.574
3602,0,0.382825,0.171,3.923,0.608
3603,0,0.382931,0.165,4.093,0.627
3604,0,0.383038,0.179,3.728,0.585
3605,0,0.383144,0.173,3.904,0.612
3606,0,0.383250,0.169,4.028,0.618
3607,0,0.383356,0.192,3.51,0.559
3608,0,0.383463,0.182,3.707,0.58
3609,0,0.383569,0.168,3.943,0.605
3610,0,0.383675,0.201,3.296,0.532
3611,0,0.383781,0.162,4.141,0.634
3612,0,0.383888,0.199,3.476,0.556
3613,0,0.383994,0.185,3.547,0.573
3614,0,0.384100,0.173,3.839,0.605
3615,0,0.384207,0.157,4.22,0.643
3616,0,0.384313,0.187,3.545,0.544
3617,0,0.384419,0.202,3.273,0.527
3618,0,0.384525,0.177,3.847,0.601
3619,0,0.384632,0.182,3.699,0.585
3620,0,0.384738,0.183,3.642,0.593
3621,0,0.384844,0.189,3.513,0.559
3622,0,0.384951,0.166,4.027,0.621
3623,0,0.385057,0.203,3.361,0.542
3624,0,0.385163,0.165,4.069,0.629
3625,0,0.385269,0.167,3.968,0.622
3626,0,0.385376,0.17,3.965,0.617
3627,0,0.385482,0.179,3.694,0.587
3628,0,0.385588,0.151,4.359,0.658
3629,0,0.385695,0.158,4.19,0.643
3630,0,0.385801,0.176,3.897,0.592
3631,0,0.385907,0.173,3.928,0.604
3632,0,0.386013,0.172,3.913,0.603
3633,0,0.386120,0.161,4.194,0.632
3634,0,0.386226,0.184,3.684,0.572
3635,0,0.386332,0.17,3.934,0.606
3636,0,0.386439,0.164,4.11,0.627
3637,0,0.386545,0.173,3.849,0.603
3638,0,0.386651,0.182,3.773,0.583
3639,0,0.386757,0.176,3.79,0.591
3640,0,0.386864,0.175,3.863,0.603
3641,0,0.386970,0.187,3.58,0.567
3642,0,0.387076,0.17,3.905,0.614
3643,0,0.387182,0.188,3.554,0.56
3644,0,0.387289,0.153,4.288,0.653
3645,0,0.387395,0.169,3.983,0.615
3646,0,0.387501,0.173,3.91,0.612
3647,0,0.387608,0.173,3.947,0.613
3648,0,0.387714,0.181,3.737,0.587
3649,0,0.387820,0.174,3.813,0.606
3650,0,0.387926,0.178,3.785,0.599
3651,0,0.388033,0.185,3.62,0.573
3652,0,0.388139,0.172,3.97,0.608
3653,0,0.388245,0.185,3.676,0.577
3654,0,0.388352,0.173,3.944,0.604
3655,0,0.388458,0.19,3.542,0.558
3656,0,0.388564,0.17,3.942,0.611
3657,0,0.388670,0.18,3.749,0.587
3658,0,0.388777,0.176,3.777,0.599
3659,0,0.388883,0.166,4.008,0.617
3660,0,0.388989,0.178,3.773,0.6
3661,0,0.389096,0.167,4.004,0.625
3662,0,0.389202,0.177,3.787,0.588
3663,0,0.389308,0.179,3.801,0.589
3664,0,0.389414,0.305,3.791,0.581
3665,0,0.389521,0.205,3.255,0.525
3666,0,0.389627,0.169,3.951,0.613
3667,0,0.389733,0.172,3.879,0.601
3668,0,0.389840,0.159,4.222,0.637
3669,0,0.389946,0.175,3.881,0.597
3670,0,0.390052,0.181,3.757,0.587
3671,0,0.390158,0.189,3.53,0.561
3672,0,0.390265,0.179,3.713,0.586
3673,0,0.390371,0.162,4.082,0.623
3674,0,0.390477,0.166,4.071,0.624
3675,0,0.390583,0.18,3.706,0.582
3676,0,0.390690,0.194,3.444,0.549
3677,0,0.390796,0.162,4.1,0.634
3678,0,0.390902,0.157,4.212,0.64
3679,0,0.391009,0.167,4.018,0.621
3680,0,0.391115,0.162,4.084,0.631
3681,0,0.391221,0.165,4.036,0.627
3682,0,0.391327,0.172,3.947,0.606
3683,0,0.391434,0.167,3.988,0.616
3684,0,0.391540,0.172,3.937,0.61
3685,0,0.391646,0.186,3.628,0.575
3686,0,0.391753,0.189,3.671,0.563
3687,0,0.391859,0.165,4.054,0.624
3688,0,0.391965,0.188,3.584,0.563
3689,0,0.392071,0.15,4.424,0.67
3690,0,0.392178,0.148,4.447,0.668
3691,0,0.392284,0.192,3.456,0.561
3692,0,0.392390,0.179,3.758,0.595
3693,0,0.392497,0.166,3.99,0.62
3694,0,0.392603,0.183,3.652,0.573
3695,0,0.392709,0.175,3.841,0.603
3696,0,0.392815,0.167,4.078,0.617
3697,0,0.392922,0.197,3.423,0.545
3698,0,0.393028,0.193,3.496,0.556
3699,0,0.393134,0.169,3.975,0.615
3700,0,0.393241,0.169,3.996,0.615
3701,0,0.393347,0.182,3.688,0.58
3702,0,0.393453,0.178,3.771,0.594
3703,0,0.393559,0.169,4.024,0.612
3704,0,0.393666,0.156,4.186,0.643
3705,0,0.393772,0.177,3.798,0.598
3706,0,0.393878,0.173,3.873,0.602
3707,0,0.393984,0.187,3.617,0.579
3708,0,0.394091,0.168,4.032,0.617
3709,0,0.394197,0.243,3.57,0.554
3710,0,0.394303,0.18,3.729,0.58
3711,0,0.394410,0.196,3.496,0.553
3712,0,0.394516,0.169,3.975,0.616
3713,0,0.394622,0.164,4.097,0.633
3714,0,0.394728,0.184,3.631,0.582
3715,0,0.394835,0.21,3.338,0.527
3716,0,0.394941,0.186,3.689,0.575
3717,0,0.395047,0.194,3.538,0.554
3718,0,0.395154,0.18,3.738,0.585
3719,0,0.395260,0.197,3.458,0.551
3720,0,0.395366,0.176,3.861,0.603
3721,0,0.395472,0.176,3.868,0.602
3722,0,0.395579,0.163,4.147,0.631
3723,0,0.395685,0.205,3.216,0.528
3724,0,0.395791,0.175,3.832,0.606
3725,0,0.395898,0.197,3.434,0.548
3726,0,0.396004,0.185,3.77,0.575
3727,0,0.396110,0.177,3.82,0.599
3728,0,0.396216,0.175,3.838,0.597
3729,0,0.396323,0.17,3.988,0.615
3730,0,0.396429,0.179,3.837,0.594
3731,0,0.396535,0.165,4.055,0.623
3732,0,0.396642,0.187,3.665,0.578
3733,0,0.396748,0.169,3.929,0.611
3734,0,0.396854,0.174,3.848,0.597
3735,0,0.396960,0.185,3.719,0.578
3736,0,0.397067,0.158,4.236,0.645
3737,0,0.397173,0.178,3.767,0.6
3738,0,0.397279,0.19,3.539,0.561
3739,0,0.397385,0.196,3.54,0.553
3740,0,0.397492,0.191,3.486,0.554
3741,0,0.397598,0.19,3.557,0.564
3742,0,0.397704,0.179,3.771,0.59
3743,0,0.397811,0.175,3.847,0.604
3744,0,0.397917,0.176,3.875,0.605
3745,0,0.398023,0.165,4.086,0.631
3746,0,0.398129,0.182,3.656,0.58
3747,0,0.398236,0.165,4.179,0.638
3748,0,0.398342,0.178,3.766,0.592
3749,0,0.398448,0.164,4.131,0.631
3750,0,0.398555,0.193,3.472,0.551
3751,0,0.398661,0.164,4.074,0.628
3752,0,0.398767,0.168,4.028,0.621
3753,0,0.398873,0.164,4.057,0.628
3754,0,0.398980,0.16,4.153,0.637
3755,0,0.399086,0.165,4.035,0.622
3756,0,0.399192,0.195,3.421,0.554
3757,0,0.399299,0.177,3.781,0.587
3758,0,0.399405,0.176,3.759,0.593
3759,0,0.399511,0.188,3.592,0.57
3760,0,0.399617,0.16,4.137,0.637
3761,0,0.399724,0.189,3.616,0.568
3762,0,0.399830,0.176,3.783,0.599
3763,0,0.399936,0.19,3.664,0.582
3764,0,0.400043,0.18,3.738,0.581
3765,0,0.400149,0.203,3.234,0.525
3766,0,0.400255,0.172,3.888,0.609
3767,0,0.400361,0.168,3.99,0.619
3768,0,0.400468,0.162,4.132,0.639
3769,0,0.400574,0.17,3.916,0.611
3770,0,0.400680,0.162,4.094,0.636
3771,0,0.400786,0.179,3.807,0.597
3772,0,0.400893,0.176,3.806,0.593
3773,0,0.400999,0.189,3.529,0.562
3774,0,0.401105,0.165,4.047,0.631
3775,0,0.401212,0.166,4.028,0.625
3776,0,0.401318,0.17,3.945,0.618
3777,0,0.401424,0.188,3.547,0.567
3778,0,0.401530,0.179,3.748,0.591
3779,0,0.401637,0.175,3.878,0.604
3780,0,0.401743,0.181,3.733,0.584
3781,0,0.401849,0.17,3.908,0.609
3782,0,0.401956,0.182,3.706,0.58
3783,0,0.402062,0.173,3.876,0.602
3784,0,0.402168,0.183,3.808,0.601
3785,0,0.402274,0.163,4.084,0.63
3786,0,0.402381,0.169,4.018,0.611
3787,0,0.402487,0.19,3.607,0.559
3788,0,0.402593,0.166,4.062,0.622
3789,0,0.402700,0.172,3.877,0.606
3790,0,0.402806,0.197,3.41,0.543
3791,0,0.402912,0.177,3.816,0.595
3792,0,0.403018,0.164,4.066,0.626
3793,0,0.403125,0.187,3.611,0.571
3794,0,0.403231,0.187,3.609,0.574
3795,0,0.403337,0.191,3.529,0.569
3796,0,0.403444,0.176,3.846,0.596
3797,0,0.403550,0.182,3.694,0.588
3798,0,0.403656,0.185,3.678,0.582
3799,0,0.403762,0.175,3.87,0.602
3800,0,0.403869,0.167,4.019,0.611
3801,0,0.403975,0.162,4.127,0.636
3802,0,0.404081,0.187,3.608,0.57
3803,0,0.404187,0.176,3.84,0.6
3804,0,0.404294,0.166,4.021,0.628
3805,0,0.404400,0.184,3.67,0.573
3806,0,0.404506,0.166,3.978,0.623
3807,0,0.404613,0.177,3.815,0.591
3808,0,0.404719,0.173,3.858,0.603
3809,0,0.404825,0.18,3.695,0.58
3810,0,0.404931,0.178,4.115,0.638
3811,0,0.405038,0.174,3.813,0.601
3812,0,0.405144,0.184,3.705,0.579
3813,0,0.405250,0.178,3.737,0.588
3814,0,0.405357,0.189,3.607,0.562
3815,0,0.405463,0.171,3.965,0.613
3816,0,0.405569,0.178,3.819,0.585
3817,0,0.405675,0.185,3.656,0.581
3818,0,0.405782,0.171,3.915,0.605
3819,0,0.405888,0.182,3.64,0.584
3820,0,0.405994,0.152,4.32,0.658
3821,0,0.406101,0.186,3.701,0.572
3822,0,0.406207,0.193,3.474,0.558
3823,0,0.406313,0.165,4.09,0.628
3824,0,0.406419,0.17,3.987,0.609
3825,0,0.406526,0.148,4.412,0.669
3826,0,0.406632,0.176,3.824,0.597
3827,0,0.406738,0.191,3.502,0.559
3828,0,0.406845,0.164,4.376,0.666
3829,0,0.406951,0.178,3.771,0.589
3830,0,0.407057,0.185,3.618,0.576
3831,0,0.407163,0.169,4.039,0.61
3832,0,0.407270,0.167,3.998,0.619
3833,0,0.407376,0.162,4.101,0.639
3834,0,0.407482,0.177,3.814,0.596
3835,0,0.407588,0.171,3.965,0.612
3836,0,0.407695,0.157,4.222,0.652
3837,0,0.407801,0.186,3.672,0.577
3838,0,0.407907,0.183,3.767,0.586
3839,0,0.408014,0.184,3.735,0.579
3840,0,0.408120,0.172,3.958,0.602
3841,0,0.408226,0.172,4.037,0.614
3842,0,0.408332,0.188,3.602,0.57
3843,0,0.408439,0.17,3.965,0.616
3844,0,0.408545,0.155,4.271,0.647
3845,0,0.408651,0.161,4.143,0.637
3846,0,0.408758,0.167,4.184,0.624
3847,0,0.408864,0.162,4.116,0.627
3848,0,0.408970,0.179,3.785,0.589
3849,0,0.409076,0.171,4.016,0.61
3850,0,0.409183,0.165,4.077,0.623
3851,0,0.409289,0.163,4.136,0.625
3852,0,0.409395,0.193,3.488,0.559
3853,0,0.409502,0.188,3.655,0.565
3854,0,0.409608,0.19,3.596,0.564
3855,0,0.409714,0.189,3.564,0.561
3856,0,0.409820,0.175,3.963,0.617
3857,0,0.409927,0.176,3.855,0.599
3858,0,0.410033,0.177,3.757,0.593
3859,0,0.410139,0.179,3.744,0.582
3860,0,0.410246,0.169,4.014,0.616
3861,0,0.410352,0.173,3.945,0.607
3862,0,0.410458,0.17,3.951,0.611
3863,0,0.410564,0.171,3.944,0.608
3864,0,0.410671,0.153,4.312,0.656
3865,0,0.410777,0.196,3.465,0.551
3866,0,0.410883,0.184,3.692,0.58
3867,0,0.410989,0.189,3.55,0.569
3868,0,0.411096,0.194,3.466,0.553
3869,0,0.411202,0.174,3.847,0.605
3870,0,0.411308,0.175,3.903,0.601
3871,0,0.411415,0.177,3.761,0.588
3872,0,0.411521,0.188,3.536,0.563
3873,0,0.411627,0.171,3.89,0.607
3874,0,0.411733,0.165,4.029,0.623
3875,0,0.411840,0.176,3.841,0.601
3876,0,0.411946,0.17,3.948,0.609
3877,0,0.412052,0.176,3.834,0.599
3878,0,0.412159,0.184,3.64,0.569
3879,0,0.412265,0.152,4.329,0.659
3880,0,0.412371,0.188,3.55,0.567
3881,0,0.412477,0.148,4.374,0.667
3882,0,0.412584,0.173,3.821,0.602
3883,0,0.412690,0.155,4.275,0.647
3884,0,0.412796,0.182,3.709,0.592
3885,0,0.412903,0.174,3.905,0.602
3886,0,0.413009,0.168,3.944,0.612
3887,0,0.413115,0.165,4.063,0.621
3888,0,0.413221,0.149,4.365,0.664
3889,0,0.413328,0.165,3.978,0.622
3890,0,0.413434,0.172,3.905,0.608
3891,0,0.413540,0.157,4.232,0.645
3892,0,0.413647,0.171,3.881,0.61
3893,0,0.413753,0.17,3.98,0.618
3894,0,0.413859,0.184,3.7,0.582
3895,0,0.413965,0.185,3.614,0.575
3896,0,0.414072,0.156,4.17,0.64
3897,0,0.414178,0.207,3.286,0.522
3898,0,0.414284,0.159,4.165,0.642
3899,0,0.414390,0.177,3.813,0.598
3900,0,0.414497,0.19,3.546,0.561
3901,0,0.414603,0.202,3.32,0.534
3902,0,0.414709,0.168,3.985,0.612
3903,0,0.414816,0.152,4.391,0.653
3904,0,0.414922,0.172,3.946,0.607
3905,0,0.415028,0.185,3.669,0.577
3906,0,0.415134,0.173,3.936,0.603
3907,0,0.415241,0.163,4.065,0.631
3908,0,0.415347,0.175,3.85,0.601
3909,0,0.415453,0.192,3.482,0.553
3910,0,0.415560,0.161,4.127,0.633
3911,0,0.415666,0.18,3.745,0.59
3912,0,0.415772,0.176,3.794,0.594
3913,0,0.415878,0.178,3.797,0.6
3914,0,0.415985,0.171,3.865,0.597
3915,0,0.416091,0.166,4.001,0.618
3916,0,0.416197,0.176,3.82,0.592
3917,0,0.416304,0.185,3.655,0.57
3918,0,0.416410,0.187,3.627,0.569
3919,0,0.416516,0.202,3.319,0.529
3920,0,0.416622,0.177,3.86,0.601
3921,0,0.416729,0.18,3.763,0.59
3922,0,0.416835,0.166,3.962,0.611
3923,0,0.416941,0.165,4.0,0.621
3924,0,0.417048,0.165,4.103,0.629
3925,0,0.417154,0.169,3.959,0.611
3926,0,0.417260,0.164,4.14,0.629
3927,0,0.417366,0.158,4.23,0.644
3928,0,0.417473,0.171,3.933,0.609
3929,0,0.417579,0.184,3.698,0.571
3930,0,0.417685,0.176,3.845,0.598
3931,0,0.417791,0.176,3.78,0.599
3932,0,0.417898,0.189,3.794,0.594
3933,0,0.418004,0.165,4.001,0.631
3934,0,0.418110,0.172,3.912,0.605
3935,0,0.418217,0.176,3.863,0.601
3936,0,0.418323,0.18,3.809,0.599
3937,0,0.418429,0.196,3.425,0.551
3938,0,0.418535,0.179,3.727,0.582
3939,0,0.418642,0.19,3.483,0.559
3940,0,0.418748,0.172,3.914,0.605
3941,0,0.418854,0.188,3.584,0.571
3942,0,0.418961,0.165,4.105,0.639
3943,0,0.419067,0.165,4.051,0.629
3944,0,0.419173,0.188,3.652,0.562
3945,0,0.419279,0.177,3.826,0.6
3946,0,0.419386,0.185,3.64,0.576
3947,0,0.419492,0.162,4.172,0.637
3948,0,0.419598,0.177,3.797,0.591
3949,0,0.419705,0.204,3.217,0.524
3950,0,0.419811,0.167,3.959,0.622
3951,0,0.419917,0.171,3.931,0.617
3952,0,0.420023,0.178,3.72,0.582
3953,0,0.420130,0.153,4.246,0.648
3954,0,0.420236,0.169,3.878,0.615
3955,0,0.420342,0.165,3.9,0.618
3956,0,0.420449,0.174,3.882,0.607
3957,0,0.420555,0.165,4.028,0.624
3958,0,0.420661,0.164,4.067,0.631
3959,0,0.420767,0.176,3.888,0.604
3960,0,0.420874,0.178,3.766,0.59
3961,0,0.420980,0.16,4.13,0.632
3962,0,0.421086,0.155,4.281,0.646
3963,0,0.421192,0.186,3.68,0.569
3964,0,0.421299,0.165,4.051,0.627
3965,0,0.421405,0.172,3.889,0.608
3966,0,0.421511,0.184,3.669,0.579
3967,0,0.421618,0.177,3.774,0.595
3968,0,0.421724,0.182,3.746,0.582
3969,0,0.421830,0.181,3.689,0.582
3970,0,0.421936,0.169,3.939,0.614
3971,0,0.422043,0.171,3.99,0.614
3972,0,0.422149,0.18,3.733,0.589
3973,0,0.422255,0.169,3.946,0.618
3974,0,0.422362,0.164,4.12,0.628
3975,0,0.422468,0.165,4.086,0.623
3976,0,0.422574,0.177,3.757,0.598
3977,0,0.422680,0.167,3.999,0.624
3978,0,0.422787,0.183,3.669,0.582
3979,0,0.422893,0.183,3.709,0.581
3980,0,0.422999,0.182,3.646,0.585
3981,0,0.423106,0.182,3.773,0.584
3982,0,0.423212,0.166,4.053,0.625
3983,0,0.423318,0.182,3.746,0.587
3984,0,0.423424,0.183,3.682,0.575
3985,0,0.423531,0.15,4.393,0.664
3986,0,0.423637,0.162,4.185,0.634
3987,0,0.423743,0.177,3.745,0.591
3988,0,0.423850,0.197,3.422,0.545
3989,0,0.423956,0.16,4.104,0.639
3990,0,0.424062,0.169,3.95,0.62
3991,0,0.424168,0.184,3.674,0.573
3992,0,0.424275,0.166,4.039,0.619
3993,0,0.424381,0.179,3.76,0.59
3994,0,0.424487,0.189,3.59,0.567
3995,0,0.424593,0.165,4.0,0.621
3996,0,0.424700,0.177,3.797,0.59
3997,0,0.424806,0.165,4.033,0.627
3998,0,0.424912,0.17,3.962,0.612
3999,0,0.425019,0.165,4.046,0.626
4000,0,0.425125,0.164,4.068,0.628
4001,0,0.425231,0.185,3.668,0.578
4002,0,0.425337,0.171,3.914,0.61
4003,0,0.425444,0.173,3.888,0.602
4004,0,0.425550,0.158,4.206,0.636
4005,0,0.425656,0.144,4.509,0.68
4006,0,0.425763,0.165,4.037,0.623
4007,0,0.425869,0.168,3.988,0.615
4008,0,0.425975,0.167,4.007,0.621
4009,0,0.426081,0.185,3.618,0.573
4010,0,0.426188,0.164,4.054,0.631
4011,0,0.426294,0.172,3.924,0.607
4012,0,0.426400,0.181,3.715,0.575
4013,0,0.426507,0.16,4.164,0.627
4014,0,0.426613,0.173,3.842,0.601
4015,0,0.426719,0.171,4.012,0.611
4016,0,0.426825,0.169,4.02,0.613
4017,0,0.426932,0.173,3.875,0.596
4018,0,0.427038,0.183,3.698,0.578
4019,0,0.427144,0.17,3.942,0.613
4020,0,0.427251,0.179,3.798,0.591
4021,0,0.427357,0.18,3.751,0.592
4022,0,0.427463,0.168,3.939,0.611
4023,0,0.427569,0.159,4.193,0.649
4024,0,0.427676,0.183,3.7,0.584
4025,0,0.427782,0.184,3.649,0.578
4026,0,0.427888,0.185,3.579,0.573
4027,0,0.427994,0.199,3.301,0.541
4028,0,0.428101,0.171,3.913,0.605
4029,0,0.428207,0.178,3.782,0.585
4030,0,0.428313,0.174,3.898,0.603
4031,0,0.428420,0.176,3.828,0.595
4032,0,0.428526,0.179,3.735,0.586
4033,0,0.428632,0.158,4.216,0.648
4034,0,0.428738,0.189,3.524,0.559
4035,0,0.428845,0.158,4.159,0.64
4036,0,0.428951,0.163,4.03,0.63
4037,0,0.429057,0.17,3.96,0.611
4038,0,0.429164,0.164,4.114,0.632
4039,0,0.429270,0.183,3.757,0.581
4040,0,0.429376,0.18,3.754,0.589
4041,0,0.429482,0.173,3.97,0.605
4042,0,0.429589,0.153,4.285,0.652
4043,0,0.429695,0.156,4.247,0.652
4044,0,0.429801,0.165,4.031,0.625
4045,0,0.429908,0.187,3.612,0.57
4046,0,0.430014,0.198,3.372,0.535
4047,0,0.430120,0.165,4.029,0.621
4048,0,0.430226,0.167,4.016,0.62
4049,0,0.430333,0.178,3.75,0.59
4050,0,0.430439,0.171,3.913,0.61
4051,0,0.430545,0.144,4.454,0.677
4052,0,0.430652,0.155,4.27,0.647
4053,0,0.430758,0.168,3.987,0.617
4054,0,0.430864,0.203,3.292,0.525
4055,0,0.430970,0.155,4.229,0.644
4056,0,0.431077,0.189,3.607,0.569
4057,0,0.431183,0.188,3.578,0.562
4058,0,0.431289,0.168,3.968,0.612
4059,0,0.431395,0.166,4.114,0.62
4060,0,0.431502,0.195,3.461,0.554
4061,0,0.431608,0.172,3.869,0.602
4062,0,0.431714,0.183,3.656,0.58
4063,0,0.431821,0.17,3.955,0.611
4064,0,0.431927,0.183,3.661,0.576
4065,0,0.432033,0.178,3.814,0.585
4066,0,0.432139,0.163,4.067,0.626
4067,0,0.432246,0.168,4.054,0.627
4068,0,0.432352,0.158,4.265,0.639
4069,0,0.432458,0.175,3.839,0.601
4070,0,0.432565,0.176,3.801,0.596
4071,0,0.432671,0.175,3.846,0.596
4072,0,0.432777,0.197,3.388,0.55
4073,0,0.432883,0.191,3.483,0.558
4074,0,0.432990,0.176,3.875,0.593
4075,0,0.433096,0.164,4.091,0.618
4076,0,0.433202,0.137,4.633,0.698
4077,0,0.433309,0.173,3.875,0.603
4078,0,0.433415,0.177,3.78,0.593
4079,0,0.433521,0.187,3.569,0.569
4080,0,0.433627,0.194,3.391,0.546
4081,0,0.433734,0.177,3.811,0.589
4082,0,0.433840,0.183,3.655,0.575
4083,0,0.433946,0.19,3.549,0.562
4084,0,0.434053,0.18,3.714,0.591
4085,0,0.434159,0.182,3.736,0.585
4086,0,0.434265,0.18,3.763,0.585
4087,0,0.434371,0.167,3.99,0.618
4088,0,0.434478,0.172,3.935,0.609
4089,0,0.434584,0.18,3.634,0.588
4090,0,0.434690,0.172,3.922,0.613
4091,0,0.434796,0.163,4.021,0.628
4092,0,0.434903,0.171,3.88,0.609
4093,0,0.435009,0.146,4.486,0.664
4094,0,0.435115,0.172,3.849,0.607
4095,0,0.435222,0.17,3.952,0.612
4096,0,0.435328,0.182,3.713,0.582
4097,0,0.435434,0.174,3.872,0.601
4098,0,0.435540,0.202,3.249,0.533
4099,0,0.435647,0.188,3.562,0.575
4100,0,0.435753,0.177,3.808,0.591
4101,0,0.435859,0.179,3.741,0.588
4102,0,0.435966,0.158,4.202,0.637
4103,0,0.436072,0.173,3.878,0.602
4104,0,0.436178,0.171,3.913,0.605
4105,0,0.436284,0.172,3.917,0.607
4106,0,0.436391,0.179,3.771,0.583
4107,0,0.436497,0.165,4.089,0.627
4108,0,0.436603,0.175,3.853,0.6
4109,0,0.436710,0.162,4.1,0.63
4110,0,0.436816,0.178,3.825,0.596
4111,0,0.436922,0.167,4.003,0.619
4112,0,0.437028,0.149,4.411,0.665
4113,0,0.437135,0.195,3.412,0.545
4114,0,0.437241,0.171,3.924,0.605
4115,0,0.437347,0.168,3.944,0.609
4116,0,0.437454,0.176,3.874,0.607
4117,0,0.437560,0.163,4.092,0.631
4118,0,0.437666,0.166,4.023,0.618
4119,0,0.437772,0.189,3.552,0.554
4120,0,0.437879,0.155,4.293,0.649
4121,0,0.437985,0.165,4.031,0.619
4122,0,0.438091,0.154,4.258,0.648
4123,0,0.438197,0.166,4.02,0.619
4124,0,0.438304,0.171,3.918,0.612
4125,0,0.438410,0.181,3.691,0.584
4126,0,0.438516,0.17,3.996,0.606
4127,0,0.438623,0.184,3.625,0.575
4128,0,0.438729,0.172,3.844,0.606
4129,0,0.438835,0.184,3.668,0.574
4130,0,0.438941,0.154,4.243,0.653
4131,0,0.439048,0.183,3.692,0.58
4132,0,0.439154,0.191,3.447,0.561
4133,0,0.439260,0.167,3.982,0.62
4134,0,0.439367,0.172,3.897,0.609
4135,0,0.439473,0.171,3.957,0.608
4136,0,0.439579,0.19,3.478,0.562
4137,0,0.439685,0.177,3.76,0.595
4138,0,0.439792,0.15,4.344,0.666
4139,0,0.439898,0.18,3.677,0.585
4140,0,0.440004,0.167,3.933,0.616
4141,0,0.440111,0.184,3.588,0.581
4142,0,0.440217,0.197,3.401,0.549
4143,0,0.440323,0.193,3.41,0.559
4144,0,0.440429,0.164,4.038,0.632
4145,0,0.440536,0.176,3.817,0.6
4146,0,0.440642,0.18,3.759,0.579
4147,0,0.440748,0.168,3.93,0.611
4148,0,0.440855,0.143,4.469,0.675
4149,0,0.440961,0.165,4.064,0.624
4150,0,0.441067,0.165,4.09,0.623
4151,0,0.441173,0.192,3.49,0.549
4152,0,0.441280,0.158,4.221,0.642
4153,0,0.441386,0.155,4.273,0.64
4154,0,0.441492,0.148,4.368,0.666
4155,0,0.441598,0.188,3.626,0.567
4156,0,0.441705,0.169,3.922,0.616
4157,0,0.441811,0.165,3.956,0.622
4158,0,0.441917,0.173,3.915,0.603
4159,0,0.442024,0.167,4.032,0.614
4160,0,0.442130,0.188,3.603,0.564
4161,0,0.442236,0.169,3.985,0.614
4162,0,0.442342,0.178,3.753,0.59
4163,0,0.442449,0.171,3.916,0.608
4164,0,0.442555,0.183,3.67,0.582
4165,0,0.442661,0.172,3.909,0.609
4166,0,0.442768,0.18,3.752,0.586
4167,0,0.442874,0.153,4.267,0.653
4168,0,0.442980,0.184,3.574,0.577
4169,0,0.443086,0.159,4.132,0.64
4170,0,0.443193,0.171,3.903,0.613
4171,0,0.443299,0.172,3.842,0.606
4172,0,0.443405,0.162,4.153,0.628
4173,0,0.443512,0.171,3.929,0.614
4174,0,0.443618,0.193,3.44,0.55
4175,0,0.443724,0.169,3.923,0.618
4176,0,0.443830,0.184,3.641,0.574
4177,0,0.443937,0.16,4.133,0.636
4178,0,0.444043,0.154,4.295,0.646
4179,0,0.444149,0.19,3.547,0.554
4180,0,0.444256,0.188,3.657,0.571
4181,0,0.444362,0.174,3.831,0.603
4182,0,0.444468,0.182,3.775,0.592
4183,0,0.444574,0.174,3.892,0.601
4184,0,0.444681,0.195,3.479,0.551
4185,0,0.444787,0.152,4.353,0.656
4186,0,0.444893,0.184,3.618,0.581
4187,0,0.444999,0.165,4.06,0.627
4188,0,0.445106,0.167,3.975,0.614
4189,0,0.445212,0.18,3.727,0.587
4190,0,0.445318,0.171,3.879,0.605
4191,0,0.445425,0.166,4.032,0.618
4192,0,0.445531,0.179,3.709,0.584
4193,0,0.445637,0.191,3.499,0.564
4194,0,0.445743,0.153,4.262,0.646
4195,0,0.445850,0.19,3.501,0.558
4196,0,0.445956,0.169,3.969,0.605
4197,0,0.446062,0.206,3.179,0.52
4198,0,0.446169,0.191,3.49,0.553
4199,0,0.446275,0.165,4.035,0.632
4200,0,0.446381,0.153,4.226,0.647
4201,0,0.446487,0.163,4.098,0.632
4202,0,0.446594,0.162,4.162,0.633
4203,0,0.446700,0.176,3.751,0.596
4204,0,0.446806,0.165,3.976,0.617
4205,0,0.446913,0.154,4.2,0.647
4206,0,0.447019,0.168,3.948,0.617
4207,0,0.447125,0.182,3.667,0.579
4208,0,0.447231,0.174,3.841,0.602
4209,0,0.447338,0.181,3.699,0.585
4210,0,0.447444,0.178,3.812,0.596
4211,0,0.447550,0.182,3.661,0.582
4212,0,0.447656,0.158,4.211,0.642
4213,0,0.447763,0.174,3.853,0.601
4214,0,0.447869,0.177,3.79,0.599
4215,0,0.447975,0.168,3.954,0.616
4216,0,0.448082,0.181,3.736,0.578
4217,0,0.448188,0.166,3.978,0.617
4218,0,0.448294,0.169,3.924,0.615
4219,0,0.448400,0.152,4.274,0.653
4220,0,0.448507,0.168,3.937,0.611
4221,0,0.448613,0.169,3.923,0.608
4222,0,0.448719,0.177,3.776,0.589
4223,0,0.448826,0.18,3.756,0.583
4224,0,0.448932,0.174,3.797,0.602
4225,0,0.449038,0.149,4.34,0.662
4226,0,0.449144,0.16,4.119,0.636
4227,0,0.449251,0.183,3.619,0.578
4228,0,0.449357,0.143,4.551,0.677
4229,0,0.449463,0.205,3.305,0.539
4230,0,0.449570,0.174,3.837,0.601
4231,0,0.449676,0.199,3.331,0.531
4232,0,0.449782,0.186,3.598,0.57
4233,0,0.449888,0.175,3.822,0.601
4234,0,0.449995,0.18,3.835,0.586
4235,0,0.450101,0.162,4.038,0.63
4236,0,0.450207,0.168,3.99,0.612
4237,0,0.450314,0.188,3.572,0.563
4238,0,0.450420,0.187,3.608,0.566
4239,0,0.450526,0.155,4.208,0.647
4240,0,0.450632,0.16,4.171,0.644
4241,0,0.450739,0.174,3.834,0.603
4242,0,0.450845,0.167,4.023,0.618
4243,0,0.450951,0.181,3.714,0.582
4244,0,0.451057,0.136,4.685,0.697
4245,0,0.451164,0.171,3.883,0.612
4246,0,0.451270,0.174,3.931,0.6
4247,0,0.451376,0.188,3.547,0.565
4248,0,0.451483,0.178,3.734,0.587
4249,0,0.451589,0.178,3.741,0.584
4250,0,0.451695,0.171,3.875,0.605
4251,0,0.451801,0.194,3.428,0.55
4252,0,0.451908,0.178,3.778,0.592
4253,0,0.452014,0.186,3.589,0.571
4254,0,0.452120,0.181,3.712,0.583
4255,0,0.452227,0.17,3.943,0.611
4256,0,0.452333,0.174,3.859,0.597
4257,0,0.452439,0.175,3.868,0.601
4258,0,0.452545,0.178,3.746,0.596
4259,0,0.452652,0.188,3.528,0.56
4260,0,0.452758,0.162,4.089,0.625
4261,0,0.452864,0.186,3.619,0.579
4262,0,0.452971,0.169,3.953,0.618
4263,0,0.453077,0.177,3.768,0.59
4264,0,0.453183,0.18,3.78,0.59
4265,0,0.453289,0.156,4.211,0.647
4266,0,0.453396,0.166,4.047,0.624
4267,0,0.453502,0.183,3.653,0.577
4268,0,0.453608,0.178,3.755,0.591
4269,0,0.453715,0.195,3.426,0.548
4270,0,0.453821,0.176,3.806,0.603
4271,0,0.453927,0.15,4.353,0.661
4272,0,0.454033,0.168,3.937,0.622
4273,0,0.454140,0.168,3.964,0.619
4274,0,0.454246,0.178,3.777,0.587
4275,0,0.454352,0.186,3.6,0.573
4276,0,0.454458,0.172,3.913,0.614
4277,0,0.454565,0.163,4.109,0.63
4278,0,0.454671,0.193,3.465,0.544
4279,0,0.454777,0.176,3.843,0.593
4280,0,0.454884,0.168,3.98,0.618
4281,0,0.454990,0.175,3.813,0.599
4282,0,0.455096,0.178,3.859,0.597
4283,0,0.455202,0.174,3.904,0.601
4284,0,0.455309,0.141,4.554,0.686
4285,0,0.455415,0.178,3.776,0.597
4286,0,0.455521,0.153,4.286,0.651
4287,0,0.455628,0.186,3.646,0.572
4288,0,0.455734,0.171,3.935,0.604
4289,0,0.455840,0.162,4.122,0.626
4290,0,0.455946,0.157,4.159,0.643
4291,0,0.456053,0.187,3.595,0.564
4292,0,0.456159,0.184,3.677,0.58
4293,0,0.456265,0.187,3.569,0.569
4294,0,0.456372,0.172,3.877,0.604
4295,0,0.456478,0.186,3.644,0.577
4296,0,0.456584,0.17,3.912,0.61
4297,0,0.456690,0.176,3.819,0.599
4298,0,0.456797,0.162,4.127,0.627
4299,0,0.456903,0.174,3.817,0.604
4300,0,0.457009,0.195,3.398,0.549
4301,0,0.457116,0.189,3.851,0.589
4302,0,0.457222,0.184,3.629,0.578
4303,0,0.457328,0.177,3.761,0.59
4304,0,0.457434,0.165,3.902,0.617
4305,0,0.457541,0.206,3.47,0.549
4306,0,0.457647,0.162,4.115,0.631
4307,0,0.457753,0.177,3.771,0.596
4308,0,0.457859,0.178,3.758,0.587
4309,0,0.457966,0.17,3.967,0.613
4310,0,0.458072,0.167,4.015,0.618
4311,0,0.458178,0.176,3.812,0.602
4312,0,0.458285,0.164,4.05,0.626
4313,0,0.458391,0.167,3.982,0.616
4314,0,0.458497,0.193,3.509,0.556
4315,0,0.458603,0.158,4.192,0.638
4316,0,0.458710,0.168,4.008,0.617
4317,0,0.458816,0.18,3.73,0.58
4318,0,0.458922,0.181,3.766,0.585
4319,0,0.459029,0.173,3.871,0.604
4320,0,0.459135,0.176,3.776,0.596
4321,0,0.459241,0.167,3.979,0.619
4322,0,0.459347,0.155,4.2,0.649
4323,0,0.459454,0.159,4.253,0.642
4324,0,0.459560,0.17,3.942,0.618
4325,0,0.459666,0.16,4.136,0.639
4326,0,0.459773,0.162,4.117,0.63
4327,0,0.459879,0.168,3.982,0.621
4328,0,0.459985,0.176,3.834,0.594
4329,0,0.460091,0.155,4.302,0.642
4330,0,0.460198,0.153,4.288,0.655
4331,0,0.460304,0.193,3.455,0.551
4332,0,0.460410,0.165,3.955,0.618
4333,0,0.460517,0.179,3.749,0.582
4334,0,0.460623,0.166,3.993,0.622
4335,0,0.460729,0.176,3.835,0.603
4336,0,0.460835,0.181,3.702,0.583
4337,0,0.460942,0.155,4.307,0.653
4338,0,0.461048,0.167,4.023,0.616
4339,0,0.461154,0.164,4.055,0.626
4340,0,0.461260,0.169,3.971,0.614
4341,0,0.461367,0.165,4.02,0.621
4342,0,0.461473,0.156,4.199,0.643
4343,0,0.461579,0.182,3.674,0.578
4344,0,0.461686,0.165,4.03,0.624
4345,0,0.461792,0.174,3.859,0.602
4346,0,0.461898,0.141,4.599,0.686
4347,0,0.462004,0.172,3.856,0.604
4348,0,0.462111,0.153,4.301,0.65
4349,0,0.462217,0.165,4.099,0.626
4350,0,0.462323,0.18,3.815,0.587
4351,0,0.462430,0.177,3.804,0.599
4352,0,0.462536,0.174,3.904,0.6
4353,0,0.462642,0.176,3.804,0.599
4354,0,0.462748,0.185,3.646,0.573
4355,0,0.462855,0.18,3.665,0.574
4356,0,0.462961,0.168,3.972,0.611
4357,0,0.463067,0.158,4.231,0.641
4358,0,0.463174,0.183,3.77,0.581
4359,0,0.463280,0.183,3.655,0.58
4360,0,0.463386,0.164,4.157,0.634
4361,0,0.463492,0.166,4.1,0.625
4362,0,0.463599,0.184,3.542,0.572
4363,0,0.463705,0.144,4.499,0.674
4364,0,0.463811,0.166,3.983,0.621
4365,0,0.463918,0.165,4.095,0.633
4366,0,0.464024,0.176,3.9,0.596
4367,0,0.464130,0.153,4.26,0.643
4368,0,0.464236,0.172,3.921,0.606
4369,0,0.464343,0.166,4.055,0.624
4370,0,0.464449,0.155,4.293,0.654
4371,0,0.464555,0.148,4.462,0.668
4372,0,0.464661,0.204,3.278,0.523
4373,0,0.464768,0.21,3.969,0.622
4374,0,0.464874,0.165,4.062,0.624
4375,0,0.464980,0.176,3.777,0.592
4376,0,0.465087,0.167,4.024,0.617
4377,0,0.465193,0.148,4.368,0.663
4378,0,0.465299,0.172,3.92,0.606
4379,0,0.465405,0.179,3.722,0.587
4380,0,0.465512,0.139,4.597,0.685
4381,0,0.465618,0.157,4.195,0.644
4382,0,0.465724,0.207,3.243,0.522
4383,0,0.465831,0.195,3.425,0.547
4384,0,0.465937,0.197,3.415,0.547
4385,0,0.466043,0.17,3.941,0.612
4386,0,0.466149,0.17,3.922,0.614
4387,0,0.466256,0.195,3.445,0.55
4388,0,0.466362,0.2,3.427,0.556
4389,0,0.466468,0.157,4.189,0.644
4390,0,0.466575,0.166,4.03,0.624
4391,0,0.466681,0.179,3.822,0.602
4392,0,0.466787,0.153,4.31,0.65
4393,0,0.466893,0.148,4.381,0.664
4394,0,0.467000,0.168,3.915,0.613
4395,0,0.467106,0.17,3.922,0.613
4396,0,0.467212,0.173,3.898,0.606
4397,0,0.467319,0.188,3.515,0.565
4398,0,0.467425,0.176,3.823,0.595
4399,0,0.467531,0.167,3.941,0.62
4400,0,0.467637,0.175,3.811,0.595
4401,0,0.467744,0.171,3.961,0.609
4402,0,0.467850,0.155,4.283,0.648
4403,0,0.467956,0.145,4.473,0.669
4404,0,0.468062,0.145,4.465,0.674
4405,0,0.468169,0.169,4.026,0.61
4406,0,0.468275,0.177,3.792,0.596
4407,0,0.468381,0.168,3.962,0.616
4408,0,0.468488,0.163,4.048,0.631
4409,0,0.468594,0.147,4.429,0.663
4410,0,0.468700,0.176,3.785,0.601
4411,0,0.468806,0.176,3.863,0.599
4412,0,0.468913,0.192,3.509,0.558
4413,0,0.469019,0.165,4.033,0.622
4414,0,0.469125,0.177,3.802,0.592
4415,0,0.469232,0.188,3.57,0.567
4416,0,0.469338,0.182,3.658,0.585
4417,0,0.469444,0.188,3.58,0.566
4418,0,0.469550,0.156,4.238,0.642
4419,0,0.469657,0.205,3.204,0.523
4420,0,0.469763,0.185,3.696,0.57
4421,0,0.469869,0.171,3.949,0.614
4422,0,0.469976,0.182,3.676,0.578
4423,0,0.470082,0.181,3.709,0.584
4424,0,0.470188,0.167,3.949,0.618
4425,0,0.470294,0.16,4.204,0.635
4426,0,0.470401,0.178,3.772,0.589
4427,0,0.470507,0.164,4.029,0.619
4428,0,0.470613,0.16,4.171,0.628
4429,0,0.470720,0.184,3.632,0.577
4430,0,0.470826,0.167,4.026,0.618
4431,0,0.470932,0.156,4.221,0.645
4432,0,0.471038,0.178,3.807,0.594
4433,0,0.471145,0.199,3.387,0.544
4434,0,0.471251,0.144,4.506,0.673
4435,0,0.471357,0.179,3.762,0.589
4436,0,0.471463,0.164,4.124,0.634
4437,0,0.471570,0.166,3.973,0.618
4438,0,0.471676,0.217,4.027,0.608
4439,0,0.471782,0.171,3.934,0.618
4440,0,0.471889,0.177,3.775,0.599
4441,0,0.471995,0.18,3.782,0.588
4442,0,0.472101,0.191,3.53,0.566
4443,0,0.472207,0.173,3.876,0.61
4444,0,0.472314,0.169,3.961,0.615
4445,0,0.472420,0.159,4.145,0.641
4446,0,0.472526,0.167,4.037,0.626
4447,0,0.472633,0.182,3.756,0.586
4448,0,0.472739,0.183,3.717,0.582
4449,0,0.472845,0.174,3.868,0.608
4450,0,0.472951,0.18,3.732,0.591
4451,0,0.473058,0.197,3.398,0.548
4452,0,0.473164,0.174,3.881,0.601
4453,0,0.473270,0.159,4.204,0.643
4454,0,0.473377,0.15,4.428,0.664
4455,0,0.473483,0.185,3.58,0.57
4456,0,0.473589,0.174,3.854,0.601
4457,0,0.473695,0.172,3.893,0.601
4458,0,0.473802,0.171,3.927,0.61
4459,0,0.473908,0.174,3.841,0.602
4460,0,0.474014,0.168,4.0,0.61
4461,0,0.474121,0.174,4.011,0.62
4462,0,0.474227,0.187,3.621,0.575
4463,0,0.474333,0.18,3.774,0.593
4464,0,0.474439,0.18,3.7,0.591
4465,0,0.474546,0.187,3.673,0.569
4466,0,0.474652,0.156,4.231,0.643
4467,0,0.474758,0.181,3.701,0.58
4468,0,0.474864,0.173,3.856,0.605
4469,0,0.474971,0.167,3.953,0.614
4470,0,0.475077,0.154,4.246,0.65
4471,0,0.475183,0.177,3.76,0.587
4472,0,0.475290,0.173,3.809,0.607
4473,0,0.475396,0.172,3.875,0.604
4474,0,0.475502,0.167,4.021,0.619
4475,0,0.475608,0.171,3.965,0.612
4476,0,0.475715,0.18,3.729,0.588
4477,0,0.475821,0.159,4.221,0.635
4478,0,0.475927,0.183,3.636,0.574
4479,0,0.476034,0.152,4.322,0.657
4480,0,0.476140,0.18,3.723,0.589
4481,0,0.476246,0.176,3.864,0.601
4482,0,0.476352,0.169,3.95,0.606
4483,0,0.476459,0.201,3.537,0.56
4484,0,0.476565,0.176,3.793,0.594
4485,0,0.476671,0.165,4.012,0.62
4486,0,0.476778,0.188,3.616,0.569
4487,0,0.476884,0.138,4.616,0.693
4488,0,0.476990,0.192,3.464,0.558
4489,0,0.477096,0.176,3.818,0.598
4490,0,0.477203,0.159,4.165,0.642
4491,0,0.477309,0.178,3.737,0.583
4492,0,0.477415,0.176,3.823,0.597
4493,0,0.477522,0.17,3.917,0.609
4494,0,0.477628,0.163,4.11,0.636
4495,0,0.477734,0.209,3.645,0.56
4496,0,0.477840,0.167,4.038,0.617
4497,0,0.477947,0.178,3.818,0.589
4498,0,0.478053,0.16,4.17,0.635
4499,0,0.478159,0.176,3.807,0.595
4500,0,0.478265,0.152,4.354,0.658
4501,0,0.478372,0.182,3.686,0.58
4502,0,0.478478,0.164,4.038,0.631
4503,0,0.478584,0.167,4.002,0.615
4504,0,0.478691,0.182,3.731,0.583
4505,0,0.478797,0.162,4.149,0.631
4506,0,0.478903,0.176,3.824,0.592
4507,0,0.479009,0.165,4.067,0.622
4508,0,0.479116,0.163,4.106,0.635
4509,0,0.479222,0.18,3.75,0.587
4510,0,0.479328,0.157,4.194,0.634
4511,0,0.479435,0.183,3.658,0.583
4512,0,0.479541,0.156,4.218,0.645
4513,0,0.479647,0.17,3.951,0.61
4514,0,0.479753,0.18,3.765,0.59
4515,0,0.479860,0.137,4.669,0.692
4516,0,0.479966,0.181,3.66,0.586
4517,0,0.480072,0.173,3.928,0.606
4518,0,0.480179,0.184,3.6,0.577
4519,0,0.480285,0.176,3.806,0.598
4520,0,0.480391,0.188,3.545,0.565
4521,0,0.480497,0.184,3.649,0.566
4522,0,0.480604,0.17,3.891,0.614
4523,0,0.480710,0.179,3.707,0.584
4524,0,0.480816,0.165,4.017,0.619
4525,0,0.480923,0.182,3.67,0.58
4526,0,0.481029,0.18,3.737,0.589
4527,0,0.481135,0.162,4.097,0.634
4528,0,0.481241,0.164,4.045,0.628
4529,0,0.481348,0.186,3.585,0.57
4530,0,0.481454,0.155,4.27,0.643
4531,0,0.481560,0.174,3.874,0.602
4532,0,0.481666,0.169,3.946,0.616
4533,0,0.481773,0.182,3.666,0.583
4534,0,0.481879,0.173,3.853,0.599
4535,0,0.481985,0.153,4.314,0.653
4536,0,0.482092,0.179,3.718,0.587
4537,0,0.482198,0.156,4.163,0.643
4538,0,0.482304,0.174,3.839,0.606
4539,0,0.482410,0.164,4.101,0.63
4540,0,0.482517,0.15,4.331,0.665
4541,0,0.482623,0.153,4.276,0.65
4542,0,0.482729,0.186,3.648,0.571
4543,0,0.482836,0.162,4.094,0.631
4544,0,0.482942,0.165,4.068,0.624
4545,0,0.483048,0.178,3.79,0.596
4546,0,0.483154,0.165,4.002,0.631
4547,0,0.483261,0.199,3.306,0.54
4548,0,0.483367,0.173,3.867,0.609
4549,0,0.483473,0.173,3.876,0.608
4550,0,0.483580,0.166,4.012,0.619
4551,0,0.483686,0.168,4.029,0.613
4552,0,0.483792,0.192,3.453,0.56
4553,0,0.483898,0.18,3.67,0.582
4554,0,0.484005,0.192,3.412,0.551
4555,0,0.484111,0.169,4.018,0.615
4556,0,0.484217,0.146,4.393,0.667
4557,0,0.484324,0.171,3.96,0.611
4558,0,0.484430,0.173,3.849,0.605
4559,0,0.484536,0.197,3.603,0.569
4560,0,0.484642,0.166,3.959,0.615
4561,0,0.484749,0.169,3.967,0.609
4562,0,0.484855,0.156,4.231,0.646
4563,0,0.484961,0.184,3.633,0.575
4564,0,0.485067,0.175,3.825,0.604
4565,0,0.485174,0.194,3.53,0.552
4566,0,0.485280,0.165,4.016,0.618
4567,0,0.485386,0.164,4.063,0.629
4568,0,0.485493,0.167,3.965,0.615
4569,0,0.485599,0.195,3.374,0.552
4570,0,0.485705,0.185,3.642,0.579
4571,0,0.485811,0.152,4.334,0.662
4572,0,0.485918,0.166,3.994,0.624
4573,0,0.486024,0.178,3.773,0.595
4574,0,0.486130,0.165,3.995,0.62
4575,0,0.486237,0.181,3.67,0.585
4576,0,0.486343,0.18,3.754,0.585
4577,0,0.486449,0.176,3.807,0.593
4578,0,0.486555,0.15,4.32,0.659
4579,0,0.486662,0.167,4.032,0.626
4580,0,0.486768,0.18,3.745,0.586
4581,0,0.486874,0.185,3.652,0.58
4582,0,0.486981,0.173,3.902,0.601
4583,0,0.487087,0.17,3.928,0.61
4584,0,0.487193,0.165,4.07,0.624
4585,0,0.487299,0.165,4.0,0.62
4586,0,0.487406,0.191,3.481,0.557
4587,0,0.487512,0.166,4.042,0.618
4588,0,0.487618,0.178,3.784,0.582
4589,0,0.487725,0.17,3.938,0.616
4590,0,0.487831,0.16,4.135,0.64
4591,0,0.487937,0.176,3.803,0.596
4592,0,0.488043,0.177,3.707,0.593
4593,0,0.488150,0.171,3.893,0.614
4594,0,0.488256,0.145,4.461,0.671
4595,0,0.488362,0.184,3.687,0.576
4596,0,0.488468,0.176,3.798,0.594
4597,0,0.488575,0.153,4.288,0.656
4598,0,0.488681,0.171,3.872,0.609
4599,0,0.488787,0.186,3.545,0.568
4600,0,0.488894,0.143,4.459,0.676
4601,0,0.489000,0.15,4.416,0.66
4602,0,0.489106,0.159,4.226,0.637
4603,0,0.489212,0.166,4.071,0.629
4604,0,0.489319,0.159,4.245,0.653
4605,0,0.489425,0.178,3.748,0.588
4606,0,0.489531,0.181,3.714,0.584
4607,0,0.489638,0.18,3.71,0.593
4608,0,0.489744,0.17,3.97,0.613
4609,0,0.489850,0.175,3.766,0.602
4610,0,0.489956,0.175,3.824,0.599
4611,0,0.490063,0.183,3.607,0.578
4612,0,0.490169,0.153,4.268,0.654
4613,0,0.490275,0.167,3.92,0.616
4614,0,0.490382,0.163,4.093,0.635
4615,0,0.490488,0.185,3.582,0.575
4616,0,0.490594,0.163,4.104,0.628
4617,0,0.490700,0.143,4.578,0.684
4618,0,0.490807,0.145,4.444,0.674
4619,0,0.490913,0.163,4.141,0.63
4620,0,0.491019,0.162,4.115,0.63
4621,0,0.491126,0.174,3.854,0.595
4622,0,0.491232,0.182,3.689,0.577
4623,0,0.491338,0.167,4.032,0.622
4624,0,0.491444,0.176,3.836,0.598
4625,0,0.491551,0.184,3.622,0.576
4626,0,0.491657,0.176,3.956,0.622
4627,0,0.491763,0.178,3.725,0.587
4628,0,0.491869,0.181,3.699,0.59
4629,0,0.491976,0.171,3.952,0.606
4630,0,0.492082,0.167,4.022,0.621
4631,0,0.492188,0.161,4.103,0.632
4632,0,0.492295,0.176,3.827,0.605
4633,0,0.492401,0.164,4.096,0.632
4634,0,0.492507,0.157,4.229,0.645
4635,0,0.492613,0.165,3.997,0.626
4636,0,0.492720,0.183,3.671,0.583
4637,0,0.492826,0.179,3.802,0.589
4638,0,0.492932,0.19,3.548,0.557
4639,0,0.493039,0.178,3.747,0.592
4640,0,0.493145,0.176,3.785,0.597
4641,0,0.493251,0.169,3.982,0.61
4642,0,0.493357,0.174,3.823,0.603
4643,0,0.493464,0.158,4.123,0.638
4644,0,0.493570,0.176,3.79,0.602
4645,0,0.493676,0.174,3.883,0.6
4646,0,0.493783,0.152,4.437,0.663
4647,0,0.493889,0.165,4.111,0.628
4648,0,0.493995,0.165,4.081,0.63
4649,0,0.494101,0.174,3.973,0.602
4650,0,0.494208,0.185,3.656,0.578
4651,0,0.494314,0.171,3.941,0.609
4652,0,0.494420,0.187,3.595,0.572
4653,0,0.494527,0.174,3.842,0.606
4654,0,0.494633,0.162,4.132,0.637
4655,0,0.494739,0.166,4.07,0.622
4656,0,0.494845,0.175,3.889,0.602
4657,0,0.494952,0.162,4.092,0.633
4658,0,0.495058,0.164,4.041,0.63
4659,0,0.495164,0.158,4.205,0.649
4660,0,0.495270,0.175,3.901,0.606
4661,0,0.495377,0.165,4.086,0.631
4662,0,0.495483,0.162,4.136,0.629
4663,0,0.495589,0.161,4.151,0.636
4664,0,0.495696,0.186,3.623,0.572
4665,0,0.495802,0.17,3.913,0.614
4666,0,0.495908,0.178,3.812,0.593
4667,0,0.496014,0.177,3.758,0.592
4668,0,0.496121,0.177,3.773,0.601
4669,0,0.496227,0.197,3.36,0.541
4670,0,0.496333,0.171,3.911,0.608
4671,0,0.496440,0.173,3.849,0.603
4672,0,0.496546,0.185,3.6,0.57
4673,0,0.496652,0.167,3.969,0.619
4674,0,0.496758,0.167,3.99,0.618
4675,0,0.496865,0.144,4.5,0.68
4676,0,0.496971,0.163,4.104,0.632
4677,0,0.497077,0.176,3.779,0.598
4678,0,0.497184,0.162,4.076,0.634
4679,0,0.497290,0.168,3.959,0.618
4680,0,0.497396,0.171,3.954,0.619
4681,0,0.497502,0.159,4.148,0.636
4682,0,0.497609,0.169,3.992,0.616
4683,0,0.497715,0.167,3.985,0.621
4684,0,0.497821,0.16,4.103,0.635
4685,0,0.497928,0.192,3.491,0.555
4686,0,0.498034,0.162,4.117,0.639
4687,0,0.498140,0.159,4.17,0.64
4688,0,0.498246,0.169,3.939,0.609
4689,0,0.498353,0.173,3.901,0.609
4690,0,0.498459,0.164,4.055,0.633
4691,0,0.498565,0.166,4.017,0.623
4692,0,0.498671,0.171,3.879,0.605
4693,0,0.498778,0.171,3.898,0.606
4694,0,0.498884,0.165,4.057,0.626
4695,0,0.498990,0.157,4.151,0.634
4696,0,0.499097,0.181,3.749,0.58
4697,0,0.499203,0.17,3.973,0.613
4698,0,0.499309,0.16,4.119,0.643
4699,0,0.499415,0.168,4.001,0.613
4700,0,0.499522,0.159,4.158,0.642
4701,0,0.499628,0.16,4.124,0.638
4702,0,0.499734,0.176,3.811,0.598
4703,0,0.499841,0.165,4.061,0.626
4704,0,0.499947,0.16,4.08,0.636
4705,0,0.500053,0.188,3.585,0.567
4706,0,0.500159,0.18,3.695,0.591
4707,0,0.500266,0.155,4.254,0.646
4708,0,0.500372,0.156,4.171,0.644
4709,0,0.500478,0.181,3.652,0.576
4710,0,0.500585,0.204,3.237,0.529
4711,0,0.500691,0.198,3.409,0.54
4712,0,0.500797,0.191,3.487,0.557
4713,0,0.500903,0.164,4.118,0.624
4714,0,0.501010,0.198,3.332,0.542
4715,0,0.501116,0.154,4.286,0.652
4716,0,0.501222,0.16,4.155,0.643
4717,0,0.501329,0.177,3.83,0.602
4718,0,0.501435,0.172,3.884,0.599
4719,0,0.501541,0.165,4.006,0.615
4721,0,0.501754,0.171,3.938,0.612
4722,0,0.501860,0.177,3.766,0.596
4723,0,0.501966,0.165,4.022,0.621
4724,0,0.502072,0.178,3.745,0.591
4725,0,0.502179,0.175,3.941,0.6
4726,0,0.502285,0.187,3.613,0.569
4727,0,0.502391,0.165,4.063,0.631
4728,0,0.502498,0.152,4.338,0.656
4729,0,0.502604,0.175,3.866,0.602
4730,0,0.502710,0.172,3.87,0.604
4731,0,0.502816,0.173,3.839,0.599
4732,0,0.502923,0.176,3.818,0.6
4733,0,0.503029,0.167,3.991,0.618
4734,0,0.503135,0.159,4.091,0.633
4735,0,0.503242,0.182,3.706,0.585
4736,0,0.503348,0.175,3.84,0.601
4737,0,0.503454,0.167,3.99,0.618
4738,0,0.503560,0.159,4.132,0.642
4739,0,0.503667,0.188,3.506,0.563
4740,0,0.503773,0.166,3.964,0.624
4741,0,0.503879,0.187,3.527,0.566
4742,0,0.503986,0.167,3.981,0.617
4743,0,0.504092,0.174,3.808,0.606
4744,0,0.504198,0.158,4.171,0.643
4745,0,0.504304,0.176,3.809,0.594
4746,0,0.504411,0.188,3.624,0.563
4747,0,0.504517,0.17,3.999,0.622
4748,0,0.504623,0.16,4.172,0.646
4749,0,0.504730,0.161,4.127,0.633
4750,0,0.504836,0.153,4.312,0.656
4751,0,0.504942,0.152,4.357,0.651
4752,0,0.505048,0.156,4.317,0.647
4753,0,0.505155,0.159,4.109,0.636
4754,0,0.505261,0.168,3.95,0.616
4755,0,0.505367,0.186,3.621,0.568
4756,0,0.505473,0.171,3.925,0.608
4757,0,0.505580,0.172,3.957,0.605
4758,0,0.505686,0.172,3.881,0.61
4759,0,0.505792,0.188,3.586,0.565
4760,0,0.505899,0.178,3.796,0.596
4761,0,0.506005,0.175,3.903,0.598
4762,0,0.506111,0.163,4.09,0.628
4763,0,0.506217,0.19,3.521,0.555
4764,0,0.506324,0.17,3.898,0.605
4765,0,0.506430,0.154,4.244,0.65
4766,0,0.506536,0.153,4.338,0.654
4767,0,0.506643,0.16,4.195,0.644
4768,0,0.506749,0.174,3.853,0.607
4769,0,0.506855,0.16,4.165,0.639
4770,0,0.506961,0.179,3.747,0.59
4771,0,0.507068,0.171,3.897,0.608
4772,0,0.507174,0.174,3.88,0.606
4773,0,0.507280,0.152,4.293,0.658
4774,0,0.507387,0.179,3.776,0.589
4775,0,0.507493,0.193,3.47,0.554
4776,0,0.507599,0.148,4.408,0.667
4777,0,0.507705,0.167,3.988,0.623
4778,0,0.507812,0.158,4.155,0.641
4779,0,0.507918,0.171,3.897,0.607
4780,0,0.508024,0.158,4.191,0.647
4781,0,0.508131,0.181,3.648,0.582
4782,0,0.508237,0.143,4.531,0.676
4783,0,0.508343,0.182,3.675,0.587
4784,0,0.508449,0.177,3.796,0.595
4785,0,0.508556,0.155,4.206,0.646
4786,0,0.508662,0.183,3.676,0.584
4787,0,0.508768,0.18,3.733,0.59
4788,0,0.508874,0.165,4.002,0.626
4789,0,0.508981,0.175,3.789,0.595
4790,0,0.509087,0.164,4.091,0.63
4791,0,0.509193,0.153,4.331,0.652
4792,0,0.509300,0.167,3.943,0.616
4793,0,0.509406,0.183,3.655,0.577
4794,0,0.509512,0.186,3.629,0.575
4795,0,0.509618,0.185,3.649,0.574
4796,0,0.509725,0.163,4.086,0.629
4797,0,0.509831,0.184,3.638,0.571
4798,0,0.509937,0.17,3.941,0.606
4799,0,0.510044,0.159,4.188,0.635
4800,0,0.510150,0.18,3.742,0.585
4801,0,0.510256,0.172,3.873,0.614
4802,0,0.510362,0.178,3.745,0.596
4803,0,0.510469,0.156,4.228,0.645
4804,0,0.510575,0.162,4.058,0.631
4805,0,0.510681,0.17,3.944,0.61
4806,0,0.510788,0.178,3.705,0.59
4807,0,0.510894,0.156,4.207,0.647
4808,0,0.511000,0.173,3.853,0.602
4809,0,0.511106,0.17,3.971,0.608
4810,0,0.511213,0.181,3.721,0.582
4811,0,0.511319,0.18,3.743,0.586
4812,0,0.511425,0.168,3.885,0.618
4813,0,0.511532,0.17,3.964,0.611
4814,0,0.511638,0.166,3.955,0.619
4815,0,0.511744,0.176,3.805,0.597
4816,0,0.511850,0.165,4.124,0.634
4817,0,0.511957,0.179,3.707,0.585
4818,0,0.512063,0.176,3.884,0.595
4819,0,0.512169,0.178,3.746,0.591
4820,0,0.512275,0.174,3.836,0.602
4821,0,0.512382,0.161,4.111,0.636
4822,0,0.512488,0.177,3.78,0.595
4823,0,0.512594,0.165,4.028,0.624
4824,0,0.512701,0.179,3.728,0.591
4825,0,0.512807,0.162,4.076,0.629
4826,0,0.512913,0.171,3.895,0.608
4827,0,0.513019,0.173,3.849,0.605
4828,0,0.513126,0.191,3.541,0.561
4829,0,0.513232,0.177,3.84,0.593
4830,0,0.513338,0.179,3.738,0.588
4831,0,0.513445,0.17,3.978,0.608
4832,0,0.513551,0.168,3.892,0.615
4833,0,0.513657,0.162,4.118,0.634
4834,0,0.513763,0.189,3.55,0.561
4835,0,0.513870,0.169,4.107,0.639
4836,0,0.513976,0.17,3.962,0.61
4837,0,0.514082,0.167,3.92,0.618
4838,0,0.514189,0.163,4.038,0.627
4839,0,0.514295,0.166,3.994,0.615
4840,0,0.514401,0.175,3.881,0.6
4841,0,0.514507,0.154,4.255,0.652
4842,0,0.514614,0.188,3.54,0.566
4843,0,0.514720,0.18,3.728,0.587
4844,0,0.514826,0.166,3.986,0.627
4845,0,0.514933,0.138,4.642,0.691
4846,0,0.515039,0.169,3.974,0.616
4847,0,0.515145,0.156,4.198,0.646
4848,0,0.515251,0.141,4.533,0.683
4849,0,0.515358,0.161,4.132,0.635
4850,0,0.515464,0.174,3.768,0.606
4851,0,0.515570,0.182,3.701,0.583
4852,0,0.515676,0.177,3.752,0.595
4853,0,0.515783,0.181,3.669,0.583
4854,0,0.515889,0.159,4.216,0.643
4855,0,0.515995,0.199,3.316,0.536
4856,0,0.516102,0.167,3.976,0.619
4857,0,0.516208,0.173,3.867,0.608
4858,0,0.516314,0.17,3.926,0.615
4859,0,0.516420,0.188,3.479,0.565
4860,0,0.516527,0.165,4.001,0.62
4861,0,0.516633,0.176,3.788,0.601
4862,0,0.516739,0.167,3.959,0.618
4863,0,0.516846,0.17,3.946,0.609
4864,0,0.516952,0.18,3.785,0.595
4865,0,0.517058,0.173,3.905,0.602
4866,0,0.517164,0.167,4.031,0.61
4867,0,0.517271,0.166,3.953,0.617
4868,0,0.517377,0.157,4.202,0.646
4869,0,0.517483,0.163,4.045,0.628
4870,0,0.517590,0.176,3.758,0.59
4871,0,0.517696,0.184,3.601,0.572
4872,0,0.517802,0.178,3.729,0.593
4873,0,0.517908,0.17,4.039,0.61
4874,0,0.518015,0.165,4.022,0.618
4875,0,0.518121,0.162,4.102,0.631
4876,0,0.518227,0.158,4.192,0.646
4877,0,0.518334,0.161,4.162,0.637
4878,0,0.518440,0.156,4.193,0.642
4879,0,0.518546,0.19,3.512,0.56
4880,0,0.518652,0.168,4.073,0.616
4881,0,0.518759,0.154,4.206,0.651
4882,0,0.518865,0.165,4.029,0.629
4883,0,0.518971,0.161,4.138,0.633
4884,0,0.519077,0.172,3.87,0.61
4885,0,0.519184,0.148,4.415,0.663
4886,0,0.519290,0.163,4.101,0.633
4887,0,0.519396,0.149,4.354,0.659
4888,0,0.519503,0.164,3.998,0.632
4889,0,0.519609,0.162,4.16,0.632
4890,0,0.519715,0.166,4.014,0.619
4891,0,0.519821,0.176,3.848,0.592
4892,0,0.519928,0.188,3.623,0.574
4893,0,0.520034,0.169,3.944,0.615
4894,0,0.520140,0.171,3.893,0.606
4895,0,0.520247,0.169,4.001,0.618
4896,0,0.520353,0.182,3.63,0.574
4897,0,0.520459,0.153,4.31,0.652
4898,0,0.520565,0.163,4.08,0.633
4899,0,0.520672,0.159,4.179,0.638
4900,0,0.520778,0.18,3.732,0.581
4901,0,0.520884,0.167,4.0,0.621
4902,0,0.520991,0.178,3.733,0.593
4903,0,0.521097,0.169,3.997,0.612
4904,0,0.521203,0.18,3.723,0.588
4905,0,0.521309,0.185,3.595,0.573
4906,0,0.521416,0.183,3.667,0.584
4907,0,0.521522,0.174,3.821,0.601
4908,0,0.521628,0.166,4.062,0.615
4909,0,0.521735,0.157,4.169,0.645
4910,0,0.521841,0.164,4.095,0.629
4911,0,0.521947,0.175,3.851,0.605
4912,0,0.522053,0.164,4.041,0.625
4913,0,0.522160,0.168,3.914,0.614
4914,0,0.522266,0.179,3.717,0.584
4915,0,0.522372,0.179,3.767,0.583
4916,0,0.522478,0.171,3.883,0.607
4917,0,0.522585,0.183,3.657,0.574
4918,0,0.522691,0.167,3.934,0.619
4919,0,0.522797,0.168,3.993,0.614
4920,0,0.522904,0.151,4.34,0.656
4921,0,0.523010,0.165,4.045,0.624
4922,0,0.523116,0.186,3.637,0.578
4923,0,0.523222,0.176,3.745,0.594
4924,0,0.523329,0.167,4.004,0.62
4925,0,0.523435,0.171,3.859,0.601
4926,0,0.523541,0.171,3.925,0.607
4927,0,0.523648,0.174,3.888,0.603
4928,0,0.523754,0.151,4.35,0.659
4929,0,0.523860,0.165,3.987,0.627
4930,0,0.523966,0.163,4.116,0.628
4931,0,0.524073,0.181,3.727,0.581
4932,0,0.524179,0.169,3.96,0.61
4933,0,0.524285,0.154,4.249,0.648
4934,0,0.524392,0.157,4.184,0.64
4935,0,0.524498,0.16,4.126,0.639
4936,0,0.524604,0.177,3.806,0.595
4937,0,0.524710,0.176,3.752,0.592
4938,0,0.524817,0.177,3.763,0.595
4939,0,0.524923,0.171,3.877,0.611
4940,0,0.525029,0.18,3.742,0.593
4941,0,0.525136,0.162,4.063,0.625
4942,0,0.525242,0.16,4.164,0.632
4943,0,0.525348,0.162,4.045,0.629
4944,0,0.525454,0.176,3.826,0.604
4945,0,0.525561,0.148,4.387,0.668
4946,0,0.525667,0.165,4.109,0.618
4947,0,0.525773,0.17,3.979,0.617
4948,0,0.525879,0.156,4.201,0.645
4949,0,0.525986,0.161,4.157,0.633
4950,0,0.526092,0.181,3.675,0.589
4951,0,0.526198,0.174,3.884,0.598
4952,0,0.526305,0.154,4.242,0.645
4953,0,0.526411,0.158,4.17,0.642
4954,0,0.526517,0.172,3.879,0.607
4955,0,0.526623,0.166,4.106,0.634
4956,0,0.526730,0.164,4.023,0.623
4957,0,0.526836,0.164,4.012,0.62
4958,0,0.526942,0.173,3.885,0.605
4959,0,0.527049,0.175,3.836,0.601
4960,0,0.527155,0.156,4.209,0.651
4961,0,0.527261,0.154,4.142,0.653
4962,0,0.527367,0.177,3.742,0.597
4963,0,0.527474,0.188,3.568,0.565
4964,0,0.527580,0.185,3.599,0.572
4965,0,0.527686,0.164,4.059,0.624
4966,0,0.527793,0.162,4.08,0.63
4967,0,0.527899,0.164,4.097,0.627
4968,0,0.528005,0.182,3.678,0.573
4969,0,0.528111,0.174,3.818,0.6
4970,0,0.528218,0.182,3.691,0.578
4971,0,0.528324,0.173,3.832,0.602
4972,0,0.528430,0.157,4.235,0.647
4973,0,0.528537,0.172,4.311,0.656
4974,0,0.528643,0.181,3.72,0.58
4975,0,0.528749,0.176,3.718,0.599
4976,0,0.528855,0.168,3.987,0.614
4977,0,0.528962,0.171,3.936,0.616
4978,0,0.529068,0.167,3.974,0.613
4979,0,0.529174,0.163,4.083,0.642
4980,0,0.529280,0.174,3.823,0.604
4981,0,0.529387,0.178,3.747,0.596
4982,0,0.529493,0.176,3.825,0.598
4983,0,0.529599,0.185,3.689,0.579
4984,0,0.529706,0.163,4.177,0.635
4985,0,0.529812,0.186,3.633,0.572
4986,0,0.529918,0.162,4.075,0.64
4987,0,0.530024,0.175,3.893,0.602
4988,0,0.530131,0.179,3.755,0.597
4989,0,0.530237,0.181,3.717,0.584
4990,0,0.530343,0.16,4.199,0.642
4991,0,0.530450,0.158,4.144,0.637
4992,0,0.530556,0.172,4.01,0.614
4993,0,0.530662,0.175,3.886,0.601
4994,0,0.530768,0.159,4.205,0.646
4995,0,0.530875,0.176,3.837,0.601
4996,0,0.530981,0.18,3.758,0.588
4997,0,0.531087,0.165,4.163,0.629
4998,0,0.531194,0.175,3.884,0.602
4999,0,0.531300,0.188,3.636,0.571
5000,0,0.531406,0.176,3.842,0.597
5001,0,0.531512,0.136,4.742,0.696
5002,0,0.531619,0.16,4.156,0.634
5003,0,0.531725,0.185,3.603,0.575
5004,0,0.531831,0.17,4.005,0.609
5005,0,0.531938,0.196,3.447,0.542
5006,0,0.532044,0.176,3.811,0.597
5007,0,0.532150,0.186,3.621,0.574
5008,0,0.532256,0.158,4.192,0.641
5009,0,0.532363,0.178,3.735,0.587
5010,0,0.532469,0.167,3.985,0.623
5011,0,0.532575,0.176,3.793,0.6
5012,0,0.532681,0.174,3.906,0.601
5013,0,0.532788,0.177,3.741,0.594
5014,0,0.532894,0.166,3.988,0.617
5015,0,0.533000,0.156,4.237,0.648
5016,0,0.533107,0.18,3.919,0.604
5017,0,0.533213,0.155,4.266,0.65
5018,0,0.533319,0.175,3.835,0.602
5019,0,0.533425,0.162,4.113,0.638
5020,0,0.533532,0.173,4.318,0.667
5021,0,0.533638,0.17,3.943,0.613
5022,0,0.533744,0.176,3.764,0.597
5023,0,0.533851,0.176,3.772,0.598
5024,0,0.533957,0.175,3.851,0.599
5025,0,0.534063,0.166,3.961,0.621
5026,0,0.534169,0.196,3.369,0.547
5027,0,0.534276,0.189,3.517,0.559
5028,0,0.534382,0.166,4.063,0.621
5029,0,0.534488,0.174,3.865,0.601
5030,0,0.534595,0.167,4.031,0.613
5031,0,0.534701,0.179,3.773,0.591
5032,0,0.534807,0.166,4.014,0.622
5033,0,0.534913,0.173,3.99,0.622
5034,0,0.535020,0.166,3.994,0.621
5035,0,0.535126,0.158,4.193,0.64
5036,0,0.535232,0.184,3.711,0.578
5037,0,0.535339,0.181,3.705,0.585
5038,0,0.535445,0.18,3.7,0.587
5039,0,0.535551,0.16,4.182,0.641
5040,0,0.535657,0.164,4.026,0.629
5041,0,0.535764,0.155,4.248,0.653
5042,0,0.535870,0.178,3.792,0.595
5043,0,0.535976,0.155,4.316,0.645
5044,0,0.536082,0.162,4.135,0.632
5045,0,0.536189,0.165,4.075,0.629
5046,0,0.536295,0.189,3.551,0.561
5047,0,0.536401,0.157,4.219,0.647
5048,0,0.536508,0.165,4.016,0.631
5049,0,0.536614,0.167,4.019,0.619
5050,0,0.536720,0.174,3.874,0.601
5051,0,0.536826,0.153,4.356,0.645
5052,0,0.536933,0.186,3.579,0.571
5053,0,0.537039,0.166,4.043,0.623
5054,0,0.537145,0.169,3.929,0.614
5055,0,0.537252,0.166,3.977,0.624
5056,0,0.537358,0.182,3.764,0.588
5057,0,0.537464,0.159,4.136,0.638
5058,0,0.537570,0.178,3.808,0.587
5059,0,0.537677,0.16,4.136,0.64
5060,0,0.537783,0.17,3.994,0.612
5061,0,0.537889,0.157,4.163,0.639
5062,0,0.537996,0.166,4.016,0.619
5063,0,0.538102,0.179,3.775,0.589
5064,0,0.538208,0.156,4.247,0.648
5065,0,0.538314,0.162,4.098,0.628
5066,0,0.538421,0.156,4.222,0.647
5067,0,0.538527,0.174,3.863,0.603
5068,0,0.538633,0.165,3.992,0.623
5069,0,0.538740,0.16,4.162,0.634
5070,0,0.538846,0.177,3.765,0.593
5071,0,0.538952,0.158,4.147,0.633
5072,0,0.539058,0.189,3.707,0.578
5073,0,0.539165,0.158,4.138,0.645
5074,0,0.539271,0.177,3.823,0.592
5075,0,0.539377,0.162,4.105,0.635
5076,0,0.539483,0.165,3.971,0.617
5077,0,0.539590,0.171,3.897,0.606
5078,0,0.539696,0.172,3.901,0.609
5079,0,0.539802,0.157,4.157,0.64
5080,0,0.539909,0.159,4.153,0.635
5081,0,0.540015,0.178,3.77,0.591
5082,0,0.540121,0.168,4.018,0.616
5083,0,0.540227,0.169,4.241,0.651
5084,0,0.540334,0.172,3.881,0.61
5085,0,0.540440,0.181,3.711,0.581
5086,0,0.540546,0.175,3.873,0.592
5087,0,0.540653,0.183,3.673,0.577
5088,0,0.540759,0.149,4.385,0.663
5089,0,0.540865,0.178,3.812,0.596
5090,0,0.540971,0.165,4.007,0.623
5091,0,0.541078,0.153,4.283,0.657
5092,0,0.541184,0.164,4.127,0.629
5093,0,0.541290,0.198,3.399,0.538
5094,0,0.541397,0.176,3.803,0.594
5095,0,0.541503,0.176,3.806,0.601
5096,0,0.541609,0.171,3.887,0.609
5097,0,0.541715,0.163,4.121,0.635
5098,0,0.541822,0.163,4.088,0.63
5099,0,0.541928,0.175,3.828,0.6
5100,0,0.542034,0.178,3.712,0.595
5101,0,0.542141,0.166,4.016,0.621
5102,0,0.542247,0.165,4.061,0.621
5103,0,0.542353,0.184,3.804,0.592
5104,0,0.542459,0.127,4.927,0.719
5105,0,0.542566,0.156,4.165,0.642
5106,0,0.542672,0.162,4.125,0.63
5107,0,0.542778,0.18,3.687,0.585
5108,0,0.542884,0.161,4.156,0.637
5109,0,0.542991,0.172,3.916,0.609
5110,0,0.543097,0.149,4.449,0.664
5111,0,0.543203,0.171,3.932,0.622
5112,0,0.543310,0.167,4.04,0.619
5113,0,0.543416,0.169,3.942,0.622
5114,0,0.543522,0.182,3.727,0.586
5115,0,0.543628,0.17,3.939,0.612
5116,0,0.543735,0.151,4.431,0.667
5117,0,0.543841,0.171,3.954,0.612
5118,0,0.543947,0.163,4.124,0.63
5119,0,0.544054,0.179,3.74,0.59
5120,0,0.544160,0.169,3.996,0.613
5121,0,0.544266,0.165,4.052,0.623
5122,0,0.544372,0.141,4.601,0.682
5123,0,0.544479,0.158,4.248,0.635
5124,0,0.544585,0.173,3.948,0.606
5125,0,0.544691,0.169,3.967,0.616
5126,0,0.544798,0.18,3.703,0.59
5127,0,0.544904,0.176,3.749,0.597
5128,0,0.545010,0.173,3.921,0.604
5129,0,0.545116,0.183,3.797,0.588
5130,0,0.545223,0.175,3.927,0.612
5131,0,0.545329,0.154,4.298,0.649
5132,0,0.545435,0.165,4.051,0.62
5133,0,0.545542,0.148,4.385,0.666
5134,0,0.545648,0.153,4.313,0.656
5135,0,0.545754,0.181,3.676,0.58
5136,0,0.545860,0.162,4.096,0.635
5137,0,0.545967,0.151,4.424,0.668
5138,0,0.546073,0.17,4.006,0.616
5139,0,0.546179,0.181,3.629,0.584
5140,0,0.546285,0.173,3.858,0.599
5141,0,0.546392,0.189,3.491,0.563
5142,0,0.546498,0.179,3.701,0.583
5143,0,0.546604,0.195,3.403,0.549
5144,0,0.546711,0.165,4.017,0.626
5145,0,0.546817,0.164,4.0,0.628
5146,0,0.546923,0.176,3.818,0.6
5147,0,0.547029,0.177,3.822,0.597
5148,0,0.547136,0.175,3.841,0.6
5149,0,0.547242,0.175,3.867,0.594
5150,0,0.547348,0.192,3.515,0.554
5151,0,0.547455,0.161,4.186,0.635
5152,0,0.547561,0.161,4.129,0.633
5153,0,0.547667,0.163,4.085,0.635
5154,0,0.547773,0.179,3.752,0.591
5155,0,0.547880,0.176,3.782,0.597
5156,0,0.547986,0.175,3.822,0.598
5157,0,0.548092,0.163,4.061,0.631
5158,0,0.548199,0.167,3.973,0.616
5159,0,0.548305,0.187,3.482,0.563
5160,0,0.548411,0.165,4.047,0.62
5161,0,0.548517,0.151,4.3,0.651
5162,0,0.548624,0.153,4.266,0.65
5163,0,0.548730,0.178,3.724,0.593
5164,0,0.548836,0.186,3.627,0.58
5165,0,0.548943,0.162,4.063,0.631
5166,0,0.549049,0.174,3.918,0.61
5167,0,0.549155,0.142,4.524,0.679
5168,0,0.549261,0.182,3.681,0.582
5169,0,0.549368,0.175,3.851,0.6
5170,0,0.549474,0.171,3.9,0.616
5171,0,0.549580,0.178,3.751,0.596
5172,0,0.549686,0.176,3.83,0.596
5173,0,0.549793,0.153,4.403,0.658
5174,0,0.549899,0.169,3.938,0.61
5175,0,0.550005,0.155,4.193,0.649
5176,0,0.550112,0.153,4.212,0.647
5177,0,0.550218,0.15,4.309,0.667
5178,0,0.550324,0.165,3.994,0.62
5179,0,0.550430,0.156,4.225,0.642
5180,0,0.550537,0.171,3.894,0.606
5181,0,0.550643,0.173,3.865,0.605
5182,0,0.550749,0.174,3.865,0.6
5183,0,0.550856,0.176,3.769,0.6
5184,0,0.550962,0.157,4.227,0.641
5185,0,0.551068,0.17,3.88,0.609
5186,0,0.551174,0.156,4.193,0.644
5187,0,0.551281,0.17,3.939,0.615
5188,0,0.551387,0.153,4.346,0.647
5189,0,0.551493,0.167,4.045,0.616
5190,0,0.551600,0.154,4.237,0.645
5191,0,0.551706,0.157,4.174,0.646
5192,0,0.551812,0.162,3.992,0.643
5193,0,0.551918,0.168,4.0,0.615
5194,0,0.552025,0.17,3.968,0.61
5195,0,0.552131,0.184,3.847,0.592
5196,0,0.552237,0.172,3.896,0.599
5197,0,0.552344,0.188,3.508,0.564
5198,0,0.552450,0.164,4.127,0.635
5199,0,0.552556,0.18,3.713,0.591
5200,0,0.552662,0.182,3.671,0.585
5201,0,0.552769,0.171,3.892,0.616
5202,0,0.552875,0.16,4.177,0.64
5203,0,0.552981,0.15,4.353,0.662
5204,0,0.553087,0.14,4.64,0.693
5205,0,0.553194,0.16,4.176,0.637
5206,0,0.553300,0.168,3.963,0.614
5207,0,0.553406,0.182,3.673,0.581
5208,0,0.553513,0.18,3.772,0.596
5209,0,0.553619,0.176,3.852,0.6
5210,0,0.553725,0.155,4.295,0.653
5211,0,0.553831,0.177,3.776,0.594
5212,0,0.553938,0.173,3.871,0.606
5213,0,0.554044,0.19,3.53,0.557
5214,0,0.554150,0.181,3.702,0.579
5215,0,0.554257,0.165,4.032,0.628
5216,0,0.554363,0.177,3.819,0.597
5217,0,0.554469,0.156,4.222,0.648
5218,0,0.554575,0.155,4.3,0.652
5219,0,0.554682,0.176,3.827,0.601
5220,0,0.554788,0.154,4.28,0.655
5221,0,0.554894,0.184,3.76,0.588
5222,0,0.555001,0.17,3.936,0.61
5223,0,0.555107,0.186,3.669,0.576
5224,0,0.555213,0.161,4.127,0.63
5225,0,0.555319,0.18,3.845,0.592
5226,0,0.555426,0.187,3.604,0.57
5227,0,0.555532,0.163,4.048,0.631
5228,0,0.555638,0.181,3.682,0.586
5229,0,0.555744,0.178,3.866,0.595
5230,0,0.555851,0.169,3.96,0.616
5231,0,0.555957,0.146,4.467,0.673
5232,0,0.556063,0.161,4.117,0.63
5233,0,0.556170,0.173,3.848,0.607
5234,0,0.556276,0.164,4.149,0.628
5235,0,0.556382,0.17,3.936,0.611
5236,0,0.556488,0.163,4.115,0.633
5237,0,0.556595,0.165,4.0,0.625
5238,0,0.556701,0.159,4.178,0.643
5239,0,0.556807,0.15,4.382,0.663
5240,0,0.556914,0.176,3.769,0.599
5241,0,0.557020,0.182,3.673,0.59
5242,0,0.557126,0.15,4.415,0.663
5243,0,0.557232,0.168,3.98,0.619
5244,0,0.557339,0.163,4.111,0.632
5245,0,0.557445,0.169,3.966,0.616
5246,0,0.557551,0.172,3.878,0.611
5247,0,0.557658,0.173,3.89,0.608
5248,0,0.557764,0.168,3.928,0.616
5249,0,0.557870,0.153,4.256,0.657
5250,0,0.557976,0.157,4.275,0.643
5251,0,0.558083,0.184,3.638,0.571
5252,0,0.558189,0.181,3.681,0.582
5253,0,0.558295,0.167,4.004,0.62
5254,0,0.558402,0.168,4.012,0.619
5255,0,0.558508,0.163,4.1,0.635
5256,0,0.558614,0.153,4.281,0.654
5257,0,0.558720,0.178,3.741,0.591
5258,0,0.558827,0.176,3.788,0.598
5259,0,0.558933,0.153,4.311,0.655
5260,0,0.559039,0.178,3.882,0.597
5261,0,0.559145,0.188,3.586,0.566
5262,0,0.559252,0.162,4.142,0.637
5263,0,0.559358,0.149,4.383,0.661
5264,0,0.559464,0.163,4.089,0.629
5265,0,0.559571,0.156,4.233,0.648
5266,0,0.559677,0.149,4.403,0.674
5267,0,0.559783,0.158,4.178,0.642
5268,0,0.559889,0.176,3.781,0.598
5269,0,0.559996,0.163,4.096,0.632
5270,0,0.560102,0.155,4.208,0.648
5271,0,0.560208,0.156,4.267,0.649
5272,0,0.560315,0.167,4.078,0.622
5273,0,0.560421,0.177,3.799,0.6
5274,0,0.560527,0.162,4.196,0.632
5275,0,0.560633,0.142,4.501,0.677
5276,0,0.560740,0.157,4.202,0.649
5277,0,0.560846,0.166,4.072,0.623
5278,0,0.560952,0.189,3.56,0.569
5279,0,0.561059,0.176,3.768,0.598
5280,0,0.561165,0.165,4.14,0.63
5281,0,0.561271,0.147,4.419,0.666
5282,0,0.561377,0.166,4.001,0.618
5283,0,0.561484,0.181,3.675,0.58
5284,0,0.561590,0.184,3.615,0.579
5285,0,0.561696,0.171,3.872,0.612
5286,0,0.561803,0.167,4.101,0.619
5287,0,0.561909,0.182,3.658,0.581
5288,0,0.562015,0.174,3.796,0.605
5289,0,0.562121,0.172,3.924,0.607
5290,0,0.562228,0.162,4.061,0.628
5291,0,0.562334,0.153,4.293,0.653
5292,0,0.562440,0.163,4.077,0.625
5293,0,0.562546,0.178,3.755,0.583
5294,0,0.562653,0.167,3.966,0.618
5295,0,0.562759,0.166,4.044,0.623
5296,0,0.562865,0.165,3.999,0.621
5297,0,0.562972,0.155,4.178,0.647
5298,0,0.563078,0.165,4.061,0.622
5299,0,0.563184,0.17,3.872,0.612
5300,0,0.563290,0.176,3.817,0.592
5301,0,0.563397,0.168,3.913,0.614
5302,0,0.563503,0.175,3.905,0.609
5303,0,0.563609,0.171,3.83,0.609
5304,0,0.563716,0.172,3.899,0.605
5305,0,0.563822,0.159,4.139,0.644
5306,0,0.563928,0.142,4.534,0.681
5307,0,0.564034,0.188,3.579,0.563
5308,0,0.564141,0.17,3.945,0.614
5309,0,0.564247,0.156,4.203,0.644
5310,0,0.564353,0.165,4.064,0.622
5311,0,0.564460,0.186,3.64,0.573
5312,0,0.564566,0.174,3.864,0.6
5313,0,0.564672,0.176,3.799,0.59
5314,0,0.564778,0.167,3.965,0.618
5315,0,0.564885,0.17,3.881,0.61
5316,0,0.564991,0.167,4.037,0.622
5317,0,0.565097,0.162,4.081,0.629
5318,0,0.565204,0.187,3.625,0.572
5319,0,0.565310,0.148,4.401,0.67
5320,0,0.565416,0.15,4.327,0.654
5321,0,0.565522,0.176,4.023,0.614
5322,0,0.565629,0.162,4.065,0.634
5323,0,0.565735,0.166,3.996,0.623
5324,0,0.565841,0.155,4.226,0.651
5325,0,0.565947,0.181,3.802,0.59
5326,0,0.566054,0.155,4.186,0.64
5327,0,0.566160,0.176,3.783,0.594
5328,0,0.566266,0.177,3.819,0.595
5329,0,0.566373,0.166,4.066,0.62
5330,0,0.566479,0.139,4.612,0.69
5331,0,0.566585,0.163,4.097,0.633
5332,0,0.566691,0.16,4.182,0.636
5333,0,0.566798,0.15,4.367,0.661
5334,0,0.566904,0.158,4.176,0.647
5335,0,0.567010,0.171,3.934,0.606
5336,0,0.567117,0.177,3.845,0.599
5337,0,0.567223,0.165,4.043,0.632
5338,0,0.567329,0.177,3.787,0.6
5339,0,0.567435,0.159,4.151,0.64
5340,0,0.567542,0.182,3.663,0.579
5341,0,0.567648,0.163,4.105,0.624
5342,0,0.567754,0.173,3.842,0.599
5343,0,0.567861,0.148,4.395,0.665
5344,0,0.567967,0.186,3.62,0.577
5345,0,0.568073,0.171,3.879,0.611
5346,0,0.568179,0.167,4.036,0.615
5347,0,0.568286,0.187,3.546,0.566
5348,0,0.568392,0.174,3.879,0.604
5349,0,0.568498,0.17,3.789,0.617
5350,0,0.568605,0.152,4.359,0.66
5351,0,0.568711,0.171,3.917,0.613
5352,0,0.568817,0.168,3.985,0.618
5353,0,0.568923,0.153,4.245,0.659
5354,0,0.569030,0.184,3.663,0.579
5355,0,0.569136,0.177,3.753,0.596
5356,0,0.569242,0.178,3.755,0.592
5357,0,0.569348,0.168,4.03,0.621
5358,0,0.569455,0.148,4.37,0.667
5359,0,0.569561,0.181,3.718,0.583
5360,0,0.569667,0.153,4.257,0.652
5361,0,0.569774,0.182,3.782,0.593
5362,0,0.569880,0.149,4.324,0.662
5363,0,0.569986,0.153,4.331,0.656
5364,0,0.570092,0.187,3.568,0.57
5365,0,0.570199,0.166,3.994,0.62
5366,0,0.570305,0.181,3.676,0.581
5367,0,0.570411,0.168,3.992,0.613
5368,0,0.570518,0.173,3.91,0.606
5369,0,0.570624,0.156,4.187,0.644
5370,0,0.570730,0.167,3.971,0.622
5371,0,0.570836,0.168,3.941,0.623
5372,0,0.570943,0.163,4.354,0.661
5373,0,0.571049,0.169,3.971,0.616
5374,0,0.571155,0.171,3.984,0.606
5375,0,0.571262,0.188,3.54,0.571
5376,0,0.571368,0.179,3.712,0.588
5377,0,0.571474,0.163,4.091,0.632
5378,0,0.571580,0.178,3.878,0.589
5379,0,0.571687,0.176,3.857,0.597
5380,0,0.571793,0.178,3.785,0.593
5381,0,0.571899,0.168,3.991,0.618
5382,0,0.572006,0.176,4.055,0.616
5383,0,0.572112,0.186,3.698,0.581
5384,0,0.572218,0.173,3.913,0.602
5385,0,0.572324,0.188,3.592,0.566
5386,0,0.572431,0.164,4.054,0.63
5387,0,0.572537,0.175,3.84,0.595
5388,0,0.572643,0.157,4.195,0.649
5389,0,0.572749,0.18,3.712,0.586
5390,0,0.572856,0.165,3.997,0.625
5391,0,0.572962,0.155,4.291,0.646
5392,0,0.573068,0.158,4.173,0.645
5393,0,0.573175,0.176,3.95,0.61
5394,0,0.573281,0.152,4.304,0.658
5395,0,0.573387,0.16,4.194,0.64
5396,0,0.573493,0.165,4.101,0.627
5397,0,0.573600,0.161,4.196,0.636
5398,0,0.573706,0.153,4.386,0.657
5399,0,0.573812,0.163,4.092,0.63
5400,0,0.573919,0.166,4.036,0.624
5401,0,0.574025,0.168,3.985,0.613
5402,0,0.574131,0.189,3.511,0.562
5403,0,0.574237,0.141,4.594,0.688
5404,0,0.574344,0.187,3.599,0.573
5405,0,0.574450,0.165,4.029,0.623
5406,0,0.574556,0.172,3.891,0.611
5407,0,0.574663,0.165,4.015,0.623
5408,0,0.574769,0.17,3.978,0.617
5409,0,0.574875,0.163,4.091,0.634
5410,0,0.574981,0.182,3.714,0.589
5411,0,0.575088,0.151,4.381,0.667
5412,0,0.575194,0.162,4.082,0.636
5413,0,0.575300,0.165,4.08,0.623
5414,0,0.575407,0.154,4.216,0.646
5415,0,0.575513,0.167,4.017,0.625
5416,0,0.575619,0.181,3.677,0.584
5417,0,0.575725,0.156,4.221,0.646
5418,0,0.575832,0.164,4.091,0.634
5419,0,0.575938,0.148,4.368,0.667
5420,0,0.576044,0.16,4.129,0.639
5421,0,0.576150,0.175,3.792,0.601
5422,0,0.576257,0.142,4.497,0.687
5423,0,0.576363,0.196,3.453,0.55
5424,0,0.576469,0.166,3.945,0.617
5425,0,0.576576,0.216,3.549,0.564
5426,0,0.576682,0.188,3.623,0.568
5427,0,0.576788,0.179,3.67,0.588
5428,0,0.576894,0.166,4.03,0.622
5429,0,0.577001,0.177,3.746,0.595
5430,0,0.577107,0.152,4.303,0.654
5431,0,0.577213,0.169,3.969,0.617
5432,0,0.577320,0.169,3.985,0.623
5433,0,0.577426,0.164,4.095,0.631
5434,0,0.577532,0.151,4.337,0.659
5435,0,0.577638,0.162,4.15,0.632
5436,0,0.577745,0.143,4.589,0.677
5437,0,0.577851,0.188,3.606,0.564
5438,0,0.577957,0.159,4.247,0.643
5439,0,0.578064,0.155,4.204,0.653
5440,0,0.578170,0.169,4.02,0.614
5441,0,0.578276,0.148,4.472,0.665
5442,0,0.578382,0.15,4.332,0.661
5443,0,0.578489,0.135,4.658,0.697
5444,0,0.578595,0.171,3.99,0.615
5445,0,0.578701,0.176,3.777,0.595
5446,0,0.578808,0.181,3.703,0.584
5447,0,0.578914,0.168,3.98,0.617
5448,0,0.579020,0.178,3.757,0.589
5449,0,0.579126,0.2,3.486,0.551
5450,0,0.579233,0.169,3.937,0.616
5451,0,0.579339,0.172,3.9,0.607
5452,0,0.579445,0.169,3.943,0.615
5453,0,0.579551,0.164,4.064,0.634
5454,0,0.579658,0.184,3.686,0.579
5455,0,0.579764,0.176,3.841,0.597
5456,0,0.579870,0.193,3.465,0.556
5457,0,0.579977,0.169,3.952,0.614
5458,0,0.580083,0.188,3.593,0.567
5459,0,0.580189,0.173,3.958,0.611
5460,0,0.580295,0.166,4.032,0.617
5461,0,0.580402,0.164,4.064,0.626
5462,0,0.580508,0.143,4.493,0.679
5463,0,0.580614,0.193,3.749,0.587
5464,0,0.580721,0.165,3.992,0.624
5465,0,0.580827,0.17,3.918,0.618
5466,0,0.580933,0.164,4.083,0.629
5467,0,0.581039,0.18,3.78,0.583
5468,0,0.581146,0.179,3.77,0.586
5469,0,0.581252,0.185,3.665,0.576
5470,0,0.581358,0.167,3.985,0.622
5471,0,0.581465,0.149,4.317,0.668
5472,0,0.581571,0.178,3.786,0.589
5473,0,0.581677,0.147,4.389,0.671
5474,0,0.581783,0.175,3.83,0.606
5475,0,0.581890,0.163,4.096,0.633
5476,0,0.581996,0.159,4.147,0.645
5477,0,0.582102,0.181,3.684,0.581
5478,0,0.582209,0.166,4.027,0.624
5479,0,0.582315,0.175,3.817,0.604
5480,0,0.582421,0.157,4.265,0.641
5481,0,0.582527,0.155,4.248,0.652
5482,0,0.582634,0.165,3.993,0.623
5483,0,0.582740,0.148,4.45,0.667
5484,0,0.582846,0.151,4.336,0.661
5485,0,0.582952,0.15,4.32,0.664
5486,0,0.583059,0.19,3.577,0.588
5487,0,0.583165,0.165,4.001,0.62
5488,0,0.583271,0.148,4.393,0.666
5489,0,0.583378,0.162,4.093,0.627
5490,0,0.583484,0.165,4.114,0.629
5491,0,0.583590,0.168,3.973,0.621
5492,0,0.583696,0.168,4.015,0.616
5493,0,0.583803,0.185,3.857,0.604
5494,0,0.583909,0.172,3.86,0.602
5495,0,0.584015,0.164,4.092,0.632
5496,0,0.584122,0.185,3.637,0.571
5497,0,0.584228,0.172,3.873,0.615
5498,0,0.584334,0.176,3.818,0.602
5499,0,0.584440,0.188,3.564,0.567
5500,0,0.584547,0.171,3.937,0.616
5501,0,0.584653,0.159,4.192,0.642
5502,0,0.584759,0.133,4.692,0.701
5503,0,0.584866,0.169,3.97,0.612
5504,0,0.584972,0.162,4.085,0.63
5505,0,0.585078,0.146,4.408,0.672
5506,0,0.585184,0.166,3.988,0.622
5507,0,0.585291,0.153,4.325,0.657
5508,0,0.585397,0.151,4.332,0.665
5509,0,0.585503,0.153,4.311,0.651
5510,0,0.585610,0.155,4.266,0.647
5511,0,0.585716,0.158,4.186,0.645
5512,0,0.585822,0.156,4.239,0.648
5513,0,0.585928,0.165,4.011,0.623
5514,0,0.586035,0.174,3.886,0.614
5515,0,0.586141,0.188,3.538,0.563
5516,0,0.586247,0.174,3.81,0.602
5517,0,0.586353,0.159,3.973,0.635
5518,0,0.586460,0.18,3.716,0.58
5519,0,0.586566,0.181,3.75,0.59
5520,0,0.586672,0.171,3.946,0.612
5521,0,0.586779,0.164,4.101,0.623
5522,0,0.586885,0.166,4.016,0.625
5523,0,0.586991,0.174,3.973,0.612
5524,0,0.587097,0.171,3.932,0.61
5525,0,0.587204,0.164,4.046,0.627
5526,0,0.587310,0.18,3.762,0.59
5527,0,0.587416,0.165,4.01,0.628
5528,0,0.587523,0.147,4.445,0.667
5529,0,0.587629,0.163,4.082,0.635
5530,0,0.587735,0.168,3.997,0.616
5531,0,0.587841,0.158,4.21,0.646
5532,0,0.587948,0.207,3.365,0.551
5533,0,0.588054,0.162,4.077,0.632
5534,0,0.588160,0.161,4.188,0.641
5535,0,0.588267,0.169,3.968,0.618
5536,0,0.588373,0.173,3.867,0.605
5537,0,0.588479,0.156,4.17,0.648
5538,0,0.588585,0.18,3.746,0.586
5539,0,0.588692,0.173,3.835,0.607
5540,0,0.588798,0.175,4.198,0.635
5541,0,0.588904,0.174,3.875,0.601
5542,0,0.589011,0.149,4.379,0.666
5543,0,0.589117,0.181,3.697,0.586
5544,0,0.589223,0.166,3.993,0.623
5545,0,0.589329,0.167,4.014,0.619
5546,0,0.589436,0.157,4.284,0.647
5547,0,0.589542,0.182,3.76,0.592
5548,0,0.589648,0.181,3.716,0.588
5549,0,0.589754,0.172,3.912,0.607
5550,0,0.589861,0.187,3.629,0.574
5551,0,0.589967,0.18,3.741,0.588
5552,0,0.590073,0.158,4.203,0.65
5553,0,0.590180,0.178,3.803,0.594
5554,0,0.590286,0.184,3.649,0.579
5555,0,0.590392,0.164,4.078,0.628
5556,0,0.590498,0.182,3.74,0.591
5557,0,0.590605,0.193,3.481,0.552
5558,0,0.590711,0.15,4.33,0.666
5559,0,0.590817,0.183,3.691,0.582
5560,0,0.590924,0.167,4.036,0.613
5561,0,0.591030,0.15,4.41,0.665
5562,0,0.591136,0.148,4.418,0.671
5563,0,0.591242,0.177,3.803,0.593
5564,0,0.591349,0.153,4.323,0.654
5565,0,0.591455,0.163,4.048,0.628
5566,0,0.591561,0.176,3.88,0.598
5567,0,0.591668,0.159,4.152,0.639
5568,0,0.591774,0.188,3.592,0.571
5569,0,0.591880,0.195,3.411,0.558
5570,0,0.591986,0.173,3.857,0.599
5571,0,0.592093,0.17,3.974,0.61
5572,0,0.592199,0.155,4.351,0.653
5573,0,0.592305,0.185,3.639,0.582
5574,0,0.592412,0.17,3.933,0.615
5575,0,0.592518,0.164,4.035,0.624
5576,0,0.592624,0.154,4.299,0.655
5577,0,0.592730,0.179,3.745,0.588
5578,0,0.592837,0.151,4.48,0.662
5579,0,0.592943,0.165,4.015,0.625
5580,0,0.593049,0.165,4.08,0.623
5581,0,0.593155,0.162,4.106,0.636
5582,0,0.593262,0.153,4.262,0.649
5583,0,0.593368,0.176,3.835,0.601
5584,0,0.593474,0.158,4.188,0.641
5585,0,0.593581,0.182,3.689,0.581
5586,0,0.593687,0.162,4.099,0.636
5587,0,0.593793,0.165,4.022,0.626
5588,0,0.593899,0.152,4.327,0.656
5589,0,0.594006,0.167,3.97,0.621
5590,0,0.594112,0.163,4.101,0.632
5591,0,0.594218,0.157,4.21,0.652
5592,0,0.594325,0.167,3.913,0.617
5593,0,0.594431,0.159,4.135,0.641
5594,0,0.594537,0.136,4.636,0.694
5595,0,0.594643,0.137,4.617,0.695
5596,0,0.594750,0.162,4.174,0.652
5597,0,0.594856,0.148,4.433,0.666
5598,0,0.594962,0.153,4.341,0.657
5599,0,0.595069,0.181,3.719,0.587
5600,0,0.595175,0.142,4.535,0.679
5601,0,0.595281,0.161,4.101,0.634
5602,0,0.595387,0.166,4.001,0.62
5603,0,0.595494,0.166,4.026,0.621
5604,0,0.595600,0.173,3.89,0.605
5605,0,0.595706,0.167,4.009,0.624
5606,0,0.595813,0.162,4.084,0.632
5607,0,0.595919,0.172,3.86,0.604
5608,0,0.596025,0.165,3.981,0.619
5609,0,0.596131,0.156,4.206,0.646
5610,0,0.596238,0.173,3.851,0.604
5611,0,0.596344,0.183,3.682,0.577
5612,0,0.596450,0.164,4.086,0.628
5613,0,0.596556,0.167,3.947,0.62
5614,0,0.596663,0.16,4.115,0.638
5615,0,0.596769,0.16,4.096,0.637
5616,0,0.596875,0.163,4.114,0.636
5617,0,0.596982,0.164,4.049,0.626
5618,0,0.597088,0.155,4.2,0.651
5619,0,0.597194,0.192,3.496,0.556
5620,0,0.597300,0.191,3.543,0.56
5621,0,0.597407,0.165,4.047,0.628
5622,0,0.597513,0.177,3.734,0.589
5623,0,0.597619,0.176,3.879,0.601
5624,0,0.597726,0.164,4.071,0.628
5625,0,0.597832,0.165,4.042,0.63
5626,0,0.597938,0.181,3.718,0.587
5627,0,0.598044,0.175,3.913,0.604
5628,0,0.598151,0.165,4.108,0.631
5629,0,0.598257,0.177,3.848,0.598
5630,0,0.598363,0.173,3.894,0.605
5631,0,0.598470,0.182,3.665,0.573
5632,0,0.598576,0.18,3.692,0.587
5633,0,0.598682,0.174,3.842,0.6
5634,0,0.598788,0.176,3.772,0.589
5635,0,0.598895,0.169,3.945,0.617
5636,0,0.599001,0.157,4.186,0.647
5637,0,0.599107,0.146,4.417,0.669
5638,0,0.599214,0.165,4.001,0.621
5639,0,0.599320,0.148,4.371,0.665
5640,0,0.599426,0.182,3.627,0.578
5641,0,0.599532,0.168,4.017,0.612
5642,0,0.599639,0.165,4.063,0.626
5643,0,0.599745,0.17,3.856,0.616
5644,0,0.599851,0.154,4.28,0.653
5645,0,0.599957,0.16,4.169,0.633
5646,0,0.600064,0.175,3.835,0.6
5647,0,0.600170,0.164,4.141,0.631
5648,0,0.600276,0.141,4.572,0.683
5649,0,0.600383,0.175,3.842,0.604
5650,0,0.600489,0.16,4.092,0.639
5651,0,0.600595,0.157,4.242,0.641
5652,0,0.600701,0.168,3.982,0.621
5653,0,0.600808,0.158,4.193,0.645
5654,0,0.600914,0.172,3.819,0.608
5655,0,0.601020,0.142,4.579,0.682
5656,0,0.601127,0.157,4.269,0.645
5657,0,0.601233,0.153,4.305,0.651
5658,0,0.601339,0.165,4.052,0.62
5659,0,0.601445,0.171,3.898,0.614
5660,0,0.601552,0.148,4.484,0.673
5661,0,0.601658,0.166,4.004,0.626
5662,0,0.601764,0.18,3.771,0.601
5663,0,0.601871,0.152,4.357,0.656
5664,0,0.601977,0.153,4.329,0.653
5665,0,0.602083,0.169,3.966,0.616
5666,0,0.602189,0.177,3.698,0.59
5667,0,0.602296,0.187,3.694,0.585
5668,0,0.602402,0.145,4.531,0.674
5669,0,0.602508,0.178,3.756,0.595
5670,0,0.602615,0.186,3.602,0.574
5671,0,0.602721,0.177,3.781,0.596
5672,0,0.602827,0.176,3.742,0.6
5673,0,0.602933,0.178,3.861,0.59
5674,0,0.603040,0.168,4.004,0.62
5675,0,0.603146,0.149,4.38,0.67
5676,0,0.603252,0.21,3.745,0.581
5677,0,0.603358,0.166,4.001,0.62
5678,0,0.603465,0.152,4.33,0.656
5679,0,0.603571,0.167,3.947,0.615
5680,0,0.603677,0.182,3.75,0.581
5681,0,0.603784,0.152,4.268,0.656
5682,0,0.603890,0.166,3.976,0.618
5683,0,0.603996,0.16,4.156,0.632
5684,0,0.604102,0.169,3.983,0.621
5685,0,0.604209,0.145,4.511,0.677
5686,0,0.604315,0.152,4.298,0.654
5687,0,0.604421,0.228,3.857,0.602
5688,0,0.604528,0.171,3.995,0.619
5689,0,0.604634,0.181,3.681,0.583
5690,0,0.604740,0.163,4.093,0.637
5691,0,0.604846,0.166,4.003,0.62
5692,0,0.604953,0.16,4.19,0.639
5693,0,0.605059,0.153,4.274,0.655
5694,0,0.605165,0.165,4.082,0.626
5695,0,0.605272,0.16,4.247,0.64
5696,0,0.605378,0.174,3.931,0.607
5697,0,0.605484,0.156,4.296,0.65
5698,0,0.605590,0.149,4.408,0.668
5699,0,0.605697,0.183,3.724,0.604
5700,0,0.605803,0.166,4.016,0.625
5701,0,0.605909,0.17,3.975,0.614
5702,0,0.606016,0.166,4.036,0.63
5703,0,0.606122,0.163,4.1,0.632
5704,0,0.606228,0.165,4.085,0.634
5705,0,0.606334,0.174,3.89,0.607
5706,0,0.606441,0.174,3.915,0.605
5707,0,0.606547,0.179,3.766,0.594
5708,0,0.606653,0.174,3.872,0.598
5709,0,0.606759,0.173,4.162,0.631
5710,0,0.606866,0.178,3.792,0.6
5711,0,0.606972,0.159,4.196,0.641
5712,0,0.607078,0.176,3.831,0.597
5713,0,0.607185,0.154,4.265,0.654
5714,0,0.607291,0.166,3.981,0.623
5715,0,0.607397,0.176,3.854,0.605
5716,0,0.607503,0.167,3.999,0.62
5717,0,0.607610,0.171,3.955,0.606
5718,0,0.607716,0.175,3.8,0.6
5719,0,0.607822,0.161,4.107,0.634
5720,0,0.607929,0.153,4.325,0.651
5721,0,0.608035,0.16,4.159,0.636
5722,0,0.608141,0.179,3.715,0.583
5723,0,0.608247,0.175,3.855,0.6
5724,0,0.608354,0.164,4.119,0.63
5725,0,0.608460,0.168,3.977,0.619
5726,0,0.608566,0.163,4.077,0.628
5727,0,0.608673,0.169,3.958,0.614
5728,0,0.608779,0.164,4.073,0.629
5729,0,0.608885,0.182,3.617,0.581
5730,0,0.608991,0.192,3.499,0.56
5731,0,0.609098,0.158,4.179,0.637
5732,0,0.609204,0.18,3.671,0.59
5733,0,0.609310,0.179,3.816,0.59
5734,0,0.609417,0.153,4.289,0.653
5735,0,0.609523,0.192,3.43,0.561
5736,0,0.609629,0.185,3.618,0.577
5737,0,0.609735,0.175,3.794,0.597
5738,0,0.609842,0.173,3.87,0.599
5739,0,0.609948,0.187,3.691,0.587
5740,0,0.610054,0.172,3.867,0.608
5741,0,0.610160,0.175,3.831,0.604
5742,0,0.610267,0.18,3.768,0.593
5743,0,0.610373,0.153,4.23,0.646
5744,0,0.610479,0.182,3.616,0.582
5745,0,0.610586,0.177,3.795,0.591
5746,0,0.610692,0.176,3.753,0.598
5747,0,0.610798,0.179,3.727,0.587
5748,0,0.610904,0.171,3.941,0.625
5749,0,0.611011,0.154,4.274,0.654
5750,0,0.611117,0.17,3.962,0.621
5751,0,0.611223,0.186,3.665,0.58
5752,0,0.611330,0.181,3.694,0.59
5753,0,0.611436,0.174,3.909,0.597
5754,0,0.611542,0.156,4.241,0.65
5755,0,0.611648,0.18,3.747,0.587
5756,0,0.611755,0.162,4.105,0.63
5757,0,0.611861,0.157,4.261,0.641
5758,0,0.611967,0.169,3.91,0.612
5759,0,0.612074,0.169,3.932,0.613
5760,0,0.612180,0.167,4.036,0.612
5761,0,0.612286,0.179,3.732,0.588
5762,0,0.612392,0.149,4.4,0.662
5763,0,0.612499,0.162,4.085,0.632
5764,0,0.612605,0.186,3.683,0.578
5765,0,0.612711,0.17,3.904,0.614
5766,0,0.612818,0.147,4.405,0.672
5767,0,0.612924,0.155,4.184,0.639
5768,0,0.613030,0.175,3.805,0.593
5769,0,0.613136,0.178,3.85,0.592
5770,0,0.613243,0.158,4.207,0.641
5771,0,0.613349,0.19,3.5,0.559
5772,0,0.613455,0.166,3.962,0.621
5773,0,0.613561,0.168,3.924,0.62
5774,0,0.613668,0.172,3.875,0.609
5775,0,0.613774,0.173,3.884,0.611
5776,0,0.613880,0.165,4.048,0.626
5777,0,0.613987,0.176,3.767,0.603
5778,0,0.614093,0.2,3.692,0.578
5779,0,0.614199,0.164,4.045,0.621
5780,0,0.614305,0.165,4.01,0.624
5781,0,0.614412,0.174,3.902,0.607
5782,0,0.614518,0.143,4.476,0.674
5783,0,0.614624,0.173,3.917,0.612
5784,0,0.614731,0.165,4.081,0.626
5785,0,0.614837,0.17,3.868,0.614
5786,0,0.614943,0.155,4.265,0.649
5787,0,0.615049,0.157,4.192,0.637
5788,0,0.615156,0.157,4.2,0.649
5789,0,0.615262,0.16,4.19,0.634
5790,0,0.615368,0.171,4.083,0.619
5791,0,0.615475,0.153,4.342,0.65
5792,0,0.615581,0.162,4.162,0.64
5793,0,0.615687,0.19,3.504,0.559
5794,0,0.615793,0.172,3.885,0.61
5795,0,0.615900,0.165,4.018,0.623
5796,0,0.616006,0.155,4.269,0.657
5797,0,0.616112,0.165,4.096,0.626
5798,0,0.616219,0.174,3.841,0.607
5799,0,0.616325,0.176,3.72,0.596
5800,0,0.616431,0.153,4.264,0.658
5801,0,0.616537,0.157,4.151,0.645
5802,0,0.616644,0.16,4.117,0.637
5803,0,0.616750,0.163,4.078,0.63
5804,0,0.616856,0.153,4.297,0.654
5805,0,0.616962,0.17,3.914,0.613
5806,0,0.617069,0.169,3.977,0.617
5807,0,0.617175,0.157,4.195,0.647
5808,0,0.617281,0.176,3.793,0.598
5809,0,0.617388,0.167,4.016,0.617
5810,0,0.617494,0.187,3.615,0.574
5811,0,0.617600,0.166,3.98,0.616
5812,0,0.617706,0.171,3.871,0.609
5813,0,0.617813,0.176,3.762,0.583
5814,0,0.617919,0.172,3.92,0.611
5815,0,0.618025,0.159,4.212,0.637
5816,0,0.618132,0.13,4.858,0.715
5817,0,0.618238,0.177,3.782,0.593
5818,0,0.618344,0.164,4.025,0.625
5819,0,0.618450,0.165,4.01,0.631
5820,0,0.618557,0.178,3.769,0.591
5821,0,0.618663,0.189,3.523,0.564
5822,0,0.618769,0.188,3.568,0.568
5823,0,0.618876,0.164,4.027,0.628
5824,0,0.618982,0.166,4.017,0.626
5825,0,0.619088,0.169,3.957,0.617
5826,0,0.619194,0.184,3.7,0.579
5827,0,0.619301,0.157,4.161,0.647
5828,0,0.619407,0.162,4.089,0.629
5829,0,0.619513,0.159,4.179,0.637
5830,0,0.619620,0.158,4.174,0.641
5831,0,0.619726,0.182,3.731,0.581
5832,0,0.619832,0.191,3.56,0.564
5833,0,0.619938,0.159,4.24,0.635
5834,0,0.620045,0.171,3.904,0.61
5835,0,0.620151,0.164,4.064,0.63
5836,0,0.620257,0.146,4.425,0.669
5837,0,0.620363,0.174,3.832,0.596
5838,0,0.620470,0.173,3.902,0.605
5839,0,0.620576,0.187,3.574,0.564
5840,0,0.620682,0.177,3.799,0.588
5841,0,0.620789,0.163,4.062,0.631
5842,0,0.620895,0.166,3.981,0.624
5843,0,0.621001,0.188,3.873,0.604
5844,0,0.621107,0.206,3.364,0.551
5845,0,0.621214,0.142,4.526,0.678
5846,0,0.621320,0.143,4.478,0.682
5847,0,0.621426,0.173,3.895,0.602
5848,0,0.621533,0.15,4.362,0.668
5849,0,0.621639,0.169,4.06,0.613
5850,0,0.621745,0.172,3.946,0.612
5851,0,0.621851,0.165,4.077,0.626
5852,0,0.621958,0.151,4.31,0.667
5853,0,0.622064,0.171,3.92,0.611
5854,0,0.622170,0.17,4.015,0.614
5855,0,0.622277,0.174,3.884,0.607
5856,0,0.622383,0.173,3.877,0.612
5857,0,0.622489,0.163,4.127,0.629
5858,0,0.622595,0.165,4.042,0.629
5859,0,0.622702,0.167,4.036,0.624
5860,0,0.622808,0.187,3.61,0.568
5861,0,0.622914,0.172,3.908,0.608
5862,0,0.623021,0.158,4.162,0.635
5863,0,0.623127,0.161,4.202,0.633
5864,0,0.623233,0.172,3.916,0.602
5865,0,0.623339,0.155,4.257,0.647
5866,0,0.623446,0.173,3.874,0.607
5867,0,0.623552,0.174,3.896,0.608
5868,0,0.623658,0.169,3.97,0.613
5869,0,0.623764,0.179,3.72,0.583
5870,0,0.623871,0.178,3.733,0.588
5871,0,0.623977,0.176,3.762,0.596
5872,0,0.624083,0.149,4.398,0.663
5873,0,0.624190,0.173,3.841,0.608
5874,0,0.624296,0.158,4.126,0.638
5875,0,0.624402,0.165,4.05,0.623
5876,0,0.624508,0.162,4.181,0.628
5877,0,0.624615,0.171,3.959,0.608
5878,0,0.624721,0.171,3.872,0.612
5879,0,0.624827,0.174,3.873,0.601
5880,0,0.624934,0.162,4.127,0.63
5881,0,0.625040,0.161,4.097,0.638
5882,0,0.625146,0.166,3.917,0.615
5883,0,0.625252,0.168,3.867,0.608
5884,0,0.625359,0.16,4.134,0.643
5885,0,0.625465,0.148,4.38,0.671
5886,0,0.625571,0.173,3.847,0.604
5887,0,0.625678,0.179,3.832,0.592
5888,0,0.625784,0.182,3.714,0.587
5889,0,0.625890,0.161,4.138,0.63
5890,0,0.625996,0.154,4.201,0.648
5891,0,0.626103,0.186,3.626,0.571
5892,0,0.626209,0.154,4.231,0.647
5893,0,0.626315,0.167,4.035,0.62
5894,0,0.626422,0.167,4.045,0.624
5895,0,0.626528,0.171,3.94,0.609
5896,0,0.626634,0.151,4.369,0.659
5897,0,0.626740,0.157,4.184,0.642
5898,0,0.626847,0.176,3.787,0.604
5899,0,0.626953,0.154,4.261,0.653
5900,0,0.627059,0.154,4.234,0.646
5901,0,0.627165,0.156,4.273,0.649
5902,0,0.627272,0.183,3.651,0.586
5903,0,0.627378,0.165,4.03,0.623
5904,0,0.627484,0.156,4.223,0.646
5905,0,0.627591,0.168,3.974,0.61
5906,0,0.627697,0.165,3.92,0.635
5907,0,0.627803,0.186,3.643,0.579
5908,0,0.627909,0.154,4.233,0.647
5909,0,0.628016,0.171,3.893,0.611
5910,0,0.628122,0.16,4.144,0.642
5911,0,0.628228,0.162,4.106,0.634
5912,0,0.628335,0.15,4.337,0.667
5913,0,0.628441,0.165,4.043,0.618
5914,0,0.628547,0.162,4.086,0.636
5915,0,0.628653,0.186,3.596,0.573
5916,0,0.628760,0.152,4.332,0.652
5917,0,0.628866,0.161,4.134,0.636
5918,0,0.628972,0.188,3.578,0.564
5919,0,0.629079,0.153,4.289,0.653
5920,0,0.629185,0.145,4.448,0.67
5921,0,0.629291,0.165,3.944,0.617
5922,0,0.629397,0.186,3.79,0.587
5923,0,0.629504,0.176,3.775,0.598
5924,0,0.629610,0.155,4.273,0.645
5925,0,0.629716,0.162,4.125,0.635
5926,0,0.629823,0.153,4.243,0.654
5927,0,0.629929,0.169,3.954,0.614
5928,0,0.630035,0.163,4.075,0.633
5929,0,0.630141,0.154,4.282,0.647
5930,0,0.630248,0.168,3.999,0.618
5931,0,0.630354,0.169,3.917,0.608
5932,0,0.630460,0.153,4.282,0.656
5933,0,0.630566,0.161,4.166,0.633
5934,0,0.630673,0.137,4.638,0.694
5935,0,0.630779,0.165,4.008,0.624
5936,0,0.630885,0.167,4.002,0.616
5937,0,0.630992,0.152,4.296,0.656
5938,0,0.631098,0.18,3.74,0.583
5939,0,0.631204,0.158,4.162,0.644
5940,0,0.631310,0.186,3.63,0.571
5941,0,0.631417,0.171,3.931,0.608
5942,0,0.631523,0.17,3.856,0.612
5943,0,0.631629,0.161,4.091,0.637
5944,0,0.631736,0.148,4.36,0.66
5945,0,0.631842,0.147,4.395,0.664
5946,0,0.631948,0.145,4.393,0.672
5947,0,0.632054,0.169,3.912,0.611
5948,0,0.632161,0.151,4.306,0.666
5949,0,0.632267,0.155,4.267,0.648
5950,0,0.632373,0.167,3.974,0.616
5951,0,0.632480,0.166,3.877,0.62
5952,0,0.632586,0.175,3.837,0.599
5953,0,0.632692,0.165,4.026,0.622
5954,0,0.632798,0.16,4.116,0.635
5955,0,0.632905,0.173,3.881,0.603
5956,0,0.633011,0.176,3.833,0.592
5957,0,0.633117,0.145,4.46,0.669
5958,0,0.633224,0.149,4.338,0.661
5959,0,0.633330,0.155,4.219,0.651
5960,0,0.633436,0.169,3.946,0.614
5961,0,0.633542,0.153,4.255,0.648
5962,0,0.633649,0.156,4.232,0.649
5963,0,0.633755,0.168,3.97,0.616
5964,0,0.633861,0.167,4.034,0.619
5965,0,0.633967,0.18,3.745,0.596
5966,0,0.634074,0.166,3.966,0.62
5967,0,0.634180,0.164,4.089,0.626
5968,0,0.634286,0.159,4.129,0.647
5969,0,0.634393,0.145,4.48,0.678
5970,0,0.634499,0.157,4.189,0.643
5971,0,0.634605,0.178,3.757,0.59
5972,0,0.634711,0.161,4.158,0.637
5973,0,0.634818,0.186,3.615,0.569
5974,0,0.634924,0.165,4.016,0.624
5975,0,0.635030,0.181,3.739,0.585
5976,0,0.635137,0.163,4.096,0.632
5977,0,0.635243,0.147,4.527,0.672
5978,0,0.635349,0.17,3.928,0.612
5979,0,0.635455,0.171,3.934,0.608
5980,0,0.635562,0.18,3.705,0.585
5981,0,0.635668,0.161,4.119,0.635
5982,0,0.635774,0.156,4.219,0.643
5983,0,0.635881,0.165,3.966,0.618
5984,0,0.635987,0.17,3.944,0.609
5985,0,0.636093,0.168,4.014,0.617
5986,0,0.636199,0.174,3.878,0.611
5987,0,0.636306,0.168,3.944,0.617
5988,0,0.636412,0.162,4.051,0.635
5989,0,0.636518,0.16,4.091,0.641
5990,0,0.636625,0.174,3.811,0.604
5991,0,0.636731,0.162,4.156,0.632
5992,0,0.636837,0.164,4.077,0.627
5993,0,0.636943,0.153,4.306,0.655
5994,0,0.637050,0.167,4.049,0.621
5995,0,0.637156,0.172,3.894,0.608
5996,0,0.637262,0.163,4.078,0.625
5997,0,0.637368,0.166,4.022,0.624
5998,0,0.637475,0.167,3.972,0.623
5999,0,0.637581,0.169,3.94,0.615
6000,0,0.637687,0.141,4.54,0.679
6001,0,0.637794,0.171,3.861,0.605
6002,0,0.637900,0.174,3.851,0.603
6003,0,0.638006,0.137,4.631,0.689
6004,0,0.638112,0.157,4.24,0.639
6005,0,0.638219,0.155,4.254,0.651
6006,0,0.638325,0.167,3.966,0.626
6007,0,0.638431,0.164,4.047,0.627
6008,0,0.638538,0.161,4.115,0.638
6009,0,0.638644,0.173,3.867,0.601
6010,0,0.638750,0.169,3.946,0.614
6011,0,0.638856,0.166,3.974,0.622
6012,0,0.638963,0.158,4.2,0.639
6013,0,0.639069,0.168,3.967,0.615
6014,0,0.639175,0.15,4.329,0.659
6015,0,0.639282,0.168,3.96,0.617
6016,0,0.639388,0.161,4.115,0.628
6017,0,0.639494,0.157,4.226,0.645
6018,0,0.639600,0.153,4.307,0.649
6019,0,0.639707,0.157,4.246,0.644
6020,0,0.639813,0.144,4.485,0.67
6021,0,0.639919,0.149,4.341,0.663
6022,0,0.640026,0.161,4.149,0.634
6023,0,0.640132,0.142,4.531,0.679
6024,0,0.640238,0.18,3.714,0.589
6025,0,0.640344,0.176,3.743,0.591
6026,0,0.640451,0.16,4.136,0.631
6027,0,0.640557,0.158,4.197,0.646
6028,0,0.640663,0.177,3.727,0.588
6029,0,0.640769,0.158,4.242,0.634
6030,0,0.640876,0.151,4.35,0.656
6031,0,0.640982,0.187,3.527,0.574
6032,0,0.641088,0.161,4.089,0.64
6033,0,0.641195,0.164,4.068,0.623
6034,0,0.641301,0.144,4.442,0.676
6035,0,0.641407,0.176,3.82,0.606
6036,0,0.641513,0.158,4.124,0.64
6037,0,0.641620,0.175,3.853,0.597
6038,0,0.641726,0.161,4.184,0.631
6039,0,0.641832,0.175,3.787,0.601
6040,0,0.641939,0.131,4.731,0.711
6041,0,0.642045,0.154,4.244,0.648
6042,0,0.642151,0.136,4.641,0.7
6043,0,0.642257,0.181,3.634,0.585
6044,0,0.642364,0.151,4.324,0.661
6045,0,0.642470,0.155,4.268,0.645
6046,0,0.642576,0.164,4.156,0.636
6047,0,0.642683,0.173,3.882,0.6
6048,0,0.642789,0.182,3.719,0.579
6049,0,0.642895,0.153,4.289,0.652
6050,0,0.643001,0.185,3.662,0.575
6051,0,0.643108,0.14,4.559,0.68
6052,0,0.643214,0.147,4.388,0.668
6053,0,0.643320,0.179,3.718,0.586
6054,0,0.643427,0.153,4.211,0.659
6055,0,0.643533,0.159,4.161,0.632
6056,0,0.643639,0.181,3.68,0.583
6057,0,0.643745,0.169,3.928,0.609
6058,0,0.643852,0.162,4.145,0.637
6059,0,0.643958,0.165,4.023,0.62
6060,0,0.644064,0.153,4.265,0.655
6061,0,0.644170,0.175,3.762,0.595
6062,0,0.644277,0.161,4.134,0.639
6063,0,0.644383,0.172,3.966,0.607
6064,0,0.644489,0.176,3.797,0.599
6065,0,0.644596,0.179,3.761,0.588
6066,0,0.644702,0.153,4.259,0.654
6067,0,0.644808,0.148,4.459,0.664
6068,0,0.644914,0.173,3.83,0.606
6069,0,0.645021,0.157,4.231,0.644
6070,0,0.645127,0.182,3.696,0.585
6071,0,0.645233,0.184,3.667,0.579
6072,0,0.645340,0.173,3.884,0.608
6073,0,0.645446,0.166,3.986,0.626
6074,0,0.645552,0.165,4.041,0.625
6075,0,0.645658,0.174,3.767,0.595
6076,0,0.645765,0.158,4.143,0.641
6077,0,0.645871,0.183,3.662,0.582
6078,0,0.645977,0.16,4.134,0.634
6079,0,0.646084,0.147,4.373,0.672
6080,0,0.646190,0.153,4.267,0.651
6081,0,0.646296,0.158,4.179,0.638
6082,0,0.646402,0.16,4.159,0.632
6083,0,0.646509,0.148,4.374,0.673
6084,0,0.646615,0.179,3.764,0.59
6085,0,0.646721,0.162,4.113,0.636
6086,0,0.646828,0.168,3.934,0.616
6087,0,0.646934,0.146,4.431,0.675
6088,0,0.647040,0.16,4.07,0.635
6089,0,0.647146,0.158,4.163,0.638
6090,0,0.647253,0.14,4.607,0.696
6091,0,0.647359,0.162,4.087,0.633
6092,0,0.647465,0.169,3.922,0.612
6093,0,0.647571,0.142,4.495,0.676
6094,0,0.647678,0.16,4.148,0.636
6095,0,0.647784,0.174,3.892,0.61
6096,0,0.647890,0.174,3.869,0.598
6097,0,0.647997,0.158,4.2,0.64
6098,0,0.648103,0.16,4.079,0.635
6099,0,0.648209,0.155,4.239,0.652
6100,0,0.648315,0.164,3.993,0.626
6101,0,0.648422,0.164,4.051,0.628
6102,0,0.648528,0.142,4.543,0.676
6103,0,0.648634,0.163,4.074,0.632
6104,0,0.648741,0.16,4.16,0.638
6105,0,0.648847,0.167,3.957,0.622
6106,0,0.648953,0.174,3.854,0.603
6107,0,0.649059,0.171,3.93,0.61
6108,0,0.649166,0.165,4.132,0.63
6109,0,0.649272,0.16,4.132,0.636
6110,0,0.649378,0.153,4.272,0.652
6111,0,0.649485,0.164,4.029,0.63
6112,0,0.649591,0.173,3.99,0.598
6113,0,0.649697,0.135,4.706,0.695
6114,0,0.649803,0.153,4.266,0.656
6115,0,0.649910,0.176,3.797,0.603
6116,0,0.650016,0.164,4.1,0.623
6117,0,0.650122,0.159,4.204,0.633
6118,0,0.650229,0.173,3.866,0.607
6119,0,0.650335,0.152,4.273,0.661
6120,0,0.650441,0.167,3.932,0.616
6121,0,0.650547,0.165,4.01,0.622
6122,0,0.650654,0.16,4.167,0.643
6123,0,0.650760,0.156,4.187,0.651
6124,0,0.650866,0.161,4.152,0.633
6125,0,0.650972,0.178,3.695,0.585
6126,0,0.651079,0.168,3.955,0.611
6127,0,0.651185,0.169,3.992,0.615
6128,0,0.651291,0.176,3.776,0.6
6129,0,0.651398,0.155,4.161,0.65
6130,0,0.651504,0.178,3.747,0.589
6131,0,0.651610,0.163,4.035,0.632
6132,0,0.651716,0.17,3.903,0.612
6133,0,0.651823,0.121,5.027,0.727
6134,0,0.651929,0.149,4.386,0.667
6135,0,0.652035,0.164,4.076,0.627
6136,0,0.652142,0.15,4.355,0.661
6137,0,0.652248,0.174,3.891,0.6
6138,0,0.652354,0.175,3.831,0.607
6139,0,0.652460,0.166,3.895,0.628
6140,0,0.652567,0.162,3.98,0.627
6141,0,0.652673,0.164,4.049,0.635
6142,0,0.652779,0.167,3.972,0.612
6143,0,0.652886,0.176,3.815,0.601
6144,0,0.652992,0.171,3.925,0.61
6145,0,0.653098,0.145,4.318,0.671
6146,0,0.653204,0.172,3.81,0.603
6147,0,0.653311,0.166,4.011,0.626
6148,0,0.653417,0.155,4.22,0.649
6150,0,0.653630,0.167,4.03,0.624
6151,0,0.653736,0.172,3.936,0.613
6152,0,0.653842,0.176,3.846,0.601
6153,0,0.653948,0.174,3.894,0.602
6154,0,0.654055,0.167,4.007,0.622
6155,0,0.654161,0.176,3.82,0.599
6156,0,0.654267,0.152,4.403,0.677
6157,0,0.654373,0.15,4.425,0.67
6158,0,0.654480,0.153,4.284,0.656
6159,0,0.654586,0.162,4.084,0.632
6160,0,0.654692,0.194,3.837,0.606
6161,0,0.654799,0.173,3.945,0.606
6162,0,0.654905,0.168,3.966,0.621
6163,0,0.655011,0.175,3.768,0.601
6164,0,0.655117,0.142,4.538,0.69
6165,0,0.655224,0.16,4.105,0.645
6166,0,0.655330,0.161,4.192,0.635
6167,0,0.655436,0.165,4.081,0.624
6168,0,0.655543,0.179,3.747,0.586
6169,0,0.655649,0.185,3.609,0.579
6170,0,0.655755,0.165,4.022,0.631
6171,0,0.655861,0.173,3.908,0.607
6172,0,0.655968,0.171,3.871,0.613
6173,0,0.656074,0.154,4.294,0.653
6174,0,0.656180,0.178,3.77,0.595
6175,0,0.656287,0.176,3.777,0.602
6176,0,0.656393,0.182,3.704,0.581
6177,0,0.656499,0.156,4.229,0.651
6178,0,0.656605,0.162,4.152,0.636
6179,0,0.656712,0.146,4.42,0.67
6180,0,0.656818,0.167,4.0,0.621
6181,0,0.656924,0.154,4.239,0.649
6182,0,0.657031,0.167,4.001,0.623
6183,0,0.657137,0.158,4.149,0.639
6184,0,0.657243,0.149,4.322,0.665
6185,0,0.657349,0.163,4.111,0.631
6186,0,0.657456,0.133,4.691,0.704
6187,0,0.657562,0.156,4.232,0.65
6188,0,0.657668,0.177,3.818,0.59
6189,0,0.657774,0.151,4.363,0.663
6190,0,0.657881,0.16,4.203,0.637
6191,0,0.657987,0.144,4.533,0.677
6192,0,0.658093,0.163,4.14,0.638
6193,0,0.658200,0.163,4.118,0.633
6194,0,0.658306,0.164,4.08,0.63
6195,0,0.658412,0.162,4.165,0.639
6196,0,0.658518,0.153,4.259,0.658
6197,0,0.658625,0.17,3.981,0.611
6198,0,0.658731,0.139,4.625,0.682
6199,0,0.658837,0.189,3.599,0.568
6200,0,0.658944,0.17,3.923,0.613
6201,0,0.659050,0.167,3.988,0.621
6202,0,0.659156,0.137,4.632,0.693
6203,0,0.659262,0.156,4.238,0.652
6204,0,0.659369,0.18,3.654,0.581
6205,0,0.659475,0.163,4.115,0.627
6206,0,0.659581,0.171,3.846,0.61
6207,0,0.659688,0.18,3.709,0.584
6208,0,0.659794,0.18,3.688,0.592
6209,0,0.659900,0.176,3.758,0.599
6210,0,0.660006,0.17,3.952,0.607
6211,0,0.660113,0.188,3.593,0.57
6212,0,0.660219,0.175,3.764,0.603
6213,0,0.660325,0.168,3.985,0.615
6214,0,0.660432,0.146,4.415,0.672
6215,0,0.660538,0.142,4.542,0.683
6216,0,0.660644,0.147,4.431,0.672
6217,0,0.660750,0.175,3.869,0.593
6218,0,0.660857,0.169,3.869,0.619
6219,0,0.660963,0.15,4.413,0.668
6220,0,0.661069,0.16,4.131,0.637
6221,0,0.661175,0.18,3.702,0.586
6222,0,0.661282,0.156,4.203,0.641
6223,0,0.661388,0.173,3.863,0.604
6224,0,0.661494,0.16,4.187,0.641
6225,0,0.661601,0.174,3.89,0.604
6226,0,0.661707,0.157,4.254,0.646
6227,0,0.661813,0.164,4.114,0.625
6228,0,0.661919,0.154,4.274,0.642
6229,0,0.662026,0.17,3.96,0.613
6230,0,0.662132,0.163,4.052,0.624
6231,0,0.662238,0.16,4.149,0.632
6232,0,0.662345,0.175,3.785,0.591
6233,0,0.662451,0.176,3.736,0.589
6234,0,0.662557,0.164,4.107,0.628
6235,0,0.662663,0.161,4.121,0.633
6236,0,0.662770,0.178,3.763,0.592
6237,0,0.662876,0.159,4.092,0.634
6238,0,0.662982,0.171,3.885,0.607
6239,0,0.663089,0.165,3.981,0.621
6240,0,0.663195,0.174,3.873,0.601
6241,0,0.663301,0.152,4.366,0.657
6242,0,0.663407,0.175,3.83,0.598
6243,0,0.663514,0.165,4.12,0.633
6244,0,0.663620,0.155,4.238,0.646
6245,0,0.663726,0.156,4.202,0.638
6246,0,0.663833,0.171,3.933,0.61
6247,0,0.663939,0.151,4.356,0.657
6248,0,0.664045,0.182,3.662,0.576
6249,0,0.664151,0.169,3.965,0.609
6250,0,0.664258,0.137,4.62,0.701
6251,0,0.664364,0.17,3.874,0.617
6252,0,0.664470,0.158,4.165,0.643
6253,0,0.664576,0.174,3.785,0.602
6254,0,0.664683,0.155,4.182,0.645
6255,0,0.664789,0.128,4.794,0.716
6256,0,0.664895,0.162,4.117,0.631
6257,0,0.665002,0.156,4.193,0.648
6258,0,0.665108,0.151,4.31,0.659
6259,0,0.665214,0.168,4.014,0.614
6260,0,0.665320,0.162,4.105,0.632
6261,0,0.665427,0.169,3.978,0.613
6262,0,0.665533,0.162,4.086,0.634
6263,0,0.665639,0.165,3.967,0.629
6264,0,0.665746,0.17,3.895,0.611
6265,0,0.665852,0.164,4.056,0.629
6266,0,0.665958,0.173,3.854,0.597
6267,0,0.666064,0.178,3.72,0.585
6268,0,0.666171,0.147,4.339,0.667
6269,0,0.666277,0.177,3.765,0.591
6270,0,0.666383,0.149,4.45,0.673
6271,0,0.666490,0.15,4.325,0.663
6272,0,0.666596,0.16,4.142,0.635
6273,0,0.666702,0.161,4.089,0.632
6274,0,0.666808,0.148,4.381,0.665
6275,0,0.666915,0.165,4.031,0.632
6276,0,0.667021,0.162,4.074,0.626
6277,0,0.667127,0.176,3.785,0.596
6278,0,0.667233,0.148,4.354,0.666
6279,0,0.667340,0.156,4.297,0.657
6280,0,0.667446,0.16,4.148,0.64
6281,0,0.667552,0.163,4.094,0.629
6282,0,0.667659,0.165,4.069,0.622
6283,0,0.667765,0.164,4.063,0.629
6284,0,0.667871,0.176,4.215,0.646
6285,0,0.667977,0.156,4.235,0.644
6286,0,0.668084,0.161,4.125,0.634
6287,0,0.668190,0.153,4.304,0.657
6288,0,0.668296,0.193,3.463,0.555
6289,0,0.668403,0.165,4.034,0.622
6290,0,0.668509,0.158,4.183,0.637
6291,0,0.668615,0.156,4.201,0.647
6292,0,0.668721,0.152,4.301,0.659
6293,0,0.668828,0.14,4.527,0.688
6294,0,0.668934,0.164,4.099,0.63
6295,0,0.669040,0.163,3.997,0.631
6296,0,0.669147,0.168,3.925,0.616
6297,0,0.669253,0.186,3.576,0.572
6298,0,0.669359,0.18,3.857,0.619
6299,0,0.669465,0.185,3.548,0.58
6300,0,0.669572,0.183,3.655,0.58
6301,0,0.669678,0.168,3.936,0.62
6303,0,0.669891,0.169,3.903,0.612
6304,0,0.669997,0.159,4.138,0.644
6305,0,0.670103,0.147,4.434,0.664
6306,0,0.670209,0.149,4.378,0.664
6307,0,0.670316,0.173,3.914,0.617
6308,0,0.670422,0.168,3.966,0.615
6309,0,0.670528,0.145,4.48,0.676
6310,0,0.670634,0.165,4.009,0.619
6311,0,0.670741,0.153,4.35,0.656
6312,0,0.670847,0.145,4.498,0.676
6313,0,0.670953,0.167,3.976,0.619
6314,0,0.671060,0.17,3.948,0.624
6315,0,0.671166,0.172,3.882,0.602
6316,0,0.671272,0.148,4.458,0.672
6317,0,0.671378,0.149,4.342,0.667
6318,0,0.671485,0.17,4.098,0.629
6319,0,0.671591,0.159,4.192,0.636
6320,0,0.671697,0.161,4.112,0.634
6321,0,0.671804,0.18,3.73,0.592
6322,0,0.671910,0.167,3.942,0.615
6323,0,0.672016,0.181,3.672,0.582
6324,0,0.672122,0.171,3.882,0.611
6325,0,0.672229,0.162,4.111,0.635
6326,0,0.672335,0.149,4.385,0.661
6327,0,0.672441,0.171,3.949,0.611
6328,0,0.672548,0.167,4.025,0.623
6329,0,0.672654,0.185,3.603,0.578
6330,0,0.672760,0.141,4.559,0.689
6331,0,0.672866,0.167,3.97,0.617
6332,0,0.672973,0.165,4.053,0.629
6333,0,0.673079,0.182,3.715,0.577
6334,0,0.673185,0.154,4.266,0.649
6335,0,0.673292,0.162,4.113,0.63
6336,0,0.673398,0.156,4.224,0.65
6337,0,0.673504,0.161,4.145,0.635
6338,0,0.673610,0.167,3.938,0.617
6339,0,0.673717,0.158,4.176,0.636
6340,0,0.673823,0.134,4.625,0.7
6341,0,0.673929,0.182,3.683,0.586
6342,0,0.674035,0.16,4.136,0.639
6343,0,0.674142,0.139,4.557,0.689
6344,0,0.674248,0.153,4.281,0.654
6345,0,0.674354,0.159,4.204,0.637
6346,0,0.674461,0.164,4.022,0.622
6347,0,0.674567,0.137,4.63,0.696
6348,0,0.674673,0.156,4.203,0.651
6349,0,0.674779,0.158,4.211,0.643
6350,0,0.674886,0.163,4.147,0.631
6351,0,0.674992,0.154,4.349,0.653
6352,0,0.675098,0.157,4.239,0.641
6353,0,0.675205,0.144,4.525,0.68
6354,0,0.675311,0.155,4.199,0.648
6355,0,0.675417,0.164,4.045,0.626
6356,0,0.675523,0.178,3.753,0.595
6357,0,0.675630,0.141,4.599,0.681
6358,0,0.675736,0.165,4.034,0.619
6359,0,0.675842,0.174,3.823,0.602
6360,0,0.675949,0.154,4.291,0.652
6361,0,0.676055,0.164,4.05,0.629
6362,0,0.676161,0.16,4.121,0.635
6363,0,0.676267,0.166,4.008,0.619
6364,0,0.676374,0.174,3.891,0.599
6365,0,0.676480,0.16,4.117,0.63
6366,0,0.676586,0.161,4.063,0.634
6367,0,0.676693,0.174,3.9,0.598
6368,0,0.676799,0.184,3.642,0.576
6369,0,0.676905,0.172,3.893,0.609
6370,0,0.677011,0.165,4.036,0.619
6371,0,0.677118,0.157,4.197,0.643
6372,0,0.677224,0.166,4.052,0.626
6373,0,0.677330,0.154,4.224,0.648
6374,0,0.677436,0.18,3.79,0.589
6375,0,0.677543,0.163,4.064,0.627
6376,0,0.677649,0.17,3.866,0.606
6377,0,0.677755,0.164,4.052,0.633
6378,0,0.677862,0.164,4.08,0.626
6379,0,0.677968,0.169,3.926,0.605
6380,0,0.678074,0.166,3.967,0.622
6381,0,0.678180,0.167,4.077,0.628
6382,0,0.678287,0.165,3.965,0.624
6383,0,0.678393,0.184,3.636,0.579
6384,0,0.678499,0.169,3.99,0.615
6385,0,0.678606,0.147,4.433,0.671
6386,0,0.678712,0.169,3.926,0.615
6387,0,0.678818,0.165,3.987,0.626
6388,0,0.678924,0.154,4.28,0.652
6389,0,0.679031,0.137,4.676,0.693
6390,0,0.679137,0.177,3.793,0.589
6391,0,0.679243,0.163,4.043,0.63
6392,0,0.679350,0.182,3.683,0.576
6393,0,0.679456,0.174,3.868,0.608
6394,0,0.679562,0.175,3.785,0.602
6395,0,0.679668,0.164,4.054,0.633
6396,0,0.679775,0.181,3.672,0.583
6397,0,0.679881,0.145,4.425,0.668
6398,0,0.679987,0.148,4.4,0.668
6399,0,0.680094,0.15,4.323,0.662
6400,0,0.680200,0.153,4.34,0.648
6401,0,0.680306,0.173,3.839,0.607
6402,0,0.680412,0.165,4.029,0.633
6403,0,0.680519,0.163,4.134,0.631
6404,0,0.680625,0.173,3.887,0.604
6405,0,0.680731,0.156,4.199,0.645
6406,0,0.680837,0.177,3.71,0.595
6407,0,0.680944,0.153,4.261,0.658
6408,0,0.681050,0.176,3.759,0.601
6409,0,0.681156,0.182,3.679,0.58
6410,0,0.681263,0.161,4.131,0.636
6411,0,0.681369,0.16,4.101,0.637
6412,0,0.681475,0.144,4.461,0.682
6413,0,0.681581,0.176,4.006,0.615
6414,0,0.681688,0.153,4.282,0.658
6415,0,0.681794,0.169,3.99,0.62
6416,0,0.681900,0.157,4.173,0.65
6417,0,0.682007,0.166,3.996,0.631
6418,0,0.682113,0.176,3.822,0.597
6419,0,0.682219,0.164,4.096,0.636
6420,0,0.682325,0.161,4.104,0.63
6421,0,0.682432,0.168,3.948,0.622
6422,0,0.682538,0.165,4.054,0.622
6423,0,0.682644,0.17,3.879,0.611
6424,0,0.682751,0.132,4.83,0.713
6425,0,0.682857,0.132,4.741,0.707
6426,0,0.682963,0.16,4.184,0.634
6427,0,0.683069,0.153,4.382,0.653
6428,0,0.683176,0.169,3.983,0.619
6429,0,0.683282,0.163,4.071,0.632
6430,0,0.683388,0.16,4.161,0.639
6431,0,0.683495,0.153,4.2,0.651
6432,0,0.683601,0.133,4.838,0.716
6433,0,0.683707,0.176,3.797,0.604
6434,0,0.683813,0.151,4.397,0.661
6435,0,0.683920,0.169,3.968,0.614
6436,0,0.684026,0.165,4.036,0.623
6437,0,0.684132,0.147,4.436,0.669
6438,0,0.684238,0.167,3.988,0.612
6439,0,0.684345,0.16,4.182,0.639
6440,0,0.684451,0.153,4.301,0.653
6441,0,0.684557,0.168,3.915,0.616
6442,0,0.684664,0.152,4.316,0.657
6443,0,0.684770,0.167,3.988,0.623
6444,0,0.684876,0.161,4.107,0.638
6445,0,0.684982,0.177,3.786,0.593
6446,0,0.685089,0.155,4.29,0.647
6447,0,0.685195,0.153,4.325,0.663
6448,0,0.685301,0.167,3.98,0.625
6449,0,0.685408,0.186,3.546,0.572
6450,0,0.685514,0.146,4.488,0.668
6451,0,0.685620,0.151,4.302,0.655
6452,0,0.685726,0.17,3.92,0.605
6453,0,0.685833,0.166,4.019,0.613
6454,0,0.685939,0.16,4.114,0.63
6455,0,0.686045,0.173,3.87,0.609
6456,0,0.686152,0.172,3.906,0.607
6457,0,0.686258,0.161,4.079,0.636
6458,0,0.686364,0.163,4.073,0.632
6459,0,0.686470,0.154,4.304,0.664
6460,0,0.686577,0.175,3.861,0.602
6461,0,0.686683,0.178,3.705,0.594
6462,0,0.686789,0.154,4.251,0.649
6463,0,0.686896,0.173,3.88,0.603
6464,0,0.687002,0.175,3.825,0.602
6465,0,0.687108,0.183,3.67,0.573
6466,0,0.687214,0.146,4.401,0.666
6467,0,0.687321,0.152,4.291,0.659
6468,0,0.687427,0.179,3.755,0.587
6469,0,0.687533,0.165,4.05,0.62
6470,0,0.687639,0.164,4.053,0.622
6471,0,0.687746,0.165,4.049,0.621
6472,0,0.687852,0.147,4.421,0.666
6473,0,0.687958,0.171,3.921,0.614
6474,0,0.688065,0.176,3.816,0.603
6475,0,0.688171,0.165,4.084,0.625
6476,0,0.688277,0.153,4.28,0.651
6477,0,0.688383,0.164,4.042,0.63
6478,0,0.688490,0.176,3.802,0.597
6479,0,0.688596,0.181,3.671,0.583
6480,0,0.688702,0.142,4.506,0.685
6481,0,0.688809,0.151,4.316,0.654
6482,0,0.688915,0.161,4.12,0.64
6483,0,0.689021,0.139,4.618,0.683
6484,0,0.689127,0.151,4.348,0.658
6485,0,0.689234,0.16,4.115,0.641
6486,0,0.689340,0.161,4.108,0.635
6487,0,0.689446,0.157,4.198,0.647
6488,0,0.689553,0.149,4.383,0.663
6489,0,0.689659,0.153,4.217,0.653
6490,0,0.689765,0.159,4.204,0.638
6491,0,0.689871,0.153,4.281,0.658
6492,0,0.689978,0.145,4.488,0.672
6493,0,0.690084,0.188,3.542,0.561
6494,0,0.690190,0.151,4.267,0.655
6495,0,0.690297,0.156,4.19,0.645
6496,0,0.690403,0.178,3.749,0.593
6497,0,0.690509,0.165,3.95,0.625
6498,0,0.690615,0.164,4.104,0.63
6499,0,0.690722,0.17,3.973,0.609
6500,0,0.690828,0.151,4.347,0.661
6501,0,0.690934,0.161,4.159,0.639
6502,0,0.691040,0.15,4.319,0.661
6503,0,0.691147,0.177,3.733,0.587
6504,0,0.691253,0.153,4.241,0.645
6505,0,0.691359,0.156,4.219,0.648
6506,0,0.691466,0.166,4.086,0.621
6507,0,0.691572,0.17,3.951,0.608
6508,0,0.691678,0.16,4.092,0.638
6509,0,0.691784,0.167,3.986,0.617
6510,0,0.691891,0.157,4.189,0.645
6511,0,0.691997,0.164,4.046,0.624
6512,0,0.692103,0.18,3.724,0.588
6513,0,0.692210,0.164,4.058,0.625
6514,0,0.692316,0.165,4.069,0.625
6515,0,0.692422,0.166,4.032,0.615
6516,0,0.692528,0.177,3.747,0.593
6517,0,0.692635,0.166,4.009,0.619
6518,0,0.692741,0.152,4.278,0.66
6519,0,0.692847,0.181,3.685,0.587
6520,0,0.692954,0.167,3.928,0.612
6521,0,0.693060,0.162,4.056,0.634
6522,0,0.693166,0.166,3.995,0.617
6523,0,0.693272,0.158,4.174,0.645
6524,0,0.693379,0.159,4.125,0.638
6525,0,0.693485,0.15,4.321,0.662
6526,0,0.693591,0.172,3.93,0.614
6527,0,0.693698,0.186,3.554,0.566
6528,0,0.693804,0.174,3.819,0.601
6529,0,0.693910,0.148,4.377,0.67
6530,0,0.694016,0.16,4.136,0.644
6531,0,0.694123,0.174,3.851,0.606
6532,0,0.694229,0.167,3.975,0.617
6533,0,0.694335,0.167,3.904,0.616
6534,0,0.694441,0.161,4.088,0.636
6535,0,0.694548,0.156,4.218,0.644
6536,0,0.694654,0.174,3.802,0.601
6537,0,0.694760,0.176,3.829,0.597
6538,0,0.694867,0.158,4.159,0.647
6539,0,0.694973,0.148,4.407,0.665
6540,0,0.695079,0.157,4.239,0.646
6541,0,0.695185,0.158,4.133,0.639
6542,0,0.695292,0.157,4.177,0.647
6543,0,0.695398,0.167,3.98,0.618
6544,0,0.695504,0.156,4.255,0.644
6545,0,0.695611,0.146,4.453,0.67
6546,0,0.695717,0.177,3.776,0.591
6547,0,0.695823,0.159,4.191,0.641
6548,0,0.695929,0.146,4.455,0.672
6549,0,0.696036,0.176,3.766,0.593
6550,0,0.696142,0.16,4.157,0.639
6551,0,0.696248,0.175,3.811,0.599
6552,0,0.696355,0.142,4.56,0.682
6553,0,0.696461,0.143,4.499,0.679
6554,0,0.696567,0.16,4.157,0.637
6555,0,0.696673,0.158,4.174,0.64
6556,0,0.696780,0.161,4.066,0.631
6557,0,0.696886,0.156,4.165,0.646
6558,0,0.696992,0.162,4.091,0.634
6559,0,0.697099,0.154,4.258,0.647
6560,0,0.697205,0.156,4.289,0.649
6561,0,0.697311,0.165,4.013,0.624
6562,0,0.697417,0.158,4.162,0.643
6563,0,0.697524,0.161,4.064,0.63
6564,0,0.697630,0.145,4.463,0.678
6565,0,0.697736,0.146,4.37,0.672
6566,0,0.697842,0.167,4.035,0.617
6567,0,0.697949,0.145,4.457,0.668
6568,0,0.698055,0.142,4.471,0.678
6569,0,0.698161,0.154,4.321,0.644
6570,0,0.698268,0.173,3.883,0.622
6571,0,0.698374,0.171,3.92,0.616
6572,0,0.698480,0.169,3.976,0.626
6573,0,0.698586,0.165,3.983,0.625
6574,0,0.698693,0.165,3.993,0.63
6575,0,0.698799,0.168,3.934,0.62
6576,0,0.698905,0.148,4.436,0.672
6577,0,0.699012,0.167,3.985,0.62
6578,0,0.699118,0.182,3.716,0.579
6579,0,0.699224,0.175,3.863,0.608
6580,0,0.699330,0.147,4.411,0.671
6581,0,0.699437,0.169,3.985,0.615
6582,0,0.699543,0.14,4.585,0.69
6583,0,0.699649,0.18,3.651,0.585
6584,0,0.699756,0.177,3.776,0.592
6585,0,0.699862,0.167,4.014,0.618
6586,0,0.699968,0.164,4.042,0.63
6587,0,0.700074,0.172,3.942,0.605
6588,0,0.700181,0.176,3.824,0.599
6589,0,0.700287,0.178,3.744,0.593
6590,0,0.700393,0.181,3.813,0.584
6591,0,0.700500,0.174,3.9,0.601
6592,0,0.700606,0.165,4.055,0.631
6593,0,0.700712,0.147,4.368,0.667
6594,0,0.700818,0.167,3.967,0.615
6595,0,0.700925,0.144,4.4,0.673
6596,0,0.701031,0.151,4.347,0.654
6597,0,0.701137,0.141,4.466,0.688
6598,0,0.701243,0.153,4.269,0.65
6599,0,0.701350,0.158,4.188,0.64
6600,0,0.701456,0.157,4.241,0.642
6601,0,0.701562,0.208,3.671,0.568
6602,0,0.701669,0.167,4.038,0.613
6603,0,0.701775,0.159,4.141,0.638
6604,0,0.701881,0.154,4.229,0.643
6605,0,0.701987,0.162,4.087,0.626
6606,0,0.702094,0.178,3.705,0.587
6607,0,0.702200,0.154,4.223,0.648
6608,0,0.702306,0.159,4.187,0.638
6609,0,0.702413,0.164,4.026,0.628
6610,0,0.702519,0.146,4.475,0.67
6611,0,0.702625,0.178,3.762,0.593
6612,0,0.702731,0.196,3.349,0.544
6613,0,0.702838,0.16,4.209,0.64
6614,0,0.702944,0.152,4.315,0.656
6615,0,0.703050,0.165,4.005,0.618
6616,0,0.703157,0.157,4.164,0.646
6617,0,0.703263,0.163,4.12,0.629
6618,0,0.703369,0.163,4.07,0.634
6619,0,0.703475,0.136,4.663,0.689
6620,0,0.703582,0.185,3.648,0.577
6621,0,0.703688,0.171,3.925,0.61
6622,0,0.703794,0.162,4.165,0.634
6623,0,0.703901,0.162,4.12,0.634
6624,0,0.704007,0.164,4.084,0.625
6625,0,0.704113,0.166,3.988,0.618
6626,0,0.704219,0.179,3.703,0.581
6627,0,0.704326,0.179,3.646,0.588
6628,0,0.704432,0.147,4.373,0.662
6629,0,0.704538,0.172,3.834,0.606
6630,0,0.704644,0.145,4.474,0.669
6631,0,0.704751,0.17,3.89,0.611
6632,0,0.704857,0.167,3.979,0.615
6633,0,0.704963,0.156,4.187,0.642
6634,0,0.705070,0.173,3.869,0.607
6635,0,0.705176,0.159,4.166,0.647
6636,0,0.705282,0.152,4.345,0.659
6637,0,0.705388,0.176,3.759,0.594
6638,0,0.705495,0.155,4.211,0.648
6639,0,0.705601,0.16,4.076,0.635
6640,0,0.705707,0.149,4.344,0.667
6641,0,0.705814,0.142,4.599,0.682
6642,0,0.705920,0.163,4.099,0.629
6643,0,0.706026,0.149,4.451,0.668
6644,0,0.706132,0.172,3.864,0.604
6645,0,0.706239,0.152,4.294,0.661
6646,0,0.706345,0.132,4.657,0.704
6647,0,0.706451,0.165,4.012,0.624
6648,0,0.706558,0.168,3.949,0.617
6649,0,0.706664,0.159,4.127,0.639
6650,0,0.706770,0.156,4.183,0.643
6651,0,0.706876,0.164,4.09,0.63
6652,0,0.706983,0.155,4.243,0.648
6653,0,0.707089,0.171,3.898,0.611
6654,0,0.707195,0.159,4.092,0.639
6655,0,0.707302,0.165,4.049,0.618
6656,0,0.707408,0.17,3.894,0.608
6657,0,0.707514,0.145,4.458,0.681
6658,0,0.707620,0.182,3.65,0.581
6659,0,0.707727,0.146,4.411,0.678
6660,0,0.707833,0.165,3.979,0.624
6661,0,0.707939,0.153,4.311,0.659
6662,0,0.708045,0.177,3.795,0.595
6663,0,0.708152,0.141,4.602,0.682
6664,0,0.708258,0.143,4.478,0.68
6665,0,0.708364,0.165,3.991,0.627
6666,0,0.708471,0.181,3.697,0.58
6667,0,0.708577,0.176,3.77,0.599
6668,0,0.708683,0.154,4.292,0.652
6669,0,0.708789,0.165,4.049,0.619
6670,0,0.708896,0.15,4.366,0.664
6671,0,0.709002,0.15,4.385,0.663
6672,0,0.709108,0.147,4.346,0.667
6673,0,0.709215,0.158,4.22,0.643
6674,0,0.709321,0.184,3.6,0.575
6675,0,0.709427,0.161,4.01,0.63
6676,0,0.709533,0.164,4.062,0.626
6677,0,0.709640,0.152,4.356,0.652
6678,0,0.709746,0.152,4.274,0.651
6679,0,0.709852,0.193,3.386,0.551
6680,0,0.709959,0.168,3.985,0.617
6681,0,0.710065,0.144,4.455,0.68
6682,0,0.710171,0.166,3.948,0.616
6683,0,0.710277,0.175,3.761,0.605
6684,0,0.710384,0.157,4.285,0.642
6685,0,0.710490,0.149,4.365,0.658
6686,0,0.710596,0.168,3.938,0.616
6687,0,0.710703,0.143,4.513,0.676
6688,0,0.710809,0.152,4.293,0.656
6689,0,0.710915,0.154,4.291,0.648
6690,0,0.711021,0.147,4.468,0.678
6691,0,0.711128,0.153,4.306,0.653
6692,0,0.711234,0.175,3.799,0.601
6693,0,0.711340,0.156,4.203,0.641
6694,0,0.711446,0.171,3.865,0.605
6695,0,0.711553,0.153,4.34,0.651
6696,0,0.711659,0.172,3.91,0.6
6697,0,0.711765,0.177,3.79,0.594
6698,0,0.711872,0.154,4.286,0.647
6699,0,0.711978,0.16,4.112,0.634
6700,0,0.712084,0.152,4.28,0.657
6701,0,0.712190,0.181,3.702,0.587
6702,0,0.712297,0.176,3.83,0.601
6703,0,0.712403,0.16,4.174,0.638
6704,0,0.712509,0.147,4.39,0.668
6705,0,0.712616,0.184,3.626,0.575
6706,0,0.712722,0.161,4.12,0.635
6707,0,0.712828,0.164,4.162,0.636
6708,0,0.712934,0.169,3.874,0.617
6709,0,0.713041,0.158,4.16,0.64
6710,0,0.713147,0.146,4.42,0.678
6711,0,0.713253,0.166,3.95,0.619
6712,0,0.713360,0.145,4.502,0.668
6713,0,0.713466,0.158,4.183,0.638
6714,0,0.713572,0.156,4.203,0.648
6715,0,0.713678,0.153,4.258,0.657
6716,0,0.713785,0.167,3.903,0.619
6717,0,0.713891,0.175,3.833,0.601
6718,0,0.713997,0.141,4.54,0.686
6719,0,0.714104,0.148,4.394,0.661
6720,0,0.714210,0.168,3.962,0.618
6721,0,0.714316,0.122,4.982,0.725
6722,0,0.714422,0.167,3.975,0.619
6723,0,0.714529,0.171,3.936,0.613
6724,0,0.714635,0.164,4.03,0.626
6725,0,0.714741,0.174,3.833,0.597
6726,0,0.714847,0.165,4.049,0.621
6727,0,0.714954,0.158,4.18,0.643
6728,0,0.715060,0.168,3.993,0.615
6729,0,0.715166,0.161,4.17,0.637
6730,0,0.715273,0.153,4.246,0.654
6731,0,0.715379,0.167,3.958,0.62
6732,0,0.715485,0.173,3.844,0.602
6733,0,0.715591,0.171,3.879,0.614
6734,0,0.715698,0.191,3.478,0.558
6735,0,0.715804,0.179,3.85,0.595
6736,0,0.715910,0.18,3.832,0.598
6737,0,0.716017,0.141,4.516,0.685
6738,0,0.716123,0.153,4.404,0.664
6739,0,0.716229,0.169,3.938,0.615
6740,0,0.716335,0.152,4.309,0.654
6741,0,0.716442,0.164,4.033,0.628
6742,0,0.716548,0.156,4.237,0.649
6743,0,0.716654,0.173,3.889,0.604
6744,0,0.716761,0.162,4.088,0.63
6745,0,0.716867,0.15,4.378,0.663
6746,0,0.716973,0.16,4.068,0.639
6747,0,0.717079,0.164,4.133,0.634
6748,0,0.717186,0.16,4.218,0.638
6749,0,0.717292,0.158,4.177,0.646
6750,0,0.717398,0.159,4.106,0.637
6751,0,0.717505,0.153,4.268,0.652
6752,0,0.717611,0.158,4.134,0.638
6753,0,0.717717,0.166,3.986,0.629
6754,0,0.717823,0.172,3.823,0.605
6755,0,0.717930,0.175,3.831,0.607
6756,0,0.718036,0.155,4.226,0.647
6757,0,0.718142,0.143,4.475,0.681
6758,0,0.718248,0.162,4.076,0.629
6759,0,0.718355,0.156,4.221,0.65
6760,0,0.718461,0.167,3.935,0.615
6761,0,0.718567,0.148,4.437,0.675
6762,0,0.718674,0.182,3.718,0.588
6763,0,0.718780,0.164,4.066,0.632
6764,0,0.718886,0.178,3.75,0.594
6765,0,0.718992,0.161,4.074,0.631
6766,0,0.719099,0.166,3.943,0.618
6767,0,0.719205,0.155,4.201,0.643
6768,0,0.719311,0.16,4.09,0.641
6769,0,0.719418,0.159,4.094,0.635
6770,0,0.719524,0.176,3.834,0.597
6771,0,0.719630,0.15,4.308,0.661
6772,0,0.719736,0.152,4.384,0.656
6773,0,0.719843,0.135,4.607,0.7
6774,0,0.719949,0.175,3.84,0.597
6775,0,0.720055,0.159,4.173,0.631
6776,0,0.720162,0.173,3.917,0.605
6777,0,0.720268,0.17,3.918,0.611
6778,0,0.720374,0.173,3.891,0.606
6779,0,0.720480,0.152,4.371,0.656
6780,0,0.720587,0.146,4.522,0.67
6781,0,0.720693,0.146,4.444,0.673
6782,0,0.720799,0.165,4.017,0.621
6783,0,0.720906,0.156,4.187,0.644
6784,0,0.721012,0.163,4.07,0.628
6785,0,0.721118,0.161,4.169,0.636
6786,0,0.721224,0.155,4.254,0.648
6787,0,0.721331,0.176,3.802,0.595
6788,0,0.721437,0.165,3.982,0.624
6789,0,0.721543,0.165,4.017,0.63
6790,0,0.721649,0.156,4.266,0.65
6791,0,0.721756,0.16,4.161,0.635
6792,0,0.721862,0.142,4.497,0.687
6793,0,0.721968,0.14,4.577,0.689
6794,0,0.722075,0.188,3.6,0.566
6795,0,0.722181,0.159,4.178,0.638
6796,0,0.722287,0.17,3.861,0.606
6797,0,0.722393,0.186,3.606,0.569
6798,0,0.722500,0.172,3.938,0.611
6799,0,0.722606,0.155,4.191,0.643
6800,0,0.722712,0.154,4.202,0.649
6801,0,0.722819,0.164,4.058,0.628
6802,0,0.722925,0.15,4.338,0.659
6803,0,0.723031,0.134,4.695,0.701
6804,0,0.723137,0.171,3.912,0.611
6805,0,0.723244,0.157,4.294,0.642
6806,0,0.723350,0.16,4.107,0.637
6807,0,0.723456,0.156,4.229,0.649
6808,0,0.723563,0.166,4.05,0.632
6809,0,0.723669,0.161,4.165,0.632
6810,0,0.723775,0.16,4.127,0.638
6811,0,0.723881,0.142,4.54,0.677
6812,0,0.723988,0.174,3.791,0.6
6813,0,0.724094,0.148,4.404,0.67
6814,0,0.724200,0.191,3.621,0.575
6815,0,0.724307,0.165,4.002,0.622
6816,0,0.724413,0.151,4.399,0.658
6817,0,0.724519,0.141,4.59,0.684
6818,0,0.724625,0.166,4.022,0.629
6819,0,0.724732,0.176,3.814,0.594
6820,0,0.724838,0.176,3.751,0.595
6821,0,0.724944,0.176,3.84,0.595
6822,0,0.725050,0.185,3.605,0.571
6823,0,0.725157,0.151,4.326,0.654
6824,0,0.725263,0.166,4.011,0.619
6825,0,0.725369,0.169,3.969,0.615
6826,0,0.725476,0.178,3.748,0.587
6827,0,0.725582,0.163,4.081,0.633
6828,0,0.725688,0.153,4.258,0.657
6829,0,0.725794,0.16,4.172,0.641
6830,0,0.725901,0.153,4.282,0.653
6831,0,0.726007,0.179,3.703,0.59
6832,0,0.726113,0.153,4.317,0.66
6833,0,0.726220,0.156,4.18,0.643
6834,0,0.726326,0.147,4.357,0.667
6835,0,0.726432,0.173,3.901,0.604
6836,0,0.726538,0.157,4.169,0.647
6837,0,0.726645,0.165,4.011,0.623
6838,0,0.726751,0.174,3.85,0.602
6839,0,0.726857,0.164,4.084,0.63
6840,0,0.726964,0.152,4.356,0.657
6841,0,0.727070,0.165,4.068,0.623
6842,0,0.727176,0.166,3.984,0.622
6843,0,0.727282,0.165,4.049,0.625
6844,0,0.727389,0.126,4.944,0.721
6845,0,0.727495,0.16,4.215,0.636
6846,0,0.727601,0.157,4.158,0.644
6847,0,0.727708,0.165,3.974,0.621
6848,0,0.727814,0.169,3.923,0.616
6849,0,0.727920,0.127,4.854,0.719
6850,0,0.728026,0.194,3.46,0.546
6851,0,0.728133,0.161,4.104,0.632
6852,0,0.728239,0.147,4.435,0.671
6853,0,0.728345,0.166,3.979,0.619
6854,0,0.728451,0.161,4.218,0.646
6855,0,0.728558,0.153,4.279,0.654
6856,0,0.728664,0.177,3.718,0.593
6857,0,0.728770,0.165,3.987,0.626
6858,0,0.728877,0.16,4.121,0.631
6859,0,0.728983,0.154,4.216,0.657
6860,0,0.729089,0.159,4.072,0.638
6861,0,0.729195,0.164,4.008,0.626
6862,0,0.729302,0.162,4.118,0.638
6863,0,0.729408,0.162,4.114,0.635
6864,0,0.729514,0.144,4.422,0.67
6865,0,0.729621,0.186,3.625,0.575
6866,0,0.729727,0.153,4.306,0.656
6867,0,0.729833,0.176,3.747,0.594
6868,0,0.729939,0.171,3.906,0.609
6869,0,0.730046,0.176,3.791,0.595
6870,0,0.730152,0.163,4.11,0.626
6871,0,0.730258,0.153,4.284,0.656
6872,0,0.730365,0.165,3.985,0.626
6873,0,0.730471,0.163,4.12,0.636
6874,0,0.730577,0.168,3.937,0.617
6875,0,0.730683,0.115,5.112,0.741
6876,0,0.730790,0.147,4.392,0.673
6877,0,0.730896,0.173,3.827,0.604
6878,0,0.731002,0.167,4.034,0.627
6879,0,0.731109,0.19,3.542,0.564
6880,0,0.731215,0.167,3.953,0.619
6881,0,0.731321,0.149,4.412,0.667
6882,0,0.731427,0.162,4.088,0.629
6883,0,0.731534,0.173,3.846,0.605
6884,0,0.731640,0.155,4.222,0.646
6885,0,0.731746,0.149,4.354,0.659
6886,0,0.731852,0.174,3.819,0.598
6887,0,0.731959,0.162,4.115,0.631
6888,0,0.732065,0.156,4.214,0.649
6889,0,0.732171,0.184,3.634,0.579
6890,0,0.732278,0.134,4.773,0.697
6891,0,0.732384,0.174,3.872,0.602
6892,0,0.732490,0.157,4.204,0.643
6893,0,0.732596,0.176,3.818,0.6
6894,0,0.732703,0.155,4.288,0.651
6895,0,0.732809,0.178,3.703,0.598
6896,0,0.732915,0.162,4.069,0.633
6897,0,0.733022,0.168,3.945,0.619
6898,0,0.733128,0.164,4.047,0.62
6899,0,0.733234,0.152,4.319,0.659
6900,0,0.733340,0.18,3.7,0.594
6901,0,0.733447,0.165,4.019,0.624
6902,0,0.733553,0.183,3.628,0.575
6903,0,0.733659,0.174,3.848,0.594
6904,0,0.733766,0.154,4.207,0.653
6905,0,0.733872,0.144,4.436,0.675
6906,0,0.733978,0.174,3.902,0.604
6907,0,0.734084,0.163,4.017,0.63
6908,0,0.734191,0.149,4.398,0.664
6909,0,0.734297,0.152,4.347,0.658
6910,0,0.734403,0.165,3.94,0.622
6911,0,0.734510,0.142,4.604,0.681
6912,0,0.734616,0.159,4.135,0.637
6913,0,0.734722,0.145,4.477,0.676
6914,0,0.734828,0.181,3.737,0.583
6915,0,0.734935,0.174,3.827,0.609
6916,0,0.735041,0.165,3.991,0.621
6917,0,0.735147,0.154,4.341,0.654
6918,0,0.735253,0.146,4.35,0.671
6919,0,0.735360,0.158,4.191,0.646
6920,0,0.735466,0.153,4.276,0.653
6921,0,0.735572,0.135,4.681,0.695
6922,0,0.735679,0.157,4.207,0.641
6923,0,0.735785,0.185,3.629,0.579
6924,0,0.735891,0.16,4.132,0.631
6925,0,0.735997,0.167,4.015,0.617
6926,0,0.736104,0.162,4.059,0.631
6927,0,0.736210,0.142,4.565,0.679
6928,0,0.736316,0.153,4.254,0.652
6929,0,0.736423,0.157,4.221,0.641
6930,0,0.736529,0.153,4.3,0.656
6931,0,0.736635,0.171,3.999,0.612
6932,0,0.736741,0.175,3.817,0.603
6933,0,0.736848,0.155,4.17,0.648
6934,0,0.736954,0.155,4.219,0.648
6935,0,0.737060,0.142,4.466,0.685
6936,0,0.737167,0.165,4.061,0.624
6937,0,0.737273,0.178,3.818,0.588
6938,0,0.737379,0.131,4.811,0.709
6939,0,0.737485,0.143,4.486,0.679
6940,0,0.737592,0.175,3.777,0.597
6941,0,0.737698,0.157,4.179,0.638
6942,0,0.737804,0.162,4.102,0.639
6943,0,0.737911,0.179,3.724,0.584
6944,0,0.738017,0.155,4.221,0.645
6945,0,0.738123,0.144,4.47,0.674
6946,0,0.738229,0.181,3.988,0.613
6947,0,0.738336,0.158,4.161,0.639
6948,0,0.738442,0.184,3.666,0.579
6949,0,0.738548,0.17,3.93,0.616
6950,0,0.738654,0.126,4.936,0.719
6951,0,0.738761,0.142,4.495,0.68
6952,0,0.738867,0.161,4.079,0.633
6953,0,0.738973,0.179,3.709,0.587
6954,0,0.739080,0.162,4.114,0.631
6955,0,0.739186,0.165,3.983,0.625
6956,0,0.739292,0.148,4.383,0.661
6957,0,0.739398,0.165,4.01,0.622
6958,0,0.739505,0.172,3.887,0.607
6959,0,0.739611,0.142,4.512,0.682
6960,0,0.739717,0.151,4.33,0.66
6961,0,0.739824,0.154,4.26,0.646
6962,0,0.739930,0.159,4.137,0.641
6963,0,0.740036,0.167,4.009,0.618
6964,0,0.740142,0.152,4.313,0.656
6965,0,0.740249,0.167,3.983,0.618
6966,0,0.740355,0.165,4.045,0.622
6967,0,0.740461,0.164,4.05,0.628
6968,0,0.740568,0.165,4.064,0.622
6969,0,0.740674,0.162,4.081,0.629
6970,0,0.740780,0.172,3.889,0.612
6971,0,0.740886,0.171,3.869,0.602
6972,0,0.740993,0.17,3.883,0.612
6973,0,0.741099,0.162,4.098,0.631
6974,0,0.741205,0.154,4.222,0.648
6975,0,0.741312,0.153,4.255,0.649
6976,0,0.741418,0.15,4.372,0.662
6977,0,0.741524,0.162,4.03,0.63
6978,0,0.741630,0.156,4.239,0.651
6979,0,0.741737,0.143,4.507,0.679
6980,0,0.741843,0.157,4.183,0.65
6981,0,0.741949,0.171,3.893,0.617
6982,0,0.742055,0.159,4.19,0.636
6983,0,0.742162,0.177,3.768,0.596
6984,0,0.742268,0.169,3.926,0.615
6985,0,0.742374,0.162,4.105,0.635
6986,0,0.742481,0.165,3.978,0.623
6987,0,0.742587,0.167,3.984,0.616
6988,0,0.742693,0.144,4.499,0.674
6989,0,0.742799,0.182,3.684,0.588
6990,0,0.742906,0.17,3.943,0.615
6991,0,0.743012,0.165,4.041,0.622
6992,0,0.743118,0.165,4.009,0.629
6993,0,0.743225,0.171,3.909,0.608
6994,0,0.743331,0.153,4.267,0.65
6995,0,0.743437,0.155,4.255,0.648
6996,0,0.743543,0.158,4.231,0.641
6997,0,0.743650,0.154,4.165,0.65
6998,0,0.743756,0.169,3.956,0.615
6999,0,0.743862,0.171,3.895,0.611
7000,0,0.743969,0.151,4.321,0.664
7001,0,0.744075,0.164,4.056,0.632
7002,0,0.744181,0.155,4.181,0.648
7003,0,0.744287,0.163,4.171,0.642
7004,0,0.744394,0.159,4.187,0.639
7005,0,0.744500,0.154,4.221,0.652
7006,0,0.744606,0.158,4.131,0.64
7007,0,0.744713,0.197,3.712,0.584
7008,0,0.744819,0.146,4.42,0.669
7009,0,0.744925,0.175,3.809,0.596
7010,0,0.745031,0.168,3.94,0.613
7011,0,0.745138,0.156,4.191,0.648
7012,0,0.745244,0.163,4.059,0.626
7013,0,0.745350,0.166,4.042,0.618
7014,0,0.745456,0.152,4.285,0.658
7015,0,0.745563,0.158,4.151,0.634
7016,0,0.745669,0.158,4.193,0.644
7017,0,0.745775,0.154,4.311,0.657
7018,0,0.745882,0.135,4.683,0.695
7019,0,0.745988,0.181,3.673,0.593
7020,0,0.746094,0.158,4.155,0.638
7021,0,0.746200,0.156,4.24,0.645
7022,0,0.746307,0.158,4.205,0.649
7023,0,0.746413,0.171,3.941,0.61
7024,0,0.746519,0.144,4.418,0.673
7025,0,0.746626,0.143,4.494,0.678
7026,0,0.746732,0.17,3.919,0.61
7027,0,0.746838,0.153,4.267,0.644
7028,0,0.746944,0.164,4.118,0.63
7029,0,0.747051,0.165,4.036,0.627
7030,0,0.747157,0.178,3.765,0.593
7031,0,0.747263,0.14,4.583,0.686
7032,0,0.747370,0.165,4.004,0.621
7033,0,0.747476,0.171,4.085,0.618
7034,0,0.747582,0.165,4.115,0.625
7035,0,0.747688,0.167,4.016,0.625
7036,0,0.747795,0.167,3.969,0.623
7037,0,0.747901,0.161,4.091,0.634
7038,0,0.748007,0.176,3.799,0.595
7039,0,0.748114,0.161,4.166,0.636
7040,0,0.748220,0.154,4.285,0.652
7041,0,0.748326,0.146,4.41,0.671
7042,0,0.748432,0.16,4.161,0.639
7043,0,0.748539,0.155,4.21,0.651
7044,0,0.748645,0.17,3.937,0.613
7045,0,0.748751,0.169,3.897,0.616
7046,0,0.748857,0.165,4.093,0.631
7047,0,0.748964,0.131,4.719,0.708
7048,0,0.749070,0.169,3.917,0.609
7049,0,0.749176,0.168,3.921,0.618
7050,0,0.749283,0.148,4.399,0.661
7051,0,0.749389,0.163,4.071,0.631
7052,0,0.749495,0.153,4.311,0.655
7053,0,0.749601,0.156,4.17,0.654
7054,0,0.749708,0.139,4.611,0.69
7055,0,0.749814,0.165,4.092,0.625
7056,0,0.749920,0.161,4.096,0.641
7057,0,0.750027,0.136,4.837,0.702
7058,0,0.750133,0.154,4.205,0.653
7059,0,0.750239,0.157,4.173,0.649
7060,0,0.750345,0.175,3.835,0.607
7061,0,0.750452,0.175,3.882,0.601
7062,0,0.750558,0.164,4.033,0.63
7063,0,0.750664,0.157,4.188,0.639
7064,0,0.750771,0.163,4.101,0.634
7065,0,0.750877,0.169,3.932,0.618
7066,0,0.750983,0.169,3.906,0.612
7067,0,0.751089,0.153,4.241,0.654
7068,0,0.751196,0.181,3.775,0.582
7069,0,0.751302,0.181,3.717,0.595
7070,0,0.751408,0.145,4.428,0.673
7071,0,0.751515,0.151,4.382,0.664
7072,0,0.751621,0.144,4.452,0.679
7073,0,0.751727,0.166,3.988,0.622
7074,0,0.751833,0.153,4.372,0.657
7075,0,0.751940,0.154,4.276,0.649
7076,0,0.752046,0.163,4.035,0.629
7077,0,0.752152,0.167,3.976,0.615
7078,0,0.752258,0.163,4.121,0.632
7079,0,0.752365,0.163,4.078,0.632
7080,0,0.752471,0.153,4.376,0.656
7081,0,0.752577,0.156,4.226,0.647
7082,0,0.752684,0.173,3.907,0.612
7083,0,0.752790,0.181,3.679,0.584
7084,0,0.752896,0.143,4.492,0.68
7085,0,0.753002,0.139,4.539,0.691
7086,0,0.753109,0.156,4.189,0.639
7087,0,0.753215,0.148,4.3,0.662
7088,0,0.753321,0.141,4.571,0.687
7089,0,0.753428,0.167,3.95,0.625
7090,0,0.753534,0.149,4.296,0.67
7091,0,0.753640,0.153,4.329,0.656
7092,0,0.753746,0.176,3.77,0.595
7093,0,0.753853,0.164,4.027,0.626
7094,0,0.753959,0.153,4.277,0.649
7095,0,0.754065,0.136,4.703,0.699
7096,0,0.754172,0.179,3.738,0.588
7097,0,0.754278,0.171,3.917,0.609
7098,0,0.754384,0.163,4.181,0.629
7099,0,0.754490,0.173,3.945,0.621
7100,0,0.754597,0.142,4.56,0.682
7101,0,0.754703,0.156,4.189,0.643
7102,0,0.754809,0.154,4.211,0.649
7103,0,0.754916,0.156,4.195,0.651
7104,0,0.755022,0.171,3.901,0.613
7105,0,0.755128,0.167,3.972,0.614
7106,0,0.755234,0.165,4.038,0.625
7107,0,0.755341,0.153,4.351,0.659
7108,0,0.755447,0.175,3.767,0.609
7109,0,0.755553,0.172,3.872,0.601
7110,0,0.755659,0.176,3.753,0.597
7111,0,0.755766,0.161,4.106,0.633
7112,0,0.755872,0.175,3.857,0.601
7113,0,0.755978,0.172,3.868,0.604
7114,0,0.756085,0.157,4.163,0.636
7115,0,0.756191,0.142,4.496,0.682
7116,0,0.756297,0.167,4.019,0.62
7117,0,0.756403,0.165,4.076,0.624
7118,0,0.756510,0.168,3.952,0.614
7119,0,0.756616,0.169,3.93,0.613
7120,0,0.756722,0.15,4.398,0.666
7121,0,0.756829,0.155,4.193,0.642
7122,0,0.756935,0.133,4.682,0.706
7123,0,0.757041,0.161,4.139,0.631
7124,0,0.757147,0.178,3.866,0.595
7125,0,0.757254,0.142,4.546,0.677
7126,0,0.757360,0.165,4.018,0.62
7127,0,0.757466,0.16,4.108,0.633
7128,0,0.757573,0.153,4.29,0.653
7129,0,0.757679,0.191,3.514,0.562
7130,0,0.757785,0.182,3.651,0.576
7131,0,0.757891,0.146,4.45,0.669
7132,0,0.757998,0.151,4.281,0.661
7133,0,0.758104,0.152,4.292,0.655
7134,0,0.758210,0.164,4.06,0.624
7135,0,0.758317,0.16,4.102,0.636
7136,0,0.758423,0.164,4.042,0.623
7137,0,0.758529,0.159,4.208,0.632
7138,0,0.758635,0.153,4.281,0.648
7139,0,0.758742,0.151,4.321,0.66
7140,0,0.758848,0.164,4.02,0.623
7141,0,0.758954,0.155,4.235,0.649
7142,0,0.759060,0.16,4.103,0.628
7143,0,0.759167,0.143,4.452,0.678
7144,0,0.759273,0.157,4.295,0.657
7145,0,0.759379,0.168,3.916,0.619
7146,0,0.759486,0.173,3.831,0.605
7147,0,0.759592,0.175,3.794,0.602
7148,0,0.759698,0.169,3.893,0.612
7149,0,0.759804,0.186,3.564,0.569
7150,0,0.759911,0.151,4.336,0.661
7151,0,0.760017,0.159,4.148,0.641
7152,0,0.760123,0.151,4.319,0.66
7153,0,0.760230,0.171,3.869,0.601
7154,0,0.760336,0.161,4.076,0.632
7155,0,0.760442,0.162,4.065,0.627
7156,0,0.760548,0.169,3.894,0.612
7157,0,0.760655,0.18,3.78,0.586
7158,0,0.760761,0.178,3.914,0.608
7159,0,0.760867,0.176,3.816,0.596
7160,0,0.760974,0.167,3.985,0.615
7161,0,0.761080,0.149,4.331,0.668
7162,0,0.761186,0.161,4.147,0.639
7163,0,0.761292,0.153,4.227,0.651
7164,0,0.761399,0.15,4.4,0.664
7165,0,0.761505,0.149,4.354,0.663
7166,0,0.761611,0.177,3.767,0.595
7167,0,0.761718,0.153,4.336,0.657
7168,0,0.761824,0.165,4.056,0.62
7169,0,0.761930,0.167,3.938,0.617
7170,0,0.762036,0.161,4.208,0.638
7171,0,0.762143,0.171,3.877,0.607
7172,0,0.762249,0.145,4.382,0.675
7173,0,0.762355,0.158,4.196,0.648
7174,0,0.762461,0.169,3.977,0.619
7175,0,0.762568,0.159,4.203,0.644
7176,0,0.762674,0.162,4.244,0.65
7177,0,0.762780,0.159,4.18,0.637
7178,0,0.762887,0.177,3.757,0.599
7179,0,0.762993,0.146,4.464,0.673
7180,0,0.763099,0.154,4.313,0.656
7181,0,0.763205,0.172,3.854,0.606
7182,0,0.763312,0.16,4.107,0.635
7183,0,0.763418,0.149,4.404,0.663
7184,0,0.763524,0.158,4.172,0.645
7185,0,0.763631,0.144,4.492,0.679
7186,0,0.763737,0.155,4.265,0.651
7187,0,0.763843,0.166,4.033,0.626
7188,0,0.763949,0.153,4.356,0.653
7189,0,0.764056,0.149,4.441,0.664
7190,0,0.764162,0.157,4.271,0.646
7191,0,0.764268,0.157,4.208,0.642
7192,0,0.764375,0.185,3.614,0.573
7193,0,0.764481,0.146,4.43,0.672
7194,0,0.764587,0.168,3.934,0.619
7195,0,0.764693,0.157,4.165,0.646
7196,0,0.764800,0.153,4.356,0.647
7197,0,0.764906,0.173,3.899,0.612
7198,0,0.765012,0.17,3.943,0.613
7199,0,0.765119,0.17,3.922,0.613
7200,0,0.765225,0.17,3.925,0.607
7201,0,0.765331,0.154,4.289,0.655
7202,0,0.765437,0.153,4.245,0.652
7203,0,0.765544,0.177,3.727,0.593
7204,0,0.765650,0.147,4.439,0.672
7205,0,0.765756,0.165,4.05,0.625
7206,0,0.765862,0.161,4.103,0.636
7207,0,0.765969,0.182,3.638,0.58
7208,0,0.766075,0.153,4.365,0.657
7209,0,0.766181,0.15,4.365,0.66
7210,0,0.766288,0.163,4.097,0.633
7211,0,0.766394,0.157,4.303,0.643
7212,0,0.766500,0.173,3.918,0.609
7213,0,0.766606,0.163,4.087,0.629
7214,0,0.766713,0.175,3.872,0.605
7215,0,0.766819,0.14,4.55,0.688
7216,0,0.766925,0.164,4.058,0.63
7217,0,0.767032,0.156,4.162,0.64
7218,0,0.767138,0.175,3.86,0.604
7219,0,0.767244,0.164,4.062,0.632
7220,0,0.767350,0.167,3.944,0.616
7221,0,0.767457,0.176,3.783,0.6
7222,0,0.767563,0.157,4.163,0.64
7223,0,0.767669,0.176,3.799,0.602
7224,0,0.767776,0.169,3.93,0.615
7225,0,0.767882,0.142,4.504,0.683
7226,0,0.767988,0.149,4.404,0.666
7227,0,0.768094,0.16,4.08,0.635
7228,0,0.768201,0.158,4.19,0.641
7229,0,0.768307,0.165,4.067,0.624
7230,0,0.768413,0.188,3.551,0.562
7231,0,0.768520,0.149,4.463,0.676
7232,0,0.768626,0.175,3.867,0.598
7233,0,0.768732,0.176,3.769,0.599
7234,0,0.768838,0.201,3.483,0.541
7235,0,0.768945,0.164,4.065,0.636
7236,0,0.769051,0.142,4.588,0.685
7237,0,0.769157,0.153,4.222,0.646
7238,0,0.769263,0.164,4.027,0.625
7239,0,0.769370,0.173,3.812,0.608
7240,0,0.769476,0.17,3.875,0.605
7241,0,0.769582,0.153,4.29,0.657
7242,0,0.769689,0.143,4.494,0.678
7243,0,0.769795,0.157,4.179,0.644
7244,0,0.769901,0.16,4.133,0.638
7245,0,0.770007,0.171,3.887,0.612
7246,0,0.770114,0.176,3.785,0.598
7247,0,0.770220,0.174,3.811,0.601
7248,0,0.770326,0.141,4.576,0.679
7249,0,0.770433,0.168,4.025,0.62
7250,0,0.770539,0.137,4.628,0.694
7251,0,0.770645,0.152,4.357,0.666
7252,0,0.770751,0.162,4.068,0.636
7253,0,0.770858,0.14,4.57,0.688
7254,0,0.770964,0.173,3.819,0.603
7255,0,0.771070,0.167,3.974,0.618
7256,0,0.771177,0.17,3.93,0.61
7257,0,0.771283,0.139,4.595,0.693
7258,0,0.771389,0.168,3.966,0.611
7259,0,0.771495,0.175,3.781,0.601
7260,0,0.771602,0.151,4.315,0.66
7261,0,0.771708,0.173,3.88,0.604
7262,0,0.771814,0.156,4.265,0.645
7263,0,0.771921,0.149,4.354,0.664
7264,0,0.772027,0.16,4.12,0.632
7265,0,0.772133,0.169,3.927,0.609
7266,0,0.772239,0.165,4.041,0.628
7267,0,0.772346,0.165,4.045,0.626
7268,0,0.772452,0.144,4.423,0.68
7269,0,0.772558,0.148,4.412,0.662
7270,0,0.772664,0.164,4.038,0.623
7271,0,0.772771,0.145,4.454,0.679
7272,0,0.772877,0.162,4.083,0.638
7273,0,0.772983,0.153,4.337,0.658
7274,0,0.773090,0.162,4.146,0.635
7275,0,0.773196,0.174,3.822,0.608
7276,0,0.773302,0.168,3.94,0.612
7277,0,0.773408,0.144,4.483,0.68
7278,0,0.773515,0.159,4.218,0.643
7279,0,0.773621,0.16,4.127,0.637
7280,0,0.773727,0.153,4.287,0.652
7281,0,0.773834,0.169,3.954,0.615
7282,0,0.773940,0.16,4.155,0.639
7283,0,0.774046,0.146,4.457,0.673
7284,0,0.774152,0.155,4.215,0.651
7285,0,0.774259,0.174,3.874,0.611
7286,0,0.774365,0.176,3.813,0.6
7287,0,0.774471,0.156,4.254,0.641
7288,0,0.774578,0.161,4.134,0.637
7289,0,0.774684,0.153,4.264,0.653
7290,0,0.774790,0.14,4.544,0.686
7291,0,0.774896,0.163,4.129,0.631
7292,0,0.775003,0.184,3.629,0.576
7293,0,0.775109,0.14,4.596,0.689
7294,0,0.775215,0.156,4.164,0.645
7295,0,0.775322,0.164,4.083,0.633
7296,0,0.775428,0.163,4.084,0.625
7297,0,0.775534,0.17,3.912,0.609
7298,0,0.775640,0.145,4.503,0.676
7299,0,0.775747,0.144,4.457,0.676
7300,0,0.775853,0.149,4.416,0.663
7301,0,0.775959,0.141,4.609,0.688
7302,0,0.776065,0.143,4.401,0.676
7303,0,0.776172,0.153,4.278,0.654
7304,0,0.776278,0.157,4.212,0.645
7305,0,0.776384,0.179,3.773,0.591
7306,0,0.776491,0.142,4.514,0.678
7307,0,0.776597,0.144,4.474,0.675
7308,0,0.776703,0.181,3.695,0.585
7309,0,0.776809,0.171,3.885,0.608
7310,0,0.776916,0.155,4.242,0.646
7311,0,0.777022,0.137,4.59,0.695
7312,0,0.777128,0.148,4.382,0.667
7313,0,0.777235,0.161,4.16,0.64
7314,0,0.777341,0.165,4.051,0.625
7315,0,0.777447,0.146,4.396,0.666
7316,0,0.777553,0.16,4.152,0.632
7317,0,0.777660,0.164,4.092,0.631
7318,0,0.777766,0.158,4.166,0.641
7319,0,0.777872,0.161,4.119,0.634
7320,0,0.777979,0.154,4.258,0.65
7321,0,0.778085,0.147,4.394,0.669
7322,0,0.778191,0.164,4.068,0.625
7323,0,0.778297,0.148,4.399,0.664
7324,0,0.778404,0.164,4.054,0.626
7325,0,0.778510,0.153,4.379,0.664
7326,0,0.778616,0.151,4.328,0.66
7327,0,0.778722,0.174,3.876,0.602
7328,0,0.778829,0.144,4.462,0.677
7329,0,0.778935,0.147,4.488,0.665
7330,0,0.779041,0.154,4.351,0.663
7331,0,0.779148,0.158,4.13,0.64
7332,0,0.779254,0.159,4.142,0.636
7333,0,0.779360,0.153,4.246,0.656
7334,0,0.779466,0.159,4.069,0.635
7335,0,0.779573,0.168,3.923,0.618
7336,0,0.779679,0.165,4.034,0.623
7337,0,0.779785,0.174,3.796,0.606
7338,0,0.779892,0.148,4.361,0.666
7339,0,0.779998,0.188,3.595,0.573
7340,0,0.780104,0.161,4.14,0.635
7341,0,0.780210,0.164,4.043,0.629
7342,0,0.780317,0.163,4.059,0.623
7343,0,0.780423,0.156,4.159,0.649
7344,0,0.780529,0.134,4.701,0.704
7345,0,0.780636,0.164,4.095,0.631
7346,0,0.780742,0.153,4.301,0.65
7347,0,0.780848,0.176,3.826,0.603
7348,0,0.780954,0.167,3.9,0.619
7349,0,0.781061,0.139,4.639,0.69
7350,0,0.781167,0.148,4.419,0.67
7351,0,0.781273,0.153,4.274,0.655
7352,0,0.781380,0.164,4.082,0.626
7353,0,0.781486,0.165,4.027,0.622
7354,0,0.781592,0.172,3.891,0.605
7355,0,0.781698,0.142,4.478,0.676
7356,0,0.781805,0.178,3.743,0.595
7357,0,0.781911,0.142,4.495,0.679
7358,0,0.782017,0.177,3.798,0.597
7360,0,0.782230,0.14,4.573,0.686
7361,0,0.782336,0.145,4.439,0.674
7362,0,0.782442,0.169,4.016,0.615
7363,0,0.782549,0.142,4.498,0.683
7364,0,0.782655,0.165,4.018,0.626
7365,0,0.782761,0.174,3.838,0.6
7366,0,0.782867,0.15,4.345,0.659
7367,0,0.782974,0.158,4.119,0.636
7368,0,0.783080,0.138,4.707,0.686
7369,0,0.783186,0.147,4.489,0.67
7370,0,0.783293,0.158,4.123,0.639
7371,0,0.783399,0.15,4.296,0.659
7372,0,0.783505,0.155,4.219,0.645
7373,0,0.783611,0.161,4.126,0.629
7374,0,0.783718,0.142,4.529,0.681
7375,0,0.783824,0.155,4.309,0.643
7376,0,0.783930,0.175,3.761,0.6
7377,0,0.784037,0.147,4.433,0.672
7378,0,0.784143,0.159,4.166,0.638
7379,0,0.784249,0.169,4.0,0.619
7380,0,0.784355,0.153,4.273,0.654
7381,0,0.784462,0.156,4.198,0.64
7382,0,0.784568,0.174,3.883,0.606
7383,0,0.784674,0.153,4.202,0.646
7384,0,0.784781,0.165,4.065,0.624
7385,0,0.784887,0.166,3.995,0.618
7386,0,0.784993,0.136,4.647,0.699
7387,0,0.785099,0.136,4.676,0.698
7388,0,0.785206,0.142,4.483,0.682
7389,0,0.785312,0.161,4.053,0.635
7390,0,0.785418,0.161,4.098,0.636
7391,0,0.785524,0.167,4.018,0.613
7392,0,0.785631,0.165,3.986,0.619
7393,0,0.785737,0.167,3.979,0.619
7394,0,0.785843,0.154,4.264,0.653
7395,0,0.785950,0.155,4.316,0.652
7396,0,0.786056,0.157,4.18,0.648
7397,0,0.786162,0.162,4.111,0.634
7398,0,0.786268,0.162,4.108,0.635
7399,0,0.786375,0.146,4.437,0.668
7400,0,0.786481,0.162,4.072,0.631
7401,0,0.786587,0.161,4.11,0.63
7402,0,0.786694,0.157,4.195,0.642
7403,0,0.786800,0.134,4.668,0.7
7404,0,0.786906,0.158,4.169,0.646
7405,0,0.787012,0.146,4.424,0.67
7406,0,0.787119,0.14,4.587,0.684
7407,0,0.787225,0.159,4.143,0.637
7408,0,0.787331,0.173,3.861,0.601
7409,0,0.787438,0.158,4.181,0.64
7410,0,0.787544,0.138,4.629,0.689
7411,0,0.787650,0.163,4.063,0.627
7412,0,0.787756,0.155,4.2,0.643
7413,0,0.787863,0.165,4.038,0.631
7414,0,0.787969,0.176,4.203,0.65
7415,0,0.788075,0.162,4.134,0.636
7416,0,0.788182,0.147,4.449,0.668
7417,0,0.788288,0.164,4.04,0.626
7418,0,0.788394,0.158,4.155,0.643
7419,0,0.788500,0.135,4.68,0.7
7420,0,0.788607,0.141,4.543,0.687
7421,0,0.788713,0.183,3.661,0.584
7422,0,0.788819,0.16,4.175,0.637
7423,0,0.788925,0.173,3.863,0.609
7424,0,0.789032,0.177,3.752,0.587
7425,0,0.789138,0.153,4.338,0.659
7426,0,0.789244,0.154,4.167,0.656
7427,0,0.789351,0.176,3.83,0.592
7428,0,0.789457,0.163,4.032,0.622
7429,0,0.789563,0.161,4.075,0.636
7430,0,0.789669,0.148,4.365,0.665
7431,0,0.789776,0.165,4.019,0.629
7432,0,0.789882,0.15,4.392,0.666
7433,0,0.789988,0.165,3.973,0.624
7434,0,0.790095,0.143,4.542,0.679
7435,0,0.790201,0.159,4.097,0.639
7436,0,0.790307,0.164,4.018,0.632
7437,0,0.790413,0.153,4.248,0.655
7438,0,0.790520,0.156,4.181,0.649
7439,0,0.790626,0.165,4.065,0.625
7440,0,0.790732,0.152,4.358,0.656
7441,0,0.790839,0.175,3.803,0.6
7442,0,0.790945,0.166,4.012,0.624
7443,0,0.791051,0.144,4.39,0.666
7444,0,0.791157,0.17,3.902,0.613
7445,0,0.791264,0.189,3.523,0.564
7446,0,0.791370,0.157,4.202,0.646
7447,0,0.791476,0.147,4.357,0.669
7448,0,0.791583,0.168,3.952,0.618
7449,0,0.791689,0.142,4.504,0.681
7450,0,0.791795,0.152,4.293,0.661
7451,0,0.791901,0.162,4.092,0.635
7452,0,0.792008,0.168,3.985,0.619
7453,0,0.792114,0.165,4.025,0.622
7454,0,0.792220,0.144,4.461,0.675
7455,0,0.792326,0.154,4.249,0.646
7456,0,0.792433,0.164,4.079,0.626
7457,0,0.792539,0.154,4.208,0.645
7458,0,0.792645,0.166,3.986,0.62
7459,0,0.792752,0.15,4.341,0.662
7460,0,0.792858,0.149,4.318,0.661
7461,0,0.792964,0.166,3.979,0.617
7462,0,0.793070,0.164,4.029,0.625
7463,0,0.793177,0.166,3.997,0.616
7464,0,0.793283,0.143,4.487,0.678
7465,0,0.793389,0.141,4.477,0.684
7466,0,0.793496,0.158,4.196,0.635
7467,0,0.793602,0.165,3.989,0.622
7468,0,0.793708,0.148,4.335,0.666
7469,0,0.793814,0.164,4.056,0.63
7470,0,0.793921,0.151,4.347,0.655
7471,0,0.794027,0.165,4.0,0.627
7472,0,0.794133,0.164,4.074,0.631
7473,0,0.794240,0.17,3.921,0.609
7474,0,0.794346,0.169,3.924,0.617
7475,0,0.794452,0.152,4.287,0.654
7476,0,0.794558,0.17,3.921,0.613
7477,0,0.794665,0.159,4.092,0.642
7478,0,0.794771,0.178,3.72,0.59
7479,0,0.794877,0.158,4.152,0.639
7480,0,0.794984,0.165,4.035,0.625
7481,0,0.795090,0.171,3.873,0.607
7482,0,0.795196,0.153,4.274,0.652
7483,0,0.795302,0.173,3.817,0.602
7484,0,0.795409,0.16,4.136,0.639
7485,0,0.795515,0.149,4.407,0.669
7486,0,0.795621,0.167,3.934,0.621
7487,0,0.795727,0.162,4.126,0.632
7488,0,0.795834,0.158,4.178,0.64
7489,0,0.795940,0.165,4.023,0.624
7490,0,0.796046,0.158,4.148,0.645
7491,0,0.796153,0.158,4.23,0.639
7492,0,0.796259,0.161,4.057,0.635
7493,0,0.796365,0.17,3.946,0.612
7494,0,0.796471,0.151,4.349,0.662
7495,0,0.796578,0.17,3.904,0.612
7496,0,0.796684,0.164,4.027,0.626
7497,0,0.796790,0.155,4.253,0.648
7498,0,0.796897,0.161,4.129,0.639
7499,0,0.797003,0.166,3.957,0.617
7500,0,0.797109,0.176,3.769,0.591
7501,0,0.797215,0.145,4.458,0.672
7502,0,0.797322,0.164,4.002,0.627
7503,0,0.797428,0.153,4.278,0.649
7504,0,0.797534,0.163,3.993,0.628
7505,0,0.797641,0.169,3.91,0.611
7506,0,0.797747,0.157,4.186,0.641
7507,0,0.797853,0.16,4.083,0.641
7508,0,0.797959,0.175,3.843,0.597
7509,0,0.798066,0.151,4.338,0.657
7510,0,0.798172,0.162,4.061,0.63
7511,0,0.798278,0.176,3.756,0.595
7512,0,0.798385,0.165,4.028,0.622
7513,0,0.798491,0.162,4.053,0.622
7514,0,0.798597,0.15,4.409,0.661
7515,0,0.798703,0.162,4.038,0.629
7516,0,0.798810,0.165,4.031,0.627
7517,0,0.798916,0.15,4.346,0.665
7518,0,0.799022,0.152,4.345,0.66
7519,0,0.799128,0.142,4.539,0.68
7520,0,0.799235,0.149,4.348,0.666
7521,0,0.799341,0.156,4.209,0.639
7522,0,0.799447,0.167,3.976,0.618
7523,0,0.799554,0.168,3.933,0.614
7524,0,0.799660,0.163,4.081,0.629
7525,0,0.799766,0.161,4.128,0.637
7526,0,0.799872,0.176,3.801,0.597
7527,0,0.799979,0.177,3.758,0.6
7528,0,0.800085,0.153,4.198,0.653
7529,0,0.800191,0.15,4.301,0.66
7530,0,0.800298,0.176,4.177,0.647
7531,0,0.800404,0.165,3.97,0.621
7532,0,0.800510,0.161,4.123,0.632
7533,0,0.800616,0.162,4.134,0.632
7534,0,0.800723,0.153,4.287,0.652
7535,0,0.800829,0.153,4.272,0.651
7536,0,0.800935,0.155,4.214,0.648
7537,0,0.801042,0.164,4.109,0.63
7538,0,0.801148,0.142,4.527,0.681
7539,0,0.801254,0.154,4.235,0.647
7540,0,0.801360,0.168,3.957,0.612
7541,0,0.801467,0.16,4.102,0.639
7542,0,0.801573,0.141,4.506,0.681
7543,0,0.801679,0.155,4.197,0.652
7544,0,0.801786,0.171,3.871,0.618
7545,0,0.801892,0.158,4.162,0.641
7546,0,0.801998,0.173,3.86,0.602
7547,0,0.802104,0.164,4.042,0.628
7548,0,0.802211,0.177,3.728,0.588
7549,0,0.802317,0.169,3.922,0.608
7550,0,0.802423,0.16,4.176,0.643
7551,0,0.802529,0.133,4.754,0.695
7552,0,0.802636,0.153,4.262,0.652
7553,0,0.802742,0.157,4.136,0.639
7554,0,0.802848,0.153,4.248,0.653
7555,0,0.802955,0.157,4.137,0.64
7556,0,0.803061,0.169,3.857,0.61
7557,0,0.803167,0.142,4.513,0.681
7558,0,0.803273,0.153,4.307,0.649
7559,0,0.803380,0.154,4.177,0.647
7560,0,0.803486,0.163,4.12,0.624
7561,0,0.803592,0.183,3.654,0.577
7562,0,0.803699,0.169,3.923,0.614
7563,0,0.803805,0.184,3.639,0.581
7564,0,0.803911,0.166,3.911,0.621
7565,0,0.804017,0.155,4.233,0.652
7566,0,0.804124,0.169,3.914,0.616
7567,0,0.804230,0.144,4.452,0.676
7568,0,0.804336,0.144,4.45,0.674
7569,0,0.804443,0.172,3.895,0.611
7570,0,0.804549,0.176,3.755,0.595
7571,0,0.804655,0.138,4.627,0.685
7572,0,0.804761,0.156,4.22,0.65
7573,0,0.804868,0.166,4.005,0.633
7574,0,0.804974,0.162,4.036,0.635
7575,0,0.805080,0.169,3.909,0.613
7576,0,0.805187,0.165,4.03,0.625
7577,0,0.805293,0.18,3.722,0.583
7578,0,0.805399,0.157,4.224,0.646
7579,0,0.805505,0.169,3.959,0.613
7580,0,0.805612,0.132,4.743,0.701
7581,0,0.805718,0.155,4.225,0.649
7582,0,0.805824,0.168,3.951,0.616
7583,0,0.805930,0.153,4.294,0.654
7584,0,0.806037,0.153,4.287,0.645
7585,0,0.806143,0.169,3.872,0.614
7586,0,0.806249,0.148,4.399,0.672
7587,0,0.806356,0.163,4.084,0.639
7588,0,0.806462,0.157,4.208,0.638
7589,0,0.806568,0.132,4.671,0.703
7590,0,0.806674,0.163,4.049,0.63
7591,0,0.806781,0.168,3.929,0.612
7592,0,0.806887,0.165,3.964,0.625
7593,0,0.806993,0.162,4.086,0.634
7594,0,0.807100,0.153,4.315,0.661
7595,0,0.807206,0.159,4.384,0.669
7596,0,0.807312,0.183,3.627,0.583
7597,0,0.807418,0.153,4.305,0.655
7598,0,0.807525,0.152,4.389,0.666
7599,0,0.807631,0.166,3.987,0.621
7600,0,0.807737,0.146,4.445,0.67
7601,0,0.807844,0.137,4.644,0.699
7602,0,0.807950,0.169,3.911,0.615
7603,0,0.808056,0.146,4.45,0.668
7604,0,0.808162,0.152,4.23,0.655
7605,0,0.808269,0.149,4.398,0.663
7606,0,0.808375,0.149,4.397,0.66
7607,0,0.808481,0.161,4.163,0.634
7608,0,0.808588,0.156,4.139,0.642
7609,0,0.808694,0.176,3.838,0.6
7610,0,0.808800,0.147,4.439,0.672
7611,0,0.808906,0.155,4.23,0.655
7612,0,0.809013,0.144,4.498,0.679
7613,0,0.809119,0.158,4.07,0.64
7614,0,0.809225,0.157,4.206,0.647
7615,0,0.809331,0.159,4.116,0.638
7616,0,0.809438,0.154,4.268,0.652
7617,0,0.809544,0.169,3.9,0.615
7618,0,0.809650,0.157,4.215,0.643
7619,0,0.809757,0.158,4.134,0.634
7620,0,0.809863,0.167,3.971,0.619
7621,0,0.809969,0.154,4.289,0.647
7622,0,0.810075,0.153,4.317,0.649
7623,0,0.810182,0.121,4.938,0.729
7624,0,0.810288,0.153,4.346,0.66
7625,0,0.810394,0.161,4.119,0.628
7626,0,0.810501,0.154,4.224,0.648
7627,0,0.810607,0.152,4.298,0.657
7628,0,0.810713,0.178,3.752,0.588
7629,0,0.810819,0.167,3.968,0.616
7630,0,0.810926,0.153,4.297,0.658
7631,0,0.811032,0.166,3.955,0.624
7632,0,0.811138,0.159,4.193,0.639
7633,0,0.811245,0.165,4.008,0.623
7634,0,0.811351,0.174,3.827,0.599
7635,0,0.811457,0.164,4.087,0.629
7636,0,0.811563,0.146,4.407,0.675
7637,0,0.811670,0.164,4.013,0.625
7638,0,0.811776,0.151,4.351,0.658
7639,0,0.811882,0.171,3.873,0.61
7640,0,0.811989,0.166,3.964,0.619
7641,0,0.812095,0.168,3.977,0.618
7642,0,0.812201,0.165,4.024,0.617
7643,0,0.812307,0.155,4.231,0.65
7644,0,0.812414,0.153,4.264,0.646
7645,0,0.812520,0.165,4.077,0.621
7646,0,0.812626,0.165,3.985,0.624
7647,0,0.812732,0.144,4.397,0.672
7648,0,0.812839,0.162,4.112,0.631
7649,0,0.812945,0.161,3.972,0.628
7650,0,0.813051,0.166,4.013,0.624
7651,0,0.813158,0.149,4.352,0.662
7652,0,0.813264,0.164,4.106,0.634
7653,0,0.813370,0.142,4.526,0.683
7654,0,0.813476,0.158,4.238,0.641
7655,0,0.813583,0.159,4.142,0.638
7656,0,0.813689,0.165,3.988,0.626
7657,0,0.813795,0.142,4.493,0.68
7658,0,0.813902,0.15,4.32,0.666
7659,0,0.814008,0.145,4.484,0.675
7660,0,0.814114,0.164,4.05,0.634
7661,0,0.814220,0.152,4.24,0.66
7662,0,0.814327,0.176,3.833,0.598
7663,0,0.814433,0.155,4.182,0.642
7664,0,0.814539,0.157,4.182,0.642
7665,0,0.814646,0.163,4.09,0.632
7666,0,0.814752,0.143,4.481,0.677
7667,0,0.814858,0.15,4.319,0.658
7668,0,0.814964,0.144,4.522,0.678
7669,0,0.815071,0.163,4.113,0.63
7670,0,0.815177,0.169,3.918,0.609
7671,0,0.815283,0.169,3.971,0.626
7672,0,0.815390,0.164,4.095,0.632
7673,0,0.815496,0.163,4.019,0.629
7674,0,0.815602,0.148,4.438,0.668
7675,0,0.815708,0.156,4.229,0.646
7676,0,0.815815,0.174,3.849,0.605
7677,0,0.815921,0.151,4.298,0.66
7678,0,0.816027,0.13,4.751,0.708
7679,0,0.816133,0.151,4.303,0.66
7680,0,0.816240,0.155,4.232,0.647
7681,0,0.816346,0.164,4.073,0.627
7682,0,0.816452,0.156,4.249,0.645
7683,0,0.816559,0.169,3.915,0.611
7684,0,0.816665,0.162,4.076,0.631
7685,0,0.816771,0.142,4.517,0.681
7686,0,0.816877,0.17,3.912,0.614
7687,0,0.816984,0.167,3.967,0.617
7688,0,0.817090,0.153,4.266,0.651
7689,0,0.817196,0.15,4.369,0.664
7690,0,0.817303,0.168,3.933,0.618
7691,0,0.817409,0.151,4.326,0.662
7692,0,0.817515,0.158,4.105,0.64
7693,0,0.817621,0.165,4.06,0.63
7694,0,0.817728,0.153,4.211,0.654
7695,0,0.817834,0.16,4.213,0.637
7696,0,0.817940,0.155,4.203,0.651
7697,0,0.818047,0.166,3.995,0.62
7698,0,0.818153,0.169,3.898,0.612
7699,0,0.818259,0.156,4.17,0.642
7700,0,0.818365,0.14,4.555,0.687
7701,0,0.818472,0.168,3.939,0.613
7702,0,0.818578,0.162,4.1,0.632
7703,0,0.818684,0.148,4.357,0.665
7704,0,0.818791,0.162,4.093,0.634
7705,0,0.818897,0.143,4.514,0.68
7706,0,0.819003,0.151,4.343,0.663
7707,0,0.819109,0.16,4.141,0.638
7708,0,0.819216,0.163,4.056,0.627
7709,0,0.819322,0.153,4.289,0.656
7710,0,0.819428,0.173,3.814,0.604
7711,0,0.819534,0.163,4.058,0.635
7712,0,0.819641,0.146,4.429,0.678
7713,0,0.819747,0.17,3.904,0.61
7714,0,0.819853,0.156,4.227,0.652
7715,0,0.819960,0.162,4.061,0.632
7716,0,0.820066,0.164,4.034,0.63
7717,0,0.820172,0.168,3.943,0.618
7718,0,0.820278,0.165,4.012,0.621
7719,0,0.820385,0.127,4.823,0.718
7720,0,0.820491,0.139,4.604,0.686
7721,0,0.820597,0.168,3.948,0.613
7722,0,0.820704,0.168,3.934,0.613
7723,0,0.820810,0.143,4.535,0.679
7724,0,0.820916,0.149,4.38,0.665
7725,0,0.821022,0.158,4.188,0.644
7726,0,0.821129,0.147,4.403,0.668
7727,0,0.821235,0.142,4.538,0.684
7728,0,0.821341,0.169,3.936,0.615
7729,0,0.821448,0.146,4.412,0.67
7730,0,0.821554,0.158,4.128,0.638
7731,0,0.821660,0.154,4.232,0.652
7732,0,0.821766,0.141,4.521,0.68
7733,0,0.821873,0.175,3.79,0.59
7734,0,0.821979,0.166,4.043,0.617
7735,0,0.822085,0.157,4.168,0.642
7736,0,0.822192,0.142,4.496,0.68
7737,0,0.822298,0.152,4.29,0.655
7738,0,0.822404,0.179,4.094,0.61
7739,0,0.822510,0.16,4.136,0.639
7740,0,0.822617,0.175,3.852,0.599
7741,0,0.822723,0.134,4.75,0.699
7742,0,0.822829,0.166,4.035,0.623
7743,0,0.822935,0.182,3.63,0.577
7744,0,0.823042,0.164,4.162,0.63
7745,0,0.823148,0.164,4.029,0.632
7746,0,0.823254,0.142,4.58,0.684
7747,0,0.823361,0.164,4.108,0.634
7748,0,0.823467,0.153,4.328,0.653
7749,0,0.823573,0.164,4.025,0.63
7750,0,0.823679,0.161,4.167,0.638
7752,0,0.823892,0.154,4.285,0.657
7753,0,0.823998,0.141,4.578,0.692
7754,0,0.824105,0.158,4.172,0.64
7755,0,0.824211,0.173,3.909,0.615
7756,0,0.824317,0.187,3.535,0.586
7757,0,0.824423,0.142,4.529,0.685
7758,0,0.824530,0.134,4.738,0.697
7759,0,0.824636,0.154,4.231,0.649
7760,0,0.824742,0.157,4.205,0.638
7761,0,0.824849,0.167,3.986,0.615
7762,0,0.824955,0.158,4.185,0.638
7763,0,0.825061,0.146,4.456,0.671
7764,0,0.825167,0.154,4.31,0.648
7765,0,0.825274,0.171,3.934,0.61
7766,0,0.825380,0.143,4.484,0.679
7767,0,0.825486,0.146,4.418,0.672
7768,0,0.825593,0.132,4.736,0.709
7769,0,0.825699,0.152,4.311,0.66
7770,0,0.825805,0.18,3.688,0.59
7771,0,0.825911,0.165,4.152,0.645
7772,0,0.826018,0.17,3.946,0.609
7773,0,0.826124,0.153,4.246,0.658
7774,0,0.826230,0.156,4.3,0.649
7775,0,0.826336,0.15,4.328,0.663
7776,0,0.826443,0.167,4.033,0.62
7777,0,0.826549,0.167,3.97,0.625
7778,0,0.826655,0.149,4.317,0.662
7779,0,0.826762,0.153,4.209,0.653
7780,0,0.826868,0.157,4.217,0.648
7781,0,0.826974,0.159,4.18,0.641
7782,0,0.827080,0.144,4.552,0.681
7783,0,0.827187,0.174,3.883,0.604
7784,0,0.827293,0.183,3.711,0.587
7785,0,0.827399,0.161,4.153,0.634
7786,0,0.827506,0.142,4.498,0.68
7787,0,0.827612,0.157,4.209,0.645
7788,0,0.827718,0.164,4.045,0.627
7789,0,0.827824,0.188,3.597,0.574
7790,0,0.827931,0.172,3.892,0.605
7791,0,0.828037,0.139,4.59,0.691
7792,0,0.828143,0.163,4.03,0.628
7793,0,0.828250,0.175,3.891,0.603
7794,0,0.828356,0.17,3.924,0.61
7795,0,0.828462,0.163,4.101,0.627
7796,0,0.828568,0.164,4.105,0.634
7797,0,0.828675,0.159,4.184,0.651
7798,0,0.828781,0.163,4.077,0.63
7799,0,0.828887,0.165,4.053,0.623
7800,0,0.828994,0.152,4.257,0.652
7801,0,0.829100,0.178,3.696,0.585
7802,0,0.829206,0.168,3.951,0.617
7803,0,0.829312,0.167,4.075,0.633
7804,0,0.829419,0.165,4.029,0.626
7805,0,0.829525,0.157,4.214,0.64
7806,0,0.829631,0.169,3.9,0.621
7807,0,0.829737,0.159,4.153,0.644
7808,0,0.829844,0.159,4.135,0.636
7809,0,0.829950,0.162,4.05,0.63
7810,0,0.830056,0.119,5.054,0.734
7811,0,0.830163,0.148,4.433,0.669
7812,0,0.830269,0.153,4.279,0.649
7813,0,0.830375,0.141,4.528,0.683
7814,0,0.830481,0.156,4.176,0.645
7815,0,0.830588,0.181,3.71,0.579
7816,0,0.830694,0.159,4.125,0.638
7817,0,0.830800,0.149,4.348,0.665
7818,0,0.830907,0.157,4.192,0.644
7819,0,0.831013,0.167,3.908,0.618
7820,0,0.831119,0.152,4.282,0.655
7821,0,0.831225,0.181,3.676,0.581
7822,0,0.831332,0.145,4.376,0.67
7823,0,0.831438,0.177,3.753,0.59
7824,0,0.831544,0.146,4.402,0.671
7825,0,0.831651,0.143,4.455,0.677
7826,0,0.831757,0.149,4.369,0.655
7827,0,0.831863,0.147,4.429,0.669
7828,0,0.831969,0.157,4.249,0.642
7829,0,0.832076,0.183,3.628,0.574
7830,0,0.832182,0.165,4.044,0.624
7831,0,0.832288,0.156,4.198,0.641
7832,0,0.832395,0.16,4.098,0.637
7833,0,0.832501,0.162,4.096,0.624
7834,0,0.832607,0.166,4.036,0.615
7835,0,0.832713,0.141,4.548,0.684
7836,0,0.832820,0.148,4.337,0.67
7837,0,0.832926,0.147,4.363,0.672
7838,0,0.833032,0.157,4.154,0.641
7839,0,0.833138,0.157,4.161,0.642
7840,0,0.833245,0.169,3.916,0.615
7841,0,0.833351,0.156,4.242,0.647
7842,0,0.833457,0.145,4.44,0.667
7843,0,0.833564,0.182,3.679,0.585
7844,0,0.833670,0.164,4.159,0.645
7845,0,0.833776,0.176,3.737,0.593
7846,0,0.833882,0.181,3.69,0.582
7847,0,0.833989,0.157,4.167,0.643
7848,0,0.834095,0.152,4.361,0.661
7849,0,0.834201,0.153,4.247,0.657
7850,0,0.834308,0.175,3.774,0.599
7851,0,0.834414,0.173,3.853,0.599
7852,0,0.834520,0.168,3.922,0.615
7853,0,0.834626,0.139,4.577,0.687
7854,0,0.834733,0.164,4.072,0.628
7855,0,0.834839,0.167,3.95,0.615
7856,0,0.834945,0.151,4.338,0.655
7857,0,0.835052,0.171,3.886,0.609
7858,0,0.835158,0.14,4.545,0.687
7859,0,0.835264,0.169,3.927,0.611
7860,0,0.835370,0.161,4.182,0.63
7861,0,0.835477,0.164,4.036,0.629
7862,0,0.835583,0.141,4.503,0.681
7863,0,0.835689,0.15,4.365,0.661
7864,0,0.835796,0.14,4.554,0.686
7865,0,0.835902,0.164,4.013,0.627
7866,0,0.836008,0.167,3.964,0.618
7867,0,0.836114,0.204,3.467,0.551
7868,0,0.836221,0.154,4.249,0.653
7869,0,0.836327,0.157,4.206,0.647
7870,0,0.836433,0.176,3.831,0.592
7871,0,0.836539,0.166,4.04,0.623
7872,0,0.836646,0.155,4.236,0.649
7873,0,0.836752,0.17,3.879,0.611
7874,0,0.836858,0.164,4.056,0.632
7875,0,0.836965,0.158,4.142,0.634
7876,0,0.837071,0.174,3.826,0.6
7877,0,0.837177,0.165,4.021,0.625
7878,0,0.837283,0.173,3.911,0.61
7879,0,0.837390,0.153,4.309,0.653
7880,0,0.837496,0.183,3.681,0.585
7881,0,0.837602,0.149,4.418,0.668
7882,0,0.837709,0.154,4.296,0.657
7883,0,0.837815,0.194,3.427,0.554
7884,0,0.837921,0.16,4.063,0.64
7885,0,0.838027,0.149,4.355,0.663
7886,0,0.838134,0.147,4.413,0.676
7887,0,0.838240,0.161,4.227,0.645
7888,0,0.838346,0.154,4.239,0.654
7889,0,0.838453,0.163,4.091,0.628
7890,0,0.838559,0.165,4.041,0.625
7891,0,0.838665,0.159,4.148,0.636
7892,0,0.838771,0.143,4.523,0.683
7893,0,0.838878,0.148,4.386,0.67
7894,0,0.838984,0.149,4.293,0.662
7895,0,0.839090,0.163,4.096,0.632
7896,0,0.839197,0.176,3.772,0.594
7897,0,0.839303,0.168,3.967,0.617
7898,0,0.839409,0.158,4.174,0.647
7899,0,0.839515,0.164,4.085,0.63
7900,0,0.839622,0.17,3.967,0.612
7901,0,0.839728,0.147,4.449,0.669
7902,0,0.839834,0.15,4.339,0.666
7903,0,0.839940,0.141,4.481,0.683
7904,0,0.840047,0.169,3.956,0.612
7905,0,0.840153,0.157,4.182,0.644
7906,0,0.840259,0.148,4.383,0.667
7907,0,0.840366,0.158,4.216,0.644
7908,0,0.840472,0.149,4.446,0.665
7909,0,0.840578,0.166,3.981,0.617
7910,0,0.840684,0.148,4.43,0.659
7911,0,0.840791,0.176,3.812,0.601
7912,0,0.840897,0.167,3.959,0.621
7913,0,0.841003,0.143,4.507,0.678
7914,0,0.841110,0.176,3.851,0.605
7915,0,0.841216,0.158,4.158,0.643
7916,0,0.841322,0.153,4.243,0.654
7917,0,0.841428,0.152,4.296,0.656
7918,0,0.841535,0.158,4.141,0.639
7919,0,0.841641,0.146,4.435,0.673
7920,0,0.841747,0.153,4.273,0.653
7921,0,0.841854,0.161,4.11,0.642
7922,0,0.841960,0.147,4.428,0.674
7923,0,0.842066,0.159,4.103,0.634
7924,0,0.842172,0.161,4.094,0.64
7925,0,0.842279,0.164,4.052,0.633
7926,0,0.842385,0.178,3.682,0.588
7927,0,0.842491,0.157,4.198,0.644
7928,0,0.842598,0.144,4.507,0.678
7929,0,0.842704,0.155,4.26,0.647
7930,0,0.842810,0.16,4.137,0.631
7931,0,0.842916,0.157,4.334,0.653
7932,0,0.843023,0.173,3.819,0.603
7933,0,0.843129,0.166,4.029,0.619
7934,0,0.843235,0.184,3.61,0.571
7935,0,0.843341,0.151,4.299,0.655
7936,0,0.843448,0.166,3.998,0.62
7937,0,0.843554,0.15,4.362,0.661
7938,0,0.843660,0.163,4.064,0.627
7939,0,0.843767,0.164,4.016,0.625
7940,0,0.843873,0.153,4.279,0.648
7941,0,0.843979,0.16,4.196,0.636
7942,0,0.844085,0.168,3.985,0.62
7943,0,0.844192,0.178,3.755,0.595
7944,0,0.844298,0.18,3.676,0.587
7945,0,0.844404,0.143,4.448,0.675
7946,0,0.844511,0.163,4.038,0.638
7947,0,0.844617,0.154,4.226,0.655
7948,0,0.844723,0.167,3.94,0.62
7949,0,0.844829,0.147,4.398,0.667
7950,0,0.844936,0.15,4.324,0.66
7951,0,0.845042,0.161,4.071,0.634
7952,0,0.845148,0.146,4.427,0.67
7953,0,0.845255,0.148,4.411,0.67
7954,0,0.845361,0.168,3.902,0.618
7955,0,0.845467,0.162,4.112,0.634
7956,0,0.845573,0.156,4.223,0.644
7957,0,0.845680,0.15,4.313,0.657
7958,0,0.845786,0.164,4.017,0.62
7959,0,0.845892,0.165,4.008,0.622
7960,0,0.845999,0.145,4.469,0.673
7961,0,0.846105,0.147,4.408,0.66
7962,0,0.846211,0.141,4.558,0.686
7963,0,0.846317,0.178,3.803,0.59
7964,0,0.846424,0.173,3.897,0.603
7965,0,0.846530,0.158,4.174,0.637
7966,0,0.846636,0.157,4.151,0.644
7967,0,0.846742,0.142,4.489,0.679
7968,0,0.846849,0.155,4.197,0.643
7969,0,0.846955,0.144,4.536,0.677
7970,0,0.847061,0.139,4.634,0.683
7971,0,0.847168,0.164,3.979,0.632
7972,0,0.847274,0.139,4.615,0.682
7973,0,0.847380,0.174,3.783,0.603
7974,0,0.847486,0.146,4.448,0.668
7975,0,0.847593,0.138,4.578,0.691
7976,0,0.847699,0.15,4.402,0.666
7977,0,0.847805,0.153,4.233,0.648
7978,0,0.847912,0.171,3.936,0.61
7979,0,0.848018,0.162,4.101,0.631
7980,0,0.848124,0.164,4.06,0.627
7981,0,0.848230,0.172,3.847,0.604
7982,0,0.848337,0.152,4.319,0.656
7983,0,0.848443,0.158,4.187,0.638
7984,0,0.848549,0.173,3.843,0.604
7985,0,0.848656,0.15,4.328,0.663
7986,0,0.848762,0.151,4.328,0.657
7987,0,0.848868,0.169,3.881,0.616
7988,0,0.848974,0.178,3.694,0.592
7989,0,0.849081,0.179,3.697,0.588
7990,0,0.849187,0.158,4.178,0.639
7991,0,0.849293,0.131,4.798,0.713
7992,0,0.849400,0.146,4.438,0.673
7993,0,0.849506,0.153,4.264,0.65
7994,0,0.849612,0.164,4.066,0.629
7995,0,0.849718,0.142,4.518,0.676
7996,0,0.849825,0.169,3.911,0.612
7997,0,0.849931,0.146,4.358,0.67
7998,0,0.850037,0.153,4.312,0.652
7999,0,0.850143,0.208,3.94,0.606
8000,0,0.850250,0.163,4.011,0.636
8001,0,0.850356,0.153,4.236,0.652
8002,0,0.850462,0.15,4.375,0.661
8003,0,0.850569,0.155,4.239,0.646
8004,0,0.850675,0.138,4.608,0.694
8005,0,0.850781,0.165,3.921,0.624
8006,0,0.850887,0.159,4.132,0.641
8007,0,0.850994,0.135,4.741,0.697
8008,0,0.851100,0.153,4.328,0.653
8009,0,0.851206,0.157,4.225,0.649
8010,0,0.851313,0.153,4.254,0.65
8011,0,0.851419,0.153,4.289,0.657
8012,0,0.851525,0.168,3.946,0.618
8013,0,0.851631,0.166,4.037,0.618
8014,0,0.851738,0.153,4.266,0.655
8015,0,0.851844,0.162,4.104,0.631
8016,0,0.851950,0.165,4.055,0.618
8017,0,0.852057,0.142,4.577,0.685
8018,0,0.852163,0.158,4.181,0.643
8019,0,0.852269,0.147,4.436,0.672
8020,0,0.852375,0.167,3.982,0.621
8021,0,0.852482,0.182,3.652,0.581
8022,0,0.852588,0.151,4.367,0.658
8023,0,0.852694,0.138,4.634,0.691
8024,0,0.852801,0.146,4.407,0.668
8025,0,0.852907,0.144,4.465,0.668
8026,0,0.853013,0.15,4.298,0.667
8027,0,0.853119,0.165,4.051,0.627
8028,0,0.853226,0.148,4.413,0.664
8029,0,0.853332,0.131,4.795,0.712
8030,0,0.853438,0.159,4.166,0.638
8031,0,0.853544,0.16,4.138,0.639
8032,0,0.853651,0.174,3.835,0.591
8033,0,0.853757,0.161,4.136,0.637
8034,0,0.853863,0.156,4.267,0.652
8035,0,0.853970,0.167,3.889,0.62
8036,0,0.854076,0.153,4.301,0.656
8037,0,0.854182,0.161,4.148,0.632
8038,0,0.854288,0.167,3.973,0.614
8039,0,0.854395,0.158,4.212,0.641
8040,0,0.854501,0.156,4.21,0.653
8041,0,0.854607,0.152,4.39,0.666
8042,0,0.854714,0.16,4.107,0.638
8043,0,0.854820,0.171,3.921,0.611
8044,0,0.854926,0.156,4.234,0.645
8045,0,0.855032,0.163,4.038,0.626
8046,0,0.855139,0.148,4.414,0.661
8047,0,0.855245,0.144,4.416,0.672
8048,0,0.855351,0.178,3.764,0.588
8049,0,0.855458,0.165,4.038,0.631
8050,0,0.855564,0.142,4.476,0.674
8051,0,0.855670,0.151,4.283,0.662
8052,0,0.855776,0.168,3.91,0.607
8053,0,0.855883,0.165,3.998,0.624
8054,0,0.855989,0.155,4.235,0.644
8055,0,0.856095,0.161,4.136,0.632
8056,0,0.856202,0.145,4.501,0.675
8057,0,0.856308,0.156,4.189,0.643
8058,0,0.856414,0.171,3.851,0.602
8059,0,0.856520,0.158,4.19,0.645
8060,0,0.856627,0.153,4.29,0.651
8061,0,0.856733,0.165,4.02,0.629
8062,0,0.856839,0.166,3.975,0.623
8063,0,0.856945,0.141,4.479,0.679
8064,0,0.857052,0.162,4.037,0.636
8065,0,0.857158,0.142,4.44,0.678
8066,0,0.857264,0.158,4.139,0.638
8067,0,0.857371,0.129,4.822,0.719
8068,0,0.857477,0.158,4.166,0.644
8069,0,0.857583,0.151,4.315,0.66
8070,0,0.857689,0.166,3.993,0.624
8071,0,0.857796,0.166,3.975,0.62
8072,0,0.857902,0.133,4.717,0.703
8073,0,0.858008,0.165,4.043,0.622
8074,0,0.858115,0.154,4.246,0.658
8075,0,0.858221,0.159,4.144,0.64
8076,0,0.858327,0.164,4.127,0.637
8077,0,0.858433,0.171,3.866,0.61
8078,0,0.858540,0.15,4.393,0.669
8079,0,0.858646,0.163,4.097,0.627
8080,0,0.858752,0.154,4.253,0.651
8081,0,0.858859,0.133,4.705,0.698
8082,0,0.858965,0.174,3.832,0.599
8083,0,0.859071,0.155,4.175,0.644
8084,0,0.859177,0.158,4.281,0.654
8085,0,0.859284,0.162,4.058,0.631
8086,0,0.859390,0.152,4.278,0.653
8087,0,0.859496,0.128,4.846,0.71
8088,0,0.859603,0.153,4.231,0.654
8089,0,0.859709,0.155,4.266,0.65
8090,0,0.859815,0.142,4.531,0.675
8091,0,0.859921,0.144,4.48,0.671
8092,0,0.860028,0.165,4.018,0.616
8093,0,0.860134,0.156,4.191,0.643
8094,0,0.860240,0.148,4.346,0.666
8095,0,0.860346,0.153,4.284,0.656
8096,0,0.860453,0.146,4.417,0.672
8097,0,0.860559,0.169,3.944,0.619
8098,0,0.860665,0.162,4.154,0.634
8099,0,0.860772,0.165,4.042,0.62
8100,0,0.860878,0.146,4.413,0.665
8101,0,0.860984,0.141,4.484,0.686
8102,0,0.861090,0.149,4.398,0.668
8103,0,0.861197,0.156,4.193,0.645
8104,0,0.861303,0.186,3.612,0.572
8105,0,0.861409,0.167,3.949,0.618
8106,0,0.861516,0.166,4.006,0.619
8107,0,0.861622,0.153,4.201,0.649
8108,0,0.861728,0.165,4.034,0.628
8109,0,0.861834,0.168,3.951,0.616
8110,0,0.861941,0.16,4.105,0.635
8111,0,0.862047,0.158,4.159,0.639
8112,0,0.862153,0.153,4.243,0.651
8113,0,0.862260,0.167,3.967,0.617
8114,0,0.862366,0.163,4.028,0.624
8115,0,0.862472,0.152,4.271,0.657
8116,0,0.862578,0.147,4.388,0.667
8117,0,0.862685,0.161,4.082,0.639
8118,0,0.862791,0.16,4.123,0.637
8119,0,0.862897,0.15,4.323,0.663
8120,0,0.863004,0.143,4.498,0.684
8121,0,0.863110,0.133,4.706,0.7
8122,0,0.863216,0.162,4.062,0.634
8123,0,0.863322,0.15,4.403,0.659
8124,0,0.863429,0.142,4.558,0.684
8125,0,0.863535,0.137,4.626,0.692
8126,0,0.863641,0.177,3.778,0.593
8127,0,0.863747,0.151,4.262,0.662
8128,0,0.863854,0.165,3.997,0.628
8129,0,0.863960,0.152,4.296,0.657
8130,0,0.864066,0.181,3.693,0.584
8131,0,0.864173,0.149,4.347,0.666
8132,0,0.864279,0.145,4.441,0.673
8133,0,0.864385,0.164,4.019,0.629
8134,0,0.864491,0.158,4.155,0.645
8135,0,0.864598,0.156,4.233,0.641
8136,0,0.864704,0.138,4.505,0.697
8137,0,0.864810,0.143,4.465,0.683
8138,0,0.864917,0.173,3.825,0.604
8139,0,0.865023,0.153,4.34,0.657
8140,0,0.865129,0.151,4.36,0.662
8141,0,0.865235,0.14,4.526,0.687
8142,0,0.865342,0.153,4.29,0.652
8143,0,0.865448,0.156,4.199,0.642
8144,0,0.865554,0.17,3.932,0.614
8145,0,0.865661,0.155,4.274,0.656
8146,0,0.865767,0.151,4.337,0.656
8147,0,0.865873,0.171,3.94,0.612
8148,0,0.865979,0.162,4.069,0.632
8149,0,0.866086,0.157,4.28,0.648
8150,0,0.866192,0.167,3.988,0.618
8151,0,0.866298,0.156,4.187,0.647
8152,0,0.866405,0.165,4.018,0.62
8153,0,0.866511,0.157,4.197,0.647
8154,0,0.866617,0.17,3.886,0.617
8155,0,0.866723,0.149,4.371,0.667
8156,0,0.866830,0.156,4.175,0.643
8157,0,0.866936,0.186,3.634,0.581
8158,0,0.867042,0.153,4.295,0.649
8159,0,0.867148,0.149,4.412,0.664
8160,0,0.867255,0.186,3.586,0.574
8161,0,0.867361,0.147,4.43,0.665
8162,0,0.867467,0.166,3.994,0.623
8163,0,0.867574,0.142,4.487,0.683
8164,0,0.867680,0.157,4.197,0.647
8165,0,0.867786,0.156,4.244,0.653
8166,0,0.867892,0.154,4.223,0.643
8167,0,0.867999,0.156,4.174,0.65
8168,0,0.868105,0.173,3.845,0.604
8169,0,0.868211,0.158,4.17,0.645
8170,0,0.868318,0.141,4.543,0.68
8171,0,0.868424,0.159,4.178,0.635
8172,0,0.868530,0.162,4.092,0.634
8173,0,0.868636,0.159,4.172,0.642
8174,0,0.868743,0.162,4.085,0.632
8175,0,0.868849,0.139,4.573,0.683
8176,0,0.868955,0.16,4.126,0.639
8177,0,0.869062,0.153,4.284,0.652
8178,0,0.869168,0.156,4.217,0.648
8179,0,0.869274,0.166,4.008,0.624
8180,0,0.869380,0.155,4.184,0.646
8181,0,0.869487,0.159,4.131,0.634
8182,0,0.869593,0.152,4.275,0.655
8183,0,0.869699,0.149,4.368,0.663
8184,0,0.869806,0.153,4.314,0.663
8185,0,0.869912,0.161,4.122,0.641
8186,0,0.870018,0.167,3.952,0.621
8187,0,0.870124,0.139,4.582,0.687
8188,0,0.870231,0.156,4.21,0.647
8189,0,0.870337,0.163,4.057,0.63
8190,0,0.870443,0.154,4.209,0.646
8191,0,0.870549,0.164,4.039,0.63
8192,0,0.870656,0.168,3.953,0.617
8193,0,0.870762,0.145,4.427,0.681
8194,0,0.870868,0.164,4.028,0.626
8195,0,0.870975,0.138,4.632,0.691
8196,0,0.871081,0.156,4.203,0.642
8197,0,0.871187,0.149,4.365,0.666
8198,0,0.871293,0.176,3.798,0.601
8199,0,0.871400,0.149,4.424,0.662
8200,0,0.871506,0.165,4.006,0.622
8201,0,0.871612,0.163,4.046,0.638
8202,0,0.871719,0.168,3.988,0.619
8203,0,0.871825,0.174,3.88,0.603
8204,0,0.871931,0.16,4.169,0.635
8205,0,0.872037,0.144,4.439,0.674
8206,0,0.872144,0.168,3.942,0.618
8207,0,0.872250,0.172,3.869,0.601
8208,0,0.872356,0.153,4.259,0.654
8209,0,0.872463,0.154,4.331,0.652
8210,0,0.872569,0.151,4.326,0.661
8211,0,0.872675,0.152,4.255,0.655
8212,0,0.872781,0.14,4.602,0.682
8213,0,0.872888,0.182,3.706,0.583
8214,0,0.872994,0.138,4.575,0.694
8215,0,0.873100,0.159,4.114,0.645
8216,0,0.873207,0.136,4.646,0.693
8217,0,0.873313,0.159,4.134,0.639
8218,0,0.873419,0.169,3.891,0.614
8219,0,0.873525,0.144,4.488,0.676
8220,0,0.873632,0.147,4.444,0.672
8221,0,0.873738,0.167,3.934,0.619
8222,0,0.873844,0.135,4.708,0.696
8223,0,0.873950,0.164,4.054,0.632
8224,0,0.874057,0.17,3.94,0.611
8225,0,0.874163,0.153,4.358,0.646
8226,0,0.874269,0.162,4.028,0.635
8227,0,0.874376,0.15,4.402,0.667
8228,0,0.874482,0.146,4.412,0.671
8229,0,0.874588,0.166,3.956,0.614
8230,0,0.874694,0.151,4.383,0.664
8231,0,0.874801,0.161,4.065,0.636
8232,0,0.874907,0.149,4.347,0.668
8233,0,0.875013,0.166,3.983,0.62
8234,0,0.875120,0.181,3.684,0.58
8235,0,0.875226,0.163,4.062,0.632
8236,0,0.875332,0.169,3.873,0.611
8237,0,0.875438,0.17,3.872,0.609
8238,0,0.875545,0.16,4.109,0.634
8239,0,0.875651,0.154,4.279,0.652
8240,0,0.875757,0.165,4.006,0.624
8241,0,0.875864,0.163,4.027,0.627
8242,0,0.875970,0.163,4.059,0.628
8243,0,0.876076,0.156,4.193,0.646
8244,0,0.876182,0.153,4.282,0.659
8245,0,0.876289,0.149,4.344,0.663
8246,0,0.876395,0.136,4.701,0.696
8247,0,0.876501,0.144,4.472,0.673
8248,0,0.876608,0.175,3.821,0.601
8249,0,0.876714,0.149,4.38,0.66
8250,0,0.876820,0.14,4.512,0.689
8251,0,0.876926,0.146,4.44,0.672
8252,0,0.877033,0.181,3.635,0.578
8253,0,0.877139,0.142,4.506,0.684
8254,0,0.877245,0.152,4.247,0.655
8255,0,0.877351,0.156,4.181,0.649
8256,0,0.877458,0.167,3.989,0.619
8257,0,0.877564,0.177,3.78,0.592
8258,0,0.877670,0.143,4.503,0.677
8259,0,0.877777,0.164,4.16,0.632
8260,0,0.877883,0.166,3.973,0.618
8261,0,0.877989,0.158,4.14,0.64
8262,0,0.878095,0.156,4.213,0.648
8263,0,0.878202,0.142,4.521,0.686
8264,0,0.878308,0.147,4.463,0.669
8265,0,0.878414,0.153,4.295,0.657
8266,0,0.878521,0.149,4.367,0.672
8267,0,0.878627,0.169,3.93,0.611
8268,0,0.878733,0.178,3.687,0.592
8269,0,0.878839,0.159,4.221,0.64
8270,0,0.878946,0.153,4.226,0.649
8271,0,0.879052,0.161,4.136,0.637
8272,0,0.879158,0.165,3.997,0.628
8273,0,0.879265,0.144,4.46,0.675
8274,0,0.879371,0.136,4.606,0.693
8275,0,0.879477,0.155,4.22,0.649
8276,0,0.879583,0.149,4.309,0.665
8277,0,0.879690,0.149,4.363,0.662
8278,0,0.879796,0.143,4.453,0.673
8279,0,0.879902,0.174,3.84,0.605
8280,0,0.880009,0.165,3.971,0.623
8281,0,0.880115,0.136,4.62,0.694
8282,0,0.880221,0.154,4.24,0.64
8283,0,0.880327,0.153,4.266,0.654
8284,0,0.880434,0.129,4.742,0.709
8285,0,0.880540,0.182,3.629,0.581
8286,0,0.880646,0.151,4.311,0.666
8287,0,0.880752,0.163,4.059,0.628
8288,0,0.880859,0.153,4.322,0.651
8289,0,0.880965,0.163,4.082,0.629
8290,0,0.881071,0.16,4.113,0.639
8291,0,0.881178,0.162,4.145,0.626
8292,0,0.881284,0.159,4.15,0.64
8293,0,0.881390,0.134,4.68,0.698
8294,0,0.881496,0.158,4.172,0.645
8295,0,0.881603,0.142,4.516,0.676
8296,0,0.881709,0.168,3.928,0.619
8297,0,0.881815,0.145,4.446,0.671
8298,0,0.881922,0.156,4.138,0.645
8299,0,0.882028,0.178,3.732,0.593
8300,0,0.882134,0.161,4.079,0.635
8301,0,0.882240,0.16,4.104,0.635
8302,0,0.882347,0.113,5.125,0.754
8303,0,0.882453,0.139,4.584,0.687
8304,0,0.882559,0.157,4.205,0.643
8305,0,0.882666,0.144,4.422,0.673
8306,0,0.882772,0.154,4.246,0.653
8307,0,0.882878,0.151,4.361,0.658
8308,0,0.882984,0.156,4.2,0.644
8309,0,0.883091,0.157,4.231,0.644
8310,0,0.883197,0.144,4.483,0.676
8311,0,0.883303,0.167,3.943,0.621
8312,0,0.883410,0.145,4.473,0.673
8313,0,0.883516,0.165,3.988,0.621
8314,0,0.883622,0.151,4.327,0.651
8315,0,0.883728,0.177,3.805,0.586
8316,0,0.883835,0.173,3.837,0.603
8317,0,0.883941,0.16,4.073,0.634
8318,0,0.884047,0.164,4.019,0.617
8319,0,0.884153,0.168,3.987,0.616
8320,0,0.884260,0.164,4.064,0.625
8321,0,0.884366,0.15,4.307,0.663
8322,0,0.884472,0.147,4.381,0.663
8323,0,0.884579,0.143,4.486,0.673
8324,0,0.884685,0.153,4.245,0.648
8325,0,0.884791,0.164,4.063,0.626
8326,0,0.884897,0.169,3.951,0.614
8327,0,0.885004,0.153,4.201,0.641
8328,0,0.885110,0.138,4.598,0.69
8329,0,0.885216,0.156,4.146,0.645
8330,0,0.885323,0.158,4.175,0.646
8331,0,0.885429,0.169,3.866,0.613
8332,0,0.885535,0.162,4.028,0.624
8333,0,0.885641,0.165,4.022,0.624
8334,0,0.885748,0.138,4.624,0.688
8335,0,0.885854,0.147,4.337,0.667
8336,0,0.885960,0.14,4.487,0.686
8337,0,0.886067,0.141,4.476,0.684
8338,0,0.886173,0.132,4.705,0.703
8339,0,0.886279,0.143,4.59,0.681
8340,0,0.886385,0.137,4.575,0.691
8341,0,0.886492,0.154,4.257,0.653
8342,0,0.886598,0.156,4.216,0.645
8343,0,0.886704,0.139,4.532,0.685
8344,0,0.886811,0.149,4.378,0.666
8345,0,0.886917,0.166,4.007,0.62
8346,0,0.887023,0.152,4.276,0.658
8347,0,0.887129,0.156,4.186,0.642
8348,0,0.887236,0.159,4.189,0.641
8349,0,0.887342,0.152,4.249,0.658
8350,0,0.887448,0.144,4.479,0.678
8351,0,0.887554,0.175,3.76,0.601
8352,0,0.887661,0.164,4.188,0.643
8353,0,0.887767,0.177,3.708,0.588
8354,0,0.887873,0.155,4.228,0.651
8355,0,0.887980,0.161,4.114,0.634
8356,0,0.888086,0.165,4.028,0.621
8357,0,0.888192,0.138,4.568,0.694
8358,0,0.888298,0.165,4.006,0.623
8359,0,0.888405,0.173,3.812,0.605
8360,0,0.888511,0.156,4.177,0.644
8361,0,0.888617,0.166,3.955,0.619
8362,0,0.888724,0.154,4.199,0.655
8363,0,0.888830,0.15,4.327,0.656
8364,0,0.888936,0.152,4.293,0.653
8365,0,0.889042,0.159,4.091,0.639
8366,0,0.889149,0.153,4.275,0.655
8367,0,0.889255,0.157,4.214,0.649
8368,0,0.889361,0.151,4.29,0.663
8369,0,0.889468,0.165,3.99,0.622
8370,0,0.889574,0.165,4.001,0.619
8371,0,0.889680,0.14,4.538,0.683
8372,0,0.889786,0.154,4.22,0.648
8373,0,0.889893,0.164,4.046,0.63
8374,0,0.889999,0.16,4.137,0.642
8375,0,0.890105,0.165,3.965,0.624
8376,0,0.890211,0.159,4.119,0.639
8377,0,0.890318,0.119,5.006,0.736
8378,0,0.890424,0.161,4.102,0.631
8379,0,0.890530,0.145,4.452,0.674
8380,0,0.890637,0.166,4.024,0.623
8381,0,0.890743,0.145,4.437,0.675
8382,0,0.890849,0.149,4.396,0.661
8383,0,0.890955,0.157,4.224,0.637
8384,0,0.891062,0.133,4.68,0.707
8385,0,0.891168,0.149,4.377,0.663
8386,0,0.891274,0.151,4.367,0.663
8387,0,0.891381,0.141,4.497,0.687
8388,0,0.891487,0.149,4.353,0.663
8389,0,0.891593,0.168,3.901,0.616
8390,0,0.891699,0.165,4.012,0.622
8391,0,0.891806,0.142,4.539,0.685
8392,0,0.891912,0.153,4.269,0.647
8393,0,0.892018,0.16,4.186,0.634
8394,0,0.892125,0.164,4.073,0.63
8395,0,0.892231,0.159,4.096,0.634
8396,0,0.892337,0.173,3.848,0.599
8397,0,0.892443,0.153,4.239,0.65
8398,0,0.892550,0.156,4.15,0.644
8399,0,0.892656,0.169,4.002,0.606
8400,0,0.892762,0.158,4.136,0.639
8401,0,0.892869,0.169,3.907,0.613
8402,0,0.892975,0.149,4.316,0.662
8403,0,0.893081,0.152,4.267,0.658
8404,0,0.893187,0.153,4.328,0.651
8405,0,0.893294,0.15,4.327,0.661
8406,0,0.893400,0.156,4.28,0.648
8407,0,0.893506,0.151,4.315,0.663
8408,0,0.893612,0.179,3.688,0.588
8409,0,0.893719,0.178,3.748,0.587
8410,0,0.893825,0.175,3.849,0.601
8411,0,0.893931,0.155,4.247,0.652
8412,0,0.894038,0.163,4.055,0.631
8413,0,0.894144,0.153,4.29,0.651
8414,0,0.894250,0.169,3.938,0.616
8415,0,0.894356,0.157,4.13,0.641
8416,0,0.894463,0.171,3.928,0.609
8417,0,0.894569,0.171,3.863,0.608
8418,0,0.894675,0.17,3.972,0.619
8419,0,0.894782,0.165,3.991,0.628
8420,0,0.894888,0.156,4.18,0.643
8421,0,0.894994,0.158,4.204,0.64
8422,0,0.895100,0.151,4.329,0.661
8423,0,0.895207,0.154,4.23,0.654
8424,0,0.895313,0.141,4.535,0.685
8425,0,0.895419,0.132,4.693,0.702
8426,0,0.895526,0.151,4.271,0.657
8427,0,0.895632,0.152,4.272,0.653
8428,0,0.895738,0.157,4.189,0.645
8429,0,0.895844,0.174,3.851,0.604
8430,0,0.895951,0.163,4.021,0.63
8431,0,0.896057,0.15,4.339,0.661
8432,0,0.896163,0.174,3.801,0.604
8433,0,0.896270,0.165,3.994,0.631
8434,0,0.896376,0.164,4.067,0.623
8435,0,0.896482,0.14,4.578,0.687
8436,0,0.896588,0.165,4.022,0.629
8437,0,0.896695,0.153,4.251,0.65
8438,0,0.896801,0.174,3.901,0.608
8439,0,0.896907,0.147,4.375,0.664
8440,0,0.897013,0.14,4.645,0.688
8441,0,0.897120,0.149,4.275,0.668
8442,0,0.897226,0.152,4.238,0.657
8443,0,0.897332,0.157,4.197,0.641
8444,0,0.897439,0.172,3.861,0.607
8445,0,0.897545,0.152,4.289,0.657
8446,0,0.897651,0.131,4.78,0.707
8447,0,0.897757,0.161,4.142,0.636
8448,0,0.897864,0.165,4.042,0.628
8449,0,0.897970,0.166,3.946,0.614
8450,0,0.898076,0.155,4.235,0.649
8451,0,0.898183,0.148,4.337,0.665
8452,0,0.898289,0.147,4.386,0.669
8453,0,0.898395,0.165,4.009,0.623
8454,0,0.898501,0.161,4.14,0.636
8455,0,0.898608,0.153,4.252,0.658
8456,0,0.898714,0.157,4.209,0.641
8457,0,0.898820,0.168,3.917,0.618
8458,0,0.898927,0.153,4.348,0.662
8459,0,0.899033,0.142,4.525,0.689
8460,0,0.899139,0.145,4.44,0.676
8461,0,0.899245,0.166,4.013,0.622
8462,0,0.899352,0.135,4.678,0.699
8463,0,0.899458,0.141,4.601,0.688
8464,0,0.899564,0.152,4.282,0.656
8465,0,0.899671,0.148,4.4,0.669
8466,0,0.899777,0.145,4.496,0.674
8467,0,0.899883,0.179,3.774,0.598
8468,0,0.899989,0.139,4.605,0.694
8469,0,0.900096,0.166,4.011,0.625
8470,0,0.900202,0.157,4.163,0.641
8471,0,0.900308,0.135,4.722,0.698
8472,0,0.900414,0.158,4.14,0.642
8473,0,0.900521,0.174,3.766,0.599
8474,0,0.900627,0.145,4.399,0.67
8475,0,0.900733,0.169,3.908,0.615
8476,0,0.900840,0.141,4.489,0.687
8477,0,0.900946,0.175,3.886,0.6
8478,0,0.901052,0.152,4.292,0.654
8479,0,0.901158,0.14,4.575,0.686
8480,0,0.901265,0.158,4.173,0.644
8481,0,0.901371,0.134,4.646,0.691
8482,0,0.901477,0.158,4.298,0.65
8483,0,0.901584,0.138,4.603,0.686
8484,0,0.901690,0.144,4.483,0.677
8485,0,0.901796,0.147,4.387,0.67
8486,0,0.901902,0.153,4.259,0.654
8487,0,0.902009,0.143,4.486,0.679
8488,0,0.902115,0.154,4.23,0.649
8489,0,0.902221,0.156,4.15,0.647
8490,0,0.902328,0.141,4.509,0.686
8491,0,0.902434,0.167,3.949,0.612
8492,0,0.902540,0.162,4.087,0.638
8493,0,0.902646,0.142,4.466,0.687
8494,0,0.902753,0.159,4.139,0.638
8495,0,0.902859,0.175,3.777,0.598
8496,0,0.902965,0.167,3.966,0.617
8497,0,0.903072,0.163,4.059,0.629
8498,0,0.903178,0.15,4.364,0.661
8499,0,0.903284,0.149,4.369,0.666
8500,0,0.903390,0.155,4.244,0.644
8501,0,0.903497,0.152,4.274,0.662
8502,0,0.903603,0.158,4.194,0.638
8503,0,0.903709,0.151,4.316,0.656
8504,0,0.903815,0.149,4.383,0.658
8505,0,0.903922,0.159,4.196,0.64
8506,0,0.904028,0.135,4.65,0.697
8507,0,0.904134,0.16,4.158,0.637
8508,0,0.904241,0.154,4.227,0.656
8509,0,0.904347,0.175,3.899,0.597
8510,0,0.904453,0.155,4.25,0.649
8511,0,0.904559,0.13,4.788,0.706
8512,0,0.904666,0.164,4.123,0.63
8513,0,0.904772,0.138,4.586,0.689
8514,0,0.904878,0.156,4.202,0.648
8515,0,0.904985,0.161,4.084,0.632
8516,0,0.905091,0.144,4.477,0.679
8517,0,0.905197,0.16,4.047,0.632
8518,0,0.905303,0.172,3.903,0.605
8519,0,0.905410,0.137,4.641,0.694
8520,0,0.905516,0.142,4.495,0.679
8521,0,0.905622,0.144,4.45,0.677
8522,0,0.905729,0.143,4.461,0.676
8523,0,0.905835,0.16,4.126,0.634
8524,0,0.905941,0.15,4.323,0.669
8525,0,0.906047,0.133,4.735,0.705
8526,0,0.906154,0.15,4.309,0.663
8527,0,0.906260,0.14,4.631,0.685
8528,0,0.906366,0.151,4.301,0.655
8529,0,0.906473,0.156,4.239,0.645
8530,0,0.906579,0.156,4.196,0.649
8531,0,0.906685,0.133,4.687,0.7
8532,0,0.906791,0.167,3.985,0.623
8533,0,0.906898,0.167,3.98,0.609
8534,0,0.907004,0.177,3.744,0.591
8535,0,0.907110,0.155,4.34,0.673
8536,0,0.907216,0.152,4.305,0.652
8537,0,0.907323,0.136,4.611,0.692
8538,0,0.907429,0.167,3.977,0.615
8539,0,0.907535,0.157,4.16,0.645
8540,0,0.907642,0.147,4.397,0.664
8541,0,0.907748,0.145,4.443,0.68
8542,0,0.907854,0.153,4.288,0.659
8543,0,0.907960,0.155,4.191,0.646
8544,0,0.908067,0.154,4.261,0.653
8545,0,0.908173,0.16,4.124,0.633
8546,0,0.908279,0.153,4.35,0.656
8547,0,0.908386,0.165,3.988,0.621
8548,0,0.908492,0.128,4.845,0.721
8549,0,0.908598,0.153,4.23,0.649
8550,0,0.908704,0.123,4.922,0.725
8551,0,0.908811,0.148,4.382,0.671
8552,0,0.908917,0.153,4.2,0.649
8553,0,0.909023,0.156,4.229,0.648
8554,0,0.909130,0.141,4.624,0.697
8555,0,0.909236,0.156,4.217,0.649
8556,0,0.909342,0.142,4.506,0.681
8557,0,0.909448,0.176,3.818,0.598
8558,0,0.909555,0.182,3.603,0.584
8559,0,0.909661,0.15,4.307,0.659
8560,0,0.909767,0.167,3.951,0.62
8561,0,0.909874,0.152,4.316,0.655
8562,0,0.909980,0.153,4.334,0.651
8563,0,0.910086,0.144,4.514,0.677
8564,0,0.910192,0.152,4.326,0.657
8565,0,0.910299,0.143,4.525,0.679
8566,0,0.910405,0.14,4.57,0.685
8567,0,0.910511,0.158,4.172,0.635
8568,0,0.910617,0.158,4.135,0.629
8569,0,0.910724,0.148,4.387,0.666
8570,0,0.910830,0.15,4.351,0.664
8571,0,0.910936,0.153,4.28,0.654
8572,0,0.911043,0.143,4.526,0.678
8573,0,0.911149,0.158,4.148,0.634
8574,0,0.911255,0.168,3.925,0.616
8575,0,0.911361,0.16,4.084,0.638
8576,0,0.911468,0.166,3.926,0.62
8577,0,0.911574,0.167,3.917,0.616
8578,0,0.911680,0.156,4.168,0.647
8579,0,0.911787,0.17,3.9,0.609
8580,0,0.911893,0.167,3.989,0.617
8581,0,0.911999,0.152,4.323,0.659
8582,0,0.912105,0.156,4.204,0.645
8583,0,0.912212,0.155,4.248,0.645
8584,0,0.912318,0.155,4.301,0.651
8585,0,0.912424,0.162,4.09,0.635
8586,0,0.912531,0.154,4.247,0.648
8587,0,0.912637,0.149,4.379,0.665
8588,0,0.912743,0.153,4.332,0.651
8589,0,0.912849,0.179,3.71,0.59
8590,0,0.912956,0.161,4.108,0.631
8591,0,0.913062,0.161,4.073,0.634
8592,0,0.913168,0.171,3.86,0.607
8593,0,0.913275,0.137,4.624,0.691
8594,0,0.913381,0.169,3.907,0.615
8595,0,0.913487,0.16,4.114,0.64
8596,0,0.913593,0.14,4.606,0.689
8597,0,0.913700,0.133,4.704,0.7
8598,0,0.913806,0.13,4.803,0.715
8599,0,0.913912,0.153,4.27,0.66
8600,0,0.914018,0.153,4.225,0.657
8601,0,0.914125,0.169,3.912,0.618
8602,0,0.914231,0.159,4.151,0.643
8603,0,0.914337,0.163,4.074,0.622
8604,0,0.914444,0.16,4.215,0.641
8605,0,0.914550,0.159,4.154,0.643
8606,0,0.914656,0.149,4.363,0.67
8607,0,0.914762,0.151,4.311,0.656
8608,0,0.914869,0.167,3.923,0.617
8609,0,0.914975,0.148,4.424,0.671
8610,0,0.915081,0.151,4.327,0.663
8611,0,0.915188,0.146,4.483,0.669
8612,0,0.915294,0.166,4.033,0.618
8613,0,0.915400,0.161,4.069,0.637
8614,0,0.915506,0.151,4.354,0.661
8615,0,0.915613,0.14,4.592,0.688
8616,0,0.915719,0.149,4.369,0.662
8617,0,0.915825,0.172,3.869,0.61
8618,0,0.915932,0.173,3.883,0.603
8619,0,0.916038,0.167,3.965,0.617
8620,0,0.916144,0.157,4.148,0.639
8621,0,0.916250,0.142,4.531,0.679
8622,0,0.916357,0.178,3.712,0.59
8623,0,0.916463,0.165,4.003,0.623
8624,0,0.916569,0.156,4.229,0.643
8625,0,0.916676,0.153,4.242,0.653
8626,0,0.916782,0.16,4.143,0.639
8627,0,0.916888,0.151,4.366,0.658
8628,0,0.916994,0.159,4.14,0.637
8629,0,0.917101,0.17,3.91,0.618
8630,0,0.917207,0.137,4.593,0.692
8631,0,0.917313,0.148,4.359,0.663
8632,0,0.917419,0.141,4.502,0.686
8633,0,0.917526,0.162,4.094,0.628
8634,0,0.917632,0.134,4.728,0.699
8635,0,0.917738,0.153,4.249,0.652
8636,0,0.917845,0.183,3.692,0.581
8637,0,0.917951,0.162,4.079,0.636
8638,0,0.918057,0.134,4.68,0.703
8639,0,0.918163,0.162,4.095,0.634
8640,0,0.918270,0.168,3.958,0.619
8641,0,0.918376,0.164,4.059,0.631
8642,0,0.918482,0.131,4.741,0.709
8643,0,0.918589,0.159,4.161,0.638
8644,0,0.918695,0.148,4.447,0.662
8645,0,0.918801,0.147,4.402,0.668
8646,0,0.918907,0.146,4.357,0.674
8647,0,0.919014,0.129,4.785,0.714
8648,0,0.919120,0.15,4.326,0.656
8649,0,0.919226,0.177,3.698,0.59
8650,0,0.919333,0.156,4.183,0.646
8651,0,0.919439,0.152,4.345,0.658
8652,0,0.919545,0.149,4.346,0.666
8653,0,0.919651,0.142,4.504,0.684
8654,0,0.919758,0.149,4.318,0.659
8655,0,0.919864,0.145,4.416,0.671
8656,0,0.919970,0.145,4.434,0.672
8657,0,0.920077,0.148,4.423,0.668
8658,0,0.920183,0.134,4.691,0.698
8659,0,0.920289,0.171,3.938,0.61
8660,0,0.920395,0.131,4.758,0.71
8661,0,0.920502,0.172,3.862,0.611
8662,0,0.920608,0.131,4.755,0.709
8663,0,0.920714,0.144,4.48,0.679
8664,0,0.920820,0.161,4.101,0.634
8665,0,0.920927,0.153,4.302,0.658
8666,0,0.921033,0.153,4.317,0.656
8667,0,0.921139,0.155,4.262,0.652
8668,0,0.921246,0.153,4.237,0.656
8669,0,0.921352,0.171,3.869,0.603
8670,0,0.921458,0.154,4.247,0.653
8671,0,0.921564,0.162,3.986,0.629
8672,0,0.921671,0.143,4.489,0.672
8673,0,0.921777,0.15,4.337,0.662
8674,0,0.921883,0.176,3.774,0.592
8675,0,0.921990,0.16,4.137,0.633
8676,0,0.922096,0.16,4.124,0.633
8677,0,0.922202,0.172,3.804,0.6
8678,0,0.922308,0.141,4.522,0.679
8679,0,0.922415,0.142,4.485,0.684
8680,0,0.922521,0.163,4.109,0.635
8681,0,0.922627,0.158,4.118,0.636
8682,0,0.922734,0.162,4.158,0.637
8683,0,0.922840,0.153,4.316,0.649
8684,0,0.922946,0.149,4.321,0.662
8685,0,0.923052,0.145,4.374,0.667
8686,0,0.923159,0.156,4.175,0.65
8687,0,0.923265,0.142,4.533,0.679
8688,0,0.923371,0.139,4.597,0.688
8689,0,0.923478,0.165,4.019,0.627
8690,0,0.923584,0.152,4.322,0.663
8691,0,0.923690,0.174,3.794,0.593
8692,0,0.923796,0.16,4.063,0.631
8693,0,0.923903,0.163,4.064,0.626
8694,0,0.924009,0.161,4.12,0.635
8695,0,0.924115,0.157,4.17,0.649
8696,0,0.924221,0.16,4.123,0.637
8697,0,0.924328,0.143,4.538,0.679
8698,0,0.924434,0.161,4.095,0.629
8699,0,0.924540,0.168,3.904,0.606
8700,0,0.924647,0.169,3.878,0.612
8701,0,0.924753,0.153,4.239,0.65
8702,0,0.924859,0.135,4.657,0.699
8703,0,0.924965,0.161,4.147,0.635
8704,0,0.925072,0.13,4.901,0.716
8705,0,0.925178,0.153,4.225,0.657
8706,0,0.925284,0.161,4.076,0.633
8707,0,0.925391,0.161,4.118,0.637
8708,0,0.925497,0.179,3.696,0.579
8709,0,0.925603,0.169,3.9,0.611
8710,0,0.925709,0.155,4.216,0.645
8711,0,0.925816,0.143,4.468,0.675
8712,0,0.925922,0.149,4.362,0.662
8713,0,0.926028,0.177,3.817,0.59
8714,0,0.926135,0.142,4.535,0.676
8715,0,0.926241,0.162,4.09,0.628
8716,0,0.926347,0.162,4.142,0.642
8717,0,0.926453,0.171,3.833,0.605
8718,0,0.926560,0.151,4.28,0.656
8719,0,0.926666,0.144,4.449,0.675
8720,0,0.926772,0.145,4.471,0.668
8721,0,0.926879,0.158,4.14,0.642
8722,0,0.926985,0.142,4.54,0.685
8723,0,0.927091,0.152,4.275,0.654
8724,0,0.927197,0.166,3.957,0.621
8725,0,0.927304,0.142,4.505,0.677
8726,0,0.927410,0.152,4.29,0.657
8727,0,0.927516,0.188,3.499,0.566
8728,0,0.927622,0.129,4.777,0.713
8729,0,0.927729,0.178,3.686,0.592
8730,0,0.927835,0.154,4.2,0.654
8731,0,0.927941,0.149,4.353,0.659
8732,0,0.928048,0.133,4.663,0.698
8733,0,0.928154,0.163,4.046,0.636
8734,0,0.928260,0.166,3.999,0.62
8735,0,0.928366,0.164,4.029,0.642
8736,0,0.928473,0.153,4.238,0.657
8737,0,0.928579,0.158,4.162,0.64
8738,0,0.928685,0.169,3.965,0.616
8739,0,0.928792,0.147,4.434,0.669
8740,0,0.928898,0.19,4.246,0.646
8741,0,0.929004,0.162,4.15,0.641
8742,0,0.929110,0.155,4.279,0.649
8743,0,0.929217,0.162,4.106,0.63
8744,0,0.929323,0.157,4.178,0.646
8745,0,0.929429,0.159,4.136,0.638
8746,0,0.929536,0.163,4.109,0.626
8747,0,0.929642,0.156,4.307,0.651
8748,0,0.929748,0.137,4.631,0.689
8749,0,0.929854,0.149,4.369,0.663
8750,0,0.929961,0.153,4.235,0.655
8751,0,0.930067,0.166,4.003,0.621
8752,0,0.930173,0.158,4.231,0.643
8753,0,0.930280,0.144,4.405,0.679
8754,0,0.930386,0.161,4.064,0.628
8755,0,0.930492,0.147,4.38,0.677
8756,0,0.930598,0.163,4.042,0.629
8757,0,0.930705,0.144,4.439,0.675
8758,0,0.930811,0.163,4.017,0.628
8759,0,0.930917,0.131,4.797,0.714
8760,0,0.931023,0.122,4.995,0.728
8761,0,0.931130,0.174,3.902,0.603
8762,0,0.931236,0.165,4.031,0.628
8763,0,0.931342,0.165,4.124,0.633
8764,0,0.931449,0.171,3.915,0.617
8765,0,0.931555,0.142,4.5,0.68
8766,0,0.931661,0.17,3.925,0.608
8767,0,0.931767,0.165,4.049,0.622
8768,0,0.931874,0.167,4.012,0.621
8769,0,0.931980,0.158,4.181,0.637
8770,0,0.932086,0.159,4.192,0.638
8771,0,0.932193,0.138,4.594,0.696
8772,0,0.932299,0.173,3.86,0.606
8773,0,0.932405,0.17,3.876,0.607
8774,0,0.932511,0.154,4.28,0.65
8775,0,0.932618,0.158,4.186,0.643
8776,0,0.932724,0.138,4.61,0.691
8777,0,0.932830,0.177,3.724,0.59
8778,0,0.932937,0.142,4.5,0.681
8779,0,0.933043,0.154,4.262,0.65
8780,0,0.933149,0.164,4.019,0.628
8781,0,0.933255,0.177,3.734,0.592
8782,0,0.933362,0.142,4.516,0.678
8783,0,0.933468,0.153,4.272,0.654
8784,0,0.933574,0.154,4.284,0.654
8785,0,0.933681,0.154,4.238,0.647
8786,0,0.933787,0.126,4.853,0.723
8787,0,0.933893,0.138,4.663,0.698
8788,0,0.933999,0.166,3.955,0.614
8789,0,0.934106,0.142,4.483,0.681
8790,0,0.934212,0.136,4.635,0.695
8791,0,0.934318,0.184,3.689,0.597
8792,0,0.934424,0.132,4.761,0.703
8793,0,0.934531,0.155,4.174,0.646
8794,0,0.934637,0.144,4.484,0.677
8795,0,0.934743,0.168,3.975,0.609
8796,0,0.934850,0.166,3.973,0.62
8797,0,0.934956,0.15,4.303,0.659
8798,0,0.935062,0.178,3.727,0.592
8799,0,0.935168,0.133,4.704,0.701
8800,0,0.935275,0.159,4.151,0.642
8801,0,0.935381,0.161,4.102,0.632
8802,0,0.935487,0.133,4.818,0.709
8803,0,0.935594,0.157,4.179,0.642
8804,0,0.935700,0.175,3.798,0.605
8805,0,0.935806,0.158,4.181,0.647
8806,0,0.935912,0.162,4.014,0.636
8807,0,0.936019,0.163,4.086,0.631
8808,0,0.936125,0.17,3.919,0.611
8809,0,0.936231,0.157,4.149,0.642
8810,0,0.936338,0.156,4.227,0.638
8811,0,0.936444,0.134,4.636,0.695
8812,0,0.936550,0.161,4.13,0.637
8813,0,0.936656,0.134,4.664,0.698
8814,0,0.936763,0.165,3.969,0.624
8815,0,0.936869,0.142,4.541,0.684
8816,0,0.936975,0.129,4.887,0.718
8817,0,0.937082,0.145,4.466,0.675
8818,0,0.937188,0.154,4.256,0.644
8819,0,0.937294,0.157,4.173,0.651
8820,0,0.937400,0.16,4.14,0.636
8821,0,0.937507,0.159,4.156,0.635
8822,0,0.937613,0.161,4.1,0.639
8823,0,0.937719,0.156,4.168,0.644
8824,0,0.937825,0.179,3.678,0.594
8825,0,0.937932,0.164,4.008,0.621
8826,0,0.938038,0.164,4.059,0.628
8827,0,0.938144,0.161,4.15,0.64
8828,0,0.938251,0.152,4.261,0.658
8829,0,0.938357,0.162,4.037,0.631
8830,0,0.938463,0.172,3.927,0.612
8831,0,0.938569,0.156,4.218,0.651
8832,0,0.938676,0.163,4.08,0.63
8833,0,0.938782,0.169,3.901,0.613
8834,0,0.938888,0.15,4.391,0.661
8835,0,0.938995,0.146,4.423,0.67
8836,0,0.939101,0.132,4.712,0.707
8837,0,0.939207,0.152,4.262,0.651
8838,0,0.939313,0.161,4.206,0.634
8839,0,0.939420,0.149,4.319,0.666
8840,0,0.939526,0.138,4.629,0.691
8841,0,0.939632,0.175,3.792,0.6
8842,0,0.939739,0.149,4.329,0.665
8843,0,0.939845,0.172,3.893,0.602
8844,0,0.939951,0.153,4.225,0.653
8845,0,0.940057,0.13,4.754,0.708
8846,0,0.940164,0.153,4.228,0.651
8847,0,0.940270,0.148,4.345,0.663
8848,0,0.940376,0.154,4.242,0.652
8849,0,0.940483,0.165,4.034,0.626
8850,0,0.940589,0.178,3.757,0.588
8851,0,0.940695,0.16,4.115,0.641
8852,0,0.940801,0.144,4.464,0.674
8853,0,0.940908,0.162,4.092,0.634
8854,0,0.941014,0.16,4.174,0.634
8855,0,0.941120,0.159,4.135,0.64
8856,0,0.941226,0.167,3.981,0.617
8857,0,0.941333,0.145,4.421,0.672
8858,0,0.941439,0.163,4.029,0.631
8859,0,0.941545,0.17,3.916,0.609
8860,0,0.941652,0.179,3.676,0.587
8861,0,0.941758,0.153,4.264,0.653
8862,0,0.941864,0.143,4.426,0.676
8863,0,0.941970,0.149,4.298,0.663
8864,0,0.942077,0.143,4.474,0.679
8865,0,0.942183,0.159,4.104,0.63
8866,0,0.942289,0.15,4.332,0.664
8867,0,0.942396,0.166,4.041,0.622
8868,0,0.942502,0.175,3.769,0.596
8869,0,0.942608,0.171,3.881,0.605
8870,0,0.942714,0.179,3.699,0.588
8871,0,0.942821,0.163,4.024,0.632
8872,0,0.942927,0.157,4.131,0.638
8873,0,0.943033,0.153,4.271,0.651
8874,0,0.943140,0.157,4.191,0.64
8875,0,0.943246,0.159,4.225,0.638
8876,0,0.943352,0.144,4.451,0.671
8877,0,0.943458,0.16,4.125,0.638
8878,0,0.943565,0.135,4.631,0.698
8879,0,0.943671,0.127,4.856,0.728
8880,0,0.943777,0.146,4.409,0.67
8881,0,0.943884,0.143,4.402,0.669
8882,0,0.943990,0.156,4.205,0.646
8883,0,0.944096,0.145,4.434,0.674
8884,0,0.944202,0.142,4.509,0.677
8885,0,0.944309,0.165,4.03,0.621
8886,0,0.944415,0.149,4.334,0.667
8887,0,0.944521,0.158,4.17,0.642
8888,0,0.944627,0.155,4.256,0.659
8889,0,0.944734,0.163,4.095,0.637
8890,0,0.944840,0.149,4.396,0.662
8891,0,0.944946,0.178,3.77,0.592
8893,0,0.945159,0.182,3.662,0.582
8894,0,0.945265,0.155,4.239,0.653
8895,0,0.945371,0.138,4.589,0.685
8896,0,0.945478,0.155,4.218,0.643
8897,0,0.945584,0.177,3.749,0.595
8898,0,0.945690,0.151,4.292,0.659
8899,0,0.945797,0.15,4.34,0.663
8900,0,0.945903,0.163,4.044,0.629
8901,0,0.946009,0.132,4.695,0.709
8902,0,0.946115,0.153,4.293,0.655
8903,0,0.946222,0.167,3.955,0.621
8904,0,0.946328,0.135,4.71,0.695
8905,0,0.946434,0.155,4.205,0.643
8906,0,0.946541,0.156,4.133,0.646
8907,0,0.946647,0.14,4.586,0.688
8908,0,0.946753,0.151,4.287,0.664
8909,0,0.946859,0.156,4.202,0.646
8910,0,0.946966,0.167,3.949,0.614
8911,0,0.947072,0.155,4.21,0.652
8912,0,0.947178,0.17,3.903,0.608
8913,0,0.947285,0.142,4.542,0.684
8914,0,0.947391,0.142,4.493,0.685
8915,0,0.947497,0.152,4.321,0.66
8916,0,0.947603,0.152,4.301,0.657
8917,0,0.947710,0.176,3.746,0.598
8918,0,0.947816,0.149,4.356,0.669
8919,0,0.947922,0.149,4.372,0.664
8920,0,0.948028,0.154,4.263,0.653
8921,0,0.948135,0.167,3.975,0.625
8922,0,0.948241,0.168,3.931,0.62
8923,0,0.948347,0.166,3.941,0.618
8924,0,0.948454,0.159,4.099,0.635
8925,0,0.948560,0.15,4.408,0.665
8926,0,0.948666,0.158,4.174,0.639
8927,0,0.948772,0.146,4.352,0.67
8928,0,0.948879,0.159,4.145,0.637
8929,0,0.948985,0.144,4.49,0.676
8930,0,0.949091,0.152,4.268,0.655
8931,0,0.949198,0.148,4.406,0.666
8932,0,0.949304,0.172,3.855,0.612
8933,0,0.949410,0.155,4.227,0.651
8934,0,0.949516,0.146,4.426,0.67
8935,0,0.949623,0.145,4.479,0.67
8936,0,0.949729,0.153,4.236,0.655
8937,0,0.949835,0.158,4.156,0.642
8938,0,0.949942,0.176,3.843,0.608
8939,0,0.950048,0.177,3.766,0.592
8940,0,0.950154,0.173,3.868,0.608
8941,0,0.950260,0.147,4.428,0.671
8942,0,0.950367,0.164,4.039,0.625
8943,0,0.950473,0.153,4.244,0.652
8944,0,0.950579,0.151,4.271,0.661
8945,0,0.950686,0.128,4.908,0.718
8947,0,0.950898,0.154,4.199,0.655
8948,0,0.951004,0.144,4.503,0.676
8949,0,0.951111,0.153,4.425,0.667
8950,0,0.951217,0.158,4.083,0.643
8951,0,0.951323,0.145,4.384,0.67
8952,0,0.951429,0.16,4.065,0.639
8953,0,0.951536,0.163,4.078,0.63
8954,0,0.951642,0.144,4.397,0.671
8955,0,0.951748,0.154,4.213,0.647
8956,0,0.951855,0.129,4.876,0.711
8957,0,0.951961,0.167,3.967,0.622
8958,0,0.952067,0.168,3.937,0.614
8959,0,0.952173,0.166,3.987,0.62
8960,0,0.952280,0.142,4.5,0.687
8961,0,0.952386,0.148,4.358,0.667
8962,0,0.952492,0.164,4.049,0.627
8963,0,0.952599,0.153,4.258,0.655
8964,0,0.952705,0.146,4.422,0.676
8965,0,0.952811,0.161,4.055,0.635
8966,0,0.952917,0.176,3.689,0.595
8967,0,0.953024,0.171,3.899,0.613
8968,0,0.953130,0.153,4.271,0.655
8969,0,0.953236,0.151,4.325,0.657
8970,0,0.953343,0.145,4.508,0.673
8971,0,0.953449,0.145,4.421,0.673
8972,0,0.953555,0.163,4.076,0.624
8973,0,0.953661,0.153,4.254,0.653
8974,0,0.953768,0.143,4.464,0.676
8975,0,0.953874,0.165,3.972,0.624
8976,0,0.953980,0.156,4.197,0.644
8977,0,0.954087,0.149,4.349,0.667
8978,0,0.954193,0.137,4.663,0.694
8979,0,0.954299,0.166,4.15,0.64
8980,0,0.954405,0.139,4.582,0.687
8981,0,0.954512,0.161,4.117,0.64
8982,0,0.954618,0.162,4.08,0.637
8984,0,0.954830,0.13,4.715,0.713
8985,0,0.954937,0.158,4.228,0.632
8986,0,0.955043,0.142,4.519,0.675
8987,0,0.955149,0.151,4.273,0.659
8988,0,0.955256,0.15,4.303,0.657
8989,0,0.955362,0.125,4.9,0.718
8990,0,0.955468,0.139,4.542,0.688
8991,0,0.955574,0.176,3.766,0.595
8992,0,0.955681,0.158,4.224,0.645
8993,0,0.955787,0.158,4.132,0.639
8994,0,0.955893,0.138,4.604,0.694
8995,0,0.956000,0.148,4.411,0.664
8996,0,0.956106,0.163,4.067,0.633
8997,0,0.956212,0.145,4.421,0.673
8998,0,0.956318,0.145,4.387,0.667
8999,0,0.956425,0.165,3.996,0.62
9000,0,0.956531,0.154,4.26,0.655
9001,0,0.956637,0.167,3.909,0.614
9002,0,0.956744,0.153,4.331,0.66
9003,0,0.956850,0.143,4.474,0.683
9004,0,0.956956,0.149,4.324,0.663
9005,0,0.957062,0.145,4.449,0.676
9006,0,0.957169,0.153,4.342,0.66
9007,0,0.957275,0.129,4.871,0.711
9008,0,0.957381,0.149,4.404,0.666
9009,0,0.957488,0.144,4.431,0.672
9010,0,0.957594,0.158,4.194,0.641
9011,0,0.957700,0.151,4.342,0.661
9012,0,0.957806,0.167,3.985,0.615
9013,0,0.957913,0.152,4.27,0.641
9014,0,0.958019,0.149,4.404,0.666
9015,0,0.958125,0.144,4.49,0.676
9016,0,0.958231,0.156,4.157,0.636
9017,0,0.958338,0.165,4.086,0.624
9018,0,0.958444,0.153,4.331,0.657
9019,0,0.958550,0.162,4.071,0.632
9020,0,0.958657,0.153,4.301,0.652
9021,0,0.958763,0.16,4.111,0.63
9022,0,0.958869,0.166,3.864,0.616
9023,0,0.958975,0.153,4.23,0.644
9024,0,0.959082,0.165,4.011,0.619
9025,0,0.959188,0.183,3.589,0.577
9026,0,0.959294,0.158,4.186,0.642
9027,0,0.959401,0.146,4.408,0.668
9028,0,0.959507,0.153,4.331,0.652
9029,0,0.959613,0.134,4.688,0.697
9030,0,0.959719,0.154,4.231,0.649
9031,0,0.959826,0.156,4.181,0.65
9032,0,0.959932,0.136,4.658,0.694
9033,0,0.960038,0.148,4.395,0.669
9034,0,0.960145,0.144,4.416,0.677
9035,0,0.960251,0.139,4.572,0.694
9036,0,0.960357,0.157,4.142,0.642
9037,0,0.960463,0.165,3.974,0.628
9038,0,0.960570,0.147,4.425,0.673
9039,0,0.960676,0.151,4.32,0.659
9040,0,0.960782,0.169,3.945,0.616
9041,0,0.960889,0.148,4.343,0.658
9042,0,0.960995,0.145,4.386,0.673
9043,0,0.961101,0.149,4.299,0.66
9044,0,0.961207,0.167,3.935,0.62
9045,0,0.961314,0.148,4.393,0.662
9046,0,0.961420,0.15,4.347,0.665
9047,0,0.961526,0.152,4.318,0.663
9048,0,0.961632,0.167,3.897,0.62
9049,0,0.961739,0.138,4.607,0.69
9050,0,0.961845,0.162,4.012,0.64
9051,0,0.961951,0.146,4.406,0.669
9052,0,0.962058,0.165,4.004,0.625
9053,0,0.962164,0.157,4.143,0.646
9054,0,0.962270,0.165,3.895,0.62
9055,0,0.962376,0.163,4.035,0.63
9056,0,0.962483,0.15,4.315,0.665
9057,0,0.962589,0.163,4.043,0.629
9058,0,0.962695,0.149,4.309,0.658
9059,0,0.962802,0.147,4.368,0.666
9060,0,0.962908,0.181,3.668,0.583
9061,0,0.963014,0.166,4.02,0.622
9062,0,0.963120,0.133,4.759,0.701
9063,0,0.963227,0.145,4.455,0.678
9064,0,0.963333,0.153,4.277,0.657
9065,0,0.963439,0.154,4.213,0.646
9066,0,0.963546,0.153,4.301,0.657
9067,0,0.963652,0.144,4.445,0.674
9068,0,0.963758,0.16,4.103,0.635
9069,0,0.963864,0.162,4.085,0.622
9070,0,0.963971,0.142,4.595,0.688
9071,0,0.964077,0.158,4.033,0.636
9072,0,0.964183,0.138,4.681,0.687
9073,0,0.964290,0.142,4.471,0.683
9074,0,0.964396,0.16,4.147,0.638
9075,0,0.964502,0.164,3.993,0.625
9076,0,0.964608,0.141,4.555,0.692
9077,0,0.964715,0.145,4.376,0.675
9078,0,0.964821,0.134,4.698,0.7
9079,0,0.964927,0.132,4.73,0.708
9080,0,0.965033,0.161,4.039,0.63
9081,0,0.965140,0.165,3.975,0.627
9082,0,0.965246,0.157,4.415,0.675
9083,0,0.965352,0.159,4.095,0.634
9084,0,0.965459,0.157,4.183,0.644
9085,0,0.965565,0.158,4.151,0.627
9086,0,0.965671,0.165,4.026,0.62
9087,0,0.965777,0.132,4.785,0.703
9088,0,0.965884,0.153,4.213,0.651
9089,0,0.965990,0.143,4.466,0.68
9090,0,0.966096,0.153,4.315,0.652
9091,0,0.966203,0.148,4.421,0.669
9092,0,0.966309,0.152,4.241,0.657
9093,0,0.966415,0.168,3.961,0.619
9094,0,0.966521,0.149,4.349,0.667
9095,0,0.966628,0.162,4.036,0.63
9096,0,0.966734,0.162,4.125,0.633
9097,0,0.966840,0.148,4.399,0.662
9098,0,0.966947,0.145,4.417,0.667
9099,0,0.967053,0.142,4.501,0.677
9100,0,0.967159,0.165,3.98,0.627
9101,0,0.967265,0.126,4.857,0.721
9102,0,0.967372,0.126,4.836,0.718
9103,0,0.967478,0.155,4.262,0.648
9104,0,0.967584,0.161,4.085,0.635
9105,0,0.967691,0.147,4.369,0.669
9106,0,0.967797,0.147,4.371,0.663
9107,0,0.967903,0.151,4.304,0.659
9108,0,0.968009,0.161,4.099,0.639
9110,0,0.968222,0.154,4.262,0.648
9111,0,0.968328,0.153,4.272,0.653
9112,0,0.968434,0.151,4.319,0.663
9113,0,0.968541,0.155,4.202,0.643
9114,0,0.968647,0.142,4.469,0.682
9115,0,0.968753,0.165,4.017,0.623
9116,0,0.968860,0.154,4.226,0.654
9117,0,0.968966,0.173,3.848,0.607
9118,0,0.969072,0.131,4.721,0.707
9119,0,0.969178,0.152,4.249,0.655
9120,0,0.969285,0.147,4.358,0.665
9121,0,0.969391,0.148,4.414,0.664
9122,0,0.969497,0.142,4.529,0.687
9123,0,0.969604,0.15,4.37,0.664
9124,0,0.969710,0.168,3.931,0.615
9125,0,0.969816,0.15,4.337,0.656
9126,0,0.969922,0.144,4.459,0.674
9127,0,0.970029,0.171,3.864,0.609
9128,0,0.970135,0.16,4.121,0.638
9129,0,0.970241,0.139,4.589,0.686
9130,0,0.970348,0.171,3.92,0.606
9131,0,0.970454,0.17,3.936,0.62
9132,0,0.970560,0.144,4.462,0.677
9133,0,0.970666,0.155,4.188,0.651
9134,0,0.970773,0.153,4.267,0.649
9135,0,0.970879,0.164,4.029,0.63
9136,0,0.970985,0.168,3.888,0.606
9137,0,0.971092,0.142,4.481,0.683
9138,0,0.971198,0.145,4.41,0.672
9139,0,0.971304,0.153,4.281,0.657
9140,0,0.971410,0.145,4.408,0.675
9141,0,0.971517,0.164,4.05,0.627
9142,0,0.971623,0.141,4.489,0.686
9143,0,0.971729,0.141,4.498,0.681
9144,0,0.971835,0.147,4.342,0.666
9145,0,0.971942,0.153,4.228,0.644
9146,0,0.972048,0.165,4.057,0.621
9147,0,0.972154,0.156,4.226,0.647
9148,0,0.972261,0.167,3.97,0.616
9149,0,0.972367,0.165,4.027,0.622
9150,0,0.972473,0.166,3.985,0.616
9151,0,0.972579,0.153,4.3,0.652
9152,0,0.972686,0.137,4.567,0.691
9153,0,0.972792,0.161,4.082,0.631
9154,0,0.972898,0.142,4.506,0.678
9155,0,0.973005,0.155,4.219,0.646
9156,0,0.973111,0.141,4.5,0.685
9157,0,0.973217,0.136,4.631,0.697
9158,0,0.973323,0.165,4.026,0.625
9159,0,0.973430,0.167,4.005,0.622
9160,0,0.973536,0.158,4.14,0.649
9161,0,0.973642,0.153,4.263,0.651
9162,0,0.973749,0.167,3.95,0.621
9163,0,0.973855,0.154,4.212,0.652
9164,0,0.973961,0.156,4.186,0.641
9165,0,0.974067,0.146,4.451,0.672
9166,0,0.974174,0.15,4.368,0.659
9167,0,0.974280,0.165,4.004,0.619
9168,0,0.974386,0.168,3.936,0.621
9169,0,0.974493,0.144,4.5,0.677
9170,0,0.974599,0.142,4.548,0.677
9171,0,0.974705,0.143,4.409,0.675
9172,0,0.974811,0.157,4.236,0.64
9173,0,0.974918,0.166,3.987,0.617
9174,0,0.975024,0.149,4.387,0.671
9175,0,0.975130,0.162,4.083,0.633
9176,0,0.975236,0.168,3.934,0.617
9177,0,0.975343,0.147,4.444,0.668
9178,0,0.975449,0.149,4.301,0.658
9179,0,0.975555,0.148,4.38,0.667
9180,0,0.975662,0.152,4.359,0.656
9181,0,0.975768,0.184,3.625,0.574
9182,0,0.975874,0.185,3.604,0.579
9183,0,0.975980,0.164,3.986,0.625
9184,0,0.976087,0.144,4.46,0.676
9185,0,0.976193,0.163,4.081,0.634
9186,0,0.976299,0.139,4.583,0.683
9187,0,0.976406,0.164,4.129,0.637
9188,0,0.976512,0.162,4.084,0.63
9189,0,0.976618,0.155,4.192,0.648
9190,0,0.976724,0.146,4.428,0.672
9191,0,0.976831,0.15,4.36,0.661
9192,0,0.976937,0.149,4.363,0.665
9193,0,0.977043,0.165,4.005,0.618
9194,0,0.977150,0.138,4.58,0.691
9195,0,0.977256,0.139,4.631,0.685
9196,0,0.977362,0.147,4.417,0.666
9197,0,0.977468,0.162,4.09,0.635
9198,0,0.977575,0.141,4.517,0.686
9199,0,0.977681,0.151,4.294,0.661
9200,0,0.977787,0.158,4.172,0.637
9201,0,0.977894,0.157,4.223,0.638
9202,0,0.978000,0.159,4.122,0.64
9203,0,0.978106,0.163,4.039,0.634
9204,0,0.978212,0.156,4.197,0.645
9205,0,0.978319,0.166,3.985,0.62
9206,0,0.978425,0.124,4.935,0.726
9207,0,0.978531,0.147,4.418,0.663
9208,0,0.978637,0.155,4.295,0.653
9209,0,0.978744,0.153,4.339,0.649
9210,0,0.978850,0.153,4.273,0.651
9211,0,0.978956,0.16,4.159,0.641
9212,0,0.979063,0.147,4.38,0.665
9213,0,0.979169,0.149,4.452,0.66
9214,0,0.979275,0.142,4.442,0.679
9215,0,0.979381,0.143,4.436,0.68
9216,0,0.979488,0.169,3.873,0.61
9217,0,0.979594,0.15,4.347,0.654
9218,0,0.979700,0.151,4.275,0.659
9219,0,0.979807,0.171,3.859,0.611
9220,0,0.979913,0.143,4.455,0.678
9221,0,0.980019,0.125,4.866,0.719
9222,0,0.980125,0.164,4.049,0.625
9223,0,0.980232,0.152,4.374,0.659
9224,0,0.980338,0.163,4.064,0.63
9225,0,0.980444,0.147,4.404,0.664
9226,0,0.980551,0.153,4.246,0.655
9227,0,0.980657,0.156,4.211,0.65
9228,0,0.980763,0.154,4.234,0.652
9229,0,0.980869,0.165,4.023,0.62
9230,0,0.980976,0.169,3.93,0.614
9231,0,0.981082,0.164,3.928,0.622
9232,0,0.981188,0.153,4.205,0.645
9233,0,0.981295,0.157,4.174,0.644
9234,0,0.981401,0.154,4.196,0.65
9235,0,0.981507,0.158,4.19,0.634
9236,0,0.981613,0.169,3.901,0.612
9237,0,0.981720,0.158,4.159,0.644
9238,0,0.981826,0.152,4.286,0.656
9239,0,0.981932,0.153,4.238,0.651
9240,0,0.982038,0.151,4.272,0.655
9241,0,0.982145,0.153,4.272,0.657
9242,0,0.982251,0.142,4.555,0.682
9243,0,0.982357,0.153,4.266,0.663
9244,0,0.982464,0.154,4.181,0.647
9245,0,0.982570,0.15,4.313,0.657
9246,0,0.982676,0.167,3.968,0.619
9247,0,0.982782,0.154,4.241,0.653
9248,0,0.982889,0.157,4.166,0.642
9249,0,0.982995,0.154,4.235,0.65
9250,0,0.983101,0.156,4.206,0.646
9251,0,0.983208,0.156,4.182,0.644
9252,0,0.983314,0.144,4.474,0.676
9253,0,0.983420,0.163,4.059,0.631
9254,0,0.983526,0.137,4.625,0.694
9255,0,0.983633,0.131,4.794,0.707
9256,0,0.983739,0.142,4.497,0.679
9257,0,0.983845,0.156,4.237,0.643
9258,0,0.983952,0.151,4.279,0.659
9259,0,0.984058,0.156,4.16,0.644
9260,0,0.984164,0.156,4.148,0.644
9261,0,0.984270,0.161,4.073,0.633
9262,0,0.984377,0.142,4.5,0.684
9263,0,0.984483,0.144,4.466,0.672
9264,0,0.984589,0.145,4.398,0.673
9265,0,0.984696,0.158,4.186,0.637
9266,0,0.984802,0.139,4.648,0.699
9267,0,0.984908,0.155,4.187,0.647
9268,0,0.985014,0.153,4.232,0.65
9269,0,0.985121,0.145,4.525,0.677
9270,0,0.985227,0.153,4.224,0.65
9271,0,0.985333,0.127,4.899,0.719
9272,0,0.985439,0.152,4.287,0.654
9273,0,0.985546,0.17,3.925,0.615
9274,0,0.985652,0.153,4.244,0.647
9275,0,0.985758,0.135,4.682,0.696
9276,0,0.985865,0.136,4.65,0.699
9277,0,0.985971,0.126,4.845,0.723
9278,0,0.986077,0.162,4.032,0.634
9279,0,0.986183,0.145,4.455,0.671
9280,0,0.986290,0.166,3.949,0.62
9281,0,0.986396,0.154,4.23,0.651
9282,0,0.986502,0.142,4.565,0.683
9283,0,0.986609,0.133,4.648,0.707
9284,0,0.986715,0.16,4.12,0.633
9285,0,0.986821,0.175,3.764,0.598
9286,0,0.986927,0.155,4.384,0.665
9287,0,0.987034,0.146,4.424,0.669
9288,0,0.987140,0.153,4.253,0.657
9289,0,0.987246,0.165,4.07,0.623
9290,0,0.987353,0.145,4.428,0.678
9291,0,0.987459,0.176,3.754,0.595
9292,0,0.987565,0.167,3.922,0.62
9293,0,0.987671,0.152,4.282,0.656
9294,0,0.987778,0.171,3.888,0.604
9295,0,0.987884,0.144,4.509,0.677
9296,0,0.987990,0.161,4.062,0.631
9297,0,0.988097,0.146,4.47,0.672
9298,0,0.988203,0.15,4.323,0.666
9299,0,0.988309,0.144,4.42,0.674
9300,0,0.988415,0.128,4.775,0.717
9301,0,0.988522,0.146,4.415,0.674
9302,0,0.988628,0.158,4.137,0.641
9303,0,0.988734,0.134,4.62,0.7
9304,0,0.988840,0.154,4.199,0.646
9305,0,0.988947,0.145,4.436,0.674
9306,0,0.989053,0.164,4.043,0.627
9307,0,0.989159,0.156,4.145,0.644
9308,0,0.989266,0.16,4.096,0.631
9309,0,0.989372,0.131,4.771,0.712
9310,0,0.989478,0.162,4.057,0.632
9311,0,0.989584,0.15,4.319,0.662
9312,0,0.989691,0.156,4.187,0.643
9313,0,0.989797,0.162,4.105,0.633
9314,0,0.989903,0.142,4.466,0.685
9315,0,0.990010,0.13,4.792,0.711
9316,0,0.990116,0.149,4.343,0.665
9317,0,0.990222,0.159,4.167,0.637
9318,0,0.990328,0.147,4.41,0.671
9319,0,0.990435,0.151,4.306,0.656
9320,0,0.990541,0.167,4.012,0.614
9321,0,0.990647,0.147,4.39,0.664
9322,0,0.990754,0.148,4.309,0.671
9323,0,0.990860,0.156,4.188,0.647
9324,0,0.990966,0.158,4.167,0.643
9325,0,0.991072,0.148,4.365,0.67
9326,0,0.991179,0.134,4.673,0.698
9327,0,0.991285,0.165,4.012,0.62
9328,0,0.991391,0.169,3.944,0.616
9329,0,0.991498,0.129,4.752,0.712
9330,0,0.991604,0.123,4.902,0.724
9331,0,0.991710,0.158,4.163,0.643
9332,0,0.991816,0.154,4.235,0.647
9333,0,0.991923,0.156,4.204,0.645
9334,0,0.992029,0.157,4.115,0.639
9335,0,0.992135,0.176,3.822,0.602
9336,0,0.992241,0.154,4.244,0.652
9337,0,0.992348,0.134,4.641,0.694
9338,0,0.992454,0.153,4.237,0.646
9339,0,0.992560,0.15,4.315,0.663
9340,0,0.992667,0.158,4.202,0.637
9341,0,0.992773,0.153,4.268,0.651
9342,0,0.992879,0.167,3.98,0.62
9343,0,0.992985,0.143,4.393,0.675
9344,0,0.993092,0.151,4.232,0.658
9345,0,0.993198,0.15,4.32,0.66
9346,0,0.993304,0.139,4.568,0.686
9347,0,0.993411,0.154,4.231,0.648
9348,0,0.993517,0.144,4.484,0.674
9349,0,0.993623,0.142,4.581,0.683
9350,0,0.993729,0.166,3.921,0.617
9351,0,0.993836,0.143,4.461,0.676
9352,0,0.993942,0.146,4.41,0.669
9353,0,0.994048,0.154,4.21,0.654
9354,0,0.994155,0.16,4.157,0.637
9355,0,0.994261,0.143,4.494,0.683
9356,0,0.994367,0.158,4.162,0.641
9357,0,0.994473,0.158,4.194,0.644
9358,0,0.994580,0.159,4.182,0.642
9359,0,0.994686,0.176,3.776,0.595
9360,0,0.994792,0.156,4.157,0.639
9361,0,0.994899,0.153,4.239,0.646
9362,0,0.995005,0.149,4.417,0.662
9363,0,0.995111,0.121,4.981,0.73
9364,0,0.995217,0.162,4.066,0.627
9365,0,0.995324,0.158,4.173,0.649
9366,0,0.995430,0.143,4.478,0.68
9367,0,0.995536,0.157,4.155,0.643
9368,0,0.995642,0.157,4.16,0.638
9369,0,0.995749,0.151,4.316,0.659
9370,0,0.995855,0.167,3.964,0.621
9371,0,0.995961,0.164,4.01,0.624
9372,0,0.996068,0.163,4.09,0.627
9373,0,0.996174,0.147,4.36,0.668
9374,0,0.996280,0.148,4.336,0.664
9375,0,0.996386,0.152,4.291,0.656
9376,0,0.996493,0.153,4.288,0.655
9377,0,0.996599,0.159,4.115,0.636
9378,0,0.996705,0.137,4.697,0.696
9379,0,0.996812,0.153,4.277,0.655
9380,0,0.996918,0.142,4.497,0.68
9381,0,0.997024,0.147,4.401,0.665
9382,0,0.997130,0.141,4.551,0.682
9383,0,0.997237,0.145,4.44,0.673
9384,0,0.997343,0.152,4.263,0.656
9385,0,0.997449,0.165,3.996,0.62
9386,0,0.997556,0.163,4.006,0.629
9387,0,0.997662,0.167,3.974,0.623
9388,0,0.997768,0.142,4.482,0.682
9389,0,0.997874,0.166,3.957,0.617
9390,0,0.997981,0.165,4.06,0.622
9391,0,0.998087,0.164,4.022,0.624
9392,0,0.998193,0.145,4.505,0.669
9393,0,0.998300,0.169,3.965,0.612
9394,0,0.998406,0.146,4.405,0.672
9395,0,0.998512,0.148,4.44,0.663
9397,0,0.998725,0.162,4.099,0.628
9398,0,0.998831,0.159,4.136,0.634
9399,0,0.998937,0.147,4.365,0.667
9400,0,0.999043,0.153,4.24,0.648
9401,0,0.999150,0.17,3.926,0.608
9402,0,0.999256,0.164,4.011,0.625
9403,0,0.999362,0.17,3.9,0.614
9404,0,0.999469,0.158,4.133,0.645
9405,0,0.999575,0.156,4.24,0.641
9406,0,0.999681,0.138,4.592,0.693
9408,0,0.999894,0.174,3.811,0.596
9409,0,1.000000,0.159,4.122,0.644
9410,1,1.000000,0.149,4.394,0.669
9411,1,1.000106,0.134,4.696,0.696
9412,1,1.000213,0.165,4.048,0.62
9413,1,1.000319,0.173,3.878,0.605
9414,1,1.000425,0.151,4.295,0.655
9415,1,1.000531,0.158,4.166,0.64
9416,1,1.000638,0.2,3.566,0.565
9417,1,1.000744,0.15,4.294,0.663
9418,1,1.000850,0.154,4.157,0.646
9419,1,1.000956,0.153,4.259,0.653
9420,1,1.001063,0.125,4.894,0.723
9421,1,1.001169,0.169,3.926,0.615
9422,1,1.001275,0.142,4.414,0.679
9423,1,1.001382,0.168,3.926,0.618
9424,1,1.001488,0.133,4.633,0.704
9425,1,1.001594,0.157,4.164,0.646
9426,1,1.001700,0.137,4.574,0.69
9427,1,1.001807,0.165,3.967,0.621
9428,1,1.001913,0.141,4.53,0.681
9429,1,1.002019,0.153,4.309,0.65
9430,1,1.002125,0.161,4.105,0.642
9431,1,1.002232,0.147,4.408,0.671
9432,1,1.002338,0.137,4.574,0.693
9433,1,1.002444,0.177,3.737,0.595
9434,1,1.002550,0.15,4.349,0.664
9435,1,1.002657,0.178,3.656,0.587
9436,1,1.002763,0.137,4.621,0.691
9437,1,1.002869,0.163,4.128,0.627
9438,1,1.002976,0.156,4.118,0.645
9439,1,1.003082,0.138,4.537,0.691
9440,1,1.003188,0.15,4.343,0.658
9441,1,1.003294,0.134,4.685,0.699
9442,1,1.003401,0.149,4.41,0.664
9443,1,1.003507,0.149,4.356,0.662
9444,1,1.003613,0.163,4.065,0.626
9445,1,1.003719,0.139,4.628,0.69
9446,1,1.003826,0.138,4.598,0.691
9447,1,1.003932,0.163,4.116,0.634
9448,1,1.004038,0.151,4.29,0.65
9449,1,1.004145,0.149,4.374,0.664
9450,1,1.004251,0.159,4.097,0.636
9451,1,1.004357,0.16,4.114,0.63
9452,1,1.004463,0.15,4.303,0.659
9453,1,1.004570,0.174,3.736,0.598
9454,1,1.004676,0.14,4.58,0.688
9455,1,1.004782,0.167,3.929,0.616
9456,1,1.004888,0.137,4.629,0.696
9457,1,1.004995,0.164,3.958,0.625
9458,1,1.005101,0.144,4.448,0.672
9459,1,1.005207,0.15,4.322,0.658
9460,1,1.005313,0.151,4.3,0.655
9461,1,1.005420,0.144,4.413,0.675
9462,1,1.005526,0.17,3.883,0.607
9463,1,1.005632,0.166,3.998,0.62
9464,1,1.005739,0.164,4.02,0.621
9465,1,1.005845,0.158,4.179,0.644
9466,1,1.005951,0.147,4.376,0.669
9467,1,1.006057,0.149,4.337,0.659
9468,1,1.006164,0.165,3.989,0.621
9469,1,1.006270,0.136,4.663,0.696
9470,1,1.006376,0.176,3.733,0.592
9471,1,1.006482,0.136,4.587,0.7
9472,1,1.006589,0.147,4.352,0.664
9473,1,1.006695,0.138,4.559,0.691
9474,1,1.006801,0.136,4.612,0.694
9475,1,1.006908,0.152,4.313,0.659
9476,1,1.007014,0.166,3.931,0.62
9477,1,1.007120,0.151,4.276,0.657
9478,1,1.007226,0.144,4.441,0.674
9479,1,1.007333,0.162,4.057,0.624
9480,1,1.007439,0.141,4.531,0.683
9481,1,1.007545,0.142,4.506,0.682
9482,1,1.007651,0.154,4.189,0.651
9483,1,1.007758,0.135,4.647,0.703
9484,1,1.007864,0.14,4.585,0.68
9485,1,1.007970,0.151,4.32,0.66
9486,1,1.008077,0.147,4.359,0.666
9487,1,1.008183,0.132,4.678,0.706
9488,1,1.008289,0.161,4.065,0.633
9489,1,1.008395,0.163,4.081,0.627
9490,1,1.008502,0.142,4.556,0.679
9491,1,1.008608,0.14,4.517,0.684
9492,1,1.008714,0.16,4.137,0.635
9493,1,1.008820,0.167,3.919,0.613
9494,1,1.008927,0.142,4.483,0.676
9495,1,1.009033,0.144,4.399,0.67
9496,1,1.009139,0.15,4.354,0.661
9497,1,1.009245,0.158,4.153,0.643
9498,1,1.009352,0.16,4.059,0.636
9499,1,1.009458,0.139,4.573,0.693
9500,1,1.009564,0.142,4.564,0.675
9501,1,1.009671,0.161,4.114,0.637
9502,1,1.009777,0.125,4.837,0.725
9503,1,1.009883,0.154,4.207,0.644
9504,1,1.009989,0.142,4.464,0.682
9505,1,1.010096,0.131,4.756,0.704
9506,1,1.010202,0.161,4.107,0.633
9507,1,1.010308,0.176,3.669,0.595
9508,1,1.010414,0.16,4.158,0.634
9509,1,1.010521,0.156,4.162,0.642
9510,1,1.010627,0.131,4.702,0.703
9511,1,1.010733,0.156,4.167,0.641
9512,1,1.010840,0.157,4.19,0.641
9513,1,1.010946,0.167,3.918,0.613
9514,1,1.011052,0.169,3.89,0.602
9515,1,1.011158,0.165,3.967,0.624
9516,1,1.011265,0.153,4.203,0.649
9517,1,1.011371,0.156,4.218,0.646
9518,1,1.011477,0.151,4.287,0.653
9519,1,1.011583,0.168,3.936,0.618
9520,1,1.011690,0.16,4.147,0.636
9521,1,1.011796,0.162,4.055,0.631
9522,1,1.011902,0.166,3.998,0.62
9523,1,1.012009,0.152,4.262,0.659
9524,1,1.012115,0.136,4.631,0.693
9525,1,1.012221,0.164,3.971,0.631
9526,1,1.012327,0.161,4.062,0.634
9527,1,1.012434,0.156,4.195,0.645
9528,1,1.012540,0.167,3.952,0.616
9529,1,1.012646,0.151,4.24,0.664
9530,1,1.012752,0.157,4.158,0.642
9531,1,1.012859,0.153,4.241,0.656
9532,1,1.012965,0.154,4.218,0.647
9533,1,1.013071,0.154,4.304,0.645
9534,1,1.013177,0.157,4.162,0.646
9535,1,1.013284,0.145,4.405,0.673
9536,1,1.013390,0.149,4.391,0.658
9537,1,1.013496,0.139,4.57,0.688
9538,1,1.013603,0.147,4.387,0.668
9539,1,1.013709,0.176,3.834,0.597
9540,1,1.013815,0.144,4.435,0.674
9541,1,1.013921,0.145,4.465,0.673
9542,1,1.014028,0.132,4.714,0.702
9543,1,1.014134,0.162,4.015,0.626
9544,1,1.014240,0.147,4.339,0.666
9545,1,1.014346,0.152,4.297,0.656
9546,1,1.014453,0.136,4.636,0.7
9547,1,1.014559,0.152,4.331,0.665
9548,1,1.014665,0.176,3.764,0.593
9549,1,1.014772,0.174,3.839,0.601
9550,1,1.014878,0.154,4.288,0.67
9551,1,1.014984,0.132,4.728,0.703
9552,1,1.015090,0.14,4.553,0.684
9553,1,1.015197,0.153,4.238,0.656
9554,1,1.015303,0.18,3.736,0.591
9555,1,1.015409,0.121,5.026,0.729
9556,1,1.015515,0.162,4.236,0.669
9557,1,1.015622,0.169,3.906,0.611
9558,1,1.015728,0.137,4.574,0.696
9559,1,1.015834,0.121,4.994,0.731
9560,1,1.015940,0.161,4.101,0.634
9561,1,1.016047,0.154,4.212,0.65
9562,1,1.016153,0.141,4.546,0.681
9563,1,1.016259,0.147,4.342,0.668
9564,1,1.016366,0.163,4.031,0.631
9565,1,1.016472,0.171,3.945,0.618
9566,1,1.016578,0.158,4.124,0.641
9567,1,1.016684,0.137,4.644,0.693
9568,1,1.016791,0.151,4.287,0.655
9569,1,1.016897,0.192,4.279,0.665
9570,1,1.017003,0.167,3.961,0.616
9571,1,1.017109,0.157,4.19,0.64
9572,1,1.017216,0.155,4.228,0.651
9573,1,1.017322,0.153,4.241,0.66
9574,1,1.017428,0.153,4.273,0.652
9575,1,1.017535,0.151,4.357,0.661
9576,1,1.017641,0.158,4.179,0.637
9577,1,1.017747,0.143,4.459,0.677
9578,1,1.017853,0.156,4.139,0.649
9579,1,1.017960,0.142,4.526,0.684
9580,1,1.018066,0.145,4.467,0.672
9581,1,1.018172,0.132,4.807,0.707
9582,1,1.018278,0.139,4.69,0.689
9583,1,1.018385,0.157,4.219,0.648
9584,1,1.018491,0.151,4.352,0.664
9585,1,1.018597,0.153,4.29,0.651
9586,1,1.018704,0.16,4.178,0.642
9587,1,1.018810,0.154,4.296,0.656
9588,1,1.018916,0.159,4.181,0.642
9589,1,1.019022,0.143,4.499,0.684
9590,1,1.019129,0.135,4.695,0.701
9591,1,1.019235,0.165,3.979,0.626
9592,1,1.019341,0.156,4.19,0.648
9593,1,1.019447,0.159,4.153,0.636
9594,1,1.019554,0.163,4.065,0.633
9595,1,1.019660,0.123,5.001,0.732
9596,1,1.019766,0.144,4.45,0.681
9597,1,1.019872,0.134,4.764,0.697
9598,1,1.019979,0.131,4.724,0.707
9599,1,1.020085,0.159,4.117,0.64
9600,1,1.020191,0.153,4.283,0.652
9601,1,1.020298,0.154,4.233,0.655
9602,1,1.020404,0.149,4.363,0.664
9603,1,1.020510,0.148,4.34,0.667
9604,1,1.020616,0.157,4.218,0.652
9605,1,1.020723,0.146,4.429,0.672
9606,1,1.020829,0.154,4.263,0.652
9607,1,1.020935,0.161,4.131,0.635
9608,1,1.021041,0.142,4.533,0.682
9609,1,1.021148,0.145,4.487,0.676
9610,1,1.021254,0.157,4.182,0.638
9611,1,1.021360,0.16,4.112,0.635
9612,1,1.021467,0.176,3.751,0.599
9613,1,1.021573,0.165,3.973,0.624
9614,1,1.021679,0.154,4.281,0.652
9615,1,1.021785,0.156,4.175,0.649
9616,1,1.021892,0.155,4.213,0.646
9617,1,1.021998,0.142,4.514,0.685
9618,1,1.022104,0.151,4.288,0.655
9619,1,1.022210,0.165,3.948,0.622
9620,1,1.022317,0.15,4.287,0.662
9621,1,1.022423,0.146,4.409,0.666
9622,1,1.022529,0.149,4.374,0.665
9623,1,1.022635,0.145,4.431,0.672
9624,1,1.022742,0.153,4.27,0.651
9625,1,1.022848,0.156,4.223,0.652
9626,1,1.022954,0.158,4.181,0.641
9627,1,1.023061,0.173,3.82,0.598
9628,1,1.023167,0.153,4.226,0.655
9629,1,1.023273,0.15,4.333,0.661
9630,1,1.023379,0.142,4.531,0.687
9631,1,1.023486,0.14,4.527,0.686
9632,1,1.023592,0.146,4.446,0.668
9633,1,1.023698,0.153,4.246,0.651
9634,1,1.023804,0.148,4.35,0.668
9635,1,1.023911,0.149,4.368,0.673
9636,1,1.024017,0.164,4.123,0.642
9637,1,1.024123,0.149,4.338,0.666
9638,1,1.024230,0.205,3.827,0.594
9639,1,1.024336,0.139,4.599,0.69
9640,1,1.024442,0.139,4.558,0.685
9641,1,1.024548,0.169,3.898,0.604
9642,1,1.024655,0.154,4.221,0.65
9643,1,1.024761,0.155,4.217,0.647
9644,1,1.024867,0.151,4.351,0.657
9645,1,1.024973,0.153,4.207,0.655
9646,1,1.025080,0.144,4.396,0.681
9647,1,1.025186,0.156,4.223,0.646
9648,1,1.025292,0.146,4.43,0.672
9649,1,1.025399,0.121,5.008,0.729
9650,1,1.025505,0.157,4.21,0.647
9651,1,1.025611,0.153,4.328,0.659
9652,1,1.025717,0.149,4.338,0.664
9653,1,1.025824,0.144,4.431,0.679
9654,1,1.025930,0.154,4.271,0.655
9655,1,1.026036,0.164,3.984,0.632
9656,1,1.026142,0.16,4.136,0.639
9657,1,1.026249,0.153,4.285,0.654
9658,1,1.026355,0.17,3.92,0.614
9659,1,1.026461,0.147,4.375,0.667
9660,1,1.026567,0.164,4.059,0.626
9661,1,1.026674,0.161,4.085,0.638
9662,1,1.026780,0.145,4.465,0.671
9663,1,1.026886,0.16,4.131,0.639
9664,1,1.026993,0.153,4.253,0.654
9665,1,1.027099,0.14,4.503,0.683
9666,1,1.027205,0.124,4.909,0.721
9667,1,1.027311,0.166,4.045,0.631
9668,1,1.027418,0.15,4.309,0.661
9669,1,1.027524,0.143,4.488,0.677
9670,1,1.027630,0.141,4.502,0.685
9671,1,1.027736,0.153,4.262,0.65
9672,1,1.027843,0.153,4.276,0.654
9673,1,1.027949,0.165,4.023,0.622
9674,1,1.028055,0.171,3.927,0.613
9675,1,1.028162,0.166,3.979,0.619
9676,1,1.028268,0.137,4.581,0.693
9677,1,1.028374,0.157,4.173,0.642
9678,1,1.028480,0.164,4.131,0.632
9679,1,1.028587,0.158,4.14,0.64
9680,1,1.028693,0.158,4.185,0.635
9681,1,1.028799,0.164,4.049,0.629
9682,1,1.028905,0.144,4.513,0.67
9683,1,1.029012,0.146,4.466,0.67
9684,1,1.029118,0.157,4.147,0.637
9685,1,1.029224,0.131,4.734,0.709
9686,1,1.029330,0.157,4.184,0.646
9687,1,1.029437,0.154,4.222,0.65
9688,1,1.029543,0.139,4.546,0.69
9689,1,1.029649,0.15,4.331,0.657
9690,1,1.029756,0.175,3.87,0.599
9691,1,1.029862,0.16,4.134,0.641
9692,1,1.029968,0.154,4.225,0.648
9693,1,1.030074,0.132,4.68,0.701
9694,1,1.030181,0.153,4.188,0.653
9695,1,1.030287,0.155,4.224,0.654
9696,1,1.030393,0.143,4.478,0.68
9697,1,1.030499,0.146,4.399,0.668
9698,1,1.030606,0.132,4.767,0.704
9699,1,1.030712,0.158,4.187,0.643
9700,1,1.030818,0.158,4.105,0.641
9701,1,1.030925,0.161,4.291,0.667
9702,1,1.031031,0.149,4.335,0.664
9703,1,1.031137,0.139,4.563,0.684
9704,1,1.031243,0.176,3.736,0.599
9705,1,1.031350,0.142,4.54,0.674
9706,1,1.031456,0.137,4.624,0.693
9707,1,1.031562,0.162,4.085,0.631
9708,1,1.031668,0.131,4.7,0.705
9709,1,1.031775,0.143,4.463,0.68
9710,1,1.031881,0.173,3.802,0.607
9711,1,1.031987,0.164,3.973,0.629
9712,1,1.032094,0.15,4.262,0.661
9713,1,1.032200,0.14,4.634,0.686
9714,1,1.032306,0.14,4.53,0.685
9715,1,1.032412,0.147,4.415,0.661
9716,1,1.032519,0.168,3.984,0.617
9717,1,1.032625,0.158,4.235,0.635
9718,1,1.032731,0.124,4.906,0.727
9719,1,1.032837,0.141,4.484,0.685
9720,1,1.032944,0.171,3.864,0.608
9721,1,1.033050,0.16,4.165,0.646
9722,1,1.033156,0.142,4.5,0.681
9723,1,1.033262,0.142,4.488,0.678
9724,1,1.033369,0.144,4.424,0.678
9725,1,1.033475,0.159,4.124,0.638
9726,1,1.033581,0.151,4.297,0.664
9727,1,1.033688,0.149,4.397,0.664
9728,1,1.033794,0.137,4.766,0.703
9729,1,1.033900,0.162,4.092,0.633
9730,1,1.034006,0.139,4.54,0.691
9731,1,1.034113,0.166,4.016,0.62
9732,1,1.034219,0.154,4.226,0.652
9733,1,1.034325,0.161,4.077,0.634
9734,1,1.034431,0.135,4.691,0.694
9735,1,1.034538,0.156,4.13,0.643
9736,1,1.034644,0.141,4.553,0.682
9737,1,1.034750,0.127,4.769,0.718
9738,1,1.034857,0.176,3.784,0.6
9739,1,1.034963,0.157,4.191,0.646
9740,1,1.035069,0.136,4.619,0.695
9741,1,1.035175,0.151,4.357,0.659
9742,1,1.035282,0.143,4.405,0.679
9743,1,1.035388,0.132,4.705,0.705
9744,1,1.035494,0.156,4.166,0.646
9745,1,1.035600,0.147,4.358,0.659
9746,1,1.035707,0.165,4.03,0.623
9747,1,1.035813,0.163,4.024,0.626
9748,1,1.035919,0.156,4.195,0.647
9749,1,1.036026,0.141,4.47,0.681
9750,1,1.036132,0.134,4.745,0.699
9751,1,1.036238,0.166,3.951,0.62
9752,1,1.036344,0.142,4.533,0.685
9753,1,1.036451,0.146,4.394,0.671
9754,1,1.036557,0.151,4.313,0.654
9755,1,1.036663,0.151,4.297,0.665
9756,1,1.036769,0.136,4.574,0.695
9757,1,1.036876,0.147,4.336,0.666
9758,1,1.036982,0.137,4.631,0.695
9759,1,1.037088,0.154,4.231,0.648
9760,1,1.037194,0.144,4.438,0.679
9761,1,1.037301,0.162,4.076,0.632
9762,1,1.037407,0.14,4.59,0.685
9763,1,1.037513,0.153,4.242,0.653
9764,1,1.037620,0.16,4.137,0.634
9765,1,1.037726,0.167,3.952,0.617
9766,1,1.037832,0.164,4.04,0.631
9767,1,1.037938,0.16,4.154,0.636
9769,1,1.038151,0.132,4.664,0.703
9770,1,1.038257,0.154,4.289,0.654
9771,1,1.038363,0.164,4.038,0.631
9772,1,1.038470,0.132,4.73,0.7
9773,1,1.038576,0.156,4.219,0.649
9774,1,1.038682,0.142,4.472,0.682
9775,1,1.038789,0.15,4.326,0.658
9776,1,1.038895,0.138,4.589,0.69
9777,1,1.039001,0.149,4.334,0.663
9778,1,1.039107,0.149,4.374,0.665
9780,1,1.039320,0.147,4.383,0.667
9781,1,1.039426,0.155,4.179,0.644
9782,1,1.039532,0.162,4.034,0.633
9783,1,1.039639,0.153,4.226,0.651
9784,1,1.039745,0.151,4.291,0.666
9785,1,1.039851,0.15,4.325,0.661
9786,1,1.039957,0.165,3.976,0.621
9787,1,1.040064,0.152,4.347,0.659
9788,1,1.040170,0.148,4.392,0.67
9789,1,1.040276,0.143,4.42,0.676
9790,1,1.040383,0.138,4.639,0.702
9791,1,1.040489,0.16,4.078,0.635
9792,1,1.040595,0.154,4.239,0.646
9793,1,1.040701,0.144,4.472,0.672
9794,1,1.040808,0.153,4.259,0.652
9795,1,1.040914,0.149,4.327,0.664
9796,1,1.041020,0.152,4.322,0.656
9797,1,1.041126,0.167,3.938,0.613
9798,1,1.041233,0.162,4.089,0.627
9799,1,1.041339,0.153,4.261,0.651
9800,1,1.041445,0.154,4.19,0.642
9801,1,1.041552,0.131,4.827,0.707
9802,1,1.041658,0.142,4.495,0.683
9803,1,1.041764,0.141,4.546,0.684
9804,1,1.041870,0.166,3.944,0.619
9805,1,1.041977,0.133,4.799,0.7
9806,1,1.042083,0.143,4.494,0.675
9807,1,1.042189,0.151,4.333,0.664
9808,1,1.042295,0.152,4.284,0.664
9809,1,1.042402,0.165,4.068,0.623
9810,1,1.042508,0.142,4.516,0.683
9811,1,1.042614,0.159,4.105,0.639
9812,1,1.042721,0.164,4.085,0.626
9813,1,1.042827,0.155,4.219,0.649
9814,1,1.042933,0.162,4.077,0.63
9815,1,1.043039,0.139,4.583,0.678
9816,1,1.043146,0.16,4.171,0.635
9817,1,1.043252,0.153,4.287,0.653
9818,1,1.043358,0.151,4.311,0.658
9819,1,1.043464,0.165,4.022,0.617
9820,1,1.043571,0.139,4.615,0.69
9821,1,1.043677,0.144,4.492,0.681
9822,1,1.043783,0.156,4.244,0.648
9823,1,1.043889,0.142,4.484,0.676
9824,1,1.043996,0.149,4.312,0.664
9825,1,1.044102,0.162,4.0,0.636
9826,1,1.044208,0.142,4.537,0.678
9827,1,1.044315,0.17,3.968,0.615
9828,1,1.044421,0.166,3.992,0.62
9829,1,1.044527,0.144,4.448,0.673
9830,1,1.044633,0.143,4.531,0.678
9831,1,1.044740,0.137,4.653,0.691
9832,1,1.044846,0.149,4.367,0.669
9833,1,1.044952,0.131,4.651,0.711
9834,1,1.045058,0.147,4.337,0.67
9835,1,1.045165,0.142,4.501,0.679
9836,1,1.045271,0.129,4.767,0.713
9837,1,1.045377,0.159,4.133,0.644
9838,1,1.045484,0.147,4.413,0.67
9839,1,1.045590,0.161,4.073,0.631
9840,1,1.045696,0.154,4.208,0.651
9841,1,1.045802,0.13,4.757,0.71
9842,1,1.045909,0.15,4.371,0.66
9843,1,1.046015,0.156,4.168,0.643
9844,1,1.046121,0.145,4.437,0.671
9845,1,1.046227,0.128,4.823,0.716
9846,1,1.046334,0.152,4.246,0.66
9847,1,1.046440,0.162,4.063,0.628
9848,1,1.046546,0.164,4.075,0.628
9849,1,1.046652,0.167,3.979,0.622
9850,1,1.046759,0.15,4.3,0.656
9851,1,1.046865,0.158,4.137,0.64
9852,1,1.046971,0.142,4.516,0.684
9853,1,1.047078,0.175,3.795,0.596
9854,1,1.047184,0.151,4.354,0.664
9855,1,1.047290,0.149,4.384,0.659
9856,1,1.047396,0.169,3.894,0.609
9857,1,1.047503,0.148,4.334,0.662
9858,1,1.047609,0.15,4.324,0.662
9859,1,1.047715,0.133,4.618,0.698
9860,1,1.047821,0.154,4.239,0.651
9861,1,1.047928,0.145,4.411,0.672
9862,1,1.048034,0.152,4.303,0.653
9863,1,1.048140,0.147,4.421,0.671
9864,1,1.048247,0.162,4.072,0.628
9865,1,1.048353,0.155,4.246,0.646
9866,1,1.048459,0.157,4.179,0.643
9867,1,1.048565,0.146,4.296,0.667
9868,1,1.048672,0.162,4.086,0.64
9869,1,1.048778,0.151,4.295,0.661
9870,1,1.048884,0.153,4.301,0.658
9871,1,1.048990,0.153,4.279,0.656
9872,1,1.049097,0.152,4.307,0.657
9873,1,1.049203,0.149,4.31,0.663
9874,1,1.049309,0.168,3.962,0.623
9875,1,1.049416,0.158,4.152,0.635
9876,1,1.049522,0.147,4.373,0.671
9877,1,1.049628,0.165,4.08,0.631
9878,1,1.049734,0.153,4.217,0.657
9879,1,1.049841,0.167,3.982,0.618
9880,1,1.049947,0.141,4.537,0.687
9881,1,1.050053,0.153,4.234,0.655
9882,1,1.050159,0.164,4.032,0.633
9883,1,1.050266,0.129,4.729,0.71
9884,1,1.050372,0.137,4.57,0.693
9885,1,1.050478,0.165,4.02,0.625
9886,1,1.050584,0.137,4.689,0.701
9887,1,1.050691,0.176,3.731,0.596
9888,1,1.050797,0.145,4.433,0.671
9889,1,1.050903,0.143,4.404,0.678
9890,1,1.051010,0.138,4.557,0.691
9891,1,1.051116,0.135,4.609,0.696
9892,1,1.051222,0.141,4.575,0.683
9893,1,1.051328,0.131,4.726,0.699
9894,1,1.051435,0.15,4.377,0.658
9895,1,1.051541,0.14,4.545,0.686
9896,1,1.051647,0.178,3.726,0.588
9897,1,1.051753,0.159,4.073,0.64
9898,1,1.051860,0.157,4.17,0.642
9899,1,1.051966,0.145,4.443,0.682
9900,1,1.052072,0.143,4.507,0.676
9901,1,1.052179,0.181,4.147,0.638
9902,1,1.052285,0.141,4.53,0.68
9903,1,1.052391,0.138,4.604,0.689
9904,1,1.052497,0.156,4.171,0.643
9905,1,1.052604,0.131,4.794,0.706
9906,1,1.052710,0.151,4.327,0.656
9907,1,1.052816,0.173,3.816,0.601
9908,1,1.052922,0.137,4.649,0.698
9909,1,1.053029,0.143,4.429,0.672
9910,1,1.053135,0.167,3.934,0.617
9911,1,1.053241,0.178,4.142,0.64
9912,1,1.053348,0.154,4.179,0.653
9913,1,1.053454,0.143,4.485,0.674
9914,1,1.053560,0.143,4.363,0.681
9915,1,1.053666,0.144,4.438,0.675
9916,1,1.053773,0.151,4.32,0.657
9917,1,1.053879,0.154,4.222,0.649
9918,1,1.053985,0.147,4.333,0.666
9919,1,1.054091,0.161,4.111,0.637
9920,1,1.054198,0.162,4.058,0.626
9921,1,1.054304,0.142,4.488,0.686
9922,1,1.054410,0.142,4.487,0.684
9923,1,1.054516,0.157,4.175,0.644
9924,1,1.054623,0.16,4.135,0.643
9925,1,1.054729,0.143,4.438,0.673
9926,1,1.054835,0.145,4.422,0.671
9927,1,1.054942,0.142,4.544,0.68
9928,1,1.055048,0.151,4.274,0.66
9929,1,1.055154,0.118,5.051,0.737
9930,1,1.055260,0.13,4.796,0.709
9931,1,1.055367,0.154,4.221,0.654
9932,1,1.055473,0.133,4.654,0.703
9933,1,1.055579,0.161,4.134,0.633
9934,1,1.055685,0.14,4.58,0.689
9935,1,1.055792,0.153,4.274,0.657
9936,1,1.055898,0.153,4.241,0.651
9937,1,1.056004,0.138,4.608,0.693
9938,1,1.056111,0.149,4.359,0.666
9939,1,1.056217,0.139,4.644,0.685
9940,1,1.056323,0.145,4.446,0.671
9941,1,1.056429,0.124,4.903,0.728
9942,1,1.056536,0.16,4.059,0.637
9943,1,1.056642,0.15,4.345,0.662
9944,1,1.056748,0.158,4.104,0.638
9945,1,1.056854,0.152,4.235,0.654
9946,1,1.056961,0.158,4.167,0.644
9947,1,1.057067,0.155,4.222,0.642
9948,1,1.057173,0.151,4.278,0.664
9949,1,1.057279,0.142,4.528,0.69
9950,1,1.057386,0.148,4.375,0.664
9951,1,1.057492,0.162,4.119,0.628
9952,1,1.057598,0.152,4.257,0.654
9953,1,1.057705,0.155,4.177,0.648
9954,1,1.057811,0.153,4.348,0.655
9955,1,1.057917,0.155,4.191,0.647
9956,1,1.058023,0.146,4.384,0.67
9957,1,1.058130,0.159,4.142,0.638
9958,1,1.058236,0.146,4.401,0.672
9959,1,1.058342,0.171,3.844,0.612
9960,1,1.058448,0.161,4.074,0.627
9961,1,1.058555,0.154,4.251,0.647
9962,1,1.058661,0.161,4.137,0.632
9963,1,1.058767,0.151,4.333,0.661
9964,1,1.058874,0.153,4.26,0.654
9965,1,1.058980,0.157,4.146,0.637
9966,1,1.059086,0.163,4.06,0.629
9967,1,1.059192,0.156,4.167,0.652
9968,1,1.059299,0.146,4.424,0.669
9969,1,1.059405,0.141,4.53,0.682
9970,1,1.059511,0.16,4.139,0.634
9971,1,1.059617,0.152,4.271,0.657
9972,1,1.059724,0.142,4.442,0.678
9973,1,1.059830,0.163,4.078,0.63
9974,1,1.059936,0.15,4.3,0.66
9975,1,1.060043,0.119,5.009,0.737
9976,1,1.060149,0.158,4.132,0.633
9977,1,1.060255,0.152,4.279,0.654
9978,1,1.060361,0.169,3.939,0.613
9979,1,1.060468,0.143,4.474,0.675
9980,1,1.060574,0.142,4.469,0.673
9981,1,1.060680,0.128,4.81,0.719
9982,1,1.060786,0.141,4.47,0.681
9983,1,1.060893,0.16,4.073,0.633
9984,1,1.060999,0.158,4.156,0.641
9985,1,1.061105,0.141,4.54,0.68
9986,1,1.061211,0.144,4.495,0.678
9987,1,1.061318,0.15,4.342,0.658
9988,1,1.061424,0.137,4.619,0.696
9989,1,1.061530,0.151,4.326,0.663
9990,1,1.061637,0.143,4.453,0.679
9991,1,1.061743,0.137,4.638,0.688
9992,1,1.061849,0.163,4.012,0.63
9993,1,1.061955,0.155,4.146,0.645
9994,1,1.062062,0.164,3.955,0.629
9995,1,1.062168,0.122,4.968,0.725
9996,1,1.062274,0.128,4.78,0.713
9997,1,1.062380,0.152,4.284,0.654
9998,1,1.062487,0.161,4.121,0.632
9999,1,1.062593,0.141,4.49,0.683
10000,1,1.062699,0.153,4.255,0.663
10001,1,1.062806,0.158,4.118,0.638
10002,1,1.062912,0.15,4.38,0.661
10003,1,1.063018,0.154,4.243,0.642
10004,1,1.063124,0.138,4.595,0.691
10005,1,1.063231,0.157,4.138,0.643
10006,1,1.063337,0.159,4.076,0.636
10007,1,1.063443,0.152,4.317,0.661
10008,1,1.063549,0.136,4.626,0.691
10009,1,1.063656,0.158,4.083,0.633
10010,1,1.063762,0.137,4.618,0.692
10011,1,1.063868,0.154,4.275,0.647
10012,1,1.063974,0.149,4.483,0.672
10013,1,1.064081,0.134,4.614,0.701
10014,1,1.064187,0.134,4.691,0.7
10015,1,1.064293,0.149,4.368,0.662
10016,1,1.064400,0.176,3.904,0.604
10017,1,1.064506,0.146,4.418,0.669
10018,1,1.064612,0.158,4.165,0.645
10019,1,1.064718,0.144,4.423,0.673
10020,1,1.064825,0.138,4.568,0.689
10021,1,1.064931,0.143,4.43,0.677
10022,1,1.065037,0.149,4.352,0.662
10023,1,1.065143,0.172,3.935,0.615
10024,1,1.065250,0.179,3.705,0.59
10025,1,1.065356,0.152,4.358,0.65
10026,1,1.065462,0.15,4.358,0.664
10027,1,1.065569,0.128,4.807,0.716
10028,1,1.065675,0.166,4.053,0.622
10029,1,1.065781,0.142,4.573,0.686
10030,1,1.065887,0.155,4.267,0.651
10031,1,1.065994,0.155,4.189,0.648
10032,1,1.066100,0.145,4.441,0.668
10033,1,1.066206,0.143,4.412,0.675
10034,1,1.066312,0.156,4.181,0.645
10035,1,1.066419,0.154,4.243,0.648
10036,1,1.066525,0.173,3.867,0.61
10037,1,1.066631,0.131,4.787,0.711
10038,1,1.066738,0.157,4.183,0.646
10039,1,1.066844,0.136,4.649,0.693
10040,1,1.066950,0.131,4.765,0.71
10041,1,1.067056,0.159,4.16,0.642
10042,1,1.067163,0.147,4.424,0.669
10043,1,1.067269,0.152,4.322,0.653
10044,1,1.067375,0.157,4.161,0.644
10045,1,1.067481,0.153,4.284,0.656
10046,1,1.067588,0.129,4.804,0.714
10047,1,1.067694,0.141,4.534,0.687
10048,1,1.067800,0.16,4.131,0.643
10049,1,1.067906,0.153,4.29,0.655
10050,1,1.068013,0.149,4.371,0.663
10051,1,1.068119,0.165,4.023,0.622
10052,1,1.068225,0.161,4.116,0.634
10053,1,1.068332,0.152,4.316,0.656
10054,1,1.068438,0.156,4.202,0.653
10055,1,1.068544,0.135,4.652,0.702
10056,1,1.068650,0.153,4.256,0.66
10057,1,1.068757,0.142,4.517,0.683
10058,1,1.068863,0.153,4.277,0.653
10059,1,1.068969,0.146,4.389,0.671
10060,1,1.069075,0.147,4.388,0.669
10061,1,1.069182,0.139,4.56,0.687
10062,1,1.069288,0.153,4.286,0.656
10063,1,1.069394,0.148,4.419,0.664
10064,1,1.069501,0.143,4.482,0.675
10065,1,1.069607,0.152,4.344,0.658
10066,1,1.069713,0.148,4.33,0.663
10067,1,1.069819,0.173,3.827,0.602
10068,1,1.069926,0.145,4.467,0.673
10069,1,1.070032,0.156,4.219,0.643
10070,1,1.070138,0.155,4.223,0.647
10071,1,1.070244,0.16,4.107,0.638
10072,1,1.070351,0.154,4.306,0.664
10073,1,1.070457,0.149,4.328,0.662
10074,1,1.070563,0.142,4.476,0.676
10075,1,1.070670,0.131,4.758,0.711
10076,1,1.070776,0.148,4.36,0.667
10077,1,1.070882,0.148,4.355,0.669
10078,1,1.070988,0.153,4.268,0.661
10079,1,1.071095,0.139,4.551,0.686
10080,1,1.071201,0.139,4.528,0.688
10081,1,1.071307,0.139,4.582,0.685
10082,1,1.071413,0.156,4.249,0.652
10083,1,1.071520,0.135,4.647,0.696
10084,1,1.071626,0.143,4.462,0.676
10085,1,1.071732,0.145,4.365,0.675
10086,1,1.071838,0.156,4.174,0.645
10087,1,1.071945,0.162,4.041,0.636
10088,1,1.072051,0.142,4.528,0.68
10089,1,1.072157,0.152,4.355,0.657
10090,1,1.072264,0.149,4.405,0.661
10091,1,1.072370,0.153,4.278,0.656
10092,1,1.072476,0.176,3.684,0.594
10093,1,1.072582,0.16,4.097,0.638
10094,1,1.072689,0.143,4.486,0.678
10095,1,1.072795,0.173,3.766,0.606
10096,1,1.072901,0.166,3.926,0.619
10097,1,1.073007,0.159,4.132,0.643
10098,1,1.073114,0.161,4.253,0.641
10099,1,1.073220,0.148,4.412,0.669
10100,1,1.073326,0.16,4.088,0.636
10101,1,1.073433,0.155,4.205,0.645
10102,1,1.073539,0.142,4.537,0.687
10103,1,1.073645,0.173,3.796,0.599
10104,1,1.073751,0.16,4.159,0.634
10105,1,1.073858,0.157,4.144,0.64
10106,1,1.073964,0.153,4.268,0.655
10107,1,1.074070,0.153,4.232,0.657
10108,1,1.074176,0.147,4.377,0.668
10109,1,1.074283,0.153,4.257,0.652
10110,1,1.074389,0.129,4.805,0.71
10111,1,1.074495,0.16,4.057,0.633
10112,1,1.074601,0.139,4.616,0.69
10113,1,1.074708,0.139,4.59,0.69
10114,1,1.074814,0.175,3.841,0.606
10115,1,1.074920,0.178,3.742,0.59
10116,1,1.075027,0.149,4.368,0.668
10117,1,1.075133,0.134,4.729,0.701
10118,1,1.075239,0.151,4.333,0.66
10119,1,1.075345,0.225,3.937,0.599
10120,1,1.075452,0.165,3.997,0.62
10121,1,1.075558,0.138,4.593,0.691
10122,1,1.075664,0.143,4.458,0.68
10123,1,1.075770,0.137,4.608,0.695
10124,1,1.075877,0.145,4.394,0.678
10125,1,1.075983,0.147,4.452,0.669
10126,1,1.076089,0.148,4.399,0.671
10127,1,1.076196,0.178,3.751,0.596
10128,1,1.076302,0.159,4.176,0.639
10129,1,1.076408,0.156,4.148,0.648
10130,1,1.076514,0.17,3.884,0.614
10131,1,1.076621,0.155,4.246,0.648
10132,1,1.076727,0.156,4.194,0.647
10133,1,1.076833,0.152,4.366,0.662
10134,1,1.076939,0.171,3.918,0.614
10135,1,1.077046,0.166,4.134,0.639
10136,1,1.077152,0.163,4.078,0.627
10137,1,1.077258,0.136,4.655,0.694
10138,1,1.077365,0.156,4.242,0.648
10139,1,1.077471,0.174,3.777,0.601
10140,1,1.077577,0.161,4.144,0.634
10141,1,1.077683,0.155,4.256,0.648
10142,1,1.077790,0.143,4.457,0.682
10143,1,1.077896,0.165,3.958,0.626
10144,1,1.078002,0.142,4.504,0.682
10145,1,1.078108,0.18,3.827,0.619
10146,1,1.078215,0.159,4.176,0.64
10147,1,1.078321,0.154,4.173,0.65
10148,1,1.078427,0.151,4.319,0.658
10149,1,1.078533,0.153,4.263,0.654
10150,1,1.078640,0.142,4.68,0.703
10151,1,1.078746,0.148,4.38,0.666
10152,1,1.078852,0.149,4.329,0.658
10153,1,1.078959,0.15,4.332,0.666
10154,1,1.079065,0.152,4.363,0.654
10155,1,1.079171,0.165,4.014,0.622
10156,1,1.079277,0.139,4.609,0.69
10157,1,1.079384,0.149,4.357,0.664
10158,1,1.079490,0.148,4.399,0.669
10159,1,1.079596,0.163,4.091,0.631
10160,1,1.079702,0.158,4.177,0.64
10161,1,1.079809,0.142,4.496,0.681
10162,1,1.079915,0.143,4.498,0.677
10163,1,1.080021,0.178,3.765,0.588
10164,1,1.080128,0.145,4.434,0.68
10165,1,1.080234,0.133,4.697,0.703
10166,1,1.080340,0.131,4.805,0.703
10167,1,1.080446,0.164,4.073,0.623
10168,1,1.080553,0.146,4.47,0.667
10169,1,1.080659,0.187,3.51,0.571
10170,1,1.080765,0.153,4.268,0.655
10171,1,1.080871,0.145,4.446,0.669
10172,1,1.080978,0.16,4.094,0.629
10173,1,1.081084,0.144,4.431,0.669
10174,1,1.081190,0.148,4.377,0.665
10175,1,1.081296,0.159,4.093,0.636
10176,1,1.081403,0.19,4.145,0.636
10177,1,1.081509,0.153,4.296,0.655
10178,1,1.081615,0.14,4.557,0.688
10179,1,1.081722,0.149,4.358,0.661
10180,1,1.081828,0.149,4.421,0.66
10181,1,1.081934,0.141,4.58,0.688
10182,1,1.082040,0.161,4.095,0.638
10183,1,1.082147,0.166,3.967,0.617
10184,1,1.082253,0.155,4.33,0.654
10185,1,1.082359,0.147,4.387,0.667
10186,1,1.082465,0.139,4.527,0.688
10187,1,1.082572,0.157,4.153,0.649
10188,1,1.082678,0.159,4.149,0.636
10189,1,1.082784,0.16,4.12,0.635
10190,1,1.082891,0.153,4.214,0.652
10191,1,1.082997,0.141,4.42,0.683
10192,1,1.083103,0.155,4.211,0.648
10193,1,1.083209,0.146,4.365,0.669
10194,1,1.083316,0.165,4.008,0.623
10195,1,1.083422,0.14,4.633,0.693
10196,1,1.083528,0.152,4.304,0.657
10197,1,1.083634,0.159,4.095,0.642
10198,1,1.083741,0.153,4.26,0.651
10199,1,1.083847,0.142,4.454,0.683
10200,1,1.083953,0.151,4.369,0.657
10201,1,1.084060,0.138,4.565,0.693
10202,1,1.084166,0.147,4.354,0.673
10203,1,1.084272,0.154,4.261,0.652
10204,1,1.084378,0.137,4.577,0.693
10205,1,1.084485,0.156,4.207,0.649
10206,1,1.084591,0.148,4.389,0.666
10207,1,1.084697,0.142,4.535,0.685
10208,1,1.084803,0.155,4.158,0.65
10209,1,1.084910,0.153,4.233,0.644
10210,1,1.085016,0.162,4.08,0.63
10211,1,1.085122,0.141,4.596,0.69
10212,1,1.085228,0.14,4.519,0.689
10213,1,1.085335,0.152,4.304,0.661
10214,1,1.085441,0.164,4.018,0.624
10215,1,1.085547,0.141,4.55,0.683
10216,1,1.085654,0.143,4.449,0.671
10217,1,1.085760,0.144,4.447,0.677
10218,1,1.085866,0.151,4.318,0.657
10219,1,1.085972,0.145,4.444,0.672
10220,1,1.086079,0.169,3.88,0.613
10221,1,1.086185,0.16,4.07,0.637
10222,1,1.086291,0.158,4.115,0.643
10223,1,1.086397,0.161,4.01,0.632
10224,1,1.086504,0.162,4.048,0.625
10225,1,1.086610,0.145,4.448,0.669
10226,1,1.086716,0.159,4.131,0.642
10227,1,1.086823,0.157,4.152,0.639
10228,1,1.086929,0.176,3.763,0.593
10229,1,1.087035,0.134,4.643,0.701
10230,1,1.087141,0.142,4.502,0.68
10231,1,1.087248,0.135,4.632,0.698
10232,1,1.087354,0.158,4.125,0.644
10233,1,1.087460,0.164,4.023,0.627
10234,1,1.087566,0.147,4.366,0.664
10235,1,1.087673,0.124,4.84,0.725
10236,1,1.087779,0.145,4.436,0.681
10237,1,1.087885,0.14,4.54,0.683
10238,1,1.087991,0.166,4.01,0.62
10239,1,1.088098,0.161,4.084,0.634
10240,1,1.088204,0.148,4.37,0.665
10241,1,1.088310,0.155,4.213,0.647
10242,1,1.088417,0.131,4.74,0.712
10243,1,1.088523,0.16,4.059,0.639
10244,1,1.088629,0.136,4.67,0.693
10245,1,1.088735,0.154,4.25,0.651
10246,1,1.088842,0.166,3.967,0.62
10247,1,1.088948,0.132,4.687,0.701
10248,1,1.089054,0.162,4.098,0.632
10249,1,1.089160,0.158,4.157,0.637
10250,1,1.089267,0.154,4.306,0.647
10251,1,1.089373,0.138,4.584,0.688
10252,1,1.089479,0.146,4.438,0.669
10253,1,1.089586,0.152,4.259,0.669
10254,1,1.089692,0.161,4.091,0.632
10255,1,1.089798,0.142,4.488,0.681
10256,1,1.089904,0.154,4.254,0.651
10257,1,1.090011,0.155,4.242,0.651
10258,1,1.090117,0.161,4.119,0.638
10259,1,1.090223,0.153,4.245,0.655
10260,1,1.090329,0.156,4.215,0.646
10261,1,1.090436,0.168,3.947,0.613
10262,1,1.090542,0.158,4.197,0.641
10263,1,1.090648,0.156,4.228,0.649
10264,1,1.090755,0.142,4.55,0.685
10265,1,1.090861,0.156,4.166,0.646
10266,1,1.090967,0.137,4.622,0.699
10267,1,1.091073,0.158,4.15,0.64
10268,1,1.091180,0.119,5.066,0.738
10269,1,1.091286,0.147,4.352,0.666
10270,1,1.091392,0.145,4.435,0.676
10271,1,1.091498,0.163,4.056,0.632
10272,1,1.091605,0.142,4.491,0.679
10273,1,1.091711,0.151,4.277,0.661
10274,1,1.091817,0.16,4.123,0.635
10275,1,1.091923,0.157,4.16,0.641
10276,1,1.092030,0.155,4.192,0.649
10277,1,1.092136,0.142,4.5,0.679
10278,1,1.092242,0.16,4.124,0.642
10279,1,1.092349,0.157,4.188,0.645
10280,1,1.092455,0.152,4.276,0.657
10281,1,1.092561,0.161,4.063,0.637
10282,1,1.092667,0.153,4.329,0.654
10283,1,1.092774,0.132,4.654,0.706
10284,1,1.092880,0.132,4.735,0.702
10285,1,1.092986,0.154,4.248,0.65
10286,1,1.093092,0.153,4.243,0.653
10287,1,1.093199,0.182,3.581,0.58
10288,1,1.093305,0.144,4.415,0.676
10289,1,1.093411,0.149,4.352,0.658
10290,1,1.093518,0.153,4.481,0.669
10291,1,1.093624,0.149,4.387,0.662
10292,1,1.093730,0.159,4.081,0.637
10293,1,1.093836,0.131,4.804,0.708
10294,1,1.093943,0.138,4.573,0.687
10295,1,1.094049,0.151,4.311,0.661
10296,1,1.094155,0.148,4.398,0.666
10297,1,1.094261,0.173,3.838,0.602
10298,1,1.094368,0.154,4.248,0.647
10299,1,1.094474,0.138,4.597,0.694
10300,1,1.094580,0.158,4.203,0.643
10301,1,1.094687,0.142,4.54,0.686
10302,1,1.094793,0.15,4.325,0.659
10303,1,1.094899,0.151,4.305,0.663
10304,1,1.095005,0.151,4.327,0.658
10305,1,1.095112,0.149,4.308,0.665
10306,1,1.095218,0.14,4.552,0.685
10307,1,1.095324,0.146,4.409,0.668
10308,1,1.095430,0.161,4.148,0.637
10309,1,1.095537,0.134,4.651,0.698
10310,1,1.095643,0.165,4.039,0.621
10311,1,1.095749,0.126,4.792,0.722
10312,1,1.095855,0.159,4.152,0.641
10313,1,1.095962,0.151,4.25,0.662
10314,1,1.096068,0.151,4.363,0.66
10315,1,1.096174,0.153,4.284,0.652
10316,1,1.096281,0.134,4.683,0.696
10317,1,1.096387,0.152,4.3,0.658
10318,1,1.096493,0.13,4.749,0.704
10319,1,1.096599,0.151,4.28,0.656
10320,1,1.096706,0.141,4.63,0.708
10321,1,1.096812,0.158,4.181,0.645
10322,1,1.096918,0.154,4.237,0.65
10323,1,1.097024,0.162,4.1,0.631
10324,1,1.097131,0.153,4.289,0.65
10325,1,1.097237,0.141,4.521,0.685
10326,1,1.097343,0.145,4.357,0.665
10327,1,1.097450,0.154,4.215,0.653
10328,1,1.097556,0.147,4.392,0.668
10329,1,1.097662,0.165,4.076,0.628
10330,1,1.097768,0.159,4.161,0.639
10331,1,1.097875,0.153,4.283,0.66
10332,1,1.097981,0.154,4.22,0.654
10333,1,1.098087,0.14,4.549,0.686
10334,1,1.098193,0.151,4.255,0.662
10335,1,1.098300,0.119,5.038,0.738
10336,1,1.098406,0.153,4.28,0.647
10337,1,1.098512,0.147,4.378,0.668
10338,1,1.098618,0.146,4.447,0.661
10339,1,1.098725,0.129,4.749,0.712
10340,1,1.098831,0.142,4.582,0.676
10341,1,1.098937,0.16,4.144,0.634
10342,1,1.099044,0.154,4.241,0.654
10343,1,1.099150,0.166,4.027,0.622
10344,1,1.099256,0.159,4.158,0.646
10345,1,1.099362,0.143,4.443,0.676
10346,1,1.099469,0.146,4.398,0.674
10347,1,1.099575,0.154,4.242,0.651
10348,1,1.099681,0.134,4.681,0.703
10349,1,1.099787,0.161,4.076,0.631
10350,1,1.099894,0.136,4.648,0.696
10351,1,1.100000,0.153,4.322,0.658
10352,1,1.100106,0.147,4.429,0.671
10353,1,1.100213,0.148,4.385,0.663
10354,1,1.100319,0.149,4.369,0.66
10355,1,1.100425,0.158,4.151,0.645
10356,1,1.100531,0.141,4.451,0.682
10357,1,1.100638,0.147,4.357,0.674
10358,1,1.100744,0.17,3.86,0.609
10359,1,1.100850,0.149,4.337,0.664
10360,1,1.100956,0.145,4.444,0.671
10361,1,1.101063,0.154,4.226,0.651
10362,1,1.101169,0.161,4.084,0.631
10363,1,1.101275,0.159,4.191,0.649
10364,1,1.101382,0.153,4.221,0.652
10365,1,1.101488,0.156,4.148,0.645
10366,1,1.101594,0.145,4.413,0.671
10367,1,1.101700,0.147,4.408,0.663
10368,1,1.101807,0.167,3.962,0.622
10369,1,1.101913,0.151,4.303,0.657
10370,1,1.102019,0.16,4.138,0.644
10371,1,1.102125,0.137,4.623,0.691
10372,1,1.102232,0.142,4.516,0.679
10373,1,1.102338,0.143,4.448,0.681
10374,1,1.102444,0.139,4.562,0.691
10375,1,1.102550,0.148,4.379,0.667
10376,1,1.102657,0.157,4.178,0.638
10377,1,1.102763,0.165,3.947,0.619
10378,1,1.102869,0.132,4.677,0.712
10379,1,1.102976,0.161,4.046,0.637
10380,1,1.103082,0.148,4.375,0.666
10381,1,1.103188,0.166,3.972,0.622
10382,1,1.103294,0.141,4.487,0.689
10383,1,1.103401,0.163,4.051,0.626
10384,1,1.103507,0.132,4.707,0.703
10385,1,1.103613,0.156,4.146,0.645
10386,1,1.103719,0.175,3.863,0.601
10387,1,1.103826,0.182,3.635,0.581
10388,1,1.103932,0.142,4.521,0.681
10389,1,1.104038,0.148,4.386,0.669
10390,1,1.104145,0.168,3.898,0.612
10391,1,1.104251,0.124,4.887,0.723
10392,1,1.104357,0.124,4.917,0.723
10393,1,1.104463,0.148,4.363,0.659
10394,1,1.104570,0.15,4.289,0.657
10395,1,1.104676,0.169,3.926,0.614
10396,1,1.104782,0.155,4.179,0.644
10397,1,1.104888,0.147,4.398,0.67
10398,1,1.104995,0.139,4.605,0.69
10399,1,1.105101,0.147,4.337,0.673
10400,1,1.105207,0.162,4.073,0.636
10401,1,1.105313,0.158,4.143,0.637
10402,1,1.105420,0.173,3.803,0.604
10403,1,1.105526,0.154,4.229,0.651
10404,1,1.105632,0.146,4.401,0.665
10405,1,1.105739,0.142,4.522,0.677
10406,1,1.105845,0.161,4.126,0.64
10407,1,1.105951,0.168,3.913,0.618
10408,1,1.106057,0.154,4.234,0.655
10409,1,1.106164,0.141,4.478,0.684
10410,1,1.106270,0.133,4.663,0.699
10411,1,1.106376,0.168,3.911,0.612
10412,1,1.106482,0.119,5.007,0.732
10413,1,1.106589,0.156,4.243,0.647
10414,1,1.106695,0.136,4.619,0.701
10415,1,1.106801,0.153,4.267,0.655
10416,1,1.106908,0.146,4.435,0.665
10417,1,1.107014,0.148,4.391,0.665
10418,1,1.107120,0.15,4.364,0.66
10419,1,1.107226,0.153,4.256,0.656
10420,1,1.107333,0.158,4.111,0.638
10421,1,1.107439,0.162,4.06,0.636
10422,1,1.107545,0.139,4.523,0.685
10423,1,1.107651,0.144,4.471,0.67
10424,1,1.107758,0.159,4.12,0.636
10425,1,1.107864,0.151,4.32,0.656
10426,1,1.107970,0.151,4.317,0.656
10427,1,1.108077,0.155,4.24,0.646
10428,1,1.108183,0.137,4.827,0.716
10429,1,1.108289,0.153,4.243,0.653
10430,1,1.108395,0.148,4.333,0.668
10431,1,1.108502,0.139,4.569,0.69
10432,1,1.108608,0.136,4.675,0.693
10433,1,1.108714,0.161,4.093,0.627
10434,1,1.108820,0.153,4.23,0.656
10435,1,1.108927,0.164,3.961,0.622
10436,1,1.109033,0.164,4.04,0.623
10437,1,1.109139,0.149,4.337,0.661
10438,1,1.109245,0.155,4.169,0.648
10439,1,1.109352,0.169,3.912,0.609
10440,1,1.109458,0.147,4.393,0.666
10441,1,1.109564,0.152,4.263,0.662
10442,1,1.109671,0.148,4.423,0.667
10443,1,1.109777,0.143,4.467,0.676
10444,1,1.109883,0.159,4.05,0.64
10445,1,1.109989,0.142,4.466,0.684
10446,1,1.110096,0.154,4.23,0.651
10447,1,1.110202,0.157,4.163,0.641
10448,1,1.110308,0.149,4.367,0.66
10449,1,1.110414,0.145,4.405,0.674
10450,1,1.110521,0.137,4.578,0.692
10451,1,1.110627,0.16,4.149,0.637
10452,1,1.110733,0.161,4.013,0.627
10453,1,1.110840,0.126,4.93,0.743
10454,1,1.110946,0.16,4.15,0.644
10455,1,1.111052,0.154,4.183,0.643
10456,1,1.111158,0.141,4.568,0.689
10457,1,1.111265,0.147,4.351,0.665
10458,1,1.111371,0.147,4.326,0.668
10459,1,1.111477,0.157,4.173,0.647
10460,1,1.111583,0.143,4.48,0.672
10461,1,1.111690,0.131,4.737,0.707
10462,1,1.111796,0.134,4.672,0.705
10463,1,1.111902,0.159,4.135,0.644
10464,1,1.112009,0.15,4.281,0.658
10465,1,1.112115,0.141,4.53,0.683
10466,1,1.112221,0.14,4.551,0.688
10467,1,1.112327,0.166,3.994,0.621
10468,1,1.112434,0.139,4.589,0.691
10469,1,1.112540,0.147,4.361,0.666
10470,1,1.112646,0.159,4.073,0.636
10471,1,1.112752,0.147,4.387,0.664
10472,1,1.112859,0.157,4.143,0.642
10473,1,1.112965,0.14,4.568,0.692
10474,1,1.113071,0.153,4.316,0.659
10475,1,1.113177,0.151,4.308,0.659
10476,1,1.113284,0.151,4.25,0.661
10477,1,1.113390,0.15,4.303,0.665
10478,1,1.113496,0.142,4.461,0.678
10479,1,1.113603,0.131,4.771,0.711
10480,1,1.113709,0.157,4.214,0.643
10481,1,1.113815,0.165,3.975,0.623
10482,1,1.113921,0.167,3.886,0.623
10483,1,1.114028,0.149,4.345,0.665
10484,1,1.114134,0.15,4.317,0.664
10485,1,1.114240,0.153,4.183,0.656
10486,1,1.114346,0.14,4.566,0.68
10487,1,1.114453,0.141,4.495,0.684
10488,1,1.114559,0.149,4.289,0.662
10489,1,1.114665,0.136,4.654,0.691
10490,1,1.114772,0.161,4.107,0.634
10491,1,1.114878,0.15,4.393,0.668
10492,1,1.114984,0.153,4.247,0.647
10493,1,1.115090,0.155,4.201,0.646
10494,1,1.115197,0.144,4.425,0.674
10495,1,1.115303,0.142,4.499,0.681
10496,1,1.115409,0.149,4.339,0.669
10497,1,1.115515,0.125,4.918,0.718
10498,1,1.115622,0.151,4.298,0.661
10499,1,1.115728,0.162,4.09,0.634
10500,1,1.115834,0.166,3.964,0.618
10501,1,1.115940,0.151,4.287,0.663
10502,1,1.116047,0.152,4.271,0.659
10503,1,1.116153,0.176,3.774,0.593
10504,1,1.116259,0.153,4.24,0.653
10505,1,1.116366,0.132,4.681,0.702
10506,1,1.116472,0.139,4.604,0.686
10507,1,1.116578,0.164,4.027,0.621
10508,1,1.116684,0.169,3.921,0.609
10509,1,1.116791,0.143,4.438,0.674
10510,1,1.116897,0.158,4.071,0.639
10511,1,1.117003,0.141,4.491,0.684
10512,1,1.117109,0.128,4.797,0.71
10513,1,1.117216,0.149,4.331,0.665
10514,1,1.117322,0.153,4.258,0.654
10515,1,1.117428,0.146,4.466,0.669
10516,1,1.117535,0.157,4.126,0.642
10517,1,1.117641,0.164,3.982,0.634
10518,1,1.117747,0.146,4.413,0.672
10519,1,1.117853,0.153,4.226,0.645
10520,1,1.117960,0.157,4.132,0.647
10521,1,1.118066,0.165,3.964,0.625
10522,1,1.118172,0.141,4.479,0.685
10523,1,1.118278,0.15,4.33,0.662
10524,1,1.118385,0.149,4.324,0.661
10525,1,1.118491,0.148,4.37,0.665
10526,1,1.118597,0.17,3.91,0.604
10527,1,1.118704,0.148,4.393,0.668
10528,1,1.118810,0.14,4.556,0.686
10529,1,1.118916,0.143,4.46,0.675
10530,1,1.119022,0.139,4.651,0.691
10531,1,1.119129,0.125,4.9,0.722
10532,1,1.119235,0.152,4.254,0.649
10533,1,1.119341,0.155,4.231,0.649
10534,1,1.119447,0.147,4.326,0.671
10535,1,1.119554,0.156,4.188,0.644
10536,1,1.119660,0.169,3.88,0.617
10537,1,1.119766,0.165,3.97,0.619
10538,1,1.119872,0.144,4.48,0.667
10539,1,1.119979,0.143,4.423,0.674
10540,1,1.120085,0.156,4.193,0.645
10541,1,1.120191,0.146,4.419,0.671
10542,1,1.120298,0.156,4.158,0.646
10543,1,1.120404,0.168,3.93,0.619
10544,1,1.120510,0.14,4.434,0.688
10545,1,1.120616,0.143,4.474,0.676
10546,1,1.120723,0.149,4.333,0.661
10547,1,1.120829,0.143,4.459,0.678
10548,1,1.120935,0.149,4.314,0.664
10549,1,1.121041,0.131,4.732,0.71
10550,1,1.121148,0.138,4.567,0.688
10551,1,1.121254,0.119,5.037,0.739
10552,1,1.121360,0.165,4.038,0.622
10553,1,1.121467,0.141,4.465,0.687
10554,1,1.121573,0.115,5.119,0.744
10555,1,1.121679,0.142,4.556,0.685
10556,1,1.121785,0.156,4.2,0.643
10557,1,1.121892,0.158,4.13,0.644
10558,1,1.121998,0.16,4.055,0.632
10559,1,1.122104,0.161,4.074,0.64
10560,1,1.122210,0.168,3.854,0.616
10561,1,1.122317,0.153,4.281,0.657
10562,1,1.122423,0.162,4.081,0.635
10563,1,1.122529,0.155,4.239,0.645
10564,1,1.122635,0.153,4.327,0.651
10565,1,1.122742,0.136,4.613,0.701
10566,1,1.122848,0.149,4.34,0.663
10567,1,1.122954,0.147,4.38,0.669
10568,1,1.123061,0.147,4.416,0.673
10569,1,1.123167,0.154,4.271,0.643
10570,1,1.123273,0.148,4.441,0.669
10571,1,1.123379,0.154,4.244,0.651
10572,1,1.123486,0.149,4.376,0.667
10573,1,1.123592,0.147,4.415,0.67
10574,1,1.123698,0.156,4.235,0.64
10575,1,1.123804,0.129,4.778,0.709
10576,1,1.123911,0.147,4.348,0.659
10577,1,1.124017,0.135,4.68,0.7
10578,1,1.124123,0.153,4.233,0.649
10579,1,1.124230,0.133,4.637,0.699
10580,1,1.124336,0.14,4.525,0.683
10581,1,1.124442,0.151,4.305,0.666
10582,1,1.124548,0.145,4.368,0.674
10583,1,1.124655,0.145,4.45,0.677
10584,1,1.124761,0.158,4.165,0.638
10585,1,1.124867,0.147,4.317,0.667
10586,1,1.124973,0.156,4.176,0.645
10587,1,1.125080,0.159,4.113,0.635
10588,1,1.125186,0.164,4.001,0.627
10589,1,1.125292,0.145,4.422,0.675
10590,1,1.125399,0.153,4.262,0.655
10591,1,1.125505,0.157,4.168,0.645
10592,1,1.125611,0.158,4.148,0.639
10594,1,1.125824,0.148,4.404,0.67
10595,1,1.125930,0.159,4.162,0.646
10596,1,1.126036,0.149,4.34,0.665
10597,1,1.126142,0.161,4.124,0.635
10598,1,1.126249,0.168,3.936,0.614
10599,1,1.126355,0.141,4.489,0.679
10600,1,1.126461,0.145,4.443,0.672
10601,1,1.126567,0.148,4.392,0.666
10602,1,1.126674,0.132,4.717,0.701
10603,1,1.126780,0.152,4.304,0.652
10604,1,1.126886,0.123,4.95,0.73
10605,1,1.126993,0.165,4.019,0.639
10606,1,1.127099,0.145,4.451,0.672
10607,1,1.127205,0.147,4.366,0.663
10608,1,1.127311,0.158,4.142,0.643
10609,1,1.127418,0.151,4.34,0.658
10610,1,1.127524,0.152,4.303,0.653
10611,1,1.127630,0.143,4.446,0.671
10612,1,1.127736,0.156,4.235,0.646
10613,1,1.127843,0.166,3.991,0.622
10614,1,1.127949,0.156,4.224,0.649
10615,1,1.128055,0.15,4.309,0.658
10616,1,1.128162,0.153,4.27,0.656
10617,1,1.128268,0.174,3.823,0.602
10618,1,1.128374,0.146,4.387,0.668
10619,1,1.128480,0.147,4.403,0.672
10620,1,1.128587,0.147,4.377,0.669
10621,1,1.128693,0.146,4.606,0.689
10622,1,1.128799,0.144,4.453,0.669
10623,1,1.128905,0.141,4.492,0.689
10624,1,1.129012,0.146,4.393,0.676
10625,1,1.129118,0.163,4.041,0.622
10626,1,1.129224,0.153,4.297,0.658
10627,1,1.129330,0.147,4.32,0.666
10628,1,1.129437,0.153,4.226,0.651
10629,1,1.129543,0.153,4.236,0.656
10630,1,1.129649,0.149,4.366,0.663
10631,1,1.129756,0.153,4.293,0.66
10632,1,1.129862,0.156,4.189,0.64
10633,1,1.129968,0.167,3.972,0.622
10634,1,1.130074,0.158,4.16,0.642
10635,1,1.130181,0.16,4.041,0.634
10636,1,1.130287,0.167,4.029,0.616
10637,1,1.130393,0.156,4.184,0.647
10638,1,1.130499,0.146,4.399,0.671
10639,1,1.130606,0.155,4.1,0.652
10640,1,1.130712,0.156,4.134,0.648
10641,1,1.130818,0.144,4.467,0.676
10642,1,1.130925,0.141,4.583,0.682
10643,1,1.131031,0.142,4.461,0.688
10644,1,1.131137,0.142,4.437,0.671
10645,1,1.131243,0.151,4.297,0.662
10646,1,1.131350,0.144,4.412,0.675
10647,1,1.131456,0.169,3.906,0.616
10648,1,1.131562,0.145,4.465,0.678
10649,1,1.131668,0.148,4.327,0.665
10650,1,1.131775,0.153,4.248,0.656
10651,1,1.131881,0.142,4.444,0.683
10652,1,1.131987,0.165,3.984,0.632
10653,1,1.132094,0.154,4.234,0.649
10654,1,1.132200,0.156,4.19,0.647
10655,1,1.132306,0.159,4.162,0.637
10656,1,1.132412,0.164,3.968,0.624
10657,1,1.132519,0.131,4.753,0.709
10658,1,1.132625,0.143,4.467,0.677
10659,1,1.132731,0.142,4.512,0.679
10660,1,1.132837,0.142,4.52,0.689
10661,1,1.132944,0.169,3.897,0.616
10662,1,1.133050,0.157,4.158,0.643
10663,1,1.133156,0.146,4.471,0.671
10664,1,1.133262,0.152,4.357,0.658
10665,1,1.133369,0.15,4.279,0.664
10666,1,1.133475,0.148,4.371,0.661
10667,1,1.133581,0.147,4.353,0.668
10668,1,1.133688,0.157,4.15,0.639
10669,1,1.133794,0.141,4.52,0.683
10670,1,1.133900,0.136,4.584,0.695
10671,1,1.134006,0.136,4.597,0.697
10672,1,1.134113,0.142,4.511,0.679
10673,1,1.134219,0.153,4.256,0.653
10674,1,1.134325,0.138,4.606,0.694
10675,1,1.134431,0.147,4.358,0.668
10676,1,1.134538,0.15,4.383,0.659
10677,1,1.134644,0.151,4.292,0.66
10678,1,1.134750,0.123,4.935,0.728
10679,1,1.134857,0.153,4.245,0.654
10680,1,1.134963,0.153,4.277,0.654
10681,1,1.135069,0.151,4.301,0.663
10682,1,1.135175,0.158,4.193,0.642
10683,1,1.135282,0.148,4.348,0.662
10684,1,1.135388,0.152,4.304,0.656
10685,1,1.135494,0.154,4.238,0.646
10686,1,1.135600,0.144,4.464,0.671
10687,1,1.135707,0.176,3.791,0.596
10688,1,1.135813,0.129,4.776,0.709
10689,1,1.135919,0.14,4.56,0.693
10690,1,1.136026,0.151,4.289,0.662
10691,1,1.136132,0.14,4.592,0.685
10692,1,1.136238,0.174,3.763,0.605
10693,1,1.136344,0.167,3.952,0.617
10694,1,1.136451,0.132,4.67,0.701
10695,1,1.136557,0.157,4.138,0.643
10696,1,1.136663,0.168,3.904,0.617
10697,1,1.136769,0.147,4.393,0.666
10698,1,1.136876,0.147,4.335,0.665
10699,1,1.136982,0.158,4.08,0.642
10700,1,1.137088,0.134,4.672,0.699
10701,1,1.137194,0.165,3.969,0.621
10702,1,1.137301,0.143,4.456,0.675
10703,1,1.137407,0.159,4.141,0.643
10704,1,1.137513,0.155,4.215,0.647
10705,1,1.137620,0.148,4.431,0.668
10706,1,1.137726,0.147,4.344,0.674
10707,1,1.137832,0.14,4.599,0.686
10708,1,1.137938,0.153,4.206,0.653
10709,1,1.138045,0.166,3.957,0.619
10710,1,1.138151,0.142,4.527,0.681
10711,1,1.138257,0.168,3.919,0.616
10712,1,1.138363,0.156,4.192,0.648
10713,1,1.138470,0.151,4.331,0.658
10714,1,1.138576,0.143,4.44,0.675
10715,1,1.138682,0.158,4.122,0.64
10716,1,1.138789,0.14,4.528,0.684
10717,1,1.138895,0.153,4.305,0.653
10718,1,1.139001,0.15,4.327,0.666
10719,1,1.139107,0.141,4.537,0.685
10720,1,1.139214,0.147,4.387,0.665
10721,1,1.139320,0.15,4.338,0.66
10722,1,1.139426,0.166,3.859,0.62
10723,1,1.139532,0.124,4.849,0.725
10724,1,1.139639,0.153,4.228,0.648
10725,1,1.139745,0.137,4.612,0.695
10726,1,1.139851,0.136,4.662,0.701
10727,1,1.139957,0.154,4.338,0.656
10728,1,1.140064,0.153,4.224,0.654
10729,1,1.140170,0.165,4.041,0.621
10730,1,1.140276,0.159,4.086,0.638
10731,1,1.140383,0.149,4.37,0.661
10732,1,1.140489,0.15,4.324,0.658
10733,1,1.140595,0.161,4.136,0.64
10734,1,1.140701,0.149,4.336,0.663
10735,1,1.140808,0.147,4.33,0.667
10736,1,1.140914,0.222,4.079,0.625
10737,1,1.141020,0.164,4.011,0.628
10738,1,1.141126,0.143,4.422,0.673
10739,1,1.141233,0.157,4.07,0.639
10740,1,1.141339,0.153,4.233,0.644
10741,1,1.141445,0.141,4.502,0.683
10742,1,1.141552,0.147,4.409,0.674
10743,1,1.141658,0.157,4.115,0.641
10744,1,1.141764,0.151,4.275,0.666
10745,1,1.141870,0.149,4.331,0.665
10746,1,1.141977,0.158,4.126,0.644
10747,1,1.142083,0.151,4.295,0.66
10748,1,1.142189,0.149,4.435,0.668
10749,1,1.142295,0.153,4.277,0.654
10750,1,1.142402,0.147,4.391,0.677
10751,1,1.142508,0.146,4.454,0.669
10752,1,1.142614,0.167,3.978,0.618
10753,1,1.142721,0.142,4.535,0.685
10754,1,1.142827,0.154,4.264,0.653
10755,1,1.142933,0.174,3.82,0.605
10756,1,1.143039,0.161,4.105,0.637
10757,1,1.143146,0.156,4.228,0.652
10758,1,1.143252,0.156,4.185,0.644
10759,1,1.143358,0.156,4.196,0.645
10760,1,1.143464,0.138,4.563,0.689
10761,1,1.143571,0.147,4.349,0.668
10762,1,1.143677,0.153,4.254,0.649
10763,1,1.143783,0.153,4.246,0.66
10764,1,1.143889,0.148,4.374,0.668
10765,1,1.143996,0.165,4.037,0.625
10766,1,1.144102,0.142,4.493,0.682
10767,1,1.144208,0.166,4.006,0.625
10768,1,1.144315,0.149,4.396,0.662
10769,1,1.144421,0.162,4.098,0.633
10770,1,1.144527,0.153,4.29,0.657
10771,1,1.144633,0.171,3.868,0.611
10772,1,1.144740,0.15,4.332,0.665
10773,1,1.144846,0.16,4.125,0.639
10774,1,1.144952,0.164,3.997,0.628
10775,1,1.145058,0.127,4.849,0.718
10776,1,1.145165,0.155,4.232,0.652
10777,1,1.145271,0.173,3.868,0.608
10778,1,1.145377,0.15,4.298,0.668
10779,1,1.145484,0.138,4.595,0.693
10780,1,1.145590,0.159,4.134,0.634
10781,1,1.145696,0.137,4.644,0.695
10782,1,1.145802,0.142,4.553,0.679
10783,1,1.145909,0.159,4.094,0.639
10784,1,1.146015,0.143,4.475,0.675
10785,1,1.146121,0.135,4.595,0.703
10786,1,1.146227,0.137,4.654,0.693
10787,1,1.146334,0.147,4.327,0.671
10788,1,1.146440,0.169,3.906,0.617
10789,1,1.146546,0.135,4.652,0.697
10790,1,1.146652,0.164,4.023,0.631
10791,1,1.146759,0.123,4.918,0.724
10792,1,1.146865,0.138,4.596,0.693
10793,1,1.146971,0.149,4.302,0.661
10794,1,1.147078,0.148,4.312,0.663
10795,1,1.147184,0.131,4.798,0.706
10796,1,1.147290,0.155,4.22,0.647
10797,1,1.147396,0.153,4.195,0.654
10798,1,1.147503,0.144,4.443,0.679
10799,1,1.147609,0.144,4.445,0.669
10800,1,1.147715,0.175,3.764,0.601
10801,1,1.147821,0.174,3.796,0.601
10802,1,1.147928,0.153,4.212,0.649
10803,1,1.148034,0.147,4.362,0.67
10804,1,1.148140,0.163,3.962,0.635
10805,1,1.148247,0.142,4.516,0.676
10806,1,1.148353,0.145,4.377,0.673
10807,1,1.148459,0.155,4.157,0.643
10808,1,1.148565,0.158,4.123,0.638
10809,1,1.148672,0.131,4.729,0.704
10810,1,1.148778,0.155,4.212,0.645
10811,1,1.148884,0.131,4.703,0.711
10812,1,1.148990,0.145,4.45,0.672
10813,1,1.149097,0.154,4.248,0.649
10814,1,1.149203,0.154,4.2,0.648
10815,1,1.149309,0.165,3.955,0.623
10816,1,1.149416,0.132,4.75,0.7
10817,1,1.149522,0.167,3.982,0.618
10818,1,1.149628,0.148,4.34,0.664
10819,1,1.149734,0.134,4.708,0.699
10820,1,1.149841,0.155,4.193,0.648
10821,1,1.149947,0.145,4.429,0.676
10822,1,1.150053,0.158,4.136,0.638
10823,1,1.150159,0.155,4.184,0.648
10824,1,1.150266,0.149,4.295,0.664
10825,1,1.150372,0.146,4.357,0.675
10826,1,1.150478,0.151,4.275,0.656
10827,1,1.150584,0.15,4.352,0.658
10828,1,1.150691,0.152,4.206,0.653
10829,1,1.150797,0.136,4.648,0.696
10830,1,1.150903,0.147,4.336,0.667
10831,1,1.151010,0.142,4.494,0.674
10832,1,1.151116,0.162,4.086,0.633
10833,1,1.151222,0.14,4.597,0.687
10834,1,1.151328,0.146,4.39,0.669
10835,1,1.151435,0.154,4.153,0.652
10836,1,1.151541,0.131,4.754,0.705
10837,1,1.151647,0.164,3.984,0.621
10838,1,1.151753,0.165,4.038,0.622
10839,1,1.151860,0.143,4.463,0.669
10840,1,1.151966,0.174,3.845,0.6
10841,1,1.152072,0.158,4.087,0.641
10842,1,1.152179,0.155,4.169,0.645
10843,1,1.152285,0.14,4.552,0.683
10844,1,1.152391,0.125,4.872,0.716
10845,1,1.152497,0.161,4.058,0.639
10846,1,1.152604,0.14,4.524,0.686
10847,1,1.152710,0.151,4.298,0.659
10848,1,1.152816,0.134,4.666,0.698
10849,1,1.152922,0.13,4.763,0.707
10850,1,1.153029,0.151,4.22,0.66
10851,1,1.153135,0.143,4.439,0.674
10852,1,1.153241,0.129,4.749,0.709
10853,1,1.153348,0.15,4.326,0.661
10854,1,1.153454,0.16,4.089,0.634
10855,1,1.153560,0.153,4.373,0.667
10856,1,1.153666,0.133,4.688,0.7
10857,1,1.153773,0.135,4.616,0.699
10858,1,1.153879,0.129,4.783,0.711
10859,1,1.153985,0.133,4.738,0.706
10860,1,1.154091,0.139,4.538,0.689
10861,1,1.154198,0.171,3.882,0.609
10862,1,1.154304,0.156,4.216,0.639
10863,1,1.154410,0.163,3.987,0.629
10864,1,1.154516,0.173,3.761,0.605
10865,1,1.154623,0.131,4.761,0.709
10866,1,1.154729,0.136,4.59,0.694
10867,1,1.154835,0.137,4.558,0.688
10868,1,1.154942,0.137,4.538,0.696
10869,1,1.155048,0.156,4.199,0.648
10870,1,1.155154,0.143,4.497,0.679
10871,1,1.155260,0.124,4.872,0.724
10872,1,1.155367,0.148,4.376,0.666
10873,1,1.155473,0.128,4.779,0.708
10874,1,1.155579,0.128,4.746,0.714
10875,1,1.155685,0.15,4.293,0.665
10876,1,1.155792,0.136,4.594,0.695
10877,1,1.155898,0.153,4.279,0.651
10878,1,1.156004,0.145,4.402,0.675
10879,1,1.156111,0.164,3.999,0.628
10880,1,1.156217,0.13,4.803,0.702
10881,1,1.156323,0.128,4.772,0.717
10882,1,1.156429,0.129,4.757,0.707
10883,1,1.156536,0.174,3.807,0.6
10884,1,1.156642,0.148,4.34,0.667
10885,1,1.156748,0.156,4.176,0.641
10886,1,1.156854,0.146,4.455,0.671
10887,1,1.156961,0.158,4.121,0.641
10888,1,1.157067,0.162,4.062,0.633
10889,1,1.157173,0.139,4.55,0.693
10890,1,1.157279,0.166,3.906,0.616
10891,1,1.157386,0.14,4.535,0.68
10892,1,1.157492,0.145,4.442,0.676
10893,1,1.157598,0.15,4.308,0.663
10894,1,1.157705,0.146,4.438,0.669
10895,1,1.157811,0.14,4.525,0.686
10896,1,1.157917,0.156,4.196,0.651
10897,1,1.158023,0.149,4.338,0.663
10898,1,1.158130,0.158,4.083,0.638
10899,1,1.158236,0.145,4.378,0.67
10900,1,1.158342,0.141,4.56,0.678
10901,1,1.158448,0.15,4.346,0.66
10902,1,1.158555,0.15,4.356,0.659
10903,1,1.158661,0.166,4.016,0.618
10904,1,1.158767,0.17,3.871,0.607
10905,1,1.158874,0.141,4.478,0.677
10906,1,1.158980,0.15,4.31,0.661
10907,1,1.159086,0.145,4.424,0.673
10908,1,1.159192,0.138,4.483,0.691
10909,1,1.159299,0.159,4.131,0.636
10910,1,1.159405,0.146,4.375,0.667
10911,1,1.159511,0.156,4.153,0.646
10912,1,1.159617,0.146,4.428,0.668
10913,1,1.159724,0.132,4.701,0.702
10914,1,1.159830,0.154,4.243,0.644
10915,1,1.159936,0.136,4.661,0.7
10916,1,1.160043,0.133,4.721,0.701
10917,1,1.160149,0.14,4.563,0.681
10918,1,1.160255,0.147,4.356,0.662
10919,1,1.160361,0.14,4.524,0.684
10920,1,1.160468,0.163,4.166,0.656
10921,1,1.160574,0.153,4.211,0.647
10922,1,1.160680,0.15,4.32,0.658
10923,1,1.160786,0.15,4.339,0.665
10924,1,1.160893,0.159,4.181,0.636
10925,1,1.160999,0.148,4.416,0.663
10926,1,1.161105,0.162,4.036,0.634
10927,1,1.161211,0.12,5.042,0.732
10928,1,1.161318,0.157,4.184,0.641
10929,1,1.161424,0.129,4.857,0.714
10930,1,1.161530,0.159,4.073,0.637
10931,1,1.161637,0.139,4.607,0.69
10932,1,1.161743,0.16,4.074,0.637
10933,1,1.161849,0.137,4.579,0.692
10934,1,1.161955,0.138,4.549,0.694
10935,1,1.162062,0.167,3.946,0.62
10936,1,1.162168,0.14,4.588,0.693
10937,1,1.162274,0.154,4.201,0.645
10938,1,1.162380,0.148,4.354,0.664
10939,1,1.162487,0.16,4.084,0.633
10940,1,1.162593,0.165,4.032,0.624
10941,1,1.162699,0.143,4.493,0.674
10942,1,1.162806,0.142,4.471,0.685
10943,1,1.162912,0.164,4.014,0.626
10944,1,1.163018,0.138,4.601,0.69
10945,1,1.163124,0.138,4.585,0.692
10946,1,1.163231,0.155,4.197,0.647
10947,1,1.163337,0.145,4.432,0.671
10948,1,1.163443,0.146,4.464,0.67
10949,1,1.163549,0.165,4.052,0.622
10950,1,1.163656,0.138,4.585,0.692
10951,1,1.163762,0.147,4.37,0.667
10952,1,1.163868,0.143,4.436,0.679
10953,1,1.163974,0.153,4.275,0.651
10954,1,1.164081,0.149,4.324,0.664
10955,1,1.164187,0.137,4.627,0.692
10956,1,1.164293,0.164,4.019,0.625
10957,1,1.164400,0.145,4.443,0.675
10958,1,1.164506,0.153,4.317,0.654
10959,1,1.164612,0.144,4.457,0.675
10960,1,1.164718,0.153,4.287,0.648
10961,1,1.164825,0.135,4.607,0.701
10962,1,1.164931,0.156,4.16,0.647
10963,1,1.165037,0.144,4.438,0.677
10964,1,1.165143,0.148,4.381,0.668
10965,1,1.165250,0.153,4.227,0.652
10966,1,1.165356,0.164,3.998,0.619
10967,1,1.165462,0.142,4.48,0.681
10968,1,1.165569,0.159,4.135,0.641
10969,1,1.165675,0.154,4.281,0.648
10970,1,1.165781,0.145,4.403,0.674
10971,1,1.165887,0.152,4.237,0.653
10972,1,1.165994,0.167,4.042,0.62
10973,1,1.166100,0.17,3.839,0.608
10974,1,1.166206,0.142,4.482,0.679
10975,1,1.166312,0.153,4.221,0.654
10976,1,1.166419,0.142,4.48,0.679
10977,1,1.166525,0.151,4.326,0.662
10978,1,1.166631,0.165,3.989,0.624
10979,1,1.166738,0.136,4.657,0.699
10980,1,1.166844,0.153,4.233,0.653
10981,1,1.166950,0.14,4.568,0.685
10982,1,1.167056,0.145,4.498,0.673
10983,1,1.167163,0.143,4.404,0.674
10984,1,1.167269,0.154,4.203,0.646
10985,1,1.167375,0.159,4.106,0.641
10986,1,1.167481,0.137,4.569,0.699
10987,1,1.167588,0.156,4.222,0.647
10988,1,1.167694,0.153,4.221,0.653
10989,1,1.167800,0.156,4.191,0.643
10990,1,1.167906,0.142,4.489,0.684
10991,1,1.168013,0.138,4.526,0.691
10992,1,1.168119,0.154,4.242,0.646
10993,1,1.168225,0.144,4.444,0.678
10994,1,1.168332,0.153,4.302,0.653
10995,1,1.168438,0.159,4.131,0.638
10996,1,1.168544,0.128,4.785,0.717
10997,1,1.168650,0.156,4.224,0.642
10998,1,1.168757,0.137,4.657,0.693
10999,1,1.168863,0.126,4.799,0.718
11000,1,1.168969,0.131,4.796,0.71
11001,1,1.169075,0.142,4.472,0.682
11002,1,1.169182,0.162,4.111,0.625
11003,1,1.169288,0.15,4.327,0.659
11004,1,1.169394,0.144,4.373,0.674
11005,1,1.169501,0.151,4.313,0.659
11006,1,1.169607,0.15,4.277,0.66
11007,1,1.169713,0.136,4.615,0.7
11008,1,1.169819,0.168,3.915,0.621
11009,1,1.169926,0.148,4.355,0.663
11010,1,1.170032,0.142,4.481,0.679
11011,1,1.170138,0.157,4.193,0.646
11012,1,1.170244,0.168,3.93,0.613
11013,1,1.170351,0.138,4.583,0.691
11014,1,1.170457,0.153,4.3,0.656
11015,1,1.170563,0.15,4.338,0.656
11016,1,1.170670,0.128,4.833,0.716
11017,1,1.170776,0.155,4.217,0.649
11018,1,1.170882,0.154,4.203,0.652
11019,1,1.170988,0.162,3.963,0.625
11020,1,1.171095,0.156,4.154,0.644
11021,1,1.171201,0.153,4.212,0.65
11022,1,1.171307,0.137,4.539,0.696
11023,1,1.171413,0.131,4.718,0.708
11024,1,1.171520,0.123,4.923,0.729
11025,1,1.171626,0.153,4.26,0.658
11026,1,1.171732,0.146,4.374,0.666
11027,1,1.171838,0.153,4.284,0.658
11028,1,1.171945,0.158,4.117,0.637
11029,1,1.172051,0.148,4.399,0.667
11030,1,1.172157,0.142,4.489,0.677
11031,1,1.172264,0.157,4.156,0.643
11032,1,1.172370,0.133,4.623,0.705
11033,1,1.172476,0.135,4.662,0.695
11034,1,1.172582,0.149,4.311,0.663
11035,1,1.172689,0.151,4.293,0.661
11036,1,1.172795,0.15,4.368,0.662
11037,1,1.172901,0.12,4.956,0.736
11038,1,1.173007,0.159,4.076,0.64
11039,1,1.173114,0.153,4.33,0.658
11040,1,1.173220,0.131,4.72,0.702
11041,1,1.173326,0.165,4.06,0.625
11042,1,1.173433,0.126,4.81,0.717
11043,1,1.173539,0.15,4.312,0.66
11044,1,1.173645,0.164,3.95,0.628
11045,1,1.173751,0.145,4.421,0.672
11046,1,1.173858,0.174,3.852,0.603
11047,1,1.173964,0.171,3.88,0.616
11048,1,1.174070,0.151,4.31,0.66
11049,1,1.174176,0.145,4.42,0.671
11050,1,1.174283,0.138,4.613,0.686
11051,1,1.174389,0.134,4.651,0.699
11052,1,1.174495,0.135,4.617,0.701
11053,1,1.174601,0.142,4.504,0.682
11054,1,1.174708,0.136,4.61,0.695
11055,1,1.174814,0.147,4.364,0.669
11056,1,1.174920,0.169,3.904,0.616
11057,1,1.175027,0.153,4.236,0.655
11058,1,1.175133,0.141,4.545,0.682
11059,1,1.175239,0.128,4.822,0.714
11060,1,1.175345,0.128,4.859,0.713
11061,1,1.175452,0.139,4.555,0.687
11062,1,1.175558,0.165,3.971,0.62
11063,1,1.175664,0.146,4.402,0.675
11064,1,1.175770,0.15,4.341,0.663
11065,1,1.175877,0.134,4.716,0.698
11066,1,1.175983,0.148,4.386,0.667
11067,1,1.176089,0.134,4.665,0.701
11068,1,1.176196,0.147,4.352,0.664
11069,1,1.176302,0.157,4.168,0.642
11070,1,1.176408,0.15,4.312,0.663
11071,1,1.176514,0.182,4.018,0.613
11072,1,1.176621,0.132,4.757,0.7
11073,1,1.176727,0.165,3.986,0.624
11074,1,1.176833,0.159,4.149,0.635
11075,1,1.176939,0.135,4.681,0.702
11076,1,1.177046,0.147,4.37,0.666
11077,1,1.177152,0.143,4.447,0.677
11078,1,1.177258,0.137,4.665,0.691
11079,1,1.177365,0.15,4.307,0.657
11080,1,1.177471,0.165,3.996,0.625
11081,1,1.177577,0.153,4.287,0.652
11082,1,1.177683,0.159,4.169,0.639
11083,1,1.177790,0.125,4.894,0.716
11084,1,1.177896,0.156,4.164,0.648
11085,1,1.178002,0.167,3.931,0.623
11086,1,1.178108,0.145,4.54,0.683
11087,1,1.178215,0.144,4.47,0.672
11088,1,1.178321,0.153,4.257,0.651
11089,1,1.178427,0.147,4.362,0.668
11090,1,1.178533,0.127,4.82,0.717
11091,1,1.178640,0.153,4.242,0.65
11092,1,1.178746,0.154,4.288,0.65
11093,1,1.178852,0.139,4.587,0.682
11094,1,1.178959,0.139,4.612,0.687
11095,1,1.179065,0.158,4.16,0.639
11096,1,1.179171,0.153,4.238,0.657
11097,1,1.179277,0.15,4.405,0.66
11098,1,1.179384,0.142,4.511,0.678
11099,1,1.179490,0.143,4.421,0.675
11100,1,1.179596,0.173,3.832,0.611
11101,1,1.179702,0.179,4.503,0.67
11102,1,1.179809,0.134,4.616,0.697
11103,1,1.179915,0.147,4.367,0.674
11104,1,1.180021,0.154,4.268,0.652
11105,1,1.180128,0.129,4.787,0.719
11106,1,1.180234,0.159,4.115,0.64
11107,1,1.180340,0.146,4.384,0.67
11108,1,1.180446,0.131,4.796,0.708
11109,1,1.180553,0.153,4.225,0.653
11110,1,1.180659,0.136,4.696,0.693
11111,1,1.180765,0.149,4.324,0.665
11112,1,1.180871,0.142,4.529,0.686
11113,1,1.180978,0.131,4.737,0.71
11114,1,1.181084,0.142,4.569,0.68
11115,1,1.181190,0.135,4.666,0.694
11116,1,1.181296,0.15,4.344,0.664
11117,1,1.181403,0.162,4.062,0.628
11118,1,1.181509,0.151,4.296,0.664
11119,1,1.181615,0.128,4.874,0.721
11120,1,1.181722,0.145,4.473,0.673
11121,1,1.181828,0.16,4.082,0.639
11122,1,1.181934,0.116,5.179,0.741
11123,1,1.182040,0.164,4.029,0.631
11124,1,1.182147,0.163,4.111,0.635
11125,1,1.182253,0.147,4.4,0.668
11126,1,1.182359,0.147,4.415,0.669
11127,1,1.182465,0.161,4.14,0.636
11128,1,1.182572,0.149,4.338,0.667
11129,1,1.182678,0.151,4.343,0.665
11130,1,1.182784,0.15,4.328,0.661
11131,1,1.182891,0.143,4.401,0.678
11132,1,1.182997,0.163,4.16,0.65
11133,1,1.183103,0.151,4.294,0.661
11134,1,1.183209,0.152,4.274,0.66
11135,1,1.183316,0.151,4.373,0.677
11136,1,1.183422,0.14,4.54,0.688
11137,1,1.183528,0.125,4.927,0.726
11138,1,1.183634,0.143,4.46,0.677
11139,1,1.183741,0.153,4.254,0.658
11140,1,1.183847,0.162,4.03,0.634
11141,1,1.183953,0.137,4.634,0.694
11142,1,1.184060,0.156,4.236,0.643
11143,1,1.184166,0.15,4.349,0.664
11144,1,1.184272,0.151,4.302,0.659
11145,1,1.184378,0.152,4.304,0.663
11146,1,1.184485,0.151,4.301,0.66
11147,1,1.184591,0.141,4.559,0.681
11148,1,1.184697,0.158,4.14,0.638
11149,1,1.184803,0.162,4.106,0.634
11150,1,1.184910,0.153,4.218,0.655
11151,1,1.185016,0.147,4.437,0.67
11152,1,1.185122,0.153,4.197,0.661
11153,1,1.185228,0.156,4.204,0.647
11154,1,1.185335,0.142,4.512,0.678
11155,1,1.185441,0.143,4.472,0.677
11156,1,1.185547,0.133,4.637,0.699
11157,1,1.185654,0.151,4.353,0.66
11158,1,1.185760,0.14,4.523,0.685
11159,1,1.185866,0.142,4.812,0.725
11160,1,1.185972,0.142,4.516,0.682
11161,1,1.186079,0.16,4.1,0.635
11162,1,1.186185,0.157,4.217,0.645
11163,1,1.186291,0.158,4.095,0.641
11164,1,1.186397,0.131,4.785,0.711
11165,1,1.186504,0.165,4.047,0.627
11166,1,1.186610,0.152,4.299,0.659
11167,1,1.186716,0.164,3.987,0.625
11168,1,1.186823,0.143,4.531,0.678
11169,1,1.186929,0.139,4.6,0.688
11170,1,1.187035,0.161,4.068,0.635
11171,1,1.187141,0.143,4.476,0.678
11172,1,1.187248,0.163,4.069,0.628
11173,1,1.187354,0.155,4.213,0.646
11174,1,1.187460,0.173,3.808,0.603
11175,1,1.187566,0.143,4.421,0.671
11176,1,1.187673,0.142,4.539,0.685
11177,1,1.187779,0.158,4.131,0.644
11178,1,1.187885,0.152,4.371,0.659
11179,1,1.187991,0.156,4.155,0.646
11180,1,1.188098,0.143,4.505,0.68
11181,1,1.188204,0.147,4.35,0.663
11182,1,1.188310,0.137,4.644,0.697
11183,1,1.188417,0.128,4.859,0.717
11184,1,1.188523,0.173,3.821,0.603
11185,1,1.188629,0.14,4.548,0.692
11186,1,1.188735,0.137,4.587,0.694
11187,1,1.188842,0.132,4.746,0.708
11188,1,1.188948,0.159,4.077,0.64
11189,1,1.189054,0.142,4.554,0.681
11190,1,1.189160,0.133,4.742,0.7
11191,1,1.189267,0.151,4.264,0.656
11192,1,1.189373,0.153,4.319,0.651
11193,1,1.189479,0.129,4.749,0.713
11194,1,1.189586,0.165,4.029,0.626
11195,1,1.189692,0.155,4.196,0.647
11196,1,1.189798,0.162,4.454,0.665
11197,1,1.189904,0.179,3.693,0.589
11198,1,1.190011,0.158,4.139,0.639
11199,1,1.190117,0.139,4.571,0.693
11200,1,1.190223,0.134,4.697,0.7
11201,1,1.190329,0.153,4.225,0.65
11202,1,1.190436,0.146,4.444,0.675
11203,1,1.190542,0.175,3.791,0.601
11204,1,1.190648,0.161,4.086,0.63
11205,1,1.190755,0.171,3.86,0.61
11206,1,1.190861,0.129,4.745,0.714
11207,1,1.190967,0.153,4.247,0.653
11208,1,1.191073,0.148,4.326,0.662
11209,1,1.191180,0.147,4.35,0.667
11210,1,1.191286,0.14,4.562,0.69
11211,1,1.191392,0.142,4.459,0.684
11212,1,1.191498,0.129,4.826,0.718
11213,1,1.191605,0.137,4.614,0.692
11214,1,1.191711,0.136,4.619,0.691
11215,1,1.191817,0.153,4.281,0.653
11216,1,1.191923,0.156,4.147,0.644
11217,1,1.192030,0.129,4.838,0.713
11218,1,1.192136,0.149,4.401,0.664
11219,1,1.192242,0.144,4.389,0.675
11220,1,1.192349,0.147,4.374,0.665
11221,1,1.192455,0.153,4.226,0.649
11222,1,1.192561,0.149,4.34,0.666
11223,1,1.192667,0.138,4.607,0.693
11224,1,1.192774,0.125,4.87,0.722
11225,1,1.192880,0.156,4.163,0.637
11226,1,1.192986,0.142,4.519,0.679
11227,1,1.193092,0.142,4.453,0.683
11228,1,1.193199,0.154,4.223,0.648
11229,1,1.193305,0.15,4.292,0.66
11230,1,1.193411,0.163,4.029,0.631
11231,1,1.193518,0.141,4.561,0.685
11232,1,1.193624,0.147,4.37,0.67
11233,1,1.193730,0.146,4.395,0.671
11234,1,1.193836,0.171,3.862,0.617
11235,1,1.193943,0.139,4.599,0.685
11236,1,1.194049,0.168,3.901,0.616
11237,1,1.194155,0.159,4.093,0.644
11238,1,1.194261,0.153,4.267,0.65
11239,1,1.194368,0.16,4.12,0.632
11240,1,1.194474,0.153,4.206,0.654
11241,1,1.194580,0.147,4.359,0.668
11242,1,1.194687,0.14,4.579,0.687
11243,1,1.194793,0.155,4.23,0.651
11244,1,1.194899,0.145,4.42,0.677
11245,1,1.195005,0.142,4.465,0.676
11246,1,1.195112,0.149,4.354,0.666
11247,1,1.195218,0.15,4.364,0.656
11248,1,1.195324,0.148,4.308,0.667
11249,1,1.195430,0.154,4.212,0.655
11250,1,1.195537,0.146,4.424,0.679
11251,1,1.195643,0.152,4.256,0.659
11252,1,1.195749,0.158,4.156,0.641
11253,1,1.195855,0.17,3.929,0.612
11254,1,1.195962,0.143,4.489,0.678
11255,1,1.196068,0.142,4.505,0.686
11256,1,1.196174,0.143,4.484,0.681
11257,1,1.196281,0.153,4.262,0.652
11258,1,1.196387,0.15,4.369,0.663
11259,1,1.196493,0.148,4.399,0.661
11260,1,1.196599,0.137,4.586,0.691
11261,1,1.196706,0.155,4.219,0.643
11262,1,1.196812,0.158,4.159,0.639
11263,1,1.196918,0.131,4.777,0.703
11264,1,1.197024,0.139,4.601,0.689
11265,1,1.197131,0.136,4.593,0.695
11266,1,1.197237,0.142,4.467,0.677
11267,1,1.197343,0.134,4.581,0.701
11268,1,1.197450,0.151,4.287,0.655
11269,1,1.197556,0.156,4.152,0.647
11270,1,1.197662,0.153,4.28,0.654
11271,1,1.197768,0.134,4.707,0.708
11272,1,1.197875,0.14,4.598,0.683
11273,1,1.197981,0.139,4.518,0.688
11274,1,1.198087,0.156,4.225,0.649
11275,1,1.198193,0.136,4.673,0.697
11276,1,1.198300,0.171,3.862,0.608
11277,1,1.198406,0.147,4.4,0.669
11278,1,1.198512,0.142,4.503,0.682
11279,1,1.198618,0.152,4.269,0.658
11280,1,1.198725,0.143,4.466,0.677
11281,1,1.198831,0.149,4.35,0.664
11282,1,1.198937,0.128,4.831,0.716
11283,1,1.199044,0.145,4.451,0.677
11284,1,1.199150,0.172,3.768,0.605
11285,1,1.199256,0.136,4.606,0.696
11286,1,1.199362,0.157,4.222,0.646
11287,1,1.199469,0.156,4.226,0.66
11288,1,1.199575,0.153,4.212,0.652
11289,1,1.199681,0.144,4.417,0.671
11290,1,1.199787,0.14,4.567,0.687
11291,1,1.199894,0.156,4.166,0.648
11292,1,1.200000,0.156,4.144,0.649
11293,1,1.200106,0.154,4.211,0.65
11294,1,1.200213,0.162,4.036,0.63
11295,1,1.200319,0.135,4.658,0.692
11296,1,1.200425,0.141,4.588,0.682
11297,1,1.200531,0.146,4.414,0.666
11298,1,1.200638,0.156,4.163,0.646
11299,1,1.200744,0.142,4.469,0.685
11300,1,1.200850,0.143,4.474,0.68
11301,1,1.200956,0.158,4.151,0.642
11302,1,1.201063,0.164,3.981,0.627
11303,1,1.201169,0.141,4.516,0.684
11304,1,1.201275,0.142,4.468,0.675
11305,1,1.201382,0.165,3.95,0.632
11306,1,1.201488,0.129,4.793,0.708
11307,1,1.201594,0.158,4.192,0.638
11308,1,1.201700,0.144,4.461,0.676
11309,1,1.201807,0.161,4.188,0.639
11310,1,1.201913,0.166,3.936,0.622
11311,1,1.202019,0.137,4.576,0.686
11312,1,1.202125,0.164,3.979,0.631
11313,1,1.202232,0.138,4.604,0.689
11314,1,1.202338,0.131,4.741,0.707
11315,1,1.202444,0.136,4.654,0.693
11316,1,1.202550,0.14,4.541,0.687
11317,1,1.202657,0.169,3.965,0.619
11318,1,1.202763,0.146,4.41,0.67
11319,1,1.202869,0.137,4.605,0.688
11320,1,1.202976,0.156,4.19,0.638
11321,1,1.203082,0.137,4.618,0.69
11322,1,1.203188,0.165,3.936,0.622
11323,1,1.203294,0.148,4.315,0.668
11324,1,1.203401,0.113,5.136,0.752
11325,1,1.203507,0.134,4.704,0.702
11326,1,1.203613,0.16,4.13,0.63
11327,1,1.203719,0.15,4.345,0.659
11328,1,1.203826,0.146,4.43,0.671
11329,1,1.203932,0.153,4.247,0.653
11330,1,1.204038,0.163,4.174,0.658
11331,1,1.204145,0.154,4.239,0.652
11332,1,1.204251,0.147,4.395,0.666
11333,1,1.204357,0.149,4.294,0.668
11334,1,1.204463,0.153,4.237,0.652
11335,1,1.204570,0.14,4.607,0.681
11336,1,1.204676,0.147,4.353,0.665
11337,1,1.204782,0.151,4.312,0.66
11338,1,1.204888,0.141,4.507,0.684
11339,1,1.204995,0.156,4.197,0.642
11340,1,1.205101,0.148,4.397,0.666
11341,1,1.205207,0.168,3.888,0.613
11342,1,1.205313,0.145,4.432,0.674
11343,1,1.205420,0.151,4.255,0.656
11344,1,1.205526,0.156,4.182,0.641
11345,1,1.205632,0.182,3.583,0.577
11346,1,1.205739,0.162,4.046,0.629
11347,1,1.205845,0.131,4.709,0.71
11348,1,1.205951,0.121,4.974,0.731
11349,1,1.206057,0.147,4.348,0.667
11350,1,1.206164,0.144,4.444,0.677
11351,1,1.206270,0.14,4.527,0.682
11352,1,1.206376,0.155,4.239,0.649
11353,1,1.206482,0.153,4.243,0.654
11354,1,1.206589,0.178,3.732,0.588
11355,1,1.206695,0.125,4.848,0.722
11356,1,1.206801,0.165,4.0,0.627
11357,1,1.206908,0.146,4.41,0.674
11358,1,1.207014,0.172,3.834,0.608
11359,1,1.207120,0.139,4.534,0.684
11360,1,1.207226,0.154,4.175,0.644
11361,1,1.207333,0.136,4.587,0.698
11362,1,1.207439,0.139,4.601,0.688
11363,1,1.207545,0.147,4.34,0.668
11364,1,1.207651,0.14,4.517,0.688
11365,1,1.207758,0.131,4.685,0.705
11366,1,1.207864,0.135,4.592,0.701
11367,1,1.207970,0.166,3.958,0.621
11368,1,1.208077,0.154,4.215,0.652
11369,1,1.208183,0.16,4.06,0.632
11370,1,1.208289,0.152,4.298,0.661
11371,1,1.208395,0.154,4.201,0.649
11372,1,1.208502,0.135,4.664,0.694
11373,1,1.208608,0.157,4.146,0.642
11374,1,1.208714,0.141,4.456,0.687
11375,1,1.208820,0.14,4.584,0.684
11376,1,1.208927,0.157,4.194,0.645
11377,1,1.209033,0.175,3.878,0.598
11378,1,1.209139,0.139,4.571,0.69
11379,1,1.209245,0.161,4.054,0.635
11380,1,1.209352,0.167,3.904,0.61
11381,1,1.209458,0.144,4.43,0.675
11382,1,1.209564,0.115,5.12,0.747
11383,1,1.209671,0.149,4.334,0.665
11384,1,1.209777,0.141,4.52,0.69
11385,1,1.209883,0.142,4.462,0.681
11386,1,1.209989,0.156,4.168,0.65
11387,1,1.210096,0.146,4.385,0.672
11388,1,1.210202,0.138,4.607,0.693
11389,1,1.210308,0.129,4.779,0.713
11390,1,1.210414,0.152,4.27,0.652
11391,1,1.210521,0.161,4.119,0.634
11392,1,1.210627,0.16,4.061,0.631
11393,1,1.210733,0.145,4.408,0.677
11394,1,1.210840,0.153,4.253,0.657
11395,1,1.210946,0.176,3.797,0.606
11396,1,1.211052,0.145,4.401,0.667
11397,1,1.211158,0.128,4.779,0.717
11398,1,1.211265,0.149,4.333,0.66
11399,1,1.211371,0.163,4.011,0.629
11400,1,1.211477,0.153,4.241,0.657
11401,1,1.211583,0.147,4.409,0.667
11402,1,1.211690,0.147,4.391,0.666
11403,1,1.211796,0.176,4.427,0.669
11404,1,1.211902,0.149,4.382,0.663
11405,1,1.212009,0.136,4.622,0.7
11406,1,1.212115,0.138,4.591,0.698
11407,1,1.212221,0.154,4.192,0.652
11408,1,1.212327,0.15,4.286,0.663
11409,1,1.212434,0.157,4.188,0.643
11410,1,1.212540,0.149,4.331,0.666
11411,1,1.212646,0.146,4.414,0.674
11412,1,1.212752,0.155,4.181,0.648
11414,1,1.212965,0.146,4.369,0.665
11415,1,1.213071,0.138,4.571,0.689
11416,1,1.213177,0.162,4.05,0.629
11417,1,1.213284,0.139,4.596,0.691
11418,1,1.213390,0.13,4.763,0.713
11419,1,1.213496,0.137,4.607,0.696
11420,1,1.213603,0.137,4.66,0.696
11421,1,1.213709,0.157,4.167,0.642
11422,1,1.213815,0.162,4.119,0.635
11423,1,1.213921,0.147,4.392,0.667
11424,1,1.214028,0.146,4.385,0.666
11425,1,1.214134,0.154,4.211,0.649
11426,1,1.214240,0.141,4.551,0.68
11427,1,1.214346,0.15,4.303,0.661
11428,1,1.214453,0.145,4.352,0.669
11429,1,1.214559,0.161,4.077,0.631
11430,1,1.214665,0.174,3.8,0.597
11431,1,1.214772,0.142,4.475,0.677
11432,1,1.214878,0.153,4.262,0.65
11433,1,1.214984,0.127,4.812,0.715
11434,1,1.215090,0.152,4.378,0.667
11435,1,1.215197,0.14,4.53,0.688
11436,1,1.215303,0.144,4.406,0.675
11437,1,1.215409,0.139,4.507,0.688
11438,1,1.215515,0.145,4.397,0.67
11439,1,1.215622,0.136,4.637,0.693
11440,1,1.215728,0.123,4.88,0.727
11441,1,1.215834,0.133,4.681,0.703
11442,1,1.215940,0.134,4.641,0.698
11443,1,1.216047,0.154,4.306,0.668
11444,1,1.216153,0.142,4.573,0.681
11445,1,1.216259,0.155,4.184,0.645
11446,1,1.216366,0.164,3.986,0.622
11447,1,1.216472,0.143,4.436,0.676
11448,1,1.216578,0.131,4.75,0.703
11449,1,1.216684,0.142,4.503,0.675
11450,1,1.216791,0.134,4.672,0.7
11451,1,1.216897,0.158,4.107,0.635
11452,1,1.217003,0.123,4.915,0.723
11453,1,1.217109,0.165,3.988,0.624
11454,1,1.217216,0.121,5.028,0.733
11455,1,1.217322,0.151,4.304,0.655
11456,1,1.217428,0.137,4.595,0.689
11457,1,1.217535,0.155,4.2,0.647
11458,1,1.217641,0.131,4.714,0.709
11459,1,1.217747,0.171,3.871,0.604
11460,1,1.217853,0.131,4.746,0.707
11461,1,1.217960,0.14,4.503,0.686
11462,1,1.218066,0.142,4.517,0.686
11463,1,1.218172,0.166,3.976,0.624
11464,1,1.218278,0.142,4.522,0.681
11465,1,1.218385,0.143,4.551,0.677
11466,1,1.218491,0.157,4.071,0.641
11467,1,1.218597,0.135,4.617,0.697
11468,1,1.218704,0.156,4.093,0.642
11469,1,1.218810,0.156,4.213,0.647
11470,1,1.218916,0.142,4.472,0.682
11471,1,1.219022,0.153,4.243,0.661
11472,1,1.219129,0.169,3.886,0.614
11473,1,1.219235,0.143,4.438,0.676
11474,1,1.219341,0.148,4.336,0.67
11475,1,1.219447,0.164,4.004,0.624
11476,1,1.219554,0.162,4.074,0.629
11477,1,1.219660,0.151,4.309,0.654
11478,1,1.219766,0.151,4.309,0.661
11479,1,1.219872,0.134,4.675,0.699
11480,1,1.219979,0.141,4.549,0.676
11481,1,1.220085,0.136,4.615,0.698
11482,1,1.220191,0.181,3.619,0.584
11483,1,1.220298,0.147,4.468,0.669
11484,1,1.220404,0.143,4.453,0.675
11485,1,1.220510,0.17,3.836,0.603
11486,1,1.220616,0.147,4.377,0.669
11487,1,1.220723,0.142,4.549,0.686
11488,1,1.220829,0.142,4.494,0.686
11489,1,1.220935,0.141,4.507,0.686
11490,1,1.221041,0.125,4.832,0.722
11491,1,1.221148,0.134,4.66,0.697
11492,1,1.221254,0.133,4.634,0.7
11493,1,1.221360,0.14,4.515,0.686
11494,1,1.221467,0.153,4.229,0.65
11495,1,1.221573,0.14,4.552,0.682
11496,1,1.221679,0.154,4.216,0.652
11497,1,1.221785,0.174,3.795,0.602
11498,1,1.221892,0.136,4.571,0.693
11499,1,1.221998,0.176,3.774,0.595
11500,1,1.222104,0.145,4.432,0.677
11501,1,1.222210,0.165,3.977,0.625
11502,1,1.222317,0.143,4.455,0.672
11503,1,1.222423,0.134,4.646,0.695
11504,1,1.222529,0.132,4.767,0.7
11505,1,1.222635,0.149,4.315,0.666
11506,1,1.222742,0.122,4.997,0.726
11507,1,1.222848,0.135,4.658,0.696
11508,1,1.222954,0.163,4.026,0.627
11509,1,1.223061,0.143,4.421,0.677
11510,1,1.223167,0.121,4.919,0.725
11511,1,1.223273,0.148,4.36,0.669
11512,1,1.223379,0.143,4.407,0.677
11513,1,1.223486,0.158,4.141,0.64
11514,1,1.223592,0.134,4.699,0.695
11515,1,1.223698,0.146,4.421,0.666
11516,1,1.223804,0.131,4.716,0.71
11517,1,1.223911,0.122,4.959,0.724
11518,1,1.224017,0.152,4.261,0.661
11519,1,1.224123,0.148,4.361,0.667
11520,1,1.224230,0.162,4.029,0.634
11521,1,1.224336,0.159,4.203,0.643
11522,1,1.224442,0.127,4.819,0.717
11523,1,1.224548,0.142,4.458,0.676
11524,1,1.224655,0.154,4.26,0.651
11525,1,1.224761,0.141,4.557,0.683
11526,1,1.224867,0.145,4.445,0.675
11527,1,1.224973,0.129,4.828,0.71
11528,1,1.225080,0.115,5.118,0.742
11529,1,1.225186,0.142,4.468,0.682
11530,1,1.225292,0.165,4.054,0.628
11531,1,1.225399,0.145,4.429,0.67
11532,1,1.225505,0.153,4.228,0.653
11533,1,1.225611,0.137,4.548,0.689
11534,1,1.225717,0.157,4.113,0.642
11535,1,1.225824,0.167,3.92,0.62
11536,1,1.225930,0.155,4.18,0.646
11537,1,1.226036,0.14,4.569,0.683
11538,1,1.226142,0.134,4.667,0.693
11539,1,1.226249,0.129,4.785,0.714
11540,1,1.226355,0.142,4.486,0.683
11541,1,1.226461,0.133,4.726,0.703
11542,1,1.226567,0.165,4.033,0.624
11543,1,1.226674,0.164,4.045,0.633
11544,1,1.226780,0.131,4.748,0.711
11545,1,1.226886,0.13,4.758,0.712
11546,1,1.226993,0.144,4.479,0.67
11547,1,1.227099,0.14,4.508,0.684
11548,1,1.227205,0.15,4.317,0.661
11549,1,1.227311,0.131,4.782,0.705
11550,1,1.227418,0.142,4.458,0.686
11551,1,1.227524,0.152,4.23,0.651
11552,1,1.227630,0.157,4.194,0.64
11553,1,1.227736,0.151,4.329,0.656
11554,1,1.227843,0.118,5.026,0.737
11555,1,1.227949,0.155,4.185,0.639
11556,1,1.228055,0.161,4.055,0.634
11557,1,1.228162,0.137,4.648,0.688
11558,1,1.228268,0.143,4.407,0.671
11559,1,1.228374,0.13,4.776,0.706
11560,1,1.228480,0.148,4.481,0.685
11561,1,1.228587,0.162,4.055,0.632
11562,1,1.228693,0.132,4.701,0.699
11563,1,1.228799,0.14,4.524,0.683
11564,1,1.228905,0.149,4.366,0.663
11565,1,1.229012,0.123,4.967,0.728
11566,1,1.229118,0.113,5.155,0.751
11567,1,1.229224,0.154,4.227,0.649
11568,1,1.229330,0.171,3.847,0.611
11569,1,1.229437,0.146,4.406,0.666
11570,1,1.229543,0.158,4.119,0.636
11571,1,1.229649,0.168,3.918,0.618
11572,1,1.229756,0.145,4.46,0.678
11573,1,1.229862,0.148,4.345,0.661
11574,1,1.229968,0.153,4.223,0.652
11575,1,1.230074,0.136,4.637,0.696
11576,1,1.230181,0.151,4.338,0.654
11577,1,1.230287,0.141,4.548,0.688
11578,1,1.230393,0.154,4.221,0.655
11579,1,1.230499,0.164,3.973,0.633
11580,1,1.230606,0.162,4.098,0.633
11581,1,1.230712,0.155,4.172,0.648
11582,1,1.230818,0.171,3.863,0.605
11583,1,1.230925,0.149,4.313,0.666
11584,1,1.231031,0.151,4.289,0.658
11585,1,1.231137,0.131,4.798,0.712
11586,1,1.231243,0.148,4.372,0.665
11587,1,1.231350,0.143,4.44,0.676
11588,1,1.231456,0.156,4.227,0.654
11589,1,1.231562,0.147,4.366,0.667
11590,1,1.231668,0.155,4.26,0.653
11591,1,1.231775,0.141,4.498,0.686
11592,1,1.231881,0.119,5.058,0.733
11593,1,1.231987,0.15,4.326,0.658
11594,1,1.232094,0.146,4.455,0.671
11595,1,1.232200,0.145,4.426,0.676
11596,1,1.232306,0.165,4.091,0.641
11597,1,1.232412,0.158,4.08,0.644
11598,1,1.232519,0.131,4.791,0.706
11599,1,1.232625,0.139,4.591,0.689
11600,1,1.232731,0.137,4.6,0.695
11601,1,1.232837,0.145,4.381,0.671
11602,1,1.232944,0.154,4.168,0.647
11603,1,1.233050,0.148,4.312,0.67
11604,1,1.233156,0.143,4.435,0.677
11605,1,1.233262,0.148,4.344,0.673
11606,1,1.233369,0.155,4.23,0.647
11607,1,1.233475,0.152,4.286,0.658
11608,1,1.233581,0.154,4.219,0.647
11609,1,1.233688,0.137,4.591,0.693
11610,1,1.233794,0.165,4.036,0.629
11611,1,1.233900,0.142,4.482,0.67
11612,1,1.234006,0.144,4.492,0.674
11613,1,1.234113,0.122,4.908,0.73
11614,1,1.234219,0.16,4.201,0.649
11615,1,1.234325,0.156,4.16,0.643
11616,1,1.234431,0.15,4.29,0.658
11617,1,1.234538,0.158,4.14,0.647
11618,1,1.234644,0.137,4.613,0.693
11619,1,1.234750,0.136,4.656,0.69
11620,1,1.234857,0.137,4.636,0.694
11621,1,1.234963,0.148,4.329,0.664
11622,1,1.235069,0.137,4.624,0.693
11623,1,1.235175,0.136,4.656,0.697
11624,1,1.235282,0.131,4.715,0.712
11625,1,1.235388,0.148,4.381,0.661
11626,1,1.235494,0.146,4.497,0.667
11627,1,1.235600,0.14,4.514,0.685
11628,1,1.235707,0.145,4.398,0.676
11629,1,1.235813,0.142,4.429,0.676
11630,1,1.235919,0.144,4.434,0.673
11631,1,1.236026,0.137,4.6,0.692
11632,1,1.236132,0.183,3.563,0.582
11633,1,1.236238,0.156,4.122,0.644
11634,1,1.236344,0.174,3.765,0.601
11635,1,1.236451,0.14,4.592,0.689
11636,1,1.236557,0.15,4.326,0.663
11637,1,1.236663,0.132,4.673,0.699
11638,1,1.236769,0.142,4.462,0.679
11639,1,1.236876,0.14,4.565,0.688
11640,1,1.236982,0.142,4.464,0.675
11641,1,1.237088,0.15,4.317,0.665
11642,1,1.237194,0.135,4.66,0.694
11643,1,1.237301,0.129,4.744,0.71
11644,1,1.237407,0.131,4.684,0.7
11645,1,1.237513,0.165,3.963,0.625
11646,1,1.237620,0.134,4.713,0.697
11647,1,1.237726,0.146,4.398,0.672
11648,1,1.237832,0.134,4.67,0.695
11649,1,1.237938,0.125,4.841,0.725
11650,1,1.238045,0.144,4.379,0.677
11651,1,1.238151,0.148,4.38,0.67
11652,1,1.238257,0.125,4.878,0.72
11653,1,1.238363,0.155,4.222,0.642
11654,1,1.238470,0.147,4.404,0.671
11655,1,1.238576,0.17,3.878,0.607
11656,1,1.238682,0.142,4.521,0.682
11657,1,1.238789,0.148,4.365,0.667
11658,1,1.238895,0.143,4.406,0.673
11659,1,1.239001,0.146,4.444,0.676
11660,1,1.239107,0.134,4.653,0.704
11661,1,1.239214,0.138,4.713,0.701
11662,1,1.239320,0.124,4.899,0.726
11663,1,1.239426,0.138,4.572,0.689
11664,1,1.239532,0.164,4.085,0.626
11665,1,1.239639,0.134,4.665,0.697
11666,1,1.239745,0.153,4.246,0.653
11667,1,1.239851,0.152,4.267,0.655
11668,1,1.239957,0.136,4.665,0.7
11669,1,1.240064,0.131,4.728,0.708
11670,1,1.240170,0.13,4.762,0.707
11671,1,1.240276,0.148,4.306,0.671
11672,1,1.240383,0.152,4.27,0.66
11673,1,1.240489,0.135,4.653,0.695
11674,1,1.240595,0.148,4.38,0.667
11675,1,1.240701,0.165,4.024,0.631
11676,1,1.240808,0.135,4.663,0.699
11677,1,1.240914,0.12,5.045,0.732
11678,1,1.241020,0.143,4.454,0.676
11679,1,1.241126,0.143,4.437,0.678
11680,1,1.241233,0.151,4.249,0.665
11681,1,1.241339,0.154,4.229,0.651
11682,1,1.241445,0.153,4.258,0.649
11683,1,1.241552,0.142,4.511,0.683
11684,1,1.241658,0.14,4.574,0.684
11685,1,1.241764,0.128,4.813,0.713
11686,1,1.241870,0.154,4.236,0.649
11687,1,1.241977,0.145,4.366,0.67
11688,1,1.242083,0.138,4.614,0.696
11689,1,1.242189,0.138,4.602,0.688
11690,1,1.242295,0.152,4.32,0.667
11691,1,1.242402,0.134,4.664,0.701
11692,1,1.242508,0.15,4.294,0.656
11693,1,1.242614,0.147,4.366,0.663
11694,1,1.242721,0.149,4.394,0.663
11695,1,1.242827,0.137,4.634,0.691
11696,1,1.242933,0.157,4.211,0.637
11697,1,1.243039,0.165,3.978,0.626
11698,1,1.243146,0.167,3.922,0.621
11699,1,1.243252,0.152,4.271,0.653
11700,1,1.243358,0.13,4.728,0.704
11701,1,1.243464,0.154,4.259,0.648
11702,1,1.243571,0.155,4.183,0.65
11703,1,1.243677,0.151,4.298,0.656
11704,1,1.243783,0.138,4.583,0.697
11705,1,1.243889,0.145,4.415,0.674
11706,1,1.243996,0.146,4.383,0.664
11707,1,1.244102,0.133,4.625,0.7
11708,1,1.244208,0.161,4.036,0.632
11709,1,1.244315,0.157,4.13,0.643
11710,1,1.244421,0.147,4.29,0.671
11711,1,1.244527,0.131,4.775,0.71
11712,1,1.244633,0.152,4.301,0.659
11713,1,1.244740,0.146,4.395,0.672
11714,1,1.244846,0.16,4.117,0.634
11715,1,1.244952,0.143,4.449,0.67
11716,1,1.245058,0.138,4.563,0.689
11717,1,1.245165,0.162,4.035,0.634
11718,1,1.245271,0.121,5.029,0.731
11719,1,1.245377,0.142,4.499,0.681
11720,1,1.245484,0.172,3.833,0.602
11721,1,1.245590,0.142,4.498,0.674
11722,1,1.245696,0.165,3.974,0.627
11723,1,1.245802,0.131,4.762,0.71
11724,1,1.245909,0.122,4.924,0.723
11725,1,1.246015,0.141,4.557,0.688
11726,1,1.246121,0.148,4.331,0.664
11727,1,1.246227,0.181,3.66,0.587
11728,1,1.246334,0.144,4.447,0.674
11729,1,1.246440,0.151,4.343,0.666
11730,1,1.246546,0.143,4.467,0.674
11731,1,1.246652,0.141,4.533,0.678
11732,1,1.246759,0.14,4.45,0.684
11733,1,1.246865,0.128,4.782,0.717
11734,1,1.246971,0.171,3.878,0.611
11735,1,1.247078,0.142,4.468,0.678
11736,1,1.247184,0.142,4.484,0.687
11737,1,1.247290,0.12,4.951,0.736
11738,1,1.247396,0.158,4.139,0.643
11739,1,1.247503,0.124,4.895,0.721
11740,1,1.247609,0.131,4.776,0.703
11741,1,1.247715,0.133,4.695,0.7
11742,1,1.247821,0.137,4.608,0.695
11743,1,1.247928,0.133,4.692,0.698
11744,1,1.248034,0.142,4.51,0.683
11745,1,1.248140,0.151,4.289,0.657
11746,1,1.248247,0.172,3.959,0.615
11747,1,1.248353,0.158,4.165,0.643
11748,1,1.248459,0.135,4.625,0.698
11749,1,1.248565,0.143,4.438,0.682
11750,1,1.248672,0.149,4.353,0.667
11751,1,1.248778,0.148,4.329,0.668
11752,1,1.248884,0.139,4.567,0.69
11753,1,1.248990,0.114,5.106,0.754
11754,1,1.249097,0.162,4.213,0.623
11755,1,1.249203,0.154,4.292,0.654
11756,1,1.249309,0.167,3.899,0.624
11757,1,1.249416,0.165,4.021,0.626
11758,1,1.249522,0.158,4.139,0.641
11759,1,1.249628,0.163,3.997,0.626
11760,1,1.249734,0.136,4.662,0.69
11761,1,1.249841,0.145,4.435,0.675
11762,1,1.249947,0.15,4.409,0.661
11763,1,1.250053,0.146,4.365,0.666
11764,1,1.250159,0.165,3.928,0.618
11765,1,1.250266,0.152,4.249,0.651
11766,1,1.250372,0.159,4.156,0.638
11767,1,1.250478,0.148,4.322,0.664
11768,1,1.250584,0.142,4.487,0.68
11769,1,1.250691,0.157,4.235,0.645
11770,1,1.250797,0.147,4.371,0.671
11771,1,1.250903,0.121,4.891,0.725
11772,1,1.251010,0.141,4.503,0.686
11773,1,1.251116,0.149,4.378,0.667
11774,1,1.251222,0.141,4.496,0.678
11775,1,1.251328,0.148,4.44,0.667
11776,1,1.251435,0.163,4.051,0.632
11777,1,1.251541,0.153,4.21,0.648
11778,1,1.251647,0.142,4.474,0.679
11779,1,1.251753,0.157,4.136,0.639
11780,1,1.251860,0.149,4.319,0.663
11781,1,1.251966,0.165,4.016,0.622
11782,1,1.252072,0.151,4.298,0.653
11783,1,1.252179,0.148,4.403,0.667
11784,1,1.252285,0.121,4.937,0.724
11785,1,1.252391,0.17,3.86,0.608
11786,1,1.252497,0.15,4.292,0.662
11787,1,1.252604,0.153,4.263,0.657
11788,1,1.252710,0.143,4.442,0.669
11789,1,1.252816,0.147,4.374,0.668
11790,1,1.252922,0.148,4.351,0.665
11791,1,1.253029,0.136,4.617,0.693
11792,1,1.253135,0.144,4.452,0.676
11793,1,1.253241,0.126,4.837,0.719
11794,1,1.253348,0.175,3.83,0.608
11795,1,1.253454,0.129,4.809,0.713
11796,1,1.253560,0.151,4.368,0.665
11797,1,1.253666,0.138,4.589,0.686
11798,1,1.253773,0.144,4.423,0.677
11799,1,1.253879,0.149,4.399,0.664
11800,1,1.253985,0.141,4.507,0.685
11801,1,1.254091,0.139,4.492,0.688
11802,1,1.254198,0.134,4.646,0.699
11803,1,1.254304,0.139,4.549,0.691
11804,1,1.254410,0.137,4.614,0.688
11805,1,1.254516,0.153,4.3,0.657
11806,1,1.254623,0.132,4.754,0.704
11807,1,1.254729,0.161,4.103,0.631
11808,1,1.254835,0.159,4.095,0.64
11809,1,1.254942,0.144,4.419,0.673
11810,1,1.255048,0.14,4.559,0.691
11811,1,1.255154,0.149,4.287,0.659
11812,1,1.255260,0.14,4.529,0.684
11813,1,1.255367,0.134,4.656,0.711
11814,1,1.255473,0.156,4.17,0.645
11815,1,1.255579,0.167,3.987,0.62
11816,1,1.255685,0.172,3.854,0.608
11817,1,1.255792,0.139,4.556,0.688
11818,1,1.255898,0.138,4.606,0.688
11819,1,1.256004,0.148,4.372,0.663
11820,1,1.256111,0.139,4.576,0.687
11821,1,1.256217,0.135,4.801,0.703
11822,1,1.256323,0.152,4.295,0.658
11824,1,1.256536,0.137,4.656,0.69
11825,1,1.256642,0.197,4.256,0.656
11826,1,1.256748,0.166,3.967,0.619
11827,1,1.256854,0.147,4.394,0.667
11828,1,1.256961,0.142,4.495,0.679
11829,1,1.257067,0.141,4.547,0.686
11830,1,1.257173,0.162,4.076,0.629
11831,1,1.257279,0.146,4.414,0.668
11832,1,1.257386,0.137,4.609,0.687
11833,1,1.257492,0.147,4.402,0.67
11834,1,1.257598,0.137,4.571,0.696
11835,1,1.257705,0.132,4.762,0.703
11836,1,1.257811,0.156,4.168,0.645
11837,1,1.257917,0.146,4.436,0.664
11838,1,1.258023,0.145,4.404,0.669
11839,1,1.258130,0.142,4.515,0.685
11840,1,1.258236,0.156,4.137,0.649
11841,1,1.258342,0.156,4.177,0.644
11842,1,1.258448,0.143,4.492,0.676
11843,1,1.258555,0.162,4.084,0.633
11844,1,1.258661,0.162,4.049,0.632
11845,1,1.258767,0.164,4.009,0.626
11846,1,1.258874,0.143,4.439,0.675
11847,1,1.258980,0.157,4.149,0.643
11848,1,1.259086,0.148,4.334,0.665
11849,1,1.259192,0.145,4.412,0.676
11850,1,1.259299,0.12,4.998,0.731
11851,1,1.259405,0.139,4.556,0.687
11852,1,1.259511,0.126,4.829,0.72
11853,1,1.259617,0.149,4.29,0.66
11854,1,1.259724,0.147,4.376,0.663
11855,1,1.259830,0.15,4.381,0.662
11856,1,1.259936,0.155,4.245,0.645
11857,1,1.260043,0.149,4.367,0.667
11859,1,1.260255,0.151,4.282,0.658
11860,1,1.260361,0.138,4.658,0.686
11861,1,1.260468,0.144,4.457,0.68
11862,1,1.260574,0.153,4.249,0.646
11863,1,1.260680,0.162,4.078,0.633
11864,1,1.260786,0.162,4.051,0.632
11865,1,1.260893,0.154,4.236,0.651
11866,1,1.260999,0.142,4.525,0.68
11867,1,1.261105,0.167,3.894,0.617
11868,1,1.261211,0.149,4.344,0.664
11869,1,1.261318,0.133,4.667,0.703
11870,1,1.261424,0.142,4.503,0.679
11871,1,1.261530,0.146,4.406,0.67
11872,1,1.261637,0.137,4.587,0.69
11873,1,1.261743,0.153,4.247,0.654
11874,1,1.261849,0.16,4.132,0.629
11875,1,1.261955,0.156,4.205,0.649
11876,1,1.262062,0.147,4.332,0.663
11877,1,1.262168,0.15,4.311,0.66
11878,1,1.262274,0.143,4.474,0.673
11879,1,1.262380,0.129,4.729,0.711
11880,1,1.262487,0.153,4.215,0.649
11881,1,1.262593,0.155,4.211,0.648
11882,1,1.262699,0.154,4.197,0.644
11883,1,1.262806,0.152,4.285,0.659
11884,1,1.262912,0.149,4.311,0.666
11885,1,1.263018,0.141,4.532,0.683
11886,1,1.263124,0.14,4.567,0.681
11887,1,1.263231,0.153,4.204,0.658
11888,1,1.263337,0.153,4.286,0.658
11889,1,1.263443,0.137,4.591,0.697
11890,1,1.263549,0.156,4.146,0.639
11891,1,1.263656,0.145,4.354,0.674
11892,1,1.263762,0.153,4.273,0.656
11893,1,1.263868,0.136,4.605,0.698
11894,1,1.263974,0.16,4.129,0.639
11895,1,1.264081,0.121,4.878,0.73
11896,1,1.264187,0.149,4.359,0.668
11897,1,1.264293,0.131,4.714,0.706
11898,1,1.264400,0.128,4.832,0.719
11899,1,1.264506,0.141,4.525,0.68
11900,1,1.264612,0.14,4.524,0.682
11901,1,1.264718,0.165,3.957,0.623
11902,1,1.264825,0.144,4.442,0.67
11903,1,1.264931,0.142,4.477,0.687
11904,1,1.265037,0.151,4.24,0.653
11905,1,1.265143,0.137,4.594,0.693
11906,1,1.265250,0.167,4.05,0.616
11907,1,1.265356,0.139,4.551,0.691
11908,1,1.265462,0.121,4.971,0.727
11909,1,1.265569,0.17,3.887,0.611
11910,1,1.265675,0.143,4.489,0.678
11911,1,1.265781,0.165,3.957,0.625
11912,1,1.265887,0.153,4.305,0.653
11913,1,1.265994,0.149,4.304,0.661
11914,1,1.266100,0.132,4.708,0.7
11915,1,1.266206,0.144,4.463,0.671
11916,1,1.266312,0.148,4.36,0.659
11917,1,1.266419,0.116,5.021,0.743
11918,1,1.266525,0.182,3.631,0.585
11919,1,1.266631,0.139,4.593,0.694
11920,1,1.266738,0.185,4.099,0.65
11921,1,1.266844,0.132,4.727,0.707
11922,1,1.266950,0.164,4.007,0.627
11923,1,1.267056,0.161,4.066,0.632
11924,1,1.267163,0.157,4.113,0.646
11925,1,1.267269,0.162,4.037,0.63
11926,1,1.267375,0.149,4.326,0.662
11927,1,1.267481,0.148,4.35,0.67
11928,1,1.267588,0.155,4.197,0.651
11929,1,1.267694,0.156,4.194,0.645
11930,1,1.267800,0.145,4.526,0.68
11931,1,1.267906,0.158,4.133,0.645
11932,1,1.268013,0.143,4.451,0.679
11933,1,1.268119,0.143,4.459,0.676
11934,1,1.268225,0.138,4.656,0.696
11935,1,1.268332,0.165,3.986,0.623
11936,1,1.268438,0.144,4.484,0.674
11937,1,1.268544,0.142,4.495,0.688
11938,1,1.268650,0.157,4.129,0.643
11939,1,1.268757,0.131,4.794,0.706
11940,1,1.268863,0.144,4.439,0.678
11941,1,1.268969,0.142,4.536,0.685
11942,1,1.269075,0.177,4.216,0.649
11943,1,1.269182,0.148,4.431,0.668
11944,1,1.269288,0.149,4.311,0.661
11945,1,1.269394,0.147,4.407,0.666
11946,1,1.269501,0.126,4.91,0.717
11947,1,1.269607,0.142,4.442,0.674
11948,1,1.269713,0.14,4.564,0.685
11949,1,1.269819,0.16,4.079,0.637
11950,1,1.269926,0.142,4.472,0.675
11951,1,1.270032,0.157,4.16,0.639
11952,1,1.270138,0.143,4.439,0.679
11953,1,1.270244,0.165,4.017,0.63
11954,1,1.270351,0.138,4.617,0.691
11955,1,1.270457,0.139,4.558,0.689
11956,1,1.270563,0.151,4.338,0.66
11957,1,1.270670,0.154,4.199,0.647
11958,1,1.270776,0.147,4.399,0.664
11959,1,1.270882,0.16,4.111,0.636
11960,1,1.270988,0.16,4.087,0.632
11961,1,1.271095,0.148,4.386,0.663
11962,1,1.271201,0.149,4.368,0.664
11963,1,1.271307,0.12,5.018,0.732
11964,1,1.271413,0.144,4.278,0.673
11965,1,1.271520,0.123,4.859,0.732
11966,1,1.271626,0.136,4.613,0.695
11967,1,1.271732,0.147,4.388,0.664
11968,1,1.271838,0.153,4.224,0.651
11969,1,1.271945,0.15,4.271,0.665
11970,1,1.272051,0.164,3.988,0.62
11971,1,1.272157,0.143,4.481,0.675
11972,1,1.272264,0.121,4.936,0.733
11973,1,1.272370,0.137,4.617,0.694
11974,1,1.272476,0.177,4.426,0.665
11975,1,1.272582,0.162,4.099,0.633
11976,1,1.272689,0.154,4.178,0.65
11977,1,1.272795,0.132,4.654,0.704
11978,1,1.272901,0.146,4.374,0.671
11979,1,1.273007,0.141,4.522,0.689
11980,1,1.273114,0.143,4.512,0.674
11981,1,1.273220,0.164,4.013,0.629
11982,1,1.273326,0.157,4.207,0.648
11983,1,1.273433,0.147,4.439,0.668
11984,1,1.273539,0.159,4.061,0.64
11985,1,1.273645,0.125,4.845,0.724
11986,1,1.273751,0.154,4.263,0.648
11987,1,1.273858,0.149,4.3,0.654
11988,1,1.273964,0.151,4.294,0.663
11989,1,1.274070,0.151,4.345,0.662
11990,1,1.274176,0.151,4.272,0.661
11991,1,1.274283,0.16,4.139,0.64
11992,1,1.274389,0.122,4.933,0.728
11993,1,1.274495,0.135,4.645,0.707
11994,1,1.274601,0.158,4.129,0.64
11995,1,1.274708,0.148,4.414,0.681
11996,1,1.274814,0.145,4.465,0.672
11997,1,1.274920,0.137,4.626,0.691
11998,1,1.275027,0.141,4.492,0.684
11999,1,1.275133,0.153,4.21,0.652
12000,1,1.275239,0.133,4.706,0.701
12001,1,1.275345,0.14,4.54,0.682
12002,1,1.275452,0.149,4.341,0.661
12003,1,1.275558,0.136,4.702,0.691
12004,1,1.275664,0.131,4.741,0.717
12005,1,1.275770,0.152,4.296,0.651
12006,1,1.275877,0.137,4.637,0.692
12007,1,1.275983,0.145,4.439,0.674
12008,1,1.276089,0.151,4.356,0.658
12009,1,1.276196,0.16,4.101,0.637
12010,1,1.276302,0.131,4.761,0.709
12011,1,1.276408,0.167,3.936,0.616
12012,1,1.276514,0.142,4.529,0.677
12013,1,1.276621,0.142,4.573,0.682
12014,1,1.276727,0.145,4.406,0.675
12015,1,1.276833,0.16,4.093,0.632
12016,1,1.276939,0.14,4.517,0.683
12017,1,1.277046,0.125,4.854,0.723
12018,1,1.277152,0.146,4.403,0.674
12019,1,1.277258,0.158,4.13,0.637
12020,1,1.277365,0.149,4.329,0.657
12021,1,1.277471,0.121,4.96,0.73
12022,1,1.277577,0.135,4.632,0.699
12023,1,1.277683,0.146,4.385,0.673
12024,1,1.277790,0.144,4.454,0.68
12025,1,1.277896,0.149,4.383,0.665
12026,1,1.278002,0.155,4.235,0.649
12027,1,1.278108,0.14,4.524,0.689
12028,1,1.278215,0.141,4.489,0.686
12029,1,1.278321,0.124,4.893,0.72
12030,1,1.278427,0.131,4.678,0.707
12031,1,1.278533,0.144,4.469,0.676
12032,1,1.278640,0.165,4.237,0.651
12033,1,1.278746,0.136,4.631,0.691
12034,1,1.278852,0.151,4.291,0.662
12035,1,1.278959,0.159,4.123,0.634
12036,1,1.279065,0.144,4.499,0.677
12037,1,1.279171,0.138,4.574,0.69
12038,1,1.279277,0.142,4.547,0.685
12039,1,1.279384,0.124,4.929,0.721
12040,1,1.279490,0.157,4.22,0.647
12041,1,1.279596,0.143,4.474,0.678
12042,1,1.279702,0.171,3.819,0.606
12043,1,1.279809,0.138,4.529,0.685
12044,1,1.279915,0.145,4.399,0.668
12045,1,1.280021,0.162,4.036,0.631
12046,1,1.280128,0.159,4.098,0.64
12047,1,1.280234,0.153,4.251,0.653
12048,1,1.280340,0.141,4.533,0.687
12049,1,1.280446,0.151,4.255,0.656
12050,1,1.280553,0.153,4.224,0.652
12051,1,1.280659,0.156,4.206,0.644
12052,1,1.280765,0.155,4.188,0.649
12053,1,1.280871,0.152,4.25,0.658
12054,1,1.280978,0.144,4.433,0.672
12055,1,1.281084,0.171,3.853,0.605
12056,1,1.281190,0.134,4.586,0.695
12057,1,1.281296,0.148,4.363,0.667
12058,1,1.281403,0.145,4.428,0.669
12059,1,1.281509,0.153,4.233,0.654
12060,1,1.281615,0.14,4.51,0.684
12061,1,1.281722,0.153,4.25,0.651
12062,1,1.281828,0.156,4.253,0.648
12063,1,1.281934,0.142,4.537,0.681
12064,1,1.282040,0.162,4.01,0.63
12065,1,1.282147,0.155,4.199,0.65
12066,1,1.282253,0.154,4.151,0.645
12067,1,1.282359,0.169,3.919,0.613
12068,1,1.282465,0.148,4.342,0.669
12069,1,1.282572,0.14,4.553,0.687
12070,1,1.282678,0.142,4.473,0.68
12071,1,1.282784,0.169,3.844,0.608
12072,1,1.282891,0.122,4.895,0.722
12073,1,1.282997,0.12,5.012,0.734
12074,1,1.283103,0.147,4.349,0.664
12075,1,1.283209,0.166,3.972,0.618
12076,1,1.283316,0.14,4.566,0.687
12077,1,1.283422,0.139,4.528,0.691
12078,1,1.283528,0.151,4.33,0.663
12079,1,1.283634,0.143,4.405,0.67
12080,1,1.283741,0.146,4.401,0.674
12081,1,1.283847,0.147,4.357,0.666
12082,1,1.283953,0.149,4.399,0.66
12083,1,1.284060,0.152,4.327,0.66
12084,1,1.284166,0.142,4.485,0.684
12085,1,1.284272,0.133,4.655,0.706
12086,1,1.284378,0.14,4.5,0.687
12087,1,1.284485,0.136,4.621,0.698
12088,1,1.284591,0.147,4.379,0.666
12089,1,1.284697,0.142,4.51,0.679
12090,1,1.284803,0.141,4.549,0.682
12091,1,1.284910,0.136,4.629,0.695
12092,1,1.285016,0.136,4.61,0.696
12093,1,1.285122,0.168,3.949,0.612
12094,1,1.285228,0.138,4.569,0.689
12095,1,1.285335,0.137,4.606,0.689
12096,1,1.285441,0.158,4.154,0.64
12097,1,1.285547,0.156,4.2,0.642
12098,1,1.285654,0.149,4.304,0.665
12099,1,1.285760,0.141,4.497,0.679
12100,1,1.285866,0.173,4.165,0.648
12101,1,1.285972,0.156,4.247,0.644
12102,1,1.286079,0.149,4.66,0.704
12103,1,1.286185,0.143,4.496,0.681
12104,1,1.286291,0.155,4.122,0.647
12105,1,1.286397,0.136,4.597,0.693
12106,1,1.286504,0.147,4.405,0.668
12107,1,1.286610,0.149,4.315,0.662
12108,1,1.286716,0.168,3.895,0.619
12109,1,1.286823,0.142,4.45,0.68
12110,1,1.286929,0.135,4.597,0.703
12111,1,1.287035,0.145,4.477,0.677
12112,1,1.287141,0.161,4.082,0.63
12113,1,1.287248,0.141,4.526,0.691
12114,1,1.287354,0.146,4.373,0.668
12115,1,1.287460,0.16,4.056,0.637
12116,1,1.287566,0.163,4.036,0.629
12117,1,1.287673,0.142,4.542,0.678
12118,1,1.287779,0.113,5.152,0.749
12119,1,1.287885,0.134,4.69,0.697
12120,1,1.287991,0.134,4.685,0.699
12121,1,1.288098,0.142,4.508,0.683
12122,1,1.288204,0.149,4.374,0.664
12123,1,1.288310,0.158,4.156,0.639
12124,1,1.288417,0.148,4.405,0.668
12125,1,1.288523,0.144,4.468,0.673
12126,1,1.288629,0.143,4.48,0.684
12127,1,1.288735,0.137,4.626,0.694
12128,1,1.288842,0.144,4.453,0.674
12129,1,1.288948,0.139,4.573,0.694
12130,1,1.289054,0.15,4.332,0.663
12131,1,1.289160,0.161,4.014,0.637
12132,1,1.289267,0.146,4.385,0.666
12133,1,1.289373,0.121,5.026,0.731
12134,1,1.289479,0.127,4.825,0.715
12135,1,1.289586,0.13,4.764,0.714
12136,1,1.289692,0.144,4.488,0.673
12137,1,1.289798,0.134,4.686,0.698
12138,1,1.289904,0.131,4.736,0.704
12139,1,1.290011,0.144,4.477,0.677
12140,1,1.290117,0.144,4.479,0.675
12141,1,1.290223,0.124,4.933,0.727
12142,1,1.290329,0.149,4.413,0.662
12143,1,1.290436,0.163,4.072,0.631
12144,1,1.290542,0.15,4.313,0.663
12145,1,1.290648,0.14,4.566,0.688
12146,1,1.290755,0.161,4.06,0.632
12147,1,1.290861,0.153,4.298,0.655
12148,1,1.290967,0.146,4.355,0.669
12149,1,1.291073,0.132,4.687,0.709
12150,1,1.291180,0.142,4.474,0.681
12151,1,1.291286,0.157,4.145,0.641
12152,1,1.291392,0.156,4.221,0.641
12153,1,1.291498,0.135,4.641,0.698
12154,1,1.291605,0.138,4.602,0.694
12155,1,1.291711,0.133,4.771,0.694
12156,1,1.291817,0.159,4.119,0.639
12157,1,1.291923,0.135,4.666,0.697
12158,1,1.292030,0.129,4.782,0.715
12159,1,1.292136,0.144,4.487,0.677
12160,1,1.292242,0.131,4.701,0.71
12161,1,1.292349,0.145,4.413,0.672
12162,1,1.292455,0.137,4.566,0.692
12163,1,1.292561,0.139,4.549,0.691
12164,1,1.292667,0.135,4.668,0.693
12165,1,1.292774,0.14,4.536,0.69
12166,1,1.292880,0.153,4.239,0.654
12167,1,1.292986,0.142,4.498,0.682
12168,1,1.293092,0.156,4.163,0.647
12169,1,1.293199,0.153,4.193,0.662
12170,1,1.293305,0.154,4.214,0.648
12171,1,1.293411,0.131,4.695,0.703
12172,1,1.293518,0.153,4.333,0.65
12173,1,1.293624,0.163,3.982,0.627
12174,1,1.293730,0.149,4.343,0.666
12175,1,1.293836,0.144,4.415,0.673
12176,1,1.293943,0.168,3.897,0.613
12177,1,1.294049,0.154,4.209,0.653
12178,1,1.294155,0.151,4.295,0.658
12179,1,1.294261,0.174,3.729,0.6
12180,1,1.294368,0.137,4.59,0.69
12181,1,1.294474,0.153,4.24,0.652
12182,1,1.294580,0.134,4.643,0.697
12183,1,1.294687,0.142,4.46,0.684
12184,1,1.294793,0.135,4.601,0.694
12185,1,1.294899,0.129,4.798,0.716
12186,1,1.295005,0.126,4.838,0.722
12187,1,1.295112,0.151,4.291,0.662
12188,1,1.295218,0.131,4.725,0.704
12189,1,1.295324,0.137,4.662,0.696
12190,1,1.295430,0.163,4.015,0.629
12191,1,1.295537,0.129,4.834,0.708
12192,1,1.295643,0.129,4.772,0.714
12193,1,1.295749,0.149,4.322,0.66
12194,1,1.295855,0.154,4.185,0.654
12195,1,1.295962,0.167,3.942,0.619
12196,1,1.296068,0.145,4.445,0.67
12197,1,1.296174,0.125,4.834,0.726
12198,1,1.296281,0.159,4.211,0.639
12199,1,1.296387,0.147,4.359,0.668
12200,1,1.296493,0.162,4.016,0.636
12201,1,1.296599,0.145,4.387,0.666
12202,1,1.296706,0.161,4.012,0.632
12203,1,1.296812,0.153,4.297,0.651
12204,1,1.296918,0.21,4.034,0.634
12205,1,1.297024,0.151,4.319,0.66
12206,1,1.297131,0.146,4.418,0.666
12207,1,1.297237,0.147,4.359,0.663
12208,1,1.297343,0.16,4.08,0.634
12209,1,1.297450,0.156,4.219,0.644
12210,1,1.297556,0.142,4.533,0.682
12211,1,1.297662,0.149,4.252,0.663
12212,1,1.297768,0.132,4.637,0.707
12213,1,1.297875,0.143,4.408,0.678
12214,1,1.297981,0.151,4.31,0.663
12215,1,1.298087,0.147,4.426,0.674
12216,1,1.298193,0.147,4.342,0.667
12217,1,1.298300,0.142,4.459,0.684
12218,1,1.298406,0.169,3.86,0.614
12219,1,1.298512,0.153,4.288,0.657
12220,1,1.298618,0.136,4.6,0.693
12221,1,1.298725,0.137,4.663,0.689
12222,1,1.298831,0.133,4.666,0.703
12223,1,1.298937,0.145,4.47,0.676
12224,1,1.299044,0.165,3.959,0.623
12225,1,1.299150,0.143,4.454,0.677
12226,1,1.299256,0.157,4.145,0.645
12227,1,1.299362,0.127,4.849,0.716
12228,1,1.299469,0.158,4.152,0.639
12229,1,1.299575,0.144,4.438,0.677
12230,1,1.299681,0.145,4.387,0.672
12231,1,1.299787,0.153,4.254,0.654
12232,1,1.299894,0.153,4.246,0.658
12233,1,1.300000,0.141,4.514,0.684
12234,1,1.300106,0.154,4.291,0.654
12235,1,1.300213,0.143,4.442,0.683
12236,1,1.300319,0.138,4.53,0.692
12237,1,1.300425,0.119,4.988,0.739
12238,1,1.300531,0.15,4.366,0.668
12239,1,1.300638,0.171,3.867,0.603
12240,1,1.300744,0.152,4.256,0.654
12241,1,1.300850,0.146,4.371,0.671
12242,1,1.300956,0.159,4.146,0.639
12243,1,1.301063,0.134,4.698,0.699
12244,1,1.301169,0.135,4.634,0.696
12245,1,1.301275,0.142,4.511,0.679
12246,1,1.301382,0.146,4.385,0.668
12247,1,1.301488,0.142,4.501,0.683
12248,1,1.301594,0.159,4.133,0.638
12249,1,1.301700,0.13,4.783,0.71
12250,1,1.301807,0.15,4.303,0.661
12251,1,1.301913,0.131,4.705,0.706
12252,1,1.302019,0.153,4.246,0.653
12253,1,1.302125,0.149,4.389,0.664
12254,1,1.302232,0.137,4.652,0.703
12255,1,1.302338,0.155,4.156,0.652
12256,1,1.302444,0.146,4.344,0.674
12257,1,1.302550,0.133,4.655,0.704
12258,1,1.302657,0.146,4.371,0.671
12259,1,1.302763,0.157,4.161,0.645
12260,1,1.302869,0.15,4.339,0.655
12261,1,1.302976,0.144,4.512,0.68
12262,1,1.303082,0.153,4.232,0.653
12263,1,1.303188,0.156,4.163,0.647
12264,1,1.303294,0.139,4.541,0.693
12265,1,1.303401,0.158,4.17,0.64
12266,1,1.303507,0.144,4.41,0.675
12267,1,1.303613,0.156,4.202,0.641
12268,1,1.303719,0.139,4.563,0.687
12269,1,1.303826,0.148,4.326,0.665
12270,1,1.303932,0.151,4.348,0.659
12271,1,1.304038,0.145,4.344,0.672
12272,1,1.304145,0.147,4.374,0.667
12273,1,1.304251,0.154,4.242,0.645
12274,1,1.304357,0.155,4.784,0.729
12275,1,1.304463,0.151,4.292,0.657
12276,1,1.304570,0.131,4.764,0.718
12277,1,1.304676,0.159,4.124,0.637
12278,1,1.304782,0.139,4.584,0.692
12279,1,1.304888,0.133,4.713,0.692
12280,1,1.304995,0.142,4.434,0.678
12281,1,1.305101,0.144,4.377,0.671
12282,1,1.305207,0.134,4.669,0.698
12283,1,1.305313,0.162,4.17,0.648
12284,1,1.305420,0.137,4.659,0.695
12285,1,1.305526,0.142,4.454,0.679
12286,1,1.305632,0.141,4.508,0.682
12287,1,1.305739,0.161,4.103,0.64
12288,1,1.305845,0.152,4.245,0.66
12289,1,1.305951,0.137,4.627,0.693
12290,1,1.306057,0.147,4.391,0.665
12291,1,1.306164,0.163,4.057,0.628
12292,1,1.306270,0.162,4.082,0.642
12293,1,1.306376,0.153,4.192,0.653
12294,1,1.306482,0.116,5.043,0.745
12295,1,1.306589,0.141,4.525,0.681
12296,1,1.306695,0.147,4.348,0.665
12297,1,1.306801,0.165,3.975,0.628
12298,1,1.306908,0.135,4.671,0.698
12299,1,1.307014,0.131,4.666,0.704
12300,1,1.307120,0.147,4.394,0.665
12301,1,1.307226,0.131,4.752,0.709
12302,1,1.307333,0.154,4.22,0.646
12303,1,1.307439,0.153,4.247,0.656
12304,1,1.307545,0.144,4.484,0.673
12305,1,1.307651,0.15,4.307,0.662
12306,1,1.307758,0.133,4.687,0.7
12307,1,1.307864,0.136,4.636,0.698
12308,1,1.307970,0.142,4.482,0.684
12309,1,1.308077,0.137,4.562,0.69
12310,1,1.308183,0.152,4.246,0.66
12311,1,1.308289,0.12,4.984,0.732
12312,1,1.308395,0.146,4.368,0.673
12313,1,1.308502,0.138,4.587,0.691
12314,1,1.308608,0.15,4.331,0.665
12315,1,1.308714,0.142,4.496,0.685
12316,1,1.308820,0.134,4.652,0.699
12317,1,1.308927,0.138,4.562,0.689
12318,1,1.309033,0.141,4.472,0.678
12319,1,1.309139,0.142,4.494,0.681
12320,1,1.309245,0.126,4.909,0.721
12321,1,1.309352,0.161,4.066,0.633
12322,1,1.309458,0.144,4.417,0.666
12323,1,1.309564,0.151,4.331,0.661
12324,1,1.309671,0.143,4.426,0.68
12325,1,1.309777,0.154,4.257,0.647
12326,1,1.309883,0.153,4.242,0.648
12327,1,1.309989,0.164,4.025,0.627
12328,1,1.310096,0.141,4.547,0.676
12329,1,1.310202,0.162,4.067,0.636
12330,1,1.310308,0.156,4.222,0.645
12331,1,1.310414,0.158,4.172,0.644
12332,1,1.310521,0.133,4.748,0.697
12333,1,1.310627,0.13,4.716,0.714
12334,1,1.310733,0.148,4.309,0.663
12335,1,1.310840,0.152,4.262,0.658
12336,1,1.310946,0.153,4.251,0.652
12337,1,1.311052,0.146,4.429,0.67
12338,1,1.311158,0.142,4.472,0.675
12339,1,1.311265,0.155,4.163,0.645
12340,1,1.311371,0.137,4.646,0.688
12341,1,1.311477,0.137,4.652,0.691
12342,1,1.311583,0.139,4.577,0.683
12343,1,1.311690,0.136,4.612,0.696
12344,1,1.311796,0.139,4.53,0.683
12345,1,1.311902,0.131,4.714,0.706
12346,1,1.312009,0.153,4.294,0.655
12347,1,1.312115,0.157,4.191,0.648
12348,1,1.312221,0.161,4.02,0.634
12349,1,1.312327,0.153,4.254,0.652
12350,1,1.312434,0.134,4.644,0.701
12351,1,1.312540,0.151,4.274,0.663
12352,1,1.312646,0.14,4.575,0.687
12353,1,1.312752,0.129,4.785,0.712
12354,1,1.312859,0.157,4.119,0.636
12355,1,1.312965,0.146,4.408,0.67
12356,1,1.313071,0.145,4.398,0.678
12357,1,1.313177,0.124,4.887,0.724
12358,1,1.313284,0.139,4.564,0.688
12359,1,1.313390,0.134,4.674,0.702
12360,1,1.313496,0.162,4.24,0.646
12361,1,1.313603,0.136,4.669,0.692
12362,1,1.313709,0.145,4.458,0.679
12363,1,1.313815,0.131,4.789,0.709
12364,1,1.313921,0.159,4.176,0.641
12365,1,1.314028,0.153,4.233,0.655
12366,1,1.314134,0.14,4.536,0.689
12367,1,1.314240,0.149,4.312,0.663
12368,1,1.314346,0.131,4.742,0.705
12369,1,1.314453,0.134,4.709,0.698
12370,1,1.314559,0.149,4.298,0.66
12371,1,1.314665,0.141,4.513,0.687
12372,1,1.314772,0.158,4.151,0.65
12373,1,1.314878,0.153,4.299,0.651
12374,1,1.314984,0.137,4.608,0.691
12375,1,1.315090,0.133,4.641,0.704
12376,1,1.315197,0.156,4.088,0.65
12377,1,1.315303,0.163,4.046,0.631
12378,1,1.315409,0.15,4.325,0.661
12379,1,1.315515,0.139,4.598,0.687
12380,1,1.315622,0.14,4.551,0.688
12381,1,1.315728,0.157,4.2,0.644
12382,1,1.315834,0.14,4.533,0.683
12383,1,1.315940,0.142,4.534,0.681
12384,1,1.316047,0.149,4.404,0.666
12385,1,1.316153,0.145,4.463,0.67
12386,1,1.316259,0.161,4.026,0.634
12387,1,1.316366,0.165,3.981,0.621
12388,1,1.316472,0.129,4.776,0.713
12389,1,1.316578,0.131,4.729,0.698
12390,1,1.316684,0.153,4.226,0.651
12391,1,1.316791,0.158,4.131,0.639
12392,1,1.316897,0.143,4.501,0.674
12393,1,1.317003,0.113,5.117,0.749
12394,1,1.317109,0.14,4.553,0.687
12395,1,1.317216,0.128,4.796,0.715
12396,1,1.317322,0.143,4.458,0.669
12397,1,1.317428,0.128,4.831,0.717
12398,1,1.317535,0.139,4.578,0.694
12399,1,1.317641,0.139,4.527,0.687
12400,1,1.317747,0.147,4.298,0.664
12401,1,1.317853,0.142,4.483,0.676
12402,1,1.317960,0.15,4.337,0.66
12403,1,1.318066,0.176,3.783,0.599
12404,1,1.318172,0.155,4.302,0.659
12405,1,1.318278,0.135,4.659,0.697
12406,1,1.318385,0.142,4.452,0.68
12407,1,1.318491,0.161,4.04,0.634
12408,1,1.318597,0.138,4.573,0.689
12409,1,1.318704,0.164,3.969,0.629
12410,1,1.318810,0.136,4.601,0.693
12411,1,1.318916,0.138,4.565,0.691
12412,1,1.319022,0.147,4.316,0.666
12413,1,1.319129,0.147,4.342,0.67
12414,1,1.319235,0.134,4.697,0.701
12415,1,1.319341,0.149,4.309,0.661
12416,1,1.319447,0.14,4.557,0.687
12417,1,1.319554,0.145,4.369,0.672
12418,1,1.319660,0.138,4.567,0.688
12419,1,1.319766,0.14,4.559,0.686
12420,1,1.319872,0.149,4.377,0.663
12421,1,1.319979,0.149,4.337,0.664
12422,1,1.320085,0.145,4.357,0.669
12423,1,1.320191,0.143,4.424,0.673
12424,1,1.320298,0.152,4.296,0.653
12425,1,1.320404,0.141,4.525,0.683
12426,1,1.320510,0.173,4.128,0.628
12427,1,1.320616,0.17,3.891,0.61
12428,1,1.320723,0.14,4.494,0.686
12429,1,1.320829,0.151,4.389,0.657
12430,1,1.320935,0.162,4.101,0.643
12431,1,1.321041,0.133,4.701,0.704
12432,1,1.321148,0.139,4.527,0.689
12433,1,1.321254,0.136,4.643,0.696
12434,1,1.321360,0.152,4.219,0.65
12435,1,1.321467,0.134,4.657,0.701
12436,1,1.321573,0.159,4.135,0.637
12437,1,1.321679,0.142,4.422,0.673
12438,1,1.321785,0.153,4.28,0.648
12439,1,1.321892,0.14,4.52,0.686
12440,1,1.321998,0.15,4.275,0.665
12441,1,1.322104,0.159,4.088,0.641
12442,1,1.322210,0.149,4.319,0.665
12443,1,1.322317,0.153,4.226,0.658
12444,1,1.322423,0.146,4.483,0.67
12445,1,1.322529,0.136,4.636,0.695
12446,1,1.322635,0.146,4.369,0.668
12447,1,1.322742,0.149,4.314,0.663
12448,1,1.322848,0.153,4.164,0.651
12449,1,1.322954,0.15,4.279,0.663
12450,1,1.323061,0.156,4.177,0.648
12451,1,1.323167,0.135,4.632,0.699
12452,1,1.323273,0.141,4.491,0.686
12453,1,1.323379,0.141,4.553,0.682
12454,1,1.323486,0.142,4.46,0.678
12455,1,1.323592,0.146,4.411,0.678
12456,1,1.323698,0.13,4.745,0.71
12457,1,1.323804,0.146,4.419,0.67
12458,1,1.323911,0.136,4.61,0.695
12459,1,1.324017,0.131,4.831,0.712
12460,1,1.324123,0.14,4.503,0.689
12461,1,1.324230,0.141,4.446,0.681
12462,1,1.324336,0.154,4.232,0.649
12463,1,1.324442,0.157,4.154,0.639
12464,1,1.324548,0.191,3.43,0.561
12465,1,1.324655,0.167,3.907,0.617
12466,1,1.324761,0.143,4.425,0.678
12467,1,1.324867,0.148,4.268,0.667
12468,1,1.324973,0.149,4.34,0.657
12469,1,1.325080,0.159,4.131,0.637
12470,1,1.325186,0.127,4.826,0.719
12471,1,1.325292,0.124,4.891,0.725
12472,1,1.325399,0.153,4.202,0.653
12473,1,1.325505,0.131,4.727,0.708
12474,1,1.325611,0.129,4.755,0.712
12475,1,1.325717,0.165,3.97,0.615
12476,1,1.325824,0.132,4.711,0.702
12477,1,1.325930,0.133,4.636,0.696
12478,1,1.326036,0.171,3.845,0.606
12479,1,1.326142,0.169,3.859,0.616
12480,1,1.326249,0.153,4.264,0.654
12481,1,1.326355,0.119,4.928,0.731
12482,1,1.326461,0.127,4.782,0.716
12483,1,1.326567,0.142,4.44,0.681
12484,1,1.326674,0.172,3.829,0.61
12485,1,1.326780,0.153,4.276,0.659
12486,1,1.326886,0.124,4.87,0.724
12487,1,1.326993,0.136,4.655,0.696
12488,1,1.327099,0.149,4.323,0.662
12489,1,1.327205,0.152,4.273,0.656
12490,1,1.327311,0.15,4.328,0.663
12491,1,1.327418,0.14,4.583,0.683
12492,1,1.327524,0.139,4.533,0.691
12493,1,1.327630,0.155,4.166,0.651
12494,1,1.327736,0.131,4.731,0.708
12495,1,1.327843,0.149,4.355,0.662
12496,1,1.327949,0.169,3.827,0.611
12497,1,1.328055,0.132,4.706,0.715
12498,1,1.328162,0.138,4.627,0.689
12499,1,1.328268,0.145,4.397,0.68
12500,1,1.328374,0.147,4.324,0.671
12501,1,1.328480,0.141,4.518,0.683
12502,1,1.328587,0.137,4.639,0.698
12503,1,1.328693,0.137,4.596,0.688
12504,1,1.328799,0.123,4.906,0.725
12505,1,1.328905,0.157,4.153,0.645
12506,1,1.329012,0.15,4.293,0.659
12507,1,1.329118,0.145,4.439,0.676
12508,1,1.329224,0.129,4.804,0.714
12509,1,1.329330,0.152,4.302,0.651
12510,1,1.329437,0.142,4.412,0.684
12511,1,1.329543,0.145,4.409,0.672
12512,1,1.329649,0.144,4.368,0.67
12513,1,1.329756,0.145,4.376,0.668
12514,1,1.329862,0.138,4.54,0.685
12515,1,1.329968,0.136,4.645,0.696
12516,1,1.330074,0.155,4.233,0.646
12517,1,1.330181,0.143,4.403,0.674
12518,1,1.330287,0.145,4.415,0.67
12519,1,1.330393,0.164,4.057,0.628
12520,1,1.330499,0.148,4.292,0.667
12521,1,1.330606,0.155,4.151,0.645
12522,1,1.330712,0.142,4.512,0.681
12523,1,1.330818,0.141,4.573,0.684
12524,1,1.330925,0.163,4.019,0.632
12525,1,1.331031,0.148,4.287,0.665
12526,1,1.331137,0.141,4.569,0.687
12527,1,1.331243,0.142,4.455,0.675
12528,1,1.331350,0.142,4.49,0.68
12529,1,1.331456,0.145,4.411,0.674
12530,1,1.331562,0.15,4.368,0.662
12531,1,1.331668,0.166,3.907,0.615
12532,1,1.331775,0.147,4.372,0.666
12533,1,1.331881,0.155,4.174,0.647
12534,1,1.331987,0.127,4.797,0.722
12535,1,1.332094,0.146,4.405,0.668
12536,1,1.332200,0.135,4.677,0.693
12537,1,1.332306,0.156,4.159,0.642
12538,1,1.332412,0.129,4.792,0.711
12539,1,1.332519,0.14,4.583,0.686
12540,1,1.332625,0.145,4.42,0.667
12541,1,1.332731,0.137,4.576,0.693
12542,1,1.332837,0.153,4.299,0.655
12543,1,1.332944,0.161,4.095,0.633
12544,1,1.333050,0.131,4.651,0.706
12545,1,1.333156,0.147,4.366,0.663
12546,1,1.333262,0.149,4.249,0.665
12547,1,1.333369,0.156,4.207,0.647
12548,1,1.333475,0.145,4.389,0.677
12549,1,1.333581,0.145,4.374,0.667
12550,1,1.333688,0.163,3.991,0.635
12551,1,1.333794,0.159,4.131,0.639
12552,1,1.333900,0.142,4.518,0.684
12553,1,1.334006,0.148,4.359,0.664
12554,1,1.334113,0.118,5.014,0.743
12555,1,1.334219,0.14,4.551,0.684
12556,1,1.334325,0.134,4.631,0.7
12557,1,1.334431,0.139,4.545,0.689
12558,1,1.334538,0.159,4.097,0.64
12559,1,1.334644,0.17,3.853,0.609
12560,1,1.334750,0.134,4.672,0.703
12561,1,1.334857,0.137,4.564,0.69
12562,1,1.334963,0.16,4.066,0.636
12563,1,1.335069,0.142,4.506,0.677
12564,1,1.335175,0.144,4.463,0.676
12565,1,1.335282,0.132,4.678,0.703
12566,1,1.335388,0.126,4.877,0.722
12567,1,1.335494,0.146,4.351,0.667
12568,1,1.335600,0.138,4.586,0.696
12569,1,1.335707,0.145,4.365,0.672
12570,1,1.335813,0.147,4.44,0.669
12571,1,1.335919,0.136,4.609,0.697
12572,1,1.336026,0.149,4.348,0.664
12573,1,1.336132,0.147,4.364,0.667
12574,1,1.336238,0.132,4.667,0.703
12575,1,1.336344,0.148,4.39,0.664
12576,1,1.336451,0.131,4.711,0.705
12577,1,1.336557,0.155,4.18,0.648
12578,1,1.336663,0.134,4.572,0.7
12579,1,1.336769,0.138,4.541,0.685
12580,1,1.336876,0.144,4.43,0.672
12581,1,1.336982,0.143,4.419,0.675
12582,1,1.337088,0.154,4.248,0.653
12583,1,1.337194,0.152,4.255,0.656
12584,1,1.337301,0.167,4.232,0.664
12585,1,1.337407,0.155,4.206,0.65
12586,1,1.337513,0.153,4.249,0.653
12587,1,1.337620,0.154,4.166,0.649
12588,1,1.337726,0.159,4.103,0.639
12589,1,1.337832,0.164,3.977,0.626
12590,1,1.337938,0.168,3.945,0.613
12591,1,1.338045,0.151,4.297,0.66
12592,1,1.338151,0.147,4.298,0.661
12593,1,1.338257,0.137,4.572,0.696
12594,1,1.338363,0.157,4.2,0.639
12595,1,1.338470,0.153,4.211,0.653
12596,1,1.338576,0.141,4.545,0.688
12597,1,1.338682,0.157,4.228,0.642
12598,1,1.338789,0.15,4.299,0.659
12599,1,1.338895,0.158,4.259,0.655
12600,1,1.339001,0.14,4.521,0.689
12601,1,1.339107,0.148,4.363,0.666
12602,1,1.339214,0.103,5.341,0.774
12603,1,1.339320,0.124,4.856,0.727
12604,1,1.339426,0.139,4.582,0.69
12605,1,1.339532,0.133,4.747,0.704
12606,1,1.339639,0.153,4.209,0.653
12607,1,1.339745,0.135,4.647,0.698
12608,1,1.339851,0.122,4.908,0.73
12609,1,1.339957,0.137,4.602,0.694
12610,1,1.340064,0.158,4.187,0.639
12611,1,1.340170,0.145,4.415,0.668
12612,1,1.340276,0.145,4.423,0.669
12613,1,1.340383,0.142,4.472,0.682
12614,1,1.340489,0.144,4.392,0.675
12615,1,1.340595,0.163,4.079,0.63
12616,1,1.340701,0.161,4.081,0.631
12617,1,1.340808,0.115,5.144,0.746
12618,1,1.340914,0.134,4.709,0.702
12619,1,1.341020,0.164,3.972,0.624
12620,1,1.341126,0.147,4.344,0.666
12621,1,1.341233,0.141,4.487,0.687
12622,1,1.341339,0.15,4.296,0.66
12623,1,1.341445,0.159,4.145,0.646
12624,1,1.341552,0.148,4.411,0.669
12625,1,1.341658,0.134,4.644,0.692
12626,1,1.341764,0.136,4.627,0.693
12627,1,1.341870,0.123,4.875,0.729
12628,1,1.341977,0.153,4.247,0.649
12629,1,1.342083,0.144,4.412,0.671
12630,1,1.342189,0.139,4.55,0.696
12631,1,1.342295,0.138,4.519,0.689
12632,1,1.342402,0.154,4.198,0.649
12633,1,1.342508,0.161,4.131,0.636
12634,1,1.342614,0.151,4.456,0.69
12635,1,1.342721,0.165,4.006,0.621
12636,1,1.342827,0.148,4.335,0.666
12637,1,1.342933,0.132,4.723,0.703
12638,1,1.343039,0.138,4.601,0.692
12639,1,1.343146,0.144,4.425,0.676
12640,1,1.343252,0.153,4.305,0.653
12641,1,1.343358,0.142,4.402,0.679
12642,1,1.343464,0.154,4.195,0.654
12643,1,1.343571,0.14,4.536,0.684
12644,1,1.343677,0.14,4.525,0.686
12645,1,1.343783,0.163,4.024,0.626
12646,1,1.343889,0.162,4.15,0.631
12647,1,1.343996,0.141,4.544,0.686
12648,1,1.344102,0.157,4.273,0.662
12649,1,1.344208,0.145,4.38,0.671
12650,1,1.344315,0.131,4.75,0.708
12651,1,1.344421,0.145,4.423,0.671
12652,1,1.344527,0.144,4.458,0.675
12653,1,1.344633,0.153,4.258,0.655
12654,1,1.344740,0.159,4.175,0.642
12655,1,1.344846,0.134,4.622,0.699
12656,1,1.344952,0.155,4.142,0.646
12657,1,1.345058,0.148,4.35,0.664
12658,1,1.345165,0.144,4.38,0.677
12659,1,1.345271,0.148,4.304,0.665
12660,1,1.345377,0.157,4.168,0.641
12661,1,1.345484,0.137,4.542,0.697
12662,1,1.345590,0.127,4.83,0.717
12663,1,1.345696,0.148,4.351,0.67
12664,1,1.345802,0.14,4.577,0.685
12665,1,1.345909,0.154,4.234,0.651
12666,1,1.346015,0.149,4.39,0.669
12667,1,1.346121,0.141,4.531,0.688
12668,1,1.346227,0.136,4.683,0.697
12669,1,1.346334,0.141,4.511,0.685
12670,1,1.346440,0.131,4.74,0.707
12671,1,1.346546,0.138,4.574,0.695
12672,1,1.346652,0.153,4.267,0.658
12673,1,1.346759,0.141,4.468,0.676
12674,1,1.346865,0.137,4.606,0.691
12675,1,1.346971,0.159,4.123,0.639
12676,1,1.347078,0.142,4.573,0.682
12677,1,1.347184,0.143,4.467,0.678
12678,1,1.347290,0.158,4.154,0.645
12679,1,1.347396,0.153,4.226,0.659
12680,1,1.347503,0.151,4.288,0.657
12681,1,1.347609,0.132,4.689,0.704
12682,1,1.347715,0.153,4.229,0.656
12683,1,1.347821,0.139,4.592,0.687
12684,1,1.347928,0.158,4.053,0.644
12685,1,1.348034,0.142,4.474,0.682
12686,1,1.348140,0.142,4.516,0.686
12687,1,1.348247,0.144,4.491,0.677
12688,1,1.348353,0.156,4.158,0.65
12689,1,1.348459,0.141,4.586,0.683
12690,1,1.348565,0.157,4.171,0.643
12691,1,1.348672,0.163,4.031,0.631
12692,1,1.348778,0.149,4.317,0.666
12693,1,1.348884,0.141,4.553,0.685
12694,1,1.348990,0.132,4.697,0.707
12695,1,1.349097,0.154,4.187,0.649
12696,1,1.349203,0.153,4.255,0.654
12697,1,1.349309,0.169,3.854,0.612
12698,1,1.349416,0.141,4.523,0.681
12699,1,1.349522,0.146,4.416,0.666
12700,1,1.349628,0.155,4.147,0.647
12701,1,1.349734,0.175,3.709,0.606
12702,1,1.349841,0.14,4.516,0.687
12703,1,1.349947,0.154,4.186,0.654
12704,1,1.350053,0.137,4.618,0.692
12705,1,1.350159,0.138,4.565,0.692
12706,1,1.350266,0.162,4.014,0.632
12707,1,1.350372,0.141,4.517,0.685
12708,1,1.350478,0.161,4.189,0.64
12709,1,1.350584,0.13,4.744,0.714
12710,1,1.350691,0.153,4.321,0.653
12711,1,1.350797,0.114,5.116,0.746
12712,1,1.350903,0.143,4.42,0.676
12713,1,1.351010,0.14,4.513,0.685
12714,1,1.351116,0.155,4.243,0.645
12715,1,1.351222,0.143,4.412,0.674
12716,1,1.351328,0.146,4.383,0.672
12717,1,1.351435,0.161,4.054,0.638
12718,1,1.351541,0.153,4.255,0.658
12719,1,1.351647,0.129,4.8,0.713
12720,1,1.351753,0.14,4.585,0.684
12721,1,1.351860,0.142,4.513,0.681
12722,1,1.351966,0.146,4.388,0.671
12723,1,1.352072,0.154,4.223,0.653
12724,1,1.352179,0.126,4.812,0.719
12725,1,1.352285,0.146,4.385,0.669
12726,1,1.352391,0.137,4.602,0.695
12727,1,1.352497,0.154,4.224,0.647
12728,1,1.352604,0.143,4.464,0.679
12729,1,1.352710,0.114,5.123,0.749
12730,1,1.352816,0.125,4.909,0.724
12731,1,1.352922,0.157,4.164,0.642
12732,1,1.353029,0.136,4.634,0.696
12733,1,1.353135,0.123,4.903,0.729
12734,1,1.353241,0.158,4.08,0.646
12735,1,1.353348,0.153,4.274,0.651
12736,1,1.353454,0.154,4.212,0.649
12737,1,1.353560,0.146,4.414,0.671
12738,1,1.353666,0.156,4.201,0.644
12739,1,1.353773,0.143,4.43,0.667
12740,1,1.353879,0.156,4.172,0.647
12741,1,1.353985,0.144,4.43,0.677
12742,1,1.354091,0.151,4.34,0.654
12743,1,1.354198,0.154,4.187,0.657
12744,1,1.354304,0.144,4.48,0.67
12745,1,1.354410,0.136,4.627,0.697
12746,1,1.354516,0.156,4.168,0.647
12747,1,1.354623,0.154,4.281,0.648
12748,1,1.354729,0.136,4.661,0.695
12749,1,1.354835,0.163,4.031,0.626
12750,1,1.354942,0.155,4.151,0.647
12751,1,1.355048,0.148,4.286,0.665
12752,1,1.355154,0.156,4.224,0.649
12753,1,1.355260,0.143,4.374,0.675
12754,1,1.355367,0.162,4.02,0.628
12755,1,1.355473,0.141,4.493,0.686
12756,1,1.355579,0.142,4.468,0.681
12757,1,1.355685,0.162,4.057,0.628
12758,1,1.355792,0.151,4.255,0.655
12759,1,1.355898,0.146,4.416,0.667
12760,1,1.356004,0.153,4.241,0.654
12761,1,1.356111,0.151,4.225,0.652
12762,1,1.356217,0.151,4.284,0.658
12763,1,1.356323,0.153,4.191,0.651
12764,1,1.356429,0.136,4.638,0.694
12765,1,1.356536,0.142,4.496,0.678
12766,1,1.356642,0.144,4.423,0.674
12767,1,1.356748,0.142,4.442,0.678
12768,1,1.356854,0.161,4.146,0.634
12769,1,1.356961,0.153,4.233,0.651
12770,1,1.357067,0.14,4.525,0.682
12771,1,1.357173,0.138,4.587,0.686
12772,1,1.357279,0.153,4.257,0.654
12773,1,1.357386,0.147,4.396,0.668
12774,1,1.357492,0.146,4.407,0.675
12775,1,1.357598,0.138,4.594,0.693
12776,1,1.357705,0.142,4.508,0.687
12777,1,1.357811,0.155,4.164,0.644
12778,1,1.357917,0.14,4.49,0.683
12779,1,1.358023,0.139,4.538,0.684
12780,1,1.358130,0.143,4.472,0.68
12781,1,1.358236,0.127,4.816,0.716
12782,1,1.358342,0.147,4.396,0.665
12783,1,1.358448,0.145,4.447,0.667
12784,1,1.358555,0.131,4.751,0.706
12785,1,1.358661,0.161,4.087,0.628
12786,1,1.358767,0.142,4.497,0.676
12787,1,1.358874,0.135,4.629,0.7
12788,1,1.358980,0.15,4.293,0.66
12789,1,1.359086,0.129,4.799,0.714
12790,1,1.359192,0.135,4.616,0.695
12791,1,1.359299,0.144,4.476,0.678
12792,1,1.359405,0.148,4.373,0.666
12793,1,1.359511,0.15,4.282,0.659
12794,1,1.359617,0.166,3.952,0.608
12795,1,1.359724,0.133,4.646,0.702
12796,1,1.359830,0.136,4.606,0.695
12797,1,1.359936,0.142,4.477,0.681
12798,1,1.360043,0.137,4.636,0.691
12799,1,1.360149,0.152,4.251,0.661
12800,1,1.360255,0.143,4.462,0.672
12801,1,1.360361,0.123,4.882,0.727
12802,1,1.360468,0.139,4.601,0.692
12803,1,1.360574,0.143,4.433,0.673
12804,1,1.360680,0.143,4.412,0.674
12805,1,1.360786,0.133,4.719,0.699
12806,1,1.360893,0.147,4.298,0.664
12807,1,1.360999,0.161,4.06,0.631
12808,1,1.361105,0.133,4.663,0.705
12809,1,1.361211,0.151,4.301,0.657
12810,1,1.361318,0.147,4.36,0.663
12811,1,1.361424,0.153,4.285,0.652
12812,1,1.361530,0.142,4.506,0.679
12813,1,1.361637,0.139,4.614,0.68
12814,1,1.361743,0.145,4.446,0.672
12815,1,1.361849,0.17,3.948,0.612
12816,1,1.361955,0.12,4.981,0.735
12817,1,1.362062,0.119,5.041,0.741
12818,1,1.362168,0.146,4.37,0.671
12819,1,1.362274,0.145,4.378,0.674
12820,1,1.362380,0.142,4.439,0.677
12821,1,1.362487,0.155,4.199,0.643
12822,1,1.362593,0.153,4.237,0.657
12823,1,1.362699,0.148,4.349,0.665
12824,1,1.362806,0.16,4.092,0.637
12825,1,1.362912,0.134,4.692,0.693
12826,1,1.363018,0.135,4.668,0.697
12827,1,1.363124,0.164,4.03,0.626
12828,1,1.363231,0.137,4.65,0.687
12829,1,1.363337,0.13,4.775,0.71
12830,1,1.363443,0.146,4.419,0.661
12831,1,1.363549,0.143,4.394,0.673
12832,1,1.363656,0.167,3.907,0.619
12833,1,1.363762,0.134,4.653,0.699
12834,1,1.363868,0.139,4.548,0.687
12835,1,1.363974,0.157,4.165,0.643
12836,1,1.364081,0.154,4.24,0.653
12837,1,1.364187,0.146,4.385,0.665
12838,1,1.364293,0.169,3.909,0.611
12839,1,1.364400,0.149,4.338,0.665
12840,1,1.364506,0.151,4.299,0.66
12841,1,1.364612,0.131,4.754,0.708
12842,1,1.364718,0.153,4.231,0.656
12843,1,1.364825,0.154,4.226,0.657
12844,1,1.364931,0.127,4.808,0.718
12845,1,1.365037,0.147,4.283,0.668
12846,1,1.365143,0.161,4.093,0.632
12847,1,1.365250,0.139,4.519,0.685
12848,1,1.365356,0.139,4.57,0.688
12849,1,1.365462,0.138,4.57,0.693
12850,1,1.365569,0.139,4.536,0.691
12851,1,1.365675,0.119,5.015,0.735
12852,1,1.365781,0.145,4.445,0.673
12853,1,1.365887,0.155,4.216,0.643
12854,1,1.365994,0.116,5.039,0.744
12855,1,1.366100,0.134,4.621,0.7
12856,1,1.366206,0.142,4.43,0.682
12857,1,1.366312,0.131,4.733,0.702
12858,1,1.366419,0.139,4.534,0.691
12859,1,1.366525,0.145,4.376,0.671
12860,1,1.366631,0.117,5.039,0.737
12861,1,1.366738,0.139,4.488,0.688
12862,1,1.366844,0.154,4.225,0.65
12863,1,1.366950,0.153,4.257,0.655
12864,1,1.367056,0.133,4.701,0.704
12865,1,1.367163,0.154,4.286,0.649
12866,1,1.367269,0.139,4.51,0.69
12867,1,1.367375,0.137,4.631,0.694
12868,1,1.367481,0.157,4.183,0.644
12869,1,1.367588,0.14,4.54,0.685
12870,1,1.367694,0.136,4.582,0.692
12871,1,1.367800,0.131,4.833,0.716
12872,1,1.367906,0.134,4.575,0.696
12873,1,1.368013,0.145,4.42,0.674
12874,1,1.368119,0.161,4.077,0.632
12875,1,1.368225,0.158,4.197,0.641
12876,1,1.368332,0.14,4.538,0.686
12877,1,1.368438,0.149,4.335,0.663
12878,1,1.368544,0.132,4.746,0.704
12879,1,1.368650,0.15,4.284,0.664
12880,1,1.368757,0.16,4.115,0.638
12881,1,1.368863,0.16,4.127,0.635
12882,1,1.368969,0.137,4.611,0.697
12883,1,1.369075,0.149,4.331,0.665
12884,1,1.369182,0.145,4.427,0.678
12885,1,1.369288,0.152,4.289,0.654
12886,1,1.369394,0.162,4.033,0.632
12887,1,1.369501,0.135,4.618,0.699
12888,1,1.369607,0.158,4.131,0.636
12889,1,1.369713,0.163,4.011,0.625
12890,1,1.369819,0.157,4.112,0.64
12891,1,1.369926,0.131,4.696,0.708
12892,1,1.370032,0.142,4.469,0.68
12893,1,1.370138,0.146,4.381,0.674
12894,1,1.370244,0.126,4.838,0.72
12895,1,1.370351,0.153,4.248,0.645
12896,1,1.370457,0.131,4.7,0.707
12897,1,1.370563,0.151,4.313,0.66
12898,1,1.370670,0.134,4.729,0.695
12899,1,1.370776,0.145,4.446,0.676
12900,1,1.370882,0.14,4.554,0.687
12901,1,1.370988,0.116,5.031,0.744
12902,1,1.371095,0.152,4.251,0.653
12903,1,1.371201,0.134,4.62,0.702
12904,1,1.371307,0.153,4.251,0.649
12905,1,1.371413,0.139,4.618,0.687
12906,1,1.371520,0.142,4.495,0.685
12907,1,1.371626,0.124,4.852,0.718
12908,1,1.371732,0.16,4.122,0.64
12909,1,1.371838,0.124,4.924,0.722
12910,1,1.371945,0.14,4.508,0.689
12911,1,1.372051,0.151,4.312,0.653
12912,1,1.372157,0.152,4.291,0.649
12913,1,1.372264,0.124,4.855,0.729
12914,1,1.372370,0.136,4.685,0.693
12915,1,1.372476,0.127,5.013,0.74
12916,1,1.372582,0.143,4.392,0.676
12917,1,1.372689,0.147,4.433,0.67
12918,1,1.372795,0.143,4.453,0.681
12919,1,1.372901,0.137,4.488,0.687
12920,1,1.373007,0.144,4.413,0.677
12921,1,1.373114,0.161,4.036,0.637
12922,1,1.373220,0.16,4.079,0.641
12923,1,1.373326,0.14,4.574,0.686
12924,1,1.373433,0.157,4.144,0.643
12925,1,1.373539,0.131,4.764,0.704
12926,1,1.373645,0.149,4.316,0.668
12927,1,1.373751,0.156,4.154,0.642
12928,1,1.373858,0.161,4.076,0.635
12929,1,1.373964,0.147,4.378,0.673
12930,1,1.374070,0.156,4.208,0.642
12931,1,1.374176,0.128,4.83,0.717
12932,1,1.374283,0.122,4.953,0.731
12933,1,1.374389,0.13,4.812,0.716
12934,1,1.374495,0.142,4.483,0.684
12935,1,1.374601,0.147,4.381,0.669
12936,1,1.374708,0.13,4.716,0.71
12937,1,1.374814,0.133,4.673,0.699
12938,1,1.374920,0.146,4.414,0.671
12939,1,1.375027,0.149,4.274,0.663
12940,1,1.375133,0.146,4.36,0.673
12941,1,1.375239,0.137,4.58,0.696
12942,1,1.375345,0.15,4.287,0.67
12943,1,1.375452,0.14,4.544,0.692
12944,1,1.375558,0.146,4.406,0.673
12945,1,1.375664,0.123,4.945,0.729
12946,1,1.375770,0.153,4.264,0.653
12947,1,1.375877,0.153,4.235,0.652
12948,1,1.375983,0.133,4.687,0.702
12949,1,1.376089,0.153,4.3,0.654
12950,1,1.376196,0.219,4.363,0.664
12951,1,1.376302,0.144,4.404,0.677
12952,1,1.376408,0.151,4.264,0.657
12953,1,1.376514,0.134,4.696,0.699
12954,1,1.376621,0.158,4.136,0.639
12955,1,1.376727,0.132,4.729,0.706
12956,1,1.376833,0.148,4.373,0.667
12957,1,1.376939,0.152,4.292,0.658
12958,1,1.377046,0.141,4.511,0.685
12959,1,1.377152,0.14,4.522,0.686
12960,1,1.377258,0.156,4.232,0.648
12961,1,1.377365,0.159,4.14,0.642
12962,1,1.377471,0.142,4.459,0.68
12963,1,1.377577,0.132,4.773,0.708
12964,1,1.377683,0.15,4.347,0.661
12965,1,1.377790,0.113,5.158,0.757
12966,1,1.377896,0.125,4.873,0.724
12967,1,1.378002,0.146,4.407,0.678
12968,1,1.378108,0.144,4.409,0.675
12969,1,1.378215,0.154,4.181,0.651
12970,1,1.378321,0.135,4.659,0.699
12971,1,1.378427,0.15,4.279,0.66
12972,1,1.378533,0.157,4.151,0.647
12973,1,1.378640,0.154,4.286,0.654
12974,1,1.378746,0.12,4.983,0.733
12975,1,1.378852,0.153,4.272,0.656
12976,1,1.378959,0.156,4.181,0.651
12977,1,1.379065,0.142,4.594,0.686
12978,1,1.379171,0.146,4.438,0.669
12979,1,1.379277,0.18,3.695,0.598
12980,1,1.379384,0.149,4.338,0.654
12981,1,1.379490,0.153,4.33,0.656
12982,1,1.379596,0.136,4.635,0.697
12983,1,1.379702,0.137,4.628,0.692
12984,1,1.379809,0.142,4.472,0.686
12985,1,1.379915,0.127,4.811,0.717
12986,1,1.380021,0.129,4.749,0.718
12987,1,1.380128,0.145,4.466,0.675
12988,1,1.380234,0.169,3.852,0.607
12989,1,1.380340,0.157,4.121,0.648
12990,1,1.380446,0.137,4.611,0.7
12991,1,1.380553,0.155,4.176,0.65
12992,1,1.380659,0.159,4.155,0.639
12993,1,1.380765,0.16,4.129,0.638
12994,1,1.380871,0.152,4.428,0.667
12995,1,1.380978,0.152,4.289,0.656
12996,1,1.381084,0.17,3.882,0.619
12997,1,1.381190,0.132,4.793,0.713
12998,1,1.381296,0.167,3.943,0.62
12999,1,1.381403,0.165,3.993,0.627
13000,1,1.381509,0.147,4.382,0.664
13002,1,1.381722,0.151,4.35,0.665
13003,1,1.381828,0.153,4.234,0.657
13004,1,1.381934,0.154,4.19,0.657
13005,1,1.382040,0.142,4.418,0.682
13006,1,1.382147,0.16,4.062,0.638
13007,1,1.382253,0.137,4.571,0.691
13008,1,1.382359,0.164,4.01,0.625
13009,1,1.382465,0.158,4.168,0.64
13010,1,1.382572,0.147,4.392,0.669
13011,1,1.382678,0.142,4.496,0.679
13012,1,1.382784,0.142,4.506,0.679
13013,1,1.382891,0.151,4.302,0.658
13014,1,1.382997,0.134,4.594,0.699
13015,1,1.383103,0.132,4.74,0.699
13016,1,1.383209,0.143,4.455,0.677
13017,1,1.383316,0.148,4.375,0.667
13018,1,1.383422,0.145,4.384,0.674
13019,1,1.383528,0.137,4.611,0.692
13020,1,1.383634,0.143,4.435,0.675
13021,1,1.383741,0.156,4.169,0.647
13022,1,1.383847,0.136,4.629,0.695
13023,1,1.383953,0.158,4.14,0.645
13024,1,1.384060,0.157,4.128,0.643
13025,1,1.384166,0.137,4.583,0.688
13026,1,1.384272,0.144,4.429,0.677
13027,1,1.384378,0.151,4.23,0.653
13028,1,1.384485,0.154,4.201,0.651
13029,1,1.384591,0.131,4.747,0.706
13030,1,1.384697,0.148,4.376,0.67
13031,1,1.384803,0.14,4.521,0.687
13032,1,1.384910,0.131,4.726,0.712
13033,1,1.385016,0.142,4.475,0.683
13034,1,1.385122,0.152,4.243,0.657
13035,1,1.385228,0.141,4.524,0.681
13036,1,1.385335,0.134,4.707,0.695
13037,1,1.385441,0.145,4.404,0.67
13038,1,1.385547,0.15,4.351,0.663
13039,1,1.385654,0.137,4.583,0.692
13040,1,1.385760,0.131,4.707,0.704
13041,1,1.385866,0.162,4.128,0.625
13042,1,1.385972,0.153,4.319,0.655
13043,1,1.386079,0.159,4.12,0.637
13044,1,1.386185,0.14,4.556,0.683
13045,1,1.386291,0.175,3.755,0.597
13046,1,1.386397,0.148,4.337,0.668
13047,1,1.386504,0.147,4.392,0.666
13048,1,1.386610,0.154,4.23,0.65
13049,1,1.386716,0.136,4.609,0.69
13050,1,1.386823,0.143,4.491,0.677
13051,1,1.386929,0.131,4.758,0.706
13052,1,1.387035,0.167,3.946,0.616
13053,1,1.387141,0.149,4.365,0.658
13054,1,1.387248,0.127,4.806,0.725
13055,1,1.387354,0.153,4.198,0.651
13056,1,1.387460,0.15,4.308,0.659
13057,1,1.387566,0.135,4.643,0.689
13058,1,1.387673,0.146,4.452,0.672
13059,1,1.387779,0.123,4.874,0.727
13060,1,1.387885,0.135,4.655,0.701
13061,1,1.387991,0.148,4.35,0.661
13062,1,1.388098,0.149,4.34,0.662
13063,1,1.388204,0.123,5.086,0.737
13064,1,1.388310,0.137,4.533,0.694
13065,1,1.388417,0.148,4.322,0.664
13066,1,1.388523,0.142,4.513,0.684
13067,1,1.388629,0.176,3.778,0.595
13068,1,1.388735,0.154,4.247,0.651
13069,1,1.388842,0.135,4.602,0.699
13070,1,1.388948,0.136,4.631,0.697
13071,1,1.389054,0.167,3.962,0.619
13072,1,1.389160,0.163,4.053,0.628
13073,1,1.389267,0.149,4.399,0.664
13074,1,1.389373,0.153,4.23,0.653
13075,1,1.389479,0.142,4.504,0.682
13076,1,1.389586,0.147,4.373,0.668
13077,1,1.389692,0.156,4.31,0.653
13078,1,1.389798,0.145,4.424,0.673
13079,1,1.389904,0.154,4.217,0.652
13080,1,1.390011,0.14,4.543,0.685
13081,1,1.390117,0.142,4.459,0.678
13082,1,1.390223,0.168,3.897,0.613
13083,1,1.390329,0.154,4.262,0.658
13084,1,1.390436,0.133,4.648,0.702
13085,1,1.390542,0.131,4.752,0.707
13086,1,1.390648,0.143,4.451,0.68
13087,1,1.390755,0.145,4.384,0.677
13088,1,1.390861,0.151,4.306,0.659
13089,1,1.390967,0.151,4.305,0.659
13090,1,1.391073,0.149,4.375,0.664
13091,1,1.391180,0.142,4.53,0.683
13092,1,1.391286,0.126,4.845,0.719
13093,1,1.391392,0.13,4.78,0.711
13094,1,1.391498,0.139,4.554,0.689
13095,1,1.391605,0.142,4.482,0.687
13096,1,1.391711,0.153,4.28,0.648
13097,1,1.391817,0.148,4.306,0.663
13098,1,1.391923,0.129,4.751,0.714
13099,1,1.392030,0.129,4.732,0.71
13100,1,1.392136,0.164,4.068,0.624
13101,1,1.392242,0.152,4.222,0.659
13102,1,1.392349,0.147,4.333,0.67
13103,1,1.392455,0.12,4.952,0.735
13104,1,1.392561,0.149,4.296,0.665
13105,1,1.392667,0.131,4.746,0.709
13106,1,1.392774,0.12,4.993,0.731
13107,1,1.392880,0.149,4.342,0.66
13108,1,1.392986,0.157,4.141,0.644
13109,1,1.393092,0.152,4.262,0.656
13110,1,1.393199,0.145,4.407,0.673
13111,1,1.393305,0.142,4.486,0.679
13112,1,1.393411,0.153,4.226,0.66
13113,1,1.393518,0.142,4.512,0.677
13114,1,1.393624,0.147,4.315,0.668
13115,1,1.393730,0.145,4.374,0.674
13116,1,1.393836,0.14,4.532,0.685
13117,1,1.393943,0.141,4.466,0.688
13118,1,1.394049,0.152,4.238,0.659
13119,1,1.394155,0.166,3.952,0.623
13120,1,1.394261,0.129,4.75,0.714
13121,1,1.394368,0.137,4.569,0.696
13122,1,1.394474,0.135,4.629,0.693
13123,1,1.394580,0.137,4.6,0.694
13124,1,1.394687,0.121,4.929,0.73
13125,1,1.394793,0.141,4.542,0.678
13126,1,1.394899,0.142,4.446,0.682
13127,1,1.395005,0.165,3.983,0.623
13128,1,1.395112,0.149,4.345,0.665
13129,1,1.395218,0.12,4.969,0.735
13130,1,1.395324,0.143,4.473,0.678
13131,1,1.395430,0.142,4.495,0.677
13132,1,1.395537,0.139,4.552,0.692
13133,1,1.395643,0.125,4.841,0.718
13134,1,1.395749,0.142,4.498,0.685
13135,1,1.395855,0.132,4.643,0.701
13136,1,1.395962,0.153,4.232,0.65
13137,1,1.396068,0.136,4.662,0.69
13138,1,1.396174,0.154,4.207,0.65
13139,1,1.396281,0.129,4.799,0.713
13140,1,1.396387,0.149,4.374,0.668
13141,1,1.396493,0.131,4.706,0.711
13142,1,1.396599,0.144,4.476,0.676
13143,1,1.396706,0.155,4.214,0.648
13144,1,1.396812,0.133,4.701,0.702
13145,1,1.396918,0.132,4.653,0.7
13146,1,1.397024,0.139,4.499,0.691
13147,1,1.397131,0.142,4.478,0.676
13148,1,1.397237,0.145,4.466,0.673
13149,1,1.397343,0.151,4.264,0.656
13150,1,1.397450,0.143,4.448,0.678
13151,1,1.397556,0.141,4.475,0.684
13152,1,1.397662,0.151,4.282,0.657
13153,1,1.397768,0.14,4.509,0.693
13154,1,1.397875,0.143,4.414,0.68
13155,1,1.397981,0.144,4.447,0.674
13156,1,1.398087,0.153,4.161,0.646
13157,1,1.398193,0.161,4.07,0.635
13158,1,1.398300,0.142,4.488,0.676
13159,1,1.398406,0.127,4.802,0.719
13160,1,1.398512,0.143,4.423,0.677
13161,1,1.398618,0.141,4.51,0.684
13162,1,1.398725,0.139,4.544,0.69
13163,1,1.398831,0.147,4.37,0.667
13164,1,1.398937,0.144,4.46,0.675
13165,1,1.399044,0.133,4.67,0.704
13166,1,1.399150,0.134,4.573,0.698
13167,1,1.399256,0.148,4.331,0.661
13168,1,1.399362,0.148,4.362,0.666
13169,1,1.399469,0.174,3.77,0.606
13170,1,1.399575,0.149,4.286,0.661
13171,1,1.399681,0.136,4.642,0.695
13172,1,1.399787,0.142,4.482,0.678
13173,1,1.399894,0.126,4.843,0.72
13174,1,1.400000,0.142,4.476,0.682
13175,1,1.400106,0.142,4.481,0.678
13176,1,1.400213,0.131,4.685,0.709
13177,1,1.400319,0.15,4.303,0.664
13178,1,1.400425,0.152,4.251,0.653
13179,1,1.400531,0.148,4.339,0.664
13180,1,1.400638,0.142,4.502,0.679
13181,1,1.400744,0.154,4.196,0.65
13182,1,1.400850,0.162,4.059,0.639
13183,1,1.400956,0.141,4.532,0.683
13184,1,1.401063,0.154,4.282,0.652
13185,1,1.401169,0.135,4.651,0.694
13186,1,1.401275,0.141,4.486,0.685
13187,1,1.401382,0.151,4.326,0.663
13188,1,1.401488,0.148,4.33,0.665
13189,1,1.401594,0.137,4.632,0.686
13190,1,1.401700,0.143,4.412,0.672
13191,1,1.401807,0.166,4.003,0.617
13192,1,1.401913,0.15,4.247,0.662
13193,1,1.402019,0.144,4.427,0.67
13194,1,1.402125,0.148,4.347,0.663
13195,1,1.402232,0.154,4.152,0.649
13196,1,1.402338,0.132,4.674,0.703
13197,1,1.402444,0.158,4.094,0.642
13198,1,1.402550,0.143,4.49,0.679
13199,1,1.402657,0.124,4.871,0.721
13200,1,1.402763,0.152,4.309,0.648
13201,1,1.402869,0.136,4.618,0.699
13202,1,1.402976,0.143,4.401,0.68
13203,1,1.403082,0.15,4.358,0.661
13204,1,1.403188,0.165,3.968,0.623
13205,1,1.403294,0.14,4.522,0.69
13206,1,1.403401,0.153,4.216,0.648
13207,1,1.403507,0.137,4.617,0.7
13208,1,1.403613,0.143,4.487,0.677
13209,1,1.403719,0.144,4.433,0.675
13210,1,1.403826,0.153,4.225,0.661
13211,1,1.403932,0.131,4.759,0.706
13212,1,1.404038,0.148,4.352,0.669
13213,1,1.404145,0.126,4.83,0.719
13214,1,1.404251,0.131,4.784,0.709
13215,1,1.404357,0.133,4.725,0.702
13216,1,1.404463,0.131,4.739,0.702
13217,1,1.404570,0.136,4.609,0.693
13218,1,1.404676,0.144,4.376,0.675
13219,1,1.404782,0.15,4.298,0.659
13220,1,1.404888,0.151,4.335,0.658
13221,1,1.404995,0.128,4.797,0.714
13222,1,1.405101,0.152,4.281,0.655
13223,1,1.405207,0.162,4.055,0.636
13224,1,1.405313,0.15,4.329,0.661
13225,1,1.405420,0.159,4.1,0.641
13226,1,1.405526,0.131,4.741,0.705
13227,1,1.405632,0.152,4.309,0.656
13228,1,1.405739,0.151,4.251,0.656
13229,1,1.405845,0.168,3.878,0.613
13230,1,1.405951,0.154,4.24,0.652
13231,1,1.406057,0.128,4.812,0.718
13232,1,1.406164,0.139,4.577,0.686
13233,1,1.406270,0.138,4.573,0.686
13234,1,1.406376,0.131,4.728,0.709
13235,1,1.406482,0.122,4.931,0.73
13236,1,1.406589,0.136,4.593,0.694
13237,1,1.406695,0.176,3.786,0.594
13238,1,1.406801,0.131,4.778,0.706
13239,1,1.406908,0.13,4.73,0.714
13240,1,1.407014,0.131,4.706,0.71
13241,1,1.407120,0.149,4.318,0.666
13242,1,1.407226,0.142,4.478,0.673
13243,1,1.407333,0.153,4.255,0.649
13244,1,1.407439,0.131,4.762,0.703
13245,1,1.407545,0.16,4.084,0.637
13246,1,1.407651,0.131,4.791,0.704
13247,1,1.407758,0.14,4.57,0.681
13248,1,1.407864,0.144,4.434,0.676
13249,1,1.407970,0.14,4.565,0.683
13250,1,1.408077,0.144,4.426,0.672
13251,1,1.408183,0.135,4.668,0.702
13252,1,1.408289,0.142,4.408,0.678
13253,1,1.408395,0.141,4.529,0.685
13254,1,1.408502,0.131,4.691,0.711
13255,1,1.408608,0.162,4.032,0.633
13256,1,1.408714,0.121,4.983,0.729
13257,1,1.408820,0.151,4.266,0.658
13258,1,1.408927,0.111,5.237,0.756
13259,1,1.409033,0.16,4.026,0.633
13260,1,1.409139,0.148,4.354,0.665
13261,1,1.409245,0.134,4.624,0.698
13262,1,1.409352,0.152,4.271,0.656
13264,1,1.409564,0.132,4.695,0.704
13265,1,1.409671,0.122,4.926,0.727
13266,1,1.409777,0.123,4.865,0.725
13267,1,1.409883,0.125,4.919,0.72
13268,1,1.409989,0.141,4.521,0.685
13269,1,1.410096,0.156,4.133,0.643
13270,1,1.410202,0.17,3.822,0.609
13271,1,1.410308,0.136,4.64,0.692
13272,1,1.410414,0.138,4.584,0.691
13273,1,1.410521,0.138,4.558,0.688
13274,1,1.410627,0.153,4.21,0.655
13275,1,1.410733,0.14,4.487,0.679
13276,1,1.410840,0.141,4.531,0.685
13277,1,1.410946,0.145,4.407,0.674
13278,1,1.411052,0.145,4.452,0.672
13279,1,1.411158,0.149,4.222,0.654
13280,1,1.411265,0.133,4.716,0.702
13281,1,1.411371,0.143,4.492,0.673
13282,1,1.411477,0.142,4.456,0.681
13283,1,1.411583,0.123,4.924,0.726
13284,1,1.411690,0.121,4.948,0.734
13285,1,1.411796,0.138,4.553,0.692
13286,1,1.411902,0.152,4.282,0.655
13287,1,1.412009,0.141,4.523,0.683
13288,1,1.412115,0.135,4.661,0.7
13289,1,1.412221,0.136,4.599,0.696
13290,1,1.412327,0.135,4.548,0.693
13291,1,1.412434,0.147,4.381,0.666
13292,1,1.412540,0.161,4.06,0.637
13293,1,1.412646,0.134,4.635,0.696
13294,1,1.412752,0.155,4.176,0.65
13295,1,1.412859,0.143,4.395,0.677
13296,1,1.412965,0.148,4.383,0.67
13297,1,1.413071,0.142,4.519,0.689
13298,1,1.413177,0.131,4.675,0.701
13299,1,1.413284,0.133,4.722,0.701
13300,1,1.413390,0.132,4.654,0.702
13301,1,1.413496,0.14,4.544,0.694
13302,1,1.413603,0.137,4.654,0.688
13303,1,1.413709,0.137,4.594,0.693
13304,1,1.413815,0.141,4.511,0.683
13305,1,1.413921,0.138,4.533,0.691
13306,1,1.414028,0.156,4.118,0.647
13307,1,1.414134,0.16,4.036,0.64
13308,1,1.414240,0.165,3.931,0.617
13309,1,1.414346,0.156,4.145,0.643
13310,1,1.414453,0.141,4.479,0.684
13311,1,1.414559,0.147,4.313,0.667
13312,1,1.414665,0.153,4.29,0.651
13313,1,1.414772,0.152,4.299,0.657
13314,1,1.414878,0.145,4.386,0.677
13315,1,1.414984,0.142,4.512,0.687
13316,1,1.415090,0.145,4.458,0.675
13317,1,1.415197,0.15,4.317,0.66
13318,1,1.415303,0.14,4.565,0.69
13319,1,1.415409,0.148,4.365,0.659
13320,1,1.415515,0.126,4.841,0.719
13321,1,1.415622,0.161,4.083,0.634
13322,1,1.415728,0.161,4.003,0.626
13323,1,1.415834,0.122,4.908,0.729
13324,1,1.415940,0.146,4.392,0.664
13325,1,1.416047,0.129,4.806,0.71
13326,1,1.416153,0.162,4.087,0.635
13327,1,1.416259,0.142,4.432,0.671
13328,1,1.416366,0.127,4.814,0.717
13329,1,1.416472,0.157,4.148,0.642
13330,1,1.416578,0.133,4.649,0.701
13331,1,1.416684,0.153,4.254,0.653
13332,1,1.416791,0.142,4.424,0.683
13333,1,1.416897,0.144,4.417,0.67
13334,1,1.417003,0.135,4.645,0.7
13335,1,1.417109,0.151,4.256,0.659
13336,1,1.417216,0.131,4.732,0.71
13337,1,1.417322,0.129,4.817,0.709
13338,1,1.417428,0.146,4.394,0.666
13339,1,1.417535,0.16,4.105,0.63
13340,1,1.417641,0.16,4.128,0.635
13341,1,1.417747,0.169,3.848,0.617
13342,1,1.417853,0.141,4.554,0.682
13343,1,1.417960,0.149,4.409,0.665
13344,1,1.418066,0.141,4.439,0.679
13345,1,1.418172,0.158,4.156,0.637
13346,1,1.418278,0.164,4.023,0.624
13347,1,1.418385,0.138,4.616,0.689
13348,1,1.418491,0.136,4.692,0.694
13349,1,1.418597,0.127,4.841,0.717
13350,1,1.418704,0.154,4.234,0.648
13351,1,1.418810,0.146,4.435,0.667
13352,1,1.418916,0.153,4.256,0.65
13353,1,1.419022,0.15,4.301,0.658
13354,1,1.419129,0.137,4.677,0.696
13355,1,1.419235,0.132,4.696,0.702
13356,1,1.419341,0.143,4.464,0.679
13357,1,1.419447,0.145,4.443,0.671
13358,1,1.419554,0.143,4.431,0.675
13359,1,1.419660,0.138,4.567,0.693
13360,1,1.419766,0.136,4.604,0.693
13361,1,1.419872,0.131,4.774,0.712
13362,1,1.419979,0.129,4.845,0.718
13363,1,1.420085,0.158,4.107,0.641
13364,1,1.420191,0.147,4.36,0.67
13365,1,1.420298,0.16,4.063,0.634
13366,1,1.420404,0.148,4.358,0.663
13367,1,1.420510,0.167,3.889,0.611
13368,1,1.420616,0.148,4.356,0.663
13369,1,1.420723,0.151,4.271,0.656
13370,1,1.420829,0.142,4.537,0.687
13371,1,1.420935,0.131,4.687,0.702
13372,1,1.421041,0.138,4.631,0.688
13373,1,1.421148,0.151,4.326,0.657
13374,1,1.421254,0.136,4.642,0.701
13375,1,1.421360,0.133,4.645,0.701
13376,1,1.421467,0.129,4.718,0.712
13377,1,1.421573,0.132,4.694,0.704
13378,1,1.421679,0.144,4.483,0.676
13379,1,1.421785,0.138,4.554,0.688
13380,1,1.421892,0.149,4.336,0.666
13381,1,1.421998,0.154,4.159,0.65
13382,1,1.422104,0.14,4.512,0.686
13383,1,1.422210,0.155,4.119,0.642
13384,1,1.422317,0.162,4.056,0.627
13385,1,1.422423,0.132,4.693,0.703
13386,1,1.422529,0.142,4.497,0.678
13387,1,1.422635,0.112,5.153,0.754
13388,1,1.422742,0.142,4.496,0.681
13389,1,1.422848,0.165,3.971,0.622
13390,1,1.422954,0.162,4.001,0.626
13391,1,1.423061,0.136,4.613,0.695
13392,1,1.423167,0.13,4.766,0.708
13393,1,1.423273,0.151,4.264,0.661
13394,1,1.423379,0.155,4.224,0.648
13395,1,1.423486,0.145,4.361,0.674
13396,1,1.423592,0.156,4.204,0.647
13397,1,1.423698,0.137,4.587,0.692
13398,1,1.423804,0.142,4.576,0.681
13399,1,1.423911,0.153,4.2,0.654
13400,1,1.424017,0.16,4.076,0.628
13401,1,1.424123,0.162,4.03,0.632
13402,1,1.424230,0.151,4.251,0.655
13403,1,1.424336,0.14,4.508,0.683
13404,1,1.424442,0.134,4.614,0.702
13405,1,1.424548,0.13,4.766,0.71
13406,1,1.424655,0.135,4.666,0.695
13407,1,1.424761,0.131,4.723,0.707
13408,1,1.424867,0.153,4.22,0.651
13409,1,1.424973,0.153,4.307,0.651
13410,1,1.425080,0.149,4.323,0.665
13411,1,1.425186,0.141,4.514,0.681
13412,1,1.425292,0.135,4.617,0.701
13413,1,1.425399,0.126,4.87,0.717
13414,1,1.425505,0.153,4.247,0.65
13415,1,1.425611,0.154,4.173,0.647
13416,1,1.425717,0.137,4.601,0.696
13417,1,1.425824,0.151,4.308,0.661
13418,1,1.425930,0.139,4.545,0.687
13419,1,1.426036,0.133,4.673,0.703
13420,1,1.426142,0.153,4.27,0.653
13421,1,1.426249,0.145,4.403,0.671
13422,1,1.426355,0.16,4.097,0.633
13423,1,1.426461,0.141,4.572,0.679
13424,1,1.426567,0.137,4.592,0.7
13425,1,1.426674,0.141,4.502,0.684
13426,1,1.426780,0.142,4.414,0.678
13427,1,1.426886,0.136,4.624,0.696
13428,1,1.426993,0.152,4.276,0.651
13429,1,1.427099,0.153,4.272,0.649
13430,1,1.427205,0.143,4.446,0.676
13431,1,1.427311,0.163,4.048,0.628
13432,1,1.427418,0.145,4.413,0.675
13433,1,1.427524,0.139,4.526,0.684
13434,1,1.427630,0.149,4.324,0.662
13435,1,1.427736,0.118,5.047,0.739
13436,1,1.427843,0.137,4.566,0.693
13437,1,1.427949,0.128,4.801,0.713
13438,1,1.428055,0.139,4.531,0.689
13439,1,1.428162,0.124,4.929,0.724
13440,1,1.428268,0.152,4.25,0.651
13441,1,1.428374,0.121,4.924,0.729
13442,1,1.428480,0.154,4.278,0.65
13443,1,1.428587,0.153,4.183,0.657
13444,1,1.428693,0.14,4.567,0.684
13445,1,1.428799,0.134,4.689,0.7
13446,1,1.428905,0.164,3.946,0.626
13447,1,1.429012,0.122,4.939,0.725
13448,1,1.429118,0.152,4.277,0.65
13449,1,1.429224,0.152,4.307,0.66
13450,1,1.429330,0.135,4.586,0.701
13451,1,1.429437,0.131,4.729,0.707
13452,1,1.429543,0.141,4.492,0.683
13453,1,1.429649,0.134,4.637,0.697
13454,1,1.429756,0.14,4.514,0.685
13455,1,1.429862,0.156,4.157,0.644
13456,1,1.429968,0.146,4.386,0.666
13457,1,1.430074,0.133,4.683,0.701
13458,1,1.430181,0.159,4.134,0.64
13459,1,1.430287,0.145,4.415,0.674
13460,1,1.430393,0.133,4.657,0.701
13461,1,1.430499,0.169,4.472,0.677
13462,1,1.430606,0.119,5.022,0.734
13463,1,1.430712,0.125,4.833,0.714
13464,1,1.430818,0.161,4.072,0.633
13465,1,1.430925,0.156,4.189,0.639
13466,1,1.431031,0.169,3.869,0.613
13467,1,1.431137,0.162,4.011,0.628
13468,1,1.431243,0.153,4.255,0.655
13469,1,1.431350,0.138,4.571,0.691
13470,1,1.431456,0.136,4.604,0.695
13471,1,1.431562,0.153,4.187,0.648
13472,1,1.431668,0.129,4.783,0.715
13473,1,1.431775,0.143,4.515,0.679
13474,1,1.431881,0.165,4.013,0.629
13475,1,1.431987,0.127,4.856,0.722
13476,1,1.432094,0.154,4.234,0.652
13477,1,1.432200,0.143,4.461,0.678
13478,1,1.432306,0.135,4.717,0.698
13479,1,1.432412,0.152,4.261,0.656
13480,1,1.432519,0.127,4.943,0.72
13481,1,1.432625,0.134,4.63,0.702
13482,1,1.432731,0.151,4.292,0.662
13483,1,1.432837,0.135,4.629,0.699
13484,1,1.432944,0.142,4.54,0.682
13485,1,1.433050,0.125,4.874,0.724
13486,1,1.433156,0.15,4.378,0.661
13487,1,1.433262,0.137,4.652,0.694
13488,1,1.433369,0.134,4.671,0.7
13489,1,1.433475,0.142,4.444,0.679
13490,1,1.433581,0.158,4.12,0.644
13491,1,1.433688,0.142,4.466,0.684
13492,1,1.433794,0.136,4.722,0.7
13493,1,1.433900,0.131,4.756,0.708
13494,1,1.434006,0.139,4.572,0.688
13495,1,1.434113,0.149,4.315,0.663
13496,1,1.434219,0.153,4.22,0.649
13497,1,1.434325,0.146,4.412,0.672
13498,1,1.434431,0.154,4.417,0.678
13499,1,1.434538,0.153,4.269,0.655
13500,1,1.434644,0.161,4.046,0.645
13501,1,1.434750,0.119,4.998,0.733
13502,1,1.434857,0.113,5.148,0.754
13503,1,1.434963,0.149,4.306,0.661
13504,1,1.435069,0.122,4.954,0.731
13505,1,1.435175,0.156,4.165,0.645
13506,1,1.435282,0.125,4.916,0.72
13507,1,1.435388,0.144,4.396,0.683
13508,1,1.435494,0.135,4.709,0.697
13509,1,1.435600,0.145,4.431,0.67
13510,1,1.435707,0.143,4.506,0.681
13511,1,1.435813,0.136,4.631,0.694
13512,1,1.435919,0.142,4.46,0.674
13513,1,1.436026,0.153,4.273,0.656
13514,1,1.436132,0.13,4.74,0.711
13515,1,1.436238,0.135,4.652,0.699
13516,1,1.436344,0.158,4.11,0.643
13517,1,1.436451,0.126,4.867,0.722
13518,1,1.436557,0.159,4.143,0.64
13519,1,1.436663,0.155,4.26,0.647
13520,1,1.436769,0.141,4.546,0.682
13521,1,1.436876,0.138,4.527,0.689
13522,1,1.436982,0.136,4.616,0.69
13523,1,1.437088,0.144,4.477,0.68
13524,1,1.437194,0.138,4.632,0.692
13525,1,1.437301,0.145,4.379,0.671
13526,1,1.437407,0.16,4.086,0.643
13527,1,1.437513,0.138,4.608,0.692
13528,1,1.437620,0.155,4.176,0.655
13529,1,1.437726,0.153,4.18,0.651
13530,1,1.437832,0.168,3.887,0.617
13531,1,1.437938,0.149,4.309,0.667
13532,1,1.438045,0.141,4.459,0.681
13533,1,1.438151,0.143,4.418,0.674
13534,1,1.438257,0.164,4.036,0.63
13535,1,1.438363,0.141,4.502,0.687
13536,1,1.438470,0.132,4.762,0.705
13537,1,1.438576,0.15,4.372,0.661
13538,1,1.438682,0.142,4.481,0.676
13539,1,1.438789,0.158,4.161,0.639
13540,1,1.438895,0.131,4.706,0.704
13541,1,1.439001,0.16,4.102,0.635
13542,1,1.439107,0.131,4.73,0.707
13543,1,1.439214,0.155,4.153,0.649
13544,1,1.439320,0.151,4.242,0.659
13545,1,1.439426,0.135,4.706,0.695
13546,1,1.439532,0.153,4.255,0.659
13547,1,1.439639,0.136,4.646,0.69
13548,1,1.439745,0.148,4.303,0.667
13549,1,1.439851,0.116,5.106,0.743
13550,1,1.439957,0.136,4.615,0.692
13551,1,1.440064,0.18,4.486,0.69
13552,1,1.440170,0.14,4.546,0.686
13553,1,1.440276,0.147,4.297,0.67
13554,1,1.440383,0.159,4.107,0.64
13555,1,1.440489,0.154,4.2,0.651
13556,1,1.440595,0.144,4.37,0.678
13557,1,1.440701,0.137,4.571,0.691
13558,1,1.440808,0.15,4.409,0.665
13559,1,1.440914,0.142,4.488,0.683
13560,1,1.441020,0.134,4.673,0.701
13561,1,1.441126,0.157,4.145,0.646
13562,1,1.441233,0.153,4.277,0.66
13563,1,1.441339,0.146,4.383,0.668
13564,1,1.441445,0.137,4.603,0.692
13565,1,1.441552,0.136,4.624,0.695
13566,1,1.441658,0.153,4.167,0.653
13567,1,1.441764,0.156,4.184,0.649
13568,1,1.441870,0.126,4.879,0.719
13569,1,1.441977,0.145,4.441,0.67
13570,1,1.442083,0.141,4.536,0.686
13571,1,1.442189,0.137,4.568,0.695
13572,1,1.442295,0.142,4.53,0.684
13573,1,1.442402,0.153,4.233,0.65
13574,1,1.442508,0.139,4.56,0.682
13575,1,1.442614,0.132,4.668,0.71
13576,1,1.442721,0.153,4.257,0.652
13577,1,1.442827,0.142,4.508,0.679
13578,1,1.442933,0.131,4.76,0.705
13579,1,1.443039,0.137,4.55,0.688
13580,1,1.443146,0.147,4.367,0.674
13581,1,1.443252,0.14,4.489,0.688
13582,1,1.443358,0.129,4.792,0.71
13583,1,1.443464,0.115,5.103,0.744
13584,1,1.443571,0.132,4.653,0.703
13585,1,1.443677,0.144,4.385,0.676
13586,1,1.443783,0.135,4.585,0.701
13587,1,1.443889,0.152,4.254,0.65
13588,1,1.443996,0.143,4.49,0.678
13589,1,1.444102,0.147,4.324,0.665
13590,1,1.444208,0.133,4.681,0.7
13591,1,1.444315,0.116,5.08,0.745
13592,1,1.444421,0.141,4.546,0.684
13593,1,1.444527,0.166,3.954,0.617
13594,1,1.444633,0.15,4.303,0.657
13595,1,1.444740,0.144,4.368,0.67
13596,1,1.444846,0.133,4.644,0.703
13597,1,1.444952,0.13,4.816,0.714
13598,1,1.445058,0.098,5.511,0.787
13599,1,1.445165,0.152,4.239,0.657
13600,1,1.445271,0.153,4.271,0.658
13601,1,1.445377,0.14,4.6,0.687
13602,1,1.445484,0.155,4.172,0.643
13603,1,1.445590,0.137,4.604,0.703
13604,1,1.445696,0.114,5.082,0.746
13605,1,1.445802,0.153,4.254,0.655
13606,1,1.445909,0.145,4.396,0.673
13607,1,1.446015,0.148,4.371,0.668
13608,1,1.446121,0.159,4.095,0.635
13609,1,1.446227,0.158,4.085,0.639
13610,1,1.446334,0.149,4.363,0.665
13611,1,1.446440,0.127,4.781,0.718
13612,1,1.446546,0.123,4.904,0.731
13613,1,1.446652,0.142,4.509,0.675
13614,1,1.446759,0.137,4.605,0.69
13615,1,1.446865,0.151,4.292,0.657
13616,1,1.446971,0.144,4.476,0.678
13617,1,1.447078,0.124,4.979,0.726
13618,1,1.447184,0.14,4.572,0.686
13619,1,1.447290,0.139,4.55,0.69
13620,1,1.447396,0.154,4.216,0.648
13621,1,1.447503,0.142,4.503,0.682
13622,1,1.447609,0.149,4.343,0.663
13623,1,1.447715,0.143,4.446,0.673
13624,1,1.447821,0.29,4.287,0.634
13625,1,1.447928,0.145,4.387,0.671
13626,1,1.448034,0.136,4.606,0.702
13627,1,1.448140,0.147,4.343,0.669
13628,1,1.448247,0.14,4.501,0.688
13629,1,1.448353,0.165,4.015,0.628
13630,1,1.448459,0.153,4.249,0.651
13631,1,1.448565,0.161,4.02,0.624
13632,1,1.448672,0.135,4.633,0.696
13633,1,1.448778,0.116,5.048,0.741
13634,1,1.448884,0.129,4.788,0.714
13635,1,1.448990,0.151,4.294,0.664
13636,1,1.449097,0.15,4.292,0.658
13637,1,1.449203,0.146,4.401,0.668
13638,1,1.449309,0.161,4.05,0.632
13639,1,1.449416,0.139,4.537,0.688
13640,1,1.449522,0.14,4.579,0.683
13641,1,1.449628,0.14,4.519,0.687
13642,1,1.449734,0.158,4.13,0.64
13643,1,1.449841,0.127,4.831,0.718
13644,1,1.449947,0.13,4.743,0.712
13645,1,1.450053,0.163,4.082,0.63
13646,1,1.450159,0.155,4.157,0.644
13647,1,1.450266,0.16,4.109,0.635
13648,1,1.450372,0.139,4.526,0.687
13649,1,1.450478,0.137,4.598,0.696
13650,1,1.450584,0.159,4.134,0.638
13651,1,1.450691,0.143,4.473,0.677
13652,1,1.450797,0.153,4.248,0.662
13653,1,1.450903,0.153,4.248,0.651
13654,1,1.451010,0.145,4.404,0.672
13655,1,1.451116,0.136,4.687,0.695
13656,1,1.451222,0.132,4.715,0.703
13657,1,1.451328,0.142,4.472,0.679
13658,1,1.451435,0.163,3.995,0.627
13659,1,1.451541,0.14,4.588,0.686
13660,1,1.451647,0.158,4.095,0.643
13661,1,1.451753,0.16,4.113,0.641
13662,1,1.451860,0.163,4.041,0.627
13663,1,1.451966,0.145,4.445,0.675
13664,1,1.452072,0.15,4.287,0.665
13665,1,1.452179,0.131,4.671,0.706
13666,1,1.452285,0.154,4.24,0.65
13667,1,1.452391,0.138,4.577,0.693
13668,1,1.452497,0.159,4.116,0.64
13669,1,1.452604,0.141,4.504,0.682
13670,1,1.452710,0.135,4.676,0.698
13671,1,1.452816,0.144,4.465,0.679
13672,1,1.452922,0.132,4.68,0.705
13673,1,1.453029,0.122,4.99,0.722
13674,1,1.453135,0.158,4.153,0.641
13675,1,1.453241,0.14,4.527,0.681
13676,1,1.453348,0.156,4.134,0.643
13677,1,1.453454,0.144,4.48,0.673
13678,1,1.453560,0.143,4.483,0.679
13679,1,1.453666,0.154,4.181,0.652
13680,1,1.453773,0.165,4.008,0.628
13681,1,1.453879,0.162,4.063,0.637
13682,1,1.453985,0.139,4.575,0.692
13683,1,1.454091,0.149,4.267,0.669
13684,1,1.454198,0.15,4.428,0.688
13685,1,1.454304,0.142,4.549,0.678
13686,1,1.454410,0.139,4.582,0.684
13687,1,1.454516,0.153,4.212,0.652
13688,1,1.454623,0.139,4.534,0.69
13689,1,1.454729,0.15,4.378,0.661
13690,1,1.454835,0.159,4.191,0.639
13691,1,1.454942,0.142,4.473,0.681
13692,1,1.455048,0.141,4.499,0.679
13693,1,1.455154,0.159,4.145,0.644
13694,1,1.455260,0.145,4.418,0.677
13695,1,1.455367,0.142,4.51,0.683
13696,1,1.455473,0.145,4.42,0.676
13698,1,1.455685,0.145,4.414,0.675
13699,1,1.455792,0.162,4.046,0.633
13700,1,1.455898,0.125,4.875,0.72
13701,1,1.456004,0.123,4.94,0.726
13702,1,1.456111,0.153,4.252,0.651
13703,1,1.456217,0.12,5.076,0.734
13704,1,1.456323,0.158,4.087,0.647
13705,1,1.456429,0.163,3.984,0.63
13706,1,1.456536,0.137,4.55,0.695
13707,1,1.456642,0.166,3.953,0.62
13708,1,1.456748,0.145,4.428,0.669
13709,1,1.456854,0.151,4.305,0.662
13710,1,1.456961,0.158,4.153,0.642
13711,1,1.457067,0.154,4.21,0.652
13712,1,1.457173,0.146,4.424,0.668
13713,1,1.457279,0.145,4.385,0.672
13714,1,1.457386,0.137,4.598,0.696
13715,1,1.457492,0.148,4.331,0.664
13716,1,1.457598,0.14,4.565,0.69
13717,1,1.457705,0.148,4.334,0.67
13718,1,1.457811,0.154,4.188,0.654
13719,1,1.457917,0.152,4.338,0.657
13720,1,1.458023,0.153,4.23,0.649
13721,1,1.458130,0.142,4.459,0.682
13722,1,1.458236,0.141,4.465,0.689
13723,1,1.458342,0.145,4.427,0.672
13724,1,1.458448,0.152,4.315,0.657
13725,1,1.458555,0.148,4.372,0.663
13726,1,1.458661,0.142,4.542,0.68
13727,1,1.458767,0.152,4.299,0.659
13728,1,1.458874,0.165,3.943,0.615
13729,1,1.458980,0.153,4.245,0.65
13730,1,1.459086,0.142,4.498,0.683
13731,1,1.459192,0.151,4.291,0.658
13732,1,1.459299,0.149,4.273,0.669
13733,1,1.459405,0.143,4.479,0.679
13734,1,1.459511,0.142,4.5,0.68
13735,1,1.459617,0.132,4.784,0.712
13736,1,1.459724,0.141,4.509,0.676
13737,1,1.459830,0.122,4.897,0.727
13738,1,1.459936,0.143,4.373,0.676
13739,1,1.460043,0.157,4.196,0.643
13740,1,1.460149,0.151,4.317,0.658
13741,1,1.460255,0.137,4.581,0.692
13742,1,1.460361,0.136,4.633,0.699
13743,1,1.460468,0.139,4.55,0.689
13744,1,1.460574,0.142,4.493,0.676
13745,1,1.460680,0.162,4.06,0.629
13746,1,1.460786,0.14,4.498,0.686
13747,1,1.460893,0.15,4.285,0.661
13748,1,1.460999,0.16,4.149,0.639
13749,1,1.461105,0.159,4.096,0.638
13750,1,1.461211,0.169,3.823,0.612
13751,1,1.461318,0.121,4.94,0.728
13752,1,1.461424,0.134,4.656,0.699
13753,1,1.461530,0.16,4.064,0.632
13754,1,1.461637,0.137,4.606,0.693
13755,1,1.461743,0.129,4.838,0.71
13756,1,1.461849,0.147,4.392,0.67
13757,1,1.461955,0.142,4.427,0.682
13758,1,1.462062,0.131,4.753,0.709
13759,1,1.462168,0.138,4.608,0.693
13760,1,1.462274,0.154,4.228,0.649
13761,1,1.462380,0.153,4.218,0.656
13762,1,1.462487,0.127,4.845,0.722
13763,1,1.462593,0.131,4.734,0.709
13764,1,1.462699,0.143,4.424,0.674
13765,1,1.462806,0.141,4.497,0.685
13766,1,1.462912,0.147,4.371,0.665
13767,1,1.463018,0.133,4.68,0.702
13768,1,1.463124,0.151,4.309,0.656
13769,1,1.463231,0.135,4.59,0.701
13770,1,1.463337,0.135,4.612,0.698
13771,1,1.463443,0.176,3.697,0.596
13772,1,1.463549,0.153,4.275,0.654
13773,1,1.463656,0.148,4.382,0.667
13774,1,1.463762,0.138,4.596,0.689
13775,1,1.463868,0.134,4.666,0.7
13776,1,1.463974,0.142,4.481,0.675
13777,1,1.464081,0.14,4.555,0.689
13778,1,1.464187,0.162,4.038,0.631
13779,1,1.464293,0.153,4.285,0.652
13780,1,1.464400,0.134,4.653,0.704
13781,1,1.464506,0.11,5.203,0.759
13782,1,1.464612,0.145,4.428,0.679
13783,1,1.464718,0.136,4.614,0.694
13784,1,1.464825,0.133,4.688,0.707
13785,1,1.464931,0.134,4.63,0.697
13786,1,1.465037,0.142,4.519,0.686
13787,1,1.465143,0.157,4.153,0.639
13788,1,1.465250,0.156,4.165,0.639
13789,1,1.465356,0.158,4.076,0.643
13790,1,1.465462,0.137,4.582,0.689
13791,1,1.465569,0.153,4.24,0.655
13792,1,1.465675,0.147,4.394,0.672
13793,1,1.465781,0.142,4.502,0.678
13794,1,1.465887,0.153,4.251,0.654
13795,1,1.465994,0.149,4.286,0.661
13796,1,1.466100,0.145,4.434,0.672
13797,1,1.466206,0.148,4.391,0.664
13798,1,1.466312,0.158,4.105,0.639
13799,1,1.466419,0.133,4.689,0.703
13800,1,1.466525,0.174,3.766,0.599
13801,1,1.466631,0.12,4.899,0.733
13802,1,1.466738,0.141,4.538,0.684
13803,1,1.466844,0.131,4.752,0.708
13804,1,1.466950,0.164,3.971,0.635
13805,1,1.467056,0.144,4.434,0.677
13806,1,1.467163,0.157,4.133,0.641
13807,1,1.467269,0.137,4.526,0.692
13808,1,1.467375,0.145,4.386,0.672
13809,1,1.467481,0.152,4.229,0.655
13810,1,1.467588,0.151,4.318,0.659
13811,1,1.467694,0.138,4.624,0.687
13812,1,1.467800,0.14,4.498,0.688
13813,1,1.467906,0.15,4.307,0.661
13814,1,1.468013,0.141,4.517,0.683
13815,1,1.468119,0.147,4.31,0.668
13816,1,1.468225,0.146,4.412,0.674
13817,1,1.468332,0.151,4.265,0.662
13818,1,1.468438,0.147,4.328,0.67
13819,1,1.468544,0.142,4.453,0.684
13820,1,1.468650,0.147,4.4,0.67
13821,1,1.468757,0.153,4.239,0.656
13822,1,1.468863,0.142,4.447,0.68
13823,1,1.468969,0.143,4.396,0.678
13824,1,1.469075,0.143,4.478,0.674
13825,1,1.469182,0.158,4.088,0.642
13826,1,1.469288,0.161,4.102,0.637
13827,1,1.469394,0.139,4.529,0.686
13828,1,1.469501,0.125,4.885,0.717
13829,1,1.469607,0.156,4.164,0.644
13830,1,1.469713,0.135,4.654,0.694
13831,1,1.469819,0.157,4.128,0.64
13832,1,1.469926,0.139,4.592,0.69
13833,1,1.470032,0.129,4.725,0.71
13834,1,1.470138,0.139,4.55,0.683
13835,1,1.470244,0.118,5.033,0.742
13836,1,1.470351,0.151,4.304,0.657
13837,1,1.470457,0.14,4.436,0.683
13838,1,1.470563,0.142,4.584,0.681
13839,1,1.470670,0.132,4.682,0.706
13840,1,1.470776,0.138,4.57,0.692
13841,1,1.470882,0.131,4.692,0.706
13842,1,1.470988,0.131,4.743,0.705
13843,1,1.471095,0.15,4.336,0.662
13844,1,1.471201,0.153,4.235,0.648
13845,1,1.471307,0.157,4.187,0.647
13846,1,1.471413,0.13,4.732,0.709
13847,1,1.471520,0.154,4.196,0.653
13848,1,1.471626,0.145,4.432,0.672
13849,1,1.471732,0.175,3.75,0.597
13850,1,1.471838,0.144,4.369,0.677
13851,1,1.471945,0.154,4.23,0.662
13852,1,1.472051,0.12,5.017,0.727
13853,1,1.472157,0.135,4.57,0.699
13854,1,1.472264,0.137,4.61,0.695
13855,1,1.472370,0.133,4.666,0.7
13856,1,1.472476,0.145,4.432,0.673
13857,1,1.472582,0.15,4.437,0.686
13858,1,1.472689,0.153,4.204,0.654
13859,1,1.472795,0.135,4.605,0.694
13860,1,1.472901,0.151,4.254,0.663
13861,1,1.473007,0.15,4.293,0.662
13862,1,1.473114,0.142,4.519,0.68
13863,1,1.473220,0.131,4.766,0.71
13864,1,1.473326,0.14,4.539,0.686
13865,1,1.473433,0.14,4.526,0.685
13866,1,1.473539,0.139,4.58,0.692
13867,1,1.473645,0.147,4.381,0.674
13868,1,1.473751,0.153,4.197,0.656
13869,1,1.473858,0.142,4.536,0.683
13870,1,1.473964,0.15,4.356,0.66
13871,1,1.474070,0.132,4.755,0.707
13872,1,1.474176,0.127,4.871,0.716
13873,1,1.474283,0.149,4.346,0.655
13874,1,1.474389,0.137,4.658,0.695
13875,1,1.474495,0.153,4.154,0.65
13876,1,1.474601,0.149,4.328,0.661
13877,1,1.474708,0.148,4.329,0.666
13878,1,1.474814,0.162,4.008,0.633
13879,1,1.474920,0.13,4.757,0.708
13880,1,1.475027,0.138,4.634,0.688
13881,1,1.475133,0.145,4.34,0.665
13882,1,1.475239,0.163,4.037,0.634
13883,1,1.475345,0.129,4.767,0.716
13884,1,1.475452,0.142,4.571,0.681
13885,1,1.475558,0.152,4.297,0.648
13886,1,1.475664,0.142,4.428,0.684
13887,1,1.475770,0.137,4.59,0.691
13888,1,1.475877,0.149,4.374,0.661
13889,1,1.475983,0.124,4.876,0.729
13890,1,1.476089,0.141,4.528,0.682
13891,1,1.476196,0.145,4.444,0.672
13892,1,1.476302,0.145,4.437,0.674
13893,1,1.476408,0.125,4.841,0.72
13894,1,1.476514,0.133,4.694,0.698
13895,1,1.476621,0.155,4.184,0.651
13896,1,1.476727,0.145,4.386,0.675
13897,1,1.476833,0.123,4.882,0.727
13898,1,1.476939,0.146,4.379,0.666
13899,1,1.477046,0.135,4.672,0.699
13900,1,1.477152,0.143,4.457,0.674
13901,1,1.477258,0.122,4.887,0.725
13902,1,1.477365,0.133,4.655,0.704
13903,1,1.477471,0.141,4.463,0.686
13904,1,1.477577,0.131,4.733,0.708
13905,1,1.477683,0.128,4.87,0.711
13906,1,1.477790,0.148,4.36,0.669
13907,1,1.477896,0.13,4.785,0.71
13908,1,1.478002,0.14,4.568,0.684
13909,1,1.478108,0.159,4.073,0.638
13910,1,1.478215,0.152,4.256,0.655
13911,1,1.478321,0.13,4.728,0.708
13912,1,1.478427,0.152,4.254,0.655
13913,1,1.478533,0.161,4.095,0.631
13914,1,1.478640,0.151,4.277,0.659
13915,1,1.478746,0.142,4.412,0.679
13916,1,1.478852,0.135,4.642,0.7
13917,1,1.478959,0.131,4.691,0.705
13918,1,1.479065,0.128,4.804,0.715
13919,1,1.479171,0.128,4.825,0.721
13920,1,1.479277,0.142,4.455,0.676
13921,1,1.479384,0.152,4.215,0.655
13922,1,1.479490,0.131,4.745,0.71
13923,1,1.479596,0.151,4.341,0.663
13924,1,1.479702,0.151,4.279,0.659
13925,1,1.479809,0.122,4.895,0.731
13926,1,1.479915,0.143,4.486,0.674
13927,1,1.480021,0.145,4.36,0.672
13928,1,1.480128,0.127,4.847,0.718
13929,1,1.480234,0.15,4.292,0.66
13930,1,1.480340,0.133,4.706,0.701
13931,1,1.480446,0.142,4.548,0.676
13932,1,1.480553,0.137,4.635,0.691
13933,1,1.480659,0.145,4.397,0.674
13934,1,1.480765,0.131,4.77,0.704
13935,1,1.480871,0.149,4.318,0.659
13936,1,1.480978,0.154,4.154,0.642
13937,1,1.481084,0.144,4.429,0.676
13938,1,1.481190,0.146,4.367,0.672
13939,1,1.481296,0.142,4.458,0.679
13940,1,1.481403,0.142,4.471,0.685
13941,1,1.481509,0.147,4.349,0.669
13942,1,1.481615,0.165,3.976,0.627
13943,1,1.481722,0.14,4.539,0.687
13944,1,1.481828,0.137,4.537,0.693
13945,1,1.481934,0.146,4.367,0.669
13946,1,1.482040,0.146,4.332,0.665
13947,1,1.482147,0.144,4.433,0.669
13948,1,1.482253,0.128,4.782,0.71
13949,1,1.482359,0.147,4.315,0.667
13950,1,1.482465,0.136,4.653,0.699
13951,1,1.482572,0.145,4.381,0.675
13952,1,1.482678,0.144,4.442,0.669
13953,1,1.482784,0.124,4.895,0.72
13954,1,1.482891,0.171,3.876,0.61
13955,1,1.482997,0.138,4.619,0.688
13956,1,1.483103,0.156,4.147,0.642
13957,1,1.483209,0.146,4.408,0.671
13958,1,1.483316,0.162,3.991,0.63
13959,1,1.483422,0.146,4.292,0.66
13960,1,1.483528,0.15,4.318,0.659
13961,1,1.483634,0.136,4.626,0.695
13962,1,1.483741,0.157,4.151,0.641
13963,1,1.483847,0.142,4.459,0.678
13964,1,1.483953,0.165,3.941,0.621
13965,1,1.484060,0.142,4.465,0.674
13966,1,1.484166,0.158,4.144,0.635
13967,1,1.484272,0.142,4.452,0.678
13968,1,1.484378,0.145,4.392,0.677
13969,1,1.484485,0.123,4.895,0.727
13970,1,1.484591,0.139,4.546,0.686
13971,1,1.484697,0.145,4.43,0.667
13972,1,1.484803,0.125,4.843,0.713
13973,1,1.484910,0.142,4.501,0.675
13974,1,1.485016,0.143,4.46,0.674
13975,1,1.485122,0.153,4.194,0.656
13976,1,1.485228,0.142,4.539,0.682
13977,1,1.485335,0.132,4.75,0.702
13978,1,1.485441,0.124,4.854,0.72
13979,1,1.485547,0.157,4.134,0.642
13980,1,1.485654,0.15,4.328,0.664
13981,1,1.485760,0.145,4.44,0.672
13982,1,1.485866,0.137,4.604,0.694
13983,1,1.485972,0.15,4.3,0.663
13984,1,1.486079,0.155,4.146,0.643
13985,1,1.486185,0.119,5.037,0.741
13986,1,1.486291,0.174,3.978,0.638
13987,1,1.486397,0.146,4.399,0.667
13988,1,1.486504,0.142,4.508,0.678
13989,1,1.486610,0.143,4.427,0.684
13990,1,1.486716,0.144,4.514,0.677
13991,1,1.486823,0.164,4.001,0.624
13992,1,1.486929,0.154,4.172,0.65
13993,1,1.487035,0.125,4.907,0.722
13994,1,1.487141,0.144,4.444,0.67
13995,1,1.487248,0.138,4.594,0.692
13996,1,1.487354,0.153,4.38,0.669
13997,1,1.487460,0.152,4.297,0.66
13998,1,1.487566,0.157,4.14,0.644
13999,1,1.487673,0.128,4.785,0.712
14000,1,1.487779,0.133,4.715,0.699
14001,1,1.487885,0.143,4.535,0.68
14002,1,1.487991,0.14,4.525,0.684
14003,1,1.488098,0.168,3.892,0.616
14004,1,1.488204,0.143,4.492,0.677
14005,1,1.488310,0.141,4.471,0.68
14006,1,1.488417,0.148,4.351,0.67
14007,1,1.488523,0.138,4.628,0.692
14008,1,1.488629,0.165,4.014,0.624
14009,1,1.488735,0.165,4.0,0.618
14010,1,1.488842,0.133,4.694,0.708
14011,1,1.488948,0.129,4.77,0.716
14012,1,1.489054,0.135,4.645,0.696
14013,1,1.489160,0.162,4.068,0.637
14014,1,1.489267,0.146,4.336,0.676
14015,1,1.489373,0.147,4.37,0.667
14016,1,1.489479,0.119,5.032,0.738
14017,1,1.489586,0.151,4.266,0.66
14018,1,1.489692,0.154,4.222,0.652
14019,1,1.489798,0.14,4.515,0.687
14020,1,1.489904,0.142,4.485,0.677
14021,1,1.490011,0.123,4.87,0.726
14022,1,1.490117,0.145,4.402,0.673
14023,1,1.490223,0.15,4.346,0.657
14024,1,1.490329,0.151,4.263,0.657
14025,1,1.490436,0.142,4.454,0.681
14026,1,1.490542,0.138,4.555,0.693
14027,1,1.490648,0.164,3.997,0.626
14028,1,1.490755,0.146,4.376,0.672
14029,1,1.490861,0.134,4.632,0.699
14030,1,1.490967,0.133,4.652,0.698
14031,1,1.491073,0.131,4.753,0.706
14032,1,1.491180,0.137,4.557,0.692
14033,1,1.491286,0.129,4.77,0.716
14034,1,1.491392,0.133,4.697,0.7
14035,1,1.491498,0.135,4.609,0.697
14036,1,1.491605,0.144,4.44,0.676
14037,1,1.491711,0.123,4.923,0.726
14038,1,1.491817,0.142,4.485,0.674
14039,1,1.491923,0.148,4.348,0.668
14040,1,1.492030,0.145,4.408,0.672
14041,1,1.492136,0.151,4.303,0.66
14042,1,1.492242,0.148,4.357,0.672
14043,1,1.492349,0.14,4.533,0.683
14044,1,1.492455,0.165,3.96,0.621
14045,1,1.492561,0.144,4.433,0.676
14046,1,1.492667,0.162,4.066,0.628
14047,1,1.492774,0.124,4.869,0.725
14048,1,1.492880,0.131,4.69,0.71
14049,1,1.492986,0.146,4.323,0.672
14050,1,1.493092,0.153,4.19,0.658
14051,1,1.493199,0.139,4.571,0.688
14052,1,1.493305,0.141,4.518,0.685
14053,1,1.493411,0.134,4.691,0.697
14054,1,1.493518,0.131,4.732,0.71
14055,1,1.493624,0.126,4.782,0.716
14056,1,1.493730,0.12,5.02,0.733
14057,1,1.493836,0.123,4.916,0.725
14058,1,1.493943,0.152,4.164,0.654
14059,1,1.494049,0.153,4.295,0.656
14060,1,1.494155,0.136,4.56,0.692
14061,1,1.494261,0.123,4.967,0.724
14062,1,1.494368,0.123,4.854,0.717
14063,1,1.494474,0.128,4.817,0.713
14064,1,1.494580,0.147,4.37,0.669
14065,1,1.494687,0.153,4.215,0.656
14066,1,1.494793,0.133,4.683,0.699
14067,1,1.494899,0.13,4.767,0.711
14068,1,1.495005,0.146,4.386,0.671
14069,1,1.495112,0.122,4.95,0.729
14070,1,1.495218,0.153,4.199,0.646
14071,1,1.495324,0.143,4.447,0.675
14072,1,1.495430,0.165,4.017,0.623
14073,1,1.495537,0.142,4.452,0.675
14074,1,1.495643,0.143,4.454,0.678
14075,1,1.495749,0.164,3.925,0.629
14076,1,1.495855,0.127,4.76,0.717
14077,1,1.495962,0.143,4.462,0.675
14078,1,1.496068,0.145,4.397,0.668
14079,1,1.496174,0.147,4.345,0.672
14080,1,1.496281,0.139,4.571,0.685
14081,1,1.496387,0.148,4.361,0.668
14082,1,1.496493,0.139,4.622,0.686
14083,1,1.496599,0.16,4.053,0.636
14084,1,1.496706,0.132,4.669,0.706
14085,1,1.496812,0.151,4.273,0.659
14086,1,1.496918,0.143,4.43,0.675
14087,1,1.497024,0.147,4.433,0.667
14088,1,1.497131,0.137,4.593,0.694
14089,1,1.497237,0.119,5.012,0.738
14090,1,1.497343,0.133,4.649,0.702
14091,1,1.497450,0.145,4.388,0.67
14092,1,1.497556,0.167,3.912,0.618
14093,1,1.497662,0.128,4.756,0.715
14094,1,1.497768,0.149,4.319,0.667
14095,1,1.497875,0.125,4.854,0.732
14096,1,1.497981,0.13,4.763,0.712
14097,1,1.498087,0.15,4.298,0.662
14098,1,1.498193,0.15,4.254,0.663
14099,1,1.498300,0.136,4.57,0.692
14100,1,1.498406,0.135,4.598,0.698
14101,1,1.498512,0.142,4.483,0.673
14102,1,1.498618,0.143,4.528,0.68
14103,1,1.498725,0.136,4.596,0.693
14104,1,1.498831,0.134,4.704,0.703
14105,1,1.498937,0.13,4.731,0.712
14106,1,1.499044,0.117,4.987,0.741
14107,1,1.499150,0.131,4.688,0.706
14108,1,1.499256,0.139,4.54,0.688
14109,1,1.499362,0.147,4.353,0.662
14110,1,1.499469,0.142,4.467,0.675
14111,1,1.499575,0.14,4.5,0.683
14112,1,1.499681,0.147,4.364,0.669
14113,1,1.499787,0.122,4.966,0.726
14114,1,1.499894,0.142,4.507,0.682
14115,1,1.500000,0.147,4.334,0.668
14116,1,1.500106,0.155,4.163,0.646
14117,1,1.500213,0.153,4.219,0.653
14118,1,1.500319,0.147,4.389,0.666
14119,1,1.500425,0.143,4.386,0.679
14120,1,1.500531,0.158,4.127,0.644
14121,1,1.500638,0.141,4.549,0.681
14122,1,1.500744,0.134,4.626,0.696
14123,1,1.500850,0.14,4.671,0.713
14124,1,1.500956,0.165,3.883,0.625
14125,1,1.501063,0.142,4.433,0.679
14126,1,1.501169,0.147,4.361,0.67
14127,1,1.501275,0.154,4.219,0.647
14128,1,1.501382,0.142,4.438,0.68
14129,1,1.501488,0.159,4.06,0.635
14130,1,1.501594,0.134,4.66,0.704
14131,1,1.501700,0.151,4.235,0.656
14132,1,1.501807,0.104,5.36,0.773
14133,1,1.501913,0.149,4.307,0.66
14134,1,1.502019,0.158,4.142,0.642
14135,1,1.502125,0.133,4.664,0.7
14136,1,1.502232,0.153,4.264,0.655
14137,1,1.502338,0.153,4.142,0.657
14138,1,1.502444,0.145,4.441,0.675
14139,1,1.502550,0.154,4.208,0.653
14140,1,1.502657,0.136,4.612,0.693
14141,1,1.502763,0.145,4.425,0.672
14142,1,1.502869,0.124,4.836,0.724
14143,1,1.502976,0.123,4.884,0.725
14144,1,1.503082,0.136,4.631,0.699
14145,1,1.503188,0.144,4.42,0.673
14146,1,1.503294,0.125,4.877,0.725
14147,1,1.503401,0.131,4.764,0.708
14148,1,1.503507,0.131,4.667,0.707
14149,1,1.503613,0.155,4.178,0.646
14150,1,1.503719,0.127,4.821,0.721
14151,1,1.503826,0.147,4.303,0.666
14152,1,1.503932,0.152,4.268,0.662
14153,1,1.504038,0.143,4.479,0.674
14154,1,1.504145,0.143,4.432,0.678
14155,1,1.504251,0.142,4.561,0.682
14156,1,1.504357,0.165,3.949,0.619
14157,1,1.504463,0.164,4.038,0.628
14158,1,1.504570,0.126,4.813,0.715
14159,1,1.504676,0.133,4.666,0.703
14160,1,1.504782,0.147,4.317,0.667
14161,1,1.504888,0.173,3.742,0.602
14162,1,1.504995,0.127,4.81,0.717
14163,1,1.505101,0.131,4.731,0.707
14164,1,1.505207,0.157,4.158,0.638
14165,1,1.505313,0.148,4.295,0.668
14166,1,1.505420,0.142,4.451,0.675
14167,1,1.505526,0.131,4.731,0.706
14168,1,1.505632,0.156,4.103,0.65
14169,1,1.505739,0.149,4.282,0.664
14170,1,1.505845,0.128,4.711,0.711
14171,1,1.505951,0.129,4.827,0.711
14172,1,1.506057,0.13,4.754,0.711
14173,1,1.506164,0.133,4.628,0.701
14174,1,1.506270,0.129,4.794,0.711
14175,1,1.506376,0.151,4.3,0.657
14176,1,1.506482,0.12,4.956,0.733
14177,1,1.506589,0.131,4.71,0.705
14178,1,1.506695,0.133,4.649,0.708
14179,1,1.506801,0.163,3.992,0.625
14180,1,1.506908,0.142,4.491,0.681
14181,1,1.507014,0.137,4.588,0.691
14182,1,1.507120,0.119,4.977,0.737
14183,1,1.507226,0.142,4.512,0.685
14184,1,1.507333,0.133,4.728,0.705
14185,1,1.507439,0.139,4.578,0.69
14186,1,1.507545,0.131,4.756,0.707
14187,1,1.507651,0.139,4.549,0.689
14188,1,1.507758,0.153,4.226,0.653
14189,1,1.507864,0.156,4.193,0.642
14190,1,1.507970,0.151,4.298,0.663
14191,1,1.508077,0.151,4.309,0.658
14192,1,1.508183,0.125,4.82,0.723
14193,1,1.508289,0.121,4.908,0.727
14194,1,1.508395,0.15,4.274,0.659
14195,1,1.508502,0.153,4.239,0.648
14196,1,1.508608,0.144,4.431,0.675
14197,1,1.508714,0.142,4.442,0.68
14198,1,1.508820,0.137,4.58,0.69
14199,1,1.508927,0.162,4.03,0.625
14200,1,1.509033,0.128,4.818,0.71
14201,1,1.509139,0.141,4.488,0.684
14202,1,1.509245,0.157,4.158,0.645
14203,1,1.509352,0.158,4.122,0.64
14204,1,1.509458,0.139,4.608,0.686
14205,1,1.509564,0.162,4.124,0.63
14206,1,1.509671,0.128,4.784,0.716
14207,1,1.509777,0.15,4.273,0.658
14208,1,1.509883,0.131,4.717,0.709
14209,1,1.509989,0.16,4.085,0.635
14210,1,1.510096,0.132,4.72,0.706
14211,1,1.510202,0.131,4.754,0.706
14212,1,1.510308,0.143,4.413,0.672
14213,1,1.510414,0.157,4.145,0.641
14214,1,1.510521,0.149,4.407,0.664
14215,1,1.510627,0.154,4.172,0.653
14216,1,1.510733,0.132,4.736,0.705
14217,1,1.510840,0.143,4.447,0.677
14218,1,1.510946,0.134,4.592,0.7
14219,1,1.511052,0.129,4.737,0.706
14220,1,1.511158,0.142,4.447,0.678
14221,1,1.511265,0.145,4.411,0.671
14222,1,1.511371,0.137,4.622,0.69
14223,1,1.511477,0.138,4.535,0.686
14224,1,1.511583,0.135,4.65,0.696
14225,1,1.511690,0.131,4.762,0.706
14226,1,1.511796,0.153,4.222,0.658
14227,1,1.511902,0.137,4.537,0.687
14228,1,1.512009,0.134,4.667,0.7
14229,1,1.512115,0.151,4.377,0.664
14230,1,1.512221,0.155,4.169,0.646
14231,1,1.512327,0.154,4.154,0.646
14232,1,1.512434,0.138,4.564,0.69
14233,1,1.512540,0.149,4.316,0.659
14234,1,1.512646,0.137,4.669,0.692
14235,1,1.512752,0.151,4.264,0.66
14236,1,1.512859,0.142,4.464,0.678
14237,1,1.512965,0.144,4.397,0.674
14238,1,1.513071,0.13,4.787,0.711
14239,1,1.513177,0.132,4.689,0.696
14240,1,1.513284,0.14,4.474,0.684
14241,1,1.513390,0.143,4.395,0.674
14242,1,1.513496,0.126,4.836,0.721
14243,1,1.513603,0.143,4.473,0.681
14244,1,1.513709,0.14,4.574,0.69
14245,1,1.513815,0.144,4.426,0.672
14246,1,1.513921,0.145,4.431,0.671
14247,1,1.514028,0.147,4.376,0.671
14248,1,1.514134,0.124,4.887,0.72
14249,1,1.514240,0.139,4.519,0.689
14250,1,1.514346,0.139,4.525,0.686
14251,1,1.514453,0.115,5.118,0.749
14252,1,1.514559,0.153,4.198,0.654
14253,1,1.514665,0.146,4.399,0.671
14254,1,1.514772,0.136,4.624,0.693
14255,1,1.514878,0.126,4.862,0.719
14256,1,1.514984,0.14,4.487,0.689
14257,1,1.515090,0.133,4.684,0.702
14258,1,1.515197,0.132,4.627,0.701
14259,1,1.515303,0.149,4.279,0.661
14260,1,1.515409,0.137,4.584,0.691
14261,1,1.515515,0.142,4.513,0.68
14263,1,1.515728,0.119,5.032,0.74
14264,1,1.515834,0.152,4.272,0.659
14265,1,1.515940,0.138,4.558,0.692
14266,1,1.516047,0.146,4.402,0.667
14267,1,1.516153,0.156,4.177,0.657
14268,1,1.516259,0.157,4.103,0.639
14269,1,1.516366,0.142,4.463,0.678
14270,1,1.516472,0.133,4.673,0.697
14271,1,1.516578,0.14,4.489,0.684
14272,1,1.516684,0.127,4.842,0.713
14273,1,1.516791,0.15,4.293,0.66
14274,1,1.516897,0.147,4.482,0.687
14275,1,1.517003,0.132,4.733,0.706
14276,1,1.517109,0.148,4.406,0.671
14277,1,1.517216,0.139,4.538,0.69
14278,1,1.517322,0.134,4.589,0.701
14279,1,1.517428,0.136,4.609,0.693
14280,1,1.517535,0.128,4.815,0.711
14281,1,1.517641,0.157,4.174,0.637
14282,1,1.517747,0.139,4.605,0.688
14283,1,1.517853,0.132,4.692,0.706
14284,1,1.517960,0.15,4.299,0.655
14285,1,1.518066,0.14,4.507,0.688
14286,1,1.518172,0.134,4.635,0.702
14287,1,1.518278,0.155,4.231,0.651
14288,1,1.518385,0.135,4.677,0.694
14289,1,1.518491,0.159,4.115,0.639
14290,1,1.518597,0.151,4.3,0.657
14291,1,1.518704,0.133,4.651,0.698
14292,1,1.518810,0.142,4.464,0.678
14293,1,1.518916,0.158,4.126,0.645
14294,1,1.519022,0.147,4.335,0.67
14295,1,1.519129,0.157,4.167,0.643
14296,1,1.519235,0.147,4.415,0.672
14297,1,1.519341,0.138,4.586,0.692
14298,1,1.519447,0.162,4.042,0.635
14299,1,1.519554,0.111,5.184,0.755
14300,1,1.519660,0.133,4.695,0.703
14301,1,1.519766,0.172,3.851,0.601
14302,1,1.519872,0.124,4.892,0.721
14303,1,1.519979,0.13,4.757,0.712
14304,1,1.520085,0.161,4.051,0.63
14305,1,1.520191,0.119,5.024,0.732
14306,1,1.520298,0.154,4.159,0.647
14307,1,1.520404,0.147,4.357,0.67
14308,1,1.520510,0.146,4.433,0.669
14309,1,1.520616,0.159,4.059,0.639
14310,1,1.520723,0.148,4.345,0.665
14311,1,1.520829,0.162,3.995,0.633
14312,1,1.520935,0.143,4.358,0.678
14313,1,1.521041,0.147,4.331,0.667
14314,1,1.521148,0.139,4.491,0.684
14315,1,1.521254,0.152,4.273,0.658
14316,1,1.521360,0.146,4.391,0.673
14317,1,1.521467,0.143,4.455,0.676
14318,1,1.521573,0.132,4.683,0.703
14319,1,1.521679,0.151,4.311,0.661
14320,1,1.521785,0.133,4.688,0.7
14321,1,1.521892,0.165,3.983,0.624
14322,1,1.521998,0.141,4.52,0.688
14323,1,1.522104,0.135,4.69,0.698
14324,1,1.522210,0.118,5.05,0.741
14325,1,1.522317,0.145,4.347,0.67
14326,1,1.522423,0.15,4.303,0.662
14327,1,1.522529,0.136,4.56,0.691
14328,1,1.522635,0.156,4.171,0.645
14329,1,1.522742,0.147,4.31,0.659
14330,1,1.522848,0.153,4.232,0.652
14331,1,1.522954,0.14,4.502,0.688
14332,1,1.523061,0.168,3.891,0.615
14333,1,1.523167,0.131,4.708,0.708
14334,1,1.523273,0.144,4.365,0.671
14335,1,1.523379,0.153,4.224,0.655
14336,1,1.523486,0.153,4.216,0.648
14337,1,1.523592,0.158,4.096,0.64
14338,1,1.523698,0.142,4.404,0.68
14339,1,1.523804,0.158,4.135,0.638
14340,1,1.523911,0.152,4.26,0.654
14341,1,1.524017,0.137,4.629,0.685
14342,1,1.524123,0.123,4.948,0.72
14343,1,1.524230,0.147,4.375,0.665
14344,1,1.524336,0.108,5.262,0.767
14345,1,1.524442,0.162,4.009,0.63
14346,1,1.524548,0.152,4.246,0.655
14347,1,1.524655,0.119,5.044,0.732
14348,1,1.524761,0.152,4.196,0.649
14349,1,1.524867,0.151,4.305,0.659
14350,1,1.524973,0.142,4.5,0.683
14351,1,1.525080,0.132,4.638,0.701
14352,1,1.525186,0.147,4.355,0.669
14353,1,1.525292,0.141,4.41,0.681
14354,1,1.525399,0.161,4.124,0.635
14355,1,1.525505,0.166,3.909,0.619
14356,1,1.525611,0.128,4.762,0.715
14357,1,1.525717,0.163,4.054,0.628
14358,1,1.525824,0.131,4.739,0.712
14359,1,1.525930,0.124,4.911,0.725
14360,1,1.526036,0.124,4.863,0.721
14361,1,1.526142,0.114,5.108,0.746
14362,1,1.526249,0.141,4.553,0.681
14363,1,1.526355,0.137,4.549,0.694
14364,1,1.526461,0.135,4.616,0.696
14365,1,1.526567,0.131,4.745,0.706
14366,1,1.526674,0.15,4.429,0.655
14367,1,1.526780,0.153,4.319,0.655
14368,1,1.526886,0.151,4.286,0.658
14369,1,1.526993,0.137,4.65,0.696
14370,1,1.527099,0.142,4.474,0.684
14371,1,1.527205,0.137,4.595,0.693
14373,1,1.527418,0.147,4.368,0.669
14374,1,1.527524,0.149,4.331,0.659
14375,1,1.527630,0.123,4.86,0.723
14376,1,1.527736,0.158,4.108,0.645
14377,1,1.527843,0.132,4.707,0.702
14378,1,1.527949,0.141,4.481,0.683
14379,1,1.528055,0.132,4.7,0.709
14380,1,1.528162,0.164,4.046,0.624
14381,1,1.528268,0.135,4.604,0.698
14382,1,1.528374,0.138,4.559,0.69
14383,1,1.528480,0.144,4.438,0.671
14384,1,1.528587,0.14,4.497,0.686
14385,1,1.528693,0.151,4.263,0.659
14386,1,1.528799,0.138,4.587,0.689
14387,1,1.528905,0.144,4.455,0.672
14388,1,1.529012,0.112,5.217,0.752
14389,1,1.529118,0.15,4.238,0.66
14390,1,1.529224,0.143,4.453,0.671
14391,1,1.529330,0.153,4.206,0.651
14392,1,1.529437,0.154,4.229,0.65
14393,1,1.529543,0.131,4.694,0.702
14394,1,1.529649,0.136,4.632,0.694
14395,1,1.529756,0.141,4.551,0.683
14396,1,1.529862,0.151,4.306,0.663
14397,1,1.529968,0.134,4.569,0.701
14398,1,1.530074,0.126,4.793,0.718
14399,1,1.530181,0.119,5.032,0.742
14400,1,1.530287,0.154,4.169,0.648
14401,1,1.530393,0.147,4.41,0.665
14402,1,1.530499,0.146,4.404,0.662
14403,1,1.530606,0.144,4.473,0.669
14404,1,1.530712,0.129,4.728,0.711
14405,1,1.530818,0.122,4.94,0.729
14406,1,1.530925,0.138,4.57,0.689
14407,1,1.531031,0.141,4.502,0.684
14408,1,1.531137,0.135,4.638,0.694
14409,1,1.531243,0.142,4.53,0.688
14410,1,1.531350,0.141,4.489,0.681
14411,1,1.531456,0.133,4.713,0.696
14412,1,1.531562,0.119,5.053,0.743
14413,1,1.531668,0.125,4.81,0.72
14414,1,1.531775,0.128,4.761,0.713
14415,1,1.531881,0.148,4.308,0.661
14416,1,1.531987,0.156,4.153,0.644
14417,1,1.532094,0.143,4.528,0.675
14418,1,1.532200,0.14,4.476,0.683
14419,1,1.532306,0.142,4.509,0.681
14420,1,1.532412,0.138,4.586,0.685
14421,1,1.532519,0.17,3.899,0.607
14422,1,1.532625,0.149,4.332,0.662
14423,1,1.532731,0.143,4.422,0.678
14424,1,1.532837,0.154,4.195,0.65
14425,1,1.532944,0.144,4.472,0.679
14426,1,1.533050,0.132,4.694,0.703
14427,1,1.533156,0.146,4.391,0.671
14428,1,1.533262,0.151,4.271,0.66
14429,1,1.533369,0.145,4.371,0.671
14430,1,1.533475,0.142,4.482,0.674
14431,1,1.533581,0.131,4.702,0.709
14432,1,1.533688,0.142,4.481,0.68
14433,1,1.533794,0.142,4.499,0.683
14434,1,1.533900,0.156,4.142,0.646
14435,1,1.534006,0.126,4.883,0.715
14436,1,1.534113,0.155,4.188,0.642
14437,1,1.534219,0.148,4.332,0.66
14438,1,1.534325,0.134,4.617,0.698
14439,1,1.534431,0.146,4.403,0.671
14440,1,1.534538,0.141,4.534,0.682
14441,1,1.534644,0.153,4.23,0.649
14442,1,1.534750,0.126,4.83,0.712
14443,1,1.534857,0.136,4.583,0.69
14444,1,1.534963,0.143,4.476,0.678
14445,1,1.535069,0.14,4.563,0.684
14446,1,1.535175,0.131,4.66,0.709
14447,1,1.535282,0.15,4.316,0.662
14448,1,1.535388,0.136,4.57,0.692
14449,1,1.535494,0.149,4.292,0.661
14450,1,1.535600,0.131,4.749,0.699
14451,1,1.535707,0.133,4.683,0.7
14452,1,1.535813,0.153,4.276,0.649
14453,1,1.535919,0.105,5.312,0.771
14454,1,1.536026,0.137,4.603,0.692
14455,1,1.536132,0.153,4.209,0.655
14456,1,1.536238,0.16,4.131,0.637
14457,1,1.536344,0.125,4.916,0.721
14458,1,1.536451,0.133,4.739,0.7
14459,1,1.536557,0.165,4.008,0.627
14460,1,1.536663,0.153,4.212,0.655
14461,1,1.536769,0.143,4.434,0.676
14462,1,1.536876,0.153,4.199,0.653
14463,1,1.536982,0.156,4.188,0.643
14464,1,1.537088,0.127,4.829,0.717
14465,1,1.537194,0.137,4.614,0.693
14466,1,1.537301,0.163,4.005,0.63
14467,1,1.537407,0.153,4.191,0.651
14468,1,1.537513,0.142,4.414,0.675
14469,1,1.537620,0.136,4.504,0.691
14470,1,1.537726,0.146,4.423,0.667
14471,1,1.537832,0.145,4.415,0.67
14472,1,1.537938,0.136,4.526,0.687
14473,1,1.538045,0.143,4.454,0.679
14474,1,1.538151,0.154,4.219,0.646
14475,1,1.538257,0.14,4.564,0.688
14476,1,1.538363,0.155,4.164,0.647
14477,1,1.538470,0.153,4.183,0.651
14478,1,1.538576,0.121,4.915,0.729
14479,1,1.538682,0.147,4.382,0.665
14480,1,1.538789,0.139,4.574,0.687
14481,1,1.538895,0.12,4.978,0.735
14482,1,1.539001,0.131,4.736,0.708
14483,1,1.539107,0.133,4.688,0.704
14484,1,1.539214,0.125,4.82,0.719
14485,1,1.539320,0.156,4.189,0.64
14486,1,1.539426,0.151,4.282,0.661
14487,1,1.539532,0.137,4.591,0.697
14488,1,1.539639,0.14,4.536,0.685
14489,1,1.539745,0.145,4.395,0.669
14490,1,1.539851,0.156,4.21,0.644
14491,1,1.539957,0.149,4.294,0.667
14492,1,1.540064,0.151,4.318,0.663
14493,1,1.540170,0.152,4.254,0.656
14494,1,1.540276,0.158,4.137,0.636
14495,1,1.540383,0.121,4.949,0.727
14496,1,1.540489,0.154,4.213,0.646
14497,1,1.540595,0.144,4.406,0.678
14498,1,1.540701,0.151,4.258,0.663
14499,1,1.540808,0.162,4.062,0.629
14500,1,1.540914,0.157,4.084,0.643
14501,1,1.541020,0.136,4.601,0.692
14502,1,1.541126,0.147,4.396,0.671
14503,1,1.541233,0.142,4.455,0.677
14504,1,1.541339,0.153,4.213,0.647
14505,1,1.541445,0.121,4.943,0.729
14506,1,1.541552,0.154,4.174,0.649
14507,1,1.541658,0.146,4.472,0.673
14508,1,1.541764,0.119,4.977,0.732
14509,1,1.541870,0.155,4.208,0.647
14510,1,1.541977,0.131,4.732,0.707
14511,1,1.542083,0.125,4.846,0.723
14512,1,1.542189,0.142,4.479,0.681
14513,1,1.542295,0.149,4.364,0.671
14514,1,1.542402,0.138,4.59,0.689
14515,1,1.542508,0.144,4.505,0.675
14516,1,1.542614,0.148,4.378,0.668
14517,1,1.542721,0.144,4.395,0.67
14518,1,1.542827,0.145,4.375,0.68
14519,1,1.542933,0.14,4.547,0.691
14520,1,1.543039,0.138,4.634,0.691
14521,1,1.543146,0.141,4.538,0.682
14522,1,1.543252,0.112,5.17,0.754
14523,1,1.543358,0.156,4.136,0.642
14524,1,1.543464,0.128,4.825,0.716
14525,1,1.543571,0.156,4.17,0.648
14526,1,1.543677,0.14,4.509,0.685
14527,1,1.543783,0.136,4.601,0.694
14528,1,1.543889,0.123,4.911,0.729
14529,1,1.543996,0.156,4.133,0.642
14530,1,1.544102,0.145,4.438,0.676
14531,1,1.544208,0.147,4.296,0.665
14532,1,1.544315,0.132,4.685,0.7
14533,1,1.544421,0.143,4.418,0.681
14534,1,1.544527,0.141,4.551,0.68
14535,1,1.544633,0.141,4.489,0.684
14536,1,1.544740,0.166,3.895,0.618
14537,1,1.544846,0.145,4.447,0.67
14538,1,1.544952,0.119,5.012,0.731
14539,1,1.545058,0.146,4.345,0.668
14540,1,1.545165,0.116,5.075,0.744
14541,1,1.545271,0.136,4.63,0.694
14542,1,1.545377,0.137,4.562,0.692
14543,1,1.545484,0.117,5.003,0.742
14544,1,1.545590,0.144,4.355,0.68
14545,1,1.545696,0.134,4.701,0.698
14546,1,1.545802,0.143,4.423,0.674
14547,1,1.545909,0.149,4.361,0.66
14548,1,1.546015,0.122,4.953,0.731
14549,1,1.546121,0.116,5.079,0.742
14550,1,1.546227,0.162,4.066,0.624
14551,1,1.546334,0.148,4.295,0.664
14552,1,1.546440,0.152,4.125,0.659
14553,1,1.546546,0.153,4.178,0.648
14554,1,1.546652,0.143,4.419,0.676
14555,1,1.546759,0.145,4.466,0.673
14556,1,1.546865,0.131,4.724,0.706
14557,1,1.546971,0.132,4.741,0.706
14558,1,1.547078,0.139,4.565,0.689
14559,1,1.547184,0.136,4.548,0.698
14560,1,1.547290,0.149,4.301,0.662
14561,1,1.547396,0.146,4.343,0.677
14562,1,1.547503,0.136,4.585,0.699
14563,1,1.547609,0.156,4.226,0.647
14564,1,1.547715,0.135,4.639,0.696
14565,1,1.547821,0.142,4.425,0.679
14566,1,1.547928,0.133,4.689,0.702
14567,1,1.548034,0.158,4.146,0.644
14568,1,1.548140,0.143,4.433,0.679
14569,1,1.548247,0.126,4.852,0.729
14570,1,1.548353,0.144,4.407,0.676
14571,1,1.548459,0.16,4.074,0.634
14572,1,1.548565,0.139,4.58,0.694
14573,1,1.548672,0.136,4.584,0.7
14574,1,1.548778,0.158,4.128,0.646
14575,1,1.548884,0.135,4.645,0.699
14576,1,1.548990,0.159,4.124,0.636
14577,1,1.549097,0.154,4.172,0.646
14578,1,1.549203,0.146,4.324,0.668
14579,1,1.549309,0.131,4.692,0.703
14580,1,1.549416,0.146,4.414,0.668
14582,1,1.549628,0.147,4.361,0.671
14583,1,1.549734,0.144,4.417,0.673
14584,1,1.549841,0.127,4.871,0.718
14585,1,1.549947,0.146,4.378,0.671
14586,1,1.550053,0.147,4.361,0.66
14587,1,1.550159,0.147,4.394,0.667
14588,1,1.550266,0.142,4.474,0.674
14589,1,1.550372,0.138,4.592,0.692
14590,1,1.550478,0.167,3.916,0.618
14591,1,1.550584,0.142,4.501,0.681
14592,1,1.550691,0.141,4.491,0.68
14593,1,1.550797,0.15,4.288,0.656
14594,1,1.550903,0.127,4.823,0.716
14595,1,1.551010,0.142,4.428,0.685
14596,1,1.551116,0.136,4.6,0.69
14597,1,1.551222,0.153,4.244,0.649
14598,1,1.551328,0.125,4.879,0.723
14599,1,1.551435,0.135,4.645,0.696
14600,1,1.551541,0.155,4.211,0.644
14601,1,1.551647,0.143,4.458,0.673
14602,1,1.551753,0.142,4.419,0.675
14603,1,1.551860,0.139,4.5,0.687
14604,1,1.551966,0.142,4.457,0.678
14605,1,1.552072,0.15,4.283,0.666
14606,1,1.552179,0.155,4.214,0.65
14607,1,1.552285,0.149,4.303,0.662
14608,1,1.552391,0.157,4.134,0.638
14609,1,1.552497,0.149,4.296,0.666
14610,1,1.552604,0.139,4.56,0.692
14611,1,1.552710,0.158,4.107,0.635
14612,1,1.552816,0.134,4.619,0.695
14613,1,1.552922,0.136,4.603,0.696
14614,1,1.553029,0.129,4.738,0.714
14615,1,1.553135,0.142,4.474,0.683
14616,1,1.553241,0.124,4.88,0.725
14617,1,1.553348,0.128,4.824,0.712
14618,1,1.553454,0.166,4.034,0.619
14619,1,1.553560,0.149,4.296,0.658
14620,1,1.553666,0.136,4.584,0.695
14621,1,1.553773,0.138,4.559,0.69
14622,1,1.553879,0.122,4.876,0.728
14623,1,1.553985,0.141,4.518,0.682
14624,1,1.554091,0.142,4.528,0.678
14625,1,1.554198,0.124,4.914,0.725
14626,1,1.554304,0.153,4.216,0.65
14627,1,1.554410,0.139,4.601,0.687
14628,1,1.554516,0.146,4.392,0.675
14629,1,1.554623,0.131,4.74,0.71
14630,1,1.554729,0.114,5.103,0.751
14631,1,1.554835,0.147,4.373,0.659
14632,1,1.554942,0.164,4.012,0.627
14633,1,1.555048,0.157,4.145,0.641
14634,1,1.555154,0.154,4.191,0.646
14635,1,1.555260,0.148,4.434,0.668
14636,1,1.555367,0.136,4.638,0.695
14637,1,1.555473,0.144,4.452,0.672
14639,1,1.555685,0.14,4.47,0.688
14640,1,1.555792,0.132,4.67,0.699
14641,1,1.555898,0.139,4.548,0.692
14642,1,1.556004,0.134,4.783,0.702
14643,1,1.556111,0.143,4.494,0.679
14644,1,1.556217,0.141,4.536,0.685
14645,1,1.556323,0.112,5.175,0.748
14646,1,1.556429,0.132,4.68,0.7
14647,1,1.556536,0.146,4.366,0.664
14648,1,1.556642,0.144,4.446,0.678
14649,1,1.556748,0.143,4.402,0.675
14650,1,1.556854,0.129,4.84,0.716
14651,1,1.556961,0.146,4.336,0.664
14652,1,1.557067,0.144,4.461,0.677
14653,1,1.557173,0.145,4.381,0.671
14654,1,1.557279,0.134,4.664,0.696
14655,1,1.557386,0.135,4.615,0.695
14656,1,1.557492,0.122,4.926,0.726
14657,1,1.557598,0.143,4.421,0.675
14658,1,1.557705,0.147,4.56,0.694
14659,1,1.557811,0.143,4.52,0.682
14660,1,1.557917,0.144,4.48,0.67
14661,1,1.558023,0.128,4.802,0.713
14662,1,1.558130,0.121,4.905,0.732
14663,1,1.558236,0.149,4.347,0.665
14664,1,1.558342,0.116,5.121,0.74
14665,1,1.558448,0.142,4.504,0.681
14666,1,1.558555,0.154,4.166,0.646
14667,1,1.558661,0.155,4.141,0.647
14668,1,1.558767,0.152,4.285,0.658
14669,1,1.558874,0.154,4.155,0.648
14670,1,1.558980,0.15,4.29,0.658
14671,1,1.559086,0.136,4.608,0.695
14672,1,1.559192,0.158,4.085,0.64
14673,1,1.559299,0.131,4.714,0.704
14674,1,1.559405,0.136,4.615,0.693
14675,1,1.559511,0.148,4.333,0.666
14676,1,1.559617,0.138,4.549,0.688
14677,1,1.559724,0.149,4.278,0.664
14678,1,1.559830,0.142,4.507,0.68
14679,1,1.559936,0.148,4.332,0.663
14680,1,1.560043,0.122,4.876,0.733
14681,1,1.560149,0.134,4.693,0.7
14682,1,1.560255,0.134,4.633,0.7
14683,1,1.560361,0.149,4.247,0.658
14684,1,1.560468,0.153,4.159,0.655
14685,1,1.560574,0.155,4.197,0.648
14686,1,1.560680,0.145,4.473,0.671
14687,1,1.560786,0.153,4.215,0.653
14688,1,1.560893,0.133,4.647,0.705
14689,1,1.560999,0.144,4.412,0.676
14690,1,1.561105,0.145,4.409,0.672
14691,1,1.561211,0.138,4.564,0.689
14692,1,1.561318,0.131,4.796,0.721
14693,1,1.561424,0.16,4.112,0.636
14694,1,1.561530,0.125,4.849,0.72
14695,1,1.561637,0.131,4.687,0.703
14696,1,1.561743,0.149,4.317,0.666
14697,1,1.561849,0.156,4.197,0.643
14698,1,1.561955,0.149,4.364,0.668
14699,1,1.562062,0.121,4.972,0.73
14700,1,1.562168,0.152,4.304,0.657
14701,1,1.562274,0.131,4.743,0.703
14702,1,1.562380,0.125,4.901,0.723
14703,1,1.562487,0.132,4.644,0.701
14704,1,1.562593,0.165,4.002,0.626
14705,1,1.562699,0.135,4.617,0.703
14706,1,1.562806,0.15,4.312,0.663
14707,1,1.562912,0.159,4.14,0.635
14708,1,1.563018,0.139,4.532,0.683
14709,1,1.563124,0.14,4.463,0.685
14710,1,1.563231,0.133,4.727,0.7
14711,1,1.563337,0.147,4.35,0.673
14712,1,1.563443,0.137,4.586,0.692
14713,1,1.563549,0.14,4.528,0.684
14714,1,1.563656,0.136,4.593,0.696
14715,1,1.563762,0.144,4.43,0.677
14716,1,1.563868,0.14,4.529,0.69
14717,1,1.563974,0.125,4.916,0.724
14718,1,1.564081,0.129,4.777,0.719
14719,1,1.564187,0.135,4.675,0.696
14720,1,1.564293,0.124,4.877,0.725
14721,1,1.564400,0.125,4.916,0.722
14722,1,1.564506,0.155,4.184,0.655
14723,1,1.564612,0.138,4.586,0.682
14724,1,1.564718,0.135,4.605,0.699
14725,1,1.564825,0.137,4.597,0.692
14726,1,1.564931,0.125,4.862,0.716
14727,1,1.565037,0.158,4.121,0.641
14728,1,1.565143,0.133,4.678,0.702
14729,1,1.565250,0.132,4.675,0.704
14730,1,1.565356,0.122,4.969,0.723
14731,1,1.565462,0.153,4.254,0.658
14732,1,1.565569,0.136,4.587,0.694
14733,1,1.565675,0.137,4.628,0.687
14734,1,1.565781,0.116,5.052,0.744
14735,1,1.565887,0.125,4.843,0.721
14736,1,1.565994,0.157,4.176,0.639
14737,1,1.566100,0.124,4.798,0.718
14738,1,1.566206,0.125,4.831,0.726
14739,1,1.566312,0.14,4.486,0.684
14740,1,1.566419,0.131,4.711,0.701
14741,1,1.566525,0.142,4.539,0.681
14742,1,1.566631,0.142,4.453,0.678
14743,1,1.566738,0.139,4.51,0.684
14744,1,1.566844,0.142,4.425,0.679
14745,1,1.566950,0.155,4.195,0.648
14746,1,1.567056,0.14,4.538,0.692
14747,1,1.567163,0.144,4.399,0.67
14748,1,1.567269,0.136,4.601,0.697
14749,1,1.567375,0.148,4.374,0.665
14750,1,1.567481,0.126,4.787,0.721
14751,1,1.567588,0.128,4.816,0.718
14752,1,1.567694,0.129,4.758,0.714
14753,1,1.567800,0.154,4.159,0.644
14754,1,1.567906,0.129,4.784,0.714
14755,1,1.568013,0.148,4.315,0.671
14756,1,1.568119,0.129,4.746,0.71
14757,1,1.568225,0.131,4.72,0.705
14758,1,1.568332,0.154,4.169,0.646
14759,1,1.568438,0.15,4.285,0.657
14760,1,1.568544,0.104,5.401,0.77
14761,1,1.568650,0.149,4.293,0.667
14762,1,1.568757,0.134,4.656,0.693
14763,1,1.568863,0.152,4.334,0.655
14764,1,1.568969,0.14,4.552,0.69
14765,1,1.569075,0.167,4.014,0.615
14766,1,1.569182,0.139,4.498,0.684
14767,1,1.569288,0.139,4.621,0.688
14768,1,1.569394,0.166,3.942,0.614
14769,1,1.569501,0.147,4.338,0.668
14770,1,1.569607,0.13,4.734,0.711
14771,1,1.569713,0.149,4.326,0.66
14772,1,1.569819,0.129,4.76,0.715
14773,1,1.569926,0.165,3.955,0.625
14774,1,1.570032,0.131,4.751,0.703
14775,1,1.570138,0.147,4.371,0.672
14776,1,1.570244,0.138,4.573,0.692
14777,1,1.570351,0.135,4.629,0.696
14778,1,1.570457,0.14,4.49,0.682
14779,1,1.570563,0.108,5.219,0.755
14780,1,1.570670,0.16,4.045,0.633
14781,1,1.570776,0.128,4.79,0.715
14782,1,1.570882,0.142,4.465,0.68
14783,1,1.570988,0.158,4.12,0.637
14784,1,1.571095,0.14,4.521,0.685
14785,1,1.571201,0.132,4.691,0.706
14786,1,1.571307,0.131,4.724,0.704
14787,1,1.571413,0.154,4.239,0.64
14788,1,1.571520,0.141,4.482,0.683
14789,1,1.571626,0.149,4.296,0.666
14790,1,1.571732,0.145,4.474,0.687
14791,1,1.571838,0.164,4.016,0.627
14792,1,1.571945,0.137,4.579,0.69
14793,1,1.572051,0.129,4.824,0.71
14794,1,1.572157,0.162,4.059,0.641
14795,1,1.572264,0.146,4.428,0.672
14796,1,1.572370,0.144,4.427,0.676
14797,1,1.572476,0.142,4.468,0.678
14798,1,1.572582,0.141,4.529,0.687
14799,1,1.572689,0.142,4.474,0.681
14800,1,1.572795,0.126,4.812,0.718
14801,1,1.572901,0.146,4.331,0.668
14802,1,1.573007,0.152,4.282,0.656
14803,1,1.573114,0.134,4.57,0.698
14804,1,1.573220,0.152,4.228,0.654
14805,1,1.573326,0.151,4.325,0.657
14806,1,1.573433,0.153,4.236,0.65
14807,1,1.573539,0.137,4.713,0.699
14808,1,1.573645,0.163,4.015,0.632
14809,1,1.573751,0.142,4.462,0.677
14810,1,1.573858,0.119,4.96,0.738
14811,1,1.573964,0.148,4.303,0.665
14812,1,1.574070,0.15,4.308,0.665
14813,1,1.574176,0.143,4.444,0.679
14814,1,1.574283,0.142,4.489,0.681
14815,1,1.574389,0.131,4.692,0.705
14816,1,1.574495,0.14,4.626,0.685
14817,1,1.574601,0.137,4.571,0.694
14818,1,1.574708,0.135,4.642,0.701
14819,1,1.574814,0.139,4.59,0.686
14820,1,1.574920,0.142,4.5,0.685
14821,1,1.575027,0.139,4.622,0.692
14822,1,1.575133,0.141,4.506,0.685
14823,1,1.575239,0.133,4.705,0.702
14824,1,1.575345,0.141,4.55,0.678
14825,1,1.575452,0.136,4.648,0.693
14826,1,1.575558,0.119,4.957,0.732
14827,1,1.575664,0.119,5.036,0.736
14828,1,1.575770,0.148,4.338,0.663
14829,1,1.575877,0.131,4.791,0.706
14830,1,1.575983,0.158,4.113,0.638
14831,1,1.576089,0.132,4.691,0.705
14832,1,1.576196,0.143,4.421,0.679
14833,1,1.576302,0.155,4.231,0.646
14834,1,1.576408,0.141,4.516,0.681
14835,1,1.576514,0.147,4.355,0.668
14836,1,1.576621,0.152,4.286,0.658
14837,1,1.576727,0.15,4.31,0.661
14838,1,1.576833,0.152,4.245,0.657
14839,1,1.576939,0.153,4.269,0.658
14840,1,1.577046,0.143,4.446,0.674
14841,1,1.577152,0.162,4.008,0.635
14842,1,1.577258,0.129,4.766,0.714
14843,1,1.577365,0.121,4.901,0.732
14844,1,1.577471,0.124,4.895,0.724
14845,1,1.577577,0.146,4.41,0.669
14846,1,1.577683,0.136,4.602,0.695
14847,1,1.577790,0.151,4.241,0.661
14848,1,1.577896,0.138,4.569,0.688
14849,1,1.578002,0.154,4.239,0.648
14850,1,1.578108,0.142,4.542,0.689
14851,1,1.578215,0.126,4.81,0.72
14852,1,1.578321,0.149,4.277,0.657
14853,1,1.578427,0.145,4.396,0.669
14854,1,1.578533,0.133,4.744,0.698
14855,1,1.578640,0.131,4.699,0.707
14856,1,1.578746,0.148,4.374,0.661
14857,1,1.578852,0.157,4.123,0.64
14858,1,1.578959,0.145,4.433,0.673
14859,1,1.579065,0.13,4.729,0.712
14860,1,1.579171,0.115,5.064,0.745
14861,1,1.579277,0.147,4.347,0.666
14862,1,1.579384,0.137,4.602,0.694
14863,1,1.579490,0.122,4.921,0.724
14864,1,1.579596,0.135,4.579,0.694
14865,1,1.579702,0.14,4.507,0.683
14866,1,1.579809,0.145,4.426,0.68
14867,1,1.579915,0.149,4.314,0.663
14868,1,1.580021,0.143,4.435,0.679
14869,1,1.580128,0.149,4.321,0.662
14870,1,1.580234,0.142,4.446,0.68
14871,1,1.580340,0.152,4.274,0.657
14872,1,1.580446,0.119,4.998,0.732
14873,1,1.580553,0.137,4.568,0.693
14874,1,1.580659,0.14,4.552,0.691
14875,1,1.580765,0.147,4.366,0.669
14876,1,1.580871,0.148,4.338,0.668
14877,1,1.580978,0.143,4.407,0.678
14878,1,1.581084,0.146,4.376,0.668
14879,1,1.581190,0.147,4.374,0.669
14880,1,1.581296,0.151,4.234,0.655
14881,1,1.581403,0.138,4.546,0.688
14882,1,1.581509,0.142,4.492,0.682
14883,1,1.581615,0.127,4.79,0.714
14884,1,1.581722,0.139,4.544,0.688
14885,1,1.581828,0.128,4.858,0.717
14886,1,1.581934,0.15,4.371,0.676
14887,1,1.582040,0.143,4.494,0.676
14888,1,1.582147,0.125,4.924,0.723
14889,1,1.582253,0.15,4.319,0.664
14890,1,1.582359,0.135,4.599,0.696
14891,1,1.582465,0.154,4.188,0.652
14892,1,1.582572,0.139,4.523,0.692
14893,1,1.582678,0.139,4.572,0.689
14894,1,1.582784,0.145,4.48,0.67
14895,1,1.582891,0.117,5.046,0.737
14896,1,1.582997,0.144,4.462,0.665
14897,1,1.583103,0.137,4.59,0.688
14898,1,1.583209,0.145,4.431,0.68
14899,1,1.583316,0.178,3.662,0.586
14900,1,1.583422,0.147,4.421,0.669
14901,1,1.583528,0.133,4.67,0.705
14902,1,1.583634,0.134,4.645,0.694
14903,1,1.583741,0.138,4.545,0.69
14904,1,1.583847,0.142,4.462,0.685
14905,1,1.583953,0.15,4.297,0.659
14906,1,1.584060,0.146,4.331,0.67
14907,1,1.584166,0.133,4.668,0.702
14908,1,1.584272,0.134,4.626,0.699
14909,1,1.584378,0.139,4.489,0.685
14910,1,1.584485,0.139,4.519,0.687
14911,1,1.584591,0.16,4.052,0.636
14912,1,1.584697,0.153,4.261,0.658
14913,1,1.584803,0.15,4.31,0.664
14914,1,1.584910,0.141,4.461,0.68
14915,1,1.585016,0.127,4.82,0.713
14916,1,1.585122,0.158,4.138,0.641
14917,1,1.585228,0.154,4.176,0.647
14918,1,1.585335,0.14,4.571,0.689
14919,1,1.585441,0.121,4.939,0.725
14920,1,1.585547,0.153,4.213,0.654
14921,1,1.585654,0.139,4.554,0.687
14922,1,1.585760,0.137,4.601,0.691
14923,1,1.585866,0.151,4.265,0.657
14924,1,1.585972,0.137,4.617,0.694
14925,1,1.586079,0.137,4.587,0.689
14926,1,1.586185,0.138,4.558,0.685
14927,1,1.586291,0.131,4.768,0.706
14928,1,1.586397,0.155,4.174,0.646
14929,1,1.586504,0.138,4.533,0.693
14930,1,1.586610,0.153,4.216,0.653
14931,1,1.586716,0.134,4.674,0.7
14932,1,1.586823,0.149,4.314,0.664
14933,1,1.586929,0.148,4.348,0.671
14934,1,1.587035,0.149,4.337,0.661
14935,1,1.587141,0.136,4.658,0.695
14936,1,1.587248,0.139,4.466,0.687
14937,1,1.587354,0.154,4.2,0.646
14938,1,1.587460,0.147,4.419,0.672
14939,1,1.587566,0.138,4.614,0.693
14940,1,1.587673,0.147,4.403,0.669
14941,1,1.587779,0.12,5.0,0.735
14942,1,1.587885,0.138,4.564,0.69
14943,1,1.587991,0.142,4.453,0.679
14944,1,1.588098,0.15,4.3,0.666
14945,1,1.588204,0.13,4.744,0.71
14946,1,1.588310,0.142,4.51,0.678
14947,1,1.588417,0.151,4.301,0.658
14948,1,1.588523,0.139,4.566,0.685
14949,1,1.588629,0.146,4.409,0.67
14950,1,1.588735,0.127,4.819,0.722
14951,1,1.588842,0.142,4.489,0.675
14952,1,1.588948,0.148,4.381,0.665
14953,1,1.589054,0.119,5.008,0.735
14954,1,1.589160,0.143,4.43,0.675
14955,1,1.589267,0.15,4.328,0.664
14956,1,1.589373,0.129,4.752,0.711
14957,1,1.589479,0.132,4.697,0.701
14958,1,1.589586,0.123,4.903,0.728
14959,1,1.589692,0.159,4.053,0.637
14960,1,1.589798,0.153,4.169,0.645
14961,1,1.589904,0.139,4.505,0.685
14962,1,1.590011,0.159,4.106,0.632
14963,1,1.590117,0.138,4.576,0.693
14964,1,1.590223,0.147,4.383,0.679
14965,1,1.590329,0.13,4.751,0.712
14966,1,1.590436,0.165,3.977,0.627
14967,1,1.590542,0.149,4.403,0.664
14968,1,1.590648,0.143,4.464,0.676
14969,1,1.590755,0.136,4.575,0.693
14970,1,1.590861,0.146,4.404,0.669
14971,1,1.590967,0.144,4.386,0.679
14972,1,1.591073,0.153,4.304,0.658
14973,1,1.591180,0.148,4.31,0.675
14974,1,1.591286,0.138,4.547,0.69
14975,1,1.591392,0.143,4.454,0.68
14976,1,1.591498,0.15,4.304,0.655
14977,1,1.591605,0.144,4.411,0.675
14978,1,1.591711,0.141,4.604,0.681
14979,1,1.591817,0.132,4.703,0.708
14980,1,1.591923,0.14,4.564,0.686
14981,1,1.592030,0.152,4.284,0.652
14982,1,1.592136,0.143,4.423,0.68
14983,1,1.592242,0.134,4.65,0.697
14984,1,1.592349,0.131,4.748,0.71
14985,1,1.592455,0.134,4.618,0.698
14986,1,1.592561,0.134,4.686,0.699
14987,1,1.592667,0.147,4.381,0.668
14988,1,1.592774,0.151,4.335,0.653
14989,1,1.592880,0.128,4.845,0.712
14990,1,1.592986,0.153,4.269,0.652
14991,1,1.593092,0.16,4.076,0.633
14992,1,1.593199,0.13,4.799,0.711
14993,1,1.593305,0.132,4.707,0.7
14994,1,1.593411,0.13,4.794,0.71
14995,1,1.593518,0.161,4.069,0.64
14996,1,1.593624,0.143,4.472,0.678
14997,1,1.593730,0.144,4.468,0.673
14998,1,1.593836,0.145,4.426,0.675
14999,1,1.593943,0.139,4.538,0.693
15000,1,1.594049,0.129,4.743,0.708
15001,1,1.594155,0.137,4.553,0.696
15002,1,1.594261,0.131,4.739,0.706
15003,1,1.594368,0.122,4.948,0.728
15004,1,1.594474,0.146,4.419,0.667
15005,1,1.594580,0.148,4.34,0.664
15006,1,1.594687,0.145,4.444,0.674
15007,1,1.594793,0.149,4.327,0.658
15008,1,1.594899,0.148,4.341,0.665
15009,1,1.595005,0.148,4.387,0.664
15010,1,1.595112,0.153,4.26,0.653
15011,1,1.595218,0.152,4.286,0.66
15012,1,1.595324,0.135,4.658,0.701
15013,1,1.595430,0.143,4.492,0.686
15014,1,1.595537,0.108,5.242,0.764
15015,1,1.595643,0.153,4.205,0.653
15016,1,1.595749,0.158,4.032,0.64
15017,1,1.595855,0.143,4.45,0.678
15018,1,1.595962,0.144,4.381,0.67
15019,1,1.596068,0.118,5.077,0.745
15020,1,1.596174,0.145,4.4,0.674
15021,1,1.596281,0.158,4.051,0.636
15022,1,1.596387,0.128,4.79,0.719
15023,1,1.596493,0.142,4.444,0.679
15024,1,1.596599,0.143,4.453,0.675
15025,1,1.596706,0.144,4.418,0.672
15026,1,1.596812,0.131,4.708,0.702
15027,1,1.596918,0.127,4.831,0.716
15028,1,1.597024,0.144,4.437,0.675
15029,1,1.597131,0.15,4.319,0.66
15030,1,1.597237,0.132,4.674,0.702
15031,1,1.597343,0.141,4.541,0.682
15032,1,1.597450,0.145,4.437,0.678
15033,1,1.597556,0.142,4.463,0.677
15034,1,1.597662,0.139,4.572,0.694
15035,1,1.597768,0.122,4.948,0.729
15036,1,1.597875,0.147,4.442,0.668
15037,1,1.597981,0.133,4.602,0.7
15038,1,1.598087,0.17,3.817,0.612
15039,1,1.598193,0.133,4.641,0.703
15040,1,1.598300,0.142,4.509,0.681
15041,1,1.598406,0.155,4.166,0.646
15042,1,1.598512,0.119,4.948,0.732
15043,1,1.598618,0.165,3.982,0.623
15044,1,1.598725,0.104,5.363,0.774
15045,1,1.598831,0.134,4.699,0.704
15046,1,1.598937,0.143,4.493,0.681
15047,1,1.599044,0.147,4.376,0.666
15048,1,1.599150,0.143,4.458,0.672
15049,1,1.599256,0.139,4.64,0.698
15050,1,1.599362,0.128,4.791,0.717
15051,1,1.599469,0.131,4.718,0.709
15052,1,1.599575,0.139,4.606,0.687
15053,1,1.599681,0.144,4.405,0.674
15054,1,1.599787,0.146,4.394,0.676
15055,1,1.599894,0.13,4.749,0.714
15056,1,1.600000,0.148,4.361,0.668
15057,1,1.600106,0.139,4.554,0.686
15058,1,1.600213,0.138,4.594,0.691
15059,1,1.600319,0.131,4.769,0.707
15060,1,1.600425,0.15,4.294,0.655
15061,1,1.600531,0.156,4.137,0.647
15062,1,1.600638,0.143,4.42,0.681
15063,1,1.600744,0.135,4.646,0.691
15064,1,1.600850,0.116,5.037,0.741
15065,1,1.600956,0.143,4.433,0.677
15066,1,1.601063,0.161,4.066,0.638
15067,1,1.601169,0.155,4.216,0.647
15068,1,1.601275,0.159,4.078,0.648
15069,1,1.601382,0.148,4.342,0.664
15070,1,1.601488,0.131,4.735,0.709
15071,1,1.601594,0.132,4.749,0.705
15072,1,1.601700,0.152,4.303,0.655
15073,1,1.601807,0.137,4.597,0.691
15074,1,1.601913,0.145,4.434,0.673
15075,1,1.602019,0.126,4.833,0.717
15076,1,1.602125,0.134,4.656,0.701
15077,1,1.602232,0.143,4.431,0.671
15078,1,1.602338,0.156,4.121,0.64
15079,1,1.602444,0.142,4.47,0.683
15080,1,1.602550,0.123,4.921,0.73
15081,1,1.602657,0.149,4.323,0.667
15082,1,1.602763,0.161,4.077,0.637
15083,1,1.602869,0.131,4.714,0.708
15084,1,1.602976,0.133,4.653,0.702
15085,1,1.603082,0.14,4.522,0.689
15086,1,1.603188,0.151,4.237,0.664
15087,1,1.603294,0.123,4.849,0.723
15088,1,1.603401,0.136,4.615,0.693
15089,1,1.603507,0.163,4.023,0.627
15090,1,1.603613,0.156,4.142,0.647
15091,1,1.603719,0.131,4.676,0.705
15092,1,1.603826,0.119,5.008,0.738
15093,1,1.603932,0.143,4.467,0.676
15094,1,1.604038,0.161,4.104,0.631
15095,1,1.604145,0.149,4.357,0.666
15096,1,1.604251,0.131,4.703,0.707
15097,1,1.604357,0.14,4.511,0.683
15098,1,1.604463,0.139,4.533,0.691
15099,1,1.604570,0.156,4.203,0.641
15100,1,1.604676,0.145,4.384,0.673
15101,1,1.604782,0.142,4.479,0.68
15102,1,1.604888,0.161,4.036,0.631
15103,1,1.604995,0.152,4.302,0.664
15104,1,1.605101,0.131,4.757,0.704
15105,1,1.605207,0.137,4.522,0.691
15106,1,1.605313,0.156,4.135,0.644
15107,1,1.605420,0.13,4.725,0.712
15108,1,1.605526,0.134,4.675,0.702
15109,1,1.605632,0.125,4.84,0.717
15110,1,1.605739,0.135,4.605,0.695
15111,1,1.605845,0.143,4.448,0.672
15112,1,1.605951,0.144,4.437,0.678
15113,1,1.606057,0.151,4.283,0.66
15114,1,1.606164,0.149,4.335,0.66
15115,1,1.606270,0.143,4.456,0.675
15116,1,1.606376,0.147,4.302,0.669
15117,1,1.606482,0.129,4.805,0.713
15118,1,1.606589,0.134,4.655,0.692
15119,1,1.606695,0.142,4.501,0.681
15120,1,1.606801,0.165,3.971,0.622
15121,1,1.606908,0.136,4.672,0.699
15122,1,1.607014,0.117,5.02,0.744
15123,1,1.607120,0.137,4.63,0.697
15124,1,1.607226,0.146,4.375,0.673
15125,1,1.607333,0.147,4.361,0.665
15126,1,1.607439,0.149,4.382,0.664
15127,1,1.607545,0.138,4.561,0.684
15128,1,1.607651,0.128,4.857,0.715
15129,1,1.607758,0.14,4.535,0.69
15130,1,1.607864,0.144,4.356,0.671
15131,1,1.607970,0.132,4.705,0.706
15132,1,1.608077,0.149,4.273,0.666
15133,1,1.608183,0.153,4.194,0.651
15134,1,1.608289,0.128,4.817,0.719
15135,1,1.608395,0.153,4.177,0.65
15136,1,1.608502,0.131,4.651,0.703
15137,1,1.608608,0.132,4.685,0.704
15138,1,1.608714,0.143,4.439,0.676
15139,1,1.608820,0.125,4.888,0.722
15140,1,1.608927,0.154,4.217,0.652
15141,1,1.609033,0.125,4.841,0.715
15142,1,1.609139,0.139,4.568,0.689
15143,1,1.609245,0.118,5.035,0.738
15144,1,1.609352,0.132,4.652,0.7
15145,1,1.609458,0.15,4.24,0.661
15146,1,1.609564,0.143,4.406,0.68
15147,1,1.609671,0.127,4.867,0.72
15148,1,1.609777,0.153,4.167,0.652
15149,1,1.609883,0.115,5.109,0.748
15150,1,1.609989,0.162,4.045,0.637
15151,1,1.610096,0.131,4.68,0.704
15152,1,1.610202,0.131,4.679,0.704
15153,1,1.610308,0.151,4.24,0.657
15154,1,1.610414,0.145,4.381,0.673
15155,1,1.610521,0.13,4.75,0.71
15156,1,1.610627,0.123,4.899,0.731
15157,1,1.610733,0.156,4.138,0.641
15158,1,1.610840,0.142,4.504,0.682
15159,1,1.610946,0.135,4.607,0.693
15160,1,1.611052,0.146,4.39,0.663
15161,1,1.611158,0.144,4.424,0.675
15162,1,1.611265,0.137,4.646,0.689
15163,1,1.611371,0.124,4.837,0.724
15164,1,1.611477,0.153,4.23,0.654
15165,1,1.611583,0.151,4.294,0.66
15166,1,1.611690,0.144,4.401,0.67
15167,1,1.611796,0.131,4.724,0.702
15168,1,1.611902,0.134,4.646,0.7
15169,1,1.612009,0.172,3.775,0.602
15170,1,1.612115,0.134,4.621,0.686
15171,1,1.612221,0.148,4.33,0.669
15172,1,1.612327,0.124,4.86,0.723
15173,1,1.612434,0.135,4.569,0.7
15174,1,1.612540,0.144,4.429,0.678
15175,1,1.612646,0.125,4.852,0.721
15176,1,1.612752,0.149,4.313,0.662
15177,1,1.612859,0.164,4.004,0.633
15178,1,1.612965,0.14,4.497,0.688
15179,1,1.613071,0.153,4.177,0.656
15180,1,1.613177,0.14,4.619,0.697
15181,1,1.613284,0.142,4.491,0.683
15182,1,1.613390,0.138,4.503,0.691
15183,1,1.613496,0.171,3.912,0.61
15184,1,1.613603,0.143,4.41,0.673
15185,1,1.613709,0.142,4.485,0.682
15186,1,1.613815,0.125,4.892,0.722
15187,1,1.613921,0.149,4.296,0.666
15188,1,1.614028,0.131,4.784,0.706
15189,1,1.614134,0.145,4.4,0.678
15190,1,1.614240,0.14,4.545,0.684
15191,1,1.614346,0.14,4.498,0.681
15192,1,1.614453,0.152,4.255,0.656
15193,1,1.614559,0.142,4.351,0.677
15194,1,1.614665,0.142,4.472,0.681
15195,1,1.614772,0.143,4.455,0.674
15196,1,1.614878,0.137,4.624,0.692
15197,1,1.614984,0.148,4.322,0.664
15198,1,1.615090,0.132,4.691,0.707
15199,1,1.615197,0.131,4.741,0.717
15200,1,1.615303,0.127,4.865,0.711
15201,1,1.615409,0.15,4.265,0.664
15202,1,1.615515,0.153,4.235,0.651
15203,1,1.615622,0.144,4.404,0.676
15204,1,1.615728,0.129,4.766,0.707
15205,1,1.615834,0.139,4.557,0.687
15206,1,1.615940,0.131,4.721,0.709
15207,1,1.616047,0.158,4.151,0.642
15208,1,1.616153,0.159,4.089,0.638
15209,1,1.616259,0.165,3.981,0.624
15210,1,1.616366,0.14,4.565,0.682
15211,1,1.616472,0.145,4.362,0.674
15212,1,1.616578,0.137,4.632,0.693
15213,1,1.616684,0.142,4.507,0.682
15214,1,1.616791,0.15,4.32,0.66
15215,1,1.616897,0.136,4.633,0.688
15216,1,1.617003,0.14,4.551,0.687
15217,1,1.617109,0.138,4.608,0.693
15218,1,1.617216,0.154,4.174,0.649
15219,1,1.617322,0.136,4.569,0.695
15220,1,1.617428,0.152,4.295,0.655
15221,1,1.617535,0.133,4.679,0.702
15222,1,1.617641,0.15,4.323,0.662
15223,1,1.617747,0.155,4.157,0.648
15224,1,1.617853,0.12,4.936,0.732
15225,1,1.617960,0.167,3.88,0.612
15226,1,1.618066,0.147,4.374,0.668
15227,1,1.618172,0.132,4.759,0.702
15228,1,1.618278,0.15,4.255,0.661
15229,1,1.618385,0.134,4.7,0.7
15230,1,1.618491,0.146,4.339,0.67
15231,1,1.618597,0.15,4.298,0.659
15232,1,1.618704,0.14,4.498,0.688
15233,1,1.618810,0.142,4.436,0.673
15234,1,1.618916,0.162,4.048,0.626
15235,1,1.619022,0.159,4.265,0.65
15236,1,1.619129,0.131,4.707,0.703
15237,1,1.619235,0.148,4.315,0.662
15238,1,1.619341,0.135,4.628,0.698
15239,1,1.619447,0.146,4.394,0.666
15240,1,1.619554,0.142,4.532,0.684
15241,1,1.619660,0.16,4.006,0.642
15242,1,1.619766,0.146,4.388,0.673
15243,1,1.619872,0.142,4.44,0.675
15244,1,1.619979,0.14,4.545,0.685
15245,1,1.620085,0.136,4.631,0.696
15246,1,1.620191,0.135,4.645,0.697
15247,1,1.620298,0.144,4.436,0.674
15248,1,1.620404,0.128,4.823,0.715
15249,1,1.620510,0.155,4.117,0.645
15250,1,1.620616,0.121,4.978,0.726
15251,1,1.620723,0.142,4.51,0.683
15252,1,1.620829,0.134,4.7,0.701
15253,1,1.620935,0.143,4.438,0.671
15254,1,1.621041,0.146,4.37,0.67
15255,1,1.621148,0.129,4.82,0.711
15256,1,1.621254,0.14,4.544,0.689
15257,1,1.621360,0.147,4.36,0.669
15258,1,1.621467,0.142,4.456,0.68
15259,1,1.621573,0.145,4.375,0.673
15260,1,1.621679,0.126,4.877,0.716
15261,1,1.621785,0.139,4.672,0.693
15262,1,1.621892,0.136,4.586,0.695
15263,1,1.621998,0.147,4.384,0.667
15264,1,1.622104,0.128,4.803,0.714
15265,1,1.622210,0.117,5.052,0.742
15266,1,1.622317,0.141,4.518,0.689
15267,1,1.622423,0.139,4.544,0.686
15268,1,1.622529,0.154,4.191,0.644
15269,1,1.622635,0.147,4.37,0.667
15270,1,1.622742,0.139,4.539,0.692
15271,1,1.622848,0.138,4.593,0.69
15272,1,1.622954,0.126,4.812,0.719
15273,1,1.623061,0.129,4.813,0.715
15274,1,1.623167,0.121,4.998,0.731
15275,1,1.623273,0.134,4.617,0.699
15276,1,1.623379,0.149,4.331,0.662
15277,1,1.623486,0.131,4.69,0.703
15278,1,1.623592,0.133,4.68,0.7
15279,1,1.623698,0.149,4.268,0.664
15280,1,1.623804,0.155,4.182,0.645
15281,1,1.623911,0.132,4.689,0.702
15282,1,1.624017,0.158,4.149,0.641
15283,1,1.624123,0.152,4.186,0.654
15284,1,1.624230,0.141,4.483,0.681
15285,1,1.624336,0.144,4.383,0.674
15286,1,1.624442,0.145,4.41,0.674
15287,1,1.624548,0.147,4.323,0.661
15288,1,1.624655,0.146,4.379,0.665
15289,1,1.624761,0.131,4.757,0.705
15290,1,1.624867,0.147,4.376,0.673
15291,1,1.624973,0.128,4.753,0.719
15292,1,1.625080,0.148,4.315,0.664
15293,1,1.625186,0.124,4.85,0.723
15294,1,1.625292,0.125,4.907,0.719
15295,1,1.625399,0.16,4.09,0.636
15296,1,1.625505,0.134,4.578,0.697
15297,1,1.625611,0.145,4.44,0.674
15298,1,1.625717,0.145,4.399,0.667
15299,1,1.625824,0.156,4.125,0.644
15300,1,1.625930,0.12,4.985,0.736
15301,1,1.626036,0.133,4.654,0.703
15302,1,1.626142,0.139,4.536,0.69
15303,1,1.626249,0.149,4.329,0.667
15304,1,1.626355,0.132,4.713,0.703
15305,1,1.626461,0.142,4.492,0.674
15306,1,1.626567,0.154,4.155,0.648
15307,1,1.626674,0.134,4.644,0.7
15308,1,1.626780,0.142,4.476,0.68
15309,1,1.626886,0.147,4.406,0.673
15310,1,1.626993,0.123,4.862,0.721
15311,1,1.627099,0.129,4.754,0.71
15312,1,1.627205,0.133,4.656,0.709
15313,1,1.627311,0.129,4.78,0.715
15314,1,1.627418,0.145,4.39,0.672
15315,1,1.627524,0.109,5.211,0.76
15316,1,1.627630,0.136,4.586,0.692
15317,1,1.627736,0.145,4.411,0.669
15318,1,1.627843,0.112,5.134,0.754
15319,1,1.627949,0.156,4.232,0.643
15320,1,1.628055,0.131,4.773,0.707
15321,1,1.628162,0.131,4.743,0.705
15322,1,1.628268,0.126,4.862,0.72
15323,1,1.628374,0.139,4.456,0.695
15324,1,1.628480,0.148,4.295,0.664
15325,1,1.628587,0.143,4.447,0.68
15326,1,1.628693,0.132,4.694,0.702
15327,1,1.628799,0.121,4.908,0.727
15328,1,1.628905,0.136,4.611,0.692
15329,1,1.629012,0.149,4.365,0.663
15330,1,1.629118,0.158,4.141,0.642
15331,1,1.629224,0.137,4.628,0.692
15332,1,1.629330,0.135,4.659,0.695
15333,1,1.629437,0.126,4.857,0.721
15334,1,1.629543,0.14,4.503,0.688
15336,1,1.629756,0.121,4.947,0.727
15337,1,1.629862,0.129,4.768,0.714
15338,1,1.629968,0.134,4.6,0.695
15339,1,1.630074,0.146,4.378,0.671
15340,1,1.630181,0.143,4.444,0.679
15341,1,1.630287,0.133,4.647,0.702
15342,1,1.630393,0.16,4.025,0.632
15343,1,1.630499,0.138,4.738,0.705
15344,1,1.630606,0.143,4.474,0.677
15345,1,1.630712,0.134,4.659,0.701
15346,1,1.630818,0.147,4.416,0.667
15347,1,1.630925,0.13,4.675,0.712
15348,1,1.631031,0.272,4.147,0.618
15349,1,1.631137,0.124,4.898,0.723
15350,1,1.631243,0.135,4.615,0.7
15351,1,1.631350,0.178,4.531,0.682
15352,1,1.631456,0.133,4.644,0.701
15353,1,1.631562,0.146,4.367,0.669
15354,1,1.631668,0.132,4.705,0.703
15355,1,1.631775,0.131,4.772,0.71
15356,1,1.631881,0.116,5.063,0.75
15357,1,1.631987,0.14,4.54,0.687
15358,1,1.632094,0.131,4.732,0.707
15359,1,1.632200,0.143,4.443,0.682
15360,1,1.632306,0.132,4.703,0.707
15361,1,1.632412,0.153,4.435,0.676
15362,1,1.632519,0.128,4.818,0.719
15363,1,1.632625,0.126,4.853,0.719
15364,1,1.632731,0.117,5.082,0.741
15365,1,1.632837,0.142,4.482,0.674
15366,1,1.632944,0.144,4.473,0.678
15367,1,1.633050,0.121,4.956,0.731
15368,1,1.633156,0.132,4.648,0.707
15369,1,1.633262,0.146,4.384,0.674
15370,1,1.633369,0.133,4.716,0.701
15371,1,1.633475,0.113,5.18,0.751
15372,1,1.633581,0.131,4.791,0.707
15373,1,1.633688,0.152,4.3,0.656
15374,1,1.633794,0.127,4.816,0.715
15375,1,1.633900,0.131,4.627,0.713
15376,1,1.634006,0.149,4.324,0.662
15377,1,1.634113,0.131,4.784,0.707
15378,1,1.634219,0.151,4.238,0.65
15379,1,1.634325,0.131,4.775,0.709
15380,1,1.634431,0.124,4.936,0.729
15381,1,1.634538,0.119,5.003,0.736
15382,1,1.634644,0.164,4.027,0.634
15383,1,1.634750,0.113,5.147,0.753
15384,1,1.634857,0.151,4.267,0.658
15385,1,1.634963,0.131,4.744,0.712
15386,1,1.635069,0.147,4.348,0.671
15387,1,1.635175,0.138,4.542,0.69
15388,1,1.635282,0.158,4.133,0.641
15389,1,1.635388,0.134,4.607,0.703
15390,1,1.635494,0.131,4.768,0.706
15391,1,1.635600,0.168,3.899,0.62
15392,1,1.635707,0.146,4.405,0.672
15393,1,1.635813,0.13,4.71,0.706
15394,1,1.635919,0.134,4.657,0.702
15395,1,1.636026,0.138,4.614,0.691
15396,1,1.636132,0.146,4.377,0.673
15397,1,1.636238,0.147,4.329,0.666
15398,1,1.636344,0.142,4.463,0.678
15399,1,1.636451,0.152,4.186,0.655
15400,1,1.636557,0.14,4.576,0.687
15401,1,1.636663,0.134,4.627,0.696
15402,1,1.636769,0.132,4.67,0.707
15403,1,1.636876,0.121,4.982,0.729
15404,1,1.636982,0.132,4.72,0.702
15405,1,1.637088,0.149,4.302,0.661
15406,1,1.637194,0.131,4.74,0.706
15407,1,1.637301,0.131,4.733,0.707
15408,1,1.637407,0.142,4.492,0.679
15409,1,1.637513,0.117,5.063,0.739
15410,1,1.637620,0.163,4.0,0.627
15411,1,1.637726,0.135,4.582,0.698
15412,1,1.637832,0.14,4.531,0.685
15413,1,1.637938,0.149,4.321,0.666
15414,1,1.638045,0.162,4.031,0.631
15415,1,1.638151,0.13,4.748,0.711
15416,1,1.638257,0.131,4.703,0.707
15417,1,1.638363,0.126,4.882,0.719
15418,1,1.638470,0.12,5.034,0.732
15419,1,1.638576,0.142,4.5,0.679
15420,1,1.638682,0.147,4.406,0.669
15421,1,1.638789,0.142,4.441,0.679
15422,1,1.638895,0.147,4.379,0.67
15423,1,1.639001,0.136,4.619,0.692
15424,1,1.639107,0.126,4.817,0.717
15425,1,1.639214,0.139,4.542,0.69
15426,1,1.639320,0.152,4.257,0.655
15427,1,1.639426,0.128,4.786,0.712
15428,1,1.639532,0.142,4.469,0.672
15429,1,1.639639,0.152,4.238,0.656
15430,1,1.639745,0.153,4.18,0.657
15431,1,1.639851,0.143,4.361,0.675
15432,1,1.639957,0.123,4.957,0.729
15433,1,1.640064,0.147,4.367,0.669
15434,1,1.640170,0.153,4.198,0.652
15435,1,1.640276,0.143,4.425,0.673
15436,1,1.640383,0.115,5.056,0.745
15437,1,1.640489,0.113,5.121,0.747
15438,1,1.640595,0.129,4.718,0.71
15439,1,1.640701,0.127,4.851,0.717
15440,1,1.640808,0.115,5.054,0.744
15441,1,1.640914,0.146,4.374,0.668
15442,1,1.641020,0.138,4.542,0.687
15443,1,1.641126,0.151,4.247,0.656
15444,1,1.641233,0.142,4.474,0.689
15445,1,1.641339,0.131,4.632,0.705
15446,1,1.641445,0.156,4.142,0.649
15447,1,1.641552,0.112,5.214,0.754
15448,1,1.641658,0.131,4.723,0.707
15449,1,1.641764,0.124,4.914,0.721
15450,1,1.641870,0.119,5.035,0.733
15451,1,1.641977,0.134,4.631,0.702
15452,1,1.642083,0.149,4.324,0.66
15453,1,1.642189,0.151,4.278,0.667
15454,1,1.642295,0.137,4.574,0.693
15455,1,1.642402,0.136,4.58,0.695
15456,1,1.642508,0.131,4.77,0.706
15457,1,1.642614,0.153,4.15,0.657
15458,1,1.642721,0.149,4.349,0.659
15459,1,1.642827,0.154,4.22,0.652
15460,1,1.642933,0.131,4.744,0.702
15461,1,1.643039,0.124,4.757,0.724
15462,1,1.643146,0.127,4.784,0.711
15463,1,1.643252,0.14,4.536,0.685
15464,1,1.643358,0.142,4.546,0.677
15465,1,1.643464,0.154,4.236,0.653
15466,1,1.643571,0.125,4.885,0.721
15467,1,1.643677,0.156,4.123,0.644
15468,1,1.643783,0.138,4.543,0.687
15469,1,1.643889,0.13,4.782,0.71
15470,1,1.643996,0.122,4.937,0.722
15471,1,1.644102,0.133,4.669,0.699
15472,1,1.644208,0.122,4.883,0.73
15473,1,1.644315,0.138,4.541,0.692
15474,1,1.644421,0.145,4.4,0.671
15475,1,1.644527,0.13,4.738,0.711
15476,1,1.644633,0.157,4.126,0.645
15477,1,1.644740,0.139,4.551,0.687
15478,1,1.644846,0.122,4.89,0.728
15479,1,1.644952,0.153,4.202,0.656
15480,1,1.645058,0.138,4.594,0.692
15481,1,1.645165,0.146,4.428,0.67
15482,1,1.645271,0.142,4.422,0.676
15483,1,1.645377,0.126,4.803,0.725
15484,1,1.645484,0.154,4.161,0.651
15485,1,1.645590,0.154,4.17,0.648
15486,1,1.645696,0.128,4.811,0.709
15487,1,1.645802,0.143,4.476,0.677
15488,1,1.645909,0.129,4.804,0.712
15489,1,1.646015,0.151,4.281,0.658
15490,1,1.646121,0.143,4.47,0.674
15491,1,1.646227,0.121,4.936,0.725
15492,1,1.646334,0.167,4.246,0.647
15493,1,1.646440,0.138,4.57,0.693
15494,1,1.646546,0.132,4.695,0.705
15495,1,1.646652,0.143,4.439,0.678
15496,1,1.646759,0.117,5.034,0.742
15497,1,1.646865,0.162,3.988,0.636
15498,1,1.646971,0.139,4.547,0.688
15499,1,1.647078,0.162,4.011,0.63
15500,1,1.647184,0.138,4.588,0.688
15501,1,1.647290,0.141,4.503,0.686
15502,1,1.647396,0.171,3.801,0.606
15503,1,1.647503,0.155,4.285,0.657
15504,1,1.647609,0.132,4.671,0.707
15505,1,1.647715,0.122,4.965,0.727
15506,1,1.647821,0.13,4.793,0.709
15507,1,1.647928,0.153,4.236,0.654
15508,1,1.648034,0.133,4.671,0.698
15509,1,1.648140,0.158,4.135,0.639
15510,1,1.648247,0.139,4.551,0.691
15511,1,1.648353,0.104,5.356,0.776
15512,1,1.648459,0.159,4.106,0.638
15513,1,1.648565,0.155,4.21,0.643
15514,1,1.648672,0.134,4.622,0.701
15515,1,1.648778,0.159,4.054,0.634
15516,1,1.648884,0.157,4.036,0.64
15517,1,1.648990,0.158,4.086,0.642
15518,1,1.649097,0.137,4.635,0.692
15519,1,1.649203,0.157,4.187,0.646
15520,1,1.649309,0.137,4.576,0.692
15521,1,1.649416,0.158,4.131,0.644
15522,1,1.649522,0.149,4.271,0.66
15523,1,1.649628,0.142,4.5,0.68
15524,1,1.649734,0.131,4.703,0.707
15525,1,1.649841,0.151,4.301,0.657
15526,1,1.649947,0.142,4.531,0.682
15527,1,1.650053,0.137,4.571,0.69
15528,1,1.650159,0.134,4.674,0.698
15529,1,1.650266,0.13,4.751,0.711
15530,1,1.650372,0.143,4.46,0.677
15531,1,1.650478,0.151,4.263,0.659
15532,1,1.650584,0.142,4.45,0.674
15533,1,1.650691,0.116,5.075,0.746
15534,1,1.650797,0.138,4.515,0.689
15535,1,1.650903,0.168,3.901,0.619
15536,1,1.651010,0.118,5.068,0.737
15537,1,1.651116,0.139,4.504,0.69
15538,1,1.651222,0.147,4.328,0.667
15539,1,1.651328,0.145,4.408,0.67
15540,1,1.651435,0.136,4.57,0.695
15541,1,1.651541,0.132,4.657,0.706
15542,1,1.651647,0.127,4.868,0.719
15543,1,1.651753,0.143,4.463,0.679
15544,1,1.651860,0.122,4.968,0.728
15545,1,1.651966,0.144,4.44,0.67
15546,1,1.652072,0.129,4.836,0.713
15547,1,1.652179,0.146,4.404,0.667
15548,1,1.652285,0.133,4.687,0.701
15549,1,1.652391,0.13,4.767,0.713
15550,1,1.652497,0.12,4.984,0.734
15551,1,1.652604,0.142,4.485,0.68
15552,1,1.652710,0.15,4.337,0.665
15553,1,1.652816,0.139,4.552,0.682
15554,1,1.652922,0.122,4.949,0.723
15555,1,1.653029,0.13,4.763,0.711
15556,1,1.653135,0.127,4.882,0.718
15557,1,1.653241,0.143,4.404,0.677
15558,1,1.653348,0.138,4.625,0.689
15559,1,1.653454,0.138,4.587,0.688
15560,1,1.653560,0.143,4.43,0.673
15561,1,1.653666,0.158,4.148,0.646
15562,1,1.653773,0.139,4.511,0.689
15563,1,1.653879,0.144,4.427,0.676
15564,1,1.653985,0.138,4.532,0.686
15565,1,1.654091,0.116,5.076,0.742
15566,1,1.654198,0.144,4.428,0.673
15567,1,1.654304,0.151,4.223,0.652
15568,1,1.654410,0.142,4.513,0.682
15569,1,1.654516,0.138,4.562,0.69
15570,1,1.654623,0.133,4.64,0.699
15571,1,1.654729,0.131,4.747,0.701
15572,1,1.654835,0.142,4.45,0.681
15573,1,1.654942,0.153,4.177,0.645
15574,1,1.655048,0.14,4.518,0.686
15575,1,1.655154,0.136,4.674,0.699
15576,1,1.655260,0.153,4.234,0.651
15577,1,1.655367,0.129,4.73,0.712
15578,1,1.655473,0.151,4.226,0.658
15579,1,1.655579,0.119,4.983,0.74
15580,1,1.655685,0.144,4.387,0.674
15581,1,1.655792,0.138,4.55,0.694
15582,1,1.655898,0.142,4.528,0.682
15583,1,1.656004,0.148,4.316,0.666
15584,1,1.656111,0.15,4.274,0.659
15585,1,1.656217,0.139,4.489,0.689
15586,1,1.656323,0.147,4.379,0.668
15587,1,1.656429,0.12,4.985,0.733
15588,1,1.656536,0.124,4.866,0.72
15589,1,1.656642,0.149,4.335,0.666
15590,1,1.656748,0.142,4.461,0.681
15591,1,1.656854,0.138,4.552,0.688
15592,1,1.656961,0.142,4.419,0.685
15593,1,1.657067,0.14,4.532,0.699
15594,1,1.657173,0.158,4.147,0.641
15595,1,1.657279,0.15,4.268,0.66
15596,1,1.657386,0.147,4.293,0.67
15597,1,1.657492,0.147,4.379,0.672
15598,1,1.657598,0.143,4.422,0.678
15599,1,1.657705,0.138,4.566,0.686
15600,1,1.657811,0.128,4.798,0.711
15601,1,1.657917,0.128,4.772,0.714
15602,1,1.658023,0.149,4.323,0.661
15603,1,1.658130,0.132,4.634,0.706
15604,1,1.658236,0.149,4.308,0.663
15605,1,1.658342,0.143,4.447,0.669
15606,1,1.658448,0.154,4.233,0.65
15607,1,1.658555,0.126,4.809,0.714
15608,1,1.658661,0.156,4.219,0.643
15609,1,1.658767,0.119,4.963,0.732
15610,1,1.658874,0.151,4.311,0.661
15611,1,1.658980,0.114,5.132,0.752
15612,1,1.659086,0.156,4.19,0.646
15613,1,1.659192,0.135,4.622,0.697
15614,1,1.659299,0.156,4.125,0.646
15615,1,1.659405,0.142,4.465,0.686
15616,1,1.659511,0.133,4.668,0.698
15617,1,1.659617,0.147,4.39,0.664
15618,1,1.659724,0.145,4.352,0.674
15619,1,1.659830,0.126,4.81,0.712
15620,1,1.659936,0.119,5.002,0.742
15621,1,1.660043,0.132,4.749,0.703
15622,1,1.660149,0.139,4.538,0.685
15623,1,1.660255,0.15,4.256,0.664
15624,1,1.660361,0.142,4.524,0.675
15625,1,1.660468,0.144,4.444,0.669
15626,1,1.660574,0.131,4.693,0.704
15627,1,1.660680,0.158,4.163,0.644
15628,1,1.660786,0.119,5.021,0.737
15629,1,1.660893,0.141,4.473,0.683
15630,1,1.660999,0.142,4.444,0.679
15631,1,1.661105,0.136,4.575,0.698
15632,1,1.661211,0.141,4.525,0.689
15633,1,1.661318,0.119,4.988,0.737
15634,1,1.661424,0.143,4.426,0.676
15635,1,1.661530,0.143,4.447,0.68
15636,1,1.661637,0.133,4.694,0.706
15637,1,1.661743,0.143,4.417,0.672
15638,1,1.661849,0.142,4.39,0.679
15639,1,1.661955,0.132,4.677,0.702
15640,1,1.662062,0.143,4.5,0.677
15641,1,1.662168,0.133,4.685,0.707
15642,1,1.662274,0.151,4.298,0.658
15643,1,1.662380,0.16,4.057,0.631
15644,1,1.662487,0.122,4.968,0.722
15645,1,1.662593,0.153,4.201,0.653
15646,1,1.662699,0.147,4.4,0.666
15647,1,1.662806,0.143,4.51,0.673
15648,1,1.662912,0.131,4.731,0.706
15649,1,1.663018,0.12,4.938,0.731
15650,1,1.663124,0.159,4.082,0.643
15651,1,1.663231,0.151,4.293,0.654
15652,1,1.663337,0.155,4.184,0.65
15653,1,1.663443,0.141,4.515,0.681
15654,1,1.663549,0.128,4.823,0.713
15655,1,1.663656,0.159,4.1,0.636
15656,1,1.663762,0.131,4.719,0.708
15657,1,1.663868,0.155,4.573,0.68
15658,1,1.663974,0.132,4.67,0.698
15659,1,1.664081,0.145,4.369,0.668
15660,1,1.664187,0.142,4.511,0.683
15661,1,1.664293,0.147,4.373,0.668
15662,1,1.664400,0.231,4.155,0.63
15663,1,1.664506,0.128,4.797,0.709
15664,1,1.664612,0.143,4.497,0.677
15665,1,1.664718,0.138,4.553,0.692
15666,1,1.664825,0.164,3.922,0.623
15667,1,1.664931,0.131,4.69,0.702
15668,1,1.665037,0.144,4.392,0.672
15669,1,1.665143,0.143,4.411,0.672
15670,1,1.665250,0.142,4.458,0.679
15671,1,1.665356,0.146,4.353,0.671
15672,1,1.665462,0.146,4.33,0.671
15673,1,1.665569,0.155,4.127,0.645
15674,1,1.665675,0.148,4.305,0.665
15675,1,1.665781,0.15,4.277,0.665
15676,1,1.665887,0.128,4.8,0.716
15677,1,1.665994,0.143,4.415,0.676
15678,1,1.666100,0.138,4.578,0.691
15679,1,1.666206,0.134,4.718,0.7
15680,1,1.666312,0.14,4.572,0.689
15681,1,1.666419,0.143,4.475,0.678
15682,1,1.666525,0.134,4.687,0.7
15683,1,1.666631,0.162,4.048,0.634
15684,1,1.666738,0.14,4.59,0.683
15685,1,1.666844,0.159,4.117,0.638
15686,1,1.666950,0.161,4.042,0.635
15687,1,1.667056,0.15,4.352,0.666
15688,1,1.667163,0.136,4.595,0.693
15689,1,1.667269,0.154,4.199,0.651
15690,1,1.667375,0.143,4.455,0.681
15691,1,1.667481,0.145,4.406,0.673
15692,1,1.667588,0.123,4.94,0.729
15693,1,1.667694,0.132,4.624,0.705
15694,1,1.667800,0.141,4.515,0.686
15695,1,1.667906,0.14,4.494,0.687
15696,1,1.668013,0.138,4.537,0.695
15697,1,1.668119,0.126,4.893,0.715
15698,1,1.668225,0.155,4.13,0.651
15699,1,1.668332,0.143,4.429,0.68
15700,1,1.668438,0.147,4.313,0.668
15701,1,1.668544,0.139,4.54,0.685
15702,1,1.668650,0.133,4.624,0.696
15703,1,1.668757,0.135,4.641,0.698
15704,1,1.668863,0.136,4.657,0.699
15705,1,1.668969,0.149,4.335,0.661
15706,1,1.669075,0.139,4.599,0.688
15707,1,1.669182,0.143,4.401,0.681
15708,1,1.669288,0.154,4.188,0.652
15709,1,1.669394,0.135,4.623,0.696
15710,1,1.669501,0.153,4.197,0.655
15711,1,1.669607,0.138,4.49,0.679
15712,1,1.669713,0.139,4.542,0.686
15713,1,1.669819,0.149,4.357,0.661
15714,1,1.669926,0.147,4.4,0.666
15715,1,1.670032,0.159,4.015,0.634
15716,1,1.670138,0.14,4.573,0.692
15717,1,1.670244,0.131,4.746,0.707
15718,1,1.670351,0.129,4.838,0.712
15719,1,1.670457,0.14,4.466,0.688
15720,1,1.670563,0.142,4.459,0.687
15721,1,1.670670,0.148,4.32,0.668
15722,1,1.670776,0.137,4.544,0.697
15723,1,1.670882,0.133,4.625,0.703
15724,1,1.670988,0.141,4.494,0.684
15725,1,1.671095,0.158,4.106,0.634
15726,1,1.671201,0.131,4.693,0.714
15727,1,1.671307,0.131,4.764,0.704
15728,1,1.671413,0.143,4.555,0.682
15729,1,1.671520,0.137,4.531,0.696
15730,1,1.671626,0.154,4.165,0.65
15731,1,1.671732,0.132,4.699,0.704
15732,1,1.671838,0.15,4.255,0.659
15733,1,1.671945,0.16,4.08,0.635
15734,1,1.672051,0.14,4.48,0.682
15735,1,1.672157,0.143,4.414,0.675
15736,1,1.672264,0.16,4.03,0.631
15737,1,1.672370,0.15,4.309,0.664
15738,1,1.672476,0.122,4.922,0.727
15739,1,1.672582,0.117,5.065,0.743
15740,1,1.672689,0.145,4.405,0.678
15741,1,1.672795,0.132,4.684,0.7
15742,1,1.672901,0.152,4.214,0.662
15743,1,1.673007,0.156,4.15,0.641
15744,1,1.673114,0.142,4.601,0.689
15745,1,1.673220,0.14,4.504,0.687
15746,1,1.673326,0.127,4.875,0.721
15747,1,1.673433,0.144,4.415,0.673
15748,1,1.673539,0.136,4.615,0.693
15749,1,1.673645,0.147,4.322,0.665
15750,1,1.673751,0.17,3.89,0.605
15751,1,1.673858,0.134,4.619,0.706
15752,1,1.673964,0.136,4.633,0.696
15753,1,1.674070,0.129,4.8,0.713
15754,1,1.674176,0.119,5.011,0.738
15755,1,1.674283,0.146,4.355,0.671
15756,1,1.674389,0.126,4.88,0.715
15757,1,1.674495,0.15,4.33,0.662
15758,1,1.674601,0.128,4.831,0.716
15759,1,1.674708,0.138,4.498,0.695
15760,1,1.674814,0.154,4.231,0.653
15761,1,1.674920,0.157,4.075,0.643
15762,1,1.675027,0.143,4.478,0.675
15763,1,1.675133,0.157,4.174,0.645
15764,1,1.675239,0.16,4.058,0.636
15765,1,1.675345,0.131,4.738,0.71
15766,1,1.675452,0.131,4.662,0.708
15767,1,1.675558,0.142,4.47,0.683
15768,1,1.675664,0.147,4.402,0.672
15769,1,1.675770,0.13,4.699,0.708
15770,1,1.675877,0.136,4.514,0.691
15771,1,1.675983,0.123,4.951,0.727
15772,1,1.676089,0.142,4.483,0.689
15773,1,1.676196,0.137,4.583,0.693
15774,1,1.676302,0.144,4.425,0.674
15775,1,1.676408,0.138,4.555,0.687
15776,1,1.676514,0.125,4.922,0.725
15777,1,1.676621,0.137,4.553,0.693
15778,1,1.676727,0.154,4.184,0.656
15779,1,1.676833,0.141,4.485,0.676
15780,1,1.676939,0.138,4.562,0.689
15781,1,1.677046,0.128,4.8,0.714
15782,1,1.677152,0.117,5.033,0.739
15783,1,1.677258,0.14,4.549,0.683
15784,1,1.677365,0.142,4.421,0.673
15785,1,1.677471,0.15,4.247,0.66
15786,1,1.677577,0.153,4.285,0.651
15787,1,1.677683,0.159,4.056,0.638
15788,1,1.677790,0.115,5.079,0.744
15789,1,1.677896,0.133,4.674,0.7
15790,1,1.678002,0.135,4.622,0.699
15791,1,1.678108,0.138,4.564,0.693
15792,1,1.678215,0.119,4.942,0.735
15793,1,1.678321,0.131,4.708,0.706
15794,1,1.678427,0.134,4.645,0.699
15795,1,1.678533,0.163,4.008,0.633
15796,1,1.678640,0.146,4.401,0.669
15797,1,1.678746,0.14,4.486,0.688
15798,1,1.678852,0.115,5.084,0.746
15799,1,1.678959,0.129,4.763,0.709
15800,1,1.679065,0.142,4.509,0.683
15801,1,1.679171,0.139,4.54,0.689
15802,1,1.679277,0.153,4.197,0.648
15803,1,1.679384,0.134,4.657,0.701
15804,1,1.679490,0.145,4.458,0.669
15805,1,1.679596,0.15,4.237,0.654
15806,1,1.679702,0.142,4.475,0.677
15807,1,1.679809,0.14,4.525,0.69
15808,1,1.679915,0.149,4.33,0.665
15809,1,1.680021,0.15,4.302,0.659
15810,1,1.680128,0.146,4.383,0.667
15811,1,1.680234,0.147,4.331,0.669
15812,1,1.680340,0.151,4.257,0.66
15813,1,1.680446,0.131,4.703,0.703
15814,1,1.680553,0.144,4.441,0.672
15815,1,1.680659,0.147,4.352,0.668
15816,1,1.680765,0.134,4.621,0.698
15817,1,1.680871,0.134,4.65,0.696
15818,1,1.680978,0.118,5.03,0.738
15819,1,1.681084,0.157,4.129,0.641
15820,1,1.681190,0.117,5.056,0.736
15821,1,1.681296,0.151,4.327,0.654
15822,1,1.681403,0.156,4.113,0.645
15823,1,1.681509,0.141,4.476,0.685
15824,1,1.681615,0.152,4.264,0.66
15825,1,1.681722,0.163,4.037,0.63
15826,1,1.681828,0.133,4.692,0.705
15827,1,1.681934,0.145,4.371,0.671
15828,1,1.682040,0.132,4.68,0.701
15829,1,1.682147,0.15,4.299,0.665
15830,1,1.682253,0.153,4.207,0.644
15831,1,1.682359,0.136,4.644,0.696
15832,1,1.682465,0.154,4.192,0.648
15833,1,1.682572,0.147,4.361,0.67
15834,1,1.682678,0.139,4.505,0.686
15835,1,1.682784,0.152,4.257,0.655
15836,1,1.682891,0.13,4.75,0.709
15837,1,1.682997,0.149,4.302,0.664
15838,1,1.683103,0.154,4.195,0.646
15839,1,1.683209,0.142,4.529,0.684
15840,1,1.683316,0.134,4.65,0.693
15841,1,1.683422,0.142,4.437,0.676
15842,1,1.683528,0.139,4.57,0.682
15843,1,1.683634,0.127,4.83,0.712
15844,1,1.683741,0.13,4.749,0.71
15845,1,1.683847,0.127,4.801,0.719
15846,1,1.683953,0.123,4.868,0.728
15847,1,1.684060,0.136,4.555,0.697
15848,1,1.684166,0.134,4.636,0.701
15849,1,1.684272,0.155,4.172,0.646
15850,1,1.684378,0.125,4.87,0.724
15851,1,1.684485,0.158,4.12,0.636
15852,1,1.684591,0.133,4.626,0.699
15853,1,1.684697,0.174,4.207,0.641
15854,1,1.684803,0.147,4.359,0.665
15855,1,1.684910,0.153,4.282,0.653
15856,1,1.685016,0.115,5.058,0.745
15857,1,1.685122,0.153,4.218,0.652
15858,1,1.685228,0.132,4.704,0.703
15859,1,1.685335,0.134,4.634,0.7
15860,1,1.685441,0.137,4.61,0.696
15861,1,1.685547,0.134,4.664,0.7
15862,1,1.685654,0.145,4.433,0.671
15863,1,1.685760,0.159,4.061,0.638
15864,1,1.685866,0.128,4.823,0.714
15865,1,1.685972,0.138,4.558,0.689
15866,1,1.686079,0.137,4.614,0.694
15867,1,1.686185,0.141,4.532,0.685
15868,1,1.686291,0.154,4.223,0.653
15869,1,1.686397,0.153,4.207,0.649
15870,1,1.686504,0.141,4.482,0.681
15871,1,1.686610,0.144,4.387,0.675
15872,1,1.686716,0.119,4.996,0.734
15873,1,1.686823,0.141,4.5,0.691
15874,1,1.686929,0.139,4.504,0.691
15875,1,1.687035,0.142,4.455,0.677
15876,1,1.687141,0.131,4.667,0.706
15877,1,1.687248,0.1,5.399,0.786
15878,1,1.687354,0.134,4.627,0.698
15879,1,1.687460,0.131,4.667,0.71
15880,1,1.687566,0.156,4.093,0.643
15881,1,1.687673,0.139,4.538,0.688
15882,1,1.687779,0.143,4.408,0.675
15883,1,1.687885,0.119,5.038,0.738
15884,1,1.687991,0.136,4.568,0.694
15885,1,1.688098,0.134,4.631,0.698
15886,1,1.688204,0.138,4.569,0.686
15887,1,1.688310,0.13,4.75,0.71
15888,1,1.688417,0.138,4.557,0.691
15889,1,1.688523,0.112,5.19,0.755
15890,1,1.688629,0.15,4.272,0.657
15891,1,1.688735,0.123,4.849,0.724
15892,1,1.688842,0.146,4.409,0.67
15893,1,1.688948,0.15,4.206,0.66
15894,1,1.689054,0.144,4.439,0.673
15895,1,1.689160,0.121,4.903,0.732
15896,1,1.689267,0.146,4.43,0.671
15897,1,1.689373,0.159,4.069,0.636
15898,1,1.689479,0.161,4.058,0.633
15899,1,1.689586,0.127,4.826,0.713
15901,1,1.689798,0.125,4.893,0.722
15902,1,1.689904,0.124,4.897,0.729
15903,1,1.690011,0.139,4.562,0.69
15904,1,1.690117,0.142,4.453,0.683
15905,1,1.690223,0.158,4.128,0.636
15906,1,1.690329,0.144,4.44,0.673
15907,1,1.690436,0.142,4.478,0.685
15908,1,1.690542,0.146,4.5,0.684
15909,1,1.690648,0.127,4.818,0.715
15910,1,1.690755,0.147,4.376,0.67
15911,1,1.690861,0.135,4.651,0.694
15912,1,1.690967,0.134,4.654,0.701
15913,1,1.691073,0.143,4.412,0.676
15914,1,1.691180,0.138,4.573,0.686
15915,1,1.691286,0.151,4.296,0.654
15916,1,1.691392,0.146,4.383,0.669
15917,1,1.691498,0.139,4.559,0.684
15918,1,1.691605,0.13,4.756,0.709
15919,1,1.691711,0.129,4.771,0.713
15920,1,1.691817,0.137,4.546,0.691
15921,1,1.691923,0.138,4.539,0.687
15922,1,1.692030,0.12,4.955,0.73
15923,1,1.692136,0.129,4.783,0.716
15924,1,1.692242,0.134,4.646,0.702
15925,1,1.692349,0.134,4.654,0.694
15926,1,1.692455,0.165,4.008,0.625
15927,1,1.692561,0.137,4.621,0.691
15928,1,1.692667,0.135,4.625,0.695
15929,1,1.692774,0.131,4.718,0.705
15930,1,1.692880,0.129,4.795,0.714
15931,1,1.692986,0.133,4.665,0.703
15932,1,1.693092,0.14,4.54,0.69
15933,1,1.693199,0.134,4.651,0.699
15934,1,1.693305,0.133,4.68,0.701
15935,1,1.693411,0.133,4.634,0.702
15936,1,1.693518,0.128,4.773,0.715
15937,1,1.693624,0.14,4.517,0.682
15938,1,1.693730,0.147,4.285,0.664
15939,1,1.693836,0.119,4.947,0.732
15940,1,1.693943,0.138,4.468,0.688
15941,1,1.694049,0.134,4.653,0.697
15942,1,1.694155,0.131,4.706,0.707
15943,1,1.694261,0.144,4.41,0.675
15944,1,1.694368,0.162,4.056,0.631
15945,1,1.694474,0.131,4.689,0.704
15946,1,1.694580,0.144,4.389,0.675
15947,1,1.694687,0.128,4.775,0.716
15948,1,1.694793,0.144,4.399,0.673
15949,1,1.694899,0.151,4.32,0.658
15950,1,1.695005,0.139,4.543,0.69
15951,1,1.695112,0.123,4.9,0.723
15952,1,1.695218,0.137,4.585,0.691
15953,1,1.695324,0.122,4.93,0.734
15954,1,1.695430,0.153,4.231,0.654
15955,1,1.695537,0.138,4.552,0.695
15956,1,1.695643,0.152,4.291,0.659
15957,1,1.695749,0.123,4.912,0.72
15958,1,1.695855,0.142,4.486,0.681
15959,1,1.695962,0.153,4.277,0.652
15960,1,1.696068,0.136,4.55,0.689
15961,1,1.696174,0.137,4.616,0.696
15962,1,1.696281,0.144,4.44,0.677
15963,1,1.696387,0.138,4.633,0.688
15964,1,1.696493,0.153,4.253,0.656
15965,1,1.696599,0.15,4.287,0.663
15966,1,1.696706,0.142,4.531,0.68
15967,1,1.696812,0.126,4.814,0.718
15968,1,1.696918,0.143,4.407,0.678
15969,1,1.697024,0.147,4.335,0.67
15970,1,1.697131,0.134,4.659,0.696
15971,1,1.697237,0.137,4.601,0.696
15972,1,1.697343,0.165,3.959,0.618
15973,1,1.697450,0.14,4.495,0.684
15974,1,1.697556,0.14,4.5,0.681
15975,1,1.697662,0.127,4.79,0.716
15976,1,1.697768,0.138,4.566,0.688
15977,1,1.697875,0.155,4.189,0.645
15978,1,1.697981,0.153,4.179,0.656
15979,1,1.698087,0.126,4.783,0.715
15980,1,1.698193,0.134,4.634,0.693
15981,1,1.698300,0.162,4.022,0.631
15982,1,1.698406,0.147,4.334,0.668
15983,1,1.698512,0.139,4.578,0.689
15984,1,1.698618,0.153,4.206,0.648
15985,1,1.698725,0.131,4.739,0.711
15986,1,1.698831,0.135,4.602,0.691
15987,1,1.698937,0.132,4.696,0.704
15988,1,1.699044,0.155,4.184,0.645
15989,1,1.699150,0.131,4.701,0.705
15990,1,1.699256,0.132,4.679,0.703
15991,1,1.699362,0.136,4.59,0.691
15992,1,1.699469,0.15,4.261,0.661
15993,1,1.699575,0.142,4.484,0.677
15994,1,1.699681,0.145,4.361,0.671
15995,1,1.699787,0.161,4.063,0.63
15996,1,1.699894,0.15,4.346,0.661
15997,1,1.700000,0.116,5.033,0.743
15998,1,1.700106,0.153,4.256,0.646
15999,1,1.700213,0.131,4.684,0.696
16000,1,1.700319,0.134,4.658,0.697
16001,1,1.700425,0.149,4.26,0.659
16002,1,1.700531,0.132,4.654,0.702
16003,1,1.700638,0.147,4.319,0.662
16004,1,1.700744,0.138,4.603,0.692
16005,1,1.700850,0.132,4.666,0.704
16006,1,1.700956,0.152,4.266,0.657
16007,1,1.701063,0.13,4.745,0.698
16008,1,1.701169,0.145,4.365,0.669
16009,1,1.701275,0.115,5.105,0.747
16010,1,1.701382,0.121,4.942,0.732
16011,1,1.701488,0.151,4.305,0.657
16012,1,1.701594,0.143,4.446,0.675
16013,1,1.701700,0.131,4.762,0.702
16014,1,1.701807,0.148,4.284,0.661
16015,1,1.701913,0.137,4.567,0.691
16016,1,1.702019,0.142,4.428,0.675
16017,1,1.702125,0.119,4.946,0.735
16018,1,1.702232,0.142,4.515,0.682
16019,1,1.702338,0.149,4.315,0.662
16020,1,1.702444,0.137,4.603,0.697
16021,1,1.702550,0.133,4.672,0.703
16022,1,1.702657,0.13,4.74,0.706
16023,1,1.702763,0.135,4.685,0.693
16024,1,1.702869,0.139,4.531,0.693
16025,1,1.702976,0.147,4.402,0.666
16026,1,1.703082,0.135,4.635,0.698
16027,1,1.703188,0.155,4.163,0.644
16028,1,1.703294,0.14,4.551,0.682
16029,1,1.703401,0.149,4.311,0.662
16030,1,1.703507,0.144,4.437,0.672
16031,1,1.703613,0.144,4.375,0.675
16032,1,1.703719,0.142,4.483,0.68
16033,1,1.703826,0.13,4.708,0.707
16034,1,1.703932,0.131,4.749,0.707
16035,1,1.704038,0.138,4.648,0.696
16036,1,1.704145,0.144,4.487,0.678
16037,1,1.704251,0.12,5.002,0.736
16038,1,1.704357,0.15,4.262,0.662
16039,1,1.704463,0.146,4.376,0.671
16040,1,1.704570,0.137,4.504,0.69
16041,1,1.704676,0.123,4.918,0.73
16042,1,1.704782,0.126,4.839,0.72
16043,1,1.704888,0.142,4.468,0.675
16044,1,1.704995,0.141,4.484,0.683
16045,1,1.705101,0.153,4.156,0.649
16046,1,1.705207,0.141,4.476,0.685
16047,1,1.705313,0.144,4.43,0.669
16048,1,1.705420,0.134,4.623,0.701
16049,1,1.705526,0.132,4.707,0.707
16050,1,1.705632,0.142,4.455,0.682
16051,1,1.705739,0.149,4.243,0.661
16052,1,1.705845,0.137,4.542,0.694
16053,1,1.705951,0.154,4.236,0.649
16054,1,1.706057,0.146,4.393,0.66
16055,1,1.706164,0.136,4.619,0.691
16056,1,1.706270,0.151,4.336,0.66
16057,1,1.706376,0.143,4.432,0.675
16058,1,1.706482,0.153,4.201,0.646
16059,1,1.706589,0.136,4.607,0.695
16060,1,1.706695,0.133,4.692,0.701
16061,1,1.706801,0.159,4.058,0.631
16062,1,1.706908,0.139,4.528,0.686
16063,1,1.707014,0.145,4.331,0.672
16064,1,1.707120,0.131,4.727,0.702
16065,1,1.707226,0.128,4.723,0.71
16066,1,1.707333,0.125,4.862,0.723
16067,1,1.707439,0.151,4.203,0.659
16068,1,1.707545,0.164,4.172,0.651
16069,1,1.707651,0.12,4.947,0.732
16070,1,1.707758,0.141,4.451,0.682
16071,1,1.707864,0.132,4.732,0.701
16072,1,1.707970,0.137,4.605,0.699
16073,1,1.708077,0.132,4.7,0.706
16074,1,1.708183,0.145,4.411,0.667
16075,1,1.708289,0.141,4.481,0.683
16076,1,1.708395,0.154,4.195,0.645
16077,1,1.708502,0.121,4.984,0.728
16078,1,1.708608,0.142,4.511,0.686
16079,1,1.708714,0.136,4.637,0.703
16080,1,1.708820,0.144,4.363,0.674
16081,1,1.708927,0.14,4.485,0.689
16082,1,1.709033,0.165,3.954,0.622
16083,1,1.709139,0.119,5.019,0.737
16084,1,1.709245,0.122,4.857,0.729
16085,1,1.709352,0.149,4.312,0.666
16086,1,1.709458,0.125,4.863,0.718
16087,1,1.709564,0.138,4.601,0.687
16088,1,1.709671,0.125,4.857,0.72
16089,1,1.709777,0.121,4.947,0.734
16090,1,1.709883,0.123,4.895,0.726
16091,1,1.709989,0.148,4.349,0.665
16092,1,1.710096,0.128,4.824,0.718
16093,1,1.710202,0.147,4.367,0.667
16094,1,1.710308,0.136,4.59,0.697
16095,1,1.710414,0.146,4.418,0.669
16096,1,1.710521,0.141,4.585,0.683
16097,1,1.710627,0.13,4.741,0.708
16098,1,1.710733,0.126,4.81,0.72
16099,1,1.710840,0.151,4.281,0.66
16100,1,1.710946,0.141,4.516,0.686
16101,1,1.711052,0.146,4.382,0.671
16102,1,1.711158,0.155,4.164,0.645
16103,1,1.711265,0.144,4.406,0.673
16104,1,1.711371,0.12,4.934,0.732
16105,1,1.711477,0.145,4.371,0.67
16106,1,1.711583,0.146,4.405,0.666
16107,1,1.711690,0.154,4.157,0.649
16108,1,1.711796,0.154,4.257,0.653
16109,1,1.711902,0.141,4.522,0.68
16110,1,1.712009,0.141,4.458,0.683
16111,1,1.712115,0.127,4.828,0.719
16112,1,1.712221,0.136,4.582,0.695
16113,1,1.712327,0.143,4.459,0.676
16114,1,1.712434,0.142,4.464,0.681
16115,1,1.712540,0.139,4.567,0.691
16116,1,1.712646,0.149,4.31,0.662
16117,1,1.712752,0.132,4.685,0.703
16118,1,1.712859,0.157,4.125,0.638
16119,1,1.712965,0.142,4.507,0.676
16120,1,1.713071,0.14,4.505,0.688
16121,1,1.713177,0.151,4.247,0.656
16122,1,1.713284,0.136,4.584,0.687
16123,1,1.713390,0.156,4.185,0.645
16124,1,1.713496,0.142,4.522,0.683
16125,1,1.713603,0.145,4.442,0.673
16126,1,1.713709,0.135,4.607,0.699
16127,1,1.713815,0.153,4.276,0.656
16128,1,1.713921,0.128,4.772,0.715
16129,1,1.714028,0.141,4.544,0.683
16130,1,1.714134,0.153,4.292,0.657
16131,1,1.714240,0.142,4.466,0.681
16132,1,1.714346,0.149,4.305,0.654
16133,1,1.714453,0.141,4.472,0.686
16134,1,1.714559,0.154,4.241,0.646
16135,1,1.714665,0.162,4.065,0.632
16136,1,1.714772,0.142,4.576,0.684
16137,1,1.714878,0.138,4.531,0.689
16138,1,1.714984,0.145,4.431,0.672
16139,1,1.715090,0.152,4.28,0.657
16140,1,1.715197,0.135,4.628,0.693
16141,1,1.715303,0.133,4.653,0.7
16142,1,1.715409,0.136,4.607,0.698
16143,1,1.715515,0.138,4.539,0.693
16144,1,1.715622,0.147,4.419,0.663
16145,1,1.715728,0.141,4.501,0.682
16146,1,1.715834,0.152,4.21,0.654
16147,1,1.715940,0.149,4.347,0.66
16148,1,1.716047,0.133,4.681,0.701
16149,1,1.716153,0.152,4.226,0.653
16150,1,1.716259,0.142,4.468,0.68
16151,1,1.716366,0.136,4.563,0.693
16152,1,1.716472,0.115,5.127,0.744
16153,1,1.716578,0.115,5.072,0.741
16154,1,1.716684,0.136,4.613,0.695
16155,1,1.716791,0.153,4.223,0.65
16156,1,1.716897,0.162,4.038,0.636
16157,1,1.717003,0.145,4.435,0.671
16158,1,1.717109,0.129,4.68,0.716
16159,1,1.717216,0.14,4.497,0.684
16160,1,1.717322,0.151,4.232,0.664
16161,1,1.717428,0.149,4.302,0.663
16162,1,1.717535,0.147,4.332,0.668
16163,1,1.717641,0.151,4.279,0.656
16164,1,1.717747,0.143,4.417,0.677
16165,1,1.717853,0.131,4.69,0.707
16166,1,1.717960,0.142,4.491,0.683
16167,1,1.718066,0.127,4.832,0.712
16168,1,1.718172,0.148,4.375,0.662
16169,1,1.718278,0.141,4.421,0.679
16170,1,1.718385,0.137,4.62,0.689
16171,1,1.718491,0.135,4.59,0.697
16172,1,1.718597,0.145,4.439,0.671
16173,1,1.718704,0.144,4.4,0.676
16174,1,1.718810,0.153,4.197,0.652
16175,1,1.718916,0.14,4.502,0.686
16176,1,1.719022,0.142,4.493,0.681
16177,1,1.719129,0.131,4.685,0.71
16178,1,1.719235,0.134,4.624,0.692
16179,1,1.719341,0.146,4.326,0.675
16180,1,1.719447,0.14,4.543,0.685
16181,1,1.719554,0.13,4.704,0.712
16182,1,1.719660,0.149,4.284,0.661
16183,1,1.719766,0.121,4.866,0.729
16184,1,1.719872,0.14,4.545,0.685
16185,1,1.719979,0.127,4.824,0.716
16186,1,1.720085,0.152,4.253,0.654
16187,1,1.720191,0.125,4.81,0.721
16188,1,1.720298,0.138,4.623,0.693
16189,1,1.720404,0.123,4.833,0.723
16190,1,1.720510,0.14,4.494,0.689
16191,1,1.720616,0.134,4.659,0.704
16192,1,1.720723,0.131,4.709,0.706
16193,1,1.720829,0.131,4.707,0.708
16194,1,1.720935,0.149,4.309,0.666
16195,1,1.721041,0.148,4.335,0.661
16196,1,1.721148,0.136,4.584,0.693
16197,1,1.721254,0.134,4.645,0.704
16198,1,1.721360,0.15,4.277,0.661
16199,1,1.721467,0.148,4.288,0.664
16200,1,1.721573,0.149,4.401,0.662
16201,1,1.721679,0.127,4.826,0.718
16202,1,1.721785,0.145,4.397,0.674
16203,1,1.721892,0.139,4.553,0.7
16204,1,1.721998,0.118,4.991,0.734
16205,1,1.722104,0.14,4.53,0.687
16206,1,1.722210,0.138,4.555,0.69
16207,1,1.722317,0.139,4.536,0.683
16208,1,1.722423,0.149,4.338,0.66
16209,1,1.722529,0.14,4.477,0.68
16210,1,1.722635,0.14,4.515,0.682
16211,1,1.722742,0.145,4.323,0.674
16212,1,1.722848,0.153,4.246,0.653
16213,1,1.722954,0.128,4.824,0.714
16214,1,1.723061,0.145,4.44,0.673
16215,1,1.723167,0.139,4.541,0.692
16216,1,1.723273,0.141,4.521,0.679
16217,1,1.723379,0.138,4.549,0.687
16218,1,1.723486,0.157,4.126,0.639
16219,1,1.723592,0.141,4.468,0.681
16220,1,1.723698,0.148,4.313,0.666
16221,1,1.723804,0.147,4.351,0.665
16222,1,1.723911,0.155,4.202,0.644
16223,1,1.724017,0.134,4.654,0.699
16224,1,1.724123,0.134,4.624,0.698
16225,1,1.724230,0.124,4.885,0.72
16226,1,1.724336,0.112,5.119,0.755
16227,1,1.724442,0.131,4.747,0.709
16228,1,1.724548,0.14,4.546,0.684
16229,1,1.724655,0.14,4.511,0.681
16230,1,1.724761,0.141,4.511,0.682
16231,1,1.724867,0.121,4.919,0.73
16232,1,1.724973,0.162,4.071,0.631
16233,1,1.725080,0.14,4.487,0.684
16234,1,1.725186,0.132,4.715,0.709
16235,1,1.725292,0.15,4.278,0.664
16236,1,1.725399,0.126,4.859,0.721
16237,1,1.725505,0.145,4.356,0.673
16238,1,1.725611,0.133,4.697,0.702
16239,1,1.725717,0.125,4.874,0.72
16240,1,1.725824,0.139,4.573,0.691
16241,1,1.725930,0.131,4.718,0.712
16242,1,1.726036,0.121,4.93,0.724
16243,1,1.726142,0.127,4.835,0.716
16244,1,1.726249,0.134,4.622,0.7
16245,1,1.726355,0.148,4.287,0.663
16246,1,1.726461,0.144,4.466,0.673
16247,1,1.726567,0.149,4.316,0.664
16248,1,1.726674,0.136,4.593,0.693
16249,1,1.726780,0.152,4.248,0.656
16250,1,1.726886,0.133,4.669,0.703
16251,1,1.726993,0.151,4.272,0.657
16252,1,1.727099,0.136,4.623,0.694
16253,1,1.727205,0.16,4.058,0.637
16254,1,1.727311,0.126,4.861,0.719
16255,1,1.727418,0.169,3.897,0.614
16256,1,1.727524,0.142,4.46,0.68
16257,1,1.727630,0.127,4.828,0.713
16258,1,1.727736,0.133,4.68,0.701
16259,1,1.727843,0.133,4.685,0.702
16260,1,1.727949,0.14,4.496,0.687
16261,1,1.728055,0.132,4.61,0.703
16262,1,1.728162,0.132,4.749,0.703
16263,1,1.728268,0.128,4.853,0.713
16264,1,1.728374,0.127,4.789,0.714
16265,1,1.728480,0.142,4.504,0.677
16266,1,1.728587,0.133,4.639,0.7
16267,1,1.728693,0.145,4.435,0.673
16268,1,1.728799,0.133,4.634,0.7
16269,1,1.728905,0.135,4.661,0.696
16270,1,1.729012,0.126,4.837,0.722
16271,1,1.729118,0.153,4.232,0.65
16272,1,1.729224,0.12,4.929,0.73
16273,1,1.729330,0.153,4.235,0.651
16274,1,1.729437,0.146,4.364,0.669
16275,1,1.729543,0.133,4.705,0.697
16276,1,1.729649,0.136,4.555,0.694
16277,1,1.729756,0.148,4.393,0.666
16278,1,1.729862,0.143,4.445,0.674
16279,1,1.729968,0.126,4.829,0.716
16280,1,1.730074,0.138,4.544,0.69
16281,1,1.730181,0.127,4.798,0.717
16282,1,1.730287,0.145,4.352,0.671
16283,1,1.730393,0.14,4.551,0.686
16284,1,1.730499,0.137,4.576,0.692
16285,1,1.730606,0.133,4.643,0.704
16286,1,1.730712,0.125,4.797,0.721
16287,1,1.730818,0.151,4.301,0.656
16288,1,1.730925,0.123,4.913,0.726
16289,1,1.731031,0.125,4.838,0.722
16290,1,1.731137,0.138,4.618,0.685
16291,1,1.731243,0.105,5.363,0.773
16292,1,1.731350,0.137,4.597,0.692
16293,1,1.731456,0.134,4.652,0.697
16294,1,1.731562,0.133,4.618,0.698
16295,1,1.731668,0.132,4.655,0.699
16296,1,1.731775,0.139,4.566,0.685
16297,1,1.731881,0.124,4.93,0.721
16298,1,1.731987,0.126,4.908,0.717
16299,1,1.732094,0.136,4.573,0.691
16300,1,1.732200,0.137,4.595,0.694
16301,1,1.732306,0.134,4.659,0.696
16302,1,1.732412,0.126,4.81,0.72
16303,1,1.732519,0.124,4.882,0.724
16304,1,1.732625,0.133,4.645,0.701
16305,1,1.732731,0.142,4.424,0.676
16306,1,1.732837,0.145,4.377,0.671
16307,1,1.732944,0.147,4.346,0.668
16308,1,1.733050,0.146,4.357,0.66
16309,1,1.733156,0.136,4.591,0.696
16310,1,1.733262,0.133,4.652,0.698
16311,1,1.733369,0.137,4.573,0.693
16312,1,1.733475,0.13,4.753,0.712
16313,1,1.733581,0.133,4.68,0.703
16314,1,1.733688,0.136,4.586,0.693
16315,1,1.733794,0.15,4.282,0.657
16316,1,1.733900,0.135,4.617,0.7
16317,1,1.734006,0.136,4.615,0.693
16318,1,1.734113,0.151,4.218,0.657
16319,1,1.734219,0.148,4.314,0.668
16320,1,1.734325,0.132,4.681,0.701
16321,1,1.734431,0.131,4.785,0.707
16322,1,1.734538,0.139,4.558,0.689
16323,1,1.734644,0.165,3.985,0.624
16324,1,1.734750,0.153,4.238,0.649
16325,1,1.734857,0.145,4.38,0.678
16326,1,1.734963,0.128,4.796,0.714
16327,1,1.735069,0.138,4.575,0.686
16328,1,1.735175,0.131,4.714,0.707
16329,1,1.735282,0.134,4.598,0.701
16330,1,1.735388,0.124,4.84,0.727
16331,1,1.735494,0.165,3.985,0.623
16332,1,1.735600,0.142,4.476,0.678
16333,1,1.735707,0.142,4.487,0.683
16334,1,1.735813,0.121,4.927,0.731
16335,1,1.735919,0.151,4.298,0.653
16336,1,1.736026,0.153,4.251,0.654
16337,1,1.736132,0.152,4.239,0.655
16338,1,1.736238,0.138,4.536,0.689
16339,1,1.736344,0.147,4.357,0.666
16340,1,1.736451,0.135,4.597,0.695
16341,1,1.736557,0.16,4.074,0.633
16342,1,1.736663,0.148,4.336,0.662
16343,1,1.736769,0.164,3.989,0.626
16344,1,1.736876,0.132,4.685,0.709
16345,1,1.736982,0.154,4.223,0.644
16346,1,1.737088,0.149,4.336,0.663
16347,1,1.737194,0.149,4.357,0.661
16348,1,1.737301,0.123,4.945,0.72
16349,1,1.737407,0.145,4.443,0.671
16350,1,1.737513,0.126,4.846,0.72
16351,1,1.737620,0.128,4.767,0.716
16352,1,1.737726,0.161,4.031,0.629
16353,1,1.737832,0.13,4.735,0.707
16354,1,1.737938,0.136,4.57,0.693
16355,1,1.738045,0.139,4.588,0.687
16356,1,1.738151,0.127,4.828,0.717
16357,1,1.738257,0.149,4.321,0.661
16358,1,1.738363,0.133,4.619,0.698
16359,1,1.738470,0.134,4.648,0.702
16360,1,1.738576,0.143,4.39,0.676
16361,1,1.738682,0.135,4.67,0.697
16362,1,1.738789,0.124,4.857,0.724
16363,1,1.738895,0.162,4.061,0.626
16364,1,1.739001,0.151,4.262,0.664
16365,1,1.739107,0.119,4.981,0.737
16366,1,1.739214,0.176,3.687,0.595
16367,1,1.739320,0.144,4.371,0.674
16368,1,1.739426,0.142,4.453,0.677
16369,1,1.739532,0.147,4.33,0.669
16370,1,1.739639,0.135,4.604,0.694
16371,1,1.739745,0.147,4.356,0.668
16372,1,1.739851,0.143,4.43,0.675
16373,1,1.739957,0.136,4.629,0.696
16374,1,1.740064,0.117,5.014,0.739
16375,1,1.740170,0.161,3.982,0.636
16376,1,1.740276,0.127,4.815,0.722
16377,1,1.740383,0.142,4.43,0.677
16378,1,1.740489,0.156,4.167,0.644
16379,1,1.740595,0.138,4.556,0.686
16380,1,1.740701,0.122,4.912,0.728
16381,1,1.740808,0.144,4.366,0.674
16382,1,1.740914,0.136,4.553,0.692
16383,1,1.741020,0.137,4.586,0.689
16384,1,1.741126,0.143,4.47,0.679
16385,1,1.741233,0.141,4.5,0.684
16386,1,1.741339,0.158,4.057,0.634
16387,1,1.741445,0.125,4.866,0.724
16388,1,1.741552,0.138,4.556,0.684
16389,1,1.741658,0.156,4.167,0.646
16390,1,1.741764,0.144,4.425,0.677
16391,1,1.741870,0.142,4.548,0.678
16392,1,1.741977,0.145,4.375,0.674
16393,1,1.742083,0.135,4.637,0.695
16394,1,1.742189,0.146,4.371,0.662
16395,1,1.742295,0.154,4.189,0.652
16396,1,1.742402,0.128,4.798,0.715
16397,1,1.742508,0.124,4.863,0.723
16398,1,1.742614,0.144,4.429,0.675
16399,1,1.742721,0.129,4.759,0.71
16400,1,1.742827,0.153,4.233,0.653
16401,1,1.742933,0.133,4.622,0.702
16402,1,1.743039,0.146,4.368,0.665
16403,1,1.743146,0.12,4.976,0.733
16404,1,1.743252,0.157,4.076,0.638
16405,1,1.743358,0.139,4.548,0.692
16406,1,1.743464,0.119,4.949,0.737
16407,1,1.743571,0.129,4.806,0.715
16408,1,1.743677,0.138,4.612,0.687
16409,1,1.743783,0.127,4.796,0.715
16410,1,1.743889,0.142,4.547,0.68
16411,1,1.743996,0.135,4.603,0.695
16412,1,1.744102,0.15,4.25,0.658
16413,1,1.744208,0.142,4.493,0.681
16414,1,1.744315,0.155,4.147,0.646
16415,1,1.744421,0.142,4.483,0.68
16416,1,1.744527,0.138,4.54,0.69
16417,1,1.744633,0.133,4.633,0.699
16418,1,1.744740,0.125,4.888,0.719
16419,1,1.744846,0.12,4.957,0.732
16420,1,1.744952,0.143,4.489,0.676
16421,1,1.745058,0.141,4.538,0.684
16422,1,1.745165,0.121,4.902,0.731
16423,1,1.745271,0.17,3.856,0.611
16424,1,1.745377,0.131,4.715,0.705
16425,1,1.745484,0.12,4.937,0.731
16426,1,1.745590,0.132,4.698,0.703
16427,1,1.745696,0.129,4.822,0.716
16428,1,1.745802,0.146,4.401,0.673
16429,1,1.745909,0.132,4.674,0.704
16430,1,1.746015,0.137,4.526,0.688
16431,1,1.746121,0.109,5.178,0.755
16432,1,1.746227,0.16,4.058,0.631
16433,1,1.746334,0.153,4.193,0.655
16434,1,1.746440,0.129,4.733,0.712
16435,1,1.746546,0.12,4.977,0.731
16436,1,1.746652,0.149,4.351,0.668
16437,1,1.746759,0.128,4.743,0.719
16438,1,1.746865,0.142,4.401,0.686
16439,1,1.746971,0.132,4.737,0.701
16440,1,1.747078,0.161,4.099,0.635
16441,1,1.747184,0.134,4.682,0.7
16442,1,1.747290,0.133,4.717,0.706
16443,1,1.747396,0.137,4.616,0.692
16444,1,1.747503,0.119,4.967,0.73
16445,1,1.747609,0.129,4.825,0.712
16446,1,1.747715,0.154,4.19,0.647
16447,1,1.747821,0.126,4.802,0.717
16448,1,1.747928,0.137,4.625,0.69
16449,1,1.748034,0.138,4.599,0.69
16450,1,1.748140,0.139,4.584,0.686
16451,1,1.748247,0.147,4.333,0.663
16452,1,1.748353,0.139,4.501,0.684
16453,1,1.748459,0.148,4.311,0.664
16454,1,1.748565,0.145,4.387,0.667
16455,1,1.748672,0.145,4.398,0.672
16456,1,1.748778,0.134,4.695,0.698
16457,1,1.748884,0.143,4.422,0.675
16458,1,1.748990,0.148,4.333,0.664
16459,1,1.749097,0.144,4.362,0.673
16460,1,1.749203,0.124,4.849,0.721
16461,1,1.749309,0.134,4.598,0.696
16462,1,1.749416,0.145,4.364,0.67
16463,1,1.749522,0.133,4.576,0.701
16464,1,1.749628,0.142,4.476,0.681
16465,1,1.749734,0.136,4.618,0.695
16466,1,1.749841,0.151,4.248,0.661
16467,1,1.749947,0.138,4.481,0.693
16468,1,1.750053,0.16,4.116,0.633
16469,1,1.750159,0.126,4.807,0.714
16470,1,1.750266,0.133,4.589,0.704
16471,1,1.750372,0.125,4.827,0.723
16472,1,1.750478,0.132,4.693,0.701
16473,1,1.750584,0.144,4.292,0.674
16474,1,1.750691,0.133,4.676,0.698
16475,1,1.750797,0.141,4.492,0.682
16476,1,1.750903,0.123,4.915,0.724
16477,1,1.751010,0.133,4.713,0.701
16478,1,1.751116,0.16,4.036,0.637
16479,1,1.751222,0.148,4.315,0.662
16480,1,1.751328,0.146,4.397,0.666
16481,1,1.751435,0.136,4.585,0.691
16482,1,1.751541,0.158,4.108,0.642
16483,1,1.751647,0.161,4.065,0.63
16484,1,1.751753,0.152,4.259,0.655
16485,1,1.751860,0.121,4.946,0.734
16486,1,1.751966,0.132,4.708,0.701
16487,1,1.752072,0.126,4.874,0.721
16488,1,1.752179,0.117,4.957,0.741
16489,1,1.752285,0.144,4.414,0.677
16490,1,1.752391,0.142,4.486,0.687
16491,1,1.752497,0.129,4.756,0.712
16492,1,1.752604,0.138,4.592,0.694
16493,1,1.752710,0.136,4.593,0.697
16494,1,1.752816,0.133,4.693,0.702
16495,1,1.752922,0.134,4.631,0.704
16496,1,1.753029,0.145,4.412,0.668
16497,1,1.753135,0.149,4.312,0.664
16498,1,1.753241,0.154,4.207,0.649
16499,1,1.753348,0.13,4.738,0.706
16500,1,1.753454,0.118,5.056,0.739
16501,1,1.753560,0.141,4.516,0.684
16502,1,1.753666,0.137,4.554,0.686
16503,1,1.753773,0.136,4.616,0.697
16504,1,1.753879,0.136,4.68,0.694
16505,1,1.753985,0.148,4.342,0.667
16506,1,1.754091,0.144,4.356,0.671
16507,1,1.754198,0.156,4.187,0.648
16508,1,1.754304,0.127,4.868,0.717
16509,1,1.754410,0.134,4.645,0.698
16510,1,1.754516,0.147,4.367,0.665
16511,1,1.754623,0.139,4.531,0.69
16512,1,1.754729,0.134,4.679,0.703
16513,1,1.754835,0.126,4.864,0.72
16514,1,1.754942,0.131,4.712,0.706
16515,1,1.755048,0.146,4.364,0.669
16516,1,1.755154,0.128,4.806,0.711
16517,1,1.755260,0.148,4.34,0.666
16518,1,1.755367,0.137,4.554,0.692
16519,1,1.755473,0.145,4.423,0.671
16520,1,1.755579,0.138,4.567,0.693
16521,1,1.755685,0.135,4.609,0.696
16522,1,1.755792,0.151,4.259,0.66
16523,1,1.755898,0.154,4.188,0.646
16524,1,1.756004,0.154,4.243,0.652
16525,1,1.756111,0.151,4.274,0.651
16526,1,1.756217,0.128,4.859,0.719
16527,1,1.756323,0.141,4.527,0.678
16528,1,1.756429,0.141,4.479,0.683
16529,1,1.756536,0.153,4.273,0.653
16530,1,1.756642,0.14,4.586,0.685
16531,1,1.756748,0.121,4.933,0.731
16532,1,1.756854,0.134,4.713,0.7
16533,1,1.756961,0.143,4.414,0.675
16534,1,1.757067,0.142,4.405,0.685
16535,1,1.757173,0.124,4.86,0.724
16536,1,1.757279,0.131,4.683,0.705
16537,1,1.757386,0.15,4.319,0.664
16538,1,1.757492,0.12,4.965,0.728
16539,1,1.757598,0.158,4.134,0.64
16540,1,1.757705,0.131,4.787,0.709
16541,1,1.757811,0.141,4.493,0.684
16542,1,1.757917,0.156,4.16,0.638
16543,1,1.758023,0.153,4.193,0.651
16544,1,1.758130,0.131,4.691,0.705
16545,1,1.758236,0.148,4.292,0.663
16546,1,1.758342,0.132,4.669,0.703
16547,1,1.758448,0.11,5.193,0.761
16548,1,1.758555,0.124,4.931,0.721
16549,1,1.758661,0.145,4.46,0.667
16550,1,1.758767,0.147,4.301,0.668
16551,1,1.758874,0.152,4.254,0.655
16552,1,1.758980,0.138,4.522,0.69
16553,1,1.759086,0.136,4.584,0.691
16554,1,1.759192,0.137,4.543,0.69
16555,1,1.759299,0.154,4.155,0.644
16556,1,1.759405,0.108,5.247,0.764
16557,1,1.759511,0.148,4.285,0.664
16558,1,1.759617,0.155,4.225,0.648
16559,1,1.759724,0.124,4.905,0.719
16560,1,1.759830,0.153,4.248,0.651
16561,1,1.759936,0.147,4.353,0.668
16562,1,1.760043,0.114,5.111,0.751
16563,1,1.760149,0.144,4.382,0.677
16564,1,1.760255,0.152,4.276,0.654
16565,1,1.760361,0.149,4.367,0.67
16566,1,1.760468,0.151,4.26,0.652
16567,1,1.760574,0.135,4.604,0.703
16568,1,1.760680,0.156,4.184,0.642
16569,1,1.760786,0.154,4.199,0.645
16570,1,1.760893,0.124,4.914,0.73
16571,1,1.760999,0.168,3.855,0.621
16572,1,1.761105,0.125,4.88,0.717
16573,1,1.761211,0.134,4.664,0.695
16574,1,1.761318,0.127,4.825,0.72
16575,1,1.761424,0.146,4.357,0.667
16576,1,1.761530,0.144,4.401,0.67
16577,1,1.761637,0.123,4.87,0.727
16578,1,1.761743,0.148,4.299,0.666
16579,1,1.761849,0.142,4.482,0.679
16580,1,1.761955,0.144,4.479,0.678
16581,1,1.762062,0.133,4.733,0.692
16582,1,1.762168,0.14,4.535,0.682
16583,1,1.762274,0.151,4.244,0.652
16584,1,1.762380,0.154,4.334,0.66
16585,1,1.762487,0.141,4.484,0.679
16586,1,1.762593,0.149,4.235,0.664
16587,1,1.762699,0.119,4.982,0.738
16588,1,1.762806,0.136,4.624,0.689
16589,1,1.762912,0.138,4.54,0.689
16590,1,1.763018,0.139,4.524,0.687
16591,1,1.763124,0.135,4.628,0.699
16592,1,1.763231,0.131,4.68,0.702
16593,1,1.763337,0.137,4.585,0.693
16594,1,1.763443,0.137,4.625,0.692
16595,1,1.763549,0.142,4.458,0.682
16596,1,1.763656,0.127,4.792,0.714
16597,1,1.763762,0.131,4.737,0.708
16598,1,1.763868,0.152,4.227,0.649
16599,1,1.763974,0.124,4.872,0.722
16600,1,1.764081,0.136,4.605,0.697
16601,1,1.764187,0.138,4.587,0.689
16602,1,1.764293,0.149,4.308,0.663
16603,1,1.764400,0.141,4.463,0.68
16604,1,1.764506,0.153,4.205,0.656
16605,1,1.764612,0.129,4.811,0.715
16606,1,1.764718,0.146,4.362,0.671
16607,1,1.764825,0.145,4.368,0.672
16608,1,1.764931,0.127,4.814,0.721
16609,1,1.765037,0.151,4.279,0.66
16610,1,1.765143,0.145,4.459,0.669
16611,1,1.765250,0.135,4.642,0.702
16612,1,1.765356,0.152,4.289,0.655
16613,1,1.765462,0.165,4.143,0.632
16614,1,1.765569,0.138,4.56,0.689
16615,1,1.765675,0.147,4.349,0.661
16616,1,1.765781,0.142,4.446,0.673
16617,1,1.765887,0.133,4.644,0.701
16618,1,1.765994,0.149,4.328,0.659
16619,1,1.766100,0.132,4.69,0.705
16620,1,1.766206,0.145,4.386,0.674
16621,1,1.766312,0.139,4.549,0.686
16622,1,1.766419,0.13,4.754,0.712
16623,1,1.766525,0.132,4.691,0.7
16624,1,1.766631,0.133,4.659,0.698
16625,1,1.766738,0.149,4.346,0.661
16626,1,1.766844,0.112,5.136,0.749
16627,1,1.766950,0.147,4.4,0.668
16628,1,1.767056,0.147,4.314,0.67
16629,1,1.767163,0.147,4.444,0.668
16630,1,1.767269,0.147,4.38,0.665
16631,1,1.767375,0.149,4.277,0.656
16632,1,1.767481,0.117,5.061,0.744
16633,1,1.767588,0.141,4.511,0.684
16634,1,1.767694,0.12,4.975,0.735
16635,1,1.767800,0.138,4.601,0.689
16636,1,1.767906,0.159,4.129,0.64
16637,1,1.768013,0.153,4.265,0.651
16638,1,1.768119,0.129,4.682,0.71
16639,1,1.768225,0.135,4.632,0.697
16640,1,1.768332,0.155,4.162,0.648
16641,1,1.768438,0.134,4.634,0.695
16642,1,1.768544,0.126,4.781,0.718
16643,1,1.768650,0.148,4.363,0.662
16644,1,1.768757,0.123,4.905,0.726
16645,1,1.768863,0.146,4.349,0.669
16646,1,1.768969,0.133,4.683,0.701
16647,1,1.769075,0.119,4.946,0.736
16648,1,1.769182,0.134,4.603,0.704
16649,1,1.769288,0.139,4.565,0.686
16650,1,1.769394,0.138,4.495,0.688
16651,1,1.769501,0.129,4.734,0.709
16652,1,1.769607,0.138,4.579,0.692
16653,1,1.769713,0.142,4.457,0.682
16654,1,1.769819,0.143,4.48,0.685
16655,1,1.769926,0.146,4.362,0.669
16656,1,1.770032,0.113,5.18,0.75
16657,1,1.770138,0.142,4.516,0.681
16658,1,1.770244,0.126,4.877,0.719
16659,1,1.770351,0.123,4.929,0.722
16660,1,1.770457,0.134,4.687,0.701
16661,1,1.770563,0.129,4.742,0.712
16662,1,1.770670,0.119,4.986,0.735
16663,1,1.770776,0.132,4.668,0.7
16664,1,1.770882,0.149,4.281,0.662
16665,1,1.770988,0.137,4.612,0.693
16666,1,1.771095,0.125,4.846,0.718
16667,1,1.771201,0.129,4.829,0.718
16668,1,1.771307,0.136,4.625,0.689
16669,1,1.771413,0.118,5.032,0.737
16670,1,1.771520,0.143,4.505,0.679
16671,1,1.771626,0.151,4.227,0.657
16672,1,1.771732,0.122,4.919,0.725
16673,1,1.771838,0.142,4.421,0.68
16674,1,1.771945,0.146,4.363,0.669
16675,1,1.772051,0.134,4.62,0.703
16676,1,1.772157,0.141,4.563,0.684
16677,1,1.772264,0.16,4.063,0.637
16678,1,1.772370,0.169,3.843,0.612
16679,1,1.772476,0.121,4.87,0.729
16680,1,1.772582,0.134,4.66,0.698
16681,1,1.772689,0.142,4.51,0.674
16682,1,1.772795,0.134,4.622,0.702
16683,1,1.772901,0.125,4.817,0.724
16684,1,1.773007,0.149,4.355,0.663
16685,1,1.773114,0.139,4.507,0.686
16686,1,1.773220,0.146,4.343,0.674
16687,1,1.773326,0.124,4.832,0.722
16688,1,1.773433,0.153,4.243,0.65
16689,1,1.773539,0.136,4.502,0.695
16690,1,1.773645,0.152,4.253,0.653
16691,1,1.773751,0.136,4.618,0.692
16692,1,1.773858,0.137,4.553,0.692
16693,1,1.773964,0.146,4.417,0.667
16694,1,1.774070,0.136,4.591,0.69
16695,1,1.774176,0.102,5.385,0.775
16696,1,1.774283,0.161,3.998,0.631
16697,1,1.774389,0.145,4.401,0.671
16698,1,1.774495,0.127,4.85,0.717
16699,1,1.774601,0.142,4.45,0.678
16700,1,1.774708,0.137,4.574,0.689
16701,1,1.774814,0.136,4.674,0.693
16702,1,1.774920,0.123,4.873,0.722
16703,1,1.775027,0.138,4.548,0.694
16704,1,1.775133,0.136,4.636,0.696
16705,1,1.775239,0.144,4.415,0.669
16706,1,1.775345,0.127,4.793,0.713
16707,1,1.775452,0.11,5.14,0.761
16708,1,1.775558,0.144,4.393,0.672
16709,1,1.775664,0.129,4.737,0.711
16710,1,1.775770,0.121,4.958,0.73
16711,1,1.775877,0.123,4.902,0.727
16712,1,1.775983,0.141,4.48,0.684
16713,1,1.776089,0.129,4.748,0.708
16714,1,1.776196,0.144,4.449,0.678
16715,1,1.776302,0.14,4.502,0.689
16716,1,1.776408,0.124,4.806,0.722
16717,1,1.776514,0.154,4.242,0.645
16718,1,1.776621,0.147,4.403,0.672
16719,1,1.776727,0.142,4.471,0.676
16720,1,1.776833,0.128,4.755,0.71
16721,1,1.776939,0.139,4.543,0.688
16722,1,1.777046,0.166,3.957,0.614
16723,1,1.777152,0.156,4.159,0.641
16724,1,1.777258,0.138,4.52,0.691
16725,1,1.777365,0.159,4.082,0.632
16726,1,1.777471,0.152,4.251,0.652
16727,1,1.777577,0.121,4.913,0.73
16728,1,1.777683,0.141,4.483,0.68
16729,1,1.777790,0.134,4.626,0.697
16730,1,1.777896,0.119,5.035,0.736
16731,1,1.778002,0.143,4.436,0.68
16732,1,1.778108,0.131,4.727,0.711
16733,1,1.778215,0.137,4.567,0.693
16734,1,1.778321,0.121,4.951,0.729
16735,1,1.778427,0.134,4.649,0.695
16736,1,1.778533,0.136,4.642,0.693
16737,1,1.778640,0.131,4.723,0.708
16738,1,1.778746,0.139,4.513,0.688
16739,1,1.778852,0.126,4.848,0.721
16740,1,1.778959,0.156,4.139,0.646
16741,1,1.779065,0.131,4.704,0.708
16742,1,1.779171,0.136,4.541,0.69
16743,1,1.779277,0.127,4.757,0.717
16744,1,1.779384,0.142,4.469,0.679
16745,1,1.779490,0.143,4.422,0.677
16746,1,1.779596,0.133,4.682,0.702
16747,1,1.779702,0.15,4.288,0.662
16748,1,1.779809,0.142,4.437,0.678
16749,1,1.779915,0.161,4.051,0.632
16750,1,1.780021,0.131,4.731,0.708
16751,1,1.780128,0.145,4.33,0.671
16752,1,1.780234,0.139,4.521,0.69
16753,1,1.780340,0.15,4.32,0.66
16754,1,1.780446,0.134,4.536,0.695
16755,1,1.780553,0.136,4.586,0.698
16756,1,1.780659,0.135,4.632,0.699
16757,1,1.780765,0.108,5.27,0.764
16758,1,1.780871,0.136,4.617,0.692
16759,1,1.780978,0.144,4.455,0.676
16760,1,1.781084,0.141,4.496,0.681
16761,1,1.781190,0.133,4.666,0.702
16762,1,1.781296,0.141,4.483,0.677
16763,1,1.781403,0.156,4.144,0.644
16764,1,1.781509,0.119,5.009,0.739
16765,1,1.781615,0.132,4.661,0.702
16766,1,1.781722,0.132,4.811,0.716
16767,1,1.781828,0.113,5.166,0.746
16768,1,1.781934,0.145,4.406,0.67
16769,1,1.782040,0.141,4.494,0.685
16770,1,1.782147,0.163,4.011,0.625
16771,1,1.782253,0.137,4.592,0.69
16772,1,1.782359,0.131,4.766,0.707
16773,1,1.782465,0.136,4.649,0.691
16774,1,1.782572,0.157,4.204,0.643
16775,1,1.782678,0.143,4.481,0.678
16776,1,1.782784,0.139,4.491,0.689
16777,1,1.782891,0.142,4.461,0.683
16778,1,1.782997,0.127,4.805,0.716
16779,1,1.783103,0.135,4.594,0.692
16780,1,1.783209,0.128,4.8,0.71
16781,1,1.783316,0.121,4.986,0.735
16782,1,1.783422,0.143,4.485,0.68
16783,1,1.783528,0.134,4.591,0.696
16784,1,1.783634,0.133,4.724,0.705
16785,1,1.783741,0.131,4.709,0.707
16786,1,1.783847,0.149,4.337,0.662
16787,1,1.783953,0.136,4.653,0.697
16788,1,1.784060,0.15,4.386,0.656
16789,1,1.784166,0.136,4.647,0.692
16790,1,1.784272,0.132,4.693,0.706
16791,1,1.784378,0.149,4.316,0.667
16792,1,1.784485,0.132,4.719,0.704
16793,1,1.784591,0.124,4.857,0.726
16794,1,1.784697,0.13,4.774,0.712
16795,1,1.784803,0.14,4.486,0.684
16796,1,1.784910,0.155,4.133,0.653
16797,1,1.785016,0.129,4.794,0.71
16798,1,1.785122,0.109,5.151,0.76
16799,1,1.785228,0.136,4.581,0.696
16800,1,1.785335,0.144,4.424,0.675
16801,1,1.785441,0.128,4.792,0.711
16802,1,1.785547,0.135,4.611,0.692
16803,1,1.785654,0.14,4.537,0.682
16804,1,1.785760,0.151,4.191,0.66
16805,1,1.785866,0.131,4.776,0.711
16806,1,1.785972,0.128,4.768,0.715
16807,1,1.786079,0.147,4.349,0.666
16808,1,1.786185,0.139,4.48,0.684
16809,1,1.786291,0.136,4.597,0.701
16810,1,1.786397,0.115,5.069,0.741
16811,1,1.786504,0.142,4.545,0.683
16812,1,1.786610,0.127,4.865,0.718
16813,1,1.786716,0.144,4.397,0.674
16814,1,1.786823,0.144,4.413,0.671
16815,1,1.786929,0.131,4.684,0.705
16816,1,1.787035,0.148,4.345,0.672
16817,1,1.787141,0.142,4.518,0.685
16818,1,1.787248,0.167,3.867,0.621
16819,1,1.787354,0.164,3.931,0.622
16820,1,1.787460,0.142,4.496,0.68
16821,1,1.787566,0.127,4.793,0.715
16822,1,1.787673,0.151,4.284,0.659
16823,1,1.787779,0.114,5.16,0.748
16824,1,1.787885,0.149,4.361,0.661
16825,1,1.787991,0.143,4.425,0.674
16826,1,1.788098,0.126,4.814,0.721
16827,1,1.788204,0.141,4.498,0.678
16828,1,1.788310,0.152,4.183,0.649
16829,1,1.788417,0.155,4.189,0.65
16830,1,1.788523,0.138,4.624,0.691
16831,1,1.788629,0.121,4.937,0.729
16832,1,1.788735,0.142,4.466,0.681
16833,1,1.788842,0.14,4.467,0.675
16834,1,1.788948,0.132,4.632,0.702
16835,1,1.789054,0.137,4.616,0.693
16836,1,1.789160,0.137,4.596,0.692
16837,1,1.789267,0.145,4.44,0.671
16838,1,1.789373,0.117,5.082,0.74
16839,1,1.789479,0.138,4.532,0.694
16840,1,1.789586,0.11,5.14,0.759
16841,1,1.789692,0.131,4.719,0.704
16842,1,1.789798,0.138,4.576,0.687
16843,1,1.789904,0.131,4.781,0.704
16844,1,1.790011,0.115,5.091,0.747
16845,1,1.790117,0.136,4.595,0.696
16846,1,1.790223,0.126,4.768,0.717
16847,1,1.790329,0.148,4.329,0.661
16848,1,1.790436,0.136,4.598,0.694
16849,1,1.790542,0.151,4.209,0.655
16850,1,1.790648,0.13,4.833,0.707
16851,1,1.790755,0.15,4.299,0.654
16852,1,1.790861,0.133,4.657,0.704
16853,1,1.790967,0.139,4.562,0.685
16854,1,1.791073,0.146,4.36,0.668
16855,1,1.791180,0.139,4.499,0.689
16856,1,1.791286,0.131,4.692,0.708
16857,1,1.791392,0.131,4.739,0.705
16858,1,1.791498,0.127,4.823,0.722
16859,1,1.791605,0.134,4.636,0.698
16860,1,1.791711,0.145,4.399,0.678
16861,1,1.791817,0.153,4.235,0.65
16862,1,1.791923,0.132,4.668,0.707
16863,1,1.792030,0.133,4.698,0.702
16864,1,1.792136,0.143,4.416,0.678
16865,1,1.792242,0.152,4.269,0.656
16866,1,1.792349,0.133,4.638,0.697
16867,1,1.792455,0.13,4.723,0.709
16868,1,1.792561,0.124,4.816,0.722
16869,1,1.792667,0.156,4.14,0.641
16870,1,1.792774,0.154,4.194,0.649
16871,1,1.792880,0.12,4.95,0.732
16872,1,1.792986,0.14,4.437,0.684
16873,1,1.793092,0.161,4.069,0.633
16874,1,1.793199,0.141,4.501,0.685
16875,1,1.793305,0.152,4.231,0.658
16876,1,1.793411,0.116,5.046,0.744
16877,1,1.793518,0.156,4.096,0.646
16878,1,1.793624,0.129,4.758,0.708
16879,1,1.793730,0.141,4.553,0.685
16880,1,1.793836,0.131,4.7,0.709
16881,1,1.793943,0.144,4.433,0.675
16882,1,1.794049,0.164,3.992,0.627
16883,1,1.794155,0.147,4.359,0.664
16884,1,1.794261,0.13,4.739,0.713
16885,1,1.794368,0.119,4.969,0.736
16886,1,1.794474,0.145,4.387,0.67
16887,1,1.794580,0.133,4.688,0.703
16888,1,1.794687,0.141,4.501,0.677
16889,1,1.794793,0.126,4.829,0.716
16890,1,1.794899,0.119,4.995,0.738
16891,1,1.795005,0.16,3.986,0.635
16892,1,1.795112,0.125,4.852,0.719
16893,1,1.795218,0.131,4.685,0.711
16894,1,1.795324,0.125,4.855,0.724
16895,1,1.795430,0.127,4.765,0.725
16896,1,1.795537,0.133,4.622,0.7
16897,1,1.795643,0.15,4.26,0.661
16898,1,1.795749,0.138,4.576,0.687
16899,1,1.795855,0.131,4.725,0.707
16900,1,1.795962,0.152,4.245,0.657
16901,1,1.796068,0.143,4.422,0.675
16902,1,1.796174,0.142,4.444,0.679
16903,1,1.796281,0.131,4.68,0.709
16904,1,1.796387,0.134,4.629,0.706
16905,1,1.796493,0.145,4.345,0.674
16906,1,1.796599,0.13,4.762,0.708
16907,1,1.796706,0.141,4.424,0.679
16908,1,1.796812,0.142,4.431,0.684
16909,1,1.796918,0.154,4.192,0.652
16910,1,1.797024,0.141,4.44,0.683
16911,1,1.797131,0.132,4.737,0.697
16912,1,1.797237,0.152,4.222,0.655
16913,1,1.797343,0.119,5.043,0.739
16914,1,1.797450,0.14,4.538,0.688
16915,1,1.797556,0.149,4.316,0.66
16916,1,1.797662,0.14,4.465,0.681
16917,1,1.797768,0.112,5.179,0.753
16918,1,1.797875,0.149,4.299,0.665
16919,1,1.797981,0.156,4.132,0.649
16920,1,1.798087,0.127,4.826,0.718
16921,1,1.798193,0.131,4.699,0.702
16922,1,1.798300,0.153,4.263,0.65
16923,1,1.798406,0.137,4.542,0.691
16924,1,1.798512,0.114,5.101,0.746
16925,1,1.798618,0.125,4.884,0.72
16926,1,1.798725,0.145,4.399,0.677
16927,1,1.798831,0.149,4.254,0.657
16928,1,1.798937,0.142,4.48,0.678
16929,1,1.799044,0.139,4.541,0.685
16930,1,1.799150,0.147,4.326,0.67
16931,1,1.799256,0.147,4.379,0.667
16932,1,1.799362,0.136,4.559,0.689
16933,1,1.799469,0.161,4.029,0.627
16934,1,1.799575,0.127,4.845,0.716
16935,1,1.799681,0.153,4.187,0.647
16936,1,1.799787,0.143,4.417,0.678
16937,1,1.799894,0.127,4.787,0.717
16938,1,1.800000,0.129,4.781,0.712
16939,1,1.800106,0.137,4.579,0.694
16940,1,1.800213,0.148,4.307,0.665
16941,1,1.800319,0.139,4.576,0.69
16942,1,1.800425,0.132,4.677,0.702
16943,1,1.800531,0.152,4.246,0.654
16944,1,1.800638,0.147,4.327,0.675
16945,1,1.800744,0.124,4.822,0.719
16946,1,1.800850,0.139,4.566,0.688
16947,1,1.800956,0.144,4.311,0.674
16948,1,1.801063,0.136,4.609,0.692
16949,1,1.801169,0.127,4.868,0.718
16950,1,1.801275,0.123,4.89,0.726
16951,1,1.801382,0.135,4.622,0.698
16952,1,1.801488,0.151,4.232,0.655
16953,1,1.801594,0.14,4.509,0.684
16954,1,1.801700,0.142,4.408,0.679
16955,1,1.801807,0.158,4.088,0.64
16956,1,1.801913,0.131,4.678,0.71
16957,1,1.802019,0.134,4.586,0.697
16958,1,1.802125,0.138,4.601,0.689
16959,1,1.802232,0.113,5.122,0.748
16960,1,1.802338,0.143,4.43,0.679
16961,1,1.802444,0.131,4.683,0.705
16962,1,1.802550,0.132,4.756,0.704
16963,1,1.802657,0.142,4.469,0.679
16964,1,1.802763,0.134,4.544,0.701
16965,1,1.802869,0.139,4.505,0.684
16966,1,1.802976,0.145,4.349,0.67
16967,1,1.803082,0.146,4.382,0.671
16968,1,1.803188,0.124,4.862,0.72
16969,1,1.803294,0.144,4.426,0.677
16970,1,1.803401,0.11,5.206,0.756
16971,1,1.803507,0.138,4.514,0.692
16972,1,1.803613,0.132,4.724,0.704
16973,1,1.803719,0.146,4.364,0.672
16974,1,1.803826,0.113,5.104,0.745
16975,1,1.803932,0.135,4.65,0.693
16976,1,1.804038,0.131,4.728,0.709
16977,1,1.804145,0.154,4.183,0.647
16978,1,1.804251,0.131,4.728,0.711
16979,1,1.804357,0.131,4.689,0.702
16980,1,1.804463,0.156,4.131,0.647
16981,1,1.804570,0.139,4.555,0.689
16982,1,1.804676,0.126,4.817,0.715
16983,1,1.804782,0.13,4.71,0.708
16984,1,1.804888,0.135,4.693,0.692
16985,1,1.804995,0.16,4.077,0.635
16986,1,1.805101,0.142,4.443,0.679
16987,1,1.805207,0.134,4.661,0.696
16988,1,1.805313,0.135,4.603,0.699
16989,1,1.805420,0.15,4.336,0.66
16990,1,1.805526,0.137,4.572,0.693
16991,1,1.805632,0.153,4.191,0.648
16992,1,1.805739,0.178,4.049,0.644
16993,1,1.805845,0.131,4.737,0.707
16994,1,1.805951,0.163,3.987,0.623
16995,1,1.806057,0.139,4.506,0.69
16996,1,1.806164,0.129,4.751,0.71
16997,1,1.806270,0.164,4.001,0.628
16998,1,1.806376,0.137,4.672,0.693
16999,1,1.806482,0.152,4.308,0.663
17000,1,1.806589,0.145,4.437,0.671
17001,1,1.806695,0.147,4.384,0.669
17002,1,1.806801,0.134,4.652,0.701
17003,1,1.806908,0.17,3.829,0.609
17004,1,1.807014,0.147,4.373,0.668
17005,1,1.807120,0.123,4.834,0.722
17006,1,1.807226,0.132,4.675,0.705
17007,1,1.807333,0.13,4.731,0.712
17008,1,1.807439,0.133,4.645,0.704
17009,1,1.807545,0.147,4.315,0.669
17010,1,1.807651,0.143,4.39,0.677
17011,1,1.807758,0.154,4.189,0.648
17012,1,1.807864,0.151,4.258,0.657
17013,1,1.807970,0.119,4.969,0.73
17014,1,1.808077,0.129,4.769,0.717
17015,1,1.808183,0.144,4.441,0.673
17016,1,1.808289,0.129,4.788,0.712
17017,1,1.808395,0.119,4.961,0.732
17018,1,1.808502,0.144,4.437,0.674
17019,1,1.808608,0.128,4.8,0.714
17020,1,1.808714,0.119,4.965,0.735
17021,1,1.808820,0.131,4.743,0.71
17022,1,1.808927,0.127,4.808,0.721
17023,1,1.809033,0.138,4.553,0.694
17024,1,1.809139,0.139,4.578,0.689
17025,1,1.809245,0.132,4.693,0.699
17026,1,1.809352,0.129,4.779,0.713
17027,1,1.809458,0.134,4.6,0.698
17028,1,1.809564,0.127,4.835,0.716
17029,1,1.809671,0.152,4.285,0.657
17030,1,1.809777,0.138,4.622,0.691
17031,1,1.809883,0.139,4.533,0.684
17032,1,1.809989,0.143,4.405,0.677
17033,1,1.810096,0.147,4.33,0.663
17034,1,1.810202,0.152,4.255,0.657
17035,1,1.810308,0.135,4.595,0.697
17036,1,1.810414,0.144,4.401,0.672
17037,1,1.810521,0.139,4.579,0.689
17038,1,1.810627,0.153,4.199,0.653
17039,1,1.810733,0.136,4.632,0.7
17040,1,1.810840,0.145,4.447,0.676
17041,1,1.810946,0.112,5.152,0.755
17042,1,1.811052,0.129,4.76,0.715
17043,1,1.811158,0.135,4.623,0.697
17044,1,1.811265,0.141,4.568,0.687
17045,1,1.811371,0.147,4.367,0.671
17046,1,1.811477,0.118,4.98,0.737
17047,1,1.811583,0.147,4.432,0.669
17048,1,1.811690,0.148,4.343,0.663
17049,1,1.811796,0.119,4.996,0.734
17050,1,1.811902,0.134,4.597,0.694
17051,1,1.812009,0.164,4.02,0.623
17052,1,1.812115,0.146,4.365,0.671
17053,1,1.812221,0.147,4.336,0.668
17054,1,1.812327,0.161,3.993,0.628
17055,1,1.812434,0.139,4.523,0.685
17056,1,1.812540,0.132,4.656,0.703
17057,1,1.812646,0.134,4.633,0.7
17058,1,1.812752,0.137,4.566,0.697
17059,1,1.812859,0.139,4.554,0.684
17060,1,1.812965,0.13,4.775,0.71
17061,1,1.813071,0.133,4.635,0.701
17062,1,1.813177,0.149,4.368,0.662
17063,1,1.813284,0.122,4.895,0.723
17064,1,1.813390,0.141,4.492,0.686
17065,1,1.813496,0.126,4.861,0.723
17066,1,1.813603,0.131,4.67,0.707
17067,1,1.813709,0.155,4.161,0.64
17068,1,1.813815,0.154,4.175,0.649
17069,1,1.813921,0.141,4.53,0.685
17070,1,1.814028,0.135,4.637,0.694
17071,1,1.814134,0.129,4.751,0.709
17072,1,1.814240,0.136,4.646,0.696
17073,1,1.814346,0.141,4.508,0.685
17074,1,1.814453,0.123,4.908,0.723
17075,1,1.814559,0.14,4.499,0.681
17076,1,1.814665,0.138,4.548,0.69
17077,1,1.814772,0.141,4.504,0.682
17078,1,1.814878,0.124,4.864,0.726
17079,1,1.814984,0.121,4.886,0.733
17080,1,1.815090,0.169,4.1,0.628
17081,1,1.815197,0.16,4.083,0.629
17082,1,1.815303,0.123,4.892,0.728
17083,1,1.815409,0.138,4.523,0.693
17084,1,1.815515,0.139,4.546,0.683
17085,1,1.815622,0.117,4.985,0.735
17086,1,1.815728,0.132,4.685,0.706
17087,1,1.815834,0.138,4.605,0.687
17088,1,1.815940,0.141,4.547,0.685
17089,1,1.816047,0.147,4.375,0.665
17090,1,1.816153,0.107,5.318,0.763
17091,1,1.816259,0.14,4.5,0.687
17092,1,1.816366,0.133,4.611,0.701
17093,1,1.816472,0.132,4.613,0.7
17094,1,1.816578,0.154,4.167,0.644
17095,1,1.816684,0.139,4.539,0.69
17096,1,1.816791,0.138,4.589,0.689
17097,1,1.816897,0.143,4.43,0.682
17098,1,1.817003,0.119,5.003,0.737
17099,1,1.817109,0.126,4.781,0.718
17100,1,1.817216,0.144,4.421,0.673
17101,1,1.817322,0.153,4.155,0.648
17102,1,1.817428,0.119,5.001,0.737
17103,1,1.817535,0.134,4.641,0.693
17104,1,1.817641,0.134,4.623,0.693
17105,1,1.817747,0.14,4.54,0.68
17106,1,1.817853,0.149,4.312,0.662
17107,1,1.817960,0.133,4.644,0.699
17108,1,1.818066,0.133,4.621,0.701
17109,1,1.818172,0.131,4.656,0.706
17110,1,1.818278,0.135,4.625,0.693
17111,1,1.818385,0.139,4.533,0.688
17112,1,1.818491,0.156,4.241,0.643
17113,1,1.818597,0.142,4.444,0.683
17114,1,1.818704,0.097,5.506,0.789
17115,1,1.818810,0.145,4.389,0.672
17116,1,1.818916,0.142,4.486,0.679
17117,1,1.819022,0.136,4.647,0.699
17118,1,1.819129,0.142,4.458,0.674
17119,1,1.819235,0.132,4.688,0.702
17120,1,1.819341,0.151,4.261,0.656
17121,1,1.819447,0.159,4.117,0.638
17122,1,1.819554,0.143,4.46,0.678
17123,1,1.819660,0.128,4.782,0.722
17124,1,1.819766,0.142,4.49,0.683
17125,1,1.819872,0.127,4.829,0.72
17126,1,1.819979,0.13,4.707,0.718
17127,1,1.820085,0.122,4.97,0.727
17128,1,1.820191,0.144,4.426,0.678
17129,1,1.820298,0.135,4.63,0.696
17130,1,1.820404,0.12,4.937,0.731
17131,1,1.820510,0.154,4.176,0.648
17132,1,1.820616,0.117,5.051,0.741
17133,1,1.820723,0.144,4.386,0.674
17134,1,1.820829,0.145,4.389,0.669
17135,1,1.820935,0.13,4.737,0.711
17136,1,1.821041,0.135,4.591,0.697
17137,1,1.821148,0.131,4.73,0.711
17138,1,1.821254,0.134,4.617,0.698
17139,1,1.821360,0.154,4.141,0.647
17140,1,1.821467,0.144,4.425,0.677
17141,1,1.821573,0.142,4.459,0.678
17142,1,1.821679,0.125,4.846,0.723
17143,1,1.821785,0.151,4.286,0.656
17144,1,1.821892,0.129,4.758,0.711
17145,1,1.821998,0.142,4.449,0.678
17146,1,1.822104,0.136,4.624,0.696
17147,1,1.822210,0.143,4.419,0.673
17148,1,1.822317,0.138,4.573,0.687
17149,1,1.822423,0.141,4.498,0.681
17150,1,1.822529,0.116,5.053,0.738
17151,1,1.822635,0.136,4.597,0.697
17152,1,1.822742,0.144,4.457,0.67
17153,1,1.822848,0.149,4.287,0.656
17154,1,1.822954,0.126,4.815,0.717
17155,1,1.823061,0.148,4.37,0.667
17156,1,1.823167,0.137,4.579,0.693
17157,1,1.823273,0.145,4.354,0.672
17158,1,1.823379,0.119,4.984,0.737
17159,1,1.823486,0.126,4.769,0.715
17160,1,1.823592,0.134,4.561,0.695
17161,1,1.823698,0.123,4.888,0.726
17162,1,1.823804,0.148,4.333,0.67
17163,1,1.823911,0.15,4.332,0.656
17164,1,1.824017,0.146,4.335,0.668
17165,1,1.824123,0.145,4.395,0.667
17166,1,1.824230,0.141,4.495,0.683
17167,1,1.824336,0.129,4.83,0.71
17168,1,1.824442,0.157,4.126,0.644
17169,1,1.824548,0.132,4.711,0.701
17170,1,1.824655,0.135,4.621,0.696
17171,1,1.824761,0.131,4.715,0.708
17172,1,1.824867,0.135,4.732,0.697
17173,1,1.824973,0.13,4.732,0.707
17174,1,1.825080,0.124,4.88,0.722
17175,1,1.825186,0.149,4.333,0.662
17176,1,1.825292,0.119,5.0,0.738
17177,1,1.825399,0.153,4.172,0.658
17178,1,1.825505,0.114,5.165,0.752
17179,1,1.825611,0.122,4.934,0.729
17180,1,1.825717,0.133,4.673,0.705
17181,1,1.825824,0.125,4.854,0.721
17182,1,1.825930,0.14,4.591,0.685
17183,1,1.826036,0.139,4.526,0.686
17184,1,1.826142,0.158,4.165,0.646
17185,1,1.826249,0.151,4.396,0.676
17186,1,1.826355,0.144,4.413,0.668
17187,1,1.826461,0.155,4.117,0.649
17188,1,1.826567,0.142,4.451,0.678
17189,1,1.826674,0.136,4.613,0.699
17190,1,1.826780,0.126,4.823,0.716
17191,1,1.826886,0.127,4.794,0.719
17192,1,1.826993,0.143,4.41,0.678
17193,1,1.827099,0.13,4.724,0.711
17194,1,1.827205,0.149,4.356,0.66
17195,1,1.827311,0.149,4.357,0.665
17196,1,1.827418,0.154,4.269,0.65
17197,1,1.827524,0.15,4.341,0.658
17198,1,1.827630,0.121,4.965,0.731
17199,1,1.827736,0.151,4.253,0.655
17200,1,1.827843,0.133,4.654,0.701
17201,1,1.827949,0.139,4.557,0.69
17202,1,1.828055,0.137,4.573,0.691
17203,1,1.828162,0.136,4.577,0.691
17204,1,1.828268,0.134,4.613,0.698
17205,1,1.828374,0.127,4.781,0.721
17206,1,1.828480,0.121,4.941,0.732
17207,1,1.828587,0.142,4.489,0.682
17208,1,1.828693,0.127,4.834,0.718
17209,1,1.828799,0.133,4.682,0.706
17210,1,1.828905,0.141,4.505,0.684
17211,1,1.829012,0.138,4.571,0.685
17212,1,1.829118,0.13,4.788,0.711
17213,1,1.829224,0.131,4.662,0.702
17214,1,1.829330,0.146,4.357,0.666
17215,1,1.829437,0.128,4.768,0.713
17216,1,1.829543,0.147,4.36,0.666
17217,1,1.829649,0.133,4.685,0.701
17218,1,1.829756,0.134,4.648,0.695
17219,1,1.829862,0.147,4.376,0.666
17220,1,1.829968,0.122,4.917,0.729
17221,1,1.830074,0.132,4.636,0.704
17222,1,1.830181,0.142,4.483,0.681
17223,1,1.830287,0.134,4.625,0.695
17224,1,1.830393,0.131,4.663,0.705
17225,1,1.830499,0.162,4.005,0.63
17226,1,1.830606,0.127,4.809,0.72
17227,1,1.830712,0.138,4.536,0.689
17228,1,1.830818,0.14,4.544,0.685
17229,1,1.830925,0.142,4.474,0.685
17230,1,1.831031,0.153,4.223,0.647
17231,1,1.831137,0.142,4.478,0.682
17232,1,1.831243,0.114,5.139,0.75
17233,1,1.831350,0.153,4.203,0.656
17234,1,1.831456,0.145,4.376,0.666
17235,1,1.831562,0.144,4.403,0.675
17236,1,1.831668,0.131,4.71,0.712
17237,1,1.831775,0.115,5.05,0.749
17238,1,1.831881,0.162,3.998,0.628
17239,1,1.831987,0.137,4.579,0.694
17240,1,1.832094,0.134,4.612,0.695
17241,1,1.832200,0.157,4.109,0.643
17242,1,1.832306,0.152,4.366,0.653
17243,1,1.832412,0.134,4.665,0.696
17244,1,1.832519,0.148,4.33,0.662
17245,1,1.832625,0.142,4.481,0.678
17246,1,1.832731,0.145,4.37,0.672
17247,1,1.832837,0.121,4.902,0.727
17248,1,1.832944,0.139,4.526,0.688
17249,1,1.833050,0.148,4.344,0.67
17250,1,1.833156,0.122,4.915,0.731
17251,1,1.833262,0.151,4.263,0.656
17252,1,1.833369,0.147,4.443,0.667
17253,1,1.833475,0.156,4.138,0.639
17254,1,1.833581,0.143,4.49,0.673
17255,1,1.833688,0.114,5.106,0.753
17256,1,1.833794,0.14,4.475,0.684
17257,1,1.833900,0.132,4.675,0.692
17258,1,1.834006,0.138,4.568,0.686
17259,1,1.834113,0.157,4.108,0.642
17260,1,1.834219,0.143,4.446,0.675
17261,1,1.834325,0.137,4.56,0.688
17262,1,1.834431,0.127,4.754,0.715
17263,1,1.834538,0.151,4.293,0.655
17264,1,1.834644,0.135,4.657,0.695
17265,1,1.834750,0.132,4.648,0.704
17266,1,1.834857,0.143,4.408,0.674
17267,1,1.834963,0.128,4.752,0.709
17268,1,1.835069,0.127,4.764,0.722
17269,1,1.835175,0.141,4.52,0.682
17270,1,1.835282,0.146,4.426,0.664
17271,1,1.835388,0.131,4.745,0.704
17272,1,1.835494,0.151,4.219,0.654
17273,1,1.835600,0.122,4.931,0.732
17274,1,1.835707,0.141,4.566,0.687
17275,1,1.835813,0.131,4.694,0.709
17276,1,1.835919,0.13,4.75,0.715
17277,1,1.836026,0.132,4.628,0.704
17278,1,1.836132,0.15,4.293,0.661
17279,1,1.836238,0.14,4.456,0.681
17280,1,1.836344,0.143,4.436,0.677
17281,1,1.836451,0.124,4.929,0.724
17282,1,1.836557,0.155,4.17,0.646
17283,1,1.836663,0.128,4.807,0.717
17284,1,1.836769,0.148,4.285,0.663
17285,1,1.836876,0.17,3.832,0.612
17286,1,1.836982,0.127,4.745,0.718
17287,1,1.837088,0.126,4.888,0.72
17288,1,1.837194,0.137,4.574,0.692
17289,1,1.837301,0.138,4.611,0.692
17290,1,1.837407,0.149,4.329,0.664
17291,1,1.837513,0.124,4.917,0.721
17292,1,1.837620,0.154,4.129,0.647
17293,1,1.837726,0.126,4.752,0.715
17294,1,1.837832,0.143,4.525,0.677
17295,1,1.837938,0.13,4.768,0.713
17296,1,1.838045,0.124,4.787,0.718
17297,1,1.838151,0.135,4.647,0.699
17298,1,1.838257,0.123,4.866,0.726
17299,1,1.838363,0.153,4.193,0.649
17300,1,1.838470,0.118,5.008,0.734
17301,1,1.838576,0.123,4.862,0.726
17302,1,1.838682,0.144,4.425,0.677
17303,1,1.838789,0.148,4.327,0.663
17304,1,1.838895,0.131,4.692,0.708
17305,1,1.839001,0.131,4.745,0.71
17306,1,1.839107,0.139,4.498,0.692
17307,1,1.839214,0.143,4.426,0.681
17308,1,1.839320,0.136,4.573,0.693
17309,1,1.839426,0.164,3.923,0.624
17310,1,1.839532,0.154,4.114,0.645
17311,1,1.839639,0.142,4.503,0.678
17312,1,1.839745,0.155,4.145,0.644
17313,1,1.839851,0.124,4.873,0.727
17314,1,1.839957,0.136,4.605,0.696
17315,1,1.840064,0.141,4.492,0.685
17316,1,1.840170,0.134,4.615,0.697
17317,1,1.840276,0.133,4.674,0.702
17318,1,1.840383,0.115,5.083,0.744
17319,1,1.840489,0.147,4.355,0.668
17320,1,1.840595,0.136,4.584,0.694
17321,1,1.840701,0.149,4.27,0.663
17322,1,1.840808,0.161,4.083,0.629
17323,1,1.840914,0.126,4.865,0.722
17324,1,1.841020,0.142,4.507,0.683
17325,1,1.841126,0.129,4.685,0.708
17326,1,1.841233,0.159,4.057,0.639
17327,1,1.841339,0.134,4.631,0.692
17328,1,1.841445,0.144,4.42,0.67
17329,1,1.841552,0.141,4.452,0.68
17330,1,1.841658,0.149,4.315,0.667
17331,1,1.841764,0.139,4.505,0.689
17332,1,1.841870,0.147,4.358,0.666
17333,1,1.841977,0.153,4.204,0.653
17334,1,1.842083,0.14,4.521,0.685
17335,1,1.842189,0.132,4.667,0.703
17336,1,1.842295,0.148,4.316,0.663
17337,1,1.842402,0.134,4.622,0.694
17338,1,1.842508,0.141,4.481,0.685
17339,1,1.842614,0.132,4.71,0.702
17340,1,1.842721,0.122,4.918,0.736
17341,1,1.842827,0.153,4.213,0.65
17342,1,1.842933,0.139,4.574,0.692
17343,1,1.843039,0.151,4.183,0.656
17344,1,1.843146,0.144,4.441,0.67
17345,1,1.843252,0.127,4.793,0.719
17346,1,1.843358,0.129,4.808,0.714
17347,1,1.843464,0.127,4.819,0.718
17348,1,1.843571,0.137,4.57,0.695
17349,1,1.843677,0.159,4.052,0.639
17350,1,1.843783,0.137,4.565,0.69
17351,1,1.843889,0.14,4.505,0.684
17352,1,1.843996,0.139,4.469,0.686
17353,1,1.844102,0.143,4.391,0.674
17354,1,1.844208,0.131,4.717,0.705
17355,1,1.844315,0.134,4.591,0.697
17356,1,1.844421,0.148,4.328,0.675
17357,1,1.844527,0.136,4.567,0.7
17358,1,1.844633,0.126,4.849,0.719
17359,1,1.844740,0.125,4.873,0.723
17360,1,1.844846,0.138,4.578,0.689
17361,1,1.844952,0.142,4.443,0.681
17362,1,1.845058,0.138,4.524,0.689
17363,1,1.845165,0.121,4.924,0.728
17364,1,1.845271,0.145,4.383,0.669
17365,1,1.845377,0.136,4.58,0.692
17366,1,1.845484,0.138,4.522,0.688
17367,1,1.845590,0.119,5.059,0.737
17368,1,1.845696,0.129,4.771,0.712
17369,1,1.845802,0.131,4.746,0.708
17370,1,1.845909,0.122,4.912,0.725
17371,1,1.846015,0.142,4.448,0.679
17372,1,1.846121,0.158,4.101,0.639
17373,1,1.846227,0.143,4.391,0.672
17374,1,1.846334,0.121,4.862,0.725
17375,1,1.846440,0.144,4.417,0.674
17376,1,1.846546,0.112,5.129,0.751
17377,1,1.846652,0.133,4.63,0.695
17378,1,1.846759,0.124,4.881,0.726
17379,1,1.846865,0.146,4.362,0.671
17380,1,1.846971,0.149,4.302,0.665
17381,1,1.847078,0.146,4.389,0.674
17382,1,1.847184,0.135,4.601,0.698
17383,1,1.847290,0.127,4.846,0.721
17384,1,1.847396,0.151,4.26,0.654
17385,1,1.847503,0.13,4.744,0.716
17386,1,1.847609,0.134,4.586,0.696
17387,1,1.847715,0.185,4.149,0.656
17388,1,1.847821,0.153,4.171,0.648
17389,1,1.847928,0.126,4.807,0.72
17390,1,1.848034,0.147,4.286,0.673
17391,1,1.848140,0.126,4.839,0.717
17392,1,1.848247,0.14,4.556,0.688
17393,1,1.848353,0.154,4.153,0.647
17394,1,1.848459,0.129,4.768,0.709
17395,1,1.848565,0.141,4.557,0.684
17396,1,1.848672,0.124,4.892,0.726
17397,1,1.848778,0.138,4.51,0.688
17398,1,1.848884,0.134,4.711,0.695
17399,1,1.848990,0.143,4.468,0.679
17400,1,1.849097,0.124,4.87,0.723
17401,1,1.849203,0.124,4.918,0.724
17402,1,1.849309,0.139,4.504,0.687
17403,1,1.849416,0.144,4.431,0.677
17404,1,1.849522,0.13,4.781,0.711
17405,1,1.849628,0.132,4.66,0.703
17406,1,1.849734,0.149,4.298,0.665
17407,1,1.849841,0.132,4.711,0.701
17408,1,1.849947,0.149,4.308,0.661
17409,1,1.850053,0.135,4.599,0.7
17410,1,1.850159,0.142,4.533,0.683
17411,1,1.850266,0.157,4.105,0.636
17412,1,1.850372,0.131,4.691,0.709
17413,1,1.850478,0.128,4.826,0.714
17414,1,1.850584,0.153,4.238,0.648
17415,1,1.850691,0.129,4.799,0.716
17416,1,1.850797,0.15,4.34,0.659
17417,1,1.850903,0.138,4.543,0.69
17418,1,1.851010,0.128,4.806,0.717
17419,1,1.851116,0.141,4.517,0.681
17420,1,1.851222,0.153,4.193,0.65
17421,1,1.851328,0.106,5.282,0.766
17422,1,1.851435,0.114,5.103,0.745
17423,1,1.851541,0.134,4.628,0.699
17424,1,1.851647,0.138,4.539,0.692
17425,1,1.851753,0.141,4.538,0.689
17426,1,1.851860,0.136,4.623,0.689
17427,1,1.851966,0.119,4.99,0.734
17428,1,1.852072,0.175,4.084,0.639
17429,1,1.852179,0.138,4.62,0.693
17430,1,1.852285,0.149,4.277,0.665
17431,1,1.852391,0.149,4.29,0.659
17432,1,1.852497,0.153,4.199,0.651
17433,1,1.852604,0.133,4.679,0.696
17434,1,1.852710,0.148,4.361,0.669
17435,1,1.852816,0.15,4.29,0.651
17436,1,1.852922,0.126,4.827,0.717
17437,1,1.853029,0.153,4.271,0.648
17438,1,1.853135,0.128,4.828,0.714
17439,1,1.853241,0.142,4.486,0.68
17440,1,1.853348,0.136,4.576,0.694
17441,1,1.853454,0.143,4.382,0.674
17442,1,1.853560,0.131,4.724,0.702
17443,1,1.853666,0.134,4.646,0.698
17444,1,1.853773,0.14,4.501,0.689
17445,1,1.853879,0.148,4.311,0.665
17446,1,1.853985,0.142,4.482,0.676
17447,1,1.854091,0.134,4.658,0.7
17448,1,1.854198,0.11,5.172,0.755
17449,1,1.854304,0.156,4.105,0.639
17450,1,1.854410,0.135,4.591,0.692
17451,1,1.854516,0.141,4.468,0.685
17452,1,1.854623,0.136,4.581,0.688
17453,1,1.854729,0.132,4.689,0.704
17454,1,1.854835,0.127,4.793,0.711
17455,1,1.854942,0.154,4.177,0.648
17456,1,1.855048,0.145,4.406,0.674
17457,1,1.855154,0.148,4.3,0.668
17458,1,1.855260,0.154,4.173,0.648
17459,1,1.855367,0.168,3.939,0.614
17460,1,1.855473,0.142,4.489,0.683
17461,1,1.855579,0.127,4.804,0.719
17462,1,1.855685,0.11,5.195,0.757
17463,1,1.855792,0.14,4.503,0.688
17464,1,1.855898,0.131,4.697,0.706
17465,1,1.856004,0.134,4.63,0.699
17466,1,1.856111,0.132,4.652,0.703
17467,1,1.856217,0.142,4.43,0.679
17468,1,1.856323,0.135,4.644,0.699
17469,1,1.856429,0.144,4.413,0.677
17470,1,1.856536,0.131,4.764,0.709
17471,1,1.856642,0.12,4.907,0.73
17472,1,1.856748,0.144,4.346,0.675
17473,1,1.856854,0.136,4.612,0.693
17474,1,1.856961,0.124,4.867,0.723
17475,1,1.857067,0.151,4.314,0.658
17476,1,1.857173,0.147,4.322,0.671
17477,1,1.857279,0.151,4.243,0.661
17478,1,1.857386,0.131,4.702,0.707
17479,1,1.857492,0.147,4.295,0.669
17480,1,1.857598,0.142,4.529,0.678
17481,1,1.857705,0.128,4.795,0.714
17482,1,1.857811,0.138,4.505,0.689
17483,1,1.857917,0.145,4.398,0.675
17484,1,1.858023,0.146,4.465,0.668
17485,1,1.858130,0.141,4.52,0.689
17486,1,1.858236,0.128,4.824,0.714
17487,1,1.858342,0.139,4.532,0.691
17488,1,1.858448,0.12,4.974,0.732
17489,1,1.858555,0.136,4.599,0.688
17490,1,1.858661,0.131,4.771,0.708
17491,1,1.858767,0.114,5.12,0.748
17492,1,1.858874,0.14,4.503,0.686
17493,1,1.858980,0.124,4.874,0.72
17494,1,1.859086,0.125,4.868,0.717
17495,1,1.859192,0.141,4.565,0.677
17496,1,1.859299,0.146,4.34,0.668
17497,1,1.859405,0.111,5.17,0.757
17498,1,1.859511,0.142,4.492,0.682
17499,1,1.859617,0.128,4.709,0.712
17500,1,1.859724,0.142,4.462,0.682
17501,1,1.859830,0.119,4.983,0.736
17502,1,1.859936,0.114,5.131,0.751
17503,1,1.860043,0.135,4.606,0.696
17504,1,1.860149,0.131,4.668,0.706
17505,1,1.860255,0.131,4.764,0.711
17506,1,1.860361,0.145,4.277,0.675
17507,1,1.860468,0.138,4.588,0.694
17508,1,1.860574,0.123,4.889,0.724
17509,1,1.860680,0.129,4.767,0.712
17510,1,1.860786,0.125,4.846,0.72
17511,1,1.860893,0.126,4.841,0.72
17512,1,1.860999,0.153,4.209,0.655
17513,1,1.861105,0.141,4.471,0.684
17514,1,1.861211,0.133,4.645,0.699
17515,1,1.861318,0.142,4.439,0.678
17516,1,1.861424,0.127,4.804,0.716
17517,1,1.861530,0.153,4.205,0.655
17518,1,1.861637,0.143,4.419,0.673
17519,1,1.861743,0.131,4.724,0.706
17520,1,1.861849,0.136,4.619,0.694
17521,1,1.861955,0.15,4.323,0.655
17522,1,1.862062,0.122,4.903,0.729
17523,1,1.862168,0.142,4.381,0.678
17524,1,1.862274,0.142,4.464,0.678
17525,1,1.862380,0.136,4.641,0.698
17526,1,1.862487,0.129,4.757,0.711
17527,1,1.862593,0.123,4.852,0.743
17528,1,1.862699,0.134,4.638,0.696
17529,1,1.862806,0.131,4.773,0.706
17530,1,1.862912,0.145,4.435,0.669
17531,1,1.863018,0.152,4.221,0.658
17532,1,1.863124,0.142,4.404,0.677
17533,1,1.863231,0.133,4.68,0.702
17534,1,1.863337,0.142,4.477,0.679
17535,1,1.863443,0.153,4.243,0.652
17536,1,1.863549,0.15,4.316,0.662
17537,1,1.863656,0.146,4.382,0.67
17538,1,1.863762,0.162,4.006,0.632
17539,1,1.863868,0.14,4.525,0.686
17540,1,1.863974,0.134,4.616,0.697
17541,1,1.864081,0.142,4.504,0.681
17542,1,1.864187,0.142,4.473,0.675
17543,1,1.864293,0.122,4.875,0.729
17544,1,1.864400,0.13,4.732,0.713
17545,1,1.864506,0.143,4.398,0.678
17546,1,1.864612,0.125,4.822,0.72
17547,1,1.864718,0.14,4.542,0.69
17548,1,1.864825,0.149,4.334,0.659
17549,1,1.864931,0.142,4.373,0.687
17550,1,1.865037,0.142,4.451,0.677
17551,1,1.865143,0.139,4.495,0.687
17552,1,1.865250,0.134,4.858,0.723
17553,1,1.865356,0.135,4.618,0.697
17554,1,1.865462,0.128,4.832,0.713
17555,1,1.865569,0.131,4.764,0.712
17556,1,1.865675,0.136,4.571,0.689
17557,1,1.865781,0.139,4.534,0.692
17558,1,1.865887,0.133,4.67,0.701
17559,1,1.865994,0.133,4.644,0.701
17560,1,1.866100,0.139,4.538,0.69
17561,1,1.866206,0.141,4.506,0.683
17562,1,1.866312,0.161,4.052,0.63
17563,1,1.866419,0.137,4.546,0.694
17564,1,1.866525,0.143,4.354,0.678
17565,1,1.866631,0.13,4.783,0.704
17566,1,1.866738,0.14,4.505,0.684
17567,1,1.866844,0.153,4.316,0.66
17568,1,1.866950,0.129,4.791,0.712
17569,1,1.867056,0.152,4.224,0.655
17570,1,1.867163,0.146,4.412,0.672
17571,1,1.867269,0.167,3.929,0.617
17572,1,1.867375,0.158,4.066,0.638
17573,1,1.867481,0.135,4.65,0.699
17574,1,1.867588,0.131,4.71,0.709
17575,1,1.867694,0.136,4.653,0.695
17576,1,1.867800,0.143,4.458,0.669
17577,1,1.867906,0.129,4.805,0.707
17578,1,1.868013,0.141,4.544,0.679
17579,1,1.868119,0.143,4.413,0.675
17580,1,1.868225,0.142,4.464,0.681
17581,1,1.868332,0.131,4.702,0.708
17582,1,1.868438,0.142,4.459,0.679
17583,1,1.868544,0.122,4.908,0.723
17584,1,1.868650,0.131,4.65,0.705
17585,1,1.868757,0.148,4.286,0.663
17586,1,1.868863,0.136,4.63,0.695
17587,1,1.868969,0.132,4.669,0.706
17588,1,1.869075,0.137,4.555,0.687
17589,1,1.869182,0.136,4.625,0.693
17590,1,1.869288,0.149,4.247,0.655
17591,1,1.869394,0.131,4.724,0.71
17592,1,1.869501,0.164,3.933,0.629
17593,1,1.869607,0.132,4.901,0.726
17594,1,1.869713,0.158,4.136,0.637
17595,1,1.869819,0.145,4.4,0.673
17596,1,1.869926,0.127,4.795,0.713
17597,1,1.870032,0.16,4.1,0.64
17598,1,1.870138,0.144,4.456,0.679
17599,1,1.870244,0.131,4.74,0.706
17600,1,1.870351,0.131,4.793,0.707
17601,1,1.870457,0.143,4.471,0.672
17602,1,1.870563,0.131,4.736,0.712
17603,1,1.870670,0.156,4.143,0.649
17604,1,1.870776,0.146,4.359,0.67
17605,1,1.870882,0.146,4.38,0.673
17606,1,1.870988,0.125,4.859,0.719
17607,1,1.871095,0.136,4.616,0.697
17608,1,1.871201,0.133,4.671,0.701
17609,1,1.871307,0.136,4.627,0.691
17610,1,1.871413,0.136,4.576,0.697
17611,1,1.871520,0.135,4.605,0.698
17612,1,1.871626,0.121,4.923,0.727
17613,1,1.871732,0.136,4.614,0.695
17614,1,1.871838,0.123,4.91,0.723
17615,1,1.871945,0.14,4.467,0.682
17616,1,1.872051,0.133,4.67,0.699
17617,1,1.872157,0.117,5.07,0.738
17618,1,1.872264,0.133,4.688,0.699
17619,1,1.872370,0.127,4.793,0.716
17620,1,1.872476,0.131,4.712,0.702
17621,1,1.872582,0.129,4.742,0.707
17622,1,1.872689,0.134,4.648,0.697
17623,1,1.872795,0.127,4.749,0.719
17624,1,1.872901,0.12,4.963,0.734
17625,1,1.873007,0.11,5.178,0.756
17626,1,1.873114,0.134,4.585,0.697
17627,1,1.873220,0.118,4.984,0.74
17628,1,1.873326,0.136,4.597,0.694
17629,1,1.873433,0.148,4.258,0.663
17630,1,1.873539,0.147,4.378,0.666
17631,1,1.873645,0.128,4.785,0.713
17632,1,1.873751,0.152,4.253,0.654
17633,1,1.873858,0.13,4.803,0.712
17634,1,1.873964,0.146,4.338,0.673
17635,1,1.874070,0.131,4.681,0.704
17636,1,1.874176,0.14,4.548,0.688
17637,1,1.874283,0.154,4.182,0.649
17638,1,1.874389,0.109,5.25,0.764
17639,1,1.874495,0.131,4.682,0.702
17640,1,1.874601,0.147,4.405,0.668
17641,1,1.874708,0.139,4.486,0.683
17642,1,1.874814,0.169,3.878,0.607
17643,1,1.874920,0.156,4.148,0.64
17644,1,1.875027,0.137,4.582,0.687
17645,1,1.875133,0.138,4.54,0.687
17646,1,1.875239,0.123,4.898,0.724
17647,1,1.875345,0.122,4.906,0.728
17648,1,1.875452,0.137,4.584,0.692
17649,1,1.875558,0.135,4.569,0.695
17650,1,1.875664,0.141,4.425,0.681
17651,1,1.875770,0.142,4.506,0.681
17652,1,1.875877,0.145,4.415,0.672
17653,1,1.875983,0.151,4.266,0.657
17654,1,1.876089,0.142,4.441,0.679
17655,1,1.876196,0.15,4.292,0.662
17656,1,1.876302,0.153,4.198,0.646
17657,1,1.876408,0.144,4.381,0.676
17658,1,1.876514,0.151,4.249,0.654
17659,1,1.876621,0.149,4.266,0.662
17660,1,1.876727,0.132,4.715,0.705
17661,1,1.876833,0.145,4.4,0.674
17662,1,1.876939,0.146,4.346,0.663
17663,1,1.877046,0.119,4.963,0.73
17664,1,1.877152,0.121,4.936,0.73
17665,1,1.877258,0.139,4.491,0.688
17666,1,1.877365,0.13,4.765,0.712
17667,1,1.877471,0.137,4.556,0.692
17668,1,1.877577,0.11,5.19,0.757
17669,1,1.877683,0.162,4.145,0.654
17670,1,1.877790,0.133,4.68,0.696
17671,1,1.877896,0.141,4.503,0.688
17672,1,1.878002,0.125,4.826,0.717
17673,1,1.878108,0.142,4.48,0.676
17674,1,1.878215,0.142,4.492,0.678
17675,1,1.878321,0.138,4.566,0.69
17676,1,1.878427,0.137,4.564,0.693
17677,1,1.878533,0.121,4.922,0.735
17678,1,1.878640,0.152,4.242,0.653
17679,1,1.878746,0.145,4.418,0.67
17680,1,1.878852,0.132,4.679,0.705
17681,1,1.878959,0.131,4.673,0.707
17682,1,1.879065,0.153,4.218,0.649
17683,1,1.879171,0.111,5.149,0.75
17684,1,1.879277,0.139,4.6,0.689
17685,1,1.879384,0.136,4.57,0.69
17686,1,1.879490,0.143,4.412,0.675
17687,1,1.879596,0.125,4.881,0.718
17688,1,1.879702,0.128,4.804,0.711
17689,1,1.879809,0.135,4.589,0.695
17690,1,1.879915,0.133,4.681,0.699
17691,1,1.880021,0.134,4.659,0.702
17692,1,1.880128,0.133,4.662,0.702
17693,1,1.880234,0.122,4.925,0.729
17694,1,1.880340,0.133,4.675,0.7
17695,1,1.880446,0.148,4.389,0.667
17696,1,1.880553,0.151,4.302,0.657
17697,1,1.880659,0.135,4.616,0.697
17698,1,1.880765,0.136,4.681,0.696
17699,1,1.880871,0.153,4.2,0.651
17700,1,1.880978,0.122,4.942,0.722
17701,1,1.881084,0.117,5.003,0.744
17702,1,1.881190,0.131,4.698,0.706
17703,1,1.881296,0.134,4.685,0.696
17704,1,1.881403,0.142,4.431,0.678
17705,1,1.881509,0.145,4.342,0.668
17706,1,1.881615,0.153,4.266,0.647
17707,1,1.881722,0.129,4.793,0.712
17708,1,1.881828,0.14,4.454,0.686
17709,1,1.881934,0.132,4.706,0.705
17710,1,1.882040,0.149,4.311,0.657
17711,1,1.882147,0.131,4.708,0.71
17712,1,1.882253,0.15,4.258,0.658
17713,1,1.882359,0.143,4.44,0.677
17714,1,1.882465,0.158,4.049,0.635
17715,1,1.882572,0.138,4.515,0.688
17716,1,1.882678,0.12,4.966,0.735
17717,1,1.882784,0.131,4.706,0.7
17718,1,1.882891,0.121,4.928,0.727
17719,1,1.882997,0.142,4.549,0.682
17720,1,1.883103,0.132,4.691,0.702
17721,1,1.883209,0.134,4.604,0.698
17722,1,1.883316,0.142,4.487,0.679
17723,1,1.883422,0.123,4.886,0.726
17724,1,1.883528,0.131,4.741,0.717
17725,1,1.883634,0.134,4.674,0.695
17726,1,1.883741,0.142,4.435,0.676
17727,1,1.883847,0.137,4.568,0.689
17728,1,1.883953,0.147,4.347,0.667
17729,1,1.884060,0.15,4.3,0.665
17730,1,1.884166,0.128,4.757,0.713
17731,1,1.884272,0.134,4.655,0.698
17732,1,1.884378,0.134,4.619,0.695
17733,1,1.884485,0.114,5.103,0.749
17734,1,1.884591,0.124,4.81,0.721
17735,1,1.884697,0.116,5.047,0.747
17736,1,1.884803,0.13,4.739,0.708
17737,1,1.884910,0.143,4.476,0.671
17738,1,1.885016,0.149,4.345,0.667
17739,1,1.885122,0.159,4.476,0.679
17740,1,1.885228,0.148,4.344,0.666
17741,1,1.885335,0.129,4.78,0.711
17742,1,1.885441,0.136,4.56,0.692
17743,1,1.885547,0.124,4.887,0.723
17744,1,1.885654,0.123,4.879,0.727
17745,1,1.885760,0.141,4.502,0.688
17746,1,1.885866,0.153,4.262,0.653
17747,1,1.885972,0.135,4.579,0.697
17748,1,1.886079,0.123,4.909,0.722
17749,1,1.886185,0.132,4.742,0.707
17750,1,1.886291,0.138,4.589,0.69
17751,1,1.886397,0.134,4.686,0.699
17752,1,1.886504,0.123,4.881,0.726
17753,1,1.886610,0.126,4.844,0.72
17754,1,1.886716,0.122,4.905,0.73
17755,1,1.886823,0.142,4.749,0.708
17756,1,1.886929,0.14,4.497,0.686
17757,1,1.887035,0.122,4.921,0.73
17758,1,1.887141,0.138,4.568,0.691
17759,1,1.887248,0.131,4.76,0.704
17760,1,1.887354,0.173,4.337,0.672
17761,1,1.887460,0.136,4.557,0.697
17762,1,1.887566,0.124,4.859,0.728
17763,1,1.887673,0.136,4.59,0.692
17764,1,1.887779,0.122,4.904,0.723
17765,1,1.887885,0.162,4.022,0.631
17766,1,1.887991,0.152,4.233,0.665
17767,1,1.888098,0.142,4.718,0.703
17768,1,1.888204,0.14,4.545,0.688
17769,1,1.888310,0.13,4.79,0.718
17770,1,1.888417,0.135,4.602,0.699
17771,1,1.888523,0.139,4.495,0.686
17772,1,1.888629,0.129,4.773,0.711
17773,1,1.888735,0.151,4.321,0.659
17774,1,1.888842,0.158,4.092,0.638
17775,1,1.888948,0.136,4.645,0.696
17776,1,1.889054,0.128,4.802,0.712
17777,1,1.889160,0.112,5.195,0.75
17778,1,1.889267,0.115,5.146,0.745
17779,1,1.889373,0.148,4.381,0.668
17780,1,1.889479,0.157,4.12,0.647
17781,1,1.889586,0.138,4.569,0.687
17782,1,1.889692,0.149,4.386,0.67
17783,1,1.889798,0.122,4.875,0.727
17784,1,1.889904,0.135,4.647,0.701
17785,1,1.890011,0.121,4.931,0.732
17786,1,1.890117,0.126,4.854,0.725
17787,1,1.890223,0.135,4.621,0.697
17788,1,1.890329,0.15,4.288,0.655
17789,1,1.890436,0.113,5.155,0.752
17790,1,1.890542,0.119,4.915,0.736
17791,1,1.890648,0.129,4.761,0.718
17792,1,1.890755,0.126,4.851,0.725
17793,1,1.890861,0.128,4.73,0.72
17794,1,1.890967,0.137,4.574,0.694
17795,1,1.891073,0.12,4.955,0.731
17796,1,1.891180,0.134,4.648,0.699
17797,1,1.891286,0.141,4.442,0.686
17798,1,1.891392,0.135,4.628,0.693
17799,1,1.891498,0.128,4.801,0.715
17800,1,1.891605,0.132,4.646,0.709
17801,1,1.891711,0.148,4.333,0.663
17802,1,1.891817,0.141,4.555,0.682
17803,1,1.891923,0.122,4.934,0.726
17804,1,1.892030,0.136,4.588,0.691
17805,1,1.892136,0.12,4.922,0.733
17806,1,1.892242,0.14,4.46,0.684
17807,1,1.892349,0.146,4.384,0.672
17808,1,1.892455,0.136,4.578,0.701
17809,1,1.892561,0.136,4.579,0.696
17810,1,1.892667,0.125,4.783,0.718
17811,1,1.892774,0.131,4.64,0.705
17812,1,1.892880,0.136,4.637,0.699
17813,1,1.892986,0.142,4.472,0.678
17814,1,1.893092,0.138,4.562,0.689
17815,1,1.893199,0.135,4.604,0.697
17816,1,1.893305,0.142,4.434,0.678
17817,1,1.893411,0.145,4.384,0.671
17818,1,1.893518,0.116,5.062,0.746
17819,1,1.893624,0.137,4.563,0.693
17820,1,1.893730,0.135,4.546,0.701
17821,1,1.893836,0.124,4.835,0.726
17822,1,1.893943,0.118,5.019,0.738
17823,1,1.894049,0.141,4.531,0.691
17824,1,1.894155,0.136,4.633,0.69
17825,1,1.894261,0.137,4.582,0.685
17826,1,1.894368,0.134,4.628,0.699
17827,1,1.894474,0.134,4.602,0.701
17828,1,1.894580,0.14,4.524,0.684
17829,1,1.894687,0.128,4.779,0.712
17830,1,1.894793,0.147,4.319,0.67
17831,1,1.894899,0.136,4.627,0.693
17832,1,1.895005,0.14,4.596,0.69
17833,1,1.895112,0.15,4.267,0.663
17834,1,1.895218,0.128,4.779,0.713
17835,1,1.895324,0.142,4.436,0.676
17836,1,1.895430,0.153,4.223,0.653
17837,1,1.895537,0.119,4.929,0.733
17838,1,1.895643,0.142,4.446,0.68
17839,1,1.895749,0.142,4.44,0.682
17840,1,1.895855,0.131,4.811,0.706
17841,1,1.895962,0.128,4.835,0.719
17842,1,1.896068,0.12,4.944,0.73
17843,1,1.896174,0.121,4.888,0.731
17844,1,1.896281,0.131,4.736,0.703
17845,1,1.896387,0.145,4.384,0.666
17846,1,1.896493,0.114,5.109,0.751
17847,1,1.896599,0.135,4.609,0.699
17848,1,1.896706,0.145,4.413,0.677
17849,1,1.896812,0.139,4.53,0.686
17850,1,1.896918,0.131,4.733,0.705
17851,1,1.897024,0.141,4.499,0.681
17852,1,1.897131,0.131,4.697,0.706
17853,1,1.897237,0.123,4.877,0.727
17854,1,1.897343,0.149,4.322,0.665
17855,1,1.897450,0.142,4.485,0.678
17856,1,1.897556,0.146,4.382,0.671
17857,1,1.897662,0.143,4.455,0.67
17858,1,1.897768,0.131,4.654,0.702
17859,1,1.897875,0.131,4.709,0.706
17860,1,1.897981,0.131,4.722,0.709
17861,1,1.898087,0.146,4.356,0.664
17862,1,1.898193,0.152,4.189,0.656
17863,1,1.898300,0.135,4.617,0.697
17864,1,1.898406,0.141,4.466,0.678
17865,1,1.898512,0.132,4.723,0.706
17866,1,1.898618,0.132,4.654,0.697
17867,1,1.898725,0.133,4.666,0.704
17868,1,1.898831,0.13,4.701,0.709
17869,1,1.898937,0.131,4.751,0.708
17870,1,1.899044,0.134,4.626,0.696
17871,1,1.899150,0.145,4.392,0.671
17872,1,1.899256,0.136,4.549,0.69
17873,1,1.899362,0.154,4.235,0.658
17874,1,1.899469,0.142,4.49,0.679
17875,1,1.899575,0.134,4.605,0.7
17876,1,1.899681,0.129,4.785,0.713
17877,1,1.899787,0.122,4.928,0.733
17878,1,1.899894,0.128,4.722,0.716
17879,1,1.900000,0.153,4.214,0.649
17880,1,1.900106,0.142,4.524,0.676
17881,1,1.900213,0.134,4.63,0.693
17882,1,1.900319,0.133,4.605,0.699
17883,1,1.900425,0.133,4.592,0.698
17884,1,1.900531,0.143,4.413,0.677
17885,1,1.900638,0.125,4.88,0.724
17886,1,1.900744,0.14,4.521,0.684
17887,1,1.900850,0.123,4.917,0.727
17888,1,1.900956,0.137,4.572,0.69
17889,1,1.901063,0.131,4.75,0.71
17890,1,1.901169,0.142,4.504,0.68
17891,1,1.901275,0.122,4.881,0.73
17892,1,1.901382,0.146,4.361,0.673
17893,1,1.901488,0.147,4.385,0.665
17894,1,1.901594,0.128,4.861,0.726
17895,1,1.901700,0.135,4.615,0.694
17896,1,1.901807,0.133,4.662,0.7
17897,1,1.901913,0.147,4.342,0.667
17898,1,1.902019,0.132,4.692,0.7
17899,1,1.902125,0.132,4.689,0.705
17900,1,1.902232,0.13,4.716,0.715
17901,1,1.902338,0.136,4.637,0.695
17902,1,1.902444,0.128,4.786,0.715
17903,1,1.902550,0.127,4.803,0.713
17904,1,1.902657,0.138,4.573,0.689
17905,1,1.902763,0.12,4.973,0.731
17906,1,1.902869,0.145,4.344,0.669
17907,1,1.902976,0.126,4.841,0.72
17908,1,1.903082,0.144,4.41,0.673
17909,1,1.903188,0.156,4.184,0.656
17910,1,1.903294,0.147,4.353,0.668
17911,1,1.903401,0.141,4.512,0.686
17912,1,1.903507,0.134,4.609,0.695
17913,1,1.903613,0.144,4.447,0.672
17914,1,1.903719,0.135,4.597,0.694
17915,1,1.903826,0.134,4.649,0.696
17916,1,1.903932,0.134,4.632,0.7
17917,1,1.904038,0.142,4.505,0.677
17918,1,1.904145,0.151,4.347,0.656
17919,1,1.904251,0.138,4.522,0.69
17920,1,1.904357,0.138,4.597,0.69
17921,1,1.904463,0.13,4.771,0.709
17922,1,1.904570,0.14,4.546,0.687
17923,1,1.904676,0.125,4.807,0.718
17924,1,1.904782,0.132,4.699,0.701
17925,1,1.904888,0.124,4.854,0.722
17926,1,1.904995,0.13,4.671,0.707
17927,1,1.905101,0.148,4.336,0.666
17928,1,1.905207,0.141,4.505,0.683
17929,1,1.905313,0.143,4.391,0.681
17930,1,1.905420,0.127,4.827,0.719
17931,1,1.905526,0.147,4.372,0.667
17932,1,1.905632,0.142,4.485,0.677
17933,1,1.905739,0.139,4.498,0.689
17934,1,1.905845,0.136,4.578,0.696
17935,1,1.905951,0.138,4.549,0.685
17936,1,1.906057,0.128,4.749,0.713
17937,1,1.906164,0.135,4.635,0.703
17938,1,1.906270,0.128,4.762,0.712
17939,1,1.906376,0.137,4.553,0.693
17940,1,1.906482,0.14,4.494,0.687
17941,1,1.906589,0.128,4.799,0.713
17942,1,1.906695,0.149,4.296,0.664
17943,1,1.906801,0.131,4.71,0.706
17944,1,1.906908,0.133,4.633,0.702
17945,1,1.907014,0.143,4.46,0.674
17946,1,1.907120,0.126,4.837,0.724
17947,1,1.907226,0.146,4.3,0.663
17948,1,1.907333,0.136,4.686,0.7
17949,1,1.907439,0.149,4.366,0.656
17950,1,1.907545,0.137,4.537,0.695
17951,1,1.907651,0.139,4.543,0.69
17952,1,1.907758,0.135,4.629,0.703
17953,1,1.907864,0.122,4.898,0.722
17954,1,1.907970,0.165,3.966,0.628
17955,1,1.908077,0.159,3.987,0.644
17956,1,1.908183,0.124,4.846,0.723
17957,1,1.908289,0.148,4.341,0.666
17958,1,1.908395,0.128,4.751,0.71
17959,1,1.908502,0.142,4.456,0.685
17960,1,1.908608,0.13,4.753,0.708
17961,1,1.908714,0.124,4.829,0.725
17962,1,1.908820,0.157,4.056,0.637
17963,1,1.908927,0.142,4.421,0.681
17964,1,1.909033,0.16,4.059,0.639
17965,1,1.909139,0.142,4.469,0.68
17966,1,1.909245,0.144,4.35,0.673
17967,1,1.909352,0.141,4.529,0.684
17968,1,1.909458,0.125,4.794,0.724
17969,1,1.909564,0.168,3.834,0.613
17970,1,1.909671,0.155,4.115,0.644
17971,1,1.909777,0.113,5.125,0.749
17972,1,1.909883,0.119,4.942,0.736
17973,1,1.909989,0.119,4.987,0.731
17974,1,1.910096,0.153,4.187,0.656
17975,1,1.910202,0.132,4.677,0.701
17976,1,1.910308,0.132,4.639,0.704
17977,1,1.910414,0.116,5.011,0.743
17978,1,1.910521,0.142,4.421,0.678
17979,1,1.910627,0.131,4.661,0.706
17980,1,1.910733,0.131,4.706,0.704
17981,1,1.910840,0.131,4.673,0.712
17982,1,1.910946,0.131,4.684,0.711
17983,1,1.911052,0.128,4.766,0.711
17984,1,1.911158,0.139,4.54,0.687
17985,1,1.911265,0.13,4.813,0.707
17986,1,1.911371,0.129,4.729,0.711
17987,1,1.911477,0.145,4.427,0.671
17988,1,1.911583,0.137,4.554,0.691
17989,1,1.911690,0.144,4.429,0.67
17990,1,1.911796,0.122,4.92,0.73
17991,1,1.911902,0.131,4.737,0.705
17992,1,1.912009,0.132,4.675,0.708
17993,1,1.912115,0.133,4.595,0.699
17994,1,1.912221,0.147,4.33,0.666
17995,1,1.912327,0.143,4.431,0.679
17996,1,1.912434,0.117,5.065,0.741
17997,1,1.912540,0.131,4.695,0.702
17998,1,1.912646,0.127,4.827,0.716
17999,1,1.912752,0.143,4.43,0.674
18000,1,1.912859,0.135,4.589,0.701
18001,1,1.912965,0.137,4.566,0.686
18002,1,1.913071,0.133,4.672,0.701
18003,1,1.913177,0.153,4.195,0.652
18004,1,1.913284,0.128,4.798,0.713
18005,1,1.913390,0.129,4.774,0.713
18006,1,1.913496,0.095,5.511,0.789
18007,1,1.913603,0.127,4.829,0.712
18008,1,1.913709,0.131,4.785,0.709
18009,1,1.913815,0.16,4.04,0.634
18010,1,1.913921,0.118,5.04,0.739
18011,1,1.914028,0.121,4.947,0.728
18012,1,1.914134,0.125,4.806,0.717
18013,1,1.914240,0.149,4.267,0.66
18014,1,1.914346,0.149,4.289,0.66
18015,1,1.914453,0.14,4.561,0.679
18016,1,1.914559,0.129,4.794,0.71
18017,1,1.914665,0.136,4.551,0.69
18018,1,1.914772,0.147,4.363,0.667
18019,1,1.914878,0.141,4.468,0.685
18020,1,1.914984,0.137,4.524,0.688
18021,1,1.915090,0.122,4.947,0.726
18022,1,1.915197,0.136,4.607,0.693
18023,1,1.915303,0.145,4.371,0.672
18024,1,1.915409,0.151,4.327,0.661
18025,1,1.915515,0.117,5.099,0.742
18026,1,1.915622,0.148,4.358,0.668
18027,1,1.915728,0.134,4.687,0.698
18028,1,1.915834,0.147,4.322,0.674
18029,1,1.915940,0.15,4.329,0.658
18030,1,1.916047,0.115,5.106,0.751
18031,1,1.916153,0.139,4.543,0.682
18032,1,1.916259,0.119,4.965,0.737
18033,1,1.916366,0.14,4.524,0.682
18034,1,1.916472,0.119,4.987,0.735
18035,1,1.916578,0.148,4.338,0.663
18036,1,1.916684,0.143,4.455,0.675
18037,1,1.916791,0.122,4.876,0.726
18038,1,1.916897,0.134,4.648,0.692
18039,1,1.917003,0.136,4.651,0.692
18040,1,1.917109,0.122,4.909,0.725
18041,1,1.917216,0.132,4.628,0.701
18042,1,1.917322,0.127,4.802,0.719
18043,1,1.917428,0.13,4.729,0.704
18044,1,1.917535,0.136,4.543,0.696
18045,1,1.917641,0.127,4.772,0.718
18046,1,1.917747,0.141,4.462,0.685
18047,1,1.917853,0.158,4.072,0.642
18048,1,1.917960,0.136,4.555,0.693
18049,1,1.918066,0.145,4.349,0.671
18050,1,1.918172,0.136,4.61,0.692
18051,1,1.918278,0.156,4.157,0.644
18052,1,1.918385,0.163,4.028,0.636
18053,1,1.918491,0.141,4.507,0.686
18054,1,1.918597,0.152,4.222,0.658
18055,1,1.918704,0.125,4.829,0.722
18056,1,1.918810,0.119,5.021,0.733
18057,1,1.918916,0.115,5.106,0.747
18058,1,1.919022,0.13,4.714,0.708
18059,1,1.919129,0.127,4.76,0.72
18060,1,1.919235,0.138,4.557,0.688
18061,1,1.919341,0.165,4.046,0.645
18062,1,1.919447,0.117,5.089,0.736
18063,1,1.919554,0.14,4.454,0.686
18064,1,1.919660,0.128,4.821,0.711
18065,1,1.919766,0.123,4.869,0.724
18066,1,1.919872,0.136,4.599,0.692
18067,1,1.919979,0.122,4.942,0.72
18068,1,1.920085,0.126,4.774,0.719
18069,1,1.920191,0.126,4.831,0.718
18070,1,1.920298,0.138,4.518,0.691
18071,1,1.920404,0.141,4.478,0.681
18072,1,1.920510,0.133,4.666,0.7
18073,1,1.920616,0.132,4.732,0.705
18074,1,1.920723,0.099,5.439,0.783
18075,1,1.920829,0.142,4.619,0.692
18076,1,1.920935,0.121,4.921,0.733
18077,1,1.921041,0.147,4.325,0.668
18078,1,1.921148,0.148,4.391,0.667
18079,1,1.921254,0.149,4.274,0.667
18080,1,1.921360,0.114,5.085,0.751
18081,1,1.921467,0.153,4.173,0.649
18082,1,1.921573,0.144,4.375,0.676
18083,1,1.921679,0.158,4.107,0.64
18084,1,1.921785,0.139,4.599,0.69
18085,1,1.921892,0.128,4.857,0.714
18086,1,1.921998,0.144,4.411,0.68
18087,1,1.922104,0.14,4.519,0.682
18088,1,1.922210,0.159,4.04,0.636
18089,1,1.922317,0.145,4.43,0.675
18090,1,1.922423,0.128,4.8,0.716
18091,1,1.922529,0.134,4.635,0.702
18092,1,1.922635,0.138,4.585,0.691
18093,1,1.922742,0.143,4.479,0.671
18094,1,1.922848,0.131,4.723,0.704
18095,1,1.922954,0.139,4.567,0.689
18096,1,1.923061,0.131,4.7,0.706
18097,1,1.923167,0.11,5.167,0.759
18098,1,1.923273,0.127,4.821,0.72
18099,1,1.923379,0.15,4.296,0.661
18100,1,1.923486,0.114,5.077,0.745
18101,1,1.923592,0.128,4.765,0.714
18102,1,1.923698,0.15,4.334,0.662
18103,1,1.923804,0.139,4.574,0.694
18104,1,1.923911,0.147,4.338,0.667
18105,1,1.924017,0.137,4.519,0.693
18106,1,1.924123,0.127,4.805,0.716
18107,1,1.924230,0.139,4.562,0.689
18108,1,1.924336,0.124,4.844,0.722
18109,1,1.924442,0.132,4.703,0.701
18110,1,1.924548,0.133,4.647,0.697
18111,1,1.924655,0.14,4.523,0.685
18112,1,1.924761,0.146,4.435,0.666
18113,1,1.924867,0.119,4.998,0.733
18114,1,1.924973,0.131,4.721,0.707
18115,1,1.925080,0.117,5.073,0.74
18116,1,1.925186,0.139,4.537,0.685
18117,1,1.925292,0.131,4.707,0.707
18118,1,1.925399,0.163,3.987,0.626
18119,1,1.925505,0.131,4.787,0.704
18120,1,1.925611,0.143,4.403,0.671
18121,1,1.925717,0.116,5.11,0.746
18122,1,1.925824,0.136,4.584,0.693
18123,1,1.925930,0.153,4.218,0.654
18124,1,1.926036,0.123,4.854,0.726
18125,1,1.926142,0.118,4.965,0.738
18126,1,1.926249,0.146,4.356,0.671
18127,1,1.926355,0.119,5.007,0.736
18128,1,1.926461,0.131,4.711,0.706
18129,1,1.926567,0.118,4.992,0.74
18130,1,1.926674,0.136,4.576,0.695
18131,1,1.926780,0.192,4.501,0.676
18132,1,1.926886,0.119,4.989,0.736
18133,1,1.926993,0.127,4.794,0.714
18134,1,1.927099,0.138,4.589,0.69
18135,1,1.927205,0.154,4.144,0.649
18136,1,1.927311,0.126,4.792,0.721
18138,1,1.927524,0.131,4.713,0.702
18139,1,1.927630,0.137,4.53,0.694
18140,1,1.927736,0.124,4.856,0.72
18141,1,1.927843,0.119,5.018,0.736
18142,1,1.927949,0.131,4.722,0.705
18143,1,1.928055,0.148,4.372,0.666
18144,1,1.928162,0.138,4.608,0.697
18145,1,1.928268,0.145,4.388,0.673
18146,1,1.928374,0.131,4.766,0.71
18147,1,1.928480,0.125,4.835,0.726
18148,1,1.928587,0.153,4.205,0.656
18149,1,1.928693,0.146,4.374,0.667
18150,1,1.928799,0.147,4.338,0.666
18151,1,1.928905,0.124,4.852,0.719
18152,1,1.929012,0.103,5.397,0.773
18153,1,1.929118,0.114,5.13,0.751
18154,1,1.929224,0.119,4.932,0.733
18155,1,1.929330,0.15,4.312,0.666
18156,1,1.929437,0.162,4.019,0.64
18157,1,1.929543,0.152,4.296,0.66
18158,1,1.929649,0.142,4.449,0.68
18159,1,1.929756,0.131,4.719,0.703
18160,1,1.929862,0.124,4.885,0.727
18161,1,1.929968,0.134,4.668,0.698
18162,1,1.930074,0.139,4.523,0.691
18163,1,1.930181,0.128,4.805,0.715
18164,1,1.930287,0.14,4.467,0.684
18165,1,1.930393,0.125,4.876,0.721
18166,1,1.930499,0.134,4.692,0.697
18167,1,1.930606,0.15,4.261,0.66
18168,1,1.930712,0.184,3.557,0.576
18169,1,1.930818,0.14,4.464,0.679
18170,1,1.930925,0.127,4.784,0.719
18171,1,1.931031,0.138,4.574,0.693
18172,1,1.931137,0.129,4.784,0.712
18173,1,1.931243,0.151,4.242,0.661
18174,1,1.931350,0.146,4.35,0.668
18175,1,1.931456,0.153,4.22,0.648
18176,1,1.931562,0.131,4.684,0.697
18177,1,1.931668,0.117,5.06,0.736
18178,1,1.931775,0.124,4.867,0.724
18179,1,1.931881,0.132,4.695,0.702
18180,1,1.931987,0.141,4.465,0.681
18181,1,1.932094,0.138,4.62,0.692
18182,1,1.932200,0.131,4.654,0.708
18183,1,1.932306,0.153,4.234,0.652
18184,1,1.932412,0.131,4.748,0.709
18185,1,1.932519,0.136,4.588,0.693
18186,1,1.932625,0.12,4.919,0.734
18187,1,1.932731,0.123,4.86,0.728
18188,1,1.932837,0.144,4.401,0.678
18189,1,1.932944,0.138,4.608,0.693
18190,1,1.933050,0.153,4.278,0.647
18191,1,1.933156,0.122,4.932,0.733
18192,1,1.933262,0.133,4.628,0.7
18193,1,1.933369,0.123,4.874,0.727
18194,1,1.933475,0.131,4.678,0.707
18195,1,1.933581,0.142,4.417,0.679
18196,1,1.933688,0.124,4.9,0.718
18197,1,1.933794,0.141,4.457,0.683
18198,1,1.933900,0.139,4.54,0.691
18199,1,1.934006,0.129,4.778,0.711
18200,1,1.934113,0.139,4.605,0.682
18201,1,1.934219,0.129,4.76,0.711
18202,1,1.934325,0.119,4.955,0.733
18203,1,1.934431,0.176,4.103,0.633
18204,1,1.934538,0.14,4.588,0.684
18205,1,1.934644,0.131,4.692,0.706
18206,1,1.934750,0.138,4.57,0.683
18207,1,1.934857,0.148,4.24,0.666
18208,1,1.934963,0.152,4.219,0.653
18209,1,1.935069,0.12,4.975,0.73
18210,1,1.935175,0.129,4.744,0.713
18211,1,1.935282,0.154,4.219,0.651
18212,1,1.935388,0.133,4.607,0.704
18213,1,1.935494,0.14,4.502,0.691
18214,1,1.935600,0.142,4.44,0.68
18215,1,1.935707,0.129,4.788,0.711
18216,1,1.935813,0.151,4.281,0.661
18217,1,1.935919,0.134,4.635,0.694
18218,1,1.936026,0.115,5.082,0.744
18219,1,1.936132,0.133,4.623,0.698
18220,1,1.936238,0.132,4.691,0.703
18221,1,1.936344,0.132,4.689,0.698
18222,1,1.936451,0.17,3.878,0.616
18223,1,1.936557,0.151,4.238,0.658
18224,1,1.936663,0.164,3.981,0.627
18225,1,1.936769,0.138,4.584,0.692
18226,1,1.936876,0.117,5.045,0.742
18227,1,1.936982,0.131,4.745,0.706
18228,1,1.937088,0.131,4.733,0.707
18229,1,1.937194,0.144,4.366,0.676
18230,1,1.937301,0.132,4.638,0.701
18231,1,1.937407,0.155,4.175,0.647
18232,1,1.937513,0.147,4.31,0.666
18233,1,1.937620,0.125,4.857,0.722
18234,1,1.937726,0.129,4.764,0.715
18235,1,1.937832,0.136,4.592,0.693
18236,1,1.937938,0.136,4.615,0.694
18237,1,1.938045,0.131,4.716,0.707
18238,1,1.938151,0.139,4.526,0.683
18239,1,1.938257,0.145,4.372,0.674
18240,1,1.938363,0.145,4.372,0.67
18241,1,1.938470,0.14,4.511,0.692
18242,1,1.938576,0.149,4.349,0.662
18243,1,1.938682,0.139,4.619,0.69
18244,1,1.938789,0.148,4.318,0.66
18245,1,1.938895,0.133,4.62,0.7
18246,1,1.939001,0.141,4.468,0.684
18247,1,1.939107,0.135,4.633,0.697
18248,1,1.939214,0.145,4.369,0.674
18249,1,1.939320,0.144,4.381,0.676
18250,1,1.939426,0.134,4.618,0.707
18251,1,1.939532,0.138,4.522,0.696
18252,1,1.939639,0.122,4.968,0.724
18253,1,1.939745,0.145,4.383,0.666
18254,1,1.939851,0.142,4.397,0.675
18255,1,1.939957,0.138,4.585,0.686
18256,1,1.940064,0.146,4.369,0.666
18257,1,1.940170,0.136,4.612,0.692
18258,1,1.940276,0.127,4.775,0.717
18259,1,1.940383,0.142,4.406,0.678
18260,1,1.940489,0.121,4.909,0.732
18261,1,1.940595,0.132,4.723,0.708
18262,1,1.940701,0.141,4.455,0.687
18263,1,1.940808,0.146,4.374,0.67
18264,1,1.940914,0.15,4.268,0.661
18265,1,1.941020,0.153,4.161,0.651
18266,1,1.941126,0.13,4.728,0.71
18267,1,1.941233,0.13,4.706,0.711
18268,1,1.941339,0.127,4.831,0.718
18269,1,1.941445,0.131,4.731,0.706
18270,1,1.941552,0.139,4.486,0.688
18271,1,1.941658,0.131,4.731,0.703
18272,1,1.941764,0.153,4.226,0.651
18273,1,1.941870,0.14,4.539,0.689
18274,1,1.941977,0.136,4.552,0.692
18275,1,1.942083,0.133,4.644,0.701
18276,1,1.942189,0.125,4.914,0.72
18277,1,1.942295,0.143,4.403,0.671
18278,1,1.942402,0.129,4.727,0.711
18279,1,1.942508,0.119,4.982,0.742
18280,1,1.942614,0.14,4.564,0.691
18281,1,1.942721,0.13,4.741,0.718
18282,1,1.942827,0.133,4.674,0.698
18283,1,1.942933,0.15,4.272,0.655
18284,1,1.943039,0.144,4.363,0.677
18285,1,1.943146,0.133,4.607,0.7
18286,1,1.943252,0.128,4.814,0.716
18287,1,1.943358,0.15,4.326,0.663
18288,1,1.943464,0.137,4.555,0.692
18289,1,1.943571,0.145,4.371,0.674
18290,1,1.943677,0.144,4.385,0.672
18291,1,1.943783,0.135,4.606,0.7
18292,1,1.943889,0.133,4.704,0.703
18293,1,1.943996,0.13,4.756,0.71
18294,1,1.944102,0.142,4.526,0.68
18295,1,1.944208,0.129,4.766,0.71
18296,1,1.944315,0.127,4.785,0.714
18297,1,1.944421,0.13,4.72,0.71
18298,1,1.944527,0.129,4.803,0.718
18299,1,1.944633,0.124,4.847,0.712
18300,1,1.944740,0.131,4.638,0.707
18301,1,1.944846,0.121,4.902,0.731
18302,1,1.944952,0.133,4.654,0.698
18303,1,1.945058,0.144,4.445,0.676
18304,1,1.945165,0.128,4.692,0.717
18305,1,1.945271,0.136,4.635,0.694
18306,1,1.945377,0.143,4.409,0.672
18307,1,1.945484,0.134,4.614,0.7
18308,1,1.945590,0.121,4.988,0.733
18309,1,1.945696,0.119,5.035,0.731
18310,1,1.945802,0.13,4.784,0.708
18311,1,1.945909,0.115,5.115,0.744
18312,1,1.946015,0.143,4.463,0.677
18313,1,1.946121,0.129,4.784,0.715
18314,1,1.946227,0.143,4.439,0.676
18315,1,1.946334,0.112,5.185,0.757
18316,1,1.946440,0.133,4.65,0.7
18317,1,1.946546,0.13,4.702,0.707
18318,1,1.946652,0.142,4.485,0.679
18319,1,1.946759,0.131,4.754,0.708
18320,1,1.946865,0.136,4.547,0.695
18321,1,1.946971,0.151,4.24,0.662
18322,1,1.947078,0.136,4.564,0.694
18323,1,1.947184,0.123,4.926,0.73
18324,1,1.947290,0.136,4.605,0.692
18325,1,1.947396,0.124,4.846,0.72
18326,1,1.947503,0.169,3.935,0.61
18327,1,1.947609,0.138,4.608,0.687
18328,1,1.947715,0.14,4.526,0.687
18329,1,1.947821,0.134,4.597,0.696
18330,1,1.947928,0.117,5.02,0.738
18331,1,1.948034,0.131,4.716,0.707
18332,1,1.948140,0.153,4.229,0.655
18333,1,1.948247,0.145,4.399,0.674
18334,1,1.948353,0.148,4.357,0.67
18335,1,1.948459,0.129,4.787,0.71
18336,1,1.948565,0.148,4.332,0.662
18337,1,1.948672,0.148,4.321,0.667
18338,1,1.948778,0.142,4.419,0.677
18339,1,1.948884,0.146,4.387,0.666
18340,1,1.948990,0.129,4.672,0.71
18341,1,1.949097,0.134,4.66,0.699
18342,1,1.949203,0.157,4.132,0.646
18343,1,1.949309,0.139,4.485,0.687
18344,1,1.949416,0.135,4.582,0.694
18345,1,1.949522,0.131,4.723,0.715
18346,1,1.949628,0.149,4.323,0.659
18347,1,1.949734,0.127,4.76,0.717
18348,1,1.949841,0.128,4.81,0.711
18349,1,1.949947,0.124,4.885,0.725
18350,1,1.950053,0.136,4.613,0.703
18351,1,1.950159,0.122,4.946,0.732
18352,1,1.950266,0.134,4.636,0.699
18353,1,1.950372,0.123,4.851,0.726
18354,1,1.950478,0.126,4.816,0.719
18355,1,1.950584,0.123,4.853,0.729
18356,1,1.950691,0.131,4.743,0.709
18357,1,1.950797,0.12,4.957,0.733
18358,1,1.950903,0.127,4.742,0.716
18359,1,1.951010,0.138,4.541,0.69
18360,1,1.951116,0.115,5.086,0.745
18361,1,1.951222,0.12,4.954,0.734
18362,1,1.951328,0.118,5.017,0.742
18363,1,1.951435,0.12,4.953,0.733
18364,1,1.951541,0.127,4.809,0.718
18365,1,1.951647,0.16,4.052,0.635
18366,1,1.951753,0.131,4.69,0.705
18367,1,1.951860,0.116,5.057,0.741
18368,1,1.951966,0.156,4.104,0.641
18369,1,1.952072,0.137,4.588,0.692
18370,1,1.952179,0.13,4.769,0.707
18371,1,1.952285,0.111,5.168,0.756
18372,1,1.952391,0.135,4.63,0.697
18373,1,1.952497,0.147,4.42,0.673
18374,1,1.952604,0.134,4.604,0.697
18375,1,1.952710,0.13,4.738,0.706
18376,1,1.952816,0.131,4.644,0.706
18377,1,1.952922,0.137,4.561,0.691
18378,1,1.953029,0.13,4.712,0.71
18379,1,1.953135,0.124,4.829,0.726
18380,1,1.953241,0.132,4.716,0.705
18381,1,1.953348,0.135,4.667,0.693
18382,1,1.953454,0.117,5.043,0.742
18383,1,1.953560,0.138,4.547,0.687
18384,1,1.953666,0.124,4.911,0.722
18385,1,1.953773,0.129,4.81,0.711
18386,1,1.953879,0.153,4.283,0.653
18387,1,1.953985,0.139,4.543,0.684
18388,1,1.954091,0.142,4.485,0.677
18389,1,1.954198,0.142,4.472,0.682
18390,1,1.954304,0.16,4.009,0.632
18391,1,1.954410,0.121,4.956,0.728
18392,1,1.954516,0.129,4.741,0.712
18393,1,1.954623,0.15,4.304,0.66
18394,1,1.954729,0.155,4.127,0.647
18395,1,1.954835,0.132,4.698,0.701
18396,1,1.954942,0.137,4.546,0.69
18397,1,1.955048,0.145,4.324,0.669
18398,1,1.955154,0.13,4.729,0.712
18399,1,1.955260,0.119,4.97,0.735
18400,1,1.955367,0.127,4.801,0.717
18401,1,1.955473,0.164,4.063,0.628
18402,1,1.955579,0.129,4.742,0.712
18403,1,1.955685,0.119,5.002,0.734
18404,1,1.955792,0.146,4.348,0.661
18405,1,1.955898,0.149,4.306,0.663
18406,1,1.956004,0.138,4.546,0.695
18407,1,1.956111,0.166,3.898,0.622
18408,1,1.956217,0.138,4.589,0.69
18409,1,1.956323,0.141,4.561,0.68
18410,1,1.956429,0.14,4.544,0.685
18411,1,1.956536,0.108,5.226,0.765
18412,1,1.956642,0.142,4.437,0.674
18413,1,1.956748,0.149,4.282,0.659
18414,1,1.956854,0.148,4.269,0.664
18415,1,1.956961,0.134,4.656,0.698
18416,1,1.957067,0.138,4.574,0.688
18417,1,1.957173,0.124,4.899,0.723
18418,1,1.957279,0.13,4.724,0.712
18419,1,1.957386,0.15,4.27,0.661
18420,1,1.957492,0.134,4.635,0.701
18421,1,1.957598,0.131,4.698,0.712
18422,1,1.957705,0.136,4.585,0.697
18423,1,1.957811,0.131,4.707,0.705
18424,1,1.957917,0.149,4.286,0.663
18425,1,1.958023,0.142,4.442,0.678
18426,1,1.958130,0.142,4.481,0.68
18427,1,1.958236,0.147,4.348,0.663
18428,1,1.958342,0.142,4.411,0.678
18429,1,1.958448,0.119,4.989,0.738
18430,1,1.958555,0.128,4.796,0.713
18431,1,1.958661,0.131,4.672,0.709
18432,1,1.958767,0.152,4.242,0.658
18433,1,1.958874,0.119,4.981,0.736
18434,1,1.958980,0.127,4.811,0.72
18435,1,1.959086,0.123,4.922,0.726
18436,1,1.959192,0.131,4.667,0.706
18437,1,1.959299,0.121,4.983,0.729
18438,1,1.959405,0.13,4.742,0.71
18439,1,1.959511,0.142,4.493,0.683
18440,1,1.959617,0.114,5.156,0.748
18441,1,1.959724,0.132,4.691,0.706
18442,1,1.959830,0.135,4.619,0.695
18443,1,1.959936,0.119,4.985,0.735
18444,1,1.960043,0.116,5.078,0.737
18445,1,1.960149,0.141,4.509,0.684
18446,1,1.960255,0.143,4.409,0.671
18447,1,1.960361,0.144,4.411,0.669
18448,1,1.960468,0.134,4.648,0.694
18449,1,1.960574,0.124,4.896,0.719
18450,1,1.960680,0.149,4.353,0.661
18451,1,1.960786,0.121,4.971,0.734
18452,1,1.960893,0.142,4.478,0.682
18453,1,1.960999,0.126,4.821,0.721
18454,1,1.961105,0.126,4.832,0.716
18455,1,1.961211,0.145,4.37,0.674
18456,1,1.961318,0.13,4.692,0.709
18457,1,1.961424,0.121,4.899,0.734
18458,1,1.961530,0.125,4.875,0.717
18459,1,1.961637,0.138,4.597,0.688
18460,1,1.961743,0.164,4.022,0.626
18461,1,1.961849,0.119,4.984,0.739
18462,1,1.961955,0.135,4.606,0.695
18463,1,1.962062,0.107,5.323,0.76
18464,1,1.962168,0.111,5.189,0.753
18465,1,1.962274,0.127,4.849,0.715
18466,1,1.962380,0.122,4.956,0.723
18467,1,1.962487,0.122,4.932,0.729
18468,1,1.962593,0.12,4.951,0.734
18469,1,1.962699,0.139,4.526,0.69
18470,1,1.962806,0.153,4.275,0.656
18471,1,1.962912,0.134,4.573,0.698
18472,1,1.963018,0.145,4.42,0.67
18473,1,1.963124,0.142,4.478,0.678
18474,1,1.963231,0.158,4.1,0.642
18475,1,1.963337,0.134,4.653,0.696
18476,1,1.963443,0.125,4.864,0.721
18477,1,1.963549,0.119,4.961,0.736
18478,1,1.963656,0.127,4.841,0.713
18479,1,1.963762,0.141,4.451,0.682
18480,1,1.963868,0.128,4.75,0.712
18481,1,1.963974,0.128,4.799,0.717
18482,1,1.964081,0.136,4.614,0.69
18483,1,1.964187,0.138,4.535,0.69
18484,1,1.964293,0.118,5.089,0.736
18485,1,1.964400,0.155,4.196,0.649
18486,1,1.964506,0.136,4.555,0.692
18487,1,1.964612,0.13,4.743,0.714
18488,1,1.964718,0.133,4.649,0.702
18489,1,1.964825,0.14,4.482,0.688
18490,1,1.964931,0.123,4.887,0.726
18491,1,1.965037,0.114,5.095,0.743
18492,1,1.965143,0.138,4.536,0.687
18493,1,1.965250,0.142,4.446,0.682
18494,1,1.965356,0.14,4.541,0.683
18495,1,1.965462,0.155,4.203,0.643
18496,1,1.965569,0.133,4.658,0.7
18497,1,1.965675,0.136,4.624,0.691
18498,1,1.965781,0.142,4.422,0.679
18499,1,1.965887,0.118,5.029,0.737
18500,1,1.965994,0.111,5.177,0.755
18501,1,1.966100,0.131,4.808,0.7
18502,1,1.966206,0.134,4.622,0.696
18503,1,1.966312,0.138,4.601,0.686
18504,1,1.966419,0.164,3.965,0.63
18505,1,1.966525,0.136,4.602,0.697
18506,1,1.966631,0.126,4.786,0.718
18507,1,1.966738,0.144,4.468,0.674
18508,1,1.966844,0.128,4.752,0.714
18509,1,1.966950,0.143,4.408,0.673
18510,1,1.967056,0.137,4.57,0.693
18511,1,1.967163,0.142,4.403,0.681
18512,1,1.967269,0.153,4.703,0.697
18513,1,1.967375,0.137,4.528,0.692
18514,1,1.967481,0.11,5.197,0.76
18515,1,1.967588,0.131,4.758,0.707
18516,1,1.967694,0.108,5.206,0.761
18517,1,1.967800,0.129,4.769,0.713
18518,1,1.967906,0.135,4.521,0.696
18519,1,1.968013,0.146,4.377,0.671
18520,1,1.968119,0.142,4.454,0.685
18521,1,1.968225,0.15,4.277,0.658
18522,1,1.968332,0.136,4.654,0.691
18523,1,1.968438,0.131,4.658,0.7
18524,1,1.968544,0.128,4.808,0.713
18525,1,1.968650,0.128,4.769,0.711
18526,1,1.968757,0.126,4.822,0.72
18527,1,1.968863,0.141,4.514,0.685
18528,1,1.968969,0.105,5.38,0.772
18529,1,1.969075,0.132,4.727,0.7
18530,1,1.969182,0.14,4.488,0.679
18531,1,1.969288,0.142,4.441,0.685
18532,1,1.969394,0.121,4.923,0.733
18533,1,1.969501,0.127,4.725,0.714
18534,1,1.969607,0.117,5.127,0.748
18535,1,1.969713,0.131,4.734,0.708
18536,1,1.969819,0.137,4.593,0.695
18537,1,1.969926,0.147,4.303,0.671
18538,1,1.970032,0.142,4.495,0.676
18539,1,1.970138,0.138,4.558,0.691
18540,1,1.970244,0.128,4.779,0.72
18541,1,1.970351,0.119,4.987,0.733
18542,1,1.970457,0.147,4.368,0.669
18543,1,1.970563,0.14,4.494,0.684
18544,1,1.970670,0.153,4.238,0.652
18545,1,1.970776,0.14,4.527,0.684
18546,1,1.970882,0.146,4.308,0.667
18547,1,1.970988,0.138,4.577,0.69
18548,1,1.971095,0.133,4.638,0.704
18549,1,1.971201,0.157,4.156,0.647
18550,1,1.971307,0.143,4.423,0.678
18551,1,1.971413,0.131,4.668,0.705
18552,1,1.971520,0.151,4.273,0.657
18553,1,1.971626,0.147,4.332,0.662
18554,1,1.971732,0.14,4.493,0.681
18555,1,1.971838,0.134,4.61,0.694
18556,1,1.971945,0.155,4.117,0.645
18557,1,1.972051,0.129,4.773,0.716
18558,1,1.972157,0.126,4.843,0.719
18559,1,1.972264,0.143,4.401,0.677
18560,1,1.972370,0.142,4.491,0.682
18561,1,1.972476,0.133,4.668,0.695
18562,1,1.972582,0.149,4.321,0.663
18563,1,1.972689,0.129,4.768,0.712
18564,1,1.972795,0.128,4.792,0.714
18565,1,1.972901,0.119,5.024,0.738
18566,1,1.973007,0.146,4.391,0.668
18567,1,1.973114,0.146,4.388,0.664
18568,1,1.973220,0.148,4.325,0.66
18569,1,1.973326,0.132,4.674,0.704
18570,1,1.973433,0.146,4.349,0.663
18571,1,1.973539,0.14,4.541,0.685
18572,1,1.973645,0.13,4.729,0.709
18573,1,1.973751,0.124,4.851,0.722
18574,1,1.973858,0.116,5.063,0.741
18575,1,1.973964,0.136,4.651,0.698
18576,1,1.974070,0.156,4.151,0.642
18577,1,1.974176,0.132,4.726,0.703
18578,1,1.974283,0.14,4.517,0.681
18579,1,1.974389,0.119,4.983,0.741
18580,1,1.974495,0.134,4.618,0.699
18581,1,1.974601,0.13,4.788,0.709
18582,1,1.974708,0.127,4.766,0.712
18583,1,1.974814,0.158,4.127,0.641
18584,1,1.974920,0.116,5.129,0.747
18585,1,1.975027,0.122,4.862,0.73
18586,1,1.975133,0.146,4.354,0.666
18587,1,1.975239,0.125,4.826,0.724
18588,1,1.975345,0.135,4.654,0.695
18589,1,1.975452,0.143,4.464,0.675
18590,1,1.975558,0.144,4.435,0.678
18591,1,1.975664,0.122,4.941,0.729
18592,1,1.975770,0.133,4.637,0.699
18593,1,1.975877,0.136,4.573,0.698
18594,1,1.975983,0.154,4.161,0.646
18595,1,1.976089,0.123,4.944,0.723
18596,1,1.976196,0.132,4.617,0.703
18597,1,1.976302,0.136,4.606,0.699
18598,1,1.976408,0.111,5.155,0.751
18599,1,1.976514,0.127,4.839,0.717
18600,1,1.976621,0.128,4.737,0.712
18601,1,1.976727,0.142,4.449,0.68
18602,1,1.976833,0.149,4.321,0.662
18603,1,1.976939,0.136,4.576,0.696
18604,1,1.977046,0.139,4.52,0.688
18605,1,1.977152,0.131,4.73,0.71
18606,1,1.977258,0.145,4.348,0.675
18607,1,1.977365,0.153,4.159,0.651
18608,1,1.977471,0.132,4.71,0.705
18609,1,1.977577,0.148,4.37,0.669
18610,1,1.977683,0.123,4.89,0.729
18611,1,1.977790,0.143,4.401,0.678
18612,1,1.977896,0.158,4.083,0.636
18613,1,1.978002,0.154,4.215,0.651
18614,1,1.978108,0.144,4.358,0.678
18615,1,1.978215,0.148,4.312,0.665
18616,1,1.978321,0.129,4.745,0.709
18617,1,1.978427,0.143,4.452,0.675
18618,1,1.978533,0.142,4.463,0.687
18619,1,1.978640,0.125,4.871,0.724
18620,1,1.978746,0.133,4.649,0.694
18621,1,1.978852,0.109,5.228,0.757
18622,1,1.978959,0.161,4.07,0.631
18623,1,1.979065,0.127,4.783,0.716
18624,1,1.979171,0.129,4.756,0.714
18625,1,1.979277,0.131,4.745,0.712
18626,1,1.979384,0.121,4.933,0.729
18627,1,1.979490,0.148,4.294,0.664
18628,1,1.979596,0.128,4.795,0.713
18629,1,1.979702,0.144,4.365,0.669
18630,1,1.979809,0.165,3.875,0.616
18631,1,1.979915,0.132,4.694,0.705
18632,1,1.980021,0.142,4.391,0.678
18633,1,1.980128,0.116,5.056,0.743
18634,1,1.980234,0.138,4.475,0.688
18635,1,1.980340,0.131,4.732,0.706
18636,1,1.980446,0.134,4.641,0.699
18637,1,1.980553,0.131,4.71,0.701
18638,1,1.980659,0.15,4.21,0.656
18639,1,1.980765,0.149,4.338,0.66
18640,1,1.980871,0.142,4.415,0.682
18641,1,1.980978,0.123,4.883,0.724
18642,1,1.981084,0.127,4.835,0.713
18643,1,1.981190,0.12,4.951,0.734
18644,1,1.981296,0.133,4.668,0.7
18645,1,1.981403,0.132,4.63,0.702
18646,1,1.981509,0.166,3.909,0.618
18647,1,1.981615,0.13,4.744,0.708
18648,1,1.981722,0.132,4.64,0.706
18649,1,1.981828,0.129,4.771,0.703
18650,1,1.981934,0.126,4.855,0.717
18651,1,1.982040,0.118,4.985,0.738
18652,1,1.982147,0.137,4.571,0.69
18653,1,1.982253,0.127,4.814,0.719
18654,1,1.982359,0.132,4.598,0.702
18655,1,1.982465,0.146,4.394,0.667
18656,1,1.982572,0.119,5.007,0.736
18657,1,1.982678,0.164,3.95,0.624
18658,1,1.982784,0.131,4.704,0.71
18659,1,1.982891,0.145,4.34,0.664
18660,1,1.982997,0.138,4.545,0.687
18661,1,1.983103,0.134,4.634,0.698
18662,1,1.983209,0.133,4.701,0.698
18663,1,1.983316,0.142,4.38,0.676
18664,1,1.983422,0.144,4.357,0.674
18665,1,1.983528,0.139,4.459,0.687
18666,1,1.983634,0.142,4.4,0.678
18667,1,1.983741,0.14,4.524,0.687
18668,1,1.983847,0.125,4.827,0.717
18669,1,1.983953,0.137,4.55,0.692
18670,1,1.984060,0.124,4.863,0.721
18671,1,1.984166,0.119,4.926,0.74
18672,1,1.984272,0.143,4.487,0.678
18673,1,1.984378,0.143,4.468,0.677
18674,1,1.984485,0.131,4.681,0.704
18675,1,1.984591,0.153,4.164,0.648
18676,1,1.984697,0.131,4.689,0.701
18677,1,1.984803,0.138,4.63,0.691
18678,1,1.984910,0.126,4.809,0.721
18679,1,1.985016,0.145,4.416,0.674
18680,1,1.985122,0.113,5.101,0.751
18681,1,1.985228,0.142,4.431,0.684
18682,1,1.985335,0.144,4.401,0.674
18683,1,1.985441,0.155,4.135,0.644
18684,1,1.985547,0.133,4.658,0.702
18685,1,1.985654,0.143,4.466,0.679
18686,1,1.985760,0.136,4.615,0.696
18687,1,1.985866,0.135,4.642,0.698
18688,1,1.985972,0.127,4.836,0.714
18689,1,1.986079,0.127,4.807,0.715
18690,1,1.986185,0.139,4.588,0.683
18691,1,1.986291,0.14,4.553,0.684
18692,1,1.986397,0.117,4.961,0.74
18693,1,1.986504,0.138,4.519,0.686
18694,1,1.986610,0.147,4.336,0.668
18695,1,1.986716,0.14,4.512,0.68
18696,1,1.986823,0.15,4.28,0.661
18697,1,1.986929,0.121,4.945,0.731
18698,1,1.987035,0.138,4.519,0.687
18699,1,1.987141,0.144,4.41,0.671
18700,1,1.987248,0.146,4.362,0.668
18701,1,1.987354,0.131,4.644,0.706
18702,1,1.987460,0.153,4.172,0.657
18703,1,1.987566,0.13,4.725,0.714
18704,1,1.987673,0.129,4.79,0.711
18705,1,1.987779,0.149,4.296,0.661
18706,1,1.987885,0.135,4.608,0.698
18707,1,1.987991,0.118,5.028,0.738
18708,1,1.988098,0.123,4.906,0.722
18709,1,1.988204,0.146,4.312,0.669
18710,1,1.988310,0.138,4.573,0.685
18711,1,1.988417,0.135,4.611,0.697
18712,1,1.988523,0.12,4.977,0.728
18713,1,1.988629,0.146,4.354,0.666
18714,1,1.988735,0.146,4.317,0.672
18715,1,1.988842,0.13,4.753,0.708
18716,1,1.988948,0.138,4.607,0.69
18717,1,1.989054,0.127,4.83,0.716
18718,1,1.989160,0.131,4.775,0.703
18719,1,1.989267,0.143,4.46,0.675
18720,1,1.989373,0.133,4.657,0.703
18721,1,1.989479,0.153,4.289,0.653
18722,1,1.989586,0.119,4.963,0.738
18723,1,1.989692,0.139,4.535,0.686
18724,1,1.989798,0.126,4.832,0.719
18725,1,1.989904,0.142,4.455,0.677
18726,1,1.990011,0.132,4.662,0.699
18727,1,1.990117,0.135,4.609,0.691
18728,1,1.990223,0.134,4.61,0.702
18729,1,1.990329,0.129,4.722,0.709
18730,1,1.990436,0.121,4.915,0.735
18731,1,1.990542,0.146,4.387,0.667
18732,1,1.990648,0.142,4.416,0.679
18733,1,1.990755,0.136,4.608,0.691
18734,1,1.990861,0.124,4.899,0.729
18735,1,1.990967,0.126,4.848,0.719
18736,1,1.991073,0.138,4.649,0.693
18737,1,1.991180,0.148,4.329,0.664
18738,1,1.991286,0.127,4.739,0.718
18739,1,1.991392,0.136,4.614,0.694
18740,1,1.991498,0.129,4.721,0.708
18741,1,1.991605,0.133,4.631,0.698
18742,1,1.991711,0.143,4.425,0.675
18743,1,1.991817,0.126,4.854,0.717
18744,1,1.991923,0.153,4.261,0.654
18745,1,1.992030,0.115,5.108,0.746
18746,1,1.992136,0.136,4.595,0.694
18747,1,1.992242,0.141,4.509,0.679
18748,1,1.992349,0.142,4.505,0.687
18749,1,1.992455,0.139,4.484,0.688
18750,1,1.992561,0.129,4.749,0.711
18751,1,1.992667,0.119,4.976,0.73
18752,1,1.992774,0.131,4.752,0.703
18753,1,1.992880,0.134,4.609,0.696
18754,1,1.992986,0.136,4.59,0.695
18755,1,1.993092,0.136,4.579,0.695
18756,1,1.993199,0.131,4.707,0.704
18757,1,1.993305,0.131,4.699,0.706
18758,1,1.993411,0.135,4.648,0.695
18759,1,1.993518,0.132,4.701,0.702
18760,1,1.993624,0.13,4.782,0.707
18761,1,1.993730,0.146,4.369,0.67
18762,1,1.993836,0.131,4.777,0.702
18763,1,1.993943,0.119,4.978,0.738
18764,1,1.994049,0.131,4.662,0.7
18765,1,1.994155,0.141,4.553,0.689
18766,1,1.994261,0.142,4.485,0.68
18767,1,1.994368,0.127,4.823,0.715
18768,1,1.994474,0.129,4.724,0.711
18769,1,1.994580,0.147,4.277,0.667
18770,1,1.994687,0.14,4.423,0.682
18771,1,1.994793,0.114,5.129,0.747
18772,1,1.994899,0.136,4.633,0.698
18773,1,1.995005,0.159,4.055,0.641
18774,1,1.995112,0.144,4.403,0.675
18775,1,1.995218,0.14,4.479,0.689
18776,1,1.995324,0.129,4.768,0.712
18777,1,1.995430,0.12,5.033,0.733
18778,1,1.995537,0.147,4.355,0.67
18779,1,1.995643,0.137,4.577,0.691
18780,1,1.995749,0.127,4.773,0.717
18781,1,1.995855,0.144,4.381,0.673
18782,1,1.995962,0.111,5.153,0.755
18783,1,1.996068,0.145,4.384,0.673
18784,1,1.996174,0.133,4.637,0.698
18785,1,1.996281,0.147,4.303,0.667
18786,1,1.996387,0.14,4.56,0.699
18787,1,1.996493,0.127,4.816,0.719
18788,1,1.996599,0.12,4.929,0.729
18789,1,1.996706,0.132,4.689,0.703
18790,1,1.996812,0.155,4.173,0.643
18791,1,1.996918,0.117,5.043,0.743
18792,1,1.997024,0.152,4.216,0.661
18793,1,1.997131,0.137,4.655,0.69
18794,1,1.997237,0.132,4.588,0.697
18795,1,1.997343,0.12,4.974,0.735
18796,1,1.997450,0.13,4.772,0.71
18797,1,1.997556,0.142,4.483,0.681
18798,1,1.997662,0.143,4.452,0.674
18799,1,1.997768,0.143,4.385,0.673
18800,1,1.997875,0.131,4.731,0.712
18801,1,1.997981,0.125,4.827,0.72
18802,1,1.998087,0.143,4.377,0.673
18803,1,1.998193,0.131,4.742,0.716
18804,1,1.998300,0.136,4.511,0.698
18806,1,1.998512,0.13,4.77,0.713
18807,1,1.998618,0.113,5.173,0.749
18808,1,1.998725,0.125,4.803,0.723
18809,1,1.998831,0.153,4.238,0.648
18810,1,1.998937,0.131,4.751,0.708
18811,1,1.999044,0.121,4.917,0.735
18812,1,1.999150,0.124,4.856,0.722
18813,1,1.999256,0.14,4.507,0.685
18814,1,1.999362,0.128,4.752,0.712
18816,1,1.999575,0.139,4.549,0.687
18817,1,1.999681,0.131,4.684,0.702
18818,1,1.999787,0.138,4.524,0.685
18819,1,1.999894,0.139,4.505,0.686
18820,1,2.000000,0.165,3.921,0.63
18821,2,2.000000,0.131,4.761,0.711
18822,2,2.000106,0.14,4.497,0.679
18823,2,2.000213,0.126,4.821,0.717
18824,2,2.000319,0.114,5.064,0.746
18825,2,2.000425,0.139,4.499,0.69
18826,2,2.000531,0.13,4.717,0.702
18827,2,2.000638,0.134,4.646,0.696
18828,2,2.000744,0.145,4.305,0.672
18829,2,2.000850,0.119,4.969,0.734
18830,2,2.000956,0.138,4.547,0.691
18831,2,2.001063,0.124,4.881,0.726
18832,2,2.001169,0.136,4.578,0.697
18833,2,2.001275,0.122,4.89,0.731
18834,2,2.001382,0.128,4.754,0.717
18835,2,2.001488,0.137,4.556,0.693
18836,2,2.001594,0.142,4.428,0.675
18837,2,2.001700,0.139,4.488,0.686
18838,2,2.001807,0.142,4.433,0.679
18839,2,2.001913,0.122,4.894,0.725
18840,2,2.002019,0.123,4.914,0.729
18841,2,2.002125,0.132,4.696,0.701
18842,2,2.002232,0.125,4.883,0.713
18843,2,2.002338,0.119,4.957,0.732
18844,2,2.002444,0.141,4.537,0.684
18845,2,2.002550,0.13,4.738,0.713
18846,2,2.002657,0.122,4.925,0.729
18847,2,2.002763,0.145,4.387,0.667
18848,2,2.002869,0.128,4.795,0.715
18849,2,2.002976,0.133,4.658,0.699
18850,2,2.003082,0.111,5.162,0.757
18851,2,2.003188,0.148,4.28,0.662
18852,2,2.003294,0.129,4.735,0.711
18853,2,2.003401,0.165,3.983,0.626
18854,2,2.003507,0.146,4.292,0.667
18855,2,2.003613,0.142,4.496,0.679
18856,2,2.003719,0.128,4.77,0.718
18857,2,2.003826,0.142,4.396,0.675
18858,2,2.003932,0.129,4.752,0.712
18859,2,2.004038,0.129,4.722,0.71
18860,2,2.004145,0.114,5.046,0.747
18861,2,2.004251,0.131,4.692,0.71
18862,2,2.004357,0.116,5.015,0.744
18863,2,2.004463,0.142,4.46,0.675
18864,2,2.004570,0.124,4.904,0.724
18865,2,2.004676,0.145,4.389,0.673
18866,2,2.004782,0.126,4.806,0.716
18867,2,2.004888,0.13,4.727,0.709
18868,2,2.004995,0.108,5.18,0.76
18869,2,2.005101,0.123,4.866,0.728
18870,2,2.005207,0.128,4.803,0.713
18871,2,2.005313,0.127,4.74,0.717
18872,2,2.005420,0.136,4.625,0.696
18873,2,2.005526,0.131,4.693,0.709
18874,2,2.005632,0.114,5.106,0.743
18875,2,2.005739,0.125,4.863,0.726
18876,2,2.005845,0.146,4.347,0.674
18877,2,2.005951,0.126,4.791,0.721
18878,2,2.006057,0.115,5.04,0.742
18879,2,2.006164,0.155,4.161,0.641
18880,2,2.006270,0.122,4.905,0.725
18881,2,2.006376,0.129,4.69,0.714
18882,2,2.006482,0.134,4.641,0.699
18883,2,2.006589,0.138,4.541,0.689
18884,2,2.006695,0.124,4.841,0.723
18885,2,2.006801,0.126,4.766,0.717
18886,2,2.006908,0.163,3.956,0.629
18887,2,2.007014,0.119,4.946,0.734
18888,2,2.007120,0.137,4.523,0.696
18889,2,2.007226,0.131,4.694,0.707
18890,2,2.007333,0.131,4.75,0.706
18891,2,2.007439,0.135,4.61,0.699
18892,2,2.007545,0.146,4.303,0.67
18893,2,2.007651,0.134,4.607,0.694
18894,2,2.007758,0.12,4.986,0.732
18895,2,2.007864,0.149,4.328,0.665
18896,2,2.007970,0.116,5.002,0.743
18897,2,2.008077,0.14,4.456,0.688
18898,2,2.008183,0.127,4.787,0.717
18899,2,2.008289,0.133,4.688,0.7
18900,2,2.008395,0.123,4.915,0.728
18901,2,2.008502,0.124,4.847,0.722
18902,2,2.008608,0.123,4.898,0.726
18903,2,2.008714,0.131,4.662,0.711
18904,2,2.008820,0.123,4.853,0.725
18905,2,2.008927,0.123,4.893,0.723
18906,2,2.009033,0.13,4.775,0.715
18907,2,2.009139,0.153,4.2,0.65
18908,2,2.009245,0.121,4.921,0.73
18909,2,2.009352,0.133,4.664,0.7
18910,2,2.009458,0.126,4.799,0.718
18911,2,2.009564,0.13,4.619,0.705
18912,2,2.009671,0.132,4.629,0.703
18913,2,2.009777,0.129,4.755,0.706
18914,2,2.009883,0.165,3.928,0.623
18915,2,2.009989,0.133,4.623,0.705
18916,2,2.010096,0.138,4.552,0.688
18917,2,2.010202,0.137,4.511,0.687
18918,2,2.010308,0.126,4.818,0.715
18919,2,2.010414,0.134,4.624,0.698
18920,2,2.010521,0.121,4.927,0.73
18921,2,2.010627,0.134,4.674,0.708
18922,2,2.010733,0.128,4.774,0.72
18923,2,2.010840,0.135,4.602,0.699
18924,2,2.010946,0.154,4.156,0.648
18925,2,2.011052,0.131,4.685,0.704
18926,2,2.011158,0.133,4.645,0.699
18927,2,2.011265,0.14,4.48,0.685
18928,2,2.011371,0.146,4.385,0.668
18929,2,2.011477,0.114,5.075,0.749
18930,2,2.011583,0.141,4.456,0.684
18931,2,2.011690,0.135,4.599,0.695
18932,2,2.011796,0.128,4.779,0.711
18933,2,2.011902,0.135,4.597,0.696
18934,2,2.012009,0.134,4.602,0.694
18935,2,2.012115,0.126,4.808,0.715
18936,2,2.012221,0.129,4.798,0.71
18937,2,2.012327,0.133,4.638,0.701
18938,2,2.012434,0.11,5.192,0.76
18939,2,2.012540,0.142,4.448,0.684
18940,2,2.012646,0.121,4.944,0.729
18941,2,2.012752,0.142,4.396,0.678
18942,2,2.012859,0.142,4.39,0.678
18943,2,2.012965,0.139,4.484,0.683
18944,2,2.013071,0.139,4.534,0.686
18945,2,2.013177,0.152,4.257,0.655
18946,2,2.013284,0.129,4.754,0.712
18947,2,2.013390,0.146,4.346,0.665
18948,2,2.013496,0.142,4.433,0.687
18949,2,2.013603,0.128,4.802,0.714
18950,2,2.013709,0.125,4.85,0.719
18951,2,2.013815,0.141,4.471,0.681
18952,2,2.013921,0.129,4.774,0.714
18953,2,2.014028,0.135,4.643,0.693
18954,2,2.014134,0.141,4.482,0.688
18955,2,2.014240,0.13,4.722,0.709
18956,2,2.014346,0.144,4.383,0.674
18957,2,2.014453,0.141,4.459,0.683
18958,2,2.014559,0.129,4.767,0.712
18959,2,2.014665,0.142,4.448,0.681
18960,2,2.014772,0.131,4.639,0.708
18961,2,2.014878,0.155,4.189,0.649
18962,2,2.014984,0.128,4.788,0.717
18963,2,2.015090,0.129,4.721,0.712
18964,2,2.015197,0.122,4.904,0.724
18965,2,2.015303,0.133,4.68,0.694
18966,2,2.015409,0.133,4.671,0.705
18967,2,2.015515,0.137,4.544,0.693
18968,2,2.015622,0.139,4.516,0.689
18969,2,2.015728,0.109,5.225,0.758
18970,2,2.015834,0.151,4.209,0.657
18971,2,2.015940,0.123,4.892,0.724
18972,2,2.016047,0.126,4.83,0.718
18973,2,2.016153,0.129,4.767,0.716
18974,2,2.016259,0.149,4.282,0.662
18975,2,2.016366,0.123,4.858,0.722
18976,2,2.016472,0.137,4.548,0.692
18977,2,2.016578,0.139,4.516,0.7
18978,2,2.016684,0.125,4.899,0.716
18979,2,2.016791,0.158,4.095,0.64
18980,2,2.016897,0.131,4.678,0.708
18981,2,2.017003,0.135,4.582,0.687
18982,2,2.017109,0.111,5.133,0.756
18983,2,2.017216,0.122,4.901,0.727
18984,2,2.017322,0.137,4.564,0.695
18985,2,2.017428,0.136,4.586,0.691
18986,2,2.017535,0.129,4.814,0.711
18987,2,2.017641,0.119,4.952,0.737
18988,2,2.017747,0.144,4.456,0.674
18989,2,2.017853,0.13,4.725,0.707
18990,2,2.017960,0.171,3.887,0.622
18991,2,2.018066,0.124,4.838,0.726
18992,2,2.018172,0.147,4.351,0.667
18993,2,2.018278,0.142,4.44,0.682
18994,2,2.018385,0.14,4.537,0.683
18995,2,2.018491,0.113,5.095,0.749
18996,2,2.018597,0.117,5.1,0.743
18997,2,2.018704,0.144,4.399,0.673
18998,2,2.018810,0.127,4.758,0.716
18999,2,2.018916,0.117,5.028,0.737
19000,2,2.019022,0.115,5.024,0.743
19001,2,2.019129,0.133,4.626,0.697
19002,2,2.019235,0.134,4.684,0.695
19003,2,2.019341,0.141,4.605,0.696
19004,2,2.019447,0.143,4.414,0.679
19005,2,2.019554,0.135,4.578,0.696
19006,2,2.019660,0.145,4.349,0.67
19007,2,2.019766,0.128,4.745,0.714
19008,2,2.019872,0.119,4.993,0.736
19009,2,2.019979,0.132,4.688,0.705
19010,2,2.020085,0.132,4.694,0.703
19011,2,2.020191,0.138,4.56,0.688
19012,2,2.020298,0.125,4.826,0.717
19013,2,2.020404,0.132,4.598,0.705
19014,2,2.020510,0.115,5.075,0.744
19015,2,2.020616,0.147,4.291,0.665
19016,2,2.020723,0.132,4.656,0.702
19017,2,2.020829,0.143,4.412,0.672
19018,2,2.020935,0.119,4.985,0.731
19019,2,2.021041,0.148,4.348,0.667
19020,2,2.021148,0.129,4.73,0.713
19021,2,2.021254,0.156,4.149,0.642
19022,2,2.021360,0.117,5.041,0.738
19023,2,2.021467,0.139,4.528,0.685
19024,2,2.021573,0.152,4.26,0.655
19025,2,2.021679,0.136,4.591,0.692
19026,2,2.021785,0.133,4.658,0.701
19027,2,2.021892,0.127,4.786,0.715
19028,2,2.021998,0.131,4.735,0.712
19029,2,2.022104,0.125,4.856,0.721
19030,2,2.022210,0.114,5.067,0.745
19031,2,2.022317,0.128,4.784,0.716
19032,2,2.022423,0.132,4.59,0.703
19033,2,2.022529,0.131,4.655,0.705
19034,2,2.022635,0.133,4.597,0.703
19035,2,2.022742,0.121,5.008,0.731
19036,2,2.022848,0.119,4.978,0.739
19037,2,2.022954,0.127,4.837,0.711
19038,2,2.023061,0.159,4.081,0.639
19039,2,2.023167,0.141,4.466,0.679
19040,2,2.023273,0.107,5.21,0.766
19041,2,2.023379,0.136,4.605,0.694
19042,2,2.023486,0.15,4.321,0.656
19043,2,2.023592,0.133,4.671,0.702
19044,2,2.023698,0.141,4.554,0.682
19045,2,2.023804,0.116,5.005,0.74
19046,2,2.023911,0.153,4.471,0.69
19047,2,2.024017,0.141,4.511,0.682
19048,2,2.024123,0.131,4.698,0.703
19049,2,2.024230,0.15,4.298,0.665
19050,2,2.024336,0.153,4.171,0.655
19051,2,2.024442,0.121,4.891,0.733
19052,2,2.024548,0.116,5.041,0.742
19053,2,2.024655,0.137,4.53,0.693
19054,2,2.024761,0.135,4.617,0.695
19055,2,2.024867,0.147,4.301,0.668
19056,2,2.024973,0.142,4.455,0.678
19057,2,2.025080,0.119,4.976,0.732
19058,2,2.025186,0.127,4.826,0.72
19059,2,2.025292,0.149,4.342,0.66
19060,2,2.025399,0.139,4.49,0.689
19061,2,2.025505,0.144,4.402,0.672
19062,2,2.025611,0.123,4.876,0.73
19063,2,2.025717,0.123,4.793,0.725
19064,2,2.025824,0.127,4.827,0.715
19065,2,2.025930,0.129,4.704,0.714
19066,2,2.026036,0.114,5.123,0.746
19067,2,2.026142,0.127,4.799,0.713
19068,2,2.026249,0.144,4.331,0.675
19069,2,2.026355,0.13,4.707,0.71
19070,2,2.026461,0.126,4.9,0.722
19071,2,2.026567,0.127,4.797,0.714
19072,2,2.026674,0.146,4.355,0.665
19073,2,2.026780,0.131,4.737,0.707
19074,2,2.026886,0.125,4.832,0.724
19075,2,2.026993,0.142,4.477,0.677
19076,2,2.027099,0.139,4.585,0.684
19077,2,2.027205,0.129,4.766,0.713
19078,2,2.027311,0.135,4.598,0.699
19079,2,2.027418,0.114,5.078,0.745
19080,2,2.027524,0.127,4.786,0.719
19081,2,2.027630,0.138,4.545,0.689
19082,2,2.027736,0.141,4.481,0.683
19083,2,2.027843,0.132,4.707,0.697
19084,2,2.027949,0.138,4.565,0.684
19085,2,2.028055,0.142,4.435,0.677
19086,2,2.028162,0.151,4.165,0.664
19087,2,2.028268,0.141,4.41,0.681
19088,2,2.028374,0.135,4.612,0.697
19089,2,2.028480,0.131,4.684,0.705
19090,2,2.028587,0.138,4.481,0.687
19091,2,2.028693,0.132,4.688,0.695
19092,2,2.028799,0.142,4.442,0.678
19093,2,2.028905,0.115,5.095,0.744
19094,2,2.029012,0.119,4.963,0.733
19095,2,2.029118,0.133,4.63,0.701
19096,2,2.029224,0.126,4.846,0.721
19097,2,2.029330,0.134,4.673,0.696
19098,2,2.029437,0.147,4.301,0.664
19099,2,2.029543,0.158,4.084,0.641
19100,2,2.029649,0.125,4.849,0.722
19101,2,2.029756,0.128,4.761,0.712
19102,2,2.029862,0.146,4.379,0.669
19103,2,2.029968,0.12,4.933,0.732
19104,2,2.030074,0.141,4.476,0.685
19105,2,2.030181,0.116,5.052,0.739
19106,2,2.030287,0.137,4.508,0.691
19107,2,2.030393,0.125,4.855,0.72
19108,2,2.030499,0.142,4.492,0.677
19109,2,2.030606,0.137,4.544,0.695
19110,2,2.030712,0.139,4.546,0.687
19111,2,2.030818,0.158,4.116,0.635
19112,2,2.030925,0.122,4.914,0.72
19113,2,2.031031,0.141,4.504,0.678
19114,2,2.031137,0.151,4.252,0.657
19115,2,2.031243,0.121,4.892,0.73
19116,2,2.031350,0.132,4.698,0.701
19117,2,2.031456,0.121,4.964,0.73
19118,2,2.031562,0.145,4.445,0.672
19119,2,2.031668,0.113,5.127,0.751
19120,2,2.031775,0.137,4.531,0.69
19121,2,2.031881,0.117,4.98,0.739
19122,2,2.031987,0.139,4.55,0.691
19123,2,2.032094,0.131,4.693,0.707
19124,2,2.032200,0.139,4.549,0.692
19125,2,2.032306,0.138,4.586,0.689
19126,2,2.032412,0.142,4.425,0.679
19127,2,2.032519,0.122,4.927,0.726
19128,2,2.032625,0.136,4.584,0.692
19129,2,2.032731,0.119,4.988,0.738
19130,2,2.032837,0.115,5.063,0.746
19131,2,2.032944,0.126,4.82,0.716
19132,2,2.033050,0.145,4.414,0.675
19133,2,2.033156,0.139,4.523,0.69
19134,2,2.033262,0.143,4.43,0.672
19135,2,2.033369,0.14,4.508,0.688
19136,2,2.033475,0.138,4.585,0.689
19137,2,2.033581,0.138,4.571,0.696
19138,2,2.033688,0.12,4.992,0.733
19139,2,2.033794,0.121,4.948,0.725
19140,2,2.033900,0.15,4.295,0.661
19141,2,2.034006,0.114,5.065,0.747
19142,2,2.034113,0.126,4.78,0.712
19143,2,2.034219,0.165,3.915,0.618
19144,2,2.034325,0.145,4.407,0.672
19145,2,2.034431,0.124,4.843,0.723
19146,2,2.034538,0.144,4.397,0.672
19147,2,2.034644,0.131,4.677,0.703
19148,2,2.034750,0.13,4.693,0.711
19149,2,2.034857,0.126,4.909,0.72
19150,2,2.034963,0.133,4.648,0.699
19151,2,2.035069,0.133,4.672,0.705
19152,2,2.035175,0.116,5.028,0.739
19153,2,2.035282,0.125,4.825,0.724
19154,2,2.035388,0.145,4.351,0.668
19155,2,2.035494,0.129,4.8,0.714
19156,2,2.035600,0.135,4.641,0.693
19157,2,2.035707,0.151,4.275,0.661
19158,2,2.035813,0.137,4.537,0.698
19159,2,2.035919,0.131,4.669,0.718
19160,2,2.036026,0.141,4.487,0.681
19161,2,2.036132,0.138,4.473,0.686
19162,2,2.036238,0.114,5.081,0.748
19163,2,2.036344,0.126,4.791,0.715
19164,2,2.036451,0.127,4.778,0.714
19165,2,2.036557,0.133,4.641,0.699
19166,2,2.036663,0.132,4.61,0.7
19167,2,2.036769,0.141,4.463,0.682
19168,2,2.036876,0.15,4.27,0.656
19169,2,2.036982,0.138,4.549,0.689
19170,2,2.037088,0.131,4.693,0.706
19171,2,2.037194,0.132,4.687,0.71
19172,2,2.037301,0.122,4.925,0.727
19173,2,2.037407,0.122,4.853,0.723
19174,2,2.037513,0.137,4.512,0.69
19175,2,2.037620,0.126,4.789,0.72
19176,2,2.037726,0.132,4.608,0.705
19177,2,2.037832,0.123,4.84,0.725
19178,2,2.037938,0.143,4.457,0.675
19179,2,2.038045,0.128,4.8,0.717
19180,2,2.038151,0.131,4.723,0.705
19181,2,2.038257,0.14,4.478,0.679
19182,2,2.038363,0.128,4.809,0.711
19183,2,2.038470,0.131,4.719,0.711
19184,2,2.038576,0.132,4.62,0.708
19185,2,2.038682,0.123,4.829,0.728
19186,2,2.038789,0.129,4.731,0.711
19187,2,2.038895,0.143,4.446,0.67
19188,2,2.039001,0.123,4.921,0.725
19189,2,2.039107,0.141,4.5,0.685
19190,2,2.039214,0.136,4.619,0.692
19191,2,2.039320,0.133,4.694,0.703
19192,2,2.039426,0.131,4.756,0.704
19193,2,2.039532,0.146,4.358,0.671
19194,2,2.039639,0.159,4.047,0.636
19195,2,2.039745,0.143,4.411,0.679
19196,2,2.039851,0.129,4.81,0.711
19197,2,2.039957,0.119,4.917,0.729
19198,2,2.040064,0.152,4.265,0.658
19199,2,2.040170,0.136,4.588,0.692
19200,2,2.040276,0.14,4.483,0.683
19201,2,2.040383,0.123,4.875,0.732
19202,2,2.040489,0.151,4.256,0.658
19203,2,2.040595,0.134,4.625,0.7
19204,2,2.040701,0.115,5.065,0.748
19205,2,2.040808,0.137,4.573,0.696
19206,2,2.040914,0.144,4.35,0.677
19207,2,2.041020,0.143,4.414,0.676
19208,2,2.041126,0.142,4.409,0.678
19209,2,2.041233,0.125,4.815,0.724
19210,2,2.041339,0.155,4.168,0.65
19211,2,2.041445,0.125,4.852,0.72
19212,2,2.041552,0.134,4.578,0.697
19213,2,2.041658,0.134,4.641,0.696
19214,2,2.041764,0.138,4.524,0.69
19215,2,2.041870,0.154,4.118,0.647
19216,2,2.041977,0.124,4.842,0.72
19217,2,2.042083,0.126,4.856,0.72
19218,2,2.042189,0.111,5.164,0.754
19219,2,2.042295,0.132,4.679,0.7
19220,2,2.042402,0.142,4.455,0.678
19221,2,2.042508,0.154,4.136,0.652
19222,2,2.042614,0.139,4.561,0.683
19223,2,2.042721,0.147,4.331,0.668
19224,2,2.042827,0.123,4.904,0.722
19225,2,2.042933,0.109,5.214,0.762
19226,2,2.043039,0.133,4.708,0.701
19227,2,2.043146,0.137,4.671,0.687
19228,2,2.043252,0.153,4.192,0.656
19229,2,2.043358,0.136,4.567,0.695
19230,2,2.043464,0.131,4.716,0.705
19231,2,2.043571,0.147,4.352,0.66
19232,2,2.043677,0.131,4.725,0.702
19233,2,2.043783,0.138,4.542,0.683
19234,2,2.043889,0.13,4.724,0.713
19235,2,2.043996,0.147,4.332,0.665
19236,2,2.044102,0.151,4.268,0.661
19237,2,2.044208,0.125,4.781,0.715
19238,2,2.044315,0.139,4.525,0.684
19239,2,2.044421,0.128,4.791,0.713
19240,2,2.044527,0.124,4.794,0.72
19241,2,2.044633,0.146,4.28,0.672
19242,2,2.044740,0.131,4.727,0.703
19243,2,2.044846,0.128,4.741,0.71
19244,2,2.044952,0.112,5.157,0.749
19245,2,2.045058,0.129,4.756,0.708
19246,2,2.045165,0.123,4.902,0.725
19247,2,2.045271,0.138,4.553,0.691
19248,2,2.045377,0.138,4.552,0.686
19249,2,2.045484,0.148,4.311,0.664
19250,2,2.045590,0.112,5.153,0.747
19251,2,2.045696,0.144,4.359,0.674
19252,2,2.045802,0.117,5.032,0.74
19253,2,2.045909,0.139,4.489,0.686
19254,2,2.046015,0.148,4.341,0.666
19255,2,2.046121,0.127,4.847,0.717
19256,2,2.046227,0.126,4.831,0.717
19257,2,2.046334,0.149,4.27,0.661
19258,2,2.046440,0.147,4.296,0.666
19259,2,2.046546,0.13,4.732,0.708
19260,2,2.046652,0.117,5.037,0.739
19261,2,2.046759,0.128,4.779,0.712
19262,2,2.046865,0.137,4.535,0.693
19263,2,2.046971,0.139,4.52,0.687
19264,2,2.047078,0.119,4.956,0.735
19265,2,2.047184,0.117,5.01,0.744
19266,2,2.047290,0.121,4.944,0.729
19267,2,2.047396,0.137,4.508,0.692
19268,2,2.047503,0.131,4.666,0.706
19269,2,2.047609,0.139,4.489,0.691
19270,2,2.047715,0.148,4.336,0.664
19271,2,2.047821,0.12,4.951,0.736
19272,2,2.047928,0.133,4.622,0.702
19273,2,2.048034,0.126,4.803,0.715
19274,2,2.048140,0.138,4.559,0.696
19275,2,2.048247,0.134,4.628,0.702
19276,2,2.048353,0.147,4.331,0.661
19277,2,2.048459,0.115,5.003,0.748
19278,2,2.048565,0.113,5.104,0.747
19279,2,2.048672,0.139,4.535,0.69
19280,2,2.048778,0.135,4.626,0.7
19281,2,2.048884,0.114,5.01,0.749
19282,2,2.048990,0.138,4.521,0.691
19283,2,2.049097,0.115,5.124,0.739
19284,2,2.049203,0.129,4.754,0.712
19285,2,2.049309,0.137,4.567,0.692
19286,2,2.049416,0.114,5.078,0.752
19287,2,2.049522,0.145,4.376,0.668
19288,2,2.049628,0.145,4.403,0.671
19289,2,2.049734,0.148,4.322,0.664
19290,2,2.049841,0.114,5.096,0.747
19291,2,2.049947,0.136,4.594,0.696
19292,2,2.050053,0.136,4.552,0.695
19293,2,2.050159,0.125,4.866,0.719
19294,2,2.050266,0.133,4.658,0.7
19295,2,2.050372,0.127,4.86,0.715
19296,2,2.050478,0.119,4.959,0.736
19297,2,2.050584,0.139,4.44,0.69
19298,2,2.050691,0.143,4.44,0.674
19299,2,2.050797,0.13,4.776,0.711
19300,2,2.050903,0.127,4.831,0.714
19301,2,2.051010,0.142,4.426,0.682
19302,2,2.051116,0.159,4.087,0.636
19303,2,2.051222,0.131,4.698,0.709
19304,2,2.051328,0.162,3.966,0.626
19305,2,2.051435,0.121,4.911,0.73
19306,2,2.051541,0.137,4.6,0.697
19307,2,2.051647,0.139,4.51,0.686
19308,2,2.051753,0.127,4.797,0.715
19309,2,2.051860,0.123,4.835,0.728
19310,2,2.051966,0.14,4.466,0.685
19311,2,2.052072,0.146,4.388,0.67
19312,2,2.052179,0.109,5.246,0.759
19313,2,2.052285,0.131,4.649,0.703
19314,2,2.052391,0.125,4.837,0.716
19315,2,2.052497,0.137,4.534,0.695
19316,2,2.052604,0.153,4.206,0.65
19317,2,2.052710,0.138,4.556,0.695
19318,2,2.052816,0.122,4.915,0.731
19319,2,2.052922,0.122,4.916,0.731
19320,2,2.053029,0.148,4.324,0.666
19321,2,2.053135,0.13,4.747,0.707
19322,2,2.053241,0.116,5.04,0.745
19323,2,2.053348,0.147,4.375,0.666
19324,2,2.053454,0.142,4.467,0.681
19325,2,2.053560,0.131,4.764,0.706
19326,2,2.053666,0.144,4.391,0.671
19327,2,2.053773,0.136,4.607,0.696
19328,2,2.053879,0.144,4.376,0.671
19329,2,2.053985,0.119,4.98,0.735
19330,2,2.054091,0.126,4.816,0.716
19331,2,2.054198,0.142,4.538,0.681
19332,2,2.054304,0.134,4.599,0.695
19333,2,2.054410,0.111,5.166,0.755
19334,2,2.054516,0.133,4.621,0.699
19335,2,2.054623,0.138,4.524,0.692
19336,2,2.054729,0.143,4.385,0.672
19337,2,2.054835,0.149,4.299,0.659
19338,2,2.054942,0.139,4.525,0.684
19339,2,2.055048,0.12,4.897,0.733
19340,2,2.055154,0.134,4.657,0.696
19341,2,2.055260,0.124,4.853,0.723
19342,2,2.055367,0.131,4.748,0.705
19343,2,2.055473,0.143,4.432,0.679
19344,2,2.055579,0.142,4.406,0.682
19345,2,2.055685,0.143,4.414,0.676
19346,2,2.055792,0.138,4.569,0.69
19347,2,2.055898,0.141,4.472,0.685
19348,2,2.056004,0.137,4.598,0.692
19349,2,2.056111,0.141,4.445,0.677
19350,2,2.056217,0.137,4.612,0.688
19351,2,2.056323,0.118,4.998,0.739
19352,2,2.056429,0.124,4.835,0.72
19353,2,2.056536,0.131,4.698,0.705
19354,2,2.056642,0.135,4.603,0.709
19355,2,2.056748,0.132,4.696,0.701
19356,2,2.056854,0.159,4.052,0.638
19357,2,2.056961,0.135,4.625,0.693
19358,2,2.057067,0.119,4.964,0.735
19359,2,2.057173,0.131,4.722,0.71
19360,2,2.057279,0.134,4.604,0.696
19361,2,2.057386,0.139,4.51,0.688
19362,2,2.057492,0.151,4.254,0.663
19363,2,2.057598,0.114,5.141,0.745
19364,2,2.057705,0.134,4.686,0.701
19365,2,2.057811,0.114,5.053,0.745
19366,2,2.057917,0.127,4.753,0.715
19367,2,2.058023,0.116,5.084,0.74
19368,2,2.058130,0.139,4.521,0.691
19369,2,2.058236,0.126,4.797,0.716
19370,2,2.058342,0.117,5.026,0.743
19371,2,2.058448,0.128,4.779,0.714
19372,2,2.058555,0.111,5.153,0.754
19373,2,2.058661,0.142,4.456,0.68
19374,2,2.058767,0.137,4.518,0.69
19375,2,2.058874,0.131,4.699,0.705
19376,2,2.058980,0.109,5.216,0.759
19377,2,2.059086,0.135,4.632,0.69
19378,2,2.059192,0.129,4.713,0.717
19379,2,2.059299,0.131,4.693,0.702
19380,2,2.059405,0.132,4.719,0.703
19381,2,2.059511,0.132,4.669,0.701
19382,2,2.059617,0.128,4.755,0.713
19383,2,2.059724,0.124,4.823,0.723
19384,2,2.059830,0.129,4.743,0.712
19385,2,2.059936,0.133,4.642,0.701
19386,2,2.060043,0.127,4.766,0.715
19387,2,2.060149,0.131,4.642,0.7
19388,2,2.060255,0.135,4.595,0.695
19389,2,2.060361,0.119,4.986,0.736
19390,2,2.060468,0.125,4.845,0.722
19391,2,2.060574,0.123,4.901,0.727
19392,2,2.060680,0.122,4.914,0.731
19393,2,2.060786,0.149,4.294,0.667
19394,2,2.060893,0.153,4.221,0.655
19395,2,2.060999,0.131,4.699,0.708
19396,2,2.061105,0.142,4.469,0.678
19397,2,2.061211,0.131,4.644,0.704
19398,2,2.061318,0.112,5.136,0.752
19399,2,2.061424,0.154,4.195,0.648
19400,2,2.061530,0.124,4.862,0.718
19401,2,2.061637,0.136,4.601,0.694
19402,2,2.061743,0.138,4.55,0.688
19403,2,2.061849,0.123,4.879,0.725
19404,2,2.061955,0.131,4.709,0.71
19405,2,2.062062,0.131,4.726,0.707
19406,2,2.062168,0.131,4.673,0.71
19407,2,2.062274,0.141,4.492,0.68
19408,2,2.062380,0.144,4.321,0.679
19409,2,2.062487,0.133,4.63,0.704
19410,2,2.062593,0.135,4.586,0.693
19411,2,2.062699,0.142,4.486,0.68
19412,2,2.062806,0.128,4.827,0.719
19413,2,2.062912,0.113,5.145,0.751
19414,2,2.063018,0.144,4.422,0.673
19415,2,2.063124,0.154,4.204,0.652
19416,2,2.063231,0.135,4.559,0.695
19417,2,2.063337,0.14,4.482,0.683
19418,2,2.063443,0.142,4.435,0.68
19419,2,2.063549,0.142,4.47,0.683
19420,2,2.063656,0.14,4.515,0.687
19421,2,2.063762,0.138,4.52,0.689
19422,2,2.063868,0.142,4.418,0.677
19423,2,2.063974,0.125,4.822,0.718
19424,2,2.064081,0.112,5.094,0.751
19425,2,2.064187,0.131,4.707,0.707
19426,2,2.064293,0.153,4.236,0.65
19427,2,2.064400,0.142,4.433,0.683
19428,2,2.064506,0.134,4.61,0.697
19429,2,2.064612,0.118,4.97,0.738
19430,2,2.064718,0.13,4.762,0.708
19431,2,2.064825,0.131,4.744,0.707
19432,2,2.064931,0.129,4.778,0.715
19433,2,2.065037,0.143,4.396,0.676
19434,2,2.065143,0.126,4.797,0.715
19435,2,2.065250,0.145,4.333,0.674
19436,2,2.065356,0.139,4.525,0.689
19437,2,2.065462,0.119,4.947,0.735
19438,2,2.065569,0.129,4.822,0.717
19439,2,2.065675,0.123,4.916,0.726
19440,2,2.065781,0.14,4.611,0.695
19441,2,2.065887,0.121,4.915,0.728
19442,2,2.065994,0.144,4.317,0.676
19443,2,2.066100,0.116,5.041,0.739
19444,2,2.066206,0.148,4.33,0.662
19445,2,2.066312,0.125,4.905,0.733
19446,2,2.066419,0.131,4.673,0.7
19447,2,2.066525,0.132,4.681,0.699
19448,2,2.066631,0.154,4.19,0.644
19449,2,2.066738,0.119,4.927,0.731
19450,2,2.066844,0.131,4.685,0.707
19451,2,2.066950,0.108,5.223,0.765
19452,2,2.067056,0.158,4.03,0.641
19453,2,2.067163,0.129,4.776,0.714
19454,2,2.067269,0.13,4.643,0.708
19455,2,2.067375,0.143,4.322,0.673
19456,2,2.067481,0.136,4.63,0.693
19457,2,2.067588,0.144,4.421,0.673
19458,2,2.067694,0.107,5.328,0.768
19459,2,2.067800,0.154,4.132,0.646
19460,2,2.067906,0.137,4.529,0.692
19461,2,2.068013,0.117,4.993,0.741
19462,2,2.068119,0.128,4.788,0.717
19463,2,2.068225,0.132,4.667,0.704
19464,2,2.068332,0.12,4.92,0.73
19465,2,2.068438,0.121,4.92,0.736
19466,2,2.068544,0.141,4.48,0.685
19467,2,2.068650,0.131,4.688,0.71
19468,2,2.068757,0.134,4.639,0.703
19469,2,2.068863,0.145,4.383,0.674
19470,2,2.068969,0.131,4.757,0.711
19471,2,2.069075,0.136,4.619,0.695
19472,2,2.069182,0.137,4.522,0.692
19473,2,2.069288,0.134,4.715,0.698
19474,2,2.069394,0.119,4.993,0.737
19475,2,2.069501,0.118,5.023,0.737
19476,2,2.069607,0.111,5.123,0.756
19477,2,2.069713,0.128,4.755,0.709
19478,2,2.069819,0.135,4.595,0.697
19479,2,2.069926,0.121,4.915,0.727
19480,2,2.070032,0.112,5.167,0.752
19481,2,2.070138,0.137,4.586,0.691
19482,2,2.070244,0.131,4.705,0.706
19483,2,2.070351,0.133,4.666,0.695
19484,2,2.070457,0.121,4.853,0.727
19485,2,2.070563,0.116,5.049,0.747
19486,2,2.070670,0.121,4.945,0.737
19487,2,2.070776,0.156,4.187,0.642
19488,2,2.070882,0.143,4.402,0.679
19489,2,2.070988,0.149,4.297,0.656
19490,2,2.071095,0.151,4.209,0.655
19491,2,2.071201,0.127,4.793,0.717
19492,2,2.071307,0.113,5.132,0.749
19493,2,2.071413,0.149,4.292,0.664
19494,2,2.071520,0.134,4.613,0.708
19495,2,2.071626,0.124,4.832,0.723
19496,2,2.071732,0.135,4.585,0.695
19497,2,2.071838,0.132,4.624,0.708
19498,2,2.071945,0.124,4.848,0.725
19499,2,2.072051,0.126,4.874,0.72
19500,2,2.072157,0.116,5.042,0.745
19501,2,2.072264,0.133,4.673,0.699
19502,2,2.072370,0.14,4.527,0.685
19503,2,2.072476,0.118,5.001,0.738
19504,2,2.072582,0.114,5.1,0.746
19505,2,2.072689,0.126,4.769,0.716
19506,2,2.072795,0.135,4.612,0.693
19507,2,2.072901,0.119,4.964,0.727
19508,2,2.073007,0.134,4.613,0.705
19509,2,2.073114,0.119,4.943,0.731
19510,2,2.073220,0.116,5.055,0.743
19511,2,2.073326,0.136,4.575,0.698
19512,2,2.073433,0.112,5.158,0.754
19513,2,2.073539,0.136,4.582,0.691
19514,2,2.073645,0.13,4.747,0.712
19515,2,2.073751,0.118,4.969,0.738
19516,2,2.073858,0.123,4.918,0.727
19517,2,2.073964,0.142,4.457,0.677
19518,2,2.074070,0.127,4.8,0.719
19519,2,2.074176,0.134,4.637,0.698
19520,2,2.074283,0.132,4.719,0.702
19521,2,2.074389,0.111,5.162,0.755
19522,2,2.074495,0.144,4.382,0.67
19523,2,2.074601,0.128,4.785,0.713
19524,2,2.074708,0.134,4.65,0.697
19525,2,2.074814,0.128,4.77,0.718
19526,2,2.074920,0.128,4.786,0.713
19527,2,2.075027,0.138,4.544,0.688
19528,2,2.075133,0.133,4.623,0.698
19529,2,2.075239,0.126,4.846,0.718
19530,2,2.075345,0.114,5.144,0.75
19531,2,2.075452,0.134,4.632,0.697
19532,2,2.075558,0.119,4.97,0.733
19533,2,2.075664,0.16,4.067,0.636
19534,2,2.075770,0.125,4.831,0.722
19535,2,2.075877,0.139,4.531,0.689
19536,2,2.075983,0.142,4.436,0.676
19537,2,2.076089,0.119,4.972,0.735
19538,2,2.076196,0.131,4.697,0.699
19539,2,2.076302,0.151,4.27,0.649
19540,2,2.076408,0.115,5.028,0.746
19541,2,2.076514,0.127,4.757,0.714
19542,2,2.076621,0.136,4.535,0.692
19543,2,2.076727,0.143,4.466,0.677
19544,2,2.076833,0.12,4.951,0.729
19545,2,2.076939,0.15,4.253,0.658
19546,2,2.077046,0.116,5.082,0.742
19547,2,2.077152,0.14,4.438,0.684
19548,2,2.077258,0.14,4.47,0.681
19549,2,2.077365,0.122,4.877,0.726
19550,2,2.077471,0.14,4.448,0.684
19551,2,2.077577,0.141,4.44,0.681
19552,2,2.077683,0.112,5.165,0.749
19553,2,2.077790,0.125,4.805,0.719
19554,2,2.077896,0.15,4.179,0.657
19555,2,2.078002,0.139,4.572,0.688
19556,2,2.078108,0.144,4.38,0.672
19557,2,2.078215,0.156,4.109,0.639
19558,2,2.078321,0.121,4.885,0.73
19559,2,2.078427,0.108,5.259,0.764
19560,2,2.078533,0.113,5.149,0.751
19561,2,2.078640,0.107,5.296,0.764
19562,2,2.078746,0.127,4.857,0.716
19563,2,2.078852,0.131,4.66,0.703
19564,2,2.078959,0.132,4.665,0.708
19565,2,2.079065,0.133,4.65,0.701
19566,2,2.079171,0.125,4.842,0.724
19567,2,2.079277,0.128,4.751,0.718
19568,2,2.079384,0.119,4.987,0.734
19569,2,2.079490,0.126,4.823,0.723
19570,2,2.079596,0.129,4.699,0.704
19571,2,2.079702,0.136,4.575,0.697
19572,2,2.079809,0.14,4.478,0.686
19573,2,2.079915,0.121,4.942,0.728
19574,2,2.080021,0.139,4.592,0.689
19575,2,2.080128,0.148,4.315,0.666
19576,2,2.080234,0.132,4.676,0.708
19577,2,2.080340,0.15,4.279,0.663
19578,2,2.080446,0.117,5.024,0.73
19579,2,2.080553,0.139,4.483,0.69
19580,2,2.080659,0.133,4.612,0.699
19581,2,2.080765,0.134,4.601,0.695
19582,2,2.080871,0.142,4.443,0.683
19583,2,2.080978,0.138,4.556,0.692
19584,2,2.081084,0.141,4.498,0.683
19585,2,2.081190,0.138,4.546,0.685
19586,2,2.081296,0.135,4.593,0.696
19587,2,2.081403,0.103,5.358,0.776
19588,2,2.081509,0.141,4.462,0.68
19589,2,2.081615,0.126,4.819,0.719
19590,2,2.081722,0.135,4.598,0.694
19591,2,2.081828,0.138,4.539,0.689
19592,2,2.081934,0.131,4.68,0.706
19593,2,2.082040,0.136,4.561,0.698
19594,2,2.082147,0.121,4.927,0.727
19595,2,2.082253,0.143,4.407,0.676
19596,2,2.082359,0.13,4.813,0.719
19597,2,2.082465,0.133,4.604,0.699
19598,2,2.082572,0.126,4.808,0.716
19599,2,2.082678,0.133,4.599,0.704
19600,2,2.082784,0.125,4.836,0.728
19601,2,2.082891,0.154,4.114,0.649
19602,2,2.082997,0.13,4.737,0.713
19603,2,2.083103,0.129,4.78,0.713
19604,2,2.083209,0.127,4.767,0.717
19605,2,2.083316,0.162,4.047,0.634
19606,2,2.083422,0.131,4.628,0.704
19607,2,2.083528,0.128,4.735,0.711
19608,2,2.083634,0.14,4.57,0.687
19609,2,2.083741,0.132,4.682,0.703
19610,2,2.083847,0.131,4.669,0.707
19611,2,2.083953,0.131,4.676,0.701
19612,2,2.084060,0.119,5.004,0.735
19613,2,2.084166,0.139,4.493,0.688
19614,2,2.084272,0.127,4.757,0.721
19615,2,2.084378,0.12,4.958,0.729
19616,2,2.084485,0.152,4.248,0.654
19617,2,2.084591,0.129,4.723,0.711
19618,2,2.084697,0.148,4.301,0.665
19619,2,2.084803,0.134,4.572,0.697
19620,2,2.084910,0.105,5.32,0.768
19621,2,2.085016,0.147,4.336,0.671
19622,2,2.085122,0.103,5.323,0.77
19623,2,2.085228,0.136,4.569,0.693
19624,2,2.085335,0.142,4.386,0.678
19625,2,2.085441,0.123,4.863,0.724
19626,2,2.085547,0.132,4.647,0.7
19627,2,2.085654,0.123,4.865,0.724
19628,2,2.085760,0.14,4.496,0.69
19629,2,2.085866,0.113,5.165,0.752
19630,2,2.085972,0.119,5.017,0.737
19631,2,2.086079,0.14,4.489,0.681
19632,2,2.086185,0.131,4.698,0.709
19633,2,2.086291,0.143,4.363,0.676
19634,2,2.086397,0.149,4.291,0.661
19635,2,2.086504,0.14,4.521,0.685
19636,2,2.086610,0.121,4.905,0.728
19637,2,2.086716,0.135,4.644,0.698
19638,2,2.086823,0.126,4.83,0.72
19639,2,2.086929,0.133,4.651,0.703
19640,2,2.087035,0.121,4.919,0.729
19641,2,2.087141,0.114,5.088,0.749
19642,2,2.087248,0.128,4.745,0.713
19643,2,2.087354,0.127,4.803,0.715
19644,2,2.087460,0.134,4.616,0.7
19645,2,2.087566,0.135,4.635,0.699
19646,2,2.087673,0.142,4.47,0.683
19647,2,2.087779,0.132,4.57,0.702
19648,2,2.087885,0.123,4.894,0.728
19649,2,2.087991,0.14,4.472,0.688
19650,2,2.088098,0.124,4.867,0.723
19651,2,2.088204,0.131,4.686,0.702
19652,2,2.088310,0.136,4.535,0.692
19653,2,2.088417,0.116,5.022,0.748
19654,2,2.088523,0.126,4.817,0.72
19655,2,2.088629,0.112,5.13,0.754
19656,2,2.088735,0.127,4.754,0.716
19657,2,2.088842,0.164,3.965,0.627
19658,2,2.088948,0.129,4.693,0.718
19659,2,2.089054,0.117,5.015,0.735
19660,2,2.089160,0.131,4.659,0.691
19661,2,2.089267,0.135,4.663,0.696
19662,2,2.089373,0.142,4.424,0.681
19663,2,2.089479,0.111,5.155,0.755
19664,2,2.089586,0.127,4.781,0.72
19665,2,2.089692,0.126,4.808,0.723
19666,2,2.089798,0.124,4.786,0.718
19667,2,2.089904,0.13,4.776,0.706
19668,2,2.090011,0.13,4.743,0.707
19669,2,2.090117,0.121,4.871,0.731
19670,2,2.090223,0.121,4.913,0.725
19671,2,2.090329,0.115,5.065,0.747
19672,2,2.090436,0.132,4.63,0.707
19673,2,2.090542,0.133,4.66,0.701
19674,2,2.090648,0.131,4.623,0.703
19675,2,2.090755,0.113,5.1,0.747
19676,2,2.090861,0.135,4.589,0.697
19677,2,2.090967,0.142,4.434,0.68
19678,2,2.091073,0.143,4.386,0.673
19679,2,2.091180,0.14,4.536,0.685
19680,2,2.091286,0.139,4.59,0.69
19681,2,2.091392,0.134,4.573,0.703
19682,2,2.091498,0.144,4.393,0.669
19683,2,2.091605,0.158,4.068,0.64
19684,2,2.091711,0.104,5.341,0.771
19685,2,2.091817,0.115,5.084,0.745
19686,2,2.091923,0.131,4.703,0.699
19687,2,2.092030,0.126,4.83,0.72
19688,2,2.092136,0.142,4.412,0.684
19689,2,2.092242,0.145,4.389,0.674
19690,2,2.092349,0.132,4.616,0.705
19691,2,2.092455,0.128,4.772,0.713
19692,2,2.092561,0.142,4.398,0.68
19693,2,2.092667,0.12,4.96,0.732
19694,2,2.092774,0.12,4.941,0.73
19695,2,2.092880,0.139,4.506,0.685
19696,2,2.092986,0.134,4.636,0.697
19697,2,2.093092,0.142,4.462,0.679
19698,2,2.093199,0.146,4.343,0.671
19699,2,2.093305,0.143,4.443,0.681
19700,2,2.093411,0.129,4.727,0.712
19701,2,2.093518,0.15,4.32,0.664
19702,2,2.093624,0.118,4.946,0.738
19703,2,2.093730,0.134,4.647,0.693
19704,2,2.093836,0.13,4.722,0.708
19705,2,2.093943,0.136,4.579,0.697
19706,2,2.094049,0.124,4.814,0.724
19707,2,2.094155,0.138,4.554,0.687
19708,2,2.094261,0.147,4.299,0.667
19709,2,2.094368,0.113,5.092,0.749
19710,2,2.094474,0.136,4.584,0.697
19711,2,2.094580,0.129,4.778,0.713
19712,2,2.094687,0.115,5.052,0.746
19713,2,2.094793,0.134,4.615,0.702
19714,2,2.094899,0.117,5.027,0.739
19715,2,2.095005,0.134,4.587,0.701
19716,2,2.095112,0.136,4.552,0.691
19717,2,2.095218,0.119,5.01,0.735
19718,2,2.095324,0.118,5.007,0.736
19719,2,2.095430,0.142,4.518,0.678
19720,2,2.095537,0.134,4.59,0.697
19721,2,2.095643,0.123,4.832,0.727
19722,2,2.095749,0.14,4.503,0.677
19723,2,2.095855,0.138,4.527,0.692
19724,2,2.095962,0.124,4.802,0.723
19725,2,2.096068,0.134,4.593,0.698
19726,2,2.096174,0.134,4.662,0.695
19727,2,2.096281,0.152,4.251,0.655
19728,2,2.096387,0.137,4.552,0.695
19729,2,2.096493,0.131,4.686,0.706
19730,2,2.096599,0.125,4.83,0.72
19731,2,2.096706,0.119,4.936,0.735
19732,2,2.096812,0.123,4.893,0.721
19733,2,2.096918,0.13,4.747,0.709
19734,2,2.097024,0.126,4.839,0.719
19735,2,2.097131,0.126,4.884,0.721
19736,2,2.097237,0.138,4.544,0.684
19737,2,2.097343,0.125,4.813,0.718
19738,2,2.097450,0.132,4.645,0.702
19739,2,2.097556,0.136,4.58,0.695
19740,2,2.097662,0.131,4.693,0.705
19741,2,2.097768,0.121,4.931,0.732
19742,2,2.097875,0.122,4.949,0.729
19743,2,2.097981,0.149,4.274,0.662
19744,2,2.098087,0.124,4.892,0.727
19745,2,2.098193,0.134,4.641,0.699
19746,2,2.098300,0.139,4.496,0.687
19747,2,2.098406,0.131,4.672,0.699
19748,2,2.098512,0.133,4.628,0.703
19749,2,2.098618,0.129,4.75,0.716
19750,2,2.098725,0.131,4.764,0.707
19751,2,2.098831,0.148,4.295,0.665
19752,2,2.098937,0.121,4.955,0.73
19753,2,2.099044,0.139,4.495,0.69
19754,2,2.099150,0.14,4.537,0.685
19755,2,2.099256,0.136,4.588,0.693
19756,2,2.099362,0.125,4.851,0.721
19757,2,2.099469,0.128,4.766,0.726
19758,2,2.099575,0.141,4.393,0.684
19759,2,2.099681,0.14,4.526,0.683
19760,2,2.099787,0.142,4.395,0.672
19761,2,2.099894,0.122,4.866,0.724
19762,2,2.100000,0.133,4.626,0.708
19763,2,2.100106,0.119,4.934,0.729
19764,2,2.100213,0.147,4.354,0.662
19765,2,2.100319,0.129,4.745,0.714
19766,2,2.100425,0.139,4.531,0.689
19767,2,2.100531,0.15,4.283,0.656
19768,2,2.100638,0.121,4.878,0.732
19769,2,2.100744,0.151,4.234,0.652
19770,2,2.100850,0.117,5.052,0.735
19771,2,2.100956,0.134,4.618,0.7
19772,2,2.101063,0.118,5.0,0.736
19773,2,2.101169,0.119,4.922,0.734
19774,2,2.101275,0.141,4.529,0.691
19775,2,2.101382,0.135,4.589,0.695
19776,2,2.101488,0.136,4.549,0.686
19777,2,2.101594,0.129,4.784,0.709
19778,2,2.101700,0.118,4.997,0.736
19779,2,2.101807,0.137,4.54,0.692
19780,2,2.101913,0.123,4.914,0.725
19781,2,2.102019,0.151,4.256,0.659
19782,2,2.102125,0.141,4.446,0.686
19783,2,2.102232,0.13,4.724,0.707
19784,2,2.102338,0.142,4.412,0.676
19785,2,2.102444,0.122,4.901,0.728
19786,2,2.102550,0.131,4.616,0.704
19787,2,2.102657,0.119,4.985,0.738
19788,2,2.102763,0.119,4.992,0.727
19789,2,2.102869,0.13,4.834,0.711
19790,2,2.102976,0.126,4.786,0.721
19791,2,2.103082,0.125,4.85,0.715
19792,2,2.103188,0.134,4.625,0.697
19793,2,2.103294,0.131,4.676,0.71
19794,2,2.103401,0.127,4.858,0.715
19795,2,2.103507,0.127,4.775,0.718
19796,2,2.103613,0.136,4.567,0.693
19797,2,2.103719,0.131,4.72,0.706
19798,2,2.103826,0.128,4.734,0.718
19799,2,2.103932,0.122,4.899,0.73
19800,2,2.104038,0.142,4.42,0.68
19801,2,2.104145,0.11,5.208,0.761
19802,2,2.104251,0.136,4.607,0.695
19803,2,2.104357,0.132,4.646,0.704
19804,2,2.104463,0.131,4.679,0.707
19805,2,2.104570,0.137,4.523,0.689
19806,2,2.104676,0.141,4.341,0.678
19807,2,2.104782,0.151,4.222,0.662
19808,2,2.104888,0.117,5.018,0.74
19809,2,2.104995,0.128,4.733,0.718
19810,2,2.105101,0.145,4.354,0.667
19811,2,2.105207,0.117,5.015,0.739
19812,2,2.105313,0.128,4.789,0.715
19813,2,2.105420,0.118,4.958,0.742
19814,2,2.105526,0.105,5.326,0.764
19815,2,2.105632,0.128,4.764,0.707
19816,2,2.105739,0.143,4.426,0.68
19817,2,2.105845,0.136,4.527,0.689
19818,2,2.105951,0.123,4.923,0.724
19819,2,2.106057,0.126,4.786,0.718
19820,2,2.106164,0.144,4.392,0.673
19821,2,2.106270,0.144,4.4,0.668
19822,2,2.106376,0.141,4.48,0.679
19823,2,2.106482,0.116,5.046,0.746
19824,2,2.106589,0.121,4.87,0.732
19825,2,2.106695,0.149,4.248,0.659
19826,2,2.106801,0.145,4.37,0.673
19827,2,2.106908,0.129,4.751,0.712
19828,2,2.107014,0.135,4.613,0.697
19829,2,2.107120,0.136,4.637,0.696
19830,2,2.107226,0.122,4.944,0.73
19831,2,2.107333,0.127,4.825,0.714
19832,2,2.107439,0.15,4.266,0.662
19833,2,2.107545,0.129,4.76,0.711
19834,2,2.107651,0.119,4.98,0.748
19835,2,2.107758,0.158,4.168,0.641
19836,2,2.107864,0.123,4.919,0.727
19837,2,2.107970,0.142,4.466,0.68
19838,2,2.108077,0.141,4.539,0.681
19839,2,2.108183,0.125,4.877,0.721
19840,2,2.108289,0.146,4.386,0.669
19841,2,2.108395,0.125,4.811,0.725
19842,2,2.108502,0.131,4.649,0.708
19843,2,2.108608,0.119,4.982,0.733
19844,2,2.108714,0.138,4.515,0.693
19845,2,2.108820,0.133,4.639,0.7
19846,2,2.108927,0.117,5.042,0.737
19847,2,2.109033,0.123,4.848,0.727
19848,2,2.109139,0.122,4.962,0.73
19849,2,2.109245,0.135,4.588,0.697
19850,2,2.109352,0.141,4.464,0.683
19851,2,2.109458,0.143,4.444,0.678
19852,2,2.109564,0.128,4.738,0.71
19853,2,2.109671,0.144,4.378,0.671
19854,2,2.109777,0.132,4.665,0.701
19855,2,2.109883,0.142,4.438,0.673
19856,2,2.109989,0.111,5.122,0.756
19857,2,2.110096,0.132,4.696,0.706
19858,2,2.110202,0.133,4.611,0.697
19859,2,2.110308,0.134,4.633,0.7
19860,2,2.110414,0.134,4.633,0.697
19861,2,2.110521,0.12,4.948,0.73
19862,2,2.110627,0.143,4.423,0.677
19863,2,2.110733,0.145,4.334,0.672
19864,2,2.110840,0.137,4.547,0.69
19865,2,2.110946,0.125,4.832,0.718
19866,2,2.111052,0.131,4.745,0.699
19867,2,2.111158,0.134,4.632,0.697
19868,2,2.111265,0.139,4.568,0.684
19869,2,2.111371,0.143,4.403,0.675
19870,2,2.111477,0.134,4.624,0.698
19871,2,2.111583,0.137,4.506,0.694
19872,2,2.111690,0.123,4.885,0.73
19873,2,2.111796,0.154,4.183,0.646
19874,2,2.111902,0.139,4.525,0.688
19875,2,2.112009,0.143,4.416,0.675
19876,2,2.112115,0.127,4.734,0.714
19877,2,2.112221,0.113,5.075,0.74
19878,2,2.112327,0.128,4.828,0.712
19879,2,2.112434,0.097,5.463,0.795
19880,2,2.112540,0.148,4.299,0.662
19881,2,2.112646,0.119,4.989,0.74
19882,2,2.112752,0.139,4.487,0.689
19883,2,2.112859,0.147,4.358,0.669
19884,2,2.112965,0.142,4.409,0.675
19885,2,2.113071,0.137,4.515,0.69
19886,2,2.113177,0.141,4.475,0.684
19887,2,2.113284,0.137,4.755,0.708
19888,2,2.113390,0.151,4.248,0.658
19889,2,2.113496,0.134,4.655,0.696
19890,2,2.113603,0.115,5.031,0.743
19891,2,2.113709,0.137,4.553,0.691
19892,2,2.113815,0.122,4.872,0.727
19893,2,2.113921,0.119,4.994,0.734
19894,2,2.114028,0.129,4.777,0.713
19895,2,2.114134,0.126,4.788,0.719
19896,2,2.114240,0.148,4.327,0.663
19897,2,2.114346,0.149,4.285,0.664
19898,2,2.114453,0.128,4.743,0.717
19899,2,2.114559,0.123,4.875,0.726
19900,2,2.114665,0.145,4.379,0.673
19901,2,2.114772,0.127,4.844,0.721
19902,2,2.114878,0.131,4.717,0.712
19903,2,2.114984,0.131,4.698,0.706
19904,2,2.115090,0.119,5.018,0.741
19905,2,2.115197,0.139,4.519,0.691
19906,2,2.115303,0.123,4.844,0.727
19907,2,2.115409,0.115,5.09,0.746
19908,2,2.115515,0.13,4.737,0.712
19909,2,2.115622,0.135,4.611,0.696
19910,2,2.115728,0.119,4.999,0.734
19911,2,2.115834,0.141,4.472,0.681
19912,2,2.115940,0.131,4.743,0.714
19913,2,2.116047,0.116,5.024,0.743
19914,2,2.116153,0.135,4.576,0.698
19915,2,2.116259,0.131,4.7,0.705
19916,2,2.116366,0.142,4.436,0.678
19917,2,2.116472,0.136,4.538,0.693
19918,2,2.116578,0.118,5.013,0.738
19919,2,2.116684,0.136,4.568,0.696
19920,2,2.116791,0.135,4.588,0.699
19921,2,2.116897,0.121,4.936,0.73
19922,2,2.117003,0.121,4.864,0.73
19923,2,2.117109,0.143,4.338,0.672
19924,2,2.117216,0.113,5.12,0.751
19925,2,2.117322,0.154,4.193,0.653
19926,2,2.117428,0.137,4.607,0.693
19927,2,2.117535,0.122,4.892,0.727
19928,2,2.117641,0.127,4.761,0.714
19929,2,2.117747,0.139,4.552,0.685
19930,2,2.117853,0.124,4.851,0.729
19931,2,2.117960,0.138,4.526,0.692
19932,2,2.118066,0.125,4.816,0.718
19933,2,2.118172,0.119,4.944,0.733
19934,2,2.118278,0.152,4.242,0.653
19935,2,2.118385,0.13,4.762,0.716
19936,2,2.118491,0.136,4.594,0.693
19937,2,2.118597,0.133,4.651,0.699
19938,2,2.118704,0.121,4.897,0.732
19939,2,2.118810,0.124,4.861,0.721
19940,2,2.118916,0.137,4.568,0.689
19941,2,2.119022,0.135,4.598,0.694
19942,2,2.119129,0.151,4.188,0.658
19943,2,2.119235,0.132,4.659,0.707
19944,2,2.119341,0.119,4.937,0.73
19945,2,2.119447,0.13,4.748,0.706
19946,2,2.119554,0.126,4.822,0.715
19947,2,2.119660,0.109,5.215,0.76
19948,2,2.119766,0.134,4.579,0.699
19949,2,2.119872,0.142,4.428,0.678
19950,2,2.119979,0.139,4.548,0.691
19951,2,2.120085,0.136,4.597,0.694
19952,2,2.120191,0.132,4.624,0.7
19953,2,2.120298,0.121,4.927,0.728
19954,2,2.120404,0.145,4.36,0.667
19955,2,2.120510,0.127,4.824,0.714
19956,2,2.120616,0.149,4.281,0.665
19957,2,2.120723,0.138,4.573,0.691
19958,2,2.120829,0.14,4.474,0.685
19959,2,2.120935,0.121,4.933,0.728
19960,2,2.121041,0.161,4.06,0.635
19961,2,2.121148,0.13,4.712,0.712
19962,2,2.121254,0.134,4.608,0.699
19963,2,2.121360,0.136,4.547,0.692
19964,2,2.121467,0.134,4.63,0.697
19965,2,2.121573,0.13,4.684,0.714
19966,2,2.121679,0.138,4.517,0.688
19967,2,2.121785,0.169,3.83,0.612
19968,2,2.121892,0.127,4.805,0.717
19969,2,2.121998,0.131,4.667,0.702
19970,2,2.122104,0.137,4.558,0.689
19971,2,2.122210,0.131,4.709,0.707
19972,2,2.122317,0.148,4.355,0.659
19973,2,2.122423,0.112,5.099,0.752
19974,2,2.122529,0.119,4.941,0.733
19975,2,2.122635,0.145,4.369,0.668
19976,2,2.122742,0.151,4.262,0.661
19977,2,2.122848,0.134,4.555,0.7
19978,2,2.122954,0.142,4.41,0.674
19979,2,2.123061,0.129,4.773,0.711
19980,2,2.123167,0.137,4.545,0.691
19981,2,2.123273,0.118,4.968,0.737
19982,2,2.123379,0.124,4.824,0.725
19983,2,2.123486,0.136,4.603,0.692
19984,2,2.123592,0.132,4.701,0.703
19985,2,2.123698,0.126,4.791,0.715
19986,2,2.123804,0.14,4.537,0.682
19987,2,2.123911,0.121,4.876,0.729
19988,2,2.124017,0.137,4.599,0.692
19989,2,2.124123,0.14,4.605,0.682
19990,2,2.124230,0.118,5.042,0.742
19991,2,2.124336,0.141,4.45,0.683
19992,2,2.124442,0.122,4.919,0.734
19993,2,2.124548,0.137,4.523,0.687
19994,2,2.124655,0.171,4.374,0.675
19995,2,2.124761,0.128,4.755,0.712
19996,2,2.124867,0.143,4.433,0.676
19997,2,2.124973,0.14,4.421,0.682
19998,2,2.125080,0.136,4.604,0.69
19999,2,2.125186,0.124,4.888,0.719
20000,2,2.125292,0.149,4.35,0.664
20001,2,2.125399,0.143,4.413,0.673
20002,2,2.125505,0.134,4.654,0.7
20003,2,2.125611,0.129,4.698,0.715
20004,2,2.125717,0.136,4.573,0.694
20005,2,2.125824,0.12,4.963,0.733
20006,2,2.125930,0.139,4.578,0.69
20007,2,2.126036,0.138,4.544,0.691
20008,2,2.126142,0.142,4.398,0.679
20009,2,2.126249,0.117,5.02,0.74
20010,2,2.126355,0.141,4.43,0.672
20011,2,2.126461,0.142,4.467,0.683
20012,2,2.126567,0.141,4.466,0.687
20013,2,2.126674,0.142,4.417,0.68
20014,2,2.126780,0.132,4.685,0.707
20015,2,2.126886,0.148,4.372,0.665
20016,2,2.126993,0.143,4.342,0.68
20017,2,2.127099,0.129,4.737,0.717
20018,2,2.127205,0.136,4.505,0.686
20019,2,2.127311,0.117,5.04,0.738
20020,2,2.127418,0.116,5.026,0.74
20021,2,2.127524,0.131,4.685,0.708
20022,2,2.127630,0.132,4.657,0.706
20023,2,2.127736,0.132,4.704,0.701
20024,2,2.127843,0.13,4.7,0.706
20025,2,2.127949,0.119,4.939,0.733
20026,2,2.128055,0.145,4.365,0.672
20027,2,2.128162,0.104,5.333,0.774
20028,2,2.128268,0.135,4.617,0.699
20029,2,2.128374,0.139,4.524,0.689
20030,2,2.128480,0.135,4.587,0.695
20031,2,2.128587,0.14,4.58,0.687
20032,2,2.128693,0.137,4.546,0.698
20033,2,2.128799,0.123,4.889,0.725
20034,2,2.128905,0.118,5.001,0.739
20035,2,2.129012,0.117,5.017,0.736
20036,2,2.129118,0.142,4.455,0.679
20037,2,2.129224,0.142,4.424,0.677
20038,2,2.129330,0.142,4.46,0.677
20039,2,2.129437,0.133,4.758,0.734
20040,2,2.129543,0.151,4.313,0.654
20041,2,2.129649,0.143,4.404,0.673
20042,2,2.129756,0.139,4.511,0.686
20043,2,2.129862,0.132,4.676,0.702
20044,2,2.129968,0.127,4.824,0.714
20045,2,2.130074,0.109,5.134,0.755
20046,2,2.130181,0.133,4.643,0.702
20047,2,2.130287,0.155,4.12,0.646
20048,2,2.130393,0.126,4.799,0.717
20049,2,2.130499,0.131,4.702,0.704
20050,2,2.130606,0.142,4.419,0.679
20051,2,2.130712,0.13,4.745,0.712
20052,2,2.130818,0.141,4.436,0.683
20053,2,2.130925,0.138,4.542,0.691
20054,2,2.131031,0.127,4.751,0.714
20055,2,2.131137,0.137,4.638,0.696
20056,2,2.131243,0.122,4.877,0.73
20057,2,2.131350,0.144,4.395,0.673
20058,2,2.131456,0.12,4.899,0.734
20059,2,2.131562,0.151,4.251,0.654
20060,2,2.131668,0.144,4.437,0.674
20061,2,2.131775,0.141,4.476,0.684
20062,2,2.131881,0.136,4.575,0.688
20063,2,2.131987,0.13,4.734,0.714
20064,2,2.132094,0.13,4.696,0.708
20065,2,2.132200,0.147,4.329,0.668
20066,2,2.132306,0.108,5.267,0.762
20067,2,2.132412,0.121,4.969,0.728
20068,2,2.132519,0.137,4.568,0.693
20069,2,2.132625,0.14,4.503,0.686
20070,2,2.132731,0.132,4.625,0.701
20071,2,2.132837,0.132,4.641,0.703
20072,2,2.132944,0.12,4.959,0.733
20073,2,2.133050,0.136,4.561,0.689
20074,2,2.133156,0.119,4.992,0.73
20075,2,2.133262,0.136,4.565,0.694
20076,2,2.133369,0.131,4.646,0.708
20077,2,2.133475,0.153,4.216,0.653
20078,2,2.133581,0.142,4.431,0.679
20079,2,2.133688,0.124,4.908,0.723
20080,2,2.133794,0.136,4.592,0.695
20081,2,2.133900,0.137,4.48,0.693
20082,2,2.134006,0.125,4.807,0.715
20083,2,2.134113,0.136,4.562,0.695
20084,2,2.134219,0.157,4.125,0.642
20085,2,2.134325,0.152,4.231,0.657
20086,2,2.134431,0.116,5.046,0.744
20087,2,2.134538,0.138,4.505,0.691
20088,2,2.134644,0.142,4.469,0.682
20089,2,2.134750,0.116,5.08,0.743
20090,2,2.134857,0.125,4.905,0.722
20091,2,2.134963,0.129,4.767,0.716
20092,2,2.135069,0.105,5.317,0.77
20093,2,2.135175,0.14,4.532,0.687
20094,2,2.135282,0.123,4.888,0.724
20095,2,2.135388,0.164,3.998,0.635
20096,2,2.135494,0.129,4.752,0.717
20097,2,2.135600,0.123,4.863,0.725
20098,2,2.135707,0.118,5.023,0.738
20099,2,2.135813,0.134,4.645,0.698
20100,2,2.135919,0.13,4.735,0.711
20101,2,2.136026,0.121,4.897,0.731
20102,2,2.136132,0.16,4.037,0.632
20103,2,2.136238,0.139,4.62,0.706
20104,2,2.136344,0.121,4.895,0.728
20105,2,2.136451,0.131,4.705,0.707
20106,2,2.136557,0.14,4.538,0.684
20107,2,2.136663,0.137,4.568,0.698
20108,2,2.136769,0.143,4.421,0.682
20109,2,2.136876,0.125,4.791,0.726
20110,2,2.136982,0.123,4.903,0.723
20111,2,2.137088,0.125,4.851,0.723
20112,2,2.137194,0.137,4.6,0.69
20113,2,2.137301,0.153,4.193,0.645
20114,2,2.137407,0.146,4.356,0.672
20115,2,2.137513,0.131,4.732,0.707
20116,2,2.137620,0.131,4.706,0.704
20117,2,2.137726,0.152,4.267,0.655
20118,2,2.137832,0.149,4.284,0.658
20119,2,2.137938,0.136,4.562,0.691
20120,2,2.138045,0.132,4.69,0.699
20121,2,2.138151,0.143,4.401,0.666
20122,2,2.138257,0.136,4.6,0.697
20123,2,2.138363,0.134,4.69,0.695
20124,2,2.138470,0.115,5.09,0.744
20125,2,2.138576,0.134,4.61,0.699
20126,2,2.138682,0.122,4.929,0.728
20127,2,2.138789,0.131,4.728,0.705
20128,2,2.138895,0.134,4.616,0.696
20129,2,2.139001,0.121,4.89,0.732
20130,2,2.139107,0.144,4.361,0.673
20131,2,2.139214,0.132,4.62,0.7
20132,2,2.139320,0.12,4.972,0.726
20133,2,2.139426,0.133,4.721,0.696
20134,2,2.139532,0.125,4.826,0.719
20135,2,2.139639,0.134,4.63,0.7
20136,2,2.139745,0.149,4.327,0.664
20137,2,2.139851,0.116,5.035,0.741
20138,2,2.139957,0.133,4.678,0.701
20139,2,2.140064,0.106,5.249,0.766
20140,2,2.140170,0.13,4.725,0.709
20141,2,2.140276,0.141,4.469,0.685
20142,2,2.140383,0.123,4.846,0.723
20143,2,2.140489,0.131,4.722,0.703
20144,2,2.140595,0.148,4.387,0.668
20145,2,2.140701,0.128,4.759,0.713
20146,2,2.140808,0.126,4.845,0.715
20147,2,2.140914,0.117,5.004,0.741
20148,2,2.141020,0.127,4.79,0.709
20149,2,2.141126,0.131,4.696,0.705
20150,2,2.141233,0.137,4.549,0.692
20151,2,2.141339,0.144,4.402,0.675
20152,2,2.141445,0.129,4.699,0.709
20153,2,2.141552,0.122,4.848,0.725
20154,2,2.141658,0.126,4.83,0.712
20155,2,2.141764,0.136,4.497,0.697
20156,2,2.141870,0.121,4.925,0.722
20157,2,2.141977,0.124,4.829,0.726
20158,2,2.142083,0.122,4.895,0.724
20159,2,2.142189,0.115,5.063,0.745
20160,2,2.142295,0.13,4.665,0.714
20161,2,2.142402,0.119,4.981,0.733
20162,2,2.142508,0.131,4.714,0.704
20163,2,2.142614,0.144,4.318,0.672
20164,2,2.142721,0.145,4.436,0.674
20165,2,2.142827,0.151,4.228,0.66
20166,2,2.142933,0.13,4.738,0.705
20167,2,2.143039,0.142,4.456,0.679
20168,2,2.143146,0.127,4.761,0.714
20169,2,2.143252,0.13,4.721,0.708
20170,2,2.143358,0.119,4.956,0.734
20171,2,2.143464,0.127,4.794,0.719
20172,2,2.143571,0.136,4.656,0.694
20173,2,2.143677,0.142,4.459,0.673
20174,2,2.143783,0.113,5.08,0.748
20175,2,2.143889,0.124,4.837,0.724
20176,2,2.143996,0.127,4.692,0.717
20177,2,2.144102,0.123,4.862,0.721
20178,2,2.144208,0.137,4.587,0.691
20179,2,2.144315,0.122,4.911,0.72
20180,2,2.144421,0.149,4.229,0.667
20181,2,2.144527,0.137,4.54,0.692
20182,2,2.144633,0.132,4.688,0.701
20183,2,2.144740,0.141,4.498,0.686
20184,2,2.144846,0.138,4.6,0.687
20185,2,2.144952,0.138,4.504,0.687
20186,2,2.145058,0.119,4.977,0.734
20187,2,2.145165,0.139,4.555,0.689
20188,2,2.145271,0.117,5.057,0.738
20189,2,2.145377,0.128,4.73,0.712
20190,2,2.145484,0.127,4.783,0.713
20191,2,2.145590,0.143,4.437,0.675
20192,2,2.145696,0.111,5.115,0.756
20193,2,2.145802,0.138,4.488,0.691
20194,2,2.145909,0.126,4.77,0.72
20195,2,2.146015,0.144,4.401,0.675
20196,2,2.146121,0.15,4.276,0.661
20197,2,2.146227,0.144,4.431,0.672
20198,2,2.146334,0.135,4.582,0.696
20199,2,2.146440,0.119,5.033,0.736
20200,2,2.146546,0.13,4.728,0.711
20201,2,2.146652,0.135,4.634,0.697
20202,2,2.146759,0.15,4.259,0.66
20203,2,2.146865,0.151,4.246,0.662
20204,2,2.146971,0.133,4.662,0.702
20205,2,2.147078,0.124,4.854,0.722
20206,2,2.147184,0.128,4.747,0.716
20207,2,2.147290,0.15,4.246,0.66
20208,2,2.147396,0.146,4.332,0.674
20209,2,2.147503,0.132,4.704,0.7
20210,2,2.147609,0.131,4.658,0.703
20211,2,2.147715,0.145,4.349,0.671
20212,2,2.147821,0.119,4.991,0.733
20213,2,2.147928,0.131,4.629,0.705
20214,2,2.148034,0.154,4.116,0.643
20215,2,2.148140,0.14,4.509,0.687
20216,2,2.148247,0.121,4.905,0.73
20217,2,2.148353,0.121,4.904,0.728
20218,2,2.148459,0.132,4.606,0.7
20219,2,2.148565,0.155,4.141,0.647
20220,2,2.148672,0.157,4.089,0.644
20221,2,2.148778,0.124,4.882,0.726
20222,2,2.148884,0.136,4.57,0.691
20223,2,2.148990,0.129,4.783,0.72
20224,2,2.149097,0.131,4.693,0.712
20225,2,2.149203,0.149,4.271,0.66
20226,2,2.149309,0.133,4.592,0.698
20227,2,2.149416,0.111,5.188,0.756
20228,2,2.149522,0.14,4.509,0.682
20229,2,2.149628,0.138,4.52,0.693
20230,2,2.149734,0.131,4.725,0.708
20231,2,2.149841,0.14,4.491,0.685
20232,2,2.149947,0.129,4.757,0.709
20233,2,2.150053,0.11,5.193,0.753
20234,2,2.150159,0.133,4.647,0.697
20235,2,2.150266,0.143,4.417,0.674
20236,2,2.150372,0.137,4.524,0.691
20237,2,2.150478,0.132,4.712,0.705
20238,2,2.150584,0.144,4.343,0.674
20239,2,2.150691,0.136,4.547,0.691
20240,2,2.150797,0.124,4.845,0.721
20241,2,2.150903,0.137,4.533,0.689
20242,2,2.151010,0.133,4.62,0.701
20243,2,2.151116,0.129,4.802,0.709
20244,2,2.151222,0.123,4.889,0.722
20245,2,2.151328,0.139,4.494,0.692
20246,2,2.151435,0.116,5.039,0.742
20247,2,2.151541,0.122,4.89,0.726
20248,2,2.151647,0.134,4.641,0.699
20249,2,2.151753,0.128,4.78,0.715
20250,2,2.151860,0.131,4.741,0.707
20251,2,2.151966,0.12,4.901,0.733
20252,2,2.152072,0.105,5.243,0.765
20253,2,2.152179,0.144,4.372,0.671
20254,2,2.152285,0.117,5.046,0.739
20255,2,2.152391,0.13,4.715,0.709
20256,2,2.152497,0.131,4.661,0.706
20257,2,2.152604,0.117,5.032,0.737
20258,2,2.152710,0.147,4.33,0.669
20259,2,2.152816,0.137,4.558,0.69
20260,2,2.152922,0.134,4.675,0.698
20261,2,2.153029,0.127,4.793,0.714
20262,2,2.153135,0.138,4.537,0.688
20263,2,2.153241,0.131,4.664,0.701
20264,2,2.153348,0.134,4.647,0.7
20265,2,2.153454,0.146,4.35,0.667
20266,2,2.153560,0.132,4.66,0.702
20267,2,2.153666,0.126,4.822,0.714
20268,2,2.153773,0.155,4.075,0.639
20269,2,2.153879,0.131,4.689,0.704
20270,2,2.153985,0.135,4.56,0.697
20271,2,2.154091,0.151,4.271,0.658
20272,2,2.154198,0.13,4.762,0.71
20273,2,2.154304,0.145,4.379,0.669
20274,2,2.154410,0.13,4.729,0.707
20275,2,2.154516,0.133,4.628,0.7
20276,2,2.154623,0.138,4.586,0.687
20277,2,2.154729,0.131,4.708,0.705
20278,2,2.154835,0.144,4.381,0.672
20279,2,2.154942,0.119,4.967,0.734
20280,2,2.155048,0.127,4.768,0.716
20281,2,2.155154,0.147,4.318,0.67
20282,2,2.155260,0.109,5.22,0.754
20283,2,2.155367,0.144,4.377,0.672
20284,2,2.155473,0.129,4.705,0.713
20285,2,2.155579,0.125,4.838,0.717
20286,2,2.155685,0.137,4.548,0.692
20287,2,2.155792,0.148,4.279,0.668
20288,2,2.155898,0.138,4.563,0.686
20289,2,2.156004,0.144,4.425,0.678
20290,2,2.156111,0.148,4.359,0.667
20291,2,2.156217,0.124,4.861,0.722
20292,2,2.156323,0.142,4.433,0.679
20293,2,2.156429,0.134,4.558,0.697
20294,2,2.156536,0.132,4.678,0.705
20295,2,2.156642,0.134,4.611,0.698
20296,2,2.156748,0.153,4.189,0.656
20297,2,2.156854,0.127,4.801,0.715
20298,2,2.156961,0.136,4.547,0.695
20299,2,2.157067,0.14,4.541,0.684
20300,2,2.157173,0.136,4.57,0.697
20301,2,2.157279,0.149,4.282,0.66
20302,2,2.157386,0.131,4.688,0.701
20303,2,2.157492,0.147,4.348,0.667
20304,2,2.157598,0.121,4.917,0.729
20305,2,2.157705,0.149,4.258,0.664
20306,2,2.157811,0.121,4.864,0.729
20307,2,2.157917,0.125,4.828,0.721
20308,2,2.158023,0.144,4.334,0.669
20309,2,2.158130,0.122,4.889,0.726
20310,2,2.158236,0.14,4.511,0.684
20311,2,2.158342,0.124,4.875,0.722
20312,2,2.158448,0.121,4.938,0.728
20313,2,2.158555,0.131,4.676,0.702
20314,2,2.158661,0.131,4.722,0.706
20315,2,2.158767,0.134,4.722,0.701
20316,2,2.158874,0.145,4.386,0.671
20317,2,2.158980,0.129,4.749,0.714
20318,2,2.159086,0.115,5.047,0.744
20319,2,2.159192,0.127,4.775,0.714
20320,2,2.159299,0.115,5.072,0.741
20321,2,2.159405,0.144,4.409,0.671
20322,2,2.159511,0.134,4.626,0.704
20323,2,2.159617,0.119,4.994,0.738
20324,2,2.159724,0.135,4.616,0.697
20325,2,2.159830,0.116,5.064,0.741
20326,2,2.159936,0.138,4.542,0.688
20327,2,2.160043,0.115,5.06,0.743
20328,2,2.160149,0.145,4.399,0.67
20329,2,2.160255,0.132,4.683,0.701
20330,2,2.160361,0.131,4.684,0.705
20331,2,2.160468,0.125,4.855,0.722
20332,2,2.160574,0.149,4.266,0.661
20333,2,2.160680,0.129,4.714,0.711
20334,2,2.160786,0.151,4.245,0.658
20335,2,2.160893,0.141,4.471,0.681
20336,2,2.160999,0.141,4.518,0.682
20337,2,2.161105,0.144,4.411,0.675
20338,2,2.161211,0.129,4.714,0.715
20339,2,2.161318,0.133,4.634,0.704
20340,2,2.161424,0.133,4.608,0.703
20341,2,2.161530,0.132,4.631,0.706
20342,2,2.161637,0.108,5.23,0.761
20343,2,2.161743,0.13,4.712,0.707
20344,2,2.161849,0.119,4.953,0.737
20345,2,2.161955,0.139,4.545,0.687
20346,2,2.162062,0.153,4.152,0.651
20347,2,2.162168,0.139,4.474,0.687
20348,2,2.162274,0.138,4.565,0.692
20349,2,2.162380,0.137,4.592,0.692
20350,2,2.162487,0.124,4.853,0.721
20351,2,2.162593,0.143,4.415,0.676
20352,2,2.162699,0.147,4.35,0.664
20353,2,2.162806,0.146,4.312,0.666
20354,2,2.162912,0.117,5.005,0.738
20355,2,2.163018,0.141,4.393,0.683
20356,2,2.163124,0.139,4.705,0.713
20357,2,2.163231,0.132,4.696,0.699
20358,2,2.163337,0.127,4.774,0.714
20359,2,2.163443,0.134,4.611,0.696
20360,2,2.163549,0.128,4.732,0.713
20361,2,2.163656,0.131,4.674,0.709
20362,2,2.163762,0.142,4.44,0.679
20363,2,2.163868,0.143,4.385,0.674
20364,2,2.163974,0.14,4.471,0.681
20365,2,2.164081,0.142,4.452,0.676
20366,2,2.164187,0.126,4.759,0.717
20367,2,2.164293,0.119,5.024,0.733
20368,2,2.164400,0.141,4.52,0.683
20369,2,2.164506,0.12,4.934,0.73
20370,2,2.164612,0.117,5.027,0.746
20371,2,2.164718,0.116,5.072,0.746
20372,2,2.164825,0.134,4.594,0.692
20373,2,2.164931,0.143,4.381,0.669
20374,2,2.165037,0.125,4.856,0.717
20375,2,2.165143,0.131,4.669,0.703
20376,2,2.165250,0.128,4.765,0.713
20377,2,2.165356,0.138,4.575,0.689
20378,2,2.165462,0.155,4.102,0.647
20379,2,2.165569,0.146,4.28,0.664
20380,2,2.165675,0.14,4.479,0.682
20381,2,2.165781,0.142,4.5,0.679
20382,2,2.165887,0.156,4.151,0.645
20383,2,2.165994,0.122,4.894,0.725
20384,2,2.166100,0.108,5.251,0.764
20385,2,2.166206,0.116,5.032,0.74
20386,2,2.166312,0.118,5.029,0.735
20387,2,2.166419,0.138,4.531,0.69
20388,2,2.166525,0.134,4.604,0.7
20389,2,2.166631,0.14,4.483,0.685
20390,2,2.166738,0.117,5.023,0.742
20391,2,2.166844,0.117,5.042,0.738
20392,2,2.166950,0.114,5.094,0.749
20393,2,2.167056,0.13,4.674,0.713
20394,2,2.167163,0.13,4.723,0.708
20395,2,2.167269,0.139,4.502,0.689
20396,2,2.167375,0.142,4.454,0.679
20397,2,2.167481,0.135,4.594,0.696
20398,2,2.167588,0.143,4.378,0.675
20399,2,2.167694,0.115,5.05,0.741
20400,2,2.167800,0.146,4.313,0.673
20401,2,2.167906,0.148,4.341,0.666
20402,2,2.168013,0.136,4.57,0.693
20403,2,2.168119,0.125,4.885,0.715
20404,2,2.168225,0.145,4.405,0.671
20405,2,2.168332,0.133,4.648,0.701
20406,2,2.168438,0.143,4.419,0.673
20407,2,2.168544,0.118,4.958,0.738
20408,2,2.168650,0.125,4.777,0.723
20409,2,2.168757,0.131,4.696,0.706
20410,2,2.168863,0.153,4.203,0.654
20411,2,2.168969,0.124,4.869,0.723
20412,2,2.169075,0.142,4.482,0.68
20413,2,2.169182,0.132,4.699,0.705
20414,2,2.169288,0.119,4.989,0.734
20415,2,2.169394,0.11,5.167,0.752
20416,2,2.169501,0.124,4.802,0.721
20417,2,2.169607,0.153,4.237,0.649
20418,2,2.169713,0.145,4.348,0.675
20419,2,2.169819,0.13,4.768,0.724
20420,2,2.169926,0.14,4.49,0.683
20421,2,2.170032,0.122,4.873,0.73
20422,2,2.170138,0.119,4.943,0.736
20423,2,2.170244,0.131,4.643,0.707
20424,2,2.170351,0.133,4.642,0.703
20425,2,2.170457,0.13,4.684,0.71
20426,2,2.170563,0.138,4.564,0.678
20427,2,2.170670,0.135,4.61,0.692
20428,2,2.170776,0.124,4.867,0.723
20429,2,2.170882,0.123,4.916,0.73
20430,2,2.170988,0.153,4.187,0.652
20431,2,2.171095,0.121,4.928,0.727
20432,2,2.171201,0.115,5.079,0.74
20433,2,2.171307,0.114,5.081,0.747
20434,2,2.171413,0.12,4.91,0.73
20435,2,2.171520,0.118,4.943,0.74
20436,2,2.171626,0.136,4.587,0.689
20437,2,2.171732,0.14,4.52,0.686
20438,2,2.171838,0.131,4.646,0.706
20439,2,2.171945,0.136,4.598,0.694
20440,2,2.172051,0.138,4.542,0.687
20441,2,2.172157,0.13,4.73,0.702
20442,2,2.172264,0.12,4.898,0.731
20443,2,2.172370,0.111,5.128,0.753
20444,2,2.172476,0.128,4.791,0.714
20445,2,2.172582,0.142,4.456,0.679
20446,2,2.172689,0.132,4.654,0.705
20447,2,2.172795,0.129,4.755,0.707
20448,2,2.172901,0.135,4.625,0.692
20449,2,2.173007,0.132,4.68,0.702
20450,2,2.173114,0.131,4.748,0.71
20451,2,2.173220,0.143,4.391,0.675
20452,2,2.173326,0.131,4.716,0.705
20453,2,2.173433,0.121,4.934,0.726
20454,2,2.173539,0.122,4.885,0.724
20455,2,2.173645,0.132,4.725,0.702
20456,2,2.173751,0.108,5.237,0.76
20457,2,2.173858,0.149,4.314,0.666
20458,2,2.173964,0.121,4.95,0.723
20459,2,2.174070,0.131,4.784,0.731
20460,2,2.174176,0.13,4.711,0.708
20461,2,2.174283,0.118,4.979,0.738
20462,2,2.174389,0.142,4.405,0.679
20463,2,2.174495,0.13,4.751,0.711
20464,2,2.174601,0.124,4.898,0.721
20465,2,2.174708,0.127,4.828,0.717
20466,2,2.174814,0.171,4.191,0.657
20467,2,2.174920,0.141,4.466,0.678
20468,2,2.175027,0.131,4.677,0.711
20469,2,2.175133,0.132,4.632,0.7
20470,2,2.175239,0.137,4.535,0.693
20471,2,2.175345,0.129,4.719,0.713
20472,2,2.175452,0.121,4.93,0.734
20473,2,2.175558,0.127,4.771,0.714
20474,2,2.175664,0.148,4.317,0.661
20475,2,2.175770,0.137,4.577,0.692
20476,2,2.175877,0.139,4.499,0.691
20477,2,2.175983,0.133,4.642,0.702
20478,2,2.176089,0.131,4.67,0.709
20479,2,2.176196,0.131,4.703,0.703
20480,2,2.176302,0.137,4.507,0.691
20481,2,2.176408,0.128,4.752,0.716
20482,2,2.176514,0.144,4.416,0.675
20483,2,2.176621,0.127,4.802,0.712
20484,2,2.176727,0.139,4.455,0.69
20485,2,2.176833,0.122,4.882,0.729
20486,2,2.176939,0.146,4.351,0.67
20487,2,2.177046,0.128,4.755,0.714
20488,2,2.177152,0.148,4.251,0.671
20489,2,2.177258,0.133,4.632,0.703
20490,2,2.177365,0.146,4.351,0.672
20491,2,2.177471,0.132,4.67,0.698
20492,2,2.177577,0.116,5.107,0.743
20493,2,2.177683,0.122,4.879,0.725
20494,2,2.177790,0.136,4.587,0.697
20495,2,2.177896,0.128,4.764,0.717
20496,2,2.178002,0.138,4.55,0.693
20497,2,2.178108,0.151,4.238,0.655
20498,2,2.178215,0.153,4.246,0.654
20499,2,2.178321,0.134,4.692,0.699
20500,2,2.178427,0.142,4.394,0.682
20501,2,2.178533,0.111,5.162,0.748
20502,2,2.178640,0.123,4.871,0.723
20503,2,2.178746,0.147,4.35,0.669
20504,2,2.178852,0.131,4.718,0.706
20505,2,2.178959,0.139,4.569,0.684
20506,2,2.179065,0.155,4.158,0.648
20507,2,2.179171,0.129,4.754,0.714
20508,2,2.179277,0.131,4.713,0.704
20509,2,2.179384,0.136,4.568,0.697
20510,2,2.179490,0.103,5.295,0.773
20511,2,2.179596,0.136,4.578,0.694
20512,2,2.179702,0.137,4.563,0.692
20513,2,2.179809,0.135,4.576,0.697
20514,2,2.179915,0.141,4.463,0.679
20515,2,2.180021,0.121,4.947,0.73
20516,2,2.180128,0.131,4.719,0.708
20517,2,2.180234,0.131,4.68,0.709
20518,2,2.180340,0.108,5.259,0.76
20519,2,2.180446,0.134,4.577,0.692
20520,2,2.180553,0.123,4.873,0.72
20521,2,2.180659,0.121,4.878,0.731
20522,2,2.180765,0.121,4.913,0.73
20523,2,2.180871,0.144,4.347,0.672
20524,2,2.180978,0.114,5.105,0.744
20525,2,2.181084,0.133,4.654,0.7
20526,2,2.181190,0.123,4.851,0.726
20527,2,2.181296,0.133,4.599,0.7
20528,2,2.181403,0.144,4.379,0.672
20529,2,2.181509,0.137,4.559,0.69
20530,2,2.181615,0.138,4.56,0.69
20531,2,2.181722,0.125,4.832,0.719
20532,2,2.181828,0.125,4.855,0.721
20533,2,2.181934,0.139,4.478,0.688
20534,2,2.182040,0.126,4.796,0.72
20535,2,2.182147,0.131,4.739,0.708
20536,2,2.182253,0.116,5.054,0.743
20537,2,2.182359,0.12,4.981,0.734
20538,2,2.182465,0.142,4.414,0.681
20539,2,2.182572,0.122,4.886,0.724
20540,2,2.182678,0.141,4.468,0.679
20541,2,2.182784,0.138,4.479,0.694
20542,2,2.182891,0.127,4.781,0.71
20543,2,2.182997,0.151,4.259,0.661
20544,2,2.183103,0.141,4.465,0.685
20545,2,2.183209,0.13,4.744,0.711
20546,2,2.183316,0.128,4.804,0.713
20547,2,2.183422,0.124,4.842,0.719
20548,2,2.183528,0.141,4.487,0.683
20549,2,2.183634,0.127,4.959,0.741
20550,2,2.183741,0.112,5.135,0.749
20551,2,2.183847,0.122,4.913,0.735
20552,2,2.183953,0.152,4.289,0.651
20553,2,2.184060,0.119,4.963,0.733
20554,2,2.184166,0.115,5.015,0.74
20555,2,2.184272,0.126,4.838,0.714
20556,2,2.184378,0.137,4.568,0.692
20557,2,2.184485,0.131,4.645,0.705
20558,2,2.184591,0.129,4.712,0.712
20559,2,2.184697,0.117,5.067,0.739
20560,2,2.184803,0.151,4.262,0.655
20561,2,2.184910,0.127,4.802,0.718
20562,2,2.185016,0.128,4.81,0.72
20563,2,2.185122,0.125,4.825,0.722
20564,2,2.185228,0.116,5.006,0.743
20565,2,2.185335,0.132,4.675,0.708
20566,2,2.185441,0.11,5.214,0.757
20567,2,2.185547,0.126,4.834,0.722
20568,2,2.185654,0.118,4.966,0.743
20569,2,2.185760,0.119,5.005,0.733
20570,2,2.185866,0.123,4.896,0.724
20571,2,2.185972,0.151,4.197,0.651
20572,2,2.186079,0.127,4.801,0.715
20573,2,2.186185,0.14,4.452,0.683
20574,2,2.186291,0.115,5.085,0.744
20575,2,2.186397,0.117,5.046,0.743
20576,2,2.186504,0.108,5.192,0.764
20577,2,2.186610,0.13,4.774,0.71
20578,2,2.186716,0.131,4.681,0.705
20579,2,2.186823,0.136,4.603,0.693
20580,2,2.186929,0.101,5.41,0.776
20581,2,2.187035,0.122,4.871,0.731
20582,2,2.187141,0.142,4.43,0.675
20583,2,2.187248,0.119,4.966,0.737
20584,2,2.187354,0.124,4.859,0.723
20585,2,2.187460,0.123,4.842,0.726
20586,2,2.187566,0.135,4.568,0.696
20587,2,2.187673,0.14,4.484,0.681
20588,2,2.187779,0.131,4.664,0.705
20589,2,2.187885,0.139,4.487,0.687
20590,2,2.187991,0.119,4.937,0.734
20591,2,2.188098,0.129,4.718,0.711
20592,2,2.188204,0.124,4.867,0.724
20593,2,2.188310,0.136,4.63,0.695
20594,2,2.188417,0.13,4.674,0.707
20595,2,2.188523,0.129,4.784,0.713
20596,2,2.188629,0.114,5.084,0.749
20597,2,2.188735,0.157,4.116,0.641
20598,2,2.188842,0.129,4.725,0.709
20599,2,2.188948,0.133,4.618,0.695
20600,2,2.189054,0.136,4.575,0.691
20601,2,2.189160,0.131,4.702,0.706
20602,2,2.189267,0.127,4.773,0.72
20603,2,2.189373,0.103,5.358,0.773
20604,2,2.189479,0.125,4.834,0.723
20605,2,2.189586,0.132,4.66,0.704
20606,2,2.189692,0.123,4.841,0.724
20607,2,2.189798,0.119,4.941,0.729
20608,2,2.189904,0.147,4.3,0.665
20609,2,2.190011,0.124,4.86,0.726
20610,2,2.190117,0.134,4.65,0.707
20611,2,2.190223,0.116,5.028,0.742
20612,2,2.190329,0.142,4.466,0.681
20613,2,2.190436,0.139,4.515,0.685
20614,2,2.190542,0.134,4.675,0.696
20615,2,2.190648,0.155,4.106,0.647
20616,2,2.190755,0.12,4.92,0.731
20617,2,2.190861,0.133,4.673,0.7
20618,2,2.190967,0.123,4.861,0.72
20619,2,2.191073,0.121,4.889,0.726
20620,2,2.191180,0.136,4.584,0.688
20621,2,2.191286,0.119,4.979,0.733
20622,2,2.191392,0.138,4.495,0.689
20623,2,2.191498,0.14,4.501,0.685
20624,2,2.191605,0.131,4.682,0.704
20625,2,2.191711,0.13,4.71,0.709
20626,2,2.191817,0.133,4.674,0.698
20627,2,2.191923,0.117,4.993,0.74
20628,2,2.192030,0.125,4.85,0.723
20629,2,2.192136,0.145,4.324,0.675
20630,2,2.192242,0.138,4.591,0.689
20631,2,2.192349,0.152,4.246,0.655
20632,2,2.192455,0.131,4.681,0.704
20633,2,2.192561,0.141,4.471,0.685
20634,2,2.192667,0.119,4.974,0.735
20635,2,2.192774,0.135,4.569,0.699
20636,2,2.192880,0.122,4.922,0.724
20637,2,2.192986,0.131,4.635,0.707
20638,2,2.193092,0.142,4.491,0.677
20639,2,2.193199,0.142,4.45,0.674
20640,2,2.193305,0.139,4.537,0.686
20641,2,2.193411,0.13,4.743,0.709
20642,2,2.193518,0.116,5.033,0.741
20643,2,2.193624,0.135,4.617,0.692
20644,2,2.193730,0.13,4.717,0.708
20645,2,2.193836,0.138,4.532,0.69
20646,2,2.193943,0.129,4.785,0.712
20647,2,2.194049,0.142,4.502,0.677
20648,2,2.194155,0.108,5.244,0.765
20649,2,2.194261,0.143,4.371,0.675
20650,2,2.194368,0.128,4.745,0.713
20651,2,2.194474,0.141,4.431,0.676
20652,2,2.194580,0.127,4.782,0.71
20653,2,2.194687,0.141,4.493,0.68
20654,2,2.194793,0.138,4.507,0.69
20655,2,2.194899,0.142,4.44,0.682
20656,2,2.195005,0.129,4.783,0.713
20657,2,2.195112,0.133,4.658,0.696
20658,2,2.195218,0.116,5.027,0.743
20659,2,2.195324,0.145,4.374,0.672
20660,2,2.195430,0.131,4.711,0.7
20661,2,2.195537,0.123,4.86,0.72
20662,2,2.195643,0.139,4.468,0.69
20663,2,2.195749,0.106,5.327,0.763
20664,2,2.195855,0.124,4.837,0.724
20665,2,2.195962,0.141,4.504,0.679
20666,2,2.196068,0.122,4.914,0.728
20667,2,2.196174,0.131,4.648,0.705
20668,2,2.196281,0.14,4.504,0.683
20669,2,2.196387,0.126,4.827,0.716
20670,2,2.196493,0.121,4.914,0.733
20671,2,2.196599,0.131,4.672,0.703
20672,2,2.196706,0.129,4.76,0.71
20673,2,2.196812,0.119,5.008,0.738
20674,2,2.196918,0.108,5.208,0.76
20675,2,2.197024,0.123,4.864,0.731
20676,2,2.197131,0.146,4.355,0.67
20677,2,2.197237,0.142,4.438,0.678
20678,2,2.197343,0.119,4.914,0.735
20679,2,2.197450,0.147,4.337,0.665
20680,2,2.197556,0.133,4.667,0.699
20681,2,2.197662,0.121,4.913,0.727
20682,2,2.197768,0.115,5.037,0.743
20683,2,2.197875,0.133,4.623,0.7
20684,2,2.197981,0.151,4.254,0.659
20685,2,2.198087,0.12,4.898,0.735
20686,2,2.198193,0.138,4.563,0.688
20687,2,2.198300,0.133,4.6,0.701
20688,2,2.198406,0.121,4.851,0.734
20689,2,2.198512,0.121,4.901,0.731
20690,2,2.198618,0.125,4.894,0.716
20691,2,2.198725,0.15,4.296,0.66
20692,2,2.198831,0.127,4.795,0.713
20693,2,2.198937,0.13,4.722,0.708
20694,2,2.199044,0.131,4.668,0.707
20695,2,2.199150,0.12,4.955,0.728
20696,2,2.199256,0.115,5.019,0.741
20697,2,2.199362,0.127,4.83,0.714
20698,2,2.199469,0.133,4.607,0.703
20699,2,2.199575,0.141,4.476,0.685
20700,2,2.199681,0.126,4.778,0.719
20701,2,2.199787,0.117,5.007,0.745
20702,2,2.199894,0.114,5.038,0.749
20703,2,2.200000,0.122,4.882,0.732
20704,2,2.200106,0.116,5.101,0.74
20705,2,2.200213,0.147,4.334,0.667
20706,2,2.200319,0.146,4.32,0.663
20707,2,2.200425,0.123,4.923,0.726
20708,2,2.200531,0.125,4.91,0.718
20709,2,2.200638,0.139,4.511,0.684
20710,2,2.200744,0.134,4.657,0.697
20711,2,2.200850,0.13,4.712,0.712
20712,2,2.200956,0.126,4.816,0.716
20713,2,2.201063,0.133,4.635,0.7
20714,2,2.201169,0.143,4.381,0.674
20715,2,2.201275,0.135,4.612,0.692
20716,2,2.201382,0.125,4.817,0.721
20717,2,2.201488,0.124,4.828,0.724
20718,2,2.201594,0.154,4.202,0.658
20719,2,2.201700,0.125,4.834,0.722
20720,2,2.201807,0.12,4.972,0.734
20721,2,2.201913,0.139,4.497,0.684
20722,2,2.202019,0.12,4.948,0.727
20723,2,2.202125,0.128,4.766,0.713
20724,2,2.202232,0.135,4.535,0.698
20725,2,2.202338,0.151,4.259,0.657
20726,2,2.202444,0.127,4.766,0.72
20727,2,2.202550,0.112,5.162,0.751
20728,2,2.202657,0.13,4.711,0.706
20729,2,2.202763,0.16,4.391,0.676
20730,2,2.202869,0.111,5.198,0.751
20731,2,2.202976,0.128,4.777,0.713
20732,2,2.203082,0.127,4.784,0.711
20733,2,2.203188,0.123,4.908,0.723
20734,2,2.203294,0.173,4.217,0.655
20735,2,2.203401,0.117,5.068,0.738
20736,2,2.203507,0.13,4.745,0.707
20737,2,2.203613,0.127,4.782,0.715
20738,2,2.203719,0.126,4.802,0.718
20739,2,2.203826,0.142,4.492,0.683
20740,2,2.203932,0.144,4.406,0.675
20741,2,2.204038,0.126,4.842,0.715
20742,2,2.204145,0.12,4.938,0.73
20743,2,2.204251,0.138,4.541,0.69
20744,2,2.204357,0.134,4.64,0.699
20745,2,2.204463,0.14,4.534,0.688
20746,2,2.204570,0.119,4.991,0.741
20747,2,2.204676,0.117,5.041,0.739
20748,2,2.204782,0.106,5.387,0.768
20749,2,2.204888,0.139,4.497,0.69
20750,2,2.204995,0.111,5.207,0.757
20751,2,2.205101,0.125,4.85,0.721
20752,2,2.205207,0.134,4.669,0.701
20753,2,2.205313,0.129,4.831,0.711
20754,2,2.205420,0.13,4.728,0.713
20755,2,2.205526,0.122,4.908,0.728
20756,2,2.205632,0.133,4.662,0.7
20757,2,2.205739,0.117,5.01,0.745
20758,2,2.205845,0.126,4.816,0.715
20759,2,2.205951,0.143,4.392,0.676
20760,2,2.206057,0.131,4.649,0.706
20761,2,2.206164,0.15,4.219,0.658
20762,2,2.206270,0.122,4.908,0.722
20763,2,2.206376,0.129,4.748,0.712
20765,2,2.206589,0.114,5.085,0.744
20766,2,2.206695,0.133,4.631,0.696
20767,2,2.206801,0.14,4.478,0.68
20768,2,2.206908,0.152,4.212,0.658
20769,2,2.207014,0.104,5.34,0.772
20770,2,2.207120,0.127,4.823,0.712
20771,2,2.207226,0.128,4.818,0.715
20772,2,2.207333,0.142,4.495,0.68
20773,2,2.207439,0.143,4.404,0.677
20774,2,2.207545,0.132,4.651,0.704
20775,2,2.207651,0.145,4.326,0.669
20776,2,2.207758,0.132,4.691,0.704
20777,2,2.207864,0.127,4.823,0.713
20778,2,2.207970,0.127,4.773,0.716
20779,2,2.208077,0.125,4.781,0.723
20780,2,2.208183,0.142,4.448,0.679
20781,2,2.208289,0.133,4.588,0.703
20782,2,2.208395,0.144,4.369,0.67
20783,2,2.208502,0.112,5.126,0.751
20784,2,2.208608,0.137,4.572,0.694
20785,2,2.208714,0.14,4.477,0.683
20786,2,2.208820,0.145,4.369,0.674
20787,2,2.208927,0.136,4.615,0.697
20788,2,2.209033,0.158,4.052,0.637
20789,2,2.209139,0.14,4.478,0.687
20790,2,2.209245,0.141,4.512,0.679
20791,2,2.209352,0.107,5.227,0.763
20792,2,2.209458,0.153,4.18,0.649
20793,2,2.209564,0.114,5.064,0.746
20794,2,2.209671,0.131,4.724,0.707
20795,2,2.209777,0.142,4.502,0.683
20796,2,2.209883,0.115,5.012,0.744
20797,2,2.209989,0.125,4.809,0.72
20798,2,2.210096,0.113,5.107,0.746
20799,2,2.210202,0.147,4.286,0.661
20800,2,2.210308,0.137,4.548,0.691
20801,2,2.210414,0.135,4.583,0.696
20802,2,2.210521,0.138,4.592,0.69
20803,2,2.210627,0.12,4.942,0.731
20804,2,2.210733,0.118,5.014,0.736
20805,2,2.210840,0.131,4.704,0.706
20806,2,2.210946,0.121,4.897,0.733
20807,2,2.211052,0.135,4.626,0.694
20808,2,2.211158,0.134,4.6,0.697
20809,2,2.211265,0.117,5.041,0.74
20810,2,2.211371,0.125,4.852,0.725
20811,2,2.211477,0.139,4.556,0.692
20812,2,2.211583,0.139,4.516,0.69
20813,2,2.211690,0.13,4.722,0.707
20814,2,2.211796,0.138,4.533,0.688
20815,2,2.211902,0.126,4.822,0.718
20816,2,2.212009,0.142,4.479,0.68
20817,2,2.212115,0.118,4.98,0.736
20818,2,2.212221,0.132,4.652,0.702
20819,2,2.212327,0.121,4.932,0.732
20820,2,2.212434,0.127,4.748,0.715
20821,2,2.212540,0.15,4.26,0.658
20822,2,2.212646,0.153,4.141,0.649
20823,2,2.212752,0.131,4.73,0.706
20824,2,2.212859,0.115,5.044,0.743
20825,2,2.212965,0.142,4.471,0.679
20826,2,2.213071,0.119,4.975,0.734
20827,2,2.213177,0.137,4.561,0.694
20828,2,2.213284,0.114,5.103,0.744
20829,2,2.213390,0.151,4.207,0.658
20830,2,2.213496,0.137,4.543,0.691
20831,2,2.213603,0.129,4.745,0.713
20832,2,2.213709,0.152,4.238,0.649
20833,2,2.213815,0.135,4.585,0.697
20834,2,2.213921,0.137,4.546,0.693
20835,2,2.214028,0.114,5.06,0.748
20836,2,2.214134,0.142,4.504,0.68
20837,2,2.214240,0.134,4.655,0.697
20838,2,2.214346,0.119,5.039,0.735
20839,2,2.214453,0.132,4.69,0.7
20840,2,2.214559,0.125,4.904,0.726
20841,2,2.214665,0.125,4.83,0.721
20842,2,2.214772,0.135,4.563,0.698
20843,2,2.214878,0.139,4.533,0.684
20844,2,2.214984,0.107,5.272,0.762
20845,2,2.215090,0.112,5.117,0.748
20846,2,2.215197,0.119,4.964,0.732
20847,2,2.215303,0.131,4.696,0.703
20848,2,2.215409,0.107,5.234,0.763
20849,2,2.215515,0.146,4.372,0.672
20850,2,2.215622,0.138,4.55,0.693
20851,2,2.215728,0.119,4.969,0.729
20852,2,2.215834,0.128,4.775,0.712
20853,2,2.215940,0.153,4.192,0.654
20854,2,2.216047,0.125,4.8,0.719
20855,2,2.216153,0.118,5.051,0.742
20856,2,2.216259,0.131,4.694,0.706
20857,2,2.216366,0.138,4.533,0.682
20858,2,2.216472,0.146,4.347,0.668
20859,2,2.216578,0.141,4.537,0.679
20860,2,2.216684,0.129,4.747,0.717
20861,2,2.216791,0.137,4.569,0.692
20862,2,2.216897,0.124,4.871,0.723
20863,2,2.217003,0.114,5.1,0.752
20864,2,2.217109,0.119,4.964,0.738
20865,2,2.217216,0.132,4.676,0.702
20866,2,2.217322,0.114,5.101,0.745
20867,2,2.217428,0.144,4.355,0.673
20868,2,2.217535,0.13,4.855,0.709
20869,2,2.217641,0.125,4.818,0.717
20870,2,2.217747,0.136,4.573,0.695
20871,2,2.217853,0.14,4.522,0.684
20872,2,2.217960,0.13,4.721,0.71
20873,2,2.218066,0.139,4.489,0.687
20874,2,2.218172,0.12,4.93,0.737
20875,2,2.218278,0.128,4.756,0.713
20876,2,2.218385,0.145,4.349,0.674
20877,2,2.218491,0.127,4.739,0.718
20878,2,2.218597,0.154,4.143,0.647
20879,2,2.218704,0.134,4.607,0.697
20880,2,2.218810,0.129,4.78,0.715
20881,2,2.218916,0.119,4.987,0.738
20882,2,2.219022,0.111,5.152,0.754
20883,2,2.219129,0.139,4.531,0.681
20884,2,2.219235,0.127,4.809,0.716
20885,2,2.219341,0.121,4.912,0.727
20886,2,2.219447,0.118,5.012,0.734
20887,2,2.219554,0.106,5.299,0.766
20888,2,2.219660,0.119,4.934,0.735
20889,2,2.219766,0.137,4.578,0.687
20890,2,2.219872,0.128,4.739,0.713
20891,2,2.219979,0.114,5.103,0.75
20892,2,2.220085,0.126,4.815,0.72
20893,2,2.220191,0.146,4.357,0.664
20894,2,2.220298,0.142,4.421,0.695
20895,2,2.220404,0.142,4.469,0.684
20896,2,2.220510,0.112,5.12,0.752
20897,2,2.220616,0.142,4.389,0.681
20898,2,2.220723,0.108,5.272,0.764
20899,2,2.220829,0.138,4.52,0.694
20900,2,2.220935,0.147,4.318,0.664
20901,2,2.221041,0.138,4.553,0.689
20902,2,2.221148,0.109,5.22,0.759
20903,2,2.221254,0.126,4.855,0.715
20904,2,2.221360,0.121,4.959,0.732
20905,2,2.221467,0.142,4.408,0.679
20906,2,2.221573,0.166,3.891,0.623
20907,2,2.221679,0.123,4.863,0.727
20908,2,2.221785,0.114,5.093,0.744
20909,2,2.221892,0.13,4.67,0.711
20910,2,2.221998,0.128,4.733,0.711
20911,2,2.222104,0.131,4.671,0.709
20912,2,2.222210,0.141,4.436,0.682
20913,2,2.222317,0.123,4.886,0.726
20914,2,2.222423,0.122,4.897,0.725
20915,2,2.222529,0.12,4.996,0.731
20916,2,2.222635,0.119,4.986,0.734
20917,2,2.222742,0.138,4.555,0.694
20918,2,2.222848,0.135,4.617,0.694
20919,2,2.222954,0.131,4.679,0.705
20920,2,2.223061,0.149,4.247,0.663
20921,2,2.223167,0.119,4.916,0.734
20922,2,2.223273,0.114,5.108,0.745
20923,2,2.223379,0.141,4.463,0.69
20924,2,2.223486,0.155,4.121,0.645
20925,2,2.223592,0.142,4.44,0.675
20926,2,2.223698,0.139,4.569,0.686
20927,2,2.223804,0.107,5.245,0.762
20928,2,2.223911,0.139,4.457,0.684
20929,2,2.224017,0.142,4.495,0.68
20930,2,2.224123,0.119,4.95,0.734
20931,2,2.224230,0.131,4.694,0.705
20932,2,2.224336,0.138,4.514,0.689
20933,2,2.224442,0.136,4.579,0.691
20934,2,2.224548,0.133,4.667,0.703
20935,2,2.224655,0.125,4.815,0.717
20936,2,2.224761,0.146,4.381,0.671
20937,2,2.224867,0.142,4.43,0.679
20938,2,2.224973,0.131,4.73,0.701
20939,2,2.225080,0.137,4.545,0.69
20940,2,2.225186,0.115,5.023,0.746
20941,2,2.225292,0.125,4.835,0.721
20942,2,2.225399,0.113,5.09,0.746
20943,2,2.225505,0.133,4.641,0.695
20944,2,2.225611,0.133,4.604,0.7
20945,2,2.225717,0.138,4.531,0.687
20946,2,2.225824,0.119,4.924,0.735
20947,2,2.225930,0.135,4.646,0.697
20948,2,2.226036,0.124,4.844,0.719
20949,2,2.226142,0.141,4.48,0.686
20950,2,2.226249,0.107,5.262,0.766
20951,2,2.226355,0.145,4.372,0.676
20952,2,2.226461,0.136,4.579,0.697
20953,2,2.226567,0.145,4.325,0.673
20954,2,2.226674,0.12,4.945,0.731
20955,2,2.226780,0.126,4.829,0.718
20956,2,2.226886,0.128,4.71,0.711
20957,2,2.226993,0.129,4.749,0.711
20958,2,2.227099,0.133,4.63,0.699
20959,2,2.227205,0.121,4.92,0.731
20960,2,2.227311,0.131,4.702,0.707
20961,2,2.227418,0.117,4.975,0.74
20962,2,2.227524,0.121,4.938,0.73
20963,2,2.227630,0.125,4.845,0.722
20964,2,2.227736,0.123,4.855,0.721
20965,2,2.227843,0.122,4.915,0.726
20966,2,2.227949,0.123,4.96,0.736
20967,2,2.228055,0.125,4.838,0.72
20968,2,2.228162,0.107,5.318,0.763
20969,2,2.228268,0.145,4.35,0.668
20970,2,2.228374,0.122,4.926,0.729
20971,2,2.228480,0.119,4.967,0.736
20972,2,2.228587,0.137,4.592,0.688
20973,2,2.228693,0.109,5.188,0.758
20974,2,2.228799,0.124,4.862,0.721
20975,2,2.228905,0.131,4.67,0.716
20976,2,2.229012,0.13,4.733,0.71
20977,2,2.229118,0.113,5.094,0.751
20978,2,2.229224,0.132,4.74,0.701
20979,2,2.229330,0.14,4.423,0.682
20980,2,2.229437,0.142,4.464,0.687
20981,2,2.229543,0.114,5.059,0.743
20982,2,2.229649,0.115,5.083,0.739
20983,2,2.229756,0.133,4.567,0.701
20984,2,2.229862,0.138,4.531,0.689
20985,2,2.229968,0.151,4.203,0.658
20986,2,2.230074,0.132,4.66,0.707
20987,2,2.230181,0.14,4.512,0.685
20988,2,2.230287,0.126,4.796,0.717
20989,2,2.230393,0.148,4.287,0.666
20990,2,2.230499,0.123,4.958,0.729
20991,2,2.230606,0.143,4.338,0.678
20992,2,2.230712,0.129,4.753,0.714
20993,2,2.230818,0.116,5.107,0.738
20994,2,2.230925,0.109,5.221,0.76
20995,2,2.231031,0.125,4.885,0.716
20996,2,2.231137,0.137,4.562,0.69
20997,2,2.231243,0.133,4.624,0.697
20998,2,2.231350,0.124,4.914,0.719
20999,2,2.231456,0.131,4.696,0.709
21000,2,2.231562,0.12,4.948,0.727
21001,2,2.231668,0.143,4.372,0.675
21002,2,2.231775,0.141,4.466,0.683
21003,2,2.231881,0.135,4.569,0.698
21004,2,2.231987,0.147,4.354,0.664
21005,2,2.232094,0.131,4.665,0.706
21006,2,2.232200,0.107,5.234,0.764
21007,2,2.232306,0.129,4.713,0.711
21008,2,2.232412,0.131,4.621,0.707
21009,2,2.232519,0.123,4.872,0.726
21010,2,2.232625,0.126,4.851,0.719
21011,2,2.232731,0.124,4.893,0.724
21012,2,2.232837,0.127,4.776,0.714
21013,2,2.232944,0.119,4.993,0.731
21014,2,2.233050,0.134,4.659,0.701
21015,2,2.233156,0.126,4.732,0.714
21016,2,2.233262,0.127,4.766,0.717
21017,2,2.233369,0.135,4.625,0.696
21018,2,2.233475,0.132,4.75,0.703
21019,2,2.233581,0.128,4.797,0.715
21020,2,2.233688,0.129,4.687,0.712
21021,2,2.233794,0.143,4.468,0.679
21022,2,2.233900,0.132,4.611,0.706
21023,2,2.234006,0.136,4.505,0.691
21024,2,2.234113,0.146,4.371,0.67
21025,2,2.234219,0.138,4.493,0.69
21026,2,2.234325,0.153,4.17,0.647
21027,2,2.234431,0.129,4.746,0.712
21028,2,2.234538,0.13,4.73,0.705
21029,2,2.234644,0.14,4.515,0.688
21030,2,2.234750,0.133,4.625,0.7
21031,2,2.234857,0.12,4.936,0.732
21032,2,2.234963,0.118,4.965,0.736
21033,2,2.235069,0.122,4.896,0.724
21034,2,2.235175,0.142,4.423,0.68
21035,2,2.235282,0.128,4.774,0.718
21036,2,2.235388,0.142,4.366,0.675
21037,2,2.235494,0.124,4.914,0.725
21038,2,2.235600,0.139,4.555,0.685
21039,2,2.235707,0.116,5.049,0.739
21040,2,2.235813,0.151,4.217,0.661
21041,2,2.235919,0.126,4.811,0.72
21042,2,2.236026,0.127,4.798,0.715
21043,2,2.236132,0.114,5.066,0.751
21044,2,2.236238,0.138,4.581,0.69
21045,2,2.236344,0.141,4.453,0.68
21046,2,2.236451,0.127,4.832,0.713
21047,2,2.236557,0.132,4.72,0.705
21048,2,2.236663,0.116,5.054,0.741
21049,2,2.236769,0.141,4.457,0.679
21050,2,2.236876,0.136,4.574,0.69
21051,2,2.236982,0.129,4.714,0.714
21052,2,2.237088,0.131,4.74,0.707
21053,2,2.237194,0.145,4.359,0.67
21054,2,2.237301,0.131,4.784,0.705
21055,2,2.237407,0.126,4.779,0.719
21056,2,2.237513,0.144,4.403,0.665
21057,2,2.237620,0.123,4.85,0.725
21058,2,2.237726,0.145,4.33,0.669
21059,2,2.237832,0.12,4.908,0.732
21060,2,2.237938,0.131,4.651,0.706
21061,2,2.238045,0.114,5.084,0.746
21062,2,2.238151,0.133,4.68,0.7
21063,2,2.238257,0.131,4.707,0.71
21064,2,2.238363,0.124,4.837,0.722
21065,2,2.238470,0.131,4.655,0.708
21066,2,2.238576,0.147,4.304,0.665
21067,2,2.238682,0.129,4.774,0.712
21068,2,2.238789,0.129,4.717,0.706
21069,2,2.238895,0.124,4.87,0.726
21070,2,2.239001,0.117,4.983,0.736
21071,2,2.239107,0.127,4.775,0.719
21072,2,2.239214,0.147,4.335,0.673
21073,2,2.239320,0.127,4.798,0.717
21074,2,2.239426,0.125,4.844,0.722
21075,2,2.239532,0.127,4.768,0.718
21076,2,2.239639,0.14,4.462,0.684
21077,2,2.239745,0.127,4.825,0.714
21078,2,2.239851,0.138,4.486,0.689
21079,2,2.239957,0.143,4.427,0.676
21080,2,2.240064,0.131,4.635,0.704
21081,2,2.240170,0.134,4.614,0.7
21082,2,2.240276,0.143,4.417,0.675
21083,2,2.240383,0.12,4.914,0.735
21084,2,2.240489,0.136,4.561,0.696
21085,2,2.240595,0.13,4.724,0.711
21086,2,2.240701,0.122,4.922,0.729
21087,2,2.240808,0.14,4.497,0.684
21088,2,2.240914,0.125,4.845,0.716
21089,2,2.241020,0.122,4.906,0.724
21090,2,2.241126,0.118,5.002,0.737
21091,2,2.241233,0.127,4.788,0.714
21092,2,2.241339,0.129,4.784,0.709
21093,2,2.241445,0.131,4.691,0.711
21094,2,2.241552,0.131,4.685,0.703
21095,2,2.241658,0.129,4.73,0.71
21096,2,2.241764,0.151,4.338,0.666
21097,2,2.241870,0.12,4.914,0.734
21098,2,2.241977,0.128,4.786,0.708
21099,2,2.242083,0.112,5.144,0.754
21100,2,2.242189,0.142,4.493,0.679
21101,2,2.242295,0.121,4.896,0.73
21102,2,2.242402,0.131,4.716,0.701
21103,2,2.242508,0.114,5.132,0.74
21104,2,2.242614,0.127,4.763,0.721
21105,2,2.242721,0.119,4.969,0.734
21106,2,2.242827,0.155,4.148,0.645
21107,2,2.242933,0.145,4.365,0.67
21108,2,2.243039,0.123,4.84,0.724
21109,2,2.243146,0.12,4.925,0.73
21110,2,2.243252,0.108,5.223,0.755
21111,2,2.243358,0.125,4.791,0.718
21112,2,2.243464,0.117,5.014,0.736
21113,2,2.243571,0.119,5.013,0.737
21114,2,2.243677,0.14,4.461,0.686
21115,2,2.243783,0.133,4.642,0.703
21116,2,2.243889,0.143,4.46,0.674
21117,2,2.243996,0.119,5.019,0.739
21118,2,2.244102,0.114,5.066,0.75
21119,2,2.244208,0.123,4.853,0.73
21120,2,2.244315,0.156,4.134,0.64
21121,2,2.244421,0.15,4.261,0.663
21122,2,2.244527,0.134,4.575,0.698
21123,2,2.244633,0.108,5.214,0.758
21124,2,2.244740,0.138,4.529,0.689
21125,2,2.244846,0.125,4.844,0.722
21126,2,2.244952,0.119,5.027,0.736
21127,2,2.245058,0.14,4.481,0.687
21128,2,2.245165,0.12,4.947,0.73
21129,2,2.245271,0.131,4.674,0.703
21130,2,2.245377,0.139,4.511,0.684
21131,2,2.245484,0.127,4.804,0.719
21132,2,2.245590,0.12,4.867,0.728
21133,2,2.245696,0.138,4.519,0.688
21134,2,2.245802,0.137,4.531,0.687
21135,2,2.245909,0.139,4.489,0.684
21136,2,2.246015,0.116,5.025,0.741
21137,2,2.246121,0.121,4.889,0.731
21138,2,2.246227,0.131,4.719,0.705
21139,2,2.246334,0.115,5.043,0.747
21140,2,2.246440,0.119,5.018,0.733
21141,2,2.246546,0.115,5.078,0.749
21142,2,2.246652,0.149,4.245,0.662
21143,2,2.246759,0.153,4.189,0.644
21144,2,2.246865,0.136,4.581,0.695
21145,2,2.246971,0.115,5.079,0.744
21146,2,2.247078,0.152,4.236,0.652
21147,2,2.247184,0.129,4.746,0.716
21148,2,2.247290,0.131,4.721,0.704
21149,2,2.247396,0.115,5.043,0.753
21150,2,2.247503,0.119,5.012,0.732
21151,2,2.247609,0.132,4.687,0.704
21152,2,2.247715,0.123,4.864,0.724
21153,2,2.247821,0.136,4.636,0.699
21154,2,2.247928,0.151,4.261,0.659
21155,2,2.248034,0.119,4.958,0.737
21156,2,2.248140,0.129,4.745,0.716
21157,2,2.248247,0.118,4.993,0.74
21158,2,2.248353,0.131,4.703,0.714
21159,2,2.248459,0.138,4.55,0.686
21160,2,2.248565,0.121,4.915,0.73
21161,2,2.248672,0.134,4.629,0.699
21162,2,2.248778,0.125,4.814,0.717
21163,2,2.248884,0.127,4.798,0.716
21164,2,2.248990,0.129,4.835,0.712
21165,2,2.249097,0.134,4.652,0.695
21166,2,2.249203,0.116,5.029,0.737
21167,2,2.249309,0.141,4.471,0.682
21168,2,2.249416,0.136,4.583,0.698
21169,2,2.249522,0.132,4.661,0.702
21170,2,2.249628,0.13,4.721,0.709
21171,2,2.249734,0.15,4.35,0.66
21172,2,2.249841,0.13,4.752,0.711
21173,2,2.249947,0.123,4.877,0.724
21174,2,2.250053,0.122,4.926,0.731
21175,2,2.250159,0.125,4.821,0.723
21176,2,2.250266,0.137,4.584,0.691
21177,2,2.250372,0.134,4.582,0.697
21178,2,2.250478,0.129,4.734,0.713
21179,2,2.250584,0.158,4.104,0.64
21180,2,2.250691,0.156,4.163,0.643
21181,2,2.250797,0.138,4.576,0.69
21182,2,2.250903,0.124,4.888,0.724
21183,2,2.251010,0.131,4.689,0.708
21184,2,2.251116,0.132,4.666,0.702
21185,2,2.251222,0.132,4.669,0.702
21186,2,2.251328,0.152,4.228,0.656
21187,2,2.251435,0.125,4.868,0.723
21188,2,2.251541,0.124,4.91,0.729
21189,2,2.251647,0.138,4.492,0.686
21190,2,2.251753,0.137,4.556,0.693
21191,2,2.251860,0.156,4.157,0.641
21192,2,2.251966,0.14,4.526,0.682
21193,2,2.252072,0.139,4.504,0.689
21194,2,2.252179,0.131,4.697,0.709
21195,2,2.252285,0.121,4.93,0.727
21196,2,2.252391,0.146,4.277,0.666
21197,2,2.252497,0.131,4.781,0.71
21198,2,2.252604,0.134,4.579,0.698
21199,2,2.252710,0.127,4.759,0.714
21200,2,2.252816,0.116,5.053,0.744
21201,2,2.252922,0.119,4.988,0.735
21202,2,2.253029,0.149,4.242,0.659
21203,2,2.253135,0.142,4.502,0.679
21204,2,2.253241,0.122,4.939,0.725
21205,2,2.253348,0.127,4.791,0.717
21206,2,2.253454,0.145,4.317,0.674
21207,2,2.253560,0.123,4.844,0.724
21208,2,2.253666,0.148,4.286,0.666
21209,2,2.253773,0.146,4.38,0.67
21210,2,2.253879,0.124,4.899,0.721
21211,2,2.253985,0.125,4.794,0.72
21212,2,2.254091,0.133,4.694,0.7
21213,2,2.254198,0.141,4.518,0.676
21214,2,2.254304,0.137,4.59,0.691
21215,2,2.254410,0.139,4.509,0.687
21216,2,2.254516,0.112,5.129,0.754
21217,2,2.254623,0.131,4.696,0.705
21218,2,2.254729,0.138,4.541,0.688
21219,2,2.254835,0.149,4.336,0.666
21220,2,2.254942,0.132,4.644,0.703
21221,2,2.255048,0.127,4.799,0.713
21222,2,2.255154,0.115,5.067,0.739
21223,2,2.255260,0.147,4.291,0.666
21224,2,2.255367,0.141,4.52,0.675
21225,2,2.255473,0.137,4.545,0.692
21226,2,2.255579,0.151,4.25,0.66
21227,2,2.255685,0.127,4.803,0.717
21228,2,2.255792,0.141,4.505,0.682
21229,2,2.255898,0.134,4.619,0.695
21230,2,2.256004,0.137,4.545,0.689
21231,2,2.256111,0.136,4.595,0.696
21232,2,2.256217,0.135,4.651,0.695
21233,2,2.256323,0.132,4.662,0.698
21234,2,2.256429,0.127,4.762,0.716
21235,2,2.256536,0.138,4.523,0.684
21236,2,2.256642,0.145,4.352,0.667
21237,2,2.256748,0.134,4.612,0.702
21238,2,2.256854,0.123,4.86,0.723
21239,2,2.256961,0.134,4.579,0.698
21240,2,2.257067,0.137,4.509,0.691
21241,2,2.257173,0.148,4.267,0.664
21242,2,2.257279,0.142,4.459,0.675
21243,2,2.257386,0.114,5.142,0.748
21244,2,2.257492,0.14,4.496,0.685
21245,2,2.257598,0.138,4.53,0.691
21246,2,2.257705,0.142,4.375,0.683
21247,2,2.257811,0.131,4.685,0.705
21248,2,2.257917,0.116,5.007,0.745
21249,2,2.258023,0.117,4.998,0.743
21251,2,2.258236,0.122,4.914,0.725
21252,2,2.258342,0.127,4.786,0.716
21253,2,2.258448,0.123,4.906,0.723
21254,2,2.258555,0.148,4.295,0.665
21255,2,2.258661,0.132,4.659,0.701
21256,2,2.258767,0.119,5.004,0.736
21257,2,2.258874,0.128,4.781,0.713
21258,2,2.258980,0.131,4.698,0.708
21259,2,2.259086,0.126,4.826,0.722
21260,2,2.259192,0.13,4.731,0.711
21261,2,2.259299,0.134,4.598,0.701
21262,2,2.259405,0.126,4.831,0.721
21263,2,2.259511,0.125,4.878,0.721
21264,2,2.259617,0.126,4.81,0.723
21265,2,2.259724,0.134,4.647,0.699
21266,2,2.259830,0.127,4.801,0.713
21267,2,2.259936,0.129,4.719,0.712
21268,2,2.260043,0.139,4.498,0.689
21269,2,2.260149,0.116,5.078,0.742
21270,2,2.260255,0.127,4.705,0.716
21271,2,2.260361,0.134,4.642,0.696
21272,2,2.260468,0.131,4.683,0.707
21273,2,2.260574,0.132,4.632,0.698
21274,2,2.260680,0.131,4.692,0.704
21275,2,2.260786,0.13,4.678,0.712
21276,2,2.260893,0.115,5.062,0.741
21277,2,2.260999,0.117,5.058,0.741
21278,2,2.261105,0.136,4.596,0.695
21279,2,2.261211,0.118,5.004,0.739
21280,2,2.261318,0.137,4.553,0.694
21281,2,2.261424,0.124,4.878,0.723
21282,2,2.261530,0.143,4.35,0.679
21283,2,2.261637,0.153,4.151,0.653
21284,2,2.261743,0.144,4.369,0.666
21285,2,2.261849,0.136,4.518,0.69
21286,2,2.261955,0.126,4.778,0.717
21287,2,2.262062,0.135,4.587,0.699
21288,2,2.262168,0.144,4.376,0.673
21289,2,2.262274,0.143,4.426,0.674
21290,2,2.262380,0.137,4.553,0.687
21291,2,2.262487,0.126,4.81,0.723
21292,2,2.262593,0.14,4.546,0.688
21293,2,2.262699,0.141,4.508,0.684
21294,2,2.262806,0.135,4.573,0.696
21295,2,2.262912,0.119,4.921,0.731
21296,2,2.263018,0.127,4.823,0.712
21297,2,2.263124,0.145,4.387,0.67
21298,2,2.263231,0.124,4.849,0.724
21299,2,2.263337,0.142,4.373,0.68
21300,2,2.263443,0.14,4.467,0.683
21301,2,2.263549,0.129,4.756,0.71
21302,2,2.263656,0.119,4.984,0.734
21303,2,2.263762,0.138,4.516,0.688
21304,2,2.263868,0.142,4.449,0.675
21305,2,2.263974,0.114,5.065,0.745
21306,2,2.264081,0.132,4.657,0.7
21307,2,2.264187,0.138,4.47,0.694
21308,2,2.264293,0.124,4.883,0.72
21309,2,2.264400,0.128,4.78,0.717
21310,2,2.264506,0.138,4.502,0.689
21311,2,2.264612,0.132,4.636,0.702
21312,2,2.264718,0.133,4.661,0.7
21313,2,2.264825,0.132,4.706,0.701
21314,2,2.264931,0.112,5.159,0.752
21315,2,2.265037,0.131,4.711,0.702
21316,2,2.265143,0.123,4.916,0.729
21317,2,2.265250,0.135,4.662,0.695
21318,2,2.265356,0.113,5.073,0.747
21319,2,2.265462,0.127,4.757,0.718
21320,2,2.265569,0.123,4.876,0.727
21321,2,2.265675,0.128,4.717,0.709
21322,2,2.265781,0.137,4.609,0.69
21323,2,2.265887,0.127,4.736,0.715
21324,2,2.265994,0.112,5.142,0.75
21325,2,2.266100,0.14,4.571,0.68
21326,2,2.266206,0.134,4.637,0.703
21327,2,2.266312,0.149,4.338,0.662
21328,2,2.266419,0.129,4.708,0.708
21329,2,2.266525,0.131,4.686,0.698
21330,2,2.266631,0.132,4.668,0.699
21331,2,2.266738,0.122,4.885,0.725
21332,2,2.266844,0.141,4.462,0.677
21333,2,2.266950,0.143,4.401,0.674
21334,2,2.267056,0.119,4.977,0.736
21335,2,2.267163,0.146,4.349,0.667
21336,2,2.267269,0.113,5.11,0.748
21337,2,2.267375,0.139,4.523,0.686
21338,2,2.267481,0.135,4.631,0.691
21339,2,2.267588,0.131,4.7,0.702
21340,2,2.267694,0.128,4.768,0.713
21341,2,2.267800,0.121,4.94,0.731
21342,2,2.267906,0.145,4.362,0.674
21343,2,2.268013,0.125,4.84,0.72
21344,2,2.268119,0.116,5.059,0.743
21345,2,2.268225,0.128,4.783,0.711
21346,2,2.268332,0.126,4.806,0.72
21347,2,2.268438,0.129,4.742,0.706
21348,2,2.268544,0.124,4.888,0.719
21349,2,2.268650,0.131,4.74,0.711
21350,2,2.268757,0.128,4.72,0.711
21351,2,2.268863,0.141,4.477,0.689
21352,2,2.268969,0.151,4.267,0.658
21353,2,2.269075,0.147,4.361,0.662
21354,2,2.269182,0.143,4.436,0.675
21355,2,2.269288,0.129,4.702,0.707
21356,2,2.269394,0.11,5.185,0.755
21357,2,2.269501,0.12,4.954,0.732
21358,2,2.269607,0.133,4.672,0.698
21359,2,2.269713,0.13,4.727,0.714
21360,2,2.269819,0.132,4.654,0.702
21361,2,2.269926,0.125,4.863,0.724
21362,2,2.270032,0.129,4.782,0.714
21363,2,2.270138,0.139,4.49,0.689
21364,2,2.270244,0.127,4.775,0.715
21365,2,2.270351,0.115,5.047,0.744
21366,2,2.270457,0.138,4.568,0.692
21367,2,2.270563,0.129,4.737,0.713
21368,2,2.270670,0.136,4.605,0.693
21369,2,2.270776,0.123,4.83,0.727
21370,2,2.270882,0.13,4.707,0.712
21371,2,2.270988,0.146,4.336,0.671
21372,2,2.271095,0.14,4.547,0.681
21373,2,2.271201,0.131,4.708,0.705
21374,2,2.271307,0.119,4.979,0.731
21375,2,2.271413,0.14,4.432,0.685
21376,2,2.271520,0.149,4.278,0.656
21377,2,2.271626,0.127,4.815,0.719
21378,2,2.271732,0.115,5.059,0.744
21379,2,2.271838,0.151,4.267,0.656
21380,2,2.271945,0.136,4.586,0.699
21381,2,2.272051,0.132,4.623,0.698
21382,2,2.272157,0.141,4.445,0.679
21383,2,2.272264,0.123,4.925,0.719
21384,2,2.272370,0.131,4.68,0.705
21385,2,2.272476,0.139,4.477,0.685
21386,2,2.272582,0.14,4.481,0.681
21387,2,2.272689,0.129,4.731,0.712
21388,2,2.272795,0.108,5.245,0.764
21389,2,2.272901,0.131,4.682,0.709
21390,2,2.273007,0.111,5.145,0.754
21391,2,2.273114,0.124,4.835,0.718
21392,2,2.273220,0.129,4.79,0.71
21393,2,2.273326,0.135,4.579,0.696
21394,2,2.273433,0.123,4.805,0.732
21395,2,2.273539,0.149,4.58,0.702
21396,2,2.273645,0.146,4.39,0.667
21397,2,2.273751,0.139,4.538,0.687
21398,2,2.273858,0.127,4.749,0.712
21399,2,2.273964,0.121,4.933,0.725
21400,2,2.274070,0.126,4.748,0.717
21401,2,2.274176,0.144,4.459,0.67
21402,2,2.274283,0.134,4.602,0.698
21403,2,2.274389,0.136,4.561,0.695
21404,2,2.274495,0.138,4.532,0.688
21405,2,2.274601,0.131,4.738,0.704
21406,2,2.274708,0.126,4.844,0.722
21407,2,2.274814,0.14,4.506,0.682
21408,2,2.274920,0.137,4.6,0.69
21409,2,2.275027,0.128,4.724,0.716
21410,2,2.275133,0.138,4.6,0.705
21411,2,2.275239,0.121,4.901,0.731
21412,2,2.275345,0.117,4.987,0.734
21413,2,2.275452,0.131,4.66,0.707
21414,2,2.275558,0.117,4.973,0.731
21415,2,2.275664,0.139,4.477,0.688
21416,2,2.275770,0.117,5.038,0.737
21417,2,2.275877,0.14,4.515,0.688
21418,2,2.275983,0.145,4.352,0.669
21419,2,2.276089,0.151,4.264,0.66
21420,2,2.276196,0.109,5.172,0.762
21421,2,2.276302,0.127,4.87,0.713
21422,2,2.276408,0.128,4.734,0.714
21423,2,2.276514,0.139,4.539,0.687
21424,2,2.276621,0.136,4.582,0.689
21425,2,2.276727,0.123,4.905,0.727
21426,2,2.276833,0.128,4.81,0.712
21427,2,2.276939,0.119,4.96,0.729
21428,2,2.277046,0.131,4.668,0.704
21429,2,2.277152,0.125,4.802,0.726
21430,2,2.277258,0.111,5.171,0.75
21431,2,2.277365,0.144,4.412,0.67
21432,2,2.277471,0.146,4.379,0.67
21433,2,2.277577,0.135,4.598,0.696
21434,2,2.277683,0.122,4.915,0.73
21435,2,2.277790,0.119,4.922,0.733
21436,2,2.277896,0.126,4.877,0.717
21437,2,2.278002,0.13,4.715,0.712
21438,2,2.278108,0.147,4.397,0.67
21439,2,2.278215,0.119,5.006,0.736
21440,2,2.278321,0.113,5.13,0.754
21441,2,2.278427,0.144,4.393,0.676
21442,2,2.278533,0.149,4.29,0.661
21443,2,2.278640,0.115,5.032,0.743
21444,2,2.278746,0.152,4.24,0.653
21445,2,2.278852,0.109,5.27,0.76
21446,2,2.278959,0.153,4.161,0.652
21447,2,2.279065,0.135,4.569,0.695
21448,2,2.279171,0.139,4.503,0.685
21449,2,2.279277,0.134,4.631,0.694
21450,2,2.279384,0.123,4.862,0.728
21451,2,2.279490,0.121,4.91,0.727
21452,2,2.279596,0.124,4.811,0.72
21453,2,2.279702,0.149,4.297,0.664
21454,2,2.279809,0.133,4.672,0.696
21455,2,2.279915,0.121,4.9,0.732
21456,2,2.280021,0.142,4.446,0.678
21457,2,2.280128,0.132,4.701,0.702
21458,2,2.280234,0.135,4.612,0.697
21459,2,2.280340,0.111,5.117,0.756
21460,2,2.280446,0.139,4.535,0.685
21461,2,2.280553,0.11,5.153,0.756
21462,2,2.280659,0.131,4.749,0.711
21463,2,2.280765,0.121,4.883,0.727
21464,2,2.280871,0.155,4.171,0.651
21465,2,2.280978,0.116,4.998,0.749
21466,2,2.281084,0.116,5.066,0.744
21467,2,2.281190,0.117,5.024,0.742
21468,2,2.281296,0.114,5.131,0.75
21469,2,2.281403,0.12,4.899,0.729
21470,2,2.281509,0.137,4.553,0.687
21471,2,2.281615,0.115,5.11,0.744
21472,2,2.281722,0.136,4.566,0.694
21473,2,2.281828,0.146,4.307,0.668
21474,2,2.281934,0.132,4.631,0.703
21475,2,2.282040,0.135,4.583,0.698
21476,2,2.282147,0.125,4.896,0.722
21477,2,2.282253,0.125,4.857,0.721
21478,2,2.282359,0.129,4.714,0.709
21479,2,2.282465,0.123,4.891,0.725
21480,2,2.282572,0.136,4.574,0.694
21481,2,2.282678,0.149,4.313,0.664
21482,2,2.282784,0.115,5.069,0.744
21483,2,2.282891,0.124,4.816,0.723
21484,2,2.282997,0.131,4.714,0.709
21485,2,2.283103,0.136,4.512,0.695
21486,2,2.283209,0.124,4.869,0.726
21487,2,2.283316,0.142,4.425,0.673
21488,2,2.283422,0.119,4.978,0.733
21489,2,2.283528,0.12,4.932,0.733
21490,2,2.283634,0.144,4.397,0.673
21491,2,2.283741,0.133,4.648,0.699
21492,2,2.283847,0.118,4.991,0.733
21493,2,2.283953,0.131,4.696,0.708
21494,2,2.284060,0.122,4.917,0.72
21495,2,2.284166,0.125,4.838,0.725
21496,2,2.284272,0.111,5.116,0.758
21497,2,2.284378,0.125,4.809,0.719
21498,2,2.284485,0.148,4.279,0.666
21499,2,2.284591,0.135,4.595,0.695
21500,2,2.284697,0.187,4.28,0.668
21501,2,2.284803,0.133,4.633,0.696
21502,2,2.284910,0.112,5.136,0.755
21503,2,2.285016,0.151,4.236,0.656
21504,2,2.285122,0.136,4.552,0.696
21505,2,2.285228,0.138,4.525,0.694
21506,2,2.285335,0.121,4.943,0.725
21507,2,2.285441,0.114,5.08,0.746
21508,2,2.285547,0.121,4.928,0.733
21509,2,2.285654,0.128,4.795,0.712
21510,2,2.285760,0.142,4.511,0.676
21511,2,2.285866,0.134,4.637,0.7
21512,2,2.285972,0.152,4.276,0.671
21513,2,2.286079,0.128,4.675,0.72
21514,2,2.286185,0.113,5.057,0.748
21515,2,2.286291,0.138,4.516,0.69
21516,2,2.286397,0.121,4.915,0.728
21517,2,2.286504,0.13,4.729,0.712
21518,2,2.286610,0.129,4.718,0.71
21519,2,2.286716,0.149,4.268,0.665
21520,2,2.286823,0.11,5.148,0.756
21521,2,2.286929,0.129,4.745,0.713
21522,2,2.287035,0.121,4.982,0.726
21523,2,2.287141,0.136,4.581,0.7
21524,2,2.287248,0.127,4.743,0.713
21525,2,2.287354,0.147,4.31,0.673
21526,2,2.287460,0.131,4.664,0.707
21527,2,2.287566,0.131,4.709,0.708
21528,2,2.287673,0.156,4.124,0.642
21529,2,2.287779,0.146,4.391,0.668
21530,2,2.287885,0.134,4.584,0.697
21531,2,2.287991,0.131,4.696,0.708
21532,2,2.288098,0.138,4.524,0.689
21533,2,2.288204,0.108,5.24,0.764
21534,2,2.288310,0.126,4.75,0.714
21535,2,2.288417,0.126,4.814,0.717
21536,2,2.288523,0.14,4.49,0.686
21537,2,2.288629,0.128,4.704,0.715
21538,2,2.288735,0.125,4.811,0.722
21539,2,2.288842,0.139,4.539,0.687
21540,2,2.288948,0.128,4.794,0.717
21541,2,2.289054,0.136,4.49,0.696
21542,2,2.289160,0.125,4.809,0.721
21543,2,2.289267,0.131,4.718,0.705
21544,2,2.289373,0.152,4.227,0.655
21545,2,2.289479,0.133,4.646,0.702
21546,2,2.289586,0.128,4.771,0.71
21547,2,2.289692,0.119,5.028,0.741
21548,2,2.289798,0.128,4.721,0.711
21549,2,2.289904,0.138,4.583,0.686
21550,2,2.290011,0.115,5.116,0.746
21551,2,2.290117,0.138,4.491,0.69
21552,2,2.290223,0.148,4.372,0.665
21553,2,2.290329,0.128,4.789,0.715
21554,2,2.290436,0.12,4.921,0.736
21555,2,2.290542,0.121,4.925,0.731
21556,2,2.290648,0.136,4.584,0.691
21557,2,2.290755,0.124,4.82,0.723
21558,2,2.290861,0.137,4.543,0.693
21559,2,2.290967,0.124,4.855,0.724
21560,2,2.291073,0.156,4.07,0.641
21561,2,2.291180,0.135,4.556,0.697
21562,2,2.291286,0.122,4.893,0.732
21563,2,2.291392,0.14,4.562,0.684
21564,2,2.291498,0.123,4.863,0.725
21565,2,2.291605,0.133,4.658,0.702
21566,2,2.291711,0.12,4.887,0.733
21567,2,2.291817,0.111,5.144,0.752
21568,2,2.291923,0.119,4.982,0.737
21569,2,2.292030,0.131,4.658,0.706
21570,2,2.292136,0.119,4.961,0.735
21571,2,2.292242,0.142,4.453,0.682
21572,2,2.292349,0.121,4.95,0.728
21573,2,2.292455,0.142,4.498,0.682
21574,2,2.292561,0.123,4.911,0.728
21575,2,2.292667,0.129,4.748,0.709
21576,2,2.292774,0.142,4.47,0.676
21577,2,2.292880,0.144,4.41,0.671
21578,2,2.292986,0.144,4.427,0.676
21579,2,2.293092,0.132,4.649,0.705
21580,2,2.293199,0.139,4.483,0.685
21581,2,2.293305,0.127,4.779,0.714
21582,2,2.293411,0.142,4.435,0.679
21583,2,2.293518,0.126,4.812,0.717
21584,2,2.293624,0.116,5.014,0.74
21585,2,2.293730,0.131,4.707,0.706
21586,2,2.293836,0.132,4.716,0.701
21587,2,2.293943,0.122,4.825,0.726
21588,2,2.294049,0.132,4.629,0.704
21589,2,2.294155,0.129,4.763,0.711
21590,2,2.294261,0.125,4.851,0.725
21591,2,2.294368,0.135,4.576,0.696
21592,2,2.294474,0.137,4.532,0.691
21593,2,2.294580,0.13,4.722,0.708
21594,2,2.294687,0.11,5.136,0.758
21595,2,2.294793,0.119,4.97,0.735
21596,2,2.294899,0.126,4.813,0.721
21597,2,2.295005,0.137,4.56,0.687
21598,2,2.295112,0.138,4.519,0.693
21599,2,2.295218,0.131,4.692,0.704
21600,2,2.295324,0.122,4.889,0.728
21601,2,2.295430,0.121,4.908,0.729
21602,2,2.295537,0.153,4.214,0.655
21603,2,2.295643,0.131,4.728,0.706
21604,2,2.295749,0.128,4.729,0.717
21605,2,2.295855,0.145,4.346,0.674
21606,2,2.295962,0.14,4.527,0.686
21607,2,2.296068,0.141,4.396,0.683
21608,2,2.296174,0.121,4.969,0.732
21609,2,2.296281,0.124,4.842,0.722
21610,2,2.296387,0.127,4.756,0.714
21611,2,2.296493,0.129,4.729,0.716
21612,2,2.296599,0.14,4.511,0.683
21613,2,2.296706,0.121,4.919,0.731
21614,2,2.296812,0.132,4.613,0.702
21615,2,2.296918,0.124,4.868,0.722
21616,2,2.297024,0.141,4.468,0.677
21617,2,2.297131,0.122,4.915,0.725
21618,2,2.297237,0.144,4.394,0.671
21619,2,2.297343,0.12,4.885,0.726
21620,2,2.297450,0.15,4.263,0.664
21621,2,2.297556,0.121,4.938,0.729
21622,2,2.297662,0.142,4.397,0.682
21623,2,2.297768,0.142,4.424,0.675
21624,2,2.297875,0.148,4.359,0.684
21625,2,2.297981,0.128,4.804,0.712
21626,2,2.298087,0.13,4.721,0.707
21627,2,2.298193,0.13,4.731,0.71
21628,2,2.298300,0.136,4.574,0.696
21629,2,2.298406,0.124,4.818,0.719
21630,2,2.298512,0.131,4.719,0.705
21631,2,2.298618,0.144,4.434,0.673
21632,2,2.298725,0.131,4.702,0.707
21633,2,2.298831,0.131,4.699,0.7
21634,2,2.298937,0.132,4.635,0.706
21635,2,2.299044,0.139,4.505,0.687
21636,2,2.299150,0.135,4.524,0.696
21637,2,2.299256,0.128,4.791,0.715
21639,2,2.299469,0.113,5.123,0.752
21640,2,2.299575,0.137,4.55,0.689
21641,2,2.299681,0.11,5.145,0.754
21642,2,2.299787,0.154,4.141,0.654
21643,2,2.299894,0.131,4.705,0.706
21644,2,2.300000,0.106,5.283,0.766
21645,2,2.300106,0.134,4.586,0.696
21646,2,2.300213,0.133,4.659,0.704
21647,2,2.300319,0.13,4.734,0.713
21648,2,2.300425,0.123,4.888,0.73
21649,2,2.300531,0.131,4.72,0.711
21650,2,2.300638,0.147,4.284,0.667
21651,2,2.300744,0.128,4.767,0.716
21652,2,2.300850,0.137,4.601,0.692
21653,2,2.300956,0.139,4.441,0.685
21654,2,2.301063,0.138,4.539,0.693
21655,2,2.301169,0.129,4.775,0.71
21656,2,2.301275,0.137,4.524,0.69
21657,2,2.301382,0.142,4.413,0.676
21658,2,2.301488,0.109,5.233,0.762
21659,2,2.301594,0.119,4.993,0.741
21660,2,2.301700,0.132,4.655,0.699
21661,2,2.301807,0.14,4.476,0.685
21662,2,2.301913,0.13,4.739,0.713
21663,2,2.302019,0.116,5.042,0.742
21664,2,2.302125,0.144,4.416,0.671
21665,2,2.302232,0.14,4.463,0.679
21666,2,2.302338,0.124,4.792,0.72
21667,2,2.302444,0.136,4.57,0.692
21668,2,2.302550,0.139,4.49,0.684
21669,2,2.302657,0.146,4.321,0.667
21670,2,2.302763,0.124,4.906,0.719
21671,2,2.302869,0.117,4.957,0.739
21672,2,2.302976,0.116,4.987,0.745
21673,2,2.303082,0.125,4.86,0.72
21674,2,2.303188,0.131,4.663,0.704
21675,2,2.303294,0.155,4.194,0.647
21676,2,2.303401,0.122,4.866,0.729
21677,2,2.303507,0.133,4.589,0.695
21678,2,2.303613,0.137,4.527,0.69
21679,2,2.303719,0.138,4.531,0.689
21680,2,2.303826,0.134,4.669,0.695
21681,2,2.303932,0.161,4.112,0.635
21682,2,2.304038,0.132,4.674,0.704
21683,2,2.304145,0.116,5.051,0.74
21684,2,2.304251,0.119,4.971,0.74
21685,2,2.304357,0.125,4.824,0.719
21686,2,2.304463,0.123,4.864,0.725
21687,2,2.304570,0.111,5.158,0.752
21688,2,2.304676,0.13,4.711,0.714
21689,2,2.304782,0.129,4.712,0.711
21690,2,2.304888,0.123,4.851,0.725
21691,2,2.304995,0.138,4.546,0.685
21692,2,2.305101,0.137,4.591,0.692
21693,2,2.305207,0.142,4.528,0.686
21694,2,2.305313,0.148,4.313,0.661
21695,2,2.305420,0.128,4.729,0.714
21696,2,2.305526,0.146,4.305,0.665
21697,2,2.305632,0.119,4.989,0.734
21698,2,2.305739,0.135,4.517,0.695
21699,2,2.305845,0.138,4.557,0.693
21700,2,2.305951,0.107,5.221,0.764
21701,2,2.306057,0.128,4.774,0.712
21702,2,2.306164,0.115,5.08,0.737
21703,2,2.306270,0.127,4.74,0.719
21704,2,2.306376,0.132,4.662,0.701
21705,2,2.306482,0.155,4.159,0.637
21706,2,2.306589,0.131,4.637,0.705
21707,2,2.306695,0.154,4.141,0.645
21708,2,2.306801,0.129,4.755,0.712
21709,2,2.306908,0.159,4.061,0.638
21710,2,2.307014,0.147,4.339,0.667
21711,2,2.307120,0.137,4.568,0.693
21712,2,2.307226,0.129,4.676,0.71
21713,2,2.307333,0.165,3.938,0.622
21714,2,2.307439,0.136,4.53,0.693
21715,2,2.307545,0.141,4.442,0.679
21716,2,2.307651,0.131,4.704,0.705
21717,2,2.307758,0.128,4.739,0.715
21718,2,2.307864,0.13,4.725,0.707
21719,2,2.307970,0.162,3.996,0.63
21720,2,2.308077,0.128,4.764,0.708
21721,2,2.308183,0.136,4.583,0.695
21722,2,2.308289,0.142,4.455,0.681
21723,2,2.308395,0.134,4.617,0.695
21724,2,2.308502,0.15,4.265,0.661
21725,2,2.308608,0.135,4.601,0.69
21726,2,2.308714,0.137,4.57,0.693
21727,2,2.308820,0.129,4.716,0.711
21728,2,2.308927,0.134,4.59,0.693
21729,2,2.309033,0.12,4.997,0.73
21730,2,2.309139,0.136,4.521,0.691
21731,2,2.309245,0.144,4.39,0.678
21732,2,2.309352,0.131,4.727,0.702
21733,2,2.309458,0.144,4.379,0.671
21734,2,2.309564,0.124,4.85,0.725
21735,2,2.309671,0.125,4.878,0.721
21736,2,2.309777,0.117,5.031,0.737
21737,2,2.309883,0.129,4.738,0.71
21738,2,2.309989,0.122,4.909,0.728
21739,2,2.310096,0.135,4.569,0.698
21740,2,2.310202,0.136,4.561,0.688
21741,2,2.310308,0.128,4.802,0.714
21742,2,2.310414,0.119,5.0,0.738
21743,2,2.310521,0.137,4.61,0.691
21744,2,2.310627,0.135,4.598,0.688
21745,2,2.310733,0.127,4.711,0.717
21746,2,2.310840,0.126,4.766,0.718
21747,2,2.310946,0.119,4.943,0.737
21748,2,2.311052,0.136,4.58,0.689
21749,2,2.311158,0.14,4.432,0.687
21750,2,2.311265,0.148,4.287,0.667
21751,2,2.311371,0.142,4.483,0.675
21752,2,2.311477,0.127,4.75,0.713
21753,2,2.311583,0.115,5.086,0.745
21754,2,2.311690,0.132,4.653,0.709
21755,2,2.311796,0.147,4.301,0.667
21756,2,2.311902,0.136,4.634,0.693
21757,2,2.312009,0.106,5.203,0.768
21758,2,2.312115,0.131,4.718,0.71
21759,2,2.312221,0.119,4.927,0.739
21760,2,2.312327,0.119,4.899,0.734
21761,2,2.312434,0.134,4.622,0.698
21762,2,2.312540,0.117,4.975,0.738
21763,2,2.312646,0.12,4.935,0.73
21764,2,2.312752,0.116,5.048,0.739
21765,2,2.312859,0.112,5.135,0.753
21766,2,2.312965,0.121,4.939,0.728
21767,2,2.313071,0.113,5.055,0.749
21768,2,2.313177,0.125,4.832,0.717
21769,2,2.313284,0.134,4.628,0.697
21770,2,2.313390,0.147,4.357,0.666
21771,2,2.313496,0.146,4.36,0.662
21772,2,2.313603,0.11,5.16,0.758
21773,2,2.313709,0.11,5.214,0.757
21774,2,2.313815,0.131,4.702,0.703
21775,2,2.313921,0.113,5.124,0.752
21776,2,2.314028,0.131,4.728,0.713
21777,2,2.314134,0.132,4.701,0.702
21778,2,2.314240,0.126,4.827,0.719
21779,2,2.314346,0.13,4.718,0.709
21780,2,2.314453,0.144,4.374,0.669
21781,2,2.314559,0.15,4.276,0.656
21782,2,2.314665,0.115,5.109,0.742
21783,2,2.314772,0.114,5.055,0.747
21784,2,2.314878,0.123,4.832,0.725
21785,2,2.314984,0.144,4.366,0.673
21786,2,2.315090,0.112,5.146,0.752
21787,2,2.315197,0.131,4.631,0.7
21788,2,2.315303,0.107,5.325,0.764
21789,2,2.315409,0.12,4.931,0.731
21790,2,2.315515,0.147,4.359,0.662
21791,2,2.315622,0.159,4.038,0.634
21792,2,2.315728,0.143,4.403,0.678
21793,2,2.315834,0.126,4.74,0.714
21794,2,2.315940,0.138,4.502,0.687
21795,2,2.316047,0.138,4.495,0.688
21796,2,2.316153,0.131,4.746,0.71
21797,2,2.316259,0.131,4.675,0.701
21798,2,2.316366,0.105,5.333,0.77
21799,2,2.316472,0.142,4.436,0.675
21800,2,2.316578,0.127,4.742,0.715
21801,2,2.316684,0.135,4.578,0.696
21802,2,2.316791,0.135,4.652,0.699
21803,2,2.316897,0.131,4.697,0.707
21804,2,2.317003,0.132,4.667,0.705
21805,2,2.317109,0.134,4.535,0.697
21806,2,2.317216,0.134,4.598,0.695
21807,2,2.317322,0.121,4.886,0.731
21808,2,2.317428,0.125,4.824,0.72
21809,2,2.317535,0.131,4.743,0.706
21810,2,2.317641,0.139,4.537,0.687
21811,2,2.317747,0.116,5.067,0.745
21812,2,2.317853,0.134,4.568,0.695
21813,2,2.317960,0.121,4.881,0.735
21814,2,2.318066,0.126,4.725,0.716
21815,2,2.318172,0.126,4.756,0.72
21816,2,2.318278,0.135,4.576,0.692
21817,2,2.318385,0.132,4.62,0.701
21818,2,2.318491,0.135,4.558,0.699
21819,2,2.318597,0.14,4.465,0.682
21820,2,2.318704,0.128,4.753,0.714
21821,2,2.318810,0.108,5.187,0.757
21822,2,2.318916,0.114,5.089,0.747
21823,2,2.319022,0.142,4.423,0.685
21824,2,2.319129,0.138,4.509,0.689
21825,2,2.319235,0.131,4.715,0.703
21826,2,2.319341,0.122,4.863,0.727
21827,2,2.319447,0.139,4.523,0.684
21828,2,2.319554,0.142,4.383,0.678
21829,2,2.319660,0.134,4.67,0.702
21830,2,2.319766,0.133,4.652,0.7
21831,2,2.319872,0.148,4.301,0.663
21832,2,2.319979,0.126,4.8,0.713
21833,2,2.320085,0.14,4.488,0.683
21834,2,2.320191,0.136,4.608,0.697
21835,2,2.320298,0.122,4.883,0.723
21836,2,2.320404,0.117,5.061,0.739
21837,2,2.320510,0.12,4.939,0.73
21838,2,2.320616,0.126,4.855,0.718
21839,2,2.320723,0.111,5.143,0.753
21840,2,2.320829,0.125,4.875,0.718
21841,2,2.320935,0.121,4.9,0.73
21842,2,2.321041,0.134,4.915,0.725
21843,2,2.321148,0.136,4.561,0.692
21844,2,2.321254,0.15,4.229,0.664
21845,2,2.321360,0.143,4.379,0.669
21846,2,2.321467,0.146,4.328,0.672
21847,2,2.321573,0.103,5.365,0.775
21848,2,2.321679,0.146,4.368,0.672
21849,2,2.321785,0.111,5.176,0.755
21850,2,2.321892,0.127,4.752,0.716
21851,2,2.321998,0.114,5.077,0.747
21852,2,2.322104,0.119,4.956,0.739
21853,2,2.322210,0.121,4.892,0.73
21854,2,2.322317,0.14,4.486,0.683
21855,2,2.322423,0.138,4.504,0.686
21856,2,2.322529,0.13,4.697,0.712
21857,2,2.322635,0.133,4.622,0.701
21858,2,2.322742,0.125,4.842,0.714
21859,2,2.322848,0.118,5.026,0.741
21860,2,2.322954,0.142,4.464,0.682
21861,2,2.323061,0.119,4.999,0.732
21862,2,2.323167,0.135,4.577,0.696
21863,2,2.323273,0.117,5.03,0.737
21864,2,2.323379,0.128,4.777,0.712
21865,2,2.323486,0.119,4.983,0.739
21866,2,2.323592,0.141,4.5,0.684
21867,2,2.323698,0.146,4.366,0.67
21868,2,2.323804,0.142,4.499,0.68
21869,2,2.323911,0.13,4.697,0.707
21870,2,2.324017,0.13,4.696,0.713
21871,2,2.324123,0.104,5.322,0.77
21872,2,2.324230,0.142,4.42,0.683
21873,2,2.324336,0.134,4.585,0.7
21874,2,2.324442,0.131,4.619,0.704
21875,2,2.324548,0.123,4.904,0.726
21876,2,2.324655,0.125,4.819,0.719
21877,2,2.324761,0.137,4.579,0.693
21878,2,2.324867,0.134,4.664,0.696
21879,2,2.324973,0.143,4.467,0.677
21880,2,2.325080,0.142,4.439,0.68
21881,2,2.325186,0.121,4.911,0.729
21882,2,2.325292,0.131,4.749,0.708
21883,2,2.325399,0.14,4.494,0.689
21884,2,2.325505,0.146,4.669,0.707
21885,2,2.325611,0.132,4.66,0.703
21886,2,2.325717,0.139,4.49,0.686
21887,2,2.325824,0.121,4.857,0.729
21888,2,2.325930,0.132,4.696,0.706
21889,2,2.326036,0.117,5.06,0.741
21890,2,2.326142,0.118,5.04,0.744
21891,2,2.326249,0.127,4.798,0.719
21892,2,2.326355,0.138,4.504,0.689
21893,2,2.326461,0.14,4.467,0.695
21894,2,2.326567,0.119,5.038,0.738
21895,2,2.326674,0.134,4.616,0.7
21896,2,2.326780,0.123,4.855,0.725
21897,2,2.326886,0.122,4.932,0.73
21898,2,2.326993,0.13,4.783,0.712
21899,2,2.327099,0.12,5.0,0.735
21900,2,2.327205,0.147,4.297,0.664
21901,2,2.327311,0.139,4.524,0.686
21902,2,2.327418,0.124,4.872,0.719
21903,2,2.327524,0.134,4.655,0.697
21904,2,2.327630,0.13,4.75,0.708
21905,2,2.327736,0.118,5.008,0.741
21906,2,2.327843,0.138,4.55,0.69
21907,2,2.327949,0.123,4.806,0.726
21908,2,2.328055,0.13,4.752,0.711
21909,2,2.328162,0.122,4.892,0.73
21910,2,2.328268,0.137,4.55,0.69
21911,2,2.328374,0.128,4.821,0.719
21912,2,2.328480,0.148,4.318,0.66
21913,2,2.328587,0.142,4.415,0.676
21914,2,2.328693,0.146,4.349,0.67
21915,2,2.328799,0.135,4.598,0.696
21916,2,2.328905,0.136,4.588,0.692
21917,2,2.329012,0.132,4.596,0.701
21918,2,2.329118,0.103,5.37,0.778
21919,2,2.329224,0.134,4.629,0.697
21920,2,2.329330,0.133,4.626,0.7
21921,2,2.329437,0.116,5.079,0.739
21922,2,2.329543,0.113,5.173,0.75
21923,2,2.329649,0.107,5.26,0.765
21924,2,2.329756,0.135,4.608,0.695
21925,2,2.329862,0.129,4.799,0.715
21926,2,2.329968,0.111,5.137,0.753
21927,2,2.330074,0.126,4.785,0.714
21928,2,2.330181,0.123,4.924,0.726
21929,2,2.330287,0.121,4.893,0.732
21930,2,2.330393,0.145,4.417,0.673
21931,2,2.330499,0.153,4.187,0.648
21932,2,2.330606,0.119,5.008,0.74
21933,2,2.330712,0.131,4.666,0.705
21934,2,2.330818,0.108,5.217,0.762
21935,2,2.330925,0.119,4.862,0.741
21936,2,2.331031,0.141,4.504,0.686
21937,2,2.331137,0.133,4.646,0.69
21938,2,2.331243,0.116,5.01,0.74
21939,2,2.331350,0.137,4.541,0.695
21940,2,2.331456,0.12,4.949,0.731
21941,2,2.331562,0.125,4.867,0.718
21942,2,2.331668,0.137,4.584,0.694
21943,2,2.331775,0.154,4.117,0.652
21944,2,2.331881,0.143,4.352,0.674
21945,2,2.331987,0.14,4.457,0.686
21946,2,2.332094,0.122,4.821,0.725
21947,2,2.332200,0.121,4.912,0.73
21948,2,2.332306,0.138,4.512,0.688
21949,2,2.332412,0.135,4.656,0.702
21950,2,2.332519,0.143,4.36,0.678
21951,2,2.332625,0.139,4.461,0.691
21952,2,2.332731,0.116,5.078,0.74
21953,2,2.332837,0.119,4.924,0.734
21954,2,2.332944,0.108,5.208,0.764
21955,2,2.333050,0.149,4.188,0.662
21956,2,2.333156,0.145,4.357,0.671
21957,2,2.333262,0.129,4.751,0.707
21958,2,2.333369,0.146,4.424,0.677
21959,2,2.333475,0.123,4.862,0.728
21960,2,2.333581,0.129,4.754,0.71
21961,2,2.333688,0.131,4.714,0.704
21962,2,2.333794,0.14,4.499,0.684
21963,2,2.333900,0.108,5.209,0.761
21964,2,2.334006,0.139,4.503,0.688
21965,2,2.334113,0.117,5.083,0.739
21966,2,2.334219,0.134,4.631,0.7
21967,2,2.334325,0.11,5.17,0.76
21968,2,2.334431,0.143,4.525,0.696
21969,2,2.334538,0.131,4.671,0.704
21970,2,2.334644,0.13,4.717,0.708
21971,2,2.334750,0.124,4.829,0.726
21972,2,2.334857,0.124,4.901,0.721
21973,2,2.334963,0.129,4.787,0.714
21974,2,2.335069,0.131,4.702,0.701
21975,2,2.335175,0.105,5.263,0.772
21976,2,2.335282,0.115,5.059,0.742
21977,2,2.335388,0.136,4.545,0.695
21978,2,2.335494,0.116,5.037,0.738
21979,2,2.335600,0.134,4.628,0.699
21980,2,2.335707,0.121,4.901,0.728
21981,2,2.335813,0.126,4.81,0.715
21982,2,2.335919,0.141,4.49,0.678
21983,2,2.336026,0.117,5.006,0.738
21984,2,2.336132,0.119,5.019,0.732
21985,2,2.336238,0.123,4.831,0.721
21986,2,2.336344,0.13,4.698,0.71
21987,2,2.336451,0.144,4.386,0.671
21988,2,2.336557,0.117,5.008,0.737
21989,2,2.336663,0.126,4.771,0.716
21990,2,2.336769,0.126,4.772,0.714
21991,2,2.336876,0.118,4.975,0.736
21992,2,2.336982,0.123,4.829,0.725
21993,2,2.337088,0.125,4.794,0.719
21994,2,2.337194,0.15,4.26,0.657
21995,2,2.337301,0.129,4.738,0.715
21996,2,2.337407,0.131,4.693,0.706
21997,2,2.337513,0.128,4.682,0.711
21998,2,2.337620,0.12,4.901,0.731
21999,2,2.337726,0.147,4.295,0.667
22000,2,2.337832,0.133,4.643,0.7
22001,2,2.337938,0.134,4.575,0.698
22002,2,2.338045,0.134,4.633,0.697
22003,2,2.338151,0.14,4.505,0.691
22004,2,2.338257,0.122,4.941,0.725
22005,2,2.338363,0.151,4.352,0.653
22006,2,2.338470,0.123,4.846,0.728
22007,2,2.338576,0.135,4.584,0.692
22008,2,2.338682,0.134,4.607,0.7
22009,2,2.338789,0.132,4.634,0.702
22010,2,2.338895,0.132,4.661,0.701
22011,2,2.339001,0.142,4.435,0.679
22012,2,2.339107,0.147,4.344,0.669
22013,2,2.339214,0.123,4.841,0.724
22014,2,2.339320,0.132,4.66,0.703
22015,2,2.339426,0.124,4.82,0.723
22016,2,2.339532,0.127,4.795,0.717
22017,2,2.339639,0.145,4.353,0.671
22018,2,2.339745,0.102,5.37,0.778
22019,2,2.339851,0.124,4.845,0.715
22020,2,2.339957,0.139,4.492,0.688
22021,2,2.340064,0.128,4.766,0.712
22022,2,2.340170,0.134,4.607,0.7
22023,2,2.340276,0.128,4.764,0.716
22024,2,2.340383,0.119,4.934,0.733
22025,2,2.340489,0.144,4.325,0.677
22026,2,2.340595,0.119,4.962,0.732
22027,2,2.340701,0.128,4.799,0.711
22028,2,2.340808,0.147,4.342,0.666
22029,2,2.340914,0.12,4.877,0.731
22030,2,2.341020,0.119,4.937,0.732
22031,2,2.341126,0.122,4.947,0.736
22032,2,2.341233,0.149,4.254,0.659
22033,2,2.341339,0.139,4.493,0.684
22034,2,2.341445,0.113,5.105,0.752
22035,2,2.341552,0.142,4.429,0.674
22036,2,2.341658,0.126,4.762,0.716
22037,2,2.341764,0.116,5.016,0.743
22038,2,2.341870,0.126,4.829,0.72
22039,2,2.341977,0.115,5.083,0.745
22040,2,2.342083,0.122,4.879,0.728
22041,2,2.342189,0.111,5.139,0.753
22042,2,2.342295,0.117,5.045,0.739
22043,2,2.342402,0.139,4.463,0.685
22044,2,2.342508,0.129,4.741,0.708
22045,2,2.342614,0.122,4.901,0.727
22046,2,2.342721,0.141,4.461,0.679
22047,2,2.342827,0.13,4.695,0.71
22048,2,2.342933,0.128,4.745,0.717
22049,2,2.343039,0.127,4.764,0.714
22050,2,2.343146,0.124,4.834,0.722
22051,2,2.343252,0.123,4.85,0.723
22052,2,2.343358,0.148,4.253,0.667
22053,2,2.343464,0.136,4.565,0.694
22054,2,2.343571,0.125,4.78,0.718
22055,2,2.343677,0.129,4.743,0.711
22056,2,2.343783,0.146,4.374,0.671
22057,2,2.343889,0.117,5.046,0.74
22058,2,2.343996,0.122,4.92,0.727
22059,2,2.344102,0.131,4.632,0.705
22060,2,2.344208,0.138,4.556,0.69
22061,2,2.344315,0.118,5.007,0.736
22062,2,2.344421,0.145,4.402,0.669
22063,2,2.344527,0.139,4.514,0.685
22064,2,2.344633,0.118,4.965,0.737
22065,2,2.344740,0.126,4.777,0.72
22066,2,2.344846,0.131,4.746,0.703
22067,2,2.344952,0.131,4.657,0.705
22068,2,2.345058,0.14,4.477,0.682
22069,2,2.345165,0.145,4.396,0.669
22070,2,2.345271,0.119,4.991,0.737
22071,2,2.345377,0.139,4.508,0.685
22072,2,2.345484,0.13,4.685,0.71
22073,2,2.345590,0.14,4.536,0.685
22074,2,2.345696,0.124,4.763,0.719
22075,2,2.345802,0.131,4.675,0.705
22076,2,2.345909,0.134,4.614,0.698
22077,2,2.346015,0.12,4.927,0.73
22078,2,2.346121,0.121,4.896,0.726
22079,2,2.346227,0.13,4.704,0.708
22080,2,2.346334,0.116,5.044,0.744
22081,2,2.346440,0.131,4.648,0.714
22082,2,2.346546,0.121,4.884,0.725
22083,2,2.346652,0.133,4.628,0.701
22084,2,2.346759,0.124,4.868,0.722
22085,2,2.346865,0.125,4.812,0.718
22086,2,2.346971,0.111,5.154,0.755
22087,2,2.347078,0.106,5.29,0.768
22088,2,2.347184,0.127,4.773,0.715
22089,2,2.347290,0.12,4.986,0.73
22090,2,2.347396,0.106,5.291,0.77
22091,2,2.347503,0.143,4.442,0.671
22092,2,2.347609,0.136,4.605,0.693
22093,2,2.347715,0.127,4.789,0.718
22094,2,2.347821,0.134,4.591,0.697
22095,2,2.347928,0.137,4.538,0.691
22096,2,2.348034,0.125,4.853,0.72
22097,2,2.348140,0.127,4.771,0.714
22098,2,2.348247,0.137,4.471,0.691
22099,2,2.348353,0.141,4.481,0.681
22100,2,2.348459,0.14,4.427,0.684
22101,2,2.348565,0.131,4.662,0.706
22102,2,2.348672,0.15,4.225,0.659
22103,2,2.348778,0.129,4.769,0.706
22104,2,2.348884,0.116,5.048,0.738
22105,2,2.348990,0.126,4.805,0.714
22106,2,2.349097,0.132,4.622,0.7
22107,2,2.349203,0.137,4.519,0.692
22108,2,2.349309,0.132,4.714,0.704
22109,2,2.349416,0.149,4.293,0.661
22110,2,2.349522,0.119,4.954,0.735
22111,2,2.349628,0.125,4.909,0.724
22112,2,2.349734,0.119,4.984,0.733
22113,2,2.349841,0.116,5.113,0.743
22114,2,2.349947,0.125,4.839,0.72
22115,2,2.350053,0.133,4.63,0.695
22116,2,2.350159,0.137,4.561,0.693
22117,2,2.350266,0.117,5.014,0.739
22118,2,2.350372,0.136,4.584,0.689
22119,2,2.350478,0.135,4.633,0.696
22120,2,2.350584,0.133,4.627,0.704
22121,2,2.350691,0.146,4.346,0.671
22122,2,2.350797,0.131,4.711,0.712
22123,2,2.350903,0.138,4.545,0.69
22124,2,2.351010,0.126,4.831,0.717
22125,2,2.351116,0.15,4.256,0.662
22126,2,2.351222,0.139,4.551,0.689
22127,2,2.351328,0.139,4.454,0.683
22128,2,2.351435,0.132,4.621,0.697
22129,2,2.351541,0.124,4.661,0.722
22130,2,2.351647,0.117,5.004,0.747
22131,2,2.351753,0.134,4.615,0.698
22132,2,2.351860,0.142,4.419,0.681
22133,2,2.351966,0.127,4.835,0.72
22134,2,2.352072,0.122,4.922,0.73
22135,2,2.352179,0.119,4.99,0.731
22136,2,2.352285,0.143,4.422,0.678
22137,2,2.352391,0.144,4.356,0.672
22138,2,2.352497,0.137,4.536,0.69
22139,2,2.352604,0.135,4.604,0.693
22140,2,2.352710,0.133,4.635,0.704
22141,2,2.352816,0.134,4.615,0.694
22142,2,2.352922,0.116,5.045,0.742
22143,2,2.353029,0.133,4.646,0.699
22144,2,2.353135,0.11,5.167,0.755
22145,2,2.353241,0.14,4.425,0.681
22146,2,2.353348,0.144,4.379,0.671
22147,2,2.353454,0.142,4.439,0.677
22148,2,2.353560,0.145,4.333,0.671
22149,2,2.353666,0.123,4.882,0.727
22150,2,2.353773,0.142,4.381,0.679
22151,2,2.353879,0.127,4.755,0.721
22152,2,2.353985,0.148,4.3,0.668
22153,2,2.354091,0.115,5.06,0.745
22154,2,2.354198,0.122,4.879,0.724
22155,2,2.354304,0.126,4.81,0.72
22156,2,2.354410,0.114,5.076,0.748
22157,2,2.354516,0.113,5.15,0.75
22158,2,2.354623,0.131,4.698,0.705
22159,2,2.354729,0.119,4.967,0.738
22160,2,2.354835,0.1,5.437,0.781
22161,2,2.354942,0.139,4.507,0.687
22162,2,2.355048,0.14,4.519,0.683
22163,2,2.355154,0.11,5.163,0.757
22164,2,2.355260,0.115,5.086,0.741
22165,2,2.355367,0.117,5.039,0.74
22166,2,2.355473,0.141,4.497,0.685
22167,2,2.355579,0.125,4.785,0.717
22168,2,2.355685,0.124,4.848,0.718
22169,2,2.355792,0.119,4.951,0.735
22170,2,2.355898,0.11,5.194,0.758
22171,2,2.356004,0.138,4.58,0.687
22172,2,2.356111,0.144,4.456,0.672
22173,2,2.356217,0.115,4.996,0.746
22174,2,2.356323,0.133,4.629,0.697
22175,2,2.356429,0.144,4.386,0.673
22176,2,2.356536,0.142,4.445,0.675
22177,2,2.356642,0.132,4.67,0.701
22178,2,2.356748,0.107,5.237,0.764
22179,2,2.356854,0.147,4.276,0.671
22180,2,2.356961,0.115,5.054,0.742
22181,2,2.357067,0.122,4.881,0.728
22182,2,2.357173,0.126,4.813,0.722
22183,2,2.357279,0.139,4.485,0.684
22184,2,2.357386,0.127,4.792,0.715
22185,2,2.357492,0.116,5.008,0.737
22186,2,2.357598,0.139,4.578,0.69
22187,2,2.357705,0.125,4.803,0.721
22188,2,2.357811,0.13,4.763,0.709
22189,2,2.357917,0.141,4.458,0.68
22190,2,2.358023,0.137,4.568,0.694
22191,2,2.358130,0.113,5.128,0.751
22192,2,2.358236,0.138,4.565,0.687
22193,2,2.358342,0.12,4.899,0.73
22194,2,2.358448,0.129,4.793,0.715
22195,2,2.358555,0.145,4.37,0.671
22196,2,2.358661,0.129,4.699,0.719
22197,2,2.358767,0.119,4.968,0.736
22198,2,2.358874,0.121,4.927,0.725
22199,2,2.358980,0.124,4.87,0.722
22200,2,2.359086,0.119,5.023,0.734
22201,2,2.359192,0.135,4.618,0.697
22202,2,2.359299,0.13,4.683,0.706
22203,2,2.359405,0.142,4.419,0.677
22204,2,2.359511,0.148,4.301,0.662
22205,2,2.359617,0.13,4.753,0.712
22206,2,2.359724,0.131,4.708,0.702
22207,2,2.359830,0.118,5.01,0.735
22208,2,2.359936,0.118,4.988,0.743
22209,2,2.360043,0.119,5.009,0.731
22210,2,2.360149,0.139,4.505,0.685
22211,2,2.360255,0.124,4.801,0.724
22212,2,2.360361,0.121,4.879,0.731
22213,2,2.360468,0.106,5.298,0.769
22214,2,2.360574,0.136,4.56,0.694
22215,2,2.360680,0.147,4.345,0.663
22216,2,2.360786,0.131,4.703,0.701
22217,2,2.360893,0.125,4.78,0.721
22218,2,2.360999,0.134,4.665,0.705
22219,2,2.361105,0.128,4.763,0.71
22220,2,2.361211,0.117,4.998,0.745
22221,2,2.361318,0.138,4.475,0.686
22222,2,2.361424,0.127,4.8,0.718
22223,2,2.361530,0.117,4.96,0.744
22224,2,2.361637,0.141,4.478,0.682
22225,2,2.361743,0.144,4.331,0.675
22226,2,2.361849,0.143,4.372,0.668
22227,2,2.361955,0.126,4.79,0.717
22228,2,2.362062,0.125,4.789,0.72
22229,2,2.362168,0.119,4.982,0.736
22230,2,2.362274,0.141,4.489,0.686
22231,2,2.362380,0.127,4.755,0.711
22232,2,2.362487,0.113,5.166,0.749
22233,2,2.362593,0.149,4.349,0.666
22234,2,2.362699,0.133,4.617,0.706
22235,2,2.362806,0.131,4.627,0.711
22236,2,2.362912,0.095,5.521,0.791
22237,2,2.363018,0.131,4.685,0.705
22238,2,2.363124,0.131,4.704,0.71
22239,2,2.363231,0.137,4.521,0.692
22240,2,2.363337,0.128,4.728,0.713
22241,2,2.363443,0.135,4.536,0.697
22242,2,2.363549,0.116,5.036,0.74
22243,2,2.363656,0.125,4.874,0.719
22244,2,2.363762,0.124,4.882,0.723
22245,2,2.363868,0.152,4.226,0.657
22246,2,2.363974,0.127,4.804,0.719
22247,2,2.364081,0.106,5.25,0.767
22248,2,2.364187,0.131,4.655,0.703
22249,2,2.364293,0.117,4.95,0.733
22250,2,2.364400,0.121,4.895,0.727
22251,2,2.364506,0.12,4.891,0.734
22252,2,2.364612,0.138,4.529,0.691
22253,2,2.364718,0.117,5.007,0.74
22254,2,2.364825,0.132,4.659,0.702
22255,2,2.364931,0.132,4.662,0.701
22256,2,2.365037,0.122,4.947,0.727
22257,2,2.365143,0.125,4.883,0.72
22258,2,2.365250,0.153,4.145,0.652
22259,2,2.365356,0.137,4.564,0.696
22260,2,2.365462,0.126,4.797,0.717
22261,2,2.365569,0.14,4.447,0.68
22262,2,2.365675,0.122,4.877,0.72
22263,2,2.365781,0.119,4.989,0.727
22264,2,2.365887,0.147,4.253,0.664
22265,2,2.365994,0.145,4.362,0.675
22266,2,2.366100,0.137,4.536,0.686
22267,2,2.366206,0.122,4.894,0.73
22268,2,2.366312,0.123,4.8,0.726
22269,2,2.366419,0.141,4.445,0.678
22270,2,2.366525,0.114,5.1,0.748
22271,2,2.366631,0.153,4.211,0.652
22272,2,2.366738,0.148,4.302,0.664
22273,2,2.366844,0.129,4.764,0.712
22274,2,2.366950,0.119,5.011,0.734
22275,2,2.367056,0.147,4.259,0.665
22276,2,2.367163,0.125,4.837,0.719
22277,2,2.367269,0.119,4.992,0.735
22278,2,2.367375,0.132,4.896,0.725
22279,2,2.367481,0.131,4.757,0.709
22280,2,2.367588,0.124,4.825,0.719
22281,2,2.367694,0.129,4.739,0.711
22282,2,2.367800,0.131,4.65,0.703
22283,2,2.367906,0.126,4.771,0.719
22284,2,2.368013,0.127,4.831,0.715
22285,2,2.368119,0.153,4.225,0.651
22286,2,2.368225,0.129,4.739,0.715
22287,2,2.368332,0.141,4.473,0.678
22288,2,2.368438,0.13,4.676,0.705
22289,2,2.368544,0.138,4.544,0.687
22290,2,2.368650,0.13,4.737,0.71
22291,2,2.368757,0.149,4.238,0.662
22292,2,2.368863,0.143,4.381,0.674
22293,2,2.368969,0.119,4.97,0.737
22294,2,2.369075,0.137,4.523,0.692
22295,2,2.369182,0.127,4.804,0.713
22296,2,2.369288,0.116,5.078,0.743
22297,2,2.369394,0.116,5.038,0.741
22298,2,2.369501,0.143,4.409,0.677
22299,2,2.369607,0.138,4.514,0.686
22300,2,2.369713,0.11,5.215,0.755
22301,2,2.369819,0.112,5.158,0.754
22302,2,2.369926,0.139,4.501,0.688
22303,2,2.370032,0.125,4.78,0.716
22304,2,2.370138,0.139,4.488,0.682
22305,2,2.370244,0.129,4.749,0.715
22306,2,2.370351,0.14,4.47,0.684
22307,2,2.370457,0.131,4.739,0.703
22308,2,2.370563,0.141,4.492,0.683
22309,2,2.370670,0.118,4.987,0.737
22310,2,2.370776,0.125,4.854,0.715
22311,2,2.370882,0.114,5.037,0.751
22312,2,2.370988,0.128,4.729,0.711
22313,2,2.371095,0.139,4.516,0.691
22314,2,2.371201,0.147,4.327,0.665
22315,2,2.371307,0.12,4.963,0.732
22316,2,2.371413,0.138,4.588,0.689
22317,2,2.371520,0.145,4.303,0.667
22318,2,2.371626,0.151,4.325,0.652
22319,2,2.371732,0.128,4.773,0.715
22320,2,2.371838,0.123,4.864,0.726
22321,2,2.371945,0.135,4.565,0.691
22322,2,2.372051,0.134,4.593,0.702
22323,2,2.372157,0.124,4.885,0.723
22324,2,2.372264,0.129,4.828,0.716
22325,2,2.372370,0.13,4.751,0.712
22326,2,2.372476,0.125,4.811,0.721
22327,2,2.372582,0.128,4.759,0.715
22328,2,2.372689,0.151,4.237,0.66
22329,2,2.372795,0.123,4.878,0.724
22330,2,2.372901,0.121,4.884,0.732
22331,2,2.373007,0.108,5.248,0.761
22332,2,2.373114,0.118,4.988,0.736
22333,2,2.373220,0.131,4.743,0.71
22334,2,2.373326,0.135,4.642,0.697
22335,2,2.373433,0.134,4.609,0.695
22336,2,2.373539,0.184,4.968,0.715
22337,2,2.373645,0.137,4.586,0.69
22338,2,2.373751,0.136,4.545,0.697
22339,2,2.373858,0.119,4.945,0.731
22340,2,2.373964,0.133,4.665,0.702
22341,2,2.374070,0.112,5.117,0.755
22342,2,2.374176,0.146,4.351,0.668
22343,2,2.374283,0.132,4.666,0.7
22344,2,2.374389,0.136,4.526,0.696
22345,2,2.374495,0.131,4.698,0.71
22346,2,2.374601,0.121,4.922,0.728
22347,2,2.374708,0.127,4.777,0.718
22348,2,2.374814,0.137,4.507,0.692
22349,2,2.374920,0.102,5.346,0.775
22350,2,2.375027,0.128,4.774,0.706
22351,2,2.375133,0.109,5.175,0.759
22352,2,2.375239,0.136,4.57,0.691
22353,2,2.375345,0.116,5.097,0.745
22354,2,2.375452,0.133,4.637,0.701
22355,2,2.375558,0.131,4.684,0.709
22356,2,2.375664,0.143,4.459,0.675
22357,2,2.375770,0.122,4.839,0.725
22358,2,2.375877,0.124,4.788,0.724
22359,2,2.375983,0.122,4.906,0.73
22360,2,2.376089,0.119,4.983,0.734
22361,2,2.376196,0.131,4.707,0.704
22362,2,2.376302,0.146,4.33,0.668
22363,2,2.376408,0.138,4.513,0.688
22364,2,2.376514,0.142,4.497,0.682
22365,2,2.376621,0.138,4.497,0.69
22366,2,2.376727,0.13,4.722,0.707
22367,2,2.376833,0.134,4.603,0.697
22368,2,2.376939,0.131,4.669,0.702
22369,2,2.377046,0.137,4.516,0.688
22370,2,2.377152,0.108,5.232,0.766
22371,2,2.377258,0.126,4.904,0.739
22372,2,2.377365,0.134,4.639,0.698
22373,2,2.377471,0.132,4.687,0.706
22374,2,2.377577,0.116,5.064,0.745
22375,2,2.377683,0.105,5.282,0.772
22376,2,2.377790,0.143,4.427,0.677
22377,2,2.377896,0.134,4.586,0.692
22378,2,2.378002,0.118,5.013,0.739
22379,2,2.378108,0.131,4.699,0.702
22380,2,2.378215,0.119,4.953,0.735
22381,2,2.378321,0.134,4.636,0.696
22382,2,2.378427,0.149,4.271,0.657
22383,2,2.378533,0.124,4.844,0.722
22384,2,2.378640,0.143,4.42,0.673
22385,2,2.378746,0.135,4.598,0.697
22386,2,2.378852,0.124,4.86,0.727
22387,2,2.378959,0.116,5.05,0.744
22388,2,2.379065,0.111,5.138,0.757
22389,2,2.379171,0.129,4.708,0.709
22390,2,2.379277,0.124,4.817,0.725
22391,2,2.379384,0.106,5.287,0.768
22392,2,2.379490,0.141,4.496,0.685
22393,2,2.379596,0.136,4.564,0.694
22394,2,2.379702,0.122,4.847,0.729
22395,2,2.379809,0.137,4.511,0.691
22396,2,2.379915,0.12,4.916,0.728
22397,2,2.380021,0.142,4.457,0.682
22398,2,2.380128,0.124,4.835,0.717
22399,2,2.380234,0.131,4.722,0.709
22400,2,2.380340,0.108,5.268,0.764
22401,2,2.380446,0.122,4.879,0.726
22402,2,2.380553,0.127,4.751,0.717
22403,2,2.380659,0.099,5.435,0.78
22404,2,2.380765,0.127,4.853,0.717
22405,2,2.380871,0.131,4.642,0.703
22406,2,2.380978,0.119,4.913,0.736
22407,2,2.381084,0.124,4.835,0.723
22408,2,2.381190,0.129,4.698,0.712
22409,2,2.381296,0.115,5.071,0.747
22410,2,2.381403,0.122,4.952,0.726
22411,2,2.381509,0.106,5.304,0.763
22412,2,2.381615,0.13,4.716,0.71
22413,2,2.381722,0.106,5.275,0.765
22414,2,2.381828,0.135,4.592,0.7
22415,2,2.381934,0.128,4.776,0.714
22416,2,2.382040,0.119,4.982,0.734
22417,2,2.382147,0.118,5.039,0.739
22418,2,2.382253,0.121,4.926,0.726
22419,2,2.382359,0.119,4.983,0.737
22420,2,2.382465,0.149,4.24,0.658
22421,2,2.382572,0.14,4.471,0.688
22422,2,2.382678,0.141,4.479,0.686
22423,2,2.382784,0.121,4.89,0.731
22424,2,2.382891,0.124,4.829,0.718
22425,2,2.382997,0.125,4.906,0.719
22426,2,2.383103,0.12,4.923,0.731
22427,2,2.383209,0.125,4.785,0.72
22428,2,2.383316,0.126,4.815,0.719
22429,2,2.383422,0.131,4.691,0.707
22430,2,2.383528,0.112,5.129,0.75
22431,2,2.383634,0.145,4.371,0.667
22432,2,2.383741,0.137,4.55,0.694
22433,2,2.383847,0.122,4.899,0.728
22434,2,2.383953,0.126,4.808,0.722
22435,2,2.384060,0.147,4.274,0.669
22436,2,2.384166,0.142,4.441,0.685
22437,2,2.384272,0.15,4.259,0.655
22438,2,2.384378,0.121,4.899,0.73
22439,2,2.384485,0.143,4.423,0.678
22440,2,2.384591,0.132,4.662,0.705
22441,2,2.384697,0.114,5.087,0.746
22442,2,2.384803,0.112,5.119,0.751
22443,2,2.384910,0.132,4.69,0.701
22444,2,2.385016,0.121,4.927,0.733
22445,2,2.385122,0.14,4.476,0.684
22446,2,2.385228,0.137,4.566,0.686
22447,2,2.385335,0.107,5.287,0.763
22448,2,2.385441,0.132,4.67,0.699
22449,2,2.385547,0.13,4.735,0.708
22450,2,2.385654,0.127,4.748,0.718
22451,2,2.385760,0.12,4.955,0.734
22452,2,2.385866,0.132,4.678,0.701
22453,2,2.385972,0.132,4.7,0.702
22454,2,2.386079,0.117,5.019,0.738
22455,2,2.386185,0.134,4.622,0.704
22456,2,2.386291,0.139,4.523,0.688
22457,2,2.386397,0.117,5.044,0.739
22458,2,2.386504,0.132,4.661,0.705
22459,2,2.386610,0.145,4.357,0.672
22460,2,2.386716,0.138,4.521,0.692
22461,2,2.386823,0.116,5.121,0.743
22462,2,2.386929,0.153,4.141,0.651
22463,2,2.387035,0.147,4.384,0.679
22464,2,2.387141,0.117,4.976,0.743
22465,2,2.387248,0.126,4.809,0.721
22466,2,2.387354,0.136,4.566,0.69
22467,2,2.387460,0.114,5.125,0.746
22468,2,2.387566,0.136,4.573,0.694
22469,2,2.387673,0.114,5.064,0.741
22470,2,2.387779,0.137,4.54,0.693
22471,2,2.387885,0.132,4.608,0.701
22472,2,2.387991,0.131,4.694,0.713
22473,2,2.388098,0.119,4.971,0.736
22474,2,2.388204,0.136,4.559,0.696
22475,2,2.388310,0.125,4.839,0.728
22476,2,2.388417,0.122,4.863,0.724
22477,2,2.388523,0.132,4.64,0.703
22478,2,2.388629,0.124,4.818,0.725
22479,2,2.388735,0.11,5.186,0.756
22480,2,2.388842,0.124,4.848,0.721
22481,2,2.388948,0.115,5.061,0.747
22482,2,2.389054,0.144,4.408,0.677
22483,2,2.389160,0.15,4.286,0.659
22484,2,2.389267,0.125,4.849,0.722
22485,2,2.389373,0.124,4.863,0.724
22486,2,2.389479,0.135,4.631,0.697
22487,2,2.389586,0.1,5.467,0.782
22488,2,2.389692,0.139,4.498,0.685
22489,2,2.389798,0.12,4.934,0.733
22490,2,2.389904,0.12,4.908,0.728
22491,2,2.390011,0.121,4.956,0.724
22492,2,2.390117,0.116,5.056,0.741
22493,2,2.390223,0.124,4.857,0.721
22494,2,2.390329,0.135,4.592,0.697
22495,2,2.390436,0.147,4.405,0.667
22496,2,2.390542,0.132,4.673,0.697
22497,2,2.390648,0.118,5.038,0.742
22498,2,2.390755,0.132,4.602,0.703
22499,2,2.390861,0.138,4.526,0.688
22500,2,2.390967,0.131,4.661,0.705
22501,2,2.391073,0.129,4.772,0.71
22502,2,2.391180,0.133,4.61,0.703
22503,2,2.391286,0.131,4.643,0.698
22504,2,2.391392,0.139,4.525,0.689
22505,2,2.391498,0.131,4.744,0.713
22506,2,2.391605,0.119,4.948,0.733
22507,2,2.391711,0.122,4.933,0.727
22508,2,2.391817,0.129,4.777,0.706
22509,2,2.391923,0.145,4.379,0.67
22510,2,2.392030,0.129,4.722,0.708
22511,2,2.392136,0.109,5.2,0.762
22512,2,2.392242,0.143,4.362,0.672
22513,2,2.392349,0.134,4.577,0.701
22514,2,2.392455,0.104,5.277,0.769
22515,2,2.392561,0.133,4.616,0.698
22516,2,2.392667,0.127,4.768,0.718
22517,2,2.392774,0.119,4.947,0.734
22518,2,2.392880,0.12,4.939,0.726
22519,2,2.392986,0.129,4.768,0.71
22520,2,2.393092,0.131,4.663,0.703
22521,2,2.393199,0.139,4.485,0.703
22522,2,2.393305,0.102,5.363,0.773
22523,2,2.393411,0.13,4.716,0.708
22524,2,2.393518,0.136,4.533,0.696
22525,2,2.393624,0.139,4.496,0.683
22526,2,2.393730,0.117,5.041,0.738
22527,2,2.393836,0.121,4.909,0.731
22528,2,2.393943,0.121,4.902,0.73
22529,2,2.394049,0.131,4.653,0.705
22530,2,2.394155,0.129,4.713,0.715
22531,2,2.394261,0.142,4.419,0.673
22532,2,2.394368,0.131,4.689,0.702
22533,2,2.394474,0.131,4.603,0.712
22534,2,2.394580,0.134,4.627,0.699
22535,2,2.394687,0.134,4.574,0.704
22536,2,2.394793,0.112,5.174,0.751
22537,2,2.394899,0.12,4.86,0.731
22538,2,2.395005,0.117,5.071,0.743
22539,2,2.395112,0.149,4.205,0.662
22540,2,2.395218,0.112,5.168,0.756
22541,2,2.395324,0.142,4.453,0.682
22542,2,2.395430,0.122,4.86,0.724
22543,2,2.395537,0.143,4.387,0.672
22544,2,2.395643,0.112,5.164,0.75
22545,2,2.395749,0.131,4.709,0.708
22546,2,2.395855,0.137,4.544,0.696
22547,2,2.395962,0.126,4.793,0.712
22548,2,2.396068,0.127,4.762,0.712
22549,2,2.396174,0.114,5.051,0.748
22550,2,2.396281,0.141,4.451,0.679
22551,2,2.396387,0.134,4.603,0.703
22552,2,2.396493,0.16,4.04,0.635
22553,2,2.396599,0.142,4.448,0.684
22554,2,2.396706,0.119,4.943,0.733
22555,2,2.396812,0.135,4.605,0.699
22556,2,2.396918,0.136,4.524,0.69
22557,2,2.397024,0.106,5.273,0.766
22558,2,2.397131,0.149,4.266,0.661
22559,2,2.397237,0.147,4.331,0.666
22560,2,2.397343,0.136,4.592,0.694
22561,2,2.397450,0.122,4.918,0.728
22562,2,2.397556,0.126,4.859,0.715
22563,2,2.397662,0.121,4.938,0.725
22564,2,2.397768,0.14,4.492,0.681
22565,2,2.397875,0.126,4.812,0.718
22566,2,2.397981,0.136,4.595,0.689
22567,2,2.398087,0.117,5.03,0.74
22568,2,2.398193,0.129,4.699,0.711
22569,2,2.398300,0.126,4.82,0.714
22570,2,2.398406,0.133,4.683,0.701
22571,2,2.398512,0.149,4.345,0.659
22572,2,2.398618,0.13,4.694,0.709
22573,2,2.398725,0.131,4.733,0.71
22574,2,2.398831,0.132,4.614,0.701
22575,2,2.398937,0.131,4.694,0.709
22576,2,2.399044,0.137,4.459,0.691
22577,2,2.399150,0.132,4.68,0.705
22578,2,2.399256,0.117,5.035,0.739
22579,2,2.399362,0.132,4.615,0.702
22580,2,2.399469,0.136,4.552,0.687
22581,2,2.399575,0.15,4.216,0.652
22582,2,2.399681,0.111,5.106,0.755
22583,2,2.399787,0.143,4.401,0.675
22584,2,2.399894,0.107,5.245,0.767
22585,2,2.400000,0.114,5.068,0.75
22586,2,2.400106,0.13,4.661,0.709
22587,2,2.400213,0.159,4.058,0.636
22588,2,2.400319,0.125,4.779,0.718
22589,2,2.400425,0.108,5.178,0.758
22590,2,2.400531,0.133,4.654,0.7
22591,2,2.400638,0.117,5.064,0.744
22592,2,2.400744,0.131,4.765,0.702
22593,2,2.400850,0.131,4.697,0.702
22594,2,2.400956,0.133,4.635,0.7
22595,2,2.401063,0.133,4.719,0.703
22596,2,2.401169,0.146,4.363,0.664
22597,2,2.401275,0.125,4.879,0.72
22598,2,2.401382,0.135,4.541,0.692
22599,2,2.401488,0.15,4.275,0.654
22600,2,2.401594,0.136,4.581,0.696
22601,2,2.401700,0.128,4.762,0.71
22602,2,2.401807,0.129,4.7,0.708
22603,2,2.401913,0.126,4.823,0.715
22604,2,2.402019,0.118,5.036,0.737
22605,2,2.402125,0.123,4.886,0.727
22606,2,2.402232,0.12,4.954,0.726
22607,2,2.402338,0.134,4.611,0.698
22608,2,2.402444,0.147,4.387,0.67
22609,2,2.402550,0.138,4.505,0.686
22610,2,2.402657,0.119,4.99,0.738
22611,2,2.402763,0.137,4.586,0.695
22612,2,2.402869,0.108,5.205,0.752
22613,2,2.402976,0.129,4.711,0.708
22614,2,2.403082,0.139,4.491,0.687
22615,2,2.403188,0.147,4.321,0.666
22616,2,2.403294,0.142,4.435,0.681
22617,2,2.403401,0.123,4.857,0.723
22618,2,2.403507,0.111,5.116,0.752
22619,2,2.403613,0.139,4.492,0.69
22620,2,2.403719,0.121,4.935,0.729
22621,2,2.403826,0.12,4.93,0.732
22622,2,2.403932,0.131,4.655,0.706
22623,2,2.404038,0.137,4.551,0.689
22624,2,2.404145,0.132,4.616,0.706
22625,2,2.404251,0.125,4.844,0.721
22626,2,2.404357,0.138,4.58,0.69
22627,2,2.404463,0.132,4.706,0.704
22628,2,2.404570,0.124,4.844,0.722
22629,2,2.404676,0.105,5.281,0.769
22630,2,2.404782,0.135,4.59,0.701
22631,2,2.404888,0.139,4.499,0.682
22632,2,2.404995,0.131,4.701,0.712
22633,2,2.405101,0.125,4.823,0.72
22634,2,2.405207,0.143,4.429,0.675
22635,2,2.405313,0.12,4.926,0.731
22636,2,2.405420,0.136,4.614,0.695
22637,2,2.405526,0.12,4.923,0.734
22638,2,2.405632,0.121,4.932,0.728
22639,2,2.405739,0.123,4.885,0.727
22640,2,2.405845,0.142,4.462,0.676
22641,2,2.405951,0.131,4.67,0.707
22642,2,2.406057,0.138,4.534,0.688
22643,2,2.406164,0.134,4.623,0.698
22644,2,2.406270,0.148,4.794,0.701
22645,2,2.406376,0.119,4.939,0.735
22646,2,2.406482,0.137,4.572,0.691
22647,2,2.406589,0.151,4.198,0.661
22648,2,2.406695,0.147,4.313,0.665
22649,2,2.406801,0.119,4.984,0.731
22650,2,2.406908,0.128,4.746,0.713
22651,2,2.407014,0.111,5.23,0.748
22652,2,2.407120,0.131,4.702,0.705
22653,2,2.407226,0.136,4.577,0.687
22654,2,2.407333,0.123,4.889,0.723
22655,2,2.407439,0.127,4.824,0.716
22656,2,2.407545,0.129,4.723,0.71
22657,2,2.407651,0.134,4.632,0.701
22658,2,2.407758,0.146,4.398,0.672
22659,2,2.407864,0.113,5.059,0.75
22660,2,2.407970,0.137,4.556,0.691
22661,2,2.408077,0.14,4.447,0.687
22662,2,2.408183,0.111,5.178,0.758
22663,2,2.408289,0.13,4.769,0.712
22664,2,2.408395,0.128,4.733,0.709
22665,2,2.408502,0.124,4.842,0.719
22666,2,2.408608,0.152,4.25,0.659
22667,2,2.408714,0.118,5.011,0.733
22668,2,2.408820,0.135,4.595,0.696
22669,2,2.408927,0.129,4.749,0.713
22670,2,2.409033,0.123,4.865,0.726
22671,2,2.409139,0.122,4.915,0.725
22672,2,2.409245,0.126,4.856,0.718
22673,2,2.409352,0.123,4.816,0.722
22674,2,2.409458,0.138,4.531,0.688
22675,2,2.409564,0.131,4.675,0.706
22676,2,2.409671,0.131,4.605,0.706
22677,2,2.409777,0.149,4.304,0.664
22678,2,2.409883,0.143,4.375,0.678
22679,2,2.409989,0.109,5.192,0.759
22680,2,2.410096,0.122,4.882,0.726
22681,2,2.410202,0.123,4.89,0.726
22682,2,2.410308,0.137,4.519,0.694
22683,2,2.410414,0.11,5.203,0.754
22684,2,2.410521,0.119,4.947,0.732
22685,2,2.410627,0.122,4.934,0.729
22686,2,2.410733,0.139,4.448,0.683
22687,2,2.410840,0.109,5.169,0.76
22688,2,2.410946,0.109,5.17,0.755
22689,2,2.411052,0.118,4.996,0.74
22690,2,2.411158,0.117,5.055,0.738
22691,2,2.411265,0.124,4.815,0.726
22692,2,2.411371,0.12,5.006,0.731
22693,2,2.411477,0.13,4.737,0.708
22694,2,2.411583,0.132,4.674,0.7
22695,2,2.411690,0.145,4.346,0.674
22696,2,2.411796,0.129,4.739,0.712
22697,2,2.411902,0.132,4.58,0.704
22698,2,2.412009,0.129,4.763,0.711
22699,2,2.412115,0.13,4.723,0.713
22700,2,2.412221,0.141,4.396,0.681
22701,2,2.412327,0.121,4.894,0.732
22702,2,2.412434,0.111,5.137,0.75
22703,2,2.412540,0.132,4.645,0.705
22704,2,2.412646,0.124,4.837,0.726
22705,2,2.412752,0.121,4.89,0.731
22706,2,2.412859,0.13,4.706,0.706
22707,2,2.412965,0.12,4.898,0.73
22708,2,2.413071,0.14,4.482,0.681
22709,2,2.413177,0.125,4.855,0.72
22710,2,2.413284,0.131,4.676,0.708
22711,2,2.413390,0.118,4.966,0.738
22712,2,2.413496,0.144,4.399,0.668
22713,2,2.413603,0.145,4.382,0.672
22714,2,2.413709,0.112,5.106,0.751
22715,2,2.413815,0.142,4.436,0.677
22716,2,2.413921,0.133,4.656,0.7
22717,2,2.414028,0.125,4.841,0.719
22718,2,2.414134,0.136,4.521,0.697
22719,2,2.414240,0.127,4.794,0.713
22720,2,2.414346,0.127,4.763,0.71
22721,2,2.414453,0.131,4.643,0.708
22722,2,2.414559,0.138,4.536,0.688
22723,2,2.414665,0.127,4.754,0.714
22724,2,2.414772,0.144,4.375,0.676
22725,2,2.414878,0.111,5.18,0.76
22726,2,2.414984,0.127,4.806,0.715
22727,2,2.415090,0.149,4.349,0.664
22728,2,2.415197,0.123,4.855,0.726
22729,2,2.415303,0.143,4.407,0.673
22730,2,2.415409,0.125,4.8,0.719
22731,2,2.415515,0.139,4.444,0.688
22732,2,2.415622,0.13,4.733,0.705
22733,2,2.415728,0.154,4.197,0.652
22734,2,2.415834,0.117,5.036,0.74
22735,2,2.415940,0.127,4.804,0.713
22736,2,2.416047,0.142,4.454,0.684
22737,2,2.416153,0.136,4.548,0.697
22738,2,2.416259,0.134,4.581,0.694
22739,2,2.416366,0.133,4.661,0.702
22740,2,2.416472,0.127,4.774,0.713
22741,2,2.416578,0.115,5.04,0.741
22742,2,2.416684,0.142,4.429,0.676
22743,2,2.416791,0.133,4.655,0.699
22744,2,2.416897,0.127,4.809,0.721
22745,2,2.417003,0.127,4.78,0.715
22746,2,2.417109,0.122,4.849,0.726
22747,2,2.417216,0.146,4.292,0.663
22748,2,2.417322,0.12,4.901,0.731
22749,2,2.417428,0.121,4.88,0.731
22750,2,2.417535,0.125,4.851,0.72
22751,2,2.417641,0.14,4.503,0.684
22752,2,2.417747,0.131,4.677,0.709
22753,2,2.417853,0.139,4.47,0.681
22754,2,2.417960,0.152,4.274,0.656
22755,2,2.418066,0.142,4.408,0.679
22756,2,2.418172,0.128,4.763,0.707
22757,2,2.418278,0.124,4.819,0.72
22758,2,2.418385,0.134,4.64,0.693
22759,2,2.418491,0.107,5.224,0.765
22760,2,2.418597,0.128,4.763,0.709
22761,2,2.418704,0.124,4.88,0.725
22762,2,2.418810,0.119,5.008,0.737
22763,2,2.418916,0.131,4.664,0.705
22764,2,2.419022,0.121,4.889,0.727
22765,2,2.419129,0.128,4.767,0.713
22766,2,2.419235,0.138,4.514,0.69
22767,2,2.419341,0.108,5.238,0.77
22768,2,2.419447,0.122,4.927,0.733
22769,2,2.419554,0.145,4.405,0.667
22770,2,2.419660,0.147,4.336,0.667
22771,2,2.419766,0.124,4.885,0.719
22772,2,2.419872,0.107,5.236,0.763
22773,2,2.419979,0.11,5.245,0.759
22774,2,2.420085,0.119,4.97,0.737
22775,2,2.420191,0.134,4.565,0.698
22776,2,2.420298,0.119,4.993,0.735
22777,2,2.420404,0.114,5.06,0.752
22778,2,2.420510,0.139,4.504,0.687
22779,2,2.420616,0.126,4.81,0.718
22780,2,2.420723,0.135,4.628,0.691
22781,2,2.420829,0.142,4.419,0.677
22782,2,2.420935,0.132,4.666,0.701
22783,2,2.421041,0.117,5.002,0.74
22784,2,2.421148,0.14,4.486,0.688
22785,2,2.421254,0.115,5.056,0.742
22786,2,2.421360,0.118,4.987,0.738
22787,2,2.421467,0.121,4.896,0.728
22788,2,2.421573,0.136,4.506,0.692
22789,2,2.421679,0.115,5.042,0.741
22790,2,2.421785,0.131,4.704,0.714
22791,2,2.421892,0.131,4.714,0.706
22792,2,2.421998,0.108,5.206,0.76
22793,2,2.422104,0.131,4.74,0.714
22794,2,2.422210,0.142,4.495,0.681
22795,2,2.422317,0.129,4.721,0.709
22796,2,2.422423,0.122,4.864,0.726
22797,2,2.422529,0.12,4.902,0.737
22798,2,2.422635,0.138,4.517,0.689
22799,2,2.422742,0.122,4.925,0.724
22800,2,2.422848,0.131,4.763,0.707
22801,2,2.422954,0.107,5.224,0.762
22802,2,2.423061,0.124,4.89,0.721
22803,2,2.423167,0.129,4.697,0.712
22804,2,2.423273,0.114,5.101,0.749
22805,2,2.423379,0.118,4.974,0.738
22806,2,2.423486,0.134,4.646,0.705
22807,2,2.423592,0.109,5.214,0.759
22808,2,2.423698,0.137,4.581,0.691
22809,2,2.423804,0.125,4.854,0.718
22810,2,2.423911,0.127,4.796,0.711
22811,2,2.424017,0.127,4.799,0.717
22812,2,2.424123,0.145,4.337,0.663
22813,2,2.424230,0.13,4.74,0.709
22814,2,2.424336,0.131,4.755,0.704
22815,2,2.424442,0.127,4.748,0.717
22816,2,2.424548,0.144,4.476,0.668
22817,2,2.424655,0.133,4.672,0.699
22818,2,2.424761,0.128,4.771,0.713
22819,2,2.424867,0.128,4.731,0.713
22820,2,2.424973,0.144,4.355,0.673
22821,2,2.425080,0.119,4.888,0.733
22822,2,2.425186,0.114,5.05,0.745
22823,2,2.425292,0.131,4.729,0.709
22824,2,2.425399,0.151,4.193,0.652
22825,2,2.425505,0.131,4.598,0.707
22826,2,2.425611,0.114,5.013,0.746
22827,2,2.425717,0.16,4.097,0.637
22828,2,2.425824,0.124,4.834,0.724
22829,2,2.425930,0.109,5.218,0.761
22830,2,2.426036,0.115,5.066,0.745
22831,2,2.426142,0.111,5.162,0.752
22832,2,2.426249,0.136,4.538,0.695
22833,2,2.426355,0.119,4.919,0.729
22834,2,2.426461,0.154,4.167,0.648
22835,2,2.426567,0.129,4.742,0.708
22836,2,2.426674,0.11,5.212,0.755
22837,2,2.426780,0.117,5.061,0.738
22838,2,2.426886,0.13,4.726,0.71
22839,2,2.426993,0.124,4.842,0.717
22840,2,2.427099,0.115,5.057,0.749
22841,2,2.427205,0.148,4.309,0.662
22842,2,2.427311,0.113,5.104,0.751
22843,2,2.427418,0.128,4.742,0.715
22844,2,2.427524,0.119,4.975,0.738
22845,2,2.427630,0.138,4.554,0.689
22846,2,2.427736,0.142,4.417,0.675
22847,2,2.427843,0.125,4.794,0.72
22848,2,2.427949,0.124,4.863,0.72
22849,2,2.428055,0.102,5.393,0.775
22850,2,2.428162,0.129,4.761,0.711
22851,2,2.428268,0.131,4.707,0.706
22852,2,2.428374,0.136,4.576,0.696
22853,2,2.428480,0.149,4.253,0.663
22854,2,2.428587,0.154,4.155,0.647
22855,2,2.428693,0.138,4.56,0.686
22856,2,2.428799,0.129,4.704,0.71
22857,2,2.428905,0.159,4.034,0.64
22858,2,2.429012,0.129,4.723,0.711
22859,2,2.429118,0.101,5.415,0.782
22860,2,2.429224,0.136,4.591,0.694
22861,2,2.429330,0.143,4.4,0.676
22862,2,2.429437,0.128,4.754,0.717
22863,2,2.429543,0.125,4.831,0.718
22864,2,2.429649,0.121,4.913,0.731
22865,2,2.429756,0.105,5.279,0.766
22866,2,2.429862,0.135,4.581,0.693
22867,2,2.429968,0.124,4.873,0.721
22868,2,2.430074,0.126,4.814,0.72
22869,2,2.430181,0.131,4.678,0.707
22870,2,2.430287,0.125,4.826,0.725
22871,2,2.430393,0.135,4.613,0.694
22872,2,2.430499,0.129,4.751,0.708
22873,2,2.430606,0.126,4.769,0.718
22874,2,2.430712,0.169,3.829,0.607
22875,2,2.430818,0.117,5.01,0.737
22876,2,2.430925,0.143,4.474,0.677
22877,2,2.431031,0.137,4.582,0.692
22878,2,2.431137,0.128,4.736,0.711
22879,2,2.431243,0.138,4.527,0.689
22880,2,2.431350,0.142,4.386,0.682
22881,2,2.431456,0.115,4.99,0.745
22882,2,2.431562,0.123,4.876,0.718
22883,2,2.431668,0.139,4.492,0.683
22884,2,2.431775,0.107,5.254,0.763
22885,2,2.431881,0.113,5.099,0.752
22886,2,2.431987,0.134,4.607,0.696
22887,2,2.432094,0.131,4.696,0.703
22888,2,2.432200,0.121,4.887,0.727
22889,2,2.432306,0.131,4.68,0.707
22890,2,2.432412,0.128,4.726,0.716
22891,2,2.432519,0.126,4.827,0.719
22892,2,2.432625,0.135,4.592,0.691
22893,2,2.432731,0.14,4.522,0.682
22894,2,2.432837,0.13,4.708,0.703
22895,2,2.432944,0.133,4.636,0.7
22896,2,2.433050,0.113,5.095,0.745
22897,2,2.433156,0.121,4.873,0.727
22898,2,2.433262,0.135,4.577,0.699
22899,2,2.433369,0.129,4.688,0.708
22900,2,2.433475,0.142,4.462,0.679
22901,2,2.433581,0.125,4.854,0.72
22902,2,2.433688,0.15,4.236,0.659
22903,2,2.433794,0.134,4.63,0.7
22904,2,2.433900,0.135,4.573,0.69
22905,2,2.434006,0.131,4.738,0.707
22906,2,2.434113,0.136,4.6,0.691
22907,2,2.434219,0.129,4.781,0.709
22908,2,2.434325,0.131,4.678,0.705
22909,2,2.434431,0.151,4.219,0.661
22910,2,2.434538,0.127,4.72,0.712
22911,2,2.434644,0.125,4.866,0.722
22912,2,2.434750,0.153,4.143,0.651
22913,2,2.434857,0.117,5.009,0.742
22914,2,2.434963,0.129,4.778,0.709
22915,2,2.435069,0.123,4.885,0.72
22916,2,2.435175,0.113,5.126,0.753
22917,2,2.435282,0.127,4.744,0.71
22918,2,2.435388,0.138,4.52,0.685
22919,2,2.435494,0.106,5.293,0.772
22920,2,2.435600,0.142,4.423,0.676
22921,2,2.435707,0.129,4.727,0.719
22922,2,2.435813,0.142,4.398,0.68
22923,2,2.435919,0.133,4.635,0.698
22924,2,2.436026,0.139,4.494,0.689
22925,2,2.436132,0.138,4.51,0.692
22926,2,2.436238,0.105,5.283,0.771
22927,2,2.436344,0.132,4.681,0.702
22928,2,2.436451,0.114,5.094,0.747
22929,2,2.436557,0.138,4.572,0.69
22930,2,2.436663,0.114,5.045,0.746
22931,2,2.436769,0.125,4.783,0.721
22932,2,2.436876,0.126,4.84,0.722
22933,2,2.436982,0.134,4.57,0.699
22934,2,2.437088,0.129,4.755,0.707
22935,2,2.437194,0.148,4.272,0.662
22936,2,2.437301,0.143,4.435,0.677
22937,2,2.437407,0.108,5.268,0.76
22938,2,2.437513,0.115,5.015,0.747
22939,2,2.437620,0.13,4.789,0.704
22940,2,2.437726,0.131,4.712,0.701
22941,2,2.437832,0.131,4.633,0.703
22942,2,2.437938,0.139,4.509,0.688
22943,2,2.438045,0.143,4.327,0.676
22944,2,2.438151,0.134,4.578,0.699
22945,2,2.438257,0.149,4.278,0.658
22946,2,2.438363,0.124,4.909,0.719
22947,2,2.438470,0.129,4.699,0.711
22948,2,2.438576,0.136,4.559,0.699
22949,2,2.438682,0.16,4.031,0.632
22950,2,2.438789,0.142,4.478,0.681
22951,2,2.438895,0.121,4.922,0.731
22952,2,2.439001,0.145,4.363,0.673
22953,2,2.439107,0.132,4.669,0.7
22954,2,2.439214,0.116,5.032,0.742
22955,2,2.439320,0.137,4.594,0.694
22956,2,2.439426,0.142,4.43,0.679
22957,2,2.439532,0.148,4.322,0.664
22958,2,2.439639,0.12,4.913,0.733
22959,2,2.439745,0.135,4.573,0.698
22960,2,2.439851,0.119,4.951,0.739
22961,2,2.439957,0.141,4.411,0.688
22962,2,2.440064,0.141,4.529,0.682
22963,2,2.440170,0.127,4.762,0.716
22964,2,2.440276,0.124,4.902,0.721
22965,2,2.440383,0.129,4.74,0.709
22966,2,2.440489,0.123,4.873,0.726
22967,2,2.440595,0.112,5.132,0.751
22968,2,2.440701,0.14,4.468,0.687
22969,2,2.440808,0.131,4.733,0.71
22970,2,2.440914,0.107,5.289,0.763
22971,2,2.441020,0.153,4.159,0.658
22972,2,2.441126,0.129,4.696,0.718
22973,2,2.441233,0.142,4.443,0.678
22974,2,2.441339,0.122,4.914,0.732
22975,2,2.441445,0.121,4.961,0.738
22976,2,2.441552,0.108,5.229,0.762
22977,2,2.441658,0.144,4.408,0.678
22978,2,2.441764,0.132,4.683,0.701
22979,2,2.441870,0.104,5.339,0.773
22980,2,2.441977,0.123,4.881,0.721
22981,2,2.442083,0.137,4.52,0.688
22982,2,2.442189,0.13,4.703,0.711
22983,2,2.442295,0.131,4.782,0.705
22984,2,2.442402,0.128,4.744,0.71
22985,2,2.442508,0.152,4.259,0.655
22986,2,2.442614,0.112,5.145,0.753
22987,2,2.442721,0.145,4.297,0.669
22988,2,2.442827,0.147,4.28,0.671
22989,2,2.442933,0.137,4.499,0.695
22990,2,2.443039,0.147,4.27,0.667
22991,2,2.443146,0.128,4.846,0.71
22992,2,2.443252,0.129,4.737,0.716
22993,2,2.443358,0.137,4.524,0.689
22994,2,2.443464,0.127,4.861,0.715
22995,2,2.443571,0.105,5.347,0.766
22996,2,2.443677,0.124,4.854,0.72
22997,2,2.443783,0.127,4.748,0.718
22998,2,2.443889,0.115,5.043,0.741
22999,2,2.443996,0.139,4.5,0.683
23000,2,2.444102,0.118,4.97,0.737
23001,2,2.444208,0.122,4.891,0.722
23002,2,2.444315,0.142,4.46,0.678
23003,2,2.444421,0.132,4.641,0.702
23004,2,2.444527,0.131,4.729,0.708
23005,2,2.444633,0.15,4.247,0.666
23006,2,2.444740,0.139,4.494,0.685
23007,2,2.444846,0.13,4.706,0.707
23008,2,2.444952,0.118,5.02,0.74
23009,2,2.445058,0.12,4.943,0.726
23010,2,2.445165,0.133,4.638,0.7
23011,2,2.445271,0.113,5.101,0.748
23012,2,2.445377,0.113,5.084,0.749
23013,2,2.445484,0.12,4.934,0.734
23014,2,2.445590,0.151,4.3,0.659
23015,2,2.445696,0.119,4.986,0.737
23016,2,2.445802,0.124,4.804,0.718
23017,2,2.445909,0.13,4.684,0.711
23018,2,2.446015,0.123,4.837,0.723
23019,2,2.446121,0.141,4.47,0.68
23020,2,2.446227,0.112,5.135,0.751
23021,2,2.446334,0.114,5.076,0.746
23022,2,2.446440,0.114,5.122,0.747
23023,2,2.446546,0.111,5.123,0.754
23024,2,2.446652,0.128,4.749,0.713
23025,2,2.446759,0.107,5.282,0.765
23026,2,2.446865,0.154,4.159,0.652
23027,2,2.446971,0.129,4.744,0.715
23028,2,2.447078,0.119,4.98,0.733
23029,2,2.447184,0.137,4.516,0.691
23030,2,2.447290,0.129,4.729,0.707
23031,2,2.447396,0.117,5.042,0.742
23032,2,2.447503,0.14,4.539,0.687
23033,2,2.447609,0.119,4.941,0.734
23034,2,2.447715,0.13,4.717,0.71
23035,2,2.447821,0.133,4.687,0.699
23036,2,2.447928,0.12,4.955,0.73
23037,2,2.448034,0.137,4.549,0.692
23038,2,2.448140,0.142,4.446,0.678
23039,2,2.448247,0.121,4.822,0.733
23040,2,2.448353,0.12,4.922,0.734
23041,2,2.448459,0.135,4.596,0.691
23042,2,2.448565,0.142,4.444,0.676
23043,2,2.448672,0.119,4.921,0.733
23044,2,2.448778,0.138,4.51,0.689
23045,2,2.448884,0.131,4.716,0.702
23046,2,2.448990,0.142,4.482,0.68
23047,2,2.449097,0.131,4.65,0.698
23048,2,2.449203,0.14,4.507,0.684
23049,2,2.449309,0.112,5.08,0.753
23050,2,2.449416,0.135,4.61,0.696
23051,2,2.449522,0.157,4.087,0.641
23052,2,2.449628,0.116,5.006,0.742
23053,2,2.449734,0.092,5.606,0.803
23054,2,2.449841,0.119,4.98,0.733
23055,2,2.449947,0.105,5.311,0.768
23056,2,2.450053,0.13,4.702,0.708
23057,2,2.450159,0.142,4.455,0.685
23058,2,2.450266,0.119,4.95,0.737
23059,2,2.450372,0.133,4.688,0.698
23060,2,2.450478,0.122,4.878,0.728
23061,2,2.450584,0.124,4.86,0.719
23062,2,2.450691,0.129,4.689,0.71
23063,2,2.450797,0.123,4.851,0.724
23064,2,2.450903,0.119,4.96,0.742
23065,2,2.451010,0.121,4.91,0.734
23066,2,2.451116,0.11,5.14,0.759
23067,2,2.451222,0.11,5.176,0.757
23068,2,2.451328,0.136,4.656,0.694
23069,2,2.451435,0.114,5.083,0.744
23070,2,2.451541,0.138,4.561,0.689
23071,2,2.451647,0.124,4.716,0.718
23072,2,2.451753,0.105,5.372,0.765
23073,2,2.451860,0.131,4.734,0.704
23074,2,2.451966,0.134,4.711,0.697
23075,2,2.452072,0.133,4.624,0.7
23076,2,2.452179,0.131,4.683,0.707
23077,2,2.452285,0.13,4.733,0.71
23078,2,2.452391,0.11,5.137,0.757
23079,2,2.452497,0.158,4.101,0.642
23080,2,2.452604,0.128,4.787,0.713
23081,2,2.452710,0.13,4.754,0.711
23082,2,2.452816,0.139,4.501,0.682
23083,2,2.452922,0.115,5.094,0.746
23084,2,2.453029,0.123,4.868,0.728
23085,2,2.453135,0.135,4.565,0.695
23086,2,2.453241,0.127,4.797,0.717
23087,2,2.453348,0.137,4.535,0.69
23088,2,2.453454,0.138,4.565,0.691
23089,2,2.453560,0.142,4.425,0.675
23090,2,2.453666,0.141,4.475,0.675
23091,2,2.453773,0.14,4.491,0.688
23092,2,2.453879,0.119,4.986,0.731
23093,2,2.453985,0.11,5.161,0.757
23094,2,2.454091,0.153,4.198,0.651
23095,2,2.454198,0.12,4.933,0.732
23096,2,2.454304,0.091,5.602,0.802
23097,2,2.454410,0.149,4.257,0.655
23098,2,2.454516,0.13,4.702,0.708
23099,2,2.454623,0.103,5.342,0.774
23100,2,2.454729,0.132,4.622,0.699
23101,2,2.454835,0.119,4.884,0.734
23102,2,2.454942,0.142,4.462,0.671
23103,2,2.455048,0.127,4.816,0.715
23104,2,2.455154,0.133,4.627,0.701
23105,2,2.455260,0.148,4.301,0.66
23106,2,2.455367,0.119,4.96,0.734
23107,2,2.455473,0.138,4.498,0.688
23108,2,2.455579,0.143,4.42,0.677
23109,2,2.455685,0.132,4.65,0.7
23110,2,2.455792,0.127,4.768,0.713
23111,2,2.455898,0.142,4.465,0.674
23112,2,2.456004,0.136,4.563,0.69
23113,2,2.456111,0.125,4.84,0.718
23114,2,2.456217,0.117,4.995,0.745
23115,2,2.456323,0.131,4.696,0.708
23116,2,2.456429,0.125,4.823,0.72
23117,2,2.456536,0.136,4.563,0.694
23118,2,2.456642,0.149,4.269,0.663
23119,2,2.456748,0.119,4.927,0.729
23120,2,2.456854,0.105,5.324,0.769
23121,2,2.456961,0.126,4.848,0.718
23122,2,2.457067,0.14,4.518,0.681
23123,2,2.457173,0.114,5.091,0.748
23124,2,2.457279,0.106,5.229,0.769
23125,2,2.457386,0.135,4.665,0.714
23126,2,2.457492,0.116,5.054,0.742
23127,2,2.457598,0.132,4.659,0.706
23128,2,2.457705,0.114,5.042,0.746
23129,2,2.457811,0.119,4.962,0.739
23130,2,2.457917,0.115,5.063,0.748
23131,2,2.458023,0.142,4.431,0.677
23132,2,2.458130,0.126,4.8,0.71
23133,2,2.458236,0.131,4.711,0.703
23134,2,2.458342,0.132,4.668,0.702
23135,2,2.458448,0.113,5.064,0.75
23136,2,2.458555,0.137,4.586,0.692
23137,2,2.458661,0.145,4.323,0.667
23138,2,2.458767,0.129,4.739,0.709
23139,2,2.458874,0.126,4.827,0.726
23140,2,2.458980,0.119,4.97,0.732
23141,2,2.459086,0.135,4.571,0.694
23142,2,2.459192,0.118,4.99,0.735
23143,2,2.459299,0.132,4.599,0.698
23144,2,2.459405,0.14,4.534,0.681
23145,2,2.459511,0.131,4.697,0.707
23146,2,2.459617,0.135,4.602,0.699
23147,2,2.459724,0.123,4.803,0.718
23148,2,2.459830,0.114,5.126,0.747
23149,2,2.459936,0.147,4.299,0.665
23150,2,2.460043,0.131,4.676,0.706
23151,2,2.460149,0.137,4.562,0.693
23152,2,2.460255,0.125,4.853,0.723
23153,2,2.460361,0.147,4.33,0.668
23154,2,2.460468,0.137,4.53,0.692
23155,2,2.460574,0.11,5.136,0.758
23156,2,2.460680,0.129,4.747,0.712
23157,2,2.460786,0.143,4.38,0.678
23158,2,2.460893,0.131,4.705,0.706
23159,2,2.460999,0.131,4.634,0.707
23160,2,2.461105,0.12,4.936,0.736
23161,2,2.461211,0.129,4.757,0.715
23162,2,2.461318,0.133,4.628,0.696
23163,2,2.461424,0.117,5.026,0.741
23164,2,2.461530,0.135,4.61,0.701
23165,2,2.461637,0.134,4.584,0.696
23166,2,2.461743,0.12,4.942,0.726
23167,2,2.461849,0.134,4.608,0.693
23168,2,2.461955,0.12,4.954,0.734
23169,2,2.462062,0.12,4.972,0.731
23170,2,2.462168,0.134,4.592,0.697
23171,2,2.462274,0.114,5.073,0.748
23172,2,2.462380,0.131,4.606,0.701
23173,2,2.462487,0.125,4.854,0.72
23174,2,2.462593,0.137,4.576,0.693
23175,2,2.462699,0.121,4.907,0.725
23176,2,2.462806,0.127,4.796,0.717
23177,2,2.462912,0.112,5.109,0.751
23178,2,2.463018,0.128,4.731,0.714
23179,2,2.463124,0.133,4.594,0.698
23180,2,2.463231,0.134,4.615,0.698
23181,2,2.463337,0.128,4.711,0.713
23182,2,2.463443,0.129,4.722,0.709
23183,2,2.463549,0.129,4.713,0.713
23184,2,2.463656,0.116,5.068,0.744
23185,2,2.463762,0.12,4.942,0.73
23186,2,2.463868,0.125,4.888,0.722
23187,2,2.463974,0.131,4.744,0.708
23188,2,2.464081,0.131,4.768,0.708
23189,2,2.464187,0.132,4.652,0.703
23190,2,2.464293,0.121,4.854,0.732
23191,2,2.464400,0.121,4.887,0.724
23192,2,2.464506,0.148,4.358,0.663
23193,2,2.464612,0.124,4.894,0.72
23194,2,2.464718,0.145,4.372,0.673
23195,2,2.464825,0.14,4.455,0.682
23196,2,2.464931,0.119,4.95,0.738
23197,2,2.465037,0.124,4.833,0.72
23198,2,2.465143,0.119,4.987,0.733
23199,2,2.465250,0.127,4.722,0.722
23200,2,2.465356,0.151,4.206,0.658
23201,2,2.465462,0.117,4.987,0.74
23202,2,2.465569,0.124,4.876,0.722
23203,2,2.465675,0.128,4.806,0.708
23204,2,2.465781,0.124,4.804,0.721
23205,2,2.465887,0.12,4.93,0.731
23206,2,2.465994,0.121,4.899,0.728
23207,2,2.466100,0.117,5.011,0.742
23208,2,2.466206,0.131,4.59,0.705
23209,2,2.466312,0.132,4.633,0.7
23210,2,2.466419,0.133,4.661,0.707
23211,2,2.466525,0.128,4.75,0.715
23212,2,2.466631,0.137,4.626,0.691
23213,2,2.466738,0.11,5.188,0.756
23214,2,2.466844,0.109,5.251,0.756
23215,2,2.466950,0.134,4.594,0.696
23216,2,2.467056,0.138,4.552,0.69
23217,2,2.467163,0.138,4.503,0.692
23218,2,2.467269,0.132,4.68,0.7
23219,2,2.467375,0.136,4.593,0.694
23220,2,2.467481,0.119,4.945,0.735
23221,2,2.467588,0.131,4.677,0.702
23222,2,2.467694,0.133,4.555,0.702
23223,2,2.467800,0.136,4.593,0.694
23224,2,2.467906,0.12,4.955,0.729
23225,2,2.468013,0.13,4.731,0.711
23226,2,2.468119,0.139,4.575,0.683
23227,2,2.468225,0.135,4.558,0.689
23228,2,2.468332,0.134,4.619,0.698
23229,2,2.468438,0.121,4.903,0.729
23230,2,2.468544,0.128,4.769,0.713
23231,2,2.468650,0.136,4.522,0.692
23232,2,2.468757,0.127,4.834,0.716
23233,2,2.468863,0.11,5.171,0.756
23234,2,2.468969,0.129,4.718,0.711
23235,2,2.469075,0.122,4.913,0.725
23236,2,2.469182,0.114,5.081,0.749
23237,2,2.469288,0.127,4.812,0.715
23238,2,2.469394,0.128,4.752,0.715
23239,2,2.469501,0.138,4.465,0.692
23240,2,2.469607,0.117,5.047,0.741
23241,2,2.469713,0.135,4.595,0.696
23242,2,2.469819,0.112,5.173,0.754
23243,2,2.469926,0.113,5.091,0.749
23244,2,2.470032,0.137,4.564,0.693
23245,2,2.470138,0.108,5.246,0.761
23246,2,2.470244,0.115,5.084,0.742
23247,2,2.470351,0.086,5.712,0.814
23248,2,2.470457,0.152,4.254,0.653
23249,2,2.470563,0.122,4.898,0.727
23250,2,2.470670,0.142,4.42,0.682
23251,2,2.470776,0.132,4.71,0.703
23252,2,2.470882,0.139,4.542,0.69
23253,2,2.470988,0.135,4.609,0.697
23254,2,2.471095,0.134,4.609,0.694
23255,2,2.471201,0.135,4.585,0.694
23256,2,2.471307,0.143,4.424,0.674
23257,2,2.471413,0.133,4.713,0.701
23258,2,2.471520,0.131,4.714,0.707
23259,2,2.471626,0.11,5.147,0.755
23260,2,2.471732,0.137,4.546,0.695
23261,2,2.471838,0.144,4.381,0.667
23262,2,2.471945,0.116,5.031,0.743
23263,2,2.472051,0.125,4.85,0.721
23264,2,2.472157,0.12,4.935,0.736
23265,2,2.472264,0.133,4.714,0.698
23266,2,2.472370,0.117,4.927,0.742
23267,2,2.472476,0.131,4.645,0.704
23268,2,2.472582,0.126,4.82,0.723
23269,2,2.472689,0.134,4.615,0.697
23270,2,2.472795,0.145,4.439,0.675
23271,2,2.472901,0.11,5.172,0.759
23272,2,2.473007,0.115,5.065,0.744
23273,2,2.473114,0.145,4.368,0.671
23274,2,2.473220,0.131,4.713,0.706
23275,2,2.473326,0.119,4.971,0.733
23276,2,2.473433,0.126,4.799,0.716
23277,2,2.473539,0.143,4.383,0.672
23278,2,2.473645,0.119,4.976,0.735
23279,2,2.473751,0.122,4.87,0.726
23280,2,2.473858,0.114,5.105,0.746
23281,2,2.473964,0.138,4.506,0.693
23282,2,2.474070,0.138,4.564,0.688
23283,2,2.474176,0.125,4.827,0.723
23284,2,2.474283,0.104,5.315,0.772
23285,2,2.474389,0.152,4.168,0.655
23286,2,2.474495,0.108,5.192,0.759
23287,2,2.474601,0.117,5.012,0.734
23288,2,2.474708,0.147,4.29,0.665
23289,2,2.474814,0.13,4.716,0.71
23290,2,2.474920,0.119,4.977,0.735
23291,2,2.475027,0.128,4.791,0.712
23292,2,2.475133,0.121,4.858,0.728
23293,2,2.475239,0.126,4.775,0.716
23294,2,2.475345,0.112,5.147,0.751
23295,2,2.475452,0.124,4.836,0.719
23296,2,2.475558,0.119,4.97,0.741
23297,2,2.475664,0.124,4.848,0.718
23298,2,2.475770,0.138,4.616,0.69
23299,2,2.475877,0.15,4.261,0.66
23300,2,2.475983,0.127,4.694,0.719
23301,2,2.476089,0.142,4.421,0.683
23302,2,2.476196,0.131,4.654,0.71
23303,2,2.476302,0.125,4.791,0.727
23304,2,2.476408,0.134,4.642,0.7
23305,2,2.476514,0.135,4.588,0.694
23306,2,2.476621,0.132,4.651,0.699
23307,2,2.476727,0.14,4.505,0.682
23308,2,2.476833,0.14,4.524,0.686
23309,2,2.476939,0.124,4.778,0.722
23310,2,2.477046,0.117,4.998,0.736
23311,2,2.477152,0.139,4.465,0.681
23312,2,2.477258,0.122,4.928,0.731
23313,2,2.477365,0.118,5.03,0.733
23314,2,2.477471,0.138,4.518,0.685
23315,2,2.477577,0.103,5.349,0.769
23316,2,2.477683,0.125,4.933,0.715
23317,2,2.477790,0.108,5.27,0.766
23318,2,2.477896,0.131,4.693,0.704
23319,2,2.478002,0.12,4.939,0.731
23320,2,2.478108,0.11,5.216,0.752
23321,2,2.478215,0.12,4.889,0.732
23322,2,2.478321,0.15,4.299,0.66
23323,2,2.478427,0.13,4.728,0.712
23324,2,2.478533,0.146,4.406,0.67
23325,2,2.478640,0.132,4.659,0.694
23326,2,2.478746,0.134,4.657,0.698
23327,2,2.478852,0.122,4.918,0.729
23328,2,2.478959,0.13,4.715,0.707
23329,2,2.479065,0.119,4.96,0.739
23330,2,2.479171,0.126,4.802,0.72
23331,2,2.479277,0.141,4.408,0.686
23332,2,2.479384,0.117,5.035,0.741
23333,2,2.479490,0.118,4.987,0.737
23334,2,2.479596,0.148,4.279,0.663
23335,2,2.479702,0.121,4.884,0.727
23336,2,2.479809,0.117,4.994,0.737
23337,2,2.479915,0.139,4.526,0.689
23338,2,2.480021,0.147,4.301,0.669
23339,2,2.480128,0.113,5.151,0.747
23340,2,2.480234,0.115,5.083,0.743
23341,2,2.480340,0.134,4.661,0.696
23342,2,2.480446,0.1,5.42,0.78
23343,2,2.480553,0.113,5.141,0.748
23344,2,2.480659,0.138,4.548,0.683
23345,2,2.480765,0.142,4.495,0.675
23346,2,2.480871,0.131,4.71,0.698
23347,2,2.480978,0.144,4.378,0.672
23348,2,2.481084,0.124,4.864,0.722
23349,2,2.481190,0.126,4.779,0.718
23350,2,2.481296,0.126,4.849,0.72
23351,2,2.481403,0.129,4.748,0.708
23352,2,2.481509,0.135,4.618,0.7
23353,2,2.481615,0.102,5.342,0.775
23354,2,2.481722,0.114,5.04,0.744
23355,2,2.481828,0.121,4.936,0.73
23356,2,2.481934,0.129,4.774,0.708
23357,2,2.482040,0.137,4.58,0.689
23358,2,2.482147,0.127,4.787,0.715
23359,2,2.482253,0.134,4.583,0.7
23360,2,2.482359,0.139,4.525,0.686
23361,2,2.482465,0.134,4.629,0.698
23362,2,2.482572,0.145,4.392,0.669
23363,2,2.482678,0.143,4.354,0.672
23364,2,2.482784,0.131,4.658,0.705
23365,2,2.482891,0.134,4.598,0.7
23366,2,2.482997,0.158,4.076,0.637
23367,2,2.483103,0.134,4.607,0.693
23368,2,2.483209,0.132,4.571,0.704
23369,2,2.483316,0.125,4.84,0.716
23370,2,2.483422,0.131,4.737,0.703
23371,2,2.483528,0.107,5.224,0.766
23372,2,2.483634,0.134,4.615,0.699
23373,2,2.483741,0.141,4.466,0.685
23374,2,2.483847,0.122,4.893,0.731
23375,2,2.483953,0.133,4.619,0.694
23376,2,2.484060,0.127,4.782,0.715
23377,2,2.484166,0.117,4.955,0.742
23378,2,2.484272,0.133,4.596,0.698
23379,2,2.484378,0.13,4.691,0.709
23380,2,2.484485,0.12,4.997,0.733
23381,2,2.484591,0.125,4.79,0.718
23382,2,2.484697,0.131,4.657,0.706
23383,2,2.484803,0.129,4.715,0.71
23384,2,2.484910,0.131,4.704,0.703
23385,2,2.485016,0.127,4.768,0.718
23386,2,2.485122,0.131,4.648,0.705
23387,2,2.485228,0.107,5.277,0.766
23388,2,2.485335,0.146,4.316,0.67
23389,2,2.485441,0.127,4.74,0.712
23390,2,2.485547,0.119,4.974,0.731
23391,2,2.485654,0.14,4.454,0.684
23392,2,2.485760,0.114,5.073,0.745
23393,2,2.485866,0.117,5.038,0.74
23394,2,2.485972,0.13,4.744,0.713
23395,2,2.486079,0.104,5.293,0.769
23396,2,2.486185,0.125,4.824,0.725
23397,2,2.486291,0.119,5.0,0.73
23398,2,2.486397,0.108,5.242,0.764
23399,2,2.486504,0.147,4.343,0.667
23400,2,2.486610,0.131,4.651,0.703
23401,2,2.486716,0.122,4.89,0.724
23402,2,2.486823,0.105,5.237,0.763
23403,2,2.486929,0.142,4.389,0.677
23404,2,2.487035,0.12,4.959,0.733
23405,2,2.487141,0.12,4.971,0.734
23406,2,2.487248,0.133,4.584,0.697
23407,2,2.487354,0.13,4.69,0.71
23408,2,2.487460,0.114,5.12,0.748
23409,2,2.487566,0.132,4.668,0.707
23410,2,2.487673,0.137,4.504,0.688
23411,2,2.487779,0.144,4.376,0.673
23412,2,2.487885,0.129,4.726,0.711
23413,2,2.487991,0.126,4.757,0.721
23414,2,2.488098,0.141,4.431,0.684
23415,2,2.488204,0.136,4.579,0.695
23416,2,2.488310,0.116,5.027,0.739
23417,2,2.488417,0.128,4.742,0.714
23418,2,2.488523,0.11,5.187,0.761
23419,2,2.488629,0.127,4.745,0.718
23420,2,2.488735,0.13,4.773,0.708
23421,2,2.488842,0.132,4.66,0.701
23422,2,2.488948,0.125,4.813,0.721
23423,2,2.489054,0.125,4.834,0.728
23424,2,2.489160,0.131,4.677,0.708
23425,2,2.489267,0.123,4.809,0.721
23426,2,2.489373,0.129,4.702,0.716
23427,2,2.489479,0.145,4.336,0.671
23428,2,2.489586,0.108,5.22,0.761
23429,2,2.489692,0.129,4.735,0.714
23430,2,2.489798,0.116,5.006,0.746
23431,2,2.489904,0.111,5.165,0.751
23432,2,2.490011,0.136,4.527,0.695
23433,2,2.490117,0.132,4.667,0.705
23434,2,2.490223,0.121,4.889,0.724
23435,2,2.490329,0.13,4.712,0.711
23436,2,2.490436,0.135,4.578,0.696
23437,2,2.490542,0.103,5.376,0.773
23438,2,2.490648,0.134,4.628,0.697
23439,2,2.490755,0.125,4.842,0.719
23440,2,2.490861,0.107,5.266,0.764
23441,2,2.490967,0.138,4.537,0.691
23442,2,2.491073,0.111,5.136,0.758
23443,2,2.491180,0.15,4.269,0.655
23444,2,2.491286,0.138,4.571,0.69
23445,2,2.491392,0.126,4.814,0.717
23446,2,2.491498,0.106,5.282,0.768
23447,2,2.491605,0.127,4.804,0.713
23448,2,2.491711,0.137,4.551,0.69
23449,2,2.491817,0.131,4.607,0.705
23450,2,2.491923,0.129,4.716,0.709
23451,2,2.492030,0.119,4.969,0.739
23452,2,2.492136,0.123,4.874,0.728
23453,2,2.492242,0.145,4.337,0.667
23454,2,2.492349,0.126,4.755,0.715
23455,2,2.492455,0.147,4.316,0.665
23456,2,2.492561,0.138,4.476,0.688
23457,2,2.492667,0.119,4.977,0.733
23458,2,2.492774,0.13,4.762,0.711
23459,2,2.492880,0.124,4.838,0.724
23460,2,2.492986,0.129,4.756,0.709
23461,2,2.493092,0.116,5.027,0.74
23462,2,2.493199,0.126,4.826,0.716
23463,2,2.493305,0.142,4.393,0.679
23464,2,2.493411,0.112,5.11,0.753
23465,2,2.493518,0.127,4.761,0.711
23466,2,2.493624,0.114,5.094,0.751
23467,2,2.493730,0.115,4.925,0.742
23468,2,2.493836,0.122,4.873,0.728
23469,2,2.493943,0.131,4.716,0.705
23470,2,2.494049,0.121,4.896,0.73
23471,2,2.494155,0.124,4.814,0.723
23472,2,2.494261,0.16,4.045,0.638
23473,2,2.494368,0.131,4.667,0.707
23474,2,2.494474,0.116,5.024,0.745
23475,2,2.494580,0.128,4.761,0.708
23476,2,2.494687,0.13,4.699,0.709
23477,2,2.494793,0.128,4.765,0.713
23478,2,2.494899,0.137,4.527,0.691
23479,2,2.495005,0.153,4.211,0.651
23480,2,2.495112,0.108,5.288,0.76
23481,2,2.495218,0.103,5.369,0.775
23482,2,2.495324,0.132,4.617,0.7
23483,2,2.495430,0.126,4.8,0.72
23484,2,2.495537,0.127,4.755,0.715
23485,2,2.495643,0.134,4.616,0.696
23486,2,2.495749,0.128,4.716,0.712
23487,2,2.495855,0.125,4.832,0.722
23488,2,2.495962,0.119,4.926,0.734
23489,2,2.496068,0.129,4.714,0.709
23490,2,2.496174,0.115,4.992,0.743
23491,2,2.496281,0.146,4.31,0.671
23492,2,2.496387,0.125,4.842,0.715
23493,2,2.496493,0.142,4.415,0.68
23494,2,2.496599,0.109,5.185,0.757
23495,2,2.496706,0.131,4.739,0.709
23496,2,2.496812,0.132,4.64,0.704
23497,2,2.496918,0.111,5.133,0.75
23498,2,2.497024,0.153,4.202,0.652
23499,2,2.497131,0.128,4.825,0.713
23500,2,2.497237,0.13,4.702,0.712
23501,2,2.497343,0.129,4.745,0.709
23502,2,2.497450,0.12,4.941,0.729
23503,2,2.497556,0.141,4.446,0.683
23504,2,2.497662,0.114,5.165,0.752
23505,2,2.497768,0.132,4.561,0.705
23506,2,2.497875,0.109,5.209,0.761
23507,2,2.497981,0.127,4.788,0.717
23508,2,2.498087,0.145,4.403,0.671
23509,2,2.498193,0.116,5.08,0.742
23510,2,2.498300,0.133,4.643,0.703
23511,2,2.498406,0.127,4.76,0.716
23512,2,2.498512,0.116,5.053,0.745
23513,2,2.498618,0.116,4.983,0.739
23514,2,2.498725,0.128,4.788,0.711
23515,2,2.498831,0.115,5.049,0.744
23516,2,2.498937,0.144,4.337,0.671
23517,2,2.499044,0.119,4.983,0.738
23518,2,2.499150,0.121,4.93,0.726
23519,2,2.499256,0.128,4.781,0.716
23520,2,2.499362,0.132,4.672,0.702
23521,2,2.499469,0.142,4.481,0.679
23522,2,2.499575,0.116,5.024,0.737
23523,2,2.499681,0.119,4.931,0.728
23524,2,2.499787,0.14,4.495,0.69
23525,2,2.499894,0.132,4.634,0.706
23526,2,2.500000,0.152,4.206,0.657
23527,2,2.500106,0.119,4.99,0.736
23528,2,2.500213,0.153,4.194,0.649
23529,2,2.500319,0.117,5.016,0.74
23530,2,2.500425,0.148,4.312,0.667
23531,2,2.500531,0.136,4.633,0.695
23532,2,2.500638,0.12,4.909,0.731
23533,2,2.500744,0.119,5.01,0.736
23534,2,2.500850,0.119,4.988,0.736
23535,2,2.500956,0.119,4.979,0.738
23536,2,2.501063,0.143,4.367,0.678
23537,2,2.501169,0.139,4.47,0.687
23538,2,2.501275,0.108,5.187,0.764
23539,2,2.501382,0.125,4.813,0.724
23540,2,2.501488,0.135,4.584,0.698
23541,2,2.501594,0.135,4.511,0.696
23542,2,2.501700,0.131,4.668,0.701
23543,2,2.501807,0.126,4.828,0.72
23544,2,2.501913,0.113,5.156,0.749
23545,2,2.502019,0.126,4.819,0.716
23546,2,2.502125,0.129,4.749,0.713
23547,2,2.502232,0.119,4.935,0.734
23548,2,2.502338,0.137,4.498,0.689
23549,2,2.502444,0.123,4.87,0.725
23550,2,2.502550,0.118,4.978,0.739
23551,2,2.502657,0.153,4.206,0.646
23552,2,2.502763,0.123,4.864,0.722
23553,2,2.502869,0.137,4.532,0.692
23554,2,2.502976,0.132,4.646,0.701
23555,2,2.503082,0.127,4.809,0.716
23556,2,2.503188,0.125,4.778,0.724
23557,2,2.503294,0.128,4.778,0.713
23558,2,2.503401,0.122,4.914,0.728
23559,2,2.503507,0.119,4.968,0.737
23560,2,2.503613,0.127,4.812,0.715
23561,2,2.503719,0.13,4.717,0.707
23562,2,2.503826,0.14,4.531,0.686
23563,2,2.503932,0.115,5.081,0.743
23564,2,2.504038,0.113,5.103,0.75
23565,2,2.504145,0.142,4.472,0.679
23566,2,2.504251,0.126,4.801,0.718
23567,2,2.504357,0.133,4.652,0.697
23568,2,2.504463,0.121,4.884,0.727
23569,2,2.504570,0.142,4.428,0.68
23570,2,2.504676,0.12,4.919,0.73
23571,2,2.504782,0.12,4.894,0.733
23572,2,2.504888,0.136,4.571,0.696
23573,2,2.504995,0.127,4.806,0.718
23574,2,2.505101,0.139,4.541,0.685
23575,2,2.505207,0.149,4.276,0.662
23576,2,2.505313,0.122,4.888,0.727
23577,2,2.505420,0.142,4.428,0.678
23578,2,2.505526,0.119,4.997,0.734
23579,2,2.505632,0.118,4.963,0.741
23580,2,2.505739,0.126,4.75,0.713
23581,2,2.505845,0.121,4.883,0.728
23582,2,2.505951,0.119,4.93,0.743
23583,2,2.506057,0.117,5.016,0.745
23584,2,2.506164,0.131,4.644,0.705
23585,2,2.506270,0.132,4.673,0.701
23586,2,2.506376,0.132,4.601,0.701
23587,2,2.506482,0.12,4.926,0.728
23588,2,2.506589,0.115,5.033,0.747
23589,2,2.506695,0.132,4.631,0.701
23590,2,2.506801,0.121,4.945,0.73
23591,2,2.506908,0.132,4.636,0.706
23592,2,2.507014,0.127,4.835,0.717
23593,2,2.507120,0.142,4.413,0.675
23594,2,2.507226,0.134,4.585,0.698
23595,2,2.507333,0.132,4.626,0.703
23596,2,2.507439,0.114,5.086,0.746
23597,2,2.507545,0.126,4.757,0.716
23598,2,2.507651,0.102,5.326,0.777
23599,2,2.507758,0.128,4.773,0.713
23600,2,2.507864,0.129,4.76,0.714
23601,2,2.507970,0.156,4.109,0.642
23602,2,2.508077,0.15,4.275,0.656
23603,2,2.508183,0.117,5.052,0.743
23604,2,2.508289,0.113,5.143,0.75
23605,2,2.508395,0.12,4.901,0.728
23606,2,2.508502,0.141,4.504,0.68
23607,2,2.508608,0.131,4.721,0.706
23608,2,2.508714,0.114,5.086,0.749
23609,2,2.508820,0.123,4.835,0.724
23610,2,2.508927,0.131,4.696,0.702
23611,2,2.509033,0.137,4.584,0.691
23612,2,2.509139,0.143,4.644,0.705
23613,2,2.509245,0.119,4.977,0.733
23614,2,2.509352,0.129,4.753,0.715
23615,2,2.509458,0.123,4.889,0.727
23616,2,2.509564,0.14,4.461,0.683
23617,2,2.509671,0.119,4.983,0.735
23618,2,2.509777,0.13,4.697,0.708
23619,2,2.509883,0.132,4.628,0.7
23620,2,2.509989,0.138,4.507,0.694
23621,2,2.510096,0.128,4.816,0.714
23622,2,2.510202,0.127,4.793,0.712
23623,2,2.510308,0.136,4.575,0.694
23624,2,2.510414,0.123,4.9,0.729
23625,2,2.510521,0.111,5.135,0.754
23626,2,2.510627,0.129,4.718,0.712
23627,2,2.510733,0.11,5.2,0.757
23628,2,2.510840,0.115,5.077,0.745
23629,2,2.510946,0.133,4.579,0.7
23630,2,2.511052,0.143,4.376,0.677
23631,2,2.511158,0.125,4.884,0.719
23632,2,2.511265,0.134,4.648,0.701
23633,2,2.511371,0.124,4.804,0.718
23634,2,2.511477,0.136,4.522,0.697
23635,2,2.511583,0.115,5.004,0.747
23636,2,2.511690,0.118,5.049,0.738
23637,2,2.511796,0.132,4.661,0.7
23638,2,2.511902,0.123,4.912,0.723
23639,2,2.512009,0.132,4.679,0.704
23640,2,2.512115,0.132,4.679,0.701
23641,2,2.512221,0.099,5.434,0.786
23642,2,2.512327,0.131,4.711,0.705
23643,2,2.512434,0.124,4.816,0.718
23644,2,2.512540,0.131,4.654,0.703
23645,2,2.512646,0.126,4.791,0.716
23646,2,2.512752,0.114,5.125,0.749
23647,2,2.512859,0.12,4.937,0.732
23648,2,2.512965,0.147,4.356,0.667
23649,2,2.513071,0.14,4.428,0.686
23650,2,2.513177,0.135,4.632,0.691
23651,2,2.513284,0.144,4.383,0.673
23652,2,2.513390,0.124,4.818,0.721
23653,2,2.513496,0.139,4.512,0.686
23654,2,2.513603,0.145,4.387,0.673
23655,2,2.513709,0.146,4.326,0.665
23656,2,2.513815,0.131,4.65,0.703
23657,2,2.513921,0.133,4.661,0.698
23658,2,2.514028,0.13,4.742,0.71
23659,2,2.514134,0.124,4.836,0.719
23660,2,2.514240,0.118,4.994,0.737
23661,2,2.514346,0.119,4.996,0.738
23662,2,2.514453,0.125,4.835,0.718
23663,2,2.514559,0.132,4.658,0.7
23664,2,2.514665,0.134,4.609,0.699
23665,2,2.514772,0.139,4.534,0.689
23666,2,2.514878,0.12,4.918,0.737
23667,2,2.514984,0.119,4.958,0.735
23668,2,2.515090,0.104,5.286,0.773
23669,2,2.515197,0.126,4.796,0.718
23670,2,2.515303,0.125,4.862,0.72
23671,2,2.515409,0.119,4.923,0.732
23672,2,2.515515,0.129,4.755,0.712
23673,2,2.515622,0.13,4.766,0.711
23674,2,2.515728,0.125,4.772,0.719
23675,2,2.515834,0.142,4.414,0.679
23676,2,2.515940,0.131,4.71,0.703
23677,2,2.516047,0.13,4.714,0.705
23678,2,2.516153,0.149,4.279,0.662
23679,2,2.516259,0.107,5.228,0.765
23680,2,2.516366,0.112,5.126,0.755
23681,2,2.516472,0.119,4.947,0.736
23682,2,2.516578,0.126,4.776,0.716
23683,2,2.516684,0.097,5.501,0.795
23684,2,2.516791,0.136,4.487,0.691
23685,2,2.516897,0.106,5.279,0.764
23686,2,2.517003,0.112,5.099,0.75
23687,2,2.517109,0.116,5.08,0.744
23688,2,2.517216,0.137,4.587,0.694
23689,2,2.517322,0.134,4.592,0.698
23690,2,2.517428,0.105,5.303,0.771
23691,2,2.517535,0.134,4.62,0.697
23692,2,2.517641,0.111,5.116,0.754
23693,2,2.517747,0.132,4.634,0.701
23694,2,2.517853,0.114,5.066,0.743
23695,2,2.517960,0.125,4.786,0.721
23696,2,2.518066,0.128,4.741,0.715
23697,2,2.518172,0.135,4.584,0.695
23698,2,2.518278,0.128,4.739,0.715
23699,2,2.518385,0.119,4.923,0.736
23700,2,2.518491,0.148,4.269,0.661
23701,2,2.518597,0.131,4.662,0.705
23702,2,2.518704,0.135,4.575,0.696
23703,2,2.518810,0.118,4.986,0.74
23704,2,2.518916,0.136,4.551,0.688
23705,2,2.519022,0.106,5.302,0.77
23706,2,2.519129,0.119,4.875,0.737
23707,2,2.519235,0.127,4.75,0.712
23708,2,2.519341,0.14,4.495,0.682
23709,2,2.519447,0.141,4.502,0.683
23710,2,2.519554,0.136,4.552,0.696
23711,2,2.519660,0.145,4.385,0.67
23712,2,2.519766,0.127,4.783,0.712
23713,2,2.519872,0.137,4.506,0.694
23714,2,2.519979,0.121,4.899,0.727
23715,2,2.520085,0.139,4.531,0.686
23716,2,2.520191,0.132,4.638,0.707
23717,2,2.520298,0.119,4.983,0.733
23718,2,2.520404,0.125,4.796,0.718
23719,2,2.520510,0.14,4.559,0.684
23720,2,2.520616,0.112,5.106,0.756
23721,2,2.520723,0.124,4.824,0.726
23722,2,2.520829,0.116,5.03,0.743
23723,2,2.520935,0.119,4.938,0.738
23724,2,2.521041,0.13,4.763,0.705
23725,2,2.521148,0.153,4.189,0.653
23726,2,2.521254,0.138,4.524,0.693
23727,2,2.521360,0.14,4.498,0.687
23728,2,2.521467,0.128,4.731,0.709
23729,2,2.521573,0.137,4.527,0.693
23730,2,2.521679,0.114,5.122,0.747
23731,2,2.521785,0.129,4.751,0.713
23732,2,2.521892,0.14,4.537,0.684
23733,2,2.521998,0.128,4.753,0.713
23734,2,2.522104,0.134,4.608,0.695
23735,2,2.522210,0.118,4.988,0.733
23736,2,2.522317,0.115,4.926,0.739
23737,2,2.522423,0.129,4.716,0.716
23738,2,2.522529,0.12,4.988,0.73
23739,2,2.522635,0.114,5.058,0.747
23740,2,2.522742,0.139,4.455,0.685
23741,2,2.522848,0.123,4.868,0.721
23742,2,2.522954,0.117,4.99,0.738
23743,2,2.523061,0.122,4.874,0.729
23744,2,2.523167,0.142,4.434,0.678
23745,2,2.523273,0.129,4.687,0.711
23746,2,2.523379,0.149,4.303,0.661
23747,2,2.523486,0.107,5.211,0.77
23748,2,2.523592,0.135,4.515,0.693
23749,2,2.523698,0.124,4.884,0.723
23750,2,2.523804,0.142,4.385,0.682
23751,2,2.523911,0.139,4.482,0.686
23752,2,2.524017,0.141,4.444,0.683
23753,2,2.524123,0.13,4.694,0.71
23754,2,2.524230,0.13,4.774,0.711
23755,2,2.524336,0.137,4.537,0.694
23756,2,2.524442,0.114,5.028,0.749
23757,2,2.524548,0.12,4.899,0.732
23758,2,2.524655,0.113,5.104,0.749
23759,2,2.524761,0.12,4.94,0.728
23760,2,2.524867,0.132,4.647,0.702
23761,2,2.524973,0.126,4.721,0.719
23762,2,2.525080,0.109,5.207,0.758
23763,2,2.525186,0.122,4.877,0.728
23764,2,2.525292,0.126,4.752,0.714
23765,2,2.525399,0.151,4.207,0.654
23766,2,2.525505,0.148,4.257,0.664
23767,2,2.525611,0.144,4.361,0.674
23768,2,2.525717,0.138,4.548,0.694
23769,2,2.525824,0.119,4.972,0.733
23770,2,2.525930,0.147,4.374,0.663
23771,2,2.526036,0.131,4.718,0.704
23772,2,2.526142,0.129,4.757,0.71
23773,2,2.526249,0.131,4.657,0.707
23774,2,2.526355,0.133,4.632,0.698
23775,2,2.526461,0.12,4.927,0.731
23776,2,2.526567,0.119,4.904,0.734
23777,2,2.526674,0.145,4.351,0.668
23778,2,2.526780,0.119,4.923,0.739
23779,2,2.526886,0.121,4.91,0.731
23780,2,2.526993,0.14,4.487,0.686
23781,2,2.527099,0.127,4.815,0.717
23782,2,2.527205,0.114,5.118,0.748
23783,2,2.527311,0.135,4.595,0.695
23784,2,2.527418,0.127,4.815,0.728
23785,2,2.527524,0.121,4.901,0.731
23786,2,2.527630,0.127,4.803,0.715
23787,2,2.527736,0.119,4.955,0.733
23788,2,2.527843,0.137,4.504,0.691
23789,2,2.527949,0.132,4.655,0.7
23790,2,2.528055,0.134,4.599,0.7
23791,2,2.528162,0.142,4.342,0.671
23792,2,2.528268,0.134,4.616,0.698
23793,2,2.528374,0.148,4.319,0.66
23794,2,2.528480,0.12,4.919,0.733
23795,2,2.528587,0.137,4.473,0.684
23796,2,2.528693,0.125,4.852,0.72
23797,2,2.528799,0.123,4.828,0.726
23798,2,2.528905,0.106,5.305,0.768
23799,2,2.529012,0.129,4.723,0.71
23800,2,2.529118,0.114,5.075,0.743
23801,2,2.529224,0.121,4.943,0.727
23802,2,2.529330,0.119,4.95,0.738
23803,2,2.529437,0.137,4.554,0.693
23804,2,2.529543,0.112,5.122,0.753
23805,2,2.529649,0.145,4.353,0.674
23806,2,2.529756,0.13,4.64,0.711
23807,2,2.529862,0.158,4.028,0.633
23808,2,2.529968,0.113,5.117,0.749
23809,2,2.530074,0.125,4.854,0.713
23810,2,2.530181,0.117,4.997,0.739
23811,2,2.530287,0.126,4.788,0.718
23812,2,2.530393,0.123,4.866,0.727
23813,2,2.530499,0.113,5.093,0.749
23814,2,2.530606,0.131,4.755,0.709
23815,2,2.530712,0.137,4.512,0.695
23816,2,2.530818,0.142,4.447,0.68
23817,2,2.530925,0.142,4.494,0.679
23818,2,2.531031,0.131,4.679,0.705
23819,2,2.531137,0.131,4.65,0.705
23820,2,2.531243,0.135,4.501,0.697
23821,2,2.531350,0.142,4.468,0.68
23822,2,2.531456,0.125,4.782,0.719
23823,2,2.531562,0.12,4.926,0.731
23824,2,2.531668,0.131,4.68,0.704
23825,2,2.531775,0.131,4.651,0.701
23826,2,2.531881,0.129,4.795,0.707
23827,2,2.531987,0.11,5.196,0.758
23828,2,2.532094,0.12,4.922,0.731
23829,2,2.532200,0.127,4.77,0.716
23830,2,2.532306,0.126,4.852,0.718
23831,2,2.532412,0.133,4.63,0.701
23832,2,2.532519,0.149,4.274,0.665
23833,2,2.532625,0.131,4.652,0.702
23834,2,2.532731,0.127,4.712,0.716
23835,2,2.532837,0.119,4.979,0.736
23836,2,2.532944,0.139,4.542,0.682
23837,2,2.533050,0.119,4.925,0.732
23838,2,2.533156,0.117,5.053,0.738
23839,2,2.533262,0.131,4.65,0.705
23840,2,2.533369,0.135,4.522,0.691
23841,2,2.533475,0.15,4.265,0.664
23842,2,2.533581,0.139,4.494,0.685
23843,2,2.533688,0.132,4.645,0.7
23844,2,2.533794,0.143,4.367,0.675
23845,2,2.533900,0.106,5.287,0.762
23846,2,2.534006,0.135,4.573,0.696
23847,2,2.534113,0.113,5.148,0.753
23848,2,2.534219,0.145,4.352,0.669
23849,2,2.534325,0.124,4.862,0.726
23850,2,2.534431,0.114,4.996,0.747
23851,2,2.534538,0.119,4.949,0.734
23852,2,2.534644,0.142,4.495,0.675
23853,2,2.534750,0.146,4.313,0.671
23854,2,2.534857,0.107,5.229,0.764
23855,2,2.534963,0.143,4.43,0.679
23856,2,2.535069,0.118,5.005,0.735
23857,2,2.535175,0.124,4.854,0.723
23858,2,2.535282,0.142,4.434,0.676
23859,2,2.535388,0.141,4.464,0.688
23860,2,2.535494,0.137,4.552,0.693
23861,2,2.535600,0.126,4.826,0.715
23862,2,2.535707,0.142,4.386,0.678
23863,2,2.535813,0.112,5.133,0.752
23864,2,2.535919,0.119,4.985,0.737
23865,2,2.536026,0.137,4.532,0.69
23866,2,2.536132,0.132,4.665,0.702
23867,2,2.536238,0.113,5.12,0.755
23868,2,2.536344,0.129,4.736,0.713
23869,2,2.536451,0.138,4.515,0.683
23870,2,2.536557,0.136,4.599,0.691
23871,2,2.536663,0.125,4.845,0.718
23872,2,2.536769,0.142,4.387,0.678
23873,2,2.536876,0.133,4.624,0.699
23874,2,2.536982,0.131,4.77,0.704
23875,2,2.537088,0.141,4.494,0.683
23876,2,2.537194,0.118,4.965,0.742
23877,2,2.537301,0.122,4.903,0.725
23878,2,2.537407,0.13,4.737,0.708
23879,2,2.537513,0.13,4.72,0.712
23880,2,2.537620,0.161,3.99,0.631
23881,2,2.537726,0.13,4.649,0.712
23882,2,2.537832,0.134,4.587,0.697
23883,2,2.537938,0.145,4.35,0.669
23884,2,2.538045,0.114,5.117,0.749
23885,2,2.538151,0.117,4.999,0.738
23886,2,2.538257,0.124,4.838,0.717
23887,2,2.538363,0.132,4.605,0.706
23888,2,2.538470,0.131,4.69,0.707
23889,2,2.538576,0.142,4.46,0.682
23890,2,2.538682,0.143,4.424,0.675
23891,2,2.538789,0.135,4.513,0.696
23892,2,2.538895,0.126,4.763,0.715
23893,2,2.539001,0.122,4.902,0.726
23894,2,2.539107,0.131,4.734,0.707
23895,2,2.539214,0.124,4.875,0.722
23896,2,2.539320,0.135,4.598,0.698
23897,2,2.539426,0.128,4.83,0.718
23898,2,2.539532,0.125,4.859,0.719
23899,2,2.539639,0.122,4.874,0.726
23900,2,2.539745,0.134,4.586,0.697
23901,2,2.539851,0.126,4.771,0.714
23902,2,2.539957,0.142,4.415,0.674
23903,2,2.540064,0.127,4.804,0.719
23904,2,2.540170,0.149,4.282,0.66
23905,2,2.540276,0.116,5.025,0.742
23906,2,2.540383,0.122,4.869,0.723
23907,2,2.540489,0.149,4.243,0.659
23908,2,2.540595,0.121,4.924,0.725
23909,2,2.540701,0.119,4.966,0.733
23910,2,2.540808,0.126,4.824,0.721
23911,2,2.540914,0.113,5.079,0.753
23912,2,2.541020,0.107,5.226,0.766
23913,2,2.541126,0.13,4.731,0.71
23914,2,2.541233,0.131,4.72,0.709
23915,2,2.541339,0.121,4.902,0.729
23916,2,2.541445,0.109,5.177,0.755
23917,2,2.541552,0.141,4.456,0.685
23918,2,2.541658,0.135,4.588,0.695
23919,2,2.541764,0.111,5.153,0.755
23920,2,2.541870,0.13,4.675,0.712
23921,2,2.541977,0.139,4.504,0.679
23922,2,2.542083,0.136,4.582,0.689
23923,2,2.542189,0.099,5.466,0.784
23924,2,2.542295,0.134,4.626,0.694
23925,2,2.542402,0.122,4.882,0.723
23926,2,2.542508,0.115,5.024,0.748
23927,2,2.542614,0.147,4.348,0.661
23928,2,2.542721,0.15,4.245,0.67
23929,2,2.542827,0.124,4.824,0.725
23930,2,2.542933,0.142,4.43,0.676
23931,2,2.543039,0.142,4.421,0.672
23932,2,2.543146,0.119,4.937,0.735
23933,2,2.543252,0.122,4.86,0.726
23934,2,2.543358,0.125,4.872,0.721
23935,2,2.543464,0.139,4.504,0.689
23936,2,2.543571,0.122,4.897,0.727
23937,2,2.543677,0.128,4.77,0.711
23938,2,2.543783,0.097,5.49,0.787
23939,2,2.543889,0.125,4.795,0.718
23940,2,2.543996,0.12,4.933,0.733
23941,2,2.544102,0.147,4.304,0.669
23942,2,2.544208,0.11,5.154,0.755
23943,2,2.544315,0.121,4.892,0.731
23944,2,2.544421,0.134,4.611,0.694
23945,2,2.544527,0.127,4.875,0.713
23946,2,2.544633,0.137,4.506,0.69
23947,2,2.544740,0.114,5.105,0.747
23948,2,2.544846,0.106,5.257,0.767
23949,2,2.544952,0.132,4.652,0.705
23950,2,2.545058,0.138,4.508,0.687
23951,2,2.545165,0.138,4.535,0.684
23952,2,2.545271,0.129,4.68,0.714
23953,2,2.545377,0.139,4.542,0.688
23954,2,2.545484,0.133,4.589,0.698
23955,2,2.545590,0.121,4.899,0.731
23956,2,2.545696,0.12,4.933,0.731
23957,2,2.545802,0.128,4.731,0.709
23958,2,2.545909,0.144,4.385,0.672
23959,2,2.546015,0.136,4.555,0.694
23960,2,2.546121,0.129,4.745,0.712
23961,2,2.546227,0.138,4.533,0.685
23962,2,2.546334,0.12,4.958,0.728
23963,2,2.546440,0.108,5.252,0.761
23964,2,2.546546,0.142,4.495,0.681
23965,2,2.546652,0.122,4.878,0.726
23966,2,2.546759,0.131,4.632,0.704
23967,2,2.546865,0.122,4.9,0.725
23968,2,2.546971,0.138,4.507,0.687
23969,2,2.547078,0.113,5.104,0.752
23970,2,2.547184,0.114,5.108,0.748
23971,2,2.547290,0.131,4.75,0.711
23972,2,2.547396,0.131,4.714,0.712
23973,2,2.547503,0.117,5.044,0.742
23974,2,2.547609,0.139,4.467,0.684
23975,2,2.547715,0.127,4.797,0.715
23976,2,2.547821,0.102,5.336,0.78
23977,2,2.547928,0.134,4.604,0.698
23978,2,2.548034,0.132,4.67,0.703
23979,2,2.548140,0.153,4.196,0.652
23980,2,2.548247,0.11,5.198,0.757
23981,2,2.548353,0.138,4.504,0.686
23982,2,2.548459,0.12,4.928,0.732
23983,2,2.548565,0.131,4.695,0.706
23984,2,2.548672,0.13,4.694,0.705
23985,2,2.548778,0.122,4.91,0.725
23986,2,2.548884,0.147,4.332,0.667
23987,2,2.548990,0.131,4.689,0.712
23988,2,2.549097,0.108,5.191,0.762
23989,2,2.549203,0.147,4.328,0.672
23990,2,2.549309,0.126,4.822,0.72
23991,2,2.549416,0.118,5.004,0.739
23992,2,2.549522,0.13,4.719,0.709
23993,2,2.549628,0.136,4.532,0.691
23994,2,2.549734,0.135,4.622,0.696
23995,2,2.549841,0.116,5.027,0.743
23996,2,2.549947,0.119,5.009,0.735
23997,2,2.550053,0.114,5.112,0.745
23998,2,2.550159,0.132,4.633,0.703
23999,2,2.550266,0.151,4.255,0.655
24000,2,2.550372,0.121,4.861,0.732
24001,2,2.550478,0.12,4.943,0.73
24002,2,2.550584,0.112,5.099,0.745
24003,2,2.550691,0.145,4.38,0.669
24004,2,2.550797,0.113,5.111,0.747
24005,2,2.550903,0.131,4.676,0.708
24006,2,2.551010,0.14,4.452,0.685
24007,2,2.551116,0.115,5.023,0.739
24008,2,2.551222,0.119,4.984,0.735
24009,2,2.551328,0.131,4.631,0.706
24010,2,2.551435,0.115,5.018,0.742
24011,2,2.551541,0.13,4.777,0.706
24012,2,2.551647,0.12,4.89,0.734
24013,2,2.551753,0.107,5.227,0.76
24014,2,2.551860,0.121,4.986,0.734
24015,2,2.551966,0.134,4.571,0.694
24016,2,2.552072,0.144,4.378,0.677
24017,2,2.552179,0.115,5.053,0.746
24018,2,2.552285,0.125,4.771,0.721
24019,2,2.552391,0.124,4.888,0.72
24020,2,2.552497,0.127,4.807,0.718
24021,2,2.552604,0.132,4.67,0.702
24022,2,2.552710,0.127,4.824,0.716
24023,2,2.552816,0.139,4.468,0.69
24024,2,2.552922,0.143,4.419,0.676
24025,2,2.553029,0.145,4.337,0.669
24026,2,2.553135,0.142,4.471,0.677
24027,2,2.553241,0.132,4.693,0.706
24028,2,2.553348,0.126,4.781,0.714
24029,2,2.553454,0.142,4.432,0.678
24030,2,2.553560,0.119,4.918,0.739
24032,2,2.553773,0.145,4.346,0.668
24033,2,2.553879,0.102,5.34,0.773
24034,2,2.553985,0.121,4.859,0.732
24035,2,2.554091,0.134,4.577,0.693
24036,2,2.554198,0.123,4.829,0.725
24037,2,2.554304,0.12,4.93,0.727
24038,2,2.554410,0.131,4.69,0.702
24039,2,2.554516,0.117,4.997,0.746
24040,2,2.554623,0.122,4.895,0.726
24041,2,2.554729,0.137,4.525,0.693
24042,2,2.554835,0.12,4.913,0.733
24043,2,2.554942,0.141,4.509,0.68
24044,2,2.555048,0.138,4.536,0.689
24045,2,2.555154,0.136,4.573,0.692
24046,2,2.555260,0.112,5.124,0.751
24047,2,2.555367,0.119,5.001,0.736
24048,2,2.555473,0.131,4.7,0.703
24049,2,2.555579,0.111,5.162,0.755
24050,2,2.555685,0.114,5.098,0.75
24051,2,2.555792,0.131,4.656,0.702
24052,2,2.555898,0.127,4.784,0.719
24053,2,2.556004,0.132,4.643,0.704
24054,2,2.556111,0.133,4.657,0.699
24055,2,2.556217,0.142,4.465,0.68
24056,2,2.556323,0.128,4.789,0.712
24057,2,2.556429,0.125,4.828,0.722
24058,2,2.556536,0.093,5.582,0.801
24059,2,2.556642,0.133,4.632,0.696
24060,2,2.556748,0.133,4.643,0.698
24061,2,2.556854,0.142,4.405,0.677
24062,2,2.556961,0.133,4.597,0.698
24063,2,2.557067,0.136,4.607,0.692
24064,2,2.557173,0.141,4.519,0.677
24065,2,2.557279,0.09,5.653,0.805
24066,2,2.557386,0.131,4.706,0.707
24067,2,2.557492,0.121,4.873,0.73
24068,2,2.557598,0.114,5.091,0.744
24069,2,2.557705,0.117,4.957,0.739
24070,2,2.557811,0.101,5.38,0.779
24071,2,2.557917,0.134,4.615,0.699
24072,2,2.558023,0.129,4.693,0.711
24073,2,2.558130,0.127,4.783,0.717
24074,2,2.558236,0.126,4.84,0.717
24075,2,2.558342,0.127,4.749,0.724
24076,2,2.558448,0.116,5.013,0.744
24077,2,2.558555,0.131,4.651,0.707
24078,2,2.558661,0.153,4.202,0.651
24079,2,2.558767,0.119,4.967,0.737
24080,2,2.558874,0.134,4.628,0.698
24081,2,2.558980,0.133,4.64,0.704
24082,2,2.559086,0.134,4.583,0.699
24083,2,2.559192,0.131,4.66,0.708
24084,2,2.559299,0.12,4.933,0.735
24085,2,2.559405,0.111,5.193,0.75
24086,2,2.559511,0.14,4.45,0.684
24087,2,2.559617,0.133,4.639,0.702
24088,2,2.559724,0.114,5.09,0.749
24089,2,2.559830,0.142,4.444,0.677
24090,2,2.559936,0.121,4.906,0.731
24091,2,2.560043,0.111,5.139,0.755
24092,2,2.560149,0.153,4.202,0.653
24093,2,2.560255,0.127,4.8,0.717
24094,2,2.560361,0.124,4.843,0.725
24095,2,2.560468,0.122,4.904,0.729
24096,2,2.560574,0.135,4.581,0.699
24097,2,2.560680,0.133,4.673,0.698
24098,2,2.560786,0.14,4.488,0.695
24099,2,2.560893,0.107,5.252,0.765
24100,2,2.560999,0.132,4.677,0.697
24101,2,2.561105,0.147,4.244,0.665
24102,2,2.561211,0.132,4.619,0.703
24103,2,2.561318,0.132,4.677,0.7
24104,2,2.561424,0.125,4.789,0.717
24105,2,2.561530,0.123,4.808,0.72
24106,2,2.561637,0.123,4.916,0.725
24107,2,2.561743,0.126,4.809,0.713
24108,2,2.561849,0.133,4.6,0.698
24109,2,2.561955,0.127,4.794,0.716
24110,2,2.562062,0.127,4.805,0.716
24111,2,2.562168,0.122,4.937,0.726
24112,2,2.562274,0.129,4.738,0.71
24113,2,2.562380,0.129,4.74,0.711
24114,2,2.562487,0.141,4.432,0.685
24115,2,2.562593,0.125,4.788,0.724
24116,2,2.562699,0.121,4.918,0.725
24117,2,2.562806,0.142,4.384,0.67
24118,2,2.562912,0.139,4.535,0.688
24119,2,2.563018,0.122,4.923,0.729
24120,2,2.563124,0.118,5.039,0.739
24121,2,2.563231,0.131,4.674,0.705
24122,2,2.563337,0.142,4.433,0.676
24123,2,2.563443,0.131,4.761,0.71
24124,2,2.563549,0.131,4.646,0.708
24125,2,2.563656,0.117,4.952,0.74
24126,2,2.563762,0.157,4.052,0.641
24127,2,2.563868,0.129,4.794,0.71
24128,2,2.563974,0.117,5.034,0.744
24129,2,2.564081,0.141,4.473,0.681
24130,2,2.564187,0.118,4.986,0.736
24131,2,2.564293,0.105,5.295,0.77
24132,2,2.564400,0.122,4.88,0.73
24133,2,2.564506,0.137,4.56,0.69
24134,2,2.564612,0.138,4.562,0.689
24135,2,2.564718,0.147,4.277,0.664
24136,2,2.564825,0.123,4.801,0.726
24137,2,2.564931,0.123,4.949,0.724
24138,2,2.565037,0.117,4.983,0.741
24139,2,2.565143,0.147,4.341,0.669
24140,2,2.565250,0.148,4.298,0.663
24141,2,2.565356,0.119,4.89,0.728
24142,2,2.565462,0.127,4.812,0.712
24143,2,2.565569,0.132,4.636,0.698
24144,2,2.565675,0.125,4.816,0.721
24145,2,2.565781,0.117,5.035,0.738
24146,2,2.565887,0.129,4.747,0.713
24147,2,2.565994,0.132,4.629,0.704
24148,2,2.566100,0.142,4.413,0.682
24149,2,2.566206,0.119,4.922,0.74
24150,2,2.566312,0.114,5.063,0.75
24151,2,2.566419,0.114,5.079,0.747
24152,2,2.566525,0.127,4.769,0.72
24153,2,2.566631,0.118,4.951,0.738
24154,2,2.566738,0.108,5.208,0.764
24155,2,2.566844,0.152,4.246,0.655
24156,2,2.566950,0.128,4.797,0.713
24157,2,2.567056,0.131,4.692,0.705
24158,2,2.567163,0.134,4.604,0.702
24159,2,2.567269,0.123,4.9,0.727
24160,2,2.567375,0.144,4.42,0.684
24161,2,2.567481,0.102,5.379,0.78
24162,2,2.567588,0.141,4.443,0.681
24163,2,2.567694,0.14,4.47,0.681
24164,2,2.567800,0.129,4.711,0.709
24165,2,2.567906,0.104,5.275,0.774
24166,2,2.568013,0.134,4.632,0.691
24167,2,2.568119,0.123,4.829,0.724
24168,2,2.568225,0.131,4.703,0.706
24169,2,2.568332,0.134,4.593,0.698
24170,2,2.568438,0.114,5.069,0.745
24171,2,2.568544,0.148,4.249,0.664
24172,2,2.568650,0.127,4.753,0.715
24173,2,2.568757,0.114,5.092,0.748
24174,2,2.568863,0.118,4.959,0.74
24175,2,2.568969,0.136,4.607,0.696
24176,2,2.569075,0.125,4.755,0.716
24177,2,2.569182,0.137,4.565,0.69
24178,2,2.569288,0.105,5.281,0.771
24179,2,2.569394,0.143,4.404,0.674
24180,2,2.569501,0.115,5.066,0.744
24181,2,2.569607,0.144,4.341,0.674
24182,2,2.569713,0.127,4.803,0.717
24183,2,2.569819,0.141,4.5,0.679
24184,2,2.569926,0.119,5.004,0.734
24185,2,2.570032,0.15,4.217,0.658
24186,2,2.570138,0.147,4.329,0.678
24187,2,2.570244,0.156,4.115,0.641
24188,2,2.570351,0.125,4.774,0.716
24189,2,2.570457,0.12,4.901,0.735
24190,2,2.570563,0.113,5.088,0.745
24191,2,2.570670,0.134,4.606,0.701
24192,2,2.570776,0.13,4.69,0.705
24193,2,2.570882,0.115,5.042,0.742
24194,2,2.570988,0.14,4.486,0.687
24195,2,2.571095,0.125,4.809,0.714
24196,2,2.571201,0.125,4.822,0.722
24197,2,2.571307,0.142,4.441,0.685
24198,2,2.571413,0.14,4.475,0.684
24199,2,2.571520,0.119,4.953,0.732
24200,2,2.571626,0.119,4.976,0.729
24201,2,2.571732,0.127,4.765,0.719
24202,2,2.571838,0.139,4.524,0.685
24203,2,2.571945,0.126,4.883,0.718
24204,2,2.572051,0.105,5.279,0.766
24205,2,2.572157,0.14,4.489,0.683
24206,2,2.572264,0.139,4.471,0.685
24207,2,2.572370,0.13,4.736,0.708
24208,2,2.572476,0.13,4.689,0.71
24209,2,2.572582,0.122,4.933,0.725
24210,2,2.572689,0.116,5.019,0.745
24211,2,2.572795,0.13,4.749,0.709
24212,2,2.572901,0.102,5.369,0.777
24213,2,2.573007,0.129,4.672,0.712
24214,2,2.573114,0.124,4.975,0.733
24215,2,2.573220,0.124,4.803,0.723
24216,2,2.573326,0.128,4.767,0.716
24217,2,2.573433,0.141,4.416,0.679
24218,2,2.573539,0.111,5.129,0.755
24219,2,2.573645,0.145,4.364,0.668
24220,2,2.573751,0.15,4.264,0.658
24221,2,2.573858,0.129,4.764,0.711
24222,2,2.573964,0.11,5.18,0.757
24223,2,2.574070,0.12,4.92,0.732
24224,2,2.574176,0.143,4.387,0.675
24225,2,2.574283,0.143,4.359,0.673
24226,2,2.574389,0.132,4.615,0.704
24227,2,2.574495,0.126,4.83,0.718
24228,2,2.574601,0.107,5.225,0.765
24229,2,2.574708,0.143,4.343,0.675
24230,2,2.574814,0.139,4.562,0.687
24231,2,2.574920,0.156,4.126,0.647
24232,2,2.575027,0.149,4.256,0.659
24233,2,2.575133,0.124,4.852,0.725
24234,2,2.575239,0.142,4.44,0.674
24235,2,2.575345,0.115,5.019,0.744
24236,2,2.575452,0.127,4.777,0.721
24237,2,2.575558,0.135,4.634,0.69
24238,2,2.575664,0.148,4.264,0.671
24239,2,2.575770,0.153,4.217,0.649
24240,2,2.575877,0.104,5.28,0.775
24241,2,2.575983,0.117,5.085,0.741
24242,2,2.576089,0.145,4.405,0.671
24243,2,2.576196,0.112,5.106,0.751
24244,2,2.576302,0.122,4.927,0.733
24245,2,2.576408,0.124,4.84,0.718
24246,2,2.576514,0.132,4.657,0.705
24247,2,2.576621,0.125,4.833,0.717
24248,2,2.576727,0.114,5.084,0.749
24249,2,2.576833,0.133,4.604,0.701
24250,2,2.576939,0.131,4.666,0.704
24251,2,2.577046,0.119,4.979,0.735
24252,2,2.577152,0.108,5.22,0.763
24253,2,2.577258,0.143,4.432,0.68
24254,2,2.577365,0.114,5.181,0.747
24255,2,2.577471,0.119,4.979,0.736
24256,2,2.577577,0.121,4.907,0.733
24257,2,2.577683,0.105,5.33,0.758
24258,2,2.577790,0.132,4.671,0.702
24259,2,2.577896,0.125,4.809,0.719
24260,2,2.578002,0.127,4.802,0.714
24261,2,2.578108,0.124,4.837,0.718
24262,2,2.578215,0.122,4.874,0.726
24263,2,2.578321,0.123,4.806,0.721
24264,2,2.578427,0.135,4.584,0.693
24265,2,2.578533,0.128,4.732,0.71
24266,2,2.578640,0.13,4.711,0.712
24267,2,2.578746,0.134,4.595,0.7
24268,2,2.578852,0.135,4.593,0.701
24269,2,2.578959,0.137,4.559,0.694
24270,2,2.579065,0.116,5.055,0.74
24271,2,2.579171,0.129,4.739,0.713
24272,2,2.579277,0.138,4.486,0.688
24273,2,2.579384,0.134,4.635,0.696
24274,2,2.579490,0.135,4.564,0.699
24275,2,2.579596,0.119,4.956,0.735
24276,2,2.579702,0.158,4.051,0.645
24277,2,2.579809,0.105,5.241,0.768
24278,2,2.579915,0.129,4.763,0.708
24279,2,2.580021,0.147,4.306,0.669
24280,2,2.580128,0.134,4.573,0.7
24281,2,2.580234,0.142,4.41,0.673
24282,2,2.580340,0.133,4.648,0.702
24283,2,2.580446,0.121,4.927,0.73
24284,2,2.580553,0.121,4.98,0.731
24285,2,2.580659,0.117,5.023,0.739
24286,2,2.580765,0.128,4.711,0.711
24287,2,2.580871,0.133,4.685,0.699
24288,2,2.580978,0.116,5.017,0.743
24289,2,2.581084,0.125,4.816,0.722
24290,2,2.581190,0.14,4.499,0.697
24291,2,2.581296,0.109,5.218,0.761
24292,2,2.581403,0.144,4.378,0.668
24293,2,2.581509,0.131,4.687,0.709
24294,2,2.581615,0.131,4.705,0.711
24295,2,2.581722,0.15,4.272,0.661
24296,2,2.581828,0.129,4.663,0.705
24297,2,2.581934,0.123,4.854,0.722
24298,2,2.582040,0.135,4.536,0.694
24299,2,2.582147,0.115,5.108,0.746
24300,2,2.582253,0.119,4.991,0.731
24301,2,2.582359,0.124,4.855,0.722
24302,2,2.582465,0.116,5.112,0.741
24303,2,2.582572,0.118,5.007,0.741
24304,2,2.582678,0.121,4.931,0.728
24305,2,2.582784,0.102,5.347,0.774
24306,2,2.582891,0.124,4.877,0.725
24307,2,2.582997,0.149,4.261,0.657
24308,2,2.583103,0.119,4.877,0.739
24309,2,2.583209,0.144,4.367,0.672
24310,2,2.583316,0.148,4.308,0.659
24311,2,2.583422,0.124,4.839,0.729
24312,2,2.583528,0.129,4.681,0.709
24313,2,2.583634,0.13,4.702,0.705
24314,2,2.583741,0.119,4.968,0.735
24315,2,2.583847,0.12,4.94,0.736
24316,2,2.583953,0.13,4.715,0.709
24317,2,2.584060,0.139,4.45,0.679
24318,2,2.584166,0.124,4.833,0.723
24319,2,2.584272,0.133,4.614,0.698
24320,2,2.584378,0.135,4.563,0.697
24321,2,2.584485,0.138,4.554,0.689
24322,2,2.584591,0.137,4.524,0.695
24323,2,2.584697,0.126,4.797,0.712
24324,2,2.584803,0.113,5.156,0.748
24325,2,2.584910,0.146,4.294,0.671
24326,2,2.585016,0.134,4.576,0.7
24327,2,2.585122,0.12,4.907,0.733
24328,2,2.585228,0.135,4.572,0.695
24329,2,2.585335,0.132,4.69,0.7
24330,2,2.585441,0.126,4.804,0.714
24331,2,2.585547,0.123,4.845,0.728
24332,2,2.585654,0.131,4.689,0.71
24333,2,2.585760,0.141,4.453,0.687
24334,2,2.585866,0.13,4.663,0.705
24335,2,2.585972,0.126,4.803,0.72
24336,2,2.586079,0.138,4.567,0.692
24337,2,2.586185,0.127,4.788,0.715
24338,2,2.586291,0.122,4.945,0.73
24339,2,2.586397,0.133,4.659,0.699
24340,2,2.586504,0.127,4.754,0.715
24341,2,2.586610,0.136,4.567,0.691
24342,2,2.586716,0.129,4.746,0.712
24343,2,2.586823,0.119,4.95,0.732
24344,2,2.586929,0.119,4.924,0.737
24345,2,2.587035,0.109,5.191,0.758
24346,2,2.587141,0.153,4.252,0.652
24347,2,2.587248,0.128,4.759,0.715
24348,2,2.587354,0.131,4.647,0.702
24349,2,2.587460,0.138,4.557,0.692
24350,2,2.587566,0.12,4.989,0.733
24351,2,2.587673,0.108,5.23,0.761
24352,2,2.587779,0.132,4.625,0.704
24353,2,2.587885,0.114,5.107,0.743
24354,2,2.587991,0.115,5.091,0.743
24355,2,2.588098,0.144,4.433,0.671
24356,2,2.588204,0.134,4.555,0.697
24357,2,2.588310,0.121,4.92,0.735
24358,2,2.588417,0.145,4.375,0.675
24359,2,2.588523,0.157,4.118,0.637
24360,2,2.588629,0.128,4.727,0.715
24361,2,2.588735,0.119,4.947,0.734
24362,2,2.588842,0.144,4.37,0.675
24363,2,2.588948,0.12,4.931,0.732
24364,2,2.589054,0.122,4.911,0.729
24365,2,2.589160,0.109,5.194,0.757
24366,2,2.589267,0.128,4.787,0.712
24367,2,2.589373,0.128,4.77,0.72
24368,2,2.589479,0.126,4.797,0.72
24369,2,2.589586,0.124,4.864,0.722
24370,2,2.589692,0.11,5.173,0.754
24371,2,2.589798,0.13,4.727,0.712
24372,2,2.589904,0.124,4.811,0.717
24373,2,2.590011,0.139,4.468,0.692
24374,2,2.590117,0.117,5.05,0.739
24375,2,2.590223,0.125,4.831,0.721
24376,2,2.590329,0.112,5.178,0.753
24377,2,2.590436,0.15,4.24,0.657
24378,2,2.590542,0.126,4.794,0.714
24379,2,2.590648,0.115,5.051,0.745
24380,2,2.590755,0.119,4.955,0.73
24381,2,2.590861,0.117,5.033,0.74
24382,2,2.590967,0.131,4.716,0.701
24383,2,2.591073,0.134,4.659,0.697
24384,2,2.591180,0.125,4.86,0.721
24385,2,2.591286,0.133,4.653,0.7
24386,2,2.591392,0.116,5.037,0.744
24387,2,2.591498,0.127,4.779,0.716
24388,2,2.591605,0.126,4.796,0.717
24389,2,2.591711,0.11,5.181,0.757
24390,2,2.591817,0.142,4.448,0.679
24391,2,2.591923,0.111,5.152,0.753
24392,2,2.592030,0.114,5.083,0.746
24393,2,2.592136,0.129,4.71,0.712
24394,2,2.592242,0.131,4.691,0.704
24395,2,2.592349,0.141,4.47,0.681
24396,2,2.592455,0.119,4.966,0.733
24397,2,2.592561,0.138,4.487,0.689
24398,2,2.592667,0.122,4.835,0.726
24399,2,2.592774,0.124,4.874,0.722
24400,2,2.592880,0.134,4.584,0.701
24401,2,2.592986,0.128,4.752,0.716
24402,2,2.593092,0.131,4.602,0.705
24403,2,2.593199,0.114,5.053,0.741
24404,2,2.593305,0.125,4.862,0.719
24405,2,2.593411,0.138,4.484,0.687
24406,2,2.593518,0.124,4.802,0.723
24407,2,2.593624,0.127,4.792,0.717
24408,2,2.593730,0.115,5.066,0.743
24409,2,2.593836,0.131,4.652,0.708
24410,2,2.593943,0.139,4.494,0.685
24411,2,2.594049,0.142,4.468,0.677
24412,2,2.594155,0.147,4.312,0.662
24413,2,2.594261,0.113,5.127,0.757
24414,2,2.594368,0.127,4.794,0.715
24415,2,2.594474,0.13,4.697,0.711
24416,2,2.594580,0.125,4.871,0.717
24417,2,2.594687,0.119,5.006,0.732
24418,2,2.594793,0.12,4.892,0.731
24419,2,2.594899,0.137,4.517,0.694
24420,2,2.595005,0.119,4.99,0.733
24421,2,2.595112,0.145,4.333,0.669
24422,2,2.595218,0.126,4.797,0.72
24423,2,2.595324,0.117,4.992,0.738
24424,2,2.595430,0.119,4.916,0.732
24425,2,2.595537,0.123,4.902,0.723
24426,2,2.595643,0.119,4.992,0.732
24427,2,2.595749,0.114,5.081,0.745
24428,2,2.595855,0.138,4.511,0.686
24429,2,2.595962,0.128,4.758,0.716
24430,2,2.596068,0.145,4.358,0.666
24431,2,2.596174,0.11,5.177,0.759
24432,2,2.596281,0.135,4.629,0.696
24433,2,2.596387,0.112,5.141,0.752
24434,2,2.596493,0.13,4.732,0.709
24435,2,2.596599,0.139,4.603,0.684
24436,2,2.596706,0.131,4.712,0.702
24437,2,2.596812,0.128,4.744,0.711
24438,2,2.596918,0.128,4.763,0.712
24439,2,2.597024,0.141,4.476,0.681
24440,2,2.597131,0.124,4.876,0.721
24441,2,2.597237,0.128,4.761,0.714
24442,2,2.597343,0.143,4.38,0.673
24443,2,2.597450,0.119,4.943,0.736
24444,2,2.597556,0.142,4.439,0.675
24445,2,2.597662,0.131,4.685,0.701
24446,2,2.597768,0.131,4.708,0.712
24447,2,2.597875,0.131,4.625,0.703
24448,2,2.597981,0.156,4.127,0.642
24449,2,2.598087,0.133,4.677,0.698
24450,2,2.598193,0.135,4.604,0.695
24451,2,2.598300,0.135,4.616,0.693
24452,2,2.598406,0.134,4.618,0.699
24453,2,2.598512,0.127,4.777,0.714
24454,2,2.598618,0.119,4.919,0.737
24455,2,2.598725,0.131,4.651,0.707
24456,2,2.598831,0.12,4.882,0.733
24457,2,2.598937,0.137,4.54,0.688
24458,2,2.599044,0.131,4.714,0.704
24459,2,2.599150,0.131,4.677,0.705
24460,2,2.599256,0.141,4.461,0.679
24461,2,2.599362,0.127,4.772,0.718
24462,2,2.599469,0.119,4.908,0.734
24463,2,2.599575,0.129,4.721,0.713
24464,2,2.599681,0.115,5.065,0.745
24465,2,2.599787,0.104,5.346,0.773
24466,2,2.599894,0.125,4.829,0.722
24467,2,2.600000,0.123,4.882,0.721
24468,2,2.600106,0.106,5.305,0.763
24469,2,2.600213,0.11,5.195,0.752
24470,2,2.600319,0.153,4.31,0.672
24471,2,2.600425,0.136,4.547,0.691
24472,2,2.600531,0.13,4.702,0.711
24473,2,2.600638,0.121,4.909,0.734
24474,2,2.600744,0.142,4.414,0.678
24475,2,2.600850,0.132,4.672,0.703
24476,2,2.600956,0.139,4.529,0.688
24477,2,2.601063,0.131,4.7,0.705
24478,2,2.601169,0.111,5.114,0.751
24479,2,2.601275,0.129,4.756,0.713
24480,2,2.601382,0.152,4.19,0.655
24481,2,2.601488,0.125,4.841,0.721
24482,2,2.601594,0.134,4.652,0.7
24483,2,2.601700,0.108,5.225,0.766
24484,2,2.601807,0.134,4.589,0.695
24485,2,2.601913,0.112,5.101,0.756
24486,2,2.602019,0.111,5.152,0.758
24487,2,2.602125,0.122,4.871,0.725
24488,2,2.602232,0.133,4.647,0.698
24489,2,2.602338,0.12,4.98,0.732
24490,2,2.602444,0.115,5.043,0.746
24491,2,2.602550,0.129,4.709,0.707
24492,2,2.602657,0.113,5.096,0.748
24493,2,2.602763,0.131,4.644,0.708
24494,2,2.602869,0.119,4.943,0.74
24495,2,2.602976,0.114,5.079,0.745
24496,2,2.603082,0.124,4.792,0.721
24497,2,2.603188,0.134,4.566,0.697
24498,2,2.603294,0.109,5.173,0.755
24499,2,2.603401,0.124,4.804,0.722
24500,2,2.603507,0.136,4.54,0.693
24501,2,2.603613,0.129,4.689,0.711
24502,2,2.603719,0.152,4.264,0.651
24503,2,2.603826,0.135,4.576,0.695
24504,2,2.603932,0.138,4.544,0.693
24505,2,2.604038,0.126,4.728,0.723
24506,2,2.604145,0.105,5.272,0.768
24507,2,2.604251,0.117,5.022,0.742
24508,2,2.604357,0.144,4.367,0.673
24509,2,2.604463,0.138,4.538,0.683
24510,2,2.604570,0.142,4.452,0.678
24511,2,2.604676,0.119,4.977,0.734
24512,2,2.604782,0.124,4.841,0.721
24513,2,2.604888,0.134,4.587,0.699
24514,2,2.604995,0.127,4.811,0.714
24515,2,2.605101,0.117,4.935,0.738
24516,2,2.605207,0.137,4.512,0.69
24517,2,2.605313,0.117,5.017,0.741
24518,2,2.605420,0.131,4.667,0.704
24519,2,2.605526,0.147,4.319,0.669
24520,2,2.605632,0.152,4.173,0.651
24521,2,2.605739,0.121,4.906,0.728
24522,2,2.605845,0.131,4.666,0.711
24523,2,2.605951,0.147,4.368,0.664
24524,2,2.606057,0.125,4.814,0.719
24525,2,2.606164,0.104,5.327,0.768
24526,2,2.606270,0.127,4.767,0.718
24527,2,2.606376,0.147,4.301,0.662
24528,2,2.606482,0.136,4.564,0.698
24529,2,2.606589,0.131,4.612,0.706
24530,2,2.606695,0.135,4.622,0.697
24531,2,2.606801,0.133,4.628,0.699
24532,2,2.606908,0.126,4.851,0.718
24533,2,2.607014,0.109,5.173,0.759
24534,2,2.607120,0.136,4.518,0.691
24535,2,2.607226,0.113,5.127,0.749
24536,2,2.607333,0.14,4.49,0.688
24537,2,2.607439,0.128,4.719,0.71
24538,2,2.607545,0.119,4.958,0.727
24539,2,2.607651,0.138,4.49,0.687
24540,2,2.607758,0.119,4.974,0.735
24541,2,2.607864,0.129,4.757,0.714
24542,2,2.607970,0.136,4.548,0.69
24543,2,2.608077,0.13,4.709,0.705
24544,2,2.608183,0.129,4.719,0.712
24545,2,2.608289,0.142,4.495,0.68
24546,2,2.608395,0.113,5.093,0.751
24547,2,2.608502,0.146,4.334,0.666
24548,2,2.608608,0.112,5.133,0.751
24549,2,2.608714,0.121,4.884,0.727
24550,2,2.608820,0.148,4.345,0.665
24551,2,2.608927,0.135,4.598,0.694
24552,2,2.609033,0.148,4.276,0.666
24553,2,2.609139,0.124,4.843,0.725
24554,2,2.609245,0.131,4.675,0.703
24555,2,2.609352,0.122,4.9,0.726
24556,2,2.609458,0.113,5.133,0.748
24557,2,2.609564,0.124,4.817,0.717
24558,2,2.609671,0.119,4.934,0.737
24559,2,2.609777,0.1,5.423,0.782
24560,2,2.609883,0.119,4.969,0.739
24561,2,2.609989,0.123,4.865,0.721
24562,2,2.610096,0.129,4.697,0.711
24563,2,2.610202,0.117,5.068,0.743
24564,2,2.610308,0.124,4.829,0.722
24565,2,2.610414,0.126,4.831,0.715
24566,2,2.610521,0.131,4.702,0.707
24567,2,2.610627,0.115,5.032,0.742
24568,2,2.610733,0.125,4.792,0.717
24569,2,2.610840,0.141,4.437,0.683
24570,2,2.610946,0.127,4.804,0.717
24571,2,2.611052,0.131,4.745,0.709
24572,2,2.611158,0.129,4.742,0.71
24573,2,2.611265,0.113,5.096,0.747
24574,2,2.611371,0.114,5.05,0.748
24575,2,2.611477,0.131,4.588,0.707
24576,2,2.611583,0.139,4.476,0.686
24577,2,2.611690,0.108,5.198,0.76
24578,2,2.611796,0.132,4.67,0.704
24579,2,2.611902,0.121,4.886,0.726
24580,2,2.612009,0.131,4.666,0.704
24581,2,2.612115,0.125,4.757,0.716
24582,2,2.612221,0.119,4.95,0.733
24583,2,2.612327,0.117,4.991,0.738
24584,2,2.612434,0.142,4.365,0.678
24585,2,2.612540,0.113,5.092,0.748
24586,2,2.612646,0.109,5.147,0.762
24587,2,2.612752,0.135,4.656,0.692
24588,2,2.612859,0.12,4.934,0.732
24589,2,2.612965,0.117,5.04,0.736
24590,2,2.613071,0.139,4.545,0.688
24591,2,2.613177,0.114,5.071,0.75
24592,2,2.613284,0.125,4.796,0.72
24593,2,2.613390,0.127,4.758,0.716
24594,2,2.613496,0.142,4.45,0.674
24595,2,2.613603,0.139,4.482,0.688
24596,2,2.613709,0.125,4.828,0.72
24597,2,2.613815,0.119,4.959,0.738
24598,2,2.613921,0.137,4.529,0.687
24599,2,2.614028,0.132,4.657,0.703
24600,2,2.614134,0.143,4.361,0.678
24601,2,2.614240,0.116,5.042,0.743
24602,2,2.614346,0.129,4.723,0.711
24603,2,2.614453,0.122,4.931,0.727
24604,2,2.614559,0.142,4.394,0.679
24605,2,2.614665,0.117,4.981,0.74
24606,2,2.614772,0.122,4.825,0.724
24607,2,2.614878,0.139,4.526,0.687
24608,2,2.614984,0.132,4.634,0.697
24609,2,2.615090,0.131,4.668,0.708
24610,2,2.615197,0.12,4.943,0.73
24611,2,2.615303,0.118,4.993,0.739
24612,2,2.615409,0.139,4.488,0.686
24613,2,2.615515,0.131,4.67,0.712
24614,2,2.615622,0.128,4.767,0.709
24615,2,2.615728,0.121,4.915,0.726
24616,2,2.615834,0.126,4.808,0.719
24617,2,2.615940,0.144,4.374,0.676
24618,2,2.616047,0.119,4.968,0.732
24619,2,2.616153,0.139,4.487,0.687
24620,2,2.616259,0.124,4.801,0.72
24621,2,2.616366,0.129,4.741,0.714
24622,2,2.616472,0.133,4.681,0.699
24623,2,2.616578,0.109,5.118,0.757
24624,2,2.616684,0.132,4.642,0.703
24625,2,2.616791,0.131,4.679,0.708
24626,2,2.616897,0.142,4.476,0.676
24627,2,2.617003,0.149,4.225,0.658
24628,2,2.617109,0.129,4.722,0.71
24629,2,2.617216,0.135,4.615,0.698
24630,2,2.617322,0.137,4.526,0.69
24631,2,2.617428,0.153,4.243,0.655
24632,2,2.617535,0.115,5.057,0.743
24633,2,2.617641,0.132,4.65,0.704
24634,2,2.617747,0.13,4.676,0.712
24635,2,2.617853,0.122,4.882,0.727
24636,2,2.617960,0.127,4.827,0.721
24637,2,2.618066,0.13,4.738,0.713
24638,2,2.618172,0.125,4.763,0.721
24639,2,2.618278,0.134,4.632,0.701
24640,2,2.618385,0.153,4.176,0.654
24641,2,2.618491,0.149,4.248,0.661
24642,2,2.618597,0.121,4.926,0.729
24643,2,2.618704,0.132,4.597,0.702
24644,2,2.618810,0.125,4.835,0.724
24645,2,2.618916,0.102,5.339,0.777
24646,2,2.619022,0.123,4.855,0.725
24647,2,2.619129,0.135,4.6,0.694
24648,2,2.619235,0.143,4.421,0.673
24649,2,2.619341,0.156,4.076,0.641
24650,2,2.619447,0.129,4.729,0.713
24651,2,2.619554,0.149,4.256,0.662
24652,2,2.619660,0.106,5.234,0.765
24653,2,2.619766,0.127,4.742,0.717
24654,2,2.619872,0.138,4.519,0.678
24655,2,2.619979,0.119,4.972,0.734
24656,2,2.620085,0.119,4.975,0.736
24657,2,2.620191,0.136,4.581,0.693
24658,2,2.620298,0.131,4.664,0.703
24659,2,2.620404,0.116,4.992,0.742
24660,2,2.620510,0.119,5.001,0.741
24661,2,2.620616,0.133,4.629,0.705
24662,2,2.620723,0.131,4.718,0.7
24663,2,2.620829,0.139,4.524,0.682
24664,2,2.620935,0.13,4.705,0.712
24665,2,2.621041,0.117,5.063,0.741
24666,2,2.621148,0.117,5.01,0.738
24667,2,2.621254,0.139,4.51,0.68
24668,2,2.621360,0.128,4.77,0.713
24669,2,2.621467,0.137,4.548,0.685
24670,2,2.621573,0.128,4.758,0.712
24671,2,2.621679,0.136,4.545,0.695
24672,2,2.621785,0.144,4.427,0.671
24673,2,2.621892,0.141,4.446,0.684
24674,2,2.621998,0.138,4.523,0.683
24675,2,2.622104,0.114,5.089,0.751
24676,2,2.622210,0.132,4.606,0.703
24677,2,2.622317,0.135,4.583,0.694
24678,2,2.622423,0.131,4.691,0.703
24679,2,2.622529,0.109,5.196,0.754
24680,2,2.622635,0.119,4.984,0.736
24681,2,2.622742,0.113,5.09,0.748
24682,2,2.622848,0.13,4.684,0.704
24683,2,2.622954,0.131,4.698,0.702
24684,2,2.623061,0.121,4.927,0.731
24685,2,2.623167,0.123,4.836,0.726
24686,2,2.623273,0.122,4.823,0.725
24687,2,2.623379,0.112,5.089,0.748
24688,2,2.623486,0.123,4.874,0.724
24689,2,2.623592,0.114,5.066,0.745
24690,2,2.623698,0.112,5.152,0.749
24691,2,2.623804,0.1,5.427,0.781
24692,2,2.623911,0.144,4.379,0.673
24693,2,2.624017,0.127,4.762,0.713
24694,2,2.624123,0.124,4.832,0.727
24695,2,2.624230,0.125,4.877,0.719
24696,2,2.624336,0.119,5.025,0.736
24697,2,2.624442,0.132,4.657,0.702
24698,2,2.624548,0.125,4.92,0.719
24699,2,2.624655,0.134,4.606,0.699
24700,2,2.624761,0.14,4.492,0.686
24701,2,2.624867,0.136,4.605,0.692
24702,2,2.624973,0.143,4.398,0.673
24703,2,2.625080,0.141,4.463,0.68
24704,2,2.625186,0.141,4.452,0.683
24705,2,2.625292,0.117,4.994,0.744
24706,2,2.625399,0.145,4.339,0.669
24707,2,2.625505,0.142,4.447,0.682
24708,2,2.625611,0.12,4.897,0.735
24709,2,2.625717,0.107,5.233,0.761
24710,2,2.625824,0.146,4.339,0.672
24711,2,2.625930,0.122,4.899,0.727
24712,2,2.626036,0.134,4.633,0.697
24713,2,2.626142,0.147,4.31,0.665
24714,2,2.626249,0.153,4.21,0.645
24715,2,2.626355,0.12,4.983,0.729
24716,2,2.626461,0.127,4.75,0.719
24717,2,2.626567,0.136,4.6,0.692
24718,2,2.626674,0.107,5.233,0.769
24719,2,2.626780,0.149,4.231,0.664
24720,2,2.626886,0.128,4.72,0.711
24721,2,2.626993,0.132,4.678,0.703
24722,2,2.627099,0.133,4.633,0.698
24723,2,2.627205,0.114,5.082,0.748
24724,2,2.627311,0.146,4.41,0.667
24725,2,2.627418,0.142,4.471,0.67
24726,2,2.627524,0.132,4.646,0.699
24727,2,2.627630,0.141,4.463,0.682
24728,2,2.627736,0.118,4.941,0.735
24729,2,2.627843,0.139,4.452,0.689
24730,2,2.627949,0.117,5.042,0.74
24731,2,2.628055,0.123,4.825,0.725
24732,2,2.628162,0.119,4.953,0.734
24733,2,2.628268,0.124,4.845,0.727
24734,2,2.628374,0.122,4.867,0.725
24735,2,2.628480,0.145,4.385,0.669
24736,2,2.628587,0.13,4.704,0.71
24737,2,2.628693,0.116,5.083,0.742
24738,2,2.628799,0.129,4.719,0.713
24739,2,2.628905,0.135,4.574,0.692
24740,2,2.629012,0.126,4.804,0.721
24741,2,2.629118,0.135,4.563,0.693
24742,2,2.629224,0.12,4.944,0.73
24743,2,2.629330,0.117,4.998,0.737
24744,2,2.629437,0.15,4.28,0.657
24745,2,2.629543,0.122,4.894,0.729
24746,2,2.629649,0.123,4.83,0.717
24747,2,2.629756,0.106,5.262,0.764
24748,2,2.629862,0.136,4.574,0.694
24749,2,2.629968,0.148,4.299,0.663
24750,2,2.630074,0.119,4.979,0.731
24751,2,2.630181,0.115,5.022,0.747
24752,2,2.630287,0.127,4.766,0.717
24753,2,2.630393,0.118,5.016,0.736
24754,2,2.630499,0.119,4.929,0.735
24755,2,2.630606,0.107,5.279,0.762
24756,2,2.630712,0.122,4.88,0.725
24757,2,2.630818,0.136,4.577,0.689
24758,2,2.630925,0.113,5.161,0.746
24759,2,2.631031,0.145,4.288,0.667
24760,2,2.631137,0.123,4.878,0.721
24761,2,2.631243,0.123,4.836,0.723
24762,2,2.631350,0.136,4.528,0.695
24763,2,2.631456,0.128,4.75,0.71
24764,2,2.631562,0.118,4.945,0.738
24765,2,2.631668,0.149,4.341,0.649
24766,2,2.631775,0.119,4.936,0.736
24767,2,2.631881,0.139,4.525,0.687
24768,2,2.631987,0.129,4.716,0.707
24769,2,2.632094,0.118,4.972,0.735
24770,2,2.632200,0.111,5.111,0.757
24771,2,2.632306,0.12,4.912,0.734
24772,2,2.632412,0.142,4.427,0.683
24773,2,2.632519,0.103,5.334,0.769
24774,2,2.632625,0.136,4.588,0.695
24775,2,2.632731,0.122,4.941,0.729
24776,2,2.632837,0.131,4.691,0.701
24777,2,2.632944,0.132,4.637,0.696
24778,2,2.633050,0.131,4.656,0.7
24779,2,2.633156,0.129,4.772,0.71
24780,2,2.633262,0.104,5.352,0.771
24781,2,2.633369,0.123,4.923,0.726
24782,2,2.633475,0.141,4.475,0.685
24783,2,2.633581,0.128,4.769,0.716
24784,2,2.633688,0.132,4.632,0.701
24785,2,2.633794,0.119,4.939,0.735
24786,2,2.633900,0.102,5.39,0.776
24787,2,2.634006,0.131,4.589,0.698
24788,2,2.634113,0.13,4.647,0.712
24789,2,2.634219,0.121,4.88,0.726
24790,2,2.634325,0.13,4.734,0.709
24791,2,2.634431,0.119,4.936,0.737
24792,2,2.634538,0.13,4.738,0.711
24793,2,2.634644,0.139,4.493,0.68
24794,2,2.634750,0.142,4.453,0.679
24795,2,2.634857,0.134,4.629,0.695
24796,2,2.634963,0.123,4.875,0.723
24797,2,2.635069,0.139,4.537,0.685
24798,2,2.635175,0.119,5.009,0.736
24799,2,2.635282,0.132,4.667,0.7
24800,2,2.635388,0.109,5.237,0.76
24801,2,2.635494,0.126,4.803,0.717
24802,2,2.635600,0.144,4.359,0.669
24803,2,2.635707,0.107,5.242,0.762
24804,2,2.635813,0.127,4.879,0.738
24805,2,2.635919,0.123,4.879,0.72
24806,2,2.636026,0.123,4.884,0.727
24807,2,2.636132,0.134,4.597,0.698
24808,2,2.636238,0.126,4.83,0.719
24809,2,2.636344,0.121,4.952,0.727
24810,2,2.636451,0.136,4.505,0.696
24811,2,2.636557,0.125,4.839,0.724
24812,2,2.636663,0.127,4.76,0.712
24813,2,2.636769,0.115,5.066,0.745
24814,2,2.636876,0.125,4.825,0.714
24815,2,2.636982,0.123,4.89,0.723
24816,2,2.637088,0.125,4.875,0.722
24817,2,2.637194,0.142,4.455,0.679
24818,2,2.637301,0.132,4.63,0.699
24819,2,2.637407,0.107,5.291,0.762
24820,2,2.637513,0.119,4.93,0.735
24821,2,2.637620,0.136,4.581,0.69
24822,2,2.637726,0.128,4.799,0.715
24823,2,2.637832,0.134,4.58,0.699
24824,2,2.637938,0.134,4.57,0.694
24825,2,2.638045,0.118,4.92,0.738
24826,2,2.638151,0.136,4.529,0.692
24827,2,2.638257,0.151,4.219,0.653
24828,2,2.638363,0.142,4.455,0.676
24829,2,2.638470,0.142,4.444,0.68
24830,2,2.638576,0.129,4.765,0.708
24831,2,2.638682,0.137,4.545,0.693
24832,2,2.638789,0.146,4.294,0.669
24833,2,2.638895,0.128,4.741,0.713
24834,2,2.639001,0.138,4.548,0.692
24835,2,2.639107,0.115,5.061,0.743
24836,2,2.639214,0.145,4.357,0.676
24837,2,2.639320,0.136,4.615,0.694
24838,2,2.639426,0.125,4.836,0.721
24839,2,2.639532,0.13,4.702,0.709
24840,2,2.639639,0.135,4.521,0.697
24841,2,2.639745,0.136,4.603,0.689
24842,2,2.639851,0.134,4.673,0.699
24843,2,2.639957,0.13,4.696,0.711
24844,2,2.640064,0.128,4.839,0.712
24845,2,2.640170,0.136,4.522,0.698
24846,2,2.640276,0.139,4.506,0.684
24847,2,2.640383,0.122,4.879,0.727
24848,2,2.640489,0.134,4.563,0.703
24849,2,2.640595,0.131,4.718,0.709
24850,2,2.640701,0.145,4.338,0.673
24851,2,2.640808,0.137,4.577,0.692
24852,2,2.640914,0.128,4.775,0.713
24853,2,2.641020,0.128,4.753,0.712
24854,2,2.641126,0.127,4.757,0.71
24855,2,2.641233,0.14,4.45,0.68
24856,2,2.641339,0.133,4.622,0.701
24857,2,2.641445,0.136,4.52,0.695
24858,2,2.641552,0.124,4.822,0.722
24859,2,2.641658,0.131,4.64,0.705
24860,2,2.641764,0.124,4.797,0.721
24861,2,2.641870,0.13,4.713,0.714
24862,2,2.641977,0.126,4.831,0.715
24863,2,2.642083,0.113,5.07,0.747
24864,2,2.642189,0.135,4.637,0.696
24865,2,2.642295,0.122,4.877,0.73
24866,2,2.642402,0.128,4.808,0.713
24867,2,2.642508,0.124,4.879,0.72
24868,2,2.642614,0.131,4.691,0.706
24869,2,2.642721,0.116,5.005,0.737
24870,2,2.642827,0.108,5.183,0.764
24871,2,2.642933,0.113,5.113,0.749
24872,2,2.643039,0.115,5.06,0.745
24873,2,2.643146,0.134,4.602,0.694
24874,2,2.643252,0.126,4.812,0.722
24875,2,2.643358,0.121,4.925,0.731
24876,2,2.643464,0.104,5.315,0.77
24877,2,2.643571,0.137,4.532,0.692
24878,2,2.643677,0.127,4.757,0.712
24879,2,2.643783,0.131,4.716,0.704
24880,2,2.643889,0.128,4.752,0.707
24881,2,2.643996,0.137,4.546,0.693
24882,2,2.644102,0.135,4.546,0.697
24883,2,2.644208,0.108,5.185,0.761
24884,2,2.644315,0.114,5.128,0.746
24885,2,2.644421,0.14,4.458,0.688
24886,2,2.644527,0.121,4.858,0.725
24887,2,2.644633,0.146,4.329,0.665
24888,2,2.644740,0.111,5.141,0.752
24889,2,2.644846,0.14,4.464,0.682
24890,2,2.644952,0.15,4.217,0.659
24891,2,2.645058,0.123,4.84,0.726
24892,2,2.645165,0.129,4.709,0.713
24893,2,2.645271,0.142,4.437,0.682
24894,2,2.645377,0.142,4.456,0.676
24895,2,2.645484,0.117,5.016,0.74
24896,2,2.645590,0.123,4.93,0.729
24897,2,2.645696,0.117,5.025,0.741
24898,2,2.645802,0.135,4.527,0.694
24899,2,2.645909,0.112,5.148,0.748
24900,2,2.646015,0.127,4.775,0.715
24901,2,2.646121,0.125,4.847,0.72
24902,2,2.646227,0.125,4.804,0.717
24903,2,2.646334,0.113,5.101,0.753
24904,2,2.646440,0.133,4.624,0.702
24905,2,2.646546,0.124,4.785,0.725
24906,2,2.646652,0.127,4.762,0.718
24907,2,2.646759,0.119,5.02,0.738
24908,2,2.646865,0.128,4.811,0.714
24909,2,2.646971,0.121,4.918,0.726
24910,2,2.647078,0.135,4.581,0.695
24911,2,2.647184,0.134,4.601,0.698
24912,2,2.647290,0.133,4.741,0.7
24913,2,2.647396,0.129,4.758,0.711
24914,2,2.647503,0.134,4.608,0.705
24915,2,2.647609,0.125,4.789,0.721
24916,2,2.647715,0.131,4.689,0.7
24917,2,2.647821,0.135,4.587,0.695
24918,2,2.647928,0.132,4.588,0.699
24919,2,2.648034,0.149,4.32,0.659
24920,2,2.648140,0.135,4.571,0.7
24921,2,2.648247,0.119,4.914,0.731
24922,2,2.648353,0.126,4.804,0.718
24923,2,2.648459,0.116,5.074,0.74
24924,2,2.648565,0.14,4.446,0.686
24925,2,2.648672,0.112,5.166,0.748
24926,2,2.648778,0.109,5.153,0.758
24927,2,2.648884,0.125,4.795,0.719
24928,2,2.648990,0.118,4.983,0.736
24929,2,2.649097,0.112,5.133,0.756
24930,2,2.649203,0.116,5.026,0.738
24931,2,2.649309,0.126,4.774,0.714
24932,2,2.649416,0.131,4.685,0.705
24933,2,2.649522,0.109,5.183,0.761
24934,2,2.649628,0.135,4.588,0.695
24935,2,2.649734,0.131,4.697,0.703
24936,2,2.649841,0.123,4.897,0.726
24937,2,2.649947,0.153,4.185,0.651
24938,2,2.650053,0.14,4.499,0.683
24939,2,2.650159,0.138,4.508,0.691
24940,2,2.650266,0.131,4.648,0.71
24941,2,2.650372,0.123,4.822,0.723
24942,2,2.650478,0.105,5.301,0.768
24943,2,2.650584,0.124,4.801,0.722
24944,2,2.650691,0.12,4.909,0.732
24945,2,2.650797,0.134,4.666,0.696
24946,2,2.650903,0.12,4.938,0.731
24947,2,2.651010,0.107,5.196,0.761
24948,2,2.651116,0.112,5.105,0.75
24949,2,2.651222,0.114,5.084,0.748
24950,2,2.651328,0.134,4.55,0.698
24951,2,2.651435,0.12,4.916,0.726
24952,2,2.651541,0.119,4.92,0.734
24953,2,2.651647,0.125,4.805,0.721
24954,2,2.651753,0.131,4.648,0.711
24955,2,2.651860,0.13,4.745,0.711
24956,2,2.651966,0.134,4.561,0.699
24957,2,2.652072,0.158,4.046,0.638
24958,2,2.652179,0.133,4.611,0.699
24959,2,2.652285,0.14,4.492,0.682
24960,2,2.652391,0.119,4.966,0.736
24961,2,2.652497,0.131,4.695,0.705
24962,2,2.652604,0.142,4.421,0.678
24963,2,2.652710,0.12,4.923,0.729
24964,2,2.652816,0.142,4.403,0.675
24965,2,2.652922,0.13,4.655,0.708
24966,2,2.653029,0.113,5.115,0.747
24967,2,2.653135,0.129,4.775,0.714
24968,2,2.653241,0.133,4.595,0.697
24969,2,2.653348,0.112,5.132,0.754
24970,2,2.653454,0.115,5.028,0.747
24971,2,2.653560,0.125,4.856,0.723
24972,2,2.653666,0.103,5.29,0.771
24973,2,2.653773,0.113,5.088,0.745
24974,2,2.653879,0.121,4.93,0.732
24975,2,2.653985,0.135,4.585,0.696
24976,2,2.654091,0.108,5.189,0.767
24977,2,2.654198,0.137,4.563,0.693
24978,2,2.654304,0.132,4.647,0.703
24979,2,2.654410,0.128,4.738,0.712
24980,2,2.654516,0.139,4.535,0.689
24981,2,2.654623,0.125,4.775,0.715
24982,2,2.654729,0.117,4.963,0.739
24983,2,2.654835,0.124,4.833,0.719
24984,2,2.654942,0.116,5.007,0.746
24985,2,2.655048,0.125,4.789,0.716
24986,2,2.655154,0.122,4.894,0.726
24987,2,2.655260,0.111,5.121,0.748
24988,2,2.655367,0.123,4.826,0.722
24989,2,2.655473,0.143,4.401,0.676
24990,2,2.655579,0.135,4.562,0.697
24991,2,2.655685,0.107,5.26,0.763
24992,2,2.655792,0.134,4.631,0.698
24993,2,2.655898,0.125,4.841,0.721
24994,2,2.656004,0.142,4.384,0.675
24995,2,2.656111,0.146,4.397,0.668
24996,2,2.656217,0.103,5.319,0.772
24997,2,2.656323,0.13,4.702,0.708
24998,2,2.656429,0.136,4.581,0.696
24999,2,2.656536,0.134,4.588,0.698
25000,2,2.656642,0.125,4.774,0.719
25001,2,2.656748,0.119,4.951,0.732
25002,2,2.656854,0.13,4.693,0.713
25003,2,2.656961,0.12,4.909,0.73
25004,2,2.657067,0.134,4.59,0.694
25005,2,2.657173,0.143,4.365,0.672
25006,2,2.657279,0.119,4.981,0.734
25007,2,2.657386,0.133,4.541,0.704
25008,2,2.657492,0.141,4.449,0.682
25009,2,2.657598,0.119,4.99,0.742
25010,2,2.657705,0.132,4.656,0.703
25011,2,2.657811,0.099,5.396,0.784
25012,2,2.657917,0.119,4.981,0.734
25013,2,2.658023,0.141,4.427,0.683
25014,2,2.658130,0.132,4.67,0.701
25015,2,2.658236,0.122,4.782,0.732
25016,2,2.658342,0.124,4.86,0.72
25017,2,2.658448,0.109,5.191,0.758
25018,2,2.658555,0.109,5.249,0.758
25019,2,2.658661,0.126,4.79,0.716
25020,2,2.658767,0.131,4.732,0.711
25021,2,2.658874,0.126,4.783,0.718
25022,2,2.658980,0.147,4.298,0.665
25023,2,2.659086,0.131,4.686,0.7
25024,2,2.659192,0.131,4.644,0.698
25025,2,2.659299,0.118,4.933,0.735
25026,2,2.659405,0.144,4.398,0.675
25027,2,2.659511,0.123,4.845,0.726
25028,2,2.659617,0.137,4.581,0.693
25029,2,2.659724,0.125,4.835,0.722
25030,2,2.659830,0.121,4.865,0.73
25031,2,2.659936,0.113,5.058,0.747
25032,2,2.660043,0.133,4.618,0.697
25033,2,2.660149,0.108,5.211,0.764
25034,2,2.660255,0.114,5.048,0.747
25035,2,2.660361,0.139,4.505,0.682
25036,2,2.660468,0.117,4.984,0.737
25037,2,2.660574,0.142,4.464,0.679
25038,2,2.660680,0.116,4.966,0.74
25039,2,2.660786,0.142,4.497,0.679
25040,2,2.660893,0.136,4.534,0.697
25041,2,2.660999,0.142,4.449,0.675
25042,2,2.661105,0.137,4.483,0.688
25043,2,2.661211,0.131,4.684,0.703
25044,2,2.661318,0.108,5.236,0.756
25045,2,2.661424,0.11,5.077,0.756
25046,2,2.661530,0.116,5.069,0.745
25047,2,2.661637,0.142,4.43,0.679
25048,2,2.661743,0.136,4.529,0.689
25049,2,2.661849,0.147,4.338,0.665
25050,2,2.661955,0.102,5.372,0.778
25051,2,2.662062,0.123,4.884,0.727
25052,2,2.662168,0.129,4.723,0.712
25053,2,2.662274,0.141,4.457,0.682
25054,2,2.662380,0.104,5.325,0.774
25055,2,2.662487,0.15,4.384,0.68
25056,2,2.662593,0.122,4.897,0.729
25057,2,2.662699,0.134,4.552,0.696
25058,2,2.662806,0.121,4.858,0.729
25059,2,2.662912,0.132,4.654,0.706
25060,2,2.663018,0.145,4.323,0.671
25061,2,2.663124,0.117,5.041,0.739
25062,2,2.663231,0.12,4.96,0.734
25063,2,2.663337,0.125,4.82,0.717
25064,2,2.663443,0.131,4.721,0.709
25065,2,2.663549,0.139,4.545,0.684
25066,2,2.663656,0.131,4.643,0.706
25067,2,2.663762,0.125,4.829,0.719
25068,2,2.663868,0.133,4.621,0.703
25069,2,2.663974,0.141,4.463,0.677
25070,2,2.664081,0.106,5.269,0.765
25071,2,2.664187,0.119,4.995,0.736
25072,2,2.664293,0.13,4.711,0.707
25073,2,2.664400,0.137,4.49,0.692
25074,2,2.664506,0.125,4.888,0.715
25075,2,2.664612,0.128,4.789,0.71
25076,2,2.664718,0.127,4.829,0.718
25077,2,2.664825,0.128,4.799,0.714
25078,2,2.664931,0.142,4.421,0.678
25079,2,2.665037,0.123,4.871,0.724
25080,2,2.665143,0.126,4.794,0.717
25081,2,2.665250,0.111,5.114,0.748
25082,2,2.665356,0.117,5.051,0.742
25083,2,2.665462,0.132,4.68,0.703
25084,2,2.665569,0.12,4.945,0.728
25085,2,2.665675,0.139,4.506,0.685
25086,2,2.665781,0.139,4.51,0.687
25087,2,2.665887,0.125,4.857,0.716
25088,2,2.665994,0.145,4.29,0.673
25089,2,2.666100,0.126,4.775,0.715
25090,2,2.666206,0.154,4.177,0.645
25091,2,2.666312,0.103,5.389,0.768
25092,2,2.666419,0.133,4.643,0.704
25093,2,2.666525,0.115,5.033,0.744
25094,2,2.666631,0.121,4.889,0.731
25095,2,2.666738,0.129,4.738,0.709
25096,2,2.666844,0.105,5.271,0.766
25097,2,2.666950,0.143,4.412,0.671
25098,2,2.667056,0.136,4.611,0.694
25099,2,2.667163,0.122,4.871,0.726
25100,2,2.667269,0.133,4.6,0.701
25101,2,2.667375,0.133,4.681,0.702
25102,2,2.667481,0.134,4.588,0.695
25103,2,2.667588,0.123,4.846,0.729
25104,2,2.667694,0.134,4.574,0.711
25105,2,2.667800,0.129,4.727,0.711
25106,2,2.667906,0.134,4.637,0.702
25107,2,2.668013,0.119,4.94,0.736
25108,2,2.668119,0.134,4.623,0.699
25109,2,2.668225,0.14,4.496,0.691
25110,2,2.668332,0.149,4.272,0.661
25111,2,2.668438,0.121,4.89,0.73
25112,2,2.668544,0.105,5.279,0.768
25113,2,2.668650,0.148,4.259,0.665
25114,2,2.668757,0.14,4.515,0.683
25115,2,2.668863,0.125,4.839,0.722
25116,2,2.668969,0.108,5.241,0.762
25117,2,2.669075,0.134,4.599,0.702
25118,2,2.669182,0.124,4.815,0.72
25119,2,2.669288,0.131,4.68,0.705
25120,2,2.669394,0.108,5.243,0.761
25121,2,2.669501,0.119,4.882,0.735
25122,2,2.669607,0.121,4.89,0.724
25123,2,2.669713,0.128,4.76,0.717
25124,2,2.669819,0.131,4.657,0.708
25125,2,2.669926,0.144,4.326,0.673
25126,2,2.670032,0.119,4.916,0.734
25127,2,2.670138,0.142,4.379,0.676
25128,2,2.670244,0.115,5.105,0.746
25129,2,2.670351,0.119,4.988,0.738
25130,2,2.670457,0.116,5.032,0.742
25131,2,2.670563,0.14,4.508,0.684
25132,2,2.670670,0.148,4.317,0.658
25133,2,2.670776,0.133,4.657,0.696
25134,2,2.670882,0.131,4.647,0.705
25135,2,2.670988,0.153,4.119,0.646
25136,2,2.671095,0.143,4.336,0.674
25137,2,2.671201,0.132,4.626,0.705
25138,2,2.671307,0.093,5.527,0.793
25139,2,2.671413,0.13,4.683,0.707
25140,2,2.671520,0.15,4.255,0.662
25141,2,2.671626,0.123,4.805,0.73
25142,2,2.671732,0.095,5.476,0.793
25143,2,2.671838,0.112,5.103,0.751
25144,2,2.671945,0.117,5.006,0.736
25145,2,2.672051,0.134,4.598,0.698
25146,2,2.672157,0.123,4.844,0.722
25147,2,2.672264,0.119,4.928,0.736
25148,2,2.672370,0.103,5.31,0.769
25149,2,2.672476,0.138,4.447,0.689
25150,2,2.672582,0.119,4.927,0.733
25151,2,2.672689,0.109,5.198,0.761
25152,2,2.672795,0.134,4.661,0.696
25153,2,2.672901,0.143,4.419,0.674
25154,2,2.673007,0.115,5.059,0.747
25155,2,2.673114,0.127,4.783,0.717
25156,2,2.673220,0.129,4.767,0.711
25157,2,2.673326,0.139,4.492,0.684
25158,2,2.673433,0.125,4.823,0.721
25159,2,2.673539,0.131,4.711,0.706
25160,2,2.673645,0.123,4.941,0.726
25161,2,2.673751,0.132,4.642,0.7
25162,2,2.673858,0.114,5.122,0.745
25163,2,2.673964,0.113,5.123,0.75
25164,2,2.674070,0.118,4.987,0.737
25165,2,2.674176,0.128,4.748,0.71
25166,2,2.674283,0.132,4.632,0.696
25167,2,2.674389,0.112,5.112,0.748
25168,2,2.674495,0.144,4.393,0.674
25169,2,2.674601,0.121,4.955,0.731
25170,2,2.674708,0.122,4.897,0.727
25171,2,2.674814,0.13,4.72,0.709
25172,2,2.674920,0.122,4.878,0.728
25173,2,2.675027,0.122,4.89,0.728
25174,2,2.675133,0.114,5.121,0.745
25175,2,2.675239,0.144,4.375,0.671
25176,2,2.675345,0.127,4.785,0.716
25177,2,2.675452,0.113,5.164,0.749
25178,2,2.675558,0.134,4.586,0.698
25179,2,2.675664,0.127,4.758,0.718
25180,2,2.675770,0.123,4.863,0.726
25181,2,2.675877,0.129,4.73,0.708
25182,2,2.675983,0.137,4.482,0.69
25183,2,2.676089,0.116,5.039,0.743
25184,2,2.676196,0.107,5.271,0.765
25185,2,2.676302,0.135,4.561,0.694
25186,2,2.676408,0.121,4.906,0.73
25187,2,2.676514,0.097,5.498,0.787
25188,2,2.676621,0.114,5.04,0.741
25189,2,2.676727,0.134,4.62,0.699
25190,2,2.676833,0.128,4.695,0.712
25191,2,2.676939,0.133,4.686,0.7
25192,2,2.677046,0.12,4.933,0.738
25193,2,2.677152,0.122,4.866,0.722
25194,2,2.677258,0.124,4.871,0.721
25195,2,2.677365,0.12,4.923,0.725
25196,2,2.677471,0.121,4.9,0.723
25197,2,2.677577,0.121,4.896,0.734
25198,2,2.677683,0.129,4.754,0.71
25199,2,2.677790,0.131,4.665,0.706
25200,2,2.677896,0.137,4.529,0.684
25201,2,2.678002,0.143,4.412,0.68
25202,2,2.678108,0.125,4.817,0.722
25203,2,2.678215,0.141,4.451,0.679
25204,2,2.678321,0.151,4.226,0.656
25205,2,2.678427,0.142,4.371,0.677
25206,2,2.678533,0.122,4.94,0.729
25207,2,2.678640,0.129,4.732,0.715
25208,2,2.678746,0.137,4.517,0.694
25209,2,2.678852,0.128,4.735,0.716
25210,2,2.678959,0.12,4.929,0.733
25211,2,2.679065,0.119,5.024,0.737
25212,2,2.679171,0.14,4.443,0.688
25213,2,2.679277,0.132,4.662,0.701
25214,2,2.679384,0.139,4.416,0.688
25215,2,2.679490,0.116,5.031,0.747
25216,2,2.679596,0.132,4.701,0.701
25217,2,2.679702,0.126,4.739,0.718
25218,2,2.679809,0.142,4.466,0.675
25219,2,2.679915,0.142,4.375,0.683
25220,2,2.680021,0.137,4.567,0.688
25221,2,2.680128,0.13,4.744,0.713
25222,2,2.680234,0.133,4.627,0.701
25223,2,2.680340,0.133,4.656,0.697
25224,2,2.680446,0.13,4.773,0.707
25225,2,2.680553,0.128,4.787,0.712
25226,2,2.680659,0.119,4.9,0.728
25227,2,2.680765,0.119,4.947,0.738
25228,2,2.680871,0.138,4.467,0.69
25229,2,2.680978,0.107,5.209,0.766
25230,2,2.681084,0.128,4.781,0.712
25231,2,2.681190,0.134,4.684,0.702
25232,2,2.681296,0.119,4.992,0.736
25233,2,2.681403,0.144,4.369,0.675
25234,2,2.681509,0.139,4.502,0.682
25235,2,2.681615,0.135,4.589,0.696
25236,2,2.681722,0.144,4.368,0.668
25237,2,2.681828,0.107,5.215,0.765
25238,2,2.681934,0.131,4.695,0.705
25239,2,2.682040,0.138,4.58,0.71
25240,2,2.682147,0.108,5.272,0.76
25241,2,2.682253,0.131,4.604,0.703
25242,2,2.682359,0.13,4.688,0.708
25243,2,2.682465,0.123,4.835,0.726
25244,2,2.682572,0.131,4.736,0.709
25245,2,2.682678,0.139,4.514,0.686
25246,2,2.682784,0.13,4.768,0.701
25247,2,2.682891,0.127,4.798,0.716
25248,2,2.682997,0.12,4.932,0.729
25249,2,2.683103,0.132,4.639,0.711
25250,2,2.683209,0.115,5.055,0.746
25251,2,2.683316,0.128,4.755,0.71
25252,2,2.683422,0.111,5.182,0.752
25253,2,2.683528,0.129,4.79,0.709
25254,2,2.683634,0.133,4.632,0.698
25255,2,2.683741,0.129,4.737,0.715
25256,2,2.683847,0.122,4.836,0.725
25257,2,2.683953,0.14,4.48,0.685
25258,2,2.684060,0.121,4.92,0.734
25259,2,2.684166,0.151,4.226,0.658
25260,2,2.684272,0.124,4.842,0.722
25261,2,2.684378,0.115,5.061,0.745
25262,2,2.684485,0.139,4.488,0.696
25263,2,2.684591,0.137,4.519,0.693
25264,2,2.684697,0.13,4.72,0.712
25265,2,2.684803,0.143,4.403,0.68
25266,2,2.684910,0.127,4.812,0.716
25267,2,2.685016,0.141,4.451,0.681
25268,2,2.685122,0.131,4.748,0.699
25269,2,2.685228,0.122,4.856,0.728
25270,2,2.685335,0.118,4.959,0.735
25271,2,2.685441,0.119,4.95,0.735
25272,2,2.685547,0.117,5.006,0.746
25273,2,2.685654,0.136,4.528,0.691
25274,2,2.685760,0.125,4.842,0.715
25275,2,2.685866,0.133,4.684,0.698
25276,2,2.685972,0.133,4.644,0.7
25277,2,2.686079,0.148,4.294,0.663
25278,2,2.686185,0.115,5.045,0.743
25279,2,2.686291,0.134,4.614,0.702
25280,2,2.686397,0.128,4.738,0.716
25281,2,2.686504,0.148,4.324,0.666
25282,2,2.686610,0.126,4.815,0.721
25283,2,2.686716,0.129,4.681,0.705
25284,2,2.686823,0.124,4.796,0.717
25285,2,2.686929,0.131,4.755,0.705
25286,2,2.687035,0.131,4.654,0.703
25287,2,2.687141,0.119,4.916,0.735
25288,2,2.687248,0.11,5.152,0.756
25289,2,2.687354,0.136,4.527,0.694
25290,2,2.687460,0.128,4.754,0.713
25291,2,2.687566,0.136,4.544,0.69
25292,2,2.687673,0.118,4.993,0.737
25293,2,2.687779,0.132,4.594,0.702
25294,2,2.687885,0.118,4.936,0.738
25295,2,2.687991,0.101,5.405,0.779
25296,2,2.688098,0.129,4.797,0.712
25297,2,2.688204,0.143,4.404,0.675
25298,2,2.688310,0.125,4.836,0.722
25299,2,2.688417,0.123,4.856,0.723
25300,2,2.688523,0.118,4.959,0.737
25301,2,2.688629,0.126,4.813,0.72
25302,2,2.688735,0.142,4.416,0.679
25303,2,2.688842,0.113,5.155,0.752
25304,2,2.688948,0.122,4.912,0.722
25305,2,2.689054,0.135,4.565,0.696
25306,2,2.689160,0.117,5.003,0.746
25307,2,2.689267,0.142,4.427,0.681
25308,2,2.689373,0.124,4.865,0.723
25309,2,2.689479,0.129,4.726,0.708
25310,2,2.689586,0.123,4.894,0.727
25311,2,2.689692,0.143,4.422,0.673
25312,2,2.689798,0.125,4.763,0.719
25313,2,2.689904,0.11,5.19,0.754
25314,2,2.690011,0.142,4.334,0.671
25315,2,2.690117,0.127,4.767,0.718
25316,2,2.690223,0.145,4.383,0.669
25317,2,2.690329,0.124,4.86,0.723
25318,2,2.690436,0.123,4.9,0.724
25319,2,2.690542,0.127,4.73,0.714
25320,2,2.690648,0.139,4.443,0.686
25321,2,2.690755,0.142,4.461,0.681
25322,2,2.690861,0.141,4.478,0.682
25323,2,2.690967,0.134,4.622,0.7
25324,2,2.691073,0.14,4.596,0.68
25325,2,2.691180,0.102,5.344,0.775
25326,2,2.691286,0.108,5.226,0.76
25327,2,2.691392,0.125,4.839,0.724
25328,2,2.691498,0.129,4.725,0.709
25329,2,2.691605,0.108,5.268,0.762
25330,2,2.691711,0.124,4.793,0.718
25331,2,2.691817,0.131,4.687,0.706
25332,2,2.691923,0.126,4.8,0.722
25333,2,2.692030,0.126,4.864,0.719
25334,2,2.692136,0.127,4.843,0.71
25335,2,2.692242,0.128,4.773,0.717
25336,2,2.692349,0.108,5.199,0.763
25337,2,2.692455,0.104,5.329,0.771
25338,2,2.692561,0.146,4.346,0.664
25339,2,2.692667,0.118,4.974,0.741
25340,2,2.692774,0.125,4.827,0.723
25341,2,2.692880,0.131,4.698,0.704
25342,2,2.692986,0.131,4.682,0.709
25343,2,2.693092,0.136,4.575,0.696
25344,2,2.693199,0.128,4.759,0.714
25345,2,2.693305,0.149,4.24,0.661
25346,2,2.693411,0.138,4.514,0.687
25347,2,2.693518,0.128,4.76,0.716
25348,2,2.693624,0.125,4.902,0.722
25349,2,2.693730,0.111,5.153,0.755
25350,2,2.693836,0.118,5.044,0.735
25351,2,2.693943,0.126,4.838,0.716
25352,2,2.694049,0.102,5.381,0.774
25353,2,2.694155,0.124,4.845,0.725
25354,2,2.694261,0.121,4.876,0.727
25355,2,2.694368,0.11,5.164,0.755
25356,2,2.694474,0.112,5.162,0.755
25357,2,2.694580,0.134,4.659,0.696
25358,2,2.694687,0.134,4.58,0.691
25359,2,2.694793,0.127,4.802,0.715
25360,2,2.694899,0.127,4.748,0.711
25361,2,2.695005,0.119,4.922,0.736
25362,2,2.695112,0.097,5.439,0.787
25363,2,2.695218,0.147,4.306,0.667
25364,2,2.695324,0.129,4.725,0.706
25365,2,2.695430,0.126,4.85,0.724
25366,2,2.695537,0.124,4.87,0.721
25367,2,2.695643,0.113,5.079,0.747
25368,2,2.695749,0.127,4.827,0.713
25369,2,2.695855,0.127,4.747,0.719
25370,2,2.695962,0.135,4.623,0.695
25371,2,2.696068,0.124,4.841,0.72
25372,2,2.696174,0.114,5.007,0.746
25373,2,2.696281,0.142,4.47,0.679
25374,2,2.696387,0.133,4.64,0.701
25375,2,2.696493,0.137,4.615,0.69
25376,2,2.696599,0.105,5.247,0.765
25377,2,2.696706,0.111,5.146,0.748
25378,2,2.696812,0.125,4.812,0.724
25379,2,2.696918,0.125,4.785,0.719
25380,2,2.697024,0.119,4.946,0.733
25381,2,2.697131,0.11,5.15,0.761
25382,2,2.697237,0.121,4.924,0.73
25383,2,2.697343,0.119,4.968,0.74
25384,2,2.697450,0.121,4.91,0.73
25385,2,2.697556,0.118,4.962,0.737
25386,2,2.697662,0.111,5.196,0.756
25387,2,2.697768,0.125,4.778,0.719
25388,2,2.697875,0.132,4.689,0.7
25389,2,2.697981,0.123,4.85,0.725
25390,2,2.698087,0.112,5.11,0.748
25391,2,2.698193,0.134,4.513,0.697
25392,2,2.698300,0.139,4.523,0.687
25393,2,2.698406,0.129,4.727,0.712
25394,2,2.698512,0.115,5.047,0.744
25395,2,2.698618,0.114,5.057,0.749
25396,2,2.698725,0.122,4.846,0.728
25397,2,2.698831,0.097,5.425,0.791
25398,2,2.698937,0.132,4.655,0.707
25399,2,2.699044,0.143,4.443,0.679
25400,2,2.699150,0.131,4.671,0.701
25401,2,2.699256,0.141,4.441,0.683
25402,2,2.699362,0.123,4.909,0.731
25403,2,2.699469,0.114,5.071,0.745
25404,2,2.699575,0.13,4.694,0.71
25405,2,2.699681,0.143,4.389,0.674
25406,2,2.699787,0.135,4.575,0.693
25407,2,2.699894,0.142,4.448,0.68
25408,2,2.700000,0.133,4.689,0.705
25409,2,2.700106,0.123,4.886,0.723
25410,2,2.700213,0.122,4.9,0.729
25411,2,2.700319,0.136,4.537,0.691
25412,2,2.700425,0.125,4.801,0.722
25413,2,2.700531,0.126,4.827,0.716
25414,2,2.700638,0.112,5.143,0.75
25415,2,2.700744,0.13,4.681,0.709
25416,2,2.700850,0.14,4.466,0.681
25417,2,2.700956,0.114,5.116,0.744
25418,2,2.701063,0.131,4.638,0.705
25419,2,2.701169,0.138,4.482,0.689
25420,2,2.701275,0.131,4.686,0.706
25421,2,2.701382,0.137,4.566,0.689
25422,2,2.701488,0.126,4.799,0.718
25423,2,2.701594,0.132,4.648,0.705
25424,2,2.701700,0.147,4.312,0.663
25425,2,2.701807,0.12,4.893,0.731
25426,2,2.701913,0.129,4.76,0.708
25427,2,2.702019,0.134,4.561,0.693
25428,2,2.702125,0.125,4.754,0.72
25429,2,2.702232,0.135,4.581,0.692
25430,2,2.702338,0.134,4.549,0.698
25431,2,2.702444,0.137,4.548,0.696
25432,2,2.702550,0.12,4.955,0.73
25433,2,2.702657,0.123,4.816,0.724
25434,2,2.702763,0.121,4.971,0.735
25435,2,2.702869,0.113,5.121,0.747
25436,2,2.702976,0.122,4.878,0.725
25437,2,2.703082,0.124,4.831,0.725
25438,2,2.703188,0.136,4.555,0.689
25439,2,2.703294,0.128,4.789,0.712
25440,2,2.703401,0.142,4.391,0.684
25441,2,2.703507,0.13,4.715,0.709
25442,2,2.703613,0.129,4.713,0.709
25443,2,2.703719,0.132,4.651,0.7
25444,2,2.703826,0.128,4.742,0.715
25445,2,2.703932,0.136,4.564,0.692
25446,2,2.704038,0.127,4.776,0.719
25447,2,2.704145,0.119,4.92,0.738
25448,2,2.704251,0.113,5.098,0.752
25449,2,2.704357,0.139,4.484,0.687
25450,2,2.704463,0.13,4.735,0.707
25451,2,2.704570,0.119,4.969,0.732
25452,2,2.704676,0.117,4.956,0.736
25453,2,2.704782,0.134,4.624,0.698
25454,2,2.704888,0.122,4.869,0.725
25455,2,2.704995,0.123,4.82,0.72
25456,2,2.705101,0.153,4.152,0.651
25457,2,2.705207,0.162,3.989,0.628
25458,2,2.705313,0.142,4.517,0.68
25459,2,2.705420,0.111,5.14,0.75
25460,2,2.705526,0.147,4.326,0.668
25461,2,2.705632,0.154,4.089,0.646
25462,2,2.705739,0.12,4.95,0.73
25463,2,2.705845,0.124,4.807,0.721
25464,2,2.705951,0.119,4.963,0.731
25465,2,2.706057,0.126,4.778,0.717
25466,2,2.706164,0.138,4.497,0.688
25467,2,2.706270,0.131,4.711,0.705
25468,2,2.706376,0.131,4.707,0.711
25469,2,2.706482,0.106,5.284,0.764
25470,2,2.706589,0.115,5.051,0.751
25471,2,2.706695,0.133,4.655,0.695
25472,2,2.706801,0.127,4.808,0.716
25473,2,2.706908,0.12,4.913,0.732
25474,2,2.707014,0.129,4.683,0.71
25475,2,2.707120,0.127,4.784,0.712
25476,2,2.707226,0.138,4.443,0.69
25477,2,2.707333,0.118,5.069,0.741
25478,2,2.707439,0.108,5.243,0.759
25479,2,2.707545,0.119,4.967,0.728
25480,2,2.707651,0.12,4.955,0.731
25481,2,2.707758,0.118,5.027,0.735
25482,2,2.707864,0.138,4.432,0.687
25483,2,2.707970,0.16,3.999,0.634
25484,2,2.708077,0.119,4.941,0.734
25485,2,2.708183,0.121,4.908,0.731
25486,2,2.708289,0.114,5.071,0.742
25487,2,2.708395,0.123,4.893,0.727
25488,2,2.708502,0.145,4.304,0.672
25489,2,2.708608,0.137,4.499,0.694
25490,2,2.708714,0.132,4.635,0.7
25491,2,2.708820,0.149,4.236,0.66
25492,2,2.708927,0.148,4.285,0.664
25493,2,2.709033,0.123,4.862,0.724
25494,2,2.709139,0.132,4.699,0.703
25495,2,2.709245,0.136,4.568,0.694
25496,2,2.709352,0.133,4.589,0.7
25497,2,2.709458,0.132,4.62,0.705
25498,2,2.709564,0.108,5.204,0.759
25499,2,2.709671,0.152,4.222,0.65
25500,2,2.709777,0.127,4.795,0.714
25501,2,2.709883,0.131,4.616,0.702
25502,2,2.709989,0.137,4.566,0.693
25503,2,2.710096,0.13,4.726,0.707
25504,2,2.710202,0.123,4.885,0.726
25505,2,2.710308,0.118,5.004,0.738
25506,2,2.710414,0.131,4.713,0.706
25507,2,2.710521,0.132,4.636,0.707
25508,2,2.710627,0.148,4.323,0.665
25509,2,2.710733,0.107,5.254,0.764
25510,2,2.710840,0.124,4.829,0.721
25511,2,2.710946,0.12,4.951,0.728
25512,2,2.711052,0.146,4.343,0.667
25513,2,2.711158,0.118,4.93,0.739
25514,2,2.711265,0.132,4.636,0.706
25515,2,2.711371,0.117,5.083,0.741
25516,2,2.711477,0.136,4.556,0.685
25517,2,2.711583,0.126,4.8,0.715
25518,2,2.711690,0.113,5.108,0.749
25519,2,2.711796,0.121,4.965,0.73
25520,2,2.711902,0.138,4.426,0.688
25521,2,2.712009,0.112,5.109,0.756
25522,2,2.712115,0.136,4.542,0.695
25523,2,2.712221,0.148,4.279,0.665
25524,2,2.712327,0.112,5.101,0.749
25525,2,2.712434,0.131,4.661,0.705
25526,2,2.712540,0.133,4.598,0.704
25527,2,2.712646,0.14,4.472,0.682
25528,2,2.712752,0.141,4.461,0.674
25529,2,2.712859,0.13,4.735,0.71
25530,2,2.712965,0.112,5.169,0.753
25531,2,2.713071,0.113,5.108,0.751
25532,2,2.713177,0.128,4.748,0.71
25533,2,2.713284,0.121,4.899,0.729
25534,2,2.713390,0.118,4.941,0.737
25535,2,2.713496,0.113,5.089,0.751
25536,2,2.713603,0.124,4.863,0.72
25537,2,2.713709,0.121,4.927,0.726
25538,2,2.713815,0.123,4.85,0.725
25539,2,2.713921,0.131,4.709,0.71
25540,2,2.714028,0.128,4.736,0.716
25541,2,2.714134,0.126,4.785,0.72
25542,2,2.714240,0.128,4.784,0.713
25543,2,2.714346,0.123,4.85,0.721
25544,2,2.714453,0.139,4.518,0.688
25545,2,2.714559,0.128,4.721,0.712
25546,2,2.714665,0.139,4.482,0.684
25547,2,2.714772,0.121,4.905,0.728
25548,2,2.714878,0.114,5.097,0.747
25549,2,2.714984,0.098,5.477,0.784
25550,2,2.715090,0.124,4.844,0.722
25551,2,2.715197,0.144,4.373,0.67
25552,2,2.715303,0.124,4.811,0.722
25553,2,2.715409,0.122,4.848,0.736
25554,2,2.715515,0.128,4.761,0.708
25555,2,2.715622,0.111,5.164,0.755
25556,2,2.715728,0.149,4.217,0.658
25557,2,2.715834,0.137,4.597,0.689
25558,2,2.715940,0.132,4.612,0.705
25559,2,2.716047,0.136,4.622,0.695
25560,2,2.716153,0.141,4.489,0.682
25561,2,2.716259,0.144,4.364,0.674
25562,2,2.716366,0.131,4.646,0.711
25563,2,2.716472,0.126,4.828,0.722
25564,2,2.716578,0.138,4.5,0.687
25565,2,2.716684,0.136,4.603,0.694
25566,2,2.716791,0.118,4.98,0.737
25567,2,2.716897,0.122,4.885,0.726
25568,2,2.717003,0.139,4.477,0.684
25569,2,2.717109,0.135,4.638,0.692
25570,2,2.717216,0.116,5.088,0.744
25571,2,2.717322,0.122,4.875,0.724
25572,2,2.717428,0.119,4.938,0.734
25573,2,2.717535,0.13,4.615,0.708
25574,2,2.717641,0.151,4.268,0.651
25575,2,2.717747,0.116,5.003,0.741
25576,2,2.717853,0.14,4.445,0.686
25577,2,2.717960,0.148,4.299,0.661
25578,2,2.718066,0.131,4.703,0.705
25579,2,2.718172,0.128,4.751,0.711
25580,2,2.718278,0.121,4.918,0.728
25581,2,2.718385,0.131,4.696,0.705
25582,2,2.718491,0.119,4.927,0.733
25583,2,2.718597,0.129,4.683,0.711
25584,2,2.718704,0.126,4.799,0.721
25585,2,2.718810,0.121,4.891,0.727
25586,2,2.718916,0.122,4.841,0.728
25587,2,2.719022,0.119,4.99,0.74
25588,2,2.719129,0.117,5.05,0.74
25589,2,2.719235,0.131,4.665,0.706
25590,2,2.719341,0.13,4.677,0.708
25591,2,2.719447,0.124,4.828,0.724
25592,2,2.719554,0.127,4.806,0.713
25593,2,2.719660,0.138,4.51,0.685
25594,2,2.719766,0.131,4.701,0.706
25595,2,2.719872,0.131,4.674,0.706
25596,2,2.719979,0.127,4.746,0.717
25597,2,2.720085,0.118,4.989,0.739
25598,2,2.720191,0.143,4.413,0.67
25599,2,2.720298,0.119,4.979,0.735
25600,2,2.720404,0.127,4.746,0.714
25601,2,2.720510,0.129,4.751,0.713
25602,2,2.720616,0.123,4.787,0.724
25603,2,2.720723,0.122,4.818,0.724
25604,2,2.720829,0.122,4.804,0.73
25605,2,2.720935,0.141,4.452,0.68
25606,2,2.721041,0.134,4.526,0.697
25607,2,2.721148,0.128,4.781,0.707
25608,2,2.721254,0.119,4.93,0.728
25609,2,2.721360,0.122,4.902,0.724
25610,2,2.721467,0.129,4.717,0.707
25611,2,2.721573,0.132,4.63,0.701
25612,2,2.721679,0.113,5.126,0.746
25613,2,2.721785,0.122,4.865,0.727
25614,2,2.721892,0.137,4.561,0.692
25615,2,2.721998,0.125,4.856,0.717
25616,2,2.722104,0.129,4.704,0.713
25617,2,2.722210,0.134,4.654,0.696
25618,2,2.722317,0.113,5.076,0.75
25619,2,2.722423,0.11,5.119,0.753
25620,2,2.722529,0.123,4.807,0.725
25621,2,2.722635,0.131,4.726,0.707
25622,2,2.722742,0.118,4.961,0.735
25623,2,2.722848,0.125,4.781,0.719
25624,2,2.722954,0.121,4.929,0.731
25625,2,2.723061,0.122,4.896,0.729
25626,2,2.723167,0.108,5.241,0.76
25627,2,2.723273,0.12,4.874,0.732
25628,2,2.723379,0.11,5.184,0.753
25629,2,2.723486,0.137,4.498,0.687
25630,2,2.723592,0.113,5.048,0.756
25631,2,2.723698,0.125,4.833,0.724
25632,2,2.723804,0.141,4.429,0.68
25633,2,2.723911,0.153,4.183,0.656
25634,2,2.724017,0.138,4.488,0.686
25635,2,2.724123,0.124,4.787,0.724
25636,2,2.724230,0.127,4.726,0.715
25637,2,2.724336,0.119,5.004,0.731
25638,2,2.724442,0.136,4.568,0.695
25639,2,2.724548,0.145,4.364,0.667
25640,2,2.724655,0.117,5.041,0.742
25641,2,2.724761,0.134,4.639,0.697
25642,2,2.724867,0.13,4.705,0.711
25643,2,2.724973,0.144,4.312,0.671
25644,2,2.725080,0.128,4.757,0.711
25645,2,2.725186,0.138,4.541,0.686
25646,2,2.725292,0.123,4.826,0.727
25647,2,2.725399,0.138,4.475,0.692
25648,2,2.725505,0.11,5.114,0.757
25649,2,2.725611,0.127,4.812,0.718
25650,2,2.725717,0.133,4.635,0.699
25651,2,2.725824,0.118,4.983,0.739
25652,2,2.725930,0.131,4.706,0.702
25653,2,2.726036,0.121,4.886,0.725
25654,2,2.726142,0.137,4.538,0.693
25655,2,2.726249,0.132,4.653,0.704
25656,2,2.726355,0.112,5.145,0.752
25657,2,2.726461,0.129,4.728,0.709
25658,2,2.726567,0.117,4.977,0.739
25659,2,2.726674,0.123,4.887,0.726
25660,2,2.726780,0.122,4.854,0.731
25661,2,2.726886,0.102,5.327,0.778
25662,2,2.726993,0.138,4.476,0.688
25663,2,2.727099,0.122,4.904,0.723
25664,2,2.727205,0.133,4.614,0.695
25665,2,2.727311,0.121,4.926,0.731
25666,2,2.727418,0.145,4.391,0.668
25667,2,2.727524,0.123,4.863,0.727
25668,2,2.727630,0.142,4.459,0.682
25669,2,2.727736,0.124,4.81,0.722
25670,2,2.727843,0.121,4.969,0.732
25671,2,2.727949,0.119,4.927,0.736
25672,2,2.728055,0.132,4.632,0.704
25673,2,2.728162,0.142,4.383,0.678
25674,2,2.728268,0.131,4.669,0.706
25675,2,2.728374,0.128,4.744,0.712
25676,2,2.728480,0.15,4.223,0.665
25677,2,2.728587,0.139,4.529,0.688
25678,2,2.728693,0.135,4.546,0.693
25679,2,2.728799,0.117,5.054,0.739
25680,2,2.728905,0.149,4.316,0.667
25681,2,2.729012,0.138,4.472,0.689
25682,2,2.729118,0.138,4.464,0.692
25683,2,2.729224,0.129,4.788,0.709
25684,2,2.729330,0.131,4.705,0.704
25685,2,2.729437,0.144,4.399,0.67
25686,2,2.729543,0.131,4.691,0.702
25687,2,2.729649,0.123,4.837,0.718
25688,2,2.729756,0.135,4.573,0.696
25689,2,2.729862,0.145,4.374,0.674
25690,2,2.729968,0.13,4.741,0.705
25691,2,2.730074,0.118,5.013,0.74
25692,2,2.730181,0.124,4.83,0.723
25693,2,2.730287,0.128,4.756,0.71
25694,2,2.730393,0.125,4.806,0.721
25695,2,2.730499,0.135,4.587,0.695
25696,2,2.730606,0.119,4.964,0.735
25697,2,2.730712,0.138,4.53,0.689
25698,2,2.730818,0.124,4.81,0.718
25699,2,2.730925,0.127,4.818,0.714
25700,2,2.731031,0.138,4.506,0.683
25701,2,2.731137,0.129,4.688,0.713
25702,2,2.731243,0.141,4.466,0.683
25703,2,2.731350,0.111,5.136,0.753
25704,2,2.731456,0.134,4.59,0.699
25705,2,2.731562,0.126,4.78,0.719
25706,2,2.731668,0.116,5.084,0.744
25707,2,2.731775,0.142,4.424,0.678
25708,2,2.731881,0.119,4.977,0.734
25709,2,2.731987,0.136,4.534,0.695
25710,2,2.732094,0.121,4.906,0.728
25711,2,2.732200,0.128,4.706,0.713
25712,2,2.732306,0.131,4.706,0.705
25713,2,2.732412,0.116,5.015,0.74
25714,2,2.732519,0.132,4.736,0.703
25715,2,2.732625,0.13,4.715,0.707
25716,2,2.732731,0.142,4.455,0.68
25717,2,2.732837,0.106,5.276,0.768
25718,2,2.732944,0.131,4.71,0.707
25719,2,2.733050,0.131,4.674,0.71
25720,2,2.733156,0.155,4.109,0.644
25721,2,2.733262,0.129,4.758,0.713
25722,2,2.733369,0.111,5.16,0.751
25723,2,2.733475,0.115,5.035,0.743
25724,2,2.733581,0.124,4.853,0.722
25725,2,2.733688,0.142,4.488,0.679
25726,2,2.733794,0.118,4.958,0.734
25727,2,2.733900,0.136,4.559,0.696
25728,2,2.734006,0.113,5.112,0.749
25729,2,2.734113,0.142,4.415,0.682
25730,2,2.734219,0.141,4.426,0.677
25731,2,2.734325,0.129,4.715,0.71
25732,2,2.734431,0.133,4.644,0.703
25733,2,2.734538,0.14,4.521,0.682
25734,2,2.734644,0.118,5.001,0.735
25735,2,2.734750,0.11,5.218,0.751
25736,2,2.734857,0.134,4.574,0.7
25737,2,2.734963,0.109,5.225,0.754
25738,2,2.735069,0.114,5.086,0.745
25739,2,2.735175,0.151,4.233,0.658
25740,2,2.735282,0.136,4.535,0.694
25741,2,2.735388,0.14,4.445,0.685
25742,2,2.735494,0.134,4.596,0.698
25743,2,2.735600,0.143,4.344,0.68
25744,2,2.735707,0.121,4.897,0.73
25745,2,2.735813,0.121,4.93,0.736
25746,2,2.735919,0.121,4.892,0.734
25747,2,2.736026,0.14,4.499,0.685
25748,2,2.736132,0.122,4.944,0.728
25749,2,2.736238,0.107,5.275,0.765
25750,2,2.736344,0.133,4.618,0.698
25751,2,2.736451,0.128,4.779,0.715
25752,2,2.736557,0.123,4.821,0.722
25753,2,2.736663,0.143,4.432,0.676
25754,2,2.736769,0.113,5.116,0.748
25755,2,2.736876,0.109,5.19,0.754
25756,2,2.736982,0.133,4.592,0.699
25757,2,2.737088,0.122,4.871,0.727
25758,2,2.737194,0.124,4.816,0.719
25759,2,2.737301,0.134,4.555,0.698
25760,2,2.737407,0.168,3.799,0.612
25761,2,2.737513,0.108,5.225,0.761
25762,2,2.737620,0.142,4.454,0.68
25763,2,2.737726,0.142,4.361,0.679
25764,2,2.737832,0.141,4.438,0.682
25765,2,2.737938,0.128,4.718,0.71
25766,2,2.738045,0.153,4.203,0.656
25767,2,2.738151,0.123,4.876,0.726
25768,2,2.738257,0.124,4.814,0.722
25769,2,2.738363,0.123,4.866,0.726
25770,2,2.738470,0.131,4.744,0.707
25771,2,2.738576,0.145,4.332,0.671
25772,2,2.738682,0.125,4.861,0.721
25773,2,2.738789,0.131,4.688,0.705
25774,2,2.738895,0.124,4.818,0.724
25775,2,2.739001,0.111,5.185,0.757
25776,2,2.739107,0.129,4.741,0.712
25777,2,2.739214,0.14,4.535,0.685
25778,2,2.739320,0.119,4.932,0.73
25779,2,2.739426,0.116,5.053,0.745
25780,2,2.739532,0.135,4.579,0.693
25781,2,2.739639,0.12,4.962,0.734
25782,2,2.739745,0.126,4.804,0.721
25783,2,2.739851,0.117,5.028,0.738
25784,2,2.739957,0.122,4.884,0.721
25785,2,2.740064,0.135,4.629,0.695
25786,2,2.740170,0.133,4.6,0.703
25787,2,2.740276,0.135,4.55,0.696
25788,2,2.740383,0.123,4.894,0.721
25789,2,2.740489,0.14,4.475,0.683
25790,2,2.740595,0.143,4.382,0.674
25791,2,2.740701,0.122,4.848,0.73
25792,2,2.740808,0.146,4.292,0.671
25793,2,2.740914,0.118,4.959,0.743
25794,2,2.741020,0.118,5.025,0.735
25795,2,2.741126,0.141,4.447,0.682
25796,2,2.741233,0.141,4.487,0.682
25797,2,2.741339,0.126,4.768,0.719
25798,2,2.741445,0.126,4.787,0.72
25799,2,2.741552,0.134,4.662,0.698
25800,2,2.741658,0.129,4.655,0.711
25801,2,2.741764,0.136,4.556,0.694
25802,2,2.741870,0.136,4.56,0.689
25803,2,2.741977,0.143,4.386,0.671
25804,2,2.742083,0.133,4.632,0.699
25805,2,2.742189,0.132,4.652,0.707
25806,2,2.742295,0.133,4.627,0.702
25807,2,2.742402,0.128,4.778,0.712
25808,2,2.742508,0.126,4.821,0.718
25809,2,2.742614,0.126,4.775,0.717
25810,2,2.742721,0.136,4.543,0.69
25811,2,2.742827,0.151,4.225,0.663
25812,2,2.742933,0.134,4.572,0.696
25813,2,2.743039,0.12,4.913,0.728
25814,2,2.743146,0.131,4.652,0.701
25815,2,2.743252,0.109,5.187,0.756
25816,2,2.743358,0.128,4.755,0.712
25817,2,2.743464,0.132,4.664,0.705
25818,2,2.743571,0.115,5.08,0.741
25819,2,2.743677,0.121,4.872,0.728
25820,2,2.743783,0.103,5.343,0.771
25821,2,2.743889,0.146,4.374,0.669
25822,2,2.743996,0.119,4.95,0.736
25823,2,2.744102,0.11,5.192,0.765
25824,2,2.744208,0.124,4.849,0.722
25825,2,2.744315,0.153,4.183,0.652
25826,2,2.744421,0.127,4.786,0.717
25827,2,2.744527,0.121,4.926,0.729
25828,2,2.744633,0.119,4.971,0.733
25829,2,2.744740,0.126,4.749,0.718
25830,2,2.744846,0.108,5.21,0.757
25831,2,2.744952,0.124,4.829,0.715
25832,2,2.745058,0.125,4.826,0.719
25833,2,2.745165,0.142,4.41,0.677
25834,2,2.745271,0.125,4.781,0.721
25835,2,2.745377,0.121,4.94,0.725
25836,2,2.745484,0.153,4.177,0.652
25837,2,2.745590,0.13,4.676,0.704
25838,2,2.745696,0.128,4.677,0.718
25839,2,2.745802,0.116,4.995,0.744
25840,2,2.745909,0.125,4.788,0.722
25841,2,2.746015,0.12,4.916,0.731
25842,2,2.746121,0.122,4.929,0.728
25843,2,2.746227,0.133,4.625,0.696
25844,2,2.746334,0.119,4.984,0.734
25845,2,2.746440,0.124,4.852,0.73
25846,2,2.746546,0.119,4.906,0.734
25847,2,2.746652,0.115,5.07,0.744
25848,2,2.746759,0.131,4.629,0.703
25849,2,2.746865,0.114,5.05,0.746
25850,2,2.746971,0.138,4.453,0.687
25851,2,2.747078,0.122,4.958,0.729
25852,2,2.747184,0.134,4.599,0.696
25853,2,2.747290,0.141,4.497,0.681
25854,2,2.747396,0.134,4.545,0.697
25855,2,2.747503,0.124,4.816,0.718
25856,2,2.747609,0.124,4.817,0.723
25857,2,2.747715,0.131,4.628,0.704
25858,2,2.747821,0.126,4.831,0.718
25859,2,2.747928,0.109,5.168,0.761
25860,2,2.748034,0.119,5.015,0.732
25861,2,2.748140,0.131,4.674,0.704
25862,2,2.748247,0.132,4.66,0.699
25863,2,2.748353,0.114,5.072,0.745
25864,2,2.748459,0.119,4.969,0.73
25865,2,2.748565,0.135,4.567,0.693
25866,2,2.748672,0.132,4.594,0.699
25867,2,2.748778,0.132,4.626,0.697
25868,2,2.748884,0.11,5.188,0.756
25869,2,2.748990,0.123,4.86,0.722
25870,2,2.749097,0.14,4.491,0.681
25871,2,2.749203,0.139,4.463,0.689
25872,2,2.749309,0.14,4.461,0.682
25873,2,2.749416,0.114,5.083,0.748
25874,2,2.749522,0.122,4.854,0.725
25875,2,2.749628,0.124,4.816,0.723
25876,2,2.749734,0.126,4.839,0.719
25877,2,2.749841,0.127,4.768,0.714
25878,2,2.749947,0.14,4.408,0.683
25879,2,2.750053,0.123,4.84,0.723
25880,2,2.750159,0.117,4.971,0.741
25881,2,2.750266,0.119,4.983,0.736
25882,2,2.750372,0.143,4.285,0.672
25883,2,2.750478,0.119,4.923,0.737
25884,2,2.750584,0.125,4.812,0.72
25885,2,2.750691,0.132,4.696,0.704
25886,2,2.750797,0.131,4.671,0.706
25887,2,2.750903,0.121,4.908,0.726
25888,2,2.751010,0.149,4.226,0.663
25889,2,2.751116,0.129,4.782,0.71
25890,2,2.751222,0.131,4.647,0.705
25891,2,2.751328,0.131,4.64,0.708
25892,2,2.751435,0.125,4.877,0.717
25893,2,2.751541,0.111,5.147,0.755
25894,2,2.751647,0.136,4.568,0.688
25895,2,2.751753,0.119,4.976,0.741
25896,2,2.751860,0.108,5.209,0.754
25897,2,2.751966,0.122,4.874,0.728
25898,2,2.752072,0.137,4.597,0.691
25899,2,2.752179,0.135,4.567,0.698
25900,2,2.752285,0.14,4.435,0.684
25901,2,2.752391,0.119,4.955,0.732
25902,2,2.752497,0.134,4.651,0.698
25903,2,2.752604,0.133,4.632,0.694
25904,2,2.752710,0.106,5.307,0.767
25905,2,2.752816,0.126,4.771,0.717
25906,2,2.752922,0.121,4.964,0.728
25907,2,2.753029,0.122,4.852,0.723
25908,2,2.753135,0.125,4.826,0.721
25909,2,2.753241,0.107,5.222,0.765
25910,2,2.753348,0.114,5.102,0.751
25911,2,2.753454,0.139,4.481,0.687
25912,2,2.753560,0.122,4.898,0.734
25913,2,2.753666,0.118,4.989,0.735
25914,2,2.753773,0.111,5.15,0.756
25915,2,2.753879,0.137,4.565,0.691
25916,2,2.753985,0.139,4.524,0.685
25917,2,2.754091,0.149,4.264,0.663
25918,2,2.754198,0.097,5.512,0.785
25919,2,2.754304,0.111,5.147,0.755
25920,2,2.754410,0.119,4.908,0.735
25921,2,2.754516,0.124,4.917,0.725
25922,2,2.754623,0.148,4.293,0.662
25923,2,2.754729,0.093,5.549,0.795
25924,2,2.754835,0.119,4.956,0.732
25925,2,2.754942,0.132,4.661,0.702
25926,2,2.755048,0.117,5.041,0.739
25927,2,2.755154,0.117,4.978,0.739
25928,2,2.755260,0.139,4.494,0.686
25929,2,2.755367,0.131,4.719,0.708
25930,2,2.755473,0.151,4.253,0.655
25931,2,2.755579,0.136,4.633,0.697
25932,2,2.755685,0.114,5.105,0.748
25933,2,2.755792,0.126,4.819,0.719
25934,2,2.755898,0.124,4.814,0.722
25935,2,2.756004,0.115,5.026,0.743
25936,2,2.756111,0.142,4.399,0.679
25937,2,2.756217,0.14,4.45,0.682
25938,2,2.756323,0.129,4.696,0.716
25939,2,2.756429,0.123,4.852,0.722
25940,2,2.756536,0.133,4.594,0.704
25941,2,2.756642,0.094,5.51,0.794
25942,2,2.756748,0.121,4.942,0.73
25943,2,2.756854,0.145,4.378,0.673
25944,2,2.756961,0.137,4.504,0.689
25945,2,2.757067,0.118,4.957,0.738
25946,2,2.757173,0.133,4.632,0.704
25947,2,2.757279,0.115,5.073,0.749
25948,2,2.757386,0.105,5.276,0.771
25949,2,2.757492,0.119,4.948,0.733
25950,2,2.757598,0.115,5.107,0.741
25951,2,2.757705,0.164,3.977,0.624
25952,2,2.757811,0.135,4.531,0.696
25953,2,2.757917,0.123,4.88,0.723
25954,2,2.758023,0.118,5.017,0.737
25955,2,2.758130,0.129,4.692,0.708
25956,2,2.758236,0.116,5.018,0.741
25957,2,2.758342,0.131,4.72,0.703
25958,2,2.758448,0.116,5.023,0.742
25959,2,2.758555,0.126,4.757,0.715
25960,2,2.758661,0.106,5.284,0.769
25961,2,2.758767,0.128,4.781,0.714
25962,2,2.758874,0.131,4.711,0.707
25963,2,2.758980,0.131,4.716,0.707
25964,2,2.759086,0.143,4.445,0.677
25965,2,2.759192,0.122,4.872,0.724
25966,2,2.759299,0.131,4.686,0.703
25967,2,2.759405,0.119,4.966,0.733
25968,2,2.759511,0.12,4.932,0.731
25969,2,2.759617,0.142,4.345,0.681
25970,2,2.759724,0.123,4.91,0.72
25971,2,2.759830,0.104,5.339,0.77
25972,2,2.759936,0.145,4.358,0.671
25973,2,2.760043,0.138,4.547,0.682
25974,2,2.760149,0.112,5.126,0.751
25975,2,2.760255,0.126,4.81,0.72
25976,2,2.760361,0.127,4.773,0.711
25977,2,2.760468,0.123,4.892,0.725
25978,2,2.760574,0.142,4.422,0.683
25979,2,2.760680,0.107,5.231,0.763
25980,2,2.760786,0.136,4.525,0.693
25981,2,2.760893,0.129,4.738,0.716
25982,2,2.760999,0.107,5.274,0.771
25983,2,2.761105,0.124,4.879,0.717
25984,2,2.761211,0.127,4.716,0.715
25985,2,2.761318,0.128,4.774,0.716
25986,2,2.761424,0.138,4.543,0.689
25987,2,2.761530,0.12,4.923,0.731
25988,2,2.761637,0.131,4.719,0.703
25989,2,2.761743,0.124,4.841,0.726
25990,2,2.761849,0.109,5.2,0.761
25991,2,2.761955,0.129,4.795,0.708
25992,2,2.762062,0.131,4.661,0.705
25993,2,2.762168,0.142,4.37,0.675
25994,2,2.762274,0.126,4.788,0.718
25995,2,2.762380,0.138,4.518,0.684
25996,2,2.762487,0.142,4.431,0.678
25997,2,2.762593,0.132,4.62,0.706
25998,2,2.762699,0.134,4.558,0.697
25999,2,2.762806,0.15,4.202,0.656
26000,2,2.762912,0.13,4.722,0.706
26001,2,2.763018,0.117,5.024,0.737
26002,2,2.763124,0.129,4.769,0.711
26003,2,2.763231,0.104,5.289,0.771
26004,2,2.763337,0.125,4.818,0.724
26005,2,2.763443,0.131,4.663,0.705
26006,2,2.763549,0.123,4.864,0.726
26007,2,2.763656,0.147,4.233,0.665
26008,2,2.763762,0.125,4.821,0.717
26009,2,2.763868,0.113,5.138,0.746
26010,2,2.763974,0.125,4.861,0.716
26011,2,2.764081,0.142,4.399,0.681
26012,2,2.764187,0.122,4.854,0.723
26013,2,2.764293,0.13,4.65,0.708
26014,2,2.764400,0.129,4.715,0.711
26015,2,2.764506,0.124,4.881,0.722
26016,2,2.764612,0.131,4.642,0.706
26017,2,2.764718,0.134,4.568,0.692
26018,2,2.764825,0.129,4.786,0.712
26019,2,2.764931,0.12,4.924,0.731
26020,2,2.765037,0.119,4.991,0.737
26021,2,2.765143,0.131,4.743,0.705
26022,2,2.765250,0.115,5.023,0.74
26023,2,2.765356,0.14,4.445,0.682
26024,2,2.765462,0.131,4.706,0.706
26025,2,2.765569,0.138,4.492,0.688
26026,2,2.765675,0.109,5.187,0.757
26027,2,2.765781,0.11,5.2,0.754
26028,2,2.765887,0.124,4.864,0.721
26029,2,2.765994,0.132,4.697,0.704
26030,2,2.766100,0.139,4.438,0.687
26031,2,2.766206,0.119,4.969,0.743
26032,2,2.766312,0.127,4.813,0.717
26033,2,2.766419,0.144,4.363,0.67
26034,2,2.766525,0.138,4.527,0.682
26035,2,2.766631,0.114,5.066,0.746
26036,2,2.766738,0.095,5.535,0.791
26037,2,2.766844,0.128,4.693,0.713
26038,2,2.766950,0.116,5.04,0.741
26039,2,2.767056,0.12,4.941,0.727
26040,2,2.767163,0.13,4.774,0.706
26041,2,2.767269,0.126,4.816,0.719
26042,2,2.767375,0.114,5.1,0.747
26043,2,2.767481,0.109,5.242,0.758
26044,2,2.767588,0.121,4.894,0.728
26045,2,2.767694,0.133,4.649,0.702
26046,2,2.767800,0.136,4.581,0.692
26047,2,2.767906,0.127,4.817,0.713
26048,2,2.768013,0.121,4.897,0.729
26049,2,2.768119,0.115,5.111,0.742
26050,2,2.768225,0.137,4.56,0.689
26051,2,2.768332,0.13,4.653,0.706
26052,2,2.768438,0.114,5.071,0.746
26053,2,2.768544,0.138,4.504,0.687
26054,2,2.768650,0.134,4.601,0.701
26055,2,2.768757,0.137,4.528,0.688
26056,2,2.768863,0.131,4.693,0.706
26057,2,2.768969,0.125,4.806,0.717
26058,2,2.769075,0.139,4.517,0.69
26059,2,2.769182,0.123,4.846,0.723
26060,2,2.769288,0.135,4.556,0.691
26061,2,2.769394,0.122,4.882,0.726
26062,2,2.769501,0.124,4.834,0.716
26063,2,2.769607,0.131,4.679,0.702
26064,2,2.769713,0.138,4.497,0.69
26065,2,2.769819,0.127,4.81,0.717
26066,2,2.769926,0.13,4.732,0.71
26067,2,2.770032,0.132,4.609,0.698
26068,2,2.770138,0.135,4.571,0.693
26069,2,2.770244,0.13,4.719,0.711
26070,2,2.770351,0.125,4.828,0.728
26071,2,2.770457,0.123,4.794,0.72
26072,2,2.770563,0.131,4.717,0.704
26073,2,2.770670,0.123,4.858,0.727
26074,2,2.770776,0.137,4.535,0.693
26075,2,2.770882,0.123,4.821,0.726
26076,2,2.770988,0.121,4.916,0.73
26077,2,2.771095,0.132,4.583,0.705
26078,2,2.771201,0.123,4.841,0.729
26079,2,2.771307,0.15,4.26,0.65
26080,2,2.771413,0.124,4.815,0.717
26081,2,2.771520,0.136,4.474,0.687
26082,2,2.771626,0.119,5.193,0.754
26083,2,2.771732,0.12,4.944,0.733
26084,2,2.771838,0.138,4.569,0.682
26085,2,2.771945,0.141,4.432,0.676
26086,2,2.772051,0.134,4.608,0.698
26087,2,2.772157,0.13,4.691,0.709
26088,2,2.772264,0.128,4.735,0.715
26089,2,2.772370,0.119,4.926,0.731
26090,2,2.772476,0.126,4.823,0.718
26091,2,2.772582,0.123,4.868,0.724
26092,2,2.772689,0.143,4.392,0.679
26093,2,2.772795,0.111,5.092,0.752
26094,2,2.772901,0.136,4.594,0.694
26095,2,2.773007,0.123,4.857,0.725
26096,2,2.773114,0.121,4.855,0.727
26097,2,2.773220,0.148,4.271,0.667
26098,2,2.773326,0.139,4.458,0.689
26099,2,2.773433,0.141,4.475,0.683
26100,2,2.773539,0.124,4.822,0.722
26101,2,2.773645,0.141,4.498,0.683
26102,2,2.773751,0.129,4.721,0.713
26103,2,2.773858,0.119,4.948,0.736
26104,2,2.773964,0.132,4.63,0.701
26105,2,2.774070,0.122,4.836,0.726
26106,2,2.774176,0.115,5.032,0.746
26107,2,2.774283,0.134,4.589,0.699
26108,2,2.774389,0.136,4.594,0.695
26109,2,2.774495,0.125,4.829,0.72
26110,2,2.774601,0.147,4.319,0.669
26111,2,2.774708,0.13,4.706,0.711
26112,2,2.774814,0.128,4.764,0.715
26113,2,2.774920,0.119,5.029,0.729
26114,2,2.775027,0.124,4.846,0.722
26115,2,2.775133,0.111,5.18,0.752
26116,2,2.775239,0.128,4.711,0.716
26117,2,2.775345,0.131,4.706,0.709
26118,2,2.775452,0.136,4.552,0.695
26119,2,2.775558,0.129,4.729,0.71
26120,2,2.775664,0.124,4.81,0.725
26121,2,2.775770,0.112,5.134,0.749
26122,2,2.775877,0.124,4.835,0.719
26123,2,2.775983,0.118,5.034,0.734
26124,2,2.776089,0.142,4.403,0.681
26125,2,2.776196,0.12,4.929,0.734
26126,2,2.776302,0.13,4.684,0.706
26127,2,2.776408,0.14,4.483,0.679
26128,2,2.776514,0.14,4.492,0.681
26129,2,2.776621,0.128,4.722,0.713
26130,2,2.776727,0.113,5.094,0.748
26131,2,2.776833,0.128,4.744,0.711
26132,2,2.776939,0.123,4.873,0.725
26133,2,2.777046,0.131,4.746,0.711
26134,2,2.777152,0.104,5.304,0.768
26135,2,2.777258,0.13,4.759,0.705
26136,2,2.777365,0.132,4.645,0.703
26137,2,2.777471,0.14,4.467,0.683
26138,2,2.777577,0.134,4.591,0.695
26139,2,2.777683,0.133,4.598,0.699
26140,2,2.777790,0.108,5.238,0.76
26141,2,2.777896,0.14,4.484,0.687
26142,2,2.778002,0.111,5.113,0.754
26143,2,2.778108,0.121,4.82,0.727
26144,2,2.778215,0.113,5.182,0.751
26145,2,2.778321,0.136,4.608,0.691
26146,2,2.778427,0.121,4.924,0.724
26147,2,2.778533,0.115,5.067,0.745
26148,2,2.778640,0.115,5.031,0.74
26149,2,2.778746,0.125,4.778,0.721
26150,2,2.778852,0.115,5.046,0.743
26151,2,2.778959,0.133,4.622,0.702
26152,2,2.779065,0.127,4.763,0.711
26153,2,2.779171,0.136,4.581,0.69
26154,2,2.779277,0.137,4.506,0.691
26155,2,2.779384,0.118,4.97,0.738
26156,2,2.779490,0.108,5.224,0.759
26157,2,2.779596,0.125,4.78,0.725
26158,2,2.779702,0.131,4.69,0.702
26159,2,2.779809,0.126,4.748,0.713
26160,2,2.779915,0.117,4.997,0.74
26161,2,2.780021,0.124,4.796,0.718
26162,2,2.780128,0.128,4.758,0.711
26163,2,2.780234,0.136,4.511,0.696
26164,2,2.780340,0.143,4.423,0.671
26165,2,2.780446,0.146,4.323,0.672
26166,2,2.780553,0.114,5.088,0.742
26167,2,2.780659,0.119,5.001,0.728
26168,2,2.780765,0.134,4.628,0.699
26169,2,2.780871,0.094,5.54,0.797
26170,2,2.780978,0.144,4.388,0.672
26171,2,2.781084,0.154,4.141,0.648
26172,2,2.781190,0.125,4.791,0.722
26173,2,2.781296,0.145,4.3,0.672
26174,2,2.781403,0.109,5.188,0.757
26175,2,2.781509,0.112,5.098,0.75
26176,2,2.781615,0.12,4.951,0.735
26177,2,2.781722,0.138,4.525,0.691
26178,2,2.781828,0.132,4.67,0.701
26179,2,2.781934,0.123,4.85,0.725
26180,2,2.782040,0.125,4.794,0.72
26181,2,2.782147,0.119,4.989,0.739
26182,2,2.782253,0.123,4.842,0.727
26183,2,2.782359,0.123,4.837,0.726
26184,2,2.782465,0.121,4.906,0.727
26185,2,2.782572,0.128,4.743,0.715
26186,2,2.782678,0.131,4.645,0.71
26187,2,2.782784,0.117,4.995,0.739
26188,2,2.782891,0.143,4.333,0.672
26189,2,2.782997,0.11,5.194,0.757
26190,2,2.783103,0.108,5.256,0.757
26191,2,2.783209,0.128,4.817,0.713
26192,2,2.783316,0.141,4.485,0.684
26193,2,2.783422,0.123,4.885,0.727
26194,2,2.783528,0.128,4.755,0.711
26195,2,2.783634,0.149,4.242,0.658
26196,2,2.783741,0.117,5.088,0.739
26197,2,2.783847,0.138,4.524,0.683
26198,2,2.783953,0.131,4.741,0.704
26199,2,2.784060,0.143,4.36,0.672
26200,2,2.784166,0.126,4.735,0.717
26201,2,2.784272,0.144,4.384,0.672
26202,2,2.784378,0.145,4.338,0.674
26203,2,2.784485,0.125,4.817,0.72
26204,2,2.784591,0.116,5.042,0.744
26205,2,2.784697,0.103,5.355,0.775
26206,2,2.784803,0.152,4.165,0.653
26207,2,2.784910,0.119,4.952,0.736
26208,2,2.785016,0.142,4.417,0.681
26209,2,2.785122,0.142,4.39,0.674
26210,2,2.785228,0.133,4.619,0.697
26211,2,2.785335,0.126,4.871,0.715
26212,2,2.785441,0.113,5.065,0.746
26213,2,2.785547,0.128,4.721,0.712
26214,2,2.785654,0.126,4.814,0.711
26215,2,2.785760,0.133,4.661,0.696
26216,2,2.785866,0.124,4.828,0.721
26217,2,2.785972,0.149,4.27,0.663
26218,2,2.786079,0.132,4.619,0.702
26219,2,2.786185,0.131,4.608,0.709
26220,2,2.786291,0.138,4.522,0.692
26221,2,2.786397,0.126,4.761,0.72
26222,2,2.786504,0.132,4.645,0.703
26223,2,2.786610,0.106,5.221,0.771
26224,2,2.786716,0.125,4.813,0.72
26225,2,2.786823,0.119,4.956,0.739
26226,2,2.786929,0.143,4.393,0.673
26227,2,2.787035,0.131,4.675,0.709
26228,2,2.787141,0.132,4.601,0.705
26229,2,2.787248,0.118,4.986,0.739
26230,2,2.787354,0.149,4.308,0.66
26231,2,2.787460,0.114,5.041,0.747
26232,2,2.787566,0.134,4.583,0.701
26233,2,2.787673,0.128,4.739,0.708
26234,2,2.787779,0.119,4.979,0.735
26235,2,2.787885,0.134,4.599,0.698
26236,2,2.787991,0.121,4.908,0.73
26237,2,2.788098,0.144,4.433,0.676
26238,2,2.788204,0.116,5.04,0.74
26239,2,2.788310,0.131,4.699,0.704
26240,2,2.788417,0.12,4.882,0.733
26241,2,2.788523,0.125,4.839,0.716
26242,2,2.788629,0.136,4.517,0.692
26243,2,2.788735,0.138,4.563,0.686
26244,2,2.788842,0.13,4.713,0.706
26245,2,2.788948,0.142,4.421,0.679
26246,2,2.789054,0.126,4.798,0.715
26247,2,2.789160,0.145,4.377,0.671
26248,2,2.789267,0.127,4.798,0.712
26249,2,2.789373,0.137,4.544,0.692
26250,2,2.789479,0.126,4.788,0.721
26251,2,2.789586,0.13,4.675,0.709
26252,2,2.789692,0.129,4.74,0.715
26253,2,2.789798,0.131,4.681,0.702
26254,2,2.789904,0.127,4.719,0.713
26255,2,2.790011,0.141,4.521,0.683
26256,2,2.790117,0.108,5.239,0.76
26257,2,2.790223,0.137,4.577,0.691
26258,2,2.790329,0.145,4.355,0.675
26259,2,2.790436,0.126,4.819,0.724
26260,2,2.790542,0.11,5.175,0.753
26261,2,2.790648,0.129,4.719,0.712
26262,2,2.790755,0.133,4.656,0.7
26263,2,2.790861,0.116,5.049,0.745
26264,2,2.790967,0.141,4.444,0.68
26265,2,2.791073,0.136,4.509,0.692
26266,2,2.791180,0.13,4.659,0.705
26267,2,2.791286,0.126,4.773,0.719
26268,2,2.791392,0.101,5.37,0.781
26269,2,2.791498,0.13,4.708,0.71
26270,2,2.791605,0.108,5.243,0.756
26271,2,2.791711,0.139,4.506,0.684
26272,2,2.791817,0.131,4.692,0.705
26273,2,2.791923,0.136,4.592,0.689
26274,2,2.792030,0.136,4.571,0.692
26275,2,2.792136,0.113,5.093,0.747
26276,2,2.792242,0.12,4.86,0.734
26277,2,2.792349,0.132,4.687,0.701
26278,2,2.792455,0.14,4.507,0.684
26279,2,2.792561,0.14,4.469,0.684
26280,2,2.792667,0.123,4.831,0.726
26281,2,2.792774,0.136,4.584,0.686
26282,2,2.792880,0.135,4.594,0.692
26283,2,2.792986,0.135,4.555,0.693
26284,2,2.793092,0.121,4.99,0.728
26285,2,2.793199,0.135,4.547,0.693
26286,2,2.793305,0.147,4.291,0.663
26287,2,2.793411,0.148,4.28,0.659
26288,2,2.793518,0.122,4.866,0.725
26289,2,2.793624,0.11,5.191,0.759
26290,2,2.793730,0.114,5.056,0.747
26291,2,2.793836,0.119,4.898,0.73
26292,2,2.793943,0.133,4.578,0.703
26293,2,2.794049,0.126,4.786,0.718
26294,2,2.794155,0.127,4.773,0.713
26295,2,2.794261,0.12,4.94,0.733
26296,2,2.794368,0.136,4.541,0.703
26297,2,2.794474,0.119,4.97,0.742
26298,2,2.794580,0.139,4.522,0.688
26299,2,2.794687,0.127,4.767,0.717
26300,2,2.794793,0.135,4.621,0.694
26301,2,2.794899,0.109,5.217,0.759
26302,2,2.795005,0.133,4.644,0.701
26303,2,2.795112,0.127,4.737,0.715
26304,2,2.795218,0.122,4.891,0.722
26305,2,2.795324,0.136,4.54,0.695
26306,2,2.795430,0.133,4.634,0.696
26307,2,2.795537,0.134,4.616,0.699
26308,2,2.795643,0.131,4.719,0.705
26309,2,2.795749,0.113,5.146,0.744
26310,2,2.795855,0.129,4.716,0.706
26311,2,2.795962,0.13,4.674,0.704
26312,2,2.796068,0.142,4.408,0.68
26313,2,2.796174,0.129,4.712,0.71
26314,2,2.796281,0.125,4.801,0.72
26315,2,2.796387,0.113,5.122,0.75
26316,2,2.796493,0.123,4.877,0.723
26317,2,2.796599,0.133,4.657,0.701
26318,2,2.796706,0.129,4.734,0.714
26319,2,2.796812,0.124,4.945,0.722
26320,2,2.796918,0.132,4.614,0.699
26321,2,2.797024,0.119,4.98,0.736
26322,2,2.797131,0.123,4.905,0.727
26323,2,2.797237,0.131,4.709,0.702
26324,2,2.797343,0.142,4.409,0.68
26325,2,2.797450,0.128,4.768,0.707
26326,2,2.797556,0.146,4.341,0.67
26327,2,2.797662,0.102,5.364,0.772
26328,2,2.797768,0.123,4.838,0.723
26329,2,2.797875,0.136,4.537,0.692
26330,2,2.797981,0.141,4.516,0.682
26331,2,2.798087,0.123,4.899,0.723
26332,2,2.798193,0.143,4.366,0.672
26333,2,2.798300,0.113,5.119,0.746
26334,2,2.798406,0.126,4.747,0.714
26335,2,2.798512,0.131,4.622,0.702
26336,2,2.798618,0.129,4.717,0.709
26337,2,2.798725,0.131,4.69,0.703
26338,2,2.798831,0.128,4.697,0.713
26339,2,2.798937,0.108,5.188,0.759
26340,2,2.799044,0.131,4.731,0.703
26341,2,2.799150,0.139,4.488,0.688
26342,2,2.799256,0.136,4.544,0.691
26343,2,2.799362,0.143,4.372,0.673
26344,2,2.799469,0.109,5.224,0.756
26345,2,2.799575,0.136,4.535,0.696
26346,2,2.799681,0.115,5.042,0.741
26347,2,2.799787,0.12,4.931,0.731
26348,2,2.799894,0.117,5.024,0.741
26349,2,2.800000,0.113,5.072,0.749
26350,2,2.800106,0.124,4.869,0.725
26351,2,2.800213,0.119,5.013,0.736
26352,2,2.800319,0.141,4.495,0.689
26353,2,2.800425,0.12,4.909,0.731
26354,2,2.800531,0.136,4.553,0.69
26355,2,2.800638,0.131,4.705,0.709
26356,2,2.800744,0.128,4.778,0.712
26357,2,2.800850,0.138,4.515,0.693
26358,2,2.800956,0.144,4.352,0.671
26359,2,2.801063,0.131,4.701,0.706
26360,2,2.801169,0.116,5.033,0.737
26361,2,2.801275,0.115,5.061,0.74
26362,2,2.801382,0.138,4.525,0.689
26363,2,2.801488,0.119,4.928,0.731
26364,2,2.801594,0.146,4.368,0.667
26365,2,2.801700,0.133,4.605,0.697
26366,2,2.801807,0.131,4.648,0.706
26367,2,2.801913,0.134,4.616,0.698
26368,2,2.802019,0.122,4.883,0.728
26369,2,2.802125,0.132,4.612,0.705
26370,2,2.802232,0.137,4.476,0.692
26371,2,2.802338,0.129,4.778,0.71
26372,2,2.802444,0.127,4.729,0.715
26373,2,2.802550,0.111,5.152,0.752
26374,2,2.802657,0.127,4.704,0.715
26375,2,2.802763,0.12,4.894,0.735
26376,2,2.802869,0.107,5.292,0.762
26377,2,2.802976,0.125,4.8,0.72
26378,2,2.803082,0.137,4.529,0.691
26379,2,2.803188,0.132,4.66,0.703
26380,2,2.803294,0.134,4.667,0.701
26381,2,2.803401,0.128,4.748,0.715
26382,2,2.803507,0.123,4.888,0.723
26383,2,2.803613,0.12,4.913,0.73
26384,2,2.803719,0.133,4.622,0.694
26385,2,2.803826,0.123,4.848,0.723
26386,2,2.803932,0.125,4.829,0.722
26387,2,2.804038,0.148,4.28,0.668
26388,2,2.804145,0.136,4.554,0.692
26389,2,2.804251,0.132,4.628,0.701
26390,2,2.804357,0.097,5.482,0.782
26391,2,2.804463,0.131,4.63,0.703
26392,2,2.804570,0.133,4.601,0.705
26393,2,2.804676,0.128,4.738,0.712
26394,2,2.804782,0.098,5.483,0.781
26395,2,2.804888,0.143,4.369,0.674
26396,2,2.804995,0.13,4.794,0.707
26397,2,2.805101,0.138,4.525,0.689
26398,2,2.805207,0.126,4.808,0.721
26399,2,2.805313,0.12,4.931,0.732
26400,2,2.805420,0.118,5.012,0.735
26401,2,2.805526,0.107,5.217,0.765
26402,2,2.805632,0.137,4.529,0.689
26403,2,2.805739,0.125,4.834,0.721
26404,2,2.805845,0.127,4.727,0.718
26405,2,2.805951,0.147,4.299,0.66
26406,2,2.806057,0.116,5.019,0.744
26407,2,2.806164,0.126,4.771,0.721
26408,2,2.806270,0.127,4.735,0.71
26409,2,2.806376,0.14,4.494,0.686
26410,2,2.806482,0.127,4.831,0.716
26411,2,2.806589,0.117,5.007,0.738
26412,2,2.806695,0.122,4.868,0.724
26413,2,2.806801,0.144,4.453,0.676
26414,2,2.806908,0.113,5.126,0.75
26415,2,2.807014,0.13,4.612,0.704
26416,2,2.807120,0.127,4.801,0.714
26417,2,2.807226,0.11,5.148,0.761
26418,2,2.807333,0.134,4.626,0.698
26419,2,2.807439,0.125,4.858,0.724
26420,2,2.807545,0.142,4.421,0.676
26421,2,2.807651,0.117,4.969,0.738
26422,2,2.807758,0.145,4.343,0.671
26423,2,2.807864,0.108,5.186,0.762
26424,2,2.807970,0.146,4.342,0.663
26425,2,2.808077,0.144,4.373,0.672
26426,2,2.808183,0.115,4.996,0.744
26427,2,2.808289,0.119,4.941,0.739
26428,2,2.808395,0.109,5.183,0.762
26429,2,2.808502,0.121,4.882,0.724
26430,2,2.808608,0.111,5.098,0.749
26431,2,2.808714,0.131,4.693,0.702
26432,2,2.808820,0.148,4.277,0.665
26433,2,2.808927,0.125,4.858,0.717
26434,2,2.809033,0.115,5.069,0.745
26435,2,2.809139,0.131,4.631,0.705
26436,2,2.809245,0.117,4.9,0.745
26437,2,2.809352,0.11,5.21,0.754
26438,2,2.809458,0.142,4.437,0.677
26439,2,2.809564,0.133,4.605,0.699
26440,2,2.809671,0.136,4.589,0.694
26441,2,2.809777,0.119,4.931,0.734
26442,2,2.809883,0.119,4.919,0.737
26443,2,2.809989,0.134,4.574,0.698
26444,2,2.810096,0.133,4.678,0.698
26445,2,2.810202,0.116,5.012,0.742
26446,2,2.810308,0.13,4.697,0.711
26447,2,2.810414,0.122,4.871,0.729
26448,2,2.810521,0.153,4.167,0.645
26449,2,2.810627,0.124,4.843,0.722
26450,2,2.810733,0.134,4.636,0.692
26451,2,2.810840,0.127,4.79,0.718
26452,2,2.810946,0.132,4.674,0.701
26453,2,2.811052,0.126,4.743,0.716
26454,2,2.811158,0.117,5.021,0.743
26455,2,2.811265,0.136,4.585,0.69
26456,2,2.811371,0.131,4.708,0.705
26457,2,2.811477,0.116,5.014,0.742
26458,2,2.811583,0.132,4.663,0.7
26459,2,2.811690,0.153,4.171,0.654
26460,2,2.811796,0.127,4.756,0.715
26461,2,2.811902,0.121,4.906,0.73
26462,2,2.812009,0.142,4.466,0.682
26463,2,2.812115,0.132,4.648,0.702
26464,2,2.812221,0.138,4.547,0.692
26465,2,2.812327,0.145,4.429,0.67
26466,2,2.812434,0.115,5.06,0.746
26467,2,2.812540,0.126,4.764,0.716
26468,2,2.812646,0.138,4.511,0.689
26469,2,2.812752,0.109,5.219,0.76
26470,2,2.812859,0.116,5.052,0.742
26471,2,2.812965,0.125,4.829,0.713
26472,2,2.813071,0.116,5.012,0.742
26473,2,2.813177,0.132,4.656,0.702
26474,2,2.813284,0.118,4.957,0.736
26475,2,2.813390,0.137,4.5,0.692
26476,2,2.813496,0.128,4.752,0.708
26477,2,2.813603,0.11,5.122,0.756
26478,2,2.813709,0.142,4.406,0.678
26479,2,2.813815,0.122,4.899,0.721
26480,2,2.813921,0.12,4.902,0.732
26481,2,2.814028,0.142,4.334,0.679
26482,2,2.814134,0.113,5.075,0.751
26483,2,2.814240,0.134,4.565,0.697
26484,2,2.814346,0.123,4.855,0.725
26485,2,2.814453,0.138,4.557,0.684
26486,2,2.814559,0.131,4.685,0.707
26487,2,2.814665,0.129,4.746,0.711
26488,2,2.814772,0.145,4.363,0.674
26489,2,2.814878,0.123,4.871,0.723
26490,2,2.814984,0.111,5.19,0.753
26491,2,2.815090,0.133,4.668,0.7
26492,2,2.815197,0.119,4.958,0.735
26493,2,2.815303,0.131,4.713,0.711
26494,2,2.815409,0.116,5.044,0.748
26495,2,2.815515,0.125,4.82,0.714
26496,2,2.815622,0.131,4.655,0.704
26497,2,2.815728,0.128,4.765,0.713
26498,2,2.815834,0.114,5.073,0.746
26499,2,2.815940,0.122,4.852,0.724
26500,2,2.816047,0.135,4.595,0.695
26501,2,2.816153,0.12,4.922,0.73
26502,2,2.816259,0.133,4.596,0.698
26503,2,2.816366,0.111,5.12,0.755
26504,2,2.816472,0.136,4.598,0.694
26505,2,2.816578,0.109,5.177,0.757
26506,2,2.816684,0.15,4.243,0.659
26507,2,2.816791,0.112,5.078,0.748
26508,2,2.816897,0.12,4.875,0.729
26509,2,2.817003,0.127,4.781,0.717
26510,2,2.817109,0.136,4.544,0.696
26511,2,2.817216,0.153,4.212,0.652
26512,2,2.817322,0.116,5.038,0.746
26513,2,2.817428,0.124,4.84,0.72
26514,2,2.817535,0.126,4.812,0.72
26515,2,2.817641,0.12,4.922,0.735
26516,2,2.817747,0.131,4.65,0.697
26517,2,2.817853,0.132,4.659,0.704
26518,2,2.817960,0.109,5.179,0.76
26519,2,2.818066,0.115,5.078,0.748
26520,2,2.818172,0.141,4.454,0.682
26521,2,2.818278,0.137,4.565,0.689
26522,2,2.818385,0.119,4.961,0.733
26523,2,2.818491,0.123,4.848,0.725
26524,2,2.818597,0.124,4.802,0.72
26525,2,2.818704,0.126,4.849,0.72
26526,2,2.818810,0.125,4.883,0.72
26527,2,2.818916,0.131,4.643,0.709
26528,2,2.819022,0.128,4.784,0.713
26529,2,2.819129,0.107,5.262,0.762
26530,2,2.819235,0.129,4.673,0.711
26531,2,2.819341,0.129,4.75,0.708
26532,2,2.819447,0.134,4.651,0.699
26533,2,2.819554,0.132,4.694,0.704
26534,2,2.819660,0.126,4.79,0.72
26535,2,2.819766,0.128,4.794,0.714
26536,2,2.819872,0.095,5.568,0.792
26537,2,2.819979,0.12,4.961,0.733
26538,2,2.820085,0.13,4.73,0.714
26539,2,2.820191,0.128,4.744,0.717
26540,2,2.820298,0.131,4.719,0.705
26541,2,2.820404,0.149,4.286,0.66
26542,2,2.820510,0.119,4.983,0.736
26543,2,2.820616,0.136,4.543,0.695
26544,2,2.820723,0.126,4.804,0.721
26545,2,2.820829,0.119,4.976,0.736
26546,2,2.820935,0.112,5.118,0.753
26547,2,2.821041,0.124,4.775,0.717
26548,2,2.821148,0.123,4.844,0.724
26549,2,2.821254,0.131,4.655,0.702
26550,2,2.821360,0.13,4.699,0.708
26551,2,2.821467,0.101,5.397,0.775
26552,2,2.821573,0.148,4.295,0.663
26553,2,2.821679,0.117,5.008,0.741
26554,2,2.821785,0.111,5.179,0.752
26555,2,2.821892,0.133,4.615,0.696
26556,2,2.821998,0.11,5.196,0.754
26557,2,2.822104,0.124,4.832,0.722
26558,2,2.822210,0.133,4.635,0.703
26559,2,2.822317,0.131,4.651,0.702
26560,2,2.822423,0.115,5.066,0.748
26561,2,2.822529,0.116,5.051,0.739
26562,2,2.822635,0.138,4.516,0.693
26563,2,2.822742,0.136,4.538,0.695
26564,2,2.822848,0.131,4.725,0.706
26565,2,2.822954,0.132,4.577,0.698
26566,2,2.823061,0.117,4.988,0.744
26567,2,2.823167,0.147,4.518,0.696
26568,2,2.823273,0.126,4.79,0.717
26569,2,2.823379,0.155,4.134,0.644
26570,2,2.823486,0.134,4.593,0.699
26571,2,2.823592,0.128,4.779,0.719
26572,2,2.823698,0.119,4.952,0.732
26573,2,2.823804,0.114,5.027,0.746
26574,2,2.823911,0.128,4.77,0.708
26575,2,2.824017,0.131,4.653,0.698
26576,2,2.824123,0.116,5.057,0.739
26577,2,2.824230,0.121,4.908,0.729
26578,2,2.824336,0.111,5.14,0.756
26579,2,2.824442,0.137,4.495,0.688
26580,2,2.824548,0.121,4.919,0.731
26581,2,2.824655,0.13,4.706,0.714
26582,2,2.824761,0.142,4.436,0.679
26583,2,2.824867,0.117,4.967,0.738
26584,2,2.824973,0.125,4.781,0.715
26585,2,2.825080,0.124,4.871,0.726
26586,2,2.825186,0.136,4.564,0.691
26587,2,2.825292,0.097,5.516,0.79
26588,2,2.825399,0.134,4.734,0.709
26589,2,2.825505,0.138,4.56,0.687
26590,2,2.825611,0.139,4.522,0.683
26591,2,2.825717,0.138,4.498,0.687
26592,2,2.825824,0.156,4.134,0.639
26593,2,2.825930,0.138,4.529,0.686
26594,2,2.826036,0.133,4.646,0.703
26595,2,2.826142,0.113,5.041,0.748
26596,2,2.826249,0.102,5.314,0.774
26597,2,2.826355,0.116,5.033,0.745
26598,2,2.826461,0.123,4.859,0.725
26599,2,2.826567,0.109,5.182,0.757
26600,2,2.826674,0.153,4.187,0.65
26601,2,2.826780,0.129,4.713,0.712
26602,2,2.826886,0.106,5.263,0.771
26603,2,2.826993,0.138,4.546,0.69
26604,2,2.827099,0.148,4.286,0.663
26605,2,2.827205,0.126,4.816,0.715
26606,2,2.827311,0.134,4.603,0.7
26607,2,2.827418,0.123,4.866,0.724
26608,2,2.827524,0.122,4.903,0.727
26609,2,2.827630,0.121,4.867,0.725
26610,2,2.827736,0.129,4.717,0.712
26611,2,2.827843,0.116,5.049,0.743
26612,2,2.827949,0.123,4.844,0.726
26613,2,2.828055,0.129,4.746,0.711
26614,2,2.828162,0.138,4.513,0.691
26615,2,2.828268,0.123,4.884,0.723
26616,2,2.828374,0.108,5.201,0.765
26617,2,2.828480,0.123,4.837,0.727
26618,2,2.828587,0.099,5.426,0.781
26619,2,2.828693,0.143,4.357,0.672
26620,2,2.828799,0.131,4.71,0.705
26621,2,2.828905,0.121,4.895,0.731
26622,2,2.829012,0.128,4.777,0.709
26623,2,2.829118,0.122,4.888,0.724
26624,2,2.829224,0.119,4.982,0.737
26625,2,2.829330,0.135,4.568,0.696
26626,2,2.829437,0.128,4.722,0.712
26627,2,2.829543,0.113,5.117,0.748
26628,2,2.829649,0.142,4.501,0.681
26629,2,2.829756,0.142,4.482,0.685
26630,2,2.829862,0.132,4.691,0.706
26631,2,2.829968,0.123,4.881,0.723
26632,2,2.830074,0.135,4.593,0.695
26633,2,2.830181,0.143,4.391,0.675
26634,2,2.830287,0.138,4.451,0.691
26635,2,2.830393,0.142,4.41,0.677
26636,2,2.830499,0.121,4.93,0.727
26637,2,2.830606,0.114,5.028,0.747
26638,2,2.830712,0.114,5.1,0.751
26639,2,2.830818,0.122,4.882,0.728
26640,2,2.830925,0.131,4.643,0.703
26641,2,2.831031,0.132,4.701,0.71
26642,2,2.831137,0.135,4.602,0.695
26643,2,2.831243,0.142,4.337,0.675
26644,2,2.831350,0.141,4.446,0.681
26645,2,2.831456,0.115,5.058,0.746
26646,2,2.831562,0.124,4.85,0.717
26647,2,2.831668,0.118,4.866,0.734
26648,2,2.831775,0.127,4.763,0.714
26649,2,2.831881,0.11,5.189,0.756
26650,2,2.831987,0.125,4.835,0.722
26651,2,2.832094,0.131,4.683,0.706
26652,2,2.832200,0.151,4.176,0.655
26653,2,2.832306,0.125,4.829,0.72
26654,2,2.832412,0.116,5.07,0.74
26655,2,2.832519,0.134,4.597,0.699
26656,2,2.832625,0.14,4.446,0.683
26657,2,2.832731,0.134,4.565,0.695
26658,2,2.832837,0.111,5.157,0.754
26659,2,2.832944,0.132,4.596,0.702
26660,2,2.833050,0.131,4.67,0.704
26661,2,2.833156,0.137,4.506,0.692
26662,2,2.833262,0.142,4.454,0.678
26663,2,2.833369,0.122,4.924,0.725
26664,2,2.833475,0.146,4.303,0.673
26665,2,2.833581,0.119,4.998,0.733
26666,2,2.833688,0.115,5.014,0.745
26667,2,2.833794,0.136,4.552,0.689
26668,2,2.833900,0.138,4.507,0.684
26669,2,2.834006,0.134,4.636,0.691
26670,2,2.834113,0.13,4.65,0.708
26671,2,2.834219,0.117,5.003,0.742
26672,2,2.834325,0.113,5.088,0.755
26673,2,2.834431,0.116,5.025,0.737
26674,2,2.834538,0.13,4.657,0.706
26675,2,2.834644,0.12,4.915,0.729
26676,2,2.834750,0.131,4.653,0.704
26677,2,2.834857,0.142,4.422,0.678
26678,2,2.834963,0.135,4.581,0.697
26679,2,2.835069,0.13,4.707,0.708
26680,2,2.835175,0.121,4.951,0.732
26681,2,2.835282,0.112,5.166,0.752
26682,2,2.835388,0.126,4.768,0.72
26683,2,2.835494,0.132,4.63,0.704
26684,2,2.835600,0.116,5.01,0.74
26685,2,2.835707,0.129,4.688,0.708
26686,2,2.835813,0.14,4.463,0.683
26687,2,2.835919,0.108,5.217,0.765
26688,2,2.836026,0.123,4.781,0.727
26689,2,2.836132,0.13,4.681,0.706
26690,2,2.836238,0.119,4.989,0.734
26691,2,2.836344,0.125,4.85,0.724
26692,2,2.836451,0.142,4.438,0.677
26693,2,2.836557,0.129,4.741,0.712
26694,2,2.836663,0.153,4.18,0.653
26695,2,2.836769,0.132,4.644,0.702
26696,2,2.836876,0.14,4.444,0.682
26697,2,2.836982,0.136,4.58,0.692
26698,2,2.837088,0.143,4.399,0.673
26699,2,2.837194,0.12,4.929,0.73
26700,2,2.837301,0.121,4.914,0.727
26701,2,2.837407,0.131,4.702,0.706
26702,2,2.837513,0.133,4.632,0.702
26703,2,2.837620,0.135,4.612,0.696
26704,2,2.837726,0.122,4.91,0.725
26705,2,2.837832,0.143,4.425,0.675
26706,2,2.837938,0.151,4.219,0.654
26707,2,2.838045,0.144,4.414,0.671
26708,2,2.838151,0.113,5.126,0.752
26709,2,2.838257,0.124,4.858,0.722
26710,2,2.838363,0.102,5.364,0.779
26711,2,2.838470,0.119,4.937,0.735
26712,2,2.838576,0.13,4.645,0.708
26713,2,2.838682,0.114,4.992,0.745
26714,2,2.838789,0.131,4.693,0.711
26715,2,2.838895,0.131,4.696,0.708
26716,2,2.839001,0.132,4.642,0.705
26717,2,2.839107,0.127,4.791,0.716
26718,2,2.839214,0.131,4.658,0.704
26719,2,2.839320,0.125,4.806,0.721
26720,2,2.839426,0.135,4.586,0.701
26721,2,2.839532,0.127,4.8,0.718
26722,2,2.839639,0.114,5.082,0.745
26723,2,2.839745,0.11,5.158,0.759
26724,2,2.839851,0.127,4.811,0.711
26725,2,2.839957,0.134,4.631,0.7
26726,2,2.840064,0.106,5.241,0.761
26727,2,2.840170,0.11,5.206,0.749
26728,2,2.840276,0.124,4.803,0.724
26729,2,2.840383,0.132,4.638,0.701
26730,2,2.840489,0.131,4.698,0.705
26731,2,2.840595,0.131,4.712,0.704
26732,2,2.840701,0.131,4.647,0.704
26733,2,2.840808,0.135,4.579,0.694
26734,2,2.840914,0.116,5.063,0.74
26735,2,2.841020,0.126,4.798,0.715
26736,2,2.841126,0.11,5.17,0.757
26737,2,2.841233,0.131,4.634,0.701
26738,2,2.841339,0.124,4.823,0.723
26739,2,2.841445,0.116,5.021,0.741
26740,2,2.841552,0.102,5.396,0.772
26741,2,2.841658,0.142,4.433,0.68
26742,2,2.841764,0.121,4.897,0.731
26743,2,2.841870,0.126,4.79,0.717
26744,2,2.841977,0.122,4.851,0.725
26745,2,2.842083,0.148,4.706,0.714
26746,2,2.842189,0.112,5.145,0.756
26747,2,2.842295,0.104,5.273,0.769
26748,2,2.842402,0.132,4.626,0.704
26749,2,2.842508,0.111,5.133,0.75
26750,2,2.842614,0.13,4.694,0.709
26751,2,2.842721,0.114,5.115,0.744
26752,2,2.842827,0.127,4.794,0.716
26753,2,2.842933,0.104,5.359,0.772
26754,2,2.843039,0.141,4.477,0.681
26755,2,2.843146,0.153,4.149,0.647
26756,2,2.843252,0.119,4.992,0.736
26757,2,2.843358,0.119,5.008,0.737
26758,2,2.843464,0.131,4.71,0.706
26759,2,2.843571,0.12,4.969,0.731
26760,2,2.843677,0.134,4.636,0.697
26761,2,2.843783,0.137,4.498,0.689
26762,2,2.843889,0.102,5.338,0.776
26763,2,2.843996,0.118,5.003,0.738
26764,2,2.844102,0.147,4.237,0.666
26765,2,2.844208,0.11,5.171,0.756
26766,2,2.844315,0.14,4.541,0.686
26767,2,2.844421,0.142,4.432,0.68
26768,2,2.844527,0.151,4.149,0.655
26769,2,2.844633,0.12,4.879,0.732
26770,2,2.844740,0.117,5.069,0.74
26771,2,2.844846,0.146,4.322,0.67
26772,2,2.844952,0.11,5.223,0.75
26773,2,2.845058,0.111,5.168,0.756
26774,2,2.845165,0.128,4.796,0.71
26775,2,2.845271,0.12,4.904,0.728
26776,2,2.845377,0.134,4.621,0.696
26777,2,2.845484,0.123,4.873,0.722
26778,2,2.845590,0.127,4.771,0.712
26779,2,2.845696,0.129,4.73,0.713
26780,2,2.845802,0.119,4.935,0.731
26781,2,2.845909,0.119,4.977,0.732
26782,2,2.846015,0.148,4.253,0.669
26783,2,2.846121,0.119,4.901,0.729
26784,2,2.846227,0.129,4.696,0.718
26785,2,2.846334,0.149,4.275,0.659
26786,2,2.846440,0.129,4.718,0.71
26787,2,2.846546,0.128,4.748,0.713
26788,2,2.846652,0.15,4.269,0.662
26789,2,2.846759,0.126,4.784,0.713
26790,2,2.846865,0.123,4.885,0.725
26791,2,2.846971,0.11,5.2,0.758
26792,2,2.847078,0.118,4.98,0.739
26793,2,2.847184,0.125,4.82,0.719
26794,2,2.847290,0.111,5.125,0.752
26795,2,2.847396,0.129,4.648,0.71
26796,2,2.847503,0.119,4.985,0.728
26797,2,2.847609,0.112,5.134,0.75
26798,2,2.847715,0.126,4.772,0.713
26799,2,2.847821,0.12,4.887,0.733
26800,2,2.847928,0.116,5.017,0.741
26801,2,2.848034,0.134,4.624,0.699
26802,2,2.848140,0.118,5.013,0.735
26803,2,2.848247,0.124,4.878,0.725
26804,2,2.848353,0.112,5.113,0.748
26805,2,2.848459,0.132,4.58,0.701
26806,2,2.848565,0.126,4.782,0.714
26807,2,2.848672,0.125,4.85,0.718
26808,2,2.848778,0.15,4.245,0.661
26809,2,2.848884,0.13,4.714,0.713
26810,2,2.848990,0.109,5.193,0.761
26811,2,2.849097,0.124,4.803,0.723
26812,2,2.849203,0.129,4.827,0.715
26813,2,2.849309,0.135,4.598,0.691
26814,2,2.849416,0.122,4.88,0.726
26815,2,2.849522,0.141,4.457,0.683
26816,2,2.849628,0.126,4.798,0.719
26817,2,2.849734,0.133,4.589,0.7
26818,2,2.849841,0.131,4.68,0.705
26819,2,2.849947,0.138,4.512,0.693
26820,2,2.850053,0.111,5.098,0.753
26821,2,2.850159,0.128,4.83,0.712
26822,2,2.850266,0.125,4.812,0.723
26823,2,2.850372,0.142,4.425,0.684
26824,2,2.850478,0.134,4.584,0.701
26825,2,2.850584,0.13,4.716,0.708
26826,2,2.850691,0.112,5.126,0.752
26827,2,2.850797,0.113,5.126,0.746
26828,2,2.850903,0.14,4.45,0.685
26829,2,2.851010,0.134,4.614,0.696
26830,2,2.851116,0.132,4.652,0.699
26831,2,2.851222,0.112,5.172,0.752
26832,2,2.851328,0.132,4.595,0.7
26833,2,2.851435,0.133,4.586,0.698
26834,2,2.851541,0.135,4.588,0.698
26835,2,2.851647,0.119,4.888,0.734
26836,2,2.851753,0.114,5.106,0.745
26837,2,2.851860,0.145,4.356,0.674
26838,2,2.851966,0.117,5.024,0.742
26839,2,2.852072,0.121,4.892,0.726
26840,2,2.852179,0.13,4.738,0.71
26841,2,2.852285,0.103,5.332,0.771
26842,2,2.852391,0.139,4.514,0.686
26843,2,2.852497,0.122,4.942,0.724
26844,2,2.852604,0.135,4.589,0.69
26845,2,2.852710,0.124,4.852,0.722
26846,2,2.852816,0.131,4.689,0.704
26847,2,2.852922,0.122,4.877,0.726
26848,2,2.853029,0.117,4.991,0.742
26849,2,2.853135,0.131,4.662,0.703
26850,2,2.853241,0.12,4.887,0.731
26851,2,2.853348,0.124,4.814,0.724
26852,2,2.853454,0.131,4.668,0.706
26853,2,2.853560,0.128,4.765,0.715
26854,2,2.853666,0.13,4.696,0.709
26855,2,2.853773,0.126,4.797,0.72
26856,2,2.853879,0.127,4.797,0.714
26857,2,2.853985,0.138,4.486,0.688
26858,2,2.854091,0.139,4.492,0.683
26859,2,2.854198,0.129,4.702,0.711
26860,2,2.854304,0.122,4.904,0.728
26861,2,2.854410,0.125,4.85,0.725
26862,2,2.854516,0.123,4.833,0.724
26863,2,2.854623,0.119,4.942,0.732
26864,2,2.854729,0.123,4.887,0.725
26865,2,2.854835,0.098,5.461,0.785
26866,2,2.854942,0.125,4.876,0.72
26867,2,2.855048,0.14,4.484,0.687
26868,2,2.855154,0.133,4.611,0.698
26869,2,2.855260,0.15,4.253,0.662
26870,2,2.855367,0.128,4.731,0.71
26871,2,2.855473,0.126,4.755,0.716
26872,2,2.855579,0.129,4.726,0.71
26873,2,2.855685,0.127,4.776,0.71
26874,2,2.855792,0.114,5.05,0.743
26875,2,2.855898,0.128,4.762,0.716
26876,2,2.856004,0.14,4.544,0.683
26877,2,2.856111,0.133,4.654,0.701
26878,2,2.856217,0.109,5.196,0.757
26879,2,2.856323,0.13,4.709,0.711
26880,2,2.856429,0.13,4.738,0.71
26881,2,2.856536,0.108,5.21,0.762
26882,2,2.856642,0.121,4.931,0.729
26883,2,2.856748,0.131,4.618,0.705
26884,2,2.856854,0.138,4.524,0.691
26885,2,2.856961,0.136,4.554,0.691
26886,2,2.857067,0.126,4.757,0.72
26887,2,2.857173,0.115,5.101,0.739
26888,2,2.857279,0.112,5.107,0.748
26889,2,2.857386,0.117,5.017,0.739
26890,2,2.857492,0.141,4.433,0.677
26891,2,2.857598,0.116,4.968,0.739
26892,2,2.857705,0.131,4.7,0.702
26893,2,2.857811,0.126,4.775,0.721
26894,2,2.857917,0.126,4.873,0.715
26895,2,2.858023,0.125,4.856,0.72
26896,2,2.858130,0.133,4.609,0.696
26897,2,2.858236,0.136,4.571,0.688
26898,2,2.858342,0.122,4.907,0.726
26899,2,2.858448,0.127,4.761,0.712
26900,2,2.858555,0.137,4.529,0.694
26901,2,2.858661,0.122,4.897,0.723
26902,2,2.858767,0.123,4.882,0.726
26903,2,2.858874,0.136,4.562,0.689
26904,2,2.858980,0.109,5.181,0.758
26905,2,2.859086,0.117,5.031,0.741
26906,2,2.859192,0.151,4.195,0.657
26907,2,2.859299,0.125,4.81,0.719
26908,2,2.859405,0.142,4.401,0.679
26909,2,2.859511,0.134,4.631,0.696
26910,2,2.859617,0.125,4.75,0.72
26911,2,2.859724,0.14,4.438,0.677
26912,2,2.859830,0.134,4.595,0.701
26913,2,2.859936,0.121,4.886,0.736
26914,2,2.860043,0.098,5.447,0.789
26915,2,2.860149,0.126,4.851,0.719
26916,2,2.860255,0.126,4.78,0.711
26917,2,2.860361,0.131,4.696,0.708
26918,2,2.860468,0.132,4.641,0.704
26919,2,2.860574,0.141,4.391,0.684
26920,2,2.860680,0.119,4.908,0.736
26921,2,2.860786,0.121,4.938,0.73
26922,2,2.860893,0.104,5.294,0.773
26923,2,2.860999,0.104,5.33,0.772
26924,2,2.861105,0.121,4.866,0.727
26925,2,2.861211,0.134,4.614,0.699
26926,2,2.861318,0.116,5.039,0.738
26927,2,2.861424,0.124,4.885,0.722
26928,2,2.861530,0.13,4.705,0.708
26929,2,2.861637,0.116,4.985,0.742
26930,2,2.861743,0.133,4.659,0.7
26931,2,2.861849,0.119,4.937,0.736
26932,2,2.861955,0.114,5.063,0.746
26933,2,2.862062,0.133,4.597,0.699
26934,2,2.862168,0.146,4.356,0.669
26935,2,2.862274,0.14,4.466,0.687
26936,2,2.862380,0.119,5.004,0.734
26937,2,2.862487,0.131,4.668,0.706
26938,2,2.862593,0.114,5.074,0.751
26939,2,2.862699,0.126,4.813,0.72
26940,2,2.862806,0.127,4.752,0.715
26941,2,2.862912,0.125,4.789,0.721
26942,2,2.863018,0.11,5.195,0.756
26943,2,2.863124,0.122,4.882,0.728
26944,2,2.863231,0.129,4.714,0.708
26945,2,2.863337,0.149,4.287,0.671
26946,2,2.863443,0.14,4.475,0.685
26947,2,2.863549,0.137,4.548,0.694
26948,2,2.863656,0.111,5.125,0.757
26949,2,2.863762,0.121,4.908,0.73
26950,2,2.863868,0.128,4.719,0.712
26951,2,2.863974,0.133,4.614,0.694
26952,2,2.864081,0.117,4.992,0.737
26953,2,2.864187,0.125,4.87,0.719
26954,2,2.864293,0.118,4.933,0.732
26955,2,2.864400,0.134,4.571,0.694
26956,2,2.864506,0.145,4.443,0.671
26957,2,2.864612,0.128,4.787,0.709
26958,2,2.864718,0.128,4.773,0.717
26959,2,2.864825,0.132,4.69,0.697
26960,2,2.864931,0.131,4.697,0.704
26961,2,2.865037,0.132,4.66,0.703
26962,2,2.865143,0.124,4.854,0.72
26963,2,2.865250,0.114,5.099,0.746
26964,2,2.865356,0.119,4.912,0.727
26965,2,2.865462,0.125,4.824,0.723
26966,2,2.865569,0.112,5.083,0.752
26967,2,2.865675,0.114,5.052,0.743
26968,2,2.865781,0.106,5.288,0.767
26969,2,2.865887,0.117,5.02,0.742
26970,2,2.865994,0.137,4.489,0.695
26971,2,2.866100,0.135,4.575,0.699
26972,2,2.866206,0.118,4.98,0.737
26973,2,2.866312,0.14,4.458,0.684
26974,2,2.866419,0.11,5.209,0.757
26975,2,2.866525,0.096,5.554,0.786
26976,2,2.866631,0.13,4.69,0.708
26977,2,2.866738,0.13,4.648,0.711
26978,2,2.866844,0.118,4.952,0.742
26979,2,2.866950,0.144,4.362,0.672
26980,2,2.867056,0.134,4.561,0.693
26981,2,2.867163,0.125,4.835,0.716
26982,2,2.867269,0.128,4.682,0.714
26983,2,2.867375,0.119,4.932,0.734
26984,2,2.867481,0.12,4.916,0.731
26985,2,2.867588,0.143,4.429,0.681
26986,2,2.867694,0.125,4.787,0.721
26987,2,2.867800,0.136,4.524,0.695
26988,2,2.867906,0.122,4.87,0.723
26989,2,2.868013,0.111,5.138,0.754
26990,2,2.868119,0.106,5.318,0.766
26991,2,2.868225,0.136,4.545,0.688
26992,2,2.868332,0.156,4.086,0.645
26993,2,2.868438,0.124,4.85,0.723
26994,2,2.868544,0.122,4.908,0.727
26995,2,2.868650,0.137,4.504,0.689
26996,2,2.868757,0.131,4.63,0.703
26997,2,2.868863,0.124,4.808,0.719
26998,2,2.868969,0.131,4.714,0.709
26999,2,2.869075,0.119,4.923,0.734
27000,2,2.869182,0.132,4.612,0.702
27001,2,2.869288,0.137,4.569,0.686
27002,2,2.869394,0.117,5.026,0.738
27003,2,2.869501,0.133,4.569,0.7
27004,2,2.869607,0.134,4.643,0.699
27005,2,2.869713,0.111,5.116,0.753
27006,2,2.869819,0.141,4.387,0.683
27007,2,2.869926,0.131,4.678,0.708
27008,2,2.870032,0.132,4.689,0.704
27009,2,2.870138,0.132,4.592,0.703
27010,2,2.870244,0.144,4.385,0.672
27011,2,2.870351,0.135,4.564,0.696
27012,2,2.870457,0.129,4.737,0.712
27013,2,2.870563,0.122,4.884,0.723
27014,2,2.870670,0.112,5.102,0.752
27015,2,2.870776,0.124,4.828,0.726
27016,2,2.870882,0.118,5.009,0.736
27017,2,2.870988,0.119,4.933,0.736
27018,2,2.871095,0.114,5.086,0.747
27019,2,2.871201,0.133,4.604,0.699
27020,2,2.871307,0.126,4.757,0.718
27021,2,2.871413,0.118,4.952,0.734
27022,2,2.871520,0.111,5.163,0.754
27023,2,2.871626,0.134,4.65,0.698
27024,2,2.871732,0.123,4.862,0.725
27025,2,2.871838,0.123,4.863,0.722
27026,2,2.871945,0.152,4.201,0.653
27027,2,2.872051,0.129,4.735,0.712
27028,2,2.872157,0.114,5.094,0.747
27029,2,2.872264,0.119,5.025,0.735
27030,2,2.872370,0.139,4.471,0.687
27031,2,2.872476,0.124,4.836,0.72
27032,2,2.872582,0.115,5.044,0.743
27033,2,2.872689,0.142,4.493,0.682
27034,2,2.872795,0.119,4.956,0.737
27035,2,2.872901,0.114,5.091,0.749
27036,2,2.873007,0.125,4.83,0.724
27037,2,2.873114,0.142,4.421,0.679
27038,2,2.873220,0.122,4.864,0.731
27039,2,2.873326,0.122,4.841,0.73
27040,2,2.873433,0.142,4.479,0.683
27041,2,2.873539,0.137,4.571,0.687
27042,2,2.873645,0.121,4.943,0.727
27043,2,2.873751,0.143,4.412,0.676
27044,2,2.873858,0.132,4.672,0.704
27045,2,2.873964,0.104,5.329,0.769
27046,2,2.874070,0.119,4.933,0.737
27047,2,2.874176,0.137,4.572,0.691
27048,2,2.874283,0.117,5.024,0.739
27049,2,2.874389,0.121,4.916,0.731
27050,2,2.874495,0.126,4.813,0.715
27051,2,2.874601,0.11,5.17,0.763
27052,2,2.874708,0.136,4.534,0.691
27053,2,2.874814,0.131,4.67,0.707
27054,2,2.874920,0.131,4.683,0.705
27055,2,2.875027,0.136,4.572,0.69
27056,2,2.875133,0.134,4.666,0.701
27057,2,2.875239,0.153,4.203,0.651
27058,2,2.875345,0.131,4.645,0.704
27059,2,2.875452,0.126,4.808,0.716
27060,2,2.875558,0.138,4.55,0.689
27061,2,2.875664,0.12,4.915,0.729
27062,2,2.875770,0.115,5.002,0.744
27063,2,2.875877,0.125,4.763,0.719
27064,2,2.875983,0.116,5.0,0.743
27065,2,2.876089,0.113,5.104,0.748
27066,2,2.876196,0.127,4.78,0.718
27067,2,2.876302,0.132,4.647,0.7
27068,2,2.876408,0.126,4.781,0.719
27069,2,2.876514,0.11,5.162,0.756
27070,2,2.876621,0.102,5.31,0.774
27071,2,2.876727,0.112,5.132,0.753
27072,2,2.876833,0.114,5.024,0.746
27073,2,2.876939,0.126,4.835,0.721
27074,2,2.877046,0.133,4.616,0.698
27075,2,2.877152,0.117,5.025,0.742
27076,2,2.877258,0.116,5.017,0.742
27077,2,2.877365,0.113,5.164,0.749
27078,2,2.877471,0.132,4.649,0.699
27079,2,2.877577,0.132,4.657,0.704
27080,2,2.877683,0.131,4.65,0.706
27081,2,2.877790,0.114,5.094,0.748
27082,2,2.877896,0.119,4.936,0.735
27083,2,2.878002,0.156,4.108,0.642
27084,2,2.878108,0.13,4.698,0.702
27085,2,2.878215,0.107,5.176,0.762
27086,2,2.878321,0.131,4.716,0.705
27087,2,2.878427,0.117,4.998,0.741
27088,2,2.878533,0.144,4.347,0.678
27089,2,2.878640,0.123,4.877,0.725
27090,2,2.878746,0.122,4.887,0.73
27091,2,2.878852,0.137,4.561,0.694
27092,2,2.878959,0.139,4.509,0.687
27093,2,2.879065,0.149,4.179,0.659
27094,2,2.879171,0.121,4.921,0.727
27095,2,2.879277,0.114,5.052,0.743
27096,2,2.879384,0.1,5.431,0.783
27097,2,2.879490,0.118,4.997,0.736
27098,2,2.879596,0.134,4.611,0.699
27099,2,2.879702,0.145,4.371,0.673
27100,2,2.879809,0.139,4.488,0.685
27101,2,2.879915,0.11,5.174,0.757
27102,2,2.880021,0.146,4.347,0.666
27103,2,2.880128,0.118,4.984,0.737
27104,2,2.880234,0.136,4.556,0.69
27105,2,2.880340,0.132,4.673,0.7
27106,2,2.880446,0.111,5.191,0.75
27107,2,2.880553,0.132,4.657,0.707
27108,2,2.880659,0.146,4.338,0.67
27109,2,2.880765,0.144,4.352,0.672
27110,2,2.880871,0.12,4.927,0.726
27111,2,2.880978,0.131,4.718,0.71
27112,2,2.881084,0.143,4.332,0.676
27113,2,2.881190,0.118,5.009,0.738
27114,2,2.881296,0.129,4.719,0.713
27115,2,2.881403,0.124,4.843,0.717
27116,2,2.881509,0.124,4.779,0.719
27117,2,2.881615,0.124,4.829,0.721
27118,2,2.881722,0.119,4.961,0.734
27119,2,2.881828,0.101,5.402,0.775
27120,2,2.881934,0.149,4.223,0.661
27121,2,2.882040,0.123,4.854,0.724
27122,2,2.882147,0.122,4.896,0.727
27123,2,2.882253,0.133,4.551,0.697
27124,2,2.882359,0.129,4.669,0.715
27125,2,2.882465,0.121,4.889,0.727
27126,2,2.882572,0.122,4.939,0.725
27127,2,2.882678,0.132,4.663,0.702
27128,2,2.882784,0.144,4.415,0.668
27129,2,2.882891,0.129,4.708,0.71
27130,2,2.882997,0.13,4.741,0.707
27131,2,2.883103,0.133,4.581,0.694
27132,2,2.883209,0.134,4.542,0.693
27133,2,2.883316,0.138,4.554,0.695
27134,2,2.883422,0.128,4.766,0.718
27135,2,2.883528,0.125,4.831,0.719
27136,2,2.883634,0.123,4.881,0.72
27137,2,2.883741,0.113,5.113,0.754
27138,2,2.883847,0.108,5.229,0.761
27139,2,2.883953,0.122,4.888,0.724
27140,2,2.884060,0.126,4.803,0.719
27141,2,2.884166,0.12,4.9,0.732
27142,2,2.884272,0.142,4.414,0.675
27143,2,2.884378,0.115,5.036,0.742
27144,2,2.884485,0.119,4.897,0.731
27145,2,2.884591,0.131,4.693,0.709
27146,2,2.884697,0.132,4.698,0.703
27147,2,2.884803,0.116,5.081,0.74
27148,2,2.884910,0.109,5.207,0.755
27149,2,2.885016,0.131,4.675,0.711
27150,2,2.885122,0.109,5.205,0.76
27151,2,2.885228,0.121,4.908,0.731
27152,2,2.885335,0.14,4.511,0.684
27153,2,2.885441,0.116,5.047,0.739
27154,2,2.885547,0.131,4.718,0.704
27155,2,2.885654,0.131,4.72,0.709
27156,2,2.885760,0.13,4.687,0.711
27157,2,2.885866,0.137,4.551,0.69
27158,2,2.885972,0.12,4.901,0.729
27159,2,2.886079,0.113,5.102,0.754
27160,2,2.886185,0.115,5.051,0.741
27161,2,2.886291,0.13,4.747,0.71
27162,2,2.886397,0.126,4.798,0.716
27163,2,2.886504,0.135,4.59,0.698
27164,2,2.886610,0.128,4.761,0.714
27165,2,2.886716,0.106,5.272,0.768
27166,2,2.886823,0.098,5.422,0.786
27167,2,2.886929,0.14,4.486,0.68
27168,2,2.887035,0.142,4.473,0.683
27169,2,2.887141,0.128,4.756,0.713
27170,2,2.887248,0.134,4.603,0.689
27171,2,2.887354,0.111,5.129,0.753
27172,2,2.887460,0.119,4.92,0.732
27173,2,2.887566,0.135,4.606,0.693
27174,2,2.887673,0.136,4.588,0.695
27175,2,2.887779,0.115,5.027,0.745
27176,2,2.887885,0.151,4.251,0.66
27177,2,2.887991,0.121,4.869,0.724
27178,2,2.888098,0.128,4.695,0.713
27179,2,2.888204,0.116,5.046,0.742
27180,2,2.888310,0.134,4.608,0.7
27181,2,2.888417,0.136,4.506,0.692
27182,2,2.888523,0.124,4.835,0.717
27183,2,2.888629,0.151,4.166,0.657
27184,2,2.888735,0.135,4.586,0.701
27185,2,2.888842,0.126,4.79,0.724
27186,2,2.888948,0.118,4.976,0.738
27187,2,2.889054,0.135,4.601,0.693
27188,2,2.889160,0.11,5.173,0.755
27189,2,2.889267,0.12,4.941,0.73
27190,2,2.889373,0.12,4.873,0.732
27191,2,2.889479,0.139,4.484,0.684
27192,2,2.889586,0.131,4.649,0.702
27193,2,2.889692,0.123,4.893,0.722
27194,2,2.889798,0.126,4.849,0.718
27195,2,2.889904,0.145,4.306,0.667
27196,2,2.890011,0.146,4.298,0.672
27197,2,2.890117,0.125,4.799,0.717
27198,2,2.890223,0.137,4.533,0.694
27199,2,2.890329,0.131,4.702,0.709
27200,2,2.890436,0.135,4.597,0.691
27201,2,2.890542,0.119,4.975,0.736
27202,2,2.890648,0.111,5.14,0.754
27203,2,2.890755,0.145,4.335,0.674
27204,2,2.890861,0.124,4.826,0.726
27205,2,2.890967,0.131,4.668,0.706
27206,2,2.891073,0.127,4.742,0.711
27207,2,2.891180,0.131,4.719,0.704
27208,2,2.891286,0.106,5.28,0.771
27209,2,2.891392,0.129,4.762,0.716
27210,2,2.891498,0.119,4.952,0.737
27211,2,2.891605,0.131,4.67,0.704
27212,2,2.891711,0.143,4.384,0.674
27213,2,2.891817,0.124,4.837,0.72
27214,2,2.891923,0.131,4.703,0.707
27215,2,2.892030,0.125,4.821,0.719
27216,2,2.892136,0.134,4.597,0.699
27217,2,2.892242,0.142,4.454,0.68
27218,2,2.892349,0.123,4.856,0.722
27219,2,2.892455,0.136,4.514,0.694
27220,2,2.892561,0.118,4.964,0.735
27221,2,2.892667,0.103,5.338,0.773
27222,2,2.892774,0.131,4.675,0.708
27223,2,2.892880,0.114,5.075,0.747
27224,2,2.892986,0.124,4.832,0.723
27225,2,2.893092,0.119,4.892,0.734
27226,2,2.893199,0.136,4.552,0.696
27227,2,2.893305,0.115,5.033,0.743
27228,2,2.893411,0.122,4.875,0.729
27229,2,2.893518,0.11,5.152,0.755
27230,2,2.893624,0.116,5.009,0.741
27231,2,2.893730,0.147,4.33,0.668
27232,2,2.893836,0.122,4.867,0.72
27233,2,2.893943,0.137,4.574,0.688
27234,2,2.894049,0.131,4.686,0.71
27235,2,2.894155,0.147,4.264,0.668
27236,2,2.894261,0.123,4.908,0.725
27237,2,2.894368,0.11,5.097,0.759
27238,2,2.894474,0.138,4.537,0.687
27239,2,2.894580,0.139,4.453,0.681
27240,2,2.894687,0.118,4.957,0.737
27241,2,2.894793,0.108,5.233,0.759
27242,2,2.894899,0.124,4.822,0.727
27243,2,2.895005,0.125,4.843,0.725
27244,2,2.895112,0.126,4.8,0.715
27245,2,2.895218,0.144,4.35,0.671
27246,2,2.895324,0.132,4.656,0.708
27247,2,2.895430,0.123,4.909,0.721
27248,2,2.895537,0.127,4.816,0.716
27249,2,2.895643,0.119,5.011,0.74
27250,2,2.895749,0.136,4.55,0.694
27251,2,2.895855,0.12,4.955,0.732
27252,2,2.895962,0.12,4.899,0.734
27253,2,2.896068,0.122,4.858,0.728
27254,2,2.896174,0.125,4.831,0.72
27255,2,2.896281,0.142,4.417,0.681
27256,2,2.896387,0.12,4.947,0.729
27257,2,2.896493,0.127,4.816,0.718
27258,2,2.896599,0.116,5.005,0.743
27259,2,2.896706,0.114,5.087,0.748
27260,2,2.896812,0.115,5.045,0.744
27261,2,2.896918,0.113,5.113,0.748
27262,2,2.897024,0.116,4.999,0.742
27263,2,2.897131,0.137,4.514,0.692
27264,2,2.897237,0.106,5.336,0.763
27265,2,2.897343,0.118,4.972,0.737
27266,2,2.897450,0.114,5.063,0.746
27267,2,2.897556,0.113,5.098,0.751
27268,2,2.897662,0.138,4.575,0.688
27269,2,2.897768,0.116,5.018,0.74
27270,2,2.897875,0.124,4.776,0.723
27271,2,2.897981,0.128,4.773,0.719
27272,2,2.898087,0.132,4.679,0.7
27273,2,2.898193,0.118,5.001,0.74
27274,2,2.898300,0.123,4.894,0.723
27275,2,2.898406,0.142,4.419,0.68
27276,2,2.898512,0.124,4.86,0.717
27277,2,2.898618,0.123,4.838,0.726
27278,2,2.898725,0.112,5.117,0.749
27279,2,2.898831,0.125,4.823,0.722
27280,2,2.898937,0.116,5.06,0.744
27281,2,2.899044,0.119,4.97,0.735
27282,2,2.899150,0.122,4.862,0.727
27283,2,2.899256,0.123,4.859,0.722
27284,2,2.899362,0.128,4.799,0.716
27285,2,2.899469,0.139,4.503,0.691
27286,2,2.899575,0.132,4.627,0.698
27287,2,2.899681,0.133,4.612,0.696
27288,2,2.899787,0.131,4.656,0.704
27289,2,2.899894,0.121,4.962,0.731
27290,2,2.900000,0.125,4.816,0.723
27291,2,2.900106,0.114,5.156,0.749
27292,2,2.900213,0.113,5.095,0.745
27293,2,2.900319,0.117,4.978,0.738
27294,2,2.900425,0.127,4.781,0.714
27295,2,2.900531,0.129,4.726,0.714
27296,2,2.900638,0.119,5.001,0.734
27297,2,2.900744,0.126,4.824,0.711
27298,2,2.900850,0.131,4.665,0.701
27299,2,2.900956,0.129,4.68,0.707
27300,2,2.901063,0.122,4.891,0.724
27301,2,2.901169,0.106,5.274,0.772
27302,2,2.901275,0.121,4.881,0.731
27303,2,2.901382,0.119,4.972,0.739
27304,2,2.901488,0.109,5.193,0.761
27305,2,2.901594,0.123,4.897,0.721
27306,2,2.901700,0.119,4.941,0.733
27307,2,2.901807,0.109,5.156,0.756
27308,2,2.901913,0.134,4.61,0.701
27309,2,2.902019,0.12,4.928,0.729
27310,2,2.902125,0.106,5.298,0.768
27311,2,2.902232,0.14,4.437,0.686
27312,2,2.902338,0.114,5.01,0.747
27313,2,2.902444,0.132,4.671,0.699
27314,2,2.902550,0.154,4.124,0.648
27315,2,2.902657,0.131,4.698,0.709
27316,2,2.902763,0.13,4.69,0.706
27317,2,2.902869,0.124,4.835,0.723
27318,2,2.902976,0.116,4.988,0.745
27319,2,2.903082,0.103,5.276,0.775
27320,2,2.903188,0.133,4.614,0.701
27321,2,2.903294,0.114,5.062,0.748
27322,2,2.903401,0.11,5.18,0.759
27323,2,2.903507,0.125,4.75,0.718
27324,2,2.903613,0.13,4.709,0.707
27325,2,2.903719,0.135,4.545,0.696
27326,2,2.903826,0.145,4.314,0.671
27327,2,2.903932,0.125,4.856,0.718
27328,2,2.904038,0.153,4.163,0.649
27329,2,2.904145,0.126,4.879,0.728
27330,2,2.904251,0.131,4.687,0.706
27331,2,2.904357,0.121,4.904,0.722
27332,2,2.904463,0.137,4.531,0.685
27333,2,2.904570,0.125,4.778,0.714
27334,2,2.904676,0.119,4.942,0.735
27335,2,2.904782,0.13,4.681,0.704
27336,2,2.904888,0.119,4.979,0.737
27337,2,2.904995,0.122,4.876,0.73
27338,2,2.905101,0.132,4.594,0.693
27339,2,2.905207,0.114,5.071,0.748
27340,2,2.905313,0.141,4.479,0.678
27341,2,2.905420,0.123,4.895,0.723
27342,2,2.905526,0.121,4.954,0.731
27343,2,2.905632,0.131,4.682,0.702
27344,2,2.905739,0.115,5.065,0.745
27345,2,2.905845,0.146,4.324,0.672
27346,2,2.905951,0.131,4.704,0.706
27347,2,2.906057,0.121,4.938,0.731
27348,2,2.906164,0.13,4.722,0.709
27349,2,2.906270,0.123,4.921,0.723
27350,2,2.906376,0.137,4.56,0.687
27351,2,2.906482,0.131,4.678,0.704
27352,2,2.906589,0.11,5.123,0.757
27353,2,2.906695,0.122,4.904,0.725
27354,2,2.906801,0.109,5.163,0.756
27355,2,2.906908,0.14,4.505,0.68
27356,2,2.907014,0.136,4.58,0.693
27357,2,2.907120,0.15,4.219,0.663
27358,2,2.907226,0.142,4.369,0.673
27359,2,2.907333,0.15,4.278,0.659
27361,2,2.907545,0.109,5.16,0.758
27362,2,2.907651,0.131,4.709,0.71
27363,2,2.907758,0.108,5.216,0.76
27364,2,2.907864,0.108,5.258,0.761
27365,2,2.907970,0.119,4.989,0.737
27366,2,2.908077,0.126,4.79,0.719
27367,2,2.908183,0.137,4.501,0.694
27368,2,2.908289,0.119,4.956,0.733
27369,2,2.908395,0.109,5.212,0.756
27370,2,2.908502,0.128,4.771,0.716
27371,2,2.908608,0.134,4.64,0.697
27372,2,2.908714,0.126,4.807,0.712
27373,2,2.908820,0.113,5.083,0.752
27374,2,2.908927,0.145,4.325,0.668
27375,2,2.909033,0.139,4.479,0.682
27376,2,2.909139,0.142,4.42,0.676
27377,2,2.909245,0.112,5.122,0.749
27378,2,2.909352,0.115,5.055,0.745
27379,2,2.909458,0.101,5.378,0.779
27380,2,2.909564,0.135,4.524,0.695
27381,2,2.909671,0.116,5.026,0.742
27382,2,2.909777,0.119,4.969,0.734
27383,2,2.909883,0.126,4.826,0.717
27384,2,2.909989,0.138,4.521,0.688
27385,2,2.910096,0.119,4.929,0.732
27386,2,2.910202,0.11,5.16,0.752
27387,2,2.910308,0.138,4.503,0.689
27388,2,2.910414,0.143,4.408,0.676
27389,2,2.910521,0.125,4.882,0.716
27390,2,2.910627,0.127,4.782,0.711
27391,2,2.910733,0.11,5.163,0.755
27392,2,2.910840,0.133,4.602,0.699
27393,2,2.910946,0.113,5.068,0.751
27394,2,2.911052,0.144,4.407,0.669
27395,2,2.911158,0.15,4.229,0.659
27396,2,2.911265,0.138,4.518,0.687
27397,2,2.911371,0.119,4.971,0.733
27398,2,2.911477,0.121,4.97,0.728
27399,2,2.911583,0.13,4.685,0.711
27400,2,2.911690,0.111,5.138,0.756
27401,2,2.911796,0.108,5.236,0.764
27402,2,2.911902,0.123,4.813,0.727
27403,2,2.912009,0.111,5.149,0.751
27404,2,2.912115,0.131,4.725,0.708
27405,2,2.912221,0.138,4.503,0.686
27406,2,2.912327,0.127,4.688,0.715
27407,2,2.912434,0.102,5.37,0.779
27408,2,2.912540,0.135,4.615,0.697
27409,2,2.912646,0.119,4.941,0.733
27410,2,2.912752,0.143,4.455,0.68
27411,2,2.912859,0.123,4.846,0.723
27412,2,2.912965,0.121,4.913,0.725
27413,2,2.913071,0.124,4.844,0.722
27414,2,2.913177,0.12,4.923,0.733
27415,2,2.913284,0.131,4.665,0.707
27416,2,2.913390,0.142,4.402,0.682
27417,2,2.913496,0.12,4.916,0.733
27418,2,2.913603,0.141,4.476,0.686
27419,2,2.913709,0.124,4.836,0.722
27420,2,2.913815,0.129,4.724,0.712
27421,2,2.913921,0.125,4.814,0.72
27422,2,2.914028,0.114,5.06,0.744
27423,2,2.914134,0.13,4.713,0.703
27424,2,2.914240,0.119,4.907,0.736
27425,2,2.914346,0.108,5.176,0.762
27426,2,2.914453,0.128,4.748,0.711
27427,2,2.914559,0.125,4.85,0.72
27428,2,2.914665,0.134,4.592,0.701
27429,2,2.914772,0.114,5.082,0.745
27430,2,2.914878,0.126,4.774,0.714
27431,2,2.914984,0.139,4.531,0.687
27432,2,2.915090,0.12,4.973,0.728
27433,2,2.915197,0.126,4.819,0.716
27434,2,2.915303,0.131,4.79,0.728
27435,2,2.915409,0.157,4.032,0.643
27436,2,2.915515,0.131,4.679,0.703
27437,2,2.915622,0.114,5.065,0.748
27438,2,2.915728,0.128,4.739,0.709
27439,2,2.915834,0.121,4.904,0.727
27440,2,2.915940,0.116,5.036,0.744
27441,2,2.916047,0.135,4.632,0.695
27442,2,2.916153,0.131,4.702,0.709
27443,2,2.916259,0.115,5.055,0.75
27444,2,2.916366,0.136,4.565,0.688
27445,2,2.916472,0.133,4.622,0.7
27446,2,2.916578,0.142,4.459,0.678
27447,2,2.916684,0.116,4.988,0.739
27448,2,2.916791,0.143,4.355,0.672
27449,2,2.916897,0.159,4.014,0.635
27450,2,2.917003,0.115,4.981,0.747
27451,2,2.917109,0.122,4.955,0.721
27452,2,2.917216,0.108,5.222,0.758
27453,2,2.917322,0.14,4.468,0.684
27454,2,2.917428,0.109,5.213,0.756
27455,2,2.917535,0.142,4.394,0.678
27456,2,2.917641,0.112,5.124,0.754
27457,2,2.917747,0.121,4.907,0.728
27458,2,2.917853,0.126,4.786,0.715
27459,2,2.917960,0.119,4.953,0.728
27460,2,2.918066,0.135,4.587,0.694
27461,2,2.918172,0.122,4.9,0.723
27462,2,2.918278,0.158,4.018,0.635
27463,2,2.918385,0.138,4.535,0.683
27464,2,2.918491,0.147,4.32,0.667
27465,2,2.918597,0.123,4.933,0.727
27466,2,2.918704,0.125,4.785,0.723
27467,2,2.918810,0.111,5.147,0.752
27468,2,2.918916,0.143,4.366,0.674
27469,2,2.919022,0.131,4.659,0.703
27470,2,2.919129,0.126,4.75,0.717
27471,2,2.919235,0.113,5.119,0.746
27472,2,2.919341,0.129,4.732,0.711
27473,2,2.919447,0.129,4.775,0.709
27474,2,2.919554,0.139,4.516,0.687
27475,2,2.919660,0.113,5.083,0.746
27476,2,2.919766,0.109,5.25,0.757
27477,2,2.919872,0.131,4.651,0.71
27478,2,2.919979,0.127,4.728,0.717
27479,2,2.920085,0.115,5.04,0.745
27480,2,2.920191,0.127,4.782,0.715
27481,2,2.920298,0.128,4.767,0.719
27482,2,2.920404,0.116,4.999,0.743
27483,2,2.920510,0.121,4.903,0.726
27484,2,2.920616,0.119,4.969,0.732
27485,2,2.920723,0.116,5.018,0.743
27486,2,2.920829,0.118,4.969,0.743
27487,2,2.920935,0.104,5.288,0.771
27488,2,2.921041,0.14,4.519,0.683
27489,2,2.921148,0.111,5.143,0.759
27490,2,2.921254,0.11,5.226,0.756
27491,2,2.921360,0.108,5.215,0.761
27492,2,2.921467,0.118,4.959,0.737
27493,2,2.921573,0.142,4.422,0.68
27495,2,2.921785,0.115,5.061,0.748
27496,2,2.921892,0.132,4.609,0.705
27497,2,2.921998,0.112,5.141,0.754
27498,2,2.922104,0.114,5.089,0.746
27499,2,2.922210,0.125,4.8,0.724
27500,2,2.922317,0.142,4.422,0.676
27501,2,2.922423,0.127,4.704,0.719
27502,2,2.922529,0.142,4.367,0.678
27503,2,2.922635,0.136,4.579,0.691
27504,2,2.922742,0.108,5.258,0.761
27505,2,2.922848,0.128,4.766,0.712
27506,2,2.922954,0.123,4.838,0.728
27507,2,2.923061,0.119,4.955,0.736
27508,2,2.923167,0.142,4.42,0.677
27509,2,2.923273,0.127,4.774,0.716
27510,2,2.923379,0.128,4.753,0.715
27511,2,2.923486,0.131,4.682,0.707
27512,2,2.923592,0.138,4.534,0.685
27513,2,2.923698,0.113,5.083,0.75
27514,2,2.923804,0.119,4.947,0.732
27515,2,2.923911,0.126,4.858,0.716
27516,2,2.924017,0.127,4.805,0.713
27517,2,2.924123,0.129,4.721,0.707
27518,2,2.924230,0.119,5.016,0.738
27519,2,2.924336,0.12,4.947,0.736
27520,2,2.924442,0.106,5.302,0.766
27521,2,2.924548,0.13,4.748,0.713
27522,2,2.924655,0.152,4.189,0.657
27523,2,2.924761,0.128,4.696,0.712
27524,2,2.924867,0.129,4.7,0.705
27525,2,2.924973,0.131,4.705,0.71
27526,2,2.925080,0.115,5.047,0.743
27527,2,2.925186,0.108,5.226,0.753
27528,2,2.925292,0.138,4.555,0.687
27529,2,2.925399,0.114,5.098,0.746
27530,2,2.925505,0.126,4.778,0.719
27531,2,2.925611,0.13,4.684,0.706
27532,2,2.925717,0.124,4.854,0.718
27533,2,2.925824,0.12,4.945,0.729
27534,2,2.925930,0.136,4.572,0.692
27535,2,2.926036,0.122,4.881,0.721
27536,2,2.926142,0.125,4.803,0.719
27537,2,2.926249,0.114,5.046,0.75
27538,2,2.926355,0.122,4.885,0.729
27539,2,2.926461,0.144,4.378,0.668
27540,2,2.926567,0.134,4.601,0.691
27541,2,2.926674,0.09,5.639,0.808
27542,2,2.926780,0.115,5.063,0.744
27543,2,2.926886,0.12,4.933,0.729
27544,2,2.926993,0.144,4.375,0.669
27545,2,2.927099,0.123,4.877,0.72
27546,2,2.927205,0.123,4.84,0.721
27547,2,2.927311,0.141,4.439,0.684
27548,2,2.927418,0.149,4.207,0.661
27549,2,2.927524,0.124,4.801,0.717
27550,2,2.927630,0.142,4.446,0.679
27551,2,2.927736,0.103,5.259,0.771
27552,2,2.927843,0.108,5.22,0.764
27553,2,2.927949,0.151,4.256,0.656
27554,2,2.928055,0.133,4.654,0.697
27555,2,2.928162,0.144,4.392,0.675
27556,2,2.928268,0.114,5.069,0.745
27557,2,2.928374,0.119,4.912,0.73
27558,2,2.928480,0.121,4.936,0.729
27559,2,2.928587,0.127,4.78,0.715
27560,2,2.928693,0.126,4.819,0.711
27561,2,2.928799,0.115,5.02,0.739
27562,2,2.928905,0.141,4.387,0.68
27563,2,2.929012,0.105,5.242,0.77
27564,2,2.929118,0.138,4.552,0.687
27565,2,2.929224,0.109,5.192,0.756
27566,2,2.929330,0.124,4.821,0.722
27567,2,2.929437,0.088,5.721,0.809
27568,2,2.929543,0.147,4.269,0.666
27569,2,2.929649,0.126,4.817,0.722
27570,2,2.929756,0.115,5.041,0.745
27571,2,2.929862,0.131,4.7,0.707
27572,2,2.929968,0.121,4.927,0.728
27573,2,2.930074,0.131,4.725,0.703
27574,2,2.930181,0.122,4.877,0.728
27575,2,2.930287,0.126,4.751,0.719
27576,2,2.930393,0.142,4.468,0.679
27577,2,2.930499,0.125,4.832,0.717
27578,2,2.930606,0.096,5.493,0.789
27579,2,2.930712,0.122,4.82,0.729
27580,2,2.930818,0.135,4.595,0.695
27581,2,2.930925,0.127,4.831,0.714
27582,2,2.931031,0.113,5.11,0.746
27583,2,2.931137,0.142,4.438,0.672
27584,2,2.931243,0.163,3.881,0.628
27585,2,2.931350,0.138,4.524,0.689
27586,2,2.931456,0.151,4.18,0.653
27587,2,2.931562,0.13,4.672,0.707
27588,2,2.931668,0.137,4.586,0.694
27589,2,2.931775,0.142,4.393,0.68
27590,2,2.931881,0.113,5.084,0.752
27591,2,2.931987,0.115,5.055,0.741
27592,2,2.932094,0.108,5.182,0.765
27593,2,2.932200,0.099,5.481,0.786
27594,2,2.932306,0.126,4.755,0.719
27595,2,2.932412,0.142,4.374,0.685
27596,2,2.932519,0.11,5.185,0.756
27597,2,2.932625,0.14,4.514,0.688
27598,2,2.932731,0.121,4.912,0.729
27599,2,2.932837,0.123,4.878,0.726
27600,2,2.932944,0.131,4.71,0.708
27601,2,2.933050,0.125,4.788,0.718
27602,2,2.933156,0.125,4.805,0.721
27603,2,2.933262,0.131,4.649,0.71
27604,2,2.933369,0.125,4.822,0.719
27605,2,2.933475,0.131,4.695,0.707
27606,2,2.933581,0.119,4.948,0.732
27607,2,2.933688,0.129,4.72,0.707
27608,2,2.933794,0.13,4.679,0.716
27609,2,2.933900,0.123,4.883,0.726
27610,2,2.934006,0.137,4.587,0.693
27611,2,2.934113,0.134,4.628,0.699
27612,2,2.934219,0.123,4.854,0.727
27613,2,2.934325,0.123,4.846,0.722
27614,2,2.934431,0.122,4.917,0.724
27615,2,2.934538,0.129,4.749,0.706
27616,2,2.934644,0.131,4.702,0.704
27617,2,2.934750,0.122,4.889,0.727
27618,2,2.934857,0.133,4.627,0.697
27619,2,2.934963,0.149,4.198,0.662
27620,2,2.935069,0.145,4.37,0.673
27621,2,2.935175,0.141,4.426,0.679
27622,2,2.935282,0.127,4.768,0.714
27623,2,2.935388,0.119,4.94,0.733
27624,2,2.935494,0.122,4.864,0.724
27625,2,2.935600,0.129,4.732,0.711
27626,2,2.935707,0.115,5.01,0.741
27627,2,2.935813,0.116,5.036,0.743
27628,2,2.935919,0.12,4.916,0.733
27629,2,2.936026,0.102,5.371,0.774
27630,2,2.936132,0.116,5.027,0.741
27631,2,2.936238,0.124,4.82,0.724
27632,2,2.936344,0.108,5.232,0.76
27633,2,2.936451,0.135,4.553,0.7
27634,2,2.936557,0.126,4.751,0.717
27635,2,2.936663,0.143,4.38,0.68
27636,2,2.936769,0.14,4.445,0.685
27637,2,2.936876,0.125,4.794,0.721
27638,2,2.936982,0.119,4.956,0.737
27639,2,2.937088,0.143,4.398,0.675
27640,2,2.937194,0.121,4.943,0.731
27641,2,2.937301,0.119,4.975,0.74
27642,2,2.937407,0.126,4.814,0.718
27643,2,2.937513,0.133,4.676,0.694
27644,2,2.937620,0.102,5.376,0.776
27645,2,2.937726,0.131,4.671,0.705
27646,2,2.937832,0.12,4.914,0.737
27647,2,2.937938,0.14,4.451,0.679
27648,2,2.938045,0.142,4.384,0.674
27649,2,2.938151,0.119,4.971,0.738
27650,2,2.938257,0.14,4.453,0.679
27651,2,2.938363,0.122,4.874,0.726
27652,2,2.938470,0.145,4.36,0.674
27653,2,2.938576,0.105,5.293,0.767
27654,2,2.938682,0.111,5.172,0.753
27655,2,2.938789,0.13,4.721,0.706
27656,2,2.938895,0.127,4.75,0.721
27657,2,2.939001,0.133,4.607,0.702
27658,2,2.939107,0.136,4.531,0.694
27659,2,2.939214,0.131,4.702,0.708
27660,2,2.939320,0.121,4.88,0.729
27661,2,2.939426,0.136,4.528,0.693
27662,2,2.939532,0.135,4.575,0.697
27663,2,2.939639,0.116,5.035,0.747
27664,2,2.939745,0.123,4.868,0.725
27665,2,2.939851,0.114,5.071,0.749
27666,2,2.939957,0.121,4.896,0.728
27667,2,2.940064,0.111,5.177,0.757
27668,2,2.940170,0.135,4.558,0.692
27669,2,2.940276,0.125,4.827,0.72
27670,2,2.940383,0.13,4.674,0.705
27671,2,2.940489,0.126,4.748,0.72
27672,2,2.940595,0.117,4.963,0.742
27673,2,2.940701,0.136,4.611,0.695
27674,2,2.940808,0.132,4.638,0.705
27675,2,2.940914,0.123,4.834,0.722
27676,2,2.941020,0.123,4.887,0.726
27677,2,2.941126,0.119,4.95,0.735
27678,2,2.941233,0.124,4.856,0.72
27679,2,2.941339,0.115,5.041,0.743
27680,2,2.941445,0.125,4.839,0.726
27681,2,2.941552,0.129,4.714,0.71
27682,2,2.941658,0.12,4.895,0.729
27683,2,2.941764,0.104,5.283,0.767
27684,2,2.941870,0.127,4.84,0.718
27685,2,2.941977,0.136,4.556,0.697
27686,2,2.942083,0.119,4.935,0.734
27687,2,2.942189,0.139,4.489,0.687
27688,2,2.942295,0.141,4.418,0.682
27689,2,2.942402,0.128,4.773,0.716
27690,2,2.942508,0.124,4.891,0.72
27691,2,2.942614,0.111,5.152,0.756
27692,2,2.942721,0.121,4.882,0.726
27693,2,2.942827,0.147,4.33,0.668
27694,2,2.942933,0.12,4.881,0.73
27695,2,2.943039,0.117,5.008,0.742
27696,2,2.943146,0.13,4.723,0.708
27697,2,2.943252,0.128,4.746,0.713
27698,2,2.943358,0.119,4.934,0.737
27699,2,2.943464,0.123,4.872,0.724
27700,2,2.943571,0.131,4.656,0.702
27701,2,2.943677,0.129,4.775,0.711
27702,2,2.943783,0.141,4.425,0.682
27703,2,2.943889,0.132,4.676,0.703
27704,2,2.943996,0.122,4.897,0.729
27705,2,2.944102,0.14,4.511,0.682
27706,2,2.944208,0.14,4.489,0.678
27707,2,2.944315,0.104,5.341,0.772
27708,2,2.944421,0.143,4.399,0.677
27709,2,2.944527,0.126,4.83,0.718
27710,2,2.944633,0.137,4.491,0.687
27711,2,2.944740,0.111,5.12,0.752
27712,2,2.944846,0.134,4.566,0.699
27713,2,2.944952,0.124,4.838,0.719
27714,2,2.945058,0.134,4.643,0.703
27715,2,2.945165,0.114,5.093,0.744
27716,2,2.945271,0.142,4.445,0.683
27717,2,2.945377,0.136,4.52,0.696
27718,2,2.945484,0.141,4.448,0.683
27719,2,2.945590,0.157,4.07,0.644
27720,2,2.945696,0.104,5.315,0.772
27721,2,2.945802,0.145,4.362,0.665
27722,2,2.945909,0.12,4.963,0.733
27723,2,2.946015,0.121,4.952,0.731
27724,2,2.946121,0.113,5.131,0.746
27725,2,2.946227,0.121,4.896,0.728
27726,2,2.946334,0.126,4.79,0.719
27727,2,2.946440,0.121,4.903,0.729
27728,2,2.946546,0.122,4.928,0.728
27729,2,2.946652,0.1,5.447,0.781
27730,2,2.946759,0.119,4.943,0.733
27731,2,2.946865,0.125,4.758,0.723
27732,2,2.946971,0.132,4.597,0.703
27733,2,2.947078,0.115,5.012,0.743
27734,2,2.947184,0.134,4.58,0.697
27735,2,2.947290,0.125,4.72,0.714
27736,2,2.947396,0.127,4.801,0.722
27737,2,2.947503,0.133,4.657,0.698
27738,2,2.947609,0.123,4.856,0.729
27739,2,2.947715,0.125,4.811,0.717
27740,2,2.947821,0.114,5.031,0.746
27741,2,2.947928,0.131,4.717,0.706
27742,2,2.948034,0.119,4.951,0.729
27743,2,2.948140,0.115,5.027,0.743
27744,2,2.948247,0.119,4.947,0.733
27745,2,2.948353,0.123,4.898,0.726
27746,2,2.948459,0.137,4.551,0.694
27747,2,2.948565,0.119,4.975,0.727
27748,2,2.948672,0.11,5.193,0.754
27749,2,2.948778,0.137,4.523,0.687
27750,2,2.948884,0.13,4.728,0.71
27751,2,2.948990,0.114,5.08,0.749
27752,2,2.949097,0.117,4.996,0.736
27753,2,2.949203,0.143,4.364,0.675
27754,2,2.949309,0.143,4.395,0.678
27755,2,2.949416,0.107,5.236,0.767
27756,2,2.949522,0.123,4.828,0.724
27757,2,2.949628,0.136,4.537,0.69
27758,2,2.949734,0.132,4.614,0.698
27759,2,2.949841,0.147,4.305,0.664
27760,2,2.949947,0.13,4.678,0.712
27761,2,2.950053,0.138,4.54,0.689
27762,2,2.950159,0.115,4.988,0.746
27763,2,2.950266,0.118,4.967,0.738
27764,2,2.950372,0.128,4.716,0.711
27765,2,2.950478,0.135,4.678,0.704
27766,2,2.950584,0.111,5.107,0.751
27767,2,2.950691,0.153,4.15,0.651
27768,2,2.950797,0.146,4.345,0.669
27769,2,2.950903,0.117,5.052,0.735
27770,2,2.951010,0.12,4.911,0.733
27771,2,2.951116,0.122,4.897,0.726
27772,2,2.951222,0.131,4.673,0.705
27773,2,2.951328,0.125,4.779,0.724
27774,2,2.951435,0.113,5.102,0.746
27775,2,2.951541,0.135,4.605,0.699
27776,2,2.951647,0.131,4.661,0.705
27777,2,2.951753,0.113,5.13,0.749
27778,2,2.951860,0.119,4.93,0.73
27779,2,2.951966,0.119,5.015,0.737
27780,2,2.952072,0.113,5.089,0.751
27781,2,2.952179,0.13,4.708,0.714
27782,2,2.952285,0.12,4.93,0.734
27783,2,2.952391,0.13,4.692,0.711
27784,2,2.952497,0.123,4.845,0.725
27785,2,2.952604,0.14,4.524,0.684
27786,2,2.952710,0.13,4.727,0.706
27787,2,2.952816,0.124,4.835,0.72
27788,2,2.952922,0.127,4.727,0.717
27789,2,2.953029,0.124,4.799,0.727
27790,2,2.953135,0.119,4.904,0.734
27791,2,2.953241,0.123,4.842,0.727
27792,2,2.953348,0.142,4.441,0.671
27793,2,2.953454,0.118,4.971,0.736
27794,2,2.953560,0.135,4.585,0.694
27795,2,2.953666,0.13,4.698,0.711
27796,2,2.953773,0.128,4.756,0.713
27797,2,2.953879,0.119,4.919,0.729
27798,2,2.953985,0.126,4.702,0.724
27799,2,2.954091,0.127,4.804,0.713
27800,2,2.954198,0.125,4.772,0.721
27801,2,2.954304,0.111,5.15,0.755
27802,2,2.954410,0.138,4.517,0.684
27803,2,2.954516,0.134,4.614,0.701
27804,2,2.954623,0.132,4.541,0.698
27805,2,2.954729,0.135,4.545,0.691
27806,2,2.954835,0.133,4.65,0.707
27807,2,2.954942,0.112,5.136,0.75
27808,2,2.955048,0.116,5.077,0.741
27809,2,2.955154,0.114,5.028,0.743
27810,2,2.955260,0.136,4.553,0.696
27811,2,2.955367,0.128,4.755,0.711
27812,2,2.955473,0.134,4.566,0.697
27813,2,2.955579,0.131,4.71,0.708
27814,2,2.955685,0.125,4.829,0.72
27815,2,2.955792,0.102,5.372,0.784
27816,2,2.955898,0.125,4.817,0.72
27817,2,2.956004,0.115,5.07,0.741
27818,2,2.956111,0.133,4.594,0.701
27819,2,2.956217,0.112,5.148,0.748
27820,2,2.956323,0.106,5.267,0.764
27821,2,2.956429,0.123,4.824,0.72
27822,2,2.956536,0.142,4.466,0.677
27823,2,2.956642,0.119,4.939,0.734
27824,2,2.956748,0.114,5.028,0.746
27825,2,2.956854,0.119,4.95,0.738
27826,2,2.956961,0.119,5.009,0.733
27827,2,2.957067,0.105,5.305,0.764
27828,2,2.957173,0.135,4.568,0.693
27829,2,2.957279,0.116,5.031,0.741
27830,2,2.957386,0.139,4.457,0.686
27831,2,2.957492,0.119,4.988,0.735
27832,2,2.957598,0.129,4.758,0.713
27833,2,2.957705,0.123,4.847,0.726
27834,2,2.957811,0.127,4.806,0.713
27835,2,2.957917,0.157,4.206,0.654
27836,2,2.958023,0.12,4.971,0.73
27837,2,2.958130,0.137,4.478,0.698
27838,2,2.958236,0.134,4.614,0.7
27839,2,2.958342,0.136,4.588,0.694
27840,2,2.958448,0.132,4.62,0.702
27841,2,2.958555,0.113,5.033,0.754
27842,2,2.958661,0.114,5.098,0.748
27843,2,2.958767,0.124,4.875,0.723
27844,2,2.958874,0.117,5.028,0.738
27845,2,2.958980,0.113,5.135,0.75
27846,2,2.959086,0.137,4.58,0.693
27847,2,2.959192,0.108,5.287,0.762
27848,2,2.959299,0.145,4.347,0.669
27849,2,2.959405,0.139,4.517,0.688
27850,2,2.959511,0.13,4.737,0.709
27851,2,2.959617,0.149,4.234,0.661
27852,2,2.959724,0.119,4.95,0.734
27853,2,2.959830,0.137,4.485,0.689
27854,2,2.959936,0.121,4.923,0.729
27855,2,2.960043,0.13,4.678,0.708
27856,2,2.960149,0.138,4.534,0.69
27857,2,2.960255,0.124,4.871,0.72
27858,2,2.960361,0.121,4.919,0.724
27859,2,2.960468,0.119,4.944,0.732
27860,2,2.960574,0.127,4.763,0.714
27861,2,2.960680,0.122,4.886,0.72
27862,2,2.960786,0.098,5.45,0.783
27863,2,2.960893,0.141,4.485,0.679
27864,2,2.960999,0.132,4.678,0.7
27865,2,2.961105,0.125,4.827,0.719
27866,2,2.961211,0.133,4.634,0.698
27867,2,2.961318,0.12,4.934,0.736
27868,2,2.961424,0.135,4.615,0.693
27869,2,2.961530,0.13,4.655,0.713
27870,2,2.961637,0.125,4.876,0.718
27871,2,2.961743,0.12,4.949,0.731
27872,2,2.961849,0.148,4.237,0.658
27873,2,2.961955,0.122,4.868,0.723
27874,2,2.962062,0.102,5.312,0.769
27875,2,2.962168,0.129,4.73,0.715
27876,2,2.962274,0.129,4.736,0.712
27877,2,2.962380,0.129,4.728,0.712
27878,2,2.962487,0.125,4.889,0.722
27879,2,2.962593,0.15,4.201,0.657
27880,2,2.962699,0.129,4.753,0.714
27881,2,2.962806,0.136,4.523,0.693
27882,2,2.962912,0.119,4.968,0.736
27883,2,2.963018,0.147,4.332,0.663
27884,2,2.963124,0.122,4.894,0.729
27885,2,2.963231,0.131,4.695,0.699
27886,2,2.963337,0.121,4.926,0.731
27887,2,2.963443,0.129,4.716,0.713
27888,2,2.963549,0.121,4.95,0.729
27889,2,2.963656,0.125,4.824,0.718
27890,2,2.963762,0.103,5.356,0.771
27892,2,2.963974,0.136,4.573,0.693
27893,2,2.964081,0.142,4.432,0.678
27894,2,2.964187,0.132,4.687,0.701
27895,2,2.964293,0.119,4.954,0.732
27896,2,2.964400,0.108,5.175,0.765
27897,2,2.964506,0.132,4.668,0.7
27898,2,2.964612,0.119,4.956,0.733
27899,2,2.964718,0.109,5.135,0.754
27900,2,2.964825,0.119,5.009,0.739
27901,2,2.964931,0.14,4.54,0.684
27902,2,2.965037,0.116,5.081,0.742
27903,2,2.965143,0.124,4.773,0.721
27904,2,2.965250,0.111,5.169,0.751
27905,2,2.965356,0.113,5.117,0.749
27906,2,2.965462,0.131,4.693,0.704
27907,2,2.965569,0.154,4.161,0.646
27908,2,2.965675,0.136,4.538,0.694
27909,2,2.965781,0.127,4.766,0.716
27910,2,2.965887,0.113,5.102,0.746
27911,2,2.965994,0.124,4.84,0.719
27912,2,2.966100,0.134,4.577,0.699
27913,2,2.966206,0.141,4.451,0.683
27914,2,2.966312,0.111,5.149,0.752
27915,2,2.966419,0.133,4.573,0.692
27916,2,2.966525,0.108,5.228,0.759
27917,2,2.966631,0.116,5.043,0.738
27918,2,2.966738,0.133,4.623,0.696
27919,2,2.966844,0.111,5.113,0.755
27920,2,2.966950,0.151,4.223,0.659
27921,2,2.967056,0.134,4.621,0.701
27922,2,2.967163,0.121,4.884,0.727
27923,2,2.967269,0.131,4.642,0.706
27924,2,2.967375,0.122,4.873,0.725
27925,2,2.967481,0.141,4.366,0.683
27926,2,2.967588,0.127,4.748,0.712
27927,2,2.967694,0.127,4.813,0.714
27928,2,2.967800,0.119,4.913,0.733
27929,2,2.967906,0.127,4.778,0.714
27930,2,2.968013,0.12,4.93,0.732
27931,2,2.968119,0.119,5.037,0.732
27932,2,2.968225,0.114,5.054,0.75
27933,2,2.968332,0.136,4.591,0.697
27934,2,2.968438,0.136,4.541,0.696
27935,2,2.968544,0.133,4.635,0.704
27936,2,2.968650,0.125,4.959,0.726
27937,2,2.968757,0.141,4.408,0.678
27938,2,2.968863,0.131,4.659,0.704
27939,2,2.968969,0.114,5.128,0.746
27940,2,2.969075,0.102,5.334,0.775
27941,2,2.969182,0.129,4.669,0.709
27942,2,2.969288,0.127,4.731,0.714
27943,2,2.969394,0.129,4.707,0.705
27944,2,2.969501,0.12,4.92,0.73
27945,2,2.969607,0.123,4.888,0.728
27946,2,2.969713,0.106,5.275,0.767
27947,2,2.969819,0.119,4.913,0.731
27948,2,2.969926,0.114,5.06,0.743
27949,2,2.970032,0.125,4.782,0.717
27950,2,2.970138,0.15,4.214,0.66
27951,2,2.970244,0.129,4.712,0.708
27952,2,2.970351,0.122,4.913,0.726
27953,2,2.970457,0.122,4.885,0.729
27954,2,2.970563,0.133,4.627,0.702
27955,2,2.970670,0.141,4.442,0.685
27956,2,2.970776,0.124,4.836,0.719
27957,2,2.970882,0.112,5.133,0.755
27958,2,2.970988,0.111,5.134,0.753
27959,2,2.971095,0.129,4.685,0.71
27960,2,2.971201,0.128,4.749,0.711
27961,2,2.971307,0.124,4.856,0.72
27962,2,2.971413,0.125,4.8,0.718
27963,2,2.971520,0.13,4.712,0.712
27964,2,2.971626,0.14,4.483,0.683
27965,2,2.971732,0.129,4.733,0.707
27966,2,2.971838,0.129,4.734,0.708
27967,2,2.971945,0.124,4.849,0.725
27968,2,2.972051,0.133,4.672,0.703
27969,2,2.972157,0.126,4.804,0.715
27970,2,2.972264,0.123,4.843,0.729
27971,2,2.972370,0.13,4.735,0.707
27972,2,2.972476,0.129,4.724,0.708
27973,2,2.972582,0.117,5.012,0.737
27974,2,2.972689,0.134,4.591,0.695
27975,2,2.972795,0.14,4.45,0.684
27976,2,2.972901,0.147,4.325,0.657
27977,2,2.973007,0.128,4.739,0.71
27978,2,2.973114,0.134,4.594,0.697
27979,2,2.973220,0.108,5.281,0.766
27980,2,2.973326,0.137,4.524,0.691
27981,2,2.973433,0.105,5.305,0.767
27982,2,2.973539,0.114,5.149,0.745
27983,2,2.973645,0.147,4.317,0.662
27984,2,2.973751,0.123,4.856,0.724
27985,2,2.973858,0.125,4.801,0.722
27986,2,2.973964,0.132,4.647,0.706
27987,2,2.974070,0.135,4.585,0.701
27988,2,2.974176,0.119,4.969,0.737
27989,2,2.974283,0.103,5.328,0.77
27990,2,2.974389,0.13,4.657,0.709
27991,2,2.974495,0.123,4.829,0.722
27992,2,2.974601,0.135,4.6,0.697
27993,2,2.974708,0.134,4.605,0.693
27994,2,2.974814,0.144,4.362,0.669
27995,2,2.974920,0.121,4.886,0.724
27996,2,2.975027,0.111,5.145,0.756
27997,2,2.975133,0.138,4.456,0.685
27998,2,2.975239,0.133,4.638,0.699
27999,2,2.975345,0.121,4.879,0.73
28000,2,2.975452,0.136,4.563,0.692
28001,2,2.975558,0.121,4.921,0.727
28002,2,2.975664,0.127,4.75,0.715
28003,2,2.975770,0.124,4.877,0.727
28004,2,2.975877,0.123,4.884,0.727
28005,2,2.975983,0.109,5.196,0.763
28006,2,2.976089,0.144,4.391,0.675
28007,2,2.976196,0.11,5.227,0.756
28008,2,2.976302,0.128,4.742,0.714
28009,2,2.976408,0.131,4.701,0.702
28010,2,2.976514,0.147,4.291,0.664
28011,2,2.976621,0.119,5.022,0.732
28012,2,2.976727,0.127,4.794,0.712
28013,2,2.976833,0.139,4.524,0.69
28014,2,2.976939,0.131,4.683,0.706
28015,2,2.977046,0.105,5.337,0.772
28016,2,2.977152,0.106,5.283,0.769
28017,2,2.977258,0.135,4.57,0.691
28018,2,2.977365,0.132,4.673,0.703
28019,2,2.977471,0.129,4.706,0.71
28020,2,2.977577,0.144,4.393,0.672
28021,2,2.977683,0.118,4.981,0.736
28022,2,2.977790,0.116,5.082,0.74
28023,2,2.977896,0.135,4.576,0.698
28024,2,2.978002,0.133,4.661,0.706
28025,2,2.978108,0.123,4.866,0.727
28026,2,2.978215,0.113,5.097,0.748
28027,2,2.978321,0.118,4.972,0.738
28028,2,2.978427,0.139,4.461,0.687
28029,2,2.978533,0.116,5.018,0.744
28030,2,2.978640,0.126,4.781,0.716
28031,2,2.978746,0.127,4.759,0.713
28032,2,2.978852,0.115,5.052,0.744
28033,2,2.978959,0.13,4.695,0.709
28034,2,2.979065,0.126,4.806,0.716
28035,2,2.979171,0.143,4.396,0.677
28036,2,2.979277,0.111,5.146,0.754
28037,2,2.979384,0.144,4.444,0.674
28038,2,2.979490,0.14,4.456,0.685
28039,2,2.979596,0.119,4.947,0.734
28040,2,2.979702,0.137,4.587,0.69
28041,2,2.979809,0.131,4.653,0.704
28042,2,2.979915,0.134,4.565,0.697
28043,2,2.980021,0.12,4.902,0.731
28044,2,2.980128,0.138,4.519,0.69
28045,2,2.980234,0.131,4.68,0.702
28046,2,2.980340,0.136,4.465,0.695
28047,2,2.980446,0.131,4.685,0.703
28048,2,2.980553,0.135,4.573,0.695
28049,2,2.980659,0.114,5.055,0.744
28050,2,2.980765,0.117,4.965,0.739
28051,2,2.980871,0.114,5.082,0.748
28052,2,2.980978,0.12,4.921,0.735
28053,2,2.981084,0.131,4.711,0.704
28054,2,2.981190,0.145,4.363,0.666
28055,2,2.981296,0.111,5.141,0.752
28056,2,2.981403,0.123,4.88,0.726
28057,2,2.981509,0.111,5.177,0.753
28058,2,2.981615,0.113,5.121,0.754
28059,2,2.981722,0.108,5.216,0.764
28060,2,2.981828,0.114,5.141,0.745
28061,2,2.981934,0.125,4.833,0.722
28062,2,2.982040,0.134,4.564,0.696
28063,2,2.982147,0.129,4.736,0.715
28064,2,2.982253,0.138,4.507,0.691
28065,2,2.982359,0.14,4.482,0.684
28066,2,2.982465,0.126,4.79,0.711
28067,2,2.982572,0.122,4.84,0.726
28068,2,2.982678,0.126,4.757,0.724
28069,2,2.982784,0.136,4.546,0.693
28070,2,2.982891,0.124,4.835,0.723
28071,2,2.982997,0.136,4.542,0.692
28072,2,2.983103,0.141,4.443,0.681
28073,2,2.983209,0.112,5.16,0.752
28074,2,2.983316,0.131,4.669,0.709
28075,2,2.983422,0.109,5.208,0.757
28076,2,2.983528,0.137,4.511,0.69
28077,2,2.983634,0.133,4.684,0.7
28078,2,2.983741,0.117,4.973,0.737
28079,2,2.983847,0.122,4.874,0.727
28080,2,2.983953,0.119,5.001,0.732
28081,2,2.984060,0.124,4.824,0.72
28082,2,2.984166,0.135,4.573,0.695
28083,2,2.984272,0.109,5.182,0.762
28084,2,2.984378,0.114,5.097,0.748
28085,2,2.984485,0.139,4.532,0.682
28086,2,2.984591,0.125,4.816,0.722
28087,2,2.984697,0.134,4.627,0.702
28088,2,2.984803,0.113,5.071,0.749
28089,2,2.984910,0.132,4.589,0.702
28090,2,2.985016,0.148,4.304,0.659
28091,2,2.985122,0.147,4.266,0.671
28092,2,2.985228,0.122,4.845,0.726
28093,2,2.985335,0.105,5.385,0.767
28094,2,2.985441,0.133,4.568,0.698
28095,2,2.985547,0.119,4.946,0.73
28096,2,2.985654,0.132,4.653,0.701
28097,2,2.985760,0.116,4.966,0.741
28098,2,2.985866,0.13,4.719,0.709
28099,2,2.985972,0.132,4.668,0.7
28100,2,2.986079,0.129,4.764,0.708
28101,2,2.986185,0.133,4.613,0.694
28102,2,2.986291,0.131,4.718,0.706
28103,2,2.986397,0.142,4.414,0.674
28104,2,2.986504,0.141,4.402,0.676
28105,2,2.986610,0.141,4.464,0.676
28106,2,2.986716,0.127,4.758,0.719
28107,2,2.986823,0.133,4.628,0.698
28108,2,2.986929,0.116,5.023,0.745
28109,2,2.987035,0.126,4.785,0.716
28110,2,2.987141,0.133,4.602,0.7
28111,2,2.987248,0.11,5.183,0.756
28112,2,2.987354,0.125,4.786,0.72
28113,2,2.987460,0.14,4.469,0.683
28114,2,2.987566,0.136,4.566,0.691
28115,2,2.987673,0.114,5.145,0.746
28116,2,2.987779,0.131,4.657,0.706
28117,2,2.987885,0.136,4.51,0.689
28118,2,2.987991,0.115,5.054,0.75
28119,2,2.988098,0.116,5.025,0.743
28120,2,2.988204,0.107,5.292,0.765
28121,2,2.988310,0.11,5.191,0.752
28122,2,2.988417,0.123,4.885,0.729
28123,2,2.988523,0.114,5.059,0.75
28124,2,2.988629,0.139,4.459,0.689
28125,2,2.988735,0.121,4.876,0.732
28126,2,2.988842,0.113,5.078,0.746
28127,2,2.988948,0.135,4.563,0.692
28128,2,2.989054,0.123,4.867,0.721
28129,2,2.989160,0.114,5.088,0.747
28130,2,2.989267,0.132,4.632,0.704
28131,2,2.989373,0.126,4.823,0.72
28132,2,2.989479,0.131,4.638,0.704
28133,2,2.989586,0.118,4.986,0.741
28134,2,2.989692,0.122,4.826,0.725
28135,2,2.989798,0.119,4.951,0.731
28136,2,2.989904,0.126,4.777,0.717
28137,2,2.990011,0.119,4.888,0.733
28138,2,2.990117,0.133,4.637,0.697
28139,2,2.990223,0.116,5.019,0.746
28140,2,2.990329,0.119,4.928,0.738
28141,2,2.990436,0.129,4.733,0.71
28142,2,2.990542,0.114,5.04,0.747
28143,2,2.990648,0.135,4.607,0.698
28144,2,2.990755,0.135,4.567,0.697
28145,2,2.990861,0.109,5.165,0.759
28146,2,2.990967,0.139,4.492,0.689
28147,2,2.991073,0.134,4.644,0.697
28148,2,2.991180,0.13,4.739,0.707
28149,2,2.991286,0.131,4.696,0.709
28150,2,2.991392,0.122,4.929,0.726
28151,2,2.991498,0.142,4.45,0.676
28152,2,2.991605,0.124,4.804,0.716
28153,2,2.991711,0.114,5.084,0.747
28154,2,2.991817,0.124,4.882,0.721
28155,2,2.991923,0.147,4.311,0.666
28156,2,2.992030,0.119,4.966,0.736
28157,2,2.992136,0.142,4.425,0.681
28158,2,2.992242,0.133,4.63,0.701
28159,2,2.992349,0.127,4.762,0.713
28160,2,2.992455,0.131,4.679,0.701
28161,2,2.992561,0.129,4.727,0.713
28162,2,2.992667,0.136,4.517,0.694
28163,2,2.992774,0.137,4.52,0.688
28164,2,2.992880,0.126,4.788,0.719
28165,2,2.992986,0.142,4.401,0.68
28166,2,2.993092,0.146,4.306,0.667
28167,2,2.993199,0.124,4.904,0.723
28168,2,2.993305,0.121,4.946,0.725
28169,2,2.993411,0.125,4.776,0.724
28170,2,2.993518,0.115,5.13,0.743
28171,2,2.993624,0.129,4.742,0.709
28172,2,2.993730,0.099,5.488,0.783
28173,2,2.993836,0.139,4.48,0.689
28174,2,2.993943,0.135,4.566,0.69
28175,2,2.994049,0.142,4.39,0.677
28176,2,2.994155,0.122,4.88,0.726
28177,2,2.994261,0.128,4.788,0.711
28178,2,2.994368,0.15,4.231,0.66
28179,2,2.994474,0.13,4.634,0.706
28180,2,2.994580,0.142,4.44,0.682
28181,2,2.994687,0.107,5.26,0.765
28182,2,2.994793,0.121,4.934,0.725
28183,2,2.994899,0.133,4.631,0.7
28184,2,2.995005,0.125,4.843,0.721
28185,2,2.995112,0.126,4.735,0.717
28186,2,2.995218,0.12,4.941,0.73
28187,2,2.995324,0.126,4.743,0.718
28188,2,2.995430,0.111,5.199,0.758
28189,2,2.995537,0.132,4.617,0.7
28190,2,2.995643,0.128,4.745,0.714
28191,2,2.995749,0.123,4.85,0.721
28192,2,2.995855,0.125,4.876,0.72
28193,2,2.995962,0.103,5.315,0.771
28194,2,2.996068,0.115,5.049,0.743
28195,2,2.996174,0.122,4.867,0.726
28196,2,2.996281,0.12,4.948,0.734
28197,2,2.996387,0.134,4.581,0.701
28198,2,2.996493,0.133,4.625,0.701
28199,2,2.996599,0.122,4.833,0.729
28200,2,2.996706,0.115,5.068,0.739
28201,2,2.996812,0.143,4.412,0.673
28202,2,2.996918,0.137,4.501,0.695
28203,2,2.997024,0.104,5.272,0.775
28204,2,2.997131,0.124,4.842,0.721
28205,2,2.997237,0.119,5.0,0.73
28206,2,2.997343,0.119,4.968,0.734
28207,2,2.997450,0.116,4.939,0.742
28208,2,2.997556,0.123,4.823,0.72
28209,2,2.997662,0.125,4.817,0.72
28210,2,2.997768,0.132,4.59,0.705
28211,2,2.997875,0.112,5.066,0.752
28212,2,2.997981,0.134,4.553,0.698
28213,2,2.998087,0.111,5.126,0.752
28214,2,2.998193,0.128,4.805,0.717
28215,2,2.998300,0.138,4.462,0.691
28216,2,2.998406,0.125,4.803,0.717
28217,2,2.998512,0.126,4.798,0.718
28218,2,2.998618,0.132,4.604,0.703
28219,2,2.998725,0.133,4.63,0.701
28220,2,2.998831,0.13,4.706,0.711
28221,2,2.998937,0.119,4.955,0.731
28222,2,2.999044,0.116,5.049,0.741
28223,2,2.999150,0.124,4.84,0.722
28224,2,2.999256,0.122,4.881,0.726
28225,2,2.999362,0.128,4.767,0.714
28227,2,2.999575,0.125,4.79,0.724
28228,2,2.999681,0.126,4.788,0.72
28229,2,2.999787,0.139,4.493,0.686
28230,2,2.999894,0.096,5.58,0.787
28231,2,3.000000,0.13,4.718,0.708
