/usr/local/python3.12.13/lib/python3.12/site-packages/transformers/loss/loss_for_object_detection.py:27: UserWarning: A NumPy version >=1.22.4 and <2.3.0 is required for this version of SciPy (detected version 2.4.6)
  from scipy.optimize import linear_sum_assignment
/usr/local/python3.12.13/lib/python3.12/site-packages/transformers/loss/loss_for_object_detection.py:27: UserWarning: A NumPy version >=1.22.4 and <2.3.0 is required for this version of SciPy (detected version 2.4.6)
  from scipy.optimize import linear_sum_assignment
/usr/local/python3.12.13/lib/python3.12/site-packages/transformers/loss/loss_for_object_detection.py:27: UserWarning: A NumPy version >=1.22.4 and <2.3.0 is required for this version of SciPy (detected version 2.4.6)
  from scipy.optimize import linear_sum_assignment
/usr/local/python3.12.13/lib/python3.12/site-packages/transformers/loss/loss_for_object_detection.py:27: UserWarning: A NumPy version >=1.22.4 and <2.3.0 is required for this version of SciPy (detected version 2.4.6)
  from scipy.optimize import linear_sum_assignment
[timeout] aclrtSetOpExecuteTimeOut(0) rc=0
[timeout] aclrtSetOpExecuteTimeOut(0) rc=0
           INFO     get env TERM = xterm                      patch_getenv.py:15
[06:55:02] INFO     get env LOCAL_RANK = 0                    patch_getenv.py:15
[timeout] aclrtSetOpExecuteTimeOut(0) rc=0
[06:55:02] INFO     Started distributed with local_rank=2,    distributed.py:165
                    dp_size=4, sp_size=1                                        
[timeout] aclrtSetOpExecuteTimeOut(0) rc=0
[06:55:03] INFO     get env WORLD_SIZE = 4                    patch_getenv.py:15
           INFO     get env MASTER_ADDR =                     patch_getenv.py:15
                    localhost.localdomain                                       
           INFO     get env MASTER_PORT = 44351               patch_getenv.py:15
           INFO     get env TORCHELASTIC_USE_AGENT_STORE =    patch_getenv.py:15
                    True                                                        
           INFO     Started distributed with local_rank=0,    distributed.py:165
                    dp_size=4, sp_size=1                                        
           INFO     get env PATH =                            patch_getenv.py:15
                    /usr/local/Ascend/nnal/atb/latest/atb/cxx                   
                    _abi_1/bin:/usr/local/Ascend/cann-9.0.0/t                   
                    ools/bishengir/bin:/usr/local/Ascend/cann                   
                    -9.0.0/bin:/usr/local/Ascend/cann-9.0.0/t                   
                    ools/ccec_compiler/bin:/usr/local/Ascend/                   
                    cann-9.0.0/tools/profiler/bin:/usr/local/                   
                    Ascend/cann-9.0.0/tools/ascend_system_adv                   
                    isor/asys:/usr/local/Ascend/cann-9.0.0/to                   
                    ols/show_kernel_debug_data:/usr/local/Asc                   
                    end/cann-9.0.0/tools/msobjdump:/home/y500                   
                    63564/node_modules/.bin:/usr/local/Ascend                   
                    /nnal/atb/latest/atb/cxx_abi_1/bin:/usr/l                   
                    ocal/Ascend/nnal/atb/latest/atb/cxx_abi_1                   
                    /bin:/usr/local/Ascend/ascend-toolkit/lat                   
                    est/bin:/usr/local/Ascend/ascend-toolkit/                   
                    latest/compiler/ccec_compiler/bin:/usr/lo                   
                    cal/Ascend/ascend-toolkit/latest/tools/cc                   
                    ec_compiler/bin:/usr/local/python3.12.13/                   
                    bin:/usr/local/sbin:/usr/local/bin:/usr/s                   
                    bin:/usr/bin:/sbin:/bin:/usr/local/go/bin                   
           INFO     Loading vocab mappings from                     train.py:236
                    '/home/y50063564/data/open_perfectblend_qwen3_4             
                    b_700k/d2t.npy' and                                         
                    '/home/y50063564/data/open_perfectblend_qwen3_4             
                    b_700k/t2d.npy'                                             
           INFO     All 5 draft layers using sliding window         train.py:396
                    attention (window=2048). To use full attention              
                    on specific layers, pass                                    
                    '--full-attention-indices <layer_ids>'.                     
[06:55:03] INFO     Started distributed with local_rank=3,    distributed.py:165
                    dp_size=4, sp_size=1                                        
           WARNING  Added <|MASK|> to tokenizer,                     utils.py:49
                    mask_token_id=151669 (tokenizer len=151670,                 
                    vocab_size=151936)                                          
[06:55:03] INFO     Started distributed with local_rank=1,    distributed.py:165
                    dp_size=4, sp_size=1                                        
2026-09-11 06:55:16.972 | INFO     | speculators.utils.loading:_resolve_file:136 - Loading from local directory: /home/y50063564/Qwen3-4B
2026-09-11 06:55:16.972 | WARNING  | speculators.utils.loading:load_model_layers:104 - Tensor 'lm_head.weight' not found in weight_map.
2026-09-11 06:55:16.973 | INFO     | speculators.utils.loading:_resolve_file:136 - Loading from local directory: /home/y50063564/Qwen3-4B
2026-09-11 06:55:16.974 | INFO     | speculators.utils.loading:_resolve_file:136 - Loading from local directory: /home/y50063564/Qwen3-4B
2026-09-11 06:55:17.117 | INFO     | speculators.utils.loading:_resolve_file:136 - Loading from local directory: /home/y50063564/Qwen3-4B
2026-09-11 06:55:17.118 | WARNING  | speculators.utils.loading:load_model_layers:104 - Tensor 'lm_head.weight' not found in weight_map.
2026-09-11 06:55:17.118 | INFO     | speculators.utils.loading:_resolve_file:136 - Loading from local directory: /home/y50063564/Qwen3-4B
2026-09-11 06:55:17.120 | INFO     | speculators.utils.loading:_resolve_file:136 - Loading from local directory: /home/y50063564/Qwen3-4B
2026-09-11 06:55:17.783 | INFO     | speculators.utils.loading:_resolve_file:136 - Loading from local directory: /home/y50063564/Qwen3-4B
2026-09-11 06:55:17.784 | WARNING  | speculators.utils.loading:load_model_layers:104 - Tensor 'lm_head.weight' not found in weight_map.
2026-09-11 06:55:17.784 | INFO     | speculators.utils.loading:_resolve_file:136 - Loading from local directory: /home/y50063564/Qwen3-4B
2026-09-11 06:55:17.786 | INFO     | speculators.utils.loading:_resolve_file:136 - Loading from local directory: /home/y50063564/Qwen3-4B
2026-09-11 06:55:18.522 | INFO     | speculators.utils.loading:_resolve_file:136 - Loading from local directory: /home/y50063564/Qwen3-4B
2026-09-11 06:55:18.523 | WARNING  | speculators.utils.loading:load_model_layers:104 - Tensor 'lm_head.weight' not found in weight_map.
2026-09-11 06:55:18.523 | INFO     | speculators.utils.loading:_resolve_file:136 - Loading from local directory: /home/y50063564/Qwen3-4B
2026-09-11 06:55:18.525 | INFO     | speculators.utils.loading:_resolve_file:136 - Loading from local directory: /home/y50063564/Qwen3-4B
[06:55:29] INFO     get env SAMP_SEED = 42                    patch_getenv.py:15
           INFO     get env DL_IN_ORDER = 1                   patch_getenv.py:15
           INFO     No previous training checkpoint found in      trainer.py:299
                    '/home/y50063564/dataloader_diag/exp/E3_w12_p               
                    f4/checkpoints'. Starting fresh training run.               
[06:55:36] INFO     Muon optimizer: 39 2D params via Muon, 23   optimizers.py:76
                    params via AdamW.                                           
           INFO     get env SAMP_BALANCE = off                patch_getenv.py:15
[timeout] aclrtSetOpExecuteTimeOut(0) rc=0
[timeout] aclrtSetOpExecuteTimeOut(0) rc=0
[06:55:40] INFO     Training epoch 1/1 started                    trainer.py:734
[timeout] aclrtSetOpExecuteTimeOut(0) rc=0
[timeout] aclrtSetOpExecuteTimeOut(0) rc=0
/usr/local/python3.12.13/lib/python3.12/site-packages/torch/_dynamo/_trace_wrapped_higher_order_op.py:147: UserWarning: Cannot create tensor with interal format while allow_internel_format=False, tensor will be created with base format. (Triggered internally at ../torch_npu/csrc/aten/common/TensorFactories.cpp:340.)
  return func(*args, **(kwargs or {}))
/usr/local/python3.12.13/lib/python3.12/site-packages/torch/_dynamo/_trace_wrapped_higher_order_op.py:147: UserWarning: Cannot create tensor with interal format while allow_internel_format=False, tensor will be created with base format. (Triggered internally at ../torch_npu/csrc/aten/common/TensorFactories.cpp:340.)
  return func(*args, **(kwargs or {}))
/usr/local/python3.12.13/lib/python3.12/site-packages/torch/_dynamo/_trace_wrapped_higher_order_op.py:147: UserWarning: Cannot create tensor with interal format while allow_internel_format=False, tensor will be created with base format. (Triggered internally at ../torch_npu/csrc/aten/common/TensorFactories.cpp:340.)
  return func(*args, **(kwargs or {}))
/usr/local/python3.12.13/lib/python3.12/site-packages/torch/_dynamo/_trace_wrapped_higher_order_op.py:147: UserWarning: Cannot create tensor with interal format while allow_internel_format=False, tensor will be created with base format. (Triggered internally at ../torch_npu/csrc/aten/common/TensorFactories.cpp:340.)
  return func(*args, **(kwargs or {}))
[06:55:54] INFO     train/confidence_loss=0.457,                  trainer.py:584
                    train/confidence_abs_error=0.325,                           
                    train/confidence_pred_mean=0.326,                           
                    train/confidence_cumprod_bias=0.191,                        
                    train/loss=0.613, train/ce_loss=2.362,                      
                    train/tv_loss=0.214,                                        
                    train/accept_rate=3.34e-04,                                 
                    train/accept_len=1.000,                                     
                    train/full_acc=0.00e+00,                                    
                    train/position_1_acc=0.00e+00,                              
                    train/position_2_acc=0.00e+00,                              
                    train/position_3_acc=0.00e+00,                              
                    train/position_4_acc=0.00e+00,                              
                    train/position_5_acc=0.00e+00,                              
                    train/position_6_acc=0.00e+00,                              
                    train/position_7_acc=0.00e+00,                              
                    profile/fetch_ms=1.16e+04,                                  
                    profile/fwd_ms=1.23e+03,                                    
                    profile/bwd_ms=345.613, profile/opt_ms=0.089,               
                    profile/step_ms=1.32e+04,                                   
                    profile/tokens_per_s=309.928,                               
                    profile/fetch_frac=0.880, epoch=0,                          
                    lr/Muon=0.00e+00, lr/AdamW=0.00e+00,                        
                    global_step=0                                               
[06:56:05] INFO     train/confidence_loss=0.059,                  trainer.py:584
                    train/confidence_abs_error=0.059,                           
                    train/confidence_pred_mean=0.059,                           
                    train/confidence_cumprod_bias=0.017,                        
                    train/loss=0.444, train/ce_loss=2.275,                      
                    train/tv_loss=0.214,                                        
                    train/accept_rate=3.91e-04,                                 
                    train/accept_len=1.000,                                     
                    train/full_acc=0.00e+00,                                    
                    train/position_1_acc=0.00e+00,                              
                    train/position_2_acc=0.00e+00,                              
                    train/position_3_acc=0.00e+00,                              
                    train/position_4_acc=0.00e+00,                              
                    train/position_5_acc=0.00e+00,                              
                    train/position_6_acc=0.00e+00,                              
                    train/position_7_acc=0.00e+00,                              
                    profile/fetch_ms=70.641,                                    
                    profile/fwd_ms=89.750, profile/bwd_ms=92.236,               
                    profile/opt_ms=318.804,                                     
                    profile/step_ms=571.432,                                    
                    profile/tokens_per_s=6.75e+03,                              
                    profile/fetch_frac=0.124, epoch=0,                          
                    lr/Muon=4.37e-04, lr/AdamW=4.37e-05,                        
                    global_step=20                                              
[06:56:27] INFO     train/confidence_loss=0.172,                  trainer.py:584
                    train/confidence_abs_error=0.025,                           
                    train/confidence_pred_mean=4.66e-04,                        
                    train/confidence_cumprod_bias=-0.007,                       
                    train/loss=0.412, train/ce_loss=1.594,                      
                    train/tv_loss=0.205, train/accept_rate=0.044,               
                    train/accept_len=1.049, train/full_acc=0.084,               
                    train/position_1_acc=0.082,                                 
                    train/position_2_acc=0.089,                                 
                    train/position_3_acc=0.084,                                 
                    train/position_4_acc=0.077,                                 
                    train/position_5_acc=0.084,                                 
                    train/position_6_acc=0.088,                                 
                    train/position_7_acc=0.084,                                 
                    profile/fetch_ms=71.088,                                    
                    profile/fwd_ms=90.833,                                      
                    profile/bwd_ms=101.250, profile/opt_ms=0.088,               
                    profile/step_ms=263.259,                                    
                    profile/tokens_per_s=1.37e+04,                              
                    profile/fetch_frac=0.270, epoch=0,                          
                    lr/Muon=8.12e-04, lr/AdamW=8.12e-05,                        
                    global_step=40                                              
[06:56:40] INFO     train/confidence_loss=0.127,                  trainer.py:584
                    train/confidence_abs_error=0.041,                           
                    train/confidence_pred_mean=0.025,                           
                    train/confidence_cumprod_bias=-0.004,                       
                    train/loss=0.366, train/ce_loss=1.350,                      
                    train/tv_loss=0.200, train/accept_rate=0.064,               
                    train/accept_len=1.071, train/full_acc=0.114,               
                    train/position_1_acc=0.101,                                 
                    train/position_2_acc=0.138,                                 
                    train/position_3_acc=0.109,                                 
                    train/position_4_acc=0.116,                                 
                    train/position_5_acc=0.102,                                 
                    train/position_6_acc=0.117,                                 
                    train/position_7_acc=0.119,                                 
                    profile/fetch_ms=3.529,                                     
                    profile/fwd_ms=2.21e+03,                                    
                    profile/bwd_ms=90.071, profile/opt_ms=0.033,                
                    profile/step_ms=2.30e+03,                                   
                    profile/tokens_per_s=1.70e+03,                              
                    profile/fetch_frac=0.002, epoch=0,                          
                    lr/Muon=0.001, lr/AdamW=1.25e-04,                           
                    global_step=60                                              
[06:57:01] INFO     train/confidence_loss=0.146,                  trainer.py:584
                    train/confidence_abs_error=0.041,                           
                    train/confidence_pred_mean=0.013,                           
                    train/confidence_cumprod_bias=-0.010,                       
                    train/loss=0.381, train/ce_loss=1.444,                      
                    train/tv_loss=0.199, train/accept_rate=0.070,               
                    train/accept_len=1.092, train/full_acc=0.096,               
                    train/position_1_acc=0.107,                                 
                    train/position_2_acc=0.084,                                 
                    train/position_3_acc=0.096,                                 
                    train/position_4_acc=0.081,                                 
                    train/position_5_acc=0.107,                                 
                    train/position_6_acc=0.100,                                 
                    train/position_7_acc=0.098,                                 
                    profile/fetch_ms=77.768,                                    
                    profile/fwd_ms=89.490, profile/bwd_ms=93.996,               
                    profile/opt_ms=238.455,                                     
                    profile/step_ms=499.709,                                    
                    profile/tokens_per_s=7.81e+03,                              
                    profile/fetch_frac=0.156, epoch=0,                          
                    lr/Muon=0.002, lr/AdamW=1.69e-04,                           
                    global_step=80                                              
[06:57:17] INFO     train/confidence_loss=0.195,                  trainer.py:584
                    train/confidence_abs_error=0.119,                           
                    train/confidence_pred_mean=0.123,                           
                    train/confidence_cumprod_bias=0.019,                        
                    train/loss=0.381, train/ce_loss=1.337,                      
                    train/tv_loss=0.187, train/accept_rate=0.124,               
                    train/accept_len=1.220, train/full_acc=0.148,               
                    train/position_1_acc=0.153,                                 
                    train/position_2_acc=0.156,                                 
                    train/position_3_acc=0.145,                                 
                    train/position_4_acc=0.150,                                 
                    train/position_5_acc=0.142,                                 
                    train/position_6_acc=0.135,                                 
                    train/position_7_acc=0.153,                                 
                    profile/fetch_ms=68.924,                                    
                    profile/fwd_ms=91.967,                                      
                    profile/bwd_ms=108.036, profile/opt_ms=0.056,               
                    profile/step_ms=268.984,                                    
                    profile/tokens_per_s=1.51e+04,                              
                    profile/fetch_frac=0.256, epoch=0,                          
                    lr/Muon=0.002, lr/AdamW=2.06e-04,                           
                    global_step=100                                             
[06:57:28] INFO     train/confidence_loss=0.241,                  trainer.py:584
                    train/confidence_abs_error=0.091,                           
                    train/confidence_pred_mean=0.040,                           
                    train/confidence_cumprod_bias=-0.028,                       
                    train/loss=0.386, train/ce_loss=1.300,                      
                    train/tv_loss=0.179, train/accept_rate=0.161,               
                    train/accept_len=1.280, train/full_acc=0.192,               
                    train/position_1_acc=0.206,                                 
                    train/position_2_acc=0.198,                                 
                    train/position_3_acc=0.190,                                 
                    train/position_4_acc=0.197,                                 
                    train/position_5_acc=0.196,                                 
                    train/position_6_acc=0.178,                                 
                    train/position_7_acc=0.180,                                 
                    profile/fetch_ms=3.382,                                     
                    profile/fwd_ms=90.479, profile/bwd_ms=89.781,               
                    profile/opt_ms=0.082,                                       
                    profile/step_ms=183.724,                                    
                    profile/tokens_per_s=2.21e+04,                              
                    profile/fetch_frac=0.018, epoch=0,                          
                    lr/Muon=0.002, lr/AdamW=2.50e-04,                           
                    global_step=120                                             
[06:57:47] INFO     train/confidence_loss=0.236,                  trainer.py:584
                    train/confidence_abs_error=0.097,                           
                    train/confidence_pred_mean=0.054,                           
                    train/confidence_cumprod_bias=-0.031,                       
                    train/loss=0.378, train/ce_loss=1.275,                      
                    train/tv_loss=0.173, train/accept_rate=0.183,               
                    train/accept_len=1.356, train/full_acc=0.224,               
                    train/position_1_acc=0.246,                                 
                    train/position_2_acc=0.219,                                 
                    train/position_3_acc=0.236,                                 
                    train/position_4_acc=0.205,                                 
                    train/position_5_acc=0.211,                                 
                    train/position_6_acc=0.234,                                 
                    train/position_7_acc=0.218,                                 
                    profile/fetch_ms=71.364,                                    
                    profile/fwd_ms=116.680,                                     
                    profile/bwd_ms=99.054,                                      
                    profile/opt_ms=284.167,                                     
                    profile/step_ms=571.265,                                    
                    profile/tokens_per_s=6.84e+03,                              
                    profile/fetch_frac=0.125, epoch=0,                          
                    lr/Muon=0.003, lr/AdamW=2.94e-04,                           
                    global_step=140                                             
[06:58:04] INFO     train/confidence_loss=0.248,                  trainer.py:584
                    train/confidence_abs_error=0.145,                           
                    train/confidence_pred_mean=0.179,                           
                    train/confidence_cumprod_bias=0.024,                        
                    train/loss=0.366, train/ce_loss=1.150,                      
                    train/tv_loss=0.168, train/accept_rate=0.210,               
                    train/accept_len=1.392, train/full_acc=0.246,               
                    train/position_1_acc=0.257,                                 
                    train/position_2_acc=0.254,                                 
                    train/position_3_acc=0.244,                                 
                    train/position_4_acc=0.260,                                 
                    train/position_5_acc=0.249,                                 
                    train/position_6_acc=0.227,                                 
                    train/position_7_acc=0.228,                                 
                    profile/fetch_ms=72.168,                                    
                    profile/fwd_ms=88.988, profile/bwd_ms=91.738,               
                    profile/opt_ms=0.037,                                       
                    profile/step_ms=252.930,                                    
                    profile/tokens_per_s=1.56e+04,                              
                    profile/fetch_frac=0.285, epoch=0,                          
                    lr/Muon=0.003, lr/AdamW=3.31e-04,                           
                    global_step=160                                             
[06:58:16] INFO     train/confidence_loss=0.238,                  trainer.py:584
                    train/confidence_abs_error=0.108,                           
                    train/confidence_pred_mean=0.087,                           
                    train/confidence_cumprod_bias=-0.034,                       
                    train/loss=0.361, train/ce_loss=1.163,                      
                    train/tv_loss=0.166, train/accept_rate=0.209,               
                    train/accept_len=1.531, train/full_acc=0.246,               
                    train/position_1_acc=0.313,                                 
                    train/position_2_acc=0.261,                                 
                    train/position_3_acc=0.244,                                 
                    train/position_4_acc=0.239,                                 
                    train/position_5_acc=0.216,                                 
                    train/position_6_acc=0.223,                                 
                    train/position_7_acc=0.226,                                 
                    profile/fetch_ms=30.807,                                    
                    profile/fwd_ms=94.017, profile/bwd_ms=97.845,               
                    profile/opt_ms=0.092,                                       
                    profile/step_ms=222.760,                                    
                    profile/tokens_per_s=1.49e+04,                              
                    profile/fetch_frac=0.138, epoch=0,                          
                    lr/Muon=0.004, lr/AdamW=3.75e-04,                           
                    global_step=180                                             
[06:58:33] INFO     train/confidence_loss=0.244,                  trainer.py:584
                    train/confidence_abs_error=0.108,                           
                    train/confidence_pred_mean=0.104,                           
                    train/confidence_cumprod_bias=-0.029,                       
                    train/loss=0.353, train/ce_loss=1.100,                      
                    train/tv_loss=0.163, train/accept_rate=0.214,               
                    train/accept_len=1.587, train/full_acc=0.258,               
                    train/position_1_acc=0.369,                                 
                    train/position_2_acc=0.309,                                 
                    train/position_3_acc=0.235,                                 
                    train/position_4_acc=0.226,                                 
                    train/position_5_acc=0.229,                                 
                    train/position_6_acc=0.215,                                 
                    train/position_7_acc=0.222,                                 
                    profile/fetch_ms=85.844,                                    
                    profile/fwd_ms=95.473,                                      
                    profile/bwd_ms=110.342,                                     
                    profile/opt_ms=242.574,                                     
                    profile/step_ms=534.233,                                    
                    profile/tokens_per_s=6.97e+03,                              
                    profile/fetch_frac=0.161, epoch=0,                          
                    lr/Muon=0.004, lr/AdamW=4.19e-04,                           
                    global_step=200                                             
[06:58:49] INFO     train/confidence_loss=0.266,                  trainer.py:584
                    train/confidence_abs_error=0.154,                           
                    train/confidence_pred_mean=0.191,                           
                    train/confidence_cumprod_bias=0.029,                        
                    train/loss=0.366, train/ce_loss=1.131,                      
                    train/tv_loss=0.163, train/accept_rate=0.205,               
                    train/accept_len=1.593, train/full_acc=0.227,               
                    train/position_1_acc=0.402,                                 
                    train/position_2_acc=0.252,                                 
                    train/position_3_acc=0.212,                                 
                    train/position_4_acc=0.200,                                 
                    train/position_5_acc=0.187,                                 
                    train/position_6_acc=0.175,                                 
                    train/position_7_acc=0.162,                                 
                    profile/fetch_ms=66.449,                                    
                    profile/fwd_ms=112.333,                                     
                    profile/bwd_ms=86.348, profile/opt_ms=0.087,                
                    profile/step_ms=265.217,                                    
                    profile/tokens_per_s=1.42e+04,                              
                    profile/fetch_frac=0.251, epoch=0,                          
                    lr/Muon=0.005, lr/AdamW=4.56e-04,                           
                    global_step=220                                             
[06:59:02] INFO     train/confidence_loss=0.232,                  trainer.py:584
                    train/confidence_abs_error=0.108,                           
                    train/confidence_pred_mean=0.109,                           
                    train/confidence_cumprod_bias=-0.036,                       
                    train/loss=0.341, train/ce_loss=1.062,                      
                    train/tv_loss=0.157, train/accept_rate=0.226,               
                    train/accept_len=1.753, train/full_acc=0.261,               
                    train/position_1_acc=0.475,                                 
                    train/position_2_acc=0.285,                                 
                    train/position_3_acc=0.232,                                 
                    train/position_4_acc=0.225,                                 
                    train/position_5_acc=0.223,                                 
                    train/position_6_acc=0.193,                                 
                    train/position_7_acc=0.193,                                 
                    profile/fetch_ms=41.698,                                    
                    profile/fwd_ms=98.601, profile/bwd_ms=89.859,               
                    profile/opt_ms=0.063,                                       
                    profile/step_ms=230.221,                                    
                    profile/tokens_per_s=1.64e+04,                              
                    profile/fetch_frac=0.181, epoch=0,                          
                    lr/Muon=0.005, lr/AdamW=5.00e-04,                           
                    global_step=240                                             
[06:59:19] INFO     train/confidence_loss=0.254,                  trainer.py:584
                    train/confidence_abs_error=0.113,                           
                    train/confidence_pred_mean=0.136,                           
                    train/confidence_cumprod_bias=-0.049,                       
                    train/loss=0.308, train/ce_loss=0.844,                      
                    train/tv_loss=0.134, train/accept_rate=0.316,               
                    train/accept_len=2.178, train/full_acc=0.355,               
                    train/position_1_acc=0.622,                                 
                    train/position_2_acc=0.438,                                 
                    train/position_3_acc=0.323,                                 
                    train/position_4_acc=0.291,                                 
                    train/position_5_acc=0.290,                                 
                    train/position_6_acc=0.278,                                 
                    train/position_7_acc=0.240,                                 
                    profile/fetch_ms=66.970,                                    
                    profile/fwd_ms=2.49e+03,                                    
                    profile/bwd_ms=89.403,                                      
                    profile/opt_ms=270.146,                                     
                    profile/step_ms=2.92e+03,                                   
                    profile/tokens_per_s=1.27e+03,                              
                    profile/fetch_frac=0.023, epoch=0,                          
                    lr/Muon=0.005, lr/AdamW=5.44e-04,                           
                    global_step=260                                             
[06:59:35] INFO     train/confidence_loss=0.209,                  trainer.py:584
                    train/confidence_abs_error=0.105,                           
                    train/confidence_pred_mean=0.148,                           
                    train/confidence_cumprod_bias=0.019,                        
                    train/loss=0.341, train/ce_loss=1.150,                      
                    train/tv_loss=0.157, train/accept_rate=0.218,               
                    train/accept_len=1.746, train/full_acc=0.257,               
                    train/position_1_acc=0.485,                                 
                    train/position_2_acc=0.295,                                 
                    train/position_3_acc=0.237,                                 
                    train/position_4_acc=0.185,                                 
                    train/position_5_acc=0.202,                                 
                    train/position_6_acc=0.200,                                 
                    train/position_7_acc=0.196,                                 
                    profile/fetch_ms=73.503,                                    
                    profile/fwd_ms=129.819,                                     
                    profile/bwd_ms=92.544, profile/opt_ms=0.032,                
                    profile/step_ms=295.898,                                    
                    profile/tokens_per_s=1.30e+04,                              
                    profile/fetch_frac=0.248, epoch=0,                          
                    lr/Muon=0.006, lr/AdamW=5.81e-04,                           
                    global_step=280                                             
[06:59:49] INFO     train/confidence_loss=0.256,                  trainer.py:584
                    train/confidence_abs_error=0.125,                           
                    train/confidence_pred_mean=0.173,                           
                    train/confidence_cumprod_bias=-0.043,                       
                    train/loss=0.281, train/ce_loss=0.713,                      
                    train/tv_loss=0.120, train/accept_rate=0.378,               
                    train/accept_len=2.430, train/full_acc=0.415,               
                    train/position_1_acc=0.694,                                 
                    train/position_2_acc=0.476,                                 
                    train/position_3_acc=0.430,                                 
                    train/position_4_acc=0.359,                                 
                    train/position_5_acc=0.335,                                 
                    train/position_6_acc=0.302,                                 
                    train/position_7_acc=0.307,                                 
                    profile/fetch_ms=44.267,                                    
                    profile/fwd_ms=94.503, profile/bwd_ms=93.313,               
                    profile/opt_ms=0.058,                                       
                    profile/step_ms=232.142,                                    
                    profile/tokens_per_s=1.64e+04,                              
                    profile/fetch_frac=0.191, epoch=0,                          
                    lr/Muon=0.006, lr/AdamW=6.00e-04,                           
                    global_step=300                                             
[07:00:05] INFO     train/confidence_loss=0.247,                  trainer.py:584
                    train/confidence_abs_error=0.126,                           
                    train/confidence_pred_mean=0.189,                           
                    train/confidence_cumprod_bias=0.036,                        
                    train/loss=0.323, train/ce_loss=0.950,                      
                    train/tv_loss=0.145, train/accept_rate=0.267,               
                    train/accept_len=1.909, train/full_acc=0.307,               
                    train/position_1_acc=0.579,                                 
                    train/position_2_acc=0.328,                                 
                    train/position_3_acc=0.301,                                 
                    train/position_4_acc=0.250,                                 
                    train/position_5_acc=0.233,                                 
                    train/position_6_acc=0.233,                                 
                    train/position_7_acc=0.226,                                 
                    profile/fetch_ms=77.552,                                    
                    profile/fwd_ms=121.340,                                     
                    profile/bwd_ms=88.256,                                      
                    profile/opt_ms=631.400,                                     
                    profile/step_ms=918.548,                                    
                    profile/tokens_per_s=4.12e+03,                              
                    profile/fetch_frac=0.084, epoch=0,                          
                    lr/Muon=0.006, lr/AdamW=5.99e-04,                           
                    global_step=320                                             
[07:00:19] INFO     train/confidence_loss=0.246,                  trainer.py:584
                    train/confidence_abs_error=0.115,                           
                    train/confidence_pred_mean=0.145,                           
                    train/confidence_cumprod_bias=-0.040,                       
                    train/loss=0.292, train/ce_loss=0.794,                      
                    train/tv_loss=0.127, train/accept_rate=0.343,               
                    train/accept_len=2.310, train/full_acc=0.379,               
                    train/position_1_acc=0.682,                                 
                    train/position_2_acc=0.442,                                 
                    train/position_3_acc=0.368,                                 
                    train/position_4_acc=0.311,                                 
                    train/position_5_acc=0.316,                                 
                    train/position_6_acc=0.276,                                 
                    train/position_7_acc=0.258,                                 
                    profile/fetch_ms=72.129,                                    
                    profile/fwd_ms=90.114, profile/bwd_ms=90.828,               
                    profile/opt_ms=0.034,                                       
                    profile/step_ms=253.105,                                    
                    profile/tokens_per_s=1.53e+04,                              
                    profile/fetch_frac=0.285, epoch=0,                          
                    lr/Muon=0.006, lr/AdamW=5.99e-04,                           
                    global_step=340                                             
[07:00:34] INFO     train/confidence_loss=0.249,                  trainer.py:584
                    train/confidence_abs_error=0.134,                           
                    train/confidence_pred_mean=0.226,                           
                    train/confidence_cumprod_bias=0.025,                        
                    train/loss=0.297, train/ce_loss=0.825,                      
                    train/tv_loss=0.129, train/accept_rate=0.332,               
                    train/accept_len=2.266, train/full_acc=0.364,               
                    train/position_1_acc=0.666,                                 
                    train/position_2_acc=0.433,                                 
                    train/position_3_acc=0.335,                                 
                    train/position_4_acc=0.307,                                 
                    train/position_5_acc=0.271,                                 
                    train/position_6_acc=0.263,                                 
                    train/position_7_acc=0.268,                                 
                    profile/fetch_ms=58.369,                                    
                    profile/fwd_ms=124.139,                                     
                    profile/bwd_ms=90.896, profile/opt_ms=0.063,                
                    profile/step_ms=273.467,                                    
                    profile/tokens_per_s=1.43e+04,                              
                    profile/fetch_frac=0.213, epoch=0,                          
                    lr/Muon=0.006, lr/AdamW=5.98e-04,                           
                    global_step=360                                             
[07:00:47] INFO     train/confidence_loss=0.234,                  trainer.py:584
                    train/confidence_abs_error=0.128,                           
                    train/confidence_pred_mean=0.223,                           
                    train/confidence_cumprod_bias=0.025,                        
                    train/loss=0.302, train/ce_loss=0.887,                      
                    train/tv_loss=0.132, train/accept_rate=0.322,               
                    train/accept_len=2.229, train/full_acc=0.358,               
                    train/position_1_acc=0.659,                                 
                    train/position_2_acc=0.421,                                 
                    train/position_3_acc=0.323,                                 
                    train/position_4_acc=0.295,                                 
                    train/position_5_acc=0.283,                                 
                    train/position_6_acc=0.285,                                 
                    train/position_7_acc=0.235,                                 
                    profile/fetch_ms=68.711,                                    
                    profile/fwd_ms=91.264, profile/bwd_ms=90.199,               
                    profile/opt_ms=282.609,                                     
                    profile/step_ms=532.783,                                    
                    profile/tokens_per_s=7.27e+03,                              
                    profile/fetch_frac=0.129, epoch=0,                          
                    lr/Muon=0.006, lr/AdamW=5.98e-04,                           
                    global_step=380                                             
[07:01:02] INFO     train/confidence_loss=0.234,                  trainer.py:584
                    train/confidence_abs_error=0.108,                           
                    train/confidence_pred_mean=0.159,                           
                    train/confidence_cumprod_bias=-0.018,                       
                    train/loss=0.297, train/ce_loss=0.850,                      
                    train/tv_loss=0.132, train/accept_rate=0.320,               
                    train/accept_len=2.212, train/full_acc=0.349,               
                    train/position_1_acc=0.649,                                 
                    train/position_2_acc=0.426,                                 
                    train/position_3_acc=0.332,                                 
                    train/position_4_acc=0.286,                                 
                    train/position_5_acc=0.268,                                 
                    train/position_6_acc=0.245,                                 
                    train/position_7_acc=0.233,                                 
                    profile/fetch_ms=68.711,                                    
                    profile/fwd_ms=91.167, profile/bwd_ms=93.799,               
                    profile/opt_ms=0.103,                                       
                    profile/step_ms=253.780,                                    
                    profile/tokens_per_s=1.56e+04,                              
                    profile/fetch_frac=0.271, epoch=0,                          
                    lr/Muon=0.006, lr/AdamW=5.98e-04,                           
                    global_step=400                                             
[07:01:16] INFO     train/confidence_loss=0.250,                  trainer.py:584
                    train/confidence_abs_error=0.136,                           
                    train/confidence_pred_mean=0.222,                           
                    train/confidence_cumprod_bias=0.022,                        
                    train/loss=0.295, train/ce_loss=0.800,                      
                    train/tv_loss=0.129, train/accept_rate=0.330,               
                    train/accept_len=2.195, train/full_acc=0.366,               
                    train/position_1_acc=0.662,                                 
                    train/position_2_acc=0.436,                                 
                    train/position_3_acc=0.351,                                 
                    train/position_4_acc=0.304,                                 
                    train/position_5_acc=0.293,                                 
                    train/position_6_acc=0.260,                                 
                    train/position_7_acc=0.251,                                 
                    profile/fetch_ms=3.416,                                     
                    profile/fwd_ms=94.569,                                      
                    profile/bwd_ms=123.912, profile/opt_ms=0.083,               
                    profile/step_ms=221.979,                                    
                    profile/tokens_per_s=1.62e+04,                              
                    profile/fetch_frac=0.015, epoch=0,                          
                    lr/Muon=0.006, lr/AdamW=5.97e-04,                           
                    global_step=420                                             
[07:01:36] INFO     train/confidence_loss=0.232,                  trainer.py:584
                    train/confidence_abs_error=0.122,                           
                    train/confidence_pred_mean=0.191,                           
                    train/confidence_cumprod_bias=0.010,                        
                    train/loss=0.312, train/ce_loss=0.950,                      
                    train/tv_loss=0.138, train/accept_rate=0.300,               
                    train/accept_len=2.102, train/full_acc=0.337,               
                    train/position_1_acc=0.598,                                 
                    train/position_2_acc=0.402,                                 
                    train/position_3_acc=0.306,                                 
                    train/position_4_acc=0.303,                                 
                    train/position_5_acc=0.255,                                 
                    train/position_6_acc=0.261,                                 
                    train/position_7_acc=0.230,                                 
                    profile/fetch_ms=40.995,                                    
                    profile/fwd_ms=4.01e+03,                                    
                    profile/bwd_ms=93.342,                                      
                    profile/opt_ms=337.788,                                     
                    profile/step_ms=4.48e+03,                                   
                    profile/tokens_per_s=908.510,                               
                    profile/fetch_frac=0.009, epoch=0,                          
                    lr/Muon=0.006, lr/AdamW=5.97e-04,                           
                    global_step=440                                             
[07:01:46] INFO     train/confidence_loss=0.250,                  trainer.py:584
                    train/confidence_abs_error=0.121,                           
                    train/confidence_pred_mean=0.190,                           
                    train/confidence_cumprod_bias=-0.016,                       
                    train/loss=0.284, train/ce_loss=0.744,                      
                    train/tv_loss=0.122, train/accept_rate=0.355,               
                    train/accept_len=2.421, train/full_acc=0.387,               
                    train/position_1_acc=0.712,                                 
                    train/position_2_acc=0.471,                                 
                    train/position_3_acc=0.405,                                 
                    train/position_4_acc=0.320,                                 
                    train/position_5_acc=0.283,                                 
                    train/position_6_acc=0.268,                                 
                    train/position_7_acc=0.246,                                 
                    profile/fetch_ms=78.181,                                    
                    profile/fwd_ms=94.243, profile/bwd_ms=88.610,               
                    profile/opt_ms=0.109,                                       
                    profile/step_ms=261.143,                                    
                    profile/tokens_per_s=1.53e+04,                              
                    profile/fetch_frac=0.299, epoch=0,                          
                    lr/Muon=0.006, lr/AdamW=5.96e-04,                           
                    global_step=460                                             
[07:02:04] INFO     train/confidence_loss=0.247,                  trainer.py:584
                    train/confidence_abs_error=0.131,                           
                    train/confidence_pred_mean=0.222,                           
                    train/confidence_cumprod_bias=0.023,                        
                    train/loss=0.294, train/ce_loss=0.800,                      
                    train/tv_loss=0.128, train/accept_rate=0.340,               
                    train/accept_len=2.284, train/full_acc=0.379,               
                    train/position_1_acc=0.685,                                 
                    train/position_2_acc=0.432,                                 
                    train/position_3_acc=0.356,                                 
                    train/position_4_acc=0.318,                                 
                    train/position_5_acc=0.323,                                 
                    train/position_6_acc=0.261,                                 
                    train/position_7_acc=0.271,                                 
                    profile/fetch_ms=3.073,                                     
                    profile/fwd_ms=113.780,                                     
                    profile/bwd_ms=91.040, profile/opt_ms=0.118,                
                    profile/step_ms=208.012,                                    
                    profile/tokens_per_s=1.77e+04,                              
                    profile/fetch_frac=0.015, epoch=0,                          
                    lr/Muon=0.006, lr/AdamW=5.96e-04,                           
                    global_step=480                                             
[07:02:19] INFO     train/confidence_loss=0.244,                  trainer.py:584
                    train/confidence_abs_error=0.137,                           
                    train/confidence_pred_mean=0.262,                           
                    train/confidence_cumprod_bias=0.021,                        
                    train/loss=0.263, train/ce_loss=0.653,                      
                    train/tv_loss=0.111, train/accept_rate=0.403,               
                    train/accept_len=2.631, train/full_acc=0.444,               
                    train/position_1_acc=0.770,                                 
                    train/position_2_acc=0.558,                                 
                    train/position_3_acc=0.448,                                 
                    train/position_4_acc=0.390,                                 
                    train/position_5_acc=0.358,                                 
                    train/position_6_acc=0.301,                                 
                    train/position_7_acc=0.279,                                 
                    profile/fetch_ms=65.122,                                    
                    profile/fwd_ms=1.02e+03,                                    
                    profile/bwd_ms=86.899,                                      
                    profile/opt_ms=318.819,                                     
                    profile/step_ms=1.49e+03,                                   
                    profile/tokens_per_s=2.48e+03,                              
                    profile/fetch_frac=0.044, epoch=0,                          
                    lr/Muon=0.006, lr/AdamW=5.96e-04,                           
                    global_step=500                                             
[07:02:35] INFO     train/confidence_loss=0.256,                  trainer.py:584
                    train/confidence_abs_error=0.126,                           
                    train/confidence_pred_mean=0.164,                           
                    train/confidence_cumprod_bias=-0.038,                       
                    train/loss=0.286, train/ce_loss=0.744,                      
                    train/tv_loss=0.121, train/accept_rate=0.365,               
                    train/accept_len=2.344, train/full_acc=0.396,               
                    train/position_1_acc=0.723,                                 
                    train/position_2_acc=0.461,                                 
                    train/position_3_acc=0.388,                                 
                    train/position_4_acc=0.336,                                 
                    train/position_5_acc=0.320,                                 
                    train/position_6_acc=0.249,                                 
                    train/position_7_acc=0.292,                                 
                    profile/fetch_ms=65.480,                                    
                    profile/fwd_ms=123.489,                                     
                    profile/bwd_ms=109.645, profile/opt_ms=0.111,               
                    profile/step_ms=298.725,                                    
                    profile/tokens_per_s=1.32e+04,                              
                    profile/fetch_frac=0.219, epoch=0,                          
                    lr/Muon=0.006, lr/AdamW=5.95e-04,                           
                    global_step=520                                             
[07:02:48] INFO     train/confidence_loss=0.240,                  trainer.py:584
                    train/confidence_abs_error=0.139,                           
                    train/confidence_pred_mean=0.250,                           
                    train/confidence_cumprod_bias=-0.007,                       
                    train/loss=0.263, train/ce_loss=0.672,                      
                    train/tv_loss=0.111, train/accept_rate=0.407,               
                    train/accept_len=2.717, train/full_acc=0.430,               
                    train/position_1_acc=0.752,                                 
                    train/position_2_acc=0.537,                                 
                    train/position_3_acc=0.445,                                 
                    train/position_4_acc=0.366,                                 
                    train/position_5_acc=0.327,                                 
                    train/position_6_acc=0.308,                                 
                    train/position_7_acc=0.274,                                 
                    profile/fetch_ms=10.584,                                    
                    profile/fwd_ms=96.180, profile/bwd_ms=91.306,               
                    profile/opt_ms=0.108,                                       
                    profile/step_ms=198.179,                                    
                    profile/tokens_per_s=2.01e+04,                              
                    profile/fetch_frac=0.053, epoch=0,                          
                    lr/Muon=0.006, lr/AdamW=5.95e-04,                           
                    global_step=540                                             
[07:03:05] INFO     train/confidence_loss=0.244,                  trainer.py:584
                    train/confidence_abs_error=0.132,                           
                    train/confidence_pred_mean=0.210,                           
                    train/confidence_cumprod_bias=0.027,                        
                    train/loss=0.297, train/ce_loss=0.819,                      
                    train/tv_loss=0.130, train/accept_rate=0.323,               
                    train/accept_len=2.162, train/full_acc=0.365,               
                    train/position_1_acc=0.686,                                 
                    train/position_2_acc=0.422,                                 
                    train/position_3_acc=0.348,                                 
                    train/position_4_acc=0.315,                                 
                    train/position_5_acc=0.273,                                 
                    train/position_6_acc=0.267,                                 
                    train/position_7_acc=0.241,                                 
                    profile/fetch_ms=67.113,                                    
                    profile/fwd_ms=95.182, profile/bwd_ms=93.572,               
                    profile/opt_ms=281.848,                                     
                    profile/step_ms=537.714,                                    
                    profile/tokens_per_s=7.31e+03,                              
                    profile/fetch_frac=0.125, epoch=0,                          
                    lr/Muon=0.006, lr/AdamW=5.94e-04,                           
                    global_step=560                                             
[07:03:22] INFO     train/confidence_loss=0.237,                  trainer.py:584
                    train/confidence_abs_error=0.123,                           
                    train/confidence_pred_mean=0.256,                           
                    train/confidence_cumprod_bias=0.021,                        
                    train/loss=0.256, train/ce_loss=0.631,                      
                    train/tv_loss=0.109, train/accept_rate=0.416,               
                    train/accept_len=2.759, train/full_acc=0.449,               
                    train/position_1_acc=0.769,                                 
                    train/position_2_acc=0.547,                                 
                    train/position_3_acc=0.446,                                 
                    train/position_4_acc=0.411,                                 
                    train/position_5_acc=0.326,                                 
                    train/position_6_acc=0.335,                                 
                    train/position_7_acc=0.306,                                 
                    profile/fetch_ms=70.058,                                    
                    profile/fwd_ms=93.014,                                      
                    profile/bwd_ms=137.995, profile/opt_ms=0.121,               
                    profile/step_ms=301.188,                                    
                    profile/tokens_per_s=1.30e+04,                              
                    profile/fetch_frac=0.233, epoch=0,                          
                    lr/Muon=0.006, lr/AdamW=5.94e-04,                           
                    global_step=580                                             
[07:03:37] INFO     train/confidence_loss=0.250,                  trainer.py:584
                    train/confidence_abs_error=0.123,                           
                    train/confidence_pred_mean=0.183,                           
                    train/confidence_cumprod_bias=-0.005,                       
                    train/loss=0.291, train/ce_loss=0.794,                      
                    train/tv_loss=0.123, train/accept_rate=0.360,               
                    train/accept_len=2.324, train/full_acc=0.392,               
                    train/position_1_acc=0.661,                                 
                    train/position_2_acc=0.483,                                 
                    train/position_3_acc=0.407,                                 
                    train/position_4_acc=0.321,                                 
                    train/position_5_acc=0.316,                                 
                    train/position_6_acc=0.295,                                 
                    train/position_7_acc=0.254,                                 
                    profile/fetch_ms=3.457,                                     
                    profile/fwd_ms=93.141, profile/bwd_ms=92.853,               
                    profile/opt_ms=0.087,                                       
                    profile/step_ms=189.538,                                    
                    profile/tokens_per_s=2.10e+04,                              
                    profile/fetch_frac=0.018, epoch=0,                          
                    lr/Muon=0.006, lr/AdamW=5.93e-04,                           
                    global_step=600                                             
[07:03:50] INFO     train/confidence_loss=0.249,                  trainer.py:584
                    train/confidence_abs_error=0.121,                           
                    train/confidence_pred_mean=0.208,                           
                    train/confidence_cumprod_bias=-0.023,                       
                    train/loss=0.258, train/ce_loss=0.616,                      
                    train/tv_loss=0.108, train/accept_rate=0.417,               
                    train/accept_len=2.748, train/full_acc=0.451,               
                    train/position_1_acc=0.786,                                 
                    train/position_2_acc=0.545,                                 
                    train/position_3_acc=0.486,                                 
                    train/position_4_acc=0.362,                                 
                    train/position_5_acc=0.351,                                 
                    train/position_6_acc=0.316,                                 
                    train/position_7_acc=0.307,                                 
                    profile/fetch_ms=85.197,                                    
                    profile/fwd_ms=93.932,                                      
                    profile/bwd_ms=124.065,                                     
                    profile/opt_ms=297.337,                                     
                    profile/step_ms=600.531,                                    
                    profile/tokens_per_s=6.66e+03,                              
                    profile/fetch_frac=0.142, epoch=0,                          
                    lr/Muon=0.006, lr/AdamW=5.93e-04,                           
                    global_step=620                                             
[07:04:05] INFO     train/confidence_loss=0.246,                  trainer.py:584
                    train/confidence_abs_error=0.135,                           
                    train/confidence_pred_mean=0.267,                           
                    train/confidence_cumprod_bias=0.029,                        
                    train/loss=0.269, train/ce_loss=0.684,                      
                    train/tv_loss=0.113, train/accept_rate=0.405,               
                    train/accept_len=2.625, train/full_acc=0.437,               
                    train/position_1_acc=0.742,                                 
                    train/position_2_acc=0.518,                                 
                    train/position_3_acc=0.435,                                 
                    train/position_4_acc=0.368,                                 
                    train/position_5_acc=0.324,                                 
                    train/position_6_acc=0.356,                                 
                    train/position_7_acc=0.310,                                 
                    profile/fetch_ms=84.456,                                    
                    profile/fwd_ms=95.270,                                      
                    profile/bwd_ms=102.728, profile/opt_ms=0.079,               
                    profile/step_ms=282.532,                                    
                    profile/tokens_per_s=1.40e+04,                              
                    profile/fetch_frac=0.299, epoch=0,                          
                    lr/Muon=0.006, lr/AdamW=5.93e-04,                           
                    global_step=640                                             
[07:04:25] INFO     train/confidence_loss=0.238,                  trainer.py:584
                    train/confidence_abs_error=0.112,                           
                    train/confidence_pred_mean=0.171,                           
                    train/confidence_cumprod_bias=-0.028,                       
                    train/loss=0.284, train/ce_loss=0.784,                      
                    train/tv_loss=0.123, train/accept_rate=0.362,               
                    train/accept_len=2.400, train/full_acc=0.384,               
                    train/position_1_acc=0.649,                                 
                    train/position_2_acc=0.444,                                 
                    train/position_3_acc=0.372,                                 
                    train/position_4_acc=0.351,                                 
                    train/position_5_acc=0.314,                                 
                    train/position_6_acc=0.286,                                 
                    train/position_7_acc=0.268,                                 
                    profile/fetch_ms=4.106,                                     
                    profile/fwd_ms=94.058,                                      
                    profile/bwd_ms=119.266, profile/opt_ms=6.061,               
                    profile/step_ms=223.491,                                    
                    profile/tokens_per_s=1.78e+04,                              
                    profile/fetch_frac=0.018, epoch=0,                          
                    lr/Muon=0.006, lr/AdamW=5.92e-04,                           
                    global_step=660                                             
[07:04:39] INFO     train/confidence_loss=0.254,                  trainer.py:584
                    train/confidence_abs_error=0.119,                           
                    train/confidence_pred_mean=0.185,                           
                    train/confidence_cumprod_bias=-0.029,                       
                    train/loss=0.269, train/ce_loss=0.647,                      
                    train/tv_loss=0.114, train/accept_rate=0.397,               
                    train/accept_len=2.554, train/full_acc=0.433,               
                    train/position_1_acc=0.752,                                 
                    train/position_2_acc=0.511,                                 
                    train/position_3_acc=0.403,                                 
                    train/position_4_acc=0.388,                                 
                    train/position_5_acc=0.350,                                 
                    train/position_6_acc=0.332,                                 
                    train/position_7_acc=0.288,                                 
                    profile/fetch_ms=67.556,                                    
                    profile/fwd_ms=370.512,                                     
                    profile/bwd_ms=92.698,                                      
                    profile/opt_ms=339.496,                                     
                    profile/step_ms=870.263,                                    
                    profile/tokens_per_s=4.46e+03,                              
                    profile/fetch_frac=0.078, epoch=0,                          
                    lr/Muon=0.006, lr/AdamW=5.92e-04,                           
                    global_step=680                                             
[07:04:54] INFO     train/confidence_loss=0.240,                  trainer.py:584
                    train/confidence_abs_error=0.134,                           
                    train/confidence_pred_mean=0.238,                           
                    train/confidence_cumprod_bias=0.018,                        
                    train/loss=0.289, train/ce_loss=0.825,                      
                    train/tv_loss=0.122, train/accept_rate=0.362,               
                    train/accept_len=2.427, train/full_acc=0.394,               
                    train/position_1_acc=0.710,                                 
                    train/position_2_acc=0.460,                                 
                    train/position_3_acc=0.361,                                 
                    train/position_4_acc=0.348,                                 
                    train/position_5_acc=0.313,                                 
                    train/position_6_acc=0.290,                                 
                    train/position_7_acc=0.272,                                 
                    profile/fetch_ms=60.774,                                    
                    profile/fwd_ms=93.654, profile/bwd_ms=90.531,               
                    profile/opt_ms=0.067,                                       
                    profile/step_ms=245.026,                                    
                    profile/tokens_per_s=1.65e+04,                              
                    profile/fetch_frac=0.248, epoch=0,                          
                    lr/Muon=0.006, lr/AdamW=5.91e-04,                           
                    global_step=700                                             
[07:05:09] INFO     train/confidence_loss=0.234,                  trainer.py:584
                    train/confidence_abs_error=0.128,                           
                    train/confidence_pred_mean=0.249,                           
                    train/confidence_cumprod_bias=-0.021,                       
                    train/loss=0.248, train/ce_loss=0.616,                      
                    train/tv_loss=0.103, train/accept_rate=0.443,               
                    train/accept_len=2.952, train/full_acc=0.477,               
                    train/position_1_acc=0.806,                                 
                    train/position_2_acc=0.593,                                 
                    train/position_3_acc=0.461,                                 
                    train/position_4_acc=0.410,                                 
                    train/position_5_acc=0.365,                                 
                    train/position_6_acc=0.363,                                 
                    train/position_7_acc=0.339,                                 
                    profile/fetch_ms=62.635,                                    
                    profile/fwd_ms=165.360,                                     
                    profile/bwd_ms=90.447, profile/opt_ms=0.085,                
                    profile/step_ms=318.526,                                    
                    profile/tokens_per_s=1.26e+04,                              
                    profile/fetch_frac=0.197, epoch=0,                          
                    lr/Muon=0.006, lr/AdamW=5.91e-04,                           
                    global_step=720                                             
[07:05:21] INFO     train/confidence_loss=0.254,                  trainer.py:584
                    train/confidence_abs_error=0.131,                           
                    train/confidence_pred_mean=0.212,                           
                    train/confidence_cumprod_bias=-0.043,                       
                    train/loss=0.250, train/ce_loss=0.575,                      
                    train/tv_loss=0.101, train/accept_rate=0.452,               
                    train/accept_len=2.848, train/full_acc=0.497,               
                    train/position_1_acc=0.789,                                 
                    train/position_2_acc=0.598,                                 
                    train/position_3_acc=0.487,                                 
                    train/position_4_acc=0.461,                                 
                    train/position_5_acc=0.415,                                 
                    train/position_6_acc=0.371,                                 
                    train/position_7_acc=0.356,                                 
                    profile/fetch_ms=68.226,                                    
                    profile/fwd_ms=103.358,                                     
                    profile/bwd_ms=92.332,                                      
                    profile/opt_ms=291.271,                                     
                    profile/step_ms=555.188,                                    
                    profile/tokens_per_s=6.08e+03,                              
                    profile/fetch_frac=0.123, epoch=0,                          
                    lr/Muon=0.006, lr/AdamW=5.91e-04,                           
                    global_step=740                                             
[07:05:37] INFO     train/confidence_loss=0.252,                  trainer.py:584
                    train/confidence_abs_error=0.137,                           
                    train/confidence_pred_mean=0.247,                           
                    train/confidence_cumprod_bias=0.017,                        
                    train/loss=0.272, train/ce_loss=0.681,                      
                    train/tv_loss=0.113, train/accept_rate=0.397,               
                    train/accept_len=2.551, train/full_acc=0.425,               
                    train/position_1_acc=0.752,                                 
                    train/position_2_acc=0.508,                                 
                    train/position_3_acc=0.401,                                 
                    train/position_4_acc=0.371,                                 
                    train/position_5_acc=0.353,                                 
                    train/position_6_acc=0.299,                                 
                    train/position_7_acc=0.286,                                 
                    profile/fetch_ms=91.680,                                    
                    profile/fwd_ms=93.603, profile/bwd_ms=88.193,               
                    profile/opt_ms=0.082,                                       
                    profile/step_ms=273.558,                                    
                    profile/tokens_per_s=1.43e+04,                              
                    profile/fetch_frac=0.335, epoch=0,                          
                    lr/Muon=0.006, lr/AdamW=5.90e-04,                           
                    global_step=760                                             
[07:05:52] INFO     train/confidence_loss=0.250,                  trainer.py:584
                    train/confidence_abs_error=0.140,                           
                    train/confidence_pred_mean=0.263,                           
                    train/confidence_cumprod_bias=0.042,                        
                    train/loss=0.287, train/ce_loss=0.775,                      
                    train/tv_loss=0.122, train/accept_rate=0.359,               
                    train/accept_len=2.461, train/full_acc=0.391,               
                    train/position_1_acc=0.715,                                 
                    train/position_2_acc=0.467,                                 
                    train/position_3_acc=0.382,                                 
                    train/position_4_acc=0.336,                                 
                    train/position_5_acc=0.286,                                 
                    train/position_6_acc=0.275,                                 
                    train/position_7_acc=0.273,                                 
                    profile/fetch_ms=70.598,                                    
                    profile/fwd_ms=131.044,                                     
                    profile/bwd_ms=85.054, profile/opt_ms=0.050,                
                    profile/step_ms=286.747,                                    
                    profile/tokens_per_s=1.36e+04,                              
                    profile/fetch_frac=0.246, epoch=0,                          
                    lr/Muon=0.006, lr/AdamW=5.90e-04,                           
                    global_step=780                                             
[07:06:04] INFO     train/confidence_loss=0.244,                  trainer.py:584
                    train/confidence_abs_error=0.130,                           
                    train/confidence_pred_mean=0.280,                           
                    train/confidence_cumprod_bias=0.037,                        
                    train/loss=0.255, train/ce_loss=0.625,                      
                    train/tv_loss=0.106, train/accept_rate=0.430,               
                    train/accept_len=2.808, train/full_acc=0.461,               
                    train/position_1_acc=0.767,                                 
                    train/position_2_acc=0.564,                                 
                    train/position_3_acc=0.451,                                 
                    train/position_4_acc=0.408,                                 
                    train/position_5_acc=0.366,                                 
                    train/position_6_acc=0.354,                                 
                    train/position_7_acc=0.316,                                 
                    profile/fetch_ms=73.607,                                    
                    profile/fwd_ms=116.637,                                     
                    profile/bwd_ms=101.845,                                     
                    profile/opt_ms=289.580,                                     
                    profile/step_ms=581.669,                                    
                    profile/tokens_per_s=6.91e+03,                              
                    profile/fetch_frac=0.127, epoch=0,                          
                    lr/Muon=0.006, lr/AdamW=5.89e-04,                           
                    global_step=800                                             
[07:06:22] INFO     train/confidence_loss=0.262,                  trainer.py:584
                    train/confidence_abs_error=0.123,                           
                    train/confidence_pred_mean=0.182,                           
                    train/confidence_cumprod_bias=-0.031,                       
                    train/loss=0.275, train/ce_loss=0.697,                      
                    train/tv_loss=0.113, train/accept_rate=0.399,               
                    train/accept_len=2.540, train/full_acc=0.435,               
                    train/position_1_acc=0.738,                                 
                    train/position_2_acc=0.528,                                 
                    train/position_3_acc=0.438,                                 
                    train/position_4_acc=0.373,                                 
                    train/position_5_acc=0.343,                                 
                    train/position_6_acc=0.320,                                 
                    train/position_7_acc=0.300,                                 
                    profile/fetch_ms=62.670,                                    
                    profile/fwd_ms=90.877,                                      
                    profile/bwd_ms=120.315, profile/opt_ms=0.095,               
                    profile/step_ms=273.957,                                    
                    profile/tokens_per_s=1.34e+04,                              
                    profile/fetch_frac=0.229, epoch=0,                          
                    lr/Muon=0.006, lr/AdamW=5.89e-04,                           
                    global_step=820                                             
[07:06:39] INFO     train/confidence_loss=0.248,                  trainer.py:584
                    train/confidence_abs_error=0.137,                           
                    train/confidence_pred_mean=0.272,                           
                    train/confidence_cumprod_bias=0.030,                        
                    train/loss=0.264, train/ce_loss=0.650,                      
                    train/tv_loss=0.111, train/accept_rate=0.406,               
                    train/accept_len=2.679, train/full_acc=0.440,               
                    train/position_1_acc=0.794,                                 
                    train/position_2_acc=0.521,                                 
                    train/position_3_acc=0.406,                                 
                    train/position_4_acc=0.359,                                 
                    train/position_5_acc=0.357,                                 
                    train/position_6_acc=0.339,                                 
                    train/position_7_acc=0.302,                                 
                    profile/fetch_ms=122.354,                                   
                    profile/fwd_ms=126.788,                                     
                    profile/bwd_ms=92.024, profile/opt_ms=0.057,                
                    profile/step_ms=341.223,                                    
                    profile/tokens_per_s=9.87e+03,                              
                    profile/fetch_frac=0.359, epoch=0,                          
                    lr/Muon=0.006, lr/AdamW=5.88e-04,                           
                    global_step=840                                             
[07:06:51] INFO     train/confidence_loss=0.236,                  trainer.py:584
                    train/confidence_abs_error=0.122,                           
                    train/confidence_pred_mean=0.257,                           
                    train/confidence_cumprod_bias=0.001,                        
                    train/loss=0.244, train/ce_loss=0.581,                      
                    train/tv_loss=0.101, train/accept_rate=0.451,               
                    train/accept_len=2.960, train/full_acc=0.482,               
                    train/position_1_acc=0.795,                                 
                    train/position_2_acc=0.607,                                 
                    train/position_3_acc=0.500,                                 
                    train/position_4_acc=0.425,                                 
                    train/position_5_acc=0.353,                                 
                    train/position_6_acc=0.349,                                 
                    train/position_7_acc=0.340,                                 
                    profile/fetch_ms=78.473,                                    
                    profile/fwd_ms=93.519,                                      
                    profile/bwd_ms=107.064,                                     
                    profile/opt_ms=315.688,                                     
                    profile/step_ms=594.744,                                    
                    profile/tokens_per_s=6.71e+03,                              
                    profile/fetch_frac=0.132, epoch=0,                          
                    lr/Muon=0.006, lr/AdamW=5.88e-04,                           
                    global_step=860                                             
[07:07:09] INFO     train/confidence_loss=0.242,                  trainer.py:584
                    train/confidence_abs_error=0.128,                           
                    train/confidence_pred_mean=0.269,                           
                    train/confidence_cumprod_bias=0.029,                        
                    train/loss=0.263, train/ce_loss=0.656,                      
                    train/tv_loss=0.109, train/accept_rate=0.414,               
                    train/accept_len=2.734, train/full_acc=0.440,               
                    train/position_1_acc=0.777,                                 
                    train/position_2_acc=0.534,                                 
                    train/position_3_acc=0.422,                                 
                    train/position_4_acc=0.376,                                 
                    train/position_5_acc=0.332,                                 
                    train/position_6_acc=0.333,                                 
                    train/position_7_acc=0.301,                                 
                    profile/fetch_ms=75.327,                                    
                    profile/fwd_ms=90.854, profile/bwd_ms=94.342,               
                    profile/opt_ms=0.075,                                       
                    profile/step_ms=260.598,                                    
                    profile/tokens_per_s=1.49e+04,                              
                    profile/fetch_frac=0.289, epoch=0,                          
                    lr/Muon=0.006, lr/AdamW=5.88e-04,                           
                    global_step=880                                             
[07:07:22] INFO     train/confidence_loss=0.238,                  trainer.py:584
                    train/confidence_abs_error=0.119,                           
                    train/confidence_pred_mean=0.198,                           
                    train/confidence_cumprod_bias=-0.026,                       
                    train/loss=0.272, train/ce_loss=0.725,                      
                    train/tv_loss=0.114, train/accept_rate=0.397,               
                    train/accept_len=2.558, train/full_acc=0.427,               
                    train/position_1_acc=0.725,                                 
                    train/position_2_acc=0.498,                                 
                    train/position_3_acc=0.443,                                 
                    train/position_4_acc=0.377,                                 
                    train/position_5_acc=0.336,                                 
                    train/position_6_acc=0.307,                                 
                    train/position_7_acc=0.302,                                 
                    profile/fetch_ms=49.697,                                    
                    profile/fwd_ms=95.852,                                      
                    profile/bwd_ms=110.588, profile/opt_ms=8.559,               
                    profile/step_ms=264.696,                                    
                    profile/tokens_per_s=1.41e+04,                              
                    profile/fetch_frac=0.188, epoch=0,                          
                    lr/Muon=0.006, lr/AdamW=5.87e-04,                           
                    global_step=900                                             
[07:07:34] INFO     train/confidence_loss=0.258,                  trainer.py:584
                    train/confidence_abs_error=0.123,                           
                    train/confidence_pred_mean=0.200,                           
                    train/confidence_cumprod_bias=-0.036,                       
                    train/loss=0.266, train/ce_loss=0.644,                      
                    train/tv_loss=0.109, train/accept_rate=0.413,               
                    train/accept_len=2.660, train/full_acc=0.440,               
                    train/position_1_acc=0.782,                                 
                    train/position_2_acc=0.521,                                 
                    train/position_3_acc=0.397,                                 
                    train/position_4_acc=0.381,                                 
                    train/position_5_acc=0.362,                                 
                    train/position_6_acc=0.336,                                 
                    train/position_7_acc=0.298,                                 
                    profile/fetch_ms=69.441,                                    
                    profile/fwd_ms=97.817, profile/bwd_ms=91.553,               
                    profile/opt_ms=329.476,                                     
                    profile/step_ms=588.287,                                    
                    profile/tokens_per_s=6.26e+03,                              
                    profile/fetch_frac=0.118, epoch=0,                          
                    lr/Muon=0.006, lr/AdamW=5.87e-04,                           
                    global_step=920                                             
[07:07:52] INFO     train/confidence_loss=0.247,                  trainer.py:584
                    train/confidence_abs_error=0.132,                           
                    train/confidence_pred_mean=0.276,                           
                    train/confidence_cumprod_bias=0.029,                        
                    train/loss=0.256, train/ce_loss=0.619,                      
                    train/tv_loss=0.106, train/accept_rate=0.431,               
                    train/accept_len=2.786, train/full_acc=0.461,               
                    train/position_1_acc=0.784,                                 
                    train/position_2_acc=0.544,                                 
                    train/position_3_acc=0.453,                                 
                    train/position_4_acc=0.408,                                 
                    train/position_5_acc=0.382,                                 
                    train/position_6_acc=0.317,                                 
                    train/position_7_acc=0.334,                                 
                    profile/fetch_ms=72.682,                                    
                    profile/fwd_ms=89.519, profile/bwd_ms=96.204,               
                    profile/opt_ms=0.100,                                       
                    profile/step_ms=258.505,                                    
                    profile/tokens_per_s=1.47e+04,                              
                    profile/fetch_frac=0.281, epoch=0,                          
                    lr/Muon=0.006, lr/AdamW=5.86e-04,                           
                    global_step=940                                             
[07:08:06] INFO     train/confidence_loss=0.248,                  trainer.py:584
                    train/confidence_abs_error=0.120,                           
                    train/confidence_pred_mean=0.191,                           
                    train/confidence_cumprod_bias=-0.043,                       
                    train/loss=0.266, train/ce_loss=0.659,                      
                    train/tv_loss=0.111, train/accept_rate=0.410,               
                    train/accept_len=2.719, train/full_acc=0.442,               
                    train/position_1_acc=0.756,                                 
                    train/position_2_acc=0.533,                                 
                    train/position_3_acc=0.437,                                 
                    train/position_4_acc=0.384,                                 
                    train/position_5_acc=0.335,                                 
                    train/position_6_acc=0.335,                                 
                    train/position_7_acc=0.308,                                 
                    profile/fetch_ms=51.555,                                    
                    profile/fwd_ms=95.559,                                      
                    profile/bwd_ms=106.853, profile/opt_ms=0.097,               
                    profile/step_ms=254.065,                                    
                    profile/tokens_per_s=1.56e+04,                              
                    profile/fetch_frac=0.203, epoch=0,                          
                    lr/Muon=0.006, lr/AdamW=5.86e-04,                           
                    global_step=960                                             
[07:08:19] INFO     train/confidence_loss=0.235,                  trainer.py:584
                    train/confidence_abs_error=0.130,                           
                    train/confidence_pred_mean=0.252,                           
                    train/confidence_cumprod_bias=-0.026,                       
                    train/loss=0.234, train/ce_loss=0.534,                      
                    train/tv_loss=0.095, train/accept_rate=0.477,               
                    train/accept_len=3.129, train/full_acc=0.514,               
                    train/position_1_acc=0.830,                                 
                    train/position_2_acc=0.632,                                 
                    train/position_3_acc=0.522,                                 
                    train/position_4_acc=0.435,                                 
                    train/position_5_acc=0.413,                                 
                    train/position_6_acc=0.399,                                 
                    train/position_7_acc=0.368,                                 
                    profile/fetch_ms=71.978,                                    
                    profile/fwd_ms=92.901, profile/bwd_ms=92.241,               
                    profile/opt_ms=278.737,                                     
                    profile/step_ms=535.857,                                    
                    profile/tokens_per_s=7.53e+03,                              
                    profile/fetch_frac=0.134, epoch=0,                          
                    lr/Muon=0.006, lr/AdamW=5.85e-04,                           
                    global_step=980                                             
[07:08:37] INFO     train/confidence_loss=0.239,                  trainer.py:584
                    train/confidence_abs_error=0.135,                           
                    train/confidence_pred_mean=0.290,                           
                    train/confidence_cumprod_bias=4.76e-05,                     
                    train/loss=0.225, train/ce_loss=0.491,                      
                    train/tv_loss=0.088, train/accept_rate=0.509,               
                    train/accept_len=3.214, train/full_acc=0.542,               
                    train/position_1_acc=0.875,                                 
                    train/position_2_acc=0.648,                                 
                    train/position_3_acc=0.532,                                 
                    train/position_4_acc=0.494,                                 
                    train/position_5_acc=0.464,                                 
                    train/position_6_acc=0.395,                                 
                    train/position_7_acc=0.379,                                 
                    profile/fetch_ms=76.310,                                    
                    profile/fwd_ms=114.455,                                     
                    profile/bwd_ms=91.523, profile/opt_ms=0.035,                
                    profile/step_ms=282.324,                                    
                    profile/tokens_per_s=1.43e+04,                              
                    profile/fetch_frac=0.270, epoch=0,                          
                    lr/Muon=0.006, lr/AdamW=5.85e-04,                           
                    global_step=1000                                            
[07:08:54] INFO     train/confidence_loss=0.237,                  trainer.py:584
                    train/confidence_abs_error=0.125,                           
                    train/confidence_pred_mean=0.214,                           
                    train/confidence_cumprod_bias=-0.022,                       
                    train/loss=0.261, train/ce_loss=0.669,                      
                    train/tv_loss=0.110, train/accept_rate=0.419,               
                    train/accept_len=2.696, train/full_acc=0.446,               
                    train/position_1_acc=0.761,                                 
                    train/position_2_acc=0.502,                                 
                    train/position_3_acc=0.445,                                 
                    train/position_4_acc=0.396,                                 
                    train/position_5_acc=0.384,                                 
                    train/position_6_acc=0.329,                                 
                    train/position_7_acc=0.306,                                 
                    profile/fetch_ms=72.171,                                    
                    profile/fwd_ms=112.967,                                     
                    profile/bwd_ms=84.954, profile/opt_ms=0.039,                
                    profile/step_ms=270.131,                                    
                    profile/tokens_per_s=1.22e+04,                              
                    profile/fetch_frac=0.267, epoch=0,                          
                    lr/Muon=0.006, lr/AdamW=5.85e-04,                           
                    global_step=1020                                            
[07:09:04] INFO     train/confidence_loss=0.230,                  trainer.py:584
                    train/confidence_abs_error=0.127,                           
                    train/confidence_pred_mean=0.278,                           
                    train/confidence_cumprod_bias=-0.042,                       
                    train/loss=0.211, train/ce_loss=0.438,                      
                    train/tv_loss=0.082, train/accept_rate=0.538,               
                    train/accept_len=3.471, train/full_acc=0.568,               
                    train/position_1_acc=0.862,                                 
                    train/position_2_acc=0.702,                                 
                    train/position_3_acc=0.589,                                 
                    train/position_4_acc=0.525,                                 
                    train/position_5_acc=0.461,                                 
                    train/position_6_acc=0.420,                                 
                    train/position_7_acc=0.413,                                 
                    profile/fetch_ms=71.094,                                    
                    profile/fwd_ms=122.899,                                     
                    profile/bwd_ms=109.373,                                     
                    profile/opt_ms=320.516,                                     
                    profile/step_ms=623.882,                                    
                    profile/tokens_per_s=5.93e+03,                              
                    profile/fetch_frac=0.114, epoch=0,                          
                    lr/Muon=0.006, lr/AdamW=5.84e-04,                           
                    global_step=1040                                            
[07:09:23] INFO     train/confidence_loss=0.260,                  trainer.py:584
                    train/confidence_abs_error=0.136,                           
                    train/confidence_pred_mean=0.259,                           
                    train/confidence_cumprod_bias=-0.018,                       
                    train/loss=0.236, train/ce_loss=0.506,                      
                    train/tv_loss=0.091, train/accept_rate=0.503,               
                    train/accept_len=3.097, train/full_acc=0.538,               
                    train/position_1_acc=0.826,                                 
                    train/position_2_acc=0.644,                                 
                    train/position_3_acc=0.525,                                 
                    train/position_4_acc=0.466,                                 
                    train/position_5_acc=0.432,                                 
                    train/position_6_acc=0.444,                                 
                    train/position_7_acc=0.423,                                 
                    profile/fetch_ms=76.244,                                    
                    profile/fwd_ms=134.271,                                     
                    profile/bwd_ms=98.500, profile/opt_ms=0.028,                
                    profile/step_ms=309.043,                                    
                    profile/tokens_per_s=1.24e+04,                              
                    profile/fetch_frac=0.247, epoch=0,                          
                    lr/Muon=0.006, lr/AdamW=5.84e-04,                           
                    global_step=1060                                            
[07:09:39] INFO     train/confidence_loss=0.242,                  trainer.py:584
                    train/confidence_abs_error=0.133,                           
                    train/confidence_pred_mean=0.304,                           
                    train/confidence_cumprod_bias=0.043,                        
                    train/loss=0.245, train/ce_loss=0.588,                      
                    train/tv_loss=0.098, train/accept_rate=0.470,               
                    train/accept_len=2.961, train/full_acc=0.505,               
                    train/position_1_acc=0.791,                                 
                    train/position_2_acc=0.591,                                 
                    train/position_3_acc=0.500,                                 
                    train/position_4_acc=0.465,                                 
                    train/position_5_acc=0.412,                                 
                    train/position_6_acc=0.375,                                 
                    train/position_7_acc=0.396,                                 
                    profile/fetch_ms=203.987,                                   
                    profile/fwd_ms=97.866,                                      
                    profile/bwd_ms=122.022, profile/opt_ms=0.079,               
                    profile/step_ms=423.954,                                    
                    profile/tokens_per_s=9.25e+03,                              
                    profile/fetch_frac=0.481, epoch=0,                          
                    lr/Muon=0.006, lr/AdamW=5.83e-04,                           
                    global_step=1080                                            
[07:09:51] INFO     train/confidence_loss=0.250,                  trainer.py:584
                    train/confidence_abs_error=0.133,                           
                    train/confidence_pred_mean=0.274,                           
                    train/confidence_cumprod_bias=0.028,                        
                    train/loss=0.259, train/ce_loss=0.622,                      
                    train/tv_loss=0.107, train/accept_rate=0.430,               
                    train/accept_len=2.707, train/full_acc=0.461,               
                    train/position_1_acc=0.770,                                 
                    train/position_2_acc=0.529,                                 
                    train/position_3_acc=0.466,                                 
                    train/position_4_acc=0.407,                                 
                    train/position_5_acc=0.362,                                 
                    train/position_6_acc=0.360,                                 
                    train/position_7_acc=0.329,                                 
                    profile/fetch_ms=72.118,                                    
                    profile/fwd_ms=89.151, profile/bwd_ms=94.799,               
                    profile/opt_ms=249.297,                                     
                    profile/step_ms=505.364,                                    
                    profile/tokens_per_s=8.03e+03,                              
                    profile/fetch_frac=0.143, epoch=0,                          
                    lr/Muon=0.006, lr/AdamW=5.83e-04,                           
                    global_step=1100                                            
[07:10:10] INFO     train/confidence_loss=0.252,                  trainer.py:584
                    train/confidence_abs_error=0.122,                           
                    train/confidence_pred_mean=0.205,                           
                    train/confidence_cumprod_bias=-0.038,                       
                    train/loss=0.259, train/ce_loss=0.637,                      
                    train/tv_loss=0.106, train/accept_rate=0.437,               
                    train/accept_len=2.795, train/full_acc=0.467,               
                    train/position_1_acc=0.763,                                 
                    train/position_2_acc=0.556,                                 
                    train/position_3_acc=0.487,                                 
                    train/position_4_acc=0.398,                                 
                    train/position_5_acc=0.383,                                 
                    train/position_6_acc=0.347,                                 
                    train/position_7_acc=0.330,                                 
                    profile/fetch_ms=78.320,                                    
                    profile/fwd_ms=90.514, profile/bwd_ms=91.178,               
                    profile/opt_ms=0.042,                                       
                    profile/step_ms=260.054,                                    
                    profile/tokens_per_s=1.51e+04,                              
                    profile/fetch_frac=0.301, epoch=0,                          
                    lr/Muon=0.006, lr/AdamW=5.83e-04,                           
                    global_step=1120                                            
[07:10:20] INFO     train/confidence_loss=0.252,                  trainer.py:584
                    train/confidence_abs_error=0.139,                           
                    train/confidence_pred_mean=0.292,                           
                    train/confidence_cumprod_bias=0.035,                        
                    train/loss=0.256, train/ce_loss=0.619,                      
                    train/tv_loss=0.105, train/accept_rate=0.436,               
                    train/accept_len=2.827, train/full_acc=0.469,               
                    train/position_1_acc=0.760,                                 
                    train/position_2_acc=0.584,                                 
                    train/position_3_acc=0.461,                                 
                    train/position_4_acc=0.414,                                 
                    train/position_5_acc=0.373,                                 
                    train/position_6_acc=0.344,                                 
                    train/position_7_acc=0.343,                                 
                    profile/fetch_ms=74.407,                                    
                    profile/fwd_ms=104.035,                                     
                    profile/bwd_ms=86.492, profile/opt_ms=0.040,                
                    profile/step_ms=264.974,                                    
                    profile/tokens_per_s=1.53e+04,                              
                    profile/fetch_frac=0.281, epoch=0,                          
                    lr/Muon=0.006, lr/AdamW=5.82e-04,                           
                    global_step=1140                                            
[07:10:34] INFO     train/confidence_loss=0.250,                  trainer.py:584
                    train/confidence_abs_error=0.132,                           
                    train/confidence_pred_mean=0.286,                           
                    train/confidence_cumprod_bias=0.014,                        
                    train/loss=0.242, train/ce_loss=0.537,                      
                    train/tv_loss=0.099, train/accept_rate=0.463,               
                    train/accept_len=2.935, train/full_acc=0.502,               
                    train/position_1_acc=0.818,                                 
                    train/position_2_acc=0.614,                                 
                    train/position_3_acc=0.481,                                 
                    train/position_4_acc=0.458,                                 
                    train/position_5_acc=0.419,                                 
                    train/position_6_acc=0.373,                                 
                    train/position_7_acc=0.346,                                 
                    profile/fetch_ms=73.963,                                    
                    profile/fwd_ms=88.680, profile/bwd_ms=94.114,               
                    profile/opt_ms=228.091,                                     
                    profile/step_ms=484.848,                                    
                    profile/tokens_per_s=7.93e+03,                              
                    profile/fetch_frac=0.153, epoch=0,                          
                    lr/Muon=0.006, lr/AdamW=5.82e-04,                           
                    global_step=1160                                            
[07:10:53] INFO     train/confidence_loss=0.240,                  trainer.py:584
                    train/confidence_abs_error=0.125,                           
                    train/confidence_pred_mean=0.247,                           
                    train/confidence_cumprod_bias=-0.028,                       
                    train/loss=0.239, train/ce_loss=0.559,                      
                    train/tv_loss=0.098, train/accept_rate=0.475,               
                    train/accept_len=3.020, train/full_acc=0.507,               
                    train/position_1_acc=0.789,                                 
                    train/position_2_acc=0.603,                                 
                    train/position_3_acc=0.485,                                 
                    train/position_4_acc=0.449,                                 
                    train/position_5_acc=0.428,                                 
                    train/position_6_acc=0.411,                                 
                    train/position_7_acc=0.379,                                 
                    profile/fetch_ms=72.886,                                    
                    profile/fwd_ms=105.712,                                     
                    profile/bwd_ms=104.331, profile/opt_ms=5.186,               
                    profile/step_ms=288.115,                                    
                    profile/tokens_per_s=1.36e+04,                              
                    profile/fetch_frac=0.253, epoch=0,                          
                    lr/Muon=0.006, lr/AdamW=5.81e-04,                           
                    global_step=1180                                            
[07:11:06] INFO     DL_MAX_STEPS=1200 reached (local_step=1201);  trainer.py:484
                    stopping epoch early.                                       
Epoch 0   4% ╸                      1,200/28,909  [ 0:15:25 < 5:05:33 , 2 it/s ]
           INFO     Training epoch 1/1 completed                  trainer.py:736
           INFO     DL_MAX_STEPS reached — exiting after this     trainer.py:739
                    epoch (skipping checkpoint/validation).                     
[07:11:08] INFO     Destroyed distributed process group       distributed.py:182
[07:11:08] INFO     Destroyed distributed process group       distributed.py:182
[07:11:09] INFO     Destroyed distributed process group       distributed.py:182
[07:11:09] INFO     Destroyed distributed process group       distributed.py:182
