/usr/local/python3.12.13/lib/python3.12/site-packages/transformers/loss/loss_for_object_detection.py:27: UserWarning: A NumPy version >=1.22.4 and <2.3.0 is required for this version of SciPy (detected version 2.4.6)
  from scipy.optimize import linear_sum_assignment
/usr/local/python3.12.13/lib/python3.12/site-packages/transformers/loss/loss_for_object_detection.py:27: UserWarning: A NumPy version >=1.22.4 and <2.3.0 is required for this version of SciPy (detected version 2.4.6)
  from scipy.optimize import linear_sum_assignment
/usr/local/python3.12.13/lib/python3.12/site-packages/transformers/loss/loss_for_object_detection.py:27: UserWarning: A NumPy version >=1.22.4 and <2.3.0 is required for this version of SciPy (detected version 2.4.6)
  from scipy.optimize import linear_sum_assignment
/usr/local/python3.12.13/lib/python3.12/site-packages/transformers/loss/loss_for_object_detection.py:27: UserWarning: A NumPy version >=1.22.4 and <2.3.0 is required for this version of SciPy (detected version 2.4.6)
  from scipy.optimize import linear_sum_assignment
[timeout] aclrtSetOpExecuteTimeOut(0) rc=0
[timeout] aclrtSetOpExecuteTimeOut(0) rc=0
[timeout] aclrtSetOpExecuteTimeOut(0) rc=0
           INFO     get env TERM = xterm                      patch_getenv.py:15
[07:15:24] INFO     get env LOCAL_RANK = 0                    patch_getenv.py:15
[timeout] aclrtSetOpExecuteTimeOut(0) rc=0
[07:15:24] INFO     Started distributed with local_rank=2,    distributed.py:165
                    dp_size=4, sp_size=1                                        
[07:15:25] INFO     Started distributed with local_rank=1,    distributed.py:165
                    dp_size=4, sp_size=1                                        
[07:15:25] INFO     get env WORLD_SIZE = 4                    patch_getenv.py:15
           INFO     get env MASTER_ADDR =                     patch_getenv.py:15
                    localhost.localdomain                                       
           INFO     get env MASTER_PORT = 41089               patch_getenv.py:15
           INFO     get env TORCHELASTIC_USE_AGENT_STORE =    patch_getenv.py:15
                    True                                                        
           INFO     Started distributed with local_rank=0,    distributed.py:165
                    dp_size=4, sp_size=1                                        
           INFO     get env PATH =                            patch_getenv.py:15
                    /usr/local/Ascend/nnal/atb/latest/atb/cxx                   
                    _abi_1/bin:/usr/local/Ascend/cann-9.0.0/t                   
                    ools/bishengir/bin:/usr/local/Ascend/cann                   
                    -9.0.0/bin:/usr/local/Ascend/cann-9.0.0/t                   
                    ools/ccec_compiler/bin:/usr/local/Ascend/                   
                    cann-9.0.0/tools/profiler/bin:/usr/local/                   
                    Ascend/cann-9.0.0/tools/ascend_system_adv                   
                    isor/asys:/usr/local/Ascend/cann-9.0.0/to                   
                    ols/show_kernel_debug_data:/usr/local/Asc                   
                    end/cann-9.0.0/tools/msobjdump:/home/y500                   
                    63564/node_modules/.bin:/usr/local/Ascend                   
                    /nnal/atb/latest/atb/cxx_abi_1/bin:/usr/l                   
                    ocal/Ascend/nnal/atb/latest/atb/cxx_abi_1                   
                    /bin:/usr/local/Ascend/ascend-toolkit/lat                   
                    est/bin:/usr/local/Ascend/ascend-toolkit/                   
                    latest/compiler/ccec_compiler/bin:/usr/lo                   
                    cal/Ascend/ascend-toolkit/latest/tools/cc                   
                    ec_compiler/bin:/usr/local/python3.12.13/                   
                    bin:/usr/local/sbin:/usr/local/bin:/usr/s                   
                    bin:/usr/bin:/sbin:/bin:/usr/local/go/bin                   
           INFO     Loading vocab mappings from                     train.py:236
                    '/home/y50063564/data/open_perfectblend_qwen3_4             
                    b_700k/d2t.npy' and                                         
                    '/home/y50063564/data/open_perfectblend_qwen3_4             
                    b_700k/t2d.npy'                                             
           INFO     All 5 draft layers using sliding window         train.py:396
                    attention (window=2048). To use full attention              
                    on specific layers, pass                                    
                    '--full-attention-indices <layer_ids>'.                     
[07:15:25] INFO     Started distributed with local_rank=3,    distributed.py:165
                    dp_size=4, sp_size=1                                        
           WARNING  Added <|MASK|> to tokenizer,                     utils.py:49
                    mask_token_id=151669 (tokenizer len=151670,                 
                    vocab_size=151936)                                          
2026-09-11 07:15:39.323 | INFO     | speculators.utils.loading:_resolve_file:136 - Loading from local directory: /home/y50063564/Qwen3-4B
2026-09-11 07:15:39.324 | WARNING  | speculators.utils.loading:load_model_layers:104 - Tensor 'lm_head.weight' not found in weight_map.
2026-09-11 07:15:39.324 | INFO     | speculators.utils.loading:_resolve_file:136 - Loading from local directory: /home/y50063564/Qwen3-4B
2026-09-11 07:15:39.325 | INFO     | speculators.utils.loading:_resolve_file:136 - Loading from local directory: /home/y50063564/Qwen3-4B
2026-09-11 07:15:39.367 | INFO     | speculators.utils.loading:_resolve_file:136 - Loading from local directory: /home/y50063564/Qwen3-4B
2026-09-11 07:15:39.368 | WARNING  | speculators.utils.loading:load_model_layers:104 - Tensor 'lm_head.weight' not found in weight_map.
2026-09-11 07:15:39.368 | INFO     | speculators.utils.loading:_resolve_file:136 - Loading from local directory: /home/y50063564/Qwen3-4B
2026-09-11 07:15:39.371 | INFO     | speculators.utils.loading:_resolve_file:136 - Loading from local directory: /home/y50063564/Qwen3-4B
2026-09-11 07:15:39.438 | INFO     | speculators.utils.loading:_resolve_file:136 - Loading from local directory: /home/y50063564/Qwen3-4B
2026-09-11 07:15:39.439 | WARNING  | speculators.utils.loading:load_model_layers:104 - Tensor 'lm_head.weight' not found in weight_map.
2026-09-11 07:15:39.439 | INFO     | speculators.utils.loading:_resolve_file:136 - Loading from local directory: /home/y50063564/Qwen3-4B
2026-09-11 07:15:39.440 | INFO     | speculators.utils.loading:_resolve_file:136 - Loading from local directory: /home/y50063564/Qwen3-4B
2026-09-11 07:15:39.810 | INFO     | speculators.utils.loading:_resolve_file:136 - Loading from local directory: /home/y50063564/Qwen3-4B
2026-09-11 07:15:39.810 | WARNING  | speculators.utils.loading:load_model_layers:104 - Tensor 'lm_head.weight' not found in weight_map.
2026-09-11 07:15:39.811 | INFO     | speculators.utils.loading:_resolve_file:136 - Loading from local directory: /home/y50063564/Qwen3-4B
2026-09-11 07:15:39.813 | INFO     | speculators.utils.loading:_resolve_file:136 - Loading from local directory: /home/y50063564/Qwen3-4B
[07:15:53] INFO     get env SAMP_SEED = 42                    patch_getenv.py:15
           INFO     get env DL_IN_ORDER = 1                   patch_getenv.py:15
           INFO     No previous training checkpoint found in      trainer.py:299
                    '/home/y50063564/dataloader_diag/exp/E4C_w8_t               
                    ok16384/checkpoints'. Starting fresh training               
                    run.                                                        
[07:15:59] INFO     Muon optimizer: 39 2D params via Muon, 23   optimizers.py:76
                    params via AdamW.                                           
           INFO     get env SAMP_BALANCE = off                patch_getenv.py:15
[timeout] aclrtSetOpExecuteTimeOut(0) rc=0
[timeout] aclrtSetOpExecuteTimeOut(0) rc=0
[07:16:03] INFO     Training epoch 1/1 started                    trainer.py:734
[timeout] aclrtSetOpExecuteTimeOut(0) rc=0
[timeout] aclrtSetOpExecuteTimeOut(0) rc=0
/usr/local/python3.12.13/lib/python3.12/site-packages/torch/_dynamo/_trace_wrapped_higher_order_op.py:147: UserWarning: Cannot create tensor with interal format while allow_internel_format=False, tensor will be created with base format. (Triggered internally at ../torch_npu/csrc/aten/common/TensorFactories.cpp:340.)
  return func(*args, **(kwargs or {}))
/usr/local/python3.12.13/lib/python3.12/site-packages/torch/_dynamo/_trace_wrapped_higher_order_op.py:147: UserWarning: Cannot create tensor with interal format while allow_internel_format=False, tensor will be created with base format. (Triggered internally at ../torch_npu/csrc/aten/common/TensorFactories.cpp:340.)
  return func(*args, **(kwargs or {}))
/usr/local/python3.12.13/lib/python3.12/site-packages/torch/_dynamo/_trace_wrapped_higher_order_op.py:147: UserWarning: Cannot create tensor with interal format while allow_internel_format=False, tensor will be created with base format. (Triggered internally at ../torch_npu/csrc/aten/common/TensorFactories.cpp:340.)
  return func(*args, **(kwargs or {}))
/usr/local/python3.12.13/lib/python3.12/site-packages/torch/_dynamo/_trace_wrapped_higher_order_op.py:147: UserWarning: Cannot create tensor with interal format while allow_internel_format=False, tensor will be created with base format. (Triggered internally at ../torch_npu/csrc/aten/common/TensorFactories.cpp:340.)
  return func(*args, **(kwargs or {}))
[07:16:13] INFO     train/confidence_loss=0.457,                  trainer.py:584
                    train/confidence_abs_error=0.325,                           
                    train/confidence_pred_mean=0.326,                           
                    train/confidence_cumprod_bias=0.192,                        
                    train/loss=0.613, train/ce_loss=2.362,                      
                    train/tv_loss=0.214,                                        
                    train/accept_rate=3.34e-04,                                 
                    train/accept_len=1.000,                                     
                    train/full_acc=0.00e+00,                                    
                    train/position_1_acc=0.00e+00,                              
                    train/position_2_acc=0.00e+00,                              
                    train/position_3_acc=0.00e+00,                              
                    train/position_4_acc=0.00e+00,                              
                    train/position_5_acc=0.00e+00,                              
                    train/position_6_acc=0.00e+00,                              
                    train/position_7_acc=0.00e+00,                              
                    profile/fetch_ms=8.61e+03,                                  
                    profile/fwd_ms=1.16e+03,                                    
                    profile/bwd_ms=294.606, profile/opt_ms=0.181,               
                    profile/step_ms=1.01e+04,                                   
                    profile/tokens_per_s=406.399,                               
                    profile/fetch_frac=0.855, epoch=0,                          
                    lr/Muon=0.00e+00, lr/AdamW=0.00e+00,                        
                    global_step=0                                               
[07:16:27] INFO     train/confidence_loss=0.059,                  trainer.py:584
                    train/confidence_abs_error=0.058,                           
                    train/confidence_pred_mean=0.059,                           
                    train/confidence_cumprod_bias=0.017,                        
                    train/loss=0.444, train/ce_loss=2.275,                      
                    train/tv_loss=0.214,                                        
                    train/accept_rate=3.92e-04,                                 
                    train/accept_len=1.000,                                     
                    train/full_acc=0.00e+00,                                    
                    train/position_1_acc=0.00e+00,                              
                    train/position_2_acc=0.00e+00,                              
                    train/position_3_acc=0.00e+00,                              
                    train/position_4_acc=0.00e+00,                              
                    train/position_5_acc=0.00e+00,                              
                    train/position_6_acc=0.00e+00,                              
                    train/position_7_acc=0.00e+00,                              
                    profile/fetch_ms=65.315,                                    
                    profile/fwd_ms=97.917, profile/bwd_ms=87.369,               
                    profile/opt_ms=247.553,                                     
                    profile/step_ms=498.153,                                    
                    profile/tokens_per_s=7.75e+03,                              
                    profile/fetch_frac=0.131, epoch=0,                          
                    lr/Muon=4.37e-04, lr/AdamW=4.37e-05,                        
                    global_step=20                                              
[07:16:43] INFO     train/confidence_loss=0.172,                  trainer.py:584
                    train/confidence_abs_error=0.025,                           
                    train/confidence_pred_mean=4.73e-04,                        
                    train/confidence_cumprod_bias=-0.007,                       
                    train/loss=0.412, train/ce_loss=1.594,                      
                    train/tv_loss=0.205, train/accept_rate=0.044,               
                    train/accept_len=1.049, train/full_acc=0.084,               
                    train/position_1_acc=0.080,                                 
                    train/position_2_acc=0.089,                                 
                    train/position_3_acc=0.082,                                 
                    train/position_4_acc=0.077,                                 
                    train/position_5_acc=0.085,                                 
                    train/position_6_acc=0.089,                                 
                    train/position_7_acc=0.085,                                 
                    profile/fetch_ms=70.080,                                    
                    profile/fwd_ms=124.530,                                     
                    profile/bwd_ms=89.783, profile/opt_ms=0.054,                
                    profile/step_ms=284.447,                                    
                    profile/tokens_per_s=1.27e+04,                              
                    profile/fetch_frac=0.246, epoch=0,                          
                    lr/Muon=8.12e-04, lr/AdamW=8.12e-05,                        
                    global_step=40                                              
[07:17:01] INFO     train/confidence_loss=0.127,                  trainer.py:584
                    train/confidence_abs_error=0.041,                           
                    train/confidence_pred_mean=0.024,                           
                    train/confidence_cumprod_bias=-0.004,                       
                    train/loss=0.366, train/ce_loss=1.356,                      
                    train/tv_loss=0.200, train/accept_rate=0.064,               
                    train/accept_len=1.071, train/full_acc=0.114,               
                    train/position_1_acc=0.101,                                 
                    train/position_2_acc=0.138,                                 
                    train/position_3_acc=0.109,                                 
                    train/position_4_acc=0.115,                                 
                    train/position_5_acc=0.103,                                 
                    train/position_6_acc=0.117,                                 
                    train/position_7_acc=0.119,                                 
                    profile/fetch_ms=3.304,                                     
                    profile/fwd_ms=91.763, profile/bwd_ms=97.959,               
                    profile/opt_ms=0.109,                                       
                    profile/step_ms=193.135,                                    
                    profile/tokens_per_s=2.02e+04,                              
                    profile/fetch_frac=0.017, epoch=0,                          
                    lr/Muon=0.001, lr/AdamW=1.25e-04,                           
                    global_step=60                                              
[07:17:15] INFO     train/confidence_loss=0.145,                  trainer.py:584
                    train/confidence_abs_error=0.042,                           
                    train/confidence_pred_mean=0.014,                           
                    train/confidence_cumprod_bias=-0.010,                       
                    train/loss=0.381, train/ce_loss=1.444,                      
                    train/tv_loss=0.199, train/accept_rate=0.070,               
                    train/accept_len=1.092, train/full_acc=0.097,               
                    train/position_1_acc=0.106,                                 
                    train/position_2_acc=0.086,                                 
                    train/position_3_acc=0.095,                                 
                    train/position_4_acc=0.083,                                 
                    train/position_5_acc=0.107,                                 
                    train/position_6_acc=0.101,                                 
                    train/position_7_acc=0.101,                                 
                    profile/fetch_ms=69.871,                                    
                    profile/fwd_ms=248.967,                                     
                    profile/bwd_ms=90.197,                                      
                    profile/opt_ms=278.795,                                     
                    profile/step_ms=687.830,                                    
                    profile/tokens_per_s=5.68e+03,                              
                    profile/fetch_frac=0.102, epoch=0,                          
                    lr/Muon=0.002, lr/AdamW=1.69e-04,                           
                    global_step=80                                              
[07:17:35] INFO     train/confidence_loss=0.191,                  trainer.py:584
                    train/confidence_abs_error=0.115,                           
                    train/confidence_pred_mean=0.115,                           
                    train/confidence_cumprod_bias=0.015,                        
                    train/loss=0.380, train/ce_loss=1.344,                      
                    train/tv_loss=0.187, train/accept_rate=0.123,               
                    train/accept_len=1.219, train/full_acc=0.148,               
                    train/position_1_acc=0.155,                                 
                    train/position_2_acc=0.156,                                 
                    train/position_3_acc=0.145,                                 
                    train/position_4_acc=0.149,                                 
                    train/position_5_acc=0.140,                                 
                    train/position_6_acc=0.134,                                 
                    train/position_7_acc=0.156,                                 
                    profile/fetch_ms=68.552,                                    
                    profile/fwd_ms=92.401,                                      
                    profile/bwd_ms=110.500, profile/opt_ms=0.133,               
                    profile/step_ms=271.586,                                    
                    profile/tokens_per_s=1.49e+04,                              
                    profile/fetch_frac=0.252, epoch=0,                          
                    lr/Muon=0.002, lr/AdamW=2.06e-04,                           
                    global_step=100                                             
[07:17:47] INFO     train/confidence_loss=0.242,                  trainer.py:584
                    train/confidence_abs_error=0.090,                           
                    train/confidence_pred_mean=0.039,                           
                    train/confidence_cumprod_bias=-0.028,                       
                    train/loss=0.386, train/ce_loss=1.300,                      
                    train/tv_loss=0.179, train/accept_rate=0.160,               
                    train/accept_len=1.278, train/full_acc=0.192,               
                    train/position_1_acc=0.204,                                 
                    train/position_2_acc=0.197,                                 
                    train/position_3_acc=0.190,                                 
                    train/position_4_acc=0.197,                                 
                    train/position_5_acc=0.197,                                 
                    train/position_6_acc=0.179,                                 
                    train/position_7_acc=0.182,                                 
                    profile/fetch_ms=5.155,                                     
                    profile/fwd_ms=95.897, profile/bwd_ms=90.948,               
                    profile/opt_ms=0.080,                                       
                    profile/step_ms=192.079,                                    
                    profile/tokens_per_s=2.12e+04,                              
                    profile/fetch_frac=0.027, epoch=0,                          
                    lr/Muon=0.002, lr/AdamW=2.50e-04,                           
                    global_step=120                                             
[07:18:07] INFO     train/confidence_loss=0.242,                  trainer.py:584
                    train/confidence_abs_error=0.096,                           
                    train/confidence_pred_mean=0.050,                           
                    train/confidence_cumprod_bias=-0.033,                       
                    train/loss=0.381, train/ce_loss=1.275,                      
                    train/tv_loss=0.173, train/accept_rate=0.183,               
                    train/accept_len=1.357, train/full_acc=0.224,               
                    train/position_1_acc=0.249,                                 
                    train/position_2_acc=0.218,                                 
                    train/position_3_acc=0.238,                                 
                    train/position_4_acc=0.200,                                 
                    train/position_5_acc=0.211,                                 
                    train/position_6_acc=0.234,                                 
                    train/position_7_acc=0.219,                                 
                    profile/fetch_ms=83.595,                                    
                    profile/fwd_ms=95.028, profile/bwd_ms=91.983,               
                    profile/opt_ms=258.660,                                     
                    profile/step_ms=529.265,                                    
                    profile/tokens_per_s=7.39e+03,                              
                    profile/fetch_frac=0.158, epoch=0,                          
                    lr/Muon=0.003, lr/AdamW=2.94e-04,                           
                    global_step=140                                             
[07:18:20] INFO     train/confidence_loss=0.249,                  trainer.py:584
                    train/confidence_abs_error=0.146,                           
                    train/confidence_pred_mean=0.179,                           
                    train/confidence_cumprod_bias=0.024,                        
                    train/loss=0.366, train/ce_loss=1.156,                      
                    train/tv_loss=0.168, train/accept_rate=0.212,               
                    train/accept_len=1.393, train/full_acc=0.246,               
                    train/position_1_acc=0.256,                                 
                    train/position_2_acc=0.255,                                 
                    train/position_3_acc=0.246,                                 
                    train/position_4_acc=0.254,                                 
                    train/position_5_acc=0.248,                                 
                    train/position_6_acc=0.234,                                 
                    train/position_7_acc=0.230,                                 
                    profile/fetch_ms=69.792,                                    
                    profile/fwd_ms=89.317, profile/bwd_ms=96.307,               
                    profile/opt_ms=0.041,                                       
                    profile/step_ms=255.456,                                    
                    profile/tokens_per_s=1.55e+04,                              
                    profile/fetch_frac=0.273, epoch=0,                          
                    lr/Muon=0.003, lr/AdamW=3.31e-04,                           
                    global_step=160                                             
[07:18:37] INFO     train/confidence_loss=0.236,                  trainer.py:584
                    train/confidence_abs_error=0.108,                           
                    train/confidence_pred_mean=0.091,                           
                    train/confidence_cumprod_bias=-0.032,                       
                    train/loss=0.359, train/ce_loss=1.163,                      
                    train/tv_loss=0.166, train/accept_rate=0.209,               
                    train/accept_len=1.533, train/full_acc=0.246,               
                    train/position_1_acc=0.319,                                 
                    train/position_2_acc=0.268,                                 
                    train/position_3_acc=0.246,                                 
                    train/position_4_acc=0.227,                                 
                    train/position_5_acc=0.217,                                 
                    train/position_6_acc=0.218,                                 
                    train/position_7_acc=0.223,                                 
                    profile/fetch_ms=3.450,                                     
                    profile/fwd_ms=89.530, profile/bwd_ms=92.397,               
                    profile/opt_ms=0.153,                                       
                    profile/step_ms=185.530,                                    
                    profile/tokens_per_s=1.79e+04,                              
                    profile/fetch_frac=0.019, epoch=0,                          
                    lr/Muon=0.004, lr/AdamW=3.75e-04,                           
                    global_step=180                                             
[07:18:51] INFO     train/confidence_loss=0.248,                  trainer.py:584
                    train/confidence_abs_error=0.106,                           
                    train/confidence_pred_mean=0.104,                           
                    train/confidence_cumprod_bias=-0.029,                       
                    train/loss=0.353, train/ce_loss=1.094,                      
                    train/tv_loss=0.161, train/accept_rate=0.219,               
                    train/accept_len=1.618, train/full_acc=0.264,               
                    train/position_1_acc=0.379,                                 
                    train/position_2_acc=0.325,                                 
                    train/position_3_acc=0.243,                                 
                    train/position_4_acc=0.233,                                 
                    train/position_5_acc=0.224,                                 
                    train/position_6_acc=0.214,                                 
                    train/position_7_acc=0.230,                                 
                    profile/fetch_ms=66.351,                                    
                    profile/fwd_ms=94.611, profile/bwd_ms=89.065,               
                    profile/opt_ms=252.334,                                     
                    profile/step_ms=502.361,                                    
                    profile/tokens_per_s=7.41e+03,                              
                    profile/fetch_frac=0.132, epoch=0,                          
                    lr/Muon=0.004, lr/AdamW=4.19e-04,                           
                    global_step=200                                             
[07:19:08] INFO     train/confidence_loss=0.254,                  trainer.py:584
                    train/confidence_abs_error=0.140,                           
                    train/confidence_pred_mean=0.166,                           
                    train/confidence_cumprod_bias=0.015,                        
                    train/loss=0.361, train/ce_loss=1.131,                      
                    train/tv_loss=0.162, train/accept_rate=0.208,               
                    train/accept_len=1.595, train/full_acc=0.232,               
                    train/position_1_acc=0.400,                                 
                    train/position_2_acc=0.254,                                 
                    train/position_3_acc=0.213,                                 
                    train/position_4_acc=0.212,                                 
                    train/position_5_acc=0.191,                                 
                    train/position_6_acc=0.175,                                 
                    train/position_7_acc=0.175,                                 
                    profile/fetch_ms=61.706,                                    
                    profile/fwd_ms=96.777, profile/bwd_ms=86.872,               
                    profile/opt_ms=0.063,                                       
                    profile/step_ms=245.418,                                    
                    profile/tokens_per_s=1.53e+04,                              
                    profile/fetch_frac=0.251, epoch=0,                          
                    lr/Muon=0.005, lr/AdamW=4.56e-04,                           
                    global_step=220                                             
[07:19:21] INFO     train/confidence_loss=0.224,                  trainer.py:584
                    train/confidence_abs_error=0.109,                           
                    train/confidence_pred_mean=0.123,                           
                    train/confidence_cumprod_bias=-0.024,                       
                    train/loss=0.338, train/ce_loss=1.062,                      
                    train/tv_loss=0.159, train/accept_rate=0.219,               
                    train/accept_len=1.733, train/full_acc=0.258,               
                    train/position_1_acc=0.468,                                 
                    train/position_2_acc=0.290,                                 
                    train/position_3_acc=0.229,                                 
                    train/position_4_acc=0.212,                                 
                    train/position_5_acc=0.223,                                 
                    train/position_6_acc=0.188,                                 
                    train/position_7_acc=0.192,                                 
                    profile/fetch_ms=3.199,                                     
                    profile/fwd_ms=87.387, profile/bwd_ms=93.131,               
                    profile/opt_ms=0.030,                                       
                    profile/step_ms=183.747,                                    
                    profile/tokens_per_s=2.05e+04,                              
                    profile/fetch_frac=0.017, epoch=0,                          
                    lr/Muon=0.005, lr/AdamW=5.00e-04,                           
                    global_step=240                                             
[07:19:40] INFO     train/confidence_loss=0.243,                  trainer.py:584
                    train/confidence_abs_error=0.110,                           
                    train/confidence_pred_mean=0.144,                           
                    train/confidence_cumprod_bias=-0.033,                       
                    train/loss=0.303, train/ce_loss=0.831,                      
                    train/tv_loss=0.136, train/accept_rate=0.309,               
                    train/accept_len=2.175, train/full_acc=0.349,               
                    train/position_1_acc=0.620,                                 
                    train/position_2_acc=0.433,                                 
                    train/position_3_acc=0.306,                                 
                    train/position_4_acc=0.296,                                 
                    train/position_5_acc=0.282,                                 
                    train/position_6_acc=0.280,                                 
                    train/position_7_acc=0.225,                                 
                    profile/fetch_ms=74.668,                                    
                    profile/fwd_ms=2.03e+03,                                    
                    profile/bwd_ms=90.704,                                      
                    profile/opt_ms=253.159,                                     
                    profile/step_ms=2.45e+03,                                   
                    profile/tokens_per_s=1.52e+03,                              
                    profile/fetch_frac=0.030, epoch=0,                          
                    lr/Muon=0.005, lr/AdamW=5.44e-04,                           
                    global_step=260                                             
[07:19:52] INFO     train/confidence_loss=0.203,                  trainer.py:584
                    train/confidence_abs_error=0.103,                           
                    train/confidence_pred_mean=0.141,                           
                    train/confidence_cumprod_bias=0.011,                        
                    train/loss=0.339, train/ce_loss=1.144,                      
                    train/tv_loss=0.158, train/accept_rate=0.215,               
                    train/accept_len=1.747, train/full_acc=0.254,               
                    train/position_1_acc=0.486,                                 
                    train/position_2_acc=0.293,                                 
                    train/position_3_acc=0.228,                                 
                    train/position_4_acc=0.178,                                 
                    train/position_5_acc=0.211,                                 
                    train/position_6_acc=0.193,                                 
                    train/position_7_acc=0.189,                                 
                    profile/fetch_ms=70.975,                                    
                    profile/fwd_ms=90.172,                                      
                    profile/bwd_ms=114.356, profile/opt_ms=0.046,               
                    profile/step_ms=275.549,                                    
                    profile/tokens_per_s=1.40e+04,                              
                    profile/fetch_frac=0.258, epoch=0,                          
                    lr/Muon=0.006, lr/AdamW=5.81e-04,                           
                    global_step=280                                             
[07:20:09] INFO     train/confidence_loss=0.250,                  trainer.py:584
                    train/confidence_abs_error=0.124,                           
                    train/confidence_pred_mean=0.174,                           
                    train/confidence_cumprod_bias=-0.035,                       
                    train/loss=0.281, train/ce_loss=0.716,                      
                    train/tv_loss=0.120, train/accept_rate=0.379,               
                    train/accept_len=2.415, train/full_acc=0.409,               
                    train/position_1_acc=0.681,                                 
                    train/position_2_acc=0.481,                                 
                    train/position_3_acc=0.404,                                 
                    train/position_4_acc=0.342,                                 
                    train/position_5_acc=0.339,                                 
                    train/position_6_acc=0.300,                                 
                    train/position_7_acc=0.311,                                 
                    profile/fetch_ms=3.231,                                     
                    profile/fwd_ms=110.565,                                     
                    profile/bwd_ms=85.079, profile/opt_ms=0.086,                
                    profile/step_ms=198.961,                                    
                    profile/tokens_per_s=1.91e+04,                              
                    profile/fetch_frac=0.016, epoch=0,                          
                    lr/Muon=0.006, lr/AdamW=6.00e-04,                           
                    global_step=300                                             
[07:20:21] INFO     train/confidence_loss=0.240,                  trainer.py:584
                    train/confidence_abs_error=0.130,                           
                    train/confidence_pred_mean=0.193,                           
                    train/confidence_cumprod_bias=0.028,                        
                    train/loss=0.323, train/ce_loss=0.963,                      
                    train/tv_loss=0.144, train/accept_rate=0.269,               
                    train/accept_len=1.918, train/full_acc=0.304,               
                    train/position_1_acc=0.585,                                 
                    train/position_2_acc=0.326,                                 
                    train/position_3_acc=0.292,                                 
                    train/position_4_acc=0.245,                                 
                    train/position_5_acc=0.227,                                 
                    train/position_6_acc=0.224,                                 
                    train/position_7_acc=0.226,                                 
                    profile/fetch_ms=61.181,                                    
                    profile/fwd_ms=89.481, profile/bwd_ms=95.057,               
                    profile/opt_ms=303.778,                                     
                    profile/step_ms=549.496,                                    
                    profile/tokens_per_s=6.89e+03,                              
                    profile/fetch_frac=0.111, epoch=0,                          
                    lr/Muon=0.006, lr/AdamW=5.99e-04,                           
                    global_step=320                                             
[07:20:39] INFO     train/confidence_loss=0.238,                  trainer.py:584
                    train/confidence_abs_error=0.116,                           
                    train/confidence_pred_mean=0.160,                           
                    train/confidence_cumprod_bias=-0.033,                       
                    train/loss=0.289, train/ce_loss=0.787,                      
                    train/tv_loss=0.127, train/accept_rate=0.338,               
                    train/accept_len=2.304, train/full_acc=0.377,               
                    train/position_1_acc=0.680,                                 
                    train/position_2_acc=0.452,                                 
                    train/position_3_acc=0.364,                                 
                    train/position_4_acc=0.295,                                 
                    train/position_5_acc=0.307,                                 
                    train/position_6_acc=0.285,                                 
                    train/position_7_acc=0.254,                                 
                    profile/fetch_ms=75.783,                                    
                    profile/fwd_ms=116.414,                                     
                    profile/bwd_ms=92.355, profile/opt_ms=0.045,                
                    profile/step_ms=284.597,                                    
                    profile/tokens_per_s=1.36e+04,                              
                    profile/fetch_frac=0.266, epoch=0,                          
                    lr/Muon=0.006, lr/AdamW=5.99e-04,                           
                    global_step=340                                             
[07:20:51] INFO     train/confidence_loss=0.244,                  trainer.py:584
                    train/confidence_abs_error=0.130,                           
                    train/confidence_pred_mean=0.219,                           
                    train/confidence_cumprod_bias=0.024,                        
                    train/loss=0.297, train/ce_loss=0.819,                      
                    train/tv_loss=0.131, train/accept_rate=0.325,               
                    train/accept_len=2.250, train/full_acc=0.360,               
                    train/position_1_acc=0.656,                                 
                    train/position_2_acc=0.425,                                 
                    train/position_3_acc=0.341,                                 
                    train/position_4_acc=0.298,                                 
                    train/position_5_acc=0.269,                                 
                    train/position_6_acc=0.269,                                 
                    train/position_7_acc=0.259,                                 
                    profile/fetch_ms=32.738,                                    
                    profile/fwd_ms=97.163, profile/bwd_ms=90.884,               
                    profile/opt_ms=0.040,                                       
                    profile/step_ms=220.825,                                    
                    profile/tokens_per_s=1.78e+04,                              
                    profile/fetch_frac=0.148, epoch=0,                          
                    lr/Muon=0.006, lr/AdamW=5.98e-04,                           
                    global_step=360                                             
[07:21:11] INFO     train/confidence_loss=0.227,                  trainer.py:584
                    train/confidence_abs_error=0.121,                           
                    train/confidence_pred_mean=0.208,                           
                    train/confidence_cumprod_bias=0.017,                        
                    train/loss=0.298, train/ce_loss=0.894,                      
                    train/tv_loss=0.132, train/accept_rate=0.323,               
                    train/accept_len=2.232, train/full_acc=0.359,               
                    train/position_1_acc=0.663,                                 
                    train/position_2_acc=0.400,                                 
                    train/position_3_acc=0.328,                                 
                    train/position_4_acc=0.299,                                 
                    train/position_5_acc=0.294,                                 
                    train/position_6_acc=0.269,                                 
                    train/position_7_acc=0.257,                                 
                    profile/fetch_ms=74.283,                                    
                    profile/fwd_ms=122.751,                                     
                    profile/bwd_ms=124.326,                                     
                    profile/opt_ms=414.485,                                     
                    profile/step_ms=735.845,                                    
                    profile/tokens_per_s=5.26e+03,                              
                    profile/fetch_frac=0.101, epoch=0,                          
                    lr/Muon=0.006, lr/AdamW=5.98e-04,                           
                    global_step=380                                             
[07:21:21] INFO     train/confidence_loss=0.233,                  trainer.py:584
                    train/confidence_abs_error=0.107,                           
                    train/confidence_pred_mean=0.160,                           
                    train/confidence_cumprod_bias=-0.010,                       
                    train/loss=0.300, train/ce_loss=0.869,                      
                    train/tv_loss=0.134, train/accept_rate=0.315,               
                    train/accept_len=2.195, train/full_acc=0.343,               
                    train/position_1_acc=0.634,                                 
                    train/position_2_acc=0.384,                                 
                    train/position_3_acc=0.333,                                 
                    train/position_4_acc=0.285,                                 
                    train/position_5_acc=0.263,                                 
                    train/position_6_acc=0.260,                                 
                    train/position_7_acc=0.238,                                 
                    profile/fetch_ms=69.831,                                    
                    profile/fwd_ms=105.275,                                     
                    profile/bwd_ms=85.750, profile/opt_ms=0.047,                
                    profile/step_ms=260.903,                                    
                    profile/tokens_per_s=1.51e+04,                              
                    profile/fetch_frac=0.268, epoch=0,                          
                    lr/Muon=0.006, lr/AdamW=5.98e-04,                           
                    global_step=400                                             
[07:21:40] INFO     train/confidence_loss=0.252,                  trainer.py:584
                    train/confidence_abs_error=0.137,                           
                    train/confidence_pred_mean=0.224,                           
                    train/confidence_cumprod_bias=0.023,                        
                    train/loss=0.297, train/ce_loss=0.800,                      
                    train/tv_loss=0.129, train/accept_rate=0.332,               
                    train/accept_len=2.202, train/full_acc=0.368,               
                    train/position_1_acc=0.672,                                 
                    train/position_2_acc=0.427,                                 
                    train/position_3_acc=0.356,                                 
                    train/position_4_acc=0.290,                                 
                    train/position_5_acc=0.299,                                 
                    train/position_6_acc=0.277,                                 
                    train/position_7_acc=0.253,                                 
                    profile/fetch_ms=3.301,                                     
                    profile/fwd_ms=92.536, profile/bwd_ms=97.753,               
                    profile/opt_ms=0.043,                                       
                    profile/step_ms=193.633,                                    
                    profile/tokens_per_s=1.86e+04,                              
                    profile/fetch_frac=0.017, epoch=0,                          
                    lr/Muon=0.006, lr/AdamW=5.97e-04,                           
                    global_step=420                                             
[07:21:53] INFO     train/confidence_loss=0.230,                  trainer.py:584
                    train/confidence_abs_error=0.122,                           
                    train/confidence_pred_mean=0.192,                           
                    train/confidence_cumprod_bias=0.015,                        
                    train/loss=0.312, train/ce_loss=0.963,                      
                    train/tv_loss=0.137, train/accept_rate=0.299,               
                    train/accept_len=2.103, train/full_acc=0.332,               
                    train/position_1_acc=0.613,                                 
                    train/position_2_acc=0.390,                                 
                    train/position_3_acc=0.301,                                 
                    train/position_4_acc=0.293,                                 
                    train/position_5_acc=0.250,                                 
                    train/position_6_acc=0.243,                                 
                    train/position_7_acc=0.229,                                 
                    profile/fetch_ms=68.403,                                    
                    profile/fwd_ms=107.295,                                     
                    profile/bwd_ms=90.114,                                      
                    profile/opt_ms=323.823,                                     
                    profile/step_ms=589.634,                                    
                    profile/tokens_per_s=6.91e+03,                              
                    profile/fetch_frac=0.116, epoch=0,                          
                    lr/Muon=0.006, lr/AdamW=5.97e-04,                           
                    global_step=440                                             
[07:22:09] INFO     train/confidence_loss=0.247,                  trainer.py:584
                    train/confidence_abs_error=0.116,                           
                    train/confidence_pred_mean=0.177,                           
                    train/confidence_cumprod_bias=-0.024,                       
                    train/loss=0.284, train/ce_loss=0.747,                      
                    train/tv_loss=0.123, train/accept_rate=0.351,               
                    train/accept_len=2.383, train/full_acc=0.384,               
                    train/position_1_acc=0.713,                                 
                    train/position_2_acc=0.478,                                 
                    train/position_3_acc=0.382,                                 
                    train/position_4_acc=0.313,                                 
                    train/position_5_acc=0.290,                                 
                    train/position_6_acc=0.270,                                 
                    train/position_7_acc=0.236,                                 
                    profile/fetch_ms=70.890,                                    
                    profile/fwd_ms=147.635,                                     
                    profile/bwd_ms=87.155, profile/opt_ms=0.031,                
                    profile/step_ms=305.712,                                    
                    profile/tokens_per_s=1.31e+04,                              
                    profile/fetch_frac=0.232, epoch=0,                          
                    lr/Muon=0.006, lr/AdamW=5.96e-04,                           
                    global_step=460                                             
[07:22:22] INFO     train/confidence_loss=0.243,                  trainer.py:584
                    train/confidence_abs_error=0.131,                           
                    train/confidence_pred_mean=0.222,                           
                    train/confidence_cumprod_bias=0.014,                        
                    train/loss=0.294, train/ce_loss=0.800,                      
                    train/tv_loss=0.128, train/accept_rate=0.338,               
                    train/accept_len=2.277, train/full_acc=0.375,               
                    train/position_1_acc=0.684,                                 
                    train/position_2_acc=0.410,                                 
                    train/position_3_acc=0.361,                                 
                    train/position_4_acc=0.331,                                 
                    train/position_5_acc=0.312,                                 
                    train/position_6_acc=0.257,                                 
                    train/position_7_acc=0.270,                                 
                    profile/fetch_ms=46.535,                                    
                    profile/fwd_ms=97.505,                                      
                    profile/bwd_ms=111.193, profile/opt_ms=0.064,               
                    profile/step_ms=255.297,                                    
                    profile/tokens_per_s=1.44e+04,                              
                    profile/fetch_frac=0.182, epoch=0,                          
                    lr/Muon=0.006, lr/AdamW=5.96e-04,                           
                    global_step=480                                             
[07:22:40] INFO     train/confidence_loss=0.244,                  trainer.py:584
                    train/confidence_abs_error=0.137,                           
                    train/confidence_pred_mean=0.259,                           
                    train/confidence_cumprod_bias=0.021,                        
                    train/loss=0.266, train/ce_loss=0.656,                      
                    train/tv_loss=0.112, train/accept_rate=0.397,               
                    train/accept_len=2.613, train/full_acc=0.433,               
                    train/position_1_acc=0.772,                                 
                    train/position_2_acc=0.547,                                 
                    train/position_3_acc=0.437,                                 
                    train/position_4_acc=0.373,                                 
                    train/position_5_acc=0.341,                                 
                    train/position_6_acc=0.286,                                 
                    train/position_7_acc=0.269,                                 
                    profile/fetch_ms=70.673,                                    
                    profile/fwd_ms=121.049,                                     
                    profile/bwd_ms=116.594,                                     
                    profile/opt_ms=243.438,                                     
                    profile/step_ms=551.755,                                    
                    profile/tokens_per_s=6.70e+03,                              
                    profile/fetch_frac=0.128, epoch=0,                          
                    lr/Muon=0.006, lr/AdamW=5.96e-04,                           
                    global_step=500                                             
[07:22:53] INFO     train/confidence_loss=0.275,                  trainer.py:584
                    train/confidence_abs_error=0.133,                           
                    train/confidence_pred_mean=0.163,                           
                    train/confidence_cumprod_bias=-0.048,                       
                    train/loss=0.289, train/ce_loss=0.716,                      
                    train/tv_loss=0.119, train/accept_rate=0.371,               
                    train/accept_len=2.389, train/full_acc=0.399,               
                    train/position_1_acc=0.736,                                 
                    train/position_2_acc=0.500,                                 
                    train/position_3_acc=0.389,                                 
                    train/position_4_acc=0.345,                                 
                    train/position_5_acc=0.314,                                 
                    train/position_6_acc=0.236,                                 
                    train/position_7_acc=0.266,                                 
                    profile/fetch_ms=69.802,                                    
                    profile/fwd_ms=93.184,                                      
                    profile/bwd_ms=126.464, profile/opt_ms=0.042,               
                    profile/step_ms=289.493,                                    
                    profile/tokens_per_s=1.36e+04,                              
                    profile/fetch_frac=0.241, epoch=0,                          
                    lr/Muon=0.006, lr/AdamW=5.95e-04,                           
                    global_step=520                                             
[07:23:10] INFO     train/confidence_loss=0.240,                  trainer.py:584
                    train/confidence_abs_error=0.136,                           
                    train/confidence_pred_mean=0.238,                           
                    train/confidence_cumprod_bias=-0.016,                       
                    train/loss=0.263, train/ce_loss=0.669,                      
                    train/tv_loss=0.112, train/accept_rate=0.406,               
                    train/accept_len=2.688, train/full_acc=0.439,               
                    train/position_1_acc=0.745,                                 
                    train/position_2_acc=0.544,                                 
                    train/position_3_acc=0.441,                                 
                    train/position_4_acc=0.383,                                 
                    train/position_5_acc=0.351,                                 
                    train/position_6_acc=0.327,                                 
                    train/position_7_acc=0.275,                                 
                    profile/fetch_ms=3.325,                                     
                    profile/fwd_ms=89.007,                                      
                    profile/bwd_ms=130.854, profile/opt_ms=0.068,               
                    profile/step_ms=223.255,                                    
                    profile/tokens_per_s=1.78e+04,                              
                    profile/fetch_frac=0.015, epoch=0,                          
                    lr/Muon=0.006, lr/AdamW=5.95e-04,                           
                    global_step=540                                             
[07:23:23] INFO     train/confidence_loss=0.240,                  trainer.py:584
                    train/confidence_abs_error=0.129,                           
                    train/confidence_pred_mean=0.203,                           
                    train/confidence_cumprod_bias=0.015,                        
                    train/loss=0.294, train/ce_loss=0.812,                      
                    train/tv_loss=0.130, train/accept_rate=0.326,               
                    train/accept_len=2.197, train/full_acc=0.369,               
                    train/position_1_acc=0.697,                                 
                    train/position_2_acc=0.426,                                 
                    train/position_3_acc=0.346,                                 
                    train/position_4_acc=0.311,                                 
                    train/position_5_acc=0.272,                                 
                    train/position_6_acc=0.274,                                 
                    train/position_7_acc=0.253,                                 
                    profile/fetch_ms=64.248,                                    
                    profile/fwd_ms=112.349,                                     
                    profile/bwd_ms=92.458,                                      
                    profile/opt_ms=263.227,                                     
                    profile/step_ms=532.282,                                    
                    profile/tokens_per_s=7.39e+03,                              
                    profile/fetch_frac=0.121, epoch=0,                          
                    lr/Muon=0.006, lr/AdamW=5.94e-04,                           
                    global_step=560                                             
[07:23:41] INFO     train/confidence_loss=0.238,                  trainer.py:584
                    train/confidence_abs_error=0.117,                           
                    train/confidence_pred_mean=0.210,                           
                    train/confidence_cumprod_bias=-0.022,                       
                    train/loss=0.256, train/ce_loss=0.622,                      
                    train/tv_loss=0.109, train/accept_rate=0.419,               
                    train/accept_len=2.748, train/full_acc=0.456,               
                    train/position_1_acc=0.768,                                 
                    train/position_2_acc=0.532,                                 
                    train/position_3_acc=0.468,                                 
                    train/position_4_acc=0.413,                                 
                    train/position_5_acc=0.338,                                 
                    train/position_6_acc=0.347,                                 
                    train/position_7_acc=0.321,                                 
                    profile/fetch_ms=103.093,                                   
                    profile/fwd_ms=90.671, profile/bwd_ms=97.918,               
                    profile/opt_ms=0.235,                                       
                    profile/step_ms=291.916,                                    
                    profile/tokens_per_s=1.34e+04,                              
                    profile/fetch_frac=0.353, epoch=0,                          
                    lr/Muon=0.006, lr/AdamW=5.94e-04,                           
                    global_step=580                                             
[07:23:54] INFO     train/confidence_loss=0.254,                  trainer.py:584
                    train/confidence_abs_error=0.139,                           
                    train/confidence_pred_mean=0.244,                           
                    train/confidence_cumprod_bias=0.041,                        
                    train/loss=0.294, train/ce_loss=0.797,                      
                    train/tv_loss=0.123, train/accept_rate=0.359,               
                    train/accept_len=2.319, train/full_acc=0.394,               
                    train/position_1_acc=0.682,                                 
                    train/position_2_acc=0.475,                                 
                    train/position_3_acc=0.392,                                 
                    train/position_4_acc=0.320,                                 
                    train/position_5_acc=0.328,                                 
                    train/position_6_acc=0.295,                                 
                    train/position_7_acc=0.261,                                 
                    profile/fetch_ms=26.312,                                    
                    profile/fwd_ms=93.504, profile/bwd_ms=91.913,               
                    profile/opt_ms=0.040,                                       
                    profile/step_ms=211.769,                                    
                    profile/tokens_per_s=1.88e+04,                              
                    profile/fetch_frac=0.124, epoch=0,                          
                    lr/Muon=0.006, lr/AdamW=5.93e-04,                           
                    global_step=600                                             
[07:24:10] INFO     train/confidence_loss=0.258,                  trainer.py:584
                    train/confidence_abs_error=0.143,                           
                    train/confidence_pred_mean=0.287,                           
                    train/confidence_cumprod_bias=0.045,                        
                    train/loss=0.263, train/ce_loss=0.613,                      
                    train/tv_loss=0.107, train/accept_rate=0.419,               
                    train/accept_len=2.747, train/full_acc=0.452,               
                    train/position_1_acc=0.786,                                 
                    train/position_2_acc=0.539,                                 
                    train/position_3_acc=0.475,                                 
                    train/position_4_acc=0.380,                                 
                    train/position_5_acc=0.346,                                 
                    train/position_6_acc=0.325,                                 
                    train/position_7_acc=0.309,                                 
                    profile/fetch_ms=98.533,                                    
                    profile/fwd_ms=92.622,                                      
                    profile/bwd_ms=102.613,                                     
                    profile/opt_ms=253.611,                                     
                    profile/step_ms=547.379,                                    
                    profile/tokens_per_s=7.30e+03,                              
                    profile/fetch_frac=0.180, epoch=0,                          
                    lr/Muon=0.006, lr/AdamW=5.93e-04,                           
                    global_step=620                                             
[07:24:21] INFO     train/confidence_loss=0.244,                  trainer.py:584
                    train/confidence_abs_error=0.130,                           
                    train/confidence_pred_mean=0.240,                           
                    train/confidence_cumprod_bias=0.011,                        
                    train/loss=0.269, train/ce_loss=0.681,                      
                    train/tv_loss=0.114, train/accept_rate=0.400,               
                    train/accept_len=2.574, train/full_acc=0.436,               
                    train/position_1_acc=0.745,                                 
                    train/position_2_acc=0.513,                                 
                    train/position_3_acc=0.436,                                 
                    train/position_4_acc=0.376,                                 
                    train/position_5_acc=0.331,                                 
                    train/position_6_acc=0.339,                                 
                    train/position_7_acc=0.309,                                 
                    profile/fetch_ms=70.231,                                    
                    profile/fwd_ms=89.539, profile/bwd_ms=93.328,               
                    profile/opt_ms=0.065,                                       
                    profile/step_ms=253.163,                                    
                    profile/tokens_per_s=1.56e+04,                              
                    profile/fetch_frac=0.277, epoch=0,                          
                    lr/Muon=0.006, lr/AdamW=5.93e-04,                           
                    global_step=640                                             
[07:24:39] INFO     train/confidence_loss=0.238,                  trainer.py:584
                    train/confidence_abs_error=0.113,                           
                    train/confidence_pred_mean=0.178,                           
                    train/confidence_cumprod_bias=-0.026,                       
                    train/loss=0.284, train/ce_loss=0.787,                      
                    train/tv_loss=0.123, train/accept_rate=0.365,               
                    train/accept_len=2.410, train/full_acc=0.388,               
                    train/position_1_acc=0.667,                                 
                    train/position_2_acc=0.446,                                 
                    train/position_3_acc=0.387,                                 
                    train/position_4_acc=0.341,                                 
                    train/position_5_acc=0.306,                                 
                    train/position_6_acc=0.298,                                 
                    train/position_7_acc=0.273,                                 
                    profile/fetch_ms=3.349,                                     
                    profile/fwd_ms=88.156, profile/bwd_ms=94.184,               
                    profile/opt_ms=0.090,                                       
                    profile/step_ms=185.780,                                    
                    profile/tokens_per_s=2.14e+04,                              
                    profile/fetch_frac=0.018, epoch=0,                          
                    lr/Muon=0.006, lr/AdamW=5.92e-04,                           
                    global_step=660                                             
[07:24:49] INFO     train/confidence_loss=0.254,                  trainer.py:584
                    train/confidence_abs_error=0.123,                           
                    train/confidence_pred_mean=0.193,                           
                    train/confidence_cumprod_bias=-0.029,                       
                    train/loss=0.269, train/ce_loss=0.659,                      
                    train/tv_loss=0.114, train/accept_rate=0.400,               
                    train/accept_len=2.564, train/full_acc=0.435,               
                    train/position_1_acc=0.748,                                 
                    train/position_2_acc=0.525,                                 
                    train/position_3_acc=0.404,                                 
                    train/position_4_acc=0.377,                                 
                    train/position_5_acc=0.345,                                 
                    train/position_6_acc=0.347,                                 
                    train/position_7_acc=0.296,                                 
                    profile/fetch_ms=39.265,                                    
                    profile/fwd_ms=111.787,                                     
                    profile/bwd_ms=100.092,                                     
                    profile/opt_ms=257.451,                                     
                    profile/step_ms=508.595,                                    
                    profile/tokens_per_s=7.64e+03,                              
                    profile/fetch_frac=0.077, epoch=0,                          
                    lr/Muon=0.006, lr/AdamW=5.92e-04,                           
                    global_step=680                                             
[07:25:08] INFO     train/confidence_loss=0.249,                  trainer.py:584
                    train/confidence_abs_error=0.134,                           
                    train/confidence_pred_mean=0.239,                           
                    train/confidence_cumprod_bias=0.024,                        
                    train/loss=0.292, train/ce_loss=0.812,                      
                    train/tv_loss=0.122, train/accept_rate=0.361,               
                    train/accept_len=2.405, train/full_acc=0.394,               
                    train/position_1_acc=0.699,                                 
                    train/position_2_acc=0.471,                                 
                    train/position_3_acc=0.358,                                 
                    train/position_4_acc=0.344,                                 
                    train/position_5_acc=0.324,                                 
                    train/position_6_acc=0.287,                                 
                    train/position_7_acc=0.270,                                 
                    profile/fetch_ms=26.482,                                    
                    profile/fwd_ms=115.902,                                     
                    profile/bwd_ms=90.803, profile/opt_ms=0.048,                
                    profile/step_ms=233.235,                                    
                    profile/tokens_per_s=1.73e+04,                              
                    profile/fetch_frac=0.114, epoch=0,                          
                    lr/Muon=0.006, lr/AdamW=5.91e-04,                           
                    global_step=700                                             
[07:25:21] INFO     train/confidence_loss=0.237,                  trainer.py:584
                    train/confidence_abs_error=0.127,                           
                    train/confidence_pred_mean=0.236,                           
                    train/confidence_cumprod_bias=-0.032,                       
                    train/loss=0.248, train/ce_loss=0.613,                      
                    train/tv_loss=0.103, train/accept_rate=0.441,               
                    train/accept_len=2.936, train/full_acc=0.473,               
                    train/position_1_acc=0.807,                                 
                    train/position_2_acc=0.586,                                 
                    train/position_3_acc=0.481,                                 
                    train/position_4_acc=0.393,                                 
                    train/position_5_acc=0.364,                                 
                    train/position_6_acc=0.343,                                 
                    train/position_7_acc=0.334,                                 
                    profile/fetch_ms=3.312,                                     
                    profile/fwd_ms=121.507,                                     
                    profile/bwd_ms=89.828, profile/opt_ms=0.034,                
                    profile/step_ms=214.680,                                    
                    profile/tokens_per_s=1.87e+04,                              
                    profile/fetch_frac=0.015, epoch=0,                          
                    lr/Muon=0.006, lr/AdamW=5.91e-04,                           
                    global_step=720                                             
[07:25:38] INFO     train/confidence_loss=0.262,                  trainer.py:584
                    train/confidence_abs_error=0.133,                           
                    train/confidence_pred_mean=0.198,                           
                    train/confidence_cumprod_bias=-0.047,                       
                    train/loss=0.255, train/ce_loss=0.572,                      
                    train/tv_loss=0.102, train/accept_rate=0.447,               
                    train/accept_len=2.800, train/full_acc=0.489,               
                    train/position_1_acc=0.794,                                 
                    train/position_2_acc=0.585,                                 
                    train/position_3_acc=0.494,                                 
                    train/position_4_acc=0.437,                                 
                    train/position_5_acc=0.405,                                 
                    train/position_6_acc=0.367,                                 
                    train/position_7_acc=0.336,                                 
                    profile/fetch_ms=101.985,                                   
                    profile/fwd_ms=123.010,                                     
                    profile/bwd_ms=93.949,                                      
                    profile/opt_ms=303.444,                                     
                    profile/step_ms=622.388,                                    
                    profile/tokens_per_s=5.43e+03,                              
                    profile/fetch_frac=0.164, epoch=0,                          
                    lr/Muon=0.006, lr/AdamW=5.91e-04,                           
                    global_step=740                                             
[07:25:50] INFO     train/confidence_loss=0.254,                  trainer.py:584
                    train/confidence_abs_error=0.139,                           
                    train/confidence_pred_mean=0.250,                           
                    train/confidence_cumprod_bias=0.016,                        
                    train/loss=0.272, train/ce_loss=0.681,                      
                    train/tv_loss=0.113, train/accept_rate=0.399,               
                    train/accept_len=2.566, train/full_acc=0.433,               
                    train/position_1_acc=0.754,                                 
                    train/position_2_acc=0.521,                                 
                    train/position_3_acc=0.414,                                 
                    train/position_4_acc=0.379,                                 
                    train/position_5_acc=0.365,                                 
                    train/position_6_acc=0.308,                                 
                    train/position_7_acc=0.287,                                 
                    profile/fetch_ms=70.383,                                    
                    profile/fwd_ms=93.633, profile/bwd_ms=92.921,               
                    profile/opt_ms=0.087,                                       
                    profile/step_ms=257.024,                                    
                    profile/tokens_per_s=1.52e+04,                              
                    profile/fetch_frac=0.274, epoch=0,                          
                    lr/Muon=0.006, lr/AdamW=5.90e-04,                           
                    global_step=760                                             
[07:26:08] INFO     train/confidence_loss=0.254,                  trainer.py:584
                    train/confidence_abs_error=0.133,                           
                    train/confidence_pred_mean=0.246,                           
                    train/confidence_cumprod_bias=0.038,                        
                    train/loss=0.291, train/ce_loss=0.781,                      
                    train/tv_loss=0.122, train/accept_rate=0.361,               
                    train/accept_len=2.455, train/full_acc=0.391,               
                    train/position_1_acc=0.701,                                 
                    train/position_2_acc=0.473,                                 
                    train/position_3_acc=0.376,                                 
                    train/position_4_acc=0.342,                                 
                    train/position_5_acc=0.298,                                 
                    train/position_6_acc=0.269,                                 
                    train/position_7_acc=0.274,                                 
                    profile/fetch_ms=3.298,                                     
                    profile/fwd_ms=88.810, profile/bwd_ms=95.191,               
                    profile/opt_ms=0.067,                                       
                    profile/step_ms=187.366,                                    
                    profile/tokens_per_s=2.09e+04,                              
                    profile/fetch_frac=0.018, epoch=0,                          
                    lr/Muon=0.006, lr/AdamW=5.90e-04,                           
                    global_step=780                                             
[07:26:19] INFO     train/confidence_loss=0.242,                  trainer.py:584
                    train/confidence_abs_error=0.125,                           
                    train/confidence_pred_mean=0.264,                           
                    train/confidence_cumprod_bias=0.032,                        
                    train/loss=0.256, train/ce_loss=0.634,                      
                    train/tv_loss=0.107, train/accept_rate=0.427,               
                    train/accept_len=2.786, train/full_acc=0.457,               
                    train/position_1_acc=0.760,                                 
                    train/position_2_acc=0.565,                                 
                    train/position_3_acc=0.448,                                 
                    train/position_4_acc=0.396,                                 
                    train/position_5_acc=0.356,                                 
                    train/position_6_acc=0.355,                                 
                    train/position_7_acc=0.315,                                 
                    profile/fetch_ms=65.215,                                    
                    profile/fwd_ms=91.134, profile/bwd_ms=93.213,               
                    profile/opt_ms=255.974,                                     
                    profile/step_ms=505.536,                                    
                    profile/tokens_per_s=7.95e+03,                              
                    profile/fetch_frac=0.129, epoch=0,                          
                    lr/Muon=0.006, lr/AdamW=5.89e-04,                           
                    global_step=800                                             
[07:26:35] INFO     train/confidence_loss=0.258,                  trainer.py:584
                    train/confidence_abs_error=0.123,                           
                    train/confidence_pred_mean=0.195,                           
                    train/confidence_cumprod_bias=-0.024,                       
                    train/loss=0.273, train/ce_loss=0.691,                      
                    train/tv_loss=0.113, train/accept_rate=0.401,               
                    train/accept_len=2.558, train/full_acc=0.435,               
                    train/position_1_acc=0.750,                                 
                    train/position_2_acc=0.519,                                 
                    train/position_3_acc=0.443,                                 
                    train/position_4_acc=0.366,                                 
                    train/position_5_acc=0.337,                                 
                    train/position_6_acc=0.321,                                 
                    train/position_7_acc=0.308,                                 
                    profile/fetch_ms=73.183,                                    
                    profile/fwd_ms=93.897,                                      
                    profile/bwd_ms=123.874, profile/opt_ms=0.110,               
                    profile/step_ms=291.063,                                    
                    profile/tokens_per_s=1.26e+04,                              
                    profile/fetch_frac=0.251, epoch=0,                          
                    lr/Muon=0.006, lr/AdamW=5.89e-04,                           
                    global_step=820                                             
[07:26:50] INFO     train/confidence_loss=0.244,                  trainer.py:584
                    train/confidence_abs_error=0.135,                           
                    train/confidence_pred_mean=0.259,                           
                    train/confidence_cumprod_bias=0.014,                        
                    train/loss=0.263, train/ce_loss=0.653,                      
                    train/tv_loss=0.111, train/accept_rate=0.407,               
                    train/accept_len=2.692, train/full_acc=0.435,               
                    train/position_1_acc=0.797,                                 
                    train/position_2_acc=0.508,                                 
                    train/position_3_acc=0.422,                                 
                    train/position_4_acc=0.345,                                 
                    train/position_5_acc=0.331,                                 
                    train/position_6_acc=0.336,                                 
                    train/position_7_acc=0.299,                                 
                    profile/fetch_ms=3.444,                                     
                    profile/fwd_ms=92.565, profile/bwd_ms=90.297,               
                    profile/opt_ms=0.091,                                       
                    profile/step_ms=186.397,                                    
                    profile/tokens_per_s=1.81e+04,                              
                    profile/fetch_frac=0.018, epoch=0,                          
                    lr/Muon=0.006, lr/AdamW=5.88e-04,                           
                    global_step=840                                             
[07:27:08] INFO     train/confidence_loss=0.232,                  trainer.py:584
                    train/confidence_abs_error=0.122,                           
                    train/confidence_pred_mean=0.241,                           
                    train/confidence_cumprod_bias=-0.021,                       
                    train/loss=0.242, train/ce_loss=0.581,                      
                    train/tv_loss=0.102, train/accept_rate=0.448,               
                    train/accept_len=2.946, train/full_acc=0.482,               
                    train/position_1_acc=0.805,                                 
                    train/position_2_acc=0.607,                                 
                    train/position_3_acc=0.491,                                 
                    train/position_4_acc=0.419,                                 
                    train/position_5_acc=0.361,                                 
                    train/position_6_acc=0.346,                                 
                    train/position_7_acc=0.342,                                 
                    profile/fetch_ms=86.787,                                    
                    profile/fwd_ms=116.714,                                     
                    profile/bwd_ms=95.469,                                      
                    profile/opt_ms=294.494,                                     
                    profile/step_ms=593.464,                                    
                    profile/tokens_per_s=6.72e+03,                              
                    profile/fetch_frac=0.146, epoch=0,                          
                    lr/Muon=0.006, lr/AdamW=5.88e-04,                           
                    global_step=860                                             
[07:27:21] INFO     train/confidence_loss=0.246,                  trainer.py:584
                    train/confidence_abs_error=0.129,                           
                    train/confidence_pred_mean=0.275,                           
                    train/confidence_cumprod_bias=0.039,                        
                    train/loss=0.261, train/ce_loss=0.650,                      
                    train/tv_loss=0.109, train/accept_rate=0.415,               
                    train/accept_len=2.734, train/full_acc=0.442,               
                    train/position_1_acc=0.783,                                 
                    train/position_2_acc=0.542,                                 
                    train/position_3_acc=0.430,                                 
                    train/position_4_acc=0.388,                                 
                    train/position_5_acc=0.335,                                 
                    train/position_6_acc=0.326,                                 
                    train/position_7_acc=0.288,                                 
                    profile/fetch_ms=84.536,                                    
                    profile/fwd_ms=115.267,                                     
                    profile/bwd_ms=86.718, profile/opt_ms=0.063,                
                    profile/step_ms=286.584,                                    
                    profile/tokens_per_s=1.35e+04,                              
                    profile/fetch_frac=0.295, epoch=0,                          
                    lr/Muon=0.006, lr/AdamW=5.88e-04,                           
                    global_step=880                                             
[07:27:34] INFO     train/confidence_loss=0.248,                  trainer.py:584
                    train/confidence_abs_error=0.122,                           
                    train/confidence_pred_mean=0.195,                           
                    train/confidence_cumprod_bias=-0.031,                       
                    train/loss=0.272, train/ce_loss=0.713,                      
                    train/tv_loss=0.114, train/accept_rate=0.400,               
                    train/accept_len=2.571, train/full_acc=0.435,               
                    train/position_1_acc=0.726,                                 
                    train/position_2_acc=0.513,                                 
                    train/position_3_acc=0.438,                                 
                    train/position_4_acc=0.380,                                 
                    train/position_5_acc=0.345,                                 
                    train/position_6_acc=0.326,                                 
                    train/position_7_acc=0.314,                                 
                    profile/fetch_ms=24.380,                                    
                    profile/fwd_ms=146.902,                                     
                    profile/bwd_ms=106.196, profile/opt_ms=0.075,               
                    profile/step_ms=277.553,                                    
                    profile/tokens_per_s=1.35e+04,                              
                    profile/fetch_frac=0.088, epoch=0,                          
                    lr/Muon=0.006, lr/AdamW=5.87e-04,                           
                    global_step=900                                             
[07:27:49] INFO     train/confidence_loss=0.260,                  trainer.py:584
                    train/confidence_abs_error=0.123,                           
                    train/confidence_pred_mean=0.201,                           
                    train/confidence_cumprod_bias=-0.026,                       
                    train/loss=0.269, train/ce_loss=0.644,                      
                    train/tv_loss=0.110, train/accept_rate=0.410,               
                    train/accept_len=2.637, train/full_acc=0.438,               
                    train/position_1_acc=0.783,                                 
                    train/position_2_acc=0.521,                                 
                    train/position_3_acc=0.396,                                 
                    train/position_4_acc=0.380,                                 
                    train/position_5_acc=0.354,                                 
                    train/position_6_acc=0.330,                                 
                    train/position_7_acc=0.297,                                 
                    profile/fetch_ms=73.921,                                    
                    profile/fwd_ms=92.029,                                      
                    profile/bwd_ms=112.145,                                     
                    profile/opt_ms=310.523,                                     
                    profile/step_ms=588.618,                                    
                    profile/tokens_per_s=6.26e+03,                              
                    profile/fetch_frac=0.126, epoch=0,                          
                    lr/Muon=0.006, lr/AdamW=5.87e-04,                           
                    global_step=920                                             
[07:28:04] INFO     train/confidence_loss=0.254,                  trainer.py:584
                    train/confidence_abs_error=0.138,                           
                    train/confidence_pred_mean=0.289,                           
                    train/confidence_cumprod_bias=0.036,                        
                    train/loss=0.259, train/ce_loss=0.622,                      
                    train/tv_loss=0.106, train/accept_rate=0.433,               
                    train/accept_len=2.786, train/full_acc=0.461,               
                    train/position_1_acc=0.776,                                 
                    train/position_2_acc=0.539,                                 
                    train/position_3_acc=0.469,                                 
                    train/position_4_acc=0.413,                                 
                    train/position_5_acc=0.390,                                 
                    train/position_6_acc=0.303,                                 
                    train/position_7_acc=0.333,                                 
                    profile/fetch_ms=66.097,                                    
                    profile/fwd_ms=119.428,                                     
                    profile/bwd_ms=137.696, profile/opt_ms=0.132,               
                    profile/step_ms=323.353,                                    
                    profile/tokens_per_s=1.18e+04,                              
                    profile/fetch_frac=0.204, epoch=0,                          
                    lr/Muon=0.006, lr/AdamW=5.86e-04,                           
                    global_step=940                                             
[07:28:16] INFO     train/confidence_loss=0.246,                  trainer.py:584
                    train/confidence_abs_error=0.118,                           
                    train/confidence_pred_mean=0.196,                           
                    train/confidence_cumprod_bias=-0.037,                       
                    train/loss=0.263, train/ce_loss=0.653,                      
                    train/tv_loss=0.111, train/accept_rate=0.407,               
                    train/accept_len=2.702, train/full_acc=0.441,               
                    train/position_1_acc=0.765,                                 
                    train/position_2_acc=0.536,                                 
                    train/position_3_acc=0.440,                                 
                    train/position_4_acc=0.389,                                 
                    train/position_5_acc=0.338,                                 
                    train/position_6_acc=0.321,                                 
                    train/position_7_acc=0.297,                                 
                    profile/fetch_ms=67.540,                                    
                    profile/fwd_ms=122.828,                                     
                    profile/bwd_ms=85.759, profile/opt_ms=0.064,                
                    profile/step_ms=276.191,                                    
                    profile/tokens_per_s=1.44e+04,                              
                    profile/fetch_frac=0.245, epoch=0,                          
                    lr/Muon=0.006, lr/AdamW=5.86e-04,                           
                    global_step=960                                             
[07:28:34] INFO     train/confidence_loss=0.249,                  trainer.py:584
                    train/confidence_abs_error=0.135,                           
                    train/confidence_pred_mean=0.232,                           
                    train/confidence_cumprod_bias=-0.062,                       
                    train/loss=0.237, train/ce_loss=0.534,                      
                    train/tv_loss=0.093, train/accept_rate=0.486,               
                    train/accept_len=3.191, train/full_acc=0.526,               
                    train/position_1_acc=0.849,                                 
                    train/position_2_acc=0.648,                                 
                    train/position_3_acc=0.526,                                 
                    train/position_4_acc=0.434,                                 
                    train/position_5_acc=0.424,                                 
                    train/position_6_acc=0.409,                                 
                    train/position_7_acc=0.389,                                 
                    profile/fetch_ms=94.802,                                    
                    profile/fwd_ms=90.226, profile/bwd_ms=95.092,               
                    profile/opt_ms=283.613,                                     
                    profile/step_ms=563.733,                                    
                    profile/tokens_per_s=7.16e+03,                              
                    profile/fetch_frac=0.168, epoch=0,                          
                    lr/Muon=0.006, lr/AdamW=5.85e-04,                           
                    global_step=980                                             
[07:28:47] INFO     train/confidence_loss=0.248,                  trainer.py:584
                    train/confidence_abs_error=0.139,                           
                    train/confidence_pred_mean=0.318,                           
                    train/confidence_cumprod_bias=0.036,                        
                    train/loss=0.233, train/ce_loss=0.522,                      
                    train/tv_loss=0.090, train/accept_rate=0.500,               
                    train/accept_len=3.190, train/full_acc=0.530,               
                    train/position_1_acc=0.863,                                 
                    train/position_2_acc=0.642,                                 
                    train/position_3_acc=0.508,                                 
                    train/position_4_acc=0.493,                                 
                    train/position_5_acc=0.442,                                 
                    train/position_6_acc=0.378,                                 
                    train/position_7_acc=0.376,                                 
                    profile/fetch_ms=69.755,                                    
                    profile/fwd_ms=132.903,                                     
                    profile/bwd_ms=97.130, profile/opt_ms=0.074,                
                    profile/step_ms=299.863,                                    
                    profile/tokens_per_s=1.35e+04,                              
                    profile/fetch_frac=0.233, epoch=0,                          
                    lr/Muon=0.006, lr/AdamW=5.85e-04,                           
                    global_step=1000                                            
[07:29:05] INFO     train/confidence_loss=0.240,                  trainer.py:584
                    train/confidence_abs_error=0.126,                           
                    train/confidence_pred_mean=0.218,                           
                    train/confidence_cumprod_bias=-0.017,                       
                    train/loss=0.261, train/ce_loss=0.669,                      
                    train/tv_loss=0.109, train/accept_rate=0.419,               
                    train/accept_len=2.688, train/full_acc=0.452,               
                    train/position_1_acc=0.762,                                 
                    train/position_2_acc=0.519,                                 
                    train/position_3_acc=0.455,                                 
                    train/position_4_acc=0.405,                                 
                    train/position_5_acc=0.382,                                 
                    train/position_6_acc=0.325,                                 
                    train/position_7_acc=0.315,                                 
                    profile/fetch_ms=3.272,                                     
                    profile/fwd_ms=91.037, profile/bwd_ms=93.287,               
                    profile/opt_ms=0.057,                                       
                    profile/step_ms=187.654,                                    
                    profile/tokens_per_s=1.76e+04,                              
                    profile/fetch_frac=0.017, epoch=0,                          
                    lr/Muon=0.006, lr/AdamW=5.85e-04,                           
                    global_step=1020                                            
[07:29:18] INFO     train/confidence_loss=0.229,                  trainer.py:584
                    train/confidence_abs_error=0.127,                           
                    train/confidence_pred_mean=0.272,                           
                    train/confidence_cumprod_bias=-0.047,                       
                    train/loss=0.209, train/ce_loss=0.438,                      
                    train/tv_loss=0.083, train/accept_rate=0.534,               
                    train/accept_len=3.465, train/full_acc=0.571,               
                    train/position_1_acc=0.874,                                 
                    train/position_2_acc=0.703,                                 
                    train/position_3_acc=0.592,                                 
                    train/position_4_acc=0.541,                                 
                    train/position_5_acc=0.462,                                 
                    train/position_6_acc=0.421,                                 
                    train/position_7_acc=0.400,                                 
                    profile/fetch_ms=67.347,                                    
                    profile/fwd_ms=89.839,                                      
                    profile/bwd_ms=131.710,                                     
                    profile/opt_ms=242.873,                                     
                    profile/step_ms=531.769,                                    
                    profile/tokens_per_s=6.96e+03,                              
                    profile/fetch_frac=0.127, epoch=0,                          
                    lr/Muon=0.006, lr/AdamW=5.84e-04,                           
                    global_step=1040                                            
[07:29:34] INFO     train/confidence_loss=0.254,                  trainer.py:584
                    train/confidence_abs_error=0.134,                           
                    train/confidence_pred_mean=0.272,                           
                    train/confidence_cumprod_bias=0.001,                        
                    train/loss=0.236, train/ce_loss=0.519,                      
                    train/tv_loss=0.092, train/accept_rate=0.502,               
                    train/accept_len=3.058, train/full_acc=0.534,               
                    train/position_1_acc=0.815,                                 
                    train/position_2_acc=0.636,                                 
                    train/position_3_acc=0.534,                                 
                    train/position_4_acc=0.453,                                 
                    train/position_5_acc=0.430,                                 
                    train/position_6_acc=0.439,                                 
                    train/position_7_acc=0.429,                                 
                    profile/fetch_ms=64.483,                                    
                    profile/fwd_ms=1.46e+03,                                    
                    profile/bwd_ms=93.186, profile/opt_ms=0.062,                
                    profile/step_ms=1.61e+03,                                   
                    profile/tokens_per_s=2.38e+03,                              
                    profile/fetch_frac=0.040, epoch=0,                          
                    lr/Muon=0.006, lr/AdamW=5.84e-04,                           
                    global_step=1060                                            
[07:29:50] INFO     train/confidence_loss=0.238,                  trainer.py:584
                    train/confidence_abs_error=0.131,                           
                    train/confidence_pred_mean=0.295,                           
                    train/confidence_cumprod_bias=0.032,                        
                    train/loss=0.244, train/ce_loss=0.597,                      
                    train/tv_loss=0.099, train/accept_rate=0.465,               
                    train/accept_len=2.964, train/full_acc=0.499,               
                    train/position_1_acc=0.784,                                 
                    train/position_2_acc=0.599,                                 
                    train/position_3_acc=0.516,                                 
                    train/position_4_acc=0.448,                                 
                    train/position_5_acc=0.406,                                 
                    train/position_6_acc=0.360,                                 
                    train/position_7_acc=0.375,                                 
                    profile/fetch_ms=29.599,                                    
                    profile/fwd_ms=95.174, profile/bwd_ms=92.010,               
                    profile/opt_ms=0.095,                                       
                    profile/step_ms=216.877,                                    
                    profile/tokens_per_s=1.81e+04,                              
                    profile/fetch_frac=0.136, epoch=0,                          
                    lr/Muon=0.006, lr/AdamW=5.83e-04,                           
                    global_step=1080                                            
[07:30:07] INFO     train/confidence_loss=0.256,                  trainer.py:584
                    train/confidence_abs_error=0.135,                           
                    train/confidence_pred_mean=0.279,                           
                    train/confidence_cumprod_bias=0.041,                        
                    train/loss=0.261, train/ce_loss=0.634,                      
                    train/tv_loss=0.106, train/accept_rate=0.433,               
                    train/accept_len=2.707, train/full_acc=0.464,               
                    train/position_1_acc=0.773,                                 
                    train/position_2_acc=0.548,                                 
                    train/position_3_acc=0.454,                                 
                    train/position_4_acc=0.418,                                 
                    train/position_5_acc=0.355,                                 
                    train/position_6_acc=0.353,                                 
                    train/position_7_acc=0.342,                                 
                    profile/fetch_ms=73.537,                                    
                    profile/fwd_ms=4.19e+03,                                    
                    profile/bwd_ms=93.949,                                      
                    profile/opt_ms=267.516,                                     
                    profile/step_ms=4.62e+03,                                   
                    profile/tokens_per_s=877.871,                               
                    profile/fetch_frac=0.016, epoch=0,                          
                    lr/Muon=0.006, lr/AdamW=5.83e-04,                           
                    global_step=1100                                            
[07:30:18] INFO     train/confidence_loss=0.244,                  trainer.py:584
                    train/confidence_abs_error=0.124,                           
                    train/confidence_pred_mean=0.225,                           
                    train/confidence_cumprod_bias=-0.027,                       
                    train/loss=0.258, train/ce_loss=0.647,                      
                    train/tv_loss=0.106, train/accept_rate=0.435,               
                    train/accept_len=2.785, train/full_acc=0.463,               
                    train/position_1_acc=0.770,                                 
                    train/position_2_acc=0.548,                                 
                    train/position_3_acc=0.463,                                 
                    train/position_4_acc=0.401,                                 
                    train/position_5_acc=0.376,                                 
                    train/position_6_acc=0.347,                                 
                    train/position_7_acc=0.329,                                 
                    profile/fetch_ms=73.544,                                    
                    profile/fwd_ms=90.990,                                      
                    profile/bwd_ms=102.285, profile/opt_ms=0.085,               
                    profile/step_ms=266.903,                                    
                    profile/tokens_per_s=1.47e+04,                              
                    profile/fetch_frac=0.276, epoch=0,                          
                    lr/Muon=0.006, lr/AdamW=5.83e-04,                           
                    global_step=1120                                            
[07:30:34] INFO     train/confidence_loss=0.242,                  trainer.py:584
                    train/confidence_abs_error=0.128,                           
                    train/confidence_pred_mean=0.257,                           
                    train/confidence_cumprod_bias=4.48e-04,                     
                    train/loss=0.253, train/ce_loss=0.622,                      
                    train/tv_loss=0.105, train/accept_rate=0.439,               
                    train/accept_len=2.829, train/full_acc=0.474,               
                    train/position_1_acc=0.765,                                 
                    train/position_2_acc=0.564,                                 
                    train/position_3_acc=0.466,                                 
                    train/position_4_acc=0.426,                                 
                    train/position_5_acc=0.386,                                 
                    train/position_6_acc=0.367,                                 
                    train/position_7_acc=0.344,                                 
                    profile/fetch_ms=3.229,                                     
                    profile/fwd_ms=1.95e+03,                                    
                    profile/bwd_ms=91.854, profile/opt_ms=0.057,                
                    profile/step_ms=2.05e+03,                                   
                    profile/tokens_per_s=1.99e+03,                              
                    profile/fetch_frac=0.002, epoch=0,                          
                    lr/Muon=0.006, lr/AdamW=5.82e-04,                           
                    global_step=1140                                            
[07:30:48] INFO     train/confidence_loss=0.252,                  trainer.py:584
                    train/confidence_abs_error=0.137,                           
                    train/confidence_pred_mean=0.295,                           
                    train/confidence_cumprod_bias=0.018,                        
                    train/loss=0.244, train/ce_loss=0.547,                      
                    train/tv_loss=0.099, train/accept_rate=0.462,               
                    train/accept_len=2.933, train/full_acc=0.499,               
                    train/position_1_acc=0.819,                                 
                    train/position_2_acc=0.606,                                 
                    train/position_3_acc=0.481,                                 
                    train/position_4_acc=0.445,                                 
                    train/position_5_acc=0.418,                                 
                    train/position_6_acc=0.383,                                 
                    train/position_7_acc=0.341,                                 
                    profile/fetch_ms=117.533,                                   
                    profile/fwd_ms=106.830,                                     
                    profile/bwd_ms=92.595,                                      
                    profile/opt_ms=338.556,                                     
                    profile/step_ms=655.514,                                    
                    profile/tokens_per_s=5.87e+03,                              
                    profile/fetch_frac=0.179, epoch=0,                          
                    lr/Muon=0.006, lr/AdamW=5.82e-04,                           
                    global_step=1160                                            
[07:31:04] INFO     train/confidence_loss=0.234,                  trainer.py:584
                    train/confidence_abs_error=0.124,                           
                    train/confidence_pred_mean=0.257,                           
                    train/confidence_cumprod_bias=-0.014,                       
                    train/loss=0.237, train/ce_loss=0.562,                      
                    train/tv_loss=0.097, train/accept_rate=0.476,               
                    train/accept_len=3.029, train/full_acc=0.507,               
                    train/position_1_acc=0.789,                                 
                    train/position_2_acc=0.593,                                 
                    train/position_3_acc=0.492,                                 
                    train/position_4_acc=0.456,                                 
                    train/position_5_acc=0.438,                                 
                    train/position_6_acc=0.409,                                 
                    train/position_7_acc=0.370,                                 
                    profile/fetch_ms=104.463,                                   
                    profile/fwd_ms=94.835, profile/bwd_ms=89.275,               
                    profile/opt_ms=0.073,                                       
                    profile/step_ms=288.647,                                    
                    profile/tokens_per_s=1.35e+04,                              
                    profile/fetch_frac=0.362, epoch=0,                          
                    lr/Muon=0.006, lr/AdamW=5.81e-04,                           
                    global_step=1180                                            
[07:31:20] INFO     DL_MAX_STEPS=1200 reached (local_step=1201);  trainer.py:484
                    stopping epoch early.                                       
Epoch 0   4% ╸                      1,200/28,909  [ 0:15:16 < 5:55:01 , 1 it/s ]
           INFO     Training epoch 1/1 completed                  trainer.py:736
           INFO     DL_MAX_STEPS reached — exiting after this     trainer.py:739
                    epoch (skipping checkpoint/validation).                     
[07:31:22] INFO     Destroyed distributed process group       distributed.py:182
[07:31:22] INFO     Destroyed distributed process group       distributed.py:182
[07:31:22] INFO     Destroyed distributed process group       distributed.py:182
[07:31:22] INFO     Destroyed distributed process group       distributed.py:182
